# FIX-VII-GATE profile basis element 3, p=199
# G-equivariant degree-34 covariant tuple T: P(W) -> P(W)
# format: <component 0..4> <e0 e1 e2 e3 e4> <coefficient>
0 34 0 0 0 0 156
0 32 1 1 0 0 106
0 31 0 1 0 2 118
0 30 2 2 0 0 24
0 30 2 0 1 1 138
0 30 0 3 1 0 87
0 30 0 1 2 1 141
0 29 2 0 3 0 37
0 29 1 2 0 2 96
0 29 1 0 1 3 36
0 29 0 1 4 0 196
0 28 5 0 0 1 172
0 28 3 3 0 0 22
0 28 3 1 1 1 160
0 28 1 4 1 0 15
0 28 1 2 2 1 73
0 28 1 0 3 2 162
0 28 0 2 0 4 133
0 28 0 0 1 5 54
0 27 5 0 2 0 108
0 27 4 0 0 3 198
0 27 3 1 3 0 52
0 27 2 3 0 2 86
0 27 2 1 1 3 180
0 27 1 2 4 0 3
0 27 1 0 5 1 77
0 27 0 6 0 1 40
0 27 0 4 1 2 140
0 27 0 2 2 3 75
0 27 0 0 3 4 26
0 26 6 1 0 1 130
0 26 4 4 0 0 63
0 26 4 2 1 1 162
0 26 4 0 2 2 40
0 26 3 0 0 5 41
0 26 2 5 1 0 48
0 26 2 3 2 1 36
0 26 2 1 3 2 80
0 26 1 3 0 4 109
0 26 1 1 1 5 30
0 26 1 0 7 0 19
0 26 0 6 2 0 63
0 26 0 4 3 1 106
0 26 0 2 4 2 176
0 26 0 0 5 3 92
0 25 6 1 2 0 89
0 25 5 1 0 3 75
0 25 4 2 3 0 64
0 25 4 0 4 1 75
0 25 3 4 0 2 41
0 25 3 2 1 3 46
0 25 3 0 2 4 39
0 25 2 3 4 0 152
0 25 2 1 5 1 56
0 25 2 0 0 7 126
0 25 1 7 0 1 178
0 25 1 5 1 2 94
0 25 1 3 2 3 196
0 25 1 1 3 4 104
0 25 0 4 5 0 81
0 25 0 3 0 6 158
0 25 0 2 6 1 16
0 25 0 1 1 7 155
0 25 0 0 7 2 144
0 24 7 2 0 1 191
0 24 7 0 1 2 34
0 24 5 5 0 0 56
0 24 5 3 1 1 49
0 24 5 1 2 2 93
0 24 4 1 0 5 125
0 24 4 0 6 0 193
0 24 3 6 1 0 51
0 24 3 4 2 1 128
0 24 3 2 3 2 168
0 24 3 0 4 3 128
0 24 2 4 0 4 22
0 24 2 2 1 5 187
0 24 2 1 7 0 118
0 24 2 0 2 6 36
0 24 1 7 2 0 135
0 24 1 5 3 1 48
0 24 1 3 4 2 139
0 24 1 1 5 3 192
0 24 1 0 0 9 75
0 24 0 7 0 3 88
0 24 0 5 1 4 23
0 24 0 3 2 5 12
0 24 0 2 8 0 50
0 24 0 1 3 6 25
0 24 0 0 9 1 119
0 23 11 0 0 0 89
0 23 9 1 1 0 179
0 23 7 2 2 0 182
0 23 7 0 3 1 95
0 23 6 2 0 3 103
0 23 6 0 1 4 175
0 23 5 3 3 0 38
0 23 5 1 4 1 104
0 23 4 5 0 2 35
0 23 4 3 1 3 192
0 23 4 1 2 4 132
0 23 3 4 4 0 161
0 23 3 2 5 1 91
0 23 3 1 0 7 112
0 23 3 0 6 2 14
0 23 2 8 0 1 42
0 23 2 6 1 2 163
0 23 2 4 2 3 23
0 23 2 2 3 4 193
0 23 2 0 4 5 119
0 23 1 5 5 0 85
0 23 1 4 0 6 121
0 23 1 3 6 1 186
0 23 1 2 1 7 173
0 23 1 1 7 2 122
0 23 1 0 2 8 6
0 23 0 11 0 0 170
0 23 0 9 1 1 91
0 23 0 7 2 2 104
0 23 0 5 3 3 169
0 23 0 3 4 4 68
0 23 0 1 5 5 181
0 23 0 0 11 0 122
0 23 0 0 0 11 194
0 22 10 0 0 2 115
0 22 8 3 0 1 136
0 22 8 1 1 2 119
0 22 7 0 5 0 98
0 22 6 6 0 0 176
0 22 6 4 1 1 6
0 22 6 2 2 2 188
0 22 6 0 3 3 85
0 22 5 2 0 5 120
0 22 5 1 6 0 37
0 22 5 0 1 6 91
0 22 4 7 1 0 113
0 22 4 5 2 1 25
0 22 4 3 3 2 58
0 22 4 1 4 3 109
0 22 3 5 0 4 141
0 22 3 3 1 5 3
0 22 3 2 7 0 2
0 22 3 1 2 6 124
0 22 3 0 8 1 99
0 22 2 8 2 0 43
0 22 2 6 3 1 195
0 22 2 4 4 2 41
0 22 2 2 5 3 37
0 22 2 1 0 9 137
0 22 2 0 6 4 34
0 22 1 8 0 3 191
0 22 1 6 1 4 128
0 22 1 4 2 5 125
0 22 1 3 8 0 153
0 22 1 2 3 6 4
0 22 1 1 9 1 161
0 22 1 0 4 7 169
0 22 0 9 3 0 111
0 22 0 7 4 1 68
0 22 0 5 5 2 40
0 22 0 4 0 8 27
0 22 0 3 6 3 25
0 22 0 2 1 9 12
0 22 0 1 7 4 97
0 22 0 0 2 10 171
0 21 12 1 0 0 5
0 21 10 2 1 0 124
0 21 10 0 2 1 92
0 21 9 0 0 4 5
0 21 8 3 2 0 150
0 21 8 1 3 1 3
0 21 7 3 0 3 163
0 21 7 1 1 4 1
0 21 6 4 3 0 115
0 21 6 2 4 1 190
0 21 6 0 5 2 1
0 21 5 6 0 2 178
0 21 5 4 1 3 84
0 21 5 2 2 4 78
0 21 5 0 3 5 152
0 21 4 5 4 0 110
0 21 4 3 5 1 96
0 21 4 2 0 7 87
0 21 4 1 6 2 98
0 21 4 0 1 8 59
0 21 3 9 0 1 120
0 21 3 7 1 2 182
0 21 3 5 2 3 42
0 21 3 3 3 4 19
0 21 3 1 4 5 1
0 21 3 0 10 0 177
0 21 2 6 5 0 82
0 21 2 5 0 6 155
0 21 2 4 6 1 33
0 21 2 3 1 7 167
0 21 2 2 7 2 42
0 21 2 1 2 8 24
0 21 2 0 8 3 175
0 21 1 12 0 0 21
0 21 1 10 1 1 35
0 21 1 8 2 2 1
0 21 1 6 3 3 122
0 21 1 4 4 4 84
0 21 1 2 5 5 75
0 21 1 1 11 0 189
0 21 1 1 0 11 194
0 21 1 0 6 6 146
0 21 0 8 0 5 136
0 21 0 7 6 0 21
0 21 0 6 1 6 114
0 21 0 5 7 1 97
0 21 0 4 2 7 142
0 21 0 3 8 2 39
0 21 0 2 3 8 186
0 21 0 1 9 3 11
0 21 0 0 4 9 35
0 20 11 1 0 2 19
0 20 10 0 4 0 195
0 20 9 4 0 1 178
0 20 9 2 1 2 49
0 20 9 0 2 3 130
0 20 8 1 5 0 33
0 20 8 0 0 6 84
0 20 7 7 0 0 104
0 20 7 5 1 1 98
0 20 7 3 2 2 1
0 20 7 1 3 3 85
0 20 6 3 0 5 151
0 20 6 2 6 0 36
0 20 6 1 1 6 186
0 20 6 0 7 1 159
0 20 5 8 1 0 133
0 20 5 6 2 1 139
0 20 5 4 3 2 129
0 20 5 2 4 3 91
0 20 5 0 5 4 96
0 20 4 6 0 4 67
0 20 4 4 1 5 90
0 20 4 3 7 0 152
0 20 4 2 2 6 51
0 20 4 1 8 1 44
0 20 4 0 3 7 129
0 20 3 9 2 0 66
0 20 3 7 3 1 176
0 20 3 5 4 2 145
0 20 3 3 5 3 160
0 20 3 2 0 9 23
0 20 3 1 6 4 103
0 20 3 0 1 10 129
0 20 2 9 0 3 80
0 20 2 7 1 4 81
0 20 2 5 2 5 165
0 20 2 4 8 0 3
0 20 2 3 3 6 34
0 20 2 2 9 1 155
0 20 2 1 4 7 124
0 20 2 0 10 2 98
0 20 1 10 3 0 81
0 20 1 8 4 1 151
0 20 1 6 5 2 117
0 20 1 5 0 8 47
0 20 1 4 6 3 128
0 20 1 3 1 9 181
0 20 1 2 7 4 46
0 20 1 0 8 5 46
0 20 0 12 0 2 133
0 20 0 10 1 3 170
0 20 0 8 2 4 162
0 20 0 6 3 5 23
0 20 0 5 9 0 138
0 20 0 4 4 6 9
0 20 0 3 10 1 196
0 20 0 2 5 7 27
0 20 0 1 11 2 138
0 20 0 1 0 13 27
0 20 0 0 6 8 141
0 19 13 2 0 0 176
0 19 13 0 1 1 110
0 19 11 3 1 0 129
0 19 11 1 2 1 60
0 19 10 1 0 4 165
0 19 9 4 2 0 135
0 19 9 2 3 1 109
0 19 9 0 4 2 13
0 19 8 4 0 3 34
0 19 8 2 1 4 177
0 19 8 0 2 5 19
0 19 7 5 3 0 144
0 19 7 3 4 1 196
0 19 7 1 5 2 64
0 19 7 0 0 8 73
0 19 6 7 0 2 187
0 19 6 5 1 3 140
0 19 6 3 2 4 27
0 19 6 1 3 5 186
0 19 6 0 9 0 96
0 19 5 6 4 0 193
0 19 5 4 5 1 196
0 19 5 3 0 7 153
0 19 5 2 6 2 52
0 19 5 1 1 8 139
0 19 5 0 7 3 88
0 19 4 10 0 1 20
0 19 4 8 1 2 197
0 19 4 6 2 3 106
0 19 4 4 3 4 14
0 19 4 2 4 5 90
0 19 4 1 10 0 13
0 19 4 0 5 6 23
0 19 3 7 5 0 142
0 19 3 6 0 6 7
0 19 3 5 6 1 29
0 19 3 4 1 7 83
0 19 3 3 7 2 81
0 19 3 2 2 8 33
0 19 3 1 8 3 158
0 19 3 0 3 9 188
0 19 2 13 0 0 161
0 19 2 11 1 1 74
0 19 2 9 2 2 111
0 19 2 7 3 3 187
0 19 2 5 4 4 65
0 19 2 3 5 5 43
0 19 2 2 11 0 163
0 19 2 2 0 11 31
0 19 2 1 6 6 34
0 19 2 0 12 1 55
0 19 2 0 1 12 57
0 19 1 9 0 5 1
0 19 1 8 6 0 47
0 19 1 7 1 6 39
0 19 1 6 7 1 134
0 19 1 5 2 7 144
0 19 1 4 8 2 92
0 19 1 3 3 8 150
0 19 1 2 9 3 94
0 19 1 1 4 9 157
0 19 1 0 10 4 41
0 19 0 14 1 0 115
0 19 0 12 2 1 18
0 19 0 10 3 2 190
0 19 0 8 4 3 93
0 19 0 6 5 4 6
0 19 0 5 0 10 26
0 19 0 4 6 5 137
0 19 0 3 12 0 14
0 19 0 3 1 11 13
0 19 0 2 7 6 175
0 19 0 1 13 1 198
0 19 0 1 2 12 9
0 19 0 0 8 7 24
0 18 13 0 3 0 100
0 18 12 2 0 2 160
0 18 12 0 1 3 25
0 18 11 1 4 0 4
0 18 10 5 0 1 16
0 18 10 3 1 2 51
0 18 10 1 2 3 45
0 18 9 2 5 0 89
0 18 9 1 0 6 36
0 18 9 0 6 1 26
0 18 8 8 0 0 17
0 18 8 6 1 1 29
0 18 8 4 2 2 189
0 18 8 2 3 3 4
0 18 8 0 4 4 159
0 18 7 4 0 5 38
0 18 7 3 6 0 37
0 18 7 2 1 6 104
0 18 7 1 7 1 195
0 18 7 0 2 7 137
0 18 6 9 1 0 117
0 18 6 7 2 1 174
0 18 6 5 3 2 187
0 18 6 3 4 3 110
0 18 6 1 5 4 20
0 18 6 0 0 10 5
0 18 5 7 0 4 121
0 18 5 5 1 5 1
0 18 5 4 7 0 111
0 18 5 3 2 6 189
0 18 5 2 8 1 128
0 18 5 1 3 7 176
0 18 5 0 9 2 97
0 18 4 10 2 0 91
0 18 4 8 3 1 189
0 18 4 6 4 2 165
0 18 4 4 5 3 120
0 18 4 3 0 9 77
0 18 4 2 6 4 170
0 18 4 1 1 10 172
0 18 4 0 7 5 150
0 18 3 10 0 3 37
0 18 3 8 1 4 134
0 18 3 6 2 5 67
0 18 3 5 8 0 64
0 18 3 4 3 6 108
0 18 3 3 9 1 149
0 18 3 2 4 7 99
0 18 3 1 10 2 63
0 18 3 0 5 8 194
0 18 2 11 3 0 174
0 18 2 9 4 1 51
0 18 2 7 5 2 155
0 18 2 6 0 8 85
0 18 2 5 6 3 192
0 18 2 4 1 9 67
0 18 2 3 7 4 47
0 18 2 2 2 10 67
0 18 2 1 8 5 22
0 18 2 0 14 0 34
0 18 2 0 3 11 75
0 18 1 13 0 2 109
0 18 1 11 1 3 4
0 18 1 9 2 4 112
0 18 1 7 3 5 164
0 18 1 6 9 0 152
0 18 1 5 4 6 185
0 18 1 4 10 1 42
0 18 1 3 5 7 130
0 18 1 2 11 2 104
0 18 1 2 0 13 190
0 18 1 1 6 8 184
0 18 1 0 12 3 182
0 18 1 0 1 14 189
0 18 0 12 4 0 98
0 18 0 10 5 1 164
0 18 0 9 0 7 137
0 18 0 8 6 2 92
0 18 0 7 1 8 8
0 18 0 6 7 3 160
0 18 0 5 2 9 120
0 18 0 4 8 4 192
0 18 0 3 3 10 40
0 18 0 2 9 5 113
0 18 0 1 15 0 22
0 18 0 1 4 11 195
0 18 0 0 10 6 5
0 17 16 0 0 1 120
0 17 14 3 0 0 58
0 17 14 1 1 1 89
0 17 12 4 1 0 42
0 17 12 2 2 1 76
0 17 12 0 3 2 174
0 17 11 2 0 4 100
0 17 11 0 1 5 31
0 17 10 5 2 0 60
0 17 10 3 3 1 63
0 17 10 1 4 2 134
0 17 9 5 0 3 149
0 17 9 3 1 4 7
0 17 9 1 2 5 133
0 17 9 0 8 0 90
0 17 8 6 3 0 139
0 17 8 4 4 1 155
0 17 8 2 5 2 156
0 17 8 1 0 8 44
0 17 8 0 6 3 53
0 17 7 8 0 2 95
0 17 7 6 1 3 182
0 17 7 4 2 4 116
0 17 7 2 3 5 193
0 17 7 1 9 0 13
0 17 7 0 4 6 52
0 17 6 7 4 0 84
0 17 6 5 5 1 52
0 17 6 4 0 7 73
0 17 6 3 6 2 42
0 17 6 2 1 8 83
0 17 6 1 7 3 188
0 17 6 0 2 9 184
0 17 5 11 0 1 45
0 17 5 9 1 2 108
0 17 5 7 2 3 17
0 17 5 5 3 4 46
0 17 5 3 4 5 16
0 17 5 2 10 0 175
0 17 5 1 5 6 18
0 17 5 0 11 1 52
0 17 5 0 0 12 198
0 17 4 8 5 0 12
0 17 4 7 0 6 176
0 17 4 6 6 1 85
0 17 4 5 1 7 123
0 17 4 4 7 2 68
0 17 4 3 2 8 121
0 17 4 2 8 3 158
0 17 4 1 3 9 125
0 17 4 0 9 4 28
0 17 3 14 0 0 188
0 17 3 12 1 1 3
0 17 3 10 2 2 127
0 17 3 8 3 3 188
0 17 3 6 4 4 170
0 17 3 4 5 5 43
0 17 3 3 11 0 164
0 17 3 3 0 11 126
0 17 3 2 6 6 77
0 17 3 1 12 1 184
0 17 3 1 1 12 86
0 17 3 0 7 7 88
0 17 2 10 0 5 69
0 17 2 9 6 0 163
0 17 2 8 1 6 177
0 17 2 7 7 1 19
0 17 2 6 2 7 177
0 17 2 5 8 2 132
0 17 2 4 3 8 137
0 17 2 3 9 3 16
0 17 2 2 4 9 133
0 17 2 1 10 4 143
0 17 2 0 5 10 54
0 17 1 15 1 0 21
0 17 1 13 2 1 172
0 17 1 11 3 2 16
0 17 1 9 4 3 183
0 17 1 7 5 4 163
0 17 1 6 0 10 77
0 17 1 5 6 5 74
0 17 1 4 12 0 151
0 17 1 4 1 11 12
0 17 1 3 7 6 74
0 17 1 2 13 1 12
0 17 1 2 2 12 50
0 17 1 1 8 7 168
0 17 1 0 14 2 156
0 17 1 0 3 13 149
0 17 0 13 0 4 159
0 17 0 11 1 5 100
0 17 0 10 7 0 96
0 17 0 9 2 6 168
0 17 0 8 8 1 17
0 17 0 7 3 7 50
0 17 0 6 9 2 148
0 17 0 5 4 8 41
0 17 0 4 10 3 191
0 17 0 3 5 9 29
0 17 0 2 11 4 88
0 17 0 2 0 15 24
0 17 0 1 6 10 67
0 17 0 0 12 5 135
0 17 0 0 1 16 41
0 16 16 0 2 0 196
0 16 15 0 0 3 40
0 16 14 1 3 0 95
0 16 13 3 0 2 125
0 16 13 1 1 3 18
0 16 12 2 4 0 16
0 16 12 0 5 1 52
0 16 11 6 0 1 68
0 16 11 4 1 2 146
0 16 11 2 2 3 25
0 16 11 0 3 4 68
0 16 10 3 5 0 190
0 16 10 2 0 6 164
0 16 10 1 6 1 116
0 16 10 0 1 7 6
0 16 9 9 0 0 111
0 16 9 7 1 1 67
0 16 9 5 2 2 42
0 16 9 3 3 3 72
0 16 9 1 4 4 123
0 16 8 5 0 5 108
0 16 8 4 6 0 104
0 16 8 3 1 6 150
0 16 8 2 7 1 175
0 16 8 1 2 7 90
0 16 8 0 8 2 177
0 16 7 10 1 0 155
0 16 7 8 2 1 175
0 16 7 6 3 2 118
0 16 7 4 4 3 40
0 16 7 2 5 4 147
0 16 7 1 0 10 52
0 16 7 0 6 5 124
0 16 6 8 0 4 3
0 16 6 6 1 5 170
0 16 6 5 7 0 198
0 16 6 4 2 6 62
0 16 6 3 8 1 135
0 16 6 2 3 7 92
0 16 6 1 9 2 37
0 16 6 0 4 8 144
0 16 5 11 2 0 140
0 16 5 9 3 1 177
0 16 5 7 4 2 54
0 16 5 5 5 3 192
0 16 5 4 0 9 13
0 16 5 3 6 4 81
0 16 5 2 1 10 119
0 16 5 1 7 5 145
0 16 5 0 13 0 29
0 16 5 0 2 11 181
0 16 4 11 0 3 45
0 16 4 9 1 4 1
0 16 4 7 2 5 44
0 16 4 6 8 0 19
0 16 4 5 3 6 193
0 16 4 4 9 1 101
0 16 4 3 4 7 102
0 16 4 2 10 2 109
0 16 4 1 5 8 153
0 16 4 0 11 3 80
0 16 4 0 0 14 142
0 16 3 12 3 0 103
0 16 3 10 4 1 6
0 16 3 8 5 2 191
0 16 3 7 0 8 129
0 16 3 6 6 3 15
0 16 3 5 1 9 183
0 16 3 4 7 4 10
0 16 3 3 2 10 29
0 16 3 2 8 5 68
0 16 3 1 14 0 139
0 16 3 1 3 11 139
0 16 3 0 9 6 123
0 16 2 14 0 2 35
0 16 2 12 1 3 24
0 16 2 10 2 4 34
0 16 2 8 3 5 58
0 16 2 7 9 0 123
0 16 2 6 4 6 25
0 16 2 5 10 1 136
0 16 2 4 5 7 78
0 16 2 3 11 2 126
0 16 2 3 0 13 98
0 16 2 2 6 8 117
0 16 2 1 12 3 80
0 16 2 1 1 14 53
0 16 2 0 7 9 6
0 16 1 13 4 0 102
0 16 1 11 5 1 154
0 16 1 10 0 7 123
0 16 1 9 6 2 121
0 16 1 8 1 8 149
0 16 1 7 7 3 128
0 16 1 6 2 9 50
0 16 1 5 8 4 122
0 16 1 4 3 10 149
0 16 1 3 9 5 81
0 16 1 2 15 0 127
0 16 1 2 4 11 187
0 16 1 1 10 6 149
0 16 1 0 16 1 76
0 16 1 0 5 12 75
0 16 0 17 0 1 80
0 16 0 15 1 2 90
0 16 0 13 2 3 165
0 16 0 11 3 4 12
0 16 0 9 4 5 158
0 16 0 8 10 0 37
0 16 0 7 5 6 79
0 16 0 6 11 1 58
0 16 0 6 0 12 149
0 16 0 5 6 7 81
0 16 0 4 12 2 105
0 16 0 4 1 13 17
0 16 0 3 7 8 45
0 16 0 2 13 3 6
0 16 0 2 2 14 40
0 16 0 1 8 9 90
0 16 0 0 14 4 33
0 16 0 0 3 15 69
0 15 17 1 0 1 198
0 15 15 4 0 0 83
0 15 15 2 1 1 61
0 15 15 0 2 2 76
0 15 14 0 0 5 110
0 15 13 5 1 0 141
0 15 13 3 2 1 192
0 15 13 1 3 2 84
0 15 12 3 0 4 43
0 15 12 1 1 5 189
0 15 12 0 7 0 48
0 15 11 6 2 0 107
0 15 11 4 3 1 35
0 15 11 2 4 2 64
0 15 11 0 5 3 5
0 15 10 6 0 3 189
0 15 10 4 1 4 75
0 15 10 2 2 5 42
0 15 10 1 8 0 44
0 15 10 0 3 6 17
0 15 9 7 3 0 92
0 15 9 5 4 1 112
0 15 9 3 5 2 149
0 15 9 2 0 8 19
0 15 9 1 6 3 178
0 15 9 0 1 9 2
0 15 8 9 0 2 77
0 15 8 7 1 3 86
0 15 8 5 2 4 196
0 15 8 3 3 5 186
0 15 8 2 9 0 167
0 15 8 1 4 6 1
0 15 8 0 10 1 86
0 15 7 8 4 0 118
0 15 7 6 5 1 112
0 15 7 5 0 7 191
0 15 7 4 6 2 97
0 15 7 3 1 8 84
0 15 7 2 7 3 75
0 15 7 1 2 9 120
0 15 7 0 8 4 187
0 15 6 12 0 1 148
0 15 6 10 1 2 68
0 15 6 8 2 3 25
0 15 6 6 3 4 3
0 15 6 4 4 5 107
0 15 6 3 10 0 117
0 15 6 2 5 6 167
0 15 6 1 11 1 30
0 15 6 1 0 12 83
0 15 6 0 6 7 76
0 15 5 9 5 0 183
0 15 5 8 0 6 107
0 15 5 7 6 1 189
0 15 5 6 1 7 133
0 15 5 5 7 2 58
0 15 5 4 2 8 104
0 15 5 3 8 3 198
0 15 5 2 3 9 183
0 15 5 0 4 10 157
0 15 4 15 0 0 110
0 15 4 13 1 1 54
0 15 4 11 2 2 133
0 15 4 9 3 3 118
0 15 4 7 4 4 26
0 15 4 5 5 5 92
0 15 4 4 11 0 40
0 15 4 4 0 11 177
0 15 4 3 6 6 43
0 15 4 2 12 1 82
0 15 4 2 1 12 83
0 15 4 1 7 7 53
0 15 4 0 13 2 48
0 15 4 0 2 13 35
0 15 3 11 0 5 60
0 15 3 10 6 0 162
0 15 3 9 1 6 143
0 15 3 8 7 1 24
0 15 3 7 2 7 10
0 15 3 6 8 2 137
0 15 3 5 3 8 191
0 15 3 4 9 3 134
0 15 3 3 4 9 114
0 15 3 2 10 4 67
0 15 3 1 5 10 187
0 15 3 0 11 5 126
0 15 3 0 0 16 66
0 15 2 16 1 0 77
0 15 2 14 2 1 7
0 15 2 12 3 2 132
0 15 2 10 4 3 35
0 15 2 8 5 4 129
0 15 2 7 0 10 151
0 15 2 6 6 5 73
0 15 2 5 12 0 113
0 15 2 5 1 11 27
0 15 2 4 7 6 76
0 15 2 3 13 1 27
0 15 2 3 2 12 127
0 15 2 2 8 7 43
0 15 2 1 14 2 163
0 15 2 1 3 13 168
0 15 2 0 9 8 188
0 15 1 14 0 4 100
0 15 1 12 1 5 54
0 15 1 11 7 0 2
0 15 1 10 2 6 68
0 15 1 9 8 1 38
0 15 1 8 3 7 113
0 15 1 7 9 2 43
0 15 1 6 4 8 159
0 15 1 5 10 3 69
0 15 1 4 5 9 81
0 15 1 3 11 4 65
0 15 1 3 0 15 75
0 15 1 2 6 10 13
0 15 1 1 12 5 88
0 15 1 1 1 16 182
0 15 1 0 18 0 4
0 15 1 0 7 11 32
0 15 0 17 2 0 194
0 15 0 15 3 1 176
0 15 0 13 4 2 143
0 15 0 11 5 3 179
0 15 0 10 0 9 94
0 15 0 9 6 4 32
0 15 0 8 1 10 115
0 15 0 7 7 5 187
0 15 0 6 13 0 192
0 15 0 6 2 11 87
0 15 0 5 8 6 102
0 15 0 4 14 1 98
0 15 0 4 3 12 62
0 15 0 3 9 7 170
0 15 0 2 15 2 18
0 15 0 2 4 13 11
0 15 0 1 10 8 176
0 15 0 0 16 3 187
0 15 0 0 5 14 12
0 14 19 0 1 0 88
0 14 17 1 2 0 67
0 14 16 1 0 3 93
0 14 15 2 3 0 12
0 14 15 0 4 1 111
0 14 14 4 0 2 49
0 14 14 2 1 3 61
0 14 14 0 2 4 149
0 14 13 3 4 0 128
0 14 13 1 5 1 16
0 14 13 0 0 7 31
0 14 12 7 0 1 29
0 14 12 5 1 2 150
0 14 12 3 2 3 56
0 14 12 1 3 4 27
0 14 11 4 5 0 136
0 14 11 3 0 6 125
0 14 11 2 6 1 141
0 14 11 1 1 7 63
0 14 11 0 7 2 128
0 14 10 10 0 0 35
0 14 10 8 1 1 73
0 14 10 6 2 2 186
0 14 10 4 3 3 86
0 14 10 2 4 4 166
0 14 10 0 5 5 107
0 14 9 6 0 5 119
0 14 9 5 6 0 140
0 14 9 4 1 6 112
0 14 9 3 7 1 87
0 14 9 2 2 7 98
0 14 9 1 8 2 140
0 14 9 0 3 8 156
0 14 8 11 1 0 71
0 14 8 9 2 1 14
0 14 8 7 3 2 88
0 14 8 5 4 3 77
0 14 8 3 5 4 197
0 14 8 2 0 10 34
0 14 8 1 6 5 131
0 14 8 0 12 0 27
0 14 8 0 1 11 182
0 14 7 9 0 4 10
0 14 7 7 1 5 144
0 14 7 6 7 0 178
0 14 7 5 2 6 155
0 14 7 4 8 1 71
0 14 7 3 3 7 44
0 14 7 2 9 2 177
0 14 7 1 4 8 86
0 14 7 0 10 3 65
0 14 6 12 2 0 112
0 14 6 10 3 1 56
0 14 6 8 4 2 92
0 14 6 6 5 3 37
0 14 6 5 0 9 109
0 14 6 4 6 4 178
0 14 6 3 1 10 180
0 14 6 2 7 5 7
0 14 6 1 13 0 71
0 14 6 1 2 11 150
0 14 6 0 8 6 164
0 14 5 12 0 3 89
0 14 5 10 1 4 194
0 14 5 8 2 5 4
0 14 5 7 8 0 100
0 14 5 6 3 6 182
0 14 5 5 9 1 162
0 14 5 4 4 7 31
0 14 5 3 10 2 48
0 14 5 2 5 8 188
0 14 5 1 11 3 95
0 14 5 1 0 14 171
0 14 5 0 6 9 159
0 14 4 13 3 0 8
0 14 4 11 4 1 143
0 14 4 9 5 2 18
0 14 4 8 0 8 150
0 14 4 7 6 3 121
0 14 4 6 1 9 43
0 14 4 5 7 4 167
0 14 4 4 2 10 3
0 14 4 3 8 5 138
0 14 4 2 14 0 124
0 14 4 2 3 11 107
0 14 4 1 9 6 190
0 14 4 0 15 1 73
0 14 4 0 4 12 131
0 14 3 15 0 2 56
0 14 3 13 1 3 179
0 14 3 11 2 4 9
0 14 3 9 3 5 179
0 14 3 8 9 0 196
0 14 3 7 4 6 125
0 14 3 6 10 1 30
0 14 3 5 5 7 149
0 14 3 4 11 2 190
0 14 3 4 0 13 129
0 14 3 3 6 8 49
0 14 3 2 12 3 16
0 14 3 2 1 14 160
0 14 3 1 7 9 60
0 14 3 0 13 4 155
0 14 3 0 2 15 178
0 14 2 14 4 0 19
0 14 2 12 5 1 19
0 14 2 11 0 7 125
0 14 2 10 6 2 100
0 14 2 9 1 8 21
0 14 2 8 7 3 154
0 14 2 7 2 9 34
0 14 2 6 8 4 108
0 14 2 5 3 10 46
0 14 2 4 9 5 163
0 14 2 3 15 0 144
0 14 2 3 4 11 97
0 14 2 2 10 6 186
0 14 2 1 16 1 147
0 14 2 1 5 12 176
0 14 2 0 11 7 67
0 14 2 0 0 18 76
0 14 1 18 0 1 119
0 14 1 16 1 2 198
0 14 1 14 2 3 79
0 14 1 12 3 4 5
0 14 1 10 4 5 169
0 14 1 9 10 0 13
0 14 1 8 5 6 26
0 14 1 7 11 1 137
0 14 1 7 0 12 39
0 14 1 6 6 7 22
0 14 1 5 12 2 104
0 14 1 5 1 13 42
0 14 1 4 7 8 20
0 14 1 3 13 3 158
0 14 1 3 2 14 83
0 14 1 2 8 9 70
0 14 1 1 14 4 128
0 14 1 1 3 15 50
0 14 1 0 9 10 182
0 14 0 15 5 0 160
0 14 0 14 0 6 164
0 14 0 13 6 1 115
0 14 0 12 1 7 87
0 14 0 11 7 2 62
0 14 0 10 2 8 142
0 14 0 9 8 3 112
0 14 0 8 3 9 121
0 14 0 7 9 4 172
0 14 0 6 4 10 180
0 14 0 5 10 5 127
0 14 0 4 16 0 122
0 14 0 4 5 11 33
0 14 0 3 11 6 145
0 14 0 3 0 17 137
0 14 0 2 17 1 130
0 14 0 2 6 12 167
0 14 0 1 12 7 3
0 14 0 1 1 18 124
0 14 0 0 18 2 66
0 14 0 0 7 13 194
0 13 18 2 0 1 151
0 13 18 0 1 2 168
0 13 16 5 0 0 24
0 13 16 3 1 1 51
0 13 16 1 2 2 182
0 13 15 1 0 5 68
0 13 15 0 6 0 83
0 13 14 6 1 0 161
0 13 14 4 2 1 13
0 13 14 2 3 2 77
0 13 14 0 4 3 185
0 13 13 4 0 4 196
0 13 13 2 1 5 46
0 13 13 1 7 0 81
0 13 13 0 2 6 4
0 13 12 7 2 0 153
0 13 12 5 3 1 157
0 13 12 3 4 2 143
0 13 12 1 5 3 3
0 13 12 0 0 9 40
0 13 11 7 0 3 138
0 13 11 5 1 4 151
0 13 11 3 2 5 181
0 13 11 2 8 0 180
0 13 11 1 3 6 148
0 13 11 0 9 1 80
0 13 10 8 3 0 106
0 13 10 6 4 1 171
0 13 10 4 5 2 19
0 13 10 3 0 8 173
0 13 10 2 6 3 167
0 13 10 1 1 9 14
0 13 10 0 7 4 29
0 13 9 10 0 2 36
0 13 9 8 1 3 165
0 13 9 6 2 4 154
0 13 9 4 3 5 63
0 13 9 3 9 0 19
0 13 9 2 4 6 90
0 13 9 1 10 1 90
0 13 9 0 5 7 13
0 13 8 9 4 0 75
0 13 8 7 5 1 98
0 13 8 6 0 7 128
0 13 8 5 6 2 198
0 13 8 4 1 8 173
0 13 8 3 7 3 100
0 13 8 2 2 9 108
0 13 8 1 8 4 126
0 13 8 0 3 10 68
0 13 7 13 0 1 23
0 13 7 11 1 2 77
0 13 7 9 2 3 186
0 13 7 7 3 4 5
0 13 7 5 4 5 77
0 13 7 4 10 0 190
0 13 7 3 5 6 172
0 13 7 2 11 1 155
0 13 7 2 0 12 14
0 13 7 1 6 7 43
0 13 7 0 12 2 13
0 13 7 0 1 13 174
0 13 6 10 5 0 66
0 13 6 9 0 6 135
0 13 6 8 6 1 25
0 13 6 7 1 7 163
0 13 6 6 7 2 117
0 13 6 5 2 8 198
0 13 6 4 8 3 71
0 13 6 3 3 9 96
0 13 6 2 9 4 178
0 13 6 1 4 10 55
0 13 6 0 10 5 131
0 13 5 16 0 0 60
0 13 5 14 1 1 118
0 13 5 12 2 2 54
0 13 5 10 3 3 35
0 13 5 8 4 4 13
0 13 5 6 5 5 148
0 13 5 5 11 0 190
0 13 5 5 0 11 110
0 13 5 4 6 6 86
0 13 5 3 12 1 74
0 13 5 3 1 12 63
0 13 5 2 7 7 30
0 13 5 1 13 2 36
0 13 5 1 2 13 156
0 13 5 0 8 8 87
0 13 4 12 0 5 107
0 13 4 11 6 0 50
0 13 4 10 1 6 108
0 13 4 9 7 1 46
0 13 4 8 2 7 143
0 13 4 7 8 2 120
0 13 4 6 3 8 4
0 13 4 5 9 3 89
0 13 4 4 4 9 83
0 13 4 3 10 4 128
0 13 4 2 5 10 6
0 13 4 1 11 5 158
0 13 4 1 0 16 29
0 13 4 0 17 0 165
0 13 4 0 6 11 41
0 13 3 17 1 0 14
0 13 3 15 2 1 139
0 13 3 13 3 2 18
0 13 3 11 4 3 63
0 13 3 9 5 4 5
0 13 3 8 0 10 89
0 13 3 7 6 5 164
0 13 3 6 12 0 39
0 13 3 6 1 11 19
0 13 3 5 7 6 144
0 13 3 4 13 1 54
0 13 3 4 2 12 143
0 13 3 3 8 7 128
0 13 3 2 14 2 187
0 13 3 2 3 13 100
0 13 3 1 9 8 153
0 13 3 0 15 3 48
0 13 3 0 4 14 105
0 13 2 15 0 4 44
0 13 2 13 1 5 30
0 13 2 12 7 0 64
0 13 2 11 2 6 91
0 13 2 10 8 1 115
0 13 2 9 3 7 78
0 13 2 8 9 2 197
0 13 2 7 4 8 92
0 13 2 6 10 3 169
0 13 2 5 5 9 98
0 13 2 4 11 4 196
0 13 2 4 0 15 17
0 13 2 3 6 10 190
0 13 2 2 12 5 109
0 13 2 2 1 16 67
0 13 2 1 18 0 17
0 13 2 1 7 11 140
0 13 2 0 13 6 134
0 13 2 0 2 17 79
0 13 1 18 2 0 126
0 13 1 16 3 1 179
0 13 1 14 4 2 31
0 13 1 12 5 3 26
0 13 1 11 0 9 167
0 13 1 10 6 4 11
0 13 1 9 1 10 44
0 13 1 8 7 5 19
0 13 1 7 13 0 172
0 13 1 7 2 11 9
0 13 1 6 8 6 80
0 13 1 5 14 1 145
0 13 1 5 3 12 69
0 13 1 4 9 7 72
0 13 1 3 15 2 14
0 13 1 3 4 13 21
0 13 1 2 10 8 43
0 13 1 1 16 3 123
0 13 1 1 5 14 66
0 13 1 0 11 9 56
0 13 1 0 0 20 8
0 13 0 18 0 3 191
0 13 0 16 1 4 66
0 13 0 14 2 5 59
0 13 0 13 8 0 138
0 13 0 12 3 6 164
0 13 0 11 9 1 163
0 13 0 10 4 7 27
0 13 0 9 10 2 63
0 13 0 8 5 8 157
0 13 0 7 11 3 63
0 13 0 7 0 14 151
0 13 0 6 6 9 92
0 13 0 5 12 4 160
0 13 0 5 1 15 32
0 13 0 4 7 10 131
0 13 0 3 13 5 33
0 13 0 3 2 16 97
0 13 0 2 19 0 17
0 13 0 2 8 11 93
0 13 0 1 14 6 57
0 13 0 1 3 17 15
0 13 0 0 20 1 8
0 13 0 0 9 12 184
0 12 22 0 0 0 112
0 12 20 1 1 0 17
0 12 18 2 2 0 66
0 12 18 0 3 1 187
0 12 17 2 0 3 67
0 12 17 0 1 4 153
0 12 16 3 3 0 90
0 12 16 1 4 1 45
0 12 15 5 0 2 78
0 12 15 3 1 3 38
0 12 15 1 2 4 111
0 12 14 4 4 0 192
0 12 14 2 5 1 71
0 12 14 1 0 7 35
0 12 14 0 6 2 84
0 12 13 8 0 1 11
0 12 13 6 1 2 125
0 12 13 4 2 3 149
0 12 13 2 3 4 115
0 12 13 0 4 5 187
0 12 12 5 5 0 145
0 12 12 4 0 6 195
0 12 12 3 6 1 111
0 12 12 2 1 7 106
0 12 12 1 7 2 172
0 12 12 0 2 8 63
0 12 11 11 0 0 67
0 12 11 9 1 1 13
0 12 11 7 2 2 125
0 12 11 5 3 3 143
0 12 11 3 4 4 15
0 12 11 1 5 5 169
0 12 11 0 11 0 189
0 12 11 0 0 11 116
0 12 10 7 0 5 63
0 12 10 6 6 0 4
0 12 10 5 1 6 148
0 12 10 4 7 1 164
0 12 10 3 2 7 123
0 12 10 2 8 2 11
0 12 10 1 3 8 57
0 12 10 0 9 3 167
0 12 9 12 1 0 192
0 12 9 10 2 1 105
0 12 9 8 3 2 36
0 12 9 6 4 3 190
0 12 9 4 5 4 103
0 12 9 3 0 10 40
0 12 9 2 6 5 50
0 12 9 1 12 0 164
0 12 9 1 1 11 101
0 12 9 0 7 6 89
0 12 8 10 0 4 80
0 12 8 8 1 5 160
0 12 8 7 7 0 180
0 12 8 6 2 6 2
0 12 8 5 8 1 131
0 12 8 4 3 7 132
0 12 8 3 9 2 22
0 12 8 2 4 8 166
0 12 8 1 10 3 162
0 12 8 0 5 9 35
0 12 7 13 2 0 63
0 12 7 11 3 1 179
0 12 7 9 4 2 72
0 12 7 7 5 3 156
0 12 7 6 0 9 194
0 12 7 5 6 4 131
0 12 7 4 1 10 11
0 12 7 3 7 5 119
0 12 7 2 13 0 33
0 12 7 2 2 11 154
0 12 7 1 8 6 133
0 12 7 0 14 1 144
0 12 7 0 3 12 82
0 12 6 13 0 3 85
0 12 6 11 1 4 77
0 12 6 9 2 5 15
0 12 6 8 8 0 166
0 12 6 7 3 6 172
0 12 6 6 9 1 167
0 12 6 5 4 7 180
0 12 6 4 10 2 72
0 12 6 3 5 8 106
0 12 6 2 11 3 196
0 12 6 2 0 14 21
0 12 6 1 6 9 13
0 12 6 0 12 4 132
0 12 6 0 1 15 71
0 12 5 14 3 0 190
0 12 5 12 4 1 166
0 12 5 10 5 2 188
0 12 5 9 0 8 174
0 12 5 8 6 3 85
0 12 5 7 1 9 51
0 12 5 6 7 4 184
0 12 5 5 2 10 57
0 12 5 4 8 5 52
0 12 5 3 14 0 154
0 12 5 3 3 11 88
0 12 5 2 9 6 123
0 12 5 1 15 1 86
0 12 5 1 4 12 42
0 12 5 0 10 7 14
0 12 4 16 0 2 111
0 12 4 14 1 3 70
0 12 4 12 2 4 178
0 12 4 10 3 5 119
0 12 4 9 9 0 49
0 12 4 8 4 6 147
0 12 4 7 10 1 50
0 12 4 6 5 7 190
0 12 4 5 11 2 173
0 12 4 5 0 13 198
0 12 4 4 6 8 61
0 12 4 3 12 3 106
0 12 4 3 1 14 125
0 12 4 2 7 9 13
0 12 4 1 13 4 116
0 12 4 1 2 15 152
0 12 4 0 8 10 87
0 12 3 15 4 0 30
0 12 3 13 5 1 99
0 12 3 12 0 7 27
0 12 3 11 6 2 43
0 12 3 10 1 8 13
0 12 3 9 7 3 82
0 12 3 8 2 9 172
0 12 3 7 8 4 91
0 12 3 6 3 10 114
0 12 3 5 9 5 93
0 12 3 4 15 0 183
0 12 3 4 4 11 140
0 12 3 3 10 6 3
0 12 3 2 16 1 35
0 12 3 2 5 12 142
0 12 3 1 11 7 54
0 12 3 1 0 18 34
0 12 3 0 17 2 60
0 12 3 0 6 13 162
0 12 2 19 0 1 80
0 12 2 17 1 2 41
0 12 2 15 2 3 54
0 12 2 13 3 4 140
0 12 2 11 4 5 103
0 12 2 10 10 0 56
0 12 2 9 5 6 195
0 12 2 8 11 1 159
0 12 2 8 0 12 127
0 12 2 7 6 7 156
0 12 2 6 12 2 153
0 12 2 6 1 13 167
0 12 2 5 7 8 55
0 12 2 4 13 3 42
0 12 2 4 2 14 32
0 12 2 3 8 9 176
0 12 2 2 14 4 180
0 12 2 2 3 15 143
0 12 2 1 9 10 79
0 12 2 0 15 5 123
0 12 2 0 4 16 118
0 12 1 16 5 0 123
0 12 1 15 0 6 75
0 12 1 14 6 1 15
0 12 1 13 1 7 175
0 12 1 12 7 2 176
0 12 1 11 2 8 69
0 12 1 10 8 3 6
0 12 1 9 3 9 48
0 12 1 8 9 4 175
0 12 1 7 4 10 78
0 12 1 6 10 5 128
0 12 1 5 16 0 105
0 12 1 5 5 11 51
0 12 1 4 11 6 53
0 12 1 4 0 17 177
0 12 1 3 17 1 112
0 12 1 3 6 12 163
0 12 1 2 12 7 124
0 12 1 2 1 18 178
0 12 1 1 18 2 29
0 12 1 1 7 13 137
0 12 1 0 13 8 135
0 12 1 0 2 19 192
0 12 0 22 0 0 117
0 12 0 20 1 1 143
0 12 0 18 2 2 148
0 12 0 16 3 3 49
0 12 0 14 4 4 195
0 12 0 12 5 5 56
0 12 0 11 11 0 30
0 12 0 11 0 11 174
0 12 0 10 6 6 26
0 12 0 9 12 1 154
0 12 0 9 1 12 178
0 12 0 8 7 7 85
0 12 0 7 13 2 120
0 12 0 7 2 13 4
0 12 0 6 8 8 91
0 12 0 5 14 3 106
0 12 0 5 3 14 106
0 12 0 4 9 9 161
0 12 0 3 15 4 154
0 12 0 3 4 15 30
0 12 0 2 10 10 28
0 12 0 1 16 5 99
0 12 0 1 5 16 30
0 12 0 0 22 0 11
0 12 0 0 11 11 90
0 12 0 0 0 22 169
0 11 21 0 0 2 91
0 11 19 3 0 1 96
0 11 19 1 1 2 196
0 11 18 0 5 0 163
0 11 17 6 0 0 83
0 11 17 4 1 1 164
0 11 17 2 2 2 129
0 11 17 0 3 3 92
0 11 16 2 0 5 64
0 11 16 1 6 0 12
0 11 16 0 1 6 140
0 11 15 7 1 0 2
0 11 15 5 2 1 3
0 11 15 3 3 2 4
0 11 15 1 4 3 130
0 11 14 5 0 4 40
0 11 14 3 1 5 27
0 11 14 2 7 0 37
0 11 14 1 2 6 182
0 11 14 0 8 1 13
0 11 13 8 2 0 170
0 11 13 6 3 1 113
0 11 13 4 4 2 177
0 11 13 2 5 3 68
0 11 13 1 0 9 7
0 11 13 0 6 4 127
0 11 12 8 0 3 183
0 11 12 6 1 4 2
0 11 12 4 2 5 42
0 11 12 3 8 0 74
0 11 12 2 3 6 51
0 11 12 1 9 1 19
0 11 12 0 4 7 33
0 11 11 9 3 0 85
0 11 11 7 4 1 43
0 11 11 5 5 2 19
0 11 11 4 0 8 154
0 11 11 3 6 3 188
0 11 11 2 1 9 83
0 11 11 1 7 4 17
0 11 11 0 2 10 135
0 11 10 11 0 2 196
0 11 10 9 1 3 127
0 11 10 7 2 4 124
0 11 10 5 3 5 159
0 11 10 4 9 0 153
0 11 10 3 4 6 158
0 11 10 2 10 1 139
0 11 10 1 5 7 5
0 11 10 0 11 2 84
0 11 10 0 0 13 41
0 11 9 10 4 0 63
0 11 9 8 5 1 18
0 11 9 7 0 7 174
0 11 9 6 6 2 176
0 11 9 5 1 8 6
0 11 9 4 7 3 94
0 11 9 3 2 9 94
0 11 9 2 8 4 151
0 11 9 1 3 10 60
0 11 9 0 9 5 82
0 11 8 14 0 1 171
0 11 8 12 1 2 150
0 11 8 10 2 3 4
0 11 8 8 3 4 187
0 11 8 6 4 5 137
0 11 8 5 10 0 60
0 11 8 4 5 6 148
0 11 8 3 11 1 165
0 11 8 3 0 12 85
0 11 8 2 6 7 107
0 11 8 1 12 2 8
0 11 8 1 1 13 43
0 11 8 0 7 8 141
0 11 7 11 5 0 12
0 11 7 10 0 6 37
0 11 7 9 6 1 125
0 11 7 8 1 7 149
0 11 7 7 7 2 174
0 11 7 6 2 8 44
0 11 7 5 8 3 163
0 11 7 4 3 9 175
0 11 7 3 9 4 85
0 11 7 2 4 10 122
0 11 7 1 10 5 109
0 11 7 0 16 0 47
0 11 7 0 5 11 157
0 11 6 17 0 0 64
0 11 6 15 1 1 16
0 11 6 13 2 2 85
0 11 6 11 3 3 79
0 11 6 9 4 4 152
0 11 6 7 5 5 97
0 11 6 6 11 0 126
0 11 6 6 0 11 115
0 11 6 5 6 6 184
0 11 6 4 12 1 121
0 11 6 4 1 12 81
0 11 6 3 7 7 18
0 11 6 2 13 2 3
0 11 6 2 2 13 48
0 11 6 1 8 8 154
0 11 6 0 14 3 131
0 11 6 0 3 14 183
0 11 5 13 0 5 190
0 11 5 12 6 0 16
0 11 5 11 1 6 154
0 11 5 10 7 1 171
0 11 5 9 2 7 184
0 11 5 8 8 2 91
0 11 5 7 3 8 192
0 11 5 6 9 3 46
0 11 5 5 4 9 60
0 11 5 4 10 4 122
0 11 5 3 5 10 152
0 11 5 2 11 5 81
0 11 5 2 0 16 147
0 11 5 1 17 0 123
0 11 5 1 6 11 183
0 11 4 18 1 0 196
0 11 4 16 2 1 56
0 11 4 14 3 2 112
0 11 4 12 4 3 109
0 11 4 10 5 4 86
0 11 4 9 0 10 107
0 11 4 8 6 5 75
0 11 4 7 12 0 36
0 11 4 7 1 11 52
0 11 4 6 7 6 187
0 11 4 5 13 1 40
0 11 4 5 2 12 151
0 11 4 4 8 7 13
0 11 4 3 14 2 11
0 11 4 3 3 13 68
0 11 4 2 9 8 122
0 11 4 1 15 3 58
0 11 4 1 4 14 105
0 11 4 0 10 9 100
0 11 3 16 0 4 177
0 11 3 14 1 5 63
0 11 3 13 7 0 44
0 11 3 12 2 6 60
0 11 3 11 8 1 24
0 11 3 10 3 7 2
0 11 3 9 9 2 59
0 11 3 8 4 8 21
0 11 3 7 10 3 56
0 11 3 6 5 9 111
0 11 3 5 11 4 69
0 11 3 5 0 15 115
0 11 3 4 6 10 184
0 11 3 3 12 5 46
0 11 3 3 1 16 54
0 11 3 2 18 0 141
0 11 3 2 7 11 30
0 11 3 1 13 6 58
0 11 3 1 2 17 164
0 11 3 0 19 1 121
0 11 3 0 8 12 27
0 11 2 19 2 0 66
0 11 2 17 3 1 163
0 11 2 15 4 2 12
0 11 2 13 5 3 194
0 11 2 12 0 9 6
0 11 2 11 6 4 103
0 11 2 10 1 10 35
0 11 2 9 7 5 106
0 11 2 8 13 0 9
0 11 2 8 2 11 77
0 11 2 7 8 6 44
0 11 2 6 14 1 19
0 11 2 6 3 12 74
0 11 2 5 9 7 153
0 11 2 4 15 2 18
0 11 2 4 4 13 105
0 11 2 3 10 8 158
0 11 2 2 16 3 159
0 11 2 2 5 14 163
0 11 2 1 11 9 143
0 11 2 1 0 20 140
0 11 2 0 17 4 15
0 11 2 0 6 15 197
0 11 1 19 0 3 98
0 11 1 17 1 4 157
0 11 1 15 2 5 25
0 11 1 14 8 0 102
0 11 1 13 3 6 69
0 11 1 12 9 1 91
0 11 1 11 4 7 71
0 11 1 10 10 2 74
0 11 1 9 5 8 46
0 11 1 8 11 3 139
0 11 1 8 0 14 86
0 11 1 7 6 9 63
0 11 1 6 12 4 46
0 11 1 6 1 15 90
0 11 1 5 7 10 84
0 11 1 4 13 5 99
0 11 1 4 2 16 186
0 11 1 3 19 0 147
0 11 1 3 8 11 135
0 11 1 2 14 6 67
0 11 1 2 3 17 103
0 11 1 1 20 1 34
0 11 1 1 9 12 31
0 11 1 0 15 7 164
0 11 1 0 4 18 149
0 11 0 20 3 0 83
0 11 0 18 4 1 96
0 11 0 16 5 2 165
0 11 0 15 0 8 154
0 11 0 14 6 3 197
0 11 0 13 1 9 43
0 11 0 12 7 4 134
0 11 0 11 2 10 177
0 11 0 10 8 5 48
0 11 0 9 14 0 174
0 11 0 9 3 11 168
0 11 0 8 9 6 28
0 11 0 7 15 1 123
0 11 0 7 4 12 4
0 11 0 6 10 7 100
0 11 0 5 16 2 177
0 11 0 5 5 13 23
0 11 0 4 11 8 41
0 11 0 4 0 19 33
0 11 0 3 17 3 89
0 11 0 3 6 14 148
0 11 0 2 12 9 160
0 11 0 2 1 20 33
0 11 0 1 18 4 11
0 11 0 1 7 15 136
0 11 0 0 13 10 122
0 11 0 0 2 21 3
0 10 23 1 0 0 100
0 10 21 2 1 0 39
0 10 21 0 2 1 156
0 10 20 0 0 4 33
0 10 19 3 2 0 169
0 10 19 1 3 1 39
0 10 18 3 0 3 162
0 10 18 1 1 4 120
0 10 17 4 3 0 93
0 10 17 2 4 1 122
0 10 17 0 5 2 196
0 10 16 6 0 2 104
0 10 16 4 1 3 131
0 10 16 2 2 4 36
0 10 16 0 3 5 182
0 10 15 5 4 0 163
0 10 15 3 5 1 128
0 10 15 2 0 7 27
0 10 15 1 6 2 184
0 10 15 0 1 8 190
0 10 14 9 0 1 3
0 10 14 7 1 2 176
0 10 14 5 2 3 115
0 10 14 3 3 4 81
0 10 14 1 4 5 170
0 10 14 0 10 0 181
0 10 13 6 5 0 28
0 10 13 5 0 6 152
0 10 13 4 6 1 198
0 10 13 3 1 7 151
0 10 13 2 7 2 106
0 10 13 1 2 8 98
0 10 13 0 8 3 64
0 10 12 12 0 0 100
0 10 12 10 1 1 186
0 10 12 8 2 2 157
0 10 12 6 3 3 170
0 10 12 4 4 4 109
0 10 12 2 5 5 64
0 10 12 1 11 0 85
0 10 12 1 0 11 100
0 10 12 0 6 6 43
0 10 11 8 0 5 195
0 10 11 7 6 0 167
0 10 11 6 1 6 25
0 10 11 5 7 1 97
0 10 11 4 2 7 191
0 10 11 3 8 2 6
0 10 11 2 3 8 54
0 10 11 1 9 3 70
0 10 11 0 4 9 129
0 10 10 13 1 0 93
0 10 10 11 2 1 117
0 10 10 9 3 2 35
0 10 10 7 4 3 191
0 10 10 5 5 4 83
0 10 10 4 0 10 38
0 10 10 3 6 5 181
0 10 10 2 12 0 122
0 10 10 2 1 11 183
0 10 10 1 7 6 196
0 10 10 0 13 1 121
0 10 10 0 2 12 26
0 10 9 11 0 4 160
0 10 9 9 1 5 67
0 10 9 8 7 0 134
0 10 9 7 2 6 96
0 10 9 6 8 1 184
0 10 9 5 3 7 90
0 10 9 4 9 2 69
0 10 9 3 4 8 124
0 10 9 2 10 3 117
0 10 9 1 5 9 172
0 10 9 0 11 4 10
0 10 9 0 0 15 15
0 10 8 14 2 0 18
0 10 8 12 3 1 120
0 10 8 10 4 2 30
0 10 8 8 5 3 162
0 10 8 7 0 9 103
0 10 8 6 6 4 124
0 10 8 5 1 10 130
0 10 8 4 7 5 110
0 10 8 3 13 0 49
0 10 8 3 2 11 15
0 10 8 2 8 6 166
0 10 8 1 14 1 63
0 10 8 1 3 12 43
0 10 8 0 9 7 122
0 10 7 14 0 3 114
0 10 7 12 1 4 17
0 10 7 10 2 5 47
0 10 7 9 8 0 77
0 10 7 8 3 6 106
0 10 7 7 9 1 144
0 10 7 6 4 7 49
0 10 7 5 10 2 31
0 10 7 4 5 8 134
0 10 7 3 11 3 25
0 10 7 3 0 14 98
0 10 7 2 6 9 171
0 10 7 1 12 4 18
0 10 7 1 1 15 183
0 10 7 0 7 10 81
0 10 6 15 3 0 34
0 10 6 13 4 1 135
0 10 6 11 5 2 95
0 10 6 10 0 8 165
0 10 6 9 6 3 17
0 10 6 8 1 9 96
0 10 6 7 7 4 167
0 10 6 6 2 10 5
0 10 6 5 8 5 172
0 10 6 4 14 0 157
0 10 6 4 3 11 135
0 10 6 3 9 6 51
0 10 6 2 15 1 100
0 10 6 2 4 12 128
0 10 6 1 10 7 138
0 10 6 0 16 2 76
0 10 6 0 5 13 197
0 10 5 17 0 2 9
0 10 5 15 1 3 2
0 10 5 13 2 4 134
0 10 5 11 3 5 121
0 10 5 10 9 0 96
0 10 5 9 4 6 152
0 10 5 8 10 1 100
0 10 5 7 5 7 170
0 10 5 6 11 2 10
0 10 5 6 0 13 33
0 10 5 5 6 8 170
0 10 5 4 12 3 197
0 10 5 4 1 14 28
0 10 5 3 7 9 135
0 10 5 2 13 4 20
0 10 5 2 2 15 113
0 10 5 1 8 10 102
0 10 5 0 14 5 60
0 10 5 0 3 16 182
0 10 4 16 4 0 75
0 10 4 14 5 1 186
0 10 4 13 0 7 72
0 10 4 12 6 2 110
0 10 4 11 1 8 109
0 10 4 10 7 3 114
0 10 4 9 2 9 3
0 10 4 8 8 4 79
0 10 4 7 3 10 7
0 10 4 6 9 5 189
0 10 4 5 15 0 21
0 10 4 5 4 11 74
0 10 4 4 10 6 4
0 10 4 3 16 1 153
0 10 4 3 5 12 109
0 10 4 2 11 7 53
0 10 4 2 0 18 140
0 10 4 1 17 2 139
0 10 4 1 6 13 72
0 10 4 0 12 8 139
0 10 4 0 1 19 6
0 10 3 20 0 1 166
0 10 3 18 1 2 52
0 10 3 16 2 3 62
0 10 3 14 3 4 135
0 10 3 12 4 5 113
0 10 3 11 10 0 21
0 10 3 10 5 6 159
0 10 3 9 11 1 166
0 10 3 9 0 12 138
0 10 3 8 6 7 34
0 10 3 7 12 2 81
0 10 3 7 1 13 134
0 10 3 6 7 8 26
0 10 3 5 13 3 135
0 10 3 5 2 14 161
0 10 3 4 8 9 144
0 10 3 3 14 4 18
0 10 3 3 3 15 197
0 10 3 2 9 10 178
0 10 3 1 15 5 49
0 10 3 1 4 16 6
0 10 3 0 21 0 92
0 10 3 0 10 11 181
0 10 2 17 5 0 120
0 10 2 16 0 6 91
0 10 2 15 6 1 192
0 10 2 14 1 7 76
0 10 2 13 7 2 81
0 10 2 12 2 8 166
0 10 2 11 8 3 59
0 10 2 10 3 9 132
0 10 2 9 9 4 87
0 10 2 8 4 10 81
0 10 2 7 10 5 188
0 10 2 6 16 0 138
0 10 2 6 5 11 133
0 10 2 5 11 6 171
0 10 2 5 0 17 141
0 10 2 4 17 1 178
0 10 2 4 6 12 158
0 10 2 3 12 7 57
0 10 2 3 1 18 180
0 10 2 2 18 2 8
0 10 2 2 7 13 25
0 10 2 1 13 8 58
0 10 2 1 2 19 55
0 10 2 0 19 3 98
0 10 2 0 8 14 23
0 10 1 23 0 0 161
0 10 1 21 1 1 9
0 10 1 19 2 2 86
0 10 1 17 3 3 102
0 10 1 15 4 4 29
0 10 1 13 5 5 142
0 10 1 12 11 0 136
0 10 1 12 0 11 197
0 10 1 11 6 6 186
0 10 1 10 12 1 13
0 10 1 10 1 12 153
0 10 1 9 7 7 62
0 10 1 8 13 2 163
0 10 1 8 2 13 64
0 10 1 7 8 8 38
0 10 1 6 14 3 83
0 10 1 6 3 14 173
0 10 1 5 9 9 24
0 10 1 4 15 4 73
0 10 1 4 4 15 94
0 10 1 3 10 10 146
0 10 1 2 16 5 114
0 10 1 2 5 16 142
0 10 1 1 22 0 132
0 10 1 1 11 11 153
0 10 1 1 0 22 36
0 10 1 0 17 6 6
0 10 1 0 6 17 113
0 10 0 19 0 5 189
0 10 0 18 6 0 44
0 10 0 17 1 6 195
0 10 0 16 7 1 186
0 10 0 15 2 7 20
0 10 0 14 8 2 9
0 10 0 13 3 8 178
0 10 0 12 9 3 53
0 10 0 11 4 9 56
0 10 0 10 10 4 118
0 10 0 9 5 10 147
0 10 0 8 11 5 22
0 10 0 8 0 16 4
0 10 0 7 17 0 70
0 10 0 7 6 11 42
0 10 0 6 12 6 124
0 10 0 6 1 17 33
0 10 0 5 18 1 30
0 10 0 5 7 12 34
0 10 0 4 13 7 18
0 10 0 4 2 18 96
0 10 0 3 19 2 64
0 10 0 3 8 13 24
0 10 0 2 14 8 57
0 10 0 2 3 19 180
0 10 0 1 20 3 4
0 10 0 1 9 14 168
0 10 0 0 15 9 185
0 10 0 0 4 20 90
0 9 22 1 0 2 138
0 9 21 0 4 0 107
0 9 20 4 0 1 180
0 9 20 2 1 2 19
0 9 20 0 2 3 77
0 9 19 1 5 0 101
0 9 19 0 0 6 117
0 9 18 7 0 0 7
0 9 18 5 1 1 196
0 9 18 3 2 2 190
0 9 18 1 3 3 146
0 9 17 3 0 5 134
0 9 17 2 6 0 164
0 9 17 1 1 6 194
0 9 17 0 7 1 176
0 9 16 8 1 0 143
0 9 16 6 2 1 48
0 9 16 4 3 2 33
0 9 16 2 4 3 130
0 9 16 0 5 4 184
0 9 15 6 0 4 180
0 9 15 4 1 5 16
0 9 15 3 7 0 40
0 9 15 2 2 6 150
0 9 15 1 8 1 185
0 9 15 0 3 7 195
0 9 14 9 2 0 113
0 9 14 7 3 1 11
0 9 14 5 4 2 65
0 9 14 3 5 3 157
0 9 14 2 0 9 88
0 9 14 1 6 4 86
0 9 14 0 1 10 189
0 9 13 9 0 3 180
0 9 13 7 1 4 127
0 9 13 5 2 5 39
0 9 13 4 8 0 105
0 9 13 3 3 6 195
0 9 13 2 9 1 196
0 9 13 1 4 7 25
0 9 13 0 10 2 39
0 9 12 10 3 0 75
0 9 12 8 4 1 149
0 9 12 6 5 2 185
0 9 12 5 0 8 111
0 9 12 4 6 3 30
0 9 12 3 1 9 33
0 9 12 2 7 4 134
0 9 12 1 2 10 198
0 9 12 0 8 5 26
0 9 11 12 0 2 73
0 9 11 10 1 3 25
0 9 11 8 2 4 149
0 9 11 6 3 5 12
0 9 11 5 9 0 101
0 9 11 4 4 6 166
0 9 11 3 10 1 21
0 9 11 2 5 7 80
0 9 11 1 11 2 22
0 9 11 1 0 13 39
0 9 11 0 6 8 194
0 9 10 11 4 0 24
0 9 10 9 5 1 16
0 9 10 8 0 7 60
0 9 10 7 6 2 20
0 9 10 6 1 8 149
0 9 10 5 7 3 115
0 9 10 4 2 9 182
0 9 10 3 8 4 198
0 9 10 2 3 10 190
0 9 10 1 9 5 154
0 9 10 0 15 0 37
0 9 10 0 4 11 146
0 9 9 15 0 1 87
0 9 9 13 1 2 43
0 9 9 11 2 3 189
0 9 9 9 3 4 163
0 9 9 7 4 5 138
0 9 9 6 10 0 48
0 9 9 5 5 6 18
0 9 9 4 11 1 196
0 9 9 4 0 12 119
0 9 9 3 6 7 157
0 9 9 2 12 2 66
0 9 9 2 1 13 16
0 9 9 1 7 8 22
0 9 9 0 13 3 11
0 9 9 0 2 14 173
0 9 8 12 5 0 131
0 9 8 11 0 6 56
0 9 8 10 6 1 160
0 9 8 9 1 7 189
0 9 8 8 7 2 31
0 9 8 7 2 8 181
0 9 8 6 8 3 161
0 9 8 5 3 9 125
0 9 8 4 9 4 75
0 9 8 3 4 10 196
0 9 8 2 10 5 44
0 9 8 1 16 0 16
0 9 8 1 5 11 126
0 9 8 0 11 6 39
0 9 8 0 0 17 181
0 9 7 18 0 0 163
0 9 7 16 1 1 127
0 9 7 14 2 2 184
0 9 7 12 3 3 52
0 9 7 10 4 4 92
0 9 7 8 5 5 168
0 9 7 7 11 0 117
0 9 7 7 0 11 181
0 9 7 6 6 6 90
0 9 7 5 12 1 33
0 9 7 5 1 12 81
0 9 7 4 7 7 182
0 9 7 3 13 2 147
0 9 7 3 2 13 85
0 9 7 2 8 8 119
0 9 7 1 14 3 71
0 9 7 1 3 14 61
0 9 7 0 9 9 69
0 9 6 13 6 0 106
0 9 6 12 1 6 110
0 9 6 11 7 1 95
0 9 6 10 2 7 197
0 9 6 9 8 2 6
0 9 6 8 3 8 126
0 9 6 7 9 3 109
0 9 6 6 4 9 185
0 9 6 5 10 4 50
0 9 6 4 5 10 87
0 9 6 3 11 5 68
0 9 6 3 0 16 65
0 9 6 2 17 0 19
0 9 6 2 6 11 58
0 9 6 1 12 6 22
0 9 6 1 1 17 12
0 9 6 0 18 1 196
0 9 6 0 7 12 39
0 9 5 19 1 0 166
0 9 5 17 2 1 42
0 9 5 15 3 2 22
0 9 5 13 4 3 49
0 9 5 11 5 4 97
0 9 5 10 0 10 162
0 9 5 9 6 5 87
0 9 5 8 12 0 168
0 9 5 8 1 11 95
0 9 5 7 7 6 49
0 9 5 6 13 1 13
0 9 5 6 2 12 98
0 9 5 5 8 7 119
0 9 5 4 14 2 5
0 9 5 4 3 13 159
0 9 5 3 9 8 43
0 9 5 2 15 3 88
0 9 5 2 4 14 65
0 9 5 1 10 9 24
0 9 5 0 16 4 94
0 9 5 0 5 15 149
0 9 4 17 0 4 32
0 9 4 15 1 5 52
0 9 4 14 7 0 127
0 9 4 13 2 6 101
0 9 4 12 8 1 128
0 9 4 11 3 7 147
0 9 4 10 9 2 64
0 9 4 9 4 8 75
0 9 4 8 10 3 50
0 9 4 7 5 9 77
0 9 4 6 11 4 48
0 9 4 6 0 15 136
0 9 4 5 6 10 116
0 9 4 4 12 5 33
0 9 4 4 1 16 122
0 9 4 3 18 0 134
0 9 4 3 7 11 100
0 9 4 2 13 6 173
0 9 4 2 2 17 147
0 9 4 1 19 1 21
0 9 4 1 8 12 147
0 9 4 0 14 7 47
0 9 4 0 3 18 112
0 9 3 20 2 0 13
0 9 3 18 3 1 25
0 9 3 16 4 2 106
0 9 3 14 5 3 192
0 9 3 13 0 9 55
0 9 3 12 6 4 139
0 9 3 11 1 10 60
0 9 3 10 7 5 183
0 9 3 9 13 0 84
0 9 3 9 2 11 162
0 9 3 8 8 6 134
0 9 3 7 14 1 162
0 9 3 7 3 12 2
0 9 3 6 9 7 183
0 9 3 5 15 2 44
0 9 3 5 4 13 54
0 9 3 4 10 8 16
0 9 3 3 16 3 172
0 9 3 3 5 14 145
0 9 3 2 11 9 185
0 9 3 2 0 20 45
0 9 3 1 17 4 147
0 9 3 1 6 15 101
0 9 3 0 12 10 196
0 9 3 0 1 21 43
0 9 2 20 0 3 93
0 9 2 18 1 4 139
0 9 2 16 2 5 11
0 9 2 15 8 0 7
0 9 2 14 3 6 95
0 9 2 13 9 1 178
0 9 2 12 4 7 128
0 9 2 11 10 2 95
0 9 2 10 5 8 52
0 9 2 9 11 3 49
0 9 2 9 0 14 11
0 9 2 8 6 9 87
0 9 2 7 12 4 109
0 9 2 7 1 15 160
0 9 2 6 7 10 40
0 9 2 5 13 5 194
0 9 2 5 2 16 140
0 9 2 4 19 0 20
0 9 2 4 8 11 192
0 9 2 3 14 6 91
0 9 2 3 3 17 139
0 9 2 2 20 1 116
0 9 2 2 9 12 96
0 9 2 1 15 7 72
0 9 2 1 4 18 3
0 9 2 0 21 2 175
0 9 2 0 10 13 90
0 9 1 21 3 0 145
0 9 1 19 4 1 152
0 9 1 17 5 2 60
0 9 1 16 0 8 85
0 9 1 15 6 3 192
0 9 1 14 1 9 179
0 9 1 13 7 4 132
0 9 1 12 2 10 11
0 9 1 11 8 5 5
0 9 1 10 14 0 98
0 9 1 10 3 11 178
0 9 1 9 9 6 128
0 9 1 8 15 1 141
0 9 1 8 4 12 9
0 9 1 7 10 7 187
0 9 1 6 16 2 43
0 9 1 6 5 13 159
0 9 1 5 11 8 101
0 9 1 5 0 19 92
0 9 1 4 17 3 75
0 9 1 4 6 14 33
0 9 1 3 12 9 135
0 9 1 3 1 20 117
0 9 1 2 18 4 19
0 9 1 2 7 15 26
0 9 1 1 13 10 27
0 9 1 1 2 21 82
0 9 1 0 19 5 175
0 9 1 0 8 16 8
0 9 0 23 0 2 146
0 9 0 21 1 3 109
0 9 0 19 2 4 180
0 9 0 17 3 5 44
0 9 0 16 9 0 91
0 9 0 15 4 6 93
0 9 0 14 10 1 72
0 9 0 13 5 7 165
0 9 0 12 11 2 149
0 9 0 12 0 13 163
0 9 0 11 6 8 90
0 9 0 10 12 3 50
0 9 0 10 1 14 97
0 9 0 9 7 9 88
0 9 0 8 13 4 198
0 9 0 8 2 15 99
0 9 0 7 8 10 47
0 9 0 6 14 5 31
0 9 0 6 3 16 190
0 9 0 5 20 0 15
0 9 0 5 9 11 167
0 9 0 4 15 6 31
0 9 0 4 4 17 172
0 9 0 3 21 1 120
0 9 0 3 10 12 108
0 9 0 2 16 7 174
0 9 0 2 5 18 99
0 9 0 1 22 2 24
0 9 0 1 11 13 62
0 9 0 1 0 24 140
0 9 0 0 17 8 184
0 9 0 0 6 19 96
0 8 24 2 0 0 107
0 8 24 0 1 1 52
0 8 22 3 1 0 54
0 8 22 1 2 1 69
0 8 21 1 0 4 150
0 8 20 4 2 0 50
0 8 20 2 3 1 37
0 8 20 0 4 2 38
0 8 19 4 0 3 59
0 8 19 2 1 4 193
0 8 19 0 2 5 194
0 8 18 5 3 0 16
0 8 18 3 4 1 30
0 8 18 1 5 2 80
0 8 18 0 0 8 170
0 8 17 7 0 2 78
0 8 17 5 1 3 26
0 8 17 3 2 4 162
0 8 17 1 3 5 112
0 8 17 0 9 0 35
0 8 16 6 4 0 134
0 8 16 4 5 1 60
0 8 16 3 0 7 85
0 8 16 2 6 2 152
0 8 16 1 1 8 112
0 8 16 0 7 3 7
0 8 15 10 0 1 148
0 8 15 8 1 2 132
0 8 15 6 2 3 158
0 8 15 4 3 4 90
0 8 15 2 4 5 66
0 8 15 1 10 0 83
0 8 15 0 5 6 50
0 8 14 7 5 0 66
0 8 14 6 0 6 61
0 8 14 5 6 1 133
0 8 14 4 1 7 129
0 8 14 3 7 2 185
0 8 14 2 2 8 88
0 8 14 1 8 3 76
0 8 14 0 3 9 96
0 8 13 13 0 0 187
0 8 13 11 1 1 151
0 8 13 9 2 2 143
0 8 13 7 3 3 184
0 8 13 5 4 4 165
0 8 13 3 5 5 127
0 8 13 2 11 0 172
0 8 13 2 0 11 128
0 8 13 1 6 6 140
0 8 13 0 12 1 159
0 8 13 0 1 12 144
0 8 12 9 0 5 76
0 8 12 8 6 0 45
0 8 12 7 1 6 54
0 8 12 6 7 1 166
0 8 12 5 2 7 187
0 8 12 4 8 2 158
0 8 12 3 3 8 8
0 8 12 2 9 3 116
0 8 12 1 4 9 53
0 8 12 0 10 4 97
0 8 11 14 1 0 130
0 8 11 12 2 1 123
0 8 11 10 3 2 15
0 8 11 8 4 3 33
0 8 11 6 5 4 145
0 8 11 5 0 10 133
0 8 11 4 6 5 38
0 8 11 3 12 0 12
0 8 11 3 1 11 152
0 8 11 2 7 6 130
0 8 11 1 13 1 1
0 8 11 1 2 12 121
0 8 11 0 8 7 21
0 8 10 12 0 4 85
0 8 10 10 1 5 89
0 8 10 9 7 0 13
0 8 10 8 2 6 117
0 8 10 7 8 1 110
0 8 10 6 3 7 117
0 8 10 5 9 2 86
0 8 10 4 4 8 167
0 8 10 3 10 3 186
0 8 10 2 5 9 177
0 8 10 1 11 4 168
0 8 10 1 0 15 190
0 8 10 0 6 10 16
0 8 9 15 2 0 62
0 8 9 13 3 1 135
0 8 9 11 4 2 180
0 8 9 9 5 3 43
0 8 9 8 0 9 15
0 8 9 7 6 4 40
0 8 9 6 1 10 73
0 8 9 5 7 5 12
0 8 9 4 13 0 35
0 8 9 4 2 11 194
0 8 9 3 8 6 60
0 8 9 2 14 1 66
0 8 9 2 3 12 98
0 8 9 1 9 7 139
0 8 9 0 15 2 96
0 8 9 0 4 13 50
0 8 8 15 0 3 50
0 8 8 13 1 4 55
0 8 8 11 2 5 51
0 8 8 10 8 0 119
0 8 8 9 3 6 195
0 8 8 8 9 1 43
0 8 8 7 4 7 46
0 8 8 6 10 2 96
0 8 8 5 5 8 131
0 8 8 4 11 3 26
0 8 8 4 0 14 45
0 8 8 3 6 9 58
0 8 8 2 12 4 151
0 8 8 2 1 15 78
0 8 8 1 7 10 172
0 8 8 0 13 5 7
0 8 8 0 2 16 12
0 8 7 16 3 0 81
0 8 7 14 4 1 47
0 8 7 12 5 2 6
0 8 7 11 0 8 120
0 8 7 10 6 3 63
0 8 7 9 1 9 81
0 8 7 8 7 4 17
0 8 7 7 2 10 143
0 8 7 6 8 5 160
0 8 7 5 14 0 134
0 8 7 5 3 11 172
0 8 7 4 9 6 25
0 8 7 3 15 1 186
0 8 7 3 4 12 44
0 8 7 2 10 7 163
0 8 7 1 16 2 188
0 8 7 1 5 13 128
0 8 7 0 11 8 61
0 8 7 0 0 19 36
0 8 6 18 0 2 89
0 8 6 16 1 3 147
0 8 6 14 2 4 57
0 8 6 12 3 5 86
0 8 6 11 9 0 99
0 8 6 10 4 6 15
0 8 6 8 5 7 96
0 8 6 7 11 2 46
0 8 6 7 0 13 118
0 8 6 6 6 8 60
0 8 6 5 12 3 109
0 8 6 5 1 14 90
0 8 6 4 7 9 197
0 8 6 3 13 4 128
0 8 6 3 2 15 72
0 8 6 2 8 10 9
0 8 6 1 14 5 126
0 8 6 1 3 16 4
0 8 6 0 20 0 187
0 8 6 0 9 11 197
0 8 5 17 4 0 176
0 8 5 15 5 1 197
0 8 5 14 0 7 65
0 8 5 13 6 2 74
0 8 5 12 1 8 132
0 8 5 11 7 3 110
0 8 5 10 2 9 42
0 8 5 9 8 4 105
0 8 5 8 3 10 188
0 8 5 7 9 5 10
0 8 5 6 15 0 90
0 8 5 6 4 11 110
0 8 5 5 10 6 157
0 8 5 4 16 1 88
0 8 5 4 5 12 90
0 8 5 3 11 7 140
0 8 5 3 0 18 185
0 8 5 2 17 2 70
0 8 5 2 6 13 173
0 8 5 1 12 8 171
0 8 5 1 1 19 126
0 8 5 0 18 3 84
0 8 5 0 7 14 61
0 8 4 21 0 1 88
0 8 4 19 1 2 87
0 8 4 17 2 3 72
0 8 4 15 3 4 88
0 8 4 13 4 5 69
0 8 4 12 10 0 23
0 8 4 11 5 6 65
0 8 4 10 11 1 166
0 8 4 10 0 12 194
0 8 4 9 6 7 142
0 8 4 8 12 2 41
0 8 4 8 1 13 79
0 8 4 7 7 8 24
0 8 4 6 13 3 153
0 8 4 6 2 14 106
0 8 4 5 8 9 182
0 8 4 4 14 4 134
0 8 4 3 9 10 66
0 8 4 2 15 5 63
0 8 4 2 4 16 76
0 8 4 1 21 0 120
0 8 4 1 10 11 141
0 8 4 0 16 6 9
0 8 4 0 5 17 13
0 8 3 18 5 0 146
0 8 3 17 0 6 96
0 8 3 16 6 1 96
0 8 3 15 1 7 175
0 8 3 14 7 2 40
0 8 3 13 2 8 21
0 8 3 12 8 3 6
0 8 3 11 3 9 171
0 8 3 10 9 4 84
0 8 3 9 4 10 134
0 8 3 8 10 5 195
0 8 3 7 16 0 183
0 8 3 7 5 11 9
0 8 3 6 11 6 187
0 8 3 6 0 17 140
0 8 3 5 17 1 1
0 8 3 5 6 12 162
0 8 3 4 12 7 54
0 8 3 3 18 2 124
0 8 3 3 7 13 198
0 8 3 2 13 8 151
0 8 3 2 2 19 106
0 8 3 1 19 3 56
0 8 3 1 8 14 33
0 8 3 0 14 9 29
0 8 3 0 3 20 117
0 8 2 24 0 0 171
0 8 2 22 1 1 89
0 8 2 20 2 2 159
0 8 2 18 3 3 130
0 8 2 16 4 4 83
0 8 2 14 5 5 170
0 8 2 13 11 0 70
0 8 2 13 0 11 54
0 8 2 12 6 6 164
0 8 2 11 12 1 163
0 8 2 11 1 12 47
0 8 2 9 13 2 9
0 8 2 9 2 13 122
0 8 2 8 8 8 72
0 8 2 7 14 3 126
0 8 2 7 3 14 179
0 8 2 6 9 9 80
0 8 2 5 15 4 56
0 8 2 5 4 15 64
0 8 2 4 10 10 127
0 8 2 3 16 5 53
0 8 2 3 5 16 99
0 8 2 2 22 0 13
0 8 2 2 11 11 119
0 8 2 2 0 22 62
0 8 2 1 17 6 129
0 8 2 1 6 17 99
0 8 2 0 23 1 186
0 8 2 0 12 12 67
0 8 2 0 1 23 12
0 8 1 20 0 5 125
0 8 1 19 6 0 27
0 8 1 18 1 6 45
0 8 1 17 7 1 171
0 8 1 16 2 7 169
0 8 1 15 8 2 62
0 8 1 14 3 8 101
0 8 1 13 9 3 147
0 8 1 12 4 9 169
0 8 1 11 10 4 51
0 8 1 10 5 10 62
0 8 1 9 11 5 117
0 8 1 9 0 16 191
0 8 1 8 17 0 163
0 8 1 8 6 11 162
0 8 1 7 12 6 69
0 8 1 7 1 17 119
0 8 1 6 18 1 125
0 8 1 6 7 12 74
0 8 1 5 13 7 182
0 8 1 5 2 18 101
0 8 1 4 19 2 1
0 8 1 4 8 13 62
0 8 1 3 14 8 145
0 8 1 3 3 19 22
0 8 1 2 20 3 129
0 8 1 2 9 14 19
0 8 1 1 15 9 97
0 8 1 1 4 20 171
0 8 1 0 21 4 164
0 8 1 0 10 15 133
0 8 0 25 1 0 105
0 8 0 23 2 1 54
0 8 0 21 3 2 100
0 8 0 19 4 3 51
0 8 0 17 5 4 74
0 8 0 16 0 10 25
0 8 0 15 6 5 88
0 8 0 14 12 0 5
0 8 0 14 1 11 20
0 8 0 13 7 6 133
0 8 0 12 13 1 45
0 8 0 12 2 12 85
0 8 0 11 8 7 128
0 8 0 10 14 2 4
0 8 0 10 3 13 94
0 8 0 9 9 8 33
0 8 0 8 15 3 66
0 8 0 8 4 14 107
0 8 0 7 10 9 121
0 8 0 6 16 4 191
0 8 0 6 5 15 45
0 8 0 5 11 10 107
0 8 0 5 0 21 118
0 8 0 4 17 5 18
0 8 0 4 6 16 146
0 8 0 3 23 0 184
0 8 0 3 12 11 23
0 8 0 3 1 22 132
0 8 0 2 18 6 33
0 8 0 2 7 17 106
0 8 0 1 24 1 15
0 8 0 1 13 12 89
0 8 0 1 2 23 181
0 8 0 0 19 7 123
0 8 0 0 8 18 138
0 7 24 0 3 0 37
0 7 23 2 0 2 68
0 7 23 0 1 3 64
0 7 22 1 4 0 11
0 7 21 5 0 1 25
0 7 21 3 1 2 85
0 7 21 1 2 3 5
0 7 20 2 5 0 149
0 7 20 1 0 6 20
0 7 20 0 6 1 61
0 7 19 8 0 0 118
0 7 19 6 1 1 119
0 7 19 4 2 2 20
0 7 19 2 3 3 94
0 7 19 0 4 4 18
0 7 18 4 0 5 170
0 7 18 3 6 0 129
0 7 18 2 1 6 90
0 7 18 1 7 1 104
0 7 18 0 2 7 106
0 7 17 9 1 0 56
0 7 17 7 2 1 38
0 7 17 5 3 2 48
0 7 17 3 4 3 194
0 7 17 1 5 4 133
0 7 17 0 0 10 7
0 7 16 7 0 4 12
0 7 16 5 1 5 127
0 7 16 4 7 0 78
0 7 16 3 2 6 3
0 7 16 2 8 1 93
0 7 16 1 3 7 135
0 7 16 0 9 2 115
0 7 15 10 2 0 8
0 7 15 8 3 1 96
0 7 15 6 4 2 134
0 7 15 4 5 3 101
0 7 15 3 0 9 73
0 7 15 2 6 4 12
0 7 15 1 1 10 141
0 7 15 0 7 5 138
0 7 14 10 0 3 24
0 7 14 8 1 4 89
0 7 14 6 2 5 145
0 7 14 5 8 0 118
0 7 14 4 3 6 56
0 7 14 3 9 1 51
0 7 14 2 4 7 69
0 7 14 1 10 2 13
0 7 14 0 5 8 91
0 7 13 11 3 0 160
0 7 13 9 4 1 141
0 7 13 7 5 2 196
0 7 13 6 0 8 37
0 7 13 5 6 3 98
0 7 13 4 1 9 138
0 7 13 3 7 4 165
0 7 13 2 2 10 82
0 7 13 1 8 5 5
0 7 13 0 14 0 119
0 7 13 0 3 11 128
0 7 12 13 0 2 152
0 7 12 11 1 3 156
0 7 12 9 2 4 126
0 7 12 7 3 5 40
0 7 12 6 9 0 57
0 7 12 5 4 6 105
0 7 12 4 10 1 77
0 7 12 3 5 7 85
0 7 12 2 11 2 106
0 7 12 2 0 13 2
0 7 12 1 6 8 183
0 7 12 0 12 3 135
0 7 12 0 1 14 22
0 7 11 12 4 0 193
0 7 11 10 5 1 81
0 7 11 9 0 7 164
0 7 11 8 6 2 137
0 7 11 7 1 8 20
0 7 11 6 7 3 104
0 7 11 5 2 9 51
0 7 11 4 8 4 106
0 7 11 3 3 10 93
0 7 11 2 9 5 92
0 7 11 1 15 0 5
0 7 11 1 4 11 149
0 7 11 0 10 6 164
0 7 10 16 0 1 174
0 7 10 14 1 2 99
0 7 10 12 2 3 96
0 7 10 10 3 4 49
0 7 10 8 4 5 31
0 7 10 7 10 0 32
0 7 10 6 5 6 12
0 7 10 5 11 1 82
0 7 10 5 0 12 8
0 7 10 4 6 7 194
0 7 10 3 12 2 83
0 7 10 3 1 13 177
0 7 10 2 7 8 91
0 7 10 1 13 3 158
0 7 10 1 2 14 34
0 7 10 0 8 9 176
0 7 9 13 5 0 70
0 7 9 12 0 6 7
0 7 9 11 6 1 53
0 7 9 10 1 7 75
0 7 9 9 7 2 91
0 7 9 8 2 8 91
0 7 9 7 8 3 62
0 7 9 6 3 9 9
0 7 9 5 9 4 146
0 7 9 4 4 10 50
0 7 9 3 10 5 147
0 7 9 2 16 0 136
0 7 9 2 5 11 115
0 7 9 1 11 6 88
0 7 9 1 0 17 132
0 7 9 0 17 1 47
0 7 9 0 6 12 76
0 7 8 19 0 0 172
0 7 8 17 1 1 148
0 7 8 15 2 2 158
0 7 8 13 3 3 143
0 7 8 11 4 4 74
0 7 8 9 5 5 76
0 7 8 8 11 0 102
0 7 8 8 0 11 129
0 7 8 7 6 6 104
0 7 8 6 12 1 73
0 7 8 6 1 12 18
0 7 8 5 7 7 161
0 7 8 4 13 2 18
0 7 8 4 2 13 18
0 7 8 3 8 8 118
0 7 8 2 14 3 56
0 7 8 2 3 14 114
0 7 8 1 9 9 93
0 7 8 0 15 4 190
0 7 8 0 4 15 18
0 7 7 15 0 5 182
0 7 7 14 6 0 78
0 7 7 13 1 6 135
0 7 7 12 7 1 29
0 7 7 11 2 7 87
0 7 7 10 8 2 188
0 7 7 9 3 8 149
0 7 7 8 9 3 15
0 7 7 7 4 9 112
0 7 7 6 10 4 105
0 7 7 5 5 10 32
0 7 7 4 11 5 86
0 7 7 4 0 16 130
0 7 7 3 17 0 159
0 7 7 3 6 11 75
0 7 7 2 12 6 75
0 7 7 2 1 17 52
0 7 7 1 18 1 105
0 7 7 1 7 12 61
0 7 7 0 13 7 176
0 7 7 0 2 18 37
0 7 6 20 1 0 138
0 7 6 18 2 1 45
0 7 6 16 3 2 78
0 7 6 14 4 3 21
0 7 6 12 5 4 46
0 7 6 11 0 10 136
0 7 6 10 6 5 55
0 7 6 9 12 0 73
0 7 6 9 1 11 186
0 7 6 8 7 6 174
0 7 6 7 13 1 109
0 7 6 7 2 12 153
0 7 6 6 8 7 115
0 7 6 5 14 2 112
0 7 6 5 3 13 77
0 7 6 4 9 8 107
0 7 6 3 15 3 74
0 7 6 3 4 14 90
0 7 6 2 10 9 180
0 7 6 1 16 4 49
0 7 6 1 5 15 84
0 7 6 0 11 10 103
0 7 6 0 0 21 21
0 7 5 18 0 4 190
0 7 5 16 1 5 16
0 7 5 15 7 0 166
0 7 5 14 2 6 37
0 7 5 13 8 1 119
0 7 5 12 3 7 12
0 7 5 11 9 2 25
0 7 5 10 4 8 64
0 7 5 9 10 3 154
0 7 5 8 5 9 144
0 7 5 7 11 4 102
0 7 5 7 0 15 87
0 7 5 6 6 10 62
0 7 5 5 12 5 16
0 7 5 5 1 16 98
0 7 5 4 18 0 15
0 7 5 4 7 11 174
0 7 5 3 13 6 180
0 7 5 3 2 17 33
0 7 5 2 19 1 63
0 7 5 2 8 12 73
0 7 5 1 14 7 174
0 7 5 1 3 18 33
0 7 5 0 20 2 144
0 7 5 0 9 13 148
0 7 4 21 2 0 18
0 7 4 19 3 1 103
0 7 4 17 4 2 35
0 7 4 15 5 3 165
0 7 4 14 0 9 22
0 7 4 13 6 4 139
0 7 4 12 1 10 84
0 7 4 11 7 5 134
0 7 4 10 13 0 147
0 7 4 10 2 11 50
0 7 4 9 8 6 111
0 7 4 8 14 1 136
0 7 4 8 3 12 13
0 7 4 7 9 7 172
0 7 4 6 15 2 20
0 7 4 6 4 13 122
0 7 4 5 10 8 41
0 7 4 4 16 3 123
0 7 4 4 5 14 24
0 7 4 3 11 9 36
0 7 4 3 0 20 101
0 7 4 2 17 4 28
0 7 4 2 6 15 171
0 7 4 1 12 10 50
0 7 4 1 1 21 103
0 7 4 0 18 5 105
0 7 4 0 7 16 127
0 7 3 21 0 3 197
0 7 3 19 1 4 189
0 7 3 17 2 5 115
0 7 3 16 8 0 19
0 7 3 15 3 6 183
0 7 3 14 9 1 113
0 7 3 13 4 7 180
0 7 3 12 10 2 143
0 7 3 11 5 8 120
0 7 3 10 11 3 30
0 7 3 10 0 14 51
0 7 3 9 6 9 31
0 7 3 8 12 4 182
0 7 3 8 1 15 57
0 7 3 7 7 10 95
0 7 3 6 2 16 139
0 7 3 5 19 0 159
0 7 3 5 8 11 6
0 7 3 4 14 6 34
0 7 3 4 3 17 179
0 7 3 3 20 1 178
0 7 3 3 9 12 148
0 7 3 2 15 7 2
0 7 3 2 4 18 24
0 7 3 1 10 13 178
0 7 3 0 16 8 135
0 7 3 0 5 19 133
0 7 2 22 3 0 15
0 7 2 20 4 1 103
0 7 2 18 5 2 88
0 7 2 17 0 8 43
0 7 2 16 6 3 41
0 7 2 15 1 9 20
0 7 2 14 7 4 35
0 7 2 13 2 10 30
0 7 2 12 8 5 185
0 7 2 11 14 0 95
0 7 2 11 3 11 104
0 7 2 10 9 6 154
0 7 2 9 15 1 136
0 7 2 9 4 12 24
0 7 2 8 10 7 100
0 7 2 7 16 2 93
0 7 2 7 5 13 129
0 7 2 6 11 8 161
0 7 2 6 0 19 111
0 7 2 5 17 3 11
0 7 2 5 6 14 99
0 7 2 4 12 9 17
0 7 2 4 1 20 174
0 7 2 3 18 4 99
0 7 2 3 7 15 15
0 7 2 2 13 10 175
0 7 2 2 2 21 19
0 7 2 1 19 5 85
0 7 2 1 8 16 149
0 7 2 0 25 0 88
0 7 2 0 14 11 111
0 7 2 0 3 22 178
0 7 1 24 0 2 42
0 7 1 22 1 3 171
0 7 1 20 2 4 143
0 7 1 18 3 5 159
0 7 1 17 9 0 65
0 7 1 16 4 6 91
0 7 1 15 10 1 54
0 7 1 14 5 7 94
0 7 1 13 11 2 89
0 7 1 13 0 13 71
0 7 1 12 6 8 128
0 7 1 11 12 3 93
0 7 1 11 1 14 103
0 7 1 10 7 9 115
0 7 1 9 13 4 184
0 7 1 9 2 15 82
0 7 1 8 8 10 173
0 7 1 7 14 5 160
0 7 1 7 3 16 82
0 7 1 6 20 0 102
0 7 1 6 9 11 152
0 7 1 5 15 6 165
0 7 1 5 4 17 180
0 7 1 4 21 1 83
0 7 1 4 10 12 41
0 7 1 3 16 7 132
0 7 1 3 5 18 17
0 7 1 2 22 2 35
0 7 1 2 11 13 117
0 7 1 2 0 24 189
0 7 1 1 17 8 123
0 7 1 1 6 19 21
0 7 1 0 23 3 90
0 7 1 0 12 14 38
0 7 1 0 1 25 119
0 7 0 23 4 0 48
0 7 0 21 5 1 105
0 7 0 20 0 7 87
0 7 0 19 6 2 172
0 7 0 18 1 8 64
0 7 0 17 7 3 194
0 7 0 16 2 9 68
0 7 0 15 8 4 9
0 7 0 14 3 10 48
0 7 0 13 9 5 195
0 7 0 12 15 0 95
0 7 0 12 4 11 158
0 7 0 11 10 6 165
0 7 0 10 16 1 168
0 7 0 10 5 12 47
0 7 0 9 11 7 168
0 7 0 9 0 18 144
0 7 0 8 17 2 72
0 7 0 8 6 13 57
0 7 0 7 12 8 198
0 7 0 7 1 19 21
0 7 0 6 18 3 85
0 7 0 6 7 14 18
0 7 0 5 13 9 169
0 7 0 5 2 20 37
0 7 0 4 19 4 159
0 7 0 4 8 15 128
0 7 0 3 14 10 10
0 7 0 3 3 21 154
0 7 0 2 20 5 9
0 7 0 2 9 16 116
0 7 0 1 26 0 1
0 7 0 1 15 11 91
0 7 0 1 4 22 112
0 7 0 0 21 6 59
0 7 0 0 10 17 111
0 6 27 0 0 1 9
0 6 25 3 0 0 171
0 6 25 1 1 1 30
0 6 23 4 1 0 127
0 6 23 2 2 1 49
0 6 23 0 3 2 173
0 6 22 2 0 4 142
0 6 22 0 1 5 91
0 6 21 5 2 0 149
0 6 21 3 3 1 28
0 6 21 1 4 2 8
0 6 20 5 0 3 143
0 6 20 3 1 4 53
0 6 20 1 2 5 1
0 6 20 0 8 0 62
0 6 19 6 3 0 178
0 6 19 4 4 1 31
0 6 19 2 5 2 160
0 6 19 1 0 8 112
0 6 19 0 6 3 61
0 6 18 8 0 2 62
0 6 18 6 1 3 16
0 6 18 4 2 4 103
0 6 18 2 3 5 146
0 6 18 1 9 0 107
0 6 18 0 4 6 72
0 6 17 7 4 0 182
0 6 17 5 5 1 39
0 6 17 4 0 7 73
0 6 17 3 6 2 9
0 6 17 2 1 8 163
0 6 17 1 7 3 5
0 6 17 0 2 9 62
0 6 16 11 0 1 68
0 6 16 9 1 2 152
0 6 16 7 2 3 45
0 6 16 5 3 4 50
0 6 16 3 4 5 75
0 6 16 2 10 0 55
0 6 16 1 5 6 138
0 6 16 0 11 1 10
0 6 16 0 0 12 24
0 6 15 8 5 0 141
0 6 15 7 0 6 84
0 6 15 6 6 1 132
0 6 15 5 1 7 97
0 6 15 4 7 2 190
0 6 15 3 2 8 140
0 6 15 2 8 3 75
0 6 15 1 3 9 17
0 6 15 0 9 4 73
0 6 14 14 0 0 81
0 6 14 12 1 1 181
0 6 14 10 2 2 187
0 6 14 6 4 4 151
0 6 14 4 5 5 124
0 6 14 3 11 0 130
0 6 14 3 0 11 2
0 6 14 2 6 6 131
0 6 14 1 12 1 180
0 6 14 1 1 12 9
0 6 14 0 7 7 158
0 6 13 10 0 5 131
0 6 13 9 6 0 146
0 6 13 8 1 6 96
0 6 13 7 7 1 139
0 6 13 6 2 7 124
0 6 13 5 8 2 150
0 6 13 4 3 8 133
0 6 13 3 9 3 5
0 6 13 2 4 9 21
0 6 13 1 10 4 133
0 6 13 0 5 10 6
0 6 12 15 1 0 164
0 6 12 13 2 1 71
0 6 12 11 3 2 64
0 6 12 9 4 3 95
0 6 12 7 5 4 41
0 6 12 6 0 10 162
0 6 12 5 6 5 6
0 6 12 4 12 0 70
0 6 12 4 1 11 177
0 6 12 3 7 6 158
0 6 12 2 13 1 2
0 6 12 2 2 12 124
0 6 12 1 8 7 180
0 6 12 0 14 2 126
0 6 12 0 3 13 196
0 6 11 13 0 4 50
0 6 11 11 1 5 61
0 6 11 10 7 0 147
0 6 11 9 2 6 19
0 6 11 8 8 1 161
0 6 11 7 3 7 43
0 6 11 6 9 2 71
0 6 11 5 4 8 127
0 6 11 4 10 3 91
0 6 11 3 5 9 12
0 6 11 2 11 4 190
0 6 11 2 0 15 34
0 6 11 1 6 10 75
0 6 11 0 12 5 79
0 6 11 0 1 16 142
0 6 10 16 2 0 52
0 6 10 14 3 1 192
0 6 10 12 4 2 99
0 6 10 10 5 3 9
0 6 10 9 0 9 25
0 6 10 8 6 4 164
0 6 10 7 1 10 122
0 6 10 6 7 5 123
0 6 10 5 13 0 96
0 6 10 5 2 11 190
0 6 10 4 8 6 186
0 6 10 3 14 1 192
0 6 10 3 3 12 153
0 6 10 2 9 7 55
0 6 10 1 15 2 156
0 6 10 1 4 13 16
0 6 10 0 10 8 22
0 6 9 16 0 3 123
0 6 9 14 1 4 15
0 6 9 12 2 5 52
0 6 9 11 8 0 156
0 6 9 10 3 6 146
0 6 9 9 9 1 1
0 6 9 8 4 7 118
0 6 9 7 10 2 25
0 6 9 6 5 8 160
0 6 9 5 11 3 133
0 6 9 5 0 14 147
0 6 9 4 6 9 109
0 6 9 3 12 4 137
0 6 9 3 1 15 80
0 6 9 2 7 10 162
0 6 9 1 13 5 29
0 6 9 1 2 16 28
0 6 9 0 19 0 74
0 6 9 0 8 11 70
0 6 8 17 3 0 155
0 6 8 15 4 1 52
0 6 8 13 5 2 118
0 6 8 12 0 8 62
0 6 8 11 6 3 125
0 6 8 10 1 9 107
0 6 8 9 7 4 82
0 6 8 8 2 10 74
0 6 8 7 8 5 13
0 6 8 6 14 0 131
0 6 8 6 3 11 34
0 6 8 5 9 6 72
0 6 8 4 15 1 145
0 6 8 4 4 12 187
0 6 8 3 10 7 176
0 6 8 2 16 2 42
0 6 8 2 5 13 50
0 6 8 1 11 8 35
0 6 8 1 0 19 10
0 6 8 0 17 3 191
0 6 8 0 6 14 174
0 6 7 19 0 2 97
0 6 7 17 1 3 156
0 6 7 15 2 4 37
0 6 7 13 3 5 151
0 6 7 12 9 0 67
0 6 7 11 4 6 119
0 6 7 10 10 1 164
0 6 7 9 5 7 108
0 6 7 8 11 2 62
0 6 7 8 0 13 72
0 6 7 7 6 8 89
0 6 7 6 12 3 79
0 6 7 6 1 14 116
0 6 7 5 7 9 148
0 6 7 4 13 4 34
0 6 7 4 2 15 17
0 6 7 3 8 10 83
0 6 7 2 14 5 17
0 6 7 2 3 16 196
0 6 7 1 20 0 197
0 6 7 1 9 11 47
0 6 7 0 15 6 14
0 6 7 0 4 17 90
0 6 6 18 4 0 24
0 6 6 16 5 1 100
0 6 6 15 0 7 102
0 6 6 14 6 2 37
0 6 6 13 1 8 190
0 6 6 12 7 3 16
0 6 6 11 2 9 26
0 6 6 10 8 4 125
0 6 6 9 3 10 188
0 6 6 8 9 5 162
0 6 6 7 15 0 141
0 6 6 7 4 11 182
0 6 6 6 10 6 120
0 6 6 5 16 1 129
0 6 6 5 5 12 113
0 6 6 4 11 7 101
0 6 6 4 0 18 141
0 6 6 3 17 2 5
0 6 6 3 6 13 108
0 6 6 2 12 8 80
0 6 6 2 1 19 19
0 6 6 1 18 3 25
0 6 6 1 7 14 75
0 6 6 0 13 9 64
0 6 6 0 2 20 31
0 6 5 22 0 1 79
0 6 5 20 1 2 88
0 6 5 18 2 3 65
0 6 5 16 3 4 30
0 6 5 14 4 5 143
0 6 5 13 10 0 65
0 6 5 12 5 6 124
0 6 5 11 11 1 34
0 6 5 11 0 12 117
0 6 5 10 6 7 26
0 6 5 9 12 2 50
0 6 5 9 1 13 94
0 6 5 8 7 8 155
0 6 5 7 13 3 78
0 6 5 7 2 14 123
0 6 5 6 8 9 189
0 6 5 5 14 4 116
0 6 5 5 3 15 37
0 6 5 4 9 10 127
0 6 5 3 15 5 52
0 6 5 3 4 16 180
0 6 5 2 21 0 55
0 6 5 2 10 11 23
0 6 5 1 16 6 62
0 6 5 1 5 17 159
0 6 5 0 22 1 26
0 6 5 0 11 12 8
0 6 5 0 0 23 167
0 6 4 19 5 0 51
0 6 4 18 0 6 176
0 6 4 17 6 1 75
0 6 4 16 1 7 189
0 6 4 15 7 2 134
0 6 4 14 2 8 129
0 6 4 12 3 9 53
0 6 4 11 9 4 141
0 6 4 10 4 10 179
0 6 4 9 10 5 163
0 6 4 8 16 0 83
0 6 4 8 5 11 127
0 6 4 7 11 6 4
0 6 4 7 0 17 93
0 6 4 6 17 1 96
0 6 4 6 6 12 147
0 6 4 5 12 7 106
0 6 4 5 1 18 97
0 6 4 4 18 2 57
0 6 4 4 7 13 13
0 6 4 3 13 8 180
0 6 4 3 2 19 97
0 6 4 2 19 3 164
0 6 4 2 8 14 3
0 6 4 1 14 9 85
0 6 4 1 3 20 137
0 6 4 0 20 4 98
0 6 4 0 9 15 120
0 6 3 25 0 0 159
0 6 3 23 1 1 54
0 6 3 21 2 2 169
0 6 3 19 3 3 111
0 6 3 17 4 4 120
0 6 3 15 5 5 100
0 6 3 14 11 0 198
0 6 3 14 0 11 158
0 6 3 13 6 6 20
0 6 3 12 12 1 155
0 6 3 12 1 12 198
0 6 3 11 7 7 112
0 6 3 10 13 2 47
0 6 3 10 2 13 7
0 6 3 9 8 8 20
0 6 3 8 14 3 155
0 6 3 8 3 14 45
0 6 3 7 9 9 191
0 6 3 6 15 4 91
0 6 3 6 4 15 191
0 6 3 5 10 10 126
0 6 3 4 16 5 11
0 6 3 4 5 16 139
0 6 3 3 22 0 21
0 6 3 3 11 11 49
0 6 3 3 0 22 183
0 6 3 2 17 6 84
0 6 3 2 6 17 161
0 6 3 1 23 1 56
0 6 3 1 12 12 113
0 6 3 1 1 23 177
0 6 3 0 18 7 191
0 6 3 0 7 18 125
0 6 2 21 0 5 122
0 6 2 20 6 0 64
0 6 2 19 1 6 77
0 6 2 18 7 1 194
0 6 2 17 2 7 152
0 6 2 16 8 2 149
0 6 2 15 3 8 186
0 6 2 14 9 3 40
0 6 2 13 4 9 50
0 6 2 12 10 4 58
0 6 2 11 5 10 46
0 6 2 10 11 5 145
0 6 2 10 0 16 23
0 6 2 9 17 0 13
0 6 2 9 6 11 117
0 6 2 8 12 6 30
0 6 2 8 1 17 128
0 6 2 7 18 1 22
0 6 2 7 7 12 147
0 6 2 6 13 7 62
0 6 2 6 2 18 60
0 6 2 5 19 2 17
0 6 2 5 8 13 107
0 6 2 4 14 8 152
0 6 2 4 3 19 146
0 6 2 3 20 3 176
0 6 2 3 9 14 113
0 6 2 2 15 9 184
0 6 2 2 4 20 38
0 6 2 1 21 4 160
0 6 2 1 10 15 15
0 6 2 0 16 10 186
0 6 2 0 5 21 107
0 6 1 26 1 0 148
0 6 1 24 2 1 187
0 6 1 22 3 2 104
0 6 1 20 4 3 154
0 6 1 17 0 10 186
0 6 1 16 6 5 64
0 6 1 15 12 0 49
0 6 1 15 1 11 106
0 6 1 14 7 6 15
0 6 1 13 13 1 182
0 6 1 13 2 12 99
0 6 1 12 8 7 179
0 6 1 11 14 2 76
0 6 1 11 3 13 58
0 6 1 10 9 8 92
0 6 1 9 15 3 25
0 6 1 9 4 14 104
0 6 1 8 10 9 189
0 6 1 7 16 4 133
0 6 1 7 5 15 167
0 6 1 6 11 10 194
0 6 1 6 0 21 67
0 6 1 5 17 5 85
0 6 1 5 6 16 128
0 6 1 4 23 0 153
0 6 1 4 12 11 33
0 6 1 4 1 22 169
0 6 1 3 18 6 143
0 6 1 3 7 17 121
0 6 1 2 24 1 28
0 6 1 2 13 12 121
0 6 1 2 2 23 114
0 6 1 1 19 7 130
0 6 1 1 8 18 18
0 6 1 0 25 2 31
0 6 1 0 14 13 173
0 6 1 0 3 24 175
0 6 0 24 0 4 166
0 6 0 22 1 5 58
0 6 0 21 7 0 190
0 6 0 20 2 6 106
0 6 0 19 8 1 39
0 6 0 18 3 7 193
0 6 0 17 9 2 150
0 6 0 16 4 8 52
0 6 0 15 10 3 151
0 6 0 14 5 9 78
0 6 0 13 0 15 139
0 6 0 12 6 10 17
0 6 0 11 12 5 96
0 6 0 11 1 16 83
0 6 0 10 18 0 140
0 6 0 10 7 11 66
0 6 0 9 2 17 102
0 6 0 8 19 1 150
0 6 0 8 8 12 112
0 6 0 7 14 7 122
0 6 0 7 3 18 178
0 6 0 6 20 2 176
0 6 0 6 9 13 189
0 6 0 5 15 8 189
0 6 0 5 4 19 89
0 6 0 4 21 3 188
0 6 0 4 10 14 171
0 6 0 3 16 9 143
0 6 0 2 22 4 175
0 6 0 2 11 15 42
0 6 0 2 0 26 94
0 6 0 1 17 10 110
0 6 0 1 6 21 142
0 6 0 0 23 5 16
0 6 0 0 12 16 72
0 6 0 0 1 27 128
0 5 27 0 2 0 139
0 5 26 0 0 3 11
0 5 25 1 3 0 6
0 5 24 3 0 2 167
0 5 24 1 1 3 20
0 5 23 2 4 0 188
0 5 23 0 5 1 46
0 5 22 6 0 1 137
0 5 22 4 1 2 189
0 5 22 2 2 3 80
0 5 22 0 3 4 182
0 5 21 3 5 0 15
0 5 21 2 0 6 79
0 5 21 1 6 1 173
0 5 21 0 1 7 177
0 5 20 9 0 0 182
0 5 20 7 1 1 11
0 5 20 5 2 2 140
0 5 20 3 3 3 20
0 5 20 1 4 4 41
0 5 19 5 0 5 88
0 5 19 4 6 0 20
0 5 19 3 1 6 184
0 5 19 2 7 1 183
0 5 19 1 2 7 168
0 5 19 0 8 2 11
0 5 18 10 1 0 79
0 5 18 8 2 1 35
0 5 18 6 3 2 154
0 5 18 4 4 3 71
0 5 18 2 5 4 3
0 5 18 1 0 10 81
0 5 18 0 6 5 116
0 5 17 8 0 4 26
0 5 17 6 1 5 190
0 5 17 5 7 0 78
0 5 17 4 2 6 97
0 5 17 3 8 1 11
0 5 17 2 3 7 26
0 5 17 1 9 2 148
0 5 17 0 4 8 55
0 5 16 11 2 0 194
0 5 16 9 3 1 88
0 5 16 7 4 2 15
0 5 16 5 5 3 68
0 5 16 4 0 9 196
0 5 16 3 6 4 150
0 5 16 2 1 10 197
0 5 16 1 7 5 68
0 5 16 0 13 0 108
0 5 16 0 2 11 163
0 5 15 11 0 3 133
0 5 15 9 1 4 32
0 5 15 7 2 5 61
0 5 15 6 8 0 164
0 5 15 5 3 6 68
0 5 15 4 9 1 115
0 5 15 3 4 7 95
0 5 15 2 10 2 181
0 5 15 1 5 8 40
0 5 15 0 11 3 197
0 5 15 0 0 14 146
0 5 14 12 3 0 8
0 5 14 10 4 1 109
0 5 14 8 5 2 136
0 5 14 7 0 8 17
0 5 14 6 6 3 123
0 5 14 5 1 9 38
0 5 14 4 7 4 61
0 5 14 3 2 10 197
0 5 14 2 8 5 37
0 5 14 1 14 0 48
0 5 14 1 3 11 170
0 5 14 0 9 6 65
0 5 13 14 0 2 126
0 5 13 12 1 3 188
0 5 13 10 2 4 189
0 5 13 8 3 5 25
0 5 13 7 9 0 124
0 5 13 6 4 6 128
0 5 13 5 10 1 111
0 5 13 4 5 7 112
0 5 13 3 11 2 22
0 5 13 3 0 13 73
0 5 13 2 6 8 25
0 5 13 1 12 3 77
0 5 13 1 1 14 61
0 5 13 0 7 9 145
0 5 12 13 4 0 170
0 5 12 11 5 1 13
0 5 12 10 0 7 89
0 5 12 9 6 2 4
0 5 12 8 1 8 14
0 5 12 7 7 3 138
0 5 12 6 2 9 141
0 5 12 5 8 4 61
0 5 12 4 3 10 124
0 5 12 3 9 5 153
0 5 12 2 15 0 19
0 5 12 2 4 11 151
0 5 12 1 10 6 85
0 5 12 0 16 1 198
0 5 12 0 5 12 87
0 5 11 17 0 1 95
0 5 11 15 1 2 116
0 5 11 13 2 3 102
0 5 11 11 3 4 83
0 5 11 9 4 5 3
0 5 11 8 10 0 129
0 5 11 7 5 6 71
0 5 11 6 11 1 95
0 5 11 6 0 12 20
0 5 11 5 6 7 136
0 5 11 4 12 2 26
0 5 11 4 1 13 4
0 5 11 3 7 8 163
0 5 11 2 13 3 35
0 5 11 2 2 14 94
0 5 11 1 8 9 75
0 5 11 0 14 4 198
0 5 11 0 3 15 123
0 5 10 14 5 0 49
0 5 10 13 0 6 88
0 5 10 12 6 1 64
0 5 10 11 1 7 15
0 5 10 10 7 2 35
0 5 10 9 2 8 191
0 5 10 8 8 3 161
0 5 10 7 3 9 98
0 5 10 6 9 4 143
0 5 10 5 4 10 59
0 5 10 3 16 0 8
0 5 10 3 5 11 1
0 5 10 2 11 6 98
0 5 10 2 0 17 181
0 5 10 1 17 1 19
0 5 10 1 6 12 117
0 5 10 0 12 7 161
0 5 10 0 1 18 77
0 5 9 20 0 0 135
0 5 9 18 1 1 144
0 5 9 16 2 2 105
0 5 9 14 3 3 156
0 5 9 12 4 4 54
0 5 9 10 5 5 177
0 5 9 9 11 0 114
0 5 9 9 0 11 193
0 5 9 8 6 6 60
0 5 9 7 12 1 139
0 5 9 7 1 12 60
0 5 9 6 7 7 130
0 5 9 5 13 2 187
0 5 9 5 2 13 173
0 5 9 4 8 8 159
0 5 9 3 14 3 58
0 5 9 3 3 14 180
0 5 9 2 9 9 145
0 5 9 1 15 4 21
0 5 9 1 4 15 25
0 5 9 0 10 10 8
0 5 8 16 0 5 111
0 5 8 15 6 0 189
0 5 8 14 1 6 134
0 5 8 13 7 1 66
0 5 8 12 2 7 53
0 5 8 11 8 2 28
0 5 8 10 3 8 152
0 5 8 9 9 3 191
0 5 8 8 4 9 14
0 5 8 7 10 4 70
0 5 8 6 5 10 126
0 5 8 5 11 5 165
0 5 8 5 0 16 39
0 5 8 4 17 0 151
0 5 8 4 6 11 121
0 5 8 3 12 6 136
0 5 8 3 1 17 164
0 5 8 2 18 1 35
0 5 8 2 7 12 39
0 5 8 1 13 7 51
0 5 8 1 2 18 94
0 5 8 0 19 2 72
0 5 8 0 8 13 21
0 5 7 21 1 0 179
0 5 7 19 2 1 45
0 5 7 17 3 2 13
0 5 7 15 4 3 192
0 5 7 13 5 4 151
0 5 7 12 0 10 4
0 5 7 11 6 5 87
0 5 7 10 12 0 150
0 5 7 10 1 11 96
0 5 7 9 7 6 165
0 5 7 8 13 1 172
0 5 7 8 2 12 126
0 5 7 7 8 7 151
0 5 7 6 14 2 113
0 5 7 6 3 13 131
0 5 7 5 9 8 166
0 5 7 4 15 3 85
0 5 7 4 4 14 109
0 5 7 3 10 9 2
0 5 7 2 16 4 42
0 5 7 2 5 15 143
0 5 7 1 11 10 17
0 5 7 1 0 21 91
0 5 7 0 17 5 150
0 5 7 0 6 16 145
0 5 6 19 0 4 67
0 5 6 17 1 5 149
0 5 6 16 7 0 177
0 5 6 15 2 6 181
0 5 6 14 8 1 32
0 5 6 13 3 7 146
0 5 6 12 9 2 140
0 5 6 11 4 8 106
0 5 6 10 10 3 72
0 5 6 9 5 9 48
0 5 6 8 11 4 165
0 5 6 8 0 15 16
0 5 6 7 6 10 69
0 5 6 6 12 5 23
0 5 6 6 1 16 178
0 5 6 5 18 0 189
0 5 6 5 7 11 84
0 5 6 4 13 6 23
0 5 6 4 2 17 171
0 5 6 3 19 1 154
0 5 6 3 8 12 110
0 5 6 2 14 7 116
0 5 6 2 3 18 155
0 5 6 1 20 2 49
0 5 6 1 9 13 136
0 5 6 0 15 8 124
0 5 6 0 4 19 159
0 5 5 22 2 0 48
0 5 5 20 3 1 20
0 5 5 18 4 2 165
0 5 5 16 5 3 162
0 5 5 15 0 9 38
0 5 5 14 6 4 45
0 5 5 13 1 10 189
0 5 5 12 7 5 144
0 5 5 11 13 0 173
0 5 5 11 2 11 142
0 5 5 10 8 6 196
0 5 5 9 14 1 24
0 5 5 9 3 12 191
0 5 5 8 9 7 114
0 5 5 7 15 2 93
0 5 5 6 10 8 102
0 5 5 5 16 3 110
0 5 5 5 5 14 191
0 5 5 4 11 9 32
0 5 5 4 0 20 138
0 5 5 3 17 4 145
0 5 5 3 6 15 139
0 5 5 2 12 10 119
0 5 5 2 1 21 159
0 5 5 1 18 5 142
0 5 5 1 7 16 84
0 5 5 0 24 0 32
0 5 5 0 13 11 178
0 5 5 0 2 22 74
0 5 4 22 0 3 170
0 5 4 20 1 4 49
0 5 4 18 2 5 43
0 5 4 17 8 0 26
0 5 4 16 3 6 4
0 5 4 15 9 1 77
0 5 4 14 4 7 48
0 5 4 13 10 2 13
0 5 4 11 11 3 83
0 5 4 11 0 14 190
0 5 4 10 6 9 67
0 5 4 9 12 4 58
0 5 4 9 1 15 163
0 5 4 8 7 10 195
0 5 4 7 13 5 18
0 5 4 7 2 16 74
0 5 4 6 19 0 158
0 5 4 6 8 11 14
0 5 4 5 14 6 138
0 5 4 5 3 17 147
0 5 4 4 20 1 51
0 5 4 4 9 12 5
0 5 4 3 15 7 117
0 5 4 3 4 18 125
0 5 4 2 21 2 114
0 5 4 2 10 13 111
0 5 4 1 16 8 26
0 5 4 1 5 19 15
0 5 4 0 22 3 104
0 5 4 0 11 14 28
0 5 4 0 0 25 70
0 5 3 23 3 0 83
0 5 3 21 4 1 50
0 5 3 19 5 2 94
0 5 3 18 0 8 45
0 5 3 17 6 3 70
0 5 3 16 1 9 168
0 5 3 15 7 4 136
0 5 3 14 2 10 144
0 5 3 13 8 5 198
0 5 3 12 14 0 23
0 5 3 12 3 11 133
0 5 3 11 9 6 190
0 5 3 10 15 1 137
0 5 3 10 4 12 25
0 5 3 9 10 7 134
0 5 3 8 16 2 157
0 5 3 8 5 13 54
0 5 3 7 11 8 63
0 5 3 7 0 19 135
0 5 3 6 17 3 35
0 5 3 6 6 14 84
0 5 3 5 12 9 95
0 5 3 5 1 20 81
0 5 3 4 18 4 185
0 5 3 4 7 15 136
0 5 3 3 13 10 87
0 5 3 3 2 21 7
0 5 3 2 19 5 174
0 5 3 2 8 16 151
0 5 3 1 25 0 101
0 5 3 1 14 11 75
0 5 3 1 3 22 64
0 5 3 0 20 6 64
0 5 3 0 9 17 7
0 5 2 25 0 2 63
0 5 2 23 1 3 88
0 5 2 21 2 4 134
0 5 2 19 3 5 103
0 5 2 18 9 0 44
0 5 2 17 4 6 190
0 5 2 16 10 1 22
0 5 2 15 5 7 79
0 5 2 14 11 2 45
0 5 2 14 0 13 8
0 5 2 13 6 8 154
0 5 2 12 12 3 197
0 5 2 12 1 14 85
0 5 2 11 7 9 196
0 5 2 10 13 4 132
0 5 2 10 2 15 197
0 5 2 9 8 10 129
0 5 2 8 14 5 40
0 5 2 8 3 16 81
0 5 2 7 20 0 118
0 5 2 7 9 11 85
0 5 2 6 15 6 55
0 5 2 6 4 17 176
0 5 2 5 21 1 29
0 5 2 5 10 12 119
0 5 2 4 16 7 197
0 5 2 4 5 18 74
0 5 2 3 22 2 35
0 5 2 3 11 13 163
0 5 2 3 0 24 176
0 5 2 2 17 8 48
0 5 2 2 6 19 84
0 5 2 1 23 3 175
0 5 2 1 12 14 136
0 5 2 1 1 25 7
0 5 2 0 18 9 104
0 5 2 0 7 20 10
0 5 1 24 4 0 79
0 5 1 22 5 1 81
0 5 1 21 0 7 144
0 5 1 20 6 2 185
0 5 1 19 1 8 80
0 5 1 18 7 3 34
0 5 1 17 2 9 162
0 5 1 16 8 4 178
0 5 1 15 3 10 137
0 5 1 14 9 5 150
0 5 1 13 15 0 147
0 5 1 13 4 11 61
0 5 1 12 10 6 40
0 5 1 11 16 1 134
0 5 1 11 5 12 142
0 5 1 10 11 7 128
0 5 1 10 0 18 4
0 5 1 9 17 2 177
0 5 1 9 6 13 63
0 5 1 8 12 8 122
0 5 1 8 1 19 173
0 5 1 7 18 3 47
0 5 1 7 7 14 30
0 5 1 6 13 9 99
0 5 1 6 2 20 67
0 5 1 5 19 4 150
0 5 1 5 8 15 162
0 5 1 4 14 10 22
0 5 1 4 3 21 18
0 5 1 3 20 5 129
0 5 1 3 9 16 26
0 5 1 2 26 0 195
0 5 1 2 15 11 4
0 5 1 2 4 22 137
0 5 1 1 21 6 86
0 5 1 1 10 17 31
0 5 1 0 16 12 102
0 5 1 0 5 23 31
0 5 0 28 0 1 75
0 5 0 26 1 2 75
0 5 0 24 2 3 122
0 5 0 22 3 4 162
0 5 0 20 4 5 172
0 5 0 19 10 0 155
0 5 0 18 5 6 51
0 5 0 17 11 1 98
0 5 0 17 0 12 39
0 5 0 16 6 7 162
0 5 0 15 12 2 160
0 5 0 15 1 13 72
0 5 0 14 7 8 93
0 5 0 13 13 3 16
0 5 0 13 2 14 174
0 5 0 12 8 9 2
0 5 0 11 14 4 141
0 5 0 11 3 15 32
0 5 0 10 9 10 17
0 5 0 9 15 5 31
0 5 0 9 4 16 146
0 5 0 8 21 0 64
0 5 0 8 10 11 54
0 5 0 7 16 6 166
0 5 0 7 5 17 64
0 5 0 6 22 1 132
0 5 0 6 11 12 90
0 5 0 6 0 23 4
0 5 0 5 17 7 57
0 5 0 5 6 18 16
0 5 0 4 23 2 175
0 5 0 4 12 13 180
0 5 0 4 1 24 38
0 5 0 3 18 8 154
0 5 0 3 7 19 142
0 5 0 2 24 3 69
0 5 0 2 13 14 28
0 5 0 2 2 25 109
0 5 0 1 19 9 9
0 5 0 1 8 20 29
0 5 0 0 25 4 85
0 5 0 0 14 15 191
0 5 0 0 3 26 183
0 4 28 1 0 1 25
0 4 26 4 0 0 151
0 4 26 2 1 1 195
0 4 26 0 2 2 158
0 4 25 0 0 5 59
0 4 24 5 1 0 100
0 4 24 3 2 1 101
0 4 24 1 3 2 30
0 4 23 3 0 4 164
0 4 23 1 1 5 110
0 4 23 0 7 0 122
0 4 22 6 2 0 35
0 4 22 4 3 1 127
0 4 22 2 4 2 85
0 4 22 0 5 3 45
0 4 21 6 0 3 30
0 4 21 4 1 4 29
0 4 21 2 2 5 96
0 4 21 1 8 0 39
0 4 21 0 3 6 178
0 4 20 7 3 0 176
0 4 20 5 4 1 153
0 4 20 3 5 2 147
0 4 20 2 0 8 49
0 4 20 1 6 3 118
0 4 20 0 1 9 74
0 4 19 9 0 2 129
0 4 19 7 1 3 128
0 4 19 5 2 4 168
0 4 19 3 3 5 108
0 4 19 2 9 0 137
0 4 19 1 4 6 123
0 4 19 0 10 1 22
0 4 18 8 4 0 193
0 4 18 6 5 1 66
0 4 18 5 0 7 45
0 4 18 4 6 2 142
0 4 18 3 1 8 35
0 4 18 2 7 3 146
0 4 18 1 2 9 121
0 4 18 0 8 4 92
0 4 17 12 0 1 147
0 4 17 10 1 2 42
0 4 17 8 2 3 25
0 4 17 6 3 4 180
0 4 17 4 4 5 25
0 4 17 3 10 0 31
0 4 17 2 5 6 11
0 4 17 1 11 1 23
0 4 17 1 0 12 68
0 4 17 0 6 7 93
0 4 16 9 5 0 141
0 4 16 8 0 6 95
0 4 16 7 6 1 110
0 4 16 6 1 7 164
0 4 16 5 7 2 31
0 4 16 4 2 8 2
0 4 16 3 8 3 197
0 4 16 2 3 9 85
0 4 16 1 9 4 56
0 4 16 0 4 10 147
0 4 15 15 0 0 104
0 4 15 13 1 1 169
0 4 15 11 2 2 16
0 4 15 9 3 3 164
0 4 15 7 4 4 181
0 4 15 5 5 5 46
0 4 15 4 11 0 80
0 4 15 4 0 11 99
0 4 15 3 6 6 95
0 4 15 2 12 1 168
0 4 15 2 1 12 69
0 4 15 1 7 7 140
0 4 15 0 13 2 23
0 4 15 0 2 13 171
0 4 14 11 0 5 89
0 4 14 10 6 0 129
0 4 14 9 1 6 114
0 4 14 8 7 1 50
0 4 14 7 2 7 71
0 4 14 6 8 2 45
0 4 14 5 3 8 33
0 4 14 4 9 3 9
0 4 14 3 4 9 4
0 4 14 2 10 4 195
0 4 14 1 5 10 143
0 4 14 0 11 5 139
0 4 14 0 0 16 24
0 4 13 16 1 0 77
0 4 13 14 2 1 3
0 4 13 12 3 2 149
0 4 13 10 4 3 73
0 4 13 8 5 4 106
0 4 13 7 0 10 180
0 4 13 6 6 5 113
0 4 13 5 12 0 146
0 4 13 5 1 11 185
0 4 13 4 7 6 24
0 4 13 3 13 1 46
0 4 13 3 2 12 96
0 4 13 2 8 7 35
0 4 13 1 14 2 9
0 4 13 1 3 13 84
0 4 13 0 9 8 127
0 4 12 14 0 4 171
0 4 12 12 1 5 33
0 4 12 11 7 0 43
0 4 12 10 2 6 198
0 4 12 9 8 1 76
0 4 12 8 3 7 118
0 4 12 7 9 2 134
0 4 12 6 4 8 196
0 4 12 5 10 3 59
0 4 12 4 5 9 141
0 4 12 3 11 4 173
0 4 12 3 0 15 50
0 4 12 2 6 10 88
0 4 12 1 12 5 172
0 4 12 1 1 16 190
0 4 12 0 18 0 137
0 4 12 0 7 11 74
0 4 11 17 2 0 178
0 4 11 15 3 1 17
0 4 11 13 4 2 176
0 4 11 11 5 3 37
0 4 11 10 0 9 67
0 4 11 9 6 4 10
0 4 11 8 1 10 84
0 4 11 7 7 5 25
0 4 11 6 13 0 114
0 4 11 6 2 11 189
0 4 11 5 8 6 111
0 4 11 4 14 1 176
0 4 11 4 3 12 35
0 4 11 3 9 7 136
0 4 11 2 15 2 126
0 4 11 2 4 13 14
0 4 11 1 10 8 12
0 4 11 0 16 3 69
0 4 11 0 5 14 165
0 4 10 17 0 3 106
0 4 10 15 1 4 71
0 4 10 13 2 5 93
0 4 10 12 8 0 6
0 4 10 11 3 6 27
0 4 10 10 9 1 168
0 4 10 9 4 7 61
0 4 10 8 10 2 136
0 4 10 7 5 8 10
0 4 10 6 11 3 63
0 4 10 6 0 14 39
0 4 10 5 6 9 139
0 4 10 4 12 4 124
0 4 10 4 1 15 11
0 4 10 3 7 10 147
0 4 10 2 13 5 36
0 4 10 2 2 16 42
0 4 10 1 19 0 172
0 4 10 1 8 11 9
0 4 10 0 14 6 28
0 4 10 0 3 17 194
0 4 9 18 3 0 124
0 4 9 16 4 1 27
0 4 9 14 5 2 6
0 4 9 13 0 8 178
0 4 9 12 6 3 103
0 4 9 11 1 9 125
0 4 9 10 7 4 37
0 4 9 9 2 10 178
0 4 9 8 8 5 38
0 4 9 7 14 0 79
0 4 9 7 3 11 74
0 4 9 6 9 6 140
0 4 9 5 15 1 128
0 4 9 5 4 12 58
0 4 9 4 10 7 18
0 4 9 3 16 2 140
0 4 9 3 5 13 123
0 4 9 2 11 8 57
0 4 9 2 0 19 101
0 4 9 1 17 3 24
0 4 9 1 6 14 150
0 4 9 0 12 9 73
0 4 9 0 1 20 196
0 4 8 20 0 2 82
0 4 8 18 1 3 151
0 4 8 16 2 4 115
0 4 8 14 3 5 3
0 4 8 13 9 0 54
0 4 8 12 4 6 127
0 4 8 11 10 1 105
0 4 8 10 5 7 92
0 4 8 9 11 2 34
0 4 8 9 0 13 194
0 4 8 8 6 8 129
0 4 8 7 12 3 130
0 4 8 7 1 14 188
0 4 8 6 7 9 50
0 4 8 5 13 4 46
0 4 8 5 2 15 191
0 4 8 4 8 10 155
0 4 8 3 14 5 136
0 4 8 3 3 16 99
0 4 8 2 20 0 4
0 4 8 2 9 11 36
0 4 8 1 15 6 3
0 4 8 1 4 17 190
0 4 8 0 21 1 53
0 4 8 0 10 12 24
0 4 7 19 4 0 149
0 4 7 17 5 1 98
0 4 7 16 0 7 44
0 4 7 15 6 2 72
0 4 7 14 1 8 93
0 4 7 13 7 3 20
0 4 7 12 2 9 127
0 4 7 11 8 4 136
0 4 7 10 3 10 6
0 4 7 9 9 5 50
0 4 7 8 15 0 150
0 4 7 8 4 11 164
0 4 7 7 10 6 78
0 4 7 6 16 1 144
0 4 7 6 5 12 101
0 4 7 5 11 7 124
0 4 7 5 0 18 90
0 4 7 4 17 2 120
0 4 7 4 6 13 132
0 4 7 3 12 8 74
0 4 7 3 1 19 68
0 4 7 2 18 3 84
0 4 7 2 7 14 78
0 4 7 1 13 9 80
0 4 7 1 2 20 131
0 4 7 0 19 4 69
0 4 7 0 8 15 113
0 4 6 23 0 1 195
0 4 6 21 1 2 153
0 4 6 19 2 3 31
0 4 6 17 3 4 72
0 4 6 15 4 5 12
0 4 6 14 10 0 62
0 4 6 13 5 6 176
0 4 6 12 11 1 158
0 4 6 12 0 12 139
0 4 6 11 6 7 169
0 4 6 10 12 2 187
0 4 6 10 1 13 14
0 4 6 9 7 8 115
0 4 6 8 13 3 163
0 4 6 8 2 14 65
0 4 6 7 8 9 88
0 4 6 6 14 4 171
0 4 6 6 3 15 197
0 4 6 5 9 10 74
0 4 6 4 15 5 29
0 4 6 4 4 16 120
0 4 6 3 21 0 86
0 4 6 3 10 11 146
0 4 6 2 16 6 133
0 4 6 2 5 17 134
0 4 6 1 22 1 115
0 4 6 1 11 12 40
0 4 6 1 0 23 126
0 4 6 0 17 7 5
0 4 6 0 6 18 60
0 4 5 20 5 0 108
0 4 5 19 0 6 89
0 4 5 18 6 1 181
0 4 5 17 1 7 42
0 4 5 16 7 2 70
0 4 5 15 2 8 70
0 4 5 14 8 3 120
0 4 5 13 3 9 6
0 4 5 12 9 4 26
0 4 5 11 4 10 192
0 4 5 10 10 5 2
0 4 5 9 16 0 38
0 4 5 9 5 11 70
0 4 5 8 11 6 10
0 4 5 8 0 17 118
0 4 5 7 17 1 158
0 4 5 7 6 12 198
0 4 5 6 12 7 138
0 4 5 6 1 18 134
0 4 5 5 18 2 46
0 4 5 5 7 13 170
0 4 5 4 13 8 167
0 4 5 4 2 19 77
0 4 5 3 19 3 12
0 4 5 3 8 14 165
0 4 5 2 14 9 188
0 4 5 2 3 20 140
0 4 5 1 20 4 68
0 4 5 1 9 15 28
0 4 5 0 15 10 115
0 4 5 0 4 21 55
0 4 4 26 0 0 133
0 4 4 24 1 1 162
0 4 4 22 2 2 112
0 4 4 20 3 3 73
0 4 4 18 4 4 73
0 4 4 16 5 5 168
0 4 4 15 11 0 56
0 4 4 15 0 11 107
0 4 4 14 6 6 106
0 4 4 13 12 1 73
0 4 4 13 1 12 115
0 4 4 12 7 7 11
0 4 4 11 13 2 36
0 4 4 11 2 13 86
0 4 4 10 8 8 198
0 4 4 9 14 3 3
0 4 4 9 3 14 94
0 4 4 8 9 9 7
0 4 4 7 15 4 195
0 4 4 7 4 15 49
0 4 4 6 10 10 153
0 4 4 5 16 5 28
0 4 4 5 5 16 41
0 4 4 4 22 0 26
0 4 4 4 11 11 51
0 4 4 4 0 22 118
0 4 4 3 17 6 152
0 4 4 3 6 17 135
0 4 4 2 23 1 45
0 4 4 2 12 12 137
0 4 4 2 1 23 39
0 4 4 1 18 7 178
0 4 4 1 7 18 67
0 4 4 0 24 2 11
0 4 4 0 13 13 109
0 4 4 0 2 24 183
0 4 3 22 0 5 41
0 4 3 21 6 0 161
0 4 3 20 1 6 177
0 4 3 19 7 1 108
0 4 3 18 2 7 105
0 4 3 17 8 2 60
0 4 3 16 3 8 165
0 4 3 15 9 3 148
0 4 3 14 4 9 74
0 4 3 13 10 4 41
0 4 3 12 5 10 157
0 4 3 11 11 5 174
0 4 3 11 0 16 160
0 4 3 10 17 0 55
0 4 3 10 6 11 133
0 4 3 9 12 6 171
0 4 3 9 1 17 163
0 4 3 8 18 1 57
0 4 3 8 7 12 93
0 4 3 7 13 7 53
0 4 3 7 2 18 36
0 4 3 6 19 2 42
0 4 3 6 8 13 125
0 4 3 5 14 8 196
0 4 3 5 3 19 183
0 4 3 4 20 3 41
0 4 3 4 9 14 95
0 4 3 3 15 9 172
0 4 3 3 4 20 126
0 4 3 2 21 4 54
0 4 3 2 10 15 66
0 4 3 1 16 10 59
0 4 3 1 5 21 99
0 4 3 0 22 5 167
0 4 3 0 11 16 32
0 4 3 0 0 27 1
0 4 2 27 1 0 39
0 4 2 25 2 1 196
0 4 2 23 3 2 63
0 4 2 21 4 3 108
0 4 2 19 5 4 173
0 4 2 18 0 10 91
0 4 2 17 6 5 58
0 4 2 16 12 0 174
0 4 2 16 1 11 176
0 4 2 15 7 6 148
0 4 2 14 13 1 84
0 4 2 14 2 12 85
0 4 2 13 8 7 98
0 4 2 12 14 2 153
0 4 2 12 3 13 55
0 4 2 11 9 8 183
0 4 2 10 15 3 172
0 4 2 10 4 14 43
0 4 2 9 10 9 45
0 4 2 8 16 4 52
0 4 2 8 5 15 79
0 4 2 7 11 10 46
0 4 2 7 0 21 77
0 4 2 6 17 5 24
0 4 2 6 6 16 110
0 4 2 5 23 0 53
0 4 2 5 12 11 176
0 4 2 5 1 22 91
0 4 2 4 18 6 39
0 4 2 4 7 17 84
0 4 2 3 24 1 91
0 4 2 3 13 12 122
0 4 2 3 2 23 108
0 4 2 2 19 7 161
0 4 2 2 8 18 158
0 4 2 1 25 2 83
0 4 2 1 14 13 153
0 4 2 1 3 24 102
0 4 2 0 20 8 71
0 4 2 0 9 19 191
0 4 1 25 0 4 182
0 4 1 23 1 5 11
0 4 1 22 7 0 172
0 4 1 21 2 6 8
0 4 1 20 8 1 38
0 4 1 19 3 7 50
0 4 1 18 9 2 165
0 4 1 17 4 8 99
0 4 1 16 10 3 54
0 4 1 15 5 9 38
0 4 1 14 11 4 165
0 4 1 14 0 15 114
0 4 1 13 6 10 151
0 4 1 12 12 5 148
0 4 1 12 1 16 42
0 4 1 11 18 0 63
0 4 1 11 7 11 62
0 4 1 10 13 6 15
0 4 1 10 2 17 156
0 4 1 9 19 1 10
0 4 1 9 8 12 26
0 4 1 8 14 7 170
0 4 1 8 3 18 104
0 4 1 7 20 2 9
0 4 1 7 9 13 177
0 4 1 6 15 8 162
0 4 1 6 4 19 166
0 4 1 5 21 3 125
0 4 1 5 10 14 65
0 4 1 4 16 9 143
0 4 1 4 5 20 154
0 4 1 3 22 4 124
0 4 1 3 11 15 67
0 4 1 3 0 26 198
0 4 1 2 17 10 1
0 4 1 2 6 21 185
0 4 1 1 23 5 95
0 4 1 1 12 16 193
0 4 1 1 1 27 196
0 4 1 0 29 0 23
0 4 1 0 18 11 104
0 4 1 0 7 22 18
0 4 0 28 2 0 1
0 4 0 26 3 1 167
0 4 0 24 4 2 24
0 4 0 22 5 3 58
0 4 0 21 0 9 4
0 4 0 20 6 4 42
0 4 0 19 1 10 76
0 4 0 18 7 5 105
0 4 0 17 13 0 50
0 4 0 17 2 11 172
0 4 0 16 8 6 188
0 4 0 15 14 1 70
0 4 0 15 3 12 95
0 4 0 14 9 7 45
0 4 0 13 15 2 105
0 4 0 13 4 13 156
0 4 0 12 10 8 7
0 4 0 11 16 3 75
0 4 0 11 5 14 37
0 4 0 10 11 9 115
0 4 0 10 0 20 150
0 4 0 9 17 4 52
0 4 0 9 6 15 135
0 4 0 8 12 10 110
0 4 0 8 1 21 170
0 4 0 7 18 5 148
0 4 0 7 7 16 6
0 4 0 6 24 0 89
0 4 0 6 13 11 149
0 4 0 6 2 22 124
0 4 0 5 19 6 145
0 4 0 5 8 17 97
0 4 0 4 25 1 58
0 4 0 4 14 12 3
0 4 0 4 3 23 176
0 4 0 3 20 7 122
0 4 0 3 9 18 147
0 4 0 2 26 2 116
0 4 0 2 15 13 147
0 4 0 2 4 24 169
0 4 0 1 21 8 144
0 4 0 1 10 19 137
0 4 0 0 27 3 137
0 4 0 0 16 14 149
0 4 0 0 5 25 62
0 3 30 0 1 0 104
0 3 28 1 2 0 148
0 3 27 1 0 3 191
0 3 26 2 3 0 29
0 3 26 0 4 1 170
0 3 25 4 0 2 82
0 3 25 2 1 3 107
0 3 25 0 2 4 165
0 3 24 3 4 0 43
0 3 24 1 5 1 20
0 3 24 0 0 7 12
0 3 23 7 0 1 12
0 3 23 5 1 2 2
0 3 23 3 2 3 192
0 3 23 1 3 4 87
0 3 22 4 5 0 14
0 3 22 2 6 1 57
0 3 22 1 1 7 63
0 3 22 0 7 2 164
0 3 21 10 0 0 123
0 3 21 8 1 1 52
0 3 21 6 2 2 188
0 3 21 4 3 3 56
0 3 21 2 4 4 19
0 3 21 0 5 5 68
0 3 20 6 0 5 34
0 3 20 5 6 0 34
0 3 20 4 1 6 52
0 3 20 3 7 1 186
0 3 20 2 2 7 20
0 3 20 1 8 2 34
0 3 20 0 3 8 51
0 3 19 11 1 0 110
0 3 19 9 2 1 130
0 3 19 7 3 2 57
0 3 19 5 4 3 43
0 3 19 3 5 4 191
0 3 19 2 0 10 181
0 3 19 1 6 5 39
0 3 19 0 12 0 73
0 3 19 0 1 11 74
0 3 18 9 0 4 34
0 3 18 7 1 5 116
0 3 18 6 7 0 121
0 3 18 5 2 6 103
0 3 18 4 8 1 174
0 3 18 3 3 7 165
0 3 18 2 9 2 54
0 3 18 1 4 8 82
0 3 18 0 10 3 24
0 3 17 12 2 0 32
0 3 17 10 3 1 155
0 3 17 8 4 2 112
0 3 17 6 5 3 141
0 3 17 5 0 9 76
0 3 17 4 6 4 117
0 3 17 3 1 10 184
0 3 17 2 7 5 50
0 3 17 1 13 0 75
0 3 17 1 2 11 110
0 3 17 0 8 6 115
0 3 16 12 0 3 38
0 3 16 10 1 4 104
0 3 16 8 2 5 71
0 3 16 7 8 0 180
0 3 16 6 3 6 97
0 3 16 5 9 1 40
0 3 16 4 4 7 168
0 3 16 3 10 2 151
0 3 16 2 5 8 94
0 3 16 1 11 3 174
0 3 16 1 0 14 3
0 3 16 0 6 9 121
0 3 15 13 3 0 83
0 3 15 11 4 1 4
0 3 15 9 5 2 87
0 3 15 8 0 8 158
0 3 15 7 6 3 161
0 3 15 6 1 9 102
0 3 15 5 7 4 47
0 3 15 4 2 10 26
0 3 15 3 8 5 126
0 3 15 2 14 0 187
0 3 15 2 3 11 132
0 3 15 1 9 6 183
0 3 15 0 15 1 171
0 3 15 0 4 12 88
0 3 14 15 0 2 170
0 3 14 13 1 3 179
0 3 14 11 2 4 99
0 3 14 9 3 5 29
0 3 14 8 9 0 178
0 3 14 7 4 6 66
0 3 14 6 10 1 52
0 3 14 5 5 7 151
0 3 14 4 11 2 113
0 3 14 4 0 13 148
0 3 14 3 6 8 175
0 3 14 2 12 3 43
0 3 14 2 1 14 134
0 3 14 1 7 9 132
0 3 14 0 13 4 102
0 3 14 0 2 15 171
0 3 13 14 4 0 145
0 3 13 12 5 1 23
0 3 13 11 0 7 136
0 3 13 10 6 2 129
0 3 13 9 1 8 107
0 3 13 8 7 3 127
0 3 13 7 2 9 160
0 3 13 6 8 4 67
0 3 13 5 3 10 121
0 3 13 4 9 5 65
0 3 13 3 15 0 78
0 3 13 3 4 11 72
0 3 13 2 10 6 6
0 3 13 1 16 1 70
0 3 13 1 5 12 85
0 3 13 0 0 18 61
0 3 12 18 0 1 132
0 3 12 16 1 2 166
0 3 12 14 2 3 42
0 3 12 12 3 4 85
0 3 12 10 4 5 124
0 3 12 9 10 0 5
0 3 12 8 5 6 158
0 3 12 7 11 1 113
0 3 12 7 0 12 169
0 3 12 6 6 7 57
0 3 12 5 12 2 191
0 3 12 5 1 13 22
0 3 12 4 7 8 82
0 3 12 3 13 3 162
0 3 12 3 2 14 121
0 3 12 2 8 9 182
0 3 12 1 14 4 161
0 3 12 1 3 15 24
0 3 12 0 9 10 138
0 3 11 15 5 0 105
0 3 11 14 0 6 168
0 3 11 13 6 1 49
0 3 11 12 1 7 152
0 3 11 11 7 2 63
0 3 11 10 2 8 184
0 3 11 9 8 3 58
0 3 11 8 3 9 86
0 3 11 7 9 4 182
0 3 11 6 4 10 141
0 3 11 5 10 5 131
0 3 11 4 16 0 34
0 3 11 4 5 11 41
0 3 11 3 11 6 51
0 3 11 3 0 17 126
0 3 11 2 17 1 115
0 3 11 2 6 12 3
0 3 11 1 12 7 188
0 3 11 1 1 18 152
0 3 11 0 18 2 18
0 3 11 0 7 13 37
0 3 10 21 0 0 4
0 3 10 19 1 1 13
0 3 10 17 2 2 136
0 3 10 15 3 3 110
0 3 10 13 4 4 192
0 3 10 11 5 5 163
0 3 10 10 11 0 50
0 3 10 10 0 11 58
0 3 10 9 6 6 168
0 3 10 8 12 1 31
0 3 10 8 1 12 96
0 3 10 7 7 7 19
0 3 10 6 13 2 95
0 3 10 6 2 13 75
0 3 10 5 8 8 146
0 3 10 4 14 3 98
0 3 10 4 3 14 18
0 3 10 3 9 9 76
0 3 10 2 15 4 16
0 3 10 2 4 15 8
0 3 10 1 10 10 100
0 3 10 0 16 5 186
0 3 10 0 5 16 116
0 3 9 17 0 5 108
0 3 9 16 6 0 15
0 3 9 15 1 6 3
0 3 9 14 7 1 86
0 3 9 13 2 7 7
0 3 9 12 8 2 14
0 3 9 11 3 8 129
0 3 9 10 9 3 147
0 3 9 9 4 9 97
0 3 9 8 10 4 41
0 3 9 7 5 10 45
0 3 9 6 11 5 151
0 3 9 6 0 16 103
0 3 9 5 17 0 10
0 3 9 5 6 11 15
0 3 9 4 12 6 113
0 3 9 4 1 17 80
0 3 9 3 18 1 133
0 3 9 3 7 12 27
0 3 9 2 13 7 189
0 3 9 2 2 18 123
0 3 9 1 19 2 99
0 3 9 1 8 13 197
0 3 9 0 14 8 188
0 3 9 0 3 19 89
0 3 8 22 1 0 140
0 3 8 20 2 1 9
0 3 8 18 3 2 174
0 3 8 16 4 3 154
0 3 8 14 5 4 40
0 3 8 13 0 10 40
0 3 8 12 6 5 174
0 3 8 11 12 0 51
0 3 8 11 1 11 68
0 3 8 10 7 6 158
0 3 8 9 13 1 93
0 3 8 9 2 12 160
0 3 8 8 8 7 98
0 3 8 7 14 2 114
0 3 8 7 3 13 194
0 3 8 6 9 8 77
0 3 8 5 15 3 90
0 3 8 5 4 14 138
0 3 8 4 10 9 112
0 3 8 3 16 4 92
0 3 8 3 5 15 187
0 3 8 2 11 10 65
0 3 8 2 0 21 36
0 3 8 1 17 5 143
0 3 8 1 6 16 28
0 3 8 0 23 0 116
0 3 8 0 12 11 91
0 3 8 0 1 22 144
0 3 7 20 0 4 26
0 3 7 18 1 5 123
0 3 7 17 7 0 154
0 3 7 16 2 6 97
0 3 7 15 8 1 130
0 3 7 14 3 7 91
0 3 7 13 9 2 34
0 3 7 12 4 8 12
0 3 7 11 10 3 110
0 3 7 10 5 9 182
0 3 7 9 11 4 90
0 3 7 9 0 15 40
0 3 7 8 6 10 169
0 3 7 7 12 5 108
0 3 7 6 18 0 16
0 3 7 6 7 11 164
0 3 7 5 13 6 84
0 3 7 5 2 17 137
0 3 7 4 19 1 154
0 3 7 4 8 12 25
0 3 7 3 14 7 126
0 3 7 3 3 18 47
0 3 7 2 20 2 151
0 3 7 2 9 13 30
0 3 7 1 15 8 49
0 3 7 1 4 19 30
0 3 7 0 21 3 33
0 3 7 0 10 14 161
0 3 6 23 2 0 72
0 3 6 21 3 1 23
0 3 6 19 4 2 32
0 3 6 17 5 3 14
0 3 6 16 0 9 173
0 3 6 15 6 4 126
0 3 6 14 1 10 151
0 3 6 13 7 5 95
0 3 6 12 13 0 143
0 3 6 12 2 11 161
0 3 6 11 8 6 153
0 3 6 10 14 1 40
0 3 6 10 3 12 103
0 3 6 9 9 7 18
0 3 6 8 15 2 83
0 3 6 8 4 13 3
0 3 6 7 10 8 150
0 3 6 6 16 3 10
0 3 6 6 5 14 198
0 3 6 5 11 9 96
0 3 6 5 0 20 121
0 3 6 4 17 4 104
0 3 6 4 6 15 141
0 3 6 3 12 10 142
0 3 6 3 1 21 126
0 3 6 2 18 5 169
0 3 6 2 7 16 35
0 3 6 1 24 0 196
0 3 6 1 13 11 109
0 3 6 1 2 22 112
0 3 6 0 19 6 85
0 3 6 0 8 17 154
0 3 5 23 0 3 97
0 3 5 21 1 4 179
0 3 5 19 2 5 36
0 3 5 18 8 0 173
0 3 5 17 3 6 178
0 3 5 16 9 1 181
0 3 5 15 4 7 20
0 3 5 14 10 2 47
0 3 5 13 5 8 45
0 3 5 12 11 3 130
0 3 5 12 0 14 95
0 3 5 11 6 9 91
0 3 5 10 12 4 110
0 3 5 10 1 15 183
0 3 5 9 7 10 96
0 3 5 8 13 5 114
0 3 5 8 2 16 42
0 3 5 7 19 0 191
0 3 5 7 8 11 104
0 3 5 6 14 6 49
0 3 5 6 3 17 83
0 3 5 5 20 1 27
0 3 5 5 9 12 183
0 3 5 4 15 7 147
0 3 5 4 4 18 198
0 3 5 3 21 2 149
0 3 5 3 10 13 69
0 3 5 2 16 8 45
0 3 5 2 5 19 57
0 3 5 1 22 3 148
0 3 5 1 11 14 163
0 3 5 1 0 25 18
0 3 5 0 17 9 166
0 3 5 0 6 20 123
0 3 4 24 3 0 84
0 3 4 22 4 1 11
0 3 4 20 5 2 86
0 3 4 19 0 8 127
0 3 4 18 6 3 62
0 3 4 17 1 9 33
0 3 4 16 7 4 153
0 3 4 15 2 10 133
0 3 4 14 8 5 163
0 3 4 13 14 0 57
0 3 4 13 3 11 35
0 3 4 12 9 6 146
0 3 4 11 15 1 119
0 3 4 11 4 12 23
0 3 4 10 10 7 16
0 3 4 9 16 2 68
0 3 4 9 5 13 134
0 3 4 8 11 8 197
0 3 4 8 0 19 177
0 3 4 7 17 3 124
0 3 4 7 6 14 187
0 3 4 6 12 9 97
0 3 4 6 1 20 43
0 3 4 5 18 4 143
0 3 4 5 7 15 163
0 3 4 4 13 10 84
0 3 4 4 2 21 85
0 3 4 3 19 5 21
0 3 4 3 8 16 193
0 3 4 2 25 0 42
0 3 4 2 14 11 171
0 3 4 2 3 22 171
0 3 4 1 20 6 107
0 3 4 1 9 17 63
0 3 4 0 26 1 43
0 3 4 0 15 12 113
0 3 4 0 4 23 184
0 3 3 26 0 2 185
0 3 3 24 1 3 182
0 3 3 22 2 4 13
0 3 3 20 3 5 92
0 3 3 19 9 0 168
0 3 3 18 4 6 168
0 3 3 17 10 1 72
0 3 3 16 5 7 50
0 3 3 15 11 2 154
0 3 3 15 0 13 3
0 3 3 14 6 8 45
0 3 3 13 12 3 2
0 3 3 13 1 14 168
0 3 3 12 7 9 33
0 3 3 11 13 4 74
0 3 3 11 2 15 3
0 3 3 10 8 10 72
0 3 3 9 14 5 193
0 3 3 9 3 16 122
0 3 3 8 20 0 149
0 3 3 7 15 6 140
0 3 3 7 4 17 85
0 3 3 6 21 1 89
0 3 3 6 10 12 186
0 3 3 5 16 7 79
0 3 3 5 5 18 60
0 3 3 4 22 2 8
0 3 3 4 11 13 98
0 3 3 4 0 24 2
0 3 3 3 17 8 143
0 3 3 3 6 19 179
0 3 3 2 23 3 108
0 3 3 2 12 14 84
0 3 3 2 1 25 48
0 3 3 1 18 9 39
0 3 3 1 7 20 197
0 3 3 0 24 4 183
0 3 3 0 13 15 84
0 3 3 0 2 26 93
0 3 2 25 4 0 168
0 3 2 23 5 1 18
0 3 2 22 0 7 32
0 3 2 21 6 2 133
0 3 2 20 1 8 156
0 3 2 19 7 3 144
0 3 2 18 2 9 12
0 3 2 17 8 4 191
0 3 2 16 3 10 188
0 3 2 15 9 5 174
0 3 2 14 15 0 116
0 3 2 14 4 11 76
0 3 2 13 10 6 18
0 3 2 12 16 1 189
0 3 2 12 5 12 61
0 3 2 11 11 7 96
0 3 2 11 0 18 89
0 3 2 10 17 2 8
0 3 2 10 6 13 176
0 3 2 9 12 8 61
0 3 2 9 1 19 103
0 3 2 8 18 3 71
0 3 2 8 7 14 133
0 3 2 7 13 9 16
0 3 2 7 2 20 21
0 3 2 6 19 4 143
0 3 2 6 8 15 185
0 3 2 5 14 10 102
0 3 2 5 3 21 68
0 3 2 4 20 5 31
0 3 2 4 9 16 61
0 3 2 3 26 0 107
0 3 2 3 15 11 139
0 3 2 3 4 22 77
0 3 2 2 21 6 117
0 3 2 2 10 17 14
0 3 2 1 27 1 84
0 3 2 1 16 12 21
0 3 2 1 5 23 125
0 3 2 0 22 7 65
0 3 2 0 11 18 181
0 3 2 0 0 29 94
0 3 1 29 0 1 108
0 3 1 27 1 2 161
0 3 1 25 2 3 165
0 3 1 23 3 4 189
0 3 1 21 4 5 81
0 3 1 20 10 0 140
0 3 1 19 5 6 65
0 3 1 18 11 1 30
0 3 1 18 0 12 97
0 3 1 17 6 7 8
0 3 1 16 12 2 63
0 3 1 16 1 13 46
0 3 1 15 7 8 145
0 3 1 14 13 3 72
0 3 1 14 2 14 69
0 3 1 13 8 9 119
0 3 1 12 14 4 149
0 3 1 12 3 15 178
0 3 1 11 9 10 198
0 3 1 10 15 5 189
0 3 1 10 4 16 131
0 3 1 9 21 0 103
0 3 1 9 10 11 191
0 3 1 8 16 6 19
0 3 1 8 5 17 143
0 3 1 7 22 1 164
0 3 1 7 11 12 107
0 3 1 7 0 23 86
0 3 1 6 17 7 20
0 3 1 6 6 18 93
0 3 1 5 23 2 188
0 3 1 5 12 13 48
0 3 1 5 1 24 91
0 3 1 4 18 8 77
0 3 1 4 7 19 74
0 3 1 3 24 3 59
0 3 1 3 13 14 61
0 3 1 3 2 25 85
0 3 1 2 19 9 195
0 3 1 2 8 20 133
0 3 1 1 25 4 13
0 3 1 1 14 15 87
0 3 1 1 3 26 106
0 3 1 0 20 10 78
0 3 1 0 9 21 95
0 3 0 26 5 0 113
0 3 0 25 0 6 62
0 3 0 24 6 1 148
0 3 0 23 1 7 150
0 3 0 22 7 2 182
0 3 0 21 2 8 194
0 3 0 20 8 3 82
0 3 0 19 3 9 160
0 3 0 18 9 4 148
0 3 0 17 4 10 72
0 3 0 16 10 5 59
0 3 0 15 16 0 14
0 3 0 15 5 11 44
0 3 0 14 11 6 140
0 3 0 14 0 17 192
0 3 0 13 17 1 45
0 3 0 13 6 12 34
0 3 0 12 12 7 12
0 3 0 12 1 18 46
0 3 0 11 18 2 58
0 3 0 11 7 13 19
0 3 0 10 13 8 131
0 3 0 10 2 19 186
0 3 0 9 19 3 16
0 3 0 9 8 14 121
0 3 0 8 14 9 30
0 3 0 8 3 20 191
0 3 0 7 20 4 115
0 3 0 7 9 15 24
0 3 0 6 15 10 104
0 3 0 6 4 21 114
0 3 0 5 21 5 96
0 3 0 5 10 16 84
0 3 0 4 27 0 160
0 3 0 4 16 11 173
0 3 0 4 5 22 34
0 3 0 3 22 6 123
0 3 0 3 11 17 123
0 3 0 3 0 28 114
0 3 0 2 28 1 178
0 3 0 2 17 12 121
0 3 0 2 6 23 72
0 3 0 1 23 7 77
0 3 0 1 12 18 11
0 3 0 1 1 29 120
0 3 0 0 29 2 114
0 3 0 0 18 13 100
0 3 0 0 7 24 130
0 2 29 2 0 1 54
0 2 29 0 1 2 26
0 2 27 5 0 0 67
0 2 27 3 1 1 195
0 2 27 1 2 2 58
0 2 26 1 0 5 132
0 2 26 0 6 0 114
0 2 25 6 1 0 120
0 2 25 4 2 1 59
0 2 25 2 3 2 41
0 2 25 0 4 3 125
0 2 24 4 0 4 159
0 2 24 2 1 5 118
0 2 24 1 7 0 191
0 2 24 0 2 6 59
0 2 23 7 2 0 47
0 2 23 5 3 1 162
0 2 23 3 4 2 140
0 2 23 1 5 3 14
0 2 23 0 0 9 13
0 2 22 7 0 3 116
0 2 22 5 1 4 153
0 2 22 3 2 5 8
0 2 22 2 8 0 137
0 2 22 1 3 6 48
0 2 22 0 9 1 110
0 2 21 8 3 0 76
0 2 21 6 4 1 190
0 2 21 4 5 2 79
0 2 21 3 0 8 126
0 2 21 2 6 3 117
0 2 21 1 1 9 95
0 2 21 0 7 4 12
0 2 20 10 0 2 124
0 2 20 8 1 3 173
0 2 20 6 2 4 58
0 2 20 4 3 5 196
0 2 20 3 9 0 115
0 2 20 2 4 6 118
0 2 20 1 10 1 172
0 2 20 0 5 7 4
0 2 19 9 4 0 170
0 2 19 7 5 1 93
0 2 19 6 0 7 12
0 2 19 5 6 2 105
0 2 19 4 1 8 19
0 2 19 3 7 3 39
0 2 19 2 2 9 66
0 2 19 1 8 4 36
0 2 19 0 3 10 41
0 2 18 13 0 1 40
0 2 18 11 1 2 111
0 2 18 9 2 3 26
0 2 18 7 3 4 122
0 2 18 5 4 5 74
0 2 18 4 10 0 9
0 2 18 3 5 6 143
0 2 18 2 11 1 21
0 2 18 2 0 12 174
0 2 18 1 6 7 19
0 2 18 0 12 2 65
0 2 18 0 1 13 182
0 2 17 10 5 0 55
0 2 17 9 0 6 129
0 2 17 8 6 1 113
0 2 17 7 1 7 56
0 2 17 6 7 2 32
0 2 17 5 2 8 172
0 2 17 4 8 3 61
0 2 17 3 3 9 148
0 2 17 2 9 4 54
0 2 17 1 4 10 23
0 2 17 0 10 5 116
0 2 16 16 0 0 146
0 2 16 14 1 1 72
0 2 16 12 2 2 188
0 2 16 10 3 3 95
0 2 16 8 4 4 9
0 2 16 6 5 5 184
0 2 16 5 11 0 33
0 2 16 5 0 11 91
0 2 16 4 6 6 113
0 2 16 3 12 1 107
0 2 16 3 1 12 146
0 2 16 2 7 7 147
0 2 16 1 13 2 84
0 2 16 1 2 13 4
0 2 16 0 8 8 3
0 2 15 12 0 5 43
0 2 15 11 6 0 58
0 2 15 9 7 1 162
0 2 15 8 2 7 35
0 2 15 7 8 2 65
0 2 15 6 3 8 169
0 2 15 5 9 3 119
0 2 15 4 4 9 88
0 2 15 3 10 4 25
0 2 15 2 5 10 118
0 2 15 1 11 5 17
0 2 15 1 0 16 188
0 2 15 0 17 0 193
0 2 15 0 6 11 175
0 2 14 17 1 0 110
0 2 14 15 2 1 39
0 2 14 13 3 2 41
0 2 14 11 4 3 85
0 2 14 9 5 4 25
0 2 14 8 0 10 94
0 2 14 7 6 5 156
0 2 14 6 12 0 90
0 2 14 6 1 11 54
0 2 14 5 7 6 94
0 2 14 4 13 1 146
0 2 14 4 2 12 87
0 2 14 3 8 7 22
0 2 14 2 14 2 1
0 2 14 2 3 13 61
0 2 14 1 9 8 159
0 2 14 0 15 3 100
0 2 14 0 4 14 176
0 2 13 15 0 4 61
0 2 13 13 1 5 110
0 2 13 12 7 0 25
0 2 13 11 2 6 31
0 2 13 10 8 1 131
0 2 13 9 3 7 188
0 2 13 8 9 2 138
0 2 13 7 4 8 13
0 2 13 6 10 3 168
0 2 13 5 5 9 119
0 2 13 4 11 4 46
0 2 13 4 0 15 34
0 2 13 3 6 10 51
0 2 13 2 12 5 143
0 2 13 2 1 16 151
0 2 13 1 18 0 138
0 2 13 1 7 11 11
0 2 13 0 13 6 133
0 2 13 0 2 17 35
0 2 12 18 2 0 174
0 2 12 16 3 1 177
0 2 12 14 4 2 129
0 2 12 12 5 3 161
0 2 12 11 0 9 8
0 2 12 10 6 4 22
0 2 12 9 1 10 160
0 2 12 8 7 5 80
0 2 12 7 13 0 18
0 2 12 7 2 11 149
0 2 12 6 8 6 52
0 2 12 5 14 1 154
0 2 12 5 3 12 190
0 2 12 4 9 7 33
0 2 12 3 15 2 75
0 2 12 3 4 13 72
0 2 12 2 10 8 22
0 2 12 1 16 3 90
0 2 12 1 5 14 187
0 2 12 0 11 9 77
0 2 12 0 0 20 179
0 2 11 18 0 3 102
0 2 11 16 1 4 101
0 2 11 14 2 5 193
0 2 11 13 8 0 163
0 2 11 12 3 6 76
0 2 11 11 9 1 60
0 2 11 10 4 7 83
0 2 11 9 10 2 148
0 2 11 8 5 8 168
0 2 11 7 11 3 152
0 2 11 7 0 14 13
0 2 11 6 6 9 91
0 2 11 5 12 4 66
0 2 11 5 1 15 184
0 2 11 4 7 10 171
0 2 11 3 13 5 168
0 2 11 3 2 16 14
0 2 11 2 19 0 74
0 2 11 2 8 11 184
0 2 11 1 14 6 38
0 2 11 1 3 17 29
0 2 11 0 20 1 175
0 2 11 0 9 12 114
0 2 10 19 3 0 14
0 2 10 17 4 1 94
0 2 10 15 5 2 103
0 2 10 14 0 8 95
0 2 10 13 6 3 179
0 2 10 12 1 9 188
0 2 10 11 7 4 110
0 2 10 10 2 10 4
0 2 10 9 8 5 58
0 2 10 8 14 0 177
0 2 10 8 3 11 113
0 2 10 7 9 6 18
0 2 10 6 15 1 12
0 2 10 6 4 12 170
0 2 10 5 10 7 125
0 2 10 4 16 2 177
0 2 10 4 5 13 2
0 2 10 3 11 8 125
0 2 10 3 0 19 126
0 2 10 2 17 3 164
0 2 10 2 6 14 70
0 2 10 1 12 9 121
0 2 10 1 1 20 20
0 2 10 0 18 4 105
0 2 10 0 7 15 144
0 2 9 21 0 2 101
0 2 9 19 1 3 7
0 2 9 17 2 4 138
0 2 9 15 3 5 85
0 2 9 14 9 0 39
0 2 9 13 4 6 70
0 2 9 12 10 1 132
0 2 9 11 5 7 83
0 2 9 10 11 2 192
0 2 9 10 0 13 49
0 2 9 9 6 8 115
0 2 9 8 12 3 87
0 2 9 8 1 14 28
0 2 9 7 7 9 128
0 2 9 6 13 4 118
0 2 9 6 2 15 106
0 2 9 5 8 10 51
0 2 9 4 14 5 40
0 2 9 4 3 16 16
0 2 9 3 20 0 76
0 2 9 3 9 11 156
0 2 9 2 15 6 107
0 2 9 2 4 17 24
0 2 9 1 21 1 109
0 2 9 1 10 12 196
0 2 9 0 16 7 132
0 2 9 0 5 18 128
0 2 8 20 4 0 107
0 2 8 18 5 1 68
0 2 8 17 0 7 68
0 2 8 16 6 2 154
0 2 8 15 1 8 129
0 2 8 14 7 3 54
0 2 8 13 2 9 127
0 2 8 12 8 4 167
0 2 8 11 3 10 94
0 2 8 10 9 5 171
0 2 8 9 15 0 80
0 2 8 9 4 11 186
0 2 8 8 10 6 139
0 2 8 7 16 1 51
0 2 8 7 5 12 74
0 2 8 6 11 7 100
0 2 8 6 0 18 82
0 2 8 5 17 2 29
0 2 8 5 6 13 42
0 2 8 4 12 8 50
0 2 8 4 1 19 189
0 2 8 3 18 3 159
0 2 8 3 7 14 186
0 2 8 2 13 9 107
0 2 8 2 2 20 167
0 2 8 1 19 4 152
0 2 8 1 8 15 15
0 2 8 0 14 10 118
0 2 8 0 3 21 80
0 2 7 24 0 1 17
0 2 7 22 1 2 151
0 2 7 20 2 3 132
0 2 7 18 3 4 173
0 2 7 16 4 5 38
0 2 7 15 10 0 7
0 2 7 14 5 6 46
0 2 7 13 11 1 22
0 2 7 13 0 12 183
0 2 7 12 6 7 75
0 2 7 11 12 2 75
0 2 7 11 1 13 163
0 2 7 10 7 8 173
0 2 7 9 13 3 101
0 2 7 9 2 14 180
0 2 7 8 8 9 119
0 2 7 7 14 4 81
0 2 7 7 3 15 169
0 2 7 6 9 10 25
0 2 7 5 15 5 138
0 2 7 5 4 16 134
0 2 7 4 21 0 78
0 2 7 4 10 11 13
0 2 7 3 16 6 140
0 2 7 3 5 17 95
0 2 7 2 22 1 70
0 2 7 2 11 12 50
0 2 7 2 0 23 194
0 2 7 1 17 7 176
0 2 7 1 6 18 110
0 2 7 0 23 2 99
0 2 7 0 12 13 41
0 2 6 21 5 0 47
0 2 6 20 0 6 165
0 2 6 19 6 1 141
0 2 6 18 1 7 7
0 2 6 17 7 2 179
0 2 6 16 2 8 102
0 2 6 15 8 3 159
0 2 6 14 3 9 120
0 2 6 13 9 4 161
0 2 6 12 4 10 100
0 2 6 11 10 5 147
0 2 6 10 16 0 157
0 2 6 10 5 11 17
0 2 6 9 11 6 114
0 2 6 9 0 17 139
0 2 6 8 17 1 164
0 2 6 8 6 12 183
0 2 6 7 12 7 4
0 2 6 7 1 18 4
0 2 6 6 18 2 75
0 2 6 6 7 13 113
0 2 6 5 13 8 19
0 2 6 5 2 19 167
0 2 6 4 19 3 17
0 2 6 4 8 14 21
0 2 6 3 14 9 164
0 2 6 3 3 20 111
0 2 6 2 20 4 119
0 2 6 2 9 15 81
0 2 6 1 15 10 86
0 2 6 1 4 21 155
0 2 6 0 21 5 35
0 2 6 0 10 16 149
0 2 5 27 0 0 79
0 2 5 25 1 1 52
0 2 5 23 2 2 37
0 2 5 21 3 3 198
0 2 5 19 4 4 84
0 2 5 17 5 5 54
0 2 5 16 11 0 190
0 2 5 16 0 11 155
0 2 5 15 6 6 7
0 2 5 14 12 1 76
0 2 5 14 1 12 50
0 2 5 13 7 7 72
0 2 5 12 13 2 191
0 2 5 12 2 13 92
0 2 5 11 8 8 70
0 2 5 10 14 3 7
0 2 5 10 3 14 42
0 2 5 9 9 9 35
0 2 5 8 15 4 7
0 2 5 8 4 15 73
0 2 5 7 10 10 132
0 2 5 6 16 5 125
0 2 5 6 5 16 53
0 2 5 5 22 0 171
0 2 5 5 11 11 86
0 2 5 5 0 22 91
0 2 5 4 17 6 36
0 2 5 4 6 17 142
0 2 5 3 23 1 103
0 2 5 3 12 12 40
0 2 5 3 1 23 147
0 2 5 2 18 7 167
0 2 5 2 7 18 36
0 2 5 1 24 2 176
0 2 5 1 13 13 53
0 2 5 1 2 24 46
0 2 5 0 19 8 64
0 2 5 0 8 19 155
0 2 4 23 0 5 82
0 2 4 22 6 0 18
0 2 4 21 1 6 4
0 2 4 19 2 7 93
0 2 4 18 8 2 71
0 2 4 17 3 8 69
0 2 4 16 9 3 12
0 2 4 15 4 9 37
0 2 4 14 10 4 12
0 2 4 13 5 10 180
0 2 4 12 11 5 19
0 2 4 12 0 16 176
0 2 4 11 17 0 112
0 2 4 11 6 11 148
0 2 4 10 12 6 97
0 2 4 10 1 17 80
0 2 4 9 18 1 131
0 2 4 9 7 12 181
0 2 4 8 13 7 47
0 2 4 8 2 18 3
0 2 4 7 19 2 23
0 2 4 7 8 13 83
0 2 4 6 14 8 54
0 2 4 6 3 19 129
0 2 4 5 9 14 72
0 2 4 4 15 9 141
0 2 4 4 4 20 103
0 2 4 3 21 4 57
0 2 4 3 10 15 73
0 2 4 2 16 10 23
0 2 4 2 5 21 54
0 2 4 1 22 5 158
0 2 4 1 11 16 41
0 2 4 1 0 27 164
0 2 4 0 28 0 147
0 2 4 0 17 11 94
0 2 4 0 6 22 166
0 2 3 28 1 0 78
0 2 3 26 2 1 47
0 2 3 24 3 2 100
0 2 3 22 4 3 147
0 2 3 20 5 4 62
0 2 3 19 0 10 153
0 2 3 18 6 5 172
0 2 3 17 12 0 37
0 2 3 17 1 11 48
0 2 3 16 7 6 169
0 2 3 15 13 1 24
0 2 3 15 2 12 2
0 2 3 14 8 7 20
0 2 3 13 14 2 137
0 2 3 13 3 13 76
0 2 3 12 9 8 68
0 2 3 11 15 3 149
0 2 3 11 4 14 123
0 2 3 10 10 9 195
0 2 3 9 16 4 120
0 2 3 9 5 15 51
0 2 3 8 11 10 38
0 2 3 8 0 21 53
0 2 3 7 17 5 60
0 2 3 6 23 0 144
0 2 3 6 12 11 88
0 2 3 6 1 22 198
0 2 3 5 18 6 124
0 2 3 5 7 17 101
0 2 3 4 24 1 79
0 2 3 4 13 12 184
0 2 3 4 2 23 80
0 2 3 3 19 7 57
0 2 3 3 8 18 144
0 2 3 2 25 2 118
0 2 3 2 14 13 17
0 2 3 2 3 24 69
0 2 3 1 20 8 12
0 2 3 1 9 19 60
0 2 3 0 26 3 54
0 2 3 0 15 14 101
0 2 3 0 4 25 148
0 2 2 26 0 4 139
0 2 2 24 1 5 70
0 2 2 23 7 0 65
0 2 2 22 2 6 34
0 2 2 21 8 1 14
0 2 2 20 3 7 170
0 2 2 19 9 2 107
0 2 2 18 4 8 52
0 2 2 17 10 3 166
0 2 2 16 5 9 186
0 2 2 15 11 4 45
0 2 2 15 0 15 38
0 2 2 14 6 10 181
0 2 2 13 12 5 161
0 2 2 13 1 16 26
0 2 2 12 18 0 160
0 2 2 12 7 11 115
0 2 2 11 13 6 115
0 2 2 11 2 17 123
0 2 2 10 19 1 170
0 2 2 10 8 12 12
0 2 2 9 14 7 185
0 2 2 9 3 18 171
0 2 2 8 20 2 90
0 2 2 8 9 13 63
0 2 2 7 15 8 5
0 2 2 7 4 19 80
0 2 2 6 21 3 6
0 2 2 6 10 14 176
0 2 2 5 16 9 60
0 2 2 5 5 20 131
0 2 2 4 22 4 128
0 2 2 4 11 15 105
0 2 2 4 0 26 147
0 2 2 3 17 10 6
0 2 2 3 6 21 197
0 2 2 2 23 5 28
0 2 2 2 12 16 4
0 2 2 2 1 27 72
0 2 2 1 29 0 36
0 2 2 1 18 11 151
0 2 2 1 7 22 164
0 2 2 0 24 6 141
0 2 2 0 13 17 111
0 2 2 0 2 28 73
0 2 1 29 2 0 136
0 2 1 27 3 1 110
0 2 1 25 4 2 90
0 2 1 23 5 3 83
0 2 1 22 0 9 160
0 2 1 21 6 4 42
0 2 1 20 1 10 192
0 2 1 19 7 5 193
0 2 1 18 13 0 193
0 2 1 18 2 11 91
0 2 1 17 8 6 159
0 2 1 16 14 1 189
0 2 1 16 3 12 4
0 2 1 15 9 7 28
0 2 1 14 15 2 107
0 2 1 14 4 13 133
0 2 1 13 10 8 177
0 2 1 12 16 3 98
0 2 1 12 5 14 2
0 2 1 11 11 9 91
0 2 1 11 0 20 101
0 2 1 10 17 4 57
0 2 1 10 6 15 123
0 2 1 9 12 10 3
0 2 1 9 1 21 1
0 2 1 8 18 5 38
0 2 1 8 7 16 39
0 2 1 7 24 0 115
0 2 1 7 13 11 55
0 2 1 7 2 22 32
0 2 1 6 19 6 38
0 2 1 6 8 17 125
0 2 1 5 25 1 167
0 2 1 5 14 12 97
0 2 1 5 3 23 54
0 2 1 4 20 7 155
0 2 1 4 9 18 44
0 2 1 3 26 2 141
0 2 1 3 15 13 124
0 2 1 3 4 24 50
0 2 1 2 21 8 188
0 2 1 2 10 19 125
0 2 1 1 27 3 62
0 2 1 1 16 14 160
0 2 1 1 5 25 125
0 2 1 0 22 9 37
0 2 1 0 11 20 42
0 2 1 0 0 31 29
0 2 0 29 0 3 50
0 2 0 27 1 4 87
0 2 0 25 2 5 1
0 2 0 24 8 0 104
0 2 0 23 3 6 100
0 2 0 22 9 1 100
0 2 0 21 4 7 124
0 2 0 20 10 2 162
0 2 0 19 5 8 46
0 2 0 18 11 3 67
0 2 0 18 0 14 1
0 2 0 17 6 9 81
0 2 0 16 12 4 143
0 2 0 16 1 15 187
0 2 0 15 7 10 159
0 2 0 14 13 5 118
0 2 0 14 2 16 23
0 2 0 13 19 0 168
0 2 0 13 8 11 12
0 2 0 12 14 6 134
0 2 0 12 3 17 182
0 2 0 11 20 1 104
0 2 0 11 9 12 30
0 2 0 10 15 7 110
0 2 0 10 4 18 20
0 2 0 9 21 2 189
0 2 0 9 10 13 50
0 2 0 8 16 8 5
0 2 0 8 5 19 108
0 2 0 7 22 3 162
0 2 0 7 11 14 95
0 2 0 7 0 25 129
0 2 0 6 17 9 80
0 2 0 6 6 20 197
0 2 0 5 23 4 129
0 2 0 5 12 15 161
0 2 0 5 1 26 120
0 2 0 4 18 10 135
0 2 0 4 7 21 102
0 2 0 3 24 5 188
0 2 0 3 13 16 123
0 2 0 3 2 27 147
0 2 0 2 30 0 86
0 2 0 2 19 11 78
0 2 0 2 8 22 147
0 2 0 1 25 6 1
0 2 0 1 14 17 63
0 2 0 1 3 28 91
0 2 0 0 31 1 30
0 2 0 0 20 12 138
0 2 0 0 9 23 65
0 1 33 0 0 0 81
0 1 31 1 1 0 17
0 1 29 2 2 0 174
0 1 29 0 3 1 108
0 1 28 2 0 3 105
0 1 28 0 1 4 159
0 1 27 3 3 0 41
0 1 27 1 4 1 185
0 1 26 5 0 2 70
0 1 26 3 1 3 44
0 1 26 1 2 4 187
0 1 25 4 4 0 190
0 1 25 2 5 1 61
0 1 25 1 0 7 2
0 1 25 0 6 2 176
0 1 24 8 0 1 9
0 1 24 6 1 2 186
0 1 24 4 2 3 142
0 1 24 2 3 4 93
0 1 24 0 4 5 32
0 1 23 5 5 0 58
0 1 23 4 0 6 8
0 1 23 3 6 1 175
0 1 23 2 1 7 151
0 1 23 1 7 2 10
0 1 23 0 2 8 164
0 1 22 11 0 0 169
0 1 22 9 1 1 75
0 1 22 7 2 2 147
0 1 22 5 3 3 36
0 1 22 3 4 4 27
0 1 22 1 5 5 172
0 1 22 0 11 0 189
0 1 22 0 0 11 161
0 1 21 7 0 5 57
0 1 21 6 6 0 154
0 1 21 5 1 6 37
0 1 21 4 7 1 86
0 1 21 3 2 7 109
0 1 21 2 8 2 135
0 1 21 1 3 8 61
0 1 21 0 9 3 178
0 1 20 12 1 0 29
0 1 20 10 2 1 58
0 1 20 8 3 2 131
0 1 20 6 4 3 32
0 1 20 4 5 4 111
0 1 20 3 0 10 139
0 1 20 2 6 5 190
0 1 20 1 12 0 126
0 1 20 1 1 11 42
0 1 20 0 7 6 60
0 1 19 10 0 4 103
0 1 19 8 1 5 124
0 1 19 7 7 0 39
0 1 19 6 2 6 72
0 1 19 5 8 1 35
0 1 19 4 3 7 46
0 1 19 3 9 2 51
0 1 19 2 4 8 164
0 1 19 1 10 3 141
0 1 19 0 5 9 186
0 1 18 13 2 0 139
0 1 18 11 3 1 174
0 1 18 9 4 2 10
0 1 18 7 5 3 143
0 1 18 6 0 9 2
0 1 18 5 6 4 10
0 1 18 4 1 10 79
0 1 18 2 13 0 98
0 1 18 2 2 11 134
0 1 18 1 8 6 192
0 1 18 0 14 1 178
0 1 18 0 3 12 189
0 1 17 13 0 3 110
0 1 17 11 1 4 103
0 1 17 9 2 5 179
0 1 17 8 8 0 124
0 1 17 7 3 6 111
0 1 17 6 9 1 123
0 1 17 5 4 7 104
0 1 17 4 10 2 48
0 1 17 3 5 8 104
0 1 17 2 11 3 24
0 1 17 2 0 14 128
0 1 17 1 6 9 55
0 1 17 0 12 4 68
0 1 17 0 1 15 3
0 1 16 14 3 0 178
0 1 16 12 4 1 149
0 1 16 10 5 2 137
0 1 16 9 0 8 14
0 1 16 8 6 3 102
0 1 16 7 1 9 113
0 1 16 6 7 4 176
0 1 16 5 2 10 78
0 1 16 4 8 5 190
0 1 16 3 14 0 93
0 1 16 3 3 11 85
0 1 16 2 9 6 64
0 1 16 1 15 1 131
0 1 16 1 4 12 46
0 1 16 0 10 7 14
0 1 15 16 0 2 105
0 1 15 14 1 3 193
0 1 15 12 2 4 64
0 1 15 10 3 5 47
0 1 15 9 9 0 62
0 1 15 8 4 6 101
0 1 15 7 10 1 154
0 1 15 6 5 7 87
0 1 15 5 11 2 159
0 1 15 5 0 13 7
0 1 15 4 6 8 58
0 1 15 3 12 3 132
0 1 15 3 1 14 5
0 1 15 2 7 9 15
0 1 15 1 13 4 171
0 1 15 1 2 15 98
0 1 15 0 8 10 110
0 1 14 15 4 0 172
0 1 14 13 5 1 98
0 1 14 12 0 7 157
0 1 14 11 6 2 158
0 1 14 10 1 8 47
0 1 14 9 7 3 94
0 1 14 8 2 9 85
0 1 14 7 8 4 156
0 1 14 6 3 10 198
0 1 14 5 9 5 2
0 1 14 4 15 0 192
0 1 14 4 4 11 133
0 1 14 3 10 6 58
0 1 14 2 16 1 116
0 1 14 2 5 12 29
0 1 14 1 11 7 18
0 1 14 1 0 18 157
0 1 14 0 17 2 100
0 1 14 0 6 13 197
0 1 13 19 0 1 52
0 1 13 17 1 2 8
0 1 13 15 2 3 54
0 1 13 13 3 4 70
0 1 13 11 4 5 75
0 1 13 10 10 0 54
0 1 13 9 5 6 30
0 1 13 8 11 1 19
0 1 13 8 0 12 182
0 1 13 7 6 7 6
0 1 13 6 12 2 32
0 1 13 6 1 13 194
0 1 13 5 7 8 169
0 1 13 4 13 3 184
0 1 13 4 2 14 142
0 1 13 3 8 9 132
0 1 13 2 14 4 24
0 1 13 2 3 15 163
0 1 13 1 9 10 19
0 1 13 0 15 5 45
0 1 13 0 4 16 91
0 1 12 16 5 0 75
0 1 12 15 0 6 77
0 1 12 14 6 1 170
0 1 12 13 1 7 114
0 1 12 12 7 2 135
0 1 12 11 2 8 33
0 1 12 10 8 3 131
0 1 12 9 3 9 62
0 1 12 8 9 4 65
0 1 12 7 4 10 18
0 1 12 6 10 5 184
0 1 12 5 16 0 108
0 1 12 5 5 11 110
0 1 12 4 11 6 119
0 1 12 4 0 17 148
0 1 12 3 17 1 76
0 1 12 3 6 12 53
0 1 12 2 12 7 72
0 1 12 2 1 18 24
0 1 12 1 18 2 43
0 1 12 1 7 13 70
0 1 12 0 13 8 58
0 1 12 0 2 19 163
0 1 11 22 0 0 94
0 1 11 20 1 1 68
0 1 11 18 2 2 6
0 1 11 16 3 3 156
0 1 11 14 4 4 121
0 1 11 12 5 5 21
0 1 11 11 11 0 172
0 1 11 11 0 11 59
0 1 11 10 6 6 45
0 1 11 9 12 1 48
0 1 11 9 1 12 156
0 1 11 8 7 7 10
0 1 11 7 13 2 3
0 1 11 7 2 13 70
0 1 11 6 8 8 124
0 1 11 5 14 3 97
0 1 11 5 3 14 142
0 1 11 4 9 9 30
0 1 11 3 15 4 3
0 1 11 3 4 15 167
0 1 11 2 10 10 170
0 1 11 1 16 5 182
0 1 11 1 5 16 59
0 1 11 0 22 0 75
0 1 11 0 11 11 27
0 1 11 0 0 22 179
0 1 10 18 0 5 62
0 1 10 17 6 0 114
0 1 10 16 1 6 145
0 1 10 15 7 1 151
0 1 10 14 2 7 119
0 1 10 13 8 2 97
0 1 10 12 3 8 74
0 1 10 11 9 3 87
0 1 10 10 4 9 171
0 1 10 9 10 4 85
0 1 10 8 5 10 159
0 1 10 7 11 5 152
0 1 10 7 0 16 197
0 1 10 6 17 0 49
0 1 10 6 6 11 175
0 1 10 5 12 6 177
0 1 10 5 1 17 142
0 1 10 4 18 1 139
0 1 10 4 7 12 152
0 1 10 3 13 7 102
0 1 10 3 2 18 185
0 1 10 2 19 2 107
0 1 10 2 8 13 157
0 1 10 1 14 8 57
0 1 10 1 3 19 156
0 1 10 0 20 3 102
0 1 10 0 9 14 169
0 1 9 23 1 0 158
0 1 9 21 2 1 115
0 1 9 19 3 2 31
0 1 9 17 4 3 41
0 1 9 15 5 4 69
0 1 9 14 0 10 128
0 1 9 13 6 5 47
0 1 9 12 12 0 44
0 1 9 12 1 11 171
0 1 9 11 7 6 97
0 1 9 10 13 1 109
0 1 9 10 2 12 147
0 1 9 9 8 7 156
0 1 9 8 14 2 173
0 1 9 8 3 13 192
0 1 9 7 9 8 75
0 1 9 6 15 3 75
0 1 9 6 4 14 5
0 1 9 5 10 9 54
0 1 9 4 16 4 75
0 1 9 4 5 15 182
0 1 9 3 11 10 48
0 1 9 3 0 21 151
0 1 9 2 17 5 130
0 1 9 2 6 16 55
0 1 9 1 23 0 189
0 1 9 1 12 11 85
0 1 9 1 1 22 80
0 1 9 0 18 6 73
0 1 9 0 7 17 34
0 1 8 21 0 4 114
0 1 8 19 1 5 32
0 1 8 18 7 0 136
0 1 8 17 2 6 1
0 1 8 16 8 1 18
0 1 8 15 3 7 4
0 1 8 14 9 2 185
0 1 8 13 4 8 179
0 1 8 12 10 3 111
0 1 8 11 5 9 85
0 1 8 10 11 4 198
0 1 8 10 0 15 197
0 1 8 9 6 10 132
0 1 8 8 12 5 197
0 1 8 8 1 16 9
0 1 8 7 18 0 187
0 1 8 7 7 11 101
0 1 8 6 13 6 194
0 1 8 6 2 17 148
0 1 8 5 19 1 90
0 1 8 5 8 12 129
0 1 8 4 14 7 154
0 1 8 4 3 18 186
0 1 8 3 20 2 33
0 1 8 3 9 13 75
0 1 8 2 15 8 71
0 1 8 2 4 19 76
0 1 8 1 21 3 58
0 1 8 1 10 14 33
0 1 8 0 16 9 31
0 1 8 0 5 20 112
0 1 7 24 2 0 136
0 1 7 22 3 1 152
0 1 7 20 4 2 80
0 1 7 18 5 3 67
0 1 7 17 0 9 71
0 1 7 16 6 4 47
0 1 7 15 1 10 185
0 1 7 14 7 5 84
0 1 7 13 13 0 76
0 1 7 13 2 11 99
0 1 7 12 8 6 119
0 1 7 11 14 1 57
0 1 7 11 3 12 48
0 1 7 10 9 7 85
0 1 7 9 15 2 53
0 1 7 9 4 13 181
0 1 7 8 10 8 114
0 1 7 7 16 3 190
0 1 7 7 5 14 99
0 1 7 6 11 9 57
0 1 7 6 0 20 141
0 1 7 5 17 4 125
0 1 7 5 6 15 10
0 1 7 4 12 10 103
0 1 7 4 1 21 134
0 1 7 3 18 5 150
0 1 7 3 7 16 122
0 1 7 2 24 0 96
0 1 7 2 13 11 122
0 1 7 2 2 22 128
0 1 7 1 19 6 117
0 1 7 1 8 17 142
0 1 7 0 25 1 8
0 1 7 0 14 12 40
0 1 7 0 3 23 138
0 1 6 24 0 3 109
0 1 6 22 1 4 92
0 1 6 20 2 5 107
0 1 6 19 8 0 80
0 1 6 18 3 6 35
0 1 6 17 9 1 134
0 1 6 16 4 7 50
0 1 6 15 10 2 16
0 1 6 14 5 8 27
0 1 6 13 11 3 33
0 1 6 13 0 14 29
0 1 6 12 6 9 177
0 1 6 11 12 4 165
0 1 6 11 1 15 169
0 1 6 10 7 10 32
0 1 6 9 13 5 36
0 1 6 9 2 16 89
0 1 6 8 19 0 179
0 1 6 8 8 11 7
0 1 6 7 14 6 74
0 1 6 7 3 17 17
0 1 6 6 20 1 191
0 1 6 6 9 12 62
0 1 6 5 15 7 172
0 1 6 5 4 18 10
0 1 6 4 21 2 132
0 1 6 4 10 13 133
0 1 6 3 16 8 90
0 1 6 3 5 19 14
0 1 6 2 22 3 156
0 1 6 2 11 14 76
0 1 6 2 0 25 43
0 1 6 1 17 9 128
0 1 6 1 6 20 120
0 1 6 0 23 4 179
0 1 6 0 12 15 15
0 1 6 0 1 26 48
0 1 5 25 3 0 105
0 1 5 23 4 1 161
0 1 5 21 5 2 11
0 1 5 20 0 8 71
0 1 5 19 6 3 4
0 1 5 18 1 9 147
0 1 5 17 7 4 175
0 1 5 16 2 10 98
0 1 5 15 8 5 116
0 1 5 14 14 0 195
0 1 5 14 3 11 187
0 1 5 13 9 6 179
0 1 5 12 15 1 63
0 1 5 12 4 12 177
0 1 5 11 10 7 116
0 1 5 10 16 2 44
0 1 5 10 5 13 193
0 1 5 9 11 8 14
0 1 5 9 0 19 24
0 1 5 8 17 3 83
0 1 5 8 6 14 134
0 1 5 7 12 9 22
0 1 5 7 1 20 85
0 1 5 6 18 4 56
0 1 5 6 7 15 164
0 1 5 5 13 10 163
0 1 5 5 2 21 152
0 1 5 4 19 5 174
0 1 5 4 8 16 82
0 1 5 3 25 0 128
0 1 5 3 14 11 35
0 1 5 3 3 22 165
0 1 5 2 20 6 10
0 1 5 2 9 17 61
0 1 5 1 26 1 128
0 1 5 1 15 12 93
0 1 5 1 4 23 81
0 1 5 0 21 7 135
0 1 5 0 10 18 10
0 1 4 27 0 2 102
0 1 4 25 1 3 109
0 1 4 23 2 4 67
0 1 4 21 3 5 24
0 1 4 20 9 0 195
0 1 4 19 4 6 28
0 1 4 18 10 1 62
0 1 4 17 5 7 121
0 1 4 16 11 2 116
0 1 4 16 0 13 101
0 1 4 15 6 8 46
0 1 4 14 12 3 138
0 1 4 14 1 14 77
0 1 4 13 7 9 87
0 1 4 12 13 4 161
0 1 4 12 2 15 188
0 1 4 11 8 10 155
0 1 4 10 14 5 94
0 1 4 10 3 16 28
0 1 4 9 20 0 13
0 1 4 9 9 11 34
0 1 4 8 15 6 180
0 1 4 8 4 17 101
0 1 4 7 21 1 14
0 1 4 7 10 12 56
0 1 4 6 16 7 12
0 1 4 6 5 18 186
0 1 4 5 22 2 149
0 1 4 5 11 13 184
0 1 4 5 0 24 118
0 1 4 4 17 8 92
0 1 4 4 6 19 122
0 1 4 3 23 3 37
0 1 4 3 12 14 164
0 1 4 3 1 25 86
0 1 4 2 18 9 183
0 1 4 2 7 20 178
0 1 4 1 24 4 141
0 1 4 1 13 15 188
0 1 4 1 2 26 130
0 1 4 0 19 10 73
0 1 4 0 8 21 136
0 1 3 26 4 0 31
0 1 3 24 5 1 194
0 1 3 23 0 7 75
0 1 3 22 6 2 95
0 1 3 21 1 8 65
0 1 3 20 7 3 98
0 1 3 19 2 9 108
0 1 3 18 8 4 136
0 1 3 17 3 10 171
0 1 3 16 9 5 67
0 1 3 15 15 0 8
0 1 3 15 4 11 66
0 1 3 14 10 6 40
0 1 3 13 16 1 42
0 1 3 13 5 12 88
0 1 3 12 11 7 81
0 1 3 12 0 18 131
0 1 3 11 17 2 87
0 1 3 11 6 13 62
0 1 3 10 12 8 103
0 1 3 10 1 19 178
0 1 3 9 18 3 50
0 1 3 9 7 14 15
0 1 3 8 13 9 169
0 1 3 8 2 20 195
0 1 3 7 19 4 137
0 1 3 7 8 15 171
0 1 3 6 14 10 73
0 1 3 6 3 21 147
0 1 3 5 20 5 183
0 1 3 5 9 16 2
0 1 3 4 26 0 38
0 1 3 4 15 11 2
0 1 3 4 4 22 21
0 1 3 3 21 6 51
0 1 3 3 10 17 191
0 1 3 2 27 1 20
0 1 3 2 16 12 92
0 1 3 2 5 23 97
0 1 3 1 22 7 82
0 1 3 1 11 18 187
0 1 3 1 0 29 83
0 1 3 0 28 2 67
0 1 3 0 17 13 170
0 1 3 0 6 24 146
0 1 2 30 0 1 122
0 1 2 28 1 2 61
0 1 2 26 2 3 147
0 1 2 24 3 4 3
0 1 2 22 4 5 68
0 1 2 21 10 0 178
0 1 2 20 5 6 151
0 1 2 19 11 1 145
0 1 2 19 0 12 88
0 1 2 18 6 7 76
0 1 2 17 12 2 36
0 1 2 17 1 13 70
0 1 2 16 7 8 86
0 1 2 15 13 3 129
0 1 2 15 2 14 128
0 1 2 14 8 9 159
0 1 2 13 14 4 120
0 1 2 13 3 15 42
0 1 2 12 9 10 105
0 1 2 11 15 5 145
0 1 2 11 4 16 56
0 1 2 10 21 0 14
0 1 2 10 10 11 14
0 1 2 9 16 6 61
0 1 2 9 5 17 32
0 1 2 8 22 1 104
0 1 2 8 11 12 96
0 1 2 8 0 23 67
0 1 2 7 17 7 21
0 1 2 7 6 18 30
0 1 2 6 23 2 98
0 1 2 6 12 13 67
0 1 2 6 1 24 3
0 1 2 5 18 8 22
0 1 2 5 7 19 41
0 1 2 4 24 3 56
0 1 2 4 13 14 127
0 1 2 4 2 25 10
0 1 2 3 19 9 5
0 1 2 3 8 20 52
0 1 2 2 25 4 186
0 1 2 2 14 15 62
0 1 2 2 3 26 159
0 1 2 1 20 10 172
0 1 2 1 9 21 96
0 1 2 0 26 5 133
0 1 2 0 15 16 93
0 1 2 0 4 27 100
0 1 1 27 5 0 165
0 1 1 26 0 6 29
0 1 1 25 6 1 126
0 1 1 24 1 7 137
0 1 1 23 7 2 109
0 1 1 22 2 8 47
0 1 1 21 8 3 163
0 1 1 20 3 9 158
0 1 1 19 9 4 142
0 1 1 18 4 10 80
0 1 1 17 10 5 30
0 1 1 16 16 0 16
0 1 1 16 5 11 100
0 1 1 15 11 6 176
0 1 1 15 0 17 147
0 1 1 14 17 1 196
0 1 1 14 6 12 42
0 1 1 13 12 7 11
0 1 1 13 1 18 104
0 1 1 12 18 2 146
0 1 1 12 7 13 147
0 1 1 11 13 8 104
0 1 1 11 2 19 123
0 1 1 10 19 3 133
0 1 1 10 8 14 43
0 1 1 9 14 9 56
0 1 1 9 3 20 169
0 1 1 8 20 4 182
0 1 1 8 9 15 108
0 1 1 7 15 10 81
0 1 1 7 4 21 162
0 1 1 6 21 5 51
0 1 1 6 10 16 175
0 1 1 5 27 0 132
0 1 1 5 16 11 97
0 1 1 5 5 22 94
0 1 1 4 22 6 129
0 1 1 4 11 17 96
0 1 1 4 0 28 39
0 1 1 3 28 1 30
0 1 1 3 17 12 90
0 1 1 3 6 23 58
0 1 1 2 23 7 133
0 1 1 2 12 18 112
0 1 1 2 1 29 7
0 1 1 1 29 2 28
0 1 1 1 18 13 173
0 1 1 1 7 24 163
0 1 1 0 24 8 179
0 1 1 0 13 19 110
0 1 1 0 2 30 95
0 1 0 33 0 0 156
0 1 0 31 1 1 107
0 1 0 29 2 2 168
0 1 0 27 3 3 194
0 1 0 25 4 4 120
0 1 0 23 5 5 110
0 1 0 22 11 0 82
0 1 0 22 0 11 76
0 1 0 21 6 6 185
0 1 0 20 12 1 137
0 1 0 20 1 12 119
0 1 0 19 7 7 95
0 1 0 18 13 2 168
0 1 0 18 2 13 86
0 1 0 17 8 8 1
0 1 0 16 14 3 185
0 1 0 16 3 14 29
0 1 0 15 9 9 95
0 1 0 14 15 4 11
0 1 0 14 4 15 93
0 1 0 13 10 10 189
0 1 0 12 16 5 48
0 1 0 12 5 16 131
0 1 0 11 22 0 133
0 1 0 11 11 11 175
0 1 0 11 0 22 20
0 1 0 10 17 6 169
0 1 0 10 6 17 29
0 1 0 9 23 1 14
0 1 0 9 12 12 27
0 1 0 9 1 23 101
0 1 0 8 18 7 133
0 1 0 8 7 18 16
0 1 0 7 24 2 162
0 1 0 7 13 13 140
0 1 0 7 2 24 165
0 1 0 6 19 8 140
0 1 0 6 8 19 130
0 1 0 5 25 3 177
0 1 0 5 14 14 33
0 1 0 5 3 25 174
0 1 0 4 20 9 21
0 1 0 4 9 20 18
0 1 0 3 26 4 156
0 1 0 3 15 15 126
0 1 0 3 4 26 21
0 1 0 2 21 10 179
0 1 0 2 10 21 143
0 1 0 1 27 5 73
0 1 0 1 16 16 158
0 1 0 1 5 27 58
0 1 0 0 33 0 101
0 1 0 0 22 11 27
0 1 0 0 11 22 146
0 1 0 0 0 33 178
0 0 32 0 0 2 192
0 0 30 3 0 1 5
0 0 30 1 1 2 179
0 0 29 0 5 0 8
0 0 28 6 0 0 108
0 0 28 4 1 1 194
0 0 28 2 2 2 44
0 0 28 0 3 3 198
0 0 27 2 0 5 97
0 0 27 1 6 0 86
0 0 27 0 1 6 13
0 0 26 7 1 0 71
0 0 26 5 2 1 64
0 0 26 3 3 2 81
0 0 26 1 4 3 30
0 0 25 5 0 4 177
0 0 25 3 1 5 58
0 0 25 2 7 0 56
0 0 25 1 2 6 15
0 0 25 0 8 1 117
0 0 24 8 2 0 107
0 0 24 6 3 1 42
0 0 24 4 4 2 58
0 0 24 2 5 3 171
0 0 24 1 0 9 174
0 0 24 0 6 4 61
0 0 23 8 0 3 153
0 0 23 6 1 4 17
0 0 23 4 2 5 42
0 0 23 3 8 0 126
0 0 23 2 3 6 7
0 0 23 1 9 1 150
0 0 23 0 4 7 54
0 0 22 9 3 0 170
0 0 22 7 4 1 155
0 0 22 5 5 2 172
0 0 22 4 0 8 92
0 0 22 3 6 3 107
0 0 22 2 1 9 122
0 0 22 1 7 4 169
0 0 22 0 2 10 74
0 0 21 11 0 2 161
0 0 21 9 1 3 131
0 0 21 7 2 4 35
0 0 21 5 3 5 1
0 0 21 4 9 0 178
0 0 21 3 4 6 123
0 0 21 2 10 1 12
0 0 21 1 5 7 198
0 0 21 0 11 2 175
0 0 21 0 0 13 42
0 0 20 10 4 0 125
0 0 20 8 5 1 89
0 0 20 7 0 7 41
0 0 20 6 6 2 150
0 0 20 5 1 8 139
0 0 20 4 7 3 77
0 0 20 3 2 9 29
0 0 20 2 8 4 93
0 0 20 1 3 10 177
0 0 20 0 9 5 50
0 0 19 14 0 1 86
0 0 19 12 1 2 173
0 0 19 10 2 3 74
0 0 19 8 3 4 52
0 0 19 6 4 5 190
0 0 19 5 10 0 145
0 0 19 4 5 6 92
0 0 19 3 11 1 93
0 0 19 3 0 12 179
0 0 19 2 6 7 100
0 0 19 1 12 2 83
0 0 19 1 1 13 70
0 0 19 0 7 8 87
0 0 18 11 5 0 29
0 0 18 10 0 6 185
0 0 18 9 6 1 90
0 0 18 8 1 7 139
0 0 18 7 7 2 76
0 0 18 6 2 8 71
0 0 18 5 8 3 145
0 0 18 4 3 9 71
0 0 18 3 9 4 10
0 0 18 2 4 10 166
0 0 18 1 10 5 136
0 0 18 0 16 0 100
0 0 18 0 5 11 160
0 0 17 17 0 0 14
0 0 17 15 1 1 11
0 0 17 13 2 2 148
0 0 17 11 3 3 52
0 0 17 9 4 4 120
0 0 17 7 5 5 75
0 0 17 6 11 0 167
0 0 17 6 0 11 175
0 0 17 5 6 6 111
0 0 17 4 12 1 66
0 0 17 4 1 12 159
0 0 17 3 7 7 80
0 0 17 2 13 2 16
0 0 17 2 2 13 90
0 0 17 1 8 8 100
0 0 17 0 14 3 134
0 0 17 0 3 14 174
0 0 16 13 0 5 189
0 0 16 12 6 0 34
0 0 16 11 1 6 109
0 0 16 10 7 1 181
0 0 16 9 2 7 55
0 0 16 8 8 2 121
0 0 16 7 3 8 132
0 0 16 6 9 3 180
0 0 16 5 4 9 6
0 0 16 4 10 4 115
0 0 16 3 5 10 49
0 0 16 2 11 5 26
0 0 16 2 0 16 52
0 0 16 1 17 0 105
0 0 16 1 6 11 198
0 0 16 0 12 6 46
0 0 16 0 1 17 191
0 0 15 18 1 0 175
0 0 15 16 2 1 120
0 0 15 14 3 2 101
0 0 15 12 4 3 83
0 0 15 10 5 4 175
0 0 15 9 0 10 135
0 0 15 8 6 5 97
0 0 15 7 12 0 116
0 0 15 7 1 11 50
0 0 15 6 7 6 182
0 0 15 5 13 1 14
0 0 15 5 2 12 18
0 0 15 4 8 7 17
0 0 15 3 14 2 114
0 0 15 3 3 13 146
0 0 15 2 9 8 184
0 0 15 1 15 3 193
0 0 15 1 4 14 64
0 0 15 0 10 9 163
0 0 14 16 0 4 2
0 0 14 14 1 5 173
0 0 14 13 7 0 22
0 0 14 12 2 6 48
0 0 14 11 8 1 100
0 0 14 10 3 7 159
0 0 14 9 9 2 81
0 0 14 8 4 8 120
0 0 14 7 10 3 44
0 0 14 6 5 9 108
0 0 14 5 11 4 45
0 0 14 5 0 15 82
0 0 14 4 6 10 114
0 0 14 3 12 5 122
0 0 14 3 1 16 87
0 0 14 2 18 0 135
0 0 14 2 7 11 7
0 0 14 1 13 6 190
0 0 14 1 2 17 84
0 0 14 0 19 1 156
0 0 14 0 8 12 140
0 0 13 19 2 0 11
0 0 13 17 3 1 173
0 0 13 15 4 2 87
0 0 13 13 5 3 71
0 0 13 12 0 9 121
0 0 13 11 6 4 176
0 0 13 10 1 10 170
0 0 13 9 7 5 100
0 0 13 8 13 0 110
0 0 13 8 2 11 71
0 0 13 7 8 6 156
0 0 13 6 14 1 65
0 0 13 6 3 12 173
0 0 13 5 9 7 191
0 0 13 4 15 2 152
0 0 13 4 4 13 97
0 0 13 3 10 8 192
0 0 13 2 16 3 129
0 0 13 2 5 14 14
0 0 13 1 11 9 195
0 0 13 1 0 20 98
0 0 13 0 17 4 52
0 0 13 0 6 15 102
0 0 12 19 0 3 166
0 0 12 17 1 4 134
0 0 12 15 2 5 134
0 0 12 14 8 0 74
0 0 12 13 3 6 51
0 0 12 12 9 1 28
0 0 12 11 4 7 134
0 0 12 10 10 2 22
0 0 12 9 5 8 58
0 0 12 8 11 3 129
0 0 12 8 0 14 129
0 0 12 7 6 9 100
0 0 12 6 12 4 176
0 0 12 6 1 15 128
0 0 12 5 7 10 13
0 0 12 4 13 5 80
0 0 12 4 2 16 92
0 0 12 3 19 0 10
0 0 12 3 8 11 69
0 0 12 2 14 6 141
0 0 12 2 3 17 179
0 0 12 1 20 1 93
0 0 12 1 9 12 68
0 0 12 0 15 7 162
0 0 12 0 4 18 145
0 0 11 20 3 0 89
0 0 11 18 4 1 126
0 0 11 16 5 2 36
0 0 11 15 0 8 99
0 0 11 14 6 3 181
0 0 11 13 1 9 118
0 0 11 12 7 4 147
0 0 11 11 2 10 58
0 0 11 10 8 5 88
0 0 11 9 14 0 169
0 0 11 9 3 11 128
0 0 11 8 9 6 190
0 0 11 7 15 1 136
0 0 11 7 4 12 155
0 0 11 6 10 7 31
0 0 11 5 16 2 65
0 0 11 5 5 13 144
0 0 11 4 11 8 70
0 0 11 4 0 19 187
0 0 11 3 17 3 88
0 0 11 3 6 14 70
0 0 11 2 1 20 75
0 0 11 1 18 4 170
0 0 11 1 7 15 21
0 0 11 0 13 10 85
0 0 11 0 2 21 151
0 0 10 22 0 2 189
0 0 10 20 1 3 5
0 0 10 18 2 4 4
0 0 10 16 3 5 1
0 0 10 15 9 0 91
0 0 10 14 4 6 148
0 0 10 13 10 1 174
0 0 10 12 5 7 190
0 0 10 11 11 2 7
0 0 10 11 0 13 121
0 0 10 10 6 8 197
0 0 10 9 12 3 39
0 0 10 9 1 14 107
0 0 10 8 7 9 87
0 0 10 7 13 4 20
0 0 10 7 2 15 107
0 0 10 6 8 10 166
0 0 10 5 14 5 51
0 0 10 5 3 16 66
0 0 10 4 20 0 30
0 0 10 4 9 11 164
0 0 10 3 15 6 102
0 0 10 3 4 17 155
0 0 10 2 21 1 58
0 0 10 2 10 12 54
0 0 10 1 16 7 188
0 0 10 1 5 18 134
0 0 10 0 22 2 127
0 0 10 0 11 13 160
0 0 10 0 0 24 80
0 0 9 21 4 0 71
0 0 9 19 5 1 15
0 0 9 18 0 7 189
0 0 9 17 6 2 38
0 0 9 16 1 8 19
0 0 9 15 7 3 6
0 0 9 14 2 9 134
0 0 9 13 8 4 18
0 0 9 12 3 10 129
0 0 9 11 9 5 135
0 0 9 10 15 0 106
0 0 9 10 4 11 32
0 0 9 9 10 6 178
0 0 9 8 16 1 59
0 0 9 8 5 12 101
0 0 9 7 11 7 32
0 0 9 7 0 18 197
0 0 9 6 17 2 187
0 0 9 6 6 13 157
0 0 9 5 12 8 137
0 0 9 5 1 19 35
0 0 9 4 18 3 22
0 0 9 4 7 14 85
0 0 9 3 13 9 152
0 0 9 3 2 20 179
0 0 9 2 19 4 94
0 0 9 2 8 15 134
0 0 9 1 14 10 9
0 0 9 1 3 21 104
0 0 9 0 20 5 82
0 0 9 0 9 16 94
0 0 8 25 0 1 42
0 0 8 23 1 2 67
0 0 8 21 2 3 125
0 0 8 19 3 4 25
0 0 8 17 4 5 154
0 0 8 16 10 0 116
0 0 8 15 5 6 121
0 0 8 14 11 1 180
0 0 8 14 0 12 159
0 0 8 13 6 7 58
0 0 8 12 12 2 21
0 0 8 12 1 13 139
0 0 8 11 7 8 45
0 0 8 10 13 3 38
0 0 8 10 2 14 128
0 0 8 9 8 9 20
0 0 8 8 14 4 106
0 0 8 8 3 15 47
0 0 8 7 9 10 101
0 0 8 6 15 5 20
0 0 8 6 4 16 194
0 0 8 5 21 0 29
0 0 8 5 10 11 176
0 0 8 4 16 6 51
0 0 8 4 5 17 70
0 0 8 3 22 1 38
0 0 8 3 11 12 161
0 0 8 3 0 23 28
0 0 8 2 17 7 9
0 0 8 2 6 18 137
0 0 8 1 23 2 15
0 0 8 1 12 13 7
0 0 8 1 1 24 158
0 0 8 0 18 8 124
0 0 8 0 7 19 154
0 0 7 22 5 0 62
0 0 7 21 0 6 130
0 0 7 20 6 1 12
0 0 7 19 1 7 167
0 0 7 18 7 2 56
0 0 7 17 2 8 121
0 0 7 16 8 3 104
0 0 7 15 3 9 193
0 0 7 13 4 10 79
0 0 7 12 10 5 96
0 0 7 11 16 0 4
0 0 7 11 5 11 17
0 0 7 10 11 6 184
0 0 7 10 0 17 23
0 0 7 9 17 1 97
0 0 7 9 6 12 77
0 0 7 8 12 7 47
0 0 7 8 1 18 62
0 0 7 7 18 2 147
0 0 7 7 7 13 127
0 0 7 6 13 8 134
0 0 7 6 2 19 42
0 0 7 5 19 3 190
0 0 7 5 8 14 167
0 0 7 4 14 9 29
0 0 7 4 3 20 25
0 0 7 3 20 4 62
0 0 7 3 9 15 134
0 0 7 2 15 10 171
0 0 7 2 4 21 44
0 0 7 1 21 5 157
0 0 7 1 10 16 168
0 0 7 0 27 0 105
0 0 7 0 16 11 185
0 0 7 0 5 22 117
0 0 6 28 0 0 180
0 0 6 26 1 1 154
0 0 6 24 2 2 32
0 0 6 22 3 3 164
0 0 6 20 4 4 155
0 0 6 18 5 5 16
0 0 6 17 11 0 65
0 0 6 17 0 11 92
0 0 6 16 6 6 29
0 0 6 15 12 1 26
0 0 6 15 1 12 195
0 0 6 14 7 7 160
0 0 6 13 13 2 50
0 0 6 13 2 13 164
0 0 6 12 8 8 134
0 0 6 11 14 3 139
0 0 6 11 3 14 64
0 0 6 10 9 9 104
0 0 6 9 15 4 120
0 0 6 9 4 15 55
0 0 6 8 10 10 134
0 0 6 7 16 5 33
0 0 6 7 5 16 164
0 0 6 6 22 0 26
0 0 6 6 11 11 55
0 0 6 6 0 22 46
0 0 6 5 17 6 59
0 0 6 5 6 17 5
0 0 6 4 23 1 155
0 0 6 4 12 12 92
0 0 6 4 1 23 160
0 0 6 3 18 7 97
0 0 6 3 7 18 12
0 0 6 2 24 2 168
0 0 6 2 13 13 40
0 0 6 2 2 24 37
0 0 6 1 19 8 101
0 0 6 1 8 19 62
0 0 6 0 25 3 187
0 0 6 0 14 14 45
0 0 6 0 3 25 150
0 0 5 24 0 5 163
0 0 5 23 6 0 1
0 0 5 22 1 6 40
0 0 5 21 7 1 58
0 0 5 20 2 7 106
0 0 5 19 8 2 19
0 0 5 18 3 8 143
0 0 5 17 9 3 40
0 0 5 16 4 9 135
0 0 5 15 10 4 30
0 0 5 14 5 10 90
0 0 5 13 11 5 13
0 0 5 13 0 16 146
0 0 5 12 17 0 95
0 0 5 12 6 11 35
0 0 5 11 12 6 107
0 0 5 11 1 17 94
0 0 5 10 18 1 36
0 0 5 10 7 12 188
0 0 5 9 13 7 4
0 0 5 9 2 18 60
0 0 5 8 19 2 38
0 0 5 8 8 13 23
0 0 5 7 14 8 196
0 0 5 7 3 19 165
0 0 5 6 20 3 174
0 0 5 6 9 14 9
0 0 5 5 15 9 155
0 0 5 5 4 20 56
0 0 5 4 21 4 196
0 0 5 4 10 15 198
0 0 5 3 16 10 103
0 0 5 3 5 21 84
0 0 5 2 22 5 162
0 0 5 2 11 16 107
0 0 5 2 0 27 25
0 0 5 1 28 0 88
0 0 5 1 17 11 100
0 0 5 1 6 22 90
0 0 5 0 23 6 104
0 0 5 0 12 17 193
0 0 5 0 1 28 56
0 0 4 29 1 0 176
0 0 4 27 2 1 186
0 0 4 25 3 2 34
0 0 4 23 4 3 26
0 0 4 21 5 4 59
0 0 4 20 0 10 159
0 0 4 19 6 5 125
0 0 4 18 12 0 152
0 0 4 18 1 11 53
0 0 4 17 7 6 6
0 0 4 16 13 1 54
0 0 4 16 2 12 197
0 0 4 15 8 7 182
0 0 4 14 14 2 85
0 0 4 14 3 13 192
0 0 4 13 9 8 140
0 0 4 12 15 3 62
0 0 4 12 4 14 151
0 0 4 11 10 9 156
0 0 4 10 16 4 198
0 0 4 10 5 15 172
0 0 4 9 11 10 22
0 0 4 9 0 21 26
0 0 4 8 17 5 49
0 0 4 8 6 16 153
0 0 4 7 23 0 22
0 0 4 7 12 11 187
0 0 4 7 1 22 30
0 0 4 6 18 6 11
0 0 4 6 7 17 158
0 0 4 5 24 1 82
0 0 4 5 13 12 95
0 0 4 5 2 23 88
0 0 4 4 19 7 105
0 0 4 4 8 18 196
0 0 4 3 25 2 155
0 0 4 3 14 13 116
0 0 4 3 3 24 45
0 0 4 2 20 8 40
0 0 4 2 9 19 142
0 0 4 1 26 3 27
0 0 4 1 15 14 93
0 0 4 1 4 25 181
0 0 4 0 21 9 28
0 0 4 0 10 20 19
0 0 3 27 0 4 30
0 0 3 25 1 5 159
0 0 3 24 7 0 155
0 0 3 23 2 6 50
0 0 3 22 8 1 90
0 0 3 21 3 7 36
0 0 3 20 9 2 111
0 0 3 19 4 8 135
0 0 3 18 10 3 130
0 0 3 17 5 9 66
0 0 3 16 11 4 99
0 0 3 16 0 15 138
0 0 3 15 6 10 117
0 0 3 14 12 5 180
0 0 3 14 1 16 57
0 0 3 13 18 0 178
0 0 3 13 7 11 56
0 0 3 12 13 6 164
0 0 3 12 2 17 89
0 0 3 11 19 1 68
0 0 3 11 8 12 164
0 0 3 10 14 7 138
0 0 3 10 3 18 177
0 0 3 9 20 2 149
0 0 3 9 9 13 127
0 0 3 8 15 8 181
0 0 3 8 4 19 99
0 0 3 7 21 3 167
0 0 3 7 10 14 88
0 0 3 6 16 9 119
0 0 3 6 5 20 179
0 0 3 5 22 4 179
0 0 3 5 11 15 117
0 0 3 5 0 26 35
0 0 3 4 17 10 95
0 0 3 4 6 21 188
0 0 3 3 23 5 76
0 0 3 3 12 16 196
0 0 3 3 1 27 30
0 0 3 2 29 0 74
0 0 3 2 18 11 179
0 0 3 2 7 22 149
0 0 3 1 24 6 147
0 0 3 1 13 17 183
0 0 3 1 2 28 187
0 0 3 0 30 1 70
0 0 3 0 19 12 122
0 0 3 0 8 23 126
0 0 2 30 2 0 88
0 0 2 28 3 1 25
0 0 2 26 4 2 9
0 0 2 24 5 3 197
0 0 2 23 0 9 147
0 0 2 22 6 4 155
0 0 2 21 1 10 61
0 0 2 20 7 5 22
0 0 2 19 13 0 191
0 0 2 19 2 11 178
0 0 2 18 8 6 41
0 0 2 17 14 1 182
0 0 2 17 3 12 124
0 0 2 16 9 7 34
0 0 2 15 15 2 12
0 0 2 14 10 8 130
0 0 2 13 16 3 66
0 0 2 13 5 14 128
0 0 2 12 11 9 181
0 0 2 12 0 20 71
0 0 2 11 17 4 15
0 0 2 11 6 15 167
0 0 2 10 12 10 107
0 0 2 10 1 21 19
0 0 2 9 18 5 147
0 0 2 9 7 16 84
0 0 2 8 24 0 180
0 0 2 8 13 11 155
0 0 2 8 2 22 18
0 0 2 7 19 6 11
0 0 2 7 8 17 187
0 0 2 6 25 1 68
0 0 2 6 14 12 192
0 0 2 6 3 23 11
0 0 2 5 20 7 47
0 0 2 5 9 18 157
0 0 2 4 26 2 182
0 0 2 4 15 13 173
0 0 2 4 4 24 149
0 0 2 3 21 8 173
0 0 2 3 10 19 148
0 0 2 2 27 3 58
0 0 2 2 16 14 100
0 0 2 2 5 25 23
0 0 2 1 22 9 40
0 0 2 1 11 20 196
0 0 2 1 0 31 80
0 0 2 0 28 4 113
0 0 2 0 17 15 171
0 0 2 0 6 26 48
0 0 1 30 0 3 126
0 0 1 28 1 4 99
0 0 1 26 2 5 124
0 0 1 25 8 0 58
0 0 1 24 3 6 73
0 0 1 23 9 1 149
0 0 1 22 4 7 62
0 0 1 21 10 2 173
0 0 1 20 5 8 11
0 0 1 19 11 3 182
0 0 1 19 0 14 173
0 0 1 18 6 9 170
0 0 1 17 12 4 5
0 0 1 17 1 15 70
0 0 1 16 7 10 181
0 0 1 15 13 5 2
0 0 1 15 2 16 151
0 0 1 14 19 0 156
0 0 1 14 8 11 11
0 0 1 13 14 6 170
0 0 1 12 20 1 49
0 0 1 12 9 12 20
0 0 1 11 15 7 184
0 0 1 11 4 18 113
0 0 1 10 21 2 177
0 0 1 10 10 13 89
0 0 1 9 16 8 36
0 0 1 9 5 19 128
0 0 1 8 22 3 120
0 0 1 8 11 14 72
0 0 1 8 0 25 20
0 0 1 7 17 9 27
0 0 1 7 6 20 53
0 0 1 6 23 4 88
0 0 1 6 12 15 10
0 0 1 6 1 26 99
0 0 1 5 18 10 41
0 0 1 5 7 21 18
0 0 1 4 24 5 5
0 0 1 4 13 16 74
0 0 1 4 2 27 101
0 0 1 3 30 0 178
0 0 1 3 19 11 25
0 0 1 3 8 22 63
0 0 1 2 25 6 46
0 0 1 2 14 17 118
0 0 1 2 3 28 135
0 0 1 1 31 1 69
0 0 1 1 20 12 25
0 0 1 1 9 23 168
0 0 1 0 15 18 143
0 0 1 0 4 29 154
0 0 0 31 3 0 22
0 0 0 29 4 1 69
0 0 0 27 5 2 197
0 0 0 26 0 8 84
0 0 0 25 6 3 57
0 0 0 24 1 9 43
0 0 0 23 7 4 22
0 0 0 22 2 10 109
0 0 0 21 8 5 137
0 0 0 20 14 0 146
0 0 0 20 3 11 144
0 0 0 19 9 6 169
0 0 0 18 15 1 58
0 0 0 18 4 12 22
0 0 0 17 10 7 77
0 0 0 16 16 2 115
0 0 0 16 5 13 50
0 0 0 15 11 8 4
0 0 0 15 0 19 56
0 0 0 14 17 3 128
0 0 0 14 6 14 129
0 0 0 13 12 9 136
0 0 0 13 1 20 197
0 0 0 12 18 4 170
0 0 0 12 7 15 134
0 0 0 11 13 10 136
0 0 0 11 2 21 39
0 0 0 10 19 5 194
0 0 0 10 8 16 113
0 0 0 9 25 0 52
0 0 0 9 14 11 190
0 0 0 9 3 22 113
0 0 0 8 20 6 20
0 0 0 8 9 17 174
0 0 0 7 26 1 158
0 0 0 7 15 12 95
0 0 0 7 4 23 158
0 0 0 6 21 7 77
0 0 0 6 10 18 4
0 0 0 5 27 2 54
0 0 0 5 16 13 151
0 0 0 5 5 24 62
0 0 0 4 22 8 66
0 0 0 4 11 19 101
0 0 0 4 0 30 137
0 0 0 3 28 3 173
0 0 0 3 17 14 81
0 0 0 3 6 25 11
0 0 0 2 23 9 16
0 0 0 2 12 20 3
0 0 0 2 1 31 19
0 0 0 1 29 4 74
0 0 0 1 18 15 153
0 0 0 1 7 26 185
0 0 0 0 24 10 16
0 0 0 0 13 21 87
0 0 0 0 2 32 22
1 33 1 0 0 0 178
1 32 0 0 0 2 22
1 31 2 1 0 0 29
1 31 0 2 1 0 80
1 31 0 0 2 1 19
1 30 1 1 0 2 95
1 30 0 0 4 0 137
1 29 3 2 0 0 94
1 29 3 0 1 1 120
1 29 1 3 1 0 83
1 29 1 1 2 1 7
1 29 0 1 0 4 154
1 28 3 0 3 0 114
1 28 2 2 0 2 73
1 28 2 0 1 3 91
1 28 1 1 4 0 39
1 28 0 5 0 1 56
1 28 0 3 1 2 187
1 28 0 1 2 3 135
1 27 6 0 0 1 128
1 27 4 3 0 0 1
1 27 4 1 1 1 196
1 27 2 4 1 0 164
1 27 2 2 2 1 72
1 27 2 0 3 2 147
1 27 1 2 0 4 100
1 27 1 0 1 5 58
1 27 0 5 2 0 25
1 27 0 3 3 1 30
1 27 0 1 4 2 101
1 26 6 0 2 0 94
1 26 5 0 0 3 183
1 26 4 1 3 0 198
1 26 3 3 0 2 93
1 26 3 1 1 3 106
1 26 2 2 4 0 147
1 26 2 0 5 1 120
1 26 1 6 0 1 48
1 26 1 4 1 2 130
1 26 1 2 2 3 159
1 26 1 0 3 4 21
1 26 0 3 5 0 35
1 26 0 2 0 6 48
1 26 0 1 6 1 99
1 26 0 0 1 7 185
1 25 7 1 0 1 119
1 25 5 4 0 0 70
1 25 5 2 1 1 7
1 25 5 0 2 2 109
1 25 4 0 0 5 62
1 25 3 5 1 0 18
1 25 3 3 2 1 48
1 25 3 1 3 2 85
1 25 2 3 0 4 148
1 25 2 1 1 5 125
1 25 2 0 7 0 129
1 25 1 6 2 0 43
1 25 1 4 3 1 86
1 25 1 2 4 2 10
1 25 1 0 5 3 174
1 25 0 6 0 3 150
1 25 0 4 1 4 181
1 25 0 2 2 5 23
1 25 0 1 8 0 20
1 25 0 0 3 6 11
1 24 9 0 1 0 140
1 24 7 1 2 0 189
1 24 6 1 0 3 175
1 24 5 2 3 0 176
1 24 5 0 4 1 38
1 24 4 4 0 2 183
1 24 4 2 1 3 102
1 24 4 0 2 4 169
1 24 3 3 4 0 2
1 24 3 1 5 1 91
1 24 3 0 0 7 130
1 24 2 5 1 2 46
1 24 2 3 2 3 69
1 24 2 1 3 4 50
1 24 1 4 5 0 118
1 24 1 3 0 6 146
1 24 1 2 6 1 3
1 24 1 1 1 7 163
1 24 1 0 7 2 165
1 24 0 10 0 0 80
1 24 0 8 1 1 158
1 24 0 6 2 2 37
1 24 0 4 3 3 45
1 24 0 2 4 4 149
1 24 0 0 5 5 62
1 23 8 2 0 1 12
1 23 8 0 1 2 181
1 23 6 5 0 0 167
1 23 6 3 1 1 177
1 23 6 1 2 2 114
1 23 5 1 0 5 31
1 23 5 0 6 0 4
1 23 4 6 1 0 126
1 23 4 4 2 1 39
1 23 4 2 3 2 108
1 23 4 0 4 3 176
1 23 3 4 0 4 184
1 23 3 2 1 5 125
1 23 3 1 7 0 86
1 23 3 0 2 6 72
1 23 2 7 2 0 194
1 23 2 5 3 1 147
1 23 2 3 4 2 80
1 23 2 1 5 3 54
1 23 2 0 0 9 65
1 23 1 7 0 3 138
1 23 1 5 1 4 81
1 23 1 3 2 5 97
1 23 1 2 8 0 67
1 23 1 1 3 6 58
1 23 1 0 9 1 101
1 23 0 8 3 0 28
1 23 0 6 4 1 160
1 23 0 4 5 2 88
1 23 0 3 0 8 126
1 23 0 2 6 3 11
1 23 0 1 1 9 168
1 23 0 0 7 4 158
1 22 12 0 0 0 169
1 22 10 1 1 0 36
1 22 8 2 2 0 62
1 22 8 0 3 1 132
1 22 7 2 0 3 178
1 22 7 0 1 4 112
1 22 6 3 3 0 183
1 22 6 1 4 1 169
1 22 5 5 0 2 74
1 22 5 3 1 3 64
1 22 5 1 2 4 137
1 22 4 4 4 0 118
1 22 4 2 5 1 91
1 22 4 1 0 7 18
1 22 4 0 6 2 124
1 22 3 8 0 1 144
1 22 3 6 1 2 112
1 22 3 4 2 3 171
1 22 3 2 3 4 77
1 22 3 0 4 5 34
1 22 2 5 5 0 91
1 22 2 4 0 6 166
1 22 2 3 6 1 198
1 22 2 2 1 7 164
1 22 2 1 7 2 32
1 22 2 0 2 8 147
1 22 1 11 0 0 179
1 22 1 9 1 1 80
1 22 1 7 2 2 128
1 22 1 5 3 3 165
1 22 1 3 4 4 21
1 22 1 1 5 5 94
1 22 1 0 11 0 20
1 22 1 0 0 11 146
1 22 0 7 0 5 117
1 22 0 6 6 0 46
1 22 0 5 1 6 90
1 22 0 4 7 1 30
1 22 0 3 2 7 149
1 22 0 2 8 2 18
1 22 0 1 3 8 63
1 22 0 0 9 3 113
1 21 11 0 0 2 3
1 21 9 3 0 1 43
1 21 9 1 1 2 82
1 21 8 0 5 0 118
1 21 7 6 0 0 21
1 21 7 4 1 1 103
1 21 7 2 2 2 19
1 21 7 0 3 3 154
1 21 6 2 0 5 107
1 21 6 1 6 0 67
1 21 6 0 1 6 142
1 21 5 7 1 0 91
1 21 5 5 2 1 159
1 21 5 3 3 2 7
1 21 5 1 4 3 18
1 21 4 5 0 4 55
1 21 4 3 1 5 99
1 21 4 2 7 0 77
1 21 4 1 2 6 185
1 21 4 0 8 1 170
1 21 3 8 2 0 36
1 21 3 6 3 1 126
1 21 3 4 4 2 85
1 21 3 2 5 3 68
1 21 3 1 0 9 95
1 21 3 0 6 4 114
1 21 2 8 0 3 80
1 21 2 6 1 4 155
1 21 2 4 2 5 54
1 21 2 3 8 0 53
1 21 2 2 3 6 197
1 21 2 1 9 1 1
1 21 2 0 4 7 102
1 21 1 9 3 0 151
1 21 1 7 4 1 134
1 21 1 5 5 2 152
1 21 1 4 0 8 136
1 21 1 3 6 3 147
1 21 1 2 1 9 96
1 21 1 1 7 4 162
1 21 1 0 2 10 143
1 21 0 11 0 2 151
1 21 0 9 1 3 104
1 21 0 7 2 4 44
1 21 0 5 3 5 84
1 21 0 4 9 0 26
1 21 0 3 4 6 188
1 21 0 2 10 1 19
1 21 0 1 5 7 18
1 21 0 0 11 2 39
1 21 0 0 0 13 87
1 20 13 1 0 0 8
1 20 11 2 1 0 140
1 20 11 0 2 1 33
1 20 10 0 0 4 90
1 20 9 3 2 0 45
1 20 9 1 3 1 117
1 20 8 3 0 3 117
1 20 8 1 1 4 171
1 20 7 4 3 0 101
1 20 7 2 4 1 174
1 20 7 0 5 2 37
1 20 6 6 0 2 31
1 20 6 4 1 3 137
1 20 6 2 2 4 38
1 20 5 5 4 0 138
1 20 5 3 5 1 81
1 20 5 2 0 7 10
1 20 5 1 6 2 67
1 20 5 0 1 8 29
1 20 4 9 0 1 196
1 20 4 7 1 2 131
1 20 4 5 2 3 140
1 20 4 3 3 4 126
1 20 4 1 4 5 154
1 20 4 0 10 0 150
1 20 3 6 5 0 121
1 20 3 5 0 6 123
1 20 3 4 6 1 43
1 20 3 3 1 7 197
1 20 3 2 7 2 21
1 20 3 1 2 8 133
1 20 3 0 8 3 191
1 20 2 12 0 0 179
1 20 2 10 1 1 20
1 20 2 8 2 2 167
1 20 2 6 3 3 111
1 20 2 4 4 4 103
1 20 2 2 5 5 131
1 20 2 1 11 0 101
1 20 2 1 0 11 42
1 20 2 0 6 6 197
1 20 1 8 0 5 112
1 20 1 7 6 0 141
1 20 1 6 1 6 120
1 20 1 5 7 1 85
1 20 1 4 2 7 178
1 20 1 3 8 2 195
1 20 1 2 3 8 52
1 20 1 1 9 3 169
1 20 1 0 4 9 18
1 20 0 13 1 0 98
1 20 0 11 2 1 75
1 20 0 9 3 2 179
1 20 0 7 4 3 25
1 20 0 5 5 4 56
1 20 0 4 0 10 19
1 20 0 3 6 5 179
1 20 0 2 12 0 71
1 20 0 2 1 11 196
1 20 0 1 7 6 53
1 20 0 0 13 1 197
1 20 0 0 2 12 3
1 19 12 1 0 2 192
1 19 11 0 4 0 33
1 19 10 4 0 1 6
1 19 10 2 1 2 55
1 19 10 0 2 3 180
1 19 9 1 5 0 92
1 19 9 0 0 6 96
1 19 8 7 0 0 36
1 19 8 5 1 1 126
1 19 8 3 2 2 106
1 19 8 1 3 3 22
1 19 7 3 0 5 133
1 19 7 2 6 0 111
1 19 7 1 1 6 21
1 19 7 0 7 1 21
1 19 6 8 1 0 10
1 19 6 6 2 1 19
1 19 6 4 3 2 97
1 19 6 2 4 3 146
1 19 6 0 5 4 89
1 19 5 6 0 4 159
1 19 5 4 1 5 15
1 19 5 3 7 0 135
1 19 5 2 2 6 84
1 19 5 1 8 1 173
1 19 5 0 3 7 142
1 19 4 9 2 0 101
1 19 4 7 3 1 68
1 19 4 5 4 2 77
1 19 4 3 5 3 183
1 19 4 2 0 9 191
1 19 4 1 6 4 166
1 19 4 0 1 10 137
1 19 3 9 0 3 89
1 19 3 7 1 4 30
1 19 3 5 2 5 57
1 19 3 4 8 0 177
1 19 3 3 3 6 179
1 19 3 2 9 1 103
1 19 3 1 4 7 74
1 19 3 0 10 2 186
1 19 2 10 3 0 126
1 19 2 8 4 1 189
1 19 2 6 5 2 167
1 19 2 5 0 8 155
1 19 2 4 6 3 129
1 19 2 3 1 9 60
1 19 2 2 7 4 80
1 19 2 1 2 10 125
1 19 2 0 8 5 108
1 19 1 12 0 2 163
1 19 1 10 1 3 156
1 19 1 8 2 4 76
1 19 1 6 3 5 14
1 19 1 5 9 0 24
1 19 1 4 4 6 122
1 19 1 3 10 1 178
1 19 1 2 5 7 41
1 19 1 1 11 2 123
1 19 1 1 0 13 110
1 19 1 0 6 8 130
1 19 0 11 4 0 187
1 19 0 9 5 1 35
1 19 0 8 0 7 154
1 19 0 7 6 2 42
1 19 0 6 1 8 62
1 19 0 5 7 3 165
1 19 0 4 2 9 142
1 19 0 3 8 4 99
1 19 0 2 3 10 148
1 19 0 1 9 5 128
1 19 0 0 15 0 56
1 19 0 0 4 11 101
1 18 14 2 0 0 76
1 18 14 0 1 1 124
1 18 12 3 1 0 34
1 18 12 1 2 1 178
1 18 11 1 0 4 149
1 18 10 4 2 0 140
1 18 10 2 3 1 180
1 18 10 0 4 2 96
1 18 9 4 0 3 112
1 18 9 2 1 4 3
1 18 9 0 2 5 99
1 18 8 5 3 0 185
1 18 8 1 5 2 101
1 18 8 0 0 8 138
1 18 7 7 0 2 37
1 18 7 5 1 3 33
1 18 7 3 2 4 24
1 18 7 1 3 5 17
1 18 7 0 9 0 144
1 18 6 6 4 0 141
1 18 6 4 5 1 97
1 18 6 3 0 7 125
1 18 6 2 6 2 60
1 18 6 1 1 8 18
1 18 6 0 7 3 178
1 18 5 10 0 1 77
1 18 5 8 1 2 94
1 18 5 6 2 3 155
1 18 5 4 3 4 125
1 18 5 2 4 5 74
1 18 5 1 10 0 4
1 18 5 0 5 6 16
1 18 4 7 5 0 90
1 18 4 6 0 6 60
1 18 4 5 6 1 134
1 18 4 4 1 7 67
1 18 4 3 7 2 36
1 18 4 2 2 8 158
1 18 4 1 8 3 104
1 18 4 0 3 9 147
1 18 3 13 0 0 61
1 18 3 11 1 1 152
1 18 3 9 2 2 123
1 18 3 7 3 3 47
1 18 3 5 4 4 198
1 18 3 3 5 5 60
1 18 3 2 11 0 89
1 18 3 2 0 11 181
1 18 3 1 6 6 93
1 18 3 0 12 1 46
1 18 3 0 1 12 11
1 18 2 9 0 5 128
1 18 2 8 6 0 82
1 18 2 7 1 6 110
1 18 2 6 7 1 4
1 18 2 5 2 7 36
1 18 2 4 8 2 3
1 18 2 3 3 8 144
1 18 2 2 9 3 171
1 18 2 1 4 9 44
1 18 2 0 10 4 20
1 18 1 14 1 0 157
1 18 1 12 2 1 24
1 18 1 10 3 2 185
1 18 1 8 4 3 186
1 18 1 6 5 4 10
1 18 1 5 0 10 10
1 18 1 4 6 5 186
1 18 1 3 12 0 131
1 18 1 3 1 11 187
1 18 1 2 7 6 30
1 18 1 1 13 1 104
1 18 1 1 2 12 112
1 18 1 0 8 7 16
1 18 0 12 0 4 145
1 18 0 10 1 5 134
1 18 0 9 7 0 197
1 18 0 8 2 6 137
1 18 0 7 8 1 62
1 18 0 6 3 7 12
1 18 0 5 9 2 60
1 18 0 4 4 8 196
1 18 0 3 10 3 177
1 18 0 2 5 9 157
1 18 0 1 11 4 113
1 18 0 1 0 15 143
1 18 0 0 6 10 4
1 17 14 0 3 0 137
1 17 13 2 0 2 79
1 17 13 0 1 3 15
1 17 12 1 4 0 177
1 17 11 3 1 2 164
1 17 11 1 2 3 103
1 17 10 2 5 0 141
1 17 10 1 0 6 113
1 17 10 0 6 1 33
1 17 9 8 0 0 181
1 17 9 6 1 1 12
1 17 9 4 2 2 147
1 17 9 2 3 3 139
1 17 9 0 4 4 172
1 17 8 4 0 5 13
1 17 8 3 6 0 140
1 17 8 2 1 6 99
1 17 8 1 7 1 119
1 17 8 0 2 7 106
1 17 7 9 1 0 132
1 17 7 7 2 1 52
1 17 7 5 3 2 33
1 17 7 3 4 3 179
1 17 7 1 5 4 180
1 17 7 0 0 10 111
1 17 6 7 0 4 90
1 17 6 5 1 5 159
1 17 6 4 7 0 93
1 17 6 3 2 6 161
1 17 6 2 8 1 128
1 17 6 1 3 7 121
1 17 6 0 9 2 102
1 17 5 10 2 0 181
1 17 5 8 3 1 164
1 17 5 6 4 2 171
1 17 5 4 5 3 147
1 17 5 3 0 9 7
1 17 5 2 6 4 176
1 17 5 1 1 10 31
1 17 5 0 7 5 64
1 17 4 10 0 3 194
1 17 4 8 1 4 190
1 17 4 6 2 5 134
1 17 4 5 8 0 118
1 17 4 4 3 6 135
1 17 4 3 9 1 163
1 17 4 2 4 7 84
1 17 4 1 10 2 156
1 17 4 0 5 8 97
1 17 3 11 3 0 126
1 17 3 9 4 1 80
1 17 3 7 5 2 137
1 17 3 6 0 8 154
1 17 3 5 6 3 83
1 17 3 4 1 9 63
1 17 3 3 7 4 85
1 17 3 2 2 10 14
1 17 3 1 8 5 143
1 17 3 0 14 0 192
1 17 3 0 3 11 123
1 17 2 13 0 2 35
1 17 2 11 1 3 29
1 17 2 9 2 4 24
1 17 2 7 3 5 95
1 17 2 6 9 0 139
1 17 2 5 4 6 142
1 17 2 4 10 1 80
1 17 2 3 5 7 101
1 17 2 2 11 2 123
1 17 2 2 0 13 111
1 17 2 1 6 8 125
1 17 2 0 12 3 182
1 17 2 0 1 14 63
1 17 1 12 4 0 148
1 17 1 10 5 1 142
1 17 1 9 0 7 34
1 17 1 8 6 2 148
1 17 1 7 1 8 142
1 17 1 6 7 3 17
1 17 1 5 2 9 61
1 17 1 4 8 4 101
1 17 1 3 3 10 191
1 17 1 2 9 5 32
1 17 1 1 15 0 147
1 17 1 1 4 11 96
1 17 1 0 10 6 29
1 17 0 16 0 1 191
1 17 0 14 1 2 84
1 17 0 12 2 3 179
1 17 0 10 3 4 155
1 17 0 8 4 5 70
1 17 0 7 10 0 23
1 17 0 6 5 6 5
1 17 0 5 11 1 94
1 17 0 5 0 12 193
1 17 0 4 6 7 158
1 17 0 3 12 2 89
1 17 0 3 1 13 183
1 17 0 2 7 8 187
1 17 0 1 2 14 118
1 17 0 0 8 9 174
1 16 17 0 0 1 41
1 16 15 3 0 0 66
1 16 15 1 1 1 182
1 16 13 4 1 0 29
1 16 13 2 2 1 67
1 16 13 0 3 2 97
1 16 12 2 0 4 118
1 16 12 0 1 5 30
1 16 11 5 2 0 147
1 16 11 3 3 1 54
1 16 11 1 4 2 186
1 16 10 5 0 3 182
1 16 10 3 1 4 6
1 16 10 1 2 5 142
1 16 10 0 8 0 4
1 16 9 6 3 0 65
1 16 9 4 4 1 122
1 16 9 2 5 2 140
1 16 9 1 0 8 8
1 16 9 0 6 3 190
1 16 8 8 0 2 12
1 16 8 6 1 3 4
1 16 8 4 2 4 76
1 16 8 2 3 5 99
1 16 8 1 9 0 191
1 16 8 0 4 6 146
1 16 7 7 4 0 130
1 16 7 5 5 1 98
1 16 7 4 0 7 127
1 16 7 3 6 2 139
1 16 7 2 1 8 149
1 16 7 1 7 3 82
1 16 7 0 2 9 116
1 16 6 11 0 1 142
1 16 6 9 1 2 28
1 16 6 7 2 3 196
1 16 6 5 3 4 180
1 16 6 3 4 5 139
1 16 6 2 10 0 23
1 16 6 1 5 6 128
1 16 6 0 11 1 83
1 16 6 0 0 12 72
1 16 5 8 5 0 39
1 16 5 7 0 6 145
1 16 5 6 6 1 178
1 16 5 5 1 7 84
1 16 5 4 7 2 74
1 16 5 3 2 8 151
1 16 5 2 8 3 81
1 16 5 1 3 9 26
1 16 5 0 9 4 146
1 16 4 14 0 0 24
1 16 4 12 1 1 190
1 16 4 10 2 2 42
1 16 4 8 3 3 99
1 16 4 6 4 4 120
1 16 4 4 5 5 41
1 16 4 3 11 0 160
1 16 4 3 0 11 32
1 16 4 2 6 6 110
1 16 4 1 12 1 42
1 16 4 1 1 12 193
1 16 4 0 7 7 6
1 16 3 10 0 5 116
1 16 3 9 6 0 103
1 16 3 8 1 6 28
1 16 3 6 2 7 35
1 16 3 5 8 2 42
1 16 3 4 3 8 193
1 16 3 3 9 3 122
1 16 3 2 4 9 61
1 16 3 1 10 4 131
1 16 3 0 5 10 84
1 16 2 15 1 0 188
1 16 2 13 2 1 151
1 16 2 11 3 2 14
1 16 2 9 4 3 16
1 16 2 7 5 4 134
1 16 2 6 0 10 149
1 16 2 5 6 5 53
1 16 2 4 12 0 176
1 16 2 4 1 11 41
1 16 2 2 13 1 26
1 16 2 2 2 12 4
1 16 2 1 8 7 39
1 16 2 0 14 2 23
1 16 2 0 3 13 123
1 16 1 13 0 4 91
1 16 1 11 1 5 59
1 16 1 10 7 0 197
1 16 1 9 2 6 55
1 16 1 8 8 1 9
1 16 1 7 3 7 122
1 16 1 6 9 2 89
1 16 1 5 4 8 82
1 16 1 4 10 3 28
1 16 1 3 5 9 2
1 16 1 2 11 4 56
1 16 1 2 0 15 93
1 16 1 1 6 10 175
1 16 1 0 12 5 131
1 16 1 0 1 16 158
1 16 0 16 2 0 52
1 16 0 14 3 1 87
1 16 0 12 4 2 92
1 16 0 10 5 3 66
1 16 0 9 0 9 94
1 16 0 8 6 4 194
1 16 0 7 1 10 168
1 16 0 6 7 5 164
1 16 0 5 13 0 146
1 16 0 5 2 11 107
1 16 0 4 8 6 153
1 16 0 3 14 1 57
1 16 0 3 3 12 196
1 16 0 2 9 7 84
1 16 0 1 15 2 151
1 16 0 1 4 13 74
1 16 0 0 10 8 113
1 15 17 0 2 0 24
1 15 16 0 0 3 69
1 15 15 1 3 0 75
1 15 14 3 0 2 178
1 15 14 1 1 3 50
1 15 13 2 4 0 17
1 15 13 0 5 1 32
1 15 12 6 0 1 71
1 15 12 4 1 2 152
1 15 12 2 2 3 143
1 15 12 0 3 4 30
1 15 11 3 5 0 115
1 15 11 2 0 6 197
1 15 11 1 6 1 90
1 15 11 0 1 7 136
1 15 10 9 0 0 15
1 15 10 7 1 1 183
1 15 10 5 2 2 113
1 15 10 3 3 3 197
1 15 10 1 4 4 94
1 15 9 5 0 5 149
1 15 9 4 6 0 136
1 15 9 3 1 6 101
1 15 9 2 7 1 160
1 15 9 1 2 7 26
1 15 9 0 8 2 99
1 15 8 10 1 0 190
1 15 8 8 2 1 78
1 15 8 6 3 2 72
1 15 8 2 5 4 64
1 15 8 1 0 10 133
1 15 8 0 6 5 45
1 15 7 8 0 4 18
1 15 7 6 1 5 84
1 15 7 5 7 0 87
1 15 7 4 2 6 171
1 15 7 3 8 1 57
1 15 7 2 3 7 15
1 15 7 1 9 2 82
1 15 7 0 4 8 128
1 15 6 11 2 0 34
1 15 6 9 3 1 80
1 15 6 7 4 2 17
1 15 6 5 5 3 37
1 15 6 4 0 9 120
1 15 6 3 6 4 191
1 15 6 2 1 10 15
1 15 6 1 7 5 167
1 15 6 0 13 0 139
1 15 6 0 2 11 42
1 15 5 11 0 3 123
1 15 5 9 1 4 25
1 15 5 7 2 5 143
1 15 5 6 8 0 16
1 15 5 5 3 6 139
1 15 5 4 9 1 163
1 15 5 3 4 7 136
1 15 5 2 10 2 197
1 15 5 1 5 8 162
1 15 5 0 11 3 32
1 15 5 0 0 14 191
1 15 4 12 3 0 50
1 15 4 10 4 1 11
1 15 4 8 5 2 191
1 15 4 7 0 8 113
1 15 4 6 6 3 197
1 15 4 5 1 9 28
1 15 4 4 7 4 49
1 15 4 3 2 10 66
1 15 4 2 8 5 79
1 15 4 1 14 0 114
1 15 4 1 3 11 67
1 15 4 0 9 6 135
1 15 3 14 0 2 171
1 15 3 12 1 3 24
1 15 3 10 2 4 8
1 15 3 8 3 5 187
1 15 3 7 9 0 40
1 15 3 6 4 6 141
1 15 3 5 10 1 183
1 15 3 4 5 7 163
1 15 3 3 11 2 3
1 15 3 3 0 13 84
1 15 3 2 6 8 185
1 15 3 1 12 3 178
1 15 3 1 1 14 87
1 15 3 0 7 9 24
1 15 2 13 4 0 34
1 15 2 11 5 1 184
1 15 2 10 0 7 144
1 15 2 9 6 2 106
1 15 2 8 1 8 15
1 15 2 7 7 3 169
1 15 2 6 2 9 81
1 15 2 5 8 4 73
1 15 2 4 3 10 73
1 15 2 3 9 5 51
1 15 2 2 15 0 38
1 15 2 2 4 11 105
1 15 2 1 10 6 123
1 15 2 0 16 1 187
1 15 2 0 5 12 161
1 15 1 17 0 1 3
1 15 1 15 1 2 98
1 15 1 13 2 3 163
1 15 1 11 3 4 167
1 15 1 9 4 5 182
1 15 1 8 10 0 197
1 15 1 7 5 6 10
1 15 1 6 11 1 169
1 15 1 6 0 12 15
1 15 1 5 6 7 164
1 15 1 4 12 2 188
1 15 1 4 1 13 188
1 15 1 3 7 8 171
1 15 1 2 13 3 42
1 15 1 2 2 14 62
1 15 1 1 8 9 108
1 15 1 0 14 4 93
1 15 1 0 3 15 126
1 15 0 14 5 0 82
1 15 0 13 0 6 102
1 15 0 12 6 1 128
1 15 0 11 1 7 21
1 15 0 10 7 2 107
1 15 0 9 2 8 134
1 15 0 8 8 3 47
1 15 0 7 3 9 134
1 15 0 6 9 4 55
1 15 0 5 4 10 198
1 15 0 4 10 5 172
1 15 0 3 16 0 138
1 15 0 3 5 11 117
1 15 0 2 11 6 167
1 15 0 2 0 17 171
1 15 0 1 17 1 70
1 15 0 1 6 12 10
1 15 0 0 12 7 134
1 15 0 0 1 18 153
1 14 18 1 0 1 189
1 14 16 4 0 0 142
1 14 16 2 1 1 53
1 14 16 0 2 2 40
1 14 15 0 0 5 12
1 14 14 5 1 0 171
1 14 14 3 2 1 160
1 14 14 1 3 2 83
1 14 13 3 0 4 105
1 14 13 1 1 5 66
1 14 13 0 7 0 151
1 14 12 6 2 0 21
1 14 12 4 3 1 125
1 14 12 2 4 2 32
1 14 12 0 5 3 106
1 14 11 6 0 3 183
1 14 11 4 1 4 105
1 14 11 2 2 5 163
1 14 11 1 8 0 86
1 14 11 0 3 6 148
1 14 10 7 3 0 98
1 14 10 5 4 1 28
1 14 10 3 5 2 161
1 14 10 2 0 8 23
1 14 10 1 6 3 173
1 14 10 0 1 9 168
1 14 9 9 0 2 173
1 14 9 7 1 3 61
1 14 9 5 2 4 65
1 14 9 3 3 5 145
1 14 9 2 9 0 11
1 14 9 1 4 6 33
1 14 9 0 10 1 97
1 14 8 8 4 0 45
1 14 8 6 5 1 90
1 14 8 5 0 7 61
1 14 8 4 6 2 106
1 14 8 3 1 8 33
1 14 8 2 7 3 179
1 14 8 1 2 9 19
1 14 8 0 8 4 107
1 14 7 12 0 1 22
1 14 7 10 1 2 34
1 14 7 8 2 3 114
1 14 7 6 3 4 90
1 14 7 4 4 5 24
1 14 7 3 10 0 51
1 14 7 2 5 6 99
1 14 7 1 11 1 103
1 14 7 1 0 12 38
1 14 7 0 6 7 18
1 14 6 9 5 0 147
1 14 6 8 0 6 174
1 14 6 7 6 1 116
1 14 6 6 1 7 75
1 14 6 5 7 2 123
1 14 6 4 2 8 3
1 14 6 3 8 3 45
1 14 6 2 3 9 113
1 14 6 1 9 4 104
1 14 6 0 4 10 171
1 14 5 15 0 0 146
1 14 5 13 1 1 61
1 14 5 11 2 2 94
1 14 5 9 3 3 180
1 14 5 7 4 4 109
1 14 5 5 5 5 191
1 14 5 4 11 0 190
1 14 5 4 0 11 28
1 14 5 3 6 6 84
1 14 5 2 12 1 85
1 14 5 2 1 12 136
1 14 5 1 7 7 30
1 14 5 0 13 2 174
1 14 5 0 2 13 28
1 14 4 11 0 5 165
1 14 4 10 6 0 39
1 14 4 9 1 6 150
1 14 4 8 7 1 188
1 14 4 7 2 7 78
1 14 4 6 8 2 65
1 14 4 5 3 8 165
1 14 4 4 9 3 94
1 14 4 3 4 9 95
1 14 4 2 10 4 43
1 14 4 1 5 10 65
1 14 4 0 11 5 37
1 14 4 0 0 16 149
1 14 3 16 1 0 3
1 14 3 14 2 1 134
1 14 3 12 3 2 121
1 14 3 10 4 3 18
1 14 3 8 5 4 138
1 14 3 7 0 10 161
1 14 3 6 6 5 198
1 14 3 5 12 0 95
1 14 3 5 1 11 163
1 14 3 4 7 6 187
1 14 3 3 13 1 168
1 14 3 3 2 12 84
1 14 3 2 8 7 133
1 14 3 1 14 2 69
1 14 3 1 3 13 61
1 14 3 0 9 8 121
1 14 2 14 0 4 176
1 14 2 12 1 5 187
1 14 2 11 7 0 13
1 14 2 10 2 6 70
1 14 2 9 8 1 28
1 14 2 8 3 7 186
1 14 2 7 9 2 180
1 14 2 6 4 8 21
1 14 2 5 10 3 42
1 14 2 4 5 9 72
1 14 2 3 11 4 123
1 14 2 3 0 15 101
1 14 2 2 6 10 176
1 14 2 1 12 5 2
1 14 2 1 1 16 160
1 14 2 0 18 0 1
1 14 2 0 7 11 95
1 14 1 17 2 0 128
1 14 1 15 3 1 5
1 14 1 13 4 2 142
1 14 1 11 5 3 142
1 14 1 10 0 9 169
1 14 1 9 6 4 5
1 14 1 8 1 10 33
1 14 1 7 7 5 99
1 14 1 6 13 0 29
1 14 1 6 2 11 76
1 14 1 5 8 6 134
1 14 1 4 14 1 77
1 14 1 4 3 12 164
1 14 1 3 9 7 15
1 14 1 2 15 2 128
1 14 1 2 4 13 127
1 14 1 1 10 8 43
1 14 1 0 16 3 29
1 14 1 0 5 14 33
1 14 0 17 0 3 174
1 14 0 15 1 4 64
1 14 0 13 2 5 14
1 14 0 12 8 0 129
1 14 0 11 3 6 70
1 14 0 10 9 1 107
1 14 0 9 4 7 85
1 14 0 8 10 2 128
1 14 0 7 5 8 167
1 14 0 6 11 3 64
1 14 0 6 0 14 45
1 14 0 5 6 9 9
1 14 0 4 12 4 151
1 14 0 4 1 15 93
1 14 0 3 7 10 88
1 14 0 2 13 5 128
1 14 0 2 2 16 100
1 14 0 1 19 0 173
1 14 0 1 8 11 72
1 14 0 0 14 6 129
1 14 0 0 3 17 81
1 13 20 0 1 0 27
1 13 18 1 2 0 190
1 13 17 1 0 3 149
1 13 16 2 3 0 98
1 13 16 0 4 1 17
1 13 15 4 0 2 35
1 13 15 2 1 3 168
1 13 15 0 2 4 11
1 13 14 3 4 0 129
1 13 14 1 5 1 42
1 13 14 0 0 7 194
1 13 13 7 0 1 174
1 13 13 5 1 2 156
1 13 13 3 2 3 100
1 13 13 1 3 4 21
1 13 12 4 5 0 198
1 13 12 3 0 6 162
1 13 12 2 6 1 167
1 13 12 1 1 7 137
1 13 12 0 7 2 4
1 13 11 10 0 0 41
1 13 11 8 1 1 43
1 13 11 6 2 2 48
1 13 11 4 3 3 68
1 13 11 2 4 4 105
1 13 11 0 5 5 23
1 13 10 6 0 5 197
1 13 10 5 6 0 33
1 13 10 4 1 6 72
1 13 10 3 7 1 134
1 13 10 2 2 7 25
1 13 10 1 8 2 64
1 13 10 0 3 8 24
1 13 9 11 1 0 39
1 13 9 9 2 1 16
1 13 9 7 3 2 85
1 13 9 5 4 3 159
1 13 9 3 5 4 54
1 13 9 2 0 10 90
1 13 9 1 6 5 159
1 13 9 0 12 0 163
1 13 9 0 1 11 62
1 13 8 9 0 4 50
1 13 8 7 1 5 128
1 13 8 6 7 0 118
1 13 8 5 2 6 173
1 13 8 4 8 1 79
1 13 8 3 3 7 198
1 13 8 2 9 2 122
1 13 8 1 4 8 62
1 13 8 0 10 3 94
1 13 7 12 2 0 2
1 13 7 10 3 1 177
1 13 7 8 4 2 18
1 13 7 6 5 3 77
1 13 7 5 0 9 148
1 13 7 4 6 4 122
1 13 7 3 1 10 178
1 13 7 2 7 5 129
1 13 7 1 13 0 71
1 13 7 1 2 11 117
1 13 7 0 8 6 57
1 13 6 12 0 3 196
1 13 6 10 1 4 16
1 13 6 8 2 5 50
1 13 6 7 8 0 72
1 13 6 6 3 6 108
1 13 6 5 9 1 94
1 13 6 4 4 7 13
1 13 6 3 10 2 7
1 13 6 2 5 8 107
1 13 6 1 11 3 58
1 13 6 1 0 14 173
1 13 6 0 6 9 189
1 13 5 13 3 0 73
1 13 5 11 4 1 4
1 13 5 9 5 2 173
1 13 5 8 0 8 21
1 13 5 7 6 3 131
1 13 5 6 1 9 136
1 13 5 4 2 10 111
1 13 5 3 8 5 54
1 13 5 2 14 0 8
1 13 5 2 3 11 163
1 13 5 1 9 6 63
1 13 5 0 15 1 72
1 13 5 0 4 12 180
1 13 4 15 0 2 171
1 13 4 13 1 3 84
1 13 4 11 2 4 14
1 13 4 9 3 5 123
1 13 4 8 9 0 194
1 13 4 7 4 6 132
1 13 4 6 10 1 14
1 13 4 5 5 7 170
1 13 4 4 11 2 86
1 13 4 4 0 13 109
1 13 4 3 6 8 125
1 13 4 2 12 3 55
1 13 4 2 1 14 153
1 13 4 1 7 9 177
1 13 4 0 13 4 156
1 13 4 0 2 15 147
1 13 3 14 4 0 148
1 13 3 12 5 1 22
1 13 3 11 0 7 37
1 13 3 10 6 2 75
1 13 3 9 1 8 197
1 13 3 8 7 3 194
1 13 3 7 2 9 30
1 13 3 6 8 4 3
1 13 3 5 3 10 69
1 13 3 4 9 5 134
1 13 3 3 15 0 3
1 13 3 3 4 11 98
1 13 3 2 10 6 176
1 13 3 1 16 1 46
1 13 3 1 5 12 48
1 13 3 0 11 7 19
1 13 3 0 0 18 100
1 13 2 18 0 1 182
1 13 2 16 1 2 4
1 13 2 14 2 3 61
1 13 2 12 3 4 72
1 13 2 10 4 5 2
1 13 2 9 10 0 49
1 13 2 8 5 6 42
1 13 2 7 11 1 163
1 13 2 7 0 12 41
1 13 2 6 6 7 113
1 13 2 5 12 2 92
1 13 2 5 1 13 53
1 13 2 4 7 8 83
1 13 2 3 13 3 76
1 13 2 3 2 14 17
1 13 2 2 8 9 63
1 13 2 1 14 4 133
1 13 2 1 3 15 124
1 13 2 0 9 10 50
1 13 1 15 5 0 7
1 13 1 14 0 6 197
1 13 1 13 6 1 194
1 13 1 12 1 7 70
1 13 1 11 7 2 70
1 13 1 10 2 8 157
1 13 1 9 8 3 192
1 13 1 8 3 9 75
1 13 1 7 9 4 181
1 13 1 6 4 10 133
1 13 1 5 10 5 193
1 13 1 4 16 0 101
1 13 1 4 5 11 184
1 13 1 3 11 6 62
1 13 1 3 0 17 170
1 13 1 2 17 1 70
1 13 1 2 6 12 67
1 13 1 1 12 7 147
1 13 1 1 1 18 173
1 13 1 0 18 2 86
1 13 1 0 7 13 140
1 13 0 21 0 0 42
1 13 0 19 1 1 70
1 13 0 17 2 2 90
1 13 0 15 3 3 146
1 13 0 13 4 4 97
1 13 0 11 5 5 144
1 13 0 10 11 0 121
1 13 0 10 0 11 160
1 13 0 9 6 6 157
1 13 0 8 12 1 139
1 13 0 8 1 12 7
1 13 0 7 7 7 127
1 13 0 6 13 2 164
1 13 0 6 2 13 40
1 13 0 5 8 8 23
1 13 0 4 14 3 192
1 13 0 4 3 14 116
1 13 0 3 9 9 127
1 13 0 2 4 15 173
1 13 0 1 10 10 89
1 13 0 0 16 5 50
1 13 0 0 5 16 151
1 12 19 2 0 1 57
1 12 19 0 1 2 9
1 12 17 5 0 0 198
1 12 17 3 1 1 86
1 12 17 1 2 2 50
1 12 16 1 0 5 75
1 12 16 0 6 0 149
1 12 15 6 1 0 83
1 12 15 4 2 1 83
1 12 15 2 3 2 127
1 12 15 0 4 3 62
1 12 14 4 0 4 131
1 12 14 2 1 5 176
1 12 14 1 7 0 39
1 12 14 0 2 6 167
1 12 13 7 2 0 14
1 12 13 5 3 1 63
1 12 13 3 4 2 143
1 12 13 1 5 3 69
1 12 13 0 0 9 184
1 12 12 7 0 3 82
1 12 12 5 1 4 42
1 12 12 3 2 5 142
1 12 12 2 8 0 127
1 12 12 1 3 6 163
1 12 12 0 9 1 178
1 12 11 8 3 0 85
1 12 11 6 4 1 81
1 12 11 4 5 2 151
1 12 11 3 0 8 27
1 12 11 2 6 3 74
1 12 11 1 1 9 31
1 12 11 0 7 4 4
1 12 10 10 0 2 26
1 12 10 8 1 3 43
1 12 10 6 2 4 128
1 12 10 4 3 5 109
1 12 10 3 9 0 138
1 12 10 2 4 6 158
1 12 10 1 10 1 153
1 12 10 0 5 7 34
1 12 9 9 4 0 119
1 12 9 7 5 1 81
1 12 9 6 0 7 39
1 12 9 5 6 2 98
1 12 9 4 1 8 147
1 12 9 3 7 3 2
1 12 9 2 2 9 96
1 12 9 1 8 4 9
1 12 9 0 3 10 108
1 12 8 13 0 1 144
1 12 8 11 1 2 121
1 12 8 9 2 3 98
1 12 8 7 3 4 44
1 12 8 5 4 5 90
1 12 8 4 10 0 194
1 12 8 3 5 6 162
1 12 8 2 11 1 47
1 12 8 2 0 12 67
1 12 8 1 6 7 74
1 12 8 0 12 2 85
1 12 8 0 1 13 89
1 12 7 10 5 0 8
1 12 7 9 0 6 76
1 12 7 8 6 1 18
1 12 7 7 1 7 61
1 12 7 6 7 2 153
1 12 7 5 2 8 73
1 12 7 4 8 3 13
1 12 7 3 3 9 148
1 12 7 2 9 4 24
1 12 7 1 4 10 41
1 12 7 0 10 5 47
1 12 6 16 0 0 24
1 12 6 14 1 1 9
1 12 6 12 2 2 124
1 12 6 10 3 3 153
1 12 6 8 4 4 187
1 12 6 6 5 5 113
1 12 6 5 11 0 117
1 12 6 5 0 11 8
1 12 6 4 6 6 147
1 12 6 3 12 1 198
1 12 6 3 1 12 113
1 12 6 2 7 7 147
1 12 6 1 13 2 99
1 12 6 1 2 13 121
1 12 6 0 8 8 112
1 12 5 12 0 5 87
1 12 5 11 6 0 20
1 12 5 10 1 6 117
1 12 5 9 7 1 60
1 12 5 8 2 7 39
1 12 5 7 8 2 126
1 12 5 6 3 8 110
1 12 5 5 9 3 191
1 12 5 4 4 9 5
1 12 5 3 10 4 25
1 12 5 2 5 10 119
1 12 5 1 11 5 142
1 12 5 1 0 16 102
1 12 5 0 17 0 39
1 12 5 0 6 11 90
1 12 4 17 1 0 68
1 12 4 15 2 1 69
1 12 4 13 3 2 96
1 12 4 11 4 3 35
1 12 4 9 5 4 58
1 12 4 8 0 10 24
1 12 4 7 6 5 101
1 12 4 6 12 0 139
1 12 4 6 1 11 40
1 12 4 5 7 6 198
1 12 4 4 13 1 115
1 12 4 4 2 12 137
1 12 4 3 8 7 93
1 12 4 2 14 2 85
1 12 4 2 3 13 122
1 12 4 1 9 8 26
1 12 4 0 15 3 95
1 12 4 0 4 14 3
1 12 3 15 0 4 88
1 12 3 13 1 5 85
1 12 3 12 7 0 169
1 12 3 11 2 6 3
1 12 3 10 8 1 96
1 12 3 9 3 7 27
1 12 3 8 9 2 160
1 12 3 7 4 8 25
1 12 3 6 10 3 103
1 12 3 5 5 9 183
1 12 3 4 11 4 23
1 12 3 4 0 15 113
1 12 3 3 6 10 186
1 12 3 2 12 5 61
1 12 3 2 1 16 21
1 12 3 1 18 0 97
1 12 3 1 7 11 107
1 12 3 0 13 6 34
1 12 3 0 2 17 121
1 12 2 18 2 0 174
1 12 2 16 3 1 146
1 12 2 14 4 2 87
1 12 2 12 5 3 190
1 12 2 11 0 9 114
1 12 2 10 6 4 170
1 12 2 9 1 10 196
1 12 2 8 7 5 74
1 12 2 7 13 0 183
1 12 2 7 2 11 50
1 12 2 6 8 6 183
1 12 2 5 14 1 50
1 12 2 5 3 12 40
1 12 2 4 9 7 181
1 12 2 3 15 2 2
1 12 2 3 4 13 184
1 12 2 2 10 8 12
1 12 2 1 16 3 4
1 12 2 1 5 14 97
1 12 2 0 11 9 30
1 12 2 0 0 20 138
1 12 1 18 0 3 189
1 12 1 16 1 4 46
1 12 1 14 2 5 29
1 12 1 13 8 0 182
1 12 1 12 3 6 53
1 12 1 11 9 1 156
1 12 1 10 4 7 152
1 12 1 9 10 2 147
1 12 1 8 5 8 129
1 12 1 7 11 3 48
1 12 1 7 0 14 40
1 12 1 6 6 9 62
1 12 1 5 12 4 177
1 12 1 5 1 15 93
1 12 1 4 7 10 56
1 12 1 3 13 5 88
1 12 1 3 2 16 92
1 12 1 2 19 0 88
1 12 1 2 8 11 96
1 12 1 1 14 6 42
1 12 1 1 3 17 90
1 12 1 0 20 1 119
1 12 1 0 9 12 27
1 12 0 19 3 0 179
1 12 0 17 4 1 159
1 12 0 15 5 2 18
1 12 0 14 0 8 140
1 12 0 13 6 3 173
1 12 0 12 1 9 68
1 12 0 11 7 4 155
1 12 0 10 2 10 54
1 12 0 9 8 5 101
1 12 0 8 14 0 159
1 12 0 8 3 11 161
1 12 0 7 9 6 77
1 12 0 6 15 1 195
1 12 0 6 4 12 92
1 12 0 5 10 7 188
1 12 0 4 16 2 197
1 12 0 4 5 13 95
1 12 0 3 11 8 164
1 12 0 3 0 19 122
1 12 0 2 17 3 124
1 12 0 2 6 14 192
1 12 0 1 12 9 20
1 12 0 1 1 20 25
1 12 0 0 18 4 22
1 12 0 0 7 15 95
1 11 23 0 0 0 194
1 11 21 1 1 0 194
1 11 19 2 2 0 31
1 11 19 0 3 1 13
1 11 18 2 0 3 75
1 11 18 0 1 4 195
1 11 17 3 3 0 126
1 11 17 1 4 1 12
1 11 16 5 0 2 181
1 11 16 3 1 3 139
1 11 16 1 2 4 187
1 11 15 4 4 0 177
1 11 15 2 5 1 27
1 11 15 1 0 7 32
1 11 15 0 6 2 87
1 11 14 8 0 1 182
1 11 14 6 1 2 150
1 11 14 4 2 3 107
1 11 14 2 3 4 97
1 11 14 0 4 5 33
1 11 13 5 5 0 110
1 11 13 4 0 6 41
1 11 13 3 6 1 19
1 11 13 2 1 7 140
1 11 13 1 7 2 9
1 11 13 0 2 8 93
1 11 12 11 0 0 116
1 11 12 9 1 1 101
1 11 12 7 2 2 154
1 11 12 5 3 3 88
1 11 12 3 4 4 140
1 11 12 1 5 5 51
1 11 12 0 11 0 174
1 11 12 0 0 11 90
1 11 11 7 0 5 157
1 11 11 6 6 0 115
1 11 11 5 1 6 183
1 11 11 4 7 1 52
1 11 11 3 2 7 30
1 11 11 2 8 2 77
1 11 11 1 3 8 135
1 11 11 0 9 3 168
1 11 10 12 1 0 100
1 11 10 10 2 1 183
1 11 10 8 3 2 15
1 11 10 6 4 3 135
1 11 10 4 5 4 74
1 11 10 3 0 10 181
1 11 10 2 6 5 133
1 11 10 1 12 0 197
1 11 10 1 1 11 153
1 11 10 0 7 6 42
1 11 9 10 0 4 146
1 11 9 8 1 5 126
1 11 9 7 7 0 181
1 11 9 6 2 6 58
1 11 9 5 8 1 95
1 11 9 4 3 7 100
1 11 9 3 9 2 162
1 11 9 2 4 8 192
1 11 9 1 10 3 178
1 11 9 0 5 9 167
1 11 8 13 2 0 128
1 11 8 11 3 1 152
1 11 8 9 4 2 194
1 11 8 7 5 3 172
1 11 8 6 0 9 197
1 11 8 5 6 4 110
1 11 8 4 1 10 141
1 11 8 3 7 5 9
1 11 8 2 13 0 54
1 11 8 2 2 11 119
1 11 8 1 8 6 162
1 11 8 0 14 1 20
1 11 8 0 3 12 23
1 11 7 13 0 3 128
1 11 7 11 1 4 149
1 11 7 9 2 5 115
1 11 7 8 8 0 129
1 11 7 7 3 6 75
1 11 7 6 9 1 186
1 11 7 5 4 7 174
1 11 7 4 10 2 50
1 11 7 3 5 8 6
1 11 7 2 11 3 104
1 11 7 2 0 14 111
1 11 7 1 6 9 152
1 11 7 0 12 4 158
1 11 7 0 1 15 91
1 11 6 14 3 0 2
1 11 6 12 4 1 177
1 11 6 10 5 2 190
1 11 6 9 0 8 70
1 11 6 8 6 3 34
1 11 6 7 1 9 47
1 11 6 6 7 4 182
1 11 6 5 2 10 23
1 11 6 4 8 5 127
1 11 6 3 14 0 158
1 11 6 3 3 11 49
1 11 6 2 9 6 117
1 11 6 1 15 1 106
1 11 6 1 4 12 33
1 11 6 0 10 7 66
1 11 5 16 0 2 163
1 11 5 14 1 3 170
1 11 5 12 2 4 151
1 11 5 10 3 5 1
1 11 5 9 9 0 193
1 11 5 8 4 6 121
1 11 5 7 10 1 96
1 11 5 6 5 7 84
1 11 5 5 11 2 142
1 11 5 5 0 13 178
1 11 5 4 6 8 14
1 11 5 3 12 3 133
1 11 5 3 1 14 75
1 11 5 2 7 9 85
1 11 5 1 13 4 61
1 11 5 1 2 15 4
1 11 5 0 8 10 54
1 11 4 15 4 0 99
1 11 4 13 5 1 185
1 11 4 12 0 7 74
1 11 4 11 6 2 189
1 11 4 10 1 8 9
1 11 4 9 7 3 74
1 11 4 8 2 9 36
1 11 4 7 8 4 164
1 11 4 6 3 10 146
1 11 4 5 9 5 70
1 11 4 4 15 0 107
1 11 4 4 4 11 51
1 11 4 3 10 6 133
1 11 4 2 16 1 176
1 11 4 2 5 12 176
1 11 4 1 11 7 62
1 11 4 1 0 18 104
1 11 4 0 17 2 172
1 11 4 0 6 13 149
1 11 3 19 0 1 74
1 11 3 17 1 2 110
1 11 3 15 2 3 132
1 11 3 13 3 4 72
1 11 3 11 4 5 41
1 11 3 10 10 0 58
1 11 3 9 5 6 15
1 11 3 8 11 1 68
1 11 3 8 0 12 91
1 11 3 7 6 7 164
1 11 3 6 12 2 161
1 11 3 6 1 13 109
1 11 3 5 7 8 104
1 11 3 4 13 3 35
1 11 3 4 2 14 171
1 11 3 2 14 4 76
1 11 3 2 3 15 139
1 11 3 1 9 10 191
1 11 3 0 15 5 44
1 11 3 0 4 16 173
1 11 2 16 5 0 91
1 11 2 15 0 6 175
1 11 2 14 6 1 54
1 11 2 13 1 7 11
1 11 2 12 7 2 149
1 11 2 11 2 8 184
1 11 2 10 8 3 113
1 11 2 9 3 9 156
1 11 2 8 9 4 186
1 11 2 7 4 10 13
1 11 2 6 10 5 17
1 11 2 5 16 0 155
1 11 2 5 5 11 86
1 11 2 4 11 6 148
1 11 2 4 0 17 94
1 11 2 3 17 1 48
1 11 2 3 6 12 88
1 11 2 2 12 7 115
1 11 2 2 1 18 151
1 11 2 1 18 2 91
1 11 2 1 7 13 55
1 11 2 0 13 8 12
1 11 2 0 2 19 78
1 11 1 22 0 0 161
1 11 1 20 1 1 42
1 11 1 18 2 2 134
1 11 1 16 3 3 85
1 11 1 14 4 4 133
1 11 1 12 5 5 110
1 11 1 11 11 0 59
1 11 1 11 0 11 27
1 11 1 10 6 6 175
1 11 1 9 12 1 171
1 11 1 9 1 12 85
1 11 1 8 7 7 101
1 11 1 7 13 2 99
1 11 1 7 2 13 122
1 11 1 6 8 8 7
1 11 1 5 14 3 187
1 11 1 5 3 14 35
1 11 1 4 9 9 34
1 11 1 3 15 4 66
1 11 1 3 4 15 2
1 11 1 2 10 10 14
1 11 1 1 16 5 100
1 11 1 1 5 16 97
1 11 1 0 22 0 76
1 11 1 0 11 11 175
1 11 1 0 0 22 27
1 11 0 18 0 5 160
1 11 0 17 6 0 175
1 11 0 16 1 6 198
1 11 0 15 7 1 50
1 11 0 14 2 7 7
1 11 0 13 8 2 71
1 11 0 12 3 8 69
1 11 0 11 9 3 128
1 11 0 10 4 9 164
1 11 0 9 10 4 32
1 11 0 8 5 10 176
1 11 0 7 11 5 17
1 11 0 7 0 16 185
1 11 0 6 17 0 92
1 11 0 6 6 11 55
1 11 0 5 12 6 35
1 11 0 5 1 17 100
1 11 0 4 18 1 53
1 11 0 4 7 12 187
1 11 0 3 13 7 56
1 11 0 3 2 18 179
1 11 0 2 19 2 178
1 11 0 2 8 13 155
1 11 0 1 14 8 11
1 11 0 1 3 19 25
1 11 0 0 20 3 144
1 11 0 0 9 14 190
1 10 22 0 0 2 171
1 10 20 3 0 1 129
1 10 19 0 5 0 26
1 10 18 6 0 0 5
1 10 18 4 1 1 172
1 10 18 2 2 2 67
1 10 18 0 3 3 40
1 10 17 2 0 5 54
1 10 17 1 6 0 77
1 10 17 0 1 6 67
1 10 16 7 1 0 52
1 10 16 5 2 1 119
1 10 16 3 3 2 29
1 10 16 1 4 3 149
1 10 15 5 0 4 157
1 10 15 3 1 5 187
1 10 15 2 7 0 151
1 10 15 1 2 6 13
1 10 15 0 8 1 115
1 10 14 8 2 0 34
1 10 14 6 3 1 180
1 10 14 4 4 2 3
1 10 14 2 5 3 46
1 10 14 1 0 9 182
1 10 14 0 6 4 180
1 10 13 8 0 3 68
1 10 13 6 1 4 55
1 10 13 4 2 5 6
1 10 13 3 8 0 89
1 10 13 2 3 6 190
1 10 13 1 9 1 44
1 10 13 0 4 7 131
1 10 12 9 3 0 40
1 10 12 7 4 1 11
1 10 12 5 5 2 57
1 10 12 4 0 8 87
1 10 12 3 6 3 114
1 10 12 2 1 9 79
1 10 12 1 7 4 78
1 10 12 0 2 10 28
1 10 11 11 0 2 135
1 10 11 9 1 3 60
1 10 11 7 2 4 122
1 10 11 5 3 5 152
1 10 11 4 9 0 107
1 10 11 3 4 6 184
1 10 11 2 10 1 35
1 10 11 1 5 7 84
1 10 11 0 11 2 177
1 10 11 0 0 13 122
1 10 10 10 4 0 38
1 10 10 8 5 1 130
1 10 10 7 0 7 81
1 10 10 6 6 2 5
1 10 10 5 1 8 102
1 10 10 4 7 3 7
1 10 10 3 2 9 178
1 10 10 2 8 4 81
1 10 10 1 3 10 146
1 10 10 0 9 5 147
1 10 9 14 0 1 189
1 10 9 12 1 2 198
1 10 9 10 2 3 190
1 10 9 8 3 4 196
1 10 9 6 4 5 87
1 10 9 5 10 0 162
1 10 9 4 5 6 116
1 10 9 3 11 1 60
1 10 9 3 0 12 196
1 10 9 2 6 7 40
1 10 9 1 12 2 11
1 10 9 1 1 13 27
1 10 9 0 7 8 47
1 10 8 11 5 0 133
1 10 8 10 0 6 16
1 10 8 9 6 1 73
1 10 8 8 1 7 172
1 10 8 7 7 2 143
1 10 8 6 2 8 9
1 10 8 5 8 3 188
1 10 8 4 3 9 66
1 10 8 3 9 4 134
1 10 8 2 4 10 127
1 10 8 1 10 5 62
1 10 8 0 16 0 25
1 10 8 0 5 11 107
1 10 7 17 0 0 7
1 10 7 15 1 1 141
1 10 7 13 2 2 82
1 10 7 11 3 3 93
1 10 7 9 4 4 50
1 10 7 7 5 5 32
1 10 7 6 11 0 136
1 10 7 6 0 11 103
1 10 7 5 6 6 62
1 10 7 4 12 1 84
1 10 7 4 1 12 50
1 10 7 3 7 7 95
1 10 7 2 13 2 30
1 10 7 2 2 13 175
1 10 7 1 8 8 173
1 10 7 0 14 3 48
1 10 7 0 3 14 10
1 10 6 13 0 5 6
1 10 6 12 6 0 162
1 10 6 11 1 6 75
1 10 6 10 7 1 122
1 10 6 9 2 7 162
1 10 6 8 8 2 74
1 10 6 7 3 8 83
1 10 6 6 9 3 188
1 10 6 5 4 9 127
1 10 6 4 10 4 179
1 10 6 3 5 10 126
1 10 6 2 11 5 46
1 10 6 2 0 16 186
1 10 6 1 17 0 186
1 10 6 1 6 11 194
1 10 6 0 12 6 17
1 10 6 0 1 17 110
1 10 5 18 1 0 81
1 10 5 16 2 1 197
1 10 5 14 3 2 197
1 10 5 12 4 3 124
1 10 5 10 5 4 59
1 10 5 9 0 10 8
1 10 5 8 6 5 126
1 10 5 7 12 0 4
1 10 5 7 1 11 17
1 10 5 6 7 6 69
1 10 5 5 13 1 189
1 10 5 5 2 12 119
1 10 5 4 8 7 195
1 10 5 3 14 2 144
1 10 5 3 3 13 87
1 10 5 2 9 8 129
1 10 5 1 15 3 137
1 10 5 1 4 14 22
1 10 5 0 10 9 17
1 10 4 16 0 4 147
1 10 4 14 1 5 143
1 10 4 13 7 0 180
1 10 4 12 2 6 88
1 10 4 11 8 1 84
1 10 4 10 3 7 147
1 10 4 9 9 2 178
1 10 4 8 4 8 155
1 10 4 7 10 3 6
1 10 4 6 5 9 74
1 10 4 5 11 4 192
1 10 4 5 0 15 115
1 10 4 4 6 10 153
1 10 4 3 12 5 157
1 10 4 3 1 16 59
1 10 4 2 18 0 91
1 10 4 2 7 11 46
1 10 4 1 13 6 151
1 10 4 1 2 17 1
1 10 4 0 19 1 76
1 10 4 0 8 12 110
1 10 3 19 2 0 181
1 10 3 17 3 1 184
1 10 3 15 4 2 26
1 10 3 13 5 3 121
1 10 3 12 0 9 138
1 10 3 11 6 4 141
1 10 3 10 1 10 100
1 10 3 9 7 5 45
1 10 3 8 13 0 40
1 10 3 8 2 11 65
1 10 3 7 8 6 169
1 10 3 6 14 1 151
1 10 3 6 3 12 142
1 10 3 5 9 7 96
1 10 3 4 15 2 133
1 10 3 4 4 13 84
1 10 3 3 10 8 72
1 10 3 2 16 3 188
1 10 3 2 5 14 102
1 10 3 1 11 9 198
1 10 3 1 0 20 78
1 10 3 0 17 4 72
1 10 3 0 6 15 104
1 10 2 19 0 3 41
1 10 2 17 1 4 23
1 10 2 15 2 5 118
1 10 2 14 8 0 94
1 10 2 13 3 6 51
1 10 2 12 9 1 160
1 10 2 11 4 7 171
1 10 2 10 10 2 4
1 10 2 9 5 8 51
1 10 2 8 11 3 94
1 10 2 8 0 14 118
1 10 2 7 6 9 25
1 10 2 6 12 4 100
1 10 2 6 1 15 86
1 10 2 5 7 10 132
1 10 2 4 13 5 180
1 10 2 4 2 16 23
1 10 2 3 19 0 153
1 10 2 3 8 11 38
1 10 2 2 14 6 181
1 10 2 2 3 17 6
1 10 2 1 20 1 192
1 10 2 1 9 12 3
1 10 2 0 15 7 159
1 10 2 0 4 18 135
1 10 1 20 3 0 139
1 10 1 18 4 1 79
1 10 1 16 5 2 78
1 10 1 15 0 8 110
1 10 1 14 6 3 198
1 10 1 13 1 9 19
1 10 1 12 7 4 18
1 10 1 11 2 10 170
1 10 1 10 8 5 159
1 10 1 9 14 0 128
1 10 1 9 3 11 48
1 10 1 8 9 6 132
1 10 1 7 15 1 185
1 10 1 7 4 12 103
1 10 1 6 10 7 32
1 10 1 5 16 2 98
1 10 1 5 5 13 163
1 10 1 4 11 8 155
1 10 1 4 0 19 73
1 10 1 3 17 3 171
1 10 1 3 6 14 73
1 10 1 2 12 9 105
1 10 1 2 1 20 172
1 10 1 1 18 4 80
1 10 1 1 7 15 81
1 10 1 0 13 10 189
1 10 1 0 2 21 179
1 10 0 22 0 2 74
1 10 0 20 1 3 177
1 10 0 18 2 4 166
1 10 0 16 3 5 49
1 10 0 15 9 0 135
1 10 0 14 4 6 114
1 10 0 13 10 1 170
1 10 0 12 5 7 13
1 10 0 11 11 2 58
1 10 0 11 0 13 85
1 10 0 10 6 8 166
1 10 0 9 12 3 129
1 10 0 9 1 14 9
1 10 0 8 7 9 101
1 10 0 7 13 4 79
1 10 0 7 2 15 171
1 10 0 6 8 10 134
1 10 0 5 14 5 90
1 10 0 5 3 16 103
1 10 0 4 20 0 159
1 10 0 4 9 11 22
1 10 0 3 15 6 117
1 10 0 3 4 17 95
1 10 0 2 21 1 61
1 10 0 2 10 12 107
1 10 0 1 16 7 181
1 10 0 1 5 18 41
1 10 0 0 22 2 109
1 10 0 0 11 13 136
1 10 0 0 0 24 16
1 9 24 1 0 0 75
1 9 22 2 1 0 137
1 9 22 0 2 1 12
1 9 21 0 0 4 35
1 9 20 3 2 0 23
1 9 20 1 3 1 181
1 9 19 3 0 3 188
1 9 19 1 1 4 157
1 9 18 4 3 0 77
1 9 18 2 4 1 67
1 9 18 0 5 2 120
1 9 17 6 0 2 184
1 9 17 4 1 3 125
1 9 17 2 2 4 133
1 9 17 0 3 5 29
1 9 16 5 4 0 13
1 9 16 3 5 1 183
1 9 16 2 0 7 6
1 9 16 1 6 2 50
1 9 16 0 1 8 90
1 9 15 9 0 1 2
1 9 15 7 1 2 120
1 9 15 5 2 3 183
1 9 15 3 3 4 114
1 9 15 1 4 5 81
1 9 15 0 10 0 94
1 9 14 6 5 0 109
1 9 14 5 0 6 159
1 9 14 4 6 1 43
1 9 14 3 1 7 60
1 9 14 2 7 2 34
1 9 14 1 2 8 70
1 9 14 0 8 3 121
1 9 13 12 0 0 40
1 9 13 10 1 1 14
1 9 13 8 2 2 108
1 9 13 6 3 3 96
1 9 13 4 4 4 83
1 9 13 2 5 5 98
1 9 13 1 11 0 167
1 9 13 1 0 11 56
1 9 13 0 6 6 92
1 9 12 8 0 5 35
1 9 12 7 6 0 194
1 9 12 6 1 6 13
1 9 12 5 7 1 51
1 9 12 4 2 7 13
1 9 12 3 8 2 172
1 9 12 2 3 8 176
1 9 12 1 9 3 48
1 9 12 0 4 9 161
1 9 11 13 1 0 7
1 9 11 11 2 1 83
1 9 11 9 3 2 94
1 9 11 7 4 3 175
1 9 11 5 5 4 60
1 9 11 4 0 10 100
1 9 11 3 6 5 111
1 9 11 2 12 0 6
1 9 11 2 1 11 143
1 9 11 1 7 6 63
1 9 11 0 13 1 43
1 9 11 0 2 12 160
1 9 10 11 0 4 129
1 9 10 9 1 5 172
1 9 10 8 7 0 103
1 9 10 7 2 6 171
1 9 10 6 8 1 96
1 9 10 5 3 7 135
1 9 10 4 9 2 3
1 9 10 3 4 8 144
1 9 10 2 10 3 132
1 9 10 1 5 9 24
1 9 10 0 11 4 56
1 9 10 0 0 15 185
1 9 9 14 2 0 88
1 9 9 12 3 1 33
1 9 9 10 4 2 182
1 9 9 8 5 3 125
1 9 9 7 0 9 69
1 9 9 6 6 4 185
1 9 9 5 1 10 24
1 9 9 4 7 5 77
1 9 9 3 13 0 55
1 9 9 3 2 11 185
1 9 9 2 8 6 87
1 9 9 1 14 1 179
1 9 9 1 3 12 135
1 9 9 0 9 7 88
1 9 8 14 0 3 96
1 9 8 12 1 4 53
1 9 8 10 2 5 177
1 9 8 9 8 0 15
1 9 8 8 3 6 58
1 9 8 7 9 1 81
1 9 8 6 4 7 197
1 9 8 5 10 2 42
1 9 8 4 5 8 182
1 9 8 3 11 3 171
1 9 8 3 0 14 29
1 9 8 2 6 9 80
1 9 8 1 12 4 169
1 9 8 1 1 15 97
1 9 8 0 7 10 121
1 9 7 15 3 0 73
1 9 7 13 4 1 138
1 9 7 11 5 2 51
1 9 7 10 0 8 176
1 9 7 9 6 3 9
1 9 7 8 1 9 93
1 9 7 7 7 4 112
1 9 7 6 2 10 180
1 9 7 5 8 5 144
1 9 7 4 14 0 22
1 9 7 4 3 11 36
1 9 7 3 9 6 31
1 9 7 2 15 1 20
1 9 7 2 4 12 17
1 9 7 1 10 7 115
1 9 7 0 16 2 68
1 9 7 0 5 13 169
1 9 6 17 0 2 62
1 9 6 15 1 3 17
1 9 6 13 2 4 21
1 9 6 11 3 5 12
1 9 6 10 9 0 25
1 9 6 9 4 6 109
1 9 6 8 10 1 107
1 9 6 7 5 7 148
1 9 6 6 11 2 26
1 9 6 6 0 13 64
1 9 6 5 6 8 189
1 9 6 4 12 3 53
1 9 6 4 1 14 85
1 9 6 3 7 9 191
1 9 6 2 13 4 50
1 9 6 2 2 15 184
1 9 6 1 8 10 189
1 9 6 0 14 5 78
1 9 6 0 3 16 143
1 9 5 16 4 0 196
1 9 5 14 5 1 38
1 9 5 13 0 7 145
1 9 5 12 6 2 141
1 9 5 11 1 8 75
1 9 5 10 7 3 98
1 9 5 9 2 9 145
1 9 5 8 8 4 14
1 9 5 7 3 10 2
1 9 5 6 9 5 48
1 9 5 5 15 0 38
1 9 5 5 4 11 32
1 9 5 4 10 6 67
1 9 5 3 16 1 168
1 9 5 3 5 12 95
1 9 5 2 11 7 196
1 9 5 2 0 18 104
1 9 5 1 17 2 162
1 9 5 1 6 13 99
1 9 5 0 12 8 2
1 9 5 0 1 19 9
1 9 4 20 0 1 74
1 9 4 18 1 2 121
1 9 4 16 2 3 85
1 9 4 14 3 4 4
1 9 4 12 4 5 141
1 9 4 11 10 0 67
1 9 4 10 5 6 139
1 9 4 9 11 1 125
1 9 4 9 0 12 73
1 9 4 8 6 7 50
1 9 4 7 12 2 127
1 9 4 7 1 13 80
1 9 4 6 7 8 88
1 9 4 5 13 3 6
1 9 4 5 2 14 188
1 9 4 4 8 9 7
1 9 4 3 14 4 74
1 9 4 3 3 15 172
1 9 4 2 9 10 45
1 9 4 1 15 5 38
1 9 4 1 4 16 143
1 9 4 0 21 0 4
1 9 4 0 10 11 115
1 9 3 17 5 0 76
1 9 3 16 0 6 121
1 9 3 15 6 1 102
1 9 3 14 1 7 132
1 9 3 13 7 2 160
1 9 3 12 2 8 182
1 9 3 11 8 3 86
1 9 3 10 3 9 76
1 9 3 9 9 4 97
1 9 3 8 4 10 112
1 9 3 7 10 5 182
1 9 3 6 16 0 173
1 9 3 6 5 11 96
1 9 3 5 11 6 91
1 9 3 5 0 17 166
1 9 3 4 17 1 33
1 9 3 4 6 12 97
1 9 3 3 12 7 33
1 9 3 3 1 18 39
1 9 3 2 18 2 12
1 9 3 2 7 13 16
1 9 3 1 13 8 119
1 9 3 1 2 19 195
1 9 3 0 19 3 160
1 9 3 0 8 14 30
1 9 2 23 0 0 13
1 9 2 21 1 1 95
1 9 2 19 2 2 66
1 9 2 17 3 3 148
1 9 2 15 4 4 88
1 9 2 13 5 5 119
1 9 2 12 11 0 8
1 9 2 12 0 11 77
1 9 2 11 6 6 91
1 9 2 10 12 1 188
1 9 2 10 1 12 121
1 9 2 9 7 7 128
1 9 2 8 13 2 127
1 9 2 8 2 13 107
1 9 2 7 8 8 119
1 9 2 6 14 3 120
1 9 2 6 3 14 164
1 9 2 5 9 9 35
1 9 2 4 15 4 37
1 9 2 4 4 15 141
1 9 2 3 10 10 195
1 9 2 2 16 5 186
1 9 2 2 5 16 60
1 9 2 1 22 0 160
1 9 2 1 11 11 91
1 9 2 1 0 22 37
1 9 2 0 17 6 81
1 9 2 0 6 17 80
1 9 1 19 0 5 186
1 9 1 18 6 0 2
1 9 1 17 1 6 55
1 9 1 16 7 1 113
1 9 1 15 2 7 15
1 9 1 14 8 2 85
1 9 1 13 3 8 132
1 9 1 12 9 3 62
1 9 1 11 4 9 30
1 9 1 10 10 4 171
1 9 1 9 5 10 54
1 9 1 8 11 5 85
1 9 1 8 0 16 31
1 9 1 7 17 0 71
1 9 1 7 6 11 57
1 9 1 6 12 6 177
1 9 1 6 1 17 128
1 9 1 5 18 1 147
1 9 1 5 7 12 22
1 9 1 4 13 7 87
1 9 1 4 2 18 183
1 9 1 3 19 2 108
1 9 1 3 8 13 169
1 9 1 2 14 8 159
1 9 1 2 3 19 5
1 9 1 1 20 3 158
1 9 1 1 9 14 56
1 9 1 0 15 9 95
1 9 1 0 4 20 21
1 9 0 24 1 0 174
1 9 0 22 2 1 122
1 9 0 20 3 2 29
1 9 0 18 4 3 71
1 9 0 16 5 4 6
1 9 0 15 0 10 163
1 9 0 14 6 5 108
1 9 0 13 12 0 121
1 9 0 13 1 11 195
1 9 0 12 7 6 100
1 9 0 11 13 1 118
1 9 0 10 8 7 87
1 9 0 9 14 2 134
1 9 0 9 3 13 152
1 9 0 8 9 8 20
1 9 0 7 15 3 193
1 9 0 7 4 14 29
1 9 0 6 10 9 104
1 9 0 5 16 4 135
1 9 0 5 5 15 155
1 9 0 4 11 10 156
1 9 0 4 0 21 28
1 9 0 3 17 5 66
1 9 0 3 6 16 119
1 9 0 2 23 0 147
1 9 0 2 12 11 181
1 9 0 2 1 22 40
1 9 0 1 18 6 170
1 9 0 1 7 17 27
1 9 0 0 24 1 43
1 9 0 0 13 12 136
1 9 0 0 2 23 16
1 8 23 1 0 2 6
1 8 22 0 4 0 27
1 8 21 4 0 1 59
1 8 21 2 1 2 24
1 8 21 0 2 3 186
1 8 20 1 5 0 47
1 8 20 0 0 6 141
1 8 19 7 0 0 73
1 8 19 5 1 1 139
1 8 19 3 2 2 33
1 8 19 1 3 3 150
1 8 18 3 0 5 194
1 8 18 2 6 0 85
1 8 18 1 1 6 184
1 8 18 0 7 1 8
1 8 17 8 1 0 44
1 8 17 6 2 1 83
1 8 17 4 3 2 121
1 8 17 2 4 3 137
1 8 17 0 5 4 41
1 8 16 6 0 4 144
1 8 16 4 1 5 153
1 8 16 3 7 0 129
1 8 16 2 2 6 117
1 8 16 1 8 1 149
1 8 16 0 3 7 45
1 8 15 9 2 0 19
1 8 15 7 3 1 84
1 8 15 5 4 2 104
1 8 15 3 5 3 191
1 8 15 2 0 9 188
1 8 15 1 6 4 159
1 8 15 0 1 10 176
1 8 14 9 0 3 156
1 8 14 7 1 4 86
1 8 14 5 2 5 188
1 8 14 4 8 0 150
1 8 14 3 3 6 49
1 8 14 2 9 1 21
1 8 14 1 4 7 20
1 8 14 0 10 2 142
1 8 13 10 3 0 173
1 8 13 8 4 1 173
1 8 13 6 5 2 198
1 8 13 5 0 8 87
1 8 13 4 6 3 4
1 8 13 3 1 9 153
1 8 13 2 7 4 92
1 8 13 1 2 10 43
1 8 13 0 8 5 157
1 8 12 12 0 2 63
1 8 12 10 1 3 57
1 8 12 8 2 4 166
1 8 12 6 3 5 106
1 8 12 5 9 0 174
1 8 12 4 4 6 61
1 8 12 3 10 1 13
1 8 12 2 5 7 55
1 8 12 1 11 2 69
1 8 12 1 0 13 135
1 8 12 0 6 8 91
1 8 11 11 4 0 154
1 8 11 9 5 1 6
1 8 11 8 0 7 141
1 8 11 7 6 2 44
1 8 11 6 1 8 154
1 8 11 5 7 3 192
1 8 11 4 2 9 122
1 8 11 3 8 4 21
1 8 11 2 3 10 158
1 8 11 1 9 5 46
1 8 11 0 15 0 154
1 8 11 0 4 11 41
1 8 10 15 0 1 190
1 8 10 13 1 2 98
1 8 10 11 2 3 54
1 8 10 9 3 4 124
1 8 10 7 4 5 134
1 8 10 6 10 0 165
1 8 10 5 5 6 170
1 8 10 4 11 1 109
1 8 10 4 0 12 139
1 8 10 3 6 7 26
1 8 10 2 12 2 166
1 8 10 2 1 13 58
1 8 10 1 7 8 38
1 8 10 0 13 3 178
1 8 10 0 2 14 57
1 8 9 12 5 0 111
1 8 9 11 0 6 194
1 8 9 10 6 1 149
1 8 9 9 1 7 22
1 8 9 8 7 2 181
1 8 9 7 2 8 119
1 8 9 6 8 3 126
1 8 9 5 3 9 43
1 8 9 4 9 4 75
1 8 9 3 4 10 16
1 8 9 2 10 5 52
1 8 9 1 16 0 85
1 8 9 1 5 11 101
1 8 9 0 11 6 90
1 8 9 0 0 17 184
1 8 8 18 0 0 170
1 8 8 16 1 1 112
1 8 8 14 2 2 88
1 8 8 12 3 3 8
1 8 8 10 4 4 167
1 8 8 8 5 5 131
1 8 8 7 11 0 120
1 8 8 7 0 11 61
1 8 8 6 6 6 60
1 8 8 5 12 1 132
1 8 8 5 1 12 171
1 8 8 4 7 7 24
1 8 8 3 13 2 21
1 8 8 3 2 13 151
1 8 8 2 8 8 72
1 8 8 1 14 3 101
1 8 8 1 3 14 145
1 8 8 0 9 9 33
1 8 7 14 0 5 91
1 8 7 13 6 0 37
1 8 7 12 1 6 183
1 8 7 11 7 1 20
1 8 7 10 2 7 91
1 8 7 9 8 2 91
1 8 7 8 3 8 118
1 8 7 7 9 3 149
1 8 7 6 4 9 107
1 8 7 5 10 4 64
1 8 7 4 5 10 41
1 8 7 3 11 5 120
1 8 7 3 0 16 135
1 8 7 2 17 0 43
1 8 7 2 6 11 161
1 8 7 1 12 6 128
1 8 7 1 1 17 123
1 8 7 0 18 1 64
1 8 7 0 7 12 198
1 8 6 19 1 0 112
1 8 6 17 2 1 163
1 8 6 15 3 2 140
1 8 6 13 4 3 133
1 8 6 11 5 4 127
1 8 6 10 0 10 22
1 8 6 9 6 5 160
1 8 6 8 12 0 62
1 8 6 8 1 11 35
1 8 6 7 7 6 89
1 8 6 6 13 1 190
1 8 6 6 2 12 80
1 8 6 5 8 7 155
1 8 6 4 14 2 129
1 8 6 4 3 13 180
1 8 6 3 9 8 20
1 8 6 2 15 3 186
1 8 6 2 4 14 152
1 8 6 1 10 9 92
1 8 6 0 16 4 52
1 8 6 0 5 15 189
1 8 5 17 0 4 55
1 8 5 15 1 5 40
1 8 5 14 7 0 17
1 8 5 13 2 6 25
1 8 5 12 8 1 14
1 8 5 11 3 7 163
1 8 5 10 9 2 191
1 8 5 9 4 8 159
1 8 5 8 10 3 152
1 8 5 7 5 9 166
1 8 5 6 11 4 106
1 8 5 6 0 15 124
1 8 5 5 6 10 102
1 8 5 4 1 16 26
1 8 5 3 18 0 45
1 8 5 3 7 11 63
1 8 5 2 13 6 154
1 8 5 2 2 17 48
1 8 5 1 19 1 80
1 8 5 1 8 12 122
1 8 5 0 14 7 93
1 8 5 0 3 18 154
1 8 4 20 2 0 49
1 8 4 18 3 1 35
1 8 4 16 4 2 2
1 8 4 14 5 3 33
1 8 4 13 0 9 127
1 8 4 12 6 4 196
1 8 4 11 1 10 12
1 8 4 10 7 5 10
1 8 4 9 13 0 178
1 8 4 9 2 11 57
1 8 4 8 8 6 129
1 8 4 7 14 1 93
1 8 4 7 3 12 74
1 8 4 6 9 7 115
1 8 4 5 15 2 70
1 8 4 5 4 13 167
1 8 4 4 10 8 198
1 8 4 3 16 3 165
1 8 4 3 5 14 196
1 8 4 2 11 9 183
1 8 4 2 0 20 71
1 8 4 1 17 4 99
1 8 4 1 6 15 162
1 8 4 0 12 10 7
1 8 4 0 1 21 144
1 8 3 20 0 3 51
1 8 3 18 1 4 82
1 8 3 16 2 5 94
1 8 3 15 8 0 158
1 8 3 14 3 6 175
1 8 3 13 9 1 107
1 8 3 12 4 7 82
1 8 3 11 10 2 184
1 8 3 10 5 8 146
1 8 3 9 11 3 129
1 8 3 9 0 14 188
1 8 3 8 6 9 77
1 8 3 7 12 4 12
1 8 3 7 1 15 49
1 8 3 6 7 10 150
1 8 3 5 13 5 45
1 8 3 5 2 16 45
1 8 3 4 19 0 127
1 8 3 4 8 11 197
1 8 3 3 14 6 45
1 8 3 3 3 17 143
1 8 3 2 20 1 156
1 8 3 2 9 12 61
1 8 3 1 15 7 145
1 8 3 1 4 18 77
1 8 3 0 21 2 194
1 8 3 0 10 13 131
1 8 2 21 3 0 126
1 8 2 19 4 1 19
1 8 2 17 5 2 172
1 8 2 16 0 8 3
1 8 2 15 6 3 169
1 8 2 14 1 9 159
1 8 2 13 7 4 13
1 8 2 12 2 10 22
1 8 2 11 8 5 168
1 8 2 10 14 0 95
1 8 2 10 3 11 125
1 8 2 9 9 6 115
1 8 2 8 15 1 129
1 8 2 8 4 12 50
1 8 2 7 10 7 173
1 8 2 6 16 2 102
1 8 2 6 5 13 19
1 8 2 5 11 8 70
1 8 2 5 0 19 64
1 8 2 4 17 3 69
1 8 2 4 6 14 54
1 8 2 3 12 9 68
1 8 2 3 1 20 12
1 8 2 2 18 4 52
1 8 2 2 7 15 5
1 8 2 1 13 10 177
1 8 2 1 2 21 188
1 8 2 0 19 5 46
1 8 2 0 8 16 5
1 8 1 23 0 2 164
1 8 1 21 1 3 61
1 8 1 19 2 4 164
1 8 1 17 3 5 104
1 8 1 16 9 0 14
1 8 1 15 4 6 58
1 8 1 14 10 1 47
1 8 1 13 5 7 169
1 8 1 12 11 2 33
1 8 1 12 0 13 58
1 8 1 11 6 8 124
1 8 1 10 12 3 74
1 8 1 10 1 14 57
1 8 1 9 7 9 75
1 8 1 8 13 4 179
1 8 1 8 2 15 71
1 8 1 7 8 10 114
1 8 1 6 14 5 27
1 8 1 6 3 16 90
1 8 1 5 20 0 71
1 8 1 5 9 11 14
1 8 1 4 15 6 46
1 8 1 4 4 17 92
1 8 1 3 21 1 65
1 8 1 3 10 12 103
1 8 1 2 16 7 86
1 8 1 2 5 18 22
1 8 1 1 22 2 47
1 8 1 1 11 13 104
1 8 1 1 0 24 179
1 8 1 0 17 8 1
1 8 1 0 6 19 140
1 8 0 22 4 0 92
1 8 0 20 5 1 139
1 8 0 19 0 7 87
1 8 0 18 6 2 71
1 8 0 17 1 8 100
1 8 0 16 7 3 132
1 8 0 15 2 9 184
1 8 0 14 8 4 120
1 8 0 13 3 10 192
1 8 0 12 9 5 58
1 8 0 11 15 0 99
1 8 0 11 4 11 70
1 8 0 10 10 6 197
1 8 0 9 16 1 19
1 8 0 9 5 12 137
1 8 0 8 11 7 45
1 8 0 8 0 18 124
1 8 0 7 17 2 121
1 8 0 7 6 13 134
1 8 0 6 12 8 134
1 8 0 6 1 19 101
1 8 0 5 18 3 143
1 8 0 5 7 14 196
1 8 0 4 13 9 140
1 8 0 4 2 20 40
1 8 0 3 19 4 135
1 8 0 3 8 15 181
1 8 0 2 14 10 130
1 8 0 2 3 21 173
1 8 0 1 20 5 11
1 8 0 1 9 16 36
1 8 0 0 26 0 84
1 8 0 0 15 11 4
1 8 0 0 4 22 66
1 7 25 2 0 0 126
1 7 25 0 1 1 155
1 7 23 3 1 0 112
1 7 23 1 2 1 173
1 7 22 1 0 4 169
1 7 21 4 2 0 87
1 7 21 2 3 1 167
1 7 21 0 4 2 142
1 7 20 4 0 3 129
1 7 20 2 1 4 124
1 7 20 0 2 5 27
1 7 19 5 3 0 153
1 7 19 3 4 1 83
1 7 19 1 5 2 144
1 7 19 0 0 8 24
1 7 18 7 0 2 137
1 7 18 5 1 3 176
1 7 18 3 2 4 99
1 7 18 1 3 5 130
1 7 18 0 9 0 137
1 7 17 6 4 0 73
1 7 17 4 5 1 123
1 7 17 3 0 7 88
1 7 17 2 6 2 177
1 7 17 1 1 8 168
1 7 17 0 7 3 50
1 7 16 10 0 1 6
1 7 16 8 1 2 90
1 7 16 6 2 3 92
1 7 16 4 3 4 102
1 7 16 2 4 5 78
1 7 16 1 10 0 123
1 7 16 0 5 6 81
1 7 15 7 5 0 191
1 7 15 6 0 6 76
1 7 15 5 6 1 133
1 7 15 4 1 7 53
1 7 15 3 7 2 10
1 7 15 2 2 8 43
1 7 15 1 8 3 113
1 7 15 0 3 9 170
1 7 14 13 0 0 31
1 7 14 11 1 1 63
1 7 14 9 2 2 98
1 7 14 7 3 3 44
1 7 14 5 4 4 31
1 7 14 3 5 5 149
1 7 14 2 11 0 125
1 7 14 2 0 11 67
1 7 14 1 6 6 22
1 7 14 0 12 1 87
1 7 14 0 1 12 3
1 7 13 9 0 5 13
1 7 13 8 6 0 128
1 7 13 7 1 6 43
1 7 13 6 7 1 163
1 7 13 5 2 7 30
1 7 13 4 8 2 143
1 7 13 3 3 8 128
1 7 13 2 9 3 78
1 7 13 1 4 9 72
1 7 13 0 10 4 27
1 7 12 14 1 0 35
1 7 12 12 2 1 106
1 7 12 10 3 2 123
1 7 12 8 4 3 132
1 7 12 6 5 4 180
1 7 12 5 0 10 14
1 7 12 4 6 5 190
1 7 12 3 12 0 27
1 7 12 3 1 11 54
1 7 12 2 7 6 156
1 7 12 1 13 1 175
1 7 12 1 2 12 124
1 7 12 0 8 7 85
1 7 11 12 0 4 33
1 7 11 10 1 5 5
1 7 11 9 7 0 174
1 7 11 8 2 6 107
1 7 11 7 8 1 149
1 7 11 6 3 7 18
1 7 11 5 9 2 184
1 7 11 4 4 8 13
1 7 11 3 10 3 2
1 7 11 2 5 9 153
1 7 11 1 11 4 71
1 7 11 1 0 15 164
1 7 11 0 6 10 100
1 7 10 15 2 0 27
1 7 10 13 3 1 151
1 7 10 11 4 2 191
1 7 10 9 5 3 90
1 7 10 8 0 9 122
1 7 10 7 6 4 49
1 7 10 6 1 10 138
1 7 10 5 7 5 170
1 7 10 4 13 0 72
1 7 10 4 2 11 53
1 7 10 3 8 6 34
1 7 10 2 14 1 76
1 7 10 2 3 12 57
1 7 10 1 9 7 62
1 7 10 0 15 2 20
1 7 10 0 4 13 18
1 7 9 15 0 3 195
1 7 9 13 1 4 25
1 7 9 11 2 5 80
1 7 9 10 8 0 60
1 7 9 9 3 6 157
1 7 9 8 9 1 189
1 7 9 7 4 7 182
1 7 9 6 10 2 197
1 7 9 5 5 8 119
1 7 9 4 11 3 147
1 7 9 4 0 14 47
1 7 9 3 6 9 183
1 7 9 2 12 4 128
1 7 9 2 1 15 72
1 7 9 1 7 10 187
1 7 9 0 13 5 165
1 7 9 0 2 16 174
1 7 8 16 3 0 85
1 7 8 14 4 1 129
1 7 8 12 5 2 187
1 7 8 11 0 8 21
1 7 8 10 6 3 117
1 7 8 9 1 9 139
1 7 8 8 7 4 46
1 7 8 7 2 10 163
1 7 8 6 8 5 96
1 7 8 5 14 0 65
1 7 8 5 3 11 140
1 7 8 4 9 6 142
1 7 8 3 15 1 175
1 7 8 3 4 12 54
1 7 8 1 16 2 169
1 7 8 1 5 13 182
1 7 8 0 11 8 128
1 7 8 0 0 19 123
1 7 7 18 0 2 106
1 7 7 16 1 3 135
1 7 7 14 2 4 69
1 7 7 12 3 5 85
1 7 7 11 9 0 164
1 7 7 10 4 6 194
1 7 7 9 10 1 75
1 7 7 8 5 7 161
1 7 7 7 11 2 87
1 7 7 7 0 13 176
1 7 7 6 6 8 115
1 7 7 5 12 3 12
1 7 7 5 1 14 174
1 7 7 4 7 9 172
1 7 7 3 13 4 180
1 7 7 3 2 15 2
1 7 7 2 8 10 100
1 7 7 1 14 5 94
1 7 7 1 3 16 132
1 7 7 0 20 0 87
1 7 7 0 9 11 168
1 7 6 17 4 0 73
1 7 6 15 5 1 97
1 7 6 14 0 7 158
1 7 6 13 6 2 124
1 7 6 12 1 8 180
1 7 6 11 7 3 43
1 7 6 10 2 9 55
1 7 6 9 8 4 118
1 7 6 8 3 10 176
1 7 6 7 9 5 108
1 7 6 6 15 0 102
1 7 6 6 4 11 101
1 7 6 5 10 6 26
1 7 6 4 16 1 189
1 7 6 4 5 12 106
1 7 6 3 11 7 112
1 7 6 3 0 18 191
1 7 6 2 17 2 152
1 7 6 2 6 13 62
1 7 6 1 12 8 179
1 7 6 1 1 19 130
1 7 6 0 18 3 193
1 7 6 0 7 14 122
1 7 5 21 0 1 177
1 7 5 19 1 2 168
1 7 5 17 2 3 26
1 7 5 15 3 4 95
1 7 5 13 4 5 112
1 7 5 12 10 0 89
1 7 5 11 5 6 136
1 7 5 10 11 1 15
1 7 5 10 0 12 161
1 7 5 9 6 7 130
1 7 5 8 12 2 53
1 7 5 8 1 13 51
1 7 5 7 7 8 151
1 7 5 6 13 3 146
1 7 5 6 2 14 116
1 7 5 5 8 9 114
1 7 5 4 14 4 48
1 7 5 4 3 15 117
1 7 5 3 9 10 134
1 7 5 2 15 5 79
1 7 5 2 4 16 197
1 7 5 1 21 0 144
1 7 5 1 10 11 128
1 7 5 0 16 6 162
1 7 5 0 5 17 57
1 7 4 18 5 0 45
1 7 4 17 0 6 93
1 7 4 16 6 1 164
1 7 4 15 1 7 140
1 7 4 14 7 2 71
1 7 4 13 2 8 35
1 7 4 12 8 3 118
1 7 4 11 3 9 136
1 7 4 10 9 4 61
1 7 4 9 4 10 18
1 7 4 8 10 5 92
1 7 4 7 16 0 44
1 7 4 7 5 11 124
1 7 4 6 11 6 169
1 7 4 6 0 17 5
1 7 4 5 17 1 42
1 7 4 5 6 12 138
1 7 4 4 12 7 11
1 7 4 4 1 18 178
1 7 4 3 18 2 105
1 7 4 3 7 13 53
1 7 4 2 13 8 98
1 7 4 2 2 19 161
1 7 4 1 19 3 50
1 7 4 1 8 14 170
1 7 4 0 14 9 45
1 7 4 0 3 20 122
1 7 3 24 0 0 12
1 7 3 22 1 1 63
1 7 3 20 2 2 20
1 7 3 18 3 3 165
1 7 3 16 4 4 168
1 7 3 14 5 5 151
1 7 3 13 11 0 136
1 7 3 12 6 6 57
1 7 3 11 12 1 152
1 7 3 11 1 12 188
1 7 3 10 7 7 19
1 7 3 9 13 2 7
1 7 3 9 2 13 189
1 7 3 8 8 8 98
1 7 3 7 14 3 91
1 7 3 7 3 14 126
1 7 3 6 9 9 18
1 7 3 5 15 4 20
1 7 3 5 4 15 147
1 7 3 4 10 10 16
1 7 3 3 16 5 50
1 7 3 3 5 16 79
1 7 3 2 22 0 32
1 7 3 2 11 11 96
1 7 3 2 0 22 65
1 7 3 1 17 6 8
1 7 3 1 6 17 20
1 7 3 0 23 1 150
1 7 3 0 12 12 12
1 7 3 0 1 23 77
1 7 2 20 0 5 4
1 7 2 19 6 0 12
1 7 2 18 1 6 19
1 7 2 17 7 1 56
1 7 2 16 2 7 147
1 7 2 15 8 2 35
1 7 2 14 3 8 22
1 7 2 13 9 3 188
1 7 2 12 4 9 33
1 7 2 11 10 4 83
1 7 2 10 5 10 125
1 7 2 9 11 5 83
1 7 2 9 0 16 132
1 7 2 8 17 0 68
1 7 2 8 6 11 100
1 7 2 7 12 6 75
1 7 2 7 1 17 176
1 7 2 6 18 1 7
1 7 2 6 7 12 4
1 7 2 5 13 7 72
1 7 2 5 2 18 167
1 7 2 4 19 2 93
1 7 2 4 8 13 47
1 7 2 3 14 8 20
1 7 2 3 3 19 57
1 7 2 2 20 3 170
1 7 2 2 9 14 185
1 7 2 1 15 9 28
1 7 2 1 4 20 155
1 7 2 0 21 4 124
1 7 2 0 10 15 110
1 7 1 25 1 0 2
1 7 1 23 2 1 151
1 7 1 21 3 2 109
1 7 1 19 4 3 46
1 7 1 17 5 4 104
1 7 1 16 0 10 14
1 7 1 15 6 5 87
1 7 1 14 12 0 157
1 7 1 14 1 11 18
1 7 1 13 7 6 6
1 7 1 12 13 1 114
1 7 1 12 2 12 72
1 7 1 11 8 7 10
1 7 1 10 14 2 119
1 7 1 10 3 13 102
1 7 1 9 9 8 156
1 7 1 8 15 3 4
1 7 1 8 4 14 154
1 7 1 7 10 9 85
1 7 1 6 16 4 50
1 7 1 6 5 15 172
1 7 1 5 11 10 116
1 7 1 5 0 21 135
1 7 1 4 17 5 121
1 7 1 4 6 16 12
1 7 1 3 23 0 75
1 7 1 3 12 11 81
1 7 1 3 1 22 82
1 7 1 2 18 6 76
1 7 1 2 7 17 21
1 7 1 1 24 1 137
1 7 1 1 13 12 11
1 7 1 1 2 23 133
1 7 1 0 19 7 95
1 7 1 0 8 18 133
1 7 0 23 0 4 54
1 7 0 21 1 5 198
1 7 0 20 7 0 41
1 7 0 19 2 6 100
1 7 0 18 8 1 139
1 7 0 17 3 7 80
1 7 0 16 9 2 55
1 7 0 15 4 8 17
1 7 0 14 10 3 159
1 7 0 13 5 9 191
1 7 0 12 11 4 134
1 7 0 12 0 15 162
1 7 0 11 6 10 31
1 7 0 10 12 5 190
1 7 0 10 1 16 188
1 7 0 9 18 0 189
1 7 0 9 7 11 32
1 7 0 8 13 6 58
1 7 0 8 2 17 9
1 7 0 7 19 1 167
1 7 0 7 8 12 47
1 7 0 6 14 7 160
1 7 0 6 3 18 97
1 7 0 5 20 2 106
1 7 0 5 9 13 4
1 7 0 4 15 8 182
1 7 0 4 4 19 105
1 7 0 3 21 3 36
1 7 0 3 10 14 138
1 7 0 2 16 9 34
1 7 0 2 5 20 47
1 7 0 1 22 4 62
1 7 0 1 11 15 184
1 7 0 0 17 10 77
1 7 0 0 6 21 77
1 6 25 0 3 0 158
1 6 24 2 0 2 36
1 6 24 0 1 3 25
1 6 23 1 4 0 121
1 6 22 5 0 1 91
1 6 22 3 1 2 124
1 6 22 1 2 3 4
1 6 21 2 5 0 155
1 6 21 1 0 6 146
1 6 21 0 6 1 114
1 6 20 8 0 0 84
1 6 20 6 1 1 186
1 6 20 4 2 2 51
1 6 20 2 3 3 34
1 6 20 0 4 4 9
1 6 19 4 0 5 23
1 6 19 3 6 0 7
1 6 19 2 1 6 34
1 6 19 1 7 1 39
1 6 19 0 2 7 175
1 6 18 9 1 0 36
1 6 18 7 2 1 104
1 6 18 5 3 2 189
1 6 18 3 4 3 108
1 6 18 1 5 4 185
1 6 18 0 0 10 5
1 6 17 7 0 4 52
1 6 17 5 1 5 18
1 6 17 4 7 0 176
1 6 17 3 2 6 77
1 6 17 2 8 1 177
1 6 17 1 3 7 74
1 6 17 0 9 2 168
1 6 16 10 2 0 164
1 6 16 8 3 1 150
1 6 16 6 4 2 62
1 6 16 4 5 3 193
1 6 16 3 0 9 123
1 6 16 2 6 4 25
1 6 16 1 1 10 149
1 6 16 0 7 5 79
1 6 15 10 0 3 17
1 6 15 8 1 4 1
1 6 15 6 2 5 167
1 6 15 5 8 0 107
1 6 15 4 3 6 43
1 6 15 3 9 1 143
1 6 15 2 4 7 76
1 6 15 1 10 2 68
1 6 15 0 5 8 102
1 6 14 11 3 0 125
1 6 14 9 4 1 112
1 6 14 7 5 2 155
1 6 14 6 0 8 164
1 6 14 5 6 3 182
1 6 14 4 1 9 190
1 6 14 3 7 4 125
1 6 14 2 2 10 186
1 6 14 1 8 5 26
1 6 14 0 14 0 164
1 6 14 0 3 11 145
1 6 13 13 0 2 4
1 6 13 11 1 3 148
1 6 13 9 2 4 90
1 6 13 7 3 5 172
1 6 13 6 9 0 135
1 6 13 5 4 6 86
1 6 13 4 10 1 108
1 6 13 3 5 7 144
1 6 13 2 11 2 91
1 6 13 2 0 13 134
1 6 13 1 6 8 80
1 6 13 0 12 3 164
1 6 13 0 1 14 57
1 6 12 12 4 0 195
1 6 12 10 5 1 148
1 6 12 9 0 7 89
1 6 12 8 6 2 2
1 6 12 7 1 8 133
1 6 12 6 7 3 172
1 6 12 5 2 9 123
1 6 12 4 8 4 147
1 6 12 3 3 10 3
1 6 12 2 9 5 195
1 6 12 1 15 0 75
1 6 12 1 4 11 53
1 6 12 0 10 6 26
1 6 11 16 0 1 140
1 6 11 14 1 2 182
1 6 11 12 2 3 51
1 6 11 10 3 4 158
1 6 11 8 4 5 148
1 6 11 7 10 0 37
1 6 11 6 5 6 184
1 6 11 5 11 1 154
1 6 11 4 6 7 187
1 6 11 3 12 2 60
1 6 11 3 1 13 58
1 6 11 2 7 8 44
1 6 11 1 13 3 69
1 6 11 1 2 14 67
1 6 11 0 8 9 28
1 6 10 13 5 0 152
1 6 10 12 0 6 43
1 6 10 11 6 1 25
1 6 10 10 1 7 196
1 6 10 9 7 2 96
1 6 10 8 2 8 166
1 6 10 7 8 3 106
1 6 10 6 3 9 51
1 6 10 5 9 4 152
1 6 10 4 4 10 4
1 6 10 3 10 5 159
1 6 10 2 16 0 91
1 6 10 2 5 11 171
1 6 10 1 11 6 186
1 6 10 1 0 17 6
1 6 10 0 17 1 195
1 6 10 0 6 12 124
1 6 9 19 0 0 117
1 6 9 17 1 1 194
1 6 9 15 2 2 150
1 6 9 13 3 3 195
1 6 9 11 4 4 166
1 6 9 9 5 5 18
1 6 9 8 11 0 56
1 6 9 8 0 11 39
1 6 9 7 6 6 90
1 6 9 6 12 1 110
1 6 9 6 1 12 22
1 6 9 5 7 7 49
1 6 9 4 13 2 101
1 6 9 4 2 13 173
1 6 9 3 8 8 134
1 6 9 2 14 3 95
1 6 9 2 3 14 91
1 6 9 1 9 9 128
1 6 9 0 15 4 93
1 6 9 0 4 15 31
1 6 8 15 0 5 50
1 6 8 14 6 0 61
1 6 8 13 1 6 140
1 6 8 12 7 1 54
1 6 8 11 2 7 130
1 6 8 10 8 2 117
1 6 8 9 3 8 60
1 6 8 8 9 3 195
1 6 8 7 4 9 25
1 6 8 6 10 4 15
1 6 8 5 5 10 157
1 6 8 4 11 5 65
1 6 8 4 0 16 9
1 6 8 3 17 0 96
1 6 8 3 6 11 187
1 6 8 2 12 6 164
1 6 8 2 1 17 129
1 6 8 1 18 1 45
1 6 8 1 7 12 69
1 6 8 0 13 7 133
1 6 8 0 2 18 33
1 6 7 20 1 0 20
1 6 7 18 2 1 90
1 6 7 16 3 2 3
1 6 7 14 4 3 56
1 6 7 12 5 4 105
1 6 7 11 0 10 164
1 6 7 10 6 5 12
1 6 7 9 12 0 7
1 6 7 9 1 11 88
1 6 7 8 7 6 104
1 6 7 7 13 1 135
1 6 7 7 2 12 75
1 6 7 6 8 7 174
1 6 7 5 14 2 37
1 6 7 5 3 13 180
1 6 7 4 9 8 111
1 6 7 3 15 3 183
1 6 7 3 4 14 34
1 6 7 2 10 9 154
1 6 7 1 16 4 91
1 6 7 1 5 15 165
1 6 7 0 11 10 165
1 6 7 0 0 21 59
1 6 6 18 0 4 72
1 6 6 16 1 5 138
1 6 6 15 7 0 84
1 6 6 14 2 6 131
1 6 6 13 8 1 96
1 6 6 12 3 7 158
1 6 6 11 9 2 19
1 6 6 10 4 8 186
1 6 6 9 10 3 146
1 6 6 8 5 9 72
1 6 6 7 11 4 119
1 6 6 7 0 15 14
1 6 6 6 6 10 120
1 6 6 5 12 5 124
1 6 6 5 1 16 62
1 6 6 4 18 0 176
1 6 6 4 7 11 4
1 6 6 3 13 6 20
1 6 6 3 2 17 84
1 6 6 2 19 1 77
1 6 6 2 8 12 30
1 6 6 1 14 7 15
1 6 6 1 3 18 143
1 6 6 0 20 2 106
1 6 5 21 2 0 79
1 6 5 19 3 1 184
1 6 5 17 4 2 97
1 6 5 15 5 3 68
1 6 5 14 0 9 65
1 6 5 13 6 4 128
1 6 5 12 1 10 85
1 6 5 11 7 5 71
1 6 5 10 13 0 88
1 6 5 10 2 11 98
1 6 5 9 8 6 60
1 6 5 8 14 1 134
1 6 5 8 3 12 136
1 6 5 7 9 7 165
1 6 5 6 15 2 181
1 6 5 6 4 13 23
1 6 5 5 10 8 196
1 6 5 4 16 3 4
1 6 5 4 5 14 138
1 6 5 3 11 9 190
1 6 5 3 0 20 64
1 6 5 2 17 4 190
1 6 5 2 6 15 55
1 6 5 1 12 10 40
1 6 5 1 1 21 86
1 6 5 0 18 5 51
1 6 5 0 7 16 166
1 6 4 21 0 3 178
1 6 4 19 1 4 123
1 6 4 17 2 5 11
1 6 4 16 8 0 95
1 6 4 15 3 6 95
1 6 4 14 9 1 114
1 6 4 13 4 7 24
1 6 4 12 10 2 198
1 6 4 11 5 8 111
1 6 4 10 11 3 27
1 6 4 10 0 14 28
1 6 4 9 6 9 140
1 6 4 8 12 4 127
1 6 4 8 1 15 3
1 6 4 7 7 10 78
1 6 4 6 13 5 176
1 6 4 6 2 16 133
1 6 4 5 19 0 89
1 6 4 5 8 11 10
1 6 4 4 14 6 106
1 6 4 4 3 17 152
1 6 4 3 20 1 177
1 6 4 3 9 12 171
1 6 4 2 15 7 148
1 6 4 2 4 18 39
1 6 4 1 21 2 8
1 6 4 1 10 13 15
1 6 4 0 16 8 188
1 6 4 0 5 19 145
1 6 3 20 4 1 52
1 6 3 18 5 2 103
1 6 3 17 0 8 115
1 6 3 16 6 3 97
1 6 3 15 1 9 183
1 6 3 14 7 4 66
1 6 3 13 2 10 6
1 6 3 12 8 5 158
1 6 3 11 14 0 168
1 6 3 11 3 11 51
1 6 3 10 9 6 168
1 6 3 9 15 1 3
1 6 3 9 4 12 113
1 6 3 8 10 7 158
1 6 3 7 16 2 97
1 6 3 7 5 13 84
1 6 3 6 11 8 153
1 6 3 6 0 19 85
1 6 3 5 17 3 178
1 6 3 5 6 14 49
1 6 3 4 12 9 146
1 6 3 4 1 20 107
1 6 3 3 18 4 168
1 6 3 3 7 15 140
1 6 3 2 13 10 18
1 6 3 2 2 21 117
1 6 3 1 19 5 65
1 6 3 1 8 16 19
1 6 3 0 25 0 62
1 6 3 0 14 11 140
1 6 3 0 3 22 123
1 6 2 24 0 2 59
1 6 2 22 1 3 48
1 6 2 20 2 4 118
1 6 2 18 3 5 143
1 6 2 17 9 0 129
1 6 2 16 4 6 113
1 6 2 14 5 7 94
1 6 2 13 11 2 31
1 6 2 13 0 13 133
1 6 2 12 6 8 52
1 6 2 11 12 3 76
1 6 2 11 1 14 38
1 6 2 10 7 9 18
1 6 2 9 13 4 70
1 6 2 9 2 15 107
1 6 2 8 8 10 139
1 6 2 7 14 5 46
1 6 2 7 3 16 140
1 6 2 6 20 0 165
1 6 2 6 9 11 114
1 6 2 5 15 6 7
1 6 2 5 4 17 36
1 6 2 4 21 1 4
1 6 2 4 10 12 97
1 6 2 3 16 7 169
1 6 2 3 5 18 124
1 6 2 2 22 2 34
1 6 2 2 11 13 115
1 6 2 2 0 24 141
1 6 2 1 17 8 159
1 6 2 1 6 19 38
1 6 2 0 23 3 100
1 6 2 0 12 14 134
1 6 2 0 1 25 1
1 6 1 23 4 0 8
1 6 1 21 5 1 37
1 6 1 20 0 7 60
1 6 1 19 6 2 72
1 6 1 18 1 8 192
1 6 1 17 7 3 111
1 6 1 16 2 9 64
1 6 1 15 8 4 101
1 6 1 14 3 10 58
1 6 1 13 9 5 30
1 6 1 12 15 0 77
1 6 1 12 4 11 119
1 6 1 11 10 6 45
1 6 1 10 16 1 145
1 6 1 10 5 12 177
1 6 1 9 11 7 97
1 6 1 9 0 18 73
1 6 1 8 17 2 1
1 6 1 8 6 13 194
1 6 1 7 12 8 119
1 6 1 7 1 19 117
1 6 1 6 18 3 35
1 6 1 6 7 14 74
1 6 1 5 13 9 179
1 6 1 5 2 20 10
1 6 1 4 19 4 28
1 6 1 4 8 15 180
1 6 1 3 14 10 40
1 6 1 3 3 21 51
1 6 1 2 20 5 151
1 6 1 2 9 16 61
1 6 1 1 26 0 29
1 6 1 1 15 11 176
1 6 1 1 4 22 129
1 6 1 0 21 6 185
1 6 1 0 10 17 169
1 6 0 27 0 1 13
1 6 0 25 1 2 15
1 6 0 23 2 3 7
1 6 0 21 3 4 123
1 6 0 19 4 5 92
1 6 0 18 10 0 185
1 6 0 17 5 6 111
1 6 0 16 11 1 109
1 6 0 16 0 12 46
1 6 0 15 6 7 182
1 6 0 14 12 2 48
1 6 0 14 1 13 190
1 6 0 13 7 8 156
1 6 0 12 13 3 51
1 6 0 12 2 14 141
1 6 0 11 8 9 190
1 6 0 10 14 4 148
1 6 0 10 3 15 102
1 6 0 9 9 10 178
1 6 0 8 15 5 121
1 6 0 8 4 16 51
1 6 0 7 21 0 130
1 6 0 7 10 11 184
1 6 0 6 16 6 29
1 6 0 6 5 17 59
1 6 0 5 22 1 40
1 6 0 5 11 12 107
1 6 0 5 0 23 104
1 6 0 4 17 7 6
1 6 0 4 6 18 11
1 6 0 3 23 2 50
1 6 0 3 12 13 164
1 6 0 3 1 24 147
1 6 0 2 18 8 41
1 6 0 2 7 19 11
1 6 0 1 24 3 73
1 6 0 1 13 14 170
1 6 0 1 2 25 46
1 6 0 0 19 9 169
1 6 0 0 8 20 20
1 5 28 0 0 1 54
1 5 26 3 0 0 41
1 5 26 1 1 1 30
1 5 24 4 1 0 125
1 5 24 2 2 1 187
1 5 24 0 3 2 12
1 5 23 2 0 4 119
1 5 23 0 1 5 181
1 5 22 5 2 0 120
1 5 22 3 3 1 3
1 5 22 1 4 2 125
1 5 21 5 0 3 152
1 5 21 3 1 4 1
1 5 21 1 2 5 75
1 5 21 0 8 0 136
1 5 20 6 3 0 151
1 5 20 4 4 1 90
1 5 20 2 5 2 165
1 5 20 1 0 8 46
1 5 20 0 6 3 23
1 5 19 8 0 2 19
1 5 19 6 1 3 186
1 5 19 4 2 4 90
1 5 19 2 3 5 43
1 5 19 1 9 0 1
1 5 19 0 4 6 137
1 5 18 7 4 0 38
1 5 18 5 5 1 1
1 5 18 4 0 7 150
1 5 18 3 6 2 67
1 5 18 2 1 8 22
1 5 18 1 7 3 164
1 5 18 0 2 9 113
1 5 17 11 0 1 31
1 5 17 9 1 2 133
1 5 17 7 2 3 193
1 5 17 5 3 4 16
1 5 17 3 4 5 43
1 5 17 2 10 0 69
1 5 17 1 5 6 74
1 5 17 0 11 1 100
1 5 17 0 0 12 135
1 5 16 8 5 0 108
1 5 16 7 0 6 124
1 5 16 6 6 1 170
1 5 16 5 1 7 145
1 5 16 4 7 2 44
1 5 16 3 2 8 68
1 5 16 2 8 3 58
1 5 16 1 3 9 81
1 5 16 0 9 4 158
1 5 15 14 0 0 110
1 5 15 12 1 1 189
1 5 15 10 2 2 42
1 5 15 8 3 3 186
1 5 15 6 4 4 107
1 5 15 4 5 5 92
1 5 15 3 11 0 60
1 5 15 3 0 11 126
1 5 15 2 6 6 73
1 5 15 1 12 1 54
1 5 15 1 1 12 88
1 5 15 0 7 7 187
1 5 14 10 0 5 107
1 5 14 9 6 0 119
1 5 14 8 1 6 131
1 5 14 7 7 1 144
1 5 14 6 2 7 7
1 5 14 5 8 2 4
1 5 14 4 3 8 138
1 5 14 3 9 3 179
1 5 14 2 4 9 163
1 5 14 1 10 4 169
1 5 14 0 5 10 127
1 5 13 15 1 0 68
1 5 13 13 2 1 46
1 5 13 11 3 2 181
1 5 13 9 4 3 63
1 5 13 7 5 4 77
1 5 13 6 0 10 131
1 5 13 5 6 5 148
1 5 13 4 12 0 107
1 5 13 4 1 11 158
1 5 13 3 7 6 164
1 5 13 2 13 1 30
1 5 13 2 2 12 109
1 5 13 1 8 7 19
1 5 13 0 14 2 59
1 5 13 0 3 13 33
1 5 12 13 0 4 187
1 5 12 11 1 5 169
1 5 12 10 7 0 63
1 5 12 9 2 6 50
1 5 12 8 8 1 160
1 5 12 7 3 7 119
1 5 12 6 9 2 15
1 5 12 5 4 8 52
1 5 12 4 10 3 119
1 5 12 3 5 9 93
1 5 12 2 11 4 103
1 5 12 2 0 15 123
1 5 12 1 6 10 128
1 5 12 0 12 5 56
1 5 12 0 1 16 99
1 5 11 16 2 0 64
1 5 11 14 3 1 27
1 5 11 12 4 2 42
1 5 11 10 5 3 159
1 5 11 9 0 9 82
1 5 11 8 6 4 137
1 5 11 7 1 10 109
1 5 11 6 7 5 97
1 5 11 5 13 0 190
1 5 11 5 2 11 81
1 5 11 4 8 6 75
1 5 11 3 14 1 63
1 5 11 3 3 12 46
1 5 11 2 9 7 106
1 5 11 1 15 2 25
1 5 11 1 4 13 99
1 5 11 0 10 8 48
1 5 10 16 0 3 182
1 5 10 14 1 4 170
1 5 10 12 2 5 64
1 5 10 11 8 0 195
1 5 10 10 3 6 181
1 5 10 9 9 1 67
1 5 10 8 4 7 110
1 5 10 7 10 2 47
1 5 10 6 5 8 172
1 5 10 5 11 3 121
1 5 10 5 0 14 60
1 5 10 4 6 9 189
1 5 10 3 12 4 113
1 5 10 3 1 15 49
1 5 10 2 7 10 188
1 5 10 1 13 5 142
1 5 10 1 2 16 114
1 5 10 0 19 0 189
1 5 10 0 8 11 22
1 5 9 17 3 0 134
1 5 9 15 4 1 16
1 5 9 13 5 2 39
1 5 9 12 0 8 26
1 5 9 11 6 3 12
1 5 9 10 1 9 154
1 5 9 9 7 4 138
1 5 9 8 2 10 44
1 5 9 7 8 5 168
1 5 9 6 3 11 68
1 5 9 5 9 6 87
1 5 9 4 15 1 52
1 5 9 4 4 12 33
1 5 9 3 10 7 183
1 5 9 2 16 2 11
1 5 9 2 5 13 194
1 5 9 1 11 8 5
1 5 9 1 0 19 175
1 5 9 0 17 3 44
1 5 9 0 6 14 31
1 5 8 19 0 2 194
1 5 8 17 1 3 112
1 5 8 15 2 4 66
1 5 8 13 3 5 127
1 5 8 12 9 0 76
1 5 8 11 4 6 38
1 5 8 10 10 1 89
1 5 8 9 5 7 12
1 5 8 8 11 2 51
1 5 8 8 0 13 7
1 5 8 7 6 8 160
1 5 8 6 12 3 86
1 5 8 6 1 14 126
1 5 8 5 7 9 10
1 5 8 4 13 4 69
1 5 8 4 2 15 63
1 5 8 3 8 10 195
1 5 8 2 14 5 170
1 5 8 2 3 16 53
1 5 8 1 20 0 125
1 5 8 1 9 11 117
1 5 8 0 15 6 88
1 5 8 0 4 17 18
1 5 7 18 4 0 170
1 5 7 16 5 1 127
1 5 7 15 0 7 138
1 5 7 14 6 2 145
1 5 7 13 1 8 5
1 5 7 12 7 3 40
1 5 7 11 2 9 92
1 5 7 10 8 4 31
1 5 7 9 3 10 147
1 5 7 8 9 5 76
1 5 7 7 15 0 182
1 5 7 7 4 11 86
1 5 7 6 10 6 55
1 5 7 5 16 1 16
1 5 7 5 5 12 16
1 5 7 4 11 7 134
1 5 7 4 0 18 105
1 5 7 3 17 2 115
1 5 7 2 12 8 185
1 5 7 2 1 19 85
1 5 7 1 18 3 159
1 5 7 1 7 14 160
1 5 7 0 13 9 195
1 5 7 0 2 20 9
1 5 6 22 0 1 91
1 5 6 20 1 2 1
1 5 6 18 2 3 146
1 5 6 16 3 4 75
1 5 6 14 4 5 124
1 5 6 13 10 0 131
1 5 6 12 5 6 6
1 5 6 11 11 1 61
1 5 6 11 0 12 79
1 5 6 10 6 7 123
1 5 6 9 12 2 52
1 5 6 9 1 13 29
1 5 6 8 7 8 13
1 5 6 7 13 3 151
1 5 6 7 2 14 17
1 5 6 6 8 9 162
1 5 6 5 14 4 143
1 5 6 5 3 15 52
1 5 6 4 9 10 163
1 5 6 3 15 5 100
1 5 6 3 4 16 11
1 5 6 2 21 0 122
1 5 6 2 10 11 145
1 5 6 1 16 6 64
1 5 6 1 5 17 85
1 5 6 0 22 1 58
1 5 6 0 11 12 96
1 5 6 0 0 23 16
1 5 5 19 5 0 88
1 5 5 18 0 6 116
1 5 5 17 6 1 190
1 5 5 16 1 7 68
1 5 5 15 7 2 61
1 5 5 14 2 8 37
1 5 5 13 8 3 25
1 5 5 12 3 9 153
1 5 5 11 9 4 3
1 5 5 9 10 5 177
1 5 5 8 16 0 111
1 5 5 8 5 11 165
1 5 5 7 11 6 87
1 5 5 7 0 17 150
1 5 5 6 17 1 149
1 5 5 6 6 12 23
1 5 5 5 12 7 144
1 5 5 5 1 18 142
1 5 5 4 18 2 43
1 5 5 4 7 13 18
1 5 5 3 13 8 198
1 5 5 3 2 19 174
1 5 5 2 19 3 103
1 5 5 2 8 14 40
1 5 5 1 14 9 150
1 5 5 1 3 20 129
1 5 5 0 20 4 172
1 5 5 0 9 15 31
1 5 4 25 0 0 59
1 5 4 23 1 1 110
1 5 4 21 2 2 96
1 5 4 19 3 3 108
1 5 4 17 4 4 25
1 5 4 15 5 5 46
1 5 4 14 11 0 89
1 5 4 14 0 11 139
1 5 4 13 6 6 113
1 5 4 12 12 1 33
1 5 4 12 1 12 172
1 5 4 11 7 7 25
1 5 4 10 13 2 93
1 5 4 10 2 13 36
1 5 4 9 8 8 38
1 5 4 8 14 3 3
1 5 4 8 3 14 136
1 5 4 7 9 9 50
1 5 4 6 15 4 12
1 5 4 6 4 15 29
1 5 4 5 10 10 2
1 5 4 4 16 5 168
1 5 4 4 5 16 28
1 5 4 3 22 0 41
1 5 4 3 11 11 174
1 5 4 3 0 22 167
1 5 4 2 17 6 58
1 5 4 2 6 17 24
1 5 4 1 23 1 11
1 5 4 1 12 12 148
1 5 4 1 1 23 95
1 5 4 0 18 7 105
1 5 4 0 7 18 148
1 5 3 21 0 5 68
1 5 3 20 6 0 34
1 5 3 19 1 6 39
1 5 3 18 7 1 116
1 5 3 17 2 7 50
1 5 3 16 8 2 71
1 5 3 15 3 8 126
1 5 3 14 9 3 29
1 5 3 13 4 9 65
1 5 3 12 10 4 124
1 5 3 11 5 10 131
1 5 3 10 11 5 163
1 5 3 10 0 16 186
1 5 3 9 17 0 108
1 5 3 9 6 11 151
1 5 3 8 12 6 174
1 5 3 8 1 17 143
1 5 3 7 18 1 123
1 5 3 7 7 12 108
1 5 3 6 13 7 95
1 5 3 6 2 18 169
1 5 3 5 19 2 36
1 5 3 5 8 13 114
1 5 3 4 14 8 163
1 5 3 4 3 19 21
1 5 3 3 20 3 92
1 5 3 3 9 14 193
1 5 3 2 15 9 174
1 5 3 2 4 20 31
1 5 3 1 21 4 81
1 5 3 1 10 15 189
1 5 3 0 16 10 59
1 5 3 0 5 21 96
1 5 2 26 1 0 132
1 5 2 24 2 1 118
1 5 2 22 3 2 8
1 5 2 20 4 3 196
1 5 2 18 5 4 74
1 5 2 17 0 10 116
1 5 2 16 6 5 184
1 5 2 15 12 0 43
1 5 2 15 1 11 17
1 5 2 14 7 6 156
1 5 2 13 13 1 110
1 5 2 13 2 12 143
1 5 2 12 8 7 80
1 5 2 11 14 2 193
1 5 2 11 3 13 168
1 5 2 10 9 8 58
1 5 2 9 15 3 85
1 5 2 9 4 14 40
1 5 2 8 10 9 171
1 5 2 7 16 4 38
1 5 2 7 5 15 138
1 5 2 6 11 10 147
1 5 2 6 0 21 35
1 5 2 5 17 5 54
1 5 2 5 6 16 125
1 5 2 4 23 0 82
1 5 2 4 12 11 19
1 5 2 4 1 22 158
1 5 2 3 18 6 172
1 5 2 3 7 17 60
1 5 2 2 24 1 70
1 5 2 2 13 12 161
1 5 2 2 2 23 28
1 5 2 1 19 7 193
1 5 2 1 8 18 38
1 5 2 0 25 2 1
1 5 2 0 14 13 118
1 5 2 0 3 24 188
1 5 1 24 0 4 32
1 5 1 22 1 5 172
1 5 1 21 7 0 57
1 5 1 20 2 6 190
1 5 1 19 8 1 124
1 5 1 17 9 2 179
1 5 1 16 4 8 190
1 5 1 15 10 3 47
1 5 1 14 5 9 2
1 5 1 13 11 4 75
1 5 1 13 0 15 45
1 5 1 12 6 10 184
1 5 1 11 12 5 21
1 5 1 11 1 16 182
1 5 1 10 18 0 62
1 5 1 10 7 11 152
1 5 1 9 13 6 47
1 5 1 9 2 17 130
1 5 1 8 19 1 32
1 5 1 8 8 12 197
1 5 1 7 14 7 84
1 5 1 7 3 18 150
1 5 1 6 20 2 107
1 5 1 6 9 13 36
1 5 1 5 15 8 116
1 5 1 5 4 19 174
1 5 1 4 21 3 24
1 5 1 4 10 14 94
1 5 1 3 16 9 67
1 5 1 3 5 20 183
1 5 1 2 22 4 68
1 5 1 2 11 15 145
1 5 1 2 0 26 133
1 5 1 1 17 10 30
1 5 1 1 6 21 51
1 5 1 0 23 5 110
1 5 1 0 12 16 48
1 5 1 0 1 27 73
1 5 0 27 2 0 97
1 5 0 25 3 1 58
1 5 0 23 4 2 42
1 5 0 21 5 3 1
1 5 0 20 0 9 50
1 5 0 19 6 4 190
1 5 0 18 1 10 136
1 5 0 17 7 5 75
1 5 0 16 13 0 189
1 5 0 16 2 11 26
1 5 0 15 8 6 97
1 5 0 14 14 1 173
1 5 0 14 3 12 122
1 5 0 13 9 7 100
1 5 0 12 15 2 134
1 5 0 12 4 13 80
1 5 0 11 10 8 88
1 5 0 10 16 3 1
1 5 0 10 5 14 51
1 5 0 9 11 9 135
1 5 0 9 0 20 82
1 5 0 8 17 4 154
1 5 0 8 6 15 20
1 5 0 7 12 10 96
1 5 0 7 1 21 157
1 5 0 6 18 5 16
1 5 0 6 7 16 33
1 5 0 5 24 0 163
1 5 0 5 13 11 13
1 5 0 5 2 22 162
1 5 0 4 19 6 125
1 5 0 4 8 17 49
1 5 0 3 25 1 159
1 5 0 3 14 12 180
1 5 0 3 3 23 76
1 5 0 2 20 7 22
1 5 0 2 9 18 147
1 5 0 1 26 2 124
1 5 0 1 15 13 2
1 5 0 1 4 24 5
1 5 0 0 21 8 137
1 5 0 0 10 19 194
1 4 28 0 2 0 133
1 4 27 0 0 3 26
1 4 26 1 3 0 109
1 4 25 3 0 2 39
1 4 25 1 1 3 104
1 4 24 2 4 0 22
1 4 24 0 5 1 23
1 4 23 6 0 1 175
1 4 23 4 1 2 132
1 4 23 2 2 3 193
1 4 23 0 3 4 68
1 4 22 3 5 0 141
1 4 22 2 0 6 34
1 4 22 1 6 1 128
1 4 22 0 1 7 97
1 4 21 9 0 0 5
1 4 21 7 1 1 1
1 4 21 5 2 2 78
1 4 21 3 3 3 19
1 4 21 1 4 4 84
1 4 20 5 0 5 96
1 4 20 4 6 0 67
1 4 20 3 1 6 103
1 4 20 2 7 1 81
1 4 20 1 2 7 46
1 4 20 0 8 2 162
1 4 19 10 1 0 165
1 4 19 8 2 1 177
1 4 19 6 3 2 27
1 4 19 4 4 3 14
1 4 19 2 5 4 65
1 4 19 1 0 10 41
1 4 19 0 6 5 6
1 4 18 8 0 4 159
1 4 18 6 1 5 20
1 4 18 5 7 0 121
1 4 18 4 2 6 170
1 4 18 3 8 1 134
1 4 18 2 3 7 47
1 4 18 1 9 2 112
1 4 18 0 4 8 192
1 4 17 11 2 0 100
1 4 17 9 3 1 7
1 4 17 7 4 2 116
1 4 17 5 5 3 46
1 4 17 4 0 9 28
1 4 17 3 6 4 170
1 4 17 2 1 10 143
1 4 17 1 7 5 163
1 4 17 0 13 0 159
1 4 17 0 2 11 88
1 4 16 11 0 3 68
1 4 16 9 1 4 123
1 4 16 7 2 5 147
1 4 16 6 8 0 3
1 4 16 5 3 6 81
1 4 16 4 9 1 1
1 4 16 3 4 7 10
1 4 16 2 10 2 34
1 4 16 1 5 8 122
1 4 16 0 11 3 12
1 4 16 0 0 14 33
1 4 15 12 3 0 43
1 4 15 10 4 1 75
1 4 15 8 5 2 196
1 4 15 7 0 8 187
1 4 15 6 6 3 3
1 4 15 4 7 4 26
1 4 15 3 2 10 67
1 4 15 2 8 5 129
1 4 15 1 14 0 100
1 4 15 1 3 11 65
1 4 15 0 9 6 32
1 4 14 14 0 2 149
1 4 14 12 1 3 27
1 4 14 10 2 4 166
1 4 14 8 3 5 197
1 4 14 7 9 0 10
1 4 14 6 4 6 178
1 4 14 5 10 1 194
1 4 14 4 5 7 167
1 4 14 3 11 2 9
1 4 14 3 0 13 155
1 4 14 2 6 8 108
1 4 14 1 12 3 5
1 4 14 1 1 14 128
1 4 14 0 7 9 172
1 4 13 13 4 0 196
1 4 13 11 5 1 151
1 4 13 10 0 7 29
1 4 13 9 6 2 154
1 4 13 8 1 8 126
1 4 13 7 7 3 5
1 4 13 6 2 9 178
1 4 13 5 8 4 13
1 4 13 4 3 10 128
1 4 13 3 9 5 5
1 4 13 2 15 0 44
1 4 13 2 4 11 196
1 4 13 1 10 6 11
1 4 13 0 16 1 66
1 4 13 0 5 12 160
1 4 12 17 0 1 153
1 4 12 15 1 2 111
1 4 12 13 2 3 115
1 4 12 11 3 4 15
1 4 12 9 4 5 103
1 4 12 8 10 0 80
1 4 12 7 5 6 131
1 4 12 6 11 1 77
1 4 12 6 0 12 132
1 4 12 5 6 7 184
1 4 12 4 12 2 178
1 4 12 4 1 13 116
1 4 12 3 7 8 91
1 4 12 2 13 3 140
1 4 12 2 2 14 180
1 4 12 1 8 9 175
1 4 12 0 14 4 195
1 4 12 0 3 15 154
1 4 11 14 5 0 40
1 4 11 13 0 6 127
1 4 11 12 6 1 2
1 4 11 11 1 7 17
1 4 11 10 7 2 124
1 4 11 9 2 8 151
1 4 11 8 8 3 187
1 4 11 7 3 9 85
1 4 11 6 9 4 152
1 4 11 5 4 10 122
1 4 11 4 10 5 86
1 4 11 3 16 0 177
1 4 11 3 5 11 69
1 4 11 2 11 6 103
1 4 11 2 0 17 15
1 4 11 1 17 1 157
1 4 11 1 6 12 46
1 4 11 0 12 7 134
1 4 11 0 1 18 11
1 4 10 20 0 0 33
1 4 10 18 1 1 120
1 4 10 16 2 2 36
1 4 10 14 3 3 81
1 4 10 12 4 4 109
1 4 10 10 5 5 83
1 4 10 9 11 0 160
1 4 10 9 0 11 10
1 4 10 8 6 6 124
1 4 10 7 12 1 17
1 4 10 7 1 12 18
1 4 10 6 7 7 167
1 4 10 5 13 2 134
1 4 10 5 2 13 20
1 4 10 4 8 8 79
1 4 10 3 14 3 135
1 4 10 3 3 14 18
1 4 10 2 9 9 87
1 4 10 1 15 4 29
1 4 10 1 4 15 73
1 4 10 0 10 10 118
1 4 9 16 0 5 184
1 4 9 15 6 0 180
1 4 9 14 1 6 86
1 4 9 13 7 1 127
1 4 9 12 2 7 134
1 4 9 11 8 2 149
1 4 9 10 3 8 198
1 4 9 9 9 3 163
1 4 9 8 4 9 75
1 4 9 7 10 4 92
1 4 9 6 5 10 50
1 4 9 5 11 5 97
1 4 9 5 0 16 94
1 4 9 4 17 0 32
1 4 9 4 6 11 48
1 4 9 3 12 6 139
1 4 9 3 1 17 147
1 4 9 2 18 1 139
1 4 9 2 7 12 109
1 4 9 1 13 7 132
1 4 9 1 2 18 19
1 4 9 0 19 2 180
1 4 9 0 8 13 198
1 4 8 21 1 0 150
1 4 8 19 2 1 193
1 4 8 17 3 2 162
1 4 8 15 4 3 90
1 4 8 13 5 4 165
1 4 8 12 0 10 97
1 4 8 11 6 5 145
1 4 8 10 12 0 85
1 4 8 10 1 11 168
1 4 8 9 7 6 40
1 4 8 8 13 1 55
1 4 8 8 2 12 151
1 4 8 7 8 7 17
1 4 8 6 14 2 57
1 4 8 6 3 13 128
1 4 8 5 9 8 105
1 4 8 4 15 3 88
1 4 8 4 4 14 134
1 4 8 3 10 9 84
1 4 8 2 16 4 83
1 4 8 2 5 15 56
1 4 8 1 11 10 51
1 4 8 1 0 21 164
1 4 8 0 17 5 74
1 4 8 0 6 16 191
1 4 7 19 0 4 18
1 4 7 17 1 5 133
1 4 7 16 7 0 12
1 4 7 15 2 6 12
1 4 7 14 8 1 89
1 4 7 13 3 7 165
1 4 7 12 9 2 126
1 4 7 11 4 8 106
1 4 7 10 10 3 49
1 4 7 9 5 9 146
1 4 7 8 11 4 74
1 4 7 8 0 15 190
1 4 7 7 6 10 105
1 4 7 6 12 5 46
1 4 7 6 1 16 49
1 4 7 5 18 0 190
1 4 7 5 7 11 102
1 4 7 4 13 6 139
1 4 7 4 2 17 28
1 4 7 3 19 1 189
1 4 7 3 8 12 182
1 4 7 2 14 7 35
1 4 7 2 3 18 99
1 4 7 1 20 2 143
1 4 7 1 9 13 184
1 4 7 0 15 8 9
1 4 7 0 4 19 159
1 4 6 22 2 0 142
1 4 6 20 3 1 53
1 4 6 18 4 2 103
1 4 6 16 5 3 50
1 4 6 15 0 9 73
1 4 6 14 6 4 151
1 4 6 13 1 10 133
1 4 6 12 7 5 41
1 4 6 11 13 0 50
1 4 6 11 2 11 190
1 4 6 10 8 6 164
1 4 6 9 14 1 15
1 4 6 9 3 12 137
1 4 6 8 9 7 82
1 4 6 7 15 2 37
1 4 6 7 4 13 34
1 4 6 6 10 8 125
1 4 6 5 16 3 30
1 4 6 5 5 14 116
1 4 6 4 11 9 141
1 4 6 4 0 20 98
1 4 6 3 17 4 120
1 4 6 3 6 15 91
1 4 6 2 12 10 58
1 4 6 2 1 21 160
1 4 6 1 7 16 133
1 4 6 0 24 0 166
1 4 6 0 2 22 175
1 4 5 22 0 3 182
1 4 5 20 1 4 41
1 4 5 18 2 5 3
1 4 5 17 8 0 26
1 4 5 16 3 6 150
1 4 5 15 9 1 32
1 4 5 14 4 7 61
1 4 5 13 10 2 189
1 4 5 12 5 8 61
1 4 5 11 11 3 83
1 4 5 11 0 14 198
1 4 5 10 6 9 143
1 4 5 9 12 4 54
1 4 5 9 1 15 21
1 4 5 8 7 10 70
1 4 5 7 13 5 151
1 4 5 7 2 16 42
1 4 5 6 19 0 67
1 4 5 6 8 11 165
1 4 5 5 14 6 45
1 4 5 5 3 17 145
1 4 5 4 20 1 49
1 4 5 4 9 12 58
1 4 5 3 15 7 136
1 4 5 3 4 18 185
1 4 5 2 21 2 134
1 4 5 2 10 13 132
1 4 5 1 16 8 178
1 4 5 1 5 19 150
1 4 5 0 22 3 162
1 4 5 0 11 14 141
1 4 5 0 0 25 85
1 4 4 23 3 0 164
1 4 4 21 4 1 29
1 4 4 19 5 2 168
1 4 4 18 0 8 92
1 4 4 17 6 3 180
1 4 4 16 1 9 56
1 4 4 15 7 4 181
1 4 4 14 2 10 195
1 4 4 13 8 5 106
1 4 4 12 14 0 171
1 4 4 12 3 11 173
1 4 4 11 9 6 10
1 4 4 10 15 1 71
1 4 4 10 4 12 124
1 4 4 9 10 7 37
1 4 4 8 16 2 115
1 4 4 8 5 13 46
1 4 4 7 11 8 136
1 4 4 7 0 19 69
1 4 4 6 17 3 72
1 4 4 6 6 14 171
1 4 4 5 12 9 26
1 4 4 5 1 20 68
1 4 4 4 18 4 73
1 4 4 4 7 15 195
1 4 4 3 13 10 41
1 4 4 3 2 21 54
1 4 4 2 19 5 173
1 4 4 2 8 16 52
1 4 4 1 25 0 182
1 4 4 1 14 11 165
1 4 4 1 3 22 124
1 4 4 0 20 6 42
1 4 4 0 9 17 52
1 4 3 25 0 2 165
1 4 3 23 1 3 87
1 4 3 21 2 4 19
1 4 3 19 3 5 191
1 4 3 18 9 0 34
1 4 3 17 4 6 117
1 4 3 16 10 1 104
1 4 3 15 5 7 47
1 4 3 14 11 2 99
1 4 3 14 0 13 102
1 4 3 13 6 8 67
1 4 3 12 12 3 85
1 4 3 12 1 14 161
1 4 3 11 7 9 182
1 4 3 10 13 4 192
1 4 3 10 2 15 16
1 4 3 9 8 10 41
1 4 3 8 14 5 40
1 4 3 8 3 16 92
1 4 3 7 20 0 26
1 4 3 7 9 11 90
1 4 3 6 15 6 126
1 4 3 6 4 17 104
1 4 3 5 21 1 179
1 4 3 5 10 12 110
1 4 3 4 16 7 153
1 4 3 4 5 18 143
1 4 3 3 22 2 13
1 4 3 3 11 13 74
1 4 3 3 0 24 183
1 4 3 2 17 8 191
1 4 3 2 6 19 143
1 4 3 1 23 3 189
1 4 3 1 12 14 149
1 4 3 1 1 25 13
1 4 3 0 18 9 148
1 4 3 0 7 20 115
1 4 2 24 4 0 159
1 4 2 22 5 1 153
1 4 2 21 0 7 12
1 4 2 20 6 2 58
1 4 2 19 1 8 36
1 4 2 18 7 3 122
1 4 2 17 2 9 54
1 4 2 16 8 4 9
1 4 2 15 3 10 25
1 4 2 14 9 5 25
1 4 2 13 15 0 61
1 4 2 13 4 11 46
1 4 2 12 10 6 22
1 4 2 11 16 1 101
1 4 2 11 5 12 66
1 4 2 10 11 7 110
1 4 2 10 0 18 105
1 4 2 9 17 2 138
1 4 2 9 6 13 118
1 4 2 8 12 8 167
1 4 2 8 1 19 152
1 4 2 7 18 3 173
1 4 2 7 7 14 81
1 4 2 6 13 9 161
1 4 2 6 2 20 119
1 4 2 5 19 4 84
1 4 2 5 8 15 7
1 4 2 4 14 10 12
1 4 2 4 3 21 57
1 4 2 3 20 5 62
1 4 2 3 9 16 120
1 4 2 2 26 0 139
1 4 2 2 15 11 45
1 4 2 2 4 22 128
1 4 2 1 21 6 42
1 4 2 1 10 17 57
1 4 2 0 27 1 87
1 4 2 0 16 12 143
1 4 2 0 5 23 129
1 4 1 28 0 1 159
1 4 1 26 1 2 187
1 4 1 24 2 3 93
1 4 1 22 3 4 27
1 4 1 20 4 5 111
1 4 1 19 10 0 103
1 4 1 18 5 6 10
1 4 1 17 11 1 103
1 4 1 17 0 12 68
1 4 1 16 6 7 176
1 4 1 15 12 2 64
1 4 1 15 1 13 171
1 4 1 14 7 8 156
1 4 1 13 13 3 70
1 4 1 13 2 14 24
1 4 1 12 8 9 65
1 4 1 11 14 4 121
1 4 1 11 3 15 3
1 4 1 10 9 10 85
1 4 1 9 15 5 69
1 4 1 9 4 16 75
1 4 1 8 21 0 114
1 4 1 8 10 11 198
1 4 1 7 16 6 47
1 4 1 7 5 17 125
1 4 1 6 22 1 92
1 4 1 6 11 12 165
1 4 1 6 0 23 179
1 4 1 5 17 7 175
1 4 1 5 6 18 56
1 4 1 4 23 2 67
1 4 1 4 12 13 161
1 4 1 4 1 24 141
1 4 1 3 18 8 136
1 4 1 3 7 19 137
1 4 1 2 24 3 3
1 4 1 2 13 14 120
1 4 1 2 2 25 186
1 4 1 1 19 9 142
1 4 1 1 8 20 182
1 4 1 0 25 4 120
1 4 1 0 14 15 11
1 4 1 0 3 26 156
1 4 0 25 5 0 177
1 4 0 24 0 6 61
1 4 0 23 6 1 17
1 4 0 22 1 7 169
1 4 0 21 7 2 35
1 4 0 20 2 8 93
1 4 0 19 8 3 52
1 4 0 18 3 9 10
1 4 0 17 9 4 120
1 4 0 16 4 10 115
1 4 0 15 10 5 175
1 4 0 14 16 0 2
1 4 0 14 5 11 45
1 4 0 13 11 6 176
1 4 0 13 0 17 52
1 4 0 12 17 1 134
1 4 0 12 6 12 176
1 4 0 11 12 7 147
1 4 0 11 1 18 170
1 4 0 10 18 2 4
1 4 0 10 7 13 20
1 4 0 9 13 8 18
1 4 0 9 2 19 94
1 4 0 8 19 3 25
1 4 0 8 8 14 106
1 4 0 7 3 20 62
1 4 0 6 20 4 155
1 4 0 6 9 15 120
1 4 0 5 15 10 30
1 4 0 5 4 21 196
1 4 0 4 21 5 59
1 4 0 4 10 16 198
1 4 0 3 27 0 30
1 4 0 3 16 11 99
1 4 0 3 5 22 179
1 4 0 2 22 6 155
1 4 0 2 11 17 15
1 4 0 2 0 28 113
1 4 0 1 28 1 99
1 4 0 1 17 12 5
1 4 0 1 6 23 88
1 4 0 0 23 7 22
1 4 0 0 12 18 170
1 4 0 0 1 29 74
1 3 29 1 0 1 36
1 3 27 4 0 0 198
1 3 27 2 1 1 180
1 3 27 0 2 2 75
1 3 26 0 0 5 92
1 3 25 5 1 0 75
1 3 25 3 2 1 46
1 3 25 1 3 2 196
1 3 24 3 0 4 128
1 3 24 1 1 5 192
1 3 24 0 7 0 88
1 3 23 6 2 0 103
1 3 23 4 3 1 192
1 3 23 2 4 2 23
1 3 23 0 5 3 169
1 3 22 6 0 3 85
1 3 22 4 1 4 109
1 3 22 2 2 5 37
1 3 22 1 8 0 191
1 3 22 0 3 6 25
1 3 21 7 3 0 163
1 3 21 5 4 1 84
1 3 21 3 5 2 42
1 3 21 2 0 8 175
1 3 21 1 6 3 122
1 3 21 0 1 9 11
1 3 20 9 0 2 130
1 3 20 7 1 3 85
1 3 20 5 2 4 91
1 3 20 3 3 5 160
1 3 20 2 9 0 80
1 3 20 1 4 6 128
1 3 20 0 10 1 170
1 3 19 8 4 0 34
1 3 19 6 5 1 140
1 3 19 5 0 7 88
1 3 19 4 6 2 106
1 3 19 3 1 8 158
1 3 19 2 7 3 187
1 3 19 1 2 9 94
1 3 19 0 8 4 93
1 3 18 12 0 1 25
1 3 18 10 1 2 45
1 3 18 8 2 3 4
1 3 18 6 3 4 110
1 3 18 4 4 5 120
1 3 18 3 10 0 37
1 3 18 2 5 6 192
1 3 18 1 11 1 4
1 3 18 1 0 12 182
1 3 18 0 6 7 160
1 3 17 9 5 0 149
1 3 17 8 0 6 53
1 3 17 7 6 1 182
1 3 17 6 1 7 188
1 3 17 5 7 2 17
1 3 17 4 2 8 158
1 3 17 3 8 3 188
1 3 17 2 3 9 16
1 3 17 1 9 4 183
1 3 17 0 4 10 191
1 3 16 15 0 0 40
1 3 16 13 1 1 18
1 3 16 11 2 2 25
1 3 16 9 3 3 72
1 3 16 7 4 4 40
1 3 16 5 5 5 192
1 3 16 4 11 0 45
1 3 16 4 0 11 80
1 3 16 3 6 6 15
1 3 16 2 12 1 24
1 3 16 2 1 12 80
1 3 16 1 7 7 128
1 3 16 0 13 2 165
1 3 16 0 2 13 6
1 3 15 11 0 5 5
1 3 15 10 6 0 189
1 3 15 9 1 6 178
1 3 15 8 7 1 86
1 3 15 7 2 7 75
1 3 15 6 8 2 25
1 3 15 5 3 8 198
1 3 15 4 9 3 118
1 3 15 3 4 9 134
1 3 15 2 10 4 35
1 3 15 1 5 10 69
1 3 15 0 11 5 179
1 3 15 0 0 16 187
1 3 14 16 1 0 93
1 3 14 14 2 1 61
1 3 14 12 3 2 56
1 3 14 10 4 3 86
1 3 14 8 5 4 77
1 3 14 7 0 10 65
1 3 14 6 6 5 37
1 3 14 5 12 0 89
1 3 14 5 1 11 95
1 3 14 4 7 6 121
1 3 14 3 13 1 179
1 3 14 3 2 12 16
1 3 14 2 8 7 154
1 3 14 1 14 2 79
1 3 14 1 3 13 158
1 3 14 0 9 8 112
1 3 13 14 0 4 185
1 3 13 12 1 5 3
1 3 13 11 7 0 138
1 3 13 10 2 6 167
1 3 13 9 8 1 165
1 3 13 8 3 7 100
1 3 13 7 9 2 186
1 3 13 6 4 8 71
1 3 13 5 10 3 35
1 3 13 4 5 9 89
1 3 13 3 11 4 63
1 3 13 3 0 15 48
1 3 13 2 6 10 169
1 3 13 1 12 5 26
1 3 13 1 1 16 123
1 3 13 0 18 0 191
1 3 13 0 7 11 63
1 3 12 17 2 0 67
1 3 12 15 3 1 38
1 3 12 13 4 2 149
1 3 12 11 5 3 143
1 3 12 10 0 9 167
1 3 12 9 6 4 190
1 3 12 8 1 10 162
1 3 12 7 7 5 156
1 3 12 6 13 0 85
1 3 12 6 2 11 196
1 3 12 5 8 6 85
1 3 12 4 14 1 70
1 3 12 4 3 12 106
1 3 12 3 9 7 82
1 3 12 2 15 2 54
1 3 12 2 4 13 42
1 3 12 1 10 8 6
1 3 12 0 16 3 49
1 3 12 0 5 14 106
1 3 11 17 0 3 92
1 3 11 15 1 4 130
1 3 11 13 2 5 68
1 3 11 12 8 0 183
1 3 11 11 3 6 188
1 3 11 10 9 1 127
1 3 11 9 4 7 94
1 3 11 8 10 2 4
1 3 11 7 5 8 163
1 3 11 6 11 3 79
1 3 11 6 0 14 131
1 3 11 5 6 9 46
1 3 11 4 12 4 109
1 3 11 4 1 15 58
1 3 11 3 7 10 56
1 3 11 2 13 5 194
1 3 11 2 2 16 159
1 3 11 1 19 0 98
1 3 11 1 8 11 139
1 3 11 0 14 6 197
1 3 11 0 3 17 89
1 3 10 18 3 0 162
1 3 10 16 4 1 131
1 3 10 14 5 2 115
1 3 10 13 0 8 64
1 3 10 12 6 3 170
1 3 10 11 1 9 70
1 3 10 10 7 4 191
1 3 10 9 2 10 117
1 3 10 8 8 5 162
1 3 10 7 14 0 114
1 3 10 7 3 11 25
1 3 10 6 9 6 17
1 3 10 5 15 1 2
1 3 10 5 4 12 197
1 3 10 4 10 7 114
1 3 10 3 16 2 62
1 3 10 3 5 13 135
1 3 10 2 11 8 59
1 3 10 2 0 19 98
1 3 10 1 17 3 102
1 3 10 1 6 14 83
1 3 10 0 12 9 53
1 3 10 0 1 20 4
1 3 9 20 0 2 77
1 3 9 18 1 3 146
1 3 9 16 2 4 130
1 3 9 14 3 5 157
1 3 9 13 9 0 180
1 3 9 12 4 6 30
1 3 9 11 10 1 25
1 3 9 10 5 7 115
1 3 9 9 11 2 189
1 3 9 9 0 13 11
1 3 9 8 6 8 161
1 3 9 7 12 3 52
1 3 9 7 1 14 71
1 3 9 6 7 9 109
1 3 9 5 13 4 49
1 3 9 5 2 15 88
1 3 9 4 8 10 50
1 3 9 3 14 5 192
1 3 9 3 3 16 172
1 3 9 2 20 0 93
1 3 9 2 9 11 49
1 3 9 1 15 6 192
1 3 9 1 4 17 75
1 3 9 0 21 1 109
1 3 9 0 10 12 50
1 3 8 19 4 0 59
1 3 8 17 5 1 26
1 3 8 16 0 7 7
1 3 8 15 6 2 158
1 3 8 14 1 8 76
1 3 8 13 7 3 184
1 3 8 12 2 9 116
1 3 8 11 8 4 33
1 3 8 10 3 10 186
1 3 8 9 9 5 43
1 3 8 8 15 0 50
1 3 8 8 4 11 26
1 3 8 7 10 6 63
1 3 8 6 16 1 147
1 3 8 6 5 12 109
1 3 8 5 11 7 110
1 3 8 5 0 18 84
1 3 8 4 17 2 72
1 3 8 4 6 13 153
1 3 8 3 12 8 6
1 3 8 3 1 19 56
1 3 8 2 18 3 130
1 3 8 2 7 14 126
1 3 8 1 13 9 147
1 3 8 1 2 20 129
1 3 8 0 19 4 51
1 3 8 0 8 15 66
1 3 7 23 0 1 64
1 3 7 21 1 2 5
1 3 7 19 2 3 94
1 3 7 17 3 4 194
1 3 7 15 4 5 101
1 3 7 14 10 0 24
1 3 7 13 5 6 98
1 3 7 12 11 1 156
1 3 7 12 0 12 135
1 3 7 11 6 7 104
1 3 7 10 12 2 96
1 3 7 10 1 13 158
1 3 7 9 7 8 62
1 3 7 8 13 3 143
1 3 7 8 2 14 56
1 3 7 7 8 9 15
1 3 7 6 14 4 21
1 3 7 6 3 15 74
1 3 7 5 9 10 154
1 3 7 4 15 5 165
1 3 7 4 4 16 123
1 3 7 3 21 0 197
1 3 7 3 10 11 30
1 3 7 2 16 6 41
1 3 7 2 5 17 11
1 3 7 1 22 1 171
1 3 7 1 11 12 93
1 3 7 1 0 23 90
1 3 7 0 17 7 194
1 3 7 0 6 18 85
1 3 6 20 5 0 143
1 3 6 19 0 6 61
1 3 6 18 6 1 16
1 3 6 17 1 7 5
1 3 6 16 7 2 45
1 3 6 15 2 8 75
1 3 6 13 3 9 5
1 3 6 12 9 4 95
1 3 6 11 4 10 91
1 3 6 10 10 5 9
1 3 6 9 16 0 123
1 3 6 9 5 11 133
1 3 6 8 11 6 125
1 3 6 8 0 17 191
1 3 6 7 17 1 156
1 3 6 7 6 12 79
1 3 6 6 12 7 16
1 3 6 6 1 18 25
1 3 6 5 18 2 65
1 3 6 5 7 13 78
1 3 6 4 2 19 164
1 3 6 3 19 3 111
1 3 6 3 8 14 155
1 3 6 2 14 9 40
1 3 6 2 3 20 176
1 3 6 1 20 4 154
1 3 6 1 9 15 25
1 3 6 0 15 10 151
1 3 6 0 4 21 188
1 3 5 26 0 0 11
1 3 5 24 1 1 20
1 3 5 22 2 2 80
1 3 5 20 3 3 20
1 3 5 18 4 4 71
1 3 5 16 5 5 68
1 3 5 15 11 0 133
1 3 5 15 0 11 197
1 3 5 14 6 6 123
1 3 5 13 12 1 188
1 3 5 13 1 12 77
1 3 5 12 7 7 138
1 3 5 11 13 2 102
1 3 5 11 2 13 35
1 3 5 10 8 8 161
1 3 5 9 14 3 156
1 3 5 9 3 14 58
1 3 5 8 9 9 191
1 3 5 7 15 4 192
1 3 5 7 4 15 85
1 3 5 6 10 10 72
1 3 5 5 16 5 162
1 3 5 5 5 16 110
1 3 5 4 22 0 170
1 3 5 4 11 11 83
1 3 5 4 0 22 104
1 3 5 3 17 6 70
1 3 5 3 6 17 35
1 3 5 2 23 1 88
1 3 5 2 12 12 197
1 3 5 2 1 23 175
1 3 5 1 18 7 34
1 3 5 1 7 18 47
1 3 5 0 24 2 122
1 3 5 0 13 13 16
1 3 5 0 2 24 69
1 3 4 22 0 5 45
1 3 4 21 6 0 30
1 3 4 20 1 6 118
1 3 4 19 7 1 128
1 3 4 18 2 7 146
1 3 4 17 8 2 25
1 3 4 16 3 8 197
1 3 4 15 9 3 164
1 3 4 14 4 9 9
1 3 4 13 10 4 73
1 3 4 12 5 10 59
1 3 4 11 11 5 37
1 3 4 11 0 16 69
1 3 4 10 17 0 106
1 3 4 10 6 11 63
1 3 4 9 12 6 103
1 3 4 9 1 17 24
1 3 4 8 18 1 151
1 3 4 8 7 12 130
1 3 4 7 13 7 20
1 3 4 7 2 18 84
1 3 4 6 19 2 31
1 3 4 6 8 13 163
1 3 4 5 14 8 120
1 3 4 5 3 19 12
1 3 4 4 20 3 73
1 3 4 4 9 14 3
1 3 4 3 15 9 148
1 3 4 3 4 20 41
1 3 4 2 21 4 108
1 3 4 2 10 15 172
1 3 4 1 16 10 54
1 3 4 1 5 21 125
1 3 4 0 22 5 58
1 3 4 0 11 16 75
1 3 4 0 0 27 137
1 3 3 27 1 0 191
1 3 3 25 2 1 107
1 3 3 23 3 2 192
1 3 3 21 4 3 56
1 3 3 19 5 4 43
1 3 3 18 0 10 24
1 3 3 17 6 5 141
1 3 3 16 12 0 38
1 3 3 16 1 11 174
1 3 3 15 7 6 161
1 3 3 14 13 1 179
1 3 3 14 2 12 43
1 3 3 13 8 7 127
1 3 3 12 14 2 42
1 3 3 12 3 13 162
1 3 3 11 9 8 58
1 3 3 10 15 3 110
1 3 3 10 4 14 98
1 3 3 9 10 9 147
1 3 3 8 16 4 154
1 3 3 8 5 15 90
1 3 3 7 11 10 110
1 3 3 7 0 21 33
1 3 3 6 17 5 14
1 3 3 6 6 16 10
1 3 3 5 23 0 97
1 3 3 5 12 11 130
1 3 3 5 1 22 148
1 3 3 4 18 6 62
1 3 3 4 7 17 124
1 3 3 3 24 1 182
1 3 3 3 13 12 2
1 3 3 3 2 23 108
1 3 3 2 19 7 144
1 3 3 2 8 18 71
1 3 3 1 25 2 165
1 3 3 1 14 13 72
1 3 3 1 3 24 59
1 3 3 0 20 8 82
1 3 3 0 9 19 16
1 3 2 25 0 4 125
1 3 2 23 1 5 14
1 3 2 22 7 0 116
1 3 2 21 2 6 117
1 3 2 20 8 1 173
1 3 2 19 3 7 39
1 3 2 18 9 2 26
1 3 2 17 4 8 61
1 3 2 16 10 3 95
1 3 2 15 5 9 119
1 3 2 14 11 4 85
1 3 2 14 0 15 100
1 3 2 13 6 10 168
1 3 2 12 12 5 161
1 3 2 12 1 16 90
1 3 2 11 18 0 102
1 3 2 11 7 11 152
1 3 2 10 13 6 179
1 3 2 10 2 17 164
1 3 2 9 19 1 7
1 3 2 9 8 12 87
1 3 2 8 14 7 54
1 3 2 8 3 18 159
1 3 2 7 20 2 132
1 3 2 7 9 13 101
1 3 2 6 15 8 159
1 3 2 6 4 19 17
1 3 2 5 21 3 198
1 3 2 5 10 14 7
1 3 2 4 16 9 12
1 3 2 3 22 4 147
1 3 2 3 11 15 149
1 3 2 3 0 26 54
1 3 2 2 17 10 166
1 3 2 2 6 21 6
1 3 2 1 23 5 83
1 3 2 1 12 16 98
1 3 2 1 1 27 62
1 3 2 0 29 0 50
1 3 2 0 18 11 67
1 3 2 0 7 22 162
1 3 1 28 2 0 105
1 3 1 26 3 1 44
1 3 1 24 4 2 142
1 3 1 22 5 3 36
1 3 1 21 0 9 178
1 3 1 20 6 4 32
1 3 1 19 1 10 141
1 3 1 18 7 5 143
1 3 1 17 13 0 110
1 3 1 17 2 11 24
1 3 1 16 8 6 102
1 3 1 15 14 1 193
1 3 1 15 3 12 132
1 3 1 14 9 7 94
1 3 1 13 15 2 54
1 3 1 13 4 13 184
1 3 1 12 10 8 131
1 3 1 11 16 3 156
1 3 1 11 5 14 97
1 3 1 10 11 9 87
1 3 1 10 0 20 102
1 3 1 9 17 4 41
1 3 1 9 6 15 75
1 3 1 8 12 10 111
1 3 1 8 1 21 58
1 3 1 7 18 5 67
1 3 1 7 7 16 190
1 3 1 6 24 0 109
1 3 1 6 13 11 33
1 3 1 6 2 22 156
1 3 1 5 19 6 4
1 3 1 5 8 17 83
1 3 1 4 25 1 109
1 3 1 4 14 12 138
1 3 1 4 3 23 37
1 3 1 3 20 7 98
1 3 1 3 9 18 50
1 3 1 2 26 2 147
1 3 1 2 15 13 129
1 3 1 2 4 24 56
1 3 1 1 21 8 163
1 3 1 1 10 19 133
1 3 1 0 27 3 194
1 3 1 0 16 14 185
1 3 1 0 5 25 177
1 3 0 28 0 3 198
1 3 0 26 1 4 30
1 3 0 24 2 5 171
1 3 0 23 8 0 153
1 3 0 22 3 6 107
1 3 0 21 9 1 131
1 3 0 20 4 7 77
1 3 0 19 10 2 74
1 3 0 18 5 8 145
1 3 0 17 11 3 52
1 3 0 17 0 14 134
1 3 0 16 6 9 180
1 3 0 15 12 4 83
1 3 0 15 1 15 193
1 3 0 14 7 10 44
1 3 0 13 13 5 71
1 3 0 13 2 16 129
1 3 0 12 19 0 166
1 3 0 12 8 11 129
1 3 0 11 14 6 181
1 3 0 11 3 17 88
1 3 0 10 20 1 5
1 3 0 10 9 12 39
1 3 0 9 15 7 6
1 3 0 9 4 18 22
1 3 0 8 21 2 125
1 3 0 8 10 13 38
1 3 0 7 16 8 104
1 3 0 7 5 19 190
1 3 0 6 22 3 164
1 3 0 6 11 14 139
1 3 0 6 0 25 187
1 3 0 5 17 9 40
1 3 0 5 6 20 174
1 3 0 4 23 4 26
1 3 0 4 12 15 62
1 3 0 4 1 26 27
1 3 0 3 18 10 130
1 3 0 3 7 21 167
1 3 0 2 24 5 197
1 3 0 2 13 16 66
1 3 0 2 2 27 58
1 3 0 1 30 0 126
1 3 0 1 19 11 182
1 3 0 1 8 22 120
1 3 0 0 25 6 57
1 3 0 0 14 17 128
1 3 0 0 3 28 173
1 2 31 0 1 0 118
1 2 29 1 2 0 96
1 2 28 1 0 3 162
1 2 27 2 3 0 86
1 2 27 0 4 1 140
1 2 26 4 0 2 40
1 2 26 2 1 3 80
1 2 26 0 2 4 176
1 2 25 3 4 0 41
1 2 25 1 5 1 94
1 2 25 0 0 7 144
1 2 24 7 0 1 34
1 2 24 5 1 2 93
1 2 24 3 2 3 168
1 2 24 1 3 4 139
1 2 23 4 5 0 35
1 2 23 3 0 6 14
1 2 23 2 6 1 163
1 2 23 1 1 7 122
1 2 23 0 7 2 104
1 2 22 10 0 0 115
1 2 22 8 1 1 119
1 2 22 6 2 2 188
1 2 22 4 3 3 58
1 2 22 2 4 4 41
1 2 22 0 5 5 40
1 2 21 6 0 5 1
1 2 21 5 6 0 178
1 2 21 4 1 6 98
1 2 21 3 7 1 182
1 2 21 2 2 7 42
1 2 21 1 8 2 1
1 2 21 0 3 8 39
1 2 20 11 1 0 19
1 2 20 9 2 1 49
1 2 20 7 3 2 1
1 2 20 5 4 3 129
1 2 20 3 5 4 145
1 2 20 2 0 10 98
1 2 20 1 6 5 117
1 2 20 0 12 0 133
1 2 20 0 1 11 138
1 2 19 9 0 4 13
1 2 19 7 1 5 64
1 2 19 6 7 0 187
1 2 19 5 2 6 52
1 2 19 4 8 1 197
1 2 19 3 3 7 81
1 2 19 2 9 2 111
1 2 19 1 4 8 92
1 2 19 0 10 3 190
1 2 18 12 2 0 160
1 2 18 10 3 1 51
1 2 18 8 4 2 189
1 2 18 6 5 3 187
1 2 18 5 0 9 97
1 2 18 4 6 4 165
1 2 18 3 1 10 63
1 2 18 2 7 5 155
1 2 18 1 13 0 109
1 2 18 1 2 11 104
1 2 18 0 8 6 92
1 2 17 12 0 3 174
1 2 17 10 1 4 134
1 2 17 8 2 5 156
1 2 17 7 8 0 95
1 2 17 6 3 6 42
1 2 17 5 9 1 108
1 2 17 4 4 7 68
1 2 17 3 10 2 127
1 2 17 2 5 8 132
1 2 17 1 11 3 16
1 2 17 1 0 14 156
1 2 17 0 6 9 148
1 2 16 13 3 0 125
1 2 16 11 4 1 146
1 2 16 9 5 2 42
1 2 16 8 0 8 177
1 2 16 7 6 3 118
1 2 16 6 1 9 37
1 2 16 5 7 4 54
1 2 16 4 2 10 109
1 2 16 3 8 5 191
1 2 16 2 14 0 35
1 2 16 2 3 11 126
1 2 16 1 9 6 121
1 2 16 0 15 1 90
1 2 16 0 4 12 105
1 2 15 15 0 2 76
1 2 15 13 1 3 84
1 2 15 11 2 4 64
1 2 15 9 3 5 149
1 2 15 8 9 0 77
1 2 15 7 4 6 97
1 2 15 6 10 1 68
1 2 15 5 5 7 58
1 2 15 4 11 2 133
1 2 15 4 0 13 48
1 2 15 3 6 8 137
1 2 15 2 12 3 132
1 2 15 2 1 14 163
1 2 15 1 7 9 43
1 2 15 0 13 4 143
1 2 15 0 2 15 18
1 2 14 14 4 0 49
1 2 14 12 5 1 150
1 2 14 11 0 7 128
1 2 14 10 6 2 186
1 2 14 9 1 8 140
1 2 14 8 7 3 88
1 2 14 7 2 9 177
1 2 14 6 8 4 92
1 2 14 5 3 10 48
1 2 14 4 9 5 18
1 2 14 3 15 0 56
1 2 14 3 4 11 190
1 2 14 2 10 6 100
1 2 14 1 16 1 198
1 2 14 1 5 12 104
1 2 14 0 11 7 62
1 2 14 0 0 18 66
1 2 13 18 0 1 168
1 2 13 16 1 2 182
1 2 13 14 2 3 77
1 2 13 12 3 4 143
1 2 13 10 4 5 19
1 2 13 9 10 0 36
1 2 13 8 5 6 198
1 2 13 7 11 1 77
1 2 13 7 0 12 13
1 2 13 6 6 7 117
1 2 13 5 12 2 54
1 2 13 5 1 13 36
1 2 13 4 7 8 120
1 2 13 3 13 3 18
1 2 13 3 2 14 187
1 2 13 2 8 9 197
1 2 13 1 14 4 31
1 2 13 1 3 15 14
1 2 13 0 9 10 63
1 2 12 15 5 0 78
1 2 12 14 0 6 84
1 2 12 13 6 1 125
1 2 12 12 1 7 172
1 2 12 11 7 2 125
1 2 12 10 2 8 11
1 2 12 9 8 3 36
1 2 12 8 3 9 22
1 2 12 7 9 4 72
1 2 12 6 4 10 72
1 2 12 5 10 5 188
1 2 12 4 16 0 111
1 2 12 4 5 11 173
1 2 12 3 11 6 43
1 2 12 3 0 17 60
1 2 12 2 17 1 41
1 2 12 2 6 12 153
1 2 12 1 12 7 176
1 2 12 1 1 18 29
1 2 12 0 18 2 148
1 2 12 0 7 13 120
1 2 11 21 0 0 91
1 2 11 19 1 1 196
1 2 11 17 2 2 129
1 2 11 15 3 3 4
1 2 11 13 4 4 177
1 2 11 11 5 5 19
1 2 11 10 11 0 196
1 2 11 10 0 11 84
1 2 11 9 6 6 176
1 2 11 8 12 1 150
1 2 11 8 1 12 8
1 2 11 7 7 7 174
1 2 11 6 13 2 85
1 2 11 6 2 13 3
1 2 11 5 8 8 91
1 2 11 4 14 3 112
1 2 11 4 3 14 11
1 2 11 3 9 9 59
1 2 11 2 15 4 12
1 2 11 2 4 15 18
1 2 11 1 10 10 74
1 2 11 0 16 5 165
1 2 11 0 5 16 177
1 2 10 17 0 5 196
1 2 10 16 6 0 104
1 2 10 15 1 6 184
1 2 10 14 7 1 176
1 2 10 13 2 7 106
1 2 10 12 8 2 157
1 2 10 11 3 8 6
1 2 10 10 9 3 35
1 2 10 9 4 9 69
1 2 10 8 10 4 30
1 2 10 7 5 10 31
1 2 10 6 11 5 95
1 2 10 6 0 16 76
1 2 10 5 17 0 9
1 2 10 5 6 11 10
1 2 10 4 12 6 110
1 2 10 4 1 17 139
1 2 10 3 18 1 52
1 2 10 3 7 12 81
1 2 10 2 13 7 81
1 2 10 2 2 18 8
1 2 10 1 19 2 86
1 2 10 1 8 13 163
1 2 10 0 14 8 9
1 2 10 0 3 19 64
1 2 9 22 1 0 138
1 2 9 20 2 1 19
1 2 9 18 3 2 190
1 2 9 16 4 3 33
1 2 9 14 5 4 65
1 2 9 13 0 10 39
1 2 9 12 6 5 185
1 2 9 11 12 0 73
1 2 9 11 1 11 22
1 2 9 10 7 6 20
1 2 9 9 13 1 43
1 2 9 9 2 12 66
1 2 9 8 8 7 31
1 2 9 7 14 2 184
1 2 9 7 3 13 147
1 2 9 6 9 8 6
1 2 9 5 15 3 22
1 2 9 5 4 14 5
1 2 9 4 10 9 64
1 2 9 3 16 4 106
1 2 9 3 5 15 44
1 2 9 2 11 10 95
1 2 9 2 0 21 175
1 2 9 1 17 5 60
1 2 9 1 6 16 43
1 2 9 0 23 0 146
1 2 9 0 12 11 149
1 2 9 0 1 22 24
1 2 8 20 0 4 38
1 2 8 18 1 5 80
1 2 8 17 7 0 78
1 2 8 16 2 6 152
1 2 8 15 8 1 132
1 2 8 14 3 7 185
1 2 8 13 9 2 143
1 2 8 12 4 8 158
1 2 8 11 10 3 15
1 2 8 10 5 9 86
1 2 8 9 11 4 180
1 2 8 9 0 15 96
1 2 8 8 6 10 96
1 2 8 7 12 5 6
1 2 8 7 1 16 188
1 2 8 6 18 0 89
1 2 8 6 7 11 46
1 2 8 5 13 6 74
1 2 8 5 2 17 70
1 2 8 4 19 1 87
1 2 8 4 8 12 41
1 2 8 3 14 7 40
1 2 8 3 3 18 124
1 2 8 2 20 2 159
1 2 8 2 9 13 9
1 2 8 1 15 8 62
1 2 8 1 4 19 1
1 2 8 0 21 3 100
1 2 8 0 10 14 4
1 2 7 23 2 0 68
1 2 7 21 3 1 85
1 2 7 19 4 2 20
1 2 7 17 5 3 48
1 2 7 16 0 9 115
1 2 7 15 6 4 134
1 2 7 14 1 10 13
1 2 7 13 7 5 196
1 2 7 12 13 0 152
1 2 7 12 2 11 106
1 2 7 11 8 6 137
1 2 7 10 14 1 99
1 2 7 10 3 12 83
1 2 7 9 9 7 91
1 2 7 8 15 2 158
1 2 7 8 4 13 18
1 2 7 7 10 8 188
1 2 7 6 16 3 78
1 2 7 6 5 14 112
1 2 7 5 11 9 25
1 2 7 5 0 20 144
1 2 7 4 17 4 35
1 2 7 4 6 15 20
1 2 7 3 12 10 143
1 2 7 2 18 5 88
1 2 7 2 7 16 93
1 2 7 1 24 0 42
1 2 7 1 13 11 89
1 2 7 1 2 22 35
1 2 7 0 19 6 172
1 2 7 0 8 17 72
1 2 6 23 0 3 173
1 2 6 21 1 4 8
1 2 6 19 2 5 160
1 2 6 18 8 0 62
1 2 6 17 3 6 9
1 2 6 16 9 1 152
1 2 6 15 4 7 190
1 2 6 14 10 2 187
1 2 6 13 5 8 150
1 2 6 12 11 3 64
1 2 6 12 0 14 126
1 2 6 11 6 9 71
1 2 6 10 12 4 99
1 2 6 10 1 15 156
1 2 6 9 7 10 25
1 2 6 8 13 5 118
1 2 6 8 2 16 42
1 2 6 7 19 0 97
1 2 6 7 8 11 62
1 2 6 6 14 6 37
1 2 6 6 3 17 5
1 2 6 5 20 1 88
1 2 6 5 9 12 50
1 2 6 4 15 7 134
1 2 6 4 4 18 57
1 2 6 3 21 2 169
1 2 6 3 10 13 47
1 2 6 2 16 8 149
1 2 6 2 5 19 17
1 2 6 1 22 3 104
1 2 6 1 11 14 76
1 2 6 1 0 25 31
1 2 6 0 17 9 150
1 2 6 0 6 20 176
1 2 5 24 3 0 167
1 2 5 22 4 1 189
1 2 5 20 5 2 140
1 2 5 19 0 8 11
1 2 5 18 6 3 154
1 2 5 17 1 9 148
1 2 5 16 7 4 15
1 2 5 15 2 10 181
1 2 5 14 8 5 136
1 2 5 13 14 0 126
1 2 5 13 3 11 22
1 2 5 12 9 6 4
1 2 5 11 15 1 116
1 2 5 11 4 12 26
1 2 5 10 10 7 35
1 2 5 9 16 2 105
1 2 5 9 5 13 187
1 2 5 8 11 8 28
1 2 5 8 0 19 72
1 2 5 7 17 3 13
1 2 5 7 6 14 113
1 2 5 6 12 9 140
1 2 5 6 1 20 49
1 2 5 5 18 4 165
1 2 5 5 7 15 93
1 2 5 4 13 10 13
1 2 5 4 2 21 114
1 2 5 3 19 5 94
1 2 5 3 8 16 157
1 2 5 2 25 0 63
1 2 5 2 14 11 45
1 2 5 2 3 22 35
1 2 5 1 20 6 185
1 2 5 1 9 17 177
1 2 5 0 26 1 75
1 2 5 0 15 12 160
1 2 5 0 4 23 175
1 2 4 26 0 2 158
1 2 4 24 1 3 30
1 2 4 22 2 4 85
1 2 4 20 3 5 147
1 2 4 19 9 0 129
1 2 4 18 4 6 142
1 2 4 17 10 1 42
1 2 4 16 5 7 31
1 2 4 15 11 2 16
1 2 4 15 0 13 23
1 2 4 14 6 8 45
1 2 4 13 12 3 149
1 2 4 13 1 14 9
1 2 4 12 7 9 134
1 2 4 11 13 4 176
1 2 4 11 2 15 126
1 2 4 10 8 10 136
1 2 4 9 14 5 6
1 2 4 9 3 16 140
1 2 4 8 20 0 82
1 2 4 8 9 11 34
1 2 4 7 15 6 72
1 2 4 7 4 17 120
1 2 4 6 21 1 153
1 2 4 6 10 12 187
1 2 4 5 16 7 70
1 2 4 5 5 18 46
1 2 4 4 22 2 112
1 2 4 4 11 13 36
1 2 4 4 0 24 11
1 2 4 3 17 8 60
1 2 4 3 6 19 42
1 2 4 2 23 3 63
1 2 4 2 12 14 153
1 2 4 2 1 25 83
1 2 4 1 18 9 165
1 2 4 1 7 20 9
1 2 4 0 24 4 24
1 2 4 0 13 15 105
1 2 4 0 2 26 116
1 2 3 25 4 0 82
1 2 3 23 5 1 2
1 2 3 22 0 7 164
1 2 3 21 6 2 188
1 2 3 20 1 8 34
1 2 3 19 7 3 57
1 2 3 18 2 9 54
1 2 3 17 8 4 112
1 2 3 16 3 10 151
1 2 3 15 9 5 87
1 2 3 14 15 0 170
1 2 3 14 4 11 113
1 2 3 13 10 6 129
1 2 3 12 16 1 166
1 2 3 12 5 12 191
1 2 3 11 11 7 63
1 2 3 11 0 18 18
1 2 3 10 17 2 136
1 2 3 10 6 13 95
1 2 3 9 12 8 14
1 2 3 9 1 19 99
1 2 3 8 18 3 174
1 2 3 8 7 14 114
1 2 3 7 13 9 34
1 2 3 7 2 20 151
1 2 3 6 19 4 32
1 2 3 6 8 15 83
1 2 3 5 14 10 47
1 2 3 5 3 21 149
1 2 3 4 20 5 86
1 2 3 4 9 16 68
1 2 3 3 26 0 185
1 2 3 3 15 11 154
1 2 3 3 4 22 8
1 2 3 2 21 6 133
1 2 3 2 10 17 8
1 2 3 1 27 1 161
1 2 3 1 16 12 63
1 2 3 1 5 23 188
1 2 3 0 22 7 182
1 2 3 0 11 18 58
1 2 3 0 0 29 114
1 2 2 29 0 1 26
1 2 2 27 1 2 58
1 2 2 25 2 3 41
1 2 2 23 3 4 140
1 2 2 21 4 5 79
1 2 2 20 10 0 124
1 2 2 19 5 6 105
1 2 2 18 11 1 111
1 2 2 18 0 12 65
1 2 2 17 6 7 32
1 2 2 16 12 2 188
1 2 2 16 1 13 84
1 2 2 15 7 8 65
1 2 2 14 13 3 41
1 2 2 14 2 14 1
1 2 2 13 8 9 138
1 2 2 12 14 4 129
1 2 2 12 3 15 75
1 2 2 11 9 10 148
1 2 2 10 15 5 103
1 2 2 10 4 16 177
1 2 2 9 21 0 101
1 2 2 9 10 11 192
1 2 2 8 16 6 154
1 2 2 8 5 17 29
1 2 2 7 22 1 151
1 2 2 7 11 12 75
1 2 2 7 0 23 99
1 2 2 6 17 7 179
1 2 2 6 6 18 75
1 2 2 5 23 2 37
1 2 2 5 12 13 191
1 2 2 5 1 24 176
1 2 2 4 18 8 71
1 2 2 4 7 19 23
1 2 2 3 24 3 100
1 2 2 3 13 14 137
1 2 2 3 2 25 118
1 2 2 2 19 9 107
1 2 2 2 8 20 90
1 2 2 1 25 4 90
1 2 2 1 14 15 107
1 2 2 1 3 26 141
1 2 2 0 20 10 162
1 2 2 0 9 21 189
1 2 1 26 5 0 70
1 2 1 25 0 6 176
1 2 1 24 6 1 186
1 2 1 23 1 7 10
1 2 1 22 7 2 147
1 2 1 21 2 8 135
1 2 1 20 8 3 131
1 2 1 19 3 9 51
1 2 1 18 9 4 10
1 2 1 17 4 10 48
1 2 1 16 10 5 137
1 2 1 15 16 0 105
1 2 1 15 5 11 159
1 2 1 14 11 6 158
1 2 1 14 0 17 100
1 2 1 13 17 1 8
1 2 1 13 6 12 32
1 2 1 12 12 7 135
1 2 1 12 1 18 43
1 2 1 11 18 2 6
1 2 1 11 7 13 3
1 2 1 10 13 8 97
1 2 1 10 2 19 107
1 2 1 9 19 3 31
1 2 1 9 8 14 173
1 2 1 8 14 9 185
1 2 1 8 3 20 33
1 2 1 7 20 4 80
1 2 1 7 9 15 53
1 2 1 6 15 10 16
1 2 1 6 4 21 132
1 2 1 5 21 5 11
1 2 1 5 10 16 44
1 2 1 4 27 0 102
1 2 1 4 16 11 116
1 2 1 4 5 22 149
1 2 1 3 22 6 95
1 2 1 3 11 17 87
1 2 1 3 0 28 67
1 2 1 2 28 1 61
1 2 1 2 17 12 36
1 2 1 2 6 23 98
1 2 1 1 23 7 109
1 2 1 1 12 18 146
1 2 1 1 1 29 28
1 2 1 0 29 2 168
1 2 1 0 18 13 168
1 2 1 0 7 24 162
1 2 0 32 0 0 192
1 2 0 30 1 1 179
1 2 0 28 2 2 44
1 2 0 26 3 3 81
1 2 0 24 4 4 58
1 2 0 22 5 5 172
1 2 0 21 11 0 161
1 2 0 21 0 11 175
1 2 0 20 6 6 150
1 2 0 19 12 1 173
1 2 0 19 1 12 83
1 2 0 18 7 7 76
1 2 0 17 13 2 148
1 2 0 17 2 13 16
1 2 0 16 8 8 121
1 2 0 15 14 3 101
1 2 0 15 3 14 114
1 2 0 14 9 9 81
1 2 0 13 15 4 87
1 2 0 13 4 15 152
1 2 0 12 10 10 22
1 2 0 11 16 5 36
1 2 0 11 5 16 65
1 2 0 10 22 0 189
1 2 0 10 11 11 7
1 2 0 10 0 22 127
1 2 0 9 17 6 38
1 2 0 9 6 17 187
1 2 0 8 23 1 67
1 2 0 8 12 12 21
1 2 0 8 1 23 15
1 2 0 7 18 7 56
1 2 0 7 7 18 147
1 2 0 6 24 2 32
1 2 0 6 13 13 50
1 2 0 6 2 24 168
1 2 0 5 19 8 19
1 2 0 5 8 19 38
1 2 0 4 25 3 34
1 2 0 4 14 14 85
1 2 0 4 3 25 155
1 2 0 3 20 9 111
1 2 0 3 9 20 149
1 2 0 2 26 4 9
1 2 0 2 15 15 12
1 2 0 2 4 26 182
1 2 0 1 21 10 173
1 2 0 1 10 21 177
1 2 0 0 27 5 197
1 2 0 0 16 16 115
1 2 0 0 5 27 54
1 1 30 2 0 1 138
1 1 30 0 1 2 141
1 1 28 5 0 0 172
1 1 28 3 1 1 160
1 1 28 1 2 2 73
1 1 27 1 0 5 77
1 1 27 0 6 0 40
1 1 26 6 1 0 130
1 1 26 4 2 1 162
1 1 26 2 3 2 36
1 1 26 0 4 3 106
1 1 25 4 0 4 75
1 1 25 2 1 5 56
1 1 25 1 7 0 178
1 1 25 0 2 6 16
1 1 24 7 2 0 191
1 1 24 5 3 1 49
1 1 24 3 4 2 128
1 1 24 1 5 3 48
1 1 24 0 0 9 119
1 1 23 7 0 3 95
1 1 23 5 1 4 104
1 1 23 3 2 5 91
1 1 23 2 8 0 42
1 1 23 1 3 6 186
1 1 23 0 9 1 91
1 1 22 8 3 0 136
1 1 22 6 4 1 6
1 1 22 4 5 2 25
1 1 22 3 0 8 99
1 1 22 2 6 3 195
1 1 22 1 1 9 161
1 1 22 0 7 4 68
1 1 21 10 0 2 92
1 1 21 8 1 3 3
1 1 21 6 2 4 190
1 1 21 4 3 5 96
1 1 21 3 9 0 120
1 1 21 2 4 6 33
1 1 21 1 10 1 35
1 1 21 0 5 7 97
1 1 20 9 4 0 178
1 1 20 7 5 1 98
1 1 20 6 0 7 159
1 1 20 5 6 2 139
1 1 20 4 1 8 44
1 1 20 3 7 3 176
1 1 20 2 2 9 155
1 1 20 1 8 4 151
1 1 20 0 3 10 196
1 1 19 13 0 1 110
1 1 19 11 1 2 60
1 1 19 9 2 3 109
1 1 19 7 3 4 196
1 1 19 5 4 5 196
1 1 19 4 10 0 20
1 1 19 3 5 6 29
1 1 19 2 11 1 74
1 1 19 2 0 12 55
1 1 19 1 6 7 134
1 1 19 0 12 2 18
1 1 19 0 1 13 198
1 1 18 10 5 0 16
1 1 18 9 0 6 26
1 1 18 8 6 1 29
1 1 18 7 1 7 195
1 1 18 6 7 2 174
1 1 18 5 2 8 128
1 1 18 4 8 3 189
1 1 18 3 3 9 149
1 1 18 2 9 4 51
1 1 18 1 4 10 42
1 1 18 0 10 5 164
1 1 17 16 0 0 120
1 1 17 14 1 1 89
1 1 17 12 2 2 76
1 1 17 10 3 3 63
1 1 17 8 4 4 155
1 1 17 6 5 5 52
1 1 17 5 11 0 45
1 1 17 5 0 11 52
1 1 17 4 6 6 85
1 1 17 3 12 1 3
1 1 17 3 1 12 184
1 1 17 2 7 7 19
1 1 17 1 13 2 172
1 1 17 1 2 13 12
1 1 17 0 8 8 17
1 1 16 12 0 5 52
1 1 16 11 6 0 68
1 1 16 10 1 6 116
1 1 16 9 7 1 67
1 1 16 8 2 7 175
1 1 16 7 8 2 175
1 1 16 6 3 8 135
1 1 16 5 9 3 177
1 1 16 4 4 9 101
1 1 16 3 10 4 6
1 1 16 2 5 10 136
1 1 16 1 11 5 154
1 1 16 1 0 16 76
1 1 16 0 17 0 80
1 1 16 0 6 11 58
1 1 15 17 1 0 198
1 1 15 15 2 1 61
1 1 15 13 3 2 192
1 1 15 11 4 3 35
1 1 15 9 5 4 112
1 1 15 8 0 10 86
1 1 15 7 6 5 112
1 1 15 6 12 0 148
1 1 15 6 1 11 30
1 1 15 5 7 6 189
1 1 15 4 13 1 54
1 1 15 4 2 12 82
1 1 15 3 8 7 24
1 1 15 2 14 2 7
1 1 15 2 3 13 27
1 1 15 1 9 8 38
1 1 15 0 15 3 176
1 1 15 0 4 14 98
1 1 14 15 0 4 111
1 1 14 13 1 5 16
1 1 14 12 7 0 29
1 1 14 11 2 6 141
1 1 14 10 8 1 73
1 1 14 9 3 7 87
1 1 14 8 9 2 14
1 1 14 7 4 8 71
1 1 14 6 10 3 56
1 1 14 5 5 9 162
1 1 14 4 11 4 143
1 1 14 4 0 15 73
1 1 14 3 6 10 30
1 1 14 2 12 5 19
1 1 14 2 1 16 147
1 1 14 1 18 0 119
1 1 14 1 7 11 137
1 1 14 0 13 6 115
1 1 14 0 2 17 130
1 1 13 18 2 0 151
1 1 13 16 3 1 51
1 1 13 14 4 2 13
1 1 13 12 5 3 157
1 1 13 11 0 9 80
1 1 13 10 6 4 171
1 1 13 9 1 10 90
1 1 13 8 7 5 98
1 1 13 7 13 0 23
1 1 13 7 2 11 155
1 1 13 6 8 6 25
1 1 13 5 14 1 118
1 1 13 5 3 12 74
1 1 13 4 9 7 46
1 1 13 3 15 2 139
1 1 13 3 4 13 54
1 1 13 2 10 8 115
1 1 13 1 16 3 179
1 1 13 1 5 14 145
1 1 13 0 11 9 163
1 1 13 0 0 20 8
1 1 12 18 0 3 187
1 1 12 16 1 4 45
1 1 12 14 2 5 71
1 1 12 13 8 0 11
1 1 12 12 3 6 111
1 1 12 11 9 1 13
1 1 12 10 4 7 164
1 1 12 9 10 2 105
1 1 12 8 5 8 131
1 1 12 7 11 3 179
1 1 12 7 0 14 144
1 1 12 6 6 9 167
1 1 12 5 12 4 166
1 1 12 5 1 15 86
1 1 12 4 7 10 50
1 1 12 3 13 5 99
1 1 12 3 2 16 35
1 1 12 2 19 0 80
1 1 12 2 8 11 159
1 1 12 1 14 6 15
1 1 12 1 3 17 112
1 1 12 0 20 1 143
1 1 12 0 9 12 154
1 1 11 19 3 0 96
1 1 11 17 4 1 164
1 1 11 15 5 2 3
1 1 11 14 0 8 13
1 1 11 13 6 3 113
1 1 11 12 1 9 19
1 1 11 11 7 4 43
1 1 11 10 2 10 139
1 1 11 9 8 5 18
1 1 11 8 14 0 171
1 1 11 8 3 11 165
1 1 11 7 9 6 125
1 1 11 6 15 1 16
1 1 11 6 4 12 121
1 1 11 5 10 7 171
1 1 11 4 16 2 56
1 1 11 4 5 13 40
1 1 11 3 11 8 24
1 1 11 3 0 19 121
1 1 11 2 17 3 163
1 1 11 2 6 14 19
1 1 11 1 12 9 91
1 1 11 1 1 20 34
1 1 11 0 18 4 96
1 1 11 0 7 15 123
1 1 10 21 0 2 156
1 1 10 19 1 3 39
1 1 10 17 2 4 122
1 1 10 15 3 5 128
1 1 10 14 9 0 3
1 1 10 13 4 6 198
1 1 10 12 10 1 186
1 1 10 11 5 7 97
1 1 10 10 11 2 117
1 1 10 10 0 13 121
1 1 10 9 6 8 184
1 1 10 8 12 3 120
1 1 10 8 1 14 63
1 1 10 7 7 9 144
1 1 10 6 13 4 135
1 1 10 6 2 15 100
1 1 10 5 8 10 100
1 1 10 4 14 5 186
1 1 10 4 3 16 153
1 1 10 3 20 0 166
1 1 10 3 9 11 166
1 1 10 2 15 6 192
1 1 10 2 4 17 178
1 1 10 1 21 1 9
1 1 10 1 10 12 13
1 1 10 0 16 7 186
1 1 10 0 5 18 30
1 1 9 20 4 0 180
1 1 9 18 5 1 196
1 1 9 17 0 7 176
1 1 9 16 6 2 48
1 1 9 15 1 8 185
1 1 9 14 7 3 11
1 1 9 13 2 9 196
1 1 9 12 8 4 149
1 1 9 11 3 10 21
1 1 9 10 9 5 16
1 1 9 9 15 0 87
1 1 9 9 4 11 196
1 1 9 8 10 6 160
1 1 9 7 16 1 127
1 1 9 7 5 12 33
1 1 9 6 11 7 95
1 1 9 6 0 18 196
1 1 9 5 17 2 42
1 1 9 5 6 13 13
1 1 9 4 12 8 128
1 1 9 4 1 19 21
1 1 9 3 18 3 25
1 1 9 3 7 14 162
1 1 9 2 13 9 178
1 1 9 2 2 20 116
1 1 9 1 19 4 152
1 1 9 1 8 15 141
1 1 9 0 14 10 72
1 1 9 0 3 21 120
1 1 8 24 0 1 52
1 1 8 22 1 2 69
1 1 8 20 2 3 37
1 1 8 18 3 4 30
1 1 8 16 4 5 60
1 1 8 15 10 0 148
1 1 8 14 5 6 133
1 1 8 13 11 1 151
1 1 8 13 0 12 159
1 1 8 12 6 7 166
1 1 8 11 12 2 123
1 1 8 11 1 13 1
1 1 8 10 7 8 110
1 1 8 9 13 3 135
1 1 8 9 2 14 66
1 1 8 8 8 9 43
1 1 8 7 14 4 47
1 1 8 7 3 15 186
1 1 8 5 15 5 197
1 1 8 5 4 16 88
1 1 8 4 21 0 88
1 1 8 4 10 11 166
1 1 8 3 16 6 96
1 1 8 3 5 17 1
1 1 8 2 22 1 89
1 1 8 2 11 12 163
1 1 8 2 0 23 186
1 1 8 1 17 7 171
1 1 8 1 6 18 125
1 1 8 0 23 2 54
1 1 8 0 12 13 45
1 1 8 0 1 24 15
1 1 7 21 5 0 25
1 1 7 20 0 6 61
1 1 7 19 6 1 119
1 1 7 18 1 7 104
1 1 7 17 7 2 38
1 1 7 16 2 8 93
1 1 7 15 8 3 96
1 1 7 14 3 9 51
1 1 7 13 9 4 141
1 1 7 12 4 10 77
1 1 7 11 10 5 81
1 1 7 10 16 0 174
1 1 7 10 5 11 82
1 1 7 9 11 6 53
1 1 7 9 0 17 47
1 1 7 8 17 1 148
1 1 7 8 6 12 73
1 1 7 7 12 7 29
1 1 7 7 1 18 105
1 1 7 6 18 2 45
1 1 7 6 7 13 109
1 1 7 5 13 8 119
1 1 7 5 2 19 63
1 1 7 4 19 3 103
1 1 7 4 8 14 136
1 1 7 3 14 9 113
1 1 7 3 3 20 178
1 1 7 2 20 4 103
1 1 7 2 9 15 136
1 1 7 1 15 10 54
1 1 7 1 4 21 83
1 1 7 0 21 5 105
1 1 7 0 10 16 168
1 1 6 27 0 0 9
1 1 6 25 1 1 30
1 1 6 23 2 2 49
1 1 6 21 3 3 28
1 1 6 19 4 4 31
1 1 6 17 5 5 39
1 1 6 16 11 0 68
1 1 6 16 0 11 10
1 1 6 15 6 6 132
1 1 6 14 12 1 181
1 1 6 14 1 12 180
1 1 6 13 7 7 139
1 1 6 12 13 2 71
1 1 6 12 2 13 2
1 1 6 11 8 8 161
1 1 6 10 14 3 192
1 1 6 10 3 14 192
1 1 6 9 9 9 1
1 1 6 8 15 4 52
1 1 6 8 4 15 145
1 1 6 7 10 10 164
1 1 6 6 16 5 100
1 1 6 6 5 16 129
1 1 6 5 22 0 79
1 1 6 5 11 11 34
1 1 6 5 0 22 26
1 1 6 4 17 6 75
1 1 6 4 6 17 96
1 1 6 3 23 1 54
1 1 6 3 12 12 155
1 1 6 3 1 23 56
1 1 6 2 18 7 194
1 1 6 2 7 18 22
1 1 6 1 24 2 187
1 1 6 1 13 13 182
1 1 6 1 2 24 28
1 1 6 0 19 8 39
1 1 6 0 8 19 150
1 1 5 23 0 5 46
1 1 5 22 6 0 137
1 1 5 21 1 6 173
1 1 5 20 7 1 11
1 1 5 19 2 7 183
1 1 5 18 8 2 35
1 1 5 17 3 8 11
1 1 5 16 9 3 88
1 1 5 15 4 9 115
1 1 5 14 10 4 109
1 1 5 13 5 10 111
1 1 5 12 11 5 13
1 1 5 12 0 16 198
1 1 5 11 17 0 95
1 1 5 11 6 11 95
1 1 5 10 12 6 64
1 1 5 10 1 17 19
1 1 5 9 18 1 144
1 1 5 9 7 12 139
1 1 5 8 13 7 66
1 1 5 8 2 18 35
1 1 5 7 19 2 45
1 1 5 7 8 13 172
1 1 5 6 14 8 32
1 1 5 6 3 19 154
1 1 5 5 20 3 20
1 1 5 5 9 14 24
1 1 5 4 15 9 77
1 1 5 4 4 20 51
1 1 5 3 21 4 50
1 1 5 3 10 15 137
1 1 5 2 16 10 22
1 1 5 2 5 21 29
1 1 5 1 22 5 81
1 1 5 1 11 16 134
1 1 5 0 28 0 75
1 1 5 0 17 11 98
1 1 5 0 6 22 132
1 1 4 28 1 0 25
1 1 4 26 2 1 195
1 1 4 24 3 2 101
1 1 4 22 4 3 127
1 1 4 20 5 4 153
1 1 4 19 0 10 22
1 1 4 18 6 5 66
1 1 4 17 12 0 147
1 1 4 17 1 11 23
1 1 4 16 7 6 110
1 1 4 15 13 1 169
1 1 4 15 2 12 168
1 1 4 14 8 7 50
1 1 4 13 14 2 3
1 1 4 13 3 13 46
1 1 4 12 9 8 76
1 1 4 11 15 3 17
1 1 4 11 4 14 176
1 1 4 10 10 9 168
1 1 4 9 16 4 27
1 1 4 9 5 15 128
1 1 4 8 11 10 105
1 1 4 8 0 21 53
1 1 4 7 17 5 98
1 1 4 7 6 16 144
1 1 4 6 23 0 195
1 1 4 6 12 11 158
1 1 4 6 1 22 115
1 1 4 5 18 6 181
1 1 4 5 7 17 158
1 1 4 4 24 1 162
1 1 4 4 13 12 73
1 1 4 4 2 23 45
1 1 4 3 19 7 108
1 1 4 3 8 18 57
1 1 4 2 25 2 196
1 1 4 2 14 13 84
1 1 4 2 3 24 91
1 1 4 1 20 8 38
1 1 4 1 9 19 10
1 1 4 0 26 3 167
1 1 4 0 15 14 70
1 1 4 0 4 25 58
1 1 3 26 0 4 170
1 1 3 24 1 5 20
1 1 3 23 7 0 12
1 1 3 22 2 6 57
1 1 3 21 8 1 52
1 1 3 20 3 7 186
1 1 3 19 9 2 130
1 1 3 18 4 8 174
1 1 3 17 10 3 155
1 1 3 16 5 9 40
1 1 3 15 11 4 4
1 1 3 15 0 15 171
1 1 3 14 6 10 52
1 1 3 13 12 5 23
1 1 3 13 1 16 70
1 1 3 12 18 0 132
1 1 3 12 7 11 113
1 1 3 11 13 6 49
1 1 3 11 2 17 115
1 1 3 10 19 1 13
1 1 3 10 8 12 31
1 1 3 9 14 7 86
1 1 3 9 3 18 133
1 1 3 8 20 2 9
1 1 3 8 9 13 93
1 1 3 7 15 8 130
1 1 3 7 4 19 154
1 1 3 6 21 3 23
1 1 3 6 10 14 40
1 1 3 5 16 9 181
1 1 3 5 5 20 27
1 1 3 4 22 4 11
1 1 3 4 11 15 119
1 1 3 4 0 26 43
1 1 3 3 17 10 72
1 1 3 3 6 21 89
1 1 3 2 23 5 18
1 1 3 2 12 16 189
1 1 3 2 1 27 84
1 1 3 1 29 0 108
1 1 3 1 18 11 30
1 1 3 1 7 22 164
1 1 3 0 24 6 148
1 1 3 0 13 17 45
1 1 3 0 2 28 178
1 1 2 29 2 0 54
1 1 2 27 3 1 195
1 1 2 25 4 2 59
1 1 2 23 5 3 162
1 1 2 22 0 9 110
1 1 2 21 6 4 190
1 1 2 20 1 10 172
1 1 2 19 7 5 93
1 1 2 18 13 0 40
1 1 2 18 2 11 21
1 1 2 17 8 6 113
1 1 2 16 14 1 72
1 1 2 16 3 12 107
1 1 2 15 9 7 162
1 1 2 14 15 2 39
1 1 2 14 4 13 146
1 1 2 13 10 8 131
1 1 2 12 16 3 177
1 1 2 12 5 14 154
1 1 2 11 11 9 60
1 1 2 11 0 20 175
1 1 2 10 17 4 94
1 1 2 10 6 15 12
1 1 2 9 12 10 132
1 1 2 9 1 21 109
1 1 2 8 18 5 68
1 1 2 8 7 16 51
1 1 2 7 24 0 17
1 1 2 7 13 11 22
1 1 2 7 2 22 70
1 1 2 6 19 6 141
1 1 2 6 8 17 164
1 1 2 5 25 1 52
1 1 2 5 14 12 76
1 1 2 5 3 23 103
1 1 2 4 9 18 131
1 1 2 3 26 2 47
1 1 2 3 15 13 24
1 1 2 3 4 24 79
1 1 2 2 21 8 14
1 1 2 2 10 19 170
1 1 2 1 27 3 110
1 1 2 1 16 14 189
1 1 2 1 5 25 167
1 1 2 0 22 9 100
1 1 2 0 11 20 104
1 1 2 0 0 31 30
1 1 1 29 0 3 108
1 1 1 27 1 4 185
1 1 1 25 2 5 61
1 1 1 24 8 0 9
1 1 1 23 3 6 175
1 1 1 22 9 1 75
1 1 1 21 4 7 86
1 1 1 20 10 2 58
1 1 1 19 5 8 35
1 1 1 18 11 3 174
1 1 1 18 0 14 178
1 1 1 17 6 9 123
1 1 1 16 12 4 149
1 1 1 16 1 15 131
1 1 1 15 7 10 154
1 1 1 14 13 5 98
1 1 1 14 2 16 116
1 1 1 13 19 0 52
1 1 1 13 8 11 19
1 1 1 12 14 6 170
1 1 1 12 3 17 76
1 1 1 11 20 1 68
1 1 1 11 9 12 48
1 1 1 10 15 7 151
1 1 1 10 4 18 139
1 1 1 9 21 2 115
1 1 1 9 10 13 109
1 1 1 8 16 8 18
1 1 1 8 5 19 90
1 1 1 7 22 3 152
1 1 1 7 11 14 57
1 1 1 7 0 25 8
1 1 1 6 17 9 134
1 1 1 6 6 20 191
1 1 1 5 23 4 161
1 1 1 5 12 15 63
1 1 1 5 1 26 128
1 1 1 4 18 10 62
1 1 1 4 7 21 14
1 1 1 3 24 5 194
1 1 1 3 13 16 42
1 1 1 3 2 27 20
1 1 1 2 30 0 122
1 1 1 2 19 11 145
1 1 1 2 8 22 104
1 1 1 1 25 6 126
1 1 1 1 14 17 196
1 1 1 1 3 28 30
1 1 1 0 31 1 107
1 1 1 0 20 12 137
1 1 1 0 9 23 14
1 1 0 30 3 0 5
1 1 0 28 4 1 194
1 1 0 26 5 2 64
1 1 0 25 0 8 117
1 1 0 24 6 3 42
1 1 0 23 1 9 150
1 1 0 22 7 4 155
1 1 0 21 2 10 12
1 1 0 20 8 5 89
1 1 0 19 14 0 86
1 1 0 19 3 11 93
1 1 0 18 9 6 90
1 1 0 17 15 1 11
1 1 0 17 4 12 66
1 1 0 16 10 7 181
1 1 0 15 16 2 120
1 1 0 15 5 13 14
1 1 0 14 11 8 100
1 1 0 14 0 19 156
1 1 0 13 17 3 173
1 1 0 13 6 14 65
1 1 0 12 12 9 28
1 1 0 12 1 20 93
1 1 0 11 18 4 126
1 1 0 11 7 15 136
1 1 0 10 13 10 174
1 1 0 10 2 21 58
1 1 0 9 19 5 15
1 1 0 9 8 16 59
1 1 0 8 25 0 42
1 1 0 8 14 11 180
1 1 0 8 3 22 38
1 1 0 7 20 6 12
1 1 0 7 9 17 97
1 1 0 6 26 1 154
1 1 0 6 15 12 26
1 1 0 6 4 23 155
1 1 0 5 21 7 58
1 1 0 5 10 18 36
1 1 0 4 27 2 186
1 1 0 4 16 13 54
1 1 0 4 5 24 82
1 1 0 3 22 8 90
1 1 0 3 11 19 68
1 1 0 3 0 30 70
1 1 0 2 28 3 25
1 1 0 2 17 14 182
1 1 0 2 6 25 68
1 1 0 1 23 9 149
1 1 0 1 12 20 49
1 1 0 1 1 31 69
1 1 0 0 29 4 69
1 1 0 0 18 15 58
1 1 0 0 7 26 158
1 0 34 0 0 0 156
1 0 32 1 1 0 106
1 0 30 2 2 0 24
1 0 30 0 3 1 87
1 0 29 2 0 3 37
1 0 29 0 1 4 196
1 0 28 3 3 0 22
1 0 28 1 4 1 15
1 0 27 5 0 2 108
1 0 27 3 1 3 52
1 0 27 1 2 4 3
1 0 26 4 4 0 63
1 0 26 2 5 1 48
1 0 26 1 0 7 19
1 0 26 0 6 2 63
1 0 25 6 1 2 89
1 0 25 4 2 3 64
1 0 25 2 3 4 152
1 0 25 0 4 5 81
1 0 24 5 5 0 56
1 0 24 4 0 6 193
1 0 24 3 6 1 51
1 0 24 2 1 7 118
1 0 24 1 7 2 135
1 0 24 0 2 8 50
1 0 23 11 0 0 89
1 0 23 9 1 1 179
1 0 23 7 2 2 182
1 0 23 5 3 3 38
1 0 23 3 4 4 161
1 0 23 1 5 5 85
1 0 23 0 11 0 170
1 0 23 0 0 11 122
1 0 22 7 0 5 98
1 0 22 6 6 0 176
1 0 22 5 1 6 37
1 0 22 4 7 1 113
1 0 22 3 2 7 2
1 0 22 2 8 2 43
1 0 22 1 3 8 153
1 0 22 0 9 3 111
1 0 21 12 1 0 5
1 0 21 10 2 1 124
1 0 21 8 3 2 150
1 0 21 6 4 3 115
1 0 21 4 5 4 110
1 0 21 3 0 10 177
1 0 21 2 6 5 82
1 0 21 1 12 0 21
1 0 21 1 1 11 189
1 0 21 0 7 6 21
1 0 20 10 0 4 195
1 0 20 8 1 5 33
1 0 20 7 7 0 104
1 0 20 6 2 6 36
1 0 20 5 8 1 133
1 0 20 4 3 7 152
1 0 20 3 9 2 66
1 0 20 2 4 8 3
1 0 20 1 10 3 81
1 0 20 0 5 9 138
1 0 19 13 2 0 176
1 0 19 11 3 1 129
1 0 19 9 4 2 135
1 0 19 7 5 3 144
1 0 19 6 0 9 96
1 0 19 5 6 4 193
1 0 19 4 1 10 13
1 0 19 3 7 5 142
1 0 19 2 13 0 161
1 0 19 2 2 11 163
1 0 19 1 8 6 47
1 0 19 0 14 1 115
1 0 19 0 3 12 14
1 0 18 13 0 3 100
1 0 18 11 1 4 4
1 0 18 9 2 5 89
1 0 18 8 8 0 17
1 0 18 7 3 6 37
1 0 18 6 9 1 117
1 0 18 5 4 7 111
1 0 18 4 10 2 91
1 0 18 3 5 8 64
1 0 18 2 11 3 174
1 0 18 2 0 14 34
1 0 18 1 6 9 152
1 0 18 0 12 4 98
1 0 18 0 1 15 22
1 0 17 14 3 0 58
1 0 17 12 4 1 42
1 0 17 10 5 2 60
1 0 17 9 0 8 90
1 0 17 8 6 3 139
1 0 17 7 1 9 13
1 0 17 6 7 4 84
1 0 17 5 2 10 175
1 0 17 4 8 5 12
1 0 17 3 14 0 188
1 0 17 3 3 11 164
1 0 17 2 9 6 163
1 0 17 1 15 1 21
1 0 17 1 4 12 151
1 0 17 0 10 7 96
1 0 16 16 0 2 196
1 0 16 14 1 3 95
1 0 16 12 2 4 16
1 0 16 10 3 5 190
1 0 16 9 9 0 111
1 0 16 8 4 6 104
1 0 16 7 10 1 155
1 0 16 6 5 7 198
1 0 16 5 11 2 140
1 0 16 5 0 13 29
1 0 16 4 6 8 19
1 0 16 3 12 3 103
1 0 16 3 1 14 139
1 0 16 2 7 9 123
1 0 16 1 13 4 102
1 0 16 1 2 15 127
1 0 16 0 8 10 37
1 0 15 15 4 0 83
1 0 15 13 5 1 141
1 0 15 12 0 7 48
1 0 15 11 6 2 107
1 0 15 10 1 8 44
1 0 15 9 7 3 92
1 0 15 8 2 9 167
1 0 15 7 8 4 118
1 0 15 6 3 10 117
1 0 15 5 9 5 183
1 0 15 4 15 0 110
1 0 15 4 4 11 40
1 0 15 3 10 6 162
1 0 15 2 16 1 77
1 0 15 2 5 12 113
1 0 15 1 11 7 2
1 0 15 1 0 18 4
1 0 15 0 17 2 194
1 0 15 0 6 13 192
1 0 14 19 0 1 88
1 0 14 17 1 2 67
1 0 14 15 2 3 12
1 0 14 13 3 4 128
1 0 14 11 4 5 136
1 0 14 10 10 0 35
1 0 14 9 5 6 140
1 0 14 8 11 1 71
1 0 14 8 0 12 27
1 0 14 7 6 7 178
1 0 14 6 12 2 112
1 0 14 6 1 13 71
1 0 14 5 7 8 100
1 0 14 4 13 3 8
1 0 14 4 2 14 124
1 0 14 3 8 9 196
1 0 14 2 14 4 19
1 0 14 2 3 15 144
1 0 14 1 9 10 13
1 0 14 0 15 5 160
1 0 14 0 4 16 122
1 0 13 16 5 0 24
1 0 13 15 0 6 83
1 0 13 14 6 1 161
1 0 13 13 1 7 81
1 0 13 12 7 2 153
1 0 13 11 2 8 180
1 0 13 10 8 3 106
1 0 13 9 3 9 19
1 0 13 8 9 4 75
1 0 13 7 4 10 190
1 0 13 6 10 5 66
1 0 13 5 16 0 60
1 0 13 5 5 11 190
1 0 13 4 11 6 50
1 0 13 4 0 17 165
1 0 13 3 17 1 14
1 0 13 3 6 12 39
1 0 13 2 12 7 64
1 0 13 2 1 18 17
1 0 13 1 18 2 126
1 0 13 1 7 13 172
1 0 13 0 13 8 138
1 0 13 0 2 19 17
1 0 12 22 0 0 112
1 0 12 20 1 1 17
1 0 12 18 2 2 66
1 0 12 16 3 3 90
1 0 12 14 4 4 192
1 0 12 12 5 5 145
1 0 12 11 11 0 67
1 0 12 11 0 11 189
1 0 12 10 6 6 4
1 0 12 9 12 1 192
1 0 12 9 1 12 164
1 0 12 8 7 7 180
1 0 12 7 13 2 63
1 0 12 7 2 13 33
1 0 12 6 8 8 166
1 0 12 5 14 3 190
1 0 12 5 3 14 154
1 0 12 4 9 9 49
1 0 12 3 15 4 30
1 0 12 3 4 15 183
1 0 12 2 10 10 56
1 0 12 1 16 5 123
1 0 12 1 5 16 105
1 0 12 0 22 0 117
1 0 12 0 11 11 30
1 0 12 0 0 22 11
1 0 11 18 0 5 163
1 0 11 17 6 0 83
1 0 11 16 1 6 12
1 0 11 15 7 1 2
1 0 11 14 2 7 37
1 0 11 13 8 2 170
1 0 11 12 3 8 74
1 0 11 11 9 3 85
1 0 11 10 4 9 153
1 0 11 9 10 4 63
1 0 11 8 5 10 60
1 0 11 7 11 5 12
1 0 11 7 0 16 47
1 0 11 6 17 0 64
1 0 11 6 6 11 126
1 0 11 5 12 6 16
1 0 11 5 1 17 123
1 0 11 4 18 1 196
1 0 11 4 7 12 36
1 0 11 3 13 7 44
1 0 11 3 2 18 141
1 0 11 2 19 2 66
1 0 11 2 8 13 9
1 0 11 1 14 8 102
1 0 11 1 3 19 147
1 0 11 0 20 3 83
1 0 11 0 9 14 174
1 0 10 23 1 0 100
1 0 10 21 2 1 39
1 0 10 19 3 2 169
1 0 10 17 4 3 93
1 0 10 15 5 4 163
1 0 10 14 0 10 181
1 0 10 13 6 5 28
1 0 10 12 12 0 100
1 0 10 12 1 11 85
1 0 10 11 7 6 167
1 0 10 10 13 1 93
1 0 10 10 2 12 122
1 0 10 9 8 7 134
1 0 10 8 14 2 18
1 0 10 8 3 13 49
1 0 10 7 9 8 77
1 0 10 6 15 3 34
1 0 10 6 4 14 157
1 0 10 5 10 9 96
1 0 10 4 16 4 75
1 0 10 4 5 15 21
1 0 10 3 11 10 21
1 0 10 3 0 21 92
1 0 10 2 17 5 120
1 0 10 2 6 16 138
1 0 10 1 23 0 161
1 0 10 1 12 11 136
1 0 10 1 1 22 132
1 0 10 0 18 6 44
1 0 10 0 7 17 70
1 0 9 21 0 4 107
1 0 9 19 1 5 101
1 0 9 18 7 0 7
1 0 9 17 2 6 164
1 0 9 16 8 1 143
1 0 9 15 3 7 40
1 0 9 14 9 2 113
1 0 9 13 4 8 105
1 0 9 12 10 3 75
1 0 9 11 5 9 101
1 0 9 10 11 4 24
1 0 9 10 0 15 37
1 0 9 9 6 10 48
1 0 9 8 12 5 131
1 0 9 8 1 16 16
1 0 9 7 18 0 163
1 0 9 7 7 11 117
1 0 9 6 13 6 106
1 0 9 6 2 17 19
1 0 9 5 19 1 166
1 0 9 5 8 12 168
1 0 9 4 14 7 127
1 0 9 4 3 18 134
1 0 9 3 20 2 13
1 0 9 3 9 13 84
1 0 9 2 15 8 7
1 0 9 2 4 19 20
1 0 9 1 21 3 145
1 0 9 1 10 14 98
1 0 9 0 16 9 91
1 0 9 0 5 20 15
1 0 8 24 2 0 107
1 0 8 22 3 1 54
1 0 8 20 4 2 50
1 0 8 18 5 3 16
1 0 8 17 0 9 35
1 0 8 16 6 4 134
1 0 8 15 1 10 83
1 0 8 14 7 5 66
1 0 8 13 13 0 187
1 0 8 13 2 11 172
1 0 8 12 8 6 45
1 0 8 11 14 1 130
1 0 8 11 3 12 12
1 0 8 10 9 7 13
1 0 8 9 15 2 62
1 0 8 9 4 13 35
1 0 8 8 10 8 119
1 0 8 7 16 3 81
1 0 8 7 5 14 134
1 0 8 6 11 9 99
1 0 8 6 0 20 187
1 0 8 5 17 4 176
1 0 8 5 6 15 90
1 0 8 4 12 10 23
1 0 8 4 1 21 120
1 0 8 3 18 5 146
1 0 8 3 7 16 183
1 0 8 2 24 0 171
1 0 8 2 13 11 70
1 0 8 2 2 22 13
1 0 8 1 19 6 27
1 0 8 1 8 17 163
1 0 8 0 25 1 105
1 0 8 0 14 12 5
1 0 8 0 3 23 184
1 0 7 24 0 3 37
1 0 7 22 1 4 11
1 0 7 20 2 5 149
1 0 7 19 8 0 118
1 0 7 18 3 6 129
1 0 7 17 9 1 56
1 0 7 16 4 7 78
1 0 7 15 10 2 8
1 0 7 14 5 8 118
1 0 7 13 11 3 160
1 0 7 13 0 14 119
1 0 7 12 6 9 57
1 0 7 11 12 4 193
1 0 7 11 1 15 5
1 0 7 10 7 10 32
1 0 7 9 13 5 70
1 0 7 9 2 16 136
1 0 7 8 19 0 172
1 0 7 8 8 11 102
1 0 7 7 14 6 78
1 0 7 7 3 17 159
1 0 7 6 20 1 138
1 0 7 6 9 12 73
1 0 7 5 15 7 166
1 0 7 5 4 18 15
1 0 7 4 21 2 18
1 0 7 4 10 13 147
1 0 7 3 16 8 19
1 0 7 3 5 19 159
1 0 7 2 22 3 15
1 0 7 2 11 14 95
1 0 7 2 0 25 88
1 0 7 1 17 9 65
1 0 7 1 6 20 102
1 0 7 0 23 4 48
1 0 7 0 12 15 95
1 0 7 0 1 26 1
1 0 6 25 3 0 171
1 0 6 23 4 1 127
1 0 6 21 5 2 149
1 0 6 20 0 8 62
1 0 6 19 6 3 178
1 0 6 18 1 9 107
1 0 6 17 7 4 182
1 0 6 16 2 10 55
1 0 6 15 8 5 141
1 0 6 14 14 0 81
1 0 6 14 3 11 130
1 0 6 13 9 6 146
1 0 6 12 15 1 164
1 0 6 12 4 12 70
1 0 6 11 10 7 147
1 0 6 10 16 2 52
1 0 6 10 5 13 96
1 0 6 9 11 8 156
1 0 6 9 0 19 74
1 0 6 8 17 3 155
1 0 6 8 6 14 131
1 0 6 7 12 9 67
1 0 6 7 1 20 197
1 0 6 6 18 4 24
1 0 6 6 7 15 141
1 0 6 5 13 10 65
1 0 6 5 2 21 55
1 0 6 4 19 5 51
1 0 6 4 8 16 83
1 0 6 3 25 0 159
1 0 6 3 14 11 198
1 0 6 3 3 22 21
1 0 6 2 20 6 64
1 0 6 2 9 17 13
1 0 6 1 26 1 148
1 0 6 1 15 12 49
1 0 6 1 4 23 153
1 0 6 0 21 7 190
1 0 6 0 10 18 140
1 0 5 27 0 2 139
1 0 5 25 1 3 6
1 0 5 23 2 4 188
1 0 5 21 3 5 15
1 0 5 20 9 0 182
1 0 5 19 4 6 20
1 0 5 18 10 1 79
1 0 5 17 5 7 78
1 0 5 16 11 2 194
1 0 5 16 0 13 108
1 0 5 15 6 8 164
1 0 5 14 12 3 8
1 0 5 14 1 14 48
1 0 5 13 7 9 124
1 0 5 12 13 4 170
1 0 5 12 2 15 19
1 0 5 11 8 10 129
1 0 5 10 14 5 49
1 0 5 10 3 16 8
1 0 5 9 20 0 135
1 0 5 9 9 11 114
1 0 5 8 15 6 189
1 0 5 8 4 17 151
1 0 5 7 21 1 179
1 0 5 7 10 12 150
1 0 5 6 16 7 177
1 0 5 6 5 18 189
1 0 5 5 22 2 48
1 0 5 5 11 13 173
1 0 5 5 0 24 32
1 0 5 4 17 8 26
1 0 5 4 6 19 158
1 0 5 3 23 3 83
1 0 5 3 12 14 23
1 0 5 3 1 25 101
1 0 5 2 18 9 44
1 0 5 2 7 20 118
1 0 5 1 24 4 79
1 0 5 1 13 15 147
1 0 5 1 2 26 195
1 0 5 0 19 10 155
1 0 5 0 8 21 64
1 0 4 26 4 0 151
1 0 4 24 5 1 100
1 0 4 23 0 7 122
1 0 4 22 6 2 35
1 0 4 21 1 8 39
1 0 4 20 7 3 176
1 0 4 19 2 9 137
1 0 4 18 8 4 193
1 0 4 17 3 10 31
1 0 4 16 9 5 141
1 0 4 15 15 0 104
1 0 4 15 4 11 80
1 0 4 14 10 6 129
1 0 4 13 16 1 77
1 0 4 13 5 12 146
1 0 4 12 11 7 43
1 0 4 12 0 18 137
1 0 4 11 17 2 178
1 0 4 11 6 13 114
1 0 4 10 12 8 6
1 0 4 10 1 19 172
1 0 4 9 18 3 124
1 0 4 9 7 14 79
1 0 4 8 13 9 54
1 0 4 8 2 20 4
1 0 4 7 19 4 149
1 0 4 7 8 15 150
1 0 4 6 14 10 62
1 0 4 6 3 21 86
1 0 4 5 20 5 108
1 0 4 5 9 16 38
1 0 4 4 26 0 133
1 0 4 4 15 11 56
1 0 4 4 4 22 26
1 0 4 3 21 6 161
1 0 4 3 10 17 55
1 0 4 2 27 1 39
1 0 4 2 16 12 174
1 0 4 2 5 23 53
1 0 4 1 22 7 172
1 0 4 1 11 18 63
1 0 4 1 0 29 23
1 0 4 0 28 2 1
1 0 4 0 17 13 50
1 0 4 0 6 24 89
1 0 3 30 0 1 104
1 0 3 28 1 2 148
1 0 3 26 2 3 29
1 0 3 24 3 4 43
1 0 3 22 4 5 14
1 0 3 21 10 0 123
1 0 3 20 5 6 34
1 0 3 19 11 1 110
1 0 3 19 0 12 73
1 0 3 18 6 7 121
1 0 3 17 12 2 32
1 0 3 17 1 13 75
1 0 3 16 7 8 180
1 0 3 15 13 3 83
1 0 3 15 2 14 187
1 0 3 14 8 9 178
1 0 3 13 14 4 145
1 0 3 13 3 15 78
1 0 3 12 9 10 5
1 0 3 11 15 5 105
1 0 3 11 4 16 34
1 0 3 10 21 0 4
1 0 3 10 10 11 50
1 0 3 9 16 6 15
1 0 3 9 5 17 10
1 0 3 8 22 1 140
1 0 3 8 11 12 51
1 0 3 8 0 23 116
1 0 3 7 17 7 154
1 0 3 7 6 18 16
1 0 3 6 23 2 72
1 0 3 6 12 13 143
1 0 3 6 1 24 196
1 0 3 5 18 8 173
1 0 3 5 7 19 191
1 0 3 4 24 3 84
1 0 3 4 13 14 57
1 0 3 4 2 25 42
1 0 3 3 19 9 168
1 0 3 3 8 20 149
1 0 3 2 25 4 168
1 0 3 2 14 15 116
1 0 3 2 3 26 107
1 0 3 1 20 10 140
1 0 3 1 9 21 103
1 0 3 0 26 5 113
1 0 3 0 15 16 14
1 0 3 0 4 27 160
1 0 2 27 5 0 67
1 0 2 26 0 6 114
1 0 2 25 6 1 120
1 0 2 24 1 7 191
1 0 2 23 7 2 47
1 0 2 22 2 8 137
1 0 2 21 8 3 76
1 0 2 20 3 9 115
1 0 2 19 9 4 170
1 0 2 18 4 10 9
1 0 2 17 10 5 55
1 0 2 16 16 0 146
1 0 2 16 5 11 33
1 0 2 15 11 6 58
1 0 2 15 0 17 193
1 0 2 14 17 1 110
1 0 2 14 6 12 90
1 0 2 13 12 7 25
1 0 2 13 1 18 138
1 0 2 12 18 2 174
1 0 2 12 7 13 18
1 0 2 11 13 8 163
1 0 2 11 2 19 74
1 0 2 10 19 3 14
1 0 2 10 8 14 177
1 0 2 9 14 9 39
1 0 2 9 3 20 76
1 0 2 8 20 4 107
1 0 2 8 9 15 80
1 0 2 7 15 10 7
1 0 2 7 4 21 78
1 0 2 6 21 5 47
1 0 2 6 10 16 157
1 0 2 5 27 0 79
1 0 2 5 16 11 190
1 0 2 5 5 22 171
1 0 2 4 22 6 18
1 0 2 4 11 17 112
1 0 2 4 0 28 147
1 0 2 3 28 1 78
1 0 2 3 17 12 37
1 0 2 3 6 23 144
1 0 2 2 23 7 65
1 0 2 2 12 18 160
1 0 2 2 1 29 36
1 0 2 1 29 2 136
1 0 2 1 18 13 193
1 0 2 1 7 24 115
1 0 2 0 24 8 104
1 0 2 0 13 19 168
1 0 2 0 2 30 86
1 0 1 33 0 0 81
1 0 1 31 1 1 17
1 0 1 29 2 2 174
1 0 1 27 3 3 41
1 0 1 25 4 4 190
1 0 1 23 5 5 58
1 0 1 22 11 0 169
1 0 1 22 0 11 189
1 0 1 21 6 6 154
1 0 1 20 12 1 29
1 0 1 20 1 12 126
1 0 1 19 7 7 39
1 0 1 18 13 2 139
1 0 1 18 2 13 98
1 0 1 17 8 8 124
1 0 1 16 14 3 178
1 0 1 16 3 14 93
1 0 1 15 9 9 62
1 0 1 14 15 4 172
1 0 1 14 4 15 192
1 0 1 13 10 10 54
1 0 1 12 16 5 75
1 0 1 12 5 16 108
1 0 1 11 22 0 94
1 0 1 11 11 11 172
1 0 1 11 0 22 75
1 0 1 10 17 6 114
1 0 1 10 6 17 49
1 0 1 9 23 1 158
1 0 1 9 12 12 44
1 0 1 9 1 23 189
1 0 1 8 18 7 136
1 0 1 8 7 18 187
1 0 1 7 24 2 136
1 0 1 7 13 13 76
1 0 1 7 2 24 96
1 0 1 6 19 8 80
1 0 1 6 8 19 179
1 0 1 5 25 3 105
1 0 1 5 14 14 195
1 0 1 5 3 25 128
1 0 1 4 20 9 195
1 0 1 4 9 20 13
1 0 1 3 26 4 31
1 0 1 3 15 15 8
1 0 1 3 4 26 38
1 0 1 2 21 10 178
1 0 1 2 10 21 14
1 0 1 1 27 5 165
1 0 1 1 16 16 16
1 0 1 1 5 27 132
1 0 1 0 33 0 156
1 0 1 0 22 11 82
1 0 1 0 11 22 133
1 0 1 0 0 33 101
1 0 0 29 0 5 8
1 0 0 28 6 0 108
1 0 0 27 1 6 86
1 0 0 26 7 1 71
1 0 0 25 2 7 56
1 0 0 24 8 2 107
1 0 0 23 3 8 126
1 0 0 22 9 3 170
1 0 0 21 4 9 178
1 0 0 20 10 4 125
1 0 0 19 5 10 145
1 0 0 18 11 5 29
1 0 0 18 0 16 100
1 0 0 17 17 0 14
1 0 0 17 6 11 167
1 0 0 16 12 6 34
1 0 0 16 1 17 105
1 0 0 15 18 1 175
1 0 0 15 7 12 116
1 0 0 14 13 7 22
1 0 0 14 2 18 135
1 0 0 13 19 2 11
1 0 0 13 8 13 110
1 0 0 12 14 8 74
1 0 0 12 3 19 10
1 0 0 11 20 3 89
1 0 0 11 9 14 169
1 0 0 10 15 9 91
1 0 0 10 4 20 30
1 0 0 9 21 4 71
1 0 0 9 10 15 106
1 0 0 8 16 10 116
1 0 0 8 5 21 29
1 0 0 7 22 5 62
1 0 0 7 11 16 4
1 0 0 7 0 27 105
1 0 0 6 28 0 180
1 0 0 6 17 11 65
1 0 0 6 6 22 26
1 0 0 5 23 6 1
1 0 0 5 12 17 95
1 0 0 5 1 28 88
1 0 0 4 29 1 176
1 0 0 4 18 12 152
1 0 0 4 7 23 22
1 0 0 3 24 7 155
1 0 0 3 13 18 178
1 0 0 3 2 29 74
1 0 0 2 30 2 88
1 0 0 2 19 13 191
1 0 0 2 8 24 180
1 0 0 1 25 8 58
1 0 0 1 14 19 156
1 0 0 1 3 30 178
1 0 0 0 31 3 22
1 0 0 0 20 14 146
1 0 0 0 9 25 52
2 33 0 1 0 0 101
2 31 1 2 0 0 30
2 31 1 0 1 1 69
2 30 1 0 3 0 70
2 30 0 2 0 2 86
2 30 0 0 1 3 178
2 29 4 0 0 1 74
2 29 2 3 0 0 114
2 29 2 1 1 1 28
2 29 0 4 1 0 23
2 29 0 2 2 1 36
2 29 0 0 3 2 74
2 28 4 0 2 0 113
2 28 3 0 0 3 173
2 28 2 1 3 0 67
2 28 1 3 0 2 178
2 28 1 1 1 3 30
2 28 0 2 4 0 147
2 28 0 0 5 1 88
2 27 5 1 0 1 73
2 27 3 4 0 0 137
2 27 3 2 1 1 62
2 27 3 0 2 2 58
2 27 2 0 0 5 54
2 27 1 3 2 1 84
2 27 1 1 3 2 20
2 27 0 3 0 4 160
2 27 0 1 1 5 132
2 27 0 0 7 0 105
2 26 5 1 2 0 133
2 26 4 1 0 3 156
2 26 3 2 3 0 54
2 26 3 0 4 1 27
2 26 2 4 0 2 116
2 26 2 2 1 3 141
2 26 2 0 2 4 182
2 26 1 3 4 0 43
2 26 1 1 5 1 128
2 26 1 0 0 7 158
2 26 0 7 0 1 1
2 26 0 5 1 2 195
2 26 0 3 2 3 107
2 26 0 1 3 4 38
2 25 6 2 0 1 1
2 25 6 0 1 2 46
2 25 4 5 0 0 85
2 25 4 3 1 1 13
2 25 4 1 2 2 186
2 25 3 1 0 5 177
2 25 3 0 6 0 187
2 25 2 6 1 0 31
2 25 2 4 2 1 83
2 25 2 2 3 2 118
2 25 2 0 4 3 155
2 25 1 4 0 4 58
2 25 1 2 1 5 167
2 25 1 1 7 0 8
2 25 1 0 2 6 68
2 25 0 7 2 0 88
2 25 0 5 3 1 101
2 25 0 3 4 2 42
2 25 0 1 5 3 128
2 25 0 0 0 9 52
2 24 10 0 0 0 16
2 24 8 1 1 0 179
2 24 6 2 2 0 141
2 24 6 0 3 1 147
2 24 5 2 0 3 188
2 24 5 0 1 4 5
2 24 4 3 3 0 183
2 24 4 1 4 1 141
2 24 3 5 0 2 69
2 24 3 3 1 3 59
2 24 3 1 2 4 56
2 24 2 4 4 0 11
2 24 2 2 5 1 176
2 24 2 1 0 7 162
2 24 2 0 6 2 168
2 24 1 8 0 1 15
2 24 1 6 1 2 28
2 24 1 4 2 3 91
2 24 1 2 3 4 79
2 24 1 0 4 5 82
2 24 0 5 5 0 32
2 24 0 4 0 6 89
2 24 0 3 6 1 196
2 24 0 2 1 7 115
2 24 0 1 7 2 96
2 24 0 0 2 8 180
2 23 9 0 0 2 16
2 23 7 3 0 1 77
2 23 7 1 1 2 133
2 23 6 0 5 0 104
2 23 5 6 0 0 16
2 23 5 4 1 1 95
2 23 5 2 2 2 28
2 23 5 0 3 3 76
2 23 4 2 0 5 129
2 23 4 1 6 0 179
2 23 4 0 1 6 88
2 23 3 7 1 0 90
2 23 3 5 2 1 175
2 23 3 3 3 2 108
2 23 3 1 4 3 37
2 23 2 5 0 4 175
2 23 2 3 1 5 188
2 23 2 2 7 0 99
2 23 2 1 2 6 98
2 23 2 0 8 1 15
2 23 1 8 2 0 186
2 23 1 6 3 1 56
2 23 1 4 4 2 45
2 23 1 2 5 3 103
2 23 1 1 0 9 14
2 23 1 0 6 4 155
2 23 0 8 0 3 184
2 23 0 6 1 4 153
2 23 0 4 2 5 53
2 23 0 3 8 0 116
2 23 0 2 3 6 144
2 23 0 1 9 1 189
2 23 0 0 4 7 22
2 22 11 1 0 0 27
2 22 9 2 1 0 37
2 22 9 0 2 1 40
2 22 8 0 0 4 66
2 22 7 3 2 0 65
2 22 7 1 3 1 82
2 22 6 3 0 3 123
2 22 6 1 1 4 129
2 22 5 4 3 0 167
2 22 5 2 4 1 158
2 22 5 0 5 2 162
2 22 4 6 0 2 175
2 22 4 4 1 3 124
2 22 4 2 2 4 128
2 22 4 0 3 5 179
2 22 3 5 4 0 104
2 22 3 3 5 1 148
2 22 3 2 0 7 162
2 22 3 1 6 2 156
2 22 3 0 1 8 120
2 22 2 9 0 1 24
2 22 2 7 1 2 35
2 22 2 5 2 3 35
2 22 2 3 3 4 8
2 22 2 1 4 5 149
2 22 2 0 10 0 127
2 22 1 6 5 0 26
2 22 1 5 0 6 132
2 22 1 4 6 1 115
2 22 1 3 1 7 164
2 22 1 2 7 2 70
2 22 1 1 2 8 104
2 22 1 0 8 3 38
2 22 0 12 0 0 11
2 22 0 10 1 1 132
2 22 0 8 2 2 13
2 22 0 6 3 3 21
2 22 0 4 4 4 26
2 22 0 2 5 5 171
2 22 0 1 11 0 75
2 22 0 1 0 11 133
2 22 0 0 6 6 26
2 21 10 1 0 2 179
2 21 9 0 4 0 28
2 21 8 4 0 1 144
2 21 8 2 1 2 188
2 21 8 0 2 3 173
2 21 7 1 5 0 135
2 21 7 0 0 6 77
2 21 6 7 0 0 59
2 21 6 5 1 1 86
2 21 6 3 2 2 117
2 21 6 1 3 3 51
2 21 5 3 0 5 96
2 21 5 2 6 0 35
2 21 5 1 1 6 51
2 21 5 0 7 1 157
2 21 4 8 1 0 164
2 21 4 6 2 1 160
2 21 4 4 3 2 54
2 21 4 2 4 3 57
2 21 4 0 5 4 196
2 21 3 6 0 4 188
2 21 3 4 1 5 125
2 21 3 3 7 0 33
2 21 3 2 2 6 6
2 21 3 1 8 1 58
2 21 3 0 3 7 167
2 21 2 9 2 0 175
2 21 2 5 4 2 114
2 21 2 3 5 3 149
2 21 2 2 0 9 189
2 21 2 1 6 4 132
2 21 2 0 1 10 177
2 21 1 9 0 3 120
2 21 1 7 1 4 83
2 21 1 5 2 5 29
2 21 1 4 8 0 53
2 21 1 3 3 6 89
2 21 1 2 9 1 109
2 21 1 1 4 7 14
2 21 1 0 10 2 58
2 21 0 10 3 0 92
2 21 0 8 4 1 120
2 21 0 6 5 2 55
2 21 0 5 0 8 64
2 21 0 4 6 3 86
2 21 0 3 1 9 103
2 21 0 2 7 4 78
2 21 0 1 2 10 14
2 21 0 0 8 5 29
2 20 12 2 0 0 138
2 20 12 0 1 1 25
2 20 10 3 1 0 78
2 20 10 1 2 1 172
2 20 9 1 0 4 21
2 20 8 4 2 0 71
2 20 8 2 3 1 12
2 20 8 0 4 2 40
2 20 7 4 0 3 122
2 20 7 2 1 4 155
2 20 7 0 2 5 47
2 20 6 5 3 0 64
2 20 6 3 4 1 107
2 20 6 1 5 2 10
2 20 6 0 0 8 20
2 20 5 7 0 2 9
2 20 5 5 1 3 129
2 20 5 3 2 4 31
2 20 5 1 3 5 183
2 20 5 0 9 0 82
2 20 4 6 4 0 98
2 20 4 4 5 1 68
2 20 4 3 0 7 115
2 20 4 2 6 2 119
2 20 4 1 1 8 182
2 20 4 0 7 3 62
2 20 3 10 0 1 4
2 20 3 8 1 2 129
2 20 3 6 2 3 176
2 20 3 4 3 4 41
2 20 3 1 10 0 102
2 20 3 0 5 6 174
2 20 2 7 5 0 144
2 20 2 6 0 6 176
2 20 2 5 6 1 49
2 20 2 4 1 7 9
2 20 2 3 7 2 151
2 20 2 2 2 8 90
2 20 2 1 8 3 33
2 20 2 0 3 9 149
2 20 1 13 0 0 8
2 20 1 11 1 1 34
2 20 1 9 2 2 116
2 20 1 7 3 3 178
2 20 1 5 4 4 51
2 20 1 3 5 5 27
2 20 1 2 11 0 175
2 20 1 2 0 11 104
2 20 1 1 6 6 191
2 20 1 0 12 1 93
2 20 1 0 1 12 49
2 20 0 9 0 5 15
2 20 0 8 6 0 187
2 20 0 7 1 6 102
2 20 0 6 7 1 197
2 20 0 5 2 7 118
2 20 0 4 8 2 4
2 20 0 3 3 8 149
2 20 0 2 9 3 76
2 20 0 1 4 9 13
2 20 0 0 10 4 30
2 19 12 0 3 0 122
2 19 11 2 0 2 78
2 19 11 0 1 3 25
2 19 10 1 4 0 73
2 19 9 5 0 1 9
2 19 9 3 1 2 195
2 19 9 1 2 3 5
2 19 8 2 5 0 64
2 19 8 1 0 6 140
2 19 8 0 6 1 101
2 19 7 8 0 0 123
2 19 7 6 1 1 130
2 19 7 4 2 2 161
2 19 7 2 3 3 57
2 19 7 0 4 4 105
2 19 6 4 0 5 145
2 19 6 3 6 0 85
2 19 6 2 1 6 38
2 19 6 1 7 1 117
2 19 6 0 2 7 11
2 19 5 9 1 0 175
2 19 5 7 2 1 85
2 19 5 5 3 2 174
2 19 5 3 4 3 21
2 19 5 1 5 4 174
2 19 5 0 0 10 194
2 19 4 7 0 4 159
2 19 4 5 1 5 150
2 19 4 4 7 0 69
2 19 4 3 2 6 143
2 19 4 2 8 1 152
2 19 4 1 3 7 137
2 19 4 0 9 2 94
2 19 3 10 2 0 98
2 19 3 8 3 1 56
2 19 3 6 4 2 164
2 19 3 4 5 3 12
2 19 3 3 0 9 16
2 19 3 2 6 4 17
2 19 3 1 1 10 133
2 19 3 0 7 5 190
2 19 2 10 0 3 64
2 19 2 8 1 4 1
2 19 2 6 2 5 17
2 19 2 5 8 0 72
2 19 2 4 3 6 42
2 19 2 3 9 1 99
2 19 2 2 4 7 23
2 19 2 1 10 2 107
2 19 2 0 5 8 38
2 19 1 11 3 0 121
2 19 1 9 4 1 21
2 19 1 7 5 2 63
2 19 1 6 0 8 150
2 19 1 5 6 3 154
2 19 1 4 1 9 10
2 19 1 3 7 4 154
2 19 1 2 2 10 170
2 19 1 1 8 5 90
2 19 1 0 14 0 156
2 19 1 0 3 11 68
2 19 0 13 0 2 17
2 19 0 11 1 3 147
2 19 0 9 2 4 20
2 19 0 7 3 5 159
2 19 0 6 9 0 74
2 19 0 5 4 6 158
2 19 0 4 10 1 172
2 19 0 3 5 7 191
2 19 0 2 11 2 74
2 19 0 2 0 13 168
2 19 0 1 6 8 179
2 19 0 0 12 3 10
2 19 0 0 1 14 156
2 18 15 0 0 1 153
2 18 13 3 0 0 100
2 18 13 1 1 1 173
2 18 11 4 1 0 104
2 18 11 2 2 1 151
2 18 11 0 3 2 179
2 18 10 2 0 4 135
2 18 10 0 1 5 41
2 18 9 5 2 0 104
2 18 9 3 3 1 39
2 18 9 1 4 2 183
2 18 8 5 0 3 154
2 18 8 3 1 4 77
2 18 8 1 2 5 22
2 18 8 0 8 0 124
2 18 7 6 3 0 191
2 18 7 4 4 1 178
2 18 7 2 5 2 167
2 18 7 1 0 8 133
2 18 7 0 6 3 97
2 18 6 8 0 2 33
2 18 6 6 1 3 143
2 18 6 4 2 4 39
2 18 6 2 3 5 124
2 18 6 1 9 0 73
2 18 6 0 4 6 11
2 18 5 7 4 0 105
2 18 5 5 5 1 142
2 18 5 4 0 7 148
2 18 5 3 6 2 169
2 18 5 2 1 8 38
2 18 5 1 7 3 150
2 18 5 0 2 9 147
2 18 4 11 0 1 11
2 18 4 9 1 2 19
2 18 4 7 2 3 99
2 18 4 5 3 4 185
2 18 4 3 4 5 143
2 18 4 2 10 0 105
2 18 4 1 5 6 56
2 18 4 0 11 1 170
2 18 4 0 0 12 170
2 18 3 8 5 0 84
2 18 3 7 0 6 85
2 18 3 6 6 1 25
2 18 3 5 1 7 47
2 18 3 4 7 2 84
2 18 3 3 2 8 71
2 18 3 2 8 3 159
2 18 3 1 3 9 50
2 18 3 0 9 4 22
2 18 2 14 0 0 66
2 18 2 12 1 1 29
2 18 2 10 2 2 8
2 18 2 8 3 3 124
2 18 2 6 4 4 57
2 18 2 4 5 5 46
2 18 2 3 11 0 18
2 18 2 3 0 11 58
2 18 2 2 6 6 75
2 18 2 1 12 1 43
2 18 2 1 1 12 146
2 18 2 0 7 7 147
2 18 1 10 0 5 30
2 18 1 9 6 0 196
2 18 1 8 1 6 125
2 18 1 7 7 1 105
2 18 1 6 2 7 22
2 18 1 5 8 2 35
2 18 1 4 3 8 57
2 18 1 3 9 3 133
2 18 1 2 4 9 131
2 18 1 1 10 4 139
2 18 1 0 5 10 36
2 18 0 15 1 0 4
2 18 0 13 2 1 17
2 18 0 11 3 2 141
2 18 0 9 4 3 134
2 18 0 7 5 4 15
2 18 0 6 0 10 140
2 18 0 5 6 5 189
2 18 0 4 12 0 137
2 18 0 4 1 11 63
2 18 0 3 7 6 16
2 18 0 2 13 1 138
2 18 0 2 2 12 160
2 18 0 1 8 7 187
2 18 0 0 14 2 135
2 18 0 0 3 13 178
2 17 15 0 2 0 171
2 17 14 0 0 3 81
2 17 13 1 3 0 170
2 17 12 3 0 2 121
2 17 12 1 1 3 90
2 17 11 2 4 0 94
2 17 11 0 5 1 100
2 17 10 6 0 1 110
2 17 10 4 1 2 1
2 17 10 2 2 3 6
2 17 10 0 3 4 95
2 17 9 3 5 0 166
2 17 9 2 0 6 80
2 17 9 1 6 1 128
2 17 9 0 1 7 27
2 17 8 9 0 0 184
2 17 8 7 1 1 123
2 17 8 5 2 2 48
2 17 8 3 3 3 143
2 17 8 1 4 4 92
2 17 7 5 0 5 57
2 17 7 4 6 0 5
2 17 7 3 1 6 20
2 17 7 2 7 1 176
2 17 7 1 2 7 21
2 17 7 0 8 2 9
2 17 6 10 1 0 6
2 17 6 8 2 1 129
2 17 6 6 3 2 84
2 17 6 4 4 3 152
2 17 6 2 5 4 36
2 17 6 1 0 10 169
2 17 6 0 6 5 59
2 17 5 8 0 4 18
2 17 5 6 1 5 85
2 17 5 5 7 0 150
2 17 5 4 2 6 24
2 17 5 3 8 1 143
2 17 5 2 3 7 60
2 17 5 1 9 2 130
2 17 5 0 4 8 49
2 17 4 11 2 0 15
2 17 4 9 3 1 147
2 17 4 7 4 2 28
2 17 4 5 5 3 145
2 17 4 4 0 9 52
2 17 4 3 6 4 104
2 17 4 2 1 10 57
2 17 4 1 7 5 125
2 17 4 0 13 0 52
2 17 4 0 2 11 15
2 17 3 11 0 3 89
2 17 3 9 1 4 75
2 17 3 7 2 5 11
2 17 3 6 8 0 191
2 17 3 5 3 6 35
2 17 3 4 9 1 24
2 17 3 3 4 7 124
2 17 3 2 10 2 164
2 17 3 1 5 8 83
2 17 3 0 11 3 88
2 17 3 0 0 14 128
2 17 2 12 3 0 60
2 17 2 10 4 1 139
2 17 2 8 5 2 70
2 17 2 7 0 8 72
2 17 2 6 6 3 5
2 17 2 5 1 9 177
2 17 2 4 7 4 120
2 17 2 3 2 10 8
2 17 2 2 8 5 29
2 17 2 1 14 0 100
2 17 2 1 3 11 87
2 17 2 0 9 6 187
2 17 1 14 0 2 130
2 17 1 12 1 3 112
2 17 1 10 2 4 178
2 17 1 8 3 5 1
2 17 1 7 9 0 47
2 17 1 6 4 6 96
2 17 1 5 10 1 19
2 17 1 4 5 7 158
2 17 1 3 11 2 115
2 17 1 3 0 13 45
2 17 1 2 6 8 164
2 17 1 1 12 3 76
2 17 1 1 1 14 196
2 17 1 0 7 9 97
2 17 0 13 4 0 165
2 17 0 11 5 1 123
2 17 0 10 0 7 70
2 17 0 9 6 2 19
2 17 0 8 1 8 163
2 17 0 7 7 3 159
2 17 0 6 2 9 13
2 17 0 5 8 4 151
2 17 0 4 3 10 55
2 17 0 3 9 5 10
2 17 0 2 15 0 193
2 17 0 2 4 11 112
2 17 0 1 10 6 49
2 17 0 0 16 1 105
2 17 0 0 5 12 95
2 16 16 1 0 1 158
2 16 14 4 0 0 149
2 16 14 2 1 1 160
2 16 14 0 2 2 100
2 16 13 0 0 5 151
2 16 12 5 1 0 102
2 16 12 3 2 1 21
2 16 12 1 3 2 92
2 16 11 3 0 4 173
2 16 11 1 1 5 97
2 16 11 0 7 0 185
2 16 10 6 2 0 186
2 16 10 4 3 1 59
2 16 10 2 4 2 23
2 16 10 0 5 3 103
2 16 9 6 0 3 143
2 16 9 4 1 4 143
2 16 9 2 2 5 60
2 16 9 1 8 0 31
2 16 9 0 3 6 119
2 16 8 7 3 0 135
2 16 8 5 4 1 26
2 16 8 3 5 2 45
2 16 8 2 0 8 5
2 16 8 1 6 3 90
2 16 8 0 1 9 36
2 16 7 9 0 2 174
2 16 7 7 1 3 132
2 16 7 5 2 4 197
2 16 7 3 3 5 79
2 16 7 2 9 0 132
2 16 7 1 4 6 12
2 16 7 0 10 1 188
2 16 6 8 4 0 9
2 16 6 6 5 1 62
2 16 6 5 0 7 166
2 16 6 4 6 2 133
2 16 6 3 1 8 19
2 16 6 2 7 3 140
2 16 6 1 2 9 61
2 16 6 0 8 4 51
2 16 5 12 0 1 99
2 16 5 10 1 2 114
2 16 5 8 2 3 53
2 16 5 6 3 4 11
2 16 5 4 4 5 28
2 16 5 3 10 0 186
2 16 5 2 5 6 125
2 16 5 1 11 1 182
2 16 5 1 0 12 48
2 16 5 0 6 7 33
2 16 4 9 5 0 94
2 16 4 8 0 6 191
2 16 4 7 6 1 49
2 16 4 6 1 7 133
2 16 4 5 7 2 42
2 16 4 4 2 8 52
2 16 4 3 8 3 92
2 16 4 2 3 9 120
2 16 4 1 9 4 75
2 16 4 0 4 10 198
2 16 3 15 0 0 187
2 16 3 13 1 1 123
2 16 3 11 2 2 159
2 16 3 9 3 3 172
2 16 3 7 4 4 123
2 16 3 5 5 5 110
2 16 3 4 11 0 69
2 16 3 4 0 11 75
2 16 3 3 6 6 10
2 16 3 2 12 1 90
2 16 3 2 1 12 98
2 16 3 1 7 7 190
2 16 3 0 13 2 129
2 16 3 0 2 13 66
2 16 2 11 0 5 177
2 16 2 10 6 0 76
2 16 2 9 1 6 43
2 16 2 8 7 1 188
2 16 2 7 2 7 93
2 16 2 6 8 2 42
2 16 2 5 3 8 157
2 16 2 4 9 3 140
2 16 2 3 4 9 68
2 16 2 2 10 4 177
2 16 2 1 5 10 44
2 16 2 0 11 5 65
2 16 2 0 0 16 115
2 16 1 16 1 0 76
2 16 1 14 2 1 147
2 16 1 12 3 2 35
2 16 1 10 4 3 153
2 16 1 8 5 4 88
2 16 1 7 0 10 168
2 16 1 6 6 5 129
2 16 1 5 12 0 198
2 16 1 5 1 11 134
2 16 1 4 7 6 144
2 16 1 3 13 1 70
2 16 1 3 2 12 189
2 16 1 2 8 7 51
2 16 1 1 14 2 116
2 16 1 1 3 13 42
2 16 1 0 9 8 59
2 16 0 14 0 4 122
2 16 0 12 1 5 105
2 16 0 11 7 0 47
2 16 0 10 2 6 138
2 16 0 9 8 1 16
2 16 0 8 3 7 183
2 16 0 7 9 2 136
2 16 0 6 4 8 83
2 16 0 5 10 3 8
2 16 0 4 5 9 38
2 16 0 3 11 4 34
2 16 0 3 0 15 14
2 16 0 2 6 10 157
2 16 0 1 12 5 108
2 16 0 1 1 16 16
2 16 0 0 18 0 100
2 16 0 0 7 11 4
2 15 18 0 1 0 143
2 15 16 1 2 0 93
2 15 15 1 0 3 126
2 15 14 2 3 0 101
2 15 14 0 4 1 93
2 15 13 4 0 2 147
2 15 13 2 1 3 124
2 15 13 0 2 4 173
2 15 12 3 4 0 113
2 15 12 1 5 1 93
2 15 12 0 0 7 95
2 15 11 7 0 1 91
2 15 11 5 1 2 4
2 15 11 3 2 3 139
2 15 11 1 3 4 2
2 15 10 4 5 0 115
2 15 10 3 0 6 104
2 15 10 2 6 1 86
2 15 10 1 1 7 81
2 15 10 0 7 2 171
2 15 9 10 0 0 185
2 15 9 8 1 1 97
2 15 9 6 2 2 184
2 15 9 4 3 3 172
2 15 9 2 4 4 141
2 15 9 0 5 5 155
2 15 8 6 0 5 189
2 15 8 5 6 0 124
2 15 8 4 1 6 162
2 15 8 3 7 1 49
2 15 8 2 2 7 5
2 15 8 1 8 2 71
2 15 8 0 3 8 181
2 15 7 11 1 0 164
2 15 7 9 2 1 72
2 15 7 7 3 2 2
2 15 7 5 4 3 117
2 15 7 3 5 4 147
2 15 7 2 0 10 110
2 15 7 1 6 5 172
2 15 7 0 12 0 162
2 15 7 0 1 11 184
2 15 6 9 0 4 31
2 15 6 7 1 5 165
2 15 6 6 7 0 14
2 15 6 5 2 6 55
2 15 6 4 8 1 3
2 15 6 3 3 7 140
2 15 6 2 9 2 107
2 15 6 1 4 8 180
2 15 6 0 10 3 102
2 15 5 12 2 0 123
2 15 5 10 3 1 49
2 15 5 8 4 2 63
2 15 5 6 5 3 52
2 15 5 5 0 9 31
2 15 5 4 6 4 29
2 15 5 3 1 10 189
2 15 5 2 7 5 138
2 15 5 1 13 0 45
2 15 5 1 2 11 145
2 15 5 0 8 6 20
2 15 4 12 0 3 154
2 15 4 10 1 4 73
2 15 4 8 2 5 56
2 15 4 7 8 0 190
2 15 4 6 3 6 91
2 15 4 5 9 1 21
2 15 4 4 4 7 195
2 15 4 3 10 2 16
2 15 4 2 5 8 7
2 15 4 1 11 3 3
2 15 4 1 0 14 11
2 15 4 0 6 9 120
2 15 3 13 3 0 48
2 15 3 11 4 1 58
2 15 3 9 5 2 88
2 15 3 8 0 8 66
2 15 3 7 6 3 74
2 15 3 6 1 9 25
2 15 3 5 7 4 85
2 15 3 4 2 10 172
2 15 3 3 8 5 90
2 15 3 2 14 0 100
2 15 3 2 3 11 149
2 15 3 1 9 6 75
2 15 3 0 15 1 193
2 15 3 0 4 12 62
2 15 2 15 0 2 18
2 15 2 13 1 3 14
2 15 2 11 2 4 18
2 15 2 9 3 5 44
2 15 2 8 9 0 96
2 15 2 7 4 6 20
2 15 2 6 10 1 156
2 15 2 5 5 7 93
2 15 2 4 11 2 126
2 15 2 4 0 13 105
2 15 2 3 6 8 83
2 15 2 2 12 3 75
2 15 2 2 1 14 107
2 15 2 1 7 9 53
2 15 2 0 13 4 152
2 15 2 0 2 15 12
2 15 1 14 4 0 73
2 15 1 12 5 1 86
2 15 1 11 0 7 123
2 15 1 10 6 2 100
2 15 1 9 1 8 141
2 15 1 8 7 3 186
2 15 1 7 2 9 136
2 15 1 6 8 4 145
2 15 1 5 3 10 137
2 15 1 4 9 5 128
2 15 1 3 15 0 171
2 15 1 3 4 11 119
2 15 1 2 10 6 12
2 15 1 1 16 1 131
2 15 1 1 5 12 63
2 15 1 0 11 7 136
2 15 1 0 0 18 58
2 15 0 18 0 1 22
2 15 0 16 1 2 127
2 15 0 14 2 3 144
2 15 0 12 3 4 183
2 15 0 10 4 5 21
2 15 0 9 10 0 37
2 15 0 8 5 6 90
2 15 0 7 11 1 5
2 15 0 7 0 12 95
2 15 0 6 6 7 141
2 15 0 5 12 2 19
2 15 0 5 1 13 147
2 15 0 4 7 8 150
2 15 0 3 13 3 78
2 15 0 3 2 14 116
2 15 0 2 8 9 80
2 15 0 1 14 4 192
2 15 0 1 3 15 8
2 15 0 0 9 10 106
2 14 17 2 0 1 63
2 14 17 0 1 2 118
2 14 15 5 0 0 191
2 14 15 3 1 1 87
2 14 15 1 2 2 62
2 14 14 1 0 5 33
2 14 14 0 6 0 45
2 14 13 6 1 0 173
2 14 13 4 2 1 153
2 14 13 2 3 2 17
2 14 13 0 4 3 116
2 14 12 4 0 4 3
2 14 12 2 1 5 97
2 14 12 1 7 0 40
2 14 12 0 2 6 192
2 14 11 7 2 0 111
2 14 11 5 3 1 75
2 14 11 3 4 2 171
2 14 11 1 5 3 35
2 14 11 0 0 9 190
2 14 10 7 0 3 10
2 14 10 5 1 4 22
2 14 10 3 2 5 102
2 14 10 2 8 0 118
2 14 10 1 3 6 73
2 14 10 0 9 1 9
2 14 9 8 3 0 29
2 14 9 6 4 1 85
2 14 9 4 5 2 188
2 14 9 3 0 8 30
2 14 9 2 6 3 164
2 14 9 1 1 9 56
2 14 9 0 7 4 29
2 14 8 10 0 2 57
2 14 8 8 1 3 145
2 14 8 6 2 4 152
2 14 8 4 3 5 196
2 14 8 3 9 0 188
2 14 8 2 4 6 54
2 14 8 1 10 1 57
2 14 8 0 5 7 196
2 14 7 9 4 0 47
2 14 7 7 5 1 174
2 14 7 6 0 7 122
2 14 7 5 6 2 116
2 14 7 4 1 8 170
2 14 7 3 7 3 126
2 14 7 2 2 9 185
2 14 7 1 8 4 154
2 14 7 0 3 10 138
2 14 6 13 0 1 57
2 14 6 11 1 2 67
2 14 6 9 2 3 91
2 14 6 7 3 4 34
2 14 6 5 4 5 138
2 14 6 4 10 0 28
2 14 6 3 5 6 49
2 14 6 2 11 1 38
2 14 6 2 0 12 134
2 14 6 1 6 7 74
2 14 6 0 12 2 141
2 14 6 0 1 13 170
2 14 5 10 5 0 60
2 14 5 9 0 6 31
2 14 5 8 6 1 126
2 14 5 7 1 7 160
2 14 5 6 7 2 17
2 14 5 5 2 8 40
2 14 5 4 8 3 136
2 14 5 3 3 9 193
2 14 5 2 9 4 40
2 14 5 1 4 10 94
2 14 5 0 10 5 51
2 14 4 16 0 0 33
2 14 4 14 1 1 128
2 14 4 12 2 2 180
2 14 4 10 3 3 18
2 14 4 8 4 4 134
2 14 4 6 5 5 116
2 14 4 5 11 0 198
2 14 4 5 0 11 141
2 14 4 4 6 6 171
2 14 4 3 12 1 161
2 14 4 3 1 12 149
2 14 4 2 7 7 81
2 14 4 1 13 2 24
2 14 4 1 2 13 120
2 14 4 0 8 8 106
2 14 3 12 0 5 106
2 14 3 11 6 0 131
2 14 3 10 1 6 83
2 14 3 9 7 1 71
2 14 3 8 2 7 126
2 14 3 7 8 2 56
2 14 3 6 3 8 155
2 14 3 5 9 3 58
2 14 3 4 4 9 3
2 14 3 3 10 4 98
2 14 3 2 5 10 7
2 14 3 1 11 5 97
2 14 3 1 0 16 185
2 14 3 0 17 0 134
2 14 3 0 6 11 139
2 14 2 17 1 0 156
2 14 2 15 2 1 163
2 14 2 13 3 2 187
2 14 2 11 4 3 11
2 14 2 9 5 4 5
2 14 2 8 0 10 4
2 14 2 7 6 5 112
2 14 2 6 12 0 126
2 14 2 6 1 11 76
2 14 2 5 7 6 113
2 14 2 4 13 1 9
2 14 2 4 2 12 153
2 14 2 3 8 7 114
2 14 2 2 14 2 1
2 14 2 2 3 13 137
2 14 2 1 9 8 173
2 14 2 0 15 3 114
2 14 2 0 4 14 85
2 14 1 15 0 4 98
2 14 1 13 1 5 145
2 14 1 12 7 0 144
2 14 1 11 2 6 19
2 14 1 10 8 1 63
2 14 1 9 3 7 162
2 14 1 8 9 2 66
2 14 1 7 4 8 136
2 14 1 6 10 3 192
2 14 1 5 5 9 24
2 14 1 4 11 4 176
2 14 1 4 0 15 70
2 14 1 3 6 10 40
2 14 1 2 12 5 154
2 14 1 2 1 16 189
2 14 1 1 18 0 178
2 14 1 1 7 11 57
2 14 1 0 13 6 65
2 14 1 0 2 17 182
2 14 0 18 2 0 34
2 14 0 16 3 1 139
2 14 0 14 4 2 124
2 14 0 12 5 3 154
2 14 0 11 0 9 174
2 14 0 10 6 4 157
2 14 0 9 1 10 98
2 14 0 8 7 5 134
2 14 0 7 13 0 119
2 14 0 7 2 11 95
2 14 0 6 8 6 131
2 14 0 5 14 1 48
2 14 0 5 3 12 23
2 14 0 4 9 7 79
2 14 0 3 15 2 187
2 14 0 3 4 13 57
2 14 0 2 10 8 177
2 14 0 1 16 3 93
2 14 0 1 5 14 195
2 14 0 0 11 9 169
2 14 0 0 0 20 146
2 13 21 0 0 0 87
2 13 19 1 1 0 110
2 13 17 2 2 0 111
2 13 17 0 3 1 183
2 13 16 2 0 3 123
2 13 16 0 1 4 74
2 13 15 3 3 0 84
2 13 15 1 4 1 188
2 13 14 5 0 2 28
2 13 14 3 1 3 61
2 13 14 1 2 4 127
2 13 13 4 4 0 109
2 13 13 2 5 1 53
2 13 13 1 0 7 140
2 13 13 0 6 2 40
2 13 12 8 0 1 89
2 13 12 6 1 2 121
2 13 12 4 2 3 122
2 13 12 2 3 4 184
2 13 12 0 4 5 95
2 13 11 5 5 0 178
2 13 11 4 0 6 149
2 13 11 3 6 1 109
2 13 11 2 1 7 55
2 13 11 1 7 2 122
2 13 11 0 2 8 155
2 13 10 11 0 0 122
2 13 10 9 1 1 27
2 13 10 7 2 2 175
2 13 10 5 3 3 87
2 13 10 3 4 4 84
2 13 10 1 5 5 163
2 13 10 0 11 0 85
2 13 10 0 0 11 136
2 13 9 7 0 5 169
2 13 9 6 6 0 64
2 13 9 5 1 6 99
2 13 9 4 7 1 80
2 13 9 3 2 7 16
2 13 9 2 8 2 107
2 13 9 1 3 8 169
2 13 9 0 9 3 152
2 13 8 12 1 0 135
2 13 8 10 2 1 58
2 13 8 8 3 2 151
2 13 8 6 4 3 180
2 13 8 4 5 4 167
2 13 8 3 0 10 131
2 13 8 2 6 5 19
2 13 8 1 12 0 58
2 13 8 1 1 11 104
2 13 8 0 7 6 134
2 13 7 10 0 4 18
2 13 7 8 1 5 182
2 13 7 7 7 0 176
2 13 7 6 2 6 62
2 13 7 5 8 1 51
2 13 7 4 3 7 53
2 13 7 3 9 2 189
2 13 7 2 4 8 47
2 13 7 1 10 3 102
2 13 7 0 5 9 4
2 13 6 13 2 0 134
2 13 6 11 3 1 58
2 13 6 9 4 2 173
2 13 6 7 5 3 180
2 13 6 5 6 4 23
2 13 6 4 1 10 15
2 13 6 3 7 5 84
2 13 6 2 13 0 133
2 13 6 2 2 11 115
2 13 6 1 8 6 194
2 13 6 0 14 1 190
2 13 6 0 3 12 164
2 13 5 13 0 3 33
2 13 5 11 1 4 99
2 13 5 9 2 5 194
2 13 5 8 8 0 7
2 13 5 6 9 1 29
2 13 5 5 4 7 18
2 13 5 4 10 2 36
2 13 5 3 5 8 114
2 13 5 2 11 3 168
2 13 5 2 0 14 118
2 13 5 1 6 9 36
2 13 5 0 12 4 80
2 13 5 0 1 15 2
2 13 4 14 3 0 155
2 13 4 12 4 1 116
2 13 4 10 5 2 20
2 13 4 9 0 8 198
2 13 4 8 6 3 128
2 13 4 7 1 9 184
2 13 4 6 7 4 34
2 13 4 5 2 10 132
2 13 4 4 8 5 46
2 13 4 3 14 0 102
2 13 4 3 3 11 74
2 13 4 2 9 6 118
2 13 4 1 15 1 171
2 13 4 1 4 12 161
2 13 4 0 10 7 20
2 13 3 16 0 2 6
2 13 3 14 1 3 158
2 13 3 12 2 4 42
2 13 3 10 3 5 135
2 13 3 9 9 0 11
2 13 3 8 4 6 153
2 13 3 7 10 1 158
2 13 3 6 5 7 78
2 13 3 5 11 2 35
2 13 3 5 0 13 16
2 13 3 4 6 8 163
2 13 3 3 12 3 162
2 13 3 3 1 14 72
2 13 3 2 7 9 101
2 13 3 1 13 4 184
2 13 3 1 2 15 129
2 13 3 0 8 10 38
2 13 2 15 4 0 48
2 13 2 13 5 1 36
2 13 2 12 0 7 120
2 13 2 11 6 2 3
2 13 2 10 1 8 163
2 13 2 9 7 3 147
2 13 2 8 2 9 9
2 13 2 7 8 4 18
2 13 2 6 3 10 47
2 13 2 5 9 5 187
2 13 2 4 15 0 23
2 13 2 4 4 11 36
2 13 2 3 10 6 95
2 13 2 2 16 1 84
2 13 2 2 5 12 191
2 13 2 1 11 7 3
2 13 2 1 0 18 168
2 13 2 0 17 2 16
2 13 2 0 6 13 50
2 13 1 19 0 1 198
2 13 1 17 1 2 12
2 13 1 15 2 3 27
2 13 1 13 3 4 54
2 13 1 11 4 5 40
2 13 1 10 10 0 121
2 13 1 9 5 6 13
2 13 1 8 11 1 1
2 13 1 8 0 12 45
2 13 1 7 6 7 109
2 13 1 6 12 2 2
2 13 1 6 1 13 182
2 13 1 5 7 8 172
2 13 1 4 13 3 46
2 13 1 4 2 14 84
2 13 1 3 8 9 93
2 13 1 2 14 4 146
2 13 1 2 3 15 24
2 13 1 1 9 10 109
2 13 1 0 15 5 14
2 13 1 0 4 16 54
2 13 0 16 5 0 29
2 13 0 15 0 6 192
2 13 0 14 6 1 71
2 13 0 13 1 7 172
2 13 0 12 7 2 33
2 13 0 11 2 8 9
2 13 0 10 8 3 49
2 13 0 9 3 9 84
2 13 0 8 9 4 35
2 13 0 7 4 10 147
2 13 0 6 10 5 96
2 13 0 5 16 0 108
2 13 0 5 5 11 173
2 13 0 4 11 6 114
2 13 0 4 0 17 50
2 13 0 3 17 1 75
2 13 0 3 6 12 143
2 13 0 2 12 7 18
2 13 0 2 1 18 193
2 13 0 1 18 2 98
2 13 0 1 7 13 76
2 13 0 0 13 8 110
2 13 0 0 2 19 191
2 12 20 0 0 2 3
2 12 18 3 0 1 11
2 12 18 1 1 2 112
2 12 17 0 5 0 193
2 12 16 6 0 0 72
2 12 16 4 1 1 193
2 12 16 2 2 2 4
2 12 16 0 3 3 196
2 12 15 2 0 5 161
2 12 15 1 6 0 15
2 12 15 0 1 6 10
2 12 14 7 1 0 38
2 12 14 5 2 1 136
2 12 14 3 3 2 84
2 12 14 1 4 3 164
2 12 13 5 0 4 180
2 12 13 3 1 5 48
2 12 13 2 7 0 41
2 12 13 1 2 6 67
2 12 13 0 8 1 7
2 12 12 8 2 0 67
2 12 12 6 3 1 113
2 12 12 4 4 2 137
2 12 12 2 5 3 40
2 12 12 1 0 9 27
2 12 12 0 6 4 92
2 12 11 8 0 3 23
2 12 11 6 1 4 33
2 12 11 4 2 5 176
2 12 11 3 8 0 91
2 12 11 2 3 6 88
2 12 11 1 9 1 85
2 12 11 0 4 7 187
2 12 10 9 3 0 196
2 12 10 7 4 1 50
2 12 10 5 5 2 119
2 12 10 4 0 8 110
2 12 10 3 6 3 142
2 12 10 2 1 9 3
2 12 10 1 7 4 103
2 12 10 0 2 10 107
2 12 9 11 0 2 160
2 12 9 9 1 3 135
2 12 9 7 2 4 17
2 12 9 5 3 5 95
2 12 9 4 9 0 73
2 12 9 3 4 6 97
2 12 9 2 10 1 121
2 12 9 1 5 7 22
2 12 9 0 0 13 136
2 12 8 10 4 0 139
2 12 8 8 5 1 171
2 12 8 7 0 7 198
2 12 8 6 6 2 80
2 12 8 5 1 8 122
2 12 8 4 7 3 74
2 12 8 3 2 9 61
2 12 8 2 8 4 50
2 12 8 1 3 10 103
2 12 8 0 9 5 137
2 12 7 14 0 1 3
2 12 7 12 1 2 124
2 12 7 10 2 3 57
2 12 7 8 3 4 54
2 12 7 6 4 5 106
2 12 7 5 10 0 161
2 12 7 4 5 6 138
2 12 7 3 11 1 188
2 12 7 3 0 12 12
2 12 7 2 6 7 4
2 12 7 1 12 2 72
2 12 7 1 1 13 11
2 12 7 0 7 8 47
2 12 6 10 0 6 124
2 12 6 9 6 1 22
2 12 6 8 1 7 69
2 12 6 7 7 2 75
2 12 6 6 2 8 30
2 12 6 5 8 3 136
2 12 6 4 3 9 171
2 12 6 3 9 4 113
2 12 6 2 4 10 97
2 12 6 1 10 5 177
2 12 6 0 16 0 46
2 12 6 0 5 11 107
2 12 5 17 0 0 135
2 12 5 15 1 1 88
2 12 5 13 2 2 109
2 12 5 11 3 3 46
2 12 5 9 4 4 33
2 12 5 7 5 5 16
2 12 5 6 11 0 79
2 12 5 6 0 11 96
2 12 5 5 6 6 23
2 12 5 4 12 1 172
2 12 5 4 1 12 148
2 12 5 3 7 7 108
2 12 5 2 13 2 143
2 12 5 2 2 13 161
2 12 5 1 8 8 197
2 12 5 0 14 3 122
2 12 5 0 3 14 180
2 12 4 13 0 5 160
2 12 4 12 6 0 132
2 12 4 11 1 6 46
2 12 4 10 7 1 18
2 12 4 9 2 7 109
2 12 4 8 8 2 151
2 12 4 7 3 8 182
2 12 4 6 9 3 137
2 12 4 5 4 9 58
2 12 4 4 10 4 124
2 12 4 3 5 10 110
2 12 4 2 11 5 66
2 12 4 2 0 16 143
2 12 4 1 17 0 68
2 12 4 1 6 11 165
2 12 4 0 12 6 176
2 12 4 0 1 17 5
2 12 3 18 1 0 182
2 12 3 16 2 1 80
2 12 3 14 3 2 16
2 12 3 12 4 3 106
2 12 3 10 5 4 197
2 12 3 9 0 10 50
2 12 3 8 6 5 109
2 12 3 7 12 0 135
2 12 3 7 1 11 93
2 12 3 6 7 6 79
2 12 3 5 13 1 77
2 12 3 5 2 12 197
2 12 3 4 8 7 130
2 12 3 3 14 2 43
2 12 3 3 3 13 2
2 12 3 2 9 8 87
2 12 3 1 15 3 132
2 12 3 1 4 14 138
2 12 3 0 10 9 39
2 12 2 16 0 4 105
2 12 2 14 1 5 104
2 12 2 13 7 0 13
2 12 2 12 2 6 153
2 12 2 11 8 1 8
2 12 2 10 3 7 81
2 12 2 9 9 2 66
2 12 2 8 4 8 41
2 12 2 7 10 3 83
2 12 2 6 5 9 50
2 12 2 5 11 4 26
2 12 2 5 0 15 160
2 12 2 4 6 10 187
2 12 2 3 12 5 191
2 12 2 3 1 16 63
2 12 2 2 18 0 65
2 12 2 2 7 11 75
2 12 2 1 13 6 32
2 12 2 1 2 17 36
2 12 2 0 19 1 83
2 12 2 0 8 12 21
2 12 1 19 2 0 55
2 12 1 17 3 1 184
2 12 1 15 4 2 82
2 12 1 13 5 3 74
2 12 1 12 0 9 154
2 12 1 11 6 4 121
2 12 1 10 1 10 13
2 12 1 9 7 5 33
2 12 1 8 13 0 159
2 12 1 8 2 11 163
2 12 1 7 8 6 73
2 12 1 6 14 1 180
2 12 1 6 3 12 155
2 12 1 5 9 7 139
2 12 1 4 15 2 168
2 12 1 4 4 13 73
2 12 1 3 10 8 31
2 12 1 2 16 3 107
2 12 1 2 5 14 76
2 12 1 1 11 9 48
2 12 1 1 0 20 137
2 12 1 0 17 4 66
2 12 1 0 6 15 26
2 12 0 19 0 3 14
2 12 0 17 1 4 151
2 12 0 15 2 5 113
2 12 0 14 8 0 27
2 12 0 13 3 6 39
2 12 0 12 9 1 164
2 12 0 11 4 7 36
2 12 0 10 10 2 122
2 12 0 9 5 8 168
2 12 0 8 11 3 12
2 12 0 8 0 14 5
2 12 0 7 6 9 73
2 12 0 6 12 4 70
2 12 0 6 1 15 49
2 12 0 5 7 10 150
2 12 0 4 13 5 146
2 12 0 4 2 16 174
2 12 0 3 19 0 73
2 12 0 3 8 11 51
2 12 0 2 14 6 90
2 12 0 2 3 17 37
2 12 0 1 20 1 126
2 12 0 1 9 12 44
2 12 0 0 15 7 116
2 12 0 0 4 18 152
2 11 22 1 0 0 146
2 11 20 2 1 0 42
2 11 20 0 2 1 196
2 11 19 0 0 4 101
2 11 18 3 2 0 181
2 11 18 1 3 1 187
2 11 17 3 0 3 123
2 11 17 1 1 4 96
2 11 16 4 3 0 32
2 11 16 2 4 1 41
2 11 16 0 5 2 107
2 11 15 6 0 2 42
2 11 15 4 1 3 67
2 11 15 2 2 4 105
2 11 15 0 3 5 117
2 11 14 5 4 0 28
2 11 14 3 5 1 163
2 11 14 2 0 7 95
2 11 14 1 6 2 76
2 11 14 0 1 8 72
2 11 13 9 0 1 62
2 11 13 7 1 2 117
2 11 13 5 2 3 163
2 11 13 3 3 4 98
2 11 13 1 4 5 184
2 11 13 0 10 0 160
2 11 12 6 5 0 8
2 11 12 5 0 6 90
2 11 12 4 6 1 40
2 11 12 3 1 7 107
2 11 12 2 7 2 50
2 11 12 1 2 8 96
2 11 12 0 8 3 161
2 11 11 12 0 0 90
2 11 11 10 1 1 153
2 11 11 8 2 2 119
2 11 11 6 3 3 49
2 11 11 4 4 4 51
2 11 11 2 5 5 86
2 11 11 1 11 0 27
2 11 11 1 0 11 175
2 11 11 0 6 6 55
2 11 10 8 0 5 107
2 11 10 7 6 0 103
2 11 10 6 1 6 194
2 11 10 5 7 1 17
2 11 10 4 2 7 46
2 11 10 3 8 2 65
2 11 10 2 3 8 38
2 11 10 1 9 3 48
2 11 10 0 4 9 22
2 11 9 13 1 0 56
2 11 9 11 2 1 143
2 11 9 9 3 2 185
2 11 9 7 4 3 36
2 11 9 5 5 4 32
2 11 9 4 0 10 115
2 11 9 3 6 5 96
2 11 9 2 12 0 77
2 11 9 2 1 11 91
2 11 9 1 7 6 57
2 11 9 0 13 1 195
2 11 9 0 2 12 181
2 11 8 11 0 4 41
2 11 8 9 1 5 101
2 11 8 8 7 0 61
2 11 8 7 2 6 161
2 11 8 6 8 1 35
2 11 8 5 3 7 63
2 11 8 4 9 2 57
2 11 8 3 4 8 197
2 11 8 2 10 3 125
2 11 8 1 5 9 14
2 11 8 0 11 4 70
2 11 8 0 0 15 4
2 11 7 14 2 0 67
2 11 7 12 3 1 54
2 11 7 10 4 2 53
2 11 7 8 5 3 140
2 11 7 7 0 9 168
2 11 7 6 6 4 101
2 11 7 5 1 10 128
2 11 7 4 7 5 124
2 11 7 3 2 11 96
2 11 7 2 8 6 100
2 11 7 1 14 1 18
2 11 7 1 3 12 81
2 11 7 0 9 7 32
2 11 6 14 0 3 145
2 11 6 12 1 4 53
2 11 6 10 2 5 171
2 11 6 9 8 0 39
2 11 6 8 3 6 187
2 11 6 7 9 1 88
2 11 6 6 4 7 4
2 11 6 5 10 2 98
2 11 6 4 5 8 10
2 11 6 3 11 3 51
2 11 6 3 0 14 140
2 11 6 2 6 9 114
2 11 6 1 12 4 119
2 11 6 1 1 15 176
2 11 6 0 7 10 184
2 11 5 15 3 0 126
2 11 5 13 4 1 158
2 11 5 11 5 2 81
2 11 5 10 0 8 22
2 11 5 9 6 3 68
2 11 5 8 1 9 117
2 11 5 7 7 4 86
2 11 5 6 2 10 145
2 11 5 5 8 5 165
2 11 5 4 14 0 139
2 11 5 4 3 11 174
2 11 5 3 9 6 151
2 11 5 2 15 1 17
2 11 5 2 4 12 19
2 11 5 1 10 7 152
2 11 5 0 16 2 26
2 11 5 0 5 13 13
2 11 4 17 0 2 88
2 11 4 15 1 3 65
2 11 4 13 2 4 196
2 11 4 11 3 5 69
2 11 4 10 9 0 10
2 11 4 9 4 6 48
2 11 4 8 10 1 168
2 11 4 7 5 7 102
2 11 4 6 11 2 190
2 11 4 5 6 8 165
2 11 4 4 12 3 173
2 11 4 4 1 14 165
2 11 4 3 7 9 90
2 11 4 2 13 4 46
2 11 4 2 2 15 45
2 11 4 1 8 10 198
2 11 4 0 14 5 45
2 11 4 0 3 16 99
2 11 3 16 4 0 80
2 11 3 14 5 1 95
2 11 3 13 0 7 63
2 11 3 12 6 2 196
2 11 3 11 1 8 139
2 11 3 10 7 3 25
2 11 3 9 2 9 49
2 11 3 8 8 4 26
2 11 3 7 3 10 30
2 11 3 6 9 5 133
2 11 3 5 15 0 197
2 11 3 5 4 11 83
2 11 3 4 10 6 63
2 11 3 3 16 1 174
2 11 3 3 5 12 130
2 11 3 2 11 7 152
2 11 3 2 0 18 67
2 11 3 1 17 2 24
2 11 3 1 6 13 33
2 11 3 0 12 8 129
2 11 3 0 1 19 182
2 11 2 20 0 1 138
2 11 2 18 1 2 104
2 11 2 16 2 3 126
2 11 2 14 3 4 190
2 11 2 12 4 5 173
2 11 2 11 10 0 84
2 11 2 10 5 6 10
2 11 2 9 11 1 22
2 11 2 9 0 12 149
2 11 2 8 6 7 46
2 11 2 7 12 2 106
2 11 2 7 1 13 89
2 11 2 6 7 8 62
2 11 2 5 13 3 22
2 11 2 5 2 14 45
2 11 2 4 8 9 34
2 11 2 3 14 4 113
2 11 2 3 3 15 154
2 11 2 2 9 10 192
2 11 2 1 15 5 159
2 11 2 1 4 16 116
2 11 2 0 21 0 175
2 11 2 0 10 11 7
2 11 1 17 5 0 52
2 11 1 16 0 6 58
2 11 1 15 6 1 30
2 11 1 14 1 7 137
2 11 1 13 7 2 155
2 11 1 12 2 8 159
2 11 1 11 8 3 165
2 11 1 10 3 9 166
2 11 1 9 9 4 196
2 11 1 8 4 10 166
2 11 1 7 10 5 82
2 11 1 6 16 0 10
2 11 1 6 5 11 34
2 11 1 5 11 6 95
2 11 1 5 0 17 98
2 11 1 4 17 1 23
2 11 1 4 6 12 158
2 11 1 3 12 7 113
2 11 1 3 1 18 30
2 11 1 2 18 2 21
2 11 1 2 7 13 22
2 11 1 1 13 8 19
2 11 1 1 2 19 145
2 11 1 0 19 3 93
2 11 1 0 8 14 180
2 11 0 23 0 0 122
2 11 0 21 1 1 189
2 11 0 19 2 2 163
2 11 0 17 3 3 164
2 11 0 15 4 4 40
2 11 0 13 5 5 190
2 11 0 12 11 0 189
2 11 0 12 0 11 30
2 11 0 11 6 6 126
2 11 0 10 12 1 85
2 11 0 10 1 12 136
2 11 0 9 7 7 117
2 11 0 8 13 2 172
2 11 0 8 2 13 70
2 11 0 7 8 8 102
2 11 0 6 14 3 130
2 11 0 6 3 14 198
2 11 0 5 9 9 114
2 11 0 4 15 4 80
2 11 0 4 4 15 56
2 11 0 3 10 10 50
2 11 0 2 16 5 33
2 11 0 2 5 16 190
2 11 0 1 22 0 189
2 11 0 1 11 11 172
2 11 0 1 0 22 82
2 11 0 0 17 6 167
2 11 0 0 6 17 65
2 10 21 1 0 2 143
2 10 20 0 4 0 19
2 10 19 4 0 1 137
2 10 19 2 1 2 125
2 10 19 0 2 3 148
2 10 18 1 5 0 10
2 10 18 0 0 6 4
2 10 17 7 0 0 111
2 10 17 5 1 1 31
2 10 17 3 2 2 14
2 10 17 1 3 3 191
2 10 16 3 0 5 84
2 10 16 2 6 0 149
2 10 16 1 1 6 175
2 10 16 0 7 1 168
2 10 15 8 1 0 133
2 10 15 6 2 1 15
2 10 15 4 3 2 66
2 10 15 2 4 3 73
2 10 15 0 5 4 198
2 10 14 6 0 4 171
2 10 14 4 1 5 65
2 10 14 3 7 0 161
2 10 14 2 2 6 176
2 10 14 1 8 1 33
2 10 14 0 3 7 88
2 10 13 9 2 0 90
2 10 13 7 3 1 178
2 10 13 5 4 2 111
2 10 13 3 5 3 69
2 10 13 2 0 9 50
2 10 13 1 6 4 133
2 10 13 0 1 10 89
2 10 12 9 0 3 108
2 10 12 7 1 4 41
2 10 12 5 2 5 119
2 10 12 4 8 0 24
2 10 12 3 3 6 186
2 10 12 2 9 1 196
2 10 12 1 4 7 56
2 10 12 0 10 2 54
2 10 11 10 3 0 181
2 10 11 8 4 1 141
2 10 11 6 5 2 23
2 10 11 5 0 8 54
2 10 11 4 6 3 146
2 10 11 3 1 9 191
2 10 11 2 7 4 13
2 10 11 1 2 10 14
2 10 11 0 8 5 176
2 10 10 12 0 2 28
2 10 10 10 1 3 146
2 10 10 8 2 4 127
2 10 10 6 3 5 126
2 10 10 5 9 0 8
2 10 10 4 4 6 153
2 10 10 3 10 1 100
2 10 10 2 5 7 132
2 10 10 1 11 2 170
2 10 10 1 0 13 189
2 10 10 0 6 8 134
2 10 9 11 4 0 100
2 10 9 9 5 1 24
2 10 9 8 0 7 121
2 10 9 7 6 2 180
2 10 9 6 1 8 189
2 10 9 5 7 3 2
2 10 9 4 2 9 45
2 10 9 3 8 4 112
2 10 9 2 3 10 195
2 10 9 1 9 5 54
2 10 9 0 15 0 163
2 10 9 0 4 11 156
2 10 8 15 0 1 176
2 10 8 13 1 2 43
2 10 8 11 2 3 158
2 10 8 9 3 4 16
2 10 8 7 4 5 41
2 10 8 6 10 0 22
2 10 8 5 5 6 102
2 10 8 4 11 1 12
2 10 8 4 0 12 7
2 10 8 3 6 7 150
2 10 8 2 12 2 22
2 10 8 2 1 13 177
2 10 8 1 7 8 114
2 10 8 0 13 3 192
2 10 8 0 2 14 130
2 10 7 12 5 0 14
2 10 7 11 0 6 100
2 10 7 10 6 1 138
2 10 7 9 1 7 187
2 10 7 8 7 2 163
2 10 7 7 2 8 100
2 10 7 6 8 3 176
2 10 7 5 3 9 134
2 10 7 4 9 4 18
2 10 7 3 4 10 16
2 10 7 2 10 5 125
2 10 7 1 16 0 14
2 10 7 1 5 11 116
2 10 7 0 11 6 31
2 10 7 0 0 17 77
2 10 6 18 0 0 5
2 10 6 16 1 1 149
2 10 6 14 2 2 186
2 10 6 12 3 3 3
2 10 6 10 4 4 4
2 10 6 8 5 5 157
2 10 6 7 11 0 164
2 10 6 7 0 11 165
2 10 6 6 6 6 120
2 10 6 5 12 1 85
2 10 6 5 1 12 40
2 10 6 4 7 7 78
2 10 6 3 13 2 6
2 10 6 3 2 13 18
2 10 6 2 8 8 139
2 10 6 1 14 3 58
2 10 6 1 3 14 40
2 10 6 0 9 9 178
2 10 5 14 0 5 127
2 10 5 13 6 0 131
2 10 5 12 1 6 128
2 10 5 11 7 1 109
2 10 5 10 2 7 188
2 10 5 9 8 2 44
2 10 5 8 3 8 195
2 10 5 7 9 3 147
2 10 5 6 4 9 163
2 10 5 4 5 10 2
2 10 5 3 11 5 131
2 10 5 3 0 16 59
2 10 5 2 17 0 116
2 10 5 2 6 11 147
2 10 5 1 12 6 184
2 10 5 1 1 17 30
2 10 5 0 18 1 136
2 10 5 0 7 12 96
2 10 4 19 1 0 41
2 10 4 17 2 1 143
2 10 4 15 3 2 67
2 10 4 13 4 3 128
2 10 4 11 5 4 122
2 10 4 10 0 10 118
2 10 4 9 6 5 50
2 10 4 8 12 0 97
2 10 4 8 1 11 51
2 10 4 7 7 6 105
2 10 4 6 13 1 133
2 10 4 6 2 12 58
2 10 4 5 8 7 70
2 10 4 4 14 2 195
2 10 4 4 3 13 41
2 10 4 3 9 8 41
2 10 4 2 15 3 25
2 10 4 2 4 14 12
2 10 4 1 10 9 85
2 10 4 0 16 4 115
2 10 4 0 5 15 30
2 10 3 17 0 4 191
2 10 3 15 1 5 69
2 10 3 14 7 0 65
2 10 3 13 2 6 169
2 10 3 12 8 1 162
2 10 3 11 3 7 56
2 10 3 10 9 2 117
2 10 3 9 4 8 50
2 10 3 8 10 3 186
2 10 3 7 5 9 154
2 10 3 6 11 4 91
2 10 3 6 0 15 151
2 10 3 5 6 10 72
2 10 3 4 12 5 59
2 10 3 4 1 16 54
2 10 3 3 18 0 24
2 10 3 3 7 11 110
2 10 3 2 13 6 168
2 10 3 2 2 17 166
2 10 3 1 19 1 141
2 10 3 1 8 12 111
2 10 3 0 14 7 44
2 10 3 0 3 18 130
2 10 2 20 2 0 98
2 10 2 18 3 1 63
2 10 2 16 4 2 109
2 10 2 14 5 3 48
2 10 2 13 0 9 63
2 10 2 12 6 4 72
2 10 2 11 1 10 74
2 10 2 10 7 5 31
2 10 2 9 13 0 39
2 10 2 9 2 11 95
2 10 2 8 8 6 96
2 10 2 7 14 1 13
2 10 2 7 3 12 143
2 10 2 6 9 7 25
2 10 2 5 15 2 181
2 10 2 5 4 13 13
2 10 2 4 10 8 136
2 10 2 3 16 3 151
2 10 2 3 5 14 47
2 10 2 2 11 9 148
2 10 2 2 0 20 162
2 10 2 1 17 4 48
2 10 2 1 6 15 16
2 10 2 0 12 10 22
2 10 2 0 1 21 173
2 10 1 20 0 3 196
2 10 1 18 1 4 42
2 10 1 16 2 5 136
2 10 1 15 8 0 86
2 10 1 14 3 6 30
2 10 1 13 9 1 90
2 10 1 12 4 7 50
2 10 1 11 10 2 139
2 10 1 10 5 8 100
2 10 1 9 11 3 21
2 10 1 9 0 14 72
2 10 1 7 12 4 77
2 10 1 7 1 15 54
2 10 1 6 7 10 164
2 10 1 5 13 5 111
2 10 1 5 2 16 22
2 10 1 4 19 0 22
2 10 1 4 8 11 105
2 10 1 3 14 6 52
2 10 1 3 3 17 72
2 10 1 2 20 1 172
2 10 1 2 9 12 132
2 10 1 1 15 7 154
2 10 1 1 4 18 62
2 10 1 0 21 2 12
2 10 1 0 10 13 174
2 10 0 21 3 0 177
2 10 0 19 4 1 13
2 10 0 17 5 2 175
2 10 0 16 0 8 37
2 10 0 15 6 3 117
2 10 0 14 1 9 13
2 10 0 13 7 4 190
2 10 0 12 2 10 56
2 10 0 11 8 5 60
2 10 0 10 14 0 181
2 10 0 10 3 11 21
2 10 0 9 9 6 48
2 10 0 8 15 1 83
2 10 0 8 4 12 23
2 10 0 7 10 7 32
2 10 0 6 16 2 55
2 10 0 6 5 13 65
2 10 0 5 11 8 129
2 10 0 5 0 19 155
2 10 0 4 17 3 31
2 10 0 4 6 14 62
2 10 0 3 12 9 5
2 10 0 3 1 20 140
2 10 0 2 18 4 9
2 10 0 2 7 15 7
2 10 0 1 13 10 54
2 10 0 1 2 21 178
2 10 0 0 19 5 145
2 10 0 0 8 16 116
2 9 23 2 0 0 65
2 9 23 0 1 1 168
2 9 21 3 1 0 95
2 9 21 1 2 1 96
2 9 20 1 0 4 18
2 9 19 4 2 0 191
2 9 19 2 3 1 60
2 9 19 0 4 2 142
2 9 18 4 0 3 147
2 9 18 2 1 4 44
2 9 18 0 2 5 157
2 9 17 5 3 0 7
2 9 17 3 4 1 63
2 9 17 1 5 2 61
2 9 17 0 0 8 174
2 9 16 7 0 2 116
2 9 16 5 1 3 26
2 9 16 3 2 4 61
2 9 16 1 3 5 2
2 9 16 0 9 0 94
2 9 15 6 4 0 120
2 9 15 4 5 1 28
2 9 15 3 0 7 24
2 9 15 2 6 2 81
2 9 15 1 1 8 108
2 9 15 0 7 3 134
2 9 14 10 0 1 168
2 9 14 8 1 2 19
2 9 14 6 2 3 113
2 9 14 4 3 4 95
2 9 14 2 4 5 72
2 9 14 1 10 0 169
2 9 14 0 5 6 9
2 9 13 7 5 0 148
2 9 13 6 0 6 189
2 9 13 5 6 1 136
2 9 13 4 1 7 177
2 9 13 3 7 2 30
2 9 13 2 2 8 63
2 9 13 1 8 3 75
2 9 13 0 3 9 127
2 9 12 13 0 0 184
2 9 12 11 1 1 31
2 9 12 9 2 2 96
2 9 12 7 3 3 148
2 9 12 5 4 4 5
2 9 12 3 5 5 183
2 9 12 2 11 0 114
2 9 12 2 0 11 30
2 9 12 1 6 6 62
2 9 12 0 12 1 68
2 9 12 0 1 12 20
2 9 11 9 0 5 167
2 9 11 8 6 0 197
2 9 11 7 1 6 152
2 9 11 6 7 1 47
2 9 11 5 2 7 85
2 9 11 4 8 2 36
2 9 11 2 9 3 156
2 9 11 1 4 9 34
2 9 11 0 10 4 164
2 9 10 14 1 0 182
2 9 10 12 2 1 79
2 9 10 10 3 2 178
2 9 10 8 4 3 66
2 9 10 6 5 4 127
2 9 10 5 0 10 17
2 9 10 4 6 5 74
2 9 10 3 12 0 138
2 9 10 3 1 11 198
2 9 10 2 7 6 25
2 9 10 1 13 1 19
2 9 10 1 2 12 105
2 9 10 0 8 7 101
2 9 9 12 0 4 161
2 9 9 10 1 5 24
2 9 9 9 7 0 69
2 9 9 8 2 6 80
2 9 9 7 8 1 93
2 9 9 6 3 7 191
2 9 9 5 9 2 145
2 9 9 4 4 8 7
2 9 9 3 10 3 76
2 9 9 2 5 9 35
2 9 9 1 11 4 30
2 9 9 1 0 15 95
2 9 9 0 6 10 104
2 9 8 15 2 0 188
2 9 8 13 3 1 153
2 9 8 11 4 2 122
2 9 8 9 5 3 43
2 9 8 8 0 9 33
2 9 8 7 6 4 107
2 9 8 6 1 10 92
2 9 8 5 7 5 166
2 9 8 4 13 0 127
2 9 8 4 2 11 183
2 9 8 3 8 6 77
2 9 8 2 14 1 159
2 9 8 2 3 12 68
2 9 8 1 9 7 75
2 9 8 0 15 2 184
2 9 8 0 4 13 140
2 9 7 15 0 3 170
2 9 7 13 1 4 72
2 9 7 11 2 5 153
2 9 7 10 8 0 122
2 9 7 9 3 6 183
2 9 7 8 9 1 139
2 9 7 7 4 7 172
2 9 7 6 10 2 55
2 9 7 5 5 8 114
2 9 7 4 11 3 136
2 9 7 4 0 14 45
2 9 7 3 6 9 18
2 9 7 2 12 4 33
2 9 7 2 1 15 28
2 9 7 1 7 10 85
2 9 7 0 13 5 191
2 9 7 0 2 16 34
2 9 6 16 3 0 123
2 9 6 14 4 1 190
2 9 6 12 5 2 123
2 9 6 11 0 8 28
2 9 6 10 6 3 51
2 9 6 9 1 9 128
2 9 6 8 7 4 25
2 9 6 7 2 10 154
2 9 6 6 8 5 72
2 9 6 5 14 0 65
2 9 6 5 3 11 190
2 9 6 4 9 6 140
2 9 6 3 15 1 183
2 9 6 3 4 12 146
2 9 6 2 10 7 18
2 9 6 1 16 2 64
2 9 6 1 5 13 179
2 9 6 0 11 8 190
2 9 6 0 0 19 169
2 9 5 18 0 2 113
2 9 5 16 1 3 81
2 9 5 14 2 4 163
2 9 5 12 3 5 93
2 9 5 11 9 0 82
2 9 5 10 4 6 189
2 9 5 9 10 1 154
2 9 5 8 5 7 10
2 9 5 7 11 2 92
2 9 5 7 0 13 195
2 9 5 6 6 8 162
2 9 5 5 12 3 153
2 9 5 5 1 14 150
2 9 5 4 7 9 50
2 9 5 3 13 4 65
2 9 5 3 2 15 174
2 9 5 2 8 10 171
2 9 5 1 14 5 2
2 9 5 1 3 16 67
2 9 5 0 20 0 50
2 9 5 0 9 11 135
2 9 4 17 4 0 28
2 9 4 14 0 7 172
2 9 4 13 6 2 178
2 9 4 12 1 8 175
2 9 4 11 7 3 85
2 9 4 10 2 9 87
2 9 4 9 8 4 75
2 9 4 8 3 10 84
2 9 4 7 9 5 146
2 9 4 6 15 0 73
2 9 4 6 4 11 141
2 9 4 5 10 6 143
2 9 4 4 16 1 56
2 9 4 4 5 12 26
2 9 4 3 11 7 182
2 9 4 3 0 18 148
2 9 4 2 17 2 54
2 9 4 2 6 13 161
2 9 4 1 12 8 65
2 9 4 1 1 19 142
2 9 4 0 18 3 10
2 9 3 21 0 1 11
2 9 3 19 1 2 94
2 9 3 17 2 3 16
2 9 3 15 3 4 134
2 9 3 13 4 5 89
2 9 3 12 10 0 167
2 9 3 11 5 6 46
2 9 3 10 11 1 70
2 9 3 10 0 12 53
2 9 3 9 6 7 109
2 9 3 8 12 2 116
2 9 3 8 1 13 147
2 9 3 7 7 8 15
2 9 3 6 13 3 5
2 9 3 6 2 14 40
2 9 3 5 8 9 191
2 9 3 4 14 4 9
2 9 3 4 3 15 148
2 9 3 3 9 10 147
2 9 3 2 15 5 119
2 9 3 2 4 16 12
2 9 3 1 21 0 178
2 9 3 1 10 11 87
2 9 3 0 16 6 180
2 9 3 0 5 17 40
2 9 2 18 5 0 97
2 9 2 17 0 6 148
2 9 2 16 6 1 37
2 9 2 15 1 7 43
2 9 2 14 7 2 177
2 9 2 13 2 8 197
2 9 2 12 8 3 22
2 9 2 11 3 9 59
2 9 2 10 9 4 69
2 9 2 9 4 10 64
2 9 2 8 10 5 86
2 9 2 7 16 0 115
2 9 2 7 5 11 25
2 9 2 6 11 6 71
2 9 2 6 0 17 150
2 9 2 5 17 1 148
2 9 2 5 6 12 140
2 9 2 4 12 7 134
2 9 2 4 1 18 165
2 9 2 3 18 2 54
2 9 2 3 7 13 34
2 9 2 2 13 8 138
2 9 2 2 2 19 107
2 9 2 1 19 3 51
2 9 2 1 8 14 185
2 9 2 0 14 9 81
2 9 2 0 3 20 111
2 9 1 24 0 0 119
2 9 1 22 1 1 161
2 9 1 20 2 2 155
2 9 1 18 3 3 149
2 9 1 16 4 4 101
2 9 1 14 5 5 162
2 9 1 13 11 0 80
2 9 1 13 0 11 163
2 9 1 12 6 6 167
2 9 1 11 12 1 19
2 9 1 11 1 12 91
2 9 1 10 7 7 144
2 9 1 9 13 2 196
2 9 1 9 2 13 178
2 9 1 8 8 8 43
2 9 1 7 14 3 51
2 9 1 7 3 14 113
2 9 1 6 9 9 1
2 9 1 5 15 4 115
2 9 1 5 4 15 77
2 9 1 4 10 10 168
2 9 1 3 16 5 40
2 9 1 3 5 16 181
2 9 1 2 22 0 110
2 9 1 2 11 11 60
2 9 1 2 0 22 100
2 9 1 1 17 6 123
2 9 1 1 6 17 134
2 9 1 0 23 1 150
2 9 1 0 12 12 28
2 9 1 0 1 23 149
2 9 0 20 0 5 138
2 9 0 19 6 0 96
2 9 0 18 1 6 152
2 9 0 17 7 1 13
2 9 0 16 2 7 123
2 9 0 15 8 2 167
2 9 0 14 3 8 196
2 9 0 13 9 3 19
2 9 0 12 4 9 49
2 9 0 11 10 4 153
2 9 0 10 5 10 96
2 9 0 9 11 5 101
2 9 0 9 0 16 91
2 9 0 8 17 0 35
2 9 0 8 6 11 99
2 9 0 7 12 6 57
2 9 0 7 1 17 65
2 9 0 6 18 1 107
2 9 0 6 7 12 67
2 9 0 5 13 7 124
2 9 0 5 2 18 44
2 9 0 4 19 2 137
2 9 0 4 8 13 54
2 9 0 3 14 8 178
2 9 0 3 3 19 168
2 9 0 2 20 3 115
2 9 0 2 9 14 39
2 9 0 1 15 9 62
2 9 0 1 4 20 195
2 9 0 0 21 4 178
2 9 0 0 10 15 91
2 8 23 0 3 0 126
2 8 22 2 0 2 147
2 8 22 0 1 3 63
2 8 21 1 4 0 136
2 8 20 5 0 1 29
2 8 20 3 1 2 133
2 8 20 1 2 3 52
2 8 19 2 5 0 155
2 8 19 1 0 6 130
2 8 19 0 6 1 62
2 8 18 8 0 0 138
2 8 18 6 1 1 18
2 8 18 4 2 2 158
2 8 18 2 3 3 144
2 8 18 0 4 4 196
2 8 17 4 0 5 97
2 8 17 3 6 0 154
2 8 17 2 1 6 125
2 8 17 1 7 1 142
2 8 17 0 2 7 187
2 8 16 9 1 0 8
2 8 16 7 2 1 149
2 8 16 5 3 2 151
2 8 16 3 4 3 193
2 8 16 1 5 4 82
2 8 16 0 0 10 113
2 8 15 7 0 4 128
2 8 15 5 1 5 162
2 8 15 4 7 0 113
2 8 15 3 2 6 185
2 8 15 2 8 1 15
2 8 15 1 3 7 171
2 8 15 0 9 2 134
2 8 14 10 2 0 23
2 8 14 8 3 1 33
2 8 14 6 4 2 3
2 8 14 4 5 3 165
2 8 14 3 0 9 121
2 8 14 2 6 4 21
2 8 14 1 1 10 43
2 8 14 0 7 5 167
2 8 13 10 0 3 24
2 8 13 8 1 4 62
2 8 13 6 2 5 107
2 8 13 5 8 0 21
2 8 13 4 3 6 125
2 8 13 3 9 1 197
2 8 13 2 4 7 83
2 8 13 1 10 2 157
2 8 13 0 5 8 23
2 8 12 11 3 0 27
2 8 12 9 4 1 147
2 8 12 7 5 2 73
2 8 12 6 0 8 112
2 8 12 5 6 3 110
2 8 12 4 1 9 26
2 8 12 3 7 4 25
2 8 12 2 2 10 12
2 8 12 1 8 5 129
2 8 12 0 14 0 140
2 8 12 0 3 11 164
2 8 11 13 0 2 93
2 8 11 11 1 3 135
2 8 11 9 2 4 192
2 8 11 7 3 5 6
2 8 11 6 9 0 70
2 8 11 5 4 6 14
2 8 11 4 10 1 9
2 8 11 3 5 7 104
2 8 11 2 11 2 184
2 8 11 2 0 13 12
2 8 11 1 6 8 7
2 8 11 0 12 3 69
2 8 11 0 1 14 11
2 8 10 12 4 0 87
2 8 10 10 5 1 102
2 8 10 9 0 7 47
2 8 10 8 6 2 9
2 8 10 7 1 8 173
2 8 10 6 7 3 83
2 8 10 5 2 9 129
2 8 10 4 8 4 155
2 8 10 3 3 10 72
2 8 10 2 9 5 51
2 8 10 1 15 0 110
2 8 10 1 4 11 155
2 8 10 0 10 6 166
2 8 9 16 0 1 90
2 8 9 14 1 2 70
2 8 9 12 2 3 176
2 8 9 10 3 4 144
2 8 9 8 4 5 182
2 8 9 7 10 0 176
2 8 9 6 5 6 189
2 8 9 5 11 1 75
2 8 9 5 0 12 2
2 8 9 4 6 7 88
2 8 9 3 12 2 182
2 8 9 3 1 13 119
2 8 9 2 7 8 119
2 8 9 1 13 3 132
2 8 9 1 2 14 159
2 8 9 0 8 9 20
2 8 8 13 5 0 87
2 8 8 12 0 6 91
2 8 8 11 6 1 154
2 8 8 10 1 7 38
2 8 8 9 7 2 119
2 8 8 8 2 8 72
2 8 8 7 8 3 118
2 8 8 6 3 9 20
2 8 8 5 9 4 159
2 8 8 4 4 10 198
2 8 8 3 10 5 146
2 8 8 2 16 0 3
2 8 8 2 5 11 70
2 8 8 1 11 6 124
2 8 8 1 0 17 1
2 8 8 0 17 1 100
2 8 8 0 6 12 134
2 8 7 19 0 0 24
2 8 7 17 1 1 168
2 8 7 15 2 2 43
2 8 7 13 3 3 128
2 8 7 11 4 4 13
2 8 7 9 5 5 119
2 8 7 8 11 0 21
2 8 7 8 0 11 128
2 8 7 7 6 6 115
2 8 7 6 12 1 180
2 8 7 6 1 12 179
2 8 7 5 7 7 151
2 8 7 4 13 2 35
2 8 7 4 2 13 98
2 8 7 3 8 8 98
2 8 7 2 14 3 22
2 8 7 2 3 14 20
2 8 7 1 9 9 156
2 8 7 0 15 4 17
2 8 7 0 4 15 182
2 8 6 15 0 5 102
2 8 6 14 6 0 164
2 8 6 13 1 6 80
2 8 6 12 7 1 133
2 8 6 11 2 7 44
2 8 6 10 8 2 166
2 8 6 9 3 8 134
2 8 6 8 9 3 60
2 8 6 7 4 9 111
2 8 6 6 10 4 186
2 8 6 5 5 10 196
2 8 6 4 11 5 111
2 8 6 4 0 16 188
2 8 6 3 17 0 115
2 8 6 3 6 11 153
2 8 6 2 12 6 52
2 8 6 2 1 17 159
2 8 6 1 18 1 192
2 8 6 1 7 12 119
2 8 6 0 13 7 156
2 8 6 0 2 18 41
2 8 5 20 1 0 46
2 8 5 18 2 1 22
2 8 5 16 3 2 68
2 8 5 14 4 3 138
2 8 5 12 5 4 52
2 8 5 11 0 10 48
2 8 5 10 6 5 172
2 8 5 9 12 0 26
2 8 5 9 1 11 5
2 8 5 8 7 6 160
2 8 5 7 13 1 5
2 8 5 7 2 12 185
2 8 5 6 8 7 13
2 8 5 5 14 2 37
2 8 5 5 3 13 198
2 8 5 4 9 8 38
2 8 5 3 15 3 126
2 8 5 3 4 14 163
2 8 5 2 10 9 58
2 8 5 1 16 4 190
2 8 5 1 5 15 116
2 8 5 0 11 10 88
2 8 5 0 0 21 137
2 8 4 18 0 4 192
2 8 4 16 1 5 122
2 8 4 15 7 0 187
2 8 4 14 2 6 108
2 8 4 13 8 1 126
2 8 4 12 3 7 91
2 8 4 11 9 2 151
2 8 4 10 4 8 79
2 8 4 9 10 3 198
2 8 4 8 5 9 105
2 8 4 7 11 4 106
2 8 4 7 0 15 9
2 8 4 6 6 10 125
2 8 4 5 12 5 61
2 8 4 5 1 16 178
2 8 4 4 18 0 92
2 8 4 4 7 11 136
2 8 4 3 13 6 67
2 8 4 3 2 17 191
2 8 4 2 19 1 36
2 8 4 2 8 12 167
2 8 4 1 14 7 156
2 8 4 1 3 18 136
2 8 4 0 20 2 93
2 8 4 0 9 13 18
2 8 3 21 2 0 175
2 8 3 19 3 1 158
2 8 3 17 4 2 158
2 8 3 15 5 3 198
2 8 3 14 0 9 112
2 8 3 13 6 4 71
2 8 3 12 1 10 6
2 8 3 11 7 5 163
2 8 3 10 13 0 64
2 8 3 10 2 11 59
2 8 3 9 8 6 161
2 8 3 8 14 1 76
2 8 3 8 3 12 6
2 8 3 7 9 7 62
2 8 3 6 15 2 75
2 8 3 5 10 8 161
2 8 3 4 16 3 197
2 8 3 4 5 14 120
2 8 3 3 11 9 58
2 8 3 3 0 20 82
2 8 3 2 17 4 61
2 8 3 2 6 15 159
2 8 3 1 12 10 131
2 8 3 1 1 21 163
2 8 3 0 18 5 145
2 8 3 0 7 16 104
2 8 2 21 0 3 39
2 8 2 19 1 4 92
2 8 2 17 2 5 132
2 8 2 16 8 0 177
2 8 2 15 3 6 137
2 8 2 14 9 1 140
2 8 2 13 4 7 120
2 8 2 12 10 2 11
2 8 2 11 5 8 91
2 8 2 10 11 3 6
2 8 2 10 0 14 9
2 8 2 9 6 9 6
2 8 2 8 12 4 158
2 8 2 8 1 15 62
2 8 2 7 7 10 188
2 8 2 6 13 5 150
2 8 2 6 2 16 149
2 8 2 5 19 0 11
2 8 2 5 8 11 28
2 8 2 4 14 6 45
2 8 2 4 3 17 60
2 8 2 3 20 1 34
2 8 2 3 9 12 14
2 8 2 2 15 7 65
2 8 2 2 4 18 71
2 8 2 1 21 2 135
2 8 2 1 10 13 97
2 8 2 0 16 8 121
2 8 2 0 5 19 19
2 8 1 22 3 0 99
2 8 1 20 4 1 44
2 8 1 18 5 2 128
2 8 1 17 0 8 17
2 8 1 16 6 3 135
2 8 1 15 1 9 38
2 8 1 14 7 4 71
2 8 1 13 2 10 115
2 8 1 12 8 5 131
2 8 1 11 14 0 13
2 8 1 11 3 11 24
2 8 1 10 9 6 184
2 8 1 9 15 1 185
2 8 1 9 4 12 128
2 8 1 8 10 7 110
2 8 1 7 16 2 93
2 8 1 7 5 13 119
2 8 1 6 11 8 161
2 8 1 6 0 19 39
2 8 1 5 17 3 11
2 8 1 5 6 14 32
2 8 1 4 12 9 76
2 8 1 4 1 20 38
2 8 1 3 18 4 174
2 8 1 3 7 15 130
2 8 1 2 13 10 131
2 8 1 2 2 21 14
2 8 1 1 19 5 35
2 8 1 1 8 16 18
2 8 1 0 25 0 117
2 8 1 0 14 11 100
2 8 1 0 3 22 90
2 8 0 24 0 2 50
2 8 0 22 1 3 153
2 8 0 20 2 4 3
2 8 0 18 3 5 64
2 8 0 17 9 0 90
2 8 0 16 4 6 19
2 8 0 15 10 1 44
2 8 0 14 5 7 100
2 8 0 13 11 2 180
2 8 0 13 0 13 138
2 8 0 12 6 8 166
2 8 0 11 12 3 74
2 8 0 11 1 14 102
2 8 0 10 7 9 77
2 8 0 9 13 4 105
2 8 0 9 2 15 7
2 8 0 8 8 10 119
2 8 0 7 14 5 118
2 8 0 7 3 16 19
2 8 0 6 20 0 62
2 8 0 6 9 11 156
2 8 0 5 15 6 164
2 8 0 5 4 17 26
2 8 0 4 21 1 39
2 8 0 4 10 12 6
2 8 0 3 16 7 180
2 8 0 3 5 18 173
2 8 0 2 22 2 137
2 8 0 2 11 13 163
2 8 0 2 0 24 104
2 8 0 1 17 8 124
2 8 0 1 6 19 80
2 8 0 0 23 3 126
2 8 0 0 12 14 74
2 8 0 0 1 25 58
2 7 26 0 0 1 185
2 7 24 3 0 0 130
2 7 24 1 1 1 163
2 7 22 4 1 0 18
2 7 22 2 2 1 164
2 7 22 0 3 2 149
2 7 21 2 0 4 102
2 7 21 0 1 5 18
2 7 20 5 2 0 10
2 7 20 3 3 1 197
2 7 20 1 4 2 178
2 7 19 5 0 3 142
2 7 19 3 1 4 74
2 7 19 1 2 5 41
2 7 19 0 8 0 154
2 7 18 6 3 0 125
2 7 18 4 4 1 67
2 7 18 2 5 2 36
2 7 18 1 0 8 16
2 7 18 0 6 3 12
2 7 17 8 0 2 106
2 7 17 6 1 3 121
2 7 17 4 2 4 84
2 7 17 2 3 5 101
2 7 17 1 9 0 34
2 7 17 0 4 6 158
2 7 16 7 4 0 127
2 7 16 5 5 1 84
2 7 16 4 0 7 6
2 7 16 3 6 2 35
2 7 16 2 1 8 39
2 7 16 1 7 3 122
2 7 16 0 2 9 84
2 7 15 11 0 1 136
2 7 15 9 1 2 26
2 7 15 7 2 3 15
2 7 15 5 3 4 136
2 7 15 3 4 5 163
2 7 15 2 10 0 144
2 7 15 1 5 6 164
2 7 15 0 11 1 21
2 7 15 0 0 12 134
2 7 14 8 5 0 61
2 7 14 7 0 6 18
2 7 14 6 6 1 75
2 7 14 5 1 7 30
2 7 14 4 7 2 78
2 7 14 3 2 8 133
2 7 14 2 8 3 186
2 7 14 1 3 9 15
2 7 14 0 9 4 85
2 7 13 14 0 0 194
2 7 13 12 1 1 137
2 7 13 10 2 2 25
2 7 13 8 3 3 198
2 7 13 6 4 4 13
2 7 13 4 5 5 170
2 7 13 3 11 0 37
2 7 13 3 0 11 19
2 7 13 2 6 6 113
2 7 13 1 12 1 70
2 7 13 1 1 12 147
2 7 13 0 7 7 127
2 7 12 10 0 5 34
2 7 12 9 6 0 39
2 7 12 8 1 6 74
2 7 12 7 7 1 61
2 7 12 6 2 7 147
2 7 12 5 8 2 39
2 7 12 4 3 8 93
2 7 12 3 9 3 27
2 7 12 2 4 9 181
2 7 12 1 10 4 152
2 7 12 0 5 10 188
2 7 11 15 1 0 32
2 7 11 13 2 1 140
2 7 11 11 3 2 30
2 7 11 9 4 3 100
2 7 11 7 5 4 174
2 7 11 6 0 10 66
2 7 11 5 6 5 84
2 7 11 4 12 0 74
2 7 11 4 1 11 62
2 7 11 3 7 6 164
2 7 11 2 13 1 11
2 7 11 2 2 12 115
2 7 11 1 8 7 101
2 7 11 0 14 2 7
2 7 11 0 3 13 56
2 7 10 13 0 4 131
2 7 10 11 1 5 84
2 7 10 10 7 0 81
2 7 10 9 2 6 40
2 7 10 8 8 1 172
2 7 10 7 3 7 95
2 7 10 6 9 2 162
2 7 10 5 4 8 195
2 7 10 4 10 3 147
2 7 10 3 5 9 96
2 7 10 2 11 4 171
2 7 10 2 0 15 159
2 7 10 1 6 10 32
2 7 10 0 12 5 13
2 7 10 0 1 16 181
2 7 9 16 2 0 6
2 7 9 14 3 1 60
2 7 9 12 4 2 13
2 7 9 10 5 3 135
2 7 9 9 0 9 88
2 7 9 8 6 4 197
2 7 9 7 1 10 115
2 7 9 6 7 5 148
2 7 9 5 13 0 145
2 7 9 5 2 11 196
2 7 9 4 8 6 50
2 7 9 3 14 1 132
2 7 9 3 3 12 33
2 7 9 2 9 7 128
2 7 9 1 15 2 15
2 7 9 1 4 13 87
2 7 9 0 10 8 87
2 7 8 16 0 3 45
2 7 8 14 1 4 20
2 7 8 12 2 5 55
2 7 8 11 8 0 141
2 7 8 10 3 6 26
2 7 8 9 9 1 22
2 7 8 8 4 7 24
2 7 8 7 10 2 91
2 7 8 6 5 8 155
2 7 8 5 11 3 163
2 7 8 5 0 14 93
2 7 8 4 6 9 115
2 7 8 3 12 4 82
2 7 8 3 1 15 145
2 7 8 2 7 10 173
2 7 8 1 13 5 169
2 7 8 1 2 16 86
2 7 8 0 19 0 87
2 7 8 0 8 11 45
2 7 7 17 3 0 88
2 7 7 15 4 1 53
2 7 7 13 5 2 30
2 7 7 12 0 8 85
2 7 7 11 6 3 18
2 7 7 10 1 9 62
2 7 7 9 7 4 182
2 7 7 7 8 5 161
2 7 7 6 14 0 158
2 7 7 6 3 11 112
2 7 7 5 9 6 130
2 7 7 4 15 1 140
2 7 7 4 4 12 11
2 7 7 3 10 7 19
2 7 7 2 16 2 147
2 7 7 2 5 13 72
2 7 7 1 11 8 10
2 7 7 1 0 19 95
2 7 7 0 17 3 80
2 7 7 0 6 14 160
2 7 6 19 0 2 175
2 7 6 17 1 3 74
2 7 6 15 2 4 76
2 7 6 13 3 5 144
2 7 6 12 9 0 89
2 7 6 11 4 6 187
2 7 6 10 10 1 196
2 7 6 9 5 7 49
2 7 6 8 11 2 130
2 7 6 8 0 13 133
2 7 6 7 6 8 174
2 7 6 6 12 3 158
2 7 6 6 1 14 15
2 7 6 5 7 9 165
2 7 6 4 13 4 24
2 7 6 4 2 15 148
2 7 6 3 8 10 158
2 7 6 2 14 5 94
2 7 6 2 3 16 169
2 7 6 1 20 0 60
2 7 6 1 9 11 97
2 7 6 0 15 6 182
2 7 6 0 4 17 6
2 7 5 18 4 0 150
2 7 5 16 5 1 145
2 7 5 15 0 7 187
2 7 5 14 6 2 7
2 7 5 13 1 8 19
2 7 5 12 7 3 119
2 7 5 11 2 9 106
2 7 5 10 8 4 110
2 7 5 9 3 10 183
2 7 5 8 9 5 12
2 7 5 7 15 0 138
2 7 5 7 4 11 134
2 7 5 6 10 6 123
2 7 5 5 16 1 68
2 7 5 5 5 12 144
2 7 5 4 11 7 25
2 7 5 4 0 18 105
2 7 5 3 17 2 50
2 7 5 3 6 13 95
2 7 5 2 12 8 80
2 7 5 2 1 19 193
2 7 5 1 7 14 84
2 7 5 0 13 9 100
2 7 5 0 2 20 22
2 7 4 22 0 1 97
2 7 4 20 1 2 46
2 7 4 18 2 3 47
2 7 4 16 3 4 10
2 7 4 14 4 5 167
2 7 4 13 10 0 29
2 7 4 12 5 6 184
2 7 4 11 11 1 17
2 7 4 11 0 12 134
2 7 4 10 6 7 167
2 7 4 9 12 2 134
2 7 4 9 1 13 132
2 7 4 8 7 8 17
2 7 4 7 13 3 165
2 7 4 7 2 14 35
2 7 4 6 8 9 82
2 7 4 5 14 4 61
2 7 4 5 3 15 136
2 7 4 4 9 10 37
2 7 4 3 15 5 47
2 7 4 3 4 16 153
2 7 4 2 21 0 12
2 7 4 2 10 11 110
2 7 4 1 16 6 176
2 7 4 1 5 17 175
2 7 4 0 22 1 169
2 7 4 0 11 12 147
2 7 4 0 0 23 22
2 7 3 19 5 0 88
2 7 3 18 0 6 160
2 7 3 17 6 1 188
2 7 3 16 1 7 128
2 7 3 15 7 2 75
2 7 3 14 2 8 154
2 7 3 13 8 3 100
2 7 3 12 3 9 82
2 7 3 11 9 4 94
2 7 3 10 4 10 114
2 7 3 9 10 5 115
2 7 3 8 16 0 7
2 7 3 8 5 11 110
2 7 3 7 11 6 104
2 7 3 7 0 17 194
2 7 3 6 17 1 5
2 7 3 6 6 12 16
2 7 3 5 12 7 138
2 7 3 5 1 18 34
2 7 3 4 18 2 146
2 7 3 4 7 13 20
2 7 3 3 13 8 127
2 7 3 3 2 19 144
2 7 3 2 19 3 39
2 7 3 2 8 14 54
2 7 3 1 14 9 94
2 7 3 1 3 20 98
2 7 3 0 20 4 77
2 7 3 0 9 15 6
2 7 2 25 0 0 144
2 7 2 23 1 1 122
2 7 2 21 2 2 42
2 7 2 19 3 3 81
2 7 2 17 4 4 68
2 7 2 15 5 5 58
2 7 2 14 11 0 128
2 7 2 14 0 11 62
2 7 2 13 6 6 117
2 7 2 12 12 1 172
2 7 2 12 1 12 176
2 7 2 11 7 7 174
2 7 2 10 13 2 106
2 7 2 10 2 13 81
2 7 2 9 8 8 31
2 7 2 8 14 3 185
2 7 2 8 3 14 40
2 7 2 7 9 9 91
2 7 2 6 15 4 190
2 7 2 6 4 15 134
2 7 2 5 10 10 35
2 7 2 4 16 5 31
2 7 2 4 5 16 70
2 7 2 3 22 0 164
2 7 2 3 11 11 63
2 7 2 3 0 22 182
2 7 2 2 17 6 32
2 7 2 2 6 17 179
2 7 2 1 23 1 10
2 7 2 1 12 12 135
2 7 2 1 1 23 109
2 7 2 0 18 7 76
2 7 2 0 7 18 56
2 7 1 21 0 5 97
2 7 1 20 6 0 159
2 7 1 19 1 6 134
2 7 1 18 7 1 195
2 7 1 17 2 7 19
2 7 1 16 8 2 175
2 7 1 15 3 8 24
2 7 1 14 9 3 87
2 7 1 13 4 9 46
2 7 1 12 10 4 164
2 7 1 11 5 10 171
2 7 1 10 11 5 97
2 7 1 10 0 16 186
2 7 1 9 17 0 176
2 7 1 9 6 11 95
2 7 1 8 12 6 166
2 7 1 8 1 17 171
2 7 1 7 18 1 104
2 7 1 7 7 12 29
2 7 1 6 13 7 139
2 7 1 6 2 18 194
2 7 1 5 19 2 183
2 7 1 5 8 13 66
2 7 1 4 14 8 50
2 7 1 4 3 19 108
2 7 1 3 20 3 186
2 7 1 3 9 14 86
2 7 1 2 15 9 162
2 7 1 1 21 4 86
2 7 1 1 10 15 151
2 7 1 0 16 10 181
2 7 1 0 5 21 58
2 7 0 26 1 0 19
2 7 0 24 2 1 118
2 7 0 22 3 2 2
2 7 0 20 4 3 152
2 7 0 18 5 4 111
2 7 0 17 0 10 96
2 7 0 16 6 5 198
2 7 0 15 12 0 48
2 7 0 15 1 11 2
2 7 0 14 7 6 178
2 7 0 13 13 1 81
2 7 0 13 2 12 64
2 7 0 12 8 7 180
2 7 0 11 14 2 37
2 7 0 11 3 13 44
2 7 0 10 9 8 134
2 7 0 9 15 3 40
2 7 0 9 4 14 127
2 7 0 8 10 9 13
2 7 0 7 16 4 78
2 7 0 7 5 15 166
2 7 0 6 11 10 147
2 7 0 6 0 21 190
2 7 0 5 17 5 78
2 7 0 5 6 16 177
2 7 0 4 23 0 122
2 7 0 4 12 11 43
2 7 0 4 1 22 172
2 7 0 3 18 6 121
2 7 0 3 7 17 154
2 7 0 2 24 1 191
2 7 0 2 13 12 25
2 7 0 2 2 23 65
2 7 0 1 19 7 39
2 7 0 1 8 18 136
2 7 0 0 25 2 56
2 7 0 0 14 13 22
2 7 0 0 3 24 155
2 6 26 0 2 0 48
2 6 25 0 0 3 11
2 6 24 1 3 0 146
2 6 23 3 0 2 72
2 6 23 1 1 3 58
2 6 22 2 4 0 166
2 6 22 0 5 1 90
2 6 21 6 0 1 142
2 6 21 4 1 2 185
2 6 21 2 2 3 197
2 6 21 0 3 4 188
2 6 20 3 5 0 123
2 6 20 2 0 6 197
2 6 20 1 6 1 120
2 6 20 0 1 7 53
2 6 19 9 0 0 96
2 6 19 7 1 1 21
2 6 19 5 2 2 84
2 6 19 3 3 3 179
2 6 19 1 4 4 122
2 6 18 5 0 5 16
2 6 18 4 6 0 60
2 6 18 3 1 6 93
2 6 18 2 7 1 110
2 6 18 1 2 7 30
2 6 18 0 8 2 137
2 6 17 10 1 0 113
2 6 17 8 2 1 99
2 6 17 6 3 2 161
2 6 17 4 4 3 135
2 6 17 2 5 4 142
2 6 17 1 0 10 29
2 6 17 0 6 5 5
2 6 16 8 0 4 146
2 6 16 6 1 5 128
2 6 16 5 7 0 145
2 6 16 4 2 6 110
2 6 16 3 8 1 28
2 6 16 1 9 2 55
2 6 16 0 4 8 153
2 6 15 11 2 0 197
2 6 15 9 3 1 101
2 6 15 7 4 2 171
2 6 15 5 5 3 139
2 6 15 4 0 9 135
2 6 15 3 6 4 141
2 6 15 2 1 10 123
2 6 15 1 7 5 10
2 6 15 0 13 0 102
2 6 15 0 2 11 167
2 6 14 11 0 3 148
2 6 14 9 1 4 33
2 6 14 7 2 5 99
2 6 14 6 8 0 174
2 6 14 5 3 6 84
2 6 14 4 9 1 150
2 6 14 3 4 7 187
2 6 14 2 10 2 70
2 6 14 1 5 8 134
2 6 14 0 11 3 70
2 6 14 0 0 14 129
2 6 13 12 3 0 162
2 6 13 10 4 1 72
2 6 13 8 5 2 173
2 6 13 7 0 8 57
2 6 13 6 6 3 108
2 6 13 5 1 9 63
2 6 13 4 7 4 132
2 6 13 3 2 10 176
2 6 13 2 8 5 42
2 6 13 1 14 0 197
2 6 13 1 3 11 62
2 6 13 0 9 6 157
2 6 12 14 0 2 167
2 6 12 12 1 3 163
2 6 12 10 2 4 158
2 6 12 8 3 5 162
2 6 12 7 9 0 76
2 6 12 6 4 6 147
2 6 12 5 10 1 117
2 6 12 4 5 7 198
2 6 12 3 11 2 3
2 6 12 3 0 13 34
2 6 12 2 6 8 183
2 6 12 1 12 3 53
2 6 12 1 1 14 42
2 6 12 0 7 9 77
2 6 11 13 4 0 41
2 6 11 11 5 1 183
2 6 11 10 0 7 42
2 6 11 9 6 2 58
2 6 11 8 1 8 162
2 6 11 7 7 3 75
2 6 11 6 2 9 117
2 6 11 5 8 4 121
2 6 11 4 3 10 133
2 6 11 3 9 5 15
2 6 11 2 15 0 175
2 6 11 2 4 11 148
2 6 11 1 10 6 175
2 6 11 0 16 1 198
2 6 11 0 5 12 35
2 6 10 17 0 1 67
2 6 10 15 1 2 13
2 6 10 13 2 3 190
2 6 10 11 3 4 184
2 6 10 9 4 5 116
2 6 10 8 10 0 16
2 6 10 7 5 6 62
2 6 10 6 11 1 75
2 6 10 6 0 12 17
2 6 10 5 6 7 69
2 6 10 4 12 2 88
2 6 10 4 1 13 151
2 6 10 3 7 8 169
2 6 10 2 13 3 51
2 6 10 2 2 14 181
2 6 10 1 8 9 132
2 6 10 0 14 4 114
2 6 10 0 3 15 117
2 6 9 14 5 0 159
2 6 9 13 0 6 92
2 6 9 12 6 1 13
2 6 9 11 1 7 63
2 6 9 10 7 2 171
2 6 9 9 2 8 87
2 6 9 8 8 3 58
2 6 9 7 3 9 31
2 6 9 6 9 4 109
2 6 9 5 4 10 67
2 6 9 4 10 5 139
2 6 9 3 16 0 121
2 6 9 3 5 11 91
2 6 9 2 11 6 91
2 6 9 2 0 17 81
2 6 9 1 17 1 55
2 6 9 1 6 12 177
2 6 9 0 12 7 100
2 6 9 0 1 18 170
2 6 8 20 0 0 141
2 6 8 18 1 1 184
2 6 8 16 2 2 117
2 6 8 14 3 3 49
2 6 8 12 4 4 61
2 6 8 10 5 5 170
2 6 8 9 11 0 194
2 6 8 9 0 11 90
2 6 8 8 6 6 60
2 6 8 7 12 1 183
2 6 8 7 1 12 128
2 6 8 6 7 7 89
2 6 8 5 13 2 25
2 6 8 5 2 13 154
2 6 8 4 8 8 129
2 6 8 3 14 3 175
2 6 8 3 3 14 45
2 6 8 2 9 9 115
2 6 8 1 15 4 58
2 6 8 1 4 15 46
2 6 8 0 10 10 197
2 6 7 16 0 5 81
2 6 7 15 6 0 76
2 6 7 14 1 6 22
2 6 7 13 7 1 43
2 6 7 12 2 7 156
2 6 7 11 8 2 107
2 6 7 10 3 8 34
2 6 7 9 9 3 157
2 6 7 8 4 9 142
2 6 7 7 10 4 194
2 6 7 6 5 10 26
2 6 7 5 11 5 136
2 6 7 5 0 16 162
2 6 7 4 17 0 93
2 6 7 4 6 11 169
2 6 7 3 12 6 57
2 6 7 3 1 17 8
2 6 7 2 18 1 19
2 6 7 2 7 12 75
2 6 7 1 13 7 6
2 6 7 1 2 18 76
2 6 7 0 19 2 100
2 6 7 0 8 13 58
2 6 6 21 1 0 146
2 6 6 19 2 1 34
2 6 6 17 3 2 77
2 6 6 15 4 3 43
2 6 6 13 5 4 86
2 6 6 12 0 10 26
2 6 6 11 6 5 184
2 6 6 10 12 0 43
2 6 6 10 1 11 186
2 6 6 9 7 6 90
2 6 6 8 13 1 140
2 6 6 8 2 12 164
2 6 6 7 8 7 104
2 6 6 6 14 2 131
2 6 6 6 3 13 20
2 6 6 5 9 8 60
2 6 6 4 15 3 95
2 6 6 4 4 14 106
2 6 6 3 10 9 168
2 6 6 2 16 4 113
2 6 6 2 5 15 7
2 6 6 1 11 10 45
2 6 6 1 0 21 185
2 6 6 0 17 5 111
2 6 6 0 6 16 29
2 6 5 19 0 4 137
2 6 5 17 1 5 74
2 6 5 16 7 0 124
2 6 5 15 2 6 73
2 6 5 14 8 1 131
2 6 5 13 3 7 164
2 6 5 12 9 2 50
2 6 5 11 4 8 75
2 6 5 10 10 3 181
2 6 5 9 5 9 87
2 6 5 8 11 4 38
2 6 5 8 0 15 88
2 6 5 7 6 10 55
2 6 5 6 12 5 6
2 6 5 6 1 16 64
2 6 5 5 18 0 116
2 6 5 5 7 11 87
2 6 5 4 13 6 113
2 6 5 4 2 17 58
2 6 5 3 19 1 39
2 6 5 3 8 12 174
2 6 5 2 14 7 156
2 6 5 2 3 18 172
2 6 5 1 20 2 190
2 6 5 1 9 13 47
2 6 5 0 15 8 97
2 6 5 0 4 19 125
2 6 4 22 2 0 34
2 6 4 20 3 1 103
2 6 4 18 4 2 170
2 6 4 16 5 3 81
2 6 4 15 0 9 32
2 6 4 14 6 4 178
2 6 4 13 1 10 11
2 6 4 12 7 5 131
2 6 4 11 13 0 127
2 6 4 11 2 11 103
2 6 4 10 8 6 124
2 6 4 9 14 1 86
2 6 4 9 3 12 139
2 6 4 8 9 7 40
2 6 4 7 15 2 12
2 6 4 7 4 13 139
2 6 4 6 10 8 164
2 6 4 5 16 3 150
2 6 4 5 5 14 45
2 6 4 4 11 9 10
2 6 4 4 0 20 42
2 6 4 3 17 4 117
2 6 4 3 6 15 126
2 6 4 2 12 10 22
2 6 4 2 1 21 42
2 6 4 1 18 5 10
2 6 4 1 7 16 47
2 6 4 0 24 0 61
2 6 4 0 13 11 176
2 6 4 0 2 22 155
2 6 3 22 0 3 25
2 6 3 20 1 4 128
2 6 3 18 2 5 192
2 6 3 17 8 0 53
2 6 3 16 3 6 15
2 6 3 15 9 1 178
2 6 3 14 4 7 121
2 6 3 13 10 2 167
2 6 3 12 5 8 85
2 6 3 11 11 3 188
2 6 3 11 0 14 197
2 6 3 10 6 9 17
2 6 3 9 12 4 30
2 6 3 9 1 15 192
2 6 3 8 7 10 63
2 6 3 7 13 5 98
2 6 3 7 2 16 41
2 6 3 6 19 0 61
2 6 3 6 8 11 125
2 6 3 5 14 6 123
2 6 3 5 3 17 70
2 6 3 4 20 1 118
2 6 3 4 9 12 103
2 6 3 3 15 7 161
2 6 3 3 4 18 62
2 6 3 2 21 2 117
2 6 3 2 10 13 179
2 6 3 1 16 8 102
2 6 3 1 5 19 4
2 6 3 0 22 3 107
2 6 3 0 11 14 181
2 6 3 0 0 25 57
2 6 2 23 3 0 14
2 6 2 21 4 1 98
2 6 2 19 5 2 52
2 6 2 18 0 8 92
2 6 2 17 6 3 42
2 6 2 16 1 9 121
2 6 2 15 7 4 97
2 6 2 14 2 10 100
2 6 2 13 8 5 198
2 6 2 12 14 0 84
2 6 2 12 3 11 43
2 6 2 11 9 6 176
2 6 2 10 15 1 184
2 6 2 10 4 12 110
2 6 2 9 10 7 20
2 6 2 8 16 2 152
2 6 2 8 5 13 74
2 6 2 7 11 8 137
2 6 2 7 0 19 172
2 6 2 6 17 3 9
2 6 2 6 6 14 37
2 6 2 5 12 9 4
2 6 2 5 1 20 185
2 6 2 4 18 4 142
2 6 2 4 7 15 72
2 6 2 3 13 10 129
2 6 2 3 2 21 133
2 6 2 2 19 5 105
2 6 2 2 8 16 154
2 6 2 1 25 0 176
2 6 2 1 14 11 158
2 6 2 1 3 22 95
2 6 2 0 20 6 150
2 6 2 0 9 17 38
2 6 1 25 0 2 16
2 6 1 23 1 3 186
2 6 1 21 2 4 33
2 6 1 19 3 5 29
2 6 1 18 9 0 26
2 6 1 17 4 6 85
2 6 1 16 10 1 116
2 6 1 15 5 7 189
2 6 1 14 11 2 141
2 6 1 14 0 13 115
2 6 1 13 6 8 25
2 6 1 12 12 3 111
2 6 1 12 1 14 15
2 6 1 11 7 9 125
2 6 1 10 13 4 198
2 6 1 10 2 15 192
2 6 1 9 8 10 160
2 6 1 8 14 5 133
2 6 1 8 3 16 96
2 6 1 7 20 0 61
2 6 1 7 9 11 53
2 6 1 6 15 6 132
2 6 1 6 4 17 75
2 6 1 5 21 1 173
2 6 1 5 10 12 64
2 6 1 4 16 7 110
2 6 1 4 5 18 181
2 6 1 3 22 2 57
2 6 1 3 11 13 49
2 6 1 3 0 24 148
2 6 1 2 17 8 113
2 6 1 2 6 19 141
2 6 1 1 23 3 175
2 6 1 1 12 14 170
2 6 1 1 1 25 126
2 6 1 0 18 9 90
2 6 1 0 7 20 12
2 6 0 24 4 0 193
2 6 0 22 5 1 37
2 6 0 21 0 7 21
2 6 0 20 6 2 36
2 6 0 19 1 8 47
2 6 0 18 7 3 37
2 6 0 17 2 9 163
2 6 0 16 8 4 104
2 6 0 15 3 10 162
2 6 0 14 9 5 140
2 6 0 13 15 0 83
2 6 0 13 4 11 50
2 6 0 12 10 6 4
2 6 0 11 16 1 12
2 6 0 11 5 12 16
2 6 0 10 11 7 167
2 6 0 10 0 18 44
2 6 0 9 17 2 164
2 6 0 9 6 13 106
2 6 0 8 12 8 45
2 6 0 8 1 19 27
2 6 0 7 18 3 129
2 6 0 7 7 14 78
2 6 0 6 13 9 146
2 6 0 6 2 20 64
2 6 0 5 19 4 20
2 6 0 5 8 15 189
2 6 0 4 14 10 129
2 6 0 4 3 21 161
2 6 0 3 20 5 34
2 6 0 3 9 16 15
2 6 0 2 26 0 114
2 6 0 2 15 11 58
2 6 0 2 4 22 18
2 6 0 1 21 6 154
2 6 0 1 10 17 114
2 6 0 0 27 1 86
2 6 0 0 16 12 34
2 6 0 0 5 23 1
2 5 27 1 0 1 58
2 5 25 4 0 0 62
2 5 25 2 1 1 125
2 5 25 0 2 2 23
2 5 24 0 0 5 62
2 5 23 5 1 0 31
2 5 23 3 2 1 125
2 5 23 1 3 2 97
2 5 22 3 0 4 34
2 5 22 1 1 5 94
2 5 22 0 7 0 117
2 5 21 6 2 0 107
2 5 21 4 3 1 99
2 5 21 2 4 2 54
2 5 21 0 5 3 84
2 5 20 4 1 4 154
2 5 20 2 2 5 131
2 5 20 1 8 0 112
2 5 20 0 3 6 179
2 5 19 7 3 0 133
2 5 19 5 4 1 15
2 5 19 3 5 2 57
2 5 19 2 0 8 108
2 5 19 1 6 3 14
2 5 19 0 1 9 128
2 5 18 9 0 2 99
2 5 18 7 1 3 17
2 5 18 5 2 4 74
2 5 18 3 3 5 60
2 5 18 2 9 0 128
2 5 18 1 4 6 186
2 5 18 0 10 1 134
2 5 17 8 4 0 13
2 5 17 6 5 1 159
2 5 17 5 0 7 64
2 5 17 4 6 2 134
2 5 17 3 1 8 143
2 5 17 2 7 3 95
2 5 17 1 2 9 32
2 5 17 0 8 4 70
2 5 16 12 0 1 30
2 5 16 10 1 2 142
2 5 16 8 2 3 99
2 5 16 6 3 4 139
2 5 16 4 4 5 41
2 5 16 3 10 0 116
2 5 16 2 5 6 53
2 5 16 1 11 1 59
2 5 16 1 0 12 131
2 5 16 0 6 7 164
2 5 15 9 5 0 149
2 5 15 8 0 6 45
2 5 15 7 6 1 84
2 5 15 6 1 7 167
2 5 15 5 7 2 143
2 5 15 4 2 8 79
2 5 15 3 8 3 187
2 5 15 2 3 9 51
2 5 15 1 9 4 182
2 5 15 0 4 10 172
2 5 14 15 0 0 12
2 5 14 13 1 1 66
2 5 14 11 2 2 163
2 5 14 9 3 3 145
2 5 14 7 4 4 24
2 5 14 5 5 5 191
2 5 14 4 11 0 165
2 5 14 4 0 11 37
2 5 14 3 6 6 198
2 5 14 2 12 1 187
2 5 14 2 1 12 2
2 5 14 1 7 7 99
2 5 14 0 13 2 14
2 5 14 0 2 13 128
2 5 13 11 0 5 23
2 5 13 10 6 0 197
2 5 13 9 1 6 159
2 5 13 8 7 1 128
2 5 13 7 2 7 129
2 5 13 6 8 2 50
2 5 13 5 3 8 54
2 5 13 4 9 3 123
2 5 13 3 4 9 134
2 5 13 2 10 4 2
2 5 13 1 5 10 193
2 5 13 0 11 5 144
2 5 13 0 0 16 50
2 5 12 16 1 0 75
2 5 12 14 2 1 176
2 5 12 12 3 2 142
2 5 12 10 4 3 109
2 5 12 8 5 4 90
2 5 12 7 0 10 47
2 5 12 6 6 5 113
2 5 12 5 12 0 87
2 5 12 5 1 11 142
2 5 12 4 7 6 101
2 5 12 3 13 1 85
2 5 12 3 2 12 61
2 5 12 2 8 7 74
2 5 12 1 14 2 29
2 5 12 1 3 13 88
2 5 12 0 9 8 101
2 5 11 14 0 4 33
2 5 11 12 1 5 51
2 5 11 11 7 0 157
2 5 11 10 2 6 133
2 5 11 9 8 1 126
2 5 11 8 3 7 9
2 5 11 7 9 2 115
2 5 11 6 4 8 127
2 5 11 5 10 3 1
2 5 11 4 5 9 70
2 5 11 3 11 4 41
2 5 11 3 0 15 44
2 5 11 2 6 10 17
2 5 11 1 12 5 110
2 5 11 1 1 16 100
2 5 11 0 18 0 160
2 5 11 0 7 11 17
2 5 10 17 2 0 54
2 5 10 15 3 1 187
2 5 10 13 4 2 6
2 5 10 11 5 3 152
2 5 10 10 0 9 147
2 5 10 9 6 4 87
2 5 10 8 1 10 62
2 5 10 7 7 5 32
2 5 10 6 13 0 6
2 5 10 6 2 11 46
2 5 10 5 8 6 126
2 5 10 4 14 1 143
2 5 10 4 3 12 157
2 5 10 3 9 7 45
2 5 10 2 15 2 118
2 5 10 2 4 13 180
2 5 10 1 10 8 159
2 5 10 0 16 3 49
2 5 10 0 5 14 90
2 5 9 17 0 3 29
2 5 9 15 1 4 81
2 5 9 13 2 5 98
2 5 9 12 8 0 35
2 5 9 11 3 6 111
2 5 9 10 9 1 172
2 5 9 9 4 7 77
2 5 9 8 10 2 177
2 5 9 7 5 8 144
2 5 9 6 11 3 12
2 5 9 6 0 14 78
2 5 9 5 6 9 48
2 5 9 4 12 4 141
2 5 9 4 1 15 38
2 5 9 3 7 10 182
2 5 9 2 13 5 119
2 5 9 2 2 16 186
2 5 9 1 19 0 186
2 5 9 1 8 11 85
2 5 9 0 14 6 108
2 5 9 0 3 17 66
2 5 8 18 3 0 194
2 5 8 16 4 1 153
2 5 8 14 5 2 188
2 5 8 13 0 8 157
2 5 8 12 6 3 106
2 5 8 11 1 9 46
2 5 8 10 7 4 134
2 5 8 9 2 10 52
2 5 8 8 8 5 131
2 5 8 7 14 0 91
2 5 8 7 3 11 120
2 5 8 6 9 6 160
2 5 8 5 15 1 40
2 5 8 4 10 7 10
2 5 8 3 16 2 94
2 5 8 3 5 13 45
2 5 8 2 11 8 168
2 5 8 2 0 19 46
2 5 8 1 17 3 104
2 5 8 1 6 14 27
2 5 8 0 12 9 58
2 5 8 0 1 20 11
2 5 7 20 0 2 27
2 5 7 18 1 3 130
2 5 7 16 2 4 78
2 5 7 14 3 5 149
2 5 7 13 9 0 13
2 5 7 12 4 6 190
2 5 7 11 10 1 5
2 5 7 10 5 7 170
2 5 7 9 11 2 80
2 5 7 9 0 13 165
2 5 7 8 6 8 96
2 5 7 7 12 3 85
2 5 7 7 1 14 94
2 5 7 6 7 9 108
2 5 7 5 13 4 112
2 5 7 5 2 15 79
2 5 7 4 8 10 92
2 5 7 3 14 5 151
2 5 7 3 3 16 50
2 5 7 2 20 0 4
2 5 7 2 9 11 83
2 5 7 1 15 6 87
2 5 7 1 4 17 121
2 5 7 0 21 1 198
2 5 7 0 10 12 190
2 5 6 19 4 0 23
2 5 6 17 5 1 18
2 5 6 16 0 7 79
2 5 6 15 6 2 167
2 5 6 14 1 8 26
2 5 6 13 7 3 172
2 5 6 12 2 9 195
2 5 6 11 8 4 148
2 5 6 10 3 10 159
2 5 6 9 9 5 18
2 5 6 8 15 0 50
2 5 6 8 4 11 65
2 5 6 7 10 6 12
2 5 6 6 16 1 138
2 5 6 6 5 12 124
2 5 6 5 11 7 71
2 5 6 5 0 18 51
2 5 6 4 17 2 11
2 5 6 4 6 13 176
2 5 6 3 12 8 158
2 5 6 3 1 19 65
2 5 6 2 18 3 143
2 5 6 2 7 14 46
2 5 6 1 13 9 30
2 5 6 1 2 20 151
2 5 6 0 19 4 92
2 5 6 0 8 15 121
2 5 5 23 0 1 181
2 5 5 21 1 2 75
2 5 5 19 2 3 43
2 5 5 17 3 4 43
2 5 5 15 4 5 92
2 5 5 14 10 0 107
2 5 5 13 5 6 148
2 5 5 12 11 1 169
2 5 5 12 0 12 56
2 5 5 11 6 7 97
2 5 5 10 12 2 64
2 5 5 10 1 13 142
2 5 5 9 7 8 168
2 5 5 8 13 3 127
2 5 5 8 2 14 170
2 5 5 7 8 9 76
2 5 5 6 14 4 124
2 5 5 6 3 15 100
2 5 5 5 9 10 177
2 5 5 4 15 5 46
2 5 5 4 4 16 168
2 5 5 3 21 0 68
2 5 5 3 10 11 163
2 5 5 2 16 6 184
2 5 5 2 5 17 54
2 5 5 1 22 1 172
2 5 5 1 11 12 21
2 5 5 1 0 23 110
2 5 5 0 17 7 75
2 5 5 0 6 18 16
2 5 4 20 5 0 96
2 5 4 19 0 6 6
2 5 4 18 6 1 20
2 5 4 17 1 7 163
2 5 4 16 7 2 147
2 5 4 15 2 8 129
2 5 4 14 8 3 197
2 5 4 13 3 9 5
2 5 4 12 9 4 103
2 5 4 11 4 10 86
2 5 4 10 10 5 83
2 5 4 9 16 0 184
2 5 4 9 5 11 97
2 5 4 8 11 6 145
2 5 4 8 0 17 74
2 5 4 7 17 1 133
2 5 4 7 6 12 46
2 5 4 6 12 7 41
2 5 4 5 18 2 3
2 5 4 5 7 13 151
2 5 4 4 13 8 106
2 5 4 4 2 19 173
2 5 4 3 19 3 191
2 5 4 3 8 14 40
2 5 4 2 14 9 25
2 5 4 2 3 20 62
2 5 4 1 20 4 111
2 5 4 1 9 15 69
2 5 4 0 15 10 175
2 5 4 0 4 21 59
2 5 3 26 0 0 92
2 5 3 24 1 1 192
2 5 3 22 2 2 37
2 5 3 20 3 3 160
2 5 3 18 4 4 120
2 5 3 16 5 5 192
2 5 3 15 11 0 5
2 5 3 15 0 11 179
2 5 3 14 6 6 37
2 5 3 13 12 1 3
2 5 3 13 1 12 26
2 5 3 12 7 7 156
2 5 3 11 13 2 68
2 5 3 11 2 13 194
2 5 3 10 8 8 162
2 5 3 9 14 3 157
2 5 3 9 3 14 192
2 5 3 8 9 9 43
2 5 3 7 15 4 101
2 5 3 7 4 15 165
2 5 3 6 10 10 9
2 5 3 5 16 5 68
2 5 3 5 5 16 162
2 5 3 4 22 0 45
2 5 3 4 11 11 37
2 5 3 4 0 22 58
2 5 3 3 17 6 141
2 5 3 3 6 17 14
2 5 3 2 23 1 14
2 5 3 2 12 12 161
2 5 3 2 1 23 83
2 5 3 1 18 7 143
2 5 3 1 7 18 67
2 5 3 0 24 2 171
2 5 3 0 13 13 71
2 5 3 0 2 24 197
2 5 2 22 0 5 40
2 5 2 21 6 0 1
2 5 2 20 1 6 117
2 5 2 19 7 1 64
2 5 2 18 2 7 155
2 5 2 17 8 2 156
2 5 2 16 3 8 191
2 5 2 15 9 3 149
2 5 2 14 4 9 18
2 5 2 13 10 4 19
2 5 2 12 5 10 188
2 5 2 11 11 5 19
2 5 2 11 0 16 165
2 5 2 10 17 0 196
2 5 2 10 6 11 95
2 5 2 9 12 6 185
2 5 2 9 1 17 60
2 5 2 8 18 1 80
2 5 2 8 7 12 6
2 5 2 7 13 7 196
2 5 2 7 2 18 88
2 5 2 6 19 2 160
2 5 2 6 8 13 118
2 5 2 5 14 8 136
2 5 2 5 3 19 94
2 5 2 4 20 3 147
2 5 2 4 9 14 6
2 5 2 3 15 9 87
2 5 2 3 4 20 86
2 5 2 2 21 4 79
2 5 2 2 10 15 103
2 5 2 1 16 10 137
2 5 2 1 5 21 11
2 5 2 0 22 5 172
2 5 2 0 11 16 36
2 5 2 0 0 27 197
2 5 1 27 1 0 77
2 5 1 25 2 1 56
2 5 1 23 3 2 91
2 5 1 21 4 3 96
2 5 1 19 5 4 196
2 5 1 18 0 10 164
2 5 1 17 6 5 52
2 5 1 16 12 0 52
2 5 1 16 1 11 154
2 5 1 15 7 6 112
2 5 1 14 13 1 16
2 5 1 14 2 12 19
2 5 1 13 8 7 98
2 5 1 12 14 2 71
2 5 1 12 3 13 99
2 5 1 11 9 8 18
2 5 1 10 15 3 128
2 5 1 10 4 14 186
2 5 1 9 10 9 16
2 5 1 8 16 4 60
2 5 1 8 5 15 197
2 5 1 7 11 10 81
2 5 1 7 0 21 105
2 5 1 6 17 5 39
2 5 1 6 6 16 100
2 5 1 5 23 0 46
2 5 1 5 12 11 13
2 5 1 5 1 22 81
2 5 1 4 18 6 66
2 5 1 4 7 17 98
2 5 1 3 24 1 20
2 5 1 3 13 12 23
2 5 1 3 2 23 18
2 5 1 2 19 7 93
2 5 1 2 8 18 68
2 5 1 1 25 2 61
2 5 1 1 14 13 98
2 5 1 1 3 24 194
2 5 1 0 20 8 89
2 5 1 0 9 19 15
2 5 0 25 0 4 81
2 5 0 23 1 5 85
2 5 0 22 7 0 98
2 5 0 21 2 6 82
2 5 0 20 8 1 33
2 5 0 19 3 7 142
2 5 0 18 9 2 89
2 5 0 17 4 8 12
2 5 0 16 10 3 190
2 5 0 15 5 9 183
2 5 0 14 11 4 136
2 5 0 14 0 15 160
2 5 0 13 6 10 66
2 5 0 12 12 5 145
2 5 0 12 1 16 123
2 5 0 11 18 0 163
2 5 0 11 7 11 12
2 5 0 10 13 6 28
2 5 0 10 2 17 120
2 5 0 9 19 1 101
2 5 0 9 8 12 131
2 5 0 8 14 7 66
2 5 0 8 3 18 146
2 5 0 7 20 2 149
2 5 0 7 9 13 70
2 5 0 6 15 8 141
2 5 0 6 4 19 51
2 5 0 5 21 3 15
2 5 0 5 10 14 49
2 5 0 4 16 9 141
2 5 0 4 5 20 108
2 5 0 3 22 4 14
2 5 0 3 11 15 105
2 5 0 3 0 26 113
2 5 0 2 17 10 55
2 5 0 2 6 21 47
2 5 0 1 23 5 58
2 5 0 1 12 16 75
2 5 0 1 1 27 165
2 5 0 0 29 0 8
2 5 0 0 18 11 29
2 5 0 0 7 22 62
2 4 29 0 1 0 154
2 4 27 1 2 0 100
2 4 26 1 0 3 21
2 4 25 2 3 0 148
2 4 25 0 4 1 181
2 4 24 4 0 2 169
2 4 24 2 1 3 50
2 4 24 0 2 4 149
2 4 23 3 4 0 184
2 4 23 1 5 1 81
2 4 23 0 0 7 158
2 4 22 7 0 1 112
2 4 22 5 1 2 137
2 4 22 3 2 3 77
2 4 22 1 3 4 21
2 4 21 4 5 0 55
2 4 21 3 0 6 114
2 4 21 2 6 1 155
2 4 21 1 1 7 162
2 4 21 0 7 2 44
2 4 20 10 0 0 90
2 4 20 8 1 1 171
2 4 20 6 2 2 38
2 4 20 4 3 3 126
2 4 20 2 4 4 103
2 4 20 0 5 5 56
2 4 19 6 0 5 89
2 4 19 5 6 0 159
2 4 19 4 1 6 166
2 4 19 3 7 1 30
2 4 19 2 2 7 80
2 4 19 1 8 2 76
2 4 19 0 3 8 99
2 4 18 11 1 0 149
2 4 18 9 2 1 3
2 4 18 7 3 2 24
2 4 18 5 4 3 125
2 4 18 3 5 4 198
2 4 18 2 0 10 20
2 4 18 1 6 5 10
2 4 18 0 12 0 145
2 4 18 0 1 11 113
2 4 17 9 0 4 172
2 4 17 7 1 5 180
2 4 17 6 7 0 90
2 4 17 5 2 6 176
2 4 17 4 8 1 190
2 4 17 3 3 7 85
2 4 17 2 9 2 24
2 4 17 1 4 8 101
2 4 17 0 10 3 155
2 4 16 12 2 0 118
2 4 16 10 3 1 6
2 4 16 8 4 2 76
2 4 16 6 5 3 180
2 4 16 5 0 9 146
2 4 16 4 6 4 120
2 4 16 3 1 10 131
2 4 16 2 7 5 134
2 4 16 1 13 0 91
2 4 16 1 2 11 56
2 4 16 0 8 6 194
2 4 15 12 0 3 30
2 4 15 10 1 4 94
2 4 15 8 2 5 64
2 4 15 7 8 0 18
2 4 15 6 3 6 191
2 4 15 5 9 1 25
2 4 15 4 4 7 49
2 4 15 3 10 2 8
2 4 15 2 5 8 73
2 4 15 1 11 3 167
2 4 15 1 0 14 93
2 4 15 0 6 9 55
2 4 14 13 3 0 105
2 4 14 11 4 1 105
2 4 14 9 5 2 65
2 4 14 8 0 8 107
2 4 14 7 6 3 90
2 4 14 6 1 9 104
2 4 14 5 7 4 109
2 4 14 4 2 10 43
2 4 14 3 8 5 138
2 4 14 2 14 0 176
2 4 14 2 3 11 123
2 4 14 1 9 6 5
2 4 14 0 15 1 64
2 4 14 0 4 12 151
2 4 13 15 0 2 11
2 4 13 13 1 3 21
2 4 13 11 2 4 105
2 4 13 9 3 5 54
2 4 13 8 9 0 50
2 4 13 7 4 6 122
2 4 13 6 10 1 16
2 4 13 4 11 2 14
2 4 13 4 0 13 156
2 4 13 3 6 8 3
2 4 13 2 12 3 72
2 4 13 2 1 14 133
2 4 13 1 7 9 181
2 4 13 0 13 4 97
2 4 12 14 4 0 131
2 4 12 12 5 1 42
2 4 12 11 0 7 4
2 4 12 10 6 2 128
2 4 12 9 1 8 9
2 4 12 8 7 3 44
2 4 12 7 2 9 24
2 4 12 6 8 4 187
2 4 12 5 3 10 25
2 4 12 4 9 5 58
2 4 12 3 15 0 88
2 4 12 3 4 11 23
2 4 12 2 10 6 170
2 4 12 1 16 1 46
2 4 12 1 5 12 177
2 4 12 0 11 7 155
2 4 12 0 0 18 22
2 4 11 18 0 1 195
2 4 11 16 1 2 187
2 4 11 14 2 3 97
2 4 11 12 3 4 140
2 4 11 10 4 5 74
2 4 11 9 10 0 146
2 4 11 8 5 6 110
2 4 11 7 11 1 149
2 4 11 7 0 12 158
2 4 11 6 6 7 182
2 4 11 5 12 2 151
2 4 11 5 1 13 61
2 4 11 4 7 8 164
2 4 11 3 13 3 72
2 4 11 3 2 14 76
2 4 11 2 8 9 186
2 4 11 1 14 4 133
2 4 11 1 3 15 66
2 4 11 0 9 10 32
2 4 10 15 5 0 157
2 4 10 14 0 6 180
2 4 10 13 6 1 55
2 4 10 12 1 7 78
2 4 10 11 7 2 122
2 4 10 10 2 8 81
2 4 10 9 8 3 196
2 4 10 8 3 9 134
2 4 10 7 9 4 50
2 4 10 6 4 10 179
2 4 10 5 10 5 59
2 4 10 4 16 0 147
2 4 10 4 5 11 192
2 4 10 3 11 6 141
2 4 10 3 0 17 72
2 4 10 2 17 1 23
2 4 10 2 6 12 100
2 4 10 1 12 7 18
2 4 10 1 1 18 80
2 4 10 0 18 2 166
2 4 10 0 7 13 79
2 4 9 21 0 0 35
2 4 9 19 1 1 157
2 4 9 17 2 2 133
2 4 9 15 3 3 114
2 4 9 13 4 4 83
2 4 9 11 5 5 60
2 4 9 10 11 0 129
2 4 9 10 0 11 56
2 4 9 9 6 6 185
2 4 9 8 12 1 53
2 4 9 8 1 12 169
2 4 9 7 7 7 112
2 4 9 6 13 2 21
2 4 9 6 2 13 50
2 4 9 5 8 8 14
2 4 9 4 14 3 4
2 4 9 4 3 14 74
2 4 9 3 9 9 97
2 4 9 2 15 4 88
2 4 9 2 4 15 37
2 4 9 1 10 10 171
2 4 9 0 16 5 6
2 4 9 0 5 16 135
2 4 8 17 0 5 41
2 4 8 16 6 0 144
2 4 8 15 1 6 159
2 4 8 14 7 1 86
2 4 8 13 2 7 92
2 4 8 12 8 2 166
2 4 8 11 3 8 21
2 4 8 10 9 3 124
2 4 8 9 4 9 75
2 4 8 8 10 4 167
2 4 8 7 5 10 64
2 4 8 6 11 5 127
2 4 8 6 0 16 52
2 4 8 5 17 0 55
2 4 8 5 6 11 106
2 4 8 4 12 6 196
2 4 8 4 1 17 99
2 4 8 3 18 1 82
2 4 8 3 7 12 12
2 4 8 2 13 7 13
2 4 8 2 2 18 52
2 4 8 1 19 2 164
2 4 8 1 8 13 179
2 4 8 0 14 8 120
2 4 8 0 3 19 135
2 4 7 22 1 0 169
2 4 7 20 2 1 124
2 4 7 18 3 2 99
2 4 7 16 4 3 102
2 4 7 14 5 4 31
2 4 7 13 0 10 27
2 4 7 12 6 5 180
2 4 7 11 12 0 33
2 4 7 11 1 11 71
2 4 7 10 7 6 49
2 4 7 9 13 1 25
2 4 7 9 2 12 128
2 4 7 8 8 7 46
2 4 7 7 14 2 69
2 4 7 7 3 13 180
2 4 7 6 9 8 118
2 4 7 5 15 3 95
2 4 7 5 4 14 48
2 4 7 4 10 9 61
2 4 7 3 16 4 168
2 4 7 3 5 15 20
2 4 7 2 11 10 83
2 4 7 2 0 21 124
2 4 7 1 17 5 104
2 4 7 1 6 16 50
2 4 7 0 23 0 54
2 4 7 0 12 11 134
2 4 7 0 1 22 62
2 4 6 20 0 4 9
2 4 6 18 1 5 185
2 4 6 17 7 0 52
2 4 6 16 2 6 25
2 4 6 15 8 1 1
2 4 6 14 3 7 125
2 4 6 13 9 2 90
2 4 6 12 4 8 147
2 4 6 11 10 3 158
2 4 6 10 5 9 152
2 4 6 9 11 4 166
2 4 6 9 0 15 93
2 4 6 8 6 10 15
2 4 6 7 12 5 105
2 4 6 7 1 16 91
2 4 6 6 18 0 72
2 4 6 6 7 11 119
2 4 6 5 13 6 128
2 4 6 5 2 17 190
2 4 6 4 19 1 123
2 4 6 4 8 12 127
2 4 6 3 14 7 66
2 4 6 3 3 18 168
2 4 6 2 20 2 118
2 4 6 2 9 13 70
2 4 6 1 15 8 101
2 4 6 1 4 19 28
2 4 6 0 21 3 123
2 4 6 0 10 14 148
2 4 5 23 2 0 119
2 4 5 21 3 1 1
2 4 5 19 4 2 90
2 4 5 17 5 3 16
2 4 5 16 0 9 158
2 4 5 15 6 4 107
2 4 5 14 1 10 169
2 4 5 13 7 5 77
2 4 5 12 13 0 187
2 4 5 12 2 11 103
2 4 5 11 8 6 137
2 4 5 10 14 1 170
2 4 5 10 3 12 113
2 4 5 9 9 7 138
2 4 5 8 15 2 66
2 4 5 8 4 13 69
2 4 5 7 10 8 31
2 4 5 6 16 3 75
2 4 5 6 5 14 143
2 4 5 5 11 9 3
2 4 5 5 0 20 172
2 4 5 4 17 4 25
2 4 5 4 6 15 12
2 4 5 3 12 10 124
2 4 5 3 1 21 81
2 4 5 2 18 5 74
2 4 5 2 7 16 38
2 4 5 1 24 0 32
2 4 5 1 13 11 75
2 4 5 1 2 22 68
2 4 5 0 19 6 190
2 4 5 0 8 17 154
2 4 4 23 0 3 68
2 4 4 21 1 4 84
2 4 4 19 2 5 65
2 4 4 18 8 0 159
2 4 4 17 3 6 170
2 4 4 16 9 1 123
2 4 4 15 4 7 26
2 4 4 14 10 2 166
2 4 4 13 5 8 13
2 4 4 12 11 3 15
2 4 4 12 0 14 195
2 4 4 11 6 9 152
2 4 4 10 12 4 109
2 4 4 10 1 15 29
2 4 4 9 7 10 92
2 4 4 8 13 5 165
2 4 4 8 2 16 83
2 4 4 7 19 0 18
2 4 4 7 8 11 74
2 4 4 6 14 6 151
2 4 4 6 3 17 120
2 4 4 5 20 1 41
2 4 4 5 9 12 54
2 4 4 4 15 7 181
2 4 4 4 4 18 73
2 4 4 3 21 2 19
2 4 4 3 10 13 192
2 4 4 2 16 8 9
2 4 4 2 5 19 84
2 4 4 1 22 3 27
2 4 4 1 11 14 121
2 4 4 1 0 25 120
2 4 4 0 17 9 120
2 4 4 0 6 20 155
2 4 3 24 3 0 128
2 4 3 22 4 1 109
2 4 3 20 5 2 91
2 4 3 19 0 8 93
2 4 3 18 6 3 110
2 4 3 17 1 9 183
2 4 3 16 7 4 40
2 4 3 15 2 10 35
2 4 3 14 8 5 77
2 4 3 13 14 0 185
2 4 3 13 3 11 63
2 4 3 12 9 6 190
2 4 3 11 15 1 130
2 4 3 11 4 12 109
2 4 3 10 10 7 191
2 4 3 9 16 2 130
2 4 3 9 5 13 49
2 4 3 8 11 8 33
2 4 3 8 0 19 51
2 4 3 7 17 3 194
2 4 3 7 6 14 21
2 4 3 6 12 9 95
2 4 3 6 1 20 154
2 4 3 5 18 4 71
2 4 3 5 7 15 192
2 4 3 4 13 10 73
2 4 3 4 2 21 108
2 4 3 3 19 5 43
2 4 3 3 8 16 154
2 4 3 2 25 0 125
2 4 3 2 14 11 85
2 4 3 2 3 22 147
2 4 3 1 20 6 32
2 4 3 1 9 17 41
2 4 3 0 26 1 30
2 4 3 0 15 12 83
2 4 3 0 4 23 26
2 4 2 26 0 2 176
2 4 2 24 1 3 139
2 4 2 22 2 4 41
2 4 2 20 3 5 145
2 4 2 19 9 0 13
2 4 2 18 4 6 165
2 4 2 17 10 1 134
2 4 2 16 5 7 54
2 4 2 15 11 2 64
2 4 2 15 0 13 143
2 4 2 14 6 8 92
2 4 2 13 12 3 143
2 4 2 13 1 14 31
2 4 2 12 7 9 72
2 4 2 11 13 4 177
2 4 2 11 2 15 12
2 4 2 10 8 10 30
2 4 2 9 14 5 65
2 4 2 9 3 16 106
2 4 2 8 20 0 38
2 4 2 8 9 11 180
2 4 2 7 15 6 134
2 4 2 7 4 17 35
2 4 2 6 21 1 8
2 4 2 6 10 12 99
2 4 2 5 16 7 15
2 4 2 5 5 18 165
2 4 2 4 22 2 85
2 4 2 4 11 13 176
2 4 2 4 0 24 24
2 4 2 3 17 8 112
2 4 2 3 6 19 32
2 4 2 2 23 3 140
2 4 2 2 12 14 129
2 4 2 2 1 25 90
2 4 2 1 18 9 10
2 4 2 1 7 20 80
2 4 2 0 24 4 58
2 4 2 0 13 15 87
2 4 2 0 2 26 9
2 4 1 25 4 0 75
2 4 1 23 5 1 104
2 4 1 22 0 7 68
2 4 1 21 6 2 190
2 4 1 20 1 8 151
2 4 1 19 7 3 196
2 4 1 18 2 9 51
2 4 1 17 8 4 155
2 4 1 16 3 10 6
2 4 1 15 9 5 112
2 4 1 14 15 0 111
2 4 1 14 4 11 143
2 4 1 13 10 6 171
2 4 1 12 16 1 45
2 4 1 12 5 12 166
2 4 1 11 11 7 43
2 4 1 11 0 18 96
2 4 1 10 17 2 122
2 4 1 10 6 13 135
2 4 1 9 12 8 149
2 4 1 9 1 19 152
2 4 1 8 18 3 30
2 4 1 8 7 14 47
2 4 1 7 13 9 141
2 4 1 7 2 20 103
2 4 1 6 19 4 31
2 4 1 6 8 15 52
2 4 1 5 14 10 109
2 4 1 5 3 21 50
2 4 1 4 20 5 153
2 4 1 4 9 16 27
2 4 1 3 26 0 170
2 4 1 3 15 11 4
2 4 1 3 4 22 11
2 4 1 2 21 6 190
2 4 1 2 10 17 94
2 4 1 1 27 1 185
2 4 1 1 16 12 149
2 4 1 1 5 23 161
2 4 1 0 22 7 155
2 4 1 0 11 18 126
2 4 1 0 0 29 69
2 4 0 29 0 1 196
2 4 0 27 1 2 3
2 4 0 25 2 3 152
2 4 0 23 3 4 161
2 4 0 21 4 5 110
2 4 0 20 10 0 195
2 4 0 19 5 6 193
2 4 0 18 11 1 4
2 4 0 18 0 12 98
2 4 0 17 6 7 84
2 4 0 16 12 2 16
2 4 0 16 1 13 102
2 4 0 15 7 8 118
2 4 0 14 13 3 128
2 4 0 14 2 14 19
2 4 0 13 8 9 75
2 4 0 12 14 4 192
2 4 0 12 3 15 30
2 4 0 11 9 10 63
2 4 0 10 15 5 163
2 4 0 10 4 16 75
2 4 0 9 21 0 107
2 4 0 9 10 11 24
2 4 0 8 16 6 134
2 4 0 8 5 17 176
2 4 0 7 22 1 11
2 4 0 7 11 12 193
2 4 0 7 0 23 48
2 4 0 6 17 7 182
2 4 0 6 6 18 24
2 4 0 5 23 2 188
2 4 0 5 12 13 170
2 4 0 5 1 24 79
2 4 0 4 18 8 193
2 4 0 4 7 19 149
2 4 0 3 24 3 43
2 4 0 3 13 14 145
2 4 0 3 2 25 168
2 4 0 2 19 9 170
2 4 0 2 8 20 107
2 4 0 1 25 4 190
2 4 0 1 14 15 172
2 4 0 1 3 26 31
2 4 0 0 20 10 125
2 4 0 0 9 21 71
2 3 28 2 0 1 91
2 3 28 0 1 2 135
2 3 26 5 0 0 183
2 3 26 3 1 1 106
2 3 26 1 2 2 159
2 3 25 1 0 5 174
2 3 25 0 6 0 150
2 3 24 6 1 0 175
2 3 24 4 2 1 102
2 3 24 2 3 2 69
2 3 24 0 4 3 45
2 3 23 4 0 4 176
2 3 23 2 1 5 54
2 3 23 1 7 0 138
2 3 23 0 2 6 11
2 3 22 7 2 0 178
2 3 22 5 3 1 64
2 3 22 3 4 2 171
2 3 22 1 5 3 165
2 3 22 0 0 9 113
2 3 21 7 0 3 154
2 3 21 5 1 4 18
2 3 21 3 2 5 68
2 3 21 2 8 0 80
2 3 21 1 3 6 147
2 3 21 0 9 1 104
2 3 20 8 3 0 117
2 3 20 6 4 1 137
2 3 20 4 5 2 140
2 3 20 3 0 8 191
2 3 20 2 6 3 111
2 3 20 1 1 9 169
2 3 20 0 7 4 25
2 3 19 10 0 2 180
2 3 19 8 1 3 22
2 3 19 6 2 4 146
2 3 19 4 3 5 183
2 3 19 3 9 0 89
2 3 19 2 4 6 129
2 3 19 1 10 1 156
2 3 19 0 5 7 165
2 3 18 9 4 0 112
2 3 18 7 5 1 33
2 3 18 6 0 7 178
2 3 18 5 6 2 155
2 3 18 4 1 8 104
2 3 18 3 7 3 47
2 3 18 2 2 9 171
2 3 18 1 8 4 186
2 3 18 0 3 10 177
2 3 17 13 0 1 15
2 3 17 11 1 2 103
2 3 17 9 2 3 139
2 3 17 7 3 4 179
2 3 17 5 4 5 147
2 3 17 4 10 0 194
2 3 17 3 5 6 83
2 3 17 2 11 1 29
2 3 17 2 0 12 182
2 3 17 1 6 7 17
2 3 17 0 12 2 179
2 3 16 10 5 0 182
2 3 16 9 0 6 190
2 3 16 8 6 1 4
2 3 16 7 1 7 82
2 3 16 6 7 2 196
2 3 16 5 2 8 81
2 3 16 4 8 3 99
2 3 16 3 3 9 122
2 3 16 2 9 4 16
2 3 16 1 4 10 28
2 3 16 0 10 5 66
2 3 15 16 0 0 69
2 3 15 14 1 1 50
2 3 15 12 2 2 143
2 3 15 10 3 3 197
2 3 15 6 5 5 37
2 3 15 5 11 0 123
2 3 15 5 0 11 32
2 3 15 4 6 6 197
2 3 15 3 12 1 24
2 3 15 3 1 12 178
2 3 15 2 7 7 169
2 3 15 1 13 2 163
2 3 15 1 2 13 42
2 3 15 0 8 8 47
2 3 14 12 0 5 106
2 3 14 11 6 0 183
2 3 14 10 1 6 173
2 3 14 9 7 1 61
2 3 14 8 2 7 179
2 3 14 7 8 2 114
2 3 14 6 3 8 45
2 3 14 5 9 3 180
2 3 14 4 4 9 94
2 3 14 3 10 4 18
2 3 14 2 5 10 42
2 3 14 1 11 5 142
2 3 14 1 0 16 29
2 3 14 0 17 0 174
2 3 14 0 6 11 64
2 3 13 17 1 0 149
2 3 13 15 2 1 168
2 3 13 13 3 2 100
2 3 13 11 4 3 68
2 3 13 9 5 4 159
2 3 13 8 0 10 94
2 3 13 7 6 5 77
2 3 13 6 12 0 196
2 3 13 6 1 11 58
2 3 13 5 7 6 131
2 3 13 4 13 1 84
2 3 13 4 2 12 55
2 3 13 3 8 7 194
2 3 13 2 14 2 61
2 3 13 2 3 13 76
2 3 13 1 9 8 192
2 3 13 0 15 3 146
2 3 13 0 4 14 192
2 3 12 15 0 4 62
2 3 12 13 1 5 69
2 3 12 12 7 0 82
2 3 12 11 2 6 74
2 3 12 10 8 1 43
2 3 12 9 3 7 2
2 3 12 8 9 2 98
2 3 12 7 4 8 13
2 3 12 6 10 3 153
2 3 12 5 5 9 191
2 3 12 4 11 4 35
2 3 12 4 0 15 95
2 3 12 3 6 10 103
2 3 12 2 12 5 190
2 3 12 2 1 16 4
2 3 12 1 18 0 189
2 3 12 1 7 11 48
2 3 12 0 13 6 173
2 3 12 0 2 17 124
2 3 11 18 2 0 75
2 3 11 16 3 1 139
2 3 11 14 4 2 107
2 3 11 12 5 3 88
2 3 11 11 0 9 168
2 3 11 10 6 4 135
2 3 11 9 1 10 178
2 3 11 8 7 5 172
2 3 11 7 13 0 128
2 3 11 7 2 11 104
2 3 11 6 8 6 34
2 3 11 5 14 1 170
2 3 11 5 3 12 133
2 3 11 4 9 7 74
2 3 11 3 15 2 132
2 3 11 3 4 13 35
2 3 11 2 10 8 113
2 3 11 1 16 3 85
2 3 11 1 5 14 187
2 3 11 0 11 9 128
2 3 11 0 0 20 144
2 3 10 18 0 3 40
2 3 10 16 1 4 149
2 3 10 14 2 5 46
2 3 10 13 8 0 68
2 3 10 12 3 6 114
2 3 10 11 9 1 60
2 3 10 10 4 7 7
2 3 10 9 10 2 190
2 3 10 8 5 8 188
2 3 10 7 11 3 93
2 3 10 7 0 14 48
2 3 10 6 6 9 188
2 3 10 5 12 4 124
2 3 10 5 1 15 137
2 3 10 4 7 10 6
2 3 10 3 13 5 121
2 3 10 3 2 16 188
2 3 10 2 19 0 41
2 3 10 2 8 11 94
2 3 10 1 14 6 198
2 3 10 1 3 17 171
2 3 10 0 20 1 177
2 3 10 0 9 12 129
2 3 9 19 3 0 188
2 3 9 17 4 1 125
2 3 9 15 5 2 183
2 3 9 14 0 8 121
2 3 9 13 6 3 96
2 3 9 12 1 9 48
2 3 9 11 7 4 175
2 3 9 10 2 10 132
2 3 9 9 8 5 125
2 3 9 8 14 0 96
2 3 9 8 3 11 171
2 3 9 7 9 6 9
2 3 9 6 15 1 17
2 3 9 6 4 12 53
2 3 9 5 10 7 98
2 3 9 4 16 2 85
2 3 9 4 5 13 6
2 3 9 3 11 8 86
2 3 9 3 0 19 160
2 3 9 2 17 3 148
2 3 9 2 6 14 120
2 3 9 1 12 9 62
2 3 9 1 1 20 158
2 3 9 0 18 4 71
2 3 9 0 7 15 193
2 3 8 21 0 2 186
2 3 8 19 1 3 150
2 3 8 17 2 4 137
2 3 8 15 3 5 191
2 3 8 14 9 0 156
2 3 8 13 4 6 4
2 3 8 12 10 1 57
2 3 8 11 5 7 192
2 3 8 10 11 2 54
2 3 8 10 0 13 178
2 3 8 9 6 8 126
2 3 8 8 12 3 8
2 3 8 8 1 14 101
2 3 8 7 7 9 149
2 3 8 6 13 4 133
2 3 8 6 2 15 186
2 3 8 5 8 10 152
2 3 8 4 14 5 33
2 3 8 4 3 16 165
2 3 8 3 20 0 51
2 3 8 3 9 11 129
2 3 8 2 15 6 169
2 3 8 2 4 17 69
2 3 8 1 21 1 61
2 3 8 1 10 12 74
2 3 8 0 16 7 132
2 3 8 0 5 18 143
2 3 7 20 4 0 129
2 3 7 18 5 1 176
2 3 7 17 0 7 50
2 3 7 16 6 2 92
2 3 7 15 1 8 113
2 3 7 14 7 3 44
2 3 7 13 2 9 78
2 3 7 12 8 4 132
2 3 7 11 3 10 2
2 3 7 10 9 5 90
2 3 7 9 15 0 195
2 3 7 9 4 11 147
2 3 7 8 10 6 117
2 3 7 7 16 1 135
2 3 7 7 5 12 12
2 3 7 6 11 7 43
2 3 7 6 0 18 193
2 3 7 5 17 2 26
2 3 7 5 6 13 146
2 3 7 4 12 8 118
2 3 7 4 1 19 50
2 3 7 3 18 3 165
2 3 7 3 7 14 91
2 3 7 2 13 9 188
2 3 7 2 2 20 170
2 3 7 1 19 4 46
2 3 7 1 8 15 4
2 3 7 0 14 10 159
2 3 7 0 3 21 36
2 3 6 24 0 1 25
2 3 6 22 1 2 4
2 3 6 20 2 3 34
2 3 6 18 3 4 108
2 3 6 16 4 5 193
2 3 6 15 10 0 17
2 3 6 14 5 6 182
2 3 6 13 11 1 148
2 3 6 13 0 12 164
2 3 6 12 6 7 172
2 3 6 11 12 2 51
2 3 6 11 1 13 69
2 3 6 10 7 8 106
2 3 6 9 13 3 195
2 3 6 9 2 14 95
2 3 6 8 8 9 195
2 3 6 7 14 4 56
2 3 6 7 3 15 183
2 3 6 6 9 10 146
2 3 6 5 15 5 68
2 3 6 5 4 16 4
2 3 6 4 21 0 178
2 3 6 4 10 11 27
2 3 6 3 16 6 97
2 3 6 3 5 17 178
2 3 6 2 22 1 48
2 3 6 2 11 12 76
2 3 6 2 0 23 100
2 3 6 1 17 7 111
2 3 6 1 6 18 35
2 3 6 0 23 2 7
2 3 6 0 12 13 51
2 3 6 0 1 24 73
2 3 5 21 5 0 152
2 3 5 20 0 6 23
2 3 5 19 6 1 186
2 3 5 18 1 7 164
2 3 5 17 7 2 193
2 3 5 16 2 8 58
2 3 5 15 8 3 186
2 3 5 14 3 9 179
2 3 5 13 9 4 63
2 3 5 12 4 10 119
2 3 5 11 10 5 159
2 3 5 10 16 0 182
2 3 5 10 5 11 121
2 3 5 9 11 6 12
2 3 5 9 0 17 44
2 3 5 8 17 1 112
2 3 5 8 6 12 86
2 3 5 7 12 7 40
2 3 5 7 1 18 159
2 3 5 6 18 2 146
2 3 5 6 7 13 151
2 3 5 5 13 8 25
2 3 5 5 2 19 103
2 3 5 4 19 3 108
2 3 5 4 8 14 3
2 3 5 3 14 9 29
2 3 5 3 3 20 92
2 3 5 2 20 4 196
2 3 5 2 9 15 85
2 3 5 1 15 10 47
2 3 5 1 4 21 24
2 3 5 0 21 5 1
2 3 5 0 10 16 1
2 3 4 27 0 0 26
2 3 4 25 1 1 104
2 3 4 23 2 2 193
2 3 4 21 3 3 19
2 3 4 19 4 4 14
2 3 4 17 5 5 46
2 3 4 16 11 0 68
2 3 4 16 0 11 12
2 3 4 15 6 6 3
2 3 4 14 12 1 27
2 3 4 14 1 12 5
2 3 4 13 7 7 5
2 3 4 12 13 2 115
2 3 4 12 2 13 140
2 3 4 11 8 8 187
2 3 4 10 14 3 81
2 3 4 10 3 14 135
2 3 4 9 9 9 163
2 3 4 8 15 4 90
2 3 4 8 4 15 88
2 3 4 7 10 10 49
2 3 4 6 16 5 50
2 3 4 6 5 16 30
2 3 4 5 22 0 182
2 3 4 5 11 11 83
2 3 4 5 0 22 162
2 3 4 4 17 6 180
2 3 4 4 6 17 72
2 3 4 3 23 1 87
2 3 4 3 12 12 85
2 3 4 3 1 23 189
2 3 4 2 18 7 122
2 3 4 2 7 18 173
2 3 4 1 24 2 93
2 3 4 1 13 13 70
2 3 4 1 2 24 3
2 3 4 0 19 8 52
2 3 4 0 8 19 25
2 3 3 23 0 5 169
2 3 3 22 6 0 85
2 3 3 21 1 6 122
2 3 3 20 7 1 85
2 3 3 19 2 7 187
2 3 3 18 8 2 4
2 3 3 17 3 8 188
2 3 3 16 9 3 72
2 3 3 15 4 9 118
2 3 3 14 10 4 86
2 3 3 13 5 10 35
2 3 3 12 11 5 143
2 3 3 12 0 16 49
2 3 3 11 17 0 92
2 3 3 11 6 11 79
2 3 3 10 12 6 170
2 3 3 10 1 17 102
2 3 3 9 18 1 146
2 3 3 9 7 12 52
2 3 3 8 13 7 184
2 3 3 8 2 18 130
2 3 3 7 19 2 94
2 3 3 7 8 13 143
2 3 3 6 3 19 111
2 3 3 5 20 3 20
2 3 3 5 9 14 156
2 3 3 4 15 9 164
2 3 3 4 4 20 73
2 3 3 3 21 4 56
2 3 3 3 10 15 110
2 3 3 2 16 10 95
2 3 3 2 5 21 198
2 3 3 1 22 5 36
2 3 3 1 11 16 156
2 3 3 1 0 27 194
2 3 3 0 28 0 198
2 3 3 0 17 11 52
2 3 3 0 6 22 164
2 3 2 28 1 0 162
2 3 2 26 2 1 80
2 3 2 24 3 2 168
2 3 2 22 4 3 58
2 3 2 20 5 4 129
2 3 2 19 0 10 190
2 3 2 18 6 5 187
2 3 2 17 12 0 174
2 3 2 17 1 11 16
2 3 2 16 7 6 118
2 3 2 15 13 1 84
2 3 2 15 2 12 132
2 3 2 14 8 7 88
2 3 2 13 14 2 77
2 3 2 13 3 13 18
2 3 2 12 9 8 36
2 3 2 11 15 3 4
2 3 2 11 4 14 112
2 3 2 10 10 9 35
2 3 2 9 16 4 33
2 3 2 9 5 15 22
2 3 2 8 11 10 15
2 3 2 8 0 21 100
2 3 2 7 17 5 48
2 3 2 7 6 16 78
2 3 2 6 23 0 173
2 3 2 6 12 11 64
2 3 2 6 1 22 104
2 3 2 5 18 6 154
2 3 2 5 7 17 13
2 3 2 4 24 1 30
2 3 2 4 13 12 149
2 3 2 4 2 23 63
2 3 2 3 19 7 57
2 3 2 3 8 18 174
2 3 2 2 25 2 41
2 3 2 2 14 13 41
2 3 2 2 3 24 100
2 3 2 1 20 8 131
2 3 2 1 9 19 31
2 3 2 0 26 3 81
2 3 2 0 15 14 101
2 3 2 0 4 25 34
2 3 1 26 0 4 106
2 3 1 24 1 5 48
2 3 1 23 7 0 95
2 3 1 22 2 6 195
2 3 1 21 8 1 3
2 3 1 20 3 7 176
2 3 1 19 9 2 109
2 3 1 18 4 8 189
2 3 1 17 10 3 63
2 3 1 16 5 9 177
2 3 1 15 11 4 35
2 3 1 15 0 15 176
2 3 1 14 6 10 56
2 3 1 13 12 5 157
2 3 1 13 1 16 179
2 3 1 12 18 0 187
2 3 1 12 7 11 179
2 3 1 11 13 6 113
2 3 1 11 2 17 163
2 3 1 10 19 1 39
2 3 1 10 8 12 120
2 3 1 9 14 7 11
2 3 1 9 3 18 25
2 3 1 8 20 2 37
2 3 1 8 9 13 135
2 3 1 7 15 8 96
2 3 1 7 4 19 103
2 3 1 6 21 3 28
2 3 1 6 10 14 192
2 3 1 5 16 9 88
2 3 1 5 5 20 20
2 3 1 4 22 4 127
2 3 1 4 11 15 17
2 3 1 4 0 26 167
2 3 1 3 17 10 155
2 3 1 3 6 21 23
2 3 1 2 23 5 162
2 3 1 2 12 16 177
2 3 1 2 1 27 110
2 3 1 1 29 0 108
2 3 1 1 18 11 174
2 3 1 1 7 22 152
2 3 1 0 24 6 42
2 3 1 0 13 17 173
2 3 1 0 2 28 25
2 3 0 29 2 0 37
2 3 0 27 3 1 52
2 3 0 25 4 2 64
2 3 0 23 5 3 38
2 3 0 22 0 9 111
2 3 0 21 6 4 115
2 3 0 20 1 10 81
2 3 0 19 7 5 144
2 3 0 18 13 0 100
2 3 0 18 2 11 174
2 3 0 17 8 6 139
2 3 0 16 14 1 95
2 3 0 16 3 12 103
2 3 0 15 9 7 92
2 3 0 14 15 2 12
2 3 0 14 4 13 8
2 3 0 13 10 8 106
2 3 0 12 16 3 90
2 3 0 12 5 14 190
2 3 0 11 11 9 85
2 3 0 11 0 20 83
2 3 0 10 17 4 93
2 3 0 10 6 15 34
2 3 0 9 12 10 75
2 3 0 9 1 21 145
2 3 0 8 18 5 16
2 3 0 8 7 16 81
2 3 0 7 24 0 37
2 3 0 7 13 11 160
2 3 0 7 2 22 15
2 3 0 6 19 6 178
2 3 0 6 8 17 155
2 3 0 5 25 1 6
2 3 0 5 14 12 8
2 3 0 5 3 23 83
2 3 0 4 20 7 176
2 3 0 4 9 18 124
2 3 0 3 26 2 29
2 3 0 3 15 13 83
2 3 0 3 4 24 84
2 3 0 2 21 8 76
2 3 0 2 10 19 14
2 3 0 1 27 3 41
2 3 0 1 16 14 178
2 3 0 1 5 25 105
2 3 0 0 22 9 170
2 3 0 0 11 20 89
2 3 0 0 0 31 22
2 2 32 0 0 0 22
2 2 30 1 1 0 95
2 2 28 2 2 0 73
2 2 28 0 3 1 187
2 2 27 2 0 3 147
2 2 27 0 1 4 101
2 2 26 3 3 0 93
2 2 26 1 4 1 130
2 2 25 5 0 2 109
2 2 25 3 1 3 85
2 2 25 1 2 4 10
2 2 24 4 4 0 183
2 2 24 2 5 1 46
2 2 24 1 0 7 165
2 2 24 0 6 2 37
2 2 23 8 0 1 181
2 2 23 6 1 2 114
2 2 23 4 2 3 108
2 2 23 2 3 4 80
2 2 23 0 4 5 88
2 2 22 5 5 0 74
2 2 22 4 0 6 124
2 2 22 3 6 1 112
2 2 22 2 1 7 32
2 2 22 1 7 2 128
2 2 22 0 2 8 18
2 2 21 11 0 0 3
2 2 21 9 1 1 82
2 2 21 7 2 2 19
2 2 21 5 3 3 7
2 2 21 3 4 4 85
2 2 21 1 5 5 152
2 2 21 0 11 0 151
2 2 21 0 0 11 39
2 2 20 7 0 5 37
2 2 20 6 6 0 31
2 2 20 5 1 6 67
2 2 20 4 7 1 131
2 2 20 3 2 7 21
2 2 20 2 8 2 167
2 2 20 1 3 8 195
2 2 20 0 9 3 179
2 2 19 12 1 0 192
2 2 19 10 2 1 55
2 2 19 8 3 2 106
2 2 19 6 4 3 97
2 2 19 4 5 4 77
2 2 19 3 0 10 186
2 2 19 2 6 5 167
2 2 19 1 12 0 163
2 2 19 1 1 11 123
2 2 19 0 7 6 42
2 2 18 10 0 4 96
2 2 18 8 1 5 101
2 2 18 7 7 0 37
2 2 18 6 2 6 60
2 2 18 5 8 1 94
2 2 18 4 3 7 36
2 2 18 3 9 2 123
2 2 18 2 4 8 3
2 2 18 1 10 3 185
2 2 18 0 5 9 60
2 2 17 13 2 0 79
2 2 17 11 3 1 164
2 2 17 9 4 2 147
2 2 17 7 5 3 33
2 2 17 6 0 9 102
2 2 17 5 6 4 171
2 2 17 4 1 10 156
2 2 17 3 7 5 137
2 2 17 2 13 0 35
2 2 17 2 2 11 123
2 2 17 1 8 6 148
2 2 17 0 14 1 84
2 2 17 0 3 12 89
2 2 16 13 0 3 97
2 2 16 11 1 4 186
2 2 16 9 2 5 140
2 2 16 8 8 0 12
2 2 16 7 3 6 139
2 2 16 6 9 1 28
2 2 16 5 4 7 74
2 2 16 4 10 2 42
2 2 16 3 5 8 42
2 2 16 2 11 3 14
2 2 16 2 0 14 23
2 2 16 1 6 9 89
2 2 16 0 12 4 92
2 2 16 0 1 15 151
2 2 15 14 3 0 178
2 2 15 12 4 1 152
2 2 15 10 5 2 113
2 2 15 9 0 8 99
2 2 15 8 6 3 72
2 2 15 7 1 9 82
2 2 15 6 7 4 17
2 2 15 5 2 10 197
2 2 15 4 8 5 191
2 2 15 3 14 0 171
2 2 15 3 3 11 3
2 2 15 2 9 6 106
2 2 15 1 15 1 98
2 2 15 1 4 12 188
2 2 15 0 10 7 107
2 2 14 16 0 2 40
2 2 14 14 1 3 83
2 2 14 12 2 4 32
2 2 14 10 3 5 161
2 2 14 9 9 0 173
2 2 14 8 4 6 106
2 2 14 7 10 1 34
2 2 14 6 5 7 123
2 2 14 5 11 2 94
2 2 14 5 0 13 174
2 2 14 4 6 8 65
2 2 14 3 12 3 121
2 2 14 3 1 14 69
2 2 14 2 7 9 180
2 2 14 1 13 4 142
2 2 14 1 2 15 128
2 2 14 0 8 10 128
2 2 13 15 4 0 35
2 2 13 13 5 1 156
2 2 13 12 0 7 4
2 2 13 11 6 2 48
2 2 13 10 1 8 64
2 2 13 9 7 3 85
2 2 13 8 2 9 122
2 2 13 7 8 4 18
2 2 13 6 3 10 7
2 2 13 5 9 5 173
2 2 13 4 15 0 171
2 2 13 4 4 11 86
2 2 13 3 10 6 75
2 2 13 2 16 1 4
2 2 13 2 5 12 92
2 2 13 1 11 7 70
2 2 13 1 0 18 86
2 2 13 0 17 2 90
2 2 13 0 6 13 164
2 2 12 19 0 1 9
2 2 12 17 1 2 50
2 2 12 15 2 3 127
2 2 12 13 3 4 143
2 2 12 11 4 5 151
2 2 12 10 10 0 26
2 2 12 9 5 6 98
2 2 12 8 11 1 121
2 2 12 8 0 12 85
2 2 12 7 6 7 153
2 2 12 6 12 2 124
2 2 12 6 1 13 99
2 2 12 5 7 8 126
2 2 12 4 13 3 96
2 2 12 4 2 14 85
2 2 12 3 8 9 160
2 2 12 2 14 4 87
2 2 12 2 3 15 2
2 2 12 1 9 10 147
2 2 12 0 15 5 18
2 2 12 0 4 16 197
2 2 11 16 5 0 181
2 2 11 15 0 6 87
2 2 11 14 6 1 150
2 2 11 13 1 7 9
2 2 11 12 7 2 154
2 2 11 11 2 8 77
2 2 11 10 8 3 15
2 2 11 9 3 9 162
2 2 11 8 9 4 194
2 2 11 7 4 10 50
2 2 11 6 10 5 190
2 2 11 5 16 0 163
2 2 11 5 5 11 142
2 2 11 4 11 6 189
2 2 11 4 0 17 172
2 2 11 3 17 1 110
2 2 11 3 6 12 161
2 2 11 2 12 7 149
2 2 11 2 1 18 91
2 2 11 1 18 2 134
2 2 11 1 7 13 99
2 2 11 0 13 8 71
2 2 11 0 2 19 178
2 2 10 22 0 0 171
2 2 10 18 2 2 67
2 2 10 16 3 3 29
2 2 10 14 4 4 3
2 2 10 12 5 5 57
2 2 10 11 11 0 135
2 2 10 11 0 11 177
2 2 10 10 6 6 5
2 2 10 9 12 1 198
2 2 10 9 1 12 11
2 2 10 8 7 7 143
2 2 10 7 13 2 82
2 2 10 7 2 13 30
2 2 10 6 8 8 74
2 2 10 5 14 3 197
2 2 10 5 3 14 144
2 2 10 4 9 9 178
2 2 10 3 15 4 26
2 2 10 3 4 15 133
2 2 10 2 10 10 4
2 2 10 1 16 5 78
2 2 10 1 5 16 98
2 2 10 0 22 0 74
2 2 10 0 11 11 58
2 2 10 0 0 22 109
2 2 9 18 0 5 120
2 2 9 17 6 0 184
2 2 9 16 1 6 50
2 2 9 15 7 1 120
2 2 9 14 2 7 34
2 2 9 13 8 2 108
2 2 9 12 3 8 172
2 2 9 11 9 3 94
2 2 9 10 4 9 3
2 2 9 9 10 4 182
2 2 9 8 5 10 42
2 2 9 7 11 5 51
2 2 9 7 0 16 68
2 2 9 6 17 0 62
2 2 9 6 6 11 26
2 2 9 5 12 6 141
2 2 9 5 1 17 162
2 2 9 4 18 1 121
2 2 9 4 7 12 127
2 2 9 3 13 7 160
2 2 9 3 2 18 12
2 2 9 2 19 2 66
2 2 9 2 8 13 127
2 2 9 1 14 8 85
2 2 9 1 3 19 108
2 2 9 0 20 3 29
2 2 9 0 9 14 134
2 2 8 23 1 0 6
2 2 8 21 2 1 24
2 2 8 19 3 2 33
2 2 8 17 4 3 121
2 2 8 15 5 4 104
2 2 8 14 0 10 142
2 2 8 13 6 5 198
2 2 8 12 12 0 63
2 2 8 12 1 11 69
2 2 8 11 7 6 44
2 2 8 10 13 1 98
2 2 8 10 2 12 166
2 2 8 9 8 7 181
2 2 8 8 14 2 88
2 2 8 8 3 13 21
2 2 8 7 9 8 91
2 2 8 6 15 3 140
2 2 8 6 4 14 129
2 2 8 5 10 9 191
2 2 8 4 16 4 2
2 2 8 4 5 15 70
2 2 8 3 11 10 184
2 2 8 3 0 21 194
2 2 8 2 17 5 172
2 2 8 2 6 16 102
2 2 8 1 23 0 164
2 2 8 1 12 11 33
2 2 8 1 1 22 47
2 2 8 0 18 6 71
2 2 8 0 7 17 121
2 2 7 21 0 4 142
2 2 7 19 1 5 144
2 2 7 18 7 0 137
2 2 7 17 2 6 177
2 2 7 16 8 1 90
2 2 7 15 3 7 10
2 2 7 14 9 2 98
2 2 7 13 4 8 143
2 2 7 12 10 3 123
2 2 7 11 5 9 184
2 2 7 10 11 4 191
2 2 7 10 0 15 20
2 2 7 9 6 10 197
2 2 7 8 12 5 187
2 2 7 8 1 16 169
2 2 7 7 18 0 106
2 2 7 7 7 11 87
2 2 7 6 13 6 124
2 2 7 6 2 17 152
2 2 7 5 19 1 168
2 2 7 5 8 12 53
2 2 7 4 14 7 71
2 2 7 4 3 18 105
2 2 7 3 20 2 20
2 2 7 3 9 13 7
2 2 7 2 15 8 35
2 2 7 2 4 19 93
2 2 7 1 21 3 109
2 2 7 1 10 14 119
2 2 7 0 16 9 55
2 2 7 0 5 20 106
2 2 6 24 2 0 36
2 2 6 22 3 1 124
2 2 6 20 4 2 51
2 2 6 18 5 3 189
2 2 6 17 0 9 168
2 2 6 16 6 4 62
2 2 6 15 1 10 68
2 2 6 14 7 5 155
2 2 6 13 13 0 4
2 2 6 13 2 11 91
2 2 6 12 8 6 2
2 2 6 11 14 1 182
2 2 6 11 3 12 60
2 2 6 10 9 7 96
2 2 6 9 15 2 150
2 2 6 9 4 13 101
2 2 6 8 10 8 117
2 2 6 7 16 3 3
2 2 6 7 5 14 37
2 2 6 6 11 9 19
2 2 6 6 0 20 106
2 2 6 5 17 4 97
2 2 6 5 6 15 181
2 2 6 4 12 10 198
2 2 6 4 1 21 8
2 2 6 3 18 5 103
2 2 6 3 7 16 97
2 2 6 2 24 0 59
2 2 6 2 13 11 31
2 2 6 2 2 22 34
2 2 6 1 19 6 72
2 2 6 1 8 17 1
2 2 6 0 25 1 15
2 2 6 0 14 12 48
2 2 6 0 3 23 50
2 2 5 24 0 3 12
2 2 5 22 1 4 125
2 2 5 20 2 5 165
2 2 5 19 8 0 19
2 2 5 18 3 6 67
2 2 5 17 9 1 133
2 2 5 16 4 7 44
2 2 5 15 10 2 42
2 2 5 14 5 8 4
2 2 5 13 11 3 181
2 2 5 13 0 14 59
2 2 5 12 6 9 15
2 2 5 11 12 4 42
2 2 5 11 1 15 25
2 2 5 10 7 10 47
2 2 5 9 13 5 39
2 2 5 9 2 16 11
2 2 5 8 19 0 194
2 2 5 8 8 11 51
2 2 5 7 14 6 145
2 2 5 7 3 17 115
2 2 5 6 20 1 1
2 2 5 6 9 12 52
2 2 5 5 15 7 61
2 2 5 5 4 18 43
2 2 5 4 21 2 96
2 2 5 4 10 13 93
2 2 5 3 16 8 71
2 2 5 3 5 19 36
2 2 5 2 22 3 8
2 2 5 2 11 14 193
2 2 5 2 0 25 1
2 2 5 1 17 9 179
2 2 5 1 6 20 107
2 2 5 0 23 4 42
2 2 5 0 12 15 134
2 2 5 0 1 26 124
2 2 4 25 3 0 39
2 2 4 23 4 1 132
2 2 4 21 5 2 78
2 2 4 20 0 8 162
2 2 4 19 6 3 27
2 2 4 18 1 9 112
2 2 4 17 7 4 116
2 2 4 16 2 10 34
2 2 4 15 8 5 196
2 2 4 14 14 0 149
2 2 4 14 3 11 9
2 2 4 13 9 6 154
2 2 4 12 15 1 111
2 2 4 12 4 12 178
2 2 4 11 10 7 124
2 2 4 10 16 2 36
2 2 4 10 5 13 134
2 2 4 9 11 8 149
2 2 4 9 0 19 180
2 2 4 8 17 3 162
2 2 4 8 6 14 57
2 2 4 7 12 9 126
2 2 4 7 1 20 143
2 2 4 6 18 4 103
2 2 4 6 7 15 37
2 2 4 5 13 10 189
2 2 4 5 2 21 134
2 2 4 4 19 5 168
2 2 4 4 8 16 115
2 2 4 3 25 0 165
2 2 4 3 14 11 99
2 2 4 3 3 22 13
2 2 4 2 20 6 58
2 2 4 2 9 17 138
2 2 4 1 26 1 187
2 2 4 1 15 12 64
2 2 4 1 4 23 67
2 2 4 0 21 7 35
2 2 4 0 10 18 4
2 2 3 27 0 2 75
2 2 3 25 1 3 196
2 2 3 23 2 4 23
2 2 3 21 3 5 42
2 2 3 20 9 0 130
2 2 3 19 4 6 106
2 2 3 18 10 1 45
2 2 3 17 5 7 17
2 2 3 16 11 2 25
2 2 3 16 0 13 165
2 2 3 15 6 8 25
2 2 3 14 12 3 56
2 2 3 14 1 14 79
2 2 3 13 7 9 186
2 2 3 12 13 4 149
2 2 3 12 2 15 54
2 2 3 11 8 10 4
2 2 3 10 14 5 115
2 2 3 10 3 16 62
2 2 3 9 20 0 77
2 2 3 9 9 11 189
2 2 3 8 15 6 158
2 2 3 8 4 17 72
2 2 3 7 21 1 5
2 2 3 7 10 12 96
2 2 3 6 16 7 45
2 2 3 6 5 18 65
2 2 3 5 22 2 80
2 2 3 5 11 13 102
2 2 3 5 0 24 122
2 2 3 4 17 8 25
2 2 3 4 6 19 31
2 2 3 3 23 3 192
2 2 3 3 12 14 42
2 2 3 3 1 25 165
2 2 3 2 18 9 26
2 2 3 2 7 20 132
2 2 3 1 24 4 142
2 2 3 1 13 15 54
2 2 3 1 2 26 147
2 2 3 0 19 10 74
2 2 3 0 8 21 125
2 2 2 26 4 0 40
2 2 2 24 5 1 93
2 2 2 23 0 7 104
2 2 2 22 6 2 188
2 2 2 21 1 8 1
2 2 2 20 7 3 1
2 2 2 19 2 9 111
2 2 2 18 8 4 189
2 2 2 17 3 10 127
2 2 2 16 9 5 42
2 2 2 15 15 0 76
2 2 2 15 4 11 133
2 2 2 14 10 6 186
2 2 2 13 16 1 182
2 2 2 13 5 12 54
2 2 2 12 11 7 125
2 2 2 12 0 18 148
2 2 2 11 17 2 129
2 2 2 11 6 13 85
2 2 2 10 12 8 157
2 2 2 10 1 19 86
2 2 2 9 18 3 190
2 2 2 9 7 14 184
2 2 2 8 13 9 143
2 2 2 8 2 20 159
2 2 2 7 19 4 20
2 2 2 7 8 15 158
2 2 2 6 14 10 187
2 2 2 6 3 21 169
2 2 2 5 20 5 140
2 2 2 5 9 16 105
2 2 2 4 26 0 158
2 2 2 4 15 11 16
2 2 2 4 4 22 112
2 2 2 3 21 6 188
2 2 2 3 10 17 136
2 2 2 2 27 1 58
2 2 2 2 16 12 188
2 2 2 2 5 23 37
2 2 2 1 22 7 147
2 2 2 1 11 18 6
2 2 2 1 0 29 168
2 2 2 0 28 2 44
2 2 2 0 17 13 148
2 2 2 0 6 24 32
2 2 1 30 0 1 141
2 2 1 28 1 2 73
2 2 1 26 2 3 36
2 2 1 24 3 4 128
2 2 1 22 4 5 25
2 2 1 21 10 0 92
2 2 1 20 5 6 139
2 2 1 19 11 1 60
2 2 1 19 0 12 18
2 2 1 18 6 7 174
2 2 1 17 12 2 76
2 2 1 17 1 13 172
2 2 1 16 7 8 175
2 2 1 15 13 3 192
2 2 1 15 2 14 7
2 2 1 14 8 9 14
2 2 1 13 14 4 13
2 2 1 13 3 15 139
2 2 1 12 9 10 105
2 2 1 11 15 5 3
2 2 1 11 4 16 56
2 2 1 10 21 0 156
2 2 1 10 10 11 117
2 2 1 9 16 6 48
2 2 1 9 5 17 42
2 2 1 8 22 1 69
2 2 1 8 11 12 123
2 2 1 8 0 23 54
2 2 1 7 17 7 38
2 2 1 7 6 18 45
2 2 1 6 23 2 49
2 2 1 6 12 13 71
2 2 1 6 1 24 187
2 2 1 5 18 8 35
2 2 1 5 7 19 45
2 2 1 4 24 3 101
2 2 1 4 13 14 3
2 2 1 4 2 25 196
2 2 1 3 19 9 130
2 2 1 3 8 20 9
2 2 1 2 25 4 59
2 2 1 2 14 15 39
2 2 1 2 3 26 47
2 2 1 1 20 10 58
2 2 1 1 9 21 115
2 2 1 0 26 5 64
2 2 1 0 15 16 120
2 2 1 0 4 27 186
2 2 0 27 5 0 108
2 2 0 26 0 6 63
2 2 0 25 6 1 89
2 2 0 24 1 7 135
2 2 0 23 7 2 182
2 2 0 22 2 8 43
2 2 0 21 8 3 150
2 2 0 20 3 9 66
2 2 0 19 9 4 135
2 2 0 18 4 10 91
2 2 0 17 10 5 60
2 2 0 16 16 0 196
2 2 0 16 5 11 140
2 2 0 15 11 6 107
2 2 0 15 0 17 194
2 2 0 14 17 1 67
2 2 0 14 6 12 112
2 2 0 13 12 7 153
2 2 0 13 1 18 126
2 2 0 12 18 2 66
2 2 0 12 7 13 63
2 2 0 11 13 8 170
2 2 0 11 2 19 66
2 2 0 10 19 3 169
2 2 0 10 8 14 18
2 2 0 9 14 9 113
2 2 0 9 3 20 13
2 2 0 8 20 4 50
2 2 0 8 9 15 62
2 2 0 7 15 10 8
2 2 0 7 4 21 18
2 2 0 6 21 5 149
2 2 0 6 10 16 52
2 2 0 5 27 0 139
2 2 0 5 16 11 194
2 2 0 5 5 22 48
2 2 0 4 22 6 35
2 2 0 4 11 17 178
2 2 0 4 0 28 1
2 2 0 3 28 1 148
2 2 0 3 17 12 32
2 2 0 3 6 23 72
2 2 0 2 23 7 47
2 2 0 2 12 18 174
2 2 0 2 1 29 136
2 2 0 1 29 2 174
2 2 0 1 18 13 139
2 2 0 1 7 24 136
2 2 0 0 24 8 107
2 2 0 0 13 19 11
2 2 0 0 2 30 88
2 1 31 0 0 2 19
2 1 29 3 0 1 120
2 1 29 1 1 2 7
2 1 28 0 5 0 56
2 1 27 6 0 0 128
2 1 27 4 1 1 196
2 1 27 2 2 2 72
2 1 27 0 3 3 30
2 1 26 2 0 5 120
2 1 26 1 6 0 48
2 1 26 0 1 6 99
2 1 25 7 1 0 119
2 1 25 5 2 1 7
2 1 25 3 3 2 48
2 1 25 1 4 3 86
2 1 24 5 0 4 38
2 1 24 3 1 5 91
2 1 24 1 2 6 3
2 1 24 0 8 1 158
2 1 23 8 2 0 12
2 1 23 6 3 1 177
2 1 23 4 4 2 39
2 1 23 2 5 3 147
2 1 23 1 0 9 101
2 1 23 0 6 4 160
2 1 22 8 0 3 132
2 1 22 6 1 4 169
2 1 22 4 2 5 91
2 1 22 3 8 0 144
2 1 22 2 3 6 198
2 1 22 1 9 1 80
2 1 22 0 4 7 30
2 1 21 9 3 0 43
2 1 21 7 4 1 103
2 1 21 5 5 2 159
2 1 21 4 0 8 170
2 1 21 3 6 3 126
2 1 21 2 1 9 1
2 1 21 1 7 4 134
2 1 21 0 2 10 19
2 1 20 11 0 2 33
2 1 20 9 1 3 117
2 1 20 7 2 4 174
2 1 20 5 3 5 81
2 1 20 4 9 0 196
2 1 20 3 4 6 43
2 1 20 2 10 1 20
2 1 20 1 5 7 85
2 1 20 0 11 2 75
2 1 20 0 0 13 197
2 1 19 10 4 0 6
2 1 19 8 5 1 126
2 1 19 7 0 7 21
2 1 19 6 6 2 19
2 1 19 5 1 8 173
2 1 19 4 7 3 68
2 1 19 3 2 9 103
2 1 19 2 8 4 189
2 1 19 1 3 10 178
2 1 19 0 9 5 35
2 1 18 14 0 1 124
2 1 18 12 1 2 178
2 1 18 10 2 3 180
2 1 18 6 4 5 97
2 1 18 5 10 0 77
2 1 18 4 5 6 134
2 1 18 3 11 1 152
2 1 18 3 0 12 46
2 1 18 2 6 7 4
2 1 18 1 12 2 24
2 1 18 1 1 13 104
2 1 18 0 7 8 62
2 1 17 10 0 6 33
2 1 17 9 6 1 12
2 1 17 8 1 7 119
2 1 17 7 7 2 52
2 1 17 6 2 8 128
2 1 17 5 8 3 164
2 1 17 4 3 9 163
2 1 17 3 9 4 80
2 1 17 2 4 10 80
2 1 17 1 10 5 142
2 1 17 0 16 0 191
2 1 17 0 5 11 94
2 1 16 17 0 0 41
2 1 16 15 1 1 182
2 1 16 13 2 2 67
2 1 16 11 3 3 54
2 1 16 9 4 4 122
2 1 16 7 5 5 98
2 1 16 6 11 0 142
2 1 16 6 0 11 83
2 1 16 5 6 6 178
2 1 16 4 12 1 190
2 1 16 4 1 12 42
2 1 16 2 13 2 151
2 1 16 2 2 13 26
2 1 16 1 8 8 9
2 1 16 0 14 3 87
2 1 16 0 3 14 57
2 1 15 13 0 5 32
2 1 15 12 6 0 71
2 1 15 11 1 6 90
2 1 15 10 7 1 183
2 1 15 9 2 7 160
2 1 15 8 8 2 78
2 1 15 7 3 8 57
2 1 15 6 9 3 80
2 1 15 5 4 9 163
2 1 15 4 10 4 11
2 1 15 3 5 10 183
2 1 15 2 11 5 184
2 1 15 2 0 16 187
2 1 15 1 17 0 3
2 1 15 1 6 11 169
2 1 15 0 12 6 128
2 1 15 0 1 17 70
2 1 14 18 1 0 189
2 1 14 16 2 1 53
2 1 14 14 3 2 160
2 1 14 12 4 3 125
2 1 14 10 5 4 28
2 1 14 9 0 10 97
2 1 14 8 6 5 90
2 1 14 7 12 0 22
2 1 14 7 1 11 103
2 1 14 6 7 6 116
2 1 14 5 13 1 61
2 1 14 5 2 12 85
2 1 14 4 8 7 188
2 1 14 3 14 2 134
2 1 14 3 3 13 168
2 1 14 2 9 8 28
2 1 14 1 15 3 5
2 1 14 1 4 14 77
2 1 14 0 10 9 107
2 1 13 16 0 4 17
2 1 13 14 1 5 42
2 1 13 13 7 0 174
2 1 13 12 2 6 167
2 1 13 11 8 1 43
2 1 13 10 3 7 134
2 1 13 9 9 2 16
2 1 13 8 4 8 79
2 1 13 7 10 3 177
2 1 13 6 5 9 94
2 1 13 5 11 4 4
2 1 13 5 0 15 72
2 1 13 4 6 10 14
2 1 13 3 12 5 22
2 1 13 3 1 16 46
2 1 13 2 18 0 182
2 1 13 2 7 11 163
2 1 13 1 13 6 194
2 1 13 1 2 17 70
2 1 13 0 19 1 70
2 1 13 0 8 12 139
2 1 12 19 2 0 57
2 1 12 17 3 1 86
2 1 12 15 4 2 83
2 1 12 13 5 3 63
2 1 12 12 0 9 178
2 1 12 11 6 4 81
2 1 12 10 1 10 153
2 1 12 9 7 5 81
2 1 12 8 13 0 144
2 1 12 8 2 11 47
2 1 12 7 8 6 18
2 1 12 6 14 1 9
2 1 12 6 3 12 198
2 1 12 5 9 7 60
2 1 12 4 15 2 69
2 1 12 4 4 13 115
2 1 12 3 10 8 96
2 1 12 2 16 3 146
2 1 12 2 5 14 50
2 1 12 1 11 9 156
2 1 12 1 0 20 119
2 1 12 0 17 4 159
2 1 12 0 6 15 195
2 1 11 19 0 3 13
2 1 11 17 1 4 12
2 1 11 15 2 5 27
2 1 11 14 8 0 182
2 1 11 13 3 6 19
2 1 11 12 9 1 101
2 1 11 11 4 7 52
2 1 11 10 10 2 183
2 1 11 9 5 8 95
2 1 11 8 11 3 152
2 1 11 8 0 14 20
2 1 11 7 6 9 186
2 1 11 6 12 4 177
2 1 11 6 1 15 106
2 1 11 5 7 10 96
2 1 11 4 13 5 185
2 1 11 4 2 16 176
2 1 11 3 19 0 74
2 1 11 3 8 11 68
2 1 11 2 14 6 54
2 1 11 2 3 17 48
2 1 11 1 20 1 42
2 1 11 1 9 12 171
2 1 11 0 15 7 50
2 1 11 0 4 18 53
2 1 10 20 3 0 129
2 1 10 18 4 1 172
2 1 10 16 5 2 119
2 1 10 15 0 8 115
2 1 10 14 6 3 180
2 1 10 13 1 9 44
2 1 10 12 7 4 11
2 1 10 11 2 10 35
2 1 10 10 8 5 130
2 1 10 9 14 0 189
2 1 10 9 3 11 60
2 1 10 8 9 6 73
2 1 10 7 15 1 141
2 1 10 7 4 12 84
2 1 10 6 10 7 122
2 1 10 5 16 2 197
2 1 10 5 5 13 189
2 1 10 4 11 8 84
2 1 10 4 0 19 76
2 1 10 3 17 3 184
2 1 10 3 6 14 151
2 1 10 2 12 9 160
2 1 10 2 1 20 192
2 1 10 1 18 4 79
2 1 10 1 7 15 185
2 1 10 0 13 10 170
2 1 10 0 2 21 61
2 1 9 22 0 2 12
2 1 9 20 1 3 181
2 1 9 18 2 4 67
2 1 9 16 3 5 183
2 1 9 15 9 0 2
2 1 9 14 4 6 43
2 1 9 13 10 1 14
2 1 9 12 5 7 51
2 1 9 11 11 2 83
2 1 9 11 0 13 43
2 1 9 10 6 8 96
2 1 9 9 12 3 33
2 1 9 9 1 14 179
2 1 9 8 7 9 81
2 1 9 7 13 4 138
2 1 9 7 2 15 20
2 1 9 6 8 10 107
2 1 9 5 14 5 38
2 1 9 5 3 16 168
2 1 9 4 20 0 74
2 1 9 4 9 11 125
2 1 9 3 15 6 102
2 1 9 3 4 17 33
2 1 9 2 21 1 95
2 1 9 2 10 12 188
2 1 9 1 16 7 113
2 1 9 1 5 18 147
2 1 9 0 22 2 122
2 1 9 0 11 13 118
2 1 9 0 0 24 43
2 1 8 21 4 0 59
2 1 8 19 5 1 139
2 1 8 18 0 7 8
2 1 8 17 6 2 83
2 1 8 16 1 8 149
2 1 8 15 7 3 84
2 1 8 14 2 9 21
2 1 8 13 8 4 173
2 1 8 12 3 10 13
2 1 8 11 9 5 6
2 1 8 10 15 0 190
2 1 8 10 4 11 109
2 1 8 9 10 6 149
2 1 8 8 16 1 112
2 1 8 8 5 12 132
2 1 8 7 11 7 20
2 1 8 7 0 18 64
2 1 8 6 17 2 163
2 1 8 6 6 13 190
2 1 8 5 12 8 14
2 1 8 5 1 19 80
2 1 8 4 18 3 35
2 1 8 4 7 14 93
2 1 8 3 13 9 107
2 1 8 3 2 20 156
2 1 8 2 19 4 19
2 1 8 2 8 15 129
2 1 8 1 14 10 47
2 1 8 1 3 21 65
2 1 8 0 20 5 139
2 1 8 0 9 16 19
2 1 7 25 0 1 155
2 1 7 23 1 2 173
2 1 7 21 2 3 167
2 1 7 19 3 4 83
2 1 7 17 4 5 123
2 1 7 16 10 0 6
2 1 7 15 5 6 133
2 1 7 14 11 1 63
2 1 7 14 0 12 87
2 1 7 13 6 7 163
2 1 7 12 12 2 106
2 1 7 12 1 13 175
2 1 7 11 7 8 149
2 1 7 10 13 3 151
2 1 7 10 2 14 76
2 1 7 9 8 9 189
2 1 7 8 14 4 129
2 1 7 8 3 15 175
2 1 7 7 9 10 75
2 1 7 6 15 5 97
2 1 7 6 4 16 189
2 1 7 5 21 0 177
2 1 7 5 10 11 15
2 1 7 4 16 6 164
2 1 7 4 5 17 42
2 1 7 3 22 1 63
2 1 7 3 11 12 152
2 1 7 3 0 23 150
2 1 7 2 17 7 56
2 1 7 2 6 18 7
2 1 7 1 23 2 151
2 1 7 1 12 13 114
2 1 7 1 1 24 137
2 1 7 0 18 8 139
2 1 7 0 7 19 167
2 1 6 22 5 0 91
2 1 6 21 0 6 114
2 1 6 20 6 1 186
2 1 6 19 1 7 39
2 1 6 18 7 2 104
2 1 6 17 2 8 177
2 1 6 16 8 3 150
2 1 6 15 3 9 143
2 1 6 14 9 4 112
2 1 6 13 4 10 108
2 1 6 12 10 5 148
2 1 6 11 16 0 140
2 1 6 11 5 11 154
2 1 6 10 11 6 25
2 1 6 10 0 17 195
2 1 6 9 17 1 194
2 1 6 9 6 12 110
2 1 6 8 12 7 54
2 1 6 8 1 18 45
2 1 6 7 18 2 90
2 1 6 7 7 13 135
2 1 6 6 13 8 96
2 1 6 6 2 19 77
2 1 6 5 19 3 184
2 1 6 5 8 14 134
2 1 6 4 14 9 114
2 1 6 4 3 20 177
2 1 6 3 20 4 52
2 1 6 3 9 15 3
2 1 6 2 4 21 4
2 1 6 1 21 5 37
2 1 6 1 10 16 145
2 1 6 0 27 0 13
2 1 6 0 16 11 109
2 1 6 0 5 22 40
2 1 5 28 0 0 54
2 1 5 26 1 1 30
2 1 5 24 2 2 187
2 1 5 22 3 3 3
2 1 5 20 4 4 90
2 1 5 18 5 5 1
2 1 5 17 11 0 31
2 1 5 17 0 11 100
2 1 5 16 6 6 170
2 1 5 15 12 1 189
2 1 5 15 1 12 54
2 1 5 14 7 7 144
2 1 5 13 13 2 46
2 1 5 13 2 13 30
2 1 5 12 8 8 160
2 1 5 11 14 3 27
2 1 5 11 3 14 63
2 1 5 10 9 9 67
2 1 5 9 15 4 16
2 1 5 9 4 15 52
2 1 5 8 10 10 89
2 1 5 7 16 5 127
2 1 5 7 5 16 16
2 1 5 6 22 0 91
2 1 5 6 11 11 61
2 1 5 6 0 22 58
2 1 5 5 17 6 190
2 1 5 5 6 17 149
2 1 5 4 23 1 110
2 1 5 4 12 12 33
2 1 5 4 1 23 11
2 1 5 3 18 7 116
2 1 5 3 7 18 123
2 1 5 2 24 2 118
2 1 5 2 13 13 110
2 1 5 2 2 24 70
2 1 5 1 19 8 124
2 1 5 1 8 19 32
2 1 5 0 25 3 58
2 1 5 0 14 14 173
2 1 5 0 3 25 159
2 1 4 24 0 5 23
2 1 4 23 6 0 175
2 1 4 22 1 6 128
2 1 4 21 7 1 1
2 1 4 20 2 7 81
2 1 4 19 8 2 177
2 1 4 18 3 8 134
2 1 4 17 9 3 7
2 1 4 16 4 9 1
2 1 4 15 10 4 75
2 1 4 14 5 10 194
2 1 4 13 11 5 151
2 1 4 13 0 16 66
2 1 4 12 17 0 153
2 1 4 12 6 11 77
2 1 4 11 12 6 2
2 1 4 11 1 17 157
2 1 4 10 18 1 120
2 1 4 10 7 12 17
2 1 4 9 13 7 127
2 1 4 9 2 18 139
2 1 4 8 19 2 193
2 1 4 8 8 13 55
2 1 4 7 14 8 89
2 1 4 7 3 19 189
2 1 4 6 20 3 53
2 1 4 6 9 14 15
2 1 4 5 15 9 32
2 1 4 5 4 20 49
2 1 4 4 21 4 29
2 1 4 4 10 15 71
2 1 4 3 16 10 104
2 1 4 3 5 21 179
2 1 4 2 22 5 153
2 1 4 2 11 16 101
2 1 4 2 0 27 87
2 1 4 1 28 0 159
2 1 4 1 17 11 103
2 1 4 1 6 22 92
2 1 4 0 23 6 17
2 1 4 0 12 17 134
2 1 4 0 1 28 99
2 1 3 29 1 0 36
2 1 3 27 2 1 180
2 1 3 25 3 2 46
2 1 3 23 4 3 192
2 1 3 21 5 4 84
2 1 3 20 0 10 170
2 1 3 19 6 5 140
2 1 3 18 12 0 25
2 1 3 18 1 11 4
2 1 3 17 7 6 182
2 1 3 16 13 1 18
2 1 3 16 2 12 24
2 1 3 15 8 7 86
2 1 3 14 14 2 61
2 1 3 14 3 13 179
2 1 3 13 9 8 165
2 1 3 12 15 3 38
2 1 3 12 4 14 70
2 1 3 11 10 9 127
2 1 3 10 16 4 131
2 1 3 10 5 15 2
2 1 3 9 11 10 25
2 1 3 9 0 21 109
2 1 3 8 17 5 26
2 1 3 8 6 16 147
2 1 3 7 23 0 64
2 1 3 7 12 11 156
2 1 3 7 1 22 171
2 1 3 6 18 6 16
2 1 3 6 7 17 156
2 1 3 5 24 1 20
2 1 3 5 13 12 188
2 1 3 5 2 23 88
2 1 3 4 19 7 128
2 1 3 4 8 18 151
2 1 3 3 25 2 107
2 1 3 3 14 13 179
2 1 3 3 3 24 182
2 1 3 2 20 8 173
2 1 3 2 9 19 7
2 1 3 1 26 3 44
2 1 3 1 15 14 193
2 1 3 1 4 25 109
2 1 3 0 21 9 131
2 1 3 0 10 20 5
2 1 2 27 0 4 140
2 1 2 25 1 5 94
2 1 2 24 7 0 34
2 1 2 23 2 6 163
2 1 2 22 8 1 119
2 1 2 21 3 7 182
2 1 2 20 9 2 49
2 1 2 19 4 8 197
2 1 2 18 10 3 51
2 1 2 17 5 9 108
2 1 2 16 11 4 146
2 1 2 16 0 15 90
2 1 2 15 6 10 68
2 1 2 14 12 5 150
2 1 2 14 1 16 198
2 1 2 13 18 0 168
2 1 2 13 7 11 77
2 1 2 12 13 6 125
2 1 2 12 2 17 41
2 1 2 11 19 1 196
2 1 2 11 8 12 150
2 1 2 10 14 7 176
2 1 2 10 3 18 52
2 1 2 9 20 2 19
2 1 2 9 9 13 43
2 1 2 8 15 8 132
2 1 2 8 4 19 87
2 1 2 7 21 3 85
2 1 2 7 10 14 99
2 1 2 6 16 9 152
2 1 2 6 5 20 88
2 1 2 5 22 4 189
2 1 2 5 11 15 116
2 1 2 5 0 26 75
2 1 2 4 17 10 42
2 1 2 4 6 21 153
2 1 2 3 23 5 2
2 1 2 3 12 16 166
2 1 2 3 1 27 161
2 1 2 2 29 0 26
2 1 2 2 18 11 111
2 1 2 2 7 22 151
2 1 2 1 24 6 186
2 1 2 1 13 17 8
2 1 2 1 2 28 61
2 1 2 0 30 1 179
2 1 2 0 19 12 173
2 1 2 0 8 23 67
2 1 1 30 2 0 138
2 1 1 28 3 1 160
2 1 1 26 4 2 162
2 1 1 24 5 3 49
2 1 1 23 0 9 91
2 1 1 22 6 4 6
2 1 1 21 1 10 35
2 1 1 20 7 5 98
2 1 1 19 13 0 110
2 1 1 19 2 11 74
2 1 1 18 8 6 29
2 1 1 17 14 1 89
2 1 1 17 3 12 3
2 1 1 16 9 7 67
2 1 1 15 15 2 61
2 1 1 15 4 13 54
2 1 1 14 10 8 73
2 1 1 13 16 3 51
2 1 1 13 5 14 118
2 1 1 12 11 9 13
2 1 1 12 0 20 143
2 1 1 11 17 4 164
2 1 1 11 6 15 16
2 1 1 10 12 10 186
2 1 1 10 1 21 9
2 1 1 9 18 5 196
2 1 1 9 7 16 127
2 1 1 8 24 0 52
2 1 1 8 13 11 151
2 1 1 8 2 22 89
2 1 1 7 19 6 119
2 1 1 7 8 17 148
2 1 1 6 25 1 30
2 1 1 6 14 12 181
2 1 1 6 3 23 54
2 1 1 5 20 7 11
2 1 1 5 9 18 144
2 1 1 4 26 2 195
2 1 1 4 15 13 169
2 1 1 4 4 24 162
2 1 1 3 21 8 52
2 1 1 3 10 19 13
2 1 1 2 27 3 195
2 1 1 2 16 14 72
2 1 1 2 5 25 52
2 1 1 1 22 9 75
2 1 1 1 11 20 68
2 1 1 1 0 31 107
2 1 1 0 28 4 194
2 1 1 0 17 15 11
2 1 1 0 6 26 154
2 1 0 30 0 3 87
2 1 0 28 1 4 15
2 1 0 26 2 5 48
2 1 0 24 3 6 51
2 1 0 23 9 1 179
2 1 0 22 4 7 113
2 1 0 21 10 2 124
2 1 0 20 5 8 133
2 1 0 19 11 3 129
2 1 0 19 0 14 115
2 1 0 18 6 9 117
2 1 0 17 12 4 42
2 1 0 17 1 15 21
2 1 0 16 7 10 155
2 1 0 15 13 5 141
2 1 0 15 2 16 77
2 1 0 14 19 0 88
2 1 0 14 8 11 71
2 1 0 13 14 6 161
2 1 0 13 3 17 14
2 1 0 12 20 1 17
2 1 0 12 9 12 192
2 1 0 11 15 7 2
2 1 0 11 4 18 196
2 1 0 10 21 2 39
2 1 0 10 10 13 93
2 1 0 9 16 8 143
2 1 0 9 5 19 166
2 1 0 8 22 3 54
2 1 0 8 11 14 130
2 1 0 8 0 25 105
2 1 0 7 17 9 56
2 1 0 7 6 20 138
2 1 0 6 23 4 127
2 1 0 6 12 15 164
2 1 0 6 1 26 148
2 1 0 5 18 10 79
2 1 0 5 7 21 179
2 1 0 4 24 5 100
2 1 0 4 13 16 77
2 1 0 4 2 27 39
2 1 0 3 30 0 104
2 1 0 3 19 11 110
2 1 0 3 8 22 140
2 1 0 2 25 6 120
2 1 0 2 14 17 110
2 1 0 2 3 28 78
2 1 0 1 31 1 17
2 1 0 1 20 12 29
2 1 0 1 9 23 158
2 1 0 0 26 7 71
2 1 0 0 15 18 175
2 1 0 0 4 29 176
2 0 33 1 0 0 178
2 0 31 2 1 0 29
2 0 31 0 2 1 80
2 0 30 0 0 4 137
2 0 29 3 2 0 94
2 0 29 1 3 1 83
2 0 28 3 0 3 114
2 0 28 1 1 4 39
2 0 27 4 3 0 1
2 0 27 2 4 1 164
2 0 27 0 5 2 25
2 0 26 6 0 2 94
2 0 26 4 1 3 198
2 0 26 2 2 4 147
2 0 26 0 3 5 35
2 0 25 5 4 0 70
2 0 25 3 5 1 18
2 0 25 2 0 7 129
2 0 25 1 6 2 43
2 0 25 0 1 8 20
2 0 24 9 0 1 140
2 0 24 7 1 2 189
2 0 24 5 2 3 176
2 0 24 3 3 4 2
2 0 24 1 4 5 118
2 0 24 0 10 0 80
2 0 23 6 5 0 167
2 0 23 5 0 6 4
2 0 23 4 6 1 126
2 0 23 3 1 7 86
2 0 23 2 7 2 194
2 0 23 1 2 8 67
2 0 23 0 8 3 28
2 0 22 12 0 0 169
2 0 22 10 1 1 36
2 0 22 8 2 2 62
2 0 22 6 3 3 183
2 0 22 4 4 4 118
2 0 22 2 5 5 91
2 0 22 1 11 0 179
2 0 22 1 0 11 20
2 0 22 0 6 6 46
2 0 21 8 0 5 118
2 0 21 7 6 0 21
2 0 21 6 1 6 67
2 0 21 5 7 1 91
2 0 21 4 2 7 77
2 0 21 3 8 2 36
2 0 21 2 3 8 53
2 0 21 1 9 3 151
2 0 21 0 4 9 26
2 0 20 13 1 0 8
2 0 20 11 2 1 140
2 0 20 9 3 2 45
2 0 20 7 4 3 101
2 0 20 5 5 4 138
2 0 20 4 0 10 150
2 0 20 3 6 5 121
2 0 20 2 12 0 179
2 0 20 2 1 11 101
2 0 20 1 7 6 141
2 0 20 0 13 1 98
2 0 20 0 2 12 71
2 0 19 11 0 4 33
2 0 19 9 1 5 92
2 0 19 8 7 0 36
2 0 19 7 2 6 111
2 0 19 6 8 1 10
2 0 19 5 3 7 135
2 0 19 4 9 2 101
2 0 19 3 4 8 177
2 0 19 2 10 3 126
2 0 19 1 5 9 24
2 0 19 0 11 4 187
2 0 19 0 0 15 56
2 0 18 14 2 0 76
2 0 18 12 3 1 34
2 0 18 10 4 2 140
2 0 18 8 5 3 185
2 0 18 7 0 9 144
2 0 18 6 6 4 141
2 0 18 5 1 10 4
2 0 18 4 7 5 90
2 0 18 3 13 0 61
2 0 18 3 2 11 89
2 0 18 2 8 6 82
2 0 18 1 14 1 157
2 0 18 1 3 12 131
2 0 18 0 9 7 197
2 0 17 14 0 3 137
2 0 17 12 1 4 177
2 0 17 10 2 5 141
2 0 17 9 8 0 181
2 0 17 8 3 6 140
2 0 17 7 9 1 132
2 0 17 6 4 7 93
2 0 17 5 10 2 181
2 0 17 4 5 8 118
2 0 17 3 11 3 126
2 0 17 3 0 14 192
2 0 17 2 6 9 139
2 0 17 1 12 4 148
2 0 17 1 1 15 147
2 0 17 0 7 10 23
2 0 16 15 3 0 66
2 0 16 13 4 1 29
2 0 16 11 5 2 147
2 0 16 10 0 8 4
2 0 16 9 6 3 65
2 0 16 8 1 9 191
2 0 16 7 7 4 130
2 0 16 6 2 10 23
2 0 16 5 8 5 39
2 0 16 4 14 0 24
2 0 16 4 3 11 160
2 0 16 3 9 6 103
2 0 16 2 15 1 188
2 0 16 2 4 12 176
2 0 16 1 10 7 197
2 0 16 0 16 2 52
2 0 16 0 5 13 146
2 0 15 17 0 2 24
2 0 15 15 1 3 75
2 0 15 13 2 4 17
2 0 15 11 3 5 115
2 0 15 10 9 0 15
2 0 15 9 4 6 136
2 0 15 8 10 1 190
2 0 15 7 5 7 87
2 0 15 6 11 2 34
2 0 15 6 0 13 139
2 0 15 5 6 8 16
2 0 15 4 12 3 50
2 0 15 4 1 14 114
2 0 15 3 7 9 40
2 0 15 2 13 4 34
2 0 15 2 2 15 38
2 0 15 1 8 10 197
2 0 15 0 14 5 82
2 0 15 0 3 16 138
2 0 14 16 4 0 142
2 0 14 14 5 1 171
2 0 14 13 0 7 151
2 0 14 12 6 2 21
2 0 14 11 1 8 86
2 0 14 10 7 3 98
2 0 14 9 2 9 11
2 0 14 8 8 4 45
2 0 14 7 3 10 51
2 0 14 6 9 5 147
2 0 14 5 15 0 146
2 0 14 5 4 11 190
2 0 14 4 10 6 39
2 0 14 3 16 1 3
2 0 14 3 5 12 95
2 0 14 2 11 7 13
2 0 14 2 0 18 1
2 0 14 1 17 2 128
2 0 14 1 6 13 29
2 0 14 0 12 8 129
2 0 14 0 1 19 173
2 0 13 20 0 1 27
2 0 13 18 1 2 190
2 0 13 16 2 3 98
2 0 13 14 3 4 129
2 0 13 12 4 5 198
2 0 13 11 10 0 41
2 0 13 10 5 6 33
2 0 13 9 11 1 39
2 0 13 9 0 12 163
2 0 13 8 6 7 118
2 0 13 7 12 2 2
2 0 13 7 1 13 71
2 0 13 6 7 8 72
2 0 13 5 13 3 73
2 0 13 5 2 14 8
2 0 13 4 8 9 194
2 0 13 3 14 4 148
2 0 13 3 3 15 3
2 0 13 2 9 10 49
2 0 13 1 15 5 7
2 0 13 1 4 16 101
2 0 13 0 21 0 42
2 0 13 0 10 11 121
2 0 12 17 5 0 198
2 0 12 16 0 6 149
2 0 12 15 6 1 83
2 0 12 14 1 7 39
2 0 12 13 7 2 14
2 0 12 12 2 8 127
2 0 12 11 8 3 85
2 0 12 10 3 9 138
2 0 12 9 9 4 119
2 0 12 8 4 10 194
2 0 12 7 10 5 8
2 0 12 6 16 0 24
2 0 12 6 5 11 117
2 0 12 5 11 6 20
2 0 12 5 0 17 39
2 0 12 4 17 1 68
2 0 12 4 6 12 139
2 0 12 3 12 7 169
2 0 12 3 1 18 97
2 0 12 2 18 2 174
2 0 12 2 7 13 183
2 0 12 1 13 8 182
2 0 12 1 2 19 88
2 0 12 0 19 3 179
2 0 12 0 8 14 159
2 0 11 23 0 0 194
2 0 11 21 1 1 194
2 0 11 19 2 2 31
2 0 11 17 3 3 126
2 0 11 15 4 4 177
2 0 11 13 5 5 110
2 0 11 12 11 0 116
2 0 11 12 0 11 174
2 0 11 11 6 6 115
2 0 11 10 12 1 100
2 0 11 10 1 12 197
2 0 11 9 7 7 181
2 0 11 8 13 2 128
2 0 11 8 2 13 54
2 0 11 7 8 8 129
2 0 11 6 14 3 2
2 0 11 6 3 14 158
2 0 11 5 9 9 193
2 0 11 4 15 4 99
2 0 11 4 4 15 107
2 0 11 3 10 10 58
2 0 11 2 16 5 91
2 0 11 2 5 16 155
2 0 11 1 22 0 161
2 0 11 1 11 11 59
2 0 11 1 0 22 76
2 0 11 0 17 6 175
2 0 11 0 6 17 92
2 0 10 19 0 5 26
2 0 10 18 6 0 5
2 0 10 17 1 6 77
2 0 10 16 7 1 52
2 0 10 15 2 7 151
2 0 10 14 8 2 34
2 0 10 13 3 8 89
2 0 10 12 9 3 40
2 0 10 11 4 9 107
2 0 10 10 10 4 38
2 0 10 9 5 10 162
2 0 10 8 11 5 133
2 0 10 8 0 16 25
2 0 10 7 17 0 7
2 0 10 7 6 11 136
2 0 10 6 12 6 162
2 0 10 6 1 17 186
2 0 10 5 18 1 81
2 0 10 5 7 12 4
2 0 10 4 13 7 180
2 0 10 4 2 18 91
2 0 10 3 19 2 181
2 0 10 3 8 13 40
2 0 10 2 14 8 94
2 0 10 2 3 19 153
2 0 10 1 20 3 139
2 0 10 1 9 14 128
2 0 10 0 15 9 135
2 0 10 0 4 20 159
2 0 9 24 1 0 75
2 0 9 22 2 1 137
2 0 9 20 3 2 23
2 0 9 18 4 3 77
2 0 9 16 5 4 13
2 0 9 15 0 10 94
2 0 9 14 6 5 109
2 0 9 13 12 0 40
2 0 9 13 1 11 167
2 0 9 12 7 6 194
2 0 9 11 13 1 7
2 0 9 11 2 12 6
2 0 9 10 8 7 103
2 0 9 9 14 2 88
2 0 9 9 3 13 55
2 0 9 8 9 8 15
2 0 9 7 15 3 73
2 0 9 7 4 14 22
2 0 9 6 10 9 25
2 0 9 5 16 4 196
2 0 9 5 5 15 38
2 0 9 4 11 10 67
2 0 9 4 0 21 4
2 0 9 3 17 5 76
2 0 9 3 6 16 173
2 0 9 2 23 0 13
2 0 9 2 12 11 8
2 0 9 2 1 22 160
2 0 9 1 18 6 2
2 0 9 1 7 17 71
2 0 9 0 24 1 174
2 0 9 0 13 12 121
2 0 9 0 2 23 147
2 0 8 22 0 4 27
2 0 8 20 1 5 47
2 0 8 19 7 0 73
2 0 8 18 2 6 85
2 0 8 17 8 1 44
2 0 8 16 3 7 129
2 0 8 15 9 2 19
2 0 8 14 4 8 150
2 0 8 13 10 3 173
2 0 8 12 5 9 174
2 0 8 11 11 4 154
2 0 8 11 0 15 154
2 0 8 10 6 10 165
2 0 8 9 12 5 111
2 0 8 9 1 16 85
2 0 8 8 18 0 170
2 0 8 8 7 11 120
2 0 8 7 13 6 37
2 0 8 7 2 17 43
2 0 8 6 19 1 112
2 0 8 6 8 12 62
2 0 8 5 14 7 17
2 0 8 5 3 18 45
2 0 8 4 20 2 49
2 0 8 4 9 13 178
2 0 8 3 15 8 158
2 0 8 3 4 19 127
2 0 8 2 21 3 126
2 0 8 2 10 14 95
2 0 8 1 16 9 14
2 0 8 1 5 20 71
2 0 8 0 22 4 92
2 0 8 0 11 15 99
2 0 8 0 0 26 84
2 0 7 25 2 0 126
2 0 7 23 3 1 112
2 0 7 21 4 2 87
2 0 7 19 5 3 153
2 0 7 18 0 9 137
2 0 7 17 6 4 73
2 0 7 16 1 10 123
2 0 7 15 7 5 191
2 0 7 14 13 0 31
2 0 7 14 2 11 125
2 0 7 13 8 6 128
2 0 7 12 14 1 35
2 0 7 12 3 12 27
2 0 7 11 9 7 174
2 0 7 10 15 2 27
2 0 7 10 4 13 72
2 0 7 9 10 8 60
2 0 7 8 16 3 85
2 0 7 8 5 14 65
2 0 7 7 11 9 164
2 0 7 7 0 20 87
2 0 7 6 17 4 73
2 0 7 6 6 15 102
2 0 7 5 12 10 89
2 0 7 5 1 21 144
2 0 7 4 18 5 45
2 0 7 4 7 16 44
2 0 7 3 24 0 12
2 0 7 3 13 11 136
2 0 7 3 2 22 32
2 0 7 2 19 6 12
2 0 7 2 8 17 68
2 0 7 1 25 1 2
2 0 7 1 14 12 157
2 0 7 1 3 23 75
2 0 7 0 20 7 41
2 0 7 0 9 18 189
2 0 6 25 0 3 158
2 0 6 23 1 4 121
2 0 6 21 2 5 155
2 0 6 20 8 0 84
2 0 6 19 3 6 7
2 0 6 18 9 1 36
2 0 6 17 4 7 176
2 0 6 16 10 2 164
2 0 6 15 5 8 107
2 0 6 14 11 3 125
2 0 6 14 0 14 164
2 0 6 13 6 9 135
2 0 6 12 12 4 195
2 0 6 12 1 15 75
2 0 6 11 7 10 37
2 0 6 10 13 5 152
2 0 6 10 2 16 91
2 0 6 9 19 0 117
2 0 6 9 8 11 56
2 0 6 8 14 6 61
2 0 6 8 3 17 96
2 0 6 7 20 1 20
2 0 6 7 9 12 7
2 0 6 6 15 7 84
2 0 6 6 4 18 176
2 0 6 5 21 2 79
2 0 6 5 10 13 88
2 0 6 4 16 8 95
2 0 6 4 5 19 89
2 0 6 3 11 14 168
2 0 6 3 0 25 62
2 0 6 2 17 9 129
2 0 6 2 6 20 165
2 0 6 1 23 4 8
2 0 6 1 12 15 77
2 0 6 1 1 26 29
2 0 6 0 18 10 185
2 0 6 0 7 21 130
2 0 5 26 3 0 41
2 0 5 24 4 1 125
2 0 5 22 5 2 120
2 0 5 21 0 8 136
2 0 5 20 6 3 151
2 0 5 19 1 9 1
2 0 5 18 7 4 38
2 0 5 17 2 10 69
2 0 5 16 8 5 108
2 0 5 15 14 0 110
2 0 5 15 3 11 60
2 0 5 14 9 6 119
2 0 5 13 15 1 68
2 0 5 13 4 12 107
2 0 5 12 10 7 63
2 0 5 11 16 2 64
2 0 5 11 5 13 190
2 0 5 10 11 8 195
2 0 5 10 0 19 189
2 0 5 9 17 3 134
2 0 5 8 12 9 76
2 0 5 8 1 20 125
2 0 5 7 18 4 170
2 0 5 7 7 15 182
2 0 5 6 13 10 131
2 0 5 6 2 21 122
2 0 5 5 19 5 88
2 0 5 5 8 16 111
2 0 5 4 25 0 59
2 0 5 4 14 11 89
2 0 5 4 3 22 41
2 0 5 3 20 6 34
2 0 5 3 9 17 108
2 0 5 2 26 1 132
2 0 5 2 15 12 43
2 0 5 2 4 23 82
2 0 5 1 21 7 57
2 0 5 1 10 18 62
2 0 5 0 27 2 97
2 0 5 0 16 13 189
2 0 5 0 5 24 163
2 0 4 28 0 2 133
2 0 4 26 1 3 109
2 0 4 24 2 4 22
2 0 4 22 3 5 141
2 0 4 21 9 0 5
2 0 4 20 4 6 67
2 0 4 19 10 1 165
2 0 4 18 5 7 121
2 0 4 17 11 2 100
2 0 4 17 0 13 159
2 0 4 16 6 8 3
2 0 4 15 12 3 43
2 0 4 15 1 14 100
2 0 4 14 7 9 10
2 0 4 13 13 4 196
2 0 4 13 2 15 44
2 0 4 12 8 10 80
2 0 4 11 14 5 40
2 0 4 11 3 16 177
2 0 4 10 20 0 33
2 0 4 10 9 11 160
2 0 4 9 15 6 180
2 0 4 9 4 17 32
2 0 4 8 21 1 150
2 0 4 8 10 12 85
2 0 4 7 16 7 12
2 0 4 7 5 18 190
2 0 4 6 22 2 142
2 0 4 6 11 13 50
2 0 4 6 0 24 166
2 0 4 5 17 8 26
2 0 4 5 6 19 67
2 0 4 4 23 3 164
2 0 4 4 12 14 171
2 0 4 4 1 25 182
2 0 4 3 18 9 34
2 0 4 3 7 20 26
2 0 4 2 24 4 159
2 0 4 2 13 15 61
2 0 4 2 2 26 139
2 0 4 1 19 10 103
2 0 4 1 8 21 114
2 0 4 0 25 5 177
2 0 4 0 14 16 2
2 0 4 0 3 27 30
2 0 3 27 4 0 198
2 0 3 25 5 1 75
2 0 3 24 0 7 88
2 0 3 23 6 2 103
2 0 3 22 1 8 191
2 0 3 21 7 3 163
2 0 3 20 2 9 80
2 0 3 19 8 4 34
2 0 3 18 3 10 37
2 0 3 17 9 5 149
2 0 3 16 15 0 40
2 0 3 16 4 11 45
2 0 3 15 10 6 189
2 0 3 14 16 1 93
2 0 3 14 5 12 89
2 0 3 13 11 7 138
2 0 3 13 0 18 191
2 0 3 12 17 2 67
2 0 3 12 6 13 85
2 0 3 11 12 8 183
2 0 3 11 1 19 98
2 0 3 10 18 3 162
2 0 3 10 7 14 114
2 0 3 9 13 9 180
2 0 3 9 2 20 93
2 0 3 8 19 4 59
2 0 3 8 8 15 50
2 0 3 7 14 10 24
2 0 3 7 3 21 197
2 0 3 6 20 5 143
2 0 3 6 9 16 123
2 0 3 5 26 0 11
2 0 3 5 15 11 133
2 0 3 5 4 22 170
2 0 3 4 21 6 30
2 0 3 4 10 17 106
2 0 3 3 27 1 191
2 0 3 3 16 12 38
2 0 3 3 5 23 97
2 0 3 2 22 7 116
2 0 3 2 11 18 102
2 0 3 2 0 29 50
2 0 3 1 28 2 105
2 0 3 1 17 13 110
2 0 3 1 6 24 109
2 0 3 0 23 8 153
2 0 3 0 12 19 166
2 0 3 0 1 30 126
2 0 2 31 0 1 118
2 0 2 29 1 2 96
2 0 2 27 2 3 86
2 0 2 25 3 4 41
2 0 2 23 4 5 35
2 0 2 22 10 0 115
2 0 2 21 5 6 178
2 0 2 20 11 1 19
2 0 2 20 0 12 133
2 0 2 19 6 7 187
2 0 2 18 12 2 160
2 0 2 18 1 13 109
2 0 2 17 7 8 95
2 0 2 16 13 3 125
2 0 2 16 2 14 35
2 0 2 15 8 9 77
2 0 2 14 14 4 49
2 0 2 14 3 15 56
2 0 2 13 9 10 36
2 0 2 12 15 5 78
2 0 2 12 4 16 111
2 0 2 11 21 0 91
2 0 2 11 10 11 196
2 0 2 10 16 6 104
2 0 2 10 5 17 9
2 0 2 9 22 1 138
2 0 2 9 11 12 73
2 0 2 9 0 23 146
2 0 2 8 17 7 78
2 0 2 8 6 18 89
2 0 2 7 23 2 68
2 0 2 7 12 13 152
2 0 2 7 1 24 42
2 0 2 6 18 8 62
2 0 2 6 7 19 97
2 0 2 5 24 3 167
2 0 2 5 13 14 126
2 0 2 5 2 25 63
2 0 2 4 19 9 129
2 0 2 4 8 20 82
2 0 2 3 25 4 82
2 0 2 3 14 15 170
2 0 2 3 3 26 185
2 0 2 2 20 10 124
2 0 2 2 9 21 101
2 0 2 1 26 5 70
2 0 2 1 15 16 105
2 0 2 1 4 27 102
2 0 2 0 32 0 192
2 0 2 0 21 11 161
2 0 2 0 10 22 189
2 0 1 28 5 0 172
2 0 1 27 0 6 40
2 0 1 26 6 1 130
2 0 1 25 1 7 178
2 0 1 24 7 2 191
2 0 1 23 2 8 42
2 0 1 22 8 3 136
2 0 1 21 3 9 120
2 0 1 20 9 4 178
2 0 1 19 4 10 20
2 0 1 18 10 5 16
2 0 1 17 16 0 120
2 0 1 17 5 11 45
2 0 1 16 11 6 68
2 0 1 16 0 17 80
2 0 1 15 17 1 198
2 0 1 15 6 12 148
2 0 1 14 12 7 29
2 0 1 14 1 18 119
2 0 1 13 18 2 151
2 0 1 13 7 13 23
2 0 1 12 13 8 11
2 0 1 12 2 19 80
2 0 1 11 19 3 96
2 0 1 11 8 14 171
2 0 1 10 14 9 3
2 0 1 10 3 20 166
2 0 1 9 20 4 180
2 0 1 9 9 15 87
2 0 1 8 15 10 148
2 0 1 8 4 21 88
2 0 1 7 21 5 25
2 0 1 7 10 16 174
2 0 1 6 27 0 9
2 0 1 6 16 11 68
2 0 1 6 5 22 79
2 0 1 5 22 6 137
2 0 1 5 11 17 95
2 0 1 5 0 28 75
2 0 1 4 28 1 25
2 0 1 4 17 12 147
2 0 1 4 6 23 195
2 0 1 3 23 7 12
2 0 1 3 12 18 132
2 0 1 3 1 29 108
2 0 1 2 29 2 54
2 0 1 2 18 13 40
2 0 1 2 7 24 17
2 0 1 1 24 8 9
2 0 1 1 13 19 52
2 0 1 1 2 30 122
2 0 1 0 30 3 5
2 0 1 0 19 14 86
2 0 1 0 8 25 42
2 0 0 34 0 0 156
2 0 0 32 1 1 106
2 0 0 30 2 2 24
2 0 0 28 3 3 22
2 0 0 26 4 4 63
2 0 0 24 5 5 56
2 0 0 23 11 0 89
2 0 0 23 0 11 170
2 0 0 22 6 6 176
2 0 0 21 12 1 5
2 0 0 21 1 12 21
2 0 0 20 7 7 104
2 0 0 19 13 2 176
2 0 0 19 2 13 161
2 0 0 18 8 8 17
2 0 0 17 14 3 58
2 0 0 17 3 14 188
2 0 0 16 9 9 111
2 0 0 15 15 4 83
2 0 0 15 4 15 110
2 0 0 14 10 10 35
2 0 0 13 16 5 24
2 0 0 13 5 16 60
2 0 0 12 22 0 112
2 0 0 12 11 11 67
2 0 0 12 0 22 117
2 0 0 11 17 6 83
2 0 0 11 6 17 64
2 0 0 10 23 1 100
2 0 0 10 12 12 100
2 0 0 10 1 23 161
2 0 0 9 18 7 7
2 0 0 9 7 18 163
2 0 0 8 24 2 107
2 0 0 8 13 13 187
2 0 0 8 2 24 171
2 0 0 7 19 8 118
2 0 0 7 8 19 172
2 0 0 6 25 3 171
2 0 0 6 14 14 81
2 0 0 6 3 25 159
2 0 0 5 20 9 182
2 0 0 5 9 20 135
2 0 0 4 26 4 151
2 0 0 4 15 15 104
2 0 0 4 4 26 133
2 0 0 3 21 10 123
2 0 0 3 10 21 4
2 0 0 2 27 5 67
2 0 0 2 16 16 146
2 0 0 2 5 27 79
2 0 0 1 33 0 81
2 0 0 1 22 11 169
2 0 0 1 11 22 94
2 0 0 1 0 33 156
2 0 0 0 28 6 108
2 0 0 0 17 17 14
2 0 0 0 6 28 180
3 33 0 0 1 0 156
3 31 3 0 0 0 22
3 31 1 1 1 0 107
3 30 2 0 0 2 88
3 30 0 3 0 1 126
3 30 0 1 1 2 122
3 29 4 1 0 0 69
3 29 2 2 1 0 168
3 29 2 0 2 1 136
3 29 1 0 0 4 176
3 29 0 3 2 0 50
3 29 0 1 3 1 108
3 28 3 1 0 2 25
3 28 2 0 4 0 1
3 28 1 4 0 1 99
3 28 1 2 1 2 61
3 28 1 0 2 3 78
3 28 0 1 5 0 75
3 28 0 0 0 6 180
3 27 5 2 0 0 197
3 27 5 0 1 1 165
3 27 3 3 1 0 194
3 27 3 1 2 1 110
3 27 2 1 0 4 186
3 27 1 4 2 0 87
3 27 1 2 3 1 161
3 27 1 0 4 2 39
3 27 0 4 0 3 30
3 27 0 2 1 4 102
3 27 0 0 2 5 79
3 26 5 0 3 0 113
3 26 4 2 0 2 9
3 26 4 0 1 3 31
3 26 3 1 4 0 167
3 26 2 5 0 1 124
3 26 2 3 1 2 147
3 26 2 1 2 3 47
3 26 1 2 5 0 75
3 26 1 1 0 6 154
3 26 1 0 6 1 148
3 26 0 8 0 0 84
3 26 0 6 1 1 29
3 26 0 4 2 2 139
3 26 0 2 3 3 185
3 26 0 0 4 4 133
3 25 8 0 0 1 58
3 25 6 3 0 0 57
3 25 6 1 1 1 126
3 25 4 4 1 0 120
3 25 4 2 2 1 90
3 25 4 0 3 2 168
3 25 3 2 0 4 34
3 25 3 0 1 5 105
3 25 2 5 2 0 1
3 25 2 3 3 1 165
3 25 2 1 4 2 196
3 25 1 5 0 3 159
3 25 1 3 1 4 109
3 25 1 1 2 5 52
3 25 1 0 8 0 105
3 25 0 6 3 0 62
3 25 0 4 4 1 182
3 25 0 2 5 2 63
3 25 0 1 0 8 42
3 25 0 0 6 3 159
3 24 8 0 2 0 104
3 24 7 0 0 3 155
3 24 6 1 3 0 148
3 24 5 3 0 2 197
3 24 5 1 1 3 194
3 24 4 2 4 0 24
3 24 4 0 5 1 79
3 24 3 6 0 1 73
3 24 3 4 1 2 3
3 24 3 2 2 3 100
3 24 3 0 3 4 84
3 24 2 3 5 0 122
3 24 2 2 0 6 32
3 24 2 1 6 1 187
3 24 2 0 1 7 136
3 24 1 9 0 0 43
3 24 1 7 1 1 137
3 24 1 5 2 2 70
3 24 1 3 3 3 182
3 24 1 1 4 4 162
3 24 0 5 0 5 163
3 24 0 4 6 0 166
3 24 0 3 1 6 109
3 24 0 2 7 1 42
3 24 0 1 2 7 17
3 24 0 0 8 2 171
3 23 9 1 0 1 149
3 23 7 4 0 0 22
3 23 7 2 1 1 109
3 23 7 0 2 2 65
3 23 6 0 0 5 1
3 23 5 5 1 0 110
3 23 5 3 2 1 83
3 23 5 1 3 2 18
3 23 4 3 0 4 26
3 23 4 1 1 5 161
3 23 4 0 7 0 48
3 23 3 6 2 0 100
3 23 3 4 3 1 189
3 23 3 2 4 2 63
3 23 3 0 5 3 83
3 23 2 6 0 3 50
3 23 2 4 1 4 67
3 23 2 2 2 5 37
3 23 2 1 8 0 54
3 23 2 0 3 6 72
3 23 1 7 3 0 150
3 23 1 5 4 1 11
3 23 1 3 5 2 88
3 23 1 2 0 8 67
3 23 1 1 6 3 54
3 23 1 0 1 9 158
3 23 0 9 0 2 147
3 23 0 7 1 3 75
3 23 0 5 2 4 82
3 23 0 3 3 5 97
3 23 0 2 9 0 146
3 23 0 1 4 6 195
3 23 0 0 10 1 161
3 22 11 0 1 0 82
3 22 9 1 2 0 100
3 22 8 1 0 3 90
3 22 7 2 3 0 182
3 22 7 0 4 1 172
3 22 6 4 0 2 155
3 22 6 2 1 3 95
3 22 6 0 2 4 18
3 22 5 3 4 0 58
3 22 5 1 5 1 81
3 22 5 0 0 7 62
3 22 4 7 0 1 62
3 22 4 5 1 2 68
3 22 4 3 2 3 147
3 22 4 1 3 4 11
3 22 3 4 5 0 162
3 22 3 3 0 6 164
3 22 3 2 6 1 104
3 22 3 1 1 7 152
3 22 3 0 7 2 15
3 22 2 10 0 0 109
3 22 2 8 1 1 47
3 22 2 6 2 2 34
3 22 2 4 3 3 13
3 22 2 2 4 4 112
3 22 2 0 5 5 48
3 22 1 6 0 5 40
3 22 1 5 6 0 58
3 22 1 4 1 6 92
3 22 1 3 7 1 171
3 22 1 2 2 7 151
3 22 1 1 8 2 89
3 22 1 0 3 8 140
3 22 0 11 1 0 76
3 22 0 9 2 1 160
3 22 0 7 3 2 32
3 22 0 5 4 3 41
3 22 0 3 5 4 170
3 22 0 2 0 10 189
3 22 0 1 6 5 79
3 22 0 0 12 0 117
3 22 0 0 1 11 94
3 21 10 2 0 1 173
3 21 10 0 1 2 178
3 21 8 5 0 0 137
3 21 8 3 1 1 163
3 21 8 1 2 2 14
3 21 7 1 0 5 58
3 21 7 0 6 0 190
3 21 6 6 1 0 185
3 21 6 4 2 1 42
3 21 6 2 3 2 133
3 21 6 0 4 3 161
3 21 5 4 0 4 59
3 21 5 2 1 5 11
3 21 5 1 7 0 105
3 21 5 0 2 6 47
3 21 4 7 2 0 124
3 21 4 5 3 1 81
3 21 4 3 4 2 108
3 21 4 1 5 3 50
3 21 4 0 0 9 71
3 21 3 7 0 3 36
3 21 3 5 1 4 24
3 21 3 3 2 5 198
3 21 3 2 8 0 100
3 21 3 1 3 6 23
3 21 3 0 9 1 145
3 21 2 8 3 0 194
3 21 2 6 4 1 8
3 21 2 4 5 2 134
3 21 2 3 0 8 125
3 21 2 2 6 3 169
3 21 2 1 1 9 115
3 21 2 0 7 4 18
3 21 1 10 0 2 61
3 21 1 8 1 3 65
3 21 1 6 2 4 4
3 21 1 4 3 5 179
3 21 1 3 9 0 109
3 21 1 2 4 6 153
3 21 1 1 10 1 9
3 21 1 0 5 7 179
3 21 0 9 4 0 4
3 21 0 7 5 1 144
3 21 0 6 0 7 130
3 21 0 5 6 2 122
3 21 0 4 1 8 114
3 21 0 3 7 3 197
3 21 0 2 2 9 101
3 21 0 1 8 4 88
3 21 0 0 3 10 4
3 20 14 0 0 0 146
3 20 12 1 1 0 137
3 20 10 2 2 0 162
3 20 10 0 3 1 140
3 20 9 2 0 3 111
3 20 9 0 1 4 195
3 20 8 3 3 0 82
3 20 8 1 4 1 38
3 20 7 5 0 2 22
3 20 7 3 1 3 98
3 20 6 4 4 0 42
3 20 6 2 5 1 185
3 20 6 1 0 7 12
3 20 6 0 6 2 64
3 20 5 8 0 1 11
3 20 5 6 1 2 151
3 20 5 4 2 3 62
3 20 5 2 3 4 86
3 20 5 0 4 5 108
3 20 4 5 5 0 172
3 20 4 4 0 6 155
3 20 4 3 6 1 154
3 20 4 2 1 7 80
3 20 4 1 7 2 103
3 20 4 0 2 8 107
3 20 3 11 0 0 144
3 20 3 9 1 1 158
3 20 3 7 2 2 170
3 20 3 5 3 3 92
3 20 3 3 4 4 73
3 20 3 1 5 5 20
3 20 3 0 11 0 83
3 20 3 0 0 11 89
3 20 2 7 0 5 106
3 20 2 6 6 0 106
3 20 2 5 1 6 107
3 20 2 4 7 1 143
3 20 2 3 2 7 132
3 20 2 2 8 2 159
3 20 2 1 3 8 9
3 20 2 0 9 3 13
3 20 1 12 1 0 119
3 20 1 10 2 1 192
3 20 1 8 3 2 156
3 20 1 6 4 3 177
3 20 1 4 5 4 49
3 20 1 3 0 10 5
3 20 1 2 6 5 88
3 20 1 1 12 0 143
3 20 1 1 1 11 68
3 20 1 0 7 6 138
3 20 0 10 0 4 159
3 20 0 8 1 5 71
3 20 0 7 7 0 87
3 20 0 6 2 6 165
3 20 0 5 8 1 125
3 20 0 4 3 7 26
3 20 0 3 9 2 93
3 20 0 2 4 8 82
3 20 0 1 10 3 166
3 20 0 0 5 9 135
3 19 13 0 0 2 191
3 19 11 3 0 1 182
3 19 11 1 1 2 145
3 19 10 0 5 0 155
3 19 9 6 0 0 169
3 19 9 4 1 1 142
3 19 9 2 2 2 107
3 19 9 0 3 3 168
3 19 8 2 0 5 19
3 19 8 1 6 0 39
3 19 8 0 1 6 80
3 19 7 7 1 0 95
3 19 7 5 2 1 193
3 19 7 3 3 2 144
3 19 7 1 4 3 108
3 19 6 5 0 4 125
3 19 6 3 1 5 4
3 19 6 2 7 0 172
3 19 6 1 2 6 141
3 19 6 0 8 1 27
3 19 5 8 2 0 46
3 19 5 6 3 1 65
3 19 5 4 4 2 173
3 19 5 2 5 3 94
3 19 5 1 0 9 15
3 19 5 0 6 4 51
3 19 4 8 0 3 135
3 19 4 6 1 4 28
3 19 4 4 2 5 84
3 19 4 3 8 0 51
3 19 4 2 3 6 32
3 19 4 1 9 1 152
3 19 4 0 4 7 149
3 19 3 9 3 0 160
3 19 3 7 4 1 50
3 19 3 5 5 2 103
3 19 3 4 0 8 25
3 19 3 3 6 3 111
3 19 3 2 1 9 31
3 19 3 1 7 4 103
3 19 3 0 2 10 14
3 19 2 11 0 2 178
3 19 2 9 1 3 108
3 19 2 7 2 4 93
3 19 2 5 3 5 36
3 19 2 4 9 0 180
3 19 2 3 4 6 31
3 19 2 2 10 1 86
3 19 2 1 5 7 45
3 19 2 0 11 2 66
3 19 2 0 0 13 11
3 19 1 10 4 0 76
3 19 1 8 5 1 80
3 19 1 7 0 7 167
3 19 1 6 6 2 77
3 19 1 5 1 8 32
3 19 1 4 7 3 189
3 19 1 3 2 9 7
3 19 1 2 8 4 87
3 19 1 1 3 10 13
3 19 1 0 9 5 166
3 19 0 14 0 1 173
3 19 0 12 1 2 88
3 19 0 10 2 3 153
3 19 0 8 3 4 127
3 19 0 6 4 5 89
3 19 0 5 10 0 189
3 19 0 4 5 6 67
3 19 0 3 11 1 98
3 19 0 3 0 12 166
3 19 0 2 6 7 97
3 19 0 1 12 2 80
3 19 0 1 1 13 52
3 19 0 0 7 8 172
3 18 15 1 0 0 58
3 18 13 2 1 0 168
3 18 13 0 2 1 193
3 18 12 0 0 4 152
3 18 11 3 2 0 67
3 18 11 1 3 1 30
3 18 10 3 0 3 130
3 18 10 1 1 4 62
3 18 9 4 3 0 148
3 18 9 2 4 1 165
3 18 9 0 5 2 44
3 18 8 6 0 2 41
3 18 8 4 1 3 136
3 18 8 2 2 4 71
3 18 8 0 3 5 173
3 18 7 5 4 0 105
3 18 7 3 5 1 34
3 18 7 2 0 7 56
3 18 7 1 6 2 194
3 18 7 0 1 8 136
3 18 6 9 0 1 170
3 18 6 7 1 2 76
3 18 6 5 2 3 172
3 18 6 3 3 4 62
3 18 6 1 4 5 181
3 18 6 0 10 0 44
3 18 5 6 5 0 51
3 18 5 5 0 6 16
3 18 5 3 1 7 67
3 18 5 2 7 2 88
3 18 5 1 2 8 68
3 18 5 0 8 3 146
3 18 4 12 0 0 22
3 18 4 10 1 1 80
3 18 4 8 2 2 52
3 18 4 6 3 3 168
3 18 4 4 4 4 73
3 18 4 2 5 5 165
3 18 4 1 11 0 96
3 18 4 1 0 11 126
3 18 4 0 6 6 24
3 18 3 8 0 5 143
3 18 3 7 6 0 193
3 18 3 6 1 6 35
3 18 3 5 7 1 159
3 18 3 4 2 7 173
3 18 3 3 8 2 130
3 18 3 2 3 8 174
3 18 3 1 9 3 25
3 18 3 0 4 9 124
3 18 2 13 1 0 86
3 18 2 11 2 1 91
3 18 2 9 3 2 12
3 18 2 7 4 3 105
3 18 2 5 5 4 43
3 18 2 4 0 10 4
3 18 2 3 6 5 65
3 18 2 2 12 0 148
3 18 2 2 1 11 6
3 18 2 1 7 6 45
3 18 2 0 13 1 126
3 18 2 0 2 12 174
3 18 1 11 0 4 53
3 18 1 9 1 5 147
3 18 1 8 7 0 64
3 18 1 7 2 6 7
3 18 1 6 8 1 45
3 18 1 5 3 7 123
3 18 1 4 9 2 139
3 18 1 3 4 8 151
3 18 1 2 10 3 52
3 18 1 1 5 9 144
3 18 1 0 11 4 196
3 18 1 0 0 15 175
3 18 0 14 2 0 1
3 18 0 12 3 1 97
3 18 0 10 4 2 91
3 18 0 8 5 3 45
3 18 0 7 0 9 189
3 18 0 6 6 4 176
3 18 0 5 1 10 62
3 18 0 4 7 5 190
3 18 0 3 13 0 191
3 18 0 3 2 11 102
3 18 0 2 8 6 89
3 18 0 1 14 1 119
3 18 0 1 3 12 132
3 18 0 0 9 7 163
3 17 14 1 0 2 182
3 17 13 0 4 0 50
3 17 12 4 0 1 5
3 17 12 2 1 2 36
3 17 12 0 2 3 37
3 17 11 1 5 0 98
3 17 11 0 0 6 65
3 17 10 7 0 0 77
3 17 10 5 1 1 30
3 17 10 3 2 2 166
3 17 10 1 3 3 72
3 17 9 3 0 5 40
3 17 9 2 6 0 150
3 17 9 1 1 6 134
3 17 9 0 7 1 65
3 17 8 8 1 0 1
3 17 8 6 2 1 159
3 17 8 4 3 2 191
3 17 8 2 4 3 60
3 17 8 0 5 4 26
3 17 7 6 0 4 6
3 17 7 4 1 5 175
3 17 7 3 7 0 194
3 17 7 2 2 6 179
3 17 7 1 8 1 171
3 17 7 0 3 7 154
3 17 6 9 2 0 81
3 17 6 7 3 1 8
3 17 6 5 4 2 58
3 17 6 3 5 3 70
3 17 6 2 0 9 38
3 17 6 1 6 4 75
3 17 6 0 1 10 114
3 17 5 9 0 3 66
3 17 5 7 1 4 121
3 17 5 5 2 5 54
3 17 5 4 8 0 74
3 17 5 3 3 6 14
3 17 5 2 9 1 60
3 17 5 1 4 7 98
3 17 5 0 10 2 120
3 17 4 10 3 0 72
3 17 4 8 4 1 99
3 17 4 6 5 2 190
3 17 4 5 0 8 154
3 17 4 4 6 3 120
3 17 4 3 1 9 41
3 17 4 2 7 4 35
3 17 4 1 2 10 94
3 17 4 0 8 5 176
3 17 3 12 0 2 124
3 17 3 10 1 3 171
3 17 3 8 2 4 69
3 17 3 6 3 5 178
3 17 3 5 9 0 44
3 17 3 4 4 6 72
3 17 3 3 10 1 102
3 17 3 2 5 7 13
3 17 3 1 11 2 163
3 17 3 1 0 13 173
3 17 3 0 6 8 155
3 17 2 11 4 0 172
3 17 2 9 5 1 162
3 17 2 8 0 7 121
3 17 2 7 6 2 152
3 17 2 6 1 8 1
3 17 2 5 7 3 115
3 17 2 4 2 9 138
3 17 2 3 8 4 72
3 17 2 2 3 10 136
3 17 2 1 9 5 42
3 17 2 0 15 0 194
3 17 2 0 4 11 178
3 17 1 15 0 1 70
3 17 1 13 1 2 70
3 17 1 11 2 3 48
3 17 1 9 3 4 33
3 17 1 7 4 5 42
3 17 1 6 10 0 195
3 17 1 5 5 6 149
3 17 1 4 11 1 157
3 17 1 4 0 12 134
3 17 1 3 6 7 156
3 17 1 2 12 2 41
3 17 1 2 1 13 8
3 17 1 1 7 8 148
3 17 1 0 13 3 14
3 17 1 0 2 14 110
3 17 0 12 5 0 39
3 17 0 11 0 6 92
3 17 0 10 6 1 186
3 17 0 9 1 7 71
3 17 0 8 7 2 43
3 17 0 7 2 8 68
3 17 0 6 8 3 96
3 17 0 5 3 9 108
3 17 0 4 9 4 32
3 17 0 3 4 10 106
3 17 0 2 10 5 9
3 17 0 1 16 0 80
3 17 0 1 5 11 95
3 17 0 0 11 6 64
3 17 0 0 0 17 14
3 16 16 2 0 0 115
3 16 16 0 1 1 16
3 16 14 3 1 0 185
3 16 14 1 2 1 189
3 16 13 1 0 4 54
3 16 12 4 2 0 143
3 16 12 2 3 1 63
3 16 12 0 4 2 174
3 16 11 4 0 3 99
3 16 11 2 1 4 116
3 16 11 0 2 5 190
3 16 10 5 3 0 59
3 16 10 3 4 1 54
3 16 10 1 5 2 22
3 16 10 0 0 8 116
3 16 9 7 0 2 34
3 16 9 5 1 3 67
3 16 9 3 2 4 12
3 16 9 1 3 5 181
3 16 9 0 9 0 91
3 16 8 6 4 0 188
3 16 8 4 5 1 178
3 16 8 3 0 7 104
3 16 8 2 6 2 149
3 16 8 1 1 8 18
3 16 8 0 7 3 19
3 16 7 10 0 1 181
3 16 7 8 1 2 86
3 16 7 6 2 3 169
3 16 7 4 3 4 153
3 16 7 2 4 5 70
3 16 7 1 10 0 186
3 16 7 0 5 6 177
3 16 6 7 5 0 162
3 16 6 6 0 6 29
3 16 6 5 6 1 64
3 16 6 4 1 7 47
3 16 6 3 7 2 41
3 16 6 2 2 8 154
3 16 6 1 8 3 96
3 16 6 0 3 9 15
3 16 5 13 0 0 50
3 16 5 11 1 1 100
3 16 5 9 2 2 186
3 16 5 7 3 3 50
3 16 5 5 4 4 168
3 16 5 3 5 5 162
3 16 5 2 11 0 165
3 16 5 2 0 11 36
3 16 5 1 6 6 100
3 16 5 0 12 1 123
3 16 5 0 1 12 75
3 16 4 9 0 5 135
3 16 4 8 6 0 52
3 16 4 7 1 6 50
3 16 4 6 7 1 91
3 16 4 5 2 7 38
3 16 4 4 8 2 83
3 16 4 3 3 8 154
3 16 4 2 9 3 106
3 16 4 1 4 9 27
3 16 4 0 10 4 75
3 16 3 14 1 0 29
3 16 3 12 2 1 4
3 16 3 10 3 2 188
3 16 3 8 4 3 165
3 16 3 6 5 4 4
3 16 3 5 0 10 1
3 16 3 4 6 5 30
3 16 3 3 12 0 49
3 16 3 3 1 11 156
3 16 3 2 7 6 78
3 16 3 1 13 1 179
3 16 3 1 2 12 177
3 16 3 0 8 7 81
3 16 2 12 0 4 197
3 16 2 10 1 5 98
3 16 2 9 7 0 68
3 16 2 8 2 6 102
3 16 2 7 8 1 169
3 16 2 6 3 7 97
3 16 2 5 9 2 11
3 16 2 4 4 8 115
3 16 2 3 10 3 62
3 16 2 2 5 9 105
3 16 2 1 11 4 56
3 16 2 1 0 15 120
3 16 2 0 6 10 52
3 16 1 15 2 0 187
3 16 1 13 3 1 46
3 16 1 11 4 2 176
3 16 1 9 5 3 168
3 16 1 8 0 9 19
3 16 1 7 6 4 189
3 16 1 6 1 10 145
3 16 1 5 7 5 16
3 16 1 4 13 0 66
3 16 1 4 2 11 101
3 16 1 3 8 6 147
3 16 1 2 14 1 198
3 16 1 2 3 12 166
3 16 1 1 9 7 127
3 16 1 0 15 2 77
3 16 1 0 4 13 77
3 16 0 15 0 3 138
3 16 0 13 1 4 101
3 16 0 11 2 5 155
3 16 0 10 8 0 25
3 16 0 9 3 6 173
3 16 0 8 9 1 85
3 16 0 7 4 7 44
3 16 0 6 10 2 91
3 16 0 5 5 8 111
3 16 0 4 11 3 177
3 16 0 4 0 14 2
3 16 0 3 6 9 123
3 16 0 2 12 4 111
3 16 0 2 1 15 105
3 16 0 1 7 10 174
3 16 0 0 13 5 60
3 16 0 0 2 16 146
3 15 16 0 3 0 14
3 15 15 2 0 2 12
3 15 15 0 1 3 8
3 15 14 1 4 0 70
3 15 13 5 0 1 2
3 15 13 3 1 2 129
3 15 13 1 2 3 24
3 15 12 2 5 0 160
3 15 12 1 0 6 26
3 15 12 0 6 1 49
3 15 11 8 0 0 4
3 15 11 6 1 1 176
3 15 11 4 2 2 45
3 15 11 2 3 3 154
3 15 11 0 4 4 56
3 15 10 4 0 5 30
3 15 10 3 6 0 151
3 15 10 2 1 6 16
3 15 10 1 7 1 54
3 15 10 0 2 7 7
3 15 9 9 1 0 95
3 15 9 7 2 1 28
3 15 9 5 3 2 174
3 15 9 3 4 3 148
3 15 9 1 5 4 77
3 15 9 0 0 10 91
3 15 8 7 0 4 182
3 15 8 5 1 5 116
3 15 8 4 7 0 9
3 15 8 3 2 6 159
3 15 8 2 8 1 62
3 15 8 1 3 7 130
3 15 8 0 9 2 7
3 15 7 10 2 0 159
3 15 7 8 3 1 145
3 15 7 6 4 2 148
3 15 7 4 5 3 136
3 15 7 3 0 9 6
3 15 7 2 6 4 134
3 15 7 1 1 10 151
3 15 7 0 7 5 166
3 15 6 10 0 3 117
3 15 6 8 1 4 46
3 15 6 6 2 5 7
3 15 6 5 8 0 88
3 15 6 4 3 6 126
3 15 6 3 9 1 192
3 15 6 2 4 7 72
3 15 6 1 10 2 192
3 15 6 0 5 8 189
3 15 5 11 3 0 44
3 15 5 9 4 1 38
3 15 5 7 5 2 79
3 15 5 6 0 8 121
3 15 5 5 6 3 100
3 15 5 4 1 9 69
3 15 5 3 7 4 165
3 15 5 2 2 10 103
3 15 5 1 8 5 197
3 15 5 0 14 0 160
3 15 5 0 3 11 105
3 15 4 11 1 3 66
3 15 4 9 2 4 37
3 15 4 7 3 5 20
3 15 4 6 9 0 93
3 15 4 5 4 6 12
3 15 4 4 10 1 29
3 15 4 3 5 7 192
3 15 4 2 11 2 12
3 15 4 2 0 13 87
3 15 4 1 6 8 52
3 15 4 0 12 3 30
3 15 4 0 1 14 172
3 15 3 12 4 0 95
3 15 3 10 5 1 137
3 15 3 9 0 7 193
3 15 3 8 6 2 186
3 15 3 7 1 8 4
3 15 3 6 7 3 183
3 15 3 5 2 9 85
3 15 3 4 8 4 88
3 15 3 3 3 10 110
3 15 3 2 9 5 22
3 15 3 1 15 0 176
3 15 3 1 4 11 17
3 15 3 0 10 6 34
3 15 2 16 0 1 151
3 15 2 14 1 2 128
3 15 2 12 2 3 2
3 15 2 10 3 4 133
3 15 2 8 4 5 70
3 15 2 7 10 0 20
3 15 2 6 5 6 181
3 15 2 5 11 1 25
3 15 2 5 0 12 134
3 15 2 4 6 7 37
3 15 2 3 12 2 54
3 15 2 3 1 13 54
3 15 2 2 7 8 158
3 15 2 1 13 3 139
3 15 2 1 2 14 39
3 15 2 0 8 9 62
3 15 1 13 5 0 72
3 15 1 12 0 6 195
3 15 1 11 6 1 106
3 15 1 10 1 7 185
3 15 1 9 7 2 20
3 15 1 8 2 8 129
3 15 1 7 8 3 175
3 15 1 6 3 9 3
3 15 1 5 9 4 52
3 15 1 4 4 10 71
3 15 1 3 10 5 2
3 15 1 2 16 0 90
3 15 1 2 5 11 116
3 15 1 1 11 6 16
3 15 1 1 0 17 11
3 15 1 0 17 1 21
3 15 1 0 6 12 164
3 15 0 19 0 0 56
3 15 0 17 1 1 147
3 15 0 15 2 2 38
3 15 0 13 3 3 3
3 15 0 11 4 4 107
3 15 0 9 5 5 38
3 15 0 8 11 0 154
3 15 0 8 0 11 99
3 15 0 7 6 6 102
3 15 0 6 12 1 75
3 15 0 6 1 12 77
3 15 0 5 7 7 182
3 15 0 4 13 2 44
3 15 0 4 2 13 61
3 15 0 3 8 8 50
3 15 0 2 14 3 56
3 15 0 2 3 14 170
3 15 0 1 9 9 87
3 15 0 0 15 4 110
3 15 0 0 4 15 104
3 14 19 0 0 1 156
3 14 17 3 0 0 128
3 14 17 1 1 1 196
3 14 15 4 1 0 11
3 14 15 2 2 1 107
3 14 15 0 3 2 116
3 14 14 2 0 4 85
3 14 14 0 1 5 195
3 14 13 5 2 0 118
3 14 13 3 3 1 72
3 14 13 1 4 2 84
3 14 12 5 0 3 180
3 14 12 3 1 4 138
3 14 12 1 2 5 76
3 14 12 0 8 0 5
3 14 11 6 3 0 140
3 14 11 4 4 1 165
3 14 11 2 5 2 45
3 14 11 1 0 8 180
3 14 11 0 6 3 198
3 14 10 8 0 2 130
3 14 10 6 1 3 40
3 14 10 4 2 4 12
3 14 10 2 3 5 47
3 14 10 1 9 0 72
3 14 10 0 4 6 62
3 14 9 7 4 0 45
3 14 9 5 5 1 150
3 14 9 3 6 2 40
3 14 9 2 1 8 185
3 14 9 1 7 3 113
3 14 9 0 2 9 39
3 14 8 11 0 1 11
3 14 8 9 1 2 159
3 14 8 7 2 3 20
3 14 8 5 3 4 163
3 14 8 3 4 5 120
3 14 8 2 10 0 9
3 14 8 1 5 6 32
3 14 8 0 11 1 102
3 14 8 0 0 12 74
3 14 7 8 5 0 93
3 14 7 7 0 6 160
3 14 7 6 6 1 15
3 14 7 5 1 7 84
3 14 7 4 7 2 35
3 14 7 3 2 8 54
3 14 7 2 8 3 40
3 14 7 1 3 9 86
3 14 7 0 9 4 127
3 14 6 14 0 0 129
3 14 6 12 1 1 42
3 14 6 10 2 2 181
3 14 6 8 3 3 45
3 14 6 6 4 4 106
3 14 6 4 5 5 45
3 14 6 3 11 0 197
3 14 6 3 0 11 181
3 14 6 2 6 6 37
3 14 6 1 12 1 15
3 14 6 1 1 12 170
3 14 6 0 7 7 78
3 14 5 10 0 5 90
3 14 5 9 6 0 78
3 14 5 8 1 6 27
3 14 5 7 7 1 94
3 14 5 6 2 7 46
3 14 5 5 8 2 170
3 14 5 4 3 8 40
3 14 5 3 9 3 192
3 14 5 2 4 9 6
3 14 5 1 10 4 186
3 14 5 0 5 10 49
3 14 4 15 1 0 93
3 14 4 13 2 1 133
3 14 4 11 3 2 76
3 14 4 9 4 3 74
3 14 4 7 5 4 48
3 14 4 6 0 10 148
3 14 4 5 6 5 143
3 14 4 4 12 0 195
3 14 4 4 1 11 121
3 14 4 3 7 6 21
3 14 4 2 13 1 31
3 14 4 2 2 12 129
3 14 4 1 8 7 47
3 14 4 0 14 2 19
3 14 4 0 3 13 145
3 14 3 13 0 4 192
3 14 3 11 1 5 187
3 14 3 10 7 0 48
3 14 3 9 2 6 120
3 14 3 8 8 1 101
3 14 3 7 3 7 91
3 14 3 6 9 2 95
3 14 3 5 4 8 3
3 14 3 4 10 3 135
3 14 3 3 5 9 156
3 14 3 2 11 4 112
3 14 3 2 0 15 101
3 14 3 1 6 10 192
3 14 3 0 12 5 190
3 14 3 0 1 16 178
3 14 2 16 2 0 23
3 14 2 14 3 1 69
3 14 2 12 4 2 85
3 14 2 10 5 3 144
3 14 2 9 0 9 134
3 14 2 8 6 4 129
3 14 2 7 1 10 119
3 14 2 6 7 5 37
3 14 2 5 13 0 59
3 14 2 5 2 11 193
3 14 2 4 8 6 57
3 14 2 3 14 1 79
3 14 2 3 3 12 42
3 14 2 2 9 7 184
3 14 2 1 15 2 7
3 14 2 1 4 13 3
3 14 2 0 10 8 18
3 14 1 16 0 3 57
3 14 1 14 1 4 77
3 14 1 12 2 5 50
3 14 1 11 8 0 20
3 14 1 10 3 6 151
3 14 1 9 9 1 179
3 14 1 8 4 7 93
3 14 1 7 10 2 76
3 14 1 6 5 8 134
3 14 1 5 11 3 63
3 14 1 5 0 14 173
3 14 1 4 6 9 15
3 14 1 3 12 4 70
3 14 1 3 1 15 193
3 14 1 2 7 10 99
3 14 1 1 13 5 118
3 14 1 1 2 16 72
3 14 1 0 19 0 115
3 14 1 0 8 11 130
3 14 0 17 3 0 192
3 14 0 15 4 1 114
3 14 0 13 5 2 8
3 14 0 12 0 8 159
3 14 0 11 6 3 158
3 14 0 10 1 9 128
3 14 0 9 7 4 22
3 14 0 8 2 10 95
3 14 0 7 8 5 65
3 14 0 6 14 0 164
3 14 0 6 3 11 168
3 14 0 4 15 1 100
3 14 0 4 4 12 171
3 14 0 3 10 7 114
3 14 0 2 16 2 35
3 14 0 2 5 13 126
3 14 0 1 11 8 171
3 14 0 1 0 19 86
3 14 0 0 17 3 188
3 14 0 0 6 14 81
3 13 19 0 2 0 168
3 13 18 0 0 3 178
3 13 17 1 3 0 45
3 13 16 3 0 2 66
3 13 16 1 1 3 42
3 13 15 2 4 0 105
3 13 15 0 5 1 147
3 13 14 6 0 1 170
3 13 14 4 1 2 120
3 13 14 2 2 3 137
3 13 14 0 3 4 57
3 13 13 3 5 0 16
3 13 13 2 0 6 50
3 13 13 1 6 1 182
3 13 13 0 1 7 76
3 13 12 9 0 0 136
3 13 12 7 1 1 11
3 13 12 5 2 2 161
3 13 12 3 3 3 2
3 13 12 1 4 4 73
3 13 11 5 0 5 13
3 13 11 3 1 6 33
3 13 11 2 7 1 89
3 13 11 1 2 7 22
3 13 11 0 8 2 70
3 13 10 10 1 0 189
3 13 10 8 2 1 177
3 13 10 6 3 2 18
3 13 10 4 4 3 41
3 13 10 2 5 4 13
3 13 10 1 0 10 174
3 13 10 0 6 5 65
3 13 9 8 0 4 140
3 13 9 6 1 5 179
3 13 9 5 7 0 195
3 13 9 4 2 6 161
3 13 9 3 8 1 147
3 13 9 2 3 7 34
3 13 9 1 9 2 178
3 13 9 0 4 8 54
3 13 8 11 2 0 12
3 13 8 9 3 1 119
3 13 8 7 4 2 98
3 13 8 5 5 3 198
3 13 8 4 0 9 18
3 13 8 2 1 10 97
3 13 8 1 7 5 119
3 13 8 0 13 0 138
3 13 8 0 2 11 163
3 13 7 11 0 3 56
3 13 7 9 1 4 87
3 13 7 7 2 5 72
3 13 7 6 8 0 133
3 13 7 5 3 6 95
3 13 7 4 9 1 132
3 13 7 3 4 7 20
3 13 7 2 10 2 81
3 13 7 1 5 8 66
3 13 7 0 11 3 44
3 13 7 0 0 14 22
3 13 6 12 3 0 34
3 13 6 10 4 1 151
3 13 6 8 5 2 154
3 13 6 7 0 8 58
3 13 6 6 6 3 20
3 13 6 5 1 9 47
3 13 6 4 7 4 139
3 13 6 3 2 10 179
3 13 6 2 8 5 74
3 13 6 1 14 0 115
3 13 6 1 3 11 49
3 13 6 0 9 6 106
3 13 5 14 0 2 128
3 13 5 12 1 3 88
3 13 5 10 2 4 180
3 13 5 8 3 5 45
3 13 5 7 9 0 165
3 13 5 6 4 6 176
3 13 5 5 10 1 142
3 13 5 4 5 7 151
3 13 5 3 11 2 194
3 13 5 3 0 13 71
3 13 5 2 6 8 118
3 13 5 1 12 3 99
3 13 5 1 1 14 98
3 13 5 0 7 9 70
3 13 4 13 4 0 156
3 13 4 11 5 1 61
3 13 4 10 0 7 79
3 13 4 9 6 2 50
3 13 4 8 1 8 179
3 13 4 7 7 3 180
3 13 4 6 2 9 70
3 13 4 5 8 4 69
3 13 4 4 3 10 192
3 13 4 3 9 5 49
3 13 4 2 15 0 143
3 13 4 2 4 11 176
3 13 4 1 10 6 135
3 13 4 0 16 1 102
3 13 4 0 5 12 170
3 13 3 15 1 2 42
3 13 3 13 2 3 76
3 13 3 11 3 4 35
3 13 3 9 4 5 6
3 13 3 8 10 0 178
3 13 3 7 5 6 146
3 13 3 6 11 1 69
3 13 3 6 0 12 51
3 13 3 5 6 7 151
3 13 3 4 12 2 140
3 13 3 4 1 13 70
3 13 3 3 7 8 143
3 13 3 2 13 3 18
3 13 3 2 2 14 41
3 13 3 1 8 9 135
3 13 3 0 14 4 8
3 13 3 0 3 15 83
3 13 2 14 5 0 174
3 13 2 13 0 6 164
3 13 2 12 6 1 99
3 13 2 11 1 7 99
3 13 2 10 7 2 30
3 13 2 9 2 8 127
3 13 2 8 8 3 21
3 13 2 7 3 9 7
3 13 2 6 9 4 101
3 13 2 5 4 10 93
3 13 2 4 10 5 134
3 13 2 3 16 0 165
3 13 2 3 5 11 102
3 13 2 2 11 6 85
3 13 2 2 0 17 148
3 13 2 1 17 1 172
3 13 2 1 6 12 71
3 13 2 0 12 7 63
3 13 2 0 1 18 139
3 13 1 20 0 0 197
3 13 1 18 1 1 104
3 13 1 16 2 2 26
3 13 1 14 3 3 168
3 13 1 12 4 4 115
3 13 1 10 5 5 189
3 13 1 9 11 0 43
3 13 1 9 0 11 118
3 13 1 8 6 6 190
3 13 1 7 12 1 175
3 13 1 7 1 12 114
3 13 1 6 7 7 135
3 13 1 5 13 2 30
3 13 1 5 2 13 110
3 13 1 4 8 8 55
3 13 1 3 14 3 179
3 13 1 3 3 14 179
3 13 1 2 9 9 43
3 13 1 1 15 4 54
3 13 1 1 4 15 169
3 13 1 0 10 10 93
3 13 0 16 0 5 146
3 13 0 15 6 0 139
3 13 0 14 1 6 29
3 13 0 13 7 1 71
3 13 0 12 2 7 183
3 13 0 11 8 2 54
3 13 0 10 3 8 40
3 13 0 9 9 3 55
3 13 0 8 4 9 178
3 13 0 7 10 4 72
3 13 0 6 5 10 88
3 13 0 5 11 5 190
3 13 0 5 0 16 189
3 13 0 4 17 0 159
3 13 0 4 6 11 50
3 13 0 3 12 6 85
3 13 0 3 1 17 110
3 13 0 2 18 1 109
3 13 0 2 7 12 152
3 13 0 1 13 7 23
3 13 0 1 2 18 40
3 13 0 0 19 2 161
3 13 0 0 8 13 187
3 12 20 1 0 1 49
3 12 18 4 0 0 170
3 12 18 2 1 1 146
3 12 18 0 2 2 160
3 12 17 0 0 5 95
3 12 16 5 1 0 48
3 12 16 3 2 1 98
3 12 16 1 3 2 189
3 12 15 3 0 4 62
3 12 15 1 1 5 63
3 12 15 0 7 0 95
3 12 14 6 2 0 134
3 12 14 4 3 1 149
3 12 14 2 4 2 153
3 12 14 0 5 3 23
3 12 13 6 0 3 164
3 12 13 4 1 4 161
3 12 13 2 2 5 191
3 12 13 1 8 0 45
3 12 13 0 3 6 143
3 12 12 7 3 0 12
3 12 12 5 4 1 148
3 12 12 3 5 2 197
3 12 12 2 0 8 21
3 12 12 1 6 3 155
3 12 12 0 1 9 44
3 12 11 9 0 2 181
3 12 11 7 1 3 81
3 12 11 5 2 4 19
3 12 11 3 3 5 130
3 12 11 2 9 0 149
3 12 11 1 4 6 158
3 12 11 0 10 1 136
3 12 10 8 4 0 7
3 12 10 6 5 1 40
3 12 10 5 0 7 96
3 12 10 4 6 2 58
3 12 10 3 1 8 111
3 12 10 2 7 3 143
3 12 10 1 2 9 132
3 12 10 0 8 4 23
3 12 9 12 0 1 20
3 12 9 10 1 2 105
3 12 9 8 2 3 68
3 12 9 6 3 4 146
3 12 9 4 4 5 26
3 12 9 3 10 0 53
3 12 9 2 5 6 140
3 12 9 1 11 1 91
3 12 9 1 0 12 28
3 12 9 0 6 7 67
3 12 8 9 5 0 2
3 12 8 8 0 6 134
3 12 8 7 6 1 179
3 12 8 6 1 7 119
3 12 8 5 7 2 185
3 12 8 4 2 8 167
3 12 8 3 8 3 6
3 12 8 2 3 9 14
3 12 8 1 9 4 128
3 12 8 0 4 10 6
3 12 7 15 0 0 134
3 12 7 13 1 1 147
3 12 7 11 2 2 115
3 12 7 9 3 3 33
3 12 7 7 4 4 11
3 12 7 5 5 5 144
3 12 7 4 11 0 134
3 12 7 4 0 11 147
3 12 7 3 6 6 16
3 12 7 2 12 1 176
3 12 7 2 1 12 135
3 12 7 1 7 7 29
3 12 7 0 13 2 64
3 12 7 0 2 13 25
3 12 6 11 0 5 35
3 12 6 10 6 0 17
3 12 6 9 1 6 177
3 12 6 8 7 1 128
3 12 6 7 2 7 75
3 12 6 6 8 2 164
3 12 6 5 3 8 174
3 12 6 4 9 3 139
3 12 6 3 4 9 103
3 12 6 2 10 4 110
3 12 6 1 5 10 64
3 12 6 0 11 5 16
3 12 6 0 0 16 34
3 12 5 16 1 0 131
3 12 5 14 2 1 2
3 12 5 12 3 2 61
3 12 5 10 4 3 157
3 12 5 7 0 10 190
3 12 5 6 6 5 124
3 12 5 5 12 0 56
3 12 5 5 1 11 21
3 12 5 4 7 6 46
3 12 5 3 13 1 26
3 12 5 3 2 12 161
3 12 5 2 8 7 6
3 12 5 1 14 2 19
3 12 5 1 3 13 23
3 12 5 0 9 8 131
3 12 4 14 0 4 151
3 12 4 12 1 5 177
3 12 4 11 7 0 158
3 12 4 10 2 6 100
3 12 4 9 8 1 169
3 12 4 8 3 7 12
3 12 4 7 9 2 128
3 12 4 6 4 8 127
3 12 4 5 10 3 113
3 12 4 4 5 9 54
3 12 4 3 11 4 109
3 12 4 3 0 15 83
3 12 4 2 6 10 99
3 12 4 1 12 5 166
3 12 4 1 1 16 149
3 12 4 0 18 0 98
3 12 4 0 7 11 193
3 12 3 17 2 0 182
3 12 3 15 3 1 178
3 12 3 13 4 2 55
3 12 3 11 5 3 133
3 12 3 10 0 9 129
3 12 3 9 6 4 53
3 12 3 8 1 10 74
3 12 3 7 7 5 12
3 12 3 6 13 0 164
3 12 3 6 2 11 76
3 12 3 5 8 6 86
3 12 3 4 14 1 5
3 12 3 4 3 12 85
3 12 3 3 9 7 52
3 12 3 2 15 2 132
3 12 3 2 4 13 149
3 12 3 1 10 8 120
3 12 3 0 16 3 103
3 12 3 0 5 14 8
3 12 2 17 0 3 89
3 12 2 15 1 4 188
3 12 2 13 2 5 92
3 12 2 12 8 0 85
3 12 2 11 3 6 161
3 12 2 10 9 1 11
3 12 2 9 4 7 127
3 12 2 8 10 2 166
3 12 2 7 5 8 53
3 12 2 6 11 3 60
3 12 2 6 0 14 48
3 12 2 5 6 9 52
3 12 2 4 12 4 178
3 12 2 4 1 15 64
3 12 2 3 7 10 96
3 12 2 2 13 5 54
3 12 2 2 2 16 188
3 12 2 1 19 0 18
3 12 2 1 8 11 123
3 12 2 0 14 6 112
3 12 2 0 3 17 32
3 12 1 18 3 0 46
3 12 1 16 4 1 42
3 12 1 14 5 2 85
3 12 1 13 0 8 139
3 12 1 12 6 3 198
3 12 1 11 1 9 171
3 12 1 10 7 4 84
3 12 1 9 2 10 188
3 12 1 8 8 5 132
3 12 1 7 14 0 87
3 12 1 7 3 11 152
3 12 1 6 9 6 110
3 12 1 5 15 1 54
3 12 1 5 4 12 33
3 12 1 4 10 7 17
3 12 1 3 16 2 24
3 12 1 3 5 13 188
3 12 1 2 11 8 150
3 12 1 2 0 19 173
3 12 1 1 17 3 3
3 12 1 1 6 14 181
3 12 1 0 12 9 192
3 12 1 0 1 20 29
3 12 0 20 0 2 71
3 12 0 18 1 3 131
3 12 0 16 2 4 176
3 12 0 14 3 5 95
3 12 0 13 9 0 163
3 12 0 12 4 6 139
3 12 0 11 10 1 197
3 12 0 10 5 7 4
3 12 0 9 11 2 6
3 12 0 9 0 13 121
3 12 0 8 6 8 62
3 12 0 7 12 3 27
3 12 0 7 1 14 157
3 12 0 6 7 9 7
3 12 0 5 13 4 107
3 12 0 5 2 15 43
3 12 0 4 8 10 85
3 12 0 3 14 5 89
3 12 0 3 3 16 38
3 12 0 2 20 0 133
3 12 0 2 9 11 73
3 12 0 1 15 6 148
3 12 0 1 4 17 147
3 12 0 0 21 1 21
3 12 0 0 10 12 100
3 11 22 0 1 0 133
3 11 20 1 2 0 104
3 11 19 1 0 3 68
3 11 18 2 3 0 58
3 11 18 0 4 1 63
3 11 17 4 0 2 15
3 11 17 2 1 3 87
3 11 17 0 2 4 112
3 11 16 3 4 0 75
3 11 16 1 5 1 134
3 11 16 0 0 7 4
3 11 15 7 0 1 184
3 11 15 5 1 2 145
3 11 15 3 2 3 149
3 11 15 1 3 4 119
3 11 14 4 5 0 141
3 11 14 3 0 6 139
3 11 14 2 6 1 76
3 11 14 1 1 7 57
3 11 14 0 7 2 95
3 11 13 10 0 0 136
3 11 13 8 1 1 104
3 11 13 6 2 2 115
3 11 13 4 3 3 74
3 11 13 2 4 4 36
3 11 13 0 5 5 173
3 11 12 6 0 5 107
3 11 12 5 6 0 96
3 11 12 4 1 6 165
3 11 12 3 7 1 93
3 11 12 2 2 7 75
3 11 12 1 8 2 163
3 11 12 0 3 8 51
3 11 11 11 1 0 175
3 11 11 9 2 1 91
3 11 11 7 3 2 96
3 11 11 5 4 3 174
3 11 11 3 5 4 83
3 11 11 2 0 10 7
3 11 11 1 6 5 34
3 11 11 0 12 0 30
3 11 11 0 1 11 172
3 11 10 9 0 4 156
3 11 10 7 1 5 116
3 11 10 6 7 0 165
3 11 10 5 2 6 147
3 11 10 4 8 1 51
3 11 10 3 3 7 110
3 11 10 2 9 2 95
3 11 10 1 4 8 105
3 11 10 0 10 3 21
3 11 9 12 2 0 30
3 11 9 10 3 1 198
3 11 9 8 4 2 183
3 11 9 6 5 3 190
3 11 9 5 0 9 135
3 11 9 4 6 4 141
3 11 9 3 1 10 87
3 11 9 2 7 5 25
3 11 9 1 13 0 163
3 11 9 1 2 11 60
3 11 9 0 8 6 99
3 11 8 12 0 3 164
3 11 8 10 1 4 155
3 11 8 8 2 5 70
3 11 8 7 8 0 128
3 11 8 6 3 6 153
3 11 8 5 9 1 5
3 11 8 4 4 7 136
3 11 8 3 10 2 59
3 11 8 2 5 8 28
3 11 8 1 11 3 24
3 11 8 1 0 14 100
3 11 8 0 6 9 156
3 11 7 13 3 0 19
3 11 7 11 4 1 62
3 11 7 9 5 2 196
3 11 7 8 0 8 45
3 11 7 7 6 3 112
3 11 7 6 1 9 97
3 11 7 5 7 4 134
3 11 7 4 2 10 110
3 11 7 3 8 5 110
3 11 7 2 14 0 62
3 11 7 2 3 11 63
3 11 7 1 9 6 95
3 11 7 0 15 1 2
3 11 7 0 4 12 43
3 11 6 15 0 2 167
3 11 6 13 1 3 62
3 11 6 11 2 4 148
3 11 6 9 3 5 91
3 11 6 8 9 0 90
3 11 6 7 4 6 169
3 11 6 6 10 1 186
3 11 6 5 5 7 87
3 11 6 4 11 2 103
3 11 6 4 0 13 176
3 11 6 3 6 8 125
3 11 6 2 12 3 43
3 11 6 2 1 14 158
3 11 6 1 7 9 53
3 11 6 0 13 4 50
3 11 6 0 2 15 58
3 11 5 14 4 0 37
3 11 5 12 5 1 142
3 11 5 11 0 7 17
3 11 5 10 6 2 46
3 11 5 9 1 8 85
3 11 5 8 7 3 120
3 11 5 7 2 9 83
3 11 5 6 8 4 65
3 11 5 5 3 10 163
3 11 5 4 9 5 97
3 11 5 3 15 0 179
3 11 5 3 4 11 37
3 11 5 2 10 6 95
3 11 5 1 16 1 154
3 11 5 1 5 12 13
3 11 5 0 11 7 12
3 11 5 0 0 18 29
3 11 4 18 0 1 113
3 11 4 16 1 2 56
3 11 4 14 2 3 123
3 11 4 12 3 4 23
3 11 4 10 4 5 192
3 11 4 9 10 0 56
3 11 4 8 5 6 106
3 11 4 7 11 1 71
3 11 4 7 0 12 134
3 11 4 6 6 7 119
3 11 4 5 12 2 103
3 11 4 5 1 13 75
3 11 4 4 7 8 74
3 11 4 3 13 3 63
3 11 4 3 2 14 85
3 11 4 2 8 9 180
3 11 4 1 14 4 143
3 11 4 1 3 15 4
3 11 4 0 9 10 24
3 11 3 15 5 0 32
3 11 3 14 0 6 64
3 11 3 13 6 1 58
3 11 3 12 1 7 48
3 11 3 11 7 2 104
3 11 3 10 2 8 94
3 11 3 9 8 3 171
3 11 3 8 3 9 129
3 11 3 7 9 4 147
3 11 3 6 4 10 27
3 11 3 5 10 5 121
3 11 3 4 16 0 12
3 11 3 4 5 11 83
3 11 3 3 11 6 79
3 11 3 3 0 17 52
3 11 3 2 17 1 16
3 11 3 2 6 12 64
3 11 3 1 12 7 179
3 11 3 1 1 18 174
3 11 3 0 18 2 174
3 11 3 0 7 13 160
3 11 2 21 0 0 39
3 11 2 19 1 1 123
3 11 2 17 2 2 123
3 11 2 15 3 3 3
3 11 2 13 4 4 86
3 11 2 11 5 5 142
3 11 2 10 11 0 177
3 11 2 10 0 11 58
3 11 2 9 6 6 26
3 11 2 8 12 1 69
3 11 2 8 1 12 33
3 11 2 7 7 7 87
3 11 2 6 13 2 91
3 11 2 6 2 13 31
3 11 2 5 8 8 51
3 11 2 4 14 3 9
3 11 2 4 3 14 99
3 11 2 3 9 9 189
3 11 2 2 15 4 133
3 11 2 2 4 15 16
3 11 2 1 10 10 117
3 11 2 0 16 5 140
3 11 2 0 5 16 194
3 11 1 17 0 5 94
3 11 1 16 6 0 83
3 11 1 15 1 6 169
3 11 1 14 7 1 103
3 11 1 13 2 7 163
3 11 1 12 8 2 47
3 11 1 11 3 8 68
3 11 1 10 9 3 60
3 11 1 9 4 9 125
3 11 1 8 10 4 109
3 11 1 7 5 10 15
3 11 1 6 11 5 154
3 11 1 6 0 16 109
3 11 1 5 17 0 100
3 11 1 5 6 11 61
3 11 1 4 12 6 77
3 11 1 4 1 17 103
3 11 1 3 18 1 4
3 11 1 3 7 12 156
3 11 1 2 13 7 77
3 11 1 2 2 18 111
3 11 1 1 19 2 74
3 11 1 1 8 13 151
3 11 1 0 14 8 71
3 11 1 0 3 19 110
3 11 0 22 1 0 20
3 11 0 20 2 1 101
3 11 0 18 3 2 89
3 11 0 16 4 3 160
3 11 0 14 5 4 190
3 11 0 13 0 10 121
3 11 0 12 6 5 117
3 11 0 11 12 0 174
3 11 0 11 1 11 59
3 11 0 10 7 6 136
3 11 0 9 13 1 167
3 11 0 9 2 12 8
3 11 0 8 8 7 120
3 11 0 7 14 2 125
3 11 0 7 3 13 136
3 11 0 6 9 8 56
3 11 0 5 15 3 60
3 11 0 5 4 14 89
3 11 0 4 10 9 160
3 11 0 3 16 4 45
3 11 0 3 5 15 133
3 11 0 2 11 10 196
3 11 0 2 0 21 161
3 11 0 1 17 5 45
3 11 0 1 6 16 68
3 11 0 0 23 0 170
3 11 0 0 12 11 67
3 11 0 0 1 22 169
3 10 21 2 0 1 177
3 10 21 0 1 2 14
3 10 19 5 0 0 194
3 10 19 3 1 1 133
3 10 19 1 2 2 170
3 10 18 1 0 5 36
3 10 18 0 6 0 140
3 10 17 6 1 0 169
3 10 17 4 2 1 57
3 10 17 2 3 2 8
3 10 17 0 4 3 55
3 10 16 4 0 4 198
3 10 16 2 1 5 44
3 10 16 1 7 0 168
3 10 16 0 2 6 157
3 10 15 7 2 0 110
3 10 15 5 3 1 189
3 10 15 3 4 2 172
3 10 15 1 5 3 137
3 10 15 0 0 9 106
3 10 14 7 0 3 138
3 10 14 5 1 4 94
3 10 14 3 2 5 7
3 10 14 2 8 0 4
3 10 14 1 3 6 40
3 10 14 0 9 1 98
3 10 13 8 3 0 131
3 10 13 6 4 1 15
3 10 13 4 5 2 132
3 10 13 3 0 8 38
3 10 13 2 6 3 47
3 10 13 1 1 9 109
3 10 13 0 7 4 147
3 10 12 10 0 2 107
3 10 12 8 1 3 103
3 10 12 6 2 4 97
3 10 12 4 3 5 110
3 10 12 3 9 0 50
3 10 12 2 4 6 187
3 10 12 1 10 1 13
3 10 12 0 5 7 150
3 10 11 9 4 0 115
3 10 11 7 5 1 128
3 10 11 6 0 7 184
3 10 11 5 6 2 145
3 10 11 4 1 8 198
3 10 11 3 7 3 30
3 10 11 2 2 9 192
3 10 11 1 8 4 166
3 10 11 0 3 10 50
3 10 10 13 0 1 89
3 10 10 11 1 2 14
3 10 10 9 2 3 195
3 10 10 7 3 4 16
3 10 10 5 4 5 2
3 10 10 4 10 0 118
3 10 10 3 5 6 72
3 10 10 2 11 1 74
3 10 10 2 0 12 22
3 10 10 1 6 7 164
3 10 10 0 12 2 56
3 10 10 0 1 13 54
3 10 9 10 5 0 17
3 10 9 9 0 6 104
3 10 9 8 6 1 92
3 10 9 7 1 7 85
3 10 9 6 7 2 154
3 10 9 5 2 8 171
3 10 9 4 8 3 84
3 10 9 3 3 9 147
3 10 9 2 9 4 64
3 10 9 1 4 10 168
3 10 9 0 10 5 96
3 10 8 16 0 0 113
3 10 8 14 1 1 43
3 10 8 12 2 2 12
3 10 8 10 3 3 72
3 10 8 8 4 4 198
3 10 8 6 5 5 196
3 10 8 5 11 0 48
3 10 8 5 0 11 88
3 10 8 4 6 6 125
3 10 8 3 12 1 6
3 10 8 3 1 12 131
3 10 8 2 7 7 188
3 10 8 1 13 2 115
3 10 8 1 2 13 131
3 10 8 0 8 8 119
3 10 7 12 0 5 188
3 10 7 11 6 0 66
3 10 7 10 1 6 32
3 10 7 9 7 1 115
3 10 7 8 2 7 173
3 10 7 6 3 8 158
3 10 7 5 9 3 183
3 10 7 4 4 9 37
3 10 7 3 10 4 114
3 10 7 2 5 10 35
3 10 7 1 11 5 171
3 10 7 1 0 16 181
3 10 7 0 17 0 96
3 10 7 0 6 11 147
3 10 6 17 1 0 29
3 10 6 15 2 1 123
3 10 6 13 3 2 176
3 10 6 11 4 3 133
3 10 6 9 5 4 67
3 10 6 8 0 10 197
3 10 6 7 6 5 26
3 10 6 6 12 0 26
3 10 6 6 1 11 45
3 10 6 5 7 6 55
3 10 6 4 13 1 11
3 10 6 4 2 12 22
3 10 6 3 8 7 63
3 10 6 2 14 2 100
3 10 6 2 3 13 129
3 10 6 1 9 8 160
3 10 6 0 15 3 162
3 10 6 0 4 14 129
3 10 5 15 0 4 172
3 10 5 13 1 5 193
3 10 5 12 7 0 47
3 10 5 11 2 6 17
3 10 5 10 8 1 62
3 10 5 9 3 7 182
3 10 5 8 9 2 52
3 10 5 7 4 8 92
3 10 5 6 10 3 159
3 10 5 5 5 9 177
3 10 5 4 11 4 86
3 10 5 4 0 15 175
3 10 5 3 6 10 9
3 10 5 2 12 5 188
3 10 5 2 1 16 137
3 10 5 1 18 0 164
3 10 5 1 7 11 81
3 10 5 0 13 6 66
3 10 5 0 2 17 55
3 10 4 18 2 0 20
3 10 4 16 3 1 131
3 10 4 14 4 2 43
3 10 4 12 5 3 25
3 10 4 11 0 9 32
3 10 4 10 6 4 179
3 10 4 9 1 10 171
3 10 4 8 7 5 64
3 10 4 7 13 0 27
3 10 4 7 2 11 83
3 10 4 6 8 6 15
3 10 4 5 14 1 169
3 10 4 5 3 12 124
3 10 4 4 9 7 92
3 10 4 3 15 2 35
3 10 4 3 4 13 73
3 10 4 2 10 8 30
3 10 4 1 16 3 6
3 10 4 1 5 14 109
3 10 4 0 11 9 63
3 10 4 0 0 20 125
3 10 3 18 0 3 177
3 10 3 16 1 4 28
3 10 3 14 2 5 42
3 10 3 13 8 0 94
3 10 3 12 3 6 103
3 10 3 11 9 1 178
3 10 3 10 4 7 6
3 10 3 9 10 2 132
3 10 3 8 5 8 152
3 10 3 7 11 3 2
3 10 3 7 0 14 159
3 10 3 6 6 9 146
3 10 3 5 12 4 119
3 10 3 5 1 15 47
3 10 3 4 7 10 49
3 10 3 3 13 5 35
3 10 3 3 2 16 95
3 10 3 2 19 0 190
3 10 3 2 8 11 15
3 10 3 1 14 6 56
3 10 3 1 3 17 155
3 10 3 0 20 1 81
3 10 3 0 9 12 75
3 10 2 19 3 0 186
3 10 2 17 4 1 156
3 10 2 15 5 2 197
3 10 2 14 0 8 128
3 10 2 13 6 3 7
3 10 2 12 1 9 147
3 10 2 11 7 4 50
3 10 2 10 2 10 4
3 10 2 9 8 5 42
3 10 2 8 14 0 142
3 10 2 8 3 11 184
3 10 2 7 9 6 197
3 10 2 6 15 1 68
3 10 2 6 4 12 198
3 10 2 5 10 7 47
3 10 2 4 16 2 34
3 10 2 4 5 13 189
3 10 2 3 11 8 4
3 10 2 3 0 19 74
3 10 2 2 17 3 127
3 10 2 2 6 14 187
3 10 2 1 12 9 105
3 10 2 1 1 20 58
3 10 2 0 18 4 91
3 10 2 0 7 15 8
3 10 1 21 0 2 19
3 10 1 19 1 3 178
3 10 1 17 2 4 80
3 10 1 15 3 5 183
3 10 1 14 9 0 97
3 10 1 13 4 6 14
3 10 1 12 10 1 153
3 10 1 11 5 7 96
3 10 1 10 11 2 35
3 10 1 10 0 13 170
3 10 1 9 6 8 107
3 10 1 8 12 3 13
3 10 1 8 1 14 47
3 10 1 7 7 9 75
3 10 1 6 13 4 108
3 10 1 5 8 10 89
3 10 1 4 14 5 194
3 10 1 4 3 16 104
3 10 1 3 20 0 170
3 10 1 3 9 11 25
3 10 1 2 15 6 68
3 10 1 2 4 17 42
3 10 1 1 21 1 35
3 10 1 1 10 12 186
3 10 1 0 16 7 155
3 10 1 0 5 18 79
3 10 0 20 4 0 150
3 10 0 18 5 1 4
3 10 0 17 0 7 23
3 10 0 16 6 2 23
3 10 0 15 1 8 197
3 10 0 14 7 3 51
3 10 0 13 2 9 49
3 10 0 12 8 4 194
3 10 0 11 3 10 58
3 10 0 10 9 5 162
3 10 0 9 15 0 94
3 10 0 9 4 11 67
3 10 0 8 10 6 165
3 10 0 7 16 1 123
3 10 0 7 5 12 89
3 10 0 6 11 7 37
3 10 0 6 0 18 185
3 10 0 5 17 2 69
3 10 0 5 6 13 131
3 10 0 4 12 8 80
3 10 0 4 1 19 103
3 10 0 3 18 3 37
3 10 0 3 7 14 24
3 10 0 2 13 9 36
3 10 0 2 2 20 124
3 10 0 1 19 4 20
3 10 0 1 8 15 148
3 10 0 0 14 10 35
3 10 0 0 3 21 123
3 9 25 0 0 0 52
3 9 23 1 1 0 14
3 9 21 2 2 0 189
3 9 21 0 3 1 103
3 9 20 2 0 3 149
3 9 20 0 1 4 13
3 9 19 3 3 0 16
3 9 19 1 4 1 10
3 9 18 5 0 2 147
3 9 18 3 1 3 50
3 9 18 1 2 4 131
3 9 17 4 4 0 52
3 9 17 2 5 1 177
3 9 17 1 0 7 97
3 9 17 0 6 2 13
3 9 16 8 0 1 36
3 9 16 6 1 2 61
3 9 16 4 2 3 120
3 9 16 2 3 4 68
3 9 16 0 4 5 38
3 9 15 5 5 0 31
3 9 15 4 0 6 120
3 9 15 3 6 1 25
3 9 15 2 1 7 53
3 9 15 1 7 2 136
3 9 15 0 2 8 80
3 9 14 11 0 0 190
3 9 14 9 1 1 56
3 9 14 7 2 2 185
3 9 14 5 3 3 193
3 9 14 3 4 4 3
3 9 14 1 5 5 24
3 9 14 0 11 0 174
3 9 14 0 0 11 169
3 9 13 7 0 5 4
3 9 13 5 1 6 36
3 9 13 4 7 1 184
3 9 13 3 2 7 101
3 9 13 2 8 2 9
3 9 13 1 3 8 93
3 9 13 0 9 3 84
3 9 12 12 1 0 27
3 9 12 10 2 1 3
3 9 12 8 3 2 61
3 9 12 6 4 3 171
3 9 12 4 5 4 58
3 9 12 3 0 10 39
3 9 12 2 6 5 50
3 9 12 1 12 0 154
3 9 12 1 1 11 48
3 9 12 0 7 6 73
3 9 11 10 0 4 22
3 9 11 8 1 5 14
3 9 11 7 7 0 168
3 9 11 6 2 6 114
3 9 11 5 8 1 117
3 9 11 4 3 7 90
3 9 11 3 9 2 49
3 9 11 2 4 8 34
3 9 11 1 10 3 166
3 9 11 0 5 9 114
3 9 10 13 2 0 50
3 9 10 11 3 1 191
3 9 10 9 4 2 45
3 9 10 7 5 3 134
3 9 10 6 0 9 178
3 9 10 5 6 4 163
3 9 10 4 1 10 85
3 9 10 3 7 5 154
3 9 10 2 13 0 63
3 9 10 2 2 11 148
3 9 10 0 14 1 13
3 9 10 0 3 12 5
3 9 9 13 0 3 127
3 9 9 11 1 4 34
3 9 9 9 2 5 35
3 9 9 8 8 0 33
3 9 9 7 3 6 18
3 9 9 6 9 1 128
3 9 9 5 4 7 50
3 9 9 4 10 2 87
3 9 9 3 5 8 191
3 9 9 2 11 3 59
3 9 9 2 0 14 81
3 9 9 1 6 9 1
3 9 9 0 12 4 49
3 9 9 0 1 15 62
3 9 8 14 3 0 121
3 9 8 12 4 1 26
3 9 8 10 5 2 129
3 9 8 9 0 8 20
3 9 8 8 6 3 20
3 9 8 7 1 9 156
3 9 8 6 7 4 111
3 9 8 5 2 10 58
3 9 8 4 8 5 105
3 9 8 3 14 0 112
3 9 8 3 3 11 58
3 9 8 2 9 6 6
3 9 8 1 15 1 38
3 9 8 1 4 12 76
3 9 8 0 10 7 77
3 9 7 16 0 2 84
3 9 7 14 1 3 15
3 9 7 12 2 4 181
3 9 7 10 3 5 96
3 9 7 9 9 0 88
3 9 7 8 4 6 115
3 9 7 7 10 1 62
3 9 7 6 5 7 165
3 9 7 5 11 2 106
3 9 7 5 0 13 100
3 9 7 4 6 8 82
3 9 7 3 12 3 82
3 9 7 3 1 14 94
3 9 7 2 7 9 91
3 9 7 1 13 4 46
3 9 7 1 2 15 162
3 9 7 0 8 10 13
3 9 6 15 4 0 135
3 9 6 13 5 1 63
3 9 6 12 0 7 77
3 9 6 11 6 2 117
3 9 6 10 1 8 132
3 9 6 9 7 3 31
3 9 6 8 2 9 115
3 9 6 7 8 4 142
3 9 6 6 3 10 168
3 9 6 5 9 5 87
3 9 6 4 15 0 32
3 9 6 4 4 11 10
3 9 6 3 10 6 17
3 9 6 2 16 1 121
3 9 6 2 5 12 4
3 9 6 1 11 7 125
3 9 6 1 0 18 90
3 9 6 0 17 2 163
3 9 6 0 6 13 146
3 9 5 19 0 1 128
3 9 5 17 1 2 32
3 9 5 15 2 3 51
3 9 5 13 3 4 134
3 9 5 11 4 5 70
3 9 5 10 10 0 147
3 9 5 9 5 6 48
3 9 5 8 11 1 46
3 9 5 8 0 12 58
3 9 5 7 6 7 108
3 9 5 6 12 2 195
3 9 5 6 1 13 30
3 9 5 5 7 8 76
3 9 5 4 13 3 5
3 9 5 4 2 14 25
3 9 5 3 8 9 43
3 9 5 2 14 4 18
3 9 5 2 3 15 87
3 9 5 1 9 10 16
3 9 5 0 15 5 183
3 9 5 0 4 16 141
3 9 4 16 5 0 146
3 9 4 15 0 6 55
3 9 4 14 6 1 104
3 9 4 13 1 7 181
3 9 4 12 7 2 24
3 9 4 11 2 8 186
3 9 4 10 8 3 134
3 9 4 9 3 9 97
3 9 4 8 9 4 75
3 9 4 7 4 10 61
3 9 4 6 10 5 152
3 9 4 5 16 0 158
3 9 4 5 5 11 3
3 9 4 4 11 6 152
3 9 4 4 0 17 120
3 9 4 3 17 1 183
3 9 4 3 6 12 95
3 9 4 2 12 7 72
3 9 4 2 1 18 10
3 9 4 1 18 2 51
3 9 4 1 7 13 141
3 9 4 0 13 8 75
3 9 4 0 2 19 170
3 9 3 22 0 0 113
3 9 3 20 1 1 169
3 9 3 18 2 2 171
3 9 3 16 3 3 122
3 9 3 14 4 4 94
3 9 3 12 5 5 191
3 9 3 11 11 0 168
3 9 3 11 0 11 128
3 9 3 10 6 6 188
3 9 3 9 12 1 48
3 9 3 9 1 12 62
3 9 3 8 7 7 149
3 9 3 7 13 2 78
3 9 3 7 2 13 188
3 9 3 6 8 8 195
3 9 3 5 14 3 179
3 9 3 5 3 14 29
3 9 3 4 9 9 163
3 9 3 3 15 4 118
3 9 3 3 4 15 164
3 9 3 2 10 10 35
3 9 3 1 16 5 177
3 9 3 1 5 16 88
3 9 3 0 22 0 111
3 9 3 0 11 11 85
3 9 3 0 0 22 170
3 9 2 18 0 5 60
3 9 2 17 6 0 102
3 9 2 16 1 6 89
3 9 2 15 7 1 82
3 9 2 14 2 7 180
3 9 2 13 8 2 122
3 9 2 12 3 8 160
3 9 2 11 9 3 162
3 9 2 10 4 9 178
3 9 2 9 10 4 3
3 9 2 8 5 10 191
3 9 2 7 11 5 184
3 9 2 7 0 16 55
3 9 2 6 17 0 168
3 9 2 6 6 11 19
3 9 2 5 12 6 15
3 9 2 5 1 17 179
3 9 2 4 18 1 112
3 9 2 4 7 12 126
3 9 2 3 13 7 186
3 9 2 3 2 18 26
3 9 2 2 19 2 111
3 9 2 2 8 13 143
3 9 2 1 14 8 14
3 9 2 1 3 19 130
3 9 2 0 20 3 66
3 9 2 0 9 14 113
3 9 1 23 1 0 101
3 9 1 21 2 1 1
3 9 1 19 3 2 103
3 9 1 17 4 3 163
3 9 1 15 5 4 163
3 9 1 14 0 10 107
3 9 1 13 6 5 94
3 9 1 12 12 0 178
3 9 1 12 1 11 156
3 9 1 11 7 6 186
3 9 1 10 13 1 44
3 9 1 10 2 12 160
3 9 1 9 8 7 81
3 9 1 8 14 2 21
3 9 1 8 3 13 107
3 9 1 7 9 8 189
3 9 1 6 15 3 143
3 9 1 6 4 14 114
3 9 1 5 10 9 67
3 9 1 4 16 4 1
3 9 1 4 5 15 32
3 9 1 3 11 10 127
3 9 1 3 0 21 131
3 9 1 2 17 5 108
3 9 1 2 6 16 152
3 9 1 1 23 0 91
3 9 1 1 12 11 13
3 9 1 1 1 22 75
3 9 1 0 18 6 117
3 9 1 0 7 17 56
3 9 0 21 0 4 26
3 9 0 19 1 5 24
3 9 0 18 7 0 144
3 9 0 17 2 6 139
3 9 0 16 8 1 191
3 9 0 15 3 7 40
3 9 0 14 9 2 11
3 9 0 13 4 8 194
3 9 0 12 10 3 138
3 9 0 11 5 9 193
3 9 0 10 11 4 107
3 9 0 10 0 15 135
3 9 0 9 6 10 25
3 9 0 8 12 5 174
3 9 0 8 1 16 14
3 9 0 7 18 0 137
3 9 0 7 7 11 164
3 9 0 6 13 6 135
3 9 0 6 2 17 129
3 9 0 5 19 1 1
3 9 0 5 8 12 76
3 9 0 4 14 7 10
3 9 0 4 3 18 34
3 9 0 3 20 2 80
3 9 0 3 9 13 180
3 9 0 2 15 8 77
3 9 0 2 4 19 129
3 9 0 1 21 3 120
3 9 0 1 10 14 3
3 9 0 0 16 9 111
3 9 0 0 5 20 182
3 8 24 0 0 2 180
3 8 22 3 0 1 120
3 8 22 1 1 2 104
3 8 21 0 5 0 64
3 8 20 6 0 0 20
3 8 20 4 1 1 182
3 8 20 2 2 2 90
3 8 20 0 3 3 149
3 8 19 2 0 5 38
3 8 19 1 6 0 150
3 8 19 0 1 6 179
3 8 18 7 1 0 133
3 8 18 5 2 1 38
3 8 18 3 3 2 71
3 8 18 1 4 3 57
3 8 17 5 0 4 49
3 8 17 3 1 5 83
3 8 17 2 7 0 72
3 8 17 1 2 6 164
3 8 17 0 8 1 163
3 8 16 8 2 0 5
3 8 16 6 3 1 19
3 8 16 4 4 2 52
3 8 16 2 5 3 157
3 8 16 1 0 9 59
3 8 16 0 6 4 83
3 8 15 8 0 3 181
3 8 15 6 1 4 180
3 8 15 4 2 5 7
3 8 15 3 8 0 66
3 8 15 2 3 6 83
3 8 15 1 9 1 141
3 8 15 0 4 7 150
3 8 14 9 3 0 30
3 8 14 7 4 1 170
3 8 14 5 5 2 40
3 8 14 4 0 8 106
3 8 14 3 6 3 155
3 8 14 2 1 9 173
3 8 14 1 7 4 136
3 8 14 0 2 10 177
3 8 13 11 0 2 155
3 8 13 9 1 3 169
3 8 13 7 2 4 47
3 8 13 5 3 5 114
3 8 13 4 9 0 198
3 8 13 3 4 6 163
3 8 13 2 10 1 163
3 8 13 1 5 7 172
3 8 13 0 11 2 9
3 8 13 0 0 13 110
3 8 12 10 4 0 110
3 8 12 8 5 1 122
3 8 12 7 0 7 47
3 8 12 6 6 2 30
3 8 12 5 1 8 197
3 8 12 4 7 3 182
3 8 12 3 2 9 87
3 8 12 2 8 4 41
3 8 12 1 3 10 31
3 8 12 0 9 5 168
3 8 11 14 0 1 72
3 8 11 12 1 2 96
3 8 11 10 2 3 38
3 8 11 8 3 4 197
3 8 11 6 4 5 10
3 8 11 5 10 0 22
3 8 11 4 5 6 165
3 8 11 3 11 1 139
3 8 11 3 0 12 129
3 8 11 2 6 7 62
3 8 11 1 12 2 159
3 8 11 1 1 13 19
3 8 11 0 7 8 102
3 8 10 11 5 0 54
3 8 10 10 0 6 134
3 8 10 9 6 1 189
3 8 10 8 1 7 114
3 8 10 7 7 2 100
3 8 10 6 2 8 139
3 8 10 5 8 3 195
3 8 10 4 3 9 41
3 8 10 3 9 4 50
3 8 10 2 4 10 136
3 8 10 1 10 5 100
3 8 10 0 16 0 37
3 8 10 0 5 11 129
3 8 9 17 0 0 174
3 8 9 15 1 1 108
3 8 9 13 2 2 63
3 8 9 9 4 4 7
3 8 9 7 5 5 114
3 8 9 6 11 0 28
3 8 9 6 0 11 190
3 8 9 5 6 6 162
3 8 9 4 12 1 175
3 8 9 4 1 12 65
3 8 9 3 7 7 15
3 8 9 2 13 2 197
3 8 9 2 2 13 138
3 8 9 1 8 8 43
3 8 9 0 14 3 196
3 8 9 0 3 14 178
3 8 8 13 0 5 23
3 8 8 12 6 0 112
3 8 8 11 1 6 7
3 8 8 10 7 1 173
3 8 8 9 2 7 119
3 8 8 8 8 2 72
3 8 8 7 3 8 98
3 8 8 6 9 3 134
3 8 8 5 4 9 38
3 8 8 4 10 4 79
3 8 8 3 5 10 161
3 8 8 2 11 5 91
3 8 8 2 0 16 121
3 8 8 1 17 0 17
3 8 8 1 6 11 161
3 8 8 0 12 6 166
3 8 8 0 1 17 124
3 8 7 18 1 0 16
3 8 7 16 2 1 39
3 8 7 14 3 2 133
3 8 7 12 4 3 93
3 8 7 10 5 4 195
3 8 7 9 0 10 87
3 8 7 8 6 5 155
3 8 7 7 12 0 85
3 8 7 7 1 11 10
3 8 7 6 7 6 174
3 8 7 5 13 1 19
3 8 7 5 2 12 80
3 8 7 4 8 7 17
3 8 7 3 14 2 154
3 8 7 3 3 13 127
3 8 7 2 9 8 31
3 8 7 1 15 3 24
3 8 7 1 4 14 50
3 8 7 0 10 9 134
3 8 6 16 0 4 153
3 8 6 14 1 5 134
3 8 6 13 7 0 57
3 8 6 12 2 6 183
3 8 6 11 8 1 162
3 8 6 10 3 7 169
3 8 6 9 9 2 87
3 8 6 8 4 8 129
3 8 6 7 10 3 34
3 8 6 6 5 9 60
3 8 6 5 11 4 75
3 8 6 5 0 15 97
3 8 6 4 6 10 164
3 8 6 3 12 5 85
3 8 6 3 1 16 102
3 8 6 2 18 0 92
3 8 6 2 7 11 137
3 8 6 1 13 6 25
3 8 6 1 2 17 113
3 8 6 0 19 1 47
3 8 6 0 8 12 45
3 8 5 19 2 0 108
3 8 5 17 3 1 143
3 8 5 15 4 2 79
3 8 5 13 5 3 54
3 8 5 12 0 9 101
3 8 5 11 6 4 127
3 8 5 10 1 10 159
3 8 5 9 7 5 144
3 8 5 8 13 0 157
3 8 5 8 2 11 168
3 8 5 7 8 6 96
3 8 5 6 14 1 26
3 8 5 6 3 12 158
3 8 5 5 9 7 168
3 8 5 4 15 2 129
3 8 5 4 4 13 106
3 8 5 3 10 8 162
3 8 5 2 16 3 191
3 8 5 2 5 14 136
3 8 5 1 11 9 18
3 8 5 1 0 20 89
3 8 5 0 17 4 12
3 8 5 0 6 15 141
3 8 4 19 0 3 99
3 8 4 17 1 4 101
3 8 4 15 2 5 73
3 8 4 14 8 0 107
3 8 4 13 3 6 3
3 8 4 12 9 1 9
3 8 4 11 4 7 164
3 8 4 10 10 2 81
3 8 4 9 5 8 14
3 8 4 8 11 3 21
3 8 4 8 0 14 120
3 8 4 7 6 9 118
3 8 4 6 12 4 147
3 8 4 6 1 15 101
3 8 4 5 7 10 31
3 8 4 4 13 5 13
3 8 4 4 2 16 9
3 8 4 3 19 0 93
3 8 4 3 8 11 33
3 8 4 2 14 6 92
3 8 4 2 3 17 112
3 8 4 1 20 1 151
3 8 4 1 9 12 149
3 8 4 0 15 7 118
3 8 4 0 4 18 193
3 8 3 20 3 0 191
3 8 3 18 4 1 104
3 8 3 16 5 2 81
3 8 3 15 0 8 47
3 8 3 14 6 3 45
3 8 3 13 1 9 192
3 8 3 12 7 4 13
3 8 3 11 2 10 113
3 8 3 10 8 5 188
3 8 3 9 14 0 121
3 8 3 9 3 11 86
3 8 3 8 9 6 126
3 8 3 7 15 1 113
3 8 3 7 4 12 118
3 8 3 6 10 7 106
3 8 3 5 16 2 58
3 8 3 5 5 13 25
3 8 3 4 11 8 187
3 8 3 4 0 19 52
3 8 3 3 17 3 188
3 8 3 2 12 9 36
3 8 3 2 1 20 131
3 8 3 1 18 4 189
3 8 3 1 7 15 96
3 8 3 0 13 10 106
3 8 3 0 2 21 76
3 8 2 22 0 2 18
3 8 2 20 1 3 195
3 8 2 18 2 4 3
3 8 2 16 3 5 42
3 8 2 15 9 0 99
3 8 2 14 4 6 65
3 8 2 13 10 1 64
3 8 2 12 5 7 126
3 8 2 11 11 2 77
3 8 2 11 0 13 71
3 8 2 10 6 8 74
3 8 2 9 12 3 172
3 8 2 9 1 14 85
3 8 2 8 7 9 91
3 8 2 7 13 4 143
3 8 2 7 2 15 35
3 8 2 6 8 10 117
3 8 2 5 14 5 4
3 8 2 5 3 16 71
3 8 2 4 20 0 162
3 8 2 4 9 11 149
3 8 2 3 15 6 25
3 8 2 3 4 17 25
3 8 2 2 21 1 1
3 8 2 2 10 12 157
3 8 2 1 16 7 175
3 8 2 1 5 18 35
3 8 2 0 22 2 43
3 8 2 0 11 13 170
3 8 2 0 0 24 107
3 8 1 21 4 0 170
3 8 1 19 5 1 173
3 8 1 18 0 7 62
3 8 1 17 6 2 128
3 8 1 16 1 8 9
3 8 1 15 7 3 57
3 8 1 14 2 9 28
3 8 1 13 8 4 79
3 8 1 12 3 10 96
3 8 1 11 9 5 95
3 8 1 10 15 0 115
3 8 1 10 4 11 84
3 8 1 9 10 6 96
3 8 1 8 16 1 149
3 8 1 8 5 12 14
3 8 1 7 11 7 149
3 8 1 7 0 18 139
3 8 1 6 17 2 177
3 8 1 6 6 13 96
3 8 1 5 12 8 160
3 8 1 5 1 19 124
3 8 1 4 18 3 134
3 8 1 4 7 14 89
3 8 1 3 13 9 165
3 8 1 3 2 20 173
3 8 1 2 19 4 197
3 8 1 2 8 15 132
3 8 1 1 14 10 73
3 8 1 1 3 21 52
3 8 1 0 20 5 133
3 8 1 0 9 16 143
3 8 0 25 0 1 20
3 8 0 23 1 2 67
3 8 0 21 2 3 53
3 8 0 19 3 4 177
3 8 0 17 4 5 118
3 8 0 16 10 0 4
3 8 0 15 5 6 16
3 8 0 14 11 1 86
3 8 0 14 0 12 129
3 8 0 13 6 7 72
3 8 0 12 12 2 127
3 8 0 12 1 13 182
3 8 0 11 7 8 129
3 8 0 10 13 3 89
3 8 0 10 2 14 94
3 8 0 9 8 9 15
3 8 0 8 14 4 150
3 8 0 8 3 15 158
3 8 0 7 9 10 60
3 8 0 6 15 5 107
3 8 0 6 4 16 95
3 8 0 5 21 0 136
3 8 0 5 10 11 195
3 8 0 4 16 6 3
3 8 0 4 5 17 26
3 8 0 3 22 1 191
3 8 0 3 11 12 183
3 8 0 3 0 23 153
3 8 0 2 17 7 95
3 8 0 2 6 18 62
3 8 0 1 23 2 42
3 8 0 1 12 13 11
3 8 0 1 1 24 9
3 8 0 0 18 8 17
3 8 0 0 7 19 118
3 7 26 1 0 0 158
3 7 24 2 1 0 162
3 7 24 0 2 1 115
3 7 23 0 0 4 22
3 7 22 3 2 0 162
3 7 22 1 3 1 164
3 7 21 3 0 3 167
3 7 21 1 1 4 14
3 7 20 4 3 0 115
3 7 20 2 4 1 9
3 7 20 0 5 2 118
3 7 19 6 0 2 11
3 7 19 4 1 3 137
3 7 19 2 2 4 23
3 7 19 0 3 5 191
3 7 18 5 4 0 148
3 7 18 3 5 1 47
3 7 18 2 0 7 147
3 7 18 1 6 2 22
3 7 18 0 1 8 187
3 7 17 9 0 1 27
3 7 17 7 1 2 21
3 7 17 5 2 3 60
3 7 17 3 3 4 124
3 7 17 1 4 5 158
3 7 17 0 10 0 70
3 7 16 6 5 0 166
3 7 16 5 0 6 33
3 7 16 4 6 1 133
3 7 16 3 1 7 190
3 7 16 2 7 2 93
3 7 16 1 2 8 51
3 7 16 0 8 3 183
3 7 15 12 0 0 95
3 7 15 10 1 1 81
3 7 15 8 2 2 5
3 7 15 6 3 3 140
3 7 15 4 4 4 195
3 7 15 2 5 5 93
3 7 15 1 11 0 123
3 7 15 1 0 11 136
3 7 15 0 6 6 141
3 7 14 8 0 5 196
3 7 14 7 6 0 122
3 7 14 6 1 6 74
3 7 14 5 7 1 160
3 7 14 4 2 7 81
3 7 14 3 8 2 126
3 7 14 2 3 8 114
3 7 14 1 9 3 162
3 7 14 0 4 9 79
3 7 13 13 1 0 140
3 7 13 11 2 1 55
3 7 13 9 3 2 16
3 7 13 7 4 3 53
3 7 13 5 5 4 18
3 7 13 4 0 10 20
3 7 13 3 6 5 78
3 7 13 2 12 0 120
3 7 13 2 1 11 3
3 7 13 1 7 6 109
3 7 13 0 13 1 172
3 7 13 0 2 12 18
3 7 12 11 0 4 187
3 7 12 9 1 5 22
3 7 12 8 7 0 198
3 7 12 7 2 6 4
3 7 12 6 8 1 69
3 7 12 5 3 7 108
3 7 12 4 9 2 109
3 7 12 3 4 8 130
3 7 12 2 10 3 81
3 7 12 1 5 9 139
3 7 12 0 11 4 36
3 7 12 0 0 15 116
3 7 11 14 2 0 95
3 7 11 12 3 1 107
3 7 11 10 4 2 46
3 7 11 8 5 3 63
3 7 11 7 0 9 32
3 7 11 6 6 4 4
3 7 11 5 1 10 152
3 7 11 4 7 5 102
3 7 11 3 13 0 63
3 7 11 3 2 11 152
3 7 11 2 8 6 46
3 7 11 1 14 1 137
3 7 11 1 3 12 113
3 7 11 0 9 7 117
3 7 10 14 0 3 88
3 7 10 12 1 4 56
3 7 10 10 2 5 132
3 7 10 9 8 0 121
3 7 10 8 3 6 150
3 7 10 7 9 1 187
3 7 10 6 4 7 78
3 7 10 5 10 2 188
3 7 10 4 5 8 70
3 7 10 3 11 3 56
3 7 10 3 0 14 44
3 7 10 2 6 9 25
3 7 10 1 12 4 50
3 7 10 1 1 15 154
3 7 10 0 7 10 32
3 7 9 15 3 0 24
3 7 9 13 4 1 177
3 7 9 11 5 2 85
3 7 9 10 0 8 101
3 7 9 9 6 3 191
3 7 9 8 1 9 75
3 7 9 7 7 4 172
3 7 9 6 2 10 18
3 7 9 5 8 5 10
3 7 9 4 14 0 172
3 7 9 4 3 11 182
3 7 9 3 9 6 109
3 7 9 2 15 1 43
3 7 9 2 4 12 134
3 7 9 1 10 7 144
3 7 9 0 16 2 123
3 7 9 0 5 13 124
3 7 8 17 0 2 187
3 7 8 15 1 3 171
3 7 8 13 2 4 83
3 7 8 11 3 5 104
3 7 8 10 9 0 47
3 7 8 9 4 6 88
3 7 8 8 10 1 38
3 7 8 7 5 7 151
3 7 8 6 11 2 44
3 7 8 6 0 13 156
3 7 8 5 6 8 13
3 7 8 4 12 3 91
3 7 8 4 1 14 156
3 7 8 3 7 9 62
3 7 8 2 13 4 120
3 7 8 2 2 15 65
3 7 8 1 8 10 110
3 7 8 0 14 5 100
3 7 8 0 3 16 180
3 7 7 16 4 0 6
3 7 7 14 5 1 30
3 7 7 13 0 7 127
3 7 7 12 6 2 147
3 7 7 11 1 8 101
3 7 7 10 7 3 95
3 7 7 9 2 9 128
3 7 7 8 8 4 24
3 7 7 7 3 10 19
3 7 7 6 9 5 49
3 7 7 5 15 0 187
3 7 7 5 4 11 25
3 7 7 4 10 6 167
3 7 7 3 16 1 128
3 7 7 3 5 12 138
3 7 7 2 11 7 174
3 7 7 2 0 18 76
3 7 7 1 17 2 19
3 7 7 1 6 13 139
3 7 7 0 12 8 180
3 7 7 0 1 19 39
3 7 6 20 0 1 53
3 7 6 18 1 2 30
3 7 6 14 3 4 187
3 7 6 12 4 5 198
3 7 6 11 10 0 42
3 7 6 10 5 6 69
3 7 6 9 11 1 63
3 7 6 9 0 12 100
3 7 6 8 6 7 89
3 7 6 7 12 2 156
3 7 6 7 1 13 6
3 7 6 6 7 8 104
3 7 6 5 13 3 164
3 7 6 5 2 14 156
3 7 6 4 8 9 40
3 7 6 3 14 4 121
3 7 6 3 3 15 161
3 7 6 2 9 10 20
3 7 6 1 15 5 189
3 7 6 1 4 16 110
3 7 6 0 21 0 21
3 7 6 0 10 11 167
3 7 5 17 5 0 64
3 7 5 16 0 6 164
3 7 5 15 6 1 167
3 7 5 14 1 7 99
3 7 5 13 7 2 129
3 7 5 12 2 8 74
3 7 5 11 8 3 9
3 7 5 10 3 9 45
3 7 5 9 9 4 77
3 7 5 8 4 10 10
3 7 5 7 10 5 170
3 7 5 6 16 0 79
3 7 5 6 5 11 71
3 7 5 5 11 6 97
3 7 5 5 0 17 75
3 7 5 4 17 1 163
3 7 5 4 6 12 41
3 7 5 3 12 7 156
3 7 5 3 1 18 143
3 7 5 2 18 2 155
3 7 5 2 7 13 196
3 7 5 1 13 8 98
3 7 5 1 2 19 93
3 7 5 0 19 3 142
3 7 5 0 8 14 66
3 7 4 23 0 0 158
3 7 4 21 1 1 162
3 7 4 19 2 2 80
3 7 4 17 3 3 85
3 7 4 15 4 4 49
3 7 4 12 11 0 4
3 7 4 12 0 11 155
3 7 4 11 6 6 182
3 7 4 10 12 1 78
3 7 4 10 1 12 18
3 7 4 9 7 7 112
3 7 4 8 13 2 92
3 7 4 8 2 13 13
3 7 4 7 8 8 46
3 7 4 6 14 3 125
3 7 4 6 3 14 66
3 7 4 5 9 9 138
3 7 4 4 15 4 26
3 7 4 4 4 15 181
3 7 4 3 10 10 191
3 7 4 2 16 5 54
3 7 4 2 5 16 15
3 7 4 1 22 0 68
3 7 4 1 11 11 43
3 7 4 1 0 22 155
3 7 4 0 17 6 84
3 7 4 0 6 17 182
3 7 3 19 0 5 165
3 7 3 18 6 0 178
3 7 3 17 1 6 17
3 7 3 16 7 1 82
3 7 3 15 2 7 169
3 7 3 14 8 2 179
3 7 3 13 3 8 194
3 7 3 12 9 3 2
3 7 3 11 4 9 74
3 7 3 10 10 4 7
3 7 3 9 5 10 98
3 7 3 8 11 5 192
3 7 3 8 0 16 132
3 7 3 7 17 0 50
3 7 3 7 6 11 43
3 7 3 6 12 6 172
3 7 3 6 1 17 111
3 7 3 5 18 1 164
3 7 3 5 7 12 40
3 7 3 4 13 7 5
3 7 3 4 2 18 122
3 7 3 3 19 2 187
3 7 3 3 8 13 184
3 7 3 2 14 8 88
3 7 3 2 3 19 57
3 7 3 1 20 3 176
3 7 3 1 9 14 11
3 7 3 0 15 9 92
3 7 3 0 4 20 176
3 7 2 24 1 0 165
3 7 2 22 2 1 32
3 7 2 20 3 2 21
3 7 2 18 4 3 36
3 7 2 16 5 4 74
3 7 2 15 0 10 107
3 7 2 14 6 5 123
3 7 2 13 12 0 4
3 7 2 13 1 11 70
3 7 2 12 7 6 153
3 7 2 11 13 1 9
3 7 2 11 2 12 149
3 7 2 10 8 7 143
3 7 2 9 14 2 34
3 7 2 9 3 13 160
3 7 2 8 9 8 181
3 7 2 7 15 3 10
3 7 2 7 4 14 71
3 7 2 6 10 9 96
3 7 2 5 16 4 44
3 7 2 5 5 15 61
3 7 2 4 11 10 124
3 7 2 4 0 21 35
3 7 2 3 17 5 17
3 7 2 3 6 16 45
3 7 2 2 23 0 104
3 7 2 2 12 11 125
3 7 2 2 1 22 147
3 7 2 1 18 6 174
3 7 2 1 7 17 38
3 7 2 0 24 1 135
3 7 2 0 13 12 153
3 7 2 0 2 23 47
3 7 1 22 0 4 30
3 7 1 20 1 5 85
3 7 1 19 7 0 21
3 7 1 18 2 6 4
3 7 1 17 8 1 119
3 7 1 15 9 2 160
3 7 1 14 4 8 188
3 7 1 13 10 3 134
3 7 1 12 5 9 60
3 7 1 11 11 4 52
3 7 1 11 0 15 50
3 7 1 10 6 10 122
3 7 1 9 12 5 51
3 7 1 9 1 16 113
3 7 1 8 18 0 8
3 7 1 8 7 11 20
3 7 1 7 13 6 163
3 7 1 7 2 17 56
3 7 1 6 19 1 39
3 7 1 6 8 12 54
3 7 1 5 14 7 144
3 7 1 5 3 18 116
3 7 1 4 20 2 81
3 7 1 4 9 13 127
3 7 1 3 15 8 86
3 7 1 3 4 19 128
3 7 1 2 21 3 182
3 7 1 2 10 14 176
3 7 1 1 16 9 67
3 7 1 1 5 20 11
3 7 1 0 22 4 113
3 7 1 0 11 15 2
3 7 1 0 0 26 71
3 7 0 25 2 0 129
3 7 0 23 3 1 86
3 7 0 21 4 2 77
3 7 0 19 5 3 135
3 7 0 18 0 9 197
3 7 0 17 6 4 93
3 7 0 16 1 10 197
3 7 0 15 7 5 87
3 7 0 14 13 0 151
3 7 0 14 2 11 13
3 7 0 13 8 6 118
3 7 0 12 14 1 39
3 7 0 12 3 12 169
3 7 0 11 9 7 181
3 7 0 10 15 2 151
3 7 0 10 4 13 180
3 7 0 9 10 8 103
3 7 0 8 16 3 129
3 7 0 8 5 14 17
3 7 0 7 11 9 174
3 7 0 7 0 20 41
3 7 0 6 17 4 176
3 7 0 6 6 15 84
3 7 0 5 12 10 63
3 7 0 5 1 21 57
3 7 0 4 18 5 121
3 7 0 4 7 16 12
3 7 0 3 24 0 88
3 7 0 3 13 11 138
3 7 0 3 2 22 116
3 7 0 2 19 6 187
3 7 0 2 8 17 78
3 7 0 1 25 1 178
3 7 0 1 14 12 29
3 7 0 1 3 23 12
3 7 0 0 20 7 104
3 7 0 0 9 18 7
3 6 25 1 0 2 68
3 6 24 0 4 0 89
3 6 23 4 0 1 88
3 6 23 2 1 2 98
3 6 23 0 2 3 144
3 6 22 1 5 0 132
3 6 22 0 0 6 26
3 6 21 7 0 0 77
3 6 21 5 1 1 51
3 6 21 3 2 2 6
3 6 21 1 3 3 89
3 6 20 3 0 5 174
3 6 20 2 6 0 176
3 6 20 1 1 6 191
3 6 20 0 7 1 102
3 6 19 8 1 0 140
3 6 19 6 2 1 38
3 6 19 4 3 2 143
3 6 19 2 4 3 42
3 6 19 0 5 4 158
3 6 18 6 0 4 11
3 6 18 4 1 5 56
3 6 18 3 7 0 85
3 6 18 2 2 6 75
3 6 18 1 8 1 125
3 6 18 0 3 7 16
3 6 17 9 2 0 80
3 6 17 7 3 1 20
3 6 17 5 4 2 24
3 6 17 3 5 3 35
3 6 17 2 0 9 187
3 6 17 1 6 4 96
3 6 17 0 1 10 49
3 6 16 9 0 3 119
3 6 16 7 1 4 12
3 6 16 5 2 5 125
3 6 16 4 8 0 191
3 6 16 3 3 6 10
3 6 16 2 9 1 43
3 6 16 1 4 7 144
3 6 16 0 10 2 138
3 6 15 10 3 0 104
3 6 15 8 4 1 162
3 6 15 6 5 2 55
3 6 15 5 0 8 20
3 6 15 4 6 3 91
3 6 15 3 1 9 75
3 6 15 2 7 4 20
3 6 15 1 2 10 12
3 6 15 0 8 5 90
3 6 14 12 0 2 192
3 6 14 10 1 3 73
3 6 14 8 2 4 54
3 6 14 6 3 5 49
3 6 14 5 9 0 31
3 6 14 4 4 6 171
3 6 14 3 10 1 83
3 6 14 2 5 7 113
3 6 14 1 11 2 19
3 6 14 1 0 13 65
3 6 14 0 6 8 131
3 6 13 11 4 0 149
3 6 13 9 5 1 99
3 6 13 8 0 7 134
3 6 13 7 6 2 62
3 6 13 6 1 8 194
3 6 13 4 2 9 118
3 6 13 3 8 4 153
3 6 13 2 3 10 95
3 6 13 1 9 5 13
3 6 13 0 15 0 192
3 6 13 0 4 11 114
3 6 12 15 0 1 10
3 6 12 13 1 2 67
3 6 12 11 2 3 88
3 6 12 9 3 4 97
3 6 12 7 4 5 138
3 6 12 6 10 0 124
3 6 12 5 5 6 23
3 6 12 4 11 1 46
3 6 12 4 0 12 176
3 6 12 3 6 7 79
3 6 12 2 12 2 153
3 6 12 2 1 13 32
3 6 12 1 7 8 73
3 6 12 0 13 3 39
3 6 12 0 2 14 90
3 6 11 12 5 0 90
3 6 11 11 0 6 55
3 6 11 10 6 1 194
3 6 11 9 1 7 57
3 6 11 8 7 2 161
3 6 11 7 2 8 100
3 6 11 6 8 3 187
3 6 11 5 3 9 151
3 6 11 4 9 4 48
3 6 11 3 4 10 63
3 6 11 2 10 5 10
3 6 11 1 16 0 58
3 6 11 1 5 11 95
3 6 11 0 11 6 126
3 6 11 0 0 17 167
3 6 10 18 0 0 4
3 6 10 16 1 1 175
3 6 10 14 2 2 176
3 6 10 12 3 3 186
3 6 10 10 4 4 153
3 6 10 8 5 5 102
3 6 10 7 11 0 100
3 6 10 7 0 11 31
3 6 10 6 6 6 120
3 6 10 5 12 1 128
3 6 10 5 1 12 184
3 6 10 4 7 7 105
3 6 10 3 13 2 169
3 6 10 3 2 13 168
3 6 10 2 8 8 96
3 6 10 1 14 3 30
3 6 10 1 3 14 52
3 6 10 0 9 9 48
3 6 9 14 0 5 9
3 6 9 13 6 0 189
3 6 9 12 1 6 62
3 6 9 11 7 1 152
3 6 9 10 2 7 25
3 6 9 9 8 2 80
3 6 9 8 3 8 77
3 6 9 7 9 3 183
3 6 9 6 4 9 140
3 6 9 5 10 4 189
3 6 9 4 5 10 143
3 6 9 3 11 5 46
3 6 9 3 0 16 180
3 6 9 2 17 0 148
3 6 9 2 6 11 71
3 6 9 1 12 6 167
3 6 9 1 1 17 123
3 6 9 0 18 1 152
3 6 9 0 7 12 57
3 6 8 19 1 0 130
3 6 8 17 2 1 125
3 6 8 15 3 2 185
3 6 8 13 4 3 125
3 6 8 11 5 4 14
3 6 8 10 0 10 166
3 6 8 9 6 5 189
3 6 8 8 12 0 91
3 6 8 8 1 11 124
3 6 8 7 7 6 115
3 6 8 6 13 1 80
3 6 8 6 2 12 52
3 6 8 5 8 7 160
3 6 8 4 14 2 108
3 6 8 4 3 13 67
3 6 8 3 9 8 161
3 6 8 2 15 3 137
3 6 8 2 4 14 45
3 6 8 1 10 9 184
3 6 8 0 16 4 19
3 6 8 0 5 15 164
3 6 7 17 0 4 158
3 6 7 15 1 5 164
3 6 7 14 7 0 18
3 6 7 13 2 6 113
3 6 7 12 8 1 74
3 6 7 11 3 7 164
3 6 7 10 9 2 40
3 6 7 9 4 8 50
3 6 7 8 10 3 26
3 6 7 7 5 9 130
3 6 7 6 11 4 187
3 6 7 6 0 15 182
3 6 7 5 6 10 123
3 6 7 4 12 5 184
3 6 7 4 1 16 176
3 6 7 3 18 0 160
3 6 7 3 7 11 104
3 6 7 2 13 6 117
3 6 7 2 2 17 32
3 6 7 1 19 1 134
3 6 7 1 8 12 166
3 6 7 0 14 7 178
3 6 7 0 3 18 121
3 6 6 20 2 0 197
3 6 6 18 3 1 93
3 6 6 16 4 2 110
3 6 6 14 5 3 84
3 6 6 13 0 9 157
3 6 6 12 6 4 147
3 6 6 11 1 10 175
3 6 6 10 7 5 62
3 6 6 9 13 0 92
3 6 6 9 2 11 91
3 6 6 8 8 6 60
3 6 6 7 14 1 22
3 6 6 7 3 12 57
3 6 6 6 9 7 90
3 6 6 5 15 2 73
3 6 6 5 4 13 113
3 6 6 4 10 8 124
3 6 6 3 16 3 15
3 6 6 3 5 14 123
3 6 6 2 11 9 176
3 6 6 2 0 20 150
3 6 6 1 17 4 85
3 6 6 1 6 15 132
3 6 6 0 12 10 4
3 6 6 0 1 21 154
3 6 5 20 0 3 179
3 6 5 18 1 4 186
3 6 5 16 2 5 53
3 6 5 15 8 0 45
3 6 5 14 3 6 198
3 6 5 13 9 1 159
3 6 5 12 4 7 101
3 6 5 11 10 2 133
3 6 5 10 5 8 126
3 6 5 9 11 3 111
3 6 5 9 0 14 108
3 6 5 8 6 9 160
3 6 5 7 12 4 190
3 6 5 7 1 15 87
3 6 5 6 7 10 12
3 6 5 5 13 5 148
3 6 5 5 2 16 184
3 6 5 4 19 0 6
3 6 5 4 8 11 145
3 6 5 3 14 6 37
3 6 5 3 3 17 141
3 6 5 2 20 1 117
3 6 5 2 9 12 185
3 6 5 1 15 7 112
3 6 5 1 4 18 66
3 6 5 0 21 2 82
3 6 5 0 10 13 28
3 6 4 21 3 0 114
3 6 4 19 4 1 166
3 6 4 17 5 2 176
3 6 4 16 0 8 194
3 6 4 15 6 3 191
3 6 4 14 1 9 5
3 6 4 13 7 4 122
3 6 4 12 2 10 170
3 6 4 11 8 5 110
3 6 4 10 14 0 180
3 6 4 10 3 11 141
3 6 4 9 9 6 185
3 6 4 8 15 1 159
3 6 4 8 4 12 196
3 6 4 7 10 7 49
3 6 4 6 16 2 25
3 6 4 6 5 13 128
3 6 4 5 11 8 137
3 6 4 5 0 19 190
3 6 4 4 17 3 170
3 6 4 4 6 14 151
3 6 4 3 12 9 190
3 6 4 3 1 20 32
3 6 4 2 18 4 165
3 6 4 2 7 15 134
3 6 4 1 13 10 171
3 6 4 1 2 21 190
3 6 4 0 19 5 193
3 6 4 0 8 16 134
3 6 3 23 0 2 11
3 6 3 21 1 3 147
3 6 3 19 2 4 129
3 6 3 17 3 5 83
3 6 3 16 9 0 190
3 6 3 15 4 6 197
3 6 3 14 10 1 173
3 6 3 13 5 7 131
3 6 3 12 11 2 74
3 6 3 12 0 13 173
3 6 3 11 6 8 34
3 6 3 10 12 3 114
3 6 3 10 1 14 198
3 6 3 9 7 9 9
3 6 3 8 13 4 4
3 6 3 8 2 15 169
3 6 3 7 8 10 117
3 6 3 6 14 5 182
3 6 3 6 3 16 97
3 6 3 5 20 0 23
3 6 3 5 9 11 12
3 6 3 4 15 6 3
3 6 3 4 4 17 180
3 6 3 3 21 1 122
3 6 3 3 10 12 170
3 6 3 2 16 7 118
3 6 3 2 5 18 154
3 6 3 1 22 2 195
3 6 3 1 11 13 113
3 6 3 1 0 24 42
3 6 3 0 17 8 139
3 6 3 0 6 19 178
3 6 2 22 4 0 124
3 6 2 20 5 1 67
3 6 2 19 0 7 42
3 6 2 18 6 2 60
3 6 2 17 1 8 148
3 6 2 16 7 3 139
3 6 2 15 2 9 106
3 6 2 14 8 4 106
3 6 2 13 3 10 75
3 6 2 12 9 5 98
3 6 2 11 15 0 87
3 6 2 11 4 11 189
3 6 2 10 10 6 5
3 6 2 9 16 1 50
3 6 2 9 5 12 141
3 6 2 8 11 7 44
3 6 2 8 0 18 71
3 6 2 7 17 2 177
3 6 2 7 6 13 124
3 6 2 6 12 8 2
3 6 2 6 1 19 72
3 6 2 5 18 3 67
3 6 2 5 7 14 145
3 6 2 4 13 9 154
3 6 2 4 2 20 58
3 6 2 3 19 4 106
3 6 2 3 8 15 158
3 6 2 2 14 10 186
3 6 2 2 3 21 188
3 6 2 1 20 5 139
3 6 2 1 9 16 48
3 6 2 0 26 0 63
3 6 2 0 15 11 107
3 6 2 0 4 22 35
3 6 1 26 0 1 99
3 6 1 24 1 2 3
3 6 1 22 2 3 198
3 6 1 20 3 4 43
3 6 1 18 4 5 134
3 6 1 17 10 0 33
3 6 1 16 5 6 178
3 6 1 15 11 1 90
3 6 1 15 0 12 128
3 6 1 14 6 7 116
3 6 1 13 12 2 167
3 6 1 13 1 13 194
3 6 1 12 7 8 18
3 6 1 11 13 3 19
3 6 1 11 2 14 54
3 6 1 10 8 9 73
3 6 1 9 14 4 43
3 6 1 9 3 15 102
3 6 1 8 9 10 149
3 6 1 7 15 5 133
3 6 1 7 4 16 164
3 6 1 6 21 0 114
3 6 1 6 10 11 25
3 6 1 5 16 6 170
3 6 1 5 5 17 190
3 6 1 4 22 1 128
3 6 1 4 11 12 2
3 6 1 4 0 23 17
3 6 1 3 17 7 182
3 6 1 3 6 18 16
3 6 1 2 23 2 163
3 6 1 2 12 13 125
3 6 1 2 1 24 186
3 6 1 1 18 8 29
3 6 1 1 7 19 119
3 6 1 0 24 3 51
3 6 1 0 13 14 161
3 6 1 0 2 25 120
3 6 0 23 5 0 4
3 6 0 22 0 6 46
3 6 0 21 6 1 67
3 6 0 20 1 7 141
3 6 0 19 7 2 111
3 6 0 18 2 8 82
3 6 0 17 8 3 140
3 6 0 16 3 9 103
3 6 0 15 9 4 136
3 6 0 14 4 10 39
3 6 0 13 10 5 33
3 6 0 12 16 0 149
3 6 0 12 5 11 20
3 6 0 11 11 6 115
3 6 0 11 0 17 175
3 6 0 10 17 1 77
3 6 0 10 6 12 162
3 6 0 9 12 7 194
3 6 0 9 1 18 2
3 6 0 8 18 2 85
3 6 0 8 7 13 37
3 6 0 7 13 8 128
3 6 0 7 2 19 12
3 6 0 6 19 3 7
3 6 0 6 8 14 61
3 6 0 5 14 9 119
3 6 0 5 3 20 34
3 6 0 4 20 4 67
3 6 0 4 9 15 180
3 6 0 3 15 10 189
3 6 0 3 4 21 30
3 6 0 2 21 5 178
3 6 0 2 10 16 104
3 6 0 1 27 0 40
3 6 0 1 16 11 68
3 6 0 1 5 22 137
3 6 0 0 22 6 176
3 6 0 0 11 17 83
3 6 0 0 0 28 108
3 5 27 2 0 0 54
3 5 27 0 1 1 132
3 5 25 3 1 0 177
3 5 25 1 2 1 167
3 5 24 1 0 4 82
3 5 23 4 2 0 129
3 5 23 2 3 1 188
3 5 23 0 4 2 53
3 5 22 4 0 3 179
3 5 22 2 1 4 149
3 5 22 0 2 5 171
3 5 21 5 3 0 96
3 5 21 3 4 1 125
3 5 21 1 5 2 29
3 5 21 0 0 8 29
3 5 20 7 0 2 47
3 5 20 5 1 3 183
3 5 20 1 3 5 27
3 5 20 0 9 0 15
3 5 19 6 4 0 145
3 5 19 4 5 1 150
3 5 19 3 0 7 190
3 5 19 2 6 2 17
3 5 19 1 1 8 90
3 5 19 0 7 3 159
3 5 18 10 0 1 41
3 5 18 8 1 2 22
3 5 18 6 2 3 124
3 5 18 4 3 4 143
3 5 18 2 4 5 46
3 5 18 1 10 0 30
3 5 18 0 5 6 189
3 5 17 7 5 0 57
3 5 17 6 0 6 59
3 5 17 5 6 1 85
3 5 17 4 1 7 125
3 5 17 3 7 2 11
3 5 17 2 2 8 29
3 5 17 1 8 3 1
3 5 17 0 3 9 10
3 5 16 13 0 0 151
3 5 16 11 1 1 97
3 5 16 9 2 2 60
3 5 16 7 3 3 79
3 5 16 5 4 4 28
3 5 16 3 5 5 110
3 5 16 2 11 0 177
3 5 16 2 0 11 65
3 5 16 1 6 6 129
3 5 16 0 12 1 105
3 5 16 0 1 12 108
3 5 15 9 0 5 155
3 5 15 8 6 0 189
3 5 15 7 1 6 172
3 5 15 6 7 1 165
3 5 15 5 2 7 138
3 5 15 4 8 2 56
3 5 15 3 3 8 90
3 5 15 2 9 3 44
3 5 15 1 4 9 128
3 5 15 0 10 4 21
3 5 14 14 1 0 33
3 5 14 12 2 1 97
3 5 14 10 3 2 102
3 5 14 8 4 3 196
3 5 14 6 5 4 138
3 5 14 5 0 10 51
3 5 14 4 6 5 116
3 5 14 3 12 0 106
3 5 14 3 1 11 97
3 5 14 2 7 6 112
3 5 14 1 13 1 145
3 5 14 1 2 12 154
3 5 14 0 8 7 134
3 5 13 12 0 4 95
3 5 13 10 1 5 163
3 5 13 9 7 0 169
3 5 13 8 2 6 19
3 5 13 7 8 1 182
3 5 13 6 3 7 84
3 5 13 5 9 2 194
3 5 13 4 4 8 46
3 5 13 3 10 3 135
3 5 13 2 5 9 187
3 5 13 1 11 4 40
3 5 13 1 0 15 14
3 5 13 0 6 10 96
3 5 12 15 2 0 161
3 5 12 13 3 1 48
3 5 12 11 4 2 176
3 5 12 9 5 3 95
3 5 12 8 0 9 137
3 5 12 7 6 4 106
3 5 12 6 1 10 177
3 5 12 5 7 5 16
3 5 12 4 13 0 160
3 5 12 4 2 11 66
3 5 12 3 8 6 109
3 5 12 2 14 1 104
3 5 12 2 3 12 191
3 5 12 1 9 7 33
3 5 12 0 15 2 113
3 5 12 0 4 13 146
3 5 11 15 0 3 117
3 5 11 13 1 4 184
3 5 11 11 2 5 86
3 5 11 10 8 0 107
3 5 11 9 3 6 96
3 5 11 8 9 1 101
3 5 11 7 4 7 124
3 5 11 6 10 2 171
3 5 11 5 5 8 165
3 5 11 4 11 3 69
3 5 11 4 0 14 45
3 5 11 3 6 9 133
3 5 11 2 12 4 173
3 5 11 2 1 15 159
3 5 11 1 7 10 82
3 5 11 0 13 5 190
3 5 11 0 2 16 33
3 5 10 16 3 0 84
3 5 10 14 4 1 65
3 5 10 12 5 2 119
3 5 10 11 0 8 176
3 5 10 10 6 3 126
3 5 10 9 1 9 54
3 5 10 8 7 4 41
3 5 10 7 2 10 125
3 5 10 6 8 5 157
3 5 10 5 14 0 127
3 5 10 5 3 11 131
3 5 10 4 9 6 50
3 5 10 3 15 1 69
3 5 10 3 4 12 59
3 5 10 2 10 7 31
3 5 10 1 16 2 136
3 5 10 1 5 13 111
3 5 10 0 11 8 60
3 5 10 0 0 19 145
3 5 9 18 0 2 157
3 5 9 16 1 3 2
3 5 9 14 2 4 72
3 5 9 12 3 5 183
3 5 9 11 9 0 167
3 5 9 10 4 6 74
3 5 9 9 10 1 24
3 5 9 8 5 7 166
3 5 9 7 11 2 153
3 5 9 7 0 13 191
3 5 9 6 6 8 72
3 5 9 5 12 3 93
3 5 9 5 1 14 2
3 5 9 4 7 9 146
3 5 9 3 13 4 89
3 5 9 3 2 15 119
3 5 9 2 8 10 86
3 5 9 1 14 5 162
3 5 9 1 3 16 40
3 5 9 0 20 0 138
3 5 9 0 9 11 101
3 5 8 17 4 0 97
3 5 8 15 5 1 162
3 5 8 14 0 7 167
3 5 8 13 6 2 107
3 5 8 12 1 8 129
3 5 8 11 7 3 6
3 5 8 10 2 9 51
3 5 8 9 8 4 182
3 5 8 8 3 10 146
3 5 8 7 9 5 119
3 5 8 6 15 0 102
3 5 8 6 4 11 111
3 5 8 5 10 6 172
3 5 8 4 16 1 122
3 5 8 4 5 12 61
3 5 8 3 11 7 163
3 5 8 3 0 18 145
3 5 8 2 17 2 132
3 5 8 2 6 13 150
3 5 8 1 12 8 131
3 5 8 1 1 19 35
3 5 8 0 18 3 64
3 5 8 0 7 14 118
3 5 7 21 0 1 18
3 5 7 19 1 2 41
3 5 7 17 2 3 101
3 5 7 15 3 4 163
3 5 7 13 4 5 170
3 5 7 12 10 0 34
3 5 7 11 5 6 84
3 5 7 10 11 1 84
3 5 7 10 0 12 13
3 5 7 9 6 7 148
3 5 7 8 12 2 55
3 5 7 8 1 13 169
3 5 7 7 7 8 161
3 5 7 6 13 3 144
3 5 7 6 2 14 94
3 5 7 5 8 9 12
3 5 7 4 14 4 167
3 5 7 4 3 15 47
3 5 7 3 9 10 115
3 5 7 2 15 5 58
3 5 7 2 4 16 31
3 5 7 1 21 0 97
3 5 7 1 10 11 97
3 5 7 0 16 6 198
3 5 7 0 5 17 78
3 5 6 18 5 0 16
3 5 6 17 0 6 5
3 5 6 16 6 1 128
3 5 6 15 1 7 10
3 5 6 14 7 2 99
3 5 6 13 2 8 42
3 5 6 12 8 3 162
3 5 6 11 3 9 15
3 5 6 10 9 4 116
3 5 6 9 4 10 139
3 5 6 8 10 5 170
3 5 6 7 16 0 81
3 5 6 7 5 11 136
3 5 6 6 11 6 184
3 5 6 6 0 17 111
3 5 6 5 17 1 74
3 5 6 5 6 12 6
3 5 6 4 12 7 131
3 5 6 4 1 18 10
3 5 6 3 18 2 192
3 5 6 3 7 13 98
3 5 6 2 13 8 198
3 5 6 2 2 19 105
3 5 6 1 19 3 29
3 5 6 1 8 14 133
3 5 6 0 14 9 140
3 5 6 0 3 20 34
3 5 5 24 0 0 62
3 5 5 22 1 1 94
3 5 5 20 2 2 131
3 5 5 18 3 3 60
3 5 5 16 4 4 41
3 5 5 14 5 5 191
3 5 5 13 11 0 23
3 5 5 13 0 11 144
3 5 5 12 6 6 113
3 5 5 11 12 1 51
3 5 5 11 1 12 110
3 5 5 10 7 7 32
3 5 5 9 13 2 98
3 5 5 9 2 13 119
3 5 5 8 8 8 131
3 5 5 7 14 3 149
3 5 5 7 3 14 151
3 5 5 6 9 9 18
3 5 5 5 15 4 92
3 5 5 5 4 15 46
3 5 5 4 10 10 83
3 5 5 3 16 5 192
3 5 5 3 5 16 68
3 5 5 2 22 0 40
3 5 5 2 11 11 19
3 5 5 2 0 22 172
3 5 5 1 17 6 52
3 5 5 1 6 17 39
3 5 5 0 23 1 85
3 5 5 0 12 12 145
3 5 5 0 1 23 58
3 5 4 20 0 5 56
3 5 4 19 6 0 89
3 5 4 18 1 6 10
3 5 4 17 7 1 180
3 5 4 16 2 7 134
3 5 4 15 8 2 64
3 5 4 14 3 8 138
3 5 4 13 9 3 54
3 5 4 12 4 9 58
3 5 4 11 10 4 74
3 5 4 10 5 10 59
3 5 4 9 11 5 60
3 5 4 9 0 16 6
3 5 4 8 17 0 41
3 5 4 8 6 11 127
3 5 4 7 12 6 180
3 5 4 7 1 17 104
3 5 4 6 18 1 185
3 5 4 6 7 12 105
3 5 4 5 13 7 77
3 5 4 5 2 18 74
3 5 4 4 19 2 65
3 5 4 4 8 13 165
3 5 4 3 14 8 77
3 5 4 3 3 19 43
3 5 4 2 20 3 145
3 5 4 2 9 14 65
3 5 4 1 15 9 112
3 5 4 1 4 20 153
3 5 4 0 21 4 110
3 5 4 0 10 15 163
3 5 3 25 1 0 174
3 5 3 23 2 1 54
3 5 3 21 3 2 68
3 5 3 19 4 3 183
3 5 3 17 5 4 147
3 5 3 16 0 10 66
3 5 3 15 6 5 37
3 5 3 14 12 0 106
3 5 3 14 1 11 142
3 5 3 13 7 6 77
3 5 3 12 13 1 69
3 5 3 12 2 12 190
3 5 3 11 8 7 172
3 5 3 10 14 2 46
3 5 3 10 3 13 121
3 5 3 9 9 8 125
3 5 3 8 15 3 191
3 5 3 8 4 14 33
3 5 3 7 10 9 90
3 5 3 6 16 4 193
3 5 3 6 5 15 68
3 5 3 5 11 10 159
3 5 3 5 0 21 1
3 5 3 4 17 5 46
3 5 3 4 6 16 50
3 5 3 3 23 0 169
3 5 3 3 12 11 143
3 5 3 3 1 22 36
3 5 3 2 18 6 187
3 5 3 2 7 17 48
3 5 3 1 24 1 48
3 5 3 1 13 12 157
3 5 3 1 2 23 162
3 5 3 0 19 7 144
3 5 3 0 8 18 16
3 5 2 23 0 4 88
3 5 2 21 1 5 152
3 5 2 20 7 0 37
3 5 2 19 2 6 167
3 5 2 18 8 1 101
3 5 2 17 3 7 137
3 5 2 16 9 2 140
3 5 2 15 4 8 191
3 5 2 14 10 3 161
3 5 2 13 5 9 173
3 5 2 12 11 4 151
3 5 2 12 0 15 18
3 5 2 11 6 10 190
3 5 2 10 12 5 57
3 5 2 10 1 16 78
3 5 2 9 18 0 120
3 5 2 9 7 11 51
3 5 2 8 13 6 198
3 5 2 8 2 17 172
3 5 2 7 19 1 144
3 5 2 7 8 12 187
3 5 2 6 14 7 155
3 5 2 6 3 18 103
3 5 2 5 20 2 165
3 5 2 5 9 13 39
3 5 2 4 15 8 196
3 5 2 4 4 19 168
3 5 2 3 21 3 42
3 5 2 3 10 14 115
3 5 2 2 16 9 42
3 5 2 2 5 20 140
3 5 2 1 22 4 25
3 5 2 1 11 15 3
3 5 2 1 0 26 64
3 5 2 0 17 10 60
3 5 2 0 6 21 149
3 5 1 26 2 0 120
3 5 1 24 3 1 91
3 5 1 22 4 2 91
3 5 1 20 5 3 81
3 5 1 19 0 9 35
3 5 1 18 6 4 97
3 5 1 17 1 10 142
3 5 1 16 7 5 98
3 5 1 15 13 0 32
3 5 1 15 2 11 184
3 5 1 14 8 6 90
3 5 1 13 14 1 42
3 5 1 13 3 12 22
3 5 1 12 9 7 81
3 5 1 11 15 2 27
3 5 1 11 4 13 185
3 5 1 10 10 8 130
3 5 1 9 16 3 183
3 5 1 9 5 14 38
3 5 1 8 11 9 6
3 5 1 8 0 20 139
3 5 1 7 17 4 123
3 5 1 7 6 15 97
3 5 1 6 12 10 148
3 5 1 6 1 21 37
3 5 1 5 18 5 1
3 5 1 5 7 16 127
3 5 1 4 24 0 23
3 5 1 4 13 11 151
3 5 1 4 2 22 153
3 5 1 3 19 6 140
3 5 1 3 8 17 26
3 5 1 2 25 1 94
3 5 1 2 14 12 150
3 5 1 2 3 23 2
3 5 1 1 20 7 98
3 5 1 1 9 18 196
3 5 1 0 26 2 48
3 5 1 0 15 13 141
3 5 1 0 4 24 100
3 5 0 26 0 3 35
3 5 0 24 1 4 118
3 5 0 22 2 5 91
3 5 0 21 8 0 118
3 5 0 20 3 6 121
3 5 0 19 9 1 92
3 5 0 18 4 7 90
3 5 0 17 10 2 141
3 5 0 16 5 8 39
3 5 0 15 11 3 115
3 5 0 15 0 14 82
3 5 0 14 6 9 147
3 5 0 13 12 4 198
3 5 0 13 1 15 7
3 5 0 12 7 10 8
3 5 0 11 13 5 110
3 5 0 11 2 16 91
3 5 0 10 19 0 26
3 5 0 10 8 11 133
3 5 0 9 14 6 109
3 5 0 9 3 17 76
3 5 0 8 20 1 47
3 5 0 8 9 12 111
3 5 0 7 15 7 191
3 5 0 7 4 18 45
3 5 0 6 21 2 155
3 5 0 6 10 13 152
3 5 0 5 16 8 108
3 5 0 5 5 19 88
3 5 0 4 22 3 141
3 5 0 4 11 14 40
3 5 0 4 0 25 177
3 5 0 3 17 9 149
3 5 0 3 6 20 143
3 5 0 2 23 4 35
3 5 0 2 12 15 78
3 5 0 2 1 26 70
3 5 0 1 18 10 16
3 5 0 1 7 21 25
3 5 0 0 24 5 56
3 5 0 0 13 16 24
3 5 0 0 2 27 67
3 4 27 0 3 0 160
3 4 26 2 0 2 182
3 4 26 0 1 3 38
3 4 25 1 4 0 58
3 4 24 5 0 1 5
3 4 24 3 1 2 56
3 4 24 1 2 3 79
3 4 23 2 5 0 175
3 4 23 1 0 6 155
3 4 23 0 6 1 153
3 4 22 8 0 0 66
3 4 22 6 1 1 129
3 4 22 4 2 2 128
3 4 22 2 3 3 8
3 4 22 0 4 4 26
3 4 21 4 0 5 196
3 4 21 3 6 0 188
3 4 21 2 1 6 132
3 4 21 1 7 1 83
3 4 21 0 2 7 78
3 4 20 9 1 0 21
3 4 20 7 2 1 155
3 4 20 5 3 2 31
3 4 20 3 4 3 41
3 4 20 1 5 4 51
3 4 20 0 0 10 30
3 4 19 7 0 4 105
3 4 19 5 1 5 174
3 4 19 4 7 0 159
3 4 19 3 2 6 17
3 4 19 2 8 1 1
3 4 19 1 3 7 154
3 4 19 0 9 2 20
3 4 18 10 2 0 135
3 4 18 8 3 1 77
3 4 18 6 4 2 39
3 4 18 4 5 3 185
3 4 18 3 0 9 22
3 4 18 2 6 4 57
3 4 18 1 1 10 139
3 4 18 0 7 5 15
3 4 17 10 0 3 95
3 4 17 8 1 4 92
3 4 17 6 2 5 36
3 4 17 5 8 0 18
3 4 17 4 3 6 104
3 4 17 3 9 1 75
3 4 17 2 4 7 120
3 4 17 1 10 2 178
3 4 17 0 5 8 151
3 4 16 11 3 0 173
3 4 16 9 4 1 143
3 4 16 7 5 2 197
3 4 16 6 0 8 51
3 4 16 5 6 3 11
3 4 16 4 1 9 75
3 4 16 3 7 4 123
3 4 16 2 2 10 177
3 4 16 1 8 5 88
3 4 16 0 14 0 122
3 4 16 0 3 11 34
3 4 15 13 0 2 173
3 4 15 11 1 3 2
3 4 15 9 2 4 141
3 4 15 7 3 5 147
3 4 15 6 9 0 31
3 4 15 5 4 6 29
3 4 15 4 10 1 73
3 4 15 3 5 7 85
3 4 15 2 11 2 18
3 4 15 2 0 13 152
3 4 15 1 6 8 145
3 4 15 0 12 3 183
3 4 15 0 1 14 192
3 4 14 12 4 0 3
3 4 14 10 5 1 22
3 4 14 9 0 7 29
3 4 14 8 6 2 152
3 4 14 7 1 8 154
3 4 14 6 7 3 34
3 4 14 5 2 9 40
3 4 14 4 8 4 134
3 4 14 3 3 10 98
3 4 14 2 9 5 5
3 4 14 1 15 0 98
3 4 14 1 4 11 176
3 4 14 0 10 6 157
3 4 13 16 0 1 74
3 4 13 14 1 2 127
3 4 13 12 2 3 184
3 4 13 10 3 4 84
3 4 13 8 4 5 167
3 4 13 7 10 0 18
3 4 13 6 5 6 23
3 4 13 5 11 1 99
3 4 13 5 0 12 80
3 4 13 4 6 7 34
3 4 13 3 12 2 42
3 4 13 3 1 13 184
3 4 13 2 7 8 18
3 4 13 1 13 3 54
3 4 13 1 2 14 146
3 4 13 0 8 9 35
3 4 12 13 5 0 180
3 4 12 12 0 6 92
3 4 12 11 6 1 33
3 4 12 10 1 7 103
3 4 12 9 7 2 17
3 4 12 8 2 8 50
3 4 12 7 8 3 54
3 4 12 6 3 9 113
3 4 12 5 9 4 33
3 4 12 4 4 10 124
3 4 12 3 10 5 197
3 4 12 2 16 0 105
3 4 12 2 5 11 26
3 4 12 1 11 6 121
3 4 12 1 0 17 66
3 4 12 0 17 1 151
3 4 12 0 6 12 70
3 4 11 19 0 0 101
3 4 11 17 1 1 96
3 4 11 15 2 2 105
3 4 11 13 3 3 98
3 4 11 11 4 4 51
3 4 11 9 5 5 32
3 4 11 8 11 0 41
3 4 11 8 0 11 70
3 4 11 7 6 6 101
3 4 11 6 12 1 53
3 4 11 6 1 12 119
3 4 11 5 7 7 86
3 4 11 4 13 2 196
3 4 11 4 2 13 46
3 4 11 3 8 8 26
3 4 11 2 14 3 190
3 4 11 2 3 14 113
3 4 11 1 9 9 196
3 4 11 0 15 4 40
3 4 11 0 4 15 80
3 4 10 15 0 5 198
3 4 10 14 6 0 171
3 4 10 13 1 6 133
3 4 10 12 7 1 41
3 4 10 11 2 7 13
3 4 10 10 8 2 127
3 4 10 9 3 8 112
3 4 10 8 9 3 16
3 4 10 7 4 9 18
3 4 10 6 10 4 4
3 4 10 4 11 5 122
3 4 10 4 0 16 115
3 4 10 3 17 0 191
3 4 10 3 6 11 91
3 4 10 2 12 6 72
3 4 10 2 1 17 48
3 4 10 1 18 1 42
3 4 10 1 7 12 77
3 4 10 0 13 7 190
3 4 10 0 2 18 9
3 4 9 20 1 0 18
3 4 9 18 2 1 44
3 4 9 16 3 2 61
3 4 9 14 4 3 95
3 4 9 12 5 4 5
3 4 9 11 0 10 164
3 4 9 10 6 5 127
3 4 9 9 12 0 161
3 4 9 9 1 11 30
3 4 9 8 7 6 107
3 4 9 7 13 1 72
3 4 9 7 2 12 33
3 4 9 6 8 7 25
3 4 9 5 14 2 163
3 4 9 5 3 13 65
3 4 9 4 9 8 75
3 4 9 3 15 3 134
3 4 9 3 4 14 9
3 4 9 2 10 9 69
3 4 9 1 16 4 101
3 4 9 1 5 15 115
3 4 9 0 11 10 153
3 4 9 0 0 21 178
3 4 8 18 0 4 196
3 4 8 16 1 5 82
3 4 8 15 7 0 128
3 4 8 14 2 6 21
3 4 8 13 8 1 62
3 4 8 12 3 7 25
3 4 8 11 9 2 192
3 4 8 10 4 8 155
3 4 8 9 10 3 144
3 4 8 8 5 9 159
3 4 8 7 11 4 13
3 4 8 7 0 15 17
3 4 8 6 6 10 186
3 4 8 5 12 5 52
3 4 8 5 1 16 190
3 4 8 4 18 0 192
3 4 8 4 7 11 106
3 4 8 3 13 6 71
3 4 8 3 2 17 61
3 4 8 2 19 1 92
3 4 8 2 8 12 158
3 4 8 1 14 7 71
3 4 8 1 3 18 174
3 4 8 0 20 2 3
3 4 8 0 9 13 105
3 4 7 21 2 0 102
3 4 7 19 3 1 74
3 4 7 17 4 2 84
3 4 7 15 5 3 136
3 4 7 14 0 9 85
3 4 7 13 6 4 13
3 4 7 12 1 10 152
3 4 7 11 7 5 174
3 4 7 10 13 0 131
3 4 7 10 2 11 171
3 4 7 9 8 6 197
3 4 7 8 14 1 20
3 4 7 8 3 12 82
3 4 7 7 9 7 182
3 4 7 6 15 2 76
3 4 7 6 4 13 24
3 4 7 5 10 8 110
3 4 7 4 16 3 10
3 4 7 4 5 14 61
3 4 7 3 11 9 94
3 4 7 3 0 20 77
3 4 7 2 17 4 68
3 4 7 2 6 15 190
3 4 7 1 12 10 164
3 4 7 1 1 21 86
3 4 7 0 18 5 111
3 4 7 0 7 16 78
3 4 6 21 0 3 188
3 4 6 19 1 4 122
3 4 6 17 2 5 142
3 4 6 16 8 0 146
3 4 6 15 3 6 141
3 4 6 14 9 1 33
3 4 6 13 4 7 132
3 4 6 12 10 2 158
3 4 6 11 5 8 121
3 4 6 10 11 3 184
3 4 6 10 0 14 114
3 4 6 9 6 9 109
3 4 6 8 12 4 61
3 4 6 8 1 15 58
3 4 6 7 7 10 194
3 4 6 6 13 5 86
3 4 6 6 2 16 113
3 4 6 5 19 0 137
3 4 6 5 8 11 38
3 4 6 4 14 6 178
3 4 6 4 3 17 117
3 4 6 3 20 1 128
3 4 6 3 9 12 30
3 4 6 2 15 7 97
3 4 6 2 4 18 142
3 4 6 1 21 2 33
3 4 6 1 10 13 198
3 4 6 0 16 8 104
3 4 6 0 5 19 20
3 4 5 22 3 0 34
3 4 5 20 4 1 154
3 4 5 18 5 2 74
3 4 5 17 0 8 70
3 4 5 16 6 3 139
3 4 5 15 1 9 182
3 4 5 14 7 4 24
3 4 5 13 2 10 2
3 4 5 12 8 5 90
3 4 5 11 14 0 33
3 4 5 11 3 11 41
3 4 5 10 9 6 87
3 4 5 9 15 1 81
3 4 5 9 4 12 141
3 4 5 8 10 7 134
3 4 5 7 16 2 78
3 4 5 7 5 13 112
3 4 5 6 11 8 148
3 4 5 6 0 19 92
3 4 5 5 17 3 43
3 4 5 5 6 14 124
3 4 5 4 12 9 103
3 4 5 4 1 20 111
3 4 5 3 18 4 120
3 4 5 3 7 15 101
3 4 5 2 13 10 19
3 4 5 2 2 21 79
3 4 5 1 19 5 196
3 4 5 1 8 16 60
3 4 5 0 25 0 81
3 4 5 0 14 11 136
3 4 5 0 3 22 14
3 4 4 24 0 2 149
3 4 4 22 1 3 21
3 4 4 20 2 4 103
3 4 4 18 3 5 198
3 4 4 17 9 0 172
3 4 4 16 4 6 120
3 4 4 15 10 1 94
3 4 4 14 5 7 109
3 4 4 13 11 2 105
3 4 4 13 0 13 97
3 4 4 12 6 8 187
3 4 4 11 12 3 140
3 4 4 11 1 14 133
3 4 4 10 7 9 50
3 4 4 9 13 4 83
3 4 4 9 2 15 88
3 4 4 8 8 10 167
3 4 4 7 14 5 31
3 4 4 7 3 16 168
3 4 4 6 20 0 9
3 4 4 6 9 11 166
3 4 4 5 15 6 107
3 4 4 5 4 17 25
3 4 4 4 21 1 84
3 4 4 4 10 12 109
3 4 4 3 16 7 40
3 4 4 3 5 18 71
3 4 4 2 22 2 41
3 4 4 2 11 13 177
3 4 4 2 0 24 58
3 4 4 1 17 8 155
3 4 4 1 6 19 31
3 4 4 0 23 3 161
3 4 4 0 12 14 192
3 4 4 0 1 25 190
3 4 3 23 4 0 176
3 4 3 21 5 1 18
3 4 3 20 0 7 25
3 4 3 19 6 2 146
3 4 3 18 1 8 186
3 4 3 17 7 3 179
3 4 3 16 2 9 16
3 4 3 14 3 10 18
3 4 3 13 9 5 159
3 4 3 12 15 0 62
3 4 3 12 4 11 35
3 4 3 11 10 6 135
3 4 3 10 16 1 149
3 4 3 10 5 12 124
3 4 3 9 11 7 175
3 4 3 9 0 18 71
3 4 3 8 17 2 137
3 4 3 8 6 13 133
3 4 3 7 12 8 132
3 4 3 7 1 19 46
3 4 3 6 18 3 108
3 4 3 6 7 14 56
3 4 3 5 13 9 63
3 4 3 5 2 20 196
3 4 3 4 19 4 14
3 4 3 4 8 15 90
3 4 3 3 14 10 86
3 4 3 3 3 21 56
3 4 3 2 20 5 129
3 4 3 2 9 16 33
3 4 3 1 26 0 106
3 4 3 1 15 11 35
3 4 3 1 4 22 127
3 4 3 0 21 6 115
3 4 3 0 10 17 93
3 4 2 27 0 1 101
3 4 2 25 1 2 10
3 4 2 23 2 3 80
3 4 2 21 3 4 85
3 4 2 19 4 5 77
3 4 2 18 10 0 96
3 4 2 17 5 6 171
3 4 2 16 11 1 186
3 4 2 16 0 12 92
3 4 2 15 6 7 17
3 4 2 14 12 2 32
3 4 2 14 1 13 142
3 4 2 13 7 8 18
3 4 2 12 13 3 143
3 4 2 12 2 14 87
3 4 2 11 8 9 194
3 4 2 10 14 4 3
3 4 2 10 3 15 26
3 4 2 9 9 10 182
3 4 2 8 15 5 104
3 4 2 8 4 16 2
3 4 2 7 21 0 142
3 4 2 7 10 11 191
3 4 2 6 16 6 62
3 4 2 6 5 17 97
3 4 2 5 22 1 125
3 4 2 5 11 12 42
3 4 2 5 0 23 42
3 4 2 4 17 7 116
3 4 2 4 6 18 103
3 4 2 3 23 2 23
3 4 2 3 12 13 149
3 4 2 3 1 24 142
3 4 2 2 18 8 189
3 4 2 2 7 19 20
3 4 2 1 24 3 128
3 4 2 1 13 14 13
3 4 2 1 2 25 59
3 4 2 0 19 9 135
3 4 2 0 8 20 50
3 4 1 24 5 0 38
3 4 1 23 0 6 160
3 4 1 22 6 1 169
3 4 1 21 1 7 134
3 4 1 20 7 2 174
3 4 1 19 2 8 189
3 4 1 17 3 9 80
3 4 1 16 9 4 122
3 4 1 15 4 10 11
3 4 1 14 10 5 28
3 4 1 13 16 0 17
3 4 1 13 5 11 4
3 4 1 12 11 6 81
3 4 1 12 0 17 159
3 4 1 11 17 1 12
3 4 1 11 6 12 177
3 4 1 10 12 7 11
3 4 1 10 1 18 79
3 4 1 9 18 2 67
3 4 1 9 7 13 138
3 4 1 8 13 8 173
3 4 1 8 2 19 19
3 4 1 7 19 3 83
3 4 1 7 8 14 129
3 4 1 6 14 9 112
3 4 1 6 3 20 52
3 4 1 5 20 4 90
3 4 1 5 9 15 16
3 4 1 4 15 10 75
3 4 1 4 4 21 29
3 4 1 3 21 5 84
3 4 1 3 10 16 131
3 4 1 2 27 0 140
3 4 1 2 16 11 146
3 4 1 2 5 22 189
3 4 1 1 22 6 6
3 4 1 1 11 17 164
3 4 1 1 0 28 194
3 4 1 0 28 1 15
3 4 1 0 17 12 42
3 4 1 0 6 23 127
3 4 0 30 0 0 137
3 4 0 28 1 1 39
3 4 0 26 2 2 147
3 4 0 24 3 3 2
3 4 0 22 4 4 118
3 4 0 20 5 5 138
3 4 0 19 11 0 33
3 4 0 19 0 11 187
3 4 0 18 6 6 141
3 4 0 17 12 1 177
3 4 0 17 1 12 148
3 4 0 16 7 7 130
3 4 0 15 13 2 17
3 4 0 15 2 13 34
3 4 0 14 8 8 45
3 4 0 13 14 3 129
3 4 0 13 3 14 148
3 4 0 12 9 9 119
3 4 0 11 15 4 177
3 4 0 11 4 15 99
3 4 0 10 10 10 38
3 4 0 9 16 5 13
3 4 0 9 5 16 196
3 4 0 8 22 0 27
3 4 0 8 11 11 154
3 4 0 8 0 22 92
3 4 0 7 17 6 73
3 4 0 7 6 17 73
3 4 0 6 23 1 121
3 4 0 6 12 12 195
3 4 0 6 1 23 8
3 4 0 5 18 7 38
3 4 0 5 7 18 170
3 4 0 4 24 2 22
3 4 0 4 13 13 196
3 4 0 4 2 24 159
3 4 0 3 19 8 34
3 4 0 3 8 19 59
3 4 0 2 25 3 41
3 4 0 2 14 14 49
3 4 0 2 3 25 82
3 4 0 1 20 9 178
3 4 0 1 9 20 180
3 4 0 0 26 4 63
3 4 0 0 15 15 83
3 4 0 0 4 26 151
3 3 30 0 0 1 178
3 3 28 3 0 0 173
3 3 28 1 1 1 30
3 3 26 4 1 0 156
3 3 26 2 2 1 141
3 3 26 0 3 2 107
3 3 25 2 0 4 155
3 3 25 0 1 5 128
3 3 24 5 2 0 188
3 3 24 3 3 1 59
3 3 24 1 4 2 91
3 3 23 5 0 3 76
3 3 23 3 1 4 37
3 3 23 1 2 5 103
3 3 23 0 8 0 184
3 3 22 6 3 0 123
3 3 22 4 4 1 124
3 3 22 2 5 2 35
3 3 22 1 0 8 38
3 3 22 0 6 3 21
3 3 21 8 0 2 173
3 3 21 6 1 3 51
3 3 21 4 2 4 57
3 3 21 2 3 5 149
3 3 21 1 9 0 120
3 3 21 0 4 6 86
3 3 20 7 4 0 122
3 3 20 5 5 1 129
3 3 20 4 0 7 62
3 3 20 3 6 2 176
3 3 20 2 1 8 33
3 3 20 1 7 3 178
3 3 20 0 2 9 76
3 3 19 11 0 1 25
3 3 19 9 1 2 5
3 3 19 7 2 3 57
3 3 19 5 3 4 21
3 3 19 3 4 5 12
3 3 19 2 10 0 64
3 3 19 1 5 6 154
3 3 19 0 11 1 147
3 3 19 0 0 12 10
3 3 18 8 5 0 154
3 3 18 7 0 6 97
3 3 18 6 6 1 143
3 3 18 5 1 7 150
3 3 18 4 7 2 99
3 3 18 3 2 8 159
3 3 18 2 8 3 124
3 3 18 1 3 9 133
3 3 18 0 9 4 134
3 3 17 14 0 0 81
3 3 17 12 1 1 90
3 3 17 10 2 2 6
3 3 17 8 3 3 143
3 3 17 6 4 4 152
3 3 17 4 5 5 145
3 3 17 3 11 0 89
3 3 17 3 0 11 88
3 3 17 2 6 6 5
3 3 17 1 12 1 112
3 3 17 1 1 12 76
3 3 17 0 7 7 159
3 3 16 10 0 5 103
3 3 16 9 6 0 143
3 3 16 8 1 6 90
3 3 16 7 7 1 132
3 3 16 6 2 7 140
3 3 16 5 8 2 53
3 3 16 4 3 8 92
3 3 16 3 9 3 172
3 3 16 2 4 9 140
3 3 16 1 10 4 153
3 3 16 0 5 10 8
3 3 15 15 1 0 126
3 3 15 13 2 1 124
3 3 15 11 3 2 139
3 3 15 9 4 3 172
3 3 15 7 5 4 117
3 3 15 6 0 10 102
3 3 15 5 6 5 52
3 3 15 4 12 0 154
3 3 15 4 1 11 3
3 3 15 3 7 6 74
3 3 15 2 13 1 14
3 3 15 2 2 12 75
3 3 15 1 8 7 186
3 3 15 0 14 2 144
3 3 15 0 3 13 78
3 3 14 13 0 4 116
3 3 14 11 1 5 35
3 3 14 10 7 0 10
3 3 14 9 2 6 164
3 3 14 8 8 1 145
3 3 14 7 3 7 126
3 3 14 6 9 2 91
3 3 14 5 4 8 136
3 3 14 4 10 3 18
3 3 14 3 5 9 58
3 3 14 2 11 4 11
3 3 14 2 0 15 114
3 3 14 1 6 10 192
3 3 14 0 12 5 154
3 3 14 0 1 16 93
3 3 13 16 2 0 123
3 3 13 14 3 1 61
3 3 13 12 4 2 122
3 3 13 10 5 3 87
3 3 13 9 0 9 152
3 3 13 8 6 4 180
3 3 13 7 1 10 102
3 3 13 6 7 5 180
3 3 13 5 13 0 33
3 3 13 5 2 11 168
3 3 13 4 8 6 128
3 3 13 3 14 1 158
3 3 13 3 3 12 162
3 3 13 2 9 7 147
3 3 13 1 15 2 27
3 3 13 1 4 13 46
3 3 13 0 10 8 49
3 3 12 16 0 3 196
3 3 12 14 1 4 164
3 3 12 12 2 5 40
3 3 12 11 8 0 23
3 3 12 10 3 6 142
3 3 12 9 9 1 135
3 3 12 8 4 7 74
3 3 12 7 10 2 57
3 3 12 6 5 8 136
3 3 12 5 11 3 46
3 3 12 5 0 14 122
3 3 12 4 6 9 137
3 3 12 3 12 4 106
3 3 12 3 1 15 132
3 3 12 2 7 10 83
3 3 12 1 13 5 74
3 3 12 1 2 16 107
3 3 12 0 19 0 14
3 3 12 0 8 11 12
3 3 11 17 3 0 123
3 3 11 15 4 1 67
3 3 11 13 5 2 163
3 3 11 12 0 8 161
3 3 11 11 6 3 49
3 3 11 10 1 9 48
3 3 11 9 7 4 36
3 3 11 8 2 10 125
3 3 11 7 8 5 140
3 3 11 6 14 0 145
3 3 11 6 3 11 51
3 3 11 5 9 6 68
3 3 11 4 15 1 65
3 3 11 4 4 12 173
3 3 11 3 10 7 25
3 3 11 2 16 2 126
3 3 11 2 5 13 22
3 3 11 1 11 8 165
3 3 11 1 0 19 93
3 3 11 0 17 3 164
3 3 11 0 6 14 130
3 3 10 19 0 2 148
3 3 10 17 1 3 191
3 3 10 15 2 4 73
3 3 10 13 3 5 69
3 3 10 12 9 0 108
3 3 10 11 4 6 146
3 3 10 10 10 1 146
3 3 10 9 5 7 2
3 3 10 8 11 2 158
3 3 10 8 0 13 192
3 3 10 7 6 8 176
3 3 10 6 12 3 3
3 3 10 6 1 14 58
3 3 10 5 7 9 147
3 3 10 4 13 4 128
3 3 10 4 2 15 25
3 3 10 3 8 10 186
3 3 10 2 14 5 48
3 3 10 2 3 16 151
3 3 10 1 20 0 196
3 3 10 1 9 11 21
3 3 10 0 15 6 117
3 3 10 0 4 17 31
3 3 9 18 4 0 147
3 3 9 16 5 1 26
3 3 9 15 0 7 134
3 3 9 14 6 2 113
3 3 9 13 1 8 75
3 3 9 12 7 3 148
3 3 9 11 2 9 156
3 3 9 10 8 4 66
3 3 9 9 3 10 76
3 3 9 8 9 5 43
3 3 9 7 15 0 170
3 3 9 7 4 11 136
3 3 9 6 10 6 51
3 3 9 5 16 1 81
3 3 9 5 5 12 153
3 3 9 4 11 7 85
3 3 9 4 0 18 10
3 3 9 3 17 2 16
3 3 9 3 6 13 5
3 3 9 2 12 8 22
3 3 9 2 1 19 51
3 3 9 1 18 3 149
3 3 9 1 7 14 51
3 3 9 0 13 9 19
3 3 9 0 2 20 115
3 3 8 22 0 1 63
3 3 8 20 1 2 52
3 3 8 18 2 3 144
3 3 8 16 3 4 193
3 3 8 14 4 5 165
3 3 8 13 10 0 24
3 3 8 12 5 6 110
3 3 8 11 11 1 135
3 3 8 11 0 12 69
3 3 8 10 6 7 83
3 3 8 9 12 2 176
3 3 8 9 1 13 132
3 3 8 8 7 8 118
3 3 8 7 13 3 128
3 3 8 7 2 14 22
3 3 8 6 8 9 60
3 3 8 5 14 4 138
3 3 8 5 3 15 126
3 3 8 4 9 10 198
3 3 8 3 15 5 198
3 3 8 3 4 16 197
3 3 8 2 21 0 39
3 3 8 2 10 11 6
3 3 8 1 16 6 135
3 3 8 1 5 17 11
3 3 8 0 22 1 153
3 3 8 0 11 12 74
3 3 8 0 0 23 126
3 3 7 19 5 0 142
3 3 7 18 0 6 12
3 3 7 17 6 1 121
3 3 7 16 1 7 122
3 3 7 15 7 2 15
3 3 7 14 2 8 186
3 3 7 13 8 3 198
3 3 7 12 3 9 27
3 3 7 11 9 4 100
3 3 7 10 4 10 147
3 3 7 9 10 5 135
3 3 7 8 16 0 45
3 3 7 8 5 11 163
3 3 7 7 11 6 18
3 3 7 7 0 17 80
3 3 7 6 17 1 74
3 3 7 6 6 12 158
3 3 7 5 12 7 119
3 3 7 4 18 2 47
3 3 7 4 7 13 165
3 3 7 3 13 8 100
3 3 7 3 2 19 39
3 3 7 2 19 3 81
3 3 7 2 8 14 185
3 3 7 1 14 9 87
3 3 7 1 3 20 186
3 3 7 0 20 4 152
3 3 7 0 9 15 40
3 3 6 25 0 0 11
3 3 6 23 1 1 58
3 3 6 21 2 2 197
3 3 6 19 3 3 179
3 3 6 17 4 4 135
3 3 6 15 5 5 139
3 3 6 14 11 0 148
3 3 6 14 0 11 70
3 3 6 13 6 6 108
3 3 6 12 12 1 163
3 3 6 12 1 12 53
3 3 6 11 7 7 75
3 3 6 10 13 2 190
3 3 6 10 2 13 51
3 3 6 9 8 8 58
3 3 6 8 14 3 49
3 3 6 8 3 14 175
3 3 6 7 9 9 157
3 3 6 6 15 4 43
3 3 6 6 4 15 95
3 3 6 5 10 10 181
3 3 6 4 16 5 81
3 3 6 4 5 16 150
3 3 6 3 22 0 25
3 3 6 3 11 11 188
3 3 6 3 0 22 107
3 3 6 2 17 6 42
3 3 6 2 6 17 9
3 3 6 1 23 1 186
3 3 6 1 12 12 111
3 3 6 1 1 23 175
3 3 6 0 18 7 37
3 3 6 0 7 18 129
3 3 5 21 0 5 84
3 3 5 19 1 6 14
3 3 5 18 7 1 17
3 3 5 17 2 7 95
3 3 5 16 8 2 99
3 3 5 15 3 8 187
3 3 5 14 9 3 145
3 3 5 13 4 9 123
3 3 5 12 10 4 109
3 3 5 11 5 10 1
3 3 5 10 11 5 152
3 3 5 10 0 16 49
3 3 5 9 17 0 29
3 3 5 9 6 11 12
3 3 5 8 12 6 106
3 3 5 8 1 17 104
3 3 5 7 18 1 130
3 3 5 7 7 12 85
3 3 5 6 13 7 172
3 3 5 6 2 18 143
3 3 5 5 19 2 43
3 3 5 5 8 13 127
3 3 5 4 14 8 197
3 3 5 4 3 19 191
3 3 5 3 20 3 160
3 3 5 3 9 14 157
3 3 5 2 15 9 149
3 3 5 2 4 20 147
3 3 5 1 21 4 96
3 3 5 1 10 15 128
3 3 5 0 16 10 190
3 3 5 0 5 21 15
3 3 4 26 1 0 21
3 3 4 24 2 1 50
3 3 4 22 3 2 77
3 3 4 20 4 3 126
3 3 4 18 5 4 125
3 3 4 17 0 10 155
3 3 4 16 6 5 180
3 3 4 15 12 0 30
3 3 4 15 1 11 167
3 3 4 14 7 6 90
3 3 4 13 13 1 21
3 3 4 13 2 12 72
3 3 4 12 8 7 44
3 3 4 11 14 2 97
3 3 4 11 3 13 72
3 3 4 10 9 8 196
3 3 4 9 15 3 114
3 3 4 9 4 14 4
3 3 4 8 10 9 124
3 3 4 7 16 4 102
3 3 4 7 5 15 95
3 3 4 6 11 10 158
3 3 4 6 0 21 123
3 3 4 5 17 5 16
3 3 4 5 6 16 75
3 3 4 4 23 0 68
3 3 4 4 12 11 15
3 3 4 4 1 22 27
3 3 4 3 18 6 110
3 3 4 3 7 17 194
3 3 4 2 24 1 139
3 3 4 2 13 12 143
3 3 4 2 2 23 140
3 3 4 1 19 7 196
3 3 4 1 8 18 30
3 3 4 0 25 2 152
3 3 4 0 14 13 128
3 3 4 0 3 24 43
3 3 3 24 0 4 45
3 3 3 22 1 5 165
3 3 3 21 7 0 154
3 3 3 20 2 6 111
3 3 3 19 8 1 22
3 3 3 18 3 7 47
3 3 3 17 9 2 139
3 3 3 16 4 8 99
3 3 3 15 10 3 197
3 3 3 14 5 9 180
3 3 3 13 11 4 68
3 3 3 13 0 15 146
3 3 3 12 6 10 153
3 3 3 11 12 5 88
3 3 3 11 1 16 85
3 3 3 10 18 0 40
3 3 3 10 7 11 93
3 3 3 9 13 6 96
3 3 3 9 2 17 148
3 3 3 8 19 1 150
3 3 3 8 8 12 8
3 3 3 7 14 7 44
3 3 3 7 3 18 165
3 3 3 6 20 2 34
3 3 3 6 9 13 195
3 3 3 5 15 8 186
3 3 3 5 4 19 108
3 3 3 4 21 3 19
3 3 3 4 10 14 81
3 3 3 3 16 9 72
3 3 3 3 5 20 20
3 3 3 2 22 4 58
3 3 3 2 11 15 4
3 3 3 2 0 26 81
3 3 3 1 17 10 63
3 3 3 1 6 21 28
3 3 3 0 23 5 38
3 3 3 0 12 16 90
3 3 3 0 1 27 41
3 3 2 27 2 0 147
3 3 2 25 3 1 85
3 3 2 23 4 2 108
3 3 2 21 5 3 7
3 3 2 20 0 9 179
3 3 2 19 6 4 97
3 3 2 18 1 10 185
3 3 2 17 7 5 33
3 3 2 16 13 0 97
3 3 2 16 2 11 14
3 3 2 15 8 6 72
3 3 2 14 14 1 83
3 3 2 14 3 12 121
3 3 2 13 9 7 85
3 3 2 12 15 2 127
3 3 2 12 4 13 96
3 3 2 11 10 8 15
3 3 2 10 16 3 29
3 3 2 10 5 14 197
3 3 2 9 11 9 94
3 3 2 9 0 20 29
3 3 2 8 17 4 121
3 3 2 8 6 15 140
3 3 2 7 12 10 123
3 3 2 7 1 21 109
3 3 2 6 18 5 189
3 3 2 6 7 16 3
3 3 2 5 24 0 12
3 3 2 5 13 11 181
3 3 2 5 2 22 8
3 3 2 4 19 6 27
3 3 2 4 8 17 162
3 3 2 3 25 1 196
3 3 2 3 14 12 56
3 3 2 3 3 23 192
3 3 2 2 20 7 1
3 3 2 2 9 18 190
3 3 2 1 26 2 36
3 3 2 1 15 13 192
3 3 2 1 4 24 101
3 3 2 0 21 8 150
3 3 2 0 10 19 169
3 3 1 27 0 3 30
3 3 1 25 1 4 86
3 3 1 23 2 5 147
3 3 1 22 8 0 132
3 3 1 21 3 6 126
3 3 1 20 9 1 117
3 3 1 19 4 7 68
3 3 1 18 10 2 180
3 3 1 17 5 8 164
3 3 1 16 11 3 54
3 3 1 16 0 14 87
3 3 1 15 6 9 80
3 3 1 14 12 4 125
3 3 1 14 1 15 5
3 3 1 13 7 10 177
3 3 1 12 13 5 63
3 3 1 12 2 16 146
3 3 1 11 19 0 13
3 3 1 11 8 11 152
3 3 1 10 14 6 180
3 3 1 10 3 17 184
3 3 1 9 20 1 181
3 3 1 9 9 12 33
3 3 1 8 15 7 84
3 3 1 8 4 18 35
3 3 1 7 21 2 167
3 3 1 7 10 13 151
3 3 1 6 16 8 150
3 3 1 6 5 19 184
3 3 1 5 22 3 3
3 3 1 5 11 14 27
3 3 1 5 0 25 58
3 3 1 4 17 9 7
3 3 1 4 6 20 53
3 3 1 3 23 4 192
3 3 1 3 12 15 38
3 3 1 3 1 26 44
3 3 1 2 18 10 51
3 3 1 2 7 21 85
3 3 1 1 24 5 49
3 3 1 1 13 16 51
3 3 1 1 2 27 195
3 3 1 0 30 0 87
3 3 1 0 19 11 129
3 3 1 0 8 22 54
3 3 0 28 3 0 114
3 3 0 26 4 1 198
3 3 0 24 5 2 176
3 3 0 23 0 8 28
3 3 0 22 6 3 183
3 3 0 21 1 9 151
3 3 0 20 7 4 101
3 3 0 19 2 10 126
3 3 0 18 8 5 185
3 3 0 17 14 0 137
3 3 0 17 3 11 126
3 3 0 16 9 6 65
3 3 0 15 15 1 75
3 3 0 15 4 12 50
3 3 0 14 10 7 98
3 3 0 13 16 2 98
3 3 0 13 5 13 73
3 3 0 12 11 8 85
3 3 0 12 0 19 179
3 3 0 11 17 3 126
3 3 0 11 6 14 2
3 3 0 10 12 9 40
3 3 0 10 1 20 139
3 3 0 9 18 4 77
3 3 0 9 7 15 73
3 3 0 8 13 10 173
3 3 0 8 2 21 126
3 3 0 7 19 5 153
3 3 0 7 8 16 85
3 3 0 6 25 0 158
3 3 0 6 14 11 125
3 3 0 5 20 6 151
3 3 0 5 9 17 134
3 3 0 4 26 1 109
3 3 0 4 15 12 43
3 3 0 4 4 23 164
3 3 0 3 21 7 163
3 3 0 3 10 18 162
3 3 0 2 27 2 86
3 3 0 2 16 13 125
3 3 0 2 5 24 167
3 3 0 1 22 8 136
3 3 0 1 11 19 96
3 3 0 1 0 30 5
3 3 0 0 28 3 22
3 3 0 0 17 14 58
3 3 0 0 6 25 171
3 2 30 0 2 0 86
3 2 29 0 0 3 74
3 2 28 1 3 0 178
3 2 27 3 0 2 58
3 2 27 1 1 3 20
3 2 26 2 4 0 116
3 2 26 0 5 1 195
3 2 25 6 0 1 46
3 2 25 4 1 2 186
3 2 25 2 2 3 118
3 2 25 0 3 4 42
3 2 24 3 5 0 69
3 2 24 2 0 6 168
3 2 24 1 6 1 28
3 2 24 0 1 7 96
3 2 23 9 0 0 16
3 2 23 7 1 1 133
3 2 23 5 2 2 28
3 2 23 3 3 3 108
3 2 23 1 4 4 45
3 2 22 5 0 5 162
3 2 22 4 6 0 175
3 2 22 3 1 6 156
3 2 22 2 7 1 35
3 2 22 1 2 7 70
3 2 22 0 8 2 13
3 2 21 10 1 0 179
3 2 21 8 2 1 188
3 2 21 6 3 2 117
3 2 21 4 4 3 54
3 2 21 2 5 4 114
3 2 21 1 0 10 58
3 2 21 0 6 5 55
3 2 20 8 0 4 40
3 2 20 6 1 5 10
3 2 20 5 7 0 9
3 2 20 4 2 6 119
3 2 20 3 8 1 129
3 2 20 2 3 7 151
3 2 20 1 9 2 116
3 2 20 0 4 8 4
3 2 19 11 2 0 78
3 2 19 9 3 1 195
3 2 19 7 4 2 161
3 2 19 5 5 3 174
3 2 19 4 0 9 94
3 2 19 3 6 4 164
3 2 19 2 1 10 107
3 2 19 1 7 5 63
3 2 19 0 13 0 17
3 2 19 0 2 11 74
3 2 18 11 0 3 179
3 2 18 9 1 4 183
3 2 18 7 2 5 167
3 2 18 6 8 0 33
3 2 18 5 3 6 169
3 2 18 4 9 1 19
3 2 18 3 4 7 84
3 2 18 2 10 2 8
3 2 18 1 5 8 35
3 2 18 0 11 3 141
3 2 18 0 0 14 135
3 2 17 12 3 0 121
3 2 17 10 4 1 1
3 2 17 8 5 2 48
3 2 17 7 0 8 9
3 2 17 6 6 3 84
3 2 17 5 1 9 130
3 2 17 4 7 4 28
3 2 17 3 2 10 164
3 2 17 2 8 5 70
3 2 17 1 14 0 130
3 2 17 1 3 11 115
3 2 17 0 9 6 19
3 2 16 14 0 2 100
3 2 16 12 1 3 92
3 2 16 10 2 4 23
3 2 16 8 3 5 45
3 2 16 7 9 0 174
3 2 16 6 4 6 133
3 2 16 5 10 1 114
3 2 16 4 5 7 42
3 2 16 3 11 2 159
3 2 16 3 0 13 129
3 2 16 2 6 8 42
3 2 16 1 12 3 35
3 2 16 1 1 14 116
3 2 16 0 7 9 136
3 2 15 13 4 0 147
3 2 15 11 5 1 4
3 2 15 10 0 7 171
3 2 15 9 6 2 184
3 2 15 8 1 8 71
3 2 15 7 7 3 2
3 2 15 6 2 9 107
3 2 15 5 8 4 63
3 2 15 4 3 10 16
3 2 15 3 9 5 88
3 2 15 2 15 0 18
3 2 15 2 4 11 126
3 2 15 1 10 6 100
3 2 15 0 16 1 127
3 2 15 0 5 12 19
3 2 14 17 0 1 118
3 2 14 15 1 2 62
3 2 14 13 2 3 17
3 2 14 11 3 4 171
3 2 14 9 4 5 188
3 2 14 8 10 0 57
3 2 14 7 5 6 116
3 2 14 6 11 1 67
3 2 14 6 0 12 141
3 2 14 5 6 7 17
3 2 14 4 12 2 180
3 2 14 4 1 13 24
3 2 14 3 7 8 56
3 2 14 2 13 3 187
3 2 14 2 2 14 1
3 2 14 1 8 9 66
3 2 14 0 14 4 124
3 2 14 0 3 15 187
3 2 13 14 5 0 28
3 2 13 13 0 6 40
3 2 13 12 6 1 121
3 2 13 11 1 7 122
3 2 13 10 7 2 175
3 2 13 9 2 8 107
3 2 13 8 8 3 151
3 2 13 7 3 9 189
3 2 13 6 9 4 173
3 2 13 5 4 10 36
3 2 13 4 10 5 20
3 2 13 3 16 0 6
3 2 13 3 5 11 35
3 2 13 2 11 6 3
3 2 13 2 0 17 16
3 2 13 1 17 1 12
3 2 13 1 6 12 2
3 2 13 0 12 7 33
3 2 13 0 1 18 98
3 2 12 20 0 0 3
3 2 12 18 1 1 112
3 2 12 16 2 2 4
3 2 12 14 3 3 84
3 2 12 12 4 4 137
3 2 12 10 5 5 119
3 2 12 9 11 0 160
3 2 12 8 6 6 80
3 2 12 7 12 1 124
3 2 12 7 1 12 72
3 2 12 6 7 7 75
3 2 12 5 13 2 109
3 2 12 5 2 13 143
3 2 12 4 8 8 151
3 2 12 3 14 3 16
3 2 12 3 3 14 43
3 2 12 2 9 9 66
3 2 12 1 15 4 82
3 2 12 1 4 15 168
3 2 12 0 10 10 122
3 2 11 16 0 5 107
3 2 11 15 6 0 42
3 2 11 14 1 6 76
3 2 11 13 7 1 117
3 2 11 12 2 7 50
3 2 11 11 8 2 119
3 2 11 10 3 8 65
3 2 11 9 9 3 185
3 2 11 8 4 9 57
3 2 11 7 10 4 53
3 2 11 6 5 10 98
3 2 11 5 11 5 81
3 2 11 5 0 16 26
3 2 11 4 17 0 88
3 2 11 4 6 11 190
3 2 11 3 12 6 196
3 2 11 3 1 17 24
3 2 11 2 18 1 104
3 2 11 2 7 12 106
3 2 11 1 13 7 155
3 2 11 1 2 18 21
3 2 11 0 19 2 163
3 2 11 0 8 13 172
3 2 10 21 1 0 143
3 2 10 19 2 1 125
3 2 10 17 3 2 14
3 2 10 15 4 3 66
3 2 10 13 5 4 111
3 2 10 12 0 10 54
3 2 10 11 6 5 23
3 2 10 10 12 0 28
3 2 10 10 1 11 170
3 2 10 9 7 6 180
3 2 10 8 13 1 43
3 2 10 8 2 12 22
3 2 10 7 8 7 163
3 2 10 6 14 2 186
3 2 10 6 3 13 6
3 2 10 5 9 8 44
3 2 10 4 15 3 67
3 2 10 4 4 14 195
3 2 10 3 10 9 117
3 2 10 2 16 4 109
3 2 10 2 5 15 181
3 2 10 1 11 10 139
3 2 10 1 0 21 12
3 2 10 0 17 5 175
3 2 10 0 6 16 55
3 2 9 19 0 4 142
3 2 9 17 1 5 61
3 2 9 16 7 0 116
3 2 9 15 2 6 81
3 2 9 14 8 1 19
3 2 9 13 3 7 30
3 2 9 12 9 2 96
3 2 9 11 4 8 36
3 2 9 10 10 3 178
3 2 9 9 5 9 145
3 2 9 8 11 4 122
3 2 9 8 0 15 184
3 2 9 7 6 10 55
3 2 9 6 12 5 123
3 2 9 6 1 16 64
3 2 9 5 18 0 113
3 2 9 5 7 11 92
3 2 9 4 13 6 178
3 2 9 4 2 17 54
3 2 9 3 19 1 94
3 2 9 3 8 12 116
3 2 9 2 14 7 177
3 2 9 2 3 18 54
3 2 9 1 20 2 155
3 2 9 1 9 13 196
3 2 9 0 15 8 167
3 2 9 0 4 19 137
3 2 8 22 2 0 147
3 2 8 20 3 1 133
3 2 8 18 4 2 158
3 2 8 16 5 3 151
3 2 8 15 0 9 134
3 2 8 14 6 4 3
3 2 8 13 1 10 157
3 2 8 12 7 5 73
3 2 8 11 13 0 93
3 2 8 11 2 11 184
3 2 8 10 8 6 9
3 2 8 9 14 1 70
3 2 8 9 3 12 182
3 2 8 8 9 7 119
3 2 8 7 15 2 43
3 2 8 7 4 13 35
3 2 8 6 10 8 166
3 2 8 5 16 3 68
3 2 8 5 5 14 37
3 2 8 4 11 9 151
3 2 8 4 0 20 93
3 2 8 3 17 4 158
3 2 8 3 6 15 75
3 2 8 2 12 10 11
3 2 8 2 1 21 135
3 2 8 1 18 5 128
3 2 8 1 7 16 93
3 2 8 0 24 0 50
3 2 8 0 13 11 180
3 2 8 0 2 22 137
3 2 7 22 0 3 149
3 2 7 20 1 4 178
3 2 7 18 2 5 36
3 2 7 17 8 0 106
3 2 7 16 3 6 35
3 2 7 15 9 1 26
3 2 7 14 4 7 78
3 2 7 13 10 2 25
3 2 7 12 5 8 39
3 2 7 11 11 3 30
3 2 7 11 0 14 7
3 2 7 10 6 9 162
3 2 7 9 12 4 13
3 2 7 9 1 15 15
3 2 7 8 7 10 91
3 2 7 7 13 5 30
3 2 7 7 2 16 147
3 2 7 6 19 0 175
3 2 7 6 8 11 130
3 2 7 5 14 6 7
3 2 7 5 3 17 50
3 2 7 4 20 1 46
3 2 7 4 9 12 134
3 2 7 3 15 7 75
3 2 7 3 4 18 146
3 2 7 2 21 2 42
3 2 7 2 10 13 106
3 2 7 1 16 8 175
3 2 7 1 5 19 183
3 2 7 0 22 3 2
3 2 7 0 11 14 37
3 2 7 0 0 25 56
3 2 6 23 3 0 72
3 2 6 21 4 1 185
3 2 6 19 5 2 84
3 2 6 18 0 8 137
3 2 6 17 6 3 161
3 2 6 16 1 9 55
3 2 6 15 7 4 171
3 2 6 14 2 10 70
3 2 6 13 8 5 173
3 2 6 12 14 0 167
3 2 6 12 3 11 3
3 2 6 11 9 6 58
3 2 6 10 15 1 13
3 2 6 10 4 12 88
3 2 6 9 10 7 171
3 2 6 8 16 2 117
3 2 6 8 5 13 25
3 2 6 7 11 8 107
3 2 6 7 0 19 100
3 2 6 6 17 3 77
3 2 6 6 6 14 131
3 2 6 5 12 9 50
3 2 6 5 1 20 190
3 2 6 4 18 4 170
3 2 6 4 7 15 12
3 2 6 3 13 10 167
3 2 6 3 2 21 117
3 2 6 2 19 5 52
3 2 6 2 8 16 152
3 2 6 1 25 0 16
3 2 6 1 14 11 141
3 2 6 1 3 22 57
3 2 6 0 20 6 36
3 2 6 0 9 17 164
3 2 5 25 0 2 23
3 2 5 23 1 3 97
3 2 5 21 2 4 54
3 2 5 19 3 5 57
3 2 5 18 9 0 99
3 2 5 17 4 6 134
3 2 5 16 10 1 142
3 2 5 15 5 7 143
3 2 5 14 11 2 163
3 2 5 14 0 13 14
3 2 5 13 6 8 50
3 2 5 12 12 3 142
3 2 5 12 1 14 29
3 2 5 11 7 9 115
3 2 5 10 13 4 6
3 2 5 10 2 15 118
3 2 5 9 8 10 177
3 2 5 8 14 5 188
3 2 5 8 3 16 94
3 2 5 7 20 0 27
3 2 5 7 9 11 80
3 2 5 6 15 6 167
3 2 5 6 4 17 11
3 2 5 5 21 1 75
3 2 5 5 10 12 64
3 2 5 4 16 7 147
3 2 5 4 5 18 3
3 2 5 3 22 2 37
3 2 5 3 11 13 68
3 2 5 3 0 24 171
3 2 5 2 17 8 156
3 2 5 2 6 19 160
3 2 5 1 23 3 91
3 2 5 1 12 14 71
3 2 5 1 1 25 61
3 2 5 0 18 9 89
3 2 5 0 7 20 149
3 2 4 24 4 0 169
3 2 4 22 5 1 137
3 2 4 21 0 7 44
3 2 4 20 6 2 38
3 2 4 19 1 8 76
3 2 4 18 7 3 24
3 2 4 17 2 9 24
3 2 4 16 8 4 76
3 2 4 15 3 10 8
3 2 4 14 9 5 65
3 2 4 13 15 0 11
3 2 4 13 4 11 14
3 2 4 12 10 6 128
3 2 4 11 16 1 187
3 2 4 11 5 12 151
3 2 4 10 11 7 122
3 2 4 10 0 18 166
3 2 4 9 17 2 133
3 2 4 9 6 13 21
3 2 4 8 12 8 166
3 2 4 8 1 19 164
3 2 4 7 18 3 99
3 2 4 7 7 14 69
3 2 4 6 13 9 90
3 2 4 6 2 20 118
3 2 4 5 19 4 90
3 2 4 5 8 15 66
3 2 4 4 14 10 166
3 2 4 4 3 21 19
3 2 4 3 20 5 91
3 2 4 3 9 16 130
3 2 4 2 26 0 176
3 2 4 2 15 11 64
3 2 4 2 4 22 85
3 2 4 1 21 6 190
3 2 4 1 10 17 122
3 2 4 0 27 1 3
3 2 4 0 16 12 16
3 2 4 0 5 23 188
3 2 3 28 0 1 135
3 2 3 26 1 2 159
3 2 3 24 2 3 69
3 2 3 22 3 4 171
3 2 3 20 4 5 140
3 2 3 19 10 0 180
3 2 3 18 5 6 155
3 2 3 17 11 1 103
3 2 3 17 0 12 179
3 2 3 16 6 7 196
3 2 3 15 12 2 143
3 2 3 15 1 13 163
3 2 3 14 7 8 114
3 2 3 13 13 3 100
3 2 3 13 2 14 61
3 2 3 12 8 9 98
3 2 3 11 14 4 107
3 2 3 11 3 15 132
3 2 3 10 9 10 190
3 2 3 9 15 5 183
3 2 3 9 4 16 85
3 2 3 8 21 0 186
3 2 3 8 10 11 54
3 2 3 7 16 6 92
3 2 3 7 5 17 26
3 2 3 6 22 1 4
3 2 3 6 11 12 51
3 2 3 6 0 23 7
3 2 3 5 17 7 193
3 2 3 5 6 18 146
3 2 3 4 23 2 193
3 2 3 4 12 13 115
3 2 3 4 1 24 93
3 2 3 3 18 8 4
3 2 3 3 7 19 94
3 2 3 2 24 3 168
3 2 3 2 13 14 77
3 2 3 2 2 25 41
3 2 3 1 19 9 109
3 2 3 1 8 20 37
3 2 3 0 25 4 64
3 2 3 0 14 15 12
3 2 3 0 3 26 29
3 2 2 25 5 0 109
3 2 2 24 0 6 37
3 2 2 23 6 1 114
3 2 2 22 1 7 128
3 2 2 21 7 2 19
3 2 2 20 2 8 167
3 2 2 19 8 3 106
3 2 2 18 3 9 123
3 2 2 17 9 4 147
3 2 2 16 4 10 42
3 2 2 15 10 5 113
3 2 2 14 16 0 40
3 2 2 14 5 11 94
3 2 2 13 11 6 48
3 2 2 13 0 17 90
3 2 2 12 17 1 50
3 2 2 12 6 12 124
3 2 2 11 12 7 154
3 2 2 11 1 18 134
3 2 2 10 18 2 67
3 2 2 10 7 13 82
3 2 2 9 13 8 108
3 2 2 9 2 19 66
3 2 2 8 19 3 33
3 2 2 8 8 14 88
3 2 2 7 14 9 98
3 2 2 7 3 20 20
3 2 2 6 20 4 51
3 2 2 6 9 15 150
3 2 2 5 15 10 42
3 2 2 5 4 21 96
3 2 2 4 21 5 78
3 2 2 4 10 16 36
3 2 2 3 27 0 75
3 2 2 3 16 11 25
3 2 2 3 5 22 80
3 2 2 2 22 6 188
3 2 2 2 11 17 129
3 2 2 2 0 28 44
3 2 2 1 28 1 73
3 2 2 1 17 12 76
3 2 2 1 6 23 49
3 2 2 0 23 7 182
3 2 2 0 12 18 66
3 2 2 0 1 29 174
3 2 1 31 0 0 19
3 2 1 29 1 1 7
3 2 1 27 2 2 72
3 2 1 25 3 3 48
3 2 1 23 4 4 39
3 2 1 21 5 5 159
3 2 1 20 11 0 33
3 2 1 20 0 11 75
3 2 1 19 6 6 19
3 2 1 18 12 1 178
3 2 1 18 1 12 24
3 2 1 17 7 7 52
3 2 1 16 13 2 67
3 2 1 16 2 13 151
3 2 1 15 8 8 78
3 2 1 14 14 3 160
3 2 1 14 3 14 134
3 2 1 13 9 9 16
3 2 1 12 15 4 83
3 2 1 12 4 15 69
3 2 1 11 10 10 183
3 2 1 10 16 5 119
3 2 1 10 5 16 197
3 2 1 9 22 0 12
3 2 1 9 11 11 83
3 2 1 9 0 22 122
3 2 1 8 17 6 83
3 2 1 8 6 17 163
3 2 1 7 23 1 173
3 2 1 7 12 12 106
3 2 1 7 1 23 151
3 2 1 6 18 7 104
3 2 1 6 7 18 90
3 2 1 5 24 2 187
3 2 1 5 13 13 46
3 2 1 5 2 24 118
3 2 1 4 19 8 177
3 2 1 4 8 19 193
3 2 1 3 25 3 46
3 2 1 3 14 14 61
3 2 1 3 3 25 107
3 2 1 2 20 9 49
3 2 1 2 9 20 19
3 2 1 1 26 4 162
3 2 1 1 15 15 61
3 2 1 1 4 26 195
3 2 1 0 21 10 124
3 2 1 0 10 21 39
3 2 0 27 0 5 25
3 2 0 26 6 0 94
3 2 0 25 1 6 43
3 2 0 24 7 1 189
3 2 0 23 2 7 194
3 2 0 22 8 2 62
3 2 0 21 3 8 36
3 2 0 20 9 3 45
3 2 0 19 4 9 101
3 2 0 18 10 4 140
3 2 0 17 5 10 181
3 2 0 16 11 5 147
3 2 0 16 0 16 52
3 2 0 15 17 0 24
3 2 0 15 6 11 34
3 2 0 14 12 6 21
3 2 0 14 1 17 128
3 2 0 13 18 1 190
3 2 0 13 7 12 2
3 2 0 12 13 7 14
3 2 0 12 2 18 174
3 2 0 11 19 2 31
3 2 0 11 8 13 128
3 2 0 10 14 8 34
3 2 0 10 3 19 181
3 2 0 9 20 3 23
3 2 0 9 9 14 88
3 2 0 8 15 9 19
3 2 0 8 4 20 49
3 2 0 7 21 4 87
3 2 0 7 10 15 27
3 2 0 6 16 10 164
3 2 0 6 5 21 79
3 2 0 5 22 5 120
3 2 0 5 11 16 64
3 2 0 5 0 27 97
3 2 0 4 28 0 133
3 2 0 4 17 11 100
3 2 0 4 6 22 142
3 2 0 3 23 6 103
3 2 0 3 12 17 67
3 2 0 3 1 28 105
3 2 0 2 29 1 96
3 2 0 2 18 12 160
3 2 0 2 7 23 68
3 2 0 1 24 7 191
3 2 0 1 13 18 151
3 2 0 1 2 29 54
3 2 0 0 30 2 24
3 2 0 0 19 13 176
3 2 0 0 8 24 107
3 1 31 1 0 1 69
3 1 29 4 0 0 74
3 1 29 2 1 1 28
3 1 29 0 2 2 36
3 1 28 0 0 5 88
3 1 27 5 1 0 73
3 1 27 3 2 1 62
3 1 27 1 3 2 84
3 1 26 3 0 4 27
3 1 26 1 1 5 128
3 1 26 0 7 0 1
3 1 25 6 2 0 1
3 1 25 4 3 1 13
3 1 25 2 4 2 83
3 1 25 0 5 3 101
3 1 24 6 0 3 147
3 1 24 4 1 4 141
3 1 24 2 2 5 176
3 1 24 1 8 0 15
3 1 24 0 3 6 196
3 1 23 7 3 0 77
3 1 23 5 4 1 95
3 1 23 3 5 2 175
3 1 23 2 0 8 15
3 1 23 1 6 3 56
3 1 23 0 1 9 189
3 1 22 9 0 2 40
3 1 22 7 1 3 82
3 1 22 5 2 4 158
3 1 22 3 3 5 148
3 1 22 2 9 0 24
3 1 22 1 4 6 115
3 1 22 0 10 1 132
3 1 21 8 4 0 144
3 1 21 6 5 1 86
3 1 21 5 0 7 157
3 1 21 4 6 2 160
3 1 21 3 1 8 58
3 1 21 1 2 9 109
3 1 21 0 8 4 120
3 1 20 12 0 1 25
3 1 20 10 1 2 172
3 1 20 8 2 3 12
3 1 20 6 3 4 107
3 1 20 4 4 5 68
3 1 20 3 10 0 4
3 1 20 2 5 6 49
3 1 20 1 11 1 34
3 1 20 1 0 12 93
3 1 20 0 6 7 197
3 1 19 9 5 0 9
3 1 19 8 0 6 101
3 1 19 7 6 1 130
3 1 19 6 1 7 117
3 1 19 5 7 2 85
3 1 19 4 2 8 152
3 1 19 3 8 3 56
3 1 19 2 3 9 99
3 1 19 1 9 4 21
3 1 19 0 4 10 172
3 1 18 15 0 0 153
3 1 18 13 1 1 173
3 1 18 11 2 2 151
3 1 18 9 3 3 39
3 1 18 7 4 4 178
3 1 18 5 5 5 142
3 1 18 4 11 0 11
3 1 18 4 0 11 170
3 1 18 3 6 6 25
3 1 18 2 12 1 29
3 1 18 2 1 12 43
3 1 18 1 7 7 105
3 1 18 0 13 2 17
3 1 18 0 2 13 138
3 1 17 11 0 5 100
3 1 17 10 6 0 110
3 1 17 9 1 6 128
3 1 17 8 7 1 123
3 1 17 7 2 7 176
3 1 17 6 8 2 129
3 1 17 5 3 8 143
3 1 17 4 9 3 147
3 1 17 3 4 9 24
3 1 17 2 10 4 139
3 1 17 1 5 10 19
3 1 17 0 11 5 123
3 1 17 0 0 16 105
3 1 16 16 1 0 158
3 1 16 14 2 1 160
3 1 16 12 3 2 21
3 1 16 10 4 3 59
3 1 16 8 5 4 26
3 1 16 7 0 10 188
3 1 16 6 6 5 62
3 1 16 5 12 0 99
3 1 16 5 1 11 182
3 1 16 4 7 6 49
3 1 16 3 13 1 123
3 1 16 3 2 12 90
3 1 16 2 8 7 188
3 1 16 1 14 2 147
3 1 16 1 3 13 70
3 1 16 0 9 8 16
3 1 15 14 0 4 93
3 1 15 12 1 5 93
3 1 15 11 7 0 91
3 1 15 10 2 6 86
3 1 15 9 8 1 97
3 1 15 8 3 7 49
3 1 15 7 9 2 72
3 1 15 6 4 8 3
3 1 15 5 10 3 49
3 1 15 4 5 9 21
3 1 15 3 11 4 58
3 1 15 3 0 15 193
3 1 15 2 6 10 156
3 1 15 1 12 5 86
3 1 15 1 1 16 131
3 1 15 0 18 0 22
3 1 15 0 7 11 5
3 1 14 17 2 0 63
3 1 14 15 3 1 87
3 1 14 13 4 2 153
3 1 14 11 5 3 75
3 1 14 10 0 9 9
3 1 14 9 6 4 85
3 1 14 8 1 10 57
3 1 14 7 7 5 174
3 1 14 6 13 0 57
3 1 14 6 2 11 38
3 1 14 5 8 6 126
3 1 14 4 14 1 128
3 1 14 4 3 12 161
3 1 14 3 9 7 71
3 1 14 2 15 2 163
3 1 14 2 4 13 9
3 1 14 1 10 8 63
3 1 14 0 16 3 139
3 1 14 0 5 14 48
3 1 13 17 0 3 183
3 1 13 15 1 4 188
3 1 13 13 2 5 53
3 1 13 12 8 0 89
3 1 13 11 3 6 109
3 1 13 10 9 1 27
3 1 13 9 4 7 80
3 1 13 8 10 2 58
3 1 13 7 5 8 51
3 1 13 6 11 3 58
3 1 13 6 0 14 190
3 1 13 5 6 9 29
3 1 13 4 12 4 116
3 1 13 4 1 15 171
3 1 13 3 7 10 158
3 1 13 2 13 5 36
3 1 13 2 2 16 84
3 1 13 1 19 0 198
3 1 13 1 8 11 1
3 1 13 0 14 6 71
3 1 13 0 3 17 75
3 1 12 18 3 0 11
3 1 12 16 4 1 193
3 1 12 14 5 2 136
3 1 12 13 0 8 7
3 1 12 12 6 3 113
3 1 12 11 1 9 85
3 1 12 10 7 4 50
3 1 12 9 2 10 121
3 1 12 8 8 5 171
3 1 12 7 14 0 3
3 1 12 7 3 11 188
3 1 12 6 9 6 22
3 1 12 5 15 1 88
3 1 12 5 4 12 172
3 1 12 4 10 7 18
3 1 12 3 16 2 80
3 1 12 3 5 13 77
3 1 12 2 11 8 8
3 1 12 2 0 19 83
3 1 12 1 17 3 184
3 1 12 1 6 14 180
3 1 12 0 12 9 164
3 1 12 0 1 20 126
3 1 11 20 0 2 196
3 1 11 18 1 3 187
3 1 11 16 2 4 41
3 1 11 14 3 5 163
3 1 11 13 9 0 62
3 1 11 12 4 6 40
3 1 11 11 10 1 153
3 1 11 10 5 7 17
3 1 11 9 11 2 143
3 1 11 9 0 13 195
3 1 11 8 6 8 35
3 1 11 7 12 3 54
3 1 11 7 1 14 18
3 1 11 6 7 9 88
3 1 11 5 13 4 158
3 1 11 5 2 15 17
3 1 11 4 8 10 168
3 1 11 3 14 5 95
3 1 11 3 3 16 174
3 1 11 2 20 0 138
3 1 11 2 9 11 22
3 1 11 1 15 6 30
3 1 11 1 4 17 23
3 1 11 0 21 1 189
3 1 11 0 10 12 85
3 1 10 19 4 0 137
3 1 10 17 5 1 31
3 1 10 16 0 7 168
3 1 10 15 6 2 15
3 1 10 14 1 8 33
3 1 10 13 7 3 178
3 1 10 12 2 9 196
3 1 10 11 8 4 141
3 1 10 10 3 10 100
3 1 10 9 9 5 24
3 1 10 8 15 0 176
3 1 10 8 4 11 12
3 1 10 7 10 6 138
3 1 10 6 16 1 149
3 1 10 6 5 12 85
3 1 10 5 11 7 109
3 1 10 5 0 18 136
3 1 10 4 17 2 143
3 1 10 4 6 13 133
3 1 10 3 12 8 162
3 1 10 3 1 19 141
3 1 10 2 18 3 63
3 1 10 2 7 14 13
3 1 10 1 13 9 90
3 1 10 1 2 20 172
3 1 10 0 19 4 13
3 1 10 0 8 15 83
3 1 9 23 0 1 168
3 1 9 21 1 2 96
3 1 9 19 2 3 60
3 1 9 17 3 4 63
3 1 9 15 4 5 28
3 1 9 14 10 0 168
3 1 9 13 5 6 136
3 1 9 12 11 1 31
3 1 9 12 0 12 68
3 1 9 11 6 7 47
3 1 9 10 12 2 79
3 1 9 10 1 13 19
3 1 9 9 7 8 93
3 1 9 8 13 3 153
3 1 9 8 2 14 159
3 1 9 7 8 9 139
3 1 9 6 14 4 190
3 1 9 6 3 15 183
3 1 9 5 9 10 154
3 1 9 4 4 16 56
3 1 9 3 21 0 11
3 1 9 3 10 11 70
3 1 9 2 16 6 37
3 1 9 2 5 17 148
3 1 9 1 22 1 161
3 1 9 1 11 12 19
3 1 9 1 0 23 150
3 1 9 0 17 7 13
3 1 9 0 6 18 107
3 1 8 20 5 0 29
3 1 8 19 0 6 62
3 1 8 18 6 1 18
3 1 8 17 1 7 142
3 1 8 16 7 2 149
3 1 8 15 2 8 15
3 1 8 14 8 3 33
3 1 8 13 3 9 197
3 1 8 12 9 4 147
3 1 8 11 4 10 9
3 1 8 10 10 5 102
3 1 8 9 16 0 90
3 1 8 9 5 11 75
3 1 8 8 11 6 154
3 1 8 8 0 17 100
3 1 8 7 17 1 168
3 1 8 7 6 12 180
3 1 8 6 12 7 133
3 1 8 6 1 18 192
3 1 8 5 18 2 22
3 1 8 5 7 13 5
3 1 8 4 13 8 126
3 1 8 4 2 19 36
3 1 8 3 19 3 158
3 1 8 3 8 14 76
3 1 8 2 14 9 140
3 1 8 2 3 20 34
3 1 8 1 20 4 44
3 1 8 1 9 15 185
3 1 8 0 15 10 44
3 1 8 0 4 21 39
3 1 7 26 0 0 185
3 1 7 24 1 1 163
3 1 7 22 2 2 164
3 1 7 20 3 3 197
3 1 7 18 4 4 67
3 1 7 16 5 5 84
3 1 7 15 11 0 136
3 1 7 15 0 11 21
3 1 7 14 6 6 75
3 1 7 13 12 1 137
3 1 7 13 1 12 70
3 1 7 12 7 7 61
3 1 7 11 13 2 140
3 1 7 11 2 13 11
3 1 7 10 8 8 172
3 1 7 9 14 3 60
3 1 7 9 3 14 132
3 1 7 8 9 9 22
3 1 7 7 15 4 53
3 1 7 7 4 15 140
3 1 7 6 10 10 196
3 1 7 5 16 5 145
3 1 7 5 5 16 68
3 1 7 4 22 0 97
3 1 7 4 11 11 17
3 1 7 4 0 22 169
3 1 7 3 17 6 188
3 1 7 3 6 17 5
3 1 7 2 23 1 122
3 1 7 2 12 12 172
3 1 7 2 1 23 10
3 1 7 1 18 7 195
3 1 7 1 7 18 104
3 1 7 0 24 2 118
3 1 7 0 13 13 81
3 1 7 0 2 24 191
3 1 6 22 0 5 90
3 1 6 21 6 0 142
3 1 6 20 1 6 120
3 1 6 19 7 1 21
3 1 6 18 2 7 110
3 1 6 17 8 2 99
3 1 6 16 3 8 28
3 1 6 15 9 3 101
3 1 6 14 4 9 150
3 1 6 13 10 4 72
3 1 6 12 5 10 117
3 1 6 11 11 5 183
3 1 6 11 0 16 198
3 1 6 10 17 0 67
3 1 6 10 6 11 75
3 1 6 9 12 6 13
3 1 6 9 1 17 55
3 1 6 8 18 1 184
3 1 6 8 7 12 183
3 1 6 7 13 7 43
3 1 6 7 2 18 19
3 1 6 6 19 2 34
3 1 6 6 8 13 140
3 1 6 5 14 8 131
3 1 6 5 3 19 39
3 1 6 4 20 3 103
3 1 6 4 9 14 86
3 1 6 3 15 9 178
3 1 6 3 4 20 118
3 1 6 2 21 4 98
3 1 6 2 10 15 184
3 1 6 1 16 10 116
3 1 6 1 5 21 173
3 1 6 0 22 5 37
3 1 6 0 11 16 12
3 1 6 0 0 27 86
3 1 5 27 1 0 58
3 1 5 25 2 1 125
3 1 5 23 3 2 125
3 1 5 21 4 3 99
3 1 5 19 5 4 15
3 1 5 18 0 10 134
3 1 5 17 6 5 159
3 1 5 16 12 0 30
3 1 5 16 1 11 59
3 1 5 15 7 6 84
3 1 5 14 13 1 66
3 1 5 14 2 12 187
3 1 5 13 8 7 128
3 1 5 12 14 2 176
3 1 5 12 3 13 85
3 1 5 11 9 8 126
3 1 5 10 15 3 187
3 1 5 10 4 14 143
3 1 5 9 10 9 172
3 1 5 8 16 4 153
3 1 5 8 5 15 40
3 1 5 7 11 10 5
3 1 5 7 0 21 198
3 1 5 6 17 5 18
3 1 5 6 6 16 138
3 1 5 5 23 0 181
3 1 5 5 12 11 169
3 1 5 5 1 22 172
3 1 5 4 18 6 20
3 1 5 4 7 17 133
3 1 5 3 24 1 192
3 1 5 3 13 12 3
3 1 5 3 2 23 14
3 1 5 2 19 7 64
3 1 5 2 8 18 80
3 1 5 1 25 2 56
3 1 5 1 14 13 16
3 1 5 1 3 24 20
3 1 5 0 20 8 33
3 1 5 0 9 19 101
3 1 4 25 0 4 181
3 1 4 23 1 5 81
3 1 4 22 7 0 112
3 1 4 21 2 6 155
3 1 4 20 8 1 171
3 1 4 19 3 7 30
3 1 4 18 9 2 3
3 1 4 17 4 8 190
3 1 4 16 10 3 6
3 1 4 15 5 9 25
3 1 4 14 11 4 105
3 1 4 14 0 15 64
3 1 4 13 6 10 16
3 1 4 12 12 5 42
3 1 4 12 1 16 46
3 1 4 11 18 0 195
3 1 4 11 7 11 149
3 1 4 10 13 6 55
3 1 4 10 2 17 23
3 1 4 9 19 1 157
3 1 4 9 8 12 53
3 1 4 8 14 7 86
3 1 4 8 3 18 82
3 1 4 7 20 2 124
3 1 4 7 9 13 25
3 1 4 6 15 8 1
3 1 4 6 4 19 123
3 1 4 5 21 3 1
3 1 4 5 10 14 170
3 1 4 4 16 9 123
3 1 4 4 5 20 41
3 1 4 3 22 4 109
3 1 4 3 11 15 130
3 1 4 3 0 26 30
3 1 4 2 17 10 134
3 1 4 2 6 21 8
3 1 4 1 23 5 104
3 1 4 1 12 16 45
3 1 4 1 1 27 185
3 1 4 0 29 0 196
3 1 4 0 18 11 4
3 1 4 0 7 22 11
3 1 3 28 2 0 91
3 1 3 26 3 1 106
3 1 3 24 4 2 102
3 1 3 22 5 3 64
3 1 3 21 0 9 104
3 1 3 20 6 4 137
3 1 3 19 1 10 156
3 1 3 18 7 5 33
3 1 3 17 13 0 15
3 1 3 17 2 11 29
3 1 3 16 8 6 4
3 1 3 15 14 1 50
3 1 3 15 3 12 24
3 1 3 14 9 7 61
3 1 3 13 15 2 168
3 1 3 13 4 13 84
3 1 3 12 10 8 43
3 1 3 11 16 3 139
3 1 3 11 5 14 170
3 1 3 10 11 9 60
3 1 3 10 0 20 177
3 1 3 9 17 4 125
3 1 3 9 6 15 17
3 1 3 8 12 10 57
3 1 3 8 1 21 61
3 1 3 7 18 5 176
3 1 3 7 7 16 135
3 1 3 6 24 0 25
3 1 3 6 13 11 148
3 1 3 6 2 22 48
3 1 3 5 19 6 186
3 1 3 5 8 17 112
3 1 3 4 25 1 104
3 1 3 4 14 12 27
3 1 3 4 3 23 87
3 1 3 3 20 7 85
3 1 3 3 9 18 146
3 1 3 2 26 2 80
3 1 3 2 15 13 84
3 1 3 2 4 24 30
3 1 3 1 21 8 3
3 1 3 1 10 19 39
3 1 3 0 27 3 52
3 1 3 0 16 14 95
3 1 3 0 5 25 6
3 1 2 28 0 3 187
3 1 2 26 1 4 130
3 1 2 24 2 5 46
3 1 2 23 8 0 181
3 1 2 22 3 6 112
3 1 2 21 9 1 82
3 1 2 20 4 7 131
3 1 2 19 10 2 55
3 1 2 18 5 8 94
3 1 2 17 11 3 164
3 1 2 17 0 14 84
3 1 2 16 6 9 28
3 1 2 15 12 4 152
3 1 2 15 1 15 98
3 1 2 14 7 10 34
3 1 2 13 13 5 156
3 1 2 13 2 16 4
3 1 2 12 19 0 9
3 1 2 12 8 11 121
3 1 2 11 14 6 150
3 1 2 11 3 17 110
3 1 2 10 9 12 198
3 1 2 9 15 7 120
3 1 2 9 4 18 121
3 1 2 8 21 2 24
3 1 2 8 10 13 98
3 1 2 7 16 8 90
3 1 2 7 5 19 168
3 1 2 6 22 3 124
3 1 2 6 11 14 182
3 1 2 6 0 25 15
3 1 2 5 17 9 133
3 1 2 5 6 20 1
3 1 2 4 23 4 132
3 1 2 4 12 15 111
3 1 2 4 1 26 187
3 1 2 3 18 10 45
3 1 2 3 7 21 5
3 1 2 2 24 5 93
3 1 2 2 13 16 182
3 1 2 2 2 27 58
3 1 2 1 30 0 141
3 1 2 1 19 11 60
3 1 2 1 8 22 69
3 1 2 0 25 6 89
3 1 2 0 14 17 67
3 1 2 0 3 28 148
3 1 1 29 3 0 120
3 1 1 27 4 1 196
3 1 1 25 5 2 7
3 1 1 24 0 8 158
3 1 1 23 6 3 177
3 1 1 22 1 9 80
3 1 1 21 7 4 103
3 1 1 20 2 10 20
3 1 1 19 8 5 126
3 1 1 18 14 0 124
3 1 1 18 3 11 152
3 1 1 17 9 6 12
3 1 1 16 15 1 182
3 1 1 16 4 12 190
3 1 1 15 10 7 183
3 1 1 14 16 2 53
3 1 1 14 5 13 61
3 1 1 13 11 8 43
3 1 1 13 0 19 70
3 1 1 12 17 3 86
3 1 1 12 6 14 9
3 1 1 11 12 9 101
3 1 1 11 1 20 42
3 1 1 10 18 4 172
3 1 1 10 7 15 141
3 1 1 9 13 10 14
3 1 1 9 2 21 95
3 1 1 8 19 5 139
3 1 1 8 8 16 112
3 1 1 7 25 0 155
3 1 1 7 14 11 63
3 1 1 7 3 22 63
3 1 1 6 20 6 186
3 1 1 6 9 17 194
3 1 1 5 26 1 30
3 1 1 5 15 12 189
3 1 1 5 4 23 110
3 1 1 4 21 7 1
3 1 1 4 10 18 120
3 1 1 3 27 2 180
3 1 1 3 16 13 18
3 1 1 3 5 24 20
3 1 1 2 22 8 119
3 1 1 2 11 19 196
3 1 1 2 0 30 179
3 1 1 1 28 3 160
3 1 1 1 17 14 89
3 1 1 1 6 25 30
3 1 1 0 23 9 179
3 1 1 0 12 20 17
3 1 1 0 1 31 17
3 1 0 31 0 2 80
3 1 0 29 1 3 83
3 1 0 27 2 4 164
3 1 0 25 3 5 18
3 1 0 24 9 0 140
3 1 0 23 4 6 126
3 1 0 22 10 1 36
3 1 0 21 5 7 91
3 1 0 20 11 2 140
3 1 0 20 0 13 98
3 1 0 19 6 8 10
3 1 0 18 12 3 34
3 1 0 18 1 14 157
3 1 0 17 7 9 132
3 1 0 16 13 4 29
3 1 0 16 2 15 188
3 1 0 15 8 10 190
3 1 0 14 14 5 171
3 1 0 14 3 16 3
3 1 0 13 20 0 27
3 1 0 13 9 11 39
3 1 0 12 15 6 83
3 1 0 12 4 17 68
3 1 0 11 21 1 194
3 1 0 11 10 12 100
3 1 0 10 16 7 52
3 1 0 10 5 18 81
3 1 0 9 22 2 137
3 1 0 9 11 13 7
3 1 0 9 0 24 174
3 1 0 8 17 8 44
3 1 0 8 6 19 112
3 1 0 7 23 3 112
3 1 0 7 12 14 35
3 1 0 7 1 25 2
3 1 0 6 18 9 36
3 1 0 6 7 20 20
3 1 0 5 24 4 125
3 1 0 5 13 15 68
3 1 0 5 2 26 132
3 1 0 4 19 10 165
3 1 0 4 8 21 150
3 1 0 3 25 5 75
3 1 0 3 14 16 93
3 1 0 3 3 27 191
3 1 0 2 31 0 118
3 1 0 2 20 11 19
3 1 0 2 9 22 138
3 1 0 1 26 6 130
3 1 0 1 15 17 198
3 1 0 1 4 28 25
3 1 0 0 32 1 106
3 1 0 0 21 12 5
3 1 0 0 10 23 100
3 0 33 0 1 0 101
3 0 31 1 2 0 30
3 0 30 1 0 3 70
3 0 29 2 3 0 114
3 0 29 0 4 1 23
3 0 28 4 0 2 113
3 0 28 2 1 3 67
3 0 28 0 2 4 147
3 0 27 3 4 0 137
3 0 27 0 0 7 105
3 0 26 5 1 2 133
3 0 26 3 2 3 54
3 0 26 1 3 4 43
3 0 25 4 5 0 85
3 0 25 3 0 6 187
3 0 25 2 6 1 31
3 0 25 1 1 7 8
3 0 25 0 7 2 88
3 0 24 10 0 0 16
3 0 24 8 1 1 179
3 0 24 6 2 2 141
3 0 24 4 3 3 183
3 0 24 2 4 4 11
3 0 24 0 5 5 32
3 0 23 6 0 5 104
3 0 23 5 6 0 16
3 0 23 4 1 6 179
3 0 23 3 7 1 90
3 0 23 2 2 7 99
3 0 23 1 8 2 186
3 0 23 0 3 8 116
3 0 22 11 1 0 27
3 0 22 9 2 1 37
3 0 22 7 3 2 65
3 0 22 5 4 3 167
3 0 22 3 5 4 104
3 0 22 2 0 10 127
3 0 22 1 6 5 26
3 0 22 0 12 0 11
3 0 22 0 1 11 75
3 0 21 9 0 4 28
3 0 21 7 1 5 135
3 0 21 6 7 0 59
3 0 21 5 2 6 35
3 0 21 4 8 1 164
3 0 21 3 3 7 33
3 0 21 2 9 2 175
3 0 21 1 4 8 53
3 0 21 0 10 3 92
3 0 20 12 2 0 138
3 0 20 10 3 1 78
3 0 20 8 4 2 71
3 0 20 6 5 3 64
3 0 20 5 0 9 82
3 0 20 4 6 4 98
3 0 20 3 1 10 102
3 0 20 2 7 5 144
3 0 20 1 13 0 8
3 0 20 1 2 11 175
3 0 20 0 8 6 187
3 0 19 12 0 3 122
3 0 19 10 1 4 73
3 0 19 8 2 5 64
3 0 19 7 8 0 123
3 0 19 6 3 6 85
3 0 19 5 9 1 175
3 0 19 4 4 7 69
3 0 19 3 10 2 98
3 0 19 2 5 8 72
3 0 19 1 11 3 121
3 0 19 1 0 14 156
3 0 19 0 6 9 74
3 0 18 13 3 0 100
3 0 18 11 4 1 104
3 0 18 9 5 2 104
3 0 18 8 0 8 124
3 0 18 7 6 3 191
3 0 18 6 1 9 73
3 0 18 5 7 4 105
3 0 18 4 2 10 105
3 0 18 3 8 5 84
3 0 18 2 14 0 66
3 0 18 2 3 11 18
3 0 18 1 9 6 196
3 0 18 0 15 1 4
3 0 18 0 4 12 137
3 0 17 15 0 2 171
3 0 17 13 1 3 170
3 0 17 11 2 4 94
3 0 17 9 3 5 166
3 0 17 8 9 0 184
3 0 17 7 4 6 5
3 0 17 6 10 1 6
3 0 17 5 5 7 150
3 0 17 4 11 2 15
3 0 17 4 0 13 52
3 0 17 3 6 8 191
3 0 17 2 12 3 60
3 0 17 2 1 14 100
3 0 17 1 7 9 47
3 0 17 0 13 4 165
3 0 17 0 2 15 193
3 0 16 14 4 0 149
3 0 16 12 5 1 102
3 0 16 11 0 7 185
3 0 16 10 6 2 186
3 0 16 9 1 8 31
3 0 16 8 7 3 135
3 0 16 7 2 9 132
3 0 16 6 8 4 9
3 0 16 5 3 10 186
3 0 16 4 9 5 94
3 0 16 3 15 0 187
3 0 16 3 4 11 69
3 0 16 2 10 6 76
3 0 16 1 16 1 76
3 0 16 1 5 12 198
3 0 16 0 11 7 47
3 0 16 0 0 18 100
3 0 15 18 0 1 143
3 0 15 16 1 2 93
3 0 15 14 2 3 101
3 0 15 12 3 4 113
3 0 15 10 4 5 115
3 0 15 9 10 0 185
3 0 15 8 5 6 124
3 0 15 7 11 1 164
3 0 15 7 0 12 162
3 0 15 6 6 7 14
3 0 15 5 12 2 123
3 0 15 5 1 13 45
3 0 15 4 7 8 190
3 0 15 3 13 3 48
3 0 15 3 2 14 100
3 0 15 2 8 9 96
3 0 15 1 14 4 73
3 0 15 1 3 15 171
3 0 15 0 9 10 37
3 0 14 15 5 0 191
3 0 14 14 0 6 45
3 0 14 13 6 1 173
3 0 14 12 1 7 40
3 0 14 11 7 2 111
3 0 14 10 2 8 118
3 0 14 9 8 3 29
3 0 14 8 3 9 188
3 0 14 7 9 4 47
3 0 14 6 4 10 28
3 0 14 5 10 5 60
3 0 14 4 16 0 33
3 0 14 4 5 11 198
3 0 14 3 11 6 131
3 0 14 3 0 17 134
3 0 14 2 17 1 156
3 0 14 2 6 12 126
3 0 14 1 12 7 144
3 0 14 1 1 18 178
3 0 14 0 18 2 34
3 0 14 0 7 13 119
3 0 13 21 0 0 87
3 0 13 19 1 1 110
3 0 13 17 2 2 111
3 0 13 15 3 3 84
3 0 13 13 4 4 109
3 0 13 11 5 5 178
3 0 13 10 11 0 122
3 0 13 10 0 11 85
3 0 13 9 6 6 64
3 0 13 8 12 1 135
3 0 13 8 1 12 58
3 0 13 7 7 7 176
3 0 13 6 13 2 134
3 0 13 6 2 13 133
3 0 13 5 8 8 7
3 0 13 4 14 3 155
3 0 13 4 3 14 102
3 0 13 3 9 9 11
3 0 13 2 15 4 48
3 0 13 2 4 15 23
3 0 13 1 10 10 121
3 0 13 0 16 5 29
3 0 13 0 5 16 108
3 0 12 17 0 5 193
3 0 12 16 6 0 72
3 0 12 15 1 6 15
3 0 12 14 7 1 38
3 0 12 13 2 7 41
3 0 12 12 8 2 67
3 0 12 11 3 8 91
3 0 12 10 9 3 196
3 0 12 9 4 9 73
3 0 12 8 10 4 139
3 0 12 7 5 10 161
3 0 12 6 0 16 46
3 0 12 5 17 0 135
3 0 12 5 6 11 79
3 0 12 4 12 6 132
3 0 12 4 1 17 68
3 0 12 3 18 1 182
3 0 12 3 7 12 135
3 0 12 2 13 7 13
3 0 12 2 2 18 65
3 0 12 1 19 2 55
3 0 12 1 8 13 159
3 0 12 0 14 8 27
3 0 12 0 3 19 73
3 0 11 22 1 0 146
3 0 11 20 2 1 42
3 0 11 18 3 2 181
3 0 11 16 4 3 32
3 0 11 14 5 4 28
3 0 11 13 0 10 160
3 0 11 12 6 5 8
3 0 11 11 12 0 90
3 0 11 11 1 11 27
3 0 11 10 7 6 103
3 0 11 9 13 1 56
3 0 11 9 2 12 77
3 0 11 8 8 7 61
3 0 11 7 14 2 67
3 0 11 6 9 8 39
3 0 11 5 15 3 126
3 0 11 5 4 14 139
3 0 11 4 10 9 10
3 0 11 3 16 4 80
3 0 11 3 5 15 197
3 0 11 2 11 10 84
3 0 11 2 0 21 175
3 0 11 1 17 5 52
3 0 11 1 6 16 10
3 0 11 0 23 0 122
3 0 11 0 12 11 189
3 0 11 0 1 22 189
3 0 10 20 0 4 19
3 0 10 18 1 5 10
3 0 10 17 7 0 111
3 0 10 16 2 6 149
3 0 10 15 8 1 133
3 0 10 14 3 7 161
3 0 10 13 9 2 90
3 0 10 12 4 8 24
3 0 10 11 10 3 181
3 0 10 10 5 9 8
3 0 10 9 11 4 100
3 0 10 9 0 15 163
3 0 10 8 6 10 22
3 0 10 7 12 5 14
3 0 10 7 1 16 14
3 0 10 6 18 0 5
3 0 10 6 7 11 164
3 0 10 5 13 6 131
3 0 10 5 2 17 116
3 0 10 4 19 1 41
3 0 10 4 8 12 97
3 0 10 3 14 7 65
3 0 10 3 3 18 24
3 0 10 2 20 2 98
3 0 10 2 9 13 39
3 0 10 1 15 8 86
3 0 10 1 4 19 22
3 0 10 0 21 3 177
3 0 10 0 10 14 181
3 0 9 23 2 0 65
3 0 9 21 3 1 95
3 0 9 19 4 2 191
3 0 9 17 5 3 7
3 0 9 16 0 9 94
3 0 9 15 6 4 120
3 0 9 14 1 10 169
3 0 9 13 7 5 148
3 0 9 12 13 0 184
3 0 9 12 2 11 114
3 0 9 11 8 6 197
3 0 9 10 14 1 182
3 0 9 10 3 12 138
3 0 9 9 9 7 69
3 0 9 8 15 2 188
3 0 9 8 4 13 127
3 0 9 7 10 8 122
3 0 9 6 16 3 123
3 0 9 6 5 14 65
3 0 9 5 11 9 82
3 0 9 5 0 20 50
3 0 9 4 17 4 28
3 0 9 4 6 15 73
3 0 9 3 12 10 167
3 0 9 3 1 21 178
3 0 9 2 18 5 97
3 0 9 2 7 16 115
3 0 9 1 24 0 119
3 0 9 1 13 11 80
3 0 9 1 2 22 110
3 0 9 0 19 6 96
3 0 9 0 8 17 35
3 0 8 23 0 3 126
3 0 8 21 1 4 136
3 0 8 19 2 5 155
3 0 8 18 8 0 138
3 0 8 17 3 6 154
3 0 8 16 9 1 8
3 0 8 15 4 7 113
3 0 8 14 10 2 23
3 0 8 13 5 8 21
3 0 8 12 11 3 27
3 0 8 12 0 14 140
3 0 8 11 6 9 70
3 0 8 10 12 4 87
3 0 8 10 1 15 110
3 0 8 9 7 10 176
3 0 8 8 13 5 87
3 0 8 8 2 16 3
3 0 8 7 19 0 24
3 0 8 7 8 11 21
3 0 8 6 14 6 164
3 0 8 6 3 17 115
3 0 8 5 20 1 46
3 0 8 5 9 12 26
3 0 8 4 15 7 187
3 0 8 4 4 18 92
3 0 8 3 21 2 175
3 0 8 3 10 13 64
3 0 8 2 16 8 177
3 0 8 2 5 19 11
3 0 8 1 22 3 99
3 0 8 1 11 14 13
3 0 8 1 0 25 117
3 0 8 0 17 9 90
3 0 8 0 6 20 62
3 0 7 24 3 0 130
3 0 7 22 4 1 18
3 0 7 20 5 2 10
3 0 7 19 0 8 154
3 0 7 18 6 3 125
3 0 7 17 1 9 34
3 0 7 16 7 4 127
3 0 7 15 2 10 144
3 0 7 14 8 5 61
3 0 7 13 14 0 194
3 0 7 13 3 11 37
3 0 7 12 9 6 39
3 0 7 11 15 1 32
3 0 7 11 4 12 74
3 0 7 10 10 7 81
3 0 7 9 16 2 6
3 0 7 9 5 13 145
3 0 7 8 11 8 141
3 0 7 8 0 19 87
3 0 7 7 17 3 88
3 0 7 7 6 14 158
3 0 7 6 12 9 89
3 0 7 6 1 20 60
3 0 7 5 18 4 150
3 0 7 5 7 15 138
3 0 7 4 13 10 29
3 0 7 4 2 21 12
3 0 7 3 19 5 88
3 0 7 3 8 16 7
3 0 7 2 25 0 144
3 0 7 2 14 11 128
3 0 7 2 3 22 164
3 0 7 1 20 6 159
3 0 7 1 9 17 176
3 0 7 0 26 1 19
3 0 7 0 15 12 48
3 0 7 0 4 23 122
3 0 6 26 0 2 48
3 0 6 24 1 3 146
3 0 6 22 2 4 166
3 0 6 20 3 5 123
3 0 6 19 9 0 96
3 0 6 18 4 6 60
3 0 6 17 10 1 113
3 0 6 16 5 7 145
3 0 6 15 11 2 197
3 0 6 15 0 13 102
3 0 6 14 6 8 174
3 0 6 13 12 3 162
3 0 6 13 1 14 197
3 0 6 12 7 9 76
3 0 6 11 13 4 41
3 0 6 11 2 15 175
3 0 6 10 8 10 16
3 0 6 9 14 5 159
3 0 6 9 3 16 121
3 0 6 8 20 0 141
3 0 6 8 9 11 194
3 0 6 7 15 6 76
3 0 6 7 4 17 93
3 0 6 6 21 1 146
3 0 6 6 10 12 43
3 0 6 5 16 7 124
3 0 6 5 5 18 116
3 0 6 4 22 2 34
3 0 6 4 11 13 127
3 0 6 4 0 24 61
3 0 6 3 17 8 53
3 0 6 3 6 19 61
3 0 6 2 23 3 14
3 0 6 2 12 14 84
3 0 6 2 1 25 176
3 0 6 1 18 9 26
3 0 6 1 7 20 61
3 0 6 0 24 4 193
3 0 6 0 13 15 83
3 0 6 0 2 26 114
3 0 5 25 4 0 62
3 0 5 23 5 1 31
3 0 5 22 0 7 117
3 0 5 21 6 2 107
3 0 5 20 1 8 112
3 0 5 19 7 3 133
3 0 5 18 2 9 128
3 0 5 17 8 4 13
3 0 5 16 3 10 116
3 0 5 15 9 5 149
3 0 5 14 15 0 12
3 0 5 14 4 11 165
3 0 5 13 10 6 197
3 0 5 12 16 1 75
3 0 5 12 5 12 87
3 0 5 11 11 7 157
3 0 5 11 0 18 160
3 0 5 10 17 2 54
3 0 5 10 6 13 6
3 0 5 9 12 8 35
3 0 5 9 1 19 186
3 0 5 8 18 3 194
3 0 5 8 7 14 91
3 0 5 7 13 9 13
3 0 5 7 2 20 4
3 0 5 6 19 4 23
3 0 5 6 8 15 50
3 0 5 5 14 10 107
3 0 5 5 3 21 68
3 0 5 4 20 5 96
3 0 5 4 9 16 184
3 0 5 3 26 0 92
3 0 5 3 15 11 5
3 0 5 3 4 22 45
3 0 5 2 21 6 1
3 0 5 2 10 17 196
3 0 5 1 27 1 77
3 0 5 1 16 12 52
3 0 5 1 5 23 46
3 0 5 0 22 7 98
3 0 5 0 11 18 163
3 0 5 0 0 29 8
3 0 4 29 0 1 154
3 0 4 27 1 2 100
3 0 4 25 2 3 148
3 0 4 23 3 4 184
3 0 4 21 4 5 55
3 0 4 20 10 0 90
3 0 4 19 5 6 159
3 0 4 18 11 1 149
3 0 4 18 0 12 145
3 0 4 17 6 7 90
3 0 4 16 12 2 118
3 0 4 16 1 13 91
3 0 4 15 7 8 18
3 0 4 14 13 3 105
3 0 4 14 2 14 176
3 0 4 13 8 9 50
3 0 4 12 14 4 131
3 0 4 12 3 15 88
3 0 4 11 9 10 146
3 0 4 10 15 5 157
3 0 4 10 4 16 147
3 0 4 9 21 0 35
3 0 4 9 10 11 129
3 0 4 8 16 6 144
3 0 4 8 5 17 55
3 0 4 7 22 1 169
3 0 4 7 11 12 33
3 0 4 7 0 23 54
3 0 4 6 17 7 52
3 0 4 6 6 18 72
3 0 4 5 23 2 119
3 0 4 5 12 13 187
3 0 4 5 1 24 32
3 0 4 4 18 8 159
3 0 4 4 7 19 18
3 0 4 3 24 3 128
3 0 4 3 13 14 185
3 0 4 3 2 25 125
3 0 4 2 19 9 13
3 0 4 2 8 20 38
3 0 4 1 25 4 75
3 0 4 1 14 15 111
3 0 4 1 3 26 170
3 0 4 0 20 10 195
3 0 4 0 9 21 107
3 0 3 26 5 0 183
3 0 3 25 0 6 150
3 0 3 24 6 1 175
3 0 3 23 1 7 138
3 0 3 22 7 2 178
3 0 3 21 2 8 80
3 0 3 20 8 3 117
3 0 3 19 3 9 89
3 0 3 18 9 4 112
3 0 3 17 4 10 194
3 0 3 16 10 5 182
3 0 3 15 16 0 69
3 0 3 15 5 11 123
3 0 3 14 11 6 183
3 0 3 14 0 17 174
3 0 3 13 17 1 149
3 0 3 13 6 12 196
3 0 3 12 12 7 82
3 0 3 12 1 18 189
3 0 3 11 18 2 75
3 0 3 11 7 13 128
3 0 3 10 13 8 68
3 0 3 10 2 19 41
3 0 3 9 19 3 188
3 0 3 9 8 14 96
3 0 3 8 14 9 156
3 0 3 8 3 20 51
3 0 3 7 20 4 129
3 0 3 7 9 15 195
3 0 3 6 15 10 17
3 0 3 6 4 21 178
3 0 3 5 21 5 152
3 0 3 5 10 16 182
3 0 3 4 27 0 26
3 0 3 4 16 11 68
3 0 3 4 5 22 182
3 0 3 3 22 6 85
3 0 3 3 11 17 92
3 0 3 3 0 28 198
3 0 3 2 28 1 162
3 0 3 2 17 12 174
3 0 3 2 6 23 173
3 0 3 1 23 7 95
3 0 3 1 12 18 187
3 0 3 1 1 29 108
3 0 3 0 29 2 37
3 0 3 0 18 13 100
3 0 3 0 7 24 37
3 0 2 32 0 0 22
3 0 2 30 1 1 95
3 0 2 28 2 2 73
3 0 2 26 3 3 93
3 0 2 24 4 4 183
3 0 2 22 5 5 74
3 0 2 21 11 0 3
3 0 2 21 0 11 151
3 0 2 20 6 6 31
3 0 2 19 12 1 192
3 0 2 19 1 12 163
3 0 2 18 7 7 37
3 0 2 17 13 2 79
3 0 2 17 2 13 35
3 0 2 16 8 8 12
3 0 2 15 14 3 178
3 0 2 15 3 14 171
3 0 2 14 9 9 173
3 0 2 13 15 4 35
3 0 2 13 4 15 171
3 0 2 12 10 10 26
3 0 2 11 16 5 181
3 0 2 11 5 16 163
3 0 2 10 22 0 171
3 0 2 10 11 11 135
3 0 2 10 0 22 74
3 0 2 9 17 6 184
3 0 2 9 6 17 62
3 0 2 8 23 1 6
3 0 2 8 12 12 63
3 0 2 8 1 23 164
3 0 2 7 18 7 137
3 0 2 7 7 18 106
3 0 2 6 24 2 36
3 0 2 6 13 13 4
3 0 2 6 2 24 59
3 0 2 5 19 8 19
3 0 2 5 8 19 194
3 0 2 4 25 3 39
3 0 2 4 14 14 149
3 0 2 4 3 25 165
3 0 2 3 20 9 130
3 0 2 3 9 20 77
3 0 2 2 26 4 40
3 0 2 2 15 15 76
3 0 2 2 4 26 158
3 0 2 1 21 10 92
3 0 2 1 10 21 156
3 0 2 0 27 5 108
3 0 2 0 16 16 196
3 0 2 0 5 27 139
3 0 1 28 0 5 56
3 0 1 27 6 0 128
3 0 1 26 1 6 48
3 0 1 25 7 1 119
3 0 1 23 8 2 12
3 0 1 22 3 8 144
3 0 1 21 9 3 43
3 0 1 20 4 9 196
3 0 1 19 10 4 6
3 0 1 18 5 10 77
3 0 1 17 0 16 191
3 0 1 16 17 0 41
3 0 1 16 6 11 142
3 0 1 15 12 6 71
3 0 1 15 1 17 3
3 0 1 14 18 1 189
3 0 1 14 7 12 22
3 0 1 13 13 7 174
3 0 1 13 2 18 182
3 0 1 12 19 2 57
3 0 1 12 8 13 144
3 0 1 11 14 8 182
3 0 1 11 3 19 74
3 0 1 10 20 3 129
3 0 1 10 9 14 189
3 0 1 9 15 9 2
3 0 1 9 4 20 74
3 0 1 8 21 4 59
3 0 1 8 10 15 190
3 0 1 7 16 10 6
3 0 1 7 5 21 177
3 0 1 6 22 5 91
3 0 1 6 11 16 140
3 0 1 6 0 27 13
3 0 1 5 28 0 54
3 0 1 5 17 11 31
3 0 1 5 6 22 91
3 0 1 4 23 6 175
3 0 1 4 12 17 153
3 0 1 4 1 28 159
3 0 1 3 29 1 36
3 0 1 3 18 12 25
3 0 1 3 7 23 64
3 0 1 2 24 7 34
3 0 1 2 13 18 168
3 0 1 2 2 29 26
3 0 1 1 30 2 138
3 0 1 1 19 13 110
3 0 1 1 8 24 52
3 0 1 0 14 19 88
3 0 1 0 3 30 104
3 0 0 33 1 0 178
3 0 0 31 2 1 29
3 0 0 29 3 2 94
3 0 0 27 4 3 1
3 0 0 25 5 4 70
3 0 0 24 0 10 80
3 0 0 23 6 5 167
3 0 0 22 12 0 169
3 0 0 22 1 11 179
3 0 0 21 7 6 21
3 0 0 20 13 1 8
3 0 0 20 2 12 179
3 0 0 19 8 7 36
3 0 0 18 14 2 76
3 0 0 18 3 13 61
3 0 0 17 9 8 181
3 0 0 16 15 3 66
3 0 0 16 4 14 24
3 0 0 15 10 9 15
3 0 0 14 16 4 142
3 0 0 14 5 15 146
3 0 0 13 11 10 41
3 0 0 13 0 21 42
3 0 0 12 17 5 198
3 0 0 12 6 16 24
3 0 0 11 23 0 194
3 0 0 11 12 11 116
3 0 0 11 1 22 161
3 0 0 10 18 6 5
3 0 0 10 7 17 7
3 0 0 9 24 1 75
3 0 0 9 13 12 40
3 0 0 9 2 23 13
3 0 0 8 19 7 73
3 0 0 8 8 18 170
3 0 0 7 25 2 126
3 0 0 7 14 13 31
3 0 0 7 3 24 12
3 0 0 6 20 8 84
3 0 0 6 9 19 117
3 0 0 5 26 3 41
3 0 0 5 15 14 110
3 0 0 5 4 25 59
3 0 0 4 21 9 5
3 0 0 4 10 20 33
3 0 0 3 27 4 198
3 0 0 3 16 15 40
3 0 0 3 5 26 11
3 0 0 2 22 10 115
3 0 0 2 11 21 91
3 0 0 2 0 32 192
3 0 0 1 28 5 172
3 0 0 1 17 16 120
3 0 0 1 6 27 9
3 0 0 0 34 0 156
3 0 0 0 23 11 89
3 0 0 0 12 22 112
3 0 0 0 1 33 81
4 33 0 0 0 1 81
4 32 0 0 2 0 192
4 31 1 1 0 1 17
4 30 3 0 1 0 5
4 30 1 1 2 0 179
4 30 0 1 0 3 104
4 29 2 2 0 1 174
4 29 2 0 1 2 54
4 29 0 5 0 0 8
4 29 0 3 1 1 108
4 29 0 1 2 2 26
4 28 6 0 0 0 108
4 28 4 1 1 0 194
4 28 2 2 2 0 44
4 28 2 0 3 1 105
4 28 1 2 0 3 148
4 28 1 0 1 4 25
4 28 0 3 3 0 198
4 28 0 1 4 1 159
4 27 5 0 0 2 67
4 27 3 3 0 1 41
4 27 3 1 1 2 195
4 27 2 0 5 0 97
4 27 1 6 0 0 86
4 27 1 4 1 1 185
4 27 1 2 2 2 58
4 27 1 0 3 3 191
4 27 0 2 0 5 139
4 27 0 1 6 0 13
4 27 0 0 1 6 9
4 26 7 1 0 0 71
4 26 5 2 1 0 64
4 26 5 0 2 1 70
4 26 4 0 0 4 151
4 26 3 3 2 0 81
4 26 3 1 3 1 44
4 26 2 3 0 3 29
4 26 2 1 1 4 195
4 26 1 4 3 0 30
4 26 1 2 4 1 187
4 26 1 0 5 2 132
4 26 0 6 0 2 114
4 26 0 4 1 3 170
4 26 0 2 2 4 158
4 26 0 0 3 5 11
4 25 6 1 0 2 120
4 25 5 0 4 0 177
4 25 4 4 0 1 190
4 25 4 2 1 2 59
4 25 4 0 2 3 82
4 25 3 1 5 0 58
4 25 3 0 0 6 171
4 25 2 7 0 0 56
4 25 2 5 1 1 61
4 25 2 3 2 2 41
4 25 2 1 3 3 107
4 25 1 3 0 5 6
4 25 1 2 6 0 15
4 25 1 1 1 6 30
4 25 1 0 7 1 2
4 25 0 8 1 0 117
4 25 0 6 2 1 176
4 25 0 4 3 2 125
4 25 0 2 4 3 165
4 25 0 0 5 4 59
4 24 8 2 0 0 107
4 24 8 0 1 1 9
4 24 6 3 1 0 42
4 24 6 1 2 1 186
4 24 5 1 0 4 100
4 24 4 4 2 0 58
4 24 4 2 3 1 142
4 24 4 0 4 2 159
4 24 3 4 0 3 43
4 24 3 2 1 4 101
4 24 3 0 2 5 167
4 24 2 5 3 0 171
4 24 2 3 4 1 93
4 24 2 1 5 2 118
4 24 2 0 0 8 107
4 24 1 7 0 2 191
4 24 1 5 1 3 20
4 24 1 3 2 4 30
4 24 1 1 3 5 20
4 24 1 0 9 0 174
4 24 0 6 4 0 61
4 24 0 4 5 1 32
4 24 0 3 0 7 37
4 24 0 2 6 2 59
4 24 0 1 1 8 52
4 24 0 0 7 3 12
4 23 8 0 3 0 153
4 23 7 2 0 2 47
4 23 7 0 1 3 12
4 23 6 1 4 0 17
4 23 5 5 0 1 58
4 23 5 3 1 2 162
4 23 5 1 2 3 2
4 23 4 2 5 0 42
4 23 4 1 0 6 127
4 23 4 0 6 1 8
4 23 3 8 0 0 126
4 23 3 6 1 1 175
4 23 3 4 2 2 140
4 23 3 2 3 3 192
4 23 3 0 4 4 164
4 23 2 4 0 5 188
4 23 2 3 6 0 7
4 23 2 2 1 6 49
4 23 2 1 7 1 151
4 23 2 0 2 7 68
4 23 1 9 1 0 150
4 23 1 7 2 1 10
4 23 1 5 3 2 14
4 23 1 3 4 3 87
4 23 1 1 5 4 110
4 23 1 0 0 10 100
4 23 0 7 0 4 122
4 23 0 5 1 5 46
4 23 0 4 7 0 54
4 23 0 3 2 6 173
4 23 0 2 8 1 164
4 23 0 1 3 7 64
4 23 0 0 9 2 13
4 22 11 0 0 1 169
4 22 9 3 0 0 170
4 22 9 1 1 1 75
4 22 7 4 1 0 155
4 22 7 2 2 1 147
4 22 7 0 3 2 116
4 22 6 2 0 4 35
4 22 6 0 1 5 137
4 22 5 5 2 0 172
4 22 5 3 3 1 36
4 22 5 1 4 2 153
4 22 4 5 0 3 14
4 22 4 3 1 4 127
4 22 4 1 2 5 189
4 22 4 0 8 0 92
4 22 3 6 3 0 107
4 22 3 4 4 1 27
4 22 3 2 5 2 8
4 22 3 1 0 8 54
4 22 2 8 0 2 137
4 22 2 6 1 3 57
4 22 2 4 2 4 85
4 22 2 2 3 5 80
4 22 2 1 9 0 122
4 22 2 0 4 6 142
4 22 1 7 4 0 169
4 22 1 5 5 1 172
4 22 1 4 0 7 11
4 22 1 3 6 2 48
4 22 1 2 1 8 69
4 22 1 1 7 3 63
4 22 1 0 2 9 138
4 22 0 11 0 1 189
4 22 0 9 1 2 110
4 22 0 7 2 3 164
4 22 0 5 3 4 45
4 22 0 3 4 5 182
4 22 0 2 10 0 74
4 22 0 1 5 6 91
4 22 0 0 11 1 161
4 22 0 0 0 12 112
4 21 11 0 2 0 161
4 21 10 0 0 3 123
4 21 9 1 3 0 131
4 21 8 3 0 2 76
4 21 8 1 1 3 52
4 21 7 2 4 0 35
4 21 7 0 5 1 57
4 21 6 6 0 1 154
4 21 6 4 1 2 190
4 21 6 2 2 3 188
4 21 6 0 3 4 30
4 21 5 3 5 0 1
4 21 5 2 0 6 149
4 21 5 1 6 1 37
4 21 5 0 1 7 25
4 21 4 9 0 0 178
4 21 4 7 1 1 86
4 21 4 5 2 2 79
4 21 4 3 3 3 56
4 21 4 1 4 4 29
4 21 3 5 0 5 15
4 21 3 4 6 0 123
4 21 3 3 1 6 28
4 21 3 2 7 1 109
4 21 3 1 2 7 85
4 21 3 0 8 2 126
4 21 2 10 1 0 12
4 21 2 8 2 1 135
4 21 2 6 3 2 117
4 21 2 4 4 3 19
4 21 2 2 5 4 96
4 21 2 1 0 10 39
4 21 2 0 6 5 79
4 21 1 8 0 4 39
4 21 1 6 1 5 173
4 21 1 5 7 0 198
4 21 1 4 2 6 8
4 21 1 3 8 1 61
4 21 1 2 3 7 5
4 21 1 1 9 2 95
4 21 1 0 4 8 150
4 21 0 11 2 0 175
4 21 0 9 3 1 178
4 21 0 7 4 2 12
4 21 0 5 5 3 68
4 21 0 4 0 9 107
4 21 0 3 6 4 178
4 21 0 2 1 10 156
4 21 0 1 7 5 177
4 21 0 0 13 0 42
4 21 0 0 2 11 91
4 20 12 1 0 1 29
4 20 10 4 0 0 125
4 20 10 2 1 1 58
4 20 10 0 2 2 124
4 20 9 0 0 5 182
4 20 8 5 1 0 89
4 20 8 3 2 1 131
4 20 8 1 3 2 173
4 20 7 3 0 4 176
4 20 7 1 1 5 11
4 20 7 0 7 0 41
4 20 6 6 2 0 150
4 20 6 4 3 1 32
4 20 6 2 4 2 58
4 20 6 0 5 3 34
4 20 5 6 0 3 34
4 20 5 4 1 4 153
4 20 5 2 2 5 140
4 20 5 1 8 0 139
4 20 5 0 3 6 143
4 20 4 7 3 0 77
4 20 4 5 4 1 111
4 20 4 3 5 2 196
4 20 4 2 0 8 50
4 20 4 1 6 3 52
4 20 4 0 1 9 180
4 20 3 9 0 2 115
4 20 3 7 1 3 186
4 20 3 5 2 4 147
4 20 3 3 3 5 20
4 20 3 2 9 0 29
4 20 3 1 4 6 53
4 20 3 0 10 1 139
4 20 2 8 4 0 93
4 20 2 6 5 1 190
4 20 2 5 0 7 149
4 20 2 4 6 2 118
4 20 2 3 1 8 37
4 20 2 2 7 3 20
4 20 2 1 2 9 19
4 20 2 0 8 4 49
4 20 1 12 0 1 126
4 20 1 10 1 2 172
4 20 1 8 2 3 34
4 20 1 6 3 4 118
4 20 1 4 4 5 41
4 20 1 3 10 0 177
4 20 1 2 5 6 1
4 20 1 1 11 1 42
4 20 1 1 0 12 17
4 20 1 0 6 7 20
4 20 0 9 5 0 50
4 20 0 8 0 6 62
4 20 0 7 6 1 60
4 20 0 6 1 7 61
4 20 0 5 7 2 4
4 20 0 4 2 8 38
4 20 0 3 8 3 51
4 20 0 2 3 9 77
4 20 0 1 9 4 74
4 20 0 0 4 10 33
4 19 14 0 1 0 86
4 19 12 1 2 0 173
4 19 11 1 0 3 110
4 19 10 2 3 0 74
4 19 10 0 4 1 103
4 19 9 4 0 2 170
4 19 9 2 1 3 130
4 19 9 0 2 4 129
4 19 8 3 4 0 52
4 19 8 1 5 1 124
4 19 8 0 0 7 118
4 19 7 7 0 1 39
4 19 7 5 1 2 93
4 19 7 3 2 3 57
4 19 7 1 3 4 128
4 19 6 4 5 0 190
4 19 6 3 0 6 178
4 19 6 2 6 1 72
4 19 6 1 1 7 119
4 19 6 0 7 2 12
4 19 5 10 0 0 145
4 19 5 8 1 1 35
4 19 5 6 2 2 105
4 19 5 4 3 3 43
4 19 5 2 4 4 168
4 19 5 0 5 5 88
4 19 4 6 0 5 20
4 19 4 5 6 0 92
4 19 4 4 1 6 31
4 19 4 3 7 1 46
4 19 4 2 2 7 20
4 19 4 1 8 2 19
4 19 4 0 3 8 59
4 19 3 11 1 0 93
4 19 3 9 2 1 51
4 19 3 7 3 2 39
4 19 3 5 4 3 191
4 19 3 3 5 4 108
4 19 3 2 0 10 169
4 19 3 1 6 5 184
4 19 3 0 12 0 179
4 19 3 0 1 11 96
4 19 2 9 0 4 137
4 19 2 7 1 5 183
4 19 2 6 7 0 100
4 19 2 5 2 6 160
4 19 2 4 8 1 164
4 19 2 3 3 7 94
4 19 2 2 9 2 66
4 19 2 1 4 8 193
4 19 2 0 10 3 181
4 19 1 12 2 0 83
4 19 1 10 3 1 141
4 19 1 8 4 2 36
4 19 1 6 5 3 39
4 19 1 5 0 9 101
4 19 1 4 6 4 123
4 19 1 3 1 10 39
4 19 1 2 7 5 168
4 19 1 1 13 0 70
4 19 1 1 2 11 196
4 19 1 0 8 6 112
4 19 0 12 0 3 73
4 19 0 10 1 4 22
4 19 0 8 2 5 11
4 19 0 7 8 0 87
4 19 0 6 3 6 61
4 19 0 5 9 1 186
4 19 0 4 4 7 18
4 19 0 3 10 2 41
4 19 0 2 5 8 194
4 19 0 1 11 3 74
4 19 0 1 0 14 88
4 19 0 0 6 9 117
4 18 13 2 0 1 139
4 18 13 0 1 2 40
4 18 11 5 0 0 29
4 18 11 3 1 1 174
4 18 11 1 2 2 111
4 18 10 1 0 5 79
4 18 10 0 6 0 185
4 18 9 6 1 0 90
4 18 9 4 2 1 10
4 18 9 2 3 2 26
4 18 9 0 4 3 34
4 18 8 4 0 4 193
4 18 8 2 1 5 35
4 18 8 1 7 0 139
4 18 8 0 2 6 62
4 18 7 7 2 0 76
4 18 7 5 3 1 143
4 18 7 3 4 2 122
4 18 7 1 5 3 116
4 18 7 0 0 9 7
4 18 6 7 0 3 121
4 18 6 5 1 4 66
4 18 6 3 2 5 154
4 18 6 2 8 0 71
4 18 6 1 3 6 16
4 18 6 0 9 1 2
4 18 5 8 3 0 145
4 18 5 6 4 1 10
4 18 5 4 5 2 74
4 18 5 3 0 8 16
4 18 5 2 6 3 103
4 18 5 1 1 9 196
4 18 5 0 7 4 45
4 18 4 10 0 2 9
4 18 4 8 1 3 174
4 18 4 6 2 4 142
4 18 4 4 3 5 71
4 18 4 3 9 0 71
4 18 4 2 4 6 103
4 18 4 1 10 1 79
4 18 4 0 5 7 170
4 18 3 9 4 0 10
4 18 3 6 0 7 129
4 18 3 5 6 2 143
4 18 3 4 1 8 30
4 18 3 3 7 3 165
4 18 3 2 2 9 190
4 18 3 1 8 4 35
4 18 3 0 3 10 162
4 18 2 13 0 1 98
4 18 2 11 1 2 21
4 18 2 9 2 3 54
4 18 2 7 3 4 146
4 18 2 5 4 5 3
4 18 2 4 10 0 166
4 18 2 3 5 6 146
4 18 2 2 11 1 134
4 18 2 2 0 12 66
4 18 2 1 6 7 90
4 18 2 0 12 2 174
4 18 2 0 1 13 151
4 18 1 10 5 0 136
4 18 1 9 0 6 107
4 18 1 8 6 1 192
4 18 1 7 1 7 104
4 18 1 6 7 2 19
4 18 1 5 2 8 80
4 18 1 4 8 3 82
4 18 1 3 3 9 146
4 18 1 2 9 4 121
4 18 1 1 4 10 120
4 18 1 0 10 5 81
4 18 0 16 0 0 100
4 18 0 14 1 1 178
4 18 0 12 2 2 65
4 18 0 10 3 3 24
4 18 0 8 4 4 92
4 18 0 6 5 5 116
4 18 0 5 11 0 160
4 18 0 5 0 11 163
4 18 0 4 6 6 72
4 18 0 3 12 1 189
4 18 0 3 1 12 187
4 18 0 2 7 7 106
4 18 0 1 13 2 182
4 18 0 1 2 13 168
4 18 0 0 8 8 170
4 17 17 0 0 0 14
4 17 15 1 1 0 11
4 17 13 2 2 0 148
4 17 13 0 3 1 110
4 17 12 2 0 3 32
4 17 12 0 1 4 147
4 17 11 3 3 0 52
4 17 11 1 4 1 103
4 17 10 5 0 2 55
4 17 10 3 1 3 155
4 17 10 1 2 4 42
4 17 9 4 4 0 120
4 17 9 2 5 1 179
4 17 9 1 0 7 56
4 17 9 0 6 2 129
4 17 8 8 0 1 124
4 17 8 6 1 2 113
4 17 8 4 2 3 112
4 17 8 2 3 4 25
4 17 8 0 4 5 26
4 17 7 5 5 0 75
4 17 7 4 0 6 182
4 17 7 3 6 1 111
4 17 7 2 1 7 38
4 17 7 1 7 2 56
4 17 7 0 2 8 78
4 17 6 11 0 0 167
4 17 6 9 1 1 123
4 17 6 7 2 2 32
4 17 6 5 3 3 141
4 17 6 3 4 4 180
4 17 6 1 5 5 190
4 17 6 0 11 0 175
4 17 6 0 0 11 83
4 17 5 7 0 5 78
4 17 5 6 6 0 111
4 17 5 5 1 6 39
4 17 5 4 7 1 104
4 17 5 3 2 7 48
4 17 5 2 8 2 172
4 17 5 1 3 8 26
4 17 5 0 9 3 76
4 17 4 12 1 0 66
4 17 4 10 2 1 48
4 17 4 8 3 2 61
4 17 4 6 4 3 117
4 17 4 4 5 4 25
4 17 4 3 0 10 93
4 17 4 2 6 5 97
4 17 4 1 12 0 159
4 17 4 1 1 11 164
4 17 4 0 7 6 73
4 17 3 10 0 4 31
4 17 3 8 1 5 11
4 17 3 7 7 0 80
4 17 3 6 2 6 9
4 17 3 5 8 1 104
4 17 3 4 3 7 194
4 17 3 3 9 2 148
4 17 3 2 4 8 162
4 17 3 1 10 3 184
4 17 3 0 5 9 134
4 17 2 13 2 0 16
4 17 2 11 3 1 24
4 17 2 9 4 2 54
4 17 2 7 5 3 50
4 17 2 6 0 9 164
4 17 2 5 6 4 11
4 17 2 4 1 10 122
4 17 2 3 7 5 26
4 17 2 2 13 0 90
4 17 2 2 2 11 129
4 17 2 1 8 6 163
4 17 2 0 14 1 128
4 17 2 0 3 12 67
4 17 1 13 0 3 75
4 17 1 11 1 4 23
4 17 1 9 2 5 148
4 17 1 8 8 0 100
4 17 1 7 3 6 5
4 17 1 6 9 1 55
4 17 1 5 4 7 133
4 17 1 4 10 2 23
4 17 1 3 5 8 112
4 17 1 2 11 3 110
4 17 1 2 0 14 67
4 17 1 1 6 9 194
4 17 1 0 12 4 68
4 17 1 0 1 15 198
4 17 0 14 3 0 134
4 17 0 12 4 1 68
4 17 0 10 5 2 116
4 17 0 9 0 8 35
4 17 0 8 6 3 115
4 17 0 7 1 9 176
4 17 0 6 7 4 93
4 17 0 5 2 10 196
4 17 0 4 8 5 55
4 17 0 3 14 0 174
4 17 0 3 3 11 92
4 17 0 2 9 6 62
4 17 0 1 15 1 3
4 17 0 1 4 12 153
4 17 0 0 10 7 7
4 16 16 0 0 2 146
4 16 14 3 0 1 178
4 16 14 1 1 2 72
4 16 13 0 5 0 189
4 16 12 6 0 0 34
4 16 12 4 1 1 149
4 16 12 2 2 2 188
4 16 12 0 3 3 38
4 16 11 2 0 5 194
4 16 11 1 6 0 109
4 16 11 0 1 6 68
4 16 10 7 1 0 181
4 16 10 5 2 1 137
4 16 10 3 3 2 95
4 16 10 1 4 3 104
4 16 9 5 0 4 141
4 16 9 3 1 5 88
4 16 9 2 7 0 55
4 16 9 1 2 6 152
4 16 9 0 8 1 14
4 16 8 8 2 0 121
4 16 8 6 3 1 102
4 16 8 4 4 2 9
4 16 8 2 5 3 71
4 16 8 1 0 9 143
4 16 8 0 6 4 95
4 16 7 8 0 3 180
4 16 7 6 1 4 110
4 16 7 4 2 5 15
4 16 7 3 8 0 132
4 16 7 2 3 6 45
4 16 7 1 9 1 113
4 16 7 0 4 7 12
4 16 6 9 3 0 180
4 16 6 7 4 1 176
4 16 6 5 5 2 184
4 16 6 4 0 8 134
4 16 6 3 6 3 97
4 16 6 2 1 9 48
4 16 6 1 7 4 164
4 16 6 0 2 10 104
4 16 5 11 0 2 33
4 16 5 9 1 3 40
4 16 5 7 2 4 31
4 16 5 5 3 5 68
4 16 5 4 9 0 6
4 16 5 3 4 6 50
4 16 5 2 10 1 78
4 16 5 1 5 7 127
4 16 5 0 11 2 91
4 16 5 0 0 13 24
4 16 4 10 4 0 115
4 16 4 8 5 1 190
4 16 4 7 0 7 78
4 16 4 6 6 2 113
4 16 4 5 1 8 60
4 16 4 4 7 3 168
4 16 4 3 2 9 33
4 16 4 2 8 4 2
4 16 4 1 3 10 131
4 16 4 0 9 5 196
4 16 3 14 0 1 93
4 16 3 12 1 2 107
4 16 3 10 2 3 151
4 16 3 8 3 4 197
4 16 3 6 4 5 150
4 16 3 5 10 0 49
4 16 3 4 5 6 75
4 16 3 3 11 1 85
4 16 3 3 0 12 90
4 16 3 2 6 7 3
4 16 3 1 12 2 146
4 16 3 1 1 13 51
4 16 3 0 7 8 85
4 16 2 11 5 0 26
4 16 2 10 0 6 55
4 16 2 9 6 1 64
4 16 2 8 1 7 93
4 16 2 7 7 2 147
4 16 2 6 2 8 152
4 16 2 5 8 3 94
4 16 2 4 3 9 130
4 16 2 3 9 4 85
4 16 2 2 4 10 36
4 16 2 1 10 5 197
4 16 2 0 16 0 52
4 16 2 0 5 11 64
4 16 1 17 0 0 105
4 16 1 15 1 1 131
4 16 1 13 2 2 84
4 16 1 11 3 3 174
4 16 1 9 4 4 56
4 16 1 7 5 5 68
4 16 1 6 11 0 198
4 16 1 6 0 11 12
4 16 1 5 6 6 138
4 16 1 4 12 1 46
4 16 1 4 1 12 45
4 16 1 3 7 7 135
4 16 1 2 13 2 4
4 16 1 2 2 13 182
4 16 1 1 8 8 112
4 16 1 0 14 3 3
4 16 1 0 3 14 93
4 16 0 13 0 5 108
4 16 0 12 6 0 46
4 16 0 11 1 6 10
4 16 0 10 7 1 14
4 16 0 9 2 7 115
4 16 0 8 8 2 3
4 16 0 7 3 8 7
4 16 0 6 9 3 121
4 16 0 5 4 9 184
4 16 0 4 10 4 147
4 16 0 3 5 10 182
4 16 0 2 11 5 163
4 16 0 2 0 16 196
4 16 0 1 17 0 191
4 16 0 1 6 11 140
4 16 0 0 12 6 24
4 16 0 0 1 17 120
4 15 18 1 0 0 175
4 15 16 2 1 0 120
4 15 16 0 2 1 105
4 15 15 0 0 4 104
4 15 14 3 2 0 101
4 15 14 1 3 1 193
4 15 13 3 0 3 83
4 15 13 1 1 4 169
4 15 12 4 3 0 83
4 15 12 2 4 1 64
4 15 12 0 5 2 43
4 15 11 6 0 2 58
4 15 11 4 1 3 4
4 15 11 2 2 4 16
4 15 11 0 3 5 133
4 15 10 5 4 0 175
4 15 10 3 5 1 47
4 15 10 2 0 7 8
4 15 10 0 1 8 148
4 15 9 9 0 1 62
4 15 9 7 1 2 162
4 15 9 5 2 3 87
4 15 9 3 3 4 164
4 15 9 1 4 5 32
4 15 9 0 10 0 135
4 15 8 6 5 0 97
4 15 8 5 0 6 141
4 15 8 4 6 1 101
4 15 8 3 1 7 96
4 15 8 2 7 2 35
4 15 8 1 2 8 132
4 15 8 0 8 3 158
4 15 7 12 0 0 116
4 15 7 10 1 1 154
4 15 7 8 2 2 65
4 15 7 6 3 3 161
4 15 7 4 4 4 181
4 15 7 2 5 5 61
4 15 7 1 11 0 50
4 15 7 1 0 11 2
4 15 7 0 6 6 84
4 15 6 8 0 5 164
4 15 6 7 6 0 182
4 15 6 6 1 6 132
4 15 6 5 7 1 87
4 15 6 4 2 7 134
4 15 6 3 8 2 169
4 15 6 2 3 8 158
4 15 6 1 9 3 102
4 15 6 0 4 9 180
4 15 5 13 1 0 14
4 15 5 11 2 1 159
4 15 5 9 3 2 119
4 15 5 7 4 3 47
4 15 5 5 5 4 46
4 15 5 4 0 10 163
4 15 5 3 6 5 68
4 15 5 2 12 0 18
4 15 5 2 1 11 3
4 15 5 1 7 6 97
4 15 5 0 13 1 7
4 15 5 0 2 12 78
4 15 4 11 0 4 80
4 15 4 9 1 5 115
4 15 4 8 7 0 17
4 15 4 7 2 6 190
4 15 4 6 8 1 58
4 15 4 5 3 7 101
4 15 4 4 9 2 88
4 15 4 3 4 8 90
4 15 4 2 10 3 26
4 15 4 1 5 9 16
4 15 4 0 11 4 99
4 15 4 0 0 15 83
4 15 3 14 2 0 114
4 15 3 12 3 1 132
4 15 3 10 4 2 25
4 15 3 8 5 3 126
4 15 3 7 0 9 40
4 15 3 6 6 4 95
4 15 3 5 1 10 128
4 15 3 4 7 5 95
4 15 3 3 13 0 146
4 15 3 3 2 11 4
4 15 3 2 8 6 140
4 15 3 1 14 1 5
4 15 3 1 3 12 38
4 15 3 0 9 7 73
4 15 2 14 0 3 187
4 15 2 12 1 4 168
4 15 2 10 2 5 181
4 15 2 9 8 0 184
4 15 2 8 3 6 75
4 15 2 7 9 1 15
4 15 2 6 4 7 12
4 15 2 5 10 2 118
4 15 2 4 5 8 66
4 15 2 3 11 3 132
4 15 2 3 0 14 12
4 15 2 2 6 9 150
4 15 2 1 12 4 69
4 15 2 1 1 15 61
4 15 2 0 7 10 27
4 15 1 15 3 0 193
4 15 1 13 4 1 171
4 15 1 11 5 2 17
4 15 1 10 0 8 83
4 15 1 9 6 3 183
4 15 1 8 1 9 185
4 15 1 7 7 4 140
4 15 1 6 2 10 184
4 15 1 5 8 5 40
4 15 1 4 14 0 64
4 15 1 4 3 11 130
4 15 1 3 9 6 17
4 15 1 2 15 1 98
4 15 1 2 4 12 111
4 15 1 1 10 7 141
4 15 1 0 16 2 188
4 15 1 0 5 13 68
4 15 0 17 0 2 193
4 15 0 15 1 3 171
4 15 0 13 2 4 23
4 15 0 11 3 5 197
4 15 0 10 9 0 163
4 15 0 9 4 6 73
4 15 0 8 10 1 110
4 15 0 7 5 7 138
4 15 0 6 11 2 175
4 15 0 6 0 13 83
4 15 0 5 6 8 50
4 15 0 4 12 3 88
4 15 0 4 1 14 111
4 15 0 3 7 9 195
4 15 0 2 13 4 171
4 15 0 2 2 15 76
4 15 0 1 8 10 190
4 15 0 0 14 5 146
4 15 0 0 3 16 40
4 14 17 1 0 2 110
4 14 16 0 4 0 2
4 14 15 4 0 1 172
4 14 15 2 1 2 39
4 14 15 0 2 3 170
4 14 14 1 5 0 173
4 14 14 0 0 6 81
4 14 13 7 0 0 22
4 14 13 5 1 1 98
4 14 13 3 2 2 41
4 14 13 1 3 3 179
4 14 12 3 0 5 8
4 14 12 2 6 0 48
4 14 12 1 1 6 181
4 14 12 0 7 1 157
4 14 11 8 1 0 100
4 14 11 6 2 1 158
4 14 11 4 3 2 85
4 14 11 2 4 3 99
4 14 11 0 5 4 89
4 14 10 6 0 4 129
4 14 10 4 1 5 109
4 14 10 3 7 0 159
4 14 10 2 2 6 187
4 14 10 1 8 1 47
4 14 10 0 3 7 24
4 14 9 9 2 0 81
4 14 9 7 3 1 94
4 14 9 5 4 2 25
4 14 9 3 5 3 29
4 14 9 2 0 9 113
4 14 9 1 6 4 114
4 14 9 0 1 10 3
4 14 8 9 0 3 178
4 14 8 7 1 4 50
4 14 8 5 2 5 136
4 14 8 4 8 0 120
4 14 8 2 9 1 85
4 14 8 1 4 7 89
4 14 8 0 10 2 94
4 14 7 10 3 0 44
4 14 7 8 4 1 156
4 14 7 6 5 2 156
4 14 7 5 0 8 66
4 14 7 4 6 3 66
4 14 7 3 1 9 11
4 14 7 2 7 4 71
4 14 7 1 2 10 176
4 14 7 0 8 5 17
4 14 6 12 0 2 90
4 14 6 10 1 3 52
4 14 6 8 2 4 45
4 14 6 6 3 5 123
4 14 6 5 9 0 108
4 14 6 4 4 6 151
4 14 6 3 10 1 198
4 14 6 2 5 7 145
4 14 6 1 11 2 54
4 14 6 1 0 13 161
4 14 6 0 6 8 61
4 14 5 11 4 0 45
4 14 5 9 5 1 2
4 14 5 8 0 7 118
4 14 5 7 6 2 94
4 14 5 6 1 8 133
4 14 5 5 7 3 151
4 14 5 4 2 9 65
4 14 5 3 8 4 33
4 14 5 2 3 10 115
4 14 5 1 9 5 38
4 14 5 0 15 0 82
4 14 5 0 4 11 40
4 14 4 15 0 1 192
4 14 4 13 1 2 146
4 14 4 11 2 3 113
4 14 4 9 3 4 9
4 14 4 7 4 5 61
4 14 4 6 10 0 114
4 14 4 5 5 6 124
4 14 4 4 11 1 133
4 14 4 4 0 12 192
4 14 4 3 6 7 56
4 14 4 2 12 2 87
4 14 4 2 1 13 13
4 14 4 1 7 8 129
4 14 4 0 13 3 148
4 14 4 0 2 14 49
4 14 3 12 5 0 122
4 14 3 11 0 6 130
4 14 3 10 6 1 58
4 14 3 9 1 7 51
4 14 3 8 7 2 22
4 14 3 7 2 8 185
4 14 3 6 8 3 175
4 14 3 5 3 9 157
4 14 3 4 9 4 4
4 14 3 3 4 10 81
4 14 3 2 10 5 197
4 14 3 1 16 0 87
4 14 3 1 5 11 27
4 14 3 0 11 6 2
4 14 3 0 0 17 58
4 14 2 18 0 0 135
4 14 2 16 1 1 116
4 14 2 14 2 2 1
4 14 2 12 3 3 43
4 14 2 10 4 4 195
4 14 2 8 5 5 37
4 14 2 7 11 0 7
4 14 2 7 0 11 37
4 14 2 6 6 6 131
4 14 2 5 12 1 29
4 14 2 5 1 12 71
4 14 2 4 7 7 69
4 14 2 3 13 2 61
4 14 2 3 2 13 77
4 14 2 2 8 8 88
4 14 2 1 14 3 134
4 14 2 1 3 14 61
4 14 2 0 9 9 88
4 14 1 14 0 5 48
4 14 1 13 6 0 190
4 14 1 12 1 6 180
4 14 1 11 7 1 18
4 14 1 10 2 7 13
4 14 1 9 8 2 159
4 14 1 8 3 8 76
4 14 1 7 9 3 132
4 14 1 6 4 9 86
4 14 1 5 10 4 143
4 14 1 4 5 10 170
4 14 1 3 11 5 170
4 14 1 3 0 16 95
4 14 1 2 17 0 84
4 14 1 2 6 11 182
4 14 1 1 12 6 9
4 14 1 1 1 17 89
4 14 1 0 18 1 157
4 14 1 0 7 12 35
4 14 0 19 1 0 156
4 14 0 17 2 1 100
4 14 0 15 3 2 100
4 14 0 13 4 3 102
4 14 0 11 5 4 139
4 14 0 10 0 10 181
4 14 0 9 6 5 65
4 14 0 8 12 0 140
4 14 0 8 1 11 13
4 14 0 7 7 6 158
4 14 0 6 13 1 197
4 14 0 6 2 12 84
4 14 0 5 8 7 91
4 14 0 4 14 2 176
4 14 0 4 3 13 185
4 14 0 3 9 8 96
4 14 0 2 15 3 171
4 14 0 2 4 14 149
4 14 0 1 10 9 189
4 14 0 0 16 4 24
4 14 0 0 5 15 110
4 13 19 2 0 0 11
4 13 19 0 1 1 52
4 13 17 3 1 0 173
4 13 17 1 2 1 8
4 13 16 1 0 4 77
4 13 15 4 2 0 87
4 13 15 2 3 1 54
4 13 15 0 4 2 61
4 13 14 4 0 3 145
4 13 14 2 1 4 3
4 13 14 0 2 5 126
4 13 13 5 3 0 71
4 13 13 3 4 1 70
4 13 13 1 5 2 110
4 13 13 0 0 8 187
4 13 12 7 0 2 25
4 13 12 5 1 3 23
4 13 12 3 2 4 149
4 13 12 1 3 5 188
4 13 12 0 9 0 121
4 13 11 6 4 0 176
4 13 11 4 5 1 75
4 13 11 3 0 7 160
4 13 11 2 6 2 31
4 13 11 1 1 8 151
4 13 11 0 7 3 136
4 13 10 10 0 1 54
4 13 10 8 1 2 131
4 13 10 6 2 3 129
4 13 10 4 3 4 73
4 13 10 2 4 5 189
4 13 10 1 10 0 170
4 13 10 0 5 6 131
4 13 9 7 5 0 100
4 13 9 6 0 6 146
4 13 9 5 6 1 30
4 13 9 4 1 7 141
4 13 9 3 7 2 188
4 13 9 2 2 8 143
4 13 9 1 8 3 107
4 13 9 0 3 9 180
4 13 8 13 0 0 110
4 13 8 11 1 1 19
4 13 8 9 2 2 138
4 13 8 7 3 3 127
4 13 8 5 4 4 106
4 13 8 3 5 5 25
4 13 8 2 11 0 71
4 13 8 2 0 11 170
4 13 8 1 6 6 96
4 13 8 0 12 1 182
4 13 8 0 1 12 11
4 13 7 9 0 5 124
4 13 7 8 6 0 156
4 13 7 7 1 6 139
4 13 7 6 7 1 6
4 13 7 5 2 7 196
4 13 7 4 8 2 13
4 13 7 3 3 8 184
4 13 7 2 9 3 160
4 13 7 1 4 9 127
4 13 7 0 10 4 180
4 13 6 14 1 0 65
4 13 6 12 2 1 32
4 13 6 10 3 2 168
4 13 6 8 4 3 67
4 13 6 6 5 4 113
4 13 6 5 0 10 28
4 13 6 4 6 5 128
4 13 6 3 12 0 173
4 13 6 3 1 11 113
4 13 6 2 7 6 124
4 13 6 1 13 1 194
4 13 6 1 2 12 125
4 13 6 0 8 7 37
4 13 5 12 0 4 146
4 13 5 10 1 5 111
4 13 5 9 7 0 191
4 13 5 8 2 6 150
4 13 5 7 8 1 169
4 13 5 6 3 7 98
4 13 5 5 9 2 119
4 13 5 4 4 8 165
4 13 5 3 10 3 121
4 13 5 2 5 9 39
4 13 5 1 11 4 185
4 13 5 1 0 15 141
4 13 5 0 6 10 152
4 13 4 15 2 0 152
4 13 4 13 3 1 184
4 13 4 11 4 2 46
4 13 4 9 5 3 65
4 13 4 8 0 9 105
4 13 4 7 6 4 24
4 13 4 6 1 10 198
4 13 4 5 7 5 112
4 13 4 4 13 0 97
4 13 4 4 2 11 177
4 13 4 3 8 6 133
4 13 4 2 14 1 142
4 13 4 2 3 12 149
4 13 4 1 9 7 138
4 13 4 0 15 2 34
4 13 4 0 4 13 196
4 13 3 15 0 3 78
4 13 3 13 1 4 46
4 13 3 11 2 5 22
4 13 3 10 8 0 192
4 13 3 9 3 6 5
4 13 3 8 9 1 132
4 13 3 7 4 7 165
4 13 3 6 10 2 51
4 13 3 5 5 8 127
4 13 3 4 11 3 72
4 13 3 4 0 14 128
4 13 3 3 6 9 195
4 13 3 2 12 4 96
4 13 3 2 1 15 192
4 13 3 1 7 10 151
4 13 3 0 13 5 73
4 13 3 0 2 16 125
4 13 2 16 3 0 129
4 13 2 14 4 1 24
4 13 2 12 5 2 143
4 13 2 11 0 8 172
4 13 2 10 6 3 6
4 13 2 9 1 9 196
4 13 2 8 7 4 35
4 13 2 7 2 10 106
4 13 2 6 8 5 25
4 13 2 5 14 0 14
4 13 2 5 3 11 68
4 13 2 4 9 6 21
4 13 2 3 15 1 163
4 13 2 3 4 12 115
4 13 2 2 10 7 82
4 13 2 1 16 2 151
4 13 2 1 5 13 46
4 13 2 0 11 8 128
4 13 2 0 0 19 176
4 13 1 18 0 2 138
4 13 1 16 1 3 70
4 13 1 14 2 4 9
4 13 1 12 3 5 77
4 13 1 11 9 0 195
4 13 1 10 4 6 133
4 13 1 9 10 1 19
4 13 1 8 5 7 5
4 13 1 7 11 2 11
4 13 1 7 0 13 81
4 13 1 6 6 8 140
4 13 1 5 12 3 85
4 13 1 5 1 14 16
4 13 1 4 7 9 25
4 13 1 3 13 4 84
4 13 1 3 2 15 84
4 13 1 2 8 10 98
4 13 1 1 14 5 61
4 13 1 1 3 16 18
4 13 1 0 20 0 98
4 13 1 0 9 11 7
4 13 0 17 4 0 52
4 13 0 15 5 1 45
4 13 0 14 0 7 119
4 13 0 13 6 2 133
4 13 0 12 1 8 159
4 13 0 10 2 9 39
4 13 0 9 8 4 127
4 13 0 8 3 10 64
4 13 0 7 9 5 145
4 13 0 6 15 0 102
4 13 0 6 4 11 127
4 13 0 5 10 6 6
4 13 0 4 16 1 91
4 13 0 4 5 12 187
4 13 0 3 11 7 128
4 13 0 3 0 18 100
4 13 0 2 17 2 35
4 13 0 2 6 13 4
4 13 0 1 12 8 144
4 13 0 1 1 19 110
4 13 0 0 18 3 61
4 13 0 0 7 14 31
4 12 19 0 3 0 166
4 12 18 2 0 2 174
4 12 18 0 1 3 132
4 12 17 1 4 0 134
4 12 16 5 0 1 75
4 12 16 3 1 2 177
4 12 16 1 2 3 166
4 12 15 2 5 0 134
4 12 15 1 0 6 164
4 12 15 0 6 1 77
4 12 14 8 0 0 74
4 12 14 6 1 1 170
4 12 14 4 2 2 129
4 12 14 2 3 3 42
4 12 14 0 4 4 171
4 12 13 4 0 5 170
4 12 13 3 6 0 51
4 12 13 2 1 6 71
4 12 13 1 7 1 114
4 12 13 0 2 7 152
4 12 12 9 1 0 28
4 12 12 7 2 1 135
4 12 12 5 3 2 161
4 12 12 3 4 3 85
4 12 12 1 5 4 33
4 12 12 0 0 10 100
4 12 11 7 0 4 43
4 12 11 5 1 5 13
4 12 11 4 7 0 134
4 12 11 3 2 6 64
4 12 11 2 8 1 33
4 12 11 1 3 7 156
4 12 11 0 9 2 8
4 12 10 10 2 0 22
4 12 10 8 3 1 131
4 12 10 6 4 2 22
4 12 10 4 5 3 124
4 12 10 3 0 9 75
4 12 10 2 6 4 198
4 12 10 1 1 10 186
4 12 10 0 7 5 89
4 12 9 10 0 3 5
4 12 9 8 1 4 76
4 12 9 6 2 5 4
4 12 9 5 8 0 58
4 12 9 4 3 6 95
4 12 9 3 9 1 62
4 12 9 2 4 7 126
4 12 9 1 10 2 160
4 12 9 0 5 8 76
4 12 8 11 3 0 129
4 12 8 9 4 1 65
4 12 8 7 5 2 80
4 12 8 6 0 8 45
4 12 8 5 6 3 158
4 12 8 4 1 9 149
4 12 8 3 7 4 118
4 12 8 2 2 10 157
4 12 8 1 8 5 14
4 12 8 0 14 0 129
4 12 8 0 3 11 183
4 12 7 13 0 2 18
4 12 7 11 1 3 113
4 12 7 9 2 4 134
4 12 7 7 3 5 138
4 12 7 6 9 0 100
4 12 7 5 4 6 41
4 12 7 4 10 1 18
4 12 7 3 5 7 40
4 12 7 2 11 2 149
4 12 7 2 0 13 153
4 12 7 1 6 8 54
4 12 7 0 12 3 169
4 12 7 0 1 14 29
4 12 6 12 4 0 176
4 12 6 10 5 1 184
4 12 6 9 0 7 57
4 12 6 8 6 2 52
4 12 6 7 1 8 166
4 12 6 6 7 3 57
4 12 6 5 2 9 185
4 12 6 4 8 4 196
4 12 6 3 3 10 170
4 12 6 2 9 5 141
4 12 6 1 15 0 128
4 12 6 1 4 11 2
4 12 6 0 10 6 162
4 12 5 16 0 1 108
4 12 5 14 1 2 154
4 12 5 12 2 3 191
4 12 5 10 3 4 59
4 12 5 8 4 5 61
4 12 5 7 10 0 13
4 12 5 6 5 6 6
4 12 5 5 11 1 110
4 12 5 5 0 12 145
4 12 5 4 6 7 105
4 12 5 3 12 2 190
4 12 5 3 1 13 157
4 12 5 2 7 8 187
4 12 5 1 13 3 22
4 12 5 1 2 14 150
4 12 5 0 8 9 111
4 12 4 13 5 0 80
4 12 4 12 0 6 70
4 12 4 11 6 1 119
4 12 4 10 1 7 77
4 12 4 9 7 2 33
4 12 4 8 2 8 158
4 12 4 7 8 3 82
4 12 4 6 3 9 30
4 12 4 5 9 4 141
4 12 4 4 4 10 109
4 12 4 3 10 5 124
4 12 4 2 16 0 92
4 12 4 2 5 11 42
4 12 4 1 11 6 177
4 12 4 1 0 17 42
4 12 4 0 17 1 148
4 12 4 0 6 12 195
4 12 3 19 0 0 10
4 12 3 17 1 1 76
4 12 3 15 2 2 75
4 12 3 13 3 3 162
4 12 3 11 4 4 173
4 12 3 9 5 5 153
4 12 3 8 11 0 69
4 12 3 8 0 11 74
4 12 3 7 6 6 158
4 12 3 6 12 1 53
4 12 3 6 1 12 111
4 12 3 5 7 7 85
4 12 3 4 13 2 72
4 12 3 4 2 13 143
4 12 3 3 8 8 8
4 12 3 2 14 3 121
4 12 3 2 3 14 56
4 12 3 1 9 9 33
4 12 3 0 15 4 50
4 12 3 0 4 15 43
4 12 2 15 0 5 19
4 12 2 14 6 0 141
4 12 2 13 1 6 2
4 12 2 12 7 1 72
4 12 2 11 2 7 106
4 12 2 10 8 2 22
4 12 2 9 3 8 116
4 12 2 8 9 3 182
4 12 2 7 4 9 134
4 12 2 6 10 4 88
4 12 2 5 5 10 64
4 12 2 4 11 5 151
4 12 2 4 0 16 16
4 12 2 3 17 0 179
4 12 2 3 6 11 51
4 12 2 2 12 6 124
4 12 2 2 1 17 76
4 12 2 1 18 1 24
4 12 2 1 7 12 106
4 12 2 0 13 7 2
4 12 2 0 2 18 160
4 12 1 20 1 0 93
4 12 1 18 2 1 43
4 12 1 16 3 2 90
4 12 1 14 4 3 161
4 12 1 12 5 4 172
4 12 1 11 0 10 85
4 12 1 10 6 5 85
4 12 1 9 12 0 68
4 12 1 9 1 11 19
4 12 1 8 7 6 180
4 12 1 7 13 1 70
4 12 1 7 2 12 172
4 12 1 6 8 7 183
4 12 1 5 14 2 187
4 12 1 5 3 13 3
4 12 1 4 9 8 53
4 12 1 3 15 3 24
4 12 1 3 4 14 27
4 12 1 2 10 9 198
4 12 1 1 16 4 190
4 12 1 1 5 15 189
4 12 1 0 11 10 100
4 12 1 0 0 21 5
4 12 0 18 0 4 137
4 12 0 16 1 5 198
4 12 0 15 7 0 162
4 12 0 14 2 6 126
4 12 0 13 8 1 58
4 12 0 12 3 7 135
4 12 0 11 9 2 77
4 12 0 10 4 8 97
4 12 0 9 10 3 138
4 12 0 8 5 9 26
4 12 0 7 11 4 74
4 12 0 7 0 15 48
4 12 0 6 6 10 43
4 12 0 5 12 5 87
4 12 0 5 1 16 52
4 12 0 4 18 0 145
4 12 0 4 7 11 33
4 12 0 3 13 6 196
4 12 0 3 2 17 174
4 12 0 2 19 1 163
4 12 0 2 8 12 63
4 12 0 1 14 7 22
4 12 0 1 3 18 25
4 12 0 0 20 2 179
4 12 0 0 9 13 40
4 11 22 0 0 1 94
4 11 20 3 0 0 89
4 11 20 1 1 1 68
4 11 18 4 1 0 126
4 11 18 2 2 1 6
4 11 18 0 3 2 102
4 11 17 2 0 4 178
4 11 17 0 1 5 95
4 11 16 5 2 0 36
4 11 16 3 3 1 156
4 11 16 1 4 2 101
4 11 15 5 0 3 105
4 11 15 3 1 4 17
4 11 15 1 2 5 116
4 11 15 0 8 0 99
4 11 14 6 3 0 181
4 11 14 4 4 1 121
4 11 14 2 5 2 193
4 11 14 1 0 8 130
4 11 14 0 6 3 168
4 11 13 8 0 2 163
4 11 13 6 1 3 49
4 11 13 4 2 4 176
4 11 13 2 3 5 102
4 11 13 1 9 0 118
4 11 13 0 4 6 50
4 11 12 7 4 0 147
4 11 12 5 5 1 21
4 11 12 4 0 7 193
4 11 12 3 6 2 76
4 11 12 2 1 8 123
4 11 12 1 7 3 152
4 11 12 0 2 9 73
4 11 11 11 0 1 172
4 11 11 9 1 2 60
4 11 11 7 2 3 63
4 11 11 5 3 4 37
4 11 11 3 4 5 83
4 11 11 2 10 0 58
4 11 11 1 5 6 61
4 11 11 0 11 1 59
4 11 11 0 0 12 67
4 11 10 8 5 0 88
4 11 10 7 0 6 147
4 11 10 6 6 1 45
4 11 10 5 1 7 81
4 11 10 4 7 2 83
4 11 10 3 2 8 15
4 11 10 2 8 3 184
4 11 10 1 3 9 25
4 11 10 0 9 4 67
4 11 9 14 0 0 169
4 11 9 12 1 1 48
4 11 9 10 2 2 148
4 11 9 8 3 3 58
4 11 9 6 4 4 10
4 11 9 4 5 5 3
4 11 9 3 11 0 128
4 11 9 3 0 11 85
4 11 9 2 6 6 19
4 11 9 1 12 1 156
4 11 9 1 1 12 13
4 11 9 0 7 7 164
4 11 8 10 0 5 129
4 11 8 9 6 0 190
4 11 8 8 1 6 161
4 11 8 7 7 1 10
4 11 8 6 2 7 137
4 11 8 5 8 2 168
4 11 8 4 3 8 33
4 11 8 3 9 3 86
4 11 8 2 4 9 149
4 11 8 1 10 4 84
4 11 8 0 5 10 195
4 11 7 15 1 0 136
4 11 7 13 2 1 3
4 11 7 11 3 2 152
4 11 7 9 4 3 182
4 11 7 7 5 4 25
4 11 7 6 0 10 167
4 11 7 5 6 5 71
4 11 7 4 12 0 155
4 11 7 4 1 11 43
4 11 7 3 7 6 43
4 11 7 2 13 1 70
4 11 7 2 2 12 125
4 11 7 1 8 7 20
4 11 7 0 14 2 13
4 11 7 0 3 13 138
4 11 6 13 0 4 114
4 11 6 11 1 5 95
4 11 6 10 7 0 31
4 11 6 9 2 6 71
4 11 6 8 8 1 124
4 11 6 7 3 7 104
4 11 6 6 9 2 91
4 11 6 5 4 8 145
4 11 6 4 10 3 141
4 11 6 3 5 9 12
4 11 6 2 11 4 189
4 11 6 2 0 15 107
4 11 6 1 6 10 25
4 11 6 0 12 5 20
4 11 6 0 1 16 68
4 11 5 16 2 0 65
4 11 5 14 3 1 97
4 11 5 12 4 2 66
4 11 5 10 5 3 131
4 11 5 9 0 9 101
4 11 5 8 6 4 111
4 11 5 7 1 10 97
4 11 5 6 7 5 136
4 11 5 5 13 0 144
4 11 5 5 2 11 19
4 11 5 4 8 6 127
4 11 5 3 14 1 142
4 11 5 3 3 12 143
4 11 5 2 9 7 51
4 11 5 1 15 2 184
4 11 5 1 4 13 151
4 11 5 0 10 8 133
4 11 4 16 0 3 34
4 11 4 14 1 4 176
4 11 4 12 2 5 26
4 11 4 11 8 0 70
4 11 4 10 3 6 91
4 11 4 9 9 1 30
4 11 4 8 4 7 106
4 11 4 7 10 2 171
4 11 4 6 5 8 38
4 11 4 5 11 3 41
4 11 4 5 0 14 136
4 11 4 4 6 9 166
4 11 4 3 12 4 35
4 11 4 3 1 15 35
4 11 4 2 7 10 191
4 11 4 1 13 5 4
4 11 4 1 2 16 146
4 11 4 0 19 0 187
4 11 4 0 8 11 154
4 11 3 17 3 0 88
4 11 3 15 4 1 3
4 11 3 13 5 2 168
4 11 3 12 0 8 12
4 11 3 11 6 3 51
4 11 3 10 1 9 21
4 11 3 9 7 4 136
4 11 3 8 2 10 6
4 11 3 7 8 5 163
4 11 3 6 14 0 70
4 11 3 6 3 11 188
4 11 3 5 9 6 12
4 11 3 4 15 1 167
4 11 3 4 4 12 15
4 11 3 3 10 7 93
4 11 3 2 16 2 14
4 11 3 2 5 13 181
4 11 3 1 11 8 152
4 11 3 1 0 19 129
4 11 3 0 17 3 126
4 11 3 0 6 14 125
4 11 2 19 0 2 74
4 11 2 17 1 3 115
4 11 2 15 2 4 126
4 11 2 13 3 5 35
4 11 2 11 4 6 190
4 11 2 10 10 1 170
4 11 2 9 5 7 92
4 11 2 8 11 2 184
4 11 2 8 0 13 180
4 11 2 7 6 8 130
4 11 2 6 12 3 3
4 11 2 6 1 14 141
4 11 2 5 7 9 80
4 11 2 4 13 4 14
4 11 2 4 2 15 64
4 11 2 3 8 10 54
4 11 2 2 14 5 94
4 11 2 2 3 16 25
4 11 2 1 20 0 75
4 11 2 1 9 11 83
4 11 2 0 15 6 34
4 11 2 0 4 17 100
4 11 1 18 4 0 170
4 11 1 16 5 1 182
4 11 1 15 0 7 5
4 11 1 14 6 2 38
4 11 1 13 1 8 1
4 11 1 12 7 3 188
4 11 1 11 2 9 22
4 11 1 10 8 4 12
4 11 1 9 3 10 70
4 11 1 8 9 5 75
4 11 1 7 15 0 21
4 11 1 7 4 11 17
4 11 1 6 10 6 75
4 11 1 5 16 1 59
4 11 1 5 5 12 169
4 11 1 4 11 7 149
4 11 1 4 0 18 4
4 11 1 3 17 2 29
4 11 1 3 6 13 148
4 11 1 2 12 8 121
4 11 1 2 1 19 60
4 11 1 1 18 3 152
4 11 1 1 7 14 63
4 11 1 0 13 9 39
4 11 1 0 2 20 19
4 11 0 22 0 1 75
4 11 0 20 1 2 175
4 11 0 18 2 3 18
4 11 0 16 3 4 69
4 11 0 14 4 5 198
4 11 0 13 10 0 85
4 11 0 12 5 6 79
4 11 0 11 11 1 27
4 11 0 11 0 12 189
4 11 0 10 6 7 164
4 11 0 9 12 2 114
4 11 0 9 1 13 80
4 11 0 8 7 8 21
4 11 0 7 13 3 37
4 11 0 7 2 14 128
4 11 0 6 8 9 194
4 11 0 5 14 4 165
4 11 0 5 3 15 5
4 11 0 4 9 10 129
4 11 0 3 15 5 123
4 11 0 3 4 16 68
4 11 0 2 21 0 151
4 11 0 2 10 11 135
4 11 0 1 16 6 142
4 11 0 1 5 17 31
4 11 0 0 22 1 179
4 11 0 0 11 12 116
4 11 0 0 0 23 89
4 10 22 0 2 0 189
4 10 21 0 0 3 4
4 10 20 1 3 0 5
4 10 19 3 0 2 14
4 10 19 1 1 3 13
4 10 18 2 4 0 4
4 10 18 0 5 1 62
4 10 17 6 0 1 114
4 10 17 4 1 2 94
4 10 17 2 2 3 136
4 10 17 0 3 4 106
4 10 16 3 5 0 1
4 10 16 2 0 6 52
4 10 16 1 6 1 145
4 10 16 0 1 7 174
4 10 15 9 0 0 91
4 10 15 7 1 1 151
4 10 15 5 2 2 103
4 10 15 3 3 3 110
4 10 15 1 4 4 71
4 10 14 5 0 5 49
4 10 14 4 6 0 148
4 10 14 3 1 6 192
4 10 14 2 7 1 119
4 10 14 1 2 7 99
4 10 14 0 8 2 95
4 10 13 10 1 0 174
4 10 13 8 2 1 97
4 10 13 6 3 2 179
4 10 13 4 4 3 192
4 10 13 2 5 4 93
4 10 13 1 0 10 93
4 10 13 0 6 5 88
4 10 12 8 0 4 6
4 10 12 6 1 5 64
4 10 12 5 7 0 190
4 10 12 4 2 6 99
4 10 12 3 8 1 74
4 10 12 2 3 7 96
4 10 12 1 9 2 188
4 10 12 0 4 8 85
4 10 11 11 2 0 7
4 10 11 9 3 1 87
4 10 11 7 4 2 110
4 10 11 5 5 3 163
4 10 11 4 0 9 24
4 10 11 3 6 4 27
4 10 11 2 1 10 117
4 10 11 1 7 5 15
4 10 11 0 13 0 121
4 10 11 0 2 11 196
4 10 10 11 0 3 50
4 10 10 9 1 4 168
4 10 10 7 2 5 35
4 10 10 6 8 0 197
4 10 10 5 3 6 9
4 10 10 4 9 1 171
4 10 10 3 4 7 49
4 10 10 2 10 2 4
4 10 10 1 5 8 89
4 10 10 0 11 3 58
4 10 10 0 0 14 35
4 10 9 12 3 0 39
4 10 9 10 4 1 85
4 10 9 8 5 2 58
4 10 9 7 0 8 13
4 10 9 6 6 3 168
4 10 9 5 1 9 16
4 10 9 4 7 4 61
4 10 9 3 2 10 35
4 10 9 2 8 5 191
4 10 9 1 14 0 107
4 10 9 1 3 11 127
4 10 9 0 9 6 25
4 10 8 14 0 2 177
4 10 8 12 1 3 31
4 10 8 10 2 4 136
4 10 8 8 3 5 161
4 10 8 7 9 0 87
4 10 8 6 4 6 164
4 10 8 5 10 1 159
4 10 8 4 5 7 31
4 10 8 3 11 2 113
4 10 8 3 0 13 106
4 10 8 2 6 8 117
4 10 8 1 12 3 96
4 10 8 1 1 14 73
4 10 8 0 7 9 60
4 10 7 13 4 0 20
4 10 7 11 5 1 152
4 10 7 10 0 7 32
4 10 7 9 6 2 18
4 10 7 8 1 8 110
4 10 7 7 7 3 19
4 10 7 6 2 9 20
4 10 7 5 8 4 10
4 10 7 4 3 10 191
4 10 7 3 9 5 98
4 10 7 2 15 0 107
4 10 7 2 4 11 124
4 10 7 1 10 6 122
4 10 7 0 16 1 197
4 10 7 0 5 12 63
4 10 6 17 0 1 49
4 10 6 15 1 2 12
4 10 6 13 2 3 95
4 10 6 11 3 4 63
4 10 6 9 4 5 143
4 10 6 8 10 0 166
4 10 6 7 5 6 123
4 10 6 6 11 1 175
4 10 6 6 0 12 4
4 10 6 5 6 7 12
4 10 6 4 12 2 170
4 10 6 4 1 13 171
4 10 6 3 7 8 117
4 10 6 2 13 3 75
4 10 6 2 2 14 186
4 10 6 1 8 9 149
4 10 6 0 14 4 39
4 10 6 0 3 15 189
4 10 5 14 5 0 51
4 10 5 13 0 6 96
4 10 5 12 6 1 177
4 10 5 11 1 7 82
4 10 5 10 7 2 125
4 10 5 9 2 8 86
4 10 5 8 8 3 146
4 10 5 7 3 9 115
4 10 5 6 9 4 139
4 10 5 5 4 10 83
4 10 5 4 10 5 59
4 10 5 3 16 0 66
4 10 5 3 5 11 159
4 10 5 2 11 6 190
4 10 5 2 0 17 60
4 10 5 1 17 1 142
4 10 5 1 6 12 148
4 10 5 0 12 7 8
4 10 5 0 1 18 16
4 10 4 20 0 0 30
4 10 4 18 1 1 139
4 10 4 16 2 2 177
4 10 4 14 3 3 98
4 10 4 12 4 4 124
4 10 4 9 11 0 164
4 10 4 9 0 11 153
4 10 4 8 6 6 186
4 10 4 7 12 1 152
4 10 4 7 1 12 164
4 10 4 6 7 7 194
4 10 4 5 13 2 2
4 10 4 5 2 13 19
4 10 4 4 8 8 167
4 10 4 3 14 3 18
4 10 4 3 3 14 86
4 10 4 2 9 9 182
4 10 4 1 15 4 11
4 10 4 1 4 15 75
4 10 4 0 10 10 38
4 10 3 16 0 5 8
4 10 3 15 6 0 102
4 10 3 14 1 6 192
4 10 3 13 7 1 102
4 10 3 12 2 7 83
4 10 3 11 8 2 125
4 10 3 10 3 8 186
4 10 3 9 9 3 76
4 10 3 8 4 9 198
4 10 3 7 10 4 147
4 10 3 6 5 10 181
4 10 3 5 11 5 1
4 10 3 5 0 16 190
4 10 3 4 17 0 155
4 10 3 4 6 11 158
4 10 3 3 12 6 153
4 10 3 3 1 17 63
4 10 3 2 18 1 185
4 10 3 2 7 12 123
4 10 3 1 13 7 177
4 10 3 1 2 18 51
4 10 3 0 19 2 126
4 10 3 0 8 13 173
4 10 2 21 1 0 58
4 10 2 19 2 1 107
4 10 2 17 3 2 164
4 10 2 15 4 3 16
4 10 2 13 5 4 36
4 10 2 12 0 10 122
4 10 2 11 6 5 98
4 10 2 10 12 0 54
4 10 2 10 1 11 139
4 10 2 9 7 6 55
4 10 2 8 13 1 157
4 10 2 8 2 12 11
4 10 2 7 8 7 91
4 10 2 6 14 2 70
4 10 2 6 3 13 167
4 10 2 5 9 8 177
4 10 2 4 15 3 8
4 10 2 4 4 14 166
4 10 2 3 10 9 190
4 10 2 2 16 4 42
4 10 2 2 5 15 42
4 10 2 1 11 10 183
4 10 2 1 0 21 124
4 10 2 0 17 5 181
4 10 2 0 6 16 164
4 10 1 19 0 4 172
4 10 1 17 1 5 19
4 10 1 16 7 0 188
4 10 1 15 2 6 156
4 10 1 14 8 1 57
4 10 1 13 3 7 158
4 10 1 12 9 2 121
4 10 1 11 4 8 168
4 10 1 10 10 3 100
4 10 1 9 5 9 154
4 10 1 8 11 4 9
4 10 1 8 0 15 44
4 10 1 7 6 10 196
4 10 1 6 12 5 117
4 10 1 6 1 16 116
4 10 1 5 18 0 134
4 10 1 5 7 11 5
4 10 1 4 13 6 16
4 10 1 4 2 17 134
4 10 1 3 19 1 156
4 10 1 3 8 12 57
4 10 1 2 14 7 34
4 10 1 2 3 18 45
4 10 1 1 20 2 20
4 10 1 1 9 13 14
4 10 1 0 15 8 190
4 10 1 0 4 19 165
4 10 0 22 2 0 127
4 10 0 20 3 1 102
4 10 0 18 4 2 105
4 10 0 16 5 3 186
4 10 0 15 0 9 37
4 10 0 14 6 4 28
4 10 0 13 1 10 121
4 10 0 12 7 5 161
4 10 0 11 13 0 160
4 10 0 11 2 11 84
4 10 0 10 8 6 22
4 10 0 9 14 1 169
4 10 0 9 3 12 167
4 10 0 8 9 7 176
4 10 0 7 15 2 144
4 10 0 7 4 13 29
4 10 0 6 10 8 16
4 10 0 5 16 3 116
4 10 0 5 5 14 107
4 10 0 4 11 9 146
4 10 0 4 0 20 195
4 10 0 3 17 4 194
4 10 0 3 6 15 17
4 10 0 2 12 10 26
4 10 0 2 1 21 92
4 10 0 1 18 5 77
4 10 0 1 7 16 6
4 10 0 0 24 0 80
4 10 0 0 13 11 41
4 10 0 0 2 22 115
4 9 23 1 0 1 158
4 9 21 4 0 0 71
4 9 21 2 1 1 115
4 9 21 0 2 2 101
4 9 20 0 0 5 135
4 9 19 5 1 0 15
4 9 19 3 2 1 31
4 9 19 1 3 2 7
4 9 18 3 0 4 124
4 9 18 1 1 5 144
4 9 18 0 7 0 189
4 9 17 6 2 0 38
4 9 17 4 3 1 41
4 9 17 2 4 2 138
4 9 17 0 5 3 108
4 9 16 6 0 3 15
4 9 16 4 1 4 27
4 9 16 2 2 5 105
4 9 16 1 8 0 19
4 9 16 0 3 6 123
4 9 15 7 3 0 6
4 9 15 5 4 1 69
4 9 15 3 5 2 85
4 9 15 2 0 8 62
4 9 15 1 6 3 3
4 9 15 0 1 9 87
4 9 14 9 0 2 39
4 9 14 7 1 3 86
4 9 14 5 2 4 6
4 9 14 3 3 5 156
4 9 14 2 9 0 134
4 9 14 1 4 6 15
4 9 14 0 10 1 128
4 9 13 8 4 0 18
4 9 13 6 5 1 47
4 9 13 5 0 7 70
4 9 13 4 6 2 70
4 9 13 3 1 8 135
4 9 13 2 7 3 7
4 9 13 1 2 9 43
4 9 13 0 8 4 178
4 9 12 12 0 1 44
4 9 12 10 1 2 132
4 9 12 8 2 3 14
4 9 12 6 3 4 103
4 9 12 4 4 5 54
4 9 12 3 10 0 129
4 9 12 2 5 6 52
4 9 12 1 11 1 171
4 9 12 1 0 12 192
4 9 12 0 6 7 7
4 9 11 9 5 0 135
4 9 11 8 0 6 156
4 9 11 7 6 1 97
4 9 11 6 1 7 53
4 9 11 5 7 2 83
4 9 11 4 2 8 180
4 9 11 3 8 3 129
4 9 11 2 3 9 189
4 9 11 1 9 4 125
4 9 11 0 4 10 160
4 9 10 15 0 0 106
4 9 10 13 1 1 109
4 9 10 11 2 2 192
4 9 10 9 3 3 147
4 9 10 7 4 4 37
4 9 10 5 5 5 177
4 9 10 4 11 0 32
4 9 10 4 0 11 63
4 9 10 3 6 6 146
4 9 10 2 12 1 147
4 9 10 2 1 12 105
4 9 10 1 7 7 75
4 9 10 0 13 2 49
4 9 10 0 2 13 36
4 9 9 11 0 5 114
4 9 9 10 6 0 178
4 9 9 9 1 6 1
4 9 9 8 7 1 156
4 9 9 7 2 7 91
4 9 9 6 8 2 115
4 9 9 5 3 8 43
4 9 9 4 9 3 97
4 9 9 3 4 9 163
4 9 9 2 10 4 178
4 9 9 1 5 10 67
4 9 9 0 11 5 193
4 9 9 0 0 16 111
4 9 8 16 1 0 59
4 9 8 14 2 1 173
4 9 8 12 3 2 87
4 9 8 10 4 3 41
4 9 8 8 5 4 38
4 9 8 7 0 10 134
4 9 8 6 6 5 60
4 9 8 5 12 0 101
4 9 8 5 1 11 18
4 9 8 4 7 6 118
4 9 8 3 13 1 192
4 9 8 3 2 12 36
4 9 8 2 8 7 91
4 9 8 1 14 2 28
4 9 8 1 3 13 165
4 9 8 0 9 8 15
4 9 7 14 0 4 79
4 9 7 12 1 5 139
4 9 7 11 7 0 32
4 9 7 10 2 6 25
4 9 7 9 8 1 75
4 9 7 8 3 7 62
4 9 7 7 9 2 128
4 9 7 6 4 8 40
4 9 7 5 10 3 45
4 9 7 4 5 9 138
4 9 7 3 11 4 74
4 9 7 3 0 15 92
4 9 7 2 6 10 96
4 9 7 1 12 5 60
4 9 7 1 1 16 67
4 9 7 0 18 0 197
4 9 7 0 7 11 174
4 9 6 17 2 0 187
4 9 6 15 3 1 75
4 9 6 13 4 2 118
4 9 6 11 5 3 151
4 9 6 10 0 9 48
4 9 6 9 6 4 140
4 9 6 8 1 10 184
4 9 6 7 7 5 130
4 9 6 6 13 0 157
4 9 6 6 2 11 176
4 9 6 5 8 6 160
4 9 6 4 14 1 5
4 9 6 4 3 12 190
4 9 6 3 9 7 9
4 9 6 2 15 2 106
4 9 6 2 4 13 154
4 9 6 1 10 8 73
4 9 6 0 16 3 103
4 9 6 0 5 14 119
4 9 5 17 0 3 10
4 9 5 15 1 4 128
4 9 5 13 2 5 187
4 9 5 12 8 0 137
4 9 5 11 3 6 133
4 9 5 10 9 1 54
4 9 5 9 4 7 146
4 9 5 8 10 2 51
4 9 5 7 5 8 12
4 9 5 6 11 3 15
4 9 5 6 0 14 140
4 9 5 5 6 9 18
4 9 5 4 12 4 58
4 9 5 4 1 15 112
4 9 5 3 7 10 90
4 9 5 2 13 5 173
4 9 5 2 2 16 42
4 9 5 1 19 0 35
4 9 5 1 8 11 6
4 9 5 0 14 6 147
4 9 5 0 3 17 149
4 9 4 18 3 0 22
4 9 4 16 4 1 75
4 9 4 14 5 2 40
4 9 4 13 0 8 35
4 9 4 12 6 3 113
4 9 4 11 1 9 196
4 9 4 10 7 4 18
4 9 4 9 2 10 69
4 9 4 8 8 5 159
4 9 4 7 14 0 85
4 9 4 7 3 11 94
4 9 4 6 9 6 109
4 9 4 5 15 1 182
4 9 4 5 4 12 103
4 9 4 4 10 7 50
4 9 4 3 16 2 16
4 9 4 3 5 13 63
4 9 4 2 11 8 194
4 9 4 2 0 19 135
4 9 4 1 17 3 80
4 9 4 1 6 14 112
4 9 4 0 12 9 119
4 9 4 0 1 20 178
4 9 3 20 0 2 76
4 9 3 18 1 3 133
4 9 3 16 2 4 140
4 9 3 14 3 5 58
4 9 3 13 9 0 152
4 9 3 12 4 6 137
4 9 3 11 10 1 48
4 9 3 10 5 7 147
4 9 3 9 11 2 156
4 9 3 9 0 13 19
4 9 3 8 6 8 60
4 9 3 7 12 3 27
4 9 3 7 1 14 87
4 9 3 6 7 9 157
4 9 3 5 13 4 123
4 9 3 5 2 15 149
4 9 3 4 8 10 124
4 9 3 3 14 5 180
4 9 3 3 3 16 72
4 9 3 2 20 0 179
4 9 3 2 9 11 94
4 9 3 1 15 6 80
4 9 3 1 4 17 7
4 9 3 0 21 1 151
4 9 3 0 10 12 40
4 9 2 19 4 0 94
4 9 2 17 5 1 130
4 9 2 16 0 7 136
4 9 2 15 6 2 107
4 9 2 14 1 8 66
4 9 2 13 7 3 189
4 9 2 12 2 9 66
4 9 2 11 8 4 57
4 9 2 10 3 10 117
4 9 2 9 9 5 145
4 9 2 8 15 0 134
4 9 2 8 4 11 151
4 9 2 7 10 6 162
4 9 2 6 16 1 55
4 9 2 6 5 12 50
4 9 2 5 11 7 115
4 9 2 5 0 18 89
4 9 2 4 17 2 24
4 9 2 4 6 13 90
4 9 2 3 12 8 98
4 9 2 3 1 19 109
4 9 2 2 18 3 123
4 9 2 2 7 14 98
4 9 2 1 13 9 16
4 9 2 1 2 20 49
4 9 2 0 19 4 101
4 9 2 0 8 15 19
4 9 1 23 0 1 189
4 9 1 21 1 2 109
4 9 1 19 2 3 99
4 9 1 17 3 4 24
4 9 1 15 4 5 21
4 9 1 14 10 0 9
4 9 1 13 5 6 29
4 9 1 12 11 1 85
4 9 1 12 0 12 164
4 9 1 11 6 7 88
4 9 1 10 12 2 196
4 9 1 10 1 13 90
4 9 1 9 7 8 139
4 9 1 8 13 3 197
4 9 1 8 2 14 140
4 9 1 7 8 9 22
4 9 1 6 14 4 150
4 9 1 6 3 15 178
4 9 1 5 9 10 172
4 9 1 4 15 5 25
4 9 1 4 4 16 123
4 9 1 3 21 0 104
4 9 1 3 10 11 60
4 9 1 2 16 6 28
4 9 1 2 5 17 133
4 9 1 1 22 1 80
4 9 1 1 11 12 101
4 9 1 1 0 23 179
4 9 1 0 17 7 132
4 9 1 0 6 18 36
4 9 0 20 5 0 82
4 9 0 19 0 6 74
4 9 0 18 6 1 73
4 9 0 17 1 7 47
4 9 0 16 7 2 132
4 9 0 15 2 8 96
4 9 0 14 8 3 188
4 9 0 13 3 9 11
4 9 0 12 9 4 73
4 9 0 11 4 10 10
4 9 0 10 10 5 8
4 9 0 9 16 0 94
4 9 0 9 5 11 82
4 9 0 8 11 6 70
4 9 0 8 0 17 90
4 9 0 7 17 1 34
4 9 0 7 6 12 89
4 9 0 6 12 7 76
4 9 0 6 1 18 26
4 9 0 5 18 2 128
4 9 0 5 7 13 13
4 9 0 4 13 8 50
4 9 0 4 2 19 13
4 9 0 3 19 3 89
4 9 0 3 8 14 156
4 9 0 2 14 9 173
4 9 0 2 3 20 130
4 9 0 1 20 4 196
4 9 0 1 9 15 2
4 9 0 0 15 10 15
4 9 0 0 4 21 5
4 8 25 0 1 0 42
4 8 23 1 2 0 67
4 8 22 1 0 3 140
4 8 21 2 3 0 125
4 8 21 0 4 1 114
4 8 20 4 0 2 107
4 8 20 2 1 3 9
4 8 20 0 2 4 82
4 8 19 3 4 0 25
4 8 19 1 5 1 32
4 8 19 0 0 7 172
4 8 18 7 0 1 136
4 8 18 5 1 2 68
4 8 18 3 2 3 174
4 8 18 1 3 4 151
4 8 17 4 5 0 154
4 8 17 3 0 6 155
4 8 17 2 6 1 1
4 8 17 1 1 7 148
4 8 17 0 7 2 68
4 8 16 10 0 0 116
4 8 16 8 1 1 18
4 8 16 6 2 2 154
4 8 16 4 3 3 154
4 8 16 2 4 4 115
4 8 16 0 5 5 111
4 8 15 6 0 5 189
4 8 15 5 6 0 121
4 8 15 4 1 6 52
4 8 15 3 7 1 4
4 8 15 2 2 7 158
4 8 15 1 8 2 129
4 8 15 0 3 8 50
4 8 14 11 1 0 180
4 8 14 9 2 1 185
4 8 14 7 3 2 54
4 8 14 5 4 3 40
4 8 14 3 5 4 3
4 8 14 2 0 10 18
4 8 14 1 6 5 134
4 8 14 0 12 0 159
4 8 14 0 1 11 171
4 8 13 9 0 4 54
4 8 13 7 1 5 66
4 8 13 6 7 0 58
4 8 13 5 2 6 118
4 8 13 4 8 1 179
4 8 13 3 3 7 143
4 8 13 2 9 2 127
4 8 13 1 4 8 55
4 8 13 0 10 3 40
4 8 12 12 2 0 21
4 8 12 10 3 1 111
4 8 12 8 4 2 167
4 8 12 6 5 3 174
4 8 12 5 0 9 131
4 8 12 4 6 4 127
4 8 12 3 1 10 120
4 8 12 2 7 5 53
4 8 12 1 13 0 139
4 8 12 1 2 11 150
4 8 12 0 8 6 62
4 8 11 12 0 3 51
4 8 11 10 1 4 105
4 8 11 8 2 5 28
4 8 11 7 8 0 45
4 8 11 6 3 6 125
4 8 11 5 9 1 85
4 8 11 4 4 7 74
4 8 11 3 10 2 94
4 8 11 2 5 8 51
4 8 11 1 11 3 68
4 8 11 1 0 14 71
4 8 11 0 6 9 56
4 8 10 13 3 0 38
4 8 10 11 4 1 198
4 8 10 9 5 2 171
4 8 10 8 0 8 119
4 8 10 7 6 3 158
4 8 10 6 1 9 160
4 8 10 5 7 4 92
4 8 10 4 2 10 30
4 8 10 3 8 5 152
4 8 10 2 14 0 128
4 8 10 2 3 11 4
4 8 10 1 9 6 107
4 8 10 0 15 1 197
4 8 10 0 4 12 80
4 8 9 15 0 2 80
4 8 9 13 1 3 93
4 8 9 11 2 4 34
4 8 9 9 3 5 191
4 8 9 8 9 0 20
4 8 9 7 4 6 82
4 8 9 6 10 1 132
4 8 9 5 5 7 76
4 8 9 4 11 2 186
4 8 9 4 0 13 75
4 8 9 3 6 8 195
4 8 9 2 12 3 160
4 8 9 2 1 14 14
4 8 9 1 7 9 189
4 8 9 0 13 4 194
4 8 9 0 2 15 77
4 8 8 14 4 0 106
4 8 8 12 5 1 197
4 8 8 11 0 7 102
4 8 8 10 6 2 139
4 8 8 9 1 8 43
4 8 8 8 7 3 98
4 8 8 7 2 9 31
4 8 8 6 8 4 129
4 8 8 5 3 10 162
4 8 8 4 9 5 14
4 8 8 3 15 0 47
4 8 8 3 4 11 187
4 8 8 2 10 6 74
4 8 8 1 16 1 9
4 8 8 1 5 12 160
4 8 8 0 11 7 129
4 8 8 0 0 18 17
4 8 7 18 0 1 187
4 8 7 16 1 2 51
4 8 7 14 2 3 114
4 8 7 12 3 4 130
4 8 7 10 4 5 70
4 8 7 9 10 0 101
4 8 7 8 5 6 13
4 8 7 7 11 1 101
4 8 7 7 0 12 180
4 8 7 6 6 7 104
4 8 7 5 12 2 74
4 8 7 5 1 13 98
4 8 7 4 7 8 46
4 8 7 3 13 3 194
4 8 7 3 2 14 88
4 8 7 2 8 9 181
4 8 7 1 14 4 188
4 8 7 1 3 15 86
4 8 7 0 9 10 103
4 8 6 15 5 0 20
4 8 6 14 0 6 131
4 8 6 13 6 1 194
4 8 6 12 1 7 73
4 8 6 11 7 2 100
4 8 6 10 2 8 96
4 8 6 9 8 3 77
4 8 6 8 3 9 161
4 8 6 7 9 4 50
4 8 6 6 4 10 124
4 8 6 5 10 5 126
4 8 6 4 16 0 194
4 8 6 4 5 11 137
4 8 6 3 11 6 34
4 8 6 3 0 17 139
4 8 6 2 17 1 148
4 8 6 2 6 12 2
4 8 6 1 12 7 18
4 8 6 1 1 18 29
4 8 6 0 18 2 82
4 8 6 0 7 13 128
4 8 5 21 0 0 29
4 8 5 19 1 1 90
4 8 5 17 2 2 29
4 8 5 15 3 3 90
4 8 5 13 4 4 46
4 8 5 11 5 5 165
4 8 5 10 11 0 176
4 8 5 10 0 11 60
4 8 5 9 6 6 72
4 8 5 8 12 1 129
4 8 5 8 1 12 131
4 8 5 7 7 7 161
4 8 5 6 13 2 42
4 8 5 6 2 13 198
4 8 5 5 8 8 131
4 8 5 4 14 3 138
4 8 5 4 3 14 77
4 8 5 3 9 9 125
4 8 5 2 15 4 191
4 8 5 2 4 15 196
4 8 5 1 10 10 130
4 8 5 0 16 5 39
4 8 5 0 5 16 108
4 8 4 17 0 5 151
4 8 4 16 6 0 51
4 8 4 15 1 6 145
4 8 4 14 7 1 154
4 8 4 13 2 7 18
4 8 4 12 8 2 50
4 8 4 11 3 8 26
4 8 4 10 9 3 112
4 8 4 9 4 9 75
4 8 4 8 10 4 155
4 8 4 7 5 10 110
4 8 4 6 11 5 121
4 8 4 6 0 16 104
4 8 4 5 17 0 70
4 8 4 5 6 11 148
4 8 4 4 12 6 187
4 8 4 4 1 17 155
4 8 4 3 18 1 186
4 8 4 3 7 12 132
4 8 4 2 13 7 18
4 8 4 2 2 18 189
4 8 4 1 19 2 189
4 8 4 1 8 13 173
4 8 4 0 14 8 45
4 8 4 0 3 19 34
4 8 3 22 1 0 38
4 8 3 20 2 1 33
4 8 3 18 3 2 159
4 8 3 16 4 3 92
4 8 3 14 5 4 136
4 8 3 13 0 10 49
4 8 3 12 6 5 136
4 8 3 11 12 0 161
4 8 3 11 1 11 165
4 8 3 10 7 6 176
4 8 3 9 13 1 75
4 8 3 9 2 12 22
4 8 3 8 8 7 118
4 8 3 7 14 2 186
4 8 3 7 3 13 100
4 8 3 6 9 8 58
4 8 3 5 15 3 187
4 8 3 5 4 14 197
4 8 3 4 10 9 196
4 8 3 3 16 4 99
4 8 3 3 5 15 186
4 8 3 2 11 10 15
4 8 3 2 0 21 150
4 8 3 1 17 5 164
4 8 3 1 6 16 150
4 8 3 0 23 0 28
4 8 3 0 12 11 85
4 8 3 0 1 22 136
4 8 2 20 0 4 4
4 8 2 18 1 5 35
4 8 2 17 7 0 9
4 8 2 16 2 6 42
4 8 2 15 8 1 71
4 8 2 14 3 7 56
4 8 2 13 9 2 107
4 8 2 12 4 8 151
4 8 2 11 10 3 65
4 8 2 10 5 9 44
4 8 2 9 11 4 36
4 8 2 9 0 15 167
4 8 2 8 6 10 166
4 8 2 7 12 5 39
4 8 2 7 1 16 175
4 8 2 6 18 0 137
4 8 2 6 7 11 107
4 8 2 5 13 6 50
4 8 2 5 2 17 156
4 8 2 4 19 1 76
4 8 2 4 8 12 166
4 8 2 3 14 7 114
4 8 2 3 3 18 4
4 8 2 2 20 2 167
4 8 2 2 9 13 108
4 8 2 1 15 8 78
4 8 2 1 4 19 177
4 8 2 0 21 3 36
4 8 2 0 10 14 34
4 8 1 23 2 0 15
4 8 1 21 3 1 58
4 8 1 19 4 2 152
4 8 1 17 5 3 143
4 8 1 16 0 9 16
4 8 1 15 6 4 3
4 8 1 14 1 10 63
4 8 1 13 7 5 51
4 8 1 12 13 0 7
4 8 1 12 2 11 8
4 8 1 11 8 6 35
4 8 1 10 14 1 33
4 8 1 10 3 12 162
4 8 1 9 9 7 93
4 8 1 8 15 2 15
4 8 1 8 4 13 126
4 8 1 7 10 8 172
4 8 1 6 16 3 28
4 8 1 6 5 14 131
4 8 1 5 11 9 126
4 8 1 5 0 20 33
4 8 1 4 17 4 190
4 8 1 4 6 15 1
4 8 1 3 12 10 43
4 8 1 3 1 21 3
4 8 1 2 18 5 94
4 8 1 2 7 16 90
4 8 1 1 24 0 158
4 8 1 1 13 11 43
4 8 1 1 2 22 119
4 8 1 0 19 6 10
4 8 1 0 8 17 44
4 8 0 23 0 3 116
4 8 0 21 1 4 53
4 8 0 19 2 5 72
4 8 0 18 8 0 124
4 8 0 17 3 6 191
4 8 0 16 9 1 31
4 8 0 15 4 7 190
4 8 0 14 10 2 118
4 8 0 13 5 8 7
4 8 0 12 11 3 91
4 8 0 12 0 14 27
4 8 0 11 6 9 39
4 8 0 10 12 4 24
4 8 0 10 1 15 86
4 8 0 9 7 10 122
4 8 0 8 13 5 21
4 8 0 8 2 16 177
4 8 0 7 19 0 154
4 8 0 7 8 11 141
4 8 0 6 14 6 174
4 8 0 6 3 17 53
4 8 0 5 20 1 112
4 8 0 5 9 12 35
4 8 0 4 15 7 18
4 8 0 4 4 18 159
4 8 0 3 21 2 80
4 8 0 3 10 13 68
4 8 0 2 16 8 12
4 8 0 2 5 19 19
4 8 0 1 22 3 144
4 8 0 1 11 14 182
4 8 0 0 17 9 181
4 8 0 0 6 20 84
4 7 24 2 0 1 136
4 7 24 0 1 2 17
4 7 22 5 0 0 62
4 7 22 3 1 1 152
4 7 22 1 2 2 151
4 7 21 1 0 5 179
4 7 21 0 6 0 130
4 7 20 6 1 0 12
4 7 20 4 2 1 80
4 7 20 2 3 2 132
4 7 20 0 4 3 26
4 7 19 4 0 4 149
4 7 19 2 1 5 45
4 7 19 1 7 0 167
4 7 19 0 2 6 97
4 7 18 7 2 0 56
4 7 18 5 3 1 67
4 7 18 3 4 2 173
4 7 18 1 5 3 123
4 7 18 0 0 9 163
4 7 17 7 0 3 154
4 7 17 5 1 4 98
4 7 17 3 2 5 13
4 7 17 2 8 0 121
4 7 17 1 3 6 156
4 7 17 0 9 1 71
4 7 16 8 3 0 104
4 7 16 6 4 1 47
4 7 16 4 5 2 38
4 7 16 3 0 8 81
4 7 16 2 6 3 97
4 7 16 1 1 9 127
4 7 16 0 7 4 44
4 7 15 10 0 2 7
4 7 15 8 1 3 130
4 7 15 6 2 4 72
4 7 15 4 3 5 192
4 7 15 3 9 0 193
4 7 15 2 4 6 37
4 7 15 1 10 1 185
4 7 15 0 5 7 182
4 7 14 7 5 1 84
4 7 14 6 0 7 78
4 7 14 5 6 2 46
4 7 14 4 1 8 47
4 7 14 3 7 3 91
4 7 14 2 2 9 184
4 7 14 1 8 4 93
4 7 14 0 3 10 114
4 7 13 13 0 1 76
4 7 13 11 1 2 22
4 7 13 9 2 3 34
4 7 13 7 3 4 20
4 7 13 5 4 5 151
4 7 13 4 10 0 79
4 7 13 3 5 6 151
4 7 13 2 11 1 99
4 7 13 2 0 12 63
4 7 13 1 6 7 135
4 7 13 0 12 2 183
4 7 13 0 1 13 23
4 7 12 10 5 0 96
4 7 12 9 0 6 67
4 7 12 8 6 1 119
4 7 12 7 1 7 29
4 7 12 6 7 2 75
4 7 12 5 2 8 6
4 7 12 4 8 3 12
4 7 12 3 3 9 52
4 7 12 2 9 4 127
4 7 12 1 4 10 17
4 7 12 0 10 5 4
4 7 11 16 0 0 4
4 7 11 14 1 1 57
4 7 11 12 2 2 75
4 7 11 10 3 3 110
4 7 11 8 4 4 136
4 7 11 6 5 5 87
4 7 11 5 11 0 17
4 7 11 5 0 11 12
4 7 11 4 6 6 119
4 7 11 3 12 1 48
4 7 11 3 1 12 179
4 7 11 2 7 7 87
4 7 11 1 13 2 163
4 7 11 1 2 13 77
4 7 11 0 8 8 120
4 7 10 12 0 5 150
4 7 10 11 6 0 184
4 7 10 10 1 6 164
4 7 10 9 7 1 85
4 7 10 8 2 7 188
4 7 10 7 8 2 173
4 7 10 6 3 8 63
4 7 10 5 9 3 182
4 7 10 4 4 9 92
4 7 10 3 10 4 6
4 7 10 2 5 10 47
4 7 10 1 11 5 96
4 7 10 1 0 16 155
4 7 10 0 17 0 23
4 7 10 0 6 11 37
4 7 9 17 1 0 97
4 7 9 15 2 1 53
4 7 9 13 3 2 101
4 7 9 11 4 3 90
4 7 9 9 5 4 50
4 7 9 8 0 10 77
4 7 9 7 6 5 165
4 7 9 6 12 0 77
4 7 9 6 1 11 125
4 7 9 5 7 6 108
4 7 9 4 13 1 181
4 7 9 4 2 12 72
4 7 9 3 8 7 149
4 7 9 2 14 2 180
4 7 9 2 3 13 186
4 7 9 1 9 8 81
4 7 9 0 15 3 40
4 7 9 0 4 14 10
4 7 8 15 0 4 150
4 7 8 13 1 5 172
4 7 8 12 7 0 47
4 7 8 11 2 6 62
4 7 8 10 8 1 114
4 7 8 9 3 7 15
4 7 8 8 9 2 119
4 7 8 7 4 8 17
4 7 8 6 10 3 169
4 7 8 5 5 9 168
4 7 8 4 11 4 164
4 7 8 4 0 15 118
4 7 8 3 6 10 106
4 7 8 2 12 5 126
4 7 8 2 1 16 175
4 7 8 1 18 0 62
4 7 8 1 7 11 149
4 7 8 0 13 6 72
4 7 8 0 2 17 95
4 7 7 18 2 0 147
4 7 7 16 3 1 190
4 7 7 14 4 2 81
4 7 7 12 5 3 108
4 7 7 11 0 9 117
4 7 7 10 6 4 78
4 7 7 9 1 10 144
4 7 7 8 7 5 151
4 7 7 7 13 0 127
4 7 7 7 2 11 174
4 7 7 6 8 6 89
4 7 7 5 14 1 99
4 7 7 5 3 12 156
4 7 7 4 9 7 112
4 7 7 3 15 2 169
4 7 7 3 4 13 5
4 7 7 2 10 8 143
4 7 7 1 5 14 144
4 7 7 0 11 9 181
4 7 7 0 0 20 104
4 7 6 18 0 3 16
4 7 6 16 1 4 144
4 7 6 14 2 5 113
4 7 6 13 8 0 134
4 7 6 12 3 6 79
4 7 6 11 9 1 57
4 7 6 10 4 7 105
4 7 6 9 10 2 25
4 7 6 8 5 8 160
4 7 6 7 11 3 164
4 7 6 7 0 14 178
4 7 6 6 6 9 90
4 7 6 5 12 4 101
4 7 6 5 1 15 112
4 7 6 4 7 10 49
4 7 6 3 13 5 131
4 7 6 3 2 16 118
4 7 6 2 19 0 42
4 7 6 2 8 11 44
4 7 6 1 14 6 116
4 7 6 1 3 17 182
4 7 6 0 20 1 141
4 7 6 0 9 12 194
4 7 5 19 3 0 190
4 7 5 17 4 1 125
4 7 5 15 5 2 138
4 7 5 14 0 8 134
4 7 5 13 6 3 84
4 7 5 12 1 9 33
4 7 5 11 7 4 124
4 7 5 10 2 10 31
4 7 5 9 8 5 166
4 7 5 8 14 0 167
4 7 5 8 3 11 163
4 7 5 7 9 6 148
4 7 5 6 15 1 10
4 7 5 6 4 12 131
4 7 5 5 10 7 32
4 7 5 4 16 2 134
4 7 5 4 5 13 77
4 7 5 3 11 8 172
4 7 5 3 0 19 144
4 7 5 2 17 3 137
4 7 5 2 6 14 155
4 7 5 1 12 9 81
4 7 5 1 1 20 98
4 7 5 0 18 4 90
4 7 5 0 7 15 191
4 7 4 21 0 2 78
4 7 4 19 1 3 154
4 7 4 17 2 4 120
4 7 4 15 3 5 85
4 7 4 14 9 0 29
4 7 4 13 4 6 34
4 7 4 12 10 1 103
4 7 4 11 5 7 86
4 7 4 10 11 2 13
4 7 4 10 0 13 190
4 7 4 9 6 8 25
4 7 4 8 12 3 25
4 7 4 8 1 14 71
4 7 4 7 7 9 182
4 7 4 6 13 4 132
4 7 4 6 2 15 97
4 7 4 5 8 10 134
4 7 4 4 14 5 109
4 7 4 4 3 16 40
4 7 4 3 20 0 25
4 7 4 3 9 11 175
4 7 4 2 15 6 17
4 7 4 2 4 17 116
4 7 4 1 21 1 134
4 7 4 1 10 12 11
4 7 4 0 16 7 130
4 7 4 0 5 18 38
4 7 3 20 4 0 62
4 7 3 18 5 1 150
4 7 3 17 0 7 159
4 7 3 16 6 2 140
4 7 3 15 1 8 186
4 7 3 14 7 3 126
4 7 3 13 2 9 147
4 7 3 12 8 4 74
4 7 3 11 3 10 25
4 7 3 10 9 5 2
4 7 3 9 15 0 134
4 7 3 9 4 11 85
4 7 3 8 10 6 83
4 7 3 7 16 1 122
4 7 3 7 5 12 119
4 7 3 6 11 7 75
4 7 3 6 0 18 37
4 7 3 5 17 2 95
4 7 3 5 6 13 172
4 7 3 4 12 8 44
4 7 3 4 1 19 196
4 7 3 3 18 3 47
4 7 3 3 7 14 44
4 7 3 2 13 9 85
4 7 3 2 2 20 1
4 7 3 1 19 4 68
4 7 3 1 8 15 84
4 7 3 0 14 10 98
4 7 3 0 3 21 163
4 7 2 24 0 1 96
4 7 2 22 1 2 70
4 7 2 20 2 3 151
4 7 2 18 3 4 84
4 7 2 16 4 5 42
4 7 2 15 10 0 171
4 7 2 14 5 6 17
4 7 2 13 11 1 122
4 7 2 13 0 12 33
4 7 2 12 6 7 75
4 7 2 11 12 2 50
4 7 2 11 1 13 155
4 7 2 10 7 8 163
4 7 2 9 13 3 30
4 7 2 9 2 14 177
4 7 2 8 8 9 119
4 7 2 7 14 4 78
4 7 2 7 3 15 75
4 7 2 6 9 10 171
4 7 2 5 15 5 143
4 7 2 5 4 16 147
4 7 2 4 21 0 44
4 7 2 4 10 11 122
4 7 2 3 16 6 196
4 7 2 3 5 17 193
4 7 2 2 22 1 128
4 7 2 2 11 12 154
4 7 2 2 0 23 182
4 7 2 1 17 7 52
4 7 2 1 6 18 104
4 7 2 0 23 2 194
4 7 2 0 12 13 14
4 7 2 0 1 24 191
4 7 1 21 5 0 157
4 7 1 20 0 6 197
4 7 1 19 6 1 117
4 7 1 18 1 7 105
4 7 1 17 7 2 176
4 7 1 16 2 8 188
4 7 1 15 8 3 49
4 7 1 14 3 9 71
4 7 1 13 9 4 80
4 7 1 12 4 10 18
4 7 1 11 10 5 17
4 7 1 10 16 0 168
4 7 1 10 5 11 109
4 7 1 9 11 6 47
4 7 1 9 0 17 13
4 7 1 8 17 1 142
4 7 1 8 6 12 133
4 7 1 7 12 7 61
4 7 1 7 1 18 195
4 7 1 6 18 2 110
4 7 1 6 7 13 43
4 7 1 5 13 8 128
4 7 1 5 2 19 64
4 7 1 4 19 3 30
4 7 1 4 8 14 86
4 7 1 3 14 9 61
4 7 1 3 3 20 85
4 7 1 2 20 4 131
4 7 1 2 9 15 120
4 7 1 1 15 10 183
4 7 1 1 4 21 1
4 7 1 0 21 5 91
4 7 1 0 10 16 52
4 7 0 27 0 0 105
4 7 0 25 1 1 8
4 7 0 23 2 2 99
4 7 0 21 3 3 33
4 7 0 19 4 4 69
4 7 0 17 5 5 150
4 7 0 16 11 0 185
4 7 0 16 0 11 47
4 7 0 15 6 6 14
4 7 0 14 12 1 40
4 7 0 14 1 12 144
4 7 0 13 7 7 176
4 7 0 12 13 2 41
4 7 0 12 2 13 13
4 7 0 11 8 8 61
4 7 0 10 14 3 161
4 7 0 10 3 14 65
4 7 0 9 9 9 69
4 7 0 8 15 4 113
4 7 0 8 4 15 187
4 7 0 7 10 10 81
4 7 0 6 16 5 145
4 7 0 6 5 16 124
4 7 0 5 22 0 117
4 7 0 5 11 11 157
4 7 0 5 0 22 98
4 7 0 4 17 6 90
4 7 0 4 6 17 52
4 7 0 3 23 1 138
4 7 0 3 12 12 82
4 7 0 3 1 23 95
4 7 0 2 18 7 37
4 7 0 2 7 18 137
4 7 0 1 13 13 174
4 7 0 1 2 24 34
4 7 0 0 19 8 36
4 7 0 0 8 19 73
4 6 28 0 0 0 180
4 6 26 1 1 0 154
4 6 24 2 2 0 32
4 6 24 0 3 1 109
4 6 23 2 0 3 72
4 6 23 0 1 4 195
4 6 22 3 3 0 164
4 6 22 1 4 1 92
4 6 21 5 0 2 47
4 6 21 3 1 3 23
4 6 21 1 2 4 153
4 6 20 4 4 0 155
4 6 20 2 5 1 107
4 6 20 1 0 7 138
4 6 20 0 6 2 165
4 6 19 8 0 1 80
4 6 19 6 1 2 141
4 6 19 4 2 3 32
4 6 19 2 3 4 31
4 6 19 0 4 5 67
4 6 18 5 5 0 16
4 6 18 4 0 6 24
4 6 18 3 6 1 35
4 6 18 2 1 7 45
4 6 18 1 7 2 7
4 6 18 0 2 8 89
4 6 17 11 0 0 65
4 6 17 9 1 1 134
4 6 17 7 2 2 179
4 6 17 5 3 3 14
4 6 17 3 4 4 72
4 6 17 1 5 5 149
4 6 17 0 11 0 92
4 6 17 0 0 11 64
4 6 16 7 0 5 177
4 6 16 6 6 0 29
4 6 16 5 1 6 100
4 6 16 4 7 1 50
4 6 16 3 2 7 78
4 6 16 2 8 2 102
4 6 16 1 3 8 147
4 6 16 0 9 3 173
4 6 15 12 1 0 26
4 6 15 10 2 1 16
4 6 15 8 3 2 159
4 6 15 6 4 3 126
4 6 15 4 5 4 12
4 6 15 3 0 10 34
4 6 15 2 6 5 181
4 6 15 1 12 0 195
4 6 15 1 1 11 16
4 6 15 0 7 6 102
4 6 14 10 0 4 62
4 6 14 8 1 5 32
4 6 14 7 7 0 160
4 6 14 6 2 6 37
4 6 14 5 8 1 27
4 6 14 4 3 7 21
4 6 14 3 9 2 120
4 6 14 2 4 8 57
4 6 14 1 10 3 151
4 6 13 13 2 0 50
4 6 13 11 3 1 33
4 6 13 9 4 2 161
4 6 13 7 5 3 95
4 6 13 6 0 9 106
4 6 13 5 6 4 176
4 6 13 4 1 10 135
4 6 13 3 7 5 146
4 6 13 2 13 0 164
4 6 13 2 2 11 85
4 6 13 1 8 6 190
4 6 13 0 14 1 29
4 6 13 0 3 12 85
4 6 12 13 0 3 143
4 6 12 11 1 4 158
4 6 12 9 2 5 140
4 6 12 8 8 0 134
4 6 12 7 3 6 16
4 6 12 6 9 1 177
4 6 12 5 4 7 46
4 6 12 4 10 2 100
4 6 12 3 5 8 86
4 6 12 2 11 3 161
4 6 12 2 0 14 112
4 6 12 1 6 9 110
4 6 12 0 12 4 139
4 6 12 0 1 15 148
4 6 11 14 3 0 139
4 6 11 12 4 1 165
4 6 11 10 5 2 147
4 6 11 9 0 8 99
4 6 11 8 6 3 153
4 6 11 7 1 9 95
4 6 11 6 7 4 169
4 6 11 5 2 10 95
4 6 11 4 8 5 106
4 6 11 3 14 0 64
4 6 11 3 3 11 79
4 6 11 2 9 6 26
4 6 11 1 15 1 169
4 6 11 1 4 12 77
4 6 11 0 10 7 136
4 6 10 16 0 2 157
4 6 10 14 1 3 40
4 6 10 12 2 4 187
4 6 10 10 3 5 72
4 6 10 9 9 0 104
4 6 10 8 4 6 125
4 6 10 7 10 1 32
4 6 10 6 5 7 55
4 6 10 5 11 2 17
4 6 10 5 0 13 66
4 6 10 4 6 8 15
4 6 10 3 12 3 103
4 6 10 3 1 14 56
4 6 10 2 7 9 197
4 6 10 1 13 4 14
4 6 10 1 2 15 68
4 6 10 0 8 10 165
4 6 9 15 4 0 120
4 6 9 13 5 1 36
4 6 9 12 0 7 73
4 6 9 11 6 2 114
4 6 9 9 7 3 18
4 6 9 8 2 9 6
4 6 9 7 8 4 115
4 6 9 6 3 10 17
4 6 9 5 9 5 48
4 6 9 4 15 0 55
4 6 9 4 4 11 152
4 6 9 3 10 6 188
4 6 9 2 16 1 89
4 6 9 2 5 12 15
4 6 9 1 11 7 186
4 6 9 1 0 18 117
4 6 9 0 17 2 139
4 6 9 0 6 13 135
4 6 8 19 0 1 179
4 6 8 17 1 2 164
4 6 8 15 2 3 83
4 6 8 13 3 4 163
4 6 8 11 4 5 165
4 6 8 10 10 0 134
4 6 8 9 5 6 162
4 6 8 8 11 1 7
4 6 8 8 0 12 166
4 6 8 7 6 7 174
4 6 8 6 12 2 183
4 6 8 6 1 13 25
4 6 8 5 7 8 96
4 6 8 4 13 3 3
4 6 8 4 2 14 92
4 6 8 3 8 9 126
4 6 8 2 14 4 65
4 6 8 2 3 15 25
4 6 8 1 9 10 96
4 6 8 0 15 5 16
4 6 8 0 4 16 3
4 6 7 16 5 0 33
4 6 7 15 0 6 141
4 6 7 14 6 1 74
4 6 7 13 1 7 109
4 6 7 12 7 2 4
4 6 7 11 2 8 46
4 6 7 10 8 3 150
4 6 7 9 3 9 109
4 6 7 8 9 4 88
4 6 7 7 4 10 167
4 6 7 6 10 5 69
4 6 7 5 16 0 164
4 6 7 5 5 11 97
4 6 7 4 11 6 182
4 6 7 4 0 17 84
4 6 7 3 17 1 17
4 6 7 3 6 12 172
4 6 7 2 12 7 153
4 6 7 2 1 18 174
4 6 7 1 18 2 4
4 6 7 1 7 13 163
4 6 7 0 13 8 118
4 6 7 0 2 19 187
4 6 6 22 0 0 26
4 6 6 20 1 1 191
4 6 6 18 2 2 75
4 6 6 16 3 3 10
4 6 6 14 4 4 171
4 6 6 12 5 5 23
4 6 6 11 11 0 55
4 6 6 11 0 11 126
4 6 6 10 6 6 120
4 6 6 9 12 1 62
4 6 6 9 1 12 167
4 6 6 8 7 7 115
4 6 6 7 13 2 113
4 6 6 7 2 13 117
4 6 6 6 8 8 60
4 6 6 5 14 3 198
4 6 6 5 3 14 37
4 6 6 4 9 9 185
4 6 6 3 15 4 197
4 6 6 3 4 15 3
4 6 6 2 10 10 5
4 6 6 1 16 5 178
4 6 6 1 5 16 170
4 6 6 0 22 0 46
4 6 6 0 11 11 115
4 6 6 0 0 22 176
4 6 5 18 0 5 189
4 6 5 17 6 0 59
4 6 5 16 1 6 129
4 6 5 15 7 1 172
4 6 5 14 2 7 112
4 6 5 13 8 2 19
4 6 5 12 3 8 109
4 6 5 11 9 3 96
4 6 5 10 4 9 50
4 6 5 9 10 4 74
4 6 5 8 5 10 172
4 6 5 7 11 5 84
4 6 5 7 0 16 198
4 6 5 6 17 0 5
4 6 5 6 6 11 184
4 6 5 5 12 6 113
4 6 5 5 1 17 52
4 6 5 4 18 1 10
4 6 5 4 7 12 180
4 6 5 3 13 7 77
4 6 5 3 2 18 187
4 6 5 2 19 2 167
4 6 5 2 8 13 198
4 6 5 1 14 8 90
4 6 5 1 3 19 140
4 6 5 0 20 3 121
4 6 5 0 9 14 109
4 6 4 23 1 0 155
4 6 4 21 2 1 132
4 6 4 19 3 2 17
4 6 4 17 4 3 104
4 6 4 15 5 4 29
4 6 4 14 0 10 157
4 6 4 13 6 5 23
4 6 4 12 12 0 92
4 6 4 12 1 11 121
4 6 4 11 7 6 101
4 6 4 10 13 1 133
4 6 4 10 2 12 72
4 6 4 9 8 7 107
4 6 4 8 14 2 21
4 6 4 8 3 13 71
4 6 4 7 9 8 197
4 6 4 6 15 3 141
4 6 4 6 4 14 178
4 6 4 5 10 9 87
4 6 4 4 16 4 120
4 6 4 4 5 15 107
4 6 4 3 11 10 135
4 6 4 3 0 21 115
4 6 4 2 17 5 171
4 6 4 2 6 16 62
4 6 4 1 23 0 160
4 6 4 1 12 11 81
4 6 4 1 1 22 6
4 6 4 0 18 6 141
4 6 4 0 7 17 73
4 6 3 21 0 4 86
4 6 3 19 1 5 154
4 6 3 18 7 0 97
4 6 3 17 2 6 5
4 6 3 16 8 1 90
4 6 3 15 3 7 74
4 6 3 14 9 2 164
4 6 3 13 4 8 128
4 6 3 12 10 3 142
4 6 3 11 5 9 68
4 6 3 10 11 4 146
4 6 3 10 0 15 117
4 6 3 9 6 10 51
4 6 3 8 12 5 110
4 6 3 8 1 16 135
4 6 3 7 18 0 12
4 6 3 7 7 11 18
4 6 3 6 13 6 108
4 6 3 6 2 17 42
4 6 3 5 19 1 14
4 6 3 5 8 12 106
4 6 3 4 14 7 90
4 6 3 4 3 18 110
4 6 3 3 20 2 111
4 6 3 3 9 13 96
4 6 3 2 15 8 72
4 6 3 2 4 19 27
4 6 3 1 21 3 126
4 6 3 1 10 14 180
4 6 3 0 16 9 65
4 6 3 0 5 20 151
4 6 2 24 2 0 168
4 6 2 22 3 1 156
4 6 2 20 4 2 119
4 6 2 18 5 3 169
4 6 2 17 0 9 19
4 6 2 16 6 4 133
4 6 2 15 1 10 100
4 6 2 14 7 5 116
4 6 2 13 13 0 40
4 6 2 13 2 11 3
4 6 2 12 8 6 80
4 6 2 11 14 1 76
4 6 2 11 3 12 196
4 6 2 10 9 7 180
4 6 2 9 15 2 81
4 6 2 9 4 13 178
4 6 2 8 10 8 9
4 6 2 7 16 3 35
4 6 2 7 5 14 7
4 6 2 6 11 9 58
4 6 2 6 0 20 36
4 6 2 5 17 4 134
4 6 2 5 6 15 167
4 6 2 4 12 10 128
4 6 2 4 1 21 190
4 6 2 3 18 5 155
4 6 2 3 7 16 92
4 6 2 2 24 0 37
4 6 2 2 13 11 48
4 6 2 2 2 22 188
4 6 2 1 19 6 19
4 6 2 1 8 17 83
4 6 2 0 25 1 43
4 6 2 0 14 12 21
4 6 2 0 3 23 103
4 6 1 24 0 3 196
4 6 1 22 1 4 115
4 6 1 20 2 5 49
4 6 1 19 8 0 101
4 6 1 18 3 6 25
4 6 1 17 9 1 128
4 6 1 16 4 7 49
4 6 1 15 10 2 86
4 6 1 14 5 8 126
4 6 1 13 11 3 109
4 6 1 13 0 14 71
4 6 1 12 6 9 22
4 6 1 11 12 4 40
4 6 1 11 1 15 30
4 6 1 10 7 10 138
4 6 1 9 13 5 136
4 6 1 9 2 16 37
4 6 1 8 19 0 62
4 6 1 8 8 11 154
4 6 1 7 14 6 75
4 6 1 7 3 17 188
4 6 1 6 20 1 120
4 6 1 6 9 12 13
4 6 1 5 15 7 84
4 6 1 5 4 18 20
4 6 1 4 21 2 155
4 6 1 4 10 13 55
4 6 1 3 16 8 4
4 6 1 3 5 19 186
4 6 1 2 22 3 112
4 6 1 2 11 14 150
4 6 1 2 0 25 89
4 6 1 1 17 9 12
4 6 1 1 6 20 186
4 6 1 0 23 4 126
4 6 1 0 12 15 83
4 6 1 0 1 26 130
4 6 0 25 3 0 187
4 6 0 23 4 1 179
4 6 0 21 5 2 35
4 6 0 20 0 8 187
4 6 0 19 6 3 85
4 6 0 18 1 9 196
4 6 0 17 7 4 5
4 6 0 16 2 10 76
4 6 0 15 8 5 124
4 6 0 14 14 0 45
4 6 0 14 3 11 131
4 6 0 13 9 6 64
4 6 0 12 15 1 15
4 6 0 12 4 12 132
4 6 0 11 10 7 103
4 6 0 10 16 2 149
4 6 0 10 5 13 131
4 6 0 9 11 8 197
4 6 0 9 0 19 96
4 6 0 8 17 3 154
4 6 0 8 6 14 164
4 6 0 7 12 9 39
4 6 0 7 1 20 159
4 6 0 6 18 4 60
4 6 0 6 7 15 76
4 6 0 5 13 10 197
4 6 0 5 2 21 1
4 6 0 4 19 5 159
4 6 0 4 8 16 144
4 6 0 3 25 0 150
4 6 0 3 14 11 183
4 6 0 3 3 22 85
4 6 0 2 20 6 31
4 6 0 2 9 17 184
4 6 0 1 26 1 48
4 6 0 1 15 12 71
4 6 0 1 4 23 175
4 6 0 0 21 7 21
4 6 0 0 10 18 5
4 5 27 0 0 2 79
4 5 25 3 0 1 105
4 5 25 1 1 2 52
4 5 24 0 5 0 163
4 5 23 6 0 0 1
4 5 23 4 1 1 161
4 5 23 2 2 2 37
4 5 23 0 3 3 97
4 5 22 2 0 5 48
4 5 22 1 6 0 40
4 5 22 0 1 6 79
4 5 21 7 1 0 58
4 5 21 5 2 1 11
4 5 21 3 3 2 198
4 5 21 1 4 3 179
4 5 20 5 0 4 108
4 5 20 3 1 5 20
4 5 20 2 7 0 106
4 5 20 1 2 6 88
4 5 20 0 8 1 71
4 5 19 8 2 0 19
4 5 19 6 3 1 4
4 5 19 4 4 2 84
4 5 19 2 5 3 36
4 5 19 1 0 9 166
4 5 19 0 6 4 89
4 5 18 8 0 3 173
4 5 18 6 1 4 181
4 5 18 4 2 5 165
4 5 18 3 8 0 143
4 5 18 2 3 6 65
4 5 18 1 9 1 147
4 5 18 0 4 7 190
4 5 17 9 3 0 40
4 5 17 7 4 1 175
4 5 17 5 5 2 54
4 5 17 4 0 8 176
4 5 17 3 6 3 178
4 5 17 2 1 9 42
4 5 17 1 7 4 42
4 5 17 0 2 10 9
4 5 16 11 0 2 190
4 5 16 9 1 3 181
4 5 16 7 2 4 70
4 5 16 5 3 5 162
4 5 16 4 9 0 135
4 5 16 3 4 6 30
4 5 16 2 10 1 98
4 5 16 1 5 7 16
4 5 16 0 11 2 155
4 5 16 0 0 13 60
4 5 15 10 4 0 30
4 5 15 8 5 1 116
4 5 15 7 0 7 166
4 5 15 6 6 2 7
4 5 15 5 1 8 197
4 5 15 4 7 3 20
4 5 15 3 2 9 22
4 5 15 2 8 4 70
4 5 15 1 3 10 2
4 5 15 0 9 5 38
4 5 14 14 0 1 195
4 5 14 12 1 2 76
4 5 14 10 2 3 47
4 5 14 8 3 4 120
4 5 14 6 4 5 45
4 5 14 5 10 0 90
4 5 14 4 5 6 143
4 5 14 3 11 1 187
4 5 14 3 0 12 190
4 5 14 2 6 7 37
4 5 14 1 12 2 50
4 5 14 1 1 13 118
4 5 14 0 7 8 65
4 5 13 11 5 0 13
4 5 13 10 0 6 65
4 5 13 9 6 1 179
4 5 13 8 1 7 119
4 5 13 7 7 2 72
4 5 13 6 2 8 74
4 5 13 5 8 3 45
4 5 13 4 3 9 49
4 5 13 3 9 4 6
4 5 13 2 4 10 134
4 5 13 1 10 5 189
4 5 13 0 16 0 146
4 5 13 0 5 11 190
4 5 12 17 0 0 95
4 5 12 15 1 1 63
4 5 12 13 2 2 191
4 5 12 11 3 3 130
4 5 12 9 4 4 26
4 5 12 7 5 5 144
4 5 12 6 11 0 35
4 5 12 6 0 11 16
4 5 12 5 6 6 124
4 5 12 4 12 1 177
4 5 12 4 1 12 166
4 5 12 3 7 7 12
4 5 12 2 13 2 92
4 5 12 2 2 13 54
4 5 12 1 8 8 132
4 5 12 0 14 3 95
4 5 12 0 3 14 89
4 5 11 13 0 5 173
4 5 11 12 6 0 107
4 5 11 11 1 6 34
4 5 11 10 7 1 116
4 5 11 9 2 7 25
4 5 11 8 8 2 70
4 5 11 7 3 8 110
4 5 11 6 9 3 91
4 5 11 5 4 9 97
4 5 11 4 10 4 192
4 5 11 3 5 10 121
4 5 11 2 11 5 142
4 5 11 2 0 16 140
4 5 11 1 17 0 94
4 5 11 1 6 11 154
4 5 11 0 12 6 117
4 5 11 0 1 17 45
4 5 10 18 1 0 36
4 5 10 16 2 1 44
4 5 10 14 3 2 7
4 5 10 12 4 3 110
4 5 10 10 5 4 2
4 5 10 9 0 10 96
4 5 10 8 6 5 196
4 5 10 7 12 0 188
4 5 10 7 1 11 171
4 5 10 6 7 6 26
4 5 10 5 13 1 193
4 5 10 5 2 12 188
4 5 10 4 8 7 64
4 5 10 3 14 2 42
4 5 10 3 3 13 35
4 5 10 2 9 8 42
4 5 10 1 15 3 183
4 5 10 1 4 14 194
4 5 10 0 10 9 162
4 5 9 16 0 4 38
4 5 9 14 1 5 24
4 5 9 13 7 0 4
4 5 9 12 2 6 50
4 5 9 11 8 1 14
4 5 9 10 3 7 154
4 5 9 9 9 2 35
4 5 9 8 4 8 105
4 5 9 7 10 3 96
4 5 9 6 5 9 87
4 5 9 5 11 4 70
4 5 9 5 0 15 183
4 5 9 4 6 10 152
4 5 9 3 12 5 191
4 5 9 3 1 16 177
4 5 9 2 18 0 60
4 5 9 2 7 11 184
4 5 9 1 13 6 94
4 5 9 1 2 17 108
4 5 9 0 19 1 24
4 5 9 0 8 12 174
4 5 8 19 2 0 38
4 5 8 17 3 1 83
4 5 8 15 4 2 7
4 5 8 13 5 3 114
4 5 8 12 0 9 168
4 5 8 11 6 4 10
4 5 8 10 1 10 100
4 5 8 9 7 5 114
4 5 8 8 13 0 23
4 5 8 8 2 11 91
4 5 8 7 8 6 155
4 5 8 6 14 1 134
4 5 8 6 3 12 85
4 5 8 5 9 7 144
4 5 8 4 15 2 73
4 5 8 4 4 13 13
4 5 8 3 10 8 188
4 5 8 2 16 3 42
4 5 8 2 5 14 4
4 5 8 1 11 9 95
4 5 8 1 0 20 133
4 5 8 0 17 4 118
4 5 8 0 6 15 107
4 5 7 19 0 3 191
4 5 7 17 1 4 158
4 5 7 15 2 5 93
4 5 7 14 8 0 196
4 5 7 13 3 6 78
4 5 7 12 9 1 22
4 5 7 11 4 7 102
4 5 7 10 10 2 132
4 5 7 9 5 8 10
4 5 7 8 11 3 104
4 5 7 8 0 14 100
4 5 7 7 6 9 49
4 5 7 6 12 4 198
4 5 7 6 1 15 189
4 5 7 5 7 10 170
4 5 7 4 2 16 54
4 5 7 3 19 0 165
4 5 7 3 8 11 192
4 5 7 2 14 6 123
4 5 7 2 3 17 17
4 5 7 1 20 1 85
4 5 7 1 9 12 51
4 5 7 0 15 7 87
4 5 7 0 4 18 121
4 5 6 20 3 0 174
4 5 6 18 4 1 56
4 5 6 16 5 2 125
4 5 6 15 0 8 90
4 5 6 14 6 3 49
4 5 6 13 1 9 13
4 5 6 12 7 4 138
4 5 6 11 2 10 10
4 5 6 10 8 5 102
4 5 6 9 14 0 9
4 5 6 9 3 11 46
4 5 6 8 9 6 189
4 5 6 7 15 1 164
4 5 6 7 4 12 184
4 5 6 6 10 7 62
4 5 6 5 16 2 53
4 5 6 5 5 13 148
4 5 6 4 11 8 110
4 5 6 4 0 19 193
4 5 6 3 17 3 83
4 5 6 3 6 14 182
4 5 6 2 12 9 98
4 5 6 2 1 20 139
4 5 6 1 18 4 134
4 5 6 1 7 15 133
4 5 6 0 13 10 33
4 5 6 0 2 21 178
4 5 5 22 0 2 171
4 5 5 20 1 3 27
4 5 5 18 2 4 46
4 5 5 16 3 5 110
4 5 5 15 9 0 155
4 5 5 14 4 6 116
4 5 5 13 10 1 163
4 5 5 12 5 7 16
4 5 5 11 11 2 86
4 5 5 11 0 13 190
4 5 5 10 6 8 157
4 5 5 9 12 3 183
4 5 5 9 1 14 162
4 5 5 8 7 9 119
4 5 5 7 13 4 170
4 5 5 7 2 15 58
4 5 5 6 8 10 170
4 5 5 5 14 5 191
4 5 5 5 3 16 192
4 5 5 4 20 0 56
4 5 5 4 9 11 60
4 5 5 3 15 6 37
4 5 5 3 4 17 46
4 5 5 2 21 1 152
4 5 5 2 10 12 57
4 5 5 1 16 7 98
4 5 5 1 5 18 1
4 5 5 0 22 2 91
4 5 5 0 11 13 110
4 5 5 0 0 24 56
4 5 4 21 4 0 196
4 5 4 19 5 1 174
4 5 4 18 0 7 15
4 5 4 17 6 2 36
4 5 4 16 1 8 88
4 5 4 15 7 3 147
4 5 4 14 2 9 5
4 5 4 13 8 4 167
4 5 4 12 3 10 197
4 5 4 11 9 5 32
4 5 4 10 15 0 198
4 5 4 10 4 11 122
4 5 4 9 10 6 127
4 5 4 8 16 1 82
4 5 4 8 5 12 52
4 5 4 7 11 7 174
4 5 4 7 0 18 111
4 5 4 6 17 2 142
4 5 4 6 6 13 86
4 5 4 5 12 8 90
4 5 4 5 1 19 196
4 5 4 4 18 3 198
4 5 4 4 7 14 31
4 5 4 3 13 9 159
4 5 4 3 2 20 129
4 5 4 2 19 4 77
4 5 4 2 8 15 104
4 5 4 1 14 10 28
4 5 4 1 3 21 84
4 5 4 0 20 5 138
4 5 4 0 9 16 13
4 5 3 25 0 1 128
4 5 3 23 1 2 103
4 5 3 21 2 3 149
4 5 3 19 3 4 12
4 5 3 17 4 5 145
4 5 3 16 10 0 103
4 5 3 15 5 6 52
4 5 3 14 11 1 35
4 5 3 14 0 12 154
4 5 3 13 6 7 180
4 5 3 12 12 2 40
4 5 3 12 1 13 74
4 5 3 11 7 8 140
4 5 3 10 13 3 69
4 5 3 10 2 14 48
4 5 3 9 8 9 43
4 5 3 8 14 4 165
4 5 3 8 3 15 198
4 5 3 7 9 10 135
4 5 3 6 15 5 139
4 5 3 6 4 16 81
4 5 3 5 21 0 84
4 5 3 5 10 11 152
4 5 3 4 16 6 180
4 5 3 4 5 17 16
4 5 3 3 22 1 165
4 5 3 3 11 12 88
4 5 3 3 0 23 38
4 5 3 2 17 7 33
4 5 3 2 6 18 189
4 5 3 1 23 2 147
4 5 3 1 12 13 63
4 5 3 1 1 24 49
4 5 3 0 18 8 185
4 5 3 0 7 19 153
4 5 2 22 5 0 162
4 5 2 21 0 6 55
4 5 2 20 6 1 10
4 5 2 19 1 7 63
4 5 2 18 7 2 167
4 5 2 17 2 8 70
4 5 2 16 8 3 45
4 5 2 15 3 9 88
4 5 2 14 9 4 188
4 5 2 13 4 10 20
4 5 2 12 10 5 119
4 5 2 11 16 0 107
4 5 2 11 5 11 81
4 5 2 10 11 6 23
4 5 2 10 0 17 175
4 5 2 9 17 1 61
4 5 2 9 6 12 123
4 5 2 8 12 7 73
4 5 2 8 1 18 128
4 5 2 7 18 2 36
4 5 2 7 7 13 30
4 5 2 6 13 8 173
4 5 2 6 2 19 52
4 5 2 5 19 3 57
4 5 2 5 8 14 188
4 5 2 4 14 9 65
4 5 2 4 3 20 91
4 5 2 3 20 4 140
4 5 2 3 9 15 183
4 5 2 2 15 10 113
4 5 2 2 4 21 78
4 5 2 1 21 5 159
4 5 2 1 10 16 119
4 5 2 0 27 0 25
4 5 2 0 16 11 147
4 5 2 0 5 22 120
4 5 1 28 0 0 88
4 5 1 26 1 1 128
4 5 1 24 2 2 176
4 5 1 22 3 3 148
4 5 1 20 4 4 68
4 5 1 18 5 5 142
4 5 1 17 11 0 100
4 5 1 17 0 11 123
4 5 1 16 6 6 62
4 5 1 15 12 1 93
4 5 1 15 1 12 86
4 5 1 14 7 7 174
4 5 1 13 13 2 53
4 5 1 13 2 13 36
4 5 1 12 8 8 171
4 5 1 11 14 3 163
4 5 1 11 3 14 95
4 5 1 10 9 9 24
4 5 1 9 15 4 28
4 5 1 8 10 10 102
4 5 1 7 16 5 84
4 5 1 7 5 16 145
4 5 1 6 22 0 90
4 5 1 6 11 11 183
4 5 1 6 0 22 37
4 5 1 5 17 6 159
4 5 1 5 6 17 18
4 5 1 4 23 1 81
4 5 1 4 12 12 42
4 5 1 4 1 23 104
4 5 1 3 18 7 33
4 5 1 3 7 18 176
4 5 1 2 24 2 46
4 5 1 2 13 13 156
4 5 1 2 2 24 93
4 5 1 1 19 8 126
4 5 1 1 8 19 139
4 5 1 0 25 3 18
4 5 1 0 14 14 171
4 5 1 0 3 25 75
4 5 0 24 0 5 32
4 5 0 23 6 0 104
4 5 0 22 1 6 26
4 5 0 21 7 1 135
4 5 0 20 2 7 144
4 5 0 19 8 2 64
4 5 0 18 3 8 84
4 5 0 17 9 3 166
4 5 0 16 4 9 94
4 5 0 15 10 4 115
4 5 0 14 5 10 60
4 5 0 13 11 5 178
4 5 0 13 0 16 29
4 5 0 12 17 0 193
4 5 0 11 12 6 8
4 5 0 11 1 17 52
4 5 0 10 18 1 10
4 5 0 10 7 12 14
4 5 0 9 13 7 148
4 5 0 9 2 18 97
4 5 0 8 19 2 155
4 5 0 8 8 13 87
4 5 0 7 14 8 61
4 5 0 7 3 19 88
4 5 0 6 20 3 123
4 5 0 6 9 14 159
4 5 0 5 15 9 149
4 5 0 5 4 20 96
4 5 0 4 21 4 55
4 5 0 4 10 15 157
4 5 0 3 16 10 182
4 5 0 3 5 21 152
4 5 0 2 22 5 74
4 5 0 2 11 16 181
4 5 0 2 0 27 108
4 5 0 1 28 0 56
4 5 0 1 6 22 91
4 5 0 0 23 6 167
4 5 0 0 12 17 198
4 5 0 0 1 28 172
4 4 29 1 0 0 176
4 4 27 2 1 0 186
4 4 27 0 2 1 102
4 4 26 0 0 4 133
4 4 25 3 2 0 34
4 4 25 1 3 1 109
4 4 24 3 0 3 84
4 4 24 1 1 4 162
4 4 23 4 3 0 26
4 4 23 2 4 1 67
4 4 23 0 5 2 82
4 4 22 6 0 2 18
4 4 22 4 1 3 11
4 4 22 2 2 4 112
4 4 22 0 3 5 170
4 4 21 5 4 0 59
4 4 21 3 5 1 24
4 4 21 2 0 7 18
4 4 21 1 6 2 4
4 4 21 0 1 8 88
4 4 20 9 0 1 195
4 4 20 5 2 3 86
4 4 20 3 3 4 73
4 4 20 1 4 5 49
4 4 20 0 10 0 159
4 4 19 6 5 0 125
4 4 19 5 0 6 51
4 4 19 4 6 1 28
4 4 19 3 1 7 103
4 4 19 2 7 2 93
4 4 19 1 2 8 87
4 4 19 0 8 3 127
4 4 18 12 0 0 152
4 4 18 10 1 1 62
4 4 18 8 2 2 71
4 4 18 6 3 3 62
4 4 18 4 4 4 73
4 4 18 2 5 5 43
4 4 18 1 11 0 53
4 4 18 1 0 11 196
4 4 18 0 6 6 176
4 4 17 8 0 5 26
4 4 17 7 6 0 6
4 4 17 6 1 6 75
4 4 17 5 7 1 121
4 4 17 4 2 7 35
4 4 17 3 8 2 69
4 4 17 2 3 8 72
4 4 17 1 9 3 33
4 4 17 0 4 9 32
4 4 16 13 1 0 54
4 4 16 11 2 1 116
4 4 16 9 3 2 12
4 4 16 7 4 3 153
4 4 16 5 5 4 168
4 4 16 4 0 10 75
4 4 16 3 6 5 4
4 4 16 2 12 0 197
4 4 16 2 1 11 56
4 4 16 1 7 6 189
4 4 16 0 13 1 101
4 4 16 0 2 12 111
4 4 15 11 0 4 56
4 4 15 9 1 5 77
4 4 15 8 7 0 182
4 4 15 7 2 6 134
4 4 15 6 8 1 46
4 4 15 5 3 7 165
4 4 15 4 9 2 37
4 4 15 3 4 8 88
4 4 15 2 10 3 133
4 4 15 1 5 9 52
4 4 15 0 11 4 107
4 4 15 0 0 15 110
4 4 14 14 2 0 85
4 4 14 12 3 1 138
4 4 14 10 4 2 12
4 4 14 8 5 3 163
4 4 14 7 0 9 127
4 4 14 6 6 4 106
4 4 14 5 1 10 186
4 4 14 4 7 5 48
4 4 14 3 13 0 192
4 4 14 3 2 11 112
4 4 14 2 8 6 129
4 4 14 1 14 1 77
4 4 14 1 3 12 70
4 4 14 0 9 7 22
4 4 13 14 0 3 57
4 4 13 12 1 4 73
4 4 13 10 2 5 13
4 4 13 9 8 0 140
4 4 13 7 9 1 87
4 4 13 6 4 7 139
4 4 13 5 10 2 180
4 4 13 4 5 8 69
4 4 13 3 11 3 35
4 4 13 3 0 14 8
4 4 13 2 6 9 101
4 4 13 1 12 4 115
4 4 13 1 1 15 54
4 4 13 0 7 10 72
4 4 12 15 3 0 62
4 4 12 13 4 1 161
4 4 12 11 5 2 19
4 4 12 10 0 8 23
4 4 12 9 6 3 146
4 4 12 8 1 9 128
4 4 12 7 7 4 11
4 4 12 6 2 10 110
4 4 12 4 14 0 151
4 4 12 4 3 11 109
4 4 12 3 9 6 53
4 4 12 2 15 1 188
4 4 12 2 4 12 178
4 4 12 1 10 7 84
4 4 12 0 16 2 176
4 4 12 0 5 13 107
4 4 11 17 0 2 112
4 4 11 15 1 3 119
4 4 11 13 2 4 36
4 4 11 11 3 5 83
4 4 11 10 9 0 156
4 4 11 9 4 6 141
4 4 11 8 10 1 155
4 4 11 7 5 7 134
4 4 11 6 11 2 148
4 4 11 6 0 13 50
4 4 11 5 6 8 65
4 4 11 4 12 3 23
4 4 11 4 1 14 143
4 4 11 3 7 9 147
4 4 11 2 13 4 86
4 4 11 2 2 15 133
4 4 11 1 8 10 109
4 4 11 0 14 5 190
4 4 11 0 3 16 45
4 4 10 16 4 0 198
4 4 10 14 5 1 94
4 4 10 13 0 7 147
4 4 10 12 6 2 97
4 4 10 11 1 8 166
4 4 10 10 7 3 16
4 4 10 9 2 9 64
4 4 10 8 8 4 198
4 4 10 7 3 10 114
4 4 10 6 9 5 67
4 4 10 5 15 0 172
4 4 10 5 4 11 86
4 4 10 4 10 6 179
4 4 10 3 16 1 28
4 4 10 3 5 12 119
4 4 10 2 11 7 50
4 4 10 2 0 18 91
4 4 10 1 17 2 80
4 4 10 1 6 13 108
4 4 10 0 12 8 194
4 4 10 0 1 19 20
4 4 9 20 0 1 13
4 4 9 18 1 2 131
4 4 9 16 2 3 68
4 4 9 14 3 4 3
4 4 9 12 4 5 58
4 4 9 11 10 0 22
4 4 9 10 5 6 163
4 4 9 9 11 1 34
4 4 9 9 0 12 49
4 4 9 8 6 7 111
4 4 9 7 12 2 181
4 4 9 7 1 13 46
4 4 9 6 7 8 142
4 4 9 5 13 3 134
4 4 9 5 2 14 18
4 4 9 4 8 9 75
4 4 9 3 14 4 94
4 4 9 3 3 15 118
4 4 9 2 9 10 3
4 4 9 1 15 5 163
4 4 9 1 4 16 1
4 4 9 0 21 0 26
4 4 9 0 10 11 107
4 4 8 17 5 0 49
4 4 8 16 0 6 83
4 4 8 15 6 1 180
4 4 8 14 1 7 136
4 4 8 13 7 2 47
4 4 8 12 2 8 41
4 4 8 11 8 3 197
4 4 8 10 3 9 50
4 4 8 9 9 4 7
4 4 8 8 4 10 79
4 4 8 7 10 5 195
4 4 8 6 16 0 153
4 4 8 6 5 11 75
4 4 8 5 11 6 127
4 4 8 5 0 17 12
4 4 8 4 17 1 101
4 4 8 4 6 12 147
4 4 8 3 12 7 13
4 4 8 3 1 18 189
4 4 8 2 18 2 3
4 4 8 2 7 13 143
4 4 8 1 13 8 79
4 4 8 1 2 19 197
4 4 8 0 19 3 177
4 4 8 0 8 14 150
4 4 7 23 0 0 22
4 4 7 21 1 1 14
4 4 7 19 2 2 23
4 4 7 17 3 3 124
4 4 7 15 4 4 195
4 4 7 13 5 5 18
4 4 7 12 11 0 187
4 4 7 12 0 11 36
4 4 7 11 6 6 4
4 4 7 10 12 1 56
4 4 7 10 1 12 50
4 4 7 9 7 7 172
4 4 7 8 13 2 83
4 4 7 8 2 13 120
4 4 7 7 8 8 24
4 4 7 6 14 3 187
4 4 7 6 3 14 121
4 4 7 5 9 9 77
4 4 7 4 15 4 49
4 4 7 4 4 15 26
4 4 7 3 10 10 7
4 4 7 2 16 5 74
4 4 7 2 5 16 44
4 4 7 1 22 0 30
4 4 7 1 11 11 52
4 4 7 1 0 22 113
4 4 7 0 17 6 93
4 4 7 0 6 17 176
4 4 6 19 0 5 158
4 4 6 18 6 0 11
4 4 6 17 1 6 96
4 4 6 16 7 1 12
4 4 6 15 2 7 20
4 4 6 14 8 2 54
4 4 6 13 3 8 153
4 4 6 12 9 3 97
4 4 6 11 4 9 48
4 4 6 10 10 4 153
4 4 6 9 5 10 189
4 4 6 8 11 5 14
4 4 6 8 0 16 19
4 4 6 7 17 0 158
4 4 6 7 6 11 187
4 4 6 6 12 6 147
4 4 6 6 1 17 85
4 4 6 5 18 1 186
4 4 6 5 7 12 190
4 4 6 4 13 7 122
4 4 6 4 2 18 165
4 4 6 3 19 2 129
4 4 6 3 8 13 4
4 4 6 2 14 8 106
4 4 6 2 3 19 106
4 4 6 1 20 3 43
4 4 6 1 9 14 43
4 4 6 0 15 9 136
4 4 6 0 4 20 67
4 4 5 24 1 0 82
4 4 5 22 2 1 149
4 4 5 18 4 3 143
4 4 5 16 5 4 28
4 4 5 15 0 10 21
4 4 5 14 6 5 138
4 4 5 13 12 0 95
4 4 5 13 1 11 40
4 4 5 12 7 6 106
4 4 5 11 13 1 184
4 4 5 11 2 12 173
4 4 5 10 8 7 41
4 4 5 9 14 2 72
4 4 5 9 3 13 89
4 4 5 8 9 8 182
4 4 5 7 15 3 163
4 4 5 7 4 14 167
4 4 5 6 10 9 116
4 4 5 5 16 4 41
4 4 5 5 5 15 92
4 4 5 4 11 10 74
4 4 5 4 0 21 110
4 4 5 3 17 5 147
4 4 5 3 6 16 193
4 4 5 2 23 0 88
4 4 5 2 12 11 151
4 4 5 2 1 22 25
4 4 5 1 18 6 97
4 4 5 1 7 17 123
4 4 5 0 24 1 118
4 4 5 0 13 12 198
4 4 5 0 2 23 35
4 4 4 22 0 4 26
4 4 4 20 1 5 51
4 4 4 19 7 0 105
4 4 4 18 2 6 57
4 4 4 17 8 1 92
4 4 4 16 3 7 123
4 4 4 15 9 2 141
4 4 4 14 4 8 134
4 4 4 13 10 3 84
4 4 4 12 5 9 33
4 4 4 11 11 4 51
4 4 4 11 0 15 40
4 4 4 10 6 10 4
4 4 4 9 12 5 5
4 4 4 9 1 16 101
4 4 4 8 18 0 196
4 4 4 8 7 11 13
4 4 4 7 13 6 13
4 4 4 7 2 17 68
4 4 4 6 19 1 122
4 4 4 6 8 12 61
4 4 4 5 14 7 24
4 4 4 5 3 18 120
4 4 4 4 20 2 103
4 4 4 4 9 13 83
4 4 4 3 4 19 14
4 4 4 2 21 3 85
4 4 4 2 10 14 3
4 4 4 1 16 9 122
4 4 4 1 5 20 90
4 4 4 0 22 4 118
4 4 4 0 11 15 177
4 4 4 0 0 26 63
4 4 3 25 2 0 155
4 4 3 23 3 1 37
4 4 3 21 4 2 57
4 4 3 19 5 3 21
4 4 3 18 0 9 134
4 4 3 17 6 4 152
4 4 3 16 1 10 153
4 4 3 15 7 5 117
4 4 3 14 13 0 116
4 4 3 14 2 11 11
4 4 3 13 8 6 180
4 4 3 12 14 1 164
4 4 3 12 3 12 106
4 4 3 11 9 7 36
4 4 3 10 15 2 73
4 4 3 10 4 13 128
4 4 3 9 10 8 66
4 4 3 8 16 3 193
4 4 3 8 5 14 138
4 4 3 7 11 9 100
4 4 3 7 0 20 152
4 4 3 6 17 4 135
4 4 3 6 6 15 43
4 4 3 5 12 10 109
4 4 3 5 1 21 96
4 4 3 4 18 5 125
4 4 3 4 7 16 102
4 4 3 3 24 0 45
4 4 3 3 13 11 68
4 4 3 3 2 22 58
4 4 3 2 19 6 97
4 4 3 2 8 17 121
4 4 3 1 25 1 86
4 4 3 1 14 12 125
4 4 3 1 3 23 192
4 4 3 0 20 7 101
4 4 3 0 9 18 77
4 4 2 25 0 3 42
4 4 2 23 1 4 45
4 4 2 21 2 5 114
4 4 2 20 8 0 40
4 4 2 19 3 6 164
4 4 2 18 9 1 183
4 4 2 17 4 7 28
4 4 2 16 10 2 23
4 4 2 15 5 8 63
4 4 2 14 11 3 171
4 4 2 14 0 14 124
4 4 2 13 6 9 173
4 4 2 12 12 4 137
4 4 2 12 1 15 82
4 4 2 11 7 10 53
4 4 2 10 13 5 111
4 4 2 10 2 16 109
4 4 2 9 19 0 142
4 4 2 9 8 11 122
4 4 2 8 14 6 3
4 4 2 8 3 17 158
4 4 2 7 20 1 178
4 4 2 7 9 12 13
4 4 2 6 15 7 171
4 4 2 6 4 18 170
4 4 2 5 21 2 54
4 4 2 5 10 13 6
4 4 2 4 16 8 76
4 4 2 4 5 19 90
4 4 2 3 22 3 171
4 4 2 3 11 14 107
4 4 2 3 0 25 64
4 4 2 2 17 9 147
4 4 2 2 6 20 51
4 4 2 1 23 4 39
4 4 2 1 12 15 83
4 4 2 1 1 26 162
4 4 2 0 18 10 140
4 4 2 0 7 21 87
4 4 1 26 3 0 27
4 4 1 24 4 1 141
4 4 1 22 5 2 158
4 4 1 21 0 8 120
4 4 1 20 6 3 107
4 4 1 19 1 9 21
4 4 1 18 7 4 178
4 4 1 17 2 10 139
4 4 1 16 8 5 26
4 4 1 15 14 0 93
4 4 1 15 3 11 58
4 4 1 14 9 6 85
4 4 1 13 15 1 188
4 4 1 13 4 12 116
4 4 1 12 10 7 50
4 4 1 11 16 2 41
4 4 1 11 5 13 158
4 4 1 10 11 8 141
4 4 1 10 0 19 13
4 4 1 9 17 3 63
4 4 1 9 6 14 190
4 4 1 8 12 9 147
4 4 1 8 1 20 44
4 4 1 7 18 4 67
4 4 1 7 7 15 53
4 4 1 6 13 10 72
4 4 1 6 2 21 98
4 4 1 5 19 5 15
4 4 1 5 8 16 153
4 4 1 4 25 0 181
4 4 1 4 14 11 105
4 4 1 4 3 22 109
4 4 1 3 20 6 137
4 4 1 3 9 17 125
4 4 1 2 26 1 130
4 4 1 2 15 12 152
4 4 1 2 4 23 132
4 4 1 1 21 7 103
4 4 1 1 10 18 172
4 4 1 0 27 2 164
4 4 1 0 16 13 29
4 4 1 0 5 24 125
4 4 0 28 0 2 147
4 4 0 26 1 3 43
4 4 0 24 2 4 11
4 4 0 22 3 5 104
4 4 0 21 9 0 28
4 4 0 20 4 6 98
4 4 0 19 10 1 73
4 4 0 18 5 7 105
4 4 0 17 11 2 94
4 4 0 17 0 13 165
4 4 0 16 6 8 9
4 4 0 15 12 3 113
4 4 0 15 1 14 73
4 4 0 14 7 9 47
4 4 0 13 13 4 109
4 4 0 13 2 15 48
4 4 0 12 8 10 139
4 4 0 11 14 5 28
4 4 0 11 3 16 80
4 4 0 10 20 0 19
4 4 0 10 9 11 100
4 4 0 9 15 6 120
4 4 0 9 4 17 28
4 4 0 8 21 1 136
4 4 0 8 10 12 87
4 4 0 7 16 7 127
4 4 0 7 5 18 150
4 4 0 6 22 2 166
4 4 0 6 11 13 41
4 4 0 6 0 24 193
4 4 0 5 17 8 13
4 4 0 5 6 19 23
4 4 0 4 23 3 184
4 4 0 4 12 14 131
4 4 0 4 1 25 75
4 4 0 3 18 9 112
4 4 0 3 7 20 129
4 4 0 2 24 4 183
4 4 0 2 13 15 35
4 4 0 2 2 26 40
4 4 0 1 19 10 6
4 4 0 1 8 21 59
4 4 0 0 25 5 70
4 4 0 0 14 16 142
4 4 0 0 3 27 198
4 3 28 1 0 2 78
4 3 27 0 4 0 30
4 3 26 4 0 1 31
4 3 26 2 1 2 47
4 3 26 0 2 3 185
4 3 25 1 5 0 159
4 3 25 0 0 6 159
4 3 24 7 0 0 155
4 3 24 5 1 1 194
4 3 24 3 2 2 100
4 3 24 1 3 3 182
4 3 23 3 0 5 83
4 3 23 2 6 0 50
4 3 23 1 1 6 54
4 3 23 0 7 1 75
4 3 22 8 1 0 90
4 3 22 6 2 1 95
4 3 22 4 3 2 147
4 3 22 2 4 3 13
4 3 22 0 5 4 41
4 3 21 6 0 4 161
4 3 21 4 1 5 50
4 3 21 3 7 0 36
4 3 21 2 2 6 169
4 3 21 1 8 1 65
4 3 21 0 3 7 197
4 3 20 9 2 0 111
4 3 20 7 3 1 98
4 3 20 5 4 2 62
4 3 20 3 5 3 92
4 3 20 2 0 9 13
4 3 20 1 6 4 177
4 3 20 0 1 10 166
4 3 19 9 0 3 168
4 3 19 7 1 4 108
4 3 19 5 2 5 94
4 3 19 4 8 0 135
4 3 19 3 3 6 111
4 3 19 2 9 1 108
4 3 19 1 4 7 189
4 3 19 0 10 2 153
4 3 18 10 3 0 130
4 3 18 8 4 1 136
4 3 18 6 5 2 172
4 3 18 5 0 8 146
4 3 18 4 6 3 168
4 3 18 3 1 9 25
4 3 18 2 7 4 105
4 3 18 1 2 10 52
4 3 18 0 8 5 45
4 3 17 12 0 2 37
4 3 17 10 1 3 72
4 3 17 8 2 4 60
4 3 17 6 3 5 70
4 3 17 5 9 0 66
4 3 17 4 4 6 120
4 3 17 3 10 1 171
4 3 17 2 5 7 115
4 3 17 1 11 2 48
4 3 17 1 0 13 14
4 3 17 0 6 8 96
4 3 16 11 4 0 99
4 3 16 9 5 1 67
4 3 16 8 0 7 19
4 3 16 7 6 2 169
4 3 16 6 1 8 96
4 3 16 5 7 3 50
4 3 16 4 2 9 106
4 3 16 3 8 4 165
4 3 16 2 3 10 62
4 3 16 1 9 5 168
4 3 16 0 15 0 138
4 3 16 0 4 11 177
4 3 15 15 0 1 8
4 3 15 13 1 2 24
4 3 15 11 2 3 154
4 3 15 9 3 4 148
4 3 15 7 4 5 136
4 3 15 6 10 0 117
4 3 15 5 5 6 100
4 3 15 4 11 1 66
4 3 15 4 0 12 30
4 3 15 3 6 7 183
4 3 15 2 12 2 2
4 3 15 2 1 13 139
4 3 15 1 7 8 175
4 3 15 0 13 3 3
4 3 15 0 2 14 56
4 3 14 12 5 0 180
4 3 14 11 0 6 198
4 3 14 10 6 1 40
4 3 14 9 1 7 113
4 3 14 8 7 2 20
4 3 14 7 2 8 40
4 3 14 6 8 3 45
4 3 14 5 3 9 192
4 3 14 4 9 4 74
4 3 14 3 4 10 135
4 3 14 2 10 5 144
4 3 14 1 16 0 57
4 3 14 1 5 11 63
4 3 14 0 11 6 158
4 3 14 0 0 17 188
4 3 13 18 0 0 178
4 3 13 16 1 1 42
4 3 13 14 2 2 137
4 3 13 12 3 3 2
4 3 13 10 4 4 41
4 3 13 8 5 5 198
4 3 13 7 11 0 56
4 3 13 7 0 11 44
4 3 13 6 6 6 20
4 3 13 5 12 1 88
4 3 13 5 1 12 99
4 3 13 4 7 7 180
4 3 13 3 13 2 76
4 3 13 3 2 13 18
4 3 13 2 8 8 21
4 3 13 1 14 3 168
4 3 13 1 3 14 179
4 3 13 0 9 9 55
4 3 12 14 0 5 23
4 3 12 13 6 0 164
4 3 12 12 1 6 155
4 3 12 11 7 1 81
4 3 12 10 2 7 143
4 3 12 9 8 2 68
4 3 12 8 3 8 6
4 3 12 7 9 3 33
4 3 12 6 4 9 139
4 3 12 5 10 4 157
4 3 12 4 5 10 113
4 3 12 3 11 5 133
4 3 12 3 0 16 103
4 3 12 2 17 0 89
4 3 12 2 6 11 60
4 3 12 1 12 6 198
4 3 12 1 1 17 3
4 3 12 0 18 1 131
4 3 12 0 7 12 27
4 3 11 19 1 0 68
4 3 11 17 2 1 87
4 3 11 15 3 2 149
4 3 11 13 4 3 74
4 3 11 11 5 4 174
4 3 11 10 0 10 21
4 3 11 9 6 5 190
4 3 11 8 12 0 164
4 3 11 8 1 11 24
4 3 11 7 7 6 112
4 3 11 6 13 1 62
4 3 11 6 2 12 43
4 3 11 5 8 7 120
4 3 11 4 14 2 123
4 3 11 4 3 13 63
4 3 11 3 9 8 171
4 3 11 2 15 3 3
4 3 11 2 4 14 9
4 3 11 1 10 9 60
4 3 11 0 16 4 160
4 3 11 0 5 15 60
4 3 10 17 0 4 55
4 3 10 15 1 5 137
4 3 10 14 7 0 138
4 3 10 13 2 6 47
4 3 10 12 8 1 103
4 3 10 11 3 7 30
4 3 10 10 9 2 195
4 3 10 9 4 8 84
4 3 10 8 10 3 72
4 3 10 7 5 9 183
4 3 10 6 11 4 133
4 3 10 6 0 15 162
4 3 10 5 6 10 159
4 3 10 4 12 5 25
4 3 10 4 1 16 6
4 3 10 3 18 0 177
4 3 10 3 7 11 2
4 3 10 2 13 6 7
4 3 10 2 2 17 127
4 3 10 1 19 1 178
4 3 10 1 8 12 13
4 3 10 0 14 7 51
4 3 10 0 3 18 37
4 3 9 20 2 0 149
4 3 9 18 3 1 50
4 3 9 16 4 2 120
4 3 9 14 5 3 193
4 3 9 13 0 9 84
4 3 9 12 6 4 171
4 3 9 11 1 10 166
4 3 9 10 7 5 134
4 3 9 9 13 0 127
4 3 9 9 2 11 59
4 3 9 8 8 6 20
4 3 9 7 14 1 15
4 3 9 7 3 12 82
4 3 9 6 9 7 31
4 3 9 5 15 2 51
4 3 9 5 4 13 5
4 3 9 4 10 8 134
4 3 9 3 16 3 122
4 3 9 3 5 14 179
4 3 9 2 11 9 162
4 3 9 2 0 20 66
4 3 9 1 17 4 163
4 3 9 1 6 15 143
4 3 9 0 12 10 138
4 3 9 0 1 21 120
4 3 8 20 0 3 149
4 3 8 18 1 4 57
4 3 8 16 2 5 157
4 3 8 15 8 0 181
4 3 8 14 3 6 155
4 3 8 13 9 1 169
4 3 8 12 4 7 182
4 3 8 11 10 2 38
4 3 8 10 5 8 195
4 3 8 9 0 14 196
4 3 8 8 6 9 134
4 3 8 7 12 4 93
4 3 8 7 1 15 24
4 3 8 6 7 10 34
4 3 8 5 13 5 54
4 3 8 5 2 16 191
4 3 8 4 19 0 99
4 3 8 4 8 11 21
4 3 8 3 14 6 45
4 3 8 3 3 17 188
4 3 8 2 20 1 195
4 3 8 2 9 12 172
4 3 8 1 15 7 57
4 3 8 1 4 18 134
4 3 8 0 21 2 53
4 3 8 0 10 13 89
4 3 7 21 3 0 167
4 3 7 19 4 1 137
4 3 7 17 5 2 60
4 3 7 16 0 8 183
4 3 7 15 6 3 140
4 3 7 14 1 9 162
4 3 7 13 7 4 53
4 3 7 12 2 10 81
4 3 7 11 8 5 63
4 3 7 10 14 0 88
4 3 7 10 3 11 56
4 3 7 9 9 6 191
4 3 7 8 15 1 171
4 3 7 8 4 12 91
4 3 7 7 10 7 95
4 3 7 6 5 13 164
4 3 7 5 11 8 9
4 3 7 5 0 19 142
4 3 7 4 17 3 85
4 3 7 4 6 14 125
4 3 7 3 12 9 2
4 3 7 3 1 20 176
4 3 7 2 18 4 36
4 3 7 2 7 15 10
4 3 7 1 13 10 134
4 3 7 1 2 21 182
4 3 7 0 19 5 135
4 3 7 0 8 16 129
4 3 6 23 0 2 144
4 3 6 21 1 3 89
4 3 6 19 2 4 42
4 3 6 17 3 5 35
4 3 6 16 9 0 119
4 3 6 15 4 6 91
4 3 6 14 10 1 73
4 3 6 12 11 2 88
4 3 6 12 0 13 39
4 3 6 11 6 8 187
4 3 6 10 12 3 186
4 3 6 10 1 14 30
4 3 6 9 7 9 183
4 3 6 8 13 4 125
4 3 6 8 2 15 137
4 3 6 7 8 10 26
4 3 6 6 14 5 84
4 3 6 6 3 16 15
4 3 6 5 20 0 179
4 3 6 5 9 11 111
4 3 6 4 15 6 191
4 3 6 4 4 17 170
4 3 6 3 21 1 147
4 3 6 3 10 12 114
4 3 6 2 16 7 139
4 3 6 2 5 18 67
4 3 6 1 22 2 198
4 3 6 1 11 13 19
4 3 6 1 0 24 51
4 3 6 0 17 8 140
4 3 6 0 6 19 7
4 3 5 22 4 0 179
4 3 5 20 5 1 183
4 3 5 19 0 7 159
4 3 5 18 6 2 124
4 3 5 17 1 8 1
4 3 5 16 7 3 79
4 3 5 15 2 9 44
4 3 5 14 8 4 196
4 3 5 13 3 10 135
4 3 5 12 9 5 95
4 3 5 11 15 0 117
4 3 5 11 4 11 69
4 3 5 10 10 6 126
4 3 5 9 16 1 2
4 3 5 9 5 12 93
4 3 5 8 11 7 6
4 3 5 8 0 18 64
4 3 5 7 17 2 101
4 3 5 7 6 13 144
4 3 5 6 12 8 162
4 3 5 6 1 19 29
4 3 5 5 18 3 60
4 3 5 5 7 14 149
4 3 5 4 13 9 54
4 3 5 4 2 20 145
4 3 5 3 19 4 183
4 3 5 3 8 15 191
4 3 5 2 14 10 161
4 3 5 2 3 21 42
4 3 5 1 20 5 81
4 3 5 1 9 16 183
4 3 5 0 26 0 35
4 3 5 0 15 11 115
4 3 5 0 4 22 141
4 3 4 26 0 1 38
4 3 4 24 1 2 79
4 3 4 22 2 3 8
4 3 4 20 3 4 41
4 3 4 18 4 5 185
4 3 4 17 10 0 95
4 3 4 16 5 6 11
4 3 4 15 11 1 2
4 3 4 15 0 12 183
4 3 4 14 6 7 34
4 3 4 13 12 2 184
4 3 4 13 1 13 54
4 3 4 12 7 8 54
4 3 4 11 13 3 98
4 3 4 11 2 14 190
4 3 4 10 8 9 16
4 3 4 9 14 4 95
4 3 4 9 3 15 134
4 3 4 8 9 10 144
4 3 4 7 15 5 136
4 3 4 7 4 16 10
4 3 4 6 21 0 188
4 3 4 6 10 11 184
4 3 4 5 16 6 139
4 3 4 5 5 17 43
4 3 4 4 22 1 21
4 3 4 4 11 12 140
4 3 4 4 0 23 161
4 3 4 3 17 7 179
4 3 4 3 6 18 108
4 3 4 2 23 2 80
4 3 4 2 12 13 143
4 3 4 2 1 24 128
4 3 4 1 7 19 83
4 3 4 0 24 3 2
4 3 4 0 13 14 129
4 3 4 0 2 25 41
4 3 3 23 5 0 76
4 3 3 22 0 6 21
4 3 3 21 6 1 51
4 3 3 20 1 7 178
4 3 3 19 7 2 57
4 3 3 18 2 8 124
4 3 3 17 8 3 143
4 3 3 16 3 9 172
4 3 3 15 9 4 172
4 3 3 14 4 10 18
4 3 3 13 10 5 87
4 3 3 12 16 0 196
4 3 3 12 5 11 46
4 3 3 11 11 6 49
4 3 3 11 0 17 164
4 3 3 10 17 1 191
4 3 3 10 6 12 3
4 3 3 9 12 7 148
4 3 3 9 1 18 149
4 3 3 8 18 2 144
4 3 3 8 7 13 128
4 3 3 7 13 8 198
4 3 3 7 2 19 81
4 3 3 6 19 3 179
4 3 3 6 8 14 49
4 3 3 5 14 9 145
4 3 3 5 3 20 160
4 3 3 4 20 4 126
4 3 3 4 9 15 114
4 3 3 3 15 10 197
4 3 3 3 4 21 19
4 3 3 2 21 5 7
4 3 3 2 10 16 29
4 3 3 1 27 0 30
4 3 3 1 16 11 54
4 3 3 1 5 22 3
4 3 3 0 22 6 183
4 3 3 0 11 17 126
4 3 3 0 0 28 22
4 3 2 29 0 0 74
4 3 2 27 1 1 20
4 3 2 25 2 2 118
4 3 2 23 3 3 108
4 3 2 21 4 4 54
4 3 2 19 5 5 174
4 3 2 18 11 0 179
4 3 2 18 0 11 141
4 3 2 17 6 6 84
4 3 2 16 12 1 92
4 3 2 16 1 12 35
4 3 2 15 7 7 2
4 3 2 14 13 2 17
4 3 2 14 2 13 187
4 3 2 13 8 8 151
4 3 2 12 14 3 84
4 3 2 12 3 14 16
4 3 2 11 9 9 185
4 3 2 10 15 4 66
4 3 2 10 4 15 67
4 3 2 9 10 10 178
4 3 2 8 16 5 151
4 3 2 8 5 16 68
4 3 2 7 22 0 149
4 3 2 7 11 11 30
4 3 2 7 0 22 2
4 3 2 6 17 6 161
4 3 2 6 6 17 77
4 3 2 5 23 1 97
4 3 2 5 12 12 142
4 3 2 5 1 23 91
4 3 2 4 18 7 24
4 3 2 4 7 18 99
4 3 2 3 24 2 69
4 3 2 3 13 13 100
4 3 2 3 2 24 168
4 3 2 2 19 8 106
4 3 2 2 8 19 33
4 3 2 1 25 3 48
4 3 2 1 14 14 160
4 3 2 1 3 25 46
4 3 2 0 20 9 45
4 3 2 0 9 20 23
4 3 1 25 0 5 101
4 3 1 24 6 0 147
4 3 1 23 1 6 56
4 3 1 22 7 1 82
4 3 1 20 8 2 12
4 3 1 19 3 8 56
4 3 1 18 9 3 39
4 3 1 17 4 9 147
4 3 1 16 10 4 59
4 3 1 15 5 10 49
4 3 1 14 11 5 75
4 3 1 14 0 16 139
4 3 1 13 17 0 183
4 3 1 13 6 11 58
4 3 1 12 12 6 113
4 3 1 12 1 17 184
4 3 1 11 18 1 187
4 3 1 11 7 12 54
4 3 1 10 13 7 178
4 3 1 10 2 18 63
4 3 1 9 19 2 60
4 3 1 9 8 13 153
4 3 1 8 14 8 33
4 3 1 8 3 19 158
4 3 1 7 20 3 197
4 3 1 7 9 14 60
4 3 1 6 15 9 101
4 3 1 6 4 20 103
4 3 1 5 21 4 99
4 3 1 5 10 15 187
4 3 1 4 16 10 6
4 3 1 4 5 21 1
4 3 1 3 22 5 64
4 3 1 3 11 16 139
4 3 1 3 0 27 52
4 3 1 2 28 0 187
4 3 1 2 17 11 164
4 3 1 2 6 22 124
4 3 1 1 23 6 177
4 3 1 1 12 17 86
4 3 1 1 1 28 160
4 3 1 0 29 1 83
4 3 1 0 18 12 34
4 3 1 0 7 23 112
4 3 0 30 1 0 70
4 3 0 28 2 1 67
4 3 0 26 3 2 54
4 3 0 24 4 3 183
4 3 0 22 5 4 167
4 3 0 21 0 10 92
4 3 0 20 6 5 64
4 3 0 19 12 0 122
4 3 0 19 1 11 121
4 3 0 18 7 6 191
4 3 0 17 13 1 170
4 3 0 17 2 12 60
4 3 0 16 8 7 135
4 3 0 15 14 2 101
4 3 0 15 3 13 48
4 3 0 14 9 8 29
4 3 0 13 15 3 84
4 3 0 13 4 14 155
4 3 0 12 10 9 196
4 3 0 11 16 4 32
4 3 0 11 5 15 126
4 3 0 10 11 10 181
4 3 0 10 0 21 177
4 3 0 9 17 5 7
4 3 0 9 6 16 123
4 3 0 8 23 0 126
4 3 0 8 12 11 27
4 3 0 8 1 22 99
4 3 0 7 18 6 125
4 3 0 7 7 17 88
4 3 0 6 24 1 146
4 3 0 6 13 12 162
4 3 0 6 2 23 14
4 3 0 5 19 7 133
4 3 0 5 8 18 194
4 3 0 4 25 2 148
4 3 0 4 14 13 105
4 3 0 4 3 24 128
4 3 0 3 20 8 117
4 3 0 3 9 19 188
4 3 0 2 26 3 93
4 3 0 2 15 14 178
4 3 0 2 4 25 39
4 3 0 1 21 9 43
4 3 0 1 10 20 129
4 3 0 0 27 4 1
4 3 0 0 16 15 66
4 3 0 0 5 26 41
4 2 30 2 0 0 88
4 2 30 0 1 1 122
4 2 28 3 1 0 25
4 2 28 1 2 1 61
4 2 27 1 0 4 39
4 2 26 4 2 0 9
4 2 26 2 3 1 147
4 2 26 0 4 2 139
4 2 25 4 0 3 168
4 2 25 2 1 4 196
4 2 25 0 2 5 63
4 2 24 5 3 0 197
4 2 24 3 4 1 3
4 2 24 1 5 2 70
4 2 24 0 0 8 171
4 2 23 7 0 2 65
4 2 23 5 1 3 18
4 2 23 3 2 4 63
4 2 23 1 3 5 88
4 2 23 0 9 0 147
4 2 22 6 4 0 155
4 2 22 4 5 1 68
4 2 22 3 0 7 15
4 2 22 2 6 2 34
4 2 22 1 1 8 89
4 2 22 0 7 3 32
4 2 21 10 0 1 178
4 2 21 8 1 2 14
4 2 21 6 2 3 133
4 2 21 4 3 4 108
4 2 21 2 4 5 134
4 2 21 1 10 0 61
4 2 21 0 5 6 122
4 2 20 7 5 0 22
4 2 20 6 0 6 64
4 2 20 5 6 1 151
4 2 20 4 1 7 103
4 2 20 3 7 2 170
4 2 20 2 2 8 159
4 2 20 1 8 3 156
4 2 20 0 3 9 93
4 2 19 13 0 0 191
4 2 19 11 1 1 145
4 2 19 9 2 2 107
4 2 19 7 3 3 144
4 2 19 5 4 4 173
4 2 19 3 5 5 103
4 2 19 2 11 0 178
4 2 19 2 0 11 66
4 2 19 1 6 6 77
4 2 19 0 12 1 88
4 2 19 0 1 12 80
4 2 18 9 0 5 44
4 2 18 8 6 0 41
4 2 18 7 1 6 194
4 2 18 6 7 1 76
4 2 18 5 2 7 88
4 2 18 4 8 2 52
4 2 18 3 3 8 130
4 2 18 2 9 3 12
4 2 18 1 4 9 139
4 2 18 0 10 4 91
4 2 17 14 1 0 182
4 2 17 12 2 1 36
4 2 17 10 3 2 166
4 2 17 8 4 3 191
4 2 17 6 5 4 58
4 2 17 5 0 10 120
4 2 17 4 6 5 190
4 2 17 3 12 0 124
4 2 17 3 1 11 163
4 2 17 2 7 6 152
4 2 17 1 13 1 70
4 2 17 1 2 12 41
4 2 17 0 8 7 43
4 2 16 12 0 4 174
4 2 16 10 1 5 22
4 2 16 9 7 0 34
4 2 16 8 2 6 149
4 2 16 7 8 1 86
4 2 16 6 3 7 41
4 2 16 5 9 2 186
4 2 16 4 4 8 83
4 2 16 3 10 3 188
4 2 16 2 5 9 11
4 2 16 1 11 4 176
4 2 16 1 0 15 77
4 2 16 0 6 10 91
4 2 15 15 2 0 12
4 2 15 13 3 1 129
4 2 15 11 4 2 45
4 2 15 9 5 3 174
4 2 15 8 0 9 7
4 2 15 7 6 4 148
4 2 15 6 1 10 192
4 2 15 5 7 5 79
4 2 15 4 2 11 12
4 2 15 3 8 6 186
4 2 15 2 14 1 128
4 2 15 2 3 12 54
4 2 15 1 9 7 20
4 2 15 0 15 2 38
4 2 15 0 4 13 44
4 2 14 15 0 3 116
4 2 14 13 1 4 84
4 2 14 11 2 5 45
4 2 14 10 8 0 130
4 2 14 9 3 6 40
4 2 14 8 9 1 159
4 2 14 7 4 7 35
4 2 14 6 10 2 181
4 2 14 5 5 8 170
4 2 14 4 11 3 76
4 2 14 4 0 14 19
4 2 14 3 6 9 95
4 2 14 2 12 4 85
4 2 14 2 1 15 7
4 2 14 1 7 10 76
4 2 14 0 13 5 8
4 2 14 0 2 16 35
4 2 13 16 3 0 66
4 2 13 14 4 1 120
4 2 13 12 5 2 161
4 2 13 11 0 8 70
4 2 13 10 6 3 18
4 2 13 9 1 9 178
4 2 13 8 7 4 98
4 2 13 7 2 10 81
4 2 13 6 8 5 154
4 2 13 5 14 0 128
4 2 13 5 3 11 194
4 2 13 4 9 6 50
4 2 13 3 15 1 42
4 2 13 3 4 12 140
4 2 13 2 10 7 30
4 2 13 1 16 2 26
4 2 13 1 5 13 30
4 2 13 0 11 8 54
4 2 13 0 0 19 161
4 2 12 18 0 2 160
4 2 12 16 1 3 189
4 2 12 14 2 4 153
4 2 12 12 3 5 197
4 2 12 11 9 0 181
4 2 12 10 4 6 58
4 2 12 9 10 1 105
4 2 12 8 5 7 185
4 2 12 7 11 2 115
4 2 12 7 0 13 64
4 2 12 6 6 8 164
4 2 12 5 12 3 61
4 2 12 5 1 14 19
4 2 12 4 7 9 128
4 2 12 3 13 4 55
4 2 12 3 2 15 132
4 2 12 2 8 10 166
4 2 12 1 14 5 85
4 2 12 1 3 16 24
4 2 12 0 20 0 71
4 2 12 0 9 11 6
4 2 11 17 4 0 15
4 2 11 15 5 1 145
4 2 11 14 0 7 95
4 2 11 13 6 2 115
4 2 11 12 1 8 163
4 2 11 11 7 3 96
4 2 11 10 2 9 95
4 2 11 9 8 4 183
4 2 11 8 3 10 59
4 2 11 7 9 5 196
4 2 11 6 15 0 167
4 2 11 6 4 11 103
4 2 11 5 10 6 46
4 2 11 4 16 1 56
4 2 11 4 5 12 103
4 2 11 3 11 7 104
4 2 11 3 0 18 174
4 2 11 2 17 2 123
4 2 11 2 6 13 91
4 2 11 1 12 8 47
4 2 11 1 1 19 74
4 2 11 0 18 3 89
4 2 11 0 7 14 125
4 2 10 21 0 1 14
4 2 10 19 1 2 170
4 2 10 17 2 3 8
4 2 10 15 3 4 172
4 2 10 13 4 5 132
4 2 10 12 10 0 107
4 2 10 11 5 6 145
4 2 10 10 11 1 14
4 2 10 10 0 12 56
4 2 10 9 6 7 154
4 2 10 8 12 2 12
4 2 10 8 1 13 115
4 2 10 6 13 3 176
4 2 10 6 2 14 100
4 2 10 5 8 9 52
4 2 10 4 14 4 43
4 2 10 4 3 15 35
4 2 10 3 9 10 132
4 2 10 2 15 5 197
4 2 10 2 4 16 34
4 2 10 1 21 0 19
4 2 10 1 10 11 35
4 2 10 0 16 6 23
4 2 10 0 5 17 69
4 2 9 18 5 0 147
4 2 9 17 0 6 13
4 2 9 16 6 1 61
4 2 9 15 1 7 136
4 2 9 14 7 2 185
4 2 9 13 2 8 9
4 2 9 12 8 3 61
4 2 9 11 3 9 49
4 2 9 10 9 4 45
4 2 9 9 4 10 87
4 2 9 8 10 5 129
4 2 9 7 16 0 84
4 2 9 7 5 11 106
4 2 9 6 11 6 117
4 2 9 6 0 17 163
4 2 9 5 17 1 32
4 2 9 5 6 12 195
4 2 9 4 12 7 24
4 2 9 4 1 18 51
4 2 9 3 18 2 171
4 2 9 3 7 13 78
4 2 9 2 13 8 122
4 2 9 2 2 19 111
4 2 9 1 19 3 103
4 2 9 1 8 14 21
4 2 9 0 14 9 11
4 2 9 0 3 20 80
4 2 8 24 0 0 180
4 2 8 22 1 1 104
4 2 8 20 2 2 90
4 2 8 18 3 3 71
4 2 8 16 4 4 52
4 2 8 14 5 5 40
4 2 8 13 11 0 155
4 2 8 13 0 11 9
4 2 8 12 6 6 30
4 2 8 11 12 1 96
4 2 8 11 1 12 159
4 2 8 10 7 7 100
4 2 8 9 13 2 63
4 2 8 9 2 13 197
4 2 8 8 8 8 72
4 2 8 7 14 3 133
4 2 8 7 3 14 154
4 2 8 6 9 9 87
4 2 8 5 15 4 79
4 2 8 5 4 15 129
4 2 8 4 10 10 81
4 2 8 3 16 5 81
4 2 8 3 5 16 58
4 2 8 2 22 0 18
4 2 8 2 11 11 77
4 2 8 2 0 22 43
4 2 8 1 17 6 128
4 2 8 1 6 17 177
4 2 8 0 23 1 67
4 2 8 0 12 12 127
4 2 8 0 1 23 42
4 2 7 20 0 5 118
4 2 7 19 6 0 11
4 2 7 18 1 6 22
4 2 7 17 7 1 21
4 2 7 16 2 7 93
4 2 7 15 8 2 5
4 2 7 14 3 8 126
4 2 7 13 9 3 16
4 2 7 12 4 9 109
4 2 7 11 10 4 46
4 2 7 10 5 10 188
4 2 7 9 11 5 85
4 2 7 9 0 16 123
4 2 7 8 17 0 187
4 2 7 8 6 11 44
4 2 7 7 12 6 147
4 2 7 7 1 17 19
4 2 7 6 18 1 30
4 2 7 6 7 12 156
4 2 7 5 13 7 129
4 2 7 5 2 18 155
4 2 7 4 19 2 80
4 2 7 4 8 13 92
4 2 7 3 14 8 179
4 2 7 3 3 19 187
4 2 7 2 20 3 21
4 2 7 2 9 14 34
4 2 7 1 15 9 160
4 2 7 1 4 20 81
4 2 7 0 21 4 77
4 2 7 0 10 15 151
4 2 6 25 1 0 68
4 2 6 23 2 1 98
4 2 6 21 3 2 6
4 2 6 19 4 3 143
4 2 6 17 5 4 24
4 2 6 16 0 10 138
4 2 6 15 6 5 55
4 2 6 14 12 0 192
4 2 6 14 1 11 19
4 2 6 13 7 6 62
4 2 6 12 13 1 67
4 2 6 12 2 12 153
4 2 6 11 8 7 161
4 2 6 10 14 2 176
4 2 6 10 3 13 169
4 2 6 9 9 8 80
4 2 6 8 15 3 185
4 2 6 8 4 14 108
4 2 6 7 10 9 40
4 2 6 6 16 4 110
4 2 6 6 5 15 73
4 2 6 5 11 10 133
4 2 6 5 0 21 82
4 2 6 4 17 5 176
4 2 6 4 6 16 25
4 2 6 3 23 0 11
4 2 6 3 12 11 74
4 2 6 3 1 22 195
4 2 6 2 18 6 60
4 2 6 2 7 17 177
4 2 6 1 24 1 3
4 2 6 1 13 12 167
4 2 6 1 2 23 163
4 2 6 0 19 7 111
4 2 6 0 8 18 85
4 2 5 23 0 4 53
4 2 5 21 1 5 29
4 2 5 20 7 0 47
4 2 5 19 2 6 17
4 2 5 18 8 1 22
4 2 5 17 3 7 11
4 2 5 16 9 2 60
4 2 5 15 4 8 56
4 2 5 14 10 3 102
4 2 5 13 5 9 194
4 2 5 12 11 4 176
4 2 5 12 0 15 113
4 2 5 11 6 10 171
4 2 5 10 12 5 119
4 2 5 10 1 16 136
4 2 5 9 18 0 157
4 2 5 9 7 11 153
4 2 5 8 13 6 107
4 2 5 8 2 17 132
4 2 5 7 19 1 41
4 2 5 7 8 12 55
4 2 5 6 14 7 99
4 2 5 6 3 18 192
4 2 5 5 20 2 131
4 2 5 5 9 13 98
4 2 5 4 15 8 64
4 2 5 4 4 19 65
4 2 5 3 21 3 68
4 2 5 3 10 14 46
4 2 5 2 16 9 140
4 2 5 2 5 20 165
4 2 5 1 22 4 91
4 2 5 1 11 15 27
4 2 5 1 0 26 48
4 2 5 0 17 10 141
4 2 5 0 6 21 155
4 2 4 26 2 0 182
4 2 4 24 3 1 56
4 2 4 22 4 2 128
4 2 4 20 5 3 31
4 2 4 19 0 9 20
4 2 4 18 6 4 39
4 2 4 17 1 10 178
4 2 4 16 7 5 197
4 2 4 15 13 0 173
4 2 4 15 2 11 18
4 2 4 14 8 6 152
4 2 4 13 14 1 127
4 2 4 13 3 12 42
4 2 4 12 9 7 17
4 2 4 11 15 2 105
4 2 4 11 4 13 196
4 2 4 10 10 8 127
4 2 4 9 16 3 61
4 2 4 9 5 14 163
4 2 4 8 11 9 192
4 2 4 8 0 20 3
4 2 4 7 17 4 84
4 2 4 7 6 15 76
4 2 4 6 12 10 158
4 2 4 6 1 21 33
4 2 4 5 18 5 74
4 2 4 5 7 16 78
4 2 4 4 24 0 149
4 2 4 4 13 11 105
4 2 4 4 2 22 41
4 2 4 3 19 6 146
4 2 4 3 8 17 137
4 2 4 2 25 1 10
4 2 4 2 14 12 32
4 2 4 2 3 23 23
4 2 4 1 20 7 174
4 2 4 1 9 18 67
4 2 4 0 26 2 147
4 2 4 0 15 13 17
4 2 4 0 4 24 22
4 2 3 26 0 3 107
4 2 3 24 1 4 91
4 2 3 22 2 5 35
4 2 3 21 8 0 173
4 2 3 20 3 6 176
4 2 3 19 9 1 5
4 2 3 18 4 7 99
4 2 3 17 10 2 6
4 2 3 16 5 8 53
4 2 3 15 11 3 139
4 2 3 15 0 14 144
4 2 3 14 6 9 91
4 2 3 13 12 4 122
4 2 3 13 1 15 27
4 2 3 12 7 10 57
4 2 3 11 13 5 163
4 2 3 11 2 16 126
4 2 3 10 19 0 148
4 2 3 10 8 11 158
4 2 3 9 14 6 113
4 2 3 9 3 17 16
4 2 3 8 20 1 52
4 2 3 8 9 12 176
4 2 3 7 15 7 15
4 2 3 7 4 18 47
4 2 3 6 21 2 197
4 2 3 6 10 13 190
4 2 3 5 16 8 99
4 2 3 5 5 19 43
4 2 3 4 22 3 77
4 2 3 4 11 14 97
4 2 3 4 0 25 152
4 2 3 3 17 9 139
4 2 3 3 6 20 34
4 2 3 2 23 4 108
4 2 3 2 12 15 127
4 2 3 2 1 26 36
4 2 3 1 18 10 180
4 2 3 1 7 21 167
4 2 3 0 24 5 176
4 2 3 0 13 16 98
4 2 3 0 2 27 86
4 2 2 27 3 0 58
4 2 2 25 4 1 186
4 2 2 23 5 2 28
4 2 2 22 0 8 13
4 2 2 21 6 3 117
4 2 2 20 1 9 116
4 2 2 19 7 4 161
4 2 2 18 2 10 8
4 2 2 17 8 5 48
4 2 2 16 14 0 100
4 2 2 16 3 11 159
4 2 2 15 9 6 184
4 2 2 14 15 1 62
4 2 2 14 4 12 180
4 2 2 13 10 7 175
4 2 2 12 16 2 4
4 2 2 12 5 13 109
4 2 2 11 11 8 119
4 2 2 11 0 19 163
4 2 2 10 17 3 14
4 2 2 10 6 14 186
4 2 2 9 12 9 96
4 2 2 9 1 20 155
4 2 2 8 18 4 158
4 2 2 8 7 15 43
4 2 2 7 13 10 25
4 2 2 7 2 21 42
4 2 2 6 19 5 84
4 2 2 6 8 16 117
4 2 2 5 25 0 23
4 2 2 5 14 11 163
4 2 2 5 3 22 37
4 2 2 4 20 6 38
4 2 2 4 9 17 133
4 2 2 3 26 1 159
4 2 2 3 15 12 143
4 2 2 3 4 23 193
4 2 2 2 21 7 19
4 2 2 2 10 18 67
4 2 2 1 27 2 72
4 2 2 1 16 13 67
4 2 2 1 5 24 187
4 2 2 0 22 8 62
4 2 2 0 11 19 31
4 2 2 0 0 30 24
4 2 1 29 0 2 36
4 2 1 27 1 3 84
4 2 1 25 2 4 83
4 2 1 23 3 5 175
4 2 1 22 9 0 40
4 2 1 21 4 6 160
4 2 1 20 10 1 172
4 2 1 19 5 7 85
4 2 1 18 11 2 151
4 2 1 18 0 13 17
4 2 1 17 6 8 129
4 2 1 16 12 3 21
4 2 1 16 1 14 147
4 2 1 15 7 9 72
4 2 1 14 13 4 153
4 2 1 14 2 15 163
4 2 1 13 8 10 58
4 2 1 12 14 5 136
4 2 1 12 3 16 80
4 2 1 11 20 0 196
4 2 1 11 9 11 143
4 2 1 10 15 6 15
4 2 1 10 4 17 143
4 2 1 9 21 1 96
4 2 1 9 10 12 79
4 2 1 8 16 7 149
4 2 1 8 5 18 22
4 2 1 7 22 2 164
4 2 1 7 11 13 140
4 2 1 7 0 24 118
4 2 1 6 17 8 99
4 2 1 6 6 19 34
4 2 1 5 23 3 125
4 2 1 5 12 14 176
4 2 1 5 1 25 56
4 2 1 4 18 9 3
4 2 1 4 7 20 124
4 2 1 3 24 4 102
4 2 1 3 13 15 168
4 2 1 3 2 26 80
4 2 1 2 19 10 55
4 2 1 2 8 21 24
4 2 1 1 25 5 7
4 2 1 1 14 16 53
4 2 1 1 3 27 180
4 2 1 0 31 0 80
4 2 1 0 20 11 140
4 2 1 0 9 22 137
4 2 0 28 4 0 113
4 2 0 26 5 1 133
4 2 0 25 0 7 88
4 2 0 24 6 2 141
4 2 0 23 1 8 186
4 2 0 22 7 3 65
4 2 0 21 2 9 175
4 2 0 20 8 4 71
4 2 0 19 3 10 98
4 2 0 18 9 5 104
4 2 0 17 15 0 171
4 2 0 17 4 11 15
4 2 0 16 10 6 186
4 2 0 15 16 1 93
4 2 0 15 5 12 123
4 2 0 14 11 7 111
4 2 0 14 0 18 34
4 2 0 13 17 2 111
4 2 0 13 6 13 134
4 2 0 12 12 8 67
4 2 0 12 1 19 55
4 2 0 11 18 3 181
4 2 0 11 7 14 67
4 2 0 10 13 9 90
4 2 0 10 2 20 98
4 2 0 9 19 4 191
4 2 0 9 8 15 188
4 2 0 8 14 10 23
4 2 0 8 3 21 175
4 2 0 7 20 5 10
4 2 0 7 9 16 6
4 2 0 6 26 0 48
4 2 0 6 15 11 197
4 2 0 6 4 22 34
4 2 0 5 21 6 107
4 2 0 5 10 17 54
4 2 0 4 27 1 100
4 2 0 4 16 12 118
4 2 0 4 5 23 119
4 2 0 3 22 7 178
4 2 0 3 11 18 75
4 2 0 3 0 29 37
4 2 0 2 28 2 73
4 2 0 2 17 13 79
4 2 0 2 6 24 36
4 2 0 1 23 8 12
4 2 0 1 12 19 57
4 2 0 1 1 30 138
4 2 0 0 29 3 94
4 2 0 0 18 14 76
4 2 0 0 7 25 126
4 1 30 0 3 0 126
4 1 29 2 0 2 136
4 1 29 0 1 3 108
4 1 28 1 4 0 99
4 1 27 5 0 1 165
4 1 27 3 1 2 110
4 1 27 1 2 3 161
4 1 26 2 5 0 124
4 1 26 1 0 6 148
4 1 26 0 6 1 29
4 1 25 8 0 0 58
4 1 25 6 1 1 126
4 1 25 4 2 2 90
4 1 25 2 3 3 165
4 1 25 0 4 4 182
4 1 24 4 0 5 79
4 1 24 3 6 0 73
4 1 24 2 1 6 187
4 1 24 1 7 1 137
4 1 24 0 2 7 42
4 1 23 9 1 0 149
4 1 23 7 2 1 109
4 1 23 5 3 2 83
4 1 23 3 4 3 189
4 1 23 1 5 4 11
4 1 23 0 0 10 161
4 1 22 7 0 4 172
4 1 22 5 1 5 81
4 1 22 4 7 0 62
4 1 22 3 2 6 104
4 1 22 2 8 1 47
4 1 22 1 3 7 171
4 1 22 0 9 2 160
4 1 21 10 2 0 173
4 1 21 8 3 1 163
4 1 21 6 4 2 42
4 1 21 4 5 3 81
4 1 21 3 0 9 145
4 1 21 2 6 4 8
4 1 21 1 1 10 9
4 1 21 0 7 5 144
4 1 20 10 0 3 140
4 1 20 8 1 4 38
4 1 20 6 2 5 185
4 1 20 5 8 0 11
4 1 20 4 3 6 154
4 1 20 3 9 1 158
4 1 20 2 4 7 143
4 1 20 1 10 2 192
4 1 20 0 5 8 125
4 1 19 11 3 0 182
4 1 19 9 4 1 142
4 1 19 7 5 2 193
4 1 19 6 0 8 27
4 1 19 5 6 3 65
4 1 19 4 1 9 152
4 1 19 3 7 4 50
4 1 19 2 2 10 86
4 1 19 1 8 5 80
4 1 19 0 14 0 173
4 1 19 0 3 11 98
4 1 18 13 0 2 193
4 1 18 11 1 3 30
4 1 18 9 2 4 165
4 1 18 7 3 5 34
4 1 18 6 9 0 170
4 1 18 4 10 1 80
4 1 18 3 5 7 159
4 1 18 2 11 2 91
4 1 18 2 0 13 126
4 1 18 1 6 8 45
4 1 18 0 12 3 97
4 1 18 0 1 14 119
4 1 17 12 4 0 5
4 1 17 10 5 1 30
4 1 17 9 0 7 65
4 1 17 8 6 2 159
4 1 17 7 1 8 171
4 1 17 6 7 3 8
4 1 17 5 2 9 60
4 1 17 4 8 4 99
4 1 17 3 3 10 102
4 1 17 2 9 5 162
4 1 17 1 15 0 70
4 1 17 1 4 11 157
4 1 17 0 10 6 186
4 1 16 16 0 1 16
4 1 16 14 1 2 189
4 1 16 12 2 3 63
4 1 16 10 3 4 54
4 1 16 8 4 5 178
4 1 16 7 10 0 181
4 1 16 6 5 6 64
4 1 16 5 11 1 100
4 1 16 5 0 12 123
4 1 16 4 6 7 91
4 1 16 3 12 2 4
4 1 16 3 1 13 179
4 1 16 2 7 8 169
4 1 16 1 13 3 46
4 1 16 1 2 14 198
4 1 16 0 8 9 85
4 1 15 13 5 0 2
4 1 15 12 0 6 49
4 1 15 11 6 1 176
4 1 15 10 1 7 54
4 1 15 9 7 2 28
4 1 15 8 2 8 62
4 1 15 7 8 3 145
4 1 15 6 3 9 192
4 1 15 5 9 4 38
4 1 15 4 4 10 29
4 1 15 3 10 5 137
4 1 15 2 16 0 151
4 1 15 2 5 11 25
4 1 15 1 11 6 106
4 1 15 1 0 17 21
4 1 15 0 17 1 147
4 1 15 0 6 12 75
4 1 14 19 0 0 156
4 1 14 17 1 1 196
4 1 14 15 2 2 107
4 1 14 13 3 3 72
4 1 14 11 4 4 165
4 1 14 9 5 5 150
4 1 14 8 11 0 11
4 1 14 8 0 11 102
4 1 14 7 6 6 15
4 1 14 6 12 1 42
4 1 14 6 1 12 15
4 1 14 5 7 7 94
4 1 14 4 13 2 133
4 1 14 4 2 13 31
4 1 14 3 8 8 101
4 1 14 2 14 3 69
4 1 14 2 3 14 79
4 1 14 1 9 9 179
4 1 14 0 15 4 114
4 1 14 0 4 15 100
4 1 13 15 0 5 147
4 1 13 14 6 0 170
4 1 13 13 1 6 182
4 1 13 12 7 1 11
4 1 13 11 2 7 89
4 1 13 10 8 2 177
4 1 13 9 3 8 147
4 1 13 8 9 3 119
4 1 13 7 4 9 132
4 1 13 6 10 4 151
4 1 13 5 5 10 142
4 1 13 4 11 5 61
4 1 13 4 0 16 102
4 1 13 3 6 11 69
4 1 13 2 12 6 99
4 1 13 2 1 17 172
4 1 13 1 18 1 104
4 1 13 1 7 12 175
4 1 13 0 13 7 71
4 1 13 0 2 18 109
4 1 12 20 1 0 49
4 1 12 18 2 1 146
4 1 12 16 3 2 98
4 1 12 14 4 3 149
4 1 12 12 5 4 148
4 1 12 11 0 10 136
4 1 12 10 6 5 40
4 1 12 9 12 0 20
4 1 12 9 1 11 91
4 1 12 8 7 6 179
4 1 12 7 13 1 147
4 1 12 7 2 12 176
4 1 12 6 8 7 128
4 1 12 5 14 2 2
4 1 12 5 3 13 26
4 1 12 4 9 8 169
4 1 12 3 15 3 178
4 1 12 3 4 14 5
4 1 12 2 10 9 11
4 1 12 1 16 4 42
4 1 12 1 5 15 54
4 1 12 0 11 10 197
4 1 12 0 0 21 21
4 1 11 18 0 4 63
4 1 11 16 1 5 134
4 1 11 15 7 0 184
4 1 11 14 2 6 76
4 1 11 13 8 1 104
4 1 11 12 3 7 93
4 1 11 11 9 2 91
4 1 11 10 4 8 51
4 1 11 9 10 3 198
4 1 11 8 5 9 5
4 1 11 7 11 4 62
4 1 11 7 0 15 2
4 1 11 6 6 10 186
4 1 11 5 12 5 142
4 1 11 5 1 16 154
4 1 11 4 18 0 113
4 1 11 4 7 11 71
4 1 11 3 13 6 58
4 1 11 3 2 17 16
4 1 11 2 19 1 123
4 1 11 2 8 12 69
4 1 11 1 14 7 103
4 1 11 1 3 18 4
4 1 11 0 20 2 101
4 1 11 0 9 13 167
4 1 10 21 2 0 177
4 1 10 19 3 1 133
4 1 10 17 4 2 57
4 1 10 15 5 3 189
4 1 10 14 0 9 98
4 1 10 13 6 4 15
4 1 10 12 1 10 13
4 1 10 11 7 5 128
4 1 10 10 13 0 89
4 1 10 10 2 11 74
4 1 10 9 8 6 92
4 1 10 8 14 1 43
4 1 10 8 3 12 6
4 1 10 7 9 7 115
4 1 10 6 15 2 123
4 1 10 6 4 13 11
4 1 10 5 10 8 62
4 1 10 4 16 3 131
4 1 10 4 5 14 169
4 1 10 3 11 9 178
4 1 10 3 0 20 81
4 1 10 2 17 4 156
4 1 10 2 6 15 68
4 1 10 1 12 10 153
4 1 10 1 1 21 35
4 1 10 0 18 5 4
4 1 10 0 7 16 123
4 1 9 21 0 3 103
4 1 9 19 1 4 10
4 1 9 17 2 5 177
4 1 9 16 8 0 36
4 1 9 15 3 6 25
4 1 9 14 9 1 56
4 1 9 13 4 7 184
4 1 9 12 10 2 3
4 1 9 11 5 8 117
4 1 9 10 11 3 191
4 1 9 10 0 14 13
4 1 9 9 6 9 128
4 1 9 8 12 4 26
4 1 9 8 1 15 38
4 1 9 7 7 10 62
4 1 9 6 13 5 63
4 1 9 6 2 16 121
4 1 9 5 19 0 128
4 1 9 5 8 11 46
4 1 9 4 14 6 104
4 1 9 4 3 17 183
4 1 9 3 20 1 169
4 1 9 3 9 12 48
4 1 9 2 15 7 82
4 1 9 2 4 18 112
4 1 9 1 21 2 1
4 1 9 1 10 13 44
4 1 9 0 16 8 191
4 1 9 0 5 19 1
4 1 8 22 3 0 120
4 1 8 20 4 1 182
4 1 8 18 5 2 38
4 1 8 17 0 8 163
4 1 8 16 6 3 19
4 1 8 15 1 9 141
4 1 8 14 7 4 170
4 1 8 13 2 10 163
4 1 8 12 8 5 122
4 1 8 11 14 0 72
4 1 8 11 3 11 139
4 1 8 10 9 6 189
4 1 8 9 15 1 108
4 1 8 9 4 12 175
4 1 8 8 10 7 173
4 1 8 7 16 2 39
4 1 8 7 5 13 19
4 1 8 6 11 8 162
4 1 8 6 0 19 47
4 1 8 5 17 3 143
4 1 8 5 6 14 26
4 1 8 4 12 9 9
4 1 8 4 1 20 151
4 1 8 3 18 4 104
4 1 8 3 7 15 113
4 1 8 2 13 10 64
4 1 8 2 2 21 1
4 1 8 1 19 5 173
4 1 8 1 8 16 149
4 1 8 0 25 0 20
4 1 8 0 14 11 86
4 1 8 0 3 22 191
4 1 7 24 0 2 115
4 1 7 22 1 3 164
4 1 7 20 2 4 9
4 1 7 18 3 5 47
4 1 7 17 9 0 27
4 1 7 16 4 6 133
4 1 7 15 10 1 81
4 1 7 14 5 7 160
4 1 7 13 11 2 55
4 1 7 13 0 13 172
4 1 7 12 6 8 69
4 1 7 11 12 3 107
4 1 7 11 1 14 137
4 1 7 10 7 9 187
4 1 7 9 13 4 177
4 1 7 9 2 15 43
4 1 7 8 8 10 38
4 1 7 7 14 5 30
4 1 7 7 3 16 128
4 1 7 6 20 0 53
4 1 7 6 9 11 63
4 1 7 5 15 6 167
4 1 7 5 4 17 163
4 1 7 4 21 1 162
4 1 7 4 10 12 78
4 1 7 3 16 7 82
4 1 7 3 5 18 164
4 1 7 2 22 2 32
4 1 7 2 11 13 9
4 1 7 2 0 24 135
4 1 7 1 17 8 119
4 1 7 1 6 19 39
4 1 7 0 23 3 86
4 1 7 0 12 14 39
4 1 7 0 1 25 178
4 1 6 23 4 0 88
4 1 6 21 5 1 51
4 1 6 20 0 7 102
4 1 6 19 6 2 38
4 1 6 18 1 8 125
4 1 6 17 7 3 20
4 1 6 16 2 9 43
4 1 6 15 8 4 162
4 1 6 14 3 10 83
4 1 6 13 9 5 99
4 1 6 12 15 0 10
4 1 6 12 4 11 46
4 1 6 11 10 6 194
4 1 6 10 16 1 175
4 1 6 10 5 12 128
4 1 6 9 11 7 152
4 1 6 9 0 18 152
4 1 6 8 17 2 125
4 1 6 8 6 13 80
4 1 6 7 12 8 74
4 1 6 7 1 19 134
4 1 6 6 18 3 93
4 1 6 6 7 14 22
4 1 6 5 13 9 159
4 1 6 5 2 20 117
4 1 6 4 19 4 166
4 1 6 4 8 15 159
4 1 6 3 14 10 173
4 1 6 3 3 21 122
4 1 6 2 20 5 67
4 1 6 2 9 16 50
4 1 6 1 26 0 99
4 1 6 1 15 11 90
4 1 6 1 4 22 128
4 1 6 0 21 6 67
4 1 6 0 10 17 77
4 1 5 27 0 1 132
4 1 5 25 1 2 167
4 1 5 23 2 3 188
4 1 5 21 3 4 125
4 1 5 19 4 5 150
4 1 5 18 10 0 41
4 1 5 17 5 6 85
4 1 5 16 11 1 97
4 1 5 16 0 12 105
4 1 5 15 6 7 165
4 1 5 14 12 2 97
4 1 5 14 1 13 145
4 1 5 13 7 8 182
4 1 5 12 13 3 48
4 1 5 12 2 14 104
4 1 5 11 8 9 101
4 1 5 10 14 4 65
4 1 5 10 3 15 69
4 1 5 9 9 10 24
4 1 5 8 15 5 162
4 1 5 8 4 16 122
4 1 5 7 21 0 18
4 1 5 7 10 11 84
4 1 5 6 16 6 128
4 1 5 6 5 17 74
4 1 5 5 22 1 94
4 1 5 5 11 12 51
4 1 5 5 0 23 85
4 1 5 4 17 7 180
4 1 5 4 6 18 185
4 1 5 3 23 2 54
4 1 5 3 12 13 69
4 1 5 3 1 24 48
4 1 5 2 18 8 101
4 1 5 2 7 19 144
4 1 5 1 24 3 91
4 1 5 1 13 14 42
4 1 5 1 2 25 94
4 1 5 0 19 9 92
4 1 5 0 8 20 47
4 1 4 24 5 0 5
4 1 4 23 0 6 153
4 1 4 22 6 1 129
4 1 4 21 1 7 83
4 1 4 20 7 2 155
4 1 4 19 2 8 1
4 1 4 18 8 3 77
4 1 4 17 3 9 75
4 1 4 16 9 4 143
4 1 4 15 4 10 73
4 1 4 14 10 5 22
4 1 4 13 16 0 74
4 1 4 13 5 11 99
4 1 4 12 11 6 33
4 1 4 12 0 17 151
4 1 4 11 17 1 96
4 1 4 11 6 12 53
4 1 4 10 12 7 41
4 1 4 10 1 18 42
4 1 4 9 18 2 44
4 1 4 9 7 13 72
4 1 4 8 13 8 62
4 1 4 8 2 19 92
4 1 4 7 19 3 74
4 1 4 7 8 14 20
4 1 4 6 14 9 33
4 1 4 6 3 20 128
4 1 4 5 20 4 154
4 1 4 5 9 15 81
4 1 4 4 15 10 94
4 1 4 4 4 21 84
4 1 4 3 21 5 18
4 1 4 3 10 16 149
4 1 4 2 27 0 101
4 1 4 2 16 11 186
4 1 4 2 5 22 125
4 1 4 1 22 6 169
4 1 4 1 11 17 12
4 1 4 1 0 28 15
4 1 4 0 28 1 39
4 1 4 0 17 12 177
4 1 4 0 6 23 121
4 1 3 30 0 0 178
4 1 3 28 1 1 30
4 1 3 26 2 2 141
4 1 3 24 3 3 59
4 1 3 22 4 4 124
4 1 3 20 5 5 129
4 1 3 19 11 0 25
4 1 3 19 0 11 147
4 1 3 18 6 6 143
4 1 3 17 12 1 90
4 1 3 17 1 12 112
4 1 3 16 7 7 132
4 1 3 15 13 2 124
4 1 3 15 2 13 14
4 1 3 14 8 8 145
4 1 3 13 14 3 61
4 1 3 13 3 14 158
4 1 3 12 9 9 135
4 1 3 11 15 4 67
4 1 3 11 4 15 65
4 1 3 10 10 10 146
4 1 3 9 16 5 26
4 1 3 9 5 16 81
4 1 3 8 22 0 63
4 1 3 8 11 11 135
4 1 3 8 0 22 153
4 1 3 7 17 6 121
4 1 3 7 6 17 74
4 1 3 6 23 1 58
4 1 3 6 12 12 163
4 1 3 6 1 23 186
4 1 3 5 18 7 17
4 1 3 5 7 18 130
4 1 3 4 24 2 50
4 1 3 4 13 13 21
4 1 3 4 2 24 139
4 1 3 3 19 8 22
4 1 3 3 8 19 150
4 1 3 2 25 3 85
4 1 3 2 14 14 83
4 1 3 2 3 25 196
4 1 3 1 20 9 117
4 1 3 1 9 20 181
4 1 3 0 26 4 198
4 1 3 0 15 15 75
4 1 3 0 4 26 109
4 1 2 26 0 5 195
4 1 2 25 6 0 46
4 1 2 24 1 6 28
4 1 2 23 7 1 133
4 1 2 22 2 7 35
4 1 2 21 8 2 188
4 1 2 20 3 8 129
4 1 2 19 9 3 195
4 1 2 18 4 9 19
4 1 2 17 10 4 1
4 1 2 16 5 10 114
4 1 2 15 11 5 4
4 1 2 15 0 16 127
4 1 2 14 17 0 118
4 1 2 14 6 11 67
4 1 2 13 12 6 121
4 1 2 13 1 17 12
4 1 2 12 18 1 112
4 1 2 12 7 12 124
4 1 2 11 13 7 117
4 1 2 11 2 18 104
4 1 2 10 19 2 125
4 1 2 10 8 13 43
4 1 2 9 14 8 19
4 1 2 9 3 19 94
4 1 2 8 20 3 133
4 1 2 8 9 14 70
4 1 2 7 15 9 26
4 1 2 7 4 20 46
4 1 2 6 21 4 185
4 1 2 6 10 15 13
4 1 2 5 16 10 142
4 1 2 5 5 21 75
4 1 2 4 22 5 137
4 1 2 4 11 16 187
4 1 2 4 0 27 3
4 1 2 3 28 0 135
4 1 2 3 17 11 103
4 1 2 3 6 22 4
4 1 2 2 23 6 114
4 1 2 2 12 17 50
4 1 2 2 1 28 73
4 1 2 1 29 1 7
4 1 2 1 18 12 178
4 1 2 1 7 23 173
4 1 2 0 24 7 189
4 1 2 0 13 18 190
4 1 2 0 2 29 96
4 1 1 31 1 0 69
4 1 1 29 2 1 28
4 1 1 27 3 2 62
4 1 1 25 4 3 13
4 1 1 23 5 4 95
4 1 1 22 0 10 132
4 1 1 21 6 5 86
4 1 1 20 12 0 25
4 1 1 20 1 11 34
4 1 1 19 7 6 130
4 1 1 18 13 1 173
4 1 1 18 2 12 29
4 1 1 17 8 7 123
4 1 1 16 14 2 160
4 1 1 16 3 13 123
4 1 1 15 9 8 97
4 1 1 14 15 3 87
4 1 1 14 4 14 128
4 1 1 13 10 9 27
4 1 1 12 16 4 193
4 1 1 12 5 15 88
4 1 1 11 11 10 153
4 1 1 11 0 21 189
4 1 1 10 17 5 31
4 1 1 10 6 16 149
4 1 1 9 23 0 168
4 1 1 9 12 11 31
4 1 1 9 1 22 161
4 1 1 8 18 6 18
4 1 1 8 7 17 168
4 1 1 7 24 1 163
4 1 1 7 13 12 137
4 1 1 7 2 23 122
4 1 1 6 19 7 21
4 1 1 6 8 18 184
4 1 1 5 25 2 125
4 1 1 5 14 13 66
4 1 1 5 3 24 192
4 1 1 4 20 8 171
4 1 1 4 9 19 157
4 1 1 3 26 3 106
4 1 1 3 15 14 50
4 1 1 3 4 25 104
4 1 1 2 21 9 82
4 1 1 1 27 4 196
4 1 1 1 16 15 182
4 1 1 1 5 26 30
4 1 1 0 22 10 36
4 1 1 0 11 21 194
4 1 1 0 0 32 106
4 1 0 29 0 4 23
4 1 0 25 2 6 31
4 1 0 24 8 1 179
4 1 0 23 3 7 90
4 1 0 22 9 2 37
4 1 0 21 4 8 164
4 1 0 20 10 3 78
4 1 0 19 5 9 175
4 1 0 18 11 4 104
4 1 0 18 0 15 4
4 1 0 17 6 10 6
4 1 0 16 12 5 102
4 1 0 16 1 16 76
4 1 0 15 18 0 143
4 1 0 15 7 11 164
4 1 0 14 13 6 173
4 1 0 14 2 17 156
4 1 0 13 19 1 110
4 1 0 13 8 12 135
4 1 0 12 14 7 38
4 1 0 12 3 18 182
4 1 0 11 20 2 42
4 1 0 11 9 13 56
4 1 0 10 15 8 133
4 1 0 10 4 19 41
4 1 0 9 21 3 95
4 1 0 9 10 14 182
4 1 0 8 16 9 8
4 1 0 8 5 20 46
4 1 0 7 22 4 18
4 1 0 7 11 15 32
4 1 0 7 0 26 19
4 1 0 6 17 10 113
4 1 0 6 6 21 146
4 1 0 5 23 5 31
4 1 0 5 12 16 75
4 1 0 5 1 27 77
4 1 0 4 29 0 154
4 1 0 4 18 11 149
4 1 0 4 7 22 169
4 1 0 3 24 6 175
4 1 0 3 13 17 149
4 1 0 3 2 28 162
4 1 0 2 30 1 95
4 1 0 2 19 12 192
4 1 0 2 8 23 6
4 1 0 1 25 7 119
4 1 0 1 14 18 189
4 1 0 1 3 29 36
4 1 0 0 31 2 29
4 1 0 0 20 13 8
4 1 0 0 9 24 75
4 0 33 0 0 1 156
4 0 31 3 0 0 22
4 0 31 1 1 1 107
4 0 29 4 1 0 69
4 0 29 2 2 1 168
4 0 29 0 3 2 50
4 0 28 2 0 4 1
4 0 28 0 1 5 75
4 0 27 5 2 0 197
4 0 27 3 3 1 194
4 0 27 1 4 2 87
4 0 26 5 0 3 113
4 0 26 3 1 4 167
4 0 26 1 2 5 75
4 0 26 0 8 0 84
4 0 25 6 3 0 57
4 0 25 4 4 1 120
4 0 25 2 5 2 1
4 0 25 1 0 8 105
4 0 25 0 6 3 62
4 0 24 8 0 2 104
4 0 24 6 1 3 148
4 0 24 4 2 4 24
4 0 24 2 3 5 122
4 0 24 1 9 0 43
4 0 24 0 4 6 166
4 0 23 7 4 0 22
4 0 23 5 5 1 110
4 0 23 4 0 7 48
4 0 23 3 6 2 100
4 0 23 2 1 8 54
4 0 23 1 7 3 150
4 0 23 0 2 9 146
4 0 22 11 0 1 82
4 0 22 9 1 2 100
4 0 22 7 2 3 182
4 0 22 5 3 4 58
4 0 22 3 4 5 162
4 0 22 2 10 0 109
4 0 22 1 5 6 58
4 0 22 0 11 1 76
4 0 22 0 0 12 117
4 0 21 8 5 0 137
4 0 21 7 0 6 190
4 0 21 6 6 1 185
4 0 21 5 1 7 105
4 0 21 4 7 2 124
4 0 21 3 2 8 100
4 0 21 2 8 3 194
4 0 21 1 3 9 109
4 0 21 0 9 4 4
4 0 20 14 0 0 146
4 0 20 12 1 1 137
4 0 20 10 2 2 162
4 0 20 8 3 3 82
4 0 20 6 4 4 42
4 0 20 4 5 5 172
4 0 20 3 11 0 144
4 0 20 3 0 11 83
4 0 20 2 6 6 106
4 0 20 1 12 1 119
4 0 20 1 1 12 143
4 0 20 0 7 7 87
4 0 19 10 0 5 155
4 0 19 9 6 0 169
4 0 19 8 1 6 39
4 0 19 7 7 1 95
4 0 19 6 2 7 172
4 0 19 5 8 2 46
4 0 19 4 3 8 51
4 0 19 3 9 3 160
4 0 19 2 4 9 180
4 0 19 1 10 4 76
4 0 19 0 5 10 189
4 0 18 15 1 0 58
4 0 18 13 2 1 168
4 0 18 11 3 2 67
4 0 18 9 4 3 148
4 0 18 7 5 4 105
4 0 18 6 0 10 44
4 0 18 5 6 5 51
4 0 18 4 12 0 22
4 0 18 4 1 11 96
4 0 18 3 7 6 193
4 0 18 2 13 1 86
4 0 18 2 2 12 148
4 0 18 1 8 7 64
4 0 18 0 14 2 1
4 0 18 0 3 13 191
4 0 17 13 0 4 50
4 0 17 11 1 5 98
4 0 17 10 7 0 77
4 0 17 9 2 6 150
4 0 17 8 8 1 1
4 0 17 7 3 7 194
4 0 17 6 9 2 81
4 0 17 5 4 8 74
4 0 17 4 10 3 72
4 0 17 3 5 9 44
4 0 17 2 11 4 172
4 0 17 2 0 15 194
4 0 17 1 6 10 195
4 0 17 0 12 5 39
4 0 17 0 1 16 80
4 0 16 16 2 0 115
4 0 16 14 3 1 185
4 0 16 12 4 2 143
4 0 16 10 5 3 59
4 0 16 9 0 9 91
4 0 16 8 6 4 188
4 0 16 7 1 10 186
4 0 16 6 7 5 162
4 0 16 5 13 0 50
4 0 16 5 2 11 165
4 0 16 4 8 6 52
4 0 16 3 14 1 29
4 0 16 3 3 12 49
4 0 16 2 9 7 68
4 0 16 1 15 2 187
4 0 16 1 4 13 66
4 0 16 0 10 8 25
4 0 15 16 0 3 14
4 0 15 14 1 4 70
4 0 15 12 2 5 160
4 0 15 11 8 0 4
4 0 15 10 3 6 151
4 0 15 9 9 1 95
4 0 15 8 4 7 9
4 0 15 7 10 2 159
4 0 15 6 5 8 88
4 0 15 5 11 3 44
4 0 15 5 0 14 160
4 0 15 4 6 9 93
4 0 15 3 12 4 95
4 0 15 3 1 15 176
4 0 15 2 7 10 20
4 0 15 1 13 5 72
4 0 15 1 2 16 90
4 0 15 0 19 0 56
4 0 15 0 8 11 154
4 0 14 17 3 0 128
4 0 14 15 4 1 11
4 0 14 13 5 2 118
4 0 14 12 0 8 5
4 0 14 11 6 3 140
4 0 14 10 1 9 72
4 0 14 9 7 4 45
4 0 14 8 2 10 9
4 0 14 7 8 5 93
4 0 14 6 14 0 129
4 0 14 6 3 11 197
4 0 14 5 9 6 78
4 0 14 4 15 1 93
4 0 14 4 4 12 195
4 0 14 3 10 7 48
4 0 14 2 16 2 23
4 0 14 2 5 13 59
4 0 14 1 11 8 20
4 0 14 1 0 19 115
4 0 14 0 17 3 192
4 0 14 0 6 14 164
4 0 13 19 0 2 168
4 0 13 17 1 3 45
4 0 13 15 2 4 105
4 0 13 13 3 5 16
4 0 13 12 9 0 136
4 0 13 10 10 1 189
4 0 13 9 5 7 195
4 0 13 8 11 2 12
4 0 13 8 0 13 138
4 0 13 7 6 8 133
4 0 13 6 12 3 34
4 0 13 6 1 14 115
4 0 13 5 7 9 165
4 0 13 4 13 4 156
4 0 13 4 2 15 143
4 0 13 3 8 10 178
4 0 13 2 14 5 174
4 0 13 2 3 16 165
4 0 13 1 20 0 197
4 0 13 1 9 11 43
4 0 13 0 15 6 139
4 0 13 0 4 17 159
4 0 12 18 4 0 170
4 0 12 16 5 1 48
4 0 12 15 0 7 95
4 0 12 14 6 2 134
4 0 12 13 1 8 45
4 0 12 12 7 3 12
4 0 12 11 2 9 149
4 0 12 10 8 4 7
4 0 12 9 3 10 53
4 0 12 8 9 5 2
4 0 12 7 15 0 134
4 0 12 7 4 11 134
4 0 12 6 10 6 17
4 0 12 5 16 1 131
4 0 12 5 5 12 56
4 0 12 4 11 7 158
4 0 12 4 0 18 98
4 0 12 3 17 2 182
4 0 12 3 6 13 164
4 0 12 2 12 8 85
4 0 12 2 1 19 18
4 0 12 1 18 3 46
4 0 12 1 7 14 87
4 0 12 0 13 9 163
4 0 12 0 2 20 133
4 0 11 22 0 1 133
4 0 11 20 1 2 104
4 0 11 18 2 3 58
4 0 11 16 3 4 75
4 0 11 14 4 5 141
4 0 11 13 10 0 136
4 0 11 12 5 6 96
4 0 11 11 11 1 175
4 0 11 11 0 12 30
4 0 11 10 6 7 165
4 0 11 9 12 2 30
4 0 11 9 1 13 163
4 0 11 8 7 8 128
4 0 11 7 13 3 19
4 0 11 7 2 14 62
4 0 11 6 8 9 90
4 0 11 5 14 4 37
4 0 11 5 3 15 179
4 0 11 4 9 10 56
4 0 11 3 15 5 32
4 0 11 3 4 16 12
4 0 11 2 21 0 39
4 0 11 2 10 11 177
4 0 11 1 16 6 83
4 0 11 1 5 17 100
4 0 11 0 22 1 20
4 0 11 0 11 12 174
4 0 11 0 0 23 170
4 0 10 19 5 0 194
4 0 10 18 0 6 140
4 0 10 17 6 1 169
4 0 10 16 1 7 168
4 0 10 15 7 2 110
4 0 10 14 2 8 4
4 0 10 13 8 3 131
4 0 10 12 3 9 50
4 0 10 11 9 4 115
4 0 10 10 4 10 118
4 0 10 9 10 5 17
4 0 10 8 16 0 113
4 0 10 8 5 11 48
4 0 10 7 11 6 66
4 0 10 7 0 17 96
4 0 10 6 17 1 29
4 0 10 6 6 12 26
4 0 10 5 12 7 47
4 0 10 5 1 18 164
4 0 10 4 18 2 20
4 0 10 4 7 13 27
4 0 10 3 13 8 94
4 0 10 3 2 19 190
4 0 10 2 19 3 186
4 0 10 2 8 14 142
4 0 10 1 14 9 97
4 0 10 1 3 20 170
4 0 10 0 20 4 150
4 0 10 0 9 15 94
4 0 9 25 0 0 52
4 0 9 23 1 1 14
4 0 9 21 2 2 189
4 0 9 19 3 3 16
4 0 9 17 4 4 52
4 0 9 15 5 5 31
4 0 9 14 11 0 190
4 0 9 14 0 11 174
4 0 9 12 12 1 27
4 0 9 12 1 12 154
4 0 9 11 7 7 168
4 0 9 10 13 2 50
4 0 9 10 2 13 63
4 0 9 9 8 8 33
4 0 9 8 14 3 121
4 0 9 8 3 14 112
4 0 9 7 9 9 88
4 0 9 6 15 4 135
4 0 9 6 4 15 32
4 0 9 5 10 10 147
4 0 9 4 16 5 146
4 0 9 4 5 16 158
4 0 9 3 22 0 113
4 0 9 3 11 11 168
4 0 9 3 0 22 111
4 0 9 2 17 6 102
4 0 9 2 6 17 168
4 0 9 1 23 1 101
4 0 9 1 12 12 178
4 0 9 1 1 23 91
4 0 9 0 18 7 144
4 0 9 0 7 18 137
4 0 8 21 0 5 64
4 0 8 20 6 0 20
4 0 8 19 1 6 150
4 0 8 18 7 1 133
4 0 8 17 2 7 72
4 0 8 16 8 2 5
4 0 8 15 3 8 66
4 0 8 14 9 3 30
4 0 8 13 4 9 198
4 0 8 12 10 4 110
4 0 8 11 5 10 22
4 0 8 10 11 5 54
4 0 8 10 0 16 37
4 0 8 9 17 0 174
4 0 8 9 6 11 28
4 0 8 8 12 6 112
4 0 8 8 1 17 17
4 0 8 7 18 1 16
4 0 8 7 7 12 85
4 0 8 6 13 7 57
4 0 8 6 2 18 92
4 0 8 5 19 2 108
4 0 8 5 8 13 157
4 0 8 4 14 8 107
4 0 8 4 3 19 93
4 0 8 3 20 3 191
4 0 8 3 9 14 121
4 0 8 2 15 9 99
4 0 8 2 4 20 162
4 0 8 1 21 4 170
4 0 8 1 10 15 115
4 0 8 0 16 10 4
4 0 8 0 5 21 136
4 0 7 26 1 0 158
4 0 7 24 2 1 162
4 0 7 22 3 2 162
4 0 7 20 4 3 115
4 0 7 18 5 4 148
4 0 7 17 0 10 70
4 0 7 16 6 5 166
4 0 7 15 12 0 95
4 0 7 15 1 11 123
4 0 7 14 7 6 122
4 0 7 13 13 1 140
4 0 7 13 2 12 120
4 0 7 12 8 7 198
4 0 7 11 14 2 95
4 0 7 11 3 13 63
4 0 7 10 9 8 121
4 0 7 9 15 3 24
4 0 7 9 4 14 172
4 0 7 8 10 9 47
4 0 7 7 16 4 6
4 0 7 7 5 15 187
4 0 7 6 11 10 42
4 0 7 6 0 21 21
4 0 7 5 17 5 64
4 0 7 5 6 16 79
4 0 7 4 23 0 158
4 0 7 4 12 11 4
4 0 7 4 1 22 68
4 0 7 3 18 6 178
4 0 7 3 7 17 50
4 0 7 2 24 1 165
4 0 7 2 13 12 4
4 0 7 2 2 23 104
4 0 7 1 19 7 21
4 0 7 1 8 18 8
4 0 7 0 25 2 129
4 0 7 0 14 13 151
4 0 7 0 3 24 88
4 0 6 24 0 4 89
4 0 6 22 1 5 132
4 0 6 21 7 0 77
4 0 6 20 2 6 176
4 0 6 19 8 1 140
4 0 6 18 3 7 85
4 0 6 17 9 2 80
4 0 6 16 4 8 191
4 0 6 15 10 3 104
4 0 6 14 5 9 31
4 0 6 13 11 4 149
4 0 6 13 0 15 192
4 0 6 12 6 10 124
4 0 6 11 12 5 90
4 0 6 11 1 16 58
4 0 6 10 18 0 4
4 0 6 10 7 11 100
4 0 6 9 13 6 189
4 0 6 9 2 17 148
4 0 6 8 19 1 130
4 0 6 8 8 12 91
4 0 6 7 14 7 18
4 0 6 7 3 18 160
4 0 6 6 20 2 197
4 0 6 6 9 13 92
4 0 6 5 15 8 45
4 0 6 5 4 19 6
4 0 6 4 21 3 114
4 0 6 4 10 14 180
4 0 6 3 16 9 190
4 0 6 3 5 20 23
4 0 6 2 22 4 124
4 0 6 2 11 15 87
4 0 6 2 0 26 63
4 0 6 1 17 10 33
4 0 6 1 6 21 114
4 0 6 0 23 5 4
4 0 6 0 12 16 149
4 0 6 0 1 27 40
4 0 5 27 2 0 54
4 0 5 25 3 1 177
4 0 5 23 4 2 129
4 0 5 21 5 3 96
4 0 5 20 0 9 15
4 0 5 19 6 4 145
4 0 5 18 1 10 30
4 0 5 17 7 5 57
4 0 5 16 13 0 151
4 0 5 16 2 11 177
4 0 5 15 8 6 189
4 0 5 14 14 1 33
4 0 5 14 3 12 106
4 0 5 13 9 7 169
4 0 5 12 15 2 161
4 0 5 12 4 13 160
4 0 5 11 10 8 107
4 0 5 10 16 3 84
4 0 5 10 5 14 127
4 0 5 9 11 9 167
4 0 5 9 0 20 138
4 0 5 8 17 4 97
4 0 5 8 6 15 102
4 0 5 7 12 10 34
4 0 5 7 1 21 97
4 0 5 6 18 5 16
4 0 5 6 7 16 81
4 0 5 5 24 0 62
4 0 5 5 13 11 23
4 0 5 5 2 22 40
4 0 5 4 19 6 89
4 0 5 4 8 17 41
4 0 5 3 25 1 174
4 0 5 3 14 12 106
4 0 5 3 3 23 169
4 0 5 2 20 7 37
4 0 5 2 9 18 120
4 0 5 1 26 2 120
4 0 5 1 15 13 32
4 0 5 1 4 24 23
4 0 5 0 21 8 118
4 0 5 0 10 19 26
4 0 4 27 0 3 160
4 0 4 25 1 4 58
4 0 4 23 2 5 175
4 0 4 22 8 0 66
4 0 4 21 3 6 188
4 0 4 20 9 1 21
4 0 4 19 4 7 159
4 0 4 18 10 2 135
4 0 4 17 5 8 18
4 0 4 16 11 3 173
4 0 4 16 0 14 122
4 0 4 15 6 9 31
4 0 4 14 12 4 3
4 0 4 14 1 15 98
4 0 4 13 7 10 18
4 0 4 12 13 5 180
4 0 4 12 2 16 105
4 0 4 11 19 0 101
4 0 4 11 8 11 41
4 0 4 10 14 6 171
4 0 4 10 3 17 191
4 0 4 9 20 1 18
4 0 4 9 9 12 161
4 0 4 8 15 7 128
4 0 4 8 4 18 192
4 0 4 7 21 2 102
4 0 4 7 10 13 131
4 0 4 6 16 8 146
4 0 4 6 5 19 137
4 0 4 5 22 3 34
4 0 4 5 11 14 33
4 0 4 5 0 25 81
4 0 4 4 17 9 172
4 0 4 4 6 20 9
4 0 4 3 23 4 176
4 0 4 3 12 15 62
4 0 4 3 1 26 106
4 0 4 2 18 10 96
4 0 4 2 7 21 142
4 0 4 1 24 5 38
4 0 4 1 13 16 17
4 0 4 1 2 27 140
4 0 4 0 30 0 137
4 0 4 0 19 11 33
4 0 4 0 8 22 27
4 0 3 28 3 0 173
4 0 3 26 4 1 156
4 0 3 24 5 2 188
4 0 3 23 0 8 184
4 0 3 22 6 3 123
4 0 3 21 1 9 120
4 0 3 20 7 4 122
4 0 3 19 2 10 64
4 0 3 18 8 5 154
4 0 3 17 14 0 81
4 0 3 17 3 11 89
4 0 3 16 9 6 143
4 0 3 15 15 1 126
4 0 3 15 4 12 154
4 0 3 14 10 7 10
4 0 3 13 16 2 123
4 0 3 13 5 13 33
4 0 3 12 11 8 23
4 0 3 12 0 19 14
4 0 3 11 17 3 123
4 0 3 11 6 14 145
4 0 3 10 12 9 108
4 0 3 10 1 20 196
4 0 3 9 18 4 147
4 0 3 9 7 15 170
4 0 3 8 13 10 24
4 0 3 8 2 21 39
4 0 3 7 19 5 142
4 0 3 7 8 16 45
4 0 3 6 25 0 11
4 0 3 6 14 11 148
4 0 3 6 3 22 25
4 0 3 5 9 17 29
4 0 3 4 26 1 21
4 0 3 4 15 12 30
4 0 3 4 4 23 68
4 0 3 3 21 7 154
4 0 3 3 10 18 40
4 0 3 2 27 2 147
4 0 3 2 16 13 97
4 0 3 2 5 24 12
4 0 3 1 22 8 132
4 0 3 1 11 19 13
4 0 3 1 0 30 87
4 0 3 0 28 3 114
4 0 3 0 17 14 137
4 0 3 0 6 25 158
4 0 2 30 0 2 86
4 0 2 28 1 3 178
4 0 2 26 2 4 116
4 0 2 24 3 5 69
4 0 2 23 9 0 16
4 0 2 22 4 6 175
4 0 2 21 10 1 179
4 0 2 20 5 7 9
4 0 2 19 11 2 78
4 0 2 19 0 13 17
4 0 2 18 6 8 33
4 0 2 17 12 3 121
4 0 2 17 1 14 130
4 0 2 16 7 9 174
4 0 2 15 13 4 147
4 0 2 15 2 15 18
4 0 2 14 8 10 57
4 0 2 13 14 5 28
4 0 2 13 3 16 6
4 0 2 12 20 0 3
4 0 2 12 9 11 160
4 0 2 11 15 6 42
4 0 2 11 4 17 88
4 0 2 10 21 1 143
4 0 2 10 10 12 28
4 0 2 9 16 7 116
4 0 2 9 5 18 113
4 0 2 8 22 2 147
4 0 2 8 11 13 93
4 0 2 8 0 24 50
4 0 2 7 17 8 106
4 0 2 7 6 19 175
4 0 2 6 23 3 72
4 0 2 6 12 14 167
4 0 2 6 1 25 16
4 0 2 5 18 9 99
4 0 2 5 7 20 27
4 0 2 4 24 4 169
4 0 2 4 13 15 11
4 0 2 4 2 26 176
4 0 2 3 19 10 180
4 0 2 3 8 21 186
4 0 2 2 25 5 109
4 0 2 2 14 16 40
4 0 2 2 3 27 75
4 0 2 1 31 0 19
4 0 2 1 20 11 33
4 0 2 1 9 22 12
4 0 2 0 26 6 94
4 0 2 0 15 17 24
4 0 2 0 4 28 133
4 0 1 29 4 0 74
4 0 1 27 5 1 73
4 0 1 26 0 7 1
4 0 1 25 6 2 1
4 0 1 24 1 8 15
4 0 1 23 7 3 77
4 0 1 22 2 9 24
4 0 1 21 8 4 144
4 0 1 20 3 10 4
4 0 1 19 9 5 9
4 0 1 18 15 0 153
4 0 1 18 4 11 11
4 0 1 17 10 6 110
4 0 1 16 16 1 158
4 0 1 16 5 12 99
4 0 1 15 11 7 91
4 0 1 15 0 18 22
4 0 1 14 17 2 63
4 0 1 14 6 13 57
4 0 1 13 12 8 89
4 0 1 13 1 19 198
4 0 1 12 18 3 11
4 0 1 12 7 14 3
4 0 1 11 13 9 62
4 0 1 11 2 20 138
4 0 1 10 19 4 137
4 0 1 10 8 15 176
4 0 1 9 14 10 168
4 0 1 9 3 21 11
4 0 1 8 20 5 29
4 0 1 8 9 16 90
4 0 1 7 26 0 185
4 0 1 7 15 11 136
4 0 1 7 4 22 97
4 0 1 6 21 6 142
4 0 1 6 10 17 67
4 0 1 5 27 1 58
4 0 1 5 16 12 30
4 0 1 5 5 23 181
4 0 1 4 22 7 112
4 0 1 4 11 18 195
4 0 1 4 0 29 196
4 0 1 3 28 2 91
4 0 1 3 17 13 15
4 0 1 3 6 24 25
4 0 1 2 23 8 181
4 0 1 2 12 19 9
4 0 1 2 1 30 141
4 0 1 1 29 3 120
4 0 1 1 18 14 124
4 0 1 1 7 25 155
4 0 1 0 24 9 140
4 0 1 0 13 20 27
4 0 1 0 2 31 118
4 0 0 33 0 1 101
4 0 0 31 1 2 30
4 0 0 29 2 3 114
4 0 0 27 3 4 137
4 0 0 25 4 5 85
4 0 0 24 10 0 16
4 0 0 23 5 6 16
4 0 0 22 11 1 27
4 0 0 22 0 12 11
4 0 0 21 6 7 59
4 0 0 20 12 2 138
4 0 0 20 1 13 8
4 0 0 19 7 8 123
4 0 0 18 13 3 100
4 0 0 18 2 14 66
4 0 0 17 8 9 184
4 0 0 16 14 4 149
4 0 0 16 3 15 187
4 0 0 15 9 10 185
4 0 0 14 15 5 191
4 0 0 14 4 16 33
4 0 0 13 21 0 87
4 0 0 13 10 11 122
4 0 0 12 16 6 72
4 0 0 12 5 17 135
4 0 0 11 22 1 146
4 0 0 11 11 12 90
4 0 0 11 0 23 122
4 0 0 10 17 7 111
4 0 0 10 6 18 5
4 0 0 9 23 2 65
4 0 0 9 12 13 184
4 0 0 9 1 24 119
4 0 0 8 18 8 138
4 0 0 8 7 19 24
4 0 0 7 24 3 130
4 0 0 7 13 14 194
4 0 0 7 2 25 144
4 0 0 6 19 9 96
4 0 0 6 8 20 141
4 0 0 5 25 4 62
4 0 0 5 14 15 12
4 0 0 5 3 26 92
4 0 0 4 20 10 90
4 0 0 4 9 21 35
4 0 0 3 26 5 183
4 0 0 3 15 16 69
4 0 0 3 4 27 26
4 0 0 2 32 0 22
4 0 0 2 21 11 3
4 0 0 2 10 22 171
4 0 0 1 27 6 128
4 0 0 1 16 17 41
4 0 0 1 5 28 54
4 0 0 0 33 1 178
4 0 0 0 22 12 169
4 0 0 0 11 23 194
4 0 0 0 0 34 156
