# FIX-VII-GATE profile basis element 5, p=199
# G-equivariant degree-34 covariant tuple T: P(W) -> P(W)
# format: <component 0..4> <e0 e1 e2 e3 e4> <coefficient>
0 34 0 0 0 0 97
0 32 1 1 0 0 179
0 31 0 1 0 2 139
0 30 2 2 0 0 21
0 30 0 3 1 0 5
0 30 0 1 2 1 40
0 29 2 0 3 0 118
0 29 1 2 0 2 95
0 29 1 0 1 3 38
0 29 0 1 4 0 28
0 28 5 0 0 1 149
0 28 3 3 0 0 176
0 28 3 1 1 1 151
0 28 1 4 1 0 27
0 28 1 2 2 1 89
0 28 1 0 3 2 132
0 28 0 2 0 4 57
0 28 0 0 1 5 133
0 27 5 0 2 0 63
0 27 4 0 0 3 110
0 27 3 1 3 0 136
0 27 2 3 0 2 65
0 27 2 1 1 3 87
0 27 1 2 4 0 117
0 27 1 0 5 1 63
0 27 0 6 0 1 109
0 27 0 4 1 2 45
0 27 0 2 2 3 10
0 27 0 0 3 4 6
0 26 6 1 0 1 192
0 26 4 4 0 0 144
0 26 4 2 1 1 174
0 26 4 0 2 2 9
0 26 3 0 0 5 112
0 26 2 5 1 0 71
0 26 2 3 2 1 41
0 26 2 1 3 2 5
0 26 1 3 0 4 150
0 26 1 1 1 5 157
0 26 1 0 7 0 31
0 26 0 6 2 0 81
0 26 0 4 3 1 160
0 26 0 2 4 2 124
0 26 0 0 5 3 8
0 25 8 0 1 0 40
0 25 6 1 2 0 137
0 25 5 1 0 3 54
0 25 4 2 3 0 96
0 25 4 0 4 1 62
0 25 3 4 0 2 136
0 25 3 2 1 3 13
0 25 3 0 2 4 145
0 25 2 3 4 0 5
0 25 2 1 5 1 144
0 25 2 0 0 7 2
0 25 1 7 0 1 44
0 25 1 5 1 2 141
0 25 1 3 2 3 6
0 25 1 1 3 4 75
0 25 0 4 5 0 185
0 25 0 3 0 6 95
0 25 0 2 6 1 142
0 25 0 0 7 2 186
0 24 7 2 0 1 94
0 24 7 0 1 2 184
0 24 5 5 0 0 115
0 24 5 3 1 1 133
0 24 5 1 2 2 194
0 24 4 1 0 5 81
0 24 4 0 6 0 17
0 24 3 6 1 0 184
0 24 3 4 2 1 117
0 24 3 2 3 2 118
0 24 3 0 4 3 170
0 24 2 4 0 4 173
0 24 2 2 1 5 7
0 24 2 0 2 6 171
0 24 1 7 2 0 135
0 24 1 5 3 1 55
0 24 1 3 4 2 29
0 24 1 1 5 3 112
0 24 1 0 0 9 107
0 24 0 7 0 3 79
0 24 0 5 1 4 152
0 24 0 3 2 5 41
0 24 0 2 8 0 20
0 24 0 1 3 6 31
0 24 0 0 9 1 146
0 23 11 0 0 0 110
0 23 9 1 1 0 120
0 23 7 2 2 0 182
0 23 7 0 3 1 11
0 23 6 2 0 3 71
0 23 6 0 1 4 30
0 23 5 3 3 0 176
0 23 5 1 4 1 105
0 23 4 5 0 2 37
0 23 4 3 1 3 165
0 23 4 1 2 4 8
0 23 3 4 4 0 10
0 23 3 2 5 1 36
0 23 3 1 0 7 52
0 23 3 0 6 2 83
0 23 2 8 0 1 45
0 23 2 6 1 2 124
0 23 2 4 2 3 158
0 23 2 2 3 4 92
0 23 2 0 4 5 92
0 23 1 5 5 0 174
0 23 1 4 0 6 178
0 23 1 3 6 1 75
0 23 1 2 1 7 17
0 23 1 1 7 2 160
0 23 1 0 2 8 162
0 23 0 11 0 0 195
0 23 0 9 1 1 8
0 23 0 7 2 2 138
0 23 0 5 3 3 104
0 23 0 3 4 4 163
0 23 0 1 5 5 79
0 23 0 0 11 0 164
0 23 0 0 0 11 117
0 22 10 0 0 2 10
0 22 8 3 0 1 134
0 22 8 1 1 2 171
0 22 7 0 5 0 5
0 22 6 6 0 0 132
0 22 6 4 1 1 23
0 22 6 2 2 2 77
0 22 6 0 3 3 94
0 22 5 2 0 5 89
0 22 5 1 6 0 161
0 22 5 0 1 6 194
0 22 4 7 1 0 119
0 22 4 5 2 1 107
0 22 4 3 3 2 139
0 22 4 1 4 3 12
0 22 3 5 0 4 118
0 22 3 3 1 5 116
0 22 3 2 7 0 93
0 22 3 1 2 6 196
0 22 3 0 8 1 166
0 22 2 8 2 0 105
0 22 2 6 3 1 1
0 22 2 4 4 2 197
0 22 2 2 5 3 131
0 22 2 1 0 9 82
0 22 2 0 6 4 121
0 22 1 8 0 3 101
0 22 1 6 1 4 125
0 22 1 4 2 5 30
0 22 1 3 8 0 47
0 22 1 2 3 6 23
0 22 1 1 9 1 99
0 22 1 0 4 7 1
0 22 0 9 3 0 50
0 22 0 7 4 1 31
0 22 0 5 5 2 46
0 22 0 4 0 8 141
0 22 0 3 6 3 138
0 22 0 2 1 9 22
0 22 0 1 7 4 19
0 22 0 0 2 10 173
0 21 12 1 0 0 7
0 21 10 2 1 0 118
0 21 10 0 2 1 157
0 21 9 0 0 4 52
0 21 8 3 2 0 14
0 21 8 1 3 1 151
0 21 7 3 0 3 173
0 21 7 1 1 4 87
0 21 6 4 3 0 19
0 21 6 2 4 1 92
0 21 6 0 5 2 96
0 21 5 6 0 2 106
0 21 5 4 1 3 190
0 21 5 2 2 4 57
0 21 5 0 3 5 168
0 21 4 5 4 0 148
0 21 4 3 5 1 112
0 21 4 2 0 7 190
0 21 4 1 6 2 148
0 21 4 0 1 8 105
0 21 3 9 0 1 81
0 21 3 7 1 2 15
0 21 3 5 2 3 22
0 21 3 3 3 4 38
0 21 3 1 4 5 50
0 21 3 0 10 0 85
0 21 2 6 5 0 52
0 21 2 5 0 6 29
0 21 2 4 6 1 19
0 21 2 3 1 7 169
0 21 2 2 7 2 78
0 21 2 1 2 8 184
0 21 2 0 8 3 10
0 21 1 12 0 0 21
0 21 1 10 1 1 123
0 21 1 8 2 2 77
0 21 1 6 3 3 43
0 21 1 4 4 4 69
0 21 1 2 5 5 152
0 21 1 1 11 0 191
0 21 1 1 0 11 75
0 21 1 0 6 6 66
0 21 0 8 0 5 98
0 21 0 7 6 0 68
0 21 0 6 1 6 182
0 21 0 5 7 1 135
0 21 0 4 2 7 167
0 21 0 3 8 2 73
0 21 0 2 3 8 89
0 21 0 1 9 3 136
0 21 0 0 4 9 80
0 20 11 1 0 2 134
0 20 10 0 4 0 136
0 20 9 4 0 1 186
0 20 9 2 1 2 127
0 20 9 0 2 3 138
0 20 8 1 5 0 124
0 20 8 0 0 6 171
0 20 7 7 0 0 104
0 20 7 5 1 1 172
0 20 7 3 2 2 147
0 20 7 1 3 3 19
0 20 6 3 0 5 35
0 20 6 2 6 0 121
0 20 6 1 1 6 87
0 20 6 0 7 1 82
0 20 5 8 1 0 79
0 20 5 6 2 1 49
0 20 5 4 3 2 135
0 20 5 2 4 3 165
0 20 5 0 5 4 135
0 20 4 6 0 4 153
0 20 4 4 1 5 172
0 20 4 3 7 0 92
0 20 4 2 2 6 74
0 20 4 1 8 1 78
0 20 4 0 3 7 15
0 20 3 9 2 0 182
0 20 3 7 3 1 103
0 20 3 5 4 2 136
0 20 3 3 5 3 156
0 20 3 2 0 9 8
0 20 3 1 6 4 130
0 20 3 0 1 10 49
0 20 2 9 0 3 196
0 20 2 7 1 4 159
0 20 2 5 2 5 193
0 20 2 4 8 0 135
0 20 2 3 3 6 2
0 20 2 2 9 1 151
0 20 2 1 4 7 26
0 20 2 0 10 2 121
0 20 1 10 3 0 24
0 20 1 8 4 1 102
0 20 1 6 5 2 85
0 20 1 5 0 8 58
0 20 1 4 6 3 149
0 20 1 3 1 9 193
0 20 1 2 7 4 79
0 20 1 1 2 10 69
0 20 1 0 8 5 48
0 20 0 12 0 2 189
0 20 0 10 1 3 31
0 20 0 8 2 4 122
0 20 0 6 3 5 168
0 20 0 5 9 0 69
0 20 0 4 4 6 142
0 20 0 3 10 1 192
0 20 0 2 5 7 136
0 20 0 1 11 2 91
0 20 0 1 0 13 24
0 20 0 0 6 8 134
0 19 13 2 0 0 13
0 19 13 0 1 1 193
0 19 11 3 1 0 73
0 19 11 1 2 1 4
0 19 10 1 0 4 59
0 19 9 4 2 0 45
0 19 9 2 3 1 127
0 19 9 0 4 2 136
0 19 8 4 0 3 39
0 19 8 2 1 4 188
0 19 8 0 2 5 190
0 19 7 5 3 0 64
0 19 7 3 4 1 92
0 19 7 1 5 2 65
0 19 7 0 0 8 103
0 19 6 7 0 2 148
0 19 6 5 1 3 177
0 19 6 3 2 4 97
0 19 6 1 3 5 139
0 19 6 0 9 0 7
0 19 5 6 4 0 181
0 19 5 4 5 1 60
0 19 5 3 0 7 85
0 19 5 2 6 2 21
0 19 5 1 1 8 175
0 19 5 0 7 3 89
0 19 4 10 0 1 66
0 19 4 8 1 2 135
0 19 4 6 2 3 72
0 19 4 4 3 4 169
0 19 4 2 4 5 118
0 19 4 1 10 0 162
0 19 4 0 5 6 74
0 19 3 7 5 0 184
0 19 3 6 0 6 163
0 19 3 4 1 7 63
0 19 3 3 7 2 53
0 19 3 2 2 8 168
0 19 3 1 8 3 18
0 19 3 0 3 9 62
0 19 2 13 0 0 45
0 19 2 11 1 1 60
0 19 2 9 2 2 85
0 19 2 7 3 3 30
0 19 2 5 4 4 43
0 19 2 3 5 5 45
0 19 2 2 11 0 62
0 19 2 2 0 11 14
0 19 2 1 6 6 31
0 19 2 0 12 1 176
0 19 2 0 1 12 34
0 19 1 9 0 5 116
0 19 1 8 6 0 141
0 19 1 7 1 6 5
0 19 1 6 7 1 164
0 19 1 5 2 7 88
0 19 1 4 8 2 39
0 19 1 3 3 8 77
0 19 1 2 9 3 6
0 19 1 1 4 9 109
0 19 1 0 10 4 98
0 19 0 14 1 0 116
0 19 0 12 2 1 115
0 19 0 10 3 2 28
0 19 0 8 4 3 147
0 19 0 6 5 4 147
0 19 0 5 0 10 7
0 19 0 4 6 5 193
0 19 0 3 12 0 43
0 19 0 3 1 11 188
0 19 0 2 7 6 128
0 19 0 1 13 1 120
0 19 0 1 2 12 127
0 19 0 0 8 7 41
0 18 13 0 3 0 34
0 18 12 2 0 2 186
0 18 12 0 1 3 28
0 18 11 1 4 0 171
0 18 10 5 0 1 44
0 18 10 3 1 2 84
0 18 10 1 2 3 198
0 18 9 2 5 0 24
0 18 9 1 0 6 171
0 18 9 0 6 1 182
0 18 8 8 0 0 192
0 18 8 6 1 1 31
0 18 8 4 2 2 145
0 18 8 2 3 3 196
0 18 8 0 4 4 82
0 18 7 4 0 5 85
0 18 7 3 6 0 97
0 18 7 2 1 6 15
0 18 7 1 7 1 58
0 18 7 0 2 7 167
0 18 6 9 1 0 163
0 18 6 7 2 1 191
0 18 6 5 3 2 150
0 18 6 3 4 3 9
0 18 6 1 5 4 31
0 18 6 0 0 10 14
0 18 5 7 0 4 34
0 18 5 5 1 5 7
0 18 5 4 7 0 78
0 18 5 3 2 6 125
0 18 5 2 8 1 7
0 18 5 1 3 7 129
0 18 5 0 9 2 157
0 18 4 10 2 0 76
0 18 4 8 3 1 4
0 18 4 6 4 2 103
0 18 4 4 5 3 108
0 18 4 3 0 9 162
0 18 4 2 6 4 175
0 18 4 1 1 10 148
0 18 4 0 7 5 47
0 18 3 10 0 3 61
0 18 3 8 1 4 149
0 18 3 6 2 5 100
0 18 3 5 8 0 22
0 18 3 4 3 6 93
0 18 3 3 9 1 149
0 18 3 2 4 7 161
0 18 3 1 10 2 2
0 18 3 0 5 8 44
0 18 2 11 3 0 144
0 18 2 9 4 1 13
0 18 2 7 5 2 38
0 18 2 6 0 8 135
0 18 2 5 6 3 164
0 18 2 4 1 9 105
0 18 2 3 7 4 26
0 18 2 2 2 10 155
0 18 2 1 8 5 96
0 18 2 0 14 0 198
0 18 2 0 3 11 171
0 18 1 13 0 2 25
0 18 1 11 1 3 18
0 18 1 9 2 4 188
0 18 1 7 3 5 193
0 18 1 6 9 0 158
0 18 1 5 4 6 168
0 18 1 4 10 1 144
0 18 1 3 5 7 189
0 18 1 2 11 2 168
0 18 1 2 0 13 104
0 18 1 1 6 8 16
0 18 1 0 12 3 114
0 18 1 0 1 14 71
0 18 0 12 4 0 76
0 18 0 10 5 1 57
0 18 0 9 0 7 49
0 18 0 8 6 2 7
0 18 0 7 1 8 143
0 18 0 6 7 3 2
0 18 0 5 2 9 1
0 18 0 4 8 4 170
0 18 0 3 3 10 170
0 18 0 2 9 5 144
0 18 0 1 15 0 141
0 18 0 1 4 11 14
0 18 0 0 10 6 44
0 17 16 0 0 1 148
0 17 14 3 0 0 93
0 17 14 1 1 1 104
0 17 12 4 1 0 194
0 17 12 2 2 1 109
0 17 12 0 3 2 193
0 17 11 2 0 4 97
0 17 11 0 1 5 143
0 17 10 5 2 0 28
0 17 10 3 3 1 50
0 17 10 1 4 2 63
0 17 9 5 0 3 75
0 17 9 3 1 4 171
0 17 9 1 2 5 141
0 17 9 0 8 0 2
0 17 8 6 3 0 3
0 17 8 4 4 1 141
0 17 8 2 5 2 30
0 17 8 1 0 8 2
0 17 8 0 6 3 109
0 17 7 8 0 2 82
0 17 7 6 1 3 158
0 17 7 4 2 4 56
0 17 7 2 3 5 3
0 17 7 1 9 0 90
0 17 7 0 4 6 12
0 17 6 7 4 0 12
0 17 6 5 5 1 110
0 17 6 4 0 7 175
0 17 6 3 6 2 88
0 17 6 2 1 8 78
0 17 6 1 7 3 100
0 17 6 0 2 9 10
0 17 5 11 0 1 67
0 17 5 9 1 2 171
0 17 5 7 2 3 25
0 17 5 5 3 4 156
0 17 5 3 4 5 107
0 17 5 2 10 0 108
0 17 5 1 5 6 163
0 17 5 0 11 1 157
0 17 5 0 0 12 40
0 17 4 8 5 0 139
0 17 4 7 0 6 130
0 17 4 6 6 1 176
0 17 4 5 1 7 102
0 17 4 4 7 2 79
0 17 4 3 2 8 195
0 17 4 2 8 3 168
0 17 4 1 3 9 82
0 17 4 0 9 4 60
0 17 3 14 0 0 66
0 17 3 12 1 1 184
0 17 3 10 2 2 154
0 17 3 8 3 3 32
0 17 3 6 4 4 96
0 17 3 4 5 5 153
0 17 3 3 11 0 112
0 17 3 3 0 11 27
0 17 3 2 6 6 103
0 17 3 1 12 1 9
0 17 3 1 1 12 197
0 17 3 0 7 7 69
0 17 2 10 0 5 65
0 17 2 9 6 0 10
0 17 2 8 1 6 130
0 17 2 7 7 1 164
0 17 2 6 2 7 11
0 17 2 5 8 2 123
0 17 2 4 3 8 78
0 17 2 3 9 3 195
0 17 2 2 4 9 135
0 17 2 1 10 4 67
0 17 2 0 5 10 43
0 17 1 15 1 0 85
0 17 1 13 2 1 30
0 17 1 11 3 2 119
0 17 1 9 4 3 56
0 17 1 7 5 4 131
0 17 1 6 0 10 168
0 17 1 5 6 5 41
0 17 1 4 12 0 50
0 17 1 4 1 11 68
0 17 1 3 7 6 126
0 17 1 2 13 1 29
0 17 1 2 2 12 171
0 17 1 1 8 7 146
0 17 1 0 14 2 37
0 17 1 0 3 13 58
0 17 0 13 0 4 38
0 17 0 11 1 5 125
0 17 0 10 7 0 84
0 17 0 9 2 6 61
0 17 0 8 8 1 53
0 17 0 7 3 7 131
0 17 0 6 9 2 103
0 17 0 5 4 8 83
0 17 0 4 10 3 44
0 17 0 3 5 9 13
0 17 0 2 11 4 20
0 17 0 2 0 15 139
0 17 0 1 6 10 2
0 17 0 0 12 5 191
0 17 0 0 1 16 75
0 16 16 0 2 0 89
0 16 15 0 0 3 156
0 16 14 1 3 0 53
0 16 13 3 0 2 169
0 16 13 1 1 3 6
0 16 12 2 4 0 77
0 16 12 0 5 1 86
0 16 11 6 0 1 152
0 16 11 4 1 2 38
0 16 11 2 2 3 124
0 16 11 0 3 4 10
0 16 10 3 5 0 45
0 16 10 2 0 6 149
0 16 10 1 6 1 67
0 16 10 0 1 7 24
0 16 9 9 0 0 182
0 16 9 7 1 1 118
0 16 9 5 2 2 78
0 16 9 3 3 3 73
0 16 9 1 4 4 59
0 16 8 5 0 5 33
0 16 8 4 6 0 169
0 16 8 3 1 6 58
0 16 8 2 7 1 163
0 16 8 1 2 7 50
0 16 8 0 8 2 26
0 16 7 10 1 0 132
0 16 7 8 2 1 106
0 16 7 6 3 2 43
0 16 7 4 4 3 195
0 16 7 2 5 4 180
0 16 7 1 0 10 67
0 16 7 0 6 5 139
0 16 6 8 0 4 110
0 16 6 6 1 5 58
0 16 6 5 7 0 120
0 16 6 4 2 6 102
0 16 6 3 8 1 162
0 16 6 2 3 7 150
0 16 6 1 9 2 109
0 16 6 0 4 8 47
0 16 5 11 2 0 121
0 16 5 9 3 1 129
0 16 5 7 4 2 29
0 16 5 5 5 3 25
0 16 5 4 0 9 173
0 16 5 3 6 4 160
0 16 5 2 1 10 165
0 16 5 1 7 5 183
0 16 5 0 13 0 42
0 16 5 0 2 11 93
0 16 4 11 0 3 58
0 16 4 9 1 4 165
0 16 4 7 2 5 2
0 16 4 6 8 0 158
0 16 4 5 3 6 10
0 16 4 4 9 1 8
0 16 4 3 4 7 23
0 16 4 2 10 2 12
0 16 4 1 5 8 42
0 16 4 0 11 3 45
0 16 4 0 0 14 81
0 16 3 12 3 0 82
0 16 3 10 4 1 117
0 16 3 8 5 2 158
0 16 3 7 0 8 186
0 16 3 6 6 3 101
0 16 3 5 1 9 141
0 16 3 4 7 4 73
0 16 3 3 2 10 172
0 16 3 2 8 5 188
0 16 3 1 14 0 129
0 16 3 1 3 11 31
0 16 3 0 9 6 58
0 16 2 14 0 2 156
0 16 2 12 1 3 161
0 16 2 10 2 4 103
0 16 2 8 3 5 69
0 16 2 7 9 0 113
0 16 2 6 4 6 68
0 16 2 5 10 1 127
0 16 2 4 5 7 182
0 16 2 3 11 2 85
0 16 2 3 0 13 119
0 16 2 2 6 8 174
0 16 2 1 12 3 6
0 16 2 1 1 14 43
0 16 2 0 7 9 188
0 16 1 13 4 0 33
0 16 1 11 5 1 45
0 16 1 10 0 7 170
0 16 1 9 6 2 106
0 16 1 8 1 8 66
0 16 1 7 7 3 125
0 16 1 6 2 9 101
0 16 1 5 8 4 18
0 16 1 4 3 10 69
0 16 1 3 9 5 139
0 16 1 2 15 0 36
0 16 1 2 4 11 89
0 16 1 1 10 6 64
0 16 1 0 5 12 152
0 16 0 17 0 1 148
0 16 0 15 1 2 56
0 16 0 13 2 3 51
0 16 0 11 3 4 42
0 16 0 9 4 5 6
0 16 0 8 10 0 166
0 16 0 7 5 6 158
0 16 0 6 11 1 102
0 16 0 6 0 12 149
0 16 0 5 6 7 183
0 16 0 4 12 2 156
0 16 0 4 1 13 97
0 16 0 3 7 8 191
0 16 0 2 13 3 26
0 16 0 2 2 14 6
0 16 0 1 8 9 143
0 16 0 0 14 4 100
0 16 0 0 3 15 87
0 15 17 1 0 1 180
0 15 15 4 0 0 194
0 15 15 2 1 1 60
0 15 15 0 2 2 3
0 15 14 0 0 5 115
0 15 13 5 1 0 30
0 15 13 3 2 1 100
0 15 13 1 3 2 19
0 15 12 3 0 4 176
0 15 12 1 1 5 139
0 15 12 0 7 0 168
0 15 11 6 2 0 163
0 15 11 4 3 1 197
0 15 11 2 4 2 143
0 15 11 0 5 3 142
0 15 10 6 0 3 26
0 15 10 4 1 4 154
0 15 10 2 2 5 95
0 15 10 1 8 0 36
0 15 10 0 3 6 197
0 15 9 7 3 0 180
0 15 9 5 4 1 67
0 15 9 3 5 2 154
0 15 9 2 0 8 132
0 15 9 1 6 3 12
0 15 9 0 1 9 52
0 15 8 9 0 2 68
0 15 8 7 1 3 131
0 15 8 5 2 4 143
0 15 8 3 3 5 50
0 15 8 2 9 0 111
0 15 8 1 4 6 95
0 15 8 0 10 1 119
0 15 7 8 4 0 197
0 15 7 6 5 1 102
0 15 7 5 0 7 116
0 15 7 4 6 2 173
0 15 7 3 1 8 107
0 15 7 2 7 3 115
0 15 7 1 2 9 124
0 15 7 0 8 4 74
0 15 6 12 0 1 72
0 15 6 10 1 2 129
0 15 6 8 2 3 114
0 15 6 6 3 4 113
0 15 6 4 4 5 25
0 15 6 3 10 0 17
0 15 6 2 5 6 163
0 15 6 1 11 1 37
0 15 6 1 0 12 87
0 15 6 0 6 7 126
0 15 5 9 5 0 66
0 15 5 8 0 6 155
0 15 5 7 6 1 195
0 15 5 6 1 7 143
0 15 5 5 7 2 2
0 15 5 4 2 8 165
0 15 5 3 8 3 49
0 15 5 2 3 9 172
0 15 5 1 9 4 103
0 15 5 0 4 10 173
0 15 4 15 0 0 78
0 15 4 13 1 1 4
0 15 4 11 2 2 196
0 15 4 9 3 3 26
0 15 4 7 4 4 114
0 15 4 5 5 5 119
0 15 4 4 11 0 116
0 15 4 4 0 11 160
0 15 4 3 6 6 128
0 15 4 2 12 1 49
0 15 4 2 1 12 75
0 15 4 1 7 7 155
0 15 4 0 13 2 4
0 15 4 0 2 13 73
0 15 3 11 0 5 167
0 15 3 10 6 0 67
0 15 3 9 1 6 148
0 15 3 8 7 1 44
0 15 3 7 2 7 93
0 15 3 6 8 2 121
0 15 3 5 3 8 140
0 15 3 4 9 3 181
0 15 3 3 4 9 10
0 15 3 2 10 4 47
0 15 3 1 5 10 121
0 15 3 0 0 16 153
0 15 2 16 1 0 65
0 15 2 14 2 1 4
0 15 2 12 3 2 157
0 15 2 10 4 3 7
0 15 2 8 5 4 159
0 15 2 7 0 10 186
0 15 2 6 6 5 134
0 15 2 5 12 0 173
0 15 2 5 1 11 12
0 15 2 4 7 6 47
0 15 2 3 13 1 140
0 15 2 3 2 12 63
0 15 2 2 8 7 74
0 15 2 1 14 2 65
0 15 2 1 3 13 180
0 15 2 0 9 8 176
0 15 1 14 0 4 98
0 15 1 12 1 5 102
0 15 1 11 7 0 142
0 15 1 10 2 6 81
0 15 1 9 8 1 190
0 15 1 8 3 7 66
0 15 1 7 9 2 165
0 15 1 6 4 8 125
0 15 1 5 10 3 19
0 15 1 4 5 9 80
0 15 1 3 11 4 139
0 15 1 3 0 15 10
0 15 1 2 6 10 5
0 15 1 1 12 5 98
0 15 1 1 1 16 64
0 15 1 0 18 0 188
0 15 1 0 7 11 6
0 15 0 17 2 0 70
0 15 0 15 3 1 117
0 15 0 13 4 2 128
0 15 0 11 5 3 177
0 15 0 10 0 9 127
0 15 0 9 6 4 5
0 15 0 8 1 10 57
0 15 0 7 7 5 82
0 15 0 6 13 0 192
0 15 0 6 2 11 81
0 15 0 5 8 6 106
0 15 0 4 14 1 69
0 15 0 4 3 12 151
0 15 0 3 9 7 95
0 15 0 2 15 2 146
0 15 0 2 4 13 122
0 15 0 1 10 8 86
0 15 0 0 16 3 19
0 15 0 0 5 14 28
0 14 19 0 1 0 49
0 14 17 1 2 0 53
0 14 16 1 0 3 173
0 14 15 2 3 0 184
0 14 15 0 4 1 89
0 14 14 4 0 2 140
0 14 14 2 1 3 61
0 14 14 0 2 4 131
0 14 13 3 4 0 129
0 14 13 1 5 1 83
0 14 13 0 0 7 82
0 14 12 7 0 1 181
0 14 12 5 1 2 75
0 14 12 3 2 3 151
0 14 12 1 3 4 2
0 14 11 4 5 0 116
0 14 11 3 0 6 71
0 14 11 2 6 1 149
0 14 11 1 1 7 54
0 14 11 0 7 2 166
0 14 10 10 0 0 184
0 14 10 8 1 1 26
0 14 10 6 2 2 153
0 14 10 4 3 3 4
0 14 10 2 4 4 30
0 14 10 0 5 5 55
0 14 9 6 0 5 54
0 14 9 5 6 0 107
0 14 9 4 1 6 3
0 14 9 3 7 1 55
0 14 9 2 2 7 105
0 14 9 1 8 2 14
0 14 9 0 3 8 98
0 14 8 11 1 0 56
0 14 8 9 2 1 189
0 14 8 7 3 2 20
0 14 8 5 4 3 35
0 14 8 3 5 4 20
0 14 8 2 0 10 107
0 14 8 1 6 5 20
0 14 8 0 12 0 7
0 14 8 0 1 11 145
0 14 7 9 0 4 13
0 14 7 7 1 5 128
0 14 7 6 7 0 126
0 14 7 5 2 6 152
0 14 7 4 8 1 172
0 14 7 3 3 7 117
0 14 7 2 9 2 142
0 14 7 1 4 8 13
0 14 7 0 10 3 151
0 14 6 12 2 0 120
0 14 6 10 3 1 197
0 14 6 8 4 2 24
0 14 6 6 5 3 50
0 14 6 5 0 9 6
0 14 6 4 6 4 34
0 14 6 3 1 10 112
0 14 6 2 7 5 53
0 14 6 1 13 0 91
0 14 6 1 2 11 107
0 14 6 0 8 6 123
0 14 5 12 0 3 12
0 14 5 10 1 4 122
0 14 5 8 2 5 147
0 14 5 7 8 0 93
0 14 5 6 3 6 49
0 14 5 5 9 1 123
0 14 5 4 4 7 147
0 14 5 3 10 2 126
0 14 5 2 5 8 144
0 14 5 1 11 3 25
0 14 5 1 0 14 1
0 14 5 0 6 9 20
0 14 4 13 3 0 58
0 14 4 11 4 1 101
0 14 4 9 5 2 137
0 14 4 8 0 8 146
0 14 4 7 6 3 88
0 14 4 6 1 9 128
0 14 4 5 7 4 16
0 14 4 4 2 10 112
0 14 4 3 8 5 127
0 14 4 2 14 0 87
0 14 4 2 3 11 164
0 14 4 1 9 6 145
0 14 4 0 15 1 21
0 14 4 0 4 12 193
0 14 3 15 0 2 32
0 14 3 13 1 3 93
0 14 3 11 2 4 186
0 14 3 9 3 5 78
0 14 3 8 9 0 194
0 14 3 7 4 6 20
0 14 3 6 10 1 121
0 14 3 5 5 7 92
0 14 3 4 11 2 6
0 14 3 4 0 13 170
0 14 3 3 6 8 48
0 14 3 2 12 3 172
0 14 3 2 1 14 170
0 14 3 1 7 9 88
0 14 3 0 13 4 78
0 14 3 0 2 15 177
0 14 2 14 4 0 56
0 14 2 12 5 1 155
0 14 2 11 0 7 62
0 14 2 10 6 2 92
0 14 2 9 1 8 25
0 14 2 8 7 3 39
0 14 2 7 2 9 150
0 14 2 6 8 4 69
0 14 2 5 3 10 159
0 14 2 4 9 5 33
0 14 2 3 15 0 125
0 14 2 3 4 11 146
0 14 2 2 10 6 72
0 14 2 1 16 1 152
0 14 2 1 5 12 38
0 14 2 0 11 7 155
0 14 2 0 0 18 108
0 14 1 18 0 1 183
0 14 1 16 1 2 146
0 14 1 14 2 3 57
0 14 1 12 3 4 187
0 14 1 10 4 5 10
0 14 1 9 10 0 165
0 14 1 8 5 6 181
0 14 1 7 11 1 21
0 14 1 7 0 12 104
0 14 1 6 6 7 144
0 14 1 5 12 2 65
0 14 1 5 1 13 189
0 14 1 4 7 8 76
0 14 1 3 13 3 171
0 14 1 3 2 14 148
0 14 1 2 8 9 195
0 14 1 1 14 4 158
0 14 1 1 3 15 64
0 14 1 0 9 10 39
0 14 0 15 5 0 17
0 14 0 14 0 6 157
0 14 0 13 6 1 99
0 14 0 12 1 7 127
0 14 0 11 7 2 72
0 14 0 10 2 8 40
0 14 0 9 8 3 49
0 14 0 8 3 9 52
0 14 0 7 9 4 65
0 14 0 6 4 10 192
0 14 0 5 10 5 58
0 14 0 4 16 0 157
0 14 0 4 5 11 72
0 14 0 3 11 6 155
0 14 0 3 0 17 137
0 14 0 2 17 1 39
0 14 0 2 6 12 75
0 14 0 1 12 7 131
0 14 0 1 1 18 180
0 14 0 0 18 2 176
0 14 0 0 7 13 83
0 13 18 2 0 1 100
0 13 18 0 1 2 67
0 13 16 5 0 0 161
0 13 16 3 1 1 40
0 13 16 1 2 2 149
0 13 15 1 0 5 77
0 13 15 0 6 0 81
0 13 14 6 1 0 133
0 13 14 4 2 1 198
0 13 14 2 3 2 29
0 13 14 0 4 3 187
0 13 13 4 0 4 75
0 13 13 2 1 5 80
0 13 13 1 7 0 140
0 13 13 0 2 6 113
0 13 12 7 2 0 10
0 13 12 5 3 1 32
0 13 12 3 4 2 64
0 13 12 1 5 3 79
0 13 12 0 0 9 166
0 13 11 7 0 3 149
0 13 11 5 1 4 71
0 13 11 3 2 5 92
0 13 11 2 8 0 103
0 13 11 1 3 6 112
0 13 11 0 9 1 131
0 13 10 8 3 0 138
0 13 10 6 4 1 81
0 13 10 4 5 2 157
0 13 10 3 0 8 163
0 13 10 2 6 3 148
0 13 10 1 1 9 62
0 13 10 0 7 4 174
0 13 9 10 0 2 114
0 13 9 8 1 3 91
0 13 9 6 2 4 92
0 13 9 4 3 5 109
0 13 9 3 9 0 137
0 13 9 2 4 6 89
0 13 9 1 10 1 21
0 13 9 0 5 7 159
0 13 8 9 4 0 108
0 13 8 7 5 1 114
0 13 8 6 0 7 13
0 13 8 5 6 2 12
0 13 8 4 1 8 29
0 13 8 3 7 3 78
0 13 8 2 2 9 173
0 13 8 1 8 4 153
0 13 8 0 3 10 26
0 13 7 13 0 1 68
0 13 7 11 1 2 185
0 13 7 9 2 3 97
0 13 7 7 3 4 131
0 13 7 5 4 5 95
0 13 7 4 10 0 78
0 13 7 3 5 6 186
0 13 7 2 11 1 161
0 13 7 2 0 12 102
0 13 7 1 6 7 67
0 13 7 0 12 2 150
0 13 7 0 1 13 97
0 13 6 10 5 0 19
0 13 6 9 0 6 40
0 13 6 8 6 1 150
0 13 6 7 1 7 157
0 13 6 6 7 2 109
0 13 6 5 2 8 123
0 13 6 4 8 3 169
0 13 6 3 3 9 87
0 13 6 2 9 4 172
0 13 6 1 4 10 179
0 13 6 0 10 5 197
0 13 5 16 0 0 109
0 13 5 14 1 1 174
0 13 5 12 2 2 5
0 13 5 10 3 3 89
0 13 5 8 4 4 58
0 13 5 6 5 5 98
0 13 5 5 11 0 24
0 13 5 5 0 11 103
0 13 5 4 6 6 85
0 13 5 3 12 1 11
0 13 5 3 1 12 150
0 13 5 2 7 7 170
0 13 5 1 13 2 84
0 13 5 1 2 13 150
0 13 5 0 8 8 101
0 13 4 12 0 5 101
0 13 4 11 6 0 147
0 13 4 10 1 6 11
0 13 4 9 7 1 164
0 13 4 8 2 7 88
0 13 4 7 8 2 78
0 13 4 6 3 8 169
0 13 4 5 9 3 56
0 13 4 4 4 9 16
0 13 4 3 10 4 54
0 13 4 2 5 10 24
0 13 4 1 11 5 132
0 13 4 1 0 16 198
0 13 4 0 17 0 25
0 13 4 0 6 11 115
0 13 3 17 1 0 102
0 13 3 15 2 1 108
0 13 3 13 3 2 17
0 13 3 11 4 3 83
0 13 3 9 5 4 114
0 13 3 8 0 10 148
0 13 3 7 6 5 85
0 13 3 6 12 0 43
0 13 3 6 1 11 133
0 13 3 5 7 6 2
0 13 3 4 13 1 189
0 13 3 4 2 12 26
0 13 3 3 8 7 26
0 13 3 2 14 2 99
0 13 3 2 3 13 159
0 13 3 1 9 8 130
0 13 3 0 15 3 115
0 13 3 0 4 14 160
0 13 2 15 0 4 102
0 13 2 13 1 5 52
0 13 2 12 7 0 24
0 13 2 11 2 6 109
0 13 2 10 8 1 57
0 13 2 9 3 7 2
0 13 2 8 9 2 74
0 13 2 7 4 8 55
0 13 2 6 10 3 171
0 13 2 5 5 9 142
0 13 2 4 11 4 86
0 13 2 4 0 15 92
0 13 2 3 6 10 151
0 13 2 2 12 5 20
0 13 2 2 1 16 164
0 13 2 1 18 0 176
0 13 2 1 7 11 117
0 13 2 0 13 6 84
0 13 2 0 2 17 83
0 13 1 18 2 0 58
0 13 1 14 4 2 108
0 13 1 12 5 3 150
0 13 1 11 0 9 69
0 13 1 10 6 4 94
0 13 1 9 1 10 162
0 13 1 8 7 5 74
0 13 1 7 13 0 167
0 13 1 7 2 11 198
0 13 1 6 8 6 148
0 13 1 5 14 1 22
0 13 1 5 3 12 9
0 13 1 4 9 7 155
0 13 1 3 15 2 91
0 13 1 3 4 13 181
0 13 1 2 10 8 47
0 13 1 1 16 3 51
0 13 1 1 5 14 154
0 13 1 0 11 9 135
0 13 1 0 0 20 129
0 13 0 18 0 3 128
0 13 0 16 1 4 122
0 13 0 14 2 5 121
0 13 0 13 8 0 109
0 13 0 12 3 6 98
0 13 0 11 9 1 196
0 13 0 10 4 7 172
0 13 0 9 10 2 191
0 13 0 8 5 8 103
0 13 0 7 11 3 160
0 13 0 7 0 14 145
0 13 0 6 6 9 175
0 13 0 5 12 4 26
0 13 0 5 1 15 124
0 13 0 4 7 10 132
0 13 0 3 13 5 62
0 13 0 3 2 16 169
0 13 0 2 19 0 161
0 13 0 2 8 11 93
0 13 0 1 14 6 163
0 13 0 1 3 17 89
0 13 0 0 20 1 1
0 13 0 0 9 12 87
0 12 22 0 0 0 49
0 12 20 1 1 0 24
0 12 18 2 2 0 111
0 12 18 0 3 1 191
0 12 17 2 0 3 186
0 12 17 0 1 4 189
0 12 16 3 3 0 124
0 12 16 1 4 1 57
0 12 15 5 0 2 47
0 12 15 3 1 3 183
0 12 15 1 2 4 30
0 12 14 4 4 0 73
0 12 14 2 5 1 38
0 12 14 1 0 7 62
0 12 14 0 6 2 87
0 12 13 8 0 1 70
0 12 13 6 1 2 56
0 12 13 4 2 3 53
0 12 13 2 3 4 44
0 12 13 0 4 5 30
0 12 12 5 5 0 60
0 12 12 4 0 6 125
0 12 12 3 6 1 139
0 12 12 2 1 7 9
0 12 12 1 7 2 55
0 12 12 0 2 8 98
0 12 11 11 0 0 190
0 12 11 9 1 1 127
0 12 11 7 2 2 165
0 12 11 5 3 3 141
0 12 11 3 4 4 91
0 12 11 1 5 5 78
0 12 11 0 11 0 94
0 12 11 0 0 11 49
0 12 10 7 0 5 14
0 12 10 6 6 0 72
0 12 10 5 1 6 162
0 12 10 4 7 1 143
0 12 10 3 2 7 116
0 12 10 2 8 2 68
0 12 10 1 3 8 174
0 12 10 0 9 3 6
0 12 9 12 1 0 14
0 12 9 10 2 1 28
0 12 9 8 3 2 79
0 12 9 6 4 3 128
0 12 9 4 5 4 97
0 12 9 3 0 10 42
0 12 9 2 6 5 23
0 12 9 1 12 0 139
0 12 9 1 1 11 109
0 12 9 0 7 6 115
0 12 8 10 0 4 177
0 12 8 8 1 5 149
0 12 8 7 7 0 159
0 12 8 6 2 6 5
0 12 8 5 8 1 196
0 12 8 4 3 7 1
0 12 8 3 9 2 63
0 12 8 2 4 8 47
0 12 8 1 10 3 90
0 12 8 0 5 9 193
0 12 7 13 2 0 67
0 12 7 11 3 1 163
0 12 7 9 4 2 25
0 12 7 7 5 3 107
0 12 7 6 0 9 113
0 12 7 5 6 4 139
0 12 7 4 1 10 89
0 12 7 3 7 5 59
0 12 7 2 13 0 195
0 12 7 2 2 11 50
0 12 7 1 8 6 27
0 12 7 0 14 1 128
0 12 7 0 3 12 50
0 12 6 11 1 4 78
0 12 6 9 2 5 197
0 12 6 8 8 0 169
0 12 6 7 3 6 20
0 12 6 6 9 1 120
0 12 6 5 4 7 9
0 12 6 4 10 2 61
0 12 6 3 5 8 134
0 12 6 2 11 3 127
0 12 6 2 0 14 112
0 12 6 1 6 9 107
0 12 6 0 12 4 167
0 12 6 0 1 15 195
0 12 5 14 3 0 191
0 12 5 12 4 1 56
0 12 5 10 5 2 95
0 12 5 9 0 8 42
0 12 5 8 6 3 88
0 12 5 7 1 9 26
0 12 5 6 7 4 127
0 12 5 5 2 10 111
0 12 5 4 8 5 125
0 12 5 3 14 0 108
0 12 5 3 3 11 121
0 12 5 2 9 6 30
0 12 5 1 15 1 125
0 12 5 1 4 12 108
0 12 5 0 10 7 94
0 12 4 16 0 2 180
0 12 4 14 1 3 102
0 12 4 12 2 4 106
0 12 4 10 3 5 50
0 12 4 9 9 0 105
0 12 4 8 4 6 152
0 12 4 7 10 1 10
0 12 4 6 5 7 175
0 12 4 5 11 2 65
0 12 4 5 0 13 41
0 12 4 4 6 8 173
0 12 4 3 12 3 181
0 12 4 3 1 14 137
0 12 4 2 7 9 111
0 12 4 1 13 4 75
0 12 4 1 2 15 27
0 12 4 0 8 10 54
0 12 3 15 4 0 138
0 12 3 13 5 1 169
0 12 3 12 0 7 70
0 12 3 11 6 2 40
0 12 3 10 1 8 87
0 12 3 9 7 3 198
0 12 3 8 2 9 127
0 12 3 7 8 4 110
0 12 3 6 3 10 114
0 12 3 5 9 5 25
0 12 3 4 15 0 192
0 12 3 4 4 11 88
0 12 3 3 10 6 172
0 12 3 2 16 1 129
0 12 3 2 5 12 14
0 12 3 1 11 7 153
0 12 3 1 0 18 114
0 12 3 0 17 2 2
0 12 3 0 6 13 122
0 12 2 19 0 1 7
0 12 2 17 1 2 126
0 12 2 15 2 3 191
0 12 2 13 3 4 80
0 12 2 11 4 5 15
0 12 2 10 10 0 117
0 12 2 9 5 6 82
0 12 2 8 11 1 61
0 12 2 8 0 12 110
0 12 2 7 6 7 11
0 12 2 6 12 2 108
0 12 2 6 1 13 33
0 12 2 5 7 8 162
0 12 2 4 13 3 126
0 12 2 4 2 14 24
0 12 2 3 8 9 95
0 12 2 2 14 4 116
0 12 2 2 3 15 91
0 12 2 1 9 10 174
0 12 2 0 15 5 18
0 12 2 0 4 16 12
0 12 1 16 5 0 147
0 12 1 15 0 6 171
0 12 1 14 6 1 33
0 12 1 12 7 2 95
0 12 1 11 2 8 87
0 12 1 10 8 3 65
0 12 1 9 3 9 88
0 12 1 8 9 4 198
0 12 1 7 4 10 167
0 12 1 6 10 5 48
0 12 1 5 16 0 106
0 12 1 5 5 11 125
0 12 1 4 11 6 120
0 12 1 4 0 17 188
0 12 1 3 17 1 41
0 12 1 3 6 12 83
0 12 1 2 12 7 174
0 12 1 2 1 18 61
0 12 1 1 18 2 164
0 12 1 1 7 13 123
0 12 1 0 13 8 113
0 12 1 0 2 19 142
0 12 0 22 0 0 90
0 12 0 20 1 1 108
0 12 0 18 2 2 17
0 12 0 16 3 3 133
0 12 0 14 4 4 106
0 12 0 12 5 5 96
0 12 0 11 11 0 35
0 12 0 11 0 11 8
0 12 0 10 6 6 185
0 12 0 9 12 1 156
0 12 0 9 1 12 107
0 12 0 8 7 7 144
0 12 0 7 13 2 73
0 12 0 7 2 13 89
0 12 0 6 8 8 57
0 12 0 5 14 3 55
0 12 0 5 3 14 108
0 12 0 4 9 9 107
0 12 0 3 15 4 1
0 12 0 3 4 15 40
0 12 0 2 10 10 65
0 12 0 1 16 5 189
0 12 0 1 5 16 189
0 12 0 0 22 0 164
0 12 0 0 11 11 52
0 12 0 0 0 22 97
0 11 21 0 0 2 191
0 11 19 3 0 1 171
0 11 19 1 1 2 51
0 11 18 0 5 0 83
0 11 17 6 0 0 150
0 11 17 4 1 1 37
0 11 17 2 2 2 183
0 11 17 0 3 3 13
0 11 16 2 0 5 102
0 11 16 1 6 0 128
0 11 16 0 1 6 115
0 11 15 7 1 0 101
0 11 15 5 2 1 138
0 11 15 3 3 2 124
0 11 15 1 4 3 107
0 11 14 5 0 4 33
0 11 14 3 1 5 67
0 11 14 2 7 0 149
0 11 14 1 2 6 151
0 11 14 0 8 1 20
0 11 13 8 2 0 86
0 11 13 6 3 1 81
0 11 13 4 4 2 52
0 11 13 2 5 3 122
0 11 13 1 0 9 164
0 11 13 0 6 4 96
0 11 12 8 0 3 146
0 11 12 6 1 4 52
0 11 12 4 2 5 194
0 11 12 3 8 0 196
0 11 12 2 3 6 154
0 11 12 1 9 1 20
0 11 12 0 4 7 93
0 11 11 9 3 0 13
0 11 11 7 4 1 67
0 11 11 5 5 2 83
0 11 11 4 0 8 24
0 11 11 3 6 3 130
0 11 11 2 1 9 46
0 11 11 1 7 4 31
0 11 11 0 2 10 7
0 11 10 11 0 2 95
0 11 10 9 1 3 167
0 11 10 7 2 4 157
0 11 10 5 3 5 35
0 11 10 4 9 0 23
0 11 10 3 4 6 189
0 11 10 2 10 1 35
0 11 10 1 5 7 2
0 11 10 0 11 2 7
0 11 10 0 0 13 83
0 11 9 10 4 0 125
0 11 9 8 5 1 118
0 11 9 7 0 7 28
0 11 9 6 6 2 172
0 11 9 5 1 8 13
0 11 9 4 7 3 122
0 11 9 3 2 9 48
0 11 9 2 8 4 182
0 11 9 1 3 10 22
0 11 9 0 9 5 123
0 11 8 14 0 1 41
0 11 8 12 1 2 25
0 11 8 10 2 3 107
0 11 8 8 3 4 140
0 11 8 6 4 5 32
0 11 8 5 10 0 81
0 11 8 4 5 6 122
0 11 8 3 11 1 183
0 11 8 3 0 12 45
0 11 8 2 6 7 143
0 11 8 1 12 2 185
0 11 8 1 1 13 163
0 11 8 0 7 8 107
0 11 7 11 5 0 124
0 11 7 10 0 6 169
0 11 7 9 6 1 44
0 11 7 8 1 7 27
0 11 7 7 7 2 103
0 11 7 6 2 8 8
0 11 7 5 8 3 153
0 11 7 4 3 9 145
0 11 7 3 9 4 36
0 11 7 2 4 10 12
0 11 7 1 10 5 167
0 11 7 0 16 0 86
0 11 7 0 5 11 53
0 11 6 17 0 0 84
0 11 6 15 1 1 178
0 11 6 13 2 2 69
0 11 6 11 3 3 85
0 11 6 9 4 4 132
0 11 6 7 5 5 8
0 11 6 6 11 0 184
0 11 6 6 0 11 61
0 11 6 5 6 6 82
0 11 6 4 12 1 158
0 11 6 4 1 12 118
0 11 6 3 7 7 180
0 11 6 2 13 2 54
0 11 6 2 2 13 108
0 11 6 1 8 8 123
0 11 6 0 14 3 44
0 11 6 0 3 14 153
0 11 5 13 0 5 2
0 11 5 12 6 0 187
0 11 5 11 1 6 172
0 11 5 10 7 1 191
0 11 5 9 2 7 6
0 11 5 8 8 2 168
0 11 5 7 3 8 190
0 11 5 6 9 3 131
0 11 5 5 4 9 64
0 11 5 4 10 4 171
0 11 5 3 5 10 148
0 11 5 2 11 5 145
0 11 5 2 0 16 16
0 11 5 1 17 0 85
0 11 5 1 6 11 142
0 11 5 0 12 6 41
0 11 5 0 1 17 145
0 11 4 18 1 0 108
0 11 4 16 2 1 98
0 11 4 14 3 2 33
0 11 4 12 4 3 36
0 11 4 10 5 4 3
0 11 4 9 0 10 139
0 11 4 8 6 5 42
0 11 4 7 12 0 57
0 11 4 7 1 11 144
0 11 4 6 7 6 160
0 11 4 5 13 1 4
0 11 4 5 2 12 4
0 11 4 4 8 7 170
0 11 4 3 14 2 13
0 11 4 3 3 13 77
0 11 4 2 9 8 25
0 11 4 1 15 3 100
0 11 4 1 4 14 50
0 11 4 0 10 9 95
0 11 3 16 0 4 126
0 11 3 14 1 5 52
0 11 3 13 7 0 97
0 11 3 12 2 6 96
0 11 3 11 8 1 189
0 11 3 10 3 7 73
0 11 3 9 9 2 125
0 11 3 8 4 8 112
0 11 3 7 10 3 41
0 11 3 6 5 9 33
0 11 3 5 11 4 144
0 11 3 5 0 15 60
0 11 3 4 6 10 66
0 11 3 3 12 5 193
0 11 3 3 1 16 8
0 11 3 2 18 0 62
0 11 3 2 7 11 26
0 11 3 1 13 6 165
0 11 3 1 2 17 177
0 11 3 0 19 1 14
0 11 3 0 8 12 188
0 11 2 19 2 0 44
0 11 2 17 3 1 65
0 11 2 15 4 2 177
0 11 2 13 5 3 61
0 11 2 12 0 9 167
0 11 2 10 1 10 93
0 11 2 9 7 5 70
0 11 2 8 13 0 46
0 11 2 8 2 11 85
0 11 2 7 8 6 139
0 11 2 6 14 1 195
0 11 2 6 3 12 88
0 11 2 5 9 7 139
0 11 2 4 15 2 67
0 11 2 4 4 13 138
0 11 2 3 10 8 138
0 11 2 2 16 3 148
0 11 2 2 5 14 72
0 11 2 1 11 9 188
0 11 2 1 0 20 71
0 11 2 0 17 4 100
0 11 2 0 6 15 108
0 11 1 19 0 3 81
0 11 1 17 1 4 8
0 11 1 15 2 5 181
0 11 1 14 8 0 131
0 11 1 13 3 6 5
0 11 1 12 9 1 24
0 11 1 11 4 7 173
0 11 1 10 10 2 89
0 11 1 9 5 8 29
0 11 1 8 11 3 3
0 11 1 8 0 14 104
0 11 1 7 6 9 137
0 11 1 6 12 4 74
0 11 1 6 1 15 59
0 11 1 5 7 10 8
0 11 1 4 13 5 167
0 11 1 4 2 16 167
0 11 1 3 19 0 134
0 11 1 3 8 11 2
0 11 1 2 14 6 53
0 11 1 2 3 17 89
0 11 1 1 20 1 80
0 11 1 1 9 12 24
0 11 1 0 15 7 16
0 11 1 0 4 18 129
0 11 0 20 3 0 50
0 11 0 18 4 1 138
0 11 0 16 5 2 15
0 11 0 15 0 8 14
0 11 0 14 6 3 148
0 11 0 13 1 9 145
0 11 0 12 7 4 64
0 11 0 11 2 10 8
0 11 0 10 8 5 94
0 11 0 9 14 0 35
0 11 0 9 3 11 142
0 11 0 8 9 6 75
0 11 0 7 15 1 82
0 11 0 7 4 12 191
0 11 0 6 10 7 131
0 11 0 5 16 2 64
0 11 0 5 5 13 32
0 11 0 4 11 8 157
0 11 0 4 0 19 197
0 11 0 3 17 3 42
0 11 0 3 6 14 34
0 11 0 2 12 9 7
0 11 0 2 1 20 108
0 11 0 1 18 4 10
0 11 0 1 7 15 198
0 11 0 0 13 10 165
0 11 0 0 2 21 36
0 10 23 1 0 0 162
0 10 21 2 1 0 174
0 10 21 0 2 1 108
0 10 20 0 0 4 186
0 10 19 3 2 0 95
0 10 19 1 3 1 34
0 10 18 3 0 3 168
0 10 18 1 1 4 190
0 10 17 4 3 0 30
0 10 17 2 4 1 79
0 10 17 0 5 2 194
0 10 16 6 0 2 154
0 10 16 4 1 3 92
0 10 16 2 2 4 130
0 10 16 0 3 5 97
0 10 15 5 4 0 97
0 10 15 3 5 1 70
0 10 15 2 0 7 149
0 10 15 1 6 2 40
0 10 15 0 1 8 161
0 10 14 9 0 1 186
0 10 14 7 1 2 33
0 10 14 5 2 3 4
0 10 14 3 3 4 166
0 10 14 1 4 5 165
0 10 14 0 10 0 152
0 10 13 6 5 0 164
0 10 13 5 0 6 16
0 10 13 4 6 1 50
0 10 13 3 1 7 21
0 10 13 2 7 2 187
0 10 13 1 2 8 33
0 10 13 0 8 3 194
0 10 12 12 0 0 147
0 10 12 10 1 1 190
0 10 12 8 2 2 104
0 10 12 6 3 3 163
0 10 12 4 4 4 139
0 10 12 2 5 5 112
0 10 12 1 11 0 57
0 10 12 1 0 11 143
0 10 12 0 6 6 61
0 10 11 8 0 5 131
0 10 11 7 6 0 54
0 10 11 6 1 6 4
0 10 11 5 7 1 197
0 10 11 4 2 7 32
0 10 11 3 8 2 3
0 10 11 2 3 8 102
0 10 11 1 9 3 185
0 10 10 13 1 0 74
0 10 10 11 2 1 181
0 10 10 9 3 2 162
0 10 10 7 4 3 65
0 10 10 5 5 4 55
0 10 10 4 0 10 95
0 10 10 2 12 0 33
0 10 10 2 1 11 71
0 10 10 1 7 6 77
0 10 10 0 13 1 180
0 10 10 0 2 12 175
0 10 9 11 0 4 142
0 10 9 9 1 5 128
0 10 9 8 7 0 49
0 10 9 7 2 6 170
0 10 9 6 8 1 147
0 10 9 5 3 7 37
0 10 9 4 9 2 170
0 10 9 3 4 8 90
0 10 9 2 10 3 183
0 10 9 1 5 9 136
0 10 9 0 11 4 115
0 10 9 0 0 15 180
0 10 8 14 2 0 186
0 10 8 12 3 1 118
0 10 8 10 4 2 94
0 10 8 8 5 3 19
0 10 8 7 0 9 96
0 10 8 6 6 4 63
0 10 8 5 1 10 19
0 10 8 4 7 5 20
0 10 8 3 13 0 181
0 10 8 3 2 11 15
0 10 8 2 8 6 127
0 10 8 1 14 1 151
0 10 8 1 3 12 167
0 10 8 0 9 7 18
0 10 7 14 0 3 80
0 10 7 12 1 4 111
0 10 7 10 2 5 15
0 10 7 9 8 0 18
0 10 7 8 3 6 32
0 10 7 7 9 1 72
0 10 7 6 4 7 196
0 10 7 5 10 2 154
0 10 7 4 5 8 68
0 10 7 3 11 3 168
0 10 7 3 0 14 172
0 10 7 2 6 9 153
0 10 7 1 12 4 145
0 10 7 1 1 15 170
0 10 7 0 7 10 57
0 10 6 15 3 0 70
0 10 6 13 4 1 70
0 10 6 11 5 2 24
0 10 6 10 0 8 146
0 10 6 9 6 3 193
0 10 6 8 1 9 101
0 10 6 7 7 4 190
0 10 6 6 2 10 116
0 10 6 5 8 5 24
0 10 6 4 14 0 56
0 10 6 4 3 11 24
0 10 6 3 9 6 111
0 10 6 2 15 1 71
0 10 6 2 4 12 145
0 10 6 1 10 7 131
0 10 6 0 16 2 148
0 10 6 0 5 13 126
0 10 5 17 0 2 194
0 10 5 15 1 3 189
0 10 5 13 2 4 198
0 10 5 11 3 5 2
0 10 5 10 9 0 23
0 10 5 9 4 6 84
0 10 5 8 10 1 193
0 10 5 7 5 7 63
0 10 5 6 11 2 59
0 10 5 6 0 13 23
0 10 5 5 6 8 46
0 10 5 4 12 3 73
0 10 5 4 1 14 151
0 10 5 3 7 9 62
0 10 5 2 13 4 122
0 10 5 2 2 15 45
0 10 5 1 8 10 138
0 10 5 0 14 5 14
0 10 5 0 3 16 192
0 10 4 16 4 0 128
0 10 4 14 5 1 121
0 10 4 13 0 7 8
0 10 4 12 6 2 6
0 10 4 11 1 8 191
0 10 4 10 7 3 131
0 10 4 9 2 9 25
0 10 4 8 8 4 24
0 10 4 7 3 10 191
0 10 4 6 9 5 6
0 10 4 5 15 0 85
0 10 4 5 4 11 126
0 10 4 4 10 6 175
0 10 4 3 16 1 56
0 10 4 3 5 12 66
0 10 4 2 11 7 186
0 10 4 2 0 18 10
0 10 4 1 17 2 50
0 10 4 1 6 13 175
0 10 4 0 12 8 52
0 10 4 0 1 19 168
0 10 3 20 0 1 55
0 10 3 18 1 2 176
0 10 3 16 2 3 180
0 10 3 14 3 4 38
0 10 3 12 4 5 100
0 10 3 11 10 0 148
0 10 3 10 5 6 73
0 10 3 9 11 1 3
0 10 3 9 0 12 111
0 10 3 8 6 7 30
0 10 3 7 12 2 155
0 10 3 7 1 13 79
0 10 3 6 7 8 146
0 10 3 5 13 3 158
0 10 3 5 2 14 84
0 10 3 4 8 9 34
0 10 3 3 14 4 95
0 10 3 3 3 15 31
0 10 3 2 9 10 140
0 10 3 1 15 5 68
0 10 3 1 4 16 77
0 10 3 0 21 0 35
0 10 3 0 10 11 189
0 10 2 17 5 0 133
0 10 2 16 0 6 176
0 10 2 15 6 1 126
0 10 2 14 1 7 144
0 10 2 13 7 2 40
0 10 2 12 2 8 183
0 10 2 11 8 3 18
0 10 2 10 3 9 176
0 10 2 9 9 4 192
0 10 2 8 4 10 71
0 10 2 7 10 5 180
0 10 2 6 16 0 117
0 10 2 6 5 11 95
0 10 2 5 11 6 129
0 10 2 5 0 17 45
0 10 2 4 17 1 42
0 10 2 4 6 12 47
0 10 2 3 12 7 32
0 10 2 3 1 18 23
0 10 2 2 18 2 62
0 10 2 2 7 13 153
0 10 2 1 13 8 118
0 10 2 1 2 19 184
0 10 2 0 19 3 73
0 10 2 0 8 14 26
0 10 1 23 0 0 50
0 10 1 21 1 1 188
0 10 1 19 2 2 177
0 10 1 17 3 3 11
0 10 1 15 4 4 117
0 10 1 13 5 5 44
0 10 1 12 11 0 159
0 10 1 12 0 11 113
0 10 1 11 6 6 15
0 10 1 10 12 1 87
0 10 1 10 1 12 116
0 10 1 9 7 7 16
0 10 1 8 13 2 164
0 10 1 8 2 13 90
0 10 1 7 8 8 146
0 10 1 6 14 3 94
0 10 1 6 3 14 164
0 10 1 5 9 9 2
0 10 1 4 15 4 52
0 10 1 4 4 15 124
0 10 1 3 10 10 12
0 10 1 2 16 5 53
0 10 1 2 5 16 107
0 10 1 1 22 0 147
0 10 1 1 11 11 40
0 10 1 1 0 22 49
0 10 1 0 17 6 169
0 10 1 0 6 17 69
0 10 0 19 0 5 10
0 10 0 18 6 0 52
0 10 0 17 1 6 38
0 10 0 16 7 1 41
0 10 0 15 2 7 101
0 10 0 14 8 2 70
0 10 0 13 3 8 96
0 10 0 12 9 3 155
0 10 0 11 4 9 24
0 10 0 10 10 4 138
0 10 0 9 5 10 145
0 10 0 8 11 5 175
0 10 0 8 0 16 19
0 10 0 7 17 0 171
0 10 0 7 6 11 101
0 10 0 6 12 6 133
0 10 0 6 1 17 111
0 10 0 5 18 1 150
0 10 0 5 7 12 166
0 10 0 4 13 7 19
0 10 0 4 2 18 95
0 10 0 3 19 2 41
0 10 0 3 8 13 39
0 10 0 2 14 8 68
0 10 0 2 3 19 118
0 10 0 1 20 3 141
0 10 0 1 9 14 179
0 10 0 0 15 9 196
0 10 0 0 4 20 86
0 9 22 1 0 2 119
0 9 21 0 4 0 2
0 9 20 4 0 1 179
0 9 20 2 1 2 197
0 9 20 0 2 3 118
0 9 19 1 5 0 64
0 9 19 0 0 6 7
0 9 18 7 0 0 101
0 9 18 5 1 1 26
0 9 18 3 2 2 191
0 9 18 1 3 3 31
0 9 17 3 0 5 103
0 9 17 2 6 0 64
0 9 17 1 1 6 136
0 9 17 0 7 1 5
0 9 16 8 1 0 168
0 9 16 6 2 1 98
0 9 16 4 3 2 92
0 9 16 2 4 3 108
0 9 16 0 5 4 34
0 9 15 6 0 4 178
0 9 15 4 1 5 143
0 9 15 3 7 0 122
0 9 15 2 2 6 34
0 9 15 1 8 1 191
0 9 15 0 3 7 12
0 9 14 9 2 0 140
0 9 14 7 3 1 78
0 9 14 5 4 2 92
0 9 14 3 5 3 106
0 9 14 2 0 9 95
0 9 14 1 6 4 74
0 9 14 0 1 10 169
0 9 13 9 0 3 58
0 9 13 7 1 4 37
0 9 13 5 2 5 62
0 9 13 4 8 0 166
0 9 13 3 3 6 79
0 9 13 2 9 1 68
0 9 13 1 4 7 154
0 9 13 0 10 2 166
0 9 12 10 3 0 9
0 9 12 8 4 1 170
0 9 12 6 5 2 181
0 9 12 5 0 8 161
0 9 12 4 6 3 116
0 9 12 3 1 9 191
0 9 12 2 7 4 100
0 9 12 1 2 10 54
0 9 12 0 8 5 119
0 9 11 12 0 2 188
0 9 11 10 1 3 5
0 9 11 8 2 4 148
0 9 11 6 3 5 167
0 9 11 5 9 0 102
0 9 11 4 4 6 111
0 9 11 3 10 1 62
0 9 11 2 5 7 184
0 9 11 1 11 2 106
0 9 11 1 0 13 195
0 9 11 0 6 8 172
0 9 10 11 4 0 196
0 9 10 9 5 1 28
0 9 10 8 0 7 116
0 9 10 7 6 2 120
0 9 10 6 1 8 150
0 9 10 5 7 3 127
0 9 10 4 2 9 34
0 9 10 3 8 4 194
0 9 10 2 3 10 129
0 9 10 1 9 5 128
0 9 10 0 15 0 13
0 9 10 0 4 11 19
0 9 9 15 0 1 197
0 9 9 13 1 2 60
0 9 9 11 2 3 154
0 9 9 9 3 4 195
0 9 9 7 4 5 80
0 9 9 6 10 0 1
0 9 9 5 5 6 159
0 9 9 4 11 1 62
0 9 9 4 0 12 31
0 9 9 3 6 7 20
0 9 9 2 12 2 137
0 9 9 2 1 13 33
0 9 9 1 7 8 106
0 9 9 0 13 3 54
0 9 9 0 2 14 76
0 9 8 12 5 0 141
0 9 8 11 0 6 29
0 9 8 10 6 1 149
0 9 8 9 1 7 189
0 9 8 8 7 2 152
0 9 8 7 2 8 190
0 9 8 6 8 3 58
0 9 8 5 3 9 119
0 9 8 4 9 4 10
0 9 8 3 4 10 155
0 9 8 2 10 5 179
0 9 8 1 16 0 168
0 9 8 1 5 11 132
0 9 8 0 11 6 97
0 9 8 0 0 17 145
0 9 7 18 0 0 3
0 9 7 16 1 1 58
0 9 7 14 2 2 156
0 9 7 12 3 3 34
0 9 7 10 4 4 50
0 9 7 8 5 5 97
0 9 7 7 11 0 7
0 9 7 7 0 11 106
0 9 7 6 6 6 92
0 9 7 5 12 1 126
0 9 7 5 1 12 6
0 9 7 4 7 7 198
0 9 7 3 13 2 147
0 9 7 3 2 13 129
0 9 7 2 8 8 58
0 9 7 1 14 3 20
0 9 7 1 3 14 152
0 9 7 0 9 9 139
0 9 6 14 0 5 120
0 9 6 13 6 0 101
0 9 6 12 1 6 31
0 9 6 11 7 1 45
0 9 6 10 2 7 10
0 9 6 9 8 2 72
0 9 6 8 3 8 151
0 9 6 7 9 3 22
0 9 6 6 4 9 74
0 9 6 5 10 4 117
0 9 6 4 5 10 93
0 9 6 3 11 5 66
0 9 6 3 0 16 112
0 9 6 2 17 0 160
0 9 6 2 6 11 77
0 9 6 1 12 6 54
0 9 6 1 1 17 2
0 9 6 0 18 1 74
0 9 6 0 7 12 54
0 9 5 19 1 0 32
0 9 5 17 2 1 140
0 9 5 15 3 2 28
0 9 5 13 4 3 59
0 9 5 11 5 4 108
0 9 5 10 0 10 31
0 9 5 9 6 5 17
0 9 5 8 12 0 52
0 9 5 8 1 11 36
0 9 5 7 7 6 186
0 9 5 6 13 1 99
0 9 5 6 2 12 186
0 9 5 5 8 7 29
0 9 5 4 14 2 176
0 9 5 4 3 13 63
0 9 5 3 9 8 90
0 9 5 2 15 3 168
0 9 5 2 4 14 82
0 9 5 1 10 9 94
0 9 5 0 16 4 21
0 9 5 0 5 15 42
0 9 4 17 0 4 187
0 9 4 15 1 5 3
0 9 4 14 7 0 171
0 9 4 13 2 6 23
0 9 4 12 8 1 141
0 9 4 11 3 7 105
0 9 4 10 9 2 111
0 9 4 9 4 8 196
0 9 4 8 10 3 180
0 9 4 7 5 9 60
0 9 4 6 11 4 74
0 9 4 6 0 15 80
0 9 4 5 6 10 93
0 9 4 4 12 5 35
0 9 4 4 1 16 193
0 9 4 3 18 0 72
0 9 4 3 7 11 110
0 9 4 2 13 6 174
0 9 4 2 2 17 63
0 9 4 1 19 1 163
0 9 4 1 8 12 71
0 9 4 0 14 7 177
0 9 4 0 3 18 63
0 9 3 20 2 0 175
0 9 3 18 3 1 35
0 9 3 16 4 2 133
0 9 3 14 5 3 71
0 9 3 13 0 9 142
0 9 3 12 6 4 23
0 9 3 11 1 10 180
0 9 3 10 7 5 85
0 9 3 9 13 0 12
0 9 3 9 2 11 173
0 9 3 8 8 6 177
0 9 3 7 14 1 33
0 9 3 7 3 12 144
0 9 3 6 9 7 165
0 9 3 5 15 2 195
0 9 3 5 4 13 44
0 9 3 4 10 8 70
0 9 3 3 16 3 97
0 9 3 3 5 14 28
0 9 3 2 11 9 56
0 9 3 2 0 20 29
0 9 3 1 17 4 129
0 9 3 1 6 15 103
0 9 3 0 12 10 106
0 9 3 0 1 21 96
0 9 2 20 0 3 115
0 9 2 18 1 4 61
0 9 2 16 2 5 119
0 9 2 15 8 0 76
0 9 2 14 3 6 127
0 9 2 13 9 1 56
0 9 2 12 4 7 152
0 9 2 11 10 2 130
0 9 2 10 5 8 89
0 9 2 9 11 3 190
0 9 2 9 0 14 99
0 9 2 8 6 9 186
0 9 2 7 12 4 142
0 9 2 7 1 15 141
0 9 2 6 7 10 177
0 9 2 5 13 5 126
0 9 2 5 2 16 190
0 9 2 4 19 0 27
0 9 2 4 8 11 138
0 9 2 3 14 6 23
0 9 2 3 3 17 97
0 9 2 2 20 1 77
0 9 2 2 9 12 193
0 9 2 1 15 7 47
0 9 2 1 4 18 162
0 9 2 0 21 2 157
0 9 2 0 10 13 112
0 9 1 21 3 0 103
0 9 1 19 4 1 174
0 9 1 17 5 2 168
0 9 1 16 0 8 92
0 9 1 15 6 3 45
0 9 1 14 1 9 31
0 9 1 13 7 4 99
0 9 1 12 2 10 37
0 9 1 11 8 5 121
0 9 1 10 14 0 136
0 9 1 10 3 11 137
0 9 1 9 9 6 38
0 9 1 8 15 1 143
0 9 1 8 4 12 188
0 9 1 6 16 2 48
0 9 1 6 5 13 91
0 9 1 5 11 8 90
0 9 1 5 0 19 96
0 9 1 4 17 3 126
0 9 1 4 6 14 144
0 9 1 3 12 9 51
0 9 1 3 1 20 127
0 9 1 2 18 4 15
0 9 1 2 7 15 155
0 9 1 1 13 10 174
0 9 1 1 2 21 196
0 9 1 0 19 5 124
0 9 1 0 8 16 112
0 9 0 23 0 2 31
0 9 0 21 1 3 135
0 9 0 19 2 4 77
0 9 0 17 3 5 183
0 9 0 16 9 0 185
0 9 0 15 4 6 16
0 9 0 14 10 1 13
0 9 0 13 5 7 163
0 9 0 12 11 2 143
0 9 0 12 0 13 37
0 9 0 11 6 8 91
0 9 0 10 12 3 105
0 9 0 10 1 14 149
0 9 0 9 7 9 34
0 9 0 8 13 4 28
0 9 0 8 2 15 64
0 9 0 7 8 10 16
0 9 0 6 14 5 24
0 9 0 6 3 16 118
0 9 0 5 20 0 101
0 9 0 5 9 11 10
0 9 0 4 15 6 126
0 9 0 4 4 17 105
0 9 0 3 21 1 98
0 9 0 3 10 12 146
0 9 0 2 16 7 140
0 9 0 2 5 18 11
0 9 0 1 22 2 17
0 9 0 1 11 13 158
0 9 0 1 0 24 154
0 9 0 0 17 8 173
0 9 0 0 6 19 87
0 8 24 2 0 0 47
0 8 24 0 1 1 92
0 8 22 3 1 0 106
0 8 22 1 2 1 29
0 8 21 1 0 4 184
0 8 20 4 2 0 56
0 8 20 2 3 1 9
0 8 20 0 4 2 158
0 8 19 4 0 3 33
0 8 19 2 1 4 116
0 8 19 0 2 5 174
0 8 18 5 3 0 100
0 8 18 3 4 1 138
0 8 18 1 5 2 45
0 8 18 0 0 8 91
0 8 17 7 0 2 23
0 8 17 5 1 3 106
0 8 17 3 2 4 76
0 8 17 1 3 5 45
0 8 17 0 9 0 84
0 8 16 6 4 0 119
0 8 16 4 5 1 133
0 8 16 3 0 7 141
0 8 16 2 6 2 143
0 8 16 1 1 8 110
0 8 16 0 7 3 194
0 8 15 10 0 1 103
0 8 15 8 1 2 111
0 8 15 6 2 3 179
0 8 15 4 3 4 159
0 8 15 2 4 5 21
0 8 15 1 10 0 99
0 8 15 0 5 6 22
0 8 14 7 5 0 126
0 8 14 6 0 6 171
0 8 14 5 6 1 36
0 8 14 4 1 7 114
0 8 14 3 7 2 68
0 8 14 2 2 8 195
0 8 14 1 8 3 187
0 8 14 0 3 9 194
0 8 13 13 0 0 94
0 8 13 11 1 1 116
0 8 13 9 2 2 116
0 8 13 7 3 3 142
0 8 13 5 4 4 14
0 8 13 3 5 5 43
0 8 13 2 11 0 197
0 8 13 2 0 11 47
0 8 13 1 6 6 130
0 8 13 0 12 1 116
0 8 13 0 1 12 110
0 8 12 9 0 5 36
0 8 12 8 6 0 159
0 8 12 7 1 6 115
0 8 12 6 7 1 149
0 8 12 5 2 7 148
0 8 12 4 8 2 42
0 8 12 3 3 8 75
0 8 12 2 9 3 155
0 8 12 1 4 9 60
0 8 12 0 10 4 193
0 8 11 14 1 0 106
0 8 11 12 2 1 18
0 8 11 10 3 2 185
0 8 11 8 4 3 96
0 8 11 6 5 4 81
0 8 11 4 6 5 114
0 8 11 3 12 0 121
0 8 11 3 1 11 84
0 8 11 2 7 6 73
0 8 11 1 13 1 47
0 8 11 1 2 12 86
0 8 11 0 8 7 150
0 8 10 12 0 4 151
0 8 10 10 1 5 102
0 8 10 9 7 0 72
0 8 10 8 2 6 119
0 8 10 7 8 1 44
0 8 10 6 3 7 25
0 8 10 5 9 2 190
0 8 10 4 4 8 178
0 8 10 3 10 3 81
0 8 10 2 5 9 37
0 8 10 1 11 4 170
0 8 10 1 0 15 19
0 8 10 0 6 10 111
0 8 9 15 2 0 25
0 8 9 13 3 1 145
0 8 9 11 4 2 72
0 8 9 9 5 3 73
0 8 9 8 0 9 163
0 8 9 7 6 4 145
0 8 9 6 1 10 142
0 8 9 5 7 5 155
0 8 9 4 13 0 137
0 8 9 4 2 11 156
0 8 9 3 8 6 51
0 8 9 2 14 1 162
0 8 9 2 3 12 110
0 8 9 1 9 7 71
0 8 9 0 15 2 184
0 8 9 0 4 13 164
0 8 8 15 0 3 140
0 8 8 13 1 4 75
0 8 8 11 2 5 144
0 8 8 10 8 0 55
0 8 8 9 3 6 134
0 8 8 8 9 1 10
0 8 8 7 4 7 173
0 8 8 6 10 2 10
0 8 8 5 5 8 101
0 8 8 4 11 3 63
0 8 8 4 0 14 173
0 8 8 3 6 9 103
0 8 8 2 12 4 52
0 8 8 2 1 15 149
0 8 8 1 7 10 57
0 8 8 0 13 5 28
0 8 8 0 2 16 63
0 8 7 16 3 0 3
0 8 7 14 4 1 40
0 8 7 12 5 2 136
0 8 7 11 0 8 8
0 8 7 10 6 3 67
0 8 7 9 1 9 71
0 8 7 8 7 4 116
0 8 7 7 2 10 38
0 8 7 6 8 5 181
0 8 7 5 14 0 45
0 8 7 5 3 11 120
0 8 7 4 9 6 190
0 8 7 3 15 1 42
0 8 7 3 4 12 162
0 8 7 2 10 7 197
0 8 7 1 16 2 82
0 8 7 1 5 13 119
0 8 7 0 11 8 162
0 8 7 0 0 19 51
0 8 6 18 0 2 35
0 8 6 16 1 3 144
0 8 6 14 2 4 109
0 8 6 12 3 5 86
0 8 6 11 9 0 179
0 8 6 10 4 6 48
0 8 6 9 10 1 53
0 8 6 8 5 7 65
0 8 6 7 11 2 156
0 8 6 7 0 13 185
0 8 6 6 6 8 53
0 8 6 5 12 3 119
0 8 6 5 1 14 39
0 8 6 4 7 9 170
0 8 6 3 13 4 19
0 8 6 3 2 15 73
0 8 6 2 8 10 115
0 8 6 1 14 5 192
0 8 6 1 3 16 105
0 8 6 0 20 0 9
0 8 6 0 9 11 192
0 8 5 17 4 0 184
0 8 5 15 5 1 139
0 8 5 14 0 7 22
0 8 5 13 6 2 13
0 8 5 12 1 8 35
0 8 5 11 7 3 65
0 8 5 10 2 9 101
0 8 5 9 8 4 186
0 8 5 8 3 10 11
0 8 5 7 9 5 181
0 8 5 6 15 0 98
0 8 5 6 4 11 130
0 8 5 5 10 6 153
0 8 5 4 16 1 183
0 8 5 4 5 12 136
0 8 5 3 11 7 12
0 8 5 3 0 18 33
0 8 5 2 17 2 36
0 8 5 2 6 13 69
0 8 5 1 12 8 90
0 8 5 1 1 19 21
0 8 5 0 18 3 167
0 8 5 0 7 14 123
0 8 4 21 0 1 121
0 8 4 19 1 2 56
0 8 4 17 2 3 179
0 8 4 15 3 4 6
0 8 4 13 4 5 146
0 8 4 12 10 0 148
0 8 4 11 5 6 106
0 8 4 10 11 1 187
0 8 4 10 0 12 185
0 8 4 9 6 7 19
0 8 4 8 12 2 165
0 8 4 8 1 13 70
0 8 4 7 7 8 128
0 8 4 6 13 3 152
0 8 4 6 2 14 107
0 8 4 5 8 9 49
0 8 4 4 14 4 93
0 8 4 4 3 15 185
0 8 4 3 9 10 85
0 8 4 2 15 5 23
0 8 4 2 4 16 92
0 8 4 1 21 0 3
0 8 4 1 10 11 37
0 8 4 0 16 6 42
0 8 4 0 5 17 45
0 8 3 18 5 0 98
0 8 3 17 0 6 164
0 8 3 16 6 1 172
0 8 3 15 1 7 102
0 8 3 14 7 2 33
0 8 3 13 2 8 124
0 8 3 12 8 3 126
0 8 3 11 3 9 102
0 8 3 10 9 4 170
0 8 3 9 4 10 165
0 8 3 8 10 5 75
0 8 3 7 16 0 130
0 8 3 7 5 11 25
0 8 3 6 11 6 66
0 8 3 6 0 17 73
0 8 3 5 17 1 22
0 8 3 5 6 12 196
0 8 3 4 12 7 184
0 8 3 4 1 18 155
0 8 3 3 18 2 198
0 8 3 3 7 13 151
0 8 3 2 13 8 130
0 8 3 2 2 19 175
0 8 3 1 19 3 102
0 8 3 1 8 14 88
0 8 3 0 14 9 10
0 8 3 0 3 20 148
0 8 2 24 0 0 109
0 8 2 22 1 1 128
0 8 2 20 2 2 130
0 8 2 18 3 3 54
0 8 2 16 4 4 29
0 8 2 14 5 5 135
0 8 2 13 11 0 106
0 8 2 13 0 11 149
0 8 2 12 6 6 53
0 8 2 11 12 1 8
0 8 2 11 1 12 141
0 8 2 10 7 7 94
0 8 2 9 13 2 115
0 8 2 9 2 13 25
0 8 2 8 8 8 20
0 8 2 7 14 3 191
0 8 2 7 3 14 138
0 8 2 6 9 9 107
0 8 2 5 15 4 4
0 8 2 5 4 15 160
0 8 2 4 10 10 92
0 8 2 3 16 5 2
0 8 2 3 5 16 130
0 8 2 2 22 0 176
0 8 2 2 11 11 134
0 8 2 2 0 22 59
0 8 2 1 17 6 97
0 8 2 1 6 17 46
0 8 2 0 23 1 90
0 8 2 0 12 12 188
0 8 2 0 1 23 155
0 8 1 20 0 5 111
0 8 1 19 6 0 56
0 8 1 18 1 6 73
0 8 1 17 7 1 143
0 8 1 16 2 7 129
0 8 1 15 8 2 154
0 8 1 14 3 8 102
0 8 1 13 9 3 36
0 8 1 12 4 9 73
0 8 1 11 10 4 48
0 8 1 10 5 10 110
0 8 1 9 11 5 28
0 8 1 9 0 16 7
0 8 1 8 17 0 33
0 8 1 8 6 11 41
0 8 1 7 12 6 18
0 8 1 7 1 17 56
0 8 1 6 18 1 54
0 8 1 6 7 12 71
0 8 1 5 13 7 96
0 8 1 5 2 18 20
0 8 1 4 19 2 179
0 8 1 4 8 13 173
0 8 1 3 14 8 89
0 8 1 3 3 19 197
0 8 1 2 20 3 26
0 8 1 2 9 14 137
0 8 1 1 15 9 11
0 8 1 1 4 20 81
0 8 1 0 21 4 138
0 8 1 0 10 15 69
0 8 0 25 1 0 84
0 8 0 23 2 1 5
0 8 0 21 3 2 147
0 8 0 19 4 3 153
0 8 0 17 5 4 49
0 8 0 16 0 10 65
0 8 0 15 6 5 52
0 8 0 14 12 0 20
0 8 0 14 1 11 184
0 8 0 13 7 6 134
0 8 0 12 13 1 20
0 8 0 12 2 12 107
0 8 0 11 8 7 182
0 8 0 10 14 2 120
0 8 0 10 3 13 51
0 8 0 9 9 8 7
0 8 0 8 15 3 157
0 8 0 8 4 14 121
0 8 0 7 10 9 70
0 8 0 6 16 4 117
0 8 0 6 5 15 164
0 8 0 5 11 10 151
0 8 0 5 0 21 1
0 8 0 4 17 5 101
0 8 0 4 6 16 46
0 8 0 3 23 0 116
0 8 0 3 12 11 109
0 8 0 3 1 22 78
0 8 0 2 18 6 156
0 8 0 2 7 17 194
0 8 0 1 24 1 101
0 8 0 1 13 12 15
0 8 0 1 2 23 87
0 8 0 0 19 7 57
0 8 0 0 8 18 54
0 7 24 0 3 0 50
0 7 23 2 0 2 2
0 7 23 0 1 3 135
0 7 22 1 4 0 49
0 7 21 5 0 1 4
0 7 21 3 1 2 17
0 7 21 1 2 3 18
0 7 20 2 5 0 141
0 7 20 1 0 6 134
0 7 20 0 6 1 54
0 7 19 8 0 0 80
0 7 19 6 1 1 20
0 7 19 4 2 2 111
0 7 19 2 3 3 130
0 7 19 0 4 4 190
0 7 18 4 0 5 54
0 7 18 3 6 0 26
0 7 18 2 1 6 89
0 7 18 1 7 1 163
0 7 18 0 2 7 171
0 7 17 9 1 0 14
0 7 17 7 2 1 30
0 7 17 5 3 2 9
0 7 17 3 4 3 19
0 7 17 1 5 4 4
0 7 17 0 0 10 180
0 7 16 7 0 4 143
0 7 16 5 1 5 83
0 7 16 4 7 0 73
0 7 16 3 2 6 86
0 7 16 2 8 1 124
0 7 16 1 3 7 53
0 7 16 0 9 2 4
0 7 15 10 2 0 132
0 7 15 8 3 1 86
0 7 15 6 4 2 46
0 7 15 4 5 3 141
0 7 15 3 0 9 6
0 7 15 2 6 4 129
0 7 15 1 1 10 134
0 7 15 0 7 5 102
0 7 14 10 0 3 20
0 7 14 8 1 4 132
0 7 14 6 2 5 77
0 7 14 5 8 0 139
0 7 14 4 3 6 114
0 7 14 3 9 1 5
0 7 14 2 4 7 45
0 7 14 1 10 2 117
0 7 14 0 5 8 10
0 7 13 11 3 0 62
0 7 13 9 4 1 153
0 7 13 7 5 2 123
0 7 13 6 0 8 109
0 7 13 5 6 3 14
0 7 13 4 1 9 158
0 7 13 3 7 4 27
0 7 13 2 2 10 11
0 7 13 1 8 5 152
0 7 13 0 14 0 176
0 7 12 13 0 2 21
0 7 12 11 1 3 162
0 7 12 9 2 4 122
0 7 12 7 3 5 122
0 7 12 6 9 0 187
0 7 12 5 4 6 181
0 7 12 4 10 1 58
0 7 12 3 5 7 150
0 7 12 2 11 2 146
0 7 12 2 0 13 148
0 7 12 1 6 8 32
0 7 12 0 12 3 51
0 7 12 0 1 14 27
0 7 11 12 4 0 36
0 7 11 10 5 1 104
0 7 11 9 0 7 4
0 7 11 8 6 2 26
0 7 11 7 1 8 114
0 7 11 6 7 3 120
0 7 11 5 2 9 182
0 7 11 4 8 4 14
0 7 11 3 3 10 91
0 7 11 2 9 5 119
0 7 11 1 15 0 148
0 7 11 1 4 11 182
0 7 11 0 10 6 156
0 7 10 16 0 1 33
0 7 10 14 1 2 141
0 7 10 12 2 3 156
0 7 10 10 3 4 186
0 7 10 8 4 5 168
0 7 10 7 10 0 7
0 7 10 6 5 6 149
0 7 10 5 11 1 142
0 7 10 5 0 12 66
0 7 10 4 6 7 36
0 7 10 3 12 2 5
0 7 10 3 1 13 9
0 7 10 2 7 8 17
0 7 10 1 13 3 10
0 7 10 1 2 14 66
0 7 10 0 8 9 197
0 7 9 13 5 0 50
0 7 9 12 0 6 20
0 7 9 11 6 1 18
0 7 9 10 1 7 36
0 7 9 9 7 2 3
0 7 9 8 2 8 158
0 7 9 7 8 3 30
0 7 9 6 3 9 27
0 7 9 5 9 4 194
0 7 9 4 4 10 156
0 7 9 3 10 5 136
0 7 9 2 16 0 93
0 7 9 2 5 11 67
0 7 9 1 11 6 11
0 7 9 1 0 17 101
0 7 9 0 17 1 172
0 7 9 0 6 12 167
0 7 8 19 0 0 87
0 7 8 17 1 1 145
0 7 8 13 3 3 68
0 7 8 11 4 4 41
0 7 8 9 5 5 16
0 7 8 8 11 0 93
0 7 8 8 0 11 197
0 7 8 7 6 6 162
0 7 8 6 12 1 147
0 7 8 6 1 12 153
0 7 8 5 7 7 64
0 7 8 4 13 2 197
0 7 8 4 2 13 23
0 7 8 3 8 8 101
0 7 8 2 14 3 194
0 7 8 2 3 14 193
0 7 8 1 9 9 10
0 7 8 0 15 4 37
0 7 8 0 4 15 136
0 7 7 15 0 5 176
0 7 7 14 6 0 133
0 7 7 13 1 6 34
0 7 7 12 7 1 166
0 7 7 11 2 7 108
0 7 7 10 8 2 69
0 7 7 9 3 8 48
0 7 7 8 9 3 187
0 7 7 7 4 9 154
0 7 7 6 10 4 40
0 7 7 5 5 10 192
0 7 7 4 11 5 94
0 7 7 4 0 16 119
0 7 7 3 17 0 40
0 7 7 3 6 11 143
0 7 7 2 12 6 161
0 7 7 2 1 17 169
0 7 7 1 18 1 34
0 7 7 1 7 12 72
0 7 7 0 13 7 179
0 7 7 0 2 18 76
0 7 6 20 1 0 44
0 7 6 18 2 1 55
0 7 6 16 3 2 82
0 7 6 14 4 3 8
0 7 6 12 5 4 177
0 7 6 11 0 10 132
0 7 6 10 6 5 66
0 7 6 9 12 0 113
0 7 6 9 1 11 46
0 7 6 8 7 6 87
0 7 6 7 13 1 119
0 7 6 7 2 12 58
0 7 6 6 8 7 181
0 7 6 5 3 13 178
0 7 6 4 9 8 168
0 7 6 3 15 3 120
0 7 6 3 4 14 24
0 7 6 2 10 9 86
0 7 6 1 16 4 187
0 7 6 1 5 15 89
0 7 6 0 11 10 167
0 7 6 0 0 21 44
0 7 5 18 0 4 107
0 7 5 16 1 5 161
0 7 5 15 7 0 45
0 7 5 14 2 6 88
0 7 5 13 8 1 56
0 7 5 12 3 7 28
0 7 5 11 9 2 42
0 7 5 10 4 8 133
0 7 5 9 10 3 111
0 7 5 8 5 9 66
0 7 5 7 11 4 22
0 7 5 7 0 15 36
0 7 5 6 6 10 4
0 7 5 5 12 5 172
0 7 5 5 1 16 90
0 7 5 4 18 0 29
0 7 5 4 7 11 137
0 7 5 3 13 6 73
0 7 5 3 2 17 89
0 7 5 2 19 1 43
0 7 5 2 8 12 52
0 7 5 1 14 7 7
0 7 5 1 3 18 38
0 7 5 0 20 2 83
0 7 5 0 9 13 39
0 7 4 21 2 0 184
0 7 4 19 3 1 83
0 7 4 17 4 2 110
0 7 4 15 5 3 163
0 7 4 14 0 9 91
0 7 4 13 6 4 51
0 7 4 12 1 10 166
0 7 4 11 7 5 42
0 7 4 10 13 0 164
0 7 4 10 2 11 88
0 7 4 9 8 6 40
0 7 4 8 14 1 69
0 7 4 8 3 12 110
0 7 4 7 9 7 49
0 7 4 6 15 2 186
0 7 4 6 4 13 118
0 7 4 5 10 8 182
0 7 4 4 16 3 58
0 7 4 4 5 14 81
0 7 4 3 11 9 36
0 7 4 3 0 20 99
0 7 4 2 17 4 46
0 7 4 2 6 15 15
0 7 4 1 12 10 162
0 7 4 1 1 21 112
0 7 4 0 18 5 43
0 7 4 0 7 16 189
0 7 3 21 0 3 121
0 7 3 19 1 4 82
0 7 3 17 2 5 123
0 7 3 16 8 0 76
0 7 3 15 3 6 180
0 7 3 14 9 1 107
0 7 3 13 4 7 171
0 7 3 12 10 2 19
0 7 3 11 5 8 196
0 7 3 10 11 3 122
0 7 3 10 0 14 93
0 7 3 9 6 9 109
0 7 3 8 12 4 41
0 7 3 8 1 15 54
0 7 3 7 7 10 48
0 7 3 6 13 5 187
0 7 3 6 2 16 194
0 7 3 5 19 0 3
0 7 3 5 8 11 120
0 7 3 4 14 6 25
0 7 3 4 3 17 190
0 7 3 3 20 1 196
0 7 3 3 9 12 115
0 7 3 2 15 7 128
0 7 3 2 4 18 164
0 7 3 1 21 2 172
0 7 3 1 10 13 12
0 7 3 0 16 8 48
0 7 3 0 5 19 166
0 7 2 22 3 0 190
0 7 2 20 4 1 141
0 7 2 18 5 2 16
0 7 2 17 0 8 191
0 7 2 16 6 3 138
0 7 2 15 1 9 12
0 7 2 14 7 4 60
0 7 2 13 2 10 50
0 7 2 12 8 5 10
0 7 2 11 14 0 160
0 7 2 11 3 11 76
0 7 2 10 9 6 16
0 7 2 9 15 1 174
0 7 2 9 4 12 168
0 7 2 8 10 7 45
0 7 2 7 16 2 110
0 7 2 7 5 13 99
0 7 2 6 11 8 21
0 7 2 6 0 19 58
0 7 2 5 17 3 180
0 7 2 5 6 14 98
0 7 2 4 12 9 110
0 7 2 4 1 20 130
0 7 2 3 18 4 132
0 7 2 3 7 15 10
0 7 2 2 13 10 183
0 7 2 2 2 21 109
0 7 2 1 19 5 94
0 7 2 1 8 16 29
0 7 2 0 25 0 10
0 7 2 0 14 11 142
0 7 2 0 3 22 17
0 7 1 24 0 2 22
0 7 1 22 1 3 13
0 7 1 20 2 4 187
0 7 1 18 3 5 105
0 7 1 17 9 0 73
0 7 1 16 4 6 3
0 7 1 15 10 1 29
0 7 1 14 5 7 128
0 7 1 13 11 2 102
0 7 1 13 0 13 148
0 7 1 12 6 8 157
0 7 1 11 12 3 112
0 7 1 11 1 14 138
0 7 1 10 7 9 119
0 7 1 9 13 4 189
0 7 1 9 2 15 121
0 7 1 8 8 10 178
0 7 1 7 14 5 33
0 7 1 7 3 16 112
0 7 1 6 20 0 172
0 7 1 6 9 11 11
0 7 1 5 15 6 90
0 7 1 5 4 17 50
0 7 1 4 21 1 65
0 7 1 4 10 12 109
0 7 1 3 16 7 51
0 7 1 3 5 18 93
0 7 1 2 22 2 192
0 7 1 2 11 13 163
0 7 1 2 0 24 25
0 7 1 1 17 8 78
0 7 1 1 6 19 134
0 7 1 0 23 3 121
0 7 1 0 12 14 76
0 7 1 0 1 25 70
0 7 0 23 4 0 136
0 7 0 21 5 1 70
0 7 0 20 0 7 39
0 7 0 19 6 2 17
0 7 0 18 1 8 171
0 7 0 17 7 3 60
0 7 0 16 2 9 156
0 7 0 15 8 4 138
0 7 0 14 3 10 159
0 7 0 13 9 5 30
0 7 0 12 15 0 90
0 7 0 12 4 11 98
0 7 0 11 10 6 172
0 7 0 10 16 1 100
0 7 0 10 5 12 20
0 7 0 9 11 7 27
0 7 0 9 0 18 117
0 7 0 8 17 2 132
0 7 0 8 6 13 56
0 7 0 7 12 8 51
0 7 0 7 1 19 88
0 7 0 6 18 3 157
0 7 0 6 7 14 129
0 7 0 5 13 9 65
0 7 0 5 2 20 76
0 7 0 4 19 4 178
0 7 0 4 8 15 147
0 7 0 3 14 10 130
0 7 0 3 3 21 103
0 7 0 2 20 5 171
0 7 0 2 9 16 52
0 7 0 1 26 0 120
0 7 0 1 15 11 85
0 7 0 1 4 22 185
0 7 0 0 21 6 189
0 6 27 0 0 1 71
0 6 25 3 0 0 130
0 6 25 1 1 1 176
0 6 23 4 1 0 144
0 6 23 2 2 1 54
0 6 23 0 3 2 132
0 6 22 2 0 4 144
0 6 22 0 1 5 136
0 6 21 5 2 0 40
0 6 21 3 3 1 125
0 6 21 1 4 2 182
0 6 20 5 0 3 108
0 6 20 3 1 4 67
0 6 20 1 2 5 81
0 6 20 0 8 0 84
0 6 19 6 3 0 180
0 6 19 4 4 1 31
0 6 19 2 5 2 150
0 6 19 1 0 8 117
0 6 19 0 6 3 89
0 6 18 8 0 2 60
0 6 18 6 1 3 193
0 6 18 4 2 4 155
0 6 18 2 3 5 75
0 6 18 1 9 0 187
0 6 18 0 4 6 114
0 6 17 7 4 0 69
0 6 17 5 5 1 144
0 6 17 4 0 7 43
0 6 17 3 6 2 138
0 6 17 2 1 8 113
0 6 17 1 7 3 65
0 6 17 0 2 9 137
0 6 16 11 0 1 171
0 6 16 9 1 2 177
0 6 16 7 2 3 64
0 6 16 5 3 4 149
0 6 16 3 4 5 194
0 6 16 2 10 0 126
0 6 16 1 5 6 15
0 6 16 0 11 1 145
0 6 16 0 0 12 148
0 6 15 8 5 0 13
0 6 15 7 0 6 36
0 6 15 6 6 1 128
0 6 15 5 1 7 40
0 6 15 4 7 2 153
0 6 15 3 2 8 181
0 6 15 2 8 3 78
0 6 15 1 3 9 37
0 6 15 0 9 4 136
0 6 14 14 0 0 123
0 6 14 12 1 1 125
0 6 14 10 2 2 24
0 6 14 8 3 3 53
0 6 14 6 4 4 134
0 6 14 4 5 5 55
0 6 14 3 11 0 134
0 6 14 3 0 11 41
0 6 14 2 6 6 55
0 6 14 1 12 1 32
0 6 14 1 1 12 2
0 6 14 0 7 7 84
0 6 13 10 0 5 76
0 6 13 9 6 0 191
0 6 13 8 1 6 54
0 6 13 7 7 1 99
0 6 13 6 2 7 115
0 6 13 5 8 2 74
0 6 13 4 3 8 131
0 6 13 3 9 3 109
0 6 13 2 4 9 58
0 6 13 1 10 4 61
0 6 13 0 5 10 23
0 6 12 15 1 0 158
0 6 12 13 2 1 137
0 6 12 11 3 2 82
0 6 12 9 4 3 42
0 6 12 7 5 4 10
0 6 12 6 0 10 102
0 6 12 5 6 5 119
0 6 12 4 12 0 166
0 6 12 4 1 11 60
0 6 12 3 7 6 20
0 6 12 2 13 1 128
0 6 12 2 2 12 134
0 6 12 1 8 7 182
0 6 12 0 14 2 138
0 6 12 0 3 13 117
0 6 11 13 0 4 115
0 6 11 11 1 5 125
0 6 11 10 7 0 110
0 6 11 9 2 6 52
0 6 11 8 8 1 112
0 6 11 7 3 7 147
0 6 11 6 9 2 173
0 6 11 5 4 8 129
0 6 11 4 10 3 171
0 6 11 3 5 9 5
0 6 11 2 11 4 42
0 6 11 2 0 15 29
0 6 11 1 6 10 119
0 6 11 0 12 5 81
0 6 11 0 1 16 157
0 6 10 16 2 0 154
0 6 10 14 3 1 37
0 6 10 12 4 2 50
0 6 10 10 5 3 73
0 6 10 9 0 9 85
0 6 10 8 6 4 63
0 6 10 7 1 10 42
0 6 10 6 7 5 169
0 6 10 5 13 0 128
0 6 10 5 2 11 11
0 6 10 4 8 6 59
0 6 10 3 14 1 198
0 6 10 3 3 12 118
0 6 10 2 9 7 48
0 6 10 1 15 2 31
0 6 10 1 4 13 80
0 6 10 0 10 8 98
0 6 9 16 0 3 124
0 6 9 14 1 4 60
0 6 9 12 2 5 166
0 6 9 11 8 0 141
0 6 9 10 3 6 77
0 6 9 9 9 1 94
0 6 9 8 4 7 43
0 6 9 7 10 2 75
0 6 9 6 5 8 31
0 6 9 5 11 3 182
0 6 9 5 0 14 159
0 6 9 4 6 9 142
0 6 9 3 12 4 75
0 6 9 3 1 15 197
0 6 9 2 7 10 91
0 6 9 1 13 5 173
0 6 9 1 2 16 56
0 6 9 0 19 0 134
0 6 9 0 8 11 20
0 6 8 17 3 0 8
0 6 8 15 4 1 72
0 6 8 13 5 2 156
0 6 8 12 0 8 2
0 6 8 11 6 3 158
0 6 8 10 1 9 80
0 6 8 9 7 4 59
0 6 8 8 2 10 31
0 6 8 7 8 5 169
0 6 8 6 14 0 25
0 6 8 6 3 11 135
0 6 8 5 9 6 170
0 6 8 4 15 1 133
0 6 8 4 4 12 98
0 6 8 3 10 7 82
0 6 8 2 16 2 97
0 6 8 2 5 13 95
0 6 8 1 11 8 51
0 6 8 1 0 19 133
0 6 8 0 17 3 128
0 6 8 0 6 14 127
0 6 7 19 0 2 133
0 6 7 17 1 3 5
0 6 7 15 2 4 144
0 6 7 13 3 5 79
0 6 7 12 9 0 103
0 6 7 11 4 6 32
0 6 7 10 10 1 28
0 6 7 9 5 7 31
0 6 7 8 11 2 18
0 6 7 8 0 13 195
0 6 7 7 6 8 143
0 6 7 6 12 3 102
0 6 7 6 1 14 37
0 6 7 5 7 9 97
0 6 7 4 13 4 144
0 6 7 4 2 15 52
0 6 7 3 8 10 166
0 6 7 2 14 5 175
0 6 7 2 3 16 17
0 6 7 1 20 0 127
0 6 7 1 9 11 52
0 6 7 0 15 6 170
0 6 7 0 4 17 36
0 6 6 18 4 0 177
0 6 6 16 5 1 46
0 6 6 15 0 7 159
0 6 6 14 6 2 167
0 6 6 13 1 8 101
0 6 6 12 7 3 181
0 6 6 11 2 9 89
0 6 6 10 8 4 165
0 6 6 9 3 10 106
0 6 6 8 9 5 176
0 6 6 7 15 0 130
0 6 6 7 4 11 31
0 6 6 6 10 6 104
0 6 6 5 16 1 18
0 6 6 5 5 12 68
0 6 6 4 11 7 29
0 6 6 4 0 18 36
0 6 6 3 17 2 24
0 6 6 3 6 13 93
0 6 6 2 12 8 37
0 6 6 2 1 19 108
0 6 6 1 18 3 193
0 6 6 1 7 14 39
0 6 6 0 13 9 119
0 6 6 0 2 20 23
0 6 5 22 0 1 137
0 6 5 20 1 2 160
0 6 5 18 2 3 39
0 6 5 16 3 4 117
0 6 5 14 4 5 134
0 6 5 13 10 0 147
0 6 5 12 5 6 22
0 6 5 11 11 1 58
0 6 5 11 0 12 139
0 6 5 10 6 7 111
0 6 5 9 12 2 31
0 6 5 9 1 13 74
0 6 5 8 7 8 105
0 6 5 7 13 3 187
0 6 5 7 2 14 155
0 6 5 6 8 9 85
0 6 5 5 14 4 138
0 6 5 5 3 15 5
0 6 5 4 9 10 14
0 6 5 3 15 5 22
0 6 5 3 4 16 8
0 6 5 2 21 0 191
0 6 5 2 10 11 69
0 6 5 1 16 6 9
0 6 5 1 5 17 48
0 6 5 0 22 1 17
0 6 5 0 11 12 168
0 6 5 0 0 23 150
0 6 4 19 5 0 101
0 6 4 18 0 6 17
0 6 4 17 6 1 122
0 6 4 16 1 7 113
0 6 4 15 7 2 106
0 6 4 14 2 8 140
0 6 4 13 8 3 129
0 6 4 12 3 9 30
0 6 4 11 9 4 164
0 6 4 10 4 10 197
0 6 4 9 10 5 36
0 6 4 8 16 0 52
0 6 4 8 5 11 153
0 6 4 7 11 6 7
0 6 4 7 0 17 67
0 6 4 6 17 1 17
0 6 4 6 6 12 150
0 6 4 5 12 7 149
0 6 4 5 1 18 90
0 6 4 4 18 2 39
0 6 4 4 7 13 154
0 6 4 3 13 8 53
0 6 4 3 2 19 95
0 6 4 2 19 3 12
0 6 4 2 8 14 47
0 6 4 1 14 9 43
0 6 4 1 3 20 142
0 6 4 0 20 4 72
0 6 4 0 9 15 36
0 6 3 25 0 0 135
0 6 3 23 1 1 152
0 6 3 21 2 2 26
0 6 3 19 3 3 101
0 6 3 17 4 4 102
0 6 3 15 5 5 97
0 6 3 14 11 0 141
0 6 3 14 0 11 107
0 6 3 13 6 6 185
0 6 3 12 12 1 193
0 6 3 12 1 12 104
0 6 3 11 7 7 183
0 6 3 10 13 2 46
0 6 3 10 2 13 143
0 6 3 9 8 8 22
0 6 3 8 14 3 150
0 6 3 8 3 14 71
0 6 3 7 9 9 5
0 6 3 6 15 4 71
0 6 3 6 4 15 31
0 6 3 5 10 10 76
0 6 3 4 16 5 33
0 6 3 4 5 16 7
0 6 3 3 22 0 58
0 6 3 3 11 11 164
0 6 3 3 0 22 138
0 6 3 2 17 6 105
0 6 3 2 6 17 39
0 6 3 1 23 1 128
0 6 3 1 12 12 185
0 6 3 1 1 23 50
0 6 3 0 18 7 20
0 6 3 0 7 18 18
0 6 2 21 0 5 175
0 6 2 20 6 0 125
0 6 2 19 1 6 101
0 6 2 18 7 1 41
0 6 2 17 2 7 117
0 6 2 16 8 2 12
0 6 2 15 3 8 168
0 6 2 14 9 3 9
0 6 2 13 4 9 64
0 6 2 12 10 4 9
0 6 2 11 5 10 19
0 6 2 10 11 5 188
0 6 2 10 0 16 189
0 6 2 9 17 0 70
0 6 2 9 6 11 49
0 6 2 8 12 6 153
0 6 2 8 1 17 190
0 6 2 7 18 1 78
0 6 2 7 7 12 137
0 6 2 6 13 7 66
0 6 2 6 2 18 150
0 6 2 5 19 2 125
0 6 2 5 8 13 191
0 6 2 4 14 8 44
0 6 2 4 3 19 176
0 6 2 3 20 3 81
0 6 2 3 9 14 112
0 6 2 2 15 9 135
0 6 2 2 4 20 33
0 6 2 1 21 4 53
0 6 2 1 10 15 138
0 6 2 0 16 10 191
0 6 2 0 5 21 145
0 6 1 26 1 0 73
0 6 1 22 3 2 39
0 6 1 20 4 3 160
0 6 1 18 5 4 3
0 6 1 17 0 10 84
0 6 1 16 6 5 78
0 6 1 15 12 0 52
0 6 1 15 1 11 80
0 6 1 14 7 6 110
0 6 1 13 13 1 13
0 6 1 13 2 12 140
0 6 1 12 8 7 118
0 6 1 11 14 2 88
0 6 1 11 3 13 135
0 6 1 10 9 8 40
0 6 1 9 15 3 10
0 6 1 9 4 14 62
0 6 1 8 10 9 70
0 6 1 7 16 4 114
0 6 1 7 5 15 9
0 6 1 6 11 10 63
0 6 1 6 0 21 162
0 6 1 5 17 5 25
0 6 1 5 6 16 10
0 6 1 4 23 0 194
0 6 1 4 12 11 99
0 6 1 4 1 22 40
0 6 1 3 18 6 124
0 6 1 3 7 17 91
0 6 1 2 24 1 9
0 6 1 2 13 12 128
0 6 1 2 2 23 140
0 6 1 1 19 7 113
0 6 1 1 8 18 115
0 6 1 0 25 2 7
0 6 1 0 14 13 110
0 6 1 0 3 24 158
0 6 0 24 0 4 10
0 6 0 22 1 5 179
0 6 0 21 7 0 22
0 6 0 20 2 6 110
0 6 0 19 8 1 105
0 6 0 18 3 7 173
0 6 0 17 9 2 94
0 6 0 16 4 8 75
0 6 0 15 10 3 185
0 6 0 14 5 9 28
0 6 0 13 11 4 48
0 6 0 13 0 15 171
0 6 0 12 6 10 13
0 6 0 11 12 5 123
0 6 0 11 1 16 99
0 6 0 10 18 0 55
0 6 0 10 7 11 99
0 6 0 9 13 6 75
0 6 0 9 2 17 177
0 6 0 8 19 1 23
0 6 0 8 8 12 88
0 6 0 7 14 7 150
0 6 0 7 3 18 194
0 6 0 6 20 2 102
0 6 0 6 9 13 157
0 6 0 5 15 8 4
0 6 0 5 4 19 87
0 6 0 4 21 3 19
0 6 0 4 10 14 191
0 6 0 3 16 9 94
0 6 0 3 5 20 126
0 6 0 2 22 4 46
0 6 0 2 11 15 142
0 6 0 2 0 26 73
0 6 0 1 17 10 123
0 6 0 1 6 21 165
0 6 0 0 23 5 162
0 6 0 0 12 16 75
0 6 0 0 1 27 58
0 5 27 0 2 0 2
0 5 26 0 0 3 29
0 5 25 1 3 0 171
0 5 24 3 0 2 95
0 5 24 1 1 3 84
0 5 23 2 4 0 91
0 5 23 0 5 1 81
0 5 22 6 0 1 54
0 5 22 4 1 2 68
0 5 22 2 2 3 6
0 5 22 0 3 4 38
0 5 21 3 5 0 112
0 5 21 2 0 6 99
0 5 21 1 6 1 146
0 5 21 0 1 7 31
0 5 20 9 0 0 63
0 5 20 7 1 1 182
0 5 20 5 2 2 89
0 5 20 3 3 3 36
0 5 20 1 4 4 129
0 5 19 5 0 5 173
0 5 19 4 6 0 141
0 5 19 3 1 6 109
0 5 19 2 7 1 176
0 5 19 1 2 7 65
0 5 19 0 8 2 187
0 5 18 10 1 0 170
0 5 18 8 2 1 72
0 5 18 6 3 2 149
0 5 18 4 4 3 48
0 5 18 2 5 4 40
0 5 18 1 0 10 164
0 5 18 0 6 5 174
0 5 17 8 0 4 139
0 5 17 6 1 5 61
0 5 17 5 7 0 129
0 5 17 4 2 6 1
0 5 17 3 8 1 41
0 5 17 2 3 7 134
0 5 17 1 9 2 34
0 5 17 0 4 8 79
0 5 16 11 2 0 83
0 5 16 9 3 1 14
0 5 16 7 4 2 90
0 5 16 5 5 3 52
0 5 16 4 0 9 119
0 5 16 3 6 4 168
0 5 16 2 1 10 17
0 5 16 1 7 5 82
0 5 16 0 13 0 25
0 5 16 0 2 11 89
0 5 15 11 0 3 68
0 5 15 9 1 4 100
0 5 15 7 2 5 163
0 5 15 6 8 0 182
0 5 15 5 3 6 5
0 5 15 4 9 1 56
0 5 15 3 4 7 104
0 5 15 2 10 2 176
0 5 15 1 5 8 139
0 5 15 0 11 3 109
0 5 15 0 0 14 140
0 5 14 12 3 0 158
0 5 14 10 4 1 96
0 5 14 8 5 2 168
0 5 14 7 0 8 124
0 5 14 6 6 3 4
0 5 14 5 1 9 186
0 5 14 4 7 4 150
0 5 14 3 2 10 45
0 5 14 2 8 5 181
0 5 14 1 14 0 1
0 5 14 1 3 11 8
0 5 14 0 9 6 18
0 5 13 14 0 2 122
0 5 13 12 1 3 106
0 5 13 10 2 4 59
0 5 13 8 3 5 36
0 5 13 7 9 0 102
0 5 13 6 4 6 16
0 5 13 5 10 1 179
0 5 13 4 5 7 197
0 5 13 3 11 2 106
0 5 13 3 0 13 175
0 5 13 2 6 8 46
0 5 13 1 12 3 105
0 5 13 1 1 14 22
0 5 13 0 7 9 55
0 5 12 13 4 0 63
0 5 12 11 5 1 135
0 5 12 10 0 7 108
0 5 12 9 6 2 166
0 5 12 8 1 8 164
0 5 12 6 2 9 41
0 5 12 5 8 4 148
0 5 12 4 3 10 17
0 5 12 3 9 5 193
0 5 12 2 15 0 172
0 5 12 2 4 11 191
0 5 12 1 10 6 17
0 5 12 0 16 1 25
0 5 12 0 5 12 43
0 5 11 17 0 1 162
0 5 11 15 1 2 114
0 5 11 13 2 3 60
0 5 11 11 3 4 175
0 5 11 9 4 5 134
0 5 11 8 10 0 19
0 5 11 7 5 6 33
0 5 11 6 11 1 196
0 5 11 6 0 12 93
0 5 11 5 6 7 102
0 5 11 4 12 2 160
0 5 11 4 1 13 190
0 5 11 3 7 8 153
0 5 11 2 13 3 72
0 5 11 2 2 14 124
0 5 11 1 8 9 61
0 5 11 0 14 4 68
0 5 11 0 3 15 65
0 5 10 14 5 0 58
0 5 10 13 0 6 182
0 5 10 12 6 1 8
0 5 10 11 1 7 97
0 5 10 10 7 2 60
0 5 10 9 2 8 41
0 5 10 8 8 3 32
0 5 10 7 3 9 150
0 5 10 6 9 4 85
0 5 10 5 4 10 101
0 5 10 4 10 5 177
0 5 10 3 16 0 132
0 5 10 3 5 11 52
0 5 10 2 11 6 192
0 5 10 2 0 17 12
0 5 10 1 17 1 82
0 5 10 1 6 12 143
0 5 10 0 12 7 145
0 5 10 0 1 18 1
0 5 9 20 0 0 142
0 5 9 18 1 1 101
0 5 9 16 2 2 118
0 5 9 14 3 3 9
0 5 9 12 4 4 189
0 5 9 10 5 5 106
0 5 9 9 11 0 158
0 5 9 9 0 11 163
0 5 9 8 6 6 80
0 5 9 7 12 1 173
0 5 9 7 1 12 135
0 5 9 6 7 7 99
0 5 9 5 13 2 18
0 5 9 5 2 13 83
0 5 9 4 8 8 27
0 5 9 3 14 3 119
0 5 9 3 3 14 99
0 5 9 2 9 9 176
0 5 9 1 15 4 150
0 5 9 1 4 15 77
0 5 9 0 10 10 180
0 5 8 16 0 5 135
0 5 8 15 6 0 196
0 5 8 14 1 6 102
0 5 8 13 7 1 52
0 5 8 12 2 7 142
0 5 8 11 8 2 107
0 5 8 10 3 8 26
0 5 8 9 9 3 63
0 5 8 8 4 9 56
0 5 8 7 10 4 105
0 5 8 6 5 10 39
0 5 8 5 11 5 37
0 5 8 5 0 16 163
0 5 8 4 17 0 103
0 5 8 4 6 11 9
0 5 8 3 12 6 93
0 5 8 3 1 17 152
0 5 8 2 18 1 107
0 5 8 2 7 12 160
0 5 8 1 13 7 187
0 5 8 1 2 18 60
0 5 8 0 19 2 109
0 5 8 0 8 13 42
0 5 7 21 1 0 114
0 5 7 19 2 1 94
0 5 7 17 3 2 156
0 5 7 15 4 3 8
0 5 7 13 5 4 47
0 5 7 12 0 10 74
0 5 7 11 6 5 122
0 5 7 10 12 0 139
0 5 7 10 1 11 29
0 5 7 9 7 6 38
0 5 7 8 13 1 112
0 5 7 8 2 12 79
0 5 7 7 8 7 190
0 5 7 6 14 2 6
0 5 7 6 3 13 139
0 5 7 5 9 8 160
0 5 7 4 15 3 5
0 5 7 4 4 14 32
0 5 7 3 10 9 100
0 5 7 2 16 4 148
0 5 7 2 5 15 82
0 5 7 1 11 10 32
0 5 7 1 0 21 181
0 5 7 0 17 5 29
0 5 7 0 6 16 177
0 5 6 19 0 4 173
0 5 6 17 1 5 115
0 5 6 16 7 0 64
0 5 6 15 2 6 171
0 5 6 14 8 1 58
0 5 6 13 3 7 90
0 5 6 12 9 2 147
0 5 6 11 4 8 23
0 5 6 10 10 3 48
0 5 6 9 5 9 108
0 5 6 8 11 4 168
0 5 6 8 0 15 155
0 5 6 7 6 10 56
0 5 6 6 12 5 137
0 5 6 6 1 16 187
0 5 6 5 18 0 1
0 5 6 5 7 11 176
0 5 6 4 13 6 129
0 5 6 4 2 17 26
0 5 6 3 19 1 169
0 5 6 3 8 12 110
0 5 6 2 14 7 72
0 5 6 2 3 18 55
0 5 6 1 20 2 181
0 5 6 1 9 13 179
0 5 6 0 15 8 66
0 5 6 0 4 19 175
0 5 5 22 2 0 153
0 5 5 20 3 1 28
0 5 5 18 4 2 111
0 5 5 16 5 3 29
0 5 5 15 0 9 74
0 5 5 14 6 4 74
0 5 5 13 1 10 189
0 5 5 12 7 5 17
0 5 5 11 13 0 46
0 5 5 11 2 11 74
0 5 5 10 8 6 82
0 5 5 9 14 1 120
0 5 5 9 3 12 13
0 5 5 8 9 7 90
0 5 5 7 15 2 171
0 5 5 7 4 13 130
0 5 5 6 10 8 38
0 5 5 5 16 3 191
0 5 5 5 5 14 197
0 5 5 4 0 20 108
0 5 5 3 17 4 53
0 5 5 3 6 15 127
0 5 5 2 12 10 196
0 5 5 2 1 21 161
0 5 5 1 18 5 140
0 5 5 1 7 16 40
0 5 5 0 24 0 142
0 5 5 0 13 11 60
0 5 5 0 2 22 35
0 5 4 22 0 3 121
0 5 4 20 1 4 124
0 5 4 18 2 5 164
0 5 4 17 8 0 26
0 5 4 16 3 6 193
0 5 4 15 9 1 60
0 5 4 14 4 7 172
0 5 4 13 10 2 82
0 5 4 12 5 8 78
0 5 4 11 11 3 4
0 5 4 11 0 14 46
0 5 4 10 6 9 41
0 5 4 9 12 4 197
0 5 4 9 1 15 86
0 5 4 8 7 10 156
0 5 4 7 13 5 29
0 5 4 7 2 16 167
0 5 4 6 19 0 134
0 5 4 6 8 11 184
0 5 4 5 14 6 93
0 5 4 5 3 17 10
0 5 4 4 20 1 97
0 5 4 4 9 12 55
0 5 4 3 15 7 117
0 5 4 3 4 18 8
0 5 4 2 21 2 18
0 5 4 2 10 13 134
0 5 4 1 16 8 47
0 5 4 1 5 19 161
0 5 4 0 22 3 118
0 5 4 0 11 14 131
0 5 4 0 0 25 175
0 5 3 23 3 0 122
0 5 3 21 4 1 163
0 5 3 19 5 2 189
0 5 3 17 6 3 62
0 5 3 16 1 9 39
0 5 3 15 7 4 125
0 5 3 14 2 10 81
0 5 3 13 8 5 26
0 5 3 12 14 0 48
0 5 3 12 3 11 76
0 5 3 11 9 6 73
0 5 3 10 15 1 115
0 5 3 10 4 12 40
0 5 3 9 10 7 162
0 5 3 8 16 2 138
0 5 3 8 5 13 34
0 5 3 7 11 8 93
0 5 3 7 0 19 109
0 5 3 6 17 3 29
0 5 3 6 6 14 187
0 5 3 5 12 9 151
0 5 3 5 1 20 84
0 5 3 4 18 4 123
0 5 3 4 7 15 119
0 5 3 3 13 10 47
0 5 3 3 2 21 147
0 5 3 2 19 5 103
0 5 3 2 8 16 12
0 5 3 1 25 0 57
0 5 3 1 14 11 132
0 5 3 1 3 22 51
0 5 3 0 20 6 194
0 5 3 0 9 17 176
0 5 2 25 0 2 144
0 5 2 23 1 3 53
0 5 2 21 2 4 89
0 5 2 19 3 5 36
0 5 2 18 9 0 52
0 5 2 17 4 6 37
0 5 2 16 10 1 23
0 5 2 15 5 7 122
0 5 2 14 11 2 178
0 5 2 14 0 13 146
0 5 2 13 6 8 46
0 5 2 12 12 3 7
0 5 2 12 1 14 20
0 5 2 11 7 9 181
0 5 2 10 13 4 104
0 5 2 10 2 15 168
0 5 2 9 8 10 93
0 5 2 8 14 5 63
0 5 2 8 3 16 97
0 5 2 7 20 0 151
0 5 2 7 9 11 191
0 5 2 6 15 6 96
0 5 2 6 4 17 47
0 5 2 5 21 1 9
0 5 2 5 10 12 75
0 5 2 4 16 7 99
0 5 2 4 5 18 43
0 5 2 3 22 2 132
0 5 2 3 0 24 161
0 5 2 2 17 8 65
0 5 2 2 6 19 31
0 5 2 1 23 3 174
0 5 2 1 12 14 129
0 5 2 1 1 25 162
0 5 2 0 18 9 161
0 5 2 0 7 20 26
0 5 1 24 4 0 171
0 5 1 22 5 1 143
0 5 1 21 0 7 131
0 5 1 20 6 2 163
0 5 1 19 1 8 43
0 5 1 18 7 3 85
0 5 1 17 2 9 107
0 5 1 16 8 4 63
0 5 1 15 3 10 70
0 5 1 14 9 5 56
0 5 1 13 15 0 40
0 5 1 13 4 11 108
0 5 1 12 10 6 126
0 5 1 11 16 1 123
0 5 1 11 5 12 30
0 5 1 10 11 7 1
0 5 1 10 0 18 44
0 5 1 9 17 2 101
0 5 1 9 6 13 161
0 5 1 8 12 8 48
0 5 1 8 1 19 130
0 5 1 7 18 3 67
0 5 1 7 7 14 30
0 5 1 6 13 9 106
0 5 1 6 2 20 141
0 5 1 5 19 4 177
0 5 1 5 8 15 114
0 5 1 4 14 10 118
0 5 1 4 3 21 56
0 5 1 3 20 5 32
0 5 1 3 9 16 156
0 5 1 2 26 0 90
0 5 1 2 15 11 116
0 5 1 2 4 22 68
0 5 1 1 21 6 158
0 5 1 1 10 17 115
0 5 1 0 27 1 11
0 5 1 0 16 12 80
0 5 1 0 5 23 114
0 5 0 28 0 1 67
0 5 0 26 1 2 191
0 5 0 24 2 3 142
0 5 0 22 3 4 152
0 5 0 20 4 5 166
0 5 0 19 10 0 119
0 5 0 18 5 6 65
0 5 0 17 11 1 20
0 5 0 17 0 12 190
0 5 0 16 6 7 128
0 5 0 15 12 2 64
0 5 0 15 1 13 101
0 5 0 14 7 8 3
0 5 0 13 13 3 189
0 5 0 13 2 14 98
0 5 0 12 8 9 135
0 5 0 11 14 4 105
0 5 0 11 3 15 25
0 5 0 10 9 10 169
0 5 0 9 15 5 95
0 5 0 9 4 16 154
0 5 0 8 21 0 150
0 5 0 8 10 11 127
0 5 0 7 16 6 114
0 5 0 7 5 17 177
0 5 0 6 22 1 96
0 5 0 6 11 12 71
0 5 0 6 0 23 180
0 5 0 5 17 7 108
0 5 0 5 6 18 23
0 5 0 4 23 2 29
0 5 0 4 12 13 69
0 5 0 4 1 24 160
0 5 0 3 18 8 196
0 5 0 3 7 19 123
0 5 0 2 24 3 198
0 5 0 2 13 14 101
0 5 0 2 2 25 58
0 5 0 1 19 9 8
0 5 0 1 8 20 160
0 5 0 0 25 4 25
0 5 0 0 14 15 131
0 5 0 0 3 26 90
0 4 28 1 0 1 151
0 4 26 4 0 0 113
0 4 26 2 1 1 84
0 4 26 0 2 2 121
0 4 25 0 0 5 86
0 4 24 5 1 0 6
0 4 24 3 2 1 96
0 4 24 1 3 2 71
0 4 23 3 0 4 174
0 4 23 1 1 5 138
0 4 23 0 7 0 7
0 4 22 6 2 0 69
0 4 22 4 3 1 183
0 4 22 2 4 2 59
0 4 22 0 5 3 8
0 4 21 6 0 3 147
0 4 21 4 1 4 193
0 4 21 2 2 5 164
0 4 21 1 8 0 30
0 4 21 0 3 6 173
0 4 20 7 3 0 192
0 4 20 5 4 1 154
0 4 20 3 5 2 73
0 4 20 2 0 8 73
0 4 20 1 6 3 129
0 4 20 0 1 9 85
0 4 19 9 0 2 73
0 4 19 7 1 3 116
0 4 19 5 2 4 42
0 4 19 3 3 5 72
0 4 19 2 9 0 162
0 4 19 1 4 6 120
0 4 19 0 10 1 22
0 4 18 8 4 0 145
0 4 18 6 5 1 16
0 4 18 5 0 7 119
0 4 18 4 6 2 44
0 4 18 3 1 8 186
0 4 18 2 7 3 155
0 4 18 1 2 9 24
0 4 18 0 8 4 125
0 4 17 12 0 1 119
0 4 17 10 1 2 119
0 4 17 8 2 3 168
0 4 17 6 3 4 19
0 4 17 4 4 5 159
0 4 17 3 10 0 54
0 4 17 2 5 6 17
0 4 17 1 11 1 44
0 4 17 1 0 12 80
0 4 17 0 6 7 145
0 4 16 9 5 0 8
0 4 16 8 0 6 191
0 4 16 7 6 1 153
0 4 16 6 1 7 83
0 4 16 5 7 2 133
0 4 16 4 2 8 60
0 4 16 3 8 3 67
0 4 16 2 3 9 194
0 4 16 1 9 4 122
0 4 16 0 4 10 9
0 4 15 15 0 0 78
0 4 15 13 1 1 120
0 4 15 11 2 2 177
0 4 15 9 3 3 67
0 4 15 7 4 4 72
0 4 15 5 5 5 56
0 4 15 4 11 0 94
0 4 15 4 0 11 60
0 4 15 3 6 6 65
0 4 15 2 12 1 188
0 4 15 2 1 12 148
0 4 15 1 7 7 24
0 4 15 0 13 2 130
0 4 15 0 2 13 35
0 4 14 11 0 5 20
0 4 14 10 6 0 2
0 4 14 9 1 6 114
0 4 14 8 7 1 153
0 4 14 7 2 7 29
0 4 14 6 8 2 75
0 4 14 5 3 8 137
0 4 14 4 9 3 125
0 4 14 3 4 9 105
0 4 14 2 10 4 54
0 4 14 1 5 10 56
0 4 14 0 11 5 137
0 4 14 0 0 16 27
0 4 13 16 1 0 175
0 4 13 14 2 1 140
0 4 13 12 3 2 138
0 4 13 10 4 3 114
0 4 13 8 5 4 35
0 4 13 7 0 10 42
0 4 13 6 6 5 143
0 4 13 5 12 0 190
0 4 13 5 1 11 40
0 4 13 4 7 6 72
0 4 13 3 13 1 19
0 4 13 3 2 12 113
0 4 13 2 8 7 49
0 4 13 1 14 2 83
0 4 13 1 3 13 158
0 4 13 0 9 8 173
0 4 12 14 0 4 87
0 4 12 12 1 5 182
0 4 12 11 7 0 40
0 4 12 10 2 6 14
0 4 12 9 8 1 141
0 4 12 8 3 7 117
0 4 12 7 9 2 145
0 4 12 6 4 8 23
0 4 12 5 10 3 96
0 4 12 4 5 9 88
0 4 12 3 11 4 61
0 4 12 3 0 15 106
0 4 12 2 6 10 139
0 4 12 1 12 5 180
0 4 12 1 1 16 143
0 4 12 0 18 0 141
0 4 12 0 7 11 72
0 4 11 17 2 0 190
0 4 11 15 3 1 80
0 4 11 13 4 2 160
0 4 11 11 5 3 63
0 4 11 10 0 9 99
0 4 11 9 6 4 195
0 4 11 8 1 10 41
0 4 11 7 7 5 92
0 4 11 6 13 0 151
0 4 11 6 2 11 146
0 4 11 5 8 6 108
0 4 11 4 14 1 92
0 4 11 4 3 12 86
0 4 11 3 9 7 106
0 4 11 2 15 2 67
0 4 11 2 4 13 89
0 4 11 1 10 8 75
0 4 11 0 16 3 157
0 4 11 0 5 14 75
0 4 10 17 0 3 51
0 4 10 15 1 4 114
0 4 10 13 2 5 1
0 4 10 12 8 0 134
0 4 10 11 3 6 124
0 4 10 10 9 1 176
0 4 10 9 4 7 136
0 4 10 8 10 2 196
0 4 10 7 5 8 22
0 4 10 6 11 3 151
0 4 10 6 0 14 30
0 4 10 5 6 9 156
0 4 10 4 12 4 130
0 4 10 4 1 15 36
0 4 10 3 7 10 174
0 4 10 2 13 5 188
0 4 10 2 2 16 176
0 4 10 1 19 0 76
0 4 10 1 8 11 195
0 4 10 0 14 6 125
0 4 10 0 3 17 71
0 4 9 18 3 0 138
0 4 9 16 4 1 14
0 4 9 14 5 2 158
0 4 9 13 0 8 106
0 4 9 12 6 3 4
0 4 9 11 1 9 126
0 4 9 10 7 4 69
0 4 9 9 2 10 131
0 4 9 8 8 5 58
0 4 9 7 14 0 77
0 4 9 7 3 11 25
0 4 9 6 9 6 42
0 4 9 5 15 1 138
0 4 9 5 4 12 113
0 4 9 4 10 7 106
0 4 9 3 16 2 46
0 4 9 3 5 13 3
0 4 9 2 11 8 58
0 4 9 2 0 19 133
0 4 9 1 17 3 127
0 4 9 1 6 14 3
0 4 9 0 12 9 185
0 4 9 0 1 20 69
0 4 8 20 0 2 75
0 4 8 18 1 3 46
0 4 8 16 2 4 38
0 4 8 14 3 5 131
0 4 8 13 9 0 26
0 4 8 12 4 6 35
0 4 8 11 10 1 34
0 4 8 10 5 7 153
0 4 8 9 11 2 73
0 4 8 9 0 13 6
0 4 8 8 6 8 121
0 4 8 7 12 3 79
0 4 8 7 1 14 52
0 4 8 6 7 9 98
0 4 8 5 13 4 53
0 4 8 5 2 15 57
0 4 8 4 8 10 61
0 4 8 3 14 5 22
0 4 8 3 3 16 77
0 4 8 2 20 0 175
0 4 8 2 9 11 6
0 4 8 1 15 6 186
0 4 8 1 4 17 190
0 4 8 0 21 1 119
0 4 8 0 10 12 27
0 4 7 19 4 0 123
0 4 7 17 5 1 9
0 4 7 16 0 7 193
0 4 7 15 6 2 190
0 4 7 14 1 8 78
0 4 7 13 7 3 38
0 4 7 12 2 9 83
0 4 7 11 8 4 122
0 4 7 10 3 10 65
0 4 7 9 9 5 197
0 4 7 8 15 0 165
0 4 7 8 4 11 89
0 4 7 7 10 6 94
0 4 7 6 16 1 135
0 4 7 6 5 12 135
0 4 7 5 11 7 86
0 4 7 5 0 18 39
0 4 7 4 17 2 144
0 4 7 4 6 13 191
0 4 7 3 12 8 29
0 4 7 3 1 19 137
0 4 7 2 18 3 66
0 4 7 2 7 14 184
0 4 7 1 13 9 133
0 4 7 1 2 20 153
0 4 7 0 19 4 70
0 4 7 0 8 15 88
0 4 6 23 0 1 27
0 4 6 21 1 2 68
0 4 6 19 2 3 41
0 4 6 17 3 4 139
0 4 6 15 4 5 190
0 4 6 14 10 0 110
0 4 6 13 5 6 40
0 4 6 12 11 1 141
0 4 6 12 0 12 68
0 4 6 11 6 7 29
0 4 6 10 12 2 114
0 4 6 10 1 13 135
0 4 6 9 7 8 40
0 4 6 8 13 3 60
0 4 6 8 2 14 4
0 4 6 7 8 9 107
0 4 6 6 14 4 169
0 4 6 6 3 15 44
0 4 6 5 9 10 118
0 4 6 4 15 5 44
0 4 6 4 4 16 95
0 4 6 3 21 0 176
0 4 6 3 10 11 193
0 4 6 2 16 6 33
0 4 6 2 5 17 106
0 4 6 1 22 1 171
0 4 6 1 11 12 81
0 4 6 1 0 23 56
0 4 6 0 17 7 107
0 4 6 0 6 18 166
0 4 5 20 5 0 32
0 4 5 19 0 6 51
0 4 5 18 6 1 13
0 4 5 17 1 7 104
0 4 5 16 7 2 195
0 4 5 15 2 8 149
0 4 5 14 8 3 72
0 4 5 13 3 9 43
0 4 5 12 9 4 99
0 4 5 11 4 10 61
0 4 5 10 10 5 44
0 4 5 9 16 0 4
0 4 5 9 5 11 137
0 4 5 8 11 6 69
0 4 5 8 0 17 8
0 4 5 7 17 1 144
0 4 5 7 6 12 145
0 4 5 6 12 7 117
0 4 5 6 1 18 136
0 4 5 5 18 2 7
0 4 5 5 7 13 121
0 4 5 4 13 8 147
0 4 5 4 2 19 44
0 4 5 3 19 3 102
0 4 5 3 8 14 28
0 4 5 2 14 9 111
0 4 5 2 3 20 168
0 4 5 1 20 4 100
0 4 5 1 9 15 89
0 4 5 0 15 10 14
0 4 5 0 4 21 53
0 4 4 26 0 0 103
0 4 4 24 1 1 103
0 4 4 22 2 2 159
0 4 4 20 3 3 184
0 4 4 18 4 4 17
0 4 4 16 5 5 189
0 4 4 15 11 0 125
0 4 4 15 0 11 148
0 4 4 14 6 6 25
0 4 4 13 12 1 66
0 4 4 13 1 12 198
0 4 4 12 7 7 19
0 4 4 11 13 2 3
0 4 4 11 2 13 165
0 4 4 10 8 8 185
0 4 4 9 14 3 167
0 4 4 9 3 14 51
0 4 4 8 9 9 132
0 4 4 7 15 4 53
0 4 4 7 4 15 187
0 4 4 6 10 10 90
0 4 4 5 16 5 104
0 4 4 5 5 16 187
0 4 4 4 22 0 94
0 4 4 4 11 11 187
0 4 4 4 0 22 158
0 4 4 3 17 6 118
0 4 4 3 6 17 163
0 4 4 2 23 1 106
0 4 4 2 12 12 190
0 4 4 2 1 23 132
0 4 4 1 18 7 12
0 4 4 1 7 18 193
0 4 4 0 24 2 198
0 4 4 0 13 13 127
0 4 4 0 2 24 2
0 4 3 22 0 5 151
0 4 3 21 6 0 181
0 4 3 20 1 6 119
0 4 3 19 7 1 36
0 4 3 18 2 7 102
0 4 3 17 8 2 100
0 4 3 16 3 8 111
0 4 3 15 9 3 166
0 4 3 14 4 9 129
0 4 3 13 10 4 164
0 4 3 12 5 10 142
0 4 3 11 11 5 189
0 4 3 11 0 16 13
0 4 3 10 17 0 168
0 4 3 10 6 11 172
0 4 3 9 12 6 21
0 4 3 9 1 17 163
0 4 3 8 18 1 83
0 4 3 8 7 12 106
0 4 3 7 13 7 189
0 4 3 7 2 18 139
0 4 3 6 19 2 77
0 4 3 6 8 13 55
0 4 3 5 14 8 66
0 4 3 5 3 19 191
0 4 3 4 20 3 138
0 4 3 4 9 14 9
0 4 3 3 15 9 104
0 4 3 3 4 20 82
0 4 3 2 21 4 11
0 4 3 2 10 15 60
0 4 3 1 16 10 1
0 4 3 1 5 21 51
0 4 3 0 22 5 20
0 4 3 0 11 16 91
0 4 3 0 0 27 168
0 4 2 27 1 0 195
0 4 2 25 2 1 86
0 4 2 23 3 2 139
0 4 2 21 4 3 177
0 4 2 19 5 4 190
0 4 2 18 0 10 133
0 4 2 17 6 5 46
0 4 2 16 12 0 156
0 4 2 16 1 11 154
0 4 2 15 7 6 77
0 4 2 14 13 1 142
0 4 2 14 2 12 167
0 4 2 13 8 7 22
0 4 2 12 14 2 66
0 4 2 12 3 13 127
0 4 2 11 9 8 94
0 4 2 10 15 3 12
0 4 2 10 4 14 119
0 4 2 9 10 9 9
0 4 2 8 16 4 18
0 4 2 8 5 15 134
0 4 2 7 11 10 13
0 4 2 7 0 21 148
0 4 2 6 17 5 88
0 4 2 6 6 16 15
0 4 2 5 12 11 128
0 4 2 5 1 22 47
0 4 2 4 18 6 109
0 4 2 4 7 17 104
0 4 2 3 24 1 47
0 4 2 3 13 12 9
0 4 2 3 2 23 62
0 4 2 2 19 7 146
0 4 2 2 8 18 68
0 4 2 1 25 2 146
0 4 2 1 14 13 20
0 4 2 1 3 24 176
0 4 2 0 20 8 16
0 4 2 0 9 19 175
0 4 1 25 0 4 5
0 4 1 23 1 5 188
0 4 1 22 7 0 25
0 4 1 21 2 6 178
0 4 1 20 8 1 42
0 4 1 19 3 7 117
0 4 1 18 9 2 72
0 4 1 17 4 8 85
0 4 1 16 10 3 103
0 4 1 15 5 9 44
0 4 1 14 11 4 24
0 4 1 14 0 15 136
0 4 1 13 6 10 148
0 4 1 12 12 5 196
0 4 1 12 1 16 155
0 4 1 11 18 0 10
0 4 1 11 7 11 155
0 4 1 10 13 6 161
0 4 1 10 2 17 70
0 4 1 9 19 1 84
0 4 1 9 8 12 110
0 4 1 8 14 7 56
0 4 1 8 3 18 187
0 4 1 7 20 2 34
0 4 1 7 9 13 106
0 4 1 6 15 8 180
0 4 1 6 4 19 155
0 4 1 5 21 3 93
0 4 1 5 10 14 41
0 4 1 4 16 9 70
0 4 1 4 5 20 17
0 4 1 3 22 4 90
0 4 1 3 11 15 126
0 4 1 3 0 26 162
0 4 1 2 17 10 96
0 4 1 2 6 21 70
0 4 1 1 23 5 180
0 4 1 1 12 16 131
0 4 1 1 1 27 148
0 4 1 0 29 0 73
0 4 1 0 18 11 125
0 4 1 0 7 22 39
0 4 0 28 2 0 120
0 4 0 26 3 1 36
0 4 0 24 4 2 4
0 4 0 22 5 3 193
0 4 0 21 0 9 128
0 4 0 20 6 4 46
0 4 0 19 1 10 91
0 4 0 18 7 5 140
0 4 0 17 13 0 172
0 4 0 17 2 11 142
0 4 0 16 8 6 23
0 4 0 15 14 1 181
0 4 0 15 3 12 198
0 4 0 14 9 7 145
0 4 0 13 15 2 148
0 4 0 13 4 13 151
0 4 0 12 10 8 168
0 4 0 11 16 3 145
0 4 0 11 5 14 154
0 4 0 10 11 9 167
0 4 0 10 0 20 158
0 4 0 9 17 4 155
0 4 0 9 6 15 172
0 4 0 8 12 10 193
0 4 0 8 1 21 145
0 4 0 7 18 5 18
0 4 0 7 7 16 147
0 4 0 6 24 0 134
0 4 0 6 13 11 46
0 4 0 6 2 22 76
0 4 0 5 19 6 41
0 4 0 5 8 17 144
0 4 0 4 25 1 143
0 4 0 4 14 12 38
0 4 0 4 3 23 176
0 4 0 3 20 7 33
0 4 0 3 9 18 51
0 4 0 2 26 2 7
0 4 0 2 15 13 173
0 4 0 2 4 24 161
0 4 0 1 21 8 175
0 4 0 1 10 19 112
0 4 0 0 27 3 179
0 4 0 0 16 14 189
0 4 0 0 5 25 50
0 3 30 0 1 0 158
0 3 28 1 2 0 197
0 3 27 1 0 3 136
0 3 26 2 3 0 105
0 3 26 0 4 1 160
0 3 25 4 0 2 86
0 3 25 2 1 3 25
0 3 25 0 2 4 113
0 3 24 3 4 0 122
0 3 24 1 5 1 127
0 3 24 0 0 7 137
0 3 23 7 0 1 193
0 3 23 5 1 2 106
0 3 23 3 2 3 141
0 3 23 1 3 4 185
0 3 22 4 5 0 196
0 3 22 3 0 6 146
0 3 22 2 6 1 41
0 3 22 1 1 7 7
0 3 22 0 7 2 170
0 3 21 10 0 0 47
0 3 21 8 1 1 29
0 3 21 6 2 2 116
0 3 21 4 3 3 94
0 3 21 2 4 4 186
0 3 21 0 5 5 142
0 3 20 6 0 5 7
0 3 20 5 6 0 41
0 3 20 4 1 6 115
0 3 20 3 7 1 141
0 3 20 2 2 7 133
0 3 20 1 8 2 119
0 3 20 0 3 8 3
0 3 19 11 1 0 156
0 3 19 9 2 1 49
0 3 19 7 3 2 41
0 3 19 5 4 3 9
0 3 19 3 5 4 180
0 3 19 2 0 10 148
0 3 19 1 6 5 109
0 3 19 0 12 0 65
0 3 19 0 1 11 127
0 3 18 9 0 4 33
0 3 18 7 1 5 16
0 3 18 6 7 0 115
0 3 18 5 2 6 170
0 3 18 4 8 1 46
0 3 18 3 3 7 75
0 3 18 2 9 2 58
0 3 18 1 4 8 55
0 3 18 0 10 3 14
0 3 17 12 2 0 99
0 3 17 10 3 1 133
0 3 17 8 4 2 17
0 3 17 6 5 3 34
0 3 17 5 0 9 193
0 3 17 4 6 4 186
0 3 17 3 1 10 173
0 3 17 2 7 5 98
0 3 17 1 13 0 73
0 3 17 1 2 11 126
0 3 17 0 8 6 123
0 3 16 12 0 3 109
0 3 16 10 1 4 37
0 3 16 8 2 5 162
0 3 16 7 8 0 97
0 3 16 6 3 6 24
0 3 16 5 9 1 1
0 3 16 4 4 7 165
0 3 16 3 10 2 176
0 3 16 2 5 8 5
0 3 16 1 11 3 193
0 3 16 1 0 14 87
0 3 16 0 6 9 30
0 3 15 13 3 0 83
0 3 15 11 4 1 174
0 3 15 9 5 2 152
0 3 15 8 0 8 115
0 3 15 7 6 3 87
0 3 15 6 1 9 150
0 3 15 5 7 4 198
0 3 15 4 2 10 42
0 3 15 3 8 5 163
0 3 15 2 14 0 16
0 3 15 2 3 11 143
0 3 15 1 9 6 179
0 3 15 0 15 1 30
0 3 15 0 4 12 49
0 3 14 15 0 2 87
0 3 14 13 1 3 146
0 3 14 11 2 4 50
0 3 14 9 3 5 142
0 3 14 8 9 0 174
0 3 14 7 4 6 101
0 3 14 6 10 1 192
0 3 14 5 5 7 170
0 3 14 4 11 2 131
0 3 14 4 0 13 82
0 3 14 3 6 8 73
0 3 14 2 12 3 125
0 3 14 2 1 14 185
0 3 14 1 7 9 188
0 3 14 0 13 4 6
0 3 14 0 2 15 94
0 3 13 14 4 0 25
0 3 13 12 5 1 29
0 3 13 11 0 7 131
0 3 13 10 6 2 100
0 3 13 9 1 8 125
0 3 13 8 7 3 33
0 3 13 7 2 9 16
0 3 13 6 8 4 11
0 3 13 5 3 10 178
0 3 13 4 9 5 61
0 3 13 3 15 0 89
0 3 13 3 4 11 175
0 3 13 2 10 6 12
0 3 13 1 16 1 138
0 3 13 1 5 12 111
0 3 13 0 11 7 117
0 3 13 0 0 18 121
0 3 12 18 0 1 135
0 3 12 16 1 2 101
0 3 12 14 2 3 163
0 3 12 12 3 4 126
0 3 12 10 4 5 112
0 3 12 9 10 0 139
0 3 12 8 5 6 32
0 3 12 7 11 1 172
0 3 12 7 0 12 51
0 3 12 6 6 7 51
0 3 12 5 12 2 142
0 3 12 5 1 13 99
0 3 12 4 7 8 109
0 3 12 3 2 14 98
0 3 12 2 8 9 46
0 3 12 1 14 4 64
0 3 12 1 3 15 168
0 3 12 0 9 10 95
0 3 11 15 5 0 1
0 3 11 14 0 6 170
0 3 11 13 6 1 169
0 3 11 12 1 7 189
0 3 11 11 7 2 131
0 3 11 10 2 8 93
0 3 11 9 8 3 179
0 3 11 8 3 9 85
0 3 11 7 9 4 101
0 3 11 6 4 10 110
0 3 11 5 10 5 40
0 3 11 4 16 0 154
0 3 11 4 5 11 142
0 3 11 3 11 6 123
0 3 11 3 0 17 89
0 3 11 2 17 1 40
0 3 11 2 6 12 12
0 3 11 1 12 7 175
0 3 11 1 1 18 124
0 3 11 0 18 2 140
0 3 11 0 7 13 93
0 3 10 21 0 0 94
0 3 10 19 1 1 180
0 3 10 17 2 2 184
0 3 10 15 3 3 12
0 3 10 13 4 4 114
0 3 10 11 5 5 38
0 3 10 10 11 0 14
0 3 10 10 0 11 91
0 3 10 9 6 6 11
0 3 10 8 12 1 89
0 3 10 8 1 12 116
0 3 10 7 7 7 118
0 3 10 6 13 2 94
0 3 10 6 2 13 53
0 3 10 5 8 8 27
0 3 10 4 14 3 190
0 3 10 4 3 14 117
0 3 10 3 9 9 109
0 3 10 2 15 4 179
0 3 10 2 4 15 194
0 3 10 1 10 10 147
0 3 10 0 16 5 35
0 3 10 0 5 16 173
0 3 9 17 0 5 44
0 3 9 16 6 0 159
0 3 9 15 1 6 122
0 3 9 14 7 1 148
0 3 9 13 2 7 51
0 3 9 12 8 2 129
0 3 9 11 3 8 8
0 3 9 10 9 3 79
0 3 9 9 4 9 28
0 3 9 8 10 4 123
0 3 9 7 5 10 187
0 3 9 6 11 5 114
0 3 9 6 0 16 112
0 3 9 5 17 0 132
0 3 9 5 6 11 99
0 3 9 4 12 6 188
0 3 9 4 1 17 112
0 3 9 3 18 1 171
0 3 9 3 7 12 72
0 3 9 2 13 7 63
0 3 9 2 2 18 44
0 3 9 1 19 2 164
0 3 9 1 8 13 123
0 3 9 0 14 8 182
0 3 9 0 3 19 57
0 3 8 22 1 0 142
0 3 8 20 2 1 69
0 3 8 18 3 2 185
0 3 8 16 4 3 57
0 3 8 14 5 4 193
0 3 8 13 0 10 197
0 3 8 12 6 5 112
0 3 8 11 12 0 145
0 3 8 11 1 11 20
0 3 8 10 7 6 113
0 3 8 9 13 1 86
0 3 8 9 2 12 116
0 3 8 8 8 7 175
0 3 8 7 14 2 17
0 3 8 7 3 13 138
0 3 8 6 9 8 77
0 3 8 5 15 3 42
0 3 8 5 4 14 23
0 3 8 4 10 9 68
0 3 8 3 16 4 93
0 3 8 3 5 15 146
0 3 8 2 11 10 172
0 3 8 2 0 21 50
0 3 8 1 17 5 110
0 3 8 1 6 16 132
0 3 8 0 23 0 87
0 3 8 0 12 11 93
0 3 8 0 1 22 133
0 3 7 20 0 4 168
0 3 7 18 1 5 171
0 3 7 17 7 0 81
0 3 7 16 2 6 94
0 3 7 15 8 1 117
0 3 7 14 3 7 179
0 3 7 13 9 2 169
0 3 7 12 4 8 88
0 3 7 11 10 3 190
0 3 7 10 5 9 182
0 3 7 9 11 4 166
0 3 7 9 0 15 85
0 3 7 8 6 10 139
0 3 7 7 12 5 63
0 3 7 7 1 16 110
0 3 7 6 18 0 79
0 3 7 6 7 11 16
0 3 7 5 13 6 71
0 3 7 5 2 17 158
0 3 7 4 19 1 167
0 3 7 4 8 12 105
0 3 7 3 14 7 52
0 3 7 3 3 18 66
0 3 7 2 20 2 62
0 3 7 2 9 13 133
0 3 7 1 15 8 125
0 3 7 1 4 19 165
0 3 7 0 21 3 115
0 3 7 0 10 14 104
0 3 6 23 2 0 57
0 3 6 21 3 1 135
0 3 6 19 4 2 173
0 3 6 17 5 3 155
0 3 6 16 0 9 34
0 3 6 15 6 4 155
0 3 6 14 1 10 56
0 3 6 13 7 5 142
0 3 6 12 13 0 35
0 3 6 12 2 11 80
0 3 6 11 8 6 197
0 3 6 10 14 1 153
0 3 6 10 3 12 50
0 3 6 9 9 7 168
0 3 6 8 15 2 1
0 3 6 8 4 13 162
0 3 6 7 10 8 84
0 3 6 6 16 3 7
0 3 6 6 5 14 78
0 3 6 5 11 9 53
0 3 6 5 0 20 57
0 3 6 4 17 4 116
0 3 6 4 6 15 86
0 3 6 3 12 10 159
0 3 6 3 1 21 11
0 3 6 2 18 5 62
0 3 6 2 7 16 194
0 3 6 1 24 0 195
0 3 6 1 13 11 192
0 3 6 1 2 22 114
0 3 6 0 19 6 16
0 3 6 0 8 17 28
0 3 5 23 0 3 160
0 3 5 21 1 4 43
0 3 5 19 2 5 36
0 3 5 18 8 0 65
0 3 5 17 3 6 59
0 3 5 16 9 1 111
0 3 5 15 4 7 120
0 3 5 14 10 2 181
0 3 5 13 5 8 5
0 3 5 12 11 3 69
0 3 5 12 0 14 69
0 3 5 11 6 9 8
0 3 5 10 12 4 147
0 3 5 10 1 15 94
0 3 5 9 7 10 16
0 3 5 8 13 5 191
0 3 5 8 2 16 115
0 3 5 7 19 0 153
0 3 5 7 8 11 150
0 3 5 6 14 6 1
0 3 5 6 3 17 160
0 3 5 5 20 1 98
0 3 5 5 9 12 75
0 3 5 4 15 7 101
0 3 5 4 4 18 197
0 3 5 3 21 2 86
0 3 5 2 16 8 102
0 3 5 2 5 19 68
0 3 5 1 22 3 94
0 3 5 1 11 14 15
0 3 5 1 0 25 130
0 3 5 0 17 9 167
0 3 5 0 6 20 89
0 3 4 24 3 0 31
0 3 4 22 4 1 66
0 3 4 20 5 2 180
0 3 4 19 0 8 95
0 3 4 18 6 3 127
0 3 4 17 1 9 104
0 3 4 16 7 4 171
0 3 4 15 2 10 87
0 3 4 14 8 5 16
0 3 4 13 14 0 183
0 3 4 13 3 11 40
0 3 4 12 9 6 101
0 3 4 11 15 1 91
0 3 4 11 4 12 55
0 3 4 10 10 7 6
0 3 4 9 16 2 46
0 3 4 9 5 13 160
0 3 4 8 11 8 183
0 3 4 8 0 19 196
0 3 4 7 17 3 8
0 3 4 7 6 14 73
0 3 4 6 12 9 85
0 3 4 6 1 20 136
0 3 4 5 7 15 42
0 3 4 4 13 10 106
0 3 4 4 2 21 73
0 3 4 3 19 5 43
0 3 4 3 8 16 129
0 3 4 2 25 0 68
0 3 4 2 14 11 157
0 3 4 2 3 22 126
0 3 4 1 20 6 115
0 3 4 1 9 17 175
0 3 4 0 26 1 98
0 3 4 0 15 12 36
0 3 4 0 4 23 129
0 3 3 26 0 2 154
0 3 3 24 1 3 138
0 3 3 22 2 4 186
0 3 3 20 3 5 91
0 3 3 19 9 0 118
0 3 3 18 4 6 84
0 3 3 17 10 1 126
0 3 3 16 5 7 198
0 3 3 15 11 2 46
0 3 3 15 0 13 39
0 3 3 14 6 8 136
0 3 3 13 12 3 124
0 3 3 13 1 14 152
0 3 3 12 7 9 142
0 3 3 11 13 4 195
0 3 3 11 2 15 196
0 3 3 10 8 10 16
0 3 3 9 14 5 146
0 3 3 9 3 16 172
0 3 3 8 20 0 125
0 3 3 8 9 11 170
0 3 3 7 15 6 67
0 3 3 7 4 17 177
0 3 3 6 21 1 6
0 3 3 6 10 12 145
0 3 3 5 16 7 157
0 3 3 5 5 18 146
0 3 3 4 22 2 123
0 3 3 4 11 13 135
0 3 3 4 0 24 196
0 3 3 3 17 8 153
0 3 3 3 6 19 162
0 3 3 2 23 3 151
0 3 3 2 12 14 6
0 3 3 2 1 25 59
0 3 3 1 18 9 93
0 3 3 1 7 20 158
0 3 3 0 24 4 106
0 3 3 0 13 15 145
0 3 3 0 2 26 141
0 3 2 25 4 0 179
0 3 2 23 5 1 106
0 3 2 22 0 7 187
0 3 2 21 6 2 47
0 3 2 20 1 8 146
0 3 2 19 7 3 54
0 3 2 18 2 9 185
0 3 2 17 8 4 44
0 3 2 16 3 10 31
0 3 2 15 9 5 26
0 3 2 14 15 0 144
0 3 2 14 4 11 158
0 3 2 13 10 6 91
0 3 2 12 16 1 164
0 3 2 12 5 12 100
0 3 2 11 11 7 113
0 3 2 11 0 18 99
0 3 2 10 17 2 188
0 3 2 10 6 13 34
0 3 2 9 12 8 20
0 3 2 9 1 19 18
0 3 2 8 18 3 63
0 3 2 8 7 14 41
0 3 2 7 13 9 155
0 3 2 7 2 20 154
0 3 2 6 19 4 16
0 3 2 6 8 15 147
0 3 2 5 14 10 47
0 3 2 5 3 21 24
0 3 2 4 20 5 8
0 3 2 4 9 16 54
0 3 2 3 26 0 21
0 3 2 3 15 11 125
0 3 2 3 4 22 27
0 3 2 2 21 6 99
0 3 2 2 10 17 41
0 3 2 1 27 1 166
0 3 2 1 16 12 30
0 3 2 1 5 23 192
0 3 2 0 22 7 63
0 3 2 0 11 18 115
0 3 2 0 0 29 106
0 3 1 29 0 1 63
0 3 1 27 1 2 92
0 3 1 25 2 3 148
0 3 1 23 3 4 91
0 3 1 21 4 5 95
0 3 1 20 10 0 41
0 3 1 19 5 6 156
0 3 1 18 11 1 177
0 3 1 18 0 12 64
0 3 1 17 6 7 85
0 3 1 16 12 2 43
0 3 1 16 1 13 63
0 3 1 15 7 8 184
0 3 1 14 13 3 19
0 3 1 14 2 14 28
0 3 1 13 8 9 181
0 3 1 12 14 4 54
0 3 1 12 3 15 152
0 3 1 11 9 10 148
0 3 1 10 15 5 25
0 3 1 10 4 16 164
0 3 1 9 21 0 179
0 3 1 9 10 11 25
0 3 1 8 16 6 193
0 3 1 8 5 17 40
0 3 1 7 22 1 195
0 3 1 7 0 23 118
0 3 1 6 17 7 70
0 3 1 6 6 18 95
0 3 1 5 23 2 131
0 3 1 5 12 13 86
0 3 1 5 1 24 127
0 3 1 4 18 8 134
0 3 1 4 7 19 40
0 3 1 3 24 3 189
0 3 1 3 13 14 75
0 3 1 3 2 25 28
0 3 1 2 19 9 111
0 3 1 2 8 20 97
0 3 1 1 25 4 68
0 3 1 1 14 15 80
0 3 1 1 3 26 88
0 3 1 0 20 10 47
0 3 1 0 9 21 198
0 3 0 26 5 0 119
0 3 0 25 0 6 197
0 3 0 24 6 1 138
0 3 0 23 1 7 166
0 3 0 22 7 2 190
0 3 0 21 2 8 66
0 3 0 20 8 3 135
0 3 0 19 3 9 180
0 3 0 18 9 4 152
0 3 0 17 4 10 42
0 3 0 16 10 5 62
0 3 0 15 16 0 103
0 3 0 15 5 11 179
0 3 0 14 11 6 101
0 3 0 14 0 17 60
0 3 0 13 17 1 195
0 3 0 13 6 12 110
0 3 0 12 12 7 90
0 3 0 12 1 18 164
0 3 0 11 18 2 91
0 3 0 11 7 13 86
0 3 0 10 13 8 151
0 3 0 10 2 19 149
0 3 0 9 19 3 42
0 3 0 9 8 14 39
0 3 0 8 14 9 77
0 3 0 8 3 20 97
0 3 0 7 20 4 163
0 3 0 7 9 15 57
0 3 0 6 15 10 63
0 3 0 6 4 21 177
0 3 0 5 21 5 162
0 3 0 5 10 16 108
0 3 0 4 27 0 60
0 3 0 4 16 11 97
0 3 0 4 5 22 58
0 3 0 3 22 6 193
0 3 0 3 11 17 44
0 3 0 3 0 28 116
0 3 0 2 28 1 54
0 3 0 2 17 12 63
0 3 0 2 6 23 193
0 3 0 1 23 7 198
0 3 0 1 12 18 8
0 3 0 1 1 29 181
0 3 0 0 29 2 27
0 3 0 0 18 13 137
0 3 0 0 7 24 174
0 2 29 2 0 1 6
0 2 29 0 1 2 103
0 2 27 5 0 0 152
0 2 27 3 1 1 111
0 2 27 1 2 2 99
0 2 26 1 0 5 27
0 2 26 0 6 0 48
0 2 25 6 1 0 131
0 2 25 4 2 1 106
0 2 25 2 3 2 58
0 2 25 0 4 3 121
0 2 24 4 0 4 19
0 2 24 2 1 5 144
0 2 24 1 7 0 162
0 2 24 0 2 6 187
0 2 23 7 2 0 54
0 2 23 5 3 1 46
0 2 23 3 4 2 48
0 2 23 1 5 3 26
0 2 23 0 0 9 18
0 2 22 7 0 3 68
0 2 22 5 1 4 134
0 2 22 3 2 5 165
0 2 22 2 8 0 9
0 2 22 1 3 6 87
0 2 22 0 9 1 154
0 2 21 8 3 0 9
0 2 21 6 4 1 182
0 2 21 4 5 2 143
0 2 21 3 0 8 123
0 2 21 2 6 3 171
0 2 21 1 1 9 194
0 2 21 0 7 4 182
0 2 20 10 0 2 54
0 2 20 8 1 3 102
0 2 20 6 2 4 133
0 2 20 4 3 5 146
0 2 20 3 9 0 61
0 2 20 2 4 6 37
0 2 20 1 10 1 108
0 2 20 0 5 7 63
0 2 19 9 4 0 82
0 2 19 7 5 1 98
0 2 19 6 0 7 26
0 2 19 5 6 2 20
0 2 19 4 1 8 192
0 2 19 3 7 3 165
0 2 19 2 2 9 164
0 2 19 1 8 4 23
0 2 19 0 3 10 79
0 2 18 13 0 1 110
0 2 18 11 1 2 63
0 2 18 9 2 3 71
0 2 18 7 3 4 183
0 2 18 5 4 5 166
0 2 18 4 10 0 159
0 2 18 3 5 6 125
0 2 18 2 11 1 174
0 2 18 2 0 12 87
0 2 18 1 6 7 33
0 2 18 0 12 2 125
0 2 18 0 1 13 146
0 2 17 10 5 0 1
0 2 17 9 0 6 40
0 2 17 8 6 1 152
0 2 17 7 1 7 137
0 2 17 6 7 2 29
0 2 17 5 2 8 92
0 2 17 4 8 3 21
0 2 17 3 3 9 71
0 2 17 2 9 4 145
0 2 17 1 4 10 47
0 2 17 0 10 5 6
0 2 16 16 0 0 34
0 2 16 14 1 1 54
0 2 16 12 2 2 169
0 2 16 10 3 3 80
0 2 16 8 4 4 42
0 2 16 6 5 5 25
0 2 16 5 11 0 138
0 2 16 5 0 11 197
0 2 16 4 6 6 159
0 2 16 3 12 1 10
0 2 16 3 1 12 158
0 2 16 2 7 7 39
0 2 16 1 13 2 140
0 2 16 1 2 13 53
0 2 16 0 8 8 48
0 2 15 12 0 5 172
0 2 15 11 6 0 172
0 2 15 10 1 6 132
0 2 15 9 7 1 4
0 2 15 8 2 7 50
0 2 15 7 8 2 197
0 2 15 6 3 8 120
0 2 15 5 9 3 104
0 2 15 4 4 9 82
0 2 15 3 10 4 21
0 2 15 2 5 10 153
0 2 15 1 11 5 160
0 2 15 1 0 16 118
0 2 15 0 17 0 188
0 2 15 0 6 11 1
0 2 14 17 1 0 179
0 2 14 15 2 1 137
0 2 14 13 3 2 96
0 2 14 11 4 3 30
0 2 14 9 5 4 49
0 2 14 8 0 10 98
0 2 14 7 6 5 188
0 2 14 6 12 0 77
0 2 14 6 1 11 65
0 2 14 5 7 6 181
0 2 14 4 13 1 84
0 2 14 4 2 12 162
0 2 14 3 8 7 140
0 2 14 2 14 2 68
0 2 14 2 3 13 75
0 2 14 1 9 8 190
0 2 14 0 15 3 89
0 2 14 0 4 14 95
0 2 13 15 0 4 154
0 2 13 13 1 5 134
0 2 13 12 7 0 41
0 2 13 11 2 6 144
0 2 13 10 8 1 169
0 2 13 9 3 7 80
0 2 13 8 9 2 57
0 2 13 7 4 8 46
0 2 13 6 10 3 56
0 2 13 5 5 9 152
0 2 13 4 11 4 70
0 2 13 4 0 15 14
0 2 13 3 6 10 69
0 2 13 2 12 5 47
0 2 13 2 1 16 100
0 2 13 1 18 0 36
0 2 13 1 7 11 24
0 2 13 0 13 6 116
0 2 13 0 2 17 15
0 2 12 18 2 0 92
0 2 12 16 3 1 1
0 2 12 14 4 2 76
0 2 12 12 5 3 86
0 2 12 11 0 9 31
0 2 12 10 6 4 198
0 2 12 9 1 10 198
0 2 12 8 7 5 75
0 2 12 7 13 0 162
0 2 12 7 2 11 101
0 2 12 6 8 6 10
0 2 12 5 14 1 96
0 2 12 5 3 12 187
0 2 12 4 9 7 77
0 2 12 3 15 2 185
0 2 12 3 4 13 69
0 2 12 2 10 8 157
0 2 12 1 16 3 52
0 2 12 1 5 14 191
0 2 12 0 11 9 160
0 2 12 0 0 20 182
0 2 11 18 0 3 196
0 2 11 16 1 4 16
0 2 11 14 2 5 74
0 2 11 13 8 0 107
0 2 11 12 3 6 61
0 2 11 11 9 1 161
0 2 11 10 4 7 160
0 2 11 9 10 2 87
0 2 11 8 5 8 125
0 2 11 7 11 3 42
0 2 11 7 0 14 178
0 2 11 6 6 9 14
0 2 11 5 12 4 2
0 2 11 5 1 15 21
0 2 11 4 7 10 28
0 2 11 3 13 5 34
0 2 11 3 2 16 149
0 2 11 2 19 0 38
0 2 11 2 8 11 174
0 2 11 1 14 6 83
0 2 11 1 3 17 136
0 2 11 0 20 1 171
0 2 11 0 9 12 35
0 2 10 19 3 0 91
0 2 10 17 4 1 190
0 2 10 15 5 2 127
0 2 10 14 0 8 33
0 2 10 13 6 3 21
0 2 10 12 1 9 25
0 2 10 11 7 4 90
0 2 10 10 2 10 191
0 2 10 9 8 5 163
0 2 10 8 14 0 44
0 2 10 8 3 11 122
0 2 10 7 9 6 46
0 2 10 6 15 1 84
0 2 10 6 4 12 94
0 2 10 5 10 7 97
0 2 10 4 16 2 155
0 2 10 4 5 13 47
0 2 10 3 11 8 19
0 2 10 3 0 19 70
0 2 10 2 17 3 99
0 2 10 2 6 14 12
0 2 10 1 12 9 33
0 2 10 1 1 20 22
0 2 10 0 18 4 85
0 2 10 0 7 15 14
0 2 9 21 0 2 131
0 2 9 19 1 3 60
0 2 9 17 2 4 98
0 2 9 15 3 5 55
0 2 9 14 9 0 82
0 2 9 13 4 6 191
0 2 9 12 10 1 106
0 2 9 11 5 7 89
0 2 9 10 11 2 172
0 2 9 10 0 13 40
0 2 9 9 6 8 124
0 2 9 8 12 3 142
0 2 9 8 1 14 119
0 2 9 7 7 9 65
0 2 9 6 13 4 120
0 2 9 6 2 15 55
0 2 9 5 8 10 163
0 2 9 4 14 5 134
0 2 9 3 20 0 93
0 2 9 3 9 11 109
0 2 9 2 15 6 189
0 2 9 2 4 17 44
0 2 9 1 21 1 76
0 2 9 1 10 12 76
0 2 9 0 16 7 104
0 2 9 0 5 18 191
0 2 8 20 4 0 153
0 2 8 18 5 1 118
0 2 8 17 0 7 117
0 2 8 16 6 2 114
0 2 8 15 1 8 77
0 2 8 14 7 3 151
0 2 8 13 2 9 25
0 2 8 12 8 4 108
0 2 8 11 3 10 115
0 2 8 10 9 5 71
0 2 8 9 15 0 94
0 2 8 9 4 11 72
0 2 8 8 10 6 31
0 2 8 7 16 1 39
0 2 8 7 5 12 60
0 2 8 6 11 7 92
0 2 8 6 0 18 132
0 2 8 5 17 2 113
0 2 8 5 6 13 176
0 2 8 4 12 8 141
0 2 8 4 1 19 56
0 2 8 3 18 3 110
0 2 8 3 7 14 139
0 2 8 2 13 9 133
0 2 8 2 2 20 158
0 2 8 1 19 4 87
0 2 8 1 8 15 27
0 2 8 0 14 10 106
0 2 8 0 3 21 141
0 2 7 24 0 1 107
0 2 7 22 1 2 21
0 2 7 20 2 3 123
0 2 7 18 3 4 5
0 2 7 16 4 5 77
0 2 7 15 10 0 23
0 2 7 14 5 6 143
0 2 7 13 11 1 101
0 2 7 13 0 12 33
0 2 7 12 6 7 89
0 2 7 11 12 2 75
0 2 7 11 1 13 78
0 2 7 10 7 8 138
0 2 7 9 13 3 5
0 2 7 9 2 14 8
0 2 7 8 8 9 49
0 2 7 7 14 4 106
0 2 7 7 3 15 5
0 2 7 6 9 10 2
0 2 7 5 15 5 132
0 2 7 5 4 16 85
0 2 7 4 21 0 19
0 2 7 4 10 11 19
0 2 7 3 16 6 78
0 2 7 3 5 17 186
0 2 7 2 22 1 59
0 2 7 2 11 12 7
0 2 7 2 0 23 1
0 2 7 1 17 7 80
0 2 7 1 6 18 185
0 2 7 0 23 2 84
0 2 7 0 12 13 85
0 2 7 0 1 24 173
0 2 6 21 5 0 181
0 2 6 20 0 6 67
0 2 6 19 6 1 132
0 2 6 18 1 7 99
0 2 6 17 7 2 195
0 2 6 16 2 8 162
0 2 6 15 8 3 87
0 2 6 14 3 9 125
0 2 6 13 9 4 33
0 2 6 12 4 10 82
0 2 6 11 10 5 13
0 2 6 10 16 0 196
0 2 6 10 5 11 150
0 2 6 9 11 6 174
0 2 6 9 0 17 107
0 2 6 8 17 1 80
0 2 6 8 6 12 174
0 2 6 7 12 7 115
0 2 6 7 1 18 149
0 2 6 6 18 2 21
0 2 6 6 7 13 135
0 2 6 5 13 8 109
0 2 6 5 2 19 102
0 2 6 4 19 3 153
0 2 6 4 8 14 60
0 2 6 3 14 9 146
0 2 6 3 3 20 93
0 2 6 2 20 4 130
0 2 6 2 9 15 53
0 2 6 1 15 10 81
0 2 6 1 4 21 174
0 2 6 0 21 5 166
0 2 6 0 10 16 189
0 2 5 27 0 0 92
0 2 5 25 1 1 154
0 2 5 23 2 2 182
0 2 5 21 3 3 33
0 2 5 19 4 4 36
0 2 5 17 5 5 64
0 2 5 16 11 0 99
0 2 5 16 0 11 105
0 2 5 15 6 6 189
0 2 5 14 12 1 58
0 2 5 14 1 12 26
0 2 5 13 7 7 166
0 2 5 12 13 2 44
0 2 5 12 2 13 142
0 2 5 11 8 8 18
0 2 5 10 14 3 23
0 2 5 10 3 14 6
0 2 5 9 9 9 153
0 2 5 8 15 4 112
0 2 5 8 4 15 192
0 2 5 6 16 5 117
0 2 5 6 5 16 32
0 2 5 5 22 0 144
0 2 5 5 11 11 44
0 2 5 5 0 22 29
0 2 5 4 17 6 29
0 2 5 4 6 17 91
0 2 5 3 23 1 161
0 2 5 3 12 12 135
0 2 5 3 1 23 134
0 2 5 2 18 7 53
0 2 5 2 7 18 181
0 2 5 1 24 2 116
0 2 5 1 13 13 163
0 2 5 1 2 24 114
0 2 5 0 19 8 166
0 2 5 0 8 19 75
0 2 4 23 0 5 41
0 2 4 22 6 0 22
0 2 4 21 1 6 168
0 2 4 20 7 1 78
0 2 4 19 2 7 94
0 2 4 18 8 2 146
0 2 4 17 3 8 185
0 2 4 16 9 3 135
0 2 4 15 4 9 113
0 2 4 14 10 4 15
0 2 4 13 5 10 82
0 2 4 12 11 5 134
0 2 4 12 0 16 129
0 2 4 11 17 0 180
0 2 4 11 6 11 82
0 2 4 10 12 6 85
0 2 4 10 1 17 81
0 2 4 9 18 1 138
0 2 4 9 7 12 69
0 2 4 8 13 7 195
0 2 4 8 2 18 80
0 2 4 7 19 2 92
0 2 4 7 8 13 168
0 2 4 6 14 8 53
0 2 4 6 3 19 193
0 2 4 5 20 3 18
0 2 4 5 9 14 114
0 2 4 4 15 9 157
0 2 4 4 4 20 33
0 2 4 3 21 4 172
0 2 4 3 10 15 124
0 2 4 2 16 10 113
0 2 4 2 5 21 79
0 2 4 1 22 5 54
0 2 4 1 11 16 158
0 2 4 1 0 27 78
0 2 4 0 28 0 145
0 2 4 0 17 11 59
0 2 4 0 6 22 195
0 2 3 28 1 0 183
0 2 3 26 2 1 150
0 2 3 24 3 2 152
0 2 3 22 4 3 20
0 2 3 20 5 4 107
0 2 3 19 0 10 132
0 2 3 18 6 5 43
0 2 3 17 12 0 58
0 2 3 17 1 11 14
0 2 3 16 7 6 128
0 2 3 15 13 1 70
0 2 3 15 2 12 107
0 2 3 14 8 7 147
0 2 3 13 14 2 198
0 2 3 13 3 13 18
0 2 3 12 9 8 134
0 2 3 11 15 3 18
0 2 3 11 4 14 33
0 2 3 10 10 9 172
0 2 3 9 16 4 107
0 2 3 9 5 15 158
0 2 3 8 11 10 50
0 2 3 8 0 21 101
0 2 3 7 17 5 133
0 2 3 7 6 16 33
0 2 3 6 23 0 135
0 2 3 6 12 11 143
0 2 3 6 1 22 134
0 2 3 5 18 6 50
0 2 3 5 7 17 85
0 2 3 4 24 1 116
0 2 3 4 13 12 118
0 2 3 4 2 23 59
0 2 3 3 19 7 13
0 2 3 3 8 18 121
0 2 3 2 25 2 66
0 2 3 2 14 13 144
0 2 3 2 3 24 84
0 2 3 1 20 8 30
0 2 3 1 9 19 28
0 2 3 0 26 3 173
0 2 3 0 15 14 62
0 2 3 0 4 25 110
0 2 2 26 0 4 15
0 2 2 24 1 5 112
0 2 2 23 7 0 35
0 2 2 22 2 6 74
0 2 2 21 8 1 163
0 2 2 20 3 7 73
0 2 2 19 9 2 9
0 2 2 18 4 8 124
0 2 2 17 10 3 140
0 2 2 16 5 9 141
0 2 2 15 11 4 65
0 2 2 15 0 15 6
0 2 2 14 6 10 156
0 2 2 13 12 5 126
0 2 2 13 1 16 55
0 2 2 12 18 0 61
0 2 2 12 7 11 76
0 2 2 11 13 6 157
0 2 2 11 2 17 93
0 2 2 10 19 1 42
0 2 2 10 8 12 82
0 2 2 9 14 7 95
0 2 2 9 3 18 64
0 2 2 8 20 2 28
0 2 2 8 9 13 121
0 2 2 7 15 8 70
0 2 2 7 4 19 21
0 2 2 6 21 3 152
0 2 2 6 10 14 5
0 2 2 5 16 9 19
0 2 2 5 5 20 150
0 2 2 4 22 4 58
0 2 2 4 11 15 49
0 2 2 4 0 26 41
0 2 2 3 17 10 165
0 2 2 3 6 21 93
0 2 2 2 23 5 63
0 2 2 2 12 16 166
0 2 2 2 1 27 86
0 2 2 1 29 0 105
0 2 2 1 18 11 132
0 2 2 1 7 22 125
0 2 2 0 24 6 194
0 2 2 0 13 17 89
0 2 2 0 2 28 93
0 2 1 29 2 0 172
0 2 1 27 3 1 120
0 2 1 25 4 2 153
0 2 1 23 5 3 171
0 2 1 22 0 9 17
0 2 1 21 6 4 178
0 2 1 20 1 10 132
0 2 1 19 7 5 71
0 2 1 18 13 0 182
0 2 1 18 2 11 7
0 2 1 17 8 6 101
0 2 1 16 14 1 28
0 2 1 16 3 12 146
0 2 1 15 9 7 156
0 2 1 14 15 2 95
0 2 1 14 4 13 195
0 2 1 13 10 8 170
0 2 1 12 16 3 15
0 2 1 12 5 14 9
0 2 1 11 11 9 160
0 2 1 11 0 20 148
0 2 1 10 17 4 58
0 2 1 10 6 15 184
0 2 1 9 12 10 124
0 2 1 9 1 21 33
0 2 1 8 18 5 42
0 2 1 8 7 16 180
0 2 1 7 24 0 79
0 2 1 7 13 11 45
0 2 1 7 2 22 14
0 2 1 6 19 6 16
0 2 1 6 8 17 36
0 2 1 5 25 1 159
0 2 1 5 14 12 158
0 2 1 5 3 23 22
0 2 1 4 20 7 35
0 2 1 4 9 18 158
0 2 1 3 26 2 58
0 2 1 3 15 13 96
0 2 1 3 4 24 164
0 2 1 2 21 8 158
0 2 1 2 10 19 155
0 2 1 1 27 3 106
0 2 1 1 16 14 9
0 2 1 1 5 25 123
0 2 1 0 22 9 169
0 2 1 0 11 20 112
0 2 1 0 0 31 144
0 2 0 29 0 3 4
0 2 0 27 1 4 4
0 2 0 25 2 5 96
0 2 0 24 8 0 50
0 2 0 23 3 6 154
0 2 0 22 9 1 25
0 2 0 21 4 7 142
0 2 0 20 10 2 106
0 2 0 19 5 8 12
0 2 0 18 11 3 152
0 2 0 18 0 14 74
0 2 0 17 6 9 11
0 2 0 16 12 4 28
0 2 0 16 1 15 113
0 2 0 15 7 10 180
0 2 0 14 13 5 195
0 2 0 14 2 16 180
0 2 0 13 19 0 84
0 2 0 13 8 11 67
0 2 0 12 14 6 136
0 2 0 12 3 17 148
0 2 0 11 20 1 7
0 2 0 11 9 12 149
0 2 0 10 15 7 91
0 2 0 10 4 18 108
0 2 0 9 21 2 168
0 2 0 9 10 13 124
0 2 0 8 16 8 143
0 2 0 8 5 19 27
0 2 0 7 22 3 50
0 2 0 7 11 14 94
0 2 0 7 0 25 134
0 2 0 6 17 9 91
0 2 0 6 6 20 133
0 2 0 5 23 4 57
0 2 0 5 12 15 94
0 2 0 5 1 26 165
0 2 0 4 18 10 17
0 2 0 4 7 21 179
0 2 0 3 24 5 187
0 2 0 3 13 16 24
0 2 0 3 2 27 193
0 2 0 2 30 0 190
0 2 0 2 19 11 7
0 2 0 2 8 22 140
0 2 0 1 25 6 120
0 2 0 1 14 17 147
0 2 0 1 3 28 82
0 2 0 0 31 1 117
0 2 0 0 20 12 179
0 2 0 0 9 23 79
0 1 33 0 0 0 128
0 1 31 1 1 0 60
0 1 29 2 2 0 187
0 1 29 0 3 1 101
0 1 28 2 0 3 51
0 1 28 0 1 4 117
0 1 27 1 4 1 29
0 1 26 5 0 2 52
0 1 26 3 1 3 161
0 1 26 1 2 4 15
0 1 25 4 4 0 43
0 1 25 2 5 1 178
0 1 25 1 0 7 40
0 1 25 0 6 2 55
0 1 24 8 0 1 195
0 1 24 6 1 2 52
0 1 24 4 2 3 3
0 1 24 2 3 4 22
0 1 24 0 4 5 19
0 1 23 5 5 0 86
0 1 23 4 0 6 144
0 1 23 3 6 1 93
0 1 23 2 1 7 79
0 1 23 1 7 2 189
0 1 23 0 2 8 172
0 1 22 11 0 0 136
0 1 22 9 1 1 79
0 1 22 7 2 2 60
0 1 22 5 3 3 91
0 1 22 3 4 4 48
0 1 22 0 11 0 24
0 1 22 0 0 11 183
0 1 21 7 0 5 142
0 1 21 6 6 0 26
0 1 21 5 1 6 85
0 1 21 4 7 1 151
0 1 21 3 2 7 65
0 1 21 2 8 2 53
0 1 21 1 3 8 142
0 1 21 0 9 3 63
0 1 20 12 1 0 59
0 1 20 10 2 1 45
0 1 20 8 3 2 54
0 1 20 6 4 3 54
0 1 20 4 5 4 47
0 1 20 3 0 10 51
0 1 20 2 6 5 72
0 1 20 1 12 0 43
0 1 20 1 1 11 8
0 1 20 0 7 6 185
0 1 19 10 0 4 45
0 1 19 8 1 5 185
0 1 19 7 7 0 87
0 1 19 6 2 6 105
0 1 19 5 8 1 118
0 1 19 4 3 7 121
0 1 19 3 9 2 74
0 1 19 2 4 8 12
0 1 19 1 10 3 22
0 1 19 0 5 9 113
0 1 18 13 2 0 45
0 1 18 11 3 1 12
0 1 18 9 4 2 17
0 1 18 7 5 3 176
0 1 18 6 0 9 39
0 1 18 5 6 4 61
0 1 18 4 1 10 119
0 1 18 3 7 5 147
0 1 18 2 13 0 59
0 1 18 2 2 11 194
0 1 18 1 8 6 168
0 1 18 0 14 1 138
0 1 18 0 3 12 21
0 1 17 13 0 3 53
0 1 17 11 1 4 96
0 1 17 9 2 5 151
0 1 17 8 8 0 186
0 1 17 7 3 6 150
0 1 17 6 9 1 55
0 1 17 5 4 7 162
0 1 17 4 10 2 97
0 1 17 3 5 8 150
0 1 17 2 11 3 156
0 1 17 2 0 14 79
0 1 17 1 6 9 173
0 1 17 0 12 4 7
0 1 17 0 1 15 187
0 1 16 14 3 0 183
0 1 16 12 4 1 51
0 1 16 10 5 2 57
0 1 16 9 0 8 131
0 1 16 8 6 3 176
0 1 16 7 1 9 26
0 1 16 6 7 4 118
0 1 16 5 2 10 33
0 1 16 4 8 5 188
0 1 16 3 14 0 95
0 1 16 3 3 11 148
0 1 16 2 9 6 66
0 1 16 1 15 1 37
0 1 16 1 4 12 188
0 1 16 0 10 7 138
0 1 15 16 0 2 195
0 1 15 14 1 3 86
0 1 15 12 2 4 50
0 1 15 10 3 5 142
0 1 15 9 9 0 46
0 1 15 8 4 6 78
0 1 15 7 10 1 46
0 1 15 6 5 7 45
0 1 15 5 11 2 31
0 1 15 5 0 13 124
0 1 15 4 6 8 7
0 1 15 3 12 3 174
0 1 15 3 1 14 195
0 1 15 2 7 9 59
0 1 15 1 13 4 43
0 1 15 1 2 15 72
0 1 15 0 8 10 90
0 1 14 15 4 0 96
0 1 14 13 5 1 21
0 1 14 12 0 7 127
0 1 14 11 6 2 76
0 1 14 10 1 8 174
0 1 14 9 7 3 98
0 1 14 8 2 9 35
0 1 14 6 3 10 86
0 1 14 5 9 5 23
0 1 14 4 15 0 103
0 1 14 4 4 11 172
0 1 14 3 10 6 36
0 1 14 2 16 1 42
0 1 14 2 5 12 42
0 1 14 1 11 7 170
0 1 14 1 0 18 143
0 1 14 0 17 2 57
0 1 14 0 6 13 121
0 1 13 19 0 1 39
0 1 13 17 1 2 192
0 1 13 15 2 3 103
0 1 13 13 3 4 144
0 1 13 11 4 5 178
0 1 13 10 10 0 150
0 1 13 9 5 6 106
0 1 13 8 11 1 183
0 1 13 8 0 12 109
0 1 13 7 6 7 107
0 1 13 6 12 2 115
0 1 13 6 1 13 195
0 1 13 5 7 8 187
0 1 13 4 13 3 159
0 1 13 4 2 14 64
0 1 13 3 8 9 66
0 1 13 2 3 15 15
0 1 13 1 9 10 21
0 1 13 0 15 5 185
0 1 13 0 4 16 116
0 1 12 16 5 0 84
0 1 12 15 0 6 85
0 1 12 14 6 1 39
0 1 12 13 1 7 150
0 1 12 12 7 2 148
0 1 12 11 2 8 150
0 1 12 10 8 3 184
0 1 12 9 3 9 5
0 1 12 8 9 4 62
0 1 12 7 4 10 78
0 1 12 6 10 5 121
0 1 12 5 16 0 36
0 1 12 5 5 11 52
0 1 12 4 11 6 63
0 1 12 4 0 17 172
0 1 12 3 17 1 185
0 1 12 3 6 12 129
0 1 12 2 12 7 90
0 1 12 2 1 18 196
0 1 12 1 18 2 29
0 1 12 1 7 13 88
0 1 12 0 13 8 177
0 1 12 0 2 19 35
0 1 11 22 0 0 82
0 1 11 20 1 1 128
0 1 11 18 2 2 86
0 1 11 16 3 3 34
0 1 11 14 4 4 29
0 1 11 12 5 5 159
0 1 11 11 11 0 99
0 1 11 11 0 11 95
0 1 11 10 6 6 42
0 1 11 9 12 1 197
0 1 11 9 1 12 123
0 1 11 8 7 7 19
0 1 11 7 13 2 67
0 1 11 7 2 13 135
0 1 11 6 8 8 112
0 1 11 5 14 3 9
0 1 11 5 3 14 30
0 1 11 4 9 9 175
0 1 11 3 15 4 82
0 1 11 3 4 15 84
0 1 11 2 10 10 25
0 1 11 1 16 5 100
0 1 11 1 5 16 37
0 1 11 0 22 0 115
0 1 11 0 11 11 72
0 1 11 0 0 22 36
0 1 10 18 0 5 184
0 1 10 17 6 0 106
0 1 10 16 1 6 153
0 1 10 15 7 1 145
0 1 10 14 2 7 149
0 1 10 13 8 2 110
0 1 10 12 3 8 184
0 1 10 11 9 3 25
0 1 10 10 4 9 163
0 1 10 9 10 4 144
0 1 10 8 5 10 35
0 1 10 7 11 5 148
0 1 10 7 0 16 89
0 1 10 6 17 0 45
0 1 10 5 12 6 11
0 1 10 5 1 17 35
0 1 10 4 18 1 53
0 1 10 4 7 12 13
0 1 10 3 13 7 130
0 1 10 3 2 18 147
0 1 10 2 19 2 127
0 1 10 2 8 13 194
0 1 10 1 14 8 145
0 1 10 1 3 19 37
0 1 10 0 20 3 127
0 1 10 0 9 14 93
0 1 9 23 1 0 90
0 1 9 21 2 1 155
0 1 9 19 3 2 170
0 1 9 17 4 3 36
0 1 9 15 5 4 77
0 1 9 14 0 10 174
0 1 9 13 6 5 165
0 1 9 12 12 0 159
0 1 9 12 1 11 139
0 1 9 11 7 6 34
0 1 9 10 13 1 180
0 1 9 10 2 12 101
0 1 9 9 8 7 67
0 1 9 8 14 2 86
0 1 9 8 3 13 67
0 1 9 7 9 8 57
0 1 9 6 15 3 57
0 1 9 6 4 14 148
0 1 9 5 10 9 97
0 1 9 4 16 4 41
0 1 9 4 5 15 68
0 1 9 3 11 10 146
0 1 9 3 0 21 55
0 1 9 2 17 5 121
0 1 9 2 6 16 120
0 1 9 1 23 0 161
0 1 9 1 12 11 64
0 1 9 1 1 22 58
0 1 9 0 18 6 168
0 1 9 0 7 17 196
0 1 8 21 0 4 164
0 1 8 19 1 5 108
0 1 8 18 7 0 19
0 1 8 17 2 6 13
0 1 8 16 8 1 104
0 1 8 15 3 7 136
0 1 8 14 9 2 71
0 1 8 13 4 8 160
0 1 8 12 10 3 172
0 1 8 11 5 9 155
0 1 8 10 11 4 184
0 1 8 10 0 15 157
0 1 8 9 6 10 127
0 1 8 8 12 5 28
0 1 8 8 1 16 114
0 1 8 7 18 0 85
0 1 8 7 7 11 151
0 1 8 6 13 6 125
0 1 8 6 2 17 67
0 1 8 5 19 1 16
0 1 8 5 8 12 133
0 1 8 4 14 7 76
0 1 8 4 3 18 14
0 1 8 3 20 2 31
0 1 8 3 9 13 90
0 1 8 2 15 8 188
0 1 8 2 4 19 73
0 1 8 1 21 3 148
0 1 8 1 10 14 91
0 1 8 0 16 9 64
0 1 8 0 5 20 116
0 1 7 24 2 0 75
0 1 7 22 3 1 79
0 1 7 20 4 2 120
0 1 7 18 5 3 75
0 1 7 17 0 9 87
0 1 7 16 6 4 104
0 1 7 15 1 10 159
0 1 7 14 7 5 72
0 1 7 13 13 0 100
0 1 7 13 2 11 126
0 1 7 12 8 6 52
0 1 7 11 14 1 156
0 1 7 11 3 12 155
0 1 7 10 9 7 31
0 1 7 9 15 2 185
0 1 7 9 4 13 168
0 1 7 8 10 8 165
0 1 7 7 16 3 120
0 1 7 7 5 14 24
0 1 7 6 11 9 125
0 1 7 6 0 20 112
0 1 7 5 17 4 1
0 1 7 5 6 15 126
0 1 7 4 12 10 165
0 1 7 4 1 21 35
0 1 7 3 18 5 20
0 1 7 3 7 16 62
0 1 7 2 24 0 157
0 1 7 2 13 11 75
0 1 7 2 2 22 176
0 1 7 1 19 6 62
0 1 7 1 8 17 55
0 1 7 0 25 1 91
0 1 7 0 14 12 111
0 1 7 0 3 23 70
0 1 6 24 0 3 130
0 1 6 22 1 4 127
0 1 6 20 2 5 111
0 1 6 19 8 0 48
0 1 6 18 3 6 20
0 1 6 17 9 1 58
0 1 6 16 4 7 8
0 1 6 15 10 2 163
0 1 6 14 5 8 110
0 1 6 13 11 3 174
0 1 6 13 0 14 46
0 1 6 12 6 9 88
0 1 6 11 12 4 34
0 1 6 11 1 15 89
0 1 6 10 7 10 37
0 1 6 9 13 5 74
0 1 6 9 2 16 173
0 1 6 8 19 0 40
0 1 6 8 8 11 182
0 1 6 7 14 6 26
0 1 6 7 3 17 30
0 1 6 6 20 1 166
0 1 6 6 9 12 195
0 1 6 5 15 7 145
0 1 6 5 4 18 159
0 1 6 4 21 2 61
0 1 6 4 10 13 176
0 1 6 3 16 8 62
0 1 6 3 5 19 17
0 1 6 2 22 3 187
0 1 6 2 11 14 130
0 1 6 2 0 25 126
0 1 6 1 17 9 49
0 1 6 0 23 4 152
0 1 6 0 12 15 103
0 1 6 0 1 26 90
0 1 5 25 3 0 194
0 1 5 23 4 1 146
0 1 5 21 5 2 14
0 1 5 20 0 8 4
0 1 5 19 6 3 94
0 1 5 18 1 9 195
0 1 5 17 7 4 11
0 1 5 16 2 10 24
0 1 5 15 8 5 18
0 1 5 14 14 0 187
0 1 5 13 9 6 147
0 1 5 12 15 1 151
0 1 5 12 4 12 84
0 1 5 11 10 7 61
0 1 5 10 16 2 81
0 1 5 10 5 13 86
0 1 5 9 11 8 154
0 1 5 9 0 19 54
0 1 5 8 17 3 189
0 1 5 8 6 14 65
0 1 5 7 12 9 12
0 1 5 7 1 20 153
0 1 5 6 18 4 172
0 1 5 6 7 15 131
0 1 5 5 13 10 196
0 1 5 5 2 21 156
0 1 5 4 19 5 144
0 1 5 4 8 16 157
0 1 5 3 25 0 10
0 1 5 3 14 11 141
0 1 5 3 3 22 7
0 1 5 2 20 6 1
0 1 5 2 9 17 160
0 1 5 1 26 1 178
0 1 5 1 15 12 42
0 1 5 1 4 23 87
0 1 5 0 21 7 96
0 1 5 0 10 18 72
0 1 4 27 0 2 7
0 1 4 25 1 3 66
0 1 4 23 2 4 89
0 1 4 21 3 5 36
0 1 4 20 9 0 175
0 1 4 19 4 6 156
0 1 4 18 10 1 198
0 1 4 17 5 7 119
0 1 4 16 11 2 94
0 1 4 16 0 13 135
0 1 4 15 6 8 143
0 1 4 14 12 3 195
0 1 4 14 1 14 172
0 1 4 13 7 9 185
0 1 4 12 13 4 25
0 1 4 12 2 15 5
0 1 4 11 8 10 118
0 1 4 10 14 5 121
0 1 4 10 3 16 103
0 1 4 9 20 0 37
0 1 4 9 9 11 179
0 1 4 8 15 6 132
0 1 4 8 4 17 104
0 1 4 7 21 1 70
0 1 4 7 10 12 116
0 1 4 6 16 7 99
0 1 4 6 5 18 102
0 1 4 5 22 2 94
0 1 4 5 11 13 51
0 1 4 5 0 24 66
0 1 4 4 17 8 132
0 1 4 4 6 19 93
0 1 4 3 23 3 166
0 1 4 3 12 14 187
0 1 4 3 1 25 69
0 1 4 2 18 9 54
0 1 4 2 7 20 184
0 1 4 1 24 4 165
0 1 4 1 13 15 55
0 1 4 1 2 26 178
0 1 4 0 19 10 160
0 1 4 0 8 21 128
0 1 3 26 4 0 180
0 1 3 24 5 1 105
0 1 3 23 0 7 46
0 1 3 22 6 2 75
0 1 3 21 1 8 36
0 1 3 20 7 3 107
0 1 3 19 2 9 49
0 1 3 18 8 4 56
0 1 3 17 3 10 123
0 1 3 16 9 5 58
0 1 3 15 15 0 139
0 1 3 15 4 11 6
0 1 3 14 10 6 1
0 1 3 13 16 1 84
0 1 3 13 5 12 126
0 1 3 12 11 7 198
0 1 3 12 0 18 26
0 1 3 11 17 2 117
0 1 3 11 6 13 180
0 1 3 10 12 8 164
0 1 3 10 1 19 55
0 1 3 9 18 3 49
0 1 3 9 7 14 39
0 1 3 8 13 9 117
0 1 3 8 2 20 152
0 1 3 7 19 4 4
0 1 3 7 8 15 22
0 1 3 6 14 10 3
0 1 3 6 3 21 144
0 1 3 5 20 5 136
0 1 3 5 9 16 10
0 1 3 4 26 0 39
0 1 3 4 15 11 49
0 1 3 4 4 22 195
0 1 3 3 21 6 24
0 1 3 3 10 17 95
0 1 3 2 27 1 67
0 1 3 2 16 12 149
0 1 3 2 5 23 102
0 1 3 1 22 7 3
0 1 3 1 11 18 61
0 1 3 1 0 29 7
0 1 3 0 28 2 120
0 1 3 0 17 13 101
0 1 3 0 6 24 158
0 1 2 30 0 1 97
0 1 2 28 1 2 45
0 1 2 26 2 3 181
0 1 2 24 3 4 183
0 1 2 22 4 5 76
0 1 2 21 10 0 135
0 1 2 20 5 6 27
0 1 2 19 11 1 86
0 1 2 19 0 12 159
0 1 2 18 6 7 65
0 1 2 17 12 2 54
0 1 2 17 1 13 166
0 1 2 16 7 8 96
0 1 2 15 13 3 56
0 1 2 15 2 14 87
0 1 2 14 8 9 147
0 1 2 13 14 4 98
0 1 2 13 3 15 192
0 1 2 12 9 10 85
0 1 2 11 15 5 46
0 1 2 11 4 16 90
0 1 2 10 21 0 187
0 1 2 10 10 11 179
0 1 2 9 16 6 15
0 1 2 9 5 17 98
0 1 2 8 22 1 87
0 1 2 8 11 12 34
0 1 2 8 0 23 88
0 1 2 7 17 7 156
0 1 2 7 6 18 111
0 1 2 6 23 2 61
0 1 2 6 12 13 181
0 1 2 6 1 24 93
0 1 2 5 18 8 163
0 1 2 5 7 19 34
0 1 2 4 24 3 118
0 1 2 4 13 14 142
0 1 2 4 2 25 14
0 1 2 3 19 9 36
0 1 2 3 8 20 61
0 1 2 2 25 4 184
0 1 2 2 14 15 106
0 1 2 2 3 26 71
0 1 2 1 20 10 86
0 1 2 1 9 21 52
0 1 2 0 26 5 13
0 1 2 0 15 16 158
0 1 2 0 4 27 55
0 1 1 27 5 0 52
0 1 1 26 0 6 144
0 1 1 25 6 1 134
0 1 1 24 1 7 104
0 1 1 23 7 2 122
0 1 1 22 2 8 67
0 1 1 21 8 3 15
0 1 1 20 3 9 99
0 1 1 19 9 4 139
0 1 1 18 4 10 49
0 1 1 17 10 5 66
0 1 1 16 16 0 190
0 1 1 16 5 11 4
0 1 1 15 11 6 184
0 1 1 15 0 17 166
0 1 1 14 17 1 44
0 1 1 14 6 12 151
0 1 1 13 12 7 143
0 1 1 13 1 18 162
0 1 1 12 18 2 58
0 1 1 12 7 13 96
0 1 1 11 13 8 178
0 1 1 11 2 19 141
0 1 1 10 19 3 30
0 1 1 10 8 14 181
0 1 1 9 14 9 40
0 1 1 9 3 20 4
0 1 1 8 20 4 25
0 1 1 8 9 15 66
0 1 1 7 15 10 43
0 1 1 7 4 21 65
0 1 1 6 21 5 106
0 1 1 6 10 16 140
0 1 1 5 27 0 182
0 1 1 5 16 11 92
0 1 1 5 5 22 4
0 1 1 4 22 6 99
0 1 1 4 11 17 169
0 1 1 4 0 28 168
0 1 1 3 28 1 180
0 1 1 3 17 12 15
0 1 1 3 6 23 93
0 1 1 2 23 7 165
0 1 1 2 12 18 175
0 1 1 2 1 29 71
0 1 1 1 29 2 76
0 1 1 1 18 13 24
0 1 1 1 7 24 101
0 1 1 0 24 8 80
0 1 1 0 13 19 134
0 1 1 0 2 30 191
0 1 0 33 0 0 97
0 1 0 31 1 1 146
0 1 0 29 2 2 9
0 1 0 27 3 3 106
0 1 0 25 4 4 63
0 1 0 23 5 5 77
0 1 0 22 11 0 180
0 1 0 22 0 11 193
0 1 0 21 6 6 41
0 1 0 20 12 1 129
0 1 0 20 1 12 59
0 1 0 19 7 7 34
0 1 0 18 13 2 94
0 1 0 18 2 13 184
0 1 0 17 8 8 5
0 1 0 16 14 3 38
0 1 0 16 3 14 193
0 1 0 15 9 9 112
0 1 0 14 15 4 109
0 1 0 14 4 15 88
0 1 0 13 10 10 68
0 1 0 12 5 16 13
0 1 0 11 22 0 129
0 1 0 11 11 11 95
0 1 0 11 0 22 186
0 1 0 10 17 6 156
0 1 0 10 6 17 3
0 1 0 9 23 1 3
0 1 0 9 12 12 77
0 1 0 9 1 23 116
0 1 0 8 18 7 28
0 1 0 8 7 18 198
0 1 0 7 24 2 129
0 1 0 7 13 13 49
0 1 0 7 2 24 158
0 1 0 6 19 8 55
0 1 0 6 8 19 163
0 1 0 5 25 3 83
0 1 0 5 14 14 53
0 1 0 5 3 25 183
0 1 0 4 20 9 28
0 1 0 4 9 20 11
0 1 0 3 26 4 111
0 1 0 3 15 15 11
0 1 0 3 4 26 74
0 1 0 2 21 10 23
0 1 0 2 10 21 133
0 1 0 1 27 5 123
0 1 0 1 16 16 77
0 1 0 1 5 27 5
0 1 0 0 33 0 155
0 1 0 0 22 11 65
0 1 0 0 11 22 61
0 1 0 0 0 33 97
0 0 32 0 0 2 91
0 0 30 3 0 1 163
0 0 30 1 1 2 186
0 0 29 0 5 0 74
0 0 28 6 0 0 41
0 0 28 4 1 1 97
0 0 28 2 2 2 17
0 0 28 0 3 3 179
0 0 27 2 0 5 63
0 0 27 1 6 0 83
0 0 27 0 1 6 186
0 0 26 7 1 0 113
0 0 26 5 2 1 105
0 0 26 3 3 2 91
0 0 26 1 4 3 47
0 0 25 5 0 4 40
0 0 25 3 1 5 192
0 0 25 2 7 0 167
0 0 25 1 2 6 152
0 0 25 0 8 1 16
0 0 24 8 2 0 74
0 0 24 6 3 1 107
0 0 24 4 4 2 106
0 0 24 2 5 3 69
0 0 24 1 0 9 5
0 0 24 0 6 4 185
0 0 23 8 0 3 84
0 0 23 6 1 4 138
0 0 23 4 2 5 105
0 0 23 3 8 0 7
0 0 23 2 3 6 115
0 0 23 1 9 1 37
0 0 23 0 4 7 65
0 0 22 9 3 0 151
0 0 22 7 4 1 181
0 0 22 5 5 2 136
0 0 22 4 0 8 48
0 0 22 3 6 3 75
0 0 22 2 1 9 177
0 0 22 1 7 4 97
0 0 22 0 2 10 27
0 0 21 11 0 2 93
0 0 21 9 1 3 184
0 0 21 7 2 4 142
0 0 21 5 3 5 114
0 0 21 4 9 0 37
0 0 21 3 4 6 76
0 0 21 2 10 1 110
0 0 21 1 5 7 141
0 0 21 0 11 2 113
0 0 21 0 0 13 24
0 0 20 10 4 0 182
0 0 20 8 5 1 88
0 0 20 7 0 7 106
0 0 20 6 6 2 185
0 0 20 5 1 8 24
0 0 20 4 7 3 128
0 0 20 3 2 9 150
0 0 20 2 8 4 136
0 0 20 1 3 10 32
0 0 20 0 9 5 193
0 0 19 14 0 1 58
0 0 19 12 1 2 87
0 0 19 10 2 3 184
0 0 19 8 3 4 77
0 0 19 6 4 5 2
0 0 19 5 10 0 85
0 0 19 4 5 6 30
0 0 19 3 11 1 98
0 0 19 3 0 12 150
0 0 19 2 6 7 6
0 0 19 1 12 2 64
0 0 19 1 1 13 1
0 0 19 0 7 8 169
0 0 18 11 5 0 168
0 0 18 10 0 6 49
0 0 18 9 6 1 77
0 0 18 8 1 7 39
0 0 18 7 7 2 56
0 0 18 6 2 8 120
0 0 18 5 8 3 124
0 0 18 4 3 9 5
0 0 18 3 9 4 33
0 0 18 2 4 10 149
0 0 18 1 10 5 49
0 0 18 0 16 0 87
0 0 18 0 5 11 164
0 0 17 17 0 0 65
0 0 17 15 1 1 111
0 0 17 13 2 2 79
0 0 17 11 3 3 24
0 0 17 9 4 4 14
0 0 17 7 5 5 45
0 0 17 6 11 0 14
0 0 17 6 0 11 185
0 0 17 5 6 6 196
0 0 17 4 12 1 50
0 0 17 4 1 12 8
0 0 17 3 7 7 24
0 0 17 2 13 2 187
0 0 17 2 2 13 150
0 0 17 1 8 8 166
0 0 17 0 14 3 2
0 0 17 0 3 14 179
0 0 16 13 0 5 119
0 0 16 12 6 0 181
0 0 16 11 1 6 133
0 0 16 10 7 1 128
0 0 16 9 2 7 186
0 0 16 8 8 2 126
0 0 16 7 3 8 62
0 0 16 6 9 3 103
0 0 16 5 4 9 60
0 0 16 4 10 4 127
0 0 16 3 5 10 88
0 0 16 2 11 5 104
0 0 16 2 0 16 65
0 0 16 1 17 0 37
0 0 16 1 6 11 50
0 0 16 0 12 6 113
0 0 16 0 1 17 194
0 0 15 18 1 0 148
0 0 15 16 2 1 40
0 0 15 14 3 2 165
0 0 15 12 4 3 134
0 0 15 10 5 4 39
0 0 15 9 0 10 4
0 0 15 8 6 5 16
0 0 15 7 12 0 144
0 0 15 7 1 11 171
0 0 15 5 13 1 58
0 0 15 5 2 12 21
0 0 15 4 8 7 52
0 0 15 3 14 2 186
0 0 15 3 3 13 119
0 0 15 2 9 8 105
0 0 15 1 15 3 167
0 0 15 1 4 14 55
0 0 15 0 10 9 173
0 0 14 16 0 4 136
0 0 14 14 1 5 114
0 0 14 13 7 0 4
0 0 14 12 2 6 77
0 0 14 11 8 1 86
0 0 14 10 3 7 47
0 0 14 9 9 2 135
0 0 14 8 4 8 32
0 0 14 7 10 3 151
0 0 14 6 5 9 136
0 0 14 5 11 4 93
0 0 14 5 0 15 83
0 0 14 4 6 10 157
0 0 14 3 12 5 137
0 0 14 3 1 16 190
0 0 14 2 18 0 18
0 0 14 2 7 11 181
0 0 14 1 13 6 113
0 0 14 1 2 17 166
0 0 14 0 19 1 142
0 0 14 0 8 12 172
0 0 13 19 2 0 171
0 0 13 17 3 1 111
0 0 13 15 4 2 189
0 0 13 13 5 3 112
0 0 13 12 0 9 92
0 0 13 11 6 4 95
0 0 13 10 1 10 138
0 0 13 9 7 5 103
0 0 13 8 13 0 36
0 0 13 8 2 11 73
0 0 13 7 8 6 128
0 0 13 6 14 1 4
0 0 13 6 3 12 36
0 0 13 5 9 7 190
0 0 13 4 15 2 196
0 0 13 4 4 13 10
0 0 13 3 10 8 13
0 0 13 2 16 3 126
0 0 13 2 5 14 115
0 0 13 1 11 9 170
0 0 13 1 0 20 127
0 0 13 0 17 4 90
0 0 13 0 6 15 108
0 0 12 19 0 3 80
0 0 12 17 1 4 7
0 0 12 15 2 5 37
0 0 12 14 8 0 145
0 0 12 13 3 6 181
0 0 12 12 9 1 34
0 0 12 11 4 7 22
0 0 12 10 10 2 178
0 0 12 9 5 8 185
0 0 12 8 11 3 107
0 0 12 8 0 14 55
0 0 12 7 6 9 84
0 0 12 6 12 4 4
0 0 12 6 1 15 53
0 0 12 5 7 10 33
0 0 12 4 13 5 160
0 0 12 4 2 16 47
0 0 12 3 19 0 157
0 0 12 3 8 11 173
0 0 12 2 14 6 16
0 0 12 2 3 17 103
0 0 12 1 20 1 130
0 0 12 1 9 12 150
0 0 12 0 15 7 164
0 0 12 0 4 18 47
0 0 11 20 3 0 79
0 0 11 18 4 1 84
0 0 11 16 5 2 69
0 0 11 15 0 8 44
0 0 11 14 6 3 195
0 0 11 13 1 9 22
0 0 11 12 7 4 41
0 0 11 11 2 10 132
0 0 11 10 8 5 188
0 0 11 9 14 0 124
0 0 11 9 3 11 74
0 0 11 8 9 6 68
0 0 11 7 15 1 85
0 0 11 7 4 12 120
0 0 11 6 10 7 158
0 0 11 5 16 2 57
0 0 11 5 5 13 80
0 0 11 4 11 8 50
0 0 11 4 0 19 112
0 0 11 3 17 3 62
0 0 11 3 6 14 57
0 0 11 2 12 9 47
0 0 11 2 1 20 45
0 0 11 1 18 4 14
0 0 11 1 7 15 39
0 0 11 0 13 10 48
0 0 11 0 2 21 66
0 0 10 22 0 2 179
0 0 10 20 1 3 31
0 0 10 18 2 4 56
0 0 10 16 3 5 141
0 0 10 15 9 0 68
0 0 10 14 4 6 22
0 0 10 13 10 1 133
0 0 10 12 5 7 74
0 0 10 11 11 2 104
0 0 10 11 0 13 71
0 0 10 10 6 8 11
0 0 10 9 12 3 24
0 0 10 9 1 14 47
0 0 10 8 7 9 86
0 0 10 7 13 4 177
0 0 10 7 2 15 94
0 0 10 6 8 10 159
0 0 10 5 14 5 78
0 0 10 5 3 16 174
0 0 10 4 20 0 109
0 0 10 4 9 11 51
0 0 10 3 15 6 8
0 0 10 3 4 17 66
0 0 10 2 21 1 38
0 0 10 2 10 12 76
0 0 10 1 16 7 186
0 0 10 1 5 18 176
0 0 10 0 22 2 2
0 0 10 0 11 13 92
0 0 10 0 0 24 14
0 0 9 21 4 0 57
0 0 9 19 5 1 151
0 0 9 18 0 7 160
0 0 9 17 6 2 106
0 0 9 16 1 8 32
0 0 9 15 7 3 80
0 0 9 14 2 9 74
0 0 9 13 8 4 41
0 0 9 12 3 10 194
0 0 9 11 9 5 182
0 0 9 10 15 0 43
0 0 9 10 4 11 196
0 0 9 9 10 6 15
0 0 9 8 16 1 125
0 0 9 8 5 12 111
0 0 9 7 11 7 110
0 0 9 7 0 18 150
0 0 9 6 17 2 7
0 0 9 6 6 13 10
0 0 9 5 12 8 136
0 0 9 5 1 19 143
0 0 9 4 18 3 84
0 0 9 4 7 14 42
0 0 9 3 13 9 143
0 0 9 3 2 20 116
0 0 9 2 19 4 153
0 0 9 2 8 15 87
0 0 9 1 14 10 174
0 0 9 1 3 21 165
0 0 9 0 20 5 190
0 0 9 0 9 16 88
0 0 8 25 0 1 53
0 0 8 23 1 2 13
0 0 8 21 2 3 58
0 0 8 19 3 4 141
0 0 8 17 4 5 32
0 0 8 16 10 0 163
0 0 8 15 5 6 129
0 0 8 14 11 1 130
0 0 8 14 0 12 17
0 0 8 13 6 7 122
0 0 8 12 12 2 151
0 0 8 12 1 13 45
0 0 8 11 7 8 112
0 0 8 10 13 3 106
0 0 8 10 2 14 156
0 0 8 9 8 9 3
0 0 8 8 14 4 196
0 0 8 8 3 15 72
0 0 8 7 9 10 100
0 0 8 6 15 5 79
0 0 8 6 4 16 180
0 0 8 5 21 0 144
0 0 8 5 10 11 96
0 0 8 4 16 6 178
0 0 8 4 5 17 24
0 0 8 3 22 1 82
0 0 8 3 11 12 142
0 0 8 3 0 23 176
0 0 8 2 17 7 18
0 0 8 2 6 18 133
0 0 8 1 23 2 106
0 0 8 1 12 13 111
0 0 8 1 1 24 24
0 0 8 0 18 8 170
0 0 8 0 7 19 59
0 0 7 22 5 0 63
0 0 7 21 0 6 67
0 0 7 20 6 1 103
0 0 7 19 1 7 182
0 0 7 18 7 2 187
0 0 7 17 2 8 61
0 0 7 16 8 3 79
0 0 7 15 3 9 69
0 0 7 14 9 4 171
0 0 7 13 4 10 89
0 0 7 12 10 5 104
0 0 7 11 16 0 89
0 0 7 11 5 11 100
0 0 7 10 11 6 8
0 0 7 10 0 17 182
0 0 7 9 17 1 166
0 0 7 9 6 12 182
0 0 7 8 12 7 49
0 0 7 8 1 18 5
0 0 7 7 18 2 58
0 0 7 7 7 13 100
0 0 7 6 13 8 49
0 0 7 6 2 19 36
0 0 7 5 19 3 80
0 0 7 5 8 14 174
0 0 7 4 14 9 115
0 0 7 4 3 20 109
0 0 7 3 20 4 168
0 0 7 3 9 15 86
0 0 7 2 15 10 169
0 0 7 2 4 21 152
0 0 7 1 21 5 144
0 0 7 1 10 16 88
0 0 7 0 27 0 154
0 0 7 0 16 11 87
0 0 7 0 5 22 12
0 0 6 28 0 0 127
0 0 6 26 1 1 28
0 0 6 24 2 2 83
0 0 6 22 3 3 110
0 0 6 20 4 4 109
0 0 6 18 5 5 157
0 0 6 17 11 0 120
0 0 6 17 0 11 98
0 0 6 16 6 6 9
0 0 6 15 12 1 180
0 0 6 15 1 12 1
0 0 6 14 7 7 2
0 0 6 13 13 2 70
0 0 6 13 2 13 167
0 0 6 12 8 8 11
0 0 6 11 14 3 161
0 0 6 11 3 14 53
0 0 6 10 9 9 111
0 0 6 9 15 4 102
0 0 6 9 4 15 190
0 0 6 8 10 10 83
0 0 6 7 16 5 11
0 0 6 7 5 16 97
0 0 6 6 22 0 72
0 0 6 6 11 11 75
0 0 6 6 0 22 37
0 0 6 5 17 6 76
0 0 6 5 6 17 160
0 0 6 4 23 1 93
0 0 6 4 12 12 146
0 0 6 4 1 23 124
0 0 6 3 18 7 86
0 0 6 3 7 18 22
0 0 6 2 24 2 186
0 0 6 2 13 13 25
0 0 6 2 2 24 110
0 0 6 1 19 8 26
0 0 6 1 8 19 4
0 0 6 0 25 3 92
0 0 6 0 14 14 47
0 0 6 0 3 25 144
0 0 5 24 0 5 119
0 0 5 23 6 0 159
0 0 5 22 1 6 161
0 0 5 21 7 1 61
0 0 5 20 2 7 45
0 0 5 19 8 2 82
0 0 5 18 3 8 159
0 0 5 17 9 3 178
0 0 5 16 4 9 148
0 0 5 15 10 4 57
0 0 5 14 5 10 99
0 0 5 13 11 5 133
0 0 5 13 0 16 151
0 0 5 12 17 0 9
0 0 5 12 6 11 163
0 0 5 11 12 6 105
0 0 5 11 1 17 169
0 0 5 10 18 1 2
0 0 5 10 7 12 30
0 0 5 9 13 7 149
0 0 5 9 2 18 153
0 0 5 8 19 2 27
0 0 5 8 8 13 100
0 0 5 7 14 8 1
0 0 5 7 3 19 77
0 0 5 6 20 3 108
0 0 5 6 9 14 60
0 0 5 5 15 9 33
0 0 5 5 4 20 47
0 0 5 4 21 4 130
0 0 5 4 10 15 79
0 0 5 3 16 10 1
0 0 5 3 5 21 168
0 0 5 2 22 5 155
0 0 5 2 11 16 173
0 0 5 2 0 27 57
0 0 5 1 28 0 69
0 0 5 1 17 11 68
0 0 5 1 6 22 47
0 0 5 0 23 6 175
0 0 5 0 12 17 4
0 0 5 0 1 28 74
0 0 4 29 1 0 186
0 0 4 27 2 1 63
0 0 4 25 3 2 2
0 0 4 23 4 3 148
0 0 4 21 5 4 36
0 0 4 20 0 10 130
0 0 4 19 6 5 165
0 0 4 18 12 0 91
0 0 4 18 1 11 171
0 0 4 17 7 6 47
0 0 4 16 13 1 101
0 0 4 16 2 12 24
0 0 4 15 8 7 83
0 0 4 14 14 2 125
0 0 4 14 3 13 17
0 0 4 13 9 8 33
0 0 4 12 15 3 44
0 0 4 12 4 14 5
0 0 4 11 10 9 126
0 0 4 10 16 4 185
0 0 4 10 5 15 198
0 0 4 9 11 10 1
0 0 4 9 0 21 142
0 0 4 8 17 5 191
0 0 4 8 6 16 165
0 0 4 7 23 0 154
0 0 4 7 12 11 38
0 0 4 7 1 22 102
0 0 4 6 18 6 163
0 0 4 6 7 17 8
0 0 4 5 24 1 169
0 0 4 5 13 12 187
0 0 4 5 2 23 176
0 0 4 4 19 7 165
0 0 4 4 8 18 160
0 0 4 3 25 2 63
0 0 4 3 14 13 108
0 0 4 3 3 24 93
0 0 4 2 20 8 35
0 0 4 2 9 19 28
0 0 4 1 26 3 156
0 0 4 1 15 14 196
0 0 4 1 4 25 42
0 0 4 0 21 9 141
0 0 4 0 10 20 10
0 0 3 27 0 4 50
0 0 3 25 1 5 74
0 0 3 24 7 0 145
0 0 3 23 2 6 121
0 0 3 22 8 1 125
0 0 3 21 3 7 63
0 0 3 20 9 2 161
0 0 3 19 4 8 30
0 0 3 18 10 3 167
0 0 3 17 5 9 155
0 0 3 16 11 4 81
0 0 3 16 0 15 92
0 0 3 15 6 10 27
0 0 3 14 12 5 187
0 0 3 14 1 16 68
0 0 3 13 18 0 118
0 0 3 13 7 11 23
0 0 3 12 13 6 38
0 0 3 12 2 17 73
0 0 3 11 19 1 2
0 0 3 11 8 12 1
0 0 3 10 14 7 134
0 0 3 10 3 18 10
0 0 3 9 20 2 55
0 0 3 9 9 13 123
0 0 3 8 15 8 88
0 0 3 8 4 19 144
0 0 3 7 21 3 11
0 0 3 7 10 14 10
0 0 3 6 16 9 185
0 0 3 6 5 20 42
0 0 3 5 22 4 12
0 0 3 5 11 15 93
0 0 3 5 0 26 194
0 0 3 4 17 10 40
0 0 3 4 6 21 17
0 0 3 3 23 5 109
0 0 3 3 12 16 102
0 0 3 3 1 27 65
0 0 3 2 29 0 170
0 0 3 2 18 11 73
0 0 3 2 7 22 111
0 0 3 1 24 6 96
0 0 3 1 13 17 136
0 0 3 1 2 28 21
0 0 3 0 30 1 187
0 0 3 0 19 12 129
0 0 3 0 8 23 8
0 0 2 30 2 0 52
0 0 2 28 3 1 124
0 0 2 26 4 2 101
0 0 2 24 5 3 94
0 0 2 23 0 9 164
0 0 2 22 6 4 163
0 0 2 21 1 10 171
0 0 2 20 7 5 47
0 0 2 19 13 0 84
0 0 2 19 2 11 66
0 0 2 18 8 6 2
0 0 2 17 14 1 68
0 0 2 17 3 12 112
0 0 2 16 9 7 67
0 0 2 15 15 2 97
0 0 2 15 4 13 124
0 0 2 14 10 8 77
0 0 2 13 16 3 190
0 0 2 13 5 14 163
0 0 2 12 11 9 35
0 0 2 12 0 20 94
0 0 2 11 17 4 98
0 0 2 11 6 15 37
0 0 2 10 12 10 30
0 0 2 10 1 21 100
0 0 2 9 18 5 94
0 0 2 9 7 16 113
0 0 2 8 24 0 172
0 0 2 8 13 11 110
0 0 2 8 2 22 148
0 0 2 7 19 6 98
0 0 2 7 8 17 120
0 0 2 6 25 1 34
0 0 2 6 14 12 63
0 0 2 6 3 23 89
0 0 2 5 20 7 183
0 0 2 5 9 18 120
0 0 2 4 26 2 172
0 0 2 4 15 13 164
0 0 2 4 4 24 62
0 0 2 3 21 8 3
0 0 2 3 10 19 175
0 0 2 2 27 3 86
0 0 2 2 16 14 168
0 0 2 2 5 25 188
0 0 2 1 22 9 29
0 0 2 1 11 20 93
0 0 2 1 0 31 42
0 0 2 0 28 4 162
0 0 2 0 17 15 47
0 0 2 0 6 26 169
0 0 1 30 0 3 125
0 0 1 28 1 4 42
0 0 1 26 2 5 127
0 0 1 25 8 0 48
0 0 1 24 3 6 160
0 0 1 23 9 1 9
0 0 1 22 4 7 84
0 0 1 21 10 2 106
0 0 1 20 5 8 121
0 0 1 19 11 3 179
0 0 1 19 0 14 84
0 0 1 18 6 9 19
0 0 1 17 12 4 78
0 0 1 17 1 15 63
0 0 1 16 7 10 56
0 0 1 15 13 5 53
0 0 1 15 2 16 87
0 0 1 14 19 0 165
0 0 1 14 8 11 153
0 0 1 13 14 6 39
0 0 1 13 3 17 5
0 0 1 12 20 1 8
0 0 1 12 9 12 143
0 0 1 11 15 7 73
0 0 1 11 4 18 27
0 0 1 10 21 2 15
0 0 1 10 10 13 82
0 0 1 9 16 8 66
0 0 1 9 5 19 107
0 0 1 8 22 3 52
0 0 1 8 11 14 33
0 0 1 8 0 25 64
0 0 1 7 17 9 113
0 0 1 7 6 20 108
0 0 1 6 23 4 24
0 0 1 6 12 15 146
0 0 1 6 1 26 127
0 0 1 5 18 10 125
0 0 1 5 7 21 19
0 0 1 4 24 5 56
0 0 1 4 13 16 114
0 0 1 4 2 27 66
0 0 1 3 30 0 80
0 0 1 3 19 11 82
0 0 1 3 8 22 99
0 0 1 2 25 6 81
0 0 1 2 14 17 151
0 0 1 2 3 28 6
0 0 1 1 31 1 94
0 0 1 1 20 12 147
0 0 1 1 9 23 20
0 0 1 0 26 7 128
0 0 1 0 15 18 12
0 0 1 0 4 29 151
0 0 0 29 4 1 106
0 0 0 27 5 2 44
0 0 0 26 0 8 56
0 0 0 25 6 3 91
0 0 0 24 1 9 106
0 0 0 23 7 4 37
0 0 0 22 2 10 87
0 0 0 21 8 5 58
0 0 0 20 14 0 4
0 0 0 20 3 11 85
0 0 0 19 9 6 195
0 0 0 18 15 1 97
0 0 0 18 4 12 152
0 0 0 17 10 7 71
0 0 0 16 16 2 121
0 0 0 16 5 13 9
0 0 0 15 11 8 126
0 0 0 15 0 19 47
0 0 0 14 17 3 147
0 0 0 14 6 14 156
0 0 0 13 12 9 2
0 0 0 13 1 20 78
0 0 0 12 18 4 23
0 0 0 12 7 15 95
0 0 0 11 13 10 26
0 0 0 11 2 21 57
0 0 0 10 19 5 170
0 0 0 10 8 16 119
0 0 0 9 25 0 184
0 0 0 9 14 11 141
0 0 0 9 3 22 53
0 0 0 8 20 6 22
0 0 0 8 9 17 88
0 0 0 7 26 1 15
0 0 0 7 15 12 97
0 0 0 7 4 23 26
0 0 0 6 21 7 191
0 0 0 6 10 18 80
0 0 0 5 27 2 105
0 0 0 5 16 13 133
0 0 0 5 5 24 79
0 0 0 4 22 8 51
0 0 0 4 11 19 10
0 0 0 4 0 30 116
0 0 0 3 28 3 156
0 0 0 3 17 14 157
0 0 0 3 6 25 69
0 0 0 2 23 9 60
0 0 0 2 12 20 127
0 0 0 2 1 31 107
0 0 0 1 29 4 136
0 0 0 1 18 15 90
0 0 0 1 7 26 104
0 0 0 0 24 10 53
0 0 0 0 13 21 101
1 33 1 0 0 0 97
1 31 2 1 0 0 144
1 31 0 2 1 0 42
1 31 0 0 2 1 107
1 30 1 1 0 2 191
1 30 0 0 4 0 116
1 29 3 2 0 0 106
1 29 3 0 1 1 181
1 29 1 3 1 0 7
1 29 1 1 2 1 71
1 29 0 1 0 4 151
1 28 3 0 3 0 116
1 28 2 2 0 2 93
1 28 2 0 1 3 82
1 28 1 1 4 0 168
1 28 0 5 0 1 74
1 28 0 3 1 2 21
1 28 0 1 2 3 6
1 27 6 0 0 1 58
1 27 4 3 0 0 168
1 27 4 1 1 1 148
1 27 2 4 1 0 78
1 27 2 2 2 1 86
1 27 2 0 3 2 193
1 27 1 2 0 4 55
1 27 1 0 1 5 5
1 27 0 5 2 0 57
1 27 0 3 3 1 65
1 27 0 1 4 2 66
1 26 6 0 2 0 73
1 26 5 0 0 3 90
1 26 4 1 3 0 162
1 26 3 3 0 2 141
1 26 3 1 1 3 88
1 26 2 2 4 0 41
1 26 2 0 5 1 165
1 26 1 6 0 1 90
1 26 1 4 1 2 178
1 26 1 2 2 3 71
1 26 1 0 3 4 74
1 26 0 3 5 0 194
1 26 0 2 0 6 169
1 26 0 1 6 1 127
1 26 0 0 1 7 104
1 25 7 1 0 1 70
1 25 5 4 0 0 175
1 25 5 2 1 1 162
1 25 5 0 2 2 58
1 25 4 0 0 5 50
1 25 3 5 1 0 130
1 25 3 3 2 1 59
1 25 3 1 3 2 28
1 25 2 3 0 4 110
1 25 2 1 1 5 123
1 25 2 0 7 0 134
1 25 1 6 2 0 126
1 25 1 4 3 1 69
1 25 1 2 4 2 14
1 25 1 0 5 3 183
1 25 0 6 0 3 144
1 25 0 4 1 4 42
1 25 0 2 2 5 188
1 25 0 1 8 0 64
1 25 0 0 3 6 69
1 24 9 0 1 0 154
1 24 7 1 2 0 25
1 24 6 1 0 3 158
1 24 5 2 3 0 161
1 24 5 0 4 1 160
1 24 4 4 0 2 2
1 24 4 2 1 3 176
1 24 4 0 2 4 161
1 24 3 3 4 0 196
1 24 3 1 5 1 127
1 24 3 0 0 7 174
1 24 2 7 0 1 173
1 24 2 5 1 2 114
1 24 2 3 2 3 84
1 24 2 1 3 4 164
1 24 1 4 5 0 66
1 24 1 3 0 6 158
1 24 1 2 6 1 93
1 24 1 1 1 7 101
1 24 1 0 7 2 158
1 24 0 10 0 0 14
1 24 0 8 1 1 24
1 24 0 6 2 2 110
1 24 0 4 3 3 93
1 24 0 2 4 4 62
1 24 0 0 5 5 79
1 23 8 2 0 1 155
1 23 8 0 1 2 87
1 23 6 5 0 0 150
1 23 6 3 1 1 50
1 23 6 1 2 2 140
1 23 5 1 0 5 114
1 23 5 0 6 0 180
1 23 4 6 1 0 56
1 23 4 4 2 1 132
1 23 4 2 3 2 62
1 23 4 0 4 3 176
1 23 3 4 0 4 129
1 23 3 2 1 5 192
1 23 3 1 7 0 118
1 23 3 0 2 6 193
1 23 2 7 2 0 1
1 23 2 5 3 1 134
1 23 2 3 4 2 59
1 23 2 1 5 3 22
1 23 2 0 0 9 79
1 23 1 7 0 3 70
1 23 1 5 1 4 87
1 23 1 3 2 5 102
1 23 1 2 8 0 88
1 23 1 1 3 6 93
1 23 1 0 9 1 116
1 23 0 8 3 0 176
1 23 0 6 4 1 124
1 23 0 4 5 2 176
1 23 0 3 0 8 8
1 23 0 2 6 3 89
1 23 0 1 1 9 20
1 23 0 0 7 4 26
1 22 12 0 0 0 97
1 22 10 1 1 0 49
1 22 8 2 2 0 59
1 22 8 0 3 1 78
1 22 7 2 0 3 17
1 22 7 0 1 4 185
1 22 6 3 3 0 138
1 22 6 1 4 1 40
1 22 5 5 0 2 35
1 22 5 3 1 3 51
1 22 5 1 2 4 68
1 22 4 4 4 0 158
1 22 4 2 5 1 47
1 22 4 1 0 7 39
1 22 4 0 6 2 76
1 22 3 8 0 1 133
1 22 3 6 1 2 114
1 22 3 4 2 3 126
1 22 3 2 3 4 27
1 22 3 0 4 5 58
1 22 2 5 5 0 29
1 22 2 4 0 6 195
1 22 2 3 6 1 134
1 22 2 2 1 7 125
1 22 2 1 7 2 14
1 22 2 0 2 8 140
1 22 1 11 0 0 36
1 22 1 9 1 1 58
1 22 1 7 2 2 176
1 22 1 5 3 3 7
1 22 1 3 4 4 195
1 22 1 1 5 5 4
1 22 1 0 11 0 186
1 22 1 0 0 11 61
1 22 0 7 0 5 12
1 22 0 6 6 0 37
1 22 0 5 1 6 47
1 22 0 4 7 1 102
1 22 0 3 2 7 111
1 22 0 2 8 2 148
1 22 0 1 3 8 99
1 22 0 0 9 3 53
1 21 11 0 0 2 36
1 21 9 3 0 1 96
1 21 9 1 1 2 196
1 21 8 0 5 0 1
1 21 7 6 0 0 44
1 21 7 4 1 1 112
1 21 7 2 2 2 109
1 21 7 0 3 3 103
1 21 6 2 0 5 145
1 21 6 1 6 0 162
1 21 6 0 1 6 165
1 21 5 7 1 0 181
1 21 5 5 2 1 161
1 21 5 3 3 2 147
1 21 5 1 4 3 56
1 21 4 5 0 4 53
1 21 4 3 1 5 51
1 21 4 2 7 0 148
1 21 4 1 2 6 70
1 21 4 0 8 1 145
1 21 3 8 2 0 50
1 21 3 6 3 1 11
1 21 3 4 4 2 73
1 21 3 2 5 3 24
1 21 3 1 0 9 198
1 21 3 0 6 4 177
1 21 2 8 0 3 141
1 21 2 6 1 4 174
1 21 2 4 2 5 79
1 21 2 3 8 0 101
1 21 2 2 3 6 93
1 21 2 1 9 1 33
1 21 2 0 4 7 179
1 21 1 9 3 0 55
1 21 1 7 4 1 35
1 21 1 5 5 2 156
1 21 1 4 0 8 128
1 21 1 3 6 3 144
1 21 1 2 1 9 52
1 21 1 1 7 4 65
1 21 1 0 2 10 133
1 21 0 11 0 2 66
1 21 0 9 1 3 165
1 21 0 7 2 4 152
1 21 0 5 3 5 168
1 21 0 4 9 0 142
1 21 0 3 4 6 17
1 21 0 2 10 1 100
1 21 0 1 5 7 19
1 21 0 0 11 2 57
1 21 0 0 0 13 101
1 20 13 1 0 0 129
1 20 11 2 1 0 71
1 20 11 0 2 1 108
1 20 10 0 0 4 86
1 20 9 3 2 0 29
1 20 9 1 3 1 127
1 20 8 3 0 3 148
1 20 8 1 1 4 81
1 20 7 4 3 0 99
1 20 7 2 4 1 130
1 20 7 0 5 2 76
1 20 6 6 0 2 23
1 20 6 4 1 3 142
1 20 6 2 2 4 33
1 20 6 0 3 5 126
1 20 5 5 4 0 108
1 20 5 3 5 1 84
1 20 5 2 0 7 26
1 20 5 1 6 2 141
1 20 5 0 1 8 160
1 20 4 9 0 1 69
1 20 4 7 1 2 153
1 20 4 5 2 3 168
1 20 4 3 3 4 82
1 20 4 1 4 5 17
1 20 4 0 10 0 158
1 20 3 6 5 0 57
1 20 3 5 0 6 89
1 20 3 4 6 1 136
1 20 3 3 1 7 158
1 20 3 2 7 2 154
1 20 3 1 2 8 97
1 20 3 0 8 3 97
1 20 2 12 0 0 182
1 20 2 10 1 1 22
1 20 2 8 2 2 158
1 20 2 6 3 3 93
1 20 2 4 4 4 33
1 20 2 2 5 5 150
1 20 2 1 11 0 148
1 20 2 1 0 11 112
1 20 2 0 6 6 133
1 20 1 8 0 5 116
1 20 1 7 6 0 112
1 20 1 5 7 1 153
1 20 1 4 2 7 184
1 20 1 3 8 2 152
1 20 1 2 3 8 61
1 20 1 1 9 3 4
1 20 1 0 4 9 11
1 20 0 13 1 0 127
1 20 0 11 2 1 45
1 20 0 9 3 2 116
1 20 0 7 4 3 109
1 20 0 5 5 4 47
1 20 0 4 0 10 10
1 20 0 3 6 5 42
1 20 0 2 12 0 94
1 20 0 2 1 11 93
1 20 0 1 7 6 108
1 20 0 0 13 1 78
1 20 0 0 2 12 127
1 19 12 1 0 2 142
1 19 11 0 4 0 197
1 19 10 4 0 1 168
1 19 10 2 1 2 184
1 19 10 0 2 3 118
1 19 9 1 5 0 96
1 19 9 0 0 6 87
1 19 8 7 0 0 51
1 19 8 5 1 1 21
1 19 8 3 2 2 175
1 19 8 1 3 3 197
1 19 7 3 0 5 166
1 19 7 2 6 0 58
1 19 7 1 1 6 134
1 19 7 0 7 1 88
1 19 6 8 1 0 133
1 19 6 6 2 1 108
1 19 6 4 3 2 95
1 19 6 2 4 3 176
1 19 6 0 5 4 87
1 19 5 6 0 4 175
1 19 5 4 1 5 161
1 19 5 3 7 0 109
1 19 5 2 2 6 31
1 19 5 1 8 1 130
1 19 5 0 3 7 123
1 19 4 9 2 0 133
1 19 4 7 3 1 137
1 19 4 5 4 2 44
1 19 4 3 5 3 191
1 19 4 2 0 9 175
1 19 4 1 6 4 155
1 19 4 0 1 10 112
1 19 3 9 0 3 57
1 19 3 7 1 4 165
1 19 3 5 2 5 68
1 19 3 4 8 0 196
1 19 3 3 3 6 162
1 19 3 2 9 1 18
1 19 3 1 4 7 40
1 19 3 0 10 2 149
1 19 2 10 3 0 70
1 19 2 8 4 1 56
1 19 2 6 5 2 102
1 19 2 5 0 8 75
1 19 2 4 6 3 193
1 19 2 3 1 9 28
1 19 2 2 7 4 21
1 19 2 1 2 10 155
1 19 2 0 8 5 27
1 19 1 12 0 2 35
1 19 1 10 1 3 37
1 19 1 8 2 4 73
1 19 1 6 3 5 17
1 19 1 5 9 0 54
1 19 1 4 4 6 93
1 19 1 3 10 1 55
1 19 1 2 5 7 34
1 19 1 1 11 2 141
1 19 1 1 0 13 134
1 19 1 0 6 8 163
1 19 0 11 4 0 112
1 19 0 9 5 1 143
1 19 0 8 0 7 59
1 19 0 7 6 2 36
1 19 0 6 1 8 4
1 19 0 5 7 3 77
1 19 0 4 2 9 28
1 19 0 3 8 4 144
1 19 0 2 3 10 175
1 19 0 1 9 5 107
1 19 0 0 15 0 47
1 19 0 0 4 11 10
1 18 14 2 0 0 108
1 18 14 0 1 1 180
1 18 12 3 1 0 114
1 18 12 1 2 1 61
1 18 11 1 0 4 129
1 18 10 4 2 0 10
1 18 10 2 3 1 23
1 18 10 0 4 2 95
1 18 9 4 0 3 63
1 18 9 2 1 4 162
1 18 9 0 2 5 11
1 18 8 5 3 0 33
1 18 8 3 4 1 155
1 18 8 1 5 2 20
1 18 8 0 0 8 54
1 18 7 7 0 2 76
1 18 7 5 1 3 38
1 18 7 3 2 4 164
1 18 7 1 3 5 93
1 18 7 0 9 0 117
1 18 6 6 4 0 36
1 18 6 4 5 1 90
1 18 6 3 0 7 18
1 18 6 2 6 2 150
1 18 6 1 1 8 115
1 18 6 0 7 3 194
1 18 5 10 0 1 1
1 18 5 8 1 2 60
1 18 5 6 2 3 55
1 18 5 4 3 4 8
1 18 5 2 4 5 43
1 18 5 1 10 0 44
1 18 5 0 5 6 23
1 18 4 7 5 0 39
1 18 4 6 0 6 166
1 18 4 5 6 1 136
1 18 4 4 1 7 193
1 18 4 3 7 2 139
1 18 4 2 2 8 68
1 18 4 1 8 3 187
1 18 4 0 3 9 51
1 18 3 13 0 0 121
1 18 3 11 1 1 124
1 18 3 9 2 2 44
1 18 3 7 3 3 66
1 18 3 5 4 4 197
1 18 3 3 5 5 146
1 18 3 2 11 0 99
1 18 3 2 0 11 115
1 18 3 1 6 6 95
1 18 3 0 12 1 164
1 18 3 0 1 12 8
1 18 2 9 0 5 191
1 18 2 8 6 0 132
1 18 2 7 1 6 185
1 18 2 6 7 1 149
1 18 2 5 2 7 181
1 18 2 4 8 2 80
1 18 2 3 3 8 121
1 18 2 2 9 3 64
1 18 2 1 4 9 158
1 18 2 0 10 4 108
1 18 1 14 1 0 143
1 18 1 12 2 1 196
1 18 1 10 3 2 147
1 18 1 8 4 3 14
1 18 1 6 5 4 159
1 18 1 5 0 10 72
1 18 1 4 6 5 102
1 18 1 3 12 0 26
1 18 1 3 1 11 61
1 18 1 2 7 6 111
1 18 1 1 13 1 162
1 18 1 1 2 12 175
1 18 1 0 8 7 198
1 18 0 12 0 4 47
1 18 0 10 1 5 176
1 18 0 9 7 0 150
1 18 0 8 2 6 133
1 18 0 7 8 1 5
1 18 0 6 3 7 22
1 18 0 5 9 2 153
1 18 0 4 4 8 160
1 18 0 3 10 3 10
1 18 0 2 5 9 120
1 18 0 1 11 4 27
1 18 0 1 0 15 12
1 18 0 0 6 10 80
1 17 14 0 3 0 137
1 17 13 2 0 2 83
1 17 13 0 1 3 89
1 17 12 1 4 0 188
1 17 11 5 0 1 145
1 17 11 3 1 2 177
1 17 11 1 2 3 89
1 17 10 2 5 0 45
1 17 10 1 0 6 69
1 17 10 0 6 1 111
1 17 9 8 0 0 145
1 17 9 6 1 1 2
1 17 9 4 2 2 63
1 17 9 2 3 3 97
1 17 9 0 4 4 105
1 17 8 4 0 5 45
1 17 8 3 6 0 73
1 17 8 2 1 6 46
1 17 8 1 7 1 56
1 17 8 0 2 7 194
1 17 7 9 1 0 101
1 17 7 7 2 1 169
1 17 7 5 3 2 89
1 17 7 3 4 3 190
1 17 7 1 5 4 50
1 17 6 7 0 4 36
1 17 6 5 1 5 48
1 17 6 4 7 0 67
1 17 6 3 2 6 39
1 17 6 2 8 1 190
1 17 6 1 3 7 91
1 17 6 0 9 2 177
1 17 5 10 2 0 12
1 17 5 8 3 1 152
1 17 5 6 4 2 26
1 17 5 4 5 3 10
1 17 5 3 0 9 176
1 17 5 2 6 4 47
1 17 5 1 1 10 115
1 17 5 0 7 5 177
1 17 4 10 0 3 71
1 17 4 8 1 4 190
1 17 4 6 2 5 106
1 17 4 5 8 0 8
1 17 4 4 3 6 163
1 17 4 3 9 1 163
1 17 4 2 4 7 104
1 17 4 1 10 2 70
1 17 4 0 5 8 144
1 17 3 11 3 0 89
1 17 3 9 4 1 112
1 17 3 7 5 2 158
1 17 3 6 0 8 28
1 17 3 5 6 3 160
1 17 3 4 1 9 175
1 17 3 3 7 4 177
1 17 3 2 2 10 41
1 17 3 1 8 5 40
1 17 3 0 14 0 60
1 17 3 0 3 11 44
1 17 2 13 0 2 15
1 17 2 11 1 3 136
1 17 2 9 2 4 44
1 17 2 7 3 5 186
1 17 2 6 9 0 107
1 17 2 5 4 6 91
1 17 2 4 10 1 81
1 17 2 3 5 7 85
1 17 2 2 11 2 93
1 17 2 2 0 13 89
1 17 2 1 6 8 36
1 17 2 0 12 3 148
1 17 2 0 1 14 147
1 17 1 12 4 0 172
1 17 1 10 5 1 35
1 17 1 9 0 7 196
1 17 1 8 6 2 67
1 17 1 7 1 8 55
1 17 1 6 7 3 30
1 17 1 5 2 9 160
1 17 1 4 8 4 104
1 17 1 3 3 10 95
1 17 1 2 9 5 98
1 17 1 1 15 0 166
1 17 1 1 4 11 169
1 17 1 0 10 6 3
1 17 0 16 0 1 194
1 17 0 14 1 2 166
1 17 0 12 2 3 103
1 17 0 10 3 4 66
1 17 0 8 4 5 24
1 17 0 7 10 0 182
1 17 0 6 5 6 160
1 17 0 5 11 1 169
1 17 0 5 0 12 4
1 17 0 4 6 7 8
1 17 0 3 12 2 73
1 17 0 3 1 13 136
1 17 0 2 7 8 120
1 17 0 1 13 3 5
1 17 0 1 2 14 151
1 17 0 0 8 9 88
1 16 17 0 0 1 75
1 16 15 3 0 0 153
1 16 15 1 1 1 64
1 16 13 4 1 0 198
1 16 13 2 2 1 164
1 16 13 0 3 2 169
1 16 12 2 0 4 12
1 16 12 0 1 5 189
1 16 11 5 2 0 16
1 16 11 3 3 1 8
1 16 11 1 4 2 167
1 16 10 5 0 3 192
1 16 10 3 1 4 77
1 16 10 1 2 5 107
1 16 10 0 8 0 19
1 16 9 6 3 0 112
1 16 9 4 4 1 193
1 16 9 2 5 2 190
1 16 9 1 0 8 112
1 16 9 0 6 3 118
1 16 8 8 0 2 63
1 16 8 6 1 3 105
1 16 8 4 2 4 92
1 16 8 2 3 5 130
1 16 8 1 9 0 7
1 16 8 0 4 6 46
1 16 7 7 4 0 119
1 16 7 5 5 1 90
1 16 7 4 0 7 189
1 16 7 3 6 2 194
1 16 7 2 1 8 29
1 16 7 1 7 3 112
1 16 7 0 2 9 52
1 16 6 11 0 1 157
1 16 6 9 1 2 56
1 16 6 7 2 3 17
1 16 6 5 3 4 8
1 16 6 3 4 5 7
1 16 6 2 10 0 189
1 16 6 1 5 6 10
1 16 6 0 11 1 99
1 16 6 0 0 12 75
1 16 5 8 5 0 163
1 16 5 7 0 6 177
1 16 5 6 6 1 187
1 16 5 5 1 7 40
1 16 5 4 7 2 167
1 16 5 3 2 8 12
1 16 5 2 8 3 97
1 16 5 1 3 9 156
1 16 5 0 9 4 154
1 16 4 14 0 0 27
1 16 4 12 1 1 143
1 16 4 10 2 2 176
1 16 4 8 3 3 77
1 16 4 6 4 4 95
1 16 4 4 5 5 187
1 16 4 3 11 0 13
1 16 4 3 0 11 91
1 16 4 2 6 6 15
1 16 4 1 12 1 155
1 16 4 1 1 12 131
1 16 4 0 7 7 147
1 16 3 10 0 5 173
1 16 3 9 6 0 112
1 16 3 8 1 6 132
1 16 3 7 7 1 110
1 16 3 6 2 7 194
1 16 3 5 8 2 115
1 16 3 4 3 8 129
1 16 3 3 9 3 172
1 16 3 2 4 9 54
1 16 3 1 10 4 164
1 16 3 0 5 10 108
1 16 2 15 1 0 118
1 16 2 13 2 1 100
1 16 2 11 3 2 149
1 16 2 7 5 4 85
1 16 2 6 0 10 189
1 16 2 5 6 5 32
1 16 2 4 12 0 129
1 16 2 4 1 11 158
1 16 2 3 7 6 33
1 16 2 2 13 1 55
1 16 2 2 2 12 166
1 16 2 1 8 7 180
1 16 2 0 14 2 180
1 16 2 0 3 13 24
1 16 1 13 0 4 116
1 16 1 11 1 5 37
1 16 1 10 7 0 89
1 16 1 9 2 6 120
1 16 1 8 8 1 114
1 16 1 7 3 7 62
1 16 1 6 9 2 173
1 16 1 5 4 8 157
1 16 1 4 10 3 103
1 16 1 3 5 9 10
1 16 1 2 11 4 90
1 16 1 2 0 15 158
1 16 1 1 6 10 140
1 16 1 0 12 5 13
1 16 1 0 1 16 77
1 16 0 16 2 0 65
1 16 0 14 3 1 190
1 16 0 12 4 2 47
1 16 0 10 5 3 174
1 16 0 9 0 9 88
1 16 0 8 6 4 180
1 16 0 7 1 10 88
1 16 0 6 7 5 97
1 16 0 5 13 0 151
1 16 0 5 2 11 173
1 16 0 4 8 6 165
1 16 0 3 14 1 68
1 16 0 3 3 12 102
1 16 0 2 9 7 113
1 16 0 1 15 2 87
1 16 0 1 4 13 114
1 16 0 0 10 8 119
1 15 17 0 2 0 139
1 15 16 0 0 3 87
1 15 15 1 3 0 10
1 15 14 3 0 2 177
1 15 14 1 1 3 64
1 15 13 2 4 0 92
1 15 13 0 5 1 124
1 15 12 6 0 1 195
1 15 12 4 1 2 27
1 15 12 2 2 3 91
1 15 12 0 3 4 40
1 15 11 3 5 0 60
1 15 11 2 0 6 108
1 15 11 1 6 1 59
1 15 11 0 1 7 198
1 15 10 9 0 0 180
1 15 10 7 1 1 170
1 15 10 5 2 2 45
1 15 10 3 3 3 31
1 15 10 1 4 4 124
1 15 9 5 0 5 42
1 15 9 4 6 0 80
1 15 9 3 1 6 103
1 15 9 2 7 1 141
1 15 9 1 2 7 155
1 15 9 0 8 2 64
1 15 8 10 1 0 19
1 15 8 8 2 1 149
1 15 8 6 3 2 73
1 15 8 4 4 3 185
1 15 8 2 5 4 160
1 15 8 1 0 10 69
1 15 8 0 6 5 164
1 15 7 8 0 4 136
1 15 7 6 1 5 89
1 15 7 5 7 0 36
1 15 7 4 2 6 15
1 15 7 3 8 1 54
1 15 7 2 3 7 10
1 15 7 1 9 2 121
1 15 7 0 4 8 147
1 15 6 11 2 0 29
1 15 6 9 3 1 197
1 15 6 7 4 2 52
1 15 6 5 5 3 5
1 15 6 4 0 9 36
1 15 6 3 6 4 31
1 15 6 2 1 10 138
1 15 6 1 7 5 9
1 15 6 0 13 0 171
1 15 6 0 2 11 142
1 15 5 11 0 3 65
1 15 5 9 1 4 77
1 15 5 7 2 5 82
1 15 5 6 8 0 155
1 15 5 5 3 6 127
1 15 5 4 9 1 86
1 15 5 3 4 7 119
1 15 5 2 10 2 168
1 15 5 1 5 8 114
1 15 5 0 11 3 25
1 15 5 0 0 14 131
1 15 4 12 3 0 106
1 15 4 10 4 1 36
1 15 4 8 5 2 57
1 15 4 7 0 8 88
1 15 4 6 6 3 44
1 15 4 5 1 9 89
1 15 4 4 7 4 187
1 15 4 3 2 10 60
1 15 4 2 8 5 134
1 15 4 1 14 0 136
1 15 4 1 3 11 126
1 15 4 0 9 6 172
1 15 3 14 0 2 94
1 15 3 12 1 3 168
1 15 3 10 2 4 194
1 15 3 8 3 5 146
1 15 3 7 9 0 85
1 15 3 6 4 6 86
1 15 3 5 10 1 94
1 15 3 4 5 7 42
1 15 3 3 11 2 196
1 15 3 3 0 13 145
1 15 3 2 6 8 147
1 15 3 1 12 3 152
1 15 3 1 1 14 80
1 15 3 0 7 9 57
1 15 2 13 4 0 14
1 15 2 11 5 1 21
1 15 2 10 0 7 14
1 15 2 9 6 2 55
1 15 2 8 1 8 27
1 15 2 7 7 3 5
1 15 2 6 2 9 53
1 15 2 5 8 4 192
1 15 2 4 3 10 124
1 15 2 3 9 5 158
1 15 2 2 15 0 6
1 15 2 2 4 11 49
1 15 2 1 10 6 184
1 15 2 0 16 1 113
1 15 2 0 5 12 94
1 15 1 17 0 1 187
1 15 1 15 1 2 72
1 15 1 13 2 3 15
1 15 1 11 3 4 84
1 15 1 9 4 5 68
1 15 1 8 10 0 157
1 15 1 7 5 6 126
1 15 1 6 11 1 89
1 15 1 6 0 12 103
1 15 1 5 6 7 131
1 15 1 4 12 2 5
1 15 1 4 1 13 55
1 15 1 3 7 8 22
1 15 1 2 13 3 192
1 15 1 2 2 14 106
1 15 1 1 8 9 66
1 15 1 0 14 4 88
1 15 1 0 3 15 11
1 15 0 14 5 0 83
1 15 0 13 0 6 108
1 15 0 12 6 1 53
1 15 0 11 1 7 39
1 15 0 10 7 2 94
1 15 0 9 2 8 87
1 15 0 8 8 3 72
1 15 0 7 3 9 86
1 15 0 6 9 4 190
1 15 0 5 4 10 79
1 15 0 4 10 5 198
1 15 0 3 16 0 92
1 15 0 3 5 11 93
1 15 0 2 11 6 37
1 15 0 2 0 17 47
1 15 0 1 17 1 63
1 15 0 1 6 12 146
1 15 0 0 12 7 95
1 15 0 0 1 18 90
1 14 18 1 0 1 71
1 14 16 4 0 0 81
1 14 16 2 1 1 43
1 14 16 0 2 2 6
1 14 15 0 0 5 28
1 14 14 5 1 0 1
1 14 14 3 2 1 170
1 14 14 1 3 2 148
1 14 13 3 0 4 160
1 14 13 1 1 5 154
1 14 13 0 7 0 145
1 14 12 6 2 0 112
1 14 12 4 3 1 137
1 14 12 2 4 2 24
1 14 12 0 5 3 108
1 14 11 6 0 3 153
1 14 11 4 1 4 50
1 14 11 2 2 5 72
1 14 11 1 8 0 104
1 14 11 0 3 6 34
1 14 10 7 3 0 172
1 14 10 5 4 1 151
1 14 10 3 5 2 84
1 14 10 2 0 8 26
1 14 10 1 6 3 164
1 14 10 0 1 9 179
1 14 9 9 0 2 76
1 14 9 7 1 3 152
1 14 9 5 2 4 82
1 14 9 3 3 5 28
1 14 9 2 9 0 99
1 14 9 1 4 6 144
1 14 9 0 10 1 149
1 14 8 8 4 0 173
1 14 8 6 5 1 39
1 14 8 5 0 7 123
1 14 8 4 6 2 107
1 14 8 3 1 8 88
1 14 8 2 7 3 138
1 14 8 1 2 9 137
1 14 8 0 8 4 121
1 14 7 12 0 1 27
1 14 7 10 1 2 66
1 14 7 8 2 3 193
1 14 7 6 3 4 24
1 14 7 4 4 5 81
1 14 7 3 10 0 93
1 14 7 2 5 6 98
1 14 7 1 11 1 138
1 14 7 1 0 12 76
1 14 7 0 6 7 129
1 14 6 9 5 0 159
1 14 6 8 0 6 127
1 14 6 7 6 1 37
1 14 6 6 1 7 39
1 14 6 5 7 2 155
1 14 6 4 2 8 47
1 14 6 3 8 3 71
1 14 6 2 3 9 112
1 14 6 1 9 4 62
1 14 6 0 4 10 191
1 14 5 15 0 0 140
1 14 5 13 1 1 22
1 14 5 11 2 2 124
1 14 5 9 3 3 99
1 14 5 7 4 4 32
1 14 5 5 5 5 197
1 14 5 4 11 0 46
1 14 5 4 0 11 131
1 14 5 3 6 6 187
1 14 5 2 12 1 20
1 14 5 2 1 12 129
1 14 5 1 7 7 30
1 14 5 0 13 2 98
1 14 5 0 2 13 101
1 14 4 11 0 5 75
1 14 4 10 6 0 30
1 14 4 9 1 6 3
1 14 4 8 7 1 52
1 14 4 7 2 7 184
1 14 4 6 8 2 4
1 14 4 5 3 8 28
1 14 4 4 9 3 51
1 14 4 3 4 9 9
1 14 4 2 10 4 119
1 14 4 1 5 10 41
1 14 4 0 11 5 154
1 14 4 0 0 16 189
1 14 3 16 1 0 87
1 14 3 14 2 1 185
1 14 3 12 3 2 98
1 14 3 10 4 3 117
1 14 3 8 5 4 23
1 14 3 7 0 10 104
1 14 3 6 6 5 78
1 14 3 5 12 0 69
1 14 3 5 1 11 15
1 14 3 4 7 6 73
1 14 3 3 13 1 152
1 14 3 3 2 12 6
1 14 3 2 8 7 41
1 14 3 1 14 2 28
1 14 3 1 3 13 75
1 14 3 0 9 8 39
1 14 2 14 0 4 95
1 14 2 12 1 5 191
1 14 2 11 7 0 178
1 14 2 10 2 6 12
1 14 2 9 8 1 119
1 14 2 8 3 7 139
1 14 2 7 9 2 8
1 14 2 6 4 8 60
1 14 2 5 10 3 6
1 14 2 4 5 9 114
1 14 2 3 11 4 33
1 14 2 3 0 15 62
1 14 2 2 6 10 5
1 14 2 1 12 5 9
1 14 2 1 1 16 9
1 14 2 0 18 0 74
1 14 2 0 7 11 94
1 14 1 17 2 0 79
1 14 1 15 3 1 195
1 14 1 13 4 2 64
1 14 1 11 5 3 30
1 14 1 10 0 9 93
1 14 1 9 6 4 148
1 14 1 8 1 10 91
1 14 1 7 7 5 24
1 14 1 6 13 0 46
1 14 1 6 2 11 130
1 14 1 5 8 6 65
1 14 1 4 14 1 172
1 14 1 4 3 12 187
1 14 1 3 9 7 39
1 14 1 2 15 2 87
1 14 1 2 4 13 142
1 14 1 1 10 8 181
1 14 1 0 16 3 193
1 14 1 0 5 14 53
1 14 0 17 0 3 179
1 14 0 15 1 4 55
1 14 0 13 2 5 115
1 14 0 12 8 0 55
1 14 0 11 3 6 57
1 14 0 10 9 1 47
1 14 0 9 4 7 42
1 14 0 8 10 2 156
1 14 0 7 5 8 174
1 14 0 6 11 3 53
1 14 0 6 0 14 47
1 14 0 5 6 9 60
1 14 0 4 12 4 5
1 14 0 4 1 15 196
1 14 0 3 7 10 10
1 14 0 2 13 5 163
1 14 0 2 2 16 168
1 14 0 1 19 0 84
1 14 0 1 8 11 33
1 14 0 0 14 6 156
1 14 0 0 3 17 157
1 13 20 0 1 0 24
1 13 18 1 2 0 104
1 13 17 1 0 3 58
1 13 16 2 3 0 119
1 13 16 0 4 1 97
1 13 15 4 0 2 73
1 13 15 2 1 3 180
1 13 15 0 2 4 122
1 13 14 3 4 0 170
1 13 14 1 5 1 189
1 13 14 0 0 7 83
1 13 13 7 0 1 97
1 13 13 5 1 2 150
1 13 13 3 2 3 159
1 13 13 1 3 4 181
1 13 12 4 5 0 41
1 13 12 3 0 6 122
1 13 12 2 6 1 33
1 13 12 1 1 7 123
1 13 12 0 7 2 89
1 13 11 10 0 0 83
1 13 11 8 1 1 163
1 13 11 6 2 2 108
1 13 11 4 3 3 77
1 13 11 2 4 4 138
1 13 11 0 5 5 32
1 13 10 6 0 5 126
1 13 10 5 6 0 23
1 13 10 4 1 6 175
1 13 10 3 7 1 79
1 13 10 2 2 7 153
1 13 10 1 8 2 90
1 13 10 0 3 8 39
1 13 9 11 1 0 195
1 13 9 9 2 1 33
1 13 9 7 3 2 129
1 13 9 5 4 3 63
1 13 9 3 5 4 44
1 13 9 2 0 10 112
1 13 9 1 6 5 91
1 13 9 0 12 0 37
1 13 9 0 1 11 158
1 13 8 9 0 4 164
1 13 8 7 1 5 119
1 13 8 6 7 0 185
1 13 8 5 2 6 69
1 13 8 4 8 1 70
1 13 8 3 3 7 151
1 13 8 2 9 2 25
1 13 8 1 4 8 173
1 13 8 0 10 3 51
1 13 7 12 2 0 148
1 13 7 10 3 1 9
1 13 7 8 4 2 23
1 13 7 6 5 3 178
1 13 7 5 0 9 39
1 13 7 4 6 4 118
1 13 7 3 1 10 12
1 13 7 2 7 5 99
1 13 7 1 13 0 148
1 13 7 1 2 11 163
1 13 7 0 8 6 56
1 13 6 12 0 3 117
1 13 6 10 1 4 80
1 13 6 8 2 5 95
1 13 6 7 8 0 195
1 13 6 6 3 6 93
1 13 6 5 9 1 74
1 13 6 4 4 7 154
1 13 6 3 10 2 143
1 13 6 2 5 8 191
1 13 6 1 11 3 135
1 13 6 1 0 14 110
1 13 6 0 6 9 157
1 13 5 13 3 0 175
1 13 5 11 4 1 190
1 13 5 9 5 2 83
1 13 5 8 0 8 42
1 13 5 7 6 3 139
1 13 5 6 1 9 179
1 13 5 5 7 4 130
1 13 5 4 2 10 134
1 13 5 3 8 5 34
1 13 5 2 14 0 146
1 13 5 1 9 6 161
1 13 5 0 15 1 101
1 13 5 0 4 12 69
1 13 4 15 0 2 35
1 13 4 13 1 3 158
1 13 4 11 2 4 89
1 13 4 9 3 5 3
1 13 4 8 9 0 6
1 13 4 7 4 6 191
1 13 4 6 10 1 135
1 13 4 5 5 7 121
1 13 4 4 11 2 165
1 13 4 4 0 13 127
1 13 4 3 6 8 55
1 13 4 2 12 3 127
1 13 4 2 1 14 20
1 13 4 1 7 9 106
1 13 4 0 13 4 151
1 13 4 0 2 15 173
1 13 3 14 4 0 82
1 13 3 12 5 1 99
1 13 3 11 0 7 93
1 13 3 10 6 2 53
1 13 3 9 1 8 123
1 13 3 8 7 3 138
1 13 3 7 2 9 133
1 13 3 6 8 4 162
1 13 3 4 9 5 160
1 13 3 3 15 0 39
1 13 3 3 4 11 135
1 13 3 2 10 6 34
1 13 3 1 16 1 63
1 13 3 1 5 12 86
1 13 3 0 11 7 86
1 13 3 0 0 18 137
1 13 2 18 0 1 146
1 13 2 16 1 2 53
1 13 2 14 2 3 75
1 13 2 12 3 4 69
1 13 2 10 4 5 47
1 13 2 9 10 0 40
1 13 2 8 5 6 176
1 13 2 7 11 1 78
1 13 2 7 0 12 85
1 13 2 6 6 7 135
1 13 2 5 12 2 142
1 13 2 5 1 13 163
1 13 2 4 7 8 168
1 13 2 3 13 3 18
1 13 2 3 2 14 144
1 13 2 2 8 9 121
1 13 2 1 14 4 195
1 13 2 1 3 15 96
1 13 2 0 9 10 124
1 13 1 15 5 0 124
1 13 1 14 0 6 121
1 13 1 13 6 1 195
1 13 1 12 1 7 88
1 13 1 11 7 2 135
1 13 1 10 2 8 194
1 13 1 9 8 3 67
1 13 1 8 3 9 90
1 13 1 7 9 4 168
1 13 1 6 4 10 176
1 13 1 5 10 5 86
1 13 1 4 16 0 135
1 13 1 4 5 11 51
1 13 1 3 11 6 180
1 13 1 3 0 17 101
1 13 1 2 17 1 166
1 13 1 2 6 12 181
1 13 1 1 12 7 96
1 13 1 1 1 18 24
1 13 1 0 18 2 184
1 13 1 0 7 13 49
1 13 0 21 0 0 24
1 13 0 19 1 1 1
1 13 0 17 2 2 150
1 13 0 15 3 3 119
1 13 0 13 4 4 10
1 13 0 11 5 5 80
1 13 0 10 11 0 71
1 13 0 10 0 11 92
1 13 0 9 6 6 10
1 13 0 8 12 1 45
1 13 0 8 1 12 111
1 13 0 7 7 7 100
1 13 0 6 13 2 167
1 13 0 6 2 13 25
1 13 0 5 8 8 100
1 13 0 4 14 3 17
1 13 0 4 3 14 108
1 13 0 3 9 9 123
1 13 0 2 15 4 124
1 13 0 2 4 15 164
1 13 0 1 10 10 82
1 13 0 0 16 5 9
1 13 0 0 5 16 133
1 12 19 2 0 1 34
1 12 19 0 1 2 127
1 12 17 5 0 0 40
1 12 17 3 1 1 197
1 12 17 1 2 2 171
1 12 16 1 0 5 152
1 12 16 0 6 0 149
1 12 15 6 1 0 87
1 12 15 4 2 1 75
1 12 15 2 3 2 63
1 12 15 0 4 3 151
1 12 14 4 0 4 193
1 12 14 2 1 5 38
1 12 14 1 7 0 104
1 12 14 0 2 6 75
1 12 13 7 2 0 102
1 12 13 5 3 1 150
1 12 13 3 4 2 26
1 12 13 1 5 3 9
1 12 13 0 0 9 87
1 12 12 7 0 3 50
1 12 12 5 1 4 108
1 12 12 3 2 5 14
1 12 12 2 8 0 110
1 12 12 1 3 6 83
1 12 12 0 9 1 107
1 12 11 8 3 0 45
1 12 11 6 4 1 118
1 12 11 4 5 2 4
1 12 11 3 0 8 188
1 12 11 2 6 3 88
1 12 11 1 1 9 24
1 12 11 0 7 4 191
1 12 10 10 0 2 175
1 12 10 8 1 3 167
1 12 10 6 2 4 145
1 12 10 4 3 5 66
1 12 10 3 9 0 111
1 12 10 2 4 6 47
1 12 10 1 10 1 116
1 12 10 0 5 7 166
1 12 9 9 4 0 31
1 12 9 7 5 1 6
1 12 9 6 0 7 54
1 12 9 5 6 2 186
1 12 9 4 1 8 71
1 12 9 3 7 3 144
1 12 9 2 2 9 193
1 12 9 1 8 4 188
1 12 9 0 3 10 146
1 12 8 13 0 1 110
1 12 8 11 1 2 86
1 12 8 9 2 3 110
1 12 8 7 3 4 162
1 12 8 5 4 5 136
1 12 8 4 10 0 185
1 12 8 3 5 6 196
1 12 8 2 11 1 141
1 12 8 2 0 12 188
1 12 8 1 6 7 71
1 12 8 0 12 2 107
1 12 8 0 1 13 15
1 12 7 10 5 0 66
1 12 7 9 0 6 167
1 12 7 8 6 1 153
1 12 7 7 1 7 72
1 12 7 6 7 2 58
1 12 7 5 2 8 52
1 12 7 4 8 3 110
1 12 7 3 3 9 115
1 12 7 2 9 4 168
1 12 7 1 4 10 109
1 12 7 0 10 5 20
1 12 6 16 0 0 148
1 12 6 14 1 1 2
1 12 6 12 2 2 134
1 12 6 10 3 3 118
1 12 6 8 4 4 98
1 12 6 6 5 5 68
1 12 6 5 11 0 139
1 12 6 5 0 11 168
1 12 6 4 6 6 150
1 12 6 3 12 1 104
1 12 6 3 1 12 185
1 12 6 2 7 7 137
1 12 6 1 13 2 140
1 12 6 1 2 13 128
1 12 6 0 8 8 88
1 12 5 12 0 5 43
1 12 5 11 6 0 93
1 12 5 10 1 6 143
1 12 5 9 7 1 135
1 12 5 8 2 7 160
1 12 5 7 8 2 79
1 12 5 6 3 8 110
1 12 5 5 9 3 13
1 12 5 4 4 9 55
1 12 5 3 10 4 40
1 12 5 2 5 10 75
1 12 5 1 11 5 30
1 12 5 1 0 16 80
1 12 5 0 17 0 190
1 12 5 0 6 11 71
1 12 4 17 1 0 80
1 12 4 15 2 1 148
1 12 4 13 3 2 113
1 12 4 11 4 3 86
1 12 4 9 5 4 113
1 12 4 8 0 10 27
1 12 4 7 6 5 135
1 12 4 6 12 0 68
1 12 4 6 1 11 81
1 12 4 5 7 6 145
1 12 4 4 13 1 198
1 12 4 4 2 12 190
1 12 4 3 8 7 106
1 12 4 2 14 2 167
1 12 4 2 3 13 9
1 12 4 1 9 8 110
1 12 4 0 15 3 198
1 12 4 0 4 14 38
1 12 3 15 0 4 49
1 12 3 13 1 5 111
1 12 3 12 7 0 51
1 12 3 11 2 6 12
1 12 3 10 8 1 116
1 12 3 9 3 7 72
1 12 3 8 9 2 116
1 12 3 7 4 8 105
1 12 3 6 10 3 50
1 12 3 5 5 9 75
1 12 3 4 11 4 55
1 12 3 4 0 15 36
1 12 3 3 6 10 145
1 12 3 2 12 5 100
1 12 3 2 1 16 30
1 12 3 1 18 0 64
1 12 3 0 13 6 110
1 12 3 0 2 17 63
1 12 2 18 2 0 87
1 12 2 16 3 1 158
1 12 2 14 4 2 162
1 12 2 12 5 3 187
1 12 2 11 0 9 35
1 12 2 10 6 4 94
1 12 2 9 1 10 76
1 12 2 8 7 5 60
1 12 2 7 13 0 33
1 12 2 7 2 11 7
1 12 2 6 8 6 174
1 12 2 5 14 1 26
1 12 2 5 3 12 135
1 12 2 4 9 7 69
1 12 2 3 15 2 107
1 12 2 3 4 13 118
1 12 2 2 10 8 82
1 12 2 1 16 3 146
1 12 2 1 5 14 158
1 12 2 0 11 9 149
1 12 2 0 0 20 179
1 12 1 18 0 3 21
1 12 1 16 1 4 188
1 12 1 14 2 5 42
1 12 1 13 8 0 109
1 12 1 12 3 6 129
1 12 1 11 9 1 123
1 12 1 10 4 7 13
1 12 1 9 10 2 101
1 12 1 8 5 8 133
1 12 1 7 11 3 155
1 12 1 7 0 14 111
1 12 1 6 6 9 195
1 12 1 5 12 4 84
1 12 1 5 1 15 42
1 12 1 4 7 10 116
1 12 1 3 13 5 126
1 12 1 3 2 16 149
1 12 1 2 19 0 159
1 12 1 2 8 11 34
1 12 1 1 14 6 151
1 12 1 1 3 17 15
1 12 1 0 20 1 59
1 12 1 0 9 12 77
1 12 0 19 3 0 150
1 12 0 17 4 1 8
1 12 0 15 5 2 21
1 12 0 14 0 8 172
1 12 0 13 6 3 36
1 12 0 12 1 9 150
1 12 0 11 7 4 120
1 12 0 10 2 10 76
1 12 0 9 8 5 111
1 12 0 8 14 0 17
1 12 0 8 3 11 142
1 12 0 7 9 6 182
1 12 0 6 15 1 1
1 12 0 6 4 12 146
1 12 0 5 10 7 30
1 12 0 4 16 2 24
1 12 0 4 5 13 187
1 12 0 3 11 8 1
1 12 0 3 0 19 129
1 12 0 2 17 3 112
1 12 0 2 6 14 63
1 12 0 1 12 9 143
1 12 0 1 1 20 147
1 12 0 0 18 4 152
1 12 0 0 7 15 97
1 11 23 0 0 0 117
1 11 21 1 1 0 75
1 11 19 2 2 0 14
1 11 19 0 3 1 188
1 11 18 2 0 3 171
1 11 18 0 1 4 14
1 11 17 3 3 0 27
1 11 17 1 4 1 68
1 11 16 5 0 2 93
1 11 16 3 1 3 31
1 11 16 1 2 4 89
1 11 15 4 4 0 160
1 11 15 2 5 1 12
1 11 15 1 0 7 6
1 11 15 0 6 2 81
1 11 14 8 0 1 145
1 11 14 6 1 2 107
1 11 14 4 2 3 164
1 11 14 2 3 4 146
1 11 14 0 4 5 72
1 11 13 5 5 0 103
1 11 13 4 0 6 115
1 11 13 3 6 1 133
1 11 13 2 1 7 117
1 11 13 1 7 2 198
1 11 13 0 2 8 93
1 11 12 11 0 0 49
1 11 12 9 1 1 109
1 11 12 7 2 2 50
1 11 12 5 3 3 121
1 11 12 3 4 4 88
1 11 12 1 5 5 125
1 11 12 0 11 0 8
1 11 12 0 0 11 52
1 11 11 7 0 5 53
1 11 11 6 6 0 61
1 11 11 5 1 6 142
1 11 11 4 7 1 144
1 11 11 3 2 7 26
1 11 11 2 8 2 85
1 11 11 1 3 8 2
1 11 11 0 9 3 142
1 11 10 12 1 0 143
1 11 10 10 2 1 71
1 11 10 8 3 2 15
1 11 10 6 4 3 24
1 11 10 4 5 4 126
1 11 10 3 0 10 189
1 11 10 2 6 5 95
1 11 10 1 12 0 113
1 11 10 1 1 11 40
1 11 10 0 7 6 101
1 11 9 10 0 4 19
1 11 9 8 1 5 132
1 11 9 7 7 0 106
1 11 9 6 2 6 77
1 11 9 5 8 1 36
1 11 9 4 3 7 110
1 11 9 3 9 2 173
1 11 9 2 4 8 138
1 11 9 1 10 3 137
1 11 9 0 5 9 10
1 11 8 13 2 0 47
1 11 8 11 3 1 84
1 11 8 9 4 2 156
1 11 8 7 5 3 120
1 11 8 6 0 9 192
1 11 8 5 6 4 130
1 11 8 4 1 10 37
1 11 8 3 7 5 25
1 11 8 2 13 0 149
1 11 8 2 2 11 134
1 11 8 1 8 6 41
1 11 8 0 14 1 184
1 11 8 0 3 12 109
1 11 7 11 1 4 182
1 11 7 9 2 5 67
1 11 7 8 8 0 197
1 11 7 7 3 6 143
1 11 7 6 9 1 46
1 11 7 5 4 7 137
1 11 7 4 10 2 88
1 11 7 3 5 8 120
1 11 7 2 11 3 76
1 11 7 2 0 14 142
1 11 7 1 6 9 11
1 11 7 0 12 4 98
1 11 7 0 1 15 85
1 11 6 14 3 0 41
1 11 6 12 4 1 60
1 11 6 10 5 2 11
1 11 6 9 0 8 20
1 11 6 8 6 3 135
1 11 6 7 1 9 52
1 11 6 6 7 4 31
1 11 6 5 2 10 69
1 11 6 4 8 5 153
1 11 6 3 14 0 107
1 11 6 3 3 11 164
1 11 6 2 9 6 49
1 11 6 1 15 1 80
1 11 6 1 4 12 99
1 11 6 0 10 7 99
1 11 5 16 0 2 89
1 11 5 14 1 3 8
1 11 5 12 2 4 191
1 11 5 10 3 5 52
1 11 5 9 9 0 163
1 11 5 8 4 6 9
1 11 5 7 10 1 29
1 11 5 6 5 7 176
1 11 5 5 11 2 74
1 11 5 5 0 13 60
1 11 5 4 6 8 184
1 11 5 3 12 3 76
1 11 5 3 1 14 132
1 11 5 2 7 9 191
1 11 5 1 13 4 108
1 11 5 1 2 15 116
1 11 5 0 8 10 127
1 11 4 15 4 0 60
1 11 4 13 5 1 40
1 11 4 12 0 7 72
1 11 4 11 6 2 146
1 11 4 10 1 8 195
1 11 4 9 7 3 25
1 11 4 8 2 9 6
1 11 4 7 8 4 89
1 11 4 6 3 10 193
1 11 4 5 9 5 137
1 11 4 4 15 0 148
1 11 4 4 4 11 187
1 11 4 3 10 6 172
1 11 4 2 16 1 154
1 11 4 2 5 12 128
1 11 4 1 11 7 155
1 11 4 1 0 18 125
1 11 4 0 17 2 142
1 11 4 0 6 13 46
1 11 3 19 0 1 127
1 11 3 17 1 2 126
1 11 3 15 2 3 143
1 11 3 13 3 4 175
1 11 3 11 4 5 142
1 11 3 10 10 0 91
1 11 3 9 5 6 99
1 11 3 8 11 1 20
1 11 3 8 0 12 93
1 11 3 7 6 7 16
1 11 3 6 12 2 80
1 11 3 6 1 13 192
1 11 3 5 7 8 150
1 11 3 4 13 3 40
1 11 3 4 2 14 157
1 11 3 3 8 9 170
1 11 3 2 14 4 158
1 11 3 2 3 15 125
1 11 3 1 9 10 25
1 11 3 0 15 5 179
1 11 3 0 4 16 97
1 11 2 16 5 0 197
1 11 2 15 0 6 1
1 11 2 14 6 1 65
1 11 2 13 1 7 24
1 11 2 12 7 2 101
1 11 2 11 2 8 174
1 11 2 10 8 3 122
1 11 2 9 3 9 109
1 11 2 8 9 4 72
1 11 2 7 4 10 19
1 11 2 6 10 5 150
1 11 2 5 16 0 105
1 11 2 5 5 11 44
1 11 2 4 11 6 82
1 11 2 4 0 17 59
1 11 2 3 17 1 14
1 11 2 3 6 12 143
1 11 2 2 12 7 76
1 11 2 2 1 18 132
1 11 2 1 18 2 7
1 11 2 1 7 13 45
1 11 2 0 13 8 67
1 11 2 0 2 19 7
1 11 1 22 0 0 183
1 11 1 20 1 1 8
1 11 1 18 2 2 194
1 11 1 16 3 3 148
1 11 1 14 4 4 172
1 11 1 12 5 5 52
1 11 1 11 11 0 95
1 11 1 11 0 11 72
1 11 1 9 12 1 139
1 11 1 9 1 12 64
1 11 1 8 7 7 151
1 11 1 7 13 2 126
1 11 1 7 2 13 75
1 11 1 6 8 8 182
1 11 1 5 3 14 141
1 11 1 4 9 9 179
1 11 1 3 15 4 6
1 11 1 3 4 15 49
1 11 1 2 10 10 179
1 11 1 1 16 5 4
1 11 1 1 5 16 92
1 11 1 0 22 0 193
1 11 1 0 11 11 95
1 11 1 0 0 22 65
1 11 0 18 0 5 164
1 11 0 17 6 0 185
1 11 0 16 1 6 50
1 11 0 15 7 1 171
1 11 0 14 2 7 181
1 11 0 13 8 2 73
1 11 0 12 3 8 173
1 11 0 11 9 3 74
1 11 0 10 4 9 51
1 11 0 9 10 4 196
1 11 0 8 5 10 96
1 11 0 7 11 5 100
1 11 0 7 0 16 87
1 11 0 6 17 0 98
1 11 0 6 6 11 75
1 11 0 5 12 6 163
1 11 0 5 1 17 68
1 11 0 4 18 1 171
1 11 0 4 7 12 38
1 11 0 3 13 7 23
1 11 0 3 2 18 73
1 11 0 2 19 2 66
1 11 0 2 8 13 110
1 11 0 1 14 8 153
1 11 0 1 3 19 82
1 11 0 0 20 3 85
1 11 0 0 9 14 141
1 10 22 0 0 2 173
1 10 20 3 0 1 49
1 10 20 1 1 2 69
1 10 19 0 5 0 7
1 10 18 6 0 0 14
1 10 18 4 1 1 148
1 10 18 2 2 2 155
1 10 18 0 3 3 170
1 10 17 2 0 5 43
1 10 17 1 6 0 168
1 10 17 0 1 6 2
1 10 16 7 1 0 67
1 10 16 5 2 1 165
1 10 16 3 3 2 172
1 10 16 1 4 3 69
1 10 15 5 0 4 173
1 10 15 3 1 5 121
1 10 15 2 7 0 186
1 10 15 1 2 6 5
1 10 15 0 8 1 57
1 10 14 8 2 0 107
1 10 14 6 3 1 112
1 10 14 4 4 2 112
1 10 14 2 5 3 159
1 10 14 1 0 9 39
1 10 14 0 6 4 192
1 10 13 8 0 3 26
1 10 13 6 1 4 179
1 10 13 4 2 5 24
1 10 13 3 8 0 148
1 10 13 2 3 6 151
1 10 13 1 9 1 162
1 10 13 0 4 7 132
1 10 12 9 3 0 42
1 10 12 7 4 1 89
1 10 12 5 5 2 111
1 10 12 4 0 8 54
1 10 12 3 6 3 114
1 10 12 2 1 9 174
1 10 12 1 7 4 167
1 10 12 0 2 10 65
1 10 11 11 0 2 7
1 10 11 9 1 3 22
1 10 11 7 2 4 12
1 10 11 5 3 5 148
1 10 11 4 9 0 139
1 10 11 3 4 6 66
1 10 11 2 10 1 93
1 10 11 1 5 7 8
1 10 11 0 11 2 8
1 10 11 0 0 13 165
1 10 10 10 4 0 95
1 10 10 8 5 1 19
1 10 10 7 0 7 57
1 10 10 6 6 2 116
1 10 10 5 1 8 138
1 10 10 4 7 3 191
1 10 10 3 2 9 140
1 10 10 2 8 4 71
1 10 10 1 3 10 12
1 10 10 0 9 5 145
1 10 9 14 0 1 169
1 10 9 12 1 2 54
1 10 9 10 2 3 129
1 10 9 8 3 4 155
1 10 9 6 4 5 93
1 10 9 5 10 0 31
1 10 9 4 5 6 93
1 10 9 3 11 1 180
1 10 9 3 0 12 106
1 10 9 2 6 7 177
1 10 9 1 12 2 37
1 10 9 1 1 13 174
1 10 9 0 7 8 16
1 10 8 10 0 6 111
1 10 8 9 6 1 142
1 10 8 8 1 7 57
1 10 8 7 7 2 38
1 10 8 6 2 8 115
1 10 8 5 8 3 11
1 10 8 4 3 9 85
1 10 8 3 9 4 165
1 10 8 2 4 10 92
1 10 8 1 10 5 110
1 10 8 0 16 0 65
1 10 8 0 5 11 151
1 10 7 17 0 0 180
1 10 7 15 1 1 134
1 10 7 13 2 2 11
1 10 7 11 3 3 91
1 10 7 9 4 4 156
1 10 7 7 5 5 192
1 10 7 6 11 0 132
1 10 7 6 0 11 167
1 10 7 5 6 6 4
1 10 7 4 12 1 166
1 10 7 4 1 12 162
1 10 7 3 7 7 48
1 10 7 2 13 2 50
1 10 7 2 2 13 183
1 10 7 1 8 8 178
1 10 7 0 14 3 159
1 10 7 0 3 14 130
1 10 6 13 0 5 23
1 10 6 12 6 0 102
1 10 6 11 1 6 119
1 10 6 10 7 1 42
1 10 6 9 2 7 91
1 10 6 8 8 2 31
1 10 6 7 3 8 166
1 10 6 6 9 3 106
1 10 6 5 4 9 14
1 10 6 4 10 4 197
1 10 6 3 5 10 76
1 10 6 2 11 5 19
1 10 6 2 0 16 191
1 10 6 1 17 0 84
1 10 6 1 6 11 63
1 10 6 0 12 6 13
1 10 6 0 1 17 123
1 10 5 18 1 0 164
1 10 5 16 2 1 17
1 10 5 14 3 2 45
1 10 5 12 4 3 17
1 10 5 10 5 4 101
1 10 5 9 0 10 180
1 10 5 8 6 5 39
1 10 5 7 12 0 74
1 10 5 7 1 11 32
1 10 5 6 7 6 56
1 10 5 5 13 1 189
1 10 5 5 2 12 196
1 10 5 4 8 7 156
1 10 5 3 14 2 81
1 10 5 3 3 13 47
1 10 5 2 9 8 93
1 10 5 1 15 3 70
1 10 5 1 4 14 118
1 10 5 0 10 9 169
1 10 4 16 0 4 9
1 10 4 14 1 5 56
1 10 4 13 7 0 42
1 10 4 12 2 6 139
1 10 4 11 8 1 41
1 10 4 10 3 7 174
1 10 4 9 9 2 131
1 10 4 8 4 8 61
1 10 4 7 10 3 65
1 10 4 6 5 9 118
1 10 4 5 11 4 61
1 10 4 5 0 15 14
1 10 4 4 6 10 90
1 10 4 3 12 5 142
1 10 4 3 1 16 1
1 10 4 2 18 0 133
1 10 4 2 7 11 13
1 10 4 1 13 6 148
1 10 4 1 2 17 96
1 10 4 0 19 1 91
1 10 4 0 8 12 193
1 10 3 19 2 0 148
1 10 3 17 3 1 173
1 10 3 15 4 2 42
1 10 3 13 5 3 178
1 10 3 12 0 9 95
1 10 3 11 6 4 110
1 10 3 10 1 10 147
1 10 3 9 7 5 187
1 10 3 8 13 0 197
1 10 3 8 2 11 172
1 10 3 7 8 6 139
1 10 3 6 14 1 56
1 10 3 6 3 12 159
1 10 3 5 9 7 16
1 10 3 4 15 2 87
1 10 3 4 4 13 106
1 10 3 3 10 8 16
1 10 3 2 16 3 31
1 10 3 2 5 14 47
1 10 3 1 11 9 148
1 10 3 1 0 20 47
1 10 3 0 17 4 42
1 10 3 0 6 15 63
1 10 2 19 0 3 79
1 10 2 17 1 4 47
1 10 2 15 2 5 153
1 10 2 14 8 0 98
1 10 2 13 3 6 69
1 10 2 12 9 1 198
1 10 2 11 4 7 28
1 10 2 10 10 2 191
1 10 2 9 5 8 163
1 10 2 8 11 3 115
1 10 2 8 0 14 106
1 10 2 7 6 9 2
1 10 2 6 12 4 82
1 10 2 6 1 15 81
1 10 2 4 13 5 82
1 10 2 4 2 16 113
1 10 2 3 19 0 132
1 10 2 3 8 11 50
1 10 2 2 14 6 156
1 10 2 2 3 17 165
1 10 2 1 20 1 132
1 10 2 1 9 12 124
1 10 2 0 15 7 180
1 10 2 0 4 18 17
1 10 1 20 3 0 51
1 10 1 18 4 1 119
1 10 1 16 5 2 33
1 10 1 15 0 8 90
1 10 1 14 6 3 86
1 10 1 13 1 9 21
1 10 1 12 7 4 78
1 10 1 11 2 10 25
1 10 1 10 8 5 35
1 10 1 9 14 0 174
1 10 1 9 3 11 146
1 10 1 8 9 6 127
1 10 1 7 15 1 159
1 10 1 7 4 12 165
1 10 1 6 10 7 37
1 10 1 5 16 2 24
1 10 1 5 5 13 196
1 10 1 4 11 8 118
1 10 1 4 0 19 160
1 10 1 3 17 3 123
1 10 1 3 6 14 3
1 10 1 2 12 9 85
1 10 1 2 1 20 86
1 10 1 1 18 4 49
1 10 1 1 7 15 43
1 10 1 0 13 10 68
1 10 1 0 2 21 23
1 10 0 22 0 2 27
1 10 0 20 1 3 32
1 10 0 18 2 4 149
1 10 0 16 3 5 88
1 10 0 15 9 0 4
1 10 0 14 4 6 157
1 10 0 13 10 1 138
1 10 0 12 5 7 33
1 10 0 11 11 2 132
1 10 0 11 0 13 48
1 10 0 10 6 8 159
1 10 0 9 12 3 194
1 10 0 9 1 14 174
1 10 0 8 7 9 100
1 10 0 7 13 4 89
1 10 0 7 2 15 169
1 10 0 6 8 10 83
1 10 0 5 14 5 99
1 10 0 5 3 16 1
1 10 0 4 20 0 130
1 10 0 4 9 11 1
1 10 0 3 15 6 27
1 10 0 3 4 17 40
1 10 0 2 21 1 171
1 10 0 2 10 12 30
1 10 0 1 16 7 56
1 10 0 1 5 18 125
1 10 0 0 22 2 87
1 10 0 0 11 13 26
1 10 0 0 0 24 53
1 9 24 1 0 0 107
1 9 22 2 1 0 82
1 9 22 0 2 1 22
1 9 21 0 0 4 80
1 9 20 3 2 0 8
1 9 20 1 3 1 193
1 9 19 3 0 3 62
1 9 19 1 1 4 109
1 9 18 4 3 0 162
1 9 18 2 4 1 105
1 9 18 0 5 2 1
1 9 17 6 0 2 10
1 9 17 4 1 3 82
1 9 17 2 2 4 135
1 9 17 0 3 5 13
1 9 16 5 4 0 173
1 9 16 3 5 1 141
1 9 16 2 0 7 188
1 9 16 1 6 2 101
1 9 16 0 1 8 143
1 9 15 9 0 1 52
1 9 15 7 1 2 124
1 9 15 5 2 3 172
1 9 15 3 3 4 10
1 9 15 1 4 5 80
1 9 15 0 10 0 127
1 9 14 6 5 0 6
1 9 14 5 0 6 20
1 9 14 4 6 1 128
1 9 14 3 1 7 88
1 9 14 2 7 2 150
1 9 14 1 2 8 195
1 9 14 0 8 3 52
1 9 13 12 0 0 166
1 9 13 10 1 1 62
1 9 13 8 2 2 173
1 9 13 6 3 3 87
1 9 13 4 4 4 16
1 9 13 2 5 5 142
1 9 13 1 11 0 69
1 9 13 1 0 11 135
1 9 13 0 6 6 175
1 9 12 8 0 5 193
1 9 12 7 6 0 113
1 9 12 6 1 6 107
1 9 12 5 7 1 26
1 9 12 4 2 7 111
1 9 12 3 8 2 127
1 9 12 2 3 8 95
1 9 12 1 9 3 88
1 9 12 0 4 9 107
1 9 11 13 1 0 164
1 9 11 11 2 1 46
1 9 11 9 3 2 48
1 9 11 7 4 3 145
1 9 11 5 5 4 64
1 9 11 4 0 10 95
1 9 11 3 6 5 33
1 9 11 2 12 0 167
1 9 11 2 1 11 188
1 9 11 1 7 6 137
1 9 11 0 13 1 145
1 9 11 0 2 12 7
1 9 10 9 1 5 136
1 9 10 8 7 0 96
1 9 10 7 2 6 153
1 9 10 6 8 1 101
1 9 10 5 3 7 62
1 9 10 4 9 2 25
1 9 10 3 4 8 34
1 9 10 2 10 3 176
1 9 10 1 5 9 2
1 9 10 0 11 4 24
1 9 10 0 0 15 196
1 9 9 14 2 0 95
1 9 9 12 3 1 191
1 9 9 10 4 2 34
1 9 9 8 5 3 119
1 9 9 7 0 9 139
1 9 9 6 6 4 74
1 9 9 5 1 10 94
1 9 9 4 7 5 60
1 9 9 3 13 0 142
1 9 9 3 2 11 56
1 9 9 2 8 6 186
1 9 9 1 14 1 31
1 9 9 1 3 12 51
1 9 9 0 9 7 34
1 9 8 14 0 3 194
1 9 8 12 1 4 60
1 9 8 10 2 5 37
1 9 8 9 8 0 163
1 9 8 8 3 6 103
1 9 8 7 9 1 71
1 9 8 6 4 7 170
1 9 8 5 10 2 101
1 9 8 4 5 8 49
1 9 8 3 11 3 102
1 9 8 3 0 14 10
1 9 8 2 6 9 107
1 9 8 1 12 4 73
1 9 8 1 1 15 11
1 9 8 0 7 10 70
1 9 7 15 3 0 6
1 9 7 13 4 1 158
1 9 7 11 5 2 182
1 9 7 10 0 8 197
1 9 7 9 6 3 27
1 9 7 8 1 9 10
1 9 7 7 7 4 154
1 9 7 6 2 10 86
1 9 7 5 8 5 66
1 9 7 4 14 0 91
1 9 7 4 3 11 36
1 9 7 3 9 6 109
1 9 7 2 15 1 12
1 9 7 2 4 12 110
1 9 7 1 10 7 119
1 9 7 0 16 2 156
1 9 7 0 5 13 65
1 9 6 17 0 2 137
1 9 6 15 1 3 37
1 9 6 13 2 4 58
1 9 6 11 3 5 5
1 9 6 10 9 0 85
1 9 6 9 4 6 142
1 9 6 8 10 1 80
1 9 6 7 5 7 97
1 9 6 6 11 2 89
1 9 6 6 0 13 119
1 9 6 5 6 8 85
1 9 6 4 12 3 30
1 9 6 4 1 14 43
1 9 6 3 7 9 5
1 9 6 2 13 4 64
1 9 6 2 2 15 135
1 9 6 1 8 10 70
1 9 6 0 14 5 28
1 9 6 0 3 16 94
1 9 5 16 4 0 119
1 9 5 14 5 1 186
1 9 5 13 0 7 55
1 9 5 12 6 2 41
1 9 5 11 1 8 61
1 9 5 10 7 3 150
1 9 5 9 2 9 176
1 9 5 8 8 4 56
1 9 5 7 3 10 100
1 9 5 6 9 5 108
1 9 5 5 15 0 74
1 9 5 4 10 6 41
1 9 5 3 16 1 39
1 9 5 3 5 12 151
1 9 5 2 11 7 181
1 9 5 2 0 18 161
1 9 5 1 17 2 107
1 9 5 1 6 13 106
1 9 5 0 12 8 135
1 9 5 0 1 19 8
1 9 4 20 0 1 85
1 9 4 18 1 2 24
1 9 4 16 2 3 194
1 9 4 14 3 4 105
1 9 4 12 4 5 88
1 9 4 11 10 0 99
1 9 4 10 5 6 156
1 9 4 9 11 1 126
1 9 4 9 0 12 185
1 9 4 8 6 7 98
1 9 4 7 12 2 83
1 9 4 7 1 13 133
1 9 4 6 7 8 107
1 9 4 5 13 3 43
1 9 4 5 2 14 111
1 9 4 4 8 9 132
1 9 4 3 14 4 129
1 9 4 3 3 15 104
1 9 4 2 9 10 9
1 9 4 1 15 5 44
1 9 4 1 4 16 70
1 9 4 0 21 0 128
1 9 4 0 10 11 167
1 9 3 17 5 0 193
1 9 3 16 0 6 30
1 9 3 15 6 1 150
1 9 3 14 1 7 188
1 9 3 13 7 2 16
1 9 3 12 2 8 46
1 9 3 11 8 3 85
1 9 3 10 3 9 109
1 9 3 9 9 4 28
1 9 3 8 4 10 68
1 9 3 7 10 5 182
1 9 3 6 16 0 34
1 9 3 6 5 11 53
1 9 3 5 11 6 8
1 9 3 5 0 17 167
1 9 3 4 17 1 104
1 9 3 4 6 12 85
1 9 3 3 12 7 142
1 9 3 3 1 18 93
1 9 3 2 18 2 185
1 9 3 2 7 13 155
1 9 3 1 13 8 181
1 9 3 1 2 19 111
1 9 3 0 19 3 180
1 9 3 0 8 14 77
1 9 2 23 0 0 18
1 9 2 21 1 1 194
1 9 2 19 2 2 164
1 9 2 17 3 3 71
1 9 2 15 4 4 82
1 9 2 13 5 5 152
1 9 2 12 11 0 31
1 9 2 12 0 11 160
1 9 2 11 6 6 14
1 9 2 10 12 1 25
1 9 2 10 1 12 33
1 9 2 9 7 7 65
1 9 2 8 13 2 25
1 9 2 8 2 13 133
1 9 2 7 8 8 49
1 9 2 6 14 3 125
1 9 2 6 3 14 146
1 9 2 5 9 9 153
1 9 2 4 15 4 113
1 9 2 4 4 15 157
1 9 2 3 10 10 172
1 9 2 2 16 5 141
1 9 2 2 5 16 19
1 9 2 1 22 0 17
1 9 2 1 11 11 160
1 9 2 1 0 22 169
1 9 2 0 17 6 11
1 9 2 0 6 17 91
1 9 1 19 0 5 113
1 9 1 18 6 0 39
1 9 1 17 1 6 173
1 9 1 16 7 1 26
1 9 1 15 2 7 59
1 9 1 14 8 2 35
1 9 1 13 3 8 66
1 9 1 12 9 3 5
1 9 1 11 4 9 175
1 9 1 10 10 4 163
1 9 1 9 5 10 97
1 9 1 8 11 5 155
1 9 1 8 0 16 64
1 9 1 7 17 0 87
1 9 1 7 6 11 125
1 9 1 6 12 6 88
1 9 1 6 1 17 49
1 9 1 5 18 1 195
1 9 1 5 7 12 12
1 9 1 4 13 7 185
1 9 1 4 2 18 54
1 9 1 3 19 2 49
1 9 1 3 8 13 117
1 9 1 2 14 8 147
1 9 1 2 3 19 36
1 9 1 1 20 3 99
1 9 1 1 9 14 40
1 9 1 0 15 9 112
1 9 1 0 4 20 28
1 9 0 24 1 0 5
1 9 0 22 2 1 177
1 9 0 20 3 2 150
1 9 0 18 4 3 5
1 9 0 16 5 4 60
1 9 0 15 0 10 173
1 9 0 14 6 5 136
1 9 0 13 12 0 92
1 9 0 13 1 11 170
1 9 0 12 7 6 84
1 9 0 11 13 1 22
1 9 0 11 2 12 47
1 9 0 10 8 7 86
1 9 0 9 14 2 74
1 9 0 9 3 13 143
1 9 0 8 9 8 3
1 9 0 7 15 3 69
1 9 0 7 4 14 115
1 9 0 6 10 9 111
1 9 0 5 16 4 148
1 9 0 5 5 15 33
1 9 0 4 11 10 126
1 9 0 4 0 21 141
1 9 0 3 17 5 155
1 9 0 3 6 16 185
1 9 0 2 23 0 164
1 9 0 2 12 11 35
1 9 0 2 1 22 29
1 9 0 1 18 6 19
1 9 0 1 7 17 113
1 9 0 0 24 1 106
1 9 0 0 13 12 2
1 9 0 0 2 23 60
1 8 23 1 0 2 162
1 8 22 0 4 0 141
1 8 21 4 0 1 105
1 8 21 2 1 2 184
1 8 21 0 2 3 89
1 8 20 1 5 0 58
1 8 20 0 0 6 134
1 8 19 7 0 0 103
1 8 19 5 1 1 175
1 8 19 3 2 2 168
1 8 19 1 3 3 77
1 8 18 3 0 5 44
1 8 18 2 6 0 135
1 8 18 1 1 6 16
1 8 18 0 7 1 143
1 8 17 8 1 0 2
1 8 17 6 2 1 78
1 8 17 4 3 2 195
1 8 17 2 4 3 78
1 8 17 0 5 4 83
1 8 16 6 0 4 47
1 8 16 4 1 5 42
1 8 16 3 7 0 186
1 8 16 2 2 6 174
1 8 16 1 8 1 66
1 8 16 0 3 7 191
1 8 15 9 2 0 132
1 8 15 7 3 1 107
1 8 15 5 4 2 165
1 8 15 3 5 3 140
1 8 15 2 0 9 176
1 8 15 1 6 4 125
1 8 15 0 1 10 86
1 8 14 9 0 3 98
1 8 14 7 1 4 13
1 8 14 5 2 5 144
1 8 14 4 8 0 146
1 8 14 3 3 6 48
1 8 14 2 9 1 25
1 8 14 1 4 7 76
1 8 14 0 10 2 40
1 8 13 10 3 0 163
1 8 13 8 4 1 29
1 8 13 6 5 2 123
1 8 13 5 0 8 101
1 8 13 4 6 3 169
1 8 13 3 1 9 130
1 8 13 2 7 4 55
1 8 13 1 2 10 47
1 8 13 0 8 5 103
1 8 12 12 0 2 98
1 8 12 10 1 3 174
1 8 12 8 2 4 47
1 8 12 6 3 5 134
1 8 12 5 9 0 42
1 8 12 4 4 6 173
1 8 12 3 10 1 87
1 8 12 2 5 7 162
1 8 12 1 11 2 87
1 8 12 1 0 13 113
1 8 12 0 6 8 57
1 8 11 11 4 0 24
1 8 11 9 5 1 13
1 8 11 8 0 7 107
1 8 11 7 6 2 8
1 8 11 6 1 8 123
1 8 11 5 7 3 190
1 8 11 4 2 9 25
1 8 11 3 8 4 112
1 8 11 2 3 10 138
1 8 11 1 9 5 29
1 8 11 0 15 0 14
1 8 11 0 4 11 157
1 8 10 15 0 1 161
1 8 10 13 1 2 33
1 8 10 11 2 3 102
1 8 10 9 3 4 90
1 8 10 7 4 5 68
1 8 10 6 10 0 146
1 8 10 5 5 6 46
1 8 10 4 11 1 191
1 8 10 4 0 12 52
1 8 10 3 6 7 146
1 8 10 2 12 2 183
1 8 10 2 1 13 118
1 8 10 1 7 8 146
1 8 10 0 13 3 96
1 8 10 0 2 14 68
1 8 9 12 5 0 161
1 8 9 11 0 6 172
1 8 9 10 6 1 150
1 8 9 9 1 7 106
1 8 9 8 7 2 190
1 8 9 7 2 8 58
1 8 9 6 8 3 151
1 8 9 5 3 9 90
1 8 9 4 9 4 196
1 8 9 3 4 10 70
1 8 9 2 10 5 89
1 8 9 1 16 0 92
1 8 9 1 5 11 90
1 8 9 0 11 6 91
1 8 9 0 0 17 173
1 8 8 18 0 0 91
1 8 8 16 1 1 110
1 8 8 14 2 2 195
1 8 8 12 3 3 75
1 8 8 10 4 4 178
1 8 8 8 5 5 101
1 8 8 7 11 0 8
1 8 8 7 0 11 162
1 8 8 6 6 6 53
1 8 8 5 12 1 35
1 8 8 5 1 12 90
1 8 8 4 7 7 128
1 8 8 3 13 2 124
1 8 8 3 2 13 130
1 8 8 2 8 8 20
1 8 8 1 14 3 102
1 8 8 1 3 14 89
1 8 8 0 9 9 7
1 8 7 14 0 5 10
1 8 7 13 6 0 109
1 8 7 12 1 6 32
1 8 7 11 7 1 114
1 8 7 10 2 7 17
1 8 7 9 8 2 158
1 8 7 8 3 8 101
1 8 7 7 9 3 48
1 8 7 6 4 9 168
1 8 7 5 10 4 133
1 8 7 4 5 10 182
1 8 7 3 11 5 196
1 8 7 3 0 16 48
1 8 7 2 17 0 191
1 8 7 2 6 11 21
1 8 7 1 12 6 157
1 8 7 1 1 17 78
1 8 7 0 18 1 171
1 8 7 0 7 12 51
1 8 6 19 1 0 117
1 8 6 17 2 1 113
1 8 6 15 3 2 181
1 8 6 13 4 3 131
1 8 6 11 5 4 129
1 8 6 10 0 10 98
1 8 6 9 6 5 31
1 8 6 8 12 0 2
1 8 6 8 1 11 51
1 8 6 7 7 6 143
1 8 6 6 13 1 101
1 8 6 6 2 12 37
1 8 6 5 8 7 105
1 8 6 4 14 2 140
1 8 6 4 3 13 53
1 8 6 3 9 8 22
1 8 6 2 15 3 168
1 8 6 2 4 14 44
1 8 6 1 10 9 40
1 8 6 0 16 4 75
1 8 6 0 5 15 4
1 8 5 17 0 4 79
1 8 5 15 1 5 139
1 8 5 14 7 0 124
1 8 5 13 2 6 46
1 8 5 12 8 1 164
1 8 5 11 3 7 153
1 8 5 10 9 2 41
1 8 5 9 4 8 27
1 8 5 8 10 3 26
1 8 5 7 5 9 160
1 8 5 6 11 4 23
1 8 5 6 0 15 66
1 8 5 5 6 10 38
1 8 5 4 12 5 78
1 8 5 4 1 16 47
1 8 5 3 7 11 93
1 8 5 2 13 6 46
1 8 5 2 2 17 65
1 8 5 1 19 1 43
1 8 5 1 8 12 48
1 8 5 0 14 7 3
1 8 5 0 3 18 196
1 8 4 20 2 0 73
1 8 4 18 3 1 186
1 8 4 16 4 2 60
1 8 4 14 5 3 137
1 8 4 13 0 9 173
1 8 4 12 6 4 23
1 8 4 11 1 10 75
1 8 4 10 7 5 22
1 8 4 9 13 0 106
1 8 4 9 2 11 58
1 8 4 8 8 6 121
1 8 4 7 14 1 78
1 8 4 7 3 12 29
1 8 4 6 9 7 40
1 8 4 5 15 2 149
1 8 4 5 4 13 147
1 8 4 4 10 8 185
1 8 4 3 16 3 111
1 8 4 3 5 14 66
1 8 4 2 11 9 94
1 8 4 2 0 20 16
1 8 4 1 17 4 85
1 8 4 1 6 15 180
1 8 4 0 12 10 168
1 8 4 0 1 21 175
1 8 3 20 0 3 3
1 8 3 18 1 4 55
1 8 3 16 2 5 5
1 8 3 15 8 0 115
1 8 3 14 3 6 73
1 8 3 13 9 1 125
1 8 3 12 4 7 109
1 8 3 11 10 2 93
1 8 3 10 5 8 27
1 8 3 9 11 3 8
1 8 3 9 0 14 182
1 8 3 8 6 9 77
1 8 3 7 12 4 88
1 8 3 7 1 15 125
1 8 3 6 7 10 84
1 8 3 5 13 5 5
1 8 3 5 2 16 102
1 8 3 4 19 0 95
1 8 3 4 8 11 183
1 8 3 3 14 6 136
1 8 3 3 3 17 153
1 8 3 2 20 1 146
1 8 3 2 9 12 20
1 8 3 1 15 7 184
1 8 3 1 4 18 134
1 8 3 0 21 2 66
1 8 3 0 10 13 151
1 8 2 21 3 0 123
1 8 2 19 4 1 192
1 8 2 17 5 2 92
1 8 2 16 0 8 48
1 8 2 15 6 3 120
1 8 2 14 1 9 190
1 8 2 13 7 4 46
1 8 2 12 2 10 157
1 8 2 11 8 5 125
1 8 2 10 14 0 33
1 8 2 10 3 11 19
1 8 2 9 9 6 124
1 8 2 8 15 1 77
1 8 2 8 4 12 141
1 8 2 7 10 7 138
1 8 2 6 16 2 162
1 8 2 6 5 13 109
1 8 2 5 11 8 18
1 8 2 5 0 19 166
1 8 2 4 17 3 185
1 8 2 4 6 14 53
1 8 2 3 12 9 134
1 8 2 3 1 20 30
1 8 2 2 18 4 124
1 8 2 2 7 15 70
1 8 2 1 13 10 170
1 8 2 1 2 21 158
1 8 2 0 19 5 12
1 8 2 0 8 16 143
1 8 1 23 0 2 172
1 8 1 21 1 3 142
1 8 1 19 2 4 12
1 8 1 17 3 5 150
1 8 1 16 9 0 131
1 8 1 15 4 6 7
1 8 1 14 10 1 174
1 8 1 13 5 7 187
1 8 1 12 11 2 150
1 8 1 12 0 13 177
1 8 1 11 6 8 112
1 8 1 10 12 3 184
1 8 1 10 1 14 145
1 8 1 9 7 9 57
1 8 1 8 13 4 160
1 8 1 8 2 15 188
1 8 1 7 8 10 165
1 8 1 6 14 5 110
1 8 1 6 3 16 62
1 8 1 5 20 0 4
1 8 1 5 9 11 154
1 8 1 4 15 6 143
1 8 1 4 4 17 132
1 8 1 3 21 1 36
1 8 1 3 10 12 164
1 8 1 2 16 7 96
1 8 1 2 5 18 163
1 8 1 1 22 2 67
1 8 1 1 11 13 178
1 8 1 1 0 24 80
1 8 1 0 17 8 5
1 8 1 0 6 19 55
1 8 0 22 4 0 48
1 8 0 20 5 1 24
1 8 0 19 0 7 169
1 8 0 18 6 2 120
1 8 0 17 1 8 166
1 8 0 16 7 3 62
1 8 0 15 2 9 105
1 8 0 14 8 4 32
1 8 0 13 3 10 13
1 8 0 12 9 5 185
1 8 0 11 15 0 44
1 8 0 11 4 11 50
1 8 0 10 10 6 11
1 8 0 9 16 1 32
1 8 0 9 5 12 136
1 8 0 8 11 7 112
1 8 0 8 0 18 170
1 8 0 7 17 2 61
1 8 0 7 6 13 49
1 8 0 6 12 8 11
1 8 0 6 1 19 26
1 8 0 5 18 3 159
1 8 0 5 7 14 1
1 8 0 4 13 9 33
1 8 0 4 2 20 35
1 8 0 3 19 4 30
1 8 0 3 8 15 88
1 8 0 2 14 10 77
1 8 0 2 3 21 3
1 8 0 1 20 5 121
1 8 0 1 9 16 66
1 8 0 0 26 0 56
1 8 0 0 15 11 126
1 8 0 0 4 22 51
1 7 25 2 0 0 2
1 7 23 3 1 0 52
1 7 23 1 2 1 17
1 7 22 1 0 4 1
1 7 21 4 2 0 190
1 7 21 2 3 1 169
1 7 21 0 4 2 167
1 7 20 4 0 3 15
1 7 20 2 1 4 26
1 7 20 0 2 5 136
1 7 19 5 3 0 85
1 7 19 3 4 1 63
1 7 19 1 5 2 88
1 7 19 0 0 8 41
1 7 18 7 0 2 167
1 7 18 5 1 3 129
1 7 18 3 2 4 161
1 7 18 1 3 5 189
1 7 18 0 9 0 49
1 7 17 6 4 0 175
1 7 17 4 5 1 102
1 7 17 3 0 7 69
1 7 17 2 6 2 11
1 7 17 1 1 8 146
1 7 17 0 7 3 131
1 7 16 10 0 1 24
1 7 16 8 1 2 50
1 7 16 6 2 3 150
1 7 16 4 3 4 23
1 7 16 2 4 5 182
1 7 16 1 10 0 170
1 7 16 0 5 6 183
1 7 15 7 5 0 116
1 7 15 6 0 6 126
1 7 15 5 6 1 143
1 7 15 4 1 7 155
1 7 15 3 7 2 93
1 7 15 2 2 8 74
1 7 15 1 8 3 66
1 7 15 0 3 9 95
1 7 14 13 0 0 82
1 7 14 11 1 1 54
1 7 14 9 2 2 105
1 7 14 7 3 3 117
1 7 14 5 4 4 147
1 7 14 3 5 5 92
1 7 14 2 11 0 62
1 7 14 2 0 11 155
1 7 14 1 6 6 144
1 7 14 0 12 1 127
1 7 14 0 1 12 131
1 7 13 9 0 5 159
1 7 13 8 6 0 13
1 7 13 7 1 6 67
1 7 13 6 7 1 157
1 7 13 5 2 7 170
1 7 13 4 8 2 88
1 7 13 3 3 8 26
1 7 13 2 9 3 2
1 7 13 1 4 9 155
1 7 13 0 10 4 172
1 7 12 14 1 0 62
1 7 12 12 2 1 9
1 7 12 10 3 2 116
1 7 12 8 4 3 1
1 7 12 6 5 4 9
1 7 12 5 0 10 94
1 7 12 4 6 5 175
1 7 12 3 12 0 70
1 7 12 3 1 11 153
1 7 12 2 7 6 11
1 7 12 1 2 12 174
1 7 12 0 8 7 144
1 7 11 12 0 4 93
1 7 11 10 1 5 2
1 7 11 9 7 0 28
1 7 11 8 2 6 143
1 7 11 7 8 1 27
1 7 11 6 3 7 180
1 7 11 5 9 2 6
1 7 11 4 4 8 170
1 7 11 3 10 3 73
1 7 11 2 5 9 139
1 7 11 1 11 4 173
1 7 11 1 0 15 16
1 7 11 0 6 10 131
1 7 10 15 2 0 149
1 7 10 13 3 1 21
1 7 10 11 4 2 32
1 7 10 9 5 3 37
1 7 10 8 0 9 18
1 7 10 7 6 4 196
1 7 10 6 1 10 131
1 7 10 5 7 5 63
1 7 10 4 13 0 8
1 7 10 4 2 11 186
1 7 10 3 8 6 30
1 7 10 2 14 1 144
1 7 10 2 3 12 32
1 7 10 1 9 7 16
1 7 10 0 15 2 101
1 7 10 0 4 13 19
1 7 9 15 0 3 12
1 7 9 13 1 4 154
1 7 9 11 2 5 184
1 7 9 10 8 0 116
1 7 9 9 3 6 20
1 7 9 8 9 1 189
1 7 9 7 4 7 198
1 7 9 6 10 2 10
1 7 9 5 5 8 29
1 7 9 4 11 3 105
1 7 9 4 0 14 177
1 7 9 3 6 9 165
1 7 9 2 12 4 152
1 7 9 2 1 15 47
1 7 9 0 13 5 163
1 7 9 0 2 16 140
1 7 8 16 3 0 141
1 7 8 14 4 1 114
1 7 8 12 5 2 148
1 7 8 11 0 8 150
1 7 8 10 6 3 25
1 7 8 9 1 9 71
1 7 8 8 7 4 173
1 7 8 7 2 10 197
1 7 8 6 8 5 65
1 7 8 5 14 0 22
1 7 8 5 3 11 12
1 7 8 4 9 6 19
1 7 8 3 15 1 102
1 7 8 3 4 12 184
1 7 8 2 10 7 94
1 7 8 1 16 2 129
1 7 8 1 5 13 96
1 7 8 0 11 8 182
1 7 8 0 0 19 57
1 7 7 18 0 2 171
1 7 7 16 1 3 53
1 7 7 14 2 4 45
1 7 7 12 3 5 150
1 7 7 11 9 0 4
1 7 7 10 4 6 36
1 7 7 9 10 1 36
1 7 7 8 5 7 64
1 7 7 7 11 2 108
1 7 7 7 0 13 179
1 7 7 6 6 8 181
1 7 7 5 12 3 28
1 7 7 5 1 14 7
1 7 7 4 7 9 49
1 7 7 3 13 4 171
1 7 7 3 2 15 128
1 7 7 2 8 10 45
1 7 7 1 14 5 128
1 7 7 1 3 16 51
1 7 7 0 20 0 39
1 7 7 0 9 11 27
1 7 6 17 4 0 43
1 7 6 15 5 1 40
1 7 6 14 0 7 84
1 7 6 13 6 2 115
1 7 6 12 1 8 182
1 7 6 11 7 3 147
1 7 6 10 2 9 48
1 7 6 9 8 4 43
1 7 6 8 3 10 82
1 7 6 7 9 5 31
1 7 6 6 15 0 159
1 7 6 6 4 11 29
1 7 6 5 10 6 111
1 7 6 4 16 1 113
1 7 6 4 5 12 149
1 7 6 3 11 7 183
1 7 6 3 0 18 20
1 7 6 2 17 2 117
1 7 6 2 6 13 66
1 7 6 1 12 8 118
1 7 6 1 1 19 113
1 7 6 0 18 3 173
1 7 6 0 7 14 150
1 7 5 21 0 1 31
1 7 5 19 1 2 65
1 7 5 17 2 3 134
1 7 5 15 3 4 104
1 7 5 13 4 5 197
1 7 5 12 10 0 108
1 7 5 11 5 6 102
1 7 5 10 11 1 97
1 7 5 10 0 12 145
1 7 5 9 6 7 99
1 7 5 8 12 2 142
1 7 5 8 1 13 187
1 7 5 7 7 8 190
1 7 5 6 13 3 90
1 7 5 6 2 14 72
1 7 5 5 8 9 90
1 7 5 4 14 4 172
1 7 5 4 3 15 117
1 7 5 3 9 10 162
1 7 5 2 15 5 122
1 7 5 2 4 16 99
1 7 5 1 21 0 131
1 7 5 1 10 11 1
1 7 5 0 16 6 128
1 7 5 0 5 17 108
1 7 4 18 5 0 119
1 7 4 17 0 6 145
1 7 4 16 6 1 83
1 7 4 15 1 7 24
1 7 4 14 7 2 29
1 7 4 13 2 8 49
1 7 4 12 8 3 117
1 7 4 11 3 9 106
1 7 4 10 9 4 136
1 7 4 9 4 10 106
1 7 4 8 10 5 153
1 7 4 7 16 0 193
1 7 4 7 5 11 86
1 7 4 6 11 6 29
1 7 4 6 0 17 107
1 7 4 5 17 1 104
1 7 4 5 6 12 117
1 7 4 4 12 7 19
1 7 4 4 1 18 12
1 7 4 3 18 2 102
1 7 4 3 7 13 189
1 7 4 2 13 8 22
1 7 4 2 2 19 146
1 7 4 1 19 3 117
1 7 4 1 8 14 56
1 7 4 0 14 9 145
1 7 4 0 3 20 33
1 7 3 24 0 0 137
1 7 3 22 1 1 7
1 7 3 20 2 2 133
1 7 3 18 3 3 75
1 7 3 16 4 4 165
1 7 3 14 5 5 170
1 7 3 13 11 0 131
1 7 3 13 0 11 117
1 7 3 12 6 6 51
1 7 3 11 12 1 189
1 7 3 11 1 12 175
1 7 3 10 7 7 118
1 7 3 9 13 2 51
1 7 3 9 2 13 63
1 7 3 8 8 8 175
1 7 3 7 14 3 179
1 7 3 7 3 14 52
1 7 3 6 9 9 168
1 7 3 5 15 4 120
1 7 3 5 4 15 101
1 7 3 4 10 10 6
1 7 3 3 16 5 198
1 7 3 3 5 16 157
1 7 3 2 22 0 187
1 7 3 2 11 11 113
1 7 3 2 0 22 63
1 7 3 1 17 6 85
1 7 3 1 6 17 70
1 7 3 0 23 1 166
1 7 3 0 12 12 90
1 7 3 0 1 23 198
1 7 2 20 0 5 63
1 7 2 19 6 0 26
1 7 2 18 1 6 33
1 7 2 17 7 1 137
1 7 2 16 2 7 39
1 7 2 15 8 2 50
1 7 2 14 3 8 140
1 7 2 13 9 3 80
1 7 2 12 4 9 77
1 7 2 11 10 4 160
1 7 2 10 5 10 97
1 7 2 9 11 5 89
1 7 2 9 0 16 104
1 7 2 8 17 0 117
1 7 2 8 6 11 92
1 7 2 7 12 6 89
1 7 2 7 1 17 80
1 7 2 6 18 1 99
1 7 2 6 7 12 115
1 7 2 5 13 7 166
1 7 2 5 2 18 53
1 7 2 4 19 2 94
1 7 2 4 8 13 195
1 7 2 3 14 8 147
1 7 2 3 3 19 13
1 7 2 2 20 3 73
1 7 2 2 9 14 95
1 7 2 1 15 9 156
1 7 2 1 4 20 35
1 7 2 0 21 4 142
1 7 2 0 10 15 91
1 7 1 25 1 0 40
1 7 1 23 2 1 79
1 7 1 21 3 2 65
1 7 1 19 4 3 121
1 7 1 17 5 4 162
1 7 1 16 0 10 138
1 7 1 15 6 5 45
1 7 1 14 12 0 127
1 7 1 14 1 11 170
1 7 1 13 7 6 107
1 7 1 12 13 1 150
1 7 1 12 2 12 90
1 7 1 11 8 7 19
1 7 1 10 14 2 149
1 7 1 10 3 13 130
1 7 1 9 9 8 67
1 7 1 8 15 3 136
1 7 1 8 4 14 76
1 7 1 7 10 9 31
1 7 1 6 16 4 8
1 7 1 6 5 15 145
1 7 1 5 11 10 61
1 7 1 5 0 21 96
1 7 1 4 17 5 119
1 7 1 4 6 16 99
1 7 1 3 23 0 46
1 7 1 3 12 11 198
1 7 1 3 1 22 3
1 7 1 2 18 6 65
1 7 1 2 7 17 156
1 7 1 1 24 1 104
1 7 1 1 13 12 143
1 7 1 1 2 23 165
1 7 1 0 19 7 34
1 7 1 0 8 18 28
1 7 0 23 0 4 65
1 7 0 21 1 5 141
1 7 0 20 7 0 106
1 7 0 19 2 6 6
1 7 0 18 8 1 39
1 7 0 17 3 7 24
1 7 0 16 9 2 186
1 7 0 15 4 8 52
1 7 0 14 10 3 47
1 7 0 13 5 9 190
1 7 0 12 11 4 22
1 7 0 12 0 15 164
1 7 0 11 6 10 158
1 7 0 10 12 5 74
1 7 0 10 1 16 186
1 7 0 9 18 0 160
1 7 0 9 7 11 110
1 7 0 8 13 6 122
1 7 0 8 2 17 18
1 7 0 7 19 1 182
1 7 0 7 8 12 49
1 7 0 6 14 7 2
1 7 0 6 3 18 86
1 7 0 5 20 2 45
1 7 0 5 9 13 149
1 7 0 4 15 8 83
1 7 0 4 4 19 165
1 7 0 3 21 3 63
1 7 0 3 10 14 134
1 7 0 2 16 9 67
1 7 0 2 5 20 183
1 7 0 1 22 4 84
1 7 0 1 11 15 73
1 7 0 1 0 26 128
1 7 0 0 17 10 71
1 7 0 0 6 21 191
1 6 25 0 3 0 95
1 6 24 2 0 2 171
1 6 24 0 1 3 31
1 6 23 1 4 0 178
1 6 22 5 0 1 194
1 6 22 3 1 2 196
1 6 22 1 2 3 23
1 6 21 2 5 0 29
1 6 21 1 0 6 66
1 6 21 0 6 1 182
1 6 20 8 0 0 171
1 6 20 6 1 1 87
1 6 20 4 2 2 74
1 6 20 2 3 3 2
1 6 20 0 4 4 142
1 6 19 4 0 5 74
1 6 19 3 6 0 163
1 6 19 2 1 6 31
1 6 19 1 7 1 5
1 6 19 0 2 7 128
1 6 18 9 1 0 171
1 6 18 7 2 1 15
1 6 18 5 3 2 125
1 6 18 3 4 3 93
1 6 18 1 5 4 168
1 6 18 0 0 10 44
1 6 17 7 0 4 12
1 6 17 5 1 5 163
1 6 17 4 7 0 130
1 6 17 3 2 6 103
1 6 17 2 8 1 130
1 6 17 1 3 7 126
1 6 17 0 9 2 61
1 6 16 10 2 0 149
1 6 16 8 3 1 58
1 6 16 6 4 2 102
1 6 16 4 5 3 10
1 6 16 3 0 9 58
1 6 16 2 6 4 68
1 6 16 1 1 10 64
1 6 16 0 7 5 158
1 6 15 10 0 3 197
1 6 15 8 1 4 95
1 6 15 6 2 5 163
1 6 15 5 8 0 155
1 6 15 4 3 6 128
1 6 15 3 9 1 148
1 6 15 2 4 7 47
1 6 15 1 10 2 81
1 6 15 0 5 8 106
1 6 14 11 3 0 71
1 6 14 9 4 1 3
1 6 14 7 5 2 152
1 6 14 6 0 8 123
1 6 14 5 6 3 49
1 6 14 4 1 9 145
1 6 14 3 7 4 20
1 6 14 2 2 10 72
1 6 14 1 8 5 181
1 6 14 0 14 0 157
1 6 14 0 3 11 155
1 6 13 13 0 2 113
1 6 13 11 1 3 112
1 6 13 9 2 4 89
1 6 13 7 3 5 186
1 6 13 6 9 0 40
1 6 13 5 4 6 85
1 6 13 4 10 1 11
1 6 13 3 5 7 2
1 6 13 2 11 2 109
1 6 13 2 0 13 84
1 6 13 1 6 8 148
1 6 13 0 12 3 98
1 6 13 0 1 14 163
1 6 12 12 4 0 125
1 6 12 10 5 1 162
1 6 12 9 0 7 115
1 6 12 8 6 2 5
1 6 12 7 1 8 27
1 6 12 6 7 3 20
1 6 12 5 2 9 30
1 6 12 4 8 4 152
1 6 12 3 3 10 172
1 6 12 2 9 5 82
1 6 12 1 15 0 171
1 6 12 1 4 11 120
1 6 12 0 10 6 185
1 6 11 16 0 1 115
1 6 11 14 1 2 151
1 6 11 12 2 3 154
1 6 11 10 3 4 189
1 6 11 8 4 5 122
1 6 11 7 10 0 169
1 6 11 6 5 6 82
1 6 11 5 11 1 172
1 6 11 5 0 12 41
1 6 11 4 6 7 160
1 6 11 3 12 2 96
1 6 11 3 1 13 165
1 6 11 2 7 8 139
1 6 11 1 13 3 5
1 6 11 1 2 14 53
1 6 11 0 8 9 75
1 6 10 13 5 0 16
1 6 10 12 0 6 61
1 6 10 11 6 1 4
1 6 10 10 1 7 77
1 6 10 9 7 2 170
1 6 10 8 2 8 127
1 6 10 7 8 3 32
1 6 10 6 3 9 111
1 6 10 5 9 4 84
1 6 10 4 4 10 175
1 6 10 3 10 5 73
1 6 10 2 16 0 176
1 6 10 2 5 11 129
1 6 10 1 11 6 15
1 6 10 1 0 17 169
1 6 10 0 17 1 38
1 6 10 0 6 12 133
1 6 9 19 0 0 7
1 6 9 17 1 1 136
1 6 9 15 2 2 34
1 6 9 13 3 3 79
1 6 9 11 4 4 111
1 6 9 9 5 5 159
1 6 9 8 11 0 29
1 6 9 8 0 11 97
1 6 9 7 6 6 92
1 6 9 6 12 1 31
1 6 9 6 1 12 54
1 6 9 5 7 7 186
1 6 9 4 13 2 23
1 6 9 4 2 13 174
1 6 9 3 8 8 177
1 6 9 2 14 3 127
1 6 9 2 3 14 23
1 6 9 1 9 9 38
1 6 9 0 15 4 16
1 6 9 0 4 15 126
1 6 8 15 0 5 22
1 6 8 14 6 0 171
1 6 8 13 1 6 130
1 6 8 12 7 1 115
1 6 8 11 2 7 73
1 6 8 10 8 2 119
1 6 8 9 3 8 51
1 6 8 8 9 3 134
1 6 8 7 4 9 190
1 6 8 6 10 4 48
1 6 8 5 5 10 153
1 6 8 4 11 5 106
1 6 8 4 0 16 42
1 6 8 3 17 0 164
1 6 8 3 6 11 66
1 6 8 2 12 6 53
1 6 8 2 1 17 97
1 6 8 1 18 1 73
1 6 8 1 7 12 18
1 6 8 0 13 7 134
1 6 8 0 2 18 156
1 6 7 20 1 0 134
1 6 7 18 2 1 89
1 6 7 16 3 2 86
1 6 7 14 4 3 114
1 6 7 12 5 4 181
1 6 7 11 0 10 156
1 6 7 10 6 5 149
1 6 7 9 12 0 20
1 6 7 9 1 11 11
1 6 7 8 7 6 162
1 6 7 7 13 1 34
1 6 7 7 2 12 161
1 6 7 6 8 7 87
1 6 7 5 14 2 88
1 6 7 5 3 13 73
1 6 7 4 9 8 40
1 6 7 3 15 3 180
1 6 7 3 4 14 25
1 6 7 2 10 9 16
1 6 7 1 16 4 3
1 6 7 1 5 15 90
1 6 7 0 11 10 172
1 6 7 0 0 21 189
1 6 6 18 0 4 114
1 6 6 16 1 5 15
1 6 6 15 7 0 36
1 6 6 14 2 6 55
1 6 6 13 8 1 54
1 6 6 12 3 7 20
1 6 6 11 9 2 52
1 6 6 10 4 8 59
1 6 6 9 10 3 77
1 6 6 8 5 9 170
1 6 6 7 11 4 32
1 6 6 7 0 15 170
1 6 6 6 6 10 104
1 6 6 5 12 5 22
1 6 6 5 1 16 9
1 6 6 4 18 0 17
1 6 6 4 7 11 7
1 6 6 3 13 6 185
1 6 6 3 2 17 105
1 6 6 2 19 1 101
1 6 6 2 8 12 153
1 6 6 1 14 7 110
1 6 6 1 3 18 124
1 6 6 0 20 2 110
1 6 6 0 9 13 75
1 6 5 21 2 0 99
1 6 5 19 3 1 109
1 6 5 17 4 2 1
1 6 5 15 5 3 5
1 6 5 14 0 9 18
1 6 5 13 6 4 16
1 6 5 12 1 10 17
1 6 5 11 7 5 33
1 6 5 10 13 0 182
1 6 5 10 2 11 192
1 6 5 9 8 6 80
1 6 5 8 14 1 102
1 6 5 8 3 12 93
1 6 5 7 9 7 38
1 6 5 6 15 2 171
1 6 5 6 4 13 129
1 6 5 5 10 8 82
1 6 5 4 16 3 193
1 6 5 4 5 14 93
1 6 5 3 11 9 73
1 6 5 3 0 20 194
1 6 5 2 17 4 37
1 6 5 2 6 15 96
1 6 5 1 12 10 126
1 6 5 1 1 21 158
1 6 5 0 18 5 65
1 6 5 0 7 16 114
1 6 4 21 0 3 173
1 6 4 19 1 4 120
1 6 4 17 2 5 17
1 6 4 16 8 0 191
1 6 4 15 3 6 65
1 6 4 14 9 1 114
1 6 4 13 4 7 72
1 6 4 12 10 2 14
1 6 4 11 5 8 108
1 6 4 10 11 3 124
1 6 4 10 0 14 125
1 6 4 9 6 9 42
1 6 4 8 12 4 35
1 6 4 8 1 15 186
1 6 4 7 7 10 94
1 6 4 6 13 5 40
1 6 4 6 2 16 33
1 6 4 5 19 0 51
1 6 4 5 8 11 69
1 6 4 4 14 6 25
1 6 4 4 3 17 118
1 6 4 3 20 1 119
1 6 4 3 9 12 21
1 6 4 2 15 7 77
1 6 4 2 4 18 109
1 6 4 1 21 2 178
1 6 4 1 10 13 161
1 6 4 0 16 8 23
1 6 4 0 5 19 41
1 6 3 22 3 0 146
1 6 3 20 4 1 115
1 6 3 18 5 2 170
1 6 3 17 0 8 123
1 6 3 16 6 3 24
1 6 3 15 1 9 179
1 6 3 14 7 4 101
1 6 3 13 2 10 12
1 6 3 12 8 5 32
1 6 3 11 14 0 170
1 6 3 11 3 11 123
1 6 3 10 9 6 11
1 6 3 9 15 1 122
1 6 3 9 4 12 188
1 6 3 8 10 7 113
1 6 3 7 16 2 94
1 6 3 7 5 13 71
1 6 3 6 11 8 197
1 6 3 6 0 19 16
1 6 3 5 17 3 59
1 6 3 5 6 14 1
1 6 3 4 12 9 101
1 6 3 4 1 20 115
1 6 3 3 18 4 84
1 6 3 3 7 15 67
1 6 3 2 13 10 91
1 6 3 2 2 21 99
1 6 3 1 19 5 156
1 6 3 1 8 16 193
1 6 3 0 25 0 197
1 6 3 0 14 11 101
1 6 3 0 3 22 193
1 6 2 24 0 2 187
1 6 2 22 1 3 87
1 6 2 20 2 4 37
1 6 2 18 3 5 125
1 6 2 17 9 0 40
1 6 2 16 4 6 159
1 6 2 15 10 1 132
1 6 2 14 5 7 181
1 6 2 13 11 2 144
1 6 2 13 0 13 116
1 6 2 12 6 8 10
1 6 2 11 12 3 61
1 6 2 11 1 14 83
1 6 2 10 7 9 46
1 6 2 9 13 4 191
1 6 2 9 2 15 189
1 6 2 8 8 10 31
1 6 2 7 14 5 143
1 6 2 7 3 16 78
1 6 2 6 20 0 67
1 6 2 6 9 11 174
1 6 2 5 15 6 189
1 6 2 5 4 17 29
1 6 2 4 21 1 168
1 6 2 4 10 12 85
1 6 2 3 16 7 128
1 6 2 3 5 18 50
1 6 2 2 22 2 74
1 6 2 2 11 13 157
1 6 2 2 0 24 194
1 6 2 1 17 8 101
1 6 2 1 6 19 16
1 6 2 0 23 3 154
1 6 2 0 12 14 136
1 6 2 0 1 25 120
1 6 1 23 4 0 144
1 6 1 21 5 1 85
1 6 1 20 0 7 185
1 6 1 19 6 2 105
1 6 1 18 1 8 168
1 6 1 17 7 3 150
1 6 1 16 2 9 66
1 6 1 15 8 4 78
1 6 1 14 3 10 36
1 6 1 13 9 5 106
1 6 1 12 15 0 85
1 6 1 12 4 11 63
1 6 1 11 10 6 42
1 6 1 10 16 1 153
1 6 1 10 5 12 11
1 6 1 9 11 7 34
1 6 1 9 0 18 168
1 6 1 8 17 2 13
1 6 1 8 6 13 125
1 6 1 7 12 8 52
1 6 1 7 1 19 62
1 6 1 6 18 3 20
1 6 1 6 7 14 26
1 6 1 5 13 9 147
1 6 1 5 2 20 1
1 6 1 4 19 4 156
1 6 1 4 8 15 132
1 6 1 3 14 10 1
1 6 1 3 3 21 24
1 6 1 2 20 5 27
1 6 1 2 9 16 15
1 6 1 1 26 0 144
1 6 1 1 15 11 184
1 6 1 1 4 22 99
1 6 1 0 21 6 41
1 6 1 0 10 17 156
1 6 0 27 0 1 186
1 6 0 25 1 2 152
1 6 0 23 2 3 115
1 6 0 21 3 4 76
1 6 0 19 4 5 30
1 6 0 18 10 0 49
1 6 0 17 5 6 196
1 6 0 16 11 1 133
1 6 0 16 0 12 113
1 6 0 14 12 2 77
1 6 0 14 1 13 113
1 6 0 13 7 8 128
1 6 0 12 13 3 181
1 6 0 12 2 14 16
1 6 0 11 8 9 68
1 6 0 10 14 4 22
1 6 0 10 3 15 8
1 6 0 9 9 10 15
1 6 0 8 15 5 129
1 6 0 8 4 16 178
1 6 0 7 21 0 67
1 6 0 7 10 11 8
1 6 0 6 16 6 9
1 6 0 6 5 17 76
1 6 0 5 22 1 161
1 6 0 5 11 12 105
1 6 0 5 0 23 175
1 6 0 4 17 7 47
1 6 0 4 6 18 163
1 6 0 3 23 2 121
1 6 0 3 12 13 38
1 6 0 3 1 24 96
1 6 0 2 18 8 2
1 6 0 2 7 19 98
1 6 0 1 24 3 160
1 6 0 1 13 14 39
1 6 0 1 2 25 81
1 6 0 0 19 9 195
1 6 0 0 8 20 22
1 5 28 0 0 1 133
1 5 26 3 0 0 112
1 5 26 1 1 1 157
1 5 24 4 1 0 81
1 5 24 2 2 1 7
1 5 24 0 3 2 41
1 5 23 2 0 4 92
1 5 23 0 1 5 79
1 5 22 5 2 0 89
1 5 22 3 3 1 116
1 5 22 1 4 2 30
1 5 21 5 0 3 168
1 5 21 3 1 4 50
1 5 21 1 2 5 152
1 5 21 0 8 0 98
1 5 20 6 3 0 35
1 5 20 4 4 1 172
1 5 20 2 5 2 193
1 5 20 1 0 8 48
1 5 20 0 6 3 168
1 5 19 8 0 2 190
1 5 19 6 1 3 139
1 5 19 4 2 4 118
1 5 19 2 3 5 45
1 5 19 1 9 0 116
1 5 19 0 4 6 193
1 5 18 7 4 0 85
1 5 18 5 5 1 7
1 5 18 4 0 7 47
1 5 18 3 6 2 100
1 5 18 2 1 8 96
1 5 18 1 7 3 193
1 5 18 0 2 9 144
1 5 17 11 0 1 143
1 5 17 9 1 2 141
1 5 17 7 2 3 3
1 5 17 5 3 4 107
1 5 17 3 4 5 153
1 5 17 2 10 0 65
1 5 17 1 5 6 41
1 5 17 0 11 1 125
1 5 17 0 0 12 191
1 5 16 8 5 0 33
1 5 16 7 0 6 139
1 5 16 6 6 1 58
1 5 16 5 1 7 183
1 5 16 4 7 2 2
1 5 16 3 2 8 188
1 5 16 2 8 3 69
1 5 16 1 3 9 139
1 5 16 0 9 4 6
1 5 15 14 0 0 115
1 5 15 12 1 1 139
1 5 15 10 2 2 95
1 5 15 8 3 3 50
1 5 15 6 4 4 25
1 5 15 4 5 5 119
1 5 15 3 11 0 167
1 5 15 2 6 6 134
1 5 15 1 12 1 102
1 5 15 1 1 12 98
1 5 15 0 7 7 82
1 5 14 10 0 5 55
1 5 14 9 6 0 54
1 5 14 8 1 6 20
1 5 14 7 7 1 128
1 5 14 6 2 7 53
1 5 14 5 8 2 147
1 5 14 4 3 8 127
1 5 14 3 9 3 78
1 5 14 2 4 9 33
1 5 14 1 10 4 10
1 5 14 0 5 10 58
1 5 13 15 1 0 77
1 5 13 13 2 1 80
1 5 13 11 3 2 92
1 5 13 9 4 3 109
1 5 13 7 5 4 95
1 5 13 6 0 10 197
1 5 13 5 6 5 98
1 5 13 4 12 0 101
1 5 13 4 1 11 132
1 5 13 3 7 6 85
1 5 13 2 13 1 52
1 5 13 2 2 12 20
1 5 13 1 8 7 74
1 5 13 0 14 2 121
1 5 13 0 3 13 62
1 5 12 13 0 4 30
1 5 12 11 1 5 78
1 5 12 10 7 0 14
1 5 12 9 2 6 23
1 5 12 8 8 1 149
1 5 12 7 3 7 59
1 5 12 6 9 2 197
1 5 12 5 4 8 125
1 5 12 4 10 3 50
1 5 12 3 5 9 25
1 5 12 2 11 4 15
1 5 12 2 0 15 18
1 5 12 1 6 10 48
1 5 12 0 12 5 96
1 5 12 0 1 16 189
1 5 11 16 2 0 102
1 5 11 14 3 1 67
1 5 11 12 4 2 194
1 5 11 10 5 3 35
1 5 11 9 0 9 123
1 5 11 8 6 4 32
1 5 11 7 1 10 167
1 5 11 6 7 5 8
1 5 11 5 13 0 2
1 5 11 5 2 11 145
1 5 11 4 8 6 42
1 5 11 3 14 1 52
1 5 11 3 3 12 193
1 5 11 2 9 7 70
1 5 11 1 15 2 181
1 5 11 1 4 13 167
1 5 11 0 10 8 94
1 5 10 16 0 3 97
1 5 10 14 1 4 165
1 5 10 12 2 5 112
1 5 10 11 8 0 131
1 5 10 9 9 1 128
1 5 10 8 4 7 20
1 5 10 7 10 2 15
1 5 10 6 5 8 24
1 5 10 5 11 3 2
1 5 10 5 0 14 14
1 5 10 4 6 9 6
1 5 10 3 12 4 100
1 5 10 3 1 15 68
1 5 10 2 7 10 180
1 5 10 1 13 5 44
1 5 10 1 2 16 53
1 5 10 0 19 0 10
1 5 10 0 8 11 175
1 5 9 17 3 0 103
1 5 9 15 4 1 143
1 5 9 13 5 2 62
1 5 9 12 0 8 119
1 5 9 11 6 3 167
1 5 9 10 1 9 128
1 5 9 9 7 4 80
1 5 9 8 2 10 179
1 5 9 7 8 5 97
1 5 9 6 14 0 120
1 5 9 6 3 11 66
1 5 9 5 9 6 17
1 5 9 4 15 1 3
1 5 9 4 4 12 35
1 5 9 3 10 7 85
1 5 9 2 16 2 119
1 5 9 2 5 13 126
1 5 9 1 11 8 121
1 5 9 1 0 19 124
1 5 9 0 17 3 183
1 5 9 0 6 14 24
1 5 8 19 0 2 174
1 5 8 17 1 3 45
1 5 8 15 2 4 21
1 5 8 13 3 5 43
1 5 8 12 9 0 36
1 5 8 11 4 6 114
1 5 8 10 10 1 102
1 5 8 9 5 7 155
1 5 8 8 11 2 144
1 5 8 8 0 13 28
1 5 8 7 6 8 181
1 5 8 6 12 3 86
1 5 8 6 1 14 192
1 5 8 5 7 9 181
1 5 8 4 13 4 146
1 5 8 4 2 15 23
1 5 8 3 8 10 75
1 5 8 2 14 5 135
1 5 8 2 3 16 2
1 5 8 1 20 0 111
1 5 8 1 9 11 28
1 5 8 0 15 6 52
1 5 8 0 4 17 101
1 5 7 18 4 0 54
1 5 7 16 5 1 83
1 5 7 15 0 7 102
1 5 7 14 6 2 77
1 5 7 13 1 8 152
1 5 7 12 7 3 122
1 5 7 11 2 9 119
1 5 7 10 8 4 168
1 5 7 9 3 10 136
1 5 7 8 9 5 16
1 5 7 7 15 0 176
1 5 7 7 4 11 94
1 5 7 6 10 6 66
1 5 7 5 16 1 161
1 5 7 5 5 12 172
1 5 7 4 11 7 42
1 5 7 4 0 18 43
1 5 7 3 17 2 123
1 5 7 3 6 13 187
1 5 7 2 12 8 10
1 5 7 2 1 19 94
1 5 7 1 18 3 105
1 5 7 1 7 14 33
1 5 7 0 13 9 30
1 5 7 0 2 20 171
1 5 6 22 0 1 136
1 5 6 20 1 2 81
1 5 6 18 2 3 75
1 5 6 16 3 4 194
1 5 6 14 4 5 55
1 5 6 13 10 0 76
1 5 6 12 5 6 119
1 5 6 11 11 1 125
1 5 6 11 0 12 81
1 5 6 10 6 7 169
1 5 6 9 12 2 166
1 5 6 9 1 13 173
1 5 6 8 7 8 169
1 5 6 7 13 3 79
1 5 6 7 2 14 175
1 5 6 6 8 9 176
1 5 6 5 14 4 134
1 5 6 5 3 15 22
1 5 6 4 9 10 36
1 5 6 3 15 5 97
1 5 6 3 4 16 33
1 5 6 2 21 0 175
1 5 6 2 10 11 188
1 5 6 1 16 6 78
1 5 6 1 5 17 25
1 5 6 0 22 1 179
1 5 6 0 11 12 123
1 5 6 0 0 23 162
1 5 5 19 5 0 173
1 5 5 18 0 6 174
1 5 5 17 6 1 61
1 5 5 16 1 7 82
1 5 5 15 7 2 163
1 5 5 14 2 8 181
1 5 5 13 8 3 36
1 5 5 12 3 9 193
1 5 5 11 9 4 134
1 5 5 10 4 10 177
1 5 5 9 10 5 106
1 5 5 8 16 0 135
1 5 5 8 5 11 37
1 5 5 7 11 6 122
1 5 5 7 0 17 29
1 5 5 6 17 1 115
1 5 5 6 6 12 137
1 5 5 5 12 7 17
1 5 5 5 1 18 140
1 5 5 4 18 2 164
1 5 5 4 7 13 29
1 5 5 3 13 8 26
1 5 5 3 2 19 103
1 5 5 2 19 3 36
1 5 5 2 8 14 63
1 5 5 1 14 9 56
1 5 5 1 3 20 32
1 5 5 0 20 4 166
1 5 5 0 9 15 95
1 5 4 25 0 0 86
1 5 4 23 1 1 138
1 5 4 21 2 2 164
1 5 4 19 3 3 72
1 5 4 17 4 4 159
1 5 4 15 5 5 56
1 5 4 14 11 0 20
1 5 4 14 0 11 137
1 5 4 13 6 6 143
1 5 4 12 12 1 182
1 5 4 12 1 12 180
1 5 4 11 7 7 92
1 5 4 10 13 2 1
1 5 4 10 2 13 188
1 5 4 9 8 8 58
1 5 4 8 14 3 131
1 5 4 8 3 14 22
1 5 4 7 9 9 197
1 5 4 6 15 4 190
1 5 4 6 4 15 44
1 5 4 5 10 10 44
1 5 4 4 16 5 189
1 5 4 4 5 16 104
1 5 4 3 22 0 151
1 5 4 3 11 11 189
1 5 4 3 0 22 20
1 5 4 2 17 6 46
1 5 4 2 6 17 88
1 5 4 1 23 1 188
1 5 4 1 12 12 196
1 5 4 1 1 23 180
1 5 4 0 18 7 140
1 5 4 0 7 18 18
1 5 3 21 0 5 142
1 5 3 20 6 0 7
1 5 3 19 1 6 109
1 5 3 18 7 1 16
1 5 3 17 2 7 98
1 5 3 16 8 2 162
1 5 3 15 3 8 163
1 5 3 14 9 3 142
1 5 3 13 4 9 61
1 5 3 12 10 4 112
1 5 3 11 5 10 40
1 5 3 10 11 5 38
1 5 3 10 0 16 35
1 5 3 9 17 0 44
1 5 3 9 6 11 114
1 5 3 8 12 6 112
1 5 3 8 1 17 110
1 5 3 7 18 1 171
1 5 3 7 7 12 63
1 5 3 6 13 7 142
1 5 3 6 2 18 62
1 5 3 5 19 2 36
1 5 3 5 8 13 191
1 5 3 4 14 8 16
1 5 3 4 3 19 43
1 5 3 3 20 3 91
1 5 3 3 9 14 146
1 5 3 2 15 9 26
1 5 3 2 4 20 8
1 5 3 1 21 4 95
1 5 3 1 10 15 25
1 5 3 0 16 10 62
1 5 3 0 5 21 162
1 5 2 26 1 0 27
1 5 2 24 2 1 144
1 5 2 22 3 2 165
1 5 2 20 4 3 146
1 5 2 18 5 4 166
1 5 2 17 0 10 6
1 5 2 16 6 5 25
1 5 2 15 12 0 172
1 5 2 15 1 11 160
1 5 2 14 7 6 188
1 5 2 13 13 1 134
1 5 2 13 2 12 47
1 5 2 12 8 7 75
1 5 2 11 14 2 74
1 5 2 11 3 13 34
1 5 2 10 9 8 163
1 5 2 9 15 3 55
1 5 2 9 4 14 134
1 5 2 8 10 9 71
1 5 2 7 16 4 77
1 5 2 7 5 15 132
1 5 2 6 11 10 13
1 5 2 6 0 21 166
1 5 2 5 17 5 64
1 5 2 5 6 16 117
1 5 2 4 23 0 41
1 5 2 4 12 11 134
1 5 2 4 1 22 54
1 5 2 3 18 6 43
1 5 2 3 7 17 133
1 5 2 2 24 1 112
1 5 2 2 13 12 126
1 5 2 2 2 23 63
1 5 2 1 19 7 71
1 5 2 1 8 18 42
1 5 2 0 25 2 96
1 5 2 0 14 13 195
1 5 2 0 3 24 187
1 5 1 24 0 4 19
1 5 1 21 7 0 142
1 5 1 20 2 6 72
1 5 1 19 8 1 185
1 5 1 18 3 7 147
1 5 1 17 9 2 151
1 5 1 16 4 8 188
1 5 1 15 10 3 142
1 5 1 14 5 9 23
1 5 1 13 11 4 178
1 5 1 13 0 15 185
1 5 1 12 6 10 121
1 5 1 11 12 5 159
1 5 1 11 1 16 100
1 5 1 10 18 0 184
1 5 1 10 7 11 148
1 5 1 9 13 6 165
1 5 1 9 2 17 121
1 5 1 8 19 1 108
1 5 1 8 8 12 28
1 5 1 7 14 7 72
1 5 1 7 3 18 20
1 5 1 6 20 2 111
1 5 1 6 9 13 74
1 5 1 5 15 8 18
1 5 1 5 4 19 144
1 5 1 4 21 3 36
1 5 1 4 10 14 121
1 5 1 3 16 9 58
1 5 1 3 5 20 136
1 5 1 2 22 4 76
1 5 1 2 11 15 46
1 5 1 2 0 26 13
1 5 1 1 17 10 66
1 5 1 1 6 21 106
1 5 1 0 23 5 77
1 5 1 0 1 27 123
1 5 0 27 2 0 63
1 5 0 25 3 1 192
1 5 0 23 4 2 105
1 5 0 21 5 3 114
1 5 0 20 0 9 193
1 5 0 19 6 4 2
1 5 0 18 1 10 49
1 5 0 17 7 5 45
1 5 0 16 13 0 119
1 5 0 16 2 11 104
1 5 0 15 8 6 16
1 5 0 14 14 1 114
1 5 0 14 3 12 137
1 5 0 13 9 7 103
1 5 0 12 15 2 37
1 5 0 12 4 13 160
1 5 0 11 10 8 188
1 5 0 10 16 3 141
1 5 0 10 5 14 78
1 5 0 9 11 9 182
1 5 0 9 0 20 190
1 5 0 8 17 4 32
1 5 0 8 6 15 79
1 5 0 7 12 10 104
1 5 0 7 1 21 144
1 5 0 6 18 5 157
1 5 0 6 7 16 11
1 5 0 5 24 0 119
1 5 0 5 13 11 133
1 5 0 5 2 22 155
1 5 0 4 19 6 165
1 5 0 4 8 17 191
1 5 0 3 25 1 74
1 5 0 3 14 12 187
1 5 0 3 3 23 109
1 5 0 2 20 7 47
1 5 0 2 9 18 94
1 5 0 1 26 2 127
1 5 0 1 15 13 53
1 5 0 1 4 24 56
1 5 0 0 21 8 58
1 5 0 0 10 19 170
1 4 28 0 2 0 57
1 4 27 0 0 3 6
1 4 26 1 3 0 150
1 4 25 3 0 2 145
1 4 25 1 1 3 75
1 4 24 2 4 0 173
1 4 24 0 5 1 152
1 4 23 6 0 1 30
1 4 23 4 1 2 8
1 4 23 2 2 3 92
1 4 23 0 3 4 163
1 4 22 3 5 0 118
1 4 22 2 0 6 121
1 4 22 1 6 1 125
1 4 22 0 1 7 19
1 4 21 9 0 0 52
1 4 21 7 1 1 87
1 4 21 5 2 2 57
1 4 21 3 3 3 38
1 4 21 1 4 4 69
1 4 20 5 0 5 135
1 4 20 4 6 0 153
1 4 20 3 1 6 130
1 4 20 2 7 1 159
1 4 20 1 2 7 79
1 4 20 0 8 2 122
1 4 19 10 1 0 59
1 4 19 8 2 1 188
1 4 19 6 3 2 97
1 4 19 4 4 3 169
1 4 19 2 5 4 43
1 4 19 1 0 10 98
1 4 19 0 6 5 147
1 4 18 8 0 4 82
1 4 18 6 1 5 31
1 4 18 5 7 0 34
1 4 18 4 2 6 175
1 4 18 3 8 1 149
1 4 18 2 3 7 26
1 4 18 1 9 2 188
1 4 18 0 4 8 170
1 4 17 11 2 0 97
1 4 17 9 3 1 171
1 4 17 7 4 2 56
1 4 17 5 5 3 156
1 4 17 4 0 9 60
1 4 17 3 6 4 96
1 4 17 2 1 10 67
1 4 17 1 7 5 131
1 4 17 0 13 0 38
1 4 17 0 2 11 20
1 4 16 11 0 3 10
1 4 16 9 1 4 59
1 4 16 7 2 5 180
1 4 16 6 8 0 110
1 4 16 5 3 6 160
1 4 16 4 9 1 165
1 4 16 3 4 7 73
1 4 16 2 10 2 103
1 4 16 1 5 8 18
1 4 16 0 11 3 42
1 4 16 0 0 14 100
1 4 15 12 3 0 176
1 4 15 10 4 1 154
1 4 15 8 5 2 143
1 4 15 7 0 8 74
1 4 15 6 6 3 113
1 4 15 5 1 9 103
1 4 15 4 7 4 114
1 4 15 3 2 10 47
1 4 15 2 8 5 159
1 4 15 1 14 0 98
1 4 15 1 3 11 139
1 4 15 0 9 6 5
1 4 14 14 0 2 131
1 4 14 12 1 3 2
1 4 14 10 2 4 30
1 4 14 8 3 5 20
1 4 14 7 9 0 13
1 4 14 6 4 6 34
1 4 14 5 10 1 122
1 4 14 4 5 7 16
1 4 14 3 11 2 186
1 4 14 3 0 13 78
1 4 14 2 6 8 69
1 4 14 1 12 3 187
1 4 14 1 1 14 158
1 4 14 0 7 9 65
1 4 13 13 4 0 75
1 4 13 11 5 1 71
1 4 13 10 0 7 174
1 4 13 9 6 2 92
1 4 13 8 1 8 153
1 4 13 7 7 3 131
1 4 13 6 2 9 172
1 4 13 5 8 4 58
1 4 13 4 3 10 54
1 4 13 3 9 5 114
1 4 13 2 15 0 102
1 4 13 2 4 11 86
1 4 13 1 10 6 94
1 4 13 0 16 1 122
1 4 13 0 5 12 26
1 4 12 17 0 1 189
1 4 12 15 1 2 30
1 4 12 13 2 3 44
1 4 12 11 3 4 91
1 4 12 9 4 5 97
1 4 12 8 10 0 177
1 4 12 7 5 6 139
1 4 12 6 11 1 78
1 4 12 6 0 12 167
1 4 12 5 6 7 127
1 4 12 4 12 2 106
1 4 12 4 1 13 75
1 4 12 3 7 8 110
1 4 12 2 13 3 80
1 4 12 2 2 14 116
1 4 12 1 8 9 198
1 4 12 0 14 4 106
1 4 12 0 3 15 1
1 4 11 14 5 0 33
1 4 11 13 0 6 96
1 4 11 12 6 1 52
1 4 11 11 1 7 31
1 4 11 10 7 2 157
1 4 11 9 2 8 182
1 4 11 8 8 3 140
1 4 11 7 3 9 36
1 4 11 6 9 4 132
1 4 11 5 4 10 171
1 4 11 4 10 5 3
1 4 11 3 16 0 126
1 4 11 3 5 11 144
1 4 11 2 0 17 100
1 4 11 1 17 1 8
1 4 11 1 6 12 74
1 4 11 0 12 7 64
1 4 11 0 1 18 10
1 4 10 20 0 0 186
1 4 10 18 1 1 190
1 4 10 16 2 2 130
1 4 10 14 3 3 166
1 4 10 12 4 4 139
1 4 10 10 5 5 55
1 4 10 9 11 0 142
1 4 10 9 0 11 115
1 4 10 8 6 6 63
1 4 10 7 12 1 111
1 4 10 7 1 12 145
1 4 10 6 7 7 190
1 4 10 5 13 2 198
1 4 10 5 2 13 122
1 4 10 4 8 8 24
1 4 10 3 14 3 38
1 4 10 3 3 14 95
1 4 10 2 9 9 192
1 4 10 1 15 4 117
1 4 10 1 4 15 52
1 4 10 0 10 10 138
1 4 9 16 0 5 34
1 4 9 15 6 0 178
1 4 9 14 1 6 74
1 4 9 13 7 1 37
1 4 9 12 2 7 100
1 4 9 11 8 2 148
1 4 9 10 3 8 194
1 4 9 9 9 3 195
1 4 9 8 4 9 10
1 4 9 7 10 4 50
1 4 9 6 5 10 117
1 4 9 5 11 5 108
1 4 9 5 0 16 21
1 4 9 4 17 0 187
1 4 9 4 6 11 74
1 4 9 3 12 6 23
1 4 9 3 1 17 129
1 4 9 2 18 1 61
1 4 9 2 7 12 142
1 4 9 1 13 7 99
1 4 9 1 2 18 15
1 4 9 0 19 2 77
1 4 9 0 8 13 28
1 4 8 21 1 0 184
1 4 8 19 2 1 116
1 4 8 17 3 2 76
1 4 8 15 4 3 159
1 4 8 13 5 4 14
1 4 8 12 0 10 193
1 4 8 11 6 5 81
1 4 8 10 12 0 151
1 4 8 10 1 11 170
1 4 8 9 7 6 145
1 4 8 8 13 1 75
1 4 8 8 2 12 52
1 4 8 7 8 7 116
1 4 8 6 14 2 109
1 4 8 6 3 13 19
1 4 8 5 9 8 186
1 4 8 4 15 3 6
1 4 8 4 4 14 93
1 4 8 3 10 9 170
1 4 8 2 16 4 29
1 4 8 2 5 15 4
1 4 8 1 11 10 48
1 4 8 1 0 21 138
1 4 8 0 17 5 49
1 4 8 0 6 16 117
1 4 7 19 0 4 190
1 4 7 17 1 5 4
1 4 7 16 7 0 143
1 4 7 15 2 6 129
1 4 7 14 8 1 132
1 4 7 13 3 7 27
1 4 7 12 9 2 122
1 4 7 11 4 8 14
1 4 7 10 10 3 186
1 4 7 9 5 9 194
1 4 7 8 11 4 41
1 4 7 8 0 15 37
1 4 7 7 6 10 40
1 4 7 6 12 5 177
1 4 7 6 1 16 187
1 4 7 5 18 0 107
1 4 7 5 7 11 22
1 4 7 4 13 6 51
1 4 7 4 2 17 46
1 4 7 3 19 1 82
1 4 7 3 8 12 41
1 4 7 2 14 7 60
1 4 7 2 3 18 132
1 4 7 1 20 2 187
1 4 7 1 9 13 189
1 4 7 0 15 8 138
1 4 7 0 4 19 178
1 4 6 22 2 0 144
1 4 6 20 3 1 67
1 4 6 18 4 2 155
1 4 6 16 5 3 149
1 4 6 15 0 9 136
1 4 6 14 6 4 134
1 4 6 13 1 10 61
1 4 6 12 7 5 10
1 4 6 11 13 0 115
1 4 6 11 2 11 42
1 4 6 10 8 6 63
1 4 6 9 14 1 60
1 4 6 9 3 12 75
1 4 6 8 9 7 59
1 4 6 7 15 2 144
1 4 6 7 4 13 144
1 4 6 6 10 8 165
1 4 6 5 16 3 117
1 4 6 5 5 14 138
1 4 6 4 11 9 164
1 4 6 4 0 20 72
1 4 6 3 17 4 102
1 4 6 3 6 15 71
1 4 6 2 12 10 9
1 4 6 2 1 21 53
1 4 6 1 18 5 3
1 4 6 1 7 16 114
1 4 6 0 24 0 10
1 4 6 0 13 11 48
1 4 6 0 2 22 46
1 4 5 22 0 3 38
1 4 5 20 1 4 129
1 4 5 18 2 5 40
1 4 5 17 8 0 139
1 4 5 16 3 6 168
1 4 5 15 9 1 100
1 4 5 14 4 7 150
1 4 5 13 10 2 59
1 4 5 12 5 8 148
1 4 5 11 11 3 175
1 4 5 11 0 14 68
1 4 5 10 6 9 85
1 4 5 9 12 4 189
1 4 5 9 1 15 150
1 4 5 8 7 10 105
1 4 5 7 13 5 47
1 4 5 7 2 16 148
1 4 5 6 19 0 173
1 4 5 6 8 11 168
1 4 5 5 14 6 74
1 4 5 5 3 17 53
1 4 5 4 20 1 124
1 4 5 4 9 12 197
1 4 5 3 15 7 125
1 4 5 3 4 18 123
1 4 5 2 21 2 89
1 4 5 2 10 13 104
1 4 5 1 16 8 63
1 4 5 1 5 19 177
1 4 5 0 22 3 152
1 4 5 0 11 14 105
1 4 5 0 0 25 25
1 4 4 23 3 0 174
1 4 4 21 4 1 193
1 4 4 19 5 2 42
1 4 4 18 0 8 125
1 4 4 17 6 3 19
1 4 4 16 1 9 122
1 4 4 15 7 4 72
1 4 4 14 2 10 54
1 4 4 13 8 5 35
1 4 4 12 14 0 87
1 4 4 12 3 11 61
1 4 4 11 9 6 195
1 4 4 10 15 1 114
1 4 4 10 4 12 130
1 4 4 9 10 7 69
1 4 4 8 16 2 38
1 4 4 8 5 13 53
1 4 4 7 11 8 122
1 4 4 7 0 19 70
1 4 4 6 17 3 139
1 4 4 6 6 14 169
1 4 4 5 12 9 99
1 4 4 5 1 20 100
1 4 4 4 18 4 17
1 4 4 4 7 15 53
1 4 4 3 13 10 164
1 4 4 3 2 21 11
1 4 4 2 19 5 190
1 4 4 2 8 16 18
1 4 4 1 25 0 5
1 4 4 1 14 11 24
1 4 4 1 3 22 90
1 4 4 0 20 6 46
1 4 4 0 9 17 155
1 4 3 25 0 2 113
1 4 3 23 1 3 185
1 4 3 21 2 4 186
1 4 3 19 3 5 180
1 4 3 18 9 0 33
1 4 3 17 4 6 186
1 4 3 16 10 1 37
1 4 3 15 5 7 198
1 4 3 14 11 2 50
1 4 3 14 0 13 6
1 4 3 13 6 8 11
1 4 3 12 12 3 126
1 4 3 12 1 14 64
1 4 3 11 7 9 101
1 4 3 10 13 4 114
1 4 3 10 2 15 179
1 4 3 9 8 10 123
1 4 3 8 14 5 193
1 4 3 8 3 16 93
1 4 3 7 20 0 168
1 4 3 7 9 11 166
1 4 3 6 15 6 155
1 4 3 6 4 17 116
1 4 3 5 21 1 43
1 4 3 5 10 12 147
1 4 3 4 16 7 171
1 4 3 3 22 2 186
1 4 3 3 11 13 195
1 4 3 3 0 24 106
1 4 3 2 17 8 44
1 4 3 2 6 19 16
1 4 3 1 23 3 91
1 4 3 1 12 14 54
1 4 3 1 1 25 68
1 4 3 0 18 9 152
1 4 3 0 7 20 163
1 4 2 24 4 0 19
1 4 2 22 5 1 134
1 4 2 21 0 7 182
1 4 2 20 6 2 133
1 4 2 19 1 8 23
1 4 2 18 7 3 183
1 4 2 17 2 9 145
1 4 2 16 8 4 42
1 4 2 15 3 10 21
1 4 2 14 9 5 49
1 4 2 13 15 0 154
1 4 2 13 4 11 70
1 4 2 12 10 6 198
1 4 2 11 16 1 16
1 4 2 11 5 12 2
1 4 2 10 11 7 90
1 4 2 10 0 18 85
1 4 2 9 17 2 98
1 4 2 9 6 13 120
1 4 2 8 12 8 108
1 4 2 8 1 19 87
1 4 2 7 18 3 5
1 4 2 7 7 14 106
1 4 2 6 13 9 33
1 4 2 6 2 20 130
1 4 2 5 19 4 36
1 4 2 5 8 15 112
1 4 2 4 14 10 15
1 4 2 4 3 21 172
1 4 2 3 20 5 107
1 4 2 3 9 16 107
1 4 2 2 26 0 15
1 4 2 2 15 11 65
1 4 2 2 4 22 58
1 4 2 1 21 6 178
1 4 2 1 10 17 58
1 4 2 0 27 1 4
1 4 2 0 16 12 28
1 4 2 0 5 23 57
1 4 1 28 0 1 117
1 4 1 26 1 2 15
1 4 1 24 2 3 22
1 4 1 22 3 4 48
1 4 1 20 4 5 47
1 4 1 19 10 0 45
1 4 1 18 5 6 61
1 4 1 17 11 1 96
1 4 1 17 0 12 7
1 4 1 16 6 7 118
1 4 1 15 12 2 50
1 4 1 15 1 13 43
1 4 1 13 13 3 144
1 4 1 12 8 9 62
1 4 1 11 14 4 29
1 4 1 11 3 15 82
1 4 1 10 9 10 144
1 4 1 9 15 5 77
1 4 1 9 4 16 41
1 4 1 8 21 0 164
1 4 1 8 10 11 184
1 4 1 7 16 6 104
1 4 1 7 5 17 1
1 4 1 6 22 1 127
1 4 1 6 11 12 34
1 4 1 6 0 23 152
1 4 1 5 17 7 11
1 4 1 5 6 18 172
1 4 1 4 23 2 89
1 4 1 4 12 13 25
1 4 1 4 1 24 165
1 4 1 3 18 8 56
1 4 1 3 7 19 4
1 4 1 2 24 3 183
1 4 1 2 13 14 98
1 4 1 2 2 25 184
1 4 1 1 19 9 139
1 4 1 1 8 20 25
1 4 1 0 25 4 63
1 4 1 0 14 15 109
1 4 1 0 3 26 111
1 4 0 25 5 0 40
1 4 0 24 0 6 185
1 4 0 23 6 1 138
1 4 0 22 1 7 97
1 4 0 21 7 2 142
1 4 0 20 2 8 136
1 4 0 19 8 3 77
1 4 0 18 3 9 33
1 4 0 17 9 4 14
1 4 0 16 4 10 127
1 4 0 15 10 5 39
1 4 0 14 16 0 136
1 4 0 14 5 11 93
1 4 0 13 11 6 95
1 4 0 13 0 17 90
1 4 0 12 17 1 7
1 4 0 12 6 12 4
1 4 0 11 12 7 41
1 4 0 11 1 18 14
1 4 0 10 18 2 56
1 4 0 10 7 13 177
1 4 0 9 13 8 41
1 4 0 9 2 19 153
1 4 0 8 19 3 141
1 4 0 8 8 14 196
1 4 0 7 14 9 171
1 4 0 7 3 20 168
1 4 0 6 20 4 109
1 4 0 6 9 15 102
1 4 0 5 15 10 57
1 4 0 5 4 21 130
1 4 0 4 21 5 36
1 4 0 4 10 16 185
1 4 0 3 27 0 50
1 4 0 3 16 11 81
1 4 0 3 5 22 12
1 4 0 2 22 6 163
1 4 0 2 11 17 98
1 4 0 2 0 28 162
1 4 0 1 28 1 42
1 4 0 1 17 12 78
1 4 0 1 6 23 24
1 4 0 0 23 7 37
1 4 0 0 12 18 23
1 4 0 0 1 29 136
1 3 29 1 0 1 38
1 3 27 4 0 0 110
1 3 27 2 1 1 87
1 3 27 0 2 2 10
1 3 26 0 0 5 8
1 3 25 5 1 0 54
1 3 25 3 2 1 13
1 3 25 1 3 2 6
1 3 24 3 0 4 170
1 3 24 1 1 5 112
1 3 24 0 7 0 79
1 3 23 6 2 0 71
1 3 23 4 3 1 165
1 3 23 2 4 2 158
1 3 23 0 5 3 104
1 3 22 6 0 3 94
1 3 22 4 1 4 12
1 3 22 2 2 5 131
1 3 22 1 8 0 101
1 3 22 0 3 6 138
1 3 21 7 3 0 173
1 3 21 5 4 1 190
1 3 21 3 5 2 22
1 3 21 2 0 8 10
1 3 21 1 6 3 43
1 3 21 0 1 9 136
1 3 20 9 0 2 138
1 3 20 7 1 3 19
1 3 20 5 2 4 165
1 3 20 3 3 5 156
1 3 20 2 9 0 196
1 3 20 1 4 6 149
1 3 20 0 10 1 31
1 3 19 8 4 0 39
1 3 19 6 5 1 177
1 3 19 5 0 7 89
1 3 19 4 6 2 72
1 3 19 3 1 8 18
1 3 19 2 7 3 30
1 3 19 1 2 9 6
1 3 19 0 8 4 147
1 3 18 12 0 1 28
1 3 18 10 1 2 198
1 3 18 8 2 3 196
1 3 18 6 3 4 9
1 3 18 4 4 5 108
1 3 18 3 10 0 61
1 3 18 2 5 6 164
1 3 18 1 11 1 18
1 3 18 1 0 12 114
1 3 18 0 6 7 2
1 3 17 9 5 0 75
1 3 17 8 0 6 109
1 3 17 7 6 1 158
1 3 17 6 1 7 100
1 3 17 5 7 2 25
1 3 17 4 2 8 168
1 3 17 3 8 3 32
1 3 17 2 3 9 195
1 3 17 1 9 4 56
1 3 17 0 4 10 44
1 3 16 15 0 0 156
1 3 16 13 1 1 6
1 3 16 11 2 2 124
1 3 16 9 3 3 73
1 3 16 7 4 4 195
1 3 16 5 5 5 25
1 3 16 4 11 0 58
1 3 16 4 0 11 45
1 3 16 3 6 6 101
1 3 16 2 12 1 161
1 3 16 2 1 12 6
1 3 16 1 7 7 125
1 3 16 0 13 2 51
1 3 16 0 2 13 26
1 3 15 11 0 5 142
1 3 15 10 6 0 26
1 3 15 9 1 6 12
1 3 15 8 7 1 131
1 3 15 7 2 7 115
1 3 15 6 8 2 114
1 3 15 5 3 8 49
1 3 15 4 9 3 26
1 3 15 3 4 9 181
1 3 15 2 10 4 7
1 3 15 1 5 10 19
1 3 15 0 11 5 177
1 3 15 0 0 16 19
1 3 14 16 1 0 173
1 3 14 14 2 1 61
1 3 14 12 3 2 151
1 3 14 10 4 3 4
1 3 14 8 5 4 35
1 3 14 7 0 10 151
1 3 14 6 6 5 50
1 3 14 5 12 0 12
1 3 14 5 1 11 25
1 3 14 4 7 6 88
1 3 14 3 13 1 93
1 3 14 3 2 12 172
1 3 14 2 8 7 39
1 3 14 1 14 2 57
1 3 14 1 3 13 171
1 3 14 0 9 8 49
1 3 13 14 0 4 187
1 3 13 12 1 5 79
1 3 13 11 7 0 149
1 3 13 10 2 6 148
1 3 13 9 8 1 91
1 3 13 8 3 7 78
1 3 13 7 9 2 97
1 3 13 6 4 8 169
1 3 13 5 10 3 89
1 3 13 4 5 9 56
1 3 13 3 11 4 83
1 3 13 3 0 15 115
1 3 13 2 6 10 171
1 3 13 1 12 5 150
1 3 13 1 1 16 51
1 3 13 0 18 0 128
1 3 13 0 7 11 160
1 3 12 17 2 0 186
1 3 12 15 3 1 183
1 3 12 13 4 2 53
1 3 12 11 5 3 141
1 3 12 10 0 9 6
1 3 12 9 6 4 128
1 3 12 8 1 10 90
1 3 12 7 7 5 107
1 3 12 6 2 11 127
1 3 12 5 8 6 88
1 3 12 4 14 1 102
1 3 12 4 3 12 181
1 3 12 3 9 7 198
1 3 12 2 15 2 191
1 3 12 2 4 13 126
1 3 12 1 10 8 65
1 3 12 0 16 3 133
1 3 12 0 5 14 55
1 3 11 17 0 3 13
1 3 11 15 1 4 107
1 3 11 13 2 5 122
1 3 11 12 8 0 146
1 3 11 11 3 6 130
1 3 11 10 9 1 167
1 3 11 9 4 7 122
1 3 11 8 10 2 107
1 3 11 7 5 8 153
1 3 11 6 11 3 85
1 3 11 6 0 14 44
1 3 11 5 6 9 131
1 3 11 4 12 4 36
1 3 11 4 1 15 100
1 3 11 3 7 10 41
1 3 11 2 13 5 61
1 3 11 2 2 16 148
1 3 11 1 19 0 81
1 3 11 1 8 11 3
1 3 11 0 14 6 148
1 3 11 0 3 17 42
1 3 10 18 3 0 168
1 3 10 16 4 1 92
1 3 10 14 5 2 4
1 3 10 13 0 8 194
1 3 10 12 6 3 163
1 3 10 11 1 9 185
1 3 10 10 7 4 65
1 3 10 9 2 10 183
1 3 10 8 8 5 19
1 3 10 7 14 0 80
1 3 10 7 3 11 168
1 3 10 6 9 6 193
1 3 10 5 15 1 189
1 3 10 5 4 12 73
1 3 10 4 10 7 131
1 3 10 3 16 2 180
1 3 10 3 5 13 158
1 3 10 2 11 8 18
1 3 10 2 0 19 73
1 3 10 1 17 3 11
1 3 10 1 6 14 94
1 3 10 0 12 9 155
1 3 10 0 1 20 141
1 3 9 20 0 2 118
1 3 9 18 1 3 31
1 3 9 16 2 4 108
1 3 9 14 3 5 106
1 3 9 13 9 0 58
1 3 9 12 4 6 116
1 3 9 11 10 1 5
1 3 9 10 5 7 127
1 3 9 9 11 2 154
1 3 9 9 0 13 54
1 3 9 8 6 8 58
1 3 9 7 12 3 34
1 3 9 7 1 14 20
1 3 9 6 7 9 22
1 3 9 5 13 4 59
1 3 9 5 2 15 168
1 3 9 4 8 10 180
1 3 9 3 14 5 71
1 3 9 3 3 16 97
1 3 9 2 20 0 115
1 3 9 2 9 11 190
1 3 9 1 15 6 45
1 3 9 1 4 17 126
1 3 9 0 21 1 135
1 3 9 0 10 12 105
1 3 8 19 4 0 33
1 3 8 17 5 1 106
1 3 8 16 0 7 194
1 3 8 15 6 2 179
1 3 8 14 1 8 187
1 3 8 13 7 3 142
1 3 8 12 2 9 155
1 3 8 11 8 4 96
1 3 8 10 3 10 81
1 3 8 9 9 5 73
1 3 8 8 15 0 140
1 3 8 8 4 11 63
1 3 8 7 10 6 67
1 3 8 6 16 1 144
1 3 8 6 5 12 119
1 3 8 5 11 7 65
1 3 8 5 0 18 167
1 3 8 4 17 2 179
1 3 8 4 6 13 152
1 3 8 3 12 8 126
1 3 8 3 1 19 102
1 3 8 2 18 3 54
1 3 8 2 7 14 191
1 3 8 1 13 9 36
1 3 8 1 2 20 26
1 3 8 0 19 4 153
1 3 8 0 8 15 157
1 3 7 23 0 1 135
1 3 7 21 1 2 18
1 3 7 19 2 3 130
1 3 7 17 3 4 19
1 3 7 15 4 5 141
1 3 7 14 10 0 20
1 3 7 13 5 6 14
1 3 7 12 11 1 162
1 3 7 12 0 12 51
1 3 7 11 6 7 120
1 3 7 10 12 2 156
1 3 7 10 1 13 10
1 3 7 9 7 8 30
1 3 7 8 13 3 68
1 3 7 8 2 14 194
1 3 7 7 8 9 187
1 3 7 6 14 4 8
1 3 7 6 3 15 120
1 3 7 5 9 10 111
1 3 7 4 15 5 163
1 3 7 4 4 16 58
1 3 7 3 21 0 121
1 3 7 3 10 11 122
1 3 7 2 16 6 138
1 3 7 2 5 17 180
1 3 7 1 22 1 13
1 3 7 1 11 12 112
1 3 7 1 0 23 121
1 3 7 0 17 7 60
1 3 7 0 6 18 157
1 3 6 20 5 0 108
1 3 6 19 0 6 89
1 3 6 18 6 1 193
1 3 6 17 1 7 65
1 3 6 16 7 2 64
1 3 6 15 2 8 78
1 3 6 14 8 3 53
1 3 6 13 3 9 109
1 3 6 12 9 4 42
1 3 6 11 4 10 171
1 3 6 10 10 5 73
1 3 6 9 16 0 124
1 3 6 9 5 11 182
1 3 6 8 11 6 158
1 3 6 8 0 17 128
1 3 6 7 17 1 5
1 3 6 7 6 12 102
1 3 6 6 12 7 181
1 3 6 6 1 18 193
1 3 6 5 18 2 39
1 3 6 5 7 13 187
1 3 6 4 13 8 129
1 3 6 4 2 19 12
1 3 6 3 19 3 101
1 3 6 3 8 14 150
1 3 6 2 14 9 9
1 3 6 2 3 20 81
1 3 6 1 20 4 160
1 3 6 1 9 15 10
1 3 6 0 15 10 185
1 3 6 0 4 21 19
1 3 5 26 0 0 29
1 3 5 24 1 1 84
1 3 5 22 2 2 6
1 3 5 20 3 3 36
1 3 5 18 4 4 48
1 3 5 16 5 5 52
1 3 5 15 11 0 68
1 3 5 15 0 11 109
1 3 5 14 6 6 4
1 3 5 13 12 1 106
1 3 5 13 1 12 105
1 3 5 11 13 2 60
1 3 5 11 2 13 72
1 3 5 10 8 8 32
1 3 5 9 14 3 9
1 3 5 9 3 14 119
1 3 5 8 9 9 63
1 3 5 7 15 4 8
1 3 5 7 4 15 5
1 3 5 6 10 10 48
1 3 5 5 16 5 29
1 3 5 5 5 16 191
1 3 5 4 22 0 121
1 3 5 4 11 11 4
1 3 5 4 0 22 118
1 3 5 3 17 6 62
1 3 5 3 6 17 29
1 3 5 2 23 1 53
1 3 5 2 12 12 7
1 3 5 2 1 23 174
1 3 5 1 18 7 85
1 3 5 1 7 18 67
1 3 5 0 24 2 142
1 3 5 0 13 13 189
1 3 5 0 2 24 198
1 3 4 22 0 5 8
1 3 4 21 6 0 147
1 3 4 20 1 6 129
1 3 4 19 7 1 116
1 3 4 18 2 7 155
1 3 4 17 8 2 168
1 3 4 16 3 8 67
1 3 4 15 9 3 67
1 3 4 14 4 9 125
1 3 4 13 10 4 114
1 3 4 12 5 10 96
1 3 4 11 11 5 63
1 3 4 11 0 16 157
1 3 4 10 17 0 51
1 3 4 10 6 11 151
1 3 4 9 12 6 4
1 3 4 9 1 17 127
1 3 4 8 18 1 46
1 3 4 8 7 12 79
1 3 4 7 13 7 38
1 3 4 7 2 18 66
1 3 4 6 19 2 41
1 3 4 6 8 13 60
1 3 4 5 14 8 72
1 3 4 5 3 19 102
1 3 4 4 20 3 184
1 3 4 4 9 14 167
1 3 4 3 15 9 166
1 3 4 3 4 20 138
1 3 4 2 21 4 177
1 3 4 2 10 15 12
1 3 4 1 16 10 103
1 3 4 1 5 21 93
1 3 4 0 22 5 193
1 3 4 0 11 16 145
1 3 4 0 0 27 179
1 3 3 27 1 0 136
1 3 3 25 2 1 25
1 3 3 23 3 2 141
1 3 3 21 4 3 94
1 3 3 19 5 4 9
1 3 3 18 0 10 14
1 3 3 17 6 5 34
1 3 3 16 12 0 109
1 3 3 16 1 11 193
1 3 3 15 7 6 87
1 3 3 14 13 1 146
1 3 3 14 2 12 125
1 3 3 13 8 7 33
1 3 3 12 14 2 163
1 3 3 11 9 8 179
1 3 3 10 15 3 12
1 3 3 10 4 14 190
1 3 3 9 10 9 79
1 3 3 8 16 4 57
1 3 3 8 5 15 42
1 3 3 7 11 10 190
1 3 3 7 0 21 115
1 3 3 6 17 5 155
1 3 3 6 6 16 7
1 3 3 5 23 0 160
1 3 3 5 12 11 69
1 3 3 5 1 22 94
1 3 3 4 18 6 127
1 3 3 4 7 17 8
1 3 3 3 24 1 138
1 3 3 3 13 12 124
1 3 3 3 2 23 151
1 3 3 2 19 7 54
1 3 3 2 8 18 63
1 3 3 1 25 2 148
1 3 3 1 14 13 19
1 3 3 1 3 24 189
1 3 3 0 20 8 135
1 3 3 0 9 19 42
1 3 2 25 0 4 121
1 3 2 23 1 5 26
1 3 2 22 7 0 68
1 3 2 21 2 6 171
1 3 2 20 8 1 102
1 3 2 19 3 7 165
1 3 2 18 9 2 71
1 3 2 17 4 8 21
1 3 2 16 10 3 80
1 3 2 15 5 9 104
1 3 2 14 11 4 30
1 3 2 14 0 15 89
1 3 2 13 6 10 56
1 3 2 12 12 5 86
1 3 2 12 1 16 52
1 3 2 11 18 0 196
1 3 2 11 7 11 42
1 3 2 10 13 6 21
1 3 2 10 2 17 99
1 3 2 9 19 1 60
1 3 2 9 8 12 142
1 3 2 8 14 7 151
1 3 2 8 3 18 110
1 3 2 7 20 2 123
1 3 2 7 9 13 5
1 3 2 6 15 8 87
1 3 2 6 4 19 153
1 3 2 5 21 3 33
1 3 2 5 10 14 23
1 3 2 4 16 9 135
1 3 2 4 5 20 18
1 3 2 3 22 4 20
1 3 2 3 11 15 18
1 3 2 3 0 26 173
1 3 2 2 17 10 140
1 3 2 2 6 21 152
1 3 2 1 23 5 171
1 3 2 1 12 16 15
1 3 2 1 1 27 106
1 3 2 0 29 0 4
1 3 2 0 18 11 152
1 3 2 0 7 22 50
1 3 1 28 2 0 51
1 3 1 26 3 1 161
1 3 1 24 4 2 3
1 3 1 22 5 3 91
1 3 1 21 0 9 63
1 3 1 20 6 4 54
1 3 1 19 1 10 22
1 3 1 18 7 5 176
1 3 1 17 13 0 53
1 3 1 17 2 11 156
1 3 1 16 8 6 176
1 3 1 15 14 1 86
1 3 1 15 3 12 174
1 3 1 14 9 7 98
1 3 1 13 15 2 103
1 3 1 13 4 13 159
1 3 1 12 10 8 184
1 3 1 11 16 3 34
1 3 1 11 5 14 9
1 3 1 10 11 9 25
1 3 1 10 0 20 127
1 3 1 9 17 4 36
1 3 1 9 6 15 57
1 3 1 8 12 10 172
1 3 1 8 1 21 148
1 3 1 7 18 5 75
1 3 1 7 7 16 120
1 3 1 6 24 0 130
1 3 1 6 13 11 174
1 3 1 6 2 22 187
1 3 1 5 19 6 94
1 3 1 5 8 17 189
1 3 1 4 25 1 66
1 3 1 4 14 12 195
1 3 1 4 3 23 166
1 3 1 3 20 7 107
1 3 1 3 9 18 49
1 3 1 2 26 2 181
1 3 1 2 15 13 56
1 3 1 2 4 24 118
1 3 1 1 21 8 15
1 3 1 1 10 19 30
1 3 1 0 27 3 106
1 3 1 0 16 14 38
1 3 1 0 5 25 83
1 3 0 28 0 3 179
1 3 0 26 1 4 47
1 3 0 24 2 5 69
1 3 0 23 8 0 84
1 3 0 22 3 6 75
1 3 0 21 9 1 184
1 3 0 20 4 7 128
1 3 0 19 10 2 184
1 3 0 18 5 8 124
1 3 0 17 11 3 24
1 3 0 17 0 14 2
1 3 0 16 6 9 103
1 3 0 15 12 4 134
1 3 0 15 1 15 167
1 3 0 14 7 10 151
1 3 0 13 13 5 112
1 3 0 13 2 16 126
1 3 0 12 19 0 80
1 3 0 12 8 11 107
1 3 0 11 14 6 195
1 3 0 11 3 17 62
1 3 0 10 20 1 31
1 3 0 10 9 12 24
1 3 0 9 15 7 80
1 3 0 9 4 18 84
1 3 0 8 21 2 58
1 3 0 8 10 13 106
1 3 0 7 16 8 79
1 3 0 7 5 19 80
1 3 0 6 22 3 110
1 3 0 6 11 14 161
1 3 0 6 0 25 92
1 3 0 5 17 9 178
1 3 0 5 6 20 108
1 3 0 4 23 4 148
1 3 0 4 12 15 44
1 3 0 4 1 26 156
1 3 0 3 18 10 167
1 3 0 3 7 21 11
1 3 0 2 24 5 94
1 3 0 2 13 16 190
1 3 0 2 2 27 86
1 3 0 1 30 0 125
1 3 0 1 19 11 179
1 3 0 1 8 22 52
1 3 0 0 25 6 91
1 3 0 0 14 17 147
1 3 0 0 3 28 156
1 2 31 0 1 0 139
1 2 29 1 2 0 95
1 2 28 1 0 3 132
1 2 27 2 3 0 65
1 2 27 0 4 1 45
1 2 26 4 0 2 9
1 2 26 2 1 3 5
1 2 26 0 2 4 124
1 2 25 3 4 0 136
1 2 25 1 5 1 141
1 2 25 0 0 7 186
1 2 24 7 0 1 184
1 2 24 5 1 2 194
1 2 24 3 2 3 118
1 2 24 1 3 4 29
1 2 23 4 5 0 37
1 2 23 3 0 6 83
1 2 23 2 6 1 124
1 2 23 1 1 7 160
1 2 23 0 7 2 138
1 2 22 10 0 0 10
1 2 22 8 1 1 171
1 2 22 6 2 2 77
1 2 22 4 3 3 139
1 2 22 2 4 4 197
1 2 22 0 5 5 46
1 2 21 6 0 5 96
1 2 21 5 6 0 106
1 2 21 4 1 6 148
1 2 21 3 7 1 15
1 2 21 2 2 7 78
1 2 21 1 8 2 77
1 2 21 0 3 8 73
1 2 20 11 1 0 134
1 2 20 9 2 1 127
1 2 20 7 3 2 147
1 2 20 5 4 3 135
1 2 20 3 5 4 136
1 2 20 2 0 10 121
1 2 20 1 6 5 85
1 2 20 0 12 0 189
1 2 20 0 1 11 91
1 2 19 9 0 4 136
1 2 19 7 1 5 65
1 2 19 6 7 0 148
1 2 19 5 2 6 21
1 2 19 4 8 1 135
1 2 19 3 3 7 53
1 2 19 2 9 2 85
1 2 19 1 4 8 39
1 2 19 0 10 3 28
1 2 18 12 2 0 186
1 2 18 10 3 1 84
1 2 18 8 4 2 145
1 2 18 6 5 3 150
1 2 18 5 0 9 157
1 2 18 4 6 4 103
1 2 18 3 1 10 2
1 2 18 2 7 5 38
1 2 18 1 13 0 25
1 2 18 1 2 11 168
1 2 18 0 8 6 7
1 2 17 12 0 3 193
1 2 17 10 1 4 63
1 2 17 8 2 5 30
1 2 17 7 8 0 82
1 2 17 6 3 6 88
1 2 17 5 9 1 171
1 2 17 4 4 7 79
1 2 17 3 10 2 154
1 2 17 2 5 8 123
1 2 17 1 11 3 119
1 2 17 1 0 14 37
1 2 17 0 6 9 103
1 2 16 13 3 0 169
1 2 16 11 4 1 38
1 2 16 9 5 2 78
1 2 16 8 0 8 26
1 2 16 7 6 3 43
1 2 16 6 1 9 109
1 2 16 5 7 4 29
1 2 16 4 2 10 12
1 2 16 3 8 5 158
1 2 16 2 14 0 156
1 2 16 2 3 11 85
1 2 16 1 9 6 106
1 2 16 0 15 1 56
1 2 16 0 4 12 156
1 2 15 15 0 2 3
1 2 15 13 1 3 19
1 2 15 11 2 4 143
1 2 15 9 3 5 154
1 2 15 8 9 0 68
1 2 15 7 4 6 173
1 2 15 6 10 1 129
1 2 15 5 5 7 2
1 2 15 4 11 2 196
1 2 15 4 0 13 4
1 2 15 3 6 8 121
1 2 15 2 12 3 157
1 2 15 2 1 14 65
1 2 15 1 7 9 165
1 2 15 0 13 4 128
1 2 15 0 2 15 146
1 2 14 14 4 0 140
1 2 14 12 5 1 75
1 2 14 11 0 7 166
1 2 14 10 6 2 153
1 2 14 9 1 8 14
1 2 14 8 7 3 20
1 2 14 7 2 9 142
1 2 14 6 8 4 24
1 2 14 5 3 10 126
1 2 14 4 9 5 137
1 2 14 3 15 0 32
1 2 14 3 4 11 6
1 2 14 2 10 6 92
1 2 14 1 16 1 146
1 2 14 1 5 12 65
1 2 14 0 11 7 72
1 2 14 0 0 18 176
1 2 13 18 0 1 67
1 2 13 16 1 2 149
1 2 13 14 2 3 29
1 2 13 12 3 4 64
1 2 13 10 4 5 157
1 2 13 9 10 0 114
1 2 13 8 5 6 12
1 2 13 7 11 1 185
1 2 13 7 0 12 150
1 2 13 6 6 7 109
1 2 13 5 12 2 5
1 2 13 5 1 13 84
1 2 13 4 7 8 78
1 2 13 3 13 3 17
1 2 13 3 2 14 99
1 2 13 2 8 9 74
1 2 13 1 14 4 108
1 2 13 1 3 15 91
1 2 13 0 9 10 191
1 2 12 15 5 0 47
1 2 12 14 0 6 87
1 2 12 13 6 1 56
1 2 12 12 1 7 55
1 2 12 11 7 2 165
1 2 12 10 2 8 68
1 2 12 9 8 3 79
1 2 12 8 3 9 63
1 2 12 7 9 4 25
1 2 12 6 4 10 61
1 2 12 5 10 5 95
1 2 12 4 16 0 180
1 2 12 4 5 11 65
1 2 12 3 11 6 40
1 2 12 3 0 17 2
1 2 12 2 17 1 126
1 2 12 2 6 12 108
1 2 12 1 12 7 95
1 2 12 1 1 18 164
1 2 12 0 18 2 17
1 2 12 0 7 13 73
1 2 11 21 0 0 191
1 2 11 19 1 1 51
1 2 11 17 2 2 183
1 2 11 15 3 3 124
1 2 11 13 4 4 52
1 2 11 11 5 5 83
1 2 11 10 11 0 95
1 2 11 10 0 11 7
1 2 11 9 6 6 172
1 2 11 8 12 1 25
1 2 11 8 1 12 185
1 2 11 7 7 7 103
1 2 11 6 13 2 69
1 2 11 6 2 13 54
1 2 11 5 8 8 168
1 2 11 4 14 3 33
1 2 11 4 3 14 13
1 2 11 3 9 9 125
1 2 11 2 15 4 177
1 2 11 2 4 15 67
1 2 11 1 10 10 89
1 2 11 0 16 5 15
1 2 11 0 5 16 64
1 2 10 17 0 5 194
1 2 10 16 6 0 154
1 2 10 15 1 6 40
1 2 10 14 7 1 33
1 2 10 13 2 7 187
1 2 10 12 8 2 104
1 2 10 11 3 8 3
1 2 10 10 9 3 162
1 2 10 9 4 9 170
1 2 10 8 10 4 94
1 2 10 7 5 10 154
1 2 10 6 11 5 24
1 2 10 6 0 16 148
1 2 10 5 17 0 194
1 2 10 5 6 11 59
1 2 10 4 12 6 6
1 2 10 4 1 17 50
1 2 10 3 18 1 176
1 2 10 3 7 12 155
1 2 10 2 13 7 40
1 2 10 2 2 18 62
1 2 10 1 19 2 177
1 2 10 1 8 13 164
1 2 10 0 14 8 70
1 2 10 0 3 19 41
1 2 9 22 1 0 119
1 2 9 20 2 1 197
1 2 9 18 3 2 191
1 2 9 16 4 3 92
1 2 9 14 5 4 92
1 2 9 13 0 10 166
1 2 9 12 6 5 181
1 2 9 11 12 0 188
1 2 9 11 1 11 106
1 2 9 10 7 6 120
1 2 9 9 13 1 60
1 2 9 9 2 12 137
1 2 9 8 8 7 152
1 2 9 7 14 2 156
1 2 9 7 3 13 147
1 2 9 6 9 8 72
1 2 9 5 15 3 28
1 2 9 5 4 14 176
1 2 9 4 10 9 111
1 2 9 3 16 4 133
1 2 9 3 5 15 195
1 2 9 2 11 10 130
1 2 9 2 0 21 157
1 2 9 1 17 5 168
1 2 9 1 6 16 48
1 2 9 0 23 0 31
1 2 9 0 12 11 143
1 2 9 0 1 22 17
1 2 8 20 0 4 158
1 2 8 18 1 5 45
1 2 8 17 7 0 23
1 2 8 16 2 6 143
1 2 8 15 8 1 111
1 2 8 14 3 7 68
1 2 8 13 9 2 116
1 2 8 12 4 8 42
1 2 8 11 10 3 185
1 2 8 10 5 9 190
1 2 8 9 11 4 72
1 2 8 9 0 15 184
1 2 8 8 6 10 10
1 2 8 7 12 5 136
1 2 8 7 1 16 82
1 2 8 6 18 0 35
1 2 8 6 7 11 156
1 2 8 5 13 6 13
1 2 8 5 2 17 36
1 2 8 4 19 1 56
1 2 8 4 8 12 165
1 2 8 3 14 7 33
1 2 8 3 3 18 198
1 2 8 2 20 2 130
1 2 8 2 9 13 115
1 2 8 1 15 8 154
1 2 8 1 4 19 179
1 2 8 0 21 3 147
1 2 8 0 10 14 120
1 2 7 23 2 0 2
1 2 7 21 3 1 17
1 2 7 19 4 2 111
1 2 7 17 5 3 9
1 2 7 16 0 9 4
1 2 7 15 6 4 46
1 2 7 14 1 10 117
1 2 7 13 7 5 123
1 2 7 12 13 0 21
1 2 7 12 2 11 146
1 2 7 11 8 6 26
1 2 7 10 14 1 141
1 2 7 10 3 12 5
1 2 7 9 9 7 3
1 2 7 8 4 13 197
1 2 7 7 10 8 69
1 2 7 6 16 3 82
1 2 7 5 11 9 42
1 2 7 5 0 20 83
1 2 7 4 17 4 110
1 2 7 4 6 15 186
1 2 7 3 12 10 19
1 2 7 3 1 21 172
1 2 7 2 18 5 16
1 2 7 2 7 16 110
1 2 7 1 24 0 22
1 2 7 1 13 11 102
1 2 7 1 2 22 192
1 2 7 0 19 6 17
1 2 7 0 8 17 132
1 2 6 23 0 3 132
1 2 6 21 1 4 182
1 2 6 19 2 5 150
1 2 6 18 8 0 60
1 2 6 17 3 6 138
1 2 6 16 9 1 177
1 2 6 15 4 7 153
1 2 6 14 10 2 24
1 2 6 13 5 8 74
1 2 6 12 11 3 82
1 2 6 12 0 14 138
1 2 6 11 6 9 173
1 2 6 10 12 4 50
1 2 6 10 1 15 31
1 2 6 9 7 10 75
1 2 6 8 13 5 156
1 2 6 8 2 16 97
1 2 6 7 19 0 133
1 2 6 7 8 11 18
1 2 6 6 14 6 167
1 2 6 6 3 17 24
1 2 6 5 20 1 160
1 2 6 5 9 12 31
1 2 6 4 15 7 106
1 2 6 4 4 18 39
1 2 6 3 21 2 26
1 2 6 3 10 13 46
1 2 6 2 16 8 12
1 2 6 2 5 19 125
1 2 6 1 22 3 39
1 2 6 1 11 14 88
1 2 6 1 0 25 7
1 2 6 0 17 9 94
1 2 6 0 6 20 102
1 2 5 24 3 0 95
1 2 5 22 4 1 68
1 2 5 20 5 2 89
1 2 5 19 0 8 187
1 2 5 18 6 3 149
1 2 5 17 1 9 34
1 2 5 16 7 4 90
1 2 5 15 2 10 176
1 2 5 14 8 5 168
1 2 5 13 14 0 122
1 2 5 13 3 11 106
1 2 5 12 9 6 166
1 2 5 11 15 1 114
1 2 5 11 4 12 160
1 2 5 10 10 7 60
1 2 5 9 16 2 118
1 2 5 9 5 13 18
1 2 5 8 11 8 107
1 2 5 8 0 19 109
1 2 5 7 17 3 156
1 2 5 7 6 14 6
1 2 5 6 12 9 147
1 2 5 6 1 20 181
1 2 5 5 18 4 111
1 2 5 5 7 15 171
1 2 5 4 13 10 82
1 2 5 4 2 21 18
1 2 5 3 19 5 189
1 2 5 3 8 16 138
1 2 5 2 25 0 144
1 2 5 2 14 11 178
1 2 5 2 3 22 132
1 2 5 1 20 6 163
1 2 5 1 9 17 101
1 2 5 0 26 1 191
1 2 5 0 15 12 64
1 2 5 0 4 23 29
1 2 4 26 0 2 121
1 2 4 24 1 3 71
1 2 4 22 2 4 59
1 2 4 20 3 5 73
1 2 4 19 9 0 73
1 2 4 18 4 6 44
1 2 4 17 10 1 119
1 2 4 16 5 7 133
1 2 4 15 11 2 177
1 2 4 15 0 13 130
1 2 4 14 6 8 75
1 2 4 13 12 3 138
1 2 4 13 1 14 83
1 2 4 12 7 9 145
1 2 4 11 13 4 160
1 2 4 11 2 15 67
1 2 4 10 8 10 196
1 2 4 9 14 5 158
1 2 4 9 3 16 46
1 2 4 8 20 0 75
1 2 4 8 9 11 73
1 2 4 7 15 6 190
1 2 4 7 4 17 144
1 2 4 6 21 1 68
1 2 4 6 10 12 114
1 2 4 5 16 7 195
1 2 4 5 5 18 7
1 2 4 4 22 2 159
1 2 4 4 11 13 3
1 2 4 4 0 24 198
1 2 4 3 17 8 100
1 2 4 3 6 19 77
1 2 4 2 23 3 139
1 2 4 2 12 14 66
1 2 4 2 1 25 146
1 2 4 1 18 9 72
1 2 4 1 7 20 34
1 2 4 0 24 4 4
1 2 4 0 13 15 148
1 2 4 0 2 26 7
1 2 3 25 4 0 86
1 2 3 23 5 1 106
1 2 3 22 0 7 170
1 2 3 21 6 2 116
1 2 3 20 1 8 119
1 2 3 19 7 3 41
1 2 3 18 2 9 58
1 2 3 17 8 4 17
1 2 3 16 3 10 176
1 2 3 15 9 5 152
1 2 3 14 15 0 87
1 2 3 14 4 11 131
1 2 3 13 10 6 100
1 2 3 12 16 1 101
1 2 3 12 5 12 142
1 2 3 11 11 7 131
1 2 3 11 0 18 140
1 2 3 10 17 2 184
1 2 3 10 6 13 94
1 2 3 9 12 8 129
1 2 3 9 1 19 164
1 2 3 8 18 3 185
1 2 3 8 7 14 17
1 2 3 7 13 9 169
1 2 3 7 2 20 62
1 2 3 6 19 4 173
1 2 3 6 8 15 1
1 2 3 5 14 10 181
1 2 3 5 3 21 86
1 2 3 4 20 5 180
1 2 3 4 9 16 46
1 2 3 3 26 0 154
1 2 3 3 15 11 46
1 2 3 3 4 22 123
1 2 3 2 21 6 47
1 2 3 2 10 17 188
1 2 3 1 27 1 92
1 2 3 1 16 12 43
1 2 3 1 5 23 131
1 2 3 0 22 7 190
1 2 3 0 11 18 91
1 2 3 0 0 29 27
1 2 2 29 0 1 103
1 2 2 27 1 2 99
1 2 2 25 2 3 58
1 2 2 23 3 4 48
1 2 2 21 4 5 143
1 2 2 20 10 0 54
1 2 2 19 5 6 20
1 2 2 18 11 1 63
1 2 2 18 0 12 125
1 2 2 17 6 7 29
1 2 2 16 12 2 169
1 2 2 16 1 13 140
1 2 2 15 7 8 197
1 2 2 14 13 3 96
1 2 2 14 2 14 68
1 2 2 13 8 9 57
1 2 2 12 14 4 76
1 2 2 12 3 15 185
1 2 2 11 9 10 87
1 2 2 10 15 5 127
1 2 2 10 4 16 155
1 2 2 9 21 0 131
1 2 2 9 10 11 172
1 2 2 8 16 6 114
1 2 2 8 5 17 113
1 2 2 7 22 1 21
1 2 2 7 11 12 75
1 2 2 7 0 23 84
1 2 2 6 17 7 195
1 2 2 6 6 18 21
1 2 2 5 23 2 182
1 2 2 5 12 13 44
1 2 2 5 1 24 116
1 2 2 4 18 8 146
1 2 2 4 7 19 92
1 2 2 3 24 3 152
1 2 2 3 13 14 198
1 2 2 3 2 25 66
1 2 2 2 19 9 9
1 2 2 2 8 20 28
1 2 2 1 25 4 153
1 2 2 1 14 15 95
1 2 2 1 3 26 58
1 2 2 0 20 10 106
1 2 2 0 9 21 168
1 2 1 26 5 0 52
1 2 1 25 0 6 55
1 2 1 24 6 1 52
1 2 1 23 1 7 189
1 2 1 22 7 2 60
1 2 1 21 2 8 53
1 2 1 20 8 3 54
1 2 1 19 3 9 74
1 2 1 18 9 4 17
1 2 1 17 4 10 97
1 2 1 16 10 5 57
1 2 1 15 16 0 195
1 2 1 15 5 11 31
1 2 1 14 11 6 76
1 2 1 14 0 17 57
1 2 1 13 17 1 192
1 2 1 13 6 12 115
1 2 1 12 12 7 148
1 2 1 12 1 18 29
1 2 1 11 18 2 86
1 2 1 11 7 13 67
1 2 1 10 13 8 110
1 2 1 10 2 19 127
1 2 1 9 19 3 170
1 2 1 9 8 14 86
1 2 1 8 14 9 71
1 2 1 8 3 20 31
1 2 1 7 20 4 120
1 2 1 7 9 15 185
1 2 1 6 15 10 163
1 2 1 6 4 21 61
1 2 1 5 21 5 14
1 2 1 5 10 16 81
1 2 1 4 27 0 7
1 2 1 4 16 11 94
1 2 1 4 5 22 94
1 2 1 3 22 6 75
1 2 1 3 11 17 117
1 2 1 3 0 28 120
1 2 1 2 28 1 45
1 2 1 2 17 12 54
1 2 1 2 6 23 61
1 2 1 1 23 7 122
1 2 1 1 12 18 58
1 2 1 1 1 29 76
1 2 1 0 29 2 9
1 2 1 0 18 13 94
1 2 1 0 7 24 129
1 2 0 32 0 0 91
1 2 0 30 1 1 186
1 2 0 28 2 2 17
1 2 0 26 3 3 91
1 2 0 24 4 4 106
1 2 0 22 5 5 136
1 2 0 21 11 0 93
1 2 0 21 0 11 113
1 2 0 20 6 6 185
1 2 0 19 12 1 87
1 2 0 19 1 12 64
1 2 0 18 7 7 56
1 2 0 17 13 2 79
1 2 0 17 2 13 187
1 2 0 16 8 8 126
1 2 0 15 14 3 165
1 2 0 15 3 14 186
1 2 0 14 9 9 135
1 2 0 13 15 4 189
1 2 0 13 4 15 196
1 2 0 12 10 10 178
1 2 0 11 16 5 69
1 2 0 11 5 16 57
1 2 0 10 22 0 179
1 2 0 10 11 11 104
1 2 0 10 0 22 2
1 2 0 9 17 6 106
1 2 0 9 6 17 7
1 2 0 8 23 1 13
1 2 0 8 12 12 151
1 2 0 8 1 23 106
1 2 0 7 18 7 187
1 2 0 7 7 18 58
1 2 0 6 24 2 83
1 2 0 6 13 13 70
1 2 0 6 2 24 186
1 2 0 5 19 8 82
1 2 0 5 8 19 27
1 2 0 4 25 3 2
1 2 0 4 14 14 125
1 2 0 4 3 25 63
1 2 0 3 20 9 161
1 2 0 3 9 20 55
1 2 0 2 26 4 101
1 2 0 2 15 15 97
1 2 0 2 4 26 172
1 2 0 1 21 10 106
1 2 0 1 10 21 15
1 2 0 0 27 5 44
1 2 0 0 16 16 121
1 2 0 0 5 27 105
1 1 30 0 1 2 40
1 1 28 5 0 0 149
1 1 28 3 1 1 151
1 1 28 1 2 2 89
1 1 27 1 0 5 63
1 1 27 0 6 0 109
1 1 26 6 1 0 192
1 1 26 4 2 1 174
1 1 26 2 3 2 41
1 1 26 0 4 3 160
1 1 25 4 0 4 62
1 1 25 2 1 5 144
1 1 25 1 7 0 44
1 1 25 0 2 6 142
1 1 24 7 2 0 94
1 1 24 5 3 1 133
1 1 24 3 4 2 117
1 1 24 1 5 3 55
1 1 24 0 0 9 146
1 1 23 7 0 3 11
1 1 23 5 1 4 105
1 1 23 3 2 5 36
1 1 23 2 8 0 45
1 1 23 1 3 6 75
1 1 23 0 9 1 8
1 1 22 8 3 0 134
1 1 22 6 4 1 23
1 1 22 4 5 2 107
1 1 22 3 0 8 166
1 1 22 2 6 3 1
1 1 22 1 1 9 99
1 1 22 0 7 4 31
1 1 21 10 0 2 157
1 1 21 8 1 3 151
1 1 21 6 2 4 92
1 1 21 4 3 5 112
1 1 21 3 9 0 81
1 1 21 2 4 6 19
1 1 21 1 10 1 123
1 1 21 0 5 7 135
1 1 20 9 4 0 186
1 1 20 7 5 1 172
1 1 20 6 0 7 82
1 1 20 5 6 2 49
1 1 20 4 1 8 78
1 1 20 3 7 3 103
1 1 20 2 2 9 151
1 1 20 1 8 4 102
1 1 20 0 3 10 192
1 1 19 13 0 1 193
1 1 19 11 1 2 4
1 1 19 9 2 3 127
1 1 19 7 3 4 92
1 1 19 5 4 5 60
1 1 19 4 10 0 66
1 1 19 2 11 1 60
1 1 19 2 0 12 176
1 1 19 1 6 7 164
1 1 19 0 12 2 115
1 1 19 0 1 13 120
1 1 18 10 5 0 44
1 1 18 9 0 6 182
1 1 18 8 6 1 31
1 1 18 7 1 7 58
1 1 18 6 7 2 191
1 1 18 5 2 8 7
1 1 18 4 8 3 4
1 1 18 3 3 9 149
1 1 18 2 9 4 13
1 1 18 1 4 10 144
1 1 18 0 10 5 57
1 1 17 16 0 0 148
1 1 17 14 1 1 104
1 1 17 12 2 2 109
1 1 17 10 3 3 50
1 1 17 8 4 4 141
1 1 17 6 5 5 110
1 1 17 5 11 0 67
1 1 17 5 0 11 157
1 1 17 4 6 6 176
1 1 17 3 12 1 184
1 1 17 3 1 12 9
1 1 17 2 7 7 164
1 1 17 1 13 2 30
1 1 17 1 2 13 29
1 1 17 0 8 8 53
1 1 16 12 0 5 86
1 1 16 11 6 0 152
1 1 16 10 1 6 67
1 1 16 9 7 1 118
1 1 16 8 2 7 163
1 1 16 7 8 2 106
1 1 16 6 3 8 162
1 1 16 5 9 3 129
1 1 16 4 4 9 8
1 1 16 3 10 4 117
1 1 16 2 5 10 127
1 1 16 1 11 5 45
1 1 16 0 17 0 148
1 1 16 0 6 11 102
1 1 15 17 1 0 180
1 1 15 15 2 1 60
1 1 15 13 3 2 100
1 1 15 11 4 3 197
1 1 15 9 5 4 67
1 1 15 8 0 10 119
1 1 15 7 6 5 102
1 1 15 6 12 0 72
1 1 15 6 1 11 37
1 1 15 5 7 6 195
1 1 15 4 13 1 4
1 1 15 4 2 12 49
1 1 15 3 8 7 44
1 1 15 2 14 2 4
1 1 15 2 3 13 140
1 1 15 1 9 8 190
1 1 15 0 15 3 117
1 1 15 0 4 14 69
1 1 14 15 0 4 89
1 1 14 13 1 5 83
1 1 14 12 7 0 181
1 1 14 11 2 6 149
1 1 14 10 8 1 26
1 1 14 9 3 7 55
1 1 14 8 9 2 189
1 1 14 7 4 8 172
1 1 14 6 10 3 197
1 1 14 5 5 9 123
1 1 14 4 11 4 101
1 1 14 4 0 15 21
1 1 14 3 6 10 121
1 1 14 2 12 5 155
1 1 14 2 1 16 152
1 1 14 1 18 0 183
1 1 14 1 7 11 21
1 1 14 0 13 6 99
1 1 14 0 2 17 39
1 1 13 18 2 0 100
1 1 13 16 3 1 40
1 1 13 14 4 2 198
1 1 13 12 5 3 32
1 1 13 11 0 9 131
1 1 13 10 6 4 81
1 1 13 9 1 10 21
1 1 13 8 7 5 114
1 1 13 7 13 0 68
1 1 13 7 2 11 161
1 1 13 6 8 6 150
1 1 13 5 14 1 174
1 1 13 5 3 12 11
1 1 13 4 9 7 164
1 1 13 3 15 2 108
1 1 13 3 4 13 189
1 1 13 2 10 8 57
1 1 13 1 5 14 22
1 1 13 0 11 9 196
1 1 13 0 0 20 1
1 1 12 18 0 3 191
1 1 12 16 1 4 57
1 1 12 14 2 5 38
1 1 12 13 8 0 70
1 1 12 12 3 6 139
1 1 12 11 9 1 127
1 1 12 10 4 7 143
1 1 12 9 10 2 28
1 1 12 8 5 8 196
1 1 12 7 11 3 163
1 1 12 7 0 14 128
1 1 12 6 6 9 120
1 1 12 5 12 4 56
1 1 12 5 1 15 125
1 1 12 4 7 10 10
1 1 12 3 13 5 169
1 1 12 3 2 16 129
1 1 12 2 19 0 7
1 1 12 2 8 11 61
1 1 12 1 14 6 33
1 1 12 1 3 17 41
1 1 12 0 20 1 108
1 1 12 0 9 12 156
1 1 11 19 3 0 171
1 1 11 17 4 1 37
1 1 11 15 5 2 138
1 1 11 14 0 8 20
1 1 11 13 6 3 81
1 1 11 12 1 9 20
1 1 11 11 7 4 67
1 1 11 10 2 10 35
1 1 11 9 8 5 118
1 1 11 8 14 0 41
1 1 11 8 3 11 183
1 1 11 7 9 6 44
1 1 11 6 15 1 178
1 1 11 6 4 12 158
1 1 11 5 10 7 191
1 1 11 4 16 2 98
1 1 11 4 5 13 4
1 1 11 3 11 8 189
1 1 11 3 0 19 14
1 1 11 2 17 3 65
1 1 11 2 6 14 195
1 1 11 1 12 9 24
1 1 11 1 1 20 80
1 1 11 0 18 4 138
1 1 11 0 7 15 82
1 1 10 21 0 2 108
1 1 10 19 1 3 34
1 1 10 17 2 4 79
1 1 10 15 3 5 70
1 1 10 14 9 0 186
1 1 10 13 4 6 50
1 1 10 12 10 1 190
1 1 10 11 5 7 197
1 1 10 10 11 2 181
1 1 10 10 0 13 180
1 1 10 9 6 8 147
1 1 10 8 12 3 118
1 1 10 8 1 14 151
1 1 10 7 7 9 72
1 1 10 6 13 4 70
1 1 10 6 2 15 71
1 1 10 5 8 10 193
1 1 10 4 14 5 121
1 1 10 4 3 16 56
1 1 10 3 20 0 55
1 1 10 3 9 11 3
1 1 10 2 15 6 126
1 1 10 2 4 17 42
1 1 10 1 21 1 188
1 1 10 1 10 12 87
1 1 10 0 16 7 41
1 1 10 0 5 18 150
1 1 9 20 4 0 179
1 1 9 18 5 1 26
1 1 9 17 0 7 5
1 1 9 16 6 2 98
1 1 9 15 1 8 191
1 1 9 14 7 3 78
1 1 9 13 2 9 68
1 1 9 12 8 4 170
1 1 9 11 3 10 62
1 1 9 10 9 5 28
1 1 9 9 15 0 197
1 1 9 9 4 11 62
1 1 9 8 10 6 149
1 1 9 7 16 1 58
1 1 9 7 5 12 126
1 1 9 6 11 7 45
1 1 9 6 0 18 74
1 1 9 5 17 2 140
1 1 9 5 6 13 99
1 1 9 4 12 8 141
1 1 9 4 1 19 163
1 1 9 3 18 3 35
1 1 9 3 7 14 33
1 1 9 2 13 9 56
1 1 9 2 2 20 77
1 1 9 1 19 4 174
1 1 9 1 8 15 143
1 1 9 0 14 10 13
1 1 9 0 3 21 98
1 1 8 24 0 1 92
1 1 8 22 1 2 29
1 1 8 20 2 3 9
1 1 8 18 3 4 138
1 1 8 16 4 5 133
1 1 8 15 10 0 103
1 1 8 14 5 6 36
1 1 8 13 11 1 116
1 1 8 13 0 12 116
1 1 8 12 6 7 149
1 1 8 11 12 2 18
1 1 8 11 1 13 47
1 1 8 10 7 8 44
1 1 8 9 13 3 145
1 1 8 9 2 14 162
1 1 8 8 8 9 10
1 1 8 7 14 4 40
1 1 8 7 3 15 42
1 1 8 6 9 10 53
1 1 8 5 15 5 139
1 1 8 5 4 16 183
1 1 8 4 21 0 121
1 1 8 4 10 11 187
1 1 8 3 16 6 172
1 1 8 3 5 17 22
1 1 8 2 22 1 128
1 1 8 2 11 12 8
1 1 8 2 0 23 90
1 1 8 1 17 7 143
1 1 8 1 6 18 54
1 1 8 0 23 2 5
1 1 8 0 12 13 20
1 1 8 0 1 24 101
1 1 7 21 5 0 4
1 1 7 20 0 6 54
1 1 7 19 6 1 20
1 1 7 18 1 7 163
1 1 7 17 7 2 30
1 1 7 16 2 8 124
1 1 7 15 8 3 86
1 1 7 14 3 9 5
1 1 7 13 9 4 153
1 1 7 12 4 10 58
1 1 7 11 10 5 104
1 1 7 10 16 0 33
1 1 7 10 5 11 142
1 1 7 9 11 6 18
1 1 7 9 0 17 172
1 1 7 8 17 1 145
1 1 7 8 6 12 147
1 1 7 7 12 7 166
1 1 7 7 1 18 34
1 1 7 6 18 2 55
1 1 7 6 7 13 119
1 1 7 5 13 8 56
1 1 7 5 2 19 43
1 1 7 4 19 3 83
1 1 7 4 8 14 69
1 1 7 3 14 9 107
1 1 7 3 3 20 196
1 1 7 2 20 4 141
1 1 7 2 9 15 174
1 1 7 1 15 10 29
1 1 7 1 4 21 65
1 1 7 0 21 5 70
1 1 7 0 10 16 100
1 1 6 27 0 0 71
1 1 6 25 1 1 176
1 1 6 23 2 2 54
1 1 6 21 3 3 125
1 1 6 19 4 4 31
1 1 6 17 5 5 144
1 1 6 16 11 0 171
1 1 6 16 0 11 145
1 1 6 15 6 6 128
1 1 6 14 12 1 125
1 1 6 14 1 12 32
1 1 6 13 7 7 99
1 1 6 12 13 2 137
1 1 6 12 2 13 128
1 1 6 11 8 8 112
1 1 6 10 14 3 37
1 1 6 10 3 14 198
1 1 6 9 9 9 94
1 1 6 8 15 4 72
1 1 6 8 4 15 133
1 1 6 7 10 10 28
1 1 6 6 16 5 46
1 1 6 6 5 16 18
1 1 6 5 22 0 137
1 1 6 5 11 11 58
1 1 6 5 0 22 17
1 1 6 4 17 6 122
1 1 6 4 6 17 17
1 1 6 3 23 1 152
1 1 6 3 12 12 193
1 1 6 3 1 23 128
1 1 6 2 18 7 41
1 1 6 2 7 18 78
1 1 6 1 13 13 13
1 1 6 1 2 24 9
1 1 6 0 19 8 105
1 1 6 0 8 19 23
1 1 5 23 0 5 81
1 1 5 22 6 0 54
1 1 5 21 1 6 146
1 1 5 20 7 1 182
1 1 5 19 2 7 176
1 1 5 18 8 2 72
1 1 5 17 3 8 41
1 1 5 16 9 3 14
1 1 5 15 4 9 56
1 1 5 14 10 4 96
1 1 5 13 5 10 179
1 1 5 12 11 5 135
1 1 5 12 0 16 25
1 1 5 11 17 0 162
1 1 5 11 6 11 196
1 1 5 10 12 6 8
1 1 5 10 1 17 82
1 1 5 9 18 1 101
1 1 5 9 7 12 173
1 1 5 8 13 7 52
1 1 5 8 2 18 107
1 1 5 7 19 2 94
1 1 5 7 8 13 112
1 1 5 6 14 8 58
1 1 5 6 3 19 169
1 1 5 5 20 3 28
1 1 5 5 9 14 120
1 1 5 4 15 9 60
1 1 5 4 4 20 97
1 1 5 3 21 4 163
1 1 5 3 10 15 115
1 1 5 2 16 10 23
1 1 5 2 5 21 9
1 1 5 1 22 5 143
1 1 5 1 11 16 123
1 1 5 1 0 27 11
1 1 5 0 28 0 67
1 1 5 0 17 11 20
1 1 5 0 6 22 96
1 1 4 28 1 0 151
1 1 4 26 2 1 84
1 1 4 24 3 2 96
1 1 4 22 4 3 183
1 1 4 20 5 4 154
1 1 4 19 0 10 22
1 1 4 18 6 5 16
1 1 4 17 12 0 119
1 1 4 17 1 11 44
1 1 4 16 7 6 153
1 1 4 15 13 1 120
1 1 4 15 2 12 188
1 1 4 14 8 7 153
1 1 4 13 14 2 140
1 1 4 13 3 13 19
1 1 4 12 9 8 141
1 1 4 11 15 3 80
1 1 4 11 4 14 92
1 1 4 10 10 9 176
1 1 4 9 16 4 14
1 1 4 9 5 15 138
1 1 4 8 11 10 34
1 1 4 8 0 21 119
1 1 4 7 17 5 9
1 1 4 7 6 16 135
1 1 4 6 23 0 27
1 1 4 6 12 11 141
1 1 4 6 1 22 171
1 1 4 5 18 6 13
1 1 4 5 7 17 144
1 1 4 4 24 1 103
1 1 4 4 13 12 66
1 1 4 4 2 23 106
1 1 4 3 19 7 36
1 1 4 3 8 18 83
1 1 4 2 25 2 86
1 1 4 2 14 13 142
1 1 4 2 3 24 47
1 1 4 1 20 8 42
1 1 4 1 9 19 84
1 1 4 0 26 3 36
1 1 4 0 15 14 181
1 1 4 0 4 25 143
1 1 3 26 0 4 160
1 1 3 24 1 5 127
1 1 3 23 7 0 193
1 1 3 22 2 6 41
1 1 3 21 8 1 29
1 1 3 20 3 7 141
1 1 3 19 9 2 49
1 1 3 18 4 8 46
1 1 3 17 10 3 133
1 1 3 16 5 9 1
1 1 3 15 11 4 174
1 1 3 15 0 15 30
1 1 3 14 6 10 192
1 1 3 13 12 5 29
1 1 3 13 1 16 138
1 1 3 12 18 0 135
1 1 3 12 7 11 172
1 1 3 11 13 6 169
1 1 3 11 2 17 40
1 1 3 10 19 1 180
1 1 3 10 8 12 89
1 1 3 9 14 7 148
1 1 3 9 3 18 171
1 1 3 8 20 2 69
1 1 3 8 9 13 86
1 1 3 7 15 8 117
1 1 3 7 4 19 167
1 1 3 6 21 3 135
1 1 3 6 10 14 153
1 1 3 5 16 9 111
1 1 3 5 5 20 98
1 1 3 4 22 4 66
1 1 3 4 11 15 91
1 1 3 4 0 26 98
1 1 3 3 17 10 126
1 1 3 3 6 21 6
1 1 3 2 23 5 106
1 1 3 2 12 16 164
1 1 3 2 1 27 166
1 1 3 1 29 0 63
1 1 3 1 18 11 177
1 1 3 1 7 22 195
1 1 3 0 24 6 138
1 1 3 0 13 17 195
1 1 3 0 2 28 54
1 1 2 29 2 0 6
1 1 2 27 3 1 111
1 1 2 25 4 2 106
1 1 2 23 5 3 46
1 1 2 22 0 9 154
1 1 2 21 6 4 182
1 1 2 20 1 10 108
1 1 2 19 7 5 98
1 1 2 18 13 0 110
1 1 2 18 2 11 174
1 1 2 17 8 6 152
1 1 2 16 14 1 54
1 1 2 16 3 12 10
1 1 2 15 9 7 4
1 1 2 14 15 2 137
1 1 2 14 4 13 84
1 1 2 13 10 8 169
1 1 2 12 16 3 1
1 1 2 12 5 14 96
1 1 2 11 11 9 161
1 1 2 11 0 20 171
1 1 2 10 17 4 190
1 1 2 10 6 15 84
1 1 2 9 12 10 106
1 1 2 9 1 21 76
1 1 2 8 18 5 118
1 1 2 8 7 16 39
1 1 2 7 24 0 107
1 1 2 7 13 11 101
1 1 2 7 2 22 59
1 1 2 6 19 6 132
1 1 2 6 8 17 80
1 1 2 5 25 1 154
1 1 2 5 14 12 58
1 1 2 5 3 23 161
1 1 2 4 20 7 78
1 1 2 4 9 18 138
1 1 2 3 26 2 150
1 1 2 3 15 13 70
1 1 2 3 4 24 116
1 1 2 2 21 8 163
1 1 2 2 10 19 42
1 1 2 1 27 3 120
1 1 2 1 16 14 28
1 1 2 1 5 25 159
1 1 2 0 22 9 25
1 1 2 0 11 20 7
1 1 2 0 0 31 117
1 1 1 29 0 3 101
1 1 1 27 1 4 29
1 1 1 25 2 5 178
1 1 1 24 8 0 195
1 1 1 23 3 6 93
1 1 1 22 9 1 79
1 1 1 21 4 7 151
1 1 1 20 10 2 45
1 1 1 19 5 8 118
1 1 1 18 11 3 12
1 1 1 18 0 14 138
1 1 1 17 6 9 55
1 1 1 16 12 4 51
1 1 1 16 1 15 37
1 1 1 15 7 10 46
1 1 1 14 13 5 21
1 1 1 14 2 16 42
1 1 1 13 19 0 39
1 1 1 13 8 11 183
1 1 1 12 14 6 39
1 1 1 12 3 17 185
1 1 1 11 20 1 128
1 1 1 11 9 12 197
1 1 1 10 15 7 145
1 1 1 10 4 18 53
1 1 1 9 21 2 155
1 1 1 9 10 13 180
1 1 1 8 16 8 104
1 1 1 8 5 19 16
1 1 1 7 22 3 79
1 1 1 7 11 14 156
1 1 1 7 0 25 91
1 1 1 6 17 9 58
1 1 1 6 6 20 166
1 1 1 5 23 4 146
1 1 1 5 12 15 151
1 1 1 5 1 26 178
1 1 1 4 18 10 198
1 1 1 4 7 21 70
1 1 1 3 24 5 105
1 1 1 3 13 16 84
1 1 1 3 2 27 67
1 1 1 2 30 0 97
1 1 1 2 19 11 86
1 1 1 2 8 22 87
1 1 1 1 25 6 134
1 1 1 1 14 17 44
1 1 1 1 3 28 180
1 1 1 0 31 1 146
1 1 1 0 20 12 129
1 1 1 0 9 23 3
1 1 0 30 3 0 163
1 1 0 28 4 1 97
1 1 0 26 5 2 105
1 1 0 25 0 8 16
1 1 0 24 6 3 107
1 1 0 23 1 9 37
1 1 0 22 7 4 181
1 1 0 21 2 10 110
1 1 0 20 8 5 88
1 1 0 19 14 0 58
1 1 0 19 3 11 98
1 1 0 18 9 6 77
1 1 0 17 15 1 111
1 1 0 17 4 12 50
1 1 0 16 10 7 128
1 1 0 15 16 2 40
1 1 0 15 5 13 58
1 1 0 14 11 8 86
1 1 0 14 0 19 142
1 1 0 13 17 3 111
1 1 0 13 6 14 4
1 1 0 12 12 9 34
1 1 0 12 1 20 130
1 1 0 11 18 4 84
1 1 0 11 7 15 85
1 1 0 10 13 10 133
1 1 0 10 2 21 38
1 1 0 9 19 5 151
1 1 0 9 8 16 125
1 1 0 8 25 0 53
1 1 0 8 14 11 130
1 1 0 8 3 22 82
1 1 0 7 20 6 103
1 1 0 7 9 17 166
1 1 0 6 26 1 28
1 1 0 6 15 12 180
1 1 0 6 4 23 93
1 1 0 5 21 7 61
1 1 0 5 10 18 2
1 1 0 4 27 2 63
1 1 0 4 16 13 101
1 1 0 4 5 24 169
1 1 0 3 22 8 125
1 1 0 3 11 19 2
1 1 0 3 0 30 187
1 1 0 2 28 3 124
1 1 0 2 17 14 68
1 1 0 2 6 25 34
1 1 0 1 23 9 9
1 1 0 1 12 20 8
1 1 0 1 1 31 94
1 1 0 0 29 4 106
1 1 0 0 18 15 97
1 1 0 0 7 26 15
1 0 34 0 0 0 97
1 0 32 1 1 0 179
1 0 30 2 2 0 21
1 0 30 0 3 1 5
1 0 29 2 0 3 118
1 0 29 0 1 4 28
1 0 28 3 3 0 176
1 0 28 1 4 1 27
1 0 27 5 0 2 63
1 0 27 3 1 3 136
1 0 27 1 2 4 117
1 0 26 4 4 0 144
1 0 26 2 5 1 71
1 0 26 1 0 7 31
1 0 26 0 6 2 81
1 0 25 8 0 1 40
1 0 25 6 1 2 137
1 0 25 4 2 3 96
1 0 25 2 3 4 5
1 0 25 0 4 5 185
1 0 24 5 5 0 115
1 0 24 4 0 6 17
1 0 24 3 6 1 184
1 0 24 1 7 2 135
1 0 24 0 2 8 20
1 0 23 11 0 0 110
1 0 23 9 1 1 120
1 0 23 7 2 2 182
1 0 23 5 3 3 176
1 0 23 3 4 4 10
1 0 23 1 5 5 174
1 0 23 0 11 0 195
1 0 23 0 0 11 164
1 0 22 7 0 5 5
1 0 22 6 6 0 132
1 0 22 5 1 6 161
1 0 22 4 7 1 119
1 0 22 3 2 7 93
1 0 22 2 8 2 105
1 0 22 1 3 8 47
1 0 22 0 9 3 50
1 0 21 12 1 0 7
1 0 21 10 2 1 118
1 0 21 8 3 2 14
1 0 21 6 4 3 19
1 0 21 4 5 4 148
1 0 21 3 0 10 85
1 0 21 2 6 5 52
1 0 21 1 12 0 21
1 0 21 1 1 11 191
1 0 21 0 7 6 68
1 0 20 10 0 4 136
1 0 20 8 1 5 124
1 0 20 7 7 0 104
1 0 20 6 2 6 121
1 0 20 5 8 1 79
1 0 20 4 3 7 92
1 0 20 3 9 2 182
1 0 20 2 4 8 135
1 0 20 1 10 3 24
1 0 20 0 5 9 69
1 0 19 13 2 0 13
1 0 19 11 3 1 73
1 0 19 9 4 2 45
1 0 19 7 5 3 64
1 0 19 6 0 9 7
1 0 19 5 6 4 181
1 0 19 4 1 10 162
1 0 19 3 7 5 184
1 0 19 2 13 0 45
1 0 19 2 2 11 62
1 0 19 1 8 6 141
1 0 19 0 14 1 116
1 0 19 0 3 12 43
1 0 18 13 0 3 34
1 0 18 11 1 4 171
1 0 18 9 2 5 24
1 0 18 8 8 0 192
1 0 18 7 3 6 97
1 0 18 6 9 1 163
1 0 18 5 4 7 78
1 0 18 4 10 2 76
1 0 18 3 5 8 22
1 0 18 2 11 3 144
1 0 18 2 0 14 198
1 0 18 1 6 9 158
1 0 18 0 12 4 76
1 0 18 0 1 15 141
1 0 17 14 3 0 93
1 0 17 12 4 1 194
1 0 17 10 5 2 28
1 0 17 9 0 8 2
1 0 17 8 6 3 3
1 0 17 7 1 9 90
1 0 17 6 7 4 12
1 0 17 5 2 10 108
1 0 17 4 8 5 139
1 0 17 3 14 0 66
1 0 17 3 3 11 112
1 0 17 2 9 6 10
1 0 17 1 15 1 85
1 0 17 1 4 12 50
1 0 17 0 10 7 84
1 0 16 16 0 2 89
1 0 16 14 1 3 53
1 0 16 12 2 4 77
1 0 16 10 3 5 45
1 0 16 9 9 0 182
1 0 16 8 4 6 169
1 0 16 7 10 1 132
1 0 16 6 5 7 120
1 0 16 5 11 2 121
1 0 16 5 0 13 42
1 0 16 4 6 8 158
1 0 16 3 12 3 82
1 0 16 3 1 14 129
1 0 16 2 7 9 113
1 0 16 1 13 4 33
1 0 16 1 2 15 36
1 0 16 0 8 10 166
1 0 15 15 4 0 194
1 0 15 13 5 1 30
1 0 15 12 0 7 168
1 0 15 11 6 2 163
1 0 15 10 1 8 36
1 0 15 9 7 3 180
1 0 15 8 2 9 111
1 0 15 7 8 4 197
1 0 15 6 3 10 17
1 0 15 5 9 5 66
1 0 15 4 15 0 78
1 0 15 4 4 11 116
1 0 15 3 10 6 67
1 0 15 2 16 1 65
1 0 15 2 5 12 173
1 0 15 1 11 7 142
1 0 15 1 0 18 188
1 0 15 0 17 2 70
1 0 15 0 6 13 192
1 0 14 19 0 1 49
1 0 14 17 1 2 53
1 0 14 15 2 3 184
1 0 14 13 3 4 129
1 0 14 11 4 5 116
1 0 14 10 10 0 184
1 0 14 9 5 6 107
1 0 14 8 11 1 56
1 0 14 8 0 12 7
1 0 14 7 6 7 126
1 0 14 6 12 2 120
1 0 14 6 1 13 91
1 0 14 5 7 8 93
1 0 14 4 13 3 58
1 0 14 4 2 14 87
1 0 14 3 8 9 194
1 0 14 2 14 4 56
1 0 14 2 3 15 125
1 0 14 1 9 10 165
1 0 14 0 15 5 17
1 0 14 0 4 16 157
1 0 13 16 5 0 161
1 0 13 15 0 6 81
1 0 13 14 6 1 133
1 0 13 13 1 7 140
1 0 13 12 7 2 10
1 0 13 11 2 8 103
1 0 13 10 8 3 138
1 0 13 9 3 9 137
1 0 13 8 9 4 108
1 0 13 7 4 10 78
1 0 13 6 10 5 19
1 0 13 5 16 0 109
1 0 13 5 5 11 24
1 0 13 4 11 6 147
1 0 13 4 0 17 25
1 0 13 3 17 1 102
1 0 13 3 6 12 43
1 0 13 2 12 7 24
1 0 13 2 1 18 176
1 0 13 1 18 2 58
1 0 13 1 7 13 167
1 0 13 0 13 8 109
1 0 13 0 2 19 161
1 0 12 22 0 0 49
1 0 12 20 1 1 24
1 0 12 18 2 2 111
1 0 12 16 3 3 124
1 0 12 14 4 4 73
1 0 12 12 5 5 60
1 0 12 11 11 0 190
1 0 12 11 0 11 94
1 0 12 10 6 6 72
1 0 12 9 12 1 14
1 0 12 9 1 12 139
1 0 12 8 7 7 159
1 0 12 7 13 2 67
1 0 12 7 2 13 195
1 0 12 6 8 8 169
1 0 12 5 14 3 191
1 0 12 5 3 14 108
1 0 12 4 9 9 105
1 0 12 3 15 4 138
1 0 12 3 4 15 192
1 0 12 2 10 10 117
1 0 12 1 16 5 147
1 0 12 1 5 16 106
1 0 12 0 22 0 90
1 0 12 0 11 11 35
1 0 12 0 0 22 164
1 0 11 18 0 5 83
1 0 11 17 6 0 150
1 0 11 16 1 6 128
1 0 11 15 7 1 101
1 0 11 14 2 7 149
1 0 11 13 8 2 86
1 0 11 12 3 8 196
1 0 11 11 9 3 13
1 0 11 10 4 9 23
1 0 11 9 10 4 125
1 0 11 8 5 10 81
1 0 11 7 11 5 124
1 0 11 7 0 16 86
1 0 11 6 17 0 84
1 0 11 6 6 11 184
1 0 11 5 12 6 187
1 0 11 5 1 17 85
1 0 11 4 18 1 108
1 0 11 4 7 12 57
1 0 11 3 13 7 97
1 0 11 3 2 18 62
1 0 11 2 19 2 44
1 0 11 2 8 13 46
1 0 11 1 14 8 131
1 0 11 1 3 19 134
1 0 11 0 20 3 50
1 0 11 0 9 14 35
1 0 10 23 1 0 162
1 0 10 21 2 1 174
1 0 10 19 3 2 95
1 0 10 17 4 3 30
1 0 10 15 5 4 97
1 0 10 14 0 10 152
1 0 10 13 6 5 164
1 0 10 12 12 0 147
1 0 10 12 1 11 57
1 0 10 11 7 6 54
1 0 10 10 13 1 74
1 0 10 10 2 12 33
1 0 10 9 8 7 49
1 0 10 8 14 2 186
1 0 10 8 3 13 181
1 0 10 7 9 8 18
1 0 10 6 15 3 70
1 0 10 6 4 14 56
1 0 10 5 10 9 23
1 0 10 4 16 4 128
1 0 10 4 5 15 85
1 0 10 3 11 10 148
1 0 10 3 0 21 35
1 0 10 2 17 5 133
1 0 10 2 6 16 117
1 0 10 1 23 0 50
1 0 10 1 12 11 159
1 0 10 1 1 22 147
1 0 10 0 18 6 52
1 0 10 0 7 17 171
1 0 9 21 0 4 2
1 0 9 19 1 5 64
1 0 9 18 7 0 101
1 0 9 17 2 6 64
1 0 9 16 8 1 168
1 0 9 15 3 7 122
1 0 9 14 9 2 140
1 0 9 13 4 8 166
1 0 9 12 10 3 9
1 0 9 11 5 9 102
1 0 9 10 11 4 196
1 0 9 10 0 15 13
1 0 9 9 6 10 1
1 0 9 8 12 5 141
1 0 9 8 1 16 168
1 0 9 7 18 0 3
1 0 9 7 7 11 7
1 0 9 6 13 6 101
1 0 9 6 2 17 160
1 0 9 5 19 1 32
1 0 9 5 8 12 52
1 0 9 4 14 7 171
1 0 9 4 3 18 72
1 0 9 3 20 2 175
1 0 9 3 9 13 12
1 0 9 2 15 8 76
1 0 9 2 4 19 27
1 0 9 1 21 3 103
1 0 9 1 10 14 136
1 0 9 0 16 9 185
1 0 9 0 5 20 101
1 0 8 24 2 0 47
1 0 8 22 3 1 106
1 0 8 20 4 2 56
1 0 8 18 5 3 100
1 0 8 17 0 9 84
1 0 8 16 6 4 119
1 0 8 15 1 10 99
1 0 8 14 7 5 126
1 0 8 13 13 0 94
1 0 8 13 2 11 197
1 0 8 12 8 6 159
1 0 8 11 14 1 106
1 0 8 11 3 12 121
1 0 8 10 9 7 72
1 0 8 9 15 2 25
1 0 8 9 4 13 137
1 0 8 8 10 8 55
1 0 8 7 16 3 3
1 0 8 7 5 14 45
1 0 8 6 11 9 179
1 0 8 6 0 20 9
1 0 8 5 17 4 184
1 0 8 5 6 15 98
1 0 8 4 12 10 148
1 0 8 4 1 21 3
1 0 8 3 18 5 98
1 0 8 3 7 16 130
1 0 8 2 24 0 109
1 0 8 2 13 11 106
1 0 8 2 2 22 176
1 0 8 1 19 6 56
1 0 8 1 8 17 33
1 0 8 0 25 1 84
1 0 8 0 14 12 20
1 0 8 0 3 23 116
1 0 7 24 0 3 50
1 0 7 22 1 4 49
1 0 7 20 2 5 141
1 0 7 19 8 0 80
1 0 7 18 3 6 26
1 0 7 17 9 1 14
1 0 7 16 4 7 73
1 0 7 15 10 2 132
1 0 7 14 5 8 139
1 0 7 13 11 3 62
1 0 7 13 0 14 176
1 0 7 12 6 9 187
1 0 7 11 12 4 36
1 0 7 11 1 15 148
1 0 7 10 7 10 7
1 0 7 9 13 5 50
1 0 7 9 2 16 93
1 0 7 8 19 0 87
1 0 7 8 8 11 93
1 0 7 7 14 6 133
1 0 7 7 3 17 40
1 0 7 6 20 1 44
1 0 7 6 9 12 113
1 0 7 5 15 7 45
1 0 7 5 4 18 29
1 0 7 4 21 2 184
1 0 7 4 10 13 164
1 0 7 3 16 8 76
1 0 7 3 5 19 3
1 0 7 2 22 3 190
1 0 7 2 11 14 160
1 0 7 2 0 25 10
1 0 7 1 17 9 73
1 0 7 1 6 20 172
1 0 7 0 23 4 136
1 0 7 0 12 15 90
1 0 7 0 1 26 120
1 0 6 25 3 0 130
1 0 6 23 4 1 144
1 0 6 21 5 2 40
1 0 6 20 0 8 84
1 0 6 19 6 3 180
1 0 6 18 1 9 187
1 0 6 17 7 4 69
1 0 6 16 2 10 126
1 0 6 15 8 5 13
1 0 6 14 14 0 123
1 0 6 14 3 11 134
1 0 6 13 9 6 191
1 0 6 12 15 1 158
1 0 6 12 4 12 166
1 0 6 11 10 7 110
1 0 6 10 16 2 154
1 0 6 10 5 13 128
1 0 6 9 11 8 141
1 0 6 9 0 19 134
1 0 6 8 17 3 8
1 0 6 8 6 14 25
1 0 6 7 12 9 103
1 0 6 7 1 20 127
1 0 6 6 18 4 177
1 0 6 6 7 15 130
1 0 6 5 13 10 147
1 0 6 5 2 21 191
1 0 6 4 19 5 101
1 0 6 4 8 16 52
1 0 6 3 25 0 135
1 0 6 3 14 11 141
1 0 6 3 3 22 58
1 0 6 2 20 6 125
1 0 6 2 9 17 70
1 0 6 1 26 1 73
1 0 6 1 15 12 52
1 0 6 1 4 23 194
1 0 6 0 21 7 22
1 0 6 0 10 18 55
1 0 5 27 0 2 2
1 0 5 25 1 3 171
1 0 5 23 2 4 91
1 0 5 21 3 5 112
1 0 5 20 9 0 63
1 0 5 19 4 6 141
1 0 5 18 10 1 170
1 0 5 17 5 7 129
1 0 5 16 11 2 83
1 0 5 16 0 13 25
1 0 5 15 6 8 182
1 0 5 14 12 3 158
1 0 5 14 1 14 1
1 0 5 13 7 9 102
1 0 5 12 13 4 63
1 0 5 12 2 15 172
1 0 5 11 8 10 19
1 0 5 10 14 5 58
1 0 5 10 3 16 132
1 0 5 9 20 0 142
1 0 5 9 9 11 158
1 0 5 8 15 6 196
1 0 5 8 4 17 103
1 0 5 7 21 1 114
1 0 5 7 10 12 139
1 0 5 6 16 7 64
1 0 5 6 5 18 1
1 0 5 5 22 2 153
1 0 5 5 11 13 46
1 0 5 5 0 24 142
1 0 5 4 17 8 26
1 0 5 4 6 19 134
1 0 5 3 23 3 122
1 0 5 3 12 14 48
1 0 5 3 1 25 57
1 0 5 2 18 9 52
1 0 5 2 7 20 151
1 0 5 1 24 4 171
1 0 5 1 13 15 40
1 0 5 1 2 26 90
1 0 5 0 19 10 119
1 0 5 0 8 21 150
1 0 4 26 4 0 113
1 0 4 24 5 1 6
1 0 4 23 0 7 7
1 0 4 22 6 2 69
1 0 4 21 1 8 30
1 0 4 20 7 3 192
1 0 4 19 2 9 162
1 0 4 18 8 4 145
1 0 4 17 3 10 54
1 0 4 16 9 5 8
1 0 4 15 15 0 78
1 0 4 15 4 11 94
1 0 4 14 10 6 2
1 0 4 13 16 1 175
1 0 4 13 5 12 190
1 0 4 12 11 7 40
1 0 4 12 0 18 141
1 0 4 11 17 2 190
1 0 4 11 6 13 151
1 0 4 10 12 8 134
1 0 4 10 1 19 76
1 0 4 9 18 3 138
1 0 4 9 7 14 77
1 0 4 8 13 9 26
1 0 4 8 2 20 175
1 0 4 7 19 4 123
1 0 4 7 8 15 165
1 0 4 6 14 10 110
1 0 4 6 3 21 176
1 0 4 5 20 5 32
1 0 4 5 9 16 4
1 0 4 4 26 0 103
1 0 4 4 15 11 125
1 0 4 4 4 22 94
1 0 4 3 21 6 181
1 0 4 3 10 17 168
1 0 4 2 27 1 195
1 0 4 2 16 12 156
1 0 4 1 22 7 25
1 0 4 1 11 18 10
1 0 4 1 0 29 73
1 0 4 0 28 2 120
1 0 4 0 17 13 172
1 0 4 0 6 24 134
1 0 3 30 0 1 158
1 0 3 28 1 2 197
1 0 3 26 2 3 105
1 0 3 24 3 4 122
1 0 3 22 4 5 196
1 0 3 21 10 0 47
1 0 3 20 5 6 41
1 0 3 19 11 1 156
1 0 3 19 0 12 65
1 0 3 18 6 7 115
1 0 3 17 12 2 99
1 0 3 17 1 13 73
1 0 3 16 7 8 97
1 0 3 15 13 3 83
1 0 3 15 2 14 16
1 0 3 14 8 9 174
1 0 3 13 14 4 25
1 0 3 13 3 15 89
1 0 3 12 9 10 139
1 0 3 11 15 5 1
1 0 3 11 4 16 154
1 0 3 10 21 0 94
1 0 3 10 10 11 14
1 0 3 9 16 6 159
1 0 3 9 5 17 132
1 0 3 8 22 1 142
1 0 3 8 11 12 145
1 0 3 8 0 23 87
1 0 3 7 17 7 81
1 0 3 7 6 18 79
1 0 3 6 23 2 57
1 0 3 6 12 13 35
1 0 3 6 1 24 195
1 0 3 5 18 8 65
1 0 3 5 7 19 153
1 0 3 4 24 3 31
1 0 3 4 13 14 183
1 0 3 4 2 25 68
1 0 3 3 19 9 118
1 0 3 3 8 20 125
1 0 3 2 25 4 179
1 0 3 2 14 15 144
1 0 3 2 3 26 21
1 0 3 1 20 10 41
1 0 3 1 9 21 179
1 0 3 0 26 5 119
1 0 3 0 15 16 103
1 0 3 0 4 27 60
1 0 2 27 5 0 152
1 0 2 26 0 6 48
1 0 2 25 6 1 131
1 0 2 24 1 7 162
1 0 2 23 7 2 54
1 0 2 22 2 8 9
1 0 2 21 8 3 9
1 0 2 20 3 9 61
1 0 2 19 9 4 82
1 0 2 18 4 10 159
1 0 2 17 10 5 1
1 0 2 16 16 0 34
1 0 2 16 5 11 138
1 0 2 15 11 6 172
1 0 2 15 0 17 188
1 0 2 14 17 1 179
1 0 2 14 6 12 77
1 0 2 13 12 7 41
1 0 2 13 1 18 36
1 0 2 12 18 2 92
1 0 2 12 7 13 162
1 0 2 11 13 8 107
1 0 2 11 2 19 38
1 0 2 10 19 3 91
1 0 2 10 8 14 44
1 0 2 9 14 9 82
1 0 2 9 3 20 93
1 0 2 8 20 4 153
1 0 2 8 9 15 94
1 0 2 7 15 10 23
1 0 2 7 4 21 19
1 0 2 6 21 5 181
1 0 2 6 10 16 196
1 0 2 5 27 0 92
1 0 2 5 16 11 99
1 0 2 5 5 22 144
1 0 2 4 22 6 22
1 0 2 4 11 17 180
1 0 2 4 0 28 145
1 0 2 3 28 1 183
1 0 2 3 17 12 58
1 0 2 3 6 23 135
1 0 2 2 23 7 35
1 0 2 2 12 18 61
1 0 2 2 1 29 105
1 0 2 1 29 2 172
1 0 2 1 18 13 182
1 0 2 1 7 24 79
1 0 2 0 24 8 50
1 0 2 0 13 19 84
1 0 2 0 2 30 190
1 0 1 33 0 0 128
1 0 1 31 1 1 60
1 0 1 29 2 2 187
1 0 1 25 4 4 43
1 0 1 23 5 5 86
1 0 1 22 11 0 136
1 0 1 22 0 11 24
1 0 1 21 6 6 26
1 0 1 20 12 1 59
1 0 1 20 1 12 43
1 0 1 19 7 7 87
1 0 1 18 13 2 45
1 0 1 18 2 13 59
1 0 1 17 8 8 186
1 0 1 16 14 3 183
1 0 1 16 3 14 95
1 0 1 15 9 9 46
1 0 1 14 15 4 96
1 0 1 14 4 15 103
1 0 1 13 10 10 150
1 0 1 12 16 5 84
1 0 1 12 5 16 36
1 0 1 11 22 0 82
1 0 1 11 11 11 99
1 0 1 11 0 22 115
1 0 1 10 17 6 106
1 0 1 10 6 17 45
1 0 1 9 23 1 90
1 0 1 9 12 12 159
1 0 1 9 1 23 161
1 0 1 8 18 7 19
1 0 1 8 7 18 85
1 0 1 7 24 2 75
1 0 1 7 13 13 100
1 0 1 7 2 24 157
1 0 1 6 19 8 48
1 0 1 6 8 19 40
1 0 1 5 25 3 194
1 0 1 5 14 14 187
1 0 1 5 3 25 10
1 0 1 4 20 9 175
1 0 1 4 9 20 37
1 0 1 3 26 4 180
1 0 1 3 15 15 139
1 0 1 3 4 26 39
1 0 1 2 21 10 135
1 0 1 2 10 21 187
1 0 1 1 27 5 52
1 0 1 1 16 16 190
1 0 1 1 5 27 182
1 0 1 0 33 0 97
1 0 1 0 22 11 180
1 0 1 0 11 22 129
1 0 1 0 0 33 155
1 0 0 29 0 5 74
1 0 0 28 6 0 41
1 0 0 27 1 6 83
1 0 0 26 7 1 113
1 0 0 25 2 7 167
1 0 0 24 8 2 74
1 0 0 23 3 8 7
1 0 0 22 9 3 151
1 0 0 21 4 9 37
1 0 0 20 10 4 182
1 0 0 19 5 10 85
1 0 0 18 11 5 168
1 0 0 18 0 16 87
1 0 0 17 17 0 65
1 0 0 17 6 11 14
1 0 0 16 12 6 181
1 0 0 16 1 17 37
1 0 0 15 18 1 148
1 0 0 15 7 12 144
1 0 0 14 13 7 4
1 0 0 14 2 18 18
1 0 0 13 19 2 171
1 0 0 13 8 13 36
1 0 0 12 14 8 145
1 0 0 12 3 19 157
1 0 0 11 20 3 79
1 0 0 11 9 14 124
1 0 0 10 15 9 68
1 0 0 10 4 20 109
1 0 0 9 21 4 57
1 0 0 9 10 15 43
1 0 0 8 16 10 163
1 0 0 8 5 21 144
1 0 0 7 22 5 63
1 0 0 7 11 16 89
1 0 0 7 0 27 154
1 0 0 6 28 0 127
1 0 0 6 17 11 120
1 0 0 6 6 22 72
1 0 0 5 23 6 159
1 0 0 5 12 17 9
1 0 0 5 1 28 69
1 0 0 4 29 1 186
1 0 0 4 18 12 91
1 0 0 4 7 23 154
1 0 0 3 24 7 145
1 0 0 3 13 18 118
1 0 0 3 2 29 170
1 0 0 2 30 2 52
1 0 0 2 19 13 84
1 0 0 2 8 24 172
1 0 0 1 25 8 48
1 0 0 1 14 19 165
1 0 0 1 3 30 80
1 0 0 0 20 14 4
1 0 0 0 9 25 184
2 33 0 1 0 0 155
2 31 1 2 0 0 117
2 31 1 0 1 1 94
2 30 1 0 3 0 187
2 30 0 2 0 2 190
2 30 0 0 1 3 80
2 29 4 0 0 1 136
2 29 2 3 0 0 27
2 29 2 1 1 1 76
2 29 0 4 1 0 73
2 29 0 2 2 1 105
2 29 0 0 3 2 170
2 28 4 0 2 0 162
2 28 3 0 0 3 156
2 28 2 1 3 0 120
2 28 1 3 0 2 54
2 28 1 1 1 3 180
2 28 0 2 4 0 145
2 28 0 0 5 1 69
2 27 5 1 0 1 123
2 27 3 4 0 0 179
2 27 3 2 1 1 106
2 27 3 0 2 2 86
2 27 2 0 0 5 105
2 27 1 5 1 0 11
2 27 1 3 2 1 166
2 27 1 1 3 2 67
2 27 0 3 0 4 60
2 27 0 1 1 5 182
2 27 0 0 7 0 154
2 26 7 0 1 0 128
2 26 5 1 2 0 13
2 26 4 1 0 3 111
2 26 3 2 3 0 173
2 26 3 0 4 1 156
2 26 2 4 0 2 7
2 26 2 2 1 3 58
2 26 2 0 2 4 172
2 26 1 3 4 0 98
2 26 1 1 5 1 178
2 26 1 0 0 7 15
2 26 0 7 0 1 120
2 26 0 5 1 2 90
2 26 0 3 2 3 21
2 26 0 1 3 4 39
2 25 6 2 0 1 120
2 25 6 0 1 2 81
2 25 4 5 0 0 25
2 25 4 3 1 1 68
2 25 4 1 2 2 184
2 25 3 1 0 5 83
2 25 3 0 6 0 92
2 25 2 6 1 0 7
2 25 2 4 2 1 146
2 25 2 2 3 2 66
2 25 2 0 4 3 63
2 25 1 4 0 4 143
2 25 1 2 1 5 159
2 25 1 1 7 0 91
2 25 1 0 2 6 34
2 25 0 7 2 0 10
2 25 0 5 3 1 57
2 25 0 3 4 2 68
2 25 0 1 5 3 10
2 25 0 0 0 9 184
2 24 10 0 0 0 53
2 24 8 1 1 0 80
2 24 6 2 2 0 194
2 24 6 0 3 1 96
2 24 5 2 0 3 187
2 24 5 0 1 4 56
2 24 4 3 3 0 106
2 24 4 1 4 1 165
2 24 3 5 0 2 198
2 24 3 3 1 3 189
2 24 3 1 2 4 118
2 24 2 4 4 0 198
2 24 2 2 5 1 116
2 24 2 1 0 7 129
2 24 2 0 6 2 186
2 24 1 8 0 1 101
2 24 1 6 1 2 9
2 24 1 4 2 3 47
2 24 1 2 3 4 116
2 24 1 0 4 5 169
2 24 0 5 5 0 142
2 24 0 4 0 6 134
2 24 0 3 6 1 195
2 24 0 2 1 7 79
2 24 0 1 7 2 157
2 24 0 0 2 8 172
2 23 9 0 0 2 60
2 23 7 3 0 1 198
2 23 7 1 1 2 165
2 23 6 0 5 0 175
2 23 5 6 0 0 162
2 23 5 4 1 1 180
2 23 5 2 2 2 63
2 23 5 0 3 3 109
2 23 4 2 0 5 57
2 23 4 1 6 0 152
2 23 4 0 1 6 24
2 23 3 7 1 0 121
2 23 3 5 2 1 174
2 23 3 3 3 2 151
2 23 3 1 4 3 166
2 23 2 5 0 4 29
2 23 2 3 1 5 131
2 23 2 2 7 0 84
2 23 2 1 2 6 61
2 23 2 0 8 1 106
2 23 1 8 2 0 90
2 23 1 6 3 1 128
2 23 1 4 4 2 106
2 23 1 2 5 3 161
2 23 1 1 0 9 3
2 23 1 0 6 4 93
2 23 0 8 0 3 116
2 23 0 6 1 4 194
2 23 0 3 8 0 87
2 23 0 2 3 6 135
2 23 0 1 9 1 161
2 23 0 0 4 7 154
2 22 11 1 0 0 65
2 22 9 2 1 0 169
2 22 9 0 2 1 29
2 22 8 0 0 4 51
2 22 7 3 2 0 63
2 22 7 1 3 1 3
2 22 6 3 0 3 193
2 22 6 1 1 4 99
2 22 5 4 3 0 20
2 22 5 2 4 1 54
2 22 5 0 5 2 155
2 22 4 6 0 2 46
2 22 4 4 1 3 90
2 22 4 2 2 4 58
2 22 4 0 3 5 12
2 22 3 5 4 0 118
2 22 3 3 5 1 94
2 22 3 2 0 7 50
2 22 3 1 6 2 187
2 22 3 0 1 8 52
2 22 2 9 0 1 17
2 22 2 7 1 2 192
2 22 2 5 2 3 132
2 22 2 3 3 4 123
2 22 2 1 4 5 94
2 22 2 0 10 0 2
2 22 1 6 5 0 17
2 22 1 5 0 6 96
2 22 1 4 6 1 171
2 22 1 3 1 7 195
2 22 1 2 7 2 59
2 22 1 1 2 8 87
2 22 1 0 8 3 82
2 22 0 12 0 0 164
2 22 0 10 1 1 147
2 22 0 8 2 2 176
2 22 0 6 3 3 58
2 22 0 4 4 4 94
2 22 0 2 5 5 144
2 22 0 1 11 0 115
2 22 0 1 0 11 129
2 22 0 0 6 6 72
2 21 10 1 0 2 23
2 21 9 0 4 0 141
2 21 8 4 0 1 175
2 21 8 2 1 2 158
2 21 8 0 2 3 3
2 21 7 1 5 0 96
2 21 7 0 0 6 191
2 21 6 7 0 0 189
2 21 6 5 1 1 158
2 21 6 3 2 2 99
2 21 6 1 3 3 24
2 21 5 3 0 5 162
2 21 5 2 6 0 166
2 21 5 1 1 6 106
2 21 5 0 7 1 144
2 21 4 8 1 0 138
2 21 4 6 2 1 53
2 21 4 4 3 2 11
2 21 4 2 4 3 172
2 21 4 0 5 4 130
2 21 3 6 0 4 19
2 21 3 4 1 5 93
2 21 3 3 7 0 115
2 21 3 2 2 6 152
2 21 3 1 8 1 148
2 21 3 0 3 7 11
2 21 2 9 2 0 157
2 21 2 7 3 1 172
2 21 2 5 4 2 18
2 21 2 3 5 3 86
2 21 2 2 0 9 168
2 21 2 1 6 4 61
2 21 2 0 1 10 15
2 21 1 9 0 3 98
2 21 1 7 1 4 65
2 21 1 5 2 5 9
2 21 1 4 8 0 119
2 21 1 3 3 6 6
2 21 1 2 9 1 76
2 21 1 1 4 7 70
2 21 1 0 10 2 38
2 21 0 10 3 0 35
2 21 0 8 4 1 3
2 21 0 6 5 2 191
2 21 0 5 0 8 150
2 21 0 4 6 3 176
2 21 0 3 1 9 179
2 21 0 2 7 4 19
2 21 0 1 2 10 187
2 21 0 0 8 5 144
2 20 12 2 0 0 179
2 20 12 0 1 1 147
2 20 10 3 1 0 47
2 20 10 1 2 1 86
2 20 9 1 0 4 28
2 20 8 4 2 0 16
2 20 8 2 3 1 30
2 20 8 0 4 2 35
2 20 7 4 0 3 33
2 20 7 2 1 4 35
2 20 7 0 2 5 183
2 20 6 5 3 0 194
2 20 6 3 4 1 115
2 20 6 1 5 2 1
2 20 6 0 0 8 22
2 20 5 7 0 2 171
2 20 5 5 1 3 32
2 20 5 3 2 4 8
2 20 5 1 3 5 136
2 20 5 0 9 0 190
2 20 4 6 4 0 72
2 20 4 4 5 1 100
2 20 4 3 0 7 163
2 20 4 2 6 2 130
2 20 4 1 1 8 25
2 20 4 0 7 3 168
2 20 3 10 0 1 141
2 20 3 8 1 2 26
2 20 3 6 2 3 81
2 20 3 4 3 4 138
2 20 3 2 4 5 18
2 20 3 1 10 0 127
2 20 3 0 5 6 108
2 20 2 7 5 0 83
2 20 2 6 0 6 102
2 20 2 5 6 1 181
2 20 2 4 1 7 34
2 20 2 3 7 2 62
2 20 2 2 2 8 28
2 20 2 1 8 3 31
2 20 2 0 3 9 55
2 20 1 13 0 0 1
2 20 1 11 1 1 80
2 20 1 9 2 2 77
2 20 1 7 3 3 196
2 20 1 5 4 4 97
2 20 1 3 5 5 98
2 20 1 2 11 0 171
2 20 1 2 0 11 7
2 20 1 1 6 6 166
2 20 1 0 12 1 130
2 20 1 0 1 12 8
2 20 0 9 0 5 101
2 20 0 8 6 0 9
2 20 0 7 1 6 172
2 20 0 6 7 1 127
2 20 0 5 2 7 151
2 20 0 4 8 2 175
2 20 0 3 3 8 125
2 20 0 2 9 3 93
2 20 0 1 4 9 37
2 20 0 0 10 4 109
2 19 12 0 3 0 129
2 19 11 2 0 2 7
2 19 11 0 1 3 82
2 19 10 1 4 0 160
2 19 9 5 0 1 8
2 19 9 3 1 2 111
2 19 9 1 2 3 36
2 19 8 2 5 0 166
2 19 8 1 0 6 55
2 19 8 0 6 1 26
2 19 7 8 0 0 57
2 19 7 6 1 1 113
2 19 7 4 2 2 146
2 19 7 2 3 3 13
2 19 7 0 4 4 165
2 19 6 4 0 5 41
2 19 6 3 6 0 16
2 19 6 2 1 6 16
2 19 6 1 7 1 62
2 19 6 0 2 7 98
2 19 5 9 1 0 124
2 19 5 7 2 1 94
2 19 5 5 3 2 103
2 19 5 3 4 3 43
2 19 5 1 5 4 144
2 19 5 0 0 10 170
2 19 4 7 0 4 178
2 19 4 5 1 5 177
2 19 4 4 7 0 70
2 19 4 3 2 6 16
2 19 4 2 8 1 87
2 19 4 1 3 7 4
2 19 4 0 9 2 153
2 19 3 10 2 0 73
2 19 3 8 3 1 102
2 19 3 6 4 2 12
2 19 3 4 5 3 102
2 19 3 3 0 9 42
2 19 3 2 6 4 153
2 19 3 1 1 10 30
2 19 3 0 7 5 80
2 19 2 10 0 3 41
2 19 2 8 1 4 179
2 19 2 6 2 5 125
2 19 2 5 8 0 109
2 19 2 4 3 6 77
2 19 2 3 9 1 164
2 19 2 2 4 7 92
2 19 2 1 10 2 127
2 19 2 0 5 8 27
2 19 1 11 3 0 14
2 19 1 9 4 1 163
2 19 1 7 5 2 43
2 19 1 6 0 8 23
2 19 1 5 6 3 169
2 19 1 4 1 9 84
2 19 1 3 7 4 167
2 19 1 2 2 10 42
2 19 1 1 8 5 16
2 19 1 0 14 0 142
2 19 1 0 3 11 2
2 19 0 13 0 2 161
2 19 0 11 1 3 134
2 19 0 9 2 4 27
2 19 0 7 3 5 3
2 19 0 6 9 0 134
2 19 0 5 4 6 134
2 19 0 4 10 1 76
2 19 0 3 5 7 153
2 19 0 2 11 2 38
2 19 0 2 0 13 84
2 19 0 1 6 8 40
2 19 0 0 12 3 157
2 19 0 0 1 14 165
2 18 15 0 0 1 90
2 18 13 3 0 0 137
2 18 13 1 1 1 24
2 18 11 4 1 0 125
2 18 11 2 2 1 132
2 18 11 0 3 2 73
2 18 10 2 0 4 17
2 18 10 0 1 5 125
2 18 9 5 2 0 161
2 18 9 3 3 1 93
2 18 9 1 4 2 54
2 18 8 5 0 3 196
2 18 8 3 1 4 134
2 18 8 1 2 5 163
2 18 8 0 8 0 170
2 18 7 6 3 0 20
2 18 7 4 4 1 12
2 18 7 2 5 2 53
2 18 7 1 0 8 28
2 18 7 0 6 3 86
2 18 6 8 0 2 156
2 18 6 6 1 3 124
2 18 6 4 2 4 109
2 18 6 2 3 5 50
2 18 6 1 9 0 168
2 18 6 0 4 6 163
2 18 5 7 4 0 43
2 18 5 5 5 1 140
2 18 5 4 0 7 18
2 18 5 3 6 2 62
2 18 5 2 1 8 42
2 18 5 1 7 3 20
2 18 5 0 2 9 94
2 18 4 11 0 1 10
2 18 4 9 1 2 15
2 18 4 7 2 3 132
2 18 4 5 3 4 123
2 18 4 2 10 0 85
2 18 4 1 5 6 172
2 18 4 0 11 1 14
2 18 4 0 0 12 23
2 18 3 8 5 0 167
2 18 3 7 0 6 157
2 18 3 6 6 1 193
2 18 3 5 1 7 67
2 18 3 4 7 2 66
2 18 3 3 2 8 63
2 18 3 2 8 3 110
2 18 3 1 3 9 49
2 18 3 0 9 4 84
2 18 2 14 0 0 176
2 18 2 12 1 1 164
2 18 2 10 2 2 62
2 18 2 8 3 3 198
2 18 2 6 4 4 39
2 18 2 4 5 5 7
2 18 2 3 11 0 140
2 18 2 3 0 11 91
2 18 2 2 6 6 21
2 18 2 1 12 1 29
2 18 2 1 1 12 58
2 18 2 0 7 7 58
2 18 1 10 0 5 150
2 18 1 9 6 0 74
2 18 1 8 1 6 54
2 18 1 7 7 1 34
2 18 1 6 2 7 78
2 18 1 5 8 2 107
2 18 1 4 3 8 83
2 18 1 3 9 3 171
2 18 1 2 4 9 138
2 18 1 1 10 4 53
2 18 1 0 5 10 2
2 18 0 15 1 0 188
2 18 0 13 2 1 176
2 18 0 11 3 2 62
2 18 0 9 4 3 72
2 18 0 7 5 4 29
2 18 0 6 0 10 55
2 18 0 5 6 5 1
2 18 0 4 12 0 141
2 18 0 4 1 11 10
2 18 0 3 7 6 79
2 18 0 2 13 1 36
2 18 0 2 2 12 61
2 18 0 1 8 7 85
2 18 0 0 14 2 18
2 18 0 0 3 13 118
2 17 15 0 2 0 47
2 17 14 0 0 3 157
2 17 13 1 3 0 101
2 17 12 3 0 2 63
2 17 12 1 1 3 15
2 17 11 2 4 0 59
2 17 11 0 5 1 68
2 17 10 6 0 1 123
2 17 10 4 1 2 96
2 17 10 2 2 3 165
2 17 10 0 3 4 40
2 17 9 3 5 0 167
2 17 9 2 0 6 91
2 17 9 1 6 1 49
2 17 9 0 1 7 113
2 17 8 9 0 0 173
2 17 8 7 1 1 78
2 17 8 5 2 2 65
2 17 8 3 3 3 153
2 17 8 1 4 4 132
2 17 7 5 0 5 108
2 17 7 4 6 0 107
2 17 7 3 1 6 70
2 17 7 2 7 1 80
2 17 7 1 2 7 156
2 17 7 0 8 2 18
2 17 6 10 1 0 169
2 17 6 8 2 1 97
2 17 6 6 3 2 105
2 17 6 4 4 3 118
2 17 6 2 5 4 29
2 17 6 1 0 10 156
2 17 6 0 6 5 76
2 17 5 8 0 4 101
2 17 5 6 1 5 25
2 17 5 5 7 0 29
2 17 5 4 2 6 88
2 17 5 3 8 1 110
2 17 5 2 3 7 133
2 17 5 1 9 2 121
2 17 5 0 4 8 191
2 17 4 11 2 0 100
2 17 4 9 3 1 129
2 17 4 7 4 2 46
2 17 4 5 5 3 53
2 17 4 4 0 9 155
2 17 4 3 6 4 116
2 17 4 2 1 10 58
2 17 4 1 7 5 1
2 17 4 0 13 0 90
2 17 4 0 2 11 98
2 17 3 11 0 3 42
2 17 3 9 1 4 126
2 17 3 7 2 5 180
2 17 3 6 8 0 128
2 17 3 5 3 6 29
2 17 3 4 9 1 127
2 17 3 3 4 7 8
2 17 3 2 10 2 99
2 17 3 1 5 8 189
2 17 3 0 11 3 62
2 17 3 0 0 14 147
2 17 2 12 3 0 2
2 17 2 10 4 1 50
2 17 2 8 5 2 36
2 17 2 7 0 8 132
2 17 2 6 6 3 24
2 17 2 5 1 9 101
2 17 2 4 7 4 144
2 17 2 3 2 10 188
2 17 2 2 8 5 113
2 17 2 1 14 0 57
2 17 2 1 3 11 117
2 17 2 0 9 6 7
2 17 1 14 0 2 39
2 17 1 12 1 3 41
2 17 1 10 2 4 42
2 17 1 8 3 5 22
2 17 1 7 9 0 172
2 17 1 6 4 6 17
2 17 1 5 10 1 82
2 17 1 4 5 7 144
2 17 1 3 11 2 40
2 17 1 3 0 13 195
2 17 1 2 6 8 80
2 17 1 1 12 3 185
2 17 1 1 1 14 44
2 17 1 0 7 9 166
2 17 0 13 4 0 25
2 17 0 11 5 1 85
2 17 0 10 0 7 171
2 17 0 9 6 2 160
2 17 0 8 1 8 33
2 17 0 7 7 3 40
2 17 0 6 2 9 70
2 17 0 5 8 4 103
2 17 0 4 3 10 168
2 17 0 3 9 5 132
2 17 0 2 15 0 188
2 17 0 2 4 11 180
2 17 0 1 10 6 45
2 17 0 0 16 1 37
2 17 0 0 5 12 9
2 16 16 1 0 1 77
2 16 14 4 0 0 189
2 16 14 2 1 1 9
2 16 14 0 2 2 168
2 16 13 0 0 5 133
2 16 12 5 1 0 80
2 16 12 3 2 1 30
2 16 12 1 3 2 149
2 16 11 3 0 4 97
2 16 11 1 1 5 92
2 16 11 0 7 0 87
2 16 10 6 2 0 191
2 16 10 4 3 1 1
2 16 10 2 4 2 113
2 16 10 0 5 3 1
2 16 9 6 0 3 94
2 16 9 4 1 4 70
2 16 9 2 2 5 19
2 16 9 1 8 0 64
2 16 9 0 3 6 185
2 16 8 7 3 0 48
2 16 8 5 4 1 47
2 16 8 3 5 2 102
2 16 8 2 0 8 143
2 16 8 1 6 3 62
2 16 8 0 1 9 66
2 16 7 9 0 2 140
2 16 7 7 1 3 51
2 16 7 5 2 4 99
2 16 7 3 3 5 157
2 16 7 2 9 0 104
2 16 7 1 4 6 99
2 16 7 0 10 1 186
2 16 6 8 4 0 42
2 16 6 6 5 1 9
2 16 6 5 0 7 114
2 16 6 4 6 2 33
2 16 6 3 1 8 193
2 16 6 2 7 3 78
2 16 6 1 2 9 15
2 16 6 0 8 4 178
2 16 5 12 0 1 189
2 16 5 10 1 2 53
2 16 5 8 2 3 2
2 16 5 6 3 4 33
2 16 5 4 4 5 104
2 16 5 3 10 0 35
2 16 5 2 5 6 117
2 16 5 1 11 1 100
2 16 5 0 6 7 11
2 16 4 9 5 0 21
2 16 4 8 0 6 117
2 16 4 7 6 1 187
2 16 4 6 1 7 114
2 16 4 5 7 2 148
2 16 4 4 2 8 18
2 16 4 3 8 3 93
2 16 4 2 3 9 107
2 16 4 1 9 4 41
2 16 4 0 4 10 185
2 16 3 15 0 0 19
2 16 3 13 1 1 51
2 16 3 11 2 2 148
2 16 3 9 3 3 97
2 16 3 7 4 4 58
2 16 3 5 5 5 191
2 16 3 4 11 0 157
2 16 3 4 0 11 145
2 16 3 3 6 6 7
2 16 3 2 12 1 52
2 16 3 2 1 12 15
2 16 3 1 7 7 120
2 16 3 0 13 2 126
2 16 3 0 2 13 190
2 16 2 11 0 5 64
2 16 2 10 6 0 148
2 16 2 9 1 6 48
2 16 2 8 7 1 82
2 16 2 7 2 7 110
2 16 2 6 8 2 97
2 16 2 5 3 8 138
2 16 2 4 9 3 46
2 16 2 3 4 9 46
2 16 2 2 10 4 155
2 16 2 1 5 10 81
2 16 2 0 11 5 57
2 16 2 0 0 16 121
2 16 1 14 2 1 152
2 16 1 12 3 2 129
2 16 1 10 4 3 56
2 16 1 8 5 4 183
2 16 1 7 0 10 100
2 16 1 6 6 5 18
2 16 1 5 12 0 25
2 16 1 5 1 11 123
2 16 1 4 7 6 135
2 16 1 3 13 1 138
2 16 1 3 2 12 164
2 16 1 2 8 7 39
2 16 1 1 14 2 42
2 16 1 1 3 13 84
2 16 1 0 9 8 125
2 16 0 14 0 4 157
2 16 0 12 1 5 106
2 16 0 11 7 0 86
2 16 0 10 2 6 117
2 16 0 9 8 1 168
2 16 0 8 3 7 130
2 16 0 7 9 2 93
2 16 0 6 4 8 52
2 16 0 5 10 3 132
2 16 0 4 5 9 4
2 16 0 3 11 4 154
2 16 0 3 0 15 103
2 16 0 2 6 10 196
2 16 0 1 12 5 36
2 16 0 1 1 16 190
2 16 0 0 18 0 87
2 16 0 0 7 11 89
2 15 18 0 1 0 12
2 15 16 1 2 0 158
2 15 15 1 0 3 11
2 15 14 2 3 0 62
2 15 14 0 4 1 196
2 15 13 4 0 2 173
2 15 13 2 1 3 96
2 15 13 0 2 4 164
2 15 12 3 4 0 36
2 15 12 1 5 1 42
2 15 12 0 0 7 97
2 15 11 7 0 1 85
2 15 11 5 1 2 116
2 15 11 3 2 3 125
2 15 11 1 3 4 49
2 15 10 4 5 0 14
2 15 10 3 0 6 63
2 15 10 2 6 1 81
2 15 10 1 1 7 43
2 15 10 0 7 2 169
2 15 9 10 0 0 196
2 15 9 8 1 1 11
2 15 9 6 2 2 135
2 15 9 4 3 3 104
2 15 9 2 4 4 157
2 15 9 0 5 5 33
2 15 8 6 0 5 4
2 15 8 5 6 0 66
2 15 8 4 1 6 180
2 15 8 3 7 1 125
2 15 8 2 2 7 70
2 15 8 1 8 2 188
2 15 8 0 3 8 88
2 15 7 11 1 0 16
2 15 7 9 2 1 47
2 15 7 7 3 2 128
2 15 7 5 4 3 117
2 15 7 3 5 4 101
2 15 7 2 0 10 91
2 15 7 1 6 5 145
2 15 7 0 12 0 164
2 15 7 0 1 11 73
2 15 6 9 0 4 126
2 15 6 7 1 5 90
2 15 6 6 7 0 170
2 15 6 5 2 6 96
2 15 6 4 8 1 186
2 15 6 3 3 7 67
2 15 6 2 9 2 189
2 15 6 1 4 8 132
2 15 6 0 10 3 8
2 15 5 12 2 0 18
2 15 5 10 3 1 68
2 15 5 8 4 2 23
2 15 5 6 5 3 22
2 15 5 5 0 9 95
2 15 5 4 6 4 44
2 15 5 3 1 10 25
2 15 5 2 7 5 132
2 15 5 1 13 0 185
2 15 5 1 2 11 46
2 15 5 0 8 6 79
2 15 4 12 0 3 1
2 15 4 10 1 4 52
2 15 4 8 2 5 4
2 15 4 7 8 0 37
2 15 4 6 3 6 71
2 15 4 5 9 1 150
2 15 4 4 4 7 53
2 15 4 3 10 2 179
2 15 4 2 5 8 112
2 15 4 1 11 3 82
2 15 4 1 0 14 109
2 15 4 0 6 9 102
2 15 3 13 3 0 115
2 15 3 11 4 1 100
2 15 3 9 5 2 168
2 15 3 8 0 8 157
2 15 3 7 6 3 120
2 15 3 6 1 9 10
2 15 3 5 7 4 5
2 15 3 4 2 10 12
2 15 3 3 8 5 42
2 15 3 2 14 0 89
2 15 3 2 3 11 18
2 15 3 1 9 6 57
2 15 3 0 15 1 167
2 15 3 0 4 12 44
2 15 2 15 0 2 146
2 15 2 13 1 3 91
2 15 2 11 2 4 67
2 15 2 9 3 5 195
2 15 2 8 9 0 184
2 15 2 7 4 6 186
2 15 2 6 10 1 31
2 15 2 5 5 7 171
2 15 2 4 11 2 67
2 15 2 4 0 13 148
2 15 2 3 6 8 1
2 15 2 2 12 3 185
2 15 2 2 1 14 95
2 15 2 1 7 9 185
2 15 2 0 13 4 196
2 15 2 0 2 15 97
2 15 1 14 4 0 21
2 15 1 12 5 1 125
2 15 1 11 0 7 82
2 15 1 10 6 2 71
2 15 1 9 1 8 143
2 15 1 8 7 3 42
2 15 1 7 2 9 174
2 15 1 6 8 4 133
2 15 1 5 3 10 115
2 15 1 4 9 5 138
2 15 1 3 15 0 30
2 15 1 3 4 11 91
2 15 1 2 10 6 84
2 15 1 1 16 1 37
2 15 1 1 5 12 151
2 15 1 0 11 7 85
2 15 1 0 0 18 97
2 15 0 18 0 1 141
2 15 0 16 1 2 36
2 15 0 14 2 3 125
2 15 0 12 3 4 192
2 15 0 10 4 5 85
2 15 0 9 10 0 13
2 15 0 8 5 6 98
2 15 0 7 11 1 148
2 15 0 7 0 12 90
2 15 0 6 6 7 130
2 15 0 5 12 2 172
2 15 0 5 1 13 40
2 15 0 4 7 8 165
2 15 0 3 13 3 89
2 15 0 3 2 14 144
2 15 0 2 8 9 94
2 15 0 1 14 4 103
2 15 0 1 3 15 139
2 15 0 0 9 10 43
2 14 17 2 0 1 147
2 14 17 0 1 2 151
2 14 15 5 0 0 131
2 14 15 3 1 1 80
2 14 15 1 2 2 106
2 14 14 1 0 5 53
2 14 14 0 6 0 47
2 14 13 6 1 0 110
2 14 13 4 2 1 20
2 14 13 2 3 2 144
2 14 13 0 4 3 108
2 14 12 4 0 4 38
2 14 12 2 1 5 158
2 14 12 1 7 0 111
2 14 12 0 2 6 63
2 14 11 7 2 0 142
2 14 11 5 3 1 132
2 14 11 3 4 2 157
2 14 11 1 5 3 141
2 14 11 0 0 9 141
2 14 10 7 0 3 130
2 14 10 5 1 4 118
2 14 10 3 2 5 47
2 14 10 2 8 0 106
2 14 10 1 3 6 3
2 14 10 0 9 1 174
2 14 9 8 3 0 10
2 14 9 6 4 1 43
2 14 9 4 5 2 111
2 14 9 3 0 8 77
2 14 9 2 6 3 146
2 14 9 1 1 9 40
2 14 9 0 7 4 115
2 14 8 10 0 2 68
2 14 8 8 1 3 89
2 14 8 6 2 4 44
2 14 8 4 3 5 66
2 14 8 3 9 0 182
2 14 8 2 4 6 53
2 14 8 1 10 1 145
2 14 8 0 5 7 1
2 14 7 9 4 0 177
2 14 7 7 5 1 7
2 14 7 6 0 7 150
2 14 7 5 6 2 72
2 14 7 4 1 8 56
2 14 7 3 7 3 52
2 14 7 2 2 9 95
2 14 7 1 8 4 76
2 14 7 0 3 10 134
2 14 6 13 0 1 163
2 14 6 11 1 2 53
2 14 6 9 2 3 23
2 14 6 7 3 4 25
2 14 6 5 4 5 93
2 14 6 4 10 0 125
2 14 6 3 5 6 1
2 14 6 2 11 1 83
2 14 6 2 0 12 136
2 14 6 1 6 7 26
2 14 6 0 12 2 16
2 14 6 0 1 13 39
2 14 5 10 5 0 14
2 14 5 9 0 6 24
2 14 5 8 6 1 192
2 14 5 7 1 7 33
2 14 5 6 7 2 175
2 14 5 5 2 8 63
2 14 5 4 8 3 22
2 14 5 3 3 9 146
2 14 5 2 9 4 134
2 14 5 1 4 10 121
2 14 5 0 10 5 78
2 14 4 16 0 0 100
2 14 4 14 1 1 158
2 14 4 12 2 2 116
2 14 4 10 3 3 95
2 14 4 8 4 4 93
2 14 4 6 5 5 138
2 14 4 5 11 0 68
2 14 4 5 0 11 105
2 14 4 4 6 6 169
2 14 4 3 12 1 64
2 14 4 3 1 12 54
2 14 4 2 7 7 106
2 14 4 1 2 13 98
2 14 4 0 8 8 196
2 14 3 12 0 5 55
2 14 3 11 6 0 44
2 14 3 10 1 6 94
2 14 3 9 7 1 20
2 14 3 8 2 7 191
2 14 3 7 8 2 194
2 14 3 6 3 8 150
2 14 3 5 9 3 119
2 14 3 4 4 9 167
2 14 3 3 10 4 190
2 14 3 2 5 10 23
2 14 3 1 11 5 9
2 14 3 1 0 16 38
2 14 3 0 17 0 2
2 14 3 0 6 11 161
2 14 2 17 1 0 37
2 14 2 15 2 1 65
2 14 2 13 3 2 99
2 14 2 11 4 3 13
2 14 2 9 5 4 176
2 14 2 8 0 10 120
2 14 2 6 12 0 138
2 14 2 6 1 11 88
2 14 2 5 7 6 6
2 14 2 4 13 1 83
2 14 2 4 2 12 66
2 14 2 3 8 7 17
2 14 2 2 14 2 68
2 14 2 2 3 13 198
2 14 2 1 9 8 86
2 14 2 0 15 3 186
2 14 2 0 4 14 125
2 14 1 15 0 4 69
2 14 1 13 1 5 22
2 14 1 12 7 0 128
2 14 1 11 2 6 195
2 14 1 10 8 1 151
2 14 1 9 3 7 33
2 14 1 8 9 2 162
2 14 1 7 4 8 69
2 14 1 6 10 3 198
2 14 1 5 5 9 120
2 14 1 4 11 4 92
2 14 1 4 0 15 181
2 14 1 3 6 10 153
2 14 1 2 12 5 96
2 14 1 2 1 16 28
2 14 1 1 18 0 138
2 14 1 1 7 11 156
2 14 1 0 13 6 4
2 14 1 0 2 17 68
2 14 0 18 2 0 198
2 14 0 16 3 1 129
2 14 0 14 4 2 87
2 14 0 12 5 3 108
2 14 0 11 0 9 35
2 14 0 10 6 4 56
2 14 0 9 1 10 136
2 14 0 8 7 5 45
2 14 0 7 13 0 176
2 14 0 7 2 11 160
2 14 0 6 8 6 25
2 14 0 5 14 1 1
2 14 0 5 3 12 48
2 14 0 4 9 7 77
2 14 0 3 15 2 16
2 14 0 3 4 13 183
2 14 0 2 10 8 44
2 14 0 1 16 3 95
2 14 0 1 5 14 187
2 14 0 0 11 9 124
2 14 0 0 0 20 4
2 13 21 0 0 0 101
2 13 19 1 1 0 134
2 13 17 2 2 0 89
2 13 17 0 3 1 136
2 13 16 2 0 3 24
2 13 16 0 1 4 114
2 13 15 3 3 0 145
2 13 15 1 4 1 55
2 13 14 5 0 2 101
2 13 14 3 1 3 75
2 13 14 1 2 4 142
2 13 13 4 4 0 127
2 13 13 2 5 1 163
2 13 13 1 0 7 49
2 13 13 0 6 2 25
2 13 12 8 0 1 15
2 13 12 6 1 2 128
2 13 12 4 2 3 9
2 13 12 2 3 4 118
2 13 12 0 4 5 187
2 13 11 5 5 0 60
2 13 11 4 0 6 46
2 13 11 3 6 1 192
2 13 11 2 1 7 45
2 13 11 1 7 2 75
2 13 11 0 2 8 110
2 13 10 11 0 0 165
2 13 10 9 1 1 174
2 13 10 7 2 2 183
2 13 10 5 3 3 47
2 13 10 3 4 4 106
2 13 10 1 5 5 196
2 13 10 0 11 0 48
2 13 10 0 0 11 26
2 13 9 7 0 5 65
2 13 9 6 6 0 119
2 13 9 5 1 6 106
2 13 9 4 7 1 133
2 13 9 3 2 7 155
2 13 9 2 8 2 133
2 13 9 1 3 8 117
2 13 9 0 9 3 143
2 13 8 12 1 0 113
2 13 8 10 2 1 118
2 13 8 8 3 2 130
2 13 8 6 4 3 53
2 13 8 4 5 4 147
2 13 8 3 0 10 151
2 13 8 2 6 5 109
2 13 8 1 12 0 177
2 13 8 1 1 11 178
2 13 8 0 7 6 49
2 13 7 10 0 4 19
2 13 7 8 1 5 96
2 13 7 7 7 0 179
2 13 7 6 2 6 66
2 13 7 5 8 1 187
2 13 7 4 3 7 189
2 13 7 3 9 2 63
2 13 7 2 4 8 195
2 13 7 1 10 3 130
2 13 7 0 5 9 149
2 13 6 13 2 0 84
2 13 6 11 3 1 165
2 13 6 9 4 2 174
2 13 6 7 5 3 73
2 13 6 6 0 9 75
2 13 6 5 6 4 129
2 13 6 4 1 10 161
2 13 6 3 7 5 71
2 13 6 2 13 0 116
2 13 6 2 2 11 157
2 13 6 1 8 6 125
2 13 6 0 14 1 113
2 13 6 0 3 12 38
2 13 5 13 0 3 62
2 13 5 11 1 4 167
2 13 5 9 2 5 126
2 13 5 8 8 0 28
2 13 5 7 3 6 187
2 13 5 6 9 1 173
2 13 5 5 4 7 29
2 13 5 4 10 2 188
2 13 5 3 5 8 191
2 13 5 2 11 3 34
2 13 5 2 0 14 195
2 13 5 1 6 9 74
2 13 5 0 12 4 160
2 13 5 0 1 15 53
2 13 4 14 3 0 78
2 13 4 12 4 1 75
2 13 4 10 5 2 122
2 13 4 9 0 8 28
2 13 4 8 6 3 19
2 13 4 7 1 9 189
2 13 4 6 7 4 144
2 13 4 5 2 10 104
2 13 4 4 8 5 53
2 13 4 3 14 0 6
2 13 4 3 3 11 195
2 13 4 2 9 6 120
2 13 4 1 15 1 43
2 13 4 1 4 12 25
2 13 4 0 10 7 177
2 13 3 16 0 2 26
2 13 3 14 1 3 171
2 13 3 12 2 4 126
2 13 3 10 3 5 158
2 13 3 9 9 0 54
2 13 3 8 4 6 152
2 13 3 7 10 1 10
2 13 3 6 5 7 187
2 13 3 5 11 2 72
2 13 3 5 0 13 189
2 13 3 4 6 8 60
2 13 3 3 1 14 19
2 13 3 2 7 9 5
2 13 3 1 13 4 159
2 13 3 1 2 15 56
2 13 3 0 8 10 106
2 13 2 15 4 0 4
2 13 2 13 5 1 84
2 13 2 12 0 7 73
2 13 2 11 6 2 54
2 13 2 10 1 8 164
2 13 2 9 7 3 147
2 13 2 8 2 9 115
2 13 2 7 8 4 197
2 13 2 6 3 10 46
2 13 2 5 9 5 18
2 13 2 4 15 0 130
2 13 2 4 4 11 3
2 13 2 3 10 6 94
2 13 2 2 16 1 140
2 13 2 2 5 12 44
2 13 2 1 11 7 67
2 13 2 1 0 18 94
2 13 2 0 17 2 187
2 13 2 0 6 13 70
2 13 1 19 0 1 120
2 13 1 17 1 2 29
2 13 1 15 2 3 140
2 13 1 13 3 4 189
2 13 1 11 4 5 4
2 13 1 10 10 0 180
2 13 1 9 5 6 99
2 13 1 8 11 1 47
2 13 1 8 0 12 20
2 13 1 7 6 7 119
2 13 1 6 12 2 128
2 13 1 6 1 13 13
2 13 1 5 7 8 112
2 13 1 4 13 3 19
2 13 1 4 2 14 142
2 13 1 3 8 9 86
2 13 1 2 14 4 84
2 13 1 2 3 15 70
2 13 1 1 9 10 180
2 13 1 0 15 5 58
2 13 1 0 4 16 101
2 13 0 16 5 0 42
2 13 0 15 0 6 192
2 13 0 14 6 1 91
2 13 0 13 1 7 167
2 13 0 12 7 2 195
2 13 0 11 2 8 46
2 13 0 10 8 3 181
2 13 0 9 3 9 12
2 13 0 8 9 4 137
2 13 0 7 4 10 164
2 13 0 6 10 5 128
2 13 0 5 16 0 25
2 13 0 5 5 11 46
2 13 0 4 11 6 151
2 13 0 4 0 17 172
2 13 0 3 17 1 73
2 13 0 3 6 12 35
2 13 0 2 12 7 162
2 13 0 2 1 18 182
2 13 0 1 18 2 59
2 13 0 1 7 13 100
2 13 0 0 13 8 36
2 13 0 0 2 19 84
2 12 20 0 0 2 127
2 12 18 3 0 1 8
2 12 18 1 1 2 175
2 12 17 0 5 0 4
2 12 16 6 0 0 75
2 12 16 4 1 1 131
2 12 16 2 2 2 166
2 12 16 0 3 3 102
2 12 15 2 0 5 94
2 12 15 1 6 0 103
2 12 15 0 1 6 146
2 12 14 7 1 0 76
2 12 14 5 2 1 129
2 12 14 3 3 2 6
2 12 14 1 4 3 187
2 12 13 5 0 4 69
2 12 13 3 1 5 86
2 12 13 2 7 0 85
2 12 13 1 2 6 181
2 12 13 0 8 1 111
2 12 12 8 2 0 188
2 12 12 6 3 1 185
2 12 12 4 4 2 190
2 12 12 2 5 3 135
2 12 12 1 0 9 77
2 12 12 0 6 4 146
2 12 11 8 0 3 109
2 12 11 6 1 4 99
2 12 11 4 2 5 128
2 12 11 3 8 0 93
2 12 11 2 3 6 143
2 12 11 1 9 1 64
2 12 11 0 4 7 38
2 12 10 9 3 0 106
2 12 10 7 4 1 162
2 12 10 5 5 2 196
2 12 10 4 0 8 193
2 12 10 3 6 3 159
2 12 10 2 1 9 124
2 12 10 1 7 4 165
2 12 10 0 2 10 30
2 12 9 11 0 2 7
2 12 9 9 1 3 51
2 12 9 7 2 4 110
2 12 9 5 3 5 151
2 12 9 4 9 0 185
2 12 9 3 4 6 85
2 12 9 2 10 1 33
2 12 9 1 5 7 12
2 12 9 0 11 2 47
2 12 9 0 0 13 2
2 12 8 10 4 0 52
2 12 8 8 5 1 90
2 12 8 7 0 7 51
2 12 8 6 6 2 37
2 12 8 5 1 8 48
2 12 8 4 7 3 29
2 12 8 3 2 9 20
2 12 8 2 8 4 141
2 12 8 1 3 10 164
2 12 8 0 9 5 136
2 12 7 14 0 1 131
2 12 7 12 1 2 174
2 12 7 10 2 3 32
2 12 7 8 3 4 184
2 12 7 6 4 5 149
2 12 7 5 10 0 145
2 12 7 4 5 6 117
2 12 7 3 11 1 175
2 12 7 3 0 12 90
2 12 7 2 6 7 115
2 12 7 1 12 2 90
2 12 7 1 1 13 143
2 12 7 0 7 8 49
2 12 6 11 5 0 41
2 12 6 10 0 6 133
2 12 6 9 6 1 54
2 12 6 8 1 7 18
2 12 6 7 7 2 161
2 12 6 6 2 8 153
2 12 6 5 8 3 93
2 12 6 4 3 9 21
2 12 6 3 9 4 188
2 12 6 2 4 10 85
2 12 6 1 10 5 11
2 12 6 0 16 0 113
2 12 6 0 5 11 105
2 12 5 17 0 0 191
2 12 5 15 1 1 98
2 12 5 13 2 2 20
2 12 5 11 3 3 193
2 12 5 9 4 4 35
2 12 5 7 5 5 172
2 12 5 6 11 0 81
2 12 5 6 0 11 123
2 12 5 5 6 6 137
2 12 5 4 12 1 180
2 12 5 4 1 12 196
2 12 5 3 7 7 63
2 12 5 2 13 2 47
2 12 5 2 2 13 126
2 12 5 1 8 8 28
2 12 5 0 14 3 137
2 12 5 0 3 14 187
2 12 4 13 0 5 26
2 12 4 12 6 0 167
2 12 4 11 1 6 74
2 12 4 10 7 1 145
2 12 4 9 2 7 142
2 12 4 8 8 2 52
2 12 4 7 3 8 41
2 12 4 6 9 3 75
2 12 4 5 4 9 197
2 12 4 4 10 4 130
2 12 4 3 5 10 147
2 12 4 2 11 5 2
2 12 4 2 0 16 28
2 12 4 1 17 0 7
2 12 4 1 6 11 34
2 12 4 0 12 6 4
2 12 4 0 1 17 78
2 12 3 18 1 0 114
2 12 3 16 2 1 6
2 12 3 14 3 2 172
2 12 3 12 4 3 181
2 12 3 10 5 4 73
2 12 3 9 0 10 105
2 12 3 8 6 5 119
2 12 3 7 12 0 51
2 12 3 7 1 11 112
2 12 3 6 7 6 102
2 12 3 5 13 1 105
2 12 3 5 2 12 7
2 12 3 4 8 7 79
2 12 3 3 14 2 125
2 12 3 3 3 13 124
2 12 3 2 9 8 142
2 12 3 1 15 3 174
2 12 3 1 4 14 195
2 12 3 0 10 9 24
2 12 2 16 0 4 156
2 12 2 14 1 5 65
2 12 2 13 7 0 150
2 12 2 12 2 6 108
2 12 2 11 8 1 185
2 12 2 10 3 7 155
2 12 2 9 9 2 137
2 12 2 8 4 8 165
2 12 2 7 10 3 5
2 12 2 6 5 9 31
2 12 2 5 11 4 160
2 12 2 5 0 15 64
2 12 2 4 6 10 114
2 12 2 3 12 5 142
2 12 2 3 1 16 43
2 12 2 2 18 0 125
2 12 2 2 7 11 75
2 12 2 1 13 6 115
2 12 2 1 2 17 54
2 12 2 0 19 1 64
2 12 2 0 8 12 151
2 12 1 19 2 0 176
2 12 1 17 3 1 9
2 12 1 15 4 2 49
2 12 1 13 5 3 11
2 12 1 12 0 9 156
2 12 1 11 6 4 158
2 12 1 10 1 10 87
2 12 1 9 7 5 126
2 12 1 8 13 0 116
2 12 1 8 2 11 8
2 12 1 7 8 6 147
2 12 1 6 14 1 32
2 12 1 6 3 12 193
2 12 1 5 9 7 173
2 12 1 4 15 2 188
2 12 1 4 4 13 66
2 12 1 3 10 8 89
2 12 1 2 16 3 10
2 12 1 2 5 14 58
2 12 1 1 11 9 197
2 12 1 1 0 20 129
2 12 1 0 17 4 50
2 12 1 0 6 15 180
2 12 0 19 0 3 43
2 12 0 17 1 4 50
2 12 0 15 2 5 173
2 12 0 14 8 0 7
2 12 0 13 3 6 43
2 12 0 12 9 1 139
2 12 0 11 4 7 57
2 12 0 10 10 2 33
2 12 0 9 5 8 52
2 12 0 8 11 3 121
2 12 0 8 0 14 20
2 12 0 7 6 9 113
2 12 0 6 12 4 166
2 12 0 6 1 15 52
2 12 0 5 7 10 139
2 12 0 4 13 5 190
2 12 0 4 2 16 156
2 12 0 3 19 0 65
2 12 0 3 8 11 145
2 12 0 2 14 6 77
2 12 0 2 3 17 58
2 12 0 1 20 1 43
2 12 0 1 9 12 159
2 12 0 0 15 7 144
2 12 0 0 4 18 91
2 11 22 1 0 0 61
2 11 20 2 1 0 112
2 11 20 0 2 1 93
2 11 19 0 0 4 10
2 11 18 3 2 0 115
2 11 18 1 3 1 61
2 11 17 3 0 3 44
2 11 17 1 1 4 169
2 11 16 4 3 0 91
2 11 16 2 4 1 158
2 11 16 0 5 2 173
2 11 15 6 0 2 142
2 11 15 4 1 3 126
2 11 15 2 2 4 49
2 11 15 0 3 5 93
2 11 14 5 4 0 131
2 11 14 3 5 1 15
2 11 14 2 0 7 94
2 11 14 1 6 2 130
2 11 14 0 1 8 33
2 11 13 9 0 1 158
2 11 13 7 1 2 163
2 11 13 3 3 4 135
2 11 13 1 4 5 51
2 11 13 0 10 0 92
2 11 12 6 5 0 168
2 11 12 5 0 6 71
2 11 12 4 6 1 81
2 11 12 2 7 2 7
2 11 12 1 2 8 34
2 11 12 0 8 3 142
2 11 11 12 0 0 52
2 11 11 10 1 1 40
2 11 11 8 2 2 134
2 11 11 6 3 3 164
2 11 11 4 4 4 187
2 11 11 2 5 5 44
2 11 11 1 11 0 72
2 11 11 1 0 11 95
2 11 11 0 6 6 75
2 11 10 8 0 5 151
2 11 10 7 6 0 167
2 11 10 6 1 6 63
2 11 10 5 7 1 32
2 11 10 4 2 7 13
2 11 10 3 8 2 172
2 11 10 2 3 8 50
2 11 10 1 9 3 146
2 11 10 0 4 9 1
2 11 9 13 1 0 135
2 11 9 11 2 1 188
2 11 9 9 3 2 56
2 11 9 7 4 3 36
2 11 9 4 0 10 167
2 11 9 3 6 5 53
2 11 9 2 12 0 160
2 11 9 2 1 11 160
2 11 9 1 7 6 125
2 11 9 0 13 1 170
2 11 9 0 2 12 35
2 11 8 11 0 4 157
2 11 8 9 1 5 90
2 11 8 8 7 0 162
2 11 8 7 2 6 21
2 11 8 6 8 1 51
2 11 8 5 3 7 93
2 11 8 4 9 2 58
2 11 8 3 4 8 183
2 11 8 2 10 3 19
2 11 8 1 5 9 154
2 11 8 0 11 4 50
2 11 8 0 0 15 126
2 11 7 14 2 0 155
2 11 7 12 3 1 153
2 11 7 10 4 2 186
2 11 7 8 5 3 12
2 11 7 7 0 9 27
2 11 7 6 6 4 29
2 11 7 5 1 10 1
2 11 7 4 7 5 86
2 11 7 3 13 0 117
2 11 7 3 2 11 113
2 11 7 2 8 6 92
2 11 7 1 14 1 170
2 11 7 1 3 12 198
2 11 7 0 9 7 110
2 11 6 14 0 3 155
2 11 6 12 1 4 120
2 11 6 10 2 5 129
2 11 6 9 8 0 97
2 11 6 8 3 6 66
2 11 6 7 9 1 11
2 11 6 6 4 7 7
2 11 6 5 10 2 192
2 11 6 4 5 8 69
2 11 6 3 11 3 123
2 11 6 3 0 14 101
2 11 6 2 6 9 174
2 11 6 1 12 4 63
2 11 6 1 1 15 184
2 11 6 0 7 10 8
2 11 5 13 4 1 132
2 11 5 11 5 2 145
2 11 5 10 0 8 175
2 11 5 9 6 3 66
2 11 5 8 1 9 28
2 11 5 7 7 4 94
2 11 5 6 2 10 188
2 11 5 5 8 5 37
2 11 5 4 14 0 137
2 11 5 4 3 11 189
2 11 5 3 9 6 114
2 11 5 2 15 1 160
2 11 5 2 4 12 134
2 11 5 1 10 7 148
2 11 5 0 16 2 104
2 11 5 0 5 13 133
2 11 4 17 0 2 20
2 11 4 15 1 3 139
2 11 4 13 2 4 86
2 11 4 11 3 5 144
2 11 4 10 9 0 115
2 11 4 9 4 6 74
2 11 4 8 10 1 170
2 11 4 7 5 7 22
2 11 4 6 11 2 42
2 11 4 6 0 13 48
2 11 4 5 6 8 168
2 11 4 4 12 3 61
2 11 4 4 1 14 24
2 11 4 3 7 9 166
2 11 4 2 13 4 70
2 11 4 2 2 15 65
2 11 4 1 8 10 184
2 11 4 0 14 5 93
2 11 4 0 3 16 81
2 11 3 16 4 0 45
2 11 3 14 5 1 25
2 11 3 13 0 7 160
2 11 3 12 6 2 127
2 11 3 11 1 8 3
2 11 3 10 7 3 168
2 11 3 9 2 9 190
2 11 3 8 8 4 63
2 11 3 7 3 10 122
2 11 3 6 9 5 182
2 11 3 5 15 0 109
2 11 3 5 4 11 4
2 11 3 4 10 6 151
2 11 3 3 16 1 193
2 11 3 3 5 12 69
2 11 3 2 11 7 42
2 11 3 2 0 18 152
2 11 3 1 17 2 156
2 11 3 1 6 13 174
2 11 3 0 12 8 107
2 11 3 0 1 19 179
2 11 2 20 0 1 91
2 11 2 18 1 2 168
2 11 2 16 2 3 85
2 11 2 14 3 4 6
2 11 2 12 4 5 65
2 11 2 11 10 0 7
2 11 2 10 5 6 59
2 11 2 9 11 1 106
2 11 2 9 0 12 143
2 11 2 8 6 7 156
2 11 2 7 12 2 146
2 11 2 7 1 13 102
2 11 2 6 7 8 18
2 11 2 5 13 3 106
2 11 2 5 2 14 178
2 11 2 4 8 9 73
2 11 2 3 14 4 131
2 11 2 3 3 15 46
2 11 2 2 9 10 172
2 11 2 1 15 5 31
2 11 2 1 4 16 94
2 11 2 0 21 0 113
2 11 2 0 10 11 104
2 11 1 17 5 0 157
2 11 1 16 0 6 102
2 11 1 15 6 1 37
2 11 1 14 1 7 21
2 11 1 13 7 2 161
2 11 1 12 2 8 61
2 11 1 11 8 3 183
2 11 1 10 3 9 3
2 11 1 9 9 4 62
2 11 1 8 4 10 187
2 11 1 7 10 5 142
2 11 1 6 16 0 145
2 11 1 6 5 11 58
2 11 1 5 11 6 196
2 11 1 5 0 17 20
2 11 1 4 17 1 44
2 11 1 4 6 12 141
2 11 1 3 12 7 172
2 11 1 3 1 18 177
2 11 1 2 18 2 174
2 11 1 2 7 13 101
2 11 1 1 13 8 183
2 11 1 1 2 19 86
2 11 1 0 19 3 98
2 11 1 0 8 14 130
2 11 0 23 0 0 164
2 11 0 21 1 1 191
2 11 0 19 2 2 62
2 11 0 17 3 3 112
2 11 0 15 4 4 116
2 11 0 13 5 5 24
2 11 0 12 11 0 94
2 11 0 12 0 11 35
2 11 0 11 6 6 184
2 11 0 10 12 1 57
2 11 0 10 1 12 159
2 11 0 9 7 7 7
2 11 0 8 13 2 197
2 11 0 8 2 13 106
2 11 0 7 8 8 93
2 11 0 6 14 3 134
2 11 0 6 3 14 141
2 11 0 5 9 9 158
2 11 0 4 15 4 94
2 11 0 4 4 15 125
2 11 0 3 10 10 14
2 11 0 2 16 5 138
2 11 0 2 5 16 99
2 11 0 1 22 0 24
2 11 0 1 11 11 99
2 11 0 1 0 22 180
2 11 0 0 17 6 14
2 11 0 0 6 17 120
2 10 21 1 0 2 133
2 10 20 0 4 0 10
2 10 19 4 0 1 112
2 10 19 2 1 2 155
2 10 19 0 2 3 175
2 10 18 1 5 0 72
2 10 18 0 0 6 80
2 10 17 5 1 1 115
2 10 17 3 2 2 41
2 10 17 1 3 3 95
2 10 16 3 0 5 108
2 10 16 2 6 0 189
2 10 16 1 1 6 140
2 10 16 0 7 1 88
2 10 15 8 1 0 69
2 10 15 6 2 1 138
2 10 15 4 3 2 60
2 10 15 2 4 3 124
2 10 15 0 5 4 79
2 10 14 6 0 4 191
2 10 14 4 1 5 41
2 10 14 3 7 0 104
2 10 14 2 2 6 5
2 10 14 1 8 1 91
2 10 14 0 3 7 10
2 10 13 9 2 0 112
2 10 13 7 3 1 12
2 10 13 5 4 2 134
2 10 13 2 0 9 124
2 10 13 1 6 4 176
2 10 13 0 1 10 82
2 10 12 9 0 3 146
2 10 12 7 1 4 109
2 10 12 5 2 5 75
2 10 12 4 8 0 27
2 10 12 3 3 6 145
2 10 12 2 9 1 76
2 10 12 1 4 7 116
2 10 12 0 10 2 76
2 10 11 10 3 0 189
2 10 11 8 4 1 37
2 10 11 6 5 2 69
2 10 11 5 0 8 127
2 10 11 4 6 3 193
2 10 11 3 1 9 25
2 10 11 2 7 4 19
2 10 11 1 2 10 179
2 10 11 0 8 5 96
2 10 10 12 0 2 65
2 10 10 10 1 3 12
2 10 10 8 2 4 92
2 10 10 6 3 5 76
2 10 10 5 9 0 180
2 10 10 4 4 6 90
2 10 10 3 10 1 147
2 10 10 1 11 2 25
2 10 10 1 0 13 68
2 10 10 0 6 8 83
2 10 9 11 4 0 95
2 10 9 9 5 1 94
2 10 9 8 0 7 70
2 10 9 7 6 2 86
2 10 9 6 1 8 70
2 10 9 5 7 3 100
2 10 9 4 2 9 9
2 10 9 3 8 4 68
2 10 9 2 3 10 172
2 10 9 1 9 5 97
2 10 9 0 15 0 173
2 10 9 0 4 11 126
2 10 8 15 0 1 86
2 10 8 13 1 2 47
2 10 8 11 2 3 138
2 10 8 9 3 4 70
2 10 8 7 4 5 182
2 10 8 6 10 0 98
2 10 8 5 5 6 38
2 10 8 4 11 1 75
2 10 8 4 0 12 168
2 10 8 3 6 7 84
2 10 8 2 12 2 157
2 10 8 2 1 13 170
2 10 8 1 7 8 165
2 10 8 0 13 3 13
2 10 8 0 2 14 77
2 10 7 12 5 0 94
2 10 7 11 0 6 131
2 10 7 10 6 1 131
2 10 7 8 7 2 197
2 10 7 7 2 8 45
2 10 7 6 8 3 82
2 10 7 5 3 9 162
2 10 7 4 9 4 106
2 10 7 3 4 10 6
2 10 7 2 10 5 97
2 10 7 1 16 0 138
2 10 7 1 5 11 61
2 10 7 0 11 6 158
2 10 7 0 0 17 71
2 10 6 18 0 0 44
2 10 6 16 1 1 64
2 10 6 14 2 2 72
2 10 6 12 3 3 172
2 10 6 10 4 4 175
2 10 6 8 5 5 153
2 10 6 7 11 0 156
2 10 6 7 0 11 172
2 10 6 6 6 6 104
2 10 6 5 12 1 17
2 10 6 5 1 12 126
2 10 6 4 7 7 94
2 10 6 3 13 2 12
2 10 6 3 2 13 91
2 10 6 2 8 8 31
2 10 6 1 14 3 36
2 10 6 1 3 14 1
2 10 6 0 9 9 15
2 10 5 14 0 5 58
2 10 5 13 6 0 197
2 10 5 12 1 6 48
2 10 5 11 7 1 167
2 10 5 10 2 7 180
2 10 5 9 8 2 179
2 10 5 8 3 8 75
2 10 5 7 9 3 136
2 10 5 6 4 9 36
2 10 5 5 10 4 177
2 10 5 4 5 10 44
2 10 5 3 11 5 40
2 10 5 3 0 16 62
2 10 5 2 17 0 6
2 10 5 2 6 11 13
2 10 5 1 12 6 121
2 10 5 1 1 17 66
2 10 5 0 18 1 49
2 10 5 0 7 12 104
2 10 4 19 1 0 98
2 10 4 17 2 1 67
2 10 4 15 3 2 47
2 10 4 13 4 3 54
2 10 4 11 5 4 171
2 10 4 10 0 10 138
2 10 4 9 6 5 117
2 10 4 8 12 0 193
2 10 4 8 1 11 48
2 10 4 7 7 6 40
2 10 4 6 13 1 61
2 10 4 6 2 12 9
2 10 4 5 8 7 105
2 10 4 4 14 2 54
2 10 4 4 3 13 164
2 10 4 3 9 8 123
2 10 4 2 15 3 21
2 10 4 2 4 14 15
2 10 4 1 10 9 144
2 10 4 0 16 4 127
2 10 4 0 5 15 57
2 10 3 17 0 4 44
2 10 3 15 1 5 19
2 10 3 14 7 0 151
2 10 3 13 2 6 171
2 10 3 12 8 1 90
2 10 3 11 3 7 41
2 10 3 10 9 2 183
2 10 3 9 4 8 180
2 10 3 8 10 3 81
2 10 3 7 5 9 111
2 10 3 6 11 4 171
2 10 3 6 0 15 185
2 10 3 5 6 10 48
2 10 3 4 12 5 96
2 10 3 4 1 16 103
2 10 3 3 18 0 14
2 10 3 3 7 11 190
2 10 3 2 13 6 56
2 10 3 2 2 17 140
2 10 3 1 19 1 22
2 10 3 1 8 12 172
2 10 3 0 14 7 151
2 10 3 0 3 18 167
2 10 2 20 2 0 121
2 10 2 18 3 1 2
2 10 2 16 4 2 12
2 10 2 14 5 3 126
2 10 2 13 0 9 191
2 10 2 12 6 4 61
2 10 2 11 1 10 89
2 10 2 10 7 5 154
2 10 2 9 13 0 166
2 10 2 9 2 11 130
2 10 2 8 8 6 10
2 10 2 7 14 1 117
2 10 2 7 3 12 19
2 10 2 6 9 7 75
2 10 2 5 15 2 176
2 10 2 5 4 13 82
2 10 2 4 10 8 196
2 10 2 3 16 3 176
2 10 2 3 5 14 181
2 10 2 2 11 9 87
2 10 2 2 0 20 106
2 10 2 1 17 4 97
2 10 2 1 6 15 163
2 10 2 0 12 10 178
2 10 2 0 1 21 106
2 10 1 20 0 3 192
2 10 1 18 1 4 144
2 10 1 16 2 5 127
2 10 1 15 8 0 119
2 10 1 14 3 6 121
2 10 1 13 9 1 21
2 10 1 12 4 7 10
2 10 1 11 10 2 35
2 10 1 10 5 8 193
2 10 1 9 11 3 62
2 10 1 9 0 14 13
2 10 1 8 6 9 53
2 10 1 7 12 4 58
2 10 1 7 1 15 29
2 10 1 6 7 10 28
2 10 1 5 13 5 179
2 10 1 5 2 16 23
2 10 1 4 19 0 22
2 10 1 4 8 11 34
2 10 1 3 14 6 192
2 10 1 3 3 17 126
2 10 1 2 20 1 108
2 10 1 2 9 12 106
2 10 1 1 15 7 46
2 10 1 1 4 18 198
2 10 1 0 21 2 110
2 10 1 0 10 13 133
2 10 0 21 3 0 85
2 10 0 19 4 1 162
2 10 0 17 5 2 108
2 10 0 16 0 8 166
2 10 0 15 6 3 17
2 10 0 14 1 9 165
2 10 0 13 7 4 78
2 10 0 12 2 10 117
2 10 0 11 8 5 81
2 10 0 10 14 0 152
2 10 0 10 3 11 148
2 10 0 9 9 6 1
2 10 0 8 15 1 99
2 10 0 8 4 12 148
2 10 0 7 10 7 7
2 10 0 6 16 2 126
2 10 0 6 5 13 147
2 10 0 5 11 8 19
2 10 0 5 0 19 119
2 10 0 4 17 3 54
2 10 0 4 6 14 110
2 10 0 3 12 9 139
2 10 0 3 1 20 41
2 10 0 2 18 4 159
2 10 0 2 7 15 23
2 10 0 1 13 10 150
2 10 0 1 2 21 135
2 10 0 0 19 5 85
2 10 0 0 8 16 163
2 9 23 2 0 0 79
2 9 23 0 1 1 20
2 9 21 3 1 0 198
2 9 21 1 2 1 52
2 9 20 1 0 4 11
2 9 19 4 2 0 175
2 9 19 2 3 1 28
2 9 19 0 4 2 28
2 9 18 4 0 3 51
2 9 18 2 1 4 158
2 9 18 0 2 5 120
2 9 17 5 3 0 176
2 9 17 3 4 1 175
2 9 17 1 5 2 160
2 9 17 0 0 8 88
2 9 16 7 0 2 52
2 9 16 5 1 3 156
2 9 16 3 2 4 54
2 9 16 1 3 5 10
2 9 16 0 9 0 88
2 9 15 6 4 0 36
2 9 15 4 5 1 89
2 9 15 3 0 7 57
2 9 15 2 6 2 53
2 9 15 1 1 8 66
2 9 15 0 7 3 86
2 9 14 10 0 1 179
2 9 14 8 1 2 137
2 9 14 6 2 3 112
2 9 14 4 3 4 9
2 9 14 2 4 5 114
2 9 14 1 10 0 93
2 9 14 0 5 6 60
2 9 13 7 5 0 39
2 9 13 6 0 6 157
2 9 13 5 6 1 179
2 9 13 4 1 7 106
2 9 13 3 7 2 133
2 9 13 2 2 8 121
2 9 13 1 8 3 90
2 9 13 0 3 9 123
2 9 12 13 0 0 87
2 9 12 11 1 1 24
2 9 12 9 2 2 193
2 9 12 7 3 3 115
2 9 12 5 4 4 55
2 9 12 3 5 5 75
2 9 12 2 11 0 35
2 9 12 2 0 11 149
2 9 12 1 6 6 195
2 9 12 0 12 1 150
2 9 12 0 1 12 143
2 9 11 9 0 5 10
2 9 11 8 6 0 192
2 9 11 7 1 6 11
2 9 11 6 7 1 52
2 9 11 5 2 7 191
2 9 11 4 8 2 6
2 9 11 3 3 8 170
2 9 11 2 9 3 109
2 9 11 1 4 9 179
2 9 11 0 10 4 51
2 9 10 14 1 0 39
2 9 10 12 2 1 174
2 9 10 10 3 2 140
2 9 10 8 4 3 85
2 9 10 6 5 4 14
2 9 10 5 0 10 169
2 9 10 4 6 5 118
2 9 10 3 12 0 95
2 9 10 3 1 11 148
2 9 10 2 7 6 2
2 9 10 1 13 1 21
2 9 10 1 2 12 85
2 9 10 0 8 7 100
2 9 9 12 0 4 107
2 9 9 10 1 5 2
2 9 9 9 7 0 139
2 9 9 8 2 6 107
2 9 9 7 8 1 10
2 9 9 6 3 7 5
2 9 9 5 9 2 176
2 9 9 4 4 8 132
2 9 9 3 10 3 109
2 9 9 2 5 9 153
2 9 9 1 11 4 175
2 9 9 1 0 15 112
2 9 9 0 6 10 111
2 9 8 15 2 0 176
2 9 8 13 3 1 130
2 9 8 11 4 2 25
2 9 8 9 5 3 90
2 9 8 8 0 9 7
2 9 8 7 6 4 168
2 9 8 6 1 10 40
2 9 8 5 7 5 160
2 9 8 4 13 0 173
2 9 8 4 2 11 94
2 9 8 3 8 6 77
2 9 8 2 14 1 190
2 9 8 2 3 12 134
2 9 8 1 9 7 57
2 9 8 0 15 2 105
2 9 8 0 4 13 33
2 9 7 15 0 3 95
2 9 7 13 1 4 155
2 9 7 11 2 5 139
2 9 7 10 8 0 18
2 9 7 9 3 6 165
2 9 7 8 9 1 71
2 9 7 7 4 7 49
2 9 7 6 10 2 48
2 9 7 5 5 8 90
2 9 7 4 11 3 106
2 9 7 4 0 14 145
2 9 7 3 6 9 168
2 9 7 2 12 4 77
2 9 7 2 1 15 156
2 9 7 1 7 10 31
2 9 7 0 13 5 190
2 9 7 0 2 16 67
2 9 6 16 3 0 58
2 9 6 14 4 1 145
2 9 6 12 5 2 30
2 9 6 11 0 8 75
2 9 6 10 6 3 111
2 9 6 9 1 9 38
2 9 6 8 7 4 190
2 9 6 7 2 10 16
2 9 6 6 8 5 170
2 9 6 5 14 0 18
2 9 6 5 3 11 73
2 9 6 4 9 6 42
2 9 6 3 15 1 179
2 9 6 3 4 12 101
2 9 6 2 10 7 46
2 9 6 1 16 2 66
2 9 6 1 5 13 147
2 9 6 0 11 8 68
2 9 6 0 0 19 195
2 9 5 18 0 2 144
2 9 5 16 1 3 139
2 9 5 14 2 4 33
2 9 5 12 3 5 25
2 9 5 11 9 0 123
2 9 5 10 4 6 6
2 9 5 9 10 1 128
2 9 5 8 5 7 181
2 9 5 7 11 2 119
2 9 5 7 0 13 30
2 9 5 6 6 8 176
2 9 5 5 12 3 193
2 9 5 5 1 14 56
2 9 5 4 7 9 197
2 9 5 3 13 4 61
2 9 5 3 2 15 26
2 9 5 2 8 10 71
2 9 5 1 14 5 23
2 9 5 1 3 16 58
2 9 5 0 20 0 193
2 9 5 0 9 11 182
2 9 4 17 4 0 60
2 9 4 15 5 1 103
2 9 4 14 0 7 65
2 9 4 13 6 2 172
2 9 4 12 1 8 198
2 9 4 11 7 3 36
2 9 4 10 2 9 192
2 9 4 9 8 4 10
2 9 4 8 3 10 170
2 9 4 7 9 5 194
2 9 4 6 15 0 136
2 9 4 6 4 11 164
2 9 4 5 10 6 85
2 9 4 4 16 1 122
2 9 4 4 5 12 99
2 9 4 3 11 7 101
2 9 4 3 0 18 152
2 9 4 2 17 2 145
2 9 4 2 6 13 33
2 9 4 1 12 8 62
2 9 4 1 1 19 139
2 9 4 0 18 3 33
2 9 4 0 7 14 171
2 9 3 21 0 1 136
2 9 3 19 1 2 6
2 9 3 17 2 3 195
2 9 3 15 3 4 181
2 9 3 13 4 5 56
2 9 3 12 10 0 6
2 9 3 11 5 6 131
2 9 3 10 11 1 185
2 9 3 10 0 12 155
2 9 3 9 6 7 22
2 9 3 8 12 2 155
2 9 3 8 1 13 36
2 9 3 7 7 8 187
2 9 3 6 13 3 109
2 9 3 6 2 14 9
2 9 3 5 8 9 63
2 9 3 4 14 4 125
2 9 3 4 3 15 166
2 9 3 3 9 10 79
2 9 3 2 15 5 104
2 9 3 2 4 16 135
2 9 3 1 21 0 63
2 9 3 1 10 11 25
2 9 3 0 16 6 103
2 9 3 0 5 17 178
2 9 2 18 5 0 157
2 9 2 17 0 6 103
2 9 2 16 6 1 109
2 9 2 15 1 7 165
2 9 2 14 7 2 142
2 9 2 13 2 8 74
2 9 2 12 8 3 63
2 9 2 11 3 9 125
2 9 2 10 9 4 170
2 9 2 9 4 10 111
2 9 2 8 10 5 190
2 9 2 7 16 0 4
2 9 2 7 5 11 42
2 9 2 6 11 6 173
2 9 2 6 0 17 94
2 9 2 5 17 1 34
2 9 2 5 6 12 147
2 9 2 4 12 7 145
2 9 2 4 1 18 72
2 9 2 3 18 2 58
2 9 2 3 7 13 169
2 9 2 2 13 8 57
2 9 2 2 2 19 9
2 9 2 1 19 3 74
2 9 2 1 8 14 71
2 9 2 0 14 9 135
2 9 2 0 3 20 161
2 9 1 24 0 0 146
2 9 1 22 1 1 99
2 9 1 20 2 2 151
2 9 1 18 3 3 149
2 9 1 16 4 4 8
2 9 1 14 5 5 123
2 9 1 13 11 0 131
2 9 1 13 0 11 196
2 9 1 12 6 6 120
2 9 1 11 12 1 20
2 9 1 11 1 12 24
2 9 1 10 7 7 72
2 9 1 9 13 2 68
2 9 1 9 2 13 56
2 9 1 8 8 8 10
2 9 1 7 14 3 5
2 9 1 7 3 14 107
2 9 1 6 9 9 94
2 9 1 5 15 4 56
2 9 1 5 4 15 60
2 9 1 4 10 10 176
2 9 1 3 16 5 1
2 9 1 3 5 16 111
2 9 1 2 22 0 154
2 9 1 2 11 11 161
2 9 1 2 0 22 25
2 9 1 1 17 6 55
2 9 1 1 6 17 58
2 9 1 0 23 1 37
2 9 1 0 12 12 34
2 9 1 0 1 23 9
2 9 0 20 0 5 69
2 9 0 19 6 0 7
2 9 0 18 1 6 158
2 9 0 17 7 1 90
2 9 0 16 2 7 113
2 9 0 15 8 2 111
2 9 0 14 3 8 194
2 9 0 13 9 3 137
2 9 0 12 4 9 105
2 9 0 11 10 4 23
2 9 0 10 5 10 23
2 9 0 9 11 5 102
2 9 0 9 0 16 185
2 9 0 8 17 0 84
2 9 0 8 6 11 179
2 9 0 7 12 6 187
2 9 0 7 1 17 73
2 9 0 6 18 1 187
2 9 0 6 7 12 103
2 9 0 5 13 7 102
2 9 0 5 2 18 52
2 9 0 4 19 2 162
2 9 0 4 8 13 26
2 9 0 3 14 8 174
2 9 0 3 3 19 118
2 9 0 2 20 3 61
2 9 0 2 9 14 82
2 9 0 1 15 9 46
2 9 0 1 4 20 175
2 9 0 0 21 4 37
2 9 0 0 10 15 68
2 8 23 0 3 0 8
2 8 22 2 0 2 140
2 8 22 0 1 3 99
2 8 21 1 4 0 128
2 8 20 5 0 1 160
2 8 20 3 1 2 97
2 8 20 1 2 3 61
2 8 19 2 5 0 75
2 8 19 1 0 6 163
2 8 19 0 6 1 4
2 8 18 8 0 0 54
2 8 18 6 1 1 115
2 8 18 4 2 2 68
2 8 18 2 3 3 121
2 8 18 0 4 4 160
2 8 17 4 0 5 144
2 8 17 3 6 0 28
2 8 17 2 1 6 36
2 8 17 1 7 1 55
2 8 17 0 2 7 120
2 8 16 9 1 0 112
2 8 16 7 2 1 29
2 8 16 5 3 2 12
2 8 16 3 4 3 129
2 8 16 1 5 4 157
2 8 16 0 0 10 119
2 8 15 7 0 4 147
2 8 15 5 1 5 114
2 8 15 4 7 0 88
2 8 15 3 2 6 147
2 8 15 2 8 1 27
2 8 15 1 3 7 22
2 8 15 0 9 2 87
2 8 14 10 2 0 26
2 8 14 8 3 1 88
2 8 14 6 4 2 47
2 8 14 4 5 3 28
2 8 14 3 0 9 39
2 8 14 2 6 4 60
2 8 14 1 1 10 181
2 8 14 0 7 5 174
2 8 13 10 0 3 39
2 8 13 8 1 4 173
2 8 13 6 2 5 191
2 8 13 5 8 0 42
2 8 13 4 3 6 55
2 8 13 3 9 1 123
2 8 13 2 4 7 168
2 8 13 1 10 2 194
2 8 13 0 5 8 100
2 8 12 11 3 0 188
2 8 12 9 4 1 71
2 8 12 7 5 2 52
2 8 12 6 0 8 88
2 8 12 5 6 3 110
2 8 12 4 1 9 110
2 8 12 3 7 4 105
2 8 12 2 2 10 82
2 8 12 1 8 5 133
2 8 12 0 14 0 172
2 8 12 0 3 11 1
2 8 11 13 0 2 93
2 8 11 11 1 3 2
2 8 11 9 2 4 138
2 8 11 7 3 5 120
2 8 11 6 9 0 20
2 8 11 5 4 6 184
2 8 11 4 10 1 195
2 8 11 3 5 7 150
2 8 11 2 11 2 174
2 8 11 2 0 13 67
2 8 11 1 6 8 182
2 8 11 0 12 3 173
2 8 11 0 1 14 153
2 8 10 12 4 0 54
2 8 10 10 5 1 138
2 8 10 9 0 7 16
2 8 10 8 6 2 115
2 8 10 7 1 8 178
2 8 10 6 7 3 166
2 8 10 5 2 9 93
2 8 10 4 8 4 61
2 8 10 3 3 10 16
2 8 10 2 9 5 163
2 8 10 1 15 0 90
2 8 10 1 4 11 118
2 8 10 0 10 6 159
2 8 9 16 0 1 143
2 8 9 14 1 2 195
2 8 9 12 2 3 95
2 8 9 10 3 4 34
2 8 9 8 4 5 49
2 8 9 7 10 0 197
2 8 9 6 5 6 85
2 8 9 5 11 1 61
2 8 9 5 0 12 135
2 8 9 4 6 7 107
2 8 9 3 12 2 46
2 8 9 3 1 13 181
2 8 9 2 7 8 49
2 8 9 1 13 3 66
2 8 9 1 2 14 147
2 8 9 0 8 9 3
2 8 8 13 5 0 101
2 8 8 12 0 6 57
2 8 8 11 6 1 123
2 8 8 10 1 7 146
2 8 8 9 7 2 58
2 8 8 8 2 8 20
2 8 8 7 8 3 101
2 8 8 6 3 9 22
2 8 8 5 9 4 27
2 8 8 4 4 10 185
2 8 8 3 10 5 27
2 8 8 2 16 0 48
2 8 8 2 5 11 18
2 8 8 1 11 6 112
2 8 8 1 0 17 5
2 8 8 0 17 1 166
2 8 8 0 6 12 11
2 8 7 19 0 0 41
2 8 7 17 1 1 146
2 8 7 15 2 2 74
2 8 7 13 3 3 26
2 8 7 11 4 4 170
2 8 7 9 5 5 29
2 8 7 8 11 0 150
2 8 7 8 0 11 182
2 8 7 7 6 6 181
2 8 7 6 12 1 182
2 8 7 6 1 12 118
2 8 7 5 7 7 190
2 8 7 4 13 2 49
2 8 7 4 2 13 22
2 8 7 3 8 8 175
2 8 7 2 14 3 140
2 8 7 2 3 14 147
2 8 7 1 9 9 67
2 8 7 0 15 4 52
2 8 7 0 4 15 83
2 8 6 15 0 5 106
2 8 6 14 6 0 123
2 8 6 13 1 6 148
2 8 6 12 7 1 27
2 8 6 11 2 7 139
2 8 6 10 8 2 127
2 8 6 9 3 8 177
2 8 6 8 9 3 51
2 8 6 7 4 9 40
2 8 6 6 10 4 59
2 8 6 5 5 10 82
2 8 6 4 11 5 108
2 8 6 4 0 16 23
2 8 6 3 17 0 123
2 8 6 3 6 11 197
2 8 6 2 12 6 10
2 8 6 2 1 17 101
2 8 6 1 18 1 168
2 8 6 1 7 12 52
2 8 6 0 13 7 128
2 8 6 0 2 18 2
2 8 5 20 1 0 48
2 8 5 18 2 1 96
2 8 5 16 3 2 188
2 8 5 14 4 3 127
2 8 5 12 5 4 125
2 8 5 11 0 10 94
2 8 5 10 6 5 24
2 8 5 9 12 0 119
2 8 5 9 1 11 121
2 8 5 8 7 6 181
2 8 5 7 13 1 152
2 8 5 7 2 12 10
2 8 5 6 8 7 169
2 8 5 5 14 2 181
2 8 5 5 3 13 26
2 8 5 4 9 8 58
2 8 5 3 15 3 163
2 8 5 3 4 14 16
2 8 5 2 10 9 163
2 8 5 1 16 4 188
2 8 5 1 5 15 18
2 8 5 0 11 10 188
2 8 5 0 0 21 58
2 8 4 18 0 4 170
2 8 4 16 1 5 18
2 8 4 15 7 0 74
2 8 4 14 2 6 69
2 8 4 13 8 1 153
2 8 4 12 3 7 110
2 8 4 11 9 2 182
2 8 4 10 4 8 24
2 8 4 9 10 3 194
2 8 4 8 5 9 186
2 8 4 7 11 4 14
2 8 4 7 0 15 138
2 8 4 6 6 10 165
2 8 4 5 12 5 148
2 8 4 5 1 16 63
2 8 4 4 18 0 125
2 8 4 4 7 11 122
2 8 4 3 13 6 11
2 8 4 3 2 17 44
2 8 4 2 19 1 23
2 8 4 2 8 12 108
2 8 4 1 3 18 56
2 8 4 0 20 2 136
2 8 4 0 9 13 41
2 8 3 21 2 0 10
2 8 3 19 3 1 18
2 8 3 17 4 2 168
2 8 3 15 5 3 49
2 8 3 14 0 9 49
2 8 3 13 6 4 169
2 8 3 12 1 10 65
2 8 3 11 7 5 153
2 8 3 10 13 0 194
2 8 3 10 2 11 18
2 8 3 9 8 6 58
2 8 3 8 14 1 187
2 8 3 8 3 12 126
2 8 3 7 9 7 30
2 8 3 6 15 2 78
2 8 3 6 4 13 129
2 8 3 5 10 8 32
2 8 3 4 16 3 67
2 8 3 4 5 14 72
2 8 3 3 11 9 179
2 8 3 3 0 20 135
2 8 3 2 17 4 21
2 8 3 2 6 15 87
2 8 3 1 12 10 184
2 8 3 1 1 21 15
2 8 3 0 18 5 124
2 8 3 0 7 16 79
2 8 2 21 0 3 73
2 8 2 19 1 4 39
2 8 2 17 2 5 123
2 8 2 16 8 0 26
2 8 2 15 3 6 121
2 8 2 14 9 1 14
2 8 2 13 4 7 78
2 8 2 12 10 2 68
2 8 2 11 5 8 168
2 8 2 10 11 3 3
2 8 2 10 0 14 70
2 8 2 9 6 9 72
2 8 2 8 12 4 42
2 8 2 8 1 15 154
2 8 2 7 7 10 69
2 8 2 6 13 5 74
2 8 2 6 2 16 12
2 8 2 5 19 0 187
2 8 2 5 8 11 107
2 8 2 4 14 6 75
2 8 2 4 3 17 100
2 8 2 3 20 1 119
2 8 2 3 9 12 129
2 8 2 2 15 7 197
2 8 2 2 4 18 146
2 8 2 1 21 2 53
2 8 2 1 10 13 110
2 8 2 0 16 8 126
2 8 2 0 5 19 82
2 8 1 22 3 0 166
2 8 1 20 4 1 78
2 8 1 18 5 2 7
2 8 1 17 0 8 53
2 8 1 16 6 3 162
2 8 1 15 1 9 190
2 8 1 14 7 4 172
2 8 1 13 2 10 57
2 8 1 12 8 5 196
2 8 1 11 14 0 20
2 8 1 11 3 11 189
2 8 1 10 9 6 147
2 8 1 9 15 1 191
2 8 1 9 4 12 141
2 8 1 8 10 7 44
2 8 1 7 16 2 124
2 8 1 7 5 13 56
2 8 1 6 11 8 112
2 8 1 6 0 19 105
2 8 1 5 17 3 41
2 8 1 5 6 14 58
2 8 1 4 12 9 141
2 8 1 4 1 20 42
2 8 1 3 18 4 46
2 8 1 3 7 15 117
2 8 1 2 13 10 169
2 8 1 2 2 21 163
2 8 1 1 19 5 118
2 8 1 1 8 16 104
2 8 1 0 25 0 16
2 8 1 0 14 11 86
2 8 1 0 3 22 125
2 8 0 24 0 2 20
2 8 0 22 1 3 47
2 8 0 20 2 4 135
2 8 0 18 3 5 22
2 8 0 17 9 0 2
2 8 0 16 4 6 158
2 8 0 15 10 1 36
2 8 0 14 5 7 93
2 8 0 13 11 2 103
2 8 0 13 0 13 109
2 8 0 12 6 8 169
2 8 0 11 12 3 196
2 8 0 11 1 14 131
2 8 0 10 7 9 18
2 8 0 9 13 4 166
2 8 0 9 2 15 76
2 8 0 8 8 10 55
2 8 0 7 14 5 139
2 8 0 7 3 16 76
2 8 0 6 20 0 84
2 8 0 6 9 11 141
2 8 0 5 15 6 182
2 8 0 5 4 17 26
2 8 0 4 21 1 30
2 8 0 4 10 12 134
2 8 0 3 16 7 97
2 8 0 3 5 18 65
2 8 0 2 22 2 9
2 8 0 2 11 13 107
2 8 0 2 0 24 50
2 8 0 1 17 8 186
2 8 0 1 6 19 48
2 8 0 0 23 3 7
2 8 0 0 12 14 145
2 8 0 0 1 25 48
2 7 26 0 0 1 104
2 7 24 3 0 0 174
2 7 24 1 1 1 101
2 7 22 4 1 0 39
2 7 22 2 2 1 125
2 7 22 0 3 2 111
2 7 21 2 0 4 179
2 7 21 0 1 5 19
2 7 20 5 2 0 26
2 7 20 3 3 1 158
2 7 20 1 4 2 184
2 7 19 5 0 3 123
2 7 19 3 1 4 40
2 7 19 1 2 5 34
2 7 19 0 8 0 59
2 7 18 6 3 0 18
2 7 18 4 4 1 193
2 7 18 2 5 2 181
2 7 18 1 0 8 198
2 7 18 0 6 3 22
2 7 17 8 0 2 194
2 7 17 6 1 3 91
2 7 17 4 2 4 104
2 7 17 2 3 5 85
2 7 17 1 9 0 196
2 7 17 0 4 6 8
2 7 16 7 4 0 189
2 7 16 5 5 1 40
2 7 16 4 0 7 147
2 7 16 3 6 2 194
2 7 16 2 1 8 180
2 7 16 1 7 3 62
2 7 16 0 2 9 113
2 7 15 11 0 1 198
2 7 15 9 1 2 155
2 7 15 7 2 3 10
2 7 15 5 3 4 119
2 7 15 3 4 5 42
2 7 15 2 10 0 14
2 7 15 1 5 6 131
2 7 15 0 11 1 39
2 7 15 0 0 12 95
2 7 14 8 5 0 123
2 7 14 7 0 6 129
2 7 14 6 6 1 39
2 7 14 5 1 7 30
2 7 14 4 7 2 184
2 7 14 3 2 8 41
2 7 14 2 8 3 139
2 7 14 1 3 9 39
2 7 14 0 9 4 42
2 7 13 14 0 0 83
2 7 13 12 1 1 123
2 7 13 10 2 2 153
2 7 13 8 3 3 151
2 7 13 6 4 4 154
2 7 13 4 5 5 121
2 7 13 3 11 0 93
2 7 13 3 0 11 86
2 7 13 2 6 6 135
2 7 13 1 12 1 88
2 7 13 1 1 12 96
2 7 13 0 7 7 100
2 7 12 10 0 5 166
2 7 12 9 6 0 54
2 7 12 8 1 6 71
2 7 12 7 7 1 72
2 7 12 6 2 7 137
2 7 12 5 8 2 160
2 7 12 4 3 8 106
2 7 12 3 9 3 72
2 7 12 2 4 9 69
2 7 12 1 10 4 13
2 7 12 0 5 10 30
2 7 11 15 1 0 6
2 7 11 13 2 1 117
2 7 11 11 3 2 26
2 7 11 9 4 3 110
2 7 11 7 5 4 137
2 7 11 6 0 10 99
2 7 11 5 6 5 176
2 7 11 4 12 0 72
2 7 11 4 1 11 155
2 7 11 3 7 6 16
2 7 11 2 13 1 24
2 7 11 2 2 12 76
2 7 11 1 8 7 151
2 7 11 0 14 2 181
2 7 11 0 3 13 23
2 7 10 13 0 4 132
2 7 10 11 1 5 8
2 7 10 10 7 0 57
2 7 10 9 2 6 177
2 7 10 8 8 1 57
2 7 10 7 3 7 48
2 7 10 6 9 2 91
2 7 10 5 4 8 156
2 7 10 4 10 3 174
2 7 10 3 5 9 16
2 7 10 2 11 4 28
2 7 10 2 0 15 180
2 7 10 1 6 10 37
2 7 10 0 12 5 33
2 7 10 0 1 16 56
2 7 9 16 2 0 188
2 7 9 14 3 1 88
2 7 9 12 4 2 111
2 7 9 10 5 3 62
2 7 9 9 0 9 34
2 7 9 8 6 4 170
2 7 9 7 1 10 119
2 7 9 6 7 5 97
2 7 9 5 13 0 55
2 7 9 5 2 11 181
2 7 9 4 8 6 98
2 7 9 3 14 1 188
2 7 9 3 3 12 142
2 7 9 2 9 7 65
2 7 9 1 15 2 59
2 7 9 1 4 13 185
2 7 9 0 10 8 86
2 7 8 16 0 3 191
2 7 8 14 1 4 76
2 7 8 12 2 5 162
2 7 8 11 8 0 107
2 7 8 10 3 6 146
2 7 8 9 9 1 106
2 7 8 8 4 7 128
2 7 8 7 10 2 17
2 7 8 6 5 8 105
2 7 8 5 11 3 153
2 7 8 5 0 14 3
2 7 8 4 6 9 40
2 7 8 3 12 4 109
2 7 8 3 1 15 184
2 7 8 2 7 10 138
2 7 8 1 13 5 187
2 7 8 1 2 16 96
2 7 8 0 19 0 169
2 7 8 0 8 11 112
2 7 7 17 3 0 69
2 7 7 15 4 1 155
2 7 7 13 5 2 170
2 7 7 12 0 8 144
2 7 7 11 6 3 180
2 7 7 10 1 9 16
2 7 7 9 7 4 198
2 7 7 8 2 10 94
2 7 7 7 8 5 64
2 7 7 6 14 0 84
2 7 7 6 3 11 183
2 7 7 5 9 6 99
2 7 7 4 15 1 24
2 7 7 4 4 12 19
2 7 7 3 10 7 118
2 7 7 2 16 2 39
2 7 7 2 5 13 166
2 7 7 1 11 8 19
2 7 7 1 0 19 34
2 7 7 0 17 3 24
2 7 7 0 6 14 2
2 7 6 19 0 2 128
2 7 6 17 1 3 126
2 7 6 15 2 4 47
2 7 6 13 3 5 2
2 7 6 12 9 0 115
2 7 6 11 4 6 160
2 7 6 10 10 1 77
2 7 6 9 5 7 186
2 7 6 8 11 2 73
2 7 6 8 0 13 134
2 7 6 7 6 8 87
2 7 6 6 12 3 20
2 7 6 6 1 14 110
2 7 6 5 7 9 38
2 7 6 4 13 4 72
2 7 6 4 2 15 77
2 7 6 3 8 10 113
2 7 6 2 14 5 181
2 7 6 2 3 16 128
2 7 6 1 20 0 185
2 7 6 1 9 11 34
2 7 6 0 4 17 47
2 7 5 18 4 0 47
2 7 5 16 5 1 183
2 7 5 15 0 7 82
2 7 5 14 6 2 53
2 7 5 13 1 8 74
2 7 5 12 7 3 59
2 7 5 11 2 9 70
2 7 5 10 8 4 20
2 7 5 9 3 10 85
2 7 5 8 9 5 155
2 7 5 7 15 0 102
2 7 5 7 4 11 42
2 7 5 6 10 6 169
2 7 5 5 16 1 82
2 7 5 5 5 12 17
2 7 5 4 11 7 92
2 7 5 4 0 18 140
2 7 5 3 17 2 98
2 7 5 3 6 13 142
2 7 5 2 12 8 75
2 7 5 2 1 19 71
2 7 5 1 18 3 147
2 7 5 1 7 14 72
2 7 5 0 13 9 103
2 7 5 0 2 20 47
2 7 4 22 0 1 19
2 7 4 20 1 2 79
2 7 4 18 2 3 26
2 7 4 16 3 4 73
2 7 4 14 4 5 16
2 7 4 13 10 0 174
2 7 4 12 5 6 127
2 7 4 11 11 1 31
2 7 4 11 0 12 64
2 7 4 10 6 7 190
2 7 4 9 12 2 100
2 7 4 9 1 13 99
2 7 4 8 7 8 116
2 7 4 7 13 3 27
2 7 4 7 2 14 60
2 7 4 6 8 9 59
2 7 4 5 14 4 150
2 7 4 5 3 15 125
2 7 4 4 9 10 69
2 7 4 3 15 5 198
2 7 4 3 4 16 171
2 7 4 2 21 0 182
2 7 4 2 10 11 90
2 7 4 1 16 6 118
2 7 4 1 5 17 11
2 7 4 0 22 1 97
2 7 4 0 11 12 41
2 7 4 0 0 23 37
2 7 3 19 5 0 89
2 7 3 18 0 6 2
2 7 3 17 6 1 100
2 7 3 16 1 7 125
2 7 3 15 7 2 115
2 7 3 14 2 8 39
2 7 3 13 8 3 78
2 7 3 12 3 9 198
2 7 3 11 9 4 122
2 7 3 10 4 10 131
2 7 3 9 10 5 127
2 7 3 8 16 0 194
2 7 3 8 5 11 65
2 7 3 7 11 6 120
2 7 3 7 0 17 60
2 7 3 6 17 1 65
2 7 3 6 6 12 181
2 7 3 5 1 18 85
2 7 3 4 18 2 155
2 7 3 4 7 13 38
2 7 3 3 13 8 33
2 7 3 3 2 19 54
2 7 3 2 19 3 165
2 7 3 2 8 14 151
2 7 3 1 14 9 98
2 7 3 1 3 20 107
2 7 3 0 20 4 128
2 7 3 0 9 15 80
2 7 2 25 0 0 186
2 7 2 23 1 1 160
2 7 2 21 2 2 78
2 7 2 19 3 3 53
2 7 2 17 4 4 79
2 7 2 15 5 5 2
2 7 2 14 11 0 166
2 7 2 14 0 11 72
2 7 2 13 6 6 109
2 7 2 12 12 1 55
2 7 2 12 1 12 95
2 7 2 11 7 7 103
2 7 2 10 13 2 187
2 7 2 10 2 13 40
2 7 2 9 8 8 152
2 7 2 8 14 3 68
2 7 2 8 3 14 33
2 7 2 7 9 9 3
2 7 2 6 15 4 153
2 7 2 6 4 15 106
2 7 2 5 10 10 60
2 7 2 4 16 5 133
2 7 2 4 5 16 195
2 7 2 3 22 0 170
2 7 2 3 11 11 131
2 7 2 3 0 22 190
2 7 2 2 17 6 29
2 7 2 2 6 17 195
2 7 2 1 23 1 189
2 7 2 1 12 12 148
2 7 2 1 1 23 122
2 7 2 0 18 7 56
2 7 2 0 7 18 187
2 7 1 21 0 5 135
2 7 1 20 6 0 82
2 7 1 19 1 6 164
2 7 1 18 7 1 58
2 7 1 17 2 7 164
2 7 1 16 8 2 163
2 7 1 15 3 8 44
2 7 1 14 9 3 55
2 7 1 13 4 9 164
2 7 1 12 10 4 143
2 7 1 11 5 10 191
2 7 1 10 11 5 197
2 7 1 10 0 16 41
2 7 1 9 17 0 5
2 7 1 9 6 11 45
2 7 1 8 12 6 149
2 7 1 8 1 17 143
2 7 1 7 18 1 163
2 7 1 7 7 12 166
2 7 1 6 13 7 99
2 7 1 6 2 18 41
2 7 1 5 19 2 176
2 7 1 5 8 13 52
2 7 1 4 14 8 153
2 7 1 4 3 19 36
2 7 1 3 20 3 141
2 7 1 3 9 14 148
2 7 1 2 15 9 4
2 7 1 2 4 20 78
2 7 1 1 21 4 151
2 7 1 1 10 15 145
2 7 1 0 16 10 128
2 7 1 0 5 21 61
2 7 0 26 1 0 31
2 7 0 22 3 2 93
2 7 0 20 4 3 92
2 7 0 18 5 4 78
2 7 0 17 0 10 84
2 7 0 16 6 5 120
2 7 0 15 12 0 168
2 7 0 15 1 11 142
2 7 0 14 7 6 126
2 7 0 13 13 1 140
2 7 0 13 2 12 24
2 7 0 12 8 7 159
2 7 0 11 14 2 149
2 7 0 11 3 13 97
2 7 0 10 9 8 49
2 7 0 9 15 3 122
2 7 0 9 4 14 171
2 7 0 8 10 9 72
2 7 0 7 16 4 73
2 7 0 7 5 15 45
2 7 0 6 11 10 110
2 7 0 6 0 21 22
2 7 0 5 17 5 129
2 7 0 5 6 16 64
2 7 0 4 23 0 7
2 7 0 4 12 11 40
2 7 0 4 1 22 25
2 7 0 3 18 6 115
2 7 0 3 7 17 81
2 7 0 2 24 1 162
2 7 0 2 13 12 41
2 7 0 2 2 23 35
2 7 0 1 19 7 87
2 7 0 1 8 18 19
2 7 0 0 25 2 167
2 7 0 0 14 13 4
2 7 0 0 3 24 145
2 6 26 0 2 0 169
2 6 25 0 0 3 69
2 6 24 1 3 0 158
2 6 23 3 0 2 193
2 6 23 1 1 3 93
2 6 22 2 4 0 195
2 6 22 0 5 1 47
2 6 21 6 0 1 165
2 6 21 4 1 2 70
2 6 21 2 2 3 93
2 6 21 0 3 4 17
2 6 20 3 5 0 89
2 6 20 2 0 6 133
2 6 20 0 1 7 108
2 6 19 9 0 0 87
2 6 19 7 1 1 134
2 6 19 5 2 2 31
2 6 19 3 3 3 162
2 6 19 1 4 4 93
2 6 18 5 0 5 23
2 6 18 4 6 0 166
2 6 18 3 1 6 95
2 6 18 2 7 1 185
2 6 18 1 2 7 111
2 6 18 0 8 2 133
2 6 17 10 1 0 69
2 6 17 8 2 1 46
2 6 17 6 3 2 39
2 6 17 4 4 3 163
2 6 17 2 5 4 91
2 6 17 1 0 10 3
2 6 17 0 6 5 160
2 6 16 8 0 4 46
2 6 16 6 1 5 10
2 6 16 5 7 0 177
2 6 16 4 2 6 15
2 6 16 3 8 1 132
2 6 16 2 3 7 33
2 6 16 1 9 2 120
2 6 16 0 4 8 165
2 6 15 11 2 0 108
2 6 15 9 3 1 103
2 6 15 7 4 2 15
2 6 15 5 5 3 127
2 6 15 4 0 9 172
2 6 15 3 6 4 86
2 6 15 2 1 10 184
2 6 15 1 7 5 126
2 6 15 0 13 0 108
2 6 15 0 2 11 37
2 6 14 11 0 3 34
2 6 14 9 1 4 144
2 6 14 7 2 5 98
2 6 14 6 8 0 127
2 6 14 5 3 6 187
2 6 14 4 9 1 3
2 6 14 3 4 7 73
2 6 14 2 10 2 12
2 6 14 1 5 8 65
2 6 14 0 11 3 57
2 6 14 0 0 14 156
2 6 13 12 3 0 122
2 6 13 10 4 1 175
2 6 13 8 5 2 69
2 6 13 7 0 8 56
2 6 13 6 6 3 93
2 6 13 5 1 9 161
2 6 13 4 7 4 191
2 6 13 3 2 10 34
2 6 13 2 8 5 176
2 6 13 1 14 0 121
2 6 13 1 3 11 180
2 6 13 0 9 6 10
2 6 12 14 0 2 75
2 6 12 12 1 3 83
2 6 12 10 2 4 47
2 6 12 8 3 5 196
2 6 12 7 9 0 167
2 6 12 6 4 6 150
2 6 12 5 10 1 143
2 6 12 4 5 7 145
2 6 12 3 11 2 12
2 6 12 3 0 13 110
2 6 12 2 6 8 174
2 6 12 1 12 3 129
2 6 12 1 1 14 151
2 6 12 0 7 9 182
2 6 11 13 4 0 115
2 6 11 11 5 1 142
2 6 11 10 0 7 101
2 6 11 9 6 2 77
2 6 11 8 1 8 41
2 6 11 7 7 3 143
2 6 11 6 2 9 49
2 6 11 5 8 4 9
2 6 11 4 3 10 172
2 6 11 3 9 5 99
2 6 11 2 15 0 1
2 6 11 2 4 11 82
2 6 11 0 16 1 50
2 6 11 0 5 12 163
2 6 10 17 0 1 2
2 6 10 15 1 2 5
2 6 10 13 2 3 151
2 6 10 11 3 4 66
2 6 10 9 4 5 93
2 6 10 8 10 0 111
2 6 10 7 5 6 4
2 6 10 6 11 1 119
2 6 10 6 0 12 13
2 6 10 5 6 7 56
2 6 10 4 12 2 139
2 6 10 4 1 13 148
2 6 10 3 7 8 139
2 6 10 2 13 3 69
2 6 10 2 2 14 156
2 6 10 1 8 9 127
2 6 10 0 14 4 157
2 6 10 0 3 15 27
2 6 9 14 5 0 20
2 6 9 13 0 6 175
2 6 9 12 6 1 107
2 6 9 11 1 7 137
2 6 9 10 7 2 153
2 6 9 9 2 8 186
2 6 9 8 8 3 103
2 6 9 7 3 9 109
2 6 9 6 9 4 142
2 6 9 5 4 10 41
2 6 9 4 10 5 156
2 6 9 3 16 0 30
2 6 9 3 5 11 8
2 6 9 2 11 6 14
2 6 9 2 0 17 11
2 6 9 1 17 1 173
2 6 9 1 6 12 88
2 6 9 0 12 7 84
2 6 9 0 1 18 19
2 6 8 20 0 0 134
2 6 8 18 1 1 16
2 6 8 16 2 2 174
2 6 8 14 3 3 48
2 6 8 12 4 4 173
2 6 8 10 5 5 46
2 6 8 9 11 0 172
2 6 8 9 0 11 91
2 6 8 8 6 6 53
2 6 8 7 12 1 32
2 6 8 7 1 12 157
2 6 8 6 7 7 143
2 6 8 5 13 2 46
2 6 8 5 2 13 46
2 6 8 4 8 8 121
2 6 8 3 14 3 73
2 6 8 3 3 14 136
2 6 8 2 9 9 124
2 6 8 1 15 4 7
2 6 8 1 4 15 143
2 6 8 0 10 10 11
2 6 7 16 0 5 183
2 6 7 15 6 0 126
2 6 7 14 1 6 144
2 6 7 13 7 1 67
2 6 7 12 2 7 11
2 6 7 11 8 2 143
2 6 7 10 3 8 30
2 6 7 9 9 3 20
2 6 7 8 4 9 19
2 6 7 7 10 4 36
2 6 7 6 5 10 111
2 6 7 5 11 5 102
2 6 7 5 0 16 128
2 6 7 4 17 0 145
2 6 7 4 6 11 29
2 6 7 3 12 6 51
2 6 7 3 1 17 85
2 6 7 2 18 1 33
2 6 7 2 7 12 89
2 6 7 1 13 7 107
2 6 7 1 2 18 65
2 6 7 0 19 2 6
2 6 7 0 8 13 122
2 6 6 21 1 0 66
2 6 6 19 2 1 31
2 6 6 17 3 2 103
2 6 6 15 4 3 128
2 6 6 13 5 4 85
2 6 6 12 0 10 185
2 6 6 11 6 5 82
2 6 6 10 12 0 61
2 6 6 10 1 11 15
2 6 6 9 7 6 92
2 6 6 8 13 1 130
2 6 6 8 2 12 53
2 6 6 7 8 7 162
2 6 6 6 14 2 55
2 6 6 6 3 13 185
2 6 6 5 9 8 80
2 6 6 4 15 3 65
2 6 6 4 4 14 25
2 6 6 3 10 9 11
2 6 6 2 16 4 159
2 6 6 2 5 15 189
2 6 6 1 11 10 42
2 6 6 1 0 21 41
2 6 6 0 17 5 196
2 6 6 0 6 16 9
2 6 5 19 0 4 193
2 6 5 17 1 5 41
2 6 5 16 7 0 139
2 6 5 15 2 6 134
2 6 5 14 8 1 20
2 6 5 13 3 7 85
2 6 5 12 9 2 23
2 6 5 11 4 8 42
2 6 5 9 5 9 17
2 6 5 8 11 4 114
2 6 5 8 0 15 52
2 6 5 7 6 10 66
2 6 5 6 12 5 119
2 6 5 6 1 16 78
2 6 5 5 18 0 174
2 6 5 5 7 11 122
2 6 5 4 13 6 143
2 6 5 4 2 17 46
2 6 5 3 19 1 109
2 6 5 3 8 12 112
2 6 5 2 14 7 188
2 6 5 2 3 18 43
2 6 5 1 20 2 72
2 6 5 1 9 13 165
2 6 5 0 15 8 16
2 6 5 0 4 19 165
2 6 4 22 2 0 121
2 6 4 20 3 1 130
2 6 4 18 4 2 175
2 6 4 16 5 3 160
2 6 4 15 0 9 5
2 6 4 14 6 4 34
2 6 4 13 1 10 94
2 6 4 12 7 5 139
2 6 4 11 13 0 96
2 6 4 10 8 6 63
2 6 4 9 14 1 74
2 6 4 9 3 12 23
2 6 4 8 9 7 145
2 6 4 7 15 2 129
2 6 4 7 4 13 51
2 6 4 6 10 8 63
2 6 4 5 16 3 168
2 6 4 5 5 14 74
2 6 4 4 11 9 195
2 6 4 4 0 20 46
2 6 4 3 17 4 186
2 6 4 3 6 15 155
2 6 4 2 12 10 198
2 6 4 2 1 21 178
2 6 4 1 18 5 61
2 6 4 1 7 16 104
2 6 4 0 24 0 185
2 6 4 0 13 11 95
2 6 4 0 2 22 163
2 6 3 22 0 3 138
2 6 3 20 1 4 149
2 6 3 18 2 5 164
2 6 3 17 8 0 109
2 6 3 16 3 6 101
2 6 3 15 9 1 12
2 6 3 14 4 7 88
2 6 3 13 10 2 148
2 6 3 12 5 8 88
2 6 3 11 11 3 130
2 6 3 11 0 14 148
2 6 3 10 6 9 193
2 6 3 9 12 4 116
2 6 3 9 1 15 45
2 6 3 8 7 10 67
2 6 3 7 13 5 14
2 6 3 7 2 16 138
2 6 3 6 19 0 89
2 6 3 6 8 11 158
2 6 3 5 14 6 4
2 6 3 5 3 17 62
2 6 3 4 20 1 129
2 6 3 4 9 12 4
2 6 3 3 15 7 87
2 6 3 3 4 18 127
2 6 3 2 21 2 171
2 6 3 2 10 13 21
2 6 3 1 16 8 176
2 6 3 1 5 19 94
2 6 3 0 22 3 75
2 6 3 0 11 14 195
2 6 3 0 0 25 91
2 6 2 23 3 0 83
2 6 2 21 4 1 148
2 6 2 19 5 2 21
2 6 2 18 0 8 7
2 6 2 17 6 3 88
2 6 2 16 1 9 106
2 6 2 15 7 4 173
2 6 2 14 2 10 92
2 6 2 13 8 5 12
2 6 2 12 14 0 87
2 6 2 12 3 11 40
2 6 2 11 9 6 172
2 6 2 10 15 1 40
2 6 2 10 4 12 6
2 6 2 9 10 7 120
2 6 2 8 16 2 143
2 6 2 8 5 13 13
2 6 2 7 11 8 26
2 6 2 7 0 19 17
2 6 2 6 17 3 138
2 6 2 6 6 14 167
2 6 2 5 12 9 166
2 6 2 5 1 20 163
2 6 2 4 18 4 44
2 6 2 4 7 15 190
2 6 2 3 13 10 100
2 6 2 3 2 21 47
2 6 2 2 19 5 20
2 6 2 2 8 16 114
2 6 2 1 25 0 55
2 6 2 1 14 11 76
2 6 2 1 3 22 75
2 6 2 0 20 6 185
2 6 2 0 9 17 106
2 6 1 25 0 2 142
2 6 1 23 1 3 75
2 6 1 21 2 4 19
2 6 1 18 9 0 182
2 6 1 17 4 6 176
2 6 1 16 10 1 67
2 6 1 15 5 7 195
2 6 1 14 11 2 149
2 6 1 14 0 13 99
2 6 1 13 6 8 150
2 6 1 12 12 3 139
2 6 1 12 1 14 33
2 6 1 11 7 9 44
2 6 1 10 13 4 50
2 6 1 10 2 15 126
2 6 1 9 8 10 149
2 6 1 8 14 5 36
2 6 1 8 3 16 172
2 6 1 7 20 0 54
2 6 1 7 9 11 18
2 6 1 6 15 6 128
2 6 1 6 4 17 122
2 6 1 5 21 1 146
2 6 1 5 10 12 8
2 6 1 4 16 7 153
2 6 1 4 5 18 13
2 6 1 3 22 2 41
2 6 1 3 11 13 169
2 6 1 3 0 24 138
2 6 1 2 17 8 152
2 6 1 2 6 19 132
2 6 1 1 23 3 93
2 6 1 1 12 14 39
2 6 1 1 1 25 134
2 6 1 0 18 9 77
2 6 1 0 7 20 103
2 6 0 24 4 0 17
2 6 0 22 5 1 161
2 6 0 21 0 7 68
2 6 0 20 6 2 121
2 6 0 19 1 8 141
2 6 0 18 7 3 97
2 6 0 17 2 9 10
2 6 0 16 8 4 169
2 6 0 15 3 10 67
2 6 0 14 9 5 107
2 6 0 13 15 0 81
2 6 0 13 4 11 147
2 6 0 12 10 6 72
2 6 0 11 16 1 128
2 6 0 11 5 12 187
2 6 0 10 11 7 54
2 6 0 10 0 18 52
2 6 0 9 17 2 64
2 6 0 9 6 13 101
2 6 0 8 12 8 159
2 6 0 8 1 19 56
2 6 0 7 18 3 26
2 6 0 7 7 14 133
2 6 0 6 13 9 191
2 6 0 6 2 20 125
2 6 0 5 19 4 141
2 6 0 5 8 15 196
2 6 0 4 14 10 2
2 6 0 4 3 21 181
2 6 0 3 20 5 41
2 6 0 3 9 16 159
2 6 0 2 26 0 48
2 6 0 2 15 11 172
2 6 0 2 4 22 22
2 6 0 1 21 6 26
2 6 0 1 10 17 106
2 6 0 0 27 1 83
2 6 0 0 16 12 181
2 6 0 0 5 23 159
2 5 27 1 0 1 5
2 5 25 4 0 0 50
2 5 25 2 1 1 123
2 5 25 0 2 2 188
2 5 24 0 0 5 79
2 5 23 5 1 0 114
2 5 23 3 2 1 192
2 5 23 1 3 2 102
2 5 22 3 0 4 58
2 5 22 1 1 5 4
2 5 22 0 7 0 12
2 5 21 6 2 0 145
2 5 21 4 3 1 51
2 5 21 2 4 2 79
2 5 21 0 5 3 168
2 5 20 6 0 3 126
2 5 20 4 1 4 17
2 5 20 2 2 5 150
2 5 20 1 8 0 116
2 5 20 0 3 6 42
2 5 19 7 3 0 166
2 5 19 5 4 1 161
2 5 19 3 5 2 68
2 5 19 2 0 8 27
2 5 19 1 6 3 17
2 5 19 0 1 9 107
2 5 18 9 0 2 11
2 5 18 7 1 3 93
2 5 18 5 2 4 43
2 5 18 3 3 5 146
2 5 18 2 9 0 191
2 5 18 1 4 6 102
2 5 18 0 10 1 176
2 5 17 8 4 0 45
2 5 17 6 5 1 48
2 5 17 5 0 7 177
2 5 17 4 6 2 106
2 5 17 3 1 8 40
2 5 17 2 7 3 186
2 5 17 1 2 9 98
2 5 17 0 8 4 24
2 5 16 12 0 1 189
2 5 16 10 1 2 107
2 5 16 8 2 3 130
2 5 16 6 3 4 7
2 5 16 4 4 5 187
2 5 16 3 10 0 173
2 5 16 2 5 6 32
2 5 16 1 11 1 37
2 5 16 1 0 12 13
2 5 16 0 6 7 97
2 5 15 9 5 0 42
2 5 15 8 0 6 164
2 5 15 7 6 1 89
2 5 15 6 1 7 9
2 5 15 5 7 2 82
2 5 15 4 2 8 134
2 5 15 3 8 3 146
2 5 15 2 3 9 158
2 5 15 1 9 4 68
2 5 15 0 4 10 198
2 5 14 15 0 0 28
2 5 14 13 1 1 154
2 5 14 11 2 2 72
2 5 14 9 3 3 28
2 5 14 7 4 4 81
2 5 14 5 5 5 197
2 5 14 4 11 0 75
2 5 14 4 0 11 154
2 5 14 3 6 6 78
2 5 14 2 12 1 191
2 5 14 2 1 12 9
2 5 14 1 7 7 24
2 5 14 0 13 2 115
2 5 14 0 2 13 163
2 5 13 11 0 5 32
2 5 13 10 6 0 126
2 5 13 9 1 6 91
2 5 13 8 7 1 119
2 5 13 7 2 7 99
2 5 13 6 8 2 95
2 5 13 5 3 8 34
2 5 13 4 9 3 3
2 5 13 3 4 9 160
2 5 13 2 10 4 47
2 5 13 1 5 10 86
2 5 13 0 11 5 80
2 5 13 0 0 16 9
2 5 12 16 1 0 152
2 5 12 14 2 1 38
2 5 12 12 3 2 14
2 5 12 10 4 3 66
2 5 12 8 5 4 136
2 5 12 7 0 10 20
2 5 12 6 6 5 68
2 5 12 5 12 0 43
2 5 12 5 1 11 30
2 5 12 4 7 6 135
2 5 12 3 13 1 111
2 5 12 3 2 12 100
2 5 12 2 8 7 60
2 5 12 1 14 2 42
2 5 12 1 3 13 126
2 5 12 0 9 8 111
2 5 11 14 0 4 72
2 5 11 12 1 5 125
2 5 11 11 7 0 53
2 5 11 10 2 6 95
2 5 11 9 8 1 132
2 5 11 8 3 7 25
2 5 11 7 9 2 67
2 5 11 6 4 8 153
2 5 11 5 10 3 52
2 5 11 4 5 9 137
2 5 11 3 11 4 142
2 5 11 3 0 15 179
2 5 11 2 6 10 150
2 5 11 1 12 5 52
2 5 11 1 1 16 4
2 5 11 0 18 0 164
2 5 11 0 7 11 100
2 5 10 17 2 0 43
2 5 10 15 3 1 121
2 5 10 13 4 2 24
2 5 10 11 5 3 148
2 5 10 10 0 9 145
2 5 10 9 6 4 93
2 5 10 8 1 10 110
2 5 10 7 7 5 192
2 5 10 6 13 0 23
2 5 10 6 2 11 19
2 5 10 5 8 6 39
2 5 10 4 14 1 56
2 5 10 4 3 12 142
2 5 10 3 9 7 187
2 5 10 2 15 2 153
2 5 10 2 4 13 82
2 5 10 1 10 8 35
2 5 10 0 16 3 88
2 5 10 0 5 14 99
2 5 9 17 0 3 13
2 5 9 15 1 4 80
2 5 9 13 2 5 142
2 5 9 12 8 0 193
2 5 9 11 3 6 33
2 5 9 10 9 1 136
2 5 9 9 4 7 60
2 5 9 8 10 2 37
2 5 9 7 5 8 66
2 5 9 6 11 3 5
2 5 9 6 0 14 28
2 5 9 5 6 9 108
2 5 9 4 12 4 88
2 5 9 4 1 15 44
2 5 9 3 7 10 182
2 5 9 2 13 5 152
2 5 9 2 2 16 141
2 5 9 1 19 0 113
2 5 9 1 8 11 155
2 5 9 0 14 6 136
2 5 9 0 3 17 155
2 5 8 18 3 0 44
2 5 8 16 4 1 42
2 5 8 14 5 2 144
2 5 8 13 0 8 103
2 5 8 12 6 3 134
2 5 8 11 1 9 29
2 5 8 10 7 4 68
2 5 8 9 2 10 89
2 5 8 8 8 5 101
2 5 8 7 14 0 10
2 5 8 7 3 11 196
2 5 8 6 9 6 31
2 5 8 5 15 1 139
2 5 8 5 4 12 78
2 5 8 4 10 7 22
2 5 8 3 16 2 5
2 5 8 3 5 13 5
2 5 8 2 11 8 125
2 5 8 2 0 19 12
2 5 8 1 17 3 150
2 5 8 1 6 14 110
2 5 8 0 12 9 185
2 5 8 0 1 20 121
2 5 7 20 0 2 136
2 5 7 18 1 3 189
2 5 7 16 2 4 182
2 5 7 14 3 5 92
2 5 7 13 9 0 159
2 5 7 12 4 6 175
2 5 7 11 10 1 2
2 5 7 10 5 7 63
2 5 7 9 11 2 184
2 5 7 9 0 13 163
2 5 7 8 6 8 65
2 5 7 7 12 3 150
2 5 7 7 1 14 128
2 5 7 6 7 9 31
2 5 7 5 13 4 197
2 5 7 5 2 15 122
2 5 7 4 8 10 153
2 5 7 3 14 5 170
2 5 7 3 3 16 198
2 5 7 2 20 0 63
2 5 7 2 9 11 89
2 5 7 1 15 6 45
2 5 7 1 4 17 119
2 5 7 0 21 1 141
2 5 7 0 10 12 74
2 5 6 19 4 0 74
2 5 6 17 5 1 163
2 5 6 16 0 7 158
2 5 6 15 6 2 163
2 5 6 14 1 8 181
2 5 6 13 7 3 186
2 5 6 12 2 9 82
2 5 6 11 8 4 122
2 5 6 10 3 10 73
2 5 6 9 9 5 159
2 5 6 8 15 0 22
2 5 6 8 4 11 106
2 5 6 7 10 6 149
2 5 6 6 16 1 15
2 5 6 6 5 12 22
2 5 6 5 11 7 33
2 5 6 5 0 18 65
2 5 6 4 17 2 17
2 5 6 4 6 13 40
2 5 6 3 12 8 32
2 5 6 3 1 19 156
2 5 6 2 18 3 125
2 5 6 2 7 14 143
2 5 6 1 13 9 106
2 5 6 1 2 20 27
2 5 6 0 19 4 30
2 5 6 0 8 15 129
2 5 5 23 0 1 79
2 5 5 21 1 2 152
2 5 5 19 2 3 45
2 5 5 17 3 4 153
2 5 5 15 4 5 119
2 5 5 14 10 0 55
2 5 5 13 5 6 98
2 5 5 12 11 1 78
2 5 5 12 0 12 96
2 5 5 11 6 7 8
2 5 5 10 12 2 112
2 5 5 10 1 13 44
2 5 5 9 7 8 97
2 5 5 8 13 3 43
2 5 5 8 2 14 135
2 5 5 7 8 9 16
2 5 5 6 14 4 55
2 5 5 6 3 15 97
2 5 5 5 9 10 106
2 5 5 4 15 5 56
2 5 5 4 4 16 189
2 5 5 3 21 0 142
2 5 5 3 10 11 38
2 5 5 2 16 6 25
2 5 5 2 5 17 64
2 5 5 1 11 12 159
2 5 5 1 0 23 77
2 5 5 0 17 7 45
2 5 5 0 6 18 157
2 5 4 20 5 0 135
2 5 4 19 0 6 147
2 5 4 18 6 1 31
2 5 4 17 1 7 131
2 5 4 16 7 2 180
2 5 4 15 2 8 159
2 5 4 14 8 3 20
2 5 4 13 3 9 114
2 5 4 12 9 4 97
2 5 4 11 4 10 3
2 5 4 10 10 5 55
2 5 4 9 16 0 34
2 5 4 9 5 11 108
2 5 4 8 11 6 81
2 5 4 8 0 17 49
2 5 4 7 17 1 4
2 5 4 7 6 12 177
2 5 4 6 12 7 10
2 5 4 6 1 18 3
2 5 4 5 18 2 40
2 5 4 5 7 13 47
2 5 4 4 13 8 35
2 5 4 4 2 19 190
2 5 4 3 19 3 180
2 5 4 3 8 14 193
2 5 4 2 14 9 49
2 5 4 2 3 20 107
2 5 4 1 20 4 47
2 5 4 1 9 15 77
2 5 4 0 15 10 39
2 5 4 0 4 21 36
2 5 3 26 0 0 8
2 5 3 24 1 1 112
2 5 3 22 2 2 131
2 5 3 20 3 3 156
2 5 3 18 4 4 108
2 5 3 16 5 5 25
2 5 3 15 11 0 142
2 5 3 15 0 11 177
2 5 3 14 6 6 50
2 5 3 13 12 1 79
2 5 3 13 1 12 150
2 5 3 12 7 7 107
2 5 3 11 13 2 122
2 5 3 11 2 13 61
2 5 3 10 8 8 19
2 5 3 9 14 3 106
2 5 3 9 3 14 71
2 5 3 8 9 9 73
2 5 3 7 15 4 141
2 5 3 7 4 15 163
2 5 3 6 10 10 73
2 5 3 5 16 5 52
2 5 3 5 5 16 29
2 5 3 4 22 0 8
2 5 3 4 11 11 63
2 5 3 4 0 22 193
2 5 3 3 17 6 34
2 5 3 3 6 17 155
2 5 3 2 23 1 26
2 5 3 2 12 12 86
2 5 3 2 1 23 171
2 5 3 1 18 7 176
2 5 3 1 7 18 75
2 5 3 0 24 2 69
2 5 3 0 13 13 112
2 5 3 0 2 24 94
2 5 2 22 0 5 46
2 5 2 21 6 0 96
2 5 2 20 1 6 85
2 5 2 19 7 1 65
2 5 2 18 2 7 38
2 5 2 17 8 2 30
2 5 2 16 3 8 158
2 5 2 15 9 3 154
2 5 2 14 4 9 137
2 5 2 13 10 4 157
2 5 2 12 5 10 95
2 5 2 11 11 5 83
2 5 2 11 0 16 15
2 5 2 10 17 0 194
2 5 2 10 6 11 24
2 5 2 9 12 6 181
2 5 2 9 1 17 168
2 5 2 8 18 1 45
2 5 2 8 7 12 136
2 5 2 7 13 7 123
2 5 2 7 2 18 16
2 5 2 6 19 2 150
2 5 2 6 8 13 156
2 5 2 5 14 8 168
2 5 2 5 3 19 189
2 5 2 4 20 3 73
2 5 2 4 9 14 158
2 5 2 3 15 9 152
2 5 2 3 4 20 180
2 5 2 2 21 4 143
2 5 2 2 10 15 127
2 5 2 1 16 10 57
2 5 2 1 5 21 14
2 5 2 0 22 5 136
2 5 2 0 11 16 69
2 5 2 0 0 27 44
2 5 1 27 1 0 63
2 5 1 25 2 1 144
2 5 1 23 3 2 36
2 5 1 21 4 3 112
2 5 1 19 5 4 60
2 5 1 18 0 10 57
2 5 1 17 6 5 110
2 5 1 16 12 0 86
2 5 1 16 1 11 45
2 5 1 15 7 6 102
2 5 1 14 13 1 83
2 5 1 14 2 12 155
2 5 1 13 8 7 114
2 5 1 12 14 2 38
2 5 1 12 3 13 169
2 5 1 11 9 8 118
2 5 1 10 15 3 70
2 5 1 10 4 14 121
2 5 1 9 10 9 28
2 5 1 8 16 4 133
2 5 1 8 5 15 139
2 5 1 7 11 10 104
2 5 1 7 0 21 70
2 5 1 6 17 5 144
2 5 1 6 6 16 46
2 5 1 5 23 0 81
2 5 1 5 12 11 135
2 5 1 5 1 22 143
2 5 1 4 18 6 16
2 5 1 4 7 17 9
2 5 1 3 24 1 127
2 5 1 3 13 12 29
2 5 1 3 2 23 106
2 5 1 2 19 7 98
2 5 1 2 8 18 118
2 5 1 1 25 2 178
2 5 1 1 14 13 21
2 5 1 1 3 24 105
2 5 1 0 20 8 88
2 5 1 0 9 19 151
2 5 0 25 0 4 185
2 5 0 23 1 5 174
2 5 0 22 7 0 5
2 5 0 21 2 6 52
2 5 0 20 8 1 124
2 5 0 19 3 7 184
2 5 0 18 9 2 24
2 5 0 17 4 8 139
2 5 0 16 10 3 45
2 5 0 15 5 9 66
2 5 0 14 11 4 116
2 5 0 14 0 15 17
2 5 0 13 6 10 19
2 5 0 12 12 5 60
2 5 0 12 1 16 147
2 5 0 11 18 0 83
2 5 0 11 7 11 124
2 5 0 10 13 6 164
2 5 0 10 2 17 133
2 5 0 9 19 1 64
2 5 0 9 8 12 141
2 5 0 8 14 7 126
2 5 0 8 3 18 98
2 5 0 7 20 2 141
2 5 0 7 9 13 50
2 5 0 6 15 8 13
2 5 0 6 4 19 101
2 5 0 5 21 3 112
2 5 0 5 10 14 58
2 5 0 4 16 9 8
2 5 0 4 5 20 32
2 5 0 3 22 4 196
2 5 0 3 11 15 1
2 5 0 3 0 26 119
2 5 0 2 17 10 1
2 5 0 2 6 21 181
2 5 0 1 23 5 86
2 5 0 1 12 16 84
2 5 0 1 1 27 52
2 5 0 0 29 0 74
2 5 0 0 18 11 168
2 5 0 0 7 22 63
2 4 29 0 1 0 151
2 4 27 1 2 0 55
2 4 26 1 0 3 74
2 4 25 2 3 0 110
2 4 25 0 4 1 42
2 4 24 4 0 2 161
2 4 24 2 1 3 164
2 4 24 0 2 4 62
2 4 23 3 4 0 129
2 4 23 1 5 1 87
2 4 23 0 0 7 26
2 4 22 7 0 1 185
2 4 22 5 1 2 68
2 4 22 3 2 3 27
2 4 22 1 3 4 195
2 4 21 4 5 0 53
2 4 21 3 0 6 177
2 4 21 2 6 1 174
2 4 21 1 1 7 65
2 4 21 0 7 2 152
2 4 20 10 0 0 86
2 4 20 8 1 1 81
2 4 20 6 2 2 33
2 4 20 4 3 3 82
2 4 20 2 4 4 33
2 4 20 0 5 5 47
2 4 19 6 0 5 87
2 4 19 5 6 0 175
2 4 19 4 1 6 155
2 4 19 3 7 1 165
2 4 19 2 2 7 21
2 4 19 1 8 2 73
2 4 19 0 3 8 144
2 4 18 11 1 0 129
2 4 18 9 2 1 162
2 4 18 7 3 2 164
2 4 18 5 4 3 8
2 4 18 3 5 4 197
2 4 18 2 0 10 108
2 4 18 1 6 5 159
2 4 18 0 12 0 47
2 4 18 0 1 11 27
2 4 17 9 0 4 105
2 4 17 7 1 5 50
2 4 17 6 7 0 36
2 4 17 5 2 6 47
2 4 17 4 8 1 190
2 4 17 3 3 7 177
2 4 17 2 9 2 44
2 4 17 1 4 8 104
2 4 17 0 10 3 66
2 4 16 12 2 0 12
2 4 16 10 3 1 77
2 4 16 8 4 2 92
2 4 16 6 5 3 8
2 4 16 5 0 9 154
2 4 16 4 6 4 95
2 4 16 3 1 10 164
2 4 16 2 7 5 85
2 4 16 1 13 0 116
2 4 16 1 2 11 90
2 4 16 0 8 6 180
2 4 15 12 0 3 40
2 4 15 10 1 4 124
2 4 15 8 2 5 160
2 4 15 7 8 0 136
2 4 15 6 3 6 31
2 4 15 5 9 1 77
2 4 15 4 4 7 187
2 4 15 3 10 2 194
2 4 15 2 5 8 192
2 4 15 1 11 3 84
2 4 15 1 0 14 88
2 4 15 0 6 9 190
2 4 14 13 3 0 160
2 4 14 11 4 1 50
2 4 14 9 5 2 82
2 4 14 8 0 8 121
2 4 14 7 6 3 24
2 4 14 6 1 9 62
2 4 14 5 7 4 32
2 4 14 4 2 10 119
2 4 14 3 8 5 23
2 4 14 2 14 0 95
2 4 14 2 3 11 33
2 4 14 1 9 6 148
2 4 14 0 15 1 55
2 4 14 0 4 12 5
2 4 13 15 0 2 122
2 4 13 13 1 3 181
2 4 13 11 2 4 138
2 4 13 9 3 5 44
2 4 13 8 9 0 164
2 4 13 7 4 6 118
2 4 13 6 10 1 80
2 4 13 5 5 7 130
2 4 13 4 11 2 89
2 4 13 4 0 13 151
2 4 13 3 6 8 162
2 4 13 2 12 3 69
2 4 13 2 1 14 195
2 4 13 1 7 9 168
2 4 13 0 13 4 10
2 4 13 0 2 15 124
2 4 12 14 4 0 193
2 4 12 12 5 1 108
2 4 12 11 0 7 191
2 4 12 10 6 2 145
2 4 12 9 1 8 188
2 4 12 8 7 3 162
2 4 12 7 2 9 168
2 4 12 6 8 4 98
2 4 12 5 3 10 40
2 4 12 4 9 5 113
2 4 12 3 15 0 49
2 4 12 3 4 11 55
2 4 12 2 10 6 94
2 4 12 1 16 1 188
2 4 12 1 5 12 84
2 4 12 0 11 7 120
2 4 12 0 0 18 152
2 4 11 18 0 1 14
2 4 11 16 1 2 89
2 4 11 14 2 3 146
2 4 11 12 3 4 88
2 4 11 10 4 5 126
2 4 11 9 10 0 19
2 4 11 8 5 6 130
2 4 11 7 11 1 182
2 4 11 7 0 12 98
2 4 11 6 6 7 31
2 4 11 5 12 2 191
2 4 11 5 1 13 108
2 4 11 4 7 8 89
2 4 11 3 13 3 175
2 4 11 3 2 14 158
2 4 11 2 8 9 72
2 4 11 1 14 4 172
2 4 11 1 3 15 6
2 4 11 0 9 10 196
2 4 10 15 5 0 173
2 4 10 14 0 6 192
2 4 10 13 6 1 179
2 4 10 12 1 7 167
2 4 10 11 7 2 12
2 4 10 10 2 8 71
2 4 10 9 8 3 155
2 4 10 8 3 9 165
2 4 10 7 9 4 156
2 4 10 6 4 10 197
2 4 10 5 10 5 101
2 4 10 4 16 0 9
2 4 10 4 5 11 61
2 4 10 3 11 6 110
2 4 10 3 0 17 42
2 4 10 2 17 1 47
2 4 10 2 6 12 82
2 4 10 1 12 7 78
2 4 10 1 1 18 49
2 4 10 0 18 2 149
2 4 10 0 7 13 89
2 4 9 21 0 0 80
2 4 9 19 1 1 109
2 4 9 17 2 2 135
2 4 9 15 3 3 10
2 4 9 13 4 4 16
2 4 9 11 5 5 64
2 4 9 10 0 11 24
2 4 9 9 6 6 74
2 4 9 8 12 1 60
2 4 9 8 1 12 73
2 4 9 7 7 7 154
2 4 9 6 13 2 58
2 4 9 6 2 13 64
2 4 9 5 8 8 56
2 4 9 4 14 3 105
2 4 9 4 3 14 129
2 4 9 3 9 9 28
2 4 9 2 15 4 82
2 4 9 2 4 15 113
2 4 9 1 10 10 163
2 4 9 0 16 5 60
2 4 9 0 5 16 148
2 4 8 17 0 5 83
2 4 8 16 6 0 47
2 4 8 15 1 6 125
2 4 8 14 7 1 13
2 4 8 13 2 7 55
2 4 8 12 8 2 47
2 4 8 11 3 8 112
2 4 8 10 9 3 90
2 4 8 9 4 9 196
2 4 8 8 10 4 178
2 4 8 7 5 10 133
2 4 8 6 11 5 129
2 4 8 6 0 16 75
2 4 8 5 17 0 79
2 4 8 5 6 11 23
2 4 8 4 12 6 23
2 4 8 4 1 17 85
2 4 8 3 18 1 55
2 4 8 3 7 12 88
2 4 8 2 13 7 46
2 4 8 2 2 18 124
2 4 8 1 19 2 12
2 4 8 1 8 13 160
2 4 8 0 14 8 32
2 4 8 0 3 19 30
2 4 7 22 1 0 1
2 4 7 20 2 1 26
2 4 7 18 3 2 161
2 4 7 16 4 3 23
2 4 7 14 5 4 147
2 4 7 13 0 10 172
2 4 7 12 6 5 9
2 4 7 11 12 0 93
2 4 7 11 1 11 173
2 4 7 10 7 6 196
2 4 7 9 13 1 154
2 4 7 9 2 12 152
2 4 7 8 8 7 173
2 4 7 7 14 2 45
2 4 7 7 3 13 171
2 4 7 6 9 8 43
2 4 7 5 15 3 104
2 4 7 5 4 14 172
2 4 7 4 10 9 136
2 4 7 3 16 4 165
2 4 7 3 5 15 120
2 4 7 2 11 10 160
2 4 7 2 0 21 142
2 4 7 1 17 5 162
2 4 7 1 6 16 8
2 4 7 0 23 0 65
2 4 7 0 12 11 22
2 4 7 0 1 22 84
2 4 6 20 0 4 142
2 4 6 18 1 5 168
2 4 6 17 7 0 12
2 4 6 16 2 6 68
2 4 6 15 8 1 95
2 4 6 14 3 7 20
2 4 6 13 9 2 89
2 4 6 12 4 8 152
2 4 6 11 10 3 189
2 4 6 10 5 9 84
2 4 6 9 11 4 111
2 4 6 9 0 15 16
2 4 6 8 6 10 48
2 4 6 7 12 5 181
2 4 6 7 1 16 3
2 4 6 6 18 0 114
2 4 6 6 7 11 32
2 4 6 5 13 6 16
2 4 6 5 2 17 37
2 4 6 4 19 1 120
2 4 6 4 8 12 35
2 4 6 3 14 7 101
2 4 6 3 3 18 84
2 4 6 2 20 2 37
2 4 6 2 9 13 191
2 4 6 1 15 8 78
2 4 6 1 4 19 156
2 4 6 0 21 3 76
2 4 6 0 10 14 22
2 4 5 23 2 0 92
2 4 5 21 3 1 50
2 4 5 19 4 2 118
2 4 5 17 5 3 107
2 4 5 16 0 9 6
2 4 5 15 6 4 25
2 4 5 14 1 10 10
2 4 5 13 7 5 95
2 4 5 12 13 0 30
2 4 5 12 2 11 15
2 4 5 11 8 6 32
2 4 5 10 14 1 165
2 4 5 10 3 12 100
2 4 5 9 9 7 80
2 4 5 8 15 2 21
2 4 5 8 4 13 146
2 4 5 7 10 8 168
2 4 5 6 16 3 194
2 4 5 6 5 14 134
2 4 5 5 11 9 134
2 4 5 5 0 20 166
2 4 5 4 17 4 159
2 4 5 4 6 15 190
2 4 5 3 12 10 112
2 4 5 3 1 21 95
2 4 5 2 18 5 166
2 4 5 2 7 16 77
2 4 5 1 24 0 19
2 4 5 1 13 11 178
2 4 5 1 2 22 76
2 4 5 0 19 6 2
2 4 5 0 8 17 32
2 4 4 23 0 3 163
2 4 4 21 1 4 69
2 4 4 19 2 5 43
2 4 4 18 8 0 82
2 4 4 17 3 6 96
2 4 4 16 9 1 59
2 4 4 15 4 7 114
2 4 4 14 10 2 30
2 4 4 13 5 8 58
2 4 4 12 11 3 91
2 4 4 12 0 14 106
2 4 4 11 6 9 132
2 4 4 10 12 4 139
2 4 4 10 1 15 117
2 4 4 9 7 10 50
2 4 4 8 13 5 14
2 4 4 8 2 16 29
2 4 4 7 19 0 190
2 4 4 7 8 11 41
2 4 4 6 14 6 134
2 4 4 6 3 17 102
2 4 4 5 20 1 129
2 4 4 5 9 12 189
2 4 4 4 15 7 72
2 4 4 4 4 18 17
2 4 4 3 21 2 186
2 4 4 3 10 13 114
2 4 4 2 16 8 42
2 4 4 2 5 19 36
2 4 4 1 22 3 48
2 4 4 1 11 14 29
2 4 4 1 0 25 63
2 4 4 0 17 9 14
2 4 4 0 6 20 109
2 4 3 24 3 0 170
2 4 3 22 4 1 12
2 4 3 20 5 2 165
2 4 3 19 0 8 147
2 4 3 18 6 3 9
2 4 3 17 1 9 56
2 4 3 16 7 4 195
2 4 3 15 2 10 7
2 4 3 14 8 5 35
2 4 3 13 14 0 187
2 4 3 13 3 11 83
2 4 3 12 9 6 128
2 4 3 11 15 1 107
2 4 3 11 4 12 36
2 4 3 10 10 7 65
2 4 3 9 16 2 108
2 4 3 9 5 13 59
2 4 3 8 11 8 96
2 4 3 8 0 19 153
2 4 3 7 17 3 19
2 4 3 7 6 14 8
2 4 3 6 12 9 42
2 4 3 6 1 20 160
2 4 3 5 18 4 48
2 4 3 5 7 15 8
2 4 3 4 13 10 114
2 4 3 4 2 21 177
2 4 3 3 19 5 9
2 4 3 3 8 16 57
2 4 3 2 25 0 121
2 4 3 2 14 11 30
2 4 3 2 3 22 20
2 4 3 1 20 6 54
2 4 3 1 9 17 36
2 4 3 0 26 1 47
2 4 3 0 15 12 134
2 4 3 0 4 23 148
2 4 2 26 0 2 124
2 4 2 24 1 3 29
2 4 2 22 2 4 197
2 4 2 20 3 5 136
2 4 2 19 9 0 136
2 4 2 18 4 6 103
2 4 2 17 10 1 63
2 4 2 16 5 7 29
2 4 2 15 11 2 143
2 4 2 15 0 13 128
2 4 2 14 6 8 24
2 4 2 13 12 3 64
2 4 2 13 1 14 108
2 4 2 12 7 9 25
2 4 2 11 13 4 52
2 4 2 11 2 15 177
2 4 2 10 8 10 94
2 4 2 9 14 5 92
2 4 2 9 3 16 133
2 4 2 8 20 0 158
2 4 2 8 9 11 72
2 4 2 7 15 6 46
2 4 2 7 4 17 110
2 4 2 6 21 1 182
2 4 2 6 10 12 50
2 4 2 5 16 7 90
2 4 2 5 5 18 111
2 4 2 4 22 2 59
2 4 2 4 11 13 160
2 4 2 4 0 24 4
2 4 2 3 17 8 17
2 4 2 3 6 19 173
2 4 2 2 23 3 48
2 4 2 2 12 14 76
2 4 2 2 1 25 153
2 4 2 1 18 9 17
2 4 2 1 7 20 120
2 4 2 0 24 4 106
2 4 2 0 13 15 189
2 4 2 0 2 26 101
2 4 1 25 4 0 62
2 4 1 23 5 1 105
2 4 1 22 0 7 31
2 4 1 21 6 2 92
2 4 1 20 1 8 102
2 4 1 19 7 3 92
2 4 1 18 2 9 13
2 4 1 17 8 4 141
2 4 1 16 3 10 117
2 4 1 15 9 5 67
2 4 1 14 15 0 89
2 4 1 14 4 11 101
2 4 1 13 10 6 81
2 4 1 12 16 1 57
2 4 1 12 5 12 56
2 4 1 11 11 7 67
2 4 1 11 0 18 138
2 4 1 10 17 2 79
2 4 1 10 6 13 70
2 4 1 9 12 8 170
2 4 1 9 1 19 174
2 4 1 8 18 3 138
2 4 1 8 7 14 40
2 4 1 7 13 9 153
2 4 1 7 2 20 141
2 4 1 6 19 4 31
2 4 1 6 8 15 72
2 4 1 5 14 10 96
2 4 1 5 3 21 163
2 4 1 4 20 5 154
2 4 1 4 9 16 14
2 4 1 3 26 0 160
2 4 1 3 15 11 174
2 4 1 3 4 22 66
2 4 1 2 21 6 182
2 4 1 2 10 17 190
2 4 1 1 27 1 29
2 4 1 1 16 12 51
2 4 1 1 5 23 146
2 4 1 0 22 7 181
2 4 1 0 11 18 84
2 4 1 0 0 29 106
2 4 0 29 0 1 28
2 4 0 27 1 2 117
2 4 0 25 2 3 5
2 4 0 23 3 4 10
2 4 0 21 4 5 148
2 4 0 20 10 0 136
2 4 0 19 5 6 181
2 4 0 18 11 1 171
2 4 0 18 0 12 76
2 4 0 17 6 7 12
2 4 0 16 12 2 77
2 4 0 16 1 13 33
2 4 0 15 7 8 197
2 4 0 14 13 3 129
2 4 0 14 2 14 56
2 4 0 13 8 9 108
2 4 0 12 14 4 73
2 4 0 12 3 15 138
2 4 0 11 9 10 125
2 4 0 10 15 5 97
2 4 0 10 4 16 128
2 4 0 9 21 0 2
2 4 0 9 10 11 196
2 4 0 8 16 6 119
2 4 0 8 5 17 184
2 4 0 7 22 1 49
2 4 0 7 11 12 36
2 4 0 7 0 23 136
2 4 0 6 17 7 69
2 4 0 6 6 18 177
2 4 0 5 23 2 91
2 4 0 5 12 13 63
2 4 0 5 1 24 171
2 4 0 4 18 8 145
2 4 0 4 7 19 123
2 4 0 3 24 3 122
2 4 0 3 13 14 25
2 4 0 3 2 25 179
2 4 0 2 19 9 82
2 4 0 2 8 20 153
2 4 0 1 25 4 43
2 4 0 1 14 15 96
2 4 0 1 3 26 180
2 4 0 0 20 10 182
2 4 0 0 9 21 57
2 3 28 2 0 1 82
2 3 28 0 1 2 6
2 3 26 5 0 0 90
2 3 26 3 1 1 88
2 3 26 1 2 2 71
2 3 25 1 0 5 183
2 3 25 0 6 0 144
2 3 24 6 1 0 158
2 3 24 4 2 1 176
2 3 24 2 3 2 84
2 3 24 0 4 3 93
2 3 23 4 0 4 176
2 3 23 2 1 5 22
2 3 23 1 7 0 70
2 3 23 0 2 6 89
2 3 22 7 2 0 17
2 3 22 5 3 1 51
2 3 22 3 4 2 126
2 3 22 1 5 3 7
2 3 22 0 0 9 53
2 3 21 7 0 3 103
2 3 21 5 1 4 56
2 3 21 3 2 5 24
2 3 21 2 8 0 141
2 3 21 1 3 6 144
2 3 21 0 9 1 165
2 3 20 8 3 0 148
2 3 20 6 4 1 142
2 3 20 4 5 2 168
2 3 20 3 0 8 97
2 3 20 2 6 3 93
2 3 20 1 1 9 4
2 3 20 0 7 4 109
2 3 19 10 0 2 118
2 3 19 8 1 3 197
2 3 19 6 2 4 176
2 3 19 4 3 5 191
2 3 19 3 9 0 57
2 3 19 2 4 6 193
2 3 19 1 10 1 37
2 3 19 0 5 7 77
2 3 18 9 4 0 63
2 3 18 7 5 1 38
2 3 18 6 0 7 194
2 3 18 5 6 2 55
2 3 18 4 1 8 187
2 3 18 3 7 3 66
2 3 18 2 2 9 64
2 3 18 1 8 4 14
2 3 18 0 3 10 10
2 3 17 13 0 1 89
2 3 17 11 1 2 89
2 3 17 9 2 3 97
2 3 17 7 3 4 190
2 3 17 5 4 5 10
2 3 17 4 10 0 71
2 3 17 3 5 6 160
2 3 17 2 11 1 136
2 3 17 2 0 12 148
2 3 17 1 6 7 30
2 3 17 0 12 2 103
2 3 17 0 1 13 5
2 3 16 10 5 0 192
2 3 16 9 0 6 118
2 3 16 8 6 1 105
2 3 16 7 1 7 112
2 3 16 6 7 2 17
2 3 16 5 2 8 97
2 3 16 4 8 3 77
2 3 16 3 3 9 172
2 3 16 1 4 10 103
2 3 16 0 10 5 174
2 3 15 16 0 0 87
2 3 15 14 1 1 64
2 3 15 12 2 2 91
2 3 15 10 3 3 31
2 3 15 8 4 4 185
2 3 15 6 5 5 5
2 3 15 5 11 0 65
2 3 15 5 0 11 25
2 3 15 4 6 6 44
2 3 15 3 12 1 168
2 3 15 3 1 12 152
2 3 15 2 7 7 5
2 3 15 1 13 2 15
2 3 15 1 2 13 192
2 3 15 0 8 8 72
2 3 14 12 0 5 108
2 3 14 11 6 0 153
2 3 14 10 1 6 164
2 3 14 9 7 1 152
2 3 14 8 2 7 138
2 3 14 7 8 2 193
2 3 14 6 3 8 71
2 3 14 5 9 3 99
2 3 14 4 4 9 51
2 3 14 3 10 4 117
2 3 14 2 5 10 6
2 3 14 1 11 5 30
2 3 14 1 0 16 193
2 3 14 0 17 0 179
2 3 14 0 6 11 53
2 3 13 17 1 0 58
2 3 13 15 2 1 180
2 3 13 13 3 2 159
2 3 13 11 4 3 77
2 3 13 9 5 4 63
2 3 13 8 0 10 51
2 3 13 7 6 5 178
2 3 13 6 12 0 117
2 3 13 6 1 11 135
2 3 13 5 7 6 139
2 3 13 4 13 1 158
2 3 13 4 2 12 127
2 3 13 3 8 7 138
2 3 13 2 14 2 75
2 3 13 2 3 13 18
2 3 13 1 9 8 67
2 3 13 0 15 3 119
2 3 13 0 4 14 17
2 3 12 15 0 4 151
2 3 12 13 1 5 9
2 3 12 12 7 0 50
2 3 12 11 2 6 88
2 3 12 10 8 1 167
2 3 12 9 3 7 144
2 3 12 8 9 2 110
2 3 12 7 4 8 110
2 3 12 6 10 3 118
2 3 12 5 5 9 13
2 3 12 4 11 4 86
2 3 12 4 0 15 198
2 3 12 3 6 10 50
2 3 12 2 12 5 187
2 3 12 2 1 16 146
2 3 12 1 18 0 21
2 3 12 1 7 11 155
2 3 12 0 13 6 36
2 3 12 0 2 17 112
2 3 11 18 2 0 171
2 3 11 16 3 1 31
2 3 11 14 4 2 164
2 3 11 12 5 3 121
2 3 11 11 0 9 142
2 3 11 10 6 4 24
2 3 11 9 1 10 137
2 3 11 8 7 5 120
2 3 11 7 2 11 76
2 3 11 6 8 6 135
2 3 11 5 14 1 8
2 3 11 5 3 12 76
2 3 11 4 9 7 25
2 3 11 3 15 2 143
2 3 11 3 4 13 40
2 3 11 2 10 8 122
2 3 11 1 16 3 148
2 3 11 0 11 9 74
2 3 11 0 0 20 85
2 3 10 18 0 3 170
2 3 10 16 1 4 69
2 3 10 14 2 5 159
2 3 10 13 8 0 26
2 3 10 12 3 6 114
2 3 10 11 9 1 22
2 3 10 10 4 7 191
2 3 10 9 10 2 129
2 3 10 8 5 8 11
2 3 10 7 11 3 91
2 3 10 7 0 14 159
2 3 10 6 6 9 106
2 3 10 5 12 4 17
2 3 10 5 1 15 70
2 3 10 4 7 10 65
2 3 10 3 13 5 178
2 3 10 3 2 16 31
2 3 10 2 19 0 79
2 3 10 2 8 11 115
2 3 10 1 14 6 86
2 3 10 1 3 17 123
2 3 10 0 20 1 32
2 3 10 0 9 12 194
2 3 9 19 3 0 62
2 3 9 17 4 1 82
2 3 9 15 5 2 172
2 3 9 14 0 8 52
2 3 9 13 6 3 87
2 3 9 12 1 9 88
2 3 9 11 7 4 145
2 3 9 10 2 10 176
2 3 9 9 8 5 119
2 3 9 8 14 0 194
2 3 9 8 3 11 102
2 3 9 7 9 6 27
2 3 9 6 15 1 37
2 3 9 6 4 12 30
2 3 9 5 10 7 150
2 3 9 4 16 2 194
2 3 9 4 5 13 43
2 3 9 3 11 8 85
2 3 9 3 0 19 180
2 3 9 2 17 3 71
2 3 9 2 6 14 125
2 3 9 1 12 9 5
2 3 9 1 1 20 99
2 3 9 0 18 4 5
2 3 9 0 7 15 69
2 3 8 21 0 2 89
2 3 8 19 1 3 77
2 3 8 17 2 4 78
2 3 8 15 3 5 140
2 3 8 14 9 0 98
2 3 8 13 4 6 169
2 3 8 12 10 1 174
2 3 8 11 5 7 190
2 3 8 10 11 2 102
2 3 8 10 0 13 96
2 3 8 9 6 8 151
2 3 8 8 12 3 75
2 3 8 8 1 14 102
2 3 8 7 7 9 48
2 3 8 6 13 4 131
2 3 8 6 2 15 168
2 3 8 5 8 10 26
2 3 8 4 14 5 137
2 3 8 4 3 16 111
2 3 8 3 20 0 3
2 3 8 3 9 11 8
2 3 8 2 15 6 120
2 3 8 2 4 17 185
2 3 8 1 21 1 142
2 3 8 1 10 12 184
2 3 8 0 16 7 62
2 3 8 0 5 18 159
2 3 7 20 4 0 15
2 3 7 18 5 1 129
2 3 7 17 0 7 131
2 3 7 16 6 2 150
2 3 7 15 1 8 66
2 3 7 14 7 3 117
2 3 7 13 2 9 2
2 3 7 12 8 4 1
2 3 7 11 3 10 73
2 3 7 10 9 5 37
2 3 7 9 15 0 12
2 3 7 9 4 11 105
2 3 7 8 10 6 25
2 3 7 7 16 1 53
2 3 7 7 5 12 28
2 3 7 6 11 7 147
2 3 7 6 0 18 173
2 3 7 5 17 2 134
2 3 7 5 6 13 90
2 3 7 4 12 8 117
2 3 7 4 1 19 117
2 3 7 3 18 3 75
2 3 7 3 7 14 179
2 3 7 2 13 9 80
2 3 7 2 2 20 73
2 3 7 1 19 4 121
2 3 7 1 8 15 136
2 3 7 0 14 10 47
2 3 7 0 3 21 63
2 3 6 24 0 1 31
2 3 6 22 1 2 23
2 3 6 20 2 3 2
2 3 6 18 3 4 93
2 3 6 16 4 5 10
2 3 6 15 10 0 197
2 3 6 14 5 6 49
2 3 6 13 11 1 112
2 3 6 13 0 12 98
2 3 6 12 6 7 20
2 3 6 11 12 2 154
2 3 6 11 1 13 5
2 3 6 10 7 8 32
2 3 6 9 13 3 79
2 3 6 9 2 14 127
2 3 6 8 8 9 134
2 3 6 7 14 4 114
2 3 6 7 3 15 180
2 3 6 6 9 10 77
2 3 6 5 15 5 5
2 3 6 5 4 16 193
2 3 6 4 21 0 173
2 3 6 4 10 11 124
2 3 6 3 16 6 24
2 3 6 3 5 17 59
2 3 6 2 22 1 87
2 3 6 2 11 12 61
2 3 6 2 0 23 154
2 3 6 1 17 7 150
2 3 6 1 6 18 20
2 3 6 0 23 2 115
2 3 6 0 12 13 181
2 3 6 0 1 24 160
2 3 5 21 5 0 168
2 3 5 20 0 6 168
2 3 5 19 6 1 139
2 3 5 18 1 7 193
2 3 5 17 7 2 3
2 3 5 16 2 8 69
2 3 5 15 8 3 50
2 3 5 14 3 9 78
2 3 5 13 9 4 109
2 3 5 12 4 10 50
2 3 5 11 10 5 35
2 3 5 10 16 0 97
2 3 5 10 5 11 2
2 3 5 9 11 6 167
2 3 5 9 0 17 183
2 3 5 8 17 1 45
2 3 5 8 6 12 86
2 3 5 7 12 7 122
2 3 5 7 1 18 105
2 3 5 6 18 2 75
2 3 5 6 7 13 79
2 3 5 5 13 8 36
2 3 5 5 2 19 36
2 3 5 4 19 3 72
2 3 5 4 8 14 131
2 3 5 3 14 9 142
2 3 5 3 3 20 91
2 3 5 2 20 4 146
2 3 5 2 9 15 55
2 3 5 1 15 10 142
2 3 5 1 4 21 36
2 3 5 0 21 5 114
2 3 5 0 10 16 141
2 3 4 27 0 0 6
2 3 4 25 1 1 75
2 3 4 23 2 2 92
2 3 4 21 3 3 38
2 3 4 19 4 4 169
2 3 4 17 5 5 156
2 3 4 16 11 0 10
2 3 4 16 0 11 42
2 3 4 15 6 6 113
2 3 4 14 12 1 2
2 3 4 14 1 12 187
2 3 4 13 7 7 131
2 3 4 12 13 2 44
2 3 4 12 2 13 80
2 3 4 11 8 8 140
2 3 4 10 14 3 166
2 3 4 10 3 14 38
2 3 4 9 9 9 195
2 3 4 8 15 4 159
2 3 4 8 4 15 6
2 3 4 7 10 10 186
2 3 4 6 16 5 149
2 3 4 6 5 16 117
2 3 4 5 22 0 38
2 3 4 5 11 11 175
2 3 4 5 0 22 152
2 3 4 4 17 6 19
2 3 4 4 6 17 139
2 3 4 3 23 1 185
2 3 4 3 12 12 126
2 3 4 3 1 23 91
2 3 4 2 18 7 183
2 3 4 2 7 18 5
2 3 4 1 24 2 22
2 3 4 1 13 13 144
2 3 4 1 2 24 183
2 3 4 0 19 8 77
2 3 4 0 8 19 141
2 3 3 23 0 5 104
2 3 3 22 6 0 94
2 3 3 21 1 6 43
2 3 3 20 7 1 19
2 3 3 19 2 7 30
2 3 3 18 8 2 196
2 3 3 17 3 8 32
2 3 3 16 9 3 73
2 3 3 15 4 9 26
2 3 3 14 10 4 4
2 3 3 13 5 10 89
2 3 3 12 11 5 141
2 3 3 12 0 16 133
2 3 3 11 17 0 13
2 3 3 11 6 11 85
2 3 3 10 12 6 163
2 3 3 10 1 17 11
2 3 3 9 18 1 31
2 3 3 9 7 12 34
2 3 3 8 13 7 142
2 3 3 8 2 18 54
2 3 3 7 19 2 130
2 3 3 7 8 13 68
2 3 3 6 14 8 53
2 3 3 6 3 19 101
2 3 3 5 20 3 36
2 3 3 5 9 14 9
2 3 3 4 15 9 67
2 3 3 4 4 20 184
2 3 3 3 21 4 94
2 3 3 3 10 15 12
2 3 3 2 16 10 80
2 3 3 2 5 21 33
2 3 3 1 22 5 91
2 3 3 1 11 16 34
2 3 3 1 0 27 106
2 3 3 0 28 0 179
2 3 3 0 17 11 24
2 3 3 0 6 22 110
2 3 2 28 1 0 132
2 3 2 26 2 1 5
2 3 2 24 3 2 118
2 3 2 22 4 3 139
2 3 2 20 5 4 135
2 3 2 19 0 10 28
2 3 2 18 6 5 150
2 3 2 17 12 0 193
2 3 2 17 1 11 119
2 3 2 16 7 6 43
2 3 2 15 13 1 19
2 3 2 15 2 12 157
2 3 2 14 8 7 20
2 3 2 13 14 2 29
2 3 2 13 3 13 17
2 3 2 12 9 8 79
2 3 2 11 15 3 124
2 3 2 11 4 14 33
2 3 2 10 10 9 162
2 3 2 9 16 4 92
2 3 2 9 5 15 28
2 3 2 8 11 10 185
2 3 2 8 0 21 147
2 3 2 7 17 5 9
2 3 2 7 6 16 82
2 3 2 6 23 0 132
2 3 2 6 12 11 82
2 3 2 6 1 22 39
2 3 2 5 18 6 149
2 3 2 5 7 17 156
2 3 2 4 24 1 71
2 3 2 4 13 12 138
2 3 2 4 2 23 139
2 3 2 3 19 7 41
2 3 2 3 8 18 185
2 3 2 2 25 2 58
2 3 2 2 14 13 96
2 3 2 2 3 24 152
2 3 2 1 20 8 54
2 3 2 1 9 19 170
2 3 2 0 26 3 91
2 3 2 0 15 14 165
2 3 2 0 4 25 2
2 3 1 26 0 4 160
2 3 1 24 1 5 55
2 3 1 23 7 0 11
2 3 1 22 2 6 1
2 3 1 21 8 1 151
2 3 1 20 3 7 103
2 3 1 19 9 2 127
2 3 1 18 4 8 4
2 3 1 17 10 3 50
2 3 1 16 5 9 129
2 3 1 15 11 4 197
2 3 1 15 0 15 117
2 3 1 14 6 10 197
2 3 1 13 12 5 32
2 3 1 12 18 0 191
2 3 1 12 7 11 163
2 3 1 11 13 6 81
2 3 1 11 2 17 65
2 3 1 10 19 1 34
2 3 1 10 8 12 118
2 3 1 9 14 7 78
2 3 1 9 3 18 35
2 3 1 8 20 2 9
2 3 1 8 9 13 145
2 3 1 7 15 8 86
2 3 1 7 4 19 83
2 3 1 6 21 3 125
2 3 1 6 10 14 37
2 3 1 5 16 9 14
2 3 1 5 5 20 28
2 3 1 4 22 4 183
2 3 1 4 11 15 80
2 3 1 4 0 26 36
2 3 1 3 17 10 133
2 3 1 3 6 21 135
2 3 1 2 23 5 46
2 3 1 2 12 16 1
2 3 1 2 1 27 120
2 3 1 1 29 0 101
2 3 1 1 18 11 12
2 3 1 1 7 22 79
2 3 1 0 24 6 107
2 3 1 0 13 17 111
2 3 1 0 2 28 124
2 3 0 29 2 0 118
2 3 0 27 3 1 136
2 3 0 25 4 2 96
2 3 0 23 5 3 176
2 3 0 22 0 9 50
2 3 0 21 6 4 19
2 3 0 20 1 10 24
2 3 0 19 7 5 64
2 3 0 18 13 0 34
2 3 0 18 2 11 144
2 3 0 17 8 6 3
2 3 0 16 14 1 53
2 3 0 16 3 12 82
2 3 0 15 9 7 180
2 3 0 14 15 2 184
2 3 0 14 4 13 58
2 3 0 13 10 8 138
2 3 0 12 16 3 124
2 3 0 12 5 14 191
2 3 0 11 11 9 13
2 3 0 11 0 20 50
2 3 0 10 17 4 30
2 3 0 10 6 15 70
2 3 0 9 12 10 9
2 3 0 9 1 21 103
2 3 0 8 18 5 100
2 3 0 8 7 16 3
2 3 0 7 24 0 50
2 3 0 7 13 11 62
2 3 0 7 2 22 190
2 3 0 6 19 6 180
2 3 0 6 8 17 8
2 3 0 5 25 1 171
2 3 0 5 14 12 158
2 3 0 5 3 23 122
2 3 0 4 20 7 192
2 3 0 4 9 18 138
2 3 0 3 26 2 105
2 3 0 3 15 13 83
2 3 0 3 4 24 31
2 3 0 2 21 8 9
2 3 0 2 10 19 91
2 3 0 1 16 14 183
2 3 0 1 5 25 194
2 3 0 0 22 9 151
2 3 0 0 11 20 79
2 2 30 1 1 0 191
2 2 28 2 2 0 93
2 2 28 0 3 1 21
2 2 27 2 0 3 193
2 2 27 0 1 4 66
2 2 26 3 3 0 141
2 2 26 1 4 1 178
2 2 25 5 0 2 58
2 2 25 3 1 3 28
2 2 25 1 2 4 14
2 2 24 4 4 0 2
2 2 24 2 5 1 114
2 2 24 1 0 7 158
2 2 24 0 6 2 110
2 2 23 8 0 1 87
2 2 23 6 1 2 140
2 2 23 4 2 3 62
2 2 23 2 3 4 59
2 2 23 0 4 5 176
2 2 22 5 5 0 35
2 2 22 4 0 6 76
2 2 22 3 6 1 114
2 2 22 2 1 7 14
2 2 22 1 7 2 176
2 2 22 0 2 8 148
2 2 21 11 0 0 36
2 2 21 9 1 1 196
2 2 21 7 2 2 109
2 2 21 5 3 3 147
2 2 21 3 4 4 73
2 2 21 1 5 5 156
2 2 21 0 11 0 66
2 2 21 0 0 11 57
2 2 20 7 0 5 76
2 2 20 6 6 0 23
2 2 20 5 1 6 141
2 2 20 4 7 1 153
2 2 20 3 2 7 154
2 2 20 2 8 2 158
2 2 20 1 3 8 152
2 2 20 0 9 3 116
2 2 19 12 1 0 142
2 2 19 10 2 1 184
2 2 19 8 3 2 175
2 2 19 6 4 3 95
2 2 19 4 5 4 44
2 2 19 3 0 10 149
2 2 19 2 6 5 102
2 2 19 1 12 0 35
2 2 19 1 1 11 141
2 2 19 0 7 6 36
2 2 18 10 0 4 95
2 2 18 8 1 5 20
2 2 18 7 7 0 76
2 2 18 6 2 6 150
2 2 18 5 8 1 60
2 2 18 4 3 7 139
2 2 18 3 9 2 44
2 2 18 2 4 8 80
2 2 18 1 10 3 147
2 2 18 0 5 9 153
2 2 17 13 2 0 83
2 2 17 11 3 1 177
2 2 17 9 4 2 63
2 2 17 7 5 3 89
2 2 17 6 0 9 177
2 2 17 5 6 4 26
2 2 17 4 1 10 70
2 2 17 3 7 5 158
2 2 17 2 13 0 15
2 2 17 2 2 11 93
2 2 17 1 8 6 67
2 2 17 0 14 1 166
2 2 17 0 3 12 73
2 2 16 13 0 3 169
2 2 16 11 1 4 167
2 2 16 9 2 5 190
2 2 16 8 8 0 63
2 2 16 7 3 6 194
2 2 16 6 9 1 56
2 2 16 5 4 7 167
2 2 16 4 10 2 176
2 2 16 3 5 8 115
2 2 16 2 11 3 149
2 2 16 2 0 14 180
2 2 16 1 6 9 173
2 2 16 0 12 4 47
2 2 16 0 1 15 87
2 2 15 14 3 0 177
2 2 15 12 4 1 27
2 2 15 10 5 2 45
2 2 15 9 0 8 64
2 2 15 8 6 3 73
2 2 15 7 1 9 121
2 2 15 6 7 4 52
2 2 15 5 2 10 168
2 2 15 4 8 5 57
2 2 15 3 14 0 94
2 2 15 3 3 11 196
2 2 15 2 9 6 55
2 2 15 1 15 1 72
2 2 15 1 4 12 5
2 2 15 0 10 7 94
2 2 14 16 0 2 6
2 2 14 14 1 3 148
2 2 14 12 2 4 24
2 2 14 10 3 5 84
2 2 14 9 9 0 76
2 2 14 8 4 6 107
2 2 14 7 10 1 66
2 2 14 6 5 7 155
2 2 14 5 11 2 124
2 2 14 5 0 13 98
2 2 14 4 6 8 4
2 2 14 3 12 3 98
2 2 14 3 1 14 28
2 2 14 2 7 9 8
2 2 14 1 13 4 64
2 2 14 1 2 15 87
2 2 14 0 8 10 156
2 2 13 15 4 0 73
2 2 13 13 5 1 150
2 2 13 12 0 7 89
2 2 13 11 6 2 108
2 2 13 10 1 8 90
2 2 13 9 7 3 129
2 2 13 8 2 9 25
2 2 13 7 8 4 23
2 2 13 6 3 10 143
2 2 13 5 9 5 83
2 2 13 4 15 0 35
2 2 13 4 4 11 165
2 2 13 3 10 6 53
2 2 13 2 16 1 53
2 2 13 2 5 12 142
2 2 13 1 11 7 135
2 2 13 1 0 18 184
2 2 13 0 17 2 150
2 2 13 0 6 13 167
2 2 12 19 0 1 127
2 2 12 17 1 2 171
2 2 12 15 2 3 63
2 2 12 13 3 4 26
2 2 12 11 4 5 4
2 2 12 10 10 0 175
2 2 12 9 5 6 186
2 2 12 8 11 1 86
2 2 12 8 0 12 107
2 2 12 7 6 7 58
2 2 12 6 12 2 134
2 2 12 6 1 13 140
2 2 12 5 7 8 79
2 2 12 4 13 3 113
2 2 12 4 2 14 167
2 2 12 3 8 9 116
2 2 12 2 14 4 162
2 2 12 2 3 15 107
2 2 12 1 9 10 101
2 2 12 0 15 5 21
2 2 12 0 4 16 24
2 2 11 16 5 0 93
2 2 11 15 0 6 81
2 2 11 14 6 1 107
2 2 11 13 1 7 198
2 2 11 12 7 2 50
2 2 11 11 2 8 85
2 2 11 10 8 3 15
2 2 11 9 3 9 173
2 2 11 8 9 4 156
2 2 11 7 4 10 88
2 2 11 6 10 5 11
2 2 11 5 16 0 89
2 2 11 5 5 11 74
2 2 11 4 11 6 146
2 2 11 4 0 17 142
2 2 11 3 17 1 126
2 2 11 3 6 12 80
2 2 11 2 12 7 101
2 2 11 2 1 18 7
2 2 11 1 18 2 194
2 2 11 1 7 13 126
2 2 11 0 13 8 73
2 2 11 0 2 19 66
2 2 10 22 0 0 173
2 2 10 20 1 1 69
2 2 10 18 2 2 155
2 2 10 16 3 3 172
2 2 10 14 4 4 112
2 2 10 12 5 5 111
2 2 10 11 11 0 7
2 2 10 11 0 11 8
2 2 10 10 6 6 116
2 2 10 9 12 1 54
2 2 10 9 1 12 37
2 2 10 8 7 7 38
2 2 10 7 13 2 11
2 2 10 7 2 13 50
2 2 10 6 8 8 31
2 2 10 5 14 3 45
2 2 10 5 3 14 81
2 2 10 4 9 9 131
2 2 10 3 15 4 42
2 2 10 3 4 15 87
2 2 10 2 10 10 191
2 2 10 1 16 5 33
2 2 10 1 5 16 24
2 2 10 0 22 0 27
2 2 10 0 11 11 132
2 2 10 0 0 22 87
2 2 9 18 0 5 1
2 2 9 17 6 0 10
2 2 9 16 1 6 101
2 2 9 15 7 1 124
2 2 9 14 2 7 150
2 2 9 13 8 2 173
2 2 9 12 3 8 127
2 2 9 11 9 3 48
2 2 9 10 4 9 25
2 2 9 9 10 4 34
2 2 9 8 5 10 101
2 2 9 7 11 5 182
2 2 9 7 0 16 156
2 2 9 6 17 0 137
2 2 9 6 6 11 89
2 2 9 5 12 6 41
2 2 9 5 1 17 107
2 2 9 4 18 1 24
2 2 9 4 7 12 83
2 2 9 3 13 7 16
2 2 9 3 2 18 185
2 2 9 2 19 2 164
2 2 9 2 8 13 25
2 2 9 1 14 8 35
2 2 9 1 3 19 49
2 2 9 0 20 3 150
2 2 9 0 9 14 74
2 2 8 23 1 0 162
2 2 8 21 2 1 184
2 2 8 19 3 2 168
2 2 8 17 4 3 195
2 2 8 15 5 4 165
2 2 8 14 0 10 40
2 2 8 13 6 5 123
2 2 8 12 12 0 98
2 2 8 12 1 11 87
2 2 8 11 7 6 8
2 2 8 10 13 1 33
2 2 8 10 2 12 183
2 2 8 9 8 7 190
2 2 8 8 14 2 195
2 2 8 8 3 13 124
2 2 8 7 9 8 158
2 2 8 6 15 3 181
2 2 8 6 4 14 140
2 2 8 5 10 9 41
2 2 8 4 16 4 60
2 2 8 4 5 15 149
2 2 8 3 11 10 93
2 2 8 3 0 21 66
2 2 8 2 17 5 92
2 2 8 2 6 16 162
2 2 8 1 23 0 172
2 2 8 1 12 11 150
2 2 8 1 1 22 67
2 2 8 0 18 6 120
2 2 8 0 7 17 61
2 2 7 21 0 4 167
2 2 7 19 1 5 88
2 2 7 18 7 0 167
2 2 7 17 2 6 11
2 2 7 16 8 1 50
2 2 7 15 3 7 93
2 2 7 14 9 2 105
2 2 7 13 4 8 88
2 2 7 12 10 3 116
2 2 7 11 5 9 6
2 2 7 10 11 4 32
2 2 7 10 0 15 101
2 2 7 9 6 10 10
2 2 7 8 12 5 148
2 2 7 8 1 16 129
2 2 7 7 18 0 171
2 2 7 7 7 11 108
2 2 7 6 13 6 115
2 2 7 6 2 17 117
2 2 7 5 19 1 65
2 2 7 5 8 12 142
2 2 7 4 14 7 29
2 2 7 4 3 18 102
2 2 7 3 20 2 133
2 2 7 3 9 13 51
2 2 7 2 15 8 50
2 2 7 2 4 19 94
2 2 7 1 21 3 65
2 2 7 1 10 14 149
2 2 7 0 16 9 186
2 2 7 0 5 20 45
2 2 6 24 2 0 171
2 2 6 22 3 1 196
2 2 6 20 4 2 74
2 2 6 18 5 3 125
2 2 6 17 0 9 61
2 2 6 16 6 4 102
2 2 6 15 1 10 81
2 2 6 14 7 5 152
2 2 6 13 13 0 113
2 2 6 13 2 11 109
2 2 6 12 8 6 5
2 2 6 11 14 1 151
2 2 6 11 3 12 96
2 2 6 10 9 7 170
2 2 6 9 15 2 34
2 2 6 9 4 13 23
2 2 6 8 10 8 119
2 2 6 7 16 3 86
2 2 6 7 5 14 88
2 2 6 6 11 9 52
2 2 6 6 0 20 110
2 2 6 5 17 4 1
2 2 6 5 6 15 171
2 2 6 4 12 10 14
2 2 6 4 1 21 178
2 2 6 3 18 5 170
2 2 6 3 7 16 94
2 2 6 2 24 0 187
2 2 6 2 13 11 144
2 2 6 2 2 22 74
2 2 6 1 19 6 105
2 2 6 1 8 17 13
2 2 6 0 25 1 152
2 2 6 0 14 12 77
2 2 6 0 3 23 121
2 2 5 24 0 3 41
2 2 5 22 1 4 30
2 2 5 20 2 5 193
2 2 5 19 8 0 190
2 2 5 18 3 6 100
2 2 5 17 9 1 141
2 2 5 16 4 7 2
2 2 5 15 10 2 95
2 2 5 14 5 8 147
2 2 5 13 11 3 92
2 2 5 13 0 14 121
2 2 5 12 6 9 197
2 2 5 11 12 4 194
2 2 5 11 1 15 181
2 2 5 10 7 10 15
2 2 5 9 13 5 62
2 2 5 9 2 16 119
2 2 5 8 19 0 174
2 2 5 8 8 11 144
2 2 5 7 14 6 77
2 2 5 7 3 17 123
2 2 5 6 20 1 81
2 2 5 6 9 12 166
2 2 5 5 15 7 163
2 2 5 5 4 18 164
2 2 5 4 21 2 164
2 2 5 4 10 13 1
2 2 5 3 16 8 162
2 2 5 3 5 19 36
2 2 5 2 22 3 165
2 2 5 2 11 14 74
2 2 5 2 0 25 96
2 2 5 1 17 9 151
2 2 5 1 6 20 111
2 2 5 0 23 4 105
2 2 5 0 12 15 37
2 2 5 0 1 26 127
2 2 4 25 3 0 145
2 2 4 23 4 1 8
2 2 4 21 5 2 57
2 2 4 20 0 8 122
2 2 4 19 6 3 97
2 2 4 18 1 9 188
2 2 4 17 7 4 56
2 2 4 16 2 10 103
2 2 4 15 8 5 143
2 2 4 14 14 0 131
2 2 4 14 3 11 186
2 2 4 13 9 6 92
2 2 4 12 15 1 30
2 2 4 12 4 12 106
2 2 4 11 10 7 157
2 2 4 10 16 2 130
2 2 4 10 5 13 198
2 2 4 9 11 8 148
2 2 4 9 0 19 77
2 2 4 8 17 3 76
2 2 4 8 6 14 109
2 2 4 7 12 9 122
2 2 4 7 1 20 187
2 2 4 6 18 4 155
2 2 4 6 7 15 144
2 2 4 5 13 10 59
2 2 4 5 2 21 89
2 2 4 4 19 5 42
2 2 4 4 8 16 38
2 2 4 3 25 0 113
2 2 4 3 14 11 50
2 2 4 3 3 22 186
2 2 4 2 20 6 133
2 2 4 2 9 17 98
2 2 4 1 26 1 15
2 2 4 1 15 12 50
2 2 4 1 4 23 89
2 2 4 0 21 7 142
2 2 4 0 10 18 56
2 2 3 27 0 2 10
2 2 3 25 1 3 6
2 2 3 23 2 4 158
2 2 3 21 3 5 22
2 2 3 20 9 0 138
2 2 3 19 4 6 72
2 2 3 18 10 1 198
2 2 3 17 5 7 25
2 2 3 16 11 2 124
2 2 3 16 0 13 51
2 2 3 15 6 8 114
2 2 3 14 12 3 151
2 2 3 14 1 14 57
2 2 3 13 7 9 97
2 2 3 12 13 4 53
2 2 3 12 2 15 191
2 2 3 11 8 10 107
2 2 3 10 14 5 4
2 2 3 10 3 16 180
2 2 3 9 20 0 118
2 2 3 9 9 11 154
2 2 3 8 15 6 179
2 2 3 8 4 17 179
2 2 3 7 21 1 18
2 2 3 7 10 12 156
2 2 3 6 16 7 64
2 2 3 6 5 18 39
2 2 3 5 22 2 6
2 2 3 5 11 13 60
2 2 3 5 0 24 142
2 2 3 4 17 8 168
2 2 3 4 6 19 41
2 2 3 3 23 3 141
2 2 3 3 12 14 163
2 2 3 3 1 25 148
2 2 3 2 18 9 71
2 2 3 2 7 20 123
2 2 3 1 24 4 3
2 2 3 1 13 15 103
2 2 3 1 2 26 181
2 2 3 0 19 10 184
2 2 3 0 8 21 58
2 2 2 26 4 0 9
2 2 2 24 5 1 194
2 2 2 23 0 7 138
2 2 2 22 6 2 77
2 2 2 21 1 8 77
2 2 2 20 7 3 147
2 2 2 19 2 9 85
2 2 2 18 8 4 145
2 2 2 17 3 10 154
2 2 2 16 9 5 78
2 2 2 15 15 0 3
2 2 2 15 4 11 196
2 2 2 14 10 6 153
2 2 2 13 16 1 149
2 2 2 13 5 12 5
2 2 2 12 11 7 165
2 2 2 12 0 18 17
2 2 2 11 17 2 183
2 2 2 11 6 13 69
2 2 2 10 12 8 104
2 2 2 10 1 19 177
2 2 2 9 18 3 191
2 2 2 9 7 14 156
2 2 2 8 13 9 116
2 2 2 8 2 20 130
2 2 2 7 19 4 111
2 2 2 6 14 10 24
2 2 2 6 3 21 26
2 2 2 5 20 5 89
2 2 2 5 9 16 118
2 2 2 4 26 0 121
2 2 2 4 15 11 177
2 2 2 4 4 22 159
2 2 2 3 21 6 116
2 2 2 3 10 17 184
2 2 2 2 27 1 99
2 2 2 2 16 12 169
2 2 2 2 5 23 182
2 2 2 1 22 7 60
2 2 2 1 11 18 86
2 2 2 1 0 29 9
2 2 2 0 28 2 17
2 2 2 0 17 13 79
2 2 2 0 6 24 83
2 2 1 30 0 1 40
2 2 1 28 1 2 89
2 2 1 26 2 3 41
2 2 1 24 3 4 117
2 2 1 22 4 5 107
2 2 1 21 10 0 157
2 2 1 20 5 6 49
2 2 1 19 11 1 4
2 2 1 19 0 12 115
2 2 1 18 6 7 191
2 2 1 17 12 2 109
2 2 1 17 1 13 30
2 2 1 16 7 8 106
2 2 1 15 13 3 100
2 2 1 15 2 14 4
2 2 1 14 8 9 189
2 2 1 13 14 4 198
2 2 1 13 3 15 108
2 2 1 12 9 10 28
2 2 1 11 15 5 138
2 2 1 11 4 16 98
2 2 1 10 21 0 108
2 2 1 10 10 11 181
2 2 1 9 16 6 98
2 2 1 9 5 17 140
2 2 1 8 22 1 29
2 2 1 8 11 12 18
2 2 1 8 0 23 5
2 2 1 7 17 7 30
2 2 1 7 6 18 55
2 2 1 6 23 2 54
2 2 1 6 12 13 137
2 2 1 5 18 8 72
2 2 1 5 7 19 94
2 2 1 4 24 3 96
2 2 1 4 13 14 140
2 2 1 4 2 25 86
2 2 1 3 19 9 49
2 2 1 3 8 20 69
2 2 1 2 25 4 106
2 2 1 2 14 15 137
2 2 1 2 3 26 150
2 2 1 1 20 10 45
2 2 1 1 9 21 155
2 2 1 0 26 5 105
2 2 1 0 15 16 40
2 2 1 0 4 27 63
2 2 0 27 5 0 63
2 2 0 26 0 6 81
2 2 0 25 6 1 137
2 2 0 24 1 7 135
2 2 0 23 7 2 182
2 2 0 22 2 8 105
2 2 0 21 8 3 14
2 2 0 20 3 9 182
2 2 0 19 9 4 45
2 2 0 18 4 10 76
2 2 0 17 10 5 28
2 2 0 16 16 0 89
2 2 0 16 5 11 121
2 2 0 15 11 6 163
2 2 0 15 0 17 70
2 2 0 14 17 1 53
2 2 0 14 6 12 120
2 2 0 13 12 7 10
2 2 0 13 1 18 58
2 2 0 12 18 2 111
2 2 0 12 7 13 67
2 2 0 11 13 8 86
2 2 0 11 2 19 44
2 2 0 10 19 3 95
2 2 0 10 8 14 186
2 2 0 9 14 9 140
2 2 0 9 3 20 175
2 2 0 8 20 4 56
2 2 0 8 9 15 25
2 2 0 7 15 10 132
2 2 0 7 4 21 184
2 2 0 6 21 5 40
2 2 0 6 10 16 154
2 2 0 5 27 0 2
2 2 0 5 16 11 83
2 2 0 5 5 22 153
2 2 0 4 22 6 69
2 2 0 4 11 17 190
2 2 0 4 0 28 120
2 2 0 3 28 1 197
2 2 0 3 17 12 99
2 2 0 3 6 23 57
2 2 0 2 23 7 54
2 2 0 2 12 18 92
2 2 0 2 1 29 172
2 2 0 1 29 2 187
2 2 0 1 18 13 45
2 2 0 1 7 24 75
2 2 0 0 24 8 74
2 2 0 0 13 19 171
2 2 0 0 2 30 52
2 1 31 0 0 2 107
2 1 29 3 0 1 181
2 1 29 1 1 2 71
2 1 28 0 5 0 74
2 1 27 6 0 0 58
2 1 27 4 1 1 148
2 1 27 2 2 2 86
2 1 27 0 3 3 65
2 1 26 2 0 5 165
2 1 26 1 6 0 90
2 1 26 0 1 6 127
2 1 25 7 1 0 70
2 1 25 5 2 1 162
2 1 25 3 3 2 59
2 1 25 1 4 3 69
2 1 24 5 0 4 160
2 1 24 3 1 5 127
2 1 24 2 7 0 173
2 1 24 1 2 6 93
2 1 24 0 8 1 24
2 1 23 8 2 0 155
2 1 23 6 3 1 50
2 1 23 4 4 2 132
2 1 23 2 5 3 134
2 1 23 1 0 9 116
2 1 23 0 6 4 124
2 1 22 8 0 3 78
2 1 22 6 1 4 40
2 1 22 4 2 5 47
2 1 22 3 8 0 133
2 1 22 2 3 6 134
2 1 22 1 9 1 58
2 1 22 0 4 7 102
2 1 21 9 3 0 96
2 1 21 7 4 1 112
2 1 21 5 5 2 161
2 1 21 4 0 8 145
2 1 21 3 6 3 11
2 1 21 2 1 9 33
2 1 21 1 7 4 35
2 1 21 0 2 10 100
2 1 20 11 0 2 108
2 1 20 9 1 3 127
2 1 20 7 2 4 130
2 1 20 5 3 5 84
2 1 20 4 9 0 69
2 1 20 3 4 6 136
2 1 20 2 10 1 22
2 1 20 1 5 7 153
2 1 20 0 11 2 45
2 1 20 0 0 13 78
2 1 19 10 4 0 168
2 1 19 8 5 1 21
2 1 19 7 0 7 88
2 1 19 6 6 2 108
2 1 19 5 1 8 130
2 1 19 4 7 3 137
2 1 19 3 2 9 18
2 1 19 2 8 4 56
2 1 19 1 3 10 55
2 1 19 0 9 5 143
2 1 18 14 0 1 180
2 1 18 12 1 2 61
2 1 18 10 2 3 23
2 1 18 8 3 4 155
2 1 18 6 4 5 90
2 1 18 5 10 0 1
2 1 18 4 5 6 136
2 1 18 3 11 1 124
2 1 18 3 0 12 164
2 1 18 2 6 7 149
2 1 18 1 12 2 196
2 1 18 1 1 13 162
2 1 18 0 7 8 5
2 1 17 11 5 0 145
2 1 17 10 0 6 111
2 1 17 9 6 1 2
2 1 17 8 1 7 56
2 1 17 7 7 2 169
2 1 17 6 2 8 190
2 1 17 5 8 3 152
2 1 17 4 3 9 163
2 1 17 3 9 4 112
2 1 17 2 4 10 81
2 1 17 1 10 5 35
2 1 17 0 16 0 194
2 1 17 0 5 11 169
2 1 16 17 0 0 75
2 1 16 15 1 1 64
2 1 16 13 2 2 164
2 1 16 11 3 3 8
2 1 16 9 4 4 193
2 1 16 7 5 5 90
2 1 16 6 11 0 157
2 1 16 6 0 11 99
2 1 16 5 6 6 187
2 1 16 4 12 1 143
2 1 16 4 1 12 155
2 1 16 3 7 7 110
2 1 16 2 13 2 100
2 1 16 2 2 13 55
2 1 16 1 8 8 114
2 1 16 0 14 3 190
2 1 16 0 3 14 68
2 1 15 13 0 5 124
2 1 15 12 6 0 195
2 1 15 11 1 6 59
2 1 15 10 7 1 170
2 1 15 9 2 7 141
2 1 15 8 8 2 149
2 1 15 7 3 8 54
2 1 15 6 9 3 197
2 1 15 5 4 9 86
2 1 15 4 10 4 36
2 1 15 3 5 10 94
2 1 15 2 11 5 21
2 1 15 2 0 16 113
2 1 15 1 17 0 187
2 1 15 1 6 11 89
2 1 15 0 12 6 53
2 1 15 0 1 17 63
2 1 14 18 1 0 71
2 1 14 16 2 1 43
2 1 14 14 3 2 170
2 1 14 12 4 3 137
2 1 14 10 5 4 151
2 1 14 9 0 10 149
2 1 14 8 6 5 39
2 1 14 7 12 0 27
2 1 14 7 1 11 138
2 1 14 6 7 6 37
2 1 14 5 13 1 22
2 1 14 5 2 12 20
2 1 14 4 8 7 52
2 1 14 3 14 2 185
2 1 14 3 3 13 152
2 1 14 2 9 8 119
2 1 14 1 15 3 195
2 1 14 1 4 14 172
2 1 14 0 10 9 47
2 1 13 16 0 4 97
2 1 13 14 1 5 189
2 1 13 13 7 0 97
2 1 13 12 2 6 33
2 1 13 11 8 1 163
2 1 13 10 3 7 79
2 1 13 9 9 2 33
2 1 13 8 4 8 70
2 1 13 7 10 3 9
2 1 13 6 5 9 74
2 1 13 5 11 4 190
2 1 13 5 0 15 101
2 1 13 4 6 10 135
2 1 13 3 12 5 99
2 1 13 3 1 16 63
2 1 13 2 18 0 146
2 1 13 2 7 11 78
2 1 13 1 13 6 195
2 1 13 1 2 17 166
2 1 13 0 19 1 1
2 1 13 0 8 12 45
2 1 12 19 2 0 34
2 1 12 17 3 1 197
2 1 12 15 4 2 75
2 1 12 13 5 3 150
2 1 12 12 0 9 107
2 1 12 11 6 4 118
2 1 12 10 1 10 116
2 1 12 9 7 5 6
2 1 12 8 13 0 110
2 1 12 8 2 11 141
2 1 12 7 8 6 153
2 1 12 6 14 1 2
2 1 12 6 3 12 104
2 1 12 5 9 7 135
2 1 12 4 15 2 148
2 1 12 4 4 13 198
2 1 12 3 10 8 116
2 1 12 2 16 3 158
2 1 12 2 5 14 26
2 1 12 1 11 9 123
2 1 12 1 0 20 59
2 1 12 0 17 4 8
2 1 12 0 6 15 1
2 1 11 19 0 3 188
2 1 11 17 1 4 68
2 1 11 15 2 5 12
2 1 11 14 8 0 145
2 1 11 13 3 6 133
2 1 11 12 9 1 109
2 1 11 11 4 7 144
2 1 11 10 10 2 71
2 1 11 9 5 8 36
2 1 11 8 11 3 84
2 1 11 8 0 14 184
2 1 11 7 6 9 46
2 1 11 6 12 4 60
2 1 11 6 1 15 80
2 1 11 5 7 10 29
2 1 11 4 13 5 40
2 1 11 4 2 16 154
2 1 11 3 19 0 127
2 1 11 3 8 11 20
2 1 11 2 14 6 65
2 1 11 2 3 17 14
2 1 11 1 20 1 8
2 1 11 1 9 12 139
2 1 11 0 15 7 171
2 1 11 0 4 18 171
2 1 10 20 3 0 49
2 1 10 18 4 1 148
2 1 10 16 5 2 165
2 1 10 15 0 8 57
2 1 10 14 6 3 112
2 1 10 13 1 9 162
2 1 10 12 7 4 89
2 1 10 11 2 10 93
2 1 10 10 8 5 19
2 1 10 9 14 0 169
2 1 10 9 3 11 180
2 1 10 8 9 6 142
2 1 10 7 15 1 134
2 1 10 7 4 12 166
2 1 10 6 10 7 42
2 1 10 5 16 2 17
2 1 10 5 5 13 189
2 1 10 4 11 8 41
2 1 10 4 0 19 91
2 1 10 3 17 3 173
2 1 10 3 6 14 56
2 1 10 2 12 9 198
2 1 10 2 1 20 132
2 1 10 1 18 4 119
2 1 10 1 7 15 159
2 1 10 0 13 10 138
2 1 10 0 2 21 171
2 1 9 22 0 2 22
2 1 9 20 1 3 193
2 1 9 18 2 4 105
2 1 9 16 3 5 141
2 1 9 15 9 0 52
2 1 9 14 4 6 128
2 1 9 13 10 1 62
2 1 9 12 5 7 26
2 1 9 11 11 2 46
2 1 9 11 0 13 145
2 1 9 10 6 8 101
2 1 9 9 12 3 191
2 1 9 9 1 14 31
2 1 9 8 7 9 71
2 1 9 7 13 4 158
2 1 9 7 2 15 12
2 1 9 6 8 10 80
2 1 9 5 14 5 186
2 1 9 5 3 16 39
2 1 9 4 20 0 85
2 1 9 4 9 11 126
2 1 9 3 15 6 150
2 1 9 3 4 17 104
2 1 9 2 21 1 194
2 1 9 2 10 12 25
2 1 9 1 16 7 26
2 1 9 1 5 18 195
2 1 9 0 22 2 177
2 1 9 0 11 13 22
2 1 9 0 0 24 106
2 1 8 21 4 0 105
2 1 8 19 5 1 175
2 1 8 18 0 7 143
2 1 8 17 6 2 78
2 1 8 16 1 8 66
2 1 8 15 7 3 107
2 1 8 14 2 9 25
2 1 8 13 8 4 29
2 1 8 12 3 10 87
2 1 8 11 9 5 13
2 1 8 10 15 0 161
2 1 8 10 4 11 191
2 1 8 9 10 6 150
2 1 8 8 16 1 110
2 1 8 8 5 12 35
2 1 8 7 11 7 114
2 1 8 7 0 18 171
2 1 8 6 17 2 113
2 1 8 6 6 13 101
2 1 8 5 12 8 164
2 1 8 5 1 19 43
2 1 8 4 18 3 186
2 1 8 4 7 14 78
2 1 8 3 13 9 125
2 1 8 3 2 20 146
2 1 8 2 19 4 192
2 1 8 2 8 15 77
2 1 8 1 14 10 174
2 1 8 1 3 21 36
2 1 8 0 20 5 24
2 1 8 0 9 16 32
2 1 7 23 1 2 17
2 1 7 21 2 3 169
2 1 7 19 3 4 63
2 1 7 17 4 5 102
2 1 7 16 10 0 24
2 1 7 15 5 6 143
2 1 7 14 11 1 54
2 1 7 14 0 12 127
2 1 7 13 6 7 157
2 1 7 12 12 2 9
2 1 7 11 7 8 27
2 1 7 10 13 3 21
2 1 7 10 2 14 144
2 1 7 9 8 9 189
2 1 7 8 14 4 114
2 1 7 8 3 15 102
2 1 7 7 9 10 36
2 1 7 6 15 5 40
2 1 7 6 4 16 113
2 1 7 5 21 0 31
2 1 7 5 10 11 97
2 1 7 4 16 6 83
2 1 7 4 5 17 104
2 1 7 3 22 1 7
2 1 7 3 11 12 189
2 1 7 3 0 23 166
2 1 7 2 17 7 137
2 1 7 2 6 18 99
2 1 7 1 23 2 79
2 1 7 1 12 13 150
2 1 7 1 1 24 104
2 1 7 0 18 8 39
2 1 7 0 7 19 182
2 1 6 22 5 0 194
2 1 6 21 0 6 182
2 1 6 20 6 1 87
2 1 6 19 1 7 5
2 1 6 18 7 2 15
2 1 6 17 2 8 130
2 1 6 16 8 3 58
2 1 6 15 3 9 148
2 1 6 14 9 4 3
2 1 6 13 4 10 11
2 1 6 12 10 5 162
2 1 6 11 16 0 115
2 1 6 11 5 11 172
2 1 6 10 11 6 4
2 1 6 10 0 17 38
2 1 6 9 17 1 136
2 1 6 9 6 12 31
2 1 6 8 12 7 115
2 1 6 8 1 18 73
2 1 6 7 18 2 89
2 1 6 7 7 13 34
2 1 6 6 13 8 54
2 1 6 6 2 19 101
2 1 6 5 19 3 109
2 1 6 5 8 14 102
2 1 6 4 14 9 114
2 1 6 4 3 20 119
2 1 6 3 20 4 115
2 1 6 3 9 15 122
2 1 6 2 15 10 132
2 1 6 2 4 21 168
2 1 6 1 21 5 85
2 1 6 1 10 16 153
2 1 6 0 27 0 186
2 1 6 0 16 11 133
2 1 6 0 5 22 161
2 1 5 28 0 0 133
2 1 5 26 1 1 157
2 1 5 24 2 2 7
2 1 5 22 3 3 116
2 1 5 20 4 4 172
2 1 5 18 5 5 7
2 1 5 17 11 0 143
2 1 5 17 0 11 125
2 1 5 16 6 6 58
2 1 5 15 12 1 139
2 1 5 15 1 12 102
2 1 5 14 7 7 128
2 1 5 13 13 2 80
2 1 5 13 2 13 52
2 1 5 12 8 8 149
2 1 5 11 14 3 67
2 1 5 11 3 14 52
2 1 5 10 9 9 128
2 1 5 9 15 4 143
2 1 5 9 4 15 3
2 1 5 8 10 10 102
2 1 5 7 16 5 83
2 1 5 7 5 16 161
2 1 5 6 22 0 136
2 1 5 6 11 11 125
2 1 5 6 0 22 179
2 1 5 5 17 6 61
2 1 5 5 6 17 115
2 1 5 4 23 1 138
2 1 5 4 12 12 182
2 1 5 4 1 23 188
2 1 5 3 18 7 16
2 1 5 3 7 18 171
2 1 5 2 24 2 144
2 1 5 2 13 13 134
2 1 5 2 2 24 112
2 1 5 1 19 8 185
2 1 5 1 8 19 108
2 1 5 0 25 3 192
2 1 5 0 14 14 114
2 1 5 0 3 25 74
2 1 4 24 0 5 152
2 1 4 23 6 0 30
2 1 4 22 1 6 125
2 1 4 21 7 1 87
2 1 4 20 2 7 159
2 1 4 19 8 2 188
2 1 4 18 3 8 149
2 1 4 17 9 3 171
2 1 4 16 4 9 165
2 1 4 15 10 4 154
2 1 4 14 5 10 122
2 1 4 13 11 5 71
2 1 4 13 0 16 122
2 1 4 12 17 0 189
2 1 4 12 6 11 78
2 1 4 11 12 6 52
2 1 4 11 1 17 8
2 1 4 10 18 1 190
2 1 4 10 7 12 111
2 1 4 9 13 7 37
2 1 4 9 2 18 61
2 1 4 8 19 2 116
2 1 4 8 8 13 75
2 1 4 7 14 8 132
2 1 4 7 3 19 82
2 1 4 6 20 3 67
2 1 4 6 9 14 60
2 1 4 5 15 9 100
2 1 4 5 4 20 124
2 1 4 4 21 4 193
2 1 4 4 10 15 114
2 1 4 3 16 10 37
2 1 4 3 5 21 43
2 1 4 2 22 5 134
2 1 4 2 11 16 16
2 1 4 2 0 27 4
2 1 4 1 28 0 117
2 1 4 1 17 11 96
2 1 4 1 6 22 127
2 1 4 0 23 6 138
2 1 4 0 12 17 7
2 1 4 0 1 28 42
2 1 3 29 1 0 38
2 1 3 27 2 1 87
2 1 3 25 3 2 13
2 1 3 23 4 3 165
2 1 3 21 5 4 190
2 1 3 20 0 10 31
2 1 3 19 6 5 177
2 1 3 18 12 0 28
2 1 3 18 1 11 18
2 1 3 17 7 6 158
2 1 3 16 13 1 6
2 1 3 16 2 12 161
2 1 3 15 8 7 131
2 1 3 14 14 2 61
2 1 3 14 3 13 93
2 1 3 13 9 8 91
2 1 3 12 15 3 183
2 1 3 12 4 14 102
2 1 3 11 10 9 167
2 1 3 10 16 4 92
2 1 3 10 5 15 189
2 1 3 9 11 10 5
2 1 3 9 0 21 135
2 1 3 8 17 5 106
2 1 3 8 6 16 144
2 1 3 7 23 0 135
2 1 3 7 12 11 162
2 1 3 7 1 22 13
2 1 3 6 18 6 193
2 1 3 6 7 17 5
2 1 3 5 24 1 84
2 1 3 5 13 12 106
2 1 3 5 2 23 53
2 1 3 4 19 7 116
2 1 3 4 8 18 46
2 1 3 3 25 2 25
2 1 3 3 14 13 146
2 1 3 3 3 24 138
2 1 3 2 20 8 102
2 1 3 2 9 19 60
2 1 3 1 26 3 161
2 1 3 1 15 14 86
2 1 3 1 4 25 66
2 1 3 0 21 9 184
2 1 3 0 10 20 31
2 1 2 27 0 4 45
2 1 2 25 1 5 141
2 1 2 24 7 0 184
2 1 2 23 2 6 124
2 1 2 22 8 1 171
2 1 2 21 3 7 15
2 1 2 20 9 2 127
2 1 2 19 4 8 135
2 1 2 18 10 3 84
2 1 2 17 5 9 171
2 1 2 16 11 4 38
2 1 2 16 0 15 56
2 1 2 15 6 10 129
2 1 2 14 12 5 75
2 1 2 14 1 16 146
2 1 2 13 18 0 67
2 1 2 13 7 11 185
2 1 2 12 13 6 56
2 1 2 12 2 17 126
2 1 2 11 19 1 51
2 1 2 11 8 12 25
2 1 2 10 14 7 33
2 1 2 10 3 18 176
2 1 2 9 20 2 197
2 1 2 9 9 13 60
2 1 2 8 15 8 111
2 1 2 8 4 19 56
2 1 2 7 21 3 17
2 1 2 7 10 14 141
2 1 2 6 16 9 177
2 1 2 6 5 20 160
2 1 2 5 22 4 68
2 1 2 5 11 15 114
2 1 2 5 0 26 191
2 1 2 4 17 10 119
2 1 2 4 6 21 68
2 1 2 3 23 5 106
2 1 2 3 12 16 101
2 1 2 3 1 27 92
2 1 2 2 29 0 103
2 1 2 2 18 11 63
2 1 2 2 7 22 21
2 1 2 1 24 6 52
2 1 2 1 13 17 192
2 1 2 1 2 28 45
2 1 2 0 30 1 186
2 1 2 0 19 12 87
2 1 2 0 8 23 13
2 1 1 28 3 1 151
2 1 1 26 4 2 174
2 1 1 24 5 3 133
2 1 1 23 0 9 8
2 1 1 22 6 4 23
2 1 1 21 1 10 123
2 1 1 20 7 5 172
2 1 1 19 13 0 193
2 1 1 19 2 11 60
2 1 1 18 8 6 31
2 1 1 17 14 1 104
2 1 1 17 3 12 184
2 1 1 16 9 7 118
2 1 1 15 15 2 60
2 1 1 15 4 13 4
2 1 1 14 10 8 26
2 1 1 13 16 3 40
2 1 1 13 5 14 174
2 1 1 12 11 9 127
2 1 1 12 0 20 108
2 1 1 11 17 4 37
2 1 1 11 6 15 178
2 1 1 10 12 10 190
2 1 1 10 1 21 188
2 1 1 9 18 5 26
2 1 1 9 7 16 58
2 1 1 8 24 0 92
2 1 1 8 13 11 116
2 1 1 8 2 22 128
2 1 1 7 19 6 20
2 1 1 7 8 17 145
2 1 1 6 25 1 176
2 1 1 6 14 12 125
2 1 1 6 3 23 152
2 1 1 5 20 7 182
2 1 1 5 9 18 101
2 1 1 4 26 2 84
2 1 1 4 15 13 120
2 1 1 4 4 24 103
2 1 1 3 21 8 29
2 1 1 3 10 19 180
2 1 1 2 27 3 111
2 1 1 2 16 14 54
2 1 1 2 5 25 154
2 1 1 1 22 9 79
2 1 1 1 11 20 128
2 1 1 1 0 31 146
2 1 1 0 28 4 97
2 1 1 0 17 15 111
2 1 1 0 6 26 28
2 1 0 30 0 3 5
2 1 0 28 1 4 27
2 1 0 26 2 5 71
2 1 0 25 8 0 40
2 1 0 24 3 6 184
2 1 0 23 9 1 120
2 1 0 22 4 7 119
2 1 0 21 10 2 118
2 1 0 20 5 8 79
2 1 0 19 11 3 73
2 1 0 19 0 14 116
2 1 0 18 6 9 163
2 1 0 17 12 4 194
2 1 0 17 1 15 85
2 1 0 16 7 10 132
2 1 0 15 13 5 30
2 1 0 15 2 16 65
2 1 0 14 19 0 49
2 1 0 14 8 11 56
2 1 0 13 14 6 133
2 1 0 13 3 17 102
2 1 0 12 20 1 24
2 1 0 12 9 12 14
2 1 0 11 15 7 101
2 1 0 11 4 18 108
2 1 0 10 21 2 174
2 1 0 10 10 13 74
2 1 0 9 16 8 168
2 1 0 9 5 19 32
2 1 0 8 22 3 106
2 1 0 8 11 14 106
2 1 0 8 0 25 84
2 1 0 7 17 9 14
2 1 0 7 6 20 44
2 1 0 6 23 4 144
2 1 0 6 12 15 158
2 1 0 6 1 26 73
2 1 0 5 18 10 170
2 1 0 5 7 21 114
2 1 0 4 24 5 6
2 1 0 4 13 16 175
2 1 0 4 2 27 195
2 1 0 3 30 0 158
2 1 0 3 19 11 156
2 1 0 3 8 22 142
2 1 0 2 25 6 131
2 1 0 2 14 17 179
2 1 0 2 3 28 183
2 1 0 1 31 1 60
2 1 0 1 20 12 59
2 1 0 1 9 23 90
2 1 0 0 26 7 113
2 1 0 0 15 18 148
2 1 0 0 4 29 186
2 0 33 1 0 0 97
2 0 31 2 1 0 144
2 0 31 0 2 1 42
2 0 30 0 0 4 116
2 0 29 3 2 0 106
2 0 29 1 3 1 7
2 0 28 3 0 3 116
2 0 28 1 1 4 168
2 0 27 4 3 0 168
2 0 27 2 4 1 78
2 0 27 0 5 2 57
2 0 26 6 0 2 73
2 0 26 4 1 3 162
2 0 26 2 2 4 41
2 0 26 0 3 5 194
2 0 25 5 4 0 175
2 0 25 3 5 1 130
2 0 25 2 0 7 134
2 0 25 1 6 2 126
2 0 25 0 1 8 64
2 0 24 9 0 1 154
2 0 24 7 1 2 25
2 0 24 5 2 3 161
2 0 24 3 3 4 196
2 0 24 1 4 5 66
2 0 24 0 10 0 14
2 0 23 6 5 0 150
2 0 23 5 0 6 180
2 0 23 4 6 1 56
2 0 23 3 1 7 118
2 0 23 2 7 2 1
2 0 23 1 2 8 88
2 0 23 0 8 3 176
2 0 22 12 0 0 97
2 0 22 10 1 1 49
2 0 22 8 2 2 59
2 0 22 6 3 3 138
2 0 22 4 4 4 158
2 0 22 2 5 5 29
2 0 22 1 11 0 36
2 0 22 1 0 11 186
2 0 22 0 6 6 37
2 0 21 8 0 5 1
2 0 21 7 6 0 44
2 0 21 6 1 6 162
2 0 21 5 7 1 181
2 0 21 4 2 7 148
2 0 21 3 8 2 50
2 0 21 2 3 8 101
2 0 21 1 9 3 55
2 0 21 0 4 9 142
2 0 20 13 1 0 129
2 0 20 11 2 1 71
2 0 20 9 3 2 29
2 0 20 7 4 3 99
2 0 20 5 5 4 108
2 0 20 4 0 10 158
2 0 20 3 6 5 57
2 0 20 2 12 0 182
2 0 20 2 1 11 148
2 0 20 1 7 6 112
2 0 20 0 13 1 127
2 0 20 0 2 12 94
2 0 19 11 0 4 197
2 0 19 9 1 5 96
2 0 19 8 7 0 51
2 0 19 7 2 6 58
2 0 19 6 8 1 133
2 0 19 5 3 7 109
2 0 19 4 9 2 133
2 0 19 3 4 8 196
2 0 19 2 10 3 70
2 0 19 1 5 9 54
2 0 19 0 11 4 112
2 0 19 0 0 15 47
2 0 18 14 2 0 108
2 0 18 12 3 1 114
2 0 18 10 4 2 10
2 0 18 8 5 3 33
2 0 18 7 0 9 117
2 0 18 6 6 4 36
2 0 18 5 1 10 44
2 0 18 4 7 5 39
2 0 18 3 13 0 121
2 0 18 3 2 11 99
2 0 18 2 8 6 132
2 0 18 1 14 1 143
2 0 18 1 3 12 26
2 0 18 0 9 7 150
2 0 17 14 0 3 137
2 0 17 12 1 4 188
2 0 17 10 2 5 45
2 0 17 9 8 0 145
2 0 17 8 3 6 73
2 0 17 7 9 1 101
2 0 17 6 4 7 67
2 0 17 5 10 2 12
2 0 17 4 5 8 8
2 0 17 3 11 3 89
2 0 17 3 0 14 60
2 0 17 2 6 9 107
2 0 17 1 12 4 172
2 0 17 1 1 15 166
2 0 17 0 7 10 182
2 0 16 15 3 0 153
2 0 16 13 4 1 198
2 0 16 11 5 2 16
2 0 16 10 0 8 19
2 0 16 9 6 3 112
2 0 16 8 1 9 7
2 0 16 7 7 4 119
2 0 16 6 2 10 189
2 0 16 5 8 5 163
2 0 16 4 14 0 27
2 0 16 4 3 11 13
2 0 16 3 9 6 112
2 0 16 2 15 1 118
2 0 16 2 4 12 129
2 0 16 1 10 7 89
2 0 16 0 16 2 65
2 0 16 0 5 13 151
2 0 15 17 0 2 139
2 0 15 15 1 3 10
2 0 15 13 2 4 92
2 0 15 11 3 5 60
2 0 15 10 9 0 180
2 0 15 9 4 6 80
2 0 15 8 10 1 19
2 0 15 7 5 7 36
2 0 15 6 11 2 29
2 0 15 6 0 13 171
2 0 15 5 6 8 155
2 0 15 4 12 3 106
2 0 15 4 1 14 136
2 0 15 3 7 9 85
2 0 15 2 13 4 14
2 0 15 2 2 15 6
2 0 15 1 8 10 157
2 0 15 0 14 5 83
2 0 15 0 3 16 92
2 0 14 16 4 0 81
2 0 14 14 5 1 1
2 0 14 13 0 7 145
2 0 14 12 6 2 112
2 0 14 11 1 8 104
2 0 14 10 7 3 172
2 0 14 9 2 9 99
2 0 14 8 8 4 173
2 0 14 7 3 10 93
2 0 14 6 9 5 159
2 0 14 5 15 0 140
2 0 14 5 4 11 46
2 0 14 4 10 6 30
2 0 14 3 16 1 87
2 0 14 3 5 12 69
2 0 14 2 11 7 178
2 0 14 2 0 18 74
2 0 14 1 17 2 79
2 0 14 1 6 13 46
2 0 14 0 12 8 55
2 0 14 0 1 19 84
2 0 13 20 0 1 24
2 0 13 18 1 2 104
2 0 13 16 2 3 119
2 0 13 14 3 4 170
2 0 13 12 4 5 41
2 0 13 11 10 0 83
2 0 13 10 5 6 23
2 0 13 9 11 1 195
2 0 13 9 0 12 37
2 0 13 8 6 7 185
2 0 13 7 12 2 148
2 0 13 7 1 13 148
2 0 13 6 7 8 195
2 0 13 5 13 3 175
2 0 13 5 2 14 146
2 0 13 4 8 9 6
2 0 13 3 14 4 82
2 0 13 3 3 15 39
2 0 13 2 9 10 40
2 0 13 1 15 5 124
2 0 13 1 4 16 135
2 0 13 0 21 0 24
2 0 13 0 10 11 71
2 0 12 17 5 0 40
2 0 12 16 0 6 149
2 0 12 15 6 1 87
2 0 12 14 1 7 104
2 0 12 13 7 2 102
2 0 12 12 2 8 110
2 0 12 11 8 3 45
2 0 12 10 3 9 111
2 0 12 9 9 4 31
2 0 12 8 4 10 185
2 0 12 7 10 5 66
2 0 12 6 16 0 148
2 0 12 6 5 11 139
2 0 12 5 11 6 93
2 0 12 5 0 17 190
2 0 12 4 17 1 80
2 0 12 4 6 12 68
2 0 12 3 12 7 51
2 0 12 3 1 18 64
2 0 12 2 18 2 87
2 0 12 2 7 13 33
2 0 12 1 13 8 109
2 0 12 1 2 19 159
2 0 12 0 19 3 150
2 0 12 0 8 14 17
2 0 11 23 0 0 117
2 0 11 21 1 1 75
2 0 11 19 2 2 14
2 0 11 17 3 3 27
2 0 11 15 4 4 160
2 0 11 13 5 5 103
2 0 11 12 11 0 49
2 0 11 12 0 11 8
2 0 11 11 6 6 61
2 0 11 10 12 1 143
2 0 11 10 1 12 113
2 0 11 9 7 7 106
2 0 11 8 13 2 47
2 0 11 8 2 13 149
2 0 11 7 8 8 197
2 0 11 6 14 3 41
2 0 11 6 3 14 107
2 0 11 5 9 9 163
2 0 11 4 15 4 60
2 0 11 4 4 15 148
2 0 11 3 10 10 91
2 0 11 2 16 5 197
2 0 11 2 5 16 105
2 0 11 1 22 0 183
2 0 11 1 11 11 95
2 0 11 1 0 22 193
2 0 11 0 17 6 185
2 0 11 0 6 17 98
2 0 10 19 0 5 7
2 0 10 18 6 0 14
2 0 10 17 1 6 168
2 0 10 16 7 1 67
2 0 10 15 2 7 186
2 0 10 14 8 2 107
2 0 10 13 3 8 148
2 0 10 12 9 3 42
2 0 10 11 4 9 139
2 0 10 10 10 4 95
2 0 10 9 5 10 31
2 0 10 8 0 16 65
2 0 10 7 17 0 180
2 0 10 7 6 11 132
2 0 10 6 12 6 102
2 0 10 6 1 17 84
2 0 10 5 18 1 164
2 0 10 5 7 12 74
2 0 10 4 13 7 42
2 0 10 4 2 18 133
2 0 10 3 19 2 148
2 0 10 3 8 13 197
2 0 10 2 14 8 98
2 0 10 2 3 19 132
2 0 10 1 20 3 51
2 0 10 1 9 14 174
2 0 10 0 15 9 4
2 0 10 0 4 20 130
2 0 9 24 1 0 107
2 0 9 22 2 1 82
2 0 9 20 3 2 8
2 0 9 18 4 3 162
2 0 9 16 5 4 173
2 0 9 15 0 10 127
2 0 9 14 6 5 6
2 0 9 13 12 0 166
2 0 9 13 1 11 69
2 0 9 12 7 6 113
2 0 9 11 13 1 164
2 0 9 11 2 12 167
2 0 9 10 8 7 96
2 0 9 9 14 2 95
2 0 9 9 3 13 142
2 0 9 8 9 8 163
2 0 9 7 15 3 6
2 0 9 7 4 14 91
2 0 9 6 10 9 85
2 0 9 5 16 4 119
2 0 9 5 5 15 74
2 0 9 4 11 10 99
2 0 9 4 0 21 128
2 0 9 3 17 5 193
2 0 9 3 6 16 34
2 0 9 2 23 0 18
2 0 9 2 12 11 31
2 0 9 2 1 22 17
2 0 9 1 18 6 39
2 0 9 1 7 17 87
2 0 9 0 24 1 5
2 0 9 0 13 12 92
2 0 9 0 2 23 164
2 0 8 22 0 4 141
2 0 8 20 1 5 58
2 0 8 19 7 0 103
2 0 8 18 2 6 135
2 0 8 17 8 1 2
2 0 8 16 3 7 186
2 0 8 15 9 2 132
2 0 8 14 4 8 146
2 0 8 13 10 3 163
2 0 8 12 5 9 42
2 0 8 11 11 4 24
2 0 8 11 0 15 14
2 0 8 10 6 10 146
2 0 8 9 12 5 161
2 0 8 9 1 16 92
2 0 8 8 18 0 91
2 0 8 8 7 11 8
2 0 8 7 13 6 109
2 0 8 7 2 17 191
2 0 8 6 19 1 117
2 0 8 6 8 12 2
2 0 8 5 14 7 124
2 0 8 4 20 2 73
2 0 8 4 9 13 106
2 0 8 3 15 8 115
2 0 8 3 4 19 95
2 0 8 2 21 3 123
2 0 8 2 10 14 33
2 0 8 1 16 9 131
2 0 8 1 5 20 4
2 0 8 0 22 4 48
2 0 8 0 11 15 44
2 0 8 0 0 26 56
2 0 7 25 2 0 2
2 0 7 23 3 1 52
2 0 7 21 4 2 190
2 0 7 19 5 3 85
2 0 7 18 0 9 49
2 0 7 17 6 4 175
2 0 7 16 1 10 170
2 0 7 15 7 5 116
2 0 7 14 13 0 82
2 0 7 14 2 11 62
2 0 7 13 8 6 13
2 0 7 12 14 1 62
2 0 7 12 3 12 70
2 0 7 11 9 7 28
2 0 7 10 15 2 149
2 0 7 10 4 13 8
2 0 7 9 10 8 116
2 0 7 8 16 3 141
2 0 7 8 5 14 22
2 0 7 7 11 9 4
2 0 7 7 0 20 39
2 0 7 6 17 4 43
2 0 7 6 6 15 159
2 0 7 5 12 10 108
2 0 7 5 1 21 131
2 0 7 4 18 5 119
2 0 7 4 7 16 193
2 0 7 3 24 0 137
2 0 7 3 13 11 131
2 0 7 3 2 22 187
2 0 7 2 19 6 26
2 0 7 2 8 17 117
2 0 7 1 25 1 40
2 0 7 1 14 12 127
2 0 7 1 3 23 46
2 0 7 0 20 7 106
2 0 7 0 9 18 160
2 0 6 25 0 3 95
2 0 6 23 1 4 178
2 0 6 21 2 5 29
2 0 6 20 8 0 171
2 0 6 19 3 6 163
2 0 6 18 9 1 171
2 0 6 17 4 7 130
2 0 6 16 10 2 149
2 0 6 15 5 8 155
2 0 6 14 11 3 71
2 0 6 14 0 14 157
2 0 6 13 6 9 40
2 0 6 12 12 4 125
2 0 6 12 1 15 171
2 0 6 11 7 10 169
2 0 6 10 13 5 16
2 0 6 10 2 16 176
2 0 6 9 19 0 7
2 0 6 9 8 11 29
2 0 6 8 14 6 171
2 0 6 8 3 17 164
2 0 6 7 20 1 134
2 0 6 7 9 12 20
2 0 6 6 15 7 36
2 0 6 6 4 18 17
2 0 6 5 21 2 99
2 0 6 5 10 13 182
2 0 6 4 16 8 191
2 0 6 4 5 19 51
2 0 6 3 22 3 146
2 0 6 3 11 14 170
2 0 6 3 0 25 197
2 0 6 2 17 9 40
2 0 6 2 6 20 67
2 0 6 1 23 4 144
2 0 6 1 12 15 85
2 0 6 1 1 26 144
2 0 6 0 18 10 49
2 0 6 0 7 21 67
2 0 5 26 3 0 112
2 0 5 24 4 1 81
2 0 5 22 5 2 89
2 0 5 21 0 8 98
2 0 5 20 6 3 35
2 0 5 19 1 9 116
2 0 5 18 7 4 85
2 0 5 17 2 10 65
2 0 5 16 8 5 33
2 0 5 15 14 0 115
2 0 5 15 3 11 167
2 0 5 14 9 6 54
2 0 5 13 15 1 77
2 0 5 13 4 12 101
2 0 5 12 10 7 14
2 0 5 11 16 2 102
2 0 5 11 5 13 2
2 0 5 10 11 8 131
2 0 5 10 0 19 10
2 0 5 9 17 3 103
2 0 5 9 6 14 120
2 0 5 8 12 9 36
2 0 5 8 1 20 111
2 0 5 7 18 4 54
2 0 5 7 7 15 176
2 0 5 6 13 10 76
2 0 5 6 2 21 175
2 0 5 5 19 5 173
2 0 5 5 8 16 135
2 0 5 4 25 0 86
2 0 5 4 14 11 20
2 0 5 4 3 22 151
2 0 5 3 20 6 7
2 0 5 3 9 17 44
2 0 5 2 26 1 27
2 0 5 2 15 12 172
2 0 5 2 4 23 41
2 0 5 1 21 7 142
2 0 5 1 10 18 184
2 0 5 0 27 2 63
2 0 5 0 16 13 119
2 0 5 0 5 24 119
2 0 4 28 0 2 57
2 0 4 26 1 3 150
2 0 4 24 2 4 173
2 0 4 22 3 5 118
2 0 4 21 9 0 52
2 0 4 20 4 6 153
2 0 4 19 10 1 59
2 0 4 18 5 7 34
2 0 4 17 11 2 97
2 0 4 17 0 13 38
2 0 4 16 6 8 110
2 0 4 15 12 3 176
2 0 4 15 1 14 98
2 0 4 14 7 9 13
2 0 4 13 13 4 75
2 0 4 13 2 15 102
2 0 4 12 8 10 177
2 0 4 11 14 5 33
2 0 4 11 3 16 126
2 0 4 10 20 0 186
2 0 4 10 9 11 142
2 0 4 9 15 6 178
2 0 4 9 4 17 187
2 0 4 8 21 1 184
2 0 4 8 10 12 151
2 0 4 7 16 7 143
2 0 4 7 5 18 107
2 0 4 6 22 2 144
2 0 4 6 11 13 115
2 0 4 6 0 24 10
2 0 4 5 17 8 139
2 0 4 5 6 19 173
2 0 4 4 23 3 174
2 0 4 4 12 14 87
2 0 4 4 1 25 5
2 0 4 3 18 9 33
2 0 4 3 7 20 168
2 0 4 2 24 4 19
2 0 4 2 13 15 154
2 0 4 2 2 26 15
2 0 4 1 19 10 45
2 0 4 1 8 21 164
2 0 4 0 25 5 40
2 0 4 0 14 16 136
2 0 4 0 3 27 50
2 0 3 27 4 0 110
2 0 3 25 5 1 54
2 0 3 24 0 7 79
2 0 3 23 6 2 71
2 0 3 22 1 8 101
2 0 3 21 7 3 173
2 0 3 20 2 9 196
2 0 3 19 8 4 39
2 0 3 18 3 10 61
2 0 3 17 9 5 75
2 0 3 16 15 0 156
2 0 3 16 4 11 58
2 0 3 15 10 6 26
2 0 3 14 16 1 173
2 0 3 14 5 12 12
2 0 3 13 11 7 149
2 0 3 13 0 18 128
2 0 3 12 17 2 186
2 0 3 11 12 8 146
2 0 3 11 1 19 81
2 0 3 10 18 3 168
2 0 3 10 7 14 80
2 0 3 9 13 9 58
2 0 3 9 2 20 115
2 0 3 8 19 4 33
2 0 3 8 8 15 140
2 0 3 7 14 10 20
2 0 3 7 3 21 121
2 0 3 6 20 5 108
2 0 3 6 9 16 124
2 0 3 5 26 0 29
2 0 3 5 15 11 68
2 0 3 5 4 22 121
2 0 3 4 21 6 147
2 0 3 4 10 17 51
2 0 3 3 27 1 136
2 0 3 3 16 12 109
2 0 3 3 5 23 160
2 0 3 2 22 7 68
2 0 3 2 11 18 196
2 0 3 2 0 29 4
2 0 3 1 28 2 51
2 0 3 1 17 13 53
2 0 3 1 6 24 130
2 0 3 0 23 8 84
2 0 3 0 12 19 80
2 0 3 0 1 30 125
2 0 2 31 0 1 139
2 0 2 29 1 2 95
2 0 2 27 2 3 65
2 0 2 25 3 4 136
2 0 2 23 4 5 37
2 0 2 22 10 0 10
2 0 2 21 5 6 106
2 0 2 20 11 1 134
2 0 2 20 0 12 189
2 0 2 19 6 7 148
2 0 2 18 12 2 186
2 0 2 18 1 13 25
2 0 2 17 7 8 82
2 0 2 16 13 3 169
2 0 2 16 2 14 156
2 0 2 15 8 9 68
2 0 2 14 14 4 140
2 0 2 14 3 15 32
2 0 2 13 9 10 114
2 0 2 12 15 5 47
2 0 2 12 4 16 180
2 0 2 11 21 0 191
2 0 2 11 10 11 95
2 0 2 10 16 6 154
2 0 2 10 5 17 194
2 0 2 9 22 1 119
2 0 2 9 11 12 188
2 0 2 9 0 23 31
2 0 2 8 17 7 23
2 0 2 8 6 18 35
2 0 2 7 23 2 2
2 0 2 7 12 13 21
2 0 2 7 1 24 22
2 0 2 6 18 8 60
2 0 2 6 7 19 133
2 0 2 5 24 3 95
2 0 2 5 13 14 122
2 0 2 5 2 25 144
2 0 2 4 19 9 73
2 0 2 4 8 20 75
2 0 2 3 25 4 86
2 0 2 3 14 15 87
2 0 2 3 3 26 154
2 0 2 2 20 10 54
2 0 2 2 9 21 131
2 0 2 1 26 5 52
2 0 2 1 15 16 195
2 0 2 1 4 27 7
2 0 2 0 32 0 91
2 0 2 0 21 11 93
2 0 2 0 10 22 179
2 0 1 28 5 0 149
2 0 1 27 0 6 109
2 0 1 26 6 1 192
2 0 1 25 1 7 44
2 0 1 24 7 2 94
2 0 1 23 2 8 45
2 0 1 22 8 3 134
2 0 1 21 3 9 81
2 0 1 20 9 4 186
2 0 1 19 4 10 66
2 0 1 18 10 5 44
2 0 1 17 16 0 148
2 0 1 17 5 11 67
2 0 1 16 11 6 152
2 0 1 16 0 17 148
2 0 1 15 17 1 180
2 0 1 15 6 12 72
2 0 1 14 12 7 181
2 0 1 14 1 18 183
2 0 1 13 18 2 100
2 0 1 13 7 13 68
2 0 1 12 13 8 70
2 0 1 12 2 19 7
2 0 1 11 19 3 171
2 0 1 11 8 14 41
2 0 1 10 14 9 186
2 0 1 10 3 20 55
2 0 1 9 20 4 179
2 0 1 9 9 15 197
2 0 1 8 15 10 103
2 0 1 8 4 21 121
2 0 1 7 21 5 4
2 0 1 7 10 16 33
2 0 1 6 27 0 71
2 0 1 6 16 11 171
2 0 1 6 5 22 137
2 0 1 5 22 6 54
2 0 1 5 11 17 162
2 0 1 5 0 28 67
2 0 1 4 28 1 151
2 0 1 4 17 12 119
2 0 1 4 6 23 27
2 0 1 3 23 7 193
2 0 1 3 12 18 135
2 0 1 3 1 29 63
2 0 1 2 29 2 6
2 0 1 2 18 13 110
2 0 1 2 7 24 107
2 0 1 1 24 8 195
2 0 1 1 13 19 39
2 0 1 1 2 30 97
2 0 1 0 30 3 163
2 0 1 0 19 14 58
2 0 1 0 8 25 53
2 0 0 34 0 0 97
2 0 0 32 1 1 179
2 0 0 30 2 2 21
2 0 0 28 3 3 176
2 0 0 26 4 4 144
2 0 0 24 5 5 115
2 0 0 23 11 0 110
2 0 0 23 0 11 195
2 0 0 22 6 6 132
2 0 0 21 12 1 7
2 0 0 21 1 12 21
2 0 0 20 7 7 104
2 0 0 19 13 2 13
2 0 0 19 2 13 45
2 0 0 18 8 8 192
2 0 0 17 14 3 93
2 0 0 17 3 14 66
2 0 0 16 9 9 182
2 0 0 15 15 4 194
2 0 0 15 4 15 78
2 0 0 14 10 10 184
2 0 0 13 16 5 161
2 0 0 13 5 16 109
2 0 0 12 22 0 49
2 0 0 12 11 11 190
2 0 0 12 0 22 90
2 0 0 11 17 6 150
2 0 0 11 6 17 84
2 0 0 10 23 1 162
2 0 0 10 12 12 147
2 0 0 10 1 23 50
2 0 0 9 18 7 101
2 0 0 9 7 18 3
2 0 0 8 24 2 47
2 0 0 8 13 13 94
2 0 0 8 2 24 109
2 0 0 7 19 8 80
2 0 0 7 8 19 87
2 0 0 6 25 3 130
2 0 0 6 14 14 123
2 0 0 6 3 25 135
2 0 0 5 20 9 63
2 0 0 5 9 20 142
2 0 0 4 26 4 113
2 0 0 4 15 15 78
2 0 0 4 4 26 103
2 0 0 3 21 10 47
2 0 0 3 10 21 94
2 0 0 2 27 5 152
2 0 0 2 16 16 34
2 0 0 2 5 27 92
2 0 0 1 33 0 128
2 0 0 1 22 11 136
2 0 0 1 11 22 82
2 0 0 1 0 33 97
2 0 0 0 28 6 41
2 0 0 0 17 17 65
2 0 0 0 6 28 127
3 33 0 0 1 0 97
3 31 1 1 1 0 146
3 30 2 0 0 2 52
3 30 0 3 0 1 125
3 30 0 1 1 2 97
3 29 4 1 0 0 106
3 29 2 2 1 0 9
3 29 2 0 2 1 172
3 29 1 0 0 4 186
3 29 0 3 2 0 4
3 29 0 1 3 1 63
3 28 3 1 0 2 124
3 28 2 0 4 0 120
3 28 1 4 0 1 42
3 28 1 2 1 2 45
3 28 1 0 2 3 183
3 28 0 1 5 0 67
3 28 0 0 0 6 127
3 27 5 2 0 0 44
3 27 5 0 1 1 52
3 27 3 3 1 0 106
3 27 3 1 2 1 120
3 27 2 1 0 4 63
3 27 1 4 2 0 4
3 27 1 2 3 1 92
3 27 1 0 4 2 195
3 27 0 4 0 3 50
3 27 0 2 1 4 7
3 27 0 0 2 5 92
3 26 5 0 3 0 119
3 26 4 2 0 2 101
3 26 4 0 1 3 180
3 26 3 1 4 0 36
3 26 2 5 0 1 127
3 26 2 3 1 2 181
3 26 2 1 2 3 150
3 26 1 2 5 0 191
3 26 1 1 0 6 28
3 26 1 0 6 1 73
3 26 0 8 0 0 56
3 26 0 6 1 1 144
3 26 0 4 2 2 15
3 26 0 2 3 3 154
3 26 0 0 4 4 103
3 25 8 0 0 1 48
3 25 6 3 0 0 91
3 25 6 1 1 1 134
3 25 4 4 1 0 63
3 25 4 2 2 1 153
3 25 4 0 3 2 179
3 25 3 2 0 4 2
3 25 3 0 1 5 194
3 25 2 5 2 0 96
3 25 2 3 3 1 148
3 25 2 1 4 2 86
3 25 1 5 0 3 74
3 25 1 3 1 4 66
3 25 1 1 2 5 154
3 25 1 0 8 0 84
3 25 0 6 3 0 197
3 25 0 4 4 1 5
3 25 0 2 5 2 144
3 25 0 1 0 8 53
3 25 0 0 6 3 135
3 24 8 0 2 0 50
3 24 7 0 0 3 145
3 24 6 1 3 0 138
3 24 5 3 0 2 94
3 24 5 1 1 3 105
3 24 4 2 4 0 4
3 24 4 0 5 1 171
3 24 3 6 0 1 160
3 24 3 4 1 2 183
3 24 3 2 2 3 152
3 24 3 0 3 4 31
3 24 2 3 5 0 142
3 24 2 2 0 6 83
3 24 2 0 1 7 75
3 24 1 9 0 0 106
3 24 1 7 1 1 104
3 24 1 5 2 2 112
3 24 1 3 3 3 138
3 24 1 1 4 4 103
3 24 0 5 0 5 119
3 24 0 4 6 0 10
3 24 0 3 1 6 130
3 24 0 2 7 1 22
3 24 0 1 2 7 107
3 24 0 0 8 2 109
3 23 9 1 0 1 9
3 23 7 4 0 0 37
3 23 7 2 1 1 122
3 23 7 0 2 2 35
3 23 6 0 0 5 159
3 23 5 5 1 0 77
3 23 5 3 2 1 171
3 23 5 1 3 2 106
3 23 4 3 0 4 148
3 23 4 1 1 5 146
3 23 4 0 7 0 136
3 23 3 6 2 0 154
3 23 3 4 3 1 91
3 23 3 2 4 2 139
3 23 3 0 5 3 122
3 23 2 6 0 3 121
3 23 2 4 1 4 89
3 23 2 2 2 5 182
3 23 2 1 8 0 5
3 23 2 0 3 6 57
3 23 1 7 3 0 166
3 23 1 5 4 1 188
3 23 1 3 5 2 53
3 23 1 2 0 8 13
3 23 1 1 6 3 152
3 23 1 0 1 9 90
3 23 0 9 0 2 164
3 23 0 7 1 3 46
3 23 0 5 2 4 41
3 23 0 3 3 5 160
3 23 0 2 9 0 31
3 23 0 1 4 6 27
3 23 0 0 10 1 50
3 22 11 0 1 0 180
3 22 9 1 2 0 25
3 22 8 1 0 3 125
3 22 7 2 3 0 190
3 22 7 0 4 1 25
3 22 6 4 0 2 163
3 22 6 2 1 3 75
3 22 6 0 2 4 22
3 22 5 3 4 0 193
3 22 5 1 5 1 143
3 22 5 0 0 7 63
3 22 4 7 0 1 84
3 22 4 5 1 2 76
3 22 4 3 2 3 20
3 22 4 1 3 4 66
3 22 3 4 5 0 152
3 22 3 3 0 6 110
3 22 3 2 6 1 39
3 22 3 1 1 7 79
3 22 3 0 7 2 190
3 22 2 10 0 0 87
3 22 2 8 1 1 67
3 22 2 6 2 2 74
3 22 2 4 3 3 186
3 22 2 2 4 4 159
3 22 2 0 5 5 153
3 22 1 6 0 5 161
3 22 1 5 6 0 179
3 22 1 4 1 6 127
3 22 1 3 7 1 13
3 22 1 2 2 7 21
3 22 1 1 8 2 128
3 22 1 0 3 8 142
3 22 0 11 1 0 193
3 22 0 9 2 1 17
3 22 0 7 3 2 187
3 22 0 5 4 3 151
3 22 0 3 5 4 121
3 22 0 2 0 10 179
3 22 0 1 6 5 137
3 22 0 0 12 0 90
3 22 0 0 1 11 82
3 21 10 2 0 1 106
3 21 10 0 1 2 135
3 21 8 5 0 0 58
3 21 8 3 1 1 15
3 21 8 1 2 2 163
3 21 7 1 0 5 61
3 21 7 0 6 0 22
3 21 6 6 1 0 41
3 21 6 4 2 1 178
3 21 6 2 3 2 47
3 21 6 0 4 3 181
3 21 5 4 0 4 36
3 21 5 2 1 5 14
3 21 5 1 7 0 70
3 21 5 0 2 6 181
3 21 4 7 2 0 142
3 21 4 5 3 1 95
3 21 4 3 4 2 177
3 21 4 1 5 3 163
3 21 4 0 0 9 57
3 21 3 7 0 3 63
3 21 3 5 1 4 36
3 21 3 3 2 5 33
3 21 3 2 8 0 147
3 21 3 1 3 6 135
3 21 3 0 9 1 103
3 21 2 8 3 0 66
3 21 2 6 4 1 178
3 21 2 4 5 2 89
3 21 2 3 0 8 58
3 21 2 2 6 3 26
3 21 2 1 1 9 155
3 21 2 0 7 4 184
3 21 1 10 0 2 171
3 21 1 8 1 3 36
3 21 1 6 2 4 168
3 21 1 4 3 5 43
3 21 1 3 9 0 135
3 21 1 2 4 6 68
3 21 1 1 10 1 188
3 21 1 0 5 7 114
3 21 0 9 4 0 128
3 21 0 7 5 1 131
3 21 0 6 0 7 67
3 21 0 5 6 2 175
3 21 0 4 1 8 164
3 21 0 3 7 3 121
3 21 0 2 2 9 131
3 21 0 1 8 4 121
3 21 0 0 3 10 94
3 20 14 0 0 0 4
3 20 12 1 1 0 129
3 20 10 2 2 0 106
3 20 10 0 3 1 41
3 20 9 2 0 3 161
3 20 9 0 1 4 175
3 20 8 3 3 0 135
3 20 8 1 4 1 42
3 20 7 5 0 2 47
3 20 7 3 1 3 107
3 20 7 1 2 4 78
3 20 6 4 4 0 46
3 20 6 2 5 1 163
3 20 6 1 0 7 103
3 20 6 0 6 2 125
3 20 5 8 0 1 121
3 20 5 6 1 2 27
3 20 5 4 2 3 107
3 20 5 2 3 4 180
3 20 5 0 4 5 32
3 20 4 5 5 0 166
3 20 4 4 0 6 109
3 20 4 3 6 1 160
3 20 4 2 1 7 120
3 20 4 1 7 2 141
3 20 4 0 2 8 153
3 20 3 11 0 0 85
3 20 3 9 1 1 99
3 20 3 7 2 2 73
3 20 3 5 3 3 91
3 20 3 3 4 4 184
3 20 3 1 5 5 28
3 20 3 0 11 0 50
3 20 3 0 0 11 79
3 20 2 7 0 5 45
3 20 2 6 6 0 110
3 20 2 5 1 6 111
3 20 2 4 7 1 187
3 20 2 3 2 7 123
3 20 2 2 8 2 130
3 20 2 1 3 8 69
3 20 2 0 9 3 175
3 20 1 12 1 0 59
3 20 1 10 2 1 132
3 20 1 8 3 2 146
3 20 1 6 4 3 119
3 20 1 4 5 4 124
3 20 1 3 0 10 31
3 20 1 2 6 5 160
3 20 1 1 12 0 108
3 20 1 1 1 11 128
3 20 1 0 7 6 44
3 20 0 10 0 4 130
3 20 0 8 1 5 4
3 20 0 7 7 0 39
3 20 0 6 2 6 67
3 20 0 5 8 1 111
3 20 0 4 3 7 168
3 20 0 3 9 2 115
3 20 0 2 4 8 75
3 20 0 1 10 3 55
3 20 0 0 5 9 142
3 19 13 0 0 2 84
3 19 11 3 0 1 179
3 19 11 1 1 2 86
3 19 10 0 5 0 119
3 19 9 6 0 0 195
3 19 9 4 1 1 139
3 19 9 2 2 2 9
3 19 9 0 3 3 118
3 19 8 2 0 5 82
3 19 8 1 6 0 105
3 19 8 0 1 6 48
3 19 7 7 1 0 34
3 19 7 5 2 1 71
3 19 7 3 3 2 54
3 19 7 1 4 3 36
3 19 6 5 0 4 165
3 19 6 3 1 5 94
3 19 6 2 7 0 17
3 19 6 1 2 6 132
3 19 6 0 8 1 56
3 19 5 8 2 0 12
3 19 5 6 3 1 156
3 19 5 4 4 2 190
3 19 5 2 5 3 189
3 19 5 1 0 9 151
3 19 5 0 6 4 101
3 19 4 8 0 3 30
3 19 4 6 1 4 156
3 19 4 4 2 5 36
3 19 4 3 8 0 153
3 19 4 2 3 6 173
3 19 4 1 9 1 174
3 19 4 0 4 7 123
3 19 3 9 3 0 180
3 19 3 7 4 1 117
3 19 3 5 5 2 36
3 19 3 4 0 8 141
3 19 3 3 6 3 101
3 19 3 2 1 9 170
3 19 3 1 7 4 83
3 19 3 0 2 10 91
3 19 2 11 0 2 66
3 19 2 9 1 3 49
3 19 2 7 2 4 94
3 19 2 5 3 5 36
3 19 2 4 9 0 77
3 19 2 3 4 6 41
3 19 2 2 10 1 177
3 19 2 1 5 7 94
3 19 2 0 11 2 44
3 19 2 0 0 13 171
3 19 1 10 4 0 91
3 19 1 8 5 1 43
3 19 1 7 0 7 182
3 19 1 6 6 2 101
3 19 1 5 1 8 108
3 19 1 4 7 3 82
3 19 1 3 2 9 60
3 19 1 2 8 4 56
3 19 1 1 3 10 180
3 19 1 0 9 5 32
3 19 0 14 0 1 84
3 19 0 12 1 2 159
3 19 0 10 2 3 132
3 19 0 8 3 4 95
3 19 0 6 4 5 51
3 19 0 5 10 0 10
3 19 0 4 5 6 173
3 19 0 3 11 1 81
3 19 0 3 0 12 80
3 19 0 2 6 7 133
3 19 0 1 12 2 7
3 19 0 1 1 13 39
3 19 0 0 7 8 87
3 18 15 1 0 0 97
3 18 13 2 1 0 94
3 18 13 0 2 1 182
3 18 12 0 0 4 91
3 18 11 3 2 0 152
3 18 11 1 3 1 177
3 18 10 3 0 3 167
3 18 10 1 1 4 198
3 18 9 4 3 0 152
3 18 9 2 4 1 72
3 18 9 0 5 2 52
3 18 8 6 0 2 2
3 18 8 4 1 3 56
3 18 8 2 2 4 146
3 18 8 0 3 5 65
3 18 7 5 4 0 140
3 18 7 3 5 1 85
3 18 7 2 0 7 187
3 18 7 1 6 2 41
3 18 7 0 1 8 19
3 18 6 9 0 1 19
3 18 6 7 1 2 65
3 18 6 5 2 3 43
3 18 6 3 3 4 127
3 18 6 1 4 5 13
3 18 6 0 10 0 52
3 18 5 6 5 0 65
3 18 5 5 0 6 157
3 18 5 4 6 1 3
3 18 5 3 1 7 75
3 18 5 2 7 2 16
3 18 5 1 2 8 118
3 18 5 0 8 3 98
3 18 4 12 0 0 152
3 18 4 10 1 1 49
3 18 4 8 2 2 124
3 18 4 6 3 3 84
3 18 4 4 4 4 17
3 18 4 2 5 5 111
3 18 4 1 11 0 138
3 18 4 1 0 11 84
3 18 4 0 6 6 177
3 18 3 8 0 5 159
3 18 3 7 6 0 173
3 18 3 6 1 6 20
3 18 3 5 7 1 105
3 18 3 4 2 7 5
3 18 3 3 8 2 54
3 18 3 2 3 8 185
3 18 3 1 9 3 35
3 18 3 0 4 9 138
3 18 2 13 1 0 184
3 18 2 11 2 1 7
3 18 2 9 3 2 185
3 18 2 7 4 3 102
3 18 2 5 5 4 164
3 18 2 4 0 10 56
3 18 2 3 6 5 39
3 18 2 2 12 0 17
3 18 2 2 1 11 86
3 18 2 1 7 6 55
3 18 2 0 13 1 58
3 18 2 0 2 12 92
3 18 1 11 0 4 171
3 18 1 9 1 5 195
3 18 1 8 7 0 171
3 18 1 7 2 6 99
3 18 1 6 8 1 73
3 18 1 5 3 7 171
3 18 1 4 9 2 61
3 18 1 3 4 8 46
3 18 1 2 10 3 176
3 18 1 1 5 9 101
3 18 1 0 11 4 108
3 18 1 0 0 15 148
3 18 0 14 2 0 74
3 18 0 12 3 1 64
3 18 0 10 4 2 133
3 18 0 7 0 9 160
3 18 0 6 6 4 17
3 18 0 5 1 10 184
3 18 0 4 7 5 107
3 18 0 3 13 0 128
3 18 0 3 2 11 196
3 18 0 2 8 6 35
3 18 0 1 14 1 183
3 18 0 1 3 12 135
3 18 0 0 9 7 3
3 17 14 1 0 2 68
3 17 13 0 4 0 172
3 17 12 4 0 1 78
3 17 12 2 1 2 54
3 17 12 0 2 3 58
3 17 11 1 5 0 20
3 17 11 0 0 6 120
3 17 10 7 0 0 71
3 17 10 5 1 1 66
3 17 10 3 2 2 140
3 17 10 1 3 3 126
3 17 9 3 0 5 178
3 17 9 2 6 0 94
3 17 9 1 1 6 58
3 17 9 0 7 1 73
3 17 8 8 1 0 5
3 17 8 6 2 1 101
3 17 8 4 3 2 44
3 17 8 2 4 3 100
3 17 8 0 5 4 26
3 17 7 6 0 4 47
3 17 7 4 1 5 11
3 17 7 3 7 0 60
3 17 7 2 2 6 195
3 17 7 1 8 1 143
3 17 7 0 3 7 81
3 17 6 9 2 0 11
3 17 6 7 3 1 85
3 17 6 5 4 2 46
3 17 6 3 5 3 62
3 17 6 2 0 9 106
3 17 6 1 6 4 122
3 17 6 0 1 10 106
3 17 5 9 0 3 155
3 17 5 7 1 4 119
3 17 5 5 2 5 64
3 17 5 4 8 0 49
3 17 5 3 3 6 155
3 17 5 2 9 1 168
3 17 5 1 4 7 9
3 17 5 0 10 2 133
3 17 4 10 3 0 42
3 17 4 8 4 1 85
3 17 4 6 5 2 37
3 17 4 5 0 8 32
3 17 4 4 6 3 102
3 17 4 3 1 9 36
3 17 4 2 7 4 110
3 17 4 1 2 10 190
3 17 4 0 8 5 184
3 17 3 12 0 2 112
3 17 3 10 1 3 123
3 17 3 8 2 4 185
3 17 3 6 3 5 59
3 17 3 5 9 0 183
3 17 3 4 4 6 139
3 17 3 3 10 1 11
3 17 3 2 5 7 156
3 17 3 1 11 2 65
3 17 3 1 0 13 111
3 17 3 0 6 8 8
3 17 2 11 4 0 142
3 17 2 9 5 1 107
3 17 2 8 0 7 61
3 17 2 7 6 2 117
3 17 2 6 1 8 13
3 17 2 5 7 3 123
3 17 2 4 2 9 98
3 17 2 3 8 4 179
3 17 2 2 3 10 184
3 17 2 1 9 5 140
3 17 2 0 15 0 70
3 17 2 0 4 11 190
3 17 1 15 0 1 63
3 17 1 13 1 2 166
3 17 1 11 2 3 14
3 17 1 9 3 4 104
3 17 1 7 4 5 104
3 17 1 6 10 0 38
3 17 1 5 5 6 115
3 17 1 4 11 1 8
3 17 1 4 0 12 7
3 17 1 3 6 7 5
3 17 1 2 12 2 126
3 17 1 2 1 13 192
3 17 1 1 7 8 145
3 17 1 0 13 3 102
3 17 1 0 2 14 179
3 17 0 12 5 0 190
3 17 0 11 0 6 98
3 17 0 10 6 1 84
3 17 0 9 1 7 87
3 17 0 8 7 2 191
3 17 0 7 2 8 117
3 17 0 6 8 3 164
3 17 0 5 3 9 44
3 17 0 4 9 4 187
3 17 0 3 4 10 51
3 17 0 2 10 5 194
3 17 0 1 16 0 148
3 17 0 1 5 11 162
3 17 0 0 11 6 84
3 17 0 0 0 17 65
3 16 16 2 0 0 121
3 16 16 0 1 1 190
3 16 14 3 1 0 38
3 16 14 1 2 1 28
3 16 13 1 0 4 101
3 16 12 4 2 0 28
3 16 12 2 3 1 43
3 16 12 0 4 2 156
3 16 11 4 0 3 81
3 16 11 2 1 4 94
3 16 11 0 2 5 99
3 16 10 5 3 0 62
3 16 10 3 4 1 103
3 16 10 1 5 2 23
3 16 10 0 0 8 163
3 16 9 7 0 2 67
3 16 9 5 1 3 58
3 16 9 3 2 4 135
3 16 9 1 3 5 111
3 16 9 0 9 0 185
3 16 8 6 4 0 23
3 16 8 4 5 1 63
3 16 8 3 0 7 79
3 16 8 2 6 2 12
3 16 8 1 1 8 104
3 16 8 0 7 3 76
3 16 7 10 0 1 56
3 16 7 8 1 2 96
3 16 7 6 2 3 128
3 16 7 4 3 4 171
3 16 7 2 4 5 195
3 16 7 1 10 0 41
3 16 7 0 5 6 64
3 16 6 7 5 0 128
3 16 6 6 0 6 9
3 16 6 5 6 1 78
3 16 6 4 1 7 104
3 16 6 3 7 2 138
3 16 6 2 2 8 114
3 16 6 1 8 3 172
3 16 6 0 3 9 159
3 16 5 13 0 0 9
3 16 5 11 1 1 4
3 16 5 9 2 2 141
3 16 5 7 3 3 198
3 16 5 5 4 4 189
3 16 5 3 5 5 29
3 16 5 2 11 0 15
3 16 5 2 0 11 69
3 16 5 1 6 6 46
3 16 5 0 12 1 147
3 16 5 0 1 12 84
3 16 4 9 0 5 148
3 16 4 8 6 0 75
3 16 4 7 1 6 8
3 16 4 6 7 1 3
3 16 4 5 2 7 77
3 16 4 4 8 2 29
3 16 4 3 3 8 57
3 16 4 2 9 3 133
3 16 4 1 4 9 14
3 16 4 0 10 4 128
3 16 3 14 1 0 193
3 16 3 12 2 1 146
3 16 3 10 3 2 31
3 16 3 8 4 3 111
3 16 3 6 5 4 193
3 16 3 5 0 10 141
3 16 3 4 6 5 117
3 16 3 3 12 0 133
3 16 3 3 1 11 34
3 16 3 2 7 6 82
3 16 3 1 2 12 1
3 16 3 0 8 7 3
3 16 2 12 0 4 24
3 16 2 10 1 5 24
3 16 2 9 7 0 156
3 16 2 8 2 6 162
3 16 2 7 8 1 129
3 16 2 6 3 7 94
3 16 2 5 9 2 119
3 16 2 4 4 8 38
3 16 2 3 10 3 180
3 16 2 2 5 9 118
3 16 2 1 11 4 98
3 16 2 1 0 15 40
3 16 2 0 6 10 154
3 16 1 15 2 0 113
3 16 1 13 3 1 63
3 16 1 11 4 2 154
3 16 1 9 5 3 39
3 16 1 8 0 9 32
3 16 1 7 6 4 113
3 16 1 6 1 10 153
3 16 1 5 7 5 161
3 16 1 4 13 0 122
3 16 1 4 2 11 16
3 16 1 3 8 6 144
3 16 1 2 14 1 146
3 16 1 2 3 12 101
3 16 1 1 9 7 58
3 16 1 0 15 2 65
3 16 1 0 4 13 175
3 16 0 15 0 3 92
3 16 0 13 1 4 135
3 16 0 11 2 5 105
3 16 0 10 8 0 65
3 16 0 9 3 6 34
3 16 0 8 9 1 92
3 16 0 7 4 7 193
3 16 0 6 10 2 176
3 16 0 5 5 8 135
3 16 0 4 11 3 126
3 16 0 4 0 14 136
3 16 0 3 6 9 124
3 16 0 2 12 4 180
3 16 0 2 1 15 195
3 16 0 1 7 10 33
3 16 0 0 13 5 109
3 16 0 0 2 16 34
3 15 16 0 3 0 103
3 15 15 2 0 2 97
3 15 15 0 1 3 139
3 15 14 1 4 0 181
3 15 13 5 0 1 53
3 15 13 3 1 2 56
3 15 13 1 2 3 70
3 15 12 2 5 0 64
3 15 12 1 0 6 180
3 15 12 0 6 1 52
3 15 11 8 0 0 126
3 15 11 6 1 1 184
3 15 11 4 2 2 65
3 15 11 2 3 3 46
3 15 11 0 4 4 125
3 15 10 4 0 5 57
3 15 10 3 6 0 185
3 15 10 2 1 6 163
3 15 10 1 7 1 29
3 15 10 0 2 7 23
3 15 9 9 1 0 112
3 15 9 7 2 1 156
3 15 9 5 3 2 26
3 15 9 3 4 3 166
3 15 9 1 5 4 60
3 15 9 0 0 10 68
3 15 8 7 0 4 83
3 15 8 5 1 5 18
3 15 8 4 7 0 138
3 15 8 3 2 6 87
3 15 8 2 8 1 154
3 15 8 1 3 7 117
3 15 8 0 9 2 76
3 15 7 10 2 0 180
3 15 7 8 3 1 184
3 15 7 6 4 2 77
3 15 7 4 5 3 125
3 15 7 3 0 9 80
3 15 7 2 6 4 106
3 15 7 1 1 10 145
3 15 7 0 7 5 45
3 15 6 10 0 3 27
3 15 6 8 1 4 143
3 15 6 6 2 5 189
3 15 6 5 8 0 52
3 15 6 4 3 6 155
3 15 6 3 9 1 45
3 15 6 2 4 7 190
3 15 6 1 10 2 126
3 15 6 0 5 8 196
3 15 5 11 3 0 179
3 15 5 9 4 1 44
3 15 5 7 5 2 122
3 15 5 6 0 8 129
3 15 5 5 6 3 97
3 15 5 4 1 9 77
3 15 5 3 7 4 163
3 15 5 2 2 10 127
3 15 5 1 8 5 139
3 15 5 0 14 0 17
3 15 5 0 3 11 1
3 15 4 13 0 2 124
3 15 4 11 1 3 6
3 15 4 9 2 4 113
3 15 4 7 3 5 120
3 15 4 6 9 0 16
3 15 4 5 4 6 190
3 15 4 4 10 1 117
3 15 4 3 5 7 8
3 15 4 2 11 2 177
3 15 4 2 0 13 189
3 15 4 1 6 8 72
3 15 4 0 12 3 138
3 15 4 0 1 14 96
3 15 3 12 4 0 198
3 15 3 10 5 1 70
3 15 3 9 0 7 69
3 15 3 8 6 2 168
3 15 3 7 1 8 136
3 15 3 6 7 3 180
3 15 3 5 2 9 55
3 15 3 4 8 4 6
3 15 3 3 3 10 12
3 15 3 2 9 5 28
3 15 3 1 15 0 117
3 15 3 1 4 11 80
3 15 3 0 10 6 70
3 15 2 16 0 1 87
3 15 2 14 1 2 87
3 15 2 12 2 3 107
3 15 2 10 3 4 87
3 15 2 8 4 5 149
3 15 2 7 10 0 101
3 15 2 6 5 6 171
3 15 2 5 11 1 181
3 15 2 5 0 12 37
3 15 2 4 6 7 144
3 15 2 3 12 2 191
3 15 2 3 1 13 103
3 15 2 1 13 3 108
3 15 2 1 2 14 137
3 15 2 0 8 9 25
3 15 1 13 5 0 101
3 15 1 12 0 6 1
3 15 1 11 6 1 80
3 15 1 10 1 7 159
3 15 1 9 7 2 12
3 15 1 8 2 8 77
3 15 1 7 8 3 102
3 15 1 6 3 9 122
3 15 1 5 9 4 3
3 15 1 4 4 10 114
3 15 1 3 10 5 189
3 15 1 2 16 0 56
3 15 1 2 5 11 114
3 15 1 1 11 6 178
3 15 1 1 0 17 111
3 15 1 0 17 1 85
3 15 1 0 6 12 158
3 15 0 19 0 0 47
3 15 0 17 1 1 166
3 15 0 15 2 2 6
3 15 0 13 3 3 39
3 15 0 11 4 4 148
3 15 0 9 5 5 74
3 15 0 8 11 0 14
3 15 0 8 0 11 44
3 15 0 7 6 6 159
3 15 0 6 12 1 171
3 15 0 6 1 12 85
3 15 0 5 7 7 176
3 15 0 4 13 2 102
3 15 0 4 2 13 154
3 15 0 3 8 8 140
3 15 0 2 14 3 32
3 15 0 2 3 14 87
3 15 0 1 9 9 197
3 15 0 0 15 4 78
3 15 0 0 4 15 78
3 14 19 0 0 1 165
3 14 17 3 0 0 147
3 14 17 1 1 1 44
3 14 15 4 1 0 109
3 14 15 2 2 1 95
3 14 15 0 3 2 144
3 14 14 2 0 4 125
3 14 14 0 1 5 187
3 14 13 5 2 0 195
3 14 13 3 3 1 19
3 14 13 1 4 2 142
3 14 12 5 0 3 187
3 14 12 3 1 4 195
3 14 12 1 2 5 58
3 14 12 0 8 0 20
3 14 11 6 3 0 101
3 14 11 4 4 1 24
3 14 11 2 5 2 178
3 14 11 1 0 8 130
3 14 11 0 6 3 141
3 14 10 8 0 2 77
3 14 10 6 1 3 1
3 14 10 4 2 4 15
3 14 10 2 3 5 181
3 14 10 1 9 0 13
3 14 10 0 4 6 110
3 14 9 7 4 0 145
3 14 9 5 5 1 56
3 14 9 4 0 7 171
3 14 9 3 6 2 9
3 14 9 2 1 8 71
3 14 9 1 7 3 107
3 14 9 0 2 9 82
3 14 8 11 0 1 153
3 14 8 9 1 2 147
3 14 8 7 2 3 147
3 14 8 5 3 4 16
3 14 8 3 4 5 72
3 14 8 2 10 0 70
3 14 8 1 5 6 58
3 14 8 0 11 1 131
3 14 8 0 0 12 145
3 14 7 8 5 0 3
3 14 7 7 0 6 2
3 14 7 6 6 1 110
3 14 7 5 1 7 72
3 14 7 4 7 2 60
3 14 7 3 2 8 151
3 14 7 2 8 3 33
3 14 7 1 3 9 148
3 14 7 0 9 4 171
3 14 6 14 0 0 156
3 14 6 12 1 1 151
3 14 6 10 2 2 156
3 14 6 8 3 3 136
3 14 6 6 4 4 25
3 14 6 4 5 5 74
3 14 6 3 11 0 148
3 14 6 3 0 11 195
3 14 6 2 6 6 167
3 14 6 1 12 1 33
3 14 6 1 1 12 39
3 14 6 0 7 7 133
3 14 5 10 0 5 99
3 14 5 9 6 0 28
3 14 5 8 1 6 110
3 14 5 7 7 1 128
3 14 5 6 2 7 143
3 14 5 5 8 2 135
3 14 5 4 3 8 193
3 14 5 3 9 3 71
3 14 5 2 4 9 158
3 14 5 1 10 4 121
3 14 5 0 5 10 58
3 14 4 15 1 0 88
3 14 4 13 2 1 195
3 14 4 11 3 2 158
3 14 4 9 4 3 129
3 14 4 7 5 4 172
3 14 4 6 0 10 22
3 14 4 5 6 5 134
3 14 4 4 12 0 106
3 14 4 4 1 11 29
3 14 4 3 7 6 8
3 14 4 2 13 1 108
3 14 4 2 2 12 76
3 14 4 1 8 7 40
3 14 4 0 14 2 56
3 14 4 0 3 13 25
3 14 3 13 0 4 17
3 14 3 10 7 0 159
3 14 3 9 2 6 125
3 14 3 8 8 1 102
3 14 3 7 3 7 179
3 14 3 6 9 2 127
3 14 3 5 4 8 131
3 14 3 4 10 3 38
3 14 3 3 5 9 9
3 14 3 2 11 4 33
3 14 3 2 0 15 165
3 14 3 1 6 10 37
3 14 3 0 12 5 191
3 14 3 0 1 16 183
3 14 2 16 2 0 180
3 14 2 14 3 1 28
3 14 2 12 4 2 167
3 14 2 10 5 3 81
3 14 2 9 0 9 74
3 14 2 8 6 4 140
3 14 2 7 1 10 149
3 14 2 6 7 5 88
3 14 2 5 13 0 121
3 14 2 5 2 11 74
3 14 2 4 8 6 109
3 14 2 3 14 1 57
3 14 2 3 3 12 163
3 14 2 2 9 7 156
3 14 2 1 15 2 4
3 14 2 1 4 13 140
3 14 2 0 10 8 186
3 14 1 16 0 3 68
3 14 1 14 1 4 172
3 14 1 12 2 5 26
3 14 1 11 8 0 184
3 14 1 10 3 6 56
3 14 1 9 9 1 31
3 14 1 8 4 7 78
3 14 1 7 10 2 144
3 14 1 6 5 8 102
3 14 1 5 11 3 52
3 14 1 5 0 14 114
3 14 1 4 6 9 60
3 14 1 3 12 4 102
3 14 1 3 1 15 86
3 14 1 2 7 10 141
3 14 1 1 13 5 174
3 14 1 1 2 16 54
3 14 1 0 19 0 116
3 14 1 0 8 11 106
3 14 0 17 3 0 60
3 14 0 15 4 1 136
3 14 0 13 5 2 146
3 14 0 12 0 8 17
3 14 0 11 6 3 107
3 14 0 10 1 9 174
3 14 0 9 7 4 91
3 14 0 8 2 10 33
3 14 0 7 8 5 22
3 14 0 6 14 0 157
3 14 0 6 3 11 170
3 14 0 5 9 6 120
3 14 0 4 15 1 98
3 14 0 4 4 12 87
3 14 0 3 10 7 80
3 14 0 2 16 2 156
3 14 0 2 5 13 122
3 14 0 1 11 8 41
3 14 0 1 0 19 58
3 14 0 0 17 3 66
3 14 0 0 6 14 123
3 13 19 0 2 0 84
3 13 18 0 0 3 118
3 13 17 1 3 0 195
3 13 16 3 0 2 190
3 13 16 1 1 3 84
3 13 15 2 4 0 148
3 13 15 0 5 1 40
3 13 14 6 0 1 39
3 13 14 4 1 2 98
3 13 14 2 2 3 198
3 13 14 0 3 4 183
3 13 13 3 5 0 189
3 13 13 2 0 6 70
3 13 13 1 6 1 13
3 13 13 0 1 7 100
3 13 12 9 0 0 2
3 13 12 7 1 1 143
3 13 12 5 2 2 126
3 13 12 3 3 3 124
3 13 12 1 4 4 66
3 13 11 5 0 5 133
3 13 11 4 6 0 48
3 13 11 3 1 6 174
3 13 11 2 7 1 102
3 13 11 1 2 7 101
3 13 11 0 8 2 106
3 13 10 10 1 0 68
3 13 10 8 2 1 170
3 13 10 6 3 2 91
3 13 10 4 4 3 164
3 13 10 2 5 4 82
3 13 10 1 0 10 133
3 13 10 0 6 5 147
3 13 9 8 0 4 33
3 13 9 6 1 5 147
3 13 9 5 7 0 30
3 13 9 4 2 6 33
3 13 9 3 8 1 36
3 13 9 2 3 7 169
3 13 9 1 9 2 56
3 13 9 0 4 8 26
3 13 8 11 2 0 67
3 13 8 9 3 1 181
3 13 8 7 4 2 22
3 13 8 5 5 3 26
3 13 8 4 0 9 41
3 13 8 3 6 4 129
3 13 8 2 1 10 110
3 13 8 1 7 5 56
3 13 8 0 13 0 109
3 13 8 0 2 11 107
3 13 7 11 0 3 23
3 13 7 9 1 4 185
3 13 7 7 2 5 166
3 13 7 6 8 0 134
3 13 7 5 3 6 142
3 13 7 4 9 1 99
3 13 7 3 4 7 38
3 13 7 2 10 2 40
3 13 7 1 5 8 52
3 13 7 0 11 3 97
3 13 7 0 0 14 4
3 13 6 12 3 0 110
3 13 6 10 4 1 148
3 13 6 8 5 2 46
3 13 6 7 0 8 122
3 13 6 6 6 3 185
3 13 6 5 1 9 165
3 13 6 4 7 4 51
3 13 6 3 2 10 21
3 13 6 2 8 5 13
3 13 6 1 14 0 99
3 13 6 1 3 11 169
3 13 6 0 9 6 101
3 13 5 14 0 2 163
3 13 5 12 1 3 126
3 13 5 10 2 4 82
3 13 5 8 3 5 5
3 13 5 7 9 0 163
3 13 5 6 4 6 40
3 13 5 5 10 1 44
3 13 5 4 5 7 47
3 13 5 3 11 2 61
3 13 5 3 0 13 112
3 13 5 2 6 8 156
3 13 5 1 12 3 169
3 13 5 1 1 14 21
3 13 5 0 7 9 50
3 13 4 13 4 0 151
3 13 4 11 5 1 108
3 13 4 10 0 7 89
3 13 4 9 6 2 64
3 13 4 8 1 8 160
3 13 4 7 7 3 171
3 13 4 6 2 9 191
3 13 4 5 8 4 146
3 13 4 4 3 10 114
3 13 4 3 9 5 59
3 13 4 2 15 0 128
3 13 4 2 4 11 160
3 13 4 1 10 6 70
3 13 4 0 16 1 33
3 13 4 0 5 12 63
3 13 3 17 0 1 5
3 13 3 15 1 2 192
3 13 3 13 2 3 18
3 13 3 11 3 4 40
3 13 3 9 4 5 43
3 13 3 8 10 0 96
3 13 3 7 5 6 90
3 13 3 6 11 1 5
3 13 3 6 0 12 181
3 13 3 5 6 7 79
3 13 3 4 12 2 80
3 13 3 4 1 13 144
3 13 3 3 7 8 68
3 13 3 2 13 3 17
3 13 3 2 2 14 96
3 13 3 1 8 9 145
3 13 3 0 14 4 58
3 13 3 0 3 15 83
3 13 2 14 5 0 98
3 13 2 13 0 6 167
3 13 2 12 6 1 140
3 13 2 11 1 7 126
3 13 2 10 7 2 50
3 13 2 9 2 8 25
3 13 2 8 8 3 124
3 13 2 7 3 9 51
3 13 2 6 9 4 23
3 13 2 5 4 10 1
3 13 2 4 10 5 198
3 13 2 3 16 0 51
3 13 2 3 5 11 60
3 13 2 2 11 6 69
3 13 2 2 0 17 79
3 13 2 1 17 1 30
3 13 2 1 6 12 137
3 13 2 0 12 7 67
3 13 2 0 1 18 45
3 13 1 20 0 0 78
3 13 1 18 1 1 162
3 13 1 16 2 2 55
3 13 1 14 3 3 152
3 13 1 12 4 4 198
3 13 1 10 5 5 189
3 13 1 9 11 0 145
3 13 1 9 0 11 22
3 13 1 8 6 6 101
3 13 1 7 1 12 150
3 13 1 6 7 7 34
3 13 1 5 13 2 52
3 13 1 5 2 13 134
3 13 1 4 8 8 75
3 13 1 3 14 3 93
3 13 1 3 3 14 146
3 13 1 2 9 9 60
3 13 1 1 15 4 4
3 13 1 1 4 15 120
3 13 1 0 10 10 74
3 13 0 16 0 5 151
3 13 0 15 6 0 171
3 13 0 14 1 6 46
3 13 0 13 7 1 148
3 13 0 12 2 7 33
3 13 0 11 8 2 149
3 13 0 10 3 8 197
3 13 0 9 9 3 142
3 13 0 8 4 9 106
3 13 0 7 10 4 8
3 13 0 6 5 10 182
3 13 0 5 11 5 2
3 13 0 5 0 16 119
3 13 0 4 17 0 38
3 13 0 4 6 11 115
3 13 0 3 1 17 53
3 13 0 2 18 1 25
3 13 0 2 7 12 21
3 13 0 1 13 7 68
3 13 0 1 2 18 110
3 13 0 0 19 2 45
3 13 0 0 8 13 94
3 12 20 1 0 1 8
3 12 18 4 0 0 23
3 12 18 2 1 1 58
3 12 18 0 2 2 61
3 12 17 0 0 5 9
3 12 16 3 2 1 15
3 12 16 1 3 2 164
3 12 15 3 0 4 44
3 12 15 1 1 5 151
3 12 15 0 7 0 90
3 12 14 6 2 0 136
3 12 14 4 3 1 54
3 12 14 2 4 2 66
3 12 14 0 5 3 48
3 12 13 6 0 3 38
3 12 13 4 1 4 25
3 12 13 2 2 5 44
3 12 13 1 8 0 20
3 12 13 0 3 6 35
3 12 12 7 3 0 90
3 12 12 5 4 1 196
3 12 12 3 5 2 7
3 12 12 2 0 8 151
3 12 12 1 6 3 193
3 12 12 0 1 9 159
3 12 11 9 0 2 35
3 12 11 7 1 3 198
3 12 11 5 2 4 134
3 12 11 3 3 5 69
3 12 11 2 9 0 143
3 12 11 1 4 6 141
3 12 11 0 10 1 159
3 12 10 8 4 0 168
3 12 10 6 5 1 126
3 12 10 5 0 7 104
3 12 10 4 6 2 9
3 12 10 3 1 8 172
3 12 10 2 7 3 19
3 12 10 1 2 9 106
3 12 10 0 8 4 148
3 12 9 12 0 1 143
3 12 9 10 1 2 85
3 12 9 8 2 3 134
3 12 9 6 3 4 101
3 12 9 4 4 5 99
3 12 9 3 10 0 155
3 12 9 2 5 6 147
3 12 9 1 11 1 24
3 12 9 1 0 12 34
3 12 9 0 6 7 103
3 12 8 9 5 0 135
3 12 8 8 0 6 11
3 12 8 7 6 1 118
3 12 8 6 1 7 52
3 12 8 5 7 2 10
3 12 8 4 2 8 108
3 12 8 3 8 3 126
3 12 8 2 3 9 129
3 12 8 1 9 4 141
3 12 8 0 4 10 134
3 12 7 15 0 0 95
3 12 7 13 1 1 96
3 12 7 11 2 2 76
3 12 7 9 3 3 142
3 12 7 7 4 4 19
3 12 7 5 5 5 17
3 12 7 4 11 0 64
3 12 7 4 0 11 41
3 12 7 3 6 6 181
3 12 7 2 12 1 95
3 12 7 2 1 12 148
3 12 7 1 7 7 166
3 12 7 0 13 2 24
3 12 7 0 2 13 41
3 12 6 11 0 5 163
3 12 6 10 6 0 13
3 12 6 9 1 6 88
3 12 6 8 7 1 157
3 12 6 7 2 7 89
3 12 6 6 8 2 53
3 12 6 5 3 8 112
3 12 6 4 9 3 23
3 12 6 3 4 9 4
3 12 6 2 10 4 6
3 12 6 1 5 10 8
3 12 6 0 11 5 187
3 12 6 0 0 16 181
3 12 5 16 1 0 13
3 12 5 14 2 1 9
3 12 5 12 3 2 100
3 12 5 10 4 3 142
3 12 5 8 5 4 78
3 12 5 7 0 10 74
3 12 5 6 6 5 22
3 12 5 5 12 0 96
3 12 5 5 1 11 159
3 12 5 4 7 6 177
3 12 5 3 13 1 150
3 12 5 3 2 12 86
3 12 5 2 8 7 136
3 12 5 1 14 2 155
3 12 5 1 3 13 29
3 12 5 0 9 8 141
3 12 4 14 0 4 5
3 12 4 12 1 5 84
3 12 4 11 7 0 98
3 12 4 10 2 6 82
3 12 4 9 8 1 73
3 12 4 8 3 7 88
3 12 4 7 9 2 152
3 12 4 6 4 8 35
3 12 4 5 10 3 100
3 12 4 4 5 9 189
3 12 4 3 11 4 36
3 12 4 3 0 15 134
3 12 4 2 6 10 50
3 12 4 1 12 5 56
3 12 4 1 1 16 51
3 12 4 0 18 0 76
3 12 4 0 7 11 36
3 12 3 17 2 0 148
3 12 3 15 3 1 152
3 12 3 13 4 2 127
3 12 3 11 5 3 76
3 12 3 10 0 9 194
3 12 3 9 6 4 30
3 12 3 8 1 10 184
3 12 3 7 7 5 28
3 12 3 6 13 0 98
3 12 3 6 2 11 61
3 12 3 5 8 6 86
3 12 3 4 14 1 187
3 12 3 4 3 12 126
3 12 3 3 9 7 34
3 12 3 2 15 2 157
3 12 3 2 4 13 138
3 12 3 1 10 8 118
3 12 3 0 16 3 82
3 12 3 0 5 14 158
3 12 2 17 0 3 73
3 12 2 15 1 4 5
3 12 2 13 2 5 142
3 12 2 12 8 0 107
3 12 2 11 3 6 80
3 12 2 10 9 1 37
3 12 2 9 4 7 83
3 12 2 8 10 2 183
3 12 2 7 5 8 142
3 12 2 6 11 3 96
3 12 2 6 0 14 77
3 12 2 5 6 9 166
3 12 2 4 12 4 106
3 12 2 4 1 15 50
3 12 2 3 7 10 156
3 12 2 2 13 5 5
3 12 2 2 2 16 169
3 12 2 1 19 0 115
3 12 2 1 8 11 18
3 12 2 0 14 6 120
3 12 2 0 3 17 99
3 12 1 18 3 0 164
3 12 1 16 4 1 155
3 12 1 14 5 2 20
3 12 1 13 0 8 45
3 12 1 12 6 3 104
3 12 1 11 1 9 139
3 12 1 10 7 4 166
3 12 1 9 2 10 25
3 12 1 8 8 5 35
3 12 1 7 14 0 127
3 12 1 7 3 11 189
3 12 1 6 9 6 31
3 12 1 5 15 1 102
3 12 1 5 4 12 182
3 12 1 4 10 7 111
3 12 1 3 16 2 161
3 12 1 3 5 13 106
3 12 1 2 11 8 25
3 12 1 2 0 19 87
3 12 1 1 17 3 184
3 12 1 1 6 14 125
3 12 1 0 12 9 14
3 12 1 0 1 20 59
3 12 0 20 0 2 94
3 12 0 18 1 3 26
3 12 0 16 2 4 129
3 12 0 14 3 5 69
3 12 0 13 9 0 37
3 12 0 12 4 6 68
3 12 0 11 10 1 113
3 12 0 10 5 7 74
3 12 0 9 11 2 167
3 12 0 9 0 13 92
3 12 0 8 6 8 2
3 12 0 7 12 3 70
3 12 0 7 1 14 127
3 12 0 6 7 9 20
3 12 0 5 13 4 101
3 12 0 5 2 15 172
3 12 0 4 8 10 151
3 12 0 3 14 5 12
3 12 0 3 3 16 109
3 12 0 2 20 0 189
3 12 0 2 9 11 188
3 12 0 1 15 6 72
3 12 0 1 4 17 119
3 12 0 0 21 1 21
3 12 0 0 10 12 147
3 11 22 0 1 0 129
3 11 20 1 2 0 7
3 11 19 1 0 3 2
3 11 18 2 3 0 91
3 11 18 0 4 1 10
3 11 17 4 0 2 98
3 11 17 2 1 3 117
3 11 17 0 2 4 180
3 11 16 3 4 0 145
3 11 16 1 5 1 123
3 11 16 0 0 7 89
3 11 15 7 0 1 73
3 11 15 5 1 2 46
3 11 15 3 2 3 18
3 11 15 1 3 4 91
3 11 14 4 5 0 105
3 11 14 3 0 6 161
3 11 14 2 6 1 88
3 11 14 1 1 7 156
3 11 14 0 7 2 160
3 11 13 10 0 0 26
3 11 13 8 1 1 178
3 11 13 6 2 2 157
3 11 13 4 3 3 195
3 11 13 2 4 4 3
3 11 13 0 5 5 46
3 11 12 6 0 5 105
3 11 12 5 6 0 123
3 11 12 4 1 6 34
3 11 12 3 7 1 112
3 11 12 2 2 7 75
3 11 12 1 8 2 8
3 11 12 0 3 8 145
3 11 11 11 1 0 95
3 11 11 9 2 1 160
3 11 11 7 3 2 113
3 11 11 5 4 3 189
3 11 11 3 5 4 4
3 11 11 2 0 10 104
3 11 11 1 6 5 58
3 11 11 0 12 0 35
3 11 11 0 1 11 99
3 11 10 9 0 4 126
3 11 10 7 1 5 61
3 11 10 6 7 0 172
3 11 10 5 2 6 13
3 11 10 4 8 1 48
3 11 10 3 3 7 190
3 11 10 2 9 2 130
3 11 10 1 4 8 34
3 11 10 0 10 3 148
3 11 9 12 2 0 149
3 11 9 10 3 1 148
3 11 9 8 4 2 94
3 11 9 6 5 3 73
3 11 9 5 0 9 182
3 11 9 4 6 4 164
3 11 9 3 1 10 25
3 11 9 2 7 5 42
3 11 9 1 13 0 196
3 11 9 1 2 11 161
3 11 9 0 8 6 179
3 11 8 12 0 3 1
3 11 8 10 1 4 118
3 11 8 8 2 5 18
3 11 8 7 8 0 182
3 11 8 6 3 6 197
3 11 8 5 9 1 121
3 11 8 4 4 7 122
3 11 8 3 10 2 18
3 11 8 2 5 8 107
3 11 8 1 11 3 189
3 11 8 1 0 14 86
3 11 8 0 6 9 141
3 11 7 13 3 0 86
3 11 7 11 4 1 155
3 11 7 9 5 2 181
3 11 7 8 0 8 112
3 11 7 7 6 3 183
3 11 7 6 1 9 34
3 11 7 5 7 4 42
3 11 7 4 2 10 90
3 11 7 3 8 5 65
3 11 7 2 14 0 72
3 11 7 2 3 11 131
3 11 7 1 9 6 45
3 11 7 0 15 1 142
3 11 7 0 4 12 40
3 11 6 15 0 2 37
3 11 6 13 1 3 180
3 11 6 11 2 4 82
3 11 6 9 3 5 8
3 11 6 8 9 0 91
3 11 6 7 4 6 29
3 11 6 6 10 1 15
3 11 6 5 5 7 122
3 11 6 4 0 13 95
3 11 6 3 6 8 158
3 11 6 2 12 3 40
3 11 6 2 1 14 76
3 11 6 1 7 9 18
3 11 6 0 13 4 147
3 11 6 0 2 15 172
3 11 5 14 4 0 154
3 11 5 12 5 1 30
3 11 5 11 0 7 100
3 11 5 10 6 2 19
3 11 5 9 1 8 155
3 11 5 8 7 3 196
3 11 5 7 2 9 89
3 11 5 6 8 4 106
3 11 5 5 3 10 38
3 11 5 4 9 5 108
3 11 5 3 15 0 177
3 11 5 3 4 11 63
3 11 5 2 10 6 24
3 11 5 1 16 1 45
3 11 5 1 5 12 135
3 11 5 0 11 7 124
3 11 5 0 0 18 168
3 11 4 18 0 1 27
3 11 4 16 1 2 90
3 11 4 14 2 3 33
3 11 4 12 3 4 55
3 11 4 10 4 5 61
3 11 4 9 10 0 24
3 11 4 8 5 6 23
3 11 4 7 11 1 173
3 11 4 7 0 12 22
3 11 4 6 6 7 32
3 11 4 5 12 2 15
3 11 4 5 1 13 178
3 11 4 4 7 8 41
3 11 4 3 13 3 83
3 11 4 3 2 14 30
3 11 4 2 8 9 72
3 11 4 1 14 4 101
3 11 4 1 3 15 174
3 11 4 0 9 10 196
3 11 3 15 5 0 25
3 11 3 14 0 6 53
3 11 3 13 6 1 135
3 11 3 12 1 7 155
3 11 3 11 7 2 76
3 11 3 10 2 8 115
3 11 3 9 8 3 102
3 11 3 8 3 9 8
3 11 3 7 9 4 105
3 11 3 6 4 10 124
3 11 3 5 10 5 2
3 11 3 4 16 0 42
3 11 3 4 5 11 175
3 11 3 3 11 6 85
3 11 3 3 0 17 24
3 11 3 2 17 1 119
3 11 3 2 6 12 82
3 11 3 1 12 7 163
3 11 3 1 1 18 12
3 11 3 0 18 2 144
3 11 3 0 7 13 62
3 11 2 21 0 0 57
3 11 2 19 1 1 141
3 11 2 17 2 2 93
3 11 2 15 3 3 196
3 11 2 13 4 4 165
3 11 2 11 5 5 74
3 11 2 10 11 0 8
3 11 2 10 0 11 132
3 11 2 9 6 6 89
3 11 2 8 12 1 87
3 11 2 8 1 12 150
3 11 2 7 7 7 108
3 11 2 6 13 2 109
3 11 2 6 2 13 144
3 11 2 5 8 8 144
3 11 2 4 14 3 186
3 11 2 4 3 14 50
3 11 2 3 9 9 154
3 11 2 2 15 4 196
3 11 2 2 4 15 177
3 11 2 1 10 10 181
3 11 2 0 16 5 121
3 11 2 0 5 16 83
3 11 1 17 0 5 169
3 11 1 16 6 0 99
3 11 1 15 1 6 89
3 11 1 14 7 1 138
3 11 1 13 2 7 78
3 11 1 12 8 2 141
3 11 1 11 3 8 20
3 11 1 10 9 3 180
3 11 1 9 4 9 126
3 11 1 8 10 4 191
3 11 1 7 5 10 97
3 11 1 6 11 5 172
3 11 1 6 0 16 133
3 11 1 5 17 0 125
3 11 1 5 6 11 125
3 11 1 4 12 6 78
3 11 1 4 1 17 96
3 11 1 3 18 1 18
3 11 1 3 7 12 162
3 11 1 2 13 7 185
3 11 1 2 2 18 63
3 11 1 1 19 2 60
3 11 1 1 8 13 116
3 11 1 0 14 8 56
3 11 1 0 3 19 156
3 11 0 22 1 0 186
3 11 0 20 2 1 148
3 11 0 18 3 2 99
3 11 0 16 4 3 13
3 11 0 14 5 4 46
3 11 0 13 0 10 71
3 11 0 12 6 5 139
3 11 0 11 12 0 8
3 11 0 11 1 11 95
3 11 0 10 7 6 132
3 11 0 9 13 1 69
3 11 0 9 2 12 31
3 11 0 8 8 7 8
3 11 0 7 14 2 62
3 11 0 7 3 13 131
3 11 0 6 9 8 29
3 11 0 5 15 3 167
3 11 0 5 4 14 20
3 11 0 4 10 9 142
3 11 0 3 16 4 58
3 11 0 3 5 15 68
3 11 0 2 11 10 95
3 11 0 2 0 21 93
3 11 0 1 17 5 67
3 11 0 1 6 16 171
3 11 0 0 23 0 195
3 11 0 0 12 11 190
3 11 0 0 1 22 136
3 10 21 2 0 1 15
3 10 21 0 1 2 187
3 10 19 5 0 0 170
3 10 19 3 1 1 30
3 10 19 1 2 2 42
3 10 18 1 0 5 2
3 10 18 0 6 0 55
3 10 17 6 1 0 156
3 10 17 4 2 1 58
3 10 17 2 3 2 188
3 10 17 0 4 3 168
3 10 16 4 0 4 185
3 10 16 2 1 5 81
3 10 16 1 7 0 100
3 10 16 0 2 6 196
3 10 15 7 2 0 91
3 10 15 5 3 1 25
3 10 15 3 4 2 12
3 10 15 1 5 3 115
3 10 15 0 0 9 43
3 10 14 7 0 3 134
3 10 14 5 1 4 121
3 10 14 3 2 5 23
3 10 14 2 8 0 120
3 10 14 1 3 6 153
3 10 14 0 9 1 136
3 10 13 8 3 0 151
3 10 13 6 4 1 161
3 10 13 4 5 2 104
3 10 13 3 0 8 106
3 10 13 2 6 3 46
3 10 13 1 1 9 180
3 10 13 0 7 4 164
3 10 12 10 0 2 30
3 10 12 8 1 3 164
3 10 12 6 2 4 85
3 10 12 4 3 5 147
3 10 12 3 9 0 105
3 10 12 2 4 6 114
3 10 12 1 10 1 87
3 10 12 0 5 7 139
3 10 11 9 4 0 167
3 10 11 7 5 1 1
3 10 11 6 0 7 8
3 10 11 5 6 2 188
3 10 11 4 1 8 184
3 10 11 3 7 3 122
3 10 11 2 2 9 172
3 10 11 1 8 4 187
3 10 11 0 3 10 14
3 10 10 13 0 1 82
3 10 10 11 1 2 179
3 10 10 9 2 3 172
3 10 10 7 3 4 6
3 10 10 5 4 5 44
3 10 10 4 10 0 138
3 10 10 3 5 6 48
3 10 10 2 11 1 89
3 10 10 2 0 12 178
3 10 10 1 6 7 28
3 10 10 0 12 2 117
3 10 10 0 1 13 150
3 10 9 10 5 0 169
3 10 9 9 0 6 111
3 10 9 8 6 1 40
3 10 9 7 1 7 31
3 10 9 6 7 2 16
3 10 9 5 2 8 71
3 10 9 4 8 3 170
3 10 9 3 3 9 79
3 10 9 2 9 4 111
3 10 9 1 4 10 176
3 10 9 0 10 5 23
3 10 8 16 0 0 119
3 10 8 14 1 1 181
3 10 8 12 2 2 82
3 10 8 10 3 3 16
3 10 8 8 4 4 185
3 10 8 6 5 5 82
3 10 8 5 11 0 94
3 10 8 5 0 11 188
3 10 8 4 6 6 165
3 10 8 3 12 1 65
3 10 8 3 1 12 184
3 10 8 2 7 7 69
3 10 8 1 13 2 57
3 10 8 1 2 13 169
3 10 8 0 8 8 55
3 10 7 12 0 5 30
3 10 7 11 6 0 99
3 10 7 10 1 6 37
3 10 7 9 7 1 119
3 10 7 8 2 7 138
3 10 7 7 8 2 94
3 10 7 6 3 8 113
3 10 7 5 9 3 85
3 10 7 4 4 9 69
3 10 7 3 10 4 131
3 10 7 2 5 10 60
3 10 7 1 11 5 191
3 10 7 1 0 16 128
3 10 7 0 17 0 84
3 10 7 0 6 11 110
3 10 6 17 1 0 3
3 10 6 15 2 1 184
3 10 6 13 3 2 34
3 10 6 11 4 3 172
3 10 6 9 5 4 41
3 10 6 8 0 10 11
3 10 6 7 6 5 111
3 10 6 6 12 0 185
3 10 6 6 1 11 42
3 10 6 5 7 6 66
3 10 6 4 13 1 94
3 10 6 4 2 12 198
3 10 6 3 8 7 67
3 10 6 2 14 2 92
3 10 6 2 3 13 100
3 10 6 1 9 8 149
3 10 6 0 15 3 67
3 10 6 0 4 14 2
3 10 5 15 0 4 198
3 10 5 13 1 5 86
3 10 5 12 7 0 20
3 10 5 11 2 6 150
3 10 5 10 8 1 110
3 10 5 9 3 7 182
3 10 5 8 9 2 89
3 10 5 7 4 8 153
3 10 5 6 10 3 73
3 10 5 5 5 9 106
3 10 5 4 11 4 3
3 10 5 4 0 15 39
3 10 5 3 6 10 73
3 10 5 2 12 5 95
3 10 5 2 1 16 57
3 10 5 1 18 0 57
3 10 5 1 7 11 104
3 10 5 0 13 6 19
3 10 5 0 2 17 1
3 10 4 18 2 0 108
3 10 4 16 3 1 164
3 10 4 14 4 2 119
3 10 4 12 5 3 40
3 10 4 11 0 9 196
3 10 4 10 6 4 197
3 10 4 9 1 10 163
3 10 4 8 7 5 133
3 10 4 7 13 0 172
3 10 4 7 2 11 160
3 10 4 6 8 6 48
3 10 4 5 14 1 10
3 10 4 5 3 12 112
3 10 4 4 9 7 50
3 10 4 3 15 2 7
3 10 4 3 4 13 114
3 10 4 2 10 8 94
3 10 4 1 16 3 117
3 10 4 1 5 14 96
3 10 4 0 11 9 125
3 10 4 0 0 20 182
3 10 3 18 0 3 10
3 10 3 16 1 4 103
3 10 3 14 2 5 6
3 10 3 13 8 0 51
3 10 3 12 3 6 50
3 10 3 11 9 1 137
3 10 3 10 4 7 65
3 10 3 9 10 2 176
3 10 3 8 5 8 26
3 10 3 7 11 3 73
3 10 3 7 0 14 47
3 10 3 6 6 9 77
3 10 3 5 12 4 50
3 10 3 5 1 15 142
3 10 3 4 7 10 186
3 10 3 3 13 5 89
3 10 3 3 2 16 80
3 10 3 2 19 0 28
3 10 3 2 8 11 185
3 10 3 1 14 6 197
3 10 3 1 3 17 133
3 10 3 0 20 1 24
3 10 3 0 9 12 9
3 10 2 19 3 0 149
3 10 2 17 4 1 70
3 10 2 15 5 2 168
3 10 2 14 0 8 156
3 10 2 13 6 3 143
3 10 2 12 1 9 101
3 10 2 11 7 4 88
3 10 2 10 2 10 191
3 10 2 9 8 5 101
3 10 2 8 14 0 40
3 10 2 8 3 11 93
3 10 2 7 9 6 10
3 10 2 6 15 1 81
3 10 2 6 4 12 14
3 10 2 5 10 7 15
3 10 2 4 16 2 103
3 10 2 4 5 13 59
3 10 2 3 11 8 107
3 10 2 3 0 19 184
3 10 2 2 17 3 154
3 10 2 2 6 14 24
3 10 2 1 12 9 28
3 10 2 1 1 20 45
3 10 2 0 18 4 76
3 10 2 0 7 15 132
3 10 1 21 0 2 100
3 10 1 19 1 3 55
3 10 1 17 2 4 81
3 10 1 15 3 5 94
3 10 1 14 9 0 149
3 10 1 13 4 6 135
3 10 1 12 10 1 116
3 10 1 11 5 7 29
3 10 1 10 11 2 93
3 10 1 10 0 13 138
3 10 1 9 6 8 80
3 10 1 8 12 3 87
3 10 1 8 1 14 174
3 10 1 7 7 9 36
3 10 1 6 13 4 11
3 10 1 6 2 15 132
3 10 1 5 8 10 102
3 10 1 4 14 5 122
3 10 1 4 3 16 37
3 10 1 3 20 0 31
3 10 1 3 9 11 5
3 10 1 2 15 6 129
3 10 1 2 4 17 119
3 10 1 1 21 1 123
3 10 1 1 10 12 190
3 10 1 0 16 7 132
3 10 1 0 5 18 170
3 10 0 20 4 0 158
3 10 0 18 5 1 44
3 10 0 17 0 7 182
3 10 0 16 6 2 189
3 10 0 15 1 8 157
3 10 0 14 7 3 93
3 10 0 13 2 9 40
3 10 0 12 8 4 185
3 10 0 11 3 10 91
3 10 0 10 9 5 31
3 10 0 9 15 0 127
3 10 0 9 4 11 99
3 10 0 8 10 6 146
3 10 0 7 16 1 170
3 10 0 7 5 12 108
3 10 0 6 11 7 169
3 10 0 6 0 18 49
3 10 0 5 17 2 65
3 10 0 5 6 13 76
3 10 0 4 12 8 177
3 10 0 4 1 19 45
3 10 0 3 18 3 61
3 10 0 3 7 14 20
3 10 0 2 13 9 114
3 10 0 2 2 20 54
3 10 0 1 19 4 66
3 10 0 1 8 15 103
3 10 0 0 14 10 184
3 10 0 0 3 21 47
3 9 25 0 0 0 184
3 9 23 1 1 0 3
3 9 21 2 2 0 168
3 9 21 0 3 1 179
3 9 20 2 0 3 55
3 9 20 0 1 4 37
3 9 19 3 3 0 42
3 9 19 1 4 1 84
3 9 18 5 0 2 94
3 9 18 3 1 3 49
3 9 18 1 2 4 138
3 9 17 4 4 0 155
3 9 17 2 5 1 101
3 9 17 1 0 7 166
3 9 17 0 6 2 70
3 9 16 8 0 1 66
3 9 16 6 1 2 15
3 9 16 4 2 3 107
3 9 16 2 3 4 46
3 9 16 0 4 5 4
3 9 15 5 5 0 95
3 9 15 4 0 6 102
3 9 15 3 6 1 10
3 9 15 2 1 7 185
3 9 15 1 7 2 174
3 9 15 0 2 8 94
3 9 14 11 0 0 141
3 9 14 9 1 1 40
3 9 14 7 2 2 95
3 9 14 5 3 3 146
3 9 14 3 4 4 167
3 9 14 1 5 5 120
3 9 14 0 11 0 35
3 9 14 0 0 11 124
3 9 13 7 0 5 149
3 9 13 6 6 0 75
3 9 13 5 1 6 74
3 9 13 4 7 1 189
3 9 13 3 2 7 5
3 9 13 2 8 2 115
3 9 13 1 3 8 86
3 9 13 0 9 3 12
3 9 12 12 1 0 77
3 9 12 10 2 1 124
3 9 12 8 3 2 20
3 9 12 6 4 3 21
3 9 12 4 5 4 197
3 9 12 3 0 10 24
3 9 12 2 6 5 31
3 9 12 1 12 0 156
3 9 12 1 1 11 197
3 9 12 0 7 6 113
3 9 11 10 0 4 1
3 9 11 8 1 5 154
3 9 11 7 7 0 27
3 9 11 6 2 6 174
3 9 11 5 8 1 28
3 9 11 4 3 7 166
3 9 11 3 9 2 190
3 9 11 2 4 8 73
3 9 11 1 10 3 3
3 9 11 0 5 9 158
3 9 10 13 2 0 124
3 9 10 11 3 1 25
3 9 10 9 4 2 9
3 9 10 7 5 3 162
3 9 10 6 0 9 15
3 9 10 5 6 4 36
3 9 10 4 1 10 144
3 9 10 3 7 5 111
3 9 10 2 13 0 191
3 9 10 2 2 11 87
3 9 10 1 8 6 53
3 9 10 0 14 1 165
3 9 10 0 3 12 139
3 9 9 13 0 3 123
3 9 9 11 1 4 179
3 9 9 9 2 5 153
3 9 9 8 8 0 7
3 9 9 7 3 6 168
3 9 9 6 9 1 38
3 9 9 5 4 7 197
3 9 9 4 10 2 192
3 9 9 3 5 8 63
3 9 9 2 11 3 125
3 9 9 2 0 14 135
3 9 9 1 6 9 94
3 9 9 0 12 4 105
3 9 9 0 1 15 46
3 9 8 14 3 0 39
3 9 8 12 4 1 110
3 9 8 10 5 2 93
3 9 8 9 0 8 3
3 9 8 8 6 3 22
3 9 8 7 1 9 67
3 9 8 6 7 4 40
3 9 8 5 2 10 163
3 9 8 4 8 5 186
3 9 8 3 14 0 49
3 9 8 3 3 11 179
3 9 8 2 9 6 72
3 9 8 1 15 1 190
3 9 8 1 4 12 141
3 9 8 0 10 7 18
3 9 7 16 0 2 113
3 9 7 14 1 3 39
3 9 7 12 2 4 69
3 9 7 10 3 5 16
3 9 7 9 9 0 34
3 9 7 8 4 6 40
3 9 7 7 10 1 16
3 9 7 6 5 7 38
3 9 7 5 11 2 70
3 9 7 5 0 13 103
3 9 7 4 6 8 59
3 9 7 3 12 3 198
3 9 7 3 1 14 98
3 9 7 2 7 9 3
3 9 7 1 13 4 164
3 9 7 1 2 15 4
3 9 7 0 8 10 72
3 9 6 15 4 0 172
3 9 6 13 5 1 161
3 9 6 12 0 7 182
3 9 6 11 6 2 49
3 9 6 10 1 8 127
3 9 6 9 7 3 109
3 9 6 8 2 9 124
3 9 6 7 8 4 19
3 9 6 6 3 10 11
3 9 6 5 9 5 17
3 9 6 4 15 0 5
3 9 6 4 4 11 195
3 9 6 3 10 6 193
3 9 6 2 16 1 106
3 9 6 2 5 12 166
3 9 6 1 11 7 44
3 9 6 1 0 18 77
3 9 6 0 17 2 10
3 9 6 0 6 13 191
3 9 5 19 0 1 107
3 9 5 17 1 2 98
3 9 5 15 2 3 158
3 9 5 13 3 4 160
3 9 5 11 4 5 137
3 9 5 10 10 0 145
3 9 5 9 5 6 108
3 9 5 8 11 1 29
3 9 5 8 0 12 185
3 9 5 7 6 7 31
3 9 5 6 12 2 82
3 9 5 6 1 13 106
3 9 5 5 7 8 16
3 9 5 4 13 3 114
3 9 5 4 2 14 49
3 9 5 3 8 9 73
3 9 5 2 14 4 137
3 9 5 2 3 15 152
3 9 5 1 9 10 28
3 9 5 0 15 5 66
3 9 5 0 4 16 8
3 9 4 16 5 0 154
3 9 4 15 0 6 190
3 9 4 14 6 1 62
3 9 4 13 1 7 168
3 9 4 12 7 2 168
3 9 4 11 2 8 72
3 9 4 10 8 3 165
3 9 4 9 3 9 28
3 9 4 8 9 4 196
3 9 4 7 4 10 136
3 9 4 6 10 5 84
3 9 4 5 16 0 6
3 9 4 5 5 11 134
3 9 4 4 11 6 132
3 9 4 4 0 17 14
3 9 4 3 17 1 56
3 9 4 3 6 12 42
3 9 4 2 12 7 25
3 9 4 2 1 18 17
3 9 4 1 18 2 13
3 9 4 1 7 13 153
3 9 4 0 13 8 108
3 9 4 0 2 19 82
3 9 3 22 0 0 53
3 9 3 20 1 1 4
3 9 3 18 2 2 64
3 9 3 16 3 3 172
3 9 3 14 4 4 51
3 9 3 12 5 5 13
3 9 3 11 11 0 142
3 9 3 11 0 11 74
3 9 3 10 6 6 106
3 9 3 9 12 1 88
3 9 3 9 1 12 5
3 9 3 8 7 7 48
3 9 3 7 13 2 2
3 9 3 7 2 13 80
3 9 3 6 8 8 134
3 9 3 5 14 3 78
3 9 3 5 3 14 142
3 9 3 4 9 9 195
3 9 3 3 15 4 26
3 9 3 3 4 15 67
3 9 3 2 10 10 162
3 9 3 1 16 5 129
3 9 3 1 5 16 14
3 9 3 0 22 0 50
3 9 3 0 11 11 13
3 9 3 0 0 22 151
3 9 2 18 0 5 153
3 9 2 17 6 0 177
3 9 2 16 1 6 173
3 9 2 15 7 1 121
3 9 2 14 2 7 8
3 9 2 13 8 2 25
3 9 2 12 3 8 116
3 9 2 11 9 3 173
3 9 2 10 4 9 131
3 9 2 9 10 4 25
3 9 2 8 5 10 41
3 9 2 7 11 5 6
3 9 2 7 0 16 186
3 9 2 6 17 0 61
3 9 2 6 6 11 52
3 9 2 5 12 6 197
3 9 2 5 1 17 151
3 9 2 4 18 1 188
3 9 2 4 7 12 122
3 9 2 3 13 7 97
3 9 2 3 2 18 71
3 9 2 2 19 2 85
3 9 2 2 8 13 116
3 9 2 1 14 8 189
3 9 2 1 3 19 49
3 9 2 0 20 3 182
3 9 2 0 9 14 140
3 9 1 23 1 0 116
3 9 1 21 2 1 33
3 9 1 19 3 2 18
3 9 1 17 4 3 163
3 9 1 15 5 4 86
3 9 1 14 0 10 47
3 9 1 13 6 5 74
3 9 1 12 12 0 107
3 9 1 12 1 11 123
3 9 1 11 7 6 46
3 9 1 10 13 1 162
3 9 1 10 2 12 198
3 9 1 9 8 7 71
3 9 1 8 14 2 25
3 9 1 8 3 13 125
3 9 1 7 9 8 189
3 9 1 6 15 3 148
3 9 1 6 4 14 114
3 9 1 5 10 9 128
3 9 1 4 16 4 165
3 9 1 4 5 15 100
3 9 1 3 11 10 167
3 9 1 3 0 21 184
3 9 1 2 17 5 171
3 9 1 2 6 16 177
3 9 1 1 23 0 8
3 9 1 1 12 11 127
3 9 1 1 1 22 79
3 9 1 0 18 6 163
3 9 1 0 7 17 14
3 9 0 21 0 4 142
3 9 0 19 1 5 54
3 9 0 18 7 0 117
3 9 0 17 2 6 107
3 9 0 16 8 1 7
3 9 0 15 3 7 85
3 9 0 14 9 2 99
3 9 0 13 4 8 6
3 9 0 12 10 3 111
3 9 0 11 5 9 163
3 9 0 10 11 4 139
3 9 0 10 0 15 4
3 9 0 9 6 10 85
3 9 0 8 12 5 42
3 9 0 8 1 16 131
3 9 0 7 18 0 49
3 9 0 7 7 11 4
3 9 0 6 13 6 40
3 9 0 6 2 17 40
3 9 0 5 19 1 116
3 9 0 5 8 12 36
3 9 0 4 14 7 13
3 9 0 4 3 18 33
3 9 0 3 20 2 196
3 9 0 3 9 13 58
3 9 0 2 15 8 68
3 9 0 2 4 19 73
3 9 0 1 21 3 81
3 9 0 1 10 14 186
3 9 0 0 16 9 182
3 9 0 0 5 20 63
3 8 24 0 0 2 172
3 8 22 3 0 1 52
3 8 22 1 1 2 87
3 8 21 0 5 0 150
3 8 20 6 0 0 22
3 8 20 4 1 1 25
3 8 20 2 2 2 28
3 8 20 0 3 3 125
3 8 19 2 0 5 27
3 8 19 1 6 0 23
3 8 19 0 1 6 40
3 8 18 7 1 0 28
3 8 18 5 2 1 42
3 8 18 3 3 2 63
3 8 18 1 4 3 83
3 8 17 5 0 4 191
3 8 17 3 1 5 189
3 8 17 2 7 0 132
3 8 17 1 2 6 80
3 8 17 0 8 1 33
3 8 16 8 2 0 143
3 8 16 6 3 1 193
3 8 16 4 4 2 18
3 8 16 2 5 3 138
3 8 16 1 0 9 125
3 8 16 0 6 4 52
3 8 15 8 0 3 88
3 8 15 6 1 4 132
3 8 15 4 2 5 112
3 8 15 3 8 0 157
3 8 15 2 3 6 1
3 8 15 1 9 1 143
3 8 15 0 4 7 165
3 8 14 9 3 0 77
3 8 14 7 4 1 56
3 8 14 5 5 2 63
3 8 14 4 0 8 196
3 8 14 3 6 3 150
3 8 14 2 1 9 86
3 8 14 1 7 4 69
3 8 14 0 2 10 44
3 8 13 11 0 2 110
3 8 13 9 1 3 117
3 8 13 7 2 4 195
3 8 13 5 3 5 191
3 8 13 4 9 0 28
3 8 13 3 4 6 60
3 8 13 2 10 1 164
3 8 13 1 5 7 112
3 8 13 0 11 2 46
3 8 13 0 0 13 36
3 8 12 10 4 0 193
3 8 12 8 5 1 48
3 8 12 7 0 7 49
3 8 12 6 6 2 153
3 8 12 5 1 8 28
3 8 12 4 7 3 41
3 8 12 3 2 9 142
3 8 12 2 8 4 165
3 8 12 1 3 10 89
3 8 12 0 9 5 52
3 8 11 14 0 1 33
3 8 11 12 1 2 34
3 8 11 10 2 3 50
3 8 11 8 3 4 183
3 8 11 6 4 5 69
3 8 11 5 10 0 175
3 8 11 4 5 6 168
3 8 11 3 11 1 3
3 8 11 3 0 12 107
3 8 11 2 6 7 18
3 8 11 1 12 2 61
3 8 11 1 1 13 183
3 8 11 0 7 8 93
3 8 10 11 5 0 127
3 8 10 10 0 6 83
3 8 10 9 6 1 70
3 8 10 8 1 7 165
3 8 10 7 7 2 45
3 8 10 6 2 8 31
3 8 10 5 8 3 75
3 8 10 4 3 9 123
3 8 10 3 9 4 180
3 8 10 2 4 10 196
3 8 10 1 10 5 193
3 8 10 0 16 0 166
3 8 10 0 5 11 19
3 8 9 17 0 0 88
3 8 9 15 1 1 66
3 8 9 13 2 2 121
3 8 9 11 3 3 170
3 8 9 9 4 4 132
3 8 9 7 5 5 90
3 8 9 6 11 0 75
3 8 9 6 0 11 68
3 8 9 5 6 6 176
3 8 9 4 12 1 198
3 8 9 4 1 12 62
3 8 9 3 7 7 187
3 8 9 2 13 2 74
3 8 9 2 2 13 57
3 8 9 1 8 8 10
3 8 9 0 14 3 194
3 8 9 0 3 14 174
3 8 8 13 0 5 100
3 8 8 12 6 0 88
3 8 8 11 1 6 182
3 8 8 10 7 1 178
3 8 8 9 2 7 49
3 8 8 8 8 2 20
3 8 8 7 3 8 175
3 8 8 6 9 3 177
3 8 8 5 4 9 58
3 8 8 4 10 4 24
3 8 8 3 5 10 32
3 8 8 2 11 5 168
3 8 8 2 0 16 126
3 8 8 1 17 0 53
3 8 8 1 6 11 112
3 8 8 0 12 6 169
3 8 8 0 1 17 186
3 8 7 18 1 0 198
3 8 7 16 2 1 180
3 8 7 14 3 2 41
3 8 7 12 4 3 106
3 8 7 10 5 4 156
3 8 7 9 0 10 86
3 8 7 8 6 5 105
3 8 7 7 12 0 144
3 8 7 7 1 11 19
3 8 7 6 7 6 87
3 8 7 5 13 1 74
3 8 7 5 2 12 75
3 8 7 4 8 7 116
3 8 7 3 14 2 39
3 8 7 3 3 13 33
3 8 7 2 9 8 152
3 8 7 1 15 3 44
3 8 7 1 4 14 153
3 8 7 0 10 9 49
3 8 6 16 0 4 165
3 8 6 14 1 5 65
3 8 6 13 7 0 56
3 8 6 12 2 6 174
3 8 6 11 8 1 41
3 8 6 10 3 7 139
3 8 6 9 9 2 186
3 8 6 8 4 8 121
3 8 6 7 10 3 30
3 8 6 6 5 9 80
3 8 6 5 11 4 42
3 8 6 5 0 15 16
3 8 6 4 6 10 63
3 8 6 3 12 5 88
3 8 6 3 1 16 176
3 8 6 2 18 0 7
3 8 6 2 7 11 26
3 8 6 1 13 6 150
3 8 6 1 2 17 152
3 8 6 0 19 1 141
3 8 6 0 8 12 159
3 8 5 19 2 0 27
3 8 5 17 3 1 40
3 8 5 15 4 2 134
3 8 5 13 5 3 34
3 8 5 12 0 9 111
3 8 5 11 6 4 153
3 8 5 10 1 10 35
3 8 5 9 7 5 66
3 8 5 8 13 0 103
3 8 5 8 2 11 125
3 8 5 7 8 6 65
3 8 5 6 14 1 181
3 8 5 6 3 12 32
3 8 5 5 9 7 97
3 8 5 4 15 2 159
3 8 5 4 4 13 35
3 8 5 3 10 8 19
3 8 5 2 16 3 158
3 8 5 2 5 14 168
3 8 5 1 11 9 118
3 8 5 1 0 20 88
3 8 5 0 17 4 139
3 8 5 0 6 15 13
3 8 4 19 0 3 144
3 8 4 17 1 4 104
3 8 4 15 2 5 192
3 8 4 14 8 0 121
3 8 4 13 3 6 162
3 8 4 12 9 1 188
3 8 4 11 4 7 89
3 8 4 10 10 2 71
3 8 4 9 5 8 56
3 8 4 8 11 3 112
3 8 4 8 0 14 32
3 8 4 7 6 9 43
3 8 4 6 12 4 152
3 8 4 6 1 15 78
3 8 4 5 7 10 168
3 8 4 4 13 5 58
3 8 4 4 2 16 42
3 8 4 3 19 0 147
3 8 4 3 8 11 96
3 8 4 2 14 6 24
3 8 4 2 3 17 17
3 8 4 1 20 1 102
3 8 4 1 9 12 170
3 8 4 0 15 7 197
3 8 4 0 4 18 145
3 8 3 20 3 0 97
3 8 3 18 4 1 187
3 8 3 16 5 2 97
3 8 3 15 0 8 72
3 8 3 14 6 3 71
3 8 3 13 1 9 67
3 8 3 12 7 4 110
3 8 3 11 2 10 122
3 8 3 10 8 5 11
3 8 3 9 14 0 52
3 8 3 9 3 11 85
3 8 3 8 9 6 151
3 8 3 7 15 1 66
3 8 3 7 4 12 117
3 8 3 6 10 7 32
3 8 3 5 16 2 69
3 8 3 5 5 13 36
3 8 3 4 11 8 140
3 8 3 4 0 19 77
3 8 3 3 17 3 32
3 8 3 3 6 14 53
3 8 3 2 12 9 79
3 8 3 2 1 20 54
3 8 3 1 18 4 4
3 8 3 1 7 15 86
3 8 3 0 13 10 138
3 8 3 0 2 21 9
3 8 2 22 0 2 148
3 8 2 20 1 3 152
3 8 2 18 2 4 80
3 8 2 16 3 5 115
3 8 2 15 9 0 64
3 8 2 14 4 6 4
3 8 2 13 10 1 90
3 8 2 12 5 7 79
3 8 2 11 11 2 85
3 8 2 11 0 13 73
3 8 2 10 6 8 31
3 8 2 9 12 3 127
3 8 2 9 1 14 35
3 8 2 8 7 9 158
3 8 2 7 13 4 88
3 8 2 7 2 15 50
3 8 2 6 8 10 119
3 8 2 5 14 5 147
3 8 2 5 3 16 162
3 8 2 4 20 0 122
3 8 2 4 9 11 148
3 8 2 3 15 6 114
3 8 2 3 4 17 168
3 8 2 2 21 1 77
3 8 2 2 10 12 104
3 8 2 1 16 7 106
3 8 2 1 5 18 72
3 8 2 0 22 2 105
3 8 2 0 11 13 86
3 8 2 0 0 24 74
3 8 1 21 4 0 145
3 8 1 19 5 1 130
3 8 1 18 0 7 5
3 8 1 17 6 2 190
3 8 1 16 1 8 114
3 8 1 15 7 3 54
3 8 1 14 2 9 119
3 8 1 13 8 4 70
3 8 1 12 3 10 116
3 8 1 11 9 5 36
3 8 1 10 15 0 57
3 8 1 10 4 11 41
3 8 1 9 10 6 101
3 8 1 8 16 1 66
3 8 1 8 5 12 164
3 8 1 7 11 7 27
3 8 1 7 0 18 39
3 8 1 6 17 2 130
3 8 1 6 6 13 54
3 8 1 5 12 8 149
3 8 1 5 1 19 185
3 8 1 4 18 3 149
3 8 1 4 7 14 132
3 8 1 3 13 9 91
3 8 1 3 2 20 102
3 8 1 2 19 4 135
3 8 1 2 8 15 111
3 8 1 1 14 10 26
3 8 1 1 3 21 29
3 8 1 0 20 5 79
3 8 1 0 9 16 168
3 8 0 25 0 1 64
3 8 0 23 1 2 88
3 8 0 21 2 3 101
3 8 0 19 3 4 196
3 8 0 17 4 5 8
3 8 0 16 10 0 19
3 8 0 15 5 6 155
3 8 0 14 11 1 104
3 8 0 14 0 12 55
3 8 0 13 6 7 195
3 8 0 12 12 2 110
3 8 0 12 1 13 109
3 8 0 11 7 8 197
3 8 0 10 13 3 148
3 8 0 10 2 14 98
3 8 0 9 8 9 163
3 8 0 8 14 4 146
3 8 0 8 3 15 115
3 8 0 7 9 10 116
3 8 0 6 15 5 155
3 8 0 6 4 16 191
3 8 0 5 21 0 98
3 8 0 5 10 11 131
3 8 0 4 16 6 110
3 8 0 4 5 17 139
3 8 0 3 22 1 101
3 8 0 3 11 12 146
3 8 0 3 0 23 84
3 8 0 2 17 7 82
3 8 0 2 6 18 60
3 8 0 1 23 2 45
3 8 0 1 12 13 70
3 8 0 1 1 24 195
3 8 0 0 18 8 192
3 8 0 0 7 19 80
3 7 26 1 0 0 15
3 7 24 2 1 0 129
3 7 24 0 2 1 79
3 7 23 0 0 4 154
3 7 22 3 2 0 50
3 7 22 1 3 1 195
3 7 21 3 0 3 11
3 7 21 1 1 4 70
3 7 20 4 3 0 163
3 7 20 2 4 1 34
3 7 20 0 5 2 151
3 7 19 6 0 2 98
3 7 19 4 1 3 4
3 7 19 2 2 4 92
3 7 19 0 3 5 153
3 7 18 5 4 0 18
3 7 18 3 5 1 67
3 7 18 2 0 7 58
3 7 18 1 6 2 78
3 7 18 0 1 8 85
3 7 17 9 0 1 113
3 7 17 7 1 2 156
3 7 17 5 2 3 133
3 7 17 3 3 4 8
3 7 17 1 4 5 144
3 7 17 0 10 0 171
3 7 16 6 5 0 114
3 7 16 5 0 6 11
3 7 16 4 6 1 114
3 7 16 3 1 7 120
3 7 16 2 7 2 110
3 7 16 1 2 8 39
3 7 16 0 8 3 130
3 7 15 12 0 0 97
3 7 15 10 1 1 43
3 7 15 8 2 2 70
3 7 15 6 3 3 67
3 7 15 4 4 4 53
3 7 15 2 5 5 171
3 7 15 1 11 0 82
3 7 15 1 0 11 85
3 7 15 0 6 6 130
3 7 14 8 0 5 1
3 7 14 7 6 0 150
3 7 14 6 1 6 26
3 7 14 5 7 1 33
3 7 14 4 2 7 106
3 7 14 3 8 2 191
3 7 14 2 3 8 17
3 7 14 1 9 3 33
3 7 14 0 4 9 77
3 7 13 13 1 0 49
3 7 13 11 2 1 45
3 7 13 9 3 2 155
3 7 13 7 4 3 189
3 7 13 5 5 4 29
3 7 13 4 0 10 177
3 7 13 3 6 5 187
3 7 13 2 12 0 73
3 7 13 2 1 11 67
3 7 13 1 7 6 119
3 7 13 0 13 1 167
3 7 13 0 2 12 162
3 7 12 11 0 4 38
3 7 12 9 1 5 12
3 7 12 8 7 0 51
3 7 12 7 2 6 115
3 7 12 6 8 1 18
3 7 12 5 3 7 63
3 7 12 4 9 2 142
3 7 12 3 4 8 79
3 7 12 2 10 3 155
3 7 12 1 5 9 173
3 7 12 0 11 4 57
3 7 12 0 0 15 144
3 7 11 14 2 0 94
3 7 11 10 4 2 13
3 7 11 8 5 3 93
3 7 11 7 0 9 110
3 7 11 6 6 4 7
3 7 11 5 1 10 148
3 7 11 4 7 5 22
3 7 11 3 13 0 160
3 7 11 3 2 11 42
3 7 11 2 8 6 156
3 7 11 1 14 1 21
3 7 11 1 3 12 172
3 7 11 0 9 7 7
3 7 10 14 0 3 10
3 7 10 12 1 4 116
3 7 10 9 8 0 70
3 7 10 8 3 6 84
3 7 10 6 4 7 94
3 7 10 5 10 2 180
3 7 10 4 5 8 105
3 7 10 3 11 3 41
3 7 10 3 0 14 151
3 7 10 2 6 9 75
3 7 10 1 12 4 10
3 7 10 1 1 15 46
3 7 10 0 7 10 7
3 7 9 15 3 0 57
3 7 9 13 4 1 106
3 7 9 11 5 2 191
3 7 9 10 0 8 100
3 7 9 9 6 3 5
3 7 9 8 1 9 57
3 7 9 7 7 4 49
3 7 9 6 2 10 46
3 7 9 5 8 5 181
3 7 9 4 14 0 65
3 7 9 4 3 11 101
3 7 9 3 9 6 22
3 7 9 2 15 1 165
3 7 9 2 4 12 145
3 7 9 1 10 7 72
3 7 9 0 16 2 113
3 7 9 0 5 13 102
3 7 8 17 0 2 120
3 7 8 15 1 3 22
3 7 8 13 2 4 168
3 7 8 11 3 5 150
3 7 8 10 9 0 16
3 7 8 9 4 6 107
3 7 8 8 10 1 146
3 7 8 7 5 7 190
3 7 8 6 11 2 139
3 7 8 6 0 13 128
3 7 8 5 6 8 169
3 7 8 4 12 3 110
3 7 8 3 7 9 30
3 7 8 2 13 4 78
3 7 8 2 2 15 197
3 7 8 1 8 10 44
3 7 8 0 14 5 93
3 7 8 0 3 16 97
3 7 7 16 4 0 147
3 7 7 14 5 1 30
3 7 7 13 0 7 100
3 7 7 12 6 2 137
3 7 7 11 1 8 151
3 7 7 10 7 3 48
3 7 7 9 2 9 65
3 7 7 8 8 4 128
3 7 7 7 3 10 118
3 7 7 6 9 5 186
3 7 7 5 15 0 82
3 7 7 5 4 11 92
3 7 7 4 10 6 190
3 7 7 3 16 1 125
3 7 7 2 11 7 103
3 7 7 2 0 18 56
3 7 7 1 17 2 164
3 7 7 1 6 13 99
3 7 7 0 12 8 159
3 7 7 0 1 19 87
3 7 6 20 0 1 108
3 7 6 18 1 2 111
3 7 6 16 2 3 33
3 7 6 14 3 4 73
3 7 6 12 4 5 145
3 7 6 11 10 0 101
3 7 6 10 5 6 56
3 7 6 9 11 1 137
3 7 6 9 0 12 84
3 7 6 8 6 7 143
3 7 6 7 12 2 11
3 7 6 7 1 13 107
3 7 6 6 7 8 162
3 7 6 5 13 3 85
3 7 6 5 2 14 188
3 7 6 4 8 9 145
3 7 6 3 14 4 88
3 7 6 3 3 15 87
3 7 6 2 9 10 120
3 7 6 1 15 5 195
3 7 6 1 4 16 153
3 7 6 0 21 0 68
3 7 6 0 10 11 54
3 7 5 17 5 0 177
3 7 5 16 0 6 97
3 7 5 15 6 1 9
3 7 5 14 1 7 24
3 7 5 13 7 2 99
3 7 5 12 2 8 60
3 7 5 11 8 3 25
3 7 5 10 3 9 187
3 7 5 9 9 4 60
3 7 5 8 4 10 22
3 7 5 7 10 5 63
3 7 5 6 16 0 158
3 7 5 6 5 11 33
3 7 5 5 11 6 8
3 7 5 5 0 17 45
3 7 5 4 17 1 131
3 7 5 4 6 12 10
3 7 5 3 12 7 107
3 7 5 3 1 18 176
3 7 5 2 18 2 38
3 7 5 2 7 13 123
3 7 5 1 13 8 114
3 7 5 1 2 19 98
3 7 5 0 19 3 184
3 7 5 0 8 14 126
3 7 4 23 0 0 26
3 7 4 21 1 1 65
3 7 4 19 2 2 21
3 7 4 17 3 3 177
3 7 4 15 4 4 187
3 7 4 13 5 5 130
3 7 4 12 11 0 191
3 7 4 12 0 11 120
3 7 4 11 6 6 31
3 7 4 10 12 1 167
3 7 4 10 1 12 78
3 7 4 9 7 7 154
3 7 4 8 13 2 55
3 7 4 8 2 13 46
3 7 4 7 8 8 173
3 7 4 6 14 3 20
3 7 4 6 3 14 101
3 7 4 5 9 9 80
3 7 4 4 15 4 114
3 7 4 4 4 15 72
3 7 4 3 10 10 65
3 7 4 2 16 5 29
3 7 4 2 5 16 90
3 7 4 1 22 0 31
3 7 4 1 11 11 67
3 7 4 1 0 22 181
3 7 4 0 17 6 12
3 7 4 0 6 17 69
3 7 3 19 0 5 77
3 7 3 18 6 0 194
3 7 3 17 1 6 30
3 7 3 16 7 1 112
3 7 3 15 2 7 5
3 7 3 14 8 2 138
3 7 3 13 3 8 138
3 7 3 12 9 3 144
3 7 3 11 4 9 25
3 7 3 10 10 4 191
3 7 3 9 5 10 150
3 7 3 8 11 5 190
3 7 3 8 0 16 62
3 7 3 7 17 0 131
3 7 3 7 6 11 147
3 7 3 6 12 6 20
3 7 3 6 1 17 150
3 7 3 5 18 1 193
3 7 3 5 7 12 122
3 7 3 4 13 7 131
3 7 3 4 2 18 183
3 7 3 3 19 2 30
3 7 3 3 8 13 142
3 7 3 2 14 8 20
3 7 3 2 3 19 41
3 7 3 1 20 3 103
3 7 3 1 9 14 78
3 7 3 0 15 9 180
3 7 3 0 4 20 192
3 7 2 24 1 0 158
3 7 2 22 2 1 14
3 7 2 20 3 2 154
3 7 2 18 4 3 139
3 7 2 16 5 4 167
3 7 2 15 0 10 94
3 7 2 14 6 5 155
3 7 2 13 12 0 89
3 7 2 13 1 11 135
3 7 2 12 7 6 58
3 7 2 11 13 1 198
3 7 2 11 2 12 101
3 7 2 10 8 7 38
3 7 2 9 14 2 150
3 7 2 9 3 13 16
3 7 2 8 9 8 190
3 7 2 7 15 3 93
3 7 2 7 4 14 29
3 7 2 6 10 9 170
3 7 2 5 16 4 2
3 7 2 5 5 15 163
3 7 2 4 11 10 157
3 7 2 4 0 21 142
3 7 2 3 17 5 25
3 7 2 3 6 16 64
3 7 2 2 23 0 138
3 7 2 2 12 11 165
3 7 2 2 1 22 60
3 7 2 1 18 6 191
3 7 2 1 7 17 30
3 7 2 0 24 1 135
3 7 2 0 13 12 10
3 7 2 0 2 23 54
3 7 1 22 0 4 102
3 7 1 20 1 5 153
3 7 1 19 7 0 88
3 7 1 18 2 6 149
3 7 1 17 8 1 56
3 7 1 16 3 7 110
3 7 1 15 9 2 141
3 7 1 14 4 8 52
3 7 1 13 10 3 79
3 7 1 12 5 9 135
3 7 1 11 11 4 144
3 7 1 11 0 15 171
3 7 1 10 6 10 42
3 7 1 9 12 5 26
3 7 1 9 1 16 26
3 7 1 8 18 0 143
3 7 1 8 7 11 114
3 7 1 7 13 6 157
3 7 1 7 2 17 137
3 7 1 6 19 1 5
3 7 1 6 8 12 115
3 7 1 5 14 7 128
3 7 1 5 3 18 16
3 7 1 4 20 2 159
3 7 1 4 9 13 37
3 7 1 3 15 8 131
3 7 1 3 4 19 116
3 7 1 2 21 3 15
3 7 1 2 10 14 33
3 7 1 1 16 9 118
3 7 1 1 5 20 182
3 7 1 0 22 4 119
3 7 1 0 11 15 101
3 7 1 0 0 26 113
3 7 0 25 2 0 134
3 7 0 23 3 1 118
3 7 0 21 4 2 148
3 7 0 19 5 3 109
3 7 0 18 0 9 150
3 7 0 17 6 4 67
3 7 0 16 1 10 89
3 7 0 15 7 5 36
3 7 0 14 13 0 145
3 7 0 14 2 11 178
3 7 0 13 8 6 185
3 7 0 12 14 1 104
3 7 0 12 3 12 51
3 7 0 11 9 7 106
3 7 0 10 15 2 186
3 7 0 10 4 13 42
3 7 0 9 10 8 96
3 7 0 8 16 3 186
3 7 0 8 5 14 124
3 7 0 7 11 9 28
3 7 0 7 0 20 106
3 7 0 6 17 4 130
3 7 0 6 6 15 36
3 7 0 5 12 10 14
3 7 0 5 1 21 142
3 7 0 4 18 5 34
3 7 0 4 7 16 143
3 7 0 3 24 0 79
3 7 0 3 13 11 149
3 7 0 3 2 22 68
3 7 0 2 19 6 148
3 7 0 2 8 17 23
3 7 0 1 25 1 44
3 7 0 1 14 12 181
3 7 0 1 3 23 193
3 7 0 0 20 7 104
3 7 0 0 9 18 101
3 6 25 1 0 2 34
3 6 24 0 4 0 134
3 6 23 4 0 1 24
3 6 23 2 1 2 61
3 6 23 0 2 3 135
3 6 22 1 5 0 96
3 6 22 0 0 6 72
3 6 21 7 0 0 191
3 6 21 5 1 1 106
3 6 21 3 2 2 152
3 6 21 1 3 3 6
3 6 20 3 0 5 108
3 6 20 2 6 0 102
3 6 20 1 1 6 166
3 6 20 0 7 1 172
3 6 19 8 1 0 55
3 6 19 6 2 1 16
3 6 19 4 3 2 16
3 6 19 2 4 3 77
3 6 19 0 5 4 134
3 6 18 6 0 4 163
3 6 18 4 1 5 172
3 6 18 3 7 0 157
3 6 18 2 2 6 21
3 6 18 1 8 1 54
3 6 18 0 3 7 79
3 6 17 9 2 0 91
3 6 17 7 3 1 70
3 6 17 5 4 2 88
3 6 17 3 5 3 29
3 6 17 2 0 9 7
3 6 17 1 6 4 17
3 6 17 0 1 10 45
3 6 16 9 0 3 185
3 6 16 7 1 4 99
3 6 16 5 2 5 117
3 6 16 4 8 0 117
3 6 16 3 3 6 7
3 6 16 2 9 1 48
3 6 16 1 4 7 135
3 6 16 0 10 2 117
3 6 15 10 3 0 63
3 6 15 8 4 1 180
3 6 15 6 5 2 96
3 6 15 5 0 8 79
3 6 15 4 6 3 71
3 6 15 3 1 9 57
3 6 15 2 7 4 186
3 6 15 1 2 10 84
3 6 15 0 8 5 98
3 6 14 12 0 2 63
3 6 14 10 1 3 3
3 6 14 8 2 4 53
3 6 14 6 3 5 1
3 6 14 5 9 0 24
3 6 14 4 4 6 169
3 6 14 3 10 1 94
3 6 14 2 5 7 6
3 6 14 1 11 2 195
3 6 14 1 0 13 4
3 6 14 0 6 8 25
3 6 13 11 4 0 46
3 6 13 9 5 1 106
3 6 13 8 0 7 49
3 6 13 7 6 2 66
3 6 13 6 1 8 125
3 6 13 5 7 3 187
3 6 13 4 2 9 120
3 6 13 3 8 4 152
3 6 13 2 3 10 94
3 6 13 1 9 5 99
3 6 13 0 15 0 192
3 6 13 0 4 11 151
3 6 12 15 0 1 146
3 6 12 13 1 2 181
3 6 12 11 2 3 143
3 6 12 9 3 4 85
3 6 12 7 4 5 117
3 6 12 6 10 0 133
3 6 12 5 5 6 137
3 6 12 4 11 1 74
3 6 12 4 0 12 4
3 6 12 3 6 7 102
3 6 12 2 12 2 108
3 6 12 2 1 13 115
3 6 12 1 7 8 147
3 6 12 0 13 3 43
3 6 12 0 2 14 77
3 6 11 12 5 0 71
3 6 11 11 0 6 75
3 6 11 10 6 1 63
3 6 11 9 1 7 125
3 6 11 8 7 2 21
3 6 11 7 2 8 92
3 6 11 6 8 3 66
3 6 11 5 3 9 114
3 6 11 4 9 4 74
3 6 11 3 4 10 151
3 6 11 2 10 5 59
3 6 11 1 16 0 102
3 6 11 1 5 11 196
3 6 11 0 11 6 184
3 6 11 0 0 17 14
3 6 10 18 0 0 80
3 6 10 16 1 1 140
3 6 10 14 2 2 5
3 6 10 12 3 3 145
3 6 10 10 4 4 90
3 6 10 8 5 5 38
3 6 10 7 11 0 131
3 6 10 7 0 11 158
3 6 10 6 6 6 104
3 6 10 5 12 1 48
3 6 10 5 1 12 121
3 6 10 4 7 7 40
3 6 10 3 13 2 171
3 6 10 3 2 13 56
3 6 10 2 8 8 10
3 6 10 1 14 3 121
3 6 10 1 3 14 192
3 6 10 0 9 9 1
3 6 9 14 0 5 60
3 6 9 13 6 0 157
3 6 9 12 1 6 195
3 6 9 11 7 1 11
3 6 9 10 2 7 2
3 6 9 9 8 2 107
3 6 9 8 3 8 77
3 6 9 7 9 3 165
3 6 9 6 4 9 42
3 6 9 5 10 4 6
3 6 9 4 5 10 85
3 6 9 3 11 5 131
3 6 9 3 0 16 103
3 6 9 2 17 0 103
3 6 9 2 6 11 173
3 6 9 1 12 6 120
3 6 9 1 1 17 55
3 6 9 0 18 1 158
3 6 9 0 7 12 187
3 6 8 19 1 0 163
3 6 8 17 2 1 36
3 6 8 15 3 2 147
3 6 8 13 4 3 55
3 6 8 11 5 4 184
3 6 8 10 0 10 159
3 6 8 9 6 5 85
3 6 8 8 12 0 57
3 6 8 8 1 11 112
3 6 8 7 7 6 181
3 6 8 6 13 1 148
3 6 8 6 2 12 10
3 6 8 5 8 7 181
3 6 8 4 14 2 69
3 6 8 4 3 13 11
3 6 8 3 9 8 58
3 6 8 2 15 3 121
3 6 8 2 4 14 75
3 6 8 1 10 9 147
3 6 8 0 16 4 158
3 6 8 0 5 15 182
3 6 7 17 0 4 8
3 6 7 15 1 5 131
3 6 7 14 7 0 129
3 6 7 13 2 6 135
3 6 7 12 8 1 71
3 6 7 11 3 7 16
3 6 7 10 9 2 177
3 6 7 9 4 8 98
3 6 7 8 10 3 146
3 6 7 7 5 9 99
3 6 7 6 11 4 160
3 6 7 5 6 10 169
3 6 7 4 12 5 127
3 6 7 4 1 16 118
3 6 7 3 18 0 2
3 6 7 3 7 11 120
3 6 7 2 13 6 109
3 6 7 2 2 17 29
3 6 7 1 19 1 164
3 6 7 1 8 12 149
3 6 7 0 14 7 126
3 6 7 0 3 18 115
3 6 6 20 2 0 133
3 6 6 18 3 1 95
3 6 6 16 4 2 15
3 6 6 14 5 3 187
3 6 6 13 0 9 10
3 6 6 12 6 4 150
3 6 6 10 7 5 4
3 6 6 9 13 0 175
3 6 6 9 2 11 14
3 6 6 8 8 6 53
3 6 6 7 14 1 144
3 6 6 7 3 12 51
3 6 6 6 9 7 92
3 6 6 5 15 2 134
3 6 6 5 4 13 143
3 6 6 4 10 8 63
3 6 6 3 16 3 101
3 6 6 3 5 14 4
3 6 6 2 11 9 172
3 6 6 2 0 20 185
3 6 6 1 17 4 176
3 6 6 1 6 15 128
3 6 6 0 12 10 72
3 6 6 0 1 21 26
3 6 5 20 0 3 42
3 6 5 18 1 4 102
3 6 5 16 2 5 32
3 6 5 15 8 0 164
3 6 5 14 3 6 78
3 6 5 13 9 1 91
3 6 5 12 4 7 135
3 6 5 11 10 2 95
3 6 5 10 5 8 39
3 6 5 9 11 3 33
3 6 5 9 0 14 136
3 6 5 8 6 9 31
3 6 5 7 12 4 175
3 6 5 7 1 15 45
3 6 5 6 7 10 149
3 6 5 5 13 5 98
3 6 5 5 2 16 25
3 6 5 4 19 0 147
3 6 5 4 8 11 81
3 6 5 3 14 6 50
3 6 5 3 3 17 34
3 6 5 2 20 1 85
3 6 5 2 9 12 181
3 6 5 1 15 7 102
3 6 5 1 4 18 16
3 6 5 0 21 2 52
3 6 5 0 10 13 164
3 6 4 21 3 0 177
3 6 4 19 4 1 155
3 6 4 17 5 2 47
3 6 4 16 0 8 180
3 6 4 15 6 3 31
3 6 4 14 1 9 148
3 6 4 13 7 4 118
3 6 4 12 2 10 94
3 6 4 11 8 5 130
3 6 4 10 14 0 192
3 6 4 10 3 11 110
3 6 4 9 9 6 74
3 6 4 8 15 1 125
3 6 4 8 4 12 23
3 6 4 7 10 7 196
3 6 4 6 16 2 68
3 6 4 6 5 13 16
3 6 4 5 11 8 32
3 6 4 5 0 19 2
3 6 4 4 17 3 96
3 6 4 4 6 14 134
3 6 4 3 12 9 128
3 6 4 3 1 20 54
3 6 4 2 18 4 103
3 6 4 2 7 15 46
3 6 4 1 13 10 81
3 6 4 1 2 21 182
3 6 4 0 19 5 181
3 6 4 0 8 16 119
3 6 3 23 0 2 89
3 6 3 21 1 3 144
3 6 3 19 2 4 193
3 6 3 17 3 5 160
3 6 3 16 9 0 118
3 6 3 15 4 6 44
3 6 3 14 10 1 164
3 6 3 13 5 7 139
3 6 3 12 11 2 88
3 6 3 12 0 13 36
3 6 3 11 6 8 135
3 6 3 10 12 3 114
3 6 3 10 1 14 86
3 6 3 9 7 9 27
3 6 3 8 13 4 169
3 6 3 8 2 15 120
3 6 3 7 8 10 25
3 6 3 6 14 5 49
3 6 3 6 3 16 24
3 6 3 5 20 0 168
3 6 3 5 9 11 167
3 6 3 4 15 6 113
3 6 3 4 4 17 19
3 6 3 3 21 1 43
3 6 3 3 10 12 163
3 6 3 2 16 7 43
3 6 3 2 5 18 149
3 6 3 1 22 2 1
3 6 3 1 11 13 81
3 6 3 1 0 24 107
3 6 3 0 17 8 3
3 6 3 0 6 19 180
3 6 2 22 4 0 76
3 6 2 20 5 1 141
3 6 2 19 0 7 36
3 6 2 18 6 2 150
3 6 2 17 1 8 67
3 6 2 16 7 3 194
3 6 2 15 2 9 55
3 6 2 14 8 4 107
3 6 2 13 3 10 53
3 6 2 12 9 5 186
3 6 2 11 15 0 81
3 6 2 11 4 11 146
3 6 2 10 10 6 116
3 6 2 9 16 1 101
3 6 2 9 5 12 41
3 6 2 8 11 7 8
3 6 2 8 0 18 120
3 6 2 7 17 2 11
3 6 2 7 6 13 115
3 6 2 6 12 8 5
3 6 2 6 1 19 105
3 6 2 5 18 3 100
3 6 2 5 7 14 77
3 6 2 4 13 9 92
3 6 2 4 2 20 133
3 6 2 3 19 4 72
3 6 2 3 8 15 179
3 6 2 2 14 10 153
3 6 2 2 3 21 116
3 6 2 1 20 5 49
3 6 2 1 9 16 98
3 6 2 0 26 0 81
3 6 2 0 15 11 163
3 6 2 0 4 22 69
3 6 1 26 0 1 127
3 6 1 24 1 2 93
3 6 1 22 2 3 134
3 6 1 20 3 4 136
3 6 1 18 4 5 136
3 6 1 17 10 0 111
3 6 1 16 5 6 187
3 6 1 15 11 1 59
3 6 1 15 0 12 53
3 6 1 14 6 7 37
3 6 1 13 12 2 33
3 6 1 13 1 13 195
3 6 1 12 7 8 153
3 6 1 11 13 3 133
3 6 1 11 2 14 65
3 6 1 10 8 9 142
3 6 1 9 14 4 128
3 6 1 9 3 15 150
3 6 1 8 9 10 150
3 6 1 7 15 5 143
3 6 1 7 4 16 83
3 6 1 6 21 0 182
3 6 1 6 10 11 4
3 6 1 5 16 6 58
3 6 1 5 5 17 61
3 6 1 4 22 1 125
3 6 1 4 11 12 52
3 6 1 4 0 23 138
3 6 1 3 17 7 158
3 6 1 3 6 18 193
3 6 1 2 23 2 124
3 6 1 2 12 13 56
3 6 1 2 1 24 52
3 6 1 1 18 8 31
3 6 1 1 7 19 20
3 6 1 0 24 3 184
3 6 1 0 13 14 133
3 6 1 0 2 25 131
3 6 0 23 5 0 180
3 6 0 22 0 6 37
3 6 0 21 6 1 162
3 6 0 20 1 7 112
3 6 0 19 7 2 58
3 6 0 18 2 8 132
3 6 0 17 8 3 73
3 6 0 16 3 9 112
3 6 0 15 9 4 80
3 6 0 14 4 10 30
3 6 0 13 10 5 23
3 6 0 12 16 0 149
3 6 0 12 5 11 93
3 6 0 11 11 6 61
3 6 0 11 0 17 185
3 6 0 10 17 1 168
3 6 0 10 6 12 102
3 6 0 9 12 7 113
3 6 0 9 1 18 39
3 6 0 8 18 2 135
3 6 0 8 7 13 109
3 6 0 7 13 8 13
3 6 0 7 2 19 26
3 6 0 6 19 3 163
3 6 0 6 8 14 171
3 6 0 5 14 9 54
3 6 0 5 3 20 7
3 6 0 4 20 4 153
3 6 0 4 9 15 178
3 6 0 3 15 10 26
3 6 0 3 4 21 147
3 6 0 2 21 5 106
3 6 0 2 10 16 154
3 6 0 1 27 0 109
3 6 0 1 16 11 152
3 6 0 1 5 22 54
3 6 0 0 22 6 132
3 6 0 0 11 17 150
3 6 0 0 0 28 41
3 5 27 2 0 0 105
3 5 27 0 1 1 182
3 5 25 3 1 0 83
3 5 25 1 2 1 159
3 5 24 1 0 4 169
3 5 23 4 2 0 57
3 5 23 2 3 1 131
3 5 22 4 0 3 12
3 5 22 2 1 4 94
3 5 22 0 2 5 144
3 5 21 5 3 0 162
3 5 21 3 4 1 93
3 5 21 1 5 2 9
3 5 21 0 0 8 144
3 5 20 7 0 2 183
3 5 20 5 1 3 136
3 5 20 3 2 4 18
3 5 20 1 3 5 98
3 5 20 0 9 0 101
3 5 19 6 4 0 41
3 5 19 4 5 1 177
3 5 19 3 0 7 80
3 5 19 2 6 2 125
3 5 19 1 1 8 16
3 5 19 0 7 3 3
3 5 18 10 0 1 125
3 5 18 8 1 2 163
3 5 18 6 2 3 50
3 5 18 2 4 5 7
3 5 18 1 10 0 150
3 5 18 0 5 6 1
3 5 17 7 5 0 108
3 5 17 6 0 6 76
3 5 17 5 6 1 25
3 5 17 4 1 7 1
3 5 17 3 7 2 180
3 5 17 2 2 8 113
3 5 17 1 8 3 22
3 5 17 0 3 9 132
3 5 16 13 0 0 133
3 5 16 11 1 1 92
3 5 16 9 2 2 19
3 5 16 7 3 3 157
3 5 16 5 4 4 104
3 5 16 3 5 5 191
3 5 16 2 11 0 64
3 5 16 2 0 11 57
3 5 16 1 6 6 18
3 5 16 0 12 1 106
3 5 16 0 1 12 36
3 5 15 9 0 5 33
3 5 15 8 6 0 4
3 5 15 7 1 6 145
3 5 15 6 7 1 90
3 5 15 5 2 7 132
3 5 15 4 8 2 4
3 5 15 3 3 8 42
3 5 15 2 9 3 195
3 5 15 1 4 9 138
3 5 15 0 10 4 85
3 5 14 14 1 0 53
3 5 14 12 2 1 158
3 5 14 10 3 2 47
3 5 14 8 4 3 66
3 5 14 6 5 4 93
3 5 14 5 0 10 78
3 5 14 4 6 5 138
3 5 14 3 12 0 55
3 5 14 3 1 11 9
3 5 14 1 13 1 22
3 5 14 1 2 12 96
3 5 14 0 8 7 45
3 5 13 12 0 4 187
3 5 13 10 1 5 196
3 5 13 9 7 0 65
3 5 13 8 2 6 109
3 5 13 7 8 1 96
3 5 13 6 3 7 71
3 5 13 5 9 2 126
3 5 13 4 4 8 53
3 5 13 3 10 3 158
3 5 13 2 5 9 18
3 5 13 1 11 4 4
3 5 13 1 0 15 58
3 5 13 0 6 10 128
3 5 12 15 2 0 94
3 5 12 13 3 1 86
3 5 12 11 4 2 128
3 5 12 9 5 3 151
3 5 12 8 0 9 136
3 5 12 7 6 4 149
3 5 12 6 1 10 11
3 5 12 5 7 5 172
3 5 12 4 13 0 26
3 5 12 4 2 11 2
3 5 12 3 8 6 119
3 5 12 2 14 1 65
3 5 12 2 3 12 142
3 5 12 1 9 7 126
3 5 12 0 15 2 173
3 5 12 0 4 13 190
3 5 11 15 0 3 93
3 5 11 13 1 4 51
3 5 11 11 2 5 44
3 5 11 10 8 0 151
3 5 11 9 3 6 53
3 5 11 8 9 1 90
3 5 11 7 4 7 86
3 5 11 6 10 2 129
3 5 11 5 5 8 37
3 5 11 4 11 3 144
3 5 11 4 0 14 93
3 5 11 3 6 9 182
3 5 11 2 12 4 65
3 5 11 2 1 15 31
3 5 11 1 7 10 142
3 5 11 0 13 5 24
3 5 11 0 2 16 138
3 5 10 16 3 0 108
3 5 10 14 4 1 41
3 5 10 12 5 2 75
3 5 10 11 0 8 96
3 5 10 10 6 3 76
3 5 10 9 1 9 97
3 5 10 8 7 4 182
3 5 10 7 2 10 97
3 5 10 6 8 5 153
3 5 10 5 14 0 58
3 5 10 5 3 11 40
3 5 10 4 9 6 117
3 5 10 3 15 1 19
3 5 10 3 4 12 96
3 5 10 2 10 7 154
3 5 10 1 16 2 127
3 5 10 1 5 13 179
3 5 10 0 11 8 81
3 5 10 0 0 19 85
3 5 9 18 0 2 120
3 5 9 16 1 3 10
3 5 9 14 2 4 114
3 5 9 12 3 5 75
3 5 9 11 9 0 10
3 5 9 10 4 6 118
3 5 9 9 10 1 2
3 5 9 8 5 7 160
3 5 9 7 11 2 139
3 5 9 7 0 13 190
3 5 9 6 6 8 170
3 5 9 5 12 3 25
3 5 9 5 1 14 23
3 5 9 4 7 9 194
3 5 9 3 13 4 56
3 5 9 3 2 15 104
3 5 9 2 8 10 190
3 5 9 1 14 5 123
3 5 9 1 3 16 1
3 5 9 0 20 0 69
3 5 9 0 9 11 102
3 5 8 17 4 0 144
3 5 8 15 5 1 114
3 5 8 14 0 7 174
3 5 8 13 6 2 191
3 5 8 12 1 8 133
3 5 8 11 7 3 120
3 5 8 10 2 9 163
3 5 8 9 8 4 49
3 5 8 8 3 10 27
3 5 8 7 9 5 29
3 5 8 6 15 0 106
3 5 8 6 4 11 108
3 5 8 5 10 6 24
3 5 8 4 16 1 18
3 5 8 4 5 12 148
3 5 8 3 11 7 153
3 5 8 3 0 18 124
3 5 8 2 17 2 123
3 5 8 2 6 13 74
3 5 8 1 12 8 196
3 5 8 1 1 19 118
3 5 8 0 18 3 22
3 5 8 0 7 14 139
3 5 7 21 0 1 19
3 5 7 19 1 2 34
3 5 7 17 2 3 85
3 5 7 15 3 4 42
3 5 7 13 4 5 121
3 5 7 12 10 0 166
3 5 7 11 5 6 176
3 5 7 10 11 1 8
3 5 7 10 0 12 33
3 5 7 9 6 7 97
3 5 7 8 12 2 162
3 5 7 8 1 13 187
3 5 7 7 7 8 64
3 5 7 6 13 3 2
3 5 7 6 2 14 181
3 5 7 5 8 9 155
3 5 7 4 14 4 16
3 5 7 4 3 15 198
3 5 7 3 9 10 127
3 5 7 2 15 5 2
3 5 7 2 4 16 133
3 5 7 1 21 0 135
3 5 7 1 10 11 197
3 5 7 0 16 6 120
3 5 7 0 5 17 129
3 5 6 18 5 0 23
3 5 6 17 0 6 160
3 5 6 16 6 1 10
3 5 6 15 1 7 126
3 5 6 14 7 2 98
3 5 6 13 2 8 176
3 5 6 12 8 3 196
3 5 6 11 3 9 99
3 5 6 10 9 4 93
3 5 6 9 4 10 156
3 5 6 8 10 5 46
3 5 6 7 16 0 183
3 5 6 7 5 11 102
3 5 6 6 11 6 82
3 5 6 6 0 17 196
3 5 6 5 17 1 41
3 5 6 5 6 12 119
3 5 6 4 12 7 139
3 5 6 4 1 18 61
3 5 6 3 18 2 164
3 5 6 3 7 13 14
3 5 6 2 13 8 12
3 5 6 2 2 19 20
3 5 6 1 8 14 36
3 5 6 0 14 9 107
3 5 6 0 3 20 41
3 5 5 24 0 0 79
3 5 5 22 1 1 4
3 5 5 20 2 2 150
3 5 5 18 3 3 146
3 5 5 16 4 4 187
3 5 5 14 5 5 197
3 5 5 13 11 0 32
3 5 5 13 0 11 80
3 5 5 12 6 6 68
3 5 5 11 12 1 125
3 5 5 11 1 12 52
3 5 5 10 7 7 192
3 5 5 9 13 2 142
3 5 5 9 2 13 152
3 5 5 8 8 8 101
3 5 5 7 14 3 92
3 5 5 7 3 14 170
3 5 5 6 9 9 159
3 5 5 5 15 4 119
3 5 5 5 4 15 56
3 5 5 4 10 10 55
3 5 5 3 16 5 25
3 5 5 3 5 16 52
3 5 5 2 22 0 46
3 5 5 2 11 11 83
3 5 5 2 0 22 136
3 5 5 1 17 6 110
3 5 5 1 6 17 144
3 5 5 0 23 1 174
3 5 5 0 12 12 60
3 5 5 0 1 23 86
3 5 4 20 0 5 47
3 5 4 19 6 0 87
3 5 4 18 1 6 159
3 5 4 17 7 1 50
3 5 4 16 2 7 85
3 5 4 15 8 2 160
3 5 4 14 3 8 23
3 5 4 13 9 3 44
3 5 4 12 4 9 113
3 5 4 11 10 4 126
3 5 4 10 5 10 101
3 5 4 9 11 5 64
3 5 4 9 0 16 60
3 5 4 8 17 0 83
3 5 4 8 6 11 129
3 5 4 7 12 6 9
3 5 4 7 1 17 162
3 5 4 6 18 1 168
3 5 4 6 7 12 181
3 5 4 5 13 7 95
3 5 4 5 2 18 166
3 5 4 4 19 2 43
3 5 4 4 8 13 14
3 5 4 3 14 8 35
3 5 4 3 3 19 9
3 5 4 2 20 3 136
3 5 4 2 9 14 92
3 5 4 1 15 9 67
3 5 4 1 4 20 154
3 5 4 0 21 4 148
3 5 4 0 10 15 97
3 5 3 25 1 0 183
3 5 3 23 2 1 22
3 5 3 21 3 2 24
3 5 3 19 4 3 191
3 5 3 17 5 4 10
3 5 3 16 0 10 174
3 5 3 15 6 5 5
3 5 3 14 12 0 108
3 5 3 14 1 11 30
3 5 3 13 7 6 178
3 5 3 12 13 1 9
3 5 3 12 2 12 187
3 5 3 11 8 7 120
3 5 3 10 14 2 159
3 5 3 10 3 13 178
3 5 3 9 9 8 119
3 5 3 8 15 3 140
3 5 3 8 4 14 137
3 5 3 7 10 9 37
3 5 3 6 16 4 10
3 5 3 6 5 15 5
3 5 3 5 11 10 35
3 5 3 5 0 21 114
3 5 3 4 17 5 156
3 5 3 4 6 16 149
3 5 3 3 23 0 104
3 5 3 3 12 11 141
3 5 3 3 1 22 91
3 5 3 2 18 6 150
3 5 3 2 7 17 9
3 5 3 1 24 1 55
3 5 3 1 13 12 32
3 5 3 1 2 23 46
3 5 3 0 19 7 64
3 5 3 0 8 18 100
3 5 2 23 0 4 176
3 5 2 21 1 5 156
3 5 2 20 7 0 76
3 5 2 19 2 6 102
3 5 2 18 8 1 20
3 5 2 17 3 7 158
3 5 2 16 9 2 190
3 5 2 15 4 8 57
3 5 2 14 10 3 84
3 5 2 13 5 9 83
3 5 2 12 11 4 4
3 5 2 12 0 15 21
3 5 2 11 6 10 11
3 5 2 10 12 5 111
3 5 2 10 1 16 33
3 5 2 9 18 0 1
3 5 2 9 7 11 182
3 5 2 8 13 6 123
3 5 2 8 2 17 92
3 5 2 7 19 1 88
3 5 2 7 8 12 148
3 5 2 6 14 7 152
3 5 2 6 3 18 170
3 5 2 5 20 2 193
3 5 2 5 9 13 62
3 5 2 4 15 8 143
3 5 2 4 4 19 42
3 5 2 3 21 3 22
3 5 2 3 10 14 4
3 5 2 2 16 9 78
3 5 2 2 5 20 89
3 5 2 1 22 4 107
3 5 2 1 11 15 138
3 5 2 1 0 26 105
3 5 2 0 17 10 28
3 5 2 0 6 21 40
3 5 1 26 2 0 165
3 5 1 24 3 1 127
3 5 1 22 4 2 47
3 5 1 20 5 3 84
3 5 1 19 0 9 143
3 5 1 18 6 4 90
3 5 1 17 1 10 35
3 5 1 16 7 5 90
3 5 1 15 13 0 124
3 5 1 15 2 11 21
3 5 1 14 8 6 39
3 5 1 13 14 1 189
3 5 1 13 3 12 99
3 5 1 12 9 7 6
3 5 1 11 15 2 12
3 5 1 11 4 13 40
3 5 1 10 10 8 19
3 5 1 9 16 3 141
3 5 1 9 5 14 186
3 5 1 8 11 9 13
3 5 1 8 0 20 24
3 5 1 7 17 4 102
3 5 1 7 6 15 40
3 5 1 6 12 10 162
3 5 1 6 1 21 85
3 5 1 5 18 5 7
3 5 1 5 7 16 83
3 5 1 4 24 0 152
3 5 1 4 13 11 71
3 5 1 4 2 22 134
3 5 1 3 19 6 177
3 5 1 3 8 17 106
3 5 1 2 25 1 141
3 5 1 2 14 12 75
3 5 1 2 3 23 106
3 5 1 1 20 7 172
3 5 1 1 9 18 26
3 5 1 0 26 2 71
3 5 1 0 15 13 30
3 5 1 0 4 24 6
3 5 0 26 0 3 194
3 5 0 24 1 4 66
3 5 0 22 2 5 29
3 5 0 21 8 0 1
3 5 0 20 3 6 57
3 5 0 19 9 1 96
3 5 0 18 4 7 39
3 5 0 17 10 2 45
3 5 0 16 5 8 163
3 5 0 15 11 3 60
3 5 0 15 0 14 83
3 5 0 14 6 9 159
3 5 0 13 12 4 41
3 5 0 13 1 15 124
3 5 0 12 7 10 66
3 5 0 11 13 5 103
3 5 0 11 2 16 197
3 5 0 10 19 0 7
3 5 0 9 14 6 6
3 5 0 9 3 17 193
3 5 0 8 20 1 58
3 5 0 8 9 12 161
3 5 0 7 15 7 116
3 5 0 7 4 18 119
3 5 0 6 21 2 29
3 5 0 6 10 13 16
3 5 0 5 16 8 33
3 5 0 5 5 19 173
3 5 0 4 22 3 118
3 5 0 4 11 14 33
3 5 0 4 0 25 40
3 5 0 3 17 9 75
3 5 0 3 6 20 108
3 5 0 2 23 4 37
3 5 0 2 12 15 47
3 5 0 2 1 26 52
3 5 0 1 18 10 44
3 5 0 1 7 21 4
3 5 0 0 24 5 115
3 5 0 0 13 16 161
3 5 0 0 2 27 152
3 4 27 0 3 0 60
3 4 26 2 0 2 172
3 4 26 0 1 3 39
3 4 25 1 4 0 143
3 4 24 5 0 1 56
3 4 24 3 1 2 118
3 4 24 1 2 3 116
3 4 23 2 5 0 29
3 4 23 1 0 6 93
3 4 23 0 6 1 194
3 4 22 8 0 0 51
3 4 22 6 1 1 99
3 4 22 4 2 2 58
3 4 22 2 3 3 123
3 4 22 0 4 4 94
3 4 21 4 0 5 130
3 4 21 3 6 0 19
3 4 21 2 1 6 61
3 4 21 1 7 1 65
3 4 21 0 2 7 19
3 4 20 9 1 0 28
3 4 20 7 2 1 35
3 4 20 5 3 2 8
3 4 20 3 4 3 138
3 4 20 1 5 4 97
3 4 20 0 0 10 109
3 4 19 7 0 4 165
3 4 19 5 1 5 144
3 4 19 4 7 0 178
3 4 19 3 2 6 153
3 4 19 2 8 1 179
3 4 19 1 3 7 167
3 4 19 0 9 2 27
3 4 18 10 2 0 17
3 4 18 8 3 1 134
3 4 18 6 4 2 109
3 4 18 4 5 3 123
3 4 18 3 0 9 84
3 4 18 2 6 4 39
3 4 18 1 1 10 53
3 4 18 0 7 5 29
3 4 17 10 0 3 40
3 4 17 8 1 4 132
3 4 17 6 2 5 29
3 4 17 5 8 0 101
3 4 17 4 3 6 116
3 4 17 3 9 1 126
3 4 17 2 4 7 144
3 4 17 1 10 2 42
3 4 17 0 5 8 103
3 4 16 11 3 0 97
3 4 16 9 4 1 70
3 4 16 7 5 2 99
3 4 16 6 0 8 178
3 4 16 5 6 3 33
3 4 16 4 1 9 41
3 4 16 3 7 4 58
3 4 16 2 2 10 155
3 4 16 1 8 5 183
3 4 16 0 14 0 157
3 4 16 0 3 11 154
3 4 15 13 0 2 164
3 4 15 11 1 3 49
3 4 15 9 2 4 157
3 4 15 7 3 5 101
3 4 15 6 9 0 126
3 4 15 5 4 6 44
3 4 15 4 10 1 52
3 4 15 3 5 7 5
3 4 15 2 11 2 67
3 4 15 2 0 13 196
3 4 15 1 6 8 133
3 4 15 0 12 3 192
3 4 15 0 1 14 103
3 4 14 12 4 0 38
3 4 14 10 5 1 118
3 4 14 9 0 7 115
3 4 14 8 6 2 44
3 4 14 7 1 8 76
3 4 14 6 7 3 25
3 4 14 5 2 9 134
3 4 14 4 8 4 93
3 4 14 3 3 10 190
3 4 14 2 9 5 176
3 4 14 1 15 0 69
3 4 14 1 4 11 92
3 4 14 0 10 6 56
3 4 13 16 0 1 114
3 4 13 14 1 2 142
3 4 13 12 2 3 118
3 4 13 10 3 4 106
3 4 13 8 4 5 147
3 4 13 7 10 0 19
3 4 13 6 5 6 129
3 4 13 5 11 1 167
3 4 13 5 0 12 160
3 4 13 4 6 7 144
3 4 13 3 12 2 126
3 4 13 3 1 13 159
3 4 13 2 7 8 197
3 4 13 1 13 3 189
3 4 13 1 2 14 84
3 4 13 0 8 9 137
3 4 12 13 5 0 69
3 4 12 12 0 6 146
3 4 12 11 6 1 99
3 4 12 10 1 7 165
3 4 12 9 7 2 110
3 4 12 8 2 8 141
3 4 12 7 8 3 184
3 4 12 6 3 9 188
3 4 12 5 9 4 35
3 4 12 4 4 10 130
3 4 12 3 10 5 73
3 4 12 2 16 0 156
3 4 12 2 5 11 160
3 4 12 1 11 6 158
3 4 12 1 0 17 50
3 4 12 0 17 1 50
3 4 12 0 6 12 166
3 4 11 19 0 0 10
3 4 11 17 1 1 169
3 4 11 15 2 2 49
3 4 11 13 3 3 135
3 4 11 11 4 4 187
3 4 11 8 11 0 157
3 4 11 8 0 11 50
3 4 11 7 6 6 29
3 4 11 6 12 1 120
3 4 11 6 1 12 63
3 4 11 5 7 7 94
3 4 11 4 13 2 86
3 4 11 4 2 13 70
3 4 11 3 8 8 63
3 4 11 2 14 3 6
3 4 11 2 3 14 131
3 4 11 1 9 9 62
3 4 11 0 15 4 116
3 4 11 0 4 15 94
3 4 10 15 0 5 79
3 4 10 14 6 0 191
3 4 10 13 1 6 176
3 4 10 12 7 1 109
3 4 10 11 2 7 19
3 4 10 10 8 2 92
3 4 10 9 3 8 68
3 4 10 8 9 3 70
3 4 10 7 4 9 106
3 4 10 6 10 4 175
3 4 10 5 5 10 177
3 4 10 4 11 5 171
3 4 10 4 0 16 127
3 4 10 3 17 0 44
3 4 10 3 6 11 171
3 4 10 2 12 6 61
3 4 10 2 1 17 97
3 4 10 1 18 1 144
3 4 10 1 7 12 58
3 4 10 0 13 7 78
3 4 10 0 2 18 159
3 4 9 20 1 0 11
3 4 9 18 2 1 158
3 4 9 16 3 2 54
3 4 9 14 4 3 9
3 4 9 12 5 4 55
3 4 9 11 0 10 51
3 4 9 10 6 5 14
3 4 9 9 12 0 107
3 4 9 9 1 11 175
3 4 9 8 7 6 168
3 4 9 7 13 1 155
3 4 9 7 2 12 77
3 4 9 6 8 7 190
3 4 9 5 14 2 33
3 4 9 5 3 13 61
3 4 9 4 9 8 10
3 4 9 3 15 3 181
3 4 9 3 4 14 125
3 4 9 2 10 9 170
3 4 9 1 16 4 8
3 4 9 1 5 15 56
3 4 9 0 11 10 23
3 4 9 0 0 21 37
3 4 8 18 0 4 160
3 4 8 16 1 5 157
3 4 8 15 7 0 147
3 4 8 14 2 6 60
3 4 8 13 8 1 173
3 4 8 12 3 7 105
3 4 8 11 9 2 138
3 4 8 10 4 8 61
3 4 8 9 10 3 34
3 4 8 8 5 9 27
3 4 8 7 11 4 170
3 4 8 7 0 15 52
3 4 8 6 6 10 59
3 4 8 5 12 5 125
3 4 8 5 1 16 188
3 4 8 4 18 0 170
3 4 8 4 7 11 14
3 4 8 3 13 6 169
3 4 8 3 2 17 21
3 4 8 2 19 1 39
3 4 8 2 8 12 42
3 4 8 1 14 7 172
3 4 8 1 3 18 46
3 4 8 0 20 2 135
3 4 8 0 9 13 166
3 4 7 21 2 0 179
3 4 7 19 3 1 40
3 4 7 17 4 2 104
3 4 7 15 5 3 119
3 4 7 14 0 9 42
3 4 7 13 6 4 154
3 4 7 12 1 10 13
3 4 7 11 7 5 137
3 4 7 10 13 0 132
3 4 7 10 2 11 28
3 4 7 9 8 6 170
3 4 7 8 14 1 76
3 4 7 8 3 12 109
3 4 7 7 9 7 198
3 4 7 6 15 2 47
3 4 7 6 4 13 72
3 4 7 5 10 8 20
3 4 7 4 16 3 73
3 4 7 4 5 14 150
3 4 7 3 11 9 122
3 4 7 3 0 20 128
3 4 7 2 17 4 79
3 4 7 2 6 15 153
3 4 7 1 12 10 143
3 4 7 1 1 21 151
3 4 7 0 18 5 78
3 4 7 0 7 16 73
3 4 6 21 0 3 17
3 4 6 19 1 4 93
3 4 6 17 2 5 91
3 4 6 16 8 0 46
3 4 6 15 3 6 86
3 4 6 14 9 1 144
3 4 6 13 4 7 191
3 4 6 12 10 2 47
3 4 6 11 5 8 9
3 4 6 10 11 3 66
3 4 6 10 0 14 157
3 4 6 9 6 9 142
3 4 6 8 12 4 173
3 4 6 8 1 15 7
3 4 6 7 7 10 36
3 4 6 6 13 5 85
3 4 6 6 2 16 159
3 4 6 5 19 0 193
3 4 6 5 8 11 114
3 4 6 4 14 6 34
3 4 6 4 3 17 186
3 4 6 3 20 1 149
3 4 6 3 9 12 116
3 4 6 2 15 7 173
3 4 6 2 4 18 44
3 4 6 1 21 2 19
3 4 6 1 10 13 50
3 4 6 0 16 8 169
3 4 6 0 5 19 141
3 4 5 22 3 0 58
3 4 5 20 4 1 17
3 4 5 18 5 2 43
3 4 5 17 0 8 24
3 4 5 16 6 3 7
3 4 5 15 1 9 68
3 4 5 14 7 4 81
3 4 5 13 2 10 47
3 4 5 12 8 5 136
3 4 5 11 14 0 72
3 4 5 11 3 11 142
3 4 5 10 9 6 93
3 4 5 9 15 1 80
3 4 5 9 4 12 88
3 4 5 8 10 7 68
3 4 5 7 16 2 182
3 4 5 7 5 13 197
3 4 5 6 11 8 122
3 4 5 6 0 19 30
3 4 5 5 17 3 153
3 4 5 5 6 14 55
3 4 5 4 12 9 97
3 4 5 4 1 20 47
3 4 5 3 18 4 108
3 4 5 3 7 15 141
3 4 5 2 13 10 157
3 4 5 2 2 21 143
3 4 5 1 19 5 60
3 4 5 1 8 16 133
3 4 5 0 25 0 185
3 4 5 0 14 11 116
3 4 5 0 3 22 196
3 4 4 24 0 2 62
3 4 4 22 1 3 195
3 4 4 20 2 4 33
3 4 4 18 3 5 197
3 4 4 17 9 0 105
3 4 4 16 4 6 95
3 4 4 15 10 1 124
3 4 4 14 5 7 32
3 4 4 13 11 2 138
3 4 4 13 0 13 10
3 4 4 12 6 8 98
3 4 4 11 12 3 88
3 4 4 11 1 14 172
3 4 4 10 7 9 156
3 4 4 9 13 4 16
3 4 4 9 2 15 82
3 4 4 8 8 10 178
3 4 4 7 14 5 147
3 4 4 7 3 16 165
3 4 4 6 20 0 142
3 4 4 6 9 11 111
3 4 4 5 15 6 25
3 4 4 5 4 17 159
3 4 4 4 21 1 69
3 4 4 4 10 12 139
3 4 4 3 16 7 195
3 4 4 3 5 18 48
3 4 4 2 22 2 197
3 4 4 2 11 13 52
3 4 4 2 0 24 106
3 4 4 1 17 8 141
3 4 4 1 6 19 31
3 4 4 0 23 3 10
3 4 4 0 12 14 73
3 4 4 0 1 25 43
3 4 3 23 4 0 176
3 4 3 21 5 1 56
3 4 3 20 0 7 109
3 4 3 19 6 2 176
3 4 3 18 1 8 14
3 4 3 17 7 3 190
3 4 3 15 8 4 185
3 4 3 14 3 10 117
3 4 3 13 9 5 63
3 4 3 12 15 0 151
3 4 3 12 4 11 86
3 4 3 11 10 6 24
3 4 3 10 16 1 69
3 4 3 10 5 12 17
3 4 3 9 11 7 145
3 4 3 9 0 18 5
3 4 3 8 17 2 78
3 4 3 8 6 13 131
3 4 3 7 12 8 1
3 4 3 7 1 19 121
3 4 3 6 18 3 93
3 4 3 6 7 14 114
3 4 3 5 13 9 109
3 4 3 5 2 20 146
3 4 3 4 19 4 169
3 4 3 4 8 15 159
3 4 3 3 14 10 4
3 4 3 3 3 21 94
3 4 3 2 20 5 135
3 4 3 2 9 16 92
3 4 3 1 26 0 160
3 4 3 1 15 11 197
3 4 3 1 4 22 183
3 4 3 0 21 6 19
3 4 3 0 10 17 30
3 4 2 27 0 1 66
3 4 2 25 1 2 14
3 4 2 23 2 3 59
3 4 2 21 3 4 73
3 4 2 19 4 5 44
3 4 2 18 10 0 95
3 4 2 17 5 6 26
3 4 2 16 11 1 167
3 4 2 16 0 12 47
3 4 2 15 6 7 52
3 4 2 14 12 2 24
3 4 2 14 1 13 64
3 4 2 13 7 8 23
3 4 2 12 13 3 26
3 4 2 12 2 14 162
3 4 2 11 8 9 156
3 4 2 10 14 4 112
3 4 2 10 3 15 42
3 4 2 9 9 10 34
3 4 2 8 15 5 165
3 4 2 8 4 16 60
3 4 2 7 21 0 167
3 4 2 7 10 11 32
3 4 2 6 16 6 102
3 4 2 6 5 17 1
3 4 2 5 22 1 30
3 4 2 5 11 12 194
3 4 2 5 0 23 105
3 4 2 4 17 7 56
3 4 2 4 6 18 155
3 4 2 3 23 2 158
3 4 2 3 12 13 53
3 4 2 3 1 24 3
3 4 2 2 18 8 145
3 4 2 2 7 19 111
3 4 2 1 24 3 117
3 4 2 1 13 14 198
3 4 2 1 2 25 106
3 4 2 0 19 9 45
3 4 2 0 8 20 56
3 4 1 24 5 0 160
3 4 1 23 0 6 124
3 4 1 22 6 1 40
3 4 1 21 1 7 35
3 4 1 20 7 2 130
3 4 1 19 2 8 56
3 4 1 18 8 3 155
3 4 1 17 3 9 112
3 4 1 16 9 4 193
3 4 1 15 4 10 36
3 4 1 14 10 5 151
3 4 1 13 16 0 97
3 4 1 13 5 11 190
3 4 1 12 11 6 118
3 4 1 12 0 17 8
3 4 1 11 17 1 68
3 4 1 11 6 12 60
3 4 1 10 12 7 89
3 4 1 10 1 18 119
3 4 1 9 18 2 105
3 4 1 9 7 13 158
3 4 1 8 13 8 29
3 4 1 8 2 19 192
3 4 1 7 19 3 63
3 4 1 7 8 14 114
3 4 1 6 14 9 3
3 4 1 6 3 20 115
3 4 1 5 20 4 172
3 4 1 5 9 15 143
3 4 1 4 15 10 154
3 4 1 4 4 21 193
3 4 1 3 21 5 190
3 4 1 3 10 16 92
3 4 1 2 27 0 45
3 4 1 2 16 11 38
3 4 1 2 5 22 68
3 4 1 1 22 6 23
3 4 1 1 11 17 37
3 4 1 1 0 28 97
3 4 1 0 28 1 27
3 4 1 0 17 12 194
3 4 1 0 6 23 144
3 4 0 30 0 0 116
3 4 0 28 1 1 168
3 4 0 26 2 2 41
3 4 0 24 3 3 196
3 4 0 22 4 4 158
3 4 0 20 5 5 108
3 4 0 19 11 0 197
3 4 0 19 0 11 112
3 4 0 18 6 6 36
3 4 0 17 12 1 188
3 4 0 17 1 12 172
3 4 0 16 7 7 119
3 4 0 15 13 2 92
3 4 0 15 2 13 14
3 4 0 14 8 8 173
3 4 0 13 14 3 170
3 4 0 13 3 14 82
3 4 0 12 9 9 31
3 4 0 11 15 4 160
3 4 0 11 4 15 60
3 4 0 10 10 10 95
3 4 0 9 16 5 173
3 4 0 9 5 16 119
3 4 0 8 22 0 141
3 4 0 8 11 11 24
3 4 0 8 0 22 48
3 4 0 7 17 6 175
3 4 0 7 6 17 43
3 4 0 6 23 1 178
3 4 0 6 12 12 125
3 4 0 6 1 23 144
3 4 0 5 18 7 85
3 4 0 5 7 18 54
3 4 0 4 24 2 173
3 4 0 4 13 13 75
3 4 0 4 2 24 19
3 4 0 3 19 8 39
3 4 0 3 8 19 33
3 4 0 2 25 3 136
3 4 0 2 14 14 140
3 4 0 2 3 25 86
3 4 0 1 20 9 186
3 4 0 1 9 20 179
3 4 0 0 26 4 144
3 4 0 0 15 15 194
3 4 0 0 4 26 113
3 3 30 0 0 1 80
3 3 28 3 0 0 156
3 3 28 1 1 1 180
3 3 26 4 1 0 111
3 3 26 2 2 1 58
3 3 26 0 3 2 21
3 3 25 2 0 4 63
3 3 25 0 1 5 10
3 3 24 5 2 0 187
3 3 24 3 3 1 189
3 3 24 1 4 2 47
3 3 23 5 0 3 109
3 3 23 3 1 4 166
3 3 23 1 2 5 161
3 3 23 0 8 0 116
3 3 22 6 3 0 193
3 3 22 4 4 1 90
3 3 22 2 5 2 132
3 3 22 1 0 8 82
3 3 22 0 6 3 58
3 3 21 8 0 2 3
3 3 21 6 1 3 24
3 3 21 4 2 4 172
3 3 21 2 3 5 86
3 3 21 1 9 0 98
3 3 21 0 4 6 176
3 3 20 7 4 0 33
3 3 20 5 5 1 32
3 3 20 4 0 7 168
3 3 20 3 6 2 81
3 3 20 2 1 8 31
3 3 20 1 7 3 196
3 3 20 0 2 9 93
3 3 19 11 0 1 82
3 3 19 9 1 2 36
3 3 19 7 2 3 13
3 3 19 5 3 4 43
3 3 19 3 4 5 102
3 3 19 2 10 0 41
3 3 19 1 5 6 169
3 3 19 0 11 1 134
3 3 19 0 0 12 157
3 3 18 8 5 0 196
3 3 18 7 0 6 86
3 3 18 6 6 1 124
3 3 18 5 1 7 20
3 3 18 4 7 2 132
3 3 18 3 2 8 110
3 3 18 2 8 3 198
3 3 18 1 3 9 171
3 3 18 0 9 4 72
3 3 17 14 0 0 157
3 3 17 12 1 1 15
3 3 17 10 2 2 165
3 3 17 8 3 3 153
3 3 17 6 4 4 118
3 3 17 4 5 5 53
3 3 17 3 11 0 42
3 3 17 3 0 11 62
3 3 17 2 6 6 24
3 3 17 1 12 1 41
3 3 17 1 1 12 185
3 3 17 0 7 7 40
3 3 16 10 0 5 1
3 3 16 9 6 0 94
3 3 16 8 1 6 62
3 3 16 7 7 1 51
3 3 16 6 2 7 78
3 3 16 5 8 2 2
3 3 16 4 3 8 93
3 3 16 3 9 3 97
3 3 16 2 4 9 46
3 3 16 1 10 4 56
3 3 16 0 5 10 132
3 3 15 15 1 0 11
3 3 15 13 2 1 96
3 3 15 11 3 2 125
3 3 15 9 4 3 104
3 3 15 7 5 4 117
3 3 15 6 0 10 8
3 3 15 5 6 5 22
3 3 15 4 12 0 1
3 3 15 4 1 11 82
3 3 15 3 7 6 120
3 3 15 2 13 1 91
3 3 15 2 2 12 185
3 3 15 1 8 7 42
3 3 15 0 14 2 125
3 3 15 0 3 13 89
3 3 14 13 0 4 108
3 3 14 11 1 5 141
3 3 14 10 7 0 130
3 3 14 9 2 6 146
3 3 14 8 8 1 89
3 3 14 7 3 7 52
3 3 14 6 9 2 23
3 3 14 5 4 8 22
3 3 14 4 10 3 95
3 3 14 3 5 9 119
3 3 14 2 11 4 13
3 3 14 2 0 15 186
3 3 14 1 6 10 198
3 3 14 0 12 5 108
3 3 14 0 1 16 95
3 3 13 16 2 0 24
3 3 13 14 3 1 75
3 3 13 12 4 2 9
3 3 13 10 5 3 47
3 3 13 9 0 9 143
3 3 13 8 6 4 53
3 3 13 7 1 10 130
3 3 13 6 7 5 73
3 3 13 5 13 0 62
3 3 13 5 2 11 34
3 3 13 4 8 6 19
3 3 13 3 14 1 171
3 3 13 2 9 7 147
3 3 13 1 15 2 140
3 3 13 1 4 13 19
3 3 13 0 10 8 181
3 3 12 16 0 3 102
3 3 12 14 1 4 187
3 3 12 12 2 5 135
3 3 12 11 8 0 109
3 3 12 10 3 6 159
3 3 12 9 9 1 51
3 3 12 8 4 7 29
3 3 12 7 10 2 32
3 3 12 6 5 8 93
3 3 12 5 11 3 193
3 3 12 5 0 14 137
3 3 12 4 6 9 75
3 3 12 3 12 4 181
3 3 12 3 1 15 174
3 3 12 2 7 10 5
3 3 12 1 13 5 11
3 3 12 1 2 16 10
3 3 12 0 19 0 43
3 3 12 0 8 11 121
3 3 11 17 3 0 44
3 3 11 15 4 1 126
3 3 11 12 0 8 142
3 3 11 11 6 3 164
3 3 11 10 1 9 146
3 3 11 9 7 4 36
3 3 11 8 2 10 19
3 3 11 7 8 5 12
3 3 11 6 14 0 155
3 3 11 6 3 11 123
3 3 11 5 9 6 66
3 3 11 4 15 1 139
3 3 11 4 4 12 61
3 3 11 3 10 7 168
3 3 11 2 16 2 85
3 3 11 2 5 13 106
3 3 11 1 11 8 183
3 3 11 1 0 19 98
3 3 11 0 17 3 112
3 3 11 0 6 14 134
3 3 10 19 0 2 175
3 3 10 17 1 3 95
3 3 10 15 2 4 124
3 3 10 12 9 0 146
3 3 10 11 4 6 193
3 3 10 10 10 1 12
3 3 10 9 5 7 100
3 3 10 8 11 2 138
3 3 10 8 0 13 13
3 3 10 7 6 8 82
3 3 10 6 12 3 172
3 3 10 6 1 14 36
3 3 10 5 7 9 136
3 3 10 4 13 4 54
3 3 10 4 2 15 21
3 3 10 3 8 10 81
3 3 10 2 14 5 126
3 3 10 2 3 16 176
3 3 10 1 20 0 192
3 3 10 1 9 11 62
3 3 10 0 15 6 17
3 3 10 0 4 17 54
3 3 9 18 4 0 51
3 3 9 16 5 1 156
3 3 9 15 0 7 86
3 3 9 14 6 2 112
3 3 9 13 1 8 90
3 3 9 12 7 3 115
3 3 9 11 2 9 109
3 3 9 10 8 4 85
3 3 9 9 3 10 109
3 3 9 8 9 5 90
3 3 9 7 15 0 95
3 3 9 7 4 11 106
3 3 9 6 10 6 111
3 3 9 5 16 1 139
3 3 9 5 5 12 193
3 3 9 4 11 7 36
3 3 9 4 0 18 33
3 3 9 3 17 2 195
3 3 9 3 6 13 109
3 3 9 2 12 8 63
3 3 9 2 1 19 74
3 3 9 1 18 3 149
3 3 9 1 7 14 5
3 3 9 0 13 9 137
3 3 9 0 2 20 61
3 3 8 22 0 1 99
3 3 8 20 1 2 61
3 3 8 18 2 3 121
3 3 8 16 3 4 129
3 3 8 14 4 5 28
3 3 8 13 10 0 39
3 3 8 12 5 6 110
3 3 8 11 11 1 2
3 3 8 11 0 12 173
3 3 8 10 6 7 166
3 3 8 9 12 2 95
3 3 8 9 1 13 66
3 3 8 8 7 8 101
3 3 8 7 13 3 26
3 3 8 7 2 14 140
3 3 8 6 8 9 51
3 3 8 5 14 4 127
3 3 8 5 3 15 163
3 3 8 4 9 10 194
3 3 8 3 15 5 49
3 3 8 3 4 16 67
3 3 8 2 21 0 73
3 3 8 2 10 11 3
3 3 8 1 16 6 162
3 3 8 1 5 17 41
3 3 8 0 22 1 47
3 3 8 0 11 12 196
3 3 8 0 0 23 7
3 3 7 19 5 0 123
3 3 7 18 0 6 22
3 3 7 17 6 1 91
3 3 7 16 1 7 62
3 3 7 15 7 2 10
3 3 7 14 2 8 139
3 3 7 13 8 3 151
3 3 7 12 3 9 72
3 3 7 11 9 4 110
3 3 7 10 4 10 174
3 3 7 9 10 5 62
3 3 7 8 16 0 191
3 3 7 8 5 11 153
3 3 7 7 11 6 180
3 3 7 7 0 17 24
3 3 7 6 17 1 126
3 3 7 6 6 12 20
3 3 7 5 12 7 59
3 3 7 5 1 18 147
3 3 7 4 18 2 26
3 3 7 4 7 13 27
3 3 7 3 13 8 78
3 3 7 3 2 19 165
3 3 7 2 19 3 53
3 3 7 2 8 14 68
3 3 7 1 14 9 55
3 3 7 1 3 20 141
3 3 7 0 20 4 92
3 3 7 0 9 15 122
3 3 6 25 0 0 69
3 3 6 23 1 1 93
3 3 6 21 2 2 93
3 3 6 19 3 3 162
3 3 6 17 4 4 163
3 3 6 15 5 5 127
3 3 6 14 11 0 34
3 3 6 14 0 11 57
3 3 6 13 6 6 93
3 3 6 12 12 1 83
3 3 6 12 1 12 129
3 3 6 11 7 7 143
3 3 6 10 13 2 151
3 3 6 10 2 13 69
3 3 6 9 8 8 103
3 3 6 8 14 3 48
3 3 6 8 3 14 73
3 3 6 7 9 9 20
3 3 6 6 15 4 128
3 3 6 6 4 15 65
3 3 6 4 16 5 160
3 3 6 4 5 16 168
3 3 6 3 22 0 138
3 3 6 3 11 11 130
3 3 6 3 0 22 75
3 3 6 2 17 6 88
3 3 6 2 6 17 138
3 3 6 1 23 1 75
3 3 6 1 12 12 139
3 3 6 1 1 23 93
3 3 6 0 18 7 97
3 3 6 0 7 18 26
3 3 5 21 0 5 168
3 3 5 20 6 0 126
3 3 5 19 1 6 17
3 3 5 18 7 1 93
3 3 5 17 2 7 186
3 3 5 16 8 2 130
3 3 5 15 3 8 146
3 3 5 14 9 3 28
3 3 5 13 4 9 3
3 3 5 12 10 4 66
3 3 5 11 5 10 52
3 3 5 10 11 5 148
3 3 5 10 0 16 88
3 3 5 9 17 0 13
3 3 5 9 6 11 5
3 3 5 8 12 6 134
3 3 5 8 1 17 150
3 3 5 7 18 1 189
3 3 5 7 7 12 150
3 3 5 6 13 7 186
3 3 5 6 2 18 125
3 3 5 5 19 2 45
3 3 5 5 8 13 43
3 3 5 4 14 8 20
3 3 5 4 3 19 180
3 3 5 3 20 3 156
3 3 5 3 9 14 106
3 3 5 2 15 9 154
3 3 5 2 4 20 73
3 3 5 1 21 4 112
3 3 5 1 10 15 70
3 3 5 0 16 10 45
3 3 5 0 5 21 112
3 3 4 26 1 0 74
3 3 4 24 2 1 164
3 3 4 22 3 2 27
3 3 4 20 4 3 82
3 3 4 18 5 4 8
3 3 4 17 0 10 66
3 3 4 16 6 5 8
3 3 4 15 12 0 40
3 3 4 15 1 11 84
3 3 4 14 7 6 24
3 3 4 13 13 1 181
3 3 4 13 2 12 69
3 3 4 12 8 7 162
3 3 4 11 14 2 146
3 3 4 11 3 13 175
3 3 4 10 9 8 155
3 3 4 9 15 3 10
3 3 4 9 4 14 105
3 3 4 8 10 9 90
3 3 4 7 16 4 23
3 3 4 7 5 15 104
3 3 4 6 11 10 189
3 3 4 6 0 21 76
3 3 4 5 17 5 107
3 3 4 5 6 16 194
3 3 4 4 23 0 163
3 3 4 4 12 11 91
3 3 4 4 1 22 48
3 3 4 3 18 6 9
3 3 4 3 7 17 19
3 3 4 2 24 1 29
3 3 4 2 13 12 64
3 3 4 2 2 23 48
3 3 4 1 19 7 92
3 3 4 1 8 18 138
3 3 4 0 25 2 5
3 3 4 0 14 13 129
3 3 4 0 3 24 122
3 3 3 24 0 4 93
3 3 3 22 1 5 7
3 3 3 21 7 0 103
3 3 3 20 2 6 93
3 3 3 19 8 1 197
3 3 3 18 3 7 66
3 3 3 17 9 2 97
3 3 3 16 4 8 77
3 3 3 15 10 3 31
3 3 3 14 5 9 99
3 3 3 13 11 4 77
3 3 3 13 0 15 119
3 3 3 12 6 10 118
3 3 3 11 12 5 121
3 3 3 11 1 16 148
3 3 3 10 18 0 170
3 3 3 10 7 11 91
3 3 3 9 13 6 87
3 3 3 9 2 17 71
3 3 3 8 19 1 77
3 3 3 8 8 12 75
3 3 3 7 14 7 117
3 3 3 7 3 18 75
3 3 3 6 20 2 2
3 3 3 6 9 13 79
3 3 3 5 15 8 50
3 3 3 5 4 19 72
3 3 3 4 21 3 38
3 3 3 4 10 14 166
3 3 3 3 16 9 73
3 3 3 3 5 20 36
3 3 3 2 22 4 139
3 3 3 2 11 15 124
3 3 3 2 0 26 91
3 3 3 1 17 10 50
3 3 3 1 6 21 125
3 3 3 0 23 5 176
3 3 3 0 12 16 124
3 3 2 27 2 0 193
3 3 2 25 3 1 28
3 3 2 23 4 2 62
3 3 2 21 5 3 147
3 3 2 20 0 9 116
3 3 2 19 6 4 95
3 3 2 18 1 10 147
3 3 2 17 7 5 89
3 3 2 16 13 0 169
3 3 2 16 2 11 149
3 3 2 15 8 6 73
3 3 2 14 14 1 148
3 3 2 14 3 12 98
3 3 2 13 9 7 129
3 3 2 12 15 2 63
3 3 2 12 4 13 113
3 3 2 11 10 8 15
3 3 2 10 16 3 172
3 3 2 10 5 14 45
3 3 2 9 11 9 48
3 3 2 9 0 20 150
3 3 2 8 17 4 195
3 3 2 8 6 15 181
3 3 2 7 12 10 116
3 3 2 7 1 21 65
3 3 2 6 18 5 125
3 3 2 6 7 16 86
3 3 2 5 24 0 41
3 3 2 5 13 11 92
3 3 2 5 2 22 165
3 3 2 4 19 6 97
3 3 2 4 8 17 76
3 3 2 3 25 1 6
3 3 2 3 14 12 151
3 3 2 3 3 23 141
3 3 2 2 20 7 147
3 3 2 2 9 18 191
3 3 2 1 26 2 41
3 3 2 1 15 13 100
3 3 2 1 4 24 96
3 3 2 0 21 8 14
3 3 2 0 10 19 95
3 3 1 27 0 3 65
3 3 1 25 1 4 69
3 3 1 23 2 5 134
3 3 1 22 8 0 78
3 3 1 21 3 6 11
3 3 1 20 9 1 127
3 3 1 19 4 7 137
3 3 1 18 10 2 23
3 3 1 17 5 8 152
3 3 1 16 11 3 8
3 3 1 16 0 14 190
3 3 1 15 6 9 197
3 3 1 14 12 4 137
3 3 1 14 1 15 195
3 3 1 13 7 10 9
3 3 1 12 13 5 150
3 3 1 12 2 16 158
3 3 1 11 19 0 188
3 3 1 11 8 11 84
3 3 1 10 14 6 112
3 3 1 10 3 17 173
3 3 1 9 20 1 193
3 3 1 9 9 12 191
3 3 1 8 15 7 107
3 3 1 8 4 18 186
3 3 1 7 21 2 169
3 3 1 7 10 13 21
3 3 1 6 16 8 58
3 3 1 6 5 19 109
3 3 1 5 22 3 116
3 3 1 5 11 14 67
3 3 1 5 0 25 192
3 3 1 4 17 9 171
3 3 1 4 6 20 67
3 3 1 3 23 4 165
3 3 1 3 12 15 183
3 3 1 3 1 26 161
3 3 1 2 18 10 84
3 3 1 2 7 21 17
3 3 1 1 24 5 133
3 3 1 1 13 16 40
3 3 1 1 2 27 111
3 3 1 0 30 0 5
3 3 1 0 19 11 73
3 3 1 0 8 22 106
3 3 0 28 3 0 116
3 3 0 26 4 1 162
3 3 0 24 5 2 161
3 3 0 23 0 8 176
3 3 0 22 6 3 138
3 3 0 21 1 9 55
3 3 0 20 7 4 99
3 3 0 19 2 10 70
3 3 0 18 8 5 33
3 3 0 17 14 0 137
3 3 0 17 3 11 89
3 3 0 16 9 6 112
3 3 0 15 15 1 10
3 3 0 15 4 12 106
3 3 0 14 10 7 172
3 3 0 13 16 2 119
3 3 0 13 5 13 175
3 3 0 12 11 8 45
3 3 0 12 0 19 150
3 3 0 11 17 3 27
3 3 0 11 6 14 41
3 3 0 10 12 9 42
3 3 0 10 1 20 51
3 3 0 9 18 4 162
3 3 0 9 7 15 6
3 3 0 8 13 10 163
3 3 0 8 2 21 123
3 3 0 7 19 5 85
3 3 0 7 8 16 141
3 3 0 6 25 0 95
3 3 0 6 14 11 71
3 3 0 6 3 22 146
3 3 0 5 20 6 35
3 3 0 5 9 17 103
3 3 0 4 26 1 150
3 3 0 4 15 12 176
3 3 0 4 4 23 174
3 3 0 3 21 7 173
3 3 0 3 10 18 168
3 3 0 2 27 2 65
3 3 0 2 16 13 169
3 3 0 2 5 24 95
3 3 0 1 22 8 134
3 3 0 1 11 19 171
3 3 0 1 0 30 163
3 3 0 0 28 3 176
3 3 0 0 17 14 93
3 3 0 0 6 25 130
3 2 30 0 2 0 190
3 2 29 0 0 3 170
3 2 28 1 3 0 54
3 2 27 3 0 2 86
3 2 27 1 1 3 67
3 2 26 2 4 0 7
3 2 26 0 5 1 90
3 2 25 6 0 1 81
3 2 25 4 1 2 184
3 2 25 2 2 3 66
3 2 25 0 3 4 68
3 2 24 3 5 0 198
3 2 24 2 0 6 186
3 2 24 1 6 1 9
3 2 24 0 1 7 157
3 2 23 9 0 0 60
3 2 23 7 1 1 165
3 2 23 5 2 2 63
3 2 23 3 3 3 151
3 2 23 1 4 4 106
3 2 22 5 0 5 155
3 2 22 4 6 0 46
3 2 22 3 1 6 187
3 2 22 2 7 1 192
3 2 22 1 2 7 59
3 2 22 0 8 2 176
3 2 21 10 1 0 23
3 2 21 8 2 1 158
3 2 21 6 3 2 99
3 2 21 4 4 3 11
3 2 21 2 5 4 18
3 2 21 1 0 10 38
3 2 21 0 6 5 191
3 2 20 8 0 4 35
3 2 20 6 1 5 1
3 2 20 5 7 0 171
3 2 20 4 2 6 130
3 2 20 3 8 1 26
3 2 20 2 3 7 62
3 2 20 1 9 2 77
3 2 20 0 4 8 175
3 2 19 11 2 0 7
3 2 19 9 3 1 111
3 2 19 7 4 2 146
3 2 19 5 5 3 103
3 2 19 4 0 9 153
3 2 19 3 6 4 12
3 2 19 2 1 10 127
3 2 19 1 7 5 43
3 2 19 0 13 0 161
3 2 19 0 2 11 38
3 2 18 11 0 3 73
3 2 18 9 1 4 54
3 2 18 7 2 5 53
3 2 18 6 8 0 156
3 2 18 5 3 6 62
3 2 18 4 9 1 15
3 2 18 3 4 7 66
3 2 18 2 10 2 62
3 2 18 1 5 8 107
3 2 18 0 11 3 62
3 2 18 0 0 14 18
3 2 17 12 3 0 63
3 2 17 10 4 1 96
3 2 17 8 5 2 65
3 2 17 7 0 8 18
3 2 17 6 6 3 105
3 2 17 5 1 9 121
3 2 17 4 7 4 46
3 2 17 3 2 10 99
3 2 17 2 8 5 36
3 2 17 1 14 0 39
3 2 17 1 3 11 40
3 2 17 0 9 6 160
3 2 16 14 0 2 168
3 2 16 12 1 3 149
3 2 16 10 2 4 113
3 2 16 8 3 5 102
3 2 16 7 9 0 140
3 2 16 6 4 6 33
3 2 16 5 10 1 53
3 2 16 4 5 7 148
3 2 16 3 11 2 148
3 2 16 3 0 13 126
3 2 16 2 6 8 97
3 2 16 1 12 3 129
3 2 16 1 1 14 42
3 2 16 0 7 9 93
3 2 15 13 4 0 173
3 2 15 11 5 1 116
3 2 15 10 0 7 169
3 2 15 9 6 2 135
3 2 15 8 1 8 188
3 2 15 7 7 3 128
3 2 15 6 2 9 189
3 2 15 5 8 4 23
3 2 15 4 3 10 179
3 2 15 3 9 5 168
3 2 15 2 15 0 146
3 2 15 2 4 11 67
3 2 15 1 10 6 71
3 2 15 0 16 1 36
3 2 15 0 5 12 172
3 2 14 17 0 1 151
3 2 14 15 1 2 106
3 2 14 13 2 3 144
3 2 14 11 3 4 157
3 2 14 9 4 5 111
3 2 14 8 10 0 68
3 2 14 7 5 6 72
3 2 14 6 11 1 53
3 2 14 6 0 12 16
3 2 14 5 6 7 175
3 2 14 4 12 2 116
3 2 14 3 7 8 194
3 2 14 2 13 3 99
3 2 14 2 2 14 68
3 2 14 1 8 9 162
3 2 14 0 14 4 87
3 2 14 0 3 15 16
3 2 13 14 5 0 101
3 2 13 13 0 6 25
3 2 13 12 6 1 128
3 2 13 11 1 7 75
3 2 13 10 7 2 183
3 2 13 9 2 8 133
3 2 13 8 8 3 130
3 2 13 7 3 9 63
3 2 13 6 9 4 174
3 2 13 5 4 10 188
3 2 13 4 10 5 122
3 2 13 3 16 0 26
3 2 13 3 5 11 72
3 2 13 2 11 6 54
3 2 13 2 0 17 187
3 2 13 1 17 1 29
3 2 13 1 6 12 128
3 2 13 0 12 7 195
3 2 13 0 1 18 59
3 2 12 20 0 0 127
3 2 12 18 1 1 175
3 2 12 16 2 2 166
3 2 12 14 3 3 6
3 2 12 12 4 4 190
3 2 12 10 5 5 196
3 2 12 9 11 0 7
3 2 12 9 0 11 47
3 2 12 8 6 6 37
3 2 12 7 12 1 174
3 2 12 7 1 12 90
3 2 12 6 7 7 161
3 2 12 5 13 2 20
3 2 12 5 2 13 47
3 2 12 4 8 8 52
3 2 12 3 14 3 172
3 2 12 3 3 14 125
3 2 12 2 9 9 137
3 2 12 1 15 4 49
3 2 12 1 4 15 188
3 2 12 0 10 10 33
3 2 11 16 0 5 173
3 2 11 15 6 0 142
3 2 11 14 1 6 130
3 2 11 13 7 1 163
3 2 11 12 2 7 7
3 2 11 11 8 2 134
3 2 11 10 3 8 172
3 2 11 9 9 3 56
3 2 11 8 4 9 58
3 2 11 7 10 4 186
3 2 11 6 5 10 192
3 2 11 5 11 5 145
3 2 11 5 0 16 104
3 2 11 4 17 0 20
3 2 11 4 6 11 42
3 2 11 3 12 6 127
3 2 11 3 1 17 156
3 2 11 2 18 1 168
3 2 11 2 7 12 146
3 2 11 1 13 7 161
3 2 11 1 2 18 174
3 2 11 0 19 2 62
3 2 11 0 8 13 197
3 2 10 21 1 0 133
3 2 10 19 2 1 155
3 2 10 17 3 2 41
3 2 10 15 4 3 60
3 2 10 13 5 4 134
3 2 10 12 0 10 76
3 2 10 11 6 5 69
3 2 10 10 12 0 65
3 2 10 10 1 11 25
3 2 10 9 7 6 86
3 2 10 8 13 1 47
3 2 10 8 2 12 157
3 2 10 7 8 7 197
3 2 10 6 14 2 72
3 2 10 6 3 13 12
3 2 10 5 9 8 179
3 2 10 4 15 3 47
3 2 10 4 4 14 54
3 2 10 3 10 9 183
3 2 10 2 16 4 12
3 2 10 2 5 15 176
3 2 10 1 11 10 35
3 2 10 1 0 21 110
3 2 10 0 17 5 108
3 2 10 0 6 16 126
3 2 9 19 0 4 28
3 2 9 17 1 5 160
3 2 9 16 7 0 52
3 2 9 15 2 6 53
3 2 9 14 8 1 137
3 2 9 13 3 7 133
3 2 9 12 9 2 193
3 2 9 11 4 8 6
3 2 9 10 10 3 140
3 2 9 9 5 9 176
3 2 9 8 11 4 25
3 2 9 8 0 15 105
3 2 9 7 6 10 48
3 2 9 6 12 5 30
3 2 9 6 1 16 66
3 2 9 5 18 0 144
3 2 9 5 7 11 119
3 2 9 4 13 6 172
3 2 9 4 2 17 145
3 2 9 3 19 1 6
3 2 9 3 8 12 155
3 2 9 2 14 7 142
3 2 9 2 3 18 58
3 2 9 1 20 2 151
3 2 9 1 9 13 68
3 2 9 0 15 8 111
3 2 9 0 4 19 162
3 2 8 22 2 0 140
3 2 8 20 3 1 97
3 2 8 18 4 2 68
3 2 8 16 5 3 12
3 2 8 15 0 9 87
3 2 8 14 6 4 47
3 2 8 13 1 10 194
3 2 8 12 7 5 52
3 2 8 11 13 0 93
3 2 8 11 2 11 174
3 2 8 10 8 6 115
3 2 8 9 14 1 195
3 2 8 9 3 12 46
3 2 8 8 9 7 58
3 2 8 7 15 2 74
3 2 8 7 4 13 49
3 2 8 6 10 8 127
3 2 8 5 16 3 188
3 2 8 5 5 14 181
3 2 8 4 11 9 182
3 2 8 4 0 20 136
3 2 8 3 17 4 168
3 2 8 3 6 15 78
3 2 8 2 12 10 68
3 2 8 2 1 21 53
3 2 8 1 18 5 7
3 2 8 1 7 16 124
3 2 8 0 24 0 20
3 2 8 0 13 11 103
3 2 8 0 2 22 9
3 2 7 22 0 3 111
3 2 7 20 1 4 184
3 2 7 18 2 5 181
3 2 7 17 8 0 194
3 2 7 16 3 6 194
3 2 7 15 9 1 155
3 2 7 14 4 7 184
3 2 7 13 10 2 153
3 2 7 12 5 8 160
3 2 7 11 11 3 26
3 2 7 11 0 14 181
3 2 7 10 6 9 91
3 2 7 9 12 4 111
3 2 7 9 1 15 59
3 2 7 8 7 10 17
3 2 7 7 13 5 170
3 2 7 7 2 16 39
3 2 7 6 19 0 128
3 2 7 6 8 11 73
3 2 7 5 14 6 53
3 2 7 5 3 17 98
3 2 7 4 20 1 79
3 2 7 4 9 12 100
3 2 7 3 15 7 115
3 2 7 3 4 18 155
3 2 7 2 21 2 78
3 2 7 2 10 13 187
3 2 7 1 16 8 163
3 2 7 1 5 19 176
3 2 7 0 22 3 93
3 2 7 0 11 14 149
3 2 7 0 0 25 167
3 2 6 23 3 0 193
3 2 6 21 4 1 70
3 2 6 19 5 2 31
3 2 6 18 0 8 133
3 2 6 17 6 3 39
3 2 6 16 1 9 120
3 2 6 15 7 4 15
3 2 6 14 2 10 12
3 2 6 13 8 5 69
3 2 6 12 14 0 75
3 2 6 12 3 11 12
3 2 6 11 9 6 77
3 2 6 10 15 1 5
3 2 6 10 4 12 139
3 2 6 9 10 7 153
3 2 6 8 16 2 174
3 2 6 8 5 13 46
3 2 6 7 11 8 143
3 2 6 7 0 19 6
3 2 6 6 17 3 103
3 2 6 6 6 14 55
3 2 6 5 12 9 23
3 2 6 5 1 20 72
3 2 6 4 18 4 175
3 2 6 4 7 15 129
3 2 6 3 13 10 148
3 2 6 3 2 21 171
3 2 6 2 19 5 21
3 2 6 2 8 16 143
3 2 6 1 25 0 142
3 2 6 1 14 11 149
3 2 6 1 3 22 41
3 2 6 0 20 6 121
3 2 6 0 9 17 64
3 2 5 25 0 2 188
3 2 5 23 1 3 102
3 2 5 21 2 4 79
3 2 5 19 3 5 68
3 2 5 18 9 0 11
3 2 5 17 4 6 106
3 2 5 16 10 1 107
3 2 5 15 5 7 82
3 2 5 14 11 2 72
3 2 5 14 0 13 115
3 2 5 13 6 8 95
3 2 5 12 12 3 14
3 2 5 12 1 14 42
3 2 5 11 7 9 67
3 2 5 10 13 4 24
3 2 5 10 2 15 153
3 2 5 9 8 10 37
3 2 5 8 14 5 144
3 2 5 8 3 16 5
3 2 5 7 20 0 136
3 2 5 7 9 11 184
3 2 5 6 15 6 163
3 2 5 6 4 17 17
3 2 5 5 21 1 152
3 2 5 5 10 12 112
3 2 5 4 16 7 180
3 2 5 4 5 18 40
3 2 5 3 22 2 131
3 2 5 3 11 13 122
3 2 5 3 0 24 69
3 2 5 2 17 8 30
3 2 5 2 6 19 150
3 2 5 1 23 3 36
3 2 5 1 12 14 38
3 2 5 1 1 25 178
3 2 5 0 18 9 24
3 2 5 0 7 20 141
3 2 4 24 4 0 161
3 2 4 22 5 1 68
3 2 4 21 0 7 152
3 2 4 20 6 2 33
3 2 4 19 1 8 73
3 2 4 18 7 3 164
3 2 4 17 2 9 44
3 2 4 16 8 4 92
3 2 4 15 3 10 194
3 2 4 14 9 5 82
3 2 4 13 15 0 122
3 2 4 13 4 11 89
3 2 4 12 10 6 145
3 2 4 11 16 1 89
3 2 4 11 5 12 191
3 2 4 10 11 7 12
3 2 4 10 0 18 149
3 2 4 9 17 2 135
3 2 4 9 6 13 58
3 2 4 8 12 8 47
3 2 4 8 1 19 12
3 2 4 7 18 3 161
3 2 4 7 7 14 45
3 2 4 6 13 9 89
3 2 4 6 2 20 37
3 2 4 5 19 4 118
3 2 4 5 8 15 21
3 2 4 4 14 10 30
3 2 4 4 3 21 186
3 2 4 3 20 5 165
3 2 4 3 9 16 108
3 2 4 2 26 0 124
3 2 4 2 15 11 143
3 2 4 2 4 22 59
3 2 4 1 21 6 92
3 2 4 1 10 17 79
3 2 4 0 27 1 117
3 2 4 0 16 12 77
3 2 4 0 5 23 91
3 2 3 28 0 1 6
3 2 3 26 1 2 71
3 2 3 24 2 3 84
3 2 3 22 3 4 126
3 2 3 20 4 5 168
3 2 3 19 10 0 118
3 2 3 18 5 6 55
3 2 3 17 11 1 89
3 2 3 17 0 12 103
3 2 3 16 6 7 17
3 2 3 15 12 2 91
3 2 3 15 1 13 15
3 2 3 14 7 8 193
3 2 3 13 13 3 159
3 2 3 13 2 14 75
3 2 3 12 8 9 110
3 2 3 11 14 4 164
3 2 3 11 3 15 143
3 2 3 10 9 10 129
3 2 3 9 15 5 172
3 2 3 9 4 16 194
3 2 3 8 21 0 89
3 2 3 8 10 11 102
3 2 3 7 16 6 150
3 2 3 7 5 17 134
3 2 3 6 22 1 23
3 2 3 6 11 12 154
3 2 3 6 0 23 115
3 2 3 5 17 7 3
3 2 3 5 6 18 75
3 2 3 4 23 2 92
3 2 3 4 12 13 44
3 2 3 4 1 24 22
3 2 3 3 18 8 196
3 2 3 3 7 19 130
3 2 3 2 24 3 118
3 2 3 2 13 14 29
3 2 3 2 2 25 58
3 2 3 1 19 9 127
3 2 3 1 8 20 9
3 2 3 0 25 4 96
3 2 3 0 14 15 184
3 2 3 0 3 26 105
3 2 2 25 5 0 58
3 2 2 24 0 6 110
3 2 2 23 6 1 140
3 2 2 22 1 7 176
3 2 2 21 7 2 109
3 2 2 20 2 8 158
3 2 2 19 8 3 175
3 2 2 18 3 9 44
3 2 2 17 9 4 63
3 2 2 16 4 10 176
3 2 2 15 10 5 45
3 2 2 14 16 0 6
3 2 2 14 5 11 124
3 2 2 13 11 6 108
3 2 2 13 0 17 150
3 2 2 12 17 1 171
3 2 2 12 6 12 134
3 2 2 11 12 7 50
3 2 2 11 1 18 194
3 2 2 10 18 2 155
3 2 2 10 7 13 11
3 2 2 9 13 8 173
3 2 2 9 2 19 164
3 2 2 8 19 3 168
3 2 2 8 8 14 195
3 2 2 7 14 9 105
3 2 2 7 3 20 133
3 2 2 6 20 4 74
3 2 2 6 9 15 34
3 2 2 5 15 10 95
3 2 2 5 4 21 164
3 2 2 4 21 5 57
3 2 2 4 10 16 130
3 2 2 3 27 0 10
3 2 2 3 16 11 124
3 2 2 3 5 22 6
3 2 2 2 22 6 77
3 2 2 2 11 17 183
3 2 2 2 0 28 17
3 2 2 1 28 1 89
3 2 2 1 17 12 109
3 2 2 1 6 23 54
3 2 2 0 23 7 182
3 2 2 0 12 18 111
3 2 2 0 1 29 187
3 2 1 31 0 0 107
3 2 1 29 1 1 71
3 2 1 27 2 2 86
3 2 1 25 3 3 59
3 2 1 23 4 4 132
3 2 1 21 5 5 161
3 2 1 20 11 0 108
3 2 1 20 0 11 45
3 2 1 19 6 6 108
3 2 1 18 12 1 61
3 2 1 18 1 12 196
3 2 1 17 7 7 169
3 2 1 16 13 2 164
3 2 1 16 2 13 100
3 2 1 15 8 8 149
3 2 1 14 14 3 170
3 2 1 14 3 14 185
3 2 1 13 9 9 33
3 2 1 12 15 4 75
3 2 1 12 4 15 148
3 2 1 11 10 10 71
3 2 1 10 16 5 165
3 2 1 10 5 16 17
3 2 1 9 22 0 22
3 2 1 9 11 11 46
3 2 1 9 0 22 177
3 2 1 8 17 6 78
3 2 1 8 6 17 113
3 2 1 7 23 1 17
3 2 1 7 12 12 9
3 2 1 7 1 23 79
3 2 1 6 18 7 15
3 2 1 6 7 18 89
3 2 1 5 24 2 7
3 2 1 5 13 13 80
3 2 1 5 2 24 144
3 2 1 4 19 8 188
3 2 1 4 8 19 116
3 2 1 3 25 3 13
3 2 1 3 14 14 61
3 2 1 3 3 25 25
3 2 1 2 20 9 127
3 2 1 2 9 20 197
3 2 1 1 26 4 174
3 2 1 1 15 15 60
3 2 1 1 4 26 84
3 2 1 0 21 10 118
3 2 1 0 10 21 174
3 2 0 27 0 5 57
3 2 0 26 6 0 73
3 2 0 25 1 6 126
3 2 0 24 7 1 25
3 2 0 23 2 7 1
3 2 0 22 8 2 59
3 2 0 21 3 8 50
3 2 0 20 9 3 29
3 2 0 19 4 9 133
3 2 0 18 10 4 10
3 2 0 17 5 10 12
3 2 0 16 11 5 16
3 2 0 16 0 16 65
3 2 0 15 17 0 139
3 2 0 15 6 11 29
3 2 0 14 12 6 112
3 2 0 14 1 17 79
3 2 0 13 18 1 104
3 2 0 13 7 12 148
3 2 0 12 13 7 102
3 2 0 12 2 18 87
3 2 0 11 19 2 14
3 2 0 11 8 13 47
3 2 0 10 14 8 107
3 2 0 10 3 19 148
3 2 0 9 20 3 8
3 2 0 9 9 14 95
3 2 0 8 15 9 132
3 2 0 8 4 20 73
3 2 0 7 21 4 190
3 2 0 7 10 15 149
3 2 0 6 16 10 149
3 2 0 6 5 21 99
3 2 0 5 22 5 89
3 2 0 5 11 16 102
3 2 0 5 0 27 63
3 2 0 4 28 0 57
3 2 0 4 17 11 97
3 2 0 4 6 22 144
3 2 0 3 23 6 71
3 2 0 3 12 17 186
3 2 0 3 1 28 51
3 2 0 2 29 1 95
3 2 0 2 18 12 186
3 2 0 2 7 23 2
3 2 0 1 24 7 94
3 2 0 1 13 18 100
3 2 0 1 2 29 6
3 2 0 0 30 2 21
3 2 0 0 19 13 13
3 2 0 0 8 24 47
3 1 31 1 0 1 94
3 1 29 4 0 0 136
3 1 29 2 1 1 76
3 1 29 0 2 2 105
3 1 28 0 0 5 69
3 1 27 5 1 0 123
3 1 27 3 2 1 106
3 1 27 1 3 2 166
3 1 26 3 0 4 156
3 1 26 1 1 5 178
3 1 26 0 7 0 120
3 1 25 6 2 0 120
3 1 25 4 3 1 68
3 1 25 2 4 2 146
3 1 25 0 5 3 57
3 1 24 6 0 3 96
3 1 24 4 1 4 165
3 1 24 2 2 5 116
3 1 24 1 8 0 101
3 1 24 0 3 6 195
3 1 23 7 3 0 198
3 1 23 5 4 1 180
3 1 23 3 5 2 174
3 1 23 2 0 8 106
3 1 23 1 6 3 128
3 1 23 0 1 9 161
3 1 22 9 0 2 29
3 1 22 7 1 3 3
3 1 22 5 2 4 54
3 1 22 3 3 5 94
3 1 22 2 9 0 17
3 1 22 1 4 6 171
3 1 22 0 10 1 147
3 1 21 8 4 0 175
3 1 21 6 5 1 158
3 1 21 5 0 7 144
3 1 21 4 6 2 53
3 1 21 3 1 8 148
3 1 21 2 7 3 172
3 1 21 1 2 9 76
3 1 21 0 8 4 3
3 1 20 12 0 1 147
3 1 20 10 1 2 86
3 1 20 8 2 3 30
3 1 20 6 3 4 115
3 1 20 4 4 5 100
3 1 20 3 10 0 141
3 1 20 2 5 6 181
3 1 20 1 11 1 80
3 1 20 1 0 12 130
3 1 20 0 6 7 127
3 1 19 9 5 0 8
3 1 19 8 0 6 26
3 1 19 7 6 1 113
3 1 19 6 1 7 62
3 1 19 5 7 2 94
3 1 19 4 2 8 87
3 1 19 3 8 3 102
3 1 19 2 3 9 164
3 1 19 1 9 4 163
3 1 19 0 4 10 76
3 1 18 15 0 0 90
3 1 18 13 1 1 24
3 1 18 11 2 2 132
3 1 18 9 3 3 93
3 1 18 7 4 4 12
3 1 18 5 5 5 140
3 1 18 4 11 0 10
3 1 18 4 0 11 14
3 1 18 3 6 6 193
3 1 18 2 12 1 164
3 1 18 2 1 12 29
3 1 18 1 7 7 34
3 1 18 0 13 2 176
3 1 18 0 2 13 36
3 1 17 11 0 5 68
3 1 17 10 6 0 123
3 1 17 9 1 6 49
3 1 17 8 7 1 78
3 1 17 7 2 7 80
3 1 17 6 8 2 97
3 1 17 5 3 8 110
3 1 17 4 9 3 129
3 1 17 3 4 9 127
3 1 17 2 10 4 50
3 1 17 1 5 10 82
3 1 17 0 11 5 85
3 1 17 0 0 16 37
3 1 16 16 1 0 77
3 1 16 14 2 1 9
3 1 16 12 3 2 30
3 1 16 10 4 3 1
3 1 16 8 5 4 47
3 1 16 7 0 10 186
3 1 16 6 6 5 9
3 1 16 5 12 0 189
3 1 16 5 1 11 100
3 1 16 4 7 6 187
3 1 16 3 13 1 51
3 1 16 3 2 12 52
3 1 16 2 8 7 82
3 1 16 1 14 2 152
3 1 16 1 3 13 138
3 1 16 0 9 8 168
3 1 15 14 0 4 196
3 1 15 12 1 5 42
3 1 15 11 7 0 85
3 1 15 10 2 6 81
3 1 15 9 8 1 11
3 1 15 8 3 7 125
3 1 15 7 9 2 47
3 1 15 6 4 8 186
3 1 15 5 10 3 68
3 1 15 4 5 9 150
3 1 15 3 11 4 100
3 1 15 3 0 15 167
3 1 15 2 6 10 31
3 1 15 1 12 5 125
3 1 15 1 1 16 37
3 1 15 0 18 0 141
3 1 15 0 7 11 148
3 1 14 17 2 0 147
3 1 14 15 3 1 80
3 1 14 13 4 2 20
3 1 14 11 5 3 132
3 1 14 10 0 9 174
3 1 14 9 6 4 43
3 1 14 8 1 10 145
3 1 14 7 7 5 7
3 1 14 6 13 0 163
3 1 14 6 2 11 83
3 1 14 5 8 6 192
3 1 14 4 14 1 158
3 1 14 4 3 12 64
3 1 14 3 9 7 20
3 1 14 2 15 2 65
3 1 14 2 4 13 83
3 1 14 1 10 8 151
3 1 14 0 16 3 129
3 1 14 0 5 14 1
3 1 13 17 0 3 136
3 1 13 15 1 4 55
3 1 13 13 2 5 163
3 1 13 12 8 0 15
3 1 13 11 3 6 192
3 1 13 10 9 1 174
3 1 13 9 4 7 133
3 1 13 8 10 2 118
3 1 13 7 5 8 187
3 1 13 6 11 3 165
3 1 13 6 0 14 113
3 1 13 5 6 9 173
3 1 13 4 12 4 75
3 1 13 4 1 15 43
3 1 13 3 7 10 10
3 1 13 2 13 5 84
3 1 13 2 2 16 140
3 1 13 1 19 0 120
3 1 13 1 8 11 47
3 1 13 0 14 6 91
3 1 13 0 3 17 73
3 1 12 18 3 0 8
3 1 12 16 4 1 131
3 1 12 14 5 2 129
3 1 12 13 0 8 111
3 1 12 12 6 3 185
3 1 12 11 1 9 64
3 1 12 10 7 4 162
3 1 12 9 2 10 33
3 1 12 8 8 5 90
3 1 12 7 14 0 131
3 1 12 7 3 11 175
3 1 12 6 9 6 54
3 1 12 5 15 1 98
3 1 12 5 4 12 180
3 1 12 4 10 7 145
3 1 12 3 16 2 6
3 1 12 3 5 13 105
3 1 12 2 11 8 185
3 1 12 2 0 19 64
3 1 12 1 17 3 9
3 1 12 1 6 14 32
3 1 12 0 12 9 139
3 1 12 0 1 20 43
3 1 11 20 0 2 93
3 1 11 18 1 3 61
3 1 11 16 2 4 158
3 1 11 14 3 5 15
3 1 11 13 9 0 158
3 1 11 12 4 6 81
3 1 11 11 10 1 40
3 1 11 10 5 7 32
3 1 11 9 11 2 188
3 1 11 9 0 13 170
3 1 11 8 6 8 51
3 1 11 7 12 3 153
3 1 11 7 1 14 170
3 1 11 6 7 9 11
3 1 11 5 13 4 132
3 1 11 5 2 15 160
3 1 11 4 8 10 170
3 1 11 3 14 5 25
3 1 11 3 3 16 193
3 1 11 2 20 0 91
3 1 11 2 9 11 106
3 1 11 1 15 6 37
3 1 11 1 4 17 44
3 1 11 0 21 1 191
3 1 11 0 10 12 57
3 1 10 19 4 0 112
3 1 10 17 5 1 115
3 1 10 16 0 7 88
3 1 10 15 6 2 138
3 1 10 14 1 8 91
3 1 10 13 7 3 12
3 1 10 12 2 9 76
3 1 10 11 8 4 37
3 1 10 10 3 10 147
3 1 10 9 9 5 94
3 1 10 8 15 0 86
3 1 10 8 4 11 75
3 1 10 7 10 6 131
3 1 10 6 16 1 64
3 1 10 6 5 12 17
3 1 10 5 11 7 167
3 1 10 5 0 18 49
3 1 10 4 17 2 67
3 1 10 4 6 13 61
3 1 10 3 12 8 90
3 1 10 3 1 19 22
3 1 10 2 18 3 2
3 1 10 2 7 14 117
3 1 10 1 13 9 21
3 1 10 1 2 20 108
3 1 10 0 19 4 162
3 1 10 0 8 15 99
3 1 9 23 0 1 20
3 1 9 21 1 2 52
3 1 9 19 2 3 28
3 1 9 17 3 4 175
3 1 9 15 4 5 89
3 1 9 14 10 0 179
3 1 9 13 5 6 179
3 1 9 12 11 1 24
3 1 9 12 0 12 150
3 1 9 11 6 7 52
3 1 9 10 12 2 174
3 1 9 10 1 13 21
3 1 9 9 7 8 10
3 1 9 8 13 3 130
3 1 9 8 2 14 190
3 1 9 7 8 9 71
3 1 9 6 14 4 145
3 1 9 6 3 15 179
3 1 9 5 9 10 128
3 1 9 4 15 5 103
3 1 9 4 4 16 122
3 1 9 3 21 0 136
3 1 9 3 10 11 185
3 1 9 2 16 6 109
3 1 9 2 5 17 34
3 1 9 1 22 1 99
3 1 9 1 11 12 20
3 1 9 1 0 23 37
3 1 9 0 17 7 90
3 1 9 0 6 18 187
3 1 8 20 5 0 160
3 1 8 19 0 6 4
3 1 8 18 6 1 115
3 1 8 17 1 7 55
3 1 8 16 7 2 29
3 1 8 15 2 8 27
3 1 8 14 8 3 88
3 1 8 13 3 9 123
3 1 8 12 9 4 71
3 1 8 11 4 10 195
3 1 8 10 10 5 138
3 1 8 9 16 0 143
3 1 8 9 5 11 61
3 1 8 8 11 6 123
3 1 8 8 0 17 166
3 1 8 7 17 1 146
3 1 8 7 6 12 182
3 1 8 6 12 7 27
3 1 8 6 1 18 168
3 1 8 5 18 2 96
3 1 8 5 7 13 152
3 1 8 4 13 8 153
3 1 8 4 2 19 23
3 1 8 3 19 3 18
3 1 8 3 8 14 187
3 1 8 2 14 9 14
3 1 8 2 3 20 119
3 1 8 1 20 4 78
3 1 8 1 9 15 191
3 1 8 0 15 10 36
3 1 8 0 4 21 30
3 1 7 26 0 0 104
3 1 7 24 1 1 101
3 1 7 22 2 2 125
3 1 7 20 3 3 158
3 1 7 18 4 4 193
3 1 7 16 5 5 40
3 1 7 15 11 0 198
3 1 7 15 0 11 39
3 1 7 14 6 6 39
3 1 7 13 12 1 123
3 1 7 13 1 12 88
3 1 7 12 7 7 72
3 1 7 11 13 2 117
3 1 7 11 2 13 24
3 1 7 10 8 8 57
3 1 7 9 14 3 88
3 1 7 9 3 14 188
3 1 7 8 9 9 106
3 1 7 7 15 4 155
3 1 7 7 4 15 24
3 1 7 6 10 10 77
3 1 7 5 16 5 183
3 1 7 5 5 16 82
3 1 7 4 22 0 19
3 1 7 4 11 11 31
3 1 7 4 0 22 97
3 1 7 3 17 6 100
3 1 7 3 6 17 65
3 1 7 2 23 1 160
3 1 7 2 12 12 55
3 1 7 2 1 23 189
3 1 7 1 18 7 58
3 1 7 1 7 18 163
3 1 7 0 13 13 140
3 1 7 0 2 24 162
3 1 6 22 0 5 47
3 1 6 21 6 0 165
3 1 6 19 7 1 134
3 1 6 18 2 7 185
3 1 6 17 8 2 46
3 1 6 16 3 8 132
3 1 6 15 9 3 103
3 1 6 14 4 9 3
3 1 6 13 10 4 175
3 1 6 12 5 10 143
3 1 6 11 11 5 142
3 1 6 11 0 16 50
3 1 6 10 17 0 2
3 1 6 10 6 11 119
3 1 6 9 12 6 107
3 1 6 9 1 17 173
3 1 6 8 18 1 16
3 1 6 8 7 12 32
3 1 6 7 13 7 67
3 1 6 7 2 18 33
3 1 6 6 19 2 31
3 1 6 6 8 13 130
3 1 6 5 14 8 20
3 1 6 5 3 19 109
3 1 6 4 20 3 130
3 1 6 4 9 14 74
3 1 6 3 15 9 12
3 1 6 3 4 20 129
3 1 6 2 21 4 148
3 1 6 2 10 15 40
3 1 6 1 16 10 67
3 1 6 1 5 21 146
3 1 6 0 22 5 161
3 1 6 0 11 16 128
3 1 6 0 0 27 83
3 1 5 27 1 0 5
3 1 5 25 2 1 123
3 1 5 23 3 2 192
3 1 5 21 4 3 51
3 1 5 19 5 4 161
3 1 5 18 0 10 176
3 1 5 17 6 5 48
3 1 5 16 12 0 189
3 1 5 16 1 11 37
3 1 5 15 7 6 89
3 1 5 14 13 1 154
3 1 5 14 2 12 191
3 1 5 13 8 7 119
3 1 5 12 14 2 38
3 1 5 12 3 13 111
3 1 5 11 9 8 132
3 1 5 10 15 3 121
3 1 5 10 4 14 56
3 1 5 9 10 9 136
3 1 5 8 16 4 42
3 1 5 8 5 15 139
3 1 5 7 11 10 2
3 1 5 7 0 21 141
3 1 5 6 17 5 163
3 1 5 6 6 16 15
3 1 5 5 23 0 79
3 1 5 5 12 11 78
3 1 5 4 18 6 31
3 1 5 4 7 17 4
3 1 5 3 24 1 112
3 1 5 3 13 12 79
3 1 5 3 2 23 26
3 1 5 2 19 7 65
3 1 5 2 8 18 45
3 1 5 1 25 2 144
3 1 5 1 14 13 83
3 1 5 1 3 24 127
3 1 5 0 20 8 124
3 1 5 0 9 19 64
3 1 4 25 0 4 42
3 1 4 23 1 5 87
3 1 4 22 7 0 185
3 1 4 21 2 6 174
3 1 4 20 8 1 81
3 1 4 19 3 7 165
3 1 4 18 9 2 162
3 1 4 17 4 8 190
3 1 4 16 10 3 77
3 1 4 15 5 9 77
3 1 4 14 11 4 50
3 1 4 14 0 15 55
3 1 4 13 6 10 80
3 1 4 12 12 5 108
3 1 4 12 1 16 188
3 1 4 11 18 0 14
3 1 4 11 7 11 182
3 1 4 10 13 6 179
3 1 4 10 2 17 47
3 1 4 9 19 1 109
3 1 4 9 8 12 60
3 1 4 8 14 7 13
3 1 4 8 3 18 55
3 1 4 7 20 2 26
3 1 4 7 9 13 154
3 1 4 6 15 8 95
3 1 4 6 4 19 120
3 1 4 5 21 3 50
3 1 4 5 10 14 165
3 1 4 4 16 9 59
3 1 4 4 5 20 129
3 1 4 3 22 4 12
3 1 4 3 11 15 107
3 1 4 3 0 26 47
3 1 4 2 17 10 63
3 1 4 2 6 21 182
3 1 4 1 23 5 105
3 1 4 1 12 16 57
3 1 4 1 1 27 29
3 1 4 0 29 0 28
3 1 4 0 18 11 171
3 1 4 0 7 22 49
3 1 3 28 2 0 82
3 1 3 26 3 1 88
3 1 3 24 4 2 176
3 1 3 22 5 3 51
3 1 3 21 0 9 165
3 1 3 20 6 4 142
3 1 3 19 1 10 37
3 1 3 18 7 5 38
3 1 3 17 13 0 89
3 1 3 17 2 11 136
3 1 3 16 8 6 105
3 1 3 15 14 1 64
3 1 3 15 3 12 168
3 1 3 14 9 7 152
3 1 3 13 15 2 180
3 1 3 13 4 13 158
3 1 3 12 10 8 167
3 1 3 11 16 3 31
3 1 3 11 5 14 8
3 1 3 10 11 9 22
3 1 3 10 0 20 32
3 1 3 9 17 4 82
3 1 3 9 6 15 37
3 1 3 8 12 10 174
3 1 3 8 1 21 142
3 1 3 7 18 5 129
3 1 3 7 7 16 53
3 1 3 6 24 0 31
3 1 3 6 13 11 112
3 1 3 6 2 22 87
3 1 3 5 19 6 139
3 1 3 5 8 17 45
3 1 3 4 25 1 75
3 1 3 4 14 12 2
3 1 3 4 3 23 185
3 1 3 3 20 7 19
3 1 3 3 9 18 31
3 1 3 2 26 2 5
3 1 3 2 15 13 19
3 1 3 2 4 24 71
3 1 3 1 21 8 151
3 1 3 1 10 19 34
3 1 3 0 27 3 136
3 1 3 0 16 14 53
3 1 3 0 5 25 171
3 1 2 28 0 3 21
3 1 2 26 1 4 178
3 1 2 24 2 5 114
3 1 2 23 8 0 87
3 1 2 22 3 6 114
3 1 2 21 9 1 196
3 1 2 20 4 7 153
3 1 2 19 10 2 184
3 1 2 18 5 8 60
3 1 2 17 11 3 177
3 1 2 17 0 14 166
3 1 2 16 6 9 56
3 1 2 15 12 4 27
3 1 2 15 1 15 72
3 1 2 14 7 10 66
3 1 2 13 13 5 150
3 1 2 13 2 16 53
3 1 2 12 19 0 127
3 1 2 12 8 11 86
3 1 2 11 14 6 107
3 1 2 11 3 17 126
3 1 2 10 20 1 69
3 1 2 10 9 12 54
3 1 2 9 15 7 124
3 1 2 9 4 18 24
3 1 2 8 21 2 184
3 1 2 8 10 13 33
3 1 2 7 16 8 50
3 1 2 7 5 19 65
3 1 2 6 22 3 196
3 1 2 6 11 14 151
3 1 2 6 0 25 152
3 1 2 5 17 9 141
3 1 2 5 6 20 81
3 1 2 4 23 4 8
3 1 2 4 12 15 30
3 1 2 4 1 26 15
3 1 2 3 18 10 198
3 1 2 3 7 21 18
3 1 2 2 24 5 194
3 1 2 2 13 16 149
3 1 2 2 2 27 99
3 1 2 1 30 0 40
3 1 2 1 19 11 4
3 1 2 1 8 22 29
3 1 2 0 25 6 137
3 1 2 0 14 17 53
3 1 2 0 3 28 197
3 1 1 29 3 0 181
3 1 1 27 4 1 148
3 1 1 25 5 2 162
3 1 1 24 0 8 24
3 1 1 23 6 3 50
3 1 1 22 1 9 58
3 1 1 21 7 4 112
3 1 1 20 2 10 22
3 1 1 19 8 5 21
3 1 1 18 14 0 180
3 1 1 18 3 11 124
3 1 1 17 9 6 2
3 1 1 16 15 1 64
3 1 1 16 4 12 143
3 1 1 15 10 7 170
3 1 1 14 16 2 43
3 1 1 14 5 13 22
3 1 1 13 11 8 163
3 1 1 13 0 19 1
3 1 1 12 17 3 197
3 1 1 12 6 14 2
3 1 1 11 12 9 109
3 1 1 11 1 20 8
3 1 1 10 18 4 148
3 1 1 10 7 15 134
3 1 1 9 13 10 62
3 1 1 9 2 21 194
3 1 1 8 19 5 175
3 1 1 8 8 16 110
3 1 1 7 14 11 54
3 1 1 7 3 22 7
3 1 1 6 20 6 87
3 1 1 6 9 17 136
3 1 1 5 26 1 157
3 1 1 5 15 12 139
3 1 1 5 4 23 138
3 1 1 4 21 7 87
3 1 1 4 10 18 190
3 1 1 3 27 2 87
3 1 1 3 16 13 6
3 1 1 3 5 24 84
3 1 1 2 22 8 171
3 1 1 2 11 19 51
3 1 1 2 0 30 186
3 1 1 1 28 3 151
3 1 1 1 17 14 104
3 1 1 1 6 25 176
3 1 1 0 23 9 120
3 1 1 0 12 20 24
3 1 1 0 1 31 60
3 1 0 31 0 2 42
3 1 0 29 1 3 7
3 1 0 27 2 4 78
3 1 0 25 3 5 130
3 1 0 24 9 0 154
3 1 0 23 4 6 56
3 1 0 22 10 1 49
3 1 0 21 5 7 181
3 1 0 20 11 2 71
3 1 0 20 0 13 127
3 1 0 19 6 8 133
3 1 0 18 12 3 114
3 1 0 18 1 14 143
3 1 0 17 7 9 101
3 1 0 16 13 4 198
3 1 0 16 2 15 118
3 1 0 15 8 10 19
3 1 0 14 14 5 1
3 1 0 14 3 16 87
3 1 0 13 20 0 24
3 1 0 13 9 11 195
3 1 0 12 15 6 87
3 1 0 12 4 17 80
3 1 0 11 21 1 75
3 1 0 11 10 12 143
3 1 0 10 16 7 67
3 1 0 10 5 18 164
3 1 0 9 22 2 82
3 1 0 9 11 13 164
3 1 0 9 0 24 5
3 1 0 8 17 8 2
3 1 0 8 6 19 117
3 1 0 7 23 3 52
3 1 0 7 12 14 62
3 1 0 7 1 25 40
3 1 0 6 18 9 171
3 1 0 6 7 20 134
3 1 0 5 24 4 81
3 1 0 5 13 15 77
3 1 0 5 2 26 27
3 1 0 4 19 10 59
3 1 0 4 8 21 184
3 1 0 3 25 5 54
3 1 0 3 14 16 173
3 1 0 3 3 27 136
3 1 0 2 31 0 139
3 1 0 2 20 11 134
3 1 0 2 9 22 119
3 1 0 1 26 6 192
3 1 0 1 15 17 180
3 1 0 1 4 28 151
3 1 0 0 32 1 179
3 1 0 0 21 12 7
3 1 0 0 10 23 162
3 0 33 0 1 0 155
3 0 31 1 2 0 117
3 0 30 1 0 3 187
3 0 29 2 3 0 27
3 0 29 0 4 1 73
3 0 28 4 0 2 162
3 0 28 2 1 3 120
3 0 28 0 2 4 145
3 0 27 3 4 0 179
3 0 27 1 5 1 11
3 0 27 0 0 7 154
3 0 26 7 0 1 128
3 0 26 5 1 2 13
3 0 26 3 2 3 173
3 0 26 1 3 4 98
3 0 25 4 5 0 25
3 0 25 3 0 6 92
3 0 25 2 6 1 7
3 0 25 1 1 7 91
3 0 25 0 7 2 10
3 0 24 10 0 0 53
3 0 24 8 1 1 80
3 0 24 6 2 2 194
3 0 24 4 3 3 106
3 0 24 2 4 4 198
3 0 24 0 5 5 142
3 0 23 6 0 5 175
3 0 23 5 6 0 162
3 0 23 4 1 6 152
3 0 23 3 7 1 121
3 0 23 2 2 7 84
3 0 23 1 8 2 90
3 0 23 0 3 8 87
3 0 22 11 1 0 65
3 0 22 9 2 1 169
3 0 22 7 3 2 63
3 0 22 5 4 3 20
3 0 22 3 5 4 118
3 0 22 2 0 10 2
3 0 22 1 6 5 17
3 0 22 0 12 0 164
3 0 22 0 1 11 115
3 0 21 9 0 4 141
3 0 21 7 1 5 96
3 0 21 6 7 0 189
3 0 21 5 2 6 166
3 0 21 4 8 1 138
3 0 21 3 3 7 115
3 0 21 2 9 2 157
3 0 21 1 4 8 119
3 0 21 0 10 3 35
3 0 20 12 2 0 179
3 0 20 10 3 1 47
3 0 20 8 4 2 16
3 0 20 6 5 3 194
3 0 20 5 0 9 190
3 0 20 4 6 4 72
3 0 20 3 1 10 127
3 0 20 2 7 5 83
3 0 20 1 13 0 1
3 0 20 1 2 11 171
3 0 20 0 8 6 9
3 0 19 12 0 3 129
3 0 19 10 1 4 160
3 0 19 8 2 5 166
3 0 19 7 8 0 57
3 0 19 6 3 6 16
3 0 19 5 9 1 124
3 0 19 4 4 7 70
3 0 19 3 10 2 73
3 0 19 2 5 8 109
3 0 19 1 11 3 14
3 0 19 1 0 14 142
3 0 19 0 6 9 134
3 0 18 13 3 0 137
3 0 18 11 4 1 125
3 0 18 9 5 2 161
3 0 18 8 0 8 170
3 0 18 7 6 3 20
3 0 18 6 1 9 168
3 0 18 5 7 4 43
3 0 18 4 2 10 85
3 0 18 3 8 5 167
3 0 18 2 14 0 176
3 0 18 2 3 11 140
3 0 18 1 9 6 74
3 0 18 0 15 1 188
3 0 18 0 4 12 141
3 0 17 15 0 2 47
3 0 17 13 1 3 101
3 0 17 11 2 4 59
3 0 17 9 3 5 167
3 0 17 8 9 0 173
3 0 17 7 4 6 107
3 0 17 6 10 1 169
3 0 17 5 5 7 29
3 0 17 4 11 2 100
3 0 17 4 0 13 90
3 0 17 3 6 8 128
3 0 17 2 12 3 2
3 0 17 2 1 14 57
3 0 17 1 7 9 172
3 0 17 0 13 4 25
3 0 17 0 2 15 188
3 0 16 14 4 0 189
3 0 16 12 5 1 80
3 0 16 11 0 7 87
3 0 16 10 6 2 191
3 0 16 9 1 8 64
3 0 16 8 7 3 48
3 0 16 7 2 9 104
3 0 16 6 8 4 42
3 0 16 5 3 10 35
3 0 16 4 9 5 21
3 0 16 3 15 0 19
3 0 16 3 4 11 157
3 0 16 2 10 6 148
3 0 16 1 5 12 25
3 0 16 0 11 7 86
3 0 16 0 0 18 87
3 0 15 18 0 1 12
3 0 15 16 1 2 158
3 0 15 14 2 3 62
3 0 15 12 3 4 36
3 0 15 10 4 5 14
3 0 15 9 10 0 196
3 0 15 8 5 6 66
3 0 15 7 11 1 16
3 0 15 7 0 12 164
3 0 15 6 6 7 170
3 0 15 5 12 2 18
3 0 15 5 1 13 185
3 0 15 4 7 8 37
3 0 15 3 13 3 115
3 0 15 3 2 14 89
3 0 15 2 8 9 184
3 0 15 1 14 4 21
3 0 15 1 3 15 30
3 0 15 0 9 10 13
3 0 14 15 5 0 131
3 0 14 14 0 6 47
3 0 14 13 6 1 110
3 0 14 12 1 7 111
3 0 14 11 7 2 142
3 0 14 10 2 8 106
3 0 14 9 8 3 10
3 0 14 8 3 9 182
3 0 14 7 9 4 177
3 0 14 6 4 10 125
3 0 14 5 10 5 14
3 0 14 4 16 0 100
3 0 14 4 5 11 68
3 0 14 3 11 6 44
3 0 14 3 0 17 2
3 0 14 2 17 1 37
3 0 14 2 6 12 138
3 0 14 1 12 7 128
3 0 14 1 1 18 138
3 0 14 0 18 2 198
3 0 14 0 7 13 176
3 0 13 21 0 0 101
3 0 13 19 1 1 134
3 0 13 17 2 2 89
3 0 13 15 3 3 145
3 0 13 13 4 4 127
3 0 13 11 5 5 60
3 0 13 10 11 0 165
3 0 13 10 0 11 48
3 0 13 9 6 6 119
3 0 13 8 12 1 113
3 0 13 8 1 12 177
3 0 13 7 7 7 179
3 0 13 6 13 2 84
3 0 13 6 2 13 116
3 0 13 5 8 8 28
3 0 13 4 14 3 78
3 0 13 4 3 14 6
3 0 13 3 9 9 54
3 0 13 2 15 4 4
3 0 13 2 4 15 130
3 0 13 1 10 10 180
3 0 13 0 16 5 42
3 0 13 0 5 16 25
3 0 12 17 0 5 4
3 0 12 16 6 0 75
3 0 12 15 1 6 103
3 0 12 14 7 1 76
3 0 12 13 2 7 85
3 0 12 12 8 2 188
3 0 12 11 3 8 93
3 0 12 10 9 3 106
3 0 12 9 4 9 185
3 0 12 8 10 4 52
3 0 12 7 5 10 145
3 0 12 6 11 5 41
3 0 12 6 0 16 113
3 0 12 5 17 0 191
3 0 12 5 6 11 81
3 0 12 4 12 6 167
3 0 12 4 1 17 7
3 0 12 3 18 1 114
3 0 12 3 7 12 51
3 0 12 2 13 7 150
3 0 12 2 2 18 125
3 0 12 1 19 2 176
3 0 12 1 8 13 116
3 0 12 0 14 8 7
3 0 12 0 3 19 65
3 0 11 22 1 0 61
3 0 11 20 2 1 112
3 0 11 18 3 2 115
3 0 11 16 4 3 91
3 0 11 14 5 4 131
3 0 11 13 0 10 92
3 0 11 12 6 5 168
3 0 11 11 12 0 52
3 0 11 11 1 11 72
3 0 11 10 7 6 167
3 0 11 9 13 1 135
3 0 11 9 2 12 160
3 0 11 8 8 7 162
3 0 11 7 14 2 155
3 0 11 7 3 13 117
3 0 11 6 9 8 97
3 0 11 5 4 14 137
3 0 11 4 10 9 115
3 0 11 3 16 4 45
3 0 11 3 5 15 109
3 0 11 2 11 10 7
3 0 11 2 0 21 113
3 0 11 1 17 5 157
3 0 11 1 6 16 145
3 0 11 0 23 0 164
3 0 11 0 12 11 94
3 0 11 0 1 22 24
3 0 10 20 0 4 10
3 0 10 18 1 5 72
3 0 10 16 2 6 189
3 0 10 15 8 1 69
3 0 10 14 3 7 104
3 0 10 13 9 2 112
3 0 10 12 4 8 27
3 0 10 11 10 3 189
3 0 10 10 5 9 180
3 0 10 9 11 4 95
3 0 10 9 0 15 173
3 0 10 8 6 10 98
3 0 10 7 12 5 94
3 0 10 7 1 16 138
3 0 10 6 18 0 44
3 0 10 6 7 11 156
3 0 10 5 13 6 197
3 0 10 5 2 17 6
3 0 10 4 19 1 98
3 0 10 4 8 12 193
3 0 10 3 14 7 151
3 0 10 3 3 18 14
3 0 10 2 20 2 121
3 0 10 2 9 13 166
3 0 10 1 15 8 119
3 0 10 1 4 19 22
3 0 10 0 21 3 85
3 0 10 0 10 14 152
3 0 9 23 2 0 79
3 0 9 21 3 1 198
3 0 9 19 4 2 175
3 0 9 17 5 3 176
3 0 9 16 0 9 88
3 0 9 15 6 4 36
3 0 9 14 1 10 93
3 0 9 13 7 5 39
3 0 9 12 13 0 87
3 0 9 12 2 11 35
3 0 9 11 8 6 192
3 0 9 10 14 1 39
3 0 9 10 3 12 95
3 0 9 9 9 7 139
3 0 9 8 15 2 176
3 0 9 8 4 13 173
3 0 9 7 10 8 18
3 0 9 6 16 3 58
3 0 9 6 5 14 18
3 0 9 5 11 9 123
3 0 9 5 0 20 193
3 0 9 4 17 4 60
3 0 9 4 6 15 136
3 0 9 3 12 10 6
3 0 9 3 1 21 63
3 0 9 2 18 5 157
3 0 9 2 7 16 4
3 0 9 1 24 0 146
3 0 9 1 13 11 131
3 0 9 1 2 22 154
3 0 9 0 19 6 7
3 0 9 0 8 17 84
3 0 8 23 0 3 8
3 0 8 21 1 4 128
3 0 8 19 2 5 75
3 0 8 18 8 0 54
3 0 8 17 3 6 28
3 0 8 16 9 1 112
3 0 8 15 4 7 88
3 0 8 14 10 2 26
3 0 8 13 5 8 42
3 0 8 12 11 3 188
3 0 8 12 0 14 172
3 0 8 11 6 9 20
3 0 8 10 12 4 54
3 0 8 10 1 15 90
3 0 8 9 7 10 197
3 0 8 8 13 5 101
3 0 8 8 2 16 48
3 0 8 7 19 0 41
3 0 8 7 8 11 150
3 0 8 6 14 6 123
3 0 8 6 3 17 123
3 0 8 5 20 1 48
3 0 8 5 9 12 119
3 0 8 4 15 7 74
3 0 8 4 4 18 125
3 0 8 3 21 2 10
3 0 8 3 10 13 194
3 0 8 2 16 8 26
3 0 8 2 5 19 187
3 0 8 1 22 3 166
3 0 8 1 11 14 20
3 0 8 1 0 25 16
3 0 8 0 17 9 2
3 0 8 0 6 20 84
3 0 7 24 3 0 174
3 0 7 22 4 1 39
3 0 7 20 5 2 26
3 0 7 19 0 8 59
3 0 7 18 6 3 18
3 0 7 17 1 9 196
3 0 7 16 7 4 189
3 0 7 15 2 10 14
3 0 7 14 8 5 123
3 0 7 13 14 0 83
3 0 7 13 3 11 93
3 0 7 12 9 6 54
3 0 7 11 15 1 6
3 0 7 11 4 12 72
3 0 7 10 10 7 57
3 0 7 9 16 2 188
3 0 7 9 5 13 55
3 0 7 8 11 8 107
3 0 7 8 0 19 169
3 0 7 7 17 3 69
3 0 7 7 6 14 84
3 0 7 6 12 9 115
3 0 7 6 1 20 185
3 0 7 5 18 4 47
3 0 7 5 7 15 102
3 0 7 4 13 10 174
3 0 7 4 2 21 182
3 0 7 3 19 5 89
3 0 7 3 8 16 194
3 0 7 2 25 0 186
3 0 7 2 14 11 166
3 0 7 2 3 22 170
3 0 7 1 20 6 82
3 0 7 1 9 17 5
3 0 7 0 26 1 31
3 0 7 0 15 12 168
3 0 7 0 4 23 7
3 0 6 26 0 2 169
3 0 6 24 1 3 158
3 0 6 22 2 4 195
3 0 6 20 3 5 89
3 0 6 19 9 0 87
3 0 6 18 4 6 166
3 0 6 17 10 1 69
3 0 6 16 5 7 177
3 0 6 15 11 2 108
3 0 6 15 0 13 108
3 0 6 14 6 8 127
3 0 6 13 12 3 122
3 0 6 13 1 14 121
3 0 6 12 7 9 167
3 0 6 11 13 4 115
3 0 6 11 2 15 1
3 0 6 10 8 10 111
3 0 6 9 14 5 20
3 0 6 9 3 16 30
3 0 6 8 20 0 134
3 0 6 8 9 11 172
3 0 6 7 15 6 126
3 0 6 7 4 17 145
3 0 6 6 21 1 66
3 0 6 6 10 12 61
3 0 6 5 16 7 139
3 0 6 5 5 18 174
3 0 6 4 22 2 121
3 0 6 4 11 13 96
3 0 6 4 0 24 185
3 0 6 3 17 8 109
3 0 6 3 6 19 89
3 0 6 2 23 3 83
3 0 6 2 12 14 87
3 0 6 2 1 25 55
3 0 6 1 18 9 182
3 0 6 1 7 20 54
3 0 6 0 24 4 17
3 0 6 0 13 15 81
3 0 6 0 2 26 48
3 0 5 25 4 0 50
3 0 5 23 5 1 114
3 0 5 22 0 7 12
3 0 5 21 6 2 145
3 0 5 20 1 8 116
3 0 5 19 7 3 166
3 0 5 18 2 9 191
3 0 5 17 8 4 45
3 0 5 16 3 10 173
3 0 5 15 9 5 42
3 0 5 14 15 0 28
3 0 5 14 4 11 75
3 0 5 13 10 6 126
3 0 5 12 16 1 152
3 0 5 12 5 12 43
3 0 5 11 11 7 53
3 0 5 11 0 18 164
3 0 5 10 17 2 43
3 0 5 10 6 13 23
3 0 5 9 12 8 193
3 0 5 9 1 19 113
3 0 5 8 18 3 44
3 0 5 8 7 14 10
3 0 5 7 13 9 159
3 0 5 7 2 20 63
3 0 5 6 19 4 74
3 0 5 6 8 15 22
3 0 5 5 14 10 55
3 0 5 5 3 21 142
3 0 5 4 20 5 135
3 0 5 4 9 16 34
3 0 5 3 26 0 8
3 0 5 3 15 11 142
3 0 5 3 4 22 8
3 0 5 2 21 6 96
3 0 5 2 10 17 194
3 0 5 1 27 1 63
3 0 5 1 16 12 86
3 0 5 1 5 23 81
3 0 5 0 22 7 5
3 0 5 0 11 18 83
3 0 5 0 0 29 74
3 0 4 29 0 1 151
3 0 4 27 1 2 55
3 0 4 25 2 3 110
3 0 4 23 3 4 129
3 0 4 21 4 5 53
3 0 4 20 10 0 86
3 0 4 19 5 6 175
3 0 4 18 11 1 129
3 0 4 18 0 12 47
3 0 4 17 6 7 36
3 0 4 16 12 2 12
3 0 4 16 1 13 116
3 0 4 15 7 8 136
3 0 4 14 13 3 160
3 0 4 14 2 14 95
3 0 4 13 8 9 164
3 0 4 12 14 4 193
3 0 4 12 3 15 49
3 0 4 11 9 10 19
3 0 4 10 15 5 173
3 0 4 10 4 16 9
3 0 4 9 21 0 80
3 0 4 8 16 6 47
3 0 4 8 5 17 79
3 0 4 7 22 1 1
3 0 4 7 11 12 93
3 0 4 7 0 23 65
3 0 4 6 17 7 12
3 0 4 6 6 18 114
3 0 4 5 23 2 92
3 0 4 5 12 13 30
3 0 4 5 1 24 19
3 0 4 4 18 8 82
3 0 4 4 7 19 190
3 0 4 3 24 3 170
3 0 4 3 13 14 187
3 0 4 3 2 25 121
3 0 4 2 19 9 136
3 0 4 2 8 20 158
3 0 4 1 25 4 62
3 0 4 1 14 15 89
3 0 4 1 3 26 160
3 0 4 0 20 10 136
3 0 4 0 9 21 2
3 0 3 26 5 0 90
3 0 3 25 0 6 144
3 0 3 24 6 1 158
3 0 3 23 1 7 70
3 0 3 22 7 2 17
3 0 3 21 2 8 141
3 0 3 20 8 3 148
3 0 3 19 3 9 57
3 0 3 18 9 4 63
3 0 3 17 4 10 71
3 0 3 16 10 5 192
3 0 3 15 16 0 87
3 0 3 15 5 11 65
3 0 3 14 11 6 153
3 0 3 14 0 17 179
3 0 3 13 17 1 58
3 0 3 13 6 12 117
3 0 3 12 12 7 50
3 0 3 12 1 18 21
3 0 3 11 18 2 171
3 0 3 10 13 8 26
3 0 3 10 2 19 79
3 0 3 9 19 3 62
3 0 3 9 8 14 194
3 0 3 8 14 9 98
3 0 3 8 3 20 3
3 0 3 7 20 4 15
3 0 3 7 9 15 12
3 0 3 6 15 10 197
3 0 3 6 4 21 173
3 0 3 5 21 5 168
3 0 3 5 10 16 97
3 0 3 4 27 0 6
3 0 3 4 16 11 10
3 0 3 4 5 22 38
3 0 3 3 22 6 94
3 0 3 3 11 17 13
3 0 3 3 0 28 179
3 0 3 2 28 1 132
3 0 3 2 17 12 193
3 0 3 2 6 23 132
3 0 3 1 23 7 11
3 0 3 1 12 18 191
3 0 3 1 1 29 101
3 0 3 0 29 2 118
3 0 3 0 18 13 34
3 0 3 0 7 24 50
3 0 2 30 1 1 191
3 0 2 28 2 2 93
3 0 2 26 3 3 141
3 0 2 24 4 4 2
3 0 2 22 5 5 35
3 0 2 21 11 0 36
3 0 2 21 0 11 66
3 0 2 20 6 6 23
3 0 2 19 12 1 142
3 0 2 19 1 12 35
3 0 2 18 7 7 76
3 0 2 17 13 2 83
3 0 2 17 2 13 15
3 0 2 16 8 8 63
3 0 2 15 14 3 177
3 0 2 15 3 14 94
3 0 2 14 9 9 76
3 0 2 13 15 4 73
3 0 2 13 4 15 35
3 0 2 12 10 10 175
3 0 2 11 16 5 93
3 0 2 11 5 16 89
3 0 2 10 22 0 173
3 0 2 10 11 11 7
3 0 2 10 0 22 27
3 0 2 9 17 6 10
3 0 2 9 6 17 137
3 0 2 8 23 1 162
3 0 2 8 12 12 98
3 0 2 8 1 23 172
3 0 2 7 18 7 167
3 0 2 7 7 18 171
3 0 2 6 24 2 171
3 0 2 6 13 13 113
3 0 2 6 2 24 187
3 0 2 5 19 8 190
3 0 2 5 8 19 174
3 0 2 4 25 3 145
3 0 2 4 14 14 131
3 0 2 4 3 25 113
3 0 2 3 20 9 138
3 0 2 3 9 20 118
3 0 2 2 26 4 9
3 0 2 2 15 15 3
3 0 2 2 4 26 121
3 0 2 1 21 10 157
3 0 2 1 10 21 108
3 0 2 0 27 5 63
3 0 2 0 16 16 89
3 0 2 0 5 27 2
3 0 1 28 0 5 74
3 0 1 27 6 0 58
3 0 1 26 1 6 90
3 0 1 25 7 1 70
3 0 1 24 2 7 173
3 0 1 23 8 2 155
3 0 1 22 3 8 133
3 0 1 21 9 3 96
3 0 1 20 4 9 69
3 0 1 19 10 4 168
3 0 1 18 5 10 1
3 0 1 17 11 5 145
3 0 1 17 0 16 194
3 0 1 16 17 0 75
3 0 1 16 6 11 157
3 0 1 15 12 6 195
3 0 1 15 1 17 187
3 0 1 14 18 1 71
3 0 1 14 7 12 27
3 0 1 13 13 7 97
3 0 1 13 2 18 146
3 0 1 12 19 2 34
3 0 1 12 8 13 110
3 0 1 11 14 8 145
3 0 1 11 3 19 127
3 0 1 10 20 3 49
3 0 1 10 9 14 169
3 0 1 9 15 9 52
3 0 1 9 4 20 85
3 0 1 8 21 4 105
3 0 1 8 10 15 161
3 0 1 7 16 10 24
3 0 1 7 5 21 31
3 0 1 6 22 5 194
3 0 1 6 11 16 115
3 0 1 6 0 27 186
3 0 1 5 28 0 133
3 0 1 5 17 11 143
3 0 1 5 6 22 136
3 0 1 4 23 6 30
3 0 1 4 12 17 189
3 0 1 4 1 28 117
3 0 1 3 29 1 38
3 0 1 3 18 12 28
3 0 1 3 7 23 135
3 0 1 2 24 7 184
3 0 1 2 13 18 67
3 0 1 2 2 29 103
3 0 1 1 19 13 193
3 0 1 1 8 24 92
3 0 1 0 25 8 40
3 0 1 0 14 19 49
3 0 1 0 3 30 158
3 0 0 33 1 0 97
3 0 0 31 2 1 144
3 0 0 29 3 2 106
3 0 0 27 4 3 168
3 0 0 25 5 4 175
3 0 0 24 0 10 14
3 0 0 23 6 5 150
3 0 0 22 12 0 97
3 0 0 22 1 11 36
3 0 0 21 7 6 44
3 0 0 20 13 1 129
3 0 0 20 2 12 182
3 0 0 19 8 7 51
3 0 0 18 14 2 108
3 0 0 18 3 13 121
3 0 0 17 9 8 145
3 0 0 16 15 3 153
3 0 0 16 4 14 27
3 0 0 15 10 9 180
3 0 0 14 16 4 81
3 0 0 14 5 15 140
3 0 0 13 11 10 83
3 0 0 13 0 21 24
3 0 0 12 17 5 40
3 0 0 12 6 16 148
3 0 0 11 23 0 117
3 0 0 11 12 11 49
3 0 0 11 1 22 183
3 0 0 10 18 6 14
3 0 0 10 7 17 180
3 0 0 9 24 1 107
3 0 0 9 13 12 166
3 0 0 9 2 23 18
3 0 0 8 19 7 103
3 0 0 8 8 18 91
3 0 0 7 25 2 2
3 0 0 7 14 13 82
3 0 0 7 3 24 137
3 0 0 6 20 8 171
3 0 0 6 9 19 7
3 0 0 5 26 3 112
3 0 0 5 15 14 115
3 0 0 5 4 25 86
3 0 0 4 21 9 52
3 0 0 4 10 20 186
3 0 0 3 27 4 110
3 0 0 3 16 15 156
3 0 0 3 5 26 29
3 0 0 2 22 10 10
3 0 0 2 11 21 191
3 0 0 2 0 32 91
3 0 0 1 28 5 149
3 0 0 1 17 16 148
3 0 0 1 6 27 71
3 0 0 0 34 0 97
3 0 0 0 23 11 110
3 0 0 0 12 22 49
3 0 0 0 1 33 128
4 33 0 0 0 1 128
4 32 0 0 2 0 91
4 31 1 1 0 1 60
4 30 3 0 1 0 163
4 30 1 1 2 0 186
4 30 0 1 0 3 158
4 29 2 2 0 1 187
4 29 2 0 1 2 6
4 29 0 5 0 0 74
4 29 0 3 1 1 101
4 29 0 1 2 2 103
4 28 6 0 0 0 41
4 28 4 1 1 0 97
4 28 2 2 2 0 17
4 28 2 0 3 1 51
4 28 1 2 0 3 197
4 28 1 0 1 4 151
4 28 0 3 3 0 179
4 28 0 1 4 1 117
4 27 5 0 0 2 152
4 27 3 1 1 2 111
4 27 2 0 5 0 63
4 27 1 6 0 0 83
4 27 1 4 1 1 29
4 27 1 2 2 2 99
4 27 1 0 3 3 136
4 27 0 2 0 5 2
4 27 0 1 6 0 186
4 27 0 0 1 6 71
4 26 7 1 0 0 113
4 26 5 2 1 0 105
4 26 5 0 2 1 52
4 26 4 0 0 4 113
4 26 3 3 2 0 91
4 26 3 1 3 1 161
4 26 2 3 0 3 105
4 26 2 1 1 4 84
4 26 1 4 3 0 47
4 26 1 2 4 1 15
4 26 1 0 5 2 27
4 26 0 6 0 2 48
4 26 0 4 1 3 160
4 26 0 2 2 4 121
4 26 0 0 3 5 29
4 25 6 1 0 2 131
4 25 5 0 4 0 40
4 25 4 4 0 1 43
4 25 4 2 1 2 106
4 25 4 0 2 3 86
4 25 3 1 5 0 192
4 25 3 0 0 6 130
4 25 2 7 0 0 167
4 25 2 5 1 1 178
4 25 2 3 2 2 58
4 25 2 1 3 3 25
4 25 1 3 0 5 171
4 25 1 2 6 0 152
4 25 1 1 1 6 176
4 25 1 0 7 1 40
4 25 0 8 1 0 16
4 25 0 6 2 1 55
4 25 0 4 3 2 121
4 25 0 2 4 3 113
4 25 0 0 5 4 86
4 24 8 2 0 0 74
4 24 8 0 1 1 195
4 24 6 3 1 0 107
4 24 6 1 2 1 52
4 24 5 1 0 4 6
4 24 4 4 2 0 106
4 24 4 2 3 1 3
4 24 4 0 4 2 19
4 24 3 4 0 3 122
4 24 3 2 1 4 96
4 24 3 0 2 5 95
4 24 2 5 3 0 69
4 24 2 3 4 1 22
4 24 2 1 5 2 144
4 24 2 0 0 8 47
4 24 1 7 0 2 162
4 24 1 5 1 3 127
4 24 1 3 2 4 71
4 24 1 1 3 5 84
4 24 1 0 9 0 5
4 24 0 6 4 0 185
4 24 0 4 5 1 19
4 24 0 3 0 7 50
4 24 0 2 6 2 187
4 24 0 1 1 8 92
4 24 0 0 7 3 137
4 23 8 0 3 0 84
4 23 7 2 0 2 54
4 23 7 0 1 3 193
4 23 6 1 4 0 138
4 23 5 5 0 1 86
4 23 5 3 1 2 46
4 23 5 1 2 3 106
4 23 4 2 5 0 105
4 23 4 1 0 6 144
4 23 4 0 6 1 144
4 23 3 8 0 0 7
4 23 3 6 1 1 93
4 23 3 4 2 2 48
4 23 3 2 3 3 141
4 23 3 0 4 4 174
4 23 2 4 0 5 91
4 23 2 3 6 0 115
4 23 2 2 1 6 54
4 23 2 1 7 1 79
4 23 2 0 2 7 2
4 23 1 9 1 0 37
4 23 1 7 2 1 189
4 23 1 5 3 2 26
4 23 1 3 4 3 185
4 23 1 1 5 4 138
4 23 1 0 0 10 162
4 23 0 7 0 4 7
4 23 0 5 1 5 81
4 23 0 4 7 0 65
4 23 0 3 2 6 132
4 23 0 2 8 1 172
4 23 0 1 3 7 135
4 23 0 0 9 2 18
4 22 11 0 0 1 136
4 22 9 3 0 0 151
4 22 9 1 1 1 79
4 22 7 4 1 0 181
4 22 7 2 2 1 60
4 22 7 0 3 2 68
4 22 6 2 0 4 69
4 22 6 0 1 5 54
4 22 5 5 2 0 136
4 22 5 3 3 1 91
4 22 5 1 4 2 134
4 22 4 5 0 3 196
4 22 4 3 1 4 183
4 22 4 1 2 5 68
4 22 4 0 8 0 48
4 22 3 6 3 0 75
4 22 3 4 4 1 48
4 22 3 2 5 2 165
4 22 3 1 0 8 106
4 22 3 0 6 3 146
4 22 2 8 0 2 9
4 22 2 6 1 3 41
4 22 2 4 2 4 59
4 22 2 2 3 5 6
4 22 2 1 9 0 177
4 22 2 0 4 6 144
4 22 1 7 4 0 97
4 22 1 4 0 7 49
4 22 1 3 6 2 87
4 22 1 2 1 8 29
4 22 1 1 7 3 7
4 22 1 0 2 9 119
4 22 0 11 0 1 24
4 22 0 9 1 2 154
4 22 0 7 2 3 170
4 22 0 5 3 4 8
4 22 0 3 4 5 38
4 22 0 2 10 0 27
4 22 0 1 5 6 136
4 22 0 0 11 1 183
4 22 0 0 0 12 49
4 21 11 0 2 0 93
4 21 10 0 0 3 47
4 21 9 1 3 0 184
4 21 8 3 0 2 9
4 21 8 1 1 3 29
4 21 7 2 4 0 142
4 21 7 0 5 1 142
4 21 6 6 0 1 26
4 21 6 4 1 2 182
4 21 6 2 2 3 116
4 21 6 0 3 4 147
4 21 5 3 5 0 114
4 21 5 2 0 6 40
4 21 5 1 6 1 85
4 21 5 0 1 7 4
4 21 4 9 0 0 37
4 21 4 7 1 1 151
4 21 4 5 2 2 143
4 21 4 3 3 3 94
4 21 4 1 4 4 193
4 21 3 5 0 5 112
4 21 3 4 6 0 76
4 21 3 3 1 6 125
4 21 3 2 7 1 65
4 21 3 1 2 7 17
4 21 3 0 8 2 123
4 21 2 10 1 0 110
4 21 2 8 2 1 53
4 21 2 6 3 2 171
4 21 2 4 4 3 186
4 21 2 2 5 4 164
4 21 2 1 0 10 174
4 21 2 0 6 5 99
4 21 1 8 0 4 30
4 21 1 6 1 5 146
4 21 1 5 7 0 141
4 21 1 4 2 6 182
4 21 1 3 8 1 142
4 21 1 2 3 7 18
4 21 1 1 9 2 194
4 21 1 0 4 8 184
4 21 0 11 2 0 113
4 21 0 9 3 1 63
4 21 0 7 4 2 182
4 21 0 5 5 3 142
4 21 0 4 0 9 2
4 21 0 3 6 4 173
4 21 0 2 1 10 108
4 21 0 1 7 5 31
4 21 0 0 13 0 24
4 21 0 0 2 11 191
4 20 12 1 0 1 59
4 20 10 4 0 0 182
4 20 10 2 1 1 45
4 20 10 0 2 2 54
4 20 9 0 0 5 63
4 20 8 5 1 0 88
4 20 8 3 2 1 54
4 20 8 1 3 2 102
4 20 7 3 0 4 192
4 20 7 1 1 5 182
4 20 7 0 7 0 106
4 20 6 6 2 0 185
4 20 6 4 3 1 54
4 20 6 2 4 2 133
4 20 6 0 5 3 7
4 20 5 6 0 3 41
4 20 5 4 1 4 154
4 20 5 2 2 5 89
4 20 5 1 8 0 24
4 20 5 0 3 6 108
4 20 4 7 3 0 128
4 20 4 5 4 1 47
4 20 4 3 5 2 146
4 20 4 2 0 8 56
4 20 4 1 6 3 115
4 20 4 0 1 9 179
4 20 3 9 0 2 61
4 20 3 7 1 3 141
4 20 3 5 2 4 73
4 20 3 3 3 5 36
4 20 3 2 9 0 150
4 20 3 1 4 6 67
4 20 3 0 10 1 51
4 20 2 8 4 0 136
4 20 2 6 5 1 72
4 20 2 5 0 7 141
4 20 2 4 6 2 37
4 20 2 3 1 8 9
4 20 2 2 7 3 133
4 20 2 1 2 9 197
4 20 2 0 8 4 73
4 20 1 12 0 1 43
4 20 1 10 1 2 108
4 20 1 8 2 3 119
4 20 1 6 3 4 129
4 20 1 4 4 5 129
4 20 1 3 10 0 32
4 20 1 2 5 6 81
4 20 1 1 11 1 8
4 20 1 1 0 12 24
4 20 1 0 6 7 134
4 20 0 9 5 0 193
4 20 0 8 0 6 84
4 20 0 7 6 1 185
4 20 0 6 1 7 54
4 20 0 5 7 2 63
4 20 0 4 2 8 158
4 20 0 3 8 3 3
4 20 0 2 3 9 118
4 20 0 1 9 4 85
4 20 0 0 4 10 186
4 19 14 0 1 0 58
4 19 12 1 2 0 87
4 19 11 1 0 3 156
4 19 10 2 3 0 184
4 19 10 0 4 1 45
4 19 9 4 0 2 82
4 19 9 2 1 3 49
4 19 9 0 2 4 73
4 19 8 3 4 0 77
4 19 8 1 5 1 185
4 19 8 0 0 7 80
4 19 7 7 0 1 87
4 19 7 5 1 2 98
4 19 7 3 2 3 41
4 19 7 1 3 4 116
4 19 6 4 5 0 2
4 19 6 3 0 6 180
4 19 6 2 6 1 105
4 19 6 1 1 7 20
4 19 6 0 7 2 26
4 19 5 10 0 0 85
4 19 5 8 1 1 118
4 19 5 6 2 2 20
4 19 5 4 3 3 9
4 19 5 2 4 4 42
4 19 5 0 5 5 173
4 19 4 6 0 5 141
4 19 4 5 6 0 30
4 19 4 4 1 6 31
4 19 4 3 7 1 121
4 19 4 2 2 7 111
4 19 4 1 8 2 192
4 19 4 0 3 8 33
4 19 3 11 1 0 98
4 19 3 9 2 1 74
4 19 3 7 3 2 165
4 19 3 5 4 3 180
4 19 3 3 5 4 72
4 19 3 2 0 10 95
4 19 3 1 6 5 109
4 19 3 0 12 0 150
4 19 3 0 1 11 171
4 19 2 9 0 4 162
4 19 2 7 1 5 176
4 19 2 6 7 0 6
4 19 2 5 2 6 150
4 19 2 4 8 1 12
4 19 2 3 3 7 130
4 19 2 2 9 2 164
4 19 2 1 4 8 116
4 19 2 0 10 3 148
4 19 1 12 2 0 64
4 19 1 10 3 1 22
4 19 1 8 4 2 23
4 19 1 6 5 3 109
4 19 1 5 0 9 64
4 19 1 4 6 4 120
4 19 1 3 1 10 34
4 19 1 2 7 5 65
4 19 1 1 13 0 1
4 19 1 1 2 11 51
4 19 1 0 8 6 117
4 19 0 12 0 3 65
4 19 0 10 1 4 22
4 19 0 8 2 5 187
4 19 0 7 8 0 169
4 19 0 6 3 6 89
4 19 0 5 9 1 113
4 19 0 4 4 7 190
4 19 0 3 10 2 79
4 19 0 2 5 8 174
4 19 0 1 11 3 127
4 19 0 1 0 14 49
4 19 0 0 6 9 7
4 18 13 2 0 1 45
4 18 13 0 1 2 110
4 18 11 5 0 0 168
4 18 11 3 1 1 12
4 18 11 1 2 2 63
4 18 10 1 0 5 170
4 18 10 0 6 0 49
4 18 9 6 1 0 77
4 18 9 4 2 1 17
4 18 9 2 3 2 71
4 18 9 0 4 3 33
4 18 8 4 0 4 145
4 18 8 2 1 5 72
4 18 8 1 7 0 39
4 18 8 0 2 6 60
4 18 7 7 2 0 56
4 18 7 5 3 1 176
4 18 7 3 4 2 183
4 18 7 1 5 3 16
4 18 7 0 0 9 101
4 18 6 7 0 3 115
4 18 6 5 1 4 16
4 18 6 3 2 5 149
4 18 6 2 8 0 120
4 18 6 1 3 6 193
4 18 6 0 9 1 39
4 18 5 8 3 0 124
4 18 5 6 4 1 61
4 18 5 4 5 2 166
4 18 5 3 0 8 100
4 18 5 2 6 3 170
4 18 5 1 1 9 26
4 18 5 0 7 4 119
4 18 4 10 0 2 159
4 18 4 8 1 3 46
4 18 4 6 2 4 44
4 18 4 4 3 5 48
4 18 4 3 9 0 5
4 18 4 2 4 6 155
4 18 4 1 10 1 119
4 18 4 0 5 7 54
4 18 3 9 4 0 33
4 18 3 7 5 1 147
4 18 3 6 0 7 26
4 18 3 5 6 2 125
4 18 3 4 1 8 138
4 18 3 3 7 3 75
4 18 3 2 2 9 191
4 18 3 1 8 4 186
4 18 3 0 3 10 168
4 18 2 13 0 1 59
4 18 2 11 1 2 174
4 18 2 9 2 3 58
4 18 2 7 3 4 155
4 18 2 5 4 5 40
4 18 2 4 10 0 149
4 18 2 3 5 6 75
4 18 2 2 11 1 194
4 18 2 2 0 12 111
4 18 2 1 6 7 89
4 18 2 0 12 2 87
4 18 2 0 1 13 100
4 18 1 10 5 0 49
4 18 1 9 0 6 187
4 18 1 8 6 1 168
4 18 1 7 1 7 163
4 18 1 6 7 2 33
4 18 1 5 2 8 45
4 18 1 4 8 3 55
4 18 1 3 3 9 31
4 18 1 2 9 4 24
4 18 1 1 4 10 190
4 18 1 0 10 5 164
4 18 0 16 0 0 87
4 18 0 14 1 1 138
4 18 0 12 2 2 125
4 18 0 10 3 3 14
4 18 0 8 4 4 125
4 18 0 6 5 5 174
4 18 0 5 11 0 164
4 18 0 5 0 11 83
4 18 0 4 6 6 114
4 18 0 3 12 1 21
4 18 0 3 1 12 191
4 18 0 2 7 7 171
4 18 0 1 13 2 146
4 18 0 1 2 13 67
4 18 0 0 8 8 91
4 17 17 0 0 0 65
4 17 15 1 1 0 111
4 17 13 2 2 0 79
4 17 13 0 3 1 53
4 17 12 2 0 3 99
4 17 12 0 1 4 119
4 17 11 3 3 0 24
4 17 11 1 4 1 96
4 17 10 5 0 2 1
4 17 10 3 1 3 133
4 17 10 1 2 4 119
4 17 9 4 4 0 14
4 17 9 2 5 1 151
4 17 9 1 0 7 14
4 17 9 0 6 2 40
4 17 8 8 0 1 186
4 17 8 6 1 2 152
4 17 8 4 2 3 17
4 17 8 2 3 4 168
4 17 8 0 4 5 139
4 17 7 5 5 0 45
4 17 7 4 0 6 69
4 17 7 3 6 1 150
4 17 7 2 1 7 30
4 17 7 1 7 2 137
4 17 7 0 2 8 23
4 17 6 11 0 0 14
4 17 6 9 1 1 55
4 17 6 7 2 2 29
4 17 6 5 3 3 34
4 17 6 3 4 4 19
4 17 6 1 5 5 61
4 17 6 0 11 0 185
4 17 6 0 0 11 150
4 17 5 7 0 5 129
4 17 5 6 6 0 196
4 17 5 5 1 6 144
4 17 5 4 7 1 162
4 17 5 3 2 7 9
4 17 5 2 8 2 92
4 17 5 1 3 8 106
4 17 5 0 9 3 193
4 17 4 12 1 0 50
4 17 4 10 2 1 97
4 17 4 8 3 2 21
4 17 4 6 4 3 186
4 17 4 4 5 4 159
4 17 4 3 0 10 30
4 17 4 2 6 5 1
4 17 4 1 12 0 8
4 17 4 1 1 11 37
4 17 4 0 7 6 43
4 17 3 10 0 4 54
4 17 3 8 1 5 41
4 17 3 7 7 0 24
4 17 3 6 2 6 138
4 17 3 5 8 1 150
4 17 3 4 3 7 19
4 17 3 3 9 2 71
4 17 3 2 4 8 76
4 17 3 1 10 3 173
4 17 3 0 5 9 103
4 17 2 13 2 0 187
4 17 2 11 3 1 156
4 17 2 9 4 2 145
4 17 2 7 5 3 98
4 17 2 6 0 9 64
4 17 2 5 6 4 17
4 17 2 4 1 10 79
4 17 2 3 7 5 134
4 17 2 2 13 0 150
4 17 2 2 2 11 183
4 17 2 1 8 6 113
4 17 2 0 14 1 79
4 17 2 0 3 12 186
4 17 1 13 0 3 73
4 17 1 11 1 4 44
4 17 1 9 2 5 34
4 17 1 8 8 0 166
4 17 1 7 3 6 65
4 17 1 6 9 1 173
4 17 1 5 4 7 4
4 17 1 4 10 2 47
4 17 1 3 5 8 45
4 17 1 2 11 3 126
4 17 1 2 0 14 53
4 17 1 1 6 9 136
4 17 1 0 12 4 80
4 17 1 0 1 15 180
4 17 0 14 3 0 2
4 17 0 12 4 1 7
4 17 0 10 5 2 6
4 17 0 9 0 8 84
4 17 0 8 6 3 123
4 17 0 7 1 9 5
4 17 0 6 7 4 145
4 17 0 5 2 10 194
4 17 0 4 8 5 79
4 17 0 3 14 0 179
4 17 0 3 3 11 13
4 17 0 2 9 6 137
4 17 0 1 15 1 187
4 17 0 1 4 12 189
4 17 0 0 10 7 180
4 16 16 0 0 2 34
4 16 14 3 0 1 183
4 16 14 1 1 2 54
4 16 13 0 5 0 119
4 16 12 6 0 0 181
4 16 12 4 1 1 51
4 16 12 2 2 2 169
4 16 12 0 3 3 109
4 16 11 2 0 5 83
4 16 11 1 6 0 133
4 16 11 0 1 6 171
4 16 10 7 1 0 128
4 16 10 5 2 1 57
4 16 10 3 3 2 80
4 16 10 1 4 3 37
4 16 9 5 0 4 8
4 16 9 3 1 5 14
4 16 9 2 7 0 186
4 16 9 1 2 6 177
4 16 9 0 8 1 131
4 16 8 8 2 0 126
4 16 8 6 3 1 176
4 16 8 4 4 2 42
4 16 8 2 5 3 162
4 16 8 1 0 9 168
4 16 8 0 6 4 191
4 16 7 8 0 3 97
4 16 7 6 1 4 153
4 16 7 4 2 5 90
4 16 7 3 8 0 62
4 16 7 2 3 6 64
4 16 7 1 9 1 26
4 16 7 0 4 7 143
4 16 6 9 3 0 103
4 16 6 7 4 1 118
4 16 6 5 5 2 25
4 16 6 4 0 8 119
4 16 6 3 6 3 24
4 16 6 2 1 9 98
4 16 6 1 7 4 83
4 16 6 0 2 10 154
4 16 5 11 0 2 138
4 16 5 9 1 3 1
4 16 5 7 2 4 133
4 16 5 5 3 5 52
4 16 5 4 9 0 60
4 16 5 3 4 6 149
4 16 5 2 10 1 33
4 16 5 1 5 7 83
4 16 5 0 11 2 197
4 16 5 0 0 13 161
4 16 4 10 4 0 127
4 16 4 8 5 1 188
4 16 4 7 0 7 73
4 16 4 6 6 2 159
4 16 4 5 1 8 133
4 16 4 4 7 3 165
4 16 4 3 2 9 92
4 16 4 2 8 4 60
4 16 4 1 3 10 92
4 16 4 0 9 5 119
4 16 3 14 0 1 95
4 16 3 12 1 2 10
4 16 3 10 2 3 176
4 16 3 8 3 4 67
4 16 3 6 4 5 168
4 16 3 5 10 0 88
4 16 3 4 5 6 194
4 16 3 3 11 1 148
4 16 3 3 0 12 124
4 16 3 2 6 7 86
4 16 3 1 12 2 158
4 16 3 1 1 13 40
4 16 3 0 7 8 141
4 16 2 11 5 0 104
4 16 2 10 0 6 126
4 16 2 9 6 1 66
4 16 2 8 1 7 124
4 16 2 7 7 2 39
4 16 2 6 2 8 143
4 16 2 5 8 3 5
4 16 2 4 3 9 108
4 16 2 3 9 4 194
4 16 2 2 4 10 130
4 16 2 1 10 5 17
4 16 2 0 16 0 65
4 16 2 0 5 11 102
4 16 1 17 0 0 37
4 16 1 15 1 1 37
4 16 1 13 2 2 140
4 16 1 11 3 3 193
4 16 1 9 4 4 122
4 16 1 7 5 5 82
4 16 1 6 11 0 50
4 16 1 6 0 11 128
4 16 1 5 6 6 15
4 16 1 4 12 1 188
4 16 1 4 1 12 57
4 16 1 3 7 7 53
4 16 1 2 13 2 53
4 16 1 2 2 13 149
4 16 1 1 8 8 110
4 16 1 0 14 3 87
4 16 1 0 3 14 173
4 16 0 13 0 5 25
4 16 0 12 6 0 113
4 16 0 11 1 6 145
4 16 0 10 7 1 138
4 16 0 9 2 7 4
4 16 0 8 8 2 48
4 16 0 7 3 8 194
4 16 0 6 9 3 30
4 16 0 5 4 9 34
4 16 0 4 10 4 9
4 16 0 3 5 10 97
4 16 0 2 11 5 89
4 16 0 2 0 16 89
4 16 0 1 17 0 194
4 16 0 1 6 11 115
4 16 0 0 12 6 148
4 16 0 0 1 17 148
4 15 18 1 0 0 148
4 15 16 2 1 0 40
4 15 16 0 2 1 195
4 15 15 0 0 4 78
4 15 14 3 2 0 165
4 15 14 1 3 1 86
4 15 13 3 0 3 83
4 15 13 1 1 4 120
4 15 12 4 3 0 134
4 15 12 2 4 1 50
4 15 12 0 5 2 172
4 15 11 6 0 2 172
4 15 11 4 1 3 174
4 15 11 2 2 4 177
4 15 11 0 3 5 68
4 15 10 5 4 0 39
4 15 10 3 5 1 142
4 15 10 2 0 7 132
4 15 10 1 6 2 132
4 15 10 0 1 8 103
4 15 9 9 0 1 46
4 15 9 7 1 2 4
4 15 9 5 2 3 152
4 15 9 3 3 4 67
4 15 9 1 4 5 100
4 15 9 0 10 0 4
4 15 8 6 5 0 16
4 15 8 5 0 6 13
4 15 8 4 6 1 78
4 15 8 3 1 7 86
4 15 8 2 7 2 50
4 15 8 1 2 8 111
4 15 8 0 8 3 115
4 15 7 12 0 0 144
4 15 7 10 1 1 46
4 15 7 8 2 2 197
4 15 7 6 3 3 87
4 15 7 4 4 4 72
4 15 7 2 5 5 163
4 15 7 1 11 0 171
4 15 7 1 0 11 101
4 15 7 0 6 6 36
4 15 6 8 0 5 182
4 15 6 6 1 6 128
4 15 6 5 7 1 45
4 15 6 4 2 7 46
4 15 6 3 8 2 120
4 15 6 2 3 8 179
4 15 6 1 9 3 150
4 15 6 0 4 9 178
4 15 5 13 1 0 58
4 15 5 11 2 1 31
4 15 5 9 3 2 104
4 15 5 7 4 3 198
4 15 5 5 5 4 56
4 15 5 4 0 10 97
4 15 5 3 6 5 5
4 15 5 2 12 0 21
4 15 5 2 1 11 138
4 15 5 1 7 6 40
4 15 5 0 13 1 124
4 15 5 0 2 12 47
4 15 4 11 0 4 94
4 15 4 9 1 5 56
4 15 4 8 7 0 52
4 15 4 7 2 6 153
4 15 4 6 8 1 7
4 15 4 5 3 7 141
4 15 4 4 9 2 82
4 15 4 3 4 8 159
4 15 4 2 10 3 42
4 15 4 1 5 9 143
4 15 4 0 11 4 60
4 15 4 0 0 15 194
4 15 3 14 2 0 186
4 15 3 12 3 1 174
4 15 3 10 4 2 21
4 15 3 8 5 3 163
4 15 3 7 0 9 122
4 15 3 6 6 4 65
4 15 3 5 1 10 70
4 15 3 4 7 5 104
4 15 3 3 13 0 119
4 15 3 3 2 11 124
4 15 3 2 8 6 181
4 15 3 1 14 1 195
4 15 3 1 3 12 183
4 15 3 0 9 7 6
4 15 2 14 0 3 16
4 15 2 12 1 4 188
4 15 2 10 2 5 176
4 15 2 9 8 0 105
4 15 2 8 3 6 78
4 15 2 7 9 1 59
4 15 2 6 4 7 129
4 15 2 5 10 2 153
4 15 2 4 5 8 21
4 15 2 3 11 3 143
4 15 2 3 0 14 184
4 15 2 2 6 9 34
4 15 2 1 12 4 148
4 15 2 1 1 15 60
4 15 2 0 7 10 149
4 15 1 15 3 0 167
4 15 1 13 4 1 43
4 15 1 11 5 2 160
4 15 1 10 0 8 99
4 15 1 9 6 3 179
4 15 1 8 1 9 191
4 15 1 7 7 4 24
4 15 1 6 2 10 40
4 15 1 5 8 5 139
4 15 1 4 14 0 55
4 15 1 4 3 11 107
4 15 1 3 9 6 37
4 15 1 2 15 1 72
4 15 1 2 4 12 30
4 15 1 1 10 7 134
4 15 1 0 16 2 118
4 15 1 0 5 13 77
4 15 0 17 0 2 188
4 15 0 15 1 3 30
4 15 0 13 2 4 130
4 15 0 11 3 5 109
4 15 0 10 9 0 173
4 15 0 9 4 6 136
4 15 0 8 10 1 90
4 15 0 7 5 7 102
4 15 0 6 11 2 1
4 15 0 6 0 13 81
4 15 0 5 6 8 22
4 15 0 4 12 3 49
4 15 0 4 1 14 89
4 15 0 3 7 9 12
4 15 0 2 13 4 35
4 15 0 2 2 15 3
4 15 0 1 8 10 161
4 15 0 0 14 5 140
4 15 0 0 3 16 156
4 14 17 1 0 2 179
4 14 16 0 4 0 136
4 14 15 4 0 1 96
4 14 15 2 1 2 137
4 14 15 0 2 3 87
4 14 14 1 5 0 114
4 14 14 0 0 6 123
4 14 13 7 0 0 4
4 14 13 5 1 1 21
4 14 13 3 2 2 96
4 14 13 1 3 3 146
4 14 12 3 0 5 158
4 14 12 2 6 0 77
4 14 12 1 1 6 125
4 14 12 0 7 1 127
4 14 11 8 1 0 86
4 14 11 6 2 1 76
4 14 11 4 3 2 30
4 14 11 2 4 3 50
4 14 11 0 5 4 20
4 14 10 6 0 4 2
4 14 10 4 1 5 96
4 14 10 3 7 0 47
4 14 10 2 2 6 24
4 14 10 1 8 1 174
4 14 10 0 3 7 20
4 14 9 9 2 0 135
4 14 9 7 3 1 98
4 14 9 5 4 2 49
4 14 9 3 5 3 142
4 14 9 2 0 9 140
4 14 9 1 6 4 114
4 14 9 0 1 10 186
4 14 8 9 0 3 174
4 14 8 7 1 4 153
4 14 8 5 2 5 168
4 14 8 4 8 0 32
4 14 8 3 3 6 53
4 14 8 2 9 1 35
4 14 8 1 4 7 132
4 14 8 0 10 2 98
4 14 7 10 3 0 151
4 14 7 6 5 2 188
4 14 7 5 0 8 126
4 14 7 4 6 3 101
4 14 7 3 1 9 78
4 14 7 2 7 4 29
4 14 7 1 2 10 33
4 14 7 0 8 5 124
4 14 6 12 0 2 77
4 14 6 10 1 3 192
4 14 6 8 2 4 75
4 14 6 6 3 5 4
4 14 6 5 9 0 136
4 14 6 4 4 6 134
4 14 6 3 10 1 86
4 14 6 2 5 7 77
4 14 6 1 11 2 65
4 14 6 1 0 13 133
4 14 6 0 6 8 171
4 14 5 11 4 0 93
4 14 5 9 5 1 23
4 14 5 8 0 7 139
4 14 5 7 6 2 181
4 14 5 6 1 8 36
4 14 5 5 7 3 170
4 14 5 4 2 9 92
4 14 5 3 8 4 137
4 14 5 2 3 10 4
4 14 5 1 9 5 186
4 14 5 0 15 0 83
4 14 5 0 4 11 33
4 14 4 15 0 1 103
4 14 4 13 1 2 84
4 14 4 11 2 3 131
4 14 4 9 3 4 125
4 14 4 7 4 5 150
4 14 4 6 10 0 157
4 14 4 5 5 6 55
4 14 4 4 11 1 172
4 14 4 4 0 12 73
4 14 4 3 6 7 114
4 14 4 2 12 2 162
4 14 4 2 1 13 198
4 14 4 1 7 8 114
4 14 4 0 13 3 82
4 14 4 0 2 14 140
4 14 3 12 5 0 137
4 14 3 11 0 6 134
4 14 3 10 6 1 36
4 14 3 9 1 7 5
4 14 3 8 7 2 140
4 14 3 7 2 8 68
4 14 3 6 8 3 73
4 14 3 5 3 9 106
4 14 3 4 9 4 105
4 14 3 3 4 10 166
4 14 3 2 10 5 45
4 14 3 1 16 0 190
4 14 3 1 5 11 67
4 14 3 0 11 6 41
4 14 3 0 0 17 93
4 14 2 18 0 0 18
4 14 2 16 1 1 42
4 14 2 14 2 2 68
4 14 2 12 3 3 125
4 14 2 10 4 4 54
4 14 2 8 5 5 181
4 14 2 7 11 0 181
4 14 2 7 0 11 149
4 14 2 6 6 6 55
4 14 2 5 12 1 42
4 14 2 5 1 12 38
4 14 2 4 7 7 45
4 14 2 3 13 2 75
4 14 2 3 2 13 29
4 14 2 2 8 8 195
4 14 2 1 14 3 185
4 14 2 1 3 14 61
4 14 2 0 9 9 95
4 14 1 14 0 5 1
4 14 1 13 6 0 113
4 14 1 12 1 6 32
4 14 1 11 7 1 170
4 14 1 10 2 7 117
4 14 1 9 8 2 190
4 14 1 8 3 8 187
4 14 1 7 9 3 188
4 14 1 6 4 9 74
4 14 1 5 10 4 56
4 14 1 4 5 10 165
4 14 1 3 11 5 8
4 14 1 3 0 16 53
4 14 1 2 17 0 166
4 14 1 2 6 11 151
4 14 1 1 12 6 2
4 14 1 1 1 17 104
4 14 1 0 18 1 143
4 14 1 0 7 12 62
4 14 0 19 1 0 142
4 14 0 17 2 1 57
4 14 0 15 3 2 89
4 14 0 13 4 3 6
4 14 0 11 5 4 137
4 14 0 10 0 10 152
4 14 0 9 6 5 18
4 14 0 8 12 0 172
4 14 0 8 1 11 20
4 14 0 7 7 6 84
4 14 0 6 13 1 121
4 14 0 6 2 12 87
4 14 0 5 8 7 10
4 14 0 4 14 2 95
4 14 0 4 3 13 187
4 14 0 3 9 8 194
4 14 0 2 15 3 94
4 14 0 2 4 14 131
4 14 0 1 10 9 169
4 14 0 0 16 4 27
4 14 0 0 5 15 115
4 13 19 2 0 0 171
4 13 19 0 1 1 39
4 13 17 3 1 0 111
4 13 17 1 2 1 192
4 13 16 1 0 4 175
4 13 15 4 2 0 189
4 13 15 2 3 1 103
4 13 15 0 4 2 154
4 13 14 4 0 3 25
4 13 14 2 1 4 140
4 13 14 0 2 5 122
4 13 13 5 3 0 112
4 13 13 3 4 1 144
4 13 13 1 5 2 134
4 13 13 0 0 8 94
4 13 12 7 0 2 41
4 13 12 5 1 3 29
4 13 12 3 2 4 138
4 13 12 1 3 5 106
4 13 12 0 9 0 92
4 13 11 6 4 0 95
4 13 11 4 5 1 178
4 13 11 3 0 7 62
4 13 11 2 6 2 144
4 13 11 1 1 8 116
4 13 11 0 7 3 131
4 13 10 10 0 1 150
4 13 10 8 1 2 169
4 13 10 6 2 3 100
4 13 10 4 3 4 114
4 13 10 2 4 5 59
4 13 10 1 10 0 138
4 13 10 0 5 6 76
4 13 9 7 5 0 103
4 13 9 6 0 6 191
4 13 9 5 6 1 106
4 13 9 4 1 7 153
4 13 9 3 7 2 80
4 13 9 2 2 8 116
4 13 9 1 8 3 125
4 13 9 0 3 9 58
4 13 8 13 0 0 36
4 13 8 11 1 1 183
4 13 8 9 2 2 57
4 13 8 7 3 3 33
4 13 8 5 4 4 35
4 13 8 3 5 5 36
4 13 8 2 11 0 73
4 13 8 2 0 11 86
4 13 8 1 6 6 54
4 13 8 0 12 1 109
4 13 8 0 1 12 70
4 13 7 9 0 5 102
4 13 7 8 6 0 128
4 13 7 7 1 6 99
4 13 7 6 7 1 107
4 13 7 5 2 7 123
4 13 7 4 8 2 46
4 13 7 3 3 8 142
4 13 7 2 9 3 16
4 13 7 1 4 9 37
4 13 7 0 10 4 42
4 13 6 14 1 0 4
4 13 6 12 2 1 115
4 13 6 10 3 2 56
4 13 6 8 4 3 11
4 13 6 6 5 4 143
4 13 6 5 0 10 164
4 13 6 4 6 5 16
4 13 6 3 12 0 36
4 13 6 3 1 11 81
4 13 6 2 7 6 115
4 13 6 1 13 1 195
4 13 6 1 2 12 56
4 13 6 0 8 7 109
4 13 5 12 0 4 190
4 13 5 10 1 5 179
4 13 5 9 7 0 190
4 13 5 8 2 6 74
4 13 5 7 8 1 187
4 13 5 6 3 7 14
4 13 5 5 9 2 152
4 13 5 4 4 8 14
4 13 5 3 10 3 178
4 13 5 2 5 9 62
4 13 5 1 11 4 40
4 13 5 1 0 15 30
4 13 5 0 6 10 16
4 13 4 15 2 0 196
4 13 4 13 3 1 159
4 13 4 11 4 2 70
4 13 4 9 5 3 61
4 13 4 8 0 9 166
4 13 4 7 6 4 72
4 13 4 6 1 10 50
4 13 4 5 7 5 197
4 13 4 4 13 0 10
4 13 4 4 2 11 52
4 13 4 3 8 6 131
4 13 4 2 14 1 64
4 13 4 2 3 12 53
4 13 4 1 9 7 158
4 13 4 0 15 2 14
4 13 4 0 4 13 75
4 13 3 15 0 3 89
4 13 3 13 1 4 19
4 13 3 11 2 5 106
4 13 3 10 8 0 13
4 13 3 9 3 6 109
4 13 3 8 9 1 66
4 13 3 7 4 7 27
4 13 3 6 10 2 69
4 13 3 5 5 8 43
4 13 3 4 11 3 175
4 13 3 4 0 14 129
4 13 3 3 6 9 79
4 13 3 2 12 4 113
4 13 3 2 1 15 100
4 13 3 1 7 10 21
4 13 3 0 13 5 175
4 13 3 0 2 16 169
4 13 2 16 3 0 126
4 13 2 12 5 2 47
4 13 2 11 0 8 197
4 13 2 10 6 3 12
4 13 2 9 1 9 68
4 13 2 8 7 4 49
4 13 2 7 2 10 187
4 13 2 6 8 5 46
4 13 2 5 14 0 115
4 13 2 5 3 11 122
4 13 2 4 9 6 58
4 13 2 3 15 1 15
4 13 2 3 4 12 44
4 13 2 2 10 7 11
4 13 2 1 16 2 100
4 13 2 1 5 13 80
4 13 2 0 11 8 47
4 13 2 0 0 19 13
4 13 1 18 0 2 36
4 13 1 16 1 3 138
4 13 1 14 2 4 83
4 13 1 12 3 5 105
4 13 1 11 9 0 170
4 13 1 10 4 6 61
4 13 1 9 10 1 21
4 13 1 8 5 7 152
4 13 1 7 11 2 24
4 13 1 7 0 13 140
4 13 1 6 6 8 130
4 13 1 5 12 3 111
4 13 1 5 1 14 83
4 13 1 4 7 9 154
4 13 1 3 13 4 158
4 13 1 3 2 15 19
4 13 1 2 8 10 33
4 13 1 1 14 5 22
4 13 1 1 3 16 6
4 13 1 0 20 0 127
4 13 1 0 9 11 164
4 13 0 17 4 0 90
4 13 0 15 5 1 185
4 13 0 14 0 7 176
4 13 0 13 6 2 116
4 13 0 12 1 8 116
4 13 0 11 7 3 117
4 13 0 10 2 9 166
4 13 0 9 8 4 173
4 13 0 8 3 10 194
4 13 0 7 9 5 55
4 13 0 6 15 0 108
4 13 0 6 4 11 96
4 13 0 5 10 6 23
4 13 0 4 16 1 116
4 13 0 4 5 12 30
4 13 0 3 0 18 34
4 13 0 2 17 2 15
4 13 0 2 6 13 113
4 13 0 1 12 8 110
4 13 0 1 1 19 193
4 13 0 0 18 3 121
4 13 0 0 7 14 82
4 12 19 0 3 0 80
4 12 18 2 0 2 92
4 12 18 0 1 3 135
4 12 17 1 4 0 7
4 12 16 5 0 1 84
4 12 16 3 1 2 1
4 12 16 1 2 3 101
4 12 15 2 5 0 37
4 12 15 1 0 6 158
4 12 15 0 6 1 85
4 12 14 8 0 0 145
4 12 14 6 1 1 39
4 12 14 4 2 2 76
4 12 14 2 3 3 163
4 12 14 0 4 4 87
4 12 13 4 0 5 63
4 12 13 3 6 0 181
4 12 13 2 1 6 137
4 12 13 1 7 1 150
4 12 13 0 2 7 21
4 12 12 9 1 0 34
4 12 12 7 2 1 148
4 12 12 5 3 2 86
4 12 12 3 4 3 126
4 12 12 1 5 4 182
4 12 12 0 0 10 147
4 12 11 7 0 4 40
4 12 11 5 1 5 135
4 12 11 4 7 0 22
4 12 11 3 2 6 82
4 12 11 2 8 1 150
4 12 11 1 3 7 162
4 12 11 0 9 2 31
4 12 10 10 2 0 178
4 12 10 8 3 1 184
4 12 10 6 4 2 198
4 12 10 4 5 3 112
4 12 10 3 0 9 9
4 12 10 2 6 4 14
4 12 10 1 1 10 190
4 12 10 0 7 5 108
4 12 9 10 0 3 139
4 12 9 8 1 4 141
4 12 9 6 2 5 166
4 12 9 5 8 0 185
4 12 9 4 3 6 42
4 12 9 3 9 1 5
4 12 9 2 4 7 122
4 12 9 1 10 2 198
4 12 9 0 5 8 36
4 12 8 11 3 0 107
4 12 8 9 4 1 62
4 12 8 7 5 2 75
4 12 8 6 0 8 159
4 12 8 5 6 3 32
4 12 8 4 1 9 170
4 12 8 3 7 4 117
4 12 8 2 2 10 104
4 12 8 1 8 5 164
4 12 8 0 14 0 55
4 12 8 0 3 11 146
4 12 7 13 0 2 162
4 12 7 11 1 3 172
4 12 7 9 2 4 145
4 12 7 6 9 0 84
4 12 7 5 4 6 10
4 12 7 4 10 1 78
4 12 7 3 5 7 122
4 12 7 2 11 2 101
4 12 7 2 0 13 10
4 12 7 1 6 8 115
4 12 7 0 12 3 51
4 12 7 0 1 14 181
4 12 6 12 4 0 4
4 12 6 10 5 1 121
4 12 6 9 0 7 187
4 12 6 8 6 2 10
4 12 6 7 1 8 149
4 12 6 6 7 3 51
4 12 6 5 2 9 181
4 12 6 4 8 4 23
4 12 6 3 3 10 163
4 12 6 2 9 5 41
4 12 6 1 15 0 53
4 12 6 1 4 11 52
4 12 6 0 10 6 102
4 12 5 16 0 1 36
4 12 5 14 1 2 96
4 12 5 12 2 3 142
4 12 5 10 3 4 96
4 12 5 8 4 5 148
4 12 5 7 10 0 33
4 12 5 6 5 6 119
4 12 5 5 11 1 52
4 12 5 5 0 12 60
4 12 5 4 6 7 181
4 12 5 3 12 2 187
4 12 5 3 1 13 32
4 12 5 2 7 8 148
4 12 5 1 13 3 99
4 12 5 1 2 14 75
4 12 5 0 8 9 161
4 12 4 13 5 0 160
4 12 4 12 0 6 166
4 12 4 11 6 1 63
4 12 4 10 1 7 58
4 12 4 9 7 2 77
4 12 4 8 2 8 42
4 12 4 7 8 3 109
4 12 4 6 3 9 116
4 12 4 5 9 4 88
4 12 4 4 4 10 139
4 12 4 3 10 5 17
4 12 4 2 16 0 47
4 12 4 2 5 11 194
4 12 4 1 11 6 60
4 12 4 1 0 17 194
4 12 4 0 17 1 172
4 12 4 0 6 12 125
4 12 3 19 0 0 157
4 12 3 17 1 1 185
4 12 3 15 2 2 185
4 12 3 11 4 4 61
4 12 3 9 5 5 193
4 12 3 8 11 0 173
4 12 3 8 0 11 196
4 12 3 7 6 6 20
4 12 3 6 12 1 129
4 12 3 6 1 12 139
4 12 3 5 7 7 150
4 12 3 4 13 2 69
4 12 3 4 2 13 64
4 12 3 3 8 8 75
4 12 3 2 14 3 98
4 12 3 2 3 14 151
4 12 3 1 9 9 191
4 12 3 0 15 4 106
4 12 3 0 4 15 176
4 12 2 15 0 5 172
4 12 2 14 6 0 16
4 12 2 13 1 6 128
4 12 2 12 7 1 90
4 12 2 11 2 7 146
4 12 2 10 8 2 157
4 12 2 9 3 8 155
4 12 2 8 9 3 46
4 12 2 7 4 9 100
4 12 2 6 10 4 139
4 12 2 5 5 10 112
4 12 2 4 11 5 191
4 12 2 4 0 16 77
4 12 2 3 17 0 103
4 12 2 3 6 11 154
4 12 2 2 12 6 134
4 12 2 2 1 17 109
4 12 2 1 18 1 196
4 12 2 1 7 12 9
4 12 2 0 13 7 148
4 12 2 0 2 18 186
4 12 1 20 1 0 130
4 12 1 18 2 1 29
4 12 1 16 3 2 52
4 12 1 14 4 3 64
4 12 1 12 5 4 180
4 12 1 11 0 10 57
4 12 1 10 6 5 17
4 12 1 9 12 0 150
4 12 1 9 1 11 20
4 12 1 8 7 6 182
4 12 1 7 13 1 88
4 12 1 7 2 12 55
4 12 1 6 8 7 32
4 12 1 5 14 2 191
4 12 1 5 3 13 79
4 12 1 4 9 8 60
4 12 1 3 15 3 168
4 12 1 3 4 14 2
4 12 1 2 10 9 54
4 12 1 1 16 4 143
4 12 1 1 5 15 139
4 12 1 0 11 10 143
4 12 1 0 0 21 7
4 12 0 18 0 4 141
4 12 0 16 1 5 25
4 12 0 15 7 0 164
4 12 0 14 2 6 138
4 12 0 13 8 1 177
4 12 0 12 3 7 51
4 12 0 11 9 2 160
4 12 0 10 4 8 193
4 12 0 9 10 3 95
4 12 0 8 5 9 119
4 12 0 7 11 4 72
4 12 0 7 0 15 168
4 12 0 6 6 10 61
4 12 0 5 12 5 43
4 12 0 5 1 16 86
4 12 0 4 18 0 47
4 12 0 4 7 11 93
4 12 0 3 13 6 117
4 12 0 3 2 17 193
4 12 0 2 19 1 35
4 12 0 2 8 12 98
4 12 0 1 14 7 27
4 12 0 1 3 18 28
4 12 0 0 20 2 182
4 12 0 0 9 13 166
4 11 22 0 0 1 82
4 11 20 3 0 0 79
4 11 20 1 1 1 128
4 11 18 4 1 0 84
4 11 18 2 2 1 86
4 11 18 0 3 2 196
4 11 17 2 0 4 190
4 11 17 0 1 5 162
4 11 16 5 2 0 69
4 11 16 3 3 1 34
4 11 16 1 4 2 16
4 11 15 5 0 3 1
4 11 15 3 1 4 80
4 11 15 1 2 5 114
4 11 15 0 8 0 44
4 11 14 6 3 0 195
4 11 14 4 4 1 29
4 11 14 2 5 2 74
4 11 14 1 0 8 106
4 11 14 0 6 3 170
4 11 13 8 0 2 107
4 11 13 6 1 3 169
4 11 13 4 2 4 160
4 11 13 2 3 5 60
4 11 13 1 9 0 22
4 11 13 0 4 6 115
4 11 12 7 4 0 41
4 11 12 5 5 1 159
4 11 12 4 0 7 36
4 11 12 3 6 2 61
4 11 12 2 1 8 18
4 11 12 1 7 3 189
4 11 12 0 2 9 188
4 11 11 11 0 1 99
4 11 11 9 1 2 161
4 11 11 7 2 3 131
4 11 11 5 3 4 63
4 11 11 3 4 5 175
4 11 11 2 10 0 132
4 11 11 1 5 6 125
4 11 11 0 11 1 95
4 11 11 0 0 12 190
4 11 10 8 5 0 188
4 11 10 7 0 6 110
4 11 10 6 6 1 42
4 11 10 5 1 7 104
4 11 10 4 7 2 160
4 11 10 3 2 8 185
4 11 10 2 8 3 93
4 11 10 1 3 9 5
4 11 10 0 9 4 99
4 11 9 14 0 0 124
4 11 9 12 1 1 197
4 11 9 10 2 2 87
4 11 9 8 3 3 179
4 11 9 6 4 4 195
4 11 9 4 5 5 134
4 11 9 3 11 0 74
4 11 9 3 0 11 13
4 11 9 2 6 6 52
4 11 9 1 12 1 123
4 11 9 1 1 12 127
4 11 9 0 7 7 4
4 11 8 10 0 5 19
4 11 8 9 6 0 68
4 11 8 8 1 6 112
4 11 8 7 7 1 19
4 11 8 6 2 7 26
4 11 8 5 8 2 125
4 11 8 4 3 8 96
4 11 8 3 9 3 85
4 11 8 2 4 9 148
4 11 8 1 10 4 41
4 11 8 0 5 10 131
4 11 7 15 1 0 85
4 11 7 13 2 1 67
4 11 7 11 3 2 42
4 11 7 9 4 3 101
4 11 7 7 5 4 92
4 11 7 6 0 10 54
4 11 7 5 6 5 33
4 11 7 4 12 0 120
4 11 7 4 1 11 67
4 11 7 3 7 6 147
4 11 7 2 13 1 135
4 11 7 2 2 12 165
4 11 7 1 8 7 114
4 11 7 0 14 2 178
4 11 7 0 3 13 149
4 11 6 13 0 4 151
4 11 6 11 1 5 196
4 11 6 10 7 0 158
4 11 6 9 2 6 173
4 11 6 8 8 1 112
4 11 6 7 3 7 120
4 11 6 6 9 2 14
4 11 6 5 4 8 81
4 11 6 4 10 3 110
4 11 6 3 5 9 167
4 11 6 2 11 4 146
4 11 6 2 0 15 163
4 11 6 1 6 10 4
4 11 6 0 12 5 93
4 11 6 0 1 16 152
4 11 5 16 2 0 57
4 11 5 14 3 1 9
4 11 5 12 4 2 2
4 11 5 10 5 3 40
4 11 5 9 0 9 102
4 11 5 8 6 4 108
4 11 5 7 1 10 197
4 11 5 6 7 5 102
4 11 5 5 13 0 80
4 11 5 5 2 11 83
4 11 5 4 8 6 129
4 11 5 3 14 1 30
4 11 5 3 3 12 141
4 11 5 2 9 7 182
4 11 5 1 15 2 21
4 11 5 1 4 13 71
4 11 4 16 0 3 154
4 11 4 14 1 4 92
4 11 4 12 2 5 160
4 11 4 11 8 0 50
4 11 4 10 3 6 171
4 11 4 9 9 1 175
4 11 4 8 4 7 14
4 11 4 7 10 2 28
4 11 4 6 5 8 114
4 11 4 5 11 3 142
4 11 4 5 0 14 116
4 11 4 4 6 9 111
4 11 4 3 12 4 86
4 11 4 3 1 15 197
4 11 4 2 7 10 32
4 11 4 1 13 5 190
4 11 4 1 2 16 38
4 11 4 0 19 0 112
4 11 4 0 8 11 24
4 11 3 17 3 0 62
4 11 3 15 4 1 82
4 11 3 13 5 2 34
4 11 3 12 0 8 121
4 11 3 11 6 3 123
4 11 3 10 1 9 62
4 11 3 9 7 4 106
4 11 3 8 2 10 3
4 11 3 7 8 5 153
4 11 3 6 14 0 57
4 11 3 6 3 11 130
4 11 3 5 9 6 5
4 11 3 4 15 1 84
4 11 3 4 4 12 91
4 11 3 3 10 7 91
4 11 3 2 16 2 149
4 11 3 2 5 13 92
4 11 3 1 11 8 84
4 11 3 1 0 19 73
4 11 3 0 17 3 89
4 11 3 0 6 14 71
4 11 2 19 0 2 38
4 11 2 17 1 3 40
4 11 2 15 2 4 67
4 11 2 13 3 5 72
4 11 2 12 9 0 47
4 11 2 11 4 6 42
4 11 2 10 10 1 25
4 11 2 9 5 7 119
4 11 2 8 11 2 174
4 11 2 8 0 13 103
4 11 2 7 6 8 73
4 11 2 6 12 3 12
4 11 2 6 1 14 149
4 11 2 5 7 9 184
4 11 2 4 13 4 89
4 11 2 4 2 15 143
4 11 2 3 8 10 102
4 11 2 2 14 5 124
4 11 2 2 3 16 124
4 11 2 1 20 0 45
4 11 2 1 9 11 46
4 11 2 0 15 6 29
4 11 2 0 4 17 97
4 11 1 18 4 0 14
4 11 1 16 5 1 100
4 11 1 15 0 7 148
4 11 1 14 6 2 83
4 11 1 13 1 8 47
4 11 1 12 7 3 175
4 11 1 11 2 9 106
4 11 1 10 8 4 75
4 11 1 9 3 10 185
4 11 1 8 9 5 61
4 11 1 7 15 0 39
4 11 1 7 4 11 31
4 11 1 6 10 6 119
4 11 1 5 16 1 37
4 11 1 5 5 12 78
4 11 1 4 11 7 182
4 11 1 4 0 18 171
4 11 1 3 17 2 136
4 11 1 3 6 13 112
4 11 1 2 12 8 86
4 11 1 2 1 19 4
4 11 1 1 18 3 124
4 11 1 1 7 14 54
4 11 1 0 13 9 195
4 11 1 0 2 20 134
4 11 0 22 0 1 115
4 11 0 20 1 2 171
4 11 0 18 2 3 140
4 11 0 16 3 4 157
4 11 0 14 4 5 68
4 11 0 13 10 0 48
4 11 0 12 5 6 81
4 11 0 11 11 1 72
4 11 0 11 0 12 94
4 11 0 10 6 7 156
4 11 0 9 12 2 35
4 11 0 9 1 13 131
4 11 0 8 7 8 150
4 11 0 7 13 3 93
4 11 0 7 2 14 166
4 11 0 6 8 9 172
4 11 0 5 14 4 75
4 11 0 5 3 15 142
4 11 0 3 15 5 65
4 11 0 3 4 16 10
4 11 0 2 21 0 66
4 11 0 2 10 11 7
4 11 0 1 16 6 157
4 11 0 1 5 17 143
4 11 0 0 22 1 36
4 11 0 0 11 12 49
4 11 0 0 0 23 110
4 10 22 0 2 0 179
4 10 21 0 0 3 94
4 10 20 1 3 0 31
4 10 19 3 0 2 91
4 10 19 1 1 3 180
4 10 18 2 4 0 56
4 10 18 0 5 1 184
4 10 17 6 0 1 106
4 10 17 4 1 2 190
4 10 17 2 2 3 184
4 10 17 0 3 4 51
4 10 16 3 5 0 141
4 10 16 2 0 6 154
4 10 16 1 6 1 153
4 10 16 0 1 7 33
4 10 15 9 0 0 68
4 10 15 7 1 1 145
4 10 15 5 2 2 127
4 10 15 3 3 3 12
4 10 15 1 4 4 114
4 10 14 5 0 5 58
4 10 14 4 6 0 22
4 10 14 3 1 6 37
4 10 14 2 7 1 149
4 10 14 1 2 7 141
4 10 14 0 8 2 33
4 10 13 10 1 0 133
4 10 13 8 2 1 110
4 10 13 6 3 2 21
4 10 13 4 4 3 114
4 10 13 2 5 4 1
4 10 13 1 0 10 74
4 10 13 0 6 5 182
4 10 12 8 0 4 134
4 10 12 6 1 5 8
4 10 12 5 7 0 74
4 10 12 4 2 6 50
4 10 12 3 8 1 184
4 10 12 2 3 7 156
4 10 12 1 9 2 25
4 10 12 0 4 8 151
4 10 11 11 2 0 104
4 10 11 9 3 1 25
4 10 11 7 4 2 90
4 10 11 5 5 3 38
4 10 11 4 0 9 196
4 10 11 3 6 4 124
4 10 11 2 1 10 181
4 10 11 1 7 5 97
4 10 11 0 13 0 71
4 10 11 0 2 11 95
4 10 10 11 0 3 14
4 10 10 9 1 4 176
4 10 10 7 2 5 60
4 10 10 6 8 0 11
4 10 10 5 3 6 73
4 10 10 4 9 1 163
4 10 10 3 4 7 186
4 10 10 2 10 2 191
4 10 10 1 5 8 102
4 10 10 0 11 3 91
4 10 10 0 0 14 184
4 10 9 12 3 0 24
4 10 9 10 4 1 144
4 10 9 8 5 2 163
4 10 9 7 0 8 72
4 10 9 6 6 3 11
4 10 9 5 1 9 28
4 10 9 4 7 4 136
4 10 9 3 2 10 162
4 10 9 2 8 5 41
4 10 9 1 14 0 47
4 10 9 1 3 11 167
4 10 9 0 9 6 85
4 10 8 14 0 2 44
4 10 8 12 1 3 89
4 10 8 10 2 4 196
4 10 8 8 3 5 32
4 10 8 7 9 0 86
4 10 8 6 4 6 63
4 10 8 5 10 1 35
4 10 8 4 5 7 168
4 10 8 3 11 2 122
4 10 8 3 0 13 138
4 10 8 2 6 8 119
4 10 8 1 12 3 116
4 10 8 1 1 14 26
4 10 8 0 7 9 116
4 10 7 13 4 0 177
4 10 7 11 5 1 148
4 10 7 10 0 7 7
4 10 7 9 6 2 46
4 10 7 8 1 8 44
4 10 7 7 7 3 118
4 10 7 6 2 9 120
4 10 7 5 8 4 22
4 10 7 4 3 10 65
4 10 7 3 9 5 150
4 10 7 2 15 0 94
4 10 7 2 4 11 157
4 10 7 1 10 6 42
4 10 7 0 16 1 89
4 10 7 0 5 12 14
4 10 6 17 0 1 45
4 10 6 15 1 2 84
4 10 6 13 2 3 94
4 10 6 11 3 4 151
4 10 6 9 4 5 85
4 10 6 8 10 0 159
4 10 6 7 5 6 169
4 10 6 6 0 12 72
4 10 6 5 6 7 149
4 10 6 4 12 2 94
4 10 6 4 1 13 81
4 10 6 3 7 8 25
4 10 6 2 13 3 53
4 10 6 2 2 14 153
4 10 6 1 8 9 150
4 10 6 0 14 4 30
4 10 6 0 3 15 26
4 10 5 14 5 0 78
4 10 5 13 0 6 128
4 10 5 12 6 1 11
4 10 5 11 1 7 142
4 10 5 10 7 2 97
4 10 5 9 2 8 190
4 10 5 8 8 3 27
4 10 5 7 3 9 127
4 10 5 6 9 4 156
4 10 5 5 4 10 55
4 10 5 4 10 5 101
4 10 5 3 16 0 174
4 10 5 3 5 11 35
4 10 5 2 11 6 11
4 10 5 2 0 17 28
4 10 5 1 17 1 35
4 10 5 1 6 12 162
4 10 5 0 12 7 66
4 10 5 0 1 18 44
4 10 4 20 0 0 109
4 10 4 18 1 1 53
4 10 4 16 2 2 155
4 10 4 14 3 3 190
4 10 4 12 4 4 130
4 10 4 10 5 5 177
4 10 4 9 11 0 51
4 10 4 9 0 11 23
4 10 4 8 6 6 59
4 10 4 7 12 1 13
4 10 4 7 1 12 143
4 10 4 6 7 7 36
4 10 4 5 13 2 47
4 10 4 5 2 13 157
4 10 4 4 8 8 178
4 10 4 3 14 3 117
4 10 4 3 3 14 4
4 10 4 2 9 9 34
4 10 4 1 15 4 36
4 10 4 1 4 15 154
4 10 4 0 10 10 95
4 10 3 16 0 5 132
4 10 3 15 6 0 8
4 10 3 14 1 6 198
4 10 3 13 7 1 130
4 10 3 12 2 7 5
4 10 3 11 8 2 19
4 10 3 10 3 8 81
4 10 3 9 9 3 109
4 10 3 8 4 9 194
4 10 3 7 10 4 174
4 10 3 5 11 5 52
4 10 3 5 0 16 45
4 10 3 4 17 0 66
4 10 3 4 6 11 189
4 10 3 3 12 6 118
4 10 3 3 1 17 50
4 10 3 2 18 1 147
4 10 3 2 7 12 116
4 10 3 1 13 7 9
4 10 3 1 2 18 84
4 10 3 0 19 2 70
4 10 3 0 8 13 163
4 10 2 21 1 0 38
4 10 2 19 2 1 127
4 10 2 17 3 2 99
4 10 2 15 4 3 179
4 10 2 13 5 4 188
4 10 2 12 0 10 33
4 10 2 11 6 5 192
4 10 2 10 12 0 76
4 10 2 10 1 11 35
4 10 2 9 7 6 48
4 10 2 8 13 1 194
4 10 2 8 2 12 68
4 10 2 7 8 7 17
4 10 2 6 14 2 12
4 10 2 6 3 13 148
4 10 2 5 9 8 37
4 10 2 4 15 3 194
4 10 2 4 4 14 30
4 10 2 3 10 9 129
4 10 2 2 16 4 176
4 10 2 2 5 15 95
4 10 2 1 11 10 71
4 10 2 1 0 21 118
4 10 2 0 17 5 12
4 10 2 0 6 16 149
4 10 1 19 0 4 76
4 10 1 17 1 5 82
4 10 1 16 7 0 186
4 10 1 15 2 6 31
4 10 1 14 8 1 145
4 10 1 13 3 7 10
4 10 1 12 9 2 33
4 10 1 11 4 8 170
4 10 1 10 10 3 147
4 10 1 9 5 9 128
4 10 1 8 11 4 195
4 10 1 8 0 15 36
4 10 1 7 6 10 77
4 10 1 6 12 5 143
4 10 1 6 1 16 67
4 10 1 5 18 0 176
4 10 1 5 7 11 2
4 10 1 4 13 6 80
4 10 1 4 2 17 63
4 10 1 3 19 1 37
4 10 1 3 8 12 174
4 10 1 2 14 7 66
4 10 1 2 3 18 198
4 10 1 1 20 2 22
4 10 1 1 9 13 62
4 10 1 0 15 8 19
4 10 1 0 4 19 59
4 10 0 22 2 0 2
4 10 0 20 3 1 127
4 10 0 18 4 2 85
4 10 0 16 5 3 35
4 10 0 15 0 9 13
4 10 0 14 6 4 125
4 10 0 13 1 10 180
4 10 0 12 7 5 145
4 10 0 11 13 0 92
4 10 0 11 2 11 7
4 10 0 10 8 6 98
4 10 0 9 14 1 93
4 10 0 9 3 12 6
4 10 0 8 9 7 197
4 10 0 7 15 2 14
4 10 0 7 4 13 174
4 10 0 6 10 8 111
4 10 0 5 16 3 173
4 10 0 5 5 14 55
4 10 0 4 11 9 19
4 10 0 4 0 20 136
4 10 0 3 17 4 71
4 10 0 3 6 15 197
4 10 0 2 12 10 175
4 10 0 2 1 21 157
4 10 0 1 18 5 1
4 10 0 1 7 16 24
4 10 0 0 24 0 14
4 10 0 0 13 11 83
4 10 0 0 2 22 10
4 9 23 1 0 1 90
4 9 21 4 0 0 57
4 9 21 2 1 1 155
4 9 21 0 2 2 131
4 9 20 0 0 5 142
4 9 19 5 1 0 151
4 9 19 3 2 1 170
4 9 19 1 3 2 60
4 9 18 3 0 4 138
4 9 18 1 1 5 101
4 9 18 0 7 0 160
4 9 17 6 2 0 106
4 9 17 4 3 1 36
4 9 17 2 4 2 98
4 9 17 0 5 3 44
4 9 16 6 0 3 159
4 9 16 4 1 4 14
4 9 16 2 2 5 118
4 9 16 1 8 0 32
4 9 16 0 3 6 124
4 9 15 7 3 0 80
4 9 15 5 4 1 77
4 9 15 3 5 2 55
4 9 15 2 0 8 25
4 9 15 1 6 3 122
4 9 15 0 1 9 197
4 9 14 9 0 2 82
4 9 14 7 1 3 148
4 9 14 5 2 4 158
4 9 14 3 3 5 9
4 9 14 2 9 0 74
4 9 14 1 4 6 60
4 9 14 0 10 1 174
4 9 13 8 4 0 41
4 9 13 6 5 1 165
4 9 13 5 0 7 50
4 9 13 4 6 2 191
4 9 13 3 1 8 145
4 9 13 2 7 3 51
4 9 13 1 2 9 60
4 9 13 0 8 4 106
4 9 12 12 0 1 159
4 9 12 10 1 2 106
4 9 12 8 2 3 129
4 9 12 6 3 4 4
4 9 12 4 4 5 189
4 9 12 3 10 0 194
4 9 12 2 5 6 166
4 9 12 1 11 1 139
4 9 12 1 0 12 14
4 9 12 0 6 7 20
4 9 11 9 5 0 182
4 9 11 8 0 6 141
4 9 11 7 6 1 34
4 9 11 6 1 7 18
4 9 11 5 7 2 89
4 9 11 4 2 8 72
4 9 11 3 8 3 8
4 9 11 2 3 9 154
4 9 11 1 9 4 126
4 9 11 0 4 10 142
4 9 10 15 0 0 43
4 9 10 13 1 1 180
4 9 10 11 2 2 172
4 9 10 9 3 3 79
4 9 10 7 4 4 69
4 9 10 5 5 5 106
4 9 10 4 11 0 196
4 9 10 4 0 11 125
4 9 10 3 6 6 77
4 9 10 2 12 1 101
4 9 10 2 1 12 28
4 9 10 1 7 7 36
4 9 10 0 13 2 40
4 9 10 0 2 13 114
4 9 9 11 0 5 158
4 9 9 10 6 0 15
4 9 9 9 1 6 94
4 9 9 8 7 1 67
4 9 9 7 2 7 3
4 9 9 6 8 2 124
4 9 9 5 3 8 73
4 9 9 4 9 3 28
4 9 9 3 4 9 195
4 9 9 2 10 4 131
4 9 9 1 5 10 128
4 9 9 0 11 5 163
4 9 9 0 0 16 182
4 9 8 16 1 0 125
4 9 8 14 2 1 86
4 9 8 12 3 2 142
4 9 8 10 4 3 123
4 9 8 8 5 4 58
4 9 8 7 0 10 49
4 9 8 6 6 5 80
4 9 8 5 12 0 111
4 9 8 5 1 11 118
4 9 8 4 7 6 43
4 9 8 3 13 1 67
4 9 8 3 2 12 79
4 9 8 2 8 7 158
4 9 8 1 14 2 119
4 9 8 1 3 13 91
4 9 8 0 9 8 163
4 9 7 14 0 4 77
4 9 7 12 1 5 173
4 9 7 11 7 0 110
4 9 7 10 2 6 75
4 9 7 9 8 1 57
4 9 7 8 3 7 30
4 9 7 7 9 2 65
4 9 7 6 4 8 145
4 9 7 5 10 3 187
4 9 7 4 5 9 80
4 9 7 3 11 4 25
4 9 7 3 0 15 180
4 9 7 2 6 10 170
4 9 7 1 12 5 135
4 9 7 1 1 16 118
4 9 7 0 18 0 150
4 9 7 0 7 11 28
4 9 6 17 2 0 7
4 9 6 15 3 1 57
4 9 6 13 4 2 120
4 9 6 11 5 3 114
4 9 6 10 0 9 1
4 9 6 9 6 4 42
4 9 6 8 1 10 147
4 9 6 7 7 5 99
4 9 6 6 13 0 10
4 9 6 6 2 11 172
4 9 6 5 8 6 31
4 9 6 4 14 1 148
4 9 6 4 3 12 128
4 9 6 3 9 7 27
4 9 6 2 15 2 55
4 9 6 2 4 13 92
4 9 6 1 10 8 142
4 9 6 0 16 3 112
4 9 6 0 5 14 54
4 9 5 17 0 3 132
4 9 5 15 1 4 138
4 9 5 13 2 5 18
4 9 5 12 8 0 136
4 9 5 11 3 6 182
4 9 5 10 9 1 97
4 9 5 9 4 7 194
4 9 5 8 10 2 163
4 9 5 7 5 8 155
4 9 5 6 11 3 99
4 9 5 6 0 14 107
4 9 5 5 6 9 159
4 9 5 4 12 4 113
4 9 5 4 1 15 67
4 9 5 3 7 10 37
4 9 5 2 13 5 83
4 9 5 2 2 16 78
4 9 5 1 19 0 143
4 9 5 1 8 11 13
4 9 5 0 14 6 159
4 9 5 0 3 17 75
4 9 4 18 3 0 84
4 9 4 16 4 1 41
4 9 4 14 5 2 134
4 9 4 13 0 8 137
4 9 4 12 6 3 188
4 9 4 11 1 9 62
4 9 4 10 7 4 106
4 9 4 9 2 10 170
4 9 4 8 8 5 27
4 9 4 7 14 0 42
4 9 4 7 3 11 122
4 9 4 6 9 6 142
4 9 4 5 15 1 68
4 9 4 5 4 12 97
4 9 4 4 10 7 156
4 9 4 3 5 13 109
4 9 4 2 11 8 156
4 9 4 2 0 19 45
4 9 4 1 17 3 112
4 9 4 1 6 14 3
4 9 4 0 12 9 31
4 9 4 0 1 20 186
4 9 3 20 0 2 93
4 9 3 18 1 3 171
4 9 3 16 2 4 46
4 9 3 14 3 5 119
4 9 3 13 9 0 143
4 9 3 12 4 6 75
4 9 3 11 10 1 146
4 9 3 10 5 7 136
4 9 3 9 11 2 109
4 9 3 9 0 13 137
4 9 3 8 6 8 51
4 9 3 7 12 3 72
4 9 3 7 1 14 55
4 9 3 6 7 9 20
4 9 3 5 13 4 3
4 9 3 5 2 15 154
4 9 3 4 8 10 90
4 9 3 3 14 5 99
4 9 3 3 3 16 73
4 9 3 2 20 0 116
4 9 3 2 9 11 48
4 9 3 1 15 6 197
4 9 3 1 4 17 171
4 9 3 0 21 1 55
4 9 3 0 10 12 42
4 9 2 19 4 0 153
4 9 2 17 5 1 121
4 9 2 16 0 7 93
4 9 2 15 6 2 189
4 9 2 14 1 8 162
4 9 2 13 7 3 63
4 9 2 12 2 9 137
4 9 2 11 8 4 58
4 9 2 10 3 10 183
4 9 2 9 9 5 176
4 9 2 8 15 0 87
4 9 2 8 4 11 182
4 9 2 7 10 6 91
4 9 2 6 16 1 120
4 9 2 6 5 12 23
4 9 2 5 11 7 67
4 9 2 5 0 18 24
4 9 2 4 17 2 44
4 9 2 4 6 13 89
4 9 2 3 12 8 110
4 9 2 3 1 19 127
4 9 2 2 18 3 44
4 9 2 2 7 14 105
4 9 2 1 13 9 33
4 9 2 1 2 20 127
4 9 2 0 19 4 133
4 9 2 0 8 15 132
4 9 1 23 0 1 161
4 9 1 21 1 2 76
4 9 1 19 2 3 164
4 9 1 17 3 4 127
4 9 1 15 4 5 150
4 9 1 14 10 0 174
4 9 1 13 5 6 173
4 9 1 12 11 1 64
4 9 1 12 0 12 139
4 9 1 11 6 7 11
4 9 1 10 12 2 76
4 9 1 10 1 13 21
4 9 1 9 7 8 71
4 9 1 8 13 3 123
4 9 1 8 2 14 14
4 9 1 7 8 9 106
4 9 1 6 14 4 3
4 9 1 6 3 15 12
4 9 1 5 9 10 136
4 9 1 4 15 5 77
4 9 1 4 4 16 59
4 9 1 3 21 0 165
4 9 1 3 10 11 22
4 9 1 2 16 6 56
4 9 1 2 5 17 141
4 9 1 1 22 1 58
4 9 1 1 11 12 109
4 9 1 1 0 23 120
4 9 1 0 17 7 101
4 9 1 0 6 18 171
4 9 0 20 5 0 190
4 9 0 19 0 6 134
4 9 0 18 6 1 168
4 9 0 17 1 7 172
4 9 0 16 7 2 104
4 9 0 15 2 8 184
4 9 0 14 8 3 182
4 9 0 13 3 9 54
4 9 0 12 9 4 185
4 9 0 11 4 10 115
4 9 0 10 10 5 180
4 9 0 9 16 0 88
4 9 0 9 5 11 123
4 9 0 8 11 6 20
4 9 0 8 0 17 2
4 9 0 7 17 1 196
4 9 0 7 6 12 115
4 9 0 6 12 7 167
4 9 0 6 1 18 182
4 9 0 5 18 2 191
4 9 0 5 7 13 159
4 9 0 4 13 8 164
4 9 0 4 2 19 136
4 9 0 3 19 3 57
4 9 0 3 8 14 98
4 9 0 2 14 9 76
4 9 0 2 3 20 138
4 9 0 1 20 4 69
4 9 0 1 9 15 52
4 9 0 0 15 10 180
4 9 0 0 4 21 52
4 8 25 0 1 0 53
4 8 23 1 2 0 13
4 8 22 1 0 3 142
4 8 21 2 3 0 58
4 8 21 0 4 1 164
4 8 20 4 0 2 153
4 8 20 2 1 3 69
4 8 20 0 2 4 75
4 8 19 3 4 0 141
4 8 19 1 5 1 108
4 8 19 0 0 7 87
4 8 18 7 0 1 19
4 8 18 5 1 2 118
4 8 18 3 2 3 185
4 8 18 1 3 4 46
4 8 17 4 5 0 32
4 8 17 3 0 6 8
4 8 17 2 6 1 13
4 8 17 1 1 7 145
4 8 17 0 7 2 117
4 8 16 10 0 0 163
4 8 16 8 1 1 104
4 8 16 6 2 2 114
4 8 16 4 3 3 57
4 8 16 2 4 4 38
4 8 16 0 5 5 135
4 8 15 6 0 5 196
4 8 15 5 6 0 129
4 8 15 4 1 6 72
4 8 15 3 7 1 136
4 8 15 1 8 2 77
4 8 15 0 3 8 140
4 8 14 11 1 0 130
4 8 14 9 2 1 71
4 8 14 7 3 2 151
4 8 14 5 4 3 193
4 8 14 3 5 4 131
4 8 14 2 0 10 186
4 8 14 1 6 5 102
4 8 14 0 12 0 17
4 8 14 0 1 11 41
4 8 13 9 0 4 26
4 8 13 7 1 5 52
4 8 13 6 7 0 122
4 8 13 5 2 6 156
4 8 13 4 8 1 160
4 8 13 3 3 7 68
4 8 13 2 9 2 25
4 8 13 1 4 8 75
4 8 13 0 10 3 197
4 8 12 12 2 0 151
4 8 12 10 3 1 172
4 8 12 8 4 2 108
4 8 12 6 5 3 112
4 8 12 5 0 9 141
4 8 12 4 6 4 35
4 8 12 3 1 10 118
4 8 12 2 7 5 142
4 8 12 1 13 0 45
4 8 12 1 2 11 25
4 8 12 0 8 6 2
4 8 11 12 0 3 145
4 8 11 10 1 4 34
4 8 11 8 2 5 107
4 8 11 7 8 0 112
4 8 11 6 3 6 158
4 8 11 5 9 1 155
4 8 11 4 4 7 41
4 8 11 3 10 2 115
4 8 11 2 5 8 144
4 8 11 1 11 3 20
4 8 11 1 0 14 56
4 8 11 0 6 9 29
4 8 10 13 3 0 106
4 8 10 11 4 1 184
4 8 10 9 5 2 71
4 8 10 8 0 8 55
4 8 10 7 6 3 113
4 8 10 6 1 9 149
4 8 10 5 7 4 153
4 8 10 4 2 10 94
4 8 10 3 8 5 26
4 8 10 2 14 0 156
4 8 10 2 3 11 107
4 8 10 1 9 6 80
4 8 10 0 15 1 157
4 8 10 0 4 12 177
4 8 9 15 0 2 94
4 8 9 13 1 3 86
4 8 9 11 2 4 73
4 8 9 9 3 5 63
4 8 9 8 9 0 3
4 8 9 7 4 6 59
4 8 9 6 10 1 127
4 8 9 5 5 7 16
4 8 9 4 11 2 72
4 8 9 4 0 13 108
4 8 9 3 6 8 134
4 8 9 2 12 3 116
4 8 9 2 1 14 189
4 8 9 1 7 9 189
4 8 9 0 13 4 6
4 8 9 0 2 15 68
4 8 8 14 4 0 196
4 8 8 12 5 1 28
4 8 8 11 0 7 93
4 8 8 10 6 2 31
4 8 8 9 1 8 10
4 8 8 8 7 3 175
4 8 8 7 2 9 152
4 8 8 6 8 4 121
4 8 8 5 3 10 19
4 8 8 4 9 5 56
4 8 8 3 15 0 72
4 8 8 3 4 11 140
4 8 8 2 10 6 31
4 8 8 1 16 1 114
4 8 8 1 5 12 149
4 8 8 0 11 7 197
4 8 8 0 0 18 192
4 8 7 18 0 1 85
4 8 7 16 1 2 39
4 8 7 14 2 3 17
4 8 7 12 3 4 79
4 8 7 10 4 5 105
4 8 7 9 10 0 100
4 8 7 8 5 6 169
4 8 7 7 11 1 151
4 8 7 7 0 12 159
4 8 7 6 6 7 162
4 8 7 5 12 2 60
4 8 7 5 1 13 114
4 8 7 4 7 8 173
4 8 7 3 13 3 138
4 8 7 3 2 14 20
4 8 7 2 8 9 190
4 8 7 1 14 4 52
4 8 7 1 3 15 131
4 8 7 0 9 10 96
4 8 6 15 5 0 79
4 8 6 14 0 6 25
4 8 6 13 6 1 125
4 8 6 12 1 7 147
4 8 6 11 7 2 92
4 8 6 10 2 8 10
4 8 6 9 8 3 77
4 8 6 8 3 9 58
4 8 6 7 9 4 98
4 8 6 6 4 10 63
4 8 6 5 10 5 39
4 8 6 4 16 0 180
4 8 6 4 5 11 32
4 8 6 3 11 6 135
4 8 6 3 0 17 3
4 8 6 2 17 1 67
4 8 6 2 6 12 5
4 8 6 1 12 7 153
4 8 6 1 1 18 31
4 8 6 0 18 2 132
4 8 6 0 7 13 13
4 8 5 21 0 0 144
4 8 5 19 1 1 16
4 8 5 17 2 2 113
4 8 5 15 3 3 42
4 8 5 13 4 4 53
4 8 5 11 5 5 37
4 8 5 10 11 0 96
4 8 5 10 0 11 81
4 8 5 9 6 6 170
4 8 5 8 12 1 133
4 8 5 8 1 12 196
4 8 5 7 7 7 64
4 8 5 6 13 2 176
4 8 5 6 2 13 12
4 8 5 5 8 8 101
4 8 5 4 14 3 23
4 8 5 4 3 14 35
4 8 5 3 9 9 119
4 8 5 2 15 4 57
4 8 5 2 4 15 143
4 8 5 1 10 10 19
4 8 5 0 16 5 163
4 8 5 0 5 16 33
4 8 4 17 0 5 103
4 8 4 16 6 0 178
4 8 4 15 1 6 133
4 8 4 14 7 1 76
4 8 4 13 2 7 197
4 8 4 12 8 2 141
4 8 4 11 3 8 63
4 8 4 10 9 3 68
4 8 4 9 4 9 10
4 8 4 8 10 4 61
4 8 4 7 5 10 20
4 8 4 6 11 5 9
4 8 4 6 0 16 169
4 8 4 5 17 0 24
4 8 4 5 6 11 122
4 8 4 4 12 6 98
4 8 4 4 1 17 141
4 8 4 3 18 1 14
4 8 4 3 7 12 1
4 8 4 2 13 7 23
4 8 4 2 2 18 145
4 8 4 1 19 2 56
4 8 4 1 8 13 29
4 8 4 0 14 8 173
4 8 4 0 3 19 39
4 8 3 22 1 0 82
4 8 3 20 2 1 31
4 8 3 18 3 2 110
4 8 3 16 4 3 93
4 8 3 14 5 4 22
4 8 3 13 0 10 181
4 8 3 12 6 5 93
4 8 3 11 12 0 142
4 8 3 11 1 11 183
4 8 3 10 7 6 82
4 8 3 9 13 1 90
4 8 3 9 2 12 63
4 8 3 8 8 7 101
4 8 3 7 14 2 139
4 8 3 7 3 13 78
4 8 3 6 9 8 103
4 8 3 5 15 3 146
4 8 3 5 4 14 20
4 8 3 4 10 9 155
4 8 3 3 16 4 77
4 8 3 3 5 15 50
4 8 3 2 11 10 15
4 8 3 2 0 21 14
4 8 3 1 17 5 152
4 8 3 1 6 16 58
4 8 3 0 23 0 176
4 8 3 0 12 11 45
4 8 3 0 1 22 134
4 8 2 20 0 4 175
4 8 2 18 1 5 107
4 8 2 17 7 0 18
4 8 2 16 2 6 97
4 8 2 15 8 1 188
4 8 2 14 3 7 194
4 8 2 13 9 2 133
4 8 2 12 4 8 52
4 8 2 11 10 3 172
4 8 2 10 5 9 179
4 8 2 9 11 4 6
4 8 2 9 0 15 111
4 8 2 8 6 10 127
4 8 2 7 12 5 160
4 8 2 7 1 16 163
4 8 2 6 18 0 133
4 8 2 6 7 11 143
4 8 2 5 13 6 95
4 8 2 5 2 17 30
4 8 2 4 19 1 73
4 8 2 4 8 12 47
4 8 2 3 14 7 193
4 8 2 3 3 18 196
4 8 2 2 20 2 158
4 8 2 2 9 13 173
4 8 2 1 15 8 149
4 8 2 1 4 19 188
4 8 2 0 21 3 50
4 8 2 0 10 14 107
4 8 1 23 2 0 106
4 8 1 21 3 1 148
4 8 1 19 4 2 87
4 8 1 17 5 3 110
4 8 1 16 0 9 168
4 8 1 15 6 4 186
4 8 1 14 1 10 151
4 8 1 13 7 5 187
4 8 1 12 13 0 111
4 8 1 12 2 11 185
4 8 1 11 8 6 51
4 8 1 10 14 1 91
4 8 1 10 3 12 90
4 8 1 9 9 7 10
4 8 1 8 15 2 27
4 8 1 8 4 13 153
4 8 1 7 10 8 57
4 8 1 6 16 3 132
4 8 1 6 5 14 20
4 8 1 5 11 9 132
4 8 1 5 0 20 124
4 8 1 4 17 4 190
4 8 1 4 6 15 95
4 8 1 3 12 10 167
4 8 1 3 1 21 151
4 8 1 2 18 5 60
4 8 1 2 7 16 50
4 8 1 1 24 0 24
4 8 1 1 13 11 163
4 8 1 1 2 22 171
4 8 1 0 19 6 133
4 8 1 0 8 17 2
4 8 0 23 0 3 87
4 8 0 21 1 4 119
4 8 0 19 2 5 109
4 8 0 18 8 0 170
4 8 0 17 3 6 128
4 8 0 16 9 1 64
4 8 0 15 4 7 37
4 8 0 14 10 2 106
4 8 0 13 5 8 28
4 8 0 12 11 3 93
4 8 0 12 0 14 7
4 8 0 11 6 9 97
4 8 0 10 12 4 27
4 8 0 10 1 15 119
4 8 0 9 7 10 18
4 8 0 8 13 5 42
4 8 0 8 2 16 26
4 8 0 7 19 0 59
4 8 0 7 8 11 107
4 8 0 6 14 6 127
4 8 0 6 3 17 109
4 8 0 5 20 1 116
4 8 0 5 9 12 193
4 8 0 4 15 7 136
4 8 0 4 4 18 82
4 8 0 3 21 2 141
4 8 0 3 10 13 26
4 8 0 2 16 8 63
4 8 0 2 5 19 190
4 8 0 1 22 3 133
4 8 0 1 11 14 145
4 8 0 1 0 25 40
4 8 0 0 17 9 145
4 8 0 0 6 20 171
4 7 24 2 0 1 75
4 7 24 0 1 2 107
4 7 22 5 0 0 63
4 7 22 3 1 1 79
4 7 22 1 2 2 21
4 7 21 1 0 5 114
4 7 21 0 6 0 67
4 7 20 6 1 0 103
4 7 20 4 2 1 120
4 7 20 2 3 2 123
4 7 20 0 4 3 168
4 7 19 4 0 4 123
4 7 19 2 1 5 94
4 7 19 1 7 0 182
4 7 19 0 2 6 133
4 7 18 7 2 0 187
4 7 18 5 3 1 75
4 7 18 3 4 2 5
4 7 18 1 5 3 171
4 7 18 0 0 9 3
4 7 17 7 0 3 81
4 7 17 5 1 4 9
4 7 17 3 2 5 156
4 7 17 2 8 0 61
4 7 17 1 3 6 5
4 7 17 0 9 1 87
4 7 16 8 3 0 79
4 7 16 6 4 1 104
4 7 16 4 5 2 77
4 7 16 3 0 8 3
4 7 16 2 6 3 94
4 7 16 1 1 9 58
4 7 16 0 7 4 193
4 7 15 10 0 2 23
4 7 15 8 1 3 117
4 7 15 6 2 4 190
4 7 15 4 3 5 8
4 7 15 3 9 0 69
4 7 15 2 4 6 144
4 7 15 1 10 1 159
4 7 15 0 5 7 176
4 7 14 9 4 0 171
4 7 14 7 5 1 72
4 7 14 6 0 7 133
4 7 14 5 6 2 143
4 7 14 4 1 8 40
4 7 14 3 7 3 179
4 7 14 2 2 9 156
4 7 14 1 8 4 78
4 7 14 0 3 10 80
4 7 13 13 0 1 100
4 7 13 11 1 2 101
4 7 13 9 2 3 169
4 7 13 7 3 4 38
4 7 13 5 4 5 47
4 7 13 4 10 0 89
4 7 13 3 5 6 79
4 7 13 2 11 1 126
4 7 13 2 0 12 67
4 7 13 1 6 7 34
4 7 13 0 12 2 33
4 7 13 0 1 13 68
4 7 12 10 5 0 104
4 7 12 9 0 6 103
4 7 12 8 6 1 52
4 7 12 7 1 7 166
4 7 12 6 7 2 89
4 7 12 5 2 8 136
4 7 12 4 8 3 88
4 7 12 3 3 9 34
4 7 12 2 9 4 83
4 7 12 1 4 10 111
4 7 12 0 10 5 74
4 7 11 16 0 0 89
4 7 11 14 1 1 156
4 7 11 12 2 2 75
4 7 11 10 3 3 190
4 7 11 8 4 4 122
4 7 11 6 5 5 122
4 7 11 5 11 0 100
4 7 11 5 0 11 124
4 7 11 4 6 6 32
4 7 11 3 12 1 155
4 7 11 3 1 12 163
4 7 11 2 7 7 108
4 7 11 1 13 2 78
4 7 11 1 2 13 185
4 7 11 0 8 8 8
4 7 10 12 0 5 139
4 7 10 11 6 0 8
4 7 10 10 1 6 28
4 7 10 9 7 1 31
4 7 10 8 2 7 69
4 7 10 7 8 2 138
4 7 10 6 3 8 67
4 7 10 5 9 3 182
4 7 10 4 4 9 50
4 7 10 3 10 4 65
4 7 10 2 5 10 15
4 7 10 1 11 5 29
4 7 10 1 0 16 132
4 7 10 0 17 0 182
4 7 10 0 6 11 169
4 7 9 17 1 0 166
4 7 9 15 2 1 185
4 7 9 13 3 2 5
4 7 9 11 4 3 166
4 7 9 9 5 4 197
4 7 9 8 0 10 18
4 7 9 7 6 5 38
4 7 9 6 12 0 182
4 7 9 6 1 11 44
4 7 9 5 7 6 31
4 7 9 4 13 1 168
4 7 9 4 2 12 25
4 7 9 3 8 7 48
4 7 9 2 14 2 8
4 7 9 2 3 13 97
4 7 9 1 9 8 71
4 7 9 0 15 3 85
4 7 9 0 4 14 13
4 7 8 15 0 4 165
4 7 8 13 1 5 112
4 7 8 12 7 0 49
4 7 8 11 2 6 18
4 7 8 10 8 1 165
4 7 8 9 3 7 187
4 7 8 8 9 2 49
4 7 8 7 4 8 116
4 7 8 6 10 3 139
4 7 8 5 5 9 97
4 7 8 4 11 4 89
4 7 8 4 0 15 197
4 7 8 3 6 10 32
4 7 8 2 12 5 79
4 7 8 2 1 16 106
4 7 8 1 18 0 5
4 7 8 1 7 11 27
4 7 8 0 13 6 195
4 7 8 0 2 17 82
4 7 7 18 2 0 58
4 7 7 16 3 1 120
4 7 7 14 4 2 106
4 7 7 12 5 3 63
4 7 7 11 0 9 7
4 7 7 10 6 4 94
4 7 7 9 1 10 72
4 7 7 8 7 5 190
4 7 7 7 13 0 100
4 7 7 7 2 11 103
4 7 7 6 8 6 143
4 7 7 5 14 1 24
4 7 7 5 3 12 107
4 7 7 4 9 7 154
4 7 7 3 15 2 5
4 7 7 3 4 13 131
4 7 7 2 10 8 38
4 7 7 1 16 3 110
4 7 7 1 5 14 128
4 7 7 0 11 9 106
4 7 7 0 0 20 104
4 7 6 18 0 3 79
4 7 6 16 1 4 135
4 7 6 14 2 5 6
4 7 6 13 8 0 49
4 7 6 12 3 6 102
4 7 6 11 9 1 125
4 7 6 10 4 7 40
4 7 6 9 10 2 2
4 7 6 8 5 8 181
4 7 6 7 11 3 16
4 7 6 7 0 14 126
4 7 6 6 6 9 92
4 7 6 5 12 4 135
4 7 6 5 1 15 102
4 7 6 4 7 10 196
4 7 6 3 13 5 139
4 7 6 3 2 16 43
4 7 6 2 19 0 36
4 7 6 2 8 11 8
4 7 6 1 14 6 37
4 7 6 1 3 17 158
4 7 6 0 20 1 112
4 7 6 0 9 12 113
4 7 5 19 3 0 80
4 7 5 17 4 1 1
4 7 5 15 5 2 132
4 7 5 14 0 8 45
4 7 5 13 6 3 71
4 7 5 12 1 9 126
4 7 5 11 7 4 86
4 7 5 10 2 10 154
4 7 5 9 8 5 160
4 7 5 8 14 0 174
4 7 5 8 3 11 153
4 7 5 7 9 6 97
4 7 5 6 15 1 126
4 7 5 6 4 12 139
4 7 5 5 10 7 192
4 7 5 4 16 2 85
4 7 5 4 5 13 95
4 7 5 3 11 8 120
4 7 5 3 0 19 64
4 7 5 2 17 3 158
4 7 5 2 6 14 152
4 7 5 1 12 9 6
4 7 5 1 1 20 172
4 7 5 0 18 4 39
4 7 5 0 7 15 116
4 7 4 21 0 2 19
4 7 4 19 1 3 167
4 7 4 17 2 4 144
4 7 4 15 3 5 5
4 7 4 14 9 0 115
4 7 4 13 4 6 144
4 7 4 12 10 1 165
4 7 4 11 5 7 94
4 7 4 10 11 2 19
4 7 4 10 0 13 78
4 7 4 9 6 8 190
4 7 4 8 12 3 105
4 7 4 8 1 14 172
4 7 4 7 7 9 198
4 7 4 6 13 4 191
4 7 4 6 2 15 173
4 7 4 5 8 10 68
4 7 4 4 14 5 32
4 7 4 4 3 16 195
4 7 4 3 20 0 109
4 7 4 3 9 11 145
4 7 4 2 15 6 52
4 7 4 2 4 17 56
4 7 4 1 21 1 35
4 7 4 1 10 12 89
4 7 4 0 16 7 119
4 7 4 0 5 18 85
4 7 3 20 4 0 168
4 7 3 18 5 1 20
4 7 3 17 0 7 40
4 7 3 16 6 2 78
4 7 3 15 1 8 42
4 7 3 14 7 3 52
4 7 3 13 2 9 147
4 7 3 12 8 4 29
4 7 3 11 3 10 168
4 7 3 10 9 5 100
4 7 3 9 15 0 86
4 7 3 9 4 11 36
4 7 3 8 10 6 166
4 7 3 7 16 1 62
4 7 3 7 5 12 59
4 7 3 6 11 7 143
4 7 3 6 0 18 97
4 7 3 5 17 2 186
4 7 3 5 6 13 186
4 7 3 4 12 8 162
4 7 3 4 1 19 92
4 7 3 3 18 3 66
4 7 3 3 7 14 117
4 7 3 2 13 9 129
4 7 3 2 2 20 147
4 7 3 1 19 4 137
4 7 3 1 8 15 107
4 7 3 0 14 10 172
4 7 3 0 3 21 173
4 7 2 24 0 1 157
4 7 2 22 1 2 59
4 7 2 20 2 3 62
4 7 2 18 3 4 66
4 7 2 16 4 5 148
4 7 2 15 10 0 169
4 7 2 14 5 6 175
4 7 2 13 11 1 75
4 7 2 13 0 12 195
4 7 2 12 6 7 161
4 7 2 11 12 2 7
4 7 2 11 1 13 161
4 7 2 10 7 8 197
4 7 2 9 13 3 133
4 7 2 9 2 14 142
4 7 2 8 8 9 58
4 7 2 7 14 4 184
4 7 2 7 3 15 115
4 7 2 6 9 10 153
4 7 2 5 15 5 82
4 7 2 5 4 16 180
4 7 2 4 21 0 152
4 7 2 4 10 11 12
4 7 2 3 16 6 17
4 7 2 3 5 17 3
4 7 2 2 22 1 176
4 7 2 2 11 12 50
4 7 2 2 0 23 182
4 7 2 1 17 7 169
4 7 2 1 6 18 15
4 7 2 0 23 2 1
4 7 2 0 12 13 102
4 7 2 0 1 24 94
4 7 1 21 5 0 144
4 7 1 20 0 6 127
4 7 1 19 6 1 62
4 7 1 18 1 7 34
4 7 1 17 7 2 80
4 7 1 16 2 8 82
4 7 1 15 8 3 125
4 7 1 14 3 9 20
4 7 1 13 9 4 133
4 7 1 12 4 10 145
4 7 1 11 10 5 32
4 7 1 10 16 0 88
4 7 1 10 5 11 167
4 7 1 9 11 6 52
4 7 1 9 0 17 90
4 7 1 8 17 1 55
4 7 1 8 6 12 27
4 7 1 7 12 7 72
4 7 1 7 1 18 58
4 7 1 6 18 2 185
4 7 1 6 7 13 67
4 7 1 5 13 8 119
4 7 1 5 2 19 65
4 7 1 4 19 3 165
4 7 1 4 8 14 13
4 7 1 3 14 9 152
4 7 1 3 3 20 19
4 7 1 2 20 4 153
4 7 1 2 9 15 124
4 7 1 1 15 10 170
4 7 1 1 4 21 87
4 7 1 0 21 5 181
4 7 1 0 10 16 67
4 7 0 27 0 0 154
4 7 0 25 1 1 91
4 7 0 23 2 2 84
4 7 0 21 3 3 115
4 7 0 19 4 4 70
4 7 0 17 5 5 29
4 7 0 16 11 0 87
4 7 0 16 0 11 86
4 7 0 15 6 6 170
4 7 0 14 12 1 111
4 7 0 14 1 12 128
4 7 0 13 7 7 179
4 7 0 12 13 2 85
4 7 0 12 2 13 150
4 7 0 11 8 8 162
4 7 0 10 14 3 104
4 7 0 10 3 14 151
4 7 0 9 9 9 139
4 7 0 8 15 4 88
4 7 0 8 4 15 74
4 7 0 7 10 10 57
4 7 0 6 16 5 177
4 7 0 6 5 16 139
4 7 0 5 22 0 12
4 7 0 5 11 11 53
4 7 0 5 0 22 5
4 7 0 4 17 6 36
4 7 0 4 6 17 12
4 7 0 3 23 1 70
4 7 0 3 12 12 50
4 7 0 3 1 23 11
4 7 0 2 18 7 76
4 7 0 2 7 18 167
4 7 0 1 24 2 173
4 7 0 1 13 13 97
4 7 0 1 2 24 184
4 7 0 0 19 8 51
4 7 0 0 8 19 103
4 6 28 0 0 0 127
4 6 26 1 1 0 28
4 6 24 2 2 0 83
4 6 24 0 3 1 130
4 6 23 2 0 3 57
4 6 23 0 1 4 27
4 6 22 3 3 0 110
4 6 22 1 4 1 127
4 6 21 5 0 2 181
4 6 21 3 1 3 135
4 6 21 1 2 4 68
4 6 20 4 4 0 109
4 6 20 2 5 1 111
4 6 20 1 0 7 44
4 6 20 0 6 2 67
4 6 19 8 0 1 48
4 6 19 6 1 2 132
4 6 19 4 2 3 173
4 6 19 2 3 4 41
4 6 19 0 4 5 173
4 6 18 5 5 0 157
4 6 18 4 0 6 177
4 6 18 3 6 1 20
4 6 18 2 1 7 55
4 6 18 1 7 2 99
4 6 18 0 2 8 35
4 6 17 11 0 0 120
4 6 17 9 1 1 58
4 6 17 7 2 2 195
4 6 17 5 3 3 155
4 6 17 3 4 4 139
4 6 17 1 5 5 115
4 6 17 0 11 0 98
4 6 17 0 0 11 84
4 6 16 7 0 5 64
4 6 16 6 6 0 9
4 6 16 5 1 6 46
4 6 16 4 7 1 8
4 6 16 3 2 7 82
4 6 16 2 8 2 162
4 6 16 1 3 8 144
4 6 16 0 9 3 34
4 6 15 12 1 0 180
4 6 15 10 2 1 163
4 6 15 8 3 2 87
4 6 15 6 4 3 155
4 6 15 4 5 4 190
4 6 15 3 0 10 70
4 6 15 2 6 5 171
4 6 15 1 12 0 1
4 6 15 1 1 11 178
4 6 15 0 7 6 159
4 6 14 10 0 4 110
4 6 14 8 1 5 58
4 6 14 7 7 0 2
4 6 14 6 2 6 167
4 6 14 5 8 1 110
4 6 14 4 3 7 8
4 6 14 3 9 2 125
4 6 14 2 4 8 109
4 6 14 1 10 3 56
4 6 14 0 5 9 120
4 6 13 13 2 0 70
4 6 13 11 3 1 174
4 6 13 9 4 2 33
4 6 13 7 5 3 142
4 6 13 6 0 9 101
4 6 13 5 6 4 40
4 6 13 4 1 10 70
4 6 13 3 7 5 90
4 6 13 2 13 0 167
4 6 13 2 2 11 69
4 6 13 1 8 6 101
4 6 13 0 14 1 46
4 6 12 13 0 3 35
4 6 12 11 1 4 141
4 6 12 9 2 5 147
4 6 12 8 8 0 11
4 6 12 7 3 6 181
4 6 12 6 9 1 88
4 6 12 5 4 7 177
4 6 12 4 10 2 82
4 6 12 3 5 8 86
4 6 12 2 11 3 80
4 6 12 2 0 14 120
4 6 12 1 6 9 31
4 6 12 0 12 4 68
4 6 12 0 1 15 72
4 6 11 14 3 0 161
4 6 11 12 4 1 34
4 6 11 10 5 2 13
4 6 11 9 0 8 179
4 6 11 8 6 3 197
4 6 11 7 1 9 45
4 6 11 6 7 4 29
4 6 11 5 2 10 24
4 6 11 4 8 5 23
4 6 11 3 14 0 53
4 6 11 3 3 11 85
4 6 11 2 9 6 89
4 6 11 1 15 1 89
4 6 11 1 4 12 78
4 6 11 0 10 7 132
4 6 10 16 0 2 196
4 6 10 14 1 3 153
4 6 10 12 2 4 114
4 6 10 10 3 5 48
4 6 10 9 9 0 111
4 6 10 8 4 6 165
4 6 10 7 10 1 37
4 6 10 6 5 7 66
4 6 10 5 11 2 150
4 6 10 5 0 13 19
4 6 10 4 6 8 48
4 6 10 3 12 3 50
4 6 10 3 1 14 197
4 6 10 2 7 9 10
4 6 10 1 13 4 135
4 6 10 1 2 15 129
4 6 10 0 8 10 146
4 6 9 15 4 0 102
4 6 9 13 5 1 74
4 6 9 12 0 7 113
4 6 9 11 6 2 174
4 6 9 10 1 8 53
4 6 9 9 7 3 168
4 6 9 8 2 9 72
4 6 9 7 8 4 40
4 6 9 6 3 10 193
4 6 9 5 9 5 108
4 6 9 4 15 0 190
4 6 9 4 4 11 132
4 6 9 3 10 6 106
4 6 9 2 16 1 173
4 6 9 2 5 12 197
4 6 9 1 11 7 46
4 6 9 1 0 18 163
4 6 9 0 17 2 107
4 6 9 0 6 13 40
4 6 8 19 0 1 40
4 6 8 17 1 2 80
4 6 8 15 2 3 1
4 6 8 13 3 4 60
4 6 8 11 4 5 168
4 6 8 10 10 0 83
4 6 8 9 5 6 176
4 6 8 8 11 1 182
4 6 8 8 0 12 169
4 6 8 7 6 7 87
4 6 8 6 12 2 174
4 6 8 6 1 13 150
4 6 8 5 7 8 65
4 6 8 4 13 3 162
4 6 8 4 2 14 24
4 6 8 3 8 9 151
4 6 8 2 14 4 4
4 6 8 2 3 15 114
4 6 8 1 9 10 101
4 6 8 0 15 5 155
4 6 8 0 4 16 110
4 6 7 16 5 0 11
4 6 7 15 0 6 130
4 6 7 14 6 1 26
4 6 7 13 1 7 119
4 6 7 12 7 2 115
4 6 7 11 2 8 156
4 6 7 10 8 3 84
4 6 7 9 3 9 22
4 6 7 8 9 4 107
4 6 7 7 4 10 190
4 6 7 6 10 5 56
4 6 7 5 16 0 97
4 6 7 5 5 11 8
4 6 7 4 11 6 31
4 6 7 4 0 17 12
4 6 7 3 17 1 30
4 6 7 3 6 12 20
4 6 7 2 12 7 58
4 6 7 2 1 18 191
4 6 7 1 18 2 149
4 6 7 1 7 13 157
4 6 7 0 13 8 185
4 6 7 0 2 19 148
4 6 6 22 0 0 72
4 6 6 20 1 1 166
4 6 6 18 2 2 21
4 6 6 16 3 3 7
4 6 6 14 4 4 169
4 6 6 12 5 5 137
4 6 6 11 11 0 75
4 6 6 11 0 11 184
4 6 6 10 6 6 104
4 6 6 9 12 1 195
4 6 6 9 1 12 120
4 6 6 8 7 7 181
4 6 6 7 13 2 135
4 6 6 7 2 13 109
4 6 6 6 8 8 53
4 6 6 5 14 3 78
4 6 6 5 3 14 50
4 6 6 4 9 9 74
4 6 6 3 15 4 44
4 6 6 3 4 15 113
4 6 6 2 10 10 116
4 6 6 1 16 5 187
4 6 6 1 5 16 58
4 6 6 0 22 0 37
4 6 6 0 11 11 61
4 6 6 0 0 22 132
4 6 5 18 0 5 1
4 6 5 17 6 0 76
4 6 5 16 1 6 18
4 6 5 15 7 1 145
4 6 5 13 8 2 109
4 6 5 12 3 8 119
4 6 5 11 9 3 53
4 6 5 10 4 9 117
4 6 5 9 10 4 118
4 6 5 8 5 10 24
4 6 5 7 11 5 176
4 6 5 7 0 16 120
4 6 5 6 17 0 160
4 6 5 6 6 11 82
4 6 5 5 12 6 68
4 6 5 5 1 17 110
4 6 5 4 18 1 159
4 6 5 4 7 12 9
4 6 5 3 13 7 178
4 6 5 3 2 18 150
4 6 5 2 19 2 102
4 6 5 2 8 13 123
4 6 5 1 14 8 39
4 6 5 1 3 19 177
4 6 5 0 20 3 57
4 6 5 0 9 14 6
4 6 4 23 1 0 93
4 6 4 21 2 1 61
4 6 4 19 3 2 153
4 6 4 17 4 3 116
4 6 4 15 5 4 44
4 6 4 14 0 10 56
4 6 4 13 6 5 129
4 6 4 12 12 0 146
4 6 4 12 1 11 158
4 6 4 11 7 6 29
4 6 4 10 13 1 176
4 6 4 10 2 12 61
4 6 4 9 8 7 168
4 6 4 8 14 2 60
4 6 4 8 3 13 169
4 6 4 7 9 8 170
4 6 4 6 15 3 86
4 6 4 6 4 14 34
4 6 4 5 10 9 93
4 6 4 4 16 4 95
4 6 4 4 5 15 25
4 6 4 3 11 10 24
4 6 4 3 0 21 19
4 6 4 2 17 5 26
4 6 4 2 6 16 102
4 6 4 1 23 0 124
4 6 4 1 12 11 118
4 6 4 1 1 22 23
4 6 4 0 18 6 36
4 6 4 0 7 17 175
4 6 3 21 0 4 176
4 6 3 19 1 5 169
4 6 3 18 7 0 86
4 6 3 17 2 6 24
4 6 3 16 8 1 62
4 6 3 15 3 7 120
4 6 3 14 9 2 146
4 6 3 13 4 8 19
4 6 3 12 10 3 159
4 6 3 11 5 9 66
4 6 3 10 11 4 193
4 6 3 10 0 15 17
4 6 3 9 6 10 111
4 6 3 8 12 5 110
4 6 3 8 1 16 162
4 6 3 7 18 0 22
4 6 3 7 7 11 180
4 6 3 6 13 6 93
4 6 3 6 2 17 88
4 6 3 5 19 1 17
4 6 3 5 8 12 134
4 6 3 4 14 7 24
4 6 3 4 3 18 9
4 6 3 3 20 2 93
4 6 3 3 9 13 87
4 6 3 2 15 8 73
4 6 3 2 4 19 97
4 6 3 1 21 3 11
4 6 3 1 10 14 112
4 6 3 0 16 9 112
4 6 3 0 5 20 35
4 6 2 24 2 0 186
4 6 2 22 3 1 187
4 6 2 20 4 2 130
4 6 2 18 5 3 62
4 6 2 17 0 9 160
4 6 2 16 6 4 33
4 6 2 15 1 10 71
4 6 2 14 7 5 72
4 6 2 13 13 0 25
4 6 2 13 2 11 54
4 6 2 12 8 6 37
4 6 2 11 14 1 130
4 6 2 11 3 12 127
4 6 2 10 9 7 86
4 6 2 9 15 2 53
4 6 2 9 4 13 172
4 6 2 8 10 8 115
4 6 2 7 16 3 194
4 6 2 7 5 14 53
4 6 2 6 11 9 77
4 6 2 6 0 20 121
4 6 2 5 17 4 106
4 6 2 5 6 15 163
4 6 2 4 12 10 145
4 6 2 4 1 21 92
4 6 2 3 18 5 55
4 6 2 3 7 16 150
4 6 2 2 24 0 110
4 6 2 2 13 11 108
4 6 2 2 2 22 77
4 6 2 1 19 6 108
4 6 2 1 8 17 78
4 6 2 0 25 1 126
4 6 2 0 14 12 112
4 6 2 0 3 23 71
4 6 1 24 0 3 195
4 6 1 22 1 4 171
4 6 1 20 2 5 181
4 6 1 19 8 0 26
4 6 1 18 3 6 193
4 6 1 17 9 1 49
4 6 1 16 4 7 187
4 6 1 15 10 2 81
4 6 1 14 5 8 192
4 6 1 13 11 3 192
4 6 1 13 0 14 91
4 6 1 12 6 9 54
4 6 1 11 12 4 81
4 6 1 11 1 15 37
4 6 1 10 7 10 131
4 6 1 9 13 5 179
4 6 1 9 2 16 109
4 6 1 8 19 0 4
4 6 1 8 8 11 123
4 6 1 7 14 6 39
4 6 1 7 3 17 100
4 6 1 6 9 12 107
4 6 1 5 15 7 89
4 6 1 5 4 18 31
4 6 1 4 21 2 174
4 6 1 4 10 13 179
4 6 1 3 16 8 105
4 6 1 3 5 19 139
4 6 1 2 22 3 114
4 6 1 2 11 14 107
4 6 1 2 0 25 137
4 6 1 1 17 9 2
4 6 1 1 6 20 87
4 6 1 0 23 4 56
4 6 1 0 12 15 87
4 6 1 0 1 26 192
4 6 0 25 3 0 92
4 6 0 23 4 1 152
4 6 0 21 5 2 166
4 6 0 20 0 8 9
4 6 0 19 6 3 16
4 6 0 18 1 9 74
4 6 0 17 7 4 107
4 6 0 16 2 10 148
4 6 0 15 8 5 66
4 6 0 14 14 0 47
4 6 0 14 3 11 44
4 6 0 13 9 6 119
4 6 0 12 15 1 103
4 6 0 12 4 12 167
4 6 0 11 10 7 167
4 6 0 10 16 2 189
4 6 0 10 5 13 197
4 6 0 9 11 8 192
4 6 0 9 0 19 7
4 6 0 8 17 3 28
4 6 0 8 6 14 123
4 6 0 7 12 9 54
4 6 0 7 1 20 82
4 6 0 6 18 4 166
4 6 0 6 7 15 126
4 6 0 5 13 10 126
4 6 0 5 2 21 96
4 6 0 4 19 5 175
4 6 0 4 8 16 47
4 6 0 3 25 0 144
4 6 0 3 14 11 153
4 6 0 3 3 22 94
4 6 0 2 20 6 23
4 6 0 2 9 17 10
4 6 0 1 26 1 90
4 6 0 1 15 12 195
4 6 0 1 4 23 30
4 6 0 0 21 7 44
4 6 0 0 10 18 14
4 5 27 0 0 2 92
4 5 25 3 0 1 194
4 5 25 1 1 2 154
4 5 24 0 5 0 119
4 5 23 6 0 0 159
4 5 23 4 1 1 146
4 5 23 2 2 2 182
4 5 23 0 3 3 160
4 5 22 2 0 5 153
4 5 22 1 6 0 161
4 5 22 0 1 6 137
4 5 21 7 1 0 61
4 5 21 5 2 1 14
4 5 21 3 3 2 33
4 5 21 1 4 3 43
4 5 20 5 0 4 32
4 5 20 3 1 5 28
4 5 20 2 7 0 45
4 5 20 1 2 6 160
4 5 20 0 8 1 4
4 5 19 8 2 0 82
4 5 19 6 3 1 94
4 5 19 4 4 2 36
4 5 19 2 5 3 36
4 5 19 1 0 9 32
4 5 19 0 6 4 51
4 5 18 8 0 3 65
4 5 18 6 1 4 13
4 5 18 4 2 5 111
4 5 18 3 8 0 159
4 5 18 2 3 6 39
4 5 18 1 9 1 195
4 5 18 0 4 7 107
4 5 17 9 3 0 178
4 5 17 7 4 1 11
4 5 17 5 5 2 64
4 5 17 4 0 8 184
4 5 17 3 6 3 59
4 5 17 2 1 9 140
4 5 17 1 7 4 104
4 5 17 0 2 10 194
4 5 16 11 0 2 99
4 5 16 9 1 3 111
4 5 16 7 2 4 195
4 5 16 5 3 5 29
4 5 16 4 9 0 148
4 5 16 3 4 6 117
4 5 16 2 10 1 24
4 5 16 1 5 7 161
4 5 16 0 11 2 105
4 5 16 0 0 13 109
4 5 15 10 4 0 57
4 5 15 8 5 1 18
4 5 15 7 0 7 45
4 5 15 6 6 2 189
4 5 15 5 1 8 139
4 5 15 4 7 3 120
4 5 15 3 2 9 28
4 5 15 2 8 4 149
4 5 15 1 3 10 189
4 5 15 0 9 5 74
4 5 14 14 0 1 187
4 5 14 12 1 2 58
4 5 14 10 2 3 181
4 5 14 8 3 4 72
4 5 14 6 4 5 74
4 5 14 5 10 0 99
4 5 14 4 5 6 134
4 5 14 3 0 12 191
4 5 14 2 6 7 88
4 5 14 1 12 2 26
4 5 14 1 1 13 174
4 5 14 0 7 8 22
4 5 13 11 5 0 133
4 5 13 10 0 6 147
4 5 13 9 6 1 147
4 5 13 8 1 7 56
4 5 13 7 7 2 166
4 5 13 6 2 8 13
4 5 13 5 8 3 5
4 5 13 4 3 9 59
4 5 13 3 9 4 43
4 5 13 2 4 10 198
4 5 13 1 10 5 189
4 5 13 0 16 0 151
4 5 13 0 5 11 2
4 5 12 17 0 0 9
4 5 12 15 1 1 151
4 5 12 13 2 2 44
4 5 12 11 3 3 69
4 5 12 9 4 4 99
4 5 12 7 5 5 17
4 5 12 6 11 0 163
4 5 12 6 0 11 187
4 5 12 5 6 6 22
4 5 12 4 12 1 84
4 5 12 4 1 12 56
4 5 12 3 7 7 28
4 5 12 2 13 2 142
4 5 12 2 2 13 5
4 5 12 1 8 8 35
4 5 12 0 14 3 69
4 5 12 0 3 14 12
4 5 11 13 0 5 46
4 5 11 12 6 0 105
4 5 11 11 1 6 58
4 5 11 10 7 1 61
4 5 11 9 2 7 42
4 5 11 8 8 2 18
4 5 11 7 3 8 65
4 5 11 6 9 3 8
4 5 11 5 4 9 108
4 5 11 4 10 4 61
4 5 11 3 5 10 2
4 5 11 2 11 5 74
4 5 11 2 0 16 121
4 5 11 1 17 0 169
4 5 11 1 6 11 172
4 5 11 0 12 6 139
4 5 11 0 1 17 67
4 5 10 18 1 0 2
4 5 10 16 2 1 81
4 5 10 14 3 2 23
4 5 10 12 4 3 147
4 5 10 10 5 4 44
4 5 10 9 0 10 23
4 5 10 8 6 5 82
4 5 10 7 12 0 30
4 5 10 7 1 11 191
4 5 10 6 7 6 111
4 5 10 5 13 1 86
4 5 10 5 2 12 95
4 5 10 4 8 7 133
4 5 10 3 14 2 6
4 5 10 3 3 13 89
4 5 10 2 9 8 101
4 5 10 1 15 3 94
4 5 10 1 4 14 122
4 5 10 0 10 9 31
4 5 9 16 0 4 4
4 5 9 14 1 5 120
4 5 9 13 7 0 149
4 5 9 12 2 6 31
4 5 9 11 8 1 154
4 5 9 10 3 7 111
4 5 9 9 9 2 153
4 5 9 8 4 8 186
4 5 9 7 10 3 16
4 5 9 6 5 9 17
4 5 9 5 11 4 137
4 5 9 5 0 15 66
4 5 9 4 6 10 84
4 5 9 3 12 5 13
4 5 9 3 1 16 129
4 5 9 2 18 0 153
4 5 9 2 7 11 6
4 5 9 1 13 6 74
4 5 9 1 2 17 171
4 5 9 0 19 1 54
4 5 9 0 8 12 42
4 5 8 19 2 0 27
4 5 8 17 3 1 189
4 5 8 15 4 2 112
4 5 8 13 5 3 191
4 5 8 12 0 9 52
4 5 8 11 6 4 69
4 5 8 10 1 10 193
4 5 8 9 7 5 90
4 5 8 8 13 0 100
4 5 8 8 2 11 168
4 5 8 7 8 6 105
4 5 8 6 14 1 65
4 5 8 6 3 12 88
4 5 8 5 9 7 66
4 5 8 4 15 2 192
4 5 8 4 4 13 58
4 5 8 3 10 8 11
4 5 8 2 16 3 115
4 5 8 2 5 14 147
4 5 8 1 11 9 36
4 5 8 1 0 20 79
4 5 8 0 17 4 8
4 5 8 0 6 15 155
4 5 7 19 0 3 153
4 5 7 17 1 4 144
4 5 7 15 2 5 171
4 5 7 14 8 0 1
4 5 7 13 3 6 187
4 5 7 12 9 1 12
4 5 7 11 4 7 22
4 5 7 9 5 8 181
4 5 7 8 11 3 150
4 5 7 8 0 14 93
4 5 7 7 6 9 186
4 5 7 6 12 4 145
4 5 7 6 1 15 195
4 5 7 5 7 10 63
4 5 7 4 13 5 130
4 5 7 4 2 16 29
4 5 7 3 19 0 77
4 5 7 3 8 11 190
4 5 7 2 14 6 155
4 5 7 2 3 17 25
4 5 7 1 20 1 153
4 5 7 1 9 12 26
4 5 7 0 15 7 36
4 5 7 0 4 18 34
4 5 6 20 3 0 108
4 5 6 18 4 1 172
4 5 6 16 5 2 117
4 5 6 15 0 8 98
4 5 6 14 6 3 1
4 5 6 13 1 9 99
4 5 6 12 7 4 117
4 5 6 11 2 10 59
4 5 6 10 8 5 38
4 5 6 9 14 0 60
4 5 6 9 3 11 131
4 5 6 8 9 6 85
4 5 6 7 15 1 131
4 5 6 7 4 12 127
4 5 6 6 10 7 4
4 5 6 5 16 2 32
4 5 6 5 5 13 98
4 5 6 4 11 8 130
4 5 6 4 0 19 181
4 5 6 3 17 3 160
4 5 6 3 6 14 49
4 5 6 2 12 9 186
4 5 6 2 1 20 49
4 5 6 1 18 4 136
4 5 6 1 7 15 143
4 5 6 0 13 10 23
4 5 6 0 2 21 106
4 5 5 22 0 2 144
4 5 5 20 1 3 98
4 5 5 18 2 4 7
4 5 5 16 3 5 191
4 5 5 15 9 0 33
4 5 5 14 4 6 138
4 5 5 13 10 1 196
4 5 5 12 5 7 172
4 5 5 11 11 2 44
4 5 5 11 0 13 24
4 5 5 10 6 8 153
4 5 5 9 12 3 75
4 5 5 9 1 14 123
4 5 5 8 7 9 29
4 5 5 7 13 4 121
4 5 5 7 2 15 2
4 5 5 6 8 10 46
4 5 5 5 14 5 197
4 5 5 5 3 16 25
4 5 5 4 20 0 47
4 5 5 4 9 11 64
4 5 5 3 15 6 5
4 5 5 3 4 17 156
4 5 5 2 21 1 156
4 5 5 2 10 12 111
4 5 5 1 16 7 90
4 5 5 1 5 18 7
4 5 5 0 22 2 29
4 5 5 0 11 13 103
4 5 5 0 0 24 115
4 5 4 21 4 0 130
4 5 4 19 5 1 144
4 5 4 18 0 7 29
4 5 4 17 6 2 29
4 5 4 16 1 8 183
4 5 4 15 7 3 101
4 5 4 14 2 9 176
4 5 4 13 8 4 147
4 5 4 12 3 10 73
4 5 4 10 15 0 79
4 5 4 10 4 11 171
4 5 4 9 10 6 14
4 5 4 8 16 1 157
4 5 4 8 5 12 125
4 5 4 7 11 7 137
4 5 4 7 0 18 78
4 5 4 6 17 2 91
4 5 4 6 6 13 85
4 5 4 5 12 8 136
4 5 4 5 1 19 60
4 5 4 4 18 3 197
4 5 4 4 7 14 147
4 5 4 3 13 9 63
4 5 4 3 2 20 135
4 5 4 2 19 4 44
4 5 4 2 8 15 165
4 5 4 1 14 10 151
4 5 4 1 3 21 190
4 5 4 0 20 5 108
4 5 4 0 9 16 173
4 5 3 25 0 1 10
4 5 3 23 1 2 161
4 5 3 21 2 3 86
4 5 3 19 3 4 102
4 5 3 17 4 5 53
4 5 3 16 10 0 1
4 5 3 15 5 6 22
4 5 3 14 11 1 141
4 5 3 14 0 12 108
4 5 3 13 6 7 73
4 5 3 12 12 2 135
4 5 3 12 1 13 11
4 5 3 11 7 8 12
4 5 3 10 2 14 126
4 5 3 9 8 9 90
4 5 3 8 14 4 28
4 5 3 8 3 15 49
4 5 3 7 9 10 62
4 5 3 6 15 5 127
4 5 3 6 4 16 160
4 5 3 5 21 0 168
4 5 3 5 10 11 148
4 5 3 4 16 6 8
4 5 3 4 5 17 107
4 5 3 3 22 1 7
4 5 3 3 11 12 121
4 5 3 3 0 23 176
4 5 3 2 17 7 89
4 5 3 2 6 18 125
4 5 3 1 23 2 134
4 5 3 1 12 13 150
4 5 3 1 1 24 133
4 5 3 0 18 8 33
4 5 3 0 7 19 85
4 5 2 22 5 0 155
4 5 2 21 0 6 191
4 5 2 20 6 1 1
4 5 2 19 1 7 43
4 5 2 18 7 2 53
4 5 2 17 2 8 36
4 5 2 16 8 3 102
4 5 2 15 3 9 168
4 5 2 14 9 4 111
4 5 2 13 4 10 122
4 5 2 12 10 5 196
4 5 2 11 16 0 173
4 5 2 11 5 11 145
4 5 2 10 11 6 69
4 5 2 10 0 17 108
4 5 2 9 17 1 160
4 5 2 9 6 12 30
4 5 2 8 12 7 52
4 5 2 8 1 18 7
4 5 2 7 18 2 181
4 5 2 7 7 13 170
4 5 2 6 13 8 69
4 5 2 6 2 19 21
4 5 2 5 19 3 68
4 5 2 5 8 14 144
4 5 2 4 14 9 82
4 5 2 4 3 20 165
4 5 2 3 20 4 168
4 5 2 3 9 15 172
4 5 2 2 15 10 45
4 5 2 2 4 21 57
4 5 2 1 21 5 161
4 5 2 1 10 16 165
4 5 2 0 27 0 57
4 5 2 0 16 11 16
4 5 2 0 5 22 89
4 5 1 28 0 0 69
4 5 1 26 1 1 178
4 5 1 24 2 2 116
4 5 1 22 3 3 94
4 5 1 20 4 4 100
4 5 1 18 5 5 140
4 5 1 17 11 0 68
4 5 1 17 0 11 85
4 5 1 16 6 6 9
4 5 1 15 12 1 42
4 5 1 15 1 12 125
4 5 1 14 7 7 7
4 5 1 13 13 2 163
4 5 1 13 2 13 84
4 5 1 12 8 8 90
4 5 1 11 14 3 15
4 5 1 11 3 14 25
4 5 1 10 9 9 94
4 5 1 9 15 4 89
4 5 1 9 4 15 103
4 5 1 8 10 10 138
4 5 1 7 16 5 40
4 5 1 7 5 16 183
4 5 1 6 22 0 47
4 5 1 6 11 11 142
4 5 1 6 0 22 161
4 5 1 5 17 6 48
4 5 1 5 6 17 163
4 5 1 4 23 1 87
4 5 1 4 12 12 108
4 5 1 4 1 23 105
4 5 1 3 18 7 38
4 5 1 3 7 18 129
4 5 1 2 24 2 114
4 5 1 2 13 13 150
4 5 1 2 2 24 194
4 5 1 1 19 8 21
4 5 1 1 8 19 175
4 5 1 0 25 3 130
4 5 1 0 14 14 1
4 5 1 0 3 25 54
4 5 0 24 0 5 142
4 5 0 23 6 0 175
4 5 0 22 1 6 17
4 5 0 21 7 1 96
4 5 0 20 2 7 83
4 5 0 19 8 2 166
4 5 0 18 3 8 167
4 5 0 17 9 3 167
4 5 0 16 4 9 21
4 5 0 15 10 4 14
4 5 0 14 5 10 14
4 5 0 13 11 5 60
4 5 0 13 0 16 42
4 5 0 12 17 0 4
4 5 0 12 6 11 41
4 5 0 11 12 6 168
4 5 0 11 1 17 157
4 5 0 10 18 1 72
4 5 0 10 7 12 94
4 5 0 9 13 7 39
4 5 0 9 2 18 157
4 5 0 8 19 2 75
4 5 0 8 8 13 101
4 5 0 7 14 8 123
4 5 0 7 3 19 89
4 5 0 6 20 3 89
4 5 0 6 9 14 20
4 5 0 5 15 9 42
4 5 0 5 4 20 135
4 5 0 4 21 4 53
4 5 0 4 10 15 173
4 5 0 3 16 10 192
4 5 0 3 5 21 168
4 5 0 2 22 5 35
4 5 0 2 11 16 93
4 5 0 2 0 27 63
4 5 0 1 28 0 74
4 5 0 1 17 11 145
4 5 0 1 6 22 194
4 5 0 0 23 6 150
4 5 0 0 12 17 40
4 5 0 0 1 28 149
4 4 29 1 0 0 186
4 4 27 2 1 0 63
4 4 27 0 2 1 7
4 4 26 0 0 4 103
4 4 25 3 2 0 2
4 4 25 1 3 1 66
4 4 24 3 0 3 31
4 4 24 1 1 4 103
4 4 23 4 3 0 148
4 4 23 2 4 1 89
4 4 23 0 5 2 41
4 4 22 6 0 2 22
4 4 22 4 1 3 66
4 4 22 2 2 4 159
4 4 22 0 3 5 121
4 4 21 5 4 0 36
4 4 21 3 5 1 36
4 4 21 2 0 7 184
4 4 21 1 6 2 168
4 4 21 0 1 8 121
4 4 20 9 0 1 175
4 4 20 7 1 2 78
4 4 20 5 2 3 180
4 4 20 3 3 4 184
4 4 20 1 4 5 124
4 4 20 0 10 0 130
4 4 19 6 5 0 165
4 4 19 5 0 6 101
4 4 19 4 6 1 156
4 4 19 3 1 7 83
4 4 19 2 7 2 94
4 4 19 1 2 8 56
4 4 19 0 8 3 95
4 4 18 12 0 0 91
4 4 18 10 1 1 198
4 4 18 8 2 2 146
4 4 18 6 3 3 127
4 4 18 4 4 4 17
4 4 18 2 5 5 164
4 4 18 1 11 0 171
4 4 18 1 0 11 108
4 4 18 0 6 6 17
4 4 17 8 0 5 26
4 4 17 7 6 0 47
4 4 17 6 1 6 122
4 4 17 5 7 1 119
4 4 17 4 2 7 110
4 4 17 3 8 2 185
4 4 17 2 3 8 179
4 4 17 1 9 3 104
4 4 17 0 4 9 187
4 4 16 13 1 0 101
4 4 16 11 2 1 94
4 4 16 9 3 2 135
4 4 16 7 4 3 171
4 4 16 5 5 4 189
4 4 16 4 0 10 128
4 4 16 3 6 5 193
4 4 16 2 12 0 24
4 4 16 2 1 11 98
4 4 16 1 7 6 113
4 4 16 0 13 1 135
4 4 16 0 2 12 180
4 4 15 11 0 4 125
4 4 15 9 1 5 60
4 4 15 8 7 0 83
4 4 15 7 2 6 106
4 4 15 6 8 1 143
4 4 15 5 3 7 163
4 4 15 4 9 2 113
4 4 15 3 4 8 6
4 4 15 2 10 3 87
4 4 15 1 5 9 3
4 4 15 0 11 4 148
4 4 15 0 0 15 78
4 4 14 14 2 0 125
4 4 14 12 3 1 195
4 4 14 10 4 2 15
4 4 14 8 5 3 16
4 4 14 7 0 9 171
4 4 14 6 6 4 25
4 4 14 5 1 10 121
4 4 14 4 7 5 172
4 4 14 3 13 0 17
4 4 14 3 2 11 33
4 4 14 2 8 6 140
4 4 14 1 14 1 172
4 4 14 1 3 12 102
4 4 14 0 9 7 91
4 4 13 14 0 3 183
4 4 13 12 1 4 66
4 4 13 10 2 5 82
4 4 13 9 8 0 33
4 4 13 8 3 6 129
4 4 13 7 9 1 185
4 4 13 6 4 7 51
4 4 13 5 10 2 82
4 4 13 4 5 8 146
4 4 13 3 11 3 40
4 4 13 3 0 14 58
4 4 13 2 6 9 23
4 4 13 1 12 4 198
4 4 13 1 1 15 4
4 4 13 0 7 10 8
4 4 12 15 3 0 44
4 4 12 13 4 1 25
4 4 12 11 5 2 134
4 4 12 10 0 8 148
4 4 12 9 6 3 101
4 4 12 8 1 9 141
4 4 12 7 7 4 19
4 4 12 6 2 10 6
4 4 12 5 8 5 78
4 4 12 4 14 0 5
4 4 12 4 3 11 36
4 4 12 3 9 6 30
4 4 12 2 15 1 5
4 4 12 2 4 12 106
4 4 12 1 10 7 166
4 4 12 0 16 2 129
4 4 12 0 5 13 101
4 4 11 17 0 2 180
4 4 11 15 1 3 91
4 4 11 13 2 4 3
4 4 11 11 3 5 4
4 4 11 10 9 0 126
4 4 11 9 4 6 164
4 4 11 8 10 1 118
4 4 11 7 5 7 42
4 4 11 6 11 2 82
4 4 11 6 0 13 147
4 4 11 5 6 8 106
4 4 11 4 12 3 55
4 4 11 4 1 14 101
4 4 11 3 7 9 105
4 4 11 2 13 4 165
4 4 11 2 2 15 196
4 4 11 1 8 10 191
4 4 11 0 14 5 46
4 4 11 0 3 16 58
4 4 10 16 4 0 185
4 4 10 14 5 1 121
4 4 10 13 0 7 164
4 4 10 12 6 2 85
4 4 10 11 1 8 187
4 4 10 10 7 3 6
4 4 10 9 2 9 111
4 4 10 8 8 4 185
4 4 10 7 3 10 131
4 4 10 6 9 5 41
4 4 10 5 15 0 198
4 4 10 5 4 11 3
4 4 10 4 10 6 197
4 4 10 3 16 1 103
4 4 10 3 5 12 50
4 4 10 2 11 7 88
4 4 10 2 0 18 76
4 4 10 1 17 2 81
4 4 10 1 6 13 11
4 4 10 0 12 8 185
4 4 10 0 1 19 66
4 4 9 20 0 1 37
4 4 9 18 1 2 138
4 4 9 16 2 3 46
4 4 9 14 3 4 167
4 4 9 12 4 5 197
4 4 9 11 10 0 1
4 4 9 10 5 6 36
4 4 9 9 11 1 179
4 4 9 9 0 12 105
4 4 9 8 6 7 40
4 4 9 7 12 2 69
4 4 9 7 1 13 164
4 4 9 6 7 8 19
4 4 9 5 13 3 160
4 4 9 5 2 14 137
4 4 9 4 8 9 196
4 4 9 3 14 4 51
4 4 9 3 3 15 26
4 4 9 2 9 10 25
4 4 9 1 15 5 86
4 4 9 1 4 16 165
4 4 9 0 21 0 142
4 4 9 0 10 11 139
4 4 8 17 5 0 191
4 4 8 16 0 6 52
4 4 8 15 6 1 132
4 4 8 14 1 7 69
4 4 8 13 7 2 195
4 4 8 12 2 8 165
4 4 8 11 8 3 183
4 4 8 10 3 9 180
4 4 8 9 9 4 132
4 4 8 8 4 10 24
4 4 8 7 10 5 156
4 4 8 6 16 0 165
4 4 8 6 5 11 42
4 4 8 5 11 6 153
4 4 8 5 0 17 139
4 4 8 4 17 1 104
4 4 8 4 6 12 152
4 4 8 3 12 7 110
4 4 8 3 1 18 4
4 4 8 2 18 2 80
4 4 8 2 7 13 88
4 4 8 1 13 8 70
4 4 8 1 2 19 135
4 4 8 0 19 3 196
4 4 8 0 8 14 146
4 4 7 23 0 0 154
4 4 7 21 1 1 70
4 4 7 19 2 2 92
4 4 7 17 3 3 8
4 4 7 15 4 4 53
4 4 7 13 5 5 29
4 4 7 12 11 0 38
4 4 7 12 0 11 57
4 4 7 11 6 6 7
4 4 7 10 12 1 116
4 4 7 10 1 12 10
4 4 7 9 7 7 49
4 4 7 8 13 2 168
4 4 7 8 2 13 78
4 4 7 7 8 8 128
4 4 7 6 14 3 73
4 4 7 6 3 14 88
4 4 7 5 9 9 60
4 4 7 4 15 4 187
4 4 7 4 4 15 114
4 4 7 3 10 10 191
4 4 7 2 16 5 167
4 4 7 2 5 16 2
4 4 7 1 22 0 102
4 4 7 1 11 11 144
4 4 7 1 0 22 119
4 4 7 0 17 6 67
4 4 7 0 6 17 130
4 4 6 19 0 5 134
4 4 6 18 6 0 163
4 4 6 17 1 6 17
4 4 6 16 7 1 99
4 4 6 15 2 7 186
4 4 6 14 8 2 53
4 4 6 13 3 8 152
4 4 6 12 9 3 85
4 4 6 11 4 9 74
4 4 6 10 10 4 90
4 4 6 9 5 10 6
4 4 6 8 11 5 184
4 4 6 8 0 16 158
4 4 6 7 17 0 8
4 4 6 7 6 11 160
4 4 6 6 12 6 150
4 4 6 6 1 17 176
4 4 6 5 18 1 102
4 4 6 5 7 12 175
4 4 6 4 13 7 118
4 4 6 4 2 18 103
4 4 6 3 19 2 193
4 4 6 3 8 13 169
4 4 6 2 14 8 107
4 4 6 2 3 19 72
4 4 6 1 20 3 136
4 4 6 1 9 14 128
4 4 6 0 15 9 80
4 4 6 0 4 20 153
4 4 5 24 1 0 169
4 4 5 22 2 1 94
4 4 5 20 3 2 18
4 4 5 16 5 4 104
4 4 5 15 0 10 85
4 4 5 14 6 5 93
4 4 5 13 12 0 187
4 4 5 13 1 11 4
4 4 5 12 7 6 149
4 4 5 11 13 1 51
4 4 5 11 2 12 65
4 4 5 10 8 7 182
4 4 5 9 14 2 114
4 4 5 9 3 13 56
4 4 5 8 9 8 49
4 4 5 7 15 3 42
4 4 5 7 4 14 16
4 4 5 6 10 9 93
4 4 5 5 16 4 187
4 4 5 5 5 15 119
4 4 5 4 11 10 126
4 4 5 4 0 21 148
4 4 5 3 17 5 10
4 4 5 3 6 16 10
4 4 5 2 23 0 176
4 4 5 2 12 11 4
4 4 5 2 1 22 107
4 4 5 1 18 6 90
4 4 5 1 7 17 102
4 4 5 0 24 1 66
4 4 5 0 13 12 41
4 4 5 0 2 23 37
4 4 4 22 0 4 94
4 4 4 20 1 5 97
4 4 4 19 7 0 165
4 4 4 18 2 6 39
4 4 4 17 8 1 132
4 4 4 16 3 7 58
4 4 4 15 9 2 157
4 4 4 14 4 8 93
4 4 4 13 10 3 106
4 4 4 12 5 9 35
4 4 4 11 11 4 187
4 4 4 11 0 15 116
4 4 4 10 6 10 175
4 4 4 9 12 5 55
4 4 4 9 1 16 8
4 4 4 8 18 0 160
4 4 4 8 7 11 170
4 4 4 7 13 6 154
4 4 4 7 2 17 79
4 4 4 6 19 1 93
4 4 4 6 8 12 173
4 4 4 5 14 7 81
4 4 4 5 3 18 108
4 4 4 4 20 2 33
4 4 4 4 9 13 16
4 4 4 3 15 8 185
4 4 4 3 4 19 169
4 4 4 2 21 3 73
4 4 4 2 10 14 112
4 4 4 1 16 9 193
4 4 4 1 5 20 172
4 4 4 0 22 4 158
4 4 4 0 11 15 160
4 4 4 0 0 26 144
4 4 3 25 2 0 63
4 4 3 23 3 1 166
4 4 3 21 4 2 172
4 4 3 19 5 3 43
4 4 3 18 0 9 72
4 4 3 17 6 4 118
4 4 3 16 1 10 56
4 4 3 15 7 5 117
4 4 3 14 13 0 108
4 4 3 14 2 11 13
4 4 3 13 8 6 53
4 4 3 12 14 1 187
4 4 3 12 3 12 181
4 4 3 11 9 7 36
4 4 3 10 15 2 124
4 4 3 10 4 13 54
4 4 3 9 10 8 85
4 4 3 8 16 3 129
4 4 3 8 5 14 127
4 4 3 7 11 9 110
4 4 3 7 0 20 92
4 4 3 6 17 4 163
4 4 3 6 6 15 128
4 4 3 5 12 10 66
4 4 3 5 1 21 112
4 4 3 4 18 5 8
4 4 3 4 7 16 23
4 4 3 3 24 0 93
4 4 3 3 13 11 77
4 4 3 3 2 22 139
4 4 3 2 19 6 95
4 4 3 2 8 17 195
4 4 3 1 25 1 69
4 4 3 1 14 12 137
4 4 3 1 3 23 165
4 4 3 0 20 7 99
4 4 3 0 9 18 162
4 4 2 25 0 3 68
4 4 2 23 1 4 106
4 4 2 21 2 5 18
4 4 2 20 8 0 35
4 4 2 19 3 6 12
4 4 2 18 9 1 54
4 4 2 17 4 7 46
4 4 2 16 10 2 113
4 4 2 15 5 8 23
4 4 2 14 11 3 157
4 4 2 14 0 14 87
4 4 2 13 6 9 174
4 4 2 12 12 4 190
4 4 2 12 1 15 49
4 4 2 11 7 10 186
4 4 2 10 13 5 134
4 4 2 10 2 16 12
4 4 2 9 19 0 28
4 4 2 9 8 11 25
4 4 2 8 14 6 47
4 4 2 8 3 17 168
4 4 2 7 20 1 184
4 4 2 7 9 12 111
4 4 2 6 15 7 15
4 4 2 6 4 18 175
4 4 2 5 21 2 79
4 4 2 5 10 13 24
4 4 2 4 16 8 92
4 4 2 4 5 19 118
4 4 2 3 22 3 126
4 4 2 3 11 14 164
4 4 2 3 0 25 96
4 4 2 2 17 9 63
4 4 2 2 6 20 74
4 4 2 1 23 4 132
4 4 2 1 12 15 75
4 4 2 1 1 26 174
4 4 2 0 18 10 10
4 4 2 0 7 21 190
4 4 1 26 3 0 156
4 4 1 24 4 1 165
4 4 1 22 5 2 54
4 4 1 21 0 8 3
4 4 1 20 6 3 115
4 4 1 19 1 9 163
4 4 1 18 7 4 12
4 4 1 17 2 10 50
4 4 1 16 8 5 47
4 4 1 15 14 0 196
4 4 1 15 3 11 100
4 4 1 14 9 6 43
4 4 1 13 15 1 55
4 4 1 13 4 12 75
4 4 1 12 10 7 162
4 4 1 11 16 2 158
4 4 1 11 5 13 132
4 4 1 10 11 8 37
4 4 1 10 0 19 162
4 4 1 9 17 3 175
4 4 1 9 6 14 145
4 4 1 8 12 9 71
4 4 1 8 1 20 78
4 4 1 7 18 4 193
4 4 1 7 7 15 155
4 4 1 6 13 10 175
4 4 1 6 2 21 148
4 4 1 5 19 5 161
4 4 1 5 8 16 42
4 4 1 4 25 0 42
4 4 1 4 14 11 50
4 4 1 4 3 22 12
4 4 1 3 20 6 142
4 4 1 3 9 17 82
4 4 1 2 26 1 178
4 4 1 2 15 12 27
4 4 1 2 4 23 8
4 4 1 1 21 7 112
4 4 1 1 10 18 148
4 4 1 0 27 2 78
4 4 1 0 16 13 198
4 4 1 0 5 24 81
4 4 0 28 0 2 145
4 4 0 26 1 3 98
4 4 0 24 2 4 198
4 4 0 22 3 5 118
4 4 0 21 9 0 141
4 4 0 20 4 6 72
4 4 0 19 10 1 160
4 4 0 18 5 7 43
4 4 0 17 11 2 59
4 4 0 17 0 13 25
4 4 0 16 6 8 42
4 4 0 15 12 3 36
4 4 0 15 1 14 21
4 4 0 14 7 9 177
4 4 0 13 13 4 127
4 4 0 13 2 15 4
4 4 0 12 8 10 52
4 4 0 11 14 5 131
4 4 0 11 3 16 45
4 4 0 10 20 0 10
4 4 0 10 9 11 95
4 4 0 9 15 6 36
4 4 0 9 4 17 60
4 4 0 8 21 1 128
4 4 0 8 10 12 54
4 4 0 7 16 7 189
4 4 0 7 5 18 47
4 4 0 6 22 2 195
4 4 0 6 11 13 115
4 4 0 6 0 24 17
4 4 0 5 17 8 45
4 4 0 5 6 19 74
4 4 0 4 23 3 129
4 4 0 4 12 14 193
4 4 0 4 1 25 62
4 4 0 3 18 9 63
4 4 0 3 7 20 15
4 4 0 2 24 4 2
4 4 0 2 13 15 73
4 4 0 2 2 26 9
4 4 0 1 19 10 168
4 4 0 1 8 21 105
4 4 0 0 25 5 175
4 4 0 0 14 16 81
4 4 0 0 3 27 110
4 3 28 1 0 2 183
4 3 27 0 4 0 50
4 3 26 4 0 1 180
4 3 26 2 1 2 150
4 3 26 0 2 3 154
4 3 25 1 5 0 74
4 3 25 0 0 6 135
4 3 24 7 0 0 145
4 3 24 5 1 1 105
4 3 24 3 2 2 152
4 3 24 1 3 3 138
4 3 23 3 0 5 122
4 3 23 2 6 0 121
4 3 23 1 1 6 152
4 3 23 0 7 1 46
4 3 22 8 1 0 125
4 3 22 6 2 1 75
4 3 22 4 3 2 20
4 3 22 2 4 3 186
4 3 22 0 5 4 151
4 3 21 6 0 4 181
4 3 21 4 1 5 163
4 3 21 3 7 0 63
4 3 21 2 2 6 26
4 3 21 1 8 1 36
4 3 21 0 3 7 121
4 3 20 9 2 0 161
4 3 20 7 3 1 107
4 3 20 5 4 2 107
4 3 20 3 5 3 91
4 3 20 2 0 9 175
4 3 20 1 6 4 119
4 3 20 0 1 10 55
4 3 19 9 0 3 118
4 3 19 7 1 4 36
4 3 19 5 2 5 189
4 3 19 4 8 0 30
4 3 19 3 3 6 101
4 3 19 2 9 1 49
4 3 19 1 4 7 82
4 3 19 0 10 2 132
4 3 18 10 3 0 167
4 3 18 8 4 1 56
4 3 18 6 5 2 43
4 3 18 5 0 8 98
4 3 18 4 6 3 84
4 3 18 3 1 9 35
4 3 18 2 7 4 102
4 3 18 1 2 10 176
4 3 17 12 0 2 58
4 3 17 10 1 3 126
4 3 17 8 2 4 100
4 3 17 6 3 5 62
4 3 17 5 9 0 155
4 3 17 4 4 6 102
4 3 17 3 10 1 123
4 3 17 2 5 7 123
4 3 17 1 11 2 14
4 3 17 1 0 13 102
4 3 17 0 6 8 164
4 3 16 11 4 0 81
4 3 16 9 5 1 58
4 3 16 8 0 7 76
4 3 16 7 6 2 128
4 3 16 6 1 8 172
4 3 16 5 7 3 198
4 3 16 4 2 9 133
4 3 16 3 8 4 111
4 3 16 2 3 10 180
4 3 16 1 9 5 39
4 3 16 0 15 0 92
4 3 16 0 4 11 126
4 3 15 15 0 1 139
4 3 15 13 1 2 70
4 3 15 11 2 3 46
4 3 15 9 3 4 166
4 3 15 7 4 5 125
4 3 15 6 10 0 27
4 3 15 5 5 6 97
4 3 15 4 11 1 6
4 3 15 4 0 12 138
4 3 15 3 6 7 180
4 3 15 2 12 2 107
4 3 15 2 1 13 108
4 3 15 1 7 8 102
4 3 15 0 13 3 39
4 3 15 0 2 14 32
4 3 14 12 5 0 187
4 3 14 11 0 6 141
4 3 14 10 6 1 1
4 3 14 9 1 7 107
4 3 14 8 7 2 147
4 3 14 7 2 8 33
4 3 14 6 8 3 136
4 3 14 5 3 9 71
4 3 14 4 9 4 129
4 3 14 3 4 10 38
4 3 14 2 10 5 81
4 3 14 1 16 0 68
4 3 14 1 5 11 52
4 3 14 0 11 6 107
4 3 14 0 0 17 66
4 3 13 18 0 0 118
4 3 13 16 1 1 84
4 3 13 14 2 2 198
4 3 13 12 3 3 124
4 3 13 10 4 4 164
4 3 13 8 5 5 26
4 3 13 7 11 0 23
4 3 13 7 0 11 97
4 3 13 6 6 6 185
4 3 13 5 12 1 126
4 3 13 5 1 12 169
4 3 13 4 7 7 171
4 3 13 3 13 2 18
4 3 13 3 2 13 17
4 3 13 2 8 8 124
4 3 13 1 14 3 152
4 3 13 1 3 14 93
4 3 13 0 9 9 142
4 3 12 14 0 5 48
4 3 12 13 6 0 38
4 3 12 12 1 6 193
4 3 12 11 7 1 198
4 3 12 10 2 7 19
4 3 12 9 8 2 134
4 3 12 8 3 8 126
4 3 12 7 9 3 142
4 3 12 6 4 9 23
4 3 12 5 10 4 142
4 3 12 4 5 10 100
4 3 12 3 11 5 76
4 3 12 3 0 16 82
4 3 12 2 17 0 73
4 3 12 2 6 11 96
4 3 12 1 12 6 104
4 3 12 1 1 17 184
4 3 12 0 18 1 26
4 3 12 0 7 12 70
4 3 11 19 1 0 2
4 3 11 17 2 1 117
4 3 11 15 3 2 18
4 3 11 13 4 3 195
4 3 11 11 5 4 189
4 3 11 10 0 10 148
4 3 11 9 6 5 73
4 3 11 8 12 0 1
4 3 11 8 1 11 189
4 3 11 7 7 6 183
4 3 11 6 13 1 180
4 3 11 6 2 12 40
4 3 11 5 8 7 196
4 3 11 4 14 2 33
4 3 11 4 3 13 83
4 3 11 3 9 8 102
4 3 11 2 15 3 196
4 3 11 2 4 14 186
4 3 11 1 10 9 180
4 3 11 0 16 4 13
4 3 11 0 5 15 167
4 3 10 17 0 4 168
4 3 10 15 1 5 115
4 3 10 14 7 0 134
4 3 10 13 2 6 46
4 3 10 12 8 1 164
4 3 10 11 3 7 122
4 3 10 10 9 2 172
4 3 10 9 4 8 170
4 3 10 8 10 3 16
4 3 10 7 5 9 85
4 3 10 6 11 4 172
4 3 10 6 0 15 67
4 3 10 5 6 10 73
4 3 10 4 12 5 40
4 3 10 4 1 16 117
4 3 10 3 18 0 10
4 3 10 3 7 11 73
4 3 10 2 13 6 143
4 3 10 2 2 17 154
4 3 10 1 19 1 55
4 3 10 1 8 12 87
4 3 10 0 14 7 93
4 3 10 0 3 18 61
4 3 9 20 2 0 55
4 3 9 18 3 1 49
4 3 9 16 4 2 107
4 3 9 14 5 3 146
4 3 9 13 0 9 12
4 3 9 12 6 4 21
4 3 9 11 1 10 3
4 3 9 10 7 5 162
4 3 9 9 13 0 123
4 3 9 9 2 11 125
4 3 9 8 8 6 22
4 3 9 7 14 1 39
4 3 9 7 3 12 198
4 3 9 6 9 7 109
4 3 9 5 15 2 158
4 3 9 5 4 13 114
4 3 9 4 10 8 165
4 3 9 3 16 3 172
4 3 9 3 5 14 78
4 3 9 2 11 9 173
4 3 9 2 0 20 182
4 3 9 1 17 4 163
4 3 9 1 6 15 148
4 3 9 0 12 10 111
4 3 9 0 1 21 81
4 3 8 20 0 3 125
4 3 8 18 1 4 83
4 3 8 16 2 5 138
4 3 8 15 8 0 88
4 3 8 14 3 6 150
4 3 8 13 9 1 117
4 3 8 12 4 7 41
4 3 8 11 10 2 50
4 3 8 10 5 8 75
4 3 8 9 11 3 170
4 3 8 9 0 14 194
4 3 8 8 6 9 177
4 3 8 7 12 4 106
4 3 8 7 1 15 44
4 3 8 6 7 10 30
4 3 8 5 13 5 34
4 3 8 5 2 16 158
4 3 8 4 19 0 144
4 3 8 4 8 11 112
4 3 8 3 14 6 71
4 3 8 3 3 17 32
4 3 8 2 20 1 152
4 3 8 2 9 12 127
4 3 8 1 15 7 54
4 3 8 1 4 18 149
4 3 8 0 21 2 101
4 3 8 0 10 13 148
4 3 7 21 3 0 11
4 3 7 19 4 1 4
4 3 7 17 5 2 133
4 3 7 16 0 8 130
4 3 7 15 6 3 67
4 3 7 14 1 9 33
4 3 7 13 7 4 189
4 3 7 12 2 10 155
4 3 7 11 8 5 93
4 3 7 10 14 0 10
4 3 7 10 3 11 41
4 3 7 9 9 6 5
4 3 7 8 15 1 22
4 3 7 8 4 12 110
4 3 7 7 10 7 48
4 3 7 6 16 2 33
4 3 7 6 5 13 85
4 3 7 5 11 8 25
4 3 7 5 0 19 184
4 3 7 4 17 3 177
4 3 7 4 6 14 20
4 3 7 3 12 9 144
4 3 7 3 1 20 103
4 3 7 2 18 4 139
4 3 7 2 7 15 93
4 3 7 1 13 10 79
4 3 7 1 2 21 15
4 3 7 0 19 5 109
4 3 7 0 8 16 186
4 3 6 23 0 2 135
4 3 6 21 1 3 6
4 3 6 19 2 4 77
4 3 6 17 3 5 29
4 3 6 16 9 0 185
4 3 6 15 4 6 71
4 3 6 14 10 1 3
4 3 6 13 5 7 187
4 3 6 12 11 2 143
4 3 6 12 0 13 43
4 3 6 11 6 8 66
4 3 6 10 12 3 145
4 3 6 10 1 14 121
4 3 6 9 7 9 165
4 3 6 8 13 4 55
4 3 6 8 2 15 121
4 3 6 7 8 10 146
4 3 6 6 14 5 187
4 3 6 6 3 16 101
4 3 6 5 20 0 42
4 3 6 5 9 11 33
4 3 6 4 15 6 31
4 3 6 4 4 17 96
4 3 6 3 21 1 144
4 3 6 3 10 12 114
4 3 6 2 16 7 194
4 3 6 2 5 18 100
4 3 6 1 22 2 134
4 3 6 1 11 13 133
4 3 6 1 0 24 184
4 3 6 0 17 8 73
4 3 6 0 6 19 163
4 3 5 22 4 0 12
4 3 5 20 5 1 136
4 3 5 19 0 7 3
4 3 5 18 6 2 50
4 3 5 17 1 8 22
4 3 5 16 7 3 157
4 3 5 15 2 9 195
4 3 5 14 8 4 66
4 3 5 13 3 10 158
4 3 5 12 9 5 151
4 3 5 11 15 0 93
4 3 5 11 4 11 144
4 3 5 10 10 6 76
4 3 5 9 16 1 10
4 3 5 9 5 12 25
4 3 5 8 11 7 120
4 3 5 8 0 18 22
4 3 5 7 17 2 85
4 3 5 7 6 13 2
4 3 5 6 12 8 196
4 3 5 5 18 3 146
4 3 5 5 7 14 92
4 3 5 4 13 9 44
4 3 5 4 2 20 136
4 3 5 3 19 4 191
4 3 5 3 8 15 140
4 3 5 2 14 10 84
4 3 5 2 3 21 22
4 3 5 1 20 5 84
4 3 5 1 9 16 141
4 3 5 0 26 0 194
4 3 5 0 15 11 60
4 3 5 0 4 22 118
4 3 4 26 0 1 39
4 3 4 24 1 2 116
4 3 4 22 2 3 123
4 3 4 20 3 4 138
4 3 4 18 4 5 123
4 3 4 17 10 0 40
4 3 4 16 5 6 33
4 3 4 15 11 1 49
4 3 4 15 0 12 192
4 3 4 14 6 7 25
4 3 4 13 12 2 118
4 3 4 13 1 13 189
4 3 4 12 7 8 184
4 3 4 11 13 3 135
4 3 4 11 2 14 6
4 3 4 10 8 9 70
4 3 4 9 14 4 9
4 3 4 9 3 15 181
4 3 4 8 9 10 34
4 3 4 7 15 5 119
4 3 4 7 4 16 73
4 3 4 6 21 0 17
4 3 4 6 10 11 66
4 3 4 5 16 6 7
4 3 4 5 5 17 153
4 3 4 4 22 1 195
4 3 4 4 11 12 88
4 3 4 4 0 23 10
4 3 4 3 17 7 190
4 3 4 3 6 18 93
4 3 4 2 23 2 59
4 3 4 2 12 13 26
4 3 4 2 1 24 117
4 3 4 1 18 8 155
4 3 4 1 7 19 63
4 3 4 0 24 3 196
4 3 4 0 13 14 170
4 3 4 0 2 25 136
4 3 3 23 5 0 109
4 3 3 22 0 6 58
4 3 3 21 6 1 24
4 3 3 20 1 7 196
4 3 3 19 7 2 13
4 3 3 18 2 8 198
4 3 3 17 8 3 153
4 3 3 16 3 9 97
4 3 3 15 9 4 104
4 3 3 14 4 10 95
4 3 3 13 10 5 47
4 3 3 12 16 0 102
4 3 3 12 5 11 193
4 3 3 11 11 6 164
4 3 3 11 0 17 112
4 3 3 10 17 1 95
4 3 3 10 6 12 172
4 3 3 9 12 7 115
4 3 3 9 1 18 149
4 3 3 8 18 2 121
4 3 3 8 7 13 26
4 3 3 7 13 8 151
4 3 3 7 2 19 53
4 3 3 6 19 3 162
4 3 3 6 8 14 48
4 3 3 5 14 9 28
4 3 3 5 3 20 156
4 3 3 4 20 4 82
4 3 3 4 9 15 10
4 3 3 3 15 10 31
4 3 3 3 4 21 38
4 3 3 2 21 5 147
4 3 3 2 10 16 172
4 3 3 1 27 0 65
4 3 3 1 16 11 8
4 3 3 1 5 22 116
4 3 3 0 22 6 138
4 3 3 0 11 17 27
4 3 3 0 0 28 176
4 3 2 29 0 0 170
4 3 2 27 1 1 67
4 3 2 25 2 2 66
4 3 2 23 3 3 151
4 3 2 21 4 4 11
4 3 2 19 5 5 103
4 3 2 18 11 0 73
4 3 2 18 0 11 62
4 3 2 17 6 6 105
4 3 2 16 12 1 149
4 3 2 16 1 12 129
4 3 2 15 7 7 128
4 3 2 14 13 2 144
4 3 2 14 2 13 99
4 3 2 13 8 8 130
4 3 2 12 14 3 6
4 3 2 12 3 14 172
4 3 2 11 9 9 56
4 3 2 10 15 4 60
4 3 2 10 4 15 47
4 3 2 9 10 10 140
4 3 2 8 16 5 12
4 3 2 8 5 16 188
4 3 2 7 22 0 111
4 3 2 7 11 11 26
4 3 2 7 0 22 93
4 3 2 6 17 6 39
4 3 2 6 6 17 103
4 3 2 5 23 1 102
4 3 2 5 12 12 14
4 3 2 5 1 23 36
4 3 2 4 18 7 164
4 3 2 4 7 18 161
4 3 2 3 24 2 84
4 3 2 3 13 13 159
4 3 2 3 2 24 118
4 3 2 2 19 8 175
4 3 2 2 8 19 168
4 3 2 1 25 3 59
4 3 2 1 14 14 170
4 3 2 1 3 25 13
4 3 2 0 20 9 29
4 3 2 0 9 20 8
4 3 1 25 0 5 57
4 3 1 24 6 0 96
4 3 1 23 1 6 128
4 3 1 22 7 1 3
4 3 1 21 2 7 172
4 3 1 20 8 2 30
4 3 1 19 3 8 102
4 3 1 18 9 3 93
4 3 1 17 4 9 129
4 3 1 16 10 4 1
4 3 1 15 5 10 68
4 3 1 14 11 5 132
4 3 1 14 0 16 129
4 3 1 13 17 0 136
4 3 1 13 6 11 165
4 3 1 12 12 6 185
4 3 1 12 1 17 9
4 3 1 11 18 1 61
4 3 1 11 7 12 153
4 3 1 10 13 7 12
4 3 1 10 2 18 2
4 3 1 9 19 2 28
4 3 1 9 8 13 130
4 3 1 8 14 8 88
4 3 1 8 3 19 18
4 3 1 7 20 3 158
4 3 1 7 9 14 88
4 3 1 6 15 9 103
4 3 1 6 4 20 130
4 3 1 5 21 4 51
4 3 1 5 10 15 121
4 3 1 4 16 10 77
4 3 1 4 5 21 50
4 3 1 3 22 5 51
4 3 1 3 11 16 31
4 3 1 3 0 27 136
4 3 1 2 28 0 21
4 3 1 2 17 11 177
4 3 1 2 6 22 196
4 3 1 1 23 6 50
4 3 1 1 12 17 197
4 3 1 1 1 28 151
4 3 1 0 29 1 7
4 3 1 0 18 12 114
4 3 1 0 7 23 52
4 3 0 30 1 0 187
4 3 0 28 2 1 120
4 3 0 26 3 2 173
4 3 0 24 4 3 106
4 3 0 22 5 4 20
4 3 0 21 0 10 35
4 3 0 20 6 5 194
4 3 0 19 12 0 129
4 3 0 19 1 11 14
4 3 0 18 7 6 20
4 3 0 17 13 1 101
4 3 0 17 2 12 2
4 3 0 16 8 7 48
4 3 0 15 14 2 62
4 3 0 15 3 13 115
4 3 0 14 9 8 10
4 3 0 13 15 3 145
4 3 0 13 4 14 78
4 3 0 12 10 9 106
4 3 0 11 16 4 91
4 3 0 10 11 10 189
4 3 0 10 0 21 85
4 3 0 9 17 5 176
4 3 0 9 6 16 58
4 3 0 8 23 0 8
4 3 0 8 12 11 188
4 3 0 8 1 22 166
4 3 0 7 18 6 18
4 3 0 7 7 17 69
4 3 0 6 24 1 158
4 3 0 6 13 12 122
4 3 0 6 2 23 83
4 3 0 5 19 7 166
4 3 0 5 8 18 44
4 3 0 4 25 2 110
4 3 0 4 14 13 160
4 3 0 4 3 24 170
4 3 0 3 20 8 148
4 3 0 3 9 19 62
4 3 0 2 26 3 141
4 3 0 2 15 14 177
4 3 0 2 4 25 145
4 3 0 1 21 9 96
4 3 0 1 10 20 49
4 3 0 0 27 4 168
4 3 0 0 16 15 153
4 3 0 0 5 26 112
4 2 30 2 0 0 52
4 2 30 0 1 1 97
4 2 28 3 1 0 124
4 2 28 1 2 1 45
4 2 27 1 0 4 195
4 2 26 4 2 0 101
4 2 26 2 3 1 181
4 2 26 0 4 2 15
4 2 25 4 0 3 179
4 2 25 2 1 4 86
4 2 25 0 2 5 144
4 2 24 5 3 0 94
4 2 24 3 4 1 183
4 2 24 1 5 2 112
4 2 24 0 0 8 109
4 2 23 7 0 2 35
4 2 23 5 1 3 106
4 2 23 3 2 4 139
4 2 23 1 3 5 53
4 2 23 0 9 0 164
4 2 22 6 4 0 163
4 2 22 4 5 1 76
4 2 22 3 0 7 190
4 2 22 2 6 2 74
4 2 22 1 1 8 128
4 2 22 0 7 3 187
4 2 21 10 0 1 135
4 2 21 8 1 2 163
4 2 21 6 2 3 47
4 2 21 4 3 4 177
4 2 21 2 4 5 89
4 2 21 1 10 0 171
4 2 21 0 5 6 175
4 2 20 7 5 0 47
4 2 20 6 0 6 125
4 2 20 5 6 1 27
4 2 20 4 1 7 141
4 2 20 3 7 2 73
4 2 20 2 2 8 130
4 2 20 1 8 3 146
4 2 20 0 3 9 115
4 2 19 13 0 0 84
4 2 19 11 1 1 86
4 2 19 9 2 2 9
4 2 19 7 3 3 54
4 2 19 5 4 4 190
4 2 19 3 5 5 36
4 2 19 2 11 0 66
4 2 19 2 0 11 44
4 2 19 1 6 6 101
4 2 19 0 12 1 159
4 2 19 0 1 12 7
4 2 18 9 0 5 52
4 2 18 8 6 0 2
4 2 18 7 1 6 41
4 2 18 6 7 1 65
4 2 18 5 2 7 16
4 2 18 4 8 2 124
4 2 18 3 3 8 54
4 2 18 2 9 3 185
4 2 18 1 4 9 61
4 2 18 0 10 4 133
4 2 17 14 1 0 68
4 2 17 12 2 1 54
4 2 17 10 3 2 140
4 2 17 8 4 3 44
4 2 17 6 5 4 46
4 2 17 5 0 10 133
4 2 17 4 6 5 37
4 2 17 3 12 0 112
4 2 17 3 1 11 65
4 2 17 2 7 6 117
4 2 17 1 13 1 166
4 2 17 1 2 12 126
4 2 17 0 8 7 191
4 2 16 12 0 4 156
4 2 16 10 1 5 23
4 2 16 9 7 0 67
4 2 16 8 2 6 12
4 2 16 7 8 1 96
4 2 16 6 3 7 138
4 2 16 5 9 2 141
4 2 16 4 4 8 29
4 2 16 3 10 3 31
4 2 16 2 5 9 119
4 2 16 1 11 4 154
4 2 16 1 0 15 65
4 2 16 0 6 10 176
4 2 15 15 2 0 97
4 2 15 13 3 1 56
4 2 15 11 4 2 65
4 2 15 9 5 3 26
4 2 15 8 0 9 76
4 2 15 7 6 4 77
4 2 15 6 1 10 126
4 2 15 5 7 5 122
4 2 15 4 13 0 124
4 2 15 4 2 11 177
4 2 15 3 8 6 168
4 2 15 2 14 1 87
4 2 15 2 3 12 191
4 2 15 1 9 7 12
4 2 15 0 15 2 6
4 2 15 0 4 13 102
4 2 14 15 0 3 144
4 2 14 13 1 4 142
4 2 14 11 2 5 178
4 2 14 10 8 0 77
4 2 14 9 3 6 9
4 2 14 8 9 1 147
4 2 14 7 4 7 60
4 2 14 6 10 2 156
4 2 14 5 5 8 135
4 2 14 4 11 3 158
4 2 14 4 0 14 56
4 2 14 3 6 9 127
4 2 14 2 12 4 167
4 2 14 2 1 15 4
4 2 14 1 7 10 144
4 2 14 0 13 5 146
4 2 14 0 2 16 156
4 2 13 16 3 0 190
4 2 13 14 4 1 98
4 2 13 12 5 2 126
4 2 13 11 0 8 106
4 2 13 10 6 3 91
4 2 13 9 1 9 56
4 2 13 8 7 4 22
4 2 13 7 2 10 40
4 2 13 6 8 5 46
4 2 13 5 14 0 163
4 2 13 5 3 11 61
4 2 13 4 9 6 64
4 2 13 3 15 1 192
4 2 13 3 4 12 80
4 2 13 2 10 7 50
4 2 13 1 16 2 55
4 2 13 1 5 13 52
4 2 13 0 11 8 149
4 2 13 0 0 19 45
4 2 12 18 0 2 61
4 2 12 16 1 3 164
4 2 12 14 2 4 66
4 2 12 12 3 5 7
4 2 12 11 9 0 35
4 2 12 10 4 6 9
4 2 12 9 10 1 85
4 2 12 8 5 7 10
4 2 12 7 11 2 76
4 2 12 7 0 13 24
4 2 12 6 6 8 53
4 2 12 5 12 3 100
4 2 12 5 1 14 155
4 2 12 4 7 9 152
4 2 12 3 13 4 127
4 2 12 3 2 15 157
4 2 12 2 8 10 183
4 2 12 1 14 5 20
4 2 12 1 3 16 161
4 2 12 0 20 0 94
4 2 12 0 9 11 167
4 2 11 17 4 0 98
4 2 11 15 5 1 46
4 2 11 14 0 7 160
4 2 11 13 6 2 157
4 2 11 12 1 8 8
4 2 11 11 7 3 113
4 2 11 10 2 9 130
4 2 11 9 8 4 94
4 2 11 8 3 10 18
4 2 11 7 9 5 181
4 2 11 6 15 0 37
4 2 11 5 10 6 19
4 2 11 4 16 1 90
4 2 11 4 5 12 15
4 2 11 3 11 7 76
4 2 11 3 0 18 144
4 2 11 2 17 2 93
4 2 11 2 6 13 109
4 2 11 1 12 8 141
4 2 11 1 1 19 60
4 2 11 0 18 3 99
4 2 11 0 7 14 62
4 2 10 21 0 1 187
4 2 10 19 1 2 42
4 2 10 17 2 3 188
4 2 10 15 3 4 12
4 2 10 13 4 5 104
4 2 10 12 10 0 30
4 2 10 11 5 6 188
4 2 10 10 11 1 179
4 2 10 10 0 12 117
4 2 10 9 6 7 16
4 2 10 8 12 2 82
4 2 10 8 1 13 57
4 2 10 7 7 8 94
4 2 10 6 13 3 34
4 2 10 6 2 14 92
4 2 10 5 8 9 89
4 2 10 4 14 4 119
4 2 10 4 3 15 7
4 2 10 3 9 10 176
4 2 10 2 15 5 168
4 2 10 2 4 16 103
4 2 10 1 21 0 100
4 2 10 1 10 11 93
4 2 10 0 16 6 189
4 2 10 0 5 17 65
4 2 9 18 5 0 94
4 2 9 17 0 6 70
4 2 9 16 6 1 15
4 2 9 15 1 7 174
4 2 9 14 7 2 95
4 2 9 13 2 8 115
4 2 9 12 8 3 20
4 2 9 11 3 9 190
4 2 9 10 9 4 9
4 2 9 9 4 10 192
4 2 9 8 10 5 93
4 2 9 7 16 0 113
4 2 9 7 5 11 70
4 2 9 6 11 6 49
4 2 9 6 0 17 10
4 2 9 5 17 1 98
4 2 9 5 6 12 82
4 2 9 4 12 7 168
4 2 9 4 1 18 13
4 2 9 3 18 2 64
4 2 9 3 7 13 2
4 2 9 2 13 8 25
4 2 9 2 2 19 85
4 2 9 1 19 3 18
4 2 9 1 8 14 25
4 2 9 0 14 9 99
4 2 9 0 3 20 196
4 2 8 24 0 0 172
4 2 8 22 1 1 87
4 2 8 20 2 2 28
4 2 8 18 3 3 63
4 2 8 16 4 4 18
4 2 8 14 5 5 63
4 2 8 13 11 0 110
4 2 8 13 0 11 46
4 2 8 12 6 6 153
4 2 8 11 12 1 34
4 2 8 11 1 12 61
4 2 8 10 7 7 45
4 2 8 9 13 2 121
4 2 8 9 2 13 74
4 2 8 8 8 8 20
4 2 8 7 14 3 41
4 2 8 7 3 14 39
4 2 8 6 9 9 186
4 2 8 5 15 4 134
4 2 8 5 4 15 159
4 2 8 4 10 10 71
4 2 8 3 16 5 97
4 2 8 3 5 16 69
4 2 8 2 22 0 148
4 2 8 2 11 11 85
4 2 8 2 0 22 105
4 2 8 1 17 6 190
4 2 8 1 6 17 130
4 2 8 0 23 1 88
4 2 8 0 12 12 110
4 2 8 0 1 23 45
4 2 7 20 0 5 151
4 2 7 19 6 0 98
4 2 7 18 1 6 78
4 2 7 17 7 1 156
4 2 7 16 2 7 110
4 2 7 15 8 2 70
4 2 7 14 3 8 191
4 2 7 13 9 3 155
4 2 7 12 4 9 142
4 2 7 11 10 4 13
4 2 7 10 5 10 180
4 2 7 9 11 5 191
4 2 7 9 0 16 113
4 2 7 8 17 0 120
4 2 7 8 6 11 139
4 2 7 7 12 6 137
4 2 7 7 1 17 164
4 2 7 6 18 1 111
4 2 7 6 7 12 11
4 2 7 5 13 7 99
4 2 7 5 2 18 38
4 2 7 4 19 2 21
4 2 7 4 8 13 55
4 2 7 3 14 8 138
4 2 7 3 3 19 30
4 2 7 2 20 3 154
4 2 7 2 9 14 150
4 2 7 1 15 9 141
4 2 7 1 4 20 159
4 2 7 0 21 4 148
4 2 7 0 10 15 186
4 2 6 25 1 0 34
4 2 6 23 2 1 61
4 2 6 21 3 2 152
4 2 6 19 4 3 16
4 2 6 17 5 4 88
4 2 6 16 0 10 117
4 2 6 15 6 5 96
4 2 6 14 12 0 63
4 2 6 14 1 11 195
4 2 6 13 7 6 66
4 2 6 12 13 1 181
4 2 6 12 2 12 108
4 2 6 11 8 7 21
4 2 6 10 14 2 5
4 2 6 10 3 13 171
4 2 6 9 9 8 107
4 2 6 8 15 3 147
4 2 6 8 4 14 69
4 2 6 7 10 9 177
4 2 6 6 16 4 15
4 2 6 6 5 15 134
4 2 6 5 11 10 95
4 2 6 5 0 21 52
4 2 6 4 17 5 47
4 2 6 4 6 16 68
4 2 6 3 23 0 89
4 2 6 3 12 11 88
4 2 6 3 1 22 1
4 2 6 2 18 6 150
4 2 6 2 7 17 11
4 2 6 1 24 1 93
4 2 6 1 13 12 33
4 2 6 1 2 23 124
4 2 6 0 19 7 58
4 2 6 0 8 18 135
4 2 5 21 1 5 9
4 2 5 20 7 0 183
4 2 5 19 2 6 125
4 2 5 18 8 1 163
4 2 5 17 3 7 180
4 2 5 16 9 2 19
4 2 5 15 4 8 4
4 2 5 14 10 3 47
4 2 5 13 5 9 126
4 2 5 12 11 4 128
4 2 5 12 0 15 173
4 2 5 11 6 10 129
4 2 5 10 12 5 75
4 2 5 10 1 16 127
4 2 5 9 18 0 120
4 2 5 9 7 11 139
4 2 5 8 13 6 191
4 2 5 8 2 17 123
4 2 5 7 19 1 34
4 2 5 7 8 12 162
4 2 5 6 14 7 98
4 2 5 6 3 18 164
4 2 5 5 20 2 150
4 2 5 5 9 13 142
4 2 5 4 15 8 160
4 2 5 4 4 19 43
4 2 5 3 21 3 24
4 2 5 3 10 14 159
4 2 5 2 16 9 190
4 2 5 2 5 20 193
4 2 5 1 22 4 47
4 2 5 1 11 15 12
4 2 5 1 0 26 71
4 2 5 0 17 10 45
4 2 5 0 6 21 29
4 2 4 26 2 0 172
4 2 4 24 3 1 118
4 2 4 22 4 2 58
4 2 4 20 5 3 8
4 2 4 19 0 9 27
4 2 4 18 6 4 109
4 2 4 17 1 10 42
4 2 4 16 7 5 99
4 2 4 15 13 0 164
4 2 4 15 2 11 67
4 2 4 14 8 6 44
4 2 4 13 14 1 142
4 2 4 13 3 12 126
4 2 4 12 9 7 110
4 2 4 11 15 2 49
4 2 4 11 4 13 86
4 2 4 10 10 8 92
4 2 4 9 16 3 54
4 2 4 9 5 14 33
4 2 4 8 11 9 138
4 2 4 8 0 20 135
4 2 4 7 17 4 104
4 2 4 7 6 15 47
4 2 4 6 12 10 47
4 2 4 6 1 21 19
4 2 4 5 18 5 43
4 2 4 5 7 16 182
4 2 4 4 24 0 62
4 2 4 4 13 11 138
4 2 4 4 2 22 197
4 2 4 3 19 6 176
4 2 4 3 8 17 78
4 2 4 2 25 1 14
4 2 4 2 14 12 24
4 2 4 2 3 23 158
4 2 4 1 20 7 130
4 2 4 1 9 18 105
4 2 4 0 26 2 41
4 2 4 0 15 13 92
4 2 4 0 4 24 173
4 2 3 26 0 3 21
4 2 3 24 1 4 47
4 2 3 22 2 5 132
4 2 3 21 8 0 3
4 2 3 20 3 6 81
4 2 3 19 9 1 36
4 2 3 18 4 7 132
4 2 3 17 10 2 165
4 2 3 16 5 8 2
4 2 3 15 11 3 125
4 2 3 15 0 14 125
4 2 3 14 6 9 23
4 2 3 13 12 4 9
4 2 3 13 1 15 140
4 2 3 12 7 10 32
4 2 3 11 2 16 85
4 2 3 10 19 0 175
4 2 3 10 8 11 138
4 2 3 9 14 6 112
4 2 3 9 3 17 195
4 2 3 8 20 1 61
4 2 3 8 9 12 95
4 2 3 7 15 7 10
4 2 3 7 4 18 26
4 2 3 6 21 2 93
4 2 3 6 10 13 151
4 2 3 5 16 8 130
4 2 3 5 5 19 45
4 2 3 4 22 3 27
4 2 3 4 11 14 146
4 2 3 4 0 25 5
4 2 3 3 17 9 97
4 2 3 3 6 20 2
4 2 3 2 23 4 62
4 2 3 2 12 15 63
4 2 3 2 1 26 41
4 2 3 1 18 10 23
4 2 3 1 7 21 169
4 2 3 0 24 5 161
4 2 3 0 13 16 119
4 2 3 0 2 27 65
4 2 2 27 3 0 86
4 2 2 25 4 1 184
4 2 2 23 5 2 63
4 2 2 22 0 8 176
4 2 2 21 6 3 99
4 2 2 20 1 9 77
4 2 2 19 7 4 146
4 2 2 18 2 10 62
4 2 2 17 8 5 65
4 2 2 16 14 0 168
4 2 2 16 3 11 148
4 2 2 15 9 6 135
4 2 2 14 15 1 106
4 2 2 14 4 12 116
4 2 2 13 10 7 183
4 2 2 12 16 2 166
4 2 2 12 5 13 20
4 2 2 11 11 8 134
4 2 2 11 0 19 62
4 2 2 10 17 3 41
4 2 2 10 6 14 72
4 2 2 9 12 9 193
4 2 2 9 1 20 151
4 2 2 8 18 4 68
4 2 2 8 7 15 74
4 2 2 7 13 10 153
4 2 2 7 2 21 78
4 2 2 6 19 5 31
4 2 2 6 8 16 174
4 2 2 5 25 0 188
4 2 2 5 14 11 72
4 2 2 5 3 22 131
4 2 2 4 20 6 33
4 2 2 4 9 17 135
4 2 2 3 26 1 71
4 2 2 3 15 12 91
4 2 2 3 4 23 92
4 2 2 2 21 7 109
4 2 2 2 10 18 155
4 2 2 1 27 2 86
4 2 2 1 16 13 164
4 2 2 1 5 24 7
4 2 2 0 22 8 59
4 2 2 0 11 19 14
4 2 2 0 0 30 21
4 2 1 29 0 2 105
4 2 1 27 1 3 166
4 2 1 25 2 4 146
4 2 1 23 3 5 174
4 2 1 22 9 0 29
4 2 1 21 4 6 53
4 2 1 20 10 1 86
4 2 1 19 5 7 94
4 2 1 18 11 2 132
4 2 1 18 0 13 176
4 2 1 17 6 8 97
4 2 1 16 12 3 30
4 2 1 16 1 14 152
4 2 1 15 7 9 47
4 2 1 14 13 4 20
4 2 1 14 2 15 65
4 2 1 13 8 10 118
4 2 1 12 14 5 129
4 2 1 12 3 16 6
4 2 1 11 20 0 93
4 2 1 11 9 11 188
4 2 1 10 15 6 138
4 2 1 10 4 17 67
4 2 1 9 21 1 52
4 2 1 9 10 12 174
4 2 1 8 16 7 29
4 2 1 8 5 18 96
4 2 1 7 22 2 125
4 2 1 7 11 13 117
4 2 1 6 17 8 46
4 2 1 6 6 19 31
4 2 1 5 23 3 192
4 2 1 5 12 14 38
4 2 1 5 1 25 144
4 2 1 4 18 9 162
4 2 1 4 7 20 26
4 2 1 3 24 4 176
4 2 1 3 13 15 180
4 2 1 3 2 26 5
4 2 1 2 19 10 184
4 2 1 2 8 21 184
4 2 1 1 25 5 162
4 2 1 1 14 16 43
4 2 1 1 3 27 87
4 2 1 0 31 0 42
4 2 1 0 20 11 71
4 2 1 0 9 22 82
4 2 0 28 4 0 162
4 2 0 26 5 1 13
4 2 0 25 0 7 10
4 2 0 24 6 2 194
4 2 0 23 1 8 90
4 2 0 22 7 3 63
4 2 0 21 2 9 157
4 2 0 20 8 4 16
4 2 0 19 3 10 73
4 2 0 18 9 5 161
4 2 0 17 15 0 47
4 2 0 17 4 11 100
4 2 0 16 10 6 191
4 2 0 15 16 1 158
4 2 0 15 5 12 18
4 2 0 14 11 7 142
4 2 0 14 0 18 198
4 2 0 13 17 2 89
4 2 0 13 6 13 84
4 2 0 12 12 8 188
4 2 0 12 1 19 176
4 2 0 11 18 3 115
4 2 0 11 7 14 155
4 2 0 10 13 9 112
4 2 0 10 2 20 121
4 2 0 9 19 4 175
4 2 0 9 8 15 176
4 2 0 8 14 10 26
4 2 0 8 3 21 10
4 2 0 7 20 5 26
4 2 0 7 9 16 188
4 2 0 6 26 0 169
4 2 0 6 15 11 108
4 2 0 6 4 22 121
4 2 0 5 21 6 145
4 2 0 5 10 17 43
4 2 0 4 27 1 55
4 2 0 4 16 12 12
4 2 0 4 5 23 92
4 2 0 3 22 7 17
4 2 0 3 11 18 171
4 2 0 3 0 29 118
4 2 0 2 28 2 93
4 2 0 2 17 13 83
4 2 0 2 6 24 171
4 2 0 1 23 8 155
4 2 0 1 12 19 34
4 2 0 0 29 3 106
4 2 0 0 18 14 108
4 2 0 0 7 25 2
4 1 30 0 3 0 125
4 1 29 2 0 2 172
4 1 29 0 1 3 63
4 1 28 1 4 0 42
4 1 27 5 0 1 52
4 1 27 3 1 2 120
4 1 27 1 2 3 92
4 1 26 2 5 0 127
4 1 26 1 0 6 73
4 1 26 0 6 1 144
4 1 25 8 0 0 48
4 1 25 6 1 1 134
4 1 25 4 2 2 153
4 1 25 2 3 3 148
4 1 25 0 4 4 5
4 1 24 4 0 5 171
4 1 24 3 6 0 160
4 1 24 1 7 1 104
4 1 24 0 2 7 22
4 1 23 9 1 0 9
4 1 23 7 2 1 122
4 1 23 5 3 2 171
4 1 23 3 4 3 91
4 1 23 1 5 4 188
4 1 23 0 0 10 50
4 1 22 7 0 4 25
4 1 22 5 1 5 143
4 1 22 4 7 0 84
4 1 22 3 2 6 39
4 1 22 2 8 1 67
4 1 22 1 3 7 13
4 1 22 0 9 2 17
4 1 21 10 2 0 106
4 1 21 8 3 1 15
4 1 21 6 4 2 178
4 1 21 4 5 3 95
4 1 21 3 0 9 103
4 1 21 2 6 4 178
4 1 21 1 1 10 188
4 1 21 0 7 5 131
4 1 20 10 0 3 41
4 1 20 8 1 4 42
4 1 20 6 2 5 163
4 1 20 5 8 0 121
4 1 20 4 3 6 160
4 1 20 3 9 1 99
4 1 20 2 4 7 187
4 1 20 1 10 2 132
4 1 20 0 5 8 111
4 1 19 11 3 0 179
4 1 19 9 4 1 139
4 1 19 7 5 2 71
4 1 19 6 0 8 56
4 1 19 5 6 3 156
4 1 19 4 1 9 174
4 1 19 3 7 4 117
4 1 19 2 2 10 177
4 1 19 1 8 5 43
4 1 19 0 14 0 84
4 1 19 0 3 11 81
4 1 18 13 0 2 182
4 1 18 11 1 3 177
4 1 18 9 2 4 72
4 1 18 7 3 5 85
4 1 18 6 9 0 19
4 1 18 5 4 6 3
4 1 18 4 10 1 49
4 1 18 3 5 7 105
4 1 18 2 11 2 7
4 1 18 2 0 13 58
4 1 18 1 6 8 73
4 1 18 0 12 3 64
4 1 18 0 1 14 183
4 1 17 12 4 0 78
4 1 17 10 5 1 66
4 1 17 9 0 7 73
4 1 17 8 6 2 101
4 1 17 7 1 8 143
4 1 17 6 7 3 85
4 1 17 5 2 9 168
4 1 17 4 8 4 85
4 1 17 3 3 10 11
4 1 17 2 9 5 107
4 1 17 1 15 0 63
4 1 17 1 4 11 8
4 1 17 0 10 6 84
4 1 16 16 0 1 190
4 1 16 14 1 2 28
4 1 16 12 2 3 43
4 1 16 10 3 4 103
4 1 16 8 4 5 63
4 1 16 7 10 0 56
4 1 16 6 5 6 78
4 1 16 5 11 1 4
4 1 16 5 0 12 147
4 1 16 4 6 7 3
4 1 16 3 12 2 146
4 1 16 2 7 8 129
4 1 16 1 13 3 63
4 1 16 1 2 14 146
4 1 16 0 8 9 92
4 1 15 13 5 0 53
4 1 15 12 0 6 52
4 1 15 11 6 1 184
4 1 15 10 1 7 29
4 1 15 9 7 2 156
4 1 15 8 2 8 154
4 1 15 7 8 3 184
4 1 15 6 3 9 45
4 1 15 5 9 4 44
4 1 15 4 4 10 117
4 1 15 3 10 5 70
4 1 15 2 16 0 87
4 1 15 2 5 11 181
4 1 15 1 11 6 80
4 1 15 1 0 17 85
4 1 15 0 17 1 166
4 1 15 0 6 12 171
4 1 14 19 0 0 165
4 1 14 17 1 1 44
4 1 14 15 2 2 95
4 1 14 13 3 3 19
4 1 14 11 4 4 24
4 1 14 9 5 5 56
4 1 14 8 11 0 153
4 1 14 8 0 11 131
4 1 14 7 6 6 110
4 1 14 6 12 1 151
4 1 14 6 1 12 33
4 1 14 5 7 7 128
4 1 14 4 13 2 195
4 1 14 4 2 13 108
4 1 14 3 8 8 102
4 1 14 2 14 3 28
4 1 14 2 3 14 57
4 1 14 1 9 9 31
4 1 14 0 15 4 136
4 1 14 0 4 15 98
4 1 13 15 0 5 40
4 1 13 14 6 0 39
4 1 13 13 1 6 13
4 1 13 12 7 1 143
4 1 13 11 2 7 102
4 1 13 10 8 2 170
4 1 13 9 3 8 36
4 1 13 8 9 3 181
4 1 13 7 4 9 99
4 1 13 6 10 4 148
4 1 13 5 5 10 44
4 1 13 4 11 5 108
4 1 13 4 0 16 33
4 1 13 3 17 0 5
4 1 13 3 6 11 5
4 1 13 2 12 6 140
4 1 13 2 1 17 30
4 1 13 1 18 1 162
4 1 13 0 13 7 148
4 1 13 0 2 18 25
4 1 12 20 1 0 8
4 1 12 18 2 1 58
4 1 12 16 3 2 15
4 1 12 14 4 3 54
4 1 12 12 5 4 196
4 1 12 11 0 10 159
4 1 12 10 6 5 126
4 1 12 9 12 0 143
4 1 12 9 1 11 24
4 1 12 8 7 6 118
4 1 12 7 13 1 96
4 1 12 7 2 12 95
4 1 12 6 8 7 157
4 1 12 5 14 2 9
4 1 12 5 3 13 150
4 1 12 4 9 8 73
4 1 12 3 15 3 152
4 1 12 3 4 14 187
4 1 12 2 10 9 37
4 1 12 1 16 4 155
4 1 12 1 5 15 102
4 1 12 0 11 10 113
4 1 12 0 0 21 21
4 1 11 18 0 4 10
4 1 11 16 1 5 123
4 1 11 15 7 0 73
4 1 11 14 2 6 88
4 1 11 13 8 1 178
4 1 11 12 3 7 112
4 1 11 11 9 2 160
4 1 11 10 4 8 48
4 1 11 9 10 3 148
4 1 11 8 5 9 121
4 1 11 7 11 4 155
4 1 11 7 0 15 142
4 1 11 6 6 10 15
4 1 11 5 12 5 30
4 1 11 5 1 16 45
4 1 11 4 18 0 27
4 1 11 4 7 11 173
4 1 11 3 13 6 135
4 1 11 3 2 17 119
4 1 11 2 19 1 141
4 1 11 2 8 12 87
4 1 11 1 14 7 138
4 1 11 1 3 18 18
4 1 11 0 20 2 148
4 1 11 0 9 13 69
4 1 10 21 2 0 15
4 1 10 19 3 1 30
4 1 10 17 4 2 58
4 1 10 15 5 3 25
4 1 10 14 0 9 136
4 1 10 13 6 4 161
4 1 10 12 1 10 87
4 1 10 11 7 5 1
4 1 10 10 13 0 82
4 1 10 10 2 11 89
4 1 10 9 8 6 40
4 1 10 8 14 1 181
4 1 10 8 3 12 65
4 1 10 7 9 7 119
4 1 10 6 15 2 184
4 1 10 6 4 13 94
4 1 10 5 10 8 110
4 1 10 4 16 3 164
4 1 10 4 5 14 10
4 1 10 3 11 9 137
4 1 10 3 0 20 24
4 1 10 2 17 4 70
4 1 10 2 6 15 81
4 1 10 1 12 10 116
4 1 10 1 1 21 123
4 1 10 0 18 5 44
4 1 10 0 7 16 170
4 1 9 21 0 3 179
4 1 9 19 1 4 84
4 1 9 17 2 5 101
4 1 9 16 8 0 66
4 1 9 15 3 6 10
4 1 9 14 9 1 40
4 1 9 13 4 7 189
4 1 9 12 10 2 124
4 1 9 11 5 8 28
4 1 9 10 11 3 25
4 1 9 10 0 14 165
4 1 9 9 6 9 38
4 1 9 8 12 4 110
4 1 9 8 1 15 190
4 1 9 7 7 10 16
4 1 9 6 13 5 161
4 1 9 6 2 16 106
4 1 9 5 19 0 107
4 1 9 5 8 11 29
4 1 9 4 14 6 62
4 1 9 4 3 17 56
4 1 9 3 20 1 4
4 1 9 3 9 12 88
4 1 9 2 15 7 121
4 1 9 2 4 18 188
4 1 9 1 21 2 33
4 1 9 1 10 13 162
4 1 9 0 16 8 7
4 1 9 0 5 19 116
4 1 8 22 3 0 52
4 1 8 20 4 1 25
4 1 8 18 5 2 42
4 1 8 17 0 8 33
4 1 8 16 6 3 193
4 1 8 15 1 9 143
4 1 8 14 7 4 56
4 1 8 13 2 10 164
4 1 8 12 8 5 48
4 1 8 11 14 0 33
4 1 8 11 3 11 3
4 1 8 10 9 6 70
4 1 8 9 15 1 66
4 1 8 9 4 12 198
4 1 8 8 10 7 178
4 1 8 7 16 2 180
4 1 8 7 5 13 74
4 1 8 6 11 8 41
4 1 8 6 0 19 141
4 1 8 5 17 3 40
4 1 8 5 6 14 181
4 1 8 4 12 9 188
4 1 8 4 1 20 102
4 1 8 3 18 4 187
4 1 8 3 7 15 66
4 1 8 2 13 10 90
4 1 8 2 2 21 77
4 1 8 1 19 5 130
4 1 8 1 8 16 66
4 1 8 0 25 0 64
4 1 8 0 14 11 104
4 1 8 0 3 22 101
4 1 7 24 0 2 79
4 1 7 22 1 3 195
4 1 7 20 2 4 34
4 1 7 18 3 5 67
4 1 7 17 9 0 113
4 1 7 16 4 6 114
4 1 7 15 10 1 43
4 1 7 14 5 7 33
4 1 7 13 11 2 45
4 1 7 13 0 13 167
4 1 7 12 6 8 18
4 1 7 11 1 14 21
4 1 7 9 13 4 106
4 1 7 9 2 15 165
4 1 7 8 8 10 146
4 1 7 7 14 5 30
4 1 7 7 3 16 125
4 1 7 6 20 0 108
4 1 7 6 9 11 137
4 1 7 5 15 6 9
4 1 7 5 4 17 131
4 1 7 4 21 1 65
4 1 7 4 10 12 167
4 1 7 3 16 7 112
4 1 7 3 5 18 193
4 1 7 2 22 2 14
4 1 7 2 11 13 198
4 1 7 2 0 24 135
4 1 7 1 17 8 56
4 1 7 1 6 19 5
4 1 7 0 23 3 118
4 1 7 0 12 14 104
4 1 7 0 1 25 44
4 1 6 23 4 0 24
4 1 6 21 5 1 106
4 1 6 20 0 7 172
4 1 6 19 6 2 16
4 1 6 18 1 8 54
4 1 6 17 7 3 70
4 1 6 16 2 9 48
4 1 6 15 8 4 180
4 1 6 14 3 10 94
4 1 6 13 9 5 106
4 1 6 12 15 0 146
4 1 6 12 4 11 74
4 1 6 11 10 6 63
4 1 6 10 16 1 140
4 1 6 10 5 12 48
4 1 6 9 11 7 11
4 1 6 9 0 18 158
4 1 6 8 17 2 36
4 1 6 8 6 13 148
4 1 6 7 12 8 71
4 1 6 7 1 19 164
4 1 6 6 18 3 95
4 1 6 6 7 14 144
4 1 6 5 13 9 91
4 1 6 5 2 20 85
4 1 6 4 19 4 155
4 1 6 4 8 15 125
4 1 6 3 14 10 164
4 1 6 3 3 21 43
4 1 6 2 20 5 141
4 1 6 2 9 16 101
4 1 6 1 26 0 127
4 1 6 1 15 11 59
4 1 6 1 4 22 125
4 1 6 0 21 6 162
4 1 6 0 10 17 168
4 1 5 27 0 1 182
4 1 5 25 1 2 159
4 1 5 23 2 3 131
4 1 5 21 3 4 93
4 1 5 19 4 5 177
4 1 5 18 10 0 125
4 1 5 17 5 6 25
4 1 5 16 11 1 92
4 1 5 16 0 12 106
4 1 5 15 6 7 90
4 1 5 14 12 2 158
4 1 5 14 1 13 22
4 1 5 13 7 8 96
4 1 5 12 13 3 86
4 1 5 12 2 14 65
4 1 5 11 8 9 90
4 1 5 10 14 4 41
4 1 5 10 3 15 19
4 1 5 9 9 10 2
4 1 5 8 15 5 114
4 1 5 8 4 16 18
4 1 5 7 21 0 19
4 1 5 7 10 11 8
4 1 5 6 16 6 10
4 1 5 6 5 17 41
4 1 5 5 22 1 4
4 1 5 5 11 12 125
4 1 5 5 0 23 174
4 1 5 4 17 7 50
4 1 5 4 6 18 168
4 1 5 3 23 2 22
4 1 5 3 12 13 9
4 1 5 3 1 24 55
4 1 5 2 18 8 20
4 1 5 2 7 19 88
4 1 5 1 24 3 127
4 1 5 1 13 14 189
4 1 5 1 2 25 141
4 1 5 0 19 9 96
4 1 5 0 8 20 58
4 1 4 24 5 0 56
4 1 4 23 0 6 194
4 1 4 22 6 1 99
4 1 4 21 1 7 65
4 1 4 20 7 2 35
4 1 4 19 2 8 179
4 1 4 18 8 3 134
4 1 4 17 3 9 126
4 1 4 16 9 4 70
4 1 4 15 4 10 52
4 1 4 14 10 5 118
4 1 4 13 16 0 114
4 1 4 13 5 11 167
4 1 4 12 11 6 99
4 1 4 12 0 17 50
4 1 4 11 17 1 169
4 1 4 11 6 12 120
4 1 4 10 12 7 109
4 1 4 10 1 18 144
4 1 4 9 18 2 158
4 1 4 9 7 13 155
4 1 4 8 13 8 173
4 1 4 8 2 19 39
4 1 4 7 19 3 40
4 1 4 7 8 14 76
4 1 4 6 14 9 144
4 1 4 6 3 20 149
4 1 4 5 20 4 17
4 1 4 5 9 15 80
4 1 4 4 15 10 124
4 1 4 4 4 21 69
4 1 4 3 21 5 56
4 1 4 3 10 16 69
4 1 4 2 27 0 66
4 1 4 2 16 11 167
4 1 4 2 5 22 30
4 1 4 1 22 6 40
4 1 4 1 11 17 68
4 1 4 1 0 28 27
4 1 4 0 28 1 168
4 1 4 0 17 12 188
4 1 4 0 6 23 178
4 1 3 30 0 0 80
4 1 3 28 1 1 180
4 1 3 26 2 2 58
4 1 3 24 3 3 189
4 1 3 22 4 4 90
4 1 3 20 5 5 32
4 1 3 19 11 0 82
4 1 3 19 0 11 134
4 1 3 18 6 6 124
4 1 3 17 12 1 15
4 1 3 17 1 12 41
4 1 3 16 7 7 51
4 1 3 15 13 2 96
4 1 3 15 2 13 91
4 1 3 14 8 8 89
4 1 3 13 14 3 75
4 1 3 13 3 14 171
4 1 3 12 9 9 51
4 1 3 11 15 4 126
4 1 3 11 4 15 139
4 1 3 10 10 10 12
4 1 3 9 16 5 156
4 1 3 9 5 16 139
4 1 3 8 22 0 99
4 1 3 8 11 11 2
4 1 3 8 0 22 47
4 1 3 7 17 6 91
4 1 3 7 6 17 126
4 1 3 6 23 1 93
4 1 3 6 12 12 83
4 1 3 6 1 23 75
4 1 3 5 18 7 93
4 1 3 5 7 18 189
4 1 3 4 24 2 164
4 1 3 4 13 13 181
4 1 3 4 2 24 29
4 1 3 3 19 8 197
4 1 3 3 8 19 77
4 1 3 2 25 3 28
4 1 3 2 14 14 148
4 1 3 2 3 25 6
4 1 3 1 20 9 127
4 1 3 1 9 20 193
4 1 3 0 26 4 162
4 1 3 0 15 15 10
4 1 3 0 4 26 150
4 1 2 26 0 5 90
4 1 2 25 6 0 81
4 1 2 24 1 6 9
4 1 2 23 7 1 165
4 1 2 22 2 7 192
4 1 2 21 8 2 158
4 1 2 20 3 8 26
4 1 2 19 9 3 111
4 1 2 18 4 9 15
4 1 2 17 10 4 96
4 1 2 16 5 10 53
4 1 2 15 11 5 116
4 1 2 15 0 16 36
4 1 2 14 17 0 151
4 1 2 14 6 11 53
4 1 2 13 12 6 128
4 1 2 13 1 17 29
4 1 2 12 18 1 175
4 1 2 12 7 12 174
4 1 2 11 13 7 163
4 1 2 11 2 18 168
4 1 2 10 19 2 155
4 1 2 10 8 13 47
4 1 2 9 14 8 137
4 1 2 9 3 19 6
4 1 2 8 20 3 97
4 1 2 8 9 14 195
4 1 2 7 15 9 155
4 1 2 7 4 20 79
4 1 2 6 21 4 70
4 1 2 6 10 15 5
4 1 2 5 16 10 107
4 1 2 5 5 21 152
4 1 2 4 22 5 68
4 1 2 4 11 16 89
4 1 2 4 0 27 117
4 1 2 3 28 0 6
4 1 2 3 17 11 89
4 1 2 3 6 22 23
4 1 2 2 23 6 140
4 1 2 2 12 17 171
4 1 2 2 1 28 89
4 1 2 1 29 1 71
4 1 2 1 18 12 61
4 1 2 1 7 23 17
4 1 2 0 24 7 25
4 1 2 0 13 18 104
4 1 2 0 2 29 95
4 1 1 31 1 0 94
4 1 1 29 2 1 76
4 1 1 27 3 2 106
4 1 1 25 4 3 68
4 1 1 23 5 4 180
4 1 1 22 0 10 147
4 1 1 21 6 5 158
4 1 1 20 12 0 147
4 1 1 20 1 11 80
4 1 1 19 7 6 113
4 1 1 18 13 1 24
4 1 1 18 2 12 164
4 1 1 17 8 7 78
4 1 1 16 14 2 9
4 1 1 16 3 13 51
4 1 1 15 9 8 11
4 1 1 14 15 3 80
4 1 1 14 4 14 158
4 1 1 13 10 9 174
4 1 1 12 16 4 131
4 1 1 12 5 15 98
4 1 1 11 11 10 40
4 1 1 11 0 21 191
4 1 1 10 17 5 115
4 1 1 10 6 16 64
4 1 1 9 23 0 20
4 1 1 9 12 11 24
4 1 1 9 1 22 99
4 1 1 8 18 6 115
4 1 1 8 7 17 146
4 1 1 7 24 1 101
4 1 1 7 13 12 123
4 1 1 7 2 23 160
4 1 1 6 19 7 134
4 1 1 6 8 18 16
4 1 1 5 25 2 123
4 1 1 5 14 13 154
4 1 1 5 3 24 112
4 1 1 4 20 8 81
4 1 1 4 9 19 109
4 1 1 3 26 3 88
4 1 1 3 15 14 64
4 1 1 3 4 25 75
4 1 1 2 21 9 196
4 1 1 2 10 20 69
4 1 1 1 27 4 148
4 1 1 1 16 15 64
4 1 1 1 5 26 157
4 1 1 0 22 10 49
4 1 1 0 11 21 75
4 1 1 0 0 32 179
4 1 0 29 0 4 73
4 1 0 27 1 5 11
4 1 0 26 7 0 128
4 1 0 25 2 6 7
4 1 0 24 8 1 80
4 1 0 23 3 7 121
4 1 0 22 9 2 169
4 1 0 21 4 8 138
4 1 0 20 10 3 47
4 1 0 19 5 9 124
4 1 0 18 11 4 125
4 1 0 18 0 15 188
4 1 0 17 6 10 169
4 1 0 16 12 5 80
4 1 0 15 18 0 12
4 1 0 15 7 11 16
4 1 0 14 13 6 110
4 1 0 14 2 17 37
4 1 0 13 19 1 134
4 1 0 13 8 12 113
4 1 0 12 14 7 76
4 1 0 12 3 18 114
4 1 0 11 20 2 112
4 1 0 11 9 13 135
4 1 0 10 15 8 69
4 1 0 10 4 19 98
4 1 0 9 21 3 198
4 1 0 9 10 14 39
4 1 0 8 16 9 112
4 1 0 8 5 20 48
4 1 0 7 22 4 39
4 1 0 7 11 15 6
4 1 0 7 0 26 31
4 1 0 6 17 10 69
4 1 0 6 6 21 66
4 1 0 5 23 5 114
4 1 0 5 12 16 152
4 1 0 5 1 27 63
4 1 0 4 29 0 151
4 1 0 4 18 11 129
4 1 0 4 7 22 1
4 1 0 3 24 6 158
4 1 0 3 13 17 58
4 1 0 3 2 28 132
4 1 0 2 30 1 191
4 1 0 2 19 12 142
4 1 0 2 8 23 162
4 1 0 1 25 7 70
4 1 0 1 14 18 71
4 1 0 1 3 29 38
4 1 0 0 31 2 144
4 1 0 0 20 13 129
4 1 0 0 9 24 107
4 0 33 0 0 1 97
4 0 31 1 1 1 146
4 0 29 4 1 0 106
4 0 29 2 2 1 9
4 0 29 0 3 2 4
4 0 28 2 0 4 120
4 0 28 0 1 5 67
4 0 27 5 2 0 44
4 0 27 3 3 1 106
4 0 27 1 4 2 4
4 0 26 5 0 3 119
4 0 26 3 1 4 36
4 0 26 1 2 5 191
4 0 26 0 8 0 56
4 0 25 6 3 0 91
4 0 25 4 4 1 63
4 0 25 2 5 2 96
4 0 25 1 0 8 84
4 0 25 0 6 3 197
4 0 24 8 0 2 50
4 0 24 6 1 3 138
4 0 24 4 2 4 4
4 0 24 2 3 5 142
4 0 24 1 9 0 106
4 0 24 0 4 6 10
4 0 23 7 4 0 37
4 0 23 5 5 1 77
4 0 23 4 0 7 136
4 0 23 3 6 2 154
4 0 23 2 1 8 5
4 0 23 1 7 3 166
4 0 23 0 2 9 31
4 0 22 11 0 1 180
4 0 22 9 1 2 25
4 0 22 7 2 3 190
4 0 22 5 3 4 193
4 0 22 3 4 5 152
4 0 22 2 10 0 87
4 0 22 1 5 6 179
4 0 22 0 11 1 193
4 0 22 0 0 12 90
4 0 21 8 5 0 58
4 0 21 7 0 6 22
4 0 21 6 6 1 41
4 0 21 5 1 7 70
4 0 21 4 7 2 142
4 0 21 3 2 8 147
4 0 21 2 8 3 66
4 0 21 1 3 9 135
4 0 21 0 9 4 128
4 0 20 14 0 0 4
4 0 20 12 1 1 129
4 0 20 10 2 2 106
4 0 20 8 3 3 135
4 0 20 6 4 4 46
4 0 20 4 5 5 166
4 0 20 3 11 0 85
4 0 20 3 0 11 50
4 0 20 2 6 6 110
4 0 20 1 12 1 59
4 0 20 1 1 12 108
4 0 20 0 7 7 39
4 0 19 10 0 5 119
4 0 19 9 6 0 195
4 0 19 8 1 6 105
4 0 19 7 7 1 34
4 0 19 6 2 7 17
4 0 19 5 8 2 12
4 0 19 4 3 8 153
4 0 19 3 9 3 180
4 0 19 2 4 9 77
4 0 19 1 10 4 91
4 0 19 0 5 10 10
4 0 18 15 1 0 97
4 0 18 13 2 1 94
4 0 18 11 3 2 152
4 0 18 9 4 3 152
4 0 18 7 5 4 140
4 0 18 6 0 10 52
4 0 18 5 6 5 65
4 0 18 4 12 0 152
4 0 18 4 1 11 138
4 0 18 3 7 6 173
4 0 18 2 13 1 184
4 0 18 2 2 12 17
4 0 18 1 8 7 171
4 0 18 0 14 2 74
4 0 18 0 3 13 128
4 0 17 13 0 4 172
4 0 17 11 1 5 20
4 0 17 10 7 0 71
4 0 17 9 2 6 94
4 0 17 8 8 1 5
4 0 17 7 3 7 60
4 0 17 6 9 2 11
4 0 17 5 4 8 49
4 0 17 4 10 3 42
4 0 17 3 5 9 183
4 0 17 2 11 4 142
4 0 17 2 0 15 70
4 0 17 1 6 10 38
4 0 17 0 12 5 190
4 0 17 0 1 16 148
4 0 16 16 2 0 121
4 0 16 14 3 1 38
4 0 16 12 4 2 28
4 0 16 10 5 3 62
4 0 16 9 0 9 185
4 0 16 8 6 4 23
4 0 16 7 1 10 41
4 0 16 6 7 5 128
4 0 16 5 13 0 9
4 0 16 5 2 11 15
4 0 16 4 8 6 75
4 0 16 3 14 1 193
4 0 16 3 3 12 133
4 0 16 2 9 7 156
4 0 16 1 15 2 113
4 0 16 1 4 13 122
4 0 16 0 10 8 65
4 0 15 16 0 3 103
4 0 15 14 1 4 181
4 0 15 12 2 5 64
4 0 15 11 8 0 126
4 0 15 10 3 6 185
4 0 15 9 9 1 112
4 0 15 8 4 7 138
4 0 15 7 10 2 180
4 0 15 6 5 8 52
4 0 15 5 11 3 179
4 0 15 5 0 14 17
4 0 15 4 6 9 16
4 0 15 3 12 4 198
4 0 15 3 1 15 117
4 0 15 2 7 10 101
4 0 15 1 13 5 101
4 0 15 1 2 16 56
4 0 15 0 19 0 47
4 0 15 0 8 11 14
4 0 14 17 3 0 147
4 0 14 15 4 1 109
4 0 14 13 5 2 195
4 0 14 12 0 8 20
4 0 14 11 6 3 101
4 0 14 10 1 9 13
4 0 14 9 7 4 145
4 0 14 8 2 10 70
4 0 14 7 8 5 3
4 0 14 6 14 0 156
4 0 14 6 3 11 148
4 0 14 5 9 6 28
4 0 14 4 15 1 88
4 0 14 4 4 12 106
4 0 14 3 10 7 159
4 0 14 2 16 2 180
4 0 14 2 5 13 121
4 0 14 1 11 8 184
4 0 14 1 0 19 116
4 0 14 0 17 3 60
4 0 14 0 6 14 157
4 0 13 19 0 2 84
4 0 13 17 1 3 195
4 0 13 15 2 4 148
4 0 13 13 3 5 189
4 0 13 12 9 0 2
4 0 13 11 4 6 48
4 0 13 10 10 1 68
4 0 13 9 5 7 30
4 0 13 8 11 2 67
4 0 13 8 0 13 109
4 0 13 7 6 8 134
4 0 13 6 12 3 110
4 0 13 6 1 14 99
4 0 13 5 7 9 163
4 0 13 4 13 4 151
4 0 13 4 2 15 128
4 0 13 3 8 10 96
4 0 13 2 14 5 98
4 0 13 2 3 16 51
4 0 13 1 20 0 78
4 0 13 1 9 11 145
4 0 13 0 15 6 171
4 0 13 0 4 17 38
4 0 12 18 4 0 23
4 0 12 15 0 7 90
4 0 12 14 6 2 136
4 0 12 13 1 8 20
4 0 12 12 7 3 90
4 0 12 11 2 9 143
4 0 12 10 8 4 168
4 0 12 9 3 10 155
4 0 12 8 9 5 135
4 0 12 7 15 0 95
4 0 12 7 4 11 64
4 0 12 6 10 6 13
4 0 12 5 16 1 13
4 0 12 5 5 12 96
4 0 12 4 11 7 98
4 0 12 4 0 18 76
4 0 12 3 17 2 148
4 0 12 3 6 13 98
4 0 12 2 12 8 107
4 0 12 2 1 19 115
4 0 12 1 18 3 164
4 0 12 1 7 14 127
4 0 12 0 13 9 37
4 0 12 0 2 20 189
4 0 11 22 0 1 129
4 0 11 20 1 2 7
4 0 11 18 2 3 91
4 0 11 16 3 4 145
4 0 11 14 4 5 105
4 0 11 13 10 0 26
4 0 11 12 5 6 123
4 0 11 11 11 1 95
4 0 11 11 0 12 35
4 0 11 10 6 7 172
4 0 11 9 12 2 149
4 0 11 9 1 13 196
4 0 11 8 7 8 182
4 0 11 7 13 3 86
4 0 11 7 2 14 72
4 0 11 6 8 9 91
4 0 11 5 14 4 154
4 0 11 5 3 15 177
4 0 11 4 9 10 24
4 0 11 3 15 5 25
4 0 11 3 4 16 42
4 0 11 2 21 0 57
4 0 11 2 10 11 8
4 0 11 1 16 6 99
4 0 11 1 5 17 125
4 0 11 0 22 1 186
4 0 11 0 11 12 8
4 0 11 0 0 23 195
4 0 10 19 5 0 170
4 0 10 18 0 6 55
4 0 10 17 6 1 156
4 0 10 16 1 7 100
4 0 10 15 7 2 91
4 0 10 14 2 8 120
4 0 10 13 8 3 151
4 0 10 12 3 9 105
4 0 10 11 9 4 167
4 0 10 10 4 10 138
4 0 10 9 10 5 169
4 0 10 8 16 0 119
4 0 10 8 5 11 94
4 0 10 7 11 6 99
4 0 10 7 0 17 84
4 0 10 6 17 1 3
4 0 10 6 6 12 185
4 0 10 5 12 7 20
4 0 10 5 1 18 57
4 0 10 4 18 2 108
4 0 10 4 7 13 172
4 0 10 3 13 8 51
4 0 10 3 2 19 28
4 0 10 2 19 3 149
4 0 10 2 8 14 40
4 0 10 1 14 9 149
4 0 10 1 3 20 31
4 0 10 0 20 4 158
4 0 10 0 9 15 127
4 0 9 25 0 0 184
4 0 9 23 1 1 3
4 0 9 21 2 2 168
4 0 9 19 3 3 42
4 0 9 17 4 4 155
4 0 9 15 5 5 95
4 0 9 14 11 0 141
4 0 9 14 0 11 35
4 0 9 13 6 6 75
4 0 9 12 12 1 77
4 0 9 12 1 12 156
4 0 9 11 7 7 27
4 0 9 10 13 2 124
4 0 9 10 2 13 191
4 0 9 9 8 8 7
4 0 9 8 14 3 39
4 0 9 8 3 14 49
4 0 9 7 9 9 34
4 0 9 6 15 4 172
4 0 9 6 4 15 5
4 0 9 5 10 10 145
4 0 9 4 16 5 154
4 0 9 4 5 16 6
4 0 9 3 22 0 53
4 0 9 3 11 11 142
4 0 9 3 0 22 50
4 0 9 2 17 6 177
4 0 9 2 6 17 61
4 0 9 1 23 1 116
4 0 9 1 12 12 107
4 0 9 1 1 23 8
4 0 9 0 18 7 117
4 0 9 0 7 18 49
4 0 8 21 0 5 150
4 0 8 20 6 0 22
4 0 8 19 1 6 23
4 0 8 18 7 1 28
4 0 8 17 2 7 132
4 0 8 16 8 2 143
4 0 8 15 3 8 157
4 0 8 14 9 3 77
4 0 8 13 4 9 28
4 0 8 12 10 4 193
4 0 8 11 5 10 175
4 0 8 10 11 5 127
4 0 8 10 0 16 166
4 0 8 9 17 0 88
4 0 8 9 6 11 75
4 0 8 8 12 6 88
4 0 8 8 1 17 53
4 0 8 7 18 1 198
4 0 8 7 7 12 144
4 0 8 6 13 7 56
4 0 8 6 2 18 7
4 0 8 5 19 2 27
4 0 8 5 8 13 103
4 0 8 4 14 8 121
4 0 8 4 3 19 147
4 0 8 3 20 3 97
4 0 8 3 9 14 52
4 0 8 2 15 9 64
4 0 8 2 4 20 122
4 0 8 1 21 4 145
4 0 8 1 10 15 57
4 0 8 0 16 10 19
4 0 8 0 5 21 98
4 0 7 26 1 0 15
4 0 7 24 2 1 129
4 0 7 22 3 2 50
4 0 7 20 4 3 163
4 0 7 18 5 4 18
4 0 7 17 0 10 171
4 0 7 16 6 5 114
4 0 7 15 12 0 97
4 0 7 15 1 11 82
4 0 7 14 7 6 150
4 0 7 13 13 1 49
4 0 7 13 2 12 73
4 0 7 12 8 7 51
4 0 7 11 14 2 94
4 0 7 11 3 13 160
4 0 7 10 9 8 70
4 0 7 9 15 3 57
4 0 7 9 4 14 65
4 0 7 8 10 9 16
4 0 7 7 16 4 147
4 0 7 7 5 15 82
4 0 7 6 11 10 101
4 0 7 6 0 21 68
4 0 7 5 17 5 177
4 0 7 5 6 16 158
4 0 7 4 23 0 26
4 0 7 4 12 11 191
4 0 7 4 1 22 31
4 0 7 3 18 6 194
4 0 7 3 7 17 131
4 0 7 2 24 1 158
4 0 7 2 13 12 89
4 0 7 2 2 23 138
4 0 7 1 19 7 88
4 0 7 1 8 18 143
4 0 7 0 25 2 134
4 0 7 0 14 13 145
4 0 7 0 3 24 79
4 0 6 24 0 4 134
4 0 6 22 1 5 96
4 0 6 21 7 0 191
4 0 6 20 2 6 102
4 0 6 19 8 1 55
4 0 6 18 3 7 157
4 0 6 17 9 2 91
4 0 6 16 4 8 117
4 0 6 15 10 3 63
4 0 6 14 5 9 24
4 0 6 13 11 4 46
4 0 6 13 0 15 192
4 0 6 12 6 10 133
4 0 6 11 12 5 71
4 0 6 11 1 16 102
4 0 6 10 18 0 80
4 0 6 10 7 11 131
4 0 6 9 13 6 157
4 0 6 9 2 17 103
4 0 6 8 19 1 163
4 0 6 8 8 12 57
4 0 6 7 14 7 129
4 0 6 7 3 18 2
4 0 6 6 20 2 133
4 0 6 6 9 13 175
4 0 6 5 15 8 164
4 0 6 5 4 19 147
4 0 6 4 21 3 177
4 0 6 4 10 14 192
4 0 6 3 16 9 118
4 0 6 3 5 20 168
4 0 6 2 22 4 76
4 0 6 2 11 15 81
4 0 6 2 0 26 81
4 0 6 1 17 10 111
4 0 6 1 6 21 182
4 0 6 0 23 5 180
4 0 6 0 12 16 149
4 0 6 0 1 27 109
4 0 5 27 2 0 105
4 0 5 25 3 1 83
4 0 5 23 4 2 57
4 0 5 21 5 3 162
4 0 5 20 0 9 101
4 0 5 19 6 4 41
4 0 5 18 1 10 150
4 0 5 17 7 5 108
4 0 5 16 13 0 133
4 0 5 16 2 11 64
4 0 5 15 8 6 4
4 0 5 14 14 1 53
4 0 5 14 3 12 55
4 0 5 13 9 7 65
4 0 5 12 15 2 94
4 0 5 12 4 13 26
4 0 5 11 10 8 151
4 0 5 10 16 3 108
4 0 5 10 5 14 58
4 0 5 9 11 9 10
4 0 5 9 0 20 69
4 0 5 8 17 4 144
4 0 5 8 6 15 106
4 0 5 7 12 10 166
4 0 5 7 1 21 135
4 0 5 6 18 5 23
4 0 5 6 7 16 183
4 0 5 5 24 0 79
4 0 5 5 13 11 32
4 0 5 5 2 22 46
4 0 5 4 19 6 87
4 0 5 4 8 17 83
4 0 5 3 25 1 183
4 0 5 3 14 12 108
4 0 5 3 3 23 104
4 0 5 2 20 7 76
4 0 5 2 9 18 1
4 0 5 1 26 2 165
4 0 5 1 15 13 124
4 0 5 1 4 24 152
4 0 5 0 21 8 1
4 0 5 0 10 19 7
4 0 4 27 0 3 60
4 0 4 25 1 4 143
4 0 4 23 2 5 29
4 0 4 22 8 0 51
4 0 4 21 3 6 19
4 0 4 20 9 1 28
4 0 4 19 4 7 178
4 0 4 18 10 2 17
4 0 4 17 5 8 101
4 0 4 16 11 3 97
4 0 4 16 0 14 157
4 0 4 15 6 9 126
4 0 4 14 12 4 38
4 0 4 14 1 15 69
4 0 4 13 7 10 19
4 0 4 12 13 5 69
4 0 4 12 2 16 156
4 0 4 11 19 0 10
4 0 4 11 8 11 157
4 0 4 10 14 6 191
4 0 4 10 3 17 44
4 0 4 9 20 1 11
4 0 4 9 9 12 107
4 0 4 8 15 7 147
4 0 4 8 4 18 170
4 0 4 7 21 2 179
4 0 4 7 10 13 132
4 0 4 6 16 8 46
4 0 4 6 5 19 193
4 0 4 5 22 3 58
4 0 4 5 11 14 72
4 0 4 5 0 25 185
4 0 4 4 17 9 105
4 0 4 4 6 20 142
4 0 4 3 23 4 176
4 0 4 3 12 15 151
4 0 4 3 1 26 160
4 0 4 2 18 10 95
4 0 4 2 7 21 167
4 0 4 1 24 5 160
4 0 4 1 13 16 97
4 0 4 1 2 27 45
4 0 4 0 30 0 116
4 0 4 0 19 11 197
4 0 4 0 8 22 141
4 0 3 28 3 0 156
4 0 3 26 4 1 111
4 0 3 24 5 2 187
4 0 3 23 0 8 116
4 0 3 22 6 3 193
4 0 3 21 1 9 98
4 0 3 20 7 4 33
4 0 3 19 2 10 41
4 0 3 18 8 5 196
4 0 3 17 14 0 157
4 0 3 17 3 11 42
4 0 3 16 9 6 94
4 0 3 15 15 1 11
4 0 3 15 4 12 1
4 0 3 14 10 7 130
4 0 3 13 16 2 24
4 0 3 13 5 13 62
4 0 3 12 11 8 109
4 0 3 12 0 19 43
4 0 3 11 17 3 44
4 0 3 11 6 14 155
4 0 3 10 12 9 146
4 0 3 10 1 20 192
4 0 3 9 18 4 51
4 0 3 9 7 15 95
4 0 3 8 13 10 39
4 0 3 8 2 21 73
4 0 3 7 19 5 123
4 0 3 7 8 16 191
4 0 3 6 25 0 69
4 0 3 6 14 11 34
4 0 3 6 3 22 138
4 0 3 5 20 6 126
4 0 3 5 9 17 13
4 0 3 4 26 1 74
4 0 3 4 15 12 40
4 0 3 4 4 23 163
4 0 3 3 21 7 103
4 0 3 3 10 18 170
4 0 3 2 27 2 193
4 0 3 2 16 13 169
4 0 3 2 5 24 41
4 0 3 1 22 8 78
4 0 3 1 11 19 188
4 0 3 1 0 30 5
4 0 3 0 28 3 116
4 0 3 0 17 14 137
4 0 3 0 6 25 95
4 0 2 30 0 2 190
4 0 2 28 1 3 54
4 0 2 26 2 4 7
4 0 2 24 3 5 198
4 0 2 23 9 0 60
4 0 2 22 4 6 46
4 0 2 21 10 1 23
4 0 2 20 5 7 171
4 0 2 19 11 2 7
4 0 2 19 0 13 161
4 0 2 18 6 8 156
4 0 2 17 12 3 63
4 0 2 17 1 14 39
4 0 2 16 7 9 140
4 0 2 15 13 4 173
4 0 2 15 2 15 146
4 0 2 14 8 10 68
4 0 2 13 14 5 101
4 0 2 13 3 16 26
4 0 2 12 20 0 127
4 0 2 12 9 11 7
4 0 2 11 15 6 142
4 0 2 11 4 17 20
4 0 2 10 21 1 133
4 0 2 10 10 12 65
4 0 2 9 16 7 52
4 0 2 9 5 18 144
4 0 2 8 22 2 140
4 0 2 8 11 13 93
4 0 2 8 0 24 20
4 0 2 7 17 8 194
4 0 2 7 6 19 128
4 0 2 6 23 3 193
4 0 2 6 12 14 75
4 0 2 6 1 25 142
4 0 2 5 18 9 11
4 0 2 5 7 20 136
4 0 2 4 24 4 161
4 0 2 4 13 15 122
4 0 2 4 2 26 124
4 0 2 3 19 10 118
4 0 2 3 8 21 89
4 0 2 2 25 5 58
4 0 2 2 14 16 6
4 0 2 2 3 27 10
4 0 2 1 31 0 107
4 0 2 1 20 11 108
4 0 2 1 9 22 22
4 0 2 0 26 6 73
4 0 2 0 15 17 139
4 0 2 0 4 28 57
4 0 1 29 4 0 136
4 0 1 27 5 1 123
4 0 1 26 0 7 120
4 0 1 25 6 2 120
4 0 1 24 1 8 101
4 0 1 23 7 3 198
4 0 1 22 2 9 17
4 0 1 21 8 4 175
4 0 1 20 3 10 141
4 0 1 19 9 5 8
4 0 1 18 15 0 90
4 0 1 18 4 11 10
4 0 1 17 10 6 123
4 0 1 16 16 1 77
4 0 1 16 5 12 189
4 0 1 15 11 7 85
4 0 1 15 0 18 141
4 0 1 14 17 2 147
4 0 1 14 6 13 163
4 0 1 13 12 8 15
4 0 1 13 1 19 120
4 0 1 12 18 3 8
4 0 1 12 7 14 131
4 0 1 11 13 9 158
4 0 1 11 2 20 91
4 0 1 10 19 4 112
4 0 1 10 8 15 86
4 0 1 9 14 10 179
4 0 1 9 3 21 136
4 0 1 8 20 5 160
4 0 1 8 9 16 143
4 0 1 7 26 0 104
4 0 1 7 15 11 198
4 0 1 7 4 22 19
4 0 1 6 21 6 165
4 0 1 6 10 17 2
4 0 1 5 27 1 5
4 0 1 5 16 12 189
4 0 1 5 5 23 79
4 0 1 4 22 7 185
4 0 1 4 11 18 14
4 0 1 4 0 29 28
4 0 1 3 28 2 82
4 0 1 3 17 13 89
4 0 1 3 6 24 31
4 0 1 2 23 8 87
4 0 1 2 12 19 127
4 0 1 2 1 30 40
4 0 1 1 29 3 181
4 0 1 1 18 14 180
4 0 1 0 24 9 154
4 0 1 0 13 20 24
4 0 1 0 2 31 139
4 0 0 33 0 1 155
4 0 0 31 1 2 117
4 0 0 29 2 3 27
4 0 0 27 3 4 179
4 0 0 25 4 5 25
4 0 0 24 10 0 53
4 0 0 23 5 6 162
4 0 0 22 11 1 65
4 0 0 22 0 12 164
4 0 0 21 6 7 189
4 0 0 20 12 2 179
4 0 0 20 1 13 1
4 0 0 19 7 8 57
4 0 0 18 13 3 137
4 0 0 18 2 14 176
4 0 0 17 8 9 173
4 0 0 16 14 4 189
4 0 0 16 3 15 19
4 0 0 15 9 10 196
4 0 0 14 15 5 131
4 0 0 14 4 16 100
4 0 0 13 21 0 101
4 0 0 13 10 11 165
4 0 0 12 16 6 75
4 0 0 12 5 17 191
4 0 0 11 22 1 61
4 0 0 11 11 12 52
4 0 0 11 0 23 164
4 0 0 10 6 18 44
4 0 0 9 23 2 79
4 0 0 9 12 13 87
4 0 0 9 1 24 146
4 0 0 8 18 8 54
4 0 0 8 7 19 41
4 0 0 7 24 3 174
4 0 0 7 13 14 83
4 0 0 7 2 25 186
4 0 0 6 19 9 87
4 0 0 6 8 20 134
4 0 0 5 25 4 50
4 0 0 5 14 15 28
4 0 0 5 3 26 8
4 0 0 4 20 10 86
4 0 0 4 9 21 80
4 0 0 3 26 5 90
4 0 0 3 15 16 87
4 0 0 3 4 27 6
4 0 0 2 21 11 36
4 0 0 2 10 22 173
4 0 0 1 27 6 58
4 0 0 1 16 17 75
4 0 0 1 5 28 133
4 0 0 0 33 1 97
4 0 0 0 22 12 97
4 0 0 0 11 23 117
4 0 0 0 0 34 97
