# FIX-VII-GATE profile basis element 8, p=199
# G-equivariant degree-34 covariant tuple T: P(W) -> P(W)
# format: <component 0..4> <e0 e1 e2 e3 e4> <coefficient>
0 34 0 0 0 0 181
0 32 1 1 0 0 66
0 31 0 1 0 2 144
0 30 2 2 0 0 94
0 30 2 0 1 1 94
0 30 0 3 1 0 95
0 30 0 1 2 1 184
0 29 2 0 3 0 60
0 29 1 2 0 2 93
0 29 1 0 1 3 195
0 29 0 1 4 0 40
0 28 5 0 0 1 7
0 28 3 3 0 0 34
0 28 3 1 1 1 94
0 28 1 4 1 0 95
0 28 1 2 2 1 34
0 28 1 0 3 2 8
0 28 0 2 0 4 30
0 28 0 0 1 5 43
0 27 5 0 2 0 191
0 27 4 0 0 3 118
0 27 3 1 3 0 92
0 27 2 3 0 2 54
0 27 2 1 1 3 34
0 27 1 2 4 0 184
0 27 1 0 5 1 77
0 27 0 6 0 1 120
0 27 0 4 1 2 179
0 27 0 2 2 3 60
0 27 0 0 3 4 30
0 26 6 1 0 1 113
0 26 4 4 0 0 96
0 26 4 2 1 1 79
0 26 4 0 2 2 146
0 26 3 0 0 5 62
0 26 2 5 1 0 19
0 26 2 3 2 1 176
0 26 2 1 3 2 58
0 26 1 3 0 4 175
0 26 1 1 1 5 114
0 26 1 0 7 0 156
0 26 0 6 2 0 31
0 26 0 4 3 1 144
0 26 0 2 4 2 120
0 25 8 0 1 0 105
0 25 6 1 2 0 97
0 25 5 1 0 3 72
0 25 4 2 3 0 96
0 25 4 0 4 1 141
0 25 3 4 0 2 169
0 25 3 2 1 3 23
0 25 3 0 2 4 142
0 25 2 3 4 0 41
0 25 2 1 5 1 158
0 25 2 0 0 7 184
0 25 1 7 0 1 108
0 25 1 5 1 2 21
0 25 1 3 2 3 55
0 25 1 1 3 4 190
0 25 0 4 5 0 158
0 25 0 3 0 6 103
0 25 0 2 6 1 10
0 25 0 1 1 7 37
0 25 0 0 7 2 34
0 24 7 2 0 1 18
0 24 7 0 1 2 124
0 24 5 5 0 0 168
0 24 5 3 1 1 180
0 24 5 1 2 2 173
0 24 4 1 0 5 15
0 24 4 0 6 0 81
0 24 3 6 1 0 175
0 24 3 4 2 1 105
0 24 3 2 3 2 54
0 24 3 0 4 3 160
0 24 2 4 0 4 50
0 24 2 2 1 5 7
0 24 2 1 7 0 101
0 24 2 0 2 6 194
0 24 1 7 2 0 99
0 24 1 5 3 1 48
0 24 1 3 4 2 198
0 24 1 1 5 3 24
0 24 1 0 0 9 145
0 24 0 7 0 3 139
0 24 0 5 1 4 6
0 24 0 3 2 5 82
0 24 0 2 8 0 7
0 24 0 1 3 6 89
0 24 0 0 9 1 41
0 23 11 0 0 0 196
0 23 9 1 1 0 143
0 23 7 2 2 0 10
0 23 7 0 3 1 81
0 23 6 2 0 3 104
0 23 6 0 1 4 118
0 23 5 3 3 0 10
0 23 5 1 4 1 22
0 23 4 5 0 2 110
0 23 4 3 1 3 86
0 23 4 1 2 4 191
0 23 3 2 5 1 190
0 23 3 1 0 7 53
0 23 3 0 6 2 90
0 23 2 8 0 1 36
0 23 2 6 1 2 75
0 23 2 4 2 3 85
0 23 2 2 3 4 143
0 23 2 0 4 5 10
0 23 1 5 5 0 99
0 23 1 4 0 6 40
0 23 1 3 6 1 94
0 23 1 2 1 7 99
0 23 1 1 7 2 169
0 23 1 0 2 8 20
0 23 0 11 0 0 24
0 23 0 9 1 1 58
0 23 0 7 2 2 166
0 23 0 5 3 3 37
0 23 0 3 4 4 144
0 23 0 1 5 5 149
0 23 0 0 11 0 113
0 23 0 0 0 11 52
0 22 10 0 0 2 61
0 22 8 3 0 1 197
0 22 8 1 1 2 13
0 22 7 0 5 0 186
0 22 6 6 0 0 64
0 22 6 4 1 1 168
0 22 6 2 2 2 179
0 22 6 0 3 3 173
0 22 5 2 0 5 138
0 22 5 1 6 0 171
0 22 5 0 1 6 42
0 22 4 7 1 0 52
0 22 4 5 2 1 69
0 22 4 3 3 2 10
0 22 4 1 4 3 190
0 22 3 5 0 4 179
0 22 3 3 1 5 86
0 22 3 2 7 0 165
0 22 3 1 2 6 145
0 22 3 0 8 1 164
0 22 2 8 2 0 186
0 22 2 6 3 1 78
0 22 2 4 4 2 135
0 22 2 2 5 3 189
0 22 2 1 0 9 197
0 22 2 0 6 4 144
0 22 1 8 0 3 13
0 22 1 6 1 4 164
0 22 1 4 2 5 148
0 22 1 3 8 0 33
0 22 1 2 3 6 8
0 22 1 1 9 1 82
0 22 1 0 4 7 115
0 22 0 9 3 0 50
0 22 0 7 4 1 103
0 22 0 5 5 2 127
0 22 0 4 0 8 59
0 22 0 3 6 3 105
0 22 0 2 1 9 176
0 22 0 1 7 4 133
0 22 0 0 2 10 95
0 21 12 1 0 0 74
0 21 10 2 1 0 178
0 21 10 0 2 1 148
0 21 9 0 0 4 81
0 21 8 3 2 0 3
0 21 8 1 3 1 174
0 21 7 3 0 3 114
0 21 7 1 1 4 71
0 21 6 4 3 0 187
0 21 6 2 4 1 51
0 21 6 0 5 2 35
0 21 5 6 0 2 190
0 21 5 4 1 3 88
0 21 5 2 2 4 179
0 21 5 0 3 5 28
0 21 4 5 4 0 171
0 21 4 3 5 1 85
0 21 4 2 0 7 87
0 21 4 1 6 2 69
0 21 4 0 1 8 14
0 21 3 9 0 1 127
0 21 3 7 1 2 15
0 21 3 5 2 3 195
0 21 3 3 3 4 131
0 21 3 1 4 5 198
0 21 3 0 10 0 151
0 21 2 6 5 0 130
0 21 2 5 0 6 186
0 21 2 4 6 1 156
0 21 2 3 1 7 23
0 21 2 2 7 2 88
0 21 2 1 2 8 146
0 21 2 0 8 3 165
0 21 1 12 0 0 89
0 21 1 10 1 1 74
0 21 1 8 2 2 168
0 21 1 6 3 3 43
0 21 1 4 4 4 103
0 21 1 2 5 5 6
0 21 1 1 11 0 96
0 21 1 1 0 11 123
0 21 1 0 6 6 23
0 21 0 8 0 5 38
0 21 0 7 6 0 76
0 21 0 6 1 6 30
0 21 0 5 7 1 106
0 21 0 4 2 7 114
0 21 0 3 8 2 73
0 21 0 2 3 8 89
0 21 0 1 9 3 21
0 21 0 0 4 9 172
0 20 11 1 0 2 124
0 20 10 0 4 0 134
0 20 9 4 0 1 197
0 20 9 2 1 2 109
0 20 9 0 2 3 40
0 20 8 1 5 0 166
0 20 8 0 0 6 82
0 20 7 7 0 0 47
0 20 7 5 1 1 169
0 20 7 3 2 2 139
0 20 7 1 3 3 109
0 20 6 3 0 5 20
0 20 6 2 6 0 90
0 20 6 1 1 6 60
0 20 6 0 7 1 105
0 20 5 8 1 0 152
0 20 5 6 2 1 187
0 20 5 4 3 2 145
0 20 5 2 4 3 188
0 20 5 0 5 4 56
0 20 4 6 0 4 66
0 20 4 4 1 5 175
0 20 4 3 7 0 50
0 20 4 2 2 6 100
0 20 4 1 8 1 163
0 20 4 0 3 7 85
0 20 3 9 2 0 148
0 20 3 7 3 1 24
0 20 3 5 4 2 88
0 20 3 3 5 3 94
0 20 3 2 0 9 72
0 20 3 1 6 4 162
0 20 3 0 1 10 61
0 20 2 9 0 3 61
0 20 2 7 1 4 93
0 20 2 5 2 5 76
0 20 2 4 8 0 158
0 20 2 3 3 6 102
0 20 2 2 9 1 169
0 20 2 1 4 7 134
0 20 2 0 10 2 149
0 20 1 10 3 0 156
0 20 1 8 4 1 113
0 20 1 6 5 2 189
0 20 1 5 0 8 19
0 20 1 4 6 3 45
0 20 1 3 1 9 52
0 20 1 2 7 4 96
0 20 1 1 2 10 101
0 20 1 0 8 5 168
0 20 0 12 0 2 18
0 20 0 10 1 3 166
0 20 0 8 2 4 145
0 20 0 6 3 5 132
0 20 0 5 9 0 166
0 20 0 4 4 6 21
0 20 0 3 10 1 55
0 20 0 2 5 7 121
0 20 0 1 11 2 122
0 20 0 1 0 13 62
0 20 0 0 6 8 179
0 19 13 2 0 0 105
0 19 13 0 1 1 159
0 19 11 3 1 0 86
0 19 11 1 2 1 17
0 19 10 1 0 4 109
0 19 9 2 3 1 65
0 19 9 0 4 2 188
0 19 8 4 0 3 27
0 19 8 2 1 4 59
0 19 8 0 2 5 176
0 19 7 5 3 0 139
0 19 7 3 4 1 195
0 19 7 1 5 2 61
0 19 7 0 0 8 112
0 19 6 7 0 2 44
0 19 6 5 1 3 22
0 19 6 3 2 4 10
0 19 6 1 3 5 11
0 19 6 0 9 0 61
0 19 5 6 4 0 190
0 19 5 4 5 1 162
0 19 5 3 0 7 38
0 19 5 2 6 2 25
0 19 5 1 1 8 17
0 19 5 0 7 3 48
0 19 4 10 0 1 145
0 19 4 8 1 2 78
0 19 4 6 2 3 62
0 19 4 4 3 4 151
0 19 4 2 4 5 34
0 19 4 1 10 0 111
0 19 4 0 5 6 166
0 19 3 7 5 0 46
0 19 3 6 0 6 119
0 19 3 5 6 1 143
0 19 3 4 1 7 76
0 19 3 3 7 2 125
0 19 3 2 2 8 164
0 19 3 1 8 3 74
0 19 3 0 3 9 69
0 19 2 13 0 0 160
0 19 2 11 1 1 124
0 19 2 9 2 2 58
0 19 2 7 3 3 47
0 19 2 5 4 4 150
0 19 2 3 5 5 132
0 19 2 2 11 0 140
0 19 2 2 0 11 27
0 19 2 1 6 6 29
0 19 2 0 12 1 134
0 19 2 0 1 12 147
0 19 1 9 0 5 167
0 19 1 8 6 0 190
0 19 1 7 1 6 184
0 19 1 6 7 1 136
0 19 1 5 2 7 15
0 19 1 4 8 2 115
0 19 1 3 3 8 7
0 19 1 2 9 3 120
0 19 1 1 4 9 114
0 19 1 0 10 4 148
0 19 0 14 1 0 76
0 19 0 12 2 1 128
0 19 0 10 3 2 151
0 19 0 8 4 3 108
0 19 0 6 5 4 122
0 19 0 5 0 10 173
0 19 0 4 6 5 123
0 19 0 3 12 0 142
0 19 0 3 1 11 43
0 19 0 2 7 6 2
0 19 0 1 13 1 37
0 19 0 1 2 12 152
0 19 0 0 8 7 175
0 18 13 0 3 0 118
0 18 12 2 0 2 191
0 18 12 0 1 3 10
0 18 11 1 4 0 145
0 18 10 5 0 1 123
0 18 10 3 1 2 132
0 18 10 1 2 3 118
0 18 9 2 5 0 51
0 18 9 1 0 6 96
0 18 9 0 6 1 112
0 18 8 8 0 0 18
0 18 8 6 1 1 180
0 18 8 4 2 2 13
0 18 8 2 3 3 60
0 18 8 0 4 4 144
0 18 7 4 0 5 109
0 18 7 3 6 0 179
0 18 7 2 1 6 166
0 18 7 1 7 1 66
0 18 7 0 2 7 169
0 18 6 9 1 0 95
0 18 6 7 2 1 114
0 18 6 5 3 2 62
0 18 6 3 4 3 109
0 18 6 1 5 4 105
0 18 6 0 0 10 65
0 18 5 7 0 4 198
0 18 5 5 1 5 81
0 18 5 4 7 0 132
0 18 5 3 2 6 83
0 18 5 2 8 1 196
0 18 5 1 3 7 191
0 18 5 0 9 2 45
0 18 4 10 2 0 36
0 18 4 8 3 1 56
0 18 4 6 4 2 194
0 18 4 4 5 3 102
0 18 4 3 0 9 79
0 18 4 2 6 4 130
0 18 4 1 1 10 37
0 18 4 0 7 5 125
0 18 3 10 0 3 110
0 18 3 8 1 4 14
0 18 3 6 2 5 55
0 18 3 5 8 0 115
0 18 3 4 3 6 137
0 18 3 3 9 1 149
0 18 3 2 4 7 120
0 18 3 1 10 2 156
0 18 3 0 5 8 132
0 18 2 11 3 0 186
0 18 2 9 4 1 73
0 18 2 7 5 2 36
0 18 2 6 0 8 121
0 18 2 5 6 3 25
0 18 2 4 1 9 98
0 18 2 3 7 4 163
0 18 2 2 2 10 58
0 18 2 1 8 5 62
0 18 2 0 14 0 85
0 18 2 0 3 11 74
0 18 1 13 0 2 3
0 18 1 11 1 3 91
0 18 1 9 2 4 119
0 18 1 7 3 5 3
0 18 1 6 9 0 15
0 18 1 5 4 6 108
0 18 1 4 10 1 88
0 18 1 3 5 7 178
0 18 1 2 11 2 128
0 18 1 2 0 13 10
0 18 1 1 6 8 88
0 18 1 0 12 3 177
0 18 1 0 1 14 72
0 18 0 12 4 0 84
0 18 0 10 5 1 7
0 18 0 9 0 7 87
0 18 0 8 6 2 166
0 18 0 7 1 8 72
0 18 0 6 7 3 121
0 18 0 5 2 9 77
0 18 0 4 8 4 166
0 18 0 3 3 10 133
0 18 0 2 9 5 12
0 18 0 1 15 0 186
0 18 0 1 4 11 91
0 18 0 0 10 6 124
0 17 16 0 0 1 119
0 17 14 3 0 0 188
0 17 14 1 1 1 84
0 17 12 4 1 0 105
0 17 12 2 2 1 24
0 17 12 0 3 2 67
0 17 11 2 0 4 63
0 17 11 0 1 5 197
0 17 10 5 2 0 32
0 17 10 3 3 1 191
0 17 10 1 4 2 48
0 17 9 5 0 3 11
0 17 9 3 1 4 58
0 17 9 1 2 5 134
0 17 9 0 8 0 96
0 17 8 6 3 0 78
0 17 8 4 4 1 41
0 17 8 2 5 2 102
0 17 8 1 0 8 167
0 17 8 0 6 3 194
0 17 7 8 0 2 103
0 17 7 6 1 3 150
0 17 7 4 2 4 189
0 17 7 2 3 5 105
0 17 7 1 9 0 45
0 17 7 0 4 6 111
0 17 6 7 4 0 6
0 17 6 5 5 1 95
0 17 6 4 0 7 64
0 17 6 3 6 2 175
0 17 6 2 1 8 132
0 17 6 1 7 3 46
0 17 6 0 2 9 24
0 17 5 11 0 1 54
0 17 5 9 1 2 56
0 17 5 7 2 3 2
0 17 5 5 3 4 2
0 17 5 3 4 5 122
0 17 5 2 10 0 68
0 17 5 1 5 6 44
0 17 5 0 11 1 73
0 17 5 0 0 12 143
0 17 4 8 5 0 26
0 17 4 7 0 6 116
0 17 4 6 6 1 177
0 17 4 5 1 7 34
0 17 4 4 7 2 86
0 17 4 3 2 8 3
0 17 4 2 8 3 99
0 17 4 1 3 9 124
0 17 4 0 9 4 101
0 17 3 14 0 0 130
0 17 3 12 1 1 122
0 17 3 10 2 2 36
0 17 3 8 3 3 150
0 17 3 6 4 4 6
0 17 3 4 5 5 29
0 17 3 3 11 0 12
0 17 3 3 0 11 9
0 17 3 2 6 6 117
0 17 3 1 12 1 78
0 17 3 0 7 7 137
0 17 2 10 0 5 125
0 17 2 9 6 0 117
0 17 2 8 1 6 115
0 17 2 7 7 1 179
0 17 2 6 2 7 152
0 17 2 5 8 2 38
0 17 2 4 3 8 31
0 17 2 3 9 3 161
0 17 2 2 4 9 58
0 17 2 1 10 4 174
0 17 2 0 5 10 115
0 17 1 15 1 0 157
0 17 1 13 2 1 13
0 17 1 11 3 2 40
0 17 1 9 4 3 50
0 17 1 7 5 4 46
0 17 1 6 0 10 120
0 17 1 5 6 5 177
0 17 1 4 12 0 142
0 17 1 4 1 11 180
0 17 1 3 7 6 186
0 17 1 2 13 1 111
0 17 1 2 2 12 147
0 17 1 1 8 7 57
0 17 1 0 14 2 174
0 17 1 0 3 13 71
0 17 0 13 0 4 84
0 17 0 11 1 5 188
0 17 0 10 7 0 47
0 17 0 9 2 6 139
0 17 0 8 8 1 35
0 17 0 7 3 7 8
0 17 0 6 9 2 197
0 17 0 5 4 8 18
0 17 0 4 10 3 144
0 17 0 3 5 9 180
0 17 0 2 11 4 146
0 17 0 2 0 15 89
0 17 0 1 6 10 39
0 17 0 0 12 5 84
0 17 0 0 1 16 33
0 16 16 0 2 0 15
0 16 15 0 0 3 152
0 16 14 1 3 0 166
0 16 13 3 0 2 185
0 16 13 1 1 3 179
0 16 12 2 4 0 67
0 16 12 0 5 1 149
0 16 11 6 0 1 115
0 16 11 4 1 2 31
0 16 11 2 2 3 69
0 16 11 0 3 4 32
0 16 10 3 5 0 57
0 16 10 2 0 6 129
0 16 10 1 6 1 79
0 16 10 0 1 7 130
0 16 9 9 0 0 98
0 16 9 7 1 1 110
0 16 9 5 2 2 90
0 16 9 3 3 3 68
0 16 9 1 4 4 160
0 16 8 5 0 5 60
0 16 8 4 6 0 3
0 16 8 3 1 6 116
0 16 8 2 7 1 187
0 16 8 1 2 7 57
0 16 8 0 8 2 153
0 16 7 10 1 0 59
0 16 7 8 2 1 67
0 16 7 6 3 2 17
0 16 7 4 4 3 89
0 16 7 2 5 4 146
0 16 7 1 0 10 17
0 16 7 0 6 5 85
0 16 6 8 0 4 52
0 16 6 6 1 5 59
0 16 6 5 7 0 83
0 16 6 4 2 6 100
0 16 6 3 8 1 132
0 16 6 2 3 7 108
0 16 6 1 9 2 161
0 16 6 0 4 8 19
0 16 5 11 2 0 69
0 16 5 9 3 1 176
0 16 5 7 4 2 14
0 16 5 5 5 3 45
0 16 5 4 0 9 110
0 16 5 3 6 4 28
0 16 5 2 1 10 120
0 16 5 1 7 5 188
0 16 5 0 13 0 64
0 16 5 0 2 11 14
0 16 4 11 0 3 3
0 16 4 9 1 4 23
0 16 4 7 2 5 157
0 16 4 6 8 0 104
0 16 4 5 3 6 70
0 16 4 4 9 1 37
0 16 4 3 4 7 48
0 16 4 2 10 2 116
0 16 4 1 5 8 33
0 16 4 0 11 3 152
0 16 4 0 0 14 43
0 16 3 12 3 0 10
0 16 3 10 4 1 37
0 16 3 8 5 2 69
0 16 3 7 0 8 56
0 16 3 6 6 3 83
0 16 3 5 1 9 17
0 16 3 4 7 4 98
0 16 3 3 2 10 108
0 16 3 2 8 5 78
0 16 3 1 14 0 113
0 16 3 1 3 11 150
0 16 3 0 9 6 11
0 16 2 14 0 2 111
0 16 2 12 1 3 10
0 16 2 10 2 4 73
0 16 2 8 3 5 28
0 16 2 7 9 0 16
0 16 2 6 4 6 45
0 16 2 5 10 1 187
0 16 2 4 5 7 102
0 16 2 3 11 2 66
0 16 2 3 0 13 193
0 16 2 2 6 8 160
0 16 2 1 12 3 13
0 16 2 1 1 14 72
0 16 2 0 7 9 51
0 16 1 13 4 0 61
0 16 1 11 5 1 158
0 16 1 10 0 7 22
0 16 1 9 6 2 190
0 16 1 8 1 8 26
0 16 1 7 7 3 77
0 16 1 5 8 4 80
0 16 1 4 3 10 92
0 16 1 3 9 5 145
0 16 1 2 15 0 145
0 16 1 2 4 11 1
0 16 1 1 10 6 65
0 16 1 0 16 1 115
0 16 1 0 5 12 154
0 16 0 17 0 1 113
0 16 0 15 1 2 6
0 16 0 13 2 3 174
0 16 0 11 3 4 61
0 16 0 9 4 5 106
0 16 0 8 10 0 25
0 16 0 7 5 6 148
0 16 0 6 11 1 183
0 16 0 6 0 12 124
0 16 0 5 6 7 193
0 16 0 4 12 2 178
0 16 0 4 1 13 142
0 16 0 3 7 8 177
0 16 0 2 13 3 100
0 16 0 2 2 14 77
0 16 0 1 8 9 1
0 16 0 0 14 4 9
0 16 0 0 3 15 85
0 15 17 1 0 1 148
0 15 15 4 0 0 156
0 15 15 2 1 1 116
0 15 15 0 2 2 169
0 15 14 0 0 5 76
0 15 13 5 1 0 193
0 15 13 3 2 1 140
0 15 13 1 3 2 24
0 15 12 3 0 4 164
0 15 12 1 1 5 74
0 15 12 0 7 0 161
0 15 11 6 2 0 9
0 15 11 4 3 1 20
0 15 11 2 4 2 92
0 15 11 0 5 3 165
0 15 10 6 0 3 149
0 15 10 4 1 4 193
0 15 10 2 2 5 178
0 15 10 1 8 0 169
0 15 10 0 3 6 96
0 15 9 7 3 0 140
0 15 9 5 4 1 82
0 15 9 3 5 2 116
0 15 9 2 0 8 171
0 15 9 1 6 3 182
0 15 9 0 1 9 29
0 15 8 9 0 2 89
0 15 8 7 1 3 35
0 15 8 5 2 4 87
0 15 8 3 3 5 33
0 15 8 2 9 0 82
0 15 8 1 4 6 128
0 15 8 0 10 1 31
0 15 7 8 4 0 122
0 15 7 6 5 1 197
0 15 7 5 0 7 86
0 15 7 4 6 2 41
0 15 7 3 1 8 83
0 15 7 2 7 3 183
0 15 7 1 2 9 186
0 15 7 0 8 4 81
0 15 6 12 0 1 167
0 15 6 10 1 2 58
0 15 6 8 2 3 87
0 15 6 6 3 4 188
0 15 6 4 4 5 77
0 15 6 3 10 0 101
0 15 6 2 5 6 26
0 15 6 1 11 1 162
0 15 6 1 0 12 105
0 15 6 0 6 7 146
0 15 5 9 5 0 184
0 15 5 8 0 6 104
0 15 5 7 6 1 112
0 15 5 6 1 7 95
0 15 5 5 7 2 22
0 15 5 4 2 8 120
0 15 5 3 8 3 132
0 15 5 2 3 9 127
0 15 5 1 9 4 61
0 15 5 0 4 10 121
0 15 4 15 0 0 27
0 15 4 13 1 1 168
0 15 4 11 2 2 22
0 15 4 9 3 3 14
0 15 4 7 4 4 153
0 15 4 5 5 5 141
0 15 4 4 11 0 96
0 15 4 4 0 11 161
0 15 4 3 6 6 147
0 15 4 2 12 1 31
0 15 4 2 1 12 158
0 15 4 1 7 7 27
0 15 4 0 13 2 72
0 15 4 0 2 13 123
0 15 3 11 0 5 69
0 15 3 10 6 0 169
0 15 3 9 1 6 121
0 15 3 8 7 1 47
0 15 3 7 2 7 152
0 15 3 6 8 2 2
0 15 3 5 3 8 112
0 15 3 4 9 3 44
0 15 3 3 4 9 179
0 15 3 2 10 4 46
0 15 3 1 5 10 70
0 15 3 0 11 5 29
0 15 3 0 0 16 74
0 15 2 16 1 0 7
0 15 2 14 2 1 198
0 15 2 12 3 2 104
0 15 2 10 4 3 193
0 15 2 8 5 4 149
0 15 2 7 0 10 71
0 15 2 6 6 5 81
0 15 2 5 12 0 84
0 15 2 5 1 11 48
0 15 2 4 7 6 96
0 15 2 3 13 1 14
0 15 2 3 2 12 99
0 15 2 2 8 7 125
0 15 2 1 14 2 163
0 15 2 1 3 13 37
0 15 2 0 9 8 187
0 15 1 14 0 4 149
0 15 1 12 1 5 47
0 15 1 11 7 0 176
0 15 1 10 2 6 108
0 15 1 9 8 1 85
0 15 1 8 3 7 12
0 15 1 7 9 2 135
0 15 1 6 4 8 127
0 15 1 5 10 3 165
0 15 1 4 5 9 53
0 15 1 3 11 4 71
0 15 1 3 0 15 19
0 15 1 2 6 10 124
0 15 1 1 12 5 10
0 15 1 1 1 16 119
0 15 1 0 18 0 114
0 15 1 0 7 11 20
0 15 0 17 2 0 126
0 15 0 15 3 1 135
0 15 0 13 4 2 151
0 15 0 11 5 3 70
0 15 0 10 0 9 84
0 15 0 9 6 4 28
0 15 0 8 1 10 45
0 15 0 7 7 5 148
0 15 0 6 13 0 71
0 15 0 6 2 11 83
0 15 0 5 8 6 96
0 15 0 4 14 1 179
0 15 0 4 3 12 194
0 15 0 3 9 7 58
0 15 0 2 15 2 13
0 15 0 2 4 13 184
0 15 0 1 10 8 62
0 15 0 0 16 3 115
0 15 0 0 5 14 105
0 14 19 0 1 0 97
0 14 17 1 2 0 127
0 14 16 1 0 3 51
0 14 15 2 3 0 184
0 14 15 0 4 1 62
0 14 14 4 0 2 56
0 14 14 2 1 3 184
0 14 14 0 2 4 31
0 14 13 3 4 0 71
0 14 13 1 5 1 52
0 14 13 0 0 7 43
0 14 12 7 0 1 19
0 14 12 5 1 2 179
0 14 12 3 2 3 99
0 14 12 1 3 4 196
0 14 11 4 5 0 25
0 14 11 3 0 6 127
0 14 11 2 6 1 168
0 14 11 1 1 7 167
0 14 11 0 7 2 198
0 14 10 10 0 0 138
0 14 10 8 1 1 142
0 14 10 6 2 2 7
0 14 10 4 3 3 10
0 14 10 2 4 4 186
0 14 10 0 5 5 30
0 14 9 6 0 5 62
0 14 9 5 6 0 134
0 14 9 4 1 6 163
0 14 9 3 7 1 184
0 14 9 2 2 7 49
0 14 9 1 8 2 1
0 14 9 0 3 8 188
0 14 8 11 1 0 196
0 14 8 9 2 1 176
0 14 8 7 3 2 139
0 14 8 5 4 3 138
0 14 8 3 5 4 37
0 14 8 2 0 10 144
0 14 8 1 6 5 46
0 14 8 0 12 0 114
0 14 8 0 1 11 9
0 14 7 9 0 4 108
0 14 7 7 1 5 145
0 14 7 6 7 0 106
0 14 7 5 2 6 26
0 14 7 4 8 1 34
0 14 7 3 3 7 2
0 14 7 2 9 2 123
0 14 7 1 4 8 158
0 14 7 0 10 3 185
0 14 6 12 2 0 132
0 14 6 10 3 1 158
0 14 6 8 4 2 89
0 14 6 6 5 3 70
0 14 6 5 0 9 121
0 14 6 4 6 4 142
0 14 6 3 1 10 28
0 14 6 2 7 5 7
0 14 6 1 13 0 95
0 14 6 1 2 11 86
0 14 6 0 8 6 57
0 14 5 12 0 3 84
0 14 5 10 1 4 148
0 14 5 8 2 5 145
0 14 5 7 8 0 177
0 14 5 6 3 6 115
0 14 5 5 9 1 39
0 14 5 4 4 7 133
0 14 5 3 10 2 38
0 14 5 2 5 8 93
0 14 5 1 11 3 66
0 14 5 1 0 14 144
0 14 5 0 6 9 175
0 14 4 13 3 0 143
0 14 4 11 4 1 185
0 14 4 9 5 2 114
0 14 4 8 0 8 36
0 14 4 7 6 3 49
0 14 4 6 1 9 177
0 14 4 5 7 4 92
0 14 4 4 2 10 138
0 14 4 3 8 5 70
0 14 4 2 14 0 81
0 14 4 2 3 11 111
0 14 4 1 9 6 85
0 14 4 0 15 1 48
0 14 4 0 4 12 165
0 14 3 15 0 2 135
0 14 3 13 1 3 85
0 14 3 11 2 4 195
0 14 3 9 3 5 183
0 14 3 8 9 0 66
0 14 3 7 4 6 146
0 14 3 6 10 1 161
0 14 3 5 5 7 107
0 14 3 4 11 2 37
0 14 3 4 0 13 144
0 14 3 3 6 8 195
0 14 3 2 12 3 33
0 14 3 2 1 14 89
0 14 3 1 7 9 133
0 14 3 0 13 4 144
0 14 3 0 2 15 136
0 14 2 14 4 0 79
0 14 2 12 5 1 25
0 14 2 11 0 7 137
0 14 2 10 6 2 56
0 14 2 9 1 8 72
0 14 2 8 7 3 80
0 14 2 7 2 9 182
0 14 2 6 8 4 103
0 14 2 5 3 10 81
0 14 2 4 9 5 196
0 14 2 3 15 0 73
0 14 2 3 4 11 85
0 14 2 2 10 6 93
0 14 2 1 16 1 147
0 14 2 1 5 12 111
0 14 2 0 11 7 18
0 14 2 0 0 18 184
0 14 1 18 0 1 70
0 14 1 16 1 2 142
0 14 1 14 2 3 166
0 14 1 12 3 4 59
0 14 1 10 4 5 70
0 14 1 9 10 0 85
0 14 1 8 5 6 138
0 14 1 7 11 1 150
0 14 1 7 0 12 175
0 14 1 6 6 7 37
0 14 1 5 12 2 177
0 14 1 5 1 13 136
0 14 1 4 7 8 99
0 14 1 3 13 3 116
0 14 1 3 2 14 19
0 14 1 2 8 9 149
0 14 1 1 14 4 189
0 14 1 1 3 15 151
0 14 1 0 9 10 58
0 14 0 15 5 0 165
0 14 0 14 0 6 94
0 14 0 13 6 1 33
0 14 0 12 1 7 41
0 14 0 11 7 2 26
0 14 0 10 2 8 35
0 14 0 9 8 3 174
0 14 0 8 3 9 37
0 14 0 7 9 4 79
0 14 0 6 4 10 85
0 14 0 5 10 5 109
0 14 0 4 16 0 97
0 14 0 4 5 11 73
0 14 0 3 11 6 38
0 14 0 3 0 17 143
0 14 0 2 17 1 42
0 14 0 2 6 12 86
0 14 0 1 12 7 134
0 14 0 1 1 18 71
0 14 0 0 18 2 71
0 14 0 0 7 13 189
0 13 18 2 0 1 55
0 13 18 0 1 2 146
0 13 16 5 0 0 39
0 13 16 3 1 1 104
0 13 16 1 2 2 31
0 13 15 1 0 5 70
0 13 15 0 6 0 20
0 13 14 6 1 0 158
0 13 14 4 2 1 38
0 13 14 2 3 2 133
0 13 14 0 4 3 30
0 13 13 4 0 4 39
0 13 13 2 1 5 153
0 13 13 1 7 0 74
0 13 13 0 2 6 78
0 13 12 7 2 0 122
0 13 12 5 3 1 26
0 13 12 3 4 2 114
0 13 12 1 5 3 116
0 13 12 0 0 9 53
0 13 11 7 0 3 129
0 13 11 5 1 4 69
0 13 11 3 2 5 184
0 13 11 2 8 0 133
0 13 11 1 3 6 3
0 13 11 0 9 1 121
0 13 10 8 3 0 93
0 13 10 6 4 1 63
0 13 10 4 5 2 2
0 13 10 3 0 8 130
0 13 10 2 6 3 122
0 13 10 1 1 9 86
0 13 10 0 7 4 186
0 13 9 10 0 2 26
0 13 9 8 1 3 178
0 13 9 6 2 4 115
0 13 9 4 3 5 64
0 13 9 3 9 0 160
0 13 9 2 4 6 101
0 13 9 1 10 1 140
0 13 9 0 5 7 43
0 13 8 9 4 0 121
0 13 8 7 5 1 153
0 13 8 6 0 7 58
0 13 8 5 6 2 92
0 13 8 4 1 8 116
0 13 8 3 7 3 8
0 13 8 2 2 9 23
0 13 8 1 8 4 113
0 13 8 0 3 10 72
0 13 7 13 0 1 158
0 13 7 11 1 2 140
0 13 7 9 2 3 101
0 13 7 7 3 4 115
0 13 7 5 4 5 33
0 13 7 4 10 0 162
0 13 7 3 5 6 126
0 13 7 2 11 1 172
0 13 7 2 0 12 171
0 13 7 1 6 7 193
0 13 7 0 12 2 68
0 13 7 0 1 13 124
0 13 6 10 5 0 169
0 13 6 9 0 6 189
0 13 6 8 6 1 4
0 13 6 7 1 7 146
0 13 6 6 7 2 60
0 13 6 5 2 8 194
0 13 6 4 8 3 173
0 13 6 3 3 9 63
0 13 6 2 9 4 188
0 13 6 1 4 10 25
0 13 6 0 10 5 150
0 13 5 16 0 0 41
0 13 5 14 1 1 145
0 13 5 12 2 2 180
0 13 5 8 4 4 1
0 13 5 6 5 5 152
0 13 5 5 11 0 125
0 13 5 5 0 11 187
0 13 5 4 6 6 110
0 13 5 3 12 1 20
0 13 5 3 1 12 114
0 13 5 2 7 7 152
0 13 5 1 13 2 3
0 13 5 1 2 13 105
0 13 5 0 8 8 159
0 13 4 12 0 5 69
0 13 4 11 6 0 114
0 13 4 10 1 6 146
0 13 4 9 7 1 7
0 13 4 8 2 7 99
0 13 4 7 8 2 167
0 13 4 6 3 8 187
0 13 4 5 9 3 127
0 13 4 4 4 9 54
0 13 4 3 10 4 47
0 13 4 2 5 10 49
0 13 4 1 11 5 183
0 13 4 1 0 16 64
0 13 4 0 17 0 41
0 13 4 0 6 11 178
0 13 3 17 1 0 20
0 13 3 15 2 1 60
0 13 3 13 3 2 171
0 13 3 11 4 3 196
0 13 3 9 5 4 25
0 13 3 8 0 10 164
0 13 3 7 6 5 53
0 13 3 6 12 0 76
0 13 3 6 1 11 130
0 13 3 5 7 6 189
0 13 3 4 13 1 22
0 13 3 4 2 12 92
0 13 3 3 8 7 114
0 13 3 2 14 2 102
0 13 3 2 3 13 187
0 13 3 1 9 8 56
0 13 3 0 15 3 115
0 13 3 0 4 14 114
0 13 2 15 0 4 91
0 13 2 13 1 5 133
0 13 2 12 7 0 104
0 13 2 11 2 6 117
0 13 2 10 8 1 96
0 13 2 9 3 7 153
0 13 2 8 9 2 62
0 13 2 7 4 8 61
0 13 2 6 10 3 146
0 13 2 5 5 9 125
0 13 2 4 11 4 48
0 13 2 4 0 15 80
0 13 2 3 6 10 192
0 13 2 2 12 5 173
0 13 2 2 1 16 129
0 13 2 1 18 0 20
0 13 2 1 7 11 153
0 13 2 0 13 6 138
0 13 2 0 2 17 148
0 13 1 18 2 0 53
0 13 1 16 3 1 100
0 13 1 14 4 2 71
0 13 1 12 5 3 102
0 13 1 11 0 9 179
0 13 1 10 6 4 5
0 13 1 9 1 10 47
0 13 1 8 7 5 196
0 13 1 7 13 0 80
0 13 1 7 2 11 125
0 13 1 6 8 6 98
0 13 1 5 14 1 37
0 13 1 5 3 12 135
0 13 1 4 9 7 186
0 13 1 3 15 2 87
0 13 1 3 4 13 78
0 13 1 2 10 8 187
0 13 1 1 16 3 162
0 13 1 1 5 14 118
0 13 1 0 11 9 135
0 13 1 0 0 20 134
0 13 0 18 0 3 108
0 13 0 16 1 4 133
0 13 0 14 2 5 66
0 13 0 13 8 0 7
0 13 0 12 3 6 73
0 13 0 11 9 1 194
0 13 0 10 4 7 41
0 13 0 9 10 2 142
0 13 0 8 5 8 113
0 13 0 7 11 3 171
0 13 0 7 0 14 169
0 13 0 6 6 9 15
0 13 0 5 12 4 195
0 13 0 5 1 15 135
0 13 0 4 7 10 42
0 13 0 3 13 5 54
0 13 0 3 2 16 107
0 13 0 2 19 0 19
0 13 0 2 8 11 40
0 13 0 1 14 6 155
0 13 0 1 3 17 150
0 13 0 0 20 1 141
0 13 0 0 9 12 147
0 12 22 0 0 0 45
0 12 20 1 1 0 149
0 12 18 2 2 0 14
0 12 18 0 3 1 78
0 12 17 2 0 3 167
0 12 17 0 1 4 170
0 12 16 3 3 0 51
0 12 16 1 4 1 191
0 12 15 5 0 2 180
0 12 15 1 2 4 49
0 12 14 4 4 0 149
0 12 14 2 5 1 146
0 12 14 1 0 7 128
0 12 14 0 6 2 63
0 12 13 8 0 1 3
0 12 13 6 1 2 107
0 12 13 4 2 3 65
0 12 13 2 3 4 93
0 12 13 0 4 5 40
0 12 12 5 5 0 102
0 12 12 4 0 6 13
0 12 12 3 6 1 76
0 12 12 2 1 7 69
0 12 12 1 7 2 36
0 12 12 0 2 8 137
0 12 11 11 0 0 121
0 12 11 9 1 1 9
0 12 11 7 2 2 15
0 12 11 5 3 3 141
0 12 11 3 4 4 145
0 12 11 1 5 5 26
0 12 11 0 11 0 120
0 12 11 0 0 11 55
0 12 10 7 0 5 93
0 12 10 6 6 0 65
0 12 10 5 1 6 87
0 12 10 4 7 1 60
0 12 10 3 2 7 188
0 12 10 2 8 2 98
0 12 10 1 3 8 157
0 12 10 0 9 3 177
0 12 9 12 1 0 183
0 12 9 10 2 1 150
0 12 9 8 3 2 144
0 12 9 6 4 3 5
0 12 9 4 5 4 122
0 12 9 3 0 10 123
0 12 9 2 6 5 50
0 12 9 1 12 0 102
0 12 9 1 1 11 56
0 12 9 0 7 6 170
0 12 8 10 0 4 74
0 12 8 8 1 5 183
0 12 8 7 7 0 9
0 12 8 6 2 6 63
0 12 8 5 8 1 142
0 12 8 4 3 7 105
0 12 8 3 9 2 66
0 12 8 2 4 8 148
0 12 8 1 10 3 92
0 12 8 0 5 9 118
0 12 7 13 2 0 72
0 12 7 11 3 1 109
0 12 7 9 4 2 5
0 12 7 7 5 3 2
0 12 7 6 0 9 161
0 12 7 5 6 4 43
0 12 7 4 1 10 178
0 12 7 3 7 5 87
0 12 7 2 13 0 19
0 12 7 2 2 11 66
0 12 7 1 8 6 179
0 12 7 0 14 1 149
0 12 7 0 3 12 150
0 12 6 13 0 3 71
0 12 6 11 1 4 72
0 12 6 9 2 5 9
0 12 6 8 8 0 47
0 12 6 7 3 6 75
0 12 6 6 9 1 146
0 12 6 5 4 7 2
0 12 6 4 10 2 198
0 12 6 3 5 8 136
0 12 6 2 11 3 144
0 12 6 2 0 14 24
0 12 6 1 6 9 89
0 12 6 0 12 4 168
0 12 6 0 1 15 165
0 12 5 14 3 0 17
0 12 5 12 4 1 186
0 12 5 10 5 2 53
0 12 5 9 0 8 119
0 12 5 8 6 3 152
0 12 5 7 1 9 26
0 12 5 6 7 4 50
0 12 5 5 2 10 67
0 12 5 4 8 5 65
0 12 5 3 14 0 13
0 12 5 3 3 11 96
0 12 5 2 9 6 6
0 12 5 1 15 1 53
0 12 5 1 4 12 194
0 12 5 0 10 7 167
0 12 4 16 0 2 33
0 12 4 14 1 3 107
0 12 4 12 2 4 175
0 12 4 10 3 5 181
0 12 4 9 9 0 77
0 12 4 8 4 6 77
0 12 4 7 10 1 185
0 12 4 6 5 7 176
0 12 4 5 11 2 196
0 12 4 5 0 13 5
0 12 4 4 6 8 198
0 12 4 3 12 3 38
0 12 4 3 1 14 3
0 12 4 2 7 9 37
0 12 4 1 13 4 92
0 12 4 1 2 15 160
0 12 4 0 8 10 39
0 12 3 15 4 0 91
0 12 3 13 5 1 114
0 12 3 12 0 7 25
0 12 3 11 6 2 191
0 12 3 10 1 8 7
0 12 3 9 7 3 182
0 12 3 8 2 9 94
0 12 3 7 8 4 165
0 12 3 6 3 10 101
0 12 3 5 9 5 43
0 12 3 4 15 0 165
0 12 3 4 4 11 135
0 12 3 3 10 6 154
0 12 3 2 16 1 188
0 12 3 2 5 12 71
0 12 3 1 11 7 42
0 12 3 1 0 18 177
0 12 3 0 17 2 99
0 12 3 0 6 13 192
0 12 2 19 0 1 139
0 12 2 17 1 2 95
0 12 2 15 2 3 43
0 12 2 13 3 4 93
0 12 2 11 4 5 23
0 12 2 10 10 0 43
0 12 2 9 5 6 111
0 12 2 8 11 1 52
0 12 2 8 0 12 51
0 12 2 7 6 7 189
0 12 2 6 12 2 85
0 12 2 6 1 13 89
0 12 2 5 7 8 187
0 12 2 4 13 3 11
0 12 2 4 2 14 79
0 12 2 3 8 9 63
0 12 2 2 14 4 85
0 12 2 2 3 15 178
0 12 2 1 9 10 5
0 12 2 0 15 5 57
0 12 2 0 4 16 196
0 12 1 16 5 0 153
0 12 1 15 0 6 174
0 12 1 14 6 1 145
0 12 1 13 1 7 25
0 12 1 12 7 2 186
0 12 1 11 2 8 103
0 12 1 10 8 3 34
0 12 1 8 9 4 12
0 12 1 7 4 10 24
0 12 1 6 10 5 163
0 12 1 5 16 0 93
0 12 1 5 5 11 158
0 12 1 4 11 6 109
0 12 1 4 0 17 5
0 12 1 3 17 1 184
0 12 1 3 6 12 108
0 12 1 2 12 7 175
0 12 1 2 1 18 164
0 12 1 1 18 2 73
0 12 1 1 7 13 41
0 12 1 0 13 8 167
0 12 1 0 2 19 80
0 12 0 22 0 0 86
0 12 0 20 1 1 128
0 12 0 18 2 2 53
0 12 0 16 3 3 114
0 12 0 14 4 4 61
0 12 0 12 5 5 108
0 12 0 11 11 0 138
0 12 0 11 0 11 43
0 12 0 10 6 6 140
0 12 0 9 12 1 72
0 12 0 9 1 12 121
0 12 0 8 7 7 151
0 12 0 7 13 2 149
0 12 0 7 2 13 28
0 12 0 6 8 8 44
0 12 0 5 14 3 191
0 12 0 5 3 14 183
0 12 0 4 9 9 15
0 12 0 3 15 4 180
0 12 0 3 4 15 159
0 12 0 2 10 10 163
0 12 0 1 16 5 76
0 12 0 1 5 16 39
0 12 0 0 11 11 98
0 12 0 0 0 22 20
0 11 21 0 0 2 9
0 11 19 3 0 1 26
0 11 19 1 1 2 167
0 11 18 0 5 0 62
0 11 17 6 0 0 113
0 11 17 4 1 1 115
0 11 17 2 2 2 115
0 11 17 0 3 3 34
0 11 16 2 0 5 34
0 11 16 1 6 0 98
0 11 16 0 1 6 93
0 11 15 7 1 0 123
0 11 15 5 2 1 171
0 11 15 3 3 2 56
0 11 15 1 4 3 13
0 11 14 5 0 4 151
0 11 14 3 1 5 117
0 11 14 2 7 0 152
0 11 14 1 2 6 17
0 11 14 0 8 1 93
0 11 13 8 2 0 192
0 11 13 6 3 1 25
0 11 13 4 4 2 89
0 11 13 2 5 3 105
0 11 13 1 0 9 8
0 11 13 0 6 4 83
0 11 12 8 0 3 39
0 11 12 6 1 4 110
0 11 12 4 2 5 85
0 11 12 3 8 0 170
0 11 12 2 3 6 48
0 11 12 1 9 1 186
0 11 12 0 4 7 164
0 11 11 9 3 0 125
0 11 11 7 4 1 41
0 11 11 5 5 2 153
0 11 11 4 0 8 40
0 11 11 3 6 3 151
0 11 11 2 1 9 124
0 11 11 1 7 4 30
0 11 11 0 2 10 35
0 11 10 11 0 2 145
0 11 10 9 1 3 182
0 11 10 7 2 4 6
0 11 10 5 3 5 41
0 11 10 4 9 0 196
0 11 10 3 4 6 150
0 11 10 2 10 1 128
0 11 10 1 5 7 97
0 11 10 0 11 2 88
0 11 10 0 0 13 19
0 11 9 10 4 0 104
0 11 9 8 5 1 132
0 11 9 7 0 7 187
0 11 9 6 6 2 81
0 11 9 5 1 8 192
0 11 9 4 7 3 71
0 11 9 3 2 9 164
0 11 9 2 8 4 113
0 11 9 1 3 10 122
0 11 9 0 9 5 52
0 11 8 14 0 1 94
0 11 8 12 1 2 136
0 11 8 10 2 3 196
0 11 8 8 3 4 42
0 11 8 6 4 5 106
0 11 8 5 10 0 58
0 11 8 4 5 6 197
0 11 8 3 11 1 37
0 11 8 3 0 12 50
0 11 8 2 6 7 124
0 11 8 1 12 2 58
0 11 8 1 1 13 102
0 11 8 0 7 8 78
0 11 7 11 5 0 93
0 11 7 10 0 6 74
0 11 7 9 6 1 17
0 11 7 8 1 7 93
0 11 7 7 7 2 106
0 11 7 6 2 8 2
0 11 7 5 8 3 6
0 11 7 4 3 9 191
0 11 7 3 9 4 66
0 11 7 2 4 10 50
0 11 7 1 10 5 24
0 11 7 0 16 0 93
0 11 7 0 5 11 59
0 11 6 17 0 0 71
0 11 6 15 1 1 7
0 11 6 13 2 2 143
0 11 6 11 3 3 152
0 11 6 9 4 4 107
0 11 6 7 5 5 133
0 11 6 6 11 0 114
0 11 6 6 0 11 38
0 11 6 5 6 6 164
0 11 6 4 12 1 88
0 11 6 3 7 7 82
0 11 6 2 13 2 106
0 11 6 2 2 13 10
0 11 6 1 8 8 154
0 11 6 0 14 3 184
0 11 6 0 3 14 150
0 11 5 13 0 5 72
0 11 5 12 6 0 56
0 11 5 11 1 6 105
0 11 5 10 7 1 93
0 11 5 9 2 7 74
0 11 5 8 8 2 2
0 11 5 7 3 8 118
0 11 5 6 9 3 193
0 11 5 5 4 9 77
0 11 5 4 10 4 35
0 11 5 3 5 10 19
0 11 5 2 11 5 120
0 11 5 2 0 16 97
0 11 5 1 17 0 175
0 11 5 1 6 11 117
0 11 5 0 12 6 108
0 11 4 18 1 0 23
0 11 4 16 2 1 99
0 11 4 14 3 2 196
0 11 4 12 4 3 190
0 11 4 10 5 4 122
0 11 4 9 0 10 100
0 11 4 8 6 5 83
0 11 4 7 12 0 54
0 11 4 7 1 11 6
0 11 4 6 7 6 100
0 11 4 5 13 1 107
0 11 4 5 2 12 4
0 11 4 4 8 7 85
0 11 4 3 14 2 67
0 11 4 3 3 13 114
0 11 4 2 9 8 158
0 11 4 1 15 3 47
0 11 4 1 4 14 78
0 11 4 0 10 9 129
0 11 3 16 0 4 116
0 11 3 14 1 5 10
0 11 3 13 7 0 183
0 11 3 12 2 6 93
0 11 3 11 8 1 122
0 11 3 10 3 7 156
0 11 3 9 9 2 22
0 11 3 8 4 8 6
0 11 3 7 10 3 31
0 11 3 6 5 9 24
0 11 3 5 11 4 105
0 11 3 5 0 15 6
0 11 3 4 6 10 147
0 11 3 3 12 5 164
0 11 3 3 1 16 122
0 11 3 2 18 0 181
0 11 3 2 7 11 9
0 11 3 1 13 6 76
0 11 3 1 2 17 116
0 11 3 0 19 1 165
0 11 3 0 8 12 1
0 11 2 19 2 0 181
0 11 2 17 3 1 131
0 11 2 15 4 2 163
0 11 2 13 5 3 61
0 11 2 12 0 9 157
0 11 2 11 6 4 53
0 11 2 10 1 10 13
0 11 2 9 7 5 140
0 11 2 8 13 0 13
0 11 2 8 2 11 69
0 11 2 7 8 6 154
0 11 2 6 14 1 98
0 11 2 6 3 12 9
0 11 2 5 9 7 79
0 11 2 4 15 2 173
0 11 2 4 4 13 64
0 11 2 3 10 8 82
0 11 2 2 16 3 57
0 11 2 2 5 14 18
0 11 2 1 11 9 112
0 11 2 1 0 20 151
0 11 2 0 6 15 76
0 11 1 19 0 3 52
0 11 1 17 1 4 118
0 11 1 15 2 5 129
0 11 1 14 8 0 9
0 11 1 13 3 6 112
0 11 1 12 9 1 70
0 11 1 11 4 7 186
0 11 1 10 10 2 30
0 11 1 9 5 8 183
0 11 1 8 11 3 38
0 11 1 8 0 14 35
0 11 1 7 6 9 28
0 11 1 6 12 4 69
0 11 1 6 1 15 178
0 11 1 5 7 10 89
0 11 1 4 13 5 52
0 11 1 4 2 16 104
0 11 1 3 19 0 178
0 11 1 3 8 11 120
0 11 1 2 14 6 97
0 11 1 2 3 17 79
0 11 1 1 20 1 47
0 11 1 1 9 12 55
0 11 1 0 15 7 148
0 11 1 0 4 18 178
0 11 0 20 3 0 52
0 11 0 18 4 1 47
0 11 0 16 5 2 98
0 11 0 15 0 8 23
0 11 0 14 6 3 22
0 11 0 13 1 9 195
0 11 0 12 7 4 125
0 11 0 11 2 10 65
0 11 0 10 8 5 177
0 11 0 9 14 0 144
0 11 0 9 3 11 65
0 11 0 8 9 6 63
0 11 0 7 15 1 170
0 11 0 7 4 12 105
0 11 0 6 10 7 188
0 11 0 5 16 2 178
0 11 0 5 5 13 13
0 11 0 4 11 8 6
0 11 0 4 0 19 45
0 11 0 3 17 3 27
0 11 0 3 6 14 2
0 11 0 2 12 9 189
0 11 0 2 1 20 183
0 11 0 1 18 4 137
0 11 0 1 7 15 5
0 11 0 0 13 10 188
0 11 0 0 2 21 87
0 10 23 1 0 0 111
0 10 21 2 1 0 176
0 10 21 0 2 1 28
0 10 20 0 0 4 196
0 10 19 3 2 0 162
0 10 19 1 3 1 66
0 10 18 3 0 3 99
0 10 18 1 1 4 41
0 10 17 4 3 0 113
0 10 17 2 4 1 97
0 10 17 0 5 2 113
0 10 16 6 0 2 61
0 10 16 4 1 3 131
0 10 16 2 2 4 24
0 10 16 0 3 5 146
0 10 15 5 4 0 30
0 10 15 3 5 1 73
0 10 15 2 0 7 95
0 10 15 1 6 2 85
0 10 15 0 1 8 123
0 10 14 9 0 1 25
0 10 14 7 1 2 67
0 10 14 5 2 3 148
0 10 14 3 3 4 116
0 10 14 1 4 5 119
0 10 14 0 10 0 13
0 10 13 6 5 0 114
0 10 13 5 0 6 64
0 10 13 4 6 1 158
0 10 13 3 1 7 195
0 10 13 2 7 2 128
0 10 13 1 2 8 198
0 10 13 0 8 3 135
0 10 12 12 0 0 187
0 10 12 10 1 1 16
0 10 12 8 2 2 80
0 10 12 6 3 3 81
0 10 12 4 4 4 166
0 10 12 2 5 5 42
0 10 12 1 11 0 171
0 10 12 1 0 11 21
0 10 12 0 6 6 62
0 10 11 8 0 5 106
0 10 11 7 6 0 18
0 10 11 6 1 6 155
0 10 11 5 7 1 16
0 10 11 4 2 7 38
0 10 11 2 3 8 188
0 10 11 1 9 3 184
0 10 11 0 4 9 11
0 10 10 13 1 0 144
0 10 10 11 2 1 132
0 10 10 9 3 2 124
0 10 10 7 4 3 101
0 10 10 5 5 4 138
0 10 10 4 0 10 177
0 10 10 3 6 5 22
0 10 10 2 12 0 156
0 10 10 2 1 11 20
0 10 10 1 7 6 169
0 10 10 0 13 1 177
0 10 10 0 2 12 74
0 10 9 11 0 4 43
0 10 9 9 1 5 116
0 10 9 8 7 0 137
0 10 9 7 2 6 39
0 10 9 6 8 1 54
0 10 9 5 3 7 55
0 10 9 4 9 2 133
0 10 9 3 4 8 193
0 10 9 2 10 3 25
0 10 9 1 5 9 6
0 10 9 0 11 4 143
0 10 9 0 0 15 151
0 10 8 14 2 0 47
0 10 8 12 3 1 35
0 10 8 10 4 2 193
0 10 8 8 5 3 145
0 10 8 7 0 9 126
0 10 8 6 6 4 6
0 10 8 5 1 10 50
0 10 8 4 7 5 38
0 10 8 3 13 0 51
0 10 8 3 2 11 45
0 10 8 2 8 6 47
0 10 8 1 14 1 144
0 10 8 1 3 12 87
0 10 8 0 9 7 60
0 10 7 14 0 3 69
0 10 7 12 1 4 51
0 10 7 10 2 5 18
0 10 7 9 8 0 197
0 10 7 8 3 6 184
0 10 7 7 9 1 30
0 10 7 6 4 7 152
0 10 7 5 10 2 89
0 10 7 4 5 8 147
0 10 7 3 11 3 157
0 10 7 3 0 14 65
0 10 7 2 6 9 6
0 10 7 1 12 4 111
0 10 7 1 1 15 5
0 10 7 0 7 10 7
0 10 6 15 3 0 50
0 10 6 13 4 1 66
0 10 6 11 5 2 77
0 10 6 10 0 8 18
0 10 6 9 6 3 112
0 10 6 8 1 9 143
0 10 6 7 7 4 58
0 10 6 6 2 10 106
0 10 6 5 8 5 12
0 10 6 4 14 0 146
0 10 6 4 3 11 102
0 10 6 3 9 6 86
0 10 6 2 15 1 41
0 10 6 2 4 12 54
0 10 6 1 10 7 111
0 10 6 0 16 2 42
0 10 6 0 5 13 171
0 10 5 17 0 2 174
0 10 5 15 1 3 190
0 10 5 13 2 4 46
0 10 5 11 3 5 61
0 10 5 10 9 0 180
0 10 5 9 4 6 13
0 10 5 8 10 1 149
0 10 5 7 5 7 10
0 10 5 6 11 2 166
0 10 5 6 0 13 55
0 10 5 5 6 8 38
0 10 5 4 12 3 122
0 10 5 4 1 14 111
0 10 5 3 7 9 78
0 10 5 2 13 4 104
0 10 5 2 2 15 178
0 10 5 1 8 10 155
0 10 5 0 14 5 161
0 10 5 0 3 16 3
0 10 4 16 4 0 106
0 10 4 14 5 1 62
0 10 4 13 0 7 179
0 10 4 12 6 2 35
0 10 4 11 1 8 197
0 10 4 10 7 3 77
0 10 4 9 2 9 164
0 10 4 8 8 4 135
0 10 4 7 3 10 141
0 10 4 6 9 5 19
0 10 4 5 15 0 184
0 10 4 5 4 11 15
0 10 4 4 10 6 184
0 10 4 3 16 1 144
0 10 4 3 5 12 5
0 10 4 2 11 7 172
0 10 4 2 0 18 68
0 10 4 1 17 2 182
0 10 4 1 6 13 134
0 10 4 0 12 8 34
0 10 4 0 1 19 114
0 10 3 20 0 1 126
0 10 3 18 1 2 25
0 10 3 16 2 3 187
0 10 3 14 3 4 25
0 10 3 12 4 5 119
0 10 3 11 10 0 15
0 10 3 10 5 6 44
0 10 3 9 11 1 129
0 10 3 9 0 12 194
0 10 3 8 6 7 86
0 10 3 7 12 2 82
0 10 3 7 1 13 116
0 10 3 6 7 8 91
0 10 3 5 13 3 45
0 10 3 5 2 14 180
0 10 3 4 8 9 49
0 10 3 3 14 4 37
0 10 3 3 3 15 180
0 10 3 2 9 10 36
0 10 3 1 15 5 22
0 10 3 1 4 16 25
0 10 3 0 21 0 47
0 10 3 0 10 11 90
0 10 2 17 5 0 5
0 10 2 16 0 6 181
0 10 2 15 6 1 159
0 10 2 14 1 7 7
0 10 2 13 7 2 131
0 10 2 12 2 8 73
0 10 2 11 8 3 122
0 10 2 10 3 9 83
0 10 2 9 9 4 170
0 10 2 8 4 10 1
0 10 2 7 10 5 194
0 10 2 6 16 0 41
0 10 2 6 5 11 19
0 10 2 5 11 6 56
0 10 2 5 0 17 43
0 10 2 4 17 1 113
0 10 2 4 6 12 108
0 10 2 3 12 7 159
0 10 2 3 1 18 130
0 10 2 2 18 2 11
0 10 2 2 7 13 97
0 10 2 1 13 8 28
0 10 2 1 2 19 71
0 10 2 0 19 3 24
0 10 2 0 8 14 110
0 10 1 23 0 0 130
0 10 1 21 1 1 141
0 10 1 19 2 2 148
0 10 1 17 3 3 163
0 10 1 15 4 4 134
0 10 1 13 5 5 181
0 10 1 12 11 0 145
0 10 1 12 0 11 115
0 10 1 11 6 6 102
0 10 1 10 12 1 73
0 10 1 10 1 12 42
0 10 1 9 7 7 109
0 10 1 8 13 2 45
0 10 1 8 2 13 133
0 10 1 7 8 8 41
0 10 1 6 14 3 138
0 10 1 6 3 14 64
0 10 1 5 9 9 34
0 10 1 4 15 4 147
0 10 1 4 4 15 37
0 10 1 3 10 10 162
0 10 1 2 16 5 134
0 10 1 2 5 16 150
0 10 1 1 22 0 33
0 10 1 1 11 11 154
0 10 1 1 0 22 48
0 10 1 0 17 6 114
0 10 1 0 6 17 22
0 10 0 19 0 5 64
0 10 0 18 6 0 80
0 10 0 17 1 6 113
0 10 0 16 7 1 102
0 10 0 15 2 7 180
0 10 0 14 8 2 68
0 10 0 13 3 8 188
0 10 0 12 9 3 122
0 10 0 11 4 9 156
0 10 0 10 10 4 134
0 10 0 9 5 10 178
0 10 0 8 11 5 169
0 10 0 8 0 16 122
0 10 0 7 17 0 38
0 10 0 7 6 11 17
0 10 0 6 12 6 63
0 10 0 6 1 17 101
0 10 0 5 18 1 47
0 10 0 5 7 12 162
0 10 0 4 13 7 3
0 10 0 4 2 18 60
0 10 0 3 19 2 82
0 10 0 3 8 13 61
0 10 0 2 14 8 119
0 10 0 2 3 19 2
0 10 0 1 20 3 155
0 10 0 1 9 14 113
0 10 0 0 15 9 190
0 10 0 0 4 20 37
0 9 22 1 0 2 152
0 9 21 0 4 0 197
0 9 20 4 0 1 190
0 9 20 2 1 2 47
0 9 20 0 2 3 147
0 9 19 1 5 0 171
0 9 19 0 0 6 46
0 9 18 7 0 0 141
0 9 18 5 1 1 54
0 9 18 3 2 2 174
0 9 18 1 3 3 182
0 9 17 3 0 5 116
0 9 17 2 6 0 78
0 9 17 1 1 6 18
0 9 17 0 7 1 134
0 9 16 8 1 0 54
0 9 16 6 2 1 110
0 9 16 4 3 2 27
0 9 16 2 4 3 39
0 9 16 0 5 4 131
0 9 15 6 0 4 151
0 9 15 4 1 5 85
0 9 15 3 7 0 118
0 9 15 2 2 6 74
0 9 15 1 8 1 172
0 9 15 0 3 7 109
0 9 14 9 2 0 183
0 9 14 7 3 1 16
0 9 14 5 4 2 161
0 9 14 3 5 3 37
0 9 14 2 0 9 122
0 9 14 1 6 4 194
0 9 14 0 1 10 158
0 9 13 9 0 3 27
0 9 13 7 1 4 107
0 9 13 5 2 5 33
0 9 13 4 8 0 32
0 9 13 3 3 6 130
0 9 13 2 9 1 106
0 9 13 1 4 7 192
0 9 13 0 10 2 96
0 9 12 10 3 0 185
0 9 12 8 4 1 194
0 9 12 6 5 2 17
0 9 12 5 0 8 190
0 9 12 4 6 3 140
0 9 12 3 1 9 157
0 9 12 2 7 4 71
0 9 12 1 2 10 25
0 9 12 0 8 5 69
0 9 11 12 0 2 135
0 9 11 10 1 3 40
0 9 11 8 2 4 171
0 9 11 6 3 5 1
0 9 11 5 9 0 159
0 9 11 4 4 6 132
0 9 11 3 10 1 172
0 9 11 2 5 7 57
0 9 11 1 11 2 186
0 9 11 1 0 13 193
0 9 11 0 6 8 66
0 9 10 11 4 0 94
0 9 10 9 5 1 84
0 9 10 8 0 7 148
0 9 10 7 6 2 110
0 9 10 6 1 8 154
0 9 10 5 7 3 170
0 9 10 4 2 9 47
0 9 10 3 8 4 172
0 9 10 2 3 10 164
0 9 10 1 9 5 191
0 9 10 0 15 0 147
0 9 10 0 4 11 140
0 9 9 15 0 1 115
0 9 9 13 1 2 55
0 9 9 11 2 3 82
0 9 9 9 3 4 27
0 9 9 7 4 5 188
0 9 9 6 10 0 94
0 9 9 5 5 6 194
0 9 9 4 11 1 45
0 9 9 4 0 12 62
0 9 9 3 6 7 161
0 9 9 2 12 2 5
0 9 9 2 1 13 108
0 9 9 1 7 8 58
0 9 9 0 13 3 11
0 9 9 0 2 14 84
0 9 8 12 5 0 8
0 9 8 11 0 6 67
0 9 8 10 6 1 74
0 9 8 9 1 7 84
0 9 8 8 7 2 131
0 9 8 7 2 8 177
0 9 8 6 8 3 29
0 9 8 5 3 9 72
0 9 8 4 9 4 175
0 9 8 3 4 10 89
0 9 8 2 10 5 180
0 9 8 1 16 0 17
0 9 8 1 5 11 173
0 9 8 0 11 6 42
0 9 8 0 0 17 126
0 9 7 18 0 0 148
0 9 7 16 1 1 119
0 9 7 14 2 2 79
0 9 7 12 3 3 34
0 9 7 10 4 4 47
0 9 7 8 5 5 194
0 9 7 7 11 0 108
0 9 7 7 0 11 111
0 9 7 6 6 6 37
0 9 7 5 12 1 186
0 9 7 5 1 12 159
0 9 7 4 7 7 141
0 9 7 3 13 2 141
0 9 7 3 2 13 142
0 9 7 2 8 8 157
0 9 7 1 14 3 38
0 9 7 1 3 14 23
0 9 7 0 9 9 61
0 9 6 14 0 5 166
0 9 6 13 6 0 145
0 9 6 12 1 6 64
0 9 6 11 7 1 178
0 9 6 10 2 7 185
0 9 6 9 8 2 110
0 9 6 8 3 8 176
0 9 6 7 9 3 175
0 9 6 6 4 9 60
0 9 6 5 10 4 173
0 9 6 4 5 10 177
0 9 6 3 11 5 195
0 9 6 3 0 16 133
0 9 6 2 17 0 155
0 9 6 2 6 11 70
0 9 6 1 12 6 53
0 9 6 1 1 17 114
0 9 6 0 18 1 190
0 9 6 0 7 12 147
0 9 5 19 1 0 118
0 9 5 17 2 1 15
0 9 5 15 3 2 179
0 9 5 13 4 3 72
0 9 5 11 5 4 35
0 9 5 10 0 10 142
0 9 5 9 6 5 37
0 9 5 8 1 11 88
0 9 5 7 7 6 175
0 9 5 6 13 1 67
0 9 5 6 2 12 158
0 9 5 5 8 7 94
0 9 5 4 14 2 12
0 9 5 4 3 13 48
0 9 5 3 9 8 145
0 9 5 2 15 3 134
0 9 5 2 4 14 41
0 9 5 1 10 9 174
0 9 5 0 16 4 182
0 9 5 0 5 15 145
0 9 4 17 0 4 3
0 9 4 15 1 5 191
0 9 4 14 7 0 13
0 9 4 13 2 6 94
0 9 4 12 8 1 167
0 9 4 11 3 7 186
0 9 4 10 9 2 63
0 9 4 9 4 8 118
0 9 4 8 10 3 26
0 9 4 7 5 9 7
0 9 4 6 11 4 187
0 9 4 6 0 15 143
0 9 4 5 6 10 193
0 9 4 4 12 5 38
0 9 4 4 1 16 139
0 9 4 3 18 0 175
0 9 4 3 7 11 167
0 9 4 2 13 6 1
0 9 4 2 2 17 194
0 9 4 1 19 1 186
0 9 4 1 8 12 178
0 9 4 0 14 7 6
0 9 4 0 3 18 86
0 9 3 20 2 0 107
0 9 3 18 3 1 61
0 9 3 16 4 2 123
0 9 3 14 5 3 4
0 9 3 13 0 9 173
0 9 3 12 6 4 194
0 9 3 11 1 10 169
0 9 3 10 7 5 18
0 9 3 9 13 0 141
0 9 3 9 2 11 141
0 9 3 8 8 6 149
0 9 3 7 14 1 130
0 9 3 7 3 12 105
0 9 3 6 9 7 146
0 9 3 5 15 2 95
0 9 3 5 4 13 91
0 9 3 4 10 8 147
0 9 3 3 16 3 101
0 9 3 3 5 14 116
0 9 3 2 11 9 189
0 9 3 2 0 20 36
0 9 3 1 17 4 84
0 9 3 1 6 15 9
0 9 3 0 12 10 198
0 9 3 0 1 21 8
0 9 2 20 0 3 56
0 9 2 18 1 4 168
0 9 2 16 2 5 74
0 9 2 15 8 0 184
0 9 2 14 3 6 7
0 9 2 13 9 1 25
0 9 2 12 4 7 127
0 9 2 11 10 2 147
0 9 2 10 5 8 191
0 9 2 9 11 3 74
0 9 2 9 0 14 40
0 9 2 8 6 9 178
0 9 2 7 1 15 167
0 9 2 6 7 10 116
0 9 2 5 13 5 151
0 9 2 5 2 16 69
0 9 2 4 19 0 124
0 9 2 4 8 11 51
0 9 2 3 14 6 50
0 9 2 3 3 17 28
0 9 2 2 20 1 165
0 9 2 2 9 12 45
0 9 2 1 15 7 162
0 9 2 1 4 18 86
0 9 2 0 21 2 73
0 9 2 0 10 13 76
0 9 1 21 3 0 146
0 9 1 19 4 1 148
0 9 1 17 5 2 41
0 9 1 16 0 8 99
0 9 1 15 6 3 117
0 9 1 14 1 9 71
0 9 1 13 7 4 186
0 9 1 12 2 10 20
0 9 1 11 8 5 79
0 9 1 10 14 0 46
0 9 1 10 3 11 138
0 9 1 9 9 6 46
0 9 1 8 15 1 124
0 9 1 8 4 12 34
0 9 1 7 10 7 143
0 9 1 6 16 2 101
0 9 1 6 5 13 61
0 9 1 5 11 8 138
0 9 1 5 0 19 165
0 9 1 4 17 3 87
0 9 1 4 6 14 44
0 9 1 3 12 9 140
0 9 1 3 1 20 90
0 9 1 2 18 4 59
0 9 1 2 7 15 160
0 9 1 1 13 10 44
0 9 1 1 2 21 151
0 9 1 0 19 5 6
0 9 1 0 8 16 59
0 9 0 23 0 2 159
0 9 0 21 1 3 87
0 9 0 19 2 4 90
0 9 0 17 3 5 119
0 9 0 16 9 0 143
0 9 0 15 4 6 48
0 9 0 14 10 1 184
0 9 0 13 5 7 50
0 9 0 12 11 2 18
0 9 0 12 0 13 192
0 9 0 11 6 8 169
0 9 0 10 12 3 18
0 9 0 10 1 14 24
0 9 0 9 7 9 183
0 9 0 8 13 4 84
0 9 0 8 2 15 186
0 9 0 7 8 10 27
0 9 0 6 14 5 6
0 9 0 6 3 16 99
0 9 0 5 20 0 3
0 9 0 5 9 11 171
0 9 0 4 15 6 109
0 9 0 4 4 17 36
0 9 0 3 21 1 137
0 9 0 3 10 12 190
0 9 0 2 16 7 178
0 9 0 2 5 18 195
0 9 0 1 22 2 6
0 9 0 1 11 13 132
0 9 0 1 0 24 20
0 9 0 0 17 8 12
0 9 0 0 6 19 150
0 8 24 2 0 0 17
0 8 24 0 1 1 134
0 8 22 3 1 0 35
0 8 22 1 2 1 102
0 8 21 1 0 4 77
0 8 20 4 2 0 13
0 8 20 2 3 1 162
0 8 20 0 4 2 101
0 8 19 4 0 3 106
0 8 19 2 1 4 187
0 8 19 0 2 5 39
0 8 18 5 3 0 168
0 8 18 3 4 1 80
0 8 18 1 5 2 57
0 8 18 0 0 8 123
0 8 17 7 0 2 168
0 8 17 5 1 3 87
0 8 17 3 2 4 130
0 8 17 1 3 5 149
0 8 17 0 9 0 113
0 8 16 6 4 0 169
0 8 16 4 5 1 33
0 8 16 3 0 7 198
0 8 16 2 6 2 78
0 8 16 1 1 8 189
0 8 16 0 7 3 72
0 8 15 10 0 1 114
0 8 15 8 1 2 114
0 8 15 6 2 3 122
0 8 15 4 3 4 165
0 8 15 2 4 5 55
0 8 15 1 10 0 154
0 8 15 0 5 6 165
0 8 14 7 5 0 115
0 8 14 5 6 1 75
0 8 14 4 1 7 90
0 8 14 3 7 2 151
0 8 14 2 2 8 11
0 8 14 1 8 3 176
0 8 14 0 3 9 193
0 8 13 13 0 0 92
0 8 13 11 1 1 151
0 8 13 9 2 2 58
0 8 13 7 3 3 154
0 8 13 5 4 4 182
0 8 13 3 5 5 190
0 8 13 2 11 0 60
0 8 13 2 0 11 157
0 8 13 1 6 6 181
0 8 13 0 12 1 28
0 8 13 0 1 12 66
0 8 12 9 0 5 150
0 8 12 8 6 0 111
0 8 12 7 1 6 83
0 8 12 6 7 1 33
0 8 12 5 2 7 116
0 8 12 4 8 2 193
0 8 12 3 3 8 183
0 8 12 2 9 3 127
0 8 12 1 4 9 140
0 8 12 0 10 4 67
0 8 11 14 1 0 135
0 8 11 12 2 1 60
0 8 11 10 3 2 90
0 8 11 8 4 3 48
0 8 11 6 5 4 134
0 8 11 5 0 10 19
0 8 11 4 6 5 82
0 8 11 3 12 0 195
0 8 11 3 1 11 23
0 8 11 2 7 6 11
0 8 11 1 13 1 101
0 8 11 1 2 12 59
0 8 11 0 8 7 27
0 8 10 12 0 4 143
0 8 10 10 1 5 10
0 8 10 9 7 0 197
0 8 10 8 2 6 118
0 8 10 7 8 1 84
0 8 10 6 3 7 72
0 8 10 5 9 2 132
0 8 10 4 4 8 87
0 8 10 3 10 3 195
0 8 10 2 5 9 87
0 8 10 1 11 4 41
0 8 10 1 0 15 76
0 8 10 0 6 10 140
0 8 9 15 2 0 176
0 8 9 13 3 1 112
0 8 9 11 4 2 40
0 8 9 9 5 3 92
0 8 9 8 0 9 46
0 8 9 7 6 4 98
0 8 9 6 1 10 59
0 8 9 5 7 5 70
0 8 9 4 13 0 42
0 8 9 4 2 11 114
0 8 9 3 8 6 147
0 8 9 2 14 1 107
0 8 9 2 3 12 69
0 8 9 1 9 7 170
0 8 9 0 15 2 95
0 8 9 0 4 13 172
0 8 8 15 0 3 57
0 8 8 13 1 4 160
0 8 8 11 2 5 117
0 8 8 10 8 0 65
0 8 8 9 3 6 45
0 8 8 8 9 1 27
0 8 8 7 4 7 119
0 8 8 6 10 2 191
0 8 8 5 5 8 39
0 8 8 4 11 3 27
0 8 8 4 0 14 113
0 8 8 3 6 9 122
0 8 8 2 12 4 25
0 8 8 2 1 15 61
0 8 8 1 7 10 105
0 8 8 0 13 5 163
0 8 8 0 2 16 57
0 8 7 16 3 0 35
0 8 7 14 4 1 84
0 8 7 12 5 2 48
0 8 7 11 0 8 158
0 8 7 10 6 3 58
0 8 7 9 1 9 114
0 8 7 8 7 4 186
0 8 7 7 2 10 154
0 8 7 6 8 5 126
0 8 7 5 14 0 170
0 8 7 5 3 11 32
0 8 7 4 9 6 101
0 8 7 3 15 1 169
0 8 7 3 4 12 23
0 8 7 2 10 7 82
0 8 7 1 16 2 186
0 8 7 1 5 13 77
0 8 7 0 11 8 190
0 8 7 0 0 19 173
0 8 6 18 0 2 92
0 8 6 16 1 3 191
0 8 6 14 2 4 79
0 8 6 12 3 5 184
0 8 6 11 9 0 104
0 8 6 10 4 6 77
0 8 6 9 10 1 145
0 8 6 8 5 7 23
0 8 6 7 11 2 122
0 8 6 7 0 13 60
0 8 6 6 6 8 63
0 8 6 5 12 3 89
0 8 6 5 1 14 190
0 8 6 4 7 9 171
0 8 6 3 13 4 66
0 8 6 3 2 15 77
0 8 6 2 8 10 33
0 8 6 1 14 5 44
0 8 6 1 3 16 127
0 8 6 0 20 0 182
0 8 6 0 9 11 66
0 8 5 17 4 0 186
0 8 5 15 5 1 124
0 8 5 14 0 7 42
0 8 5 13 6 2 134
0 8 5 12 1 8 118
0 8 5 11 7 3 93
0 8 5 10 2 9 25
0 8 5 9 8 4 160
0 8 5 8 3 10 24
0 8 5 7 9 5 132
0 8 5 6 15 0 93
0 8 5 6 4 11 130
0 8 5 5 10 6 164
0 8 5 4 16 1 172
0 8 5 4 5 12 21
0 8 5 3 11 7 133
0 8 5 3 0 18 128
0 8 5 2 17 2 39
0 8 5 2 6 13 59
0 8 5 1 12 8 151
0 8 5 1 1 19 198
0 8 5 0 18 3 142
0 8 5 0 7 14 22
0 8 4 21 0 1 103
0 8 4 19 1 2 25
0 8 4 17 2 3 126
0 8 4 15 3 4 81
0 8 4 13 4 5 132
0 8 4 12 10 0 192
0 8 4 11 5 6 113
0 8 4 10 11 1 193
0 8 4 10 0 12 14
0 8 4 9 6 7 176
0 8 4 8 12 2 49
0 8 4 8 1 13 180
0 8 4 7 7 8 163
0 8 4 6 13 3 183
0 8 4 6 2 14 151
0 8 4 5 8 9 81
0 8 4 4 14 4 29
0 8 4 4 3 15 42
0 8 4 3 9 10 186
0 8 4 2 15 5 18
0 8 4 2 4 16 135
0 8 4 1 21 0 14
0 8 4 1 10 11 49
0 8 4 0 16 6 73
0 8 4 0 5 17 113
0 8 3 18 5 0 16
0 8 3 17 0 6 70
0 8 3 16 6 1 88
0 8 3 15 1 7 147
0 8 3 14 7 2 49
0 8 3 13 2 8 21
0 8 3 12 8 3 175
0 8 3 11 3 9 165
0 8 3 10 9 4 154
0 8 3 9 4 10 17
0 8 3 8 10 5 133
0 8 3 7 16 0 187
0 8 3 7 5 11 77
0 8 3 6 11 6 80
0 8 3 6 0 17 33
0 8 3 5 17 1 192
0 8 3 5 6 12 132
0 8 3 4 12 7 85
0 8 3 4 1 18 154
0 8 3 3 18 2 11
0 8 3 3 7 13 196
0 8 3 2 13 8 163
0 8 3 2 2 19 7
0 8 3 1 19 3 12
0 8 3 1 8 14 128
0 8 3 0 14 9 169
0 8 3 0 3 20 89
0 8 2 24 0 0 119
0 8 2 22 1 1 194
0 8 2 20 2 2 13
0 8 2 18 3 3 15
0 8 2 16 4 4 100
0 8 2 14 5 5 187
0 8 2 13 11 0 135
0 8 2 13 0 11 20
0 8 2 12 6 6 96
0 8 2 11 12 1 161
0 8 2 11 1 12 48
0 8 2 10 7 7 123
0 8 2 9 13 2 51
0 8 2 9 2 13 88
0 8 2 8 8 8 64
0 8 2 7 14 3 32
0 8 2 7 3 14 20
0 8 2 6 9 9 192
0 8 2 5 15 4 180
0 8 2 5 4 15 78
0 8 2 4 10 10 73
0 8 2 3 16 5 182
0 8 2 3 5 16 139
0 8 2 2 22 0 60
0 8 2 2 11 11 161
0 8 2 2 0 22 186
0 8 2 1 17 6 177
0 8 2 1 6 17 6
0 8 2 0 23 1 109
0 8 2 0 12 12 81
0 8 2 0 1 23 133
0 8 1 20 0 5 31
0 8 1 19 6 0 49
0 8 1 18 1 6 179
0 8 1 17 7 1 82
0 8 1 16 2 7 34
0 8 1 15 8 2 194
0 8 1 14 3 8 124
0 8 1 13 9 3 134
0 8 1 12 4 9 184
0 8 1 11 10 4 136
0 8 1 10 5 10 130
0 8 1 9 11 5 142
0 8 1 9 0 16 33
0 8 1 8 17 0 7
0 8 1 8 6 11 171
0 8 1 7 12 6 64
0 8 1 7 1 17 32
0 8 1 6 18 1 144
0 8 1 6 7 12 102
0 8 1 5 13 7 76
0 8 1 5 2 18 50
0 8 1 4 19 2 155
0 8 1 4 8 13 149
0 8 1 3 14 8 73
0 8 1 3 3 19 179
0 8 1 2 20 3 13
0 8 1 2 9 14 47
0 8 1 1 15 9 150
0 8 1 1 4 20 177
0 8 1 0 21 4 120
0 8 1 0 10 15 142
0 8 0 25 1 0 68
0 8 0 23 2 1 190
0 8 0 21 3 2 151
0 8 0 19 4 3 64
0 8 0 17 5 4 37
0 8 0 16 0 10 112
0 8 0 15 6 5 194
0 8 0 14 12 0 163
0 8 0 14 1 11 93
0 8 0 13 7 6 106
0 8 0 12 13 1 17
0 8 0 12 2 12 128
0 8 0 11 8 7 11
0 8 0 10 14 2 1
0 8 0 10 3 13 142
0 8 0 9 9 8 9
0 8 0 8 15 3 18
0 8 0 8 4 14 104
0 8 0 7 10 9 133
0 8 0 6 16 4 115
0 8 0 6 5 15 153
0 8 0 5 11 10 19
0 8 0 5 0 21 165
0 8 0 4 17 5 7
0 8 0 4 6 16 171
0 8 0 3 23 0 177
0 8 0 3 12 11 191
0 8 0 3 1 22 139
0 8 0 2 18 6 76
0 8 0 2 7 17 34
0 8 0 1 24 1 47
0 8 0 1 13 12 103
0 8 0 1 2 23 17
0 8 0 0 19 7 157
0 8 0 0 8 18 1
0 7 24 0 3 0 63
0 7 23 2 0 2 154
0 7 23 0 1 3 107
0 7 22 1 4 0 166
0 7 21 5 0 1 97
0 7 21 3 1 2 157
0 7 21 1 2 3 192
0 7 20 2 5 0 43
0 7 20 1 0 6 82
0 7 20 0 6 1 21
0 7 19 8 0 0 7
0 7 19 6 1 1 112
0 7 19 4 2 2 189
0 7 19 2 3 3 175
0 7 19 0 4 4 173
0 7 18 4 0 5 26
0 7 18 3 6 0 80
0 7 18 2 1 6 193
0 7 18 1 7 1 72
0 7 18 0 2 7 197
0 7 17 9 1 0 138
0 7 17 7 2 1 129
0 7 17 5 3 2 8
0 7 17 3 4 3 144
0 7 17 1 5 4 57
0 7 17 0 0 10 152
0 7 16 7 0 4 194
0 7 16 5 1 5 142
0 7 16 4 7 0 58
0 7 16 3 2 6 122
0 7 16 2 8 1 15
0 7 16 1 3 7 115
0 7 16 0 9 2 105
0 7 15 10 2 0 188
0 7 15 8 3 1 137
0 7 15 6 4 2 78
0 7 15 4 5 3 120
0 7 15 3 0 9 39
0 7 15 2 6 4 27
0 7 15 1 1 10 171
0 7 15 0 7 5 30
0 7 14 10 0 3 117
0 7 14 8 1 4 141
0 7 14 6 2 5 189
0 7 14 5 8 0 105
0 7 14 4 3 6 191
0 7 14 3 9 1 125
0 7 14 2 4 7 106
0 7 14 1 10 2 80
0 7 14 0 5 8 26
0 7 13 11 3 0 129
0 7 13 9 4 1 108
0 7 13 7 5 2 114
0 7 13 6 0 8 1
0 7 13 5 6 3 77
0 7 13 4 1 9 153
0 7 13 3 7 4 25
0 7 13 2 2 10 118
0 7 13 1 8 5 121
0 7 13 0 14 0 176
0 7 13 0 3 11 107
0 7 12 13 0 2 65
0 7 12 11 1 3 191
0 7 12 9 2 4 186
0 7 12 7 3 5 10
0 7 12 6 9 0 86
0 7 12 5 4 6 100
0 7 12 4 10 1 129
0 7 12 3 5 7 33
0 7 12 2 11 2 124
0 7 12 2 0 13 17
0 7 12 1 6 8 111
0 7 12 0 12 3 179
0 7 12 0 1 14 155
0 7 11 12 4 0 27
0 7 11 10 5 1 15
0 7 11 9 0 7 34
0 7 11 8 6 2 107
0 7 11 7 1 8 9
0 7 11 6 7 3 146
0 7 11 5 2 9 142
0 7 11 4 8 4 192
0 7 11 3 3 10 174
0 7 11 2 9 5 187
0 7 11 1 15 0 158
0 7 11 1 4 11 32
0 7 11 0 10 6 7
0 7 10 16 0 1 161
0 7 10 14 1 2 144
0 7 10 12 2 3 89
0 7 10 10 3 4 136
0 7 10 8 4 5 101
0 7 10 7 10 0 66
0 7 10 6 5 6 3
0 7 10 5 11 1 91
0 7 10 5 0 12 18
0 7 10 4 6 7 168
0 7 10 3 12 2 149
0 7 10 3 1 13 84
0 7 10 2 7 8 15
0 7 10 1 13 3 158
0 7 10 1 2 14 60
0 7 10 0 8 9 113
0 7 9 13 5 0 121
0 7 9 12 0 6 81
0 7 9 10 1 7 116
0 7 9 9 7 2 14
0 7 9 8 2 8 128
0 7 9 7 8 3 22
0 7 9 6 3 9 61
0 7 9 5 9 4 127
0 7 9 4 4 10 88
0 7 9 3 10 5 109
0 7 9 2 16 0 89
0 7 9 2 5 11 118
0 7 9 1 11 6 171
0 7 9 1 0 17 178
0 7 9 0 17 1 148
0 7 9 0 6 12 72
0 7 8 19 0 0 135
0 7 8 17 1 1 138
0 7 8 15 2 2 110
0 7 8 13 3 3 25
0 7 8 11 4 4 44
0 7 8 9 5 5 122
0 7 8 8 11 0 33
0 7 8 8 0 11 113
0 7 8 7 6 6 12
0 7 8 6 12 1 27
0 7 8 6 1 12 73
0 7 8 5 7 7 34
0 7 8 4 13 2 123
0 7 8 4 2 13 81
0 7 8 3 8 8 96
0 7 8 2 14 3 166
0 7 8 2 3 14 163
0 7 8 1 9 9 75
0 7 8 0 15 4 70
0 7 8 0 4 15 124
0 7 7 15 0 5 13
0 7 7 14 6 0 70
0 7 7 13 1 6 62
0 7 7 12 7 1 157
0 7 7 11 2 7 181
0 7 7 10 8 2 48
0 7 7 9 3 8 98
0 7 7 8 9 3 172
0 7 7 7 4 9 142
0 7 7 6 10 4 66
0 7 7 5 5 10 150
0 7 7 4 11 5 181
0 7 7 4 0 16 198
0 7 7 3 17 0 13
0 7 7 3 6 11 143
0 7 7 2 12 6 87
0 7 7 2 1 17 185
0 7 7 1 18 1 21
0 7 7 1 7 12 134
0 7 7 0 13 7 87
0 7 7 0 2 18 39
0 7 6 20 1 0 17
0 7 6 18 2 1 191
0 7 6 16 3 2 18
0 7 6 14 4 3 175
0 7 6 12 5 4 154
0 7 6 11 0 10 1
0 7 6 10 6 5 150
0 7 6 9 12 0 53
0 7 6 9 1 11 179
0 7 6 8 7 6 133
0 7 6 7 13 1 61
0 7 6 7 2 12 112
0 7 6 6 8 7 162
0 7 6 5 14 2 25
0 7 6 5 3 13 19
0 7 6 4 9 8 87
0 7 6 3 15 3 24
0 7 6 3 4 14 149
0 7 6 2 10 9 19
0 7 6 1 16 4 53
0 7 6 1 5 15 57
0 7 6 0 11 10 142
0 7 6 0 0 21 104
0 7 5 18 0 4 45
0 7 5 16 1 5 126
0 7 5 15 7 0 29
0 7 5 14 2 6 103
0 7 5 13 8 1 196
0 7 5 12 3 7 191
0 7 5 11 9 2 81
0 7 5 10 4 8 117
0 7 5 9 10 3 25
0 7 5 8 5 9 171
0 7 5 7 11 4 121
0 7 5 7 0 15 136
0 7 5 6 6 10 117
0 7 5 5 12 5 36
0 7 5 5 1 16 101
0 7 5 4 18 0 4
0 7 5 4 7 11 20
0 7 5 3 13 6 45
0 7 5 3 2 17 15
0 7 5 2 19 1 32
0 7 5 2 8 12 2
0 7 5 1 14 7 97
0 7 5 1 3 18 21
0 7 5 0 20 2 181
0 7 5 0 9 13 16
0 7 4 21 2 0 159
0 7 4 19 3 1 68
0 7 4 17 4 2 97
0 7 4 15 5 3 160
0 7 4 14 0 9 128
0 7 4 13 6 4 9
0 7 4 12 1 10 190
0 7 4 11 7 5 125
0 7 4 10 13 0 75
0 7 4 10 2 11 52
0 7 4 9 8 6 34
0 7 4 8 14 1 62
0 7 4 8 3 12 197
0 7 4 7 9 7 138
0 7 4 6 15 2 81
0 7 4 6 4 13 189
0 7 4 5 10 8 81
0 7 4 4 16 3 22
0 7 4 4 5 14 188
0 7 4 3 11 9 26
0 7 4 3 0 20 82
0 7 4 2 17 4 134
0 7 4 2 6 15 10
0 7 4 1 12 10 67
0 7 4 1 1 21 91
0 7 4 0 18 5 93
0 7 4 0 7 16 7
0 7 3 21 0 3 170
0 7 3 19 1 4 52
0 7 3 17 2 5 55
0 7 3 16 8 0 69
0 7 3 15 3 6 92
0 7 3 14 9 1 173
0 7 3 13 4 7 165
0 7 3 12 10 2 26
0 7 3 11 5 8 16
0 7 3 10 11 3 198
0 7 3 10 0 14 37
0 7 3 9 6 9 33
0 7 3 8 12 4 102
0 7 3 8 1 15 180
0 7 3 7 7 10 182
0 7 3 6 13 5 187
0 7 3 6 2 16 42
0 7 3 5 19 0 52
0 7 3 5 8 11 66
0 7 3 4 14 6 191
0 7 3 4 3 17 148
0 7 3 3 20 1 137
0 7 3 3 9 12 114
0 7 3 2 15 7 95
0 7 3 2 4 18 158
0 7 3 1 21 2 41
0 7 3 1 10 13 183
0 7 3 0 16 8 90
0 7 3 0 5 19 173
0 7 2 22 3 0 163
0 7 2 20 4 1 1
0 7 2 18 5 2 5
0 7 2 17 0 8 81
0 7 2 16 6 3 9
0 7 2 15 1 9 126
0 7 2 14 7 4 59
0 7 2 13 2 10 13
0 7 2 12 8 5 166
0 7 2 11 14 0 48
0 7 2 11 3 11 27
0 7 2 10 9 6 107
0 7 2 9 15 1 76
0 7 2 9 4 12 139
0 7 2 8 10 7 169
0 7 2 7 16 2 129
0 7 2 7 5 13 58
0 7 2 6 11 8 152
0 7 2 6 0 19 91
0 7 2 5 17 3 150
0 7 2 5 6 14 116
0 7 2 4 12 9 106
0 7 2 4 1 20 32
0 7 2 3 18 4 82
0 7 2 3 7 15 152
0 7 2 2 13 10 188
0 7 2 2 2 21 26
0 7 2 1 19 5 182
0 7 2 1 8 16 17
0 7 2 0 25 0 69
0 7 2 0 14 11 151
0 7 2 0 3 22 63
0 7 1 24 0 2 195
0 7 1 22 1 3 183
0 7 1 20 2 4 44
0 7 1 18 3 5 104
0 7 1 17 9 0 175
0 7 1 16 4 6 63
0 7 1 15 10 1 87
0 7 1 14 5 7 75
0 7 1 13 11 2 49
0 7 1 13 0 13 27
0 7 1 12 6 8 119
0 7 1 11 12 3 132
0 7 1 11 1 14 186
0 7 1 10 7 9 128
0 7 1 9 13 4 108
0 7 1 9 2 15 7
0 7 1 8 8 10 21
0 7 1 7 14 5 88
0 7 1 7 3 16 150
0 7 1 6 20 0 100
0 7 1 6 9 11 191
0 7 1 5 15 6 65
0 7 1 5 4 17 74
0 7 1 4 21 1 172
0 7 1 4 10 12 52
0 7 1 3 16 7 59
0 7 1 3 5 18 8
0 7 1 2 22 2 163
0 7 1 2 11 13 105
0 7 1 2 0 24 10
0 7 1 1 17 8 144
0 7 1 1 6 19 105
0 7 1 0 23 3 173
0 7 1 0 12 14 103
0 7 1 0 1 25 35
0 7 0 23 4 0 44
0 7 0 21 5 1 192
0 7 0 20 0 7 50
0 7 0 19 6 2 18
0 7 0 18 1 8 187
0 7 0 17 7 3 109
0 7 0 16 2 9 153
0 7 0 15 8 4 147
0 7 0 14 3 10 28
0 7 0 13 9 5 194
0 7 0 12 15 0 84
0 7 0 12 4 11 86
0 7 0 11 10 6 191
0 7 0 10 16 1 10
0 7 0 10 5 12 196
0 7 0 9 11 7 165
0 7 0 9 0 18 190
0 7 0 8 17 2 62
0 7 0 8 6 13 17
0 7 0 7 12 8 183
0 7 0 7 1 19 39
0 7 0 6 18 3 81
0 7 0 5 13 9 155
0 7 0 5 2 20 195
0 7 0 4 19 4 180
0 7 0 4 8 15 39
0 7 0 3 14 10 43
0 7 0 3 3 21 46
0 7 0 2 20 5 154
0 7 0 2 9 16 84
0 7 0 1 26 0 41
0 7 0 1 15 11 183
0 7 0 1 4 22 107
0 7 0 0 21 6 133
0 7 0 0 10 17 45
0 6 27 0 0 1 188
0 6 25 3 0 0 20
0 6 25 1 1 1 163
0 6 23 4 1 0 177
0 6 23 2 2 1 34
0 6 23 0 3 2 14
0 6 22 2 0 4 167
0 6 22 0 1 5 47
0 6 21 5 2 0 197
0 6 21 3 3 1 149
0 6 21 1 4 2 180
0 6 20 5 0 3 13
0 6 20 3 1 4 179
0 6 20 1 2 5 68
0 6 20 0 8 0 73
0 6 19 6 3 0 131
0 6 19 4 4 1 46
0 6 19 2 5 2 15
0 6 19 1 0 8 114
0 6 19 0 6 3 53
0 6 18 8 0 2 92
0 6 18 6 1 3 126
0 6 18 4 2 4 163
0 6 18 2 3 5 71
0 6 18 1 9 0 86
0 6 18 0 4 6 120
0 6 17 7 4 0 90
0 6 17 5 5 1 58
0 6 17 4 0 7 151
0 6 17 3 6 2 161
0 6 17 2 1 8 119
0 6 17 1 7 3 41
0 6 17 0 2 9 112
0 6 16 11 0 1 161
0 6 16 9 1 2 98
0 6 16 7 2 3 85
0 6 16 5 3 4 94
0 6 16 3 4 5 77
0 6 16 2 10 0 113
0 6 16 1 5 6 123
0 6 16 0 11 1 63
0 6 16 0 0 12 89
0 6 15 8 5 0 148
0 6 15 7 0 6 95
0 6 15 6 6 1 19
0 6 15 5 1 7 69
0 6 15 4 7 2 153
0 6 15 3 2 8 32
0 6 15 2 8 3 18
0 6 15 1 3 9 166
0 6 15 0 9 4 12
0 6 14 14 0 0 8
0 6 14 12 1 1 148
0 6 14 10 2 2 14
0 6 14 8 3 3 149
0 6 14 6 4 4 10
0 6 14 4 5 5 32
0 6 14 3 11 0 89
0 6 14 3 0 11 121
0 6 14 2 6 6 82
0 6 14 1 12 1 12
0 6 14 1 1 12 56
0 6 14 0 7 7 98
0 6 13 10 0 5 196
0 6 13 9 6 0 79
0 6 13 8 1 6 63
0 6 13 7 7 1 41
0 6 13 6 2 7 62
0 6 13 5 8 2 8
0 6 13 4 3 8 91
0 6 13 3 9 3 168
0 6 13 2 4 9 194
0 6 13 1 10 4 170
0 6 13 0 5 10 175
0 6 12 15 1 0 122
0 6 12 13 2 1 6
0 6 12 11 3 2 92
0 6 12 9 4 3 174
0 6 12 7 5 4 41
0 6 12 6 0 10 70
0 6 12 5 6 5 148
0 6 12 4 12 0 44
0 6 12 4 1 11 59
0 6 12 3 7 6 63
0 6 12 2 13 1 172
0 6 12 2 2 12 106
0 6 12 1 8 7 190
0 6 12 0 14 2 2
0 6 12 0 3 13 80
0 6 11 13 0 4 58
0 6 11 11 1 5 160
0 6 11 10 7 0 55
0 6 11 9 2 6 27
0 6 11 8 8 1 181
0 6 11 7 3 7 79
0 6 11 6 9 2 173
0 6 11 5 4 8 26
0 6 11 4 10 3 91
0 6 11 3 5 9 56
0 6 11 2 11 4 55
0 6 11 2 0 15 23
0 6 11 1 6 10 78
0 6 11 0 12 5 35
0 6 11 0 1 16 35
0 6 10 16 2 0 34
0 6 10 14 3 1 30
0 6 10 12 4 2 145
0 6 10 10 5 3 118
0 6 10 9 0 9 56
0 6 10 8 6 4 88
0 6 10 7 1 10 51
0 6 10 6 7 5 84
0 6 10 5 13 0 158
0 6 10 5 2 11 143
0 6 10 4 8 6 36
0 6 10 3 14 1 26
0 6 10 3 3 12 197
0 6 10 2 9 7 45
0 6 10 1 15 2 187
0 6 10 1 4 13 38
0 6 10 0 10 8 77
0 6 9 16 0 3 175
0 6 9 14 1 4 49
0 6 9 12 2 5 82
0 6 9 11 8 0 130
0 6 9 10 3 6 105
0 6 9 9 9 1 49
0 6 9 8 4 7 109
0 6 9 7 10 2 60
0 6 9 6 5 8 74
0 6 9 5 11 3 36
0 6 9 5 0 14 95
0 6 9 4 6 9 17
0 6 9 3 12 4 90
0 6 9 3 1 15 32
0 6 9 2 7 10 85
0 6 9 1 13 5 129
0 6 9 1 2 16 137
0 6 9 0 19 0 67
0 6 9 0 8 11 70
0 6 8 17 3 0 129
0 6 8 15 4 1 178
0 6 8 13 5 2 100
0 6 8 12 0 8 153
0 6 8 11 6 3 41
0 6 8 10 1 9 194
0 6 8 9 7 4 16
0 6 8 8 2 10 145
0 6 8 7 8 5 74
0 6 8 6 14 0 6
0 6 8 6 3 11 92
0 6 8 5 9 6 198
0 6 8 4 15 1 117
0 6 8 4 4 12 118
0 6 8 3 10 7 56
0 6 8 2 16 2 49
0 6 8 2 5 13 133
0 6 8 1 11 8 15
0 6 8 1 0 19 167
0 6 8 0 17 3 87
0 6 8 0 6 14 52
0 6 7 19 0 2 168
0 6 7 17 1 3 151
0 6 7 15 2 4 112
0 6 7 13 3 5 35
0 6 7 12 9 0 8
0 6 7 11 4 6 90
0 6 7 10 10 1 17
0 6 7 9 5 7 37
0 6 7 8 11 2 99
0 6 7 8 0 13 168
0 6 7 7 6 8 81
0 6 7 6 12 3 143
0 6 7 6 1 14 17
0 6 7 5 7 9 133
0 6 7 4 13 4 14
0 6 7 4 2 15 188
0 6 7 3 8 10 168
0 6 7 2 14 5 194
0 6 7 2 3 16 11
0 6 7 1 20 0 17
0 6 7 1 9 11 64
0 6 7 0 15 6 116
0 6 7 0 4 17 86
0 6 6 18 4 0 53
0 6 6 16 5 1 168
0 6 6 15 0 7 115
0 6 6 14 6 2 78
0 6 6 13 1 8 22
0 6 6 12 7 3 31
0 6 6 11 2 9 25
0 6 6 10 8 4 23
0 6 6 9 3 10 141
0 6 6 8 9 5 18
0 6 6 7 15 0 86
0 6 6 7 4 11 185
0 6 6 6 10 6 168
0 6 6 5 16 1 151
0 6 6 5 5 12 163
0 6 6 4 11 7 184
0 6 6 4 0 18 7
0 6 6 3 17 2 186
0 6 6 3 6 13 6
0 6 6 2 12 8 108
0 6 6 2 1 19 104
0 6 6 1 18 3 24
0 6 6 1 7 14 53
0 6 6 0 13 9 117
0 6 6 0 2 20 166
0 6 5 22 0 1 35
0 6 5 20 1 2 166
0 6 5 18 2 3 107
0 6 5 16 3 4 166
0 6 5 14 4 5 115
0 6 5 13 10 0 56
0 6 5 12 5 6 59
0 6 5 11 11 1 46
0 6 5 11 0 12 44
0 6 5 10 6 7 23
0 6 5 9 12 2 60
0 6 5 9 1 13 129
0 6 5 8 7 8 27
0 6 5 7 13 3 118
0 6 5 7 2 14 109
0 6 5 6 8 9 56
0 6 5 5 14 4 30
0 6 5 5 3 15 15
0 6 5 4 9 10 163
0 6 5 3 15 5 79
0 6 5 3 4 16 69
0 6 5 2 21 0 25
0 6 5 2 10 11 128
0 6 5 1 16 6 77
0 6 5 1 5 17 122
0 6 5 0 22 1 97
0 6 5 0 11 12 41
0 6 5 0 0 23 20
0 6 4 19 5 0 126
0 6 4 18 0 6 28
0 6 4 17 6 1 114
0 6 4 16 1 7 120
0 6 4 15 7 2 141
0 6 4 14 2 8 83
0 6 4 13 8 3 102
0 6 4 12 3 9 29
0 6 4 11 9 4 126
0 6 4 10 4 10 150
0 6 4 9 10 5 97
0 6 4 8 16 0 95
0 6 4 8 5 11 163
0 6 4 7 11 6 24
0 6 4 7 0 17 104
0 6 4 6 17 1 28
0 6 4 6 6 12 37
0 6 4 5 12 7 35
0 6 4 5 1 18 179
0 6 4 4 18 2 13
0 6 4 4 7 13 52
0 6 4 3 13 8 186
0 6 4 3 2 19 20
0 6 4 2 19 3 105
0 6 4 2 8 14 115
0 6 4 1 14 9 132
0 6 4 1 3 20 19
0 6 4 0 20 4 159
0 6 4 0 9 15 43
0 6 3 25 0 0 54
0 6 3 23 1 1 138
0 6 3 21 2 2 74
0 6 3 19 3 3 72
0 6 3 17 4 4 194
0 6 3 15 5 5 116
0 6 3 14 11 0 167
0 6 3 14 0 11 149
0 6 3 13 6 6 128
0 6 3 12 12 1 6
0 6 3 12 1 12 193
0 6 3 11 7 7 137
0 6 3 10 13 2 31
0 6 3 10 2 13 106
0 6 3 9 8 8 78
0 6 3 8 3 14 98
0 6 3 7 9 9 185
0 6 3 6 15 4 167
0 6 3 6 4 15 35
0 6 3 5 10 10 139
0 6 3 4 16 5 56
0 6 3 4 5 16 75
0 6 3 3 22 0 153
0 6 3 3 11 11 114
0 6 3 2 17 6 98
0 6 3 2 6 17 125
0 6 3 1 23 1 74
0 6 3 1 12 12 54
0 6 3 1 1 23 144
0 6 3 0 18 7 116
0 6 3 0 7 18 130
0 6 2 21 0 5 179
0 6 2 20 6 0 112
0 6 2 19 1 6 143
0 6 2 18 7 1 30
0 6 2 17 2 7 194
0 6 2 16 8 2 20
0 6 2 15 3 8 187
0 6 2 14 9 3 65
0 6 2 13 4 9 76
0 6 2 12 10 4 143
0 6 2 11 5 10 57
0 6 2 10 11 5 56
0 6 2 10 0 16 137
0 6 2 9 17 0 39
0 6 2 9 6 11 48
0 6 2 8 12 6 44
0 6 2 8 1 17 130
0 6 2 7 18 1 99
0 6 2 7 7 12 51
0 6 2 6 13 7 166
0 6 2 6 2 18 31
0 6 2 5 19 2 81
0 6 2 5 8 13 64
0 6 2 4 14 8 71
0 6 2 4 3 19 104
0 6 2 3 20 3 70
0 6 2 3 9 14 190
0 6 2 2 15 9 87
0 6 2 2 4 20 78
0 6 2 1 21 4 166
0 6 2 1 10 15 13
0 6 2 0 16 10 27
0 6 2 0 5 21 80
0 6 1 26 1 0 62
0 6 1 24 2 1 133
0 6 1 22 3 2 56
0 6 1 20 4 3 61
0 6 1 18 5 4 192
0 6 1 17 0 10 147
0 6 1 16 6 5 42
0 6 1 15 12 0 24
0 6 1 15 1 11 103
0 6 1 14 7 6 39
0 6 1 13 13 1 137
0 6 1 13 2 12 115
0 6 1 12 8 7 130
0 6 1 11 14 2 11
0 6 1 11 3 13 120
0 6 1 10 9 8 62
0 6 1 9 15 3 94
0 6 1 9 4 14 10
0 6 1 8 10 9 140
0 6 1 7 16 4 18
0 6 1 7 5 15 197
0 6 1 6 11 10 69
0 6 1 6 0 21 124
0 6 1 5 17 5 168
0 6 1 5 6 16 130
0 6 1 4 23 0 89
0 6 1 4 12 11 122
0 6 1 4 1 22 131
0 6 1 3 18 6 97
0 6 1 3 7 17 129
0 6 1 2 24 1 107
0 6 1 2 13 12 125
0 6 1 2 2 23 178
0 6 1 1 19 7 105
0 6 1 1 8 18 67
0 6 1 0 25 2 145
0 6 1 0 14 13 26
0 6 1 0 3 24 195
0 6 0 24 0 4 157
0 6 0 22 1 5 4
0 6 0 21 7 0 142
0 6 0 20 2 6 126
0 6 0 19 8 1 123
0 6 0 18 3 7 68
0 6 0 16 4 8 27
0 6 0 15 10 3 163
0 6 0 14 5 9 131
0 6 0 13 11 4 175
0 6 0 13 0 15 189
0 6 0 11 12 5 31
0 6 0 11 1 16 26
0 6 0 10 18 0 179
0 6 0 10 7 11 197
0 6 0 9 13 6 100
0 6 0 9 2 17 137
0 6 0 8 19 1 8
0 6 0 8 8 12 106
0 6 0 7 14 7 32
0 6 0 7 3 18 184
0 6 0 6 20 2 130
0 6 0 6 9 13 121
0 6 0 5 15 8 118
0 6 0 5 4 19 47
0 6 0 4 21 3 142
0 6 0 4 10 14 85
0 6 0 3 16 9 181
0 6 0 3 5 20 141
0 6 0 2 22 4 174
0 6 0 2 11 15 63
0 6 0 2 0 26 38
0 6 0 1 17 10 184
0 6 0 1 6 21 10
0 6 0 0 23 5 72
0 6 0 0 12 16 78
0 6 0 0 1 27 14
0 5 27 0 2 0 30
0 5 26 0 0 3 96
0 5 25 1 3 0 13
0 5 24 3 0 2 81
0 5 24 1 1 3 186
0 5 23 2 4 0 98
0 5 23 0 5 1 21
0 5 22 6 0 1 78
0 5 22 4 1 2 126
0 5 22 2 2 3 182
0 5 22 0 3 4 1
0 5 21 3 5 0 123
0 5 21 2 0 6 90
0 5 21 1 6 1 179
0 5 21 0 1 7 47
0 5 20 9 0 0 101
0 5 20 7 1 1 46
0 5 20 5 2 2 183
0 5 20 3 3 3 33
0 5 20 1 4 4 17
0 5 19 5 0 5 97
0 5 19 4 6 0 76
0 5 19 3 1 6 29
0 5 19 2 7 1 89
0 5 19 1 2 7 68
0 5 19 0 8 2 176
0 5 18 10 1 0 60
0 5 18 8 2 1 141
0 5 18 6 3 2 20
0 5 18 4 4 3 127
0 5 18 2 5 4 152
0 5 18 1 0 10 30
0 5 18 0 6 5 128
0 5 17 8 0 4 76
0 5 17 6 1 5 169
0 5 17 5 7 0 170
0 5 17 4 2 6 51
0 5 17 3 8 1 48
0 5 17 2 3 7 121
0 5 17 1 9 2 129
0 5 17 0 4 8 136
0 5 16 11 2 0 119
0 5 16 9 3 1 96
0 5 16 7 4 2 88
0 5 16 5 5 3 100
0 5 16 4 0 9 159
0 5 16 3 6 4 68
0 5 16 2 1 10 44
0 5 16 1 7 5 67
0 5 16 0 13 0 171
0 5 16 0 2 11 153
0 5 15 11 0 3 105
0 5 15 9 1 4 21
0 5 15 7 2 5 133
0 5 15 6 8 0 100
0 5 15 5 3 6 135
0 5 15 4 9 1 107
0 5 15 3 4 7 46
0 5 15 2 10 2 133
0 5 15 1 5 8 127
0 5 15 0 11 3 97
0 5 15 0 0 14 41
0 5 14 12 3 0 165
0 5 14 10 4 1 112
0 5 14 8 5 2 23
0 5 14 7 0 8 63
0 5 14 6 6 3 93
0 5 14 5 1 9 143
0 5 14 4 7 4 103
0 5 14 3 2 10 45
0 5 14 2 8 5 12
0 5 14 1 14 0 106
0 5 14 1 3 11 78
0 5 14 0 9 6 187
0 5 13 14 0 2 91
0 5 13 12 1 3 195
0 5 13 10 2 4 183
0 5 13 8 3 5 190
0 5 13 7 9 0 51
0 5 13 6 4 6 170
0 5 13 5 10 1 10
0 5 13 4 5 7 50
0 5 13 3 11 2 58
0 5 13 3 0 13 142
0 5 13 2 6 8 174
0 5 13 1 12 3 144
0 5 13 1 1 14 138
0 5 13 0 7 9 99
0 5 12 13 4 0 134
0 5 12 11 5 1 82
0 5 12 10 0 7 9
0 5 12 9 6 2 191
0 5 12 8 1 8 64
0 5 12 7 7 3 42
0 5 12 6 2 9 32
0 5 12 5 8 4 119
0 5 12 4 3 10 185
0 5 12 3 9 5 169
0 5 12 2 15 0 176
0 5 12 2 4 11 108
0 5 12 1 10 6 188
0 5 12 0 16 1 144
0 5 12 0 5 12 134
0 5 11 17 0 1 86
0 5 11 15 1 2 37
0 5 11 13 2 3 154
0 5 11 11 3 4 91
0 5 11 9 4 5 83
0 5 11 8 10 0 38
0 5 11 7 5 6 133
0 5 11 6 11 1 98
0 5 11 6 0 12 181
0 5 11 5 6 7 106
0 5 11 4 12 2 20
0 5 11 4 1 13 75
0 5 11 3 7 8 36
0 5 11 2 13 3 27
0 5 11 2 2 14 80
0 5 11 1 8 9 32
0 5 11 0 14 4 141
0 5 11 0 3 15 17
0 5 10 14 5 0 105
0 5 10 13 0 6 154
0 5 10 12 6 1 66
0 5 10 11 1 7 97
0 5 10 10 7 2 194
0 5 10 9 2 8 159
0 5 10 8 8 3 175
0 5 10 7 3 9 76
0 5 10 6 9 4 144
0 5 10 5 4 10 72
0 5 10 4 10 5 110
0 5 10 3 16 0 125
0 5 10 3 5 11 47
0 5 10 2 11 6 23
0 5 10 2 0 17 118
0 5 10 1 17 1 129
0 5 10 1 6 12 26
0 5 10 0 12 7 22
0 5 10 0 1 18 46
0 5 9 20 0 0 141
0 5 9 18 1 1 39
0 5 9 16 2 2 40
0 5 9 14 3 3 61
0 5 9 12 4 4 162
0 5 9 10 5 5 31
0 5 9 9 11 0 11
0 5 9 9 0 11 73
0 5 9 8 6 6 149
0 5 9 7 12 1 67
0 5 9 7 1 12 197
0 5 9 6 7 7 112
0 5 9 5 13 2 6
0 5 9 5 2 13 20
0 5 9 4 8 8 26
0 5 9 3 14 3 67
0 5 9 3 3 14 191
0 5 9 2 9 9 155
0 5 9 1 15 4 44
0 5 9 1 4 15 133
0 5 9 0 10 10 147
0 5 8 16 0 5 68
0 5 8 15 6 0 119
0 5 8 14 1 6 40
0 5 8 13 7 1 61
0 5 8 12 2 7 37
0 5 8 11 8 2 48
0 5 8 10 3 8 27
0 5 8 9 9 3 50
0 5 8 8 4 9 85
0 5 8 7 10 4 102
0 5 8 6 5 10 69
0 5 8 5 11 5 158
0 5 8 5 0 16 28
0 5 8 4 17 0 83
0 5 8 4 6 11 58
0 5 8 3 12 6 73
0 5 8 3 1 17 151
0 5 8 2 18 1 130
0 5 8 2 7 12 20
0 5 8 1 13 7 75
0 5 8 1 2 18 145
0 5 8 0 19 2 181
0 5 8 0 8 13 110
0 5 7 21 1 0 63
0 5 7 19 2 1 129
0 5 7 17 3 2 13
0 5 7 15 4 3 153
0 5 7 13 5 4 88
0 5 7 12 0 10 121
0 5 7 11 6 5 19
0 5 7 10 12 0 54
0 5 7 10 1 11 110
0 5 7 9 7 6 178
0 5 7 8 13 1 187
0 5 7 8 2 12 161
0 5 7 7 8 7 180
0 5 7 6 14 2 167
0 5 7 6 3 13 53
0 5 7 5 9 8 82
0 5 7 4 15 3 32
0 5 7 4 4 14 128
0 5 7 3 10 9 66
0 5 7 2 16 4 180
0 5 7 2 5 15 159
0 5 7 1 11 10 154
0 5 7 1 0 21 105
0 5 7 0 17 5 67
0 5 7 0 6 16 113
0 5 6 19 0 4 157
0 5 6 17 1 5 194
0 5 6 16 7 0 158
0 5 6 15 2 6 11
0 5 6 14 8 1 163
0 5 6 13 3 7 173
0 5 6 12 9 2 132
0 5 6 11 4 8 151
0 5 6 10 10 3 27
0 5 6 9 5 9 1
0 5 6 8 11 4 15
0 5 6 8 0 15 165
0 5 6 7 6 10 82
0 5 6 6 12 5 48
0 5 6 6 1 16 16
0 5 6 5 18 0 100
0 5 6 5 7 11 70
0 5 6 4 13 6 13
0 5 6 4 2 17 20
0 5 6 3 19 1 1
0 5 6 3 8 12 194
0 5 6 2 14 7 176
0 5 6 2 3 18 146
0 5 6 1 20 2 81
0 5 6 1 9 13 32
0 5 6 0 15 8 149
0 5 6 0 4 19 118
0 5 5 22 2 0 24
0 5 5 20 3 1 182
0 5 5 18 4 2 12
0 5 5 16 5 3 155
0 5 5 15 0 9 198
0 5 5 14 6 4 137
0 5 5 13 1 10 27
0 5 5 12 7 5 55
0 5 5 11 13 0 25
0 5 5 11 2 11 156
0 5 5 10 8 6 151
0 5 5 9 14 1 86
0 5 5 9 3 12 152
0 5 5 8 9 7 144
0 5 5 7 15 2 153
0 5 5 7 4 13 76
0 5 5 6 10 8 116
0 5 5 5 16 3 125
0 5 5 5 5 14 70
0 5 5 4 11 9 113
0 5 5 4 0 20 119
0 5 5 3 17 4 119
0 5 5 3 6 15 66
0 5 5 2 12 10 41
0 5 5 2 1 21 15
0 5 5 1 18 5 73
0 5 5 1 7 16 161
0 5 5 0 24 0 98
0 5 5 0 13 11 48
0 5 5 0 2 22 108
0 5 4 22 0 3 68
0 5 4 20 1 4 8
0 5 4 18 2 5 158
0 5 4 17 8 0 133
0 5 4 16 3 6 144
0 5 4 15 9 1 179
0 5 4 14 4 7 158
0 5 4 13 10 2 116
0 5 4 12 5 8 28
0 5 4 11 11 3 164
0 5 4 11 0 14 184
0 5 4 10 6 9 166
0 5 4 9 12 4 162
0 5 4 9 1 15 155
0 5 4 8 7 10 86
0 5 4 7 13 5 144
0 5 4 7 2 16 146
0 5 4 6 19 0 167
0 5 4 6 8 11 170
0 5 4 5 14 6 79
0 5 4 5 3 17 144
0 5 4 4 20 1 42
0 5 4 4 9 12 186
0 5 4 3 15 7 80
0 5 4 3 4 18 90
0 5 4 2 21 2 171
0 5 4 2 10 13 171
0 5 4 1 16 8 64
0 5 4 1 5 19 15
0 5 4 0 22 3 152
0 5 4 0 11 14 30
0 5 4 0 0 25 167
0 5 3 23 3 0 74
0 5 3 21 4 1 53
0 5 3 19 5 2 158
0 5 3 18 0 8 165
0 5 3 17 6 3 88
0 5 3 16 1 9 50
0 5 3 15 7 4 75
0 5 3 14 2 10 27
0 5 3 13 8 5 157
0 5 3 12 14 0 152
0 5 3 12 3 11 162
0 5 3 11 9 6 127
0 5 3 10 15 1 152
0 5 3 10 4 12 161
0 5 3 9 10 7 26
0 5 3 8 16 2 177
0 5 3 8 5 13 145
0 5 3 7 11 8 96
0 5 3 7 0 19 62
0 5 3 6 17 3 141
0 5 3 6 6 14 44
0 5 3 5 12 9 132
0 5 3 5 1 20 35
0 5 3 4 18 4 153
0 5 3 4 7 15 98
0 5 3 3 13 10 125
0 5 3 3 2 21 127
0 5 3 2 19 5 174
0 5 3 2 8 16 97
0 5 3 1 25 0 76
0 5 3 1 14 11 184
0 5 3 1 3 22 83
0 5 3 0 20 6 91
0 5 3 0 9 17 25
0 5 2 25 0 2 26
0 5 2 23 1 3 137
0 5 2 21 2 4 45
0 5 2 19 3 5 190
0 5 2 18 9 0 8
0 5 2 17 4 6 151
0 5 2 16 10 1 106
0 5 2 15 5 7 187
0 5 2 14 11 2 168
0 5 2 14 0 13 187
0 5 2 13 6 8 188
0 5 2 12 12 3 132
0 5 2 12 1 14 53
0 5 2 11 7 9 163
0 5 2 10 13 4 157
0 5 2 10 2 15 64
0 5 2 9 8 10 157
0 5 2 8 14 5 9
0 5 2 8 3 16 187
0 5 2 7 20 0 115
0 5 2 7 9 11 163
0 5 2 6 15 6 6
0 5 2 6 4 17 192
0 5 2 5 21 1 14
0 5 2 5 10 12 161
0 5 2 4 16 7 169
0 5 2 4 5 18 189
0 5 2 3 22 2 83
0 5 2 3 11 13 43
0 5 2 3 0 24 165
0 5 2 2 17 8 160
0 5 2 2 6 19 7
0 5 2 1 23 3 67
0 5 2 1 12 14 141
0 5 2 1 1 25 67
0 5 2 0 18 9 62
0 5 2 0 7 20 64
0 5 1 24 4 0 58
0 5 1 22 5 1 147
0 5 1 21 0 7 6
0 5 1 20 6 2 143
0 5 1 19 1 8 73
0 5 1 18 7 3 135
0 5 1 16 8 4 181
0 5 1 15 3 10 126
0 5 1 14 9 5 70
0 5 1 13 15 0 5
0 5 1 13 4 11 59
0 5 1 12 10 6 178
0 5 1 11 16 1 191
0 5 1 11 5 12 130
0 5 1 10 11 7 172
0 5 1 10 0 18 142
0 5 1 9 17 2 180
0 5 1 9 6 13 64
0 5 1 8 12 8 57
0 5 1 8 1 19 169
0 5 1 7 18 3 136
0 5 1 7 7 14 10
0 5 1 6 13 9 83
0 5 1 6 2 20 95
0 5 1 5 19 4 100
0 5 1 5 8 15 32
0 5 1 4 14 10 98
0 5 1 4 3 21 116
0 5 1 3 20 5 57
0 5 1 3 9 16 22
0 5 1 2 26 0 126
0 5 1 2 15 11 98
0 5 1 2 4 22 73
0 5 1 1 21 6 146
0 5 1 1 10 17 33
0 5 1 0 27 1 80
0 5 1 0 16 12 38
0 5 1 0 5 23 133
0 5 0 28 0 1 69
0 5 0 26 1 2 99
0 5 0 24 2 3 48
0 5 0 22 3 4 103
0 5 0 20 4 5 13
0 5 0 19 10 0 197
0 5 0 18 5 6 86
0 5 0 17 11 1 93
0 5 0 17 0 12 80
0 5 0 16 6 7 169
0 5 0 15 12 2 87
0 5 0 15 1 13 181
0 5 0 14 7 8 126
0 5 0 13 13 3 26
0 5 0 13 2 14 109
0 5 0 12 8 9 144
0 5 0 11 14 4 75
0 5 0 11 3 15 105
0 5 0 10 9 10 37
0 5 0 9 15 5 97
0 5 0 9 4 16 175
0 5 0 8 21 0 24
0 5 0 8 10 11 169
0 5 0 7 16 6 107
0 5 0 7 5 17 74
0 5 0 6 22 1 139
0 5 0 6 11 12 142
0 5 0 6 0 23 165
0 5 0 5 17 7 131
0 5 0 5 6 18 63
0 5 0 4 23 2 18
0 5 0 4 12 13 193
0 5 0 4 1 24 125
0 5 0 3 18 8 175
0 5 0 3 7 19 141
0 5 0 2 24 3 133
0 5 0 2 13 14 74
0 5 0 2 2 25 98
0 5 0 1 19 9 3
0 5 0 1 8 20 183
0 5 0 0 25 4 175
0 5 0 0 14 15 137
0 5 0 0 3 26 79
0 4 28 1 0 1 35
0 4 26 4 0 0 178
0 4 26 2 1 1 120
0 4 26 0 2 2 169
0 4 25 0 0 5 163
0 4 24 5 1 0 2
0 4 24 3 2 1 195
0 4 24 1 3 2 6
0 4 23 3 0 4 21
0 4 23 1 1 5 121
0 4 23 0 7 0 65
0 4 22 6 2 0 47
0 4 22 4 3 1 135
0 4 22 2 4 2 80
0 4 22 0 5 3 63
0 4 21 6 0 3 4
0 4 21 4 1 4 53
0 4 21 2 2 5 187
0 4 21 1 8 0 69
0 4 21 0 3 6 195
0 4 20 7 3 0 62
0 4 20 5 4 1 148
0 4 20 3 5 2 130
0 4 20 2 0 8 100
0 4 20 1 6 3 1
0 4 20 0 1 9 92
0 4 19 9 0 2 118
0 4 19 7 1 3 9
0 4 19 5 2 4 9
0 4 19 3 3 5 81
0 4 19 2 9 0 59
0 4 19 1 4 6 60
0 4 19 0 10 1 71
0 4 18 8 4 0 134
0 4 18 6 5 1 68
0 4 18 5 0 7 157
0 4 18 4 6 2 56
0 4 18 3 1 8 45
0 4 18 2 7 3 37
0 4 18 1 2 9 122
0 4 18 0 8 4 10
0 4 17 12 0 1 78
0 4 17 10 1 2 148
0 4 17 8 2 3 122
0 4 17 6 3 4 114
0 4 17 4 4 5 86
0 4 17 3 10 0 43
0 4 17 2 5 6 26
0 4 17 1 11 1 33
0 4 17 1 0 12 159
0 4 17 0 6 7 49
0 4 16 9 5 0 47
0 4 16 8 0 6 105
0 4 16 7 6 1 129
0 4 16 6 1 7 152
0 4 16 5 7 2 49
0 4 16 4 2 8 51
0 4 16 3 8 3 101
0 4 16 2 3 9 41
0 4 16 1 9 4 143
0 4 16 0 4 10 2
0 4 15 15 0 0 35
0 4 15 13 1 1 49
0 4 15 11 2 2 25
0 4 15 9 3 3 86
0 4 15 7 4 4 136
0 4 15 5 5 5 125
0 4 15 4 11 0 27
0 4 15 4 0 11 48
0 4 15 3 6 6 38
0 4 15 2 12 1 120
0 4 15 2 1 12 131
0 4 15 1 7 7 164
0 4 15 0 13 2 125
0 4 15 0 2 13 124
0 4 14 11 0 5 56
0 4 14 10 6 0 60
0 4 14 9 1 6 120
0 4 14 8 7 1 56
0 4 14 7 2 7 84
0 4 14 6 8 2 49
0 4 14 5 3 8 42
0 4 14 4 9 3 41
0 4 14 3 4 9 14
0 4 14 2 10 4 159
0 4 14 1 5 10 168
0 4 14 0 11 5 92
0 4 14 0 0 16 157
0 4 13 16 1 0 128
0 4 13 14 2 1 195
0 4 13 12 3 2 26
0 4 13 10 4 3 106
0 4 13 8 5 4 121
0 4 13 7 0 10 98
0 4 13 6 6 5 126
0 4 13 5 12 0 42
0 4 13 5 1 11 34
0 4 13 4 7 6 146
0 4 13 3 13 1 110
0 4 13 3 2 12 62
0 4 13 2 8 7 62
0 4 13 1 14 2 96
0 4 13 1 3 13 58
0 4 13 0 9 8 189
0 4 12 14 0 4 162
0 4 12 12 1 5 114
0 4 12 11 7 0 174
0 4 12 10 2 6 20
0 4 12 9 8 1 111
0 4 12 8 3 7 21
0 4 12 7 9 2 74
0 4 12 6 4 8 109
0 4 12 5 10 3 145
0 4 12 4 5 9 16
0 4 12 3 11 4 179
0 4 12 3 0 15 154
0 4 12 2 6 10 97
0 4 12 1 12 5 150
0 4 12 1 1 16 7
0 4 12 0 18 0 43
0 4 12 0 7 11 69
0 4 11 17 2 0 28
0 4 11 15 3 1 93
0 4 11 13 4 2 158
0 4 11 11 5 3 110
0 4 11 10 0 9 79
0 4 11 9 6 4 185
0 4 11 8 1 10 46
0 4 11 7 7 5 48
0 4 11 6 13 0 121
0 4 11 6 2 11 38
0 4 11 5 8 6 150
0 4 11 4 14 1 171
0 4 11 4 3 12 5
0 4 11 3 9 7 63
0 4 11 2 15 2 136
0 4 11 2 4 13 50
0 4 11 1 10 8 64
0 4 11 0 16 3 88
0 4 11 0 5 14 165
0 4 10 17 0 3 67
0 4 10 15 1 4 127
0 4 10 13 2 5 34
0 4 10 12 8 0 41
0 4 10 11 3 6 177
0 4 10 10 9 1 88
0 4 10 9 4 7 152
0 4 10 8 10 2 127
0 4 10 7 5 8 184
0 4 10 6 11 3 171
0 4 10 6 0 14 2
0 4 10 5 6 9 196
0 4 10 4 12 4 33
0 4 10 4 1 15 19
0 4 10 3 7 10 149
0 4 10 2 13 5 171
0 4 10 2 2 16 75
0 4 10 1 19 0 188
0 4 10 1 8 11 48
0 4 10 0 14 6 97
0 4 10 0 3 17 10
0 4 9 18 3 0 52
0 4 9 16 4 1 94
0 4 9 14 5 2 115
0 4 9 13 0 8 138
0 4 9 12 6 3 30
0 4 9 11 1 9 192
0 4 9 10 7 4 107
0 4 9 9 2 10 74
0 4 9 8 8 5 159
0 4 9 7 14 0 65
0 4 9 7 3 11 94
0 4 9 6 9 6 183
0 4 9 5 15 1 97
0 4 9 5 4 12 194
0 4 9 4 10 7 108
0 4 9 3 16 2 103
0 4 9 3 5 13 38
0 4 9 2 11 8 21
0 4 9 2 0 19 109
0 4 9 1 17 3 115
0 4 9 1 6 14 124
0 4 9 0 12 9 62
0 4 9 0 1 20 38
0 4 8 20 0 2 62
0 4 8 18 1 3 184
0 4 8 16 2 4 163
0 4 8 14 3 5 46
0 4 8 13 9 0 110
0 4 8 12 4 6 84
0 4 8 11 10 1 191
0 4 8 10 5 7 181
0 4 8 9 11 2 71
0 4 8 9 0 13 68
0 4 8 8 6 8 168
0 4 8 7 12 3 122
0 4 8 7 1 14 10
0 4 8 6 7 9 172
0 4 8 5 13 4 69
0 4 8 5 2 15 56
0 4 8 4 8 10 110
0 4 8 3 14 5 25
0 4 8 3 3 16 23
0 4 8 2 20 0 114
0 4 8 2 9 11 55
0 4 8 1 15 6 100
0 4 8 1 4 17 180
0 4 8 0 21 1 60
0 4 8 0 10 12 106
0 4 7 19 4 0 122
0 4 7 17 5 1 177
0 4 7 16 0 7 137
0 4 7 15 6 2 4
0 4 7 14 1 8 86
0 4 7 13 7 3 12
0 4 7 12 2 9 182
0 4 7 11 8 4 18
0 4 7 10 3 10 17
0 4 7 9 9 5 27
0 4 7 8 15 0 95
0 4 7 8 4 11 110
0 4 7 7 10 6 161
0 4 7 6 16 1 48
0 4 7 6 5 12 33
0 4 7 5 11 7 68
0 4 7 5 0 18 84
0 4 7 4 17 2 50
0 4 7 4 6 13 71
0 4 7 3 12 8 85
0 4 7 3 1 19 177
0 4 7 2 18 3 7
0 4 7 2 7 14 89
0 4 7 1 13 9 141
0 4 7 1 2 20 41
0 4 7 0 19 4 142
0 4 7 0 8 15 12
0 4 6 23 0 1 35
0 4 6 21 1 2 28
0 4 6 19 2 3 72
0 4 6 17 3 4 44
0 4 6 15 4 5 6
0 4 6 14 10 0 54
0 4 6 13 5 6 107
0 4 6 12 11 1 21
0 4 6 12 0 12 4
0 4 6 11 6 7 192
0 4 6 10 12 2 17
0 4 6 10 1 13 103
0 4 6 9 7 8 49
0 4 6 8 13 3 134
0 4 6 8 2 14 149
0 4 6 7 8 9 2
0 4 6 6 14 4 73
0 4 6 6 3 15 35
0 4 6 5 9 10 159
0 4 6 4 15 5 4
0 4 6 4 4 16 183
0 4 6 3 21 0 63
0 4 6 3 10 11 193
0 4 6 2 16 6 42
0 4 6 2 5 17 37
0 4 6 1 22 1 64
0 4 6 1 11 12 133
0 4 6 1 0 23 65
0 4 6 0 17 7 182
0 4 6 0 6 18 9
0 4 5 20 5 0 81
0 4 5 19 0 6 180
0 4 5 18 6 1 158
0 4 5 17 1 7 110
0 4 5 16 7 2 121
0 4 5 15 2 8 140
0 4 5 14 8 3 108
0 4 5 13 3 9 106
0 4 5 12 9 4 51
0 4 5 11 4 10 89
0 4 5 10 10 5 49
0 4 5 9 16 0 51
0 4 5 9 5 11 160
0 4 5 8 11 6 17
0 4 5 8 0 17 63
0 4 5 7 17 1 74
0 4 5 7 6 12 127
0 4 5 6 12 7 68
0 4 5 6 1 18 11
0 4 5 5 18 2 30
0 4 5 5 7 13 62
0 4 5 4 13 8 16
0 4 5 4 2 19 41
0 4 5 3 19 3 141
0 4 5 3 8 14 44
0 4 5 2 14 9 13
0 4 5 2 3 20 33
0 4 5 1 20 4 150
0 4 5 1 9 15 99
0 4 5 0 15 10 70
0 4 5 0 4 21 163
0 4 4 26 0 0 146
0 4 4 24 1 1 101
0 4 4 22 2 2 72
0 4 4 20 3 3 138
0 4 4 18 4 4 22
0 4 4 16 5 5 141
0 4 4 15 11 0 52
0 4 4 15 0 11 13
0 4 4 14 6 6 73
0 4 4 13 12 1 97
0 4 4 13 1 12 151
0 4 4 12 7 7 134
0 4 4 11 13 2 93
0 4 4 11 2 13 137
0 4 4 10 8 8 57
0 4 4 9 14 3 125
0 4 4 9 3 14 17
0 4 4 8 9 9 28
0 4 4 7 15 4 46
0 4 4 7 4 15 66
0 4 4 6 10 10 151
0 4 4 5 16 5 107
0 4 4 5 5 16 140
0 4 4 4 22 0 156
0 4 4 4 11 11 44
0 4 4 4 0 22 153
0 4 4 3 17 6 198
0 4 4 3 6 17 30
0 4 4 2 23 1 10
0 4 4 2 12 12 95
0 4 4 2 1 23 116
0 4 4 1 18 7 111
0 4 4 1 7 18 167
0 4 4 0 24 2 122
0 4 4 0 13 13 98
0 4 4 0 2 24 11
0 4 3 22 0 5 44
0 4 3 21 6 0 102
0 4 3 20 1 6 120
0 4 3 19 7 1 65
0 4 3 18 2 7 197
0 4 3 17 8 2 152
0 4 3 16 3 8 128
0 4 3 15 9 3 69
0 4 3 14 4 9 108
0 4 3 13 10 4 27
0 4 3 12 5 10 137
0 4 3 11 11 5 115
0 4 3 11 0 16 37
0 4 3 10 17 0 6
0 4 3 10 6 11 193
0 4 3 9 12 6 119
0 4 3 9 1 17 36
0 4 3 8 18 1 129
0 4 3 8 7 12 163
0 4 3 7 13 7 40
0 4 3 7 2 18 193
0 4 3 6 19 2 2
0 4 3 6 8 13 90
0 4 3 5 14 8 106
0 4 3 5 3 19 8
0 4 3 4 20 3 9
0 4 3 4 9 14 190
0 4 3 3 15 9 192
0 4 3 3 4 20 34
0 4 3 2 21 4 158
0 4 3 2 10 15 120
0 4 3 1 16 10 17
0 4 3 1 5 21 99
0 4 3 0 22 5 102
0 4 3 0 11 16 6
0 4 3 0 0 27 92
0 4 2 27 1 0 195
0 4 2 25 2 1 69
0 4 2 23 3 2 176
0 4 2 21 4 3 141
0 4 2 19 5 4 20
0 4 2 18 0 10 58
0 4 2 17 6 5 91
0 4 2 16 12 0 55
0 4 2 16 1 11 112
0 4 2 15 7 6 140
0 4 2 14 13 1 77
0 4 2 14 2 12 98
0 4 2 13 8 7 193
0 4 2 12 14 2 11
0 4 2 12 3 13 58
0 4 2 11 9 8 145
0 4 2 10 15 3 66
0 4 2 10 4 14 113
0 4 2 9 10 9 133
0 4 2 8 16 4 73
0 4 2 8 5 15 24
0 4 2 7 0 21 129
0 4 2 6 17 5 29
0 4 2 6 6 16 142
0 4 2 5 23 0 164
0 4 2 5 12 11 88
0 4 2 5 1 22 61
0 4 2 4 18 6 198
0 4 2 4 7 17 20
0 4 2 3 24 1 189
0 4 2 3 13 12 19
0 4 2 3 2 23 29
0 4 2 2 19 7 183
0 4 2 2 8 18 7
0 4 2 1 25 2 46
0 4 2 1 14 13 128
0 4 2 1 3 24 166
0 4 2 0 20 8 154
0 4 2 0 9 19 147
0 4 1 25 0 4 177
0 4 1 23 1 5 172
0 4 1 22 7 0 116
0 4 1 21 2 6 154
0 4 1 20 8 1 63
0 4 1 19 3 7 23
0 4 1 18 9 2 179
0 4 1 17 4 8 109
0 4 1 16 10 3 149
0 4 1 15 5 9 159
0 4 1 14 11 4 143
0 4 1 14 0 15 88
0 4 1 13 6 10 29
0 4 1 12 12 5 63
0 4 1 12 1 16 87
0 4 1 11 18 0 62
0 4 1 11 7 11 70
0 4 1 10 13 6 22
0 4 1 10 2 17 71
0 4 1 9 19 1 28
0 4 1 9 8 12 31
0 4 1 8 14 7 106
0 4 1 8 3 18 114
0 4 1 7 20 2 42
0 4 1 7 9 13 105
0 4 1 6 15 8 109
0 4 1 6 4 19 78
0 4 1 5 21 3 40
0 4 1 5 10 14 134
0 4 1 4 16 9 134
0 4 1 4 5 20 114
0 4 1 3 22 4 50
0 4 1 3 11 15 1
0 4 1 3 0 26 19
0 4 1 2 17 10 108
0 4 1 2 6 21 99
0 4 1 1 23 5 34
0 4 1 1 12 16 131
0 4 1 1 1 27 179
0 4 1 0 29 0 101
0 4 1 0 18 11 182
0 4 1 0 7 22 88
0 4 0 28 2 0 18
0 4 0 26 3 1 136
0 4 0 24 4 2 65
0 4 0 22 5 3 13
0 4 0 21 0 9 90
0 4 0 20 6 4 51
0 4 0 19 1 10 88
0 4 0 18 7 5 14
0 4 0 17 13 0 100
0 4 0 17 2 11 74
0 4 0 16 8 6 13
0 4 0 15 14 1 185
0 4 0 15 3 12 75
0 4 0 14 9 7 130
0 4 0 13 15 2 6
0 4 0 13 4 13 47
0 4 0 12 10 8 5
0 4 0 11 16 3 106
0 4 0 11 5 14 60
0 4 0 10 11 9 125
0 4 0 10 0 20 145
0 4 0 9 17 4 50
0 4 0 9 6 15 105
0 4 0 8 12 10 20
0 4 0 8 1 21 79
0 4 0 7 18 5 123
0 4 0 7 7 16 67
0 4 0 6 24 0 190
0 4 0 6 13 11 188
0 4 0 6 2 22 44
0 4 0 5 19 6 175
0 4 0 5 8 17 12
0 4 0 4 25 1 148
0 4 0 4 14 12 120
0 4 0 4 3 23 25
0 4 0 3 20 7 170
0 4 0 3 9 18 102
0 4 0 2 26 2 183
0 4 0 2 15 13 130
0 4 0 2 4 24 87
0 4 0 1 21 8 171
0 4 0 1 10 19 91
0 4 0 0 16 14 14
0 4 0 0 5 25 129
0 3 30 0 1 0 155
0 3 28 1 2 0 74
0 3 27 1 0 3 148
0 3 26 2 3 0 3
0 3 26 0 4 1 42
0 3 25 4 0 2 33
0 3 25 2 1 3 93
0 3 25 0 2 4 188
0 3 24 3 4 0 127
0 3 24 1 5 1 106
0 3 24 0 0 7 134
0 3 23 7 0 1 156
0 3 23 5 1 2 91
0 3 23 3 2 3 184
0 3 23 1 3 4 75
0 3 22 4 5 0 162
0 3 22 3 0 6 193
0 3 22 2 6 1 46
0 3 22 1 1 7 43
0 3 22 0 7 2 195
0 3 21 10 0 0 96
0 3 21 8 1 1 197
0 3 21 6 2 2 136
0 3 21 4 3 3 162
0 3 21 2 4 4 148
0 3 21 0 5 5 100
0 3 20 6 0 5 134
0 3 20 5 6 0 25
0 3 20 4 1 6 189
0 3 20 3 7 1 171
0 3 20 2 2 7 138
0 3 20 1 8 2 176
0 3 20 0 3 8 126
0 3 19 11 1 0 86
0 3 19 9 2 1 26
0 3 19 7 3 2 159
0 3 19 5 4 3 117
0 3 19 3 5 4 80
0 3 19 2 0 10 119
0 3 19 1 6 5 73
0 3 19 0 12 0 124
0 3 19 0 1 11 157
0 3 18 9 0 4 178
0 3 18 7 1 5 146
0 3 18 6 7 0 128
0 3 18 5 2 6 178
0 3 18 4 8 1 42
0 3 18 3 3 7 101
0 3 18 2 9 2 3
0 3 18 1 4 8 145
0 3 18 0 10 3 25
0 3 17 12 2 0 184
0 3 17 10 3 1 150
0 3 17 8 4 2 65
0 3 17 6 5 3 76
0 3 17 5 0 9 182
0 3 17 4 6 4 62
0 3 17 3 1 10 13
0 3 17 2 7 5 48
0 3 17 1 13 0 143
0 3 17 1 2 11 95
0 3 17 0 8 6 114
0 3 16 12 0 3 52
0 3 16 10 1 4 13
0 3 16 8 2 5 176
0 3 16 7 8 0 177
0 3 16 6 3 6 47
0 3 16 5 9 1 161
0 3 16 4 4 7 165
0 3 16 3 10 2 182
0 3 16 2 5 8 73
0 3 16 1 11 3 144
0 3 16 1 0 14 42
0 3 16 0 6 9 48
0 3 15 13 3 0 183
0 3 15 11 4 1 83
0 3 15 9 5 2 170
0 3 15 8 0 8 3
0 3 15 7 6 3 2
0 3 15 6 1 9 150
0 3 15 5 7 4 76
0 3 15 4 2 10 108
0 3 15 3 8 5 13
0 3 15 2 14 0 55
0 3 15 2 3 11 11
0 3 15 1 9 6 4
0 3 15 0 15 1 133
0 3 15 0 4 12 135
0 3 14 15 0 2 159
0 3 14 13 1 3 91
0 3 14 11 2 4 47
0 3 14 9 3 5 183
0 3 14 8 9 0 103
0 3 14 7 4 6 32
0 3 14 6 10 1 189
0 3 14 5 5 7 19
0 3 14 4 11 2 56
0 3 14 4 0 13 180
0 3 14 3 6 8 191
0 3 14 2 12 3 12
0 3 14 2 1 14 30
0 3 14 1 7 9 145
0 3 14 0 13 4 82
0 3 14 0 2 15 12
0 3 13 14 4 0 121
0 3 13 12 5 1 60
0 3 13 11 0 7 52
0 3 13 10 6 2 70
0 3 13 9 1 8 96
0 3 13 8 7 3 143
0 3 13 7 2 9 78
0 3 13 6 8 4 180
0 3 13 5 3 10 140
0 3 13 4 9 5 117
0 3 13 3 15 0 147
0 3 13 3 4 11 38
0 3 13 2 10 6 27
0 3 13 1 16 1 7
0 3 13 1 5 12 174
0 3 13 0 11 7 198
0 3 13 0 0 18 48
0 3 12 18 0 1 85
0 3 12 16 1 2 169
0 3 12 14 2 3 143
0 3 12 12 3 4 30
0 3 12 10 4 5 129
0 3 12 9 10 0 33
0 3 12 8 5 6 123
0 3 12 7 11 1 84
0 3 12 7 0 12 85
0 3 12 6 6 7 43
0 3 12 5 12 2 17
0 3 12 5 1 13 191
0 3 12 4 7 8 37
0 3 12 3 13 3 30
0 3 12 3 2 14 4
0 3 12 2 8 9 80
0 3 12 1 14 4 144
0 3 12 1 3 15 144
0 3 12 0 9 10 181
0 3 11 15 5 0 67
0 3 11 14 0 6 112
0 3 11 13 6 1 81
0 3 11 12 1 7 71
0 3 11 11 7 2 166
0 3 11 10 2 8 111
0 3 11 8 3 9 60
0 3 11 7 9 4 169
0 3 11 6 4 10 59
0 3 11 5 10 5 52
0 3 11 4 16 0 151
0 3 11 4 5 11 3
0 3 11 3 11 6 176
0 3 11 3 0 17 85
0 3 11 2 17 1 116
0 3 11 2 6 12 103
0 3 11 1 12 7 162
0 3 11 1 1 18 158
0 3 11 0 18 2 54
0 3 11 0 7 13 160
0 3 10 21 0 0 50
0 3 10 19 1 1 151
0 3 10 17 2 2 62
0 3 10 15 3 3 8
0 3 10 13 4 4 131
0 3 10 11 5 5 90
0 3 10 10 11 0 177
0 3 10 10 0 11 29
0 3 10 9 6 6 23
0 3 10 8 12 1 130
0 3 10 8 1 12 177
0 3 10 7 7 7 72
0 3 10 6 13 2 73
0 3 10 6 2 13 113
0 3 10 5 8 8 13
0 3 10 4 14 3 99
0 3 10 4 3 14 181
0 3 10 3 9 9 143
0 3 10 2 15 4 105
0 3 10 2 4 15 50
0 3 10 1 10 10 59
0 3 10 0 16 5 25
0 3 10 0 5 16 78
0 3 9 17 0 5 35
0 3 9 16 6 0 102
0 3 9 15 1 6 111
0 3 9 14 7 1 109
0 3 9 13 2 7 60
0 3 9 12 8 2 196
0 3 9 11 3 8 131
0 3 9 10 9 3 38
0 3 9 9 4 9 34
0 3 9 8 10 4 69
0 3 9 7 5 10 49
0 3 9 6 11 5 19
0 3 9 6 0 16 78
0 3 9 5 17 0 115
0 3 9 5 6 11 73
0 3 9 4 12 6 82
0 3 9 4 1 17 133
0 3 9 3 18 1 48
0 3 9 3 7 12 129
0 3 9 2 13 7 83
0 3 9 2 2 18 192
0 3 9 1 19 2 26
0 3 9 1 8 13 56
0 3 9 0 14 8 44
0 3 9 0 3 19 178
0 3 8 22 1 0 107
0 3 8 20 2 1 56
0 3 8 18 3 2 1
0 3 8 16 4 3 17
0 3 8 14 5 4 24
0 3 8 13 0 10 56
0 3 8 12 6 5 174
0 3 8 11 12 0 107
0 3 8 11 1 11 11
0 3 8 10 7 6 34
0 3 8 9 13 1 90
0 3 8 9 2 12 178
0 3 8 8 8 7 185
0 3 8 7 14 2 84
0 3 8 7 3 13 15
0 3 8 6 9 8 33
0 3 8 5 15 3 189
0 3 8 5 4 14 69
0 3 8 4 10 9 82
0 3 8 3 16 4 39
0 3 8 3 5 15 87
0 3 8 2 11 10 114
0 3 8 2 0 21 123
0 3 8 1 17 5 115
0 3 8 1 6 16 75
0 3 8 0 23 0 16
0 3 8 0 12 11 42
0 3 8 0 1 22 30
0 3 7 20 0 4 197
0 3 7 18 1 5 80
0 3 7 17 7 0 172
0 3 7 16 2 6 123
0 3 7 15 8 1 152
0 3 7 14 3 7 27
0 3 7 13 9 2 173
0 3 7 12 4 8 161
0 3 7 11 10 3 20
0 3 7 10 5 9 196
0 3 7 9 11 4 4
0 3 7 9 0 15 42
0 3 7 8 6 10 177
0 3 7 7 1 16 175
0 3 7 6 18 0 74
0 3 7 6 7 11 130
0 3 7 5 13 6 65
0 3 7 5 2 17 64
0 3 7 4 19 1 122
0 3 7 4 8 12 196
0 3 7 3 14 7 184
0 3 7 3 3 18 123
0 3 7 2 20 2 150
0 3 7 2 9 13 37
0 3 7 1 15 8 181
0 3 7 1 4 19 131
0 3 7 0 21 3 13
0 3 7 0 10 14 42
0 3 6 23 2 0 192
0 3 6 21 3 1 4
0 3 6 19 4 2 32
0 3 6 17 5 3 165
0 3 6 16 0 9 116
0 3 6 15 6 4 126
0 3 6 14 1 10 85
0 3 6 13 7 5 156
0 3 6 12 13 0 165
0 3 6 12 2 11 191
0 3 6 11 8 6 141
0 3 6 10 14 1 103
0 3 6 10 3 12 185
0 3 6 9 9 7 69
0 3 6 8 15 2 166
0 3 6 8 4 13 183
0 3 6 7 10 8 2
0 3 6 6 16 3 19
0 3 6 6 5 14 177
0 3 6 5 11 9 165
0 3 6 5 0 20 30
0 3 6 4 17 4 117
0 3 6 4 6 15 78
0 3 6 3 12 10 55
0 3 6 3 1 21 54
0 3 6 2 18 5 116
0 3 6 2 7 16 128
0 3 6 1 24 0 190
0 3 6 1 13 11 155
0 3 6 1 2 22 6
0 3 6 0 19 6 24
0 3 6 0 8 17 186
0 3 5 23 0 3 177
0 3 5 21 1 4 166
0 3 5 19 2 5 105
0 3 5 18 8 0 66
0 3 5 17 3 6 80
0 3 5 16 9 1 9
0 3 5 15 4 7 34
0 3 5 14 10 2 18
0 3 5 13 5 8 120
0 3 5 12 11 3 20
0 3 5 12 0 14 22
0 3 5 11 6 9 159
0 3 5 10 12 4 10
0 3 5 10 1 15 52
0 3 5 9 7 10 194
0 3 5 8 13 5 59
0 3 5 8 2 16 133
0 3 5 7 19 0 43
0 3 5 7 8 11 181
0 3 5 6 14 6 68
0 3 5 6 3 17 57
0 3 5 5 20 1 62
0 3 5 5 9 12 143
0 3 5 4 15 7 181
0 3 5 4 4 18 92
0 3 5 3 21 2 61
0 3 5 3 10 13 92
0 3 5 2 16 8 9
0 3 5 2 5 19 38
0 3 5 1 22 3 198
0 3 5 1 11 14 87
0 3 5 1 0 25 50
0 3 5 0 17 9 144
0 3 5 0 6 20 94
0 3 4 24 3 0 59
0 3 4 22 4 1 45
0 3 4 20 5 2 118
0 3 4 19 0 8 92
0 3 4 18 6 3 162
0 3 4 17 1 9 74
0 3 4 16 7 4 98
0 3 4 15 2 10 90
0 3 4 14 8 5 60
0 3 4 13 14 0 49
0 3 4 13 3 11 146
0 3 4 12 9 6 170
0 3 4 11 15 1 162
0 3 4 11 4 12 184
0 3 4 10 10 7 71
0 3 4 9 16 2 94
0 3 4 9 5 13 66
0 3 4 8 11 8 160
0 3 4 8 0 19 103
0 3 4 7 17 3 62
0 3 4 7 6 14 44
0 3 4 6 12 9 112
0 3 4 6 1 20 147
0 3 4 5 18 4 5
0 3 4 5 7 15 99
0 3 4 4 13 10 124
0 3 4 4 2 21 96
0 3 4 3 19 5 172
0 3 4 3 8 16 16
0 3 4 2 25 0 13
0 3 4 2 14 11 110
0 3 4 2 3 22 148
0 3 4 1 20 6 13
0 3 4 1 9 17 10
0 3 4 0 26 1 190
0 3 4 0 15 12 69
0 3 4 0 4 23 167
0 3 3 26 0 2 182
0 3 3 24 1 3 111
0 3 3 22 2 4 151
0 3 3 20 3 5 104
0 3 3 19 9 0 132
0 3 3 18 4 6 29
0 3 3 17 10 1 180
0 3 3 16 5 7 16
0 3 3 15 11 2 17
0 3 3 15 0 13 47
0 3 3 14 6 8 174
0 3 3 13 12 3 103
0 3 3 13 1 14 61
0 3 3 12 7 9 134
0 3 3 11 13 4 197
0 3 3 11 2 15 190
0 3 3 10 8 10 36
0 3 3 9 14 5 81
0 3 3 9 3 16 33
0 3 3 8 20 0 103
0 3 3 8 9 11 90
0 3 3 7 15 6 83
0 3 3 7 4 17 20
0 3 3 6 21 1 197
0 3 3 6 10 12 143
0 3 3 5 16 7 110
0 3 3 5 5 18 191
0 3 3 4 22 2 49
0 3 3 4 11 13 22
0 3 3 4 0 24 178
0 3 3 3 17 8 60
0 3 3 3 6 19 35
0 3 3 2 23 3 105
0 3 3 2 12 14 148
0 3 3 2 1 25 40
0 3 3 1 18 9 189
0 3 3 1 7 20 191
0 3 3 0 24 4 148
0 3 3 0 2 26 52
0 3 2 25 4 0 29
0 3 2 23 5 1 34
0 3 2 22 0 7 192
0 3 2 21 6 2 165
0 3 2 20 1 8 7
0 3 2 19 7 3 190
0 3 2 18 2 9 130
0 3 2 17 8 4 170
0 3 2 16 3 10 167
0 3 2 15 9 5 192
0 3 2 14 15 0 105
0 3 2 14 4 11 38
0 3 2 13 10 6 144
0 3 2 12 16 1 160
0 3 2 12 5 12 198
0 3 2 11 11 7 136
0 3 2 11 0 18 120
0 3 2 10 17 2 155
0 3 2 10 6 13 71
0 3 2 9 12 8 41
0 3 2 9 1 19 156
0 3 2 8 18 3 126
0 3 2 8 7 14 166
0 3 2 7 13 9 19
0 3 2 7 2 20 194
0 3 2 6 19 4 195
0 3 2 6 8 15 69
0 3 2 5 14 10 16
0 3 2 5 3 21 11
0 3 2 4 20 5 1
0 3 2 4 9 16 33
0 3 2 3 26 0 172
0 3 2 3 15 11 183
0 3 2 3 4 22 90
0 3 2 2 21 6 80
0 3 2 2 10 17 18
0 3 2 1 27 1 13
0 3 2 1 16 12 33
0 3 2 1 5 23 30
0 3 2 0 22 7 90
0 3 2 0 11 18 24
0 3 2 0 0 29 118
0 3 1 29 0 1 148
0 3 1 27 1 2 115
0 3 1 25 2 3 50
0 3 1 23 3 4 158
0 3 1 21 4 5 39
0 3 1 20 10 0 141
0 3 1 19 5 6 102
0 3 1 18 11 1 166
0 3 1 18 0 12 15
0 3 1 17 6 7 116
0 3 1 16 12 2 32
0 3 1 16 1 13 104
0 3 1 15 7 8 143
0 3 1 14 13 3 44
0 3 1 14 2 14 171
0 3 1 13 8 9 179
0 3 1 12 14 4 184
0 3 1 12 3 15 20
0 3 1 11 9 10 25
0 3 1 10 15 5 106
0 3 1 10 4 16 86
0 3 1 9 21 0 101
0 3 1 9 10 11 198
0 3 1 8 16 6 114
0 3 1 8 5 17 151
0 3 1 7 22 1 33
0 3 1 7 11 12 54
0 3 1 7 0 23 88
0 3 1 6 17 7 92
0 3 1 6 6 18 14
0 3 1 5 23 2 81
0 3 1 5 12 13 78
0 3 1 5 1 24 125
0 3 1 4 18 8 7
0 3 1 4 7 19 29
0 3 1 3 24 3 23
0 3 1 3 13 14 159
0 3 1 3 2 25 173
0 3 1 2 19 9 142
0 3 1 2 8 20 142
0 3 1 1 25 4 104
0 3 1 1 14 15 8
0 3 1 1 3 26 140
0 3 1 0 20 10 103
0 3 1 0 9 21 91
0 3 0 26 5 0 132
0 3 0 25 0 6 97
0 3 0 24 6 1 50
0 3 0 23 1 7 65
0 3 0 22 7 2 52
0 3 0 21 2 8 77
0 3 0 20 8 3 122
0 3 0 19 3 9 107
0 3 0 18 9 4 153
0 3 0 17 4 10 148
0 3 0 16 10 5 91
0 3 0 15 16 0 89
0 3 0 15 5 11 78
0 3 0 14 11 6 160
0 3 0 14 0 17 178
0 3 0 13 17 1 193
0 3 0 13 6 12 66
0 3 0 12 12 7 101
0 3 0 12 1 18 14
0 3 0 11 18 2 54
0 3 0 11 7 13 174
0 3 0 10 13 8 104
0 3 0 10 2 19 72
0 3 0 9 19 3 184
0 3 0 9 8 14 148
0 3 0 8 14 9 31
0 3 0 8 3 20 71
0 3 0 7 20 4 189
0 3 0 7 9 15 84
0 3 0 6 15 10 58
0 3 0 6 4 21 139
0 3 0 5 21 5 100
0 3 0 5 10 16 125
0 3 0 4 27 0 17
0 3 0 4 16 11 77
0 3 0 4 5 22 143
0 3 0 3 22 6 42
0 3 0 3 11 17 33
0 3 0 3 0 28 140
0 3 0 2 28 1 44
0 3 0 2 17 12 175
0 3 0 2 6 23 139
0 3 0 1 23 7 13
0 3 0 1 12 18 40
0 3 0 1 1 29 113
0 3 0 0 29 2 18
0 3 0 0 18 13 116
0 3 0 0 7 24 52
0 2 29 2 0 1 186
0 2 29 0 1 2 160
0 2 27 5 0 0 168
0 2 27 3 1 1 178
0 2 27 1 2 2 43
0 2 26 1 0 5 165
0 2 26 0 6 0 1
0 2 25 6 1 0 82
0 2 25 4 2 1 2
0 2 25 2 3 2 55
0 2 25 0 4 3 126
0 2 24 4 0 4 76
0 2 24 2 1 5 72
0 2 24 1 7 0 188
0 2 24 0 2 6 149
0 2 23 7 2 0 13
0 2 23 5 3 1 84
0 2 23 3 4 2 69
0 2 23 1 5 3 117
0 2 23 0 0 9 41
0 2 22 7 0 3 189
0 2 22 5 1 4 197
0 2 22 3 2 5 78
0 2 22 2 8 0 6
0 2 22 1 3 6 52
0 2 22 0 9 1 194
0 2 21 8 3 0 178
0 2 21 6 4 1 7
0 2 21 4 5 2 149
0 2 21 3 0 8 31
0 2 21 2 6 3 164
0 2 21 1 1 9 128
0 2 21 0 7 4 67
0 2 20 10 0 2 176
0 2 20 8 1 3 11
0 2 20 6 2 4 91
0 2 20 4 3 5 185
0 2 20 3 9 0 53
0 2 20 2 4 6 6
0 2 20 1 10 1 178
0 2 20 0 5 7 139
0 2 19 9 4 0 73
0 2 19 7 5 1 161
0 2 19 6 0 7 53
0 2 19 5 6 2 39
0 2 19 4 1 8 59
0 2 19 3 7 3 10
0 2 19 2 2 9 179
0 2 19 1 8 4 160
0 2 19 0 3 10 186
0 2 18 13 0 1 156
0 2 18 11 1 2 85
0 2 18 9 2 3 98
0 2 18 7 3 4 149
0 2 18 5 4 5 187
0 2 18 4 10 0 42
0 2 18 3 5 6 69
0 2 18 2 11 1 78
0 2 18 2 0 12 115
0 2 18 1 6 7 98
0 2 18 0 1 13 48
0 2 17 10 5 0 100
0 2 17 9 0 6 82
0 2 17 8 6 1 180
0 2 17 7 1 7 75
0 2 17 6 7 2 68
0 2 17 5 2 8 121
0 2 17 4 8 3 182
0 2 17 3 3 9 180
0 2 17 2 9 4 13
0 2 17 1 4 10 32
0 2 17 0 10 5 134
0 2 16 16 0 0 152
0 2 16 14 1 1 70
0 2 16 12 2 2 140
0 2 16 10 3 3 81
0 2 16 8 4 4 190
0 2 16 6 5 5 92
0 2 16 5 11 0 38
0 2 16 5 0 11 68
0 2 16 4 6 6 103
0 2 16 3 12 1 43
0 2 16 3 1 12 68
0 2 16 2 7 7 81
0 2 16 1 13 2 43
0 2 16 1 2 13 105
0 2 16 0 8 8 8
0 2 15 12 0 5 36
0 2 15 11 6 0 52
0 2 15 10 1 6 6
0 2 15 9 7 1 32
0 2 15 8 2 7 104
0 2 15 7 8 2 80
0 2 15 6 3 8 195
0 2 15 5 9 3 44
0 2 15 4 4 9 130
0 2 15 3 10 4 24
0 2 15 2 5 10 187
0 2 15 1 11 5 91
0 2 15 0 17 0 193
0 2 15 0 6 11 50
0 2 14 17 1 0 25
0 2 14 15 2 1 95
0 2 14 13 3 2 56
0 2 14 11 4 3 128
0 2 14 9 5 4 48
0 2 14 8 0 10 38
0 2 14 7 6 5 190
0 2 14 6 12 0 30
0 2 14 6 1 11 114
0 2 14 5 7 6 5
0 2 14 4 13 1 170
0 2 14 4 2 12 46
0 2 14 3 8 7 110
0 2 14 2 14 2 11
0 2 14 2 3 13 178
0 2 14 1 9 8 114
0 2 14 0 15 3 97
0 2 14 0 4 14 197
0 2 13 15 0 4 25
0 2 13 13 1 5 183
0 2 13 12 7 0 88
0 2 13 11 2 6 38
0 2 13 10 8 1 101
0 2 13 9 3 7 23
0 2 13 8 9 2 144
0 2 13 7 4 8 95
0 2 13 6 10 3 41
0 2 13 5 5 9 17
0 2 13 4 11 4 92
0 2 13 4 0 15 186
0 2 13 3 6 10 110
0 2 13 2 12 5 18
0 2 13 2 1 16 145
0 2 13 1 18 0 158
0 2 13 1 7 11 4
0 2 13 0 13 6 182
0 2 13 0 2 17 144
0 2 12 18 2 0 151
0 2 12 16 3 1 17
0 2 12 14 4 2 54
0 2 12 12 5 3 145
0 2 12 11 0 9 32
0 2 12 10 6 4 118
0 2 12 9 1 10 42
0 2 12 8 7 5 32
0 2 12 7 13 0 189
0 2 12 7 2 11 124
0 2 12 6 8 6 60
0 2 12 5 14 1 168
0 2 12 5 3 12 106
0 2 12 4 9 7 91
0 2 12 3 15 2 170
0 2 12 3 4 13 1
0 2 12 2 10 8 9
0 2 12 1 16 3 182
0 2 12 1 5 14 195
0 2 12 0 11 9 7
0 2 12 0 0 20 121
0 2 11 18 0 3 179
0 2 11 16 1 4 38
0 2 11 14 2 5 175
0 2 11 13 8 0 111
0 2 11 12 3 6 105
0 2 11 11 9 1 16
0 2 11 10 4 7 180
0 2 11 9 10 2 81
0 2 11 8 5 8 67
0 2 11 7 11 3 124
0 2 11 7 0 14 87
0 2 11 6 6 9 172
0 2 11 5 12 4 151
0 2 11 5 1 15 42
0 2 11 4 7 10 27
0 2 11 3 13 5 53
0 2 11 3 2 16 168
0 2 11 2 19 0 122
0 2 11 2 8 11 124
0 2 11 1 14 6 135
0 2 11 1 3 17 43
0 2 11 0 20 1 101
0 2 11 0 9 12 51
0 2 10 19 3 0 90
0 2 10 17 4 1 3
0 2 10 15 5 2 71
0 2 10 14 0 8 121
0 2 10 13 6 3 113
0 2 10 12 1 9 41
0 2 10 11 7 4 90
0 2 10 10 2 10 195
0 2 10 9 8 5 135
0 2 10 8 14 0 55
0 2 10 8 3 11 100
0 2 10 7 9 6 169
0 2 10 6 15 1 67
0 2 10 6 4 12 111
0 2 10 5 10 7 5
0 2 10 4 16 2 116
0 2 10 4 5 13 187
0 2 10 3 11 8 58
0 2 10 3 0 19 165
0 2 10 2 17 3 52
0 2 10 2 6 14 145
0 2 10 1 12 9 35
0 2 10 1 1 20 93
0 2 10 0 18 4 52
0 2 10 0 7 15 84
0 2 9 21 0 2 5
0 2 9 19 1 3 177
0 2 9 17 2 4 103
0 2 9 15 3 5 132
0 2 9 14 9 0 18
0 2 9 13 4 6 78
0 2 9 12 10 1 84
0 2 9 11 5 7 7
0 2 9 10 11 2 105
0 2 9 10 0 13 105
0 2 9 9 6 8 73
0 2 9 8 12 3 153
0 2 9 8 1 14 122
0 2 9 7 7 9 157
0 2 9 6 13 4 154
0 2 9 6 2 15 121
0 2 9 5 8 10 168
0 2 9 4 14 5 7
0 2 9 4 3 16 35
0 2 9 3 20 0 167
0 2 9 3 9 11 68
0 2 9 2 15 6 114
0 2 9 2 4 17 96
0 2 9 1 21 1 196
0 2 9 1 10 12 154
0 2 9 0 16 7 53
0 2 9 0 5 18 27
0 2 8 20 4 0 124
0 2 8 18 5 1 191
0 2 8 17 0 7 59
0 2 8 16 6 2 162
0 2 8 15 1 8 168
0 2 8 14 7 3 194
0 2 8 13 2 9 24
0 2 8 12 8 4 57
0 2 8 11 3 10 147
0 2 8 10 9 5 30
0 2 8 9 15 0 57
0 2 8 9 4 11 83
0 2 8 8 10 6 47
0 2 8 7 16 1 51
0 2 8 7 5 12 132
0 2 8 6 11 7 63
0 2 8 6 0 18 151
0 2 8 5 17 2 10
0 2 8 5 6 13 83
0 2 8 4 12 8 155
0 2 8 4 1 19 119
0 2 8 3 18 3 74
0 2 8 3 7 14 191
0 2 8 2 13 9 135
0 2 8 2 2 20 185
0 2 8 1 19 4 134
0 2 8 1 8 15 31
0 2 8 0 14 10 176
0 2 8 0 3 21 112
0 2 7 24 0 1 36
0 2 7 22 1 2 85
0 2 7 20 2 3 98
0 2 7 18 3 4 155
0 2 7 16 4 5 40
0 2 7 15 10 0 58
0 2 7 14 5 6 44
0 2 7 13 11 1 150
0 2 7 13 0 12 93
0 2 7 12 6 7 54
0 2 7 11 12 2 191
0 2 7 11 1 13 60
0 2 7 10 7 8 142
0 2 7 9 13 3 178
0 2 7 9 2 14 43
0 2 7 8 8 9 161
0 2 7 7 14 4 56
0 2 7 7 3 15 109
0 2 7 6 9 10 143
0 2 7 5 15 5 19
0 2 7 5 4 16 166
0 2 7 4 21 0 39
0 2 7 4 10 11 87
0 2 7 3 16 6 99
0 2 7 3 5 17 59
0 2 7 2 22 1 184
0 2 7 2 11 12 23
0 2 7 2 0 23 138
0 2 7 1 17 7 171
0 2 7 1 6 18 6
0 2 7 0 23 2 73
0 2 7 0 12 13 50
0 2 7 0 1 24 22
0 2 6 21 5 0 132
0 2 6 20 0 6 194
0 2 6 19 6 1 12
0 2 6 18 1 7 47
0 2 6 17 7 2 132
0 2 6 16 2 8 94
0 2 6 15 8 3 111
0 2 6 14 3 9 190
0 2 6 13 9 4 137
0 2 6 12 4 10 41
0 2 6 11 10 5 192
0 2 6 10 16 0 156
0 2 6 10 5 11 61
0 2 6 9 11 6 195
0 2 6 9 0 17 82
0 2 6 8 17 1 115
0 2 6 8 6 12 181
0 2 6 7 12 7 171
0 2 6 7 1 18 184
0 2 6 6 18 2 174
0 2 6 6 7 13 134
0 2 6 5 13 8 55
0 2 6 5 2 19 188
0 2 6 4 19 3 188
0 2 6 4 8 14 19
0 2 6 3 14 9 112
0 2 6 3 3 20 167
0 2 6 2 20 4 160
0 2 6 2 9 15 58
0 2 6 1 15 10 88
0 2 6 1 4 21 12
0 2 6 0 21 5 136
0 2 6 0 10 16 56
0 2 5 27 0 0 184
0 2 5 25 1 1 197
0 2 5 23 2 2 26
0 2 5 21 3 3 140
0 2 5 19 4 4 39
0 2 5 17 5 5 164
0 2 5 16 11 0 17
0 2 5 16 0 11 176
0 2 5 15 6 6 4
0 2 5 14 12 1 192
0 2 5 14 1 12 23
0 2 5 13 7 7 184
0 2 5 12 13 2 195
0 2 5 12 2 13 194
0 2 5 11 8 8 192
0 2 5 10 14 3 73
0 2 5 10 3 14 131
0 2 5 9 9 9 26
0 2 5 8 15 4 102
0 2 5 8 4 15 107
0 2 5 7 10 10 175
0 2 5 6 16 5 51
0 2 5 6 5 16 74
0 2 5 5 22 0 109
0 2 5 5 11 11 182
0 2 5 5 0 22 187
0 2 5 4 17 6 75
0 2 5 4 6 17 176
0 2 5 3 23 1 21
0 2 5 3 12 12 90
0 2 5 3 1 23 68
0 2 5 2 18 7 116
0 2 5 2 7 18 14
0 2 5 1 24 2 193
0 2 5 1 13 13 140
0 2 5 1 2 24 137
0 2 5 0 19 8 98
0 2 5 0 8 19 13
0 2 4 23 0 5 48
0 2 4 22 6 0 165
0 2 4 21 1 6 128
0 2 4 20 7 1 192
0 2 4 19 2 7 176
0 2 4 18 8 2 135
0 2 4 17 3 8 104
0 2 4 16 9 3 33
0 2 4 15 4 9 187
0 2 4 14 10 4 14
0 2 4 13 5 10 133
0 2 4 12 11 5 188
0 2 4 12 0 16 111
0 2 4 11 17 0 114
0 2 4 11 6 11 115
0 2 4 10 12 6 142
0 2 4 10 1 17 84
0 2 4 9 18 1 132
0 2 4 9 7 12 40
0 2 4 8 13 7 193
0 2 4 8 2 18 153
0 2 4 7 19 2 170
0 2 4 7 8 13 121
0 2 4 6 14 8 43
0 2 4 6 3 19 91
0 2 4 5 20 3 195
0 2 4 5 9 14 78
0 2 4 4 15 9 37
0 2 4 4 4 20 8
0 2 4 3 21 4 44
0 2 4 3 10 15 20
0 2 4 2 16 10 37
0 2 4 2 5 21 48
0 2 4 1 22 5 172
0 2 4 1 11 16 188
0 2 4 1 0 27 187
0 2 4 0 28 0 43
0 2 4 0 17 11 195
0 2 4 0 6 22 32
0 2 3 28 1 0 62
0 2 3 26 2 1 37
0 2 3 24 3 2 86
0 2 3 22 4 3 141
0 2 3 20 5 4 185
0 2 3 19 0 10 101
0 2 3 18 6 5 178
0 2 3 17 12 0 51
0 2 3 17 1 11 66
0 2 3 16 7 6 180
0 2 3 15 13 1 168
0 2 3 15 2 12 139
0 2 3 14 8 7 29
0 2 3 13 14 2 149
0 2 3 13 3 13 127
0 2 3 12 9 8 173
0 2 3 11 15 3 63
0 2 3 11 4 14 60
0 2 3 10 10 9 94
0 2 3 9 16 4 182
0 2 3 9 5 15 50
0 2 3 8 11 10 21
0 2 3 8 0 21 72
0 2 3 7 17 5 198
0 2 3 7 6 16 69
0 2 3 6 23 0 112
0 2 3 6 12 11 136
0 2 3 6 1 22 7
0 2 3 5 18 6 3
0 2 3 5 7 17 33
0 2 3 4 24 1 181
0 2 3 4 13 12 32
0 2 3 4 2 23 8
0 2 3 3 19 7 10
0 2 3 3 8 18 58
0 2 3 2 25 2 1
0 2 3 2 14 13 144
0 2 3 2 3 24 181
0 2 3 1 20 8 119
0 2 3 1 9 19 60
0 2 3 0 26 3 51
0 2 3 0 15 14 124
0 2 3 0 4 25 189
0 2 2 26 0 4 75
0 2 2 24 1 5 168
0 2 2 23 7 0 7
0 2 2 22 2 6 127
0 2 2 21 8 1 80
0 2 2 20 3 7 184
0 2 2 19 9 2 84
0 2 2 18 4 8 161
0 2 2 17 10 3 84
0 2 2 16 5 9 13
0 2 2 15 11 4 30
0 2 2 15 0 15 75
0 2 2 14 6 10 178
0 2 2 13 12 5 147
0 2 2 13 1 16 164
0 2 2 12 18 0 46
0 2 2 12 7 11 50
0 2 2 11 13 6 78
0 2 2 11 2 17 89
0 2 2 10 19 1 38
0 2 2 10 8 12 104
0 2 2 9 14 7 173
0 2 2 9 3 18 72
0 2 2 8 20 2 9
0 2 2 8 9 13 27
0 2 2 7 15 8 30
0 2 2 7 4 19 168
0 2 2 6 21 3 13
0 2 2 6 10 14 172
0 2 2 5 16 9 30
0 2 2 5 5 20 176
0 2 2 4 22 4 179
0 2 2 4 11 15 10
0 2 2 4 0 26 12
0 2 2 3 17 10 180
0 2 2 3 6 21 198
0 2 2 2 23 5 63
0 2 2 2 12 16 187
0 2 2 2 1 27 21
0 2 2 1 29 0 9
0 2 2 1 18 11 177
0 2 2 1 7 22 40
0 2 2 0 24 6 127
0 2 2 0 13 17 115
0 2 2 0 2 28 51
0 2 1 29 2 0 42
0 2 1 27 3 1 95
0 2 1 25 4 2 5
0 2 1 23 5 3 150
0 2 1 22 0 9 182
0 2 1 21 6 4 50
0 2 1 20 1 10 171
0 2 1 19 7 5 12
0 2 1 18 13 0 43
0 2 1 18 2 11 31
0 2 1 17 8 6 182
0 2 1 16 14 1 20
0 2 1 16 3 12 20
0 2 1 15 9 7 71
0 2 1 14 15 2 54
0 2 1 14 4 13 57
0 2 1 13 10 8 35
0 2 1 12 16 3 50
0 2 1 12 5 14 101
0 2 1 11 11 9 138
0 2 1 11 0 20 159
0 2 1 10 17 4 162
0 2 1 10 6 15 63
0 2 1 9 12 10 21
0 2 1 9 1 21 120
0 2 1 8 18 5 144
0 2 1 8 7 16 43
0 2 1 7 24 0 170
0 2 1 7 13 11 16
0 2 1 7 2 22 12
0 2 1 6 8 17 186
0 2 1 5 25 1 84
0 2 1 5 14 12 173
0 2 1 5 3 23 160
0 2 1 4 20 7 82
0 2 1 4 9 18 172
0 2 1 3 26 2 126
0 2 1 3 15 13 94
0 2 1 3 4 24 26
0 2 1 2 21 8 8
0 2 1 2 10 19 67
0 2 1 1 27 3 7
0 2 1 1 16 14 64
0 2 1 1 5 25 43
0 2 1 0 22 9 109
0 2 1 0 11 20 93
0 2 1 0 0 31 5
0 2 0 29 0 3 173
0 2 0 27 1 4 19
0 2 0 25 2 5 69
0 2 0 24 8 0 195
0 2 0 23 3 6 21
0 2 0 22 9 1 25
0 2 0 21 4 7 132
0 2 0 20 10 2 120
0 2 0 19 5 8 153
0 2 0 18 11 3 26
0 2 0 18 0 14 55
0 2 0 17 6 9 164
0 2 0 16 12 4 129
0 2 0 16 1 15 114
0 2 0 15 7 10 41
0 2 0 14 13 5 84
0 2 0 14 2 16 123
0 2 0 13 19 0 15
0 2 0 13 8 11 36
0 2 0 12 14 6 153
0 2 0 12 3 17 186
0 2 0 11 20 1 83
0 2 0 11 9 12 195
0 2 0 10 15 7 95
0 2 0 10 4 18 110
0 2 0 9 21 2 25
0 2 0 9 10 13 86
0 2 0 8 16 8 7
0 2 0 8 5 19 152
0 2 0 7 22 3 113
0 2 0 7 11 14 169
0 2 0 7 0 25 37
0 2 0 6 17 9 39
0 2 0 6 6 20 79
0 2 0 5 23 4 124
0 2 0 5 12 15 158
0 2 0 5 1 26 138
0 2 0 4 18 10 49
0 2 0 4 7 21 26
0 2 0 3 24 5 14
0 2 0 3 13 16 45
0 2 0 3 2 27 14
0 2 0 2 30 0 187
0 2 0 2 19 11 142
0 2 0 2 8 22 36
0 2 0 1 25 6 63
0 2 0 1 14 17 32
0 2 0 1 3 28 164
0 2 0 0 31 1 126
0 2 0 0 20 12 99
0 2 0 0 9 23 8
0 1 33 0 0 0 160
0 1 31 1 1 0 126
0 1 29 2 2 0 103
0 1 29 0 3 1 14
0 1 28 2 0 3 104
0 1 28 0 1 4 151
0 1 27 3 3 0 69
0 1 27 1 4 1 44
0 1 26 5 0 2 172
0 1 26 3 1 3 110
0 1 26 1 2 4 181
0 1 25 4 4 0 13
0 1 25 2 5 1 82
0 1 25 1 0 7 76
0 1 25 0 6 2 118
0 1 24 8 0 1 44
0 1 24 6 1 2 71
0 1 24 4 2 3 124
0 1 24 2 3 4 166
0 1 24 0 4 5 92
0 1 23 5 5 0 186
0 1 23 4 0 6 96
0 1 23 3 6 1 119
0 1 23 2 1 7 81
0 1 23 1 7 2 163
0 1 23 0 2 8 143
0 1 22 11 0 0 198
0 1 22 9 1 1 106
0 1 22 7 2 2 115
0 1 22 5 3 3 113
0 1 22 3 4 4 25
0 1 22 1 5 5 60
0 1 22 0 11 0 141
0 1 22 0 0 11 15
0 1 21 7 0 5 26
0 1 21 6 6 0 111
0 1 21 5 1 6 108
0 1 21 4 7 1 177
0 1 21 3 2 7 29
0 1 21 2 8 2 34
0 1 21 1 3 8 82
0 1 21 0 9 3 113
0 1 20 12 1 0 45
0 1 20 10 2 1 55
0 1 20 8 3 2 120
0 1 20 6 4 3 187
0 1 20 4 5 4 134
0 1 20 3 0 10 140
0 1 20 2 6 5 21
0 1 20 1 12 0 105
0 1 20 1 1 11 56
0 1 20 0 7 6 86
0 1 19 10 0 4 155
0 1 19 8 1 5 144
0 1 19 7 7 0 100
0 1 19 6 2 6 1
0 1 19 5 8 1 63
0 1 19 4 3 7 142
0 1 19 3 9 2 186
0 1 19 2 4 8 141
0 1 19 1 10 3 16
0 1 19 0 5 9 102
0 1 18 13 2 0 191
0 1 18 11 3 1 54
0 1 18 9 4 2 100
0 1 18 7 5 3 126
0 1 18 6 0 9 176
0 1 18 5 6 4 135
0 1 18 4 1 10 145
0 1 18 3 7 5 64
0 1 18 2 13 0 96
0 1 18 2 2 11 90
0 1 18 1 8 6 102
0 1 18 0 14 1 127
0 1 18 0 3 12 87
0 1 17 13 0 3 115
0 1 17 11 1 4 21
0 1 17 9 2 5 173
0 1 17 8 8 0 80
0 1 17 7 3 6 167
0 1 17 6 9 1 77
0 1 17 5 4 7 142
0 1 17 4 10 2 106
0 1 17 3 5 8 116
0 1 17 2 11 3 76
0 1 17 2 0 14 105
0 1 17 1 6 9 38
0 1 17 0 12 4 37
0 1 17 0 1 15 2
0 1 16 14 3 0 53
0 1 16 12 4 1 110
0 1 16 10 5 2 140
0 1 16 9 0 8 40
0 1 16 8 6 3 174
0 1 16 7 1 9 97
0 1 16 6 7 4 48
0 1 16 5 2 10 193
0 1 16 4 8 5 138
0 1 16 3 14 0 37
0 1 16 3 3 11 45
0 1 16 2 9 6 109
0 1 16 1 15 1 31
0 1 16 1 4 12 86
0 1 16 0 10 7 135
0 1 15 16 0 2 109
0 1 15 14 1 3 151
0 1 15 12 2 4 126
0 1 15 10 3 5 184
0 1 15 9 9 0 162
0 1 15 8 4 6 139
0 1 15 7 10 1 124
0 1 15 6 5 7 50
0 1 15 5 11 2 126
0 1 15 5 0 13 76
0 1 15 4 6 8 111
0 1 15 3 12 3 22
0 1 15 3 1 14 195
0 1 15 2 7 9 57
0 1 15 1 13 4 50
0 1 15 1 2 15 138
0 1 15 0 8 10 47
0 1 14 15 4 0 37
0 1 14 13 5 1 78
0 1 14 12 0 7 79
0 1 14 11 6 2 28
0 1 14 10 1 8 23
0 1 14 9 7 3 154
0 1 14 8 2 9 55
0 1 14 7 8 4 84
0 1 14 6 3 10 177
0 1 14 5 9 5 26
0 1 14 4 15 0 146
0 1 14 4 4 11 47
0 1 14 3 10 6 77
0 1 14 2 16 1 119
0 1 14 2 5 12 168
0 1 14 1 11 7 178
0 1 14 1 0 18 28
0 1 14 0 17 2 13
0 1 14 0 6 13 54
0 1 13 19 0 1 178
0 1 13 17 1 2 173
0 1 13 15 2 3 128
0 1 13 13 3 4 15
0 1 13 11 4 5 142
0 1 13 10 10 0 22
0 1 13 9 5 6 41
0 1 13 8 11 1 67
0 1 13 8 0 12 128
0 1 13 7 6 7 185
0 1 13 6 12 2 25
0 1 13 6 1 13 178
0 1 13 5 7 8 74
0 1 13 4 13 3 17
0 1 13 4 2 14 121
0 1 13 3 8 9 78
0 1 13 2 14 4 71
0 1 13 2 3 15 5
0 1 13 1 9 10 133
0 1 13 0 15 5 2
0 1 13 0 4 16 24
0 1 12 16 5 0 144
0 1 12 15 0 6 157
0 1 12 14 6 1 113
0 1 12 13 1 7 8
0 1 12 12 7 2 30
0 1 12 11 2 8 159
0 1 12 10 8 3 70
0 1 12 9 3 9 109
0 1 12 8 9 4 126
0 1 12 7 4 10 48
0 1 12 6 10 5 6
0 1 12 5 16 0 174
0 1 12 5 5 11 66
0 1 12 4 11 6 88
0 1 12 4 0 17 89
0 1 12 3 17 1 118
0 1 12 3 6 12 168
0 1 12 2 12 7 20
0 1 12 2 1 18 15
0 1 12 1 18 2 47
0 1 12 1 7 13 150
0 1 12 0 13 8 143
0 1 12 0 2 19 106
0 1 11 22 0 0 40
0 1 11 20 1 1 64
0 1 11 18 2 2 50
0 1 11 16 3 3 11
0 1 11 14 4 4 198
0 1 11 12 5 5 49
0 1 11 11 11 0 78
0 1 11 11 0 11 182
0 1 11 10 6 6 63
0 1 11 9 12 1 139
0 1 11 9 1 12 7
0 1 11 8 7 7 174
0 1 11 7 13 2 130
0 1 11 7 2 13 17
0 1 11 6 8 8 83
0 1 11 5 14 3 36
0 1 11 5 3 14 152
0 1 11 4 9 9 49
0 1 11 3 15 4 172
0 1 11 3 4 15 177
0 1 11 2 10 10 20
0 1 11 1 16 5 167
0 1 11 1 5 16 28
0 1 11 0 22 0 16
0 1 11 0 11 11 107
0 1 11 0 0 22 47
0 1 10 18 0 5 76
0 1 10 17 6 0 31
0 1 10 16 1 6 12
0 1 10 15 7 1 64
0 1 10 14 2 7 51
0 1 10 13 8 2 1
0 1 10 12 3 8 7
0 1 10 11 9 3 171
0 1 10 10 4 9 151
0 1 10 9 10 4 72
0 1 10 8 5 10 157
0 1 10 7 11 5 115
0 1 10 7 0 16 171
0 1 10 6 17 0 56
0 1 10 6 6 11 110
0 1 10 5 12 6 2
0 1 10 5 1 17 88
0 1 10 4 18 1 161
0 1 10 4 7 12 66
0 1 10 3 13 7 62
0 1 10 3 2 18 69
0 1 10 2 19 2 140
0 1 10 2 8 13 79
0 1 10 1 14 8 82
0 1 10 1 3 19 28
0 1 10 0 20 3 59
0 1 10 0 9 14 180
0 1 9 23 1 0 93
0 1 9 21 2 1 48
0 1 9 19 3 2 105
0 1 9 17 4 3 82
0 1 9 15 5 4 11
0 1 9 14 0 10 161
0 1 9 13 6 5 110
0 1 9 12 12 0 28
0 1 9 12 1 11 135
0 1 9 11 7 6 65
0 1 9 10 13 1 30
0 1 9 10 2 12 162
0 1 9 9 8 7 197
0 1 9 8 14 2 31
0 1 9 8 3 13 77
0 1 9 7 9 8 195
0 1 9 6 15 3 18
0 1 9 6 4 14 153
0 1 9 5 10 9 161
0 1 9 4 16 4 84
0 1 9 4 5 15 148
0 1 9 3 11 10 144
0 1 9 3 0 21 40
0 1 9 2 17 5 144
0 1 9 2 6 16 119
0 1 9 1 23 0 169
0 1 9 1 12 11 42
0 1 9 1 1 22 67
0 1 9 0 18 6 52
0 1 9 0 7 17 39
0 1 8 21 0 4 94
0 1 8 19 1 5 82
0 1 8 18 7 0 133
0 1 8 17 2 6 155
0 1 8 16 8 1 159
0 1 8 15 3 7 187
0 1 8 14 9 2 132
0 1 8 13 4 8 94
0 1 8 12 10 3 75
0 1 8 11 5 9 24
0 1 8 10 11 4 70
0 1 8 10 0 15 185
0 1 8 9 6 10 27
0 1 8 8 12 5 122
0 1 8 8 1 16 122
0 1 8 7 18 0 166
0 1 8 7 7 11 87
0 1 8 6 13 6 31
0 1 8 6 2 17 36
0 1 8 5 19 1 123
0 1 8 5 8 12 158
0 1 8 4 14 7 187
0 1 8 4 3 18 20
0 1 8 3 20 2 11
0 1 8 3 9 13 3
0 1 8 2 15 8 82
0 1 8 2 4 19 191
0 1 8 1 21 3 8
0 1 8 1 10 14 129
0 1 8 0 16 9 131
0 1 8 0 5 20 90
0 1 7 24 2 0 154
0 1 7 22 3 1 137
0 1 7 20 4 2 48
0 1 7 18 5 3 106
0 1 7 17 0 9 126
0 1 7 16 6 4 154
0 1 7 15 1 10 186
0 1 7 14 7 5 2
0 1 7 13 13 0 129
0 1 7 13 2 11 63
0 1 7 12 8 6 120
0 1 7 11 14 1 191
0 1 7 11 3 12 180
0 1 7 10 9 7 105
0 1 7 9 15 2 75
0 1 7 9 4 13 184
0 1 7 8 10 8 188
0 1 7 7 16 3 95
0 1 7 7 5 14 132
0 1 7 6 11 9 134
0 1 7 6 0 20 194
0 1 7 5 17 4 10
0 1 7 5 6 15 44
0 1 7 4 12 10 127
0 1 7 4 1 21 163
0 1 7 3 18 5 191
0 1 7 3 7 16 164
0 1 7 2 24 0 58
0 1 7 2 13 11 115
0 1 7 2 2 22 68
0 1 7 1 19 6 136
0 1 7 1 8 17 32
0 1 7 0 25 1 49
0 1 7 0 14 12 123
0 1 7 0 3 23 152
0 1 6 24 0 3 167
0 1 6 22 1 4 136
0 1 6 20 2 5 125
0 1 6 19 8 0 94
0 1 6 18 3 6 166
0 1 6 17 9 1 196
0 1 6 16 4 7 182
0 1 6 15 10 2 198
0 1 6 14 5 8 87
0 1 6 13 11 3 45
0 1 6 13 0 14 54
0 1 6 12 6 9 55
0 1 6 11 12 4 84
0 1 6 11 1 15 20
0 1 6 10 7 10 142
0 1 6 9 13 5 107
0 1 6 9 2 16 112
0 1 6 8 19 0 178
0 1 6 8 8 11 22
0 1 6 7 14 6 145
0 1 6 7 3 17 35
0 1 6 6 20 1 14
0 1 6 6 9 12 154
0 1 6 5 15 7 6
0 1 6 5 4 18 47
0 1 6 4 21 2 126
0 1 6 4 10 13 193
0 1 6 3 16 8 59
0 1 6 3 5 19 89
0 1 6 2 22 3 12
0 1 6 2 11 14 89
0 1 6 2 0 25 169
0 1 6 1 17 9 91
0 1 6 1 6 20 124
0 1 6 0 23 4 79
0 1 6 0 12 15 56
0 1 6 0 1 26 10
0 1 5 25 3 0 54
0 1 5 23 4 1 155
0 1 5 21 5 2 194
0 1 5 20 0 8 47
0 1 5 19 6 3 24
0 1 5 18 1 9 29
0 1 5 17 7 4 158
0 1 5 16 2 10 60
0 1 5 15 8 5 75
0 1 5 14 14 0 87
0 1 5 14 3 11 182
0 1 5 13 9 6 30
0 1 5 12 15 1 85
0 1 5 12 4 12 185
0 1 5 11 10 7 83
0 1 5 10 16 2 163
0 1 5 10 5 13 111
0 1 5 9 11 8 195
0 1 5 9 0 19 157
0 1 5 8 17 3 137
0 1 5 8 6 14 146
0 1 5 7 12 9 104
0 1 5 7 1 20 25
0 1 5 6 18 4 107
0 1 5 6 7 15 152
0 1 5 5 13 10 89
0 1 5 5 2 21 167
0 1 5 4 19 5 28
0 1 5 4 8 16 110
0 1 5 3 25 0 108
0 1 5 3 14 11 106
0 1 5 3 3 22 175
0 1 5 2 20 6 91
0 1 5 2 9 17 126
0 1 5 1 26 1 7
0 1 5 1 15 12 138
0 1 5 1 4 23 174
0 1 5 0 21 7 171
0 1 5 0 10 18 8
0 1 4 27 0 2 72
0 1 4 25 1 3 2
0 1 4 23 2 4 76
0 1 4 21 3 5 108
0 1 4 20 9 0 76
0 1 4 19 4 6 149
0 1 4 18 10 1 41
0 1 4 17 5 7 58
0 1 4 16 11 2 198
0 1 4 16 0 13 46
0 1 4 15 6 8 39
0 1 4 14 12 3 45
0 1 4 14 1 14 98
0 1 4 13 7 9 128
0 1 4 12 13 4 162
0 1 4 12 2 15 51
0 1 4 11 8 10 175
0 1 4 10 14 5 117
0 1 4 10 3 16 83
0 1 4 9 20 0 57
0 1 4 9 9 11 74
0 1 4 8 15 6 28
0 1 4 8 4 17 155
0 1 4 7 21 1 106
0 1 4 7 10 12 69
0 1 4 6 16 7 107
0 1 4 6 5 18 31
0 1 4 5 22 2 178
0 1 4 5 11 13 98
0 1 4 5 0 24 174
0 1 4 4 17 8 177
0 1 4 4 6 19 194
0 1 4 3 23 3 42
0 1 4 3 12 14 6
0 1 4 3 1 25 29
0 1 4 2 18 9 87
0 1 4 2 7 20 59
0 1 4 1 24 4 13
0 1 4 1 13 15 42
0 1 4 1 2 26 72
0 1 4 0 19 10 41
0 1 4 0 8 21 80
0 1 3 26 4 0 62
0 1 3 24 5 1 127
0 1 3 23 0 7 193
0 1 3 22 6 2 119
0 1 3 21 1 8 181
0 1 3 20 7 3 138
0 1 3 19 2 9 124
0 1 3 18 8 4 42
0 1 3 17 3 10 92
0 1 3 16 9 5 167
0 1 3 15 15 0 75
0 1 3 15 4 11 98
0 1 3 14 10 6 184
0 1 3 13 16 1 40
0 1 3 13 5 12 82
0 1 3 12 11 7 196
0 1 3 12 0 18 94
0 1 3 11 17 2 65
0 1 3 11 6 13 73
0 1 3 10 12 8 28
0 1 3 10 1 19 180
0 1 3 9 18 3 68
0 1 3 9 7 14 144
0 1 3 8 13 9 99
0 1 3 8 2 20 108
0 1 3 7 19 4 13
0 1 3 7 8 15 139
0 1 3 6 14 10 92
0 1 3 6 3 21 77
0 1 3 5 20 5 73
0 1 3 5 9 16 55
0 1 3 4 26 0 142
0 1 3 4 15 11 85
0 1 3 4 4 22 109
0 1 3 3 21 6 41
0 1 3 3 10 17 146
0 1 3 2 27 1 63
0 1 3 2 16 12 146
0 1 3 2 5 23 134
0 1 3 1 22 7 127
0 1 3 1 11 18 157
0 1 3 1 0 29 157
0 1 3 0 28 2 151
0 1 3 0 17 13 170
0 1 3 0 6 24 106
0 1 2 30 0 1 167
0 1 2 28 1 2 87
0 1 2 26 2 3 94
0 1 2 24 3 4 172
0 1 2 22 4 5 136
0 1 2 21 10 0 131
0 1 2 20 5 6 182
0 1 2 19 11 1 95
0 1 2 19 0 12 36
0 1 2 18 6 7 190
0 1 2 17 12 2 149
0 1 2 17 1 13 88
0 1 2 16 7 8 157
0 1 2 15 13 3 185
0 1 2 15 2 14 128
0 1 2 14 8 9 128
0 1 2 13 14 4 38
0 1 2 13 3 15 188
0 1 2 12 9 10 176
0 1 2 11 15 5 36
0 1 2 11 4 16 22
0 1 2 10 21 0 94
0 1 2 10 10 11 38
0 1 2 9 16 6 176
0 1 2 9 5 17 126
0 1 2 8 22 1 20
0 1 2 8 11 12 161
0 1 2 8 0 23 163
0 1 2 7 17 7 149
0 1 2 7 6 18 81
0 1 2 6 23 2 46
0 1 2 6 12 13 79
0 1 2 6 1 24 197
0 1 2 5 18 8 122
0 1 2 5 7 19 65
0 1 2 4 24 3 159
0 1 2 4 13 14 107
0 1 2 4 2 25 22
0 1 2 3 19 9 86
0 1 2 3 8 20 82
0 1 2 2 25 4 133
0 1 2 2 14 15 185
0 1 2 2 3 26 163
0 1 2 1 20 10 99
0 1 2 1 9 21 11
0 1 2 0 26 5 125
0 1 2 0 15 16 174
0 1 2 0 4 27 183
0 1 1 27 5 0 2
0 1 1 26 0 6 101
0 1 1 25 6 1 88
0 1 1 24 1 7 105
0 1 1 23 7 2 45
0 1 1 22 2 8 110
0 1 1 21 8 3 157
0 1 1 20 3 9 45
0 1 1 19 9 4 176
0 1 1 18 4 10 122
0 1 1 17 10 5 99
0 1 1 16 16 0 94
0 1 1 16 5 11 28
0 1 1 15 11 6 30
0 1 1 15 0 17 114
0 1 1 14 17 1 25
0 1 1 14 6 12 193
0 1 1 13 12 7 30
0 1 1 13 1 18 193
0 1 1 12 18 2 165
0 1 1 12 7 13 66
0 1 1 11 13 8 50
0 1 1 11 2 19 183
0 1 1 10 19 3 48
0 1 1 10 8 14 64
0 1 1 9 14 9 1
0 1 1 9 3 20 27
0 1 1 8 20 4 43
0 1 1 8 9 15 143
0 1 1 7 15 10 91
0 1 1 7 4 21 148
0 1 1 6 21 5 107
0 1 1 6 10 16 56
0 1 1 5 27 0 78
0 1 1 5 16 11 71
0 1 1 5 5 22 21
0 1 1 4 22 6 145
0 1 1 4 11 17 168
0 1 1 4 0 28 126
0 1 1 3 28 1 152
0 1 1 3 17 12 180
0 1 1 3 6 23 174
0 1 1 2 23 7 60
0 1 1 2 12 18 127
0 1 1 2 1 29 56
0 1 1 1 29 2 58
0 1 1 1 18 13 102
0 1 1 1 7 24 48
0 1 1 0 24 8 11
0 1 1 0 13 19 77
0 1 1 0 2 30 102
0 1 0 33 0 0 181
0 1 0 31 1 1 139
0 1 0 29 2 2 195
0 1 0 27 3 3 13
0 1 0 25 4 4 128
0 1 0 23 5 5 5
0 1 0 22 11 0 43
0 1 0 22 0 11 187
0 1 0 21 6 6 131
0 1 0 20 12 1 12
0 1 0 20 1 12 24
0 1 0 19 7 7 152
0 1 0 18 13 2 121
0 1 0 18 2 13 18
0 1 0 17 8 8 189
0 1 0 16 14 3 176
0 1 0 16 3 14 86
0 1 0 15 9 9 146
0 1 0 14 15 4 158
0 1 0 14 4 15 89
0 1 0 13 10 10 188
0 1 0 12 16 5 111
0 1 0 12 5 16 147
0 1 0 11 11 11 48
0 1 0 11 0 22 189
0 1 0 10 17 6 130
0 1 0 10 6 17 121
0 1 0 9 23 1 139
0 1 0 9 12 12 82
0 1 0 9 1 23 72
0 1 0 8 18 7 127
0 1 0 8 7 18 180
0 1 0 7 24 2 70
0 1 0 7 13 13 110
0 1 0 7 2 24 33
0 1 0 6 19 8 81
0 1 0 6 8 19 168
0 1 0 5 25 3 36
0 1 0 5 14 14 189
0 1 0 5 3 25 169
0 1 0 4 20 9 176
0 1 0 4 9 20 45
0 1 0 3 26 4 52
0 1 0 3 15 15 72
0 1 0 3 4 26 140
0 1 0 2 21 10 121
0 1 0 2 10 21 177
0 1 0 1 27 5 97
0 1 0 1 16 16 161
0 1 0 1 5 27 54
0 1 0 0 33 0 113
0 1 0 0 22 11 123
0 1 0 0 11 22 70
0 1 0 0 0 33 181
0 0 32 0 0 2 23
0 0 30 3 0 1 121
0 0 30 1 1 2 79
0 0 29 0 5 0 59
0 0 28 6 0 0 119
0 0 28 4 1 1 123
0 0 28 2 2 2 195
0 0 28 0 3 3 86
0 0 27 2 0 5 177
0 0 27 1 6 0 198
0 0 27 0 1 6 3
0 0 26 7 1 0 77
0 0 26 5 2 1 106
0 0 26 3 3 2 125
0 0 26 1 4 3 11
0 0 25 5 0 4 183
0 0 25 3 1 5 3
0 0 25 2 7 0 104
0 0 25 1 2 6 106
0 0 25 0 8 1 86
0 0 24 8 2 0 139
0 0 24 6 3 1 146
0 0 24 4 4 2 127
0 0 24 2 5 3 139
0 0 24 1 0 9 71
0 0 24 0 6 4 107
0 0 23 8 0 3 161
0 0 23 6 1 4 140
0 0 23 4 2 5 131
0 0 23 3 8 0 59
0 0 23 2 3 6 7
0 0 23 1 9 1 63
0 0 23 0 4 7 39
0 0 22 9 3 0 40
0 0 22 7 4 1 116
0 0 22 5 5 2 166
0 0 22 4 0 8 16
0 0 22 3 6 3 55
0 0 22 2 1 9 71
0 0 22 0 2 10 139
0 0 21 11 0 2 23
0 0 21 9 1 3 122
0 0 21 7 2 4 152
0 0 21 5 3 5 61
0 0 21 4 9 0 172
0 0 21 3 4 6 43
0 0 21 2 10 1 16
0 0 21 1 5 7 140
0 0 21 0 11 2 162
0 0 21 0 0 13 178
0 0 20 10 4 0 69
0 0 20 8 5 1 198
0 0 20 7 0 7 85
0 0 20 6 6 2 114
0 0 20 5 1 8 10
0 0 20 4 7 3 186
0 0 20 3 2 9 66
0 0 20 2 8 4 168
0 0 20 1 3 10 99
0 0 20 0 9 5 52
0 0 19 14 0 1 130
0 0 19 12 1 2 32
0 0 19 10 2 3 54
0 0 19 8 3 4 191
0 0 19 6 4 5 60
0 0 19 5 10 0 43
0 0 19 4 5 6 52
0 0 19 3 11 1 81
0 0 19 3 0 12 85
0 0 19 2 6 7 131
0 0 19 1 12 2 84
0 0 19 1 1 13 74
0 0 19 0 7 8 37
0 0 18 11 5 0 148
0 0 18 10 0 6 22
0 0 18 9 6 1 148
0 0 18 8 1 7 31
0 0 18 7 7 2 191
0 0 18 6 2 8 41
0 0 18 5 8 3 122
0 0 18 4 3 9 174
0 0 18 3 9 4 185
0 0 18 2 4 10 15
0 0 18 1 10 5 151
0 0 18 0 16 0 31
0 0 18 0 5 11 66
0 0 17 17 0 0 100
0 0 17 15 1 1 148
0 0 17 13 2 2 56
0 0 17 11 3 3 110
0 0 17 9 4 4 102
0 0 17 7 5 5 97
0 0 17 6 11 0 42
0 0 17 6 0 11 37
0 0 17 5 6 6 88
0 0 17 4 12 1 83
0 0 17 4 1 12 169
0 0 17 3 7 7 135
0 0 17 2 13 2 192
0 0 17 2 2 13 161
0 0 17 1 8 8 11
0 0 17 0 14 3 35
0 0 17 0 3 14 44
0 0 16 13 0 5 42
0 0 16 12 6 0 50
0 0 16 11 1 6 113
0 0 16 10 7 1 56
0 0 16 9 2 7 141
0 0 16 8 8 2 121
0 0 16 7 3 8 1
0 0 16 6 9 3 34
0 0 16 5 4 9 197
0 0 16 4 10 4 87
0 0 16 3 5 10 142
0 0 16 2 11 5 124
0 0 16 2 0 16 65
0 0 16 1 17 0 32
0 0 16 1 6 11 94
0 0 16 0 12 6 63
0 0 16 0 1 17 38
0 0 15 18 1 0 165
0 0 15 16 2 1 128
0 0 15 14 3 2 97
0 0 15 12 4 3 165
0 0 15 10 5 4 152
0 0 15 9 0 10 42
0 0 15 8 6 5 77
0 0 15 7 12 0 34
0 0 15 7 1 11 136
0 0 15 6 7 6 95
0 0 15 5 13 1 99
0 0 15 5 2 12 66
0 0 15 4 8 7 122
0 0 15 3 14 2 62
0 0 15 3 3 13 114
0 0 15 2 9 8 188
0 0 15 1 15 3 96
0 0 15 1 4 14 165
0 0 15 0 10 9 8
0 0 14 16 0 4 32
0 0 14 14 1 5 134
0 0 14 13 7 0 90
0 0 14 12 2 6 133
0 0 14 11 8 1 174
0 0 14 10 3 7 39
0 0 14 9 9 2 86
0 0 14 8 4 8 39
0 0 14 7 10 3 139
0 0 14 6 5 9 17
0 0 14 5 11 4 77
0 0 14 5 0 15 142
0 0 14 4 6 10 185
0 0 14 3 12 5 31
0 0 14 3 1 16 98
0 0 14 2 18 0 47
0 0 14 2 7 11 92
0 0 14 1 13 6 16
0 0 14 1 2 17 174
0 0 14 0 19 1 32
0 0 14 0 8 12 194
0 0 13 19 2 0 169
0 0 13 17 3 1 40
0 0 13 15 4 2 75
0 0 13 13 5 3 163
0 0 13 12 0 9 94
0 0 13 11 6 4 180
0 0 13 10 1 10 154
0 0 13 9 7 5 180
0 0 13 8 13 0 83
0 0 13 8 2 11 184
0 0 13 7 8 6 88
0 0 13 6 14 1 142
0 0 13 6 3 12 43
0 0 13 5 9 7 101
0 0 13 4 15 2 93
0 0 13 4 4 13 189
0 0 13 3 10 8 186
0 0 13 2 16 3 152
0 0 13 2 5 14 81
0 0 13 1 11 9 145
0 0 13 1 0 20 123
0 0 13 0 17 4 32
0 0 13 0 6 15 127
0 0 12 19 0 3 93
0 0 12 17 1 4 164
0 0 12 15 2 5 34
0 0 12 14 8 0 55
0 0 12 13 3 6 43
0 0 12 12 9 1 26
0 0 12 11 4 7 105
0 0 12 10 10 2 70
0 0 12 9 5 8 22
0 0 12 8 11 3 127
0 0 12 8 0 14 45
0 0 12 7 6 9 17
0 0 12 6 12 4 75
0 0 12 6 1 15 11
0 0 12 5 7 10 43
0 0 12 4 13 5 157
0 0 12 4 2 16 112
0 0 12 3 19 0 113
0 0 12 3 8 11 131
0 0 12 2 14 6 155
0 0 12 2 3 17 48
0 0 12 1 20 1 21
0 0 12 1 9 12 156
0 0 12 0 15 7 92
0 0 12 0 4 18 193
0 0 11 20 3 0 129
0 0 11 18 4 1 147
0 0 11 16 5 2 54
0 0 11 15 0 8 145
0 0 11 14 6 3 48
0 0 11 13 1 9 24
0 0 11 12 7 4 162
0 0 11 11 2 10 6
0 0 11 10 8 5 158
0 0 11 9 14 0 87
0 0 11 9 3 11 96
0 0 11 8 9 6 77
0 0 11 7 15 1 80
0 0 11 7 4 12 140
0 0 11 6 10 7 187
0 0 11 5 16 2 57
0 0 11 5 5 13 98
0 0 11 4 11 8 106
0 0 11 4 0 19 110
0 0 11 3 17 3 29
0 0 11 3 6 14 50
0 0 11 2 12 9 5
0 0 11 2 1 20 171
0 0 11 1 18 4 17
0 0 11 1 7 15 62
0 0 11 0 13 10 70
0 0 11 0 2 21 48
0 0 10 22 0 2 32
0 0 10 20 1 3 129
0 0 10 18 2 4 101
0 0 10 16 3 5 95
0 0 10 15 9 0 183
0 0 10 14 4 6 35
0 0 10 13 10 1 91
0 0 10 12 5 7 41
0 0 10 11 11 2 41
0 0 10 11 0 13 108
0 0 10 10 6 8 181
0 0 10 9 12 3 88
0 0 10 9 1 14 15
0 0 10 8 7 9 76
0 0 10 7 13 4 74
0 0 10 7 2 15 53
0 0 10 6 8 10 53
0 0 10 5 14 5 21
0 0 10 5 3 16 137
0 0 10 4 20 0 64
0 0 10 4 9 11 128
0 0 10 3 15 6 29
0 0 10 3 4 17 35
0 0 10 2 21 1 140
0 0 10 2 10 12 133
0 0 10 1 16 7 11
0 0 10 1 5 18 7
0 0 10 0 22 2 31
0 0 10 0 11 13 125
0 0 10 0 0 24 46
0 0 9 21 4 0 46
0 0 9 19 5 1 74
0 0 9 18 0 7 66
0 0 9 17 6 2 80
0 0 9 16 1 8 157
0 0 9 15 7 3 167
0 0 9 14 2 9 35
0 0 9 13 8 4 144
0 0 9 12 3 10 156
0 0 9 11 9 5 54
0 0 9 10 15 0 137
0 0 9 10 4 11 153
0 0 9 9 10 6 182
0 0 9 8 16 1 11
0 0 9 8 5 12 157
0 0 9 7 11 7 143
0 0 9 7 0 18 30
0 0 9 6 17 2 155
0 0 9 6 6 13 7
0 0 9 5 12 8 35
0 0 9 5 1 19 161
0 0 9 4 18 3 191
0 0 9 4 7 14 37
0 0 9 3 13 9 187
0 0 9 3 2 20 93
0 0 9 2 19 4 56
0 0 9 2 8 15 180
0 0 9 1 14 10 45
0 0 9 1 3 21 84
0 0 9 0 20 5 162
0 0 9 0 9 16 198
0 0 8 25 0 1 92
0 0 8 23 1 2 90
0 0 8 21 2 3 193
0 0 8 19 3 4 71
0 0 8 17 4 5 80
0 0 8 16 10 0 108
0 0 8 15 5 6 142
0 0 8 14 11 1 123
0 0 8 14 0 12 123
0 0 8 13 6 7 171
0 0 8 12 12 2 105
0 0 8 12 1 13 115
0 0 8 11 7 8 145
0 0 8 10 13 3 118
0 0 8 10 2 14 142
0 0 8 9 8 9 39
0 0 8 8 14 4 29
0 0 8 8 3 15 143
0 0 8 7 9 10 161
0 0 8 6 15 5 174
0 0 8 6 4 16 103
0 0 8 5 21 0 164
0 0 8 5 10 11 87
0 0 8 4 16 6 75
0 0 8 4 5 17 74
0 0 8 3 22 1 84
0 0 8 3 11 12 138
0 0 8 3 0 23 125
0 0 8 2 17 7 168
0 0 8 2 6 18 145
0 0 8 1 23 2 5
0 0 8 1 12 13 5
0 0 8 1 1 24 37
0 0 8 0 18 8 69
0 0 8 0 7 19 90
0 0 7 22 5 0 73
0 0 7 21 0 6 109
0 0 7 20 6 1 171
0 0 7 19 1 7 64
0 0 7 18 7 2 19
0 0 7 17 2 8 138
0 0 7 16 8 3 61
0 0 7 15 3 9 44
0 0 7 14 9 4 167
0 0 7 13 4 10 79
0 0 7 12 10 5 69
0 0 7 11 16 0 121
0 0 7 11 5 11 67
0 0 7 10 11 6 21
0 0 7 10 0 17 170
0 0 7 9 17 1 110
0 0 7 9 6 12 153
0 0 7 8 12 7 11
0 0 7 8 1 18 106
0 0 7 7 18 2 84
0 0 7 7 7 13 92
0 0 7 6 13 8 52
0 0 7 6 2 19 27
0 0 7 5 19 3 180
0 0 7 5 8 14 111
0 0 7 4 14 9 164
0 0 7 4 3 20 108
0 0 7 3 20 4 184
0 0 7 3 9 15 72
0 0 7 2 15 10 57
0 0 7 2 4 21 197
0 0 7 1 21 5 169
0 0 7 1 10 16 156
0 0 7 0 27 0 46
0 0 7 0 16 11 117
0 0 7 0 5 22 19
0 0 6 28 0 0 55
0 0 6 26 1 1 8
0 0 6 24 2 2 127
0 0 6 22 3 3 132
0 0 6 20 4 4 68
0 0 6 18 5 5 153
0 0 6 17 11 0 182
0 0 6 17 0 11 89
0 0 6 16 6 6 124
0 0 6 15 12 1 83
0 0 6 15 1 12 97
0 0 6 14 7 7 23
0 0 6 13 13 2 102
0 0 6 13 2 13 190
0 0 6 12 8 8 25
0 0 6 11 14 3 172
0 0 6 11 3 14 113
0 0 6 10 9 9 180
0 0 6 9 15 4 156
0 0 6 9 4 15 149
0 0 6 8 10 10 103
0 0 6 7 16 5 79
0 0 6 7 5 16 168
0 0 6 6 22 0 104
0 0 6 6 11 11 4
0 0 6 6 0 22 11
0 0 6 5 17 6 188
0 0 6 5 6 17 18
0 0 6 4 23 1 80
0 0 6 4 12 12 72
0 0 6 4 1 23 177
0 0 6 3 18 7 197
0 0 6 3 7 18 133
0 0 6 2 24 2 6
0 0 6 2 13 13 63
0 0 6 2 2 24 162
0 0 6 1 19 8 2
0 0 6 1 8 19 195
0 0 6 0 25 3 51
0 0 6 0 14 14 20
0 0 6 0 3 25 44
0 0 5 24 0 5 97
0 0 5 23 6 0 172
0 0 5 22 1 6 83
0 0 5 21 7 1 89
0 0 5 20 2 7 170
0 0 5 19 8 2 45
0 0 5 18 3 8 47
0 0 5 17 9 3 99
0 0 5 16 4 9 27
0 0 5 15 10 4 157
0 0 5 14 5 10 56
0 0 5 13 11 5 106
0 0 5 13 0 16 19
0 0 5 12 17 0 162
0 0 5 12 6 11 129
0 0 5 11 12 6 61
0 0 5 11 1 17 39
0 0 5 10 18 1 48
0 0 5 10 7 12 165
0 0 5 9 13 7 155
0 0 5 9 2 18 105
0 0 5 8 19 2 46
0 0 5 8 8 13 19
0 0 5 7 14 8 135
0 0 5 7 3 19 92
0 0 5 6 20 3 25
0 0 5 6 9 14 31
0 0 5 5 15 9 177
0 0 5 5 4 20 175
0 0 5 4 21 4 54
0 0 5 4 10 15 5
0 0 5 3 16 10 64
0 0 5 3 5 21 120
0 0 5 2 22 5 31
0 0 5 2 11 16 128
0 0 5 2 0 27 57
0 0 5 1 28 0 128
0 0 5 1 17 11 140
0 0 5 1 6 22 134
0 0 5 0 23 6 19
0 0 5 0 12 17 33
0 0 5 0 1 28 123
0 0 4 29 1 0 61
0 0 4 27 2 1 16
0 0 4 25 3 2 25
0 0 4 23 4 3 34
0 0 4 21 5 4 120
0 0 4 20 0 10 179
0 0 4 19 6 5 119
0 0 4 18 12 0 136
0 0 4 18 1 11 73
0 0 4 17 7 6 190
0 0 4 16 13 1 127
0 0 4 16 2 12 69
0 0 4 15 8 7 170
0 0 4 14 14 2 64
0 0 4 14 3 13 95
0 0 4 13 9 8 112
0 0 4 12 15 3 67
0 0 4 12 4 14 78
0 0 4 11 10 9 128
0 0 4 10 16 4 21
0 0 4 10 5 15 183
0 0 4 9 11 10 175
0 0 4 9 0 21 40
0 0 4 8 17 5 107
0 0 4 8 6 16 197
0 0 4 7 23 0 190
0 0 4 7 12 11 181
0 0 4 7 1 22 26
0 0 4 6 18 6 167
0 0 4 6 7 17 48
0 0 4 5 24 1 115
0 0 4 5 13 12 55
0 0 4 5 2 23 60
0 0 4 4 19 7 126
0 0 4 4 8 18 104
0 0 4 3 25 2 29
0 0 4 3 14 13 101
0 0 4 3 3 24 20
0 0 4 2 20 8 33
0 0 4 2 9 19 108
0 0 4 1 26 3 195
0 0 4 1 15 14 139
0 0 4 1 4 25 93
0 0 4 0 21 9 133
0 0 4 0 10 20 171
0 0 3 27 0 4 75
0 0 3 25 1 5 50
0 0 3 24 7 0 80
0 0 3 23 2 6 16
0 0 3 22 8 1 47
0 0 3 21 3 7 99
0 0 3 20 9 2 40
0 0 3 19 4 8 180
0 0 3 18 10 3 128
0 0 3 17 5 9 24
0 0 3 16 11 4 76
0 0 3 16 0 15 115
0 0 3 15 6 10 96
0 0 3 14 12 5 152
0 0 3 14 1 16 89
0 0 3 13 18 0 194
0 0 3 13 7 11 34
0 0 3 12 13 6 82
0 0 3 12 2 17 126
0 0 3 11 19 1 54
0 0 3 11 8 12 37
0 0 3 10 14 7 134
0 0 3 10 3 18 68
0 0 3 9 20 2 45
0 0 3 9 9 13 159
0 0 3 8 15 8 45
0 0 3 8 4 19 181
0 0 3 7 21 3 75
0 0 3 7 10 14 4
0 0 3 6 16 9 187
0 0 3 6 5 20 39
0 0 3 5 22 4 176
0 0 3 5 11 15 144
0 0 3 5 0 26 178
0 0 3 4 17 10 46
0 0 3 4 6 21 139
0 0 3 3 23 5 94
0 0 3 3 12 16 178
0 0 3 3 1 27 145
0 0 3 2 29 0 136
0 0 3 2 18 11 164
0 0 3 2 7 22 23
0 0 3 1 24 6 63
0 0 3 1 13 17 176
0 0 3 1 2 28 167
0 0 3 0 30 1 26
0 0 3 0 19 12 178
0 0 3 0 8 23 47
0 0 2 30 2 0 195
0 0 2 28 3 1 123
0 0 2 26 4 2 25
0 0 2 24 5 3 189
0 0 2 23 0 9 83
0 0 2 22 6 4 141
0 0 2 21 1 10 73
0 0 2 20 7 5 4
0 0 2 19 13 0 90
0 0 2 19 2 11 49
0 0 2 18 8 6 159
0 0 2 17 14 1 62
0 0 2 17 3 12 187
0 0 2 16 9 7 120
0 0 2 15 15 2 167
0 0 2 15 4 13 12
0 0 2 14 10 8 163
0 0 2 13 16 3 135
0 0 2 13 5 14 93
0 0 2 12 11 9 83
0 0 2 12 0 20 10
0 0 2 11 17 4 138
0 0 2 11 6 15 183
0 0 2 10 12 10 26
0 0 2 10 1 21 104
0 0 2 9 18 5 19
0 0 2 9 7 16 195
0 0 2 8 24 0 76
0 0 2 8 13 11 143
0 0 2 8 2 22 144
0 0 2 7 19 6 90
0 0 2 7 8 17 101
0 0 2 6 25 1 130
0 0 2 6 14 12 68
0 0 2 6 3 23 33
0 0 2 5 20 7 192
0 0 2 5 9 18 134
0 0 2 4 26 2 46
0 0 2 4 15 13 46
0 0 2 4 4 24 89
0 0 2 3 21 8 165
0 0 2 3 10 19 47
0 0 2 2 27 3 76
0 0 2 2 16 14 171
0 0 2 2 5 25 14
0 0 2 1 22 9 152
0 0 2 1 11 20 80
0 0 2 1 0 31 56
0 0 2 0 28 4 116
0 0 2 0 17 15 191
0 0 2 0 6 26 141
0 0 1 30 0 3 106
0 0 1 28 1 4 72
0 0 1 26 2 5 45
0 0 1 25 8 0 18
0 0 1 24 3 6 23
0 0 1 23 9 1 141
0 0 1 22 4 7 181
0 0 1 21 10 2 105
0 0 1 20 5 8 73
0 0 1 19 11 3 70
0 0 1 19 0 14 45
0 0 1 18 6 9 40
0 0 1 17 12 4 190
0 0 1 17 1 15 155
0 0 1 16 7 10 86
0 0 1 15 13 5 61
0 0 1 15 2 16 164
0 0 1 14 19 0 160
0 0 1 14 8 11 169
0 0 1 13 14 6 60
0 0 1 13 3 17 23
0 0 1 12 20 1 180
0 0 1 12 9 12 62
0 0 1 11 15 7 19
0 0 1 11 4 18 179
0 0 1 10 21 2 85
0 0 1 10 10 13 43
0 0 1 9 16 8 133
0 0 1 9 5 19 117
0 0 1 8 22 3 128
0 0 1 8 11 14 118
0 0 1 8 0 25 196
0 0 1 7 17 9 165
0 0 1 7 6 20 178
0 0 1 6 23 4 124
0 0 1 6 12 15 5
0 0 1 6 1 26 129
0 0 1 5 18 10 173
0 0 1 5 7 21 94
0 0 1 4 24 5 114
0 0 1 4 13 16 4
0 0 1 4 2 27 130
0 0 1 3 30 0 36
0 0 1 3 19 11 72
0 0 1 3 8 22 184
0 0 1 2 25 6 146
0 0 1 2 14 17 175
0 0 1 2 3 28 1
0 0 1 1 31 1 93
0 0 1 1 20 12 175
0 0 1 1 9 23 167
0 0 1 0 26 7 143
0 0 1 0 15 18 148
0 0 1 0 4 29 92
0 0 0 29 4 1 7
0 0 0 27 5 2 87
0 0 0 26 0 8 47
0 0 0 25 6 3 170
0 0 0 24 1 9 192
0 0 0 23 7 4 195
0 0 0 22 2 10 191
0 0 0 21 8 5 57
0 0 0 20 14 0 38
0 0 0 20 3 11 127
0 0 0 19 9 6 34
0 0 0 18 15 1 59
0 0 0 18 4 12 73
0 0 0 17 10 7 28
0 0 0 16 16 2 180
0 0 0 16 5 13 63
0 0 0 15 11 8 164
0 0 0 15 0 19 107
0 0 0 14 17 3 133
0 0 0 14 6 14 69
0 0 0 13 12 9 1
0 0 0 13 1 20 79
0 0 0 12 18 4 46
0 0 0 11 13 10 34
0 0 0 11 2 21 73
0 0 0 10 19 5 73
0 0 0 10 8 16 142
0 0 0 9 25 0 146
0 0 0 9 14 11 151
0 0 0 9 3 22 67
0 0 0 8 20 6 118
0 0 0 8 9 17 45
0 0 0 7 26 1 110
0 0 0 7 15 12 177
0 0 0 7 4 23 134
0 0 0 6 21 7 120
0 0 0 6 10 18 1
0 0 0 5 27 2 64
0 0 0 5 16 13 180
0 0 0 5 5 24 8
0 0 0 4 22 8 129
0 0 0 4 11 19 35
0 0 0 4 0 30 126
0 0 0 3 28 3 152
0 0 0 3 17 14 198
0 0 0 3 6 25 177
0 0 0 2 23 9 157
0 0 0 2 12 20 41
0 0 0 2 1 31 72
0 0 0 1 29 4 141
0 0 0 1 18 15 43
0 0 0 1 7 26 31
0 0 0 0 24 10 73
0 0 0 0 13 21 142
1 33 1 0 0 0 181
1 31 2 1 0 0 5
1 31 0 2 1 0 56
1 31 0 0 2 1 72
1 30 1 1 0 2 102
1 30 0 0 4 0 126
1 29 3 2 0 0 118
1 29 3 0 1 1 113
1 29 1 3 1 0 157
1 29 1 1 2 1 56
1 29 0 1 0 4 92
1 28 3 0 3 0 140
1 28 2 2 0 2 51
1 28 2 0 1 3 164
1 28 1 1 4 0 126
1 28 0 5 0 1 123
1 28 0 3 1 2 167
1 28 0 1 2 3 1
1 27 6 0 0 1 14
1 27 4 3 0 0 92
1 27 4 1 1 1 179
1 27 2 4 1 0 187
1 27 2 2 2 1 21
1 27 2 0 3 2 14
1 27 1 2 0 4 183
1 27 1 0 1 5 54
1 27 0 5 2 0 57
1 27 0 3 3 1 145
1 27 0 1 4 2 130
1 26 6 0 2 0 38
1 26 5 0 0 3 79
1 26 4 1 3 0 19
1 26 3 3 0 2 52
1 26 3 1 1 3 140
1 26 2 2 4 0 12
1 26 2 0 5 1 138
1 26 1 6 0 1 10
1 26 1 4 1 2 72
1 26 1 2 2 3 163
1 26 1 0 3 4 140
1 26 0 3 5 0 178
1 26 0 2 0 6 141
1 26 0 1 6 1 129
1 26 0 0 1 7 31
1 25 7 1 0 1 35
1 25 5 4 0 0 167
1 25 5 2 1 1 67
1 25 5 0 2 2 98
1 25 4 0 0 5 129
1 25 3 5 1 0 50
1 25 3 3 2 1 40
1 25 3 1 3 2 173
1 25 2 3 0 4 189
1 25 2 1 1 5 43
1 25 2 0 7 0 37
1 25 1 6 2 0 169
1 25 1 4 3 1 29
1 25 1 2 4 2 22
1 25 1 0 5 3 169
1 25 0 6 0 3 44
1 25 0 4 1 4 93
1 25 0 2 2 5 14
1 25 0 1 8 0 196
1 25 0 0 3 6 177
1 24 9 0 1 0 20
1 24 7 1 2 0 10
1 24 6 1 0 3 195
1 24 5 2 3 0 165
1 24 5 0 4 1 125
1 24 4 4 0 2 11
1 24 4 2 1 3 166
1 24 4 0 2 4 87
1 24 3 3 4 0 178
1 24 3 1 5 1 125
1 24 3 0 0 7 52
1 24 2 7 0 1 22
1 24 2 5 1 2 137
1 24 2 3 2 3 181
1 24 2 1 3 4 26
1 24 1 4 5 0 174
1 24 1 3 0 6 106
1 24 1 2 6 1 197
1 24 1 1 1 7 48
1 24 1 0 7 2 33
1 24 0 10 0 0 46
1 24 0 8 1 1 37
1 24 0 6 2 2 162
1 24 0 4 3 3 20
1 24 0 2 4 4 89
1 24 0 0 5 5 8
1 23 8 2 0 1 133
1 23 8 0 1 2 17
1 23 6 5 0 0 20
1 23 6 3 1 1 144
1 23 6 1 2 2 178
1 23 5 1 0 5 133
1 23 5 0 6 0 165
1 23 4 6 1 0 65
1 23 4 4 2 1 116
1 23 4 2 3 2 29
1 23 4 0 4 3 25
1 23 3 4 0 4 167
1 23 3 2 1 5 30
1 23 3 1 7 0 88
1 23 3 0 2 6 139
1 23 2 7 2 0 138
1 23 2 5 3 1 68
1 23 2 3 4 2 8
1 23 2 1 5 3 160
1 23 2 0 0 9 8
1 23 1 7 0 3 152
1 23 1 5 1 4 174
1 23 1 3 2 5 134
1 23 1 2 8 0 163
1 23 1 1 3 6 174
1 23 1 0 9 1 72
1 23 0 8 3 0 125
1 23 0 6 4 1 177
1 23 0 4 5 2 60
1 23 0 3 0 8 47
1 23 0 2 6 3 33
1 23 0 1 1 9 167
1 23 0 0 7 4 134
1 22 12 0 0 0 20
1 22 10 1 1 0 48
1 22 8 2 2 0 186
1 22 8 0 3 1 139
1 22 7 2 0 3 63
1 22 7 0 1 4 107
1 22 6 1 4 1 131
1 22 5 5 0 2 108
1 22 5 3 1 3 83
1 22 5 1 2 4 73
1 22 4 4 4 0 153
1 22 4 2 5 1 61
1 22 4 1 0 7 88
1 22 4 0 6 2 44
1 22 3 8 0 1 30
1 22 3 6 1 2 6
1 22 3 4 2 3 148
1 22 3 2 3 4 90
1 22 3 0 4 5 143
1 22 2 5 5 0 187
1 22 2 4 0 6 32
1 22 2 3 6 1 7
1 22 2 2 1 7 40
1 22 2 1 7 2 12
1 22 2 0 2 8 36
1 22 1 11 0 0 47
1 22 1 9 1 1 67
1 22 1 7 2 2 68
1 22 1 5 3 3 175
1 22 1 3 4 4 109
1 22 1 1 5 5 21
1 22 1 0 11 0 189
1 22 1 0 0 11 70
1 22 0 7 0 5 19
1 22 0 6 6 0 11
1 22 0 5 1 6 134
1 22 0 4 7 1 26
1 22 0 3 2 7 23
1 22 0 2 8 2 144
1 22 0 1 3 8 184
1 22 0 0 9 3 67
1 21 11 0 0 2 87
1 21 9 3 0 1 8
1 21 9 1 1 2 151
1 21 8 0 5 0 165
1 21 7 6 0 0 104
1 21 7 4 1 1 91
1 21 7 2 2 2 26
1 21 7 0 3 3 46
1 21 6 2 0 5 80
1 21 6 1 6 0 124
1 21 6 0 1 6 10
1 21 5 7 1 0 105
1 21 5 5 2 1 15
1 21 5 3 3 2 127
1 21 5 1 4 3 116
1 21 4 5 0 4 163
1 21 4 3 1 5 99
1 21 4 2 7 0 129
1 21 4 1 2 6 99
1 21 4 0 8 1 79
1 21 3 8 2 0 123
1 21 3 6 3 1 54
1 21 3 4 4 2 96
1 21 3 2 5 3 11
1 21 3 1 0 9 91
1 21 3 0 6 4 139
1 21 2 8 0 3 112
1 21 2 6 1 4 12
1 21 2 4 2 5 48
1 21 2 3 8 0 72
1 21 2 2 3 6 198
1 21 2 1 9 1 120
1 21 2 0 4 7 26
1 21 1 9 3 0 40
1 21 1 7 4 1 163
1 21 1 5 5 2 167
1 21 1 4 0 8 80
1 21 1 3 6 3 77
1 21 1 2 1 9 11
1 21 1 1 7 4 148
1 21 1 0 2 10 177
1 21 0 11 0 2 48
1 21 0 9 1 3 84
1 21 0 7 2 4 197
1 21 0 5 3 5 120
1 21 0 4 9 0 40
1 21 0 3 4 6 139
1 21 0 2 10 1 104
1 21 0 1 5 7 94
1 21 0 0 11 2 73
1 21 0 0 0 13 142
1 20 13 1 0 0 134
1 20 11 2 1 0 151
1 20 11 0 2 1 183
1 20 10 0 0 4 37
1 20 9 3 2 0 36
1 20 9 1 3 1 90
1 20 8 3 0 3 89
1 20 8 1 1 4 177
1 20 7 4 3 0 82
1 20 7 2 4 1 32
1 20 7 0 5 2 195
1 20 6 6 0 2 166
1 20 6 4 1 3 19
1 20 6 2 2 4 78
1 20 6 0 3 5 141
1 20 5 5 4 0 119
1 20 5 3 5 1 35
1 20 5 2 0 7 64
1 20 5 1 6 2 95
1 20 5 0 1 8 183
1 20 4 9 0 1 38
1 20 4 7 1 2 41
1 20 4 5 2 3 33
1 20 4 3 3 4 34
1 20 4 1 4 5 114
1 20 4 0 10 0 145
1 20 3 6 5 0 30
1 20 3 5 0 6 94
1 20 3 4 6 1 147
1 20 3 3 1 7 191
1 20 3 2 7 2 194
1 20 3 1 2 8 142
1 20 3 0 8 3 71
1 20 2 12 0 0 121
1 20 2 10 1 1 93
1 20 2 8 2 2 185
1 20 2 6 3 3 167
1 20 2 4 4 4 8
1 20 2 2 5 5 176
1 20 2 1 11 0 159
1 20 2 1 0 11 93
1 20 2 0 6 6 79
1 20 1 8 0 5 90
1 20 1 7 6 0 194
1 20 1 6 1 6 124
1 20 1 5 7 1 25
1 20 1 4 2 7 59
1 20 1 3 8 2 108
1 20 1 2 3 8 82
1 20 1 1 9 3 27
1 20 1 0 4 9 45
1 20 0 13 1 0 123
1 20 0 11 2 1 171
1 20 0 9 3 2 93
1 20 0 7 4 3 108
1 20 0 5 5 4 175
1 20 0 4 0 10 171
1 20 0 3 6 5 39
1 20 0 2 12 0 10
1 20 0 2 1 11 80
1 20 0 1 7 6 178
1 20 0 0 13 1 79
1 20 0 0 2 12 41
1 19 12 1 0 2 80
1 19 11 0 4 0 45
1 19 10 4 0 1 114
1 19 10 2 1 2 71
1 19 10 0 2 3 2
1 19 9 1 5 0 165
1 19 9 0 0 6 150
1 19 8 7 0 0 173
1 19 8 5 1 1 198
1 19 8 3 2 2 7
1 19 8 1 3 3 179
1 19 7 3 0 5 173
1 19 7 2 6 0 91
1 19 7 1 1 6 105
1 19 7 0 7 1 39
1 19 6 8 1 0 167
1 19 6 6 2 1 104
1 19 6 4 3 2 20
1 19 6 2 4 3 104
1 19 6 0 5 4 47
1 19 5 6 0 4 118
1 19 5 4 1 5 15
1 19 5 3 7 0 62
1 19 5 2 2 6 7
1 19 5 1 8 1 169
1 19 5 0 3 7 141
1 19 4 9 2 0 109
1 19 4 7 3 1 177
1 19 4 5 4 2 41
1 19 4 3 5 3 8
1 19 4 2 0 9 147
1 19 4 1 6 4 78
1 19 4 0 1 10 91
1 19 3 9 0 3 178
1 19 3 7 1 4 131
1 19 3 5 2 5 38
1 19 3 4 8 0 103
1 19 3 3 3 6 35
1 19 3 2 9 1 156
1 19 3 1 4 7 29
1 19 3 0 10 2 72
1 19 2 10 3 0 165
1 19 2 8 4 1 119
1 19 2 6 5 2 188
1 19 2 5 0 8 13
1 19 2 4 6 3 91
1 19 2 3 1 9 60
1 19 2 2 7 4 168
1 19 2 1 2 10 67
1 19 2 0 8 5 152
1 19 1 12 0 2 106
1 19 1 10 1 3 28
1 19 1 8 2 4 191
1 19 1 6 3 5 89
1 19 1 5 9 0 157
1 19 1 4 4 6 194
1 19 1 3 10 1 180
1 19 1 2 5 7 65
1 19 1 1 11 2 183
1 19 1 1 0 13 77
1 19 1 0 6 8 168
1 19 0 11 4 0 110
1 19 0 9 5 1 161
1 19 0 8 0 7 90
1 19 0 7 6 2 27
1 19 0 6 1 8 195
1 19 0 5 7 3 92
1 19 0 4 2 9 108
1 19 0 3 8 4 181
1 19 0 2 3 10 47
1 19 0 1 9 5 117
1 19 0 0 15 0 107
1 19 0 0 4 11 35
1 18 14 2 0 0 184
1 18 14 0 1 1 71
1 18 12 3 1 0 177
1 18 12 1 2 1 164
1 18 11 1 0 4 178
1 18 10 4 2 0 68
1 18 10 2 3 1 130
1 18 10 0 4 2 60
1 18 9 4 0 3 86
1 18 9 2 1 4 86
1 18 9 0 2 5 195
1 18 8 5 3 0 128
1 18 8 3 4 1 154
1 18 8 1 5 2 50
1 18 8 0 0 8 1
1 18 7 7 0 2 39
1 18 7 5 1 3 21
1 18 7 3 2 4 158
1 18 7 1 3 5 8
1 18 7 0 9 0 190
1 18 6 6 4 0 7
1 18 6 4 5 1 179
1 18 6 3 0 7 130
1 18 6 2 6 2 31
1 18 6 1 1 8 67
1 18 6 0 7 3 184
1 18 5 10 0 1 46
1 18 5 8 1 2 145
1 18 5 6 2 3 146
1 18 5 4 3 4 90
1 18 5 2 4 5 189
1 18 5 1 10 0 142
1 18 5 0 5 6 63
1 18 4 7 5 0 84
1 18 4 6 0 6 9
1 18 4 5 6 1 11
1 18 4 4 1 7 167
1 18 4 3 7 2 193
1 18 4 2 2 8 7
1 18 4 1 8 3 114
1 18 4 0 3 9 102
1 18 3 13 0 0 48
1 18 3 11 1 1 158
1 18 3 9 2 2 192
1 18 3 7 3 3 123
1 18 3 5 4 4 92
1 18 3 3 5 5 191
1 18 3 2 11 0 120
1 18 3 2 0 11 24
1 18 3 1 6 6 14
1 18 3 0 12 1 14
1 18 3 0 1 12 40
1 18 2 9 0 5 27
1 18 2 8 6 0 151
1 18 2 7 1 6 6
1 18 2 6 7 1 184
1 18 2 5 2 7 14
1 18 2 4 8 2 153
1 18 2 3 3 8 58
1 18 2 2 9 3 72
1 18 2 1 4 9 172
1 18 2 0 10 4 110
1 18 1 14 1 0 28
1 18 1 12 2 1 15
1 18 1 10 3 2 69
1 18 1 8 4 3 20
1 18 1 6 5 4 47
1 18 1 5 0 10 8
1 18 1 4 6 5 31
1 18 1 3 12 0 94
1 18 1 3 1 11 157
1 18 1 2 7 6 81
1 18 1 1 13 1 193
1 18 1 1 2 12 127
1 18 1 0 8 7 180
1 18 0 12 0 4 193
1 18 0 10 1 5 7
1 18 0 9 7 0 30
1 18 0 8 2 6 145
1 18 0 7 8 1 106
1 18 0 6 3 7 133
1 18 0 5 9 2 105
1 18 0 4 4 8 104
1 18 0 3 10 3 68
1 18 0 2 5 9 134
1 18 0 1 11 4 179
1 18 0 1 0 15 148
1 18 0 0 6 10 1
1 17 14 0 3 0 143
1 17 13 2 0 2 148
1 17 13 0 1 3 150
1 17 12 1 4 0 5
1 17 11 3 1 2 116
1 17 11 1 2 3 79
1 17 10 2 5 0 43
1 17 10 1 0 6 22
1 17 10 0 6 1 101
1 17 9 8 0 0 126
1 17 9 6 1 1 114
1 17 9 4 2 2 194
1 17 9 2 3 3 28
1 17 9 0 4 4 36
1 17 8 4 0 5 113
1 17 8 3 6 0 33
1 17 8 2 1 6 6
1 17 8 1 7 1 32
1 17 8 0 2 7 34
1 17 7 9 1 0 178
1 17 7 7 2 1 185
1 17 7 5 3 2 15
1 17 7 3 4 3 148
1 17 7 1 5 4 74
1 17 7 0 0 10 45
1 17 6 7 0 4 86
1 17 6 5 1 5 122
1 17 6 4 7 0 104
1 17 6 3 2 6 125
1 17 6 2 8 1 130
1 17 6 1 3 7 129
1 17 6 0 9 2 137
1 17 5 10 2 0 118
1 17 5 8 3 1 151
1 17 5 6 4 2 20
1 17 5 4 5 3 144
1 17 5 3 0 9 25
1 17 5 2 6 4 192
1 17 5 1 1 10 33
1 17 5 0 7 5 74
1 17 4 10 0 3 10
1 17 4 8 1 4 180
1 17 4 6 2 5 37
1 17 4 5 8 0 63
1 17 4 4 3 6 30
1 17 4 3 9 1 36
1 17 4 2 4 7 20
1 17 4 1 10 2 71
1 17 4 0 5 8 12
1 17 3 11 3 0 85
1 17 3 9 4 1 133
1 17 3 7 5 2 64
1 17 3 6 0 8 186
1 17 3 5 6 3 57
1 17 3 4 1 9 10
1 17 3 3 7 4 20
1 17 3 2 2 10 18
1 17 3 1 8 5 151
1 17 3 0 14 0 178
1 17 3 0 3 11 33
1 17 2 13 0 2 144
1 17 2 11 1 3 43
1 17 2 9 2 4 96
1 17 2 7 3 5 59
1 17 2 6 9 0 82
1 17 2 5 4 6 176
1 17 2 4 10 1 84
1 17 2 3 5 7 33
1 17 2 2 11 2 89
1 17 2 2 0 13 115
1 17 2 1 6 8 186
1 17 2 0 12 3 186
1 17 2 0 1 14 32
1 17 1 12 4 0 89
1 17 1 10 5 1 88
1 17 1 9 0 7 39
1 17 1 8 6 2 36
1 17 1 7 1 8 32
1 17 1 6 7 3 35
1 17 1 5 2 9 126
1 17 1 4 8 4 155
1 17 1 3 3 10 146
1 17 1 2 9 5 126
1 17 1 1 15 0 114
1 17 1 1 4 11 168
1 17 1 0 10 6 121
1 17 0 16 0 1 38
1 17 0 14 1 2 174
1 17 0 12 2 3 48
1 17 0 10 3 4 35
1 17 0 8 4 5 74
1 17 0 7 10 0 170
1 17 0 6 5 6 18
1 17 0 5 11 1 39
1 17 0 5 0 12 33
1 17 0 4 6 7 48
1 17 0 3 12 2 126
1 17 0 3 1 13 176
1 17 0 2 7 8 101
1 17 0 1 13 3 23
1 17 0 1 2 14 175
1 17 0 0 8 9 45
1 16 17 0 0 1 33
1 16 15 3 0 0 74
1 16 15 1 1 1 119
1 16 13 4 1 0 64
1 16 13 2 2 1 129
1 16 13 0 3 2 107
1 16 12 2 0 4 196
1 16 12 0 1 5 39
1 16 11 5 2 0 97
1 16 11 3 3 1 122
1 16 11 1 4 2 104
1 16 10 5 0 3 3
1 16 10 3 1 4 25
1 16 10 1 2 5 150
1 16 10 0 8 0 122
1 16 9 6 3 0 133
1 16 9 4 4 1 139
1 16 9 2 5 2 69
1 16 9 1 0 8 59
1 16 9 0 6 3 99
1 16 8 8 0 2 57
1 16 8 6 1 3 127
1 16 8 4 2 4 135
1 16 8 2 3 5 139
1 16 8 1 9 0 33
1 16 8 0 4 6 171
1 16 7 7 4 0 198
1 16 7 5 5 1 101
1 16 7 4 0 7 7
1 16 7 3 6 2 42
1 16 7 2 1 8 17
1 16 7 1 7 3 150
1 16 7 0 2 9 84
1 16 6 11 0 1 35
1 16 6 9 1 2 137
1 16 6 7 2 3 11
1 16 6 5 3 4 69
1 16 6 3 4 5 75
1 16 6 2 10 0 137
1 16 6 1 5 6 130
1 16 6 0 11 1 26
1 16 6 0 0 12 78
1 16 5 8 5 0 28
1 16 5 7 0 6 113
1 16 5 6 6 1 16
1 16 5 5 1 7 161
1 16 5 4 7 2 146
1 16 5 3 2 8 97
1 16 5 2 8 3 187
1 16 5 1 3 9 22
1 16 5 0 9 4 175
1 16 4 14 0 0 157
1 16 4 12 1 1 7
1 16 4 10 2 2 75
1 16 4 8 3 3 23
1 16 4 6 4 4 183
1 16 4 4 5 5 140
1 16 4 3 11 0 37
1 16 4 3 0 11 6
1 16 4 2 6 6 142
1 16 4 1 12 1 87
1 16 4 1 1 12 131
1 16 4 0 7 7 67
1 16 3 10 0 5 78
1 16 3 9 6 0 78
1 16 3 8 1 6 75
1 16 3 7 7 1 175
1 16 3 6 2 7 128
1 16 3 5 8 2 133
1 16 3 4 3 8 16
1 16 3 3 9 3 33
1 16 3 2 4 9 33
1 16 3 1 10 4 86
1 16 3 0 5 10 125
1 16 2 13 2 1 145
1 16 2 11 3 2 168
1 16 2 9 4 3 35
1 16 2 7 5 4 166
1 16 2 6 0 10 56
1 16 2 5 6 5 74
1 16 2 4 12 0 111
1 16 2 4 1 11 188
1 16 2 3 7 6 69
1 16 2 2 13 1 164
1 16 2 2 2 12 187
1 16 2 1 8 7 43
1 16 2 0 14 2 123
1 16 2 0 3 13 45
1 16 1 13 0 4 24
1 16 1 11 1 5 28
1 16 1 10 7 0 171
1 16 1 9 2 6 119
1 16 1 8 8 1 122
1 16 1 7 3 7 164
1 16 1 6 9 2 112
1 16 1 5 4 8 110
1 16 1 4 10 3 83
1 16 1 3 5 9 55
1 16 1 2 11 4 22
1 16 1 2 0 15 174
1 16 1 1 6 10 56
1 16 1 0 12 5 147
1 16 1 0 1 16 161
1 16 0 16 2 0 65
1 16 0 14 3 1 98
1 16 0 12 4 2 112
1 16 0 10 5 3 137
1 16 0 9 0 9 198
1 16 0 8 6 4 103
1 16 0 7 1 10 156
1 16 0 6 7 5 168
1 16 0 5 13 0 19
1 16 0 5 2 11 128
1 16 0 4 8 6 197
1 16 0 3 14 1 89
1 16 0 3 3 12 178
1 16 0 2 9 7 195
1 16 0 1 15 2 164
1 16 0 1 4 13 4
1 16 0 0 10 8 142
1 15 17 0 2 0 89
1 15 16 0 0 3 85
1 15 15 1 3 0 19
1 15 14 3 0 2 136
1 15 14 1 1 3 151
1 15 13 2 4 0 80
1 15 13 0 5 1 135
1 15 12 6 0 1 165
1 15 12 4 1 2 160
1 15 12 2 2 3 178
1 15 12 0 3 4 159
1 15 11 3 5 0 6
1 15 11 2 0 6 76
1 15 11 1 6 1 178
1 15 11 0 1 7 5
1 15 10 9 0 0 151
1 15 10 7 1 1 5
1 15 10 5 2 2 178
1 15 10 3 3 3 180
1 15 10 1 4 4 37
1 15 9 5 0 5 145
1 15 9 4 6 0 143
1 15 9 3 1 6 9
1 15 9 2 7 1 167
1 15 9 1 2 7 160
1 15 9 0 8 2 186
1 15 8 10 1 0 76
1 15 8 8 2 1 61
1 15 8 6 3 2 77
1 15 8 4 4 3 42
1 15 8 2 5 4 78
1 15 8 1 0 10 142
1 15 8 0 6 5 153
1 15 7 8 0 4 124
1 15 7 6 1 5 57
1 15 7 5 7 0 136
1 15 7 4 2 6 10
1 15 7 3 8 1 180
1 15 7 2 3 7 152
1 15 7 1 9 2 7
1 15 7 0 4 8 39
1 15 6 11 2 0 23
1 15 6 9 3 1 32
1 15 6 7 4 2 188
1 15 6 5 5 3 15
1 15 6 4 0 9 43
1 15 6 3 6 4 35
1 15 6 2 1 10 13
1 15 6 1 7 5 197
1 15 6 0 13 0 189
1 15 6 0 2 11 63
1 15 5 11 0 3 17
1 15 5 9 1 4 133
1 15 5 7 2 5 159
1 15 5 6 8 0 165
1 15 5 5 3 6 66
1 15 5 4 9 1 155
1 15 5 3 4 7 98
1 15 5 2 10 2 64
1 15 5 1 5 8 32
1 15 5 0 11 3 105
1 15 5 0 0 14 137
1 15 4 12 3 0 154
1 15 4 10 4 1 19
1 15 4 8 5 2 56
1 15 4 7 0 8 12
1 15 4 6 6 3 35
1 15 4 5 1 9 99
1 15 4 4 7 4 66
1 15 4 3 2 10 120
1 15 4 2 8 5 24
1 15 4 1 14 0 88
1 15 4 1 3 11 1
1 15 4 0 9 6 105
1 15 3 14 0 2 12
1 15 3 12 1 3 144
1 15 3 10 2 4 50
1 15 3 8 3 5 87
1 15 3 7 9 0 42
1 15 3 6 4 6 78
1 15 3 5 10 1 52
1 15 3 4 5 7 99
1 15 3 3 11 2 190
1 15 3 2 6 8 69
1 15 3 1 12 3 20
1 15 3 1 1 14 8
1 15 3 0 7 9 84
1 15 2 13 4 0 186
1 15 2 11 5 1 42
1 15 2 10 0 7 84
1 15 2 9 6 2 121
1 15 2 8 1 8 31
1 15 2 7 7 3 109
1 15 2 6 2 9 58
1 15 2 5 8 4 107
1 15 2 4 3 10 20
1 15 2 3 9 5 50
1 15 2 2 15 0 75
1 15 2 2 4 11 10
1 15 2 1 10 6 63
1 15 2 0 16 1 114
1 15 2 0 5 12 158
1 15 1 17 0 1 2
1 15 1 15 1 2 138
1 15 1 13 2 3 5
1 15 1 11 3 4 177
1 15 1 9 4 5 148
1 15 1 8 10 0 185
1 15 1 7 5 6 44
1 15 1 6 11 1 20
1 15 1 6 0 12 56
1 15 1 5 6 7 152
1 15 1 4 12 2 51
1 15 1 4 1 13 42
1 15 1 3 7 8 139
1 15 1 2 13 3 188
1 15 1 2 2 14 185
1 15 1 1 8 9 143
1 15 1 0 14 4 89
1 15 1 0 3 15 72
1 15 0 14 5 0 142
1 15 0 13 0 6 127
1 15 0 12 6 1 11
1 15 0 11 1 7 62
1 15 0 10 7 2 53
1 15 0 9 2 8 180
1 15 0 8 8 3 143
1 15 0 7 3 9 72
1 15 0 6 9 4 149
1 15 0 5 4 10 5
1 15 0 4 10 5 183
1 15 0 3 16 0 115
1 15 0 3 5 11 144
1 15 0 2 11 6 183
1 15 0 2 0 17 191
1 15 0 1 17 1 155
1 15 0 1 6 12 5
1 15 0 0 1 18 43
1 14 18 1 0 1 72
1 14 16 4 0 0 43
1 14 16 2 1 1 72
1 14 16 0 2 2 77
1 14 15 0 0 5 105
1 14 14 5 1 0 144
1 14 14 3 2 1 89
1 14 14 1 3 2 19
1 14 13 3 0 4 114
1 14 13 1 1 5 118
1 14 13 0 7 0 169
1 14 12 6 2 0 24
1 14 12 4 3 1 3
1 14 12 2 4 2 79
1 14 12 0 5 3 183
1 14 11 6 0 3 150
1 14 11 4 1 4 78
1 14 11 2 2 5 18
1 14 11 1 8 0 35
1 14 11 0 3 6 2
1 14 10 7 3 0 65
1 14 10 5 4 1 111
1 14 10 3 5 2 180
1 14 10 2 0 8 110
1 14 10 1 6 3 64
1 14 10 0 1 9 113
1 14 9 9 0 2 84
1 14 9 7 1 3 23
1 14 9 5 2 4 41
1 14 9 3 3 5 116
1 14 9 2 9 0 40
1 14 9 1 4 6 44
1 14 9 0 10 1 24
1 14 8 8 4 0 113
1 14 8 6 5 1 190
1 14 8 5 0 7 22
1 14 8 4 6 2 151
1 14 8 3 1 8 128
1 14 8 2 7 3 20
1 14 8 1 2 9 47
1 14 8 0 8 4 104
1 14 7 12 0 1 155
1 14 7 10 1 2 60
1 14 7 8 2 3 163
1 14 7 6 3 4 149
1 14 7 4 4 5 188
1 14 7 3 10 0 37
1 14 7 2 5 6 116
1 14 7 1 11 1 186
1 14 7 1 0 12 103
1 14 6 9 5 0 95
1 14 6 8 0 6 52
1 14 6 7 6 1 17
1 14 6 6 1 7 53
1 14 6 5 7 2 109
1 14 6 4 2 8 115
1 14 6 3 8 3 98
1 14 6 2 3 9 190
1 14 6 1 9 4 10
1 14 6 0 4 10 85
1 14 5 15 0 0 41
1 14 5 13 1 1 138
1 14 5 11 2 2 80
1 14 5 9 3 3 191
1 14 5 7 4 4 128
1 14 5 5 5 5 70
1 14 5 4 11 0 184
1 14 5 4 0 11 30
1 14 5 3 6 6 44
1 14 5 2 12 1 53
1 14 5 2 1 12 141
1 14 5 1 7 7 10
1 14 5 0 13 2 109
1 14 5 0 2 13 74
1 14 4 11 0 5 165
1 14 4 10 6 0 2
1 14 4 9 1 6 124
1 14 4 8 7 1 10
1 14 4 7 2 7 89
1 14 4 6 8 2 149
1 14 4 5 3 8 44
1 14 4 4 9 3 17
1 14 4 3 4 9 190
1 14 4 2 10 4 113
1 14 4 1 5 10 134
1 14 4 0 11 5 60
1 14 4 0 0 16 14
1 14 3 16 1 0 42
1 14 3 14 2 1 30
1 14 3 12 3 2 4
1 14 3 10 4 3 181
1 14 3 8 5 4 69
1 14 3 7 0 10 42
1 14 3 6 6 5 177
1 14 3 5 12 0 22
1 14 3 5 1 11 87
1 14 3 4 7 6 44
1 14 3 3 13 1 61
1 14 3 3 2 12 148
1 14 3 2 8 7 166
1 14 3 1 14 2 171
1 14 3 1 3 13 159
1 14 3 0 9 8 148
1 14 2 14 0 4 197
1 14 2 12 1 5 195
1 14 2 11 7 0 87
1 14 2 10 2 6 145
1 14 2 9 8 1 122
1 14 2 8 3 7 191
1 14 2 7 9 2 43
1 14 2 6 4 8 19
1 14 2 5 10 3 131
1 14 2 4 5 9 78
1 14 2 3 11 4 60
1 14 2 3 0 15 124
1 14 2 2 6 10 172
1 14 2 1 12 5 101
1 14 2 1 1 16 64
1 14 2 0 18 0 55
1 14 2 0 7 11 169
1 14 1 17 2 0 105
1 14 1 15 3 1 195
1 14 1 13 4 2 121
1 14 1 11 5 3 152
1 14 1 10 0 9 180
1 14 1 9 6 4 153
1 14 1 8 1 10 129
1 14 1 7 7 5 132
1 14 1 6 13 0 54
1 14 1 6 2 11 89
1 14 1 5 8 6 146
1 14 1 4 14 1 98
1 14 1 4 3 12 6
1 14 1 3 9 7 144
1 14 1 2 15 2 128
1 14 1 2 4 13 107
1 14 1 1 10 8 64
1 14 1 0 16 3 86
1 14 1 0 5 14 189
1 14 0 17 0 3 44
1 14 0 15 1 4 165
1 14 0 13 2 5 81
1 14 0 12 8 0 45
1 14 0 11 3 6 50
1 14 0 10 9 1 15
1 14 0 9 4 7 37
1 14 0 8 10 2 142
1 14 0 7 5 8 111
1 14 0 6 11 3 113
1 14 0 6 0 14 20
1 14 0 5 6 9 31
1 14 0 4 12 4 78
1 14 0 4 1 15 139
1 14 0 3 7 10 4
1 14 0 2 13 5 93
1 14 0 2 2 16 171
1 14 0 1 19 0 45
1 14 0 1 8 11 118
1 14 0 0 14 6 69
1 14 0 0 3 17 198
1 13 20 0 1 0 62
1 13 18 1 2 0 10
1 13 17 1 0 3 71
1 13 16 2 3 0 193
1 13 16 0 4 1 142
1 13 15 4 0 2 123
1 13 15 2 1 3 37
1 13 15 0 2 4 184
1 13 14 3 4 0 144
1 13 14 1 5 1 136
1 13 14 0 0 7 189
1 13 13 7 0 1 124
1 13 13 5 1 2 105
1 13 13 3 2 3 187
1 13 13 1 3 4 78
1 13 12 4 5 0 5
1 13 12 3 0 6 192
1 13 12 2 6 1 89
1 13 12 1 1 7 41
1 13 12 0 7 2 28
1 13 11 10 0 0 19
1 13 11 8 1 1 102
1 13 11 6 2 2 10
1 13 11 4 3 3 114
1 13 11 2 4 4 64
1 13 11 0 5 5 13
1 13 10 6 0 5 171
1 13 10 5 6 0 55
1 13 10 4 1 6 134
1 13 10 3 7 1 116
1 13 10 2 2 7 97
1 13 10 1 8 2 133
1 13 10 0 3 8 61
1 13 9 11 1 0 193
1 13 9 9 2 1 108
1 13 9 7 3 2 142
1 13 9 5 4 3 48
1 13 9 3 5 4 91
1 13 9 2 0 10 76
1 13 9 1 6 5 61
1 13 9 0 12 0 192
1 13 9 0 1 11 132
1 13 8 9 0 4 172
1 13 8 7 1 5 77
1 13 8 6 7 0 60
1 13 8 5 2 6 59
1 13 8 4 8 1 180
1 13 8 3 3 7 196
1 13 8 2 9 2 88
1 13 8 1 4 8 149
1 13 8 0 10 3 142
1 13 7 12 2 0 17
1 13 7 10 3 1 84
1 13 7 8 4 2 81
1 13 7 6 5 3 19
1 13 7 5 0 9 16
1 13 7 4 6 4 189
1 13 7 3 1 10 183
1 13 7 2 7 5 58
1 13 7 1 13 0 27
1 13 7 1 2 11 105
1 13 7 0 8 6 17
1 13 6 12 0 3 80
1 13 6 10 1 4 38
1 13 6 8 2 5 133
1 13 6 7 8 0 168
1 13 6 6 3 6 6
1 13 6 5 9 1 129
1 13 6 4 4 7 52
1 13 6 3 10 2 106
1 13 6 2 5 8 64
1 13 6 1 11 3 120
1 13 6 1 0 14 26
1 13 6 0 6 9 121
1 13 5 13 3 0 142
1 13 5 11 4 1 75
1 13 5 9 5 2 20
1 13 5 8 0 8 110
1 13 5 7 6 3 53
1 13 5 6 1 9 32
1 13 5 5 7 4 76
1 13 5 4 2 10 171
1 13 5 3 8 5 145
1 13 5 2 14 0 187
1 13 5 2 3 11 43
1 13 5 1 9 6 64
1 13 5 0 15 1 181
1 13 5 0 4 12 193
1 13 4 15 0 2 124
1 13 4 13 1 3 58
1 13 4 11 2 4 50
1 13 4 9 3 5 38
1 13 4 8 9 0 68
1 13 4 7 4 6 71
1 13 4 6 10 1 103
1 13 4 5 5 7 62
1 13 4 4 11 2 137
1 13 4 4 0 13 98
1 13 4 3 6 8 90
1 13 4 2 12 3 58
1 13 4 2 1 14 128
1 13 4 1 7 9 105
1 13 4 0 13 4 47
1 13 4 0 2 15 130
1 13 3 14 4 0 180
1 13 3 12 5 1 191
1 13 3 11 0 7 160
1 13 3 10 6 2 113
1 13 3 9 1 8 56
1 13 3 8 7 3 15
1 13 3 7 2 9 37
1 13 3 6 8 4 183
1 13 3 5 3 10 92
1 13 3 4 9 5 66
1 13 3 3 15 0 47
1 13 3 3 4 11 22
1 13 3 2 10 6 71
1 13 3 1 16 1 104
1 13 3 1 5 12 78
1 13 3 0 11 7 174
1 13 3 0 0 18 116
1 13 2 18 0 1 48
1 13 2 16 1 2 105
1 13 2 14 2 3 178
1 13 2 12 3 4 1
1 13 2 10 4 5 187
1 13 2 9 10 0 105
1 13 2 8 5 6 83
1 13 2 7 11 1 60
1 13 2 7 0 12 50
1 13 2 6 6 7 134
1 13 2 5 12 2 194
1 13 2 5 1 13 140
1 13 2 4 7 8 121
1 13 2 3 13 3 127
1 13 2 3 2 14 144
1 13 2 2 8 9 27
1 13 2 1 14 4 57
1 13 2 1 3 15 94
1 13 2 0 9 10 86
1 13 1 15 5 0 76
1 13 1 14 0 6 54
1 13 1 13 6 1 178
1 13 1 12 1 7 150
1 13 1 11 7 2 17
1 13 1 10 2 8 79
1 13 1 9 8 3 77
1 13 1 8 3 9 3
1 13 1 7 9 4 184
1 13 1 6 4 10 193
1 13 1 5 10 5 111
1 13 1 4 16 0 46
1 13 1 4 5 11 98
1 13 1 3 11 6 73
1 13 1 3 0 17 170
1 13 1 2 17 1 88
1 13 1 2 6 12 79
1 13 1 1 12 7 66
1 13 1 1 1 18 102
1 13 1 0 18 2 18
1 13 1 0 7 13 110
1 13 0 21 0 0 178
1 13 0 19 1 1 74
1 13 0 17 2 2 161
1 13 0 15 3 3 114
1 13 0 13 4 4 189
1 13 0 11 5 5 98
1 13 0 10 11 0 108
1 13 0 10 0 11 125
1 13 0 9 6 6 7
1 13 0 8 12 1 115
1 13 0 8 1 12 5
1 13 0 7 7 7 92
1 13 0 6 13 2 190
1 13 0 6 2 13 63
1 13 0 5 8 8 19
1 13 0 4 14 3 95
1 13 0 4 3 14 101
1 13 0 3 9 9 159
1 13 0 2 15 4 12
1 13 0 2 4 15 46
1 13 0 1 10 10 43
1 13 0 0 16 5 63
1 13 0 0 5 16 180
1 12 19 2 0 1 147
1 12 19 0 1 2 152
1 12 17 5 0 0 143
1 12 17 1 2 2 147
1 12 16 1 0 5 154
1 12 16 0 6 0 124
1 12 15 6 1 0 105
1 12 15 4 2 1 158
1 12 15 2 3 2 99
1 12 15 0 4 3 194
1 12 14 4 0 4 165
1 12 14 2 1 5 111
1 12 14 1 7 0 175
1 12 14 0 2 6 86
1 12 13 7 2 0 171
1 12 13 5 3 1 114
1 12 13 3 4 2 92
1 12 13 1 5 3 135
1 12 13 0 0 9 147
1 12 12 7 0 3 150
1 12 12 5 1 4 194
1 12 12 3 2 5 71
1 12 12 2 8 0 51
1 12 12 1 3 6 108
1 12 12 0 9 1 121
1 12 11 8 3 0 50
1 12 11 4 5 2 4
1 12 11 3 0 8 1
1 12 11 2 6 3 9
1 12 11 1 1 9 55
1 12 11 0 7 4 105
1 12 10 10 0 2 74
1 12 10 8 1 3 87
1 12 10 6 2 4 54
1 12 10 4 3 5 5
1 12 10 3 9 0 194
1 12 10 2 4 6 108
1 12 10 1 10 1 42
1 12 10 0 5 7 162
1 12 9 9 4 0 62
1 12 9 7 5 1 159
1 12 9 6 0 7 147
1 12 9 5 6 2 158
1 12 9 4 1 8 178
1 12 9 3 7 3 105
1 12 9 2 2 9 45
1 12 9 1 8 4 34
1 12 9 0 3 10 190
1 12 8 13 0 1 66
1 12 8 11 1 2 59
1 12 8 9 2 3 69
1 12 8 7 3 4 23
1 12 8 5 4 5 21
1 12 8 4 10 0 14
1 12 8 3 5 6 132
1 12 8 2 11 1 48
1 12 8 2 0 12 81
1 12 8 1 6 7 102
1 12 8 0 12 2 128
1 12 8 0 1 13 103
1 12 7 10 5 0 18
1 12 7 9 0 6 72
1 12 7 8 6 1 73
1 12 7 7 1 7 134
1 12 7 6 7 2 112
1 12 7 5 2 8 2
1 12 7 4 8 3 197
1 12 7 3 3 9 114
1 12 7 2 9 4 139
1 12 7 1 4 10 52
1 12 7 0 10 5 196
1 12 6 16 0 0 89
1 12 6 14 1 1 56
1 12 6 12 2 2 106
1 12 6 10 3 3 197
1 12 6 8 4 4 118
1 12 6 6 5 5 163
1 12 6 5 11 0 44
1 12 6 5 0 11 41
1 12 6 4 6 6 37
1 12 6 3 12 1 193
1 12 6 3 1 12 54
1 12 6 2 7 7 51
1 12 6 1 13 2 115
1 12 6 1 2 13 125
1 12 6 0 8 8 106
1 12 5 12 0 5 134
1 12 5 11 6 0 181
1 12 5 10 1 6 26
1 12 5 9 7 1 197
1 12 5 8 2 7 20
1 12 5 7 8 2 161
1 12 5 6 3 8 194
1 12 5 5 9 3 152
1 12 5 4 4 9 186
1 12 5 3 10 4 161
1 12 5 2 5 10 161
1 12 5 1 11 5 130
1 12 5 1 0 16 38
1 12 5 0 17 0 80
1 12 5 0 6 11 142
1 12 4 17 1 0 159
1 12 4 15 2 1 131
1 12 4 13 3 2 62
1 12 4 11 4 3 5
1 12 4 9 5 4 194
1 12 4 8 0 10 106
1 12 4 7 6 5 33
1 12 4 6 12 0 4
1 12 4 6 1 11 133
1 12 4 5 7 6 127
1 12 4 4 13 1 151
1 12 4 4 2 12 95
1 12 4 3 8 7 163
1 12 4 2 14 2 98
1 12 4 2 3 13 19
1 12 4 1 9 8 31
1 12 4 0 15 3 75
1 12 4 0 4 14 120
1 12 3 15 0 4 135
1 12 3 13 1 5 174
1 12 3 12 7 0 85
1 12 3 11 2 6 103
1 12 3 10 8 1 177
1 12 3 9 3 7 129
1 12 3 8 9 2 178
1 12 3 7 4 8 196
1 12 3 6 10 3 185
1 12 3 5 5 9 143
1 12 3 4 11 4 184
1 12 3 4 0 15 69
1 12 3 3 6 10 143
1 12 3 2 12 5 198
1 12 3 2 1 16 33
1 12 3 1 18 0 15
1 12 3 1 7 11 54
1 12 3 0 13 6 66
1 12 3 0 2 17 175
1 12 2 18 2 0 115
1 12 2 16 3 1 68
1 12 2 14 4 2 46
1 12 2 12 5 3 106
1 12 2 11 0 9 51
1 12 2 10 6 4 111
1 12 2 9 1 10 154
1 12 2 8 7 5 132
1 12 2 7 13 0 93
1 12 2 7 2 11 23
1 12 2 6 8 6 181
1 12 2 5 14 1 23
1 12 2 5 3 12 90
1 12 2 4 9 7 40
1 12 2 3 15 2 139
1 12 2 3 4 13 32
1 12 2 2 10 8 104
1 12 2 1 16 3 20
1 12 2 1 5 14 173
1 12 2 0 11 9 195
1 12 2 0 0 20 99
1 12 1 18 0 3 87
1 12 1 16 1 4 86
1 12 1 14 2 5 168
1 12 1 13 8 0 128
1 12 1 12 3 6 168
1 12 1 11 9 1 7
1 12 1 10 4 7 66
1 12 1 9 10 2 162
1 12 1 8 5 8 158
1 12 1 7 11 3 180
1 12 1 7 0 14 123
1 12 1 6 6 9 154
1 12 1 5 12 4 185
1 12 1 5 1 15 138
1 12 1 4 7 10 69
1 12 1 3 13 5 82
1 12 1 3 2 16 146
1 12 1 2 19 0 36
1 12 1 2 8 11 161
1 12 1 1 14 6 193
1 12 1 1 3 17 180
1 12 1 0 20 1 24
1 12 1 0 9 12 82
1 12 0 19 3 0 85
1 12 0 17 4 1 169
1 12 0 15 5 2 66
1 12 0 14 0 8 194
1 12 0 13 6 3 43
1 12 0 12 1 9 156
1 12 0 11 7 4 140
1 12 0 10 2 10 133
1 12 0 9 8 5 157
1 12 0 8 14 0 123
1 12 0 8 3 11 138
1 12 0 7 9 6 153
1 12 0 6 15 1 97
1 12 0 6 4 12 72
1 12 0 5 10 7 165
1 12 0 4 16 2 69
1 12 0 4 5 13 55
1 12 0 3 11 8 37
1 12 0 3 0 19 178
1 12 0 2 17 3 187
1 12 0 2 6 14 68
1 12 0 1 12 9 62
1 12 0 1 1 20 175
1 12 0 0 18 4 73
1 12 0 0 7 15 177
1 11 23 0 0 0 52
1 11 21 1 1 0 123
1 11 19 2 2 0 27
1 11 19 0 3 1 43
1 11 18 2 0 3 74
1 11 18 0 1 4 91
1 11 17 3 3 0 9
1 11 17 1 4 1 180
1 11 16 5 0 2 14
1 11 16 3 1 3 150
1 11 16 1 2 4 1
1 11 15 4 4 0 161
1 11 15 2 5 1 48
1 11 15 1 0 7 20
1 11 15 0 6 2 83
1 11 14 8 0 1 9
1 11 14 6 1 2 86
1 11 14 4 2 3 111
1 11 14 2 3 4 85
1 11 14 0 4 5 73
1 11 13 5 5 0 187
1 11 13 4 0 6 178
1 11 13 3 6 1 130
1 11 13 2 1 7 153
1 11 13 1 7 2 125
1 11 13 0 2 8 40
1 11 12 11 0 0 55
1 11 12 9 1 1 56
1 11 12 7 2 2 66
1 11 12 5 3 3 96
1 11 12 3 4 4 135
1 11 12 1 5 5 158
1 11 12 0 11 0 43
1 11 12 0 0 11 98
1 11 11 7 0 5 59
1 11 11 6 6 0 38
1 11 11 5 1 6 117
1 11 11 4 7 1 6
1 11 11 3 2 7 9
1 11 11 2 8 2 69
1 11 11 1 3 8 120
1 11 11 0 9 3 65
1 11 10 12 1 0 21
1 11 10 10 2 1 20
1 11 10 8 3 2 45
1 11 10 6 4 3 102
1 11 10 4 5 4 15
1 11 10 3 0 10 90
1 11 10 2 6 5 19
1 11 10 1 12 0 115
1 11 10 1 1 11 154
1 11 10 0 7 6 17
1 11 9 10 0 4 140
1 11 9 8 1 5 173
1 11 9 7 7 0 111
1 11 9 6 2 6 70
1 11 9 5 8 1 88
1 11 9 4 3 7 167
1 11 9 3 9 2 141
1 11 9 2 4 8 51
1 11 9 1 10 3 138
1 11 9 0 5 9 171
1 11 8 13 2 0 157
1 11 8 11 3 1 23
1 11 8 9 4 2 114
1 11 8 7 5 3 32
1 11 8 6 0 9 66
1 11 8 5 6 4 130
1 11 8 4 1 10 49
1 11 8 3 7 5 77
1 11 8 2 13 0 20
1 11 8 2 2 11 161
1 11 8 1 8 6 171
1 11 8 0 14 1 93
1 11 8 0 3 12 191
1 11 7 13 0 3 107
1 11 7 11 1 4 32
1 11 7 9 2 5 118
1 11 7 8 8 0 113
1 11 7 7 3 6 143
1 11 7 6 9 1 179
1 11 7 5 4 7 20
1 11 7 4 10 2 52
1 11 7 3 5 8 66
1 11 7 2 11 3 27
1 11 7 2 0 14 151
1 11 7 1 6 9 191
1 11 7 0 12 4 86
1 11 7 0 1 15 183
1 11 6 14 3 0 121
1 11 6 12 4 1 59
1 11 6 10 5 2 143
1 11 6 9 0 8 70
1 11 6 8 6 3 92
1 11 6 7 1 9 64
1 11 6 6 7 4 185
1 11 6 5 2 10 128
1 11 6 4 8 5 163
1 11 6 3 14 0 149
1 11 6 3 3 11 114
1 11 6 2 9 6 48
1 11 6 1 15 1 103
1 11 6 1 4 12 122
1 11 6 0 10 7 197
1 11 5 16 0 2 153
1 11 5 14 1 3 78
1 11 5 12 2 4 108
1 11 5 10 3 5 47
1 11 5 9 9 0 73
1 11 5 8 4 6 58
1 11 5 7 10 1 110
1 11 5 6 5 7 70
1 11 5 5 11 2 156
1 11 5 5 0 13 48
1 11 5 4 6 8 170
1 11 5 3 12 3 162
1 11 5 3 1 14 184
1 11 5 2 7 9 163
1 11 5 1 13 4 59
1 11 5 1 2 15 98
1 11 5 0 8 10 169
1 11 4 15 4 0 48
1 11 4 13 5 1 34
1 11 4 12 0 7 69
1 11 4 11 6 2 38
1 11 4 10 1 8 48
1 11 4 9 7 3 94
1 11 4 8 2 9 55
1 11 4 7 8 4 110
1 11 4 6 3 10 193
1 11 4 5 9 5 160
1 11 4 4 15 0 13
1 11 4 4 4 11 44
1 11 4 3 10 6 193
1 11 4 2 16 1 112
1 11 4 2 5 12 88
1 11 4 1 11 7 70
1 11 4 1 0 18 182
1 11 4 0 17 2 74
1 11 4 0 6 13 188
1 11 3 19 0 1 157
1 11 3 17 1 2 95
1 11 3 15 2 3 11
1 11 3 13 3 4 38
1 11 3 11 4 5 3
1 11 3 10 10 0 29
1 11 3 9 5 6 73
1 11 3 8 11 1 11
1 11 3 8 0 12 42
1 11 3 7 6 7 130
1 11 3 6 12 2 191
1 11 3 6 1 13 155
1 11 3 5 7 8 181
1 11 3 4 13 3 146
1 11 3 4 2 14 110
1 11 3 3 8 9 90
1 11 3 2 14 4 38
1 11 3 2 3 15 183
1 11 3 1 9 10 198
1 11 3 0 15 5 78
1 11 3 0 4 16 77
1 11 2 16 5 0 68
1 11 2 15 0 6 50
1 11 2 14 6 1 114
1 11 2 13 1 7 4
1 11 2 12 7 2 124
1 11 2 11 2 8 124
1 11 2 10 8 3 100
1 11 2 9 3 9 68
1 11 2 8 9 4 83
1 11 2 7 4 10 87
1 11 2 6 10 5 61
1 11 2 5 16 0 176
1 11 2 5 5 11 182
1 11 2 4 11 6 115
1 11 2 4 0 17 195
1 11 2 3 17 1 66
1 11 2 3 6 12 136
1 11 2 2 12 7 50
1 11 2 2 1 18 177
1 11 2 1 18 2 31
1 11 2 1 7 13 16
1 11 2 0 13 8 36
1 11 2 0 2 19 142
1 11 1 22 0 0 15
1 11 1 20 1 1 56
1 11 1 18 2 2 90
1 11 1 16 3 3 45
1 11 1 14 4 4 47
1 11 1 12 5 5 66
1 11 1 11 11 0 182
1 11 1 11 0 11 107
1 11 1 10 6 6 110
1 11 1 9 12 1 135
1 11 1 9 1 12 42
1 11 1 8 7 7 87
1 11 1 7 13 2 63
1 11 1 7 2 13 115
1 11 1 6 8 8 22
1 11 1 5 14 3 182
1 11 1 5 3 14 106
1 11 1 4 9 9 74
1 11 1 3 15 4 98
1 11 1 3 4 15 85
1 11 1 2 10 10 38
1 11 1 1 16 5 28
1 11 1 1 5 16 71
1 11 1 0 22 0 187
1 11 1 0 11 11 48
1 11 1 0 0 22 123
1 11 0 18 0 5 66
1 11 0 17 6 0 37
1 11 0 16 1 6 94
1 11 0 15 7 1 136
1 11 0 14 2 7 92
1 11 0 13 8 2 184
1 11 0 12 3 8 131
1 11 0 11 9 3 96
1 11 0 10 4 9 128
1 11 0 9 10 4 153
1 11 0 8 5 10 87
1 11 0 7 11 5 67
1 11 0 7 0 16 117
1 11 0 6 17 0 89
1 11 0 6 6 11 4
1 11 0 5 12 6 129
1 11 0 5 1 17 140
1 11 0 4 18 1 73
1 11 0 4 7 12 181
1 11 0 3 13 7 34
1 11 0 3 2 18 164
1 11 0 2 19 2 49
1 11 0 2 8 13 143
1 11 0 1 14 8 169
1 11 0 1 3 19 72
1 11 0 0 20 3 127
1 11 0 0 9 14 151
1 10 22 0 0 2 95
1 10 20 3 0 1 61
1 10 20 1 1 2 101
1 10 19 0 5 0 173
1 10 18 6 0 0 65
1 10 18 4 1 1 37
1 10 18 2 2 2 58
1 10 18 0 3 3 133
1 10 17 2 0 5 115
1 10 17 1 6 0 120
1 10 17 0 1 6 39
1 10 16 7 1 0 17
1 10 16 5 2 1 120
1 10 16 3 3 2 108
1 10 16 1 4 3 92
1 10 15 5 0 4 121
1 10 15 3 1 5 70
1 10 15 2 7 0 71
1 10 15 1 2 6 124
1 10 15 0 8 1 45
1 10 14 8 2 0 144
1 10 14 6 3 1 28
1 10 14 4 4 2 138
1 10 14 2 5 3 81
1 10 14 1 0 9 58
1 10 14 0 6 4 85
1 10 13 8 0 3 72
1 10 13 6 1 4 25
1 10 13 4 2 5 49
1 10 13 3 8 0 164
1 10 13 2 3 6 192
1 10 13 1 9 1 47
1 10 13 0 4 7 42
1 10 12 9 3 0 123
1 10 12 7 4 1 178
1 10 12 5 5 2 67
1 10 12 4 0 8 39
1 10 12 3 6 3 101
1 10 12 2 1 9 5
1 10 12 1 7 4 24
1 10 12 0 2 10 163
1 10 11 11 0 2 35
1 10 11 9 1 3 122
1 10 11 7 2 4 50
1 10 11 5 3 5 19
1 10 11 4 9 0 100
1 10 11 3 4 6 147
1 10 11 2 10 1 13
1 10 11 1 5 7 89
1 10 11 0 11 2 65
1 10 11 0 0 13 188
1 10 10 10 4 0 177
1 10 10 8 5 1 50
1 10 10 7 0 7 7
1 10 10 6 6 2 106
1 10 10 5 1 8 155
1 10 10 4 7 3 141
1 10 10 3 2 9 36
1 10 10 2 8 4 1
1 10 10 1 3 10 162
1 10 10 0 9 5 178
1 10 9 14 0 1 158
1 10 9 12 1 2 25
1 10 9 10 2 3 164
1 10 9 8 3 4 89
1 10 9 6 4 5 177
1 10 9 5 10 0 142
1 10 9 4 5 6 193
1 10 9 3 11 1 169
1 10 9 3 0 12 198
1 10 9 2 6 7 116
1 10 9 1 12 2 20
1 10 9 1 1 13 44
1 10 9 0 7 8 27
1 10 8 11 5 0 19
1 10 8 10 0 6 140
1 10 8 9 6 1 59
1 10 8 8 1 7 105
1 10 8 7 7 2 154
1 10 8 6 2 8 33
1 10 8 5 8 3 24
1 10 8 4 3 9 186
1 10 8 3 9 4 17
1 10 8 2 4 10 73
1 10 8 1 10 5 130
1 10 8 0 16 0 112
1 10 8 0 5 11 19
1 10 7 17 0 0 152
1 10 7 15 1 1 171
1 10 7 13 2 2 118
1 10 7 11 3 3 174
1 10 7 9 4 4 88
1 10 7 7 5 5 150
1 10 7 6 11 0 1
1 10 7 6 0 11 142
1 10 7 5 6 6 117
1 10 7 4 12 1 190
1 10 7 4 1 12 67
1 10 7 3 7 7 182
1 10 7 2 13 2 13
1 10 7 2 2 13 188
1 10 7 1 8 8 21
1 10 7 0 14 3 28
1 10 7 0 3 14 43
1 10 6 13 0 5 175
1 10 6 12 6 0 70
1 10 6 11 1 6 78
1 10 6 10 7 1 51
1 10 6 9 2 7 85
1 10 6 8 8 2 145
1 10 6 7 3 8 168
1 10 6 6 9 3 141
1 10 6 5 4 9 163
1 10 6 4 10 4 150
1 10 6 3 5 10 139
1 10 6 2 11 5 57
1 10 6 2 0 16 27
1 10 6 1 17 0 147
1 10 6 1 6 11 69
1 10 6 0 1 17 184
1 10 5 18 1 0 30
1 10 5 16 2 1 44
1 10 5 14 3 2 45
1 10 5 12 4 3 185
1 10 5 10 5 4 72
1 10 5 9 0 10 147
1 10 5 8 6 5 69
1 10 5 7 12 0 121
1 10 5 7 1 11 154
1 10 5 6 7 6 82
1 10 5 5 13 1 27
1 10 5 5 2 12 41
1 10 5 4 8 7 86
1 10 5 3 14 2 27
1 10 5 3 3 13 125
1 10 5 2 9 8 157
1 10 5 1 15 3 126
1 10 5 1 4 14 98
1 10 5 0 10 9 37
1 10 4 16 0 4 2
1 10 4 14 1 5 168
1 10 4 13 7 0 98
1 10 4 12 2 6 97
1 10 4 11 8 1 46
1 10 4 10 3 7 149
1 10 4 9 9 2 74
1 10 4 8 4 8 110
1 10 4 7 10 3 17
1 10 4 6 5 9 159
1 10 4 5 11 4 89
1 10 4 5 0 15 70
1 10 4 4 6 10 151
1 10 4 3 12 5 137
1 10 4 3 1 16 17
1 10 4 2 18 0 58
1 10 4 1 13 6 29
1 10 4 1 2 17 108
1 10 4 0 19 1 88
1 10 4 0 8 12 20
1 10 3 19 2 0 119
1 10 3 17 3 1 13
1 10 3 15 4 2 108
1 10 3 13 5 3 140
1 10 3 12 0 9 181
1 10 3 11 6 4 59
1 10 3 10 1 10 59
1 10 3 9 7 5 49
1 10 3 8 13 0 56
1 10 3 8 2 11 114
1 10 3 7 8 6 177
1 10 3 6 14 1 85
1 10 3 6 3 12 55
1 10 3 5 9 7 194
1 10 3 4 15 2 90
1 10 3 4 4 13 124
1 10 3 3 10 8 36
1 10 3 2 16 3 167
1 10 3 2 5 14 16
1 10 3 1 11 9 25
1 10 3 1 0 20 103
1 10 3 0 17 4 148
1 10 3 0 6 15 58
1 10 2 19 0 3 186
1 10 2 17 1 4 32
1 10 2 15 2 5 187
1 10 2 14 8 0 38
1 10 2 13 3 6 110
1 10 2 12 9 1 42
1 10 2 11 4 7 27
1 10 2 10 10 2 195
1 10 2 9 5 8 168
1 10 2 8 11 3 147
1 10 2 8 0 14 176
1 10 2 7 6 9 143
1 10 2 6 12 4 41
1 10 2 6 1 15 88
1 10 2 5 7 10 175
1 10 2 4 13 5 133
1 10 2 4 2 16 37
1 10 2 3 19 0 101
1 10 2 3 8 11 21
1 10 2 2 14 6 178
1 10 2 2 3 17 180
1 10 2 1 20 1 171
1 10 2 1 9 12 21
1 10 2 0 15 7 41
1 10 2 0 4 18 49
1 10 1 20 3 0 140
1 10 1 18 4 1 145
1 10 1 16 5 2 193
1 10 1 15 0 8 47
1 10 1 14 6 3 177
1 10 1 13 1 9 133
1 10 1 12 7 4 48
1 10 1 11 2 10 20
1 10 1 10 8 5 157
1 10 1 9 14 0 161
1 10 1 9 3 11 144
1 10 1 8 9 6 27
1 10 1 7 15 1 186
1 10 1 7 4 12 127
1 10 1 6 10 7 142
1 10 1 5 16 2 60
1 10 1 5 5 13 89
1 10 1 4 11 8 175
1 10 1 4 0 19 41
1 10 1 3 17 3 92
1 10 1 3 6 14 92
1 10 1 2 12 9 176
1 10 1 2 1 20 99
1 10 1 1 18 4 122
1 10 1 1 7 15 91
1 10 1 0 13 10 188
1 10 1 0 2 21 121
1 10 0 22 0 2 139
1 10 0 20 1 3 99
1 10 0 18 2 4 15
1 10 0 16 3 5 142
1 10 0 15 9 0 42
1 10 0 14 4 6 185
1 10 0 13 10 1 154
1 10 0 12 5 7 43
1 10 0 11 11 2 6
1 10 0 11 0 13 70
1 10 0 10 6 8 53
1 10 0 9 12 3 156
1 10 0 9 1 14 45
1 10 0 8 7 9 161
1 10 0 7 13 4 79
1 10 0 7 2 15 57
1 10 0 6 8 10 103
1 10 0 5 14 5 56
1 10 0 5 3 16 64
1 10 0 4 20 0 179
1 10 0 4 9 11 175
1 10 0 3 15 6 96
1 10 0 3 4 17 46
1 10 0 2 21 1 73
1 10 0 2 10 12 26
1 10 0 1 16 7 86
1 10 0 1 5 18 173
1 10 0 0 22 2 191
1 10 0 0 11 13 34
1 10 0 0 0 24 73
1 9 24 1 0 0 145
1 9 22 2 1 0 197
1 9 22 0 2 1 176
1 9 21 0 0 4 172
1 9 20 3 2 0 72
1 9 20 1 3 1 52
1 9 19 3 0 3 69
1 9 19 1 1 4 114
1 9 18 4 3 0 79
1 9 18 2 4 1 98
1 9 18 0 5 2 77
1 9 17 6 0 2 24
1 9 17 4 1 3 124
1 9 17 2 2 4 58
1 9 17 0 3 5 180
1 9 16 5 4 0 110
1 9 16 3 5 1 17
1 9 16 2 0 7 51
1 9 16 0 1 8 1
1 9 15 9 0 1 29
1 9 15 7 1 2 186
1 9 15 5 2 3 127
1 9 15 3 3 4 179
1 9 15 1 4 5 53
1 9 15 0 10 0 84
1 9 14 6 5 0 121
1 9 14 5 0 6 175
1 9 14 4 6 1 177
1 9 14 3 1 7 133
1 9 14 2 7 2 182
1 9 14 1 2 8 149
1 9 14 0 8 3 37
1 9 13 12 0 0 53
1 9 13 10 1 1 86
1 9 13 8 2 2 23
1 9 13 6 3 3 63
1 9 13 4 4 4 54
1 9 13 2 5 5 125
1 9 13 1 11 0 179
1 9 13 1 0 11 135
1 9 13 0 6 6 15
1 9 12 8 0 5 118
1 9 12 7 6 0 161
1 9 12 6 1 6 89
1 9 12 5 7 1 26
1 9 12 4 2 7 37
1 9 12 3 8 2 94
1 9 12 2 3 8 63
1 9 12 0 4 9 15
1 9 11 13 1 0 8
1 9 11 11 2 1 124
1 9 11 9 3 2 164
1 9 11 7 4 3 191
1 9 11 5 5 4 77
1 9 11 4 0 10 129
1 9 11 3 6 5 24
1 9 11 2 12 0 157
1 9 11 2 1 11 112
1 9 11 1 7 6 28
1 9 11 0 13 1 195
1 9 11 0 2 12 189
1 9 10 11 0 4 11
1 9 10 9 1 5 6
1 9 10 8 7 0 126
1 9 10 7 2 6 6
1 9 10 6 8 1 143
1 9 10 5 3 7 78
1 9 10 4 9 2 164
1 9 10 3 4 8 49
1 9 10 2 10 3 83
1 9 10 1 5 9 34
1 9 10 0 11 4 156
1 9 10 0 0 15 190
1 9 9 14 2 0 122
1 9 9 12 3 1 157
1 9 9 10 4 2 47
1 9 9 8 5 3 72
1 9 9 7 0 9 61
1 9 9 6 6 4 60
1 9 9 5 1 10 174
1 9 9 4 7 5 7
1 9 9 3 13 0 173
1 9 9 3 2 11 189
1 9 9 2 8 6 178
1 9 9 1 14 1 71
1 9 9 1 3 12 140
1 9 9 0 9 7 183
1 9 8 14 0 3 193
1 9 8 12 1 4 140
1 9 8 10 2 5 87
1 9 8 9 8 0 46
1 9 8 8 3 6 122
1 9 8 7 9 1 114
1 9 8 6 4 7 171
1 9 8 5 10 2 25
1 9 8 4 5 8 81
1 9 8 3 11 3 165
1 9 8 3 0 14 169
1 9 8 2 6 9 192
1 9 8 1 12 4 184
1 9 8 1 1 15 150
1 9 8 0 7 10 133
1 9 7 15 3 0 39
1 9 7 13 4 1 153
1 9 7 11 5 2 142
1 9 7 10 0 8 113
1 9 7 9 6 3 61
1 9 7 8 1 9 75
1 9 7 7 7 4 142
1 9 7 6 2 10 19
1 9 7 5 8 5 171
1 9 7 4 14 0 128
1 9 7 4 3 11 26
1 9 7 3 9 6 33
1 9 7 2 15 1 126
1 9 7 2 4 12 106
1 9 7 1 10 7 128
1 9 7 0 16 2 153
1 9 7 0 5 13 155
1 9 6 17 0 2 112
1 9 6 15 1 3 166
1 9 6 13 2 4 194
1 9 6 11 3 5 56
1 9 6 10 9 0 56
1 9 6 9 4 6 17
1 9 6 8 10 1 194
1 9 6 7 5 7 133
1 9 6 6 11 2 25
1 9 6 6 0 13 117
1 9 6 5 6 8 56
1 9 6 4 12 3 29
1 9 6 4 1 14 132
1 9 6 3 7 9 185
1 9 6 2 13 4 76
1 9 6 2 2 15 87
1 9 6 1 8 10 140
1 9 6 0 14 5 131
1 9 6 0 3 16 181
1 9 5 16 4 0 159
1 9 5 14 5 1 143
1 9 5 13 0 7 99
1 9 5 12 6 2 32
1 9 5 11 1 8 32
1 9 5 10 7 3 76
1 9 5 9 2 9 155
1 9 5 8 8 4 85
1 9 5 7 3 10 66
1 9 5 6 9 5 1
1 9 5 5 15 0 198
1 9 5 5 4 11 113
1 9 5 4 10 6 166
1 9 5 3 16 1 50
1 9 5 3 5 12 132
1 9 5 2 11 7 163
1 9 5 2 0 18 62
1 9 5 1 6 13 83
1 9 5 0 12 8 144
1 9 5 0 1 19 3
1 9 4 20 0 1 92
1 9 4 18 1 2 122
1 9 4 16 2 3 41
1 9 4 14 3 4 14
1 9 4 12 4 5 16
1 9 4 11 10 0 79
1 9 4 10 5 6 196
1 9 4 9 11 1 192
1 9 4 9 0 12 62
1 9 4 8 6 7 172
1 9 4 7 12 2 182
1 9 4 7 1 13 141
1 9 4 6 7 8 2
1 9 4 5 13 3 106
1 9 4 5 2 14 13
1 9 4 4 8 9 28
1 9 4 3 14 4 108
1 9 4 3 3 15 192
1 9 4 2 9 10 133
1 9 4 1 15 5 159
1 9 4 1 4 16 134
1 9 4 0 21 0 90
1 9 4 0 10 11 125
1 9 3 17 5 0 182
1 9 3 16 0 6 48
1 9 3 15 6 1 150
1 9 3 14 1 7 145
1 9 3 13 7 2 78
1 9 3 12 2 8 80
1 9 3 11 8 3 60
1 9 3 10 3 9 143
1 9 3 9 9 4 34
1 9 3 8 4 10 82
1 9 3 7 10 5 196
1 9 3 6 16 0 116
1 9 3 6 5 11 165
1 9 3 5 11 6 159
1 9 3 5 0 17 144
1 9 3 4 17 1 74
1 9 3 4 6 12 112
1 9 3 3 12 7 134
1 9 3 3 1 18 189
1 9 3 2 18 2 130
1 9 3 2 7 13 19
1 9 3 1 13 8 179
1 9 3 1 2 19 142
1 9 3 0 19 3 107
1 9 3 0 8 14 31
1 9 2 23 0 0 41
1 9 2 21 1 1 128
1 9 2 19 2 2 179
1 9 2 17 3 3 180
1 9 2 15 4 4 130
1 9 2 13 5 5 17
1 9 2 12 11 0 32
1 9 2 12 0 11 7
1 9 2 11 6 6 172
1 9 2 10 12 1 41
1 9 2 10 1 12 35
1 9 2 9 7 7 157
1 9 2 8 13 2 24
1 9 2 8 2 13 135
1 9 2 7 8 8 161
1 9 2 6 14 3 190
1 9 2 6 3 14 112
1 9 2 5 9 9 26
1 9 2 4 15 4 187
1 9 2 4 4 15 37
1 9 2 3 10 10 94
1 9 2 2 16 5 13
1 9 2 2 5 16 30
1 9 2 1 22 0 182
1 9 2 1 11 11 138
1 9 2 1 0 22 109
1 9 2 0 17 6 164
1 9 2 0 6 17 39
1 9 1 19 0 5 102
1 9 1 18 6 0 176
1 9 1 17 1 6 38
1 9 1 16 7 1 97
1 9 1 15 2 7 57
1 9 1 14 8 2 55
1 9 1 13 3 8 78
1 9 1 12 9 3 109
1 9 1 11 4 9 49
1 9 1 10 10 4 151
1 9 1 9 5 10 161
1 9 1 8 11 5 24
1 9 1 8 0 16 131
1 9 1 7 17 0 126
1 9 1 7 6 11 134
1 9 1 6 12 6 55
1 9 1 6 1 17 91
1 9 1 5 18 1 29
1 9 1 5 7 12 104
1 9 1 4 13 7 128
1 9 1 4 2 18 87
1 9 1 3 19 2 124
1 9 1 3 8 13 99
1 9 1 2 14 8 128
1 9 1 2 3 19 86
1 9 1 1 20 3 45
1 9 1 1 9 14 1
1 9 1 0 15 9 146
1 9 1 0 4 20 176
1 9 0 24 1 0 71
1 9 0 22 2 1 71
1 9 0 20 3 2 66
1 9 0 18 4 3 174
1 9 0 16 5 4 197
1 9 0 15 0 10 8
1 9 0 14 6 5 17
1 9 0 13 12 0 94
1 9 0 13 1 11 145
1 9 0 12 7 6 17
1 9 0 11 13 1 24
1 9 0 11 2 12 5
1 9 0 10 8 7 76
1 9 0 9 14 2 35
1 9 0 9 3 13 187
1 9 0 8 9 8 39
1 9 0 7 15 3 44
1 9 0 7 4 14 164
1 9 0 6 10 9 180
1 9 0 5 16 4 27
1 9 0 5 5 15 177
1 9 0 4 11 10 128
1 9 0 4 0 21 133
1 9 0 3 17 5 24
1 9 0 3 6 16 187
1 9 0 2 23 0 83
1 9 0 2 12 11 83
1 9 0 2 1 22 152
1 9 0 1 18 6 40
1 9 0 1 7 17 165
1 9 0 0 24 1 192
1 9 0 0 13 12 1
1 9 0 0 2 23 157
1 8 23 1 0 2 20
1 8 22 0 4 0 59
1 8 21 4 0 1 14
1 8 21 2 1 2 146
1 8 21 0 2 3 89
1 8 20 1 5 0 19
1 8 20 0 0 6 179
1 8 19 7 0 0 112
1 8 19 5 1 1 17
1 8 19 3 2 2 164
1 8 19 1 3 3 7
1 8 18 3 0 5 132
1 8 18 2 6 0 121
1 8 18 1 1 6 88
1 8 18 0 7 1 72
1 8 17 8 1 0 167
1 8 17 6 2 1 132
1 8 17 4 3 2 3
1 8 17 2 4 3 31
1 8 17 0 5 4 18
1 8 16 6 0 4 19
1 8 16 4 1 5 33
1 8 16 3 7 0 56
1 8 16 2 2 6 160
1 8 16 1 8 1 26
1 8 16 0 3 7 177
1 8 15 9 2 0 171
1 8 15 7 3 1 83
1 8 15 5 4 2 120
1 8 15 3 5 3 112
1 8 15 2 0 9 187
1 8 15 1 6 4 127
1 8 15 0 1 10 62
1 8 14 9 0 3 188
1 8 14 7 1 4 158
1 8 14 5 2 5 93
1 8 14 4 8 0 36
1 8 14 3 3 6 195
1 8 14 2 9 1 72
1 8 14 1 4 7 99
1 8 14 0 10 2 35
1 8 13 10 3 0 130
1 8 13 8 4 1 116
1 8 13 6 5 2 194
1 8 13 5 0 8 159
1 8 13 4 6 3 187
1 8 13 3 1 9 56
1 8 13 2 7 4 61
1 8 13 1 2 10 187
1 8 13 0 8 5 113
1 8 12 12 0 2 137
1 8 12 10 1 3 157
1 8 12 8 2 4 148
1 8 12 6 3 5 136
1 8 12 5 9 0 119
1 8 12 4 4 6 198
1 8 12 3 10 1 7
1 8 12 2 5 7 187
1 8 12 1 11 2 103
1 8 12 1 0 13 167
1 8 12 0 6 8 44
1 8 11 11 4 0 40
1 8 11 9 5 1 192
1 8 11 8 0 7 78
1 8 11 7 6 2 2
1 8 11 6 1 8 154
1 8 11 5 7 3 118
1 8 11 4 2 9 158
1 8 11 3 8 4 6
1 8 11 2 3 10 82
1 8 11 1 9 5 183
1 8 11 0 15 0 23
1 8 11 0 4 11 6
1 8 10 15 0 1 123
1 8 10 13 1 2 198
1 8 10 11 2 3 188
1 8 10 9 3 4 193
1 8 10 7 4 5 147
1 8 10 6 10 0 18
1 8 10 5 5 6 38
1 8 10 4 11 1 197
1 8 10 4 0 12 34
1 8 10 3 6 7 91
1 8 10 2 12 2 73
1 8 10 2 1 13 28
1 8 10 1 7 8 41
1 8 10 0 13 3 188
1 8 10 0 2 14 119
1 8 9 12 5 0 190
1 8 9 11 0 6 66
1 8 9 10 6 1 154
1 8 9 9 1 7 58
1 8 9 8 7 2 177
1 8 9 7 2 8 157
1 8 9 6 8 3 176
1 8 9 5 3 9 145
1 8 9 4 9 4 118
1 8 9 3 4 10 147
1 8 9 2 10 5 191
1 8 9 1 16 0 99
1 8 9 1 5 11 138
1 8 9 0 11 6 169
1 8 9 0 0 17 12
1 8 8 18 0 0 123
1 8 8 16 1 1 189
1 8 8 14 2 2 11
1 8 8 12 3 3 183
1 8 8 10 4 4 87
1 8 8 8 5 5 39
1 8 8 7 11 0 158
1 8 8 7 0 11 190
1 8 8 6 6 6 63
1 8 8 5 12 1 118
1 8 8 5 1 12 151
1 8 8 4 7 7 163
1 8 8 3 13 2 21
1 8 8 3 2 13 163
1 8 8 2 8 8 64
1 8 8 1 14 3 124
1 8 8 1 3 14 73
1 8 8 0 9 9 9
1 8 7 14 0 5 26
1 8 7 13 6 0 1
1 8 7 12 1 6 111
1 8 7 11 7 1 9
1 8 7 10 2 7 15
1 8 7 9 8 2 128
1 8 7 8 3 8 96
1 8 7 7 9 3 98
1 8 7 6 4 9 87
1 8 7 5 10 4 117
1 8 7 4 5 10 81
1 8 7 3 11 5 16
1 8 7 3 0 16 90
1 8 7 2 17 0 81
1 8 7 2 6 11 152
1 8 7 1 12 6 119
1 8 7 1 1 17 144
1 8 7 0 18 1 187
1 8 7 0 7 12 183
1 8 6 19 1 0 114
1 8 6 17 2 1 119
1 8 6 15 3 2 32
1 8 6 13 4 3 91
1 8 6 11 5 4 26
1 8 6 10 0 10 77
1 8 6 9 6 5 74
1 8 6 8 12 0 153
1 8 6 8 1 11 15
1 8 6 7 7 6 81
1 8 6 6 13 1 22
1 8 6 6 2 12 108
1 8 6 5 8 7 27
1 8 6 4 14 2 83
1 8 6 4 3 13 186
1 8 6 3 9 8 78
1 8 6 2 15 3 187
1 8 6 2 4 14 71
1 8 6 1 10 9 62
1 8 6 0 16 4 27
1 8 6 0 5 15 118
1 8 5 17 0 4 136
1 8 5 15 1 5 127
1 8 5 14 7 0 63
1 8 5 13 2 6 174
1 8 5 12 8 1 64
1 8 5 11 3 7 36
1 8 5 10 9 2 159
1 8 5 9 4 8 26
1 8 5 8 10 3 27
1 8 5 7 5 9 82
1 8 5 6 11 4 151
1 8 5 6 0 15 149
1 8 5 5 6 10 116
1 8 5 4 12 5 28
1 8 5 4 1 16 64
1 8 5 3 18 0 165
1 8 5 3 7 11 96
1 8 5 2 13 6 188
1 8 5 2 2 17 160
1 8 5 1 19 1 73
1 8 5 1 8 12 57
1 8 5 0 14 7 126
1 8 5 0 3 18 175
1 8 4 20 2 0 100
1 8 4 18 3 1 45
1 8 4 16 4 2 51
1 8 4 14 5 3 42
1 8 4 13 0 9 189
1 8 4 12 6 4 109
1 8 4 11 1 10 64
1 8 4 10 7 5 184
1 8 4 9 13 0 138
1 8 4 9 2 11 21
1 8 4 8 8 6 168
1 8 4 7 14 1 86
1 8 4 7 3 12 85
1 8 4 6 9 7 49
1 8 4 5 15 2 140
1 8 4 5 4 13 16
1 8 4 4 10 8 57
1 8 4 3 16 3 128
1 8 4 3 5 14 106
1 8 4 2 11 9 145
1 8 4 2 0 20 154
1 8 4 1 17 4 109
1 8 4 1 6 15 109
1 8 4 0 12 10 5
1 8 4 0 1 21 171
1 8 3 20 0 3 126
1 8 3 18 1 4 145
1 8 3 16 2 5 73
1 8 3 15 8 0 3
1 8 3 14 3 6 191
1 8 3 13 9 1 96
1 8 3 12 4 7 37
1 8 3 11 10 2 111
1 8 3 10 5 8 13
1 8 3 9 11 3 131
1 8 3 9 0 14 44
1 8 3 8 6 9 33
1 8 3 7 12 4 161
1 8 3 7 1 15 181
1 8 3 6 7 10 2
1 8 3 5 13 5 120
1 8 3 5 2 16 9
1 8 3 4 19 0 92
1 8 3 4 8 11 160
1 8 3 3 14 6 174
1 8 3 3 3 17 60
1 8 3 2 20 1 7
1 8 3 2 9 12 41
1 8 3 1 15 7 143
1 8 3 1 4 18 7
1 8 3 0 21 2 77
1 8 3 0 10 13 104
1 8 2 21 3 0 31
1 8 2 19 4 1 59
1 8 2 17 5 2 121
1 8 2 16 0 8 8
1 8 2 15 6 3 195
1 8 2 14 1 9 114
1 8 2 13 7 4 95
1 8 2 12 2 10 9
1 8 2 11 8 5 67
1 8 2 10 14 0 121
1 8 2 10 3 11 58
1 8 2 9 9 6 73
1 8 2 8 15 1 168
1 8 2 8 4 12 155
1 8 2 7 10 7 142
1 8 2 6 16 2 94
1 8 2 6 5 13 55
1 8 2 5 11 8 192
1 8 2 5 0 19 98
1 8 2 4 17 3 104
1 8 2 4 6 14 43
1 8 2 3 12 9 173
1 8 2 3 1 20 119
1 8 2 2 18 4 161
1 8 2 2 7 15 30
1 8 2 1 13 10 35
1 8 2 1 2 21 8
1 8 2 0 19 5 153
1 8 2 0 8 16 7
1 8 1 23 0 2 143
1 8 1 21 1 3 82
1 8 1 19 2 4 141
1 8 1 17 3 5 116
1 8 1 16 9 0 40
1 8 1 15 4 6 111
1 8 1 14 10 1 23
1 8 1 13 5 7 74
1 8 1 12 11 2 159
1 8 1 12 0 13 143
1 8 1 11 6 8 83
1 8 1 10 12 3 7
1 8 1 10 1 14 82
1 8 1 9 7 9 195
1 8 1 8 13 4 94
1 8 1 8 2 15 82
1 8 1 7 8 10 188
1 8 1 6 14 5 87
1 8 1 6 3 16 59
1 8 1 5 20 0 47
1 8 1 5 9 11 195
1 8 1 4 15 6 39
1 8 1 4 4 17 177
1 8 1 3 21 1 181
1 8 1 3 10 12 28
1 8 1 2 16 7 157
1 8 1 2 5 18 122
1 8 1 1 22 2 110
1 8 1 1 11 13 50
1 8 1 1 0 24 11
1 8 1 0 17 8 189
1 8 1 0 6 19 81
1 8 0 22 4 0 16
1 8 0 20 5 1 10
1 8 0 19 0 7 37
1 8 0 18 6 2 41
1 8 0 17 1 8 11
1 8 0 16 7 3 1
1 8 0 15 2 9 188
1 8 0 14 8 4 39
1 8 0 13 3 10 186
1 8 0 12 9 5 22
1 8 0 11 15 0 145
1 8 0 11 4 11 106
1 8 0 10 10 6 181
1 8 0 9 16 1 157
1 8 0 9 5 12 35
1 8 0 8 11 7 145
1 8 0 8 0 18 69
1 8 0 7 17 2 138
1 8 0 7 6 13 52
1 8 0 6 12 8 25
1 8 0 6 1 19 2
1 8 0 5 18 3 47
1 8 0 5 7 14 135
1 8 0 4 13 9 112
1 8 0 4 2 20 33
1 8 0 3 19 4 180
1 8 0 3 8 15 45
1 8 0 2 14 10 163
1 8 0 2 3 21 165
1 8 0 1 20 5 73
1 8 0 1 9 16 133
1 8 0 0 26 0 47
1 8 0 0 15 11 164
1 8 0 0 4 22 129
1 7 25 2 0 0 184
1 7 25 0 1 1 37
1 7 23 3 1 0 53
1 7 23 1 2 1 99
1 7 22 1 0 4 115
1 7 21 4 2 0 87
1 7 21 2 3 1 23
1 7 21 0 4 2 114
1 7 20 4 0 3 85
1 7 20 2 1 4 134
1 7 20 0 2 5 121
1 7 19 5 3 0 38
1 7 19 3 4 1 76
1 7 19 1 5 2 15
1 7 19 0 0 8 175
1 7 18 7 0 2 169
1 7 18 5 1 3 191
1 7 18 3 2 4 120
1 7 18 1 3 5 178
1 7 18 0 9 0 87
1 7 17 6 4 0 64
1 7 17 4 5 1 34
1 7 17 3 0 7 137
1 7 17 2 6 2 152
1 7 17 1 1 8 57
1 7 17 0 7 3 8
1 7 16 10 0 1 130
1 7 16 8 1 2 57
1 7 16 6 2 3 108
1 7 16 4 3 4 48
1 7 16 2 4 5 102
1 7 16 1 10 0 22
1 7 16 0 5 6 193
1 7 15 7 5 0 86
1 7 15 6 0 6 146
1 7 15 5 6 1 95
1 7 15 4 1 7 27
1 7 15 3 7 2 152
1 7 15 2 2 8 125
1 7 15 1 8 3 12
1 7 15 0 3 9 58
1 7 14 13 0 0 43
1 7 14 11 1 1 167
1 7 14 9 2 2 49
1 7 14 7 3 3 2
1 7 14 5 4 4 133
1 7 14 3 5 5 107
1 7 14 2 11 0 137
1 7 14 2 0 11 18
1 7 14 1 6 6 37
1 7 14 0 12 1 41
1 7 14 0 1 12 134
1 7 13 9 0 5 43
1 7 13 8 6 0 58
1 7 13 7 1 6 193
1 7 13 6 7 1 146
1 7 13 5 2 7 152
1 7 13 4 8 2 99
1 7 13 3 3 8 114
1 7 13 2 9 3 153
1 7 13 1 4 9 186
1 7 13 0 10 4 41
1 7 12 14 1 0 128
1 7 12 12 2 1 69
1 7 12 10 3 2 188
1 7 12 8 4 3 105
1 7 12 6 5 4 2
1 7 12 5 0 10 167
1 7 12 4 6 5 176
1 7 12 3 12 0 25
1 7 12 3 1 11 42
1 7 12 2 7 6 189
1 7 12 1 13 1 25
1 7 12 1 2 12 175
1 7 12 0 8 7 151
1 7 11 12 0 4 164
1 7 11 10 1 5 97
1 7 11 9 7 0 187
1 7 11 8 2 6 124
1 7 11 7 8 1 93
1 7 11 6 3 7 82
1 7 11 5 9 2 74
1 7 11 4 4 8 85
1 7 11 3 10 3 156
1 7 11 2 5 9 79
1 7 11 1 11 4 186
1 7 11 1 0 15 148
1 7 11 0 6 10 188
1 7 10 15 2 0 95
1 7 10 13 3 1 195
1 7 10 11 4 2 38
1 7 10 9 5 3 55
1 7 10 8 0 9 60
1 7 10 7 6 4 152
1 7 10 6 1 10 111
1 7 10 5 7 5 10
1 7 10 4 13 0 179
1 7 10 4 2 11 172
1 7 10 3 8 6 86
1 7 10 2 14 1 7
1 7 10 2 3 12 159
1 7 10 1 9 7 109
1 7 10 0 15 2 180
1 7 10 0 4 13 3
1 7 9 15 0 3 109
1 7 9 13 1 4 192
1 7 9 11 2 5 57
1 7 9 10 8 0 148
1 7 9 9 3 6 161
1 7 9 8 9 1 84
1 7 9 7 4 7 141
1 7 9 6 10 2 185
1 7 9 5 5 8 94
1 7 9 4 11 3 186
1 7 9 4 0 14 6
1 7 9 3 6 9 146
1 7 9 2 12 4 127
1 7 9 2 1 15 162
1 7 9 1 7 10 143
1 7 9 0 13 5 50
1 7 9 0 2 16 178
1 7 8 16 3 0 198
1 7 8 14 4 1 90
1 7 8 12 5 2 116
1 7 8 11 0 8 27
1 7 8 10 6 3 72
1 7 8 9 1 9 170
1 7 8 8 7 4 119
1 7 8 7 2 10 82
1 7 8 6 8 5 23
1 7 8 5 14 0 42
1 7 8 5 3 11 133
1 7 8 4 9 6 176
1 7 8 3 15 1 147
1 7 8 3 4 12 85
1 7 8 2 10 7 123
1 7 8 1 16 2 34
1 7 8 1 5 13 76
1 7 8 0 11 8 11
1 7 8 0 0 19 157
1 7 7 18 0 2 197
1 7 7 16 1 3 115
1 7 7 14 2 4 106
1 7 7 12 3 5 33
1 7 7 11 9 0 34
1 7 7 10 4 6 168
1 7 7 9 10 1 116
1 7 7 8 5 7 34
1 7 7 7 11 2 181
1 7 7 7 0 13 87
1 7 7 6 6 8 162
1 7 7 5 12 3 191
1 7 7 5 1 14 97
1 7 7 4 7 9 138
1 7 7 3 13 4 165
1 7 7 3 2 15 95
1 7 7 2 8 10 169
1 7 7 1 14 5 75
1 7 7 1 3 16 59
1 7 7 0 20 0 50
1 7 7 0 9 11 165
1 7 6 17 4 0 151
1 7 6 15 5 1 69
1 7 6 14 0 7 98
1 7 6 13 6 2 62
1 7 6 12 1 8 190
1 7 6 11 7 3 79
1 7 6 10 2 9 45
1 7 6 9 8 4 109
1 7 6 8 3 10 56
1 7 6 7 9 5 37
1 7 6 6 15 0 115
1 7 6 6 4 11 184
1 7 6 5 10 6 23
1 7 6 4 16 1 120
1 7 6 4 5 12 35
1 7 6 3 11 7 137
1 7 6 3 0 18 116
1 7 6 2 17 2 194
1 7 6 2 6 13 166
1 7 6 1 12 8 130
1 7 6 1 1 19 105
1 7 6 0 18 3 68
1 7 6 0 7 14 32
1 7 5 21 0 1 47
1 7 5 19 1 2 68
1 7 5 17 2 3 121
1 7 5 15 3 4 46
1 7 5 13 4 5 50
1 7 5 12 10 0 9
1 7 5 11 5 6 106
1 7 5 10 11 1 97
1 7 5 10 0 12 22
1 7 5 9 6 7 112
1 7 5 8 12 2 37
1 7 5 8 1 13 75
1 7 5 7 7 8 180
1 7 5 6 13 3 173
1 7 5 6 2 14 176
1 7 5 5 8 9 144
1 7 5 4 14 4 158
1 7 5 4 3 15 80
1 7 5 3 9 10 26
1 7 5 2 15 5 187
1 7 5 2 4 16 169
1 7 5 1 21 0 6
1 7 5 1 10 11 172
1 7 5 0 16 6 169
1 7 5 0 5 17 131
1 7 4 18 5 0 157
1 7 4 17 0 6 49
1 7 4 16 6 1 152
1 7 4 15 1 7 164
1 7 4 14 7 2 84
1 7 4 13 2 8 62
1 7 4 12 8 3 21
1 7 4 11 3 9 63
1 7 4 10 9 4 152
1 7 4 9 4 10 108
1 7 4 8 10 5 181
1 7 4 7 16 0 137
1 7 4 7 5 11 68
1 7 4 6 11 6 192
1 7 4 6 0 17 182
1 7 4 5 17 1 110
1 7 4 5 6 12 68
1 7 4 4 12 7 134
1 7 4 4 1 18 111
1 7 4 3 18 2 197
1 7 4 3 7 13 40
1 7 4 2 13 8 193
1 7 4 2 2 19 183
1 7 4 1 19 3 23
1 7 4 1 8 14 106
1 7 4 0 14 9 130
1 7 4 0 3 20 170
1 7 3 24 0 0 134
1 7 3 22 1 1 43
1 7 3 20 2 2 138
1 7 3 18 3 3 101
1 7 3 16 4 4 165
1 7 3 14 5 5 19
1 7 3 13 11 0 52
1 7 3 13 0 11 198
1 7 3 12 6 6 43
1 7 3 11 12 1 71
1 7 3 11 1 12 162
1 7 3 10 7 7 72
1 7 3 9 13 2 60
1 7 3 9 2 13 83
1 7 3 8 8 8 185
1 7 3 7 14 3 27
1 7 3 7 3 14 184
1 7 3 6 9 9 69
1 7 3 5 15 4 34
1 7 3 5 4 15 181
1 7 3 4 10 10 71
1 7 3 3 16 5 16
1 7 3 3 5 16 110
1 7 3 2 22 0 192
1 7 3 2 11 11 136
1 7 3 2 0 22 90
1 7 3 1 17 6 116
1 7 3 1 6 17 92
1 7 3 0 23 1 65
1 7 3 0 12 12 101
1 7 3 0 1 23 13
1 7 2 20 0 5 139
1 7 2 19 6 0 53
1 7 2 18 1 6 98
1 7 2 17 7 1 75
1 7 2 16 2 7 81
1 7 2 15 8 2 104
1 7 2 14 3 8 110
1 7 2 13 9 3 23
1 7 2 12 4 9 91
1 7 2 11 10 4 180
1 7 2 10 5 10 5
1 7 2 9 11 5 7
1 7 2 9 0 16 53
1 7 2 8 17 0 59
1 7 2 8 6 11 63
1 7 2 7 12 6 54
1 7 2 7 1 17 171
1 7 2 6 18 1 47
1 7 2 6 7 12 171
1 7 2 5 13 7 184
1 7 2 5 2 18 116
1 7 2 4 19 2 176
1 7 2 4 8 13 193
1 7 2 3 14 8 29
1 7 2 3 3 19 10
1 7 2 2 20 3 184
1 7 2 2 9 14 173
1 7 2 1 15 9 71
1 7 2 1 4 20 82
1 7 2 0 21 4 132
1 7 2 0 10 15 95
1 7 1 25 1 0 76
1 7 1 23 2 1 81
1 7 1 21 3 2 29
1 7 1 19 4 3 142
1 7 1 17 5 4 142
1 7 1 16 0 10 135
1 7 1 15 6 5 50
1 7 1 14 12 0 79
1 7 1 14 1 11 178
1 7 1 13 7 6 185
1 7 1 12 13 1 8
1 7 1 12 2 12 20
1 7 1 11 8 7 174
1 7 1 10 14 2 51
1 7 1 10 3 13 62
1 7 1 9 9 8 197
1 7 1 8 15 3 187
1 7 1 8 4 14 187
1 7 1 7 10 9 105
1 7 1 6 16 4 182
1 7 1 6 5 15 6
1 7 1 5 11 10 83
1 7 1 5 0 21 171
1 7 1 4 17 5 58
1 7 1 4 6 16 107
1 7 1 3 23 0 193
1 7 1 3 12 11 196
1 7 1 3 1 22 127
1 7 1 2 18 6 190
1 7 1 2 7 17 149
1 7 1 1 24 1 105
1 7 1 1 13 12 30
1 7 1 1 2 23 60
1 7 1 0 19 7 152
1 7 1 0 8 18 127
1 7 0 23 0 4 39
1 7 0 21 1 5 140
1 7 0 20 7 0 85
1 7 0 19 2 6 131
1 7 0 18 8 1 31
1 7 0 17 3 7 135
1 7 0 16 9 2 141
1 7 0 15 4 8 122
1 7 0 14 10 3 39
1 7 0 13 5 9 101
1 7 0 12 11 4 105
1 7 0 12 0 15 92
1 7 0 11 6 10 187
1 7 0 10 12 5 41
1 7 0 10 1 16 11
1 7 0 9 18 0 66
1 7 0 9 7 11 143
1 7 0 8 13 6 171
1 7 0 8 2 17 168
1 7 0 7 19 1 64
1 7 0 7 8 12 11
1 7 0 6 14 7 23
1 7 0 6 3 18 197
1 7 0 5 20 2 170
1 7 0 5 9 13 155
1 7 0 4 15 8 170
1 7 0 4 4 19 126
1 7 0 3 21 3 99
1 7 0 3 10 14 134
1 7 0 2 16 9 120
1 7 0 2 5 20 192
1 7 0 1 22 4 181
1 7 0 1 11 15 19
1 7 0 1 0 26 143
1 7 0 0 17 10 28
1 7 0 0 6 21 120
1 6 25 0 3 0 103
1 6 24 2 0 2 194
1 6 24 0 1 3 89
1 6 23 1 4 0 40
1 6 22 5 0 1 42
1 6 22 3 1 2 145
1 6 22 1 2 3 8
1 6 21 2 5 0 186
1 6 21 1 0 6 23
1 6 21 0 6 1 30
1 6 20 8 0 0 82
1 6 20 6 1 1 60
1 6 20 4 2 2 100
1 6 20 2 3 3 102
1 6 20 0 4 4 21
1 6 19 4 0 5 166
1 6 19 3 6 0 119
1 6 19 2 1 6 29
1 6 19 1 7 1 184
1 6 19 0 2 7 2
1 6 18 9 1 0 96
1 6 18 7 2 1 166
1 6 18 5 3 2 83
1 6 18 3 4 3 137
1 6 18 1 5 4 108
1 6 18 0 0 10 124
1 6 17 7 0 4 111
1 6 17 5 1 5 44
1 6 17 4 7 0 116
1 6 17 3 2 6 117
1 6 17 2 8 1 115
1 6 17 1 3 7 186
1 6 17 0 9 2 139
1 6 16 10 2 0 129
1 6 16 8 3 1 116
1 6 16 6 4 2 100
1 6 16 4 5 3 70
1 6 16 3 0 9 11
1 6 16 2 6 4 45
1 6 16 1 1 10 65
1 6 16 0 7 5 148
1 6 15 10 0 3 96
1 6 15 8 1 4 128
1 6 15 6 2 5 26
1 6 15 5 8 0 104
1 6 15 4 3 6 147
1 6 15 3 9 1 121
1 6 15 2 4 7 96
1 6 15 1 10 2 108
1 6 15 0 5 8 96
1 6 14 11 3 0 127
1 6 14 9 4 1 163
1 6 14 7 5 2 26
1 6 14 6 0 8 57
1 6 14 5 6 3 115
1 6 14 4 1 9 85
1 6 14 3 7 4 146
1 6 14 2 2 10 93
1 6 14 1 8 5 138
1 6 14 0 14 0 94
1 6 14 0 3 11 38
1 6 13 13 0 2 78
1 6 13 11 1 3 3
1 6 13 9 2 4 101
1 6 13 7 3 5 126
1 6 13 6 9 0 189
1 6 13 5 4 6 110
1 6 13 4 10 1 146
1 6 13 3 5 7 189
1 6 13 2 11 2 117
1 6 13 2 0 13 138
1 6 13 1 6 8 98
1 6 13 0 12 3 73
1 6 13 0 1 14 155
1 6 12 12 4 0 13
1 6 12 10 5 1 87
1 6 12 9 0 7 170
1 6 12 8 6 2 63
1 6 12 7 1 8 179
1 6 12 6 7 3 75
1 6 12 5 2 9 6
1 6 12 4 8 4 77
1 6 12 3 3 10 154
1 6 12 2 9 5 111
1 6 12 1 15 0 174
1 6 12 1 4 11 109
1 6 12 0 10 6 140
1 6 11 16 0 1 93
1 6 11 14 1 2 17
1 6 11 12 2 3 48
1 6 11 10 3 4 150
1 6 11 8 4 5 197
1 6 11 7 10 0 74
1 6 11 6 5 6 164
1 6 11 5 11 1 105
1 6 11 5 0 12 108
1 6 11 4 6 7 100
1 6 11 3 12 2 93
1 6 11 3 1 13 76
1 6 11 2 7 8 154
1 6 11 1 13 3 112
1 6 11 1 2 14 97
1 6 11 0 8 9 63
1 6 10 13 5 0 64
1 6 10 12 0 6 62
1 6 10 11 6 1 155
1 6 10 10 1 7 169
1 6 10 9 7 2 39
1 6 10 8 2 8 47
1 6 10 7 8 3 184
1 6 10 6 3 9 86
1 6 10 5 9 4 13
1 6 10 4 4 10 184
1 6 10 3 10 5 44
1 6 10 2 16 0 181
1 6 10 2 5 11 56
1 6 10 1 11 6 102
1 6 10 1 0 17 114
1 6 10 0 17 1 113
1 6 10 0 6 12 63
1 6 9 19 0 0 46
1 6 9 17 1 1 18
1 6 9 15 2 2 74
1 6 9 13 3 3 130
1 6 9 11 4 4 132
1 6 9 9 5 5 194
1 6 9 8 11 0 67
1 6 9 8 0 11 42
1 6 9 7 6 6 37
1 6 9 6 12 1 64
1 6 9 6 1 12 53
1 6 9 5 7 7 175
1 6 9 4 13 2 94
1 6 9 4 2 13 1
1 6 9 3 8 8 149
1 6 9 2 14 3 7
1 6 9 2 3 14 50
1 6 9 1 9 9 46
1 6 9 0 15 4 48
1 6 9 0 4 15 109
1 6 8 15 0 5 165
1 6 8 13 1 6 181
1 6 8 12 7 1 83
1 6 8 11 2 7 11
1 6 8 10 8 2 118
1 6 8 9 3 8 147
1 6 8 8 9 3 45
1 6 8 7 4 9 101
1 6 8 6 10 4 77
1 6 8 5 5 10 164
1 6 8 4 11 5 113
1 6 8 4 0 16 73
1 6 8 3 17 0 70
1 6 8 3 6 11 80
1 6 8 2 12 6 96
1 6 8 2 1 17 177
1 6 8 1 18 1 179
1 6 8 1 7 12 64
1 6 8 0 13 7 106
1 6 8 0 2 18 76
1 6 7 20 1 0 82
1 6 7 18 2 1 193
1 6 7 16 3 2 122
1 6 7 14 4 3 191
1 6 7 12 5 4 100
1 6 7 11 0 10 7
1 6 7 10 6 5 3
1 6 7 9 12 0 81
1 6 7 9 1 11 171
1 6 7 8 7 6 12
1 6 7 7 13 1 62
1 6 7 7 2 12 87
1 6 7 6 8 7 133
1 6 7 5 14 2 103
1 6 7 5 3 13 45
1 6 7 4 9 8 34
1 6 7 3 15 3 92
1 6 7 3 4 14 191
1 6 7 2 10 9 107
1 6 7 1 16 4 63
1 6 7 1 5 15 65
1 6 7 0 11 10 191
1 6 7 0 0 21 133
1 6 6 18 0 4 120
1 6 6 16 1 5 123
1 6 6 15 7 0 95
1 6 6 14 2 6 82
1 6 6 13 8 1 63
1 6 6 12 3 7 63
1 6 6 11 9 2 27
1 6 6 10 4 8 36
1 6 6 9 10 3 105
1 6 6 8 5 9 198
1 6 6 7 11 4 90
1 6 6 7 0 15 116
1 6 6 6 6 10 168
1 6 6 5 12 5 59
1 6 6 5 1 16 77
1 6 6 4 18 0 28
1 6 6 4 7 11 24
1 6 6 3 13 6 128
1 6 6 3 2 17 98
1 6 6 2 19 1 143
1 6 6 2 8 12 44
1 6 6 1 14 7 39
1 6 6 1 3 18 97
1 6 6 0 20 2 126
1 6 6 0 9 13 100
1 6 5 21 2 0 90
1 6 5 19 3 1 29
1 6 5 17 4 2 51
1 6 5 15 5 3 135
1 6 5 14 0 9 187
1 6 5 13 6 4 170
1 6 5 12 1 10 188
1 6 5 11 7 5 133
1 6 5 10 13 0 154
1 6 5 10 2 11 23
1 6 5 9 8 6 149
1 6 5 8 14 1 40
1 6 5 8 3 12 73
1 6 5 7 9 7 178
1 6 5 6 15 2 11
1 6 5 6 4 13 13
1 6 5 5 10 8 151
1 6 5 4 16 3 144
1 6 5 4 5 14 79
1 6 5 3 11 9 127
1 6 5 3 0 20 91
1 6 5 2 17 4 151
1 6 5 2 6 15 6
1 6 5 1 12 10 178
1 6 5 1 1 21 146
1 6 5 0 18 5 86
1 6 5 0 7 16 107
1 6 4 21 0 3 195
1 6 4 19 1 4 60
1 6 4 17 2 5 26
1 6 4 16 8 0 105
1 6 4 15 3 6 38
1 6 4 14 9 1 120
1 6 4 13 4 7 146
1 6 4 12 10 2 20
1 6 4 11 5 8 150
1 6 4 10 11 3 177
1 6 4 10 0 14 97
1 6 4 9 6 9 183
1 6 4 8 12 4 84
1 6 4 8 1 15 100
1 6 4 7 7 10 161
1 6 4 6 13 5 107
1 6 4 6 2 16 42
1 6 4 5 19 0 180
1 6 4 5 8 11 17
1 6 4 4 14 6 73
1 6 4 4 3 17 198
1 6 4 3 20 1 120
1 6 4 3 9 12 119
1 6 4 2 15 7 140
1 6 4 2 4 18 198
1 6 4 1 21 2 154
1 6 4 1 10 13 22
1 6 4 0 16 8 13
1 6 4 0 5 19 175
1 6 3 22 3 0 193
1 6 3 20 4 1 189
1 6 3 18 5 2 178
1 6 3 17 0 8 114
1 6 3 16 6 3 47
1 6 3 15 1 9 4
1 6 3 14 7 4 32
1 6 3 13 2 10 27
1 6 3 12 8 5 123
1 6 3 11 14 0 112
1 6 3 11 3 11 176
1 6 3 10 9 6 23
1 6 3 9 15 1 111
1 6 3 9 4 12 82
1 6 3 8 10 7 34
1 6 3 7 16 2 123
1 6 3 7 5 13 65
1 6 3 6 11 8 141
1 6 3 6 0 19 24
1 6 3 5 17 3 80
1 6 3 5 6 14 68
1 6 3 4 12 9 170
1 6 3 4 1 20 13
1 6 3 3 18 4 29
1 6 3 3 7 15 83
1 6 3 2 13 10 144
1 6 3 2 2 21 80
1 6 3 1 19 5 102
1 6 3 1 8 16 114
1 6 3 0 25 0 97
1 6 3 0 14 11 160
1 6 3 0 3 22 42
1 6 2 24 0 2 149
1 6 2 22 1 3 52
1 6 2 20 2 4 6
1 6 2 18 3 5 69
1 6 2 17 9 0 82
1 6 2 16 4 6 103
1 6 2 15 10 1 6
1 6 2 14 5 7 5
1 6 2 13 11 2 38
1 6 2 13 0 13 182
1 6 2 12 6 8 60
1 6 2 11 12 3 105
1 6 2 11 1 14 135
1 6 2 10 7 9 169
1 6 2 9 13 4 78
1 6 2 9 2 15 114
1 6 2 8 8 10 47
1 6 2 7 14 5 44
1 6 2 7 3 16 99
1 6 2 6 20 0 194
1 6 2 6 9 11 195
1 6 2 5 15 6 4
1 6 2 5 4 17 75
1 6 2 4 21 1 128
1 6 2 4 10 12 142
1 6 2 3 16 7 180
1 6 2 3 5 18 3
1 6 2 2 22 2 127
1 6 2 2 11 13 78
1 6 2 2 0 24 127
1 6 2 1 17 8 182
1 6 2 0 23 3 21
1 6 2 0 12 14 153
1 6 2 0 1 25 63
1 6 1 23 4 0 96
1 6 1 21 5 1 108
1 6 1 20 0 7 86
1 6 1 19 6 2 1
1 6 1 18 1 8 102
1 6 1 17 7 3 167
1 6 1 16 2 9 109
1 6 1 15 8 4 139
1 6 1 14 3 10 77
1 6 1 13 9 5 41
1 6 1 12 15 0 157
1 6 1 12 4 11 88
1 6 1 11 10 6 63
1 6 1 10 16 1 12
1 6 1 10 5 12 2
1 6 1 9 11 7 65
1 6 1 9 0 18 52
1 6 1 8 17 2 155
1 6 1 8 6 13 31
1 6 1 7 12 8 120
1 6 1 7 1 19 136
1 6 1 6 18 3 166
1 6 1 6 7 14 145
1 6 1 5 13 9 30
1 6 1 5 2 20 91
1 6 1 4 19 4 149
1 6 1 4 8 15 28
1 6 1 3 14 10 184
1 6 1 3 3 21 41
1 6 1 2 20 5 182
1 6 1 2 9 16 176
1 6 1 1 26 0 101
1 6 1 1 15 11 30
1 6 1 1 4 22 145
1 6 1 0 21 6 131
1 6 1 0 10 17 130
1 6 0 27 0 1 3
1 6 0 25 1 2 106
1 6 0 23 2 3 7
1 6 0 21 3 4 43
1 6 0 19 4 5 52
1 6 0 18 10 0 22
1 6 0 17 5 6 88
1 6 0 16 11 1 113
1 6 0 16 0 12 63
1 6 0 15 6 7 95
1 6 0 14 12 2 133
1 6 0 14 1 13 16
1 6 0 13 7 8 88
1 6 0 12 13 3 43
1 6 0 12 2 14 155
1 6 0 11 8 9 77
1 6 0 10 14 4 35
1 6 0 10 3 15 29
1 6 0 9 9 10 182
1 6 0 8 15 5 142
1 6 0 8 4 16 75
1 6 0 7 21 0 109
1 6 0 7 10 11 21
1 6 0 6 16 6 124
1 6 0 6 5 17 188
1 6 0 5 22 1 83
1 6 0 5 11 12 61
1 6 0 5 0 23 19
1 6 0 4 17 7 190
1 6 0 4 6 18 167
1 6 0 3 23 2 16
1 6 0 3 12 13 82
1 6 0 3 1 24 63
1 6 0 2 18 8 159
1 6 0 2 7 19 90
1 6 0 1 24 3 23
1 6 0 1 13 14 60
1 6 0 1 2 25 146
1 6 0 0 19 9 34
1 6 0 0 8 20 118
1 5 28 0 0 1 43
1 5 26 3 0 0 62
1 5 26 1 1 1 114
1 5 24 4 1 0 15
1 5 24 2 2 1 7
1 5 24 0 3 2 82
1 5 23 2 0 4 10
1 5 23 0 1 5 149
1 5 22 5 2 0 138
1 5 22 3 3 1 86
1 5 22 1 4 2 148
1 5 21 5 0 3 28
1 5 21 3 1 4 198
1 5 21 1 2 5 6
1 5 21 0 8 0 38
1 5 20 6 3 0 20
1 5 20 4 4 1 175
1 5 20 2 5 2 76
1 5 20 1 0 8 168
1 5 20 0 6 3 132
1 5 19 8 0 2 176
1 5 19 6 1 3 11
1 5 19 4 2 4 34
1 5 19 2 3 5 132
1 5 19 1 9 0 167
1 5 19 0 4 6 123
1 5 18 7 4 0 109
1 5 18 5 5 1 81
1 5 18 4 0 7 125
1 5 18 3 6 2 55
1 5 18 2 1 8 62
1 5 18 1 7 3 3
1 5 18 0 2 9 12
1 5 17 11 0 1 197
1 5 17 9 1 2 134
1 5 17 7 2 3 105
1 5 17 5 3 4 122
1 5 17 3 4 5 29
1 5 17 2 10 0 125
1 5 17 1 5 6 177
1 5 17 0 11 1 188
1 5 17 0 0 12 84
1 5 16 8 5 0 60
1 5 16 7 0 6 85
1 5 16 6 6 1 59
1 5 16 5 1 7 188
1 5 16 4 7 2 157
1 5 16 3 2 8 78
1 5 16 2 8 3 28
1 5 16 1 3 9 145
1 5 16 0 9 4 106
1 5 15 14 0 0 76
1 5 15 12 1 1 74
1 5 15 10 2 2 178
1 5 15 8 3 3 33
1 5 15 6 4 4 77
1 5 15 4 5 5 141
1 5 15 3 11 0 69
1 5 15 3 0 11 29
1 5 15 2 6 6 81
1 5 15 1 12 1 47
1 5 15 1 1 12 10
1 5 15 0 7 7 148
1 5 14 10 0 5 30
1 5 14 9 6 0 62
1 5 14 8 1 6 46
1 5 14 7 7 1 145
1 5 14 6 2 7 7
1 5 14 5 8 2 145
1 5 14 4 3 8 70
1 5 14 3 9 3 183
1 5 14 2 4 9 196
1 5 14 1 10 4 70
1 5 14 0 5 10 109
1 5 13 15 1 0 70
1 5 13 13 2 1 153
1 5 13 11 3 2 184
1 5 13 9 4 3 64
1 5 13 7 5 4 33
1 5 13 6 0 10 150
1 5 13 5 6 5 152
1 5 13 4 12 0 69
1 5 13 4 1 11 183
1 5 13 3 7 6 53
1 5 13 2 13 1 133
1 5 13 2 2 12 173
1 5 13 1 8 7 196
1 5 13 0 14 2 66
1 5 13 0 3 13 54
1 5 12 13 0 4 40
1 5 12 11 1 5 26
1 5 12 10 7 0 93
1 5 12 9 2 6 50
1 5 12 8 8 1 183
1 5 12 7 3 7 87
1 5 12 6 9 2 9
1 5 12 5 4 8 65
1 5 12 4 10 3 181
1 5 12 3 5 9 43
1 5 12 2 11 4 23
1 5 12 2 0 15 57
1 5 12 1 6 10 163
1 5 12 0 12 5 108
1 5 12 0 1 16 76
1 5 11 16 2 0 34
1 5 11 14 3 1 117
1 5 11 12 4 2 85
1 5 11 10 5 3 41
1 5 11 9 0 9 52
1 5 11 8 6 4 106
1 5 11 7 1 10 24
1 5 11 6 7 5 133
1 5 11 5 13 0 72
1 5 11 5 2 11 120
1 5 11 4 8 6 83
1 5 11 3 14 1 10
1 5 11 3 3 12 164
1 5 11 2 9 7 140
1 5 11 1 15 2 129
1 5 11 1 4 13 52
1 5 11 0 10 8 177
1 5 10 16 0 3 146
1 5 10 14 1 4 119
1 5 10 12 2 5 42
1 5 10 11 8 0 106
1 5 10 10 3 6 22
1 5 10 9 9 1 116
1 5 10 8 4 7 38
1 5 10 7 10 2 18
1 5 10 6 5 8 12
1 5 10 5 11 3 61
1 5 10 5 0 14 161
1 5 10 4 6 9 19
1 5 10 3 12 4 119
1 5 10 3 1 15 22
1 5 10 2 7 10 194
1 5 10 1 13 5 181
1 5 10 1 2 16 134
1 5 10 0 19 0 64
1 5 10 0 8 11 169
1 5 9 17 3 0 116
1 5 9 15 4 1 85
1 5 9 13 5 2 33
1 5 9 12 0 8 69
1 5 9 11 6 3 1
1 5 9 10 1 9 191
1 5 9 9 7 4 188
1 5 9 8 2 10 180
1 5 9 7 8 5 194
1 5 9 6 14 0 166
1 5 9 6 3 11 195
1 5 9 5 9 6 37
1 5 9 4 15 1 191
1 5 9 4 4 12 38
1 5 9 3 10 7 18
1 5 9 2 16 2 74
1 5 9 2 5 13 151
1 5 9 1 11 8 79
1 5 9 1 0 19 6
1 5 9 0 17 3 119
1 5 9 0 6 14 6
1 5 8 19 0 2 39
1 5 8 17 1 3 149
1 5 8 15 2 4 55
1 5 8 13 3 5 190
1 5 8 12 9 0 150
1 5 8 11 4 6 82
1 5 8 10 10 1 10
1 5 8 9 5 7 70
1 5 8 8 11 2 117
1 5 8 8 0 13 163
1 5 8 7 6 8 126
1 5 8 6 12 3 184
1 5 8 6 1 14 44
1 5 8 5 7 9 132
1 5 8 4 13 4 132
1 5 8 4 2 15 18
1 5 8 3 8 10 133
1 5 8 2 14 5 187
1 5 8 2 3 16 182
1 5 8 1 20 0 31
1 5 8 1 9 11 142
1 5 8 0 15 6 194
1 5 8 0 4 17 7
1 5 7 18 4 0 26
1 5 7 16 5 1 142
1 5 7 15 0 7 30
1 5 7 14 6 2 189
1 5 7 13 1 8 121
1 5 7 12 7 3 10
1 5 7 11 2 9 187
1 5 7 10 8 4 101
1 5 7 9 3 10 109
1 5 7 8 9 5 122
1 5 7 7 15 0 13
1 5 7 7 4 11 181
1 5 7 6 10 6 150
1 5 7 5 16 1 126
1 5 7 5 5 12 36
1 5 7 4 11 7 125
1 5 7 4 0 18 93
1 5 7 3 17 2 55
1 5 7 3 6 13 187
1 5 7 2 12 8 166
1 5 7 2 1 19 182
1 5 7 1 18 3 104
1 5 7 1 7 14 88
1 5 7 0 13 9 194
1 5 7 0 2 20 154
1 5 6 22 0 1 47
1 5 6 20 1 2 68
1 5 6 18 2 3 71
1 5 6 16 3 4 77
1 5 6 14 4 5 32
1 5 6 13 10 0 196
1 5 6 12 5 6 148
1 5 6 11 11 1 160
1 5 6 11 0 12 35
1 5 6 10 6 7 84
1 5 6 9 12 2 82
1 5 6 9 1 13 129
1 5 6 8 7 8 74
1 5 6 7 13 3 35
1 5 6 7 2 14 194
1 5 6 6 8 9 18
1 5 6 5 14 4 115
1 5 6 5 3 15 79
1 5 6 4 9 10 97
1 5 6 3 15 5 116
1 5 6 3 4 16 56
1 5 6 2 21 0 179
1 5 6 2 10 11 56
1 5 6 1 16 6 42
1 5 6 1 5 17 168
1 5 6 0 22 1 4
1 5 6 0 11 12 31
1 5 6 0 0 23 72
1 5 5 19 5 0 97
1 5 5 18 0 6 128
1 5 5 17 6 1 169
1 5 5 16 1 7 67
1 5 5 15 7 2 133
1 5 5 14 2 8 12
1 5 5 13 8 3 190
1 5 5 12 3 9 169
1 5 5 11 9 4 83
1 5 5 10 4 10 110
1 5 5 9 10 5 31
1 5 5 8 16 0 68
1 5 5 8 5 11 158
1 5 5 7 11 6 19
1 5 5 7 0 17 67
1 5 5 6 17 1 194
1 5 5 6 6 12 48
1 5 5 5 12 7 55
1 5 5 5 1 18 73
1 5 5 4 18 2 158
1 5 5 4 7 13 144
1 5 5 3 13 8 157
1 5 5 3 2 19 174
1 5 5 2 19 3 190
1 5 5 2 8 14 9
1 5 5 1 14 9 70
1 5 5 1 3 20 57
1 5 5 0 20 4 13
1 5 5 0 9 15 97
1 5 4 25 0 0 163
1 5 4 23 1 1 121
1 5 4 21 2 2 187
1 5 4 19 3 3 81
1 5 4 17 4 4 86
1 5 4 15 5 5 125
1 5 4 14 11 0 56
1 5 4 14 0 11 92
1 5 4 13 6 6 126
1 5 4 12 12 1 114
1 5 4 12 1 12 150
1 5 4 11 7 7 48
1 5 4 10 13 2 34
1 5 4 10 2 13 171
1 5 4 9 8 8 159
1 5 4 8 14 3 46
1 5 4 8 3 14 25
1 5 4 7 9 9 27
1 5 4 6 15 4 6
1 5 4 6 4 15 4
1 5 4 5 10 10 49
1 5 4 4 16 5 141
1 5 4 4 5 16 107
1 5 4 3 22 0 44
1 5 4 3 11 11 115
1 5 4 3 0 22 102
1 5 4 2 17 6 91
1 5 4 2 6 17 29
1 5 4 1 23 1 172
1 5 4 1 12 12 63
1 5 4 1 1 23 34
1 5 4 0 18 7 14
1 5 4 0 7 18 123
1 5 3 21 0 5 100
1 5 3 20 6 0 134
1 5 3 19 1 6 73
1 5 3 18 7 1 146
1 5 3 17 2 7 48
1 5 3 16 8 2 176
1 5 3 15 3 8 13
1 5 3 14 9 3 183
1 5 3 13 4 9 117
1 5 3 12 10 4 129
1 5 3 11 5 10 52
1 5 3 10 11 5 90
1 5 3 10 0 16 25
1 5 3 9 17 0 35
1 5 3 9 6 11 19
1 5 3 8 12 6 174
1 5 3 8 1 17 115
1 5 3 7 18 1 80
1 5 3 6 13 7 156
1 5 3 6 2 18 116
1 5 3 5 19 2 105
1 5 3 5 8 13 59
1 5 3 4 14 8 60
1 5 3 4 3 19 172
1 5 3 3 20 3 104
1 5 3 3 9 14 81
1 5 3 2 15 9 192
1 5 3 2 4 20 1
1 5 3 1 21 4 39
1 5 3 1 10 15 106
1 5 3 0 16 10 91
1 5 3 0 5 21 100
1 5 2 26 1 0 165
1 5 2 24 2 1 72
1 5 2 22 3 2 78
1 5 2 20 4 3 185
1 5 2 18 5 4 187
1 5 2 17 0 10 134
1 5 2 16 6 5 92
1 5 2 15 12 0 36
1 5 2 15 1 11 91
1 5 2 14 7 6 190
1 5 2 13 13 1 183
1 5 2 13 2 12 18
1 5 2 12 8 7 32
1 5 2 11 14 2 175
1 5 2 11 3 13 53
1 5 2 10 9 8 135
1 5 2 9 15 3 132
1 5 2 9 4 14 7
1 5 2 8 10 9 30
1 5 2 7 16 4 40
1 5 2 7 5 15 19
1 5 2 6 11 10 192
1 5 2 6 0 21 136
1 5 2 5 17 5 164
1 5 2 5 6 16 51
1 5 2 4 23 0 48
1 5 2 4 12 11 188
1 5 2 4 1 22 172
1 5 2 3 18 6 178
1 5 2 3 7 17 198
1 5 2 2 24 1 168
1 5 2 2 13 12 147
1 5 2 2 2 23 63
1 5 2 1 19 7 12
1 5 2 1 8 18 144
1 5 2 0 25 2 69
1 5 2 0 14 13 84
1 5 2 0 3 24 14
1 5 1 24 0 4 92
1 5 1 22 1 5 60
1 5 1 21 7 0 26
1 5 1 20 2 6 21
1 5 1 19 8 1 144
1 5 1 18 3 7 64
1 5 1 17 9 2 173
1 5 1 16 4 8 138
1 5 1 15 10 3 184
1 5 1 14 5 9 26
1 5 1 13 11 4 142
1 5 1 13 0 15 2
1 5 1 12 6 10 6
1 5 1 11 12 5 49
1 5 1 11 1 16 167
1 5 1 10 18 0 76
1 5 1 10 7 11 115
1 5 1 9 13 6 110
1 5 1 9 2 17 144
1 5 1 8 19 1 82
1 5 1 8 8 12 122
1 5 1 7 14 7 2
1 5 1 7 3 18 191
1 5 1 6 20 2 125
1 5 1 6 9 13 107
1 5 1 5 15 8 75
1 5 1 5 4 19 28
1 5 1 4 21 3 108
1 5 1 4 10 14 117
1 5 1 3 16 9 167
1 5 1 3 5 20 73
1 5 1 2 22 4 136
1 5 1 2 11 15 36
1 5 1 2 0 26 125
1 5 1 1 17 10 99
1 5 1 1 6 21 107
1 5 1 0 23 5 5
1 5 1 0 12 16 111
1 5 1 0 1 27 97
1 5 0 27 2 0 177
1 5 0 25 3 1 3
1 5 0 23 4 2 131
1 5 0 21 5 3 61
1 5 0 20 0 9 52
1 5 0 19 6 4 60
1 5 0 18 1 10 151
1 5 0 17 7 5 97
1 5 0 16 13 0 42
1 5 0 16 2 11 124
1 5 0 15 8 6 77
1 5 0 14 14 1 134
1 5 0 14 3 12 31
1 5 0 13 9 7 180
1 5 0 12 15 2 34
1 5 0 12 4 13 157
1 5 0 11 10 8 158
1 5 0 10 16 3 95
1 5 0 10 5 14 21
1 5 0 9 11 9 54
1 5 0 9 0 20 162
1 5 0 8 17 4 80
1 5 0 8 6 15 174
1 5 0 7 12 10 69
1 5 0 7 1 21 169
1 5 0 6 18 5 153
1 5 0 6 7 16 79
1 5 0 5 24 0 97
1 5 0 5 13 11 106
1 5 0 5 2 22 31
1 5 0 4 19 6 119
1 5 0 4 8 17 107
1 5 0 3 25 1 50
1 5 0 3 14 12 152
1 5 0 3 3 23 94
1 5 0 2 20 7 4
1 5 0 2 9 18 19
1 5 0 1 26 2 45
1 5 0 1 15 13 61
1 5 0 1 4 24 114
1 5 0 0 21 8 57
1 5 0 0 10 19 73
1 4 28 0 2 0 30
1 4 27 0 0 3 30
1 4 26 1 3 0 175
1 4 25 3 0 2 142
1 4 25 1 1 3 190
1 4 24 2 4 0 50
1 4 24 0 5 1 6
1 4 23 6 0 1 118
1 4 23 4 1 2 191
1 4 23 2 2 3 143
1 4 23 0 3 4 144
1 4 22 3 5 0 179
1 4 22 2 0 6 144
1 4 22 1 6 1 164
1 4 22 0 1 7 133
1 4 21 9 0 0 81
1 4 21 7 1 1 71
1 4 21 5 2 2 179
1 4 21 3 3 3 131
1 4 21 1 4 4 103
1 4 20 5 0 5 56
1 4 20 4 6 0 66
1 4 20 3 1 6 162
1 4 20 2 7 1 93
1 4 20 1 2 7 96
1 4 20 0 8 2 145
1 4 19 10 1 0 109
1 4 19 8 2 1 59
1 4 19 6 3 2 10
1 4 19 4 4 3 151
1 4 19 2 5 4 150
1 4 19 1 0 10 148
1 4 19 0 6 5 122
1 4 18 8 0 4 144
1 4 18 6 1 5 105
1 4 18 5 7 0 198
1 4 18 4 2 6 130
1 4 18 3 8 1 14
1 4 18 2 3 7 163
1 4 18 1 9 2 119
1 4 18 0 4 8 166
1 4 17 11 2 0 63
1 4 17 9 3 1 58
1 4 17 7 4 2 189
1 4 17 5 5 3 2
1 4 17 4 0 9 101
1 4 17 3 6 4 6
1 4 17 2 1 10 174
1 4 17 1 7 5 46
1 4 17 0 13 0 84
1 4 17 0 2 11 146
1 4 16 11 0 3 32
1 4 16 9 1 4 160
1 4 16 7 2 5 146
1 4 16 6 8 0 52
1 4 16 5 3 6 28
1 4 16 4 9 1 23
1 4 16 3 4 7 98
1 4 16 2 10 2 73
1 4 16 1 5 8 80
1 4 16 0 11 3 61
1 4 16 0 0 14 9
1 4 15 12 3 0 164
1 4 15 10 4 1 193
1 4 15 8 5 2 87
1 4 15 7 0 8 81
1 4 15 6 6 3 188
1 4 15 5 1 9 61
1 4 15 4 7 4 153
1 4 15 3 2 10 46
1 4 15 2 8 5 149
1 4 15 1 14 0 149
1 4 15 1 3 11 71
1 4 15 0 9 6 28
1 4 14 14 0 2 31
1 4 14 12 1 3 196
1 4 14 10 2 4 186
1 4 14 8 3 5 37
1 4 14 7 9 0 108
1 4 14 6 4 6 142
1 4 14 5 10 1 148
1 4 14 4 5 7 92
1 4 14 3 11 2 195
1 4 14 3 0 13 144
1 4 14 2 6 8 103
1 4 14 1 12 3 59
1 4 14 1 1 14 189
1 4 14 0 7 9 79
1 4 13 13 4 0 39
1 4 13 11 5 1 69
1 4 13 10 0 7 186
1 4 13 9 6 2 115
1 4 13 8 1 8 113
1 4 13 7 7 3 115
1 4 13 6 2 9 188
1 4 13 5 8 4 1
1 4 13 4 3 10 47
1 4 13 3 9 5 25
1 4 13 2 15 0 91
1 4 13 2 4 11 48
1 4 13 1 10 6 5
1 4 13 0 16 1 133
1 4 13 0 5 12 195
1 4 12 17 0 1 170
1 4 12 15 1 2 49
1 4 12 13 2 3 93
1 4 12 11 3 4 145
1 4 12 9 4 5 122
1 4 12 8 10 0 74
1 4 12 7 5 6 43
1 4 12 6 11 1 72
1 4 12 6 0 12 168
1 4 12 5 6 7 50
1 4 12 4 12 2 175
1 4 12 4 1 13 92
1 4 12 3 7 8 165
1 4 12 2 13 3 93
1 4 12 2 2 14 85
1 4 12 1 8 9 12
1 4 12 0 14 4 61
1 4 12 0 3 15 180
1 4 11 14 5 0 151
1 4 11 13 0 6 83
1 4 11 12 6 1 110
1 4 11 11 1 7 30
1 4 11 10 7 2 6
1 4 11 9 2 8 113
1 4 11 8 8 3 42
1 4 11 7 3 9 66
1 4 11 6 9 4 107
1 4 11 5 4 10 35
1 4 11 4 10 5 122
1 4 11 3 16 0 116
1 4 11 3 5 11 105
1 4 11 2 11 6 53
1 4 11 1 17 1 118
1 4 11 1 6 12 69
1 4 11 0 12 7 125
1 4 11 0 1 18 137
1 4 10 20 0 0 196
1 4 10 18 1 1 41
1 4 10 16 2 2 24
1 4 10 14 3 3 116
1 4 10 12 4 4 166
1 4 10 10 5 5 138
1 4 10 9 11 0 43
1 4 10 9 0 11 143
1 4 10 8 6 6 6
1 4 10 7 12 1 51
1 4 10 7 1 12 111
1 4 10 6 7 7 58
1 4 10 5 13 2 46
1 4 10 5 2 13 104
1 4 10 4 8 8 135
1 4 10 3 14 3 25
1 4 10 3 3 14 37
1 4 10 2 9 9 170
1 4 10 1 15 4 134
1 4 10 1 4 15 147
1 4 10 0 10 10 134
1 4 9 16 0 5 131
1 4 9 15 6 0 151
1 4 9 14 1 6 194
1 4 9 13 7 1 107
1 4 9 12 2 7 71
1 4 9 11 8 2 171
1 4 9 10 3 8 172
1 4 9 9 9 3 27
1 4 9 8 4 9 175
1 4 9 7 10 4 47
1 4 9 6 5 10 173
1 4 9 5 11 5 35
1 4 9 5 0 16 182
1 4 9 4 17 0 3
1 4 9 4 6 11 187
1 4 9 3 12 6 194
1 4 9 3 1 17 84
1 4 9 2 18 1 168
1 4 9 1 13 7 186
1 4 9 1 2 18 59
1 4 9 0 19 2 90
1 4 9 0 8 13 84
1 4 8 21 1 0 77
1 4 8 19 2 1 187
1 4 8 17 3 2 130
1 4 8 15 4 3 165
1 4 8 13 5 4 182
1 4 8 12 0 10 67
1 4 8 11 6 5 134
1 4 8 10 12 0 143
1 4 8 10 1 11 41
1 4 8 9 7 6 98
1 4 8 8 13 1 160
1 4 8 8 2 12 25
1 4 8 7 8 7 186
1 4 8 6 14 2 79
1 4 8 6 3 13 66
1 4 8 5 9 8 160
1 4 8 4 15 3 81
1 4 8 4 4 14 29
1 4 8 3 10 9 154
1 4 8 2 16 4 100
1 4 8 2 5 15 180
1 4 8 1 11 10 136
1 4 8 1 0 21 120
1 4 8 0 17 5 37
1 4 8 0 6 16 115
1 4 7 19 0 4 173
1 4 7 17 1 5 57
1 4 7 16 7 0 194
1 4 7 15 2 6 27
1 4 7 14 8 1 141
1 4 7 13 3 7 25
1 4 7 12 9 2 186
1 4 7 11 4 8 192
1 4 7 10 10 3 136
1 4 7 9 5 9 127
1 4 7 8 11 4 44
1 4 7 8 0 15 70
1 4 7 7 6 10 66
1 4 7 6 12 5 154
1 4 7 6 1 16 53
1 4 7 5 18 0 45
1 4 7 5 7 11 121
1 4 7 4 13 6 9
1 4 7 4 2 17 134
1 4 7 3 19 1 52
1 4 7 3 8 12 102
1 4 7 2 14 7 59
1 4 7 2 3 18 82
1 4 7 1 20 2 44
1 4 7 1 9 13 108
1 4 7 0 15 8 147
1 4 7 0 4 19 180
1 4 6 22 2 0 167
1 4 6 20 3 1 179
1 4 6 18 4 2 163
1 4 6 16 5 3 94
1 4 6 15 0 9 12
1 4 6 14 6 4 10
1 4 6 13 1 10 170
1 4 6 12 7 5 41
1 4 6 11 13 0 58
1 4 6 11 2 11 55
1 4 6 10 8 6 88
1 4 6 9 14 1 49
1 4 6 9 3 12 90
1 4 6 8 9 7 16
1 4 6 7 15 2 112
1 4 6 7 4 13 14
1 4 6 6 10 8 23
1 4 6 5 16 3 166
1 4 6 5 5 14 30
1 4 6 4 11 9 126
1 4 6 4 0 20 159
1 4 6 3 17 4 194
1 4 6 3 6 15 167
1 4 6 2 12 10 143
1 4 6 2 1 21 166
1 4 6 1 18 5 192
1 4 6 1 7 16 18
1 4 6 0 24 0 157
1 4 6 0 13 11 175
1 4 6 0 2 22 174
1 4 5 22 0 3 1
1 4 5 20 1 4 17
1 4 5 18 2 5 152
1 4 5 17 8 0 76
1 4 5 16 3 6 68
1 4 5 15 9 1 21
1 4 5 14 4 7 103
1 4 5 13 10 2 183
1 4 5 12 5 8 119
1 4 5 11 11 3 91
1 4 5 11 0 14 141
1 4 5 10 6 9 144
1 4 5 9 12 4 162
1 4 5 9 1 15 44
1 4 5 8 7 10 102
1 4 5 7 13 5 88
1 4 5 7 2 16 180
1 4 5 6 19 0 157
1 4 5 6 8 11 15
1 4 5 5 14 6 137
1 4 5 5 3 17 119
1 4 5 4 20 1 8
1 4 5 4 9 12 162
1 4 5 3 15 7 75
1 4 5 3 4 18 153
1 4 5 2 21 2 45
1 4 5 2 10 13 157
1 4 5 1 16 8 181
1 4 5 1 5 19 100
1 4 5 0 22 3 103
1 4 5 0 11 14 75
1 4 5 0 0 25 175
1 4 4 23 3 0 21
1 4 4 21 4 1 53
1 4 4 19 5 2 9
1 4 4 18 0 8 10
1 4 4 17 6 3 114
1 4 4 16 1 9 143
1 4 4 15 7 4 136
1 4 4 14 2 10 159
1 4 4 13 8 5 121
1 4 4 12 14 0 162
1 4 4 12 3 11 179
1 4 4 11 9 6 185
1 4 4 10 15 1 127
1 4 4 10 4 12 33
1 4 4 9 10 7 107
1 4 4 8 16 2 163
1 4 4 8 5 13 69
1 4 4 7 11 8 18
1 4 4 7 0 19 142
1 4 4 6 17 3 44
1 4 4 6 6 14 73
1 4 4 5 12 9 51
1 4 4 5 1 20 150
1 4 4 4 18 4 22
1 4 4 4 7 15 46
1 4 4 3 13 10 27
1 4 4 3 2 21 158
1 4 4 2 19 5 20
1 4 4 2 8 16 73
1 4 4 1 25 0 177
1 4 4 1 14 11 143
1 4 4 1 3 22 50
1 4 4 0 20 6 51
1 4 4 0 9 17 50
1 4 3 25 0 2 188
1 4 3 23 1 3 75
1 4 3 21 2 4 148
1 4 3 19 3 5 80
1 4 3 18 9 0 178
1 4 3 17 4 6 62
1 4 3 16 10 1 13
1 4 3 15 5 7 76
1 4 3 14 11 2 47
1 4 3 14 0 13 82
1 4 3 13 6 8 180
1 4 3 12 12 3 30
1 4 3 12 1 14 144
1 4 3 11 7 9 169
1 4 3 10 13 4 131
1 4 3 10 2 15 105
1 4 3 9 8 10 69
1 4 3 8 14 5 24
1 4 3 8 3 16 39
1 4 3 7 20 0 197
1 4 3 7 9 11 4
1 4 3 6 15 6 126
1 4 3 6 4 17 117
1 4 3 5 21 1 166
1 4 3 5 10 12 10
1 4 3 4 16 7 98
1 4 3 4 5 18 5
1 4 3 3 22 2 151
1 4 3 3 11 13 197
1 4 3 3 0 24 148
1 4 3 2 17 8 170
1 4 3 2 6 19 195
1 4 3 1 23 3 158
1 4 3 1 12 14 184
1 4 3 1 1 25 104
1 4 3 0 18 9 153
1 4 3 0 7 20 189
1 4 2 24 4 0 76
1 4 2 22 5 1 197
1 4 2 21 0 7 67
1 4 2 20 6 2 91
1 4 2 19 1 8 160
1 4 2 18 7 3 149
1 4 2 17 2 9 13
1 4 2 16 8 4 190
1 4 2 15 3 10 24
1 4 2 14 9 5 48
1 4 2 13 15 0 25
1 4 2 13 4 11 92
1 4 2 12 10 6 118
1 4 2 11 16 1 38
1 4 2 11 5 12 151
1 4 2 10 11 7 90
1 4 2 10 0 18 52
1 4 2 9 17 2 103
1 4 2 9 6 13 154
1 4 2 8 12 8 57
1 4 2 8 1 19 134
1 4 2 7 18 3 155
1 4 2 7 7 14 56
1 4 2 6 13 9 137
1 4 2 6 2 20 160
1 4 2 5 19 4 39
1 4 2 5 8 15 102
1 4 2 4 14 10 14
1 4 2 4 3 21 44
1 4 2 3 20 5 185
1 4 2 3 9 16 182
1 4 2 2 26 0 75
1 4 2 2 15 11 30
1 4 2 2 4 22 179
1 4 2 1 21 6 50
1 4 2 1 10 17 162
1 4 2 0 27 1 19
1 4 2 0 16 12 129
1 4 2 0 5 23 124
1 4 1 28 0 1 151
1 4 1 26 1 2 181
1 4 1 24 2 3 166
1 4 1 22 3 4 25
1 4 1 20 4 5 134
1 4 1 19 10 0 155
1 4 1 18 5 6 135
1 4 1 17 11 1 21
1 4 1 17 0 12 37
1 4 1 16 6 7 48
1 4 1 15 12 2 126
1 4 1 15 1 13 50
1 4 1 14 7 8 84
1 4 1 13 13 3 15
1 4 1 13 2 14 71
1 4 1 12 8 9 126
1 4 1 11 14 4 198
1 4 1 11 3 15 172
1 4 1 10 9 10 72
1 4 1 9 15 5 11
1 4 1 9 4 16 84
1 4 1 8 21 0 94
1 4 1 8 10 11 70
1 4 1 7 16 6 154
1 4 1 7 5 17 10
1 4 1 6 22 1 136
1 4 1 6 11 12 84
1 4 1 6 0 23 79
1 4 1 5 17 7 158
1 4 1 5 6 18 107
1 4 1 4 23 2 76
1 4 1 4 12 13 162
1 4 1 4 1 24 13
1 4 1 3 18 8 42
1 4 1 3 7 19 13
1 4 1 2 24 3 172
1 4 1 2 13 14 38
1 4 1 2 2 25 133
1 4 1 1 19 9 176
1 4 1 1 8 20 43
1 4 1 0 25 4 128
1 4 1 0 14 15 158
1 4 1 0 3 26 52
1 4 0 25 5 0 183
1 4 0 24 0 6 107
1 4 0 23 6 1 140
1 4 0 21 7 2 152
1 4 0 20 2 8 168
1 4 0 19 8 3 191
1 4 0 18 3 9 185
1 4 0 17 9 4 102
1 4 0 16 4 10 87
1 4 0 15 10 5 152
1 4 0 14 16 0 32
1 4 0 14 5 11 77
1 4 0 13 11 6 180
1 4 0 13 0 17 32
1 4 0 12 17 1 164
1 4 0 12 6 12 75
1 4 0 11 12 7 162
1 4 0 11 1 18 17
1 4 0 10 18 2 101
1 4 0 10 7 13 74
1 4 0 9 13 8 144
1 4 0 9 2 19 56
1 4 0 8 19 3 71
1 4 0 8 8 14 29
1 4 0 7 14 9 167
1 4 0 7 3 20 184
1 4 0 6 20 4 68
1 4 0 6 9 15 156
1 4 0 5 15 10 157
1 4 0 5 4 21 54
1 4 0 4 21 5 120
1 4 0 4 10 16 21
1 4 0 3 27 0 75
1 4 0 3 16 11 76
1 4 0 3 5 22 176
1 4 0 2 22 6 141
1 4 0 2 11 17 138
1 4 0 2 0 28 116
1 4 0 1 28 1 72
1 4 0 1 17 12 190
1 4 0 1 6 23 124
1 4 0 0 23 7 195
1 4 0 0 12 18 46
1 4 0 0 1 29 141
1 3 29 1 0 1 195
1 3 27 4 0 0 118
1 3 27 2 1 1 34
1 3 27 0 2 2 60
1 3 25 5 1 0 72
1 3 25 3 2 1 23
1 3 25 1 3 2 55
1 3 24 3 0 4 160
1 3 24 1 1 5 24
1 3 24 0 7 0 139
1 3 23 6 2 0 104
1 3 23 4 3 1 86
1 3 23 2 4 2 85
1 3 23 0 5 3 37
1 3 22 6 0 3 173
1 3 22 4 1 4 190
1 3 22 2 2 5 189
1 3 22 1 8 0 13
1 3 22 0 3 6 105
1 3 21 7 3 0 114
1 3 21 5 4 1 88
1 3 21 3 5 2 195
1 3 21 2 0 8 165
1 3 21 1 6 3 43
1 3 21 0 1 9 21
1 3 20 9 0 2 40
1 3 20 7 1 3 109
1 3 20 5 2 4 188
1 3 20 3 3 5 94
1 3 20 2 9 0 61
1 3 20 1 4 6 45
1 3 20 0 10 1 166
1 3 19 8 4 0 27
1 3 19 6 5 1 22
1 3 19 5 0 7 48
1 3 19 4 6 2 62
1 3 19 3 1 8 74
1 3 19 2 7 3 47
1 3 19 1 2 9 120
1 3 19 0 8 4 108
1 3 18 12 0 1 10
1 3 18 10 1 2 118
1 3 18 8 2 3 60
1 3 18 6 3 4 109
1 3 18 4 4 5 102
1 3 18 3 10 0 110
1 3 18 2 5 6 25
1 3 18 1 11 1 91
1 3 18 1 0 12 177
1 3 18 0 6 7 121
1 3 17 9 5 0 11
1 3 17 8 0 6 194
1 3 17 7 6 1 150
1 3 17 6 1 7 46
1 3 17 5 7 2 2
1 3 17 4 2 8 99
1 3 17 3 8 3 150
1 3 17 2 3 9 161
1 3 17 1 9 4 50
1 3 17 0 4 10 144
1 3 16 15 0 0 152
1 3 16 13 1 1 179
1 3 16 11 2 2 69
1 3 16 9 3 3 68
1 3 16 7 4 4 89
1 3 16 5 5 5 45
1 3 16 4 11 0 3
1 3 16 4 0 11 152
1 3 16 3 6 6 83
1 3 16 2 12 1 10
1 3 16 2 1 12 13
1 3 16 1 7 7 77
1 3 16 0 13 2 174
1 3 16 0 2 13 100
1 3 15 11 0 5 165
1 3 15 10 6 0 149
1 3 15 9 1 6 182
1 3 15 8 7 1 35
1 3 15 7 2 7 183
1 3 15 6 8 2 87
1 3 15 5 3 8 132
1 3 15 4 9 3 14
1 3 15 3 4 9 44
1 3 15 2 10 4 193
1 3 15 1 5 10 165
1 3 15 0 11 5 70
1 3 15 0 0 16 115
1 3 14 16 1 0 51
1 3 14 14 2 1 184
1 3 14 12 3 2 99
1 3 14 10 4 3 10
1 3 14 8 5 4 138
1 3 14 7 0 10 185
1 3 14 6 6 5 70
1 3 14 5 12 0 84
1 3 14 5 1 11 66
1 3 14 4 7 6 49
1 3 14 3 13 1 85
1 3 14 3 2 12 33
1 3 14 2 8 7 80
1 3 14 1 14 2 166
1 3 14 1 3 13 116
1 3 14 0 9 8 174
1 3 13 14 0 4 30
1 3 13 12 1 5 116
1 3 13 11 7 0 129
1 3 13 10 2 6 122
1 3 13 9 8 1 178
1 3 13 8 3 7 8
1 3 13 7 9 2 101
1 3 13 6 4 8 173
1 3 13 4 5 9 127
1 3 13 3 11 4 196
1 3 13 3 0 15 115
1 3 13 2 6 10 146
1 3 13 1 12 5 102
1 3 13 1 1 16 162
1 3 13 0 18 0 108
1 3 13 0 7 11 171
1 3 12 17 2 0 167
1 3 12 13 4 2 65
1 3 12 11 5 3 141
1 3 12 10 0 9 177
1 3 12 9 6 4 5
1 3 12 8 1 10 92
1 3 12 7 7 5 2
1 3 12 6 13 0 71
1 3 12 6 2 11 144
1 3 12 5 8 6 152
1 3 12 4 14 1 107
1 3 12 4 3 12 38
1 3 12 3 9 7 182
1 3 12 2 15 2 43
1 3 12 2 4 13 11
1 3 12 1 10 8 34
1 3 12 0 16 3 114
1 3 12 0 5 14 191
1 3 11 17 0 3 34
1 3 11 15 1 4 13
1 3 11 13 2 5 105
1 3 11 12 8 0 39
1 3 11 11 3 6 151
1 3 11 10 9 1 182
1 3 11 9 4 7 71
1 3 11 8 10 2 196
1 3 11 7 5 8 6
1 3 11 6 11 3 152
1 3 11 6 0 14 184
1 3 11 5 6 9 193
1 3 11 4 12 4 190
1 3 11 4 1 15 47
1 3 11 3 7 10 31
1 3 11 2 13 5 61
1 3 11 2 2 16 57
1 3 11 1 19 0 52
1 3 11 1 8 11 38
1 3 11 0 14 6 22
1 3 11 0 3 17 27
1 3 10 18 3 0 99
1 3 10 16 4 1 131
1 3 10 14 5 2 148
1 3 10 13 0 8 135
1 3 10 12 6 3 81
1 3 10 11 1 9 184
1 3 10 10 7 4 101
1 3 10 9 2 10 25
1 3 10 8 8 5 145
1 3 10 7 14 0 69
1 3 10 7 3 11 157
1 3 10 6 9 6 112
1 3 10 5 15 1 190
1 3 10 5 4 12 122
1 3 10 4 10 7 77
1 3 10 3 16 2 187
1 3 10 3 5 13 45
1 3 10 2 11 8 122
1 3 10 2 0 19 24
1 3 10 1 17 3 163
1 3 10 1 6 14 138
1 3 10 0 12 9 122
1 3 10 0 1 20 155
1 3 9 20 0 2 147
1 3 9 18 1 3 182
1 3 9 16 2 4 39
1 3 9 14 3 5 37
1 3 9 13 9 0 27
1 3 9 12 4 6 140
1 3 9 11 10 1 40
1 3 9 10 5 7 170
1 3 9 9 11 2 82
1 3 9 9 0 13 11
1 3 9 8 6 8 29
1 3 9 7 12 3 34
1 3 9 7 1 14 38
1 3 9 6 7 9 175
1 3 9 5 13 4 72
1 3 9 5 2 15 134
1 3 9 4 8 10 26
1 3 9 3 14 5 4
1 3 9 3 3 16 101
1 3 9 2 20 0 56
1 3 9 2 9 11 74
1 3 9 1 15 6 117
1 3 9 1 4 17 87
1 3 9 0 21 1 87
1 3 9 0 10 12 18
1 3 8 19 4 0 106
1 3 8 17 5 1 87
1 3 8 16 0 7 72
1 3 8 15 6 2 122
1 3 8 14 1 8 176
1 3 8 13 7 3 154
1 3 8 12 2 9 127
1 3 8 11 8 4 48
1 3 8 10 3 10 195
1 3 8 9 9 5 92
1 3 8 8 15 0 57
1 3 8 8 4 11 27
1 3 8 7 10 6 58
1 3 8 6 16 1 191
1 3 8 6 5 12 89
1 3 8 5 11 7 93
1 3 8 5 0 18 142
1 3 8 4 17 2 126
1 3 8 4 6 13 183
1 3 8 3 12 8 175
1 3 8 3 1 19 12
1 3 8 2 18 3 15
1 3 8 2 7 14 32
1 3 8 1 13 9 134
1 3 8 1 2 20 13
1 3 8 0 19 4 64
1 3 8 0 8 15 18
1 3 7 23 0 1 107
1 3 7 21 1 2 192
1 3 7 19 2 3 175
1 3 7 17 3 4 144
1 3 7 15 4 5 120
1 3 7 14 10 0 117
1 3 7 13 5 6 77
1 3 7 12 11 1 191
1 3 7 12 0 12 179
1 3 7 11 6 7 146
1 3 7 10 12 2 89
1 3 7 10 1 13 158
1 3 7 9 7 8 22
1 3 7 8 13 3 25
1 3 7 8 2 14 166
1 3 7 7 8 9 172
1 3 7 6 14 4 175
1 3 7 6 3 15 24
1 3 7 5 9 10 25
1 3 7 4 15 5 160
1 3 7 4 4 16 22
1 3 7 3 21 0 170
1 3 7 3 10 11 198
1 3 7 2 16 6 9
1 3 7 2 5 17 150
1 3 7 1 22 1 183
1 3 7 1 11 12 132
1 3 7 1 0 23 173
1 3 7 0 17 7 109
1 3 7 0 6 18 81
1 3 6 20 5 0 13
1 3 6 19 0 6 53
1 3 6 18 6 1 126
1 3 6 17 1 7 41
1 3 6 16 7 2 85
1 3 6 15 2 8 18
1 3 6 14 8 3 149
1 3 6 13 3 9 168
1 3 6 12 9 4 174
1 3 6 11 4 10 91
1 3 6 10 10 5 118
1 3 6 9 16 0 175
1 3 6 9 5 11 36
1 3 6 8 11 6 41
1 3 6 8 0 17 87
1 3 6 7 17 1 151
1 3 6 7 6 12 143
1 3 6 6 12 7 31
1 3 6 6 1 18 24
1 3 6 5 18 2 107
1 3 6 5 7 13 118
1 3 6 4 13 8 102
1 3 6 4 2 19 105
1 3 6 3 19 3 72
1 3 6 2 14 9 65
1 3 6 2 3 20 70
1 3 6 1 20 4 61
1 3 6 1 9 15 94
1 3 6 0 15 10 163
1 3 6 0 4 21 142
1 3 5 26 0 0 96
1 3 5 24 1 1 186
1 3 5 22 2 2 182
1 3 5 20 3 3 33
1 3 5 18 4 4 127
1 3 5 16 5 5 100
1 3 5 15 11 0 105
1 3 5 15 0 11 97
1 3 5 14 6 6 93
1 3 5 13 12 1 195
1 3 5 13 1 12 144
1 3 5 12 7 7 42
1 3 5 11 13 2 154
1 3 5 11 2 13 27
1 3 5 10 8 8 175
1 3 5 9 14 3 61
1 3 5 9 3 14 67
1 3 5 8 9 9 50
1 3 5 7 15 4 153
1 3 5 7 4 15 32
1 3 5 6 10 10 27
1 3 5 5 16 5 155
1 3 5 5 5 16 125
1 3 5 4 22 0 68
1 3 5 4 11 11 164
1 3 5 4 0 22 152
1 3 5 3 17 6 88
1 3 5 3 6 17 141
1 3 5 2 23 1 137
1 3 5 2 12 12 132
1 3 5 2 1 23 67
1 3 5 1 18 7 135
1 3 5 1 7 18 136
1 3 5 0 24 2 48
1 3 5 0 13 13 26
1 3 5 0 2 24 133
1 3 4 22 0 5 63
1 3 4 21 6 0 4
1 3 4 20 1 6 1
1 3 4 19 7 1 9
1 3 4 18 2 7 37
1 3 4 17 8 2 122
1 3 4 16 3 8 101
1 3 4 15 9 3 86
1 3 4 14 4 9 41
1 3 4 13 10 4 106
1 3 4 12 5 10 145
1 3 4 11 11 5 110
1 3 4 11 0 16 88
1 3 4 10 17 0 67
1 3 4 10 6 11 171
1 3 4 9 12 6 30
1 3 4 9 1 17 115
1 3 4 8 18 1 184
1 3 4 8 7 12 122
1 3 4 7 13 7 12
1 3 4 7 2 18 7
1 3 4 6 19 2 72
1 3 4 6 8 13 134
1 3 4 5 14 8 108
1 3 4 5 3 19 141
1 3 4 4 20 3 138
1 3 4 4 9 14 125
1 3 4 3 15 9 69
1 3 4 3 4 20 9
1 3 4 2 21 4 141
1 3 4 2 10 15 66
1 3 4 1 16 10 149
1 3 4 1 5 21 40
1 3 4 0 22 5 13
1 3 4 0 11 16 106
1 3 3 27 1 0 148
1 3 3 25 2 1 93
1 3 3 23 3 2 184
1 3 3 21 4 3 162
1 3 3 19 5 4 117
1 3 3 18 0 10 25
1 3 3 17 6 5 76
1 3 3 16 12 0 52
1 3 3 16 1 11 144
1 3 3 15 7 6 2
1 3 3 14 13 1 91
1 3 3 14 2 12 12
1 3 3 13 8 7 143
1 3 3 12 14 2 143
1 3 3 12 3 13 30
1 3 3 10 15 3 8
1 3 3 10 4 14 99
1 3 3 9 10 9 38
1 3 3 8 16 4 17
1 3 3 8 5 15 189
1 3 3 7 11 10 20
1 3 3 7 0 21 13
1 3 3 6 17 5 165
1 3 3 6 6 16 19
1 3 3 5 23 0 177
1 3 3 5 12 11 20
1 3 3 5 1 22 198
1 3 3 4 18 6 162
1 3 3 4 7 17 62
1 3 3 3 24 1 111
1 3 3 3 13 12 103
1 3 3 3 2 23 105
1 3 3 2 19 7 190
1 3 3 2 8 18 126
1 3 3 1 25 2 50
1 3 3 1 14 13 44
1 3 3 1 3 24 23
1 3 3 0 20 8 122
1 3 3 0 9 19 184
1 3 2 25 0 4 126
1 3 2 23 1 5 117
1 3 2 22 7 0 189
1 3 2 21 2 6 164
1 3 2 20 8 1 11
1 3 2 19 3 7 10
1 3 2 18 9 2 98
1 3 2 17 4 8 182
1 3 2 16 10 3 81
1 3 2 15 5 9 44
1 3 2 14 11 4 128
1 3 2 14 0 15 97
1 3 2 13 6 10 41
1 3 2 12 12 5 145
1 3 2 12 1 16 182
1 3 2 11 18 0 179
1 3 2 11 7 11 124
1 3 2 10 13 6 113
1 3 2 10 2 17 52
1 3 2 9 19 1 177
1 3 2 9 8 12 153
1 3 2 8 14 7 194
1 3 2 8 3 18 74
1 3 2 7 20 2 98
1 3 2 7 9 13 178
1 3 2 6 15 8 111
1 3 2 6 4 19 188
1 3 2 5 21 3 140
1 3 2 5 10 14 73
1 3 2 4 16 9 33
1 3 2 4 5 20 195
1 3 2 3 22 4 141
1 3 2 3 11 15 63
1 3 2 3 0 26 51
1 3 2 2 17 10 84
1 3 2 2 6 21 13
1 3 2 1 23 5 150
1 3 2 1 12 16 50
1 3 2 1 1 27 7
1 3 2 0 29 0 173
1 3 2 0 18 11 26
1 3 2 0 7 22 113
1 3 1 28 2 0 104
1 3 1 26 3 1 110
1 3 1 24 4 2 124
1 3 1 22 5 3 113
1 3 1 21 0 9 113
1 3 1 20 6 4 187
1 3 1 19 1 10 16
1 3 1 18 7 5 126
1 3 1 17 13 0 115
1 3 1 17 2 11 76
1 3 1 16 8 6 174
1 3 1 15 14 1 151
1 3 1 15 3 12 22
1 3 1 14 9 7 154
1 3 1 13 15 2 128
1 3 1 13 4 13 17
1 3 1 12 10 8 70
1 3 1 11 16 3 11
1 3 1 11 5 14 36
1 3 1 10 11 9 171
1 3 1 10 0 20 59
1 3 1 9 17 4 82
1 3 1 9 6 15 18
1 3 1 8 12 10 75
1 3 1 8 1 21 8
1 3 1 7 18 5 106
1 3 1 7 7 16 95
1 3 1 6 24 0 167
1 3 1 6 13 11 45
1 3 1 6 2 22 12
1 3 1 5 19 6 24
1 3 1 5 8 17 137
1 3 1 4 25 1 2
1 3 1 4 14 12 45
1 3 1 4 3 23 42
1 3 1 3 20 7 138
1 3 1 3 9 18 68
1 3 1 2 26 2 94
1 3 1 2 15 13 185
1 3 1 2 4 24 159
1 3 1 1 21 8 157
1 3 1 1 10 19 48
1 3 1 0 27 3 13
1 3 1 0 16 14 176
1 3 1 0 5 25 36
1 3 0 28 0 3 86
1 3 0 26 1 4 11
1 3 0 24 2 5 139
1 3 0 23 8 0 161
1 3 0 22 3 6 55
1 3 0 21 9 1 122
1 3 0 20 4 7 186
1 3 0 19 10 2 54
1 3 0 18 5 8 122
1 3 0 17 11 3 110
1 3 0 17 0 14 35
1 3 0 16 6 9 34
1 3 0 15 12 4 165
1 3 0 15 1 15 96
1 3 0 14 7 10 139
1 3 0 13 13 5 163
1 3 0 13 2 16 152
1 3 0 12 19 0 93
1 3 0 12 8 11 127
1 3 0 11 14 6 48
1 3 0 11 3 17 29
1 3 0 10 20 1 129
1 3 0 10 9 12 88
1 3 0 9 15 7 167
1 3 0 9 4 18 191
1 3 0 8 21 2 193
1 3 0 8 10 13 118
1 3 0 7 16 8 61
1 3 0 7 5 19 180
1 3 0 6 22 3 132
1 3 0 6 11 14 172
1 3 0 6 0 25 51
1 3 0 5 17 9 99
1 3 0 5 6 20 25
1 3 0 4 23 4 34
1 3 0 4 12 15 67
1 3 0 4 1 26 195
1 3 0 3 18 10 128
1 3 0 3 7 21 75
1 3 0 2 24 5 189
1 3 0 2 13 16 135
1 3 0 2 2 27 76
1 3 0 1 30 0 106
1 3 0 1 19 11 70
1 3 0 1 8 22 128
1 3 0 0 25 6 170
1 3 0 0 14 17 133
1 3 0 0 3 28 152
1 2 31 0 1 0 144
1 2 29 1 2 0 93
1 2 28 1 0 3 8
1 2 27 2 3 0 54
1 2 27 0 4 1 179
1 2 26 4 0 2 146
1 2 26 2 1 3 58
1 2 26 0 2 4 120
1 2 25 3 4 0 169
1 2 25 1 5 1 21
1 2 25 0 0 7 34
1 2 24 7 0 1 124
1 2 24 5 1 2 173
1 2 24 3 2 3 54
1 2 24 1 3 4 198
1 2 23 4 5 0 110
1 2 23 3 0 6 90
1 2 23 2 6 1 75
1 2 23 1 1 7 169
1 2 23 0 7 2 166
1 2 22 10 0 0 61
1 2 22 8 1 1 13
1 2 22 6 2 2 179
1 2 22 4 3 3 10
1 2 22 2 4 4 135
1 2 22 0 5 5 127
1 2 21 6 0 5 35
1 2 21 5 6 0 190
1 2 21 4 1 6 69
1 2 21 3 7 1 15
1 2 21 2 2 7 88
1 2 21 1 8 2 168
1 2 21 0 3 8 73
1 2 20 11 1 0 124
1 2 20 9 2 1 109
1 2 20 7 3 2 139
1 2 20 5 4 3 145
1 2 20 3 5 4 88
1 2 20 2 0 10 149
1 2 20 1 6 5 189
1 2 20 0 12 0 18
1 2 20 0 1 11 122
1 2 19 9 0 4 188
1 2 19 7 1 5 61
1 2 19 6 7 0 44
1 2 19 5 2 6 25
1 2 19 4 8 1 78
1 2 19 3 3 7 125
1 2 19 2 9 2 58
1 2 19 1 4 8 115
1 2 19 0 10 3 151
1 2 18 12 2 0 191
1 2 18 10 3 1 132
1 2 18 8 4 2 13
1 2 18 6 5 3 62
1 2 18 5 0 9 45
1 2 18 4 6 4 194
1 2 18 3 1 10 156
1 2 18 2 7 5 36
1 2 18 1 13 0 3
1 2 18 1 2 11 128
1 2 18 0 8 6 166
1 2 17 12 0 3 67
1 2 17 10 1 4 48
1 2 17 8 2 5 102
1 2 17 7 8 0 103
1 2 17 6 3 6 175
1 2 17 5 9 1 56
1 2 17 4 4 7 86
1 2 17 3 10 2 36
1 2 17 2 5 8 38
1 2 17 1 11 3 40
1 2 17 1 0 14 174
1 2 17 0 6 9 197
1 2 16 13 3 0 185
1 2 16 11 4 1 31
1 2 16 9 5 2 90
1 2 16 8 0 8 153
1 2 16 7 6 3 17
1 2 16 6 1 9 161
1 2 16 5 7 4 14
1 2 16 4 2 10 116
1 2 16 3 8 5 69
1 2 16 2 14 0 111
1 2 16 2 3 11 66
1 2 16 1 9 6 190
1 2 16 0 15 1 6
1 2 16 0 4 12 178
1 2 15 15 0 2 169
1 2 15 13 1 3 24
1 2 15 11 2 4 92
1 2 15 9 3 5 116
1 2 15 8 9 0 89
1 2 15 7 4 6 41
1 2 15 6 10 1 58
1 2 15 5 5 7 22
1 2 15 4 11 2 22
1 2 15 4 0 13 72
1 2 15 3 6 8 2
1 2 15 2 12 3 104
1 2 15 2 1 14 163
1 2 15 1 7 9 135
1 2 15 0 13 4 151
1 2 15 0 2 15 13
1 2 14 14 4 0 56
1 2 14 12 5 1 179
1 2 14 11 0 7 198
1 2 14 10 6 2 7
1 2 14 9 1 8 1
1 2 14 8 7 3 139
1 2 14 7 2 9 123
1 2 14 6 8 4 89
1 2 14 5 3 10 38
1 2 14 4 9 5 114
1 2 14 3 15 0 135
1 2 14 3 4 11 37
1 2 14 2 10 6 56
1 2 14 1 16 1 142
1 2 14 1 5 12 177
1 2 14 0 11 7 26
1 2 14 0 0 18 71
1 2 13 18 0 1 146
1 2 13 16 1 2 31
1 2 13 14 2 3 133
1 2 13 12 3 4 114
1 2 13 10 4 5 2
1 2 13 9 10 0 26
1 2 13 8 5 6 92
1 2 13 7 11 1 140
1 2 13 7 0 12 68
1 2 13 6 6 7 60
1 2 13 5 12 2 180
1 2 13 5 1 13 3
1 2 13 4 7 8 167
1 2 13 3 13 3 171
1 2 13 3 2 14 102
1 2 13 2 8 9 62
1 2 13 1 14 4 71
1 2 13 1 3 15 87
1 2 13 0 9 10 142
1 2 12 15 5 0 180
1 2 12 14 0 6 63
1 2 12 13 6 1 107
1 2 12 12 1 7 36
1 2 12 11 7 2 15
1 2 12 10 2 8 98
1 2 12 9 8 3 144
1 2 12 8 3 9 66
1 2 12 7 9 4 5
1 2 12 6 4 10 198
1 2 12 5 10 5 53
1 2 12 4 16 0 33
1 2 12 4 5 11 196
1 2 12 3 11 6 191
1 2 12 3 0 17 99
1 2 12 2 17 1 95
1 2 12 2 6 12 85
1 2 12 1 12 7 186
1 2 12 1 1 18 73
1 2 12 0 18 2 53
1 2 12 0 7 13 149
1 2 11 21 0 0 9
1 2 11 19 1 1 167
1 2 11 17 2 2 115
1 2 11 15 3 3 56
1 2 11 13 4 4 89
1 2 11 11 5 5 153
1 2 11 10 11 0 145
1 2 11 10 0 11 88
1 2 11 9 6 6 81
1 2 11 8 12 1 136
1 2 11 8 1 12 58
1 2 11 7 7 7 106
1 2 11 6 13 2 143
1 2 11 6 2 13 106
1 2 11 5 8 8 2
1 2 11 4 14 3 196
1 2 11 4 3 14 67
1 2 11 3 9 9 22
1 2 11 2 15 4 163
1 2 11 2 4 15 173
1 2 11 1 10 10 30
1 2 11 0 16 5 98
1 2 11 0 5 16 178
1 2 10 17 0 5 113
1 2 10 16 6 0 61
1 2 10 15 1 6 85
1 2 10 14 7 1 67
1 2 10 13 2 7 128
1 2 10 12 8 2 80
1 2 10 10 9 3 124
1 2 10 9 4 9 133
1 2 10 8 10 4 193
1 2 10 7 5 10 89
1 2 10 6 11 5 77
1 2 10 6 0 16 42
1 2 10 5 17 0 174
1 2 10 5 6 11 166
1 2 10 4 12 6 35
1 2 10 4 1 17 182
1 2 10 3 18 1 25
1 2 10 3 7 12 82
1 2 10 2 13 7 131
1 2 10 2 2 18 11
1 2 10 1 19 2 148
1 2 10 1 8 13 45
1 2 10 0 14 8 68
1 2 10 0 3 19 82
1 2 9 22 1 0 152
1 2 9 20 2 1 47
1 2 9 18 3 2 174
1 2 9 16 4 3 27
1 2 9 14 5 4 161
1 2 9 13 0 10 96
1 2 9 12 6 5 17
1 2 9 11 12 0 135
1 2 9 11 1 11 186
1 2 9 10 7 6 110
1 2 9 9 13 1 55
1 2 9 9 2 12 5
1 2 9 8 8 7 131
1 2 9 7 14 2 79
1 2 9 7 3 13 141
1 2 9 6 9 8 110
1 2 9 5 15 3 179
1 2 9 5 4 14 12
1 2 9 4 10 9 63
1 2 9 3 16 4 123
1 2 9 3 5 15 95
1 2 9 2 11 10 147
1 2 9 2 0 21 73
1 2 9 1 17 5 41
1 2 9 1 6 16 101
1 2 9 0 23 0 159
1 2 9 0 12 11 18
1 2 9 0 1 22 6
1 2 8 20 0 4 101
1 2 8 18 1 5 57
1 2 8 17 7 0 168
1 2 8 16 2 6 78
1 2 8 15 8 1 114
1 2 8 14 3 7 151
1 2 8 13 9 2 58
1 2 8 12 4 8 193
1 2 8 11 10 3 90
1 2 8 10 5 9 132
1 2 8 9 11 4 40
1 2 8 9 0 15 95
1 2 8 8 6 10 191
1 2 8 7 12 5 48
1 2 8 7 1 16 186
1 2 8 6 18 0 92
1 2 8 6 7 11 122
1 2 8 5 13 6 134
1 2 8 5 2 17 39
1 2 8 4 19 1 25
1 2 8 4 8 12 49
1 2 8 3 14 7 49
1 2 8 3 3 18 11
1 2 8 2 20 2 13
1 2 8 2 9 13 51
1 2 8 1 15 8 194
1 2 8 1 4 19 155
1 2 8 0 21 3 151
1 2 8 0 10 14 1
1 2 7 23 2 0 154
1 2 7 21 3 1 157
1 2 7 19 4 2 189
1 2 7 17 5 3 8
1 2 7 16 0 9 105
1 2 7 15 6 4 78
1 2 7 14 1 10 80
1 2 7 13 7 5 114
1 2 7 12 13 0 65
1 2 7 12 2 11 124
1 2 7 11 8 6 107
1 2 7 10 14 1 144
1 2 7 10 3 12 149
1 2 7 9 9 7 14
1 2 7 8 15 2 110
1 2 7 8 4 13 123
1 2 7 7 10 8 48
1 2 7 6 16 3 18
1 2 7 6 5 14 25
1 2 7 5 11 9 81
1 2 7 5 0 20 181
1 2 7 4 17 4 97
1 2 7 4 6 15 81
1 2 7 3 12 10 26
1 2 7 3 1 21 41
1 2 7 2 18 5 5
1 2 7 2 7 16 129
1 2 7 1 24 0 195
1 2 7 1 13 11 49
1 2 7 1 2 22 163
1 2 7 0 19 6 18
1 2 7 0 8 17 62
1 2 6 23 0 3 14
1 2 6 21 1 4 180
1 2 6 19 2 5 15
1 2 6 18 8 0 92
1 2 6 17 3 6 161
1 2 6 16 9 1 98
1 2 6 15 4 7 153
1 2 6 14 10 2 14
1 2 6 13 5 8 8
1 2 6 12 11 3 92
1 2 6 12 0 14 2
1 2 6 11 6 9 173
1 2 6 10 12 4 145
1 2 6 10 1 15 187
1 2 6 9 7 10 60
1 2 6 8 13 5 100
1 2 6 8 2 16 49
1 2 6 7 19 0 168
1 2 6 7 8 11 99
1 2 6 6 14 6 78
1 2 6 6 3 17 186
1 2 6 5 20 1 166
1 2 6 5 9 12 60
1 2 6 4 15 7 141
1 2 6 4 4 18 13
1 2 6 3 21 2 74
1 2 6 3 10 13 31
1 2 6 2 16 8 20
1 2 6 2 5 19 81
1 2 6 1 22 3 56
1 2 6 1 11 14 11
1 2 6 1 0 25 145
1 2 6 0 6 20 130
1 2 5 24 3 0 81
1 2 5 22 4 1 126
1 2 5 20 5 2 183
1 2 5 19 0 8 176
1 2 5 18 6 3 20
1 2 5 17 1 9 129
1 2 5 16 7 4 88
1 2 5 15 2 10 133
1 2 5 14 8 5 23
1 2 5 13 14 0 91
1 2 5 13 3 11 58
1 2 5 12 9 6 191
1 2 5 11 15 1 37
1 2 5 11 4 12 20
1 2 5 10 10 7 194
1 2 5 9 16 2 40
1 2 5 9 5 13 6
1 2 5 8 11 8 48
1 2 5 8 0 19 181
1 2 5 7 17 3 13
1 2 5 7 6 14 167
1 2 5 6 12 9 132
1 2 5 6 1 20 81
1 2 5 5 18 4 12
1 2 5 5 7 15 153
1 2 5 4 13 10 116
1 2 5 4 2 21 171
1 2 5 3 19 5 158
1 2 5 3 8 16 177
1 2 5 2 25 0 26
1 2 5 2 14 11 168
1 2 5 2 3 22 83
1 2 5 1 20 6 143
1 2 5 1 9 17 180
1 2 5 0 26 1 99
1 2 5 0 15 12 87
1 2 5 0 4 23 18
1 2 4 26 0 2 169
1 2 4 24 1 3 6
1 2 4 22 2 4 80
1 2 4 20 3 5 130
1 2 4 19 9 0 118
1 2 4 18 4 6 56
1 2 4 17 10 1 148
1 2 4 16 5 7 49
1 2 4 15 11 2 25
1 2 4 15 0 13 125
1 2 4 14 6 8 49
1 2 4 13 12 3 26
1 2 4 13 1 14 96
1 2 4 12 7 9 74
1 2 4 11 13 4 158
1 2 4 11 2 15 136
1 2 4 10 8 10 127
1 2 4 9 14 5 115
1 2 4 9 3 16 103
1 2 4 8 20 0 62
1 2 4 8 9 11 71
1 2 4 7 15 6 4
1 2 4 7 4 17 50
1 2 4 6 21 1 28
1 2 4 6 10 12 17
1 2 4 5 16 7 121
1 2 4 5 5 18 30
1 2 4 4 22 2 72
1 2 4 4 11 13 93
1 2 4 4 0 24 122
1 2 4 3 17 8 152
1 2 4 3 6 19 2
1 2 4 2 23 3 176
1 2 4 2 12 14 11
1 2 4 2 1 25 46
1 2 4 1 18 9 179
1 2 4 1 7 20 42
1 2 4 0 24 4 65
1 2 4 0 13 15 6
1 2 4 0 2 26 183
1 2 3 25 4 0 33
1 2 3 23 5 1 91
1 2 3 22 0 7 195
1 2 3 21 6 2 136
1 2 3 20 1 8 176
1 2 3 19 7 3 159
1 2 3 18 2 9 3
1 2 3 17 8 4 65
1 2 3 16 3 10 182
1 2 3 15 9 5 170
1 2 3 14 15 0 159
1 2 3 14 4 11 56
1 2 3 13 10 6 70
1 2 3 12 16 1 169
1 2 3 12 5 12 17
1 2 3 11 11 7 166
1 2 3 11 0 18 54
1 2 3 10 17 2 62
1 2 3 10 6 13 73
1 2 3 9 12 8 196
1 2 3 9 1 19 26
1 2 3 8 18 3 1
1 2 3 8 7 14 84
1 2 3 7 13 9 173
1 2 3 7 2 20 150
1 2 3 6 19 4 32
1 2 3 6 8 15 166
1 2 3 5 14 10 18
1 2 3 5 3 21 61
1 2 3 4 20 5 118
1 2 3 4 9 16 94
1 2 3 3 26 0 182
1 2 3 3 15 11 17
1 2 3 3 4 22 49
1 2 3 2 21 6 165
1 2 3 2 10 17 155
1 2 3 1 27 1 115
1 2 3 1 16 12 32
1 2 3 1 5 23 81
1 2 3 0 22 7 52
1 2 3 0 11 18 54
1 2 3 0 0 29 18
1 2 2 29 0 1 160
1 2 2 27 1 2 43
1 2 2 25 2 3 55
1 2 2 23 3 4 69
1 2 2 21 4 5 149
1 2 2 20 10 0 176
1 2 2 19 5 6 39
1 2 2 18 11 1 85
1 2 2 17 6 7 68
1 2 2 16 12 2 140
1 2 2 16 1 13 43
1 2 2 15 7 8 80
1 2 2 14 13 3 56
1 2 2 14 2 14 11
1 2 2 13 8 9 144
1 2 2 12 14 4 54
1 2 2 12 3 15 170
1 2 2 11 9 10 81
1 2 2 10 15 5 71
1 2 2 10 4 16 116
1 2 2 9 21 0 5
1 2 2 9 10 11 105
1 2 2 8 16 6 162
1 2 2 8 5 17 10
1 2 2 7 22 1 85
1 2 2 7 11 12 191
1 2 2 7 0 23 73
1 2 2 6 17 7 132
1 2 2 6 6 18 174
1 2 2 5 23 2 26
1 2 2 5 12 13 195
1 2 2 5 1 24 193
1 2 2 4 18 8 135
1 2 2 4 7 19 170
1 2 2 3 24 3 86
1 2 2 3 13 14 149
1 2 2 3 2 25 1
1 2 2 2 19 9 84
1 2 2 2 8 20 9
1 2 2 1 25 4 5
1 2 2 1 14 15 54
1 2 2 1 3 26 126
1 2 2 0 20 10 120
1 2 2 0 9 21 25
1 2 1 26 5 0 172
1 2 1 25 0 6 118
1 2 1 24 6 1 71
1 2 1 23 1 7 163
1 2 1 22 7 2 115
1 2 1 21 2 8 34
1 2 1 20 8 3 120
1 2 1 19 3 9 186
1 2 1 18 9 4 100
1 2 1 17 4 10 106
1 2 1 16 10 5 140
1 2 1 15 16 0 109
1 2 1 15 5 11 126
1 2 1 14 11 6 28
1 2 1 14 0 17 13
1 2 1 13 17 1 173
1 2 1 13 6 12 25
1 2 1 12 12 7 30
1 2 1 12 1 18 47
1 2 1 11 18 2 50
1 2 1 11 7 13 130
1 2 1 10 13 8 1
1 2 1 10 2 19 140
1 2 1 9 19 3 105
1 2 1 9 8 14 31
1 2 1 8 14 9 132
1 2 1 8 3 20 11
1 2 1 7 20 4 48
1 2 1 7 9 15 75
1 2 1 6 15 10 198
1 2 1 6 4 21 126
1 2 1 5 21 5 194
1 2 1 5 10 16 163
1 2 1 4 27 0 72
1 2 1 4 16 11 198
1 2 1 4 5 22 178
1 2 1 3 22 6 119
1 2 1 3 11 17 65
1 2 1 3 0 28 151
1 2 1 2 28 1 87
1 2 1 2 17 12 149
1 2 1 2 6 23 46
1 2 1 1 23 7 45
1 2 1 1 12 18 165
1 2 1 1 1 29 58
1 2 1 0 29 2 195
1 2 1 0 18 13 121
1 2 1 0 7 24 70
1 2 0 32 0 0 23
1 2 0 30 1 1 79
1 2 0 28 2 2 195
1 2 0 26 3 3 125
1 2 0 24 4 4 127
1 2 0 22 5 5 166
1 2 0 21 11 0 23
1 2 0 21 0 11 162
1 2 0 20 6 6 114
1 2 0 19 12 1 32
1 2 0 19 1 12 84
1 2 0 18 7 7 191
1 2 0 17 13 2 56
1 2 0 17 2 13 192
1 2 0 16 8 8 121
1 2 0 15 14 3 97
1 2 0 15 3 14 62
1 2 0 14 9 9 86
1 2 0 13 15 4 75
1 2 0 13 4 15 93
1 2 0 12 10 10 70
1 2 0 11 16 5 54
1 2 0 11 5 16 57
1 2 0 10 22 0 32
1 2 0 10 11 11 41
1 2 0 10 0 22 31
1 2 0 9 17 6 80
1 2 0 9 6 17 155
1 2 0 8 23 1 90
1 2 0 8 12 12 105
1 2 0 8 1 23 5
1 2 0 7 18 7 19
1 2 0 7 7 18 84
1 2 0 6 24 2 127
1 2 0 6 13 13 102
1 2 0 6 2 24 6
1 2 0 5 19 8 45
1 2 0 5 8 19 46
1 2 0 4 25 3 25
1 2 0 4 14 14 64
1 2 0 4 3 25 29
1 2 0 3 20 9 40
1 2 0 3 9 20 45
1 2 0 2 26 4 25
1 2 0 2 15 15 167
1 2 0 2 4 26 46
1 2 0 1 21 10 105
1 2 0 1 10 21 85
1 2 0 0 27 5 87
1 2 0 0 16 16 180
1 2 0 0 5 27 64
1 1 30 2 0 1 94
1 1 30 0 1 2 184
1 1 28 5 0 0 7
1 1 28 3 1 1 94
1 1 28 1 2 2 34
1 1 27 1 0 5 77
1 1 27 0 6 0 120
1 1 26 6 1 0 113
1 1 26 4 2 1 79
1 1 26 2 3 2 176
1 1 26 0 4 3 144
1 1 25 4 0 4 141
1 1 25 2 1 5 158
1 1 25 1 7 0 108
1 1 25 0 2 6 10
1 1 24 7 2 0 18
1 1 24 5 3 1 180
1 1 24 3 4 2 105
1 1 24 1 5 3 48
1 1 24 0 0 9 41
1 1 23 7 0 3 81
1 1 23 5 1 4 22
1 1 23 3 2 5 190
1 1 23 2 8 0 36
1 1 23 1 3 6 94
1 1 23 0 9 1 58
1 1 22 8 3 0 197
1 1 22 6 4 1 168
1 1 22 4 5 2 69
1 1 22 3 0 8 164
1 1 22 2 6 3 78
1 1 22 1 1 9 82
1 1 22 0 7 4 103
1 1 21 10 0 2 148
1 1 21 8 1 3 174
1 1 21 6 2 4 51
1 1 21 4 3 5 85
1 1 21 3 9 0 127
1 1 21 2 4 6 156
1 1 21 1 10 1 74
1 1 21 0 5 7 106
1 1 20 9 4 0 197
1 1 20 7 5 1 169
1 1 20 6 0 7 105
1 1 20 5 6 2 187
1 1 20 4 1 8 163
1 1 20 3 7 3 24
1 1 20 2 2 9 169
1 1 20 1 8 4 113
1 1 20 0 3 10 55
1 1 19 13 0 1 159
1 1 19 11 1 2 17
1 1 19 9 2 3 65
1 1 19 7 3 4 195
1 1 19 5 4 5 162
1 1 19 4 10 0 145
1 1 19 3 5 6 143
1 1 19 2 11 1 124
1 1 19 2 0 12 134
1 1 19 1 6 7 136
1 1 19 0 12 2 128
1 1 19 0 1 13 37
1 1 18 10 5 0 123
1 1 18 9 0 6 112
1 1 18 8 6 1 180
1 1 18 7 1 7 66
1 1 18 6 7 2 114
1 1 18 5 2 8 196
1 1 18 4 8 3 56
1 1 18 3 3 9 149
1 1 18 2 9 4 73
1 1 18 1 4 10 88
1 1 18 0 10 5 7
1 1 17 16 0 0 119
1 1 17 14 1 1 84
1 1 17 12 2 2 24
1 1 17 10 3 3 191
1 1 17 8 4 4 41
1 1 17 6 5 5 95
1 1 17 5 11 0 54
1 1 17 5 0 11 73
1 1 17 4 6 6 177
1 1 17 3 12 1 122
1 1 17 3 1 12 78
1 1 17 2 7 7 179
1 1 17 1 13 2 13
1 1 17 1 2 13 111
1 1 17 0 8 8 35
1 1 16 12 0 5 149
1 1 16 11 6 0 115
1 1 16 10 1 6 79
1 1 16 9 7 1 110
1 1 16 8 2 7 187
1 1 16 7 8 2 67
1 1 16 6 3 8 132
1 1 16 5 9 3 176
1 1 16 4 4 9 37
1 1 16 3 10 4 37
1 1 16 2 5 10 187
1 1 16 1 11 5 158
1 1 16 1 0 16 115
1 1 16 0 17 0 113
1 1 16 0 6 11 183
1 1 15 17 1 0 148
1 1 15 15 2 1 116
1 1 15 13 3 2 140
1 1 15 11 4 3 20
1 1 15 9 5 4 82
1 1 15 8 0 10 31
1 1 15 7 6 5 197
1 1 15 6 12 0 167
1 1 15 6 1 11 162
1 1 15 5 7 6 112
1 1 15 4 13 1 168
1 1 15 4 2 12 31
1 1 15 3 8 7 47
1 1 15 2 14 2 198
1 1 15 2 3 13 14
1 1 15 1 9 8 85
1 1 15 0 15 3 135
1 1 15 0 4 14 179
1 1 14 15 0 4 62
1 1 14 13 1 5 52
1 1 14 12 7 0 19
1 1 14 11 2 6 168
1 1 14 10 8 1 142
1 1 14 9 3 7 184
1 1 14 8 9 2 176
1 1 14 7 4 8 34
1 1 14 6 10 3 158
1 1 14 5 5 9 39
1 1 14 4 11 4 185
1 1 14 4 0 15 48
1 1 14 3 6 10 161
1 1 14 2 12 5 25
1 1 14 2 1 16 147
1 1 14 1 18 0 70
1 1 14 1 7 11 150
1 1 14 0 13 6 33
1 1 14 0 2 17 42
1 1 13 18 2 0 55
1 1 13 16 3 1 104
1 1 13 14 4 2 38
1 1 13 12 5 3 26
1 1 13 11 0 9 121
1 1 13 10 6 4 63
1 1 13 9 1 10 140
1 1 13 8 7 5 153
1 1 13 7 13 0 158
1 1 13 7 2 11 172
1 1 13 6 8 6 4
1 1 13 5 14 1 145
1 1 13 5 3 12 20
1 1 13 4 9 7 7
1 1 13 3 15 2 60
1 1 13 3 4 13 22
1 1 13 2 10 8 96
1 1 13 1 16 3 100
1 1 13 1 5 14 37
1 1 13 0 11 9 194
1 1 13 0 0 20 141
1 1 12 18 0 3 78
1 1 12 16 1 4 191
1 1 12 14 2 5 146
1 1 12 13 8 0 3
1 1 12 12 3 6 76
1 1 12 11 9 1 9
1 1 12 10 4 7 60
1 1 12 9 10 2 150
1 1 12 8 5 8 142
1 1 12 7 11 3 109
1 1 12 7 0 14 149
1 1 12 6 6 9 146
1 1 12 5 12 4 186
1 1 12 5 1 15 53
1 1 12 4 7 10 185
1 1 12 3 13 5 114
1 1 12 3 2 16 188
1 1 12 2 19 0 139
1 1 12 2 8 11 52
1 1 12 1 14 6 145
1 1 12 1 3 17 184
1 1 12 0 20 1 128
1 1 12 0 9 12 72
1 1 11 19 3 0 26
1 1 11 17 4 1 115
1 1 11 15 5 2 171
1 1 11 14 0 8 93
1 1 11 13 6 3 25
1 1 11 12 1 9 186
1 1 11 11 7 4 41
1 1 11 10 2 10 128
1 1 11 9 8 5 132
1 1 11 8 14 0 94
1 1 11 8 3 11 37
1 1 11 7 9 6 17
1 1 11 6 15 1 7
1 1 11 6 4 12 88
1 1 11 5 10 7 93
1 1 11 4 16 2 99
1 1 11 4 5 13 107
1 1 11 3 11 8 122
1 1 11 3 0 19 165
1 1 11 2 17 3 131
1 1 11 2 6 14 98
1 1 11 1 12 9 70
1 1 11 1 1 20 47
1 1 11 0 18 4 47
1 1 11 0 7 15 170
1 1 10 21 0 2 28
1 1 10 19 1 3 66
1 1 10 17 2 4 97
1 1 10 15 3 5 73
1 1 10 14 9 0 25
1 1 10 13 4 6 158
1 1 10 12 10 1 16
1 1 10 11 5 7 16
1 1 10 10 11 2 132
1 1 10 10 0 13 177
1 1 10 9 6 8 54
1 1 10 8 12 3 35
1 1 10 8 1 14 144
1 1 10 7 7 9 30
1 1 10 6 13 4 66
1 1 10 6 2 15 41
1 1 10 5 8 10 149
1 1 10 4 14 5 62
1 1 10 4 3 16 144
1 1 10 3 20 0 126
1 1 10 3 9 11 129
1 1 10 2 15 6 159
1 1 10 2 4 17 113
1 1 10 1 21 1 141
1 1 10 1 10 12 73
1 1 10 0 16 7 102
1 1 10 0 5 18 47
1 1 9 20 4 0 190
1 1 9 18 5 1 54
1 1 9 17 0 7 134
1 1 9 16 6 2 110
1 1 9 15 1 8 172
1 1 9 14 7 3 16
1 1 9 13 2 9 106
1 1 9 12 8 4 194
1 1 9 11 3 10 172
1 1 9 10 9 5 84
1 1 9 9 15 0 115
1 1 9 9 4 11 45
1 1 9 8 10 6 74
1 1 9 7 16 1 119
1 1 9 7 5 12 186
1 1 9 6 11 7 178
1 1 9 6 0 18 190
1 1 9 5 17 2 15
1 1 9 5 6 13 67
1 1 9 4 12 8 167
1 1 9 4 1 19 186
1 1 9 3 18 3 61
1 1 9 3 7 14 130
1 1 9 2 13 9 25
1 1 9 2 2 20 165
1 1 9 1 19 4 148
1 1 9 1 8 15 124
1 1 9 0 14 10 184
1 1 9 0 3 21 137
1 1 8 24 0 1 134
1 1 8 22 1 2 102
1 1 8 20 2 3 162
1 1 8 18 3 4 80
1 1 8 16 4 5 33
1 1 8 15 10 0 114
1 1 8 14 5 6 75
1 1 8 13 11 1 151
1 1 8 13 0 12 28
1 1 8 12 6 7 33
1 1 8 11 12 2 60
1 1 8 11 1 13 101
1 1 8 10 7 8 84
1 1 8 9 13 3 112
1 1 8 9 2 14 107
1 1 8 8 8 9 27
1 1 8 7 14 4 84
1 1 8 7 3 15 169
1 1 8 6 9 10 145
1 1 8 5 15 5 124
1 1 8 5 4 16 172
1 1 8 4 21 0 103
1 1 8 4 10 11 193
1 1 8 3 16 6 88
1 1 8 3 5 17 192
1 1 8 2 22 1 194
1 1 8 2 11 12 161
1 1 8 2 0 23 109
1 1 8 1 17 7 82
1 1 8 1 6 18 144
1 1 8 0 23 2 190
1 1 8 0 12 13 17
1 1 8 0 1 24 47
1 1 7 21 5 0 97
1 1 7 20 0 6 21
1 1 7 19 6 1 112
1 1 7 18 1 7 72
1 1 7 17 7 2 129
1 1 7 16 2 8 15
1 1 7 15 8 3 137
1 1 7 14 3 9 125
1 1 7 13 9 4 108
1 1 7 12 4 10 129
1 1 7 11 10 5 15
1 1 7 10 16 0 161
1 1 7 10 5 11 91
1 1 7 9 0 17 148
1 1 7 8 17 1 138
1 1 7 8 6 12 27
1 1 7 7 12 7 157
1 1 7 7 1 18 21
1 1 7 6 18 2 191
1 1 7 6 7 13 61
1 1 7 5 13 8 196
1 1 7 5 2 19 32
1 1 7 4 19 3 68
1 1 7 4 8 14 62
1 1 7 3 14 9 173
1 1 7 3 3 20 137
1 1 7 2 20 4 1
1 1 7 2 9 15 76
1 1 7 1 15 10 87
1 1 7 1 4 21 172
1 1 7 0 21 5 192
1 1 7 0 10 16 10
1 1 6 27 0 0 188
1 1 6 25 1 1 163
1 1 6 23 2 2 34
1 1 6 21 3 3 149
1 1 6 19 4 4 46
1 1 6 17 5 5 58
1 1 6 16 11 0 161
1 1 6 16 0 11 63
1 1 6 15 6 6 19
1 1 6 14 12 1 148
1 1 6 14 1 12 12
1 1 6 13 7 7 41
1 1 6 12 13 2 6
1 1 6 12 2 13 172
1 1 6 11 8 8 181
1 1 6 10 14 3 30
1 1 6 10 3 14 26
1 1 6 9 9 9 49
1 1 6 8 15 4 178
1 1 6 8 4 15 117
1 1 6 7 10 10 17
1 1 6 6 16 5 168
1 1 6 6 5 16 151
1 1 6 5 22 0 35
1 1 6 5 11 11 46
1 1 6 5 0 22 97
1 1 6 4 17 6 114
1 1 6 4 6 17 28
1 1 6 3 23 1 138
1 1 6 3 12 12 6
1 1 6 3 1 23 74
1 1 6 2 18 7 30
1 1 6 2 7 18 99
1 1 6 1 24 2 133
1 1 6 1 13 13 137
1 1 6 1 2 24 107
1 1 6 0 19 8 123
1 1 6 0 8 19 8
1 1 5 23 0 5 21
1 1 5 22 6 0 78
1 1 5 21 1 6 179
1 1 5 20 7 1 46
1 1 5 19 2 7 89
1 1 5 18 8 2 141
1 1 5 17 3 8 48
1 1 5 16 9 3 96
1 1 5 15 4 9 107
1 1 5 14 10 4 112
1 1 5 13 5 10 10
1 1 5 12 11 5 82
1 1 5 12 0 16 144
1 1 5 11 17 0 86
1 1 5 11 6 11 98
1 1 5 10 12 6 66
1 1 5 10 1 17 129
1 1 5 9 18 1 39
1 1 5 9 7 12 67
1 1 5 8 13 7 61
1 1 5 8 2 18 130
1 1 5 7 19 2 129
1 1 5 7 8 13 187
1 1 5 6 14 8 163
1 1 5 6 3 19 1
1 1 5 5 20 3 182
1 1 5 5 9 14 86
1 1 5 4 15 9 179
1 1 5 4 4 20 42
1 1 5 3 21 4 53
1 1 5 3 10 15 152
1 1 5 2 16 10 106
1 1 5 2 5 21 14
1 1 5 1 22 5 147
1 1 5 1 11 16 191
1 1 5 1 0 27 80
1 1 5 0 28 0 69
1 1 5 0 17 11 93
1 1 5 0 6 22 139
1 1 4 28 1 0 35
1 1 4 26 2 1 120
1 1 4 24 3 2 195
1 1 4 22 4 3 135
1 1 4 20 5 4 148
1 1 4 19 0 10 71
1 1 4 18 6 5 68
1 1 4 17 12 0 78
1 1 4 17 1 11 33
1 1 4 16 7 6 129
1 1 4 15 13 1 49
1 1 4 15 2 12 120
1 1 4 14 8 7 56
1 1 4 13 14 2 195
1 1 4 13 3 13 110
1 1 4 12 9 8 111
1 1 4 11 15 3 93
1 1 4 11 4 14 171
1 1 4 10 10 9 88
1 1 4 9 16 4 94
1 1 4 9 5 15 97
1 1 4 8 11 10 191
1 1 4 8 0 21 60
1 1 4 7 17 5 177
1 1 4 7 6 16 48
1 1 4 6 23 0 35
1 1 4 6 12 11 21
1 1 4 6 1 22 64
1 1 4 5 18 6 158
1 1 4 5 7 17 74
1 1 4 4 24 1 101
1 1 4 4 13 12 97
1 1 4 4 2 23 10
1 1 4 3 19 7 65
1 1 4 3 8 18 129
1 1 4 2 25 2 69
1 1 4 2 14 13 77
1 1 4 2 3 24 189
1 1 4 1 20 8 63
1 1 4 1 9 19 28
1 1 4 0 26 3 136
1 1 4 0 15 14 185
1 1 4 0 4 25 148
1 1 3 26 0 4 42
1 1 3 24 1 5 106
1 1 3 23 7 0 156
1 1 3 22 2 6 46
1 1 3 21 8 1 197
1 1 3 20 3 7 171
1 1 3 19 9 2 26
1 1 3 18 4 8 42
1 1 3 17 10 3 150
1 1 3 16 5 9 161
1 1 3 15 11 4 83
1 1 3 15 0 15 133
1 1 3 14 6 10 189
1 1 3 13 12 5 60
1 1 3 13 1 16 7
1 1 3 12 18 0 85
1 1 3 12 7 11 84
1 1 3 11 13 6 81
1 1 3 11 2 17 116
1 1 3 10 19 1 151
1 1 3 10 8 12 130
1 1 3 9 14 7 109
1 1 3 9 3 18 48
1 1 3 8 20 2 56
1 1 3 8 9 13 90
1 1 3 7 15 8 152
1 1 3 7 4 19 122
1 1 3 6 21 3 4
1 1 3 6 10 14 103
1 1 3 5 16 9 9
1 1 3 5 5 20 62
1 1 3 4 22 4 45
1 1 3 4 11 15 162
1 1 3 4 0 26 190
1 1 3 3 17 10 180
1 1 3 3 6 21 197
1 1 3 2 23 5 34
1 1 3 2 12 16 160
1 1 3 2 1 27 13
1 1 3 1 29 0 148
1 1 3 1 18 11 166
1 1 3 1 7 22 33
1 1 3 0 24 6 50
1 1 3 0 13 17 193
1 1 3 0 2 28 44
1 1 2 29 2 0 186
1 1 2 27 3 1 178
1 1 2 25 4 2 2
1 1 2 23 5 3 84
1 1 2 22 0 9 194
1 1 2 21 6 4 7
1 1 2 20 1 10 178
1 1 2 19 7 5 161
1 1 2 18 13 0 156
1 1 2 18 2 11 78
1 1 2 17 8 6 180
1 1 2 16 14 1 70
1 1 2 16 3 12 43
1 1 2 15 9 7 32
1 1 2 14 15 2 95
1 1 2 14 4 13 170
1 1 2 13 10 8 101
1 1 2 12 16 3 17
1 1 2 12 5 14 168
1 1 2 11 11 9 16
1 1 2 11 0 20 101
1 1 2 10 17 4 3
1 1 2 10 6 15 67
1 1 2 9 12 10 84
1 1 2 9 1 21 196
1 1 2 8 18 5 191
1 1 2 8 7 16 51
1 1 2 7 24 0 36
1 1 2 7 13 11 150
1 1 2 7 2 22 184
1 1 2 6 19 6 12
1 1 2 6 8 17 115
1 1 2 5 25 1 197
1 1 2 5 14 12 192
1 1 2 5 3 23 21
1 1 2 4 20 7 192
1 1 2 4 9 18 132
1 1 2 3 26 2 37
1 1 2 3 15 13 168
1 1 2 3 4 24 181
1 1 2 2 21 8 80
1 1 2 2 10 19 38
1 1 2 1 27 3 95
1 1 2 1 16 14 20
1 1 2 1 5 25 84
1 1 2 0 22 9 25
1 1 2 0 11 20 83
1 1 2 0 0 31 126
1 1 1 29 0 3 14
1 1 1 27 1 4 44
1 1 1 25 2 5 82
1 1 1 24 8 0 44
1 1 1 23 3 6 119
1 1 1 22 9 1 106
1 1 1 21 4 7 177
1 1 1 20 10 2 55
1 1 1 19 5 8 63
1 1 1 18 11 3 54
1 1 1 18 0 14 127
1 1 1 17 6 9 77
1 1 1 16 12 4 110
1 1 1 16 1 15 31
1 1 1 15 7 10 124
1 1 1 14 13 5 78
1 1 1 14 2 16 119
1 1 1 13 19 0 178
1 1 1 13 8 11 67
1 1 1 12 14 6 113
1 1 1 12 3 17 118
1 1 1 11 20 1 64
1 1 1 11 9 12 139
1 1 1 10 15 7 64
1 1 1 10 4 18 161
1 1 1 9 21 2 48
1 1 1 9 10 13 30
1 1 1 8 16 8 159
1 1 1 8 5 19 123
1 1 1 7 22 3 137
1 1 1 7 11 14 191
1 1 1 7 0 25 49
1 1 1 6 17 9 196
1 1 1 6 6 20 14
1 1 1 5 23 4 155
1 1 1 5 12 15 85
1 1 1 5 1 26 7
1 1 1 4 18 10 41
1 1 1 4 7 21 106
1 1 1 3 24 5 127
1 1 1 3 13 16 40
1 1 1 3 2 27 63
1 1 1 2 30 0 167
1 1 1 2 19 11 95
1 1 1 2 8 22 20
1 1 1 1 25 6 88
1 1 1 1 14 17 25
1 1 1 1 3 28 152
1 1 1 0 31 1 139
1 1 1 0 20 12 12
1 1 1 0 9 23 139
1 1 0 30 3 0 121
1 1 0 28 4 1 123
1 1 0 26 5 2 106
1 1 0 25 0 8 86
1 1 0 24 6 3 146
1 1 0 23 1 9 63
1 1 0 22 7 4 116
1 1 0 21 2 10 16
1 1 0 20 8 5 198
1 1 0 19 14 0 130
1 1 0 19 3 11 81
1 1 0 18 9 6 148
1 1 0 17 15 1 148
1 1 0 17 4 12 83
1 1 0 16 10 7 56
1 1 0 15 16 2 128
1 1 0 15 5 13 99
1 1 0 14 11 8 174
1 1 0 14 0 19 32
1 1 0 13 17 3 40
1 1 0 13 6 14 142
1 1 0 12 12 9 26
1 1 0 12 1 20 21
1 1 0 11 18 4 147
1 1 0 11 7 15 80
1 1 0 10 13 10 91
1 1 0 10 2 21 140
1 1 0 9 19 5 74
1 1 0 9 8 16 11
1 1 0 8 25 0 92
1 1 0 8 14 11 123
1 1 0 8 3 22 84
1 1 0 7 20 6 171
1 1 0 7 9 17 110
1 1 0 6 26 1 8
1 1 0 6 15 12 83
1 1 0 6 4 23 80
1 1 0 5 21 7 89
1 1 0 5 10 18 48
1 1 0 4 27 2 16
1 1 0 4 16 13 127
1 1 0 4 5 24 115
1 1 0 3 22 8 47
1 1 0 3 11 19 54
1 1 0 3 0 30 26
1 1 0 2 28 3 123
1 1 0 2 17 14 62
1 1 0 2 6 25 130
1 1 0 1 23 9 141
1 1 0 1 12 20 180
1 1 0 1 1 31 93
1 1 0 0 29 4 7
1 1 0 0 18 15 59
1 1 0 0 7 26 110
1 0 34 0 0 0 181
1 0 32 1 1 0 66
1 0 30 2 2 0 94
1 0 30 0 3 1 95
1 0 29 2 0 3 60
1 0 29 0 1 4 40
1 0 28 3 3 0 34
1 0 28 1 4 1 95
1 0 27 5 0 2 191
1 0 27 3 1 3 92
1 0 27 1 2 4 184
1 0 26 4 4 0 96
1 0 26 2 5 1 19
1 0 26 1 0 7 156
1 0 26 0 6 2 31
1 0 25 8 0 1 105
1 0 25 6 1 2 97
1 0 25 4 2 3 96
1 0 25 2 3 4 41
1 0 25 0 4 5 158
1 0 24 5 5 0 168
1 0 24 4 0 6 81
1 0 24 3 6 1 175
1 0 24 2 1 7 101
1 0 24 1 7 2 99
1 0 24 0 2 8 7
1 0 23 11 0 0 196
1 0 23 9 1 1 143
1 0 23 7 2 2 10
1 0 23 5 3 3 10
1 0 23 1 5 5 99
1 0 23 0 11 0 24
1 0 23 0 0 11 113
1 0 22 7 0 5 186
1 0 22 6 6 0 64
1 0 22 5 1 6 171
1 0 22 4 7 1 52
1 0 22 3 2 7 165
1 0 22 2 8 2 186
1 0 22 1 3 8 33
1 0 22 0 9 3 50
1 0 21 12 1 0 74
1 0 21 10 2 1 178
1 0 21 8 3 2 3
1 0 21 6 4 3 187
1 0 21 4 5 4 171
1 0 21 3 0 10 151
1 0 21 2 6 5 130
1 0 21 1 12 0 89
1 0 21 1 1 11 96
1 0 21 0 7 6 76
1 0 20 10 0 4 134
1 0 20 8 1 5 166
1 0 20 7 7 0 47
1 0 20 6 2 6 90
1 0 20 5 8 1 152
1 0 20 4 3 7 50
1 0 20 3 9 2 148
1 0 20 2 4 8 158
1 0 20 1 10 3 156
1 0 20 0 5 9 166
1 0 19 13 2 0 105
1 0 19 11 3 1 86
1 0 19 7 5 3 139
1 0 19 6 0 9 61
1 0 19 5 6 4 190
1 0 19 4 1 10 111
1 0 19 3 7 5 46
1 0 19 2 13 0 160
1 0 19 2 2 11 140
1 0 19 1 8 6 190
1 0 19 0 14 1 76
1 0 19 0 3 12 142
1 0 18 13 0 3 118
1 0 18 11 1 4 145
1 0 18 9 2 5 51
1 0 18 8 8 0 18
1 0 18 7 3 6 179
1 0 18 6 9 1 95
1 0 18 5 4 7 132
1 0 18 4 10 2 36
1 0 18 3 5 8 115
1 0 18 2 11 3 186
1 0 18 2 0 14 85
1 0 18 1 6 9 15
1 0 18 0 12 4 84
1 0 18 0 1 15 186
1 0 17 14 3 0 188
1 0 17 12 4 1 105
1 0 17 10 5 2 32
1 0 17 9 0 8 96
1 0 17 8 6 3 78
1 0 17 7 1 9 45
1 0 17 6 7 4 6
1 0 17 5 2 10 68
1 0 17 4 8 5 26
1 0 17 3 14 0 130
1 0 17 3 3 11 12
1 0 17 2 9 6 117
1 0 17 1 15 1 157
1 0 17 1 4 12 142
1 0 17 0 10 7 47
1 0 16 16 0 2 15
1 0 16 14 1 3 166
1 0 16 12 2 4 67
1 0 16 10 3 5 57
1 0 16 9 9 0 98
1 0 16 8 4 6 3
1 0 16 7 10 1 59
1 0 16 6 5 7 83
1 0 16 5 11 2 69
1 0 16 5 0 13 64
1 0 16 4 6 8 104
1 0 16 3 12 3 10
1 0 16 3 1 14 113
1 0 16 2 7 9 16
1 0 16 1 13 4 61
1 0 16 1 2 15 145
1 0 16 0 8 10 25
1 0 15 15 4 0 156
1 0 15 13 5 1 193
1 0 15 12 0 7 161
1 0 15 11 6 2 9
1 0 15 10 1 8 169
1 0 15 9 7 3 140
1 0 15 8 2 9 82
1 0 15 7 8 4 122
1 0 15 6 3 10 101
1 0 15 5 9 5 184
1 0 15 4 15 0 27
1 0 15 4 4 11 96
1 0 15 3 10 6 169
1 0 15 2 16 1 7
1 0 15 2 5 12 84
1 0 15 1 11 7 176
1 0 15 1 0 18 114
1 0 15 0 17 2 126
1 0 15 0 6 13 71
1 0 14 19 0 1 97
1 0 14 17 1 2 127
1 0 14 15 2 3 184
1 0 14 13 3 4 71
1 0 14 11 4 5 25
1 0 14 10 10 0 138
1 0 14 9 5 6 134
1 0 14 8 11 1 196
1 0 14 8 0 12 114
1 0 14 7 6 7 106
1 0 14 6 12 2 132
1 0 14 6 1 13 95
1 0 14 5 7 8 177
1 0 14 4 13 3 143
1 0 14 4 2 14 81
1 0 14 3 8 9 66
1 0 14 2 14 4 79
1 0 14 2 3 15 73
1 0 14 1 9 10 85
1 0 14 0 15 5 165
1 0 14 0 4 16 97
1 0 13 16 5 0 39
1 0 13 15 0 6 20
1 0 13 14 6 1 158
1 0 13 13 1 7 74
1 0 13 12 7 2 122
1 0 13 11 2 8 133
1 0 13 10 8 3 93
1 0 13 9 3 9 160
1 0 13 8 9 4 121
1 0 13 7 4 10 162
1 0 13 6 10 5 169
1 0 13 5 16 0 41
1 0 13 5 5 11 125
1 0 13 4 11 6 114
1 0 13 4 0 17 41
1 0 13 3 17 1 20
1 0 13 3 6 12 76
1 0 13 2 12 7 104
1 0 13 2 1 18 20
1 0 13 1 18 2 53
1 0 13 1 7 13 80
1 0 13 0 13 8 7
1 0 13 0 2 19 19
1 0 12 22 0 0 45
1 0 12 20 1 1 149
1 0 12 18 2 2 14
1 0 12 16 3 3 51
1 0 12 14 4 4 149
1 0 12 12 5 5 102
1 0 12 11 11 0 121
1 0 12 11 0 11 120
1 0 12 10 6 6 65
1 0 12 9 12 1 183
1 0 12 9 1 12 102
1 0 12 8 7 7 9
1 0 12 7 13 2 72
1 0 12 7 2 13 19
1 0 12 6 8 8 47
1 0 12 5 14 3 17
1 0 12 5 3 14 13
1 0 12 4 9 9 77
1 0 12 3 15 4 91
1 0 12 3 4 15 165
1 0 12 2 10 10 43
1 0 12 1 16 5 153
1 0 12 1 5 16 93
1 0 12 0 22 0 86
1 0 12 0 11 11 138
1 0 11 18 0 5 62
1 0 11 17 6 0 113
1 0 11 16 1 6 98
1 0 11 15 7 1 123
1 0 11 14 2 7 152
1 0 11 13 8 2 192
1 0 11 12 3 8 170
1 0 11 11 9 3 125
1 0 11 10 4 9 196
1 0 11 9 10 4 104
1 0 11 8 5 10 58
1 0 11 7 11 5 93
1 0 11 7 0 16 93
1 0 11 6 17 0 71
1 0 11 6 6 11 114
1 0 11 5 12 6 56
1 0 11 5 1 17 175
1 0 11 4 18 1 23
1 0 11 4 7 12 54
1 0 11 3 13 7 183
1 0 11 3 2 18 181
1 0 11 2 19 2 181
1 0 11 2 8 13 13
1 0 11 1 14 8 9
1 0 11 1 3 19 178
1 0 11 0 20 3 52
1 0 11 0 9 14 144
1 0 10 23 1 0 111
1 0 10 21 2 1 176
1 0 10 19 3 2 162
1 0 10 17 4 3 113
1 0 10 15 5 4 30
1 0 10 14 0 10 13
1 0 10 13 6 5 114
1 0 10 12 12 0 187
1 0 10 12 1 11 171
1 0 10 11 7 6 18
1 0 10 10 13 1 144
1 0 10 10 2 12 156
1 0 10 9 8 7 137
1 0 10 8 14 2 47
1 0 10 8 3 13 51
1 0 10 7 9 8 197
1 0 10 6 15 3 50
1 0 10 6 4 14 146
1 0 10 5 10 9 180
1 0 10 4 16 4 106
1 0 10 4 5 15 184
1 0 10 3 11 10 15
1 0 10 3 0 21 47
1 0 10 2 17 5 5
1 0 10 2 6 16 41
1 0 10 1 23 0 130
1 0 10 1 12 11 145
1 0 10 1 1 22 33
1 0 10 0 18 6 80
1 0 10 0 7 17 38
1 0 9 21 0 4 197
1 0 9 19 1 5 171
1 0 9 18 7 0 141
1 0 9 17 2 6 78
1 0 9 16 8 1 54
1 0 9 15 3 7 118
1 0 9 14 9 2 183
1 0 9 13 4 8 32
1 0 9 12 10 3 185
1 0 9 11 5 9 159
1 0 9 10 11 4 94
1 0 9 10 0 15 147
1 0 9 9 6 10 94
1 0 9 8 12 5 8
1 0 9 8 1 16 17
1 0 9 7 18 0 148
1 0 9 7 7 11 108
1 0 9 6 13 6 145
1 0 9 6 2 17 155
1 0 9 5 19 1 118
1 0 9 4 14 7 13
1 0 9 4 3 18 175
1 0 9 3 20 2 107
1 0 9 3 9 13 141
1 0 9 2 15 8 184
1 0 9 2 4 19 124
1 0 9 1 21 3 146
1 0 9 1 10 14 46
1 0 9 0 16 9 143
1 0 9 0 5 20 3
1 0 8 24 2 0 17
1 0 8 22 3 1 35
1 0 8 20 4 2 13
1 0 8 18 5 3 168
1 0 8 17 0 9 113
1 0 8 16 6 4 169
1 0 8 15 1 10 154
1 0 8 14 7 5 115
1 0 8 13 13 0 92
1 0 8 13 2 11 60
1 0 8 12 8 6 111
1 0 8 11 14 1 135
1 0 8 11 3 12 195
1 0 8 10 9 7 197
1 0 8 9 15 2 176
1 0 8 9 4 13 42
1 0 8 8 10 8 65
1 0 8 7 16 3 35
1 0 8 7 5 14 170
1 0 8 6 11 9 104
1 0 8 6 0 20 182
1 0 8 5 17 4 186
1 0 8 5 6 15 93
1 0 8 4 12 10 192
1 0 8 4 1 21 14
1 0 8 3 18 5 16
1 0 8 3 7 16 187
1 0 8 2 24 0 119
1 0 8 2 13 11 135
1 0 8 2 2 22 60
1 0 8 1 19 6 49
1 0 8 1 8 17 7
1 0 8 0 25 1 68
1 0 8 0 14 12 163
1 0 8 0 3 23 177
1 0 7 24 0 3 63
1 0 7 22 1 4 166
1 0 7 20 2 5 43
1 0 7 19 8 0 7
1 0 7 18 3 6 80
1 0 7 17 9 1 138
1 0 7 16 4 7 58
1 0 7 15 10 2 188
1 0 7 14 5 8 105
1 0 7 13 11 3 129
1 0 7 13 0 14 176
1 0 7 12 6 9 86
1 0 7 11 12 4 27
1 0 7 11 1 15 158
1 0 7 10 7 10 66
1 0 7 9 13 5 121
1 0 7 9 2 16 89
1 0 7 8 19 0 135
1 0 7 8 8 11 33
1 0 7 7 14 6 70
1 0 7 7 3 17 13
1 0 7 6 20 1 17
1 0 7 6 9 12 53
1 0 7 5 15 7 29
1 0 7 5 4 18 4
1 0 7 4 21 2 159
1 0 7 4 10 13 75
1 0 7 3 16 8 69
1 0 7 3 5 19 52
1 0 7 2 22 3 163
1 0 7 2 11 14 48
1 0 7 2 0 25 69
1 0 7 1 17 9 175
1 0 7 1 6 20 100
1 0 7 0 23 4 44
1 0 7 0 12 15 84
1 0 7 0 1 26 41
1 0 6 25 3 0 20
1 0 6 23 4 1 177
1 0 6 21 5 2 197
1 0 6 20 0 8 73
1 0 6 19 6 3 131
1 0 6 18 1 9 86
1 0 6 17 7 4 90
1 0 6 16 2 10 113
1 0 6 15 8 5 148
1 0 6 14 14 0 8
1 0 6 14 3 11 89
1 0 6 13 9 6 79
1 0 6 12 15 1 122
1 0 6 12 4 12 44
1 0 6 11 10 7 55
1 0 6 10 16 2 34
1 0 6 10 5 13 158
1 0 6 9 11 8 130
1 0 6 9 0 19 67
1 0 6 8 17 3 129
1 0 6 8 6 14 6
1 0 6 7 12 9 8
1 0 6 7 1 20 17
1 0 6 6 18 4 53
1 0 6 6 7 15 86
1 0 6 5 13 10 56
1 0 6 5 2 21 25
1 0 6 4 19 5 126
1 0 6 4 8 16 95
1 0 6 3 25 0 54
1 0 6 3 14 11 167
1 0 6 3 3 22 153
1 0 6 2 20 6 112
1 0 6 2 9 17 39
1 0 6 1 26 1 62
1 0 6 1 15 12 24
1 0 6 1 4 23 89
1 0 6 0 21 7 142
1 0 6 0 10 18 179
1 0 5 27 0 2 30
1 0 5 25 1 3 13
1 0 5 23 2 4 98
1 0 5 21 3 5 123
1 0 5 20 9 0 101
1 0 5 19 4 6 76
1 0 5 18 10 1 60
1 0 5 17 5 7 170
1 0 5 16 11 2 119
1 0 5 16 0 13 171
1 0 5 15 6 8 100
1 0 5 14 12 3 165
1 0 5 14 1 14 106
1 0 5 13 7 9 51
1 0 5 12 13 4 134
1 0 5 12 2 15 176
1 0 5 11 8 10 38
1 0 5 10 14 5 105
1 0 5 10 3 16 125
1 0 5 9 20 0 141
1 0 5 9 9 11 11
1 0 5 8 15 6 119
1 0 5 8 4 17 83
1 0 5 7 21 1 63
1 0 5 7 10 12 54
1 0 5 6 16 7 158
1 0 5 6 5 18 100
1 0 5 5 22 2 24
1 0 5 5 11 13 25
1 0 5 5 0 24 98
1 0 5 4 17 8 133
1 0 5 4 6 19 167
1 0 5 3 23 3 74
1 0 5 3 12 14 152
1 0 5 3 1 25 76
1 0 5 2 18 9 8
1 0 5 2 7 20 115
1 0 5 1 24 4 58
1 0 5 1 13 15 5
1 0 5 1 2 26 126
1 0 5 0 19 10 197
1 0 5 0 8 21 24
1 0 4 26 4 0 178
1 0 4 24 5 1 2
1 0 4 23 0 7 65
1 0 4 22 6 2 47
1 0 4 21 1 8 69
1 0 4 20 7 3 62
1 0 4 19 2 9 59
1 0 4 18 8 4 134
1 0 4 17 3 10 43
1 0 4 16 9 5 47
1 0 4 15 15 0 35
1 0 4 15 4 11 27
1 0 4 14 10 6 60
1 0 4 13 16 1 128
1 0 4 13 5 12 42
1 0 4 12 11 7 174
1 0 4 12 0 18 43
1 0 4 11 17 2 28
1 0 4 11 6 13 121
1 0 4 10 12 8 41
1 0 4 10 1 19 188
1 0 4 9 18 3 52
1 0 4 9 7 14 65
1 0 4 8 13 9 110
1 0 4 8 2 20 114
1 0 4 7 19 4 122
1 0 4 7 8 15 95
1 0 4 6 14 10 54
1 0 4 6 3 21 63
1 0 4 5 20 5 81
1 0 4 5 9 16 51
1 0 4 4 26 0 146
1 0 4 4 15 11 52
1 0 4 4 4 22 156
1 0 4 3 21 6 102
1 0 4 3 10 17 6
1 0 4 2 27 1 195
1 0 4 2 16 12 55
1 0 4 2 5 23 164
1 0 4 1 22 7 116
1 0 4 1 11 18 62
1 0 4 1 0 29 101
1 0 4 0 28 2 18
1 0 4 0 17 13 100
1 0 4 0 6 24 190
1 0 3 30 0 1 155
1 0 3 28 1 2 74
1 0 3 26 2 3 3
1 0 3 24 3 4 127
1 0 3 22 4 5 162
1 0 3 21 10 0 96
1 0 3 20 5 6 25
1 0 3 19 11 1 86
1 0 3 19 0 12 124
1 0 3 18 6 7 128
1 0 3 17 12 2 184
1 0 3 17 1 13 143
1 0 3 16 7 8 177
1 0 3 15 13 3 183
1 0 3 15 2 14 55
1 0 3 14 8 9 103
1 0 3 13 14 4 121
1 0 3 13 3 15 147
1 0 3 12 9 10 33
1 0 3 11 15 5 67
1 0 3 11 4 16 151
1 0 3 10 21 0 50
1 0 3 10 10 11 177
1 0 3 9 16 6 102
1 0 3 9 5 17 115
1 0 3 8 22 1 107
1 0 3 8 11 12 107
1 0 3 8 0 23 16
1 0 3 7 17 7 172
1 0 3 7 6 18 74
1 0 3 6 23 2 192
1 0 3 6 12 13 165
1 0 3 6 1 24 190
1 0 3 5 18 8 66
1 0 3 5 7 19 43
1 0 3 4 24 3 59
1 0 3 4 13 14 49
1 0 3 4 2 25 13
1 0 3 3 19 9 132
1 0 3 3 8 20 103
1 0 3 2 25 4 29
1 0 3 2 14 15 105
1 0 3 2 3 26 172
1 0 3 1 20 10 141
1 0 3 1 9 21 101
1 0 3 0 26 5 132
1 0 3 0 15 16 89
1 0 3 0 4 27 17
1 0 2 27 5 0 168
1 0 2 26 0 6 1
1 0 2 25 6 1 82
1 0 2 24 1 7 188
1 0 2 23 7 2 13
1 0 2 22 2 8 6
1 0 2 21 8 3 178
1 0 2 20 3 9 53
1 0 2 19 9 4 73
1 0 2 18 4 10 42
1 0 2 17 10 5 100
1 0 2 16 16 0 152
1 0 2 16 5 11 38
1 0 2 15 11 6 52
1 0 2 15 0 17 193
1 0 2 14 17 1 25
1 0 2 14 6 12 30
1 0 2 13 12 7 88
1 0 2 13 1 18 158
1 0 2 12 18 2 151
1 0 2 12 7 13 189
1 0 2 11 13 8 111
1 0 2 11 2 19 122
1 0 2 10 19 3 90
1 0 2 10 8 14 55
1 0 2 9 14 9 18
1 0 2 9 3 20 167
1 0 2 8 20 4 124
1 0 2 8 9 15 57
1 0 2 7 15 10 58
1 0 2 7 4 21 39
1 0 2 6 21 5 132
1 0 2 6 10 16 156
1 0 2 5 27 0 184
1 0 2 5 16 11 17
1 0 2 5 5 22 109
1 0 2 4 22 6 165
1 0 2 4 11 17 114
1 0 2 4 0 28 43
1 0 2 3 28 1 62
1 0 2 3 17 12 51
1 0 2 3 6 23 112
1 0 2 2 23 7 7
1 0 2 2 12 18 46
1 0 2 2 1 29 9
1 0 2 1 29 2 42
1 0 2 1 18 13 43
1 0 2 1 7 24 170
1 0 2 0 24 8 195
1 0 2 0 13 19 15
1 0 2 0 2 30 187
1 0 1 33 0 0 160
1 0 1 31 1 1 126
1 0 1 29 2 2 103
1 0 1 27 3 3 69
1 0 1 25 4 4 13
1 0 1 23 5 5 186
1 0 1 22 11 0 198
1 0 1 22 0 11 141
1 0 1 21 6 6 111
1 0 1 20 12 1 45
1 0 1 20 1 12 105
1 0 1 19 7 7 100
1 0 1 18 13 2 191
1 0 1 18 2 13 96
1 0 1 17 8 8 80
1 0 1 16 14 3 53
1 0 1 16 3 14 37
1 0 1 15 9 9 162
1 0 1 14 15 4 37
1 0 1 14 4 15 146
1 0 1 13 10 10 22
1 0 1 12 16 5 144
1 0 1 12 5 16 174
1 0 1 11 22 0 40
1 0 1 11 11 11 78
1 0 1 11 0 22 16
1 0 1 10 17 6 31
1 0 1 10 6 17 56
1 0 1 9 23 1 93
1 0 1 9 12 12 28
1 0 1 9 1 23 169
1 0 1 8 18 7 133
1 0 1 8 7 18 166
1 0 1 7 24 2 154
1 0 1 7 13 13 129
1 0 1 7 2 24 58
1 0 1 6 19 8 94
1 0 1 6 8 19 178
1 0 1 5 25 3 54
1 0 1 5 14 14 87
1 0 1 5 3 25 108
1 0 1 4 20 9 76
1 0 1 4 9 20 57
1 0 1 3 26 4 62
1 0 1 3 15 15 75
1 0 1 3 4 26 142
1 0 1 2 21 10 131
1 0 1 2 10 21 94
1 0 1 1 27 5 2
1 0 1 1 16 16 94
1 0 1 1 5 27 78
1 0 1 0 33 0 181
1 0 1 0 22 11 43
1 0 1 0 0 33 113
1 0 0 29 0 5 59
1 0 0 28 6 0 119
1 0 0 27 1 6 198
1 0 0 26 7 1 77
1 0 0 25 2 7 104
1 0 0 24 8 2 139
1 0 0 23 3 8 59
1 0 0 22 9 3 40
1 0 0 21 4 9 172
1 0 0 20 10 4 69
1 0 0 19 5 10 43
1 0 0 18 11 5 148
1 0 0 18 0 16 31
1 0 0 17 17 0 100
1 0 0 17 6 11 42
1 0 0 16 12 6 50
1 0 0 16 1 17 32
1 0 0 15 18 1 165
1 0 0 15 7 12 34
1 0 0 14 13 7 90
1 0 0 14 2 18 47
1 0 0 13 19 2 169
1 0 0 13 8 13 83
1 0 0 12 14 8 55
1 0 0 12 3 19 113
1 0 0 11 20 3 129
1 0 0 11 9 14 87
1 0 0 10 15 9 183
1 0 0 10 4 20 64
1 0 0 9 21 4 46
1 0 0 9 10 15 137
1 0 0 8 16 10 108
1 0 0 8 5 21 164
1 0 0 7 22 5 73
1 0 0 7 11 16 121
1 0 0 7 0 27 46
1 0 0 6 28 0 55
1 0 0 6 17 11 182
1 0 0 6 6 22 104
1 0 0 5 23 6 172
1 0 0 5 12 17 162
1 0 0 5 1 28 128
1 0 0 4 29 1 61
1 0 0 4 18 12 136
1 0 0 4 7 23 190
1 0 0 3 24 7 80
1 0 0 3 13 18 194
1 0 0 3 2 29 136
1 0 0 2 30 2 195
1 0 0 2 19 13 90
1 0 0 2 8 24 76
1 0 0 1 25 8 18
1 0 0 1 14 19 160
1 0 0 1 3 30 36
1 0 0 0 20 14 38
1 0 0 0 9 25 146
2 33 0 1 0 0 113
2 31 1 2 0 0 126
2 31 1 0 1 1 93
2 30 1 0 3 0 26
2 30 0 2 0 2 187
2 30 0 0 1 3 36
2 29 4 0 0 1 141
2 29 2 3 0 0 18
2 29 2 1 1 1 58
2 29 0 4 1 0 101
2 29 0 2 2 1 9
2 29 0 0 3 2 136
2 28 4 0 2 0 116
2 28 3 0 0 3 152
2 28 2 1 3 0 151
2 28 1 3 0 2 44
2 28 1 1 1 3 152
2 28 0 2 4 0 43
2 28 0 0 5 1 128
2 27 5 1 0 1 97
2 27 3 2 1 1 7
2 27 3 0 2 2 76
2 27 2 0 0 5 64
2 27 1 5 1 0 80
2 27 1 3 2 1 13
2 27 1 1 3 2 63
2 27 0 3 0 4 17
2 27 0 1 1 5 78
2 27 0 0 7 0 46
2 26 7 0 1 0 143
2 26 5 1 2 0 125
2 26 4 1 0 3 52
2 26 3 2 3 0 51
2 26 3 0 4 1 195
2 26 2 4 0 2 183
2 26 2 2 1 3 126
2 26 2 0 2 4 46
2 26 1 3 4 0 190
2 26 1 1 5 1 7
2 26 1 0 0 7 110
2 26 0 7 0 1 41
2 26 0 5 1 2 126
2 26 0 3 2 3 172
2 26 0 1 3 4 142
2 25 6 2 0 1 63
2 25 6 0 1 2 146
2 25 4 5 0 0 175
2 25 4 3 1 1 104
2 25 4 1 2 2 133
2 25 3 1 0 5 36
2 25 3 0 6 0 51
2 25 2 6 1 0 145
2 25 2 4 2 1 46
2 25 2 2 3 2 1
2 25 2 0 4 3 29
2 25 1 4 0 4 148
2 25 1 2 1 5 84
2 25 1 1 7 0 49
2 25 1 0 2 6 130
2 25 0 7 2 0 69
2 25 0 5 3 1 76
2 25 0 3 4 2 13
2 25 0 1 5 3 108
2 25 0 0 0 9 146
2 24 10 0 0 0 73
2 24 8 1 1 0 11
2 24 6 2 2 0 127
2 24 6 0 3 1 63
2 24 5 2 0 3 14
2 24 5 0 1 4 114
2 24 4 3 3 0 148
2 24 4 1 4 1 13
2 24 3 5 0 2 133
2 24 3 3 1 3 23
2 24 3 1 2 4 159
2 24 2 4 4 0 122
2 24 2 2 5 1 193
2 24 2 1 0 7 70
2 24 2 0 6 2 6
2 24 1 8 0 1 47
2 24 1 6 1 2 107
2 24 1 4 2 3 189
2 24 1 2 3 4 181
2 24 1 0 4 5 115
2 24 0 5 5 0 98
2 24 0 4 0 6 190
2 24 0 3 6 1 190
2 24 0 2 1 7 170
2 24 0 1 7 2 58
2 24 0 0 2 8 76
2 23 9 0 0 2 157
2 23 7 3 0 1 13
2 23 7 1 1 2 60
2 23 6 0 5 0 19
2 23 5 6 0 0 72
2 23 5 4 1 1 34
2 23 5 2 2 2 63
2 23 5 0 3 3 94
2 23 4 2 0 5 124
2 23 4 1 6 0 79
2 23 4 0 1 6 124
2 23 3 7 1 0 173
2 23 3 5 2 1 67
2 23 3 3 3 2 105
2 23 3 1 4 3 42
2 23 2 5 0 4 18
2 23 2 3 1 5 81
2 23 2 2 7 0 73
2 23 2 1 2 6 46
2 23 2 0 8 1 5
2 23 1 8 2 0 109
2 23 1 6 3 1 74
2 23 1 4 4 2 10
2 23 1 2 5 3 21
2 23 1 1 0 9 139
2 23 1 0 6 4 80
2 23 0 8 0 3 177
2 23 0 6 1 4 89
2 23 0 4 2 5 164
2 23 0 3 8 0 16
2 23 0 2 3 6 112
2 23 0 1 9 1 169
2 23 0 0 4 7 190
2 22 11 1 0 0 123
2 22 9 2 1 0 109
2 22 9 0 2 1 152
2 22 8 0 0 4 129
2 22 7 3 2 0 90
2 22 7 1 3 1 127
2 22 6 3 0 3 42
2 22 6 1 1 4 145
2 22 5 4 3 0 102
2 22 5 2 4 1 172
2 22 5 0 5 2 31
2 22 4 6 0 2 174
2 22 4 4 1 3 50
2 22 4 2 2 4 179
2 22 4 0 3 5 176
2 22 3 5 4 0 152
2 22 3 3 5 1 198
2 22 3 2 0 7 113
2 22 3 1 6 2 12
2 22 3 0 1 8 128
2 22 2 9 0 1 6
2 22 2 7 1 2 163
2 22 2 5 2 3 83
2 22 2 3 3 4 49
2 22 2 1 4 5 178
2 22 2 0 10 0 31
2 22 1 6 5 0 97
2 22 1 5 0 6 139
2 22 1 4 6 1 64
2 22 1 3 1 7 33
2 22 1 2 7 2 184
2 22 1 1 2 8 20
2 22 1 0 8 3 84
2 22 0 10 1 1 33
2 22 0 8 2 2 60
2 22 0 6 3 3 153
2 22 0 4 4 4 156
2 22 0 2 5 5 109
2 22 0 1 11 0 16
2 22 0 0 6 6 104
2 21 10 1 0 2 121
2 21 9 0 4 0 133
2 21 8 4 0 1 171
2 21 8 2 1 2 8
2 21 8 0 2 3 165
2 21 7 1 5 0 171
2 21 7 0 0 6 120
2 21 6 7 0 0 133
2 21 6 5 1 1 146
2 21 6 3 2 2 80
2 21 6 1 3 3 41
2 21 5 3 0 5 100
2 21 5 2 6 0 136
2 21 5 1 1 6 107
2 21 5 0 7 1 169
2 21 4 8 1 0 120
2 21 4 6 2 1 166
2 21 4 4 3 2 158
2 21 4 2 4 3 44
2 21 4 0 5 4 54
2 21 3 6 0 4 142
2 21 3 4 1 5 40
2 21 3 3 7 0 13
2 21 3 2 2 6 13
2 21 3 1 8 1 8
2 21 3 0 3 7 75
2 21 2 9 2 0 73
2 21 2 7 3 1 41
2 21 2 5 4 2 171
2 21 2 3 5 3 61
2 21 2 2 0 9 25
2 21 2 1 6 4 126
2 21 2 0 1 10 85
2 21 1 9 0 3 137
2 21 1 7 1 4 172
2 21 1 5 2 5 14
2 21 1 4 8 0 60
2 21 1 3 3 6 197
2 21 1 2 9 1 196
2 21 1 1 4 7 106
2 21 1 0 10 2 140
2 21 0 10 3 0 47
2 21 0 8 4 1 14
2 21 0 6 5 2 25
2 21 0 5 0 8 24
2 21 0 4 6 3 63
2 21 0 3 1 9 101
2 21 0 2 7 4 39
2 21 0 1 2 10 94
2 21 0 0 8 5 164
2 20 12 2 0 0 99
2 20 12 0 1 1 175
2 20 10 3 1 0 103
2 20 10 1 2 1 99
2 20 9 1 0 4 176
2 20 8 4 2 0 154
2 20 8 2 3 1 119
2 20 8 0 4 2 33
2 20 7 4 0 3 170
2 20 7 2 1 4 82
2 20 7 0 2 5 192
2 20 6 5 3 0 91
2 20 6 3 4 1 13
2 20 6 1 5 2 91
2 20 6 0 0 8 118
2 20 5 7 0 2 154
2 20 5 5 1 3 57
2 20 5 3 2 4 1
2 20 5 1 3 5 73
2 20 5 0 9 0 162
2 20 4 6 4 0 159
2 20 4 4 5 1 150
2 20 4 3 0 7 189
2 20 4 2 6 2 160
2 20 4 1 1 8 43
2 20 4 0 7 3 184
2 20 3 10 0 1 155
2 20 3 8 1 2 13
2 20 3 6 2 3 70
2 20 3 4 3 4 9
2 20 3 2 4 5 195
2 20 3 1 10 0 59
2 20 3 0 5 6 25
2 20 2 7 5 0 181
2 20 2 6 0 6 130
2 20 2 5 6 1 81
2 20 2 4 1 7 42
2 20 2 3 7 2 150
2 20 2 2 2 8 9
2 20 2 1 8 3 11
2 20 2 0 3 9 45
2 20 1 13 0 0 141
2 20 1 11 1 1 47
2 20 1 9 2 2 165
2 20 1 7 3 3 137
2 20 1 5 4 4 42
2 20 1 3 5 5 62
2 20 1 2 11 0 101
2 20 1 2 0 11 83
2 20 1 1 6 6 14
2 20 1 0 12 1 21
2 20 1 0 1 12 180
2 20 0 9 0 5 3
2 20 0 8 6 0 182
2 20 0 7 1 6 100
2 20 0 6 7 1 17
2 20 0 5 2 7 115
2 20 0 4 8 2 114
2 20 0 3 3 8 103
2 20 0 2 9 3 167
2 20 0 1 4 9 57
2 20 0 0 10 4 64
2 19 12 0 3 0 178
2 19 11 2 0 2 142
2 19 11 0 1 3 72
2 19 10 1 4 0 41
2 19 9 5 0 1 3
2 19 9 3 1 2 142
2 19 9 1 2 3 86
2 19 8 2 5 0 98
2 19 8 1 0 6 81
2 19 8 0 6 1 2
2 19 7 8 0 0 157
2 19 7 6 1 1 105
2 19 7 4 2 2 183
2 19 7 2 3 3 10
2 19 7 0 4 4 126
2 19 6 4 0 5 175
2 19 6 3 6 0 24
2 19 6 1 7 1 136
2 19 6 0 2 7 90
2 19 5 9 1 0 6
2 19 5 7 2 1 182
2 19 5 5 3 2 174
2 19 5 3 4 3 172
2 19 5 1 5 4 28
2 19 5 0 0 10 73
2 19 4 7 0 4 180
2 19 4 5 1 5 100
2 19 4 4 7 0 142
2 19 4 3 2 6 195
2 19 4 2 8 1 134
2 19 4 1 3 7 13
2 19 4 0 9 2 56
2 19 3 10 2 0 24
2 19 3 8 3 1 12
2 19 3 6 4 2 105
2 19 3 4 5 3 141
2 19 3 3 0 9 184
2 19 3 2 6 4 188
2 19 3 1 1 10 48
2 19 3 0 7 5 180
2 19 2 10 0 3 82
2 19 2 8 1 4 155
2 19 2 6 2 5 81
2 19 2 5 8 0 181
2 19 2 4 3 6 2
2 19 2 3 9 1 26
2 19 2 2 4 7 170
2 19 2 1 10 2 140
2 19 2 0 5 8 46
2 19 1 11 3 0 165
2 19 1 9 4 1 186
2 19 1 7 5 2 32
2 19 1 6 0 8 8
2 19 1 5 6 3 1
2 19 1 4 1 9 28
2 19 1 3 7 4 122
2 19 1 2 2 10 38
2 19 1 1 8 5 123
2 19 1 0 14 0 32
2 19 1 0 3 11 54
2 19 0 13 0 2 19
2 19 0 11 1 3 178
2 19 0 9 2 4 124
2 19 0 7 3 5 52
2 19 0 6 9 0 67
2 19 0 5 4 6 167
2 19 0 4 10 1 188
2 19 0 3 5 7 43
2 19 0 2 11 2 122
2 19 0 2 0 13 15
2 19 0 1 6 8 178
2 19 0 0 12 3 113
2 19 0 0 1 14 160
2 18 15 0 0 1 43
2 18 13 3 0 0 116
2 18 13 1 1 1 102
2 18 11 4 1 0 182
2 18 11 2 2 1 177
2 18 11 0 3 2 164
2 18 10 2 0 4 49
2 18 10 0 1 5 173
2 18 9 5 2 0 62
2 18 9 3 3 1 189
2 18 9 1 4 2 87
2 18 8 5 0 3 175
2 18 8 3 1 4 7
2 18 8 1 2 5 122
2 18 8 0 8 0 69
2 18 7 6 3 0 116
2 18 7 4 4 1 111
2 18 7 2 5 2 116
2 18 7 1 0 8 127
2 18 7 0 6 3 197
2 18 6 8 0 2 76
2 18 6 6 1 3 97
2 18 6 4 2 4 198
2 18 6 2 3 5 3
2 18 6 1 9 0 52
2 18 6 0 4 6 167
2 18 5 7 4 0 93
2 18 5 5 5 1 73
2 18 5 4 0 7 123
2 18 5 3 6 2 116
2 18 5 2 1 8 144
2 18 5 1 7 3 191
2 18 5 0 2 9 19
2 18 4 11 0 1 137
2 18 4 9 1 2 59
2 18 4 7 2 3 82
2 18 4 5 3 4 153
2 18 4 3 4 5 5
2 18 4 2 10 0 52
2 18 4 1 5 6 107
2 18 4 0 11 1 17
2 18 4 0 0 12 46
2 18 3 8 5 0 142
2 18 3 7 0 6 81
2 18 3 6 6 1 24
2 18 3 5 1 7 136
2 18 3 4 7 2 7
2 18 3 3 2 8 126
2 18 3 2 8 3 74
2 18 3 1 3 9 68
2 18 3 0 9 4 191
2 18 2 14 0 0 71
2 18 2 12 1 1 73
2 18 2 10 2 2 11
2 18 2 8 3 3 11
2 18 2 6 4 4 13
2 18 2 4 5 5 30
2 18 2 3 11 0 54
2 18 2 3 0 11 54
2 18 2 2 6 6 174
2 18 2 1 12 1 47
2 18 2 1 1 12 165
2 18 2 0 7 7 84
2 18 1 10 0 5 47
2 18 1 9 6 0 190
2 18 1 8 1 6 144
2 18 1 7 7 1 21
2 18 1 6 2 7 99
2 18 1 5 8 2 130
2 18 1 4 3 8 129
2 18 1 3 9 3 48
2 18 1 2 4 9 132
2 18 1 1 10 4 161
2 18 1 0 5 10 48
2 18 0 15 1 0 114
2 18 0 13 2 1 20
2 18 0 11 3 2 181
2 18 0 9 4 3 175
2 18 0 7 5 4 4
2 18 0 6 0 10 179
2 18 0 5 6 5 100
2 18 0 4 12 0 43
2 18 0 4 1 11 62
2 18 0 3 7 6 74
2 18 0 2 13 1 158
2 18 0 2 2 12 46
2 18 0 1 8 7 166
2 18 0 0 14 2 47
2 18 0 0 3 13 194
2 17 15 0 2 0 191
2 17 14 0 0 3 198
2 17 13 1 3 0 170
2 17 12 3 0 2 175
2 17 12 1 1 3 180
2 17 11 2 4 0 195
2 17 11 0 5 1 140
2 17 10 6 0 1 184
2 17 10 4 1 2 108
2 17 10 2 2 3 180
2 17 10 0 3 4 46
2 17 9 3 5 0 144
2 17 9 2 0 6 39
2 17 9 1 6 1 91
2 17 9 0 1 7 165
2 17 8 9 0 0 12
2 17 8 7 1 1 144
2 17 8 5 2 2 160
2 17 8 3 3 3 60
2 17 8 1 4 4 177
2 17 7 5 0 5 131
2 17 7 4 6 0 182
2 17 7 3 1 6 92
2 17 7 2 7 1 171
2 17 7 1 2 7 149
2 17 7 0 8 2 168
2 17 6 10 1 0 114
2 17 6 8 2 1 177
2 17 6 6 3 2 98
2 17 6 4 4 3 198
2 17 6 2 5 4 75
2 17 6 1 0 10 130
2 17 6 0 6 5 188
2 17 5 8 0 4 7
2 17 5 6 1 5 168
2 17 5 5 7 0 67
2 17 5 4 2 6 29
2 17 5 3 8 1 115
2 17 5 2 3 7 198
2 17 5 1 9 2 144
2 17 5 0 4 8 107
2 17 4 9 3 1 84
2 17 4 7 4 2 134
2 17 4 5 5 3 119
2 17 4 4 0 9 50
2 17 4 3 6 4 117
2 17 4 2 1 10 162
2 17 4 1 7 5 10
2 17 4 0 13 0 32
2 17 4 0 2 11 138
2 17 3 11 0 3 27
2 17 3 9 1 4 87
2 17 3 7 2 5 150
2 17 3 6 8 0 87
2 17 3 5 3 6 141
2 17 3 4 9 1 115
2 17 3 3 4 7 62
2 17 3 2 10 2 52
2 17 3 1 5 8 137
2 17 3 0 11 3 29
2 17 3 0 0 14 133
2 17 2 12 3 0 99
2 17 2 10 4 1 182
2 17 2 8 5 2 39
2 17 2 7 0 8 62
2 17 2 6 6 3 186
2 17 2 5 1 9 180
2 17 2 4 7 4 50
2 17 2 3 2 10 155
2 17 2 2 8 5 10
2 17 2 1 14 0 13
2 17 2 1 3 11 65
2 17 2 0 9 6 155
2 17 1 14 0 2 42
2 17 1 12 1 3 184
2 17 1 10 2 4 113
2 17 1 8 3 5 192
2 17 1 7 9 0 148
2 17 1 6 4 6 28
2 17 1 5 10 1 129
2 17 1 4 5 7 74
2 17 1 3 11 2 116
2 17 1 3 0 13 193
2 17 1 2 6 8 115
2 17 1 1 12 3 118
2 17 1 1 1 14 25
2 17 1 0 7 9 110
2 17 0 13 4 0 41
2 17 0 11 5 1 175
2 17 0 10 0 7 38
2 17 0 9 6 2 155
2 17 0 8 1 8 7
2 17 0 7 7 3 13
2 17 0 6 2 9 39
2 17 0 5 8 4 83
2 17 0 4 3 10 6
2 17 0 3 9 5 115
2 17 0 2 15 0 193
2 17 0 2 4 11 114
2 17 0 1 10 6 56
2 17 0 0 16 1 32
2 17 0 0 5 12 162
2 16 16 1 0 1 161
2 16 14 4 0 0 14
2 16 14 2 1 1 64
2 16 14 0 2 2 171
2 16 13 0 0 5 180
2 16 12 5 1 0 38
2 16 12 3 2 1 33
2 16 12 1 3 2 146
2 16 11 3 0 4 77
2 16 11 1 1 5 71
2 16 11 0 7 0 117
2 16 10 6 2 0 27
2 16 10 4 3 1 17
2 16 10 2 4 2 37
2 16 10 0 5 3 64
2 16 9 6 0 3 181
2 16 9 4 1 4 134
2 16 9 2 2 5 30
2 16 9 1 8 0 131
2 16 9 0 3 6 187
2 16 8 7 3 0 90
2 16 8 5 4 1 64
2 16 8 3 5 2 9
2 16 8 2 0 8 7
2 16 8 1 6 3 59
2 16 8 0 1 9 133
2 16 7 9 0 2 178
2 16 7 7 1 3 59
2 16 7 5 2 4 169
2 16 7 3 3 5 110
2 16 7 2 9 0 53
2 16 7 1 4 6 107
2 16 7 0 10 1 11
2 16 6 8 4 0 73
2 16 6 6 5 1 77
2 16 6 5 0 7 107
2 16 6 4 6 2 42
2 16 6 3 1 8 114
2 16 6 2 7 3 99
2 16 6 1 2 9 176
2 16 6 0 8 4 75
2 16 5 12 0 1 76
2 16 5 10 1 2 134
2 16 5 8 2 3 182
2 16 5 6 3 4 56
2 16 5 4 4 5 107
2 16 5 3 10 0 25
2 16 5 2 5 6 51
2 16 5 1 11 1 167
2 16 5 1 0 12 111
2 16 5 0 6 7 79
2 16 4 9 5 0 182
2 16 4 8 0 6 115
2 16 4 7 6 1 53
2 16 4 6 1 7 18
2 16 4 5 7 2 180
2 16 4 4 2 8 73
2 16 4 3 8 3 39
2 16 4 2 3 9 182
2 16 4 1 9 4 84
2 16 4 0 4 10 21
2 16 3 15 0 0 115
2 16 3 13 1 1 162
2 16 3 11 2 2 57
2 16 3 9 3 3 101
2 16 3 7 4 4 22
2 16 3 5 5 5 125
2 16 3 4 11 0 88
2 16 3 4 0 11 106
2 16 3 3 6 6 19
2 16 3 2 12 1 182
2 16 3 2 1 12 50
2 16 3 1 7 7 95
2 16 3 0 13 2 152
2 16 3 0 2 13 135
2 16 2 11 0 5 178
2 16 2 10 6 0 42
2 16 2 9 1 6 101
2 16 2 8 7 1 186
2 16 2 7 2 7 129
2 16 2 6 8 2 49
2 16 2 5 3 8 177
2 16 2 4 9 3 103
2 16 2 3 4 9 94
2 16 2 2 10 4 116
2 16 2 1 5 10 163
2 16 2 0 11 5 57
2 16 2 0 0 16 180
2 16 1 16 1 0 115
2 16 1 14 2 1 147
2 16 1 12 3 2 188
2 16 1 10 4 3 144
2 16 1 8 5 4 172
2 16 1 7 0 10 10
2 16 1 6 6 5 151
2 16 1 5 12 0 144
2 16 1 5 1 11 191
2 16 1 4 7 6 48
2 16 1 3 13 1 7
2 16 1 3 2 12 160
2 16 1 2 8 7 51
2 16 1 1 14 2 119
2 16 1 1 3 13 40
2 16 1 0 9 8 11
2 16 0 14 0 4 97
2 16 0 12 1 5 93
2 16 0 11 7 0 93
2 16 0 10 2 6 41
2 16 0 9 8 1 17
2 16 0 8 3 7 187
2 16 0 7 9 2 89
2 16 0 6 4 8 95
2 16 0 5 10 3 125
2 16 0 4 5 9 51
2 16 0 3 11 4 151
2 16 0 3 0 15 89
2 16 0 2 6 10 156
2 16 0 1 12 5 174
2 16 0 1 1 16 94
2 16 0 0 18 0 31
2 16 0 0 7 11 121
2 15 18 0 1 0 148
2 15 16 1 2 0 174
2 15 15 1 0 3 72
2 15 14 2 3 0 124
2 15 14 0 4 1 139
2 15 13 4 0 2 130
2 15 13 2 1 3 94
2 15 13 0 2 4 46
2 15 12 3 4 0 69
2 15 12 1 5 1 138
2 15 12 0 0 7 177
2 15 11 7 0 1 183
2 15 11 5 1 2 98
2 15 11 3 2 3 183
2 15 11 1 3 4 85
2 15 10 4 5 0 70
2 15 10 3 0 6 58
2 15 10 2 6 1 88
2 15 10 1 1 7 91
2 15 10 0 7 2 57
2 15 9 10 0 0 190
2 15 9 8 1 1 150
2 15 9 6 2 2 87
2 15 9 4 3 3 192
2 15 9 2 4 4 37
2 15 9 0 5 5 177
2 15 8 6 0 5 118
2 15 8 5 6 0 149
2 15 8 4 1 6 109
2 15 8 3 7 1 181
2 15 8 2 2 7 30
2 15 8 1 8 2 82
2 15 8 0 3 8 45
2 15 7 11 1 0 148
2 15 7 9 2 1 162
2 15 7 7 3 2 95
2 15 7 5 4 3 80
2 15 7 3 5 4 181
2 15 7 2 0 10 95
2 15 7 1 6 5 6
2 15 7 0 12 0 92
2 15 7 0 1 11 19
2 15 6 9 0 4 109
2 15 6 7 1 5 65
2 15 6 6 7 0 116
2 15 6 5 2 6 6
2 15 6 4 8 1 100
2 15 6 3 3 7 83
2 15 6 2 9 2 114
2 15 6 1 4 8 28
2 15 6 0 10 3 29
2 15 5 12 2 0 57
2 15 5 10 3 1 22
2 15 5 8 4 2 18
2 15 5 6 5 3 79
2 15 5 5 0 9 97
2 15 5 4 6 4 4
2 15 5 3 1 10 106
2 15 5 2 7 5 19
2 15 5 1 13 0 2
2 15 5 1 2 11 36
2 15 5 0 8 6 174
2 15 4 12 0 3 180
2 15 4 10 1 4 147
2 15 4 8 2 5 180
2 15 4 7 8 0 70
2 15 4 6 3 6 167
2 15 4 5 9 1 44
2 15 4 4 4 7 46
2 15 4 3 10 2 105
2 15 4 2 5 8 102
2 15 4 1 11 3 172
2 15 4 1 0 14 158
2 15 4 0 6 9 156
2 15 3 13 3 0 115
2 15 3 11 4 1 47
2 15 3 9 5 2 134
2 15 3 8 0 8 18
2 15 3 7 6 3 24
2 15 3 6 1 9 94
2 15 3 5 7 4 32
2 15 3 4 2 10 66
2 15 3 3 8 5 189
2 15 3 2 14 0 97
2 15 3 2 3 11 63
2 15 3 1 9 6 18
2 15 3 0 15 1 96
2 15 3 0 4 12 67
2 15 2 15 0 2 13
2 15 2 13 1 3 87
2 15 2 11 2 4 173
2 15 2 9 3 5 95
2 15 2 8 9 0 95
2 15 2 7 4 6 81
2 15 2 6 10 1 187
2 15 2 5 5 7 153
2 15 2 4 11 2 136
2 15 2 4 0 13 6
2 15 2 3 6 8 166
2 15 2 2 12 3 170
2 15 2 2 1 14 54
2 15 2 1 7 9 75
2 15 2 0 13 4 93
2 15 2 0 2 15 167
2 15 1 14 4 0 48
2 15 1 12 5 1 53
2 15 1 11 0 7 170
2 15 1 10 6 2 41
2 15 1 9 1 8 124
2 15 1 8 7 3 169
2 15 1 7 2 9 76
2 15 1 6 8 4 117
2 15 1 5 3 10 152
2 15 1 4 9 5 97
2 15 1 3 15 0 133
2 15 1 3 4 11 162
2 15 1 2 10 6 67
2 15 1 1 16 1 31
2 15 1 1 5 12 85
2 15 1 0 11 7 80
2 15 1 0 0 18 59
2 15 0 18 0 1 186
2 15 0 16 1 2 145
2 15 0 14 2 3 73
2 15 0 12 3 4 165
2 15 0 10 4 5 184
2 15 0 9 10 0 147
2 15 0 8 5 6 93
2 15 0 7 11 1 158
2 15 0 7 0 12 84
2 15 0 6 6 7 86
2 15 0 5 12 2 176
2 15 0 5 1 13 5
2 15 0 4 7 8 95
2 15 0 3 13 3 147
2 15 0 3 2 14 105
2 15 0 2 8 9 57
2 15 0 1 14 4 146
2 15 0 1 3 15 75
2 15 0 0 9 10 137
2 14 17 2 0 1 32
2 14 17 0 1 2 175
2 14 15 5 0 0 137
2 14 15 3 1 1 8
2 14 15 1 2 2 185
2 14 14 1 0 5 189
2 14 14 0 6 0 20
2 14 13 6 1 0 26
2 14 13 4 2 1 128
2 14 13 2 3 2 144
2 14 13 0 4 3 101
2 14 12 4 0 4 120
2 14 12 2 1 5 173
2 14 12 1 7 0 123
2 14 12 0 2 6 68
2 14 11 7 2 0 151
2 14 11 5 3 1 184
2 14 11 3 4 2 110
2 14 11 1 5 3 106
2 14 11 0 0 9 151
2 14 10 7 0 3 43
2 14 10 5 1 4 98
2 14 10 3 2 5 16
2 14 10 2 8 0 176
2 14 10 1 3 6 92
2 14 10 0 9 1 45
2 14 9 8 3 0 169
2 14 9 6 4 1 132
2 14 9 4 5 2 13
2 14 9 3 0 8 31
2 14 9 2 6 3 112
2 14 9 1 1 9 1
2 14 9 0 7 4 164
2 14 8 10 0 2 119
2 14 8 8 1 3 73
2 14 8 6 2 4 71
2 14 8 4 3 5 106
2 14 8 3 9 0 44
2 14 8 2 4 6 43
2 14 8 1 10 1 82
2 14 8 0 5 7 135
2 14 7 9 4 0 6
2 14 7 7 5 1 97
2 14 7 6 0 7 32
2 14 7 5 6 2 176
2 14 7 4 1 8 106
2 14 7 3 7 3 184
2 14 7 2 2 9 173
2 14 7 1 8 4 187
2 14 7 0 3 10 134
2 14 6 13 0 1 155
2 14 6 11 1 2 97
2 14 6 9 2 3 50
2 14 6 7 3 4 191
2 14 6 5 4 5 79
2 14 6 4 10 0 97
2 14 6 3 5 6 68
2 14 6 2 11 1 135
2 14 6 2 0 12 153
2 14 6 1 6 7 145
2 14 6 0 12 2 155
2 14 6 0 1 13 60
2 14 5 10 5 0 161
2 14 5 9 0 6 6
2 14 5 8 6 1 44
2 14 5 7 1 7 88
2 14 5 6 7 2 194
2 14 5 5 2 8 9
2 14 5 4 8 3 25
2 14 5 3 3 9 81
2 14 5 2 9 4 7
2 14 5 1 4 10 117
2 14 5 0 10 5 21
2 14 4 16 0 0 9
2 14 4 14 1 1 189
2 14 4 12 2 2 85
2 14 4 10 3 3 37
2 14 4 8 4 4 29
2 14 4 6 5 5 30
2 14 4 5 11 0 141
2 14 4 5 0 11 75
2 14 4 4 6 6 73
2 14 4 3 12 1 144
2 14 4 3 1 12 184
2 14 4 2 7 7 56
2 14 4 1 13 2 71
2 14 4 1 2 13 38
2 14 4 0 8 8 29
2 14 3 12 0 5 191
2 14 3 11 6 0 184
2 14 3 10 1 6 138
2 14 3 9 7 1 38
2 14 3 8 2 7 32
2 14 3 7 8 2 166
2 14 3 5 9 3 67
2 14 3 4 4 9 125
2 14 3 3 10 4 99
2 14 3 2 5 10 73
2 14 3 1 11 5 36
2 14 3 1 0 16 176
2 14 3 0 17 0 35
2 14 3 0 6 11 172
2 14 2 17 1 0 174
2 14 2 15 2 1 163
2 14 2 13 3 2 102
2 14 2 11 4 3 67
2 14 2 9 5 4 12
2 14 2 8 0 10 1
2 14 2 7 6 5 25
2 14 2 6 12 0 2
2 14 2 6 1 11 11
2 14 2 5 7 6 167
2 14 2 4 13 1 96
2 14 2 4 2 12 11
2 14 2 3 8 7 84
2 14 2 2 14 2 11
2 14 2 2 3 13 149
2 14 2 1 9 8 31
2 14 2 0 15 3 62
2 14 2 0 4 14 64
2 14 1 15 0 4 179
2 14 1 13 1 5 37
2 14 1 12 7 0 149
2 14 1 11 2 6 98
2 14 1 10 8 1 144
2 14 1 9 3 7 130
2 14 1 8 9 2 107
2 14 1 7 4 8 62
2 14 1 6 10 3 26
2 14 1 5 5 9 86
2 14 1 4 11 4 171
2 14 1 4 0 15 185
2 14 1 3 6 10 103
2 14 1 2 12 5 168
2 14 1 2 1 16 20
2 14 1 1 18 0 127
2 14 1 1 7 11 191
2 14 1 0 13 6 142
2 14 1 0 2 17 62
2 14 0 18 2 0 85
2 14 0 16 3 1 113
2 14 0 14 4 2 81
2 14 0 12 5 3 13
2 14 0 11 0 9 144
2 14 0 10 6 4 146
2 14 0 9 1 10 46
2 14 0 8 7 5 170
2 14 0 7 13 0 176
2 14 0 7 2 11 48
2 14 0 6 8 6 6
2 14 0 5 14 1 106
2 14 0 5 3 12 152
2 14 0 4 9 7 65
2 14 0 3 15 2 55
2 14 0 3 4 13 49
2 14 0 2 10 8 55
2 14 0 1 16 3 37
2 14 0 1 5 14 87
2 14 0 0 11 9 87
2 14 0 0 0 20 38
2 13 21 0 0 0 142
2 13 19 1 1 0 77
2 13 17 2 2 0 115
2 13 17 0 3 1 176
2 13 16 2 0 3 45
2 13 16 0 1 4 4
2 13 15 1 4 1 42
2 13 14 5 0 2 74
2 13 14 3 1 3 159
2 13 14 1 2 4 107
2 13 13 4 4 0 98
2 13 13 2 5 1 140
2 13 13 1 0 7 110
2 13 13 0 6 2 63
2 13 12 8 0 1 103
2 13 12 6 1 2 125
2 13 12 4 2 3 19
2 13 12 2 3 4 32
2 13 12 0 4 5 55
2 13 11 5 5 0 48
2 13 11 4 0 6 188
2 13 11 3 6 1 155
2 13 11 2 1 7 16
2 13 11 1 7 2 115
2 13 11 0 2 8 143
2 13 10 11 0 0 188
2 13 10 9 1 1 44
2 13 10 7 2 2 188
2 13 10 5 3 3 125
2 13 10 3 4 4 124
2 13 10 1 5 5 89
2 13 10 0 11 0 70
2 13 10 0 0 11 34
2 13 9 7 0 5 155
2 13 9 6 6 0 117
2 13 9 5 1 6 83
2 13 9 4 7 1 141
2 13 9 3 2 7 19
2 13 9 2 8 2 135
2 13 9 1 3 8 99
2 13 9 0 9 3 187
2 13 8 12 1 0 167
2 13 8 10 2 1 28
2 13 8 8 3 2 163
2 13 8 6 4 3 186
2 13 8 4 5 4 16
2 13 8 3 0 10 104
2 13 8 2 6 5 55
2 13 8 1 12 0 143
2 13 8 1 1 11 50
2 13 8 0 7 6 52
2 13 7 10 0 4 3
2 13 7 8 1 5 76
2 13 7 7 7 0 87
2 13 7 6 2 6 166
2 13 7 5 8 1 75
2 13 7 4 3 7 40
2 13 7 3 9 2 83
2 13 7 2 4 8 193
2 13 7 1 10 3 62
2 13 7 0 5 9 155
2 13 6 13 2 0 138
2 13 6 11 3 1 76
2 13 6 9 4 2 1
2 13 6 7 5 3 45
2 13 6 6 0 9 100
2 13 6 5 6 4 13
2 13 6 4 1 10 22
2 13 6 3 7 5 65
2 13 6 2 13 0 182
2 13 6 2 2 11 78
2 13 6 1 8 6 31
2 13 6 0 14 1 16
2 13 6 0 3 12 82
2 13 5 13 0 3 54
2 13 5 11 1 4 52
2 13 5 9 2 5 151
2 13 5 8 8 0 163
2 13 5 7 3 6 187
2 13 5 6 9 1 129
2 13 5 5 4 7 144
2 13 5 4 10 2 171
2 13 5 3 5 8 59
2 13 5 2 11 3 53
2 13 5 2 0 14 84
2 13 5 1 6 9 107
2 13 5 0 12 4 157
2 13 5 0 1 15 61
2 13 4 14 3 0 144
2 13 4 12 4 1 92
2 13 4 10 5 2 104
2 13 4 9 0 8 84
2 13 4 8 6 3 66
2 13 4 7 1 9 108
2 13 4 6 7 4 14
2 13 4 5 2 10 157
2 13 4 4 8 5 69
2 13 4 3 14 0 82
2 13 4 3 3 11 197
2 13 4 2 9 6 154
2 13 4 1 15 1 50
2 13 4 1 4 12 162
2 13 4 0 10 7 74
2 13 3 16 0 2 100
2 13 3 14 1 3 116
2 13 3 12 2 4 11
2 13 3 10 3 5 45
2 13 3 9 9 0 11
2 13 3 8 4 6 183
2 13 3 7 10 1 158
2 13 3 6 5 7 118
2 13 3 5 11 2 27
2 13 3 5 0 13 26
2 13 3 4 6 8 134
2 13 3 3 12 3 30
2 13 3 3 1 14 44
2 13 3 2 7 9 178
2 13 3 1 13 4 17
2 13 3 1 2 15 185
2 13 3 0 8 10 118
2 13 2 15 4 0 72
2 13 2 13 5 1 3
2 13 2 12 0 7 149
2 13 2 11 6 2 106
2 13 2 10 1 8 45
2 13 2 9 7 3 141
2 13 2 8 2 9 51
2 13 2 7 8 4 123
2 13 2 6 3 10 31
2 13 2 5 9 5 6
2 13 2 4 15 0 125
2 13 2 4 4 11 93
2 13 2 3 10 6 73
2 13 2 2 16 1 43
2 13 2 2 5 12 195
2 13 2 1 11 7 130
2 13 2 1 0 18 121
2 13 2 0 17 2 192
2 13 2 0 6 13 102
2 13 1 19 0 1 37
2 13 1 17 1 2 111
2 13 1 15 2 3 14
2 13 1 13 3 4 22
2 13 1 11 4 5 107
2 13 1 10 10 0 177
2 13 1 9 5 6 67
2 13 1 8 11 1 101
2 13 1 8 0 12 17
2 13 1 7 6 7 61
2 13 1 6 12 2 172
2 13 1 6 1 13 137
2 13 1 5 7 8 187
2 13 1 4 13 3 110
2 13 1 4 2 14 77
2 13 1 3 8 9 90
2 13 1 2 14 4 170
2 13 1 2 3 15 168
2 13 1 1 9 10 30
2 13 1 0 15 5 99
2 13 1 0 4 16 127
2 13 0 16 5 0 64
2 13 0 15 0 6 71
2 13 0 14 6 1 95
2 13 0 13 1 7 80
2 13 0 12 7 2 19
2 13 0 11 2 8 13
2 13 0 10 8 3 51
2 13 0 9 3 9 141
2 13 0 8 9 4 42
2 13 0 7 4 10 75
2 13 0 6 10 5 158
2 13 0 5 16 0 171
2 13 0 5 5 11 25
2 13 0 4 11 6 121
2 13 0 4 0 17 100
2 13 0 3 17 1 143
2 13 0 3 6 12 165
2 13 0 2 12 7 189
2 13 0 2 1 18 43
2 13 0 1 18 2 96
2 13 0 1 7 13 129
2 13 0 0 13 8 83
2 13 0 0 2 19 90
2 12 20 0 0 2 41
2 12 18 3 0 1 40
2 12 18 1 1 2 127
2 12 17 0 5 0 33
2 12 16 6 0 0 78
2 12 16 4 1 1 131
2 12 16 2 2 2 187
2 12 16 0 3 3 178
2 12 15 2 0 5 158
2 12 15 1 6 0 56
2 12 15 0 1 6 5
2 12 14 7 1 0 103
2 12 14 5 2 1 141
2 12 14 3 3 2 148
2 12 14 1 4 3 6
2 12 13 5 0 4 193
2 12 13 3 1 5 78
2 12 13 2 7 0 50
2 12 13 1 2 6 79
2 12 13 0 8 1 5
2 12 12 8 2 0 81
2 12 12 6 3 1 54
2 12 12 4 4 2 95
2 12 12 2 5 3 90
2 12 12 1 0 9 82
2 12 12 0 6 4 72
2 12 11 8 0 3 191
2 12 11 6 1 4 122
2 12 11 4 2 5 88
2 12 11 3 8 0 42
2 12 11 2 3 6 136
2 12 11 1 9 1 42
2 12 11 0 4 7 181
2 12 10 9 3 0 198
2 12 10 7 4 1 67
2 12 10 5 5 2 41
2 12 10 4 0 8 20
2 12 10 3 6 3 55
2 12 10 2 1 9 21
2 12 10 1 7 4 127
2 12 10 0 2 10 26
2 12 9 11 0 2 189
2 12 9 9 1 3 140
2 12 9 7 2 4 106
2 12 9 5 3 5 132
2 12 9 4 9 0 62
2 12 9 3 4 6 112
2 12 9 2 10 1 35
2 12 9 1 5 7 104
2 12 9 0 11 2 5
2 12 9 0 0 13 1
2 12 8 10 4 0 34
2 12 8 8 5 1 151
2 12 8 7 0 7 183
2 12 8 6 6 2 108
2 12 8 5 1 8 57
2 12 8 4 7 3 85
2 12 8 3 2 9 41
2 12 8 2 8 4 155
2 12 8 1 3 10 28
2 12 8 0 9 5 35
2 12 7 14 0 1 134
2 12 7 12 1 2 175
2 12 7 10 2 3 159
2 12 7 8 3 4 85
2 12 7 6 4 5 35
2 12 7 5 10 0 22
2 12 7 4 5 6 68
2 12 7 3 11 1 162
2 12 7 3 0 12 101
2 12 7 2 6 7 171
2 12 7 1 12 2 20
2 12 7 1 1 13 30
2 12 7 0 7 8 11
2 12 6 11 5 0 108
2 12 6 10 0 6 63
2 12 6 9 6 1 53
2 12 6 8 1 7 64
2 12 6 7 7 2 87
2 12 6 6 2 8 44
2 12 6 5 8 3 73
2 12 6 4 3 9 119
2 12 6 3 9 4 82
2 12 6 2 4 10 142
2 12 6 1 10 5 2
2 12 6 0 16 0 63
2 12 6 0 5 11 61
2 12 5 17 0 0 84
2 12 5 15 1 1 10
2 12 5 13 2 2 173
2 12 5 11 3 3 164
2 12 5 9 4 4 38
2 12 5 7 5 5 36
2 12 5 6 11 0 35
2 12 5 6 0 11 31
2 12 5 5 6 6 48
2 12 5 4 12 1 150
2 12 5 4 1 12 63
2 12 5 2 13 2 18
2 12 5 2 2 13 147
2 12 5 1 8 8 122
2 12 5 0 14 3 31
2 12 5 0 3 14 152
2 12 4 13 0 5 195
2 12 4 12 6 0 168
2 12 4 11 1 6 69
2 12 4 10 7 1 111
2 12 4 8 8 2 25
2 12 4 7 3 8 102
2 12 4 6 9 3 90
2 12 4 5 4 9 162
2 12 4 4 10 4 33
2 12 4 3 5 10 10
2 12 4 2 11 5 151
2 12 4 2 0 16 129
2 12 4 1 17 0 37
2 12 4 1 6 11 84
2 12 4 0 12 6 75
2 12 4 0 1 17 190
2 12 3 18 1 0 177
2 12 3 16 2 1 13
2 12 3 14 3 2 33
2 12 3 12 4 3 38
2 12 3 10 5 4 122
2 12 3 9 0 10 18
2 12 3 8 6 5 89
2 12 3 7 12 0 179
2 12 3 7 1 11 132
2 12 3 6 7 6 143
2 12 3 5 13 1 144
2 12 3 5 2 12 132
2 12 3 4 8 7 122
2 12 3 3 14 2 12
2 12 3 3 3 13 103
2 12 3 2 9 8 153
2 12 3 1 15 3 22
2 12 3 1 4 14 45
2 12 3 0 10 9 88
2 12 2 16 0 4 178
2 12 2 14 1 5 177
2 12 2 13 7 0 68
2 12 2 12 2 6 85
2 12 2 11 8 1 58
2 12 2 10 3 7 82
2 12 2 9 9 2 5
2 12 2 8 4 8 49
2 12 2 7 10 3 149
2 12 2 6 5 9 60
2 12 2 5 11 4 20
2 12 2 5 0 15 87
2 12 2 4 6 10 17
2 12 2 3 12 5 17
2 12 2 3 1 16 32
2 12 2 2 7 11 191
2 12 2 1 13 6 25
2 12 2 1 2 17 149
2 12 2 0 19 1 84
2 12 2 0 8 12 105
2 12 1 19 2 0 134
2 12 1 17 3 1 78
2 12 1 15 4 2 31
2 12 1 13 5 3 20
2 12 1 12 0 9 72
2 12 1 11 6 4 88
2 12 1 10 1 10 73
2 12 1 9 7 5 186
2 12 1 8 13 0 28
2 12 1 8 2 11 161
2 12 1 7 8 6 27
2 12 1 6 14 1 12
2 12 1 6 3 12 6
2 12 1 5 9 7 67
2 12 1 4 15 2 120
2 12 1 4 4 13 97
2 12 1 3 10 8 130
2 12 1 2 16 3 43
2 12 1 2 5 14 192
2 12 1 1 11 9 139
2 12 1 1 0 20 12
2 12 1 0 17 4 83
2 12 1 0 6 15 83
2 12 0 19 0 3 142
2 12 0 17 1 4 142
2 12 0 15 2 5 84
2 12 0 14 8 0 114
2 12 0 13 3 6 76
2 12 0 12 9 1 102
2 12 0 11 4 7 54
2 12 0 10 10 2 156
2 12 0 8 11 3 195
2 12 0 8 0 14 163
2 12 0 7 6 9 53
2 12 0 6 12 4 44
2 12 0 6 1 15 24
2 12 0 5 7 10 54
2 12 0 4 13 5 42
2 12 0 4 2 16 55
2 12 0 3 19 0 124
2 12 0 3 8 11 107
2 12 0 2 14 6 30
2 12 0 2 3 17 51
2 12 0 1 20 1 105
2 12 0 1 9 12 28
2 12 0 0 15 7 34
2 12 0 0 4 18 136
2 11 22 1 0 0 70
2 11 20 2 1 0 93
2 11 20 0 2 1 80
2 11 19 0 0 4 35
2 11 18 3 2 0 24
2 11 18 1 3 1 157
2 11 17 3 0 3 33
2 11 17 1 1 4 168
2 11 16 4 3 0 6
2 11 16 2 4 1 188
2 11 16 0 5 2 128
2 11 15 6 0 2 63
2 11 15 4 1 3 1
2 11 15 2 2 4 10
2 11 15 0 3 5 144
2 11 14 5 4 0 30
2 11 14 3 5 1 87
2 11 14 2 0 7 169
2 11 14 1 6 2 89
2 11 14 0 1 8 118
2 11 13 9 0 1 132
2 11 13 7 1 2 105
2 11 13 5 2 3 43
2 11 13 3 3 4 22
2 11 13 1 4 5 98
2 11 13 0 10 0 125
2 11 12 6 5 0 41
2 11 12 5 0 6 142
2 11 12 4 6 1 133
2 11 12 3 1 7 54
2 11 12 2 7 2 23
2 11 12 1 2 8 161
2 11 12 0 8 3 138
2 11 11 12 0 0 98
2 11 11 10 1 1 154
2 11 11 8 2 2 161
2 11 11 6 3 3 114
2 11 11 4 4 4 44
2 11 11 2 5 5 182
2 11 11 1 11 0 107
2 11 11 1 0 11 48
2 11 11 0 6 6 4
2 11 10 8 0 5 19
2 11 10 7 6 0 142
2 11 10 6 1 6 69
2 11 10 5 7 1 154
2 11 10 3 8 2 114
2 11 10 2 3 8 21
2 11 10 1 9 3 144
2 11 10 0 4 9 175
2 11 9 13 1 0 135
2 11 9 11 2 1 112
2 11 9 9 3 2 189
2 11 9 7 4 3 26
2 11 9 5 5 4 113
2 11 9 4 0 10 125
2 11 9 3 6 5 165
2 11 9 2 12 0 7
2 11 9 2 1 11 138
2 11 9 1 7 6 134
2 11 9 0 13 1 145
2 11 9 0 2 12 83
2 11 8 11 0 4 6
2 11 8 9 1 5 138
2 11 8 8 7 0 190
2 11 8 7 2 6 152
2 11 8 6 8 1 15
2 11 8 5 3 7 96
2 11 8 4 9 2 21
2 11 8 3 4 8 160
2 11 8 2 10 3 58
2 11 8 1 5 9 195
2 11 8 0 11 4 106
2 11 8 0 0 15 164
2 11 7 14 2 0 18
2 11 7 12 3 1 42
2 11 7 10 4 2 172
2 11 7 8 5 3 133
2 11 7 7 0 9 165
2 11 7 6 6 4 184
2 11 7 5 1 10 172
2 11 7 4 7 5 68
2 11 7 3 13 0 198
2 11 7 3 2 11 136
2 11 7 2 8 6 63
2 11 7 1 14 1 178
2 11 7 1 3 12 196
2 11 7 0 9 7 143
2 11 6 14 0 3 38
2 11 6 12 1 4 109
2 11 6 10 2 5 56
2 11 6 9 8 0 42
2 11 6 8 3 6 80
2 11 6 7 9 1 171
2 11 6 6 4 7 24
2 11 6 5 10 2 23
2 11 6 4 5 8 17
2 11 6 3 11 3 176
2 11 6 3 0 14 160
2 11 6 2 6 9 195
2 11 6 1 12 4 88
2 11 6 1 1 15 30
2 11 6 0 7 10 21
2 11 5 15 3 0 29
2 11 5 13 4 1 183
2 11 5 11 5 2 120
2 11 5 10 0 8 169
2 11 5 9 6 3 195
2 11 5 8 1 9 142
2 11 5 7 7 4 181
2 11 5 6 2 10 56
2 11 5 5 8 5 158
2 11 5 4 14 0 92
2 11 5 4 3 11 115
2 11 5 3 9 6 19
2 11 5 2 15 1 91
2 11 5 2 4 12 188
2 11 5 1 10 7 115
2 11 5 0 16 2 124
2 11 5 0 5 13 106
2 11 4 17 0 2 146
2 11 4 15 1 3 71
2 11 4 13 2 4 48
2 11 4 11 3 5 105
2 11 4 10 9 0 143
2 11 4 9 4 6 187
2 11 4 8 10 1 41
2 11 4 7 5 7 121
2 11 4 6 11 2 55
2 11 4 6 0 13 175
2 11 4 5 6 8 15
2 11 4 4 12 3 179
2 11 4 4 1 14 143
2 11 4 3 7 9 4
2 11 4 2 13 4 92
2 11 4 2 2 15 30
2 11 4 1 8 10 70
2 11 4 0 14 5 77
2 11 4 0 3 16 76
2 11 3 16 4 0 152
2 11 3 14 5 1 66
2 11 3 13 0 7 171
2 11 3 12 6 2 144
2 11 3 11 1 8 38
2 11 3 10 7 3 157
2 11 3 9 2 9 74
2 11 3 8 8 4 27
2 11 3 7 3 10 198
2 11 3 6 9 5 36
2 11 3 5 15 0 97
2 11 3 5 4 11 164
2 11 3 4 10 6 171
2 11 3 3 16 1 144
2 11 3 3 5 12 20
2 11 3 2 11 7 124
2 11 3 2 0 18 26
2 11 3 1 17 2 76
2 11 3 1 6 13 45
2 11 3 0 12 8 127
2 11 3 0 1 19 70
2 11 2 20 0 1 122
2 11 2 18 1 2 128
2 11 2 16 2 3 66
2 11 2 14 3 4 37
2 11 2 12 4 5 196
2 11 2 11 10 0 88
2 11 2 10 5 6 166
2 11 2 9 11 1 186
2 11 2 9 0 12 18
2 11 2 8 6 7 122
2 11 2 7 12 2 124
2 11 2 7 1 13 49
2 11 2 6 7 8 99
2 11 2 5 13 3 58
2 11 2 5 2 14 168
2 11 2 4 8 9 71
2 11 2 3 14 4 56
2 11 2 3 3 15 17
2 11 2 2 9 10 105
2 11 2 1 15 5 126
2 11 2 1 4 16 198
2 11 2 0 21 0 162
2 11 2 0 10 11 41
2 11 1 17 5 0 73
2 11 1 16 0 6 183
2 11 1 15 6 1 162
2 11 1 14 1 7 150
2 11 1 13 7 2 172
2 11 1 12 2 8 52
2 11 1 11 8 3 37
2 11 1 10 3 9 129
2 11 1 9 9 4 45
2 11 1 8 4 10 193
2 11 1 7 10 5 91
2 11 1 6 16 0 63
2 11 1 6 5 11 46
2 11 1 5 11 6 98
2 11 1 5 0 17 93
2 11 1 4 17 1 33
2 11 1 4 6 12 21
2 11 1 3 12 7 84
2 11 1 3 1 18 166
2 11 1 2 18 2 78
2 11 1 2 7 13 150
2 11 1 1 13 8 67
2 11 1 1 2 19 95
2 11 1 0 19 3 81
2 11 1 0 8 14 123
2 11 0 23 0 0 113
2 11 0 21 1 1 96
2 11 0 19 2 2 140
2 11 0 17 3 3 12
2 11 0 15 4 4 96
2 11 0 13 5 5 125
2 11 0 12 11 0 120
2 11 0 12 0 11 138
2 11 0 11 6 6 114
2 11 0 10 12 1 171
2 11 0 10 1 12 145
2 11 0 9 7 7 108
2 11 0 8 13 2 60
2 11 0 8 2 13 135
2 11 0 7 8 8 33
2 11 0 6 14 3 89
2 11 0 6 3 14 167
2 11 0 5 9 9 11
2 11 0 4 15 4 27
2 11 0 4 4 15 52
2 11 0 3 10 10 177
2 11 0 2 16 5 38
2 11 0 2 5 16 17
2 11 0 1 22 0 141
2 11 0 1 11 11 78
2 11 0 1 0 22 43
2 11 0 0 17 6 42
2 11 0 0 6 17 182
2 10 21 1 0 2 177
2 10 20 0 4 0 171
2 10 19 4 0 1 91
2 10 19 2 1 2 67
2 10 19 0 2 3 47
2 10 18 1 5 0 8
2 10 18 0 0 6 1
2 10 17 7 0 0 45
2 10 17 5 1 1 33
2 10 17 3 2 2 18
2 10 17 1 3 3 146
2 10 16 3 0 5 125
2 10 16 2 6 0 56
2 10 16 1 1 6 56
2 10 16 0 7 1 156
2 10 15 8 1 0 142
2 10 15 6 2 1 13
2 10 15 4 3 2 120
2 10 15 2 4 3 20
2 10 15 0 5 4 5
2 10 14 6 0 4 85
2 10 14 4 1 5 134
2 10 14 3 7 0 42
2 10 14 2 2 6 172
2 10 14 1 8 1 129
2 10 14 0 3 7 4
2 10 13 9 2 0 76
2 10 13 7 3 1 183
2 10 13 5 4 2 171
2 10 13 3 5 3 92
2 10 13 2 0 9 86
2 10 13 1 6 4 193
2 10 13 0 1 10 43
2 10 12 9 0 3 190
2 10 12 7 1 4 52
2 10 12 5 2 5 161
2 10 12 4 8 0 106
2 10 12 3 3 6 143
2 10 12 2 9 1 154
2 10 12 1 4 7 69
2 10 12 0 10 2 133
2 10 11 10 3 0 90
2 10 11 8 4 1 49
2 10 11 6 5 2 128
2 10 11 5 0 8 169
2 10 11 4 6 3 193
2 10 11 3 1 9 198
2 10 11 2 7 4 87
2 10 11 1 2 10 38
2 10 11 0 8 5 87
2 10 10 12 0 2 163
2 10 10 10 1 3 162
2 10 10 8 2 4 73
2 10 10 6 3 5 139
2 10 10 5 9 0 147
2 10 10 4 4 6 151
2 10 10 3 10 1 59
2 10 10 2 5 7 175
2 10 10 1 11 2 20
2 10 10 1 0 13 188
2 10 10 0 6 8 103
2 10 9 11 4 0 129
2 10 9 9 5 1 174
2 10 9 8 0 7 133
2 10 9 7 6 2 19
2 10 9 6 1 8 140
2 10 9 5 7 3 66
2 10 9 4 2 9 133
2 10 9 3 8 4 82
2 10 9 2 3 10 94
2 10 9 1 9 5 161
2 10 9 0 15 0 8
2 10 9 0 4 11 128
2 10 8 15 0 1 62
2 10 8 13 1 2 187
2 10 8 11 2 3 82
2 10 8 9 3 4 147
2 10 8 7 4 5 81
2 10 8 6 10 0 77
2 10 8 5 5 6 116
2 10 8 4 11 1 64
2 10 8 4 0 12 5
2 10 8 3 6 7 2
2 10 8 2 12 2 9
2 10 8 2 1 13 35
2 10 8 1 7 8 188
2 10 8 0 13 3 186
2 10 8 0 2 14 163
2 10 7 12 5 0 167
2 10 7 11 0 6 188
2 10 7 10 6 1 111
2 10 7 9 1 7 143
2 10 7 8 7 2 82
2 10 7 7 2 8 169
2 10 7 6 8 3 56
2 10 7 5 3 9 26
2 10 7 4 9 4 108
2 10 7 3 4 10 71
2 10 7 2 10 5 5
2 10 7 1 16 0 135
2 10 7 1 5 11 83
2 10 7 0 11 6 187
2 10 7 0 0 17 28
2 10 6 18 0 0 124
2 10 6 16 1 1 65
2 10 6 14 2 2 93
2 10 6 12 3 3 154
2 10 6 10 4 4 184
2 10 6 8 5 5 164
2 10 6 7 11 0 7
2 10 6 7 0 11 191
2 10 6 6 6 6 168
2 10 6 5 12 1 188
2 10 6 5 1 12 178
2 10 6 4 7 7 161
2 10 6 3 13 2 27
2 10 6 3 2 13 144
2 10 6 2 8 8 47
2 10 6 1 14 3 77
2 10 6 1 3 14 184
2 10 6 0 9 9 182
2 10 5 14 0 5 109
2 10 5 13 6 0 150
2 10 5 12 1 6 163
2 10 5 11 7 1 24
2 10 5 10 2 7 194
2 10 5 9 8 2 180
2 10 5 8 3 8 133
2 10 5 7 9 3 109
2 10 5 6 4 9 97
2 10 5 5 10 4 110
2 10 5 4 5 10 49
2 10 5 3 11 5 52
2 10 5 3 0 16 91
2 10 5 2 17 0 134
2 10 5 2 6 11 192
2 10 5 1 12 6 6
2 10 5 1 1 17 99
2 10 5 0 18 1 151
2 10 5 0 7 12 69
2 10 4 19 1 0 148
2 10 4 17 2 1 174
2 10 4 15 3 2 46
2 10 4 13 4 3 47
2 10 4 11 5 4 35
2 10 4 10 0 10 134
2 10 4 9 6 5 173
2 10 4 8 12 0 67
2 10 4 8 1 11 136
2 10 4 7 7 6 66
2 10 4 6 13 1 170
2 10 4 6 2 12 143
2 10 4 5 8 7 102
2 10 4 4 14 2 159
2 10 4 4 3 13 27
2 10 4 3 9 8 69
2 10 4 2 15 3 24
2 10 4 2 4 14 14
2 10 4 1 10 9 72
2 10 4 0 16 4 87
2 10 4 0 5 15 157
2 10 3 17 0 4 144
2 10 3 15 1 5 165
2 10 3 14 7 0 185
2 10 3 13 2 6 146
2 10 3 12 8 1 92
2 10 3 11 3 7 31
2 10 3 10 9 2 25
2 10 3 9 4 8 26
2 10 3 8 10 3 195
2 10 3 7 5 9 25
2 10 3 6 11 4 91
2 10 3 6 0 15 163
2 10 3 5 6 10 27
2 10 3 4 12 5 145
2 10 3 4 1 16 149
2 10 3 3 18 0 25
2 10 3 3 7 11 20
2 10 3 2 13 6 41
2 10 3 2 2 17 84
2 10 3 1 19 1 16
2 10 3 1 8 12 75
2 10 3 0 14 7 139
2 10 3 0 3 18 128
2 10 2 20 2 0 149
2 10 2 18 3 1 156
2 10 2 16 4 2 116
2 10 2 14 5 3 38
2 10 2 13 0 9 142
2 10 2 12 6 4 198
2 10 2 11 1 10 30
2 10 2 10 7 5 89
2 10 2 9 13 0 96
2 10 2 9 2 11 147
2 10 2 8 8 6 191
2 10 2 7 14 1 80
2 10 2 7 3 12 26
2 10 2 6 9 7 60
2 10 2 5 15 2 133
2 10 2 5 4 13 116
2 10 2 4 10 8 127
2 10 2 3 16 3 182
2 10 2 3 5 14 18
2 10 2 2 11 9 81
2 10 2 2 0 20 120
2 10 2 1 17 4 106
2 10 2 1 6 15 198
2 10 2 0 12 10 70
2 10 2 0 1 21 105
2 10 1 20 0 3 55
2 10 1 18 1 4 88
2 10 1 16 2 5 187
2 10 1 15 8 0 31
2 10 1 14 3 6 161
2 10 1 13 9 1 140
2 10 1 12 4 7 185
2 10 1 11 10 2 128
2 10 1 10 5 8 149
2 10 1 9 11 3 172
2 10 1 9 0 14 184
2 10 1 8 6 9 145
2 10 1 7 12 4 129
2 10 1 7 1 15 87
2 10 1 6 7 10 17
2 10 1 5 13 5 10
2 10 1 5 2 16 106
2 10 1 4 19 0 71
2 10 1 4 8 11 191
2 10 1 3 14 6 189
2 10 1 3 3 17 180
2 10 1 2 20 1 178
2 10 1 2 9 12 84
2 10 1 1 15 7 124
2 10 1 1 4 18 41
2 10 1 0 21 2 16
2 10 1 0 10 13 91
2 10 0 21 3 0 151
2 10 0 19 4 1 111
2 10 0 17 5 2 68
2 10 0 16 0 8 25
2 10 0 15 6 3 101
2 10 0 14 1 9 85
2 10 0 13 7 4 162
2 10 0 12 2 10 43
2 10 0 11 8 5 58
2 10 0 10 14 0 13
2 10 0 10 3 11 15
2 10 0 9 9 6 94
2 10 0 8 15 1 154
2 10 0 8 4 12 192
2 10 0 7 10 7 66
2 10 0 6 16 2 113
2 10 0 6 5 13 56
2 10 0 5 11 8 38
2 10 0 5 0 19 197
2 10 0 4 17 3 43
2 10 0 4 6 14 54
2 10 0 3 12 9 33
2 10 0 3 1 20 141
2 10 0 2 18 4 42
2 10 0 2 7 15 58
2 10 0 1 13 10 22
2 10 0 1 2 21 131
2 10 0 0 19 5 43
2 10 0 0 8 16 108
2 9 23 2 0 0 8
2 9 23 0 1 1 167
2 9 21 3 1 0 91
2 9 21 1 2 1 11
2 9 20 1 0 4 45
2 9 19 4 2 0 147
2 9 19 2 3 1 60
2 9 19 0 4 2 108
2 9 18 4 0 3 102
2 9 18 2 1 4 172
2 9 18 0 2 5 134
2 9 17 5 3 0 25
2 9 17 3 4 1 10
2 9 17 1 5 2 126
2 9 17 0 0 8 45
2 9 16 7 0 2 84
2 9 16 5 1 3 22
2 9 16 3 2 4 33
2 9 16 1 3 5 55
2 9 16 0 9 0 198
2 9 15 6 4 0 43
2 9 15 4 5 1 99
2 9 15 3 0 7 84
2 9 15 2 6 2 58
2 9 15 1 1 8 143
2 9 15 0 7 3 72
2 9 14 10 0 1 113
2 9 14 8 1 2 47
2 9 14 6 2 3 190
2 9 14 4 3 4 190
2 9 14 2 4 5 78
2 9 14 1 10 0 180
2 9 14 0 5 6 31
2 9 13 7 5 0 16
2 9 13 6 0 6 121
2 9 13 5 6 1 32
2 9 13 4 1 7 105
2 9 13 3 7 2 37
2 9 13 2 2 8 27
2 9 13 1 8 3 3
2 9 13 0 3 9 159
2 9 12 13 0 0 147
2 9 12 11 1 1 55
2 9 12 9 2 2 45
2 9 12 7 3 3 114
2 9 12 5 4 4 186
2 9 12 3 5 5 143
2 9 12 2 11 0 51
2 9 12 2 0 11 195
2 9 12 1 6 6 154
2 9 12 0 12 1 156
2 9 12 0 1 12 62
2 9 11 9 0 5 171
2 9 11 8 6 0 66
2 9 11 7 1 6 191
2 9 11 6 7 1 64
2 9 11 5 2 7 163
2 9 11 4 8 2 55
2 9 11 3 3 8 90
2 9 11 2 9 3 68
2 9 11 1 4 9 74
2 9 11 0 10 4 128
2 9 10 14 1 0 58
2 9 10 12 2 1 5
2 9 10 10 3 2 36
2 9 10 8 4 3 186
2 9 10 6 5 4 163
2 9 10 5 0 10 37
2 9 10 4 6 5 159
2 9 10 3 12 0 181
2 9 10 3 1 11 25
2 9 10 2 7 6 143
2 9 10 1 13 1 133
2 9 10 1 2 12 176
2 9 10 0 8 7 161
2 9 9 12 0 4 15
2 9 9 10 1 5 34
2 9 9 9 7 0 61
2 9 9 8 2 6 192
2 9 9 7 8 1 75
2 9 9 6 3 7 185
2 9 9 5 9 2 155
2 9 9 4 4 8 28
2 9 9 3 10 3 143
2 9 9 2 5 9 26
2 9 9 1 11 4 49
2 9 9 1 0 15 146
2 9 9 0 6 10 180
2 9 8 15 2 0 187
2 9 8 13 3 1 56
2 9 8 11 4 2 158
2 9 8 9 5 3 145
2 9 8 8 0 9 9
2 9 8 7 6 4 87
2 9 8 6 1 10 62
2 9 8 5 7 5 82
2 9 8 4 13 0 189
2 9 8 4 2 11 145
2 9 8 3 8 6 33
2 9 8 2 14 1 114
2 9 8 2 3 12 173
2 9 8 1 9 7 195
2 9 8 0 15 2 188
2 9 8 0 4 13 112
2 9 7 15 0 3 58
2 9 7 13 1 4 186
2 9 7 11 2 5 79
2 9 7 10 8 0 60
2 9 7 9 3 6 146
2 9 7 8 9 1 170
2 9 7 7 4 7 138
2 9 7 6 10 2 45
2 9 7 5 5 8 144
2 9 7 4 11 3 63
2 9 7 4 0 14 130
2 9 7 3 6 9 69
2 9 7 2 12 4 91
2 9 7 2 1 15 71
2 9 7 1 7 10 105
2 9 7 0 13 5 101
2 9 7 0 2 16 120
2 9 6 16 3 0 11
2 9 6 14 4 1 85
2 9 6 12 5 2 6
2 9 6 11 0 8 63
2 9 6 10 6 3 86
2 9 6 9 1 9 46
2 9 6 8 7 4 101
2 9 6 7 2 10 107
2 9 6 6 8 5 198
2 9 6 5 14 0 187
2 9 6 5 3 11 127
2 9 6 4 9 6 183
2 9 6 3 15 1 4
2 9 6 3 4 12 170
2 9 6 2 10 7 169
2 9 6 1 16 2 109
2 9 6 1 5 13 30
2 9 6 0 11 8 77
2 9 6 0 0 19 34
2 9 5 18 0 2 12
2 9 5 16 1 3 145
2 9 5 14 2 4 196
2 9 5 12 3 5 43
2 9 5 11 9 0 52
2 9 5 10 4 6 19
2 9 5 9 10 1 191
2 9 5 8 5 7 132
2 9 5 7 11 2 187
2 9 5 7 0 13 194
2 9 5 6 6 8 18
2 9 5 5 12 3 169
2 9 5 5 1 14 70
2 9 5 4 7 9 27
2 9 5 3 13 4 117
2 9 5 3 2 15 192
2 9 5 2 8 10 30
2 9 5 1 14 5 26
2 9 5 1 3 16 167
2 9 5 0 20 0 52
2 9 5 0 9 11 54
2 9 4 17 4 0 101
2 9 4 15 5 1 61
2 9 4 14 0 7 79
2 9 4 13 6 2 188
2 9 4 12 1 8 12
2 9 4 11 7 3 66
2 9 4 10 2 9 170
2 9 4 9 8 4 175
2 9 4 8 3 10 154
2 9 4 7 9 5 127
2 9 4 6 15 0 12
2 9 4 6 4 11 126
2 9 4 5 10 6 144
2 9 4 4 16 1 143
2 9 4 4 5 12 51
2 9 4 3 11 7 169
2 9 4 3 0 18 153
2 9 4 2 17 2 13
2 9 4 2 6 13 137
2 9 4 1 12 8 126
2 9 4 1 1 19 176
2 9 4 0 18 3 185
2 9 4 0 7 14 167
2 9 3 21 0 1 21
2 9 3 19 1 2 120
2 9 3 17 2 3 161
2 9 3 15 3 4 44
2 9 3 13 4 5 127
2 9 3 12 10 0 177
2 9 3 11 5 6 193
2 9 3 10 11 1 184
2 9 3 10 0 12 122
2 9 3 9 6 7 175
2 9 3 8 12 2 127
2 9 3 8 1 13 134
2 9 3 7 7 8 172
2 9 3 6 13 3 168
2 9 3 6 2 14 65
2 9 3 5 8 9 50
2 9 3 4 14 4 41
2 9 3 4 3 15 69
2 9 3 3 9 10 38
2 9 3 2 15 5 44
2 9 3 2 4 16 33
2 9 3 1 21 0 113
2 9 3 1 10 11 171
2 9 3 0 16 6 34
2 9 3 0 5 17 99
2 9 2 18 5 0 45
2 9 2 17 0 6 197
2 9 2 16 6 1 161
2 9 2 15 1 7 135
2 9 2 14 7 2 123
2 9 2 13 2 8 62
2 9 2 12 8 3 66
2 9 2 11 3 9 22
2 9 2 10 9 4 133
2 9 2 9 4 10 63
2 9 2 8 10 5 132
2 9 2 7 16 0 105
2 9 2 7 5 11 81
2 9 2 6 11 6 173
2 9 2 5 17 1 129
2 9 2 5 6 12 132
2 9 2 4 12 7 74
2 9 2 4 1 18 179
2 9 2 3 18 2 3
2 9 2 3 7 13 173
2 9 2 2 13 8 144
2 9 2 2 2 19 84
2 9 2 1 19 3 186
2 9 2 1 8 14 132
2 9 2 0 14 9 86
2 9 2 0 3 20 40
2 9 1 24 0 0 41
2 9 1 22 1 1 82
2 9 1 20 2 2 169
2 9 1 18 3 3 149
2 9 1 16 4 4 37
2 9 1 14 5 5 39
2 9 1 13 11 0 121
2 9 1 13 0 11 194
2 9 1 12 6 6 146
2 9 1 11 12 1 186
2 9 1 11 1 12 70
2 9 1 10 7 7 30
2 9 1 9 13 2 106
2 9 1 9 2 13 25
2 9 1 8 8 8 27
2 9 1 7 14 3 125
2 9 1 7 3 14 173
2 9 1 6 9 9 49
2 9 1 5 15 4 107
2 9 1 5 4 15 179
2 9 1 4 10 10 88
2 9 1 3 16 5 161
2 9 1 3 5 16 9
2 9 1 2 22 0 194
2 9 1 2 11 11 16
2 9 1 2 0 22 25
2 9 1 1 17 6 77
2 9 1 1 6 17 196
2 9 1 0 23 1 63
2 9 1 0 12 12 26
2 9 1 0 1 23 141
2 9 0 20 0 5 166
2 9 0 19 6 0 61
2 9 0 18 1 6 15
2 9 0 17 7 1 45
2 9 0 16 2 7 16
2 9 0 15 8 2 82
2 9 0 14 3 8 66
2 9 0 13 9 3 160
2 9 0 12 4 9 77
2 9 0 11 10 4 196
2 9 0 10 5 10 180
2 9 0 9 11 5 159
2 9 0 9 0 16 143
2 9 0 8 17 0 113
2 9 0 8 6 11 104
2 9 0 7 12 6 86
2 9 0 7 1 17 175
2 9 0 6 18 1 86
2 9 0 6 7 12 8
2 9 0 5 13 7 51
2 9 0 5 2 18 8
2 9 0 4 19 2 59
2 9 0 4 8 13 110
2 9 0 3 14 8 103
2 9 0 3 3 19 132
2 9 0 2 20 3 53
2 9 0 2 9 14 18
2 9 0 1 15 9 162
2 9 0 1 4 20 76
2 9 0 0 21 4 172
2 9 0 0 10 15 183
2 8 23 0 3 0 47
2 8 22 2 0 2 36
2 8 22 0 1 3 184
2 8 21 1 4 0 80
2 8 20 5 0 1 183
2 8 20 3 1 2 142
2 8 20 1 2 3 82
2 8 19 2 5 0 13
2 8 19 1 0 6 168
2 8 19 0 6 1 195
2 8 18 8 0 0 1
2 8 18 6 1 1 67
2 8 18 4 2 2 7
2 8 18 2 3 3 58
2 8 18 0 4 4 104
2 8 17 4 0 5 12
2 8 17 3 6 0 186
2 8 17 2 1 6 186
2 8 17 1 7 1 32
2 8 17 0 2 7 101
2 8 16 9 1 0 59
2 8 16 7 2 1 17
2 8 16 5 3 2 97
2 8 16 3 4 3 16
2 8 16 1 5 4 110
2 8 16 0 0 10 142
2 8 15 7 0 4 39
2 8 15 5 1 5 32
2 8 15 4 7 0 12
2 8 15 3 2 6 69
2 8 15 2 8 1 31
2 8 15 1 3 7 139
2 8 15 0 9 2 180
2 8 14 10 2 0 110
2 8 14 8 3 1 128
2 8 14 6 4 2 115
2 8 14 4 5 3 44
2 8 14 3 0 9 148
2 8 14 2 6 4 19
2 8 14 1 1 10 64
2 8 14 0 7 5 111
2 8 13 10 0 3 61
2 8 13 8 1 4 149
2 8 13 6 2 5 64
2 8 13 5 8 0 110
2 8 13 4 3 6 90
2 8 13 3 9 1 56
2 8 13 2 4 7 121
2 8 13 1 10 2 79
2 8 13 0 5 8 19
2 8 12 11 3 0 1
2 8 12 9 4 1 178
2 8 12 7 5 2 2
2 8 12 6 0 8 106
2 8 12 5 6 3 194
2 8 12 4 1 9 31
2 8 12 3 7 4 196
2 8 12 2 2 10 104
2 8 12 1 8 5 158
2 8 12 0 14 0 194
2 8 12 0 3 11 37
2 8 11 13 0 2 40
2 8 11 11 1 3 120
2 8 11 9 2 4 51
2 8 11 7 3 5 66
2 8 11 6 9 0 70
2 8 11 5 4 6 170
2 8 11 4 10 1 48
2 8 11 3 5 7 181
2 8 11 2 11 2 124
2 8 11 2 0 13 36
2 8 11 1 6 8 22
2 8 11 0 12 3 131
2 8 11 0 1 14 169
2 8 10 12 4 0 39
2 8 10 10 5 1 155
2 8 10 9 0 7 27
2 8 10 8 6 2 33
2 8 10 7 1 8 21
2 8 10 6 7 3 168
2 8 10 5 2 9 157
2 8 10 4 8 4 110
2 8 10 3 3 10 36
2 8 10 2 9 5 168
2 8 10 1 15 0 47
2 8 10 1 4 11 175
2 8 10 0 10 6 53
2 8 9 16 0 1 1
2 8 9 14 1 2 149
2 8 9 12 2 3 63
2 8 9 10 3 4 49
2 8 9 8 4 5 81
2 8 9 7 10 0 113
2 8 9 6 5 6 56
2 8 9 5 11 1 32
2 8 9 5 0 12 144
2 8 9 4 6 7 2
2 8 9 3 12 2 80
2 8 9 3 1 13 179
2 8 9 2 7 8 161
2 8 9 1 13 3 78
2 8 9 1 2 14 128
2 8 9 0 8 9 39
2 8 8 13 5 0 159
2 8 8 12 0 6 44
2 8 8 11 6 1 154
2 8 8 10 1 7 41
2 8 8 9 7 2 157
2 8 8 8 2 8 64
2 8 8 7 8 3 96
2 8 8 6 3 9 78
2 8 8 5 9 4 26
2 8 8 4 4 10 57
2 8 8 3 10 5 13
2 8 8 2 16 0 8
2 8 8 2 5 11 192
2 8 8 1 11 6 83
2 8 8 1 0 17 189
2 8 8 0 17 1 11
2 8 8 0 6 12 25
2 8 7 19 0 0 175
2 8 7 17 1 1 57
2 8 7 15 2 2 125
2 8 7 13 3 3 114
2 8 7 11 4 4 85
2 8 7 9 5 5 94
2 8 7 8 11 0 27
2 8 7 8 0 11 11
2 8 7 7 6 6 162
2 8 7 6 12 1 190
2 8 7 6 1 12 130
2 8 7 5 7 7 180
2 8 7 4 13 2 62
2 8 7 4 2 13 193
2 8 7 3 8 8 185
2 8 7 2 14 3 110
2 8 7 2 3 14 29
2 8 7 1 9 9 197
2 8 7 0 15 4 122
2 8 7 0 4 15 170
2 8 6 15 0 5 96
2 8 6 14 6 0 57
2 8 6 13 1 6 98
2 8 6 12 7 1 179
2 8 6 11 2 7 154
2 8 6 10 8 2 47
2 8 6 9 3 8 149
2 8 6 8 9 3 147
2 8 6 7 4 9 34
2 8 6 6 10 4 36
2 8 6 5 5 10 151
2 8 6 4 11 5 150
2 8 6 4 0 16 13
2 8 6 3 17 0 114
2 8 6 3 6 11 141
2 8 6 2 12 6 60
2 8 6 2 1 17 182
2 8 6 1 18 1 102
2 8 6 1 7 12 120
2 8 6 0 13 7 88
2 8 6 0 2 18 159
2 8 5 20 1 0 168
2 8 5 18 2 1 62
2 8 5 16 3 2 78
2 8 5 14 4 3 70
2 8 5 12 5 4 65
2 8 5 11 0 10 177
2 8 5 10 6 5 12
2 8 5 9 12 0 69
2 8 5 9 1 11 79
2 8 5 8 7 6 126
2 8 5 7 13 1 121
2 8 5 7 2 12 166
2 8 5 6 8 7 74
2 8 5 5 14 2 12
2 8 5 5 3 13 157
2 8 5 4 9 8 159
2 8 5 3 15 3 13
2 8 5 3 4 14 60
2 8 5 2 10 9 135
2 8 5 1 16 4 138
2 8 5 1 5 15 75
2 8 5 0 11 10 158
2 8 5 0 0 21 57
2 8 4 18 0 4 166
2 8 4 16 1 5 80
2 8 4 15 7 0 81
2 8 4 14 2 6 103
2 8 4 13 8 1 113
2 8 4 12 3 7 165
2 8 4 11 9 2 113
2 8 4 10 4 8 135
2 8 4 9 10 3 172
2 8 4 8 5 9 160
2 8 4 7 11 4 192
2 8 4 7 0 15 147
2 8 4 6 6 10 23
2 8 4 5 12 5 119
2 8 4 5 1 16 181
2 8 4 4 18 0 10
2 8 4 4 7 11 18
2 8 4 3 13 6 180
2 8 4 3 2 17 170
2 8 4 2 19 1 160
2 8 4 2 8 12 57
2 8 4 1 14 7 84
2 8 4 1 3 18 42
2 8 4 0 20 2 168
2 8 4 0 9 13 144
2 8 3 21 2 0 165
2 8 3 19 3 1 74
2 8 3 17 4 2 99
2 8 3 15 5 3 132
2 8 3 14 0 9 174
2 8 3 13 6 4 173
2 8 3 12 1 10 34
2 8 3 11 7 5 6
2 8 3 10 13 0 135
2 8 3 10 2 11 122
2 8 3 9 8 6 29
2 8 3 8 14 1 176
2 8 3 8 3 12 175
2 8 3 7 9 7 22
2 8 3 6 15 2 18
2 8 3 6 4 13 102
2 8 3 5 10 8 175
2 8 3 4 16 3 101
2 8 3 4 5 14 108
2 8 3 3 0 20 122
2 8 3 2 17 4 182
2 8 3 2 6 15 111
2 8 3 1 12 10 70
2 8 3 1 1 21 157
2 8 3 0 18 5 122
2 8 3 0 7 16 61
2 8 2 21 0 3 73
2 8 2 19 1 4 115
2 8 2 17 2 5 38
2 8 2 16 8 0 153
2 8 2 15 3 6 2
2 8 2 14 9 1 1
2 8 2 13 4 7 167
2 8 2 12 10 2 98
2 8 2 11 5 8 2
2 8 2 10 0 14 68
2 8 2 9 6 9 110
2 8 2 8 12 4 193
2 8 2 8 1 15 194
2 8 2 7 7 10 48
2 8 2 6 13 5 8
2 8 2 6 2 16 20
2 8 2 5 19 0 176
2 8 2 5 8 11 48
2 8 2 4 14 6 49
2 8 2 4 3 17 152
2 8 2 3 20 1 176
2 8 2 3 9 12 196
2 8 2 2 15 7 80
2 8 2 2 4 18 135
2 8 2 1 21 2 34
2 8 2 1 10 13 1
2 8 2 0 16 8 121
2 8 2 0 5 19 45
2 8 1 22 3 0 164
2 8 1 20 4 1 163
2 8 1 18 5 2 196
2 8 1 17 0 8 35
2 8 1 16 6 3 132
2 8 1 15 1 9 85
2 8 1 14 7 4 34
2 8 1 13 2 10 96
2 8 1 12 8 5 142
2 8 1 11 14 0 93
2 8 1 11 3 11 122
2 8 1 10 9 6 54
2 8 1 9 15 1 172
2 8 1 9 4 12 167
2 8 1 8 10 7 84
2 8 1 7 16 2 15
2 8 1 7 5 13 196
2 8 1 6 11 8 181
2 8 1 6 0 19 123
2 8 1 5 17 3 48
2 8 1 5 6 14 163
2 8 1 4 12 9 111
2 8 1 4 1 20 63
2 8 1 3 18 4 42
2 8 1 3 7 15 152
2 8 1 2 13 10 101
2 8 1 2 2 21 80
2 8 1 1 19 5 63
2 8 1 1 8 16 159
2 8 1 0 25 0 86
2 8 1 0 14 11 174
2 8 1 0 3 22 47
2 8 0 24 0 2 7
2 8 0 22 1 3 33
2 8 0 20 2 4 158
2 8 0 18 3 5 115
2 8 0 17 9 0 96
2 8 0 16 4 6 104
2 8 0 15 10 1 169
2 8 0 14 5 7 177
2 8 0 13 11 2 133
2 8 0 13 0 13 7
2 8 0 12 6 8 47
2 8 0 11 12 3 170
2 8 0 11 1 14 9
2 8 0 10 7 9 197
2 8 0 9 13 4 32
2 8 0 9 2 15 184
2 8 0 8 8 10 65
2 8 0 7 14 5 105
2 8 0 7 3 16 69
2 8 0 6 20 0 73
2 8 0 6 9 11 130
2 8 0 5 15 6 100
2 8 0 5 4 17 133
2 8 0 4 21 1 69
2 8 0 4 10 12 41
2 8 0 3 16 7 177
2 8 0 3 5 18 66
2 8 0 2 22 2 6
2 8 0 2 11 13 111
2 8 0 2 0 24 195
2 8 0 1 17 8 80
2 8 0 1 6 19 94
2 8 0 0 23 3 59
2 8 0 0 12 14 55
2 8 0 0 1 25 18
2 7 26 0 0 1 31
2 7 24 3 0 0 52
2 7 24 1 1 1 48
2 7 22 4 1 0 88
2 7 22 2 2 1 40
2 7 22 0 3 2 23
2 7 21 2 0 4 26
2 7 21 0 1 5 94
2 7 20 5 2 0 64
2 7 20 3 3 1 191
2 7 20 1 4 2 59
2 7 19 5 0 3 141
2 7 19 3 1 4 29
2 7 19 1 2 5 65
2 7 19 0 8 0 90
2 7 18 6 3 0 130
2 7 18 4 4 1 167
2 7 18 2 5 2 14
2 7 18 1 0 8 180
2 7 18 0 6 3 133
2 7 17 8 0 2 34
2 7 17 6 1 3 129
2 7 17 4 2 4 20
2 7 17 2 3 5 33
2 7 17 1 9 0 39
2 7 17 0 4 6 48
2 7 16 7 4 0 7
2 7 16 5 5 1 161
2 7 16 4 0 7 67
2 7 16 3 6 2 128
2 7 16 2 1 8 43
2 7 16 1 7 3 164
2 7 16 0 2 9 195
2 7 15 11 0 1 5
2 7 15 9 1 2 160
2 7 15 7 2 3 152
2 7 15 5 3 4 98
2 7 15 3 4 5 99
2 7 15 2 10 0 84
2 7 15 1 5 6 152
2 7 15 0 11 1 62
2 7 14 8 5 0 22
2 7 14 6 6 1 53
2 7 14 5 1 7 10
2 7 14 4 7 2 89
2 7 14 3 2 8 166
2 7 14 2 8 3 191
2 7 14 1 3 9 144
2 7 14 0 9 4 37
2 7 13 14 0 0 189
2 7 13 12 1 1 41
2 7 13 10 2 2 97
2 7 13 8 3 3 196
2 7 13 6 4 4 52
2 7 13 4 5 5 62
2 7 13 3 11 0 160
2 7 13 3 0 11 174
2 7 13 2 6 6 134
2 7 13 1 12 1 150
2 7 13 1 1 12 66
2 7 13 0 7 7 92
2 7 12 10 0 5 162
2 7 12 9 6 0 147
2 7 12 8 1 6 102
2 7 12 7 7 1 134
2 7 12 6 2 7 51
2 7 12 5 8 2 20
2 7 12 4 3 8 163
2 7 12 3 9 3 129
2 7 12 2 4 9 40
2 7 12 1 10 4 66
2 7 12 0 5 10 165
2 7 11 15 1 0 20
2 7 11 13 2 1 153
2 7 11 11 3 2 9
2 7 11 9 4 3 167
2 7 11 7 5 4 20
2 7 11 6 0 10 197
2 7 11 5 6 5 70
2 7 11 4 12 0 69
2 7 11 4 1 11 70
2 7 11 3 7 6 130
2 7 11 2 13 1 4
2 7 11 2 2 12 50
2 7 11 1 8 7 87
2 7 11 0 14 2 92
2 7 11 0 3 13 34
2 7 10 13 0 4 42
2 7 10 11 1 5 89
2 7 10 10 7 0 7
2 7 10 9 2 6 116
2 7 10 8 8 1 105
2 7 10 7 3 7 182
2 7 10 6 9 2 85
2 7 10 5 4 8 86
2 7 10 4 10 3 149
2 7 10 3 5 9 194
2 7 10 2 11 4 27
2 7 10 2 0 15 41
2 7 10 1 6 10 142
2 7 10 0 12 5 43
2 7 10 0 1 16 86
2 7 9 16 2 0 51
2 7 9 14 3 1 133
2 7 9 12 4 2 37
2 7 9 10 5 3 78
2 7 9 9 0 9 183
2 7 9 8 6 4 171
2 7 9 7 1 10 128
2 7 9 6 7 5 133
2 7 9 5 13 0 99
2 7 9 5 2 11 163
2 7 9 4 8 6 172
2 7 9 3 14 1 145
2 7 9 3 3 12 134
2 7 9 2 9 7 157
2 7 9 1 15 2 57
2 7 9 1 4 13 128
2 7 9 0 10 8 76
2 7 8 16 0 3 177
2 7 8 14 1 4 99
2 7 8 12 2 5 187
2 7 8 11 8 0 78
2 7 8 10 3 6 91
2 7 8 9 9 1 58
2 7 8 8 4 7 163
2 7 8 7 10 2 15
2 7 8 6 5 8 27
2 7 8 5 11 3 36
2 7 8 5 0 14 126
2 7 8 4 6 9 49
2 7 8 3 12 4 37
2 7 8 3 1 15 143
2 7 8 2 7 10 142
2 7 8 1 13 5 74
2 7 8 1 2 16 157
2 7 8 0 19 0 37
2 7 8 0 8 11 145
2 7 7 17 3 0 137
2 7 7 15 4 1 27
2 7 7 13 5 2 152
2 7 7 12 0 8 151
2 7 7 11 6 3 82
2 7 7 10 1 9 109
2 7 7 9 7 4 141
2 7 7 8 2 10 123
2 7 7 7 8 5 34
2 7 7 6 14 0 98
2 7 7 6 3 11 137
2 7 7 5 9 6 112
2 7 7 4 15 1 164
2 7 7 4 4 12 134
2 7 7 3 10 7 72
2 7 7 2 16 2 81
2 7 7 2 5 13 184
2 7 7 1 11 8 174
2 7 7 1 0 19 152
2 7 7 0 17 3 135
2 7 7 0 6 14 23
2 7 6 19 0 2 2
2 7 6 17 1 3 186
2 7 6 15 2 4 96
2 7 6 13 3 5 189
2 7 6 12 9 0 170
2 7 6 11 4 6 100
2 7 6 10 10 1 169
2 7 6 9 5 7 175
2 7 6 8 11 2 11
2 7 6 8 0 13 106
2 7 6 7 6 8 133
2 7 6 6 12 3 63
2 7 6 6 1 14 39
2 7 6 5 7 9 178
2 7 6 4 13 4 146
2 7 6 4 2 15 140
2 7 6 3 8 10 34
2 7 6 2 14 5 5
2 7 6 2 3 16 180
2 7 6 1 20 0 86
2 7 6 1 9 11 65
2 7 6 0 15 6 95
2 7 6 0 4 17 190
2 7 5 18 4 0 125
2 7 5 16 5 1 188
2 7 5 15 0 7 148
2 7 5 14 6 2 7
2 7 5 13 1 8 196
2 7 5 12 7 3 87
2 7 5 11 2 9 140
2 7 5 10 8 4 38
2 7 5 9 3 10 18
2 7 5 8 9 5 70
2 7 5 7 15 0 30
2 7 5 7 4 11 125
2 7 5 6 10 6 84
2 7 5 5 16 1 67
2 7 5 5 5 12 55
2 7 5 4 11 7 48
2 7 5 4 0 18 14
2 7 5 3 17 2 48
2 7 5 3 6 13 156
2 7 5 2 12 8 32
2 7 5 2 1 19 12
2 7 5 1 18 3 64
2 7 5 1 7 14 2
2 7 5 0 13 9 180
2 7 5 0 2 20 4
2 7 4 22 0 1 133
2 7 4 20 1 2 96
2 7 4 18 2 3 163
2 7 4 16 3 4 98
2 7 4 14 4 5 92
2 7 4 13 10 0 186
2 7 4 12 5 6 50
2 7 4 11 11 1 30
2 7 4 11 0 12 125
2 7 4 10 6 7 58
2 7 4 9 12 2 71
2 7 4 9 1 13 186
2 7 4 8 7 8 186
2 7 4 7 13 3 25
2 7 4 7 2 14 59
2 7 4 6 8 9 16
2 7 4 5 14 4 103
2 7 4 5 3 15 75
2 7 4 4 9 10 107
2 7 4 3 15 5 76
2 7 4 3 4 16 98
2 7 4 2 21 0 67
2 7 4 2 10 11 90
2 7 4 1 16 6 48
2 7 4 1 5 17 158
2 7 4 0 11 12 162
2 7 4 0 0 23 195
2 7 3 19 5 0 48
2 7 3 18 0 6 121
2 7 3 17 6 1 46
2 7 3 16 1 7 77
2 7 3 15 7 2 183
2 7 3 14 2 8 80
2 7 3 13 8 3 8
2 7 3 12 3 9 182
2 7 3 11 9 4 71
2 7 3 10 4 10 77
2 7 3 9 10 5 170
2 7 3 8 16 0 72
2 7 3 8 5 11 93
2 7 3 7 11 6 146
2 7 3 7 0 17 109
2 7 3 6 17 1 41
2 7 3 6 6 12 31
2 7 3 5 12 7 42
2 7 3 5 1 18 135
2 7 3 4 18 2 37
2 7 3 4 7 13 12
2 7 3 3 13 8 143
2 7 3 3 2 19 190
2 7 3 2 19 3 10
2 7 3 2 8 14 194
2 7 3 1 14 9 154
2 7 3 1 3 20 138
2 7 3 0 20 4 186
2 7 3 0 9 15 167
2 7 2 25 0 0 34
2 7 2 23 1 1 169
2 7 2 21 2 2 88
2 7 2 19 3 3 125
2 7 2 17 4 4 86
2 7 2 15 5 5 22
2 7 2 14 11 0 198
2 7 2 14 0 11 26
2 7 2 13 6 6 60
2 7 2 12 12 1 36
2 7 2 12 1 12 186
2 7 2 11 7 7 106
2 7 2 10 13 2 128
2 7 2 10 2 13 131
2 7 2 9 8 8 131
2 7 2 8 14 3 151
2 7 2 8 3 14 49
2 7 2 7 9 9 14
2 7 2 6 15 4 153
2 7 2 6 4 15 141
2 7 2 5 10 10 194
2 7 2 4 16 5 49
2 7 2 4 5 16 121
2 7 2 3 22 0 195
2 7 2 3 11 11 166
2 7 2 3 0 22 52
2 7 2 2 17 6 68
2 7 2 2 6 17 132
2 7 2 1 23 1 163
2 7 2 1 12 12 30
2 7 2 1 1 23 45
2 7 2 0 18 7 191
2 7 2 0 7 18 19
2 7 1 21 0 5 106
2 7 1 20 6 0 105
2 7 1 19 1 6 136
2 7 1 18 7 1 66
2 7 1 17 2 7 179
2 7 1 16 8 2 187
2 7 1 15 3 8 47
2 7 1 14 9 3 184
2 7 1 13 4 9 7
2 7 1 12 10 4 60
2 7 1 11 5 10 93
2 7 1 10 11 5 16
2 7 1 10 0 16 102
2 7 1 9 17 0 134
2 7 1 9 6 11 178
2 7 1 8 12 6 33
2 7 1 8 1 17 82
2 7 1 7 18 1 72
2 7 1 7 7 12 157
2 7 1 6 13 7 41
2 7 1 6 2 18 30
2 7 1 5 19 2 89
2 7 1 5 8 13 61
2 7 1 4 14 8 56
2 7 1 4 3 19 65
2 7 1 3 20 3 171
2 7 1 3 9 14 109
2 7 1 2 15 9 32
2 7 1 2 4 20 192
2 7 1 1 21 4 177
2 7 1 1 10 15 64
2 7 1 0 16 10 56
2 7 1 0 5 21 89
2 7 0 26 1 0 156
2 7 0 24 2 1 101
2 7 0 22 3 2 165
2 7 0 20 4 3 50
2 7 0 18 5 4 132
2 7 0 17 0 10 47
2 7 0 16 6 5 83
2 7 0 15 12 0 161
2 7 0 15 1 11 176
2 7 0 14 7 6 106
2 7 0 13 13 1 74
2 7 0 13 2 12 104
2 7 0 12 8 7 9
2 7 0 11 14 2 152
2 7 0 11 3 13 183
2 7 0 10 9 8 137
2 7 0 9 15 3 118
2 7 0 9 4 14 13
2 7 0 8 10 9 197
2 7 0 7 16 4 58
2 7 0 7 5 15 29
2 7 0 6 11 10 55
2 7 0 6 0 21 142
2 7 0 5 17 5 170
2 7 0 5 6 16 158
2 7 0 4 23 0 65
2 7 0 4 12 11 174
2 7 0 4 1 22 116
2 7 0 3 18 6 128
2 7 0 3 7 17 172
2 7 0 2 24 1 188
2 7 0 2 13 12 88
2 7 0 2 2 23 7
2 7 0 1 19 7 100
2 7 0 1 8 18 133
2 7 0 0 25 2 104
2 7 0 0 14 13 90
2 7 0 0 3 24 80
2 6 26 0 2 0 141
2 6 25 0 0 3 177
2 6 24 1 3 0 106
2 6 23 3 0 2 139
2 6 23 1 1 3 174
2 6 22 2 4 0 32
2 6 22 0 5 1 134
2 6 21 6 0 1 10
2 6 21 4 1 2 99
2 6 21 2 2 3 198
2 6 21 0 3 4 139
2 6 20 3 5 0 94
2 6 20 2 0 6 79
2 6 20 1 6 1 124
2 6 20 0 1 7 178
2 6 19 9 0 0 150
2 6 19 7 1 1 105
2 6 19 5 2 2 7
2 6 19 3 3 3 35
2 6 19 1 4 4 194
2 6 18 5 0 5 63
2 6 18 4 6 0 9
2 6 18 3 1 6 14
2 6 18 2 7 1 6
2 6 18 1 2 7 81
2 6 18 0 8 2 145
2 6 17 10 1 0 22
2 6 17 8 2 1 6
2 6 17 6 3 2 125
2 6 17 4 4 3 30
2 6 17 2 5 4 176
2 6 17 1 0 10 121
2 6 17 0 6 5 18
2 6 16 8 0 4 171
2 6 16 6 1 5 130
2 6 16 5 7 0 113
2 6 16 4 2 6 142
2 6 16 3 8 1 75
2 6 16 2 3 7 69
2 6 16 1 9 2 119
2 6 16 0 4 8 197
2 6 15 11 2 0 76
2 6 15 9 3 1 9
2 6 15 7 4 2 10
2 6 15 5 5 3 66
2 6 15 4 0 9 105
2 6 15 3 6 4 78
2 6 15 2 1 10 63
2 6 15 1 7 5 44
2 6 15 0 13 0 127
2 6 15 0 2 11 183
2 6 14 11 0 3 2
2 6 14 9 1 4 44
2 6 14 7 2 5 116
2 6 14 6 8 0 52
2 6 14 5 3 6 44
2 6 14 4 9 1 124
2 6 14 3 4 7 44
2 6 14 2 10 2 145
2 6 14 1 5 8 146
2 6 14 0 11 3 50
2 6 14 0 0 14 69
2 6 13 12 3 0 192
2 6 13 10 4 1 134
2 6 13 8 5 2 59
2 6 13 7 0 8 17
2 6 13 6 6 3 6
2 6 13 5 1 9 64
2 6 13 4 7 4 71
2 6 13 3 2 10 71
2 6 13 2 8 5 83
2 6 13 1 14 0 54
2 6 13 1 3 11 73
2 6 13 0 9 6 7
2 6 12 14 0 2 86
2 6 12 12 1 3 108
2 6 12 10 2 4 108
2 6 12 8 3 5 132
2 6 12 7 9 0 72
2 6 12 6 4 6 37
2 6 12 5 10 1 26
2 6 12 4 5 7 127
2 6 12 3 11 2 103
2 6 12 3 0 13 66
2 6 12 2 6 8 181
2 6 12 1 12 3 168
2 6 12 1 1 14 193
2 6 12 0 7 9 153
2 6 11 13 4 0 178
2 6 11 11 5 1 117
2 6 11 10 0 7 17
2 6 11 9 6 2 70
2 6 11 8 1 8 171
2 6 11 7 7 3 143
2 6 11 6 2 9 48
2 6 11 5 8 4 58
2 6 11 4 3 10 193
2 6 11 3 9 5 73
2 6 11 2 15 0 50
2 6 11 2 4 11 115
2 6 11 1 10 6 110
2 6 11 0 16 1 94
2 6 11 0 5 12 129
2 6 10 17 0 1 39
2 6 10 15 1 2 124
2 6 10 13 2 3 192
2 6 10 11 3 4 147
2 6 10 9 4 5 193
2 6 10 8 10 0 140
2 6 10 7 5 6 117
2 6 10 6 11 1 78
2 6 10 5 6 7 82
2 6 10 4 12 2 97
2 6 10 4 1 13 29
2 6 10 3 7 8 177
2 6 10 2 13 3 110
2 6 10 2 2 14 178
2 6 10 1 8 9 27
2 6 10 0 14 4 185
2 6 10 0 3 15 96
2 6 9 14 5 0 175
2 6 9 13 0 6 15
2 6 9 12 6 1 89
2 6 9 11 1 7 28
2 6 9 10 7 2 6
2 6 9 9 2 8 178
2 6 9 8 8 3 122
2 6 9 7 3 9 33
2 6 9 6 9 4 17
2 6 9 5 4 10 166
2 6 9 4 10 5 196
2 6 9 3 16 0 48
2 6 9 3 5 11 159
2 6 9 2 11 6 172
2 6 9 2 0 17 164
2 6 9 1 17 1 38
2 6 9 1 6 12 55
2 6 9 0 12 7 17
2 6 9 0 1 18 40
2 6 8 20 0 0 179
2 6 8 18 1 1 88
2 6 8 16 2 2 160
2 6 8 14 3 3 195
2 6 8 12 4 4 198
2 6 8 10 5 5 38
2 6 8 9 11 0 66
2 6 8 9 0 11 169
2 6 8 8 6 6 63
2 6 8 7 12 1 111
2 6 8 7 1 12 119
2 6 8 6 7 7 81
2 6 8 5 13 2 174
2 6 8 5 2 13 188
2 6 8 4 8 8 168
2 6 8 3 14 3 191
2 6 8 3 3 14 174
2 6 8 2 9 9 73
2 6 8 1 15 4 111
2 6 8 1 4 15 39
2 6 8 0 10 10 181
2 6 7 16 0 5 193
2 6 7 15 6 0 146
2 6 7 14 1 6 37
2 6 7 13 7 1 193
2 6 7 12 2 7 189
2 6 7 11 8 2 124
2 6 7 10 3 8 86
2 6 7 9 9 3 161
2 6 7 8 4 9 176
2 6 7 7 10 4 168
2 6 7 6 5 10 23
2 6 7 5 11 5 106
2 6 7 5 0 16 169
2 6 7 4 17 0 49
2 6 7 4 6 11 192
2 6 7 3 12 6 43
2 6 7 3 1 17 116
2 6 7 2 18 1 98
2 6 7 2 7 12 54
2 6 7 1 13 7 185
2 6 7 1 2 18 190
2 6 7 0 19 2 131
2 6 7 0 8 13 171
2 6 6 21 1 0 23
2 6 6 19 2 1 29
2 6 6 17 3 2 117
2 6 6 15 4 3 147
2 6 6 13 5 4 110
2 6 6 12 0 10 140
2 6 6 11 6 5 164
2 6 6 10 12 0 62
2 6 6 10 1 11 102
2 6 6 9 7 6 37
2 6 6 8 13 1 181
2 6 6 8 2 12 96
2 6 6 7 8 7 12
2 6 6 6 14 2 82
2 6 6 6 3 13 128
2 6 6 5 9 8 149
2 6 6 4 15 3 38
2 6 6 4 4 14 73
2 6 6 3 10 9 23
2 6 6 2 16 4 103
2 6 6 2 5 15 4
2 6 6 1 11 10 63
2 6 6 1 0 21 131
2 6 6 0 17 5 88
2 6 6 0 6 16 124
2 6 5 19 0 4 123
2 6 5 17 1 5 177
2 6 5 16 7 0 85
2 6 5 15 2 6 81
2 6 5 14 8 1 46
2 6 5 13 3 7 53
2 6 5 12 9 2 50
2 6 5 11 4 8 83
2 6 5 10 10 3 22
2 6 5 9 5 9 37
2 6 5 8 11 4 82
2 6 5 8 0 15 194
2 6 5 7 6 10 150
2 6 5 6 12 5 148
2 6 5 6 1 16 42
2 6 5 5 18 0 128
2 6 5 5 7 11 19
2 6 5 4 13 6 126
2 6 5 4 2 17 91
2 6 5 3 19 1 73
2 6 5 3 8 12 174
2 6 5 2 14 7 190
2 6 5 2 3 18 178
2 6 5 1 20 2 21
2 6 5 1 9 13 110
2 6 5 0 15 8 77
2 6 5 0 4 19 119
2 6 4 22 2 0 144
2 6 4 20 3 1 162
2 6 4 18 4 2 130
2 6 4 16 5 3 28
2 6 4 15 0 9 28
2 6 4 14 6 4 142
2 6 4 13 1 10 5
2 6 4 12 7 5 43
2 6 4 11 13 0 83
2 6 4 11 2 11 53
2 6 4 10 8 6 6
2 6 4 9 14 1 194
2 6 4 9 3 12 194
2 6 4 8 9 7 98
2 6 4 7 15 2 27
2 6 4 7 4 13 9
2 6 4 6 10 8 88
2 6 4 5 16 3 68
2 6 4 5 5 14 137
2 6 4 4 11 9 185
2 6 4 4 0 20 51
2 6 4 3 17 4 62
2 6 4 3 6 15 126
2 6 4 2 12 10 118
2 6 4 2 1 21 50
2 6 4 1 18 5 135
2 6 4 1 7 16 154
2 6 4 0 24 0 107
2 6 4 0 13 11 180
2 6 4 0 2 22 141
2 6 3 22 0 3 105
2 6 3 20 1 4 45
2 6 3 18 2 5 25
2 6 3 17 8 0 194
2 6 3 16 3 6 83
2 6 3 15 9 1 182
2 6 3 14 4 7 49
2 6 3 13 10 2 122
2 6 3 12 5 8 152
2 6 3 11 11 3 151
2 6 3 11 0 14 22
2 6 3 10 6 9 112
2 6 3 9 12 4 140
2 6 3 9 1 15 117
2 6 3 8 7 10 58
2 6 3 7 13 5 77
2 6 3 7 2 16 9
2 6 3 6 19 0 53
2 6 3 6 8 11 41
2 6 3 5 14 6 93
2 6 3 5 3 17 88
2 6 3 4 20 1 1
2 6 3 4 9 12 30
2 6 3 3 15 7 2
2 6 3 3 4 18 162
2 6 3 2 21 2 164
2 6 3 2 10 13 113
2 6 3 1 16 8 174
2 6 3 1 5 19 24
2 6 3 0 22 3 55
2 6 3 0 11 14 48
2 6 3 0 0 25 170
2 6 2 23 3 0 90
2 6 2 21 4 1 69
2 6 2 19 5 2 25
2 6 2 18 0 8 166
2 6 2 17 6 3 175
2 6 2 16 1 9 190
2 6 2 15 7 4 41
2 6 2 14 2 10 56
2 6 2 13 8 5 92
2 6 2 12 14 0 63
2 6 2 12 3 11 191
2 6 2 11 9 6 81
2 6 2 10 15 1 85
2 6 2 10 4 12 35
2 6 2 9 10 7 110
2 6 2 8 16 2 78
2 6 2 8 5 13 134
2 6 2 7 11 8 107
2 6 2 7 0 19 18
2 6 2 6 17 3 161
2 6 2 6 6 14 78
2 6 2 5 12 9 191
2 6 2 5 1 20 143
2 6 2 4 18 4 56
2 6 2 4 7 15 4
2 6 2 3 13 10 70
2 6 2 3 2 21 165
2 6 2 2 19 5 39
2 6 2 2 8 16 162
2 6 2 1 25 0 118
2 6 2 1 14 11 28
2 6 2 1 3 22 119
2 6 2 0 20 6 114
2 6 2 0 9 17 80
2 6 1 25 0 2 10
2 6 1 23 1 3 94
2 6 1 21 2 4 156
2 6 1 19 3 5 143
2 6 1 18 9 0 112
2 6 1 17 4 6 177
2 6 1 16 10 1 79
2 6 1 15 5 7 112
2 6 1 14 11 2 168
2 6 1 14 0 13 33
2 6 1 13 6 8 4
2 6 1 12 12 3 76
2 6 1 12 1 14 145
2 6 1 11 7 9 17
2 6 1 10 13 4 158
2 6 1 10 2 15 159
2 6 1 9 8 10 74
2 6 1 8 14 5 75
2 6 1 8 3 16 88
2 6 1 7 20 0 21
2 6 1 6 15 6 19
2 6 1 6 4 17 114
2 6 1 5 21 1 179
2 6 1 5 10 12 66
2 6 1 4 16 7 129
2 6 1 4 5 18 158
2 6 1 3 22 2 46
2 6 1 3 11 13 81
2 6 1 3 0 24 50
2 6 1 2 17 8 180
2 6 1 2 6 19 12
2 6 1 1 23 3 119
2 6 1 1 12 14 113
2 6 1 1 1 25 88
2 6 1 0 18 9 148
2 6 1 0 7 20 171
2 6 0 24 4 0 81
2 6 0 22 5 1 171
2 6 0 21 0 7 76
2 6 0 20 6 2 90
2 6 0 19 1 8 190
2 6 0 18 7 3 179
2 6 0 17 2 9 117
2 6 0 16 8 4 3
2 6 0 15 3 10 169
2 6 0 14 9 5 134
2 6 0 13 15 0 20
2 6 0 13 4 11 114
2 6 0 12 10 6 65
2 6 0 11 16 1 98
2 6 0 11 5 12 56
2 6 0 10 11 7 18
2 6 0 10 0 18 80
2 6 0 9 17 2 78
2 6 0 9 6 13 145
2 6 0 8 12 8 111
2 6 0 8 1 19 49
2 6 0 7 18 3 80
2 6 0 7 7 14 70
2 6 0 6 13 9 79
2 6 0 6 2 20 112
2 6 0 5 19 4 76
2 6 0 5 8 15 119
2 6 0 4 14 10 60
2 6 0 4 3 21 102
2 6 0 3 20 5 25
2 6 0 3 9 16 102
2 6 0 2 26 0 1
2 6 0 2 15 11 52
2 6 0 2 4 22 165
2 6 0 1 21 6 111
2 6 0 1 10 17 31
2 6 0 0 27 1 198
2 6 0 0 16 12 50
2 6 0 0 5 23 172
2 5 27 1 0 1 54
2 5 25 4 0 0 129
2 5 25 2 1 1 43
2 5 25 0 2 2 14
2 5 24 0 0 5 8
2 5 23 5 1 0 133
2 5 23 3 2 1 30
2 5 23 1 3 2 134
2 5 22 3 0 4 143
2 5 22 1 1 5 21
2 5 22 0 7 0 19
2 5 21 6 2 0 80
2 5 21 4 3 1 99
2 5 21 2 4 2 48
2 5 21 0 5 3 120
2 5 20 6 0 3 141
2 5 20 4 1 4 114
2 5 20 2 2 5 176
2 5 20 1 8 0 90
2 5 20 0 3 6 39
2 5 19 7 3 0 173
2 5 19 5 4 1 15
2 5 19 3 5 2 38
2 5 19 2 0 8 152
2 5 19 1 6 3 89
2 5 19 0 1 9 117
2 5 18 9 0 2 195
2 5 18 7 1 3 8
2 5 18 5 2 4 189
2 5 18 3 3 5 191
2 5 18 2 9 0 27
2 5 18 1 4 6 31
2 5 18 0 10 1 7
2 5 17 8 4 0 113
2 5 17 6 5 1 122
2 5 17 5 0 7 74
2 5 17 4 6 2 37
2 5 17 3 1 8 151
2 5 17 2 7 3 59
2 5 17 1 2 9 126
2 5 17 0 8 4 74
2 5 16 12 0 1 39
2 5 16 10 1 2 150
2 5 16 8 2 3 139
2 5 16 6 3 4 75
2 5 16 4 4 5 140
2 5 16 3 10 0 78
2 5 16 2 5 6 74
2 5 16 1 11 1 28
2 5 16 1 0 12 147
2 5 16 0 6 7 168
2 5 15 9 5 0 145
2 5 15 8 0 6 153
2 5 15 7 6 1 57
2 5 15 6 1 7 197
2 5 15 5 7 2 159
2 5 15 4 2 8 24
2 5 15 3 8 3 87
2 5 15 2 3 9 50
2 5 15 1 9 4 148
2 5 15 0 4 10 183
2 5 14 15 0 0 105
2 5 14 13 1 1 118
2 5 14 11 2 2 18
2 5 14 9 3 3 116
2 5 14 7 4 4 188
2 5 14 5 5 5 70
2 5 14 4 11 0 165
2 5 14 4 0 11 60
2 5 14 3 6 6 177
2 5 14 2 12 1 195
2 5 14 2 1 12 101
2 5 14 1 7 7 132
2 5 14 0 13 2 81
2 5 14 0 2 13 93
2 5 13 11 0 5 13
2 5 13 10 6 0 171
2 5 13 9 1 6 61
2 5 13 8 7 1 77
2 5 13 7 2 7 58
2 5 13 6 8 2 133
2 5 13 5 3 8 145
2 5 13 4 9 3 38
2 5 13 3 4 9 66
2 5 13 2 10 4 187
2 5 13 1 5 10 111
2 5 13 0 11 5 98
2 5 13 0 0 16 63
2 5 12 16 1 0 154
2 5 12 14 2 1 111
2 5 12 12 3 2 71
2 5 12 10 4 3 5
2 5 12 8 5 4 21
2 5 12 7 0 10 196
2 5 12 6 6 5 163
2 5 12 5 12 0 134
2 5 12 5 1 11 130
2 5 12 4 7 6 33
2 5 12 3 13 1 174
2 5 12 3 2 12 198
2 5 12 2 8 7 132
2 5 12 1 14 2 168
2 5 12 1 3 13 82
2 5 12 0 9 8 157
2 5 11 14 0 4 73
2 5 11 12 1 5 158
2 5 11 11 7 0 59
2 5 11 10 2 6 19
2 5 11 9 8 1 173
2 5 11 8 3 7 77
2 5 11 7 9 2 118
2 5 11 6 4 8 163
2 5 11 5 10 3 47
2 5 11 4 5 9 160
2 5 11 3 11 4 3
2 5 11 3 0 15 78
2 5 11 2 6 10 61
2 5 11 1 12 5 66
2 5 11 1 1 16 28
2 5 11 0 18 0 66
2 5 11 0 7 11 67
2 5 10 17 2 0 115
2 5 10 15 3 1 70
2 5 10 13 4 2 49
2 5 10 11 5 3 19
2 5 10 10 0 9 178
2 5 10 9 6 4 177
2 5 10 8 1 10 130
2 5 10 7 7 5 150
2 5 10 6 13 0 175
2 5 10 6 2 11 57
2 5 10 5 8 6 69
2 5 10 4 14 1 168
2 5 10 4 3 12 137
2 5 10 3 9 7 49
2 5 10 2 15 2 187
2 5 10 2 4 13 133
2 5 10 1 10 8 157
2 5 10 0 16 3 142
2 5 10 0 5 14 56
2 5 9 17 0 3 180
2 5 9 15 1 4 53
2 5 9 13 2 5 125
2 5 9 12 8 0 118
2 5 9 11 3 6 24
2 5 9 10 9 1 6
2 5 9 9 4 7 7
2 5 9 8 10 2 87
2 5 9 7 5 8 171
2 5 9 6 11 3 56
2 5 9 6 0 14 131
2 5 9 5 6 9 1
2 5 9 4 12 4 16
2 5 9 4 1 15 159
2 5 9 3 7 10 196
2 5 9 2 13 5 17
2 5 9 2 2 16 13
2 5 9 1 19 0 102
2 5 9 1 8 11 24
2 5 9 0 14 6 17
2 5 9 0 3 17 24
2 5 8 18 3 0 132
2 5 8 16 4 1 33
2 5 8 14 5 2 93
2 5 8 13 0 8 113
2 5 8 12 6 3 136
2 5 8 11 1 9 183
2 5 8 10 7 4 147
2 5 8 9 2 10 191
2 5 8 8 8 5 39
2 5 8 7 14 0 26
2 5 8 7 3 11 16
2 5 8 6 9 6 74
2 5 8 5 15 1 127
2 5 8 5 4 12 28
2 5 8 4 10 7 184
2 5 8 3 16 2 73
2 5 8 3 5 13 120
2 5 8 2 11 8 67
2 5 8 2 0 19 153
2 5 8 1 17 3 116
2 5 8 1 6 14 87
2 5 8 0 12 9 22
2 5 8 0 1 20 73
2 5 7 20 0 2 121
2 5 7 18 1 3 178
2 5 7 16 2 4 102
2 5 7 14 3 5 107
2 5 7 13 9 0 43
2 5 7 12 4 6 176
2 5 7 11 10 1 97
2 5 7 10 5 7 10
2 5 7 9 11 2 57
2 5 7 9 0 13 50
2 5 7 8 6 8 23
2 5 7 7 12 3 33
2 5 7 7 1 14 75
2 5 7 6 7 9 37
2 5 7 5 13 4 50
2 5 7 5 2 15 187
2 5 7 4 8 10 181
2 5 7 3 14 5 19
2 5 7 3 3 16 16
2 5 7 2 20 0 139
2 5 7 2 9 11 7
2 5 7 1 15 6 50
2 5 7 1 4 17 58
2 5 7 0 21 1 140
2 5 7 0 10 12 41
2 5 6 19 4 0 166
2 5 6 17 5 1 44
2 5 6 16 0 7 148
2 5 6 15 6 2 26
2 5 6 14 1 8 138
2 5 6 13 7 3 126
2 5 6 12 2 9 111
2 5 6 11 8 4 197
2 5 6 10 3 10 44
2 5 6 9 9 5 194
2 5 6 8 15 0 165
2 5 6 8 4 11 113
2 5 6 7 10 6 3
2 5 6 6 16 1 123
2 5 6 6 5 12 59
2 5 6 5 11 7 133
2 5 6 5 0 18 86
2 5 6 4 17 2 26
2 5 6 4 6 13 107
2 5 6 3 12 8 123
2 5 6 3 1 19 102
2 5 6 2 18 3 69
2 5 6 2 7 14 44
2 5 6 1 13 9 41
2 5 6 1 2 20 182
2 5 6 0 19 4 52
2 5 6 0 8 15 142
2 5 5 23 0 1 149
2 5 5 21 1 2 6
2 5 5 19 2 3 132
2 5 5 17 3 4 29
2 5 5 15 4 5 141
2 5 5 14 10 0 30
2 5 5 13 5 6 152
2 5 5 12 11 1 26
2 5 5 12 0 12 108
2 5 5 11 6 7 133
2 5 5 10 12 2 42
2 5 5 10 1 13 181
2 5 5 9 7 8 194
2 5 5 8 13 3 190
2 5 5 8 2 14 187
2 5 5 7 8 9 122
2 5 5 6 14 4 32
2 5 5 6 3 15 116
2 5 5 5 9 10 31
2 5 5 4 15 5 125
2 5 5 4 4 16 141
2 5 5 3 21 0 100
2 5 5 3 10 11 90
2 5 5 2 16 6 92
2 5 5 2 5 17 164
2 5 5 1 22 1 60
2 5 5 1 11 12 49
2 5 5 1 0 23 5
2 5 5 0 17 7 97
2 5 5 0 6 18 153
2 5 4 20 5 0 56
2 5 4 19 0 6 122
2 5 4 18 6 1 105
2 5 4 17 1 7 46
2 5 4 16 7 2 146
2 5 4 15 2 8 149
2 5 4 14 8 3 37
2 5 4 13 3 9 25
2 5 4 12 9 4 122
2 5 4 11 4 10 122
2 5 4 10 10 5 138
2 5 4 9 16 0 131
2 5 4 9 5 11 35
2 5 4 8 11 6 134
2 5 4 8 0 17 37
2 5 4 7 17 1 57
2 5 4 7 6 12 154
2 5 4 6 12 7 41
2 5 4 6 1 18 192
2 5 4 5 18 2 152
2 5 4 5 7 13 88
2 5 4 4 13 8 121
2 5 4 4 2 19 20
2 5 4 3 19 3 80
2 5 4 3 8 14 24
2 5 4 2 14 9 48
2 5 4 2 3 20 185
2 5 4 1 20 4 134
2 5 4 1 9 15 11
2 5 4 0 15 10 152
2 5 4 0 4 21 120
2 5 3 24 1 1 24
2 5 3 22 2 2 189
2 5 3 20 3 3 94
2 5 3 18 4 4 102
2 5 3 16 5 5 45
2 5 3 15 11 0 165
2 5 3 15 0 11 70
2 5 3 14 6 6 70
2 5 3 13 12 1 116
2 5 3 13 1 12 102
2 5 3 12 7 7 2
2 5 3 11 13 2 105
2 5 3 11 2 13 61
2 5 3 10 8 8 145
2 5 3 9 14 3 37
2 5 3 9 3 14 4
2 5 3 8 9 9 92
2 5 3 7 15 4 120
2 5 3 7 4 15 160
2 5 3 6 10 10 118
2 5 3 5 16 5 100
2 5 3 5 5 16 155
2 5 3 4 22 0 63
2 5 3 4 11 11 110
2 5 3 4 0 22 13
2 5 3 3 17 6 76
2 5 3 3 6 17 165
2 5 3 2 23 1 117
2 5 3 2 12 12 145
2 5 3 2 1 23 150
2 5 3 1 18 7 126
2 5 3 1 7 18 106
2 5 3 0 24 2 139
2 5 3 0 13 13 163
2 5 3 0 2 24 189
2 5 2 22 0 5 127
2 5 2 21 6 0 35
2 5 2 20 1 6 189
2 5 2 19 7 1 61
2 5 2 18 2 7 36
2 5 2 17 8 2 102
2 5 2 16 3 8 69
2 5 2 15 9 3 116
2 5 2 14 4 9 114
2 5 2 13 10 4 2
2 5 2 12 5 10 53
2 5 2 11 11 5 153
2 5 2 11 0 16 98
2 5 2 10 17 0 113
2 5 2 10 6 11 77
2 5 2 9 12 6 17
2 5 2 9 1 17 41
2 5 2 8 18 1 57
2 5 2 8 7 12 48
2 5 2 7 13 7 114
2 5 2 7 2 18 5
2 5 2 6 19 2 15
2 5 2 6 8 13 100
2 5 2 5 14 8 23
2 5 2 5 3 19 158
2 5 2 4 20 3 130
2 5 2 4 9 14 115
2 5 2 3 15 9 170
2 5 2 3 4 20 118
2 5 2 2 21 4 149
2 5 2 2 10 15 71
2 5 2 1 16 10 140
2 5 2 1 5 21 194
2 5 2 0 22 5 166
2 5 2 0 11 16 54
2 5 2 0 0 27 87
2 5 1 27 1 0 77
2 5 1 25 2 1 158
2 5 1 23 3 2 190
2 5 1 21 4 3 85
2 5 1 19 5 4 162
2 5 1 18 0 10 7
2 5 1 17 6 5 95
2 5 1 16 12 0 149
2 5 1 16 1 11 158
2 5 1 15 7 6 197
2 5 1 14 13 1 52
2 5 1 14 2 12 25
2 5 1 13 8 7 153
2 5 1 12 14 2 146
2 5 1 12 3 13 114
2 5 1 11 9 8 132
2 5 1 10 15 3 73
2 5 1 10 4 14 62
2 5 1 9 10 9 84
2 5 1 8 16 4 33
2 5 1 8 5 15 124
2 5 1 7 11 10 15
2 5 1 7 0 21 192
2 5 1 6 17 5 58
2 5 1 6 6 16 168
2 5 1 5 23 0 21
2 5 1 5 12 11 82
2 5 1 5 1 22 147
2 5 1 4 18 6 68
2 5 1 4 7 17 177
2 5 1 3 24 1 106
2 5 1 3 13 12 60
2 5 1 3 2 23 34
2 5 1 2 19 7 161
2 5 1 2 8 18 191
2 5 1 1 25 2 82
2 5 1 1 14 13 78
2 5 1 1 3 24 127
2 5 1 0 20 8 198
2 5 1 0 9 19 74
2 5 0 25 0 4 158
2 5 0 23 1 5 99
2 5 0 22 7 0 186
2 5 0 21 2 6 130
2 5 0 20 8 1 166
2 5 0 19 3 7 46
2 5 0 18 9 2 51
2 5 0 17 4 8 26
2 5 0 16 10 3 57
2 5 0 15 5 9 184
2 5 0 14 11 4 25
2 5 0 14 0 15 165
2 5 0 13 6 10 169
2 5 0 12 12 5 102
2 5 0 12 1 16 153
2 5 0 11 18 0 62
2 5 0 11 7 11 93
2 5 0 10 13 6 114
2 5 0 10 2 17 5
2 5 0 9 19 1 171
2 5 0 9 8 12 8
2 5 0 8 14 7 115
2 5 0 8 3 18 16
2 5 0 7 20 2 43
2 5 0 7 9 13 121
2 5 0 6 15 8 148
2 5 0 6 4 19 126
2 5 0 5 21 3 123
2 5 0 5 10 14 105
2 5 0 4 16 9 47
2 5 0 4 5 20 81
2 5 0 3 22 4 162
2 5 0 3 11 15 67
2 5 0 3 0 26 132
2 5 0 2 17 10 100
2 5 0 2 6 21 132
2 5 0 1 23 5 186
2 5 0 1 12 16 144
2 5 0 1 1 27 2
2 5 0 0 29 0 59
2 5 0 0 18 11 148
2 5 0 0 7 22 73
2 4 29 0 1 0 92
2 4 27 1 2 0 183
2 4 26 1 0 3 140
2 4 25 2 3 0 189
2 4 25 0 4 1 93
2 4 24 4 0 2 87
2 4 24 2 1 3 26
2 4 24 0 2 4 89
2 4 23 3 4 0 167
2 4 23 1 5 1 174
2 4 23 0 0 7 134
2 4 22 7 0 1 107
2 4 22 5 1 2 73
2 4 22 3 2 3 90
2 4 22 1 3 4 109
2 4 21 4 5 0 163
2 4 21 3 0 6 139
2 4 21 2 6 1 12
2 4 21 1 1 7 148
2 4 21 0 7 2 197
2 4 20 10 0 0 37
2 4 20 8 1 1 177
2 4 20 6 2 2 78
2 4 20 4 3 3 34
2 4 20 2 4 4 8
2 4 20 0 5 5 175
2 4 19 6 0 5 47
2 4 19 5 6 0 118
2 4 19 4 1 6 78
2 4 19 3 7 1 131
2 4 19 2 2 7 168
2 4 19 1 8 2 191
2 4 19 0 3 8 181
2 4 18 11 1 0 178
2 4 18 9 2 1 86
2 4 18 7 3 2 158
2 4 18 5 4 3 90
2 4 18 3 5 4 92
2 4 18 2 0 10 110
2 4 18 1 6 5 47
2 4 18 0 12 0 193
2 4 18 0 1 11 179
2 4 17 9 0 4 36
2 4 17 7 1 5 74
2 4 17 6 7 0 86
2 4 17 5 2 6 192
2 4 17 4 8 1 180
2 4 17 3 3 7 20
2 4 17 2 9 2 96
2 4 17 1 4 8 155
2 4 17 0 10 3 35
2 4 16 12 2 0 196
2 4 16 10 3 1 25
2 4 16 8 4 2 135
2 4 16 6 5 3 69
2 4 16 5 0 9 175
2 4 16 4 6 4 183
2 4 16 3 1 10 86
2 4 16 2 7 5 166
2 4 16 1 13 0 24
2 4 16 1 2 11 22
2 4 16 0 8 6 103
2 4 15 12 0 3 159
2 4 15 10 1 4 37
2 4 15 8 2 5 78
2 4 15 7 8 0 124
2 4 15 6 3 6 35
2 4 15 5 9 1 133
2 4 15 4 4 7 66
2 4 15 3 10 2 50
2 4 15 2 5 8 107
2 4 15 1 11 3 177
2 4 15 1 0 14 89
2 4 15 0 6 9 149
2 4 14 13 3 0 114
2 4 14 11 4 1 78
2 4 14 9 5 2 41
2 4 14 8 0 8 104
2 4 14 7 6 3 149
2 4 14 6 1 9 10
2 4 14 5 7 4 128
2 4 14 4 2 10 113
2 4 14 3 8 5 69
2 4 14 2 14 0 197
2 4 14 2 3 11 60
2 4 14 1 9 6 153
2 4 14 0 15 1 165
2 4 14 0 4 12 78
2 4 13 15 0 2 184
2 4 13 13 1 3 78
2 4 13 11 2 4 64
2 4 13 9 3 5 91
2 4 13 8 9 0 172
2 4 13 7 4 6 189
2 4 13 6 10 1 38
2 4 13 5 5 7 76
2 4 13 4 11 2 50
2 4 13 4 0 13 47
2 4 13 3 6 8 183
2 4 13 2 12 3 1
2 4 13 2 1 14 57
2 4 13 1 7 9 184
2 4 13 0 13 4 189
2 4 13 0 2 15 12
2 4 12 14 4 0 165
2 4 12 12 5 1 194
2 4 12 11 0 7 105
2 4 12 10 6 2 54
2 4 12 9 1 8 34
2 4 12 8 7 3 23
2 4 12 7 2 9 139
2 4 12 6 8 4 118
2 4 12 5 3 10 161
2 4 12 4 9 5 194
2 4 12 3 15 0 135
2 4 12 3 4 11 184
2 4 12 2 10 6 111
2 4 12 1 16 1 86
2 4 12 1 5 12 185
2 4 12 0 11 7 140
2 4 12 0 0 18 73
2 4 11 18 0 1 91
2 4 11 16 1 2 1
2 4 11 14 2 3 85
2 4 11 12 3 4 135
2 4 11 10 4 5 15
2 4 11 9 10 0 140
2 4 11 8 5 6 130
2 4 11 7 11 1 32
2 4 11 7 0 12 86
2 4 11 6 6 7 185
2 4 11 5 12 2 108
2 4 11 5 1 13 59
2 4 11 4 7 8 110
2 4 11 3 13 3 38
2 4 11 3 2 14 38
2 4 11 2 8 9 83
2 4 11 1 14 4 47
2 4 11 1 3 15 98
2 4 11 0 9 10 153
2 4 10 15 5 0 121
2 4 10 14 0 6 85
2 4 10 13 6 1 25
2 4 10 12 1 7 24
2 4 10 11 7 2 50
2 4 10 10 2 8 1
2 4 10 9 8 3 89
2 4 10 8 3 9 17
2 4 10 7 9 4 88
2 4 10 6 4 10 150
2 4 10 5 10 5 72
2 4 10 4 16 0 2
2 4 10 4 5 11 89
2 4 10 3 11 6 59
2 4 10 3 0 17 148
2 4 10 2 17 1 32
2 4 10 2 6 12 41
2 4 10 1 12 7 48
2 4 10 1 1 18 122
2 4 10 0 18 2 15
2 4 10 0 7 13 79
2 4 9 21 0 0 172
2 4 9 19 1 1 114
2 4 9 17 2 2 58
2 4 9 15 3 3 179
2 4 9 13 4 4 54
2 4 9 11 5 5 77
2 4 9 10 11 0 11
2 4 9 10 0 11 156
2 4 9 9 6 6 60
2 4 9 8 12 1 140
2 4 9 8 1 12 184
2 4 9 7 7 7 142
2 4 9 6 13 2 194
2 4 9 6 2 13 76
2 4 9 5 8 8 85
2 4 9 4 14 3 14
2 4 9 4 3 14 108
2 4 9 3 9 9 34
2 4 9 2 15 4 130
2 4 9 2 4 15 187
2 4 9 1 10 10 151
2 4 9 0 16 5 197
2 4 9 0 5 16 27
2 4 8 17 0 5 18
2 4 8 16 6 0 19
2 4 8 15 1 6 127
2 4 8 14 7 1 158
2 4 8 13 2 7 61
2 4 8 12 8 2 148
2 4 8 11 3 8 6
2 4 8 10 9 3 193
2 4 8 9 4 9 118
2 4 8 8 10 4 87
2 4 8 7 5 10 117
2 4 8 6 11 5 26
2 4 8 6 0 16 27
2 4 8 5 17 0 136
2 4 8 5 6 11 151
2 4 8 4 12 6 109
2 4 8 4 1 17 109
2 4 8 3 18 1 145
2 4 8 3 7 12 161
2 4 8 2 13 7 95
2 4 8 2 2 18 161
2 4 8 1 19 2 141
2 4 8 1 8 13 94
2 4 8 0 14 8 39
2 4 8 0 3 19 180
2 4 7 22 1 0 115
2 4 7 20 2 1 134
2 4 7 18 3 2 120
2 4 7 16 4 3 48
2 4 7 14 5 4 133
2 4 7 13 0 10 41
2 4 7 12 6 5 2
2 4 7 11 12 0 164
2 4 7 11 1 11 186
2 4 7 10 7 6 152
2 4 7 9 13 1 192
2 4 7 9 2 12 127
2 4 7 8 8 7 119
2 4 7 7 14 2 106
2 4 7 7 3 13 165
2 4 7 6 9 8 109
2 4 7 5 15 3 46
2 4 7 5 4 14 158
2 4 7 4 10 9 152
2 4 7 3 16 4 165
2 4 7 3 5 15 34
2 4 7 2 11 10 180
2 4 7 2 0 21 132
2 4 7 1 17 5 142
2 4 7 1 6 16 182
2 4 7 0 23 0 39
2 4 7 0 12 11 105
2 4 7 0 1 22 181
2 4 6 20 0 4 21
2 4 6 18 1 5 108
2 4 6 17 7 0 111
2 4 6 16 2 6 45
2 4 6 15 8 1 128
2 4 6 14 3 7 146
2 4 6 13 9 2 101
2 4 6 12 4 8 77
2 4 6 11 10 3 150
2 4 6 10 5 9 13
2 4 6 9 11 4 132
2 4 6 9 0 15 48
2 4 6 8 6 10 77
2 4 6 7 12 5 100
2 4 6 7 1 16 63
2 4 6 6 18 0 120
2 4 6 6 7 11 90
2 4 6 5 13 6 170
2 4 6 5 2 17 151
2 4 6 4 19 1 60
2 4 6 4 8 12 84
2 4 6 3 14 7 32
2 4 6 3 3 18 29
2 4 6 2 20 2 6
2 4 6 2 9 13 78
2 4 6 1 15 8 139
2 4 6 1 4 19 149
2 4 6 0 21 3 43
2 4 6 0 10 14 35
2 4 5 23 2 0 10
2 4 5 21 3 1 198
2 4 5 19 4 2 34
2 4 5 17 5 3 122
2 4 5 16 0 9 106
2 4 5 15 6 4 77
2 4 5 14 1 10 70
2 4 5 13 7 5 33
2 4 5 12 13 0 40
2 4 5 12 2 11 23
2 4 5 11 8 6 106
2 4 5 10 14 1 119
2 4 5 10 3 12 119
2 4 5 9 9 7 188
2 4 5 8 15 2 55
2 4 5 8 4 13 132
2 4 5 7 10 8 101
2 4 5 6 16 3 77
2 4 5 6 5 14 115
2 4 5 5 11 9 83
2 4 5 5 0 20 13
2 4 5 4 17 4 86
2 4 5 4 6 15 6
2 4 5 3 12 10 129
2 4 5 3 1 21 39
2 4 5 2 18 5 187
2 4 5 2 7 16 40
2 4 5 1 24 0 92
2 4 5 1 13 11 142
2 4 5 1 2 22 136
2 4 5 0 19 6 60
2 4 5 0 8 17 80
2 4 4 23 0 3 144
2 4 4 21 1 4 103
2 4 4 19 2 5 150
2 4 4 18 8 0 144
2 4 4 17 3 6 6
2 4 4 16 9 1 160
2 4 4 15 4 7 153
2 4 4 14 10 2 186
2 4 4 13 5 8 1
2 4 4 12 11 3 145
2 4 4 12 0 14 61
2 4 4 11 6 9 107
2 4 4 10 12 4 166
2 4 4 10 1 15 134
2 4 4 9 7 10 47
2 4 4 8 13 5 182
2 4 4 8 2 16 100
2 4 4 7 19 0 173
2 4 4 7 8 11 44
2 4 4 6 14 6 10
2 4 4 6 3 17 194
2 4 4 5 20 1 17
2 4 4 5 9 12 162
2 4 4 4 15 7 136
2 4 4 4 4 18 22
2 4 4 3 21 2 148
2 4 4 3 10 13 131
2 4 4 2 16 8 190
2 4 4 2 5 19 39
2 4 4 1 22 3 25
2 4 4 1 11 14 198
2 4 4 1 0 25 128
2 4 4 0 17 9 102
2 4 4 0 6 20 68
2 4 3 24 3 0 160
2 4 3 22 4 1 190
2 4 3 20 5 2 188
2 4 3 19 0 8 108
2 4 3 18 6 3 109
2 4 3 17 1 9 50
2 4 3 16 7 4 89
2 4 3 15 2 10 193
2 4 3 14 8 5 138
2 4 3 13 14 0 30
2 4 3 13 3 11 196
2 4 3 12 9 6 5
2 4 3 11 15 1 13
2 4 3 11 4 12 190
2 4 3 10 10 7 101
2 4 3 9 16 2 39
2 4 3 9 5 13 72
2 4 3 8 11 8 48
2 4 3 8 0 19 64
2 4 3 7 17 3 144
2 4 3 7 6 14 175
2 4 3 6 12 9 174
2 4 3 6 1 20 61
2 4 3 5 18 4 127
2 4 3 5 7 15 153
2 4 3 4 13 10 106
2 4 3 4 2 21 141
2 4 3 3 19 5 117
2 4 3 3 8 16 17
2 4 3 2 25 0 126
2 4 3 2 14 11 128
2 4 3 2 3 22 141
2 4 3 1 20 6 187
2 4 3 1 9 17 82
2 4 3 0 26 1 11
2 4 3 0 15 12 165
2 4 3 0 4 23 34
2 4 2 26 0 2 120
2 4 2 24 1 3 198
2 4 2 22 2 4 135
2 4 2 20 3 5 88
2 4 2 19 9 0 188
2 4 2 18 4 6 194
2 4 2 17 10 1 48
2 4 2 16 5 7 14
2 4 2 15 11 2 92
2 4 2 15 0 13 151
2 4 2 14 6 8 89
2 4 2 13 12 3 114
2 4 2 13 1 14 71
2 4 2 12 7 9 5
2 4 2 11 13 4 89
2 4 2 11 2 15 163
2 4 2 10 8 10 193
2 4 2 9 14 5 161
2 4 2 9 3 16 123
2 4 2 8 20 0 101
2 4 2 8 9 11 40
2 4 2 7 15 6 78
2 4 2 7 4 17 97
2 4 2 6 21 1 180
2 4 2 6 10 12 145
2 4 2 5 16 7 88
2 4 2 5 5 18 12
2 4 2 4 22 2 80
2 4 2 4 11 13 158
2 4 2 4 0 24 65
2 4 2 3 17 8 65
2 4 2 3 6 19 32
2 4 2 2 23 3 69
2 4 2 2 12 14 54
2 4 2 2 1 25 5
2 4 2 1 18 9 100
2 4 2 1 7 20 48
2 4 2 0 24 4 127
2 4 2 0 13 15 75
2 4 2 0 2 26 25
2 4 1 25 4 0 141
2 4 1 23 5 1 22
2 4 1 22 0 7 103
2 4 1 21 6 2 51
2 4 1 20 1 8 113
2 4 1 19 7 3 195
2 4 1 18 2 9 73
2 4 1 17 8 4 41
2 4 1 16 3 10 37
2 4 1 15 9 5 82
2 4 1 14 15 0 62
2 4 1 14 4 11 185
2 4 1 13 10 6 63
2 4 1 12 16 1 191
2 4 1 12 5 12 186
2 4 1 11 11 7 41
2 4 1 11 0 18 47
2 4 1 10 17 2 97
2 4 1 10 6 13 66
2 4 1 9 12 8 194
2 4 1 9 1 19 148
2 4 1 8 18 3 80
2 4 1 8 7 14 84
2 4 1 7 13 9 108
2 4 1 7 2 20 1
2 4 1 6 19 4 46
2 4 1 6 8 15 178
2 4 1 5 14 10 112
2 4 1 5 3 21 53
2 4 1 4 20 5 148
2 4 1 4 9 16 94
2 4 1 3 26 0 42
2 4 1 3 15 11 83
2 4 1 3 4 22 45
2 4 1 2 21 6 7
2 4 1 2 10 17 3
2 4 1 1 27 1 44
2 4 1 1 16 12 110
2 4 1 1 5 23 155
2 4 1 0 22 7 116
2 4 1 0 11 18 147
2 4 1 0 0 29 7
2 4 0 29 0 1 40
2 4 0 27 1 2 184
2 4 0 25 2 3 41
2 4 0 21 4 5 171
2 4 0 20 10 0 134
2 4 0 19 5 6 190
2 4 0 18 11 1 145
2 4 0 18 0 12 84
2 4 0 17 6 7 6
2 4 0 16 12 2 67
2 4 0 16 1 13 61
2 4 0 15 7 8 122
2 4 0 14 13 3 71
2 4 0 14 2 14 79
2 4 0 13 8 9 121
2 4 0 12 14 4 149
2 4 0 12 3 15 91
2 4 0 11 9 10 104
2 4 0 10 15 5 30
2 4 0 10 4 16 106
2 4 0 9 21 0 197
2 4 0 9 10 11 94
2 4 0 8 16 6 169
2 4 0 8 5 17 186
2 4 0 7 22 1 166
2 4 0 7 11 12 27
2 4 0 7 0 23 44
2 4 0 6 17 7 90
2 4 0 6 6 18 53
2 4 0 5 23 2 98
2 4 0 5 12 13 134
2 4 0 5 1 24 58
2 4 0 4 18 8 134
2 4 0 4 7 19 122
2 4 0 3 24 3 127
2 4 0 3 13 14 121
2 4 0 3 2 25 29
2 4 0 2 19 9 73
2 4 0 2 8 20 124
2 4 0 1 25 4 13
2 4 0 1 14 15 37
2 4 0 1 3 26 62
2 4 0 0 20 10 69
2 4 0 0 9 21 46
2 3 28 2 0 1 164
2 3 28 0 1 2 1
2 3 26 5 0 0 79
2 3 26 3 1 1 140
2 3 26 1 2 2 163
2 3 25 1 0 5 169
2 3 25 0 6 0 44
2 3 24 6 1 0 195
2 3 24 4 2 1 166
2 3 24 2 3 2 181
2 3 24 0 4 3 20
2 3 23 4 0 4 25
2 3 23 2 1 5 160
2 3 23 1 7 0 152
2 3 23 0 2 6 33
2 3 22 7 2 0 63
2 3 22 5 3 1 83
2 3 22 3 4 2 148
2 3 22 1 5 3 175
2 3 22 0 0 9 67
2 3 21 7 0 3 46
2 3 21 5 1 4 116
2 3 21 3 2 5 11
2 3 21 2 8 0 112
2 3 21 1 3 6 77
2 3 21 0 9 1 84
2 3 20 8 3 0 89
2 3 20 6 4 1 19
2 3 20 4 5 2 33
2 3 20 3 0 8 71
2 3 20 2 6 3 167
2 3 20 1 1 9 27
2 3 20 0 7 4 108
2 3 19 10 0 2 2
2 3 19 8 1 3 179
2 3 19 6 2 4 104
2 3 19 4 3 5 8
2 3 19 3 9 0 178
2 3 19 2 4 6 91
2 3 19 1 10 1 28
2 3 19 0 5 7 92
2 3 18 9 4 0 86
2 3 18 7 5 1 21
2 3 18 6 0 7 184
2 3 18 5 6 2 146
2 3 18 4 1 8 114
2 3 18 3 7 3 123
2 3 18 2 2 9 72
2 3 18 1 8 4 20
2 3 18 0 3 10 68
2 3 17 13 0 1 150
2 3 17 11 1 2 79
2 3 17 9 2 3 28
2 3 17 7 3 4 148
2 3 17 5 4 5 144
2 3 17 4 10 0 10
2 3 17 3 5 6 57
2 3 17 2 11 1 43
2 3 17 2 0 12 186
2 3 17 1 6 7 35
2 3 17 0 12 2 48
2 3 17 0 1 13 23
2 3 16 10 5 0 3
2 3 16 9 0 6 99
2 3 16 8 6 1 127
2 3 16 7 1 7 150
2 3 16 6 7 2 11
2 3 16 5 2 8 187
2 3 16 4 8 3 23
2 3 16 3 3 9 33
2 3 16 2 9 4 35
2 3 16 1 4 10 83
2 3 16 0 10 5 137
2 3 15 16 0 0 85
2 3 15 14 1 1 151
2 3 15 12 2 2 178
2 3 15 10 3 3 180
2 3 15 8 4 4 42
2 3 15 6 5 5 15
2 3 15 5 11 0 17
2 3 15 5 0 11 105
2 3 15 4 6 6 35
2 3 15 3 12 1 144
2 3 15 3 1 12 20
2 3 15 2 7 7 109
2 3 15 1 13 2 5
2 3 15 1 2 13 188
2 3 15 0 8 8 143
2 3 14 12 0 5 183
2 3 14 11 6 0 150
2 3 14 10 1 6 64
2 3 14 9 7 1 23
2 3 14 8 2 7 20
2 3 14 7 8 2 163
2 3 14 6 3 8 98
2 3 14 5 9 3 191
2 3 14 4 4 9 17
2 3 14 3 10 4 181
2 3 14 2 5 10 131
2 3 14 1 11 5 152
2 3 14 1 0 16 86
2 3 14 0 17 0 44
2 3 14 0 6 11 113
2 3 13 17 1 0 71
2 3 13 15 2 1 37
2 3 13 13 3 2 187
2 3 13 11 4 3 114
2 3 13 9 5 4 48
2 3 13 8 0 10 142
2 3 13 7 6 5 19
2 3 13 6 12 0 80
2 3 13 6 1 11 120
2 3 13 5 7 6 53
2 3 13 4 13 1 58
2 3 13 4 2 12 58
2 3 13 3 8 7 15
2 3 13 2 14 2 178
2 3 13 2 3 13 127
2 3 13 1 9 8 77
2 3 13 0 15 3 114
2 3 13 0 4 14 95
2 3 12 15 0 4 194
2 3 12 13 1 5 135
2 3 12 12 7 0 150
2 3 12 11 2 6 9
2 3 12 10 8 1 87
2 3 12 9 3 7 105
2 3 12 8 9 2 69
2 3 12 7 4 8 197
2 3 12 6 10 3 197
2 3 12 5 5 9 152
2 3 12 4 11 4 5
2 3 12 4 0 15 75
2 3 12 3 6 10 185
2 3 12 2 12 5 106
2 3 12 2 1 16 20
2 3 12 1 18 0 87
2 3 12 1 7 11 180
2 3 12 0 13 6 43
2 3 12 0 2 17 187
2 3 11 18 2 0 74
2 3 11 16 3 1 150
2 3 11 14 4 2 111
2 3 11 12 5 3 96
2 3 11 11 0 9 65
2 3 11 10 6 4 102
2 3 11 9 1 10 138
2 3 11 8 7 5 32
2 3 11 7 13 0 107
2 3 11 7 2 11 27
2 3 11 6 8 6 92
2 3 11 5 14 1 78
2 3 11 5 3 12 162
2 3 11 4 9 7 94
2 3 11 3 15 2 11
2 3 11 3 4 13 146
2 3 11 2 10 8 100
2 3 11 1 16 3 45
2 3 11 1 5 14 182
2 3 11 0 11 9 96
2 3 11 0 0 20 127
2 3 10 18 0 3 133
2 3 10 16 1 4 92
2 3 10 14 2 5 81
2 3 10 13 8 0 72
2 3 10 12 3 6 101
2 3 10 11 9 1 122
2 3 10 10 4 7 141
2 3 10 9 10 2 164
2 3 10 8 5 8 24
2 3 10 7 11 3 174
2 3 10 7 0 14 28
2 3 10 6 6 9 141
2 3 10 5 12 4 185
2 3 10 5 1 15 126
2 3 10 4 7 10 17
2 3 10 3 13 5 140
2 3 10 3 2 16 167
2 3 10 2 19 0 186
2 3 10 2 8 11 147
2 3 10 1 14 6 177
2 3 10 1 3 17 92
2 3 10 0 20 1 99
2 3 10 0 9 12 156
2 3 9 19 3 0 69
2 3 9 17 4 1 124
2 3 9 15 5 2 127
2 3 9 14 0 8 37
2 3 9 13 6 3 63
2 3 9 11 7 4 191
2 3 9 10 2 10 83
2 3 9 9 8 5 72
2 3 9 8 14 0 193
2 3 9 8 3 11 165
2 3 9 7 9 6 61
2 3 9 6 15 1 166
2 3 9 6 4 12 29
2 3 9 5 10 7 76
2 3 9 4 16 2 41
2 3 9 4 5 13 106
2 3 9 3 11 8 60
2 3 9 3 0 19 107
2 3 9 2 17 3 180
2 3 9 2 6 14 190
2 3 9 1 12 9 109
2 3 9 1 1 20 45
2 3 9 0 18 4 174
2 3 9 0 7 15 44
2 3 8 21 0 2 89
2 3 8 19 1 3 7
2 3 8 17 2 4 31
2 3 8 15 3 5 112
2 3 8 14 9 0 188
2 3 8 13 4 6 187
2 3 8 12 10 1 157
2 3 8 11 5 7 118
2 3 8 10 11 2 188
2 3 8 10 0 13 188
2 3 8 9 6 8 176
2 3 8 8 12 3 183
2 3 8 8 1 14 124
2 3 8 7 7 9 98
2 3 8 6 13 4 91
2 3 8 6 2 15 187
2 3 8 5 8 10 27
2 3 8 4 14 5 42
2 3 8 4 3 16 128
2 3 8 3 20 0 126
2 3 8 3 9 11 131
2 3 8 2 15 6 195
2 3 8 2 4 17 104
2 3 8 1 21 1 82
2 3 8 1 10 12 7
2 3 8 0 16 7 1
2 3 8 0 5 18 47
2 3 7 20 4 0 85
2 3 7 18 5 1 191
2 3 7 17 0 7 8
2 3 7 16 6 2 108
2 3 7 15 1 8 12
2 3 7 14 7 3 2
2 3 7 13 2 9 153
2 3 7 12 8 4 105
2 3 7 11 3 10 156
2 3 7 10 9 5 55
2 3 7 9 15 0 109
2 3 7 9 4 11 186
2 3 7 8 10 6 72
2 3 7 7 16 1 115
2 3 7 7 5 12 191
2 3 7 6 11 7 79
2 3 7 6 0 18 68
2 3 7 5 17 2 121
2 3 7 5 6 13 173
2 3 7 4 12 8 21
2 3 7 4 1 19 23
2 3 7 3 18 3 101
2 3 7 3 7 14 27
2 3 7 2 13 9 23
2 3 7 2 2 20 184
2 3 7 1 19 4 142
2 3 7 1 8 15 187
2 3 7 0 14 10 39
2 3 7 0 3 21 99
2 3 6 24 0 1 89
2 3 6 22 1 2 8
2 3 6 20 2 3 102
2 3 6 18 3 4 137
2 3 6 16 4 5 70
2 3 6 15 10 0 96
2 3 6 14 5 6 115
2 3 6 13 11 1 3
2 3 6 13 0 12 73
2 3 6 12 6 7 75
2 3 6 11 12 2 48
2 3 6 11 1 13 112
2 3 6 10 7 8 184
2 3 6 9 13 3 130
2 3 6 9 2 14 7
2 3 6 8 8 9 45
2 3 6 7 14 4 191
2 3 6 7 3 15 92
2 3 6 6 9 10 105
2 3 6 5 15 5 135
2 3 6 5 4 16 144
2 3 6 4 21 0 195
2 3 6 4 10 11 177
2 3 6 3 16 6 47
2 3 6 3 5 17 80
2 3 6 2 22 1 52
2 3 6 2 11 12 105
2 3 6 2 0 23 21
2 3 6 1 17 7 167
2 3 6 1 6 18 166
2 3 6 0 23 2 7
2 3 6 0 12 13 43
2 3 6 0 1 24 23
2 3 5 21 5 0 28
2 3 5 20 0 6 132
2 3 5 19 6 1 11
2 3 5 18 1 7 3
2 3 5 17 7 2 105
2 3 5 16 2 8 28
2 3 5 15 8 3 33
2 3 5 14 3 9 183
2 3 5 13 9 4 64
2 3 5 12 4 10 181
2 3 5 11 10 5 41
2 3 5 10 16 0 146
2 3 5 10 5 11 61
2 3 5 9 11 6 1
2 3 5 9 0 17 119
2 3 5 8 17 1 149
2 3 5 8 6 12 184
2 3 5 7 12 7 10
2 3 5 7 1 18 104
2 3 5 6 18 2 71
2 3 5 6 7 13 35
2 3 5 5 13 8 190
2 3 5 5 2 19 190
2 3 5 4 19 3 81
2 3 5 4 8 14 46
2 3 5 3 14 9 183
2 3 5 3 3 20 104
2 3 5 2 20 4 185
2 3 5 2 9 15 132
2 3 5 1 15 10 184
2 3 5 1 4 21 108
2 3 5 0 21 5 61
2 3 5 0 10 16 95
2 3 4 27 0 0 30
2 3 4 25 1 1 190
2 3 4 23 2 2 143
2 3 4 21 3 3 131
2 3 4 19 4 4 151
2 3 4 17 5 5 2
2 3 4 16 11 0 32
2 3 4 16 0 11 61
2 3 4 15 6 6 188
2 3 4 14 12 1 196
2 3 4 14 1 12 59
2 3 4 13 7 7 115
2 3 4 12 13 2 93
2 3 4 12 2 13 93
2 3 4 11 8 8 42
2 3 4 10 14 3 116
2 3 4 10 3 14 25
2 3 4 9 9 9 27
2 3 4 8 15 4 165
2 3 4 8 4 15 81
2 3 4 7 10 10 136
2 3 4 6 16 5 94
2 3 4 6 5 16 166
2 3 4 5 22 0 1
2 3 4 5 11 11 91
2 3 4 5 0 22 103
2 3 4 4 17 6 114
2 3 4 4 6 17 44
2 3 4 3 23 1 75
2 3 4 3 12 12 30
2 3 4 3 1 23 158
2 3 4 2 18 7 149
2 3 4 2 7 18 155
2 3 4 1 24 2 166
2 3 4 1 13 13 15
2 3 4 1 2 24 172
2 3 4 0 19 8 191
2 3 4 0 8 19 71
2 3 3 23 0 5 37
2 3 3 22 6 0 173
2 3 3 21 1 6 43
2 3 3 20 7 1 109
2 3 3 19 2 7 47
2 3 3 18 8 2 60
2 3 3 17 3 8 150
2 3 3 16 9 3 68
2 3 3 15 4 9 14
2 3 3 14 10 4 10
2 3 3 12 11 5 141
2 3 3 12 0 16 114
2 3 3 11 17 0 34
2 3 3 11 6 11 152
2 3 3 10 12 6 81
2 3 3 10 1 17 163
2 3 3 9 18 1 182
2 3 3 9 7 12 34
2 3 3 8 13 7 154
2 3 3 8 2 18 15
2 3 3 7 19 2 175
2 3 3 7 8 13 25
2 3 3 6 14 8 149
2 3 3 6 3 19 72
2 3 3 5 20 3 33
2 3 3 5 9 14 61
2 3 3 4 15 9 86
2 3 3 4 4 20 138
2 3 3 3 21 4 162
2 3 3 3 10 15 8
2 3 3 2 16 10 81
2 3 3 2 5 21 140
2 3 3 1 22 5 113
2 3 3 1 11 16 11
2 3 3 1 0 27 13
2 3 3 0 28 0 86
2 3 3 0 17 11 110
2 3 3 0 6 22 132
2 3 2 28 1 0 8
2 3 2 26 2 1 58
2 3 2 24 3 2 54
2 3 2 22 4 3 10
2 3 2 20 5 4 145
2 3 2 19 0 10 151
2 3 2 18 6 5 62
2 3 2 17 12 0 67
2 3 2 17 1 11 40
2 3 2 16 7 6 17
2 3 2 15 13 1 24
2 3 2 15 2 12 104
2 3 2 14 8 7 139
2 3 2 13 14 2 133
2 3 2 13 3 13 171
2 3 2 12 9 8 144
2 3 2 11 15 3 56
2 3 2 11 4 14 196
2 3 2 10 10 9 124
2 3 2 9 16 4 27
2 3 2 9 5 15 179
2 3 2 8 11 10 90
2 3 2 8 0 21 151
2 3 2 7 17 5 8
2 3 2 7 6 16 18
2 3 2 6 23 0 14
2 3 2 6 12 11 92
2 3 2 6 1 22 56
2 3 2 5 18 6 20
2 3 2 5 7 17 13
2 3 2 4 24 1 6
2 3 2 4 13 12 26
2 3 2 4 2 23 176
2 3 2 3 19 7 159
2 3 2 3 8 18 1
2 3 2 2 25 2 55
2 3 2 2 14 13 56
2 3 2 2 3 24 86
2 3 2 1 20 8 120
2 3 2 1 9 19 105
2 3 2 0 26 3 125
2 3 2 0 15 14 97
2 3 2 0 4 25 25
2 3 1 26 0 4 144
2 3 1 24 1 5 48
2 3 1 23 7 0 81
2 3 1 22 2 6 78
2 3 1 21 8 1 174
2 3 1 20 3 7 24
2 3 1 19 9 2 65
2 3 1 18 4 8 56
2 3 1 17 10 3 191
2 3 1 16 5 9 176
2 3 1 15 11 4 20
2 3 1 15 0 15 135
2 3 1 14 6 10 158
2 3 1 13 12 5 26
2 3 1 13 1 16 100
2 3 1 12 18 0 78
2 3 1 12 7 11 109
2 3 1 11 13 6 25
2 3 1 11 2 17 131
2 3 1 10 19 1 66
2 3 1 10 8 12 35
2 3 1 9 14 7 16
2 3 1 9 3 18 61
2 3 1 8 20 2 162
2 3 1 8 9 13 112
2 3 1 7 15 8 137
2 3 1 7 4 19 68
2 3 1 6 21 3 149
2 3 1 6 10 14 30
2 3 1 5 16 9 96
2 3 1 5 5 20 182
2 3 1 4 22 4 135
2 3 1 4 11 15 93
2 3 1 4 0 26 136
2 3 1 3 17 10 150
2 3 1 3 6 21 4
2 3 1 2 23 5 84
2 3 1 2 12 16 17
2 3 1 2 1 27 95
2 3 1 1 29 0 14
2 3 1 1 18 11 54
2 3 1 1 7 22 137
2 3 1 0 24 6 146
2 3 1 0 13 17 40
2 3 1 0 2 28 123
2 3 0 29 2 0 60
2 3 0 27 3 1 92
2 3 0 25 4 2 96
2 3 0 23 5 3 10
2 3 0 22 0 9 50
2 3 0 21 6 4 187
2 3 0 20 1 10 156
2 3 0 19 7 5 139
2 3 0 18 13 0 118
2 3 0 18 2 11 186
2 3 0 17 8 6 78
2 3 0 16 14 1 166
2 3 0 16 3 12 10
2 3 0 15 9 7 140
2 3 0 14 15 2 184
2 3 0 14 4 13 143
2 3 0 13 10 8 93
2 3 0 12 16 3 51
2 3 0 12 5 14 17
2 3 0 11 11 9 125
2 3 0 11 0 20 52
2 3 0 10 17 4 113
2 3 0 10 6 15 50
2 3 0 9 12 10 185
2 3 0 9 1 21 146
2 3 0 8 18 5 168
2 3 0 8 7 16 35
2 3 0 7 24 0 63
2 3 0 7 13 11 129
2 3 0 7 2 22 163
2 3 0 6 19 6 131
2 3 0 6 8 17 129
2 3 0 5 25 1 13
2 3 0 5 14 12 165
2 3 0 5 3 23 74
2 3 0 4 20 7 62
2 3 0 4 9 18 52
2 3 0 3 26 2 3
2 3 0 3 15 13 183
2 3 0 3 4 24 59
2 3 0 2 21 8 178
2 3 0 2 10 19 90
2 3 0 1 27 3 69
2 3 0 1 16 14 53
2 3 0 1 5 25 54
2 3 0 0 22 9 40
2 3 0 0 11 20 129
2 2 30 1 1 0 102
2 2 28 2 2 0 51
2 2 28 0 3 1 167
2 2 27 2 0 3 14
2 2 27 0 1 4 130
2 2 26 3 3 0 52
2 2 26 1 4 1 72
2 2 25 5 0 2 98
2 2 25 3 1 3 173
2 2 25 1 2 4 22
2 2 24 4 4 0 11
2 2 24 2 5 1 137
2 2 24 1 0 7 33
2 2 24 0 6 2 162
2 2 23 8 0 1 17
2 2 23 6 1 2 178
2 2 23 4 2 3 29
2 2 23 2 3 4 8
2 2 23 0 4 5 60
2 2 22 5 5 0 108
2 2 22 4 0 6 44
2 2 22 3 6 1 6
2 2 22 2 1 7 12
2 2 22 1 7 2 68
2 2 22 0 2 8 144
2 2 21 11 0 0 87
2 2 21 9 1 1 151
2 2 21 7 2 2 26
2 2 21 5 3 3 127
2 2 21 3 4 4 96
2 2 21 1 5 5 167
2 2 21 0 11 0 48
2 2 21 0 0 11 73
2 2 20 7 0 5 195
2 2 20 6 6 0 166
2 2 20 5 1 6 95
2 2 20 4 7 1 41
2 2 20 3 2 7 194
2 2 20 2 8 2 185
2 2 20 1 3 8 108
2 2 20 0 9 3 93
2 2 19 12 1 0 80
2 2 19 10 2 1 71
2 2 19 8 3 2 7
2 2 19 6 4 3 20
2 2 19 4 5 4 41
2 2 19 3 0 10 72
2 2 19 2 6 5 188
2 2 19 1 12 0 106
2 2 19 1 1 11 183
2 2 19 0 7 6 27
2 2 18 10 0 4 60
2 2 18 8 1 5 50
2 2 18 7 7 0 39
2 2 18 6 2 6 31
2 2 18 5 8 1 145
2 2 18 4 3 7 193
2 2 18 3 9 2 192
2 2 18 2 4 8 153
2 2 18 1 10 3 69
2 2 18 0 5 9 105
2 2 17 13 2 0 148
2 2 17 11 3 1 116
2 2 17 9 4 2 194
2 2 17 7 5 3 15
2 2 17 6 0 9 137
2 2 17 5 6 4 20
2 2 17 4 1 10 71
2 2 17 3 7 5 64
2 2 17 2 13 0 144
2 2 17 2 2 11 89
2 2 17 1 8 6 36
2 2 17 0 14 1 174
2 2 17 0 3 12 126
2 2 16 13 0 3 107
2 2 16 11 1 4 104
2 2 16 9 2 5 69
2 2 16 8 8 0 57
2 2 16 7 3 6 42
2 2 16 6 9 1 137
2 2 16 5 4 7 146
2 2 16 4 10 2 75
2 2 16 3 5 8 133
2 2 16 2 11 3 168
2 2 16 2 0 14 123
2 2 16 1 6 9 112
2 2 16 0 12 4 112
2 2 16 0 1 15 164
2 2 15 14 3 0 136
2 2 15 12 4 1 160
2 2 15 10 5 2 178
2 2 15 9 0 8 186
2 2 15 8 6 3 77
2 2 15 7 1 9 7
2 2 15 6 7 4 188
2 2 15 5 2 10 64
2 2 15 4 8 5 56
2 2 15 3 14 0 12
2 2 15 3 3 11 190
2 2 15 2 9 6 121
2 2 15 1 15 1 138
2 2 15 1 4 12 51
2 2 15 0 10 7 53
2 2 14 16 0 2 77
2 2 14 14 1 3 19
2 2 14 12 2 4 79
2 2 14 10 3 5 180
2 2 14 9 9 0 84
2 2 14 8 4 6 151
2 2 14 7 10 1 60
2 2 14 6 5 7 109
2 2 14 5 11 2 80
2 2 14 5 0 13 109
2 2 14 4 6 8 149
2 2 14 3 12 3 4
2 2 14 3 1 14 171
2 2 14 2 7 9 43
2 2 14 1 13 4 121
2 2 14 1 2 15 128
2 2 14 0 8 10 142
2 2 13 15 4 0 123
2 2 13 13 5 1 105
2 2 13 12 0 7 28
2 2 13 11 6 2 10
2 2 13 10 1 8 133
2 2 13 9 7 3 142
2 2 13 8 2 9 88
2 2 13 7 8 4 81
2 2 13 6 3 10 106
2 2 13 5 9 5 20
2 2 13 4 15 0 124
2 2 13 4 4 11 137
2 2 13 3 10 6 113
2 2 13 2 16 1 105
2 2 13 2 5 12 194
2 2 13 1 11 7 17
2 2 13 1 0 18 18
2 2 13 0 17 2 161
2 2 13 0 6 13 190
2 2 12 19 0 1 152
2 2 12 17 1 2 147
2 2 12 15 2 3 99
2 2 12 13 3 4 92
2 2 12 11 4 5 4
2 2 12 10 10 0 74
2 2 12 9 5 6 158
2 2 12 8 11 1 59
2 2 12 8 0 12 128
2 2 12 7 6 7 112
2 2 12 6 12 2 106
2 2 12 6 1 13 115
2 2 12 5 7 8 161
2 2 12 4 13 3 62
2 2 12 4 2 14 98
2 2 12 3 8 9 178
2 2 12 2 14 4 46
2 2 12 2 3 15 139
2 2 12 1 9 10 162
2 2 12 0 15 5 66
2 2 12 0 4 16 69
2 2 11 16 5 0 14
2 2 11 15 0 6 83
2 2 11 14 6 1 86
2 2 11 13 1 7 125
2 2 11 12 7 2 66
2 2 11 11 2 8 69
2 2 11 10 8 3 45
2 2 11 9 3 9 141
2 2 11 8 9 4 114
2 2 11 7 4 10 52
2 2 11 6 10 5 143
2 2 11 5 16 0 153
2 2 11 5 5 11 156
2 2 11 4 11 6 38
2 2 11 4 0 17 74
2 2 11 3 17 1 95
2 2 11 3 6 12 191
2 2 11 2 12 7 124
2 2 11 2 1 18 31
2 2 11 1 18 2 90
2 2 11 1 7 13 63
2 2 11 0 13 8 184
2 2 11 0 2 19 49
2 2 10 22 0 0 95
2 2 10 20 1 1 101
2 2 10 18 2 2 58
2 2 10 16 3 3 108
2 2 10 14 4 4 138
2 2 10 12 5 5 67
2 2 10 11 11 0 35
2 2 10 11 0 11 65
2 2 10 10 6 6 106
2 2 10 9 12 1 25
2 2 10 9 1 12 20
2 2 10 8 7 7 154
2 2 10 7 13 2 118
2 2 10 7 2 13 13
2 2 10 6 8 8 145
2 2 10 5 14 3 45
2 2 10 5 3 14 27
2 2 10 4 9 9 74
2 2 10 3 15 4 108
2 2 10 3 4 15 90
2 2 10 2 10 10 195
2 2 10 1 16 5 193
2 2 10 1 5 16 60
2 2 10 0 22 0 139
2 2 10 0 11 11 6
2 2 10 0 0 22 191
2 2 9 18 0 5 77
2 2 9 17 6 0 24
2 2 9 15 7 1 186
2 2 9 14 2 7 182
2 2 9 13 8 2 23
2 2 9 12 3 8 94
2 2 9 11 9 3 164
2 2 9 10 4 9 164
2 2 9 9 10 4 47
2 2 9 8 5 10 25
2 2 9 7 11 5 142
2 2 9 7 0 16 153
2 2 9 6 17 0 112
2 2 9 6 6 11 25
2 2 9 5 12 6 32
2 2 9 4 18 1 122
2 2 9 4 7 12 182
2 2 9 3 13 7 78
2 2 9 3 2 18 130
2 2 9 2 19 2 179
2 2 9 2 8 13 24
2 2 9 1 14 8 55
2 2 9 1 3 19 124
2 2 9 0 20 3 66
2 2 9 0 9 14 35
2 2 8 23 1 0 20
2 2 8 21 2 1 146
2 2 8 19 3 2 164
2 2 8 17 4 3 3
2 2 8 15 5 4 120
2 2 8 14 0 10 35
2 2 8 13 6 5 194
2 2 8 12 12 0 137
2 2 8 12 1 11 103
2 2 8 11 7 6 2
2 2 8 10 13 1 198
2 2 8 10 2 12 73
2 2 8 9 8 7 177
2 2 8 8 14 2 11
2 2 8 8 3 13 21
2 2 8 7 9 8 128
2 2 8 6 15 3 32
2 2 8 6 4 14 83
2 2 8 5 10 9 159
2 2 8 4 16 4 51
2 2 8 4 5 15 140
2 2 8 3 11 10 111
2 2 8 3 0 21 77
2 2 8 2 17 5 121
2 2 8 2 6 16 94
2 2 8 1 23 0 143
2 2 8 1 12 11 159
2 2 8 1 1 22 110
2 2 8 0 18 6 41
2 2 8 0 7 17 138
2 2 7 21 0 4 114
2 2 7 19 1 5 15
2 2 7 18 7 0 169
2 2 7 17 2 6 152
2 2 7 16 8 1 57
2 2 7 15 3 7 152
2 2 7 14 9 2 49
2 2 7 13 4 8 99
2 2 7 12 10 3 188
2 2 7 11 5 9 74
2 2 7 10 11 4 38
2 2 7 10 0 15 180
2 2 7 9 6 10 185
2 2 7 8 12 5 116
2 2 7 8 1 16 34
2 2 7 7 18 0 197
2 2 7 7 7 11 181
2 2 7 6 13 6 62
2 2 7 6 2 17 194
2 2 7 5 19 1 68
2 2 7 5 8 12 37
2 2 7 4 14 7 84
2 2 7 4 3 18 197
2 2 7 3 20 2 138
2 2 7 3 9 13 60
2 2 7 2 15 8 104
2 2 7 2 4 19 176
2 2 7 1 21 3 29
2 2 7 1 10 14 51
2 2 7 0 16 9 141
2 2 7 0 5 20 170
2 2 6 24 2 0 194
2 2 6 22 3 1 145
2 2 6 20 4 2 100
2 2 6 18 5 3 83
2 2 6 17 0 9 139
2 2 6 16 6 4 100
2 2 6 15 1 10 108
2 2 6 14 7 5 26
2 2 6 13 13 0 78
2 2 6 13 2 11 117
2 2 6 12 8 6 63
2 2 6 11 14 1 17
2 2 6 11 3 12 93
2 2 6 10 9 7 39
2 2 6 9 15 2 74
2 2 6 9 4 13 94
2 2 6 8 10 8 118
2 2 6 7 16 3 122
2 2 6 7 5 14 103
2 2 6 6 11 9 27
2 2 6 6 0 20 126
2 2 6 5 17 4 51
2 2 6 5 6 15 11
2 2 6 4 12 10 20
2 2 6 4 1 21 154
2 2 6 3 18 5 178
2 2 6 3 7 16 123
2 2 6 2 24 0 149
2 2 6 2 13 11 38
2 2 6 2 2 22 127
2 2 6 1 19 6 1
2 2 6 1 8 17 155
2 2 6 0 25 1 106
2 2 6 0 14 12 133
2 2 6 0 3 23 16
2 2 5 24 0 3 82
2 2 5 22 1 4 148
2 2 5 20 2 5 76
2 2 5 19 8 0 176
2 2 5 18 3 6 55
2 2 5 17 9 1 134
2 2 5 16 4 7 157
2 2 5 15 10 2 178
2 2 5 14 5 8 145
2 2 5 13 11 3 184
2 2 5 13 0 14 66
2 2 5 12 6 9 9
2 2 5 11 12 4 85
2 2 5 11 1 15 129
2 2 5 10 7 10 18
2 2 5 9 13 5 33
2 2 5 9 2 16 74
2 2 5 8 19 0 39
2 2 5 8 8 11 117
2 2 5 7 14 6 189
2 2 5 7 3 17 55
2 2 5 6 20 1 68
2 2 5 6 9 12 82
2 2 5 5 15 7 133
2 2 5 5 4 18 158
2 2 5 4 21 2 187
2 2 5 4 10 13 34
2 2 5 3 16 8 176
2 2 5 3 5 19 105
2 2 5 2 22 3 78
2 2 5 2 11 14 175
2 2 5 2 0 25 69
2 2 5 1 17 9 173
2 2 5 1 6 20 125
2 2 5 0 23 4 131
2 2 5 0 12 15 34
2 2 5 0 1 26 45
2 2 4 25 3 0 142
2 2 4 23 4 1 191
2 2 4 21 5 2 179
2 2 4 20 0 8 145
2 2 4 19 6 3 10
2 2 4 18 1 9 119
2 2 4 17 7 4 189
2 2 4 16 2 10 73
2 2 4 15 8 5 87
2 2 4 14 14 0 31
2 2 4 14 3 11 195
2 2 4 13 9 6 115
2 2 4 12 15 1 49
2 2 4 12 4 12 175
2 2 4 11 10 7 6
2 2 4 10 16 2 24
2 2 4 10 5 13 46
2 2 4 9 11 8 171
2 2 4 9 0 19 90
2 2 4 8 17 3 130
2 2 4 8 6 14 79
2 2 4 7 12 9 186
2 2 4 7 1 20 44
2 2 4 6 18 4 163
2 2 4 6 7 15 112
2 2 4 5 13 10 183
2 2 4 5 2 21 45
2 2 4 4 19 5 9
2 2 4 4 8 16 163
2 2 4 3 25 0 188
2 2 4 3 14 11 47
2 2 4 3 3 22 151
2 2 4 2 20 6 91
2 2 4 2 9 17 103
2 2 4 1 26 1 181
2 2 4 1 15 12 126
2 2 4 1 4 23 76
2 2 4 0 21 7 152
2 2 4 0 10 18 101
2 2 3 27 0 2 60
2 2 3 25 1 3 55
2 2 3 23 2 4 85
2 2 3 21 3 5 195
2 2 3 20 9 0 40
2 2 3 19 4 6 62
2 2 3 18 10 1 118
2 2 3 17 5 7 2
2 2 3 16 11 2 69
2 2 3 16 0 13 174
2 2 3 15 6 8 87
2 2 3 14 12 3 99
2 2 3 14 1 14 166
2 2 3 13 7 9 101
2 2 3 12 13 4 65
2 2 3 12 2 15 43
2 2 3 11 8 10 196
2 2 3 10 14 5 148
2 2 3 10 3 16 187
2 2 3 9 20 0 147
2 2 3 9 9 11 82
2 2 3 8 15 6 122
2 2 3 8 4 17 126
2 2 3 7 21 1 192
2 2 3 7 10 12 89
2 2 3 6 16 7 85
2 2 3 6 5 18 107
2 2 3 5 22 2 182
2 2 3 5 11 13 154
2 2 3 5 0 24 48
2 2 3 4 17 8 122
2 2 3 4 6 19 72
2 2 3 3 23 3 184
2 2 3 3 12 14 143
2 2 3 3 1 25 50
2 2 3 2 18 9 98
2 2 3 2 7 20 98
2 2 3 1 24 4 124
2 2 3 1 13 15 128
2 2 3 1 2 26 94
2 2 3 0 19 10 54
2 2 3 0 8 21 193
2 2 2 26 4 0 146
2 2 2 24 5 1 173
2 2 2 23 0 7 166
2 2 2 22 6 2 179
2 2 2 21 1 8 168
2 2 2 20 7 3 139
2 2 2 19 2 9 58
2 2 2 18 8 4 13
2 2 2 17 3 10 36
2 2 2 16 9 5 90
2 2 2 15 15 0 169
2 2 2 15 4 11 22
2 2 2 14 10 6 7
2 2 2 13 16 1 31
2 2 2 13 5 12 180
2 2 2 12 11 7 15
2 2 2 12 0 18 53
2 2 2 11 17 2 115
2 2 2 11 6 13 143
2 2 2 10 12 8 80
2 2 2 10 1 19 148
2 2 2 9 18 3 174
2 2 2 9 7 14 79
2 2 2 8 13 9 58
2 2 2 8 2 20 13
2 2 2 7 19 4 189
2 2 2 7 8 15 110
2 2 2 6 14 10 14
2 2 2 6 3 21 74
2 2 2 5 20 5 183
2 2 2 5 9 16 40
2 2 2 4 26 0 169
2 2 2 4 15 11 25
2 2 2 4 4 22 72
2 2 2 3 21 6 136
2 2 2 3 10 17 62
2 2 2 2 27 1 43
2 2 2 2 16 12 140
2 2 2 2 5 23 26
2 2 2 1 22 7 115
2 2 2 1 11 18 50
2 2 2 1 0 29 195
2 2 2 0 28 2 195
2 2 2 0 17 13 56
2 2 2 0 6 24 127
2 2 1 30 0 1 184
2 2 1 28 1 2 34
2 2 1 26 2 3 176
2 2 1 24 3 4 105
2 2 1 22 4 5 69
2 2 1 21 10 0 148
2 2 1 20 5 6 187
2 2 1 19 11 1 17
2 2 1 19 0 12 128
2 2 1 18 6 7 114
2 2 1 17 12 2 24
2 2 1 17 1 13 13
2 2 1 16 7 8 67
2 2 1 15 13 3 140
2 2 1 15 2 14 198
2 2 1 14 8 9 176
2 2 1 13 14 4 38
2 2 1 13 3 15 60
2 2 1 12 9 10 150
2 2 1 11 15 5 171
2 2 1 11 4 16 99
2 2 1 10 21 0 28
2 2 1 10 10 11 132
2 2 1 9 16 6 110
2 2 1 9 5 17 15
2 2 1 8 22 1 102
2 2 1 8 11 12 60
2 2 1 8 0 23 190
2 2 1 7 17 7 129
2 2 1 7 6 18 191
2 2 1 6 23 2 34
2 2 1 6 12 13 6
2 2 1 6 1 24 133
2 2 1 5 18 8 141
2 2 1 5 7 19 129
2 2 1 4 24 3 195
2 2 1 4 13 14 195
2 2 1 4 2 25 69
2 2 1 3 19 9 26
2 2 1 3 8 20 56
2 2 1 2 25 4 2
2 2 1 2 14 15 95
2 2 1 2 3 26 37
2 2 1 1 20 10 55
2 2 1 1 9 21 48
2 2 1 0 26 5 106
2 2 1 0 15 16 128
2 2 1 0 4 27 16
2 2 0 27 5 0 191
2 2 0 26 0 6 31
2 2 0 25 6 1 97
2 2 0 24 1 7 99
2 2 0 23 7 2 10
2 2 0 22 2 8 186
2 2 0 21 8 3 3
2 2 0 20 3 9 148
2 2 0 18 4 10 36
2 2 0 17 10 5 32
2 2 0 16 16 0 15
2 2 0 16 5 11 69
2 2 0 15 11 6 9
2 2 0 15 0 17 126
2 2 0 14 17 1 127
2 2 0 14 6 12 132
2 2 0 13 12 7 122
2 2 0 13 1 18 53
2 2 0 12 18 2 14
2 2 0 12 7 13 72
2 2 0 11 13 8 192
2 2 0 11 2 19 181
2 2 0 10 19 3 162
2 2 0 10 8 14 47
2 2 0 9 14 9 183
2 2 0 9 3 20 107
2 2 0 8 20 4 13
2 2 0 8 9 15 176
2 2 0 7 15 10 188
2 2 0 7 4 21 159
2 2 0 6 21 5 197
2 2 0 6 10 16 34
2 2 0 5 27 0 30
2 2 0 5 16 11 119
2 2 0 5 5 22 24
2 2 0 4 22 6 47
2 2 0 4 11 17 28
2 2 0 4 0 28 18
2 2 0 3 28 1 74
2 2 0 3 17 12 184
2 2 0 3 6 23 192
2 2 0 2 23 7 13
2 2 0 2 12 18 151
2 2 0 2 1 29 42
2 2 0 1 29 2 103
2 2 0 1 18 13 191
2 2 0 1 7 24 154
2 2 0 0 24 8 139
2 2 0 0 13 19 169
2 2 0 0 2 30 195
2 1 31 0 0 2 72
2 1 29 3 0 1 113
2 1 29 1 1 2 56
2 1 28 0 5 0 123
2 1 27 6 0 0 14
2 1 27 4 1 1 179
2 1 27 2 2 2 21
2 1 27 0 3 3 145
2 1 26 2 0 5 138
2 1 26 1 6 0 10
2 1 26 0 1 6 129
2 1 25 7 1 0 35
2 1 25 5 2 1 67
2 1 25 3 3 2 40
2 1 25 1 4 3 29
2 1 24 5 0 4 125
2 1 24 3 1 5 125
2 1 24 2 7 0 22
2 1 24 1 2 6 197
2 1 24 0 8 1 37
2 1 23 8 2 0 133
2 1 23 6 3 1 144
2 1 23 4 4 2 116
2 1 23 2 5 3 68
2 1 23 1 0 9 72
2 1 23 0 6 4 177
2 1 22 8 0 3 139
2 1 22 6 1 4 131
2 1 22 4 2 5 61
2 1 22 3 8 0 30
2 1 22 2 3 6 7
2 1 22 1 9 1 67
2 1 22 0 4 7 26
2 1 21 9 3 0 8
2 1 21 7 4 1 91
2 1 21 5 5 2 15
2 1 21 4 0 8 79
2 1 21 3 6 3 54
2 1 21 2 1 9 120
2 1 21 1 7 4 163
2 1 21 0 2 10 104
2 1 20 11 0 2 183
2 1 20 9 1 3 90
2 1 20 7 2 4 32
2 1 20 5 3 5 35
2 1 20 4 9 0 38
2 1 20 3 4 6 147
2 1 20 2 10 1 93
2 1 20 1 5 7 25
2 1 20 0 11 2 171
2 1 20 0 0 13 79
2 1 19 10 4 0 114
2 1 19 8 5 1 198
2 1 19 7 0 7 39
2 1 19 6 6 2 104
2 1 19 5 1 8 169
2 1 19 4 7 3 177
2 1 19 3 2 9 156
2 1 19 2 8 4 119
2 1 19 1 3 10 180
2 1 19 0 9 5 161
2 1 18 14 0 1 71
2 1 18 12 1 2 164
2 1 18 10 2 3 130
2 1 18 8 3 4 154
2 1 18 6 4 5 179
2 1 18 5 10 0 46
2 1 18 4 5 6 11
2 1 18 3 11 1 158
2 1 18 3 0 12 14
2 1 18 2 6 7 184
2 1 18 1 12 2 15
2 1 18 1 1 13 193
2 1 18 0 7 8 106
2 1 17 10 0 6 101
2 1 17 9 6 1 114
2 1 17 8 1 7 32
2 1 17 7 7 2 185
2 1 17 6 2 8 130
2 1 17 5 8 3 151
2 1 17 4 3 9 36
2 1 17 3 9 4 133
2 1 17 2 4 10 84
2 1 17 1 10 5 88
2 1 17 0 16 0 38
2 1 17 0 5 11 39
2 1 16 17 0 0 33
2 1 16 15 1 1 119
2 1 16 13 2 2 129
2 1 16 11 3 3 122
2 1 16 9 4 4 139
2 1 16 7 5 5 101
2 1 16 6 11 0 35
2 1 16 6 0 11 26
2 1 16 5 6 6 16
2 1 16 4 12 1 7
2 1 16 4 1 12 87
2 1 16 3 7 7 175
2 1 16 2 13 2 145
2 1 16 2 2 13 164
2 1 16 1 8 8 122
2 1 16 0 14 3 98
2 1 16 0 3 14 89
2 1 15 13 0 5 135
2 1 15 12 6 0 165
2 1 15 11 1 6 178
2 1 15 10 7 1 5
2 1 15 9 2 7 167
2 1 15 8 8 2 61
2 1 15 7 3 8 180
2 1 15 6 9 3 32
2 1 15 5 4 9 155
2 1 15 4 10 4 19
2 1 15 3 5 10 52
2 1 15 2 11 5 42
2 1 15 2 0 16 114
2 1 15 1 17 0 2
2 1 15 1 6 11 20
2 1 15 0 12 6 11
2 1 15 0 1 17 155
2 1 14 18 1 0 72
2 1 14 16 2 1 72
2 1 14 14 3 2 89
2 1 14 12 4 3 3
2 1 14 10 5 4 111
2 1 14 9 0 10 24
2 1 14 8 6 5 190
2 1 14 7 12 0 155
2 1 14 7 1 11 186
2 1 14 6 7 6 17
2 1 14 5 13 1 138
2 1 14 5 2 12 53
2 1 14 4 8 7 10
2 1 14 3 14 2 30
2 1 14 3 3 13 61
2 1 14 2 9 8 122
2 1 14 1 15 3 195
2 1 14 1 4 14 98
2 1 14 0 10 9 15
2 1 13 16 0 4 142
2 1 13 14 1 5 136
2 1 13 13 7 0 124
2 1 13 12 2 6 89
2 1 13 11 8 1 102
2 1 13 10 3 7 116
2 1 13 9 9 2 108
2 1 13 8 4 8 180
2 1 13 7 10 3 84
2 1 13 6 5 9 129
2 1 13 5 11 4 75
2 1 13 5 0 15 181
2 1 13 4 6 10 103
2 1 13 3 12 5 191
2 1 13 3 1 16 104
2 1 13 2 18 0 48
2 1 13 2 7 11 60
2 1 13 1 13 6 178
2 1 13 1 2 17 88
2 1 13 0 19 1 74
2 1 13 0 8 12 115
2 1 12 19 2 0 147
2 1 12 15 4 2 158
2 1 12 13 5 3 114
2 1 12 12 0 9 121
2 1 12 10 1 10 42
2 1 12 9 7 5 159
2 1 12 8 13 0 66
2 1 12 8 2 11 48
2 1 12 7 8 6 73
2 1 12 6 14 1 56
2 1 12 6 3 12 193
2 1 12 5 9 7 197
2 1 12 4 15 2 131
2 1 12 4 4 13 151
2 1 12 3 10 8 177
2 1 12 2 16 3 68
2 1 12 2 5 14 23
2 1 12 1 11 9 7
2 1 12 1 0 20 24
2 1 12 0 17 4 169
2 1 12 0 6 15 97
2 1 11 19 0 3 43
2 1 11 17 1 4 180
2 1 11 15 2 5 48
2 1 11 14 8 0 9
2 1 11 13 3 6 130
2 1 11 12 9 1 56
2 1 11 11 4 7 6
2 1 11 10 10 2 20
2 1 11 9 5 8 88
2 1 11 8 11 3 23
2 1 11 8 0 14 93
2 1 11 7 6 9 179
2 1 11 6 12 4 59
2 1 11 6 1 15 103
2 1 11 5 7 10 110
2 1 11 4 13 5 34
2 1 11 4 2 16 112
2 1 11 3 19 0 157
2 1 11 3 8 11 11
2 1 11 2 14 6 114
2 1 11 2 3 17 66
2 1 11 1 20 1 56
2 1 11 1 9 12 135
2 1 11 0 15 7 136
2 1 11 0 4 18 73
2 1 10 20 3 0 61
2 1 10 18 4 1 37
2 1 10 16 5 2 120
2 1 10 15 0 8 45
2 1 10 14 6 3 28
2 1 10 13 1 9 47
2 1 10 12 7 4 178
2 1 10 11 2 10 13
2 1 10 10 8 5 50
2 1 10 9 14 0 158
2 1 10 9 3 11 169
2 1 10 8 9 6 59
2 1 10 7 15 1 171
2 1 10 7 4 12 190
2 1 10 6 10 7 51
2 1 10 5 16 2 44
2 1 10 5 5 13 27
2 1 10 4 11 8 46
2 1 10 4 0 19 88
2 1 10 3 17 3 13
2 1 10 3 6 14 85
2 1 10 2 12 9 42
2 1 10 2 1 20 171
2 1 10 1 18 4 145
2 1 10 1 7 15 186
2 1 10 0 13 10 154
2 1 10 0 2 21 73
2 1 9 22 0 2 176
2 1 9 20 1 3 52
2 1 9 18 2 4 98
2 1 9 16 3 5 17
2 1 9 15 9 0 29
2 1 9 14 4 6 177
2 1 9 13 10 1 86
2 1 9 12 5 7 26
2 1 9 11 11 2 124
2 1 9 11 0 13 195
2 1 9 10 6 8 143
2 1 9 9 12 3 157
2 1 9 9 1 14 71
2 1 9 8 7 9 114
2 1 9 7 13 4 153
2 1 9 7 2 15 126
2 1 9 6 8 10 194
2 1 9 5 14 5 143
2 1 9 5 3 16 50
2 1 9 4 20 0 92
2 1 9 4 9 11 192
2 1 9 3 15 6 150
2 1 9 3 4 17 74
2 1 9 2 21 1 128
2 1 9 2 10 12 41
2 1 9 1 16 7 97
2 1 9 1 5 18 29
2 1 9 0 22 2 71
2 1 9 0 11 13 24
2 1 9 0 0 24 192
2 1 8 21 4 0 14
2 1 8 19 5 1 17
2 1 8 18 0 7 72
2 1 8 17 6 2 132
2 1 8 16 1 8 26
2 1 8 15 7 3 83
2 1 8 14 2 9 72
2 1 8 13 8 4 116
2 1 8 12 3 10 7
2 1 8 11 9 5 192
2 1 8 10 15 0 123
2 1 8 10 4 11 197
2 1 8 9 10 6 154
2 1 8 8 16 1 189
2 1 8 8 5 12 118
2 1 8 7 11 7 9
2 1 8 7 0 18 187
2 1 8 6 17 2 119
2 1 8 6 6 13 22
2 1 8 5 12 8 64
2 1 8 5 1 19 73
2 1 8 4 18 3 45
2 1 8 4 7 14 86
2 1 8 3 13 9 96
2 1 8 3 2 20 7
2 1 8 2 19 4 59
2 1 8 2 8 15 168
2 1 8 1 14 10 23
2 1 8 1 3 21 181
2 1 8 0 20 5 10
2 1 8 0 9 16 157
2 1 7 25 0 1 37
2 1 7 23 1 2 99
2 1 7 21 2 3 23
2 1 7 19 3 4 76
2 1 7 17 4 5 34
2 1 7 16 10 0 130
2 1 7 15 5 6 95
2 1 7 14 11 1 167
2 1 7 14 0 12 41
2 1 7 13 6 7 146
2 1 7 12 12 2 69
2 1 7 12 1 13 25
2 1 7 11 7 8 93
2 1 7 10 13 3 195
2 1 7 10 2 14 7
2 1 7 9 8 9 84
2 1 7 8 14 4 90
2 1 7 8 3 15 147
2 1 7 7 9 10 116
2 1 7 6 15 5 69
2 1 7 6 4 16 120
2 1 7 5 21 0 47
2 1 7 5 10 11 97
2 1 7 4 16 6 152
2 1 7 4 5 17 110
2 1 7 3 22 1 43
2 1 7 3 11 12 71
2 1 7 3 0 23 65
2 1 7 2 17 7 75
2 1 7 2 6 18 47
2 1 7 1 23 2 81
2 1 7 1 12 13 8
2 1 7 1 1 24 105
2 1 7 0 18 8 31
2 1 7 0 7 19 64
2 1 6 22 5 0 42
2 1 6 21 0 6 30
2 1 6 20 6 1 60
2 1 6 19 1 7 184
2 1 6 18 7 2 166
2 1 6 17 2 8 115
2 1 6 16 8 3 116
2 1 6 15 3 9 121
2 1 6 14 9 4 163
2 1 6 13 4 10 146
2 1 6 12 10 5 87
2 1 6 11 16 0 93
2 1 6 11 5 11 105
2 1 6 10 11 6 155
2 1 6 10 0 17 113
2 1 6 9 17 1 18
2 1 6 9 6 12 64
2 1 6 8 12 7 83
2 1 6 8 1 18 179
2 1 6 7 18 2 193
2 1 6 7 7 13 62
2 1 6 6 13 8 63
2 1 6 6 2 19 143
2 1 6 5 19 3 29
2 1 6 5 8 14 40
2 1 6 4 14 9 120
2 1 6 4 3 20 120
2 1 6 3 20 4 189
2 1 6 3 9 15 111
2 1 6 2 15 10 6
2 1 6 2 4 21 128
2 1 6 1 21 5 108
2 1 6 1 10 16 12
2 1 6 0 27 0 3
2 1 6 0 16 11 113
2 1 6 0 5 22 83
2 1 5 28 0 0 43
2 1 5 26 1 1 114
2 1 5 24 2 2 7
2 1 5 22 3 3 86
2 1 5 20 4 4 175
2 1 5 18 5 5 81
2 1 5 17 11 0 197
2 1 5 17 0 11 188
2 1 5 16 6 6 59
2 1 5 15 12 1 74
2 1 5 15 1 12 47
2 1 5 14 7 7 145
2 1 5 13 13 2 153
2 1 5 13 2 13 133
2 1 5 12 8 8 183
2 1 5 11 14 3 117
2 1 5 11 3 14 10
2 1 5 10 9 9 116
2 1 5 9 15 4 85
2 1 5 9 4 15 191
2 1 5 8 10 10 10
2 1 5 7 16 5 142
2 1 5 7 5 16 126
2 1 5 6 22 0 47
2 1 5 6 11 11 160
2 1 5 6 0 22 4
2 1 5 5 17 6 169
2 1 5 5 6 17 194
2 1 5 4 23 1 121
2 1 5 4 12 12 114
2 1 5 4 1 23 172
2 1 5 3 18 7 146
2 1 5 3 7 18 80
2 1 5 2 24 2 72
2 1 5 2 13 13 183
2 1 5 2 2 24 168
2 1 5 1 19 8 144
2 1 5 1 8 19 82
2 1 5 0 25 3 3
2 1 5 0 14 14 134
2 1 5 0 3 25 50
2 1 4 24 0 5 6
2 1 4 23 6 0 118
2 1 4 22 1 6 164
2 1 4 21 7 1 71
2 1 4 20 2 7 93
2 1 4 19 8 2 59
2 1 4 18 3 8 14
2 1 4 17 9 3 58
2 1 4 16 4 9 23
2 1 4 15 10 4 193
2 1 4 14 5 10 148
2 1 4 13 11 5 69
2 1 4 13 0 16 133
2 1 4 12 17 0 170
2 1 4 12 6 11 72
2 1 4 11 12 6 110
2 1 4 11 1 17 118
2 1 4 10 18 1 41
2 1 4 10 7 12 51
2 1 4 9 13 7 107
2 1 4 9 2 18 168
2 1 4 8 19 2 187
2 1 4 8 8 13 160
2 1 4 7 14 8 141
2 1 4 7 3 19 52
2 1 4 6 20 3 179
2 1 4 6 9 14 49
2 1 4 5 15 9 21
2 1 4 5 4 20 8
2 1 4 4 21 4 53
2 1 4 4 10 15 127
2 1 4 3 16 10 13
2 1 4 3 5 21 166
2 1 4 2 22 5 197
2 1 4 2 11 16 38
2 1 4 2 0 27 19
2 1 4 1 28 0 151
2 1 4 1 17 11 21
2 1 4 1 6 22 136
2 1 4 0 23 6 140
2 1 4 0 12 17 164
2 1 4 0 1 28 72
2 1 3 29 1 0 195
2 1 3 27 2 1 34
2 1 3 25 3 2 23
2 1 3 23 4 3 86
2 1 3 21 5 4 88
2 1 3 20 0 10 166
2 1 3 19 6 5 22
2 1 3 18 12 0 10
2 1 3 18 1 11 91
2 1 3 17 7 6 150
2 1 3 16 13 1 179
2 1 3 16 2 12 10
2 1 3 15 8 7 35
2 1 3 14 14 2 184
2 1 3 14 3 13 85
2 1 3 13 9 8 178
2 1 3 12 4 14 107
2 1 3 11 10 9 182
2 1 3 10 16 4 131
2 1 3 10 5 15 190
2 1 3 9 11 10 40
2 1 3 9 0 21 87
2 1 3 8 17 5 87
2 1 3 8 6 16 191
2 1 3 7 23 0 107
2 1 3 7 12 11 191
2 1 3 7 1 22 183
2 1 3 6 18 6 126
2 1 3 6 7 17 151
2 1 3 5 24 1 186
2 1 3 5 13 12 195
2 1 3 5 2 23 137
2 1 3 4 19 7 9
2 1 3 4 8 18 184
2 1 3 3 25 2 93
2 1 3 3 14 13 91
2 1 3 3 3 24 111
2 1 3 2 20 8 11
2 1 3 2 9 19 177
2 1 3 1 26 3 110
2 1 3 1 15 14 151
2 1 3 1 4 25 2
2 1 3 0 21 9 122
2 1 3 0 10 20 129
2 1 2 27 0 4 179
2 1 2 25 1 5 21
2 1 2 24 7 0 124
2 1 2 23 2 6 75
2 1 2 22 8 1 13
2 1 2 21 3 7 15
2 1 2 20 9 2 109
2 1 2 19 4 8 78
2 1 2 18 10 3 132
2 1 2 17 5 9 56
2 1 2 16 11 4 31
2 1 2 16 0 15 6
2 1 2 15 6 10 58
2 1 2 14 12 5 179
2 1 2 14 1 16 142
2 1 2 13 18 0 146
2 1 2 13 7 11 140
2 1 2 12 13 6 107
2 1 2 12 2 17 95
2 1 2 11 19 1 167
2 1 2 11 8 12 136
2 1 2 10 14 7 67
2 1 2 10 3 18 25
2 1 2 9 20 2 47
2 1 2 9 9 13 55
2 1 2 8 15 8 114
2 1 2 8 4 19 25
2 1 2 7 21 3 157
2 1 2 7 10 14 144
2 1 2 6 16 9 98
2 1 2 6 5 20 166
2 1 2 5 22 4 126
2 1 2 5 11 15 37
2 1 2 5 0 26 99
2 1 2 4 17 10 148
2 1 2 4 6 21 28
2 1 2 3 23 5 91
2 1 2 3 12 16 169
2 1 2 3 1 27 115
2 1 2 2 29 0 160
2 1 2 2 18 11 85
2 1 2 2 7 22 85
2 1 2 1 24 6 71
2 1 2 1 13 17 173
2 1 2 1 2 28 87
2 1 2 0 30 1 79
2 1 2 0 19 12 32
2 1 2 0 8 23 90
2 1 1 30 2 0 94
2 1 1 28 3 1 94
2 1 1 26 4 2 79
2 1 1 24 5 3 180
2 1 1 23 0 9 58
2 1 1 22 6 4 168
2 1 1 21 1 10 74
2 1 1 20 7 5 169
2 1 1 19 13 0 159
2 1 1 19 2 11 124
2 1 1 18 8 6 180
2 1 1 17 14 1 84
2 1 1 17 3 12 122
2 1 1 16 9 7 110
2 1 1 15 15 2 116
2 1 1 15 4 13 168
2 1 1 14 10 8 142
2 1 1 13 16 3 104
2 1 1 13 5 14 145
2 1 1 12 11 9 9
2 1 1 12 0 20 128
2 1 1 11 17 4 115
2 1 1 11 6 15 7
2 1 1 10 12 10 16
2 1 1 10 1 21 141
2 1 1 9 18 5 54
2 1 1 9 7 16 119
2 1 1 8 24 0 134
2 1 1 8 13 11 151
2 1 1 8 2 22 194
2 1 1 7 19 6 112
2 1 1 7 8 17 138
2 1 1 6 25 1 163
2 1 1 6 14 12 148
2 1 1 6 3 23 138
2 1 1 5 20 7 46
2 1 1 5 9 18 39
2 1 1 4 26 2 120
2 1 1 4 15 13 49
2 1 1 4 4 24 101
2 1 1 3 21 8 197
2 1 1 3 10 19 151
2 1 1 2 27 3 178
2 1 1 2 16 14 70
2 1 1 2 5 25 197
2 1 1 1 22 9 106
2 1 1 1 11 20 64
2 1 1 1 0 31 139
2 1 1 0 28 4 123
2 1 1 0 17 15 148
2 1 1 0 6 26 8
2 1 0 30 0 3 95
2 1 0 28 1 4 95
2 1 0 26 2 5 19
2 1 0 25 8 0 105
2 1 0 24 3 6 175
2 1 0 23 9 1 143
2 1 0 22 4 7 52
2 1 0 21 10 2 178
2 1 0 20 5 8 152
2 1 0 19 11 3 86
2 1 0 19 0 14 76
2 1 0 18 6 9 95
2 1 0 17 12 4 105
2 1 0 17 1 15 157
2 1 0 16 7 10 59
2 1 0 15 13 5 193
2 1 0 15 2 16 7
2 1 0 14 19 0 97
2 1 0 14 8 11 196
2 1 0 13 14 6 158
2 1 0 13 3 17 20
2 1 0 12 20 1 149
2 1 0 12 9 12 183
2 1 0 11 15 7 123
2 1 0 11 4 18 23
2 1 0 10 21 2 176
2 1 0 10 10 13 144
2 1 0 9 16 8 54
2 1 0 9 5 19 118
2 1 0 8 22 3 35
2 1 0 8 11 14 135
2 1 0 8 0 25 68
2 1 0 7 17 9 138
2 1 0 7 6 20 17
2 1 0 6 23 4 177
2 1 0 6 12 15 122
2 1 0 6 1 26 62
2 1 0 5 18 10 60
2 1 0 5 7 21 63
2 1 0 4 24 5 2
2 1 0 4 13 16 128
2 1 0 4 2 27 195
2 1 0 3 30 0 155
2 1 0 3 19 11 86
2 1 0 3 8 22 107
2 1 0 2 25 6 82
2 1 0 2 14 17 25
2 1 0 2 3 28 62
2 1 0 1 31 1 126
2 1 0 1 20 12 45
2 1 0 1 9 23 93
2 1 0 0 26 7 77
2 1 0 0 15 18 165
2 1 0 0 4 29 61
2 0 33 1 0 0 181
2 0 31 2 1 0 5
2 0 31 0 2 1 56
2 0 30 0 0 4 126
2 0 29 3 2 0 118
2 0 29 1 3 1 157
2 0 28 3 0 3 140
2 0 28 1 1 4 126
2 0 27 4 3 0 92
2 0 27 2 4 1 187
2 0 27 0 5 2 57
2 0 26 6 0 2 38
2 0 26 4 1 3 19
2 0 26 2 2 4 12
2 0 26 0 3 5 178
2 0 25 5 4 0 167
2 0 25 3 5 1 50
2 0 25 2 0 7 37
2 0 25 1 6 2 169
2 0 25 0 1 8 196
2 0 24 9 0 1 20
2 0 24 7 1 2 10
2 0 24 5 2 3 165
2 0 24 3 3 4 178
2 0 24 1 4 5 174
2 0 24 0 10 0 46
2 0 23 6 5 0 20
2 0 23 5 0 6 165
2 0 23 4 6 1 65
2 0 23 3 1 7 88
2 0 23 2 7 2 138
2 0 23 1 2 8 163
2 0 23 0 8 3 125
2 0 22 12 0 0 20
2 0 22 10 1 1 48
2 0 22 8 2 2 186
2 0 22 4 4 4 153
2 0 22 2 5 5 187
2 0 22 1 11 0 47
2 0 22 1 0 11 189
2 0 22 0 6 6 11
2 0 21 8 0 5 165
2 0 21 7 6 0 104
2 0 21 6 1 6 124
2 0 21 5 7 1 105
2 0 21 4 2 7 129
2 0 21 3 8 2 123
2 0 21 2 3 8 72
2 0 21 1 9 3 40
2 0 21 0 4 9 40
2 0 20 13 1 0 134
2 0 20 11 2 1 151
2 0 20 9 3 2 36
2 0 20 7 4 3 82
2 0 20 5 5 4 119
2 0 20 4 0 10 145
2 0 20 3 6 5 30
2 0 20 2 12 0 121
2 0 20 2 1 11 159
2 0 20 1 7 6 194
2 0 20 0 13 1 123
2 0 20 0 2 12 10
2 0 19 11 0 4 45
2 0 19 9 1 5 165
2 0 19 8 7 0 173
2 0 19 7 2 6 91
2 0 19 6 8 1 167
2 0 19 5 3 7 62
2 0 19 4 9 2 109
2 0 19 3 4 8 103
2 0 19 2 10 3 165
2 0 19 1 5 9 157
2 0 19 0 11 4 110
2 0 19 0 0 15 107
2 0 18 14 2 0 184
2 0 18 12 3 1 177
2 0 18 10 4 2 68
2 0 18 8 5 3 128
2 0 18 7 0 9 190
2 0 18 6 6 4 7
2 0 18 5 1 10 142
2 0 18 4 7 5 84
2 0 18 3 13 0 48
2 0 18 3 2 11 120
2 0 18 2 8 6 151
2 0 18 1 14 1 28
2 0 18 1 3 12 94
2 0 18 0 9 7 30
2 0 17 14 0 3 143
2 0 17 12 1 4 5
2 0 17 10 2 5 43
2 0 17 9 8 0 126
2 0 17 8 3 6 33
2 0 17 7 9 1 178
2 0 17 6 4 7 104
2 0 17 5 10 2 118
2 0 17 4 5 8 63
2 0 17 3 11 3 85
2 0 17 3 0 14 178
2 0 17 2 6 9 82
2 0 17 1 12 4 89
2 0 17 1 1 15 114
2 0 17 0 7 10 170
2 0 16 15 3 0 74
2 0 16 13 4 1 64
2 0 16 11 5 2 97
2 0 16 10 0 8 122
2 0 16 9 6 3 133
2 0 16 8 1 9 33
2 0 16 7 7 4 198
2 0 16 6 2 10 137
2 0 16 5 8 5 28
2 0 16 4 14 0 157
2 0 16 4 3 11 37
2 0 16 3 9 6 78
2 0 16 2 4 12 111
2 0 16 1 10 7 171
2 0 16 0 16 2 65
2 0 16 0 5 13 19
2 0 15 17 0 2 89
2 0 15 15 1 3 19
2 0 15 13 2 4 80
2 0 15 11 3 5 6
2 0 15 10 9 0 151
2 0 15 9 4 6 143
2 0 15 8 10 1 76
2 0 15 7 5 7 136
2 0 15 6 11 2 23
2 0 15 6 0 13 189
2 0 15 5 6 8 165
2 0 15 4 12 3 154
2 0 15 4 1 14 88
2 0 15 3 7 9 42
2 0 15 2 13 4 186
2 0 15 2 2 15 75
2 0 15 1 8 10 185
2 0 15 0 14 5 142
2 0 15 0 3 16 115
2 0 14 16 4 0 43
2 0 14 14 5 1 144
2 0 14 13 0 7 169
2 0 14 12 6 2 24
2 0 14 11 1 8 35
2 0 14 10 7 3 65
2 0 14 9 2 9 40
2 0 14 8 8 4 113
2 0 14 7 3 10 37
2 0 14 6 9 5 95
2 0 14 5 15 0 41
2 0 14 5 4 11 184
2 0 14 4 10 6 2
2 0 14 3 16 1 42
2 0 14 3 5 12 22
2 0 14 2 11 7 87
2 0 14 2 0 18 55
2 0 14 1 17 2 105
2 0 14 1 6 13 54
2 0 14 0 12 8 45
2 0 14 0 1 19 45
2 0 13 20 0 1 62
2 0 13 18 1 2 10
2 0 13 16 2 3 193
2 0 13 14 3 4 144
2 0 13 12 4 5 5
2 0 13 11 10 0 19
2 0 13 10 5 6 55
2 0 13 9 11 1 193
2 0 13 9 0 12 192
2 0 13 8 6 7 60
2 0 13 7 12 2 17
2 0 13 7 1 13 27
2 0 13 6 7 8 168
2 0 13 5 13 3 142
2 0 13 5 2 14 187
2 0 13 4 8 9 68
2 0 13 3 14 4 180
2 0 13 3 3 15 47
2 0 13 2 9 10 105
2 0 13 1 15 5 76
2 0 13 1 4 16 46
2 0 13 0 21 0 178
2 0 13 0 10 11 108
2 0 12 17 5 0 143
2 0 12 16 0 6 124
2 0 12 15 6 1 105
2 0 12 14 1 7 175
2 0 12 13 7 2 171
2 0 12 12 2 8 51
2 0 12 11 8 3 50
2 0 12 10 3 9 194
2 0 12 9 9 4 62
2 0 12 8 4 10 14
2 0 12 7 10 5 18
2 0 12 6 16 0 89
2 0 12 6 5 11 44
2 0 12 5 11 6 181
2 0 12 5 0 17 80
2 0 12 4 17 1 159
2 0 12 4 6 12 4
2 0 12 3 12 7 85
2 0 12 3 1 18 15
2 0 12 2 18 2 115
2 0 12 2 7 13 93
2 0 12 1 13 8 128
2 0 12 1 2 19 36
2 0 12 0 19 3 85
2 0 12 0 8 14 123
2 0 11 23 0 0 52
2 0 11 21 1 1 123
2 0 11 19 2 2 27
2 0 11 17 3 3 9
2 0 11 15 4 4 161
2 0 11 13 5 5 187
2 0 11 12 11 0 55
2 0 11 12 0 11 43
2 0 11 11 6 6 38
2 0 11 10 12 1 21
2 0 11 10 1 12 115
2 0 11 9 7 7 111
2 0 11 8 13 2 157
2 0 11 8 2 13 20
2 0 11 7 8 8 113
2 0 11 6 14 3 121
2 0 11 6 3 14 149
2 0 11 5 9 9 73
2 0 11 4 15 4 48
2 0 11 4 4 15 13
2 0 11 3 10 10 29
2 0 11 2 16 5 68
2 0 11 2 5 16 176
2 0 11 1 22 0 15
2 0 11 1 11 11 182
2 0 11 1 0 22 187
2 0 11 0 17 6 37
2 0 11 0 6 17 89
2 0 10 19 0 5 173
2 0 10 18 6 0 65
2 0 10 17 1 6 120
2 0 10 16 7 1 17
2 0 10 15 2 7 71
2 0 10 14 8 2 144
2 0 10 13 3 8 164
2 0 10 12 9 3 123
2 0 10 11 4 9 100
2 0 10 10 10 4 177
2 0 10 9 5 10 142
2 0 10 8 11 5 19
2 0 10 8 0 16 112
2 0 10 7 17 0 152
2 0 10 7 6 11 1
2 0 10 6 12 6 70
2 0 10 6 1 17 147
2 0 10 5 18 1 30
2 0 10 5 7 12 121
2 0 10 4 13 7 98
2 0 10 4 2 18 58
2 0 10 3 19 2 119
2 0 10 3 8 13 56
2 0 10 2 14 8 38
2 0 10 2 3 19 101
2 0 10 1 20 3 140
2 0 10 1 9 14 161
2 0 10 0 15 9 42
2 0 10 0 4 20 179
2 0 9 24 1 0 145
2 0 9 22 2 1 197
2 0 9 20 3 2 72
2 0 9 18 4 3 79
2 0 9 16 5 4 110
2 0 9 15 0 10 84
2 0 9 14 6 5 121
2 0 9 13 12 0 53
2 0 9 13 1 11 179
2 0 9 12 7 6 161
2 0 9 11 13 1 8
2 0 9 11 2 12 157
2 0 9 10 8 7 126
2 0 9 9 14 2 122
2 0 9 9 3 13 173
2 0 9 8 9 8 46
2 0 9 7 15 3 39
2 0 9 7 4 14 128
2 0 9 6 10 9 56
2 0 9 5 16 4 159
2 0 9 5 5 15 198
2 0 9 4 11 10 79
2 0 9 4 0 21 90
2 0 9 3 17 5 182
2 0 9 3 6 16 116
2 0 9 2 23 0 41
2 0 9 2 12 11 32
2 0 9 2 1 22 182
2 0 9 1 18 6 176
2 0 9 1 7 17 126
2 0 9 0 24 1 71
2 0 9 0 13 12 94
2 0 9 0 2 23 83
2 0 8 22 0 4 59
2 0 8 20 1 5 19
2 0 8 19 7 0 112
2 0 8 18 2 6 121
2 0 8 17 8 1 167
2 0 8 16 3 7 56
2 0 8 15 9 2 171
2 0 8 14 4 8 36
2 0 8 13 10 3 130
2 0 8 12 5 9 119
2 0 8 11 11 4 40
2 0 8 11 0 15 23
2 0 8 10 6 10 18
2 0 8 9 12 5 190
2 0 8 9 1 16 99
2 0 8 8 18 0 123
2 0 8 8 7 11 158
2 0 8 7 13 6 1
2 0 8 7 2 17 81
2 0 8 6 19 1 114
2 0 8 6 8 12 153
2 0 8 5 14 7 63
2 0 8 5 3 18 165
2 0 8 4 20 2 100
2 0 8 4 9 13 138
2 0 8 3 15 8 3
2 0 8 3 4 19 92
2 0 8 2 21 3 31
2 0 8 2 10 14 121
2 0 8 1 16 9 40
2 0 8 1 5 20 47
2 0 8 0 22 4 16
2 0 8 0 11 15 145
2 0 8 0 0 26 47
2 0 7 25 2 0 184
2 0 7 23 3 1 53
2 0 7 21 4 2 87
2 0 7 19 5 3 38
2 0 7 18 0 9 87
2 0 7 17 6 4 64
2 0 7 16 1 10 22
2 0 7 15 7 5 86
2 0 7 14 13 0 43
2 0 7 14 2 11 137
2 0 7 13 8 6 58
2 0 7 12 14 1 128
2 0 7 12 3 12 25
2 0 7 11 9 7 187
2 0 7 10 15 2 95
2 0 7 10 4 13 179
2 0 7 9 10 8 148
2 0 7 8 16 3 198
2 0 7 8 5 14 42
2 0 7 7 11 9 34
2 0 7 7 0 20 50
2 0 7 6 17 4 151
2 0 7 6 6 15 115
2 0 7 5 12 10 9
2 0 7 5 1 21 6
2 0 7 4 18 5 157
2 0 7 4 7 16 137
2 0 7 3 24 0 134
2 0 7 3 13 11 52
2 0 7 3 2 22 192
2 0 7 2 19 6 53
2 0 7 2 8 17 59
2 0 7 1 25 1 76
2 0 7 1 14 12 79
2 0 7 1 3 23 193
2 0 7 0 20 7 85
2 0 7 0 9 18 66
2 0 6 25 0 3 103
2 0 6 23 1 4 40
2 0 6 21 2 5 186
2 0 6 20 8 0 82
2 0 6 19 3 6 119
2 0 6 18 9 1 96
2 0 6 17 4 7 116
2 0 6 16 10 2 129
2 0 6 15 5 8 104
2 0 6 14 11 3 127
2 0 6 14 0 14 94
2 0 6 13 6 9 189
2 0 6 12 12 4 13
2 0 6 12 1 15 174
2 0 6 11 7 10 74
2 0 6 10 13 5 64
2 0 6 10 2 16 181
2 0 6 9 19 0 46
2 0 6 9 8 11 67
2 0 6 8 3 17 70
2 0 6 7 20 1 82
2 0 6 7 9 12 81
2 0 6 6 15 7 95
2 0 6 6 4 18 28
2 0 6 5 21 2 90
2 0 6 5 10 13 154
2 0 6 4 16 8 105
2 0 6 4 5 19 180
2 0 6 3 22 3 193
2 0 6 3 11 14 112
2 0 6 3 0 25 97
2 0 6 2 17 9 82
2 0 6 2 6 20 194
2 0 6 1 23 4 96
2 0 6 1 12 15 157
2 0 6 1 1 26 101
2 0 6 0 18 10 22
2 0 6 0 7 21 109
2 0 5 26 3 0 62
2 0 5 24 4 1 15
2 0 5 22 5 2 138
2 0 5 21 0 8 38
2 0 5 20 6 3 20
2 0 5 19 1 9 167
2 0 5 18 7 4 109
2 0 5 17 2 10 125
2 0 5 16 8 5 60
2 0 5 15 14 0 76
2 0 5 15 3 11 69
2 0 5 14 9 6 62
2 0 5 13 15 1 70
2 0 5 13 4 12 69
2 0 5 12 10 7 93
2 0 5 11 16 2 34
2 0 5 11 5 13 72
2 0 5 10 11 8 106
2 0 5 10 0 19 64
2 0 5 9 17 3 116
2 0 5 9 6 14 166
2 0 5 8 12 9 150
2 0 5 8 1 20 31
2 0 5 7 18 4 26
2 0 5 7 7 15 13
2 0 5 6 13 10 196
2 0 5 6 2 21 179
2 0 5 5 19 5 97
2 0 5 5 8 16 68
2 0 5 4 25 0 163
2 0 5 4 14 11 56
2 0 5 4 3 22 44
2 0 5 3 20 6 134
2 0 5 3 9 17 35
2 0 5 2 26 1 165
2 0 5 2 15 12 36
2 0 5 2 4 23 48
2 0 5 1 21 7 26
2 0 5 1 10 18 76
2 0 5 0 27 2 177
2 0 5 0 16 13 42
2 0 5 0 5 24 97
2 0 4 28 0 2 30
2 0 4 26 1 3 175
2 0 4 24 2 4 50
2 0 4 22 3 5 179
2 0 4 21 9 0 81
2 0 4 20 4 6 66
2 0 4 19 10 1 109
2 0 4 18 5 7 198
2 0 4 17 11 2 63
2 0 4 17 0 13 84
2 0 4 16 6 8 52
2 0 4 15 12 3 164
2 0 4 15 1 14 149
2 0 4 14 7 9 108
2 0 4 13 13 4 39
2 0 4 13 2 15 91
2 0 4 12 8 10 74
2 0 4 11 14 5 151
2 0 4 11 3 16 116
2 0 4 10 20 0 196
2 0 4 10 9 11 43
2 0 4 9 15 6 151
2 0 4 9 4 17 3
2 0 4 8 21 1 77
2 0 4 8 10 12 143
2 0 4 7 16 7 194
2 0 4 7 5 18 45
2 0 4 6 22 2 167
2 0 4 6 11 13 58
2 0 4 6 0 24 157
2 0 4 5 17 8 76
2 0 4 5 6 19 157
2 0 4 4 23 3 21
2 0 4 4 12 14 162
2 0 4 4 1 25 177
2 0 4 3 18 9 178
2 0 4 3 7 20 197
2 0 4 2 24 4 76
2 0 4 2 13 15 25
2 0 4 2 2 26 75
2 0 4 1 19 10 155
2 0 4 1 8 21 94
2 0 4 0 25 5 183
2 0 4 0 14 16 32
2 0 4 0 3 27 75
2 0 3 27 4 0 118
2 0 3 25 5 1 72
2 0 3 24 0 7 139
2 0 3 23 6 2 104
2 0 3 22 1 8 13
2 0 3 21 7 3 114
2 0 3 20 2 9 61
2 0 3 19 8 4 27
2 0 3 18 3 10 110
2 0 3 17 9 5 11
2 0 3 16 15 0 152
2 0 3 16 4 11 3
2 0 3 15 10 6 149
2 0 3 14 16 1 51
2 0 3 14 5 12 84
2 0 3 13 11 7 129
2 0 3 13 0 18 108
2 0 3 12 17 2 167
2 0 3 12 6 13 71
2 0 3 11 12 8 39
2 0 3 11 1 19 52
2 0 3 10 18 3 99
2 0 3 10 7 14 69
2 0 3 9 13 9 27
2 0 3 9 2 20 56
2 0 3 8 19 4 106
2 0 3 8 8 15 57
2 0 3 7 14 10 117
2 0 3 7 3 21 170
2 0 3 6 20 5 13
2 0 3 6 9 16 175
2 0 3 5 26 0 96
2 0 3 5 15 11 105
2 0 3 5 4 22 68
2 0 3 4 21 6 4
2 0 3 4 10 17 67
2 0 3 3 27 1 148
2 0 3 3 16 12 52
2 0 3 3 5 23 177
2 0 3 2 22 7 189
2 0 3 2 11 18 179
2 0 3 2 0 29 173
2 0 3 1 28 2 104
2 0 3 1 17 13 115
2 0 3 1 6 24 167
2 0 3 0 23 8 161
2 0 3 0 12 19 93
2 0 3 0 1 30 106
2 0 2 31 0 1 144
2 0 2 29 1 2 93
2 0 2 27 2 3 54
2 0 2 25 3 4 169
2 0 2 23 4 5 110
2 0 2 22 10 0 61
2 0 2 21 5 6 190
2 0 2 20 11 1 124
2 0 2 20 0 12 18
2 0 2 19 6 7 44
2 0 2 18 12 2 191
2 0 2 18 1 13 3
2 0 2 17 7 8 103
2 0 2 16 13 3 185
2 0 2 16 2 14 111
2 0 2 15 8 9 89
2 0 2 14 14 4 56
2 0 2 14 3 15 135
2 0 2 13 9 10 26
2 0 2 12 15 5 180
2 0 2 12 4 16 33
2 0 2 11 21 0 9
2 0 2 11 10 11 145
2 0 2 10 16 6 61
2 0 2 10 5 17 174
2 0 2 9 22 1 152
2 0 2 9 11 12 135
2 0 2 9 0 23 159
2 0 2 8 17 7 168
2 0 2 8 6 18 92
2 0 2 7 23 2 154
2 0 2 7 12 13 65
2 0 2 7 1 24 195
2 0 2 6 18 8 92
2 0 2 6 7 19 168
2 0 2 5 24 3 81
2 0 2 5 13 14 91
2 0 2 5 2 25 26
2 0 2 4 19 9 118
2 0 2 4 8 20 62
2 0 2 3 25 4 33
2 0 2 3 14 15 159
2 0 2 3 3 26 182
2 0 2 2 20 10 176
2 0 2 2 9 21 5
2 0 2 1 26 5 172
2 0 2 1 15 16 109
2 0 2 1 4 27 72
2 0 2 0 32 0 23
2 0 2 0 21 11 23
2 0 2 0 10 22 32
2 0 1 28 5 0 7
2 0 1 27 0 6 120
2 0 1 26 6 1 113
2 0 1 25 1 7 108
2 0 1 24 7 2 18
2 0 1 23 2 8 36
2 0 1 22 8 3 197
2 0 1 21 3 9 127
2 0 1 20 9 4 197
2 0 1 19 4 10 145
2 0 1 18 10 5 123
2 0 1 17 16 0 119
2 0 1 17 5 11 54
2 0 1 16 11 6 115
2 0 1 16 0 17 113
2 0 1 15 17 1 148
2 0 1 15 6 12 167
2 0 1 14 12 7 19
2 0 1 14 1 18 70
2 0 1 13 18 2 55
2 0 1 13 7 13 158
2 0 1 12 13 8 3
2 0 1 12 2 19 139
2 0 1 11 19 3 26
2 0 1 11 8 14 94
2 0 1 10 14 9 25
2 0 1 10 3 20 126
2 0 1 9 20 4 190
2 0 1 9 9 15 115
2 0 1 8 15 10 114
2 0 1 8 4 21 103
2 0 1 7 21 5 97
2 0 1 7 10 16 161
2 0 1 6 27 0 188
2 0 1 6 16 11 161
2 0 1 6 5 22 35
2 0 1 5 22 6 78
2 0 1 5 11 17 86
2 0 1 5 0 28 69
2 0 1 4 28 1 35
2 0 1 4 17 12 78
2 0 1 4 6 23 35
2 0 1 3 23 7 156
2 0 1 3 12 18 85
2 0 1 3 1 29 148
2 0 1 2 29 2 186
2 0 1 2 18 13 156
2 0 1 2 7 24 36
2 0 1 1 24 8 44
2 0 1 1 13 19 178
2 0 1 1 2 30 167
2 0 1 0 30 3 121
2 0 1 0 19 14 130
2 0 1 0 8 25 92
2 0 0 34 0 0 181
2 0 0 32 1 1 66
2 0 0 30 2 2 94
2 0 0 28 3 3 34
2 0 0 26 4 4 96
2 0 0 24 5 5 168
2 0 0 23 11 0 196
2 0 0 23 0 11 24
2 0 0 22 6 6 64
2 0 0 21 12 1 74
2 0 0 21 1 12 89
2 0 0 20 7 7 47
2 0 0 19 13 2 105
2 0 0 19 2 13 160
2 0 0 18 8 8 18
2 0 0 17 14 3 188
2 0 0 17 3 14 130
2 0 0 16 9 9 98
2 0 0 15 15 4 156
2 0 0 15 4 15 27
2 0 0 14 10 10 138
2 0 0 13 16 5 39
2 0 0 13 5 16 41
2 0 0 12 22 0 45
2 0 0 12 11 11 121
2 0 0 12 0 22 86
2 0 0 11 17 6 113
2 0 0 11 6 17 71
2 0 0 10 23 1 111
2 0 0 10 12 12 187
2 0 0 10 1 23 130
2 0 0 9 18 7 141
2 0 0 9 7 18 148
2 0 0 8 24 2 17
2 0 0 8 13 13 92
2 0 0 8 2 24 119
2 0 0 7 19 8 7
2 0 0 7 8 19 135
2 0 0 6 25 3 20
2 0 0 6 14 14 8
2 0 0 6 3 25 54
2 0 0 5 20 9 101
2 0 0 5 9 20 141
2 0 0 4 26 4 178
2 0 0 4 15 15 35
2 0 0 4 4 26 146
2 0 0 3 21 10 96
2 0 0 3 10 21 50
2 0 0 2 27 5 168
2 0 0 2 16 16 152
2 0 0 2 5 27 184
2 0 0 1 33 0 160
2 0 0 1 22 11 198
2 0 0 1 11 22 40
2 0 0 1 0 33 181
2 0 0 0 28 6 119
2 0 0 0 17 17 100
2 0 0 0 6 28 55
3 33 0 0 1 0 181
3 31 1 1 1 0 139
3 30 2 0 0 2 195
3 30 0 3 0 1 106
3 30 0 1 1 2 167
3 29 4 1 0 0 7
3 29 2 2 1 0 195
3 29 2 0 2 1 42
3 29 1 0 0 4 61
3 29 0 3 2 0 173
3 29 0 1 3 1 148
3 28 3 1 0 2 123
3 28 2 0 4 0 18
3 28 1 4 0 1 72
3 28 1 2 1 2 87
3 28 1 0 2 3 62
3 28 0 1 5 0 69
3 28 0 0 0 6 55
3 27 5 2 0 0 87
3 27 5 0 1 1 2
3 27 3 3 1 0 13
3 27 3 1 2 1 95
3 27 2 1 0 4 16
3 27 1 4 2 0 19
3 27 1 2 3 1 115
3 27 1 0 4 2 195
3 27 0 4 0 3 75
3 27 0 2 1 4 72
3 27 0 0 2 5 184
3 26 5 0 3 0 132
3 26 4 2 0 2 25
3 26 4 0 1 3 62
3 26 3 1 4 0 136
3 26 2 5 0 1 45
3 26 2 3 1 2 94
3 26 2 1 2 3 37
3 26 1 2 5 0 99
3 26 1 1 0 6 8
3 26 1 0 6 1 62
3 26 0 8 0 0 47
3 26 0 6 1 1 101
3 26 0 4 2 2 75
3 26 0 2 3 3 182
3 26 0 0 4 4 146
3 25 8 0 0 1 18
3 25 6 3 0 0 170
3 25 6 1 1 1 88
3 25 4 4 1 0 128
3 25 4 2 2 1 5
3 25 4 0 3 2 29
3 25 3 2 0 4 25
3 25 3 0 1 5 54
3 25 2 5 2 0 69
3 25 2 3 3 1 50
3 25 2 1 4 2 69
3 25 1 5 0 3 50
3 25 1 3 1 4 2
3 25 1 1 2 5 197
3 25 1 0 8 0 68
3 25 0 6 3 0 97
3 25 0 4 4 1 177
3 25 0 2 5 2 26
3 25 0 1 0 8 92
3 25 0 0 6 3 54
3 24 8 0 2 0 195
3 24 7 0 0 3 80
3 24 6 1 3 0 50
3 24 5 3 0 2 189
3 24 5 1 1 3 127
3 24 4 2 4 0 65
3 24 4 0 5 1 58
3 24 3 6 0 1 23
3 24 3 4 1 2 172
3 24 3 2 2 3 86
3 24 3 0 3 4 59
3 24 2 3 5 0 48
3 24 2 2 0 6 127
3 24 2 1 6 1 133
3 24 2 0 1 7 154
3 24 1 9 0 0 192
3 24 1 7 1 1 105
3 24 1 5 2 2 168
3 24 1 3 3 3 111
3 24 1 1 4 4 101
3 24 0 5 0 5 97
3 24 0 4 6 0 157
3 24 0 3 1 6 167
3 24 0 2 7 1 195
3 24 0 1 2 7 36
3 24 0 0 8 2 119
3 23 9 1 0 1 141
3 23 7 4 0 0 195
3 23 7 2 1 1 45
3 23 7 0 2 2 7
3 23 6 0 0 5 172
3 23 5 5 1 0 5
3 23 5 3 2 1 150
3 23 5 1 3 2 34
3 23 4 3 0 4 34
3 23 4 1 1 5 155
3 23 4 0 7 0 44
3 23 3 6 2 0 21
3 23 3 4 3 1 158
3 23 3 2 4 2 176
3 23 3 0 5 3 74
3 23 2 6 0 3 16
3 23 2 4 1 4 76
3 23 2 2 2 5 26
3 23 2 1 8 0 190
3 23 2 0 3 6 192
3 23 1 7 3 0 65
3 23 1 5 4 1 172
3 23 1 3 5 2 137
3 23 1 2 0 8 90
3 23 1 1 6 3 138
3 23 1 0 1 9 93
3 23 0 9 0 2 83
3 23 0 7 1 3 193
3 23 0 5 2 4 48
3 23 0 3 3 5 177
3 23 0 2 9 0 159
3 23 0 1 4 6 35
3 23 0 0 10 1 130
3 22 11 0 1 0 43
3 22 9 1 2 0 25
3 22 8 1 0 3 47
3 22 7 2 3 0 52
3 22 7 0 4 1 116
3 22 6 4 0 2 141
3 22 6 2 1 3 119
3 22 6 0 2 4 165
3 22 5 3 4 0 13
3 22 5 1 5 1 147
3 22 5 0 0 7 73
3 22 4 7 0 1 181
3 22 4 5 1 2 136
3 22 4 3 2 3 141
3 22 4 1 3 4 45
3 22 3 4 5 0 103
3 22 3 3 0 6 132
3 22 3 2 6 1 56
3 22 3 1 1 7 137
3 22 3 0 7 2 163
3 22 2 10 0 0 191
3 22 2 8 1 1 110
3 22 2 6 2 2 127
3 22 2 4 3 3 151
3 22 2 2 4 4 72
3 22 2 0 5 5 24
3 22 1 6 0 5 83
3 22 1 5 6 0 4
3 22 1 4 1 6 136
3 22 1 3 7 1 183
3 22 1 2 2 7 85
3 22 1 1 8 2 194
3 22 1 0 3 8 107
3 22 0 11 1 0 187
3 22 0 9 2 1 182
3 22 0 7 3 2 192
3 22 0 5 4 3 44
3 22 0 3 5 4 68
3 22 0 2 0 10 32
3 22 0 1 6 5 35
3 22 0 0 12 0 86
3 22 0 0 1 11 40
3 21 10 2 0 1 105
3 21 10 0 1 2 131
3 21 8 5 0 0 57
3 21 8 3 1 1 157
3 21 8 1 2 2 80
3 21 7 1 0 5 89
3 21 7 0 6 0 142
3 21 6 6 1 0 131
3 21 6 4 2 1 50
3 21 6 2 3 2 165
3 21 6 0 4 3 102
3 21 5 4 0 4 120
3 21 5 2 1 5 194
3 21 5 1 7 0 192
3 21 5 0 2 6 132
3 21 4 7 2 0 132
3 21 4 5 3 1 39
3 21 4 3 4 2 141
3 21 4 1 5 3 53
3 21 4 0 0 9 46
3 21 3 7 0 3 99
3 21 3 5 1 4 108
3 21 3 3 2 5 140
3 21 3 2 8 0 151
3 21 3 1 3 6 4
3 21 3 0 9 1 146
3 21 2 8 3 0 77
3 21 2 6 4 1 154
3 21 2 4 5 2 45
3 21 2 3 0 8 193
3 21 2 2 6 3 74
3 21 2 1 1 9 48
3 21 2 0 7 4 159
3 21 1 10 0 2 73
3 21 1 8 1 3 181
3 21 1 6 2 4 128
3 21 1 4 3 5 166
3 21 1 3 9 0 87
3 21 1 2 4 6 28
3 21 1 1 10 1 141
3 21 1 0 5 7 63
3 21 0 9 4 0 90
3 21 0 7 5 1 6
3 21 0 6 0 7 109
3 21 0 5 6 2 179
3 21 0 4 1 8 94
3 21 0 3 7 3 170
3 21 0 2 2 9 5
3 21 0 1 8 4 103
3 21 0 0 3 10 50
3 20 14 0 0 0 38
3 20 12 1 1 0 12
3 20 10 2 2 0 120
3 20 10 0 3 1 141
3 20 9 2 0 3 40
3 20 9 0 1 4 76
3 20 8 3 3 0 122
3 20 8 1 4 1 63
3 20 7 5 0 2 4
3 20 7 3 1 3 138
3 20 7 1 2 4 192
3 20 6 4 4 0 51
3 20 6 2 5 1 143
3 20 6 1 0 7 171
3 20 6 0 6 2 112
3 20 5 8 0 1 73
3 20 5 6 1 2 182
3 20 5 4 2 3 185
3 20 5 2 3 4 118
3 20 5 0 4 5 81
3 20 4 5 5 0 13
3 20 4 4 0 6 68
3 20 4 3 6 1 61
3 20 4 2 1 7 48
3 20 4 1 7 2 1
3 20 4 0 2 8 124
3 20 3 11 0 0 127
3 20 3 9 1 1 45
3 20 3 7 2 2 184
3 20 3 5 3 3 104
3 20 3 3 4 4 138
3 20 3 1 5 5 182
3 20 3 0 11 0 52
3 20 3 0 0 11 129
3 20 2 7 0 5 170
3 20 2 6 6 0 126
3 20 2 5 1 6 125
3 20 2 4 7 1 44
3 20 2 3 2 7 98
3 20 2 2 8 2 13
3 20 2 1 3 8 56
3 20 2 0 9 3 107
3 20 1 12 1 0 24
3 20 1 10 2 1 171
3 20 1 8 3 2 7
3 20 1 6 4 3 120
3 20 1 4 5 4 8
3 20 1 3 0 10 129
3 20 1 2 6 5 166
3 20 1 1 12 0 128
3 20 1 1 1 11 64
3 20 1 0 7 6 17
3 20 0 10 0 4 179
3 20 0 8 1 5 47
3 20 0 7 7 0 50
3 20 0 6 2 6 194
3 20 0 5 8 1 31
3 20 0 4 3 7 197
3 20 0 3 9 2 56
3 20 0 2 4 8 62
3 20 0 1 10 3 126
3 20 0 0 5 9 141
3 19 13 0 0 2 90
3 19 11 3 0 1 70
3 19 11 1 1 2 95
3 19 10 0 5 0 197
3 19 9 6 0 0 34
3 19 9 4 1 1 176
3 19 9 2 2 2 84
3 19 9 0 3 3 132
3 19 8 2 0 5 45
3 19 8 1 6 0 123
3 19 8 0 1 6 94
3 19 7 7 1 0 152
3 19 7 5 2 1 12
3 19 7 3 3 2 190
3 19 7 1 4 3 65
3 19 6 5 0 4 119
3 19 6 3 1 5 24
3 19 6 2 7 0 18
3 19 6 1 2 6 12
3 19 6 0 8 1 49
3 19 5 8 2 0 153
3 19 5 6 3 1 102
3 19 5 4 4 2 20
3 19 5 2 5 3 158
3 19 5 1 0 9 74
3 19 5 0 6 4 126
3 19 4 8 0 3 180
3 19 4 6 1 4 149
3 19 4 4 2 5 39
3 19 4 3 8 0 64
3 19 4 2 3 6 32
3 19 4 1 9 1 148
3 19 4 0 4 7 122
3 19 3 9 3 0 107
3 19 3 7 4 1 23
3 19 3 5 5 2 190
3 19 3 4 0 8 71
3 19 3 3 6 3 72
3 19 3 2 1 9 105
3 19 3 1 7 4 68
3 19 3 0 2 10 90
3 19 2 11 0 2 49
3 19 2 9 1 3 124
3 19 2 7 2 4 176
3 19 2 5 3 5 105
3 19 2 4 9 0 90
3 19 2 3 4 6 72
3 19 2 2 10 1 148
3 19 2 1 5 7 129
3 19 2 0 11 2 181
3 19 2 0 0 13 169
3 19 1 10 4 0 88
3 19 1 8 5 1 73
3 19 1 7 0 7 64
3 19 1 6 6 2 143
3 19 1 5 1 8 82
3 19 1 4 7 3 52
3 19 1 3 2 9 177
3 19 1 2 8 4 25
3 19 1 1 3 10 151
3 19 1 0 9 5 118
3 19 0 14 0 1 45
3 19 0 12 1 2 36
3 19 0 10 2 3 101
3 19 0 8 3 4 92
3 19 0 6 4 5 180
3 19 0 5 10 0 64
3 19 0 4 5 6 157
3 19 0 3 11 1 52
3 19 0 3 0 12 93
3 19 0 2 6 7 168
3 19 0 1 12 2 139
3 19 0 1 1 13 178
3 19 0 0 7 8 135
3 18 15 1 0 0 59
3 18 13 2 1 0 121
3 18 13 0 2 1 43
3 18 12 0 0 4 136
3 18 11 3 2 0 26
3 18 11 1 3 1 166
3 18 10 3 0 3 128
3 18 10 1 1 4 41
3 18 9 4 3 0 153
3 18 9 2 4 1 179
3 18 9 0 5 2 8
3 18 8 6 0 2 159
3 18 8 4 1 3 42
3 18 8 2 2 4 135
3 18 8 0 3 5 66
3 18 7 5 4 0 14
3 18 7 3 5 1 135
3 18 7 2 0 7 19
3 18 7 1 6 2 30
3 18 7 0 1 8 133
3 18 6 9 0 1 40
3 18 6 7 1 2 190
3 18 6 5 2 3 178
3 18 6 3 3 4 162
3 18 6 1 4 5 158
3 18 6 0 10 0 80
3 18 5 6 5 0 86
3 18 5 5 0 6 153
3 18 5 4 6 1 192
3 18 5 3 1 7 106
3 18 5 2 7 2 5
3 18 5 1 2 8 191
3 18 5 0 8 3 16
3 18 4 12 0 0 73
3 18 4 10 1 1 122
3 18 4 8 2 2 161
3 18 4 6 3 3 29
3 18 4 4 4 4 22
3 18 4 2 5 5 12
3 18 4 1 11 0 47
3 18 4 1 0 11 147
3 18 4 0 6 6 53
3 18 3 8 0 5 47
3 18 3 7 6 0 68
3 18 3 6 1 6 166
3 18 3 5 7 1 104
3 18 3 4 2 7 155
3 18 3 3 8 2 15
3 18 3 2 3 8 1
3 18 3 1 9 3 61
3 18 3 0 4 9 52
3 18 2 13 1 0 18
3 18 2 11 2 1 31
3 18 2 9 3 2 130
3 18 2 7 4 3 197
3 18 2 5 5 4 158
3 18 2 4 0 10 101
3 18 2 3 6 5 107
3 18 2 2 12 0 53
3 18 2 2 1 11 50
3 18 2 1 7 6 191
3 18 2 0 13 1 53
3 18 2 0 2 12 151
3 18 1 11 0 4 73
3 18 1 9 1 5 29
3 18 1 8 7 0 187
3 18 1 7 2 6 47
3 18 1 6 8 1 179
3 18 1 5 3 7 80
3 18 1 4 9 2 168
3 18 1 3 4 8 184
3 18 1 2 10 3 25
3 18 1 1 5 9 39
3 18 1 0 11 4 23
3 18 1 0 0 15 165
3 18 0 14 2 0 55
3 18 0 12 3 1 15
3 18 0 10 4 2 58
3 18 0 8 5 3 165
3 18 0 7 0 9 66
3 18 0 6 6 4 28
3 18 0 5 1 10 76
3 18 0 4 7 5 45
3 18 0 3 13 0 108
3 18 0 3 2 11 179
3 18 0 2 8 6 92
3 18 0 1 14 1 70
3 18 0 1 3 12 85
3 18 0 0 9 7 148
3 17 14 1 0 2 62
3 17 13 0 4 0 100
3 17 12 4 0 1 190
3 17 12 2 1 2 149
3 17 12 0 2 3 51
3 17 11 1 5 0 93
3 17 11 0 0 6 182
3 17 10 7 0 0 28
3 17 10 5 1 1 99
3 17 10 3 2 2 84
3 17 10 1 3 3 180
3 17 9 3 0 5 99
3 17 9 1 1 6 196
3 17 9 0 7 1 175
3 17 8 8 1 0 189
3 17 8 6 2 1 182
3 17 8 4 3 2 170
3 17 8 2 4 3 152
3 17 8 0 5 4 133
3 17 7 6 0 4 190
3 17 7 4 1 5 158
3 17 7 3 7 0 109
3 17 7 2 2 6 132
3 17 7 1 8 1 82
3 17 7 0 3 7 172
3 17 6 9 2 0 164
3 17 6 7 3 1 116
3 17 6 5 4 2 91
3 17 6 3 5 3 88
3 17 6 2 0 9 80
3 17 6 1 6 4 114
3 17 6 0 1 10 31
3 17 5 9 0 3 24
3 17 5 7 1 4 58
3 17 5 5 2 5 164
3 17 5 4 8 0 37
3 17 5 3 3 6 165
3 17 5 2 9 1 41
3 17 5 1 4 7 177
3 17 5 0 10 2 5
3 17 4 10 3 0 148
3 17 4 8 4 1 109
3 17 4 6 5 2 151
3 17 4 5 0 8 80
3 17 4 4 6 3 194
3 17 4 3 1 9 82
3 17 4 2 7 4 97
3 17 4 1 2 10 3
3 17 4 0 8 5 186
3 17 3 12 0 2 187
3 17 3 10 1 3 92
3 17 3 8 2 4 104
3 17 3 6 3 5 80
3 17 3 5 9 0 119
3 17 3 4 4 6 44
3 17 3 3 10 1 163
3 17 3 2 5 7 13
3 17 3 1 11 2 131
3 17 3 1 0 13 40
3 17 3 0 6 8 129
3 17 2 11 4 0 74
3 17 2 8 0 7 138
3 17 2 7 6 2 194
3 17 2 6 1 8 155
3 17 2 5 7 3 55
3 17 2 4 2 9 103
3 17 2 3 8 4 126
3 17 2 2 3 10 62
3 17 2 1 9 5 15
3 17 2 0 15 0 126
3 17 2 0 4 11 28
3 17 1 15 0 1 155
3 17 1 13 1 2 88
3 17 1 11 2 3 66
3 17 1 9 3 4 74
3 17 1 7 4 5 110
3 17 1 6 10 0 113
3 17 1 5 5 6 194
3 17 1 4 11 1 118
3 17 1 4 0 12 164
3 17 1 3 6 7 151
3 17 1 2 12 2 95
3 17 1 2 1 13 173
3 17 1 1 7 8 138
3 17 1 0 13 3 20
3 17 1 0 2 14 25
3 17 0 12 5 0 80
3 17 0 11 0 6 89
3 17 0 10 6 1 147
3 17 0 9 1 7 126
3 17 0 8 7 2 81
3 17 0 7 2 8 59
3 17 0 6 8 3 70
3 17 0 5 3 9 35
3 17 0 4 9 4 3
3 17 0 3 4 10 67
3 17 0 2 10 5 174
3 17 0 1 16 0 113
3 17 0 1 5 11 86
3 17 0 0 11 6 71
3 17 0 0 0 17 100
3 16 16 2 0 0 180
3 16 16 0 1 1 94
3 16 14 3 1 0 176
3 16 14 1 2 1 20
3 16 13 1 0 4 127
3 16 12 4 2 0 129
3 16 12 2 3 1 32
3 16 12 0 4 2 55
3 16 11 4 0 3 76
3 16 11 2 1 4 198
3 16 11 0 2 5 17
3 16 10 5 3 0 91
3 16 10 3 4 1 149
3 16 10 1 5 2 106
3 16 10 0 0 8 108
3 16 9 7 0 2 120
3 16 9 5 1 3 167
3 16 9 3 2 4 33
3 16 9 1 3 5 9
3 16 9 0 9 0 143
3 16 8 6 4 0 13
3 16 8 4 5 1 181
3 16 8 3 0 7 61
3 16 8 2 6 2 20
3 16 8 1 1 8 159
3 16 8 0 7 3 69
3 16 7 10 0 1 86
3 16 7 8 1 2 157
3 16 7 6 2 3 180
3 16 7 4 3 4 98
3 16 7 2 4 5 121
3 16 7 1 10 0 102
3 16 7 0 5 6 158
3 16 6 7 5 0 169
3 16 6 6 0 6 124
3 16 6 5 6 1 42
3 16 6 4 1 7 154
3 16 6 3 7 2 9
3 16 6 2 2 8 162
3 16 6 1 8 3 88
3 16 6 0 3 9 102
3 16 5 13 0 0 63
3 16 5 11 1 1 28
3 16 5 9 2 2 13
3 16 5 7 3 3 16
3 16 5 5 4 4 141
3 16 5 3 5 5 155
3 16 5 2 11 0 98
3 16 5 2 0 11 54
3 16 5 1 6 6 168
3 16 5 0 12 1 153
3 16 5 0 1 12 144
3 16 4 9 0 5 27
3 16 4 8 6 0 27
3 16 4 7 1 6 182
3 16 4 6 7 1 63
3 16 4 5 2 7 40
3 16 4 4 8 2 100
3 16 4 3 3 8 17
3 16 4 2 9 3 123
3 16 4 1 4 9 94
3 16 4 0 10 4 106
3 16 3 14 1 0 86
3 16 3 12 2 1 20
3 16 3 10 3 2 167
3 16 3 8 4 3 128
3 16 3 6 5 4 144
3 16 3 5 0 10 95
3 16 3 4 6 5 166
3 16 3 3 12 0 114
3 16 3 3 1 11 11
3 16 3 2 7 6 18
3 16 3 1 13 1 100
3 16 3 1 2 12 17
3 16 3 0 8 7 35
3 16 2 12 0 4 69
3 16 2 10 1 5 60
3 16 2 9 7 0 153
3 16 2 8 2 6 94
3 16 2 7 8 1 34
3 16 2 6 3 7 123
3 16 2 5 9 2 74
3 16 2 4 4 8 163
3 16 2 3 10 3 187
3 16 2 2 5 9 40
3 16 2 1 11 4 99
3 16 2 1 0 15 128
3 16 2 0 6 10 34
3 16 1 15 2 0 114
3 16 1 13 3 1 104
3 16 1 11 4 2 112
3 16 1 9 5 3 50
3 16 1 8 0 9 157
3 16 1 7 6 4 120
3 16 1 6 1 10 12
3 16 1 5 7 5 126
3 16 1 4 13 0 133
3 16 1 4 2 11 38
3 16 1 3 8 6 191
3 16 1 2 14 1 142
3 16 1 2 3 12 169
3 16 1 1 9 7 119
3 16 1 0 15 2 7
3 16 1 0 4 13 128
3 16 0 15 0 3 115
3 16 0 13 1 4 46
3 16 0 11 2 5 176
3 16 0 10 8 0 112
3 16 0 9 3 6 116
3 16 0 8 9 1 99
3 16 0 7 4 7 137
3 16 0 6 10 2 181
3 16 0 5 5 8 68
3 16 0 4 11 3 116
3 16 0 4 0 14 32
3 16 0 3 6 9 175
3 16 0 2 12 4 33
3 16 0 2 1 15 109
3 16 0 1 7 10 161
3 16 0 0 13 5 41
3 16 0 0 2 16 152
3 15 16 0 3 0 89
3 15 15 2 0 2 167
3 15 15 0 1 3 75
3 15 14 1 4 0 185
3 15 13 5 0 1 61
3 15 13 3 1 2 185
3 15 13 1 2 3 168
3 15 12 2 5 0 87
3 15 12 1 0 6 83
3 15 12 0 6 1 24
3 15 11 8 0 0 164
3 15 11 6 1 1 30
3 15 11 4 2 2 30
3 15 11 2 3 3 17
3 15 11 0 4 4 52
3 15 10 4 0 5 157
3 15 10 3 6 0 163
3 15 10 2 1 6 198
3 15 10 1 7 1 87
3 15 10 0 2 7 58
3 15 9 9 1 0 146
3 15 9 7 2 1 71
3 15 9 5 3 2 192
3 15 9 3 4 3 69
3 15 9 1 5 4 179
3 15 9 0 0 10 183
3 15 8 7 0 4 170
3 15 8 5 1 5 75
3 15 8 4 7 0 147
3 15 8 3 2 6 111
3 15 8 2 8 1 194
3 15 8 1 3 7 152
3 15 8 0 9 2 184
3 15 7 10 2 0 41
3 15 7 8 3 1 143
3 15 7 6 4 2 140
3 15 7 4 5 3 75
3 15 7 3 0 9 167
3 15 7 2 6 4 141
3 15 7 1 1 10 64
3 15 7 0 7 5 29
3 15 6 10 0 3 96
3 15 6 8 1 4 39
3 15 6 6 2 5 4
3 15 6 5 8 0 194
3 15 6 4 3 6 126
3 15 6 3 9 1 117
3 15 6 2 4 7 4
3 15 6 1 10 2 159
3 15 6 0 5 8 119
3 15 5 11 3 0 78
3 15 5 9 4 1 159
3 15 5 7 5 2 187
3 15 5 6 0 8 142
3 15 5 5 6 3 116
3 15 5 4 1 9 11
3 15 5 3 7 4 160
3 15 5 2 2 10 71
3 15 5 1 8 5 124
3 15 5 0 14 0 165
3 15 5 0 3 11 67
3 15 4 13 0 2 12
3 15 4 11 1 3 98
3 15 4 9 2 4 187
3 15 4 7 3 5 34
3 15 4 6 9 0 48
3 15 4 5 4 6 6
3 15 4 4 10 1 134
3 15 4 3 5 7 153
3 15 4 2 11 2 163
3 15 4 2 0 13 75
3 15 4 1 6 8 178
3 15 4 0 12 3 91
3 15 4 0 1 14 37
3 15 3 12 4 0 75
3 15 3 10 5 1 126
3 15 3 9 0 7 44
3 15 3 8 6 2 187
3 15 3 7 1 8 187
3 15 3 6 7 3 92
3 15 3 5 2 9 132
3 15 3 4 8 4 81
3 15 3 3 3 10 8
3 15 3 2 9 5 179
3 15 3 1 15 0 135
3 15 3 1 4 11 93
3 15 3 0 10 6 50
3 15 2 16 0 1 164
3 15 2 14 1 2 128
3 15 2 12 2 3 139
3 15 2 10 3 4 90
3 15 2 8 4 5 140
3 15 2 7 10 0 180
3 15 2 6 5 6 11
3 15 2 5 11 1 129
3 15 2 5 0 12 34
3 15 2 4 6 7 112
3 15 2 3 12 2 43
3 15 2 3 1 13 128
3 15 2 2 7 8 110
3 15 2 1 13 3 60
3 15 2 1 2 14 95
3 15 2 0 8 9 176
3 15 1 13 5 0 181
3 15 1 12 0 6 97
3 15 1 11 6 1 103
3 15 1 10 1 7 186
3 15 1 9 7 2 126
3 15 1 8 2 8 168
3 15 1 7 8 3 147
3 15 1 6 3 9 111
3 15 1 5 9 4 191
3 15 1 4 4 10 127
3 15 1 3 10 5 190
3 15 1 2 16 0 6
3 15 1 2 5 11 37
3 15 1 1 11 6 7
3 15 1 1 0 17 148
3 15 1 0 17 1 157
3 15 1 0 6 12 122
3 15 0 19 0 0 107
3 15 0 17 1 1 114
3 15 0 15 2 2 75
3 15 0 13 3 3 47
3 15 0 11 4 4 13
3 15 0 9 5 5 198
3 15 0 8 11 0 23
3 15 0 8 0 11 145
3 15 0 7 6 6 115
3 15 0 6 12 1 174
3 15 0 6 1 12 157
3 15 0 5 7 7 13
3 15 0 4 13 2 91
3 15 0 4 2 13 25
3 15 0 3 8 8 57
3 15 0 2 14 3 135
3 15 0 2 3 14 159
3 15 0 1 9 9 115
3 15 0 0 15 4 27
3 15 0 0 4 15 35
3 14 19 0 0 1 160
3 14 17 3 0 0 133
3 14 17 1 1 1 25
3 14 15 4 1 0 158
3 14 15 2 2 1 54
3 14 15 0 3 2 105
3 14 14 2 0 4 64
3 14 14 0 1 5 87
3 14 13 5 2 0 84
3 14 13 3 3 1 44
3 14 13 1 4 2 77
3 14 12 5 0 3 152
3 14 12 3 1 4 45
3 14 12 1 2 5 192
3 14 12 0 8 0 163
3 14 11 6 3 0 160
3 14 11 4 4 1 143
3 14 11 2 5 2 168
3 14 11 1 0 8 123
3 14 11 0 6 3 167
3 14 10 8 0 2 163
3 14 10 6 1 3 184
3 14 10 4 2 4 14
3 14 10 2 3 5 18
3 14 10 1 9 0 184
3 14 10 0 4 6 54
3 14 9 7 4 0 130
3 14 9 5 5 1 70
3 14 9 4 0 7 167
3 14 9 3 6 2 65
3 14 9 2 1 8 132
3 14 9 1 7 3 173
3 14 9 0 2 9 18
3 14 8 11 0 1 169
3 14 8 9 1 2 128
3 14 8 7 2 3 29
3 14 8 5 3 4 60
3 14 8 3 4 5 108
3 14 8 2 10 0 68
3 14 8 1 5 6 163
3 14 8 0 11 1 9
3 14 8 0 0 12 55
3 14 7 8 5 0 126
3 14 7 7 0 6 23
3 14 7 6 6 1 39
3 14 7 5 1 7 2
3 14 7 4 7 2 59
3 14 7 3 2 8 194
3 14 7 2 8 3 49
3 14 7 1 3 9 109
3 14 7 0 9 4 13
3 14 6 14 0 0 69
3 14 6 12 1 1 193
3 14 6 10 2 2 178
3 14 6 8 3 3 174
3 14 6 6 4 4 73
3 14 6 4 5 5 137
3 14 6 3 11 0 22
3 14 6 3 0 11 48
3 14 6 2 6 6 78
3 14 6 1 12 1 145
3 14 6 1 1 12 113
3 14 6 0 7 7 70
3 14 5 10 0 5 56
3 14 5 9 6 0 131
3 14 5 8 1 6 87
3 14 5 7 7 1 75
3 14 5 6 2 7 44
3 14 5 5 8 2 187
3 14 5 4 3 8 24
3 14 5 3 9 3 4
3 14 5 2 4 9 115
3 14 5 1 10 4 62
3 14 5 0 5 10 105
3 14 4 15 1 0 89
3 14 4 13 2 1 57
3 14 4 11 3 2 38
3 14 4 9 4 3 108
3 14 4 7 5 4 158
3 14 4 6 0 10 35
3 14 4 5 6 5 115
3 14 4 4 12 0 61
3 14 4 4 1 11 198
3 14 4 3 7 6 175
3 14 4 2 13 1 71
3 14 4 2 2 12 54
3 14 4 1 8 7 84
3 14 4 0 14 2 79
3 14 4 0 3 13 121
3 14 3 13 0 4 95
3 14 3 11 1 5 182
3 14 3 10 7 0 28
3 14 3 9 2 6 190
3 14 3 8 8 1 124
3 14 3 7 3 7 27
3 14 3 6 9 2 7
3 14 3 5 4 8 46
3 14 3 4 10 3 25
3 14 3 3 5 9 61
3 14 3 2 11 4 196
3 14 3 2 0 15 97
3 14 3 1 6 10 30
3 14 3 0 12 5 17
3 14 3 0 1 16 53
3 14 2 16 2 0 123
3 14 2 14 3 1 171
3 14 2 12 4 2 98
3 14 2 10 5 3 27
3 14 2 9 0 9 35
3 14 2 8 6 4 83
3 14 2 7 1 10 51
3 14 2 6 7 5 103
3 14 2 5 13 0 66
3 14 2 5 2 11 175
3 14 2 4 8 6 79
3 14 2 3 14 1 166
3 14 2 3 3 12 143
3 14 2 2 9 7 79
3 14 2 1 15 2 198
3 14 2 1 4 13 195
3 14 2 0 10 8 47
3 14 1 16 0 3 89
3 14 1 14 1 4 98
3 14 1 12 2 5 23
3 14 1 11 8 0 93
3 14 1 10 3 6 85
3 14 1 9 9 1 71
3 14 1 8 4 7 86
3 14 1 7 10 2 7
3 14 1 6 5 8 40
3 14 1 5 11 3 10
3 14 1 5 0 14 134
3 14 1 4 6 9 49
3 14 1 3 12 4 107
3 14 1 3 1 15 151
3 14 1 2 7 10 144
3 14 1 1 13 5 145
3 14 1 1 2 16 70
3 14 1 0 19 0 76
3 14 1 0 8 11 135
3 14 0 17 3 0 178
3 14 0 15 4 1 88
3 14 0 13 5 2 187
3 14 0 12 0 8 123
3 14 0 11 6 3 149
3 14 0 10 1 9 161
3 14 0 9 7 4 128
3 14 0 8 2 10 121
3 14 0 7 8 5 42
3 14 0 6 14 0 94
3 14 0 6 3 11 112
3 14 0 5 9 6 166
3 14 0 4 15 1 149
3 14 0 4 4 12 162
3 14 0 3 10 7 69
3 14 0 2 16 2 111
3 14 0 2 5 13 91
3 14 0 1 11 8 94
3 14 0 1 0 19 130
3 14 0 0 17 3 130
3 14 0 0 6 14 8
3 13 19 0 2 0 15
3 13 18 0 0 3 194
3 13 17 1 3 0 193
3 13 16 3 0 2 135
3 13 16 1 1 3 40
3 13 15 2 4 0 6
3 13 15 0 5 1 5
3 13 14 6 0 1 60
3 13 14 4 1 2 38
3 13 14 2 2 3 149
3 13 14 0 3 4 49
3 13 13 3 5 0 26
3 13 13 2 0 6 102
3 13 13 1 6 1 137
3 13 13 0 1 7 129
3 13 12 9 0 0 1
3 13 12 7 1 1 30
3 13 12 5 2 2 147
3 13 12 3 3 3 103
3 13 12 1 4 4 97
3 13 11 5 0 5 106
3 13 11 4 6 0 175
3 13 11 3 1 6 45
3 13 11 2 7 1 49
3 13 11 1 2 7 150
3 13 11 0 8 2 135
3 13 10 10 1 0 188
3 13 10 8 2 1 35
3 13 10 6 3 2 144
3 13 10 4 4 3 27
3 13 10 2 5 4 116
3 13 10 1 0 10 91
3 13 10 0 6 5 56
3 13 9 8 0 4 112
3 13 9 6 1 5 30
3 13 9 5 7 0 194
3 13 9 4 2 6 137
3 13 9 3 8 1 134
3 13 9 2 3 7 173
3 13 9 1 9 2 25
3 13 9 0 4 8 110
3 13 8 11 2 0 36
3 13 8 9 3 1 179
3 13 8 7 4 2 193
3 13 8 5 5 3 157
3 13 8 4 0 9 144
3 13 8 3 6 4 102
3 13 8 2 1 10 1
3 13 8 1 7 5 196
3 13 8 0 13 0 7
3 13 8 0 2 11 111
3 13 7 11 0 3 34
3 13 7 9 1 4 128
3 13 7 7 2 5 184
3 13 7 6 8 0 106
3 13 7 5 3 6 156
3 13 7 4 9 1 186
3 13 7 3 4 7 12
3 13 7 2 10 2 131
3 13 7 1 5 8 61
3 13 7 0 11 3 183
3 13 7 0 0 14 90
3 13 6 12 3 0 66
3 13 6 10 4 1 29
3 13 6 8 5 2 188
3 13 6 7 0 8 171
3 13 6 6 6 3 128
3 13 6 5 1 9 110
3 13 6 4 7 4 9
3 13 6 3 2 10 113
3 13 6 2 8 5 134
3 13 6 1 14 0 33
3 13 6 1 3 11 81
3 13 6 0 9 6 145
3 13 5 14 0 2 93
3 13 5 12 1 3 82
3 13 5 10 2 4 133
3 13 5 8 3 5 120
3 13 5 7 9 0 50
3 13 5 6 4 6 107
3 13 5 5 10 1 181
3 13 5 4 5 7 88
3 13 5 3 11 2 61
3 13 5 3 0 13 163
3 13 5 2 6 8 100
3 13 5 1 12 3 114
3 13 5 1 1 14 78
3 13 5 0 7 9 121
3 13 4 13 4 0 47
3 13 4 11 5 1 59
3 13 4 10 0 7 79
3 13 4 9 6 2 76
3 13 4 8 1 8 94
3 13 4 7 7 3 165
3 13 4 6 2 9 78
3 13 4 5 8 4 132
3 13 4 4 3 10 131
3 13 4 3 9 5 72
3 13 4 2 15 0 151
3 13 4 2 4 11 158
3 13 4 1 10 6 66
3 13 4 0 16 1 61
3 13 4 0 5 12 134
3 13 3 17 0 1 23
3 13 3 15 1 2 188
3 13 3 13 2 3 127
3 13 3 11 3 4 146
3 13 3 9 4 5 106
3 13 3 8 10 0 188
3 13 3 7 5 6 173
3 13 3 6 11 1 112
3 13 3 6 0 12 43
3 13 3 5 6 7 35
3 13 3 4 12 2 93
3 13 3 4 1 13 15
3 13 3 3 7 8 25
3 13 3 2 13 3 171
3 13 3 2 2 14 56
3 13 3 1 8 9 112
3 13 3 0 14 4 143
3 13 3 0 3 15 183
3 13 2 14 5 0 109
3 13 2 13 0 6 190
3 13 2 12 6 1 115
3 13 2 11 1 7 63
3 13 2 10 7 2 13
3 13 2 9 2 8 24
3 13 2 8 8 3 21
3 13 2 7 3 9 60
3 13 2 6 9 4 94
3 13 2 5 4 10 34
3 13 2 4 10 5 46
3 13 2 3 16 0 174
3 13 2 3 5 11 154
3 13 2 2 11 6 143
3 13 2 2 0 17 56
3 13 2 1 17 1 13
3 13 2 1 6 12 6
3 13 2 0 12 7 72
3 13 2 0 1 18 191
3 13 1 20 0 0 79
3 13 1 18 1 1 193
3 13 1 16 2 2 164
3 13 1 14 3 3 61
3 13 1 12 4 4 151
3 13 1 10 5 5 27
3 13 1 9 11 0 195
3 13 1 9 0 11 24
3 13 1 8 6 6 22
3 13 1 7 12 1 25
3 13 1 7 1 12 8
3 13 1 6 7 7 62
3 13 1 5 13 2 133
3 13 1 5 2 13 183
3 13 1 4 8 8 160
3 13 1 3 14 3 85
3 13 1 3 3 14 91
3 13 1 2 9 9 55
3 13 1 1 15 4 168
3 13 1 1 4 15 49
3 13 1 0 10 10 144
3 13 0 16 0 5 19
3 13 0 15 6 0 189
3 13 0 14 1 6 54
3 13 0 13 7 1 27
3 13 0 12 2 7 93
3 13 0 11 8 2 20
3 13 0 10 3 8 56
3 13 0 9 9 3 173
3 13 0 8 4 9 138
3 13 0 7 10 4 179
3 13 0 6 5 10 154
3 13 0 5 11 5 72
3 13 0 5 0 16 42
3 13 0 4 17 0 84
3 13 0 4 6 11 58
3 13 0 3 12 6 71
3 13 0 3 1 17 115
3 13 0 2 18 1 3
3 13 0 2 7 12 65
3 13 0 1 13 7 158
3 13 0 1 2 18 156
3 13 0 0 19 2 160
3 13 0 0 8 13 92
3 12 20 1 0 1 180
3 12 18 4 0 0 46
3 12 18 2 1 1 165
3 12 18 0 2 2 46
3 12 17 0 0 5 162
3 12 16 5 1 0 111
3 12 16 3 2 1 50
3 12 16 1 3 2 160
3 12 15 3 0 4 67
3 12 15 1 1 5 85
3 12 15 0 7 0 84
3 12 14 6 2 0 153
3 12 14 4 3 1 184
3 12 14 2 4 2 11
3 12 14 0 5 3 152
3 12 13 6 0 3 82
3 12 13 4 1 4 162
3 12 13 2 2 5 195
3 12 13 1 8 0 17
3 12 13 0 3 6 165
3 12 12 7 3 0 101
3 12 12 5 4 1 63
3 12 12 3 5 2 132
3 12 12 2 0 8 105
3 12 12 1 6 3 6
3 12 12 0 1 9 28
3 12 11 9 0 2 83
3 12 11 7 1 3 196
3 12 11 5 2 4 188
3 12 11 3 3 5 20
3 12 11 2 9 0 18
3 12 11 1 4 6 21
3 12 11 0 10 1 145
3 12 10 8 4 0 5
3 12 10 6 5 1 178
3 12 10 5 0 7 69
3 12 10 4 6 2 143
3 12 10 3 1 8 75
3 12 10 2 7 3 26
3 12 10 1 2 9 84
3 12 10 0 8 4 192
3 12 9 12 0 1 62
3 12 9 10 1 2 176
3 12 9 8 2 3 173
3 12 9 6 3 4 170
3 12 9 4 4 5 51
3 12 9 3 10 0 122
3 12 9 2 5 6 132
3 12 9 1 11 1 70
3 12 9 1 0 12 26
3 12 9 0 6 7 8
3 12 8 9 5 0 144
3 12 8 8 0 6 25
3 12 8 7 6 1 130
3 12 8 6 1 7 120
3 12 8 5 7 2 166
3 12 8 4 2 8 57
3 12 8 3 8 3 175
3 12 8 2 3 9 196
3 12 8 1 9 4 167
3 12 8 0 4 10 41
3 12 7 13 1 1 66
3 12 7 11 2 2 50
3 12 7 9 3 3 134
3 12 7 7 4 4 134
3 12 7 5 5 5 55
3 12 7 4 11 0 125
3 12 7 4 0 11 162
3 12 7 3 6 6 31
3 12 7 2 12 1 186
3 12 7 2 1 12 30
3 12 7 1 7 7 157
3 12 7 0 13 2 104
3 12 7 0 2 13 88
3 12 6 11 0 5 129
3 12 6 9 1 6 55
3 12 6 8 7 1 119
3 12 6 7 2 7 54
3 12 6 6 8 2 96
3 12 6 5 3 8 174
3 12 6 4 9 3 194
3 12 6 3 4 9 30
3 12 6 2 10 4 35
3 12 6 1 5 10 66
3 12 6 0 11 5 56
3 12 6 0 0 16 50
3 12 5 16 1 0 147
3 12 5 14 2 1 101
3 12 5 12 3 2 198
3 12 5 10 4 3 137
3 12 5 8 5 4 28
3 12 5 7 0 10 41
3 12 5 6 6 5 59
3 12 5 5 12 0 108
3 12 5 5 1 11 49
3 12 5 4 7 6 154
3 12 5 3 13 1 102
3 12 5 3 2 12 145
3 12 5 2 8 7 48
3 12 5 1 14 2 25
3 12 5 1 3 13 60
3 12 5 0 9 8 8
3 12 4 14 0 4 78
3 12 4 12 1 5 185
3 12 4 11 7 0 86
3 12 4 10 2 6 41
3 12 4 9 8 1 184
3 12 4 8 3 7 161
3 12 4 7 9 2 127
3 12 4 6 4 8 84
3 12 4 5 10 3 119
3 12 4 4 5 9 162
3 12 4 3 11 4 190
3 12 4 3 0 15 165
3 12 4 2 6 10 145
3 12 4 1 12 5 186
3 12 4 1 1 16 110
3 12 4 0 18 0 84
3 12 4 0 7 11 27
3 12 3 17 2 0 186
3 12 3 15 3 1 20
3 12 3 13 4 2 58
3 12 3 11 5 3 162
3 12 3 10 0 9 156
3 12 3 9 6 4 29
3 12 3 8 1 10 7
3 12 3 7 7 5 191
3 12 3 6 13 0 73
3 12 3 6 2 11 105
3 12 3 5 8 6 184
3 12 3 4 14 1 59
3 12 3 4 3 12 30
3 12 3 3 9 7 34
3 12 3 2 15 2 104
3 12 3 2 4 13 26
3 12 3 1 10 8 35
3 12 3 0 16 3 10
3 12 3 0 5 14 165
3 12 2 17 0 3 126
3 12 2 15 1 4 51
3 12 2 13 2 5 194
3 12 2 12 8 0 128
3 12 2 11 3 6 191
3 12 2 10 9 1 20
3 12 2 9 4 7 182
3 12 2 8 10 2 73
3 12 2 7 5 8 37
3 12 2 6 11 3 93
3 12 2 6 0 14 133
3 12 2 5 6 9 82
3 12 2 4 12 4 175
3 12 2 4 1 15 126
3 12 2 3 7 10 89
3 12 2 2 13 5 180
3 12 2 2 2 16 140
3 12 2 1 19 0 128
3 12 2 1 8 11 60
3 12 2 0 14 6 132
3 12 2 0 3 17 184
3 12 1 18 3 0 14
3 12 1 16 4 1 87
3 12 1 14 5 2 53
3 12 1 13 0 8 115
3 12 1 12 6 3 193
3 12 1 11 1 9 135
3 12 1 10 7 4 190
3 12 1 9 2 10 41
3 12 1 8 8 5 118
3 12 1 7 14 0 41
3 12 1 7 3 11 71
3 12 1 6 9 6 64
3 12 1 5 15 1 47
3 12 1 5 4 12 114
3 12 1 4 10 7 51
3 12 1 3 16 2 10
3 12 1 3 5 13 195
3 12 1 2 11 8 136
3 12 1 2 0 19 32
3 12 1 1 17 3 122
3 12 1 1 6 14 148
3 12 1 0 12 9 183
3 12 1 0 1 20 45
3 12 0 20 0 2 10
3 12 0 18 1 3 94
3 12 0 16 2 4 111
3 12 0 14 3 5 22
3 12 0 13 9 0 192
3 12 0 12 4 6 4
3 12 0 11 10 1 115
3 12 0 10 5 7 121
3 12 0 9 11 2 157
3 12 0 9 0 13 94
3 12 0 8 6 8 153
3 12 0 7 12 3 25
3 12 0 7 1 14 79
3 12 0 6 7 9 81
3 12 0 5 13 4 69
3 12 0 5 2 15 36
3 12 0 4 8 10 143
3 12 0 3 14 5 84
3 12 0 3 3 16 52
3 12 0 2 20 0 18
3 12 0 2 9 11 135
3 12 0 1 15 6 167
3 12 0 1 4 17 78
3 12 0 0 21 1 89
3 12 0 0 10 12 187
3 11 20 1 2 0 83
3 11 19 1 0 3 54
3 11 18 2 3 0 54
3 11 18 0 4 1 62
3 11 17 4 0 2 138
3 11 17 2 1 3 65
3 11 17 0 2 4 114
3 11 16 3 4 0 106
3 11 16 1 5 1 191
3 11 16 0 0 7 121
3 11 15 7 0 1 19
3 11 15 5 1 2 36
3 11 15 3 2 3 63
3 11 15 1 3 4 162
3 11 14 4 5 0 75
3 11 14 3 0 6 172
3 11 14 2 6 1 11
3 11 14 1 1 7 191
3 11 14 0 7 2 48
3 11 13 10 0 0 34
3 11 13 8 1 1 50
3 11 13 6 2 2 78
3 11 13 4 3 3 197
3 11 13 2 4 4 93
3 11 13 0 5 5 25
3 11 12 6 0 5 61
3 11 12 5 6 0 31
3 11 12 4 1 6 84
3 11 12 3 7 1 132
3 11 12 2 2 7 191
3 11 12 1 8 2 161
3 11 12 0 3 8 107
3 11 11 11 1 0 48
3 11 11 9 2 1 138
3 11 11 7 3 2 136
3 11 11 5 4 3 115
3 11 11 3 5 4 164
3 11 11 2 0 10 41
3 11 11 1 6 5 46
3 11 11 0 12 0 138
3 11 11 0 1 11 78
3 11 10 9 0 4 128
3 11 10 7 1 5 83
3 11 10 6 7 0 191
3 11 10 5 2 6 192
3 11 10 4 8 1 136
3 11 10 3 3 7 20
3 11 10 2 9 2 147
3 11 10 1 4 8 191
3 11 10 0 10 3 15
3 11 9 12 2 0 195
3 11 9 10 3 1 25
3 11 9 8 4 2 145
3 11 9 6 5 3 127
3 11 9 5 0 9 54
3 11 9 4 6 4 126
3 11 9 3 1 10 171
3 11 9 2 7 5 81
3 11 9 1 13 0 194
3 11 9 1 2 11 16
3 11 9 0 8 6 104
3 11 8 12 0 3 37
3 11 8 10 1 4 175
3 11 8 8 2 5 192
3 11 8 7 8 0 11
3 11 8 6 3 6 141
3 11 8 5 9 1 79
3 11 8 4 4 7 18
3 11 8 3 10 2 122
3 11 8 2 5 8 48
3 11 8 1 11 3 122
3 11 8 1 0 14 174
3 11 8 0 6 9 130
3 11 7 13 3 0 174
3 11 7 11 4 1 70
3 11 7 9 5 2 163
3 11 7 8 0 8 145
3 11 7 7 6 3 137
3 11 7 6 1 9 65
3 11 7 5 7 4 125
3 11 7 4 2 10 90
3 11 7 3 8 5 93
3 11 7 2 14 0 26
3 11 7 2 3 11 166
3 11 7 1 9 6 178
3 11 7 0 15 1 176
3 11 7 0 4 12 174
3 11 6 15 0 2 183
3 11 6 13 1 3 73
3 11 6 11 2 4 115
3 11 6 9 3 5 159
3 11 6 8 9 0 169
3 11 6 7 4 6 192
3 11 6 6 10 1 102
3 11 6 5 5 7 19
3 11 6 4 11 2 53
3 11 6 4 0 13 180
3 11 6 3 6 8 41
3 11 6 2 12 3 191
3 11 6 2 1 14 28
3 11 6 0 13 4 114
3 11 6 0 2 15 52
3 11 5 14 4 0 60
3 11 5 12 5 1 130
3 11 5 11 0 7 67
3 11 5 10 6 2 57
3 11 5 9 1 8 24
3 11 5 8 7 3 16
3 11 5 7 2 9 7
3 11 5 6 8 4 113
3 11 5 5 3 10 90
3 11 5 4 9 5 35
3 11 5 3 15 0 70
3 11 5 3 4 11 110
3 11 5 2 10 6 77
3 11 5 1 16 1 158
3 11 5 1 5 12 82
3 11 5 0 11 7 93
3 11 5 0 0 18 148
3 11 4 18 0 1 179
3 11 4 16 1 2 22
3 11 4 14 2 3 60
3 11 4 12 3 4 184
3 11 4 10 4 5 89
3 11 4 9 10 0 156
3 11 4 8 5 6 151
3 11 4 7 11 1 186
3 11 4 7 0 12 105
3 11 4 6 6 7 90
3 11 4 5 12 2 23
3 11 4 5 1 13 142
3 11 4 4 7 8 44
3 11 4 3 13 3 196
3 11 4 3 2 14 128
3 11 4 2 8 9 40
3 11 4 1 14 4 185
3 11 4 1 3 15 83
3 11 4 0 9 10 94
3 11 3 15 5 0 105
3 11 3 14 0 6 113
3 11 3 13 6 1 120
3 11 3 12 1 7 180
3 11 3 11 7 2 27
3 11 3 10 2 8 147
3 11 3 9 8 3 165
3 11 3 8 3 9 131
3 11 3 7 9 4 186
3 11 3 6 4 10 177
3 11 3 5 10 5 61
3 11 3 4 16 0 61
3 11 3 4 5 11 91
3 11 3 3 11 6 152
3 11 3 3 0 17 110
3 11 3 2 17 1 40
3 11 3 2 6 12 92
3 11 3 1 12 7 109
3 11 3 1 1 18 54
3 11 3 0 18 2 186
3 11 3 0 7 13 129
3 11 2 21 0 0 73
3 11 2 19 1 1 183
3 11 2 17 2 2 89
3 11 2 15 3 3 190
3 11 2 13 4 4 137
3 11 2 11 5 5 156
3 11 2 10 11 0 65
3 11 2 10 0 11 6
3 11 2 9 6 6 25
3 11 2 8 12 1 103
3 11 2 8 1 12 159
3 11 2 7 7 7 181
3 11 2 6 13 2 117
3 11 2 6 2 13 38
3 11 2 5 8 8 117
3 11 2 4 14 3 195
3 11 2 4 3 14 47
3 11 2 3 9 9 82
3 11 2 2 15 4 22
3 11 2 2 4 15 25
3 11 2 1 10 10 132
3 11 2 0 16 5 69
3 11 2 0 5 16 119
3 11 1 17 0 5 39
3 11 1 16 6 0 26
3 11 1 15 1 6 20
3 11 1 14 7 1 186
3 11 1 13 2 7 60
3 11 1 12 8 2 48
3 11 1 11 3 8 11
3 11 1 10 9 3 169
3 11 1 9 4 9 192
3 11 1 8 10 4 197
3 11 1 7 5 10 97
3 11 1 6 11 5 105
3 11 1 6 0 16 113
3 11 1 5 17 0 188
3 11 1 5 6 11 160
3 11 1 4 12 6 72
3 11 1 4 1 17 21
3 11 1 3 18 1 91
3 11 1 3 7 12 191
3 11 1 2 13 7 140
3 11 1 2 2 18 85
3 11 1 1 19 2 124
3 11 1 1 8 13 151
3 11 1 0 14 8 196
3 11 1 0 3 19 86
3 11 0 22 1 0 189
3 11 0 20 2 1 159
3 11 0 18 3 2 120
3 11 0 16 4 3 37
3 11 0 14 5 4 184
3 11 0 13 0 10 108
3 11 0 12 6 5 44
3 11 0 11 12 0 43
3 11 0 11 1 11 182
3 11 0 10 7 6 1
3 11 0 9 13 1 179
3 11 0 9 2 12 32
3 11 0 8 8 7 158
3 11 0 7 14 2 137
3 11 0 7 3 13 52
3 11 0 6 9 8 67
3 11 0 5 15 3 69
3 11 0 5 4 14 56
3 11 0 4 10 9 43
3 11 0 3 16 4 3
3 11 0 3 5 15 105
3 11 0 2 11 10 145
3 11 0 2 0 21 23
3 11 0 1 17 5 54
3 11 0 1 6 16 161
3 11 0 0 23 0 24
3 11 0 0 12 11 121
3 11 0 0 1 22 198
3 10 21 2 0 1 85
3 10 21 0 1 2 94
3 10 19 5 0 0 73
3 10 19 3 1 1 48
3 10 19 1 2 2 38
3 10 18 1 0 5 48
3 10 18 0 6 0 179
3 10 17 6 1 0 130
3 10 17 4 2 1 162
3 10 17 2 3 2 155
3 10 17 0 4 3 6
3 10 16 4 0 4 21
3 10 16 2 1 5 163
3 10 16 1 7 0 10
3 10 16 0 2 6 156
3 10 15 7 2 0 95
3 10 15 5 3 1 106
3 10 15 3 4 2 66
3 10 15 1 5 3 152
3 10 15 0 0 9 137
3 10 14 7 0 3 134
3 10 14 5 1 4 117
3 10 14 3 2 5 73
3 10 14 2 8 0 1
3 10 14 1 3 6 103
3 10 14 0 9 1 46
3 10 13 8 3 0 104
3 10 13 6 4 1 22
3 10 13 4 5 2 157
3 10 13 3 0 8 118
3 10 13 2 6 3 31
3 10 13 1 1 9 30
3 10 13 0 7 4 75
3 10 12 10 0 2 26
3 10 12 8 1 3 28
3 10 12 6 2 4 142
3 10 12 4 3 5 10
3 10 12 3 9 0 18
3 10 12 2 4 6 17
3 10 12 1 10 1 73
3 10 12 0 5 7 54
3 10 11 9 4 0 125
3 10 11 7 5 1 172
3 10 11 6 0 7 21
3 10 11 5 6 2 56
3 10 11 4 1 8 70
3 10 11 3 7 3 198
3 10 11 2 2 9 105
3 10 11 1 8 4 193
3 10 11 0 3 10 177
3 10 10 13 0 1 43
3 10 10 11 1 2 38
3 10 10 9 2 3 94
3 10 10 7 3 4 71
3 10 10 5 4 5 49
3 10 10 4 10 0 134
3 10 10 3 5 6 27
3 10 10 2 11 1 30
3 10 10 2 0 12 70
3 10 10 1 6 7 17
3 10 10 0 12 2 43
3 10 10 0 1 13 22
3 10 9 10 5 0 37
3 10 9 9 0 6 180
3 10 9 8 6 1 62
3 10 9 7 1 7 105
3 10 9 6 7 2 107
3 10 9 5 2 8 30
3 10 9 4 8 3 154
3 10 9 3 3 9 38
3 10 9 2 9 4 63
3 10 9 1 4 10 88
3 10 9 0 10 5 180
3 10 8 16 0 0 142
3 10 8 14 1 1 64
3 10 8 12 2 2 104
3 10 8 10 3 3 36
3 10 8 8 4 4 57
3 10 8 6 5 5 151
3 10 8 5 11 0 177
3 10 8 5 0 11 158
3 10 8 4 6 6 23
3 10 8 3 12 1 34
3 10 8 3 1 12 70
3 10 8 2 7 7 48
3 10 8 1 13 2 96
3 10 8 1 2 13 101
3 10 8 0 8 8 65
3 10 7 12 0 5 165
3 10 7 11 6 0 197
3 10 7 10 1 6 142
3 10 7 9 7 1 128
3 10 7 8 2 7 142
3 10 7 7 8 2 123
3 10 7 6 3 8 34
3 10 7 5 9 3 18
3 10 7 4 4 9 107
3 10 7 3 10 4 77
3 10 7 2 5 10 194
3 10 7 1 11 5 93
3 10 7 1 0 16 56
3 10 7 0 17 0 47
3 10 7 0 6 11 55
3 10 6 17 1 0 121
3 10 6 15 2 1 63
3 10 6 13 3 2 71
3 10 6 11 4 3 193
3 10 6 9 5 4 166
3 10 6 8 0 10 181
3 10 6 7 6 5 23
3 10 6 6 12 0 140
3 10 6 6 1 11 63
3 10 6 5 7 6 150
3 10 6 4 13 1 5
3 10 6 4 2 12 118
3 10 6 3 8 7 58
3 10 6 2 14 2 56
3 10 6 2 3 13 70
3 10 6 1 9 8 74
3 10 6 0 15 3 169
3 10 6 0 4 14 60
3 10 5 15 0 4 183
3 10 5 13 1 5 111
3 10 5 12 7 0 196
3 10 5 11 2 6 61
3 10 5 10 8 1 130
3 10 5 9 3 7 196
3 10 5 8 9 2 191
3 10 5 7 4 8 181
3 10 5 6 10 3 44
3 10 5 5 5 9 31
3 10 5 4 11 4 122
3 10 5 4 0 15 152
3 10 5 3 6 10 118
3 10 5 2 12 5 53
3 10 5 2 1 16 140
3 10 5 1 18 0 7
3 10 5 1 7 11 15
3 10 5 0 13 6 169
3 10 5 0 2 17 100
3 10 4 18 2 0 110
3 10 4 16 3 1 86
3 10 4 14 4 2 113
3 10 4 12 5 3 161
3 10 4 11 0 9 153
3 10 4 10 6 4 150
3 10 4 9 1 10 151
3 10 4 8 7 5 117
3 10 4 7 13 0 41
3 10 4 7 2 11 180
3 10 4 6 8 6 77
3 10 4 5 14 1 70
3 10 4 5 3 12 129
3 10 4 4 9 7 47
3 10 4 3 15 2 193
3 10 4 3 4 13 106
3 10 4 2 10 8 193
3 10 4 1 16 3 37
3 10 4 1 5 14 112
3 10 4 0 11 9 104
3 10 4 0 0 20 69
3 10 3 18 0 3 68
3 10 3 16 1 4 83
3 10 3 14 2 5 131
3 10 3 13 8 0 142
3 10 3 12 3 6 185
3 10 3 11 9 1 138
3 10 3 10 4 7 17
3 10 3 9 10 2 83
3 10 3 8 5 8 27
3 10 3 7 11 3 156
3 10 3 7 0 14 39
3 10 3 6 6 9 105
3 10 3 5 12 4 181
3 10 3 5 1 15 184
3 10 3 4 7 10 136
3 10 3 3 2 16 81
3 10 3 2 19 0 151
3 10 3 2 8 11 90
3 10 3 1 14 6 158
3 10 3 1 3 17 150
3 10 3 0 20 1 156
3 10 3 0 9 12 185
3 10 2 19 3 0 72
3 10 2 17 4 1 71
3 10 2 15 5 2 64
3 10 2 14 0 8 142
3 10 2 13 6 3 106
3 10 2 12 1 9 162
3 10 2 11 7 4 52
3 10 2 10 2 10 195
3 10 2 9 8 5 25
3 10 2 8 14 0 35
3 10 2 8 3 11 111
3 10 2 7 9 6 185
3 10 2 6 15 1 108
3 10 2 6 4 12 20
3 10 2 5 10 7 18
3 10 2 4 16 2 73
3 10 2 4 5 13 183
3 10 2 3 11 8 196
3 10 2 3 0 19 54
3 10 2 2 17 3 36
3 10 2 2 6 14 14
3 10 2 1 12 9 150
3 10 2 1 1 20 55
3 10 2 0 18 4 36
3 10 2 0 7 15 188
3 10 1 21 0 2 104
3 10 1 19 1 3 180
3 10 1 17 2 4 84
3 10 1 15 3 5 52
3 10 1 14 9 0 24
3 10 1 13 4 6 103
3 10 1 12 10 1 42
3 10 1 11 5 7 110
3 10 1 10 11 2 13
3 10 1 10 0 13 154
3 10 1 9 6 8 194
3 10 1 8 12 3 7
3 10 1 8 1 14 23
3 10 1 7 7 9 116
3 10 1 6 13 4 146
3 10 1 6 2 15 6
3 10 1 5 8 10 10
3 10 1 4 14 5 148
3 10 1 4 3 16 13
3 10 1 3 20 0 166
3 10 1 3 9 11 40
3 10 1 2 15 6 58
3 10 1 2 4 17 148
3 10 1 1 21 1 74
3 10 1 1 10 12 16
3 10 1 0 16 7 59
3 10 1 0 5 18 60
3 10 0 20 4 0 145
3 10 0 18 5 1 142
3 10 0 17 0 7 170
3 10 0 16 6 2 137
3 10 0 15 1 8 185
3 10 0 14 7 3 37
3 10 0 13 2 9 105
3 10 0 12 8 4 14
3 10 0 11 3 10 29
3 10 0 10 9 5 142
3 10 0 9 15 0 84
3 10 0 9 4 11 79
3 10 0 8 10 6 18
3 10 0 7 16 1 22
3 10 0 7 5 12 9
3 10 0 6 11 7 74
3 10 0 6 0 18 22
3 10 0 5 17 2 125
3 10 0 5 6 13 196
3 10 0 4 12 8 74
3 10 0 4 1 19 155
3 10 0 3 18 3 110
3 10 0 3 7 14 117
3 10 0 2 13 9 26
3 10 0 2 2 20 176
3 10 0 1 19 4 145
3 10 0 1 8 15 114
3 10 0 0 14 10 138
3 10 0 0 3 21 96
3 9 25 0 0 0 146
3 9 23 1 1 0 139
3 9 21 2 2 0 25
3 9 21 0 3 1 101
3 9 20 2 0 3 45
3 9 20 0 1 4 57
3 9 19 3 3 0 184
3 9 19 1 4 1 28
3 9 18 5 0 2 19
3 9 18 3 1 3 68
3 9 18 1 2 4 132
3 9 17 4 4 0 50
3 9 17 2 5 1 180
3 9 17 1 0 7 110
3 9 17 0 6 2 39
3 9 16 8 0 1 133
3 9 16 6 1 2 176
3 9 16 4 2 3 182
3 9 16 2 3 4 94
3 9 16 0 4 5 51
3 9 15 5 5 0 97
3 9 15 4 0 6 156
3 9 15 3 6 1 94
3 9 15 2 1 7 75
3 9 15 1 7 2 76
3 9 15 0 2 8 57
3 9 14 11 0 0 151
3 9 14 9 1 1 1
3 9 14 7 2 2 173
3 9 14 5 3 3 81
3 9 14 3 4 4 125
3 9 14 1 5 5 86
3 9 14 0 11 0 144
3 9 14 0 0 11 87
3 9 13 7 0 5 155
3 9 13 6 6 0 100
3 9 13 5 1 6 107
3 9 13 4 7 1 108
3 9 13 3 2 7 178
3 9 13 2 8 2 51
3 9 13 1 3 8 90
3 9 13 0 9 3 141
3 9 12 12 1 0 82
3 9 12 10 2 1 21
3 9 12 8 3 2 41
3 9 12 6 4 3 119
3 9 12 4 5 4 162
3 9 12 3 0 10 88
3 9 12 2 6 5 60
3 9 12 1 12 0 72
3 9 12 1 1 11 139
3 9 12 0 7 6 53
3 9 11 10 0 4 175
3 9 11 8 1 5 195
3 9 11 7 7 0 165
3 9 11 6 2 6 195
3 9 11 5 8 1 142
3 9 11 4 3 7 4
3 9 11 3 9 2 74
3 9 11 2 4 8 71
3 9 11 1 10 3 129
3 9 11 0 5 9 11
3 9 10 13 2 0 86
3 9 10 11 3 1 198
3 9 10 9 4 2 133
3 9 10 7 5 3 26
3 9 10 6 0 9 182
3 9 10 5 6 4 97
3 9 10 4 1 10 72
3 9 10 3 7 5 25
3 9 10 2 13 0 142
3 9 10 2 2 11 81
3 9 10 1 8 6 145
3 9 10 0 14 1 85
3 9 10 0 3 12 33
3 9 9 13 0 3 159
3 9 9 11 1 4 74
3 9 9 9 2 5 26
3 9 9 8 8 0 9
3 9 9 7 3 6 69
3 9 9 6 9 1 46
3 9 9 5 4 7 27
3 9 9 4 10 2 170
3 9 9 3 5 8 50
3 9 9 2 11 3 22
3 9 9 2 0 14 86
3 9 9 1 6 9 49
3 9 9 0 12 4 77
3 9 9 0 1 15 162
3 9 8 14 3 0 148
3 9 8 12 4 1 31
3 9 8 10 5 2 157
3 9 8 9 0 8 39
3 9 8 8 6 3 78
3 9 8 7 1 9 197
3 9 8 6 7 4 34
3 9 8 5 2 10 135
3 9 8 4 8 5 160
3 9 8 3 14 0 174
3 9 8 2 9 6 110
3 9 8 1 15 1 85
3 9 8 1 4 12 111
3 9 8 0 10 7 197
3 9 7 16 0 2 195
3 9 7 14 1 3 144
3 9 7 12 2 4 40
3 9 7 10 3 5 194
3 9 7 9 9 0 183
3 9 7 8 4 6 49
3 9 7 7 10 1 109
3 9 7 6 5 7 178
3 9 7 5 11 2 140
3 9 7 5 0 13 180
3 9 7 4 6 8 16
3 9 7 3 12 3 182
3 9 7 3 1 14 154
3 9 7 2 7 9 14
3 9 7 1 13 4 7
3 9 7 1 2 15 32
3 9 7 0 8 10 197
3 9 6 15 4 0 105
3 9 6 13 5 1 64
3 9 6 12 0 7 153
3 9 6 11 6 2 48
3 9 6 10 1 8 27
3 9 6 9 7 3 33
3 9 6 8 2 9 73
3 9 6 7 8 4 176
3 9 6 6 3 10 23
3 9 6 5 9 5 37
3 9 6 4 15 0 28
3 9 6 4 4 11 185
3 9 6 3 10 6 112
3 9 6 2 16 1 190
3 9 6 2 5 12 191
3 9 6 1 11 7 17
3 9 6 1 0 18 148
3 9 6 0 17 2 117
3 9 6 0 6 13 79
3 9 5 19 0 1 117
3 9 5 17 1 2 126
3 9 5 15 2 3 50
3 9 5 13 3 4 66
3 9 5 11 4 5 160
3 9 5 10 10 0 178
3 9 5 9 5 6 1
3 9 5 8 11 1 183
3 9 5 8 0 12 22
3 9 5 7 6 7 37
3 9 5 6 12 2 111
3 9 5 6 1 13 41
3 9 5 5 7 8 122
3 9 5 4 13 3 25
3 9 5 4 2 14 48
3 9 5 3 8 9 92
3 9 5 2 14 4 114
3 9 5 2 3 15 170
3 9 5 1 9 10 84
3 9 5 0 15 5 184
3 9 5 0 4 16 47
3 9 4 16 5 0 175
3 9 4 15 0 6 149
3 9 4 14 6 1 10
3 9 4 13 1 7 184
3 9 4 12 7 2 139
3 9 4 11 2 8 83
3 9 4 10 8 3 17
3 9 4 9 3 9 34
3 9 4 8 9 4 118
3 9 4 7 4 10 152
3 9 4 6 10 5 13
3 9 4 5 16 0 106
3 9 4 5 5 11 83
3 9 4 4 11 6 107
3 9 4 4 0 17 102
3 9 4 3 17 1 50
3 9 4 3 6 12 174
3 9 4 2 12 7 5
3 9 4 2 1 18 100
3 9 4 1 18 2 73
3 9 4 1 7 13 108
3 9 4 0 13 8 121
3 9 4 0 2 19 73
3 9 3 22 0 0 67
3 9 3 20 1 1 27
3 9 3 18 2 2 72
3 9 3 16 3 3 33
3 9 3 14 4 4 17
3 9 3 12 5 5 152
3 9 3 11 11 0 65
3 9 3 11 0 11 96
3 9 3 10 6 6 141
3 9 3 9 1 12 109
3 9 3 8 7 7 98
3 9 3 7 13 2 153
3 9 3 7 2 13 23
3 9 3 6 8 8 45
3 9 3 5 14 3 183
3 9 3 5 3 14 183
3 9 3 4 9 9 27
3 9 3 3 15 4 14
3 9 3 3 4 15 86
3 9 3 2 10 10 124
3 9 3 1 16 5 176
3 9 3 1 5 16 96
3 9 3 0 22 0 50
3 9 3 0 11 11 125
3 9 3 0 0 22 40
3 9 2 18 0 5 105
3 9 2 17 6 0 137
3 9 2 16 1 6 112
3 9 2 15 7 1 7
3 9 2 14 2 7 43
3 9 2 13 8 2 88
3 9 2 12 3 8 178
3 9 2 11 9 3 141
3 9 2 10 4 9 74
3 9 2 9 10 4 164
3 9 2 8 5 10 159
3 9 2 7 11 5 74
3 9 2 7 0 16 141
3 9 2 6 17 0 139
3 9 2 6 6 11 27
3 9 2 5 12 6 9
3 9 2 5 1 17 173
3 9 2 4 18 1 119
3 9 2 4 7 12 186
3 9 2 3 13 7 101
3 9 2 3 2 18 98
3 9 2 2 19 2 58
3 9 2 2 8 13 58
3 9 2 1 14 8 176
3 9 2 1 3 19 26
3 9 2 0 20 3 148
3 9 2 0 9 14 183
3 9 1 23 1 0 72
3 9 1 21 2 1 120
3 9 1 19 3 2 156
3 9 1 17 4 3 36
3 9 1 15 5 4 155
3 9 1 14 0 10 15
3 9 1 13 6 5 129
3 9 1 12 12 0 121
3 9 1 12 1 11 7
3 9 1 11 7 6 179
3 9 1 10 13 1 47
3 9 1 10 2 12 42
3 9 1 9 8 7 114
3 9 1 8 14 2 72
3 9 1 8 3 13 96
3 9 1 7 9 8 84
3 9 1 6 15 3 121
3 9 1 6 4 14 120
3 9 1 5 10 9 116
3 9 1 4 16 4 23
3 9 1 4 5 15 21
3 9 1 3 11 10 182
3 9 1 3 0 21 122
3 9 1 2 17 5 56
3 9 1 2 6 16 98
3 9 1 1 23 0 58
3 9 1 1 12 11 9
3 9 1 1 1 22 106
3 9 1 0 18 6 95
3 9 1 0 7 17 138
3 9 0 21 0 4 40
3 9 0 19 1 5 157
3 9 0 18 7 0 190
3 9 0 17 2 6 82
3 9 0 16 8 1 33
3 9 0 15 3 7 42
3 9 0 14 9 2 40
3 9 0 13 4 8 68
3 9 0 12 10 3 194
3 9 0 11 5 9 73
3 9 0 10 11 4 100
3 9 0 10 0 15 42
3 9 0 9 6 10 56
3 9 0 8 12 5 119
3 9 0 8 1 16 40
3 9 0 7 18 0 87
3 9 0 7 7 11 34
3 9 0 6 13 6 189
3 9 0 6 2 17 82
3 9 0 5 19 1 167
3 9 0 5 8 12 150
3 9 0 4 14 7 108
3 9 0 4 3 18 178
3 9 0 3 20 2 61
3 9 0 3 9 13 27
3 9 0 2 15 8 89
3 9 0 2 4 19 118
3 9 0 1 21 3 127
3 9 0 1 10 14 25
3 9 0 0 16 9 98
3 9 0 0 5 20 101
3 8 24 0 0 2 76
3 8 22 3 0 1 128
3 8 22 1 1 2 20
3 8 21 0 5 0 24
3 8 20 6 0 0 118
3 8 20 4 1 1 43
3 8 20 2 2 2 9
3 8 20 0 3 3 103
3 8 19 2 0 5 46
3 8 19 1 6 0 8
3 8 19 0 1 6 178
3 8 18 7 1 0 127
3 8 18 5 2 1 144
3 8 18 3 3 2 126
3 8 18 1 4 3 129
3 8 17 5 0 4 107
3 8 17 3 1 5 137
3 8 17 2 7 0 62
3 8 17 1 2 6 115
3 8 17 0 8 1 7
3 8 16 8 2 0 7
3 8 16 6 3 1 114
3 8 16 4 4 2 73
3 8 16 2 5 3 177
3 8 16 1 0 9 11
3 8 16 0 6 4 95
3 8 15 8 0 3 45
3 8 15 6 1 4 28
3 8 15 4 2 5 102
3 8 15 3 8 0 18
3 8 15 2 3 6 166
3 8 15 1 9 1 124
3 8 15 0 4 7 95
3 8 14 9 3 0 31
3 8 14 7 4 1 106
3 8 14 5 5 2 9
3 8 14 4 0 8 29
3 8 14 2 1 9 31
3 8 14 1 7 4 62
3 8 14 0 2 10 55
3 8 13 11 0 2 143
3 8 13 9 1 3 99
3 8 13 7 2 4 193
3 8 13 5 3 5 59
3 8 13 4 9 0 84
3 8 13 3 4 6 134
3 8 13 2 10 1 45
3 8 13 1 5 7 187
3 8 13 0 11 2 13
3 8 13 0 0 13 83
3 8 12 10 4 0 20
3 8 12 8 5 1 57
3 8 12 7 0 7 11
3 8 12 6 6 2 44
3 8 12 5 1 8 122
3 8 12 4 7 3 102
3 8 12 3 2 9 153
3 8 12 2 8 4 49
3 8 12 1 3 10 130
3 8 11 14 0 1 118
3 8 11 12 1 2 161
3 8 11 10 2 3 21
3 8 11 8 3 4 160
3 8 11 6 4 5 17
3 8 11 5 10 0 169
3 8 11 4 5 6 15
3 8 11 3 11 1 38
3 8 11 3 0 12 127
3 8 11 2 6 7 99
3 8 11 1 12 2 52
3 8 11 1 1 13 67
3 8 11 0 7 8 33
3 8 10 11 5 0 169
3 8 10 10 0 6 103
3 8 10 9 6 1 140
3 8 10 8 1 7 188
3 8 10 7 7 2 169
3 8 10 6 2 8 47
3 8 10 5 8 3 133
3 8 10 4 3 9 69
3 8 10 3 9 4 26
3 8 10 2 4 10 127
3 8 10 1 10 5 149
3 8 10 0 16 0 25
3 8 10 0 5 11 38
3 8 9 17 0 0 45
3 8 9 15 1 1 143
3 8 9 13 2 2 27
3 8 9 11 3 3 90
3 8 9 9 4 4 28
3 8 9 7 5 5 144
3 8 9 6 11 0 63
3 8 9 6 0 11 77
3 8 9 5 6 6 18
3 8 9 4 12 1 12
3 8 9 4 1 12 126
3 8 9 3 7 7 172
3 8 9 2 13 2 62
3 8 9 2 2 13 144
3 8 9 1 8 8 27
3 8 9 0 14 3 66
3 8 9 0 3 14 103
3 8 8 13 0 5 19
3 8 8 12 6 0 106
3 8 8 11 1 6 22
3 8 8 10 7 1 21
3 8 8 9 2 7 161
3 8 8 8 8 2 64
3 8 8 7 3 8 185
3 8 8 6 9 3 149
3 8 8 5 4 9 159
3 8 8 4 10 4 135
3 8 8 3 5 10 175
3 8 8 2 11 5 2
3 8 8 2 0 16 121
3 8 8 1 17 0 35
3 8 8 1 6 11 181
3 8 8 0 12 6 47
3 8 8 0 1 17 80
3 8 7 18 1 0 180
3 8 7 16 2 1 43
3 8 7 14 3 2 166
3 8 7 12 4 3 163
3 8 7 10 5 4 86
3 8 7 9 0 10 76
3 8 7 8 6 5 27
3 8 7 7 12 0 151
3 8 7 7 1 11 174
3 8 7 6 7 6 133
3 8 7 5 13 1 196
3 8 7 5 2 12 32
3 8 7 4 8 7 186
3 8 7 3 14 2 80
3 8 7 3 3 13 143
3 8 7 2 9 8 131
3 8 7 1 15 3 47
3 8 7 1 4 14 56
3 8 7 0 10 9 137
3 8 6 16 0 4 197
3 8 6 14 1 5 146
3 8 6 13 7 0 17
3 8 6 12 2 6 181
3 8 6 11 8 1 171
3 8 6 10 3 7 177
3 8 6 9 9 2 178
3 8 6 8 4 8 168
3 8 6 7 10 3 86
3 8 6 6 5 9 149
3 8 6 5 11 4 83
3 8 6 5 0 15 77
3 8 6 4 6 10 88
3 8 6 3 12 5 152
3 8 6 3 1 16 174
3 8 6 2 18 0 166
3 8 6 2 7 11 107
3 8 6 1 13 6 4
3 8 6 1 2 17 180
3 8 6 0 19 1 190
3 8 6 0 8 12 111
3 8 5 19 2 0 152
3 8 5 17 3 1 151
3 8 5 15 4 2 24
3 8 5 13 5 3 145
3 8 5 12 0 9 157
3 8 5 11 6 4 163
3 8 5 10 1 10 157
3 8 5 9 7 5 171
3 8 5 8 13 0 113
3 8 5 8 2 11 67
3 8 5 7 8 6 23
3 8 5 6 14 1 138
3 8 5 6 3 12 123
3 8 5 5 9 7 194
3 8 5 4 15 2 149
3 8 5 4 4 13 121
3 8 5 3 10 8 145
3 8 5 2 16 3 69
3 8 5 2 5 14 23
3 8 5 1 11 9 132
3 8 5 1 0 20 198
3 8 5 0 17 4 26
3 8 5 0 6 15 148
3 8 4 19 0 3 181
3 8 4 17 1 4 155
3 8 4 15 2 5 107
3 8 4 14 8 0 104
3 8 4 13 3 6 183
3 8 4 12 9 1 34
3 8 4 11 4 7 110
3 8 4 10 10 2 1
3 8 4 9 5 8 85
3 8 4 8 11 3 6
3 8 4 8 0 14 39
3 8 4 7 6 9 109
3 8 4 6 12 4 77
3 8 4 6 1 15 139
3 8 4 5 7 10 101
3 8 4 4 13 5 1
3 8 4 4 2 16 190
3 8 4 3 19 0 108
3 8 4 3 8 11 48
3 8 4 2 14 6 89
3 8 4 2 3 17 65
3 8 4 1 20 1 113
3 8 4 1 9 12 194
3 8 4 0 15 7 122
3 8 4 0 4 18 134
3 8 3 20 3 0 71
3 8 3 18 4 1 114
3 8 3 16 5 2 187
3 8 3 15 0 8 143
3 8 3 14 6 3 98
3 8 3 13 1 9 77
3 8 3 12 7 4 197
3 8 3 11 2 10 100
3 8 3 10 8 5 24
3 8 3 9 14 0 37
3 8 3 9 3 11 60
3 8 3 8 9 6 176
3 8 3 7 15 1 12
3 8 3 7 4 12 21
3 8 3 6 10 7 184
3 8 3 5 16 2 28
3 8 3 5 5 13 190
3 8 3 4 11 8 42
3 8 3 4 0 19 191
3 8 3 3 17 3 150
3 8 3 3 6 14 149
3 8 3 2 12 9 144
3 8 3 2 1 20 120
3 8 3 1 18 4 56
3 8 3 1 7 15 137
3 8 3 0 13 10 93
3 8 3 0 2 21 178
3 8 2 22 0 2 144
3 8 2 20 1 3 108
3 8 2 18 2 4 153
3 8 2 16 3 5 133
3 8 2 15 9 0 186
3 8 2 14 4 6 149
3 8 2 13 10 1 133
3 8 2 12 5 7 161
3 8 2 11 11 2 69
3 8 2 11 0 13 184
3 8 2 10 6 8 145
3 8 2 9 12 3 94
3 8 2 9 1 14 55
3 8 2 8 7 9 128
3 8 2 7 13 4 99
3 8 2 7 2 15 104
3 8 2 6 8 10 118
3 8 2 5 14 5 145
3 8 2 5 3 16 176
3 8 2 4 20 0 145
3 8 2 4 9 11 171
3 8 2 3 15 6 87
3 8 2 3 4 17 122
3 8 2 2 21 1 168
3 8 2 2 10 12 80
3 8 2 1 16 7 67
3 8 2 1 5 18 141
3 8 2 0 22 2 186
3 8 2 0 11 13 192
3 8 2 0 0 24 139
3 8 1 21 4 0 79
3 8 1 19 5 1 169
3 8 1 18 0 7 106
3 8 1 17 6 2 130
3 8 1 16 1 8 122
3 8 1 15 7 3 180
3 8 1 14 2 9 122
3 8 1 13 8 4 180
3 8 1 12 3 10 177
3 8 1 11 9 5 88
3 8 1 10 15 0 45
3 8 1 10 4 11 46
3 8 1 9 10 6 143
3 8 1 8 16 1 26
3 8 1 8 5 12 64
3 8 1 7 11 7 93
3 8 1 7 0 18 31
3 8 1 6 17 2 115
3 8 1 6 6 13 63
3 8 1 5 12 8 183
3 8 1 5 1 19 144
3 8 1 4 18 3 14
3 8 1 4 7 14 141
3 8 1 3 13 9 178
3 8 1 3 2 20 11
3 8 1 2 19 4 78
3 8 1 2 8 15 114
3 8 1 1 14 10 142
3 8 1 1 3 21 197
3 8 1 0 20 5 152
3 8 1 0 9 16 54
3 8 0 25 0 1 196
3 8 0 23 1 2 163
3 8 0 21 2 3 72
3 8 0 19 3 4 103
3 8 0 17 4 5 63
3 8 0 16 10 0 122
3 8 0 15 5 6 165
3 8 0 14 11 1 35
3 8 0 14 0 12 45
3 8 0 13 6 7 168
3 8 0 12 12 2 51
3 8 0 12 1 13 128
3 8 0 11 7 8 113
3 8 0 10 13 3 164
3 8 0 10 2 14 38
3 8 0 9 8 9 46
3 8 0 8 14 4 36
3 8 0 8 3 15 3
3 8 0 7 9 10 148
3 8 0 6 15 5 104
3 8 0 6 4 16 105
3 8 0 5 21 0 38
3 8 0 5 10 11 106
3 8 0 4 16 6 52
3 8 0 4 5 17 76
3 8 0 3 22 1 13
3 8 0 3 11 12 39
3 8 0 3 0 23 161
3 8 0 2 17 7 103
3 8 0 2 6 18 92
3 8 0 1 23 2 36
3 8 0 1 12 13 3
3 8 0 1 1 24 44
3 8 0 0 18 8 18
3 8 0 0 7 19 7
3 7 26 1 0 0 110
3 7 24 2 1 0 70
3 7 24 0 2 1 170
3 7 23 0 0 4 190
3 7 22 3 2 0 113
3 7 22 1 3 1 33
3 7 21 3 0 3 75
3 7 21 1 1 4 106
3 7 20 4 3 0 189
3 7 20 2 4 1 42
3 7 20 0 5 2 115
3 7 19 6 0 2 90
3 7 19 4 1 3 13
3 7 19 2 2 4 170
3 7 19 0 3 5 43
3 7 18 5 4 0 123
3 7 18 3 5 1 136
3 7 18 2 0 7 84
3 7 18 1 6 2 99
3 7 18 0 1 8 166
3 7 17 9 0 1 165
3 7 17 7 1 2 149
3 7 17 5 2 3 198
3 7 17 3 3 4 62
3 7 17 1 4 5 74
3 7 17 0 10 0 38
3 7 16 6 5 0 107
3 7 16 5 0 6 79
3 7 16 4 6 1 18
3 7 16 3 1 7 95
3 7 16 2 7 2 129
3 7 16 1 2 8 51
3 7 16 0 8 3 187
3 7 15 12 0 0 177
3 7 15 10 1 1 91
3 7 15 8 2 2 30
3 7 15 6 3 3 83
3 7 15 4 4 4 46
3 7 15 2 5 5 153
3 7 15 1 11 0 170
3 7 15 1 0 11 80
3 7 15 0 6 6 86
3 7 14 8 0 5 135
3 7 14 7 6 0 32
3 7 14 6 1 6 145
3 7 14 5 7 1 88
3 7 14 4 2 7 56
3 7 14 3 8 2 32
3 7 14 2 3 8 84
3 7 14 1 9 3 130
3 7 14 0 4 9 65
3 7 13 13 1 0 110
3 7 13 11 2 1 16
3 7 13 9 3 2 19
3 7 13 7 4 3 40
3 7 13 5 5 4 144
3 7 13 4 0 10 74
3 7 13 3 6 5 118
3 7 13 2 12 0 149
3 7 13 2 1 11 130
3 7 13 1 7 6 61
3 7 13 0 13 1 80
3 7 13 0 2 12 189
3 7 12 11 0 4 181
3 7 12 9 1 5 104
3 7 12 8 7 0 183
3 7 12 7 2 6 171
3 7 12 6 8 1 64
3 7 12 3 4 8 122
3 7 12 2 10 3 82
3 7 12 1 5 9 67
3 7 12 0 11 4 54
3 7 12 0 0 15 34
3 7 11 14 2 0 169
3 7 11 12 3 1 54
3 7 11 8 5 3 96
3 7 11 7 0 9 143
3 7 11 6 6 4 24
3 7 11 5 1 10 115
3 7 11 4 7 5 121
3 7 11 3 13 0 171
3 7 11 3 2 11 124
3 7 11 2 8 6 122
3 7 11 1 14 1 150
3 7 11 1 3 12 84
3 7 11 0 9 7 108
3 7 10 14 0 3 4
3 7 10 12 1 4 69
3 7 10 10 2 5 175
3 7 10 9 8 0 133
3 7 10 8 3 6 2
3 7 10 7 9 1 143
3 7 10 6 4 7 161
3 7 10 5 10 2 194
3 7 10 4 5 8 102
3 7 10 3 11 3 31
3 7 10 3 0 14 139
3 7 10 2 6 9 60
3 7 10 1 12 4 185
3 7 10 1 1 15 124
3 7 10 0 7 10 66
3 7 9 15 3 0 84
3 7 9 13 4 1 105
3 7 9 11 5 2 163
3 7 9 10 0 8 161
3 7 9 9 6 3 185
3 7 9 8 1 9 195
3 7 9 7 7 4 138
3 7 9 6 2 10 169
3 7 9 5 8 5 132
3 7 9 4 14 0 79
3 7 9 4 3 11 169
3 7 9 3 9 6 175
3 7 9 2 15 1 135
3 7 9 2 4 12 74
3 7 9 1 10 7 30
3 7 9 0 16 2 16
3 7 9 0 5 13 51
3 7 8 17 0 2 101
3 7 8 15 1 3 139
3 7 8 13 2 4 121
3 7 8 11 3 5 181
3 7 8 10 9 0 27
3 7 8 9 4 6 2
3 7 8 8 10 1 41
3 7 8 7 5 7 180
3 7 8 6 11 2 154
3 7 8 6 0 13 88
3 7 8 5 6 8 74
3 7 8 4 12 3 165
3 7 8 4 1 14 84
3 7 8 3 7 9 22
3 7 8 2 13 4 167
3 7 8 2 2 15 80
3 7 8 1 8 10 84
3 7 8 0 14 5 177
3 7 8 0 3 16 177
3 7 7 16 4 0 67
3 7 7 14 5 1 10
3 7 7 13 0 7 92
3 7 7 12 6 2 51
3 7 7 11 1 8 87
3 7 7 10 7 3 182
3 7 7 9 2 9 157
3 7 7 8 8 4 163
3 7 7 7 3 10 72
3 7 7 6 9 5 175
3 7 7 5 15 0 148
3 7 7 5 4 11 48
3 7 7 4 10 6 58
3 7 7 3 16 1 77
3 7 7 3 5 12 42
3 7 7 2 11 7 106
3 7 7 2 0 18 191
3 7 7 1 17 2 179
3 7 7 1 6 13 41
3 7 7 0 12 8 9
3 7 7 0 1 19 100
3 7 6 20 0 1 178
3 7 6 18 1 2 81
3 7 6 16 2 3 69
3 7 6 14 3 4 44
3 7 6 12 4 5 127
3 7 6 11 10 0 17
3 7 6 10 5 6 82
3 7 6 9 11 1 28
3 7 6 9 0 12 17
3 7 6 8 6 7 81
3 7 6 7 12 2 189
3 7 6 7 1 13 185
3 7 6 6 7 8 12
3 7 6 5 13 3 53
3 7 6 5 2 14 190
3 7 6 4 8 9 98
3 7 6 3 14 4 49
3 7 6 3 3 15 2
3 7 6 2 9 10 110
3 7 6 1 15 5 112
3 7 6 1 4 16 129
3 7 6 0 21 0 76
3 7 6 0 10 11 18
3 7 5 17 5 0 74
3 7 5 16 0 6 168
3 7 5 15 6 1 197
3 7 5 14 1 7 132
3 7 5 13 7 2 58
3 7 5 12 2 8 132
3 7 5 11 8 3 77
3 7 5 10 3 9 49
3 7 5 9 9 4 7
3 7 5 8 4 10 184
3 7 5 7 10 5 10
3 7 5 6 16 0 148
3 7 5 6 5 11 133
3 7 5 5 11 6 133
3 7 5 5 0 17 97
3 7 5 4 17 1 46
3 7 5 4 6 12 41
3 7 5 3 12 7 2
3 7 5 3 1 18 126
3 7 5 2 18 2 36
3 7 5 2 7 13 114
3 7 5 1 13 8 153
3 7 5 1 2 19 161
3 7 5 0 19 3 46
3 7 5 0 8 14 115
3 7 4 23 0 0 134
3 7 4 21 1 1 148
3 7 4 19 2 2 168
3 7 4 17 3 3 20
3 7 4 15 4 4 66
3 7 4 13 5 5 76
3 7 4 12 11 0 105
3 7 4 12 0 11 140
3 7 4 11 6 6 185
3 7 4 10 12 1 24
3 7 4 10 1 12 48
3 7 4 9 7 7 142
3 7 4 8 13 2 61
3 7 4 8 2 13 95
3 7 4 7 8 8 119
3 7 4 6 14 3 146
3 7 4 6 3 14 32
3 7 4 5 9 9 188
3 7 4 4 15 4 153
3 7 4 4 4 15 136
3 7 4 3 10 10 101
3 7 4 2 16 5 14
3 7 4 2 5 16 88
3 7 4 1 22 0 103
3 7 4 1 11 11 41
3 7 4 1 0 22 116
3 7 4 0 17 6 6
3 7 4 0 6 17 90
3 7 3 19 0 5 92
3 7 3 18 6 0 184
3 7 3 17 1 6 35
3 7 3 16 7 1 150
3 7 3 15 2 7 109
3 7 3 14 8 2 20
3 7 3 13 3 8 15
3 7 3 12 9 3 105
3 7 3 11 4 9 94
3 7 3 10 10 4 141
3 7 3 9 5 10 76
3 7 3 8 11 5 118
3 7 3 8 0 16 1
3 7 3 7 17 0 8
3 7 3 7 6 11 79
3 7 3 6 12 6 75
3 7 3 6 1 17 167
3 7 3 5 18 1 3
3 7 3 5 7 12 10
3 7 3 4 13 7 115
3 7 3 4 2 18 149
3 7 3 3 19 2 47
3 7 3 3 8 13 154
3 7 3 2 14 8 139
3 7 3 2 3 19 159
3 7 3 1 20 3 24
3 7 3 1 9 14 16
3 7 3 0 15 9 140
3 7 3 0 4 20 62
3 7 2 24 1 0 33
3 7 2 22 2 1 12
3 7 2 20 3 2 194
3 7 2 18 4 3 193
3 7 2 16 5 4 146
3 7 2 15 0 10 53
3 7 2 14 6 5 109
3 7 2 13 12 0 28
3 7 2 13 1 11 17
3 7 2 12 7 6 112
3 7 2 11 13 1 125
3 7 2 11 2 12 124
3 7 2 10 8 7 154
3 7 2 9 14 2 182
3 7 2 9 3 13 78
3 7 2 8 9 8 177
3 7 2 7 15 3 152
3 7 2 7 4 14 84
3 7 2 6 10 9 39
3 7 2 5 16 4 157
3 7 2 5 5 15 133
3 7 2 4 11 10 6
3 7 2 4 0 21 152
3 7 2 3 17 5 2
3 7 2 3 6 16 85
3 7 2 2 23 0 166
3 7 2 2 12 11 15
3 7 2 2 1 22 115
3 7 2 1 18 6 114
3 7 2 1 7 17 129
3 7 2 0 24 1 99
3 7 2 0 13 12 122
3 7 2 0 2 23 13
3 7 1 22 0 4 26
3 7 1 20 1 5 25
3 7 1 19 7 0 39
3 7 1 18 2 6 184
3 7 1 17 8 1 32
3 7 1 16 3 7 175
3 7 1 15 9 2 167
3 7 1 14 4 8 10
3 7 1 13 10 3 116
3 7 1 12 5 9 197
3 7 1 11 11 4 6
3 7 1 11 0 15 136
3 7 1 10 6 10 51
3 7 1 9 12 5 26
3 7 1 9 1 16 97
3 7 1 8 18 0 72
3 7 1 8 7 11 9
3 7 1 7 13 6 146
3 7 1 7 2 17 75
3 7 1 6 19 1 184
3 7 1 6 8 12 83
3 7 1 5 14 7 145
3 7 1 5 3 18 146
3 7 1 4 20 2 93
3 7 1 4 9 13 107
3 7 1 3 15 8 35
3 7 1 3 4 19 9
3 7 1 2 21 3 15
3 7 1 2 10 14 67
3 7 1 1 16 9 110
3 7 1 1 5 20 46
3 7 1 0 22 4 52
3 7 1 0 11 15 123
3 7 1 0 0 26 77
3 7 0 25 2 0 37
3 7 0 23 3 1 88
3 7 0 21 4 2 129
3 7 0 19 5 3 62
3 7 0 18 0 9 30
3 7 0 17 6 4 104
3 7 0 16 1 10 171
3 7 0 15 7 5 136
3 7 0 14 13 0 169
3 7 0 14 2 11 87
3 7 0 13 8 6 60
3 7 0 12 14 1 175
3 7 0 12 3 12 85
3 7 0 11 9 7 111
3 7 0 10 15 2 71
3 7 0 10 4 13 98
3 7 0 9 10 8 126
3 7 0 8 16 3 56
3 7 0 8 5 14 63
3 7 0 7 11 9 187
3 7 0 7 0 20 85
3 7 0 6 17 4 116
3 7 0 6 6 15 95
3 7 0 5 12 10 93
3 7 0 5 1 21 26
3 7 0 4 18 5 198
3 7 0 4 7 16 194
3 7 0 3 24 0 139
3 7 0 3 13 11 129
3 7 0 3 2 22 189
3 7 0 2 19 6 44
3 7 0 2 8 17 168
3 7 0 1 25 1 108
3 7 0 1 14 12 19
3 7 0 1 3 23 156
3 7 0 0 20 7 47
3 7 0 0 9 18 141
3 6 25 1 0 2 130
3 6 24 0 4 0 190
3 6 23 4 0 1 124
3 6 23 2 1 2 46
3 6 23 0 2 3 112
3 6 22 1 5 0 139
3 6 22 0 0 6 104
3 6 21 7 0 0 120
3 6 21 5 1 1 107
3 6 21 3 2 2 13
3 6 21 1 3 3 197
3 6 20 3 0 5 25
3 6 20 2 6 0 130
3 6 20 1 1 6 14
3 6 20 0 7 1 100
3 6 19 8 1 0 81
3 6 19 4 3 2 195
3 6 19 2 4 3 2
3 6 19 0 5 4 167
3 6 18 6 0 4 167
3 6 18 4 1 5 107
3 6 18 3 7 0 81
3 6 18 2 2 6 174
3 6 18 1 8 1 144
3 6 18 0 3 7 74
3 6 17 9 2 0 39
3 6 17 7 3 1 92
3 6 17 5 4 2 29
3 6 17 3 5 3 141
3 6 17 2 0 9 155
3 6 17 1 6 4 28
3 6 17 0 1 10 56
3 6 16 9 0 3 187
3 6 16 7 1 4 107
3 6 16 5 2 5 51
3 6 16 4 8 0 115
3 6 16 3 3 6 19
3 6 16 2 9 1 101
3 6 16 1 4 7 48
3 6 16 0 10 2 41
3 6 15 10 3 0 58
3 6 15 8 4 1 109
3 6 15 6 5 2 6
3 6 15 5 0 8 174
3 6 15 4 6 3 167
3 6 15 3 1 9 18
3 6 15 2 7 4 81
3 6 15 1 2 10 67
3 6 15 0 8 5 93
3 6 14 12 0 2 68
3 6 14 10 1 3 92
3 6 14 8 2 4 43
3 6 14 6 3 5 68
3 6 14 5 9 0 6
3 6 14 4 4 6 73
3 6 14 3 10 1 138
3 6 14 2 5 7 167
3 6 14 1 11 2 98
3 6 14 1 0 13 142
3 6 14 0 6 8 6
3 6 13 11 4 0 188
3 6 13 9 5 1 83
3 6 13 8 0 7 52
3 6 13 7 6 2 166
3 6 13 6 1 8 31
3 6 13 5 7 3 187
3 6 13 4 2 9 154
3 6 13 3 8 4 183
3 6 13 2 3 10 73
3 6 13 1 9 5 67
3 6 13 0 15 0 71
3 6 13 0 4 11 121
3 6 12 15 0 1 5
3 6 12 13 1 2 79
3 6 12 11 2 3 136
3 6 12 9 3 4 112
3 6 12 7 4 5 68
3 6 12 6 10 0 63
3 6 12 5 5 6 48
3 6 12 4 11 1 69
3 6 12 4 0 12 75
3 6 12 3 6 7 143
3 6 12 2 12 2 85
3 6 12 2 1 13 25
3 6 12 1 7 8 27
3 6 12 0 13 3 76
3 6 12 0 2 14 30
3 6 11 12 5 0 142
3 6 11 11 0 6 4
3 6 11 10 6 1 69
3 6 11 9 1 7 134
3 6 11 8 7 2 152
3 6 11 7 2 8 63
3 6 11 6 8 3 80
3 6 11 5 3 9 19
3 6 11 4 9 4 187
3 6 11 3 4 10 171
3 6 11 2 10 5 166
3 6 11 1 16 0 183
3 6 11 1 5 11 98
3 6 11 0 11 6 114
3 6 11 0 0 17 42
3 6 10 18 0 0 1
3 6 10 16 1 1 56
3 6 10 14 2 2 172
3 6 10 12 3 3 143
3 6 10 10 4 4 151
3 6 10 8 5 5 116
3 6 10 7 11 0 188
3 6 10 7 0 11 187
3 6 10 6 6 6 168
3 6 10 5 12 1 163
3 6 10 5 1 12 6
3 6 10 4 7 7 66
3 6 10 3 13 2 146
3 6 10 3 2 13 41
3 6 10 2 8 8 191
3 6 10 1 14 3 161
3 6 10 1 3 14 189
3 6 10 0 9 9 94
3 6 9 14 0 5 31
3 6 9 13 6 0 121
3 6 9 12 1 6 154
3 6 9 11 7 1 191
3 6 9 10 2 7 143
3 6 9 9 8 2 192
3 6 9 8 3 8 33
3 6 9 7 9 3 146
3 6 9 6 4 9 183
3 6 9 5 10 4 19
3 6 9 4 5 10 144
3 6 9 3 11 5 193
3 6 9 3 0 16 34
3 6 9 2 17 0 197
3 6 9 2 6 11 173
3 6 9 1 12 6 146
3 6 9 1 1 17 77
3 6 9 0 18 1 15
3 6 9 0 7 12 86
3 6 8 19 1 0 168
3 6 8 17 2 1 186
3 6 8 15 3 2 69
3 6 8 13 4 3 90
3 6 8 11 5 4 170
3 6 8 10 0 10 53
3 6 8 9 6 5 56
3 6 8 8 12 0 44
3 6 8 8 1 11 83
3 6 8 7 7 6 162
3 6 8 6 13 1 98
3 6 8 6 2 12 60
3 6 8 5 8 7 126
3 6 8 4 14 2 103
3 6 8 4 3 13 180
3 6 8 3 9 8 29
3 6 8 2 15 3 2
3 6 8 2 4 14 49
3 6 8 1 10 9 54
3 6 8 0 16 4 104
3 6 8 0 5 15 100
3 6 7 17 0 4 48
3 6 7 15 1 5 152
3 6 7 13 2 6 134
3 6 7 12 8 1 102
3 6 7 11 3 7 130
3 6 7 10 9 2 116
3 6 7 9 4 8 172
3 6 7 8 10 3 91
3 6 7 7 5 9 112
3 6 7 6 11 4 100
3 6 7 6 0 15 95
3 6 7 5 6 10 84
3 6 7 4 12 5 50
3 6 7 4 1 16 48
3 6 7 3 18 0 121
3 6 7 3 7 11 146
3 6 7 2 13 6 60
3 6 7 2 2 17 68
3 6 7 1 19 1 136
3 6 7 1 8 12 33
3 6 7 0 14 7 106
3 6 7 0 3 18 128
3 6 6 20 2 0 79
3 6 6 18 3 1 14
3 6 6 16 4 2 142
3 6 6 14 5 3 44
3 6 6 13 0 9 7
3 6 6 12 6 4 37
3 6 6 11 1 10 110
3 6 6 10 7 5 117
3 6 6 9 13 0 15
3 6 6 9 2 11 172
3 6 6 8 8 6 63
3 6 6 7 14 1 37
3 6 6 7 3 12 43
3 6 6 6 9 7 37
3 6 6 5 15 2 81
3 6 6 5 4 13 126
3 6 6 4 10 8 6
3 6 6 3 16 3 83
3 6 6 3 5 14 93
3 6 6 2 11 9 81
3 6 6 2 0 20 114
3 6 6 1 17 4 177
3 6 6 1 6 15 19
3 6 6 0 12 10 65
3 6 6 0 1 21 111
3 6 5 20 0 3 39
3 6 5 18 1 4 31
3 6 5 16 2 5 74
3 6 5 15 8 0 153
3 6 5 14 3 6 177
3 6 5 13 9 1 61
3 6 5 12 4 7 33
3 6 5 11 10 2 19
3 6 5 10 5 8 69
3 6 5 9 11 3 24
3 6 5 9 0 14 17
3 6 5 8 6 9 74
3 6 5 7 12 4 176
3 6 5 7 1 15 50
3 6 5 6 7 10 3
3 6 5 5 13 5 152
3 6 5 5 2 16 92
3 6 5 4 19 0 122
3 6 5 4 8 11 134
3 6 5 3 14 6 70
3 6 5 3 3 17 76
3 6 5 2 20 1 189
3 6 5 2 9 12 17
3 6 5 1 15 7 197
3 6 5 1 4 18 68
3 6 5 0 21 2 130
3 6 5 0 10 13 114
3 6 4 21 3 0 139
3 6 4 19 4 1 78
3 6 4 17 5 2 192
3 6 4 16 0 8 103
3 6 4 15 6 3 35
3 6 4 14 1 9 153
3 6 4 13 7 4 189
3 6 4 12 2 10 111
3 6 4 11 8 5 130
3 6 4 10 14 0 85
3 6 4 10 3 11 59
3 6 4 9 9 6 60
3 6 4 8 15 1 127
3 6 4 8 4 12 109
3 6 4 7 10 7 152
3 6 4 6 16 2 45
3 6 4 6 5 13 170
3 6 4 5 11 8 106
3 6 4 5 0 19 60
3 6 4 4 17 3 6
3 6 4 4 6 14 10
3 6 4 3 12 9 5
3 6 4 3 1 20 187
3 6 4 2 18 4 194
3 6 4 2 7 15 78
3 6 4 1 13 10 63
3 6 4 1 2 21 7
3 6 4 0 19 5 190
3 6 4 0 8 16 169
3 6 3 23 0 2 33
3 6 3 21 1 3 77
3 6 3 19 2 4 91
3 6 3 17 3 5 57
3 6 3 16 9 0 99
3 6 3 15 4 6 35
3 6 3 14 10 1 64
3 6 3 13 5 7 53
3 6 3 12 11 2 9
3 6 3 12 0 13 43
3 6 3 11 6 8 92
3 6 3 10 12 3 101
3 6 3 10 1 14 177
3 6 3 9 7 9 61
3 6 3 8 13 4 187
3 6 3 8 2 15 195
3 6 3 7 8 10 72
3 6 3 6 14 5 115
3 6 3 6 3 16 47
3 6 3 5 20 0 132
3 6 3 5 9 11 1
3 6 3 4 15 6 188
3 6 3 4 4 17 114
3 6 3 3 21 1 43
3 6 3 3 10 12 81
3 6 3 2 16 7 17
3 6 3 2 5 18 20
3 6 3 1 22 2 78
3 6 3 1 11 13 25
3 6 3 1 0 24 146
3 6 3 0 17 8 78
3 6 3 0 6 19 131
3 6 2 22 4 0 44
3 6 2 20 5 1 95
3 6 2 19 0 7 27
3 6 2 18 6 2 31
3 6 2 17 1 8 36
3 6 2 16 7 3 42
3 6 2 15 2 9 121
3 6 2 14 8 4 151
3 6 2 13 3 10 113
3 6 2 12 9 5 158
3 6 2 11 15 0 83
3 6 2 11 4 11 38
3 6 2 10 10 6 106
3 6 2 9 5 12 32
3 6 2 8 11 7 2
3 6 2 8 0 18 41
3 6 2 7 17 2 152
3 6 2 7 6 13 62
3 6 2 6 12 8 63
3 6 2 6 1 19 1
3 6 2 5 18 3 55
3 6 2 5 7 14 189
3 6 2 4 13 9 115
3 6 2 4 2 20 91
3 6 2 3 19 4 62
3 6 2 3 8 15 122
3 6 2 2 14 10 7
3 6 2 2 3 21 136
3 6 2 1 20 5 187
3 6 2 1 9 16 110
3 6 2 0 26 0 31
3 6 2 0 15 11 9
3 6 2 0 4 22 47
3 6 1 26 0 1 129
3 6 1 24 1 2 197
3 6 1 22 2 3 7
3 6 1 20 3 4 147
3 6 1 18 4 5 11
3 6 1 17 10 0 101
3 6 1 16 5 6 16
3 6 1 15 11 1 178
3 6 1 15 0 12 11
3 6 1 14 6 7 17
3 6 1 13 12 2 89
3 6 1 13 1 13 178
3 6 1 12 7 8 73
3 6 1 11 13 3 130
3 6 1 11 2 14 114
3 6 1 10 8 9 59
3 6 1 9 14 4 177
3 6 1 9 3 15 150
3 6 1 8 9 10 154
3 6 1 7 15 5 95
3 6 1 7 4 16 152
3 6 1 6 21 0 30
3 6 1 6 10 11 155
3 6 1 5 16 6 59
3 6 1 5 5 17 169
3 6 1 4 22 1 164
3 6 1 4 11 12 110
3 6 1 4 0 23 140
3 6 1 3 17 7 150
3 6 1 3 6 18 126
3 6 1 2 23 2 75
3 6 1 2 12 13 107
3 6 1 2 1 24 71
3 6 1 1 18 8 180
3 6 1 1 7 19 112
3 6 1 0 24 3 175
3 6 1 0 13 14 158
3 6 1 0 2 25 82
3 6 0 23 5 0 165
3 6 0 22 0 6 11
3 6 0 21 6 1 124
3 6 0 20 1 7 194
3 6 0 19 7 2 91
3 6 0 18 2 8 151
3 6 0 17 8 3 33
3 6 0 16 3 9 78
3 6 0 15 9 4 143
3 6 0 14 4 10 2
3 6 0 13 10 5 55
3 6 0 12 16 0 124
3 6 0 12 5 11 181
3 6 0 11 11 6 38
3 6 0 11 0 17 37
3 6 0 10 17 1 120
3 6 0 10 6 12 70
3 6 0 9 12 7 161
3 6 0 9 1 18 176
3 6 0 8 18 2 121
3 6 0 8 7 13 1
3 6 0 7 13 8 58
3 6 0 7 2 19 53
3 6 0 6 19 3 119
3 6 0 5 14 9 62
3 6 0 5 3 20 134
3 6 0 4 20 4 66
3 6 0 4 9 15 151
3 6 0 3 15 10 149
3 6 0 3 4 21 4
3 6 0 2 21 5 190
3 6 0 2 10 16 61
3 6 0 1 27 0 120
3 6 0 1 16 11 115
3 6 0 1 5 22 78
3 6 0 0 22 6 64
3 6 0 0 11 17 113
3 6 0 0 0 28 119
3 5 27 2 0 0 64
3 5 27 0 1 1 78
3 5 25 3 1 0 36
3 5 25 1 2 1 84
3 5 24 1 0 4 115
3 5 23 4 2 0 124
3 5 23 2 3 1 81
3 5 23 0 4 2 164
3 5 22 4 0 3 176
3 5 22 2 1 4 178
3 5 22 0 2 5 109
3 5 21 5 3 0 100
3 5 21 3 4 1 40
3 5 21 1 5 2 14
3 5 21 0 0 8 164
3 5 20 7 0 2 192
3 5 20 5 1 3 73
3 5 20 3 2 4 195
3 5 20 1 3 5 62
3 5 20 0 9 0 3
3 5 19 6 4 0 175
3 5 19 4 5 1 100
3 5 19 3 0 7 180
3 5 19 2 6 2 81
3 5 19 1 1 8 123
3 5 19 0 7 3 52
3 5 18 10 0 1 173
3 5 18 8 1 2 122
3 5 18 6 2 3 3
3 5 18 4 3 4 5
3 5 18 2 4 5 30
3 5 18 1 10 0 47
3 5 18 0 5 6 100
3 5 17 7 5 0 131
3 5 17 6 0 6 188
3 5 17 5 6 1 168
3 5 17 4 1 7 10
3 5 17 3 7 2 150
3 5 17 2 2 8 10
3 5 17 1 8 3 192
3 5 17 0 3 9 115
3 5 16 13 0 0 180
3 5 16 11 1 1 71
3 5 16 9 2 2 30
3 5 16 7 3 3 110
3 5 16 5 4 4 107
3 5 16 3 5 5 125
3 5 16 2 11 0 178
3 5 16 2 0 11 57
3 5 16 1 6 6 151
3 5 16 0 12 1 93
3 5 16 0 1 12 174
3 5 15 9 0 5 177
3 5 15 8 6 0 118
3 5 15 7 1 6 6
3 5 15 6 7 1 65
3 5 15 5 2 7 19
3 5 15 4 8 2 180
3 5 15 3 3 8 189
3 5 15 2 9 3 95
3 5 15 1 4 9 97
3 5 15 0 10 4 184
3 5 14 14 1 0 189
3 5 14 12 2 1 173
3 5 14 10 3 2 16
3 5 14 8 4 3 106
3 5 14 6 5 4 79
3 5 14 5 0 10 21
3 5 14 4 6 5 30
3 5 14 3 12 0 191
3 5 14 3 1 11 36
3 5 14 2 7 6 25
3 5 14 1 13 1 37
3 5 14 1 2 12 168
3 5 14 0 8 7 170
3 5 13 12 0 4 55
3 5 13 10 1 5 89
3 5 13 9 7 0 155
3 5 13 8 2 6 55
3 5 13 7 8 1 76
3 5 13 6 3 7 65
3 5 13 5 9 2 151
3 5 13 4 4 8 69
3 5 13 3 10 3 45
3 5 13 2 5 9 6
3 5 13 1 11 4 107
3 5 13 1 0 15 99
3 5 13 0 6 10 158
3 5 12 15 2 0 158
3 5 12 13 3 1 78
3 5 12 11 4 2 88
3 5 12 9 5 3 132
3 5 12 8 0 9 35
3 5 12 7 6 4 35
3 5 12 6 1 10 2
3 5 12 5 7 5 36
3 5 12 4 13 0 195
3 5 12 4 2 11 151
3 5 12 3 8 6 89
3 5 12 2 14 1 177
3 5 12 2 3 12 17
3 5 12 1 9 7 186
3 5 12 0 15 2 84
3 5 12 0 4 13 42
3 5 11 15 0 3 144
3 5 11 13 1 4 98
3 5 11 11 2 5 182
3 5 11 10 8 0 19
3 5 11 9 3 6 165
3 5 11 8 9 1 138
3 5 11 7 4 7 68
3 5 11 6 10 2 56
3 5 11 5 5 8 158
3 5 11 4 11 3 105
3 5 11 4 0 14 77
3 5 11 3 6 9 36
3 5 11 2 12 4 196
3 5 11 2 1 15 126
3 5 11 1 7 10 91
3 5 11 0 13 5 125
3 5 11 0 2 16 38
3 5 10 16 3 0 125
3 5 10 14 4 1 134
3 5 10 12 5 2 161
3 5 10 11 0 8 87
3 5 10 10 6 3 139
3 5 10 9 1 9 161
3 5 10 8 7 4 81
3 5 10 7 2 10 5
3 5 10 6 8 5 164
3 5 10 5 14 0 109
3 5 10 5 3 11 52
3 5 10 4 9 6 173
3 5 10 3 15 1 165
3 5 10 3 4 12 145
3 5 10 2 10 7 89
3 5 10 1 16 2 187
3 5 10 1 5 13 10
3 5 10 0 11 8 58
3 5 10 0 0 19 43
3 5 9 18 0 2 134
3 5 9 16 1 3 55
3 5 9 14 2 4 78
3 5 9 12 3 5 143
3 5 9 11 9 0 171
3 5 9 10 4 6 159
3 5 9 9 10 1 34
3 5 9 8 5 7 82
3 5 9 7 11 2 79
3 5 9 7 0 13 101
3 5 9 6 6 8 198
3 5 9 5 12 3 43
3 5 9 5 1 14 26
3 5 9 4 7 9 127
3 5 9 3 13 4 127
3 5 9 3 2 15 44
3 5 9 2 8 10 132
3 5 9 1 14 5 39
3 5 9 1 3 16 161
3 5 9 0 20 0 166
3 5 9 0 9 11 159
3 5 8 17 4 0 12
3 5 8 15 5 1 32
3 5 8 14 0 7 111
3 5 8 13 6 2 64
3 5 8 12 1 8 158
3 5 8 11 7 3 66
3 5 8 10 2 9 168
3 5 8 9 8 4 81
3 5 8 8 3 10 13
3 5 8 7 9 5 94
3 5 8 6 15 0 96
3 5 8 6 4 11 150
3 5 8 5 10 6 12
3 5 8 4 16 1 80
3 5 8 4 5 12 119
3 5 8 3 11 7 6
3 5 8 3 0 18 122
3 5 8 2 17 2 38
3 5 8 2 6 13 8
3 5 8 1 12 8 142
3 5 8 1 1 19 63
3 5 8 0 18 3 115
3 5 8 0 7 14 105
3 5 7 21 0 1 94
3 5 7 19 1 2 65
3 5 7 17 2 3 33
3 5 7 15 3 4 99
3 5 7 13 4 5 62
3 5 7 12 10 0 162
3 5 7 11 5 6 70
3 5 7 10 11 1 89
3 5 7 10 0 12 43
3 5 7 9 6 7 133
3 5 7 8 12 2 187
3 5 7 8 1 13 74
3 5 7 7 7 8 34
3 5 7 6 13 3 189
3 5 7 6 2 14 5
3 5 7 5 8 9 70
3 5 7 4 14 4 92
3 5 7 4 3 15 76
3 5 7 3 9 10 170
3 5 7 2 15 5 22
3 5 7 2 4 16 49
3 5 7 1 21 0 106
3 5 7 1 10 11 16
3 5 7 0 16 6 83
3 5 7 0 5 17 170
3 5 6 18 5 0 63
3 5 6 17 0 6 18
3 5 6 16 6 1 130
3 5 6 15 1 7 44
3 5 6 14 7 2 116
3 5 6 13 2 8 83
3 5 6 12 8 3 132
3 5 6 11 3 9 73
3 5 6 10 9 4 193
3 5 6 9 4 10 196
3 5 6 8 10 5 38
3 5 6 7 16 0 193
3 5 6 7 5 11 106
3 5 6 6 11 6 164
3 5 6 6 0 17 88
3 5 6 5 17 1 177
3 5 6 5 6 12 148
3 5 6 4 12 7 43
3 5 6 4 1 18 135
3 5 6 3 18 2 25
3 5 6 3 7 13 77
3 5 6 2 13 8 92
3 5 6 2 2 19 39
3 5 6 1 19 3 143
3 5 6 1 8 14 75
3 5 6 0 14 9 134
3 5 6 0 3 20 25
3 5 5 24 0 0 8
3 5 5 22 1 1 21
3 5 5 20 2 2 176
3 5 5 18 3 3 191
3 5 5 16 4 4 140
3 5 5 14 5 5 70
3 5 5 13 11 0 13
3 5 5 13 0 11 98
3 5 5 12 6 6 163
3 5 5 11 12 1 158
3 5 5 11 1 12 66
3 5 5 10 7 7 150
3 5 5 9 13 2 125
3 5 5 9 2 13 17
3 5 5 8 8 8 39
3 5 5 7 14 3 107
3 5 5 7 3 14 19
3 5 5 6 9 9 194
3 5 5 5 15 4 141
3 5 5 5 4 15 125
3 5 5 4 10 10 138
3 5 5 3 16 5 45
3 5 5 3 5 16 100
3 5 5 2 22 0 127
3 5 5 2 11 11 153
3 5 5 2 0 22 166
3 5 5 1 17 6 95
3 5 5 1 6 17 58
3 5 5 0 23 1 99
3 5 5 0 12 12 102
3 5 5 0 1 23 186
3 5 4 20 0 5 175
3 5 4 19 6 0 47
3 5 4 18 1 6 47
3 5 4 17 7 1 74
3 5 4 16 2 7 166
3 5 4 15 8 2 78
3 5 4 14 3 8 69
3 5 4 13 9 3 91
3 5 4 12 4 9 194
3 5 4 11 10 4 15
3 5 4 10 5 10 72
3 5 4 9 11 5 77
3 5 4 9 0 16 197
3 5 4 8 17 0 18
3 5 4 8 6 11 26
3 5 4 7 12 6 2
3 5 4 7 1 17 142
3 5 4 6 18 1 108
3 5 4 6 7 12 100
3 5 4 5 13 7 33
3 5 4 5 2 18 187
3 5 4 4 19 2 150
3 5 4 4 8 13 182
3 5 4 3 14 8 138
3 5 4 3 3 19 117
3 5 4 2 20 3 88
3 5 4 2 9 14 161
3 5 4 1 15 9 82
3 5 4 1 4 20 148
3 5 4 0 21 4 171
3 5 4 0 10 15 30
3 5 3 25 1 0 169
3 5 3 23 2 1 160
3 5 3 21 3 2 11
3 5 3 19 4 3 8
3 5 3 17 5 4 144
3 5 3 16 0 10 137
3 5 3 15 6 5 15
3 5 3 14 12 0 183
3 5 3 14 1 11 152
3 5 3 13 7 6 19
3 5 3 12 13 1 135
3 5 3 12 2 12 106
3 5 3 11 8 7 32
3 5 3 10 14 2 81
3 5 3 10 3 13 140
3 5 3 9 9 8 72
3 5 3 8 15 3 112
3 5 3 8 4 14 42
3 5 3 7 10 9 55
3 5 3 6 16 4 70
3 5 3 6 5 15 135
3 5 3 5 11 10 41
3 5 3 5 0 21 61
3 5 3 4 17 5 2
3 5 3 4 6 16 94
3 5 3 3 23 0 37
3 5 3 3 12 11 141
3 5 3 3 1 22 113
3 5 3 2 18 6 62
3 5 3 2 7 17 8
3 5 3 1 24 1 48
3 5 3 1 13 12 26
3 5 3 1 2 23 84
3 5 3 0 19 7 139
3 5 3 0 8 18 168
3 5 2 23 0 4 60
3 5 2 21 1 5 167
3 5 2 20 7 0 195
3 5 2 19 2 6 188
3 5 2 18 8 1 50
3 5 2 17 3 7 64
3 5 2 16 9 2 69
3 5 2 15 4 8 56
3 5 2 14 10 3 180
3 5 2 13 5 9 20
3 5 2 12 11 4 4
3 5 2 12 0 15 66
3 5 2 11 6 10 143
3 5 2 10 12 5 67
3 5 2 10 1 16 193
3 5 2 9 18 0 77
3 5 2 9 7 11 142
3 5 2 8 13 6 194
3 5 2 8 2 17 121
3 5 2 7 19 1 15
3 5 2 7 8 12 116
3 5 2 6 14 7 26
3 5 2 6 3 18 178
3 5 2 5 20 2 76
3 5 2 5 9 13 33
3 5 2 4 15 8 87
3 5 2 4 4 19 9
3 5 2 3 21 3 195
3 5 2 3 10 14 148
3 5 2 2 16 9 90
3 5 2 2 5 20 183
3 5 2 1 22 4 69
3 5 2 1 11 15 171
3 5 2 1 0 26 106
3 5 2 0 17 10 32
3 5 2 0 6 21 197
3 5 1 26 2 0 138
3 5 1 24 3 1 125
3 5 1 22 4 2 61
3 5 1 20 5 3 35
3 5 1 19 0 9 161
3 5 1 18 6 4 179
3 5 1 17 1 10 88
3 5 1 16 7 5 101
3 5 1 15 13 0 135
3 5 1 15 2 11 42
3 5 1 14 8 6 190
3 5 1 13 14 1 136
3 5 1 13 3 12 191
3 5 1 12 9 7 159
3 5 1 11 15 2 48
3 5 1 11 4 13 34
3 5 1 10 10 8 50
3 5 1 9 16 3 17
3 5 1 9 5 14 143
3 5 1 8 11 9 192
3 5 1 8 0 20 10
3 5 1 7 17 4 34
3 5 1 7 6 15 69
3 5 1 6 12 10 87
3 5 1 6 1 21 108
3 5 1 5 18 5 81
3 5 1 5 7 16 142
3 5 1 4 24 0 6
3 5 1 4 13 11 69
3 5 1 4 2 22 197
3 5 1 3 19 6 22
3 5 1 3 8 17 87
3 5 1 2 25 1 21
3 5 1 2 14 12 179
3 5 1 2 3 23 91
3 5 1 1 20 7 169
3 5 1 1 9 18 54
3 5 1 0 26 2 19
3 5 1 0 15 13 193
3 5 1 0 4 24 2
3 5 0 26 0 3 178
3 5 0 24 1 4 174
3 5 0 22 2 5 187
3 5 0 21 8 0 165
3 5 0 20 3 6 30
3 5 0 19 9 1 165
3 5 0 18 4 7 84
3 5 0 17 10 2 43
3 5 0 16 5 8 28
3 5 0 15 11 3 6
3 5 0 15 0 14 142
3 5 0 14 6 9 95
3 5 0 13 12 4 5
3 5 0 13 1 15 76
3 5 0 12 7 10 18
3 5 0 11 13 5 187
3 5 0 11 2 16 68
3 5 0 10 19 0 173
3 5 0 10 8 11 19
3 5 0 9 14 6 121
3 5 0 9 3 17 182
3 5 0 8 20 1 19
3 5 0 8 9 12 190
3 5 0 7 15 7 86
3 5 0 7 4 18 157
3 5 0 6 21 2 186
3 5 0 6 10 13 64
3 5 0 5 16 8 60
3 5 0 5 5 19 97
3 5 0 4 22 3 179
3 5 0 4 11 14 151
3 5 0 4 0 25 183
3 5 0 3 17 9 11
3 5 0 3 6 20 13
3 5 0 2 23 4 110
3 5 0 2 12 15 180
3 5 0 2 1 26 172
3 5 0 1 18 10 123
3 5 0 1 7 21 97
3 5 0 0 24 5 168
3 5 0 0 13 16 39
3 5 0 0 2 27 168
3 4 27 0 3 0 17
3 4 26 2 0 2 46
3 4 26 0 1 3 142
3 4 25 1 4 0 148
3 4 24 5 0 1 114
3 4 24 3 1 2 159
3 4 24 1 2 3 181
3 4 23 2 5 0 18
3 4 23 1 0 6 80
3 4 23 0 6 1 89
3 4 22 8 0 0 129
3 4 22 6 1 1 145
3 4 22 4 2 2 179
3 4 22 2 3 3 49
3 4 22 0 4 4 156
3 4 21 4 0 5 54
3 4 21 3 6 0 142
3 4 21 2 1 6 126
3 4 21 1 7 1 172
3 4 21 0 2 7 39
3 4 20 9 1 0 176
3 4 20 7 2 1 82
3 4 20 5 3 2 1
3 4 20 3 4 3 9
3 4 20 1 5 4 42
3 4 20 0 0 10 64
3 4 19 7 0 4 126
3 4 19 5 1 5 28
3 4 19 4 7 0 180
3 4 19 3 2 6 188
3 4 19 2 8 1 155
3 4 19 1 3 7 122
3 4 19 0 9 2 124
3 4 18 10 2 0 49
3 4 18 8 3 1 7
3 4 18 6 4 2 198
3 4 18 4 5 3 153
3 4 18 3 0 9 191
3 4 18 2 6 4 13
3 4 18 1 1 10 161
3 4 18 0 7 5 4
3 4 17 10 0 3 46
3 4 17 8 1 4 177
3 4 17 6 2 5 75
3 4 17 5 8 0 7
3 4 17 4 3 6 117
3 4 17 3 9 1 87
3 4 17 2 4 7 50
3 4 17 1 10 2 113
3 4 17 0 5 8 83
3 4 16 11 3 0 77
3 4 16 9 4 1 134
3 4 16 7 5 2 169
3 4 16 6 0 8 75
3 4 16 5 6 3 56
3 4 16 4 1 9 84
3 4 16 3 7 4 22
3 4 16 2 2 10 116
3 4 16 1 8 5 172
3 4 16 0 14 0 97
3 4 16 0 3 11 151
3 4 15 13 0 2 46
3 4 15 11 1 3 85
3 4 15 9 2 4 37
3 4 15 7 3 5 181
3 4 15 6 9 0 109
3 4 15 5 4 6 4
3 4 15 4 10 1 147
3 4 15 3 5 7 32
3 4 15 2 11 2 173
3 4 15 2 0 13 93
3 4 15 1 6 8 117
3 4 15 0 12 3 165
3 4 15 0 1 14 146
3 4 14 12 4 0 120
3 4 14 10 5 1 98
3 4 14 9 0 7 164
3 4 14 8 6 2 71
3 4 14 7 1 8 187
3 4 14 6 7 3 191
3 4 14 5 2 9 7
3 4 14 4 8 4 29
3 4 14 3 3 10 99
3 4 14 2 9 5 12
3 4 14 1 15 0 179
3 4 14 1 4 11 171
3 4 14 0 10 6 146
3 4 13 16 0 1 4
3 4 13 14 1 2 107
3 4 13 12 2 3 32
3 4 13 10 3 4 124
3 4 13 8 4 5 16
3 4 13 7 10 0 3
3 4 13 6 5 6 13
3 4 13 5 11 1 52
3 4 13 5 0 12 157
3 4 13 4 6 7 14
3 4 13 3 12 2 11
3 4 13 3 1 13 17
3 4 13 2 7 8 123
3 4 13 1 13 3 22
3 4 13 1 2 14 170
3 4 13 0 8 9 42
3 4 12 13 5 0 193
3 4 12 12 0 6 72
3 4 12 11 6 1 122
3 4 12 10 1 7 127
3 4 12 9 7 2 106
3 4 12 8 2 8 155
3 4 12 7 8 3 85
3 4 12 6 3 9 82
3 4 12 5 9 4 38
3 4 12 4 4 10 33
3 4 12 3 10 5 122
3 4 12 2 16 0 178
3 4 12 2 5 11 20
3 4 12 1 11 6 88
3 4 12 1 0 17 83
3 4 12 0 17 1 142
3 4 12 0 6 12 44
3 4 11 19 0 0 35
3 4 11 17 1 1 168
3 4 11 15 2 2 10
3 4 11 13 3 3 22
3 4 11 11 4 4 44
3 4 11 9 5 5 113
3 4 11 8 11 0 6
3 4 11 8 0 11 106
3 4 11 7 6 6 184
3 4 11 6 12 1 109
3 4 11 6 1 12 88
3 4 11 5 7 7 181
3 4 11 4 13 2 48
3 4 11 4 2 13 92
3 4 11 3 8 8 27
3 4 11 2 14 3 37
3 4 11 2 3 14 56
3 4 11 1 9 9 45
3 4 11 0 15 4 96
3 4 11 0 4 15 27
3 4 10 15 0 5 5
3 4 10 14 6 0 85
3 4 10 13 1 6 193
3 4 10 12 7 1 52
3 4 10 11 2 7 87
3 4 10 10 8 2 73
3 4 10 9 3 8 82
3 4 10 8 9 3 147
3 4 10 7 4 9 108
3 4 10 6 10 4 184
3 4 10 5 5 10 110
3 4 10 4 11 5 35
3 4 10 4 0 16 87
3 4 10 3 17 0 144
3 4 10 3 6 11 91
3 4 10 2 12 6 198
3 4 10 2 1 17 106
3 4 10 1 18 1 88
3 4 10 1 7 12 129
3 4 10 0 13 7 162
3 4 10 0 2 18 42
3 4 9 20 1 0 45
3 4 9 18 2 1 172
3 4 9 16 3 2 33
3 4 9 14 4 3 190
3 4 9 12 5 4 186
3 4 9 11 0 10 128
3 4 9 10 6 5 163
3 4 9 9 12 0 15
3 4 9 9 1 11 49
3 4 9 8 7 6 87
3 4 9 7 13 1 186
3 4 9 7 2 12 91
3 4 9 6 8 7 101
3 4 9 5 14 2 196
3 4 9 5 3 13 117
3 4 9 4 9 8 175
3 4 9 3 15 3 44
3 4 9 3 4 14 41
3 4 9 2 10 9 133
3 4 9 1 16 4 37
3 4 9 1 5 15 107
3 4 9 0 11 10 196
3 4 9 0 0 21 172
3 4 8 18 0 4 104
3 4 8 16 1 5 110
3 4 8 15 7 0 39
3 4 8 14 2 6 19
3 4 8 13 8 1 149
3 4 8 12 3 7 196
3 4 8 11 9 2 51
3 4 8 10 4 8 110
3 4 8 9 10 3 49
3 4 8 8 5 9 26
3 4 8 7 11 4 85
3 4 8 7 0 15 122
3 4 8 6 6 10 36
3 4 8 5 12 5 65
3 4 8 5 1 16 138
3 4 8 4 18 0 166
3 4 8 4 7 11 192
3 4 8 3 13 6 173
3 4 8 3 2 17 182
3 4 8 2 19 1 115
3 4 8 2 8 12 193
3 4 8 1 14 7 34
3 4 8 1 3 18 42
3 4 8 0 20 2 158
3 4 8 0 9 13 32
3 4 7 21 2 0 26
3 4 7 19 3 1 29
3 4 7 17 4 2 20
3 4 7 15 5 3 98
3 4 7 14 0 9 37
3 4 7 13 6 4 52
3 4 7 12 1 10 66
3 4 7 11 7 5 20
3 4 7 10 13 0 42
3 4 7 10 2 11 27
3 4 7 9 8 6 171
3 4 7 8 14 1 99
3 4 7 8 3 12 37
3 4 7 7 9 7 141
3 4 7 6 15 2 96
3 4 7 6 4 13 146
3 4 7 5 10 8 38
3 4 7 4 16 3 98
3 4 7 4 5 14 103
3 4 7 3 11 9 71
3 4 7 3 0 20 186
3 4 7 2 17 4 86
3 4 7 2 6 15 153
3 4 7 1 12 10 60
3 4 7 1 1 21 177
3 4 7 0 18 5 132
3 4 7 0 7 16 58
3 4 6 21 0 3 139
3 4 6 19 1 4 194
3 4 6 17 2 5 176
3 4 6 16 8 0 171
3 4 6 15 3 6 78
3 4 6 14 9 1 44
3 4 6 13 4 7 71
3 4 6 12 10 2 108
3 4 6 11 5 8 58
3 4 6 10 11 3 147
3 4 6 10 0 14 185
3 4 6 9 6 9 17
3 4 6 8 12 4 198
3 4 6 8 1 15 111
3 4 6 7 7 10 168
3 4 6 6 13 5 110
3 4 6 6 2 16 103
3 4 6 5 19 0 123
3 4 6 5 8 11 82
3 4 6 4 14 6 142
3 4 6 4 3 17 62
3 4 6 3 20 1 45
3 4 6 3 9 12 140
3 4 6 2 15 7 41
3 4 6 2 4 18 56
3 4 6 1 21 2 156
3 4 6 1 10 13 158
3 4 6 0 16 8 3
3 4 6 0 5 19 76
3 4 5 22 3 0 143
3 4 5 20 4 1 114
3 4 5 18 5 2 189
3 4 5 17 0 8 74
3 4 5 16 6 3 75
3 4 5 15 1 9 148
3 4 5 14 7 4 188
3 4 5 13 2 10 187
3 4 5 12 8 5 21
3 4 5 11 14 0 73
3 4 5 11 3 11 3
3 4 5 10 9 6 177
3 4 5 9 15 1 53
3 4 5 9 4 12 16
3 4 5 8 10 7 147
3 4 5 7 16 2 102
3 4 5 7 5 13 50
3 4 5 6 11 8 197
3 4 5 6 0 19 52
3 4 5 5 17 3 29
3 4 5 5 6 14 32
3 4 5 4 12 9 122
3 4 5 4 1 20 134
3 4 5 3 18 4 102
3 4 5 3 7 15 120
3 4 5 2 13 10 2
3 4 5 2 2 21 149
3 4 5 1 19 5 162
3 4 5 1 8 16 33
3 4 5 0 25 0 158
3 4 5 0 14 11 25
3 4 5 0 3 22 162
3 4 4 24 0 2 89
3 4 4 22 1 3 109
3 4 4 20 2 4 8
3 4 4 18 3 5 92
3 4 4 17 9 0 36
3 4 4 16 4 6 183
3 4 4 15 10 1 37
3 4 4 14 5 7 128
3 4 4 13 11 2 64
3 4 4 13 0 13 189
3 4 4 12 6 8 118
3 4 4 11 12 3 135
3 4 4 11 1 14 47
3 4 4 10 7 9 88
3 4 4 9 13 4 54
3 4 4 9 2 15 130
3 4 4 8 8 10 87
3 4 4 7 14 5 133
3 4 4 7 3 16 165
3 4 4 6 20 0 21
3 4 4 6 9 11 132
3 4 4 5 15 6 77
3 4 4 5 4 17 86
3 4 4 4 21 1 103
3 4 4 4 10 12 166
3 4 4 3 16 7 89
3 4 4 3 5 18 127
3 4 4 2 22 2 135
3 4 4 2 11 13 89
3 4 4 2 0 24 127
3 4 4 1 17 8 41
3 4 4 1 6 19 46
3 4 4 0 12 14 149
3 4 4 0 1 25 13
3 4 3 23 4 0 25
3 4 3 21 5 1 116
3 4 3 20 0 7 108
3 4 3 19 6 2 104
3 4 3 18 1 8 20
3 4 3 17 7 3 148
3 4 3 16 2 9 35
3 4 3 15 8 4 42
3 4 3 14 3 10 181
3 4 3 13 9 5 48
3 4 3 12 15 0 194
3 4 3 12 4 11 5
3 4 3 11 10 6 102
3 4 3 10 16 1 92
3 4 3 10 5 12 185
3 4 3 9 11 7 191
3 4 3 9 0 18 174
3 4 3 8 17 2 31
3 4 3 8 6 13 91
3 4 3 7 12 8 105
3 4 3 7 1 19 142
3 4 3 6 18 3 137
3 4 3 6 7 14 191
3 4 3 5 13 9 64
3 4 3 5 2 20 185
3 4 3 4 19 4 151
3 4 3 4 8 15 165
3 4 3 3 14 10 10
3 4 3 3 3 21 162
3 4 3 2 20 5 145
3 4 3 2 9 16 27
3 4 3 1 26 0 144
3 4 3 1 15 11 20
3 4 3 1 4 22 135
3 4 3 0 21 6 187
3 4 3 0 10 17 113
3 4 2 27 0 1 130
3 4 2 25 1 2 22
3 4 2 23 2 3 8
3 4 2 21 3 4 96
3 4 2 19 4 5 41
3 4 2 18 10 0 60
3 4 2 17 5 6 20
3 4 2 16 11 1 104
3 4 2 16 0 12 112
3 4 2 15 6 7 188
3 4 2 14 12 2 79
3 4 2 14 1 13 121
3 4 2 13 7 8 81
3 4 2 12 13 3 92
3 4 2 12 2 14 46
3 4 2 11 8 9 114
3 4 2 10 14 4 138
3 4 2 10 3 15 108
3 4 2 9 9 10 47
3 4 2 8 15 5 120
3 4 2 8 4 16 51
3 4 2 7 21 0 114
3 4 2 7 10 11 38
3 4 2 6 16 6 100
3 4 2 6 5 17 51
3 4 2 5 22 1 148
3 4 2 5 11 12 85
3 4 2 5 0 23 131
3 4 2 4 17 7 189
3 4 2 4 6 18 163
3 4 2 3 23 2 85
3 4 2 3 12 13 65
3 4 2 3 1 24 124
3 4 2 2 18 8 13
3 4 2 2 7 19 189
3 4 2 1 24 3 105
3 4 2 1 13 14 38
3 4 2 1 2 25 2
3 4 2 0 8 20 13
3 4 1 24 5 0 125
3 4 1 23 0 6 177
3 4 1 22 6 1 131
3 4 1 21 1 7 163
3 4 1 20 7 2 32
3 4 1 19 2 8 119
3 4 1 18 8 3 154
3 4 1 17 3 9 133
3 4 1 16 9 4 139
3 4 1 15 4 10 19
3 4 1 14 10 5 111
3 4 1 13 16 0 142
3 4 1 13 5 11 75
3 4 1 12 0 17 169
3 4 1 11 17 1 180
3 4 1 11 6 12 59
3 4 1 10 12 7 178
3 4 1 10 1 18 145
3 4 1 9 18 2 98
3 4 1 9 7 13 153
3 4 1 8 13 8 116
3 4 1 8 2 19 59
3 4 1 7 19 3 76
3 4 1 7 8 14 90
3 4 1 6 14 9 163
3 4 1 6 3 20 189
3 4 1 5 20 4 175
3 4 1 5 9 15 85
3 4 1 4 15 10 193
3 4 1 4 4 21 53
3 4 1 3 21 5 88
3 4 1 3 10 16 131
3 4 1 2 27 0 179
3 4 1 2 16 11 31
3 4 1 2 5 22 126
3 4 1 1 22 6 168
3 4 1 1 11 17 115
3 4 1 1 0 28 123
3 4 1 0 28 1 95
3 4 1 0 17 12 105
3 4 1 0 6 23 177
3 4 0 30 0 0 126
3 4 0 28 1 1 126
3 4 0 26 2 2 12
3 4 0 24 3 3 178
3 4 0 22 4 4 153
3 4 0 20 5 5 119
3 4 0 19 11 0 45
3 4 0 19 0 11 110
3 4 0 18 6 6 7
3 4 0 17 12 1 5
3 4 0 17 1 12 89
3 4 0 16 7 7 198
3 4 0 15 13 2 80
3 4 0 15 2 13 186
3 4 0 14 8 8 113
3 4 0 13 14 3 144
3 4 0 13 3 14 180
3 4 0 12 9 9 62
3 4 0 11 15 4 161
3 4 0 11 4 15 48
3 4 0 10 10 10 177
3 4 0 9 16 5 110
3 4 0 9 5 16 159
3 4 0 8 22 0 59
3 4 0 8 11 11 40
3 4 0 8 0 22 16
3 4 0 7 17 6 64
3 4 0 7 6 17 151
3 4 0 6 23 1 40
3 4 0 6 12 12 13
3 4 0 6 1 23 96
3 4 0 5 18 7 109
3 4 0 5 7 18 26
3 4 0 4 24 2 50
3 4 0 4 13 13 39
3 4 0 4 2 24 76
3 4 0 3 19 8 27
3 4 0 3 8 19 106
3 4 0 2 25 3 169
3 4 0 2 14 14 56
3 4 0 2 3 25 33
3 4 0 1 20 9 197
3 4 0 1 9 20 190
3 4 0 0 26 4 96
3 4 0 0 15 15 156
3 4 0 0 4 26 178
3 3 30 0 0 1 36
3 3 28 3 0 0 152
3 3 28 1 1 1 152
3 3 26 4 1 0 52
3 3 26 2 2 1 126
3 3 26 0 3 2 172
3 3 25 2 0 4 29
3 3 25 0 1 5 108
3 3 24 5 2 0 14
3 3 24 3 3 1 23
3 3 24 1 4 2 189
3 3 23 5 0 3 94
3 3 23 3 1 4 42
3 3 23 1 2 5 21
3 3 23 0 8 0 177
3 3 22 6 3 0 42
3 3 22 4 4 1 50
3 3 22 2 5 2 83
3 3 22 1 0 8 84
3 3 22 0 6 3 153
3 3 21 8 0 2 165
3 3 21 6 1 3 41
3 3 21 4 2 4 44
3 3 21 2 3 5 61
3 3 21 1 9 0 137
3 3 21 0 4 6 63
3 3 20 7 4 0 170
3 3 20 5 5 1 57
3 3 20 4 0 7 184
3 3 20 3 6 2 70
3 3 20 2 1 8 11
3 3 20 1 7 3 137
3 3 20 0 2 9 167
3 3 19 11 0 1 72
3 3 19 9 1 2 86
3 3 19 7 2 3 10
3 3 19 5 3 4 172
3 3 19 3 4 5 141
3 3 19 2 10 0 82
3 3 19 1 5 6 1
3 3 19 0 11 1 178
3 3 19 0 0 12 113
3 3 18 8 5 0 175
3 3 18 7 0 6 197
3 3 18 6 6 1 97
3 3 18 5 1 7 191
3 3 18 4 7 2 82
3 3 18 3 2 8 74
3 3 18 2 8 3 11
3 3 18 1 3 9 48
3 3 18 0 9 4 175
3 3 17 14 0 0 198
3 3 17 12 1 1 180
3 3 17 10 2 2 180
3 3 17 8 3 3 60
3 3 17 6 4 4 198
3 3 17 4 5 5 119
3 3 17 3 11 0 27
3 3 17 3 0 11 29
3 3 17 2 6 6 186
3 3 17 1 12 1 184
3 3 17 1 1 12 118
3 3 17 0 7 7 13
3 3 16 10 0 5 64
3 3 16 9 6 0 181
3 3 16 8 1 6 59
3 3 16 7 7 1 59
3 3 16 6 2 7 99
3 3 16 5 8 2 182
3 3 16 4 3 8 39
3 3 16 3 9 3 101
3 3 16 2 4 9 103
3 3 16 1 10 4 144
3 3 16 0 5 10 125
3 3 15 15 1 0 72
3 3 15 13 2 1 94
3 3 15 11 3 2 183
3 3 15 9 4 3 192
3 3 15 7 5 4 80
3 3 15 6 0 10 29
3 3 15 5 6 5 79
3 3 15 4 12 0 180
3 3 15 4 1 11 172
3 3 15 3 7 6 24
3 3 15 2 13 1 87
3 3 15 2 2 12 170
3 3 15 1 8 7 169
3 3 15 0 14 2 73
3 3 15 0 3 13 147
3 3 14 13 0 4 101
3 3 14 11 1 5 106
3 3 14 10 7 0 43
3 3 14 9 2 6 112
3 3 14 8 8 1 73
3 3 14 7 3 7 184
3 3 14 6 9 2 50
3 3 14 5 4 8 25
3 3 14 4 10 3 37
3 3 14 3 5 9 67
3 3 14 2 11 4 67
3 3 14 2 0 15 62
3 3 14 1 6 10 26
3 3 14 0 12 5 13
3 3 14 0 1 16 37
3 3 13 16 2 0 45
3 3 13 14 3 1 159
3 3 13 12 4 2 19
3 3 13 10 5 3 125
3 3 13 9 0 9 187
3 3 13 8 6 4 186
3 3 13 7 1 10 62
3 3 13 6 7 5 45
3 3 13 5 13 0 54
3 3 13 5 2 11 53
3 3 13 4 8 6 66
3 3 13 3 14 1 116
3 3 13 3 3 12 30
3 3 13 2 9 7 141
3 3 13 1 15 2 14
3 3 13 1 4 13 110
3 3 13 0 10 8 51
3 3 12 16 0 3 178
3 3 12 14 1 4 6
3 3 12 12 2 5 90
3 3 12 11 8 0 191
3 3 12 10 3 6 55
3 3 12 9 9 1 140
3 3 12 8 4 7 85
3 3 12 7 10 2 159
3 3 12 6 5 8 73
3 3 12 5 11 3 164
3 3 12 5 0 14 31
3 3 12 4 6 9 90
3 3 12 3 12 4 38
3 3 12 3 1 15 22
3 3 12 2 7 10 149
3 3 12 1 13 5 20
3 3 12 1 2 16 43
3 3 12 0 19 0 142
3 3 12 0 8 11 195
3 3 11 17 3 0 33
3 3 11 15 4 1 1
3 3 11 13 5 2 43
3 3 11 12 0 8 138
3 3 11 11 6 3 114
3 3 11 10 1 9 144
3 3 11 9 7 4 26
3 3 11 8 2 10 58
3 3 11 7 8 5 133
3 3 11 6 14 0 38
3 3 11 6 3 11 176
3 3 11 5 9 6 195
3 3 11 4 15 1 71
3 3 11 4 4 12 179
3 3 11 3 10 7 157
3 3 11 2 16 2 66
3 3 11 2 5 13 58
3 3 11 1 11 8 37
3 3 11 1 0 19 81
3 3 11 0 17 3 12
3 3 11 0 6 14 89
3 3 10 19 0 2 47
3 3 10 17 1 3 146
3 3 10 15 2 4 20
3 3 10 13 3 5 92
3 3 10 12 9 0 190
3 3 10 11 4 6 193
3 3 10 10 10 1 162
3 3 10 9 5 7 66
3 3 10 8 11 2 82
3 3 10 8 0 13 186
3 3 10 7 6 8 56
3 3 10 6 12 3 154
3 3 10 6 1 14 77
3 3 10 5 7 9 109
3 3 10 4 13 4 47
3 3 10 4 2 15 24
3 3 10 3 8 10 195
3 3 10 2 14 5 38
3 3 10 2 3 16 182
3 3 10 1 20 0 55
3 3 10 1 9 11 172
3 3 10 0 15 6 101
3 3 10 0 4 17 43
3 3 9 18 4 0 102
3 3 9 16 5 1 22
3 3 9 15 0 7 72
3 3 9 14 6 2 190
3 3 9 13 1 8 3
3 3 9 12 7 3 114
3 3 9 11 2 9 68
3 3 9 10 8 4 186
3 3 9 9 3 10 143
3 3 9 8 9 5 145
3 3 9 7 15 0 58
3 3 9 7 4 11 63
3 3 9 6 10 6 86
3 3 9 5 16 1 145
3 3 9 5 5 12 169
3 3 9 4 11 7 66
3 3 9 4 0 18 185
3 3 9 3 17 2 161
3 3 9 3 6 13 168
3 3 9 2 12 8 66
3 3 9 2 1 19 186
3 3 9 1 18 3 149
3 3 9 1 7 14 125
3 3 9 0 13 9 160
3 3 9 0 2 20 53
3 3 8 22 0 1 184
3 3 8 20 1 2 82
3 3 8 18 2 3 58
3 3 8 16 3 4 16
3 3 8 14 4 5 44
3 3 8 13 10 0 61
3 3 8 12 5 6 194
3 3 8 11 11 1 120
3 3 8 11 0 12 131
3 3 8 10 6 7 168
3 3 8 9 12 2 63
3 3 8 9 1 13 78
3 3 8 8 7 8 96
3 3 8 7 13 3 114
3 3 8 7 2 14 110
3 3 8 6 8 9 147
3 3 8 5 14 4 70
3 3 8 5 3 15 13
3 3 8 4 9 10 172
3 3 8 3 15 5 132
3 3 8 3 4 16 101
3 3 8 2 21 0 73
3 3 8 1 16 6 132
3 3 8 1 5 17 48
3 3 8 0 22 1 33
3 3 8 0 11 12 170
3 3 8 0 0 23 59
3 3 7 19 5 0 141
3 3 7 18 0 6 133
3 3 7 17 6 1 129
3 3 7 16 1 7 164
3 3 7 15 7 2 152
3 3 7 14 2 8 191
3 3 7 13 8 3 196
3 3 7 12 3 9 129
3 3 7 11 9 4 167
3 3 7 10 4 10 149
3 3 7 9 10 5 78
3 3 7 8 16 0 177
3 3 7 8 5 11 36
3 3 7 7 11 6 82
3 3 7 7 0 17 135
3 3 7 6 17 1 186
3 3 7 6 6 12 63
3 3 7 5 12 7 87
3 3 7 5 1 18 64
3 3 7 4 18 2 163
3 3 7 4 7 13 25
3 3 7 3 13 8 8
3 3 7 3 2 19 10
3 3 7 2 19 3 125
3 3 7 2 8 14 151
3 3 7 1 14 9 184
3 3 7 1 3 20 171
3 3 7 0 20 4 50
3 3 7 0 9 15 118
3 3 6 25 0 0 177
3 3 6 23 1 1 174
3 3 6 21 2 2 198
3 3 6 19 3 3 35
3 3 6 17 4 4 30
3 3 6 15 5 5 66
3 3 6 14 11 0 2
3 3 6 14 0 11 50
3 3 6 13 6 6 6
3 3 6 12 12 1 108
3 3 6 12 1 12 168
3 3 6 11 7 7 143
3 3 6 10 13 2 192
3 3 6 10 2 13 110
3 3 6 9 8 8 122
3 3 6 8 14 3 195
3 3 6 8 3 14 191
3 3 6 7 9 9 161
3 3 6 6 15 4 147
3 3 6 6 4 15 38
3 3 6 5 10 10 22
3 3 6 4 16 5 28
3 3 6 4 5 16 68
3 3 6 3 22 0 105
3 3 6 3 11 11 151
3 3 6 3 0 22 55
3 3 6 2 17 6 175
3 3 6 2 6 17 161
3 3 6 1 23 1 94
3 3 6 1 12 12 76
3 3 6 1 1 23 119
3 3 6 0 18 7 179
3 3 6 0 7 18 80
3 3 5 21 0 5 120
3 3 5 20 6 0 141
3 3 5 19 1 6 89
3 3 5 18 7 1 8
3 3 5 17 2 7 59
3 3 5 16 8 2 139
3 3 5 15 3 8 87
3 3 5 14 9 3 116
3 3 5 13 4 9 38
3 3 5 12 10 4 5
3 3 5 11 5 10 47
3 3 5 10 11 5 19
3 3 5 10 0 16 142
3 3 5 9 17 0 180
3 3 5 9 6 11 56
3 3 5 8 12 6 136
3 3 5 8 1 17 116
3 3 5 7 18 1 178
3 3 5 7 7 12 33
3 3 5 6 13 7 126
3 3 5 6 2 18 69
3 3 5 5 19 2 132
3 3 5 5 8 13 190
3 3 5 4 14 8 37
3 3 5 4 3 19 80
3 3 5 3 20 3 94
3 3 5 3 9 14 37
3 3 5 2 15 9 116
3 3 5 2 4 20 130
3 3 5 1 21 4 85
3 3 5 1 10 15 73
3 3 5 0 16 10 57
3 3 5 0 5 21 123
3 3 4 26 1 0 140
3 3 4 24 2 1 26
3 3 4 22 3 2 90
3 3 4 20 4 3 34
3 3 4 18 5 4 90
3 3 4 17 0 10 35
3 3 4 16 6 5 69
3 3 4 15 12 0 159
3 3 4 15 1 11 177
3 3 4 14 7 6 149
3 3 4 13 13 1 78
3 3 4 13 2 12 1
3 3 4 12 8 7 23
3 3 4 11 14 2 85
3 3 4 11 3 13 38
3 3 4 10 9 8 89
3 3 4 9 15 3 179
3 3 4 9 4 14 14
3 3 4 8 10 9 193
3 3 4 7 16 4 48
3 3 4 7 5 15 46
3 3 4 6 11 10 150
3 3 4 6 0 21 43
3 3 4 5 17 5 122
3 3 4 5 6 16 77
3 3 4 4 23 0 144
3 3 4 4 12 11 145
3 3 4 4 1 22 25
3 3 4 3 18 6 109
3 3 4 3 7 17 144
3 3 4 2 24 1 198
3 3 4 2 13 12 114
3 3 4 2 2 23 69
3 3 4 1 19 7 195
3 3 4 1 8 18 80
3 3 4 0 25 2 41
3 3 4 0 14 13 71
3 3 4 0 3 24 127
3 3 3 24 0 4 20
3 3 3 22 1 5 175
3 3 3 21 7 0 46
3 3 3 20 2 6 167
3 3 3 19 8 1 179
3 3 3 18 3 7 123
3 3 3 17 9 2 28
3 3 3 16 4 8 23
3 3 3 15 10 3 180
3 3 3 14 5 9 191
3 3 3 13 11 4 114
3 3 3 13 0 15 114
3 3 3 12 6 10 197
3 3 3 11 12 5 96
3 3 3 11 1 16 45
3 3 3 10 18 0 133
3 3 3 10 7 11 174
3 3 3 9 13 6 63
3 3 3 9 2 17 180
3 3 3 8 19 1 7
3 3 3 8 8 12 183
3 3 3 7 14 7 2
3 3 3 7 3 18 101
3 3 3 6 20 2 102
3 3 3 6 9 13 130
3 3 3 5 15 8 33
3 3 3 5 4 19 81
3 3 3 4 21 3 131
3 3 3 4 10 14 116
3 3 3 3 16 9 68
3 3 3 3 5 20 33
3 3 3 2 22 4 10
3 3 3 2 11 15 56
3 3 3 2 0 26 125
3 3 3 1 17 10 191
3 3 3 1 6 21 149
3 3 3 0 23 5 10
3 3 3 0 12 16 51
3 3 3 0 1 27 69
3 3 2 27 2 0 14
3 3 2 25 3 1 173
3 3 2 23 4 2 29
3 3 2 21 5 3 127
3 3 2 20 0 9 93
3 3 2 19 6 4 20
3 3 2 18 1 10 69
3 3 2 17 7 5 15
3 3 2 16 13 0 107
3 3 2 16 2 11 168
3 3 2 15 8 6 77
3 3 2 14 14 1 19
3 3 2 14 3 12 4
3 3 2 13 9 7 142
3 3 2 12 15 2 99
3 3 2 12 4 13 62
3 3 2 11 10 8 45
3 3 2 10 16 3 108
3 3 2 10 5 14 45
3 3 2 9 11 9 164
3 3 2 9 0 20 66
3 3 2 8 17 4 3
3 3 2 8 6 15 32
3 3 2 7 12 10 188
3 3 2 7 1 21 29
3 3 2 6 18 5 83
3 3 2 6 7 16 122
3 3 2 5 24 0 82
3 3 2 5 13 11 184
3 3 2 5 2 22 78
3 3 2 4 19 6 10
3 3 2 4 8 17 130
3 3 2 3 25 1 55
3 3 2 3 14 12 99
3 3 2 3 3 23 184
3 3 2 2 20 7 139
3 3 2 2 9 18 174
3 3 2 1 26 2 176
3 3 2 1 15 13 140
3 3 2 1 4 24 195
3 3 2 0 21 8 3
3 3 2 0 10 19 162
3 3 1 27 0 3 145
3 3 1 25 1 4 29
3 3 1 23 2 5 68
3 3 1 22 8 0 139
3 3 1 21 3 6 54
3 3 1 20 9 1 90
3 3 1 19 4 7 177
3 3 1 18 10 2 130
3 3 1 17 5 8 151
3 3 1 16 11 3 122
3 3 1 16 0 14 98
3 3 1 15 6 9 32
3 3 1 14 12 4 3
3 3 1 14 1 15 195
3 3 1 13 7 10 84
3 3 1 12 13 5 114
3 3 1 12 2 16 68
3 3 1 11 19 0 43
3 3 1 11 8 11 23
3 3 1 10 14 6 28
3 3 1 10 3 17 13
3 3 1 9 20 1 52
3 3 1 9 9 12 157
3 3 1 8 15 7 83
3 3 1 8 4 18 45
3 3 1 7 21 2 23
3 3 1 7 10 13 195
3 3 1 6 16 8 116
3 3 1 6 5 19 29
3 3 1 5 22 3 86
3 3 1 5 11 14 117
3 3 1 5 0 25 3
3 3 1 4 17 9 58
3 3 1 4 6 20 179
3 3 1 3 23 4 86
3 3 1 3 1 26 110
3 3 1 2 18 10 132
3 3 1 2 7 21 157
3 3 1 1 24 5 180
3 3 1 1 13 16 104
3 3 1 1 2 27 178
3 3 1 0 30 0 95
3 3 1 0 19 11 86
3 3 1 0 8 22 35
3 3 0 28 3 0 140
3 3 0 26 4 1 19
3 3 0 24 5 2 165
3 3 0 23 0 8 125
3 3 0 21 1 9 40
3 3 0 20 7 4 82
3 3 0 19 2 10 165
3 3 0 18 8 5 128
3 3 0 17 14 0 143
3 3 0 17 3 11 85
3 3 0 16 9 6 133
3 3 0 15 15 1 19
3 3 0 15 4 12 154
3 3 0 14 10 7 65
3 3 0 13 16 2 193
3 3 0 13 5 13 142
3 3 0 12 11 8 50
3 3 0 12 0 19 85
3 3 0 11 17 3 9
3 3 0 11 6 14 121
3 3 0 10 12 9 123
3 3 0 10 1 20 140
3 3 0 9 18 4 79
3 3 0 9 7 15 39
3 3 0 8 13 10 130
3 3 0 8 2 21 31
3 3 0 7 19 5 38
3 3 0 7 8 16 198
3 3 0 6 25 0 103
3 3 0 6 14 11 127
3 3 0 6 3 22 193
3 3 0 5 20 6 20
3 3 0 5 9 17 116
3 3 0 4 26 1 175
3 3 0 4 15 12 164
3 3 0 4 4 23 21
3 3 0 3 21 7 114
3 3 0 3 10 18 99
3 3 0 2 27 2 54
3 3 0 2 16 13 185
3 3 0 2 5 24 81
3 3 0 1 22 8 197
3 3 0 1 11 19 26
3 3 0 1 0 30 121
3 3 0 0 28 3 34
3 3 0 0 17 14 188
3 3 0 0 6 25 20
3 2 30 0 2 0 187
3 2 29 0 0 3 136
3 2 28 1 3 0 44
3 2 27 3 0 2 76
3 2 27 1 1 3 63
3 2 26 2 4 0 183
3 2 26 0 5 1 126
3 2 25 6 0 1 146
3 2 25 4 1 2 133
3 2 25 2 2 3 1
3 2 25 0 3 4 13
3 2 24 3 5 0 133
3 2 24 2 0 6 6
3 2 24 1 6 1 107
3 2 24 0 1 7 58
3 2 23 9 0 0 157
3 2 23 7 1 1 60
3 2 23 5 2 2 63
3 2 23 3 3 3 105
3 2 23 1 4 4 10
3 2 22 5 0 5 31
3 2 22 4 6 0 174
3 2 22 3 1 6 12
3 2 22 2 7 1 163
3 2 22 1 2 7 184
3 2 22 0 8 2 60
3 2 21 10 1 0 121
3 2 21 8 2 1 8
3 2 21 6 3 2 80
3 2 21 4 4 3 158
3 2 21 2 5 4 171
3 2 21 1 0 10 140
3 2 21 0 6 5 25
3 2 20 8 0 4 33
3 2 20 6 1 5 91
3 2 20 5 7 0 154
3 2 20 4 2 6 160
3 2 20 3 8 1 13
3 2 20 2 3 7 150
3 2 20 1 9 2 165
3 2 20 0 4 8 114
3 2 19 11 2 0 142
3 2 19 9 3 1 142
3 2 19 7 4 2 183
3 2 19 5 5 3 174
3 2 19 4 0 9 56
3 2 19 3 6 4 105
3 2 19 2 1 10 140
3 2 19 1 7 5 32
3 2 19 0 13 0 19
3 2 19 0 2 11 122
3 2 18 11 0 3 164
3 2 18 9 1 4 87
3 2 18 7 2 5 116
3 2 18 6 8 0 76
3 2 18 5 3 6 116
3 2 18 4 9 1 59
3 2 18 3 4 7 7
3 2 18 2 10 2 11
3 2 18 1 5 8 130
3 2 18 0 11 3 181
3 2 18 0 0 14 47
3 2 17 12 3 0 175
3 2 17 10 4 1 108
3 2 17 8 5 2 160
3 2 17 7 0 8 168
3 2 17 6 6 3 98
3 2 17 5 1 9 144
3 2 17 4 7 4 134
3 2 17 3 2 10 52
3 2 17 2 8 5 39
3 2 17 1 14 0 42
3 2 17 1 3 11 116
3 2 17 0 9 6 155
3 2 16 14 0 2 171
3 2 16 12 1 3 146
3 2 16 10 2 4 37
3 2 16 8 3 5 9
3 2 16 7 9 0 178
3 2 16 6 4 6 42
3 2 16 5 10 1 134
3 2 16 4 5 7 180
3 2 16 3 11 2 57
3 2 16 3 0 13 152
3 2 16 2 6 8 49
3 2 16 1 12 3 188
3 2 16 1 1 14 119
3 2 16 0 7 9 89
3 2 15 13 4 0 130
3 2 15 11 5 1 98
3 2 15 10 0 7 57
3 2 15 9 6 2 87
3 2 15 8 1 8 82
3 2 15 7 7 3 95
3 2 15 6 2 9 114
3 2 15 5 8 4 18
3 2 15 4 3 10 105
3 2 15 3 9 5 134
3 2 15 2 15 0 13
3 2 15 2 4 11 136
3 2 15 1 10 6 41
3 2 15 0 16 1 145
3 2 15 0 5 12 176
3 2 14 17 0 1 175
3 2 14 15 1 2 185
3 2 14 13 2 3 144
3 2 14 11 3 4 110
3 2 14 9 4 5 13
3 2 14 8 10 0 119
3 2 14 7 5 6 176
3 2 14 6 11 1 97
3 2 14 6 0 12 155
3 2 14 5 6 7 194
3 2 14 4 12 2 85
3 2 14 4 1 13 71
3 2 14 3 7 8 166
3 2 14 2 13 3 102
3 2 14 2 2 14 11
3 2 14 1 8 9 107
3 2 14 0 14 4 81
3 2 14 0 3 15 55
3 2 13 14 5 0 74
3 2 13 13 0 6 63
3 2 13 12 6 1 125
3 2 13 11 1 7 115
3 2 13 10 7 2 188
3 2 13 9 2 8 135
3 2 13 8 8 3 163
3 2 13 7 3 9 83
3 2 13 6 9 4 1
3 2 13 5 4 10 171
3 2 13 4 10 5 104
3 2 13 3 16 0 100
3 2 13 3 5 11 27
3 2 13 2 11 6 106
3 2 13 2 0 17 192
3 2 13 1 17 1 111
3 2 13 1 6 12 172
3 2 13 0 12 7 19
3 2 13 0 1 18 96
3 2 12 20 0 0 41
3 2 12 18 1 1 127
3 2 12 16 2 2 187
3 2 12 14 3 3 148
3 2 12 12 4 4 95
3 2 12 10 5 5 41
3 2 12 9 11 0 189
3 2 12 9 0 11 5
3 2 12 8 6 6 108
3 2 12 7 12 1 175
3 2 12 7 1 12 20
3 2 12 6 7 7 87
3 2 12 5 13 2 173
3 2 12 5 2 13 18
3 2 12 4 8 8 25
3 2 12 3 14 3 33
3 2 12 3 3 14 12
3 2 12 2 9 9 5
3 2 12 1 15 4 31
3 2 12 1 4 15 120
3 2 12 0 10 10 156
3 2 11 16 0 5 128
3 2 11 15 6 0 63
3 2 11 14 1 6 89
3 2 11 13 7 1 105
3 2 11 12 2 7 23
3 2 11 11 8 2 161
3 2 11 10 3 8 114
3 2 11 9 9 3 189
3 2 11 8 4 9 21
3 2 11 7 10 4 172
3 2 11 6 5 10 23
3 2 11 5 11 5 120
3 2 11 5 0 16 124
3 2 11 4 17 0 146
3 2 11 4 6 11 55
3 2 11 3 12 6 144
3 2 11 3 1 17 76
3 2 11 2 18 1 128
3 2 11 2 7 12 124
3 2 11 1 13 7 172
3 2 11 1 2 18 78
3 2 11 0 19 2 140
3 2 11 0 8 13 60
3 2 10 21 1 0 177
3 2 10 19 2 1 67
3 2 10 17 3 2 18
3 2 10 15 4 3 120
3 2 10 13 5 4 171
3 2 10 12 0 10 133
3 2 10 11 6 5 128
3 2 10 10 12 0 163
3 2 10 10 1 11 20
3 2 10 9 7 6 19
3 2 10 8 13 1 187
3 2 10 8 2 12 9
3 2 10 7 8 7 82
3 2 10 6 14 2 93
3 2 10 6 3 13 27
3 2 10 5 9 8 180
3 2 10 4 15 3 46
3 2 10 4 4 14 159
3 2 10 3 10 9 25
3 2 10 2 16 4 116
3 2 10 2 5 15 133
3 2 10 1 11 10 128
3 2 10 1 0 21 16
3 2 10 0 17 5 68
3 2 10 0 6 16 113
3 2 9 19 0 4 108
3 2 9 17 1 5 126
3 2 9 16 7 0 84
3 2 9 15 2 6 58
3 2 9 14 8 1 47
3 2 9 13 3 7 37
3 2 9 12 9 2 45
3 2 9 11 4 8 55
3 2 9 10 10 3 36
3 2 9 9 5 9 155
3 2 9 8 11 4 158
3 2 9 8 0 15 188
3 2 9 7 6 10 45
3 2 9 6 12 5 6
3 2 9 6 1 16 109
3 2 9 5 18 0 12
3 2 9 5 7 11 187
3 2 9 4 13 6 188
3 2 9 4 2 17 13
3 2 9 3 19 1 120
3 2 9 3 8 12 127
3 2 9 2 14 7 123
3 2 9 2 3 18 3
3 2 9 1 20 2 169
3 2 9 1 9 13 106
3 2 9 0 15 8 82
3 2 9 0 4 19 59
3 2 8 22 2 0 36
3 2 8 20 3 1 142
3 2 8 18 4 2 7
3 2 8 16 5 3 97
3 2 8 15 0 9 180
3 2 8 14 6 4 115
3 2 8 13 1 10 79
3 2 8 12 7 5 2
3 2 8 11 13 0 40
3 2 8 11 2 11 124
3 2 8 10 8 6 33
3 2 8 9 14 1 149
3 2 8 9 3 12 80
3 2 8 8 9 7 157
3 2 8 7 15 2 125
3 2 8 7 4 13 62
3 2 8 6 10 8 47
3 2 8 5 16 3 78
3 2 8 5 5 14 12
3 2 8 4 11 9 113
3 2 8 4 0 20 168
3 2 8 3 17 4 99
3 2 8 3 6 15 18
3 2 8 2 12 10 98
3 2 8 2 1 21 34
3 2 8 1 18 5 196
3 2 8 1 7 16 15
3 2 8 0 24 0 7
3 2 8 0 13 11 133
3 2 8 0 2 22 6
3 2 7 22 0 3 23
3 2 7 20 1 4 59
3 2 7 18 2 5 14
3 2 7 17 8 0 34
3 2 7 16 3 6 128
3 2 7 15 9 1 160
3 2 7 14 4 7 89
3 2 7 13 10 2 97
3 2 7 12 5 8 20
3 2 7 11 11 3 9
3 2 7 11 0 14 92
3 2 7 10 6 9 85
3 2 7 9 12 4 37
3 2 7 9 1 15 57
3 2 7 8 7 10 15
3 2 7 7 13 5 152
3 2 7 7 2 16 81
3 2 7 6 19 0 2
3 2 7 6 8 11 11
3 2 7 5 14 6 7
3 2 7 5 3 17 48
3 2 7 4 20 1 96
3 2 7 4 9 12 71
3 2 7 3 15 7 183
3 2 7 3 4 18 37
3 2 7 2 21 2 88
3 2 7 2 10 13 128
3 2 7 1 16 8 187
3 2 7 1 5 19 89
3 2 7 0 22 3 165
3 2 7 0 11 14 152
3 2 7 0 0 25 104
3 2 6 23 3 0 139
3 2 6 21 4 1 99
3 2 6 19 5 2 7
3 2 6 18 0 8 145
3 2 6 17 6 3 125
3 2 6 16 1 9 119
3 2 6 15 7 4 10
3 2 6 14 2 10 145
3 2 6 13 8 5 59
3 2 6 12 14 0 86
3 2 6 12 3 11 103
3 2 6 11 9 6 70
3 2 6 10 15 1 124
3 2 6 10 4 12 97
3 2 6 9 10 7 6
3 2 6 8 16 2 160
3 2 6 8 5 13 174
3 2 6 7 11 8 124
3 2 6 7 0 19 131
3 2 6 6 17 3 117
3 2 6 6 6 14 82
3 2 6 5 12 9 50
3 2 6 5 1 20 21
3 2 6 4 18 4 130
3 2 6 4 7 15 27
3 2 6 3 13 10 122
3 2 6 3 2 21 164
3 2 6 2 19 5 25
3 2 6 2 8 16 78
3 2 6 1 25 0 10
3 2 6 1 14 11 168
3 2 6 1 3 22 46
3 2 6 0 20 6 90
3 2 6 0 9 17 78
3 2 5 25 0 2 14
3 2 5 23 1 3 134
3 2 5 21 2 4 48
3 2 5 19 3 5 38
3 2 5 18 9 0 195
3 2 5 17 4 6 37
3 2 5 16 10 1 150
3 2 5 15 5 7 159
3 2 5 14 11 2 18
3 2 5 14 0 13 81
3 2 5 13 6 8 133
3 2 5 12 12 3 71
3 2 5 12 1 14 168
3 2 5 11 7 9 118
3 2 5 10 13 4 49
3 2 5 10 2 15 187
3 2 5 9 8 10 87
3 2 5 8 14 5 93
3 2 5 8 3 16 73
3 2 5 7 20 0 121
3 2 5 7 9 11 57
3 2 5 6 15 6 26
3 2 5 6 4 17 26
3 2 5 5 21 1 6
3 2 5 5 10 12 42
3 2 5 4 16 7 146
3 2 5 4 5 18 152
3 2 5 3 22 2 189
3 2 5 3 11 13 105
3 2 5 3 0 24 139
3 2 5 2 17 8 102
3 2 5 2 6 19 15
3 2 5 1 23 3 190
3 2 5 1 12 14 146
3 2 5 1 1 25 82
3 2 5 0 18 9 51
3 2 5 0 7 20 43
3 2 4 24 4 0 87
3 2 4 22 5 1 73
3 2 4 21 0 7 197
3 2 4 20 6 2 78
3 2 4 19 1 8 191
3 2 4 18 7 3 158
3 2 4 17 2 9 96
3 2 4 16 8 4 135
3 2 4 15 3 10 50
3 2 4 14 9 5 41
3 2 4 13 15 0 184
3 2 4 13 4 11 50
3 2 4 12 10 6 54
3 2 4 11 16 1 1
3 2 4 11 5 12 108
3 2 4 10 11 7 50
3 2 4 10 0 18 15
3 2 4 9 17 2 58
3 2 4 9 6 13 194
3 2 4 8 12 8 148
3 2 4 8 1 19 141
3 2 4 7 18 3 120
3 2 4 7 7 14 106
3 2 4 6 13 9 101
3 2 4 6 2 20 6
3 2 4 5 19 4 34
3 2 4 5 8 15 55
3 2 4 4 14 10 186
3 2 4 4 3 21 148
3 2 4 3 20 5 188
3 2 4 3 9 16 39
3 2 4 2 26 0 120
3 2 4 2 15 11 92
3 2 4 2 4 22 80
3 2 4 1 21 6 51
3 2 4 1 10 17 97
3 2 4 0 27 1 184
3 2 4 0 16 12 67
3 2 4 0 5 23 98
3 2 3 28 0 1 1
3 2 3 26 1 2 163
3 2 3 24 2 3 181
3 2 3 22 3 4 148
3 2 3 20 4 5 33
3 2 3 19 10 0 2
3 2 3 18 5 6 146
3 2 3 17 11 1 79
3 2 3 17 0 12 48
3 2 3 16 6 7 11
3 2 3 15 12 2 178
3 2 3 15 1 13 5
3 2 3 14 7 8 163
3 2 3 13 13 3 187
3 2 3 13 2 14 178
3 2 3 12 8 9 69
3 2 3 11 14 4 111
3 2 3 11 3 15 11
3 2 3 10 9 10 164
3 2 3 9 15 5 127
3 2 3 9 4 16 41
3 2 3 8 21 0 89
3 2 3 8 10 11 188
3 2 3 7 16 6 108
3 2 3 7 5 17 121
3 2 3 6 22 1 8
3 2 3 6 11 12 48
3 2 3 6 0 23 7
3 2 3 5 17 7 105
3 2 3 5 6 18 71
3 2 3 4 23 2 143
3 2 3 4 12 13 93
3 2 3 4 1 24 166
3 2 3 3 18 8 60
3 2 3 3 7 19 175
3 2 3 2 24 3 54
3 2 3 2 13 14 133
3 2 3 2 2 25 55
3 2 3 1 19 9 65
3 2 3 1 8 20 162
3 2 3 0 25 4 96
3 2 3 0 14 15 184
3 2 3 0 3 26 3
3 2 2 25 5 0 98
3 2 2 24 0 6 162
3 2 2 23 6 1 178
3 2 2 22 1 7 68
3 2 2 21 7 2 26
3 2 2 20 2 8 185
3 2 2 19 8 3 7
3 2 2 18 3 9 192
3 2 2 17 9 4 194
3 2 2 16 4 10 75
3 2 2 15 10 5 178
3 2 2 14 16 0 77
3 2 2 14 5 11 80
3 2 2 13 11 6 10
3 2 2 13 0 17 161
3 2 2 12 17 1 147
3 2 2 12 6 12 106
3 2 2 11 12 7 66
3 2 2 11 1 18 90
3 2 2 10 18 2 58
3 2 2 10 7 13 118
3 2 2 9 13 8 23
3 2 2 9 2 19 179
3 2 2 8 19 3 164
3 2 2 8 8 14 11
3 2 2 7 14 9 49
3 2 2 7 3 20 138
3 2 2 6 20 4 100
3 2 2 6 9 15 74
3 2 2 5 15 10 178
3 2 2 5 4 21 187
3 2 2 4 21 5 179
3 2 2 4 10 16 24
3 2 2 3 27 0 60
3 2 2 3 16 11 69
3 2 2 3 5 22 182
3 2 2 2 22 6 179
3 2 2 2 11 17 115
3 2 2 2 0 28 195
3 2 2 1 28 1 34
3 2 2 1 17 12 24
3 2 2 1 6 23 34
3 2 2 0 23 7 10
3 2 2 0 12 18 14
3 2 2 0 1 29 103
3 2 1 31 0 0 72
3 2 1 29 1 1 56
3 2 1 27 2 2 21
3 2 1 25 3 3 40
3 2 1 23 4 4 116
3 2 1 21 5 5 15
3 2 1 20 11 0 183
3 2 1 20 0 11 171
3 2 1 19 6 6 104
3 2 1 18 12 1 164
3 2 1 18 1 12 15
3 2 1 17 7 7 185
3 2 1 16 13 2 129
3 2 1 16 2 13 145
3 2 1 15 8 8 61
3 2 1 14 14 3 89
3 2 1 14 3 14 30
3 2 1 13 9 9 108
3 2 1 12 15 4 158
3 2 1 12 4 15 131
3 2 1 11 10 10 20
3 2 1 10 16 5 120
3 2 1 10 5 16 44
3 2 1 9 22 0 176
3 2 1 9 11 11 124
3 2 1 9 0 22 71
3 2 1 8 17 6 132
3 2 1 8 6 17 119
3 2 1 7 23 1 99
3 2 1 7 12 12 69
3 2 1 7 1 23 81
3 2 1 6 18 7 166
3 2 1 6 7 18 193
3 2 1 5 24 2 7
3 2 1 5 13 13 153
3 2 1 5 2 24 72
3 2 1 4 19 8 59
3 2 1 4 8 19 187
3 2 1 3 25 3 23
3 2 1 3 14 14 184
3 2 1 3 3 25 93
3 2 1 2 20 9 109
3 2 1 2 9 20 47
3 2 1 1 26 4 79
3 2 1 1 15 15 116
3 2 1 1 4 26 120
3 2 1 0 21 10 178
3 2 1 0 10 21 176
3 2 0 27 0 5 57
3 2 0 26 6 0 38
3 2 0 25 1 6 169
3 2 0 24 7 1 10
3 2 0 23 2 7 138
3 2 0 22 8 2 186
3 2 0 21 3 8 123
3 2 0 20 9 3 36
3 2 0 19 4 9 109
3 2 0 18 10 4 68
3 2 0 17 5 10 118
3 2 0 16 11 5 97
3 2 0 16 0 16 65
3 2 0 15 17 0 89
3 2 0 15 6 11 23
3 2 0 14 12 6 24
3 2 0 14 1 17 105
3 2 0 13 18 1 10
3 2 0 13 7 12 17
3 2 0 12 13 7 171
3 2 0 12 2 18 115
3 2 0 11 19 2 27
3 2 0 11 8 13 157
3 2 0 10 14 8 144
3 2 0 10 3 19 119
3 2 0 9 20 3 72
3 2 0 9 9 14 122
3 2 0 8 15 9 171
3 2 0 8 4 20 100
3 2 0 7 21 4 87
3 2 0 7 10 15 95
3 2 0 6 16 10 129
3 2 0 6 5 21 90
3 2 0 5 22 5 138
3 2 0 5 11 16 34
3 2 0 5 0 27 177
3 2 0 4 28 0 30
3 2 0 4 17 11 63
3 2 0 4 6 22 167
3 2 0 3 23 6 104
3 2 0 3 12 17 167
3 2 0 3 1 28 104
3 2 0 2 29 1 93
3 2 0 2 18 12 191
3 2 0 2 7 23 154
3 2 0 1 24 7 18
3 2 0 1 13 18 55
3 2 0 1 2 29 186
3 2 0 0 30 2 94
3 2 0 0 19 13 105
3 2 0 0 8 24 17
3 1 31 1 0 1 93
3 1 29 4 0 0 141
3 1 29 2 1 1 58
3 1 29 0 2 2 9
3 1 28 0 0 5 128
3 1 27 5 1 0 97
3 1 27 3 2 1 7
3 1 27 1 3 2 13
3 1 26 3 0 4 195
3 1 26 1 1 5 7
3 1 26 0 7 0 41
3 1 25 6 2 0 63
3 1 25 4 3 1 104
3 1 25 2 4 2 46
3 1 25 0 5 3 76
3 1 24 6 0 3 63
3 1 24 4 1 4 13
3 1 24 2 2 5 193
3 1 24 1 8 0 47
3 1 24 0 3 6 190
3 1 23 7 3 0 13
3 1 23 5 4 1 34
3 1 23 3 5 2 67
3 1 23 2 0 8 5
3 1 23 1 6 3 74
3 1 23 0 1 9 169
3 1 22 9 0 2 152
3 1 22 7 1 3 127
3 1 22 5 2 4 172
3 1 22 3 3 5 198
3 1 22 2 9 0 6
3 1 22 1 4 6 64
3 1 22 0 10 1 33
3 1 21 8 4 0 171
3 1 21 6 5 1 146
3 1 21 5 0 7 169
3 1 21 4 6 2 166
3 1 21 3 1 8 8
3 1 21 2 7 3 41
3 1 21 1 2 9 196
3 1 21 0 8 4 14
3 1 20 12 0 1 175
3 1 20 10 1 2 99
3 1 20 8 2 3 119
3 1 20 6 3 4 13
3 1 20 4 4 5 150
3 1 20 3 10 0 155
3 1 20 2 5 6 81
3 1 20 1 11 1 47
3 1 20 1 0 12 21
3 1 20 0 6 7 17
3 1 19 9 5 0 3
3 1 19 8 0 6 2
3 1 19 7 6 1 105
3 1 19 6 1 7 136
3 1 19 5 7 2 182
3 1 19 4 2 8 134
3 1 19 3 8 3 12
3 1 19 2 3 9 26
3 1 19 1 9 4 186
3 1 19 0 4 10 188
3 1 18 15 0 0 43
3 1 18 13 1 1 102
3 1 18 11 2 2 177
3 1 18 9 3 3 189
3 1 18 7 4 4 111
3 1 18 5 5 5 73
3 1 18 4 11 0 137
3 1 18 4 0 11 17
3 1 18 3 6 6 24
3 1 18 2 12 1 73
3 1 18 2 1 12 47
3 1 18 1 7 7 21
3 1 18 0 13 2 20
3 1 18 0 2 13 158
3 1 17 11 0 5 140
3 1 17 10 6 0 184
3 1 17 9 1 6 91
3 1 17 8 7 1 144
3 1 17 7 2 7 171
3 1 17 6 8 2 177
3 1 17 5 3 8 115
3 1 17 4 9 3 84
3 1 17 3 4 9 115
3 1 17 2 10 4 182
3 1 17 1 5 10 129
3 1 17 0 11 5 175
3 1 17 0 0 16 32
3 1 16 16 1 0 161
3 1 16 14 2 1 64
3 1 16 12 3 2 33
3 1 16 10 4 3 17
3 1 16 8 5 4 64
3 1 16 7 0 10 11
3 1 16 6 6 5 77
3 1 16 5 12 0 76
3 1 16 5 1 11 167
3 1 16 4 7 6 53
3 1 16 3 13 1 162
3 1 16 3 2 12 182
3 1 16 2 8 7 186
3 1 16 1 14 2 147
3 1 16 1 3 13 7
3 1 16 0 9 8 17
3 1 15 14 0 4 139
3 1 15 12 1 5 138
3 1 15 11 7 0 183
3 1 15 10 2 6 88
3 1 15 9 8 1 150
3 1 15 8 3 7 181
3 1 15 7 9 2 162
3 1 15 6 4 8 100
3 1 15 5 10 3 22
3 1 15 4 5 9 44
3 1 15 3 11 4 47
3 1 15 3 0 15 96
3 1 15 2 6 10 187
3 1 15 1 12 5 53
3 1 15 1 1 16 31
3 1 15 0 18 0 186
3 1 15 0 7 11 158
3 1 14 17 2 0 32
3 1 14 15 3 1 8
3 1 14 13 4 2 128
3 1 14 11 5 3 184
3 1 14 10 0 9 45
3 1 14 9 6 4 132
3 1 14 8 1 10 82
3 1 14 7 7 5 97
3 1 14 6 13 0 155
3 1 14 6 2 11 135
3 1 14 5 8 6 44
3 1 14 4 14 1 189
3 1 14 4 3 12 144
3 1 14 3 9 7 38
3 1 14 2 15 2 163
3 1 14 2 4 13 96
3 1 14 1 10 8 144
3 1 14 0 16 3 113
3 1 14 0 5 14 106
3 1 13 17 0 3 176
3 1 13 15 1 4 42
3 1 13 13 2 5 140
3 1 13 12 8 0 103
3 1 13 11 3 6 155
3 1 13 10 9 1 44
3 1 13 9 4 7 141
3 1 13 8 10 2 28
3 1 13 7 5 8 75
3 1 13 6 11 3 76
3 1 13 6 0 14 16
3 1 13 5 6 9 129
3 1 13 4 12 4 92
3 1 13 4 1 15 50
3 1 13 3 7 10 158
3 1 13 2 13 5 3
3 1 13 2 2 16 43
3 1 13 1 19 0 37
3 1 13 1 8 11 101
3 1 13 0 14 6 95
3 1 13 0 3 17 143
3 1 12 18 3 0 40
3 1 12 16 4 1 131
3 1 12 14 5 2 141
3 1 12 13 0 8 5
3 1 12 12 6 3 54
3 1 12 11 1 9 42
3 1 12 10 7 4 67
3 1 12 9 2 10 35
3 1 12 8 8 5 151
3 1 12 7 14 0 134
3 1 12 7 3 11 162
3 1 12 6 9 6 53
3 1 12 5 15 1 10
3 1 12 5 4 12 150
3 1 12 4 10 7 111
3 1 12 3 16 2 13
3 1 12 3 5 13 144
3 1 12 2 11 8 58
3 1 12 2 0 19 84
3 1 12 1 17 3 78
3 1 12 1 6 14 12
3 1 12 0 12 9 102
3 1 12 0 1 20 105
3 1 11 20 0 2 80
3 1 11 18 1 3 157
3 1 11 16 2 4 188
3 1 11 14 3 5 87
3 1 11 13 9 0 132
3 1 11 12 4 6 133
3 1 11 11 10 1 154
3 1 11 10 5 7 154
3 1 11 9 11 2 112
3 1 11 9 0 13 145
3 1 11 8 6 8 15
3 1 11 7 12 3 42
3 1 11 7 1 14 178
3 1 11 6 7 9 171
3 1 11 5 13 4 183
3 1 11 5 2 15 91
3 1 11 4 8 10 41
3 1 11 3 14 5 66
3 1 11 3 3 16 144
3 1 11 2 20 0 122
3 1 11 2 9 11 186
3 1 11 1 15 6 162
3 1 11 1 4 17 33
3 1 11 0 21 1 96
3 1 11 0 10 12 171
3 1 10 19 4 0 91
3 1 10 17 5 1 33
3 1 10 16 0 7 156
3 1 10 15 6 2 13
3 1 10 14 1 8 129
3 1 10 13 7 3 183
3 1 10 12 2 9 154
3 1 10 11 8 4 49
3 1 10 10 3 10 59
3 1 10 9 9 5 174
3 1 10 8 15 0 62
3 1 10 8 4 11 64
3 1 10 7 10 6 111
3 1 10 6 16 1 65
3 1 10 6 5 12 188
3 1 10 5 11 7 24
3 1 10 5 0 18 151
3 1 10 4 17 2 174
3 1 10 4 6 13 170
3 1 10 3 12 8 92
3 1 10 3 1 19 16
3 1 10 2 18 3 156
3 1 10 2 7 14 80
3 1 10 1 13 9 140
3 1 10 1 2 20 178
3 1 10 0 19 4 111
3 1 10 0 8 15 154
3 1 9 23 0 1 167
3 1 9 21 1 2 11
3 1 9 19 2 3 60
3 1 9 17 3 4 10
3 1 9 15 4 5 99
3 1 9 14 10 0 113
3 1 9 13 5 6 32
3 1 9 12 11 1 55
3 1 9 12 0 12 156
3 1 9 11 6 7 64
3 1 9 10 12 2 5
3 1 9 10 1 13 133
3 1 9 9 7 8 75
3 1 9 8 13 3 56
3 1 9 8 2 14 114
3 1 9 7 8 9 170
3 1 9 6 14 4 85
3 1 9 6 3 15 4
3 1 9 5 9 10 191
3 1 9 4 15 5 61
3 1 9 4 4 16 143
3 1 9 3 21 0 21
3 1 9 3 10 11 184
3 1 9 2 16 6 161
3 1 9 2 5 17 129
3 1 9 1 22 1 82
3 1 9 1 11 12 186
3 1 9 1 0 23 63
3 1 9 0 17 7 45
3 1 9 0 6 18 86
3 1 8 20 5 0 183
3 1 8 19 0 6 195
3 1 8 18 6 1 67
3 1 8 17 1 7 32
3 1 8 16 7 2 17
3 1 8 15 2 8 31
3 1 8 14 8 3 128
3 1 8 13 3 9 56
3 1 8 12 9 4 178
3 1 8 11 4 10 48
3 1 8 10 10 5 155
3 1 8 9 16 0 1
3 1 8 9 5 11 32
3 1 8 8 11 6 154
3 1 8 8 0 17 11
3 1 8 7 17 1 57
3 1 8 7 6 12 190
3 1 8 6 12 7 179
3 1 8 6 1 18 102
3 1 8 5 18 2 62
3 1 8 5 7 13 121
3 1 8 4 13 8 113
3 1 8 4 2 19 160
3 1 8 3 19 3 74
3 1 8 3 8 14 176
3 1 8 2 14 9 1
3 1 8 2 3 20 176
3 1 8 1 20 4 163
3 1 8 1 9 15 172
3 1 8 0 15 10 169
3 1 8 0 4 21 69
3 1 7 26 0 0 31
3 1 7 24 1 1 48
3 1 7 22 2 2 40
3 1 7 20 3 3 191
3 1 7 18 4 4 167
3 1 7 16 5 5 161
3 1 7 15 11 0 5
3 1 7 15 0 11 62
3 1 7 14 6 6 53
3 1 7 13 12 1 41
3 1 7 13 1 12 150
3 1 7 12 7 7 134
3 1 7 11 13 2 153
3 1 7 11 2 13 4
3 1 7 10 8 8 105
3 1 7 9 14 3 133
3 1 7 9 3 14 145
3 1 7 8 9 9 58
3 1 7 7 15 4 27
3 1 7 7 4 15 164
3 1 7 6 10 10 169
3 1 7 5 16 5 188
3 1 7 5 5 16 67
3 1 7 4 22 0 133
3 1 7 4 11 11 30
3 1 7 3 17 6 46
3 1 7 3 6 17 41
3 1 7 2 23 1 169
3 1 7 2 12 12 36
3 1 7 2 1 23 163
3 1 7 1 18 7 66
3 1 7 1 7 18 72
3 1 7 0 24 2 101
3 1 7 0 13 13 74
3 1 7 0 2 24 188
3 1 6 22 0 5 134
3 1 6 21 6 0 10
3 1 6 20 1 6 124
3 1 6 19 7 1 105
3 1 6 18 2 7 6
3 1 6 17 8 2 6
3 1 6 16 3 8 75
3 1 6 15 9 3 9
3 1 6 14 4 9 124
3 1 6 13 10 4 134
3 1 6 12 5 10 26
3 1 6 11 11 5 117
3 1 6 11 0 16 94
3 1 6 10 17 0 39
3 1 6 10 6 11 78
3 1 6 9 12 6 89
3 1 6 9 1 17 38
3 1 6 8 18 1 88
3 1 6 8 7 12 111
3 1 6 7 13 7 193
3 1 6 7 2 18 98
3 1 6 6 19 2 29
3 1 6 6 8 13 181
3 1 6 5 14 8 46
3 1 6 5 3 19 73
3 1 6 4 20 3 162
3 1 6 4 9 14 194
3 1 6 3 15 9 182
3 1 6 3 4 20 1
3 1 6 2 21 4 69
3 1 6 2 10 15 85
3 1 6 1 16 10 79
3 1 6 1 5 21 179
3 1 6 0 22 5 171
3 1 6 0 11 16 98
3 1 6 0 0 27 198
3 1 5 27 1 0 54
3 1 5 25 2 1 43
3 1 5 23 3 2 30
3 1 5 21 4 3 99
3 1 5 19 5 4 15
3 1 5 18 0 10 7
3 1 5 17 6 5 122
3 1 5 16 12 0 39
3 1 5 16 1 11 28
3 1 5 15 7 6 57
3 1 5 14 13 1 118
3 1 5 14 2 12 195
3 1 5 13 8 7 77
3 1 5 12 14 2 111
3 1 5 12 3 13 174
3 1 5 11 9 8 173
3 1 5 10 15 3 70
3 1 5 10 4 14 168
3 1 5 9 10 9 6
3 1 5 8 16 4 33
3 1 5 8 5 15 127
3 1 5 7 11 10 97
3 1 5 7 0 21 140
3 1 5 6 17 5 44
3 1 5 6 6 16 123
3 1 5 5 23 0 149
3 1 5 5 12 11 26
3 1 5 5 1 22 60
3 1 5 4 18 6 105
3 1 5 4 7 17 57
3 1 5 3 24 1 24
3 1 5 3 13 12 116
3 1 5 3 2 23 117
3 1 5 2 19 7 61
3 1 5 2 8 18 57
3 1 5 1 25 2 158
3 1 5 1 14 13 52
3 1 5 1 3 24 106
3 1 5 0 20 8 166
3 1 5 0 9 19 171
3 1 4 25 0 4 93
3 1 4 23 1 5 174
3 1 4 22 7 0 107
3 1 4 21 2 6 12
3 1 4 20 8 1 177
3 1 4 19 3 7 131
3 1 4 18 9 2 86
3 1 4 17 4 8 180
3 1 4 16 10 3 25
3 1 4 15 5 9 133
3 1 4 14 11 4 78
3 1 4 14 0 15 165
3 1 4 13 6 10 38
3 1 4 12 12 5 194
3 1 4 12 1 16 86
3 1 4 11 18 0 91
3 1 4 11 7 11 32
3 1 4 10 13 6 25
3 1 4 10 2 17 32
3 1 4 9 19 1 114
3 1 4 9 8 12 140
3 1 4 8 14 7 158
3 1 4 8 3 18 145
3 1 4 7 20 2 134
3 1 4 7 9 13 192
3 1 4 6 15 8 128
3 1 4 6 4 19 60
3 1 4 5 21 3 198
3 1 4 5 10 14 119
3 1 4 4 16 9 160
3 1 4 4 5 20 17
3 1 4 3 22 4 190
3 1 4 3 11 15 13
3 1 4 3 0 26 11
3 1 4 2 17 10 48
3 1 4 2 6 21 180
3 1 4 1 23 5 22
3 1 4 1 12 16 191
3 1 4 1 1 27 44
3 1 4 0 29 0 40
3 1 4 0 18 11 145
3 1 4 0 7 22 166
3 1 3 28 2 0 164
3 1 3 26 3 1 140
3 1 3 24 4 2 166
3 1 3 22 5 3 83
3 1 3 21 0 9 84
3 1 3 20 6 4 19
3 1 3 19 1 10 28
3 1 3 18 7 5 21
3 1 3 17 13 0 150
3 1 3 17 2 11 43
3 1 3 16 8 6 127
3 1 3 15 14 1 151
3 1 3 15 3 12 144
3 1 3 14 9 7 23
3 1 3 13 15 2 37
3 1 3 13 4 13 58
3 1 3 12 10 8 87
3 1 3 11 16 3 150
3 1 3 11 5 14 78
3 1 3 10 11 9 122
3 1 3 10 0 20 99
3 1 3 9 17 4 124
3 1 3 9 6 15 166
3 1 3 8 12 10 157
3 1 3 8 1 21 82
3 1 3 7 18 5 191
3 1 3 7 7 16 115
3 1 3 6 24 0 89
3 1 3 6 13 11 3
3 1 3 6 2 22 52
3 1 3 5 19 6 11
3 1 3 5 8 17 149
3 1 3 4 25 1 190
3 1 3 4 14 12 196
3 1 3 4 3 23 75
3 1 3 3 20 7 109
3 1 3 3 9 18 182
3 1 3 2 26 2 58
3 1 3 2 15 13 24
3 1 3 2 4 24 6
3 1 3 1 21 8 174
3 1 3 1 10 19 66
3 1 3 0 27 3 92
3 1 3 0 16 14 166
3 1 3 0 5 25 13
3 1 2 28 0 3 167
3 1 2 26 1 4 72
3 1 2 24 2 5 137
3 1 2 23 8 0 17
3 1 2 22 3 6 6
3 1 2 21 9 1 151
3 1 2 20 4 7 41
3 1 2 19 10 2 71
3 1 2 18 5 8 145
3 1 2 17 11 3 116
3 1 2 17 0 14 174
3 1 2 16 6 9 137
3 1 2 15 12 4 160
3 1 2 15 1 15 138
3 1 2 14 7 10 60
3 1 2 13 13 5 105
3 1 2 13 2 16 105
3 1 2 12 19 0 152
3 1 2 12 8 11 59
3 1 2 11 14 6 86
3 1 2 11 3 17 95
3 1 2 10 20 1 101
3 1 2 10 9 12 25
3 1 2 9 15 7 186
3 1 2 9 4 18 122
3 1 2 8 21 2 146
3 1 2 8 10 13 198
3 1 2 7 16 8 57
3 1 2 7 5 19 68
3 1 2 6 22 3 145
3 1 2 6 11 14 17
3 1 2 6 0 25 106
3 1 2 5 17 9 134
3 1 2 5 6 20 68
3 1 2 4 23 4 191
3 1 2 4 12 15 49
3 1 2 4 1 26 181
3 1 2 3 18 10 118
3 1 2 3 7 21 192
3 1 2 2 24 5 173
3 1 2 2 13 16 31
3 1 2 2 2 27 43
3 1 2 1 30 0 184
3 1 2 1 19 11 17
3 1 2 1 8 22 102
3 1 2 0 25 6 97
3 1 2 0 14 17 127
3 1 2 0 3 28 74
3 1 1 29 3 0 113
3 1 1 27 4 1 179
3 1 1 25 5 2 67
3 1 1 24 0 8 37
3 1 1 23 6 3 144
3 1 1 22 1 9 67
3 1 1 21 7 4 91
3 1 1 20 2 10 93
3 1 1 19 8 5 198
3 1 1 18 14 0 71
3 1 1 18 3 11 158
3 1 1 17 9 6 114
3 1 1 16 15 1 119
3 1 1 16 4 12 7
3 1 1 15 10 7 5
3 1 1 14 16 2 72
3 1 1 14 5 13 138
3 1 1 13 11 8 102
3 1 1 13 0 19 74
3 1 1 12 6 14 56
3 1 1 11 12 9 56
3 1 1 11 1 20 56
3 1 1 10 18 4 37
3 1 1 10 7 15 171
3 1 1 9 13 10 86
3 1 1 9 2 21 128
3 1 1 8 19 5 17
3 1 1 8 8 16 189
3 1 1 7 25 0 37
3 1 1 7 14 11 167
3 1 1 7 3 22 43
3 1 1 6 20 6 60
3 1 1 6 9 17 18
3 1 1 5 26 1 114
3 1 1 5 15 12 74
3 1 1 5 4 23 121
3 1 1 4 21 7 71
3 1 1 4 10 18 41
3 1 1 3 27 2 34
3 1 1 3 16 13 179
3 1 1 3 5 24 186
3 1 1 2 22 8 13
3 1 1 2 11 19 167
3 1 1 2 0 30 79
3 1 1 1 28 3 94
3 1 1 1 17 14 84
3 1 1 1 6 25 163
3 1 1 0 23 9 143
3 1 1 0 12 20 149
3 1 1 0 1 31 126
3 1 0 31 0 2 56
3 1 0 29 1 3 157
3 1 0 27 2 4 187
3 1 0 25 3 5 50
3 1 0 24 9 0 20
3 1 0 23 4 6 65
3 1 0 22 10 1 48
3 1 0 21 5 7 105
3 1 0 20 11 2 151
3 1 0 20 0 13 123
3 1 0 19 6 8 167
3 1 0 18 12 3 177
3 1 0 18 1 14 28
3 1 0 17 7 9 178
3 1 0 16 13 4 64
3 1 0 15 8 10 76
3 1 0 14 14 5 144
3 1 0 14 3 16 42
3 1 0 13 20 0 62
3 1 0 13 9 11 193
3 1 0 12 15 6 105
3 1 0 12 4 17 159
3 1 0 11 21 1 123
3 1 0 11 10 12 21
3 1 0 10 16 7 17
3 1 0 10 5 18 30
3 1 0 9 22 2 197
3 1 0 9 11 13 8
3 1 0 9 0 24 71
3 1 0 8 17 8 167
3 1 0 8 6 19 114
3 1 0 7 23 3 53
3 1 0 7 12 14 128
3 1 0 7 1 25 76
3 1 0 6 18 9 96
3 1 0 6 7 20 82
3 1 0 5 24 4 15
3 1 0 5 13 15 70
3 1 0 5 2 26 165
3 1 0 4 19 10 109
3 1 0 4 8 21 77
3 1 0 3 25 5 72
3 1 0 3 14 16 51
3 1 0 3 3 27 148
3 1 0 2 31 0 144
3 1 0 2 20 11 124
3 1 0 2 9 22 152
3 1 0 1 26 6 113
3 1 0 1 15 17 148
3 1 0 1 4 28 35
3 1 0 0 32 1 66
3 1 0 0 21 12 74
3 1 0 0 10 23 111
3 0 33 0 1 0 113
3 0 31 1 2 0 126
3 0 30 1 0 3 26
3 0 29 2 3 0 18
3 0 29 0 4 1 101
3 0 28 4 0 2 116
3 0 28 2 1 3 151
3 0 28 0 2 4 43
3 0 27 1 5 1 80
3 0 27 0 0 7 46
3 0 26 7 0 1 143
3 0 26 5 1 2 125
3 0 26 3 2 3 51
3 0 26 1 3 4 190
3 0 25 4 5 0 175
3 0 25 3 0 6 51
3 0 25 2 6 1 145
3 0 25 1 1 7 49
3 0 25 0 7 2 69
3 0 24 10 0 0 73
3 0 24 8 1 1 11
3 0 24 6 2 2 127
3 0 24 4 3 3 148
3 0 24 2 4 4 122
3 0 24 0 5 5 98
3 0 23 6 0 5 19
3 0 23 5 6 0 72
3 0 23 4 1 6 79
3 0 23 3 7 1 173
3 0 23 2 2 7 73
3 0 23 1 8 2 109
3 0 23 0 3 8 16
3 0 22 11 1 0 123
3 0 22 9 2 1 109
3 0 22 7 3 2 90
3 0 22 5 4 3 102
3 0 22 3 5 4 152
3 0 22 2 0 10 31
3 0 22 1 6 5 97
3 0 22 0 1 11 16
3 0 21 9 0 4 133
3 0 21 7 1 5 171
3 0 21 6 7 0 133
3 0 21 5 2 6 136
3 0 21 4 8 1 120
3 0 21 3 3 7 13
3 0 21 2 9 2 73
3 0 21 1 4 8 60
3 0 21 0 10 3 47
3 0 20 12 2 0 99
3 0 20 10 3 1 103
3 0 20 8 4 2 154
3 0 20 6 5 3 91
3 0 20 5 0 9 162
3 0 20 4 6 4 159
3 0 20 3 1 10 59
3 0 20 2 7 5 181
3 0 20 1 13 0 141
3 0 20 1 2 11 101
3 0 20 0 8 6 182
3 0 19 12 0 3 178
3 0 19 10 1 4 41
3 0 19 8 2 5 98
3 0 19 7 8 0 157
3 0 19 6 3 6 24
3 0 19 5 9 1 6
3 0 19 4 4 7 142
3 0 19 3 10 2 24
3 0 19 2 5 8 181
3 0 19 1 11 3 165
3 0 19 1 0 14 32
3 0 19 0 6 9 67
3 0 18 13 3 0 116
3 0 18 11 4 1 182
3 0 18 9 5 2 62
3 0 18 8 0 8 69
3 0 18 7 6 3 116
3 0 18 6 1 9 52
3 0 18 5 7 4 93
3 0 18 4 2 10 52
3 0 18 3 8 5 142
3 0 18 2 14 0 71
3 0 18 2 3 11 54
3 0 18 1 9 6 190
3 0 18 0 15 1 114
3 0 18 0 4 12 43
3 0 17 15 0 2 191
3 0 17 13 1 3 170
3 0 17 11 2 4 195
3 0 17 9 3 5 144
3 0 17 8 9 0 12
3 0 17 7 4 6 182
3 0 17 6 10 1 114
3 0 17 5 5 7 67
3 0 17 4 0 13 32
3 0 17 3 6 8 87
3 0 17 2 12 3 99
3 0 17 2 1 14 13
3 0 17 1 7 9 148
3 0 17 0 13 4 41
3 0 17 0 2 15 193
3 0 16 14 4 0 14
3 0 16 12 5 1 38
3 0 16 11 0 7 117
3 0 16 10 6 2 27
3 0 16 9 1 8 131
3 0 16 8 7 3 90
3 0 16 7 2 9 53
3 0 16 6 8 4 73
3 0 16 5 3 10 25
3 0 16 4 9 5 182
3 0 16 3 15 0 115
3 0 16 3 4 11 88
3 0 16 2 10 6 42
3 0 16 1 16 1 115
3 0 16 1 5 12 144
3 0 16 0 11 7 93
3 0 16 0 0 18 31
3 0 15 18 0 1 148
3 0 15 16 1 2 174
3 0 15 14 2 3 124
3 0 15 12 3 4 69
3 0 15 10 4 5 70
3 0 15 9 10 0 190
3 0 15 8 5 6 149
3 0 15 7 11 1 148
3 0 15 7 0 12 92
3 0 15 6 6 7 116
3 0 15 5 12 2 57
3 0 15 5 1 13 2
3 0 15 4 7 8 70
3 0 15 3 13 3 115
3 0 15 3 2 14 97
3 0 15 2 8 9 95
3 0 15 1 14 4 48
3 0 15 1 3 15 133
3 0 15 0 9 10 147
3 0 14 15 5 0 137
3 0 14 14 0 6 20
3 0 14 13 6 1 26
3 0 14 12 1 7 123
3 0 14 11 7 2 151
3 0 14 10 2 8 176
3 0 14 9 8 3 169
3 0 14 8 3 9 44
3 0 14 7 9 4 6
3 0 14 6 4 10 97
3 0 14 5 10 5 161
3 0 14 4 16 0 9
3 0 14 4 5 11 141
3 0 14 3 11 6 184
3 0 14 3 0 17 35
3 0 14 2 17 1 174
3 0 14 2 6 12 2
3 0 14 1 12 7 149
3 0 14 1 1 18 127
3 0 14 0 18 2 85
3 0 14 0 7 13 176
3 0 13 21 0 0 142
3 0 13 19 1 1 77
3 0 13 17 2 2 115
3 0 13 13 4 4 98
3 0 13 11 5 5 48
3 0 13 10 11 0 188
3 0 13 10 0 11 70
3 0 13 9 6 6 117
3 0 13 8 12 1 167
3 0 13 8 1 12 143
3 0 13 7 7 7 87
3 0 13 6 13 2 138
3 0 13 6 2 13 182
3 0 13 5 8 8 163
3 0 13 4 14 3 144
3 0 13 4 3 14 82
3 0 13 3 9 9 11
3 0 13 2 15 4 72
3 0 13 2 4 15 125
3 0 13 1 10 10 177
3 0 13 0 16 5 64
3 0 13 0 5 16 171
3 0 12 17 0 5 33
3 0 12 16 6 0 78
3 0 12 15 1 6 56
3 0 12 14 7 1 103
3 0 12 13 2 7 50
3 0 12 12 8 2 81
3 0 12 11 3 8 42
3 0 12 10 9 3 198
3 0 12 9 4 9 62
3 0 12 8 10 4 34
3 0 12 7 5 10 22
3 0 12 6 11 5 108
3 0 12 6 0 16 63
3 0 12 5 17 0 84
3 0 12 5 6 11 35
3 0 12 4 12 6 168
3 0 12 4 1 17 37
3 0 12 3 18 1 177
3 0 12 3 7 12 179
3 0 12 2 13 7 68
3 0 12 1 19 2 134
3 0 12 1 8 13 28
3 0 12 0 14 8 114
3 0 12 0 3 19 124
3 0 11 22 1 0 70
3 0 11 20 2 1 93
3 0 11 18 3 2 24
3 0 11 16 4 3 6
3 0 11 14 5 4 30
3 0 11 13 0 10 125
3 0 11 12 6 5 41
3 0 11 11 12 0 98
3 0 11 11 1 11 107
3 0 11 10 7 6 142
3 0 11 9 13 1 135
3 0 11 9 2 12 7
3 0 11 8 8 7 190
3 0 11 7 14 2 18
3 0 11 7 3 13 198
3 0 11 6 9 8 42
3 0 11 5 15 3 29
3 0 11 5 4 14 92
3 0 11 4 10 9 143
3 0 11 3 16 4 152
3 0 11 3 5 15 97
3 0 11 2 11 10 88
3 0 11 2 0 21 162
3 0 11 1 17 5 73
3 0 11 1 6 16 63
3 0 11 0 23 0 113
3 0 11 0 12 11 120
3 0 11 0 1 22 141
3 0 10 20 0 4 171
3 0 10 18 1 5 8
3 0 10 17 7 0 45
3 0 10 16 2 6 56
3 0 10 15 8 1 142
3 0 10 14 3 7 42
3 0 10 13 9 2 76
3 0 10 12 4 8 106
3 0 10 11 10 3 90
3 0 10 10 5 9 147
3 0 10 9 11 4 129
3 0 10 9 0 15 8
3 0 10 8 6 10 77
3 0 10 7 12 5 167
3 0 10 7 1 16 135
3 0 10 6 18 0 124
3 0 10 6 7 11 7
3 0 10 5 13 6 150
3 0 10 5 2 17 134
3 0 10 4 19 1 148
3 0 10 4 8 12 67
3 0 10 3 14 7 185
3 0 10 3 3 18 25
3 0 10 2 20 2 149
3 0 10 2 9 13 96
3 0 10 1 15 8 31
3 0 10 1 4 19 71
3 0 10 0 21 3 151
3 0 10 0 10 14 13
3 0 9 23 2 0 8
3 0 9 21 3 1 91
3 0 9 19 4 2 147
3 0 9 17 5 3 25
3 0 9 16 0 9 198
3 0 9 15 6 4 43
3 0 9 14 1 10 180
3 0 9 13 7 5 16
3 0 9 12 13 0 147
3 0 9 12 2 11 51
3 0 9 11 8 6 66
3 0 9 10 14 1 58
3 0 9 10 3 12 181
3 0 9 9 9 7 61
3 0 9 8 15 2 187
3 0 9 8 4 13 189
3 0 9 7 10 8 60
3 0 9 6 16 3 11
3 0 9 6 5 14 187
3 0 9 5 11 9 52
3 0 9 5 0 20 52
3 0 9 4 17 4 101
3 0 9 4 6 15 12
3 0 9 3 12 10 177
3 0 9 3 1 21 113
3 0 9 2 18 5 45
3 0 9 2 7 16 105
3 0 9 1 24 0 41
3 0 9 1 13 11 121
3 0 9 1 2 22 194
3 0 9 0 19 6 61
3 0 9 0 8 17 113
3 0 8 23 0 3 47
3 0 8 21 1 4 80
3 0 8 19 2 5 13
3 0 8 18 8 0 1
3 0 8 17 3 6 186
3 0 8 16 9 1 59
3 0 8 15 4 7 12
3 0 8 14 10 2 110
3 0 8 13 5 8 110
3 0 8 12 11 3 1
3 0 8 12 0 14 194
3 0 8 11 6 9 70
3 0 8 10 12 4 39
3 0 8 10 1 15 47
3 0 8 9 7 10 113
3 0 8 8 13 5 159
3 0 8 8 2 16 8
3 0 8 7 19 0 175
3 0 8 7 8 11 27
3 0 8 6 14 6 57
3 0 8 6 3 17 114
3 0 8 5 20 1 168
3 0 8 5 9 12 69
3 0 8 4 15 7 81
3 0 8 4 4 18 10
3 0 8 3 21 2 165
3 0 8 3 10 13 135
3 0 8 2 16 8 153
3 0 8 2 5 19 176
3 0 8 1 22 3 164
3 0 8 1 11 14 93
3 0 8 1 0 25 86
3 0 8 0 17 9 96
3 0 8 0 6 20 73
3 0 7 24 3 0 52
3 0 7 22 4 1 88
3 0 7 20 5 2 64
3 0 7 19 0 8 90
3 0 7 18 6 3 130
3 0 7 17 1 9 39
3 0 7 16 7 4 7
3 0 7 15 2 10 84
3 0 7 14 8 5 22
3 0 7 13 14 0 189
3 0 7 13 3 11 160
3 0 7 12 9 6 147
3 0 7 11 15 1 20
3 0 7 11 4 12 69
3 0 7 10 10 7 7
3 0 7 9 16 2 51
3 0 7 9 5 13 99
3 0 7 8 11 8 78
3 0 7 8 0 19 37
3 0 7 7 17 3 137
3 0 7 7 6 14 98
3 0 7 6 12 9 170
3 0 7 6 1 20 86
3 0 7 5 18 4 125
3 0 7 5 7 15 30
3 0 7 4 13 10 186
3 0 7 4 2 21 67
3 0 7 3 19 5 48
3 0 7 3 8 16 72
3 0 7 2 25 0 34
3 0 7 2 14 11 198
3 0 7 2 3 22 195
3 0 7 1 20 6 105
3 0 7 1 9 17 134
3 0 7 0 26 1 156
3 0 7 0 15 12 161
3 0 7 0 4 23 65
3 0 6 26 0 2 141
3 0 6 24 1 3 106
3 0 6 22 2 4 32
3 0 6 20 3 5 94
3 0 6 19 9 0 150
3 0 6 18 4 6 9
3 0 6 17 10 1 22
3 0 6 16 5 7 113
3 0 6 15 11 2 76
3 0 6 15 0 13 127
3 0 6 14 6 8 52
3 0 6 13 12 3 192
3 0 6 13 1 14 54
3 0 6 12 7 9 72
3 0 6 11 13 4 178
3 0 6 11 2 15 50
3 0 6 10 8 10 140
3 0 6 9 14 5 175
3 0 6 9 3 16 48
3 0 6 8 20 0 179
3 0 6 8 9 11 66
3 0 6 7 15 6 146
3 0 6 7 4 17 49
3 0 6 6 21 1 23
3 0 6 6 10 12 62
3 0 6 5 16 7 85
3 0 6 5 5 18 128
3 0 6 4 22 2 144
3 0 6 4 11 13 83
3 0 6 4 0 24 107
3 0 6 3 17 8 194
3 0 6 3 6 19 53
3 0 6 2 23 3 90
3 0 6 2 12 14 63
3 0 6 2 1 25 118
3 0 6 1 18 9 112
3 0 6 1 7 20 21
3 0 6 0 24 4 81
3 0 6 0 13 15 20
3 0 6 0 2 26 1
3 0 5 25 4 0 129
3 0 5 23 5 1 133
3 0 5 22 0 7 19
3 0 5 21 6 2 80
3 0 5 20 1 8 90
3 0 5 19 7 3 173
3 0 5 18 2 9 27
3 0 5 17 8 4 113
3 0 5 16 3 10 78
3 0 5 15 9 5 145
3 0 5 14 15 0 105
3 0 5 14 4 11 165
3 0 5 13 10 6 171
3 0 5 12 16 1 154
3 0 5 12 5 12 134
3 0 5 11 11 7 59
3 0 5 11 0 18 66
3 0 5 10 17 2 115
3 0 5 10 6 13 175
3 0 5 9 12 8 118
3 0 5 9 1 19 102
3 0 5 8 18 3 132
3 0 5 8 7 14 26
3 0 5 7 13 9 43
3 0 5 7 2 20 139
3 0 5 6 19 4 166
3 0 5 6 8 15 165
3 0 5 5 14 10 30
3 0 5 5 3 21 100
3 0 5 4 20 5 56
3 0 5 4 9 16 131
3 0 5 3 15 11 165
3 0 5 3 4 22 63
3 0 5 2 21 6 35
3 0 5 2 10 17 113
3 0 5 1 27 1 77
3 0 5 1 16 12 149
3 0 5 1 5 23 21
3 0 5 0 22 7 186
3 0 5 0 11 18 62
3 0 5 0 0 29 59
3 0 4 29 0 1 92
3 0 4 27 1 2 183
3 0 4 25 2 3 189
3 0 4 23 3 4 167
3 0 4 21 4 5 163
3 0 4 20 10 0 37
3 0 4 19 5 6 118
3 0 4 18 11 1 178
3 0 4 18 0 12 193
3 0 4 17 6 7 86
3 0 4 16 12 2 196
3 0 4 16 1 13 24
3 0 4 15 7 8 124
3 0 4 14 13 3 114
3 0 4 14 2 14 197
3 0 4 13 8 9 172
3 0 4 12 14 4 165
3 0 4 12 3 15 135
3 0 4 11 9 10 140
3 0 4 10 15 5 121
3 0 4 10 4 16 2
3 0 4 9 21 0 172
3 0 4 9 10 11 11
3 0 4 8 16 6 19
3 0 4 8 5 17 136
3 0 4 7 22 1 115
3 0 4 7 11 12 164
3 0 4 7 0 23 39
3 0 4 6 17 7 111
3 0 4 6 6 18 120
3 0 4 5 23 2 10
3 0 4 5 12 13 40
3 0 4 5 1 24 92
3 0 4 4 18 8 144
3 0 4 4 7 19 173
3 0 4 3 24 3 160
3 0 4 3 13 14 30
3 0 4 3 2 25 126
3 0 4 2 19 9 188
3 0 4 2 8 20 101
3 0 4 1 25 4 141
3 0 4 1 14 15 62
3 0 4 1 3 26 42
3 0 4 0 20 10 134
3 0 4 0 9 21 197
3 0 3 26 5 0 79
3 0 3 25 0 6 44
3 0 3 24 6 1 195
3 0 3 23 1 7 152
3 0 3 22 7 2 63
3 0 3 21 2 8 112
3 0 3 20 8 3 89
3 0 3 19 3 9 178
3 0 3 18 9 4 86
3 0 3 17 4 10 10
3 0 3 16 10 5 3
3 0 3 15 16 0 85
3 0 3 15 5 11 17
3 0 3 14 11 6 150
3 0 3 14 0 17 44
3 0 3 13 17 1 71
3 0 3 13 6 12 80
3 0 3 12 12 7 150
3 0 3 12 1 18 87
3 0 3 11 18 2 74
3 0 3 11 7 13 107
3 0 3 10 13 8 72
3 0 3 10 2 19 186
3 0 3 9 19 3 69
3 0 3 9 8 14 193
3 0 3 8 14 9 188
3 0 3 8 3 20 126
3 0 3 7 20 4 85
3 0 3 7 9 15 109
3 0 3 6 15 10 96
3 0 3 6 4 21 195
3 0 3 5 21 5 28
3 0 3 5 10 16 146
3 0 3 4 27 0 30
3 0 3 4 16 11 32
3 0 3 4 5 22 1
3 0 3 3 22 6 173
3 0 3 3 11 17 34
3 0 3 3 0 28 86
3 0 3 2 28 1 8
3 0 3 2 17 12 67
3 0 3 2 6 23 14
3 0 3 1 23 7 81
3 0 3 1 12 18 78
3 0 3 1 1 29 14
3 0 3 0 29 2 60
3 0 3 0 18 13 118
3 0 3 0 7 24 63
3 0 2 30 1 1 102
3 0 2 28 2 2 51
3 0 2 26 3 3 52
3 0 2 24 4 4 11
3 0 2 22 5 5 108
3 0 2 21 11 0 87
3 0 2 21 0 11 48
3 0 2 20 6 6 166
3 0 2 19 12 1 80
3 0 2 19 1 12 106
3 0 2 18 7 7 39
3 0 2 17 13 2 148
3 0 2 17 2 13 144
3 0 2 16 8 8 57
3 0 2 15 14 3 136
3 0 2 15 3 14 12
3 0 2 14 9 9 84
3 0 2 13 15 4 123
3 0 2 13 4 15 124
3 0 2 12 10 10 74
3 0 2 11 16 5 14
3 0 2 11 5 16 153
3 0 2 10 22 0 95
3 0 2 10 11 11 35
3 0 2 10 0 22 139
3 0 2 9 17 6 24
3 0 2 9 6 17 112
3 0 2 8 23 1 20
3 0 2 8 12 12 137
3 0 2 8 1 23 143
3 0 2 7 18 7 169
3 0 2 7 7 18 197
3 0 2 6 24 2 194
3 0 2 6 13 13 78
3 0 2 6 2 24 149
3 0 2 5 19 8 176
3 0 2 5 8 19 39
3 0 2 4 25 3 142
3 0 2 4 14 14 31
3 0 2 4 3 25 188
3 0 2 3 20 9 40
3 0 2 3 9 20 147
3 0 2 2 26 4 146
3 0 2 2 15 15 169
3 0 2 2 4 26 169
3 0 2 1 21 10 148
3 0 2 1 10 21 28
3 0 2 0 27 5 191
3 0 2 0 16 16 15
3 0 2 0 5 27 30
3 0 1 28 0 5 123
3 0 1 27 6 0 14
3 0 1 26 1 6 10
3 0 1 25 7 1 35
3 0 1 24 2 7 22
3 0 1 23 8 2 133
3 0 1 22 3 8 30
3 0 1 21 9 3 8
3 0 1 20 4 9 38
3 0 1 19 10 4 114
3 0 1 18 5 10 46
3 0 1 17 0 16 38
3 0 1 16 17 0 33
3 0 1 16 6 11 35
3 0 1 15 12 6 165
3 0 1 15 1 17 2
3 0 1 14 18 1 72
3 0 1 14 7 12 155
3 0 1 13 13 7 124
3 0 1 13 2 18 48
3 0 1 12 19 2 147
3 0 1 12 8 13 66
3 0 1 11 14 8 9
3 0 1 11 3 19 157
3 0 1 10 20 3 61
3 0 1 10 9 14 158
3 0 1 9 15 9 29
3 0 1 9 4 20 92
3 0 1 8 21 4 14
3 0 1 8 10 15 123
3 0 1 7 16 10 130
3 0 1 7 5 21 47
3 0 1 6 22 5 42
3 0 1 6 11 16 93
3 0 1 6 0 27 3
3 0 1 5 28 0 43
3 0 1 5 17 11 197
3 0 1 5 6 22 47
3 0 1 4 23 6 118
3 0 1 4 12 17 170
3 0 1 4 1 28 151
3 0 1 3 29 1 195
3 0 1 3 18 12 10
3 0 1 3 7 23 107
3 0 1 2 24 7 124
3 0 1 2 13 18 146
3 0 1 2 2 29 160
3 0 1 1 30 2 94
3 0 1 1 19 13 159
3 0 1 1 8 24 134
3 0 1 0 25 8 105
3 0 1 0 14 19 97
3 0 1 0 3 30 155
3 0 0 33 1 0 181
3 0 0 31 2 1 5
3 0 0 29 3 2 118
3 0 0 27 4 3 92
3 0 0 25 5 4 167
3 0 0 24 0 10 46
3 0 0 23 6 5 20
3 0 0 22 12 0 20
3 0 0 22 1 11 47
3 0 0 21 7 6 104
3 0 0 20 13 1 134
3 0 0 20 2 12 121
3 0 0 19 8 7 173
3 0 0 18 14 2 184
3 0 0 18 3 13 48
3 0 0 17 9 8 126
3 0 0 16 15 3 74
3 0 0 16 4 14 157
3 0 0 15 10 9 151
3 0 0 14 16 4 43
3 0 0 14 5 15 41
3 0 0 13 11 10 19
3 0 0 13 0 21 178
3 0 0 12 17 5 143
3 0 0 12 6 16 89
3 0 0 11 23 0 52
3 0 0 11 12 11 55
3 0 0 11 1 22 15
3 0 0 10 18 6 65
3 0 0 10 7 17 152
3 0 0 9 24 1 145
3 0 0 9 13 12 53
3 0 0 9 2 23 41
3 0 0 8 19 7 112
3 0 0 8 8 18 123
3 0 0 7 25 2 184
3 0 0 7 14 13 43
3 0 0 7 3 24 134
3 0 0 6 20 8 82
3 0 0 6 9 19 46
3 0 0 5 26 3 62
3 0 0 5 15 14 76
3 0 0 5 4 25 163
3 0 0 4 21 9 81
3 0 0 4 10 20 196
3 0 0 3 27 4 118
3 0 0 3 16 15 152
3 0 0 3 5 26 96
3 0 0 2 22 10 61
3 0 0 2 11 21 9
3 0 0 2 0 32 23
3 0 0 1 28 5 7
3 0 0 1 17 16 119
3 0 0 1 6 27 188
3 0 0 0 34 0 181
3 0 0 0 23 11 196
3 0 0 0 12 22 45
3 0 0 0 1 33 160
4 33 0 0 0 1 160
4 32 0 0 2 0 23
4 31 1 1 0 1 126
4 30 3 0 1 0 121
4 30 1 1 2 0 79
4 30 0 1 0 3 155
4 29 2 2 0 1 103
4 29 2 0 1 2 186
4 29 0 5 0 0 59
4 29 0 3 1 1 14
4 29 0 1 2 2 160
4 28 6 0 0 0 119
4 28 4 1 1 0 123
4 28 2 2 2 0 195
4 28 2 0 3 1 104
4 28 1 2 0 3 74
4 28 1 0 1 4 35
4 28 0 3 3 0 86
4 28 0 1 4 1 151
4 27 5 0 0 2 168
4 27 3 3 0 1 69
4 27 3 1 1 2 178
4 27 2 0 5 0 177
4 27 1 6 0 0 198
4 27 1 4 1 1 44
4 27 1 2 2 2 43
4 27 1 0 3 3 148
4 27 0 2 0 5 30
4 27 0 1 6 0 3
4 27 0 0 1 6 188
4 26 7 1 0 0 77
4 26 5 2 1 0 106
4 26 5 0 2 1 172
4 26 4 0 0 4 178
4 26 3 3 2 0 125
4 26 3 1 3 1 110
4 26 2 3 0 3 3
4 26 2 1 1 4 120
4 26 1 4 3 0 11
4 26 1 2 4 1 181
4 26 1 0 5 2 165
4 26 0 6 0 2 1
4 26 0 4 1 3 42
4 26 0 2 2 4 169
4 26 0 0 3 5 96
4 25 6 1 0 2 82
4 25 5 0 4 0 183
4 25 4 4 0 1 13
4 25 4 2 1 2 2
4 25 4 0 2 3 33
4 25 3 1 5 0 3
4 25 3 0 0 6 20
4 25 2 7 0 0 104
4 25 2 5 1 1 82
4 25 2 3 2 2 55
4 25 2 1 3 3 93
4 25 1 3 0 5 13
4 25 1 2 6 0 106
4 25 1 1 1 6 163
4 25 1 0 7 1 76
4 25 0 8 1 0 86
4 25 0 6 2 1 118
4 25 0 4 3 2 126
4 25 0 2 4 3 188
4 25 0 0 5 4 163
4 24 8 2 0 0 139
4 24 8 0 1 1 44
4 24 6 3 1 0 146
4 24 6 1 2 1 71
4 24 5 1 0 4 2
4 24 4 4 2 0 127
4 24 4 2 3 1 124
4 24 4 0 4 2 76
4 24 3 4 0 3 127
4 24 3 2 1 4 195
4 24 3 0 2 5 81
4 24 2 5 3 0 139
4 24 2 3 4 1 166
4 24 2 1 5 2 72
4 24 2 0 0 8 17
4 24 1 7 0 2 188
4 24 1 5 1 3 106
4 24 1 3 2 4 6
4 24 1 1 3 5 186
4 24 1 0 9 0 71
4 24 0 6 4 0 107
4 24 0 4 5 1 92
4 24 0 3 0 7 63
4 24 0 2 6 2 149
4 24 0 1 1 8 134
4 24 0 0 7 3 134
4 23 8 0 3 0 161
4 23 7 2 0 2 13
4 23 7 0 1 3 156
4 23 6 1 4 0 140
4 23 5 5 0 1 186
4 23 5 3 1 2 84
4 23 5 1 2 3 91
4 23 4 2 5 0 131
4 23 4 1 0 6 177
4 23 4 0 6 1 96
4 23 3 8 0 0 59
4 23 3 6 1 1 119
4 23 3 4 2 2 69
4 23 3 2 3 3 184
4 23 3 0 4 4 21
4 23 2 4 0 5 98
4 23 2 3 6 0 7
4 23 2 2 1 6 34
4 23 2 1 7 1 81
4 23 2 0 2 7 154
4 23 1 9 1 0 63
4 23 1 7 2 1 163
4 23 1 5 3 2 117
4 23 1 3 4 3 75
4 23 1 1 5 4 121
4 23 1 0 0 10 111
4 23 0 7 0 4 65
4 23 0 5 1 5 21
4 23 0 4 7 0 39
4 23 0 3 2 6 14
4 23 0 2 8 1 143
4 23 0 1 3 7 107
4 23 0 0 9 2 41
4 22 11 0 0 1 198
4 22 9 3 0 0 40
4 22 9 1 1 1 106
4 22 7 4 1 0 116
4 22 7 2 2 1 115
4 22 7 0 3 2 189
4 22 6 2 0 4 47
4 22 6 0 1 5 78
4 22 5 5 2 0 166
4 22 5 3 3 1 113
4 22 5 1 4 2 197
4 22 4 5 0 3 162
4 22 4 3 1 4 135
4 22 4 1 2 5 126
4 22 4 0 8 0 16
4 22 3 6 3 0 55
4 22 3 4 4 1 25
4 22 3 2 5 2 78
4 22 3 1 0 8 35
4 22 3 0 6 3 193
4 22 2 8 0 2 6
4 22 2 6 1 3 46
4 22 2 4 2 4 80
4 22 2 2 3 5 182
4 22 2 1 9 0 71
4 22 2 0 4 6 167
4 22 1 5 5 1 60
4 22 1 4 0 7 166
4 22 1 3 6 2 52
4 22 1 2 1 8 102
4 22 1 1 7 3 43
4 22 1 0 2 9 152
4 22 0 11 0 1 141
4 22 0 9 1 2 194
4 22 0 7 2 3 195
4 22 0 5 3 4 63
4 22 0 3 4 5 1
4 22 0 2 10 0 139
4 22 0 1 5 6 47
4 22 0 0 11 1 15
4 22 0 0 0 12 45
4 21 11 0 2 0 23
4 21 10 0 0 3 96
4 21 9 1 3 0 122
4 21 8 3 0 2 178
4 21 8 1 1 3 197
4 21 7 2 4 0 152
4 21 7 0 5 1 26
4 21 6 6 0 1 111
4 21 6 4 1 2 7
4 21 6 2 2 3 136
4 21 6 0 3 4 4
4 21 5 3 5 0 61
4 21 5 2 0 6 197
4 21 5 1 6 1 108
4 21 5 0 1 7 97
4 21 4 9 0 0 172
4 21 4 7 1 1 177
4 21 4 5 2 2 149
4 21 4 3 3 3 162
4 21 4 1 4 4 53
4 21 3 5 0 5 123
4 21 3 4 6 0 43
4 21 3 3 1 6 149
4 21 3 2 7 1 29
4 21 3 1 2 7 157
4 21 3 0 8 2 31
4 21 2 10 1 0 16
4 21 2 8 2 1 34
4 21 2 6 3 2 164
4 21 2 4 4 3 148
4 21 2 2 5 4 187
4 21 2 1 0 10 176
4 21 2 0 6 5 90
4 21 1 8 0 4 69
4 21 1 6 1 5 179
4 21 1 5 7 0 140
4 21 1 4 2 6 180
4 21 1 3 8 1 82
4 21 1 2 3 7 192
4 21 1 1 9 2 128
4 21 1 0 4 8 77
4 21 0 11 2 0 162
4 21 0 9 3 1 113
4 21 0 7 4 2 67
4 21 0 5 5 3 100
4 21 0 4 0 9 197
4 21 0 3 6 4 195
4 21 0 2 1 10 28
4 21 0 1 7 5 47
4 21 0 0 13 0 178
4 21 0 0 2 11 9
4 20 12 1 0 1 45
4 20 10 4 0 0 69
4 20 10 2 1 1 55
4 20 10 0 2 2 176
4 20 9 0 0 5 101
4 20 8 5 1 0 198
4 20 8 3 2 1 120
4 20 8 1 3 2 11
4 20 7 3 0 4 62
4 20 7 1 1 5 46
4 20 7 0 7 0 85
4 20 6 6 2 0 114
4 20 6 4 3 1 187
4 20 6 2 4 2 91
4 20 6 0 5 3 134
4 20 5 6 0 3 25
4 20 5 4 1 4 148
4 20 5 2 2 5 183
4 20 5 1 8 0 10
4 20 5 0 3 6 13
4 20 4 7 3 0 186
4 20 4 5 4 1 134
4 20 4 3 5 2 185
4 20 4 2 0 8 13
4 20 4 1 6 3 189
4 20 4 0 1 9 190
4 20 3 9 0 2 53
4 20 3 7 1 3 171
4 20 3 5 2 4 130
4 20 3 3 3 5 33
4 20 3 2 9 0 66
4 20 3 1 4 6 179
4 20 3 0 10 1 140
4 20 2 8 4 0 168
4 20 2 6 5 1 21
4 20 2 5 0 7 43
4 20 2 4 6 2 6
4 20 2 3 1 8 162
4 20 2 2 7 3 138
4 20 2 1 2 9 47
4 20 2 0 8 4 100
4 20 1 12 0 1 105
4 20 1 10 1 2 178
4 20 1 8 2 3 176
4 20 1 6 3 4 1
4 20 1 4 4 5 17
4 20 1 3 10 0 99
4 20 1 2 5 6 68
4 20 1 1 11 1 56
4 20 1 1 0 12 149
4 20 1 0 6 7 82
4 20 0 9 5 0 52
4 20 0 8 0 6 73
4 20 0 7 6 1 86
4 20 0 6 1 7 21
4 20 0 5 7 2 139
4 20 0 4 2 8 101
4 20 0 3 8 3 126
4 20 0 2 3 9 147
4 20 0 1 9 4 92
4 20 0 0 4 10 196
4 19 14 0 1 0 130
4 19 12 1 2 0 32
4 19 11 1 0 3 86
4 19 10 2 3 0 54
4 19 10 0 4 1 155
4 19 9 4 0 2 73
4 19 9 2 1 3 26
4 19 9 0 2 4 118
4 19 8 3 4 0 191
4 19 8 1 5 1 144
4 19 8 0 0 7 7
4 19 7 7 0 1 100
4 19 7 5 1 2 161
4 19 7 3 2 3 159
4 19 7 1 3 4 9
4 19 6 4 5 0 60
4 19 6 3 0 6 131
4 19 6 2 6 1 1
4 19 6 1 1 7 112
4 19 6 0 7 2 53
4 19 5 10 0 0 43
4 19 5 8 1 1 63
4 19 5 6 2 2 39
4 19 5 4 3 3 117
4 19 5 2 4 4 9
4 19 5 0 5 5 97
4 19 4 6 0 5 76
4 19 4 5 6 0 52
4 19 4 4 1 6 46
4 19 4 3 7 1 142
4 19 4 2 2 7 189
4 19 4 1 8 2 59
4 19 4 0 3 8 106
4 19 3 11 1 0 81
4 19 3 9 2 1 186
4 19 3 7 3 2 10
4 19 3 5 4 3 80
4 19 3 3 5 4 81
4 19 3 2 0 10 162
4 19 3 1 6 5 29
4 19 3 0 12 0 85
4 19 3 0 1 11 26
4 19 2 9 0 4 59
4 19 2 7 1 5 89
4 19 2 6 7 0 131
4 19 2 5 2 6 15
4 19 2 4 8 1 141
4 19 2 3 3 7 175
4 19 2 2 9 2 179
4 19 2 1 4 8 187
4 19 2 0 10 3 119
4 19 1 12 2 0 84
4 19 1 10 3 1 16
4 19 1 8 4 2 160
4 19 1 6 5 3 73
4 19 1 5 0 9 171
4 19 1 4 6 4 60
4 19 1 3 1 10 66
4 19 1 2 7 5 68
4 19 1 1 13 0 74
4 19 1 1 2 11 167
4 19 1 0 8 6 114
4 19 0 12 0 3 124
4 19 0 10 1 4 71
4 19 0 8 2 5 176
4 19 0 7 8 0 37
4 19 0 6 3 6 53
4 19 0 5 9 1 102
4 19 0 4 4 7 173
4 19 0 3 10 2 186
4 19 0 2 5 8 39
4 19 0 1 11 3 157
4 19 0 1 0 14 97
4 19 0 0 6 9 46
4 18 13 2 0 1 191
4 18 13 0 1 2 156
4 18 11 5 0 0 148
4 18 11 3 1 1 54
4 18 11 1 2 2 85
4 18 10 1 0 5 60
4 18 10 0 6 0 22
4 18 9 6 1 0 148
4 18 9 4 2 1 100
4 18 9 2 3 2 98
4 18 9 0 4 3 178
4 18 8 4 0 4 134
4 18 8 2 1 5 141
4 18 8 1 7 0 31
4 18 8 0 2 6 92
4 18 7 7 2 0 191
4 18 7 5 3 1 126
4 18 7 3 4 2 149
4 18 7 1 5 3 146
4 18 7 0 0 9 141
4 18 6 7 0 3 128
4 18 6 5 1 4 68
4 18 6 3 2 5 20
4 18 6 2 8 0 41
4 18 6 1 3 6 126
4 18 6 0 9 1 176
4 18 5 8 3 0 122
4 18 5 6 4 1 135
4 18 5 4 5 2 187
4 18 5 3 0 8 168
4 18 5 2 6 3 178
4 18 5 1 1 9 54
4 18 5 0 7 4 157
4 18 4 10 0 2 42
4 18 4 8 1 3 42
4 18 4 6 2 4 56
4 18 4 4 3 5 127
4 18 4 3 9 0 174
4 18 4 2 4 6 163
4 18 4 1 10 1 145
4 18 4 0 5 7 26
4 18 3 9 4 0 185
4 18 3 7 5 1 64
4 18 3 6 0 7 80
4 18 3 5 6 2 69
4 18 3 4 1 8 80
4 18 3 3 7 3 101
4 18 3 2 2 9 174
4 18 3 1 8 4 45
4 18 3 0 3 10 99
4 18 2 13 0 1 96
4 18 2 11 1 2 78
4 18 2 9 2 3 3
4 18 2 7 3 4 37
4 18 2 5 4 5 152
4 18 2 4 10 0 15
4 18 2 3 5 6 71
4 18 2 2 11 1 90
4 18 2 2 0 12 14
4 18 2 1 6 7 193
4 18 2 0 12 2 115
4 18 2 0 1 13 55
4 18 1 10 5 0 151
4 18 1 9 0 6 86
4 18 1 8 6 1 102
4 18 1 7 1 7 72
4 18 1 6 7 2 98
4 18 1 5 2 8 57
4 18 1 4 8 3 145
4 18 1 3 3 9 182
4 18 1 2 9 4 122
4 18 1 1 4 10 41
4 18 1 0 10 5 30
4 18 0 16 0 0 31
4 18 0 14 1 1 127
4 18 0 10 3 3 25
4 18 0 8 4 4 10
4 18 0 6 5 5 128
4 18 0 5 11 0 66
4 18 0 5 0 11 62
4 18 0 4 6 6 120
4 18 0 3 12 1 87
4 18 0 3 1 12 78
4 18 0 2 7 7 197
4 18 0 1 13 2 48
4 18 0 1 2 13 146
4 18 0 0 8 8 123
4 17 17 0 0 0 100
4 17 15 1 1 0 148
4 17 13 2 2 0 56
4 17 13 0 3 1 115
4 17 12 2 0 3 184
4 17 12 0 1 4 78
4 17 11 3 3 0 110
4 17 11 1 4 1 21
4 17 10 5 0 2 100
4 17 10 3 1 3 150
4 17 10 1 2 4 148
4 17 9 4 4 0 102
4 17 9 2 5 1 173
4 17 9 1 0 7 138
4 17 9 0 6 2 82
4 17 8 8 0 1 80
4 17 8 6 1 2 180
4 17 8 4 2 3 65
4 17 8 2 3 4 122
4 17 8 0 4 5 76
4 17 7 5 5 0 97
4 17 7 4 0 6 90
4 17 7 3 6 1 167
4 17 7 2 1 7 129
4 17 7 1 7 2 75
4 17 7 0 2 8 168
4 17 6 11 0 0 42
4 17 6 9 1 1 77
4 17 6 7 2 2 68
4 17 6 5 3 3 76
4 17 6 3 4 4 114
4 17 6 1 5 5 169
4 17 6 0 11 0 37
4 17 6 0 0 11 113
4 17 5 7 0 5 170
4 17 5 6 6 0 88
4 17 5 5 1 6 58
4 17 5 4 7 1 142
4 17 5 3 2 7 8
4 17 5 2 8 2 121
4 17 5 1 3 8 87
4 17 5 0 9 3 182
4 17 4 12 1 0 83
4 17 4 10 2 1 106
4 17 4 8 3 2 182
4 17 4 6 4 3 62
4 17 4 4 5 4 86
4 17 4 3 0 10 113
4 17 4 2 6 5 51
4 17 4 1 12 0 169
4 17 4 1 1 11 115
4 17 4 0 7 6 151
4 17 3 10 0 4 43
4 17 3 8 1 5 48
4 17 3 7 7 0 135
4 17 3 6 2 6 161
4 17 3 5 8 1 116
4 17 3 4 3 7 144
4 17 3 3 9 2 180
4 17 3 2 4 8 130
4 17 3 1 10 3 13
4 17 3 0 5 9 116
4 17 2 13 2 0 192
4 17 2 11 3 1 76
4 17 2 9 4 2 13
4 17 2 7 5 3 48
4 17 2 6 0 9 78
4 17 2 5 6 4 26
4 17 2 4 1 10 97
4 17 2 3 7 5 121
4 17 2 2 13 0 161
4 17 2 2 2 11 115
4 17 2 1 8 6 119
4 17 2 0 14 1 105
4 17 2 0 3 12 167
4 17 1 13 0 3 143
4 17 1 11 1 4 33
4 17 1 9 2 5 129
4 17 1 8 8 0 11
4 17 1 7 3 6 41
4 17 1 6 9 1 38
4 17 1 5 4 7 57
4 17 1 4 10 2 32
4 17 1 3 5 8 149
4 17 1 2 11 3 95
4 17 1 2 0 14 127
4 17 1 1 6 9 18
4 17 1 0 12 4 159
4 17 1 0 1 15 148
4 17 0 14 3 0 35
4 17 0 12 4 1 37
4 17 0 10 5 2 134
4 17 0 9 0 8 113
4 17 0 8 6 3 114
4 17 0 7 1 9 134
4 17 0 6 7 4 49
4 17 0 5 2 10 113
4 17 0 4 8 5 136
4 17 0 3 14 0 44
4 17 0 3 3 11 34
4 17 0 2 9 6 112
4 17 0 1 15 1 2
4 17 0 1 4 12 170
4 17 0 0 10 7 152
4 16 16 0 0 2 152
4 16 14 3 0 1 53
4 16 14 1 1 2 70
4 16 13 0 5 0 42
4 16 12 6 0 0 50
4 16 12 4 1 1 110
4 16 12 2 2 2 140
4 16 12 0 3 3 52
4 16 11 2 0 5 119
4 16 11 1 6 0 113
4 16 11 0 1 6 161
4 16 10 7 1 0 56
4 16 10 5 2 1 140
4 16 10 3 3 2 81
4 16 10 1 4 3 13
4 16 9 5 0 4 47
4 16 9 3 1 5 96
4 16 9 2 7 0 141
4 16 9 1 2 6 98
4 16 9 0 8 1 40
4 16 8 8 2 0 121
4 16 8 6 3 1 174
4 16 8 4 4 2 190
4 16 8 2 5 3 176
4 16 8 1 0 9 54
4 16 8 0 6 4 105
4 16 7 8 0 3 177
4 16 7 6 1 4 129
4 16 7 4 2 5 88
4 16 7 3 8 0 1
4 16 7 2 3 6 85
4 16 7 1 9 1 97
4 16 7 0 4 7 194
4 16 6 9 3 0 34
4 16 6 7 4 1 48
4 16 6 5 5 2 92
4 16 6 4 0 8 169
4 16 6 3 6 3 47
4 16 6 2 1 9 110
4 16 6 1 7 4 152
4 16 6 0 2 10 61
4 16 5 11 0 2 38
4 16 5 9 1 3 161
4 16 5 7 2 4 49
4 16 5 5 3 5 100
4 16 5 4 9 0 197
4 16 5 3 4 6 94
4 16 5 2 10 1 193
4 16 5 1 5 7 142
4 16 5 0 11 2 68
4 16 5 0 0 13 39
4 16 4 10 4 0 87
4 16 4 8 5 1 138
4 16 4 7 0 7 58
4 16 4 6 6 2 103
4 16 4 5 1 8 33
4 16 4 4 7 3 165
4 16 4 3 2 9 27
4 16 4 2 8 4 51
4 16 4 1 3 10 131
4 16 4 0 9 5 159
4 16 3 14 0 1 37
4 16 3 12 1 2 43
4 16 3 10 2 3 182
4 16 3 8 3 4 101
4 16 3 6 4 5 68
4 16 3 5 10 0 142
4 16 3 4 5 6 77
4 16 3 3 11 1 45
4 16 3 3 0 12 51
4 16 3 2 6 7 122
4 16 3 1 12 2 68
4 16 3 1 1 13 104
4 16 3 0 7 8 198
4 16 2 11 5 0 124
4 16 2 10 0 6 113
4 16 2 9 6 1 109
4 16 2 8 1 7 15
4 16 2 7 7 2 81
4 16 2 6 2 8 78
4 16 2 5 8 3 73
4 16 2 4 3 9 39
4 16 2 3 9 4 41
4 16 2 2 4 10 24
4 16 2 1 10 5 44
4 16 2 0 16 0 65
4 16 2 0 5 11 34
4 16 1 17 0 0 32
4 16 1 15 1 1 31
4 16 1 13 2 2 43
4 16 1 11 3 3 144
4 16 1 9 4 4 143
4 16 1 7 5 5 67
4 16 1 6 11 0 94
4 16 1 6 0 11 98
4 16 1 5 6 6 123
4 16 1 4 12 1 86
4 16 1 4 1 12 191
4 16 1 3 7 7 115
4 16 1 2 13 2 105
4 16 1 2 2 13 31
4 16 1 1 8 8 189
4 16 1 0 14 3 42
4 16 1 0 3 14 51
4 16 0 13 0 5 171
4 16 0 12 6 0 63
4 16 0 11 1 6 63
4 16 0 10 7 1 135
4 16 0 9 2 7 105
4 16 0 8 8 2 8
4 16 0 7 3 8 72
4 16 0 6 9 3 48
4 16 0 5 4 9 131
4 16 0 4 10 4 2
4 16 0 3 5 10 146
4 16 0 2 11 5 153
4 16 0 2 0 16 15
4 16 0 1 17 0 38
4 16 0 1 6 11 93
4 16 0 0 12 6 89
4 16 0 0 1 17 119
4 15 18 1 0 0 165
4 15 16 2 1 0 128
4 15 16 0 2 1 109
4 15 15 0 0 4 35
4 15 14 3 2 0 97
4 15 14 1 3 1 151
4 15 13 3 0 3 183
4 15 13 1 1 4 49
4 15 12 4 3 0 165
4 15 12 2 4 1 126
4 15 12 0 5 2 36
4 15 11 6 0 2 52
4 15 11 4 1 3 83
4 15 11 2 2 4 25
4 15 11 0 3 5 105
4 15 10 5 4 0 152
4 15 10 3 5 1 184
4 15 10 2 0 7 188
4 15 10 1 6 2 6
4 15 10 0 1 8 114
4 15 9 9 0 1 162
4 15 9 7 1 2 32
4 15 9 5 2 3 170
4 15 9 3 3 4 86
4 15 9 1 4 5 21
4 15 9 0 10 0 42
4 15 8 6 5 0 77
4 15 8 5 0 6 148
4 15 8 4 6 1 139
4 15 8 3 1 7 137
4 15 8 2 7 2 104
4 15 8 1 2 8 114
4 15 8 0 8 3 3
4 15 7 12 0 0 34
4 15 7 10 1 1 124
4 15 7 8 2 2 80
4 15 7 6 3 3 2
4 15 7 4 4 4 136
4 15 7 2 5 5 133
4 15 7 1 11 0 136
4 15 7 1 0 11 123
4 15 7 0 6 6 95
4 15 6 8 0 5 100
4 15 6 7 6 0 95
4 15 6 6 1 6 19
4 15 6 5 7 1 50
4 15 6 4 2 7 78
4 15 6 3 8 2 195
4 15 6 2 3 8 122
4 15 6 1 9 3 150
4 15 6 0 4 9 151
4 15 5 13 1 0 99
4 15 5 11 2 1 126
4 15 5 9 3 2 44
4 15 5 7 4 3 76
4 15 5 5 5 4 125
4 15 5 4 0 10 30
4 15 5 3 6 5 135
4 15 5 2 12 0 66
4 15 5 2 1 11 171
4 15 5 1 7 6 69
4 15 5 0 13 1 76
4 15 5 0 2 12 180
4 15 4 11 0 4 27
4 15 4 9 1 5 107
4 15 4 8 7 0 122
4 15 4 7 2 6 153
4 15 4 6 8 1 111
4 15 4 5 3 7 120
4 15 4 4 9 2 130
4 15 4 3 4 8 165
4 15 4 2 10 3 108
4 15 4 1 5 9 85
4 15 4 0 11 4 48
4 15 4 0 0 15 156
4 15 3 14 2 0 62
4 15 3 12 3 1 22
4 15 3 10 4 2 24
4 15 3 8 5 3 13
4 15 3 7 0 9 118
4 15 3 6 6 4 38
4 15 3 5 1 10 73
4 15 3 4 7 5 46
4 15 3 3 13 0 114
4 15 3 3 2 11 56
4 15 3 2 8 6 32
4 15 3 1 14 1 195
4 15 3 0 9 7 39
4 15 2 14 0 3 55
4 15 2 12 1 4 120
4 15 2 10 2 5 133
4 15 2 9 8 0 188
4 15 2 8 3 6 18
4 15 2 7 9 1 57
4 15 2 6 4 7 27
4 15 2 5 10 2 187
4 15 2 4 5 8 55
4 15 2 3 11 3 11
4 15 2 3 0 14 184
4 15 2 2 6 9 74
4 15 2 1 12 4 131
4 15 2 1 1 15 116
4 15 2 0 7 10 95
4 15 1 15 3 0 96
4 15 1 13 4 1 50
4 15 1 11 5 2 91
4 15 1 10 0 8 154
4 15 1 9 6 3 4
4 15 1 8 1 9 172
4 15 1 7 7 4 164
4 15 1 6 2 10 85
4 15 1 5 8 5 127
4 15 1 4 14 0 165
4 15 1 4 3 11 13
4 15 1 3 9 6 166
4 15 1 2 15 1 138
4 15 1 2 4 12 49
4 15 1 1 10 7 171
4 15 1 0 5 13 70
4 15 0 17 0 2 193
4 15 0 15 1 3 133
4 15 0 13 2 4 125
4 15 0 11 3 5 97
4 15 0 10 9 0 8
4 15 0 9 4 6 12
4 15 0 8 10 1 47
4 15 0 7 5 7 30
4 15 0 6 11 2 50
4 15 0 6 0 13 20
4 15 0 5 6 8 165
4 15 0 4 12 3 135
4 15 0 4 1 14 62
4 15 0 3 7 9 109
4 15 0 2 13 4 124
4 15 0 2 2 15 169
4 15 0 1 8 10 123
4 15 0 0 14 5 41
4 15 0 0 3 16 152
4 14 17 1 0 2 25
4 14 16 0 4 0 32
4 14 15 4 0 1 37
4 14 15 2 1 2 95
4 14 15 0 2 3 159
4 14 14 1 5 0 134
4 14 14 0 0 6 8
4 14 13 7 0 0 90
4 14 13 5 1 1 78
4 14 13 3 2 2 56
4 14 13 1 3 3 91
4 14 12 3 0 5 165
4 14 12 2 6 0 133
4 14 12 1 1 6 148
4 14 12 0 7 1 79
4 14 11 8 1 0 174
4 14 11 6 2 1 28
4 14 11 4 3 2 128
4 14 11 2 4 3 47
4 14 11 0 5 4 56
4 14 10 6 0 4 60
4 14 10 4 1 5 112
4 14 10 3 7 0 39
4 14 10 2 2 6 14
4 14 10 1 8 1 23
4 14 10 0 3 7 117
4 14 9 9 2 0 86
4 14 9 7 3 1 154
4 14 9 5 4 2 48
4 14 9 3 5 3 183
4 14 9 2 0 9 183
4 14 9 1 6 4 120
4 14 9 0 1 10 25
4 14 8 9 0 3 103
4 14 8 7 1 4 56
4 14 8 5 2 5 23
4 14 8 4 8 0 39
4 14 8 3 3 6 149
4 14 8 2 9 1 55
4 14 8 1 4 7 141
4 14 8 0 10 2 38
4 14 7 10 3 0 139
4 14 7 8 4 1 84
4 14 7 6 5 2 190
4 14 7 5 0 8 115
4 14 7 4 6 3 32
4 14 7 3 1 9 16
4 14 7 2 7 4 84
4 14 7 1 2 10 67
4 14 7 0 8 5 63
4 14 6 12 0 2 30
4 14 6 10 1 3 189
4 14 6 8 2 4 49
4 14 6 6 3 5 93
4 14 6 5 9 0 17
4 14 6 4 4 6 10
4 14 6 3 10 1 177
4 14 6 2 5 7 189
4 14 6 1 11 2 114
4 14 6 1 0 13 158
4 14 5 11 4 0 77
4 14 5 9 5 1 26
4 14 5 8 0 7 105
4 14 5 7 6 2 5
4 14 5 6 1 8 75
4 14 5 5 7 3 19
4 14 5 4 2 9 161
4 14 5 3 8 4 42
4 14 5 2 3 10 148
4 14 5 1 9 5 143
4 14 5 0 15 0 142
4 14 5 0 4 11 151
4 14 4 15 0 1 146
4 14 4 13 1 2 170
4 14 4 11 2 3 56
4 14 4 9 3 4 41
4 14 4 7 4 5 103
4 14 4 6 10 0 185
4 14 4 5 5 6 32
4 14 4 4 11 1 47
4 14 4 4 0 12 149
4 14 4 3 6 7 191
4 14 4 2 12 2 46
4 14 4 2 1 13 38
4 14 4 1 7 8 90
4 14 4 0 13 3 180
4 14 4 0 2 14 56
4 14 3 12 5 0 31
4 14 3 11 0 6 89
4 14 3 10 6 1 77
4 14 3 9 1 7 125
4 14 3 8 7 2 110
4 14 3 7 2 8 151
4 14 3 6 8 3 191
4 14 3 5 3 9 37
4 14 3 4 9 4 14
4 14 3 3 4 10 116
4 14 3 2 10 5 45
4 14 3 1 16 0 98
4 14 3 1 5 11 117
4 14 3 0 11 6 121
4 14 3 0 0 17 188
4 14 2 18 0 0 47
4 14 2 16 1 1 119
4 14 2 14 2 2 11
4 14 2 12 3 3 12
4 14 2 10 4 4 159
4 14 2 8 5 5 12
4 14 2 7 11 0 92
4 14 2 7 0 11 152
4 14 2 6 6 6 82
4 14 2 5 12 1 168
4 14 2 5 1 12 146
4 14 2 4 7 7 106
4 14 2 3 13 2 178
4 14 2 3 2 13 133
4 14 2 2 8 8 11
4 14 2 1 14 3 30
4 14 2 1 3 14 184
4 14 2 0 9 9 122
4 14 1 14 0 5 106
4 14 1 13 6 0 16
4 14 1 12 1 6 12
4 14 1 11 7 1 178
4 14 1 10 2 7 80
4 14 1 9 8 2 114
4 14 1 8 3 8 176
4 14 1 7 9 3 145
4 14 1 6 4 9 194
4 14 1 5 10 4 168
4 14 1 4 5 10 119
4 14 1 3 11 5 78
4 14 1 3 0 16 166
4 14 1 2 17 0 174
4 14 1 2 6 11 17
4 14 1 1 12 6 56
4 14 1 1 1 17 84
4 14 1 0 18 1 28
4 14 1 0 7 12 128
4 14 0 19 1 0 32
4 14 0 17 2 1 13
4 14 0 15 3 2 97
4 14 0 13 4 3 82
4 14 0 11 5 4 92
4 14 0 10 0 10 13
4 14 0 9 6 5 187
4 14 0 8 12 0 194
4 14 0 8 1 11 93
4 14 0 7 7 6 98
4 14 0 6 13 1 54
4 14 0 6 2 12 63
4 14 0 5 8 7 26
4 14 0 4 14 2 197
4 14 0 4 3 13 30
4 14 0 3 9 8 193
4 14 0 2 15 3 12
4 14 0 2 4 14 31
4 14 0 1 10 9 158
4 14 0 0 16 4 157
4 14 0 0 5 15 76
4 13 19 2 0 0 169
4 13 19 0 1 1 178
4 13 17 3 1 0 40
4 13 17 1 2 1 173
4 13 16 1 0 4 128
4 13 15 4 2 0 75
4 13 15 2 3 1 128
4 13 15 0 4 2 25
4 13 14 4 0 3 121
4 13 14 2 1 4 195
4 13 14 0 2 5 91
4 13 13 5 3 0 163
4 13 13 3 4 1 15
4 13 13 1 5 2 183
4 13 13 0 0 8 92
4 13 12 7 0 2 88
4 13 12 5 1 3 60
4 13 12 3 2 4 26
4 13 12 1 3 5 195
4 13 12 0 9 0 94
4 13 11 6 4 0 180
4 13 11 4 5 1 142
4 13 11 3 0 7 129
4 13 11 2 6 2 38
4 13 11 1 1 8 151
4 13 11 0 7 3 52
4 13 10 10 0 1 22
4 13 10 8 1 2 101
4 13 10 6 2 3 70
4 13 10 4 3 4 106
4 13 10 2 4 5 183
4 13 10 1 10 0 154
4 13 10 0 5 6 196
4 13 9 7 5 0 180
4 13 9 6 0 6 79
4 13 9 5 6 1 41
4 13 9 4 1 7 108
4 13 9 3 7 2 23
4 13 9 2 2 8 58
4 13 9 1 8 3 96
4 13 9 0 3 9 27
4 13 8 13 0 0 83
4 13 8 11 1 1 67
4 13 8 9 2 2 144
4 13 8 7 3 3 143
4 13 8 5 4 4 121
4 13 8 3 5 5 190
4 13 8 2 11 0 184
4 13 8 2 0 11 192
4 13 8 1 6 6 63
4 13 8 0 12 1 128
4 13 8 0 1 12 3
4 13 7 9 0 5 51
4 13 7 8 6 0 88
4 13 7 7 1 6 41
4 13 7 6 7 1 185
4 13 7 5 2 7 114
4 13 7 4 8 2 95
4 13 7 3 3 8 154
4 13 7 2 9 3 78
4 13 7 1 4 9 107
4 13 7 0 10 4 98
4 13 6 14 1 0 142
4 13 6 12 2 1 25
4 13 6 10 3 2 41
4 13 6 8 4 3 180
4 13 6 6 5 4 126
4 13 6 5 0 10 114
4 13 6 4 6 5 170
4 13 6 3 12 0 43
4 13 6 3 1 11 25
4 13 6 2 7 6 62
4 13 6 1 13 1 178
4 13 6 1 2 12 107
4 13 6 0 8 7 1
4 13 5 12 0 4 42
4 13 5 10 1 5 10
4 13 5 9 7 0 101
4 13 5 8 2 6 8
4 13 5 7 8 1 74
4 13 5 6 3 7 77
4 13 5 5 9 2 17
4 13 5 4 4 8 182
4 13 5 3 10 3 140
4 13 5 2 5 9 33
4 13 5 1 11 4 34
4 13 5 1 0 15 193
4 13 5 0 6 10 64
4 13 4 15 2 0 93
4 13 4 13 3 1 17
4 13 4 11 4 2 92
4 13 4 9 5 3 117
4 13 4 8 0 9 32
4 13 4 7 6 4 146
4 13 4 6 1 10 158
4 13 4 5 7 5 50
4 13 4 4 13 0 189
4 13 4 4 2 11 89
4 13 4 3 8 6 91
4 13 4 2 14 1 121
4 13 4 2 3 12 65
4 13 4 1 9 7 153
4 13 4 0 15 2 186
4 13 4 0 4 13 39
4 13 3 15 0 3 147
4 13 3 13 1 4 110
4 13 3 11 2 5 58
4 13 3 10 8 0 186
4 13 3 9 3 6 168
4 13 3 8 9 1 78
4 13 3 7 4 7 25
4 13 3 6 10 2 110
4 13 3 5 5 8 190
4 13 3 4 11 3 38
4 13 3 4 0 14 71
4 13 3 3 6 9 130
4 13 3 2 12 4 62
4 13 3 2 1 15 140
4 13 3 1 7 10 195
4 13 3 0 13 5 142
4 13 3 0 2 16 185
4 13 2 16 3 0 152
4 13 2 14 4 1 71
4 13 2 12 5 2 18
4 13 2 11 0 8 60
4 13 2 10 6 3 27
4 13 2 9 1 9 106
4 13 2 8 7 4 62
4 13 2 7 2 10 128
4 13 2 6 8 5 174
4 13 2 5 14 0 81
4 13 2 5 3 11 105
4 13 2 4 9 6 194
4 13 2 3 15 1 5
4 13 2 3 4 12 93
4 13 2 2 10 7 118
4 13 2 1 16 2 145
4 13 2 1 5 13 153
4 13 2 0 11 8 157
4 13 2 0 0 19 105
4 13 1 18 0 2 158
4 13 1 16 1 3 7
4 13 1 14 2 4 96
4 13 1 12 3 5 144
4 13 1 11 9 0 145
4 13 1 10 4 6 170
4 13 1 9 10 1 133
4 13 1 8 5 7 121
4 13 1 7 11 2 4
4 13 1 7 0 13 74
4 13 1 6 6 8 181
4 13 1 5 12 3 174
4 13 1 5 1 14 52
4 13 1 4 7 9 192
4 13 1 3 13 4 58
4 13 1 3 2 15 24
4 13 1 2 8 10 198
4 13 1 1 14 5 138
4 13 1 1 3 16 179
4 13 1 0 20 0 123
4 13 1 0 9 11 8
4 13 0 17 4 0 32
4 13 0 15 5 1 2
4 13 0 14 0 7 176
4 13 0 13 6 2 182
4 13 0 12 1 8 28
4 13 0 11 7 3 198
4 13 0 10 2 9 96
4 13 0 9 8 4 189
4 13 0 8 3 10 135
4 13 0 7 9 5 99
4 13 0 6 15 0 127
4 13 0 6 4 11 83
4 13 0 5 10 6 175
4 13 0 4 16 1 24
4 13 0 4 5 12 40
4 13 0 3 11 7 107
4 13 0 3 0 18 118
4 13 0 2 17 2 144
4 13 0 2 6 13 78
4 13 0 1 12 8 66
4 13 0 1 1 19 159
4 13 0 0 18 3 48
4 13 0 0 7 14 43
4 12 19 0 3 0 93
4 12 18 2 0 2 151
4 12 18 0 1 3 85
4 12 17 1 4 0 164
4 12 16 5 0 1 144
4 12 16 3 1 2 17
4 12 16 1 2 3 169
4 12 15 2 5 0 34
4 12 15 1 0 6 122
4 12 15 0 6 1 157
4 12 14 8 0 0 55
4 12 14 6 1 1 113
4 12 14 4 2 2 54
4 12 14 2 3 3 143
4 12 14 0 4 4 162
4 12 13 4 0 5 134
4 12 13 3 6 0 43
4 12 13 2 1 6 6
4 12 13 1 7 1 8
4 12 13 0 2 7 65
4 12 12 9 1 0 26
4 12 12 7 2 1 30
4 12 12 5 3 2 145
4 12 12 3 4 3 30
4 12 12 1 5 4 114
4 12 12 0 0 10 187
4 12 11 7 0 4 174
4 12 11 5 1 5 82
4 12 11 4 7 0 105
4 12 11 3 2 6 92
4 12 11 2 8 1 159
4 12 11 1 3 7 191
4 12 11 0 9 2 32
4 12 10 10 2 0 70
4 12 10 8 3 1 70
4 12 10 6 4 2 118
4 12 10 4 5 3 129
4 12 10 3 0 9 185
4 12 10 2 6 4 20
4 12 10 1 1 10 16
4 12 10 0 7 5 9
4 12 9 10 0 3 33
4 12 9 8 1 4 111
4 12 9 6 2 5 191
4 12 9 5 8 0 22
4 12 9 4 3 6 174
4 12 9 3 9 1 109
4 12 9 2 4 7 186
4 12 9 1 10 2 42
4 12 9 0 5 8 150
4 12 8 11 3 0 127
4 12 8 9 4 1 126
4 12 8 7 5 2 32
4 12 8 6 0 8 111
4 12 8 5 6 3 123
4 12 8 4 1 9 194
4 12 8 3 7 4 21
4 12 8 2 2 10 80
4 12 8 1 8 5 64
4 12 8 0 14 0 45
4 12 8 0 3 11 39
4 12 7 13 0 2 189
4 12 7 11 1 3 84
4 12 7 9 2 4 74
4 12 7 7 3 5 42
4 12 7 6 9 0 17
4 12 7 5 4 6 41
4 12 7 4 10 1 48
4 12 7 3 5 7 10
4 12 7 2 11 2 124
4 12 7 2 0 13 122
4 12 7 1 6 8 83
4 12 7 0 12 3 85
4 12 7 0 1 14 19
4 12 6 12 4 0 75
4 12 6 10 5 1 6
4 12 6 9 0 7 86
4 12 6 8 6 2 60
4 12 6 7 1 8 33
4 12 6 6 7 3 43
4 12 6 5 2 9 17
4 12 6 4 8 4 109
4 12 6 3 3 10 81
4 12 6 2 9 5 32
4 12 6 1 15 0 11
4 12 6 1 4 11 110
4 12 6 0 10 6 70
4 12 5 16 0 1 174
4 12 5 14 1 2 168
4 12 5 12 2 3 17
4 12 5 10 3 4 145
4 12 5 8 4 5 119
4 12 5 7 10 0 43
4 12 5 6 5 6 148
4 12 5 5 11 1 66
4 12 5 5 0 12 102
4 12 5 4 6 7 100
4 12 5 3 12 2 106
4 12 5 3 1 13 26
4 12 5 2 7 8 116
4 12 5 1 13 3 191
4 12 5 1 2 14 179
4 12 5 0 8 9 190
4 12 4 13 5 0 157
4 12 4 12 0 6 44
4 12 4 11 6 1 88
4 12 4 10 1 7 129
4 12 4 9 7 2 91
4 12 4 8 2 8 193
4 12 4 7 8 3 37
4 12 4 6 3 9 140
4 12 4 5 9 4 16
4 12 4 4 4 10 166
4 12 4 3 10 5 185
4 12 4 2 16 0 112
4 12 4 2 5 11 85
4 12 4 1 11 6 59
4 12 4 1 0 17 105
4 12 4 0 17 1 89
4 12 4 0 6 12 13
4 12 3 19 0 0 113
4 12 3 17 1 1 118
4 12 3 15 2 2 170
4 12 3 13 3 3 30
4 12 3 11 4 4 179
4 12 3 9 5 5 169
4 12 3 8 11 0 131
4 12 3 8 0 11 170
4 12 3 7 6 6 63
4 12 3 6 12 1 168
4 12 3 6 1 12 76
4 12 3 5 7 7 33
4 12 3 4 13 2 1
4 12 3 4 2 13 114
4 12 3 3 8 8 183
4 12 3 2 14 3 4
4 12 3 2 3 14 99
4 12 3 1 9 9 157
4 12 3 0 15 4 154
4 12 3 0 4 15 164
4 12 2 15 0 5 176
4 12 2 14 6 0 155
4 12 2 13 1 6 172
4 12 2 12 7 1 20
4 12 2 11 2 7 124
4 12 2 10 8 2 9
4 12 2 9 3 8 127
4 12 2 8 9 3 80
4 12 2 7 4 9 71
4 12 2 6 10 4 97
4 12 2 5 5 10 42
4 12 2 4 11 5 108
4 12 2 4 0 16 67
4 12 2 3 17 0 48
4 12 2 3 6 11 48
4 12 2 2 12 6 106
4 12 2 2 1 17 24
4 12 2 1 18 1 15
4 12 2 1 7 12 69
4 12 2 0 13 7 17
4 12 2 0 2 18 191
4 12 1 20 1 0 21
4 12 1 18 2 1 47
4 12 1 16 3 2 182
4 12 1 14 4 3 144
4 12 1 12 5 4 150
4 12 1 11 0 10 171
4 12 1 10 6 5 188
4 12 1 9 12 0 156
4 12 1 9 1 11 186
4 12 1 8 7 6 190
4 12 1 7 13 1 150
4 12 1 7 2 12 36
4 12 1 6 8 7 111
4 12 1 5 14 2 195
4 12 1 5 3 13 116
4 12 1 4 9 8 140
4 12 1 3 15 3 144
4 12 1 3 4 14 196
4 12 1 2 10 9 25
4 12 1 1 16 4 7
4 12 1 1 5 15 74
4 12 1 0 11 10 21
4 12 1 0 0 21 74
4 12 0 18 0 4 43
4 12 0 16 1 5 144
4 12 0 15 7 0 92
4 12 0 14 2 6 2
4 12 0 13 8 1 143
4 12 0 12 3 7 179
4 12 0 11 9 2 7
4 12 0 10 4 8 67
4 12 0 9 10 3 181
4 12 0 8 5 9 69
4 12 0 7 11 4 69
4 12 0 7 0 15 161
4 12 0 6 6 10 62
4 12 0 5 12 5 134
4 12 0 5 1 16 149
4 12 0 4 18 0 193
4 12 0 4 7 11 164
4 12 0 3 13 6 80
4 12 0 3 2 17 67
4 12 0 2 19 1 106
4 12 0 2 8 12 137
4 12 0 1 14 7 155
4 12 0 1 3 18 10
4 12 0 0 20 2 121
4 12 0 0 9 13 53
4 11 22 0 0 1 40
4 11 20 3 0 0 129
4 11 20 1 1 1 64
4 11 18 4 1 0 147
4 11 18 2 2 1 50
4 11 18 0 3 2 179
4 11 17 2 0 4 28
4 11 17 0 1 5 86
4 11 16 5 2 0 54
4 11 16 3 3 1 11
4 11 16 1 4 2 38
4 11 15 5 0 3 67
4 11 15 3 1 4 93
4 11 15 1 2 5 37
4 11 15 0 8 0 145
4 11 14 6 3 0 48
4 11 14 4 4 1 198
4 11 14 2 5 2 175
4 11 14 1 0 8 135
4 11 14 0 6 3 112
4 11 13 8 0 2 111
4 11 13 6 1 3 81
4 11 13 4 2 4 158
4 11 13 2 3 5 154
4 11 13 1 9 0 24
4 11 13 0 4 6 58
4 11 12 7 4 0 162
4 11 12 5 5 1 49
4 11 12 4 0 7 27
4 11 12 3 6 2 105
4 11 12 2 1 8 60
4 11 12 1 7 3 71
4 11 12 0 2 9 135
4 11 11 11 0 1 78
4 11 11 9 1 2 16
4 11 11 7 2 3 166
4 11 11 5 3 4 110
4 11 11 3 4 5 91
4 11 11 2 10 0 6
4 11 11 1 5 6 160
4 11 11 0 11 1 182
4 11 11 0 0 12 121
4 11 10 8 5 0 158
4 11 10 7 0 6 55
4 11 10 6 6 1 63
4 11 10 5 1 7 15
4 11 10 4 7 2 180
4 11 10 3 2 8 90
4 11 10 2 8 3 111
4 11 10 1 3 9 40
4 11 10 0 9 4 79
4 11 9 14 0 0 87
4 11 9 12 1 1 139
4 11 9 10 2 2 81
4 11 9 6 4 4 185
4 11 9 4 5 5 83
4 11 9 3 11 0 96
4 11 9 3 0 11 125
4 11 9 2 6 6 27
4 11 9 1 12 1 7
4 11 9 1 1 12 9
4 11 9 0 7 7 34
4 11 8 10 0 5 38
4 11 8 9 6 0 77
4 11 8 8 1 6 181
4 11 8 7 7 1 174
4 11 8 6 2 7 107
4 11 8 5 8 2 67
4 11 8 4 3 8 48
4 11 8 3 9 3 60
4 11 8 2 4 9 171
4 11 8 1 10 4 46
4 11 8 0 5 10 106
4 11 7 15 1 0 80
4 11 7 13 2 1 130
4 11 7 11 3 2 124
4 11 7 9 4 3 169
4 11 7 7 5 4 48
4 11 7 6 0 10 18
4 11 7 5 6 5 133
4 11 7 4 12 0 140
4 11 7 4 1 11 41
4 11 7 3 7 6 79
4 11 7 2 13 1 17
4 11 7 2 2 12 15
4 11 7 1 8 7 9
4 11 7 0 14 2 87
4 11 7 0 3 13 129
4 11 6 13 0 4 121
4 11 6 11 1 5 98
4 11 6 10 7 0 187
4 11 6 9 2 6 173
4 11 6 8 8 1 83
4 11 6 7 3 7 146
4 11 6 6 9 2 172
4 11 6 5 4 8 134
4 11 6 4 10 3 59
4 11 6 3 5 9 1
4 11 6 2 11 4 38
4 11 6 2 0 15 9
4 11 6 1 6 10 155
4 11 6 0 12 5 181
4 11 6 0 1 16 115
4 11 5 16 2 0 57
4 11 5 14 3 1 36
4 11 5 12 4 2 151
4 11 5 10 5 3 52
4 11 5 9 0 9 159
4 11 5 8 6 4 150
4 11 5 7 1 10 16
4 11 5 6 7 5 106
4 11 5 5 13 0 98
4 11 5 5 2 11 153
4 11 5 4 8 6 26
4 11 5 3 14 1 152
4 11 5 3 3 12 141
4 11 5 2 9 7 142
4 11 5 1 15 2 42
4 11 5 1 4 13 69
4 11 5 0 10 8 19
4 11 4 16 0 3 151
4 11 4 14 1 4 171
4 11 4 12 2 5 20
4 11 4 11 8 0 106
4 11 4 10 3 6 91
4 11 4 9 9 1 49
4 11 4 8 4 7 192
4 11 4 7 10 2 27
4 11 4 6 5 8 82
4 11 4 5 11 3 3
4 11 4 5 0 14 25
4 11 4 4 6 9 132
4 11 4 3 12 4 5
4 11 4 3 1 15 20
4 11 4 2 7 10 38
4 11 4 1 13 5 75
4 11 4 1 2 16 31
4 11 4 0 19 0 110
4 11 4 0 8 11 40
4 11 3 17 3 0 29
4 11 3 15 4 1 172
4 11 3 13 5 2 53
4 11 3 12 0 8 195
4 11 3 11 6 3 176
4 11 3 10 1 9 172
4 11 3 9 7 4 63
4 11 3 7 8 5 36
4 11 3 6 14 0 50
4 11 3 6 3 11 151
4 11 3 5 9 6 56
4 11 3 4 15 1 177
4 11 3 4 4 12 145
4 11 3 3 10 7 174
4 11 3 2 16 2 168
4 11 3 2 5 13 184
4 11 3 1 11 8 23
4 11 3 1 0 19 86
4 11 3 0 17 3 85
4 11 3 0 6 14 127
4 11 2 19 0 2 122
4 11 2 17 1 3 116
4 11 2 15 2 4 136
4 11 2 13 3 5 27
4 11 2 12 9 0 5
4 11 2 11 4 6 55
4 11 2 10 10 1 20
4 11 2 9 5 7 187
4 11 2 8 11 2 124
4 11 2 8 0 13 133
4 11 2 7 6 8 11
4 11 2 6 12 3 103
4 11 2 6 1 14 168
4 11 2 5 7 9 57
4 11 2 4 13 4 50
4 11 2 4 2 15 92
4 11 2 3 8 10 188
4 11 2 2 14 5 80
4 11 2 2 3 16 69
4 11 2 1 20 0 171
4 11 2 1 9 11 124
4 11 2 0 15 6 23
4 11 2 0 4 17 63
4 11 1 18 4 0 17
4 11 1 16 5 1 167
4 11 1 15 0 7 158
4 11 1 14 6 2 135
4 11 1 13 1 8 101
4 11 1 12 7 3 162
4 11 1 11 2 9 186
4 11 1 10 8 4 64
4 11 1 9 3 10 184
4 11 1 8 9 5 32
4 11 1 7 15 0 62
4 11 1 7 4 11 30
4 11 1 6 10 6 78
4 11 1 5 16 1 28
4 11 1 5 5 12 26
4 11 1 4 11 7 32
4 11 1 4 0 18 145
4 11 1 3 17 2 43
4 11 1 3 6 13 3
4 11 1 2 12 8 59
4 11 1 2 1 19 17
4 11 1 1 18 3 158
4 11 1 1 7 14 167
4 11 1 0 13 9 193
4 11 1 0 2 20 124
4 11 0 22 0 1 16
4 11 0 20 1 2 101
4 11 0 18 2 3 54
4 11 0 16 3 4 88
4 11 0 14 4 5 141
4 11 0 13 10 0 70
4 11 0 12 5 6 35
4 11 0 11 11 1 107
4 11 0 11 0 12 120
4 11 0 10 6 7 7
4 11 0 9 12 2 51
4 11 0 9 1 13 121
4 11 0 8 7 8 27
4 11 0 7 13 3 160
4 11 0 7 2 14 198
4 11 0 6 8 9 66
4 11 0 5 14 4 165
4 11 0 5 3 15 165
4 11 0 4 9 10 11
4 11 0 3 15 5 17
4 11 0 3 4 16 32
4 11 0 2 21 0 48
4 11 0 2 10 11 35
4 11 0 1 16 6 35
4 11 0 1 5 17 197
4 11 0 0 22 1 47
4 11 0 0 11 12 55
4 11 0 0 0 23 196
4 10 22 0 2 0 32
4 10 21 0 0 3 50
4 10 20 1 3 0 129
4 10 19 3 0 2 90
4 10 19 1 1 3 151
4 10 18 2 4 0 101
4 10 18 0 5 1 76
4 10 17 6 0 1 31
4 10 17 4 1 2 3
4 10 17 2 2 3 62
4 10 17 0 3 4 67
4 10 16 3 5 0 95
4 10 16 2 0 6 34
4 10 16 1 6 1 12
4 10 16 0 1 7 161
4 10 15 9 0 0 183
4 10 15 7 1 1 64
4 10 15 5 2 2 71
4 10 15 3 3 3 8
4 10 15 1 4 4 127
4 10 14 5 0 5 105
4 10 14 4 6 0 35
4 10 14 3 1 6 30
4 10 14 2 7 1 51
4 10 14 1 2 7 144
4 10 14 0 8 2 121
4 10 13 10 1 0 91
4 10 13 8 2 1 1
4 10 13 6 3 2 113
4 10 13 4 4 3 131
4 10 13 2 5 4 34
4 10 13 1 0 10 144
4 10 13 0 6 5 154
4 10 12 8 0 4 41
4 10 12 6 1 5 66
4 10 12 5 7 0 41
4 10 12 4 2 6 145
4 10 12 3 8 1 7
4 10 12 2 3 7 89
4 10 12 1 9 2 41
4 10 12 0 4 8 143
4 10 11 11 2 0 41
4 10 11 9 3 1 171
4 10 11 7 4 2 90
4 10 11 5 5 3 90
4 10 11 4 0 9 94
4 10 11 3 6 4 177
4 10 11 2 1 10 132
4 10 11 1 7 5 97
4 10 11 0 13 0 108
4 10 11 0 2 11 145
4 10 10 11 0 3 177
4 10 10 9 1 4 88
4 10 10 7 2 5 194
4 10 10 6 8 0 181
4 10 10 5 3 6 118
4 10 10 4 9 1 151
4 10 10 3 4 7 136
4 10 10 2 10 2 195
4 10 10 1 5 8 10
4 10 10 0 11 3 29
4 10 10 0 0 14 138
4 10 9 12 3 0 88
4 10 9 10 4 1 72
4 10 9 8 5 2 135
4 10 9 7 0 8 197
4 10 9 6 6 3 23
4 10 9 5 1 9 84
4 10 9 4 7 4 152
4 10 9 3 2 10 124
4 10 9 2 8 5 159
4 10 9 1 14 0 15
4 10 9 1 3 11 182
4 10 9 0 9 6 56
4 10 8 14 0 2 55
4 10 8 12 1 3 130
4 10 8 10 2 4 127
4 10 8 8 3 5 175
4 10 8 7 9 0 76
4 10 8 6 4 6 88
4 10 8 5 10 1 157
4 10 8 4 5 7 101
4 10 8 3 11 2 100
4 10 8 3 0 13 93
4 10 8 2 6 8 118
4 10 8 1 12 3 177
4 10 8 1 1 14 142
4 10 8 0 7 9 148
4 10 7 13 4 0 74
4 10 7 11 5 1 115
4 10 7 10 0 7 66
4 10 7 9 6 2 169
4 10 7 8 1 8 84
4 10 7 7 7 3 72
4 10 7 6 2 9 110
4 10 7 5 8 4 184
4 10 7 4 3 10 101
4 10 7 3 9 5 76
4 10 7 2 15 0 53
4 10 7 2 4 11 6
4 10 7 1 10 6 51
4 10 7 0 16 1 171
4 10 7 0 5 12 93
4 10 6 17 0 1 56
4 10 6 15 1 2 67
4 10 6 13 2 3 73
4 10 6 11 3 4 171
4 10 6 9 4 5 144
4 10 6 8 10 0 53
4 10 6 7 5 6 84
4 10 6 6 11 1 110
4 10 6 6 0 12 65
4 10 6 5 6 7 3
4 10 6 4 12 2 111
4 10 6 4 1 13 63
4 10 6 3 7 8 72
4 10 6 2 13 3 113
4 10 6 2 2 14 7
4 10 6 1 8 9 154
4 10 6 0 14 4 2
4 10 6 0 3 15 149
4 10 5 14 5 0 21
4 10 5 13 0 6 158
4 10 5 12 6 1 2
4 10 5 11 1 7 91
4 10 5 10 7 2 5
4 10 5 9 2 8 132
4 10 5 8 8 3 13
4 10 5 7 3 9 170
4 10 5 6 9 4 196
4 10 5 5 4 10 138
4 10 5 4 10 5 72
4 10 5 3 16 0 137
4 10 5 3 5 11 41
4 10 5 2 11 6 143
4 10 5 2 0 17 32
4 10 5 1 17 1 88
4 10 5 1 6 12 87
4 10 5 0 12 7 18
4 10 5 0 1 18 123
4 10 4 20 0 0 64
4 10 4 18 1 1 161
4 10 4 16 2 2 116
4 10 4 14 3 3 99
4 10 4 12 4 4 33
4 10 4 10 5 5 110
4 10 4 9 11 0 128
4 10 4 9 0 11 196
4 10 4 8 6 6 36
4 10 4 7 12 1 66
4 10 4 7 1 12 60
4 10 4 6 7 7 168
4 10 4 5 13 2 187
4 10 4 5 2 13 2
4 10 4 4 8 8 87
4 10 4 3 14 3 181
4 10 4 3 3 14 10
4 10 4 2 9 9 47
4 10 4 1 15 4 19
4 10 4 1 4 15 193
4 10 4 0 10 10 177
4 10 3 16 0 5 125
4 10 3 15 6 0 29
4 10 3 14 1 6 26
4 10 3 13 7 1 62
4 10 3 12 2 7 149
4 10 3 11 8 2 58
4 10 3 10 3 8 195
4 10 3 9 9 3 143
4 10 3 8 4 9 172
4 10 3 7 10 4 149
4 10 3 6 5 10 22
4 10 3 5 11 5 47
4 10 3 5 0 16 57
4 10 3 4 17 0 35
4 10 3 4 6 11 150
4 10 3 3 12 6 197
4 10 3 3 1 17 191
4 10 3 2 18 1 69
4 10 3 2 7 12 188
4 10 3 1 13 7 84
4 10 3 1 2 18 132
4 10 3 0 19 2 165
4 10 3 0 8 13 130
4 10 2 21 1 0 140
4 10 2 19 2 1 140
4 10 2 17 3 2 52
4 10 2 15 4 3 105
4 10 2 13 5 4 171
4 10 2 12 0 10 156
4 10 2 11 6 5 23
4 10 2 10 12 0 133
4 10 2 10 1 11 128
4 10 2 9 7 6 45
4 10 2 8 13 1 79
4 10 2 8 2 12 98
4 10 2 7 8 7 15
4 10 2 6 14 2 145
4 10 2 6 3 13 122
4 10 2 5 9 8 87
4 10 2 4 15 3 50
4 10 2 4 4 14 186
4 10 2 3 10 9 164
4 10 2 2 16 4 75
4 10 2 2 5 15 178
4 10 2 1 11 10 20
4 10 2 1 0 21 178
4 10 2 0 17 5 118
4 10 2 0 6 16 129
4 10 1 19 0 4 188
4 10 1 17 1 5 129
4 10 1 16 7 0 11
4 10 1 15 2 6 187
4 10 1 14 8 1 82
4 10 1 13 3 7 158
4 10 1 12 9 2 35
4 10 1 11 4 8 41
4 10 1 10 10 3 59
4 10 1 9 5 9 191
4 10 1 8 11 4 48
4 10 1 8 0 15 169
4 10 1 7 6 10 169
4 10 1 6 12 5 26
4 10 1 6 1 16 79
4 10 1 5 18 0 7
4 10 1 5 7 11 97
4 10 1 4 13 6 38
4 10 1 4 2 17 48
4 10 1 3 19 1 28
4 10 1 3 8 12 157
4 10 1 2 14 7 60
4 10 1 2 3 18 118
4 10 1 1 20 2 93
4 10 1 1 9 13 86
4 10 1 0 15 8 76
4 10 1 0 4 19 109
4 10 0 22 2 0 31
4 10 0 20 3 1 59
4 10 0 18 4 2 52
4 10 0 16 5 3 25
4 10 0 15 0 9 147
4 10 0 14 6 4 97
4 10 0 13 1 10 177
4 10 0 12 7 5 22
4 10 0 11 13 0 125
4 10 0 11 2 11 88
4 10 0 10 8 6 77
4 10 0 9 14 1 180
4 10 0 9 3 12 177
4 10 0 8 9 7 113
4 10 0 7 15 2 84
4 10 0 7 4 13 186
4 10 0 6 10 8 140
4 10 0 5 16 3 78
4 10 0 5 5 14 30
4 10 0 4 11 9 140
4 10 0 4 0 20 134
4 10 0 3 17 4 10
4 10 0 3 6 15 96
4 10 0 2 12 10 74
4 10 0 2 1 21 148
4 10 0 1 18 5 46
4 10 0 1 7 16 130
4 10 0 0 24 0 46
4 10 0 0 13 11 19
4 10 0 0 2 22 61
4 9 23 1 0 1 93
4 9 21 4 0 0 46
4 9 21 2 1 1 48
4 9 21 0 2 2 5
4 9 20 0 0 5 141
4 9 19 5 1 0 74
4 9 19 3 2 1 105
4 9 19 1 3 2 177
4 9 18 3 0 4 52
4 9 18 1 1 5 39
4 9 18 0 7 0 66
4 9 17 6 2 0 80
4 9 17 4 3 1 82
4 9 17 2 4 2 103
4 9 17 0 5 3 35
4 9 16 6 0 3 102
4 9 16 4 1 4 94
4 9 16 2 2 5 40
4 9 16 1 8 0 157
4 9 16 0 3 6 175
4 9 15 7 3 0 167
4 9 15 5 4 1 11
4 9 15 3 5 2 132
4 9 15 2 0 8 176
4 9 15 1 6 3 111
4 9 15 0 1 9 115
4 9 14 9 0 2 18
4 9 14 7 1 3 109
4 9 14 5 2 4 115
4 9 14 3 3 5 61
4 9 14 2 9 0 35
4 9 14 1 4 6 49
4 9 14 0 10 1 161
4 9 13 8 4 0 144
4 9 13 6 5 1 110
4 9 13 5 0 7 121
4 9 13 4 6 2 78
4 9 13 3 1 8 112
4 9 13 2 7 3 60
4 9 13 1 2 9 55
4 9 13 0 8 4 138
4 9 12 12 0 1 28
4 9 12 10 1 2 84
4 9 12 8 2 3 196
4 9 12 6 3 4 30
4 9 12 4 4 5 162
4 9 12 3 10 0 156
4 9 12 2 5 6 82
4 9 12 1 11 1 135
4 9 12 1 0 12 183
4 9 12 0 6 7 81
4 9 11 9 5 0 54
4 9 11 8 0 6 130
4 9 11 7 6 1 65
4 9 11 5 7 2 7
4 9 11 4 2 8 40
4 9 11 3 8 3 131
4 9 11 2 3 9 82
4 9 11 1 9 4 192
4 9 11 0 4 10 43
4 9 10 15 0 0 137
4 9 10 13 1 1 30
4 9 10 11 2 2 105
4 9 10 9 3 3 38
4 9 10 7 4 4 107
4 9 10 5 5 5 31
4 9 10 4 11 0 153
4 9 10 4 0 11 104
4 9 10 3 6 6 105
4 9 10 2 12 1 162
4 9 10 2 1 12 150
4 9 10 1 7 7 116
4 9 10 0 13 2 105
4 9 10 0 2 13 26
4 9 9 11 0 5 11
4 9 9 10 6 0 182
4 9 9 9 1 6 49
4 9 9 8 7 1 197
4 9 9 7 2 7 14
4 9 9 6 8 2 73
4 9 9 5 3 8 92
4 9 9 4 9 3 34
4 9 9 3 4 9 27
4 9 9 2 10 4 74
4 9 9 1 5 10 116
4 9 9 0 11 5 73
4 9 9 0 0 16 98
4 9 8 16 1 0 11
4 9 8 14 2 1 31
4 9 8 12 3 2 153
4 9 8 10 4 3 69
4 9 8 8 5 4 159
4 9 8 7 0 10 137
4 9 8 6 6 5 149
4 9 8 5 12 0 157
4 9 8 5 1 11 132
4 9 8 4 7 6 109
4 9 8 3 13 1 77
4 9 8 3 2 12 144
4 9 8 2 8 7 128
4 9 8 1 14 2 122
4 9 8 1 3 13 178
4 9 8 0 9 8 46
4 9 7 14 0 4 65
4 9 7 12 1 5 67
4 9 7 11 7 0 143
4 9 7 10 2 6 60
4 9 7 9 8 1 195
4 9 7 8 3 7 22
4 9 7 7 9 2 157
4 9 7 6 4 8 98
4 9 7 5 10 3 49
4 9 7 4 5 9 188
4 9 7 3 11 4 94
4 9 7 3 0 15 140
4 9 7 2 6 10 39
4 9 7 1 12 5 197
4 9 7 1 1 16 110
4 9 7 0 18 0 30
4 9 7 0 7 11 187
4 9 6 17 2 0 155
4 9 6 15 3 1 18
4 9 6 13 4 2 154
4 9 6 11 5 3 19
4 9 6 10 0 9 94
4 9 6 9 6 4 183
4 9 6 8 1 10 54
4 9 6 7 7 5 112
4 9 6 6 13 0 7
4 9 6 6 2 11 81
4 9 6 5 8 6 74
4 9 6 4 14 1 153
4 9 6 4 3 12 5
4 9 6 3 9 7 61
4 9 6 2 15 2 121
4 9 6 2 4 13 115
4 9 6 1 10 8 59
4 9 6 0 16 3 78
4 9 6 0 5 14 62
4 9 5 17 0 3 115
4 9 5 15 1 4 97
4 9 5 13 2 5 6
4 9 5 12 8 0 35
4 9 5 11 3 6 36
4 9 5 10 9 1 161
4 9 5 9 4 7 127
4 9 5 8 10 2 168
4 9 5 7 5 8 70
4 9 5 6 11 3 73
4 9 5 6 0 14 134
4 9 5 5 6 9 194
4 9 5 4 12 4 194
4 9 5 4 1 15 82
4 9 5 3 7 10 55
4 9 5 2 13 5 20
4 9 5 2 2 16 90
4 9 5 1 19 0 161
4 9 5 1 8 11 192
4 9 5 0 14 6 95
4 9 5 0 3 17 11
4 9 4 18 3 0 191
4 9 4 16 4 1 84
4 9 4 14 5 2 7
4 9 4 13 0 8 42
4 9 4 12 6 3 82
4 9 4 11 1 9 45
4 9 4 10 7 4 108
4 9 4 9 2 10 133
4 9 4 8 8 5 26
4 9 4 7 14 0 37
4 9 4 7 3 11 71
4 9 4 6 9 6 17
4 9 4 5 15 1 148
4 9 4 5 4 12 122
4 9 4 4 10 7 88
4 9 4 3 16 2 35
4 9 4 3 5 13 64
4 9 4 2 11 8 114
4 9 4 1 17 3 133
4 9 4 1 6 14 163
4 9 4 0 12 9 62
4 9 4 0 1 20 197
4 9 3 20 0 2 167
4 9 3 18 1 3 48
4 9 3 16 2 4 103
4 9 3 14 3 5 67
4 9 3 13 9 0 187
4 9 3 12 4 6 90
4 9 3 11 10 1 144
4 9 3 10 5 7 109
4 9 3 9 11 2 68
4 9 3 9 0 13 160
4 9 3 8 6 8 147
4 9 3 7 12 3 129
4 9 3 7 1 14 184
4 9 3 6 7 9 161
4 9 3 5 13 4 38
4 9 3 5 2 15 116
4 9 3 4 8 10 193
4 9 3 3 14 5 191
4 9 3 3 3 16 68
4 9 3 2 20 0 93
4 9 3 2 9 11 164
4 9 3 1 15 6 32
4 9 3 1 4 17 58
4 9 3 0 21 1 40
4 9 3 0 10 12 123
4 9 2 19 4 0 56
4 9 2 17 5 1 144
4 9 2 16 0 7 89
4 9 2 15 6 2 114
4 9 2 14 1 8 107
4 9 2 13 7 3 83
4 9 2 12 2 9 5
4 9 2 11 8 4 21
4 9 2 10 3 10 25
4 9 2 9 9 5 155
4 9 2 8 15 0 180
4 9 2 8 4 11 113
4 9 2 7 10 6 85
4 9 2 6 16 1 119
4 9 2 6 5 12 50
4 9 2 5 11 7 118
4 9 2 5 0 18 51
4 9 2 4 17 2 96
4 9 2 4 6 13 101
4 9 2 3 12 8 69
4 9 2 3 1 19 65
4 9 2 2 18 3 192
4 9 2 2 7 14 49
4 9 2 1 13 9 108
4 9 2 1 2 20 109
4 9 2 0 19 4 109
4 9 2 0 8 15 171
4 9 1 23 0 1 169
4 9 1 21 1 2 196
4 9 1 19 2 3 26
4 9 1 17 3 4 115
4 9 1 15 4 5 44
4 9 1 14 10 0 45
4 9 1 13 5 6 129
4 9 1 12 11 1 42
4 9 1 12 0 12 102
4 9 1 11 6 7 171
4 9 1 10 12 2 154
4 9 1 10 1 13 140
4 9 1 9 7 8 170
4 9 1 8 13 3 56
4 9 1 8 2 14 1
4 9 1 7 8 9 58
4 9 1 6 14 4 124
4 9 1 6 3 15 182
4 9 1 5 9 10 6
4 9 1 4 15 5 133
4 9 1 4 4 16 160
4 9 1 3 21 0 84
4 9 1 3 10 11 122
4 9 1 2 16 6 137
4 9 1 2 5 17 134
4 9 1 1 22 1 67
4 9 1 1 11 12 56
4 9 1 1 0 23 143
4 9 1 0 17 7 178
4 9 1 0 6 18 96
4 9 0 20 5 0 162
4 9 0 19 0 6 67
4 9 0 18 6 1 52
4 9 0 17 1 7 148
4 9 0 16 7 2 53
4 9 0 15 2 8 95
4 9 0 14 8 3 44
4 9 0 13 3 9 11
4 9 0 12 9 4 62
4 9 0 11 4 10 143
4 9 0 10 10 5 147
4 9 0 9 16 0 198
4 9 0 9 5 11 52
4 9 0 8 11 6 70
4 9 0 8 0 17 96
4 9 0 7 17 1 39
4 9 0 7 6 12 170
4 9 0 6 12 7 72
4 9 0 6 1 18 112
4 9 0 5 18 2 27
4 9 0 5 7 13 43
4 9 0 4 13 8 172
4 9 0 4 2 19 188
4 9 0 3 19 3 178
4 9 0 3 8 14 188
4 9 0 2 14 9 84
4 9 0 2 3 20 40
4 9 0 1 20 4 38
4 9 0 1 9 15 29
4 9 0 0 15 10 151
4 9 0 0 4 21 81
4 8 25 0 1 0 92
4 8 23 1 2 0 90
4 8 22 1 0 3 107
4 8 21 2 3 0 193
4 8 21 0 4 1 94
4 8 20 4 0 2 124
4 8 20 2 1 3 56
4 8 20 0 2 4 62
4 8 19 3 4 0 71
4 8 19 1 5 1 82
4 8 19 0 0 7 135
4 8 18 7 0 1 133
4 8 18 5 1 2 191
4 8 18 3 2 3 1
4 8 18 1 3 4 184
4 8 17 4 5 0 80
4 8 17 3 0 6 129
4 8 17 2 6 1 155
4 8 17 1 1 7 138
4 8 17 0 7 2 59
4 8 16 10 0 0 108
4 8 16 8 1 1 159
4 8 16 6 2 2 162
4 8 16 4 3 3 17
4 8 16 2 4 4 163
4 8 16 0 5 5 68
4 8 15 6 0 5 119
4 8 15 5 6 0 142
4 8 15 4 1 6 178
4 8 15 3 7 1 187
4 8 15 2 2 7 110
4 8 15 1 8 2 168
4 8 15 0 3 8 57
4 8 14 11 1 0 123
4 8 14 9 2 1 132
4 8 14 7 3 2 194
4 8 14 5 4 3 24
4 8 14 3 5 4 46
4 8 14 2 0 10 47
4 8 14 1 6 5 40
4 8 14 0 12 0 123
4 8 14 0 1 11 94
4 8 13 9 0 4 110
4 8 13 7 1 5 61
4 8 13 6 7 0 171
4 8 13 5 2 6 100
4 8 13 4 8 1 94
4 8 13 3 3 7 25
4 8 13 2 9 2 24
4 8 13 1 4 8 160
4 8 13 0 10 3 56
4 8 12 12 2 0 105
4 8 12 10 3 1 75
4 8 12 8 4 2 57
4 8 12 6 5 3 174
4 8 12 5 0 9 8
4 8 12 4 6 4 84
4 8 12 3 1 10 35
4 8 12 2 7 5 37
4 8 12 1 13 0 115
4 8 12 1 2 11 136
4 8 12 0 8 6 153
4 8 11 12 0 3 107
4 8 11 10 1 4 191
4 8 11 8 2 5 48
4 8 11 7 8 0 145
4 8 11 6 3 6 41
4 8 11 5 9 1 24
4 8 11 4 4 7 44
4 8 11 3 10 2 147
4 8 11 2 5 8 117
4 8 11 1 11 3 11
4 8 11 1 0 14 196
4 8 11 0 6 9 67
4 8 10 13 3 0 118
4 8 10 11 4 1 70
4 8 10 9 5 2 30
4 8 10 8 0 8 65
4 8 10 7 6 3 34
4 8 10 6 1 9 74
4 8 10 5 7 4 181
4 8 10 4 2 10 193
4 8 10 3 8 5 27
4 8 10 2 14 0 142
4 8 10 2 3 11 196
4 8 10 1 9 6 194
4 8 10 0 15 1 185
4 8 10 0 4 12 74
4 8 9 15 0 2 57
4 8 9 13 1 3 90
4 8 9 11 2 4 71
4 8 9 9 3 5 50
4 8 9 8 9 0 39
4 8 9 7 4 6 16
4 8 9 6 10 1 27
4 8 9 5 5 7 122
4 8 9 4 11 2 83
4 8 9 4 0 13 121
4 8 9 3 6 8 45
4 8 9 2 12 3 178
4 8 9 2 1 14 176
4 8 9 1 7 9 84
4 8 9 0 13 4 68
4 8 9 0 2 15 89
4 8 8 14 4 0 29
4 8 8 12 5 1 122
4 8 8 11 0 7 33
4 8 8 10 6 2 47
4 8 8 9 1 8 27
4 8 8 8 7 3 185
4 8 8 7 2 9 131
4 8 8 6 8 4 168
4 8 8 5 3 10 145
4 8 8 4 9 5 85
4 8 8 3 15 0 143
4 8 8 3 4 11 42
4 8 8 2 10 6 145
4 8 8 1 16 1 122
4 8 8 1 5 12 183
4 8 8 0 11 7 113
4 8 8 0 0 18 18
4 8 7 18 0 1 166
4 8 7 16 1 2 51
4 8 7 14 2 3 84
4 8 7 12 3 4 122
4 8 7 10 4 5 102
4 8 7 9 10 0 161
4 8 7 8 5 6 74
4 8 7 7 11 1 87
4 8 7 7 0 12 9
4 8 7 6 6 7 12
4 8 7 5 12 2 132
4 8 7 5 1 13 153
4 8 7 4 7 8 119
4 8 7 3 13 3 15
4 8 7 3 2 14 139
4 8 7 2 8 9 177
4 8 7 1 14 4 10
4 8 7 1 3 15 35
4 8 7 0 9 10 126
4 8 6 15 5 0 174
4 8 6 14 0 6 6
4 8 6 13 6 1 31
4 8 6 12 1 7 27
4 8 6 11 7 2 63
4 8 6 10 2 8 191
4 8 6 9 8 3 33
4 8 6 8 3 9 29
4 8 6 7 9 4 172
4 8 6 6 4 10 6
4 8 6 5 10 5 69
4 8 6 4 16 0 103
4 8 6 4 5 11 106
4 8 6 3 11 6 92
4 8 6 3 0 17 78
4 8 6 2 17 1 36
4 8 6 2 6 12 63
4 8 6 1 12 7 73
4 8 6 1 1 18 180
4 8 6 0 18 2 151
4 8 6 0 7 13 58
4 8 5 21 0 0 164
4 8 5 19 1 1 123
4 8 5 17 2 2 10
4 8 5 15 3 3 189
4 8 5 13 4 4 69
4 8 5 11 5 5 158
4 8 5 10 11 0 87
4 8 5 10 0 11 58
4 8 5 9 6 6 198
4 8 5 8 12 1 158
4 8 5 8 1 12 142
4 8 5 7 7 7 34
4 8 5 6 13 2 83
4 8 5 6 2 13 92
4 8 5 5 8 8 39
4 8 5 4 14 3 69
4 8 5 4 3 14 138
4 8 5 3 9 9 72
4 8 5 2 15 4 56
4 8 5 2 4 15 87
4 8 5 1 10 10 50
4 8 5 0 16 5 28
4 8 5 0 5 16 60
4 8 4 17 0 5 83
4 8 4 16 6 0 75
4 8 4 15 1 6 117
4 8 4 14 7 1 187
4 8 4 13 2 7 123
4 8 4 12 8 2 155
4 8 4 11 3 8 27
4 8 4 10 9 3 82
4 8 4 9 4 9 175
4 8 4 8 10 4 110
4 8 4 7 5 10 38
4 8 4 6 11 5 58
4 8 4 6 0 16 3
4 8 4 5 17 0 74
4 8 4 5 6 11 197
4 8 4 4 12 6 118
4 8 4 4 1 17 41
4 8 4 3 18 1 20
4 8 4 3 7 12 105
4 8 4 2 13 7 81
4 8 4 2 2 18 13
4 8 4 1 19 2 119
4 8 4 1 8 13 116
4 8 4 0 14 8 113
4 8 4 0 3 19 27
4 8 3 22 1 0 84
4 8 3 20 2 1 11
4 8 3 18 3 2 74
4 8 3 16 4 3 39
4 8 3 14 5 4 25
4 8 3 13 0 10 51
4 8 3 12 6 5 73
4 8 3 11 12 0 138
4 8 3 11 1 11 37
4 8 3 10 7 6 56
4 8 3 9 13 1 3
4 8 3 9 2 12 66
4 8 3 8 8 7 96
4 8 3 7 14 2 191
4 8 3 7 3 13 8
4 8 3 6 9 8 122
4 8 3 5 15 3 87
4 8 3 5 4 14 37
4 8 3 4 10 9 89
4 8 3 3 16 4 23
4 8 3 3 5 15 33
4 8 3 2 11 10 45
4 8 3 2 0 21 3
4 8 3 1 17 5 151
4 8 3 1 6 16 116
4 8 3 0 23 0 125
4 8 3 0 12 11 50
4 8 3 0 1 22 197
4 8 2 20 0 4 114
4 8 2 18 1 5 130
4 8 2 17 7 0 168
4 8 2 16 2 6 49
4 8 2 15 8 1 82
4 8 2 14 3 7 166
4 8 2 13 9 2 135
4 8 2 12 4 8 25
4 8 2 11 10 3 114
4 8 2 10 5 9 180
4 8 2 9 11 4 55
4 8 2 9 0 15 82
4 8 2 8 6 10 47
4 8 2 7 12 5 20
4 8 2 7 1 16 187
4 8 2 6 18 0 145
4 8 2 6 7 11 124
4 8 2 5 13 6 133
4 8 2 5 2 17 102
4 8 2 4 19 1 191
4 8 2 4 8 12 148
4 8 2 3 14 7 163
4 8 2 3 3 18 60
4 8 2 2 20 2 185
4 8 2 2 9 13 23
4 8 2 1 15 8 61
4 8 2 1 4 19 59
4 8 2 0 21 3 123
4 8 2 0 10 14 144
4 8 1 23 2 0 5
4 8 1 21 3 1 8
4 8 1 19 4 2 134
4 8 1 17 5 3 115
4 8 1 16 0 9 17
4 8 1 15 6 4 100
4 8 1 14 1 10 144
4 8 1 13 7 5 75
4 8 1 12 13 0 5
4 8 1 12 2 11 58
4 8 1 11 8 6 15
4 8 1 10 14 1 129
4 8 1 10 3 12 92
4 8 1 9 9 7 75
4 8 1 8 15 2 31
4 8 1 8 4 13 113
4 8 1 7 10 8 105
4 8 1 6 16 3 75
4 8 1 6 5 14 46
4 8 1 5 11 9 173
4 8 1 5 0 20 166
4 8 1 4 17 4 180
4 8 1 4 6 15 128
4 8 1 3 12 10 87
4 8 1 3 1 21 174
4 8 1 2 18 5 145
4 8 1 2 7 16 57
4 8 1 1 24 0 37
4 8 1 1 13 11 102
4 8 1 1 2 22 13
4 8 1 0 19 6 167
4 8 1 0 8 17 167
4 8 0 23 0 3 16
4 8 0 21 1 4 60
4 8 0 19 2 5 181
4 8 0 18 8 0 69
4 8 0 17 3 6 87
4 8 0 16 9 1 131
4 8 0 15 4 7 70
4 8 0 14 10 2 176
4 8 0 13 5 8 163
4 8 0 12 11 3 42
4 8 0 12 0 14 114
4 8 0 11 6 9 42
4 8 0 10 12 4 106
4 8 0 10 1 15 31
4 8 0 9 7 10 60
4 8 0 8 13 5 110
4 8 0 8 2 16 153
4 8 0 7 19 0 90
4 8 0 7 8 11 78
4 8 0 6 14 6 52
4 8 0 6 3 17 194
4 8 0 5 20 1 90
4 8 0 5 9 12 118
4 8 0 4 15 7 124
4 8 0 4 4 18 144
4 8 0 3 21 2 112
4 8 0 3 10 13 72
4 8 0 2 16 8 57
4 8 0 2 5 19 176
4 8 0 1 22 3 30
4 8 0 1 11 14 9
4 8 0 1 0 25 105
4 8 0 0 17 9 126
4 8 0 0 6 20 82
4 7 24 2 0 1 154
4 7 24 0 1 2 36
4 7 22 5 0 0 73
4 7 22 3 1 1 137
4 7 22 1 2 2 85
4 7 21 1 0 5 63
4 7 21 0 6 0 109
4 7 20 6 1 0 171
4 7 20 4 2 1 48
4 7 20 2 3 2 98
4 7 20 0 4 3 197
4 7 19 4 0 4 122
4 7 19 2 1 5 129
4 7 19 1 7 0 64
4 7 19 0 2 6 168
4 7 18 7 2 0 19
4 7 18 5 3 1 106
4 7 18 3 4 2 155
4 7 18 1 5 3 80
4 7 18 0 0 9 148
4 7 17 7 0 3 172
4 7 17 5 1 4 177
4 7 17 3 2 5 13
4 7 17 2 8 0 138
4 7 17 1 3 6 151
4 7 17 0 9 1 126
4 7 16 8 3 0 61
4 7 16 6 4 1 154
4 7 16 4 5 2 40
4 7 16 3 0 8 35
4 7 16 2 6 3 123
4 7 16 1 1 9 119
4 7 16 0 7 4 137
4 7 15 10 0 2 58
4 7 15 8 1 3 152
4 7 15 6 2 4 4
4 7 15 4 3 5 153
4 7 15 3 9 0 44
4 7 15 2 4 6 112
4 7 15 1 10 1 186
4 7 15 0 5 7 13
4 7 14 9 4 0 167
4 7 14 7 5 1 2
4 7 14 6 0 7 70
4 7 14 5 6 2 44
4 7 14 4 1 8 84
4 7 14 3 7 3 27
4 7 14 2 2 9 79
4 7 14 1 8 4 86
4 7 14 0 3 10 69
4 7 13 13 0 1 129
4 7 13 11 1 2 150
4 7 13 9 2 3 173
4 7 13 7 3 4 12
4 7 13 5 4 5 88
4 7 13 4 10 0 79
4 7 13 3 5 6 35
4 7 13 2 11 1 63
4 7 13 2 0 12 72
4 7 13 1 6 7 62
4 7 13 0 12 2 93
4 7 13 0 1 13 158
4 7 12 10 5 0 69
4 7 12 9 0 6 8
4 7 12 8 6 1 120
4 7 12 7 1 7 157
4 7 12 6 7 2 54
4 7 12 5 2 8 48
4 7 12 4 8 3 161
4 7 12 3 3 9 34
4 7 12 2 9 4 182
4 7 12 1 4 10 51
4 7 12 0 10 5 121
4 7 11 16 0 0 121
4 7 11 14 1 1 191
4 7 11 12 2 2 191
4 7 11 10 3 3 20
4 7 11 8 4 4 18
4 7 11 6 5 5 19
4 7 11 5 11 0 67
4 7 11 5 0 11 93
4 7 11 4 6 6 90
4 7 11 3 12 1 180
4 7 11 3 1 12 109
4 7 11 2 7 7 181
4 7 11 1 13 2 60
4 7 11 1 2 13 140
4 7 11 0 8 8 158
4 7 10 12 0 5 54
4 7 10 11 6 0 21
4 7 10 10 1 6 17
4 7 10 9 7 1 105
4 7 10 8 2 7 48
4 7 10 7 8 2 142
4 7 10 6 3 8 58
4 7 10 5 9 3 196
4 7 10 4 4 9 47
4 7 10 3 10 4 17
4 7 10 2 5 10 18
4 7 10 1 11 5 110
4 7 10 1 0 16 59
4 7 10 0 17 0 170
4 7 10 0 6 11 74
4 7 9 17 1 0 110
4 7 9 15 2 1 75
4 7 9 13 3 2 178
4 7 9 11 4 3 4
4 7 9 9 5 4 27
4 7 9 8 0 10 197
4 7 9 7 6 5 178
4 7 9 6 12 0 153
4 7 9 6 1 11 17
4 7 9 5 7 6 37
4 7 9 4 13 1 184
4 7 9 4 2 12 5
4 7 9 3 8 7 98
4 7 9 2 14 2 43
4 7 9 2 3 13 101
4 7 9 1 9 8 114
4 7 9 0 15 3 42
4 7 9 0 4 14 108
4 7 8 15 0 4 95
4 7 8 13 1 5 187
4 7 8 12 7 0 11
4 7 8 11 2 6 99
4 7 8 10 8 1 188
4 7 8 9 3 7 172
4 7 8 8 9 2 161
4 7 8 7 4 8 186
4 7 8 6 10 3 177
4 7 8 5 5 9 194
4 7 8 4 11 4 110
4 7 8 4 0 15 122
4 7 8 3 6 10 184
4 7 8 2 12 5 161
4 7 8 2 1 16 67
4 7 8 1 18 0 106
4 7 8 1 7 11 93
4 7 8 0 13 6 168
4 7 8 0 2 17 103
4 7 7 18 2 0 84
4 7 7 16 3 1 95
4 7 7 14 4 2 56
4 7 7 11 0 9 108
4 7 7 10 6 4 161
4 7 7 9 1 10 30
4 7 7 8 7 5 180
4 7 7 7 13 0 92
4 7 7 7 2 11 106
4 7 7 6 8 6 81
4 7 7 5 14 1 132
4 7 7 5 3 12 2
4 7 7 4 9 7 142
4 7 7 3 15 2 109
4 7 7 3 4 13 115
4 7 7 2 10 8 154
4 7 7 1 16 3 175
4 7 7 1 5 14 145
4 7 7 0 11 9 111
4 7 7 0 0 20 47
4 7 6 18 0 3 74
4 7 6 16 1 4 48
4 7 6 14 2 5 167
4 7 6 13 8 0 52
4 7 6 12 3 6 143
4 7 6 11 9 1 134
4 7 6 10 4 7 66
4 7 6 9 10 2 143
4 7 6 8 5 8 126
4 7 6 7 11 3 130
4 7 6 7 0 14 106
4 7 6 6 6 9 37
4 7 6 5 12 4 33
4 7 6 5 1 15 197
4 7 6 4 7 10 152
4 7 6 3 13 5 53
4 7 6 3 2 16 17
4 7 6 2 19 0 27
4 7 6 2 8 11 2
4 7 6 1 14 6 17
4 7 6 1 3 17 150
4 7 6 0 20 1 194
4 7 6 0 9 12 161
4 7 5 19 3 0 180
4 7 5 17 4 1 10
4 7 5 15 5 2 19
4 7 5 14 0 8 170
4 7 5 13 6 3 65
4 7 5 12 1 9 186
4 7 5 11 7 4 68
4 7 5 10 2 10 89
4 7 5 9 8 5 82
4 7 5 8 14 0 111
4 7 5 8 3 11 6
4 7 5 7 9 6 133
4 7 5 6 15 1 44
4 7 5 6 4 12 43
4 7 5 5 10 7 150
4 7 5 4 16 2 166
4 7 5 4 5 13 33
4 7 5 3 11 8 32
4 7 5 3 0 19 139
4 7 5 2 17 3 64
4 7 5 2 6 14 26
4 7 5 1 12 9 159
4 7 5 1 1 20 169
4 7 5 0 18 4 84
4 7 5 0 7 15 86
4 7 4 21 0 2 39
4 7 4 19 1 3 122
4 7 4 17 2 4 50
4 7 4 15 3 5 32
4 7 4 14 9 0 164
4 7 4 13 4 6 14
4 7 4 12 10 1 127
4 7 4 11 5 7 181
4 7 4 10 11 2 87
4 7 4 10 0 13 162
4 7 4 9 6 8 101
4 7 4 8 12 3 196
4 7 4 8 1 14 34
4 7 4 7 7 9 141
4 7 4 6 13 4 71
4 7 4 6 2 15 41
4 7 4 5 8 10 147
4 7 4 4 14 5 128
4 7 4 4 3 16 89
4 7 4 3 20 0 108
4 7 4 3 9 11 191
4 7 4 2 15 6 188
4 7 4 2 4 17 189
4 7 4 1 21 1 163
4 7 4 1 10 12 178
4 7 4 0 16 7 198
4 7 4 0 5 18 109
4 7 3 20 4 0 184
4 7 3 18 5 1 191
4 7 3 17 0 7 13
4 7 3 16 6 2 99
4 7 3 15 1 8 169
4 7 3 14 7 3 184
4 7 3 13 2 9 141
4 7 3 12 8 4 85
4 7 3 11 3 10 157
4 7 3 10 9 5 66
4 7 3 9 15 0 72
4 7 3 9 4 11 66
4 7 3 8 10 6 168
4 7 3 7 16 1 164
4 7 3 7 5 12 87
4 7 3 6 11 7 143
4 7 3 6 0 18 179
4 7 3 5 17 2 59
4 7 3 5 6 13 126
4 7 3 4 12 8 23
4 7 3 4 1 19 195
4 7 3 3 18 3 123
4 7 3 3 7 14 2
4 7 3 2 13 9 142
4 7 3 2 2 20 139
4 7 3 1 19 4 177
4 7 3 1 8 15 83
4 7 3 0 14 10 65
4 7 3 0 3 21 114
4 7 2 24 0 1 58
4 7 2 22 1 2 184
4 7 2 20 2 3 150
4 7 2 18 3 4 7
4 7 2 16 4 5 180
4 7 2 15 10 0 57
4 7 2 14 5 6 194
4 7 2 13 11 1 115
4 7 2 13 0 12 19
4 7 2 12 6 7 87
4 7 2 11 12 2 23
4 7 2 11 1 13 172
4 7 2 10 7 8 82
4 7 2 9 13 3 37
4 7 2 9 2 14 123
4 7 2 8 8 9 157
4 7 2 7 14 4 89
4 7 2 7 3 15 183
4 7 2 6 9 10 6
4 7 2 5 15 5 159
4 7 2 5 4 16 146
4 7 2 4 21 0 197
4 7 2 4 10 11 50
4 7 2 3 16 6 11
4 7 2 3 5 17 105
4 7 2 2 22 1 68
4 7 2 2 11 12 66
4 7 2 2 0 23 10
4 7 2 1 17 7 185
4 7 2 1 6 18 166
4 7 2 0 23 2 138
4 7 2 0 12 13 171
4 7 2 0 1 24 18
4 7 1 21 5 0 169
4 7 1 20 0 6 17
4 7 1 19 6 1 136
4 7 1 18 1 7 21
4 7 1 17 7 2 171
4 7 1 16 2 8 186
4 7 1 15 8 3 181
4 7 1 14 3 9 38
4 7 1 13 9 4 141
4 7 1 12 4 10 111
4 7 1 11 10 5 154
4 7 1 10 16 0 156
4 7 1 10 5 11 24
4 7 1 9 11 6 64
4 7 1 9 0 17 45
4 7 1 8 17 1 32
4 7 1 8 6 12 179
4 7 1 7 12 7 134
4 7 1 7 1 18 66
4 7 1 6 18 2 6
4 7 1 6 7 13 193
4 7 1 5 13 8 77
4 7 1 5 2 19 61
4 7 1 4 19 3 131
4 7 1 4 8 14 158
4 7 1 3 14 9 23
4 7 1 3 3 20 109
4 7 1 2 20 4 41
4 7 1 2 9 15 186
4 7 1 1 15 10 5
4 7 1 1 4 21 71
4 7 1 0 21 5 105
4 7 1 0 10 16 17
4 7 0 27 0 0 46
4 7 0 25 1 1 49
4 7 0 23 2 2 73
4 7 0 21 3 3 13
4 7 0 19 4 4 142
4 7 0 17 5 5 67
4 7 0 16 11 0 117
4 7 0 16 0 11 93
4 7 0 15 6 6 116
4 7 0 14 12 1 123
4 7 0 14 1 12 149
4 7 0 13 7 7 87
4 7 0 12 13 2 50
4 7 0 12 2 13 68
4 7 0 11 8 8 190
4 7 0 10 14 3 42
4 7 0 10 3 14 185
4 7 0 9 9 9 61
4 7 0 8 15 4 12
4 7 0 8 4 15 81
4 7 0 7 10 10 7
4 7 0 6 16 5 113
4 7 0 6 5 16 85
4 7 0 5 22 0 19
4 7 0 5 11 11 59
4 7 0 5 0 22 186
4 7 0 4 17 6 86
4 7 0 4 6 17 111
4 7 0 3 23 1 152
4 7 0 3 12 12 150
4 7 0 3 1 23 81
4 7 0 2 18 7 39
4 7 0 2 7 18 169
4 7 0 1 24 2 22
4 7 0 1 13 13 124
4 7 0 1 2 24 124
4 7 0 0 19 8 173
4 7 0 0 8 19 112
4 6 28 0 0 0 55
4 6 26 1 1 0 8
4 6 24 2 2 0 127
4 6 24 0 3 1 167
4 6 23 2 0 3 192
4 6 23 0 1 4 35
4 6 22 3 3 0 132
4 6 22 1 4 1 136
4 6 21 5 0 2 132
4 6 21 3 1 3 4
4 6 21 1 2 4 28
4 6 20 4 4 0 68
4 6 20 2 5 1 125
4 6 20 1 0 7 17
4 6 20 0 6 2 194
4 6 19 8 0 1 94
4 6 19 6 1 2 12
4 6 19 4 2 3 32
4 6 19 2 3 4 72
4 6 19 0 4 5 157
4 6 18 5 5 0 153
4 6 18 4 0 6 53
4 6 18 3 6 1 166
4 6 18 2 1 7 191
4 6 18 1 7 2 47
4 6 18 0 2 8 92
4 6 17 11 0 0 182
4 6 17 9 1 1 196
4 6 17 7 2 2 132
4 6 17 5 3 3 165
4 6 17 3 4 4 44
4 6 17 1 5 5 194
4 6 17 0 11 0 89
4 6 17 0 0 11 71
4 6 16 7 0 5 158
4 6 16 6 6 0 124
4 6 16 5 1 6 168
4 6 16 4 7 1 182
4 6 16 3 2 7 18
4 6 16 2 8 2 94
4 6 16 1 3 8 191
4 6 16 0 9 3 116
4 6 15 12 1 0 83
4 6 15 10 2 1 198
4 6 15 8 3 2 111
4 6 15 6 4 3 126
4 6 15 4 5 4 6
4 6 15 3 0 10 50
4 6 15 2 6 5 11
4 6 15 1 12 0 97
4 6 15 1 1 11 7
4 6 15 0 7 6 115
4 6 14 10 0 4 54
4 6 14 8 1 5 163
4 6 14 7 7 0 23
4 6 14 6 2 6 78
4 6 14 5 8 1 87
4 6 14 4 3 7 175
4 6 14 3 9 2 190
4 6 14 2 4 8 79
4 6 14 1 10 3 85
4 6 14 0 5 9 166
4 6 13 13 2 0 102
4 6 13 11 3 1 45
4 6 13 9 4 2 137
4 6 13 7 5 3 156
4 6 13 6 0 9 145
4 6 13 5 6 4 107
4 6 13 4 1 10 66
4 6 13 3 7 5 173
4 6 13 2 13 0 190
4 6 13 2 2 11 143
4 6 13 1 8 6 22
4 6 13 0 14 1 54
4 6 13 0 3 12 71
4 6 12 13 0 3 165
4 6 12 11 1 4 21
4 6 12 9 2 5 132
4 6 12 8 8 0 25
4 6 12 7 3 6 31
4 6 12 6 9 1 55
4 6 12 5 4 7 154
4 6 12 4 10 2 41
4 6 12 3 5 8 184
4 6 12 2 11 3 191
4 6 12 2 0 14 132
4 6 12 1 6 9 64
4 6 12 0 12 4 4
4 6 12 0 1 15 167
4 6 11 14 3 0 172
4 6 11 12 4 1 84
4 6 11 10 5 2 192
4 6 11 9 0 8 104
4 6 11 8 6 3 141
4 6 11 7 1 9 178
4 6 11 6 7 4 192
4 6 11 5 2 10 77
4 6 11 4 8 5 151
4 6 11 3 14 0 113
4 6 11 3 3 11 152
4 6 11 2 9 6 25
4 6 11 1 15 1 20
4 6 11 1 4 12 72
4 6 11 0 10 7 1
4 6 10 16 0 2 156
4 6 10 14 1 3 103
4 6 10 12 2 4 17
4 6 10 10 3 5 27
4 6 10 9 9 0 180
4 6 10 8 4 6 23
4 6 10 7 10 1 142
4 6 10 6 5 7 150
4 6 10 5 11 2 61
4 6 10 5 0 13 169
4 6 10 4 6 8 77
4 6 10 3 12 3 185
4 6 10 3 1 14 158
4 6 10 2 7 9 185
4 6 10 1 13 4 103
4 6 10 1 2 15 58
4 6 10 0 8 10 18
4 6 9 15 4 0 156
4 6 9 13 5 1 107
4 6 9 12 0 7 53
4 6 9 11 6 2 195
4 6 9 10 1 8 145
4 6 9 9 7 3 69
4 6 9 8 2 9 110
4 6 9 7 8 4 49
4 6 9 6 3 10 112
4 6 9 5 9 5 1
4 6 9 4 15 0 149
4 6 9 4 4 11 107
4 6 9 3 10 6 141
4 6 9 2 16 1 112
4 6 9 2 5 12 9
4 6 9 1 11 7 179
4 6 9 1 0 18 95
4 6 9 0 17 2 82
4 6 9 0 6 13 189
4 6 8 19 0 1 178
4 6 8 17 1 2 115
4 6 8 15 2 3 166
4 6 8 13 3 4 134
4 6 8 11 4 5 15
4 6 8 10 10 0 103
4 6 8 9 5 6 18
4 6 8 8 11 1 22
4 6 8 8 0 12 47
4 6 8 7 6 7 133
4 6 8 6 12 2 181
4 6 8 6 1 13 4
4 6 8 5 7 8 23
4 6 8 4 13 3 183
4 6 8 4 2 14 89
4 6 8 3 8 9 176
4 6 8 2 14 4 149
4 6 8 2 3 15 87
4 6 8 1 9 10 143
4 6 8 0 15 5 165
4 6 8 0 4 16 52
4 6 7 16 5 0 79
4 6 7 15 0 6 86
4 6 7 14 6 1 145
4 6 7 13 1 7 61
4 6 7 12 7 2 171
4 6 7 11 2 8 122
4 6 7 10 8 3 2
4 6 7 9 3 9 175
4 6 7 8 9 4 2
4 6 7 7 4 10 58
4 6 7 6 10 5 82
4 6 7 5 16 0 168
4 6 7 5 5 11 133
4 6 7 4 11 6 185
4 6 7 4 0 17 6
4 6 7 3 17 1 35
4 6 7 3 6 12 75
4 6 7 2 12 7 112
4 6 7 2 1 18 114
4 6 7 1 18 2 184
4 6 7 1 7 13 146
4 6 7 0 13 8 60
4 6 7 0 2 19 44
4 6 6 22 0 0 104
4 6 6 20 1 1 14
4 6 6 18 2 2 174
4 6 6 16 3 3 19
4 6 6 14 4 4 73
4 6 6 12 5 5 48
4 6 6 11 11 0 4
4 6 6 11 0 11 114
4 6 6 10 6 6 168
4 6 6 9 12 1 154
4 6 6 9 1 12 146
4 6 6 8 7 7 162
4 6 6 7 13 2 134
4 6 6 7 2 13 60
4 6 6 6 8 8 63
4 6 6 5 14 3 177
4 6 6 5 3 14 70
4 6 6 4 9 9 60
4 6 6 3 15 4 35
4 6 6 3 4 15 188
4 6 6 2 10 10 106
4 6 6 1 16 5 16
4 6 6 1 5 16 59
4 6 6 0 22 0 11
4 6 6 0 11 11 38
4 6 6 0 0 22 64
4 6 5 18 0 5 100
4 6 5 17 6 0 188
4 6 5 16 1 6 151
4 6 5 15 7 1 6
4 6 5 14 2 7 25
4 6 5 13 8 2 55
4 6 5 12 3 8 89
4 6 5 11 9 3 165
4 6 5 10 4 9 173
4 6 5 9 10 4 159
4 6 5 8 5 10 12
4 6 5 7 11 5 70
4 6 5 7 0 16 83
4 6 5 6 17 0 18
4 6 5 6 6 11 164
4 6 5 5 12 6 163
4 6 5 5 1 17 95
4 6 5 4 18 1 47
4 6 5 4 7 12 2
4 6 5 3 13 7 19
4 6 5 3 2 18 62
4 6 5 2 19 2 188
4 6 5 2 8 13 194
4 6 5 1 14 8 190
4 6 5 1 3 19 22
4 6 5 0 20 3 30
4 6 5 0 9 14 121
4 6 4 23 1 0 80
4 6 4 21 2 1 126
4 6 4 19 3 2 188
4 6 4 17 4 3 117
4 6 4 15 5 4 4
4 6 4 14 0 10 146
4 6 4 13 6 5 13
4 6 4 12 12 0 72
4 6 4 12 1 11 88
4 6 4 11 7 6 184
4 6 4 10 13 1 193
4 6 4 10 2 12 198
4 6 4 9 8 7 87
4 6 4 8 14 2 19
4 6 4 8 3 13 173
4 6 4 7 9 8 171
4 6 4 6 15 3 78
4 6 4 6 4 14 142
4 6 4 5 10 9 177
4 6 4 4 16 4 183
4 6 4 4 5 15 77
4 6 4 3 11 10 102
4 6 4 3 0 21 187
4 6 4 2 17 5 20
4 6 4 2 6 16 100
4 6 4 1 23 0 177
4 6 4 1 1 22 168
4 6 4 0 18 6 7
4 6 4 0 7 17 64
4 6 3 21 0 4 63
4 6 3 19 1 5 1
4 6 3 18 7 0 197
4 6 3 17 2 6 186
4 6 3 16 8 1 59
4 6 3 15 3 7 24
4 6 3 14 9 2 112
4 6 3 13 4 8 66
4 6 3 12 10 3 55
4 6 3 11 5 9 195
4 6 3 10 11 4 193
4 6 3 10 0 15 101
4 6 3 9 6 10 86
4 6 3 8 12 5 194
4 6 3 8 1 16 132
4 6 3 7 18 0 133
4 6 3 7 7 11 82
4 6 3 6 13 6 6
4 6 3 6 2 17 175
4 6 3 5 19 1 89
4 6 3 5 8 12 136
4 6 3 4 14 7 149
4 6 3 4 3 18 109
4 6 3 3 20 2 167
4 6 3 3 9 13 63
4 6 3 2 15 8 77
4 6 3 2 4 19 10
4 6 3 1 21 3 54
4 6 3 1 10 14 28
4 6 3 0 16 9 133
4 6 3 0 5 20 20
4 6 2 24 2 0 6
4 6 2 22 3 1 12
4 6 2 20 4 2 160
4 6 2 18 5 3 116
4 6 2 17 0 9 155
4 6 2 16 6 4 42
4 6 2 15 1 10 41
4 6 2 14 7 5 176
4 6 2 13 13 0 63
4 6 2 13 2 11 106
4 6 2 12 8 6 108
4 6 2 11 14 1 89
4 6 2 11 3 12 144
4 6 2 10 9 7 19
4 6 2 9 15 2 58
4 6 2 9 4 13 188
4 6 2 8 10 8 33
4 6 2 7 16 3 128
4 6 2 7 5 14 7
4 6 2 6 11 9 70
4 6 2 6 0 20 90
4 6 2 5 17 4 37
4 6 2 5 6 15 26
4 6 2 4 12 10 54
4 6 2 4 1 21 51
4 6 2 3 18 5 146
4 6 2 3 7 16 108
4 6 2 2 24 0 162
4 6 2 2 13 11 10
4 6 2 2 2 22 179
4 6 2 1 19 6 104
4 6 2 1 8 17 132
4 6 2 0 25 1 169
4 6 2 0 14 12 24
4 6 2 0 3 23 104
4 6 1 24 0 3 190
4 6 1 22 1 4 64
4 6 1 20 2 5 81
4 6 1 19 8 0 2
4 6 1 18 3 6 24
4 6 1 17 9 1 91
4 6 1 16 4 7 53
4 6 1 15 10 2 88
4 6 1 14 5 8 44
4 6 1 13 11 3 155
4 6 1 13 0 14 95
4 6 1 12 6 9 53
4 6 1 11 12 4 133
4 6 1 11 1 15 162
4 6 1 10 7 10 111
4 6 1 9 13 5 32
4 6 1 9 2 16 161
4 6 1 8 19 0 195
4 6 1 8 8 11 154
4 6 1 7 14 6 53
4 6 1 7 3 17 46
4 6 1 6 20 1 124
4 6 1 6 9 12 89
4 6 1 5 15 7 57
4 6 1 5 4 18 105
4 6 1 4 21 2 12
4 6 1 4 10 13 25
4 6 1 3 16 8 127
4 6 1 3 5 19 11
4 6 1 2 22 3 6
4 6 1 2 11 14 86
4 6 1 2 0 25 97
4 6 1 1 17 9 114
4 6 1 1 6 20 60
4 6 1 0 23 4 65
4 6 1 0 12 15 105
4 6 1 0 1 26 113
4 6 0 25 3 0 51
4 6 0 23 4 1 79
4 6 0 21 5 2 136
4 6 0 20 0 8 182
4 6 0 19 6 3 24
4 6 0 18 1 9 190
4 6 0 17 7 4 182
4 6 0 16 2 10 42
4 6 0 15 8 5 149
4 6 0 14 14 0 20
4 6 0 14 3 11 184
4 6 0 13 9 6 117
4 6 0 12 15 1 56
4 6 0 12 4 12 168
4 6 0 11 10 7 142
4 6 0 10 16 2 56
4 6 0 10 5 13 150
4 6 0 9 11 8 66
4 6 0 9 0 19 61
4 6 0 8 17 3 186
4 6 0 8 6 14 57
4 6 0 7 12 9 147
4 6 0 7 1 20 105
4 6 0 6 18 4 9
4 6 0 6 7 15 146
4 6 0 5 13 10 171
4 6 0 5 2 21 35
4 6 0 4 19 5 118
4 6 0 4 8 16 19
4 6 0 3 25 0 44
4 6 0 3 14 11 150
4 6 0 3 3 22 173
4 6 0 2 20 6 166
4 6 0 2 9 17 24
4 6 0 1 26 1 10
4 6 0 1 15 12 165
4 6 0 1 4 23 118
4 6 0 0 21 7 104
4 6 0 0 10 18 65
4 5 27 0 0 2 184
4 5 25 3 0 1 54
4 5 25 1 1 2 197
4 5 24 0 5 0 97
4 5 23 6 0 0 172
4 5 23 4 1 1 155
4 5 23 2 2 2 26
4 5 23 0 3 3 177
4 5 22 2 0 5 24
4 5 22 1 6 0 83
4 5 22 0 1 6 35
4 5 21 7 1 0 89
4 5 21 5 2 1 194
4 5 21 3 3 2 140
4 5 21 1 4 3 166
4 5 20 5 0 4 81
4 5 20 3 1 5 182
4 5 20 2 7 0 170
4 5 20 1 2 6 166
4 5 20 0 8 1 47
4 5 19 8 2 0 45
4 5 19 6 3 1 24
4 5 19 4 4 2 39
4 5 19 2 5 3 105
4 5 19 1 0 9 118
4 5 19 0 6 4 180
4 5 18 8 0 3 66
4 5 18 6 1 4 158
4 5 18 4 2 5 12
4 5 18 3 8 0 47
4 5 18 2 3 6 107
4 5 18 1 9 1 29
4 5 18 0 4 7 45
4 5 17 9 3 0 99
4 5 17 7 4 1 158
4 5 17 5 5 2 164
4 5 17 4 0 8 186
4 5 17 3 6 3 80
4 5 17 2 1 9 15
4 5 17 1 7 4 110
4 5 17 0 2 10 174
4 5 16 11 0 2 17
4 5 16 9 1 3 9
4 5 16 7 2 4 121
4 5 16 5 3 5 155
4 5 16 4 9 0 27
4 5 16 3 4 6 166
4 5 16 2 10 1 60
4 5 16 1 5 7 126
4 5 16 0 11 2 176
4 5 16 0 0 13 41
4 5 15 10 4 0 157
4 5 15 8 5 1 75
4 5 15 7 0 7 29
4 5 15 6 6 2 4
4 5 15 5 1 8 124
4 5 15 4 7 3 34
4 5 15 3 2 9 179
4 5 15 2 8 4 140
4 5 15 1 3 10 190
4 5 15 0 9 5 198
4 5 14 14 0 1 87
4 5 14 12 1 2 192
4 5 14 10 2 3 18
4 5 14 8 3 4 108
4 5 14 6 4 5 137
4 5 14 5 10 0 56
4 5 14 4 5 6 115
4 5 14 3 11 1 182
4 5 14 3 0 12 17
4 5 14 2 6 7 103
4 5 14 1 12 2 23
4 5 14 1 1 13 145
4 5 14 0 7 8 42
4 5 13 11 5 0 106
4 5 13 10 0 6 56
4 5 13 9 6 1 30
4 5 13 8 1 7 196
4 5 13 7 7 2 184
4 5 13 6 2 8 134
4 5 13 5 8 3 120
4 5 13 4 3 9 72
4 5 13 3 9 4 106
4 5 13 2 4 10 46
4 5 13 1 10 5 27
4 5 13 0 16 0 19
4 5 13 0 5 11 72
4 5 12 17 0 0 162
4 5 12 15 1 1 85
4 5 12 13 2 2 195
4 5 12 11 3 3 20
4 5 12 9 4 4 51
4 5 12 7 5 5 55
4 5 12 6 11 0 129
4 5 12 6 0 11 56
4 5 12 5 6 6 59
4 5 12 4 12 1 185
4 5 12 4 1 12 186
4 5 12 3 7 7 191
4 5 12 2 13 2 194
4 5 12 2 2 13 180
4 5 12 1 8 8 118
4 5 12 0 14 3 22
4 5 12 0 3 14 84
4 5 11 13 0 5 25
4 5 11 12 6 0 61
4 5 11 11 1 6 46
4 5 11 10 7 1 83
4 5 11 9 2 7 81
4 5 11 8 8 2 192
4 5 11 7 3 8 93
4 5 11 6 9 3 159
4 5 11 5 4 9 35
4 5 11 4 10 4 89
4 5 11 3 5 10 61
4 5 11 2 11 5 156
4 5 11 2 0 16 69
4 5 11 1 17 0 39
4 5 11 1 6 11 105
4 5 11 0 12 6 44
4 5 11 0 1 17 54
4 5 10 18 1 0 48
4 5 10 16 2 1 163
4 5 10 14 3 2 73
4 5 10 12 4 3 10
4 5 10 10 5 4 49
4 5 10 9 0 10 180
4 5 10 8 6 5 151
4 5 10 7 12 0 165
4 5 10 7 1 11 93
4 5 10 6 7 6 23
4 5 10 5 13 1 111
4 5 10 5 2 12 53
4 5 10 4 8 7 117
4 5 10 3 14 2 131
4 5 10 2 9 8 25
4 5 10 1 15 3 52
4 5 10 1 4 14 148
4 5 10 0 10 9 142
4 5 9 16 0 4 51
4 5 9 14 1 5 86
4 5 9 13 7 0 155
4 5 9 12 2 6 60
4 5 9 11 8 1 195
4 5 9 10 3 7 25
4 5 9 9 9 2 26
4 5 9 8 4 8 160
4 5 9 7 10 3 194
4 5 9 6 5 9 37
4 5 9 5 11 4 160
4 5 9 5 0 15 184
4 5 9 4 6 10 13
4 5 9 3 12 5 152
4 5 9 3 1 16 176
4 5 9 2 18 0 105
4 5 9 2 7 11 74
4 5 9 1 13 6 129
4 5 9 1 2 17 56
4 5 9 0 19 1 157
4 5 9 0 8 12 119
4 5 8 19 2 0 46
4 5 8 17 3 1 137
4 5 8 15 4 2 102
4 5 8 13 5 3 59
4 5 8 11 6 4 17
4 5 8 10 1 10 149
4 5 8 9 7 5 144
4 5 8 8 13 0 19
4 5 8 8 2 11 2
4 5 8 7 8 6 27
4 5 8 6 14 1 146
4 5 8 6 3 12 152
4 5 8 5 9 7 171
4 5 8 4 15 2 107
4 5 8 4 4 13 1
4 5 8 3 10 8 24
4 5 8 2 16 3 133
4 5 8 2 5 14 145
4 5 8 1 11 9 88
4 5 8 1 0 20 152
4 5 8 0 17 4 63
4 5 8 0 6 15 104
4 5 7 19 0 3 43
4 5 7 17 1 4 74
4 5 7 15 2 5 153
4 5 7 14 8 0 135
4 5 7 13 3 6 118
4 5 7 12 9 1 104
4 5 7 11 4 7 121
4 5 7 10 10 2 175
4 5 7 9 5 8 132
4 5 7 8 11 3 181
4 5 7 8 0 14 177
4 5 7 7 6 9 175
4 5 7 6 12 4 127
4 5 7 6 1 15 112
4 5 7 5 7 10 10
4 5 7 4 13 5 76
4 5 7 4 2 16 14
4 5 7 3 19 0 92
4 5 7 3 8 11 118
4 5 7 2 14 6 109
4 5 7 2 3 17 2
4 5 7 1 20 1 25
4 5 7 1 9 12 26
4 5 7 0 15 7 136
4 5 7 0 4 18 198
4 5 6 20 3 0 25
4 5 6 18 4 1 107
4 5 6 16 5 2 51
4 5 6 15 0 8 93
4 5 6 14 6 3 68
4 5 6 13 1 9 67
4 5 6 12 7 4 68
4 5 6 11 2 10 166
4 5 6 10 8 5 116
4 5 6 9 14 0 31
4 5 6 9 3 11 193
4 5 6 8 9 6 56
4 5 6 7 15 1 152
4 5 6 7 4 12 50
4 5 6 6 10 7 117
4 5 6 5 16 2 74
4 5 6 5 5 13 152
4 5 6 4 11 8 130
4 5 6 4 0 19 190
4 5 6 3 17 3 57
4 5 6 3 6 14 115
4 5 6 2 12 9 158
4 5 6 2 1 20 187
4 5 6 1 18 4 11
4 5 6 1 7 15 95
4 5 6 0 13 10 55
4 5 6 0 2 21 190
4 5 5 22 0 2 109
4 5 5 20 1 3 62
4 5 5 18 2 4 30
4 5 5 16 3 5 125
4 5 5 15 9 0 177
4 5 5 14 4 6 30
4 5 5 13 10 1 89
4 5 5 12 5 7 36
4 5 5 11 11 2 182
4 5 5 11 0 13 125
4 5 5 10 6 8 164
4 5 5 9 12 3 143
4 5 5 9 1 14 39
4 5 5 8 7 9 94
4 5 5 7 13 4 62
4 5 5 7 2 15 22
4 5 5 6 8 10 38
4 5 5 5 14 5 70
4 5 5 5 3 16 45
4 5 5 4 20 0 175
4 5 5 4 9 11 77
4 5 5 3 15 6 15
4 5 5 3 4 17 2
4 5 5 2 21 1 167
4 5 5 2 10 12 67
4 5 5 1 16 7 101
4 5 5 1 5 18 81
4 5 5 0 22 2 187
4 5 5 0 11 13 187
4 5 5 0 0 24 168
4 5 4 21 4 0 54
4 5 4 19 5 1 28
4 5 4 18 0 7 4
4 5 4 17 6 2 75
4 5 4 16 1 8 172
4 5 4 15 7 3 181
4 5 4 14 2 9 12
4 5 4 13 8 4 16
4 5 4 12 3 10 122
4 5 4 11 9 5 113
4 5 4 10 15 0 5
4 5 4 10 4 11 35
4 5 4 9 10 6 163
4 5 4 8 16 1 110
4 5 4 8 5 12 65
4 5 4 7 11 7 20
4 5 4 7 0 18 132
4 5 4 6 17 2 176
4 5 4 6 6 13 110
4 5 4 5 12 8 21
4 5 4 5 1 19 162
4 5 4 4 18 3 92
4 5 4 4 7 14 133
4 5 4 3 13 9 48
4 5 4 3 2 20 145
4 5 4 2 19 4 41
4 5 4 2 8 15 120
4 5 4 1 14 10 111
4 5 4 1 3 21 88
4 5 4 0 20 5 119
4 5 4 0 9 16 110
4 5 3 25 0 1 108
4 5 3 23 1 2 21
4 5 3 21 2 3 61
4 5 3 19 3 4 141
4 5 3 17 4 5 119
4 5 3 16 10 0 64
4 5 3 15 5 6 79
4 5 3 14 11 1 106
4 5 3 14 0 12 13
4 5 3 13 6 7 45
4 5 3 12 12 2 90
4 5 3 12 1 13 20
4 5 3 11 7 8 133
4 5 3 10 13 3 92
4 5 3 10 2 14 38
4 5 3 9 8 9 145
4 5 3 8 14 4 44
4 5 3 8 3 15 132
4 5 3 7 9 10 78
4 5 3 6 15 5 66
4 5 3 6 4 16 28
4 5 3 5 21 0 120
4 5 3 5 10 11 19
4 5 3 4 16 6 69
4 5 3 4 5 17 122
4 5 3 3 22 1 175
4 5 3 3 11 12 96
4 5 3 3 0 23 10
4 5 3 2 17 7 15
4 5 3 2 6 18 83
4 5 3 1 23 2 68
4 5 3 1 12 13 114
4 5 3 1 1 24 180
4 5 3 0 18 8 128
4 5 3 0 7 19 38
4 5 2 22 5 0 31
4 5 2 21 0 6 25
4 5 2 20 6 1 91
4 5 2 19 1 7 32
4 5 2 18 7 2 116
4 5 2 17 2 8 39
4 5 2 16 8 3 9
4 5 2 15 3 9 134
4 5 2 14 9 4 13
4 5 2 13 4 10 104
4 5 2 12 10 5 41
4 5 2 11 16 0 128
4 5 2 11 5 11 120
4 5 2 10 11 6 128
4 5 2 10 0 17 68
4 5 2 9 17 1 126
4 5 2 9 6 12 6
4 5 2 8 12 7 2
4 5 2 8 1 18 196
4 5 2 7 18 2 14
4 5 2 7 7 13 152
4 5 2 6 13 8 59
4 5 2 6 2 19 25
4 5 2 5 19 3 38
4 5 2 5 8 14 93
4 5 2 4 14 9 41
4 5 2 4 3 20 188
4 5 2 3 20 4 33
4 5 2 3 9 15 127
4 5 2 2 15 10 178
4 5 2 2 4 21 179
4 5 2 1 21 5 15
4 5 2 1 10 16 120
4 5 2 0 27 0 57
4 5 2 0 16 11 97
4 5 2 0 5 22 138
4 5 1 28 0 0 128
4 5 1 26 1 1 7
4 5 1 24 2 2 193
4 5 1 22 3 3 198
4 5 1 20 4 4 150
4 5 1 18 5 5 73
4 5 1 17 11 0 140
4 5 1 17 0 11 175
4 5 1 16 6 6 77
4 5 1 15 12 1 138
4 5 1 15 1 12 53
4 5 1 14 7 7 97
4 5 1 13 13 2 140
4 5 1 13 2 13 3
4 5 1 12 8 8 151
4 5 1 11 14 3 87
4 5 1 11 3 14 66
4 5 1 10 9 9 174
4 5 1 9 15 4 99
4 5 1 9 4 15 61
4 5 1 8 10 10 155
4 5 1 7 16 5 161
4 5 1 7 5 16 188
4 5 1 6 22 0 134
4 5 1 6 11 11 117
4 5 1 6 0 22 171
4 5 1 5 17 6 122
4 5 1 5 6 17 44
4 5 1 4 23 1 174
4 5 1 4 12 12 194
4 5 1 4 1 23 22
4 5 1 3 18 7 21
4 5 1 3 7 18 191
4 5 1 2 24 2 137
4 5 1 2 13 13 105
4 5 1 2 2 24 173
4 5 1 1 19 8 198
4 5 1 1 8 19 17
4 5 1 0 25 3 50
4 5 1 0 14 14 144
4 5 1 0 3 25 72
4 5 0 24 0 5 98
4 5 0 23 6 0 19
4 5 0 22 1 6 97
4 5 0 21 7 1 171
4 5 0 20 2 7 181
4 5 0 19 8 2 98
4 5 0 18 3 8 142
4 5 0 17 9 3 144
4 5 0 16 4 9 182
4 5 0 15 10 4 70
4 5 0 14 5 10 161
4 5 0 13 11 5 48
4 5 0 13 0 16 64
4 5 0 12 17 0 33
4 5 0 12 6 11 108
4 5 0 11 12 6 41
4 5 0 11 1 17 73
4 5 0 10 18 1 8
4 5 0 10 7 12 167
4 5 0 9 13 7 16
4 5 0 9 2 18 45
4 5 0 8 19 2 13
4 5 0 8 8 13 159
4 5 0 7 14 8 22
4 5 0 7 3 19 48
4 5 0 6 20 3 94
4 5 0 6 9 14 175
4 5 0 5 15 9 145
4 5 0 5 4 20 56
4 5 0 4 21 4 163
4 5 0 4 10 15 121
4 5 0 3 16 10 3
4 5 0 3 5 21 28
4 5 0 2 22 5 108
4 5 0 2 11 16 14
4 5 0 2 0 27 191
4 5 0 1 28 0 123
4 5 0 1 6 22 42
4 5 0 0 23 6 20
4 5 0 0 12 17 143
4 5 0 0 1 28 7
4 4 29 1 0 0 61
4 4 27 2 1 0 16
4 4 27 0 2 1 72
4 4 26 0 0 4 146
4 4 25 3 2 0 25
4 4 25 1 3 1 2
4 4 24 3 0 3 59
4 4 24 1 1 4 101
4 4 23 4 3 0 34
4 4 23 2 4 1 76
4 4 23 0 5 2 48
4 4 22 6 0 2 165
4 4 22 4 1 3 45
4 4 22 2 2 4 72
4 4 22 0 3 5 68
4 4 21 5 4 0 120
4 4 21 3 5 1 108
4 4 21 2 0 7 159
4 4 21 1 6 2 128
4 4 21 0 1 8 103
4 4 20 9 0 1 76
4 4 20 7 1 2 192
4 4 20 5 2 3 118
4 4 20 3 3 4 138
4 4 20 1 4 5 8
4 4 20 0 10 0 179
4 4 19 6 5 0 119
4 4 19 5 0 6 126
4 4 19 4 6 1 149
4 4 19 3 1 7 68
4 4 19 2 7 2 176
4 4 19 1 2 8 25
4 4 19 0 8 3 92
4 4 18 12 0 0 136
4 4 18 10 1 1 41
4 4 18 8 2 2 135
4 4 18 6 3 3 162
4 4 18 4 4 4 22
4 4 18 2 5 5 158
4 4 18 1 11 0 73
4 4 18 1 0 11 23
4 4 18 0 6 6 28
4 4 17 8 0 5 133
4 4 17 7 6 0 190
4 4 17 6 1 6 114
4 4 17 5 7 1 58
4 4 17 4 2 7 97
4 4 17 3 8 2 104
4 4 17 2 3 8 126
4 4 17 1 9 3 74
4 4 17 0 4 9 3
4 4 16 13 1 0 127
4 4 16 11 2 1 198
4 4 16 9 3 2 33
4 4 16 7 4 3 98
4 4 16 5 5 4 141
4 4 16 4 0 10 106
4 4 16 3 6 5 144
4 4 16 2 12 0 69
4 4 16 2 1 11 99
4 4 16 1 7 6 120
4 4 16 0 13 1 46
4 4 16 0 2 12 33
4 4 15 11 0 4 52
4 4 15 9 1 5 179
4 4 15 8 7 0 170
4 4 15 7 2 6 141
4 4 15 6 8 1 39
4 4 15 5 3 7 160
4 4 15 4 9 2 187
4 4 15 3 4 8 81
4 4 15 2 10 3 90
4 4 15 1 5 9 191
4 4 15 0 11 4 13
4 4 15 0 0 15 27
4 4 14 14 2 0 64
4 4 14 12 3 1 45
4 4 14 10 4 2 14
4 4 14 8 5 3 60
4 4 14 7 0 9 13
4 4 14 6 6 4 73
4 4 14 5 1 10 62
4 4 14 4 7 5 158
4 4 14 3 13 0 95
4 4 14 3 2 11 196
4 4 14 2 8 6 83
4 4 14 1 14 1 98
4 4 14 1 3 12 107
4 4 14 0 9 7 128
4 4 13 14 0 3 49
4 4 13 12 1 4 97
4 4 13 10 2 5 116
4 4 13 9 8 0 112
4 4 13 8 3 6 102
4 4 13 7 9 1 128
4 4 13 6 4 7 9
4 4 13 5 10 2 133
4 4 13 4 5 8 132
4 4 13 3 11 3 146
4 4 13 3 0 14 143
4 4 13 2 6 9 94
4 4 13 1 12 4 151
4 4 13 1 1 15 168
4 4 13 0 7 10 179
4 4 12 15 3 0 67
4 4 12 13 4 1 162
4 4 12 11 5 2 188
4 4 12 10 0 8 192
4 4 12 9 6 3 170
4 4 12 8 1 9 167
4 4 12 7 7 4 134
4 4 12 6 2 10 35
4 4 12 5 8 5 28
4 4 12 4 14 0 78
4 4 12 4 3 11 190
4 4 12 3 9 6 29
4 4 12 2 15 1 51
4 4 12 2 4 12 175
4 4 12 1 10 7 190
4 4 12 0 16 2 111
4 4 12 0 5 13 69
4 4 11 17 0 2 114
4 4 11 15 1 3 162
4 4 11 13 2 4 93
4 4 11 11 3 5 164
4 4 11 10 9 0 128
4 4 11 9 4 6 126
4 4 11 8 10 1 175
4 4 11 7 5 7 125
4 4 11 6 11 2 115
4 4 11 6 0 13 114
4 4 11 5 6 8 113
4 4 11 4 12 3 184
4 4 11 4 1 14 185
4 4 11 3 7 9 186
4 4 11 2 13 4 137
4 4 11 2 2 15 22
4 4 11 1 8 10 197
4 4 11 0 14 5 184
4 4 11 0 3 16 3
4 4 10 16 4 0 21
4 4 10 14 5 1 117
4 4 10 13 0 7 75
4 4 10 12 6 2 142
4 4 10 11 1 8 193
4 4 10 10 7 3 71
4 4 10 9 2 9 63
4 4 10 8 8 4 57
4 4 10 7 3 10 77
4 4 10 6 9 5 166
4 4 10 5 15 0 183
4 4 10 5 4 11 122
4 4 10 4 10 6 150
4 4 10 3 16 1 83
4 4 10 3 5 12 181
4 4 10 2 11 7 52
4 4 10 2 0 18 36
4 4 10 1 17 2 84
4 4 10 1 6 13 146
4 4 10 0 12 8 14
4 4 10 0 1 19 145
4 4 9 20 0 1 57
4 4 9 18 1 2 132
4 4 9 16 2 3 94
4 4 9 14 3 4 125
4 4 9 12 4 5 162
4 4 9 11 10 0 175
4 4 9 10 5 6 97
4 4 9 9 11 1 74
4 4 9 9 0 12 77
4 4 9 8 6 7 34
4 4 9 7 12 2 40
4 4 9 7 1 13 7
4 4 9 6 7 8 176
4 4 9 5 13 3 66
4 4 9 5 2 14 114
4 4 9 4 8 9 118
4 4 9 3 14 4 17
4 4 9 3 3 15 14
4 4 9 2 9 10 164
4 4 9 1 15 5 155
4 4 9 1 4 16 23
4 4 9 0 21 0 40
4 4 9 0 10 11 100
4 4 8 17 5 0 107
4 4 8 16 0 6 95
4 4 8 15 6 1 28
4 4 8 14 1 7 62
4 4 8 13 7 2 193
4 4 8 12 2 8 49
4 4 8 11 8 3 160
4 4 8 10 3 9 26
4 4 8 9 9 4 28
4 4 8 8 4 10 135
4 4 8 7 10 5 86
4 4 8 6 16 0 197
4 4 8 6 5 11 83
4 4 8 5 11 6 163
4 4 8 5 0 17 26
4 4 8 4 17 1 155
4 4 8 4 6 12 77
4 4 8 3 12 7 197
4 4 8 3 1 18 56
4 4 8 2 18 2 153
4 4 8 2 7 13 99
4 4 8 1 13 8 180
4 4 8 1 2 19 78
4 4 8 0 19 3 103
4 4 8 0 8 14 36
4 4 7 23 0 0 190
4 4 7 21 1 1 106
4 4 7 19 2 2 170
4 4 7 17 3 3 62
4 4 7 15 4 4 46
4 4 7 13 5 5 144
4 4 7 12 11 0 181
4 4 7 12 0 11 54
4 4 7 11 6 6 24
4 4 7 10 12 1 69
4 4 7 10 1 12 185
4 4 7 9 7 7 138
4 4 7 8 13 2 121
4 4 7 8 2 13 167
4 4 7 7 8 8 163
4 4 7 6 14 3 44
4 4 7 6 3 14 49
4 4 7 5 9 9 7
4 4 7 4 15 4 66
4 4 7 4 4 15 153
4 4 7 3 10 10 141
4 4 7 2 16 5 146
4 4 7 2 5 16 157
4 4 7 1 22 0 26
4 4 7 1 11 11 6
4 4 7 1 0 22 52
4 4 7 0 17 6 104
4 4 7 0 6 17 116
4 4 6 19 0 5 167
4 4 6 18 6 0 167
4 4 6 17 1 6 28
4 4 6 16 7 1 107
4 4 6 15 2 7 81
4 4 6 14 8 2 43
4 4 6 13 3 8 183
4 4 6 12 9 3 112
4 4 6 11 4 9 187
4 4 6 10 10 4 151
4 4 6 9 5 10 19
4 4 6 8 11 5 170
4 4 6 8 0 16 104
4 4 6 7 17 0 48
4 4 6 7 6 11 100
4 4 6 6 12 6 37
4 4 6 6 1 17 177
4 4 6 5 18 1 31
4 4 6 5 7 12 176
4 4 6 4 13 7 189
4 4 6 4 2 18 194
4 4 6 3 19 2 91
4 4 6 3 8 13 187
4 4 6 2 14 8 151
4 4 6 2 3 19 62
4 4 6 1 20 3 147
4 4 6 1 9 14 177
4 4 6 0 15 9 143
4 4 6 0 4 20 66
4 4 5 24 1 0 115
4 4 5 22 2 1 178
4 4 5 20 3 2 195
4 4 5 18 4 3 5
4 4 5 16 5 4 107
4 4 5 15 0 10 184
4 4 5 14 6 5 79
4 4 5 13 12 0 55
4 4 5 13 1 11 107
4 4 5 12 7 6 35
4 4 5 11 13 1 98
4 4 5 11 2 12 196
4 4 5 10 8 7 81
4 4 5 9 14 2 78
4 4 5 9 3 13 127
4 4 5 8 9 8 81
4 4 5 7 15 3 99
4 4 5 7 4 14 92
4 4 5 6 10 9 193
4 4 5 5 16 4 140
4 4 5 5 5 15 141
4 4 5 4 11 10 15
4 4 5 4 0 21 171
4 4 5 3 17 5 144
4 4 5 3 6 16 70
4 4 5 2 23 0 60
4 4 5 2 12 11 4
4 4 5 2 1 22 69
4 4 5 1 18 6 179
4 4 5 1 7 17 34
4 4 5 0 24 1 174
4 4 5 0 13 12 5
4 4 5 0 2 23 110
4 4 4 22 0 4 156
4 4 4 20 1 5 42
4 4 4 19 7 0 126
4 4 4 18 2 6 13
4 4 4 17 8 1 177
4 4 4 16 3 7 22
4 4 4 15 9 2 37
4 4 4 14 4 8 29
4 4 4 13 10 3 124
4 4 4 12 5 9 38
4 4 4 11 11 4 44
4 4 4 11 0 15 96
4 4 4 10 6 10 184
4 4 4 9 12 5 186
4 4 4 9 1 16 37
4 4 4 8 18 0 104
4 4 4 8 7 11 85
4 4 4 7 13 6 52
4 4 4 7 2 17 86
4 4 4 6 19 1 194
4 4 4 6 8 12 198
4 4 4 5 14 7 188
4 4 4 5 3 18 102
4 4 4 4 20 2 8
4 4 4 4 9 13 54
4 4 4 3 15 8 42
4 4 4 3 4 19 151
4 4 4 2 21 3 96
4 4 4 2 10 14 138
4 4 4 1 16 9 139
4 4 4 1 5 20 175
4 4 4 0 22 4 153
4 4 4 0 11 15 161
4 4 4 0 0 26 96
4 4 3 25 2 0 29
4 4 3 23 3 1 42
4 4 3 21 4 2 44
4 4 3 19 5 3 172
4 4 3 18 0 9 175
4 4 3 17 6 4 198
4 4 3 16 1 10 144
4 4 3 15 7 5 80
4 4 3 14 13 0 101
4 4 3 14 2 11 67
4 4 3 13 8 6 186
4 4 3 12 14 1 6
4 4 3 12 3 12 38
4 4 3 11 9 7 26
4 4 3 10 15 2 20
4 4 3 10 4 13 47
4 4 3 9 10 8 186
4 4 3 8 16 3 16
4 4 3 8 5 14 70
4 4 3 7 11 9 167
4 4 3 7 0 20 50
4 4 3 6 17 4 30
4 4 3 6 6 15 147
4 4 3 5 12 10 5
4 4 3 5 1 21 85
4 4 3 4 18 5 90
4 4 3 4 7 16 48
4 4 3 3 24 0 20
4 4 3 3 13 11 114
4 4 3 3 2 22 10
4 4 3 2 19 6 20
4 4 3 2 8 17 3
4 4 3 1 25 1 29
4 4 3 1 14 12 3
4 4 3 1 3 23 86
4 4 3 0 20 7 82
4 4 3 0 9 18 79
4 4 2 25 0 3 13
4 4 2 23 1 4 10
4 4 2 21 2 5 171
4 4 2 20 8 0 33
4 4 2 19 3 6 105
4 4 2 18 9 1 87
4 4 2 17 4 7 134
4 4 2 16 10 2 37
4 4 2 15 5 8 18
4 4 2 14 11 3 110
4 4 2 14 0 14 81
4 4 2 13 6 9 1
4 4 2 12 12 4 95
4 4 2 12 1 15 31
4 4 2 11 7 10 172
4 4 2 10 13 5 171
4 4 2 10 2 16 116
4 4 2 9 19 0 108
4 4 2 9 8 11 158
4 4 2 8 14 6 115
4 4 2 8 3 17 99
4 4 2 7 20 1 59
4 4 2 7 9 12 37
4 4 2 6 15 7 10
4 4 2 6 4 18 130
4 4 2 5 21 2 48
4 4 2 5 10 13 49
4 4 2 4 16 8 135
4 4 2 4 5 19 34
4 4 2 3 22 3 148
4 4 2 3 11 14 111
4 4 2 3 0 25 96
4 4 2 2 17 9 194
4 4 2 2 6 20 100
4 4 2 1 23 4 116
4 4 2 1 12 15 158
4 4 2 1 1 26 79
4 4 2 0 18 10 68
4 4 2 0 7 21 87
4 4 1 26 3 0 195
4 4 1 24 4 1 13
4 4 1 22 5 2 172
4 4 1 21 0 8 14
4 4 1 20 6 3 13
4 4 1 19 1 9 186
4 4 1 18 7 4 111
4 4 1 17 2 10 182
4 4 1 16 8 5 64
4 4 1 15 14 0 139
4 4 1 15 3 11 47
4 4 1 14 9 6 132
4 4 1 13 15 1 42
4 4 1 13 4 12 92
4 4 1 12 10 7 67
4 4 1 11 16 2 188
4 4 1 11 5 13 183
4 4 1 10 11 8 49
4 4 1 10 0 19 111
4 4 1 9 17 3 10
4 4 1 9 6 14 85
4 4 1 8 12 9 178
4 4 1 8 1 20 163
4 4 1 7 18 4 167
4 4 1 7 7 15 27
4 4 1 6 13 10 134
4 4 1 6 2 21 69
4 4 1 5 19 5 15
4 4 1 5 8 16 33
4 4 1 4 25 0 93
4 4 1 4 14 11 78
4 4 1 4 3 22 190
4 4 1 3 20 6 19
4 4 1 3 9 17 124
4 4 1 2 26 1 72
4 4 1 2 15 12 160
4 4 1 2 4 23 191
4 4 1 1 21 7 91
4 4 1 1 10 18 37
4 4 1 0 27 2 187
4 4 1 0 16 13 64
4 4 1 0 5 24 15
4 4 0 28 0 2 43
4 4 0 26 1 3 190
4 4 0 24 2 4 122
4 4 0 22 3 5 152
4 4 0 21 9 0 133
4 4 0 20 4 6 159
4 4 0 19 10 1 41
4 4 0 18 5 7 93
4 4 0 17 11 2 195
4 4 0 17 0 13 41
4 4 0 16 6 8 73
4 4 0 15 12 3 69
4 4 0 15 1 14 48
4 4 0 14 7 9 6
4 4 0 13 13 4 98
4 4 0 13 2 15 72
4 4 0 12 8 10 34
4 4 0 11 14 5 30
4 4 0 11 3 16 152
4 4 0 10 20 0 171
4 4 0 10 9 11 129
4 4 0 9 15 6 43
4 4 0 9 4 17 101
4 4 0 8 21 1 80
4 4 0 8 10 12 39
4 4 0 7 16 7 7
4 4 0 7 5 18 125
4 4 0 6 22 2 32
4 4 0 6 11 13 178
4 4 0 6 0 24 81
4 4 0 5 17 8 113
4 4 0 5 6 19 166
4 4 0 4 23 3 167
4 4 0 4 12 14 165
4 4 0 4 1 25 141
4 4 0 3 18 9 86
4 4 0 3 7 20 85
4 4 0 2 24 4 11
4 4 0 2 13 15 123
4 4 0 2 2 26 146
4 4 0 1 19 10 114
4 4 0 1 8 21 14
4 4 0 0 25 5 167
4 4 0 0 14 16 43
4 4 0 0 3 27 118
4 3 28 1 0 2 62
4 3 27 0 4 0 75
4 3 26 4 0 1 62
4 3 26 2 1 2 37
4 3 26 0 2 3 182
4 3 25 1 5 0 50
4 3 25 0 0 6 54
4 3 24 7 0 0 80
4 3 24 5 1 1 127
4 3 24 3 2 2 86
4 3 24 1 3 3 111
4 3 23 3 0 5 74
4 3 23 2 6 0 16
4 3 23 1 1 6 138
4 3 23 0 7 1 193
4 3 22 8 1 0 47
4 3 22 6 2 1 119
4 3 22 4 3 2 141
4 3 22 2 4 3 151
4 3 22 0 5 4 44
4 3 21 6 0 4 102
4 3 21 4 1 5 53
4 3 21 3 7 0 99
4 3 21 2 2 6 74
4 3 21 1 8 1 181
4 3 21 0 3 7 170
4 3 20 9 2 0 40
4 3 20 7 3 1 138
4 3 20 5 4 2 185
4 3 20 3 5 3 104
4 3 20 2 0 9 107
4 3 20 1 6 4 120
4 3 20 0 1 10 126
4 3 19 9 0 3 132
4 3 19 7 1 4 65
4 3 19 5 2 5 158
4 3 19 4 8 0 180
4 3 19 3 3 6 72
4 3 19 2 9 1 124
4 3 19 1 4 7 52
4 3 19 0 10 2 101
4 3 18 10 3 0 128
4 3 18 8 4 1 42
4 3 18 6 5 2 178
4 3 18 5 0 8 16
4 3 18 4 6 3 29
4 3 18 3 1 9 61
4 3 18 2 7 4 197
4 3 18 1 2 10 25
4 3 18 0 8 5 165
4 3 17 12 0 2 51
4 3 17 10 1 3 180
4 3 17 8 2 4 152
4 3 17 6 3 5 88
4 3 17 5 9 0 24
4 3 17 4 4 6 194
4 3 17 3 10 1 92
4 3 17 2 5 7 55
4 3 17 1 11 2 66
4 3 17 1 0 13 20
4 3 17 0 6 8 70
4 3 16 11 4 0 76
4 3 16 9 5 1 167
4 3 16 8 0 7 69
4 3 16 7 6 2 180
4 3 16 6 1 8 88
4 3 16 5 7 3 16
4 3 16 4 2 9 123
4 3 16 3 8 4 128
4 3 16 2 3 10 187
4 3 16 1 9 5 50
4 3 16 0 15 0 115
4 3 16 0 4 11 116
4 3 15 15 0 1 75
4 3 15 13 1 2 168
4 3 15 11 2 3 17
4 3 15 9 3 4 69
4 3 15 7 4 5 75
4 3 15 6 10 0 96
4 3 15 5 5 6 116
4 3 15 4 11 1 98
4 3 15 4 0 12 91
4 3 15 3 6 7 92
4 3 15 2 12 2 139
4 3 15 2 1 13 60
4 3 15 1 7 8 147
4 3 15 0 13 3 47
4 3 15 0 2 14 135
4 3 14 12 5 0 152
4 3 14 11 0 6 167
4 3 14 10 6 1 184
4 3 14 9 1 7 173
4 3 14 8 7 2 29
4 3 14 7 2 8 49
4 3 14 6 8 3 174
4 3 14 5 3 9 4
4 3 14 4 9 4 108
4 3 14 3 4 10 25
4 3 14 2 10 5 27
4 3 14 1 16 0 89
4 3 14 1 5 11 10
4 3 14 0 11 6 149
4 3 14 0 0 17 130
4 3 13 18 0 0 194
4 3 13 16 1 1 40
4 3 13 14 2 2 149
4 3 13 12 3 3 103
4 3 13 10 4 4 27
4 3 13 8 5 5 157
4 3 13 7 11 0 34
4 3 13 7 0 11 183
4 3 13 6 6 6 128
4 3 13 5 12 1 82
4 3 13 5 1 12 114
4 3 13 4 7 7 165
4 3 13 3 13 2 127
4 3 13 3 2 13 171
4 3 13 2 8 8 21
4 3 13 1 14 3 61
4 3 13 1 3 14 85
4 3 13 0 9 9 173
4 3 12 14 0 5 152
4 3 12 13 6 0 82
4 3 12 12 1 6 6
4 3 12 11 7 1 196
4 3 12 10 2 7 26
4 3 12 9 8 2 173
4 3 12 8 3 8 175
4 3 12 7 9 3 134
4 3 12 6 4 9 194
4 3 12 5 10 4 137
4 3 12 4 5 10 119
4 3 12 3 11 5 162
4 3 12 3 0 16 10
4 3 12 2 17 0 126
4 3 12 2 6 11 93
4 3 12 1 12 6 193
4 3 12 1 1 17 122
4 3 12 0 18 1 94
4 3 12 0 7 12 25
4 3 11 19 1 0 54
4 3 11 17 2 1 65
4 3 11 15 3 2 63
4 3 11 13 4 3 197
4 3 11 11 5 4 115
4 3 11 10 0 10 15
4 3 11 9 6 5 127
4 3 11 8 12 0 37
4 3 11 8 1 11 122
4 3 11 7 7 6 137
4 3 11 6 13 1 73
4 3 11 6 2 12 191
4 3 11 5 8 7 16
4 3 11 4 14 2 60
4 3 11 4 3 13 196
4 3 11 3 9 8 165
4 3 11 2 15 3 190
4 3 11 2 4 14 195
4 3 11 1 10 9 169
4 3 11 0 16 4 37
4 3 11 0 5 15 69
4 3 10 17 0 4 6
4 3 10 15 1 5 152
4 3 10 14 7 0 134
4 3 10 13 2 6 31
4 3 10 12 8 1 28
4 3 10 11 3 7 198
4 3 10 10 9 2 94
4 3 10 9 4 8 154
4 3 10 8 10 3 36
4 3 10 7 5 9 18
4 3 10 6 11 4 193
4 3 10 6 0 15 169
4 3 10 5 6 10 44
4 3 10 4 12 5 161
4 3 10 4 1 16 37
4 3 10 3 18 0 68
4 3 10 3 7 11 156
4 3 10 2 13 6 106
4 3 10 2 2 17 36
4 3 10 1 19 1 180
4 3 10 1 8 12 7
4 3 10 0 14 7 37
4 3 10 0 3 18 110
4 3 9 20 2 0 45
4 3 9 18 3 1 68
4 3 9 16 4 2 182
4 3 9 14 5 3 81
4 3 9 13 0 9 141
4 3 9 12 6 4 119
4 3 9 11 1 10 129
4 3 9 10 7 5 26
4 3 9 9 13 0 159
4 3 9 9 2 11 22
4 3 9 8 8 6 78
4 3 9 7 14 1 144
4 3 9 7 3 12 182
4 3 9 6 9 7 33
4 3 9 5 15 2 50
4 3 9 5 4 13 25
4 3 9 4 10 8 17
4 3 9 3 16 3 33
4 3 9 3 5 14 183
4 3 9 2 11 9 141
4 3 9 2 0 20 148
4 3 9 1 17 4 36
4 3 9 1 6 15 121
4 3 9 0 12 10 194
4 3 9 0 1 21 127
4 3 8 20 0 3 103
4 3 8 18 1 4 129
4 3 8 16 2 5 177
4 3 8 15 8 0 45
4 3 8 13 9 1 99
4 3 8 12 4 7 102
4 3 8 11 10 2 21
4 3 8 10 5 8 133
4 3 8 9 11 3 90
4 3 8 9 0 14 66
4 3 8 8 6 9 149
4 3 8 7 12 4 163
4 3 8 7 1 15 47
4 3 8 6 7 10 86
4 3 8 5 13 5 145
4 3 8 5 2 16 69
4 3 8 4 19 0 181
4 3 8 4 8 11 6
4 3 8 3 14 6 98
4 3 8 3 3 17 150
4 3 8 2 20 1 108
4 3 8 2 9 12 94
4 3 8 1 15 7 180
4 3 8 1 4 18 14
4 3 8 0 21 2 72
4 3 8 0 10 13 164
4 3 7 21 3 0 75
4 3 7 19 4 1 13
4 3 7 17 5 2 198
4 3 7 16 0 8 187
4 3 7 15 6 3 83
4 3 7 14 1 9 130
4 3 7 13 7 4 40
4 3 7 12 2 10 82
4 3 7 11 8 5 96
4 3 7 10 14 0 4
4 3 7 10 3 11 31
4 3 7 9 9 6 185
4 3 7 8 15 1 139
4 3 7 8 4 12 165
4 3 7 7 10 7 182
4 3 7 6 16 2 69
4 3 7 6 5 13 53
4 3 7 5 11 8 77
4 3 7 5 0 19 46
4 3 7 4 17 3 20
4 3 7 4 6 14 146
4 3 7 3 12 9 105
4 3 7 3 1 20 24
4 3 7 2 18 4 193
4 3 7 2 7 15 152
4 3 7 1 13 10 116
4 3 7 1 2 21 15
4 3 7 0 19 5 62
4 3 7 0 8 16 56
4 3 6 23 0 2 112
4 3 6 21 1 3 197
4 3 6 19 2 4 2
4 3 6 17 3 5 141
4 3 6 16 9 0 187
4 3 6 15 4 6 167
4 3 6 14 10 1 92
4 3 6 13 5 7 187
4 3 6 12 11 2 136
4 3 6 12 0 13 76
4 3 6 11 6 8 80
4 3 6 10 12 3 143
4 3 6 10 1 14 161
4 3 6 9 7 9 146
4 3 6 8 13 4 90
4 3 6 8 2 15 2
4 3 6 7 8 10 91
4 3 6 6 14 5 44
4 3 6 6 3 16 83
4 3 6 5 20 0 39
4 3 6 5 9 11 24
4 3 6 4 15 6 35
4 3 6 4 4 17 6
4 3 6 3 21 1 77
4 3 6 3 10 12 101
4 3 6 2 16 7 42
4 3 6 2 5 18 55
4 3 6 1 22 2 7
4 3 6 1 11 13 130
4 3 6 1 0 24 175
4 3 6 0 17 8 33
4 3 6 0 6 19 119
4 3 5 22 4 0 176
4 3 5 20 5 1 73
4 3 5 19 0 7 52
4 3 5 18 6 2 3
4 3 5 17 1 8 192
4 3 5 16 7 3 110
4 3 5 15 2 9 95
4 3 5 14 8 4 106
4 3 5 13 3 10 45
4 3 5 12 9 5 132
4 3 5 11 15 0 144
4 3 5 11 4 11 105
4 3 5 10 10 6 139
4 3 5 9 16 1 55
4 3 5 9 5 12 43
4 3 5 8 11 7 66
4 3 5 8 0 18 115
4 3 5 7 17 2 33
4 3 5 7 6 13 189
4 3 5 6 12 8 132
4 3 5 6 1 19 143
4 3 5 5 18 3 191
4 3 5 5 7 14 107
4 3 5 4 13 9 91
4 3 5 4 2 20 88
4 3 5 3 19 4 8
4 3 5 3 8 15 112
4 3 5 2 14 10 180
4 3 5 2 3 21 195
4 3 5 1 20 5 35
4 3 5 1 9 16 17
4 3 5 0 26 0 178
4 3 5 0 15 11 6
4 3 5 0 4 22 179
4 3 4 26 0 1 142
4 3 4 24 1 2 181
4 3 4 22 2 3 49
4 3 4 20 3 4 9
4 3 4 18 4 5 153
4 3 4 17 10 0 46
4 3 4 16 5 6 56
4 3 4 15 11 1 85
4 3 4 15 0 12 165
4 3 4 14 6 7 191
4 3 4 13 12 2 32
4 3 4 13 1 13 22
4 3 4 12 7 8 85
4 3 4 11 13 3 22
4 3 4 11 2 14 37
4 3 4 10 8 9 147
4 3 4 9 14 4 190
4 3 4 9 3 15 44
4 3 4 8 9 10 49
4 3 4 7 15 5 98
4 3 4 7 4 16 98
4 3 4 6 21 0 139
4 3 4 6 10 11 147
4 3 4 5 16 6 75
4 3 4 5 5 17 29
4 3 4 4 22 1 109
4 3 4 4 11 12 135
4 3 4 3 17 7 148
4 3 4 3 6 18 137
4 3 4 2 23 2 8
4 3 4 2 12 13 92
4 3 4 2 1 24 105
4 3 4 1 18 8 154
4 3 4 1 7 19 76
4 3 4 0 24 3 178
4 3 4 0 13 14 144
4 3 4 0 2 25 169
4 3 3 23 5 0 94
4 3 3 22 0 6 153
4 3 3 21 6 1 41
4 3 3 20 1 7 137
4 3 3 19 7 2 10
4 3 3 18 2 8 11
4 3 3 17 8 3 60
4 3 3 16 3 9 101
4 3 3 15 9 4 192
4 3 3 14 4 10 37
4 3 3 13 10 5 125
4 3 3 12 16 0 178
4 3 3 12 5 11 164
4 3 3 11 11 6 114
4 3 3 11 0 17 12
4 3 3 10 17 1 146
4 3 3 10 6 12 154
4 3 3 9 12 7 114
4 3 3 9 1 18 149
4 3 3 8 18 2 58
4 3 3 8 7 13 114
4 3 3 7 13 8 196
4 3 3 7 2 19 125
4 3 3 6 19 3 35
4 3 3 6 8 14 195
4 3 3 5 14 9 116
4 3 3 5 3 20 94
4 3 3 4 20 4 34
4 3 3 4 9 15 179
4 3 3 3 15 10 180
4 3 3 3 4 21 131
4 3 3 2 21 5 127
4 3 3 2 10 16 108
4 3 3 1 27 0 145
4 3 3 1 16 11 122
4 3 3 1 5 22 86
4 3 3 0 11 17 9
4 3 3 0 0 28 34
4 3 2 29 0 0 136
4 3 2 27 1 1 63
4 3 2 25 2 2 1
4 3 2 23 3 3 105
4 3 2 21 4 4 158
4 3 2 19 5 5 174
4 3 2 18 11 0 164
4 3 2 18 0 11 181
4 3 2 17 6 6 98
4 3 2 16 12 1 146
4 3 2 16 1 12 188
4 3 2 15 7 7 95
4 3 2 14 13 2 144
4 3 2 14 2 13 102
4 3 2 13 8 8 163
4 3 2 12 14 3 148
4 3 2 12 3 14 33
4 3 2 11 9 9 189
4 3 2 10 15 4 120
4 3 2 10 4 15 46
4 3 2 9 10 10 36
4 3 2 8 16 5 97
4 3 2 8 5 16 78
4 3 2 7 22 0 23
4 3 2 7 11 11 9
4 3 2 7 0 22 165
4 3 2 6 17 6 125
4 3 2 6 6 17 117
4 3 2 5 23 1 134
4 3 2 5 12 12 71
4 3 2 5 1 23 190
4 3 2 4 18 7 158
4 3 2 4 7 18 120
4 3 2 3 24 2 181
4 3 2 3 13 13 187
4 3 2 3 2 24 54
4 3 2 2 19 8 7
4 3 2 2 8 19 164
4 3 2 1 25 3 40
4 3 2 1 14 14 89
4 3 2 1 3 25 23
4 3 2 0 20 9 36
4 3 2 0 9 20 72
4 3 1 25 0 5 76
4 3 1 24 6 0 63
4 3 1 23 1 6 74
4 3 1 22 7 1 127
4 3 1 21 2 7 41
4 3 1 20 8 2 119
4 3 1 19 3 8 12
4 3 1 18 9 3 189
4 3 1 17 4 9 84
4 3 1 16 10 4 17
4 3 1 15 5 10 22
4 3 1 14 11 5 184
4 3 1 14 0 16 113
4 3 1 13 17 0 176
4 3 1 13 6 11 76
4 3 1 12 12 6 54
4 3 1 12 1 17 78
4 3 1 11 18 1 157
4 3 1 11 7 12 42
4 3 1 10 13 7 183
4 3 1 10 2 18 156
4 3 1 9 19 2 60
4 3 1 9 8 13 56
4 3 1 8 14 8 128
4 3 1 8 3 19 74
4 3 1 7 20 3 191
4 3 1 7 9 14 133
4 3 1 6 15 9 9
4 3 1 6 4 20 162
4 3 1 5 21 4 99
4 3 1 5 10 15 70
4 3 1 4 16 10 25
4 3 1 4 5 21 198
4 3 1 3 22 5 83
4 3 1 3 11 16 150
4 3 1 3 0 27 92
4 3 1 2 28 0 167
4 3 1 2 17 11 116
4 3 1 2 6 22 145
4 3 1 1 23 6 144
4 3 1 1 1 28 94
4 3 1 0 29 1 157
4 3 1 0 18 12 177
4 3 1 0 7 23 53
4 3 0 30 1 0 26
4 3 0 28 2 1 151
4 3 0 26 3 2 51
4 3 0 24 4 3 148
4 3 0 22 5 4 102
4 3 0 21 0 10 47
4 3 0 20 6 5 91
4 3 0 19 12 0 178
4 3 0 19 1 11 165
4 3 0 18 7 6 116
4 3 0 17 13 1 170
4 3 0 17 2 12 99
4 3 0 16 8 7 90
4 3 0 15 14 2 124
4 3 0 15 3 13 115
4 3 0 14 9 8 169
4 3 0 13 4 14 144
4 3 0 12 10 9 198
4 3 0 11 16 4 6
4 3 0 11 5 15 29
4 3 0 10 11 10 90
4 3 0 10 0 21 151
4 3 0 9 17 5 25
4 3 0 9 6 16 11
4 3 0 8 23 0 47
4 3 0 8 12 11 1
4 3 0 8 1 22 164
4 3 0 7 18 6 130
4 3 0 7 7 17 137
4 3 0 6 24 1 106
4 3 0 6 13 12 192
4 3 0 6 2 23 90
4 3 0 5 19 7 173
4 3 0 5 8 18 132
4 3 0 4 25 2 189
4 3 0 4 14 13 114
4 3 0 4 3 24 160
4 3 0 3 20 8 89
4 3 0 3 9 19 69
4 3 0 2 26 3 52
4 3 0 2 15 14 136
4 3 0 2 4 25 142
4 3 0 1 21 9 8
4 3 0 1 10 20 61
4 3 0 0 27 4 92
4 3 0 0 16 15 74
4 3 0 0 5 26 62
4 2 30 2 0 0 195
4 2 30 0 1 1 167
4 2 28 3 1 0 123
4 2 28 1 2 1 87
4 2 27 1 0 4 195
4 2 26 4 2 0 25
4 2 26 2 3 1 94
4 2 26 0 4 2 75
4 2 25 4 0 3 29
4 2 25 2 1 4 69
4 2 25 0 2 5 26
4 2 24 5 3 0 189
4 2 24 3 4 1 172
4 2 24 1 5 2 168
4 2 24 0 0 8 119
4 2 23 7 0 2 7
4 2 23 5 1 3 34
4 2 23 3 2 4 176
4 2 23 1 3 5 137
4 2 23 0 9 0 83
4 2 22 6 4 0 141
4 2 22 4 5 1 136
4 2 22 3 0 7 163
4 2 22 2 6 2 127
4 2 22 1 1 8 194
4 2 22 0 7 3 192
4 2 21 10 0 1 131
4 2 21 8 1 2 80
4 2 21 6 2 3 165
4 2 21 4 3 4 141
4 2 21 2 4 5 45
4 2 21 1 10 0 73
4 2 21 0 5 6 179
4 2 20 7 5 0 4
4 2 20 6 0 6 112
4 2 20 5 6 1 182
4 2 20 4 1 7 1
4 2 20 3 7 2 184
4 2 20 2 2 8 13
4 2 20 1 8 3 7
4 2 20 0 3 9 56
4 2 19 13 0 0 90
4 2 19 11 1 1 95
4 2 19 9 2 2 84
4 2 19 7 3 3 190
4 2 19 5 4 4 20
4 2 19 3 5 5 190
4 2 19 2 11 0 49
4 2 19 2 0 11 181
4 2 19 1 6 6 143
4 2 19 0 12 1 36
4 2 19 0 1 12 139
4 2 18 9 0 5 8
4 2 18 8 6 0 159
4 2 18 7 1 6 30
4 2 18 6 7 1 190
4 2 18 5 2 7 5
4 2 18 4 8 2 161
4 2 18 3 3 8 15
4 2 18 2 9 3 130
4 2 18 1 4 9 168
4 2 18 0 10 4 58
4 2 17 14 1 0 62
4 2 17 12 2 1 149
4 2 17 10 3 2 84
4 2 17 8 4 3 170
4 2 17 6 5 4 91
4 2 17 5 0 10 5
4 2 17 4 6 5 151
4 2 17 3 12 0 187
4 2 17 3 1 11 131
4 2 17 2 7 6 194
4 2 17 1 13 1 88
4 2 17 1 2 12 95
4 2 17 0 8 7 81
4 2 16 12 0 4 55
4 2 16 10 1 5 106
4 2 16 9 7 0 120
4 2 16 8 2 6 20
4 2 16 7 8 1 157
4 2 16 6 3 7 9
4 2 16 5 9 2 13
4 2 16 4 4 8 100
4 2 16 3 10 3 167
4 2 16 2 5 9 74
4 2 16 1 11 4 112
4 2 16 1 0 15 7
4 2 16 0 6 10 181
4 2 15 15 2 0 167
4 2 15 13 3 1 185
4 2 15 11 4 2 30
4 2 15 9 5 3 192
4 2 15 8 0 9 184
4 2 15 7 6 4 140
4 2 15 6 1 10 159
4 2 15 5 7 5 187
4 2 15 4 13 0 12
4 2 15 4 2 11 163
4 2 15 3 8 6 187
4 2 15 2 14 1 128
4 2 15 2 3 12 43
4 2 15 1 9 7 126
4 2 15 0 15 2 75
4 2 15 0 4 13 91
4 2 14 15 0 3 105
4 2 14 13 1 4 77
4 2 14 11 2 5 168
4 2 14 10 8 0 163
4 2 14 9 3 6 65
4 2 14 8 9 1 128
4 2 14 7 4 7 59
4 2 14 6 10 2 178
4 2 14 5 5 8 187
4 2 14 4 11 3 38
4 2 14 4 0 14 79
4 2 14 3 6 9 7
4 2 14 2 12 4 98
4 2 14 2 1 15 198
4 2 14 1 7 10 7
4 2 14 0 13 5 187
4 2 14 0 2 16 111
4 2 13 16 3 0 135
4 2 13 14 4 1 38
4 2 13 12 5 2 147
4 2 13 11 0 8 135
4 2 13 10 6 3 144
4 2 13 9 1 9 25
4 2 13 8 7 4 193
4 2 13 7 2 10 131
4 2 13 6 8 5 188
4 2 13 5 14 0 93
4 2 13 5 3 11 61
4 2 13 4 9 6 76
4 2 13 3 15 1 188
4 2 13 3 4 12 93
4 2 13 2 10 7 13
4 2 13 1 16 2 164
4 2 13 1 5 13 133
4 2 13 0 11 8 20
4 2 13 0 0 19 160
4 2 12 18 0 2 46
4 2 12 16 1 3 160
4 2 12 14 2 4 11
4 2 12 12 3 5 132
4 2 12 11 9 0 83
4 2 12 10 4 6 143
4 2 12 9 10 1 176
4 2 12 8 5 7 166
4 2 12 7 11 2 50
4 2 12 7 0 13 104
4 2 12 6 6 8 96
4 2 12 5 12 3 198
4 2 12 5 1 14 25
4 2 12 4 7 9 127
4 2 12 3 13 4 58
4 2 12 3 2 15 104
4 2 12 2 8 10 73
4 2 12 1 14 5 53
4 2 12 1 3 16 10
4 2 12 0 20 0 10
4 2 12 0 9 11 157
4 2 11 17 4 0 138
4 2 11 15 5 1 36
4 2 11 14 0 7 48
4 2 11 13 6 2 78
4 2 11 12 1 8 161
4 2 11 11 7 3 136
4 2 11 10 2 9 147
4 2 11 9 8 4 145
4 2 11 8 3 10 122
4 2 11 7 9 5 163
4 2 11 6 15 0 183
4 2 11 6 4 11 53
4 2 11 5 10 6 57
4 2 11 4 16 1 22
4 2 11 4 5 12 23
4 2 11 3 11 7 27
4 2 11 3 0 18 186
4 2 11 2 17 2 89
4 2 11 2 6 13 117
4 2 11 1 12 8 48
4 2 11 1 1 19 124
4 2 11 0 18 3 120
4 2 11 0 7 14 137
4 2 10 21 0 1 94
4 2 10 19 1 2 38
4 2 10 17 2 3 155
4 2 10 15 3 4 66
4 2 10 13 4 5 157
4 2 10 12 10 0 26
4 2 10 11 5 6 56
4 2 10 10 11 1 38
4 2 10 10 0 12 43
4 2 10 9 6 7 107
4 2 10 8 12 2 104
4 2 10 8 1 13 96
4 2 10 7 7 8 123
4 2 10 6 13 3 71
4 2 10 6 2 14 56
4 2 10 5 8 9 191
4 2 10 4 14 4 113
4 2 10 4 3 15 193
4 2 10 3 9 10 83
4 2 10 2 15 5 64
4 2 10 2 4 16 73
4 2 10 1 21 0 104
4 2 10 1 10 11 13
4 2 10 0 16 6 137
4 2 10 0 5 17 125
4 2 9 18 5 0 19
4 2 9 17 0 6 39
4 2 9 16 6 1 176
4 2 9 15 1 7 76
4 2 9 14 7 2 173
4 2 9 13 2 8 51
4 2 9 12 8 3 41
4 2 9 11 3 9 74
4 2 9 10 9 4 133
4 2 9 9 4 10 170
4 2 9 8 10 5 157
4 2 9 7 16 0 195
4 2 9 7 5 11 140
4 2 9 6 11 6 48
4 2 9 6 0 17 117
4 2 9 5 17 1 126
4 2 9 5 6 12 111
4 2 9 4 12 7 139
4 2 9 4 1 18 73
4 2 9 3 18 2 72
4 2 9 3 7 13 153
4 2 9 2 13 8 88
4 2 9 2 2 19 58
4 2 9 1 19 3 156
4 2 9 1 8 14 72
4 2 9 0 14 9 40
4 2 9 0 3 20 61
4 2 8 24 0 0 76
4 2 8 22 1 1 20
4 2 8 20 2 2 9
4 2 8 18 3 3 126
4 2 8 16 4 4 73
4 2 8 14 5 5 9
4 2 8 13 11 0 143
4 2 8 13 0 11 13
4 2 8 12 6 6 44
4 2 8 11 12 1 161
4 2 8 11 1 12 52
4 2 8 10 7 7 169
4 2 8 9 13 2 27
4 2 8 9 2 13 62
4 2 8 8 8 8 64
4 2 8 7 14 3 166
4 2 8 7 3 14 80
4 2 8 6 9 9 178
4 2 8 5 15 4 24
4 2 8 5 4 15 149
4 2 8 4 10 10 1
4 2 8 3 16 5 187
4 2 8 3 5 16 28
4 2 8 2 22 0 144
4 2 8 2 11 11 69
4 2 8 2 0 22 186
4 2 8 1 17 6 130
4 2 8 1 6 17 115
4 2 8 0 23 1 163
4 2 8 0 12 12 51
4 2 8 0 1 23 36
4 2 7 20 0 5 115
4 2 7 19 6 0 90
4 2 7 18 1 6 99
4 2 7 17 7 1 149
4 2 7 16 2 7 129
4 2 7 15 8 2 30
4 2 7 14 3 8 32
4 2 7 13 9 3 19
4 2 7 10 5 10 194
4 2 7 9 11 5 163
4 2 7 9 0 16 16
4 2 7 8 17 0 101
4 2 7 8 6 11 154
4 2 7 7 12 6 51
4 2 7 7 1 17 179
4 2 7 6 18 1 81
4 2 7 6 7 12 189
4 2 7 5 13 7 58
4 2 7 5 2 18 36
4 2 7 4 19 2 168
4 2 7 4 8 13 61
4 2 7 3 14 8 20
4 2 7 3 3 19 47
4 2 7 2 20 3 194
4 2 7 2 9 14 182
4 2 7 1 15 9 167
4 2 7 1 4 20 93
4 2 7 0 21 4 129
4 2 7 0 10 15 71
4 2 6 25 1 0 130
4 2 6 23 2 1 46
4 2 6 21 3 2 13
4 2 6 19 4 3 195
4 2 6 17 5 4 29
4 2 6 16 0 10 41
4 2 6 15 6 5 6
4 2 6 14 12 0 68
4 2 6 14 1 11 98
4 2 6 13 7 6 166
4 2 6 12 13 1 79
4 2 6 12 2 12 85
4 2 6 11 8 7 152
4 2 6 10 14 2 172
4 2 6 10 3 13 146
4 2 6 9 9 8 192
4 2 6 8 15 3 69
4 2 6 8 4 14 103
4 2 6 7 10 9 116
4 2 6 6 16 4 142
4 2 6 6 5 15 81
4 2 6 5 11 10 19
4 2 6 5 0 21 130
4 2 6 4 17 5 192
4 2 6 4 6 16 45
4 2 6 3 23 0 33
4 2 6 3 12 11 9
4 2 6 3 1 22 78
4 2 6 2 18 6 31
4 2 6 2 7 17 152
4 2 6 1 24 1 197
4 2 6 1 13 12 89
4 2 6 1 2 23 75
4 2 6 0 19 7 91
4 2 6 0 8 18 121
4 2 5 23 0 4 164
4 2 5 21 1 5 14
4 2 5 20 7 0 192
4 2 5 19 2 6 81
4 2 5 18 8 1 122
4 2 5 17 3 7 150
4 2 5 16 9 2 30
4 2 5 15 4 8 180
4 2 5 14 10 3 16
4 2 5 13 5 9 151
4 2 5 12 11 4 88
4 2 5 12 0 15 84
4 2 5 11 6 10 56
4 2 5 10 12 5 161
4 2 5 10 1 16 187
4 2 5 9 18 0 134
4 2 5 9 7 11 79
4 2 5 8 13 6 64
4 2 5 8 2 17 38
4 2 5 7 19 1 65
4 2 5 7 8 12 187
4 2 5 6 14 7 116
4 2 5 6 3 18 25
4 2 5 5 20 2 176
4 2 5 5 9 13 125
4 2 5 4 15 8 78
4 2 5 4 4 19 150
4 2 5 3 21 3 11
4 2 5 3 10 14 81
4 2 5 2 16 9 69
4 2 5 2 5 20 76
4 2 5 1 22 4 61
4 2 5 1 11 15 48
4 2 5 1 0 26 19
4 2 5 0 17 10 43
4 2 5 0 6 21 186
4 2 4 26 2 0 46
4 2 4 24 3 1 159
4 2 4 22 4 2 179
4 2 4 20 5 3 1
4 2 4 19 0 9 124
4 2 4 18 6 4 198
4 2 4 17 1 10 113
4 2 4 16 7 5 169
4 2 4 15 13 0 46
4 2 4 15 2 11 173
4 2 4 14 8 6 71
4 2 4 13 14 1 107
4 2 4 13 3 12 11
4 2 4 12 9 7 106
4 2 4 11 15 2 10
4 2 4 11 4 13 48
4 2 4 10 10 8 73
4 2 4 9 16 3 33
4 2 4 9 5 14 196
4 2 4 8 11 9 51
4 2 4 8 0 20 158
4 2 4 7 17 4 20
4 2 4 7 6 15 96
4 2 4 6 12 10 108
4 2 4 6 1 21 156
4 2 4 5 18 5 189
4 2 4 5 7 16 102
4 2 4 4 24 0 89
4 2 4 4 13 11 64
4 2 4 4 2 22 135
4 2 4 3 19 6 104
4 2 4 3 8 17 31
4 2 4 2 25 1 22
4 2 4 2 14 12 79
4 2 4 2 3 23 85
4 2 4 1 20 7 32
4 2 4 1 9 18 98
4 2 4 0 26 2 12
4 2 4 0 15 13 80
4 2 4 0 4 24 50
4 2 3 26 0 3 172
4 2 3 24 1 4 189
4 2 3 22 2 5 83
4 2 3 21 8 0 165
4 2 3 20 3 6 70
4 2 3 19 9 1 86
4 2 3 18 4 7 82
4 2 3 17 10 2 180
4 2 3 16 5 8 182
4 2 3 15 11 3 183
4 2 3 15 0 14 73
4 2 3 14 6 9 50
4 2 3 13 12 4 19
4 2 3 13 1 15 14
4 2 3 12 7 10 159
4 2 3 11 13 5 43
4 2 3 11 2 16 66
4 2 3 10 19 0 47
4 2 3 10 8 11 82
4 2 3 9 14 6 190
4 2 3 9 3 17 161
4 2 3 8 20 1 82
4 2 3 8 9 12 63
4 2 3 7 15 7 152
4 2 3 7 4 18 163
4 2 3 6 21 2 198
4 2 3 6 10 13 192
4 2 3 5 16 8 139
4 2 3 5 5 19 132
4 2 3 4 22 3 90
4 2 3 4 11 14 85
4 2 3 4 0 25 41
4 2 3 3 17 9 28
4 2 3 3 6 20 102
4 2 3 2 23 4 29
4 2 3 2 12 15 99
4 2 3 2 1 26 176
4 2 3 1 18 10 130
4 2 3 1 7 21 23
4 2 3 0 24 5 165
4 2 3 0 13 16 193
4 2 3 0 2 27 54
4 2 2 27 3 0 76
4 2 2 25 4 1 133
4 2 2 23 5 2 63
4 2 2 22 0 8 60
4 2 2 21 6 3 80
4 2 2 20 1 9 165
4 2 2 19 7 4 183
4 2 2 18 2 10 11
4 2 2 17 8 5 160
4 2 2 16 14 0 171
4 2 2 16 3 11 57
4 2 2 15 9 6 87
4 2 2 14 15 1 185
4 2 2 14 4 12 85
4 2 2 13 10 7 188
4 2 2 12 16 2 187
4 2 2 12 5 13 173
4 2 2 11 11 8 161
4 2 2 11 0 19 140
4 2 2 10 17 3 18
4 2 2 10 6 14 93
4 2 2 9 12 9 45
4 2 2 9 1 20 169
4 2 2 8 18 4 7
4 2 2 8 7 15 125
4 2 2 7 13 10 97
4 2 2 7 2 21 88
4 2 2 6 19 5 7
4 2 2 6 8 16 160
4 2 2 5 25 0 14
4 2 2 5 14 11 18
4 2 2 5 3 22 189
4 2 2 4 20 6 78
4 2 2 4 9 17 58
4 2 2 3 26 1 163
4 2 2 3 15 12 178
4 2 2 3 4 23 143
4 2 2 2 21 7 26
4 2 2 2 10 18 58
4 2 2 1 27 2 21
4 2 2 1 16 13 129
4 2 2 1 5 24 7
4 2 2 0 22 8 186
4 2 2 0 11 19 27
4 2 2 0 0 30 94
4 2 1 29 0 2 9
4 2 1 27 1 3 13
4 2 1 25 2 4 46
4 2 1 23 3 5 67
4 2 1 22 9 0 152
4 2 1 21 4 6 166
4 2 1 20 10 1 99
4 2 1 19 5 7 182
4 2 1 18 11 2 177
4 2 1 18 0 13 20
4 2 1 17 6 8 177
4 2 1 16 12 3 33
4 2 1 16 1 14 147
4 2 1 15 7 9 162
4 2 1 14 13 4 128
4 2 1 14 2 15 163
4 2 1 13 8 10 28
4 2 1 12 14 5 141
4 2 1 12 3 16 13
4 2 1 11 20 0 80
4 2 1 11 9 11 112
4 2 1 10 15 6 13
4 2 1 10 4 17 174
4 2 1 9 21 1 11
4 2 1 9 10 12 5
4 2 1 8 16 7 17
4 2 1 8 5 18 62
4 2 1 7 22 2 40
4 2 1 7 11 13 153
4 2 1 7 0 24 101
4 2 1 6 17 8 6
4 2 1 6 6 19 29
4 2 1 5 23 3 30
4 2 1 5 12 14 111
4 2 1 5 1 25 158
4 2 1 4 18 9 86
4 2 1 4 7 20 134
4 2 1 3 24 4 166
4 2 1 3 13 15 37
4 2 1 3 2 26 58
4 2 1 2 19 10 71
4 2 1 2 8 21 146
4 2 1 1 25 5 67
4 2 1 1 14 16 72
4 2 1 1 3 27 34
4 2 1 0 31 0 56
4 2 1 0 20 11 151
4 2 1 0 9 22 197
4 2 0 28 4 0 116
4 2 0 26 5 1 125
4 2 0 25 0 7 69
4 2 0 24 6 2 127
4 2 0 23 1 8 109
4 2 0 22 7 3 90
4 2 0 21 2 9 73
4 2 0 20 8 4 154
4 2 0 19 3 10 24
4 2 0 18 9 5 62
4 2 0 17 15 0 191
4 2 0 16 10 6 27
4 2 0 15 16 1 174
4 2 0 15 5 12 57
4 2 0 14 11 7 151
4 2 0 14 0 18 85
4 2 0 13 17 2 115
4 2 0 13 6 13 138
4 2 0 12 12 8 81
4 2 0 12 1 19 134
4 2 0 11 18 3 24
4 2 0 11 7 14 18
4 2 0 10 13 9 76
4 2 0 10 2 20 149
4 2 0 9 19 4 147
4 2 0 9 8 15 187
4 2 0 8 14 10 110
4 2 0 8 3 21 165
4 2 0 7 20 5 64
4 2 0 7 9 16 51
4 2 0 6 26 0 141
4 2 0 6 15 11 76
4 2 0 6 4 22 144
4 2 0 5 21 6 80
4 2 0 5 10 17 115
4 2 0 4 27 1 183
4 2 0 4 16 12 196
4 2 0 4 5 23 10
4 2 0 3 22 7 63
4 2 0 3 11 18 74
4 2 0 3 0 29 60
4 2 0 2 28 2 51
4 2 0 2 17 13 148
4 2 0 2 6 24 194
4 2 0 1 23 8 133
4 2 0 1 12 19 147
4 2 0 1 1 30 94
4 2 0 0 29 3 118
4 2 0 0 18 14 184
4 2 0 0 7 25 184
4 1 30 0 3 0 106
4 1 29 2 0 2 42
4 1 29 0 1 3 148
4 1 28 1 4 0 72
4 1 27 5 0 1 2
4 1 27 3 1 2 95
4 1 27 1 2 3 115
4 1 26 2 5 0 45
4 1 26 1 0 6 62
4 1 26 0 6 1 101
4 1 25 8 0 0 18
4 1 25 6 1 1 88
4 1 25 4 2 2 5
4 1 25 2 3 3 50
4 1 25 0 4 4 177
4 1 24 4 0 5 58
4 1 24 3 6 0 23
4 1 24 2 1 6 133
4 1 24 1 7 1 105
4 1 24 0 2 7 195
4 1 23 9 1 0 141
4 1 23 7 2 1 45
4 1 23 5 3 2 150
4 1 23 3 4 3 158
4 1 23 1 5 4 172
4 1 23 0 0 10 130
4 1 22 7 0 4 116
4 1 22 5 1 5 147
4 1 22 4 7 0 181
4 1 22 3 2 6 56
4 1 22 2 8 1 110
4 1 22 1 3 7 183
4 1 22 0 9 2 182
4 1 21 10 2 0 105
4 1 21 8 3 1 157
4 1 21 6 4 2 50
4 1 21 4 5 3 39
4 1 21 3 0 9 146
4 1 21 2 6 4 154
4 1 21 1 1 10 141
4 1 21 0 7 5 6
4 1 20 10 0 3 141
4 1 20 8 1 4 63
4 1 20 6 2 5 143
4 1 20 5 8 0 73
4 1 20 4 3 6 61
4 1 20 3 9 1 45
4 1 20 2 4 7 44
4 1 20 1 10 2 171
4 1 20 0 5 8 31
4 1 19 11 3 0 70
4 1 19 9 4 1 176
4 1 19 7 5 2 12
4 1 19 6 0 8 49
4 1 19 5 6 3 102
4 1 19 4 1 9 148
4 1 19 3 7 4 23
4 1 19 2 2 10 148
4 1 19 1 8 5 73
4 1 19 0 14 0 45
4 1 19 0 3 11 52
4 1 18 13 0 2 43
4 1 18 11 1 3 166
4 1 18 9 2 4 179
4 1 18 7 3 5 135
4 1 18 6 9 0 40
4 1 18 5 4 6 192
4 1 18 4 10 1 122
4 1 18 3 5 7 104
4 1 18 2 11 2 31
4 1 18 2 0 13 53
4 1 18 1 6 8 179
4 1 18 0 12 3 15
4 1 18 0 1 14 70
4 1 17 12 4 0 190
4 1 17 10 5 1 99
4 1 17 9 0 7 175
4 1 17 8 6 2 182
4 1 17 7 1 8 82
4 1 17 6 7 3 116
4 1 17 5 2 9 41
4 1 17 4 8 4 109
4 1 17 3 3 10 163
4 1 17 1 15 0 155
4 1 17 1 4 11 118
4 1 17 0 10 6 147
4 1 16 16 0 1 94
4 1 16 14 1 2 20
4 1 16 12 2 3 32
4 1 16 10 3 4 149
4 1 16 8 4 5 181
4 1 16 7 10 0 86
4 1 16 6 5 6 42
4 1 16 5 11 1 28
4 1 16 5 0 12 153
4 1 16 4 6 7 63
4 1 16 3 12 2 20
4 1 16 3 1 13 100
4 1 16 2 7 8 34
4 1 16 1 13 3 104
4 1 16 1 2 14 142
4 1 16 0 8 9 99
4 1 15 13 5 0 61
4 1 15 12 0 6 24
4 1 15 11 6 1 30
4 1 15 10 1 7 87
4 1 15 9 7 2 71
4 1 15 8 2 8 194
4 1 15 7 8 3 143
4 1 15 6 3 9 117
4 1 15 5 9 4 159
4 1 15 4 4 10 134
4 1 15 3 10 5 126
4 1 15 2 16 0 164
4 1 15 2 5 11 129
4 1 15 1 11 6 103
4 1 15 1 0 17 157
4 1 15 0 17 1 114
4 1 15 0 6 12 174
4 1 14 19 0 0 160
4 1 14 17 1 1 25
4 1 14 15 2 2 54
4 1 14 13 3 3 44
4 1 14 11 4 4 143
4 1 14 9 5 5 70
4 1 14 8 11 0 169
4 1 14 8 0 11 9
4 1 14 7 6 6 39
4 1 14 6 12 1 193
4 1 14 6 1 12 145
4 1 14 5 7 7 75
4 1 14 4 13 2 57
4 1 14 4 2 13 71
4 1 14 3 8 8 124
4 1 14 2 14 3 171
4 1 14 2 3 14 166
4 1 14 1 9 9 71
4 1 14 0 15 4 88
4 1 14 0 4 15 149
4 1 13 15 0 5 5
4 1 13 14 6 0 60
4 1 13 13 1 6 137
4 1 13 12 7 1 30
4 1 13 11 2 7 49
4 1 13 10 8 2 35
4 1 13 9 3 8 134
4 1 13 8 9 3 179
4 1 13 7 4 9 186
4 1 13 6 10 4 29
4 1 13 5 5 10 181
4 1 13 4 11 5 59
4 1 13 4 0 16 61
4 1 13 3 17 0 23
4 1 13 3 6 11 112
4 1 13 2 12 6 115
4 1 13 2 1 17 13
4 1 13 1 18 1 193
4 1 13 1 7 12 25
4 1 13 0 13 7 27
4 1 13 0 2 18 3
4 1 12 20 1 0 180
4 1 12 18 2 1 165
4 1 12 16 3 2 50
4 1 12 14 4 3 184
4 1 12 12 5 4 63
4 1 12 11 0 10 145
4 1 12 10 6 5 178
4 1 12 9 12 0 62
4 1 12 9 1 11 70
4 1 12 8 7 6 130
4 1 12 7 13 1 66
4 1 12 7 2 12 186
4 1 12 6 8 7 119
4 1 12 5 14 2 101
4 1 12 5 3 13 102
4 1 12 4 9 8 184
4 1 12 3 15 3 20
4 1 12 3 4 14 59
4 1 12 2 10 9 20
4 1 12 1 16 4 87
4 1 12 1 5 15 47
4 1 12 0 11 10 115
4 1 12 0 0 21 89
4 1 11 18 0 4 62
4 1 11 16 1 5 191
4 1 11 15 7 0 19
4 1 11 14 2 6 11
4 1 11 13 8 1 50
4 1 11 12 3 7 132
4 1 11 11 9 2 138
4 1 11 10 4 8 136
4 1 11 9 10 3 25
4 1 11 8 5 9 79
4 1 11 7 11 4 70
4 1 11 7 0 15 176
4 1 11 6 6 10 102
4 1 11 5 12 5 130
4 1 11 5 1 16 158
4 1 11 4 18 0 179
4 1 11 4 7 11 186
4 1 11 3 13 6 120
4 1 11 3 2 17 40
4 1 11 2 19 1 183
4 1 11 2 8 12 103
4 1 11 1 14 7 186
4 1 11 1 3 18 91
4 1 11 0 20 2 159
4 1 11 0 9 13 179
4 1 10 21 2 0 85
4 1 10 19 3 1 48
4 1 10 17 4 2 162
4 1 10 15 5 3 106
4 1 10 14 0 9 46
4 1 10 13 6 4 22
4 1 10 12 1 10 73
4 1 10 11 7 5 172
4 1 10 10 13 0 43
4 1 10 10 2 11 30
4 1 10 9 8 6 62
4 1 10 8 14 1 64
4 1 10 8 3 12 34
4 1 10 7 9 7 128
4 1 10 6 15 2 63
4 1 10 6 4 13 5
4 1 10 5 10 8 130
4 1 10 4 16 3 86
4 1 10 4 5 14 70
4 1 10 3 11 9 138
4 1 10 3 0 20 156
4 1 10 2 17 4 71
4 1 10 2 6 15 108
4 1 10 1 12 10 42
4 1 10 1 1 21 74
4 1 10 0 18 5 142
4 1 10 0 7 16 22
4 1 9 21 0 3 101
4 1 9 19 1 4 28
4 1 9 17 2 5 180
4 1 9 16 8 0 133
4 1 9 15 3 6 94
4 1 9 14 9 1 1
4 1 9 13 4 7 108
4 1 9 12 10 2 21
4 1 9 11 5 8 142
4 1 9 10 11 3 198
4 1 9 10 0 14 85
4 1 9 9 6 9 46
4 1 9 8 12 4 31
4 1 9 8 1 15 85
4 1 9 7 7 10 109
4 1 9 6 13 5 64
4 1 9 6 2 16 190
4 1 9 5 19 0 117
4 1 9 5 8 11 183
4 1 9 4 14 6 10
4 1 9 4 3 17 50
4 1 9 3 20 1 27
4 1 9 2 15 7 7
4 1 9 2 4 18 119
4 1 9 1 21 2 120
4 1 9 1 10 13 47
4 1 9 0 16 8 33
4 1 9 0 5 19 167
4 1 8 22 3 0 128
4 1 8 20 4 1 43
4 1 8 18 5 2 144
4 1 8 17 0 8 7
4 1 8 16 6 3 114
4 1 8 15 1 9 124
4 1 8 14 7 4 106
4 1 8 13 2 10 45
4 1 8 12 8 5 57
4 1 8 11 14 0 118
4 1 8 11 3 11 38
4 1 8 10 9 6 140
4 1 8 9 15 1 143
4 1 8 9 4 12 12
4 1 8 8 10 7 21
4 1 8 7 16 2 43
4 1 8 7 5 13 196
4 1 8 6 11 8 171
4 1 8 6 0 19 190
4 1 8 5 17 3 151
4 1 8 5 6 14 138
4 1 8 4 12 9 34
4 1 8 4 1 20 113
4 1 8 3 18 4 114
4 1 8 3 7 15 12
4 1 8 2 13 10 133
4 1 8 2 2 21 168
4 1 8 1 19 5 169
4 1 8 1 8 16 26
4 1 8 0 25 0 196
4 1 8 0 14 11 35
4 1 8 0 3 22 13
4 1 7 24 0 2 170
4 1 7 22 1 3 33
4 1 7 20 2 4 42
4 1 7 18 3 5 136
4 1 7 17 9 0 165
4 1 7 16 4 6 18
4 1 7 15 10 1 91
4 1 7 14 5 7 88
4 1 7 13 11 2 16
4 1 7 13 0 13 80
4 1 7 12 6 8 64
4 1 7 11 12 3 54
4 1 7 11 1 14 150
4 1 7 10 7 9 143
4 1 7 9 13 4 105
4 1 7 9 2 15 135
4 1 7 8 8 10 41
4 1 7 7 14 5 10
4 1 7 7 3 16 77
4 1 7 6 20 0 178
4 1 7 6 9 11 28
4 1 7 5 15 6 197
4 1 7 5 4 17 46
4 1 7 4 21 1 148
4 1 7 4 10 12 24
4 1 7 3 16 7 150
4 1 7 3 5 18 3
4 1 7 2 22 2 12
4 1 7 2 11 13 125
4 1 7 2 0 24 99
4 1 7 1 17 8 32
4 1 7 1 6 19 184
4 1 7 0 23 3 88
4 1 7 0 12 14 175
4 1 7 0 1 25 108
4 1 6 23 4 0 124
4 1 6 21 5 1 107
4 1 6 20 0 7 100
4 1 6 18 1 8 144
4 1 6 17 7 3 92
4 1 6 16 2 9 101
4 1 6 15 8 4 109
4 1 6 14 3 10 138
4 1 6 13 9 5 83
4 1 6 12 15 0 5
4 1 6 12 4 11 69
4 1 6 11 10 6 69
4 1 6 10 16 1 56
4 1 6 10 5 12 163
4 1 6 9 11 7 191
4 1 6 9 0 18 15
4 1 6 8 17 2 186
4 1 6 8 6 13 98
4 1 6 7 12 8 102
4 1 6 7 1 19 136
4 1 6 6 18 3 14
4 1 6 6 7 14 37
4 1 6 5 13 9 61
4 1 6 5 2 20 189
4 1 6 4 19 4 78
4 1 6 4 8 15 127
4 1 6 3 14 10 64
4 1 6 3 3 21 43
4 1 6 2 20 5 95
4 1 6 1 26 0 129
4 1 6 1 15 11 178
4 1 6 1 4 22 164
4 1 6 0 21 6 124
4 1 6 0 10 17 120
4 1 5 27 0 1 78
4 1 5 25 1 2 84
4 1 5 23 2 3 81
4 1 5 21 3 4 40
4 1 5 19 4 5 100
4 1 5 18 10 0 173
4 1 5 17 5 6 168
4 1 5 16 11 1 71
4 1 5 16 0 12 93
4 1 5 15 6 7 65
4 1 5 14 12 2 173
4 1 5 14 1 13 37
4 1 5 13 7 8 76
4 1 5 12 13 3 78
4 1 5 12 2 14 177
4 1 5 11 8 9 138
4 1 5 10 14 4 134
4 1 5 10 3 15 165
4 1 5 9 9 10 34
4 1 5 8 15 5 32
4 1 5 8 4 16 80
4 1 5 7 21 0 94
4 1 5 7 10 11 89
4 1 5 6 16 6 130
4 1 5 6 5 17 177
4 1 5 5 22 1 21
4 1 5 5 11 12 158
4 1 5 5 0 23 99
4 1 5 4 17 7 74
4 1 5 4 6 18 108
4 1 5 3 23 2 160
4 1 5 3 12 13 135
4 1 5 3 1 24 48
4 1 5 2 18 8 50
4 1 5 2 7 19 15
4 1 5 1 24 3 125
4 1 5 1 13 14 136
4 1 5 1 2 25 21
4 1 5 0 19 9 165
4 1 5 0 8 20 19
4 1 4 24 5 0 114
4 1 4 23 0 6 89
4 1 4 22 6 1 145
4 1 4 21 1 7 172
4 1 4 20 7 2 82
4 1 4 19 2 8 155
4 1 4 18 8 3 7
4 1 4 17 3 9 87
4 1 4 16 9 4 134
4 1 4 15 4 10 147
4 1 4 14 10 5 98
4 1 4 13 16 0 4
4 1 4 13 5 11 52
4 1 4 12 11 6 122
4 1 4 12 0 17 142
4 1 4 11 17 1 168
4 1 4 11 6 12 109
4 1 4 10 12 7 52
4 1 4 10 1 18 88
4 1 4 9 18 2 172
4 1 4 9 7 13 186
4 1 4 8 13 8 149
4 1 4 8 2 19 115
4 1 4 7 19 3 29
4 1 4 7 8 14 99
4 1 4 6 14 9 44
4 1 4 6 3 20 45
4 1 4 5 20 4 114
4 1 4 5 9 15 53
4 1 4 4 15 10 37
4 1 4 4 4 21 103
4 1 4 3 21 5 116
4 1 4 3 10 16 92
4 1 4 2 27 0 130
4 1 4 2 16 11 104
4 1 4 2 5 22 148
4 1 4 1 22 6 131
4 1 4 1 11 17 180
4 1 4 1 0 28 95
4 1 4 0 28 1 126
4 1 4 0 17 12 5
4 1 4 0 6 23 40
4 1 3 30 0 0 36
4 1 3 28 1 1 152
4 1 3 26 2 2 126
4 1 3 24 3 3 23
4 1 3 22 4 4 50
4 1 3 20 5 5 57
4 1 3 19 11 0 72
4 1 3 19 0 11 178
4 1 3 18 6 6 97
4 1 3 17 12 1 180
4 1 3 17 1 12 184
4 1 3 16 7 7 59
4 1 3 15 13 2 94
4 1 3 15 2 13 87
4 1 3 14 8 8 73
4 1 3 13 14 3 159
4 1 3 13 3 14 116
4 1 3 12 9 9 140
4 1 3 11 15 4 1
4 1 3 11 4 15 71
4 1 3 10 10 10 162
4 1 3 9 16 5 22
4 1 3 9 5 16 145
4 1 3 8 22 0 184
4 1 3 8 11 11 120
4 1 3 8 0 22 33
4 1 3 7 17 6 129
4 1 3 7 6 17 186
4 1 3 6 23 1 174
4 1 3 6 12 12 108
4 1 3 6 1 23 94
4 1 3 5 18 7 8
4 1 3 5 7 18 178
4 1 3 4 24 2 26
4 1 3 4 13 13 78
4 1 3 4 2 24 198
4 1 3 3 19 8 179
4 1 3 3 8 19 7
4 1 3 2 25 3 173
4 1 3 2 14 14 19
4 1 3 2 3 25 55
4 1 3 1 20 9 90
4 1 3 1 9 20 52
4 1 3 0 26 4 19
4 1 3 0 15 15 19
4 1 3 0 4 26 175
4 1 2 26 0 5 126
4 1 2 25 6 0 146
4 1 2 24 1 6 107
4 1 2 23 7 1 60
4 1 2 22 2 7 163
4 1 2 21 8 2 8
4 1 2 20 3 8 13
4 1 2 19 9 3 142
4 1 2 18 4 9 59
4 1 2 17 10 4 108
4 1 2 16 5 10 134
4 1 2 15 11 5 98
4 1 2 15 0 16 145
4 1 2 14 17 0 175
4 1 2 14 6 11 97
4 1 2 13 12 6 125
4 1 2 13 1 17 111
4 1 2 12 18 1 127
4 1 2 12 7 12 175
4 1 2 11 13 7 105
4 1 2 11 2 18 128
4 1 2 10 19 2 67
4 1 2 10 8 13 187
4 1 2 9 14 8 47
4 1 2 9 3 19 120
4 1 2 8 20 3 142
4 1 2 8 9 14 149
4 1 2 7 15 9 160
4 1 2 7 4 20 96
4 1 2 6 21 4 99
4 1 2 6 10 15 124
4 1 2 5 16 10 150
4 1 2 5 5 21 6
4 1 2 4 22 5 73
4 1 2 4 11 16 1
4 1 2 4 0 27 184
4 1 2 3 28 0 1
4 1 2 3 17 11 79
4 1 2 3 6 22 8
4 1 2 2 23 6 178
4 1 2 2 12 17 147
4 1 2 2 1 28 34
4 1 2 1 29 1 56
4 1 2 1 18 12 164
4 1 2 1 7 23 99
4 1 2 0 24 7 10
4 1 2 0 13 18 10
4 1 2 0 2 29 93
4 1 1 31 1 0 93
4 1 1 29 2 1 58
4 1 1 27 3 2 7
4 1 1 25 4 3 104
4 1 1 23 5 4 34
4 1 1 22 0 10 33
4 1 1 21 6 5 146
4 1 1 20 12 0 175
4 1 1 20 1 11 47
4 1 1 19 7 6 105
4 1 1 18 13 1 102
4 1 1 18 2 12 73
4 1 1 17 8 7 144
4 1 1 16 14 2 64
4 1 1 16 3 13 162
4 1 1 15 9 8 150
4 1 1 14 15 3 8
4 1 1 14 4 14 189
4 1 1 13 10 9 44
4 1 1 12 16 4 131
4 1 1 12 5 15 10
4 1 1 11 11 10 154
4 1 1 11 0 21 96
4 1 1 10 17 5 33
4 1 1 10 6 16 65
4 1 1 9 23 0 167
4 1 1 9 12 11 55
4 1 1 9 1 22 82
4 1 1 8 18 6 67
4 1 1 8 7 17 57
4 1 1 7 24 1 48
4 1 1 7 13 12 41
4 1 1 7 2 23 169
4 1 1 6 19 7 105
4 1 1 6 8 18 88
4 1 1 5 25 2 43
4 1 1 5 14 13 118
4 1 1 5 3 24 24
4 1 1 4 20 8 177
4 1 1 4 9 19 114
4 1 1 3 26 3 140
4 1 1 3 15 14 151
4 1 1 3 4 25 190
4 1 1 2 21 9 151
4 1 1 2 10 20 101
4 1 1 1 27 4 179
4 1 1 1 16 15 119
4 1 1 1 5 26 114
4 1 1 0 22 10 48
4 1 1 0 11 21 123
4 1 1 0 0 32 66
4 1 0 29 0 4 101
4 1 0 27 1 5 80
4 1 0 26 7 0 143
4 1 0 25 2 6 145
4 1 0 24 8 1 11
4 1 0 23 3 7 173
4 1 0 22 9 2 109
4 1 0 21 4 8 120
4 1 0 20 10 3 103
4 1 0 19 5 9 6
4 1 0 18 11 4 182
4 1 0 18 0 15 114
4 1 0 17 6 10 114
4 1 0 16 12 5 38
4 1 0 16 1 16 115
4 1 0 15 18 0 148
4 1 0 15 7 11 148
4 1 0 14 13 6 26
4 1 0 14 2 17 174
4 1 0 13 19 1 77
4 1 0 13 8 12 167
4 1 0 12 14 7 103
4 1 0 12 3 18 177
4 1 0 11 20 2 93
4 1 0 11 9 13 135
4 1 0 10 15 8 142
4 1 0 10 4 19 148
4 1 0 9 21 3 91
4 1 0 9 10 14 58
4 1 0 8 16 9 59
4 1 0 8 5 20 168
4 1 0 7 22 4 88
4 1 0 7 11 15 20
4 1 0 7 0 26 156
4 1 0 6 17 10 22
4 1 0 6 6 21 23
4 1 0 5 23 5 133
4 1 0 5 12 16 154
4 1 0 5 1 27 77
4 1 0 4 29 0 92
4 1 0 4 18 11 178
4 1 0 4 7 22 115
4 1 0 3 24 6 195
4 1 0 3 13 17 71
4 1 0 3 2 28 8
4 1 0 2 30 1 102
4 1 0 2 19 12 80
4 1 0 2 8 23 20
4 1 0 1 25 7 35
4 1 0 1 14 18 72
4 1 0 1 3 29 195
4 1 0 0 31 2 5
4 1 0 0 20 13 134
4 1 0 0 9 24 145
4 0 33 0 0 1 181
4 0 31 1 1 1 139
4 0 29 4 1 0 7
4 0 29 2 2 1 195
4 0 29 0 3 2 173
4 0 28 2 0 4 18
4 0 28 0 1 5 69
4 0 27 5 2 0 87
4 0 27 3 3 1 13
4 0 27 1 4 2 19
4 0 26 5 0 3 132
4 0 26 3 1 4 136
4 0 26 1 2 5 99
4 0 26 0 8 0 47
4 0 25 6 3 0 170
4 0 25 4 4 1 128
4 0 25 2 5 2 69
4 0 25 1 0 8 68
4 0 25 0 6 3 97
4 0 24 8 0 2 195
4 0 24 6 1 3 50
4 0 24 4 2 4 65
4 0 24 2 3 5 48
4 0 24 1 9 0 192
4 0 24 0 4 6 157
4 0 23 7 4 0 195
4 0 23 5 5 1 5
4 0 23 4 0 7 44
4 0 23 3 6 2 21
4 0 23 2 1 8 190
4 0 23 1 7 3 65
4 0 23 0 2 9 159
4 0 22 11 0 1 43
4 0 22 9 1 2 25
4 0 22 7 2 3 52
4 0 22 5 3 4 13
4 0 22 3 4 5 103
4 0 22 2 10 0 191
4 0 22 1 5 6 4
4 0 22 0 11 1 187
4 0 22 0 0 12 86
4 0 21 8 5 0 57
4 0 21 7 0 6 142
4 0 21 6 6 1 131
4 0 21 5 1 7 192
4 0 21 4 7 2 132
4 0 21 3 2 8 151
4 0 21 2 8 3 77
4 0 21 1 3 9 87
4 0 21 0 9 4 90
4 0 20 14 0 0 38
4 0 20 12 1 1 12
4 0 20 10 2 2 120
4 0 20 8 3 3 122
4 0 20 6 4 4 51
4 0 20 4 5 5 13
4 0 20 3 11 0 127
4 0 20 3 0 11 52
4 0 20 2 6 6 126
4 0 20 1 12 1 24
4 0 20 1 1 12 128
4 0 20 0 7 7 50
4 0 19 10 0 5 197
4 0 19 9 6 0 34
4 0 19 8 1 6 123
4 0 19 7 7 1 152
4 0 19 6 2 7 18
4 0 19 5 8 2 153
4 0 19 4 3 8 64
4 0 19 3 9 3 107
4 0 19 2 4 9 90
4 0 19 1 10 4 88
4 0 19 0 5 10 64
4 0 18 15 1 0 59
4 0 18 13 2 1 121
4 0 18 11 3 2 26
4 0 18 9 4 3 153
4 0 18 7 5 4 14
4 0 18 6 0 10 80
4 0 18 5 6 5 86
4 0 18 4 12 0 73
4 0 18 4 1 11 47
4 0 18 3 7 6 68
4 0 18 2 13 1 18
4 0 18 2 2 12 53
4 0 18 1 8 7 187
4 0 18 0 14 2 55
4 0 18 0 3 13 108
4 0 17 13 0 4 100
4 0 17 11 1 5 93
4 0 17 10 7 0 28
4 0 17 8 8 1 189
4 0 17 7 3 7 109
4 0 17 6 9 2 164
4 0 17 5 4 8 37
4 0 17 4 10 3 148
4 0 17 3 5 9 119
4 0 17 2 11 4 74
4 0 17 2 0 15 126
4 0 17 1 6 10 113
4 0 17 0 12 5 80
4 0 17 0 1 16 113
4 0 16 16 2 0 180
4 0 16 14 3 1 176
4 0 16 12 4 2 129
4 0 16 10 5 3 91
4 0 16 9 0 9 143
4 0 16 8 6 4 13
4 0 16 7 1 10 102
4 0 16 6 7 5 169
4 0 16 5 13 0 63
4 0 16 5 2 11 98
4 0 16 4 8 6 27
4 0 16 3 14 1 86
4 0 16 3 3 12 114
4 0 16 2 9 7 153
4 0 16 1 15 2 114
4 0 16 1 4 13 133
4 0 16 0 10 8 112
4 0 15 16 0 3 89
4 0 15 14 1 4 185
4 0 15 12 2 5 87
4 0 15 11 8 0 164
4 0 15 10 3 6 163
4 0 15 9 9 1 146
4 0 15 8 4 7 147
4 0 15 7 10 2 41
4 0 15 6 5 8 194
4 0 15 5 11 3 78
4 0 15 5 0 14 165
4 0 15 4 6 9 48
4 0 15 3 12 4 75
4 0 15 3 1 15 135
4 0 15 2 7 10 180
4 0 15 1 13 5 181
4 0 15 1 2 16 6
4 0 15 0 19 0 107
4 0 15 0 8 11 23
4 0 14 17 3 0 133
4 0 14 15 4 1 158
4 0 14 13 5 2 84
4 0 14 12 0 8 163
4 0 14 11 6 3 160
4 0 14 10 1 9 184
4 0 14 9 7 4 130
4 0 14 8 2 10 68
4 0 14 7 8 5 126
4 0 14 6 14 0 69
4 0 14 6 3 11 22
4 0 14 5 9 6 131
4 0 14 4 15 1 89
4 0 14 4 4 12 61
4 0 14 3 10 7 28
4 0 14 2 16 2 123
4 0 14 2 5 13 66
4 0 14 1 11 8 93
4 0 14 1 0 19 76
4 0 14 0 17 3 178
4 0 14 0 6 14 94
4 0 13 19 0 2 15
4 0 13 17 1 3 193
4 0 13 15 2 4 6
4 0 13 13 3 5 26
4 0 13 12 9 0 1
4 0 13 11 4 6 175
4 0 13 10 10 1 188
4 0 13 9 5 7 194
4 0 13 8 11 2 36
4 0 13 8 0 13 7
4 0 13 7 6 8 106
4 0 13 6 12 3 66
4 0 13 6 1 14 33
4 0 13 5 7 9 50
4 0 13 4 13 4 47
4 0 13 4 2 15 151
4 0 13 3 8 10 188
4 0 13 2 14 5 109
4 0 13 2 3 16 174
4 0 13 1 20 0 79
4 0 13 1 9 11 195
4 0 13 0 15 6 189
4 0 13 0 4 17 84
4 0 12 18 4 0 46
4 0 12 16 5 1 111
4 0 12 15 0 7 84
4 0 12 14 6 2 153
4 0 12 13 1 8 17
4 0 12 12 7 3 101
4 0 12 11 2 9 18
4 0 12 10 8 4 5
4 0 12 9 3 10 122
4 0 12 8 9 5 144
4 0 12 7 4 11 125
4 0 12 5 16 1 147
4 0 12 5 5 12 108
4 0 12 4 11 7 86
4 0 12 4 0 18 84
4 0 12 3 17 2 186
4 0 12 3 6 13 73
4 0 12 2 12 8 128
4 0 12 2 1 19 128
4 0 12 1 18 3 14
4 0 12 1 7 14 41
4 0 12 0 13 9 192
4 0 12 0 2 20 18
4 0 11 20 1 2 83
4 0 11 18 2 3 54
4 0 11 16 3 4 106
4 0 11 14 4 5 75
4 0 11 13 10 0 34
4 0 11 12 5 6 31
4 0 11 11 11 1 48
4 0 11 11 0 12 138
4 0 11 10 6 7 191
4 0 11 9 12 2 195
4 0 11 9 1 13 194
4 0 11 8 7 8 11
4 0 11 7 13 3 174
4 0 11 7 2 14 26
4 0 11 6 8 9 169
4 0 11 5 14 4 60
4 0 11 5 3 15 70
4 0 11 4 9 10 156
4 0 11 3 15 5 105
4 0 11 3 4 16 61
4 0 11 2 21 0 73
4 0 11 2 10 11 65
4 0 11 1 16 6 26
4 0 11 1 5 17 188
4 0 11 0 22 1 189
4 0 11 0 11 12 43
4 0 11 0 0 23 24
4 0 10 19 5 0 73
4 0 10 18 0 6 179
4 0 10 17 6 1 130
4 0 10 16 1 7 10
4 0 10 15 7 2 95
4 0 10 14 2 8 1
4 0 10 13 8 3 104
4 0 10 12 3 9 18
4 0 10 11 9 4 125
4 0 10 10 4 10 134
4 0 10 9 10 5 37
4 0 10 8 16 0 142
4 0 10 8 5 11 177
4 0 10 7 11 6 197
4 0 10 7 0 17 47
4 0 10 6 17 1 121
4 0 10 6 6 12 140
4 0 10 5 12 7 196
4 0 10 5 1 18 7
4 0 10 4 18 2 110
4 0 10 4 7 13 41
4 0 10 3 13 8 142
4 0 10 3 2 19 151
4 0 10 2 19 3 72
4 0 10 2 8 14 35
4 0 10 1 14 9 24
4 0 10 1 3 20 166
4 0 10 0 20 4 145
4 0 10 0 9 15 84
4 0 9 25 0 0 146
4 0 9 23 1 1 139
4 0 9 21 2 2 25
4 0 9 19 3 3 184
4 0 9 17 4 4 50
4 0 9 15 5 5 97
4 0 9 14 11 0 151
4 0 9 14 0 11 144
4 0 9 13 6 6 100
4 0 9 12 12 1 82
4 0 9 12 1 12 72
4 0 9 11 7 7 165
4 0 9 10 13 2 86
4 0 9 10 2 13 142
4 0 9 9 8 8 9
4 0 9 8 14 3 148
4 0 9 8 3 14 174
4 0 9 7 9 9 183
4 0 9 6 15 4 105
4 0 9 6 4 15 28
4 0 9 5 10 10 178
4 0 9 4 16 5 175
4 0 9 4 5 16 106
4 0 9 3 22 0 67
4 0 9 3 11 11 65
4 0 9 3 0 22 50
4 0 9 2 17 6 137
4 0 9 2 6 17 139
4 0 9 1 23 1 72
4 0 9 1 12 12 121
4 0 9 1 1 23 58
4 0 9 0 18 7 190
4 0 9 0 7 18 87
4 0 8 21 0 5 24
4 0 8 20 6 0 118
4 0 8 19 1 6 8
4 0 8 18 7 1 127
4 0 8 17 2 7 62
4 0 8 16 8 2 7
4 0 8 15 3 8 18
4 0 8 14 9 3 31
4 0 8 13 4 9 84
4 0 8 12 10 4 20
4 0 8 11 5 10 169
4 0 8 10 11 5 169
4 0 8 10 0 16 25
4 0 8 9 17 0 45
4 0 8 9 6 11 63
4 0 8 8 12 6 106
4 0 8 8 1 17 35
4 0 8 7 18 1 180
4 0 8 7 7 12 151
4 0 8 6 13 7 17
4 0 8 6 2 18 166
4 0 8 5 19 2 152
4 0 8 5 8 13 113
4 0 8 4 14 8 104
4 0 8 4 3 19 108
4 0 8 3 20 3 71
4 0 8 3 9 14 37
4 0 8 2 15 9 186
4 0 8 2 4 20 145
4 0 8 1 21 4 79
4 0 8 1 10 15 45
4 0 8 0 16 10 122
4 0 8 0 5 21 38
4 0 7 26 1 0 110
4 0 7 24 2 1 70
4 0 7 22 3 2 113
4 0 7 20 4 3 189
4 0 7 18 5 4 123
4 0 7 17 0 10 38
4 0 7 16 6 5 107
4 0 7 15 12 0 177
4 0 7 15 1 11 170
4 0 7 14 7 6 32
4 0 7 13 13 1 110
4 0 7 13 2 12 149
4 0 7 12 8 7 183
4 0 7 11 14 2 169
4 0 7 11 3 13 171
4 0 7 10 9 8 133
4 0 7 9 15 3 84
4 0 7 9 4 14 79
4 0 7 8 10 9 27
4 0 7 7 16 4 67
4 0 7 7 5 15 148
4 0 7 6 11 10 17
4 0 7 6 0 21 76
4 0 7 5 17 5 74
4 0 7 5 6 16 148
4 0 7 4 23 0 134
4 0 7 4 12 11 105
4 0 7 4 1 22 103
4 0 7 3 18 6 184
4 0 7 3 7 17 8
4 0 7 2 24 1 33
4 0 7 2 13 12 28
4 0 7 2 2 23 166
4 0 7 1 19 7 39
4 0 7 1 8 18 72
4 0 7 0 25 2 37
4 0 7 0 14 13 169
4 0 7 0 3 24 139
4 0 6 24 0 4 190
4 0 6 22 1 5 139
4 0 6 21 7 0 120
4 0 6 20 2 6 130
4 0 6 19 8 1 81
4 0 6 18 3 7 81
4 0 6 17 9 2 39
4 0 6 16 4 8 115
4 0 6 15 10 3 58
4 0 6 14 5 9 6
4 0 6 13 11 4 188
4 0 6 13 0 15 71
4 0 6 12 6 10 63
4 0 6 11 12 5 142
4 0 6 11 1 16 183
4 0 6 10 18 0 1
4 0 6 10 7 11 188
4 0 6 9 13 6 121
4 0 6 9 2 17 197
4 0 6 8 19 1 168
4 0 6 8 8 12 44
4 0 6 7 3 18 121
4 0 6 6 20 2 79
4 0 6 6 9 13 15
4 0 6 5 15 8 153
4 0 6 5 4 19 122
4 0 6 4 21 3 139
4 0 6 4 10 14 85
4 0 6 3 16 9 99
4 0 6 3 5 20 132
4 0 6 2 22 4 44
4 0 6 2 11 15 83
4 0 6 2 0 26 31
4 0 6 1 17 10 101
4 0 6 1 6 21 30
4 0 6 0 23 5 165
4 0 6 0 12 16 124
4 0 6 0 1 27 120
4 0 5 27 2 0 64
4 0 5 25 3 1 36
4 0 5 23 4 2 124
4 0 5 21 5 3 100
4 0 5 20 0 9 3
4 0 5 19 6 4 175
4 0 5 18 1 10 47
4 0 5 17 7 5 131
4 0 5 16 13 0 180
4 0 5 16 2 11 178
4 0 5 15 8 6 118
4 0 5 14 14 1 189
4 0 5 14 3 12 191
4 0 5 13 9 7 155
4 0 5 12 15 2 158
4 0 5 12 4 13 195
4 0 5 11 10 8 19
4 0 5 10 16 3 125
4 0 5 10 5 14 109
4 0 5 9 11 9 171
4 0 5 9 0 20 166
4 0 5 8 17 4 12
4 0 5 8 6 15 96
4 0 5 7 12 10 162
4 0 5 7 1 21 106
4 0 5 6 18 5 63
4 0 5 6 7 16 193
4 0 5 5 24 0 8
4 0 5 5 13 11 13
4 0 5 5 2 22 127
4 0 5 4 19 6 47
4 0 5 4 8 17 18
4 0 5 3 25 1 169
4 0 5 3 14 12 183
4 0 5 3 3 23 37
4 0 5 2 20 7 195
4 0 5 2 9 18 77
4 0 5 1 26 2 138
4 0 5 1 15 13 135
4 0 5 1 4 24 6
4 0 5 0 21 8 165
4 0 5 0 10 19 173
4 0 4 27 0 3 17
4 0 4 25 1 4 148
4 0 4 23 2 5 18
4 0 4 22 8 0 129
4 0 4 21 3 6 142
4 0 4 20 9 1 176
4 0 4 19 4 7 180
4 0 4 18 10 2 49
4 0 4 17 5 8 7
4 0 4 16 11 3 77
4 0 4 16 0 14 97
4 0 4 15 6 9 109
4 0 4 14 12 4 120
4 0 4 14 1 15 179
4 0 4 13 7 10 3
4 0 4 12 13 5 193
4 0 4 12 2 16 178
4 0 4 11 19 0 35
4 0 4 11 8 11 6
4 0 4 10 14 6 85
4 0 4 10 3 17 144
4 0 4 9 20 1 45
4 0 4 9 9 12 15
4 0 4 8 15 7 39
4 0 4 8 4 18 166
4 0 4 7 21 2 26
4 0 4 7 10 13 42
4 0 4 6 16 8 171
4 0 4 6 5 19 123
4 0 4 5 22 3 143
4 0 4 5 11 14 73
4 0 4 5 0 25 158
4 0 4 4 17 9 36
4 0 4 4 6 20 21
4 0 4 3 23 4 25
4 0 4 3 12 15 194
4 0 4 3 1 26 144
4 0 4 2 18 10 60
4 0 4 2 7 21 114
4 0 4 1 24 5 125
4 0 4 1 13 16 142
4 0 4 1 2 27 179
4 0 4 0 30 0 126
4 0 4 0 19 11 45
4 0 4 0 8 22 59
4 0 3 28 3 0 152
4 0 3 26 4 1 52
4 0 3 24 5 2 14
4 0 3 23 0 8 177
4 0 3 22 6 3 42
4 0 3 21 1 9 137
4 0 3 20 7 4 170
4 0 3 19 2 10 82
4 0 3 18 8 5 175
4 0 3 17 14 0 198
4 0 3 17 3 11 27
4 0 3 16 9 6 181
4 0 3 15 15 1 72
4 0 3 15 4 12 180
4 0 3 14 10 7 43
4 0 3 13 16 2 45
4 0 3 13 5 13 54
4 0 3 12 11 8 191
4 0 3 12 0 19 142
4 0 3 11 17 3 33
4 0 3 11 6 14 38
4 0 3 10 12 9 190
4 0 3 10 1 20 55
4 0 3 9 18 4 102
4 0 3 9 7 15 58
4 0 3 8 13 10 61
4 0 3 8 2 21 73
4 0 3 7 19 5 141
4 0 3 7 8 16 177
4 0 3 6 25 0 177
4 0 3 6 14 11 2
4 0 3 6 3 22 105
4 0 3 5 20 6 141
4 0 3 5 9 17 180
4 0 3 4 26 1 140
4 0 3 4 15 12 159
4 0 3 4 4 23 144
4 0 3 3 21 7 46
4 0 3 3 10 18 133
4 0 3 2 27 2 14
4 0 3 2 16 13 107
4 0 3 2 5 24 82
4 0 3 1 22 8 139
4 0 3 1 11 19 43
4 0 3 1 0 30 95
4 0 3 0 28 3 140
4 0 3 0 17 14 143
4 0 3 0 6 25 103
4 0 2 30 0 2 187
4 0 2 28 1 3 44
4 0 2 26 2 4 183
4 0 2 24 3 5 133
4 0 2 23 9 0 157
4 0 2 22 4 6 174
4 0 2 21 10 1 121
4 0 2 20 5 7 154
4 0 2 19 11 2 142
4 0 2 19 0 13 19
4 0 2 18 6 8 76
4 0 2 17 12 3 175
4 0 2 17 1 14 42
4 0 2 16 7 9 178
4 0 2 15 13 4 130
4 0 2 15 2 15 13
4 0 2 14 8 10 119
4 0 2 13 14 5 74
4 0 2 13 3 16 100
4 0 2 12 20 0 41
4 0 2 12 9 11 189
4 0 2 11 15 6 63
4 0 2 11 4 17 146
4 0 2 10 21 1 177
4 0 2 10 10 12 163
4 0 2 9 16 7 84
4 0 2 9 5 18 12
4 0 2 8 22 2 36
4 0 2 8 11 13 40
4 0 2 8 0 24 7
4 0 2 7 17 8 34
4 0 2 7 6 19 2
4 0 2 6 23 3 139
4 0 2 6 12 14 86
4 0 2 6 1 25 10
4 0 2 5 18 9 195
4 0 2 5 7 20 121
4 0 2 4 24 4 87
4 0 2 4 13 15 184
4 0 2 4 2 26 120
4 0 2 3 19 10 2
4 0 2 3 8 21 89
4 0 2 2 25 5 98
4 0 2 2 14 16 77
4 0 2 2 3 27 60
4 0 2 1 31 0 72
4 0 2 1 20 11 183
4 0 2 1 9 22 176
4 0 2 0 26 6 38
4 0 2 0 15 17 89
4 0 2 0 4 28 30
4 0 1 29 4 0 141
4 0 1 27 5 1 97
4 0 1 26 0 7 41
4 0 1 25 6 2 63
4 0 1 24 1 8 47
4 0 1 23 7 3 13
4 0 1 22 2 9 6
4 0 1 21 8 4 171
4 0 1 20 3 10 155
4 0 1 19 9 5 3
4 0 1 18 15 0 43
4 0 1 18 4 11 137
4 0 1 17 10 6 184
4 0 1 16 16 1 161
4 0 1 16 5 12 76
4 0 1 15 11 7 183
4 0 1 15 0 18 186
4 0 1 14 17 2 32
4 0 1 14 6 13 155
4 0 1 13 12 8 103
4 0 1 13 1 19 37
4 0 1 12 18 3 40
4 0 1 12 7 14 134
4 0 1 11 13 9 132
4 0 1 11 2 20 122
4 0 1 10 19 4 91
4 0 1 10 8 15 62
4 0 1 9 14 10 113
4 0 1 9 3 21 21
4 0 1 8 20 5 183
4 0 1 8 9 16 1
4 0 1 7 26 0 31
4 0 1 7 15 11 5
4 0 1 7 4 22 133
4 0 1 6 21 6 10
4 0 1 6 10 17 39
4 0 1 5 27 1 54
4 0 1 5 16 12 39
4 0 1 5 5 23 149
4 0 1 4 22 7 107
4 0 1 4 11 18 91
4 0 1 4 0 29 40
4 0 1 3 28 2 164
4 0 1 3 17 13 150
4 0 1 3 6 24 89
4 0 1 2 23 8 17
4 0 1 2 12 19 152
4 0 1 2 1 30 184
4 0 1 1 29 3 113
4 0 1 1 18 14 71
4 0 1 1 7 25 37
4 0 1 0 24 9 20
4 0 1 0 13 20 62
4 0 1 0 2 31 144
4 0 0 33 0 1 113
4 0 0 31 1 2 126
4 0 0 29 2 3 18
4 0 0 25 4 5 175
4 0 0 24 10 0 73
4 0 0 23 5 6 72
4 0 0 22 11 1 123
4 0 0 21 6 7 133
4 0 0 20 12 2 99
4 0 0 20 1 13 141
4 0 0 19 7 8 157
4 0 0 18 13 3 116
4 0 0 18 2 14 71
4 0 0 17 8 9 12
4 0 0 16 14 4 14
4 0 0 16 3 15 115
4 0 0 15 9 10 190
4 0 0 14 15 5 137
4 0 0 14 4 16 9
4 0 0 13 21 0 142
4 0 0 13 10 11 188
4 0 0 12 16 6 78
4 0 0 12 5 17 84
4 0 0 11 22 1 70
4 0 0 11 11 12 98
4 0 0 11 0 23 113
4 0 0 10 17 7 45
4 0 0 10 6 18 124
4 0 0 9 23 2 8
4 0 0 9 12 13 147
4 0 0 9 1 24 41
4 0 0 8 18 8 1
4 0 0 8 7 19 175
4 0 0 7 24 3 52
4 0 0 7 13 14 189
4 0 0 7 2 25 34
4 0 0 6 19 9 150
4 0 0 6 8 20 179
4 0 0 5 25 4 129
4 0 0 5 14 15 105
4 0 0 4 20 10 37
4 0 0 4 9 21 172
4 0 0 3 26 5 79
4 0 0 3 15 16 85
4 0 0 3 4 27 30
4 0 0 2 21 11 87
4 0 0 2 10 22 95
4 0 0 1 27 6 14
4 0 0 1 16 17 33
4 0 0 1 5 28 43
4 0 0 0 33 1 181
4 0 0 0 22 12 20
4 0 0 0 11 23 52
4 0 0 0 0 34 181
