# FIX-VII-GATE candidate 1, p=199: degree-34 G-equivariant tuple
# (1,6)-profile along the arrangement AND vanishing on the Hessian curve C_20
# format: <component 0..4> <e0 e1 e2 e3 e4> <coefficient>
0 32 1 1 0 0 155
0 31 0 1 0 2 15
0 30 2 2 0 0 128
0 30 2 0 1 1 142
0 30 0 3 1 0 17
0 30 0 1 2 1 79
0 29 2 0 3 0 25
0 29 1 2 0 2 100
0 29 1 0 1 3 93
0 29 0 1 4 0 128
0 28 5 0 0 1 146
0 28 3 3 0 0 12
0 28 3 1 1 1 73
0 28 1 4 1 0 51
0 28 1 2 2 1 82
0 28 1 0 3 2 47
0 28 0 2 0 4 76
0 28 0 0 1 5 63
0 27 5 0 2 0 154
0 27 4 0 0 3 187
0 27 3 1 3 0 22
0 27 2 3 0 2 50
0 27 2 1 1 3 142
0 27 1 2 4 0 176
0 27 1 0 5 1 143
0 27 0 6 0 1 105
0 27 0 4 1 2 172
0 27 0 2 2 3 176
0 27 0 0 3 4 65
0 26 6 1 0 1 65
0 26 4 4 0 0 61
0 26 4 2 1 1 26
0 26 4 0 2 2 12
0 26 3 0 0 5 185
0 26 2 5 1 0 113
0 26 2 3 2 1 160
0 26 2 1 3 2 20
0 26 1 3 0 4 196
0 26 1 1 1 5 175
0 26 1 0 7 0 19
0 26 0 6 2 0 68
0 26 0 4 3 1 127
0 26 0 2 4 2 157
0 26 0 0 5 3 153
0 25 8 0 1 0 31
0 25 6 1 2 0 188
0 25 5 1 0 3 47
0 25 4 2 3 0 63
0 25 4 0 4 1 182
0 25 3 4 0 2 23
0 25 3 2 1 3 17
0 25 3 0 2 4 188
0 25 2 3 4 0 86
0 25 2 1 5 1 51
0 25 2 0 0 7 116
0 25 1 7 0 1 105
0 25 1 5 1 2 186
0 25 1 3 2 3 183
0 25 1 1 3 4 46
0 25 0 4 5 0 55
0 25 0 3 0 6 187
0 25 0 2 6 1 113
0 25 0 1 1 7 16
0 25 0 0 7 2 125
0 24 7 2 0 1 120
0 24 7 0 1 2 81
0 24 5 5 0 0 141
0 24 5 3 1 1 21
0 24 5 1 2 2 170
0 24 4 0 6 0 20
0 24 3 6 1 0 188
0 24 3 4 2 1 153
0 24 3 2 3 2 128
0 24 3 0 4 3 79
0 24 2 4 0 4 156
0 24 2 2 1 5 53
0 24 2 1 7 0 4
0 24 2 0 2 6 10
0 24 1 7 2 0 78
0 24 1 5 3 1 82
0 24 1 3 4 2 163
0 24 1 1 5 3 50
0 24 1 0 0 9 108
0 24 0 7 0 3 172
0 24 0 5 1 4 37
0 24 0 3 2 5 107
0 24 0 2 8 0 198
0 24 0 0 9 1 118
0 23 11 0 0 0 141
0 23 9 1 1 0 144
0 23 7 2 2 0 163
0 23 7 0 3 1 30
0 23 6 2 0 3 135
0 23 6 0 1 4 49
0 23 5 3 3 0 68
0 23 5 1 4 1 141
0 23 4 5 0 2 109
0 23 4 3 1 3 147
0 23 4 1 2 4 79
0 23 3 4 4 0 47
0 23 3 2 5 1 88
0 23 3 1 0 7 190
0 23 3 0 6 2 131
0 23 2 8 0 1 152
0 23 2 6 1 2 126
0 23 2 4 2 3 92
0 23 2 2 3 4 194
0 23 2 0 4 5 158
0 23 1 5 5 0 85
0 23 1 4 0 6 67
0 23 1 3 6 1 71
0 23 1 2 1 7 154
0 23 1 1 7 2 52
0 23 1 0 2 8 94
0 23 0 11 0 0 49
0 23 0 9 1 1 63
0 23 0 7 2 2 25
0 23 0 5 3 3 64
0 23 0 3 4 4 52
0 23 0 1 5 5 25
0 23 0 0 11 0 99
0 23 0 0 0 11 6
0 22 10 0 0 2 40
0 22 8 3 0 1 97
0 22 8 1 1 2 57
0 22 7 0 5 0 103
0 22 6 6 0 0 136
0 22 6 4 1 1 149
0 22 6 2 2 2 172
0 22 6 0 3 3 138
0 22 5 2 0 5 180
0 22 5 1 6 0 18
0 22 5 0 1 6 29
0 22 4 7 1 0 53
0 22 4 5 2 1 62
0 22 4 3 3 2 129
0 22 4 1 4 3 138
0 22 3 5 0 4 49
0 22 3 3 1 5 115
0 22 3 2 7 0 187
0 22 3 1 2 6 66
0 22 3 0 8 1 153
0 22 2 8 2 0 135
0 22 2 6 3 1 45
0 22 2 4 4 2 186
0 22 2 2 5 3 61
0 22 2 1 0 9 100
0 22 2 0 6 4 185
0 22 1 8 0 3 88
0 22 1 6 1 4 187
0 22 1 4 2 5 123
0 22 1 3 8 0 84
0 22 1 2 3 6 5
0 22 1 1 9 1 160
0 22 1 0 4 7 90
0 22 0 9 3 0 104
0 22 0 7 4 1 30
0 22 0 5 5 2 138
0 22 0 4 0 8 170
0 22 0 3 6 3 31
0 22 0 2 1 9 132
0 22 0 1 7 4 117
0 22 0 0 2 10 195
0 21 12 1 0 0 101
0 21 10 2 1 0 61
0 21 10 0 2 1 142
0 21 9 0 0 4 35
0 21 8 3 2 0 28
0 21 8 1 3 1 128
0 21 7 3 0 3 125
0 21 7 1 1 4 1
0 21 6 4 3 0 95
0 21 6 2 4 1 133
0 21 6 0 5 2 36
0 21 5 6 0 2 94
0 21 5 4 1 3 94
0 21 5 2 2 4 79
0 21 5 0 3 5 176
0 21 4 5 4 0 107
0 21 4 3 5 1 157
0 21 4 2 0 7 175
0 21 4 1 6 2 82
0 21 4 0 1 8 53
0 21 3 9 0 1 137
0 21 3 7 1 2 12
0 21 3 5 2 3 110
0 21 3 3 3 4 80
0 21 3 1 4 5 58
0 21 3 0 10 0 166
0 21 2 6 5 0 53
0 21 2 5 0 6 86
0 21 2 4 6 1 167
0 21 2 3 1 7 24
0 21 2 2 7 2 169
0 21 2 1 2 8 121
0 21 2 0 8 3 128
0 21 1 12 0 0 81
0 21 1 10 1 1 38
0 21 1 8 2 2 50
0 21 1 6 3 3 197
0 21 1 4 4 4 29
0 21 1 2 5 5 42
0 21 1 1 11 0 112
0 21 1 1 0 11 134
0 21 1 0 6 6 195
0 21 0 8 0 5 156
0 21 0 7 6 0 47
0 21 0 6 1 6 182
0 21 0 5 7 1 197
0 21 0 4 2 7 129
0 21 0 3 8 2 38
0 21 0 2 3 8 138
0 21 0 1 9 3 165
0 21 0 0 4 9 55
0 20 11 1 0 2 120
0 20 10 0 4 0 4
0 20 9 4 0 1 113
0 20 9 2 1 2 60
0 20 9 0 2 3 182
0 20 8 1 5 0 178
0 20 8 0 0 6 58
0 20 7 7 0 0 42
0 20 7 5 1 1 54
0 20 7 3 2 2 67
0 20 7 1 3 3 198
0 20 6 3 0 5 186
0 20 6 2 6 0 65
0 20 6 1 1 6 116
0 20 6 0 7 1 180
0 20 5 8 1 0 33
0 20 5 6 2 1 72
0 20 5 4 3 2 125
0 20 5 2 4 3 1
0 20 5 0 5 4 56
0 20 4 6 0 4 163
0 20 4 4 1 5 107
0 20 4 3 7 0 191
0 20 4 2 2 6 32
0 20 4 1 8 1 89
0 20 4 0 3 7 53
0 20 3 9 2 0 133
0 20 3 7 3 1 125
0 20 3 5 4 2 62
0 20 3 3 5 3 90
0 20 3 2 0 9 185
0 20 3 1 6 4 6
0 20 3 0 1 10 178
0 20 2 9 0 3 180
0 20 2 7 1 4 117
0 20 2 5 2 5 9
0 20 2 4 8 0 130
0 20 2 3 3 6 54
0 20 2 2 9 1 173
0 20 2 1 4 7 180
0 20 2 0 10 2 90
0 20 1 10 3 0 69
0 20 1 8 4 1 42
0 20 1 6 5 2 10
0 20 1 5 0 8 49
0 20 1 4 6 3 120
0 20 1 3 1 9 36
0 20 1 2 7 4 33
0 20 1 1 2 10 71
0 20 1 0 8 5 34
0 20 0 12 0 2 87
0 20 0 10 1 3 7
0 20 0 8 2 4 69
0 20 0 6 3 5 148
0 20 0 5 9 0 191
0 20 0 4 4 6 72
0 20 0 3 10 1 43
0 20 0 2 5 7 153
0 20 0 1 11 2 152
0 20 0 1 0 13 132
0 20 0 0 6 8 164
0 19 13 2 0 0 150
0 19 13 0 1 1 123
0 19 11 3 1 0 23
0 19 11 1 2 1 136
0 19 10 1 0 4 140
0 19 9 4 2 0 142
0 19 9 2 3 1 68
0 19 9 0 4 2 97
0 19 8 4 0 3 190
0 19 8 2 1 4 41
0 19 8 0 2 5 60
0 19 7 5 3 0 76
0 19 7 3 4 1 21
0 19 7 1 5 2 128
0 19 7 0 0 8 24
0 19 6 7 0 2 34
0 19 6 5 1 3 162
0 19 6 3 2 4 154
0 19 6 1 3 5 31
0 19 6 0 9 0 90
0 19 5 6 4 0 101
0 19 5 4 5 1 73
0 19 5 3 0 7 110
0 19 5 2 6 2 4
0 19 5 1 1 8 36
0 19 5 0 7 3 19
0 19 4 10 0 1 169
0 19 4 8 1 2 84
0 19 4 6 2 3 20
0 19 4 4 3 4 29
0 19 4 2 4 5 45
0 19 4 1 10 0 86
0 19 4 0 5 6 124
0 19 3 7 5 0 5
0 19 3 6 0 6 8
0 19 3 5 6 1 8
0 19 3 4 1 7 184
0 19 3 3 7 2 27
0 19 3 2 2 8 44
0 19 3 1 8 3 156
0 19 3 0 3 9 152
0 19 2 13 0 0 40
0 19 2 11 1 1 105
0 19 2 9 2 2 123
0 19 2 7 3 3 154
0 19 2 5 4 4 49
0 19 2 3 5 5 90
0 19 2 2 11 0 174
0 19 2 2 0 11 85
0 19 2 1 6 6 112
0 19 2 0 12 1 38
0 19 2 0 1 12 143
0 19 1 9 0 5 92
0 19 1 8 6 0 24
0 19 1 7 1 6 85
0 19 1 6 7 1 190
0 19 1 5 2 7 149
0 19 1 4 8 2 142
0 19 1 3 3 8 79
0 19 1 2 9 3 8
0 19 1 1 4 9 22
0 19 1 0 10 4 77
0 19 0 14 1 0 13
0 19 0 12 2 1 180
0 19 0 10 3 2 182
0 19 0 8 4 3 178
0 19 0 6 5 4 186
0 19 0 5 0 10 99
0 19 0 4 6 5 182
0 19 0 3 12 0 16
0 19 0 3 1 11 6
0 19 0 2 7 6 49
0 19 0 1 13 1 151
0 19 0 1 2 12 64
0 19 0 0 8 7 181
0 18 13 0 3 0 169
0 18 12 2 0 2 177
0 18 12 0 1 3 133
0 18 11 1 4 0 140
0 18 10 5 0 1 54
0 18 10 3 1 2 145
0 18 10 1 2 3 166
0 18 9 2 5 0 42
0 18 9 1 0 6 111
0 18 9 0 6 1 129
0 18 8 8 0 0 81
0 18 8 6 1 1 23
0 18 8 4 2 2 48
0 18 8 2 3 3 170
0 18 8 0 4 4 73
0 18 7 4 0 5 191
0 18 7 3 6 0 95
0 18 7 2 1 6 121
0 18 7 1 7 1 162
0 18 7 0 2 7 166
0 18 6 9 1 0 77
0 18 6 7 2 1 112
0 18 6 5 3 2 192
0 18 6 3 4 3 78
0 18 6 1 5 4 193
0 18 6 0 0 10 122
0 18 5 7 0 4 145
0 18 5 5 1 5 160
0 18 5 4 7 0 4
0 18 5 3 2 6 46
0 18 5 2 8 1 120
0 18 5 1 3 7 83
0 18 5 0 9 2 144
0 18 4 10 2 0 99
0 18 4 8 3 1 182
0 18 4 6 4 2 59
0 18 4 4 5 3 171
0 18 4 3 0 9 12
0 18 4 2 6 4 123
0 18 4 1 1 10 94
0 18 4 0 7 5 56
0 18 3 10 0 3 192
0 18 3 8 1 4 44
0 18 3 6 2 5 164
0 18 3 5 8 0 194
0 18 3 4 3 6 3
0 18 3 3 9 1 69
0 18 3 2 4 7 10
0 18 3 1 10 2 179
0 18 3 0 5 8 154
0 18 2 11 3 0 34
0 18 2 9 4 1 121
0 18 2 7 5 2 157
0 18 2 6 0 8 96
0 18 2 5 6 3 140
0 18 2 4 1 9 68
0 18 2 3 7 4 42
0 18 2 2 2 10 119
0 18 2 1 8 5 125
0 18 2 0 14 0 133
0 18 2 0 3 11 144
0 18 1 13 0 2 47
0 18 1 11 1 3 59
0 18 1 9 2 4 150
0 18 1 7 3 5 163
0 18 1 6 9 0 185
0 18 1 5 4 6 46
0 18 1 4 10 1 131
0 18 1 3 5 7 100
0 18 1 2 11 2 5
0 18 1 2 0 13 71
0 18 1 1 6 8 111
0 18 1 0 12 3 155
0 18 1 0 1 14 25
0 18 0 12 4 0 110
0 18 0 10 5 1 85
0 18 0 9 0 7 97
0 18 0 8 6 2 44
0 18 0 7 1 8 38
0 18 0 6 7 3 70
0 18 0 5 2 9 15
0 18 0 4 8 4 198
0 18 0 3 3 10 128
0 18 0 2 9 5 120
0 18 0 1 15 0 163
0 18 0 1 4 11 79
0 18 0 0 10 6 31
0 17 16 0 0 1 112
0 17 14 3 0 0 162
0 17 14 1 1 1 70
0 17 12 4 1 0 50
0 17 12 2 2 1 108
0 17 12 0 3 2 3
0 17 11 2 0 4 4
0 17 11 0 1 5 36
0 17 10 5 2 0 148
0 17 10 3 3 1 116
0 17 10 1 4 2 164
0 17 9 5 0 3 78
0 17 9 3 1 4 145
0 17 9 1 2 5 181
0 17 9 0 8 0 138
0 17 8 6 3 0 2
0 17 8 4 4 1 187
0 17 8 2 5 2 38
0 17 8 1 0 8 152
0 17 8 0 6 3 133
0 17 7 8 0 2 54
0 17 7 6 1 3 16
0 17 7 4 2 4 171
0 17 7 2 3 5 7
0 17 7 1 9 0 87
0 17 7 0 4 6 61
0 17 6 7 4 0 175
0 17 6 5 5 1 9
0 17 6 4 0 7 156
0 17 6 3 6 2 28
0 17 6 2 1 8 142
0 17 6 1 7 3 50
0 17 6 0 2 9 51
0 17 5 11 0 1 18
0 17 5 9 1 2 95
0 17 5 7 2 3 17
0 17 5 5 3 4 84
0 17 5 3 4 5 162
0 17 5 2 10 0 144
0 17 5 1 5 6 41
0 17 5 0 11 1 43
0 17 5 0 0 12 170
0 17 4 8 5 0 77
0 17 4 7 0 6 112
0 17 4 6 6 1 3
0 17 4 5 1 7 138
0 17 4 4 7 2 188
0 17 4 3 2 8 195
0 17 4 2 8 3 158
0 17 4 1 3 9 40
0 17 4 0 9 4 107
0 17 3 14 0 0 12
0 17 3 12 1 1 24
0 17 3 10 2 2 42
0 17 3 8 3 3 116
0 17 3 6 4 4 83
0 17 3 4 5 5 53
0 17 3 3 11 0 3
0 17 3 3 0 11 69
0 17 3 2 6 6 151
0 17 3 1 12 1 128
0 17 3 1 1 12 107
0 17 3 0 7 7 65
0 17 2 9 6 0 120
0 17 2 8 1 6 135
0 17 2 7 7 1 3
0 17 2 6 2 7 41
0 17 2 5 8 2 41
0 17 2 4 3 8 36
0 17 2 3 9 3 83
0 17 2 2 4 9 21
0 17 2 1 10 4 87
0 17 2 0 5 10 114
0 17 1 15 1 0 98
0 17 1 13 2 1 66
0 17 1 11 3 2 9
0 17 1 9 4 3 190
0 17 1 7 5 4 54
0 17 1 6 0 10 174
0 17 1 5 6 5 23
0 17 1 4 12 0 71
0 17 1 4 1 11 97
0 17 1 3 7 6 80
0 17 1 2 13 1 53
0 17 1 2 2 12 118
0 17 1 1 8 7 12
0 17 1 0 14 2 22
0 17 1 0 3 13 13
0 17 0 13 0 4 108
0 17 0 11 1 5 31
0 17 0 10 7 0 10
0 17 0 9 2 6 89
0 17 0 8 8 1 77
0 17 0 7 3 7 181
0 17 0 6 9 2 155
0 17 0 5 4 8 70
0 17 0 4 10 3 83
0 17 0 3 5 9 116
0 17 0 2 11 4 32
0 17 0 2 0 15 64
0 17 0 1 6 10 96
0 17 0 0 12 5 175
0 17 0 0 1 16 129
0 16 16 0 2 0 31
0 16 15 0 0 3 73
0 16 14 1 3 0 69
0 16 13 3 0 2 139
0 16 13 1 1 3 173
0 16 12 2 4 0 156
0 16 12 0 5 1 17
0 16 11 6 0 1 36
0 16 11 4 1 2 189
0 16 11 2 2 3 61
0 16 11 0 3 4 133
0 16 10 3 5 0 93
0 16 10 2 0 6 88
0 16 10 1 6 1 142
0 16 10 0 1 7 39
0 16 9 9 0 0 47
0 16 9 7 1 1 37
0 16 9 5 2 2 93
0 16 9 3 3 3 7
0 16 9 1 4 4 176
0 16 8 5 0 5 115
0 16 8 4 6 0 157
0 16 8 3 1 6 173
0 16 8 2 7 1 18
0 16 8 1 2 7 15
0 16 8 0 8 2 172
0 16 7 10 1 0 192
0 16 7 8 2 1 123
0 16 7 6 3 2 99
0 16 7 4 4 3 11
0 16 7 2 5 4 104
0 16 7 1 0 10 107
0 16 7 0 6 5 166
0 16 6 8 0 4 177
0 16 6 6 1 5 31
0 16 6 5 7 0 43
0 16 6 4 2 6 36
0 16 6 3 8 1 13
0 16 6 2 3 7 13
0 16 6 1 9 2 183
0 16 6 0 4 8 63
0 16 5 11 2 0 56
0 16 5 9 3 1 114
0 16 5 7 4 2 113
0 16 5 5 5 3 86
0 16 5 4 0 9 65
0 16 5 3 6 4 169
0 16 5 2 1 10 182
0 16 5 0 13 0 152
0 16 5 0 2 11 167
0 16 4 11 0 3 193
0 16 4 9 1 4 118
0 16 4 7 2 5 189
0 16 4 6 8 0 28
0 16 4 5 3 6 197
0 16 4 4 9 1 101
0 16 4 3 4 7 143
0 16 4 2 10 2 103
0 16 4 1 5 8 121
0 16 4 0 11 3 71
0 16 4 0 0 14 95
0 16 3 12 3 0 12
0 16 3 10 4 1 37
0 16 3 8 5 2 163
0 16 3 7 0 8 3
0 16 3 6 6 3 107
0 16 3 5 1 9 164
0 16 3 4 7 4 97
0 16 3 3 2 10 68
0 16 3 2 8 5 188
0 16 3 1 14 0 190
0 16 3 1 3 11 170
0 16 3 0 9 6 161
0 16 2 14 0 2 177
0 16 2 12 1 3 12
0 16 2 10 2 4 28
0 16 2 8 3 5 12
0 16 2 7 9 0 186
0 16 2 6 4 6 188
0 16 2 5 10 1 86
0 16 2 4 5 7 181
0 16 2 3 11 2 111
0 16 2 3 0 13 168
0 16 2 2 6 8 166
0 16 2 1 12 3 71
0 16 2 1 1 14 190
0 16 2 0 7 9 8
0 16 1 13 4 0 122
0 16 1 11 5 1 88
0 16 1 10 0 7 67
0 16 1 9 6 2 189
0 16 1 8 1 8 170
0 16 1 7 7 3 27
0 16 1 6 2 9 187
0 16 1 5 8 4 49
0 16 1 4 3 10 169
0 16 1 3 9 5 101
0 16 1 2 15 0 46
0 16 1 2 4 11 117
0 16 1 1 10 6 71
0 16 1 0 16 1 39
0 16 1 0 5 12 161
0 16 0 17 0 1 87
0 16 0 15 1 2 48
0 16 0 13 2 3 78
0 16 0 11 3 4 169
0 16 0 9 4 5 149
0 16 0 8 10 0 108
0 16 0 7 5 6 70
0 16 0 6 11 1 168
0 16 0 6 0 12 62
0 16 0 5 6 7 133
0 16 0 4 12 2 158
0 16 0 4 1 13 102
0 16 0 3 7 8 100
0 16 0 2 13 3 57
0 16 0 2 2 14 25
0 16 0 1 8 9 15
0 16 0 0 14 4 79
0 16 0 0 3 15 192
0 15 17 1 0 1 34
0 15 15 4 0 0 97
0 15 15 2 1 1 181
0 15 15 0 2 2 165
0 15 14 0 0 5 187
0 15 13 5 1 0 22
0 15 13 3 2 1 124
0 15 13 1 3 2 137
0 15 12 3 0 4 38
0 15 12 1 1 5 27
0 15 12 0 7 0 94
0 15 11 6 2 0 154
0 15 11 4 3 1 86
0 15 11 2 4 2 6
0 15 11 0 5 3 79
0 15 10 6 0 3 37
0 15 10 4 1 4 180
0 15 10 2 2 5 82
0 15 10 1 8 0 134
0 15 10 0 3 6 4
0 15 9 7 3 0 173
0 15 9 5 4 1 171
0 15 9 3 5 2 153
0 15 9 2 0 8 159
0 15 9 1 6 3 174
0 15 9 0 1 9 94
0 15 8 9 0 2 39
0 15 8 7 1 3 19
0 15 8 5 2 4 133
0 15 8 3 3 5 62
0 15 8 2 9 0 186
0 15 8 1 4 6 183
0 15 8 0 10 1 168
0 15 7 8 4 0 92
0 15 7 6 5 1 155
0 15 7 5 0 7 76
0 15 7 4 6 2 108
0 15 7 3 1 8 61
0 15 7 2 7 3 164
0 15 7 1 2 9 78
0 15 7 0 8 4 52
0 15 6 12 0 1 43
0 15 6 10 1 2 100
0 15 6 8 2 3 25
0 15 6 6 3 4 148
0 15 6 4 4 5 151
0 15 6 3 10 0 125
0 15 6 2 5 6 24
0 15 6 1 11 1 7
0 15 6 1 0 12 98
0 15 6 0 6 7 99
0 15 5 9 5 0 193
0 15 5 8 0 6 83
0 15 5 7 6 1 102
0 15 5 6 1 7 185
0 15 5 5 7 2 187
0 15 5 4 2 8 55
0 15 5 3 8 3 55
0 15 5 2 3 9 34
0 15 5 1 9 4 132
0 15 5 0 4 10 165
0 15 4 15 0 0 46
0 15 4 13 1 1 186
0 15 4 11 2 2 25
0 15 4 9 3 3 8
0 15 4 7 4 4 62
0 15 4 5 5 5 27
0 15 4 4 11 0 133
0 15 4 4 0 11 182
0 15 4 3 6 6 10
0 15 4 2 12 1 57
0 15 4 2 1 12 110
0 15 4 1 7 7 75
0 15 4 0 13 2 117
0 15 4 0 2 13 85
0 15 3 11 0 5 177
0 15 3 10 6 0 32
0 15 3 9 1 6 70
0 15 3 8 7 1 68
0 15 3 7 2 7 24
0 15 3 6 8 2 16
0 15 3 5 3 8 139
0 15 3 4 9 3 131
0 15 3 3 4 9 86
0 15 3 2 10 4 125
0 15 3 1 5 10 195
0 15 3 0 11 5 196
0 15 3 0 0 16 20
0 15 2 16 1 0 82
0 15 2 14 2 1 76
0 15 2 12 3 2 179
0 15 2 10 4 3 183
0 15 2 8 5 4 145
0 15 2 7 0 10 108
0 15 2 6 6 5 105
0 15 2 5 12 0 136
0 15 2 5 1 11 168
0 15 2 4 7 6 109
0 15 2 3 13 1 41
0 15 2 3 2 12 38
0 15 2 2 8 7 20
0 15 2 1 14 2 44
0 15 2 1 3 13 12
0 15 2 0 9 8 81
0 15 1 14 0 4 175
0 15 1 12 1 5 2
0 15 1 11 7 0 178
0 15 1 10 2 6 86
0 15 1 9 8 1 36
0 15 1 8 3 7 122
0 15 1 7 9 2 113
0 15 1 6 4 8 8
0 15 1 5 10 3 85
0 15 1 4 5 9 198
0 15 1 3 11 4 92
0 15 1 3 0 15 83
0 15 1 2 6 10 114
0 15 1 1 12 5 183
0 15 1 1 1 16 47
0 15 1 0 18 0 83
0 15 1 0 7 11 62
0 15 0 17 2 0 10
0 15 0 15 3 1 7
0 15 0 13 4 2 23
0 15 0 11 5 3 185
0 15 0 10 0 9 127
0 15 0 9 6 4 140
0 15 0 8 1 10 19
0 15 0 7 7 5 174
0 15 0 6 13 0 195
0 15 0 6 2 11 74
0 15 0 5 8 6 192
0 15 0 4 14 1 16
0 15 0 4 3 12 70
0 15 0 3 9 7 139
0 15 0 2 15 2 97
0 15 0 2 4 13 27
0 15 0 1 10 8 170
0 15 0 0 16 3 36
0 15 0 0 5 14 82
0 14 19 0 1 0 51
0 14 17 1 2 0 24
0 14 16 1 0 3 149
0 14 15 2 3 0 156
0 14 15 0 4 1 124
0 14 14 4 0 2 100
0 14 14 2 1 3 125
0 14 14 0 2 4 61
0 14 13 3 4 0 57
0 14 13 1 5 1 197
0 14 13 0 0 7 94
0 14 12 7 0 1 129
0 14 12 5 1 2 109
0 14 12 3 2 3 63
0 14 12 1 3 4 129
0 14 11 4 5 0 172
0 14 11 3 0 6 184
0 14 11 2 6 1 8
0 14 11 1 1 7 13
0 14 11 0 7 2 171
0 14 10 10 0 0 164
0 14 10 8 1 1 56
0 14 10 6 2 2 54
0 14 10 4 3 3 93
0 14 10 2 4 4 36
0 14 10 0 5 5 135
0 14 9 6 0 5 169
0 14 9 5 6 0 22
0 14 9 4 1 6 128
0 14 9 3 7 1 36
0 14 9 2 2 7 52
0 14 9 1 8 2 187
0 14 9 0 3 8 117
0 14 8 11 1 0 33
0 14 8 9 2 1 56
0 14 8 7 3 2 110
0 14 8 5 4 3 62
0 14 8 3 5 4 3
0 14 8 2 0 10 30
0 14 8 1 6 5 182
0 14 8 0 12 0 67
0 14 8 0 1 11 58
0 14 7 9 0 4 76
0 14 7 7 1 5 145
0 14 7 6 7 0 30
0 14 7 5 2 6 23
0 14 7 4 8 1 119
0 14 7 3 3 7 59
0 14 7 2 9 2 15
0 14 7 1 4 8 27
0 14 7 0 10 3 105
0 14 6 12 2 0 36
0 14 6 10 3 1 198
0 14 6 8 4 2 176
0 14 6 6 5 3 100
0 14 6 5 0 9 185
0 14 6 4 6 4 193
0 14 6 3 1 10 140
0 14 6 2 7 5 81
0 14 6 1 13 0 1
0 14 6 1 2 11 74
0 14 6 0 8 6 120
0 14 5 12 0 3 182
0 14 5 10 1 4 142
0 14 5 8 2 5 193
0 14 5 7 8 0 193
0 14 5 6 3 6 20
0 14 5 5 9 1 47
0 14 5 4 4 7 106
0 14 5 3 10 2 139
0 14 5 2 5 8 191
0 14 5 1 11 3 115
0 14 5 1 0 14 23
0 14 5 0 6 9 74
0 14 4 13 3 0 101
0 14 4 11 4 1 172
0 14 4 9 5 2 123
0 14 4 8 0 8 144
0 14 4 7 6 3 23
0 14 4 6 1 9 184
0 14 4 5 7 4 183
0 14 4 4 2 10 52
0 14 4 3 8 5 53
0 14 4 2 14 0 136
0 14 4 2 3 11 147
0 14 4 1 9 6 69
0 14 4 0 15 1 170
0 14 4 0 4 12 150
0 14 3 15 0 2 155
0 14 3 13 1 3 53
0 14 3 11 2 4 177
0 14 3 9 3 5 88
0 14 3 8 9 0 106
0 14 3 7 4 6 146
0 14 3 6 10 1 132
0 14 3 5 5 7 68
0 14 3 4 11 2 109
0 14 3 4 0 13 128
0 14 3 3 6 8 47
0 14 3 2 12 3 1
0 14 3 2 1 14 31
0 14 3 1 7 9 178
0 14 3 0 13 4 116
0 14 3 0 2 15 124
0 14 2 14 4 0 178
0 14 2 12 5 1 28
0 14 2 11 0 7 30
0 14 2 10 6 2 122
0 14 2 9 1 8 95
0 14 2 8 7 3 198
0 14 2 7 2 9 10
0 14 2 6 8 4 180
0 14 2 5 3 10 31
0 14 2 4 9 5 165
0 14 2 3 15 0 39
0 14 2 3 4 11 137
0 14 2 2 10 6 153
0 14 2 1 16 1 94
0 14 2 1 5 12 164
0 14 2 0 11 7 45
0 14 2 0 0 18 129
0 14 1 18 0 1 115
0 14 1 16 1 2 29
0 14 1 14 2 3 169
0 14 1 12 3 4 113
0 14 1 10 4 5 17
0 14 1 9 10 0 160
0 14 1 8 5 6 90
0 14 1 7 11 1 40
0 14 1 7 0 12 53
0 14 1 6 6 7 26
0 14 1 5 12 2 54
0 14 1 5 1 13 125
0 14 1 4 7 8 165
0 14 1 3 13 3 55
0 14 1 3 2 14 122
0 14 1 2 8 9 157
0 14 1 1 14 4 166
0 14 1 1 3 15 115
0 14 1 0 9 10 85
0 14 0 15 5 0 190
0 14 0 14 0 6 5
0 14 0 13 6 1 143
0 14 0 12 1 7 171
0 14 0 11 7 2 69
0 14 0 10 2 8 5
0 14 0 9 8 3 5
0 14 0 8 3 9 107
0 14 0 7 9 4 15
0 14 0 6 4 10 180
0 14 0 5 10 5 21
0 14 0 4 16 0 50
0 14 0 4 5 11 97
0 14 0 3 11 6 117
0 14 0 3 0 17 66
0 14 0 2 17 1 155
0 14 0 2 6 12 42
0 14 0 1 12 7 47
0 14 0 1 1 18 140
0 14 0 0 18 2 43
0 14 0 0 7 13 115
0 13 18 2 0 1 171
0 13 18 0 1 2 116
0 13 16 5 0 0 103
0 13 16 3 1 1 56
0 13 16 1 2 2 59
0 13 15 1 0 5 36
0 13 15 0 6 0 87
0 13 14 6 1 0 69
0 13 14 4 2 1 108
0 13 14 2 3 2 69
0 13 14 0 4 3 127
0 13 13 4 0 4 132
0 13 13 2 1 5 94
0 13 13 1 7 0 90
0 13 13 0 2 6 158
0 13 12 7 2 0 40
0 13 12 5 3 1 55
0 13 12 3 4 2 51
0 13 12 1 5 3 83
0 13 12 0 0 9 62
0 13 11 7 0 3 166
0 13 11 5 1 4 194
0 13 11 3 2 5 75
0 13 11 2 8 0 20
0 13 11 1 3 6 31
0 13 11 0 9 1 10
0 13 10 8 3 0 188
0 13 10 6 4 1 179
0 13 10 4 5 2 151
0 13 10 3 0 8 134
0 13 10 2 6 3 62
0 13 10 1 1 9 144
0 13 10 0 7 4 156
0 13 9 10 0 2 27
0 13 9 8 1 3 106
0 13 9 6 2 4 54
0 13 9 4 3 5 185
0 13 9 3 9 0 180
0 13 9 2 4 6 163
0 13 9 1 10 1 136
0 13 9 0 5 7 25
0 13 8 9 4 0 141
0 13 8 7 5 1 98
0 13 8 6 0 7 117
0 13 8 5 6 2 45
0 13 8 4 1 8 122
0 13 8 3 7 3 52
0 13 8 2 2 9 136
0 13 8 1 8 4 130
0 13 8 0 3 10 89
0 13 7 13 0 1 60
0 13 7 11 1 2 129
0 13 7 9 2 3 114
0 13 7 7 3 4 163
0 13 7 5 4 5 136
0 13 7 4 10 0 186
0 13 7 3 5 6 135
0 13 7 2 11 1 19
0 13 7 2 0 12 92
0 13 7 1 6 7 186
0 13 7 0 12 2 10
0 13 7 0 1 13 6
0 13 6 10 5 0 92
0 13 6 9 0 6 110
0 13 6 8 6 1 34
0 13 6 7 1 7 32
0 13 6 6 7 2 145
0 13 6 5 2 8 165
0 13 6 4 8 3 113
0 13 6 3 3 9 79
0 13 6 2 9 4 47
0 13 6 1 4 10 115
0 13 6 0 10 5 12
0 13 5 16 0 0 26
0 13 5 14 1 1 195
0 13 5 12 2 2 164
0 13 5 10 3 3 160
0 13 5 8 4 4 136
0 13 5 6 5 5 142
0 13 5 5 11 0 114
0 13 5 5 0 11 98
0 13 5 4 6 6 71
0 13 5 3 12 1 82
0 13 5 3 1 12 197
0 13 5 2 7 7 34
0 13 5 1 13 2 70
0 13 5 1 2 13 97
0 13 5 0 8 8 139
0 13 4 12 0 5 148
0 13 4 11 6 0 133
0 13 4 10 1 6 131
0 13 4 9 7 1 141
0 13 4 8 2 7 122
0 13 4 7 8 2 110
0 13 4 6 3 8 83
0 13 4 5 9 3 157
0 13 4 4 4 9 17
0 13 4 3 10 4 67
0 13 4 2 5 10 122
0 13 4 1 11 5 147
0 13 4 1 0 16 146
0 13 4 0 17 0 76
0 13 4 0 6 11 85
0 13 3 17 1 0 22
0 13 3 15 2 1 195
0 13 3 13 3 2 90
0 13 3 11 4 3 55
0 13 3 9 5 4 84
0 13 3 8 0 10 82
0 13 3 7 6 5 159
0 13 3 6 12 0 198
0 13 3 6 1 11 42
0 13 3 5 7 6 4
0 13 3 4 13 1 63
0 13 3 4 2 12 178
0 13 3 3 8 7 36
0 13 3 2 14 2 98
0 13 3 2 3 13 32
0 13 3 1 9 8 174
0 13 3 0 15 3 176
0 13 3 0 4 14 129
0 13 2 15 0 4 135
0 13 2 13 1 5 11
0 13 2 12 7 0 118
0 13 2 11 2 6 41
0 13 2 10 8 1 90
0 13 2 9 3 7 154
0 13 2 8 9 2 101
0 13 2 7 4 8 26
0 13 2 6 10 3 176
0 13 2 5 5 9 147
0 13 2 4 11 4 1
0 13 2 4 0 15 183
0 13 2 3 6 10 180
0 13 2 2 12 5 94
0 13 2 2 1 16 196
0 13 2 1 18 0 117
0 13 2 1 7 11 107
0 13 2 0 13 6 125
0 13 2 0 2 17 63
0 13 1 18 2 0 10
0 13 1 16 3 1 182
0 13 1 14 4 2 184
0 13 1 12 5 3 12
0 13 1 11 0 9 150
0 13 1 10 6 4 60
0 13 1 9 1 10 25
0 13 1 8 7 5 21
0 13 1 7 13 0 119
0 13 1 7 2 11 108
0 13 1 6 8 6 93
0 13 1 5 14 1 108
0 13 1 5 3 12 41
0 13 1 4 9 7 29
0 13 1 3 15 2 160
0 13 1 3 4 13 119
0 13 1 2 10 8 63
0 13 1 1 16 3 137
0 13 1 1 5 14 85
0 13 1 0 11 9 62
0 13 1 0 0 20 167
0 13 0 18 0 3 148
0 13 0 16 1 4 80
0 13 0 14 2 5 165
0 13 0 13 8 0 78
0 13 0 12 3 6 153
0 13 0 11 9 1 130
0 13 0 10 4 7 88
0 13 0 9 10 2 10
0 13 0 8 5 8 86
0 13 0 7 11 3 25
0 13 0 7 0 14 74
0 13 0 6 6 9 111
0 13 0 5 12 4 177
0 13 0 5 1 15 174
0 13 0 4 7 10 56
0 13 0 3 13 5 43
0 13 0 3 2 16 36
0 13 0 2 19 0 79
0 13 0 2 8 11 12
0 13 0 1 14 6 181
0 13 0 1 3 17 120
0 13 0 0 20 1 60
0 13 0 0 9 12 160
0 12 22 0 0 0 106
0 12 20 1 1 0 84
0 12 18 2 2 0 153
0 12 18 0 3 1 160
0 12 17 2 0 3 157
0 12 17 0 1 4 38
0 12 16 3 3 0 165
0 12 16 1 4 1 55
0 12 15 5 0 2 138
0 12 15 3 1 3 106
0 12 15 1 2 4 169
0 12 14 4 4 0 125
0 12 14 2 5 1 11
0 12 14 1 0 7 76
0 12 14 0 6 2 134
0 12 13 8 0 1 82
0 12 13 6 1 2 178
0 12 13 4 2 3 121
0 12 13 2 3 4 68
0 12 13 0 4 5 17
0 12 12 5 5 0 19
0 12 12 4 0 6 67
0 12 12 3 6 1 121
0 12 12 2 1 7 65
0 12 12 1 7 2 101
0 12 12 0 2 8 83
0 12 11 11 0 0 35
0 12 11 9 1 1 150
0 12 11 7 2 2 105
0 12 11 5 3 3 113
0 12 11 3 4 4 94
0 12 11 1 5 5 13
0 12 11 0 11 0 99
0 12 11 0 0 11 166
0 12 10 7 0 5 195
0 12 10 6 6 0 149
0 12 10 5 1 6 38
0 12 10 4 7 1 21
0 12 10 3 2 7 150
0 12 10 2 8 2 197
0 12 10 1 3 8 89
0 12 10 0 9 3 72
0 12 9 12 1 0 113
0 12 9 10 2 1 101
0 12 9 8 3 2 187
0 12 9 6 4 3 1
0 12 9 4 5 4 102
0 12 9 3 0 10 105
0 12 9 2 6 5 137
0 12 9 1 12 0 88
0 12 9 1 1 11 75
0 12 9 0 7 6 102
0 12 8 10 0 4 193
0 12 8 8 1 5 117
0 12 8 7 7 0 61
0 12 8 6 2 6 111
0 12 8 5 8 1 90
0 12 8 4 3 7 157
0 12 8 3 9 2 43
0 12 8 2 4 8 171
0 12 8 1 10 3 148
0 12 8 0 5 9 70
0 12 7 13 2 0 26
0 12 7 11 3 1 110
0 12 7 9 4 2 77
0 12 7 7 5 3 189
0 12 7 6 0 9 33
0 12 7 5 6 4 66
0 12 7 4 1 10 93
0 12 7 3 7 5 54
0 12 7 2 13 0 78
0 12 7 2 2 11 37
0 12 7 1 8 6 121
0 12 7 0 14 1 177
0 12 7 0 3 12 63
0 12 6 13 0 3 41
0 12 6 11 1 4 21
0 12 6 9 2 5 73
0 12 6 8 8 0 140
0 12 6 7 3 6 10
0 12 6 6 9 1 146
0 12 6 5 4 7 2
0 12 6 4 10 2 159
0 12 6 3 5 8 187
0 12 6 2 11 3 103
0 12 6 2 0 14 14
0 12 6 1 6 9 2
0 12 6 0 12 4 125
0 12 6 0 1 15 2
0 12 5 14 3 0 115
0 12 5 12 4 1 157
0 12 5 10 5 2 40
0 12 5 9 0 8 90
0 12 5 8 6 3 94
0 12 5 7 1 9 94
0 12 5 6 7 4 163
0 12 5 5 2 10 48
0 12 5 4 8 5 82
0 12 5 3 14 0 178
0 12 5 3 3 11 68
0 12 5 2 9 6 190
0 12 5 1 15 1 70
0 12 5 0 10 7 117
0 12 4 16 0 2 194
0 12 4 14 1 3 31
0 12 4 12 2 4 43
0 12 4 10 3 5 85
0 12 4 9 9 0 189
0 12 4 8 4 6 186
0 12 4 7 10 1 175
0 12 4 6 5 7 45
0 12 4 5 11 2 114
0 12 4 5 0 13 59
0 12 4 4 6 8 193
0 12 4 3 12 3 153
0 12 4 3 1 14 69
0 12 4 2 7 9 78
0 12 4 1 13 4 169
0 12 4 1 2 15 125
0 12 4 0 8 10 110
0 12 3 15 4 0 170
0 12 3 13 5 1 66
0 12 3 12 0 7 119
0 12 3 11 6 2 38
0 12 3 10 1 8 13
0 12 3 9 7 3 145
0 12 3 8 2 9 18
0 12 3 7 8 4 149
0 12 3 6 3 10 67
0 12 3 5 9 5 133
0 12 3 4 15 0 128
0 12 3 4 4 11 193
0 12 3 3 10 6 151
0 12 3 2 16 1 3
0 12 3 2 5 12 175
0 12 3 1 11 7 184
0 12 3 1 0 18 185
0 12 3 0 17 2 185
0 12 3 0 6 13 188
0 12 2 19 0 1 33
0 12 2 17 1 2 58
0 12 2 15 2 3 136
0 12 2 13 3 4 155
0 12 2 11 4 5 193
0 12 2 10 10 0 150
0 12 2 9 5 6 170
0 12 2 8 11 1 163
0 12 2 8 0 12 94
0 12 2 7 6 7 135
0 12 2 6 12 2 133
0 12 2 6 1 13 73
0 12 2 5 7 8 180
0 12 2 4 13 3 68
0 12 2 4 2 14 39
0 12 2 3 8 9 48
0 12 2 2 14 4 41
0 12 2 2 3 15 21
0 12 2 1 9 10 13
0 12 2 0 15 5 88
0 12 2 0 4 16 195
0 12 1 16 5 0 68
0 12 1 15 0 6 78
0 12 1 14 6 1 190
0 12 1 13 1 7 39
0 12 1 12 7 2 40
0 12 1 11 2 8 16
0 12 1 10 8 3 2
0 12 1 9 3 9 28
0 12 1 8 9 4 133
0 12 1 7 4 10 26
0 12 1 6 10 5 7
0 12 1 5 16 0 92
0 12 1 5 5 11 97
0 12 1 4 11 6 27
0 12 1 4 0 17 7
0 12 1 3 17 1 10
0 12 1 3 6 12 115
0 12 1 2 12 7 23
0 12 1 2 1 18 157
0 12 1 1 18 2 4
0 12 1 1 7 13 142
0 12 1 0 13 8 58
0 12 1 0 2 19 99
0 12 0 22 0 0 78
0 12 0 20 1 1 75
0 12 0 16 3 3 64
0 12 0 14 4 4 158
0 12 0 12 5 5 40
0 12 0 11 11 0 112
0 12 0 11 0 11 142
0 12 0 10 6 6 29
0 12 0 9 12 1 74
0 12 0 9 1 12 189
0 12 0 8 7 7 87
0 12 0 7 13 2 68
0 12 0 7 2 13 74
0 12 0 6 8 8 36
0 12 0 5 14 3 59
0 12 0 5 3 14 50
0 12 0 4 9 9 188
0 12 0 3 15 4 158
0 12 0 3 4 15 132
0 12 0 2 10 10 21
0 12 0 1 16 5 113
0 12 0 1 5 16 198
0 12 0 0 22 0 47
0 12 0 0 11 11 194
0 12 0 0 0 22 88
0 11 21 0 0 2 26
0 11 19 3 0 1 164
0 11 19 1 1 2 17
0 11 18 0 5 0 116
0 11 17 6 0 0 119
0 11 17 4 1 1 180
0 11 17 2 2 2 162
0 11 17 0 3 3 49
0 11 16 2 0 5 75
0 11 16 1 6 0 144
0 11 16 0 1 6 103
0 11 15 7 1 0 35
0 11 15 5 2 1 26
0 11 15 3 3 2 167
0 11 15 1 4 3 192
0 11 14 5 0 4 144
0 11 14 3 1 5 102
0 11 14 2 7 0 71
0 11 14 1 2 6 14
0 11 14 0 8 1 80
0 11 13 8 2 0 165
0 11 13 6 3 1 30
0 11 13 4 4 2 75
0 11 13 2 5 3 188
0 11 13 1 0 9 108
0 11 13 0 6 4 52
0 11 12 8 0 3 142
0 11 12 6 1 4 105
0 11 12 4 2 5 77
0 11 12 3 8 0 60
0 11 12 2 3 6 11
0 11 12 1 9 1 97
0 11 12 0 4 7 25
0 11 11 9 3 0 132
0 11 11 7 4 1 36
0 11 11 5 5 2 105
0 11 11 4 0 8 133
0 11 11 3 6 3 41
0 11 11 2 1 9 133
0 11 11 1 7 4 167
0 11 11 0 2 10 138
0 11 10 11 0 2 103
0 11 10 9 1 3 85
0 11 10 7 2 4 179
0 11 10 5 3 5 76
0 11 10 4 9 0 60
0 11 10 3 4 6 180
0 11 10 2 10 1 186
0 11 10 1 5 7 156
0 11 10 0 11 2 118
0 11 10 0 0 13 114
0 11 9 10 4 0 165
0 11 9 8 5 1 128
0 11 9 7 0 7 44
0 11 9 6 6 2 89
0 11 9 5 1 8 88
0 11 9 4 7 3 96
0 11 9 3 2 9 89
0 11 9 2 8 4 93
0 11 9 1 3 10 149
0 11 9 0 9 5 154
0 11 8 14 0 1 158
0 11 8 12 1 2 177
0 11 8 10 2 3 151
0 11 8 8 3 4 55
0 11 8 6 4 5 57
0 11 8 5 10 0 55
0 11 8 4 5 6 27
0 11 8 3 11 1 139
0 11 8 3 0 12 76
0 11 8 2 6 7 32
0 11 8 1 12 2 178
0 11 8 1 1 13 170
0 11 8 0 7 8 17
0 11 7 11 5 0 48
0 11 7 10 0 6 183
0 11 7 9 6 1 138
0 11 7 8 1 7 24
0 11 7 7 7 2 144
0 11 7 6 2 8 131
0 11 7 5 8 3 40
0 11 7 4 3 9 154
0 11 7 3 9 4 170
0 11 7 2 4 10 42
0 11 7 1 10 5 92
0 11 7 0 16 0 53
0 11 7 0 5 11 167
0 11 6 17 0 0 93
0 11 6 15 1 1 74
0 11 6 13 2 2 164
0 11 6 11 3 3 91
0 11 6 9 4 4 36
0 11 6 7 5 5 131
0 11 6 6 11 0 186
0 11 6 6 0 11 59
0 11 6 5 6 6 125
0 11 6 4 12 1 44
0 11 6 4 1 12 53
0 11 6 3 7 7 31
0 11 6 2 13 2 67
0 11 6 2 2 13 56
0 11 6 1 8 8 154
0 11 6 0 14 3 122
0 11 6 0 3 14 183
0 11 5 13 0 5 61
0 11 5 12 6 0 8
0 11 5 11 1 6 135
0 11 5 10 7 1 85
0 11 5 9 2 7 58
0 11 5 8 8 2 117
0 11 5 7 3 8 54
0 11 5 6 9 3 189
0 11 5 5 4 9 58
0 11 5 4 10 4 63
0 11 5 3 5 10 124
0 11 5 2 11 5 152
0 11 5 2 0 16 70
0 11 5 1 17 0 21
0 11 5 1 6 11 121
0 11 5 0 12 6 91
0 11 5 0 1 17 150
0 11 4 18 1 0 86
0 11 4 16 2 1 145
0 11 4 14 3 2 147
0 11 4 12 4 3 142
0 11 4 10 5 4 74
0 11 4 9 0 10 12
0 11 4 8 6 5 117
0 11 4 7 12 0 132
0 11 4 7 1 11 13
0 11 4 6 7 6 70
0 11 4 5 13 1 169
0 11 4 5 2 12 181
0 11 4 4 8 7 101
0 11 4 3 14 2 120
0 11 4 3 3 13 65
0 11 4 2 9 8 145
0 11 4 1 15 3 76
0 11 4 1 4 14 84
0 11 4 0 10 9 181
0 11 3 16 0 4 133
0 11 3 14 1 5 14
0 11 3 13 7 0 67
0 11 3 12 2 6 95
0 11 3 11 8 1 119
0 11 3 10 3 7 185
0 11 3 9 9 2 145
0 11 3 8 4 8 175
0 11 3 7 10 3 69
0 11 3 6 5 9 109
0 11 3 5 11 4 173
0 11 3 5 0 15 184
0 11 3 4 6 10 176
0 11 3 3 12 5 148
0 11 3 3 1 16 133
0 11 3 2 18 0 107
0 11 3 2 7 11 87
0 11 3 1 13 6 57
0 11 3 1 2 17 2
0 11 3 0 19 1 85
0 11 3 0 8 12 47
0 11 2 19 2 0 46
0 11 2 17 3 1 33
0 11 2 15 4 2 107
0 11 2 13 5 3 48
0 11 2 12 0 9 154
0 11 2 11 6 4 178
0 11 2 10 1 10 56
0 11 2 9 7 5 167
0 11 2 8 13 0 128
0 11 2 8 2 11 167
0 11 2 7 8 6 91
0 11 2 6 14 1 187
0 11 2 6 3 12 86
0 11 2 5 9 7 7
0 11 2 4 15 2 105
0 11 2 4 4 13 79
0 11 2 3 10 8 7
0 11 2 2 16 3 60
0 11 2 2 5 14 82
0 11 2 1 11 9 64
0 11 2 1 0 20 147
0 11 2 0 17 4 79
0 11 2 0 6 15 151
0 11 1 19 0 3 128
0 11 1 15 2 5 91
0 11 1 14 8 0 107
0 11 1 13 3 6 152
0 11 1 12 9 1 144
0 11 1 11 4 7 134
0 11 1 10 10 2 127
0 11 1 9 5 8 7
0 11 1 8 11 3 67
0 11 1 8 0 14 157
0 11 1 7 6 9 87
0 11 1 6 12 4 40
0 11 1 6 1 15 158
0 11 1 5 7 10 58
0 11 1 4 13 5 197
0 11 1 4 2 16 67
0 11 1 3 19 0 101
0 11 1 3 8 11 114
0 11 1 2 14 6 48
0 11 1 2 3 17 76
0 11 1 1 20 1 97
0 11 1 1 9 12 105
0 11 1 0 15 7 26
0 11 1 0 4 18 94
0 11 0 20 3 0 60
0 11 0 18 4 1 132
0 11 0 16 5 2 78
0 11 0 15 0 8 67
0 11 0 14 6 3 149
0 11 0 13 1 9 77
0 11 0 12 7 4 22
0 11 0 11 2 10 85
0 11 0 10 8 5 64
0 11 0 9 14 0 138
0 11 0 9 3 11 164
0 11 0 8 9 6 143
0 11 0 7 15 1 98
0 11 0 7 4 12 18
0 11 0 6 10 7 59
0 11 0 5 16 2 90
0 11 0 5 5 13 195
0 11 0 4 11 8 82
0 11 0 4 0 19 3
0 11 0 3 17 3 70
0 11 0 3 6 14 87
0 11 0 2 12 9 197
0 11 0 2 1 20 140
0 11 0 1 18 4 2
0 11 0 1 7 15 107
0 11 0 0 13 10 159
0 11 0 0 2 21 179
0 10 23 1 0 0 115
0 10 21 2 1 0 157
0 10 21 0 2 1 147
0 10 20 0 0 4 94
0 10 19 3 2 0 181
0 10 19 1 3 1 109
0 10 18 3 0 3 177
0 10 18 1 1 4 198
0 10 17 4 3 0 131
0 10 17 2 4 1 162
0 10 17 0 5 2 79
0 10 16 6 0 2 159
0 10 16 4 1 3 184
0 10 16 2 2 4 6
0 10 16 0 3 5 142
0 10 15 5 4 0 145
0 10 15 3 5 1 151
0 10 15 2 0 7 18
0 10 15 0 1 8 187
0 10 14 9 0 1 53
0 10 14 7 1 2 167
0 10 14 5 2 3 128
0 10 14 3 3 4 82
0 10 14 1 4 5 162
0 10 14 0 10 0 184
0 10 13 6 5 0 184
0 10 13 5 0 6 84
0 10 13 4 6 1 110
0 10 13 3 1 7 73
0 10 13 2 7 2 50
0 10 13 1 2 8 95
0 10 13 0 8 3 187
0 10 12 12 0 0 190
0 10 12 10 1 1 84
0 10 12 8 2 2 97
0 10 12 6 3 3 153
0 10 12 4 4 4 198
0 10 12 2 5 5 179
0 10 12 1 11 0 180
0 10 12 1 0 11 8
0 10 12 0 6 6 83
0 10 11 8 0 5 31
0 10 11 7 6 0 173
0 10 11 6 1 6 68
0 10 11 5 7 1 83
0 10 11 4 2 7 117
0 10 11 3 8 2 117
0 10 11 2 3 8 120
0 10 11 1 9 3 136
0 10 11 0 4 9 62
0 10 10 13 1 0 187
0 10 10 11 2 1 48
0 10 10 9 3 2 5
0 10 10 7 4 3 75
0 10 10 5 5 4 92
0 10 10 4 0 10 134
0 10 10 3 6 5 68
0 10 10 2 12 0 165
0 10 10 2 1 11 98
0 10 10 1 7 6 104
0 10 10 0 13 1 33
0 10 10 0 2 12 167
0 10 9 11 0 4 48
0 10 9 9 1 5 171
0 10 9 8 7 0 5
0 10 9 7 2 6 87
0 10 9 6 8 1 100
0 10 9 5 3 7 190
0 10 9 4 9 2 148
0 10 9 3 4 8 120
0 10 9 2 10 3 9
0 10 9 1 5 9 36
0 10 9 0 11 4 145
0 10 9 0 0 15 4
0 10 8 14 2 0 163
0 10 8 12 3 1 195
0 10 8 10 4 2 14
0 10 8 8 5 3 126
0 10 8 7 0 9 69
0 10 8 6 6 4 151
0 10 8 5 1 10 187
0 10 8 4 7 5 196
0 10 8 3 13 0 162
0 10 8 3 2 11 25
0 10 8 2 8 6 122
0 10 8 1 14 1 95
0 10 8 1 3 12 89
0 10 8 0 9 7 95
0 10 7 14 0 3 134
0 10 7 12 1 4 92
0 10 7 10 2 5 53
0 10 7 9 8 0 145
0 10 7 8 3 6 138
0 10 7 7 9 1 136
0 10 7 6 4 7 134
0 10 7 5 10 2 69
0 10 7 4 5 8 188
0 10 7 3 11 3 159
0 10 7 3 0 14 125
0 10 7 2 6 9 193
0 10 7 1 12 4 84
0 10 7 1 1 15 61
0 10 7 0 7 10 61
0 10 6 15 3 0 83
0 10 6 13 4 1 187
0 10 6 11 5 2 23
0 10 6 10 0 8 139
0 10 6 9 6 3 68
0 10 6 8 1 9 125
0 10 6 7 7 4 171
0 10 6 6 2 10 196
0 10 6 5 8 5 185
0 10 6 4 14 0 110
0 10 6 4 3 11 15
0 10 6 3 9 6 141
0 10 6 2 15 1 178
0 10 6 2 4 12 80
0 10 6 1 10 7 133
0 10 6 0 16 2 98
0 10 6 0 5 13 15
0 10 5 15 1 3 93
0 10 5 13 2 4 40
0 10 5 11 3 5 80
0 10 5 10 9 0 141
0 10 5 9 4 6 67
0 10 5 8 10 1 167
0 10 5 7 5 7 36
0 10 5 6 11 2 166
0 10 5 6 0 13 34
0 10 5 5 6 8 26
0 10 5 4 12 3 112
0 10 5 4 1 14 113
0 10 5 3 7 9 53
0 10 5 2 13 4 144
0 10 5 2 2 15 68
0 10 5 1 8 10 58
0 10 5 0 14 5 189
0 10 5 0 3 16 180
0 10 4 16 4 0 134
0 10 4 14 5 1 21
0 10 4 13 0 7 56
0 10 4 12 6 2 189
0 10 4 11 1 8 182
0 10 4 10 7 3 163
0 10 4 9 2 9 67
0 10 4 8 8 4 152
0 10 4 7 3 10 190
0 10 4 6 9 5 130
0 10 4 5 15 0 90
0 10 4 5 4 11 111
0 10 4 4 10 6 179
0 10 4 3 16 1 8
0 10 4 3 5 12 80
0 10 4 2 11 7 164
0 10 4 2 0 18 143
0 10 4 1 17 2 54
0 10 4 1 6 13 113
0 10 4 0 12 8 104
0 10 4 0 1 19 34
0 10 3 20 0 1 136
0 10 3 18 1 2 180
0 10 3 16 2 3 140
0 10 3 14 3 4 62
0 10 3 12 4 5 146
0 10 3 11 10 0 150
0 10 3 10 5 6 58
0 10 3 9 11 1 136
0 10 3 9 0 12 15
0 10 3 8 6 7 87
0 10 3 7 12 2 160
0 10 3 7 1 13 117
0 10 3 6 7 8 180
0 10 3 5 13 3 2
0 10 3 5 2 14 194
0 10 3 4 8 9 28
0 10 3 3 14 4 41
0 10 3 3 3 15 137
0 10 3 2 9 10 2
0 10 3 1 15 5 76
0 10 3 1 4 16 92
0 10 3 0 21 0 122
0 10 3 0 10 11 171
0 10 2 17 5 0 153
0 10 2 16 0 6 152
0 10 2 15 6 1 134
0 10 2 14 1 7 172
0 10 2 13 7 2 158
0 10 2 12 2 8 142
0 10 2 11 8 3 141
0 10 2 10 3 9 183
0 10 2 9 9 4 103
0 10 2 8 4 10 35
0 10 2 7 10 5 78
0 10 2 6 16 0 190
0 10 2 6 5 11 125
0 10 2 5 11 6 103
0 10 2 5 0 17 147
0 10 2 4 17 1 151
0 10 2 4 6 12 169
0 10 2 3 12 7 187
0 10 2 3 1 18 90
0 10 2 2 18 2 55
0 10 2 2 7 13 88
0 10 2 1 13 8 144
0 10 2 1 2 19 54
0 10 2 0 19 3 147
0 10 2 0 8 14 72
0 10 1 23 0 0 136
0 10 1 21 1 1 78
0 10 1 19 2 2 84
0 10 1 17 3 3 29
0 10 1 15 4 4 195
0 10 1 13 5 5 44
0 10 1 12 11 0 97
0 10 1 12 0 11 88
0 10 1 11 6 6 40
0 10 1 10 12 1 146
0 10 1 10 1 12 176
0 10 1 9 7 7 83
0 10 1 8 13 2 163
0 10 1 8 2 13 8
0 10 1 7 8 8 64
0 10 1 6 14 3 6
0 10 1 6 3 14 82
0 10 1 5 9 9 97
0 10 1 4 15 4 184
0 10 1 4 4 15 104
0 10 1 3 10 10 87
0 10 1 2 16 5 58
0 10 1 2 5 16 49
0 10 1 1 22 0 173
0 10 1 1 11 11 130
0 10 1 1 0 22 39
0 10 1 0 17 6 164
0 10 1 0 6 17 154
0 10 0 19 0 5 133
0 10 0 18 6 0 157
0 10 0 17 1 6 72
0 10 0 16 7 1 36
0 10 0 15 2 7 75
0 10 0 14 8 2 28
0 10 0 13 3 8 185
0 10 0 12 9 3 158
0 10 0 11 4 9 187
0 10 0 10 10 4 77
0 10 0 9 5 10 154
0 10 0 8 11 5 99
0 10 0 8 0 16 11
0 10 0 7 17 0 80
0 10 0 7 6 11 190
0 10 0 6 12 6 53
0 10 0 6 1 17 26
0 10 0 5 18 1 88
0 10 0 4 13 7 4
0 10 0 4 2 18 78
0 10 0 3 19 2 195
0 10 0 3 8 13 149
0 10 0 2 14 8 36
0 10 0 2 3 19 72
0 10 0 1 20 3 93
0 10 0 1 9 14 160
0 10 0 0 15 9 189
0 10 0 0 4 20 197
0 9 22 1 0 2 89
0 9 21 0 4 0 63
0 9 20 4 0 1 109
0 9 20 2 1 2 136
0 9 20 0 2 3 145
0 9 19 1 5 0 23
0 9 19 0 0 6 146
0 9 18 7 0 0 70
0 9 18 5 1 1 171
0 9 18 3 2 2 182
0 9 18 1 3 3 188
0 9 17 3 0 5 159
0 9 17 2 6 0 116
0 9 17 1 1 6 195
0 9 17 0 7 1 97
0 9 16 8 1 0 62
0 9 16 6 2 1 157
0 9 16 4 3 2 187
0 9 16 2 4 3 145
0 9 16 0 5 4 146
0 9 15 6 0 4 188
0 9 15 4 1 5 63
0 9 15 3 7 0 23
0 9 15 2 2 6 74
0 9 15 1 8 1 28
0 9 15 0 3 7 43
0 9 14 9 2 0 95
0 9 14 7 3 1 74
0 9 14 5 4 2 58
0 9 14 3 5 3 16
0 9 14 2 0 9 178
0 9 14 1 6 4 117
0 9 14 0 1 10 83
0 9 13 9 0 3 183
0 9 13 7 1 4 50
0 9 13 5 2 5 58
0 9 13 4 8 0 48
0 9 13 3 3 6 4
0 9 13 2 9 1 25
0 9 13 1 4 7 98
0 9 13 0 10 2 90
0 9 12 10 3 0 36
0 9 12 8 4 1 105
0 9 12 6 5 2 180
0 9 12 5 0 8 70
0 9 12 4 6 3 57
0 9 12 3 1 9 90
0 9 12 2 7 4 112
0 9 12 1 2 10 26
0 9 12 0 8 5 70
0 9 11 12 0 2 74
0 9 11 10 1 3 105
0 9 11 8 2 4 93
0 9 11 6 3 5 95
0 9 11 5 9 0 187
0 9 11 4 4 6 184
0 9 11 3 10 1 35
0 9 11 2 5 7 84
0 9 11 1 11 2 109
0 9 11 1 0 13 47
0 9 11 0 6 8 13
0 9 10 11 4 0 81
0 9 10 9 5 1 33
0 9 10 8 0 7 159
0 9 10 7 6 2 40
0 9 10 6 1 8 84
0 9 10 5 7 3 165
0 9 10 4 2 9 181
0 9 10 3 8 4 135
0 9 10 2 3 10 141
0 9 10 1 9 5 91
0 9 10 0 15 0 14
0 9 10 0 4 11 14
0 9 9 15 0 1 166
0 9 9 13 1 2 64
0 9 9 11 2 3 147
0 9 9 9 3 4 138
0 9 9 7 4 5 53
0 9 9 6 10 0 165
0 9 9 5 5 6 30
0 9 9 4 11 1 93
0 9 9 4 0 12 13
0 9 9 3 6 7 78
0 9 9 2 12 2 27
0 9 9 2 1 13 168
0 9 9 1 7 8 105
0 9 9 0 13 3 70
0 9 9 0 2 14 100
0 9 8 12 5 0 143
0 9 8 10 6 1 49
0 9 8 9 1 7 43
0 9 8 8 7 2 4
0 9 8 7 2 8 195
0 9 8 6 8 3 143
0 9 8 5 3 9 179
0 9 8 4 9 4 64
0 9 8 3 4 10 142
0 9 8 2 10 5 28
0 9 8 1 16 0 87
0 9 8 1 5 11 185
0 9 8 0 11 6 35
0 9 8 0 0 17 51
0 9 7 18 0 0 51
0 9 7 16 1 1 39
0 9 7 14 2 2 127
0 9 7 12 3 3 35
0 9 7 10 4 4 38
0 9 7 8 5 5 89
0 9 7 7 11 0 22
0 9 7 7 0 11 186
0 9 7 6 6 6 170
0 9 7 5 12 1 10
0 9 7 5 1 12 127
0 9 7 4 7 7 174
0 9 7 3 13 2 14
0 9 7 3 2 13 179
0 9 7 2 8 8 124
0 9 7 1 14 3 71
0 9 7 1 3 14 198
0 9 7 0 9 9 103
0 9 6 14 0 5 173
0 9 6 13 6 0 148
0 9 6 12 1 6 160
0 9 6 11 7 1 191
0 9 6 10 2 7 102
0 9 6 9 8 2 88
0 9 6 8 3 8 58
0 9 6 7 9 3 66
0 9 6 6 4 9 107
0 9 6 5 10 4 167
0 9 6 4 5 10 30
0 9 6 3 11 5 147
0 9 6 3 0 16 103
0 9 6 2 17 0 153
0 9 6 2 6 11 197
0 9 6 1 12 6 29
0 9 6 1 1 17 31
0 9 6 0 18 1 132
0 9 6 0 7 12 8
0 9 5 19 1 0 131
0 9 5 17 2 1 73
0 9 5 15 3 2 187
0 9 5 13 4 3 175
0 9 5 11 5 4 60
0 9 5 10 0 10 96
0 9 5 9 6 5 90
0 9 5 8 12 0 114
0 9 5 8 1 11 39
0 9 5 7 7 6 104
0 9 5 6 13 1 13
0 9 5 6 2 12 145
0 9 5 5 8 7 123
0 9 5 4 14 2 126
0 9 5 4 3 13 176
0 9 5 3 9 8 98
0 9 5 2 15 3 51
0 9 5 2 4 14 173
0 9 5 1 10 9 100
0 9 5 0 16 4 138
0 9 5 0 5 15 9
0 9 4 17 0 4 148
0 9 4 15 1 5 64
0 9 4 14 7 0 115
0 9 4 13 2 6 18
0 9 4 12 8 1 107
0 9 4 11 3 7 121
0 9 4 10 9 2 112
0 9 4 9 4 8 106
0 9 4 8 10 3 158
0 9 4 7 5 9 21
0 9 4 6 11 4 105
0 9 4 6 0 15 14
0 9 4 5 6 10 53
0 9 4 4 12 5 183
0 9 4 4 1 16 180
0 9 4 3 18 0 128
0 9 4 3 7 11 142
0 9 4 2 13 6 141
0 9 4 2 2 17 128
0 9 4 1 19 1 174
0 9 4 1 8 12 36
0 9 4 0 14 7 195
0 9 4 0 3 18 171
0 9 3 20 2 0 11
0 9 3 18 3 1 135
0 9 3 16 4 2 147
0 9 3 14 5 3 188
0 9 3 13 0 9 4
0 9 3 12 6 4 25
0 9 3 11 1 10 184
0 9 3 10 7 5 39
0 9 3 9 13 0 1
0 9 3 9 2 11 194
0 9 3 8 8 6 38
0 9 3 7 14 1 192
0 9 3 7 3 12 133
0 9 3 6 9 7 13
0 9 3 5 15 2 138
0 9 3 5 4 13 112
0 9 3 4 10 8 111
0 9 3 3 16 3 90
0 9 3 3 5 14 151
0 9 3 2 11 9 15
0 9 3 2 0 20 128
0 9 3 1 17 4 106
0 9 3 1 6 15 49
0 9 3 0 12 10 86
0 9 3 0 1 21 134
0 9 2 20 0 3 83
0 9 2 18 1 4 73
0 9 2 16 2 5 46
0 9 2 15 8 0 154
0 9 2 14 3 6 105
0 9 2 13 9 1 150
0 9 2 12 4 7 139
0 9 2 11 10 2 80
0 9 2 10 5 8 63
0 9 2 9 11 3 172
0 9 2 9 0 14 8
0 9 2 8 6 9 102
0 9 2 7 12 4 151
0 9 2 7 1 15 175
0 9 2 6 7 10 86
0 9 2 5 13 5 4
0 9 2 5 2 16 160
0 9 2 4 19 0 97
0 9 2 4 8 11 75
0 9 2 3 14 6 51
0 9 2 3 3 17 109
0 9 2 2 20 1 85
0 9 2 2 9 12 50
0 9 2 1 15 7 91
0 9 2 1 4 18 166
0 9 2 0 21 2 52
0 9 2 0 10 13 142
0 9 1 21 3 0 35
0 9 1 19 4 1 193
0 9 1 17 5 2 163
0 9 1 16 0 8 132
0 9 1 15 6 3 47
0 9 1 13 7 4 112
0 9 1 12 2 10 67
0 9 1 11 8 5 178
0 9 1 10 14 0 159
0 9 1 10 3 11 189
0 9 1 9 9 6 69
0 9 1 8 15 1 92
0 9 1 8 4 12 165
0 9 1 7 10 7 65
0 9 1 6 16 2 23
0 9 1 6 5 13 57
0 9 1 5 11 8 173
0 9 1 5 0 19 61
0 9 1 4 17 3 189
0 9 1 4 6 14 27
0 9 1 3 12 9 18
0 9 1 3 1 20 48
0 9 1 2 18 4 156
0 9 1 2 7 15 139
0 9 1 1 13 10 137
0 9 1 1 2 21 16
0 9 1 0 19 5 158
0 9 1 0 8 16 19
0 9 0 23 0 2 193
0 9 0 21 1 3 136
0 9 0 19 2 4 129
0 9 0 17 3 5 73
0 9 0 16 9 0 115
0 9 0 15 4 6 2
0 9 0 14 10 1 1
0 9 0 13 5 7 40
0 9 0 12 11 2 4
0 9 0 12 0 13 54
0 9 0 11 6 8 99
0 9 0 10 12 3 44
0 9 0 10 1 14 118
0 9 0 9 7 9 44
0 9 0 8 13 4 172
0 9 0 8 2 15 142
0 9 0 7 8 10 20
0 9 0 6 14 5 2
0 9 0 6 3 16 160
0 9 0 5 20 0 74
0 9 0 5 9 11 121
0 9 0 4 15 6 30
0 9 0 4 4 17 107
0 9 0 3 21 1 40
0 9 0 3 10 12 157
0 9 0 2 16 7 62
0 9 0 2 5 18 34
0 9 0 1 22 2 77
0 9 0 1 11 13 167
0 9 0 1 0 24 140
0 9 0 0 17 8 147
0 9 0 0 6 19 119
0 8 24 2 0 0 178
0 8 24 0 1 1 1
0 8 22 3 1 0 25
0 8 22 1 2 1 152
0 8 21 1 0 4 139
0 8 20 4 2 0 105
0 8 20 2 3 1 185
0 8 20 0 4 2 194
0 8 19 4 0 3 169
0 8 19 2 1 4 130
0 8 19 0 2 5 143
0 8 18 5 3 0 84
0 8 18 3 4 1 33
0 8 18 1 5 2 139
0 8 18 0 0 8 191
0 8 17 7 0 2 173
0 8 17 5 1 3 196
0 8 17 3 2 4 140
0 8 17 1 3 5 105
0 8 17 0 9 0 57
0 8 16 6 4 0 147
0 8 16 4 5 1 74
0 8 16 3 0 7 37
0 8 16 2 6 2 98
0 8 16 1 1 8 25
0 8 16 0 7 3 189
0 8 15 10 0 1 139
0 8 15 8 1 2 68
0 8 15 6 2 3 104
0 8 15 2 4 5 59
0 8 15 1 10 0 34
0 8 15 0 5 6 174
0 8 14 7 5 0 21
0 8 14 6 0 6 190
0 8 14 5 6 1 98
0 8 14 4 1 7 48
0 8 14 3 7 2 182
0 8 14 2 2 8 153
0 8 14 1 8 3 16
0 8 14 0 3 9 193
0 8 13 13 0 0 158
0 8 13 11 1 1 22
0 8 13 9 2 2 142
0 8 13 7 3 3 195
0 8 13 5 4 4 97
0 8 13 3 5 5 143
0 8 13 2 11 0 103
0 8 13 2 0 11 137
0 8 13 1 6 6 39
0 8 13 0 12 1 16
0 8 13 0 1 12 154
0 8 12 9 0 5 54
0 8 12 8 6 0 69
0 8 12 7 1 6 101
0 8 12 6 7 1 39
0 8 12 5 2 7 35
0 8 12 4 8 2 180
0 8 12 3 3 8 13
0 8 12 2 9 3 190
0 8 12 1 4 9 93
0 8 12 0 10 4 110
0 8 11 14 1 0 105
0 8 11 12 2 1 130
0 8 11 10 3 2 141
0 8 11 8 4 3 178
0 8 11 6 5 4 77
0 8 11 5 0 10 141
0 8 11 4 6 5 64
0 8 11 3 12 0 193
0 8 11 3 1 11 125
0 8 11 2 7 6 16
0 8 11 1 13 1 43
0 8 11 1 2 12 68
0 8 11 0 8 7 191
0 8 10 12 0 4 8
0 8 10 10 1 5 30
0 8 10 9 7 0 20
0 8 10 8 2 6 78
0 8 10 7 8 1 175
0 8 10 6 3 7 84
0 8 10 5 9 2 95
0 8 10 4 4 8 82
0 8 10 3 10 3 113
0 8 10 2 5 9 186
0 8 10 1 11 4 80
0 8 10 1 0 15 114
0 8 10 0 6 10 79
0 8 9 15 2 0 165
0 8 9 13 3 1 92
0 8 9 11 4 2 189
0 8 9 9 5 3 146
0 8 9 8 0 9 21
0 8 9 7 6 4 21
0 8 9 6 1 10 164
0 8 9 5 7 5 179
0 8 9 4 13 0 32
0 8 9 4 2 11 17
0 8 9 3 8 6 16
0 8 9 2 14 1 143
0 8 9 2 3 12 156
0 8 9 1 9 7 156
0 8 9 0 15 2 172
0 8 9 0 4 13 50
0 8 8 15 0 3 36
0 8 8 13 1 4 46
0 8 8 11 2 5 66
0 8 8 10 8 0 96
0 8 8 9 3 6 148
0 8 8 8 9 1 55
0 8 8 7 4 7 87
0 8 8 6 10 2 98
0 8 8 5 5 8 154
0 8 8 4 11 3 95
0 8 8 4 0 14 37
0 8 8 3 6 9 112
0 8 8 2 12 4 163
0 8 8 2 1 15 18
0 8 8 1 7 10 140
0 8 8 0 13 5 52
0 8 8 0 2 16 137
0 8 7 16 3 0 111
0 8 7 14 4 1 15
0 8 7 12 5 2 71
0 8 7 11 0 8 25
0 8 7 10 6 3 139
0 8 7 9 1 9 88
0 8 7 8 7 4 91
0 8 7 7 2 10 54
0 8 7 6 8 5 180
0 8 7 5 14 0 35
0 8 7 5 3 11 139
0 8 7 4 9 6 72
0 8 7 3 15 1 135
0 8 7 3 4 12 129
0 8 7 2 10 7 142
0 8 7 1 16 2 72
0 8 7 1 5 13 87
0 8 7 0 11 8 146
0 8 7 0 0 19 67
0 8 6 18 0 2 53
0 8 6 16 1 3 137
0 8 6 14 2 4 173
0 8 6 12 3 5 92
0 8 6 11 9 0 11
0 8 6 10 4 6 75
0 8 6 9 10 1 129
0 8 6 8 5 7 109
0 8 6 7 11 2 136
0 8 6 7 0 13 191
0 8 6 6 6 8 46
0 8 6 5 12 3 119
0 8 6 5 1 14 40
0 8 6 4 7 9 82
0 8 6 3 13 4 73
0 8 6 3 2 15 152
0 8 6 2 8 10 175
0 8 6 1 14 5 98
0 8 6 1 3 16 194
0 8 6 0 20 0 46
0 8 6 0 9 11 96
0 8 5 17 4 0 193
0 8 5 15 5 1 37
0 8 5 14 0 7 115
0 8 5 13 6 2 70
0 8 5 12 1 8 42
0 8 5 11 7 3 142
0 8 5 10 2 9 123
0 8 5 9 8 4 10
0 8 5 8 3 10 128
0 8 5 7 9 5 166
0 8 5 6 15 0 181
0 8 5 6 4 11 41
0 8 5 5 10 6 91
0 8 5 4 16 1 65
0 8 5 4 5 12 111
0 8 5 3 11 7 126
0 8 5 3 0 18 49
0 8 5 2 17 2 6
0 8 5 2 6 13 87
0 8 5 1 12 8 83
0 8 5 1 1 19 174
0 8 5 0 18 3 1
0 8 5 0 7 14 134
0 8 4 21 0 1 45
0 8 4 19 1 2 43
0 8 4 17 2 3 33
0 8 4 15 3 4 39
0 8 4 13 4 5 101
0 8 4 12 10 0 177
0 8 4 11 5 6 154
0 8 4 10 11 1 14
0 8 4 10 0 12 75
0 8 4 9 6 7 60
0 8 4 8 12 2 191
0 8 4 8 1 13 145
0 8 4 7 7 8 133
0 8 4 6 13 3 68
0 8 4 6 2 14 162
0 8 4 5 8 9 133
0 8 4 4 14 4 77
0 8 4 4 3 15 60
0 8 4 3 9 10 82
0 8 4 2 15 5 151
0 8 4 2 4 16 58
0 8 4 1 21 0 107
0 8 4 1 10 11 59
0 8 4 0 16 6 59
0 8 4 0 5 17 156
0 8 3 18 5 0 119
0 8 3 17 0 6 2
0 8 3 16 6 1 52
0 8 3 15 1 7 166
0 8 3 14 7 2 23
0 8 3 13 2 8 90
0 8 3 12 8 3 97
0 8 3 11 3 9 178
0 8 3 10 9 4 11
0 8 3 9 4 10 148
0 8 3 8 10 5 70
0 8 3 7 16 0 35
0 8 3 7 5 11 93
0 8 3 6 11 6 45
0 8 3 6 0 17 122
0 8 3 5 17 1 175
0 8 3 5 6 12 171
0 8 3 4 12 7 133
0 8 3 4 1 18 150
0 8 3 3 18 2 129
0 8 3 3 7 13 173
0 8 3 2 13 8 79
0 8 3 2 2 19 150
0 8 3 1 19 3 179
0 8 3 1 8 14 25
0 8 3 0 14 9 127
0 8 3 0 3 20 55
0 8 2 24 0 0 171
0 8 2 22 1 1 13
0 8 2 20 2 2 102
0 8 2 18 3 3 153
0 8 2 16 4 4 91
0 8 2 14 5 5 183
0 8 2 13 11 0 129
0 8 2 13 0 11 20
0 8 2 12 6 6 35
0 8 2 11 12 1 104
0 8 2 11 1 12 50
0 8 2 10 7 7 74
0 8 2 9 13 2 21
0 8 2 8 8 8 64
0 8 2 7 14 3 61
0 8 2 7 3 14 27
0 8 2 6 9 9 61
0 8 2 5 15 4 3
0 8 2 5 4 15 135
0 8 2 3 16 5 163
0 8 2 3 5 16 161
0 8 2 2 22 0 141
0 8 2 2 11 11 149
0 8 2 2 0 22 75
0 8 2 1 17 6 42
0 8 2 1 6 17 161
0 8 2 0 23 1 6
0 8 2 0 12 12 162
0 8 2 0 1 23 129
0 8 1 20 0 5 110
0 8 1 19 6 0 61
0 8 1 18 1 6 20
0 8 1 17 7 1 87
0 8 1 16 2 7 180
0 8 1 15 8 2 110
0 8 1 14 3 8 178
0 8 1 13 9 3 179
0 8 1 12 4 9 50
0 8 1 11 10 4 171
0 8 1 10 5 10 189
0 8 1 9 11 5 111
0 8 1 9 0 16 9
0 8 1 8 17 0 43
0 8 1 8 6 11 68
0 8 1 7 12 6 19
0 8 1 7 1 17 37
0 8 1 6 18 1 181
0 8 1 6 7 12 106
0 8 1 5 13 7 82
0 8 1 5 2 18 143
0 8 1 4 19 2 28
0 8 1 4 8 13 19
0 8 1 3 14 8 11
0 8 1 3 3 19 174
0 8 1 2 20 3 191
0 8 1 2 9 14 66
0 8 1 1 15 9 187
0 8 1 1 4 20 130
0 8 1 0 21 4 67
0 8 1 0 10 15 73
0 8 0 25 1 0 41
0 8 0 23 2 1 3
0 8 0 21 3 2 130
0 8 0 19 4 3 106
0 8 0 17 5 4 93
0 8 0 16 0 10 169
0 8 0 15 6 5 56
0 8 0 14 12 0 158
0 8 0 14 1 11 17
0 8 0 13 7 6 88
0 8 0 12 2 12 180
0 8 0 11 8 7 106
0 8 0 10 14 2 35
0 8 0 10 3 13 17
0 8 0 9 9 8 180
0 8 0 8 15 3 173
0 8 0 8 4 14 23
0 8 0 7 10 9 80
0 8 0 6 16 4 17
0 8 0 6 5 15 171
0 8 0 5 11 10 12
0 8 0 5 0 21 106
0 8 0 4 17 5 180
0 8 0 4 6 16 176
0 8 0 3 23 0 93
0 8 0 3 12 11 179
0 8 0 3 1 22 146
0 8 0 2 18 6 104
0 8 0 2 7 17 103
0 8 0 1 24 1 131
0 8 0 1 13 12 128
0 8 0 1 2 23 180
0 8 0 0 19 7 25
0 8 0 0 8 18 134
0 7 24 0 3 0 100
0 7 23 2 0 2 13
0 7 23 0 1 3 42
0 7 22 1 4 0 4
0 7 21 5 0 1 179
0 7 21 3 1 2 111
0 7 21 1 2 3 166
0 7 20 2 5 0 12
0 7 20 1 0 6 81
0 7 20 0 6 1 79
0 7 19 8 0 0 118
0 7 19 6 1 1 58
0 7 19 4 2 2 192
0 7 19 2 3 3 106
0 7 19 0 4 4 19
0 7 18 3 6 0 101
0 7 18 2 1 6 119
0 7 18 1 7 1 166
0 7 18 0 2 7 17
0 7 17 9 1 0 127
0 7 17 7 2 1 86
0 7 17 5 3 2 169
0 7 17 3 4 3 29
0 7 17 1 5 4 195
0 7 17 0 0 10 111
0 7 16 7 0 4 44
0 7 16 5 1 5 49
0 7 16 4 7 0 45
0 7 16 3 2 6 119
0 7 16 2 8 1 127
0 7 16 1 3 7 137
0 7 16 0 9 2 197
0 7 15 10 2 0 37
0 7 15 8 3 1 10
0 7 15 6 4 2 159
0 7 15 4 5 3 144
0 7 15 3 0 9 102
0 7 15 2 6 4 54
0 7 15 1 1 10 63
0 7 15 0 7 5 198
0 7 14 10 0 3 149
0 7 14 8 1 4 132
0 7 14 6 2 5 13
0 7 14 5 8 0 157
0 7 14 4 3 6 148
0 7 14 3 9 1 39
0 7 14 2 4 7 114
0 7 14 1 10 2 111
0 7 14 0 5 8 37
0 7 13 11 3 0 125
0 7 13 9 4 1 86
0 7 13 7 5 2 169
0 7 13 6 0 8 193
0 7 13 5 6 3 85
0 7 13 4 1 9 55
0 7 13 3 7 4 128
0 7 13 2 2 10 31
0 7 13 1 8 5 50
0 7 13 0 14 0 7
0 7 13 0 3 11 191
0 7 12 13 0 2 60
0 7 12 11 1 3 122
0 7 12 9 2 4 25
0 7 12 7 3 5 74
0 7 12 6 9 0 57
0 7 12 5 4 6 90
0 7 12 4 10 1 189
0 7 12 3 5 7 152
0 7 12 2 11 2 173
0 7 12 2 0 13 46
0 7 12 1 6 8 188
0 7 12 0 12 3 28
0 7 12 0 1 14 132
0 7 11 12 4 0 170
0 7 11 10 5 1 117
0 7 11 9 0 7 100
0 7 11 8 6 2 86
0 7 11 7 1 8 34
0 7 11 6 7 3 30
0 7 11 5 2 9 196
0 7 11 4 8 4 30
0 7 11 3 3 10 185
0 7 11 2 9 5 48
0 7 11 1 15 0 180
0 7 11 1 4 11 34
0 7 11 0 10 6 53
0 7 10 16 0 1 114
0 7 10 14 1 2 27
0 7 10 12 2 3 146
0 7 10 10 3 4 6
0 7 10 8 4 5 29
0 7 10 7 10 0 96
0 7 10 6 5 6 97
0 7 10 5 11 1 70
0 7 10 5 0 12 61
0 7 10 4 6 7 5
0 7 10 3 12 2 101
0 7 10 3 1 13 158
0 7 10 2 7 8 182
0 7 10 1 13 3 97
0 7 10 1 2 14 84
0 7 10 0 8 9 112
0 7 9 13 5 0 87
0 7 9 12 0 6 5
0 7 9 11 6 1 138
0 7 9 10 1 7 29
0 7 9 9 7 2 15
0 7 9 8 2 8 58
0 7 9 7 8 3 1
0 7 9 6 3 9 57
0 7 9 5 9 4 157
0 7 9 4 4 10 76
0 7 9 3 10 5 114
0 7 9 2 16 0 4
0 7 9 2 5 11 124
0 7 9 1 11 6 107
0 7 9 1 0 17 180
0 7 9 0 17 1 92
0 7 9 0 6 12 99
0 7 8 19 0 0 15
0 7 8 17 1 1 191
0 7 8 15 2 2 175
0 7 8 13 3 3 137
0 7 8 11 4 4 57
0 7 8 9 5 5 189
0 7 8 8 11 0 188
0 7 8 8 0 11 83
0 7 8 7 6 6 94
0 7 8 6 12 1 70
0 7 8 6 1 12 139
0 7 8 5 7 7 141
0 7 8 4 13 2 124
0 7 8 4 2 13 128
0 7 8 3 8 8 18
0 7 8 2 14 3 24
0 7 8 2 3 14 135
0 7 8 1 9 9 124
0 7 8 0 15 4 163
0 7 8 0 4 15 185
0 7 7 15 0 5 89
0 7 7 14 6 0 114
0 7 7 13 1 6 139
0 7 7 12 7 1 73
0 7 7 11 2 7 105
0 7 7 10 8 2 40
0 7 7 9 3 8 71
0 7 7 8 9 3 188
0 7 7 7 4 9 147
0 7 7 6 10 4 3
0 7 7 5 5 10 62
0 7 7 4 11 5 129
0 7 7 4 0 16 178
0 7 7 3 17 0 187
0 7 7 3 6 11 9
0 7 7 2 12 6 119
0 7 7 2 1 17 166
0 7 7 1 18 1 186
0 7 7 1 7 12 41
0 7 7 0 13 7 162
0 7 7 0 2 18 60
0 7 6 20 1 0 55
0 7 6 18 2 1 14
0 7 6 16 3 2 176
0 7 6 14 4 3 18
0 7 6 12 5 4 82
0 7 6 11 0 10 187
0 7 6 10 6 5 164
0 7 6 9 12 0 105
0 7 6 9 1 11 33
0 7 6 8 7 6 67
0 7 6 7 13 1 125
0 7 6 7 2 12 29
0 7 6 6 8 7 171
0 7 6 5 14 2 100
0 7 6 5 3 13 92
0 7 6 4 9 8 136
0 7 6 3 15 3 62
0 7 6 3 4 14 150
0 7 6 2 10 9 42
0 7 6 1 16 4 31
0 7 6 1 5 15 95
0 7 6 0 11 10 29
0 7 6 0 0 21 192
0 7 5 18 0 4 72
0 7 5 16 1 5 45
0 7 5 15 7 0 24
0 7 5 14 2 6 101
0 7 5 13 8 1 156
0 7 5 12 3 7 172
0 7 5 11 9 2 128
0 7 5 10 4 8 50
0 7 5 9 10 3 74
0 7 5 8 5 9 131
0 7 5 7 11 4 89
0 7 5 7 0 15 148
0 7 5 6 6 10 174
0 7 5 5 12 5 110
0 7 5 5 1 16 182
0 7 5 4 18 0 174
0 7 5 4 7 11 148
0 7 5 3 13 6 129
0 7 5 3 2 17 174
0 7 5 2 19 1 184
0 7 5 2 8 12 10
0 7 5 1 14 7 101
0 7 5 1 3 18 60
0 7 5 0 20 2 4
0 7 5 0 9 13 21
0 7 4 21 2 0 30
0 7 4 19 3 1 126
0 7 4 17 4 2 80
0 7 4 15 5 3 137
0 7 4 14 0 9 21
0 7 4 13 6 4 157
0 7 4 12 1 10 131
0 7 4 11 7 5 9
0 7 4 10 13 0 29
0 7 4 10 2 11 150
0 7 4 9 8 6 178
0 7 4 8 14 1 146
0 7 4 8 3 12 96
0 7 4 7 9 7 181
0 7 4 6 15 2 26
0 7 4 6 4 13 119
0 7 4 5 10 8 65
0 7 4 4 16 3 130
0 7 4 4 5 14 112
0 7 4 3 11 9 6
0 7 4 3 0 20 115
0 7 4 2 17 4 141
0 7 4 2 6 15 173
0 7 4 1 12 10 136
0 7 4 1 1 21 47
0 7 4 0 18 5 92
0 7 4 0 7 16 198
0 7 3 21 0 3 178
0 7 3 19 1 4 83
0 7 3 17 2 5 97
0 7 3 16 8 0 75
0 7 3 15 3 6 109
0 7 3 14 9 1 86
0 7 3 13 4 7 86
0 7 3 12 10 2 179
0 7 3 11 5 8 62
0 7 3 10 11 3 159
0 7 3 10 0 14 193
0 7 3 9 6 9 116
0 7 3 8 12 4 77
0 7 3 8 1 15 145
0 7 3 7 7 10 147
0 7 3 6 13 5 187
0 7 3 6 2 16 36
0 7 3 5 19 0 179
0 7 3 5 8 11 169
0 7 3 4 14 6 116
0 7 3 4 3 17 106
0 7 3 3 20 1 172
0 7 3 3 9 12 138
0 7 3 2 15 7 191
0 7 3 2 4 18 132
0 7 3 1 21 2 2
0 7 3 1 10 13 196
0 7 3 0 16 8 81
0 7 3 0 5 19 40
0 7 2 20 4 1 92
0 7 2 18 5 2 23
0 7 2 17 0 8 90
0 7 2 16 6 3 72
0 7 2 15 1 9 178
0 7 2 14 7 4 198
0 7 2 13 2 10 44
0 7 2 12 8 5 86
0 7 2 11 14 0 164
0 7 2 11 3 11 58
0 7 2 10 9 6 192
0 7 2 9 15 1 51
0 7 2 9 4 12 128
0 7 2 8 10 7 23
0 7 2 7 16 2 45
0 7 2 7 5 13 12
0 7 2 6 11 8 170
0 7 2 6 0 19 108
0 7 2 5 17 3 112
0 7 2 5 6 14 130
0 7 2 4 12 9 24
0 7 2 4 1 20 68
0 7 2 3 18 4 127
0 7 2 3 7 15 132
0 7 2 2 13 10 54
0 7 2 2 2 21 80
0 7 2 1 19 5 17
0 7 2 1 8 16 158
0 7 2 0 25 0 38
0 7 2 0 14 11 93
0 7 2 0 3 22 165
0 7 1 24 0 2 35
0 7 1 22 1 3 88
0 7 1 20 2 4 170
0 7 1 18 3 5 160
0 7 1 17 9 0 138
0 7 1 16 4 6 129
0 7 1 15 10 1 19
0 7 1 14 5 7 171
0 7 1 13 11 2 21
0 7 1 13 0 13 61
0 7 1 12 6 8 6
0 7 1 11 12 3 183
0 7 1 11 1 14 42
0 7 1 10 7 9 95
0 7 1 9 13 4 53
0 7 1 9 2 15 104
0 7 1 8 8 10 110
0 7 1 7 14 5 164
0 7 1 7 3 16 167
0 7 1 6 20 0 18
0 7 1 6 9 11 156
0 7 1 5 15 6 17
0 7 1 5 4 17 3
0 7 1 4 21 1 49
0 7 1 4 10 12 67
0 7 1 3 16 7 15
0 7 1 3 5 18 67
0 7 1 2 22 2 120
0 7 1 2 11 13 82
0 7 1 2 0 24 131
0 7 1 1 17 8 23
0 7 1 1 6 19 161
0 7 1 0 23 3 194
0 7 1 0 12 14 69
0 7 1 0 1 25 125
0 7 0 23 4 0 126
0 7 0 21 5 1 100
0 7 0 20 0 7 112
0 7 0 19 6 2 99
0 7 0 18 1 8 136
0 7 0 17 7 3 24
0 7 0 16 2 9 139
0 7 0 15 8 4 81
0 7 0 14 3 10 133
0 7 0 13 9 5 112
0 7 0 12 15 0 112
0 7 0 12 4 11 66
0 7 0 11 10 6 118
0 7 0 10 16 1 105
0 7 0 10 5 12 8
0 7 0 9 11 7 198
0 7 0 9 0 18 188
0 7 0 8 17 2 184
0 7 0 8 6 13 123
0 7 0 7 12 8 91
0 7 0 7 1 19 88
0 7 0 6 18 3 187
0 7 0 6 7 14 15
0 7 0 5 13 9 196
0 7 0 5 2 20 115
0 7 0 4 19 4 134
0 7 0 4 8 15 18
0 7 0 3 14 10 89
0 7 0 3 3 21 119
0 7 0 2 20 5 181
0 7 0 2 9 16 39
0 7 0 1 26 0 133
0 7 0 1 15 11 25
0 7 0 1 4 22 50
0 7 0 0 21 6 193
0 7 0 0 10 17 23
0 6 27 0 0 1 191
0 6 25 3 0 0 15
0 6 25 1 1 1 52
0 6 23 4 1 0 3
0 6 23 2 2 1 37
0 6 23 0 3 2 67
0 6 22 2 0 4 100
0 6 22 0 1 5 189
0 6 21 5 2 0 150
0 6 21 3 3 1 9
0 6 21 1 4 2 123
0 6 20 5 0 3 39
0 6 20 3 1 4 80
0 6 20 1 2 5 132
0 6 20 0 8 0 55
0 6 19 6 3 0 73
0 6 19 4 4 1 76
0 6 19 2 5 2 184
0 6 19 1 0 8 146
0 6 19 0 6 3 190
0 6 18 8 0 2 47
0 6 18 6 1 3 85
0 6 18 4 2 4 174
0 6 18 2 3 5 49
0 6 18 1 9 0 167
0 6 18 0 4 6 198
0 6 17 7 4 0 103
0 6 17 5 5 1 14
0 6 17 4 0 7 153
0 6 17 3 6 2 89
0 6 17 2 1 8 131
0 6 17 1 7 3 188
0 6 17 0 2 9 26
0 6 16 11 0 1 83
0 6 16 9 1 2 78
0 6 16 7 2 3 174
0 6 16 5 3 4 144
0 6 16 3 4 5 167
0 6 16 2 10 0 22
0 6 16 1 5 6 124
0 6 16 0 11 1 104
0 6 16 0 0 12 183
0 6 15 8 5 0 152
0 6 15 7 0 6 90
0 6 15 6 6 1 105
0 6 15 5 1 7 98
0 6 15 4 7 2 51
0 6 15 3 2 8 186
0 6 15 2 8 3 100
0 6 15 1 3 9 195
0 6 15 0 9 4 168
0 6 14 14 0 0 166
0 6 14 12 1 1 151
0 6 14 10 2 2 192
0 6 14 8 3 3 95
0 6 14 6 4 4 80
0 6 14 4 5 5 130
0 6 14 3 11 0 177
0 6 14 3 0 11 21
0 6 14 2 6 6 120
0 6 14 1 12 1 86
0 6 14 1 1 12 44
0 6 14 0 7 7 50
0 6 13 10 0 5 100
0 6 13 9 6 0 65
0 6 13 8 1 6 194
0 6 13 7 7 1 89
0 6 13 6 2 7 19
0 6 13 5 8 2 13
0 6 13 4 3 8 148
0 6 13 3 9 3 70
0 6 13 2 4 9 94
0 6 13 1 10 4 94
0 6 13 0 5 10 167
0 6 12 15 1 0 113
0 6 12 13 2 1 35
0 6 12 11 3 2 34
0 6 12 9 4 3 141
0 6 12 7 5 4 47
0 6 12 6 0 10 98
0 6 12 5 6 5 128
0 6 12 4 12 0 40
0 6 12 4 1 11 144
0 6 12 3 7 6 155
0 6 12 2 13 1 60
0 6 12 2 2 12 129
0 6 12 1 8 7 131
0 6 12 0 14 2 137
0 6 12 0 3 13 143
0 6 11 13 0 4 176
0 6 11 11 1 5 112
0 6 11 10 7 0 16
0 6 11 9 2 6 161
0 6 11 8 8 1 149
0 6 11 7 3 7 47
0 6 11 6 9 2 119
0 6 11 5 4 8 101
0 6 11 4 10 3 24
0 6 11 3 5 9 97
0 6 11 2 11 4 135
0 6 11 2 0 15 6
0 6 11 1 6 10 146
0 6 11 0 12 5 17
0 6 11 0 1 16 90
0 6 10 16 2 0 66
0 6 10 14 3 1 32
0 6 10 12 4 2 23
0 6 10 10 5 3 168
0 6 10 9 0 9 56
0 6 10 8 6 4 39
0 6 10 7 1 10 44
0 6 10 6 7 5 27
0 6 10 5 13 0 160
0 6 10 5 2 11 122
0 6 10 4 8 6 35
0 6 10 3 14 1 70
0 6 10 3 3 12 68
0 6 10 2 9 7 19
0 6 10 1 15 2 121
0 6 10 1 4 13 15
0 6 10 0 10 8 44
0 6 9 16 0 3 156
0 6 9 14 1 4 140
0 6 9 12 2 5 179
0 6 9 11 8 0 4
0 6 9 10 3 6 31
0 6 9 9 9 1 56
0 6 9 8 4 7 77
0 6 9 7 10 2 52
0 6 9 6 5 8 101
0 6 9 5 11 3 76
0 6 9 5 0 14 153
0 6 9 3 12 4 28
0 6 9 3 1 15 7
0 6 9 2 7 10 116
0 6 9 1 13 5 45
0 6 9 1 2 16 148
0 6 9 0 19 0 136
0 6 9 0 8 11 48
0 6 8 17 3 0 15
0 6 8 15 4 1 120
0 6 8 13 5 2 189
0 6 8 12 0 8 153
0 6 8 11 6 3 80
0 6 8 10 1 9 165
0 6 8 9 7 4 17
0 6 8 8 2 10 159
0 6 8 7 8 5 4
0 6 8 6 14 0 85
0 6 8 6 3 11 28
0 6 8 5 9 6 23
0 6 8 4 15 1 92
0 6 8 4 4 12 145
0 6 8 3 10 7 142
0 6 8 2 16 2 107
0 6 8 2 5 13 125
0 6 8 1 11 8 137
0 6 8 1 0 19 75
0 6 8 0 17 3 21
0 6 8 0 6 14 172
0 6 7 19 0 2 121
0 6 7 17 1 3 196
0 6 7 15 2 4 19
0 6 7 13 3 5 98
0 6 7 12 9 0 89
0 6 7 11 4 6 104
0 6 7 10 10 1 132
0 6 7 9 5 7 6
0 6 7 8 11 2 132
0 6 7 8 0 13 187
0 6 7 7 6 8 57
0 6 7 6 12 3 27
0 6 7 6 1 14 25
0 6 7 5 7 9 6
0 6 7 4 13 4 159
0 6 7 3 8 10 83
0 6 7 2 14 5 14
0 6 7 2 3 16 60
0 6 7 1 20 0 152
0 6 7 1 9 11 174
0 6 7 0 15 6 12
0 6 7 0 4 17 69
0 6 6 18 4 0 72
0 6 6 16 5 1 12
0 6 6 15 0 7 185
0 6 6 14 6 2 74
0 6 6 13 1 8 37
0 6 6 12 7 3 3
0 6 6 11 2 9 116
0 6 6 10 8 4 132
0 6 6 9 3 10 167
0 6 6 8 9 5 191
0 6 6 7 15 0 96
0 6 6 7 4 11 85
0 6 6 6 10 6 73
0 6 6 5 16 1 5
0 6 6 5 5 12 105
0 6 6 4 11 7 178
0 6 6 4 0 18 44
0 6 6 3 17 2 110
0 6 6 3 6 13 149
0 6 6 2 12 8 185
0 6 6 2 1 19 191
0 6 6 1 18 3 116
0 6 6 1 7 14 26
0 6 6 0 13 9 142
0 6 6 0 2 20 37
0 6 5 22 0 1 64
0 6 5 20 1 2 35
0 6 5 18 2 3 17
0 6 5 16 3 4 31
0 6 5 14 4 5 123
0 6 5 13 10 0 60
0 6 5 12 5 6 83
0 6 5 11 11 1 89
0 6 5 11 0 12 190
0 6 5 10 6 7 110
0 6 5 9 12 2 152
0 6 5 9 1 13 7
0 6 5 8 7 8 78
0 6 5 7 13 3 11
0 6 5 7 2 14 192
0 6 5 6 8 9 95
0 6 5 5 14 4 53
0 6 5 5 3 15 140
0 6 5 4 9 10 71
0 6 5 3 15 5 14
0 6 5 3 4 16 144
0 6 5 2 21 0 74
0 6 5 2 10 11 85
0 6 5 1 16 6 83
0 6 5 1 5 17 99
0 6 5 0 22 1 60
0 6 5 0 11 12 44
0 6 5 0 0 23 112
0 6 4 19 5 0 145
0 6 4 18 0 6 116
0 6 4 17 6 1 134
0 6 4 16 1 7 173
0 6 4 15 7 2 111
0 6 4 13 8 3 61
0 6 4 12 3 9 75
0 6 4 11 9 4 88
0 6 4 10 4 10 116
0 6 4 9 10 5 179
0 6 4 8 16 0 42
0 6 4 8 5 11 62
0 6 4 7 11 6 148
0 6 4 7 0 17 22
0 6 4 6 17 1 120
0 6 4 6 6 12 70
0 6 4 5 12 7 124
0 6 4 5 1 18 111
0 6 4 4 18 2 45
0 6 4 4 7 13 1
0 6 4 3 13 8 58
0 6 4 3 2 19 99
0 6 4 2 19 3 120
0 6 4 2 8 14 120
0 6 4 1 14 9 143
0 6 4 1 3 20 17
0 6 4 0 20 4 18
0 6 4 0 9 15 1
0 6 3 25 0 0 16
0 6 3 23 1 1 49
0 6 3 21 2 2 188
0 6 3 19 3 3 44
0 6 3 17 4 4 107
0 6 3 15 5 5 22
0 6 3 14 11 0 46
0 6 3 14 0 11 155
0 6 3 13 6 6 36
0 6 3 12 12 1 98
0 6 3 12 1 12 169
0 6 3 11 7 7 98
0 6 3 10 13 2 150
0 6 3 10 2 13 88
0 6 3 9 8 8 121
0 6 3 8 14 3 78
0 6 3 8 3 14 194
0 6 3 7 9 9 18
0 6 3 6 15 4 49
0 6 3 6 4 15 21
0 6 3 5 10 10 121
0 6 3 4 16 5 58
0 6 3 4 5 16 88
0 6 3 3 22 0 59
0 6 3 3 11 11 173
0 6 3 3 0 22 132
0 6 3 2 17 6 53
0 6 3 2 6 17 142
0 6 3 1 23 1 133
0 6 3 1 12 12 91
0 6 3 1 1 23 6
0 6 3 0 18 7 30
0 6 3 0 7 18 198
0 6 2 21 0 5 144
0 6 2 20 6 0 127
0 6 2 19 1 6 71
0 6 2 18 7 1 154
0 6 2 17 2 7 36
0 6 2 16 8 2 60
0 6 2 15 3 8 119
0 6 2 14 9 3 194
0 6 2 13 4 9 98
0 6 2 12 10 4 35
0 6 2 11 5 10 170
0 6 2 10 11 5 150
0 6 2 10 0 16 132
0 6 2 9 17 0 90
0 6 2 9 6 11 191
0 6 2 8 12 6 110
0 6 2 8 1 17 48
0 6 2 7 18 1 109
0 6 2 7 7 12 60
0 6 2 6 13 7 140
0 6 2 6 2 18 178
0 6 2 5 19 2 135
0 6 2 5 8 13 73
0 6 2 4 14 8 137
0 6 2 4 3 19 37
0 6 2 3 20 3 129
0 6 2 3 9 14 57
0 6 2 2 15 9 28
0 6 2 2 4 20 18
0 6 2 1 21 4 181
0 6 2 1 10 15 9
0 6 2 0 16 10 122
0 6 2 0 5 21 63
0 6 1 26 1 0 136
0 6 1 24 2 1 27
0 6 1 22 3 2 3
0 6 1 20 4 3 63
0 6 1 18 5 4 20
0 6 1 17 0 10 52
0 6 1 16 6 5 146
0 6 1 15 12 0 37
0 6 1 15 1 11 60
0 6 1 14 7 6 22
0 6 1 13 13 1 104
0 6 1 13 2 12 100
0 6 1 12 8 7 18
0 6 1 11 14 2 143
0 6 1 11 3 13 93
0 6 1 10 9 8 55
0 6 1 9 15 3 89
0 6 1 9 4 14 89
0 6 1 8 10 9 12
0 6 1 7 16 4 76
0 6 1 7 5 15 168
0 6 1 6 11 10 49
0 6 1 6 0 21 187
0 6 1 5 17 5 153
0 6 1 5 6 16 53
0 6 1 4 23 0 117
0 6 1 4 12 11 154
0 6 1 4 1 22 14
0 6 1 3 18 6 3
0 6 1 3 7 17 8
0 6 1 2 24 1 22
0 6 1 2 13 12 157
0 6 1 2 2 23 86
0 6 1 1 19 7 85
0 6 1 1 8 18 198
0 6 1 0 25 2 120
0 6 1 0 14 13 110
0 6 1 0 3 24 34
0 6 0 24 0 4 79
0 6 0 22 1 5 122
0 6 0 21 7 0 129
0 6 0 20 2 6 80
0 6 0 19 8 1 128
0 6 0 18 3 7 149
0 6 0 17 9 2 193
0 6 0 16 4 8 74
0 6 0 15 10 3 160
0 6 0 14 5 9 194
0 6 0 13 11 4 78
0 6 0 13 0 15 12
0 6 0 12 6 10 182
0 6 0 11 12 5 56
0 6 0 11 1 16 9
0 6 0 10 18 0 165
0 6 0 10 7 11 94
0 6 0 9 13 6 160
0 6 0 9 2 17 191
0 6 0 8 19 1 36
0 6 0 8 8 12 74
0 6 0 7 14 7 28
0 6 0 7 3 18 54
0 6 0 6 20 2 8
0 6 0 6 9 13 4
0 6 0 5 15 8 7
0 6 0 5 4 19 84
0 6 0 4 21 3 122
0 6 0 4 10 14 136
0 6 0 3 16 9 83
0 6 0 3 5 20 79
0 6 0 2 22 4 144
0 6 0 2 11 15 81
0 6 0 2 0 26 181
0 6 0 1 17 10 127
0 6 0 1 6 21 153
0 6 0 0 23 5 159
0 6 0 0 12 16 42
0 6 0 0 1 27 39
0 5 27 0 2 0 81
0 5 26 0 0 3 39
0 5 25 1 3 0 135
0 5 24 3 0 2 64
0 5 24 1 1 3 68
0 5 23 2 4 0 52
0 5 23 0 5 1 59
0 5 22 6 0 1 155
0 5 22 4 1 2 56
0 5 22 2 2 3 25
0 5 22 0 3 4 111
0 5 21 3 5 0 100
0 5 21 2 0 6 103
0 5 21 1 6 1 16
0 5 21 0 1 7 160
0 5 20 9 0 0 28
0 5 20 7 1 1 82
0 5 20 5 2 2 29
0 5 20 3 3 3 170
0 5 20 1 4 4 20
0 5 19 5 0 5 103
0 5 19 4 6 0 22
0 5 19 3 1 6 153
0 5 19 2 7 1 82
0 5 19 1 2 7 107
0 5 19 0 8 2 194
0 5 18 10 1 0 173
0 5 18 8 2 1 161
0 5 18 6 3 2 129
0 5 18 4 4 3 85
0 5 18 2 5 4 2
0 5 18 1 0 10 145
0 5 18 0 6 5 14
0 5 17 8 0 4 21
0 5 17 6 1 5 83
0 5 17 4 2 6 168
0 5 17 3 8 1 73
0 5 17 2 3 7 33
0 5 17 1 9 2 117
0 5 17 0 4 8 36
0 5 16 11 2 0 77
0 5 16 9 3 1 89
0 5 16 7 4 2 131
0 5 16 5 5 3 2
0 5 16 4 0 9 184
0 5 16 3 6 4 79
0 5 16 2 1 10 135
0 5 16 1 7 5 146
0 5 16 0 13 0 103
0 5 16 0 2 11 156
0 5 15 11 0 3 1
0 5 15 9 1 4 195
0 5 15 7 2 5 100
0 5 15 6 8 0 96
0 5 15 5 3 6 182
0 5 15 4 9 1 172
0 5 15 3 4 7 54
0 5 15 2 10 2 125
0 5 15 1 5 8 120
0 5 15 0 11 3 133
0 5 15 0 0 14 66
0 5 14 12 3 0 99
0 5 14 10 4 1 12
0 5 14 8 5 2 4
0 5 14 7 0 8 8
0 5 14 6 6 3 2
0 5 14 5 1 9 170
0 5 14 4 7 4 173
0 5 14 3 2 10 65
0 5 14 2 8 5 107
0 5 14 1 14 0 3
0 5 14 1 3 11 198
0 5 14 0 9 6 57
0 5 13 14 0 2 138
0 5 13 12 1 3 119
0 5 13 10 2 4 70
0 5 13 8 3 5 117
0 5 13 7 9 0 38
0 5 13 6 4 6 38
0 5 13 5 10 1 90
0 5 13 4 5 7 99
0 5 13 3 11 2 130
0 5 13 3 0 13 115
0 5 13 2 6 8 192
0 5 13 1 12 3 171
0 5 13 1 1 14 23
0 5 13 0 7 9 182
0 5 12 13 4 0 172
0 5 12 11 5 1 124
0 5 12 10 0 7 6
0 5 12 9 6 2 133
0 5 12 8 1 8 70
0 5 12 7 7 3 187
0 5 12 6 2 9 71
0 5 12 5 8 4 62
0 5 12 4 3 10 194
0 5 12 3 9 5 44
0 5 12 2 15 0 47
0 5 12 2 4 11 55
0 5 12 1 10 6 116
0 5 12 0 16 1 185
0 5 12 0 5 12 137
0 5 11 17 0 1 108
0 5 11 15 1 2 9
0 5 11 13 2 3 100
0 5 11 11 3 4 160
0 5 11 9 4 5 123
0 5 11 8 10 0 43
0 5 11 7 5 6 2
0 5 11 6 11 1 19
0 5 11 6 0 12 11
0 5 11 5 6 7 4
0 5 11 4 12 2 20
0 5 11 4 1 13 86
0 5 11 3 7 8 43
0 5 11 2 13 3 102
0 5 11 2 2 14 23
0 5 11 1 8 9 195
0 5 11 0 14 4 55
0 5 11 0 3 15 148
0 5 10 14 5 0 141
0 5 10 13 0 6 121
0 5 10 12 6 1 129
0 5 10 11 1 7 74
0 5 10 10 7 2 47
0 5 10 9 2 8 110
0 5 10 8 8 3 24
0 5 10 7 3 9 156
0 5 10 6 9 4 154
0 5 10 5 4 10 116
0 5 10 4 10 5 55
0 5 10 3 16 0 2
0 5 10 3 5 11 67
0 5 10 2 11 6 176
0 5 10 2 0 17 78
0 5 10 1 17 1 102
0 5 10 1 6 12 196
0 5 10 0 12 7 135
0 5 10 0 1 18 36
0 5 9 20 0 0 140
0 5 9 18 1 1 157
0 5 9 16 2 2 100
0 5 9 14 3 3 158
0 5 9 12 4 4 30
0 5 9 10 5 5 170
0 5 9 9 11 0 161
0 5 9 9 0 11 44
0 5 9 8 6 6 35
0 5 9 7 12 1 127
0 5 9 7 1 12 6
0 5 9 6 7 7 143
0 5 9 5 13 2 187
0 5 9 5 2 13 3
0 5 9 4 8 8 188
0 5 9 3 14 3 126
0 5 9 3 3 14 147
0 5 9 2 9 9 161
0 5 9 1 15 4 126
0 5 9 1 4 15 108
0 5 9 0 10 10 117
0 5 8 16 0 5 121
0 5 8 15 6 0 154
0 5 8 14 1 6 72
0 5 8 13 7 1 97
0 5 8 12 2 7 110
0 5 8 11 8 2 34
0 5 8 10 3 8 138
0 5 8 9 9 3 5
0 5 8 8 4 9 94
0 5 8 7 10 4 72
0 5 8 6 5 10 4
0 5 8 5 11 5 166
0 5 8 5 0 16 126
0 5 8 4 17 0 102
0 5 8 4 6 11 110
0 5 8 3 12 6 165
0 5 8 3 1 17 126
0 5 8 2 18 1 192
0 5 8 2 7 12 170
0 5 8 1 13 7 99
0 5 8 1 2 18 74
0 5 8 0 19 2 74
0 5 8 0 8 13 138
0 5 7 21 1 0 192
0 5 7 19 2 1 20
0 5 7 17 3 2 13
0 5 7 15 4 3 129
0 5 7 13 5 4 111
0 5 7 12 0 10 178
0 5 7 11 6 5 69
0 5 7 10 12 0 133
0 5 7 10 1 11 190
0 5 7 9 7 6 120
0 5 7 8 13 1 111
0 5 7 8 2 12 35
0 5 7 7 8 7 37
0 5 7 6 14 2 54
0 5 7 6 3 13 122
0 5 7 5 9 8 78
0 5 7 4 15 3 148
0 5 7 4 4 14 167
0 5 7 3 10 9 108
0 5 7 2 16 4 160
0 5 7 2 5 15 173
0 5 7 1 11 10 33
0 5 7 1 0 21 6
0 5 7 0 6 16 18
0 5 6 19 0 4 11
0 5 6 17 1 5 169
0 5 6 16 7 0 120
0 5 6 15 2 6 193
0 5 6 13 3 7 147
0 5 6 12 9 2 171
0 5 6 11 4 8 144
0 5 6 10 10 3 38
0 5 6 9 5 9 93
0 5 6 8 11 4 171
0 5 6 8 0 15 103
0 5 6 7 6 10 81
0 5 6 6 12 5 62
0 5 6 6 1 16 180
0 5 6 5 18 0 75
0 5 6 5 7 11 145
0 5 6 4 13 6 116
0 5 6 4 2 17 81
0 5 6 3 8 12 113
0 5 6 2 14 7 188
0 5 6 2 3 18 38
0 5 6 1 20 2 69
0 5 6 1 9 13 159
0 5 6 0 15 8 110
0 5 6 0 4 19 110
0 5 5 22 2 0 28
0 5 5 20 3 1 139
0 5 5 18 4 2 98
0 5 5 16 5 3 21
0 5 5 15 0 9 168
0 5 5 14 6 4 93
0 5 5 13 1 10 198
0 5 5 12 7 5 158
0 5 5 11 13 0 87
0 5 5 11 2 11 182
0 5 5 10 8 6 82
0 5 5 9 14 1 177
0 5 5 9 3 12 134
0 5 5 8 9 7 167
0 5 5 7 15 2 188
0 5 5 7 4 13 114
0 5 5 6 10 8 141
0 5 5 5 16 3 126
0 5 5 5 5 14 108
0 5 5 4 11 9 175
0 5 5 4 0 20 161
0 5 5 3 17 4 144
0 5 5 3 6 15 90
0 5 5 2 12 10 99
0 5 5 2 1 21 188
0 5 5 1 18 5 82
0 5 5 1 7 16 11
0 5 5 0 24 0 129
0 5 5 0 13 11 141
0 5 5 0 2 22 44
0 5 4 22 0 3 158
0 5 4 20 1 4 194
0 5 4 18 2 5 82
0 5 4 17 8 0 85
0 5 4 16 3 6 131
0 5 4 15 9 1 139
0 5 4 14 4 7 125
0 5 4 13 10 2 160
0 5 4 12 5 8 96
0 5 4 11 11 3 37
0 5 4 11 0 14 3
0 5 4 10 6 9 98
0 5 4 9 12 4 111
0 5 4 9 1 15 108
0 5 4 8 7 10 71
0 5 4 7 13 5 140
0 5 4 7 2 16 21
0 5 4 6 19 0 172
0 5 4 6 8 11 137
0 5 4 5 14 6 164
0 5 4 5 3 17 61
0 5 4 4 20 1 50
0 5 4 4 9 12 193
0 5 4 3 15 7 25
0 5 4 3 4 18 99
0 5 4 2 21 2 172
0 5 4 2 10 13 97
0 5 4 1 16 8 90
0 5 4 1 5 19 143
0 5 4 0 22 3 30
0 5 4 0 11 14 198
0 5 4 0 0 25 140
0 5 3 23 3 0 153
0 5 3 21 4 1 70
0 5 3 19 5 2 194
0 5 3 18 0 8 175
0 5 3 17 6 3 88
0 5 3 16 1 9 152
0 5 3 15 7 4 34
0 5 3 14 2 10 122
0 5 3 13 8 5 116
0 5 3 12 14 0 79
0 5 3 12 3 11 44
0 5 3 11 9 6 32
0 5 3 10 15 1 11
0 5 3 10 4 12 121
0 5 3 9 10 7 20
0 5 3 8 16 2 177
0 5 3 8 5 13 129
0 5 3 7 11 8 40
0 5 3 7 0 19 44
0 5 3 6 17 3 13
0 5 3 6 6 14 119
0 5 3 5 12 9 152
0 5 3 5 1 20 121
0 5 3 4 18 4 90
0 5 3 4 7 15 9
0 5 3 3 13 10 74
0 5 3 3 2 21 90
0 5 3 2 19 5 12
0 5 3 2 8 16 150
0 5 3 1 25 0 154
0 5 3 1 14 11 155
0 5 3 1 3 22 95
0 5 3 0 20 6 98
0 5 3 0 9 17 45
0 5 2 25 0 2 191
0 5 2 23 1 3 135
0 5 2 21 2 4 172
0 5 2 19 3 5 195
0 5 2 18 9 0 44
0 5 2 17 4 6 23
0 5 2 16 10 1 45
0 5 2 15 5 7 4
0 5 2 14 11 2 22
0 5 2 14 0 13 198
0 5 2 13 6 8 138
0 5 2 12 12 3 115
0 5 2 12 1 14 22
0 5 2 11 7 9 186
0 5 2 10 13 4 85
0 5 2 10 2 15 191
0 5 2 9 8 10 152
0 5 2 8 14 5 150
0 5 2 8 3 16 132
0 5 2 7 20 0 43
0 5 2 7 9 11 36
0 5 2 6 15 6 179
0 5 2 6 4 17 138
0 5 2 5 10 12 17
0 5 2 4 16 7 71
0 5 2 4 5 18 166
0 5 2 3 22 2 50
0 5 2 3 11 13 28
0 5 2 3 0 24 161
0 5 2 2 17 8 10
0 5 2 2 6 19 64
0 5 2 1 23 3 95
0 5 2 1 12 14 5
0 5 2 1 1 25 82
0 5 2 0 18 9 64
0 5 2 0 7 20 5
0 5 1 24 4 0 6
0 5 1 22 5 1 61
0 5 1 21 0 7 52
0 5 1 20 6 2 166
0 5 1 19 1 8 50
0 5 1 18 7 3 171
0 5 1 17 2 9 36
0 5 1 16 8 4 56
0 5 1 15 3 10 107
0 5 1 14 9 5 122
0 5 1 13 15 0 23
0 5 1 13 4 11 138
0 5 1 12 10 6 106
0 5 1 11 16 1 45
0 5 1 11 5 12 183
0 5 1 10 11 7 166
0 5 1 10 0 18 194
0 5 1 9 17 2 130
0 5 1 9 6 13 58
0 5 1 8 12 8 79
0 5 1 8 1 19 66
0 5 1 7 18 3 113
0 5 1 7 7 14 84
0 5 1 6 13 9 109
0 5 1 6 2 20 182
0 5 1 5 19 4 36
0 5 1 4 14 10 189
0 5 1 4 3 21 32
0 5 1 3 20 5 62
0 5 1 2 26 0 55
0 5 1 2 15 11 99
0 5 1 2 4 22 150
0 5 1 1 21 6 109
0 5 1 1 10 17 190
0 5 1 0 27 1 21
0 5 1 0 16 12 155
0 5 1 0 5 23 90
0 5 0 28 0 1 70
0 5 0 26 1 2 123
0 5 0 24 2 3 193
0 5 0 22 3 4 134
0 5 0 20 4 5 194
0 5 0 19 10 0 12
0 5 0 18 5 6 130
0 5 0 17 11 1 81
0 5 0 17 0 12 95
0 5 0 16 6 7 79
0 5 0 15 12 2 116
0 5 0 15 1 13 130
0 5 0 14 7 8 4
0 5 0 13 13 3 23
0 5 0 13 2 14 9
0 5 0 12 8 9 73
0 5 0 11 14 4 109
0 5 0 11 3 15 114
0 5 0 10 9 10 28
0 5 0 9 15 5 148
0 5 0 9 4 16 9
0 5 0 8 21 0 98
0 5 0 8 10 11 32
0 5 0 7 16 6 151
0 5 0 7 5 17 43
0 5 0 6 22 1 67
0 5 0 6 11 12 166
0 5 0 6 0 23 20
0 5 0 5 17 7 146
0 5 0 5 6 18 97
0 5 0 4 23 2 161
0 5 0 4 12 13 195
0 5 0 4 1 24 191
0 5 0 3 18 8 171
0 5 0 3 7 19 47
0 5 0 2 24 3 70
0 5 0 2 13 14 92
0 5 0 2 2 25 54
0 5 0 1 19 9 42
0 5 0 1 8 20 17
0 5 0 0 25 4 95
0 5 0 0 14 15 99
0 5 0 0 3 26 198
0 4 28 1 0 1 29
0 4 26 4 0 0 64
0 4 26 2 1 1 27
0 4 26 0 2 2 3
0 4 25 0 0 5 48
0 4 24 5 1 0 3
0 4 24 1 3 2 118
0 4 23 3 0 4 117
0 4 23 1 1 5 98
0 4 23 0 7 0 84
0 4 22 6 2 0 55
0 4 22 4 3 1 4
0 4 22 2 4 2 152
0 4 22 0 5 3 47
0 4 21 6 0 3 99
0 4 21 4 1 4 27
0 4 21 2 2 5 159
0 4 21 1 8 0 34
0 4 21 0 3 6 103
0 4 20 7 3 0 135
0 4 20 5 4 1 59
0 4 20 3 5 2 62
0 4 20 2 0 8 11
0 4 20 1 6 3 144
0 4 20 0 1 9 169
0 4 19 9 0 2 185
0 4 19 7 1 3 1
0 4 19 5 2 4 168
0 4 19 3 3 5 35
0 4 19 2 9 0 192
0 4 19 1 4 6 57
0 4 19 0 10 1 47
0 4 18 8 4 0 154
0 4 18 6 5 1 141
0 4 18 5 0 7 123
0 4 18 4 6 2 5
0 4 18 3 1 8 105
0 4 18 2 7 3 155
0 4 18 1 2 9 156
0 4 18 0 8 4 153
0 4 17 12 0 1 63
0 4 17 10 1 2 89
0 4 17 8 2 3 134
0 4 17 6 3 4 154
0 4 17 4 4 5 110
0 4 17 3 10 0 42
0 4 17 2 5 6 87
0 4 17 1 11 1 190
0 4 17 0 6 7 159
0 4 16 9 5 0 144
0 4 16 8 0 6 12
0 4 16 7 6 1 141
0 4 16 6 1 7 181
0 4 16 5 7 2 16
0 4 16 4 2 8 88
0 4 16 3 8 3 110
0 4 16 2 3 9 158
0 4 16 1 9 4 39
0 4 16 0 4 10 136
0 4 15 15 0 0 38
0 4 15 13 1 1 15
0 4 15 11 2 2 6
0 4 15 9 3 3 29
0 4 15 7 4 4 56
0 4 15 5 5 5 55
0 4 15 4 11 0 19
0 4 15 4 0 11 174
0 4 15 3 6 6 32
0 4 15 2 12 1 77
0 4 15 2 1 12 129
0 4 15 1 7 7 87
0 4 15 0 13 2 92
0 4 15 0 2 13 131
0 4 14 11 0 5 52
0 4 14 10 6 0 190
0 4 14 9 1 6 91
0 4 14 8 7 1 177
0 4 14 7 2 7 96
0 4 14 6 8 2 80
0 4 14 5 3 8 136
0 4 14 3 4 9 24
0 4 14 2 10 4 173
0 4 14 1 5 10 118
0 4 14 0 11 5 176
0 4 14 0 0 16 158
0 4 13 16 1 0 137
0 4 13 14 2 1 182
0 4 13 12 3 2 114
0 4 13 10 4 3 94
0 4 13 8 5 4 23
0 4 13 7 0 10 118
0 4 13 6 6 5 162
0 4 13 5 12 0 158
0 4 13 5 1 11 99
0 4 13 4 7 6 160
0 4 13 3 13 1 103
0 4 13 3 2 12 144
0 4 13 2 8 7 64
0 4 13 1 14 2 40
0 4 13 1 3 13 35
0 4 13 0 9 8 69
0 4 12 14 0 4 160
0 4 12 12 1 5 1
0 4 12 11 7 0 35
0 4 12 10 2 6 107
0 4 12 9 8 1 55
0 4 12 8 3 7 146
0 4 12 7 9 2 138
0 4 12 6 4 8 94
0 4 12 5 10 3 169
0 4 12 4 5 9 56
0 4 12 3 11 4 28
0 4 12 3 0 15 30
0 4 12 2 6 10 194
0 4 12 1 12 5 179
0 4 12 1 1 16 97
0 4 12 0 18 0 156
0 4 12 0 7 11 101
0 4 11 17 2 0 16
0 4 11 15 3 1 94
0 4 11 13 4 2 176
0 4 11 11 5 3 72
0 4 11 10 0 9 131
0 4 11 9 6 4 119
0 4 11 8 1 10 71
0 4 11 7 7 5 26
0 4 11 6 13 0 141
0 4 11 6 2 11 63
0 4 11 5 8 6 178
0 4 11 4 14 1 37
0 4 11 4 3 12 179
0 4 11 3 9 7 153
0 4 11 2 15 2 26
0 4 11 2 4 13 150
0 4 11 1 10 8 45
0 4 11 0 16 3 144
0 4 11 0 5 14 188
0 4 10 17 0 3 109
0 4 10 15 1 4 33
0 4 10 13 2 5 168
0 4 10 12 8 0 190
0 4 10 11 3 6 28
0 4 10 10 9 1 11
0 4 10 9 4 7 128
0 4 10 8 10 2 37
0 4 10 7 5 8 53
0 4 10 6 11 3 160
0 4 10 6 0 14 183
0 4 10 5 6 9 154
0 4 10 4 12 4 166
0 4 10 4 1 15 197
0 4 10 3 7 10 88
0 4 10 2 13 5 131
0 4 10 2 2 16 168
0 4 10 1 19 0 15
0 4 10 1 8 11 136
0 4 10 0 14 6 77
0 4 10 0 3 17 12
0 4 9 18 3 0 23
0 4 9 16 4 1 132
0 4 9 14 5 2 159
0 4 9 13 0 8 78
0 4 9 12 6 3 71
0 4 9 11 1 9 177
0 4 9 10 7 4 58
0 4 9 9 2 10 87
0 4 9 8 8 5 76
0 4 9 7 14 0 134
0 4 9 7 3 11 118
0 4 9 6 9 6 148
0 4 9 5 15 1 100
0 4 9 5 4 12 144
0 4 9 4 10 7 100
0 4 9 3 16 2 130
0 4 9 3 5 13 182
0 4 9 2 11 8 45
0 4 9 2 0 19 91
0 4 9 1 17 3 111
0 4 9 1 6 14 141
0 4 9 0 12 9 54
0 4 9 0 1 20 140
0 4 8 20 0 2 54
0 4 8 18 1 3 9
0 4 8 16 2 4 181
0 4 8 14 3 5 2
0 4 8 13 9 0 15
0 4 8 12 4 6 96
0 4 8 11 10 1 135
0 4 8 10 5 7 122
0 4 8 9 11 2 30
0 4 8 9 0 13 181
0 4 8 8 6 8 180
0 4 8 7 12 3 143
0 4 8 7 1 14 186
0 4 8 6 7 9 86
0 4 8 5 13 4 4
0 4 8 5 2 15 29
0 4 8 4 8 10 149
0 4 8 3 14 5 30
0 4 8 3 3 16 117
0 4 8 2 20 0 15
0 4 8 2 9 11 189
0 4 8 1 15 6 95
0 4 8 1 4 17 22
0 4 8 0 21 1 62
0 4 8 0 10 12 79
0 4 7 19 4 0 130
0 4 7 16 0 7 53
0 4 7 15 6 2 35
0 4 7 14 1 8 181
0 4 7 13 7 3 187
0 4 7 12 2 9 88
0 4 7 11 8 4 31
0 4 7 10 3 10 116
0 4 7 9 9 5 191
0 4 7 8 15 0 102
0 4 7 8 4 11 90
0 4 7 7 10 6 64
0 4 7 6 16 1 124
0 4 7 6 5 12 165
0 4 7 5 11 7 40
0 4 7 5 0 18 193
0 4 7 4 17 2 163
0 4 7 4 6 13 94
0 4 7 3 12 8 197
0 4 7 3 1 19 152
0 4 7 2 18 3 9
0 4 7 2 7 14 34
0 4 7 1 13 9 132
0 4 7 1 2 20 15
0 4 7 0 19 4 47
0 4 7 0 8 15 150
0 4 6 23 0 1 58
0 4 6 21 1 2 10
0 4 6 19 2 3 162
0 4 6 17 3 4 183
0 4 6 15 4 5 135
0 4 6 14 10 0 131
0 4 6 13 5 6 114
0 4 6 12 11 1 156
0 4 6 12 0 12 97
0 4 6 11 6 7 148
0 4 6 10 12 2 9
0 4 6 10 1 13 147
0 4 6 9 7 8 165
0 4 6 8 13 3 108
0 4 6 8 2 14 96
0 4 6 7 8 9 68
0 4 6 6 14 4 79
0 4 6 6 3 15 72
0 4 6 5 9 10 140
0 4 6 4 15 5 65
0 4 6 4 4 16 153
0 4 6 3 21 0 145
0 4 6 3 10 11 175
0 4 6 2 16 6 56
0 4 6 2 5 17 114
0 4 6 1 22 1 164
0 4 6 1 11 12 40
0 4 6 1 0 23 11
0 4 6 0 17 7 198
0 4 6 0 6 18 10
0 4 5 20 5 0 95
0 4 5 19 0 6 101
0 4 5 18 6 1 42
0 4 5 17 1 7 3
0 4 5 16 7 2 44
0 4 5 15 2 8 84
0 4 5 14 8 3 56
0 4 5 13 3 9 22
0 4 5 12 9 4 105
0 4 5 11 4 10 141
0 4 5 10 10 5 108
0 4 5 9 16 0 22
0 4 5 9 5 11 2
0 4 5 8 11 6 169
0 4 5 8 0 17 172
0 4 5 7 17 1 183
0 4 5 7 6 12 108
0 4 5 6 12 7 133
0 4 5 6 1 18 22
0 4 5 5 18 2 189
0 4 5 5 7 13 185
0 4 5 4 13 8 133
0 4 5 4 2 19 63
0 4 5 3 19 3 56
0 4 5 3 8 14 139
0 4 5 2 14 9 27
0 4 5 2 3 20 34
0 4 5 1 20 4 187
0 4 5 1 9 15 104
0 4 5 0 15 10 25
0 4 5 0 4 21 159
0 4 4 26 0 0 142
0 4 4 24 1 1 79
0 4 4 22 2 2 58
0 4 4 20 3 3 148
0 4 4 18 4 4 158
0 4 4 16 5 5 78
0 4 4 15 11 0 149
0 4 4 15 0 11 8
0 4 4 14 6 6 98
0 4 4 13 12 1 30
0 4 4 13 1 12 129
0 4 4 12 7 7 195
0 4 4 11 13 2 114
0 4 4 11 2 13 34
0 4 4 10 8 8 30
0 4 4 9 14 3 138
0 4 4 9 3 14 92
0 4 4 8 9 9 91
0 4 4 7 15 4 80
0 4 4 7 4 15 125
0 4 4 6 10 10 181
0 4 4 5 16 5 194
0 4 4 5 5 16 22
0 4 4 4 22 0 32
0 4 4 4 11 11 104
0 4 4 4 0 22 41
0 4 4 3 17 6 15
0 4 4 3 6 17 32
0 4 4 2 23 1 63
0 4 4 2 12 12 107
0 4 4 2 1 23 64
0 4 4 1 18 7 158
0 4 4 1 7 18 197
0 4 4 0 24 2 195
0 4 4 0 13 13 179
0 4 4 0 2 24 6
0 4 3 22 0 5 13
0 4 3 21 6 0 28
0 4 3 20 1 6 170
0 4 3 19 7 1 58
0 4 3 18 2 7 45
0 4 3 17 8 2 101
0 4 3 16 3 8 4
0 4 3 15 9 3 99
0 4 3 14 4 9 11
0 4 3 13 10 4 17
0 4 3 12 5 10 4
0 4 3 11 11 5 82
0 4 3 11 0 16 38
0 4 3 10 17 0 154
0 4 3 10 6 11 137
0 4 3 9 12 6 62
0 4 3 9 1 17 48
0 4 3 8 18 1 73
0 4 3 8 7 12 171
0 4 3 7 13 7 55
0 4 3 7 2 18 130
0 4 3 6 19 2 159
0 4 3 6 8 13 81
0 4 3 5 14 8 137
0 4 3 5 3 19 46
0 4 3 4 20 3 148
0 4 3 4 9 14 118
0 4 3 3 15 9 117
0 4 3 3 4 20 59
0 4 3 2 21 4 94
0 4 3 2 10 15 65
0 4 3 1 16 10 48
0 4 3 1 5 21 44
0 4 3 0 22 5 171
0 4 3 0 11 16 67
0 4 3 0 0 27 130
0 4 2 27 1 0 137
0 4 2 25 2 1 181
0 4 2 23 3 2 102
0 4 2 21 4 3 88
0 4 2 19 5 4 62
0 4 2 18 0 10 56
0 4 2 17 6 5 66
0 4 2 16 12 0 124
0 4 2 16 1 11 81
0 4 2 15 7 6 107
0 4 2 14 13 1 192
0 4 2 14 2 12 139
0 4 2 13 8 7 162
0 4 2 12 14 2 172
0 4 2 12 3 13 198
0 4 2 11 9 8 53
0 4 2 10 15 3 186
0 4 2 10 4 14 40
0 4 2 9 10 9 9
0 4 2 8 16 4 49
0 4 2 8 5 15 46
0 4 2 7 11 10 42
0 4 2 7 0 21 1
0 4 2 6 17 5 18
0 4 2 6 6 16 45
0 4 2 5 23 0 141
0 4 2 5 12 11 123
0 4 2 5 1 22 87
0 4 2 4 18 6 168
0 4 2 4 7 17 75
0 4 2 3 24 1 188
0 4 2 3 13 12 160
0 4 2 3 2 23 115
0 4 2 2 19 7 157
0 4 2 2 8 18 109
0 4 2 1 25 2 72
0 4 2 1 14 13 2
0 4 2 1 3 24 18
0 4 2 0 20 8 87
0 4 2 0 9 19 101
0 4 1 25 0 4 117
0 4 1 23 1 5 150
0 4 1 22 7 0 119
0 4 1 21 2 6 32
0 4 1 20 8 1 185
0 4 1 19 3 7 62
0 4 1 18 9 2 195
0 4 1 17 4 8 12
0 4 1 16 10 3 84
0 4 1 15 5 9 81
0 4 1 14 11 4 152
0 4 1 14 0 15 15
0 4 1 13 6 10 135
0 4 1 12 12 5 116
0 4 1 12 1 16 72
0 4 1 11 18 0 189
0 4 1 11 7 11 155
0 4 1 10 13 6 51
0 4 1 10 2 17 184
0 4 1 9 19 1 124
0 4 1 9 8 12 52
0 4 1 8 14 7 18
0 4 1 8 3 18 169
0 4 1 7 20 2 15
0 4 1 7 9 13 142
0 4 1 6 4 19 120
0 4 1 5 21 3 89
0 4 1 5 10 14 172
0 4 1 4 16 9 195
0 4 1 4 5 20 32
0 4 1 3 22 4 1
0 4 1 3 11 15 86
0 4 1 3 0 26 14
0 4 1 2 17 10 66
0 4 1 2 6 21 53
0 4 1 1 23 5 100
0 4 1 1 12 16 93
0 4 1 1 1 27 161
0 4 1 0 29 0 52
0 4 1 0 18 11 63
0 4 1 0 7 22 27
0 4 0 28 2 0 28
0 4 0 26 3 1 197
0 4 0 24 4 2 198
0 4 0 22 5 3 42
0 4 0 21 0 9 107
0 4 0 20 6 4 175
0 4 0 19 1 10 56
0 4 0 18 7 5 42
0 4 0 17 13 0 148
0 4 0 17 2 11 179
0 4 0 16 8 6 95
0 4 0 15 14 1 172
0 4 0 15 3 12 186
0 4 0 14 9 7 108
0 4 0 13 15 2 63
0 4 0 13 4 13 102
0 4 0 12 10 8 15
0 4 0 11 16 3 108
0 4 0 11 5 14 187
0 4 0 10 11 9 161
0 4 0 10 0 20 100
0 4 0 9 17 4 189
0 4 0 9 6 15 182
0 4 0 8 12 10 57
0 4 0 8 1 21 175
0 4 0 7 18 5 144
0 4 0 7 7 16 117
0 4 0 6 24 0 146
0 4 0 6 13 11 193
0 4 0 6 2 22 175
0 4 0 5 19 6 25
0 4 0 5 8 17 35
0 4 0 4 25 1 112
0 4 0 4 14 12 145
0 4 0 4 3 23 58
0 4 0 3 20 7 137
0 4 0 3 9 18 167
0 4 0 2 26 2 106
0 4 0 2 15 13 31
0 4 0 2 4 24 85
0 4 0 1 21 8 33
0 4 0 1 10 19 116
0 4 0 0 27 3 137
0 4 0 0 16 14 169
0 4 0 0 5 25 129
0 3 30 0 1 0 31
0 3 28 1 2 0 15
0 3 27 1 0 3 34
0 3 26 2 3 0 22
0 3 26 0 4 1 177
0 3 25 4 0 2 165
0 3 25 2 1 3 111
0 3 25 0 2 4 97
0 3 24 3 4 0 15
0 3 24 1 5 1 59
0 3 24 0 0 7 34
0 3 23 7 0 1 116
0 3 23 3 2 3 40
0 3 23 1 3 4 8
0 3 22 4 5 0 44
0 3 22 3 0 6 154
0 3 22 2 6 1 170
0 3 22 1 1 7 129
0 3 22 0 7 2 93
0 3 21 10 0 0 45
0 3 21 8 1 1 167
0 3 21 6 2 2 101
0 3 21 4 3 3 144
0 3 21 2 4 4 65
0 3 21 0 5 5 14
0 3 20 6 0 5 177
0 3 20 5 6 0 29
0 3 20 4 1 6 162
0 3 20 3 7 1 26
0 3 20 2 2 7 58
0 3 20 1 8 2 93
0 3 20 0 3 8 107
0 3 19 11 1 0 106
0 3 19 9 2 1 114
0 3 19 7 3 2 69
0 3 19 5 4 3 22
0 3 19 3 5 4 169
0 3 19 2 0 10 98
0 3 19 1 6 5 181
0 3 19 0 12 0 113
0 3 19 0 1 11 116
0 3 18 9 0 4 196
0 3 18 7 1 5 178
0 3 18 6 7 0 43
0 3 18 5 2 6 164
0 3 18 4 8 1 99
0 3 18 3 3 7 181
0 3 18 2 9 2 45
0 3 18 1 4 8 84
0 3 18 0 10 3 108
0 3 17 12 2 0 41
0 3 17 10 3 1 51
0 3 17 8 4 2 147
0 3 17 6 5 3 38
0 3 17 5 0 9 9
0 3 17 4 6 4 137
0 3 17 3 1 10 98
0 3 17 2 7 5 106
0 3 17 1 13 0 2
0 3 17 1 2 11 89
0 3 16 12 0 3 74
0 3 16 10 1 4 57
0 3 16 8 2 5 69
0 3 16 7 8 0 29
0 3 16 6 3 6 99
0 3 16 5 9 1 174
0 3 16 4 4 7 74
0 3 16 3 10 2 197
0 3 16 2 5 8 64
0 3 16 1 11 3 187
0 3 16 1 0 14 41
0 3 16 0 6 9 54
0 3 15 13 3 0 50
0 3 15 11 4 1 162
0 3 15 9 5 2 186
0 3 15 8 0 8 98
0 3 15 7 6 3 41
0 3 15 6 1 9 142
0 3 15 5 7 4 37
0 3 15 4 2 10 26
0 3 15 3 8 5 13
0 3 15 2 14 0 109
0 3 15 2 3 11 165
0 3 15 1 9 6 126
0 3 15 0 15 1 187
0 3 15 0 4 12 180
0 3 14 15 0 2 32
0 3 14 13 1 3 106
0 3 14 11 2 4 72
0 3 14 9 3 5 190
0 3 14 8 9 0 49
0 3 14 7 4 6 81
0 3 14 6 10 1 110
0 3 14 5 5 7 79
0 3 14 4 11 2 180
0 3 14 4 0 13 12
0 3 14 3 6 8 56
0 3 14 2 12 3 179
0 3 14 2 1 14 118
0 3 14 1 7 9 47
0 3 14 0 13 4 111
0 3 14 0 2 15 11
0 3 13 14 4 0 189
0 3 13 12 5 1 38
0 3 13 11 0 7 81
0 3 13 10 6 2 82
0 3 13 9 1 8 185
0 3 13 8 7 3 18
0 3 13 7 2 9 4
0 3 13 6 8 4 164
0 3 13 5 3 10 67
0 3 13 4 9 5 144
0 3 13 3 15 0 89
0 3 13 3 4 11 182
0 3 13 2 10 6 194
0 3 13 1 5 12 47
0 3 13 0 11 7 1
0 3 13 0 0 18 185
0 3 12 18 0 1 17
0 3 12 16 1 2 142
0 3 12 14 2 3 171
0 3 12 12 3 4 18
0 3 12 10 4 5 91
0 3 12 9 10 0 183
0 3 12 8 5 6 3
0 3 12 7 11 1 182
0 3 12 7 0 12 97
0 3 12 6 6 7 156
0 3 12 5 12 2 139
0 3 12 5 1 13 28
0 3 12 4 7 8 52
0 3 12 3 13 3 119
0 3 12 3 2 14 116
0 3 12 2 8 9 23
0 3 12 1 14 4 2
0 3 12 1 3 15 77
0 3 12 0 9 10 45
0 3 11 15 5 0 20
0 3 11 14 0 6 131
0 3 11 13 6 1 183
0 3 11 12 1 7 14
0 3 11 11 7 2 16
0 3 11 10 2 8 79
0 3 11 9 8 3 44
0 3 11 8 3 9 123
0 3 11 7 9 4 18
0 3 11 6 4 10 55
0 3 11 5 10 5 5
0 3 11 4 16 0 177
0 3 11 4 5 11 106
0 3 11 3 11 6 196
0 3 11 3 0 17 156
0 3 11 2 17 1 155
0 3 11 2 6 12 140
0 3 11 1 12 7 25
0 3 11 1 1 18 45
0 3 11 0 18 2 160
0 3 11 0 7 13 30
0 3 10 21 0 0 182
0 3 10 19 1 1 33
0 3 10 17 2 2 174
0 3 10 15 3 3 68
0 3 10 13 4 4 131
0 3 10 11 5 5 102
0 3 10 10 11 0 126
0 3 10 10 0 11 3
0 3 10 9 6 6 13
0 3 10 8 12 1 16
0 3 10 8 1 12 5
0 3 10 7 7 7 29
0 3 10 6 13 2 49
0 3 10 6 2 13 41
0 3 10 5 8 8 157
0 3 10 4 14 3 141
0 3 10 4 3 14 179
0 3 10 3 9 9 75
0 3 10 2 15 4 24
0 3 10 2 4 15 117
0 3 10 1 10 10 96
0 3 10 0 16 5 78
0 3 10 0 5 16 184
0 3 9 17 0 5 159
0 3 9 16 6 0 133
0 3 9 15 1 6 83
0 3 9 14 7 1 85
0 3 9 13 2 7 36
0 3 9 12 8 2 96
0 3 9 11 3 8 118
0 3 9 10 9 3 96
0 3 9 9 4 9 146
0 3 9 8 10 4 51
0 3 9 7 5 10 192
0 3 9 6 11 5 47
0 3 9 6 0 16 129
0 3 9 5 17 0 76
0 3 9 5 6 11 14
0 3 9 4 12 6 183
0 3 9 4 1 17 145
0 3 9 3 18 1 184
0 3 9 3 7 12 6
0 3 9 2 13 7 37
0 3 9 2 2 18 14
0 3 9 1 19 2 100
0 3 9 1 8 13 35
0 3 9 0 14 8 110
0 3 9 0 3 19 120
0 3 8 22 1 0 189
0 3 8 20 2 1 3
0 3 8 18 3 2 185
0 3 8 16 4 3 53
0 3 8 14 5 4 8
0 3 8 13 0 10 1
0 3 8 12 6 5 42
0 3 8 11 12 0 114
0 3 8 11 1 11 83
0 3 8 10 7 6 177
0 3 8 9 13 1 35
0 3 8 9 2 12 64
0 3 8 8 8 7 52
0 3 8 7 14 2 47
0 3 8 7 3 13 146
0 3 8 6 9 8 33
0 3 8 5 15 3 66
0 3 8 5 4 14 31
0 3 8 4 10 9 161
0 3 8 3 16 4 14
0 3 8 3 5 15 170
0 3 8 2 11 10 107
0 3 8 2 0 21 26
0 3 8 1 17 5 170
0 3 8 1 6 16 184
0 3 8 0 23 0 31
0 3 8 0 12 11 153
0 3 8 0 1 22 87
0 3 7 20 0 4 157
0 3 7 18 1 5 89
0 3 7 17 7 0 55
0 3 7 16 2 6 71
0 3 7 15 8 1 29
0 3 7 14 3 7 137
0 3 7 13 9 2 86
0 3 7 12 4 8 56
0 3 7 11 10 3 164
0 3 7 10 5 9 15
0 3 7 9 11 4 146
0 3 7 9 0 15 192
0 3 7 8 6 10 52
0 3 7 7 12 5 181
0 3 7 7 1 16 70
0 3 7 6 18 0 16
0 3 7 6 7 11 81
0 3 7 5 13 6 135
0 3 7 5 2 17 76
0 3 7 4 19 1 3
0 3 7 4 8 12 135
0 3 7 3 14 7 2
0 3 7 3 3 18 64
0 3 7 2 20 2 168
0 3 7 2 9 13 193
0 3 7 1 15 8 41
0 3 7 1 4 19 193
0 3 7 0 21 3 164
0 3 7 0 10 14 15
0 3 6 23 2 0 53
0 3 6 21 3 1 181
0 3 6 19 4 2 152
0 3 6 17 5 3 41
0 3 6 16 0 9 168
0 3 6 15 6 4 2
0 3 6 14 1 10 57
0 3 6 13 7 5 4
0 3 6 12 13 0 183
0 3 6 12 2 11 146
0 3 6 11 8 6 191
0 3 6 10 14 1 33
0 3 6 10 3 12 74
0 3 6 9 9 7 14
0 3 6 8 15 2 189
0 3 6 8 4 13 73
0 3 6 7 10 8 166
0 3 6 6 16 3 121
0 3 6 6 5 14 154
0 3 6 5 11 9 148
0 3 6 5 0 20 177
0 3 6 4 17 4 37
0 3 6 4 6 15 110
0 3 6 3 12 10 148
0 3 6 3 1 21 115
0 3 6 2 18 5 71
0 3 6 2 7 16 12
0 3 6 1 24 0 29
0 3 6 1 13 11 189
0 3 6 1 2 22 69
0 3 6 0 19 6 50
0 3 6 0 8 17 165
0 3 5 23 0 3 131
0 3 5 21 1 4 37
0 3 5 19 2 5 13
0 3 5 18 8 0 34
0 3 5 17 3 6 113
0 3 5 16 9 1 124
0 3 5 15 4 7 165
0 3 5 14 10 2 190
0 3 5 13 5 8 70
0 3 5 12 11 3 16
0 3 5 12 0 14 98
0 3 5 11 6 9 155
0 3 5 10 12 4 17
0 3 5 10 1 15 190
0 3 5 9 7 10 151
0 3 5 8 13 5 50
0 3 5 8 2 16 85
0 3 5 7 19 0 50
0 3 5 7 8 11 66
0 3 5 6 14 6 94
0 3 5 6 3 17 149
0 3 5 5 20 1 38
0 3 5 5 9 12 15
0 3 5 4 15 7 129
0 3 5 4 4 18 22
0 3 5 3 21 2 30
0 3 5 3 10 13 190
0 3 5 2 16 8 60
0 3 5 2 5 19 35
0 3 5 1 22 3 169
0 3 5 1 11 14 69
0 3 5 1 0 25 111
0 3 5 0 17 9 93
0 3 5 0 6 20 40
0 3 4 24 3 0 16
0 3 4 22 4 1 139
0 3 4 20 5 2 133
0 3 4 19 0 8 96
0 3 4 18 6 3 51
0 3 4 17 1 9 7
0 3 4 16 7 4 130
0 3 4 15 2 10 184
0 3 4 14 8 5 138
0 3 4 13 14 0 38
0 3 4 13 3 11 73
0 3 4 12 9 6 135
0 3 4 11 15 1 89
0 3 4 11 4 12 150
0 3 4 10 10 7 11
0 3 4 9 16 2 75
0 3 4 9 5 13 105
0 3 4 8 11 8 32
0 3 4 8 0 19 94
0 3 4 7 17 3 168
0 3 4 7 6 14 160
0 3 4 6 12 9 39
0 3 4 6 1 20 20
0 3 4 5 18 4 18
0 3 4 5 7 15 106
0 3 4 4 13 10 105
0 3 4 4 2 21 133
0 3 4 3 19 5 78
0 3 4 3 8 16 70
0 3 4 2 25 0 56
0 3 4 2 14 11 59
0 3 4 2 3 22 2
0 3 4 1 20 6 125
0 3 4 1 9 17 120
0 3 4 0 26 1 172
0 3 4 0 15 12 25
0 3 4 0 4 23 140
0 3 3 26 0 2 175
0 3 3 24 1 3 99
0 3 3 22 2 4 37
0 3 3 20 3 5 26
0 3 3 19 9 0 88
0 3 3 18 4 6 127
0 3 3 17 10 1 96
0 3 3 16 5 7 179
0 3 3 15 11 2 31
0 3 3 15 0 13 14
0 3 3 14 6 8 121
0 3 3 13 12 3 88
0 3 3 13 1 14 121
0 3 3 12 7 9 4
0 3 3 11 13 4 124
0 3 3 11 2 15 12
0 3 3 10 8 10 118
0 3 3 9 14 5 182
0 3 3 9 3 16 86
0 3 3 8 20 0 74
0 3 3 8 9 11 197
0 3 3 7 15 6 154
0 3 3 7 4 17 42
0 3 3 6 21 1 7
0 3 3 6 10 12 144
0 3 3 5 16 7 12
0 3 3 5 5 18 169
0 3 3 4 22 2 2
0 3 3 4 11 13 176
0 3 3 4 0 24 145
0 3 3 3 17 8 33
0 3 3 3 6 19 16
0 3 3 2 23 3 13
0 3 3 2 12 14 149
0 3 3 2 1 25 177
0 3 3 1 18 9 30
0 3 3 1 7 20 55
0 3 3 0 24 4 121
0 3 3 0 13 15 95
0 3 3 0 2 26 38
0 3 2 23 5 1 12
0 3 2 22 0 7 157
0 3 2 21 6 2 16
0 3 2 20 1 8 157
0 3 2 19 7 3 179
0 3 2 18 2 9 180
0 3 2 17 8 4 40
0 3 2 16 3 10 50
0 3 2 15 9 5 11
0 3 2 14 15 0 143
0 3 2 14 4 11 63
0 3 2 13 10 6 154
0 3 2 12 16 1 92
0 3 2 12 5 12 14
0 3 2 11 11 7 74
0 3 2 11 0 18 121
0 3 2 10 17 2 129
0 3 2 10 6 13 128
0 3 2 9 12 8 80
0 3 2 9 1 19 179
0 3 2 8 18 3 83
0 3 2 8 7 14 13
0 3 2 7 13 9 178
0 3 2 7 2 20 57
0 3 2 6 19 4 78
0 3 2 6 8 15 100
0 3 2 5 14 10 8
0 3 2 5 3 21 68
0 3 2 4 20 5 163
0 3 2 4 9 16 69
0 3 2 3 26 0 159
0 3 2 3 15 11 198
0 3 2 3 4 22 98
0 3 2 2 21 6 125
0 3 2 2 10 17 106
0 3 2 1 27 1 135
0 3 2 1 16 12 144
0 3 2 1 5 23 54
0 3 2 0 22 7 61
0 3 2 0 11 18 43
0 3 2 0 0 29 16
0 3 1 29 0 1 26
0 3 1 27 1 2 67
0 3 1 25 2 3 67
0 3 1 23 3 4 159
0 3 1 21 4 5 11
0 3 1 20 10 0 126
0 3 1 19 5 6 20
0 3 1 18 11 1 170
0 3 1 18 0 12 70
0 3 1 17 6 7 3
0 3 1 16 12 2 78
0 3 1 16 1 13 180
0 3 1 15 7 8 189
0 3 1 14 13 3 157
0 3 1 14 2 14 88
0 3 1 13 8 9 140
0 3 1 12 14 4 142
0 3 1 12 3 15 170
0 3 1 11 9 10 108
0 3 1 10 15 5 76
0 3 1 10 4 16 163
0 3 1 9 21 0 130
0 3 1 9 10 11 197
0 3 1 8 16 6 144
0 3 1 8 5 17 74
0 3 1 7 22 1 104
0 3 1 7 11 12 56
0 3 1 7 0 23 1
0 3 1 6 17 7 54
0 3 1 6 6 18 172
0 3 1 5 23 2 17
0 3 1 5 12 13 161
0 3 1 5 1 24 74
0 3 1 4 18 8 192
0 3 1 4 7 19 55
0 3 1 3 24 3 12
0 3 1 3 13 14 39
0 3 1 3 2 25 61
0 3 1 2 19 9 92
0 3 1 2 8 20 27
0 3 1 1 25 4 160
0 3 1 1 14 15 20
0 3 1 1 3 26 12
0 3 1 0 20 10 59
0 3 1 0 9 21 129
0 3 0 26 5 0 126
0 3 0 25 0 6 89
0 3 0 24 6 1 25
0 3 0 23 1 7 132
0 3 0 22 7 2 52
0 3 0 21 2 8 145
0 3 0 20 8 3 92
0 3 0 19 3 9 79
0 3 0 18 9 4 185
0 3 0 17 4 10 169
0 3 0 16 10 5 103
0 3 0 15 16 0 63
0 3 0 15 5 11 56
0 3 0 14 11 6 70
0 3 0 14 0 17 116
0 3 0 13 17 1 156
0 3 0 13 6 12 9
0 3 0 12 12 7 150
0 3 0 12 1 18 58
0 3 0 11 18 2 60
0 3 0 11 7 13 162
0 3 0 10 13 8 32
0 3 0 10 2 19 129
0 3 0 9 19 3 136
0 3 0 9 8 14 107
0 3 0 8 14 9 138
0 3 0 8 3 20 125
0 3 0 7 20 4 117
0 3 0 7 9 15 177
0 3 0 6 15 10 169
0 3 0 6 4 21 16
0 3 0 5 21 5 60
0 3 0 5 10 16 76
0 3 0 4 27 0 48
0 3 0 4 16 11 161
0 3 0 4 5 22 154
0 3 0 3 22 6 185
0 3 0 3 11 17 49
0 3 0 3 0 28 168
0 3 0 2 28 1 113
0 3 0 2 17 12 25
0 3 0 2 6 23 108
0 3 0 1 23 7 8
0 3 0 1 12 18 163
0 3 0 1 1 29 85
0 3 0 0 29 2 60
0 3 0 0 18 13 91
0 3 0 0 7 24 57
0 2 29 2 0 1 9
0 2 29 0 1 2 66
0 2 27 5 0 0 63
0 2 27 3 1 1 3
0 2 27 1 2 2 164
0 2 26 1 0 5 197
0 2 26 0 6 0 133
0 2 25 6 1 0 6
0 2 25 4 2 1 181
0 2 25 2 3 2 20
0 2 25 0 4 3 157
0 2 24 4 0 4 26
0 2 24 2 1 5 46
0 2 24 1 7 0 69
0 2 24 0 2 6 183
0 2 23 7 2 0 145
0 2 23 5 3 1 6
0 2 23 3 4 2 104
0 2 23 1 5 3 96
0 2 23 0 0 9 197
0 2 22 7 0 3 21
0 2 22 5 1 4 52
0 2 22 3 2 5 104
0 2 22 2 8 0 197
0 2 22 1 3 6 171
0 2 22 0 9 1 38
0 2 21 8 3 0 130
0 2 21 6 4 1 1
0 2 21 4 5 2 108
0 2 21 3 0 8 158
0 2 21 2 6 3 114
0 2 21 1 1 9 145
0 2 21 0 7 4 140
0 2 20 10 0 2 161
0 2 20 8 1 3 188
0 2 20 6 2 4 196
0 2 20 4 3 5 14
0 2 20 3 9 0 114
0 2 20 2 4 6 55
0 2 20 1 10 1 34
0 2 20 0 5 7 137
0 2 19 9 4 0 166
0 2 19 7 5 1 192
0 2 19 6 0 7 107
0 2 19 5 6 2 121
0 2 19 4 1 8 14
0 2 19 3 7 3 56
0 2 19 2 2 9 30
0 2 19 1 8 4 193
0 2 19 0 3 10 166
0 2 18 13 0 1 5
0 2 18 11 1 2 180
0 2 18 9 2 3 194
0 2 18 7 3 4 61
0 2 18 5 4 5 33
0 2 18 4 10 0 21
0 2 18 3 5 6 170
0 2 18 2 11 1 96
0 2 18 2 0 12 13
0 2 18 1 6 7 17
0 2 18 0 12 2 31
0 2 18 0 1 13 115
0 2 17 10 5 0 102
0 2 17 9 0 6 44
0 2 17 8 6 1 55
0 2 17 7 1 7 157
0 2 17 6 7 2 96
0 2 17 5 2 8 192
0 2 17 4 8 3 152
0 2 17 3 3 9 120
0 2 17 2 9 4 113
0 2 17 1 4 10 117
0 2 17 0 10 5 44
0 2 16 16 0 0 191
0 2 16 14 1 1 181
0 2 16 12 2 2 29
0 2 16 10 3 3 35
0 2 16 8 4 4 134
0 2 16 6 5 5 163
0 2 16 5 11 0 150
0 2 16 5 0 11 18
0 2 16 4 6 6 124
0 2 16 3 12 1 78
0 2 16 3 1 12 181
0 2 16 2 7 7 117
0 2 16 1 13 2 47
0 2 16 1 2 13 151
0 2 16 0 8 8 143
0 2 15 12 0 5 95
0 2 15 11 6 0 149
0 2 15 10 1 6 54
0 2 15 9 7 1 64
0 2 15 8 2 7 61
0 2 15 7 8 2 160
0 2 15 6 3 8 103
0 2 15 5 9 3 26
0 2 15 4 4 9 35
0 2 15 3 10 4 192
0 2 15 2 5 10 96
0 2 15 1 11 5 189
0 2 15 1 0 16 92
0 2 15 0 17 0 104
0 2 15 0 6 11 21
0 2 14 17 1 0 117
0 2 14 15 2 1 116
0 2 14 13 3 2 120
0 2 14 11 4 3 95
0 2 14 9 5 4 149
0 2 14 8 0 10 80
0 2 14 7 6 5 181
0 2 14 6 12 0 139
0 2 14 6 1 11 109
0 2 14 5 7 6 61
0 2 14 4 13 1 44
0 2 14 4 2 12 198
0 2 14 3 8 7 115
0 2 14 2 14 2 15
0 2 14 2 3 13 100
0 2 14 1 9 8 5
0 2 14 0 15 3 104
0 2 14 0 4 14 182
0 2 13 15 0 4 27
0 2 13 13 1 5 16
0 2 13 12 7 0 157
0 2 13 11 2 6 113
0 2 13 10 8 1 155
0 2 13 9 3 7 60
0 2 13 8 9 2 74
0 2 13 7 4 8 36
0 2 13 6 10 3 179
0 2 13 5 5 9 13
0 2 13 4 11 4 137
0 2 13 4 0 15 54
0 2 13 3 6 10 197
0 2 13 2 12 5 61
0 2 13 2 1 16 114
0 2 13 1 18 0 7
0 2 13 1 7 11 3
0 2 13 0 13 6 18
0 2 13 0 2 17 149
0 2 12 18 2 0 157
0 2 12 16 3 1 116
0 2 12 14 4 2 105
0 2 12 12 5 3 82
0 2 12 11 0 9 161
0 2 12 10 6 4 45
0 2 12 9 1 10 86
0 2 12 8 7 5 134
0 2 12 7 13 0 78
0 2 12 7 2 11 1
0 2 12 6 8 6 40
0 2 12 5 14 1 14
0 2 12 5 3 12 194
0 2 12 4 9 7 91
0 2 12 3 15 2 132
0 2 12 3 4 13 36
0 2 12 2 10 8 110
0 2 12 1 16 3 165
0 2 12 1 5 14 152
0 2 12 0 11 9 45
0 2 12 0 0 20 89
0 2 11 18 0 3 124
0 2 11 16 1 4 51
0 2 11 14 2 5 81
0 2 11 13 8 0 159
0 2 11 12 3 6 8
0 2 11 11 9 1 140
0 2 11 10 4 7 140
0 2 11 9 10 2 133
0 2 11 8 5 8 154
0 2 11 7 11 3 66
0 2 11 7 0 14 75
0 2 11 6 6 9 2
0 2 11 5 12 4 176
0 2 11 5 1 15 128
0 2 11 4 7 10 114
0 2 11 3 13 5 103
0 2 11 3 2 16 69
0 2 11 2 19 0 23
0 2 11 2 8 11 69
0 2 11 1 14 6 94
0 2 11 1 3 17 6
0 2 11 0 20 1 19
0 2 11 0 9 12 77
0 2 10 19 3 0 138
0 2 10 17 4 1 30
0 2 10 15 5 2 82
0 2 10 14 0 8 189
0 2 10 13 6 3 18
0 2 10 12 1 9 144
0 2 10 11 7 4 179
0 2 10 10 2 10 163
0 2 10 9 8 5 170
0 2 10 8 14 0 32
0 2 10 8 3 11 15
0 2 10 7 9 6 42
0 2 10 6 15 1 109
0 2 10 6 4 12 6
0 2 10 5 10 7 2
0 2 10 4 16 2 123
0 2 10 4 5 13 80
0 2 10 3 11 8 165
0 2 10 3 0 19 97
0 2 10 2 17 3 127
0 2 10 2 6 14 101
0 2 10 1 12 9 194
0 2 10 1 1 20 85
0 2 10 0 18 4 66
0 2 10 0 7 15 175
0 2 9 21 0 2 8
0 2 9 19 1 3 103
0 2 9 17 2 4 192
0 2 9 15 3 5 155
0 2 9 14 9 0 97
0 2 9 13 4 6 35
0 2 9 12 10 1 98
0 2 9 11 5 7 144
0 2 9 10 11 2 190
0 2 9 10 0 13 118
0 2 9 9 6 8 18
0 2 9 8 12 3 124
0 2 9 8 1 14 163
0 2 9 7 7 9 172
0 2 9 6 13 4 54
0 2 9 6 2 15 110
0 2 9 5 8 10 119
0 2 9 4 14 5 173
0 2 9 4 3 16 45
0 2 9 3 20 0 89
0 2 9 3 9 11 41
0 2 9 2 15 6 125
0 2 9 2 4 17 186
0 2 9 1 21 1 2
0 2 9 1 10 12 151
0 2 9 0 16 7 106
0 2 9 0 5 18 100
0 2 8 20 4 0 118
0 2 8 18 5 1 131
0 2 8 17 0 7 146
0 2 8 16 6 2 48
0 2 8 14 7 3 134
0 2 8 13 2 9 179
0 2 8 12 8 4 120
0 2 8 11 3 10 190
0 2 8 10 9 5 115
0 2 8 9 15 0 149
0 2 8 9 4 11 13
0 2 8 8 10 6 191
0 2 8 7 16 1 24
0 2 8 7 5 12 139
0 2 8 6 11 7 39
0 2 8 6 0 18 21
0 2 8 5 17 2 42
0 2 8 5 6 13 141
0 2 8 4 12 8 52
0 2 8 4 1 19 56
0 2 8 3 18 3 136
0 2 8 3 7 14 173
0 2 8 2 13 9 26
0 2 8 2 2 20 103
0 2 8 1 19 4 170
0 2 8 1 8 15 50
0 2 8 0 14 10 68
0 2 8 0 3 21 34
0 2 7 24 0 1 110
0 2 7 22 1 2 28
0 2 7 20 2 3 143
0 2 7 18 3 4 24
0 2 7 16 4 5 125
0 2 7 15 10 0 87
0 2 7 14 5 6 129
0 2 7 13 11 1 124
0 2 7 13 0 12 164
0 2 7 12 6 7 10
0 2 7 11 12 2 159
0 2 7 11 1 13 189
0 2 7 10 7 8 133
0 2 7 9 13 3 20
0 2 7 9 2 14 67
0 2 7 8 8 9 180
0 2 7 7 14 4 108
0 2 7 7 3 15 91
0 2 7 6 9 10 157
0 2 7 5 15 5 189
0 2 7 5 4 16 198
0 2 7 4 21 0 53
0 2 7 4 10 11 56
0 2 7 3 16 6 10
0 2 7 3 5 17 48
0 2 7 2 22 1 98
0 2 7 2 11 12 193
0 2 7 2 0 23 52
0 2 7 1 17 7 64
0 2 7 1 6 18 123
0 2 7 0 23 2 12
0 2 7 0 12 13 106
0 2 7 0 1 24 88
0 2 6 21 5 0 77
0 2 6 20 0 6 69
0 2 6 19 6 1 79
0 2 6 18 1 7 104
0 2 6 17 7 2 50
0 2 6 16 2 8 19
0 2 6 15 8 3 71
0 2 6 14 3 9 186
0 2 6 13 9 4 98
0 2 6 12 4 10 142
0 2 6 11 10 5 175
0 2 6 10 16 0 96
0 2 6 10 5 11 33
0 2 6 9 11 6 104
0 2 6 9 0 17 142
0 2 6 8 17 1 158
0 2 6 8 6 12 3
0 2 6 7 12 7 77
0 2 6 7 1 18 128
0 2 6 6 18 2 15
0 2 6 6 7 13 121
0 2 6 5 13 8 27
0 2 6 5 2 19 111
0 2 6 4 19 3 81
0 2 6 4 8 14 72
0 2 6 3 14 9 161
0 2 6 3 3 20 53
0 2 6 2 20 4 64
0 2 6 2 9 15 105
0 2 6 1 15 10 86
0 2 6 1 4 21 176
0 2 6 0 21 5 100
0 2 6 0 10 16 142
0 2 5 27 0 0 60
0 2 5 25 1 1 49
0 2 5 23 2 2 92
0 2 5 21 3 3 2
0 2 5 19 4 4 40
0 2 5 17 5 5 136
0 2 5 16 11 0 24
0 2 5 16 0 11 87
0 2 5 15 6 6 135
0 2 5 14 12 1 3
0 2 5 14 1 12 114
0 2 5 13 7 7 36
0 2 5 12 13 2 98
0 2 5 12 2 13 20
0 2 5 11 8 8 75
0 2 5 10 14 3 86
0 2 5 10 3 14 121
0 2 5 9 9 9 21
0 2 5 8 15 4 44
0 2 5 8 4 15 23
0 2 5 7 10 10 88
0 2 5 6 16 5 95
0 2 5 6 5 16 18
0 2 5 5 22 0 97
0 2 5 5 11 11 6
0 2 5 5 0 22 16
0 2 5 4 17 6 119
0 2 5 4 6 17 115
0 2 5 3 23 1 85
0 2 5 3 12 12 77
0 2 5 3 1 23 66
0 2 5 2 18 7 79
0 2 5 2 7 18 90
0 2 5 1 24 2 151
0 2 5 1 13 13 34
0 2 5 1 2 24 191
0 2 5 0 19 8 152
0 2 5 0 8 19 104
0 2 4 23 0 5 23
0 2 4 22 6 0 61
0 2 4 21 1 6 138
0 2 4 20 7 1 155
0 2 4 19 2 7 72
0 2 4 18 8 2 3
0 2 4 17 3 8 113
0 2 4 16 9 3 22
0 2 4 15 4 9 16
0 2 4 14 10 4 156
0 2 4 13 5 10 179
0 2 4 12 11 5 41
0 2 4 12 0 16 32
0 2 4 11 17 0 81
0 2 4 11 6 11 102
0 2 4 10 12 6 66
0 2 4 10 1 17 19
0 2 4 9 18 1 131
0 2 4 9 7 12 17
0 2 4 8 13 7 111
0 2 4 8 2 18 137
0 2 4 7 19 2 60
0 2 4 7 8 13 181
0 2 4 6 14 8 115
0 2 4 6 3 19 9
0 2 4 5 20 3 27
0 2 4 5 9 14 146
0 2 4 4 15 9 10
0 2 4 4 4 20 121
0 2 4 3 21 4 165
0 2 4 3 10 15 90
0 2 4 2 16 10 12
0 2 4 2 5 21 48
0 2 4 1 22 5 148
0 2 4 1 11 16 134
0 2 4 1 0 27 179
0 2 4 0 28 0 170
0 2 4 0 17 11 159
0 2 4 0 6 22 105
0 2 3 28 1 0 191
0 2 3 26 2 1 45
0 2 3 24 3 2 106
0 2 3 22 4 3 132
0 2 3 20 5 4 117
0 2 3 19 0 10 151
0 2 3 18 6 5 67
0 2 3 17 12 0 41
0 2 3 17 1 11 104
0 2 3 16 7 6 101
0 2 3 15 13 1 51
0 2 3 15 2 12 114
0 2 3 14 8 7 68
0 2 3 13 14 2 121
0 2 3 13 3 13 139
0 2 3 12 9 8 91
0 2 3 11 15 3 40
0 2 3 11 4 14 114
0 2 3 10 10 9 96
0 2 3 9 16 4 167
0 2 3 9 5 15 35
0 2 3 8 11 10 33
0 2 3 8 0 21 172
0 2 3 7 17 5 127
0 2 3 7 6 16 99
0 2 3 6 23 0 51
0 2 3 6 12 11 54
0 2 3 6 1 22 54
0 2 3 5 18 6 16
0 2 3 5 7 17 71
0 2 3 4 24 1 51
0 2 3 4 13 12 88
0 2 3 4 2 23 52
0 2 3 3 19 7 18
0 2 3 3 8 18 165
0 2 3 2 25 2 55
0 2 3 2 14 13 28
0 2 3 2 3 24 154
0 2 3 1 20 8 185
0 2 3 1 9 19 181
0 2 3 0 26 3 198
0 2 3 0 15 14 131
0 2 3 0 4 25 43
0 2 2 26 0 4 4
0 2 2 24 1 5 49
0 2 2 23 7 0 134
0 2 2 22 2 6 165
0 2 2 21 8 1 65
0 2 2 20 3 7 110
0 2 2 19 9 2 125
0 2 2 18 4 8 33
0 2 2 17 10 3 58
0 2 2 16 5 9 73
0 2 2 15 11 4 100
0 2 2 15 0 15 100
0 2 2 14 6 10 197
0 2 2 13 12 5 2
0 2 2 13 1 16 120
0 2 2 12 18 0 94
0 2 2 12 7 11 5
0 2 2 11 13 6 171
0 2 2 11 2 17 26
0 2 2 10 19 1 7
0 2 2 10 8 12 18
0 2 2 9 14 7 133
0 2 2 9 3 18 148
0 2 2 8 20 2 73
0 2 2 8 9 13 40
0 2 2 7 15 8 119
0 2 2 7 4 19 125
0 2 2 6 21 3 104
0 2 2 6 10 14 182
0 2 2 5 16 9 103
0 2 2 5 5 20 19
0 2 2 4 22 4 130
0 2 2 4 11 15 163
0 2 2 4 0 26 71
0 2 2 3 17 10 15
0 2 2 3 6 21 126
0 2 2 2 23 5 46
0 2 2 2 12 16 111
0 2 2 2 1 27 1
0 2 2 1 29 0 74
0 2 2 1 18 11 126
0 2 2 1 7 22 82
0 2 2 0 24 6 57
0 2 2 0 13 17 13
0 2 2 0 2 28 18
0 2 1 29 2 0 97
0 2 1 27 3 1 109
0 2 1 25 4 2 120
0 2 1 23 5 3 109
0 2 1 22 0 9 40
0 2 1 21 6 4 164
0 2 1 20 1 10 5
0 2 1 19 7 5 60
0 2 1 18 13 0 181
0 2 1 18 2 11 103
0 2 1 16 14 1 35
0 2 1 16 3 12 10
0 2 1 15 9 7 101
0 2 1 14 15 2 108
0 2 1 14 4 13 169
0 2 1 13 10 8 170
0 2 1 12 16 3 30
0 2 1 12 5 14 178
0 2 1 11 11 9 29
0 2 1 11 0 20 64
0 2 1 10 17 4 139
0 2 1 10 6 15 157
0 2 1 9 12 10 6
0 2 1 9 1 21 14
0 2 1 8 18 5 99
0 2 1 8 7 16 29
0 2 1 7 24 0 60
0 2 1 7 13 11 148
0 2 1 7 2 22 84
0 2 1 6 19 6 90
0 2 1 6 8 17 124
0 2 1 5 25 1 193
0 2 1 5 14 12 59
0 2 1 5 3 23 160
0 2 1 4 20 7 32
0 2 1 4 9 18 166
0 2 1 3 26 2 85
0 2 1 3 15 13 84
0 2 1 3 4 24 169
0 2 1 2 21 8 165
0 2 1 2 10 19 71
0 2 1 1 27 3 123
0 2 1 1 16 14 23
0 2 1 1 5 25 17
0 2 1 0 22 9 29
0 2 1 0 11 20 167
0 2 1 0 0 31 33
0 2 0 29 0 3 7
0 2 0 27 1 4 181
0 2 0 25 2 5 110
0 2 0 24 8 0 121
0 2 0 23 3 6 112
0 2 0 22 9 1 186
0 2 0 21 4 7 195
0 2 0 20 10 2 125
0 2 0 19 5 8 170
0 2 0 18 11 3 112
0 2 0 18 0 14 125
0 2 0 17 6 9 37
0 2 0 16 12 4 25
0 2 0 16 1 15 87
0 2 0 15 7 10 189
0 2 0 14 13 5 134
0 2 0 14 2 16 103
0 2 0 13 19 0 124
0 2 0 13 8 11 4
0 2 0 12 14 6 136
0 2 0 12 3 17 119
0 2 0 11 20 1 47
0 2 0 11 9 12 185
0 2 0 10 15 7 104
0 2 0 10 4 18 49
0 2 0 9 21 2 186
0 2 0 9 10 13 149
0 2 0 8 16 8 4
0 2 0 8 5 19 114
0 2 0 7 22 3 9
0 2 0 7 11 14 187
0 2 0 7 0 25 180
0 2 0 6 17 9 119
0 2 0 6 6 20 103
0 2 0 5 23 4 165
0 2 0 5 12 15 44
0 2 0 5 1 26 7
0 2 0 4 18 10 113
0 2 0 4 7 21 122
0 2 0 3 24 5 151
0 2 0 3 13 16 80
0 2 0 3 2 27 43
0 2 0 2 30 0 180
0 2 0 2 19 11 7
0 2 0 2 8 22 85
0 2 0 1 25 6 193
0 2 0 1 14 17 10
0 2 0 1 3 28 188
0 2 0 0 31 1 9
0 2 0 0 20 12 2
0 2 0 0 9 23 118
0 1 33 0 0 0 70
0 1 31 1 1 0 77
0 1 29 2 2 0 177
0 1 29 0 3 1 175
0 1 28 2 0 3 29
0 1 28 0 1 4 169
0 1 27 3 3 0 91
0 1 27 1 4 1 130
0 1 26 5 0 2 24
0 1 26 3 1 3 145
0 1 26 1 2 4 135
0 1 25 4 4 0 82
0 1 25 2 5 1 119
0 1 25 1 0 7 82
0 1 25 0 6 2 4
0 1 24 8 0 1 80
0 1 24 6 1 2 32
0 1 24 4 2 3 114
0 1 24 2 3 4 67
0 1 24 0 4 5 166
0 1 23 5 5 0 53
0 1 23 4 0 6 2
0 1 23 3 6 1 36
0 1 23 2 1 7 38
0 1 23 1 7 2 93
0 1 23 0 2 8 125
0 1 22 11 0 0 31
0 1 22 9 1 1 140
0 1 22 7 2 2 193
0 1 22 5 3 3 34
0 1 22 3 4 4 119
0 1 22 1 5 5 52
0 1 22 0 11 0 10
0 1 22 0 0 11 187
0 1 21 7 0 5 78
0 1 21 6 6 0 194
0 1 21 5 1 6 31
0 1 21 4 7 1 46
0 1 21 3 2 7 58
0 1 21 2 8 2 46
0 1 21 1 3 8 86
0 1 21 0 9 3 195
0 1 20 12 1 0 185
0 1 20 10 2 1 66
0 1 20 8 3 2 160
0 1 20 6 4 3 47
0 1 20 4 5 4 94
0 1 20 3 0 10 174
0 1 20 2 6 5 167
0 1 20 1 12 0 180
0 1 20 0 7 6 91
0 1 19 10 0 4 166
0 1 19 8 1 5 25
0 1 19 7 7 0 176
0 1 19 6 2 6 24
0 1 19 5 8 1 95
0 1 19 4 3 7 196
0 1 19 3 9 2 146
0 1 19 2 4 8 128
0 1 19 1 10 3 172
0 1 19 0 5 9 113
0 1 18 13 2 0 73
0 1 18 11 3 1 72
0 1 18 9 4 2 97
0 1 18 7 5 3 174
0 1 18 6 0 9 123
0 1 18 5 6 4 83
0 1 18 4 1 10 182
0 1 18 3 7 5 121
0 1 18 2 13 0 3
0 1 18 2 2 11 94
0 1 18 1 8 6 187
0 1 18 0 14 1 38
0 1 18 0 3 12 175
0 1 17 13 0 3 36
0 1 17 11 1 4 68
0 1 17 9 2 5 80
0 1 17 8 8 0 149
0 1 17 7 3 6 99
0 1 17 6 9 1 97
0 1 17 5 4 7 102
0 1 17 4 10 2 91
0 1 17 3 5 8 161
0 1 17 2 11 3 126
0 1 17 2 0 14 24
0 1 17 1 6 9 50
0 1 17 0 12 4 171
0 1 17 0 1 15 109
0 1 16 14 3 0 76
0 1 16 12 4 1 98
0 1 16 10 5 2 71
0 1 16 9 0 8 2
0 1 16 8 6 3 105
0 1 16 7 1 9 190
0 1 16 6 7 4 193
0 1 16 5 2 10 36
0 1 16 4 8 5 125
0 1 16 3 14 0 135
0 1 16 3 3 11 72
0 1 16 2 9 6 66
0 1 16 1 15 1 165
0 1 16 1 4 12 14
0 1 16 0 10 7 124
0 1 15 16 0 2 58
0 1 15 14 1 3 8
0 1 15 12 2 4 28
0 1 15 10 3 5 136
0 1 15 9 9 0 48
0 1 15 8 4 6 82
0 1 15 7 10 1 124
0 1 15 6 5 7 89
0 1 15 5 11 2 7
0 1 15 5 0 13 48
0 1 15 4 6 8 162
0 1 15 3 12 3 128
0 1 15 3 1 14 155
0 1 15 2 7 9 167
0 1 15 1 13 4 147
0 1 15 1 2 15 180
0 1 15 0 8 10 166
0 1 14 15 4 0 157
0 1 14 13 5 1 110
0 1 14 12 0 7 109
0 1 14 11 6 2 108
0 1 14 10 1 8 38
0 1 14 9 7 3 97
0 1 14 8 2 9 140
0 1 14 7 8 4 57
0 1 14 6 3 10 124
0 1 14 5 9 5 10
0 1 14 4 15 0 13
0 1 14 4 4 11 43
0 1 14 3 10 6 60
0 1 14 2 16 1 74
0 1 14 2 5 12 147
0 1 14 1 11 7 170
0 1 14 1 0 18 174
0 1 14 0 17 2 63
0 1 14 0 6 13 181
0 1 13 19 0 1 25
0 1 13 17 1 2 105
0 1 13 15 2 3 45
0 1 13 13 3 4 17
0 1 13 11 4 5 84
0 1 13 10 10 0 9
0 1 13 9 5 6 122
0 1 13 8 11 1 43
0 1 13 8 0 12 1
0 1 13 7 6 7 71
0 1 13 6 12 2 197
0 1 13 6 1 13 143
0 1 13 5 7 8 18
0 1 13 4 13 3 33
0 1 13 4 2 14 128
0 1 13 3 8 9 87
0 1 13 2 14 4 33
0 1 13 2 3 15 7
0 1 13 1 9 10 61
0 1 13 0 15 5 166
0 1 13 0 4 16 49
0 1 12 16 5 0 50
0 1 12 15 0 6 99
0 1 12 14 6 1 76
0 1 12 13 1 7 77
0 1 12 12 7 2 125
0 1 12 11 2 8 38
0 1 12 10 8 3 84
0 1 12 9 3 9 39
0 1 12 8 9 4 37
0 1 12 7 4 10 171
0 1 12 6 10 5 172
0 1 12 5 16 0 21
0 1 12 5 5 11 70
0 1 12 4 11 6 64
0 1 12 4 0 17 109
0 1 12 3 17 1 64
0 1 12 3 6 12 69
0 1 12 2 12 7 196
0 1 12 2 1 18 40
0 1 12 1 18 2 26
0 1 12 1 7 13 122
0 1 12 0 13 8 66
0 1 12 0 2 19 141
0 1 11 22 0 0 147
0 1 11 20 1 1 62
0 1 11 18 2 2 47
0 1 11 16 3 3 23
0 1 11 14 4 4 77
0 1 11 12 5 5 72
0 1 11 11 11 0 54
0 1 11 11 0 11 120
0 1 11 10 6 6 144
0 1 11 9 12 1 177
0 1 11 9 1 12 189
0 1 11 8 7 7 53
0 1 11 7 13 2 65
0 1 11 7 2 13 185
0 1 11 6 8 8 5
0 1 11 5 14 3 154
0 1 11 5 3 14 136
0 1 11 4 9 9 73
0 1 11 3 15 4 38
0 1 11 3 4 15 148
0 1 11 2 10 10 120
0 1 11 1 16 5 16
0 1 11 1 5 16 27
0 1 11 0 22 0 197
0 1 11 0 11 11 20
0 1 11 0 0 22 195
0 1 10 18 0 5 92
0 1 10 17 6 0 188
0 1 10 16 1 6 73
0 1 10 15 7 1 141
0 1 10 14 2 7 156
0 1 10 13 8 2 157
0 1 10 12 3 8 121
0 1 10 11 9 3 7
0 1 10 10 4 9 15
0 1 10 9 10 4 95
0 1 10 8 5 10 36
0 1 10 7 11 5 57
0 1 10 7 0 16 29
0 1 10 6 17 0 73
0 1 10 6 6 11 198
0 1 10 5 12 6 68
0 1 10 5 1 17 171
0 1 10 4 18 1 11
0 1 10 4 7 12 97
0 1 10 3 13 7 97
0 1 10 3 2 18 111
0 1 10 2 19 2 34
0 1 10 2 8 13 191
0 1 10 1 14 8 114
0 1 10 1 3 19 54
0 1 10 0 20 3 47
0 1 10 0 9 14 41
0 1 9 23 1 0 170
0 1 9 21 2 1 6
0 1 9 19 3 2 5
0 1 9 17 4 3 131
0 1 9 15 5 4 141
0 1 9 14 0 10 86
0 1 9 13 6 5 63
0 1 9 12 12 0 134
0 1 9 12 1 11 69
0 1 9 11 7 6 74
0 1 9 10 13 1 25
0 1 9 10 2 12 14
0 1 9 9 8 7 17
0 1 9 8 14 2 114
0 1 9 8 3 13 47
0 1 9 7 9 8 33
0 1 9 6 15 3 170
0 1 9 6 4 14 40
0 1 9 5 10 9 50
0 1 9 4 16 4 161
0 1 9 4 5 15 150
0 1 9 3 11 10 148
0 1 9 3 0 21 15
0 1 9 2 17 5 86
0 1 9 2 6 16 165
0 1 9 1 23 0 55
0 1 9 1 12 11 23
0 1 9 1 1 22 40
0 1 9 0 18 6 63
0 1 9 0 7 17 73
0 1 8 21 0 4 122
0 1 8 19 1 5 12
0 1 8 18 7 0 15
0 1 8 17 2 6 17
0 1 8 16 8 1 108
0 1 8 15 3 7 190
0 1 8 14 9 2 89
0 1 8 13 4 8 88
0 1 8 12 10 3 140
0 1 8 11 5 9 136
0 1 8 10 11 4 52
0 1 8 10 0 15 96
0 1 8 9 6 10 80
0 1 8 8 12 5 27
0 1 8 8 1 16 87
0 1 8 7 18 0 192
0 1 8 7 7 11 34
0 1 8 6 13 6 1
0 1 8 6 2 17 1
0 1 8 5 19 1 111
0 1 8 5 8 12 147
0 1 8 4 14 7 105
0 1 8 4 3 18 77
0 1 8 3 20 2 111
0 1 8 3 9 13 114
0 1 8 2 15 8 108
0 1 8 2 4 19 147
0 1 8 1 21 3 43
0 1 8 1 10 14 118
0 1 8 0 16 9 186
0 1 8 0 5 20 82
0 1 7 24 2 0 92
0 1 7 22 3 1 131
0 1 7 20 4 2 117
0 1 7 18 5 3 84
0 1 7 17 0 9 81
0 1 7 16 6 4 196
0 1 7 15 1 10 24
0 1 7 14 7 5 93
0 1 7 13 13 0 58
0 1 7 13 2 11 99
0 1 7 12 8 6 5
0 1 7 11 14 1 101
0 1 7 11 3 12 173
0 1 7 10 9 7 161
0 1 7 9 15 2 99
0 1 7 9 4 13 168
0 1 7 8 10 8 22
0 1 7 7 16 3 151
0 1 7 7 5 14 191
0 1 7 6 11 9 150
0 1 7 6 0 20 9
0 1 7 5 17 4 51
0 1 7 5 6 15 136
0 1 7 4 12 10 150
0 1 7 4 1 21 162
0 1 7 3 18 5 195
0 1 7 3 7 16 4
0 1 7 2 24 0 18
0 1 7 2 13 11 147
0 1 7 2 2 22 79
0 1 7 1 19 6 160
0 1 7 1 8 17 39
0 1 7 0 25 1 5
0 1 7 0 14 12 153
0 1 7 0 3 23 198
0 1 6 24 0 3 21
0 1 6 22 1 4 15
0 1 6 20 2 5 44
0 1 6 19 8 0 193
0 1 6 18 3 6 94
0 1 6 17 9 1 38
0 1 6 16 4 7 84
0 1 6 15 10 2 3
0 1 6 14 5 8 6
0 1 6 13 11 3 59
0 1 6 13 0 14 168
0 1 6 12 6 9 49
0 1 6 11 12 4 3
0 1 6 11 1 15 24
0 1 6 10 7 10 20
0 1 6 9 13 5 3
0 1 6 9 2 16 38
0 1 6 8 19 0 33
0 1 6 8 8 11 152
0 1 6 7 14 6 16
0 1 6 7 3 17 106
0 1 6 6 20 1 113
0 1 6 6 9 12 13
0 1 6 5 15 7 102
0 1 6 5 4 18 59
0 1 6 4 21 2 72
0 1 6 4 10 13 176
0 1 6 3 16 8 25
0 1 6 3 5 19 176
0 1 6 2 22 3 192
0 1 6 2 11 14 185
0 1 6 2 0 25 109
0 1 6 1 17 9 190
0 1 6 1 6 20 61
0 1 6 0 23 4 6
0 1 6 0 12 15 25
0 1 6 0 1 26 164
0 1 5 25 3 0 46
0 1 5 23 4 1 147
0 1 5 21 5 2 117
0 1 5 20 0 8 166
0 1 5 19 6 3 3
0 1 5 18 1 9 36
0 1 5 17 7 4 193
0 1 5 16 2 10 62
0 1 5 15 8 5 31
0 1 5 14 14 0 152
0 1 5 13 9 6 138
0 1 5 12 15 1 78
0 1 5 12 4 12 15
0 1 5 11 10 7 144
0 1 5 10 16 2 25
0 1 5 10 5 13 48
0 1 5 9 11 8 89
0 1 5 9 0 19 162
0 1 5 8 17 3 149
0 1 5 8 6 14 45
0 1 5 7 12 9 60
0 1 5 7 1 20 97
0 1 5 6 18 4 15
0 1 5 6 7 15 133
0 1 5 5 13 10 99
0 1 5 5 2 21 90
0 1 5 4 19 5 60
0 1 5 4 8 16 106
0 1 5 3 25 0 38
0 1 5 3 14 11 25
0 1 5 3 3 22 6
0 1 5 2 20 6 177
0 1 5 2 9 17 160
0 1 5 1 26 1 43
0 1 5 1 15 12 153
0 1 5 1 4 23 80
0 1 5 0 21 7 24
0 1 5 0 10 18 93
0 1 4 27 0 2 29
0 1 4 25 1 3 146
0 1 4 23 2 4 147
0 1 4 21 3 5 186
0 1 4 20 9 0 58
0 1 4 19 4 6 119
0 1 4 18 10 1 116
0 1 4 17 5 7 19
0 1 4 16 11 2 63
0 1 4 16 0 13 28
0 1 4 15 6 8 77
0 1 4 14 12 3 128
0 1 4 14 1 14 31
0 1 4 13 7 9 108
0 1 4 12 13 4 194
0 1 4 12 2 15 138
0 1 4 11 8 10 162
0 1 4 10 14 5 3
0 1 4 10 3 16 131
0 1 4 9 20 0 164
0 1 4 9 9 11 157
0 1 4 8 15 6 10
0 1 4 8 4 17 33
0 1 4 7 21 1 43
0 1 4 7 10 12 188
0 1 4 6 16 7 144
0 1 4 6 5 18 165
0 1 4 5 22 2 48
0 1 4 5 11 13 37
0 1 4 5 0 24 3
0 1 4 4 17 8 65
0 1 4 4 6 19 18
0 1 4 3 23 3 198
0 1 4 3 12 14 108
0 1 4 3 1 25 3
0 1 4 2 18 9 115
0 1 4 2 7 20 179
0 1 4 1 24 4 144
0 1 4 1 13 15 115
0 1 4 1 2 26 13
0 1 4 0 19 10 77
0 1 4 0 8 21 83
0 1 3 26 4 0 113
0 1 3 24 5 1 182
0 1 3 23 0 7 103
0 1 3 22 6 2 59
0 1 3 21 1 8 92
0 1 3 20 7 3 22
0 1 3 19 2 9 16
0 1 3 18 8 4 196
0 1 3 17 3 10 130
0 1 3 16 9 5 146
0 1 3 15 15 0 74
0 1 3 15 4 11 66
0 1 3 14 10 6 92
0 1 3 13 16 1 145
0 1 3 13 5 12 156
0 1 3 12 11 7 188
0 1 3 12 0 18 186
0 1 3 11 17 2 33
0 1 3 11 6 13 8
0 1 3 10 12 8 88
0 1 3 10 1 19 79
0 1 3 9 18 3 119
0 1 3 9 7 14 71
0 1 3 8 13 9 31
0 1 3 8 2 20 116
0 1 3 7 19 4 146
0 1 3 7 8 15 3
0 1 3 6 14 10 68
0 1 3 6 3 21 40
0 1 3 5 20 5 141
0 1 3 5 9 16 142
0 1 3 4 26 0 13
0 1 3 4 15 11 73
0 1 3 4 4 22 165
0 1 3 3 21 6 184
0 1 3 3 10 17 194
0 1 3 2 27 1 183
0 1 3 2 16 12 12
0 1 3 2 5 23 102
0 1 3 1 22 7 178
0 1 3 1 11 18 153
0 1 3 1 0 29 163
0 1 3 0 28 2 163
0 1 3 0 17 13 76
0 1 3 0 6 24 139
0 1 2 30 0 1 54
0 1 2 28 1 2 153
0 1 2 26 2 3 91
0 1 2 24 3 4 73
0 1 2 22 4 5 138
0 1 2 21 10 0 25
0 1 2 20 5 6 30
0 1 2 19 11 1 93
0 1 2 19 0 12 75
0 1 2 18 6 7 91
0 1 2 17 12 2 169
0 1 2 17 1 13 48
0 1 2 16 7 8 174
0 1 2 15 13 3 184
0 1 2 15 2 14 148
0 1 2 14 8 9 198
0 1 2 13 14 4 22
0 1 2 13 3 15 138
0 1 2 12 9 10 45
0 1 2 11 15 5 108
0 1 2 11 4 16 180
0 1 2 10 21 0 129
0 1 2 10 10 11 28
0 1 2 9 16 6 151
0 1 2 9 5 17 70
0 1 2 8 22 1 130
0 1 2 8 11 12 128
0 1 2 8 0 23 178
0 1 2 7 17 7 121
0 1 2 7 6 18 35
0 1 2 6 23 2 137
0 1 2 6 12 13 89
0 1 2 6 1 24 193
0 1 2 5 18 8 84
0 1 2 5 7 19 17
0 1 2 4 24 3 155
0 1 2 4 13 14 121
0 1 2 4 2 25 47
0 1 2 3 19 9 131
0 1 2 3 8 20 144
0 1 2 2 25 4 153
0 1 2 2 14 15 141
0 1 2 2 3 26 38
0 1 2 1 20 10 21
0 1 2 1 9 21 192
0 1 2 0 26 5 71
0 1 2 0 15 16 156
0 1 2 0 4 27 160
0 1 1 27 5 0 53
0 1 1 26 0 6 164
0 1 1 25 6 1 15
0 1 1 24 1 7 162
0 1 1 23 7 2 39
0 1 1 22 2 8 195
0 1 1 21 8 3 144
0 1 1 20 3 9 40
0 1 1 19 9 4 189
0 1 1 18 4 10 84
0 1 1 17 10 5 64
0 1 1 16 16 0 119
0 1 1 16 5 11 106
0 1 1 15 11 6 95
0 1 1 15 0 17 69
0 1 1 14 17 1 22
0 1 1 14 6 12 115
0 1 1 13 12 7 190
0 1 1 13 1 18 172
0 1 1 12 18 2 82
0 1 1 12 7 13 104
0 1 1 11 13 8 97
0 1 1 11 2 19 40
0 1 1 10 19 3 170
0 1 1 10 8 14 113
0 1 1 9 14 9 34
0 1 1 9 3 20 62
0 1 1 8 20 4 60
0 1 1 8 9 15 53
0 1 1 7 15 10 25
0 1 1 7 4 21 151
0 1 1 6 21 5 58
0 1 1 6 10 16 77
0 1 1 5 27 0 18
0 1 1 5 16 11 65
0 1 1 5 5 22 19
0 1 1 4 22 6 60
0 1 1 4 11 17 146
0 1 1 4 0 28 50
0 1 1 3 28 1 99
0 1 1 3 17 12 111
0 1 1 3 6 23 147
0 1 1 2 23 7 2
0 1 1 2 12 18 8
0 1 1 2 1 29 122
0 1 1 1 29 2 109
0 1 1 1 18 13 64
0 1 1 1 7 24 82
0 1 1 0 24 8 47
0 1 1 0 13 19 138
0 1 1 0 2 30 169
0 1 0 31 1 1 178
0 1 0 29 2 2 33
0 1 0 27 3 3 134
0 1 0 25 4 4 157
0 1 0 23 5 5 173
0 1 0 22 11 0 118
0 1 0 22 0 11 187
0 1 0 21 6 6 25
0 1 0 20 12 1 136
0 1 0 20 1 12 32
0 1 0 19 7 7 112
0 1 0 18 13 2 94
0 1 0 18 2 13 171
0 1 0 17 8 8 165
0 1 0 16 14 3 51
0 1 0 16 3 14 128
0 1 0 15 9 9 146
0 1 0 14 15 4 160
0 1 0 14 4 15 185
0 1 0 13 10 10 101
0 1 0 12 16 5 198
0 1 0 12 5 16 27
0 1 0 11 22 0 62
0 1 0 11 11 11 142
0 1 0 11 0 22 40
0 1 0 10 17 6 164
0 1 0 10 6 17 172
0 1 0 9 23 1 44
0 1 0 9 12 12 120
0 1 0 9 1 23 17
0 1 0 8 18 7 183
0 1 0 8 7 18 50
0 1 0 7 24 2 143
0 1 0 7 13 13 13
0 1 0 7 2 24 114
0 1 0 6 19 8 128
0 1 0 6 8 19 35
0 1 0 5 25 3 198
0 1 0 5 14 14 62
0 1 0 5 3 25 63
0 1 0 4 20 9 8
0 1 0 4 9 20 142
0 1 0 3 26 4 109
0 1 0 3 15 15 65
0 1 0 3 4 26 135
0 1 0 2 21 10 166
0 1 0 2 10 21 127
0 1 0 1 27 5 89
0 1 0 1 16 16 36
0 1 0 1 5 27 92
0 1 0 0 33 0 44
0 1 0 0 22 11 73
0 1 0 0 11 22 161
0 0 32 0 0 2 137
0 0 30 1 1 2 64
0 0 29 0 5 0 4
0 0 28 6 0 0 191
0 0 28 4 1 1 186
0 0 28 2 2 2 104
0 0 28 0 3 3 23
0 0 27 1 6 0 90
0 0 27 0 1 6 4
0 0 26 7 1 0 154
0 0 26 5 2 1 188
0 0 26 3 3 2 34
0 0 26 1 4 3 48
0 0 25 5 0 4 176
0 0 25 3 1 5 143
0 0 25 2 7 0 23
0 0 25 1 2 6 124
0 0 25 0 8 1 119
0 0 24 8 2 0 121
0 0 24 6 3 1 42
0 0 24 4 4 2 51
0 0 24 2 5 3 85
0 0 24 1 0 9 125
0 0 24 0 6 4 169
0 0 23 8 0 3 160
0 0 23 6 1 4 111
0 0 23 4 2 5 165
0 0 23 3 8 0 184
0 0 23 2 3 6 53
0 0 23 1 9 1 109
0 0 23 0 4 7 72
0 0 22 9 3 0 77
0 0 22 7 4 1 43
0 0 22 5 5 2 193
0 0 22 4 0 8 104
0 0 22 3 6 3 49
0 0 22 1 7 4 85
0 0 22 0 2 10 18
0 0 21 11 0 2 150
0 0 21 9 1 3 14
0 0 21 7 2 4 144
0 0 21 5 3 5 75
0 0 21 4 9 0 40
0 0 21 3 4 6 182
0 0 21 2 10 1 3
0 0 21 1 5 7 108
0 0 21 0 11 2 136
0 0 21 0 0 13 26
0 0 20 10 4 0 72
0 0 20 8 5 1 125
0 0 20 7 0 7 13
0 0 20 6 6 2 169
0 0 20 5 1 8 154
0 0 20 4 7 3 154
0 0 20 3 2 9 5
0 0 20 2 8 4 92
0 0 20 1 3 10 186
0 0 20 0 9 5 113
0 0 19 14 0 1 20
0 0 19 12 1 2 159
0 0 19 10 2 3 193
0 0 19 8 3 4 145
0 0 19 6 4 5 198
0 0 19 5 10 0 86
0 0 19 4 5 6 56
0 0 19 3 11 1 78
0 0 19 3 0 12 59
0 0 19 2 6 7 39
0 0 19 1 12 2 99
0 0 19 1 1 13 78
0 0 19 0 7 8 39
0 0 18 11 5 0 194
0 0 18 10 0 6 102
0 0 18 9 6 1 68
0 0 18 8 1 7 167
0 0 18 7 7 2 155
0 0 18 6 2 8 114
0 0 18 5 8 3 192
0 0 18 4 3 9 80
0 0 18 3 9 4 84
0 0 18 2 4 10 173
0 0 18 1 10 5 183
0 0 18 0 16 0 116
0 0 18 0 5 11 20
0 0 17 17 0 0 143
0 0 17 15 1 1 68
0 0 17 13 2 2 188
0 0 17 11 3 3 104
0 0 17 9 4 4 191
0 0 17 7 5 5 75
0 0 17 6 11 0 89
0 0 17 6 0 11 3
0 0 17 5 6 6 145
0 0 17 4 12 1 134
0 0 17 4 1 12 27
0 0 17 3 7 7 2
0 0 17 2 13 2 103
0 0 17 2 2 13 97
0 0 17 1 8 8 94
0 0 17 0 14 3 192
0 0 17 0 3 14 64
0 0 16 13 0 5 132
0 0 16 12 6 0 10
0 0 16 11 1 6 38
0 0 16 10 7 1 49
0 0 16 9 2 7 133
0 0 16 8 8 2 151
0 0 16 7 3 8 11
0 0 16 6 9 3 44
0 0 16 5 4 9 154
0 0 16 4 10 4 112
0 0 16 3 5 10 8
0 0 16 2 11 5 85
0 0 16 2 0 16 170
0 0 16 1 17 0 40
0 0 16 1 6 11 22
0 0 16 0 1 17 82
0 0 15 18 1 0 93
0 0 15 16 2 1 102
0 0 15 14 3 2 146
0 0 15 12 4 3 151
0 0 15 10 5 4 156
0 0 15 9 0 10 91
0 0 15 8 6 5 172
0 0 15 7 12 0 95
0 0 15 7 1 11 73
0 0 15 6 7 6 14
0 0 15 5 13 1 1
0 0 15 5 2 12 60
0 0 15 4 8 7 129
0 0 15 3 14 2 124
0 0 15 3 3 13 110
0 0 15 2 9 8 113
0 0 15 1 15 3 136
0 0 15 1 4 14 88
0 0 15 0 10 9 40
0 0 14 16 0 4 21
0 0 14 14 1 5 186
0 0 14 13 7 0 19
0 0 14 12 2 6 131
0 0 14 11 8 1 176
0 0 14 10 3 7 134
0 0 14 9 9 2 120
0 0 14 8 4 8 187
0 0 14 7 10 3 24
0 0 14 6 5 9 88
0 0 14 5 11 4 156
0 0 14 5 0 15 182
0 0 14 4 6 10 9
0 0 14 3 12 5 71
0 0 14 3 1 16 156
0 0 14 2 18 0 149
0 0 14 2 7 11 145
0 0 14 1 13 6 91
0 0 14 1 2 17 134
0 0 14 0 19 1 17
0 0 14 0 8 12 56
0 0 13 19 2 0 184
0 0 13 17 3 1 168
0 0 13 15 4 2 3
0 0 13 13 5 3 48
0 0 13 12 0 9 124
0 0 13 11 6 4 29
0 0 13 10 1 10 17
0 0 13 9 7 5 41
0 0 13 8 13 0 182
0 0 13 8 2 11 65
0 0 13 7 8 6 129
0 0 13 6 14 1 52
0 0 13 6 3 12 196
0 0 13 5 9 7 86
0 0 13 4 15 2 114
0 0 13 4 4 13 1
0 0 13 3 10 8 92
0 0 13 2 16 3 50
0 0 13 2 5 14 165
0 0 13 1 11 9 169
0 0 13 1 0 20 71
0 0 13 0 17 4 138
0 0 13 0 6 15 130
0 0 12 19 0 3 118
0 0 12 17 1 4 179
0 0 12 15 2 5 6
0 0 12 14 8 0 52
0 0 12 13 3 6 94
0 0 12 12 9 1 115
0 0 12 11 4 7 131
0 0 12 10 10 2 180
0 0 12 9 5 8 65
0 0 12 8 11 3 39
0 0 12 8 0 14 99
0 0 12 7 6 9 167
0 0 12 6 12 4 58
0 0 12 6 1 15 175
0 0 12 5 7 10 93
0 0 12 4 13 5 103
0 0 12 4 2 16 106
0 0 12 3 19 0 179
0 0 12 3 8 11 80
0 0 12 2 14 6 164
0 0 12 2 3 17 113
0 0 12 1 20 1 192
0 0 12 1 9 12 83
0 0 12 0 15 7 110
0 0 12 0 4 18 116
0 0 11 20 3 0 53
0 0 11 18 4 1 46
0 0 11 16 5 2 91
0 0 11 15 0 8 162
0 0 11 14 6 3 73
0 0 11 13 1 9 123
0 0 11 12 7 4 110
0 0 11 11 2 10 15
0 0 11 10 8 5 69
0 0 11 9 14 0 38
0 0 11 9 3 11 29
0 0 11 8 9 6 82
0 0 11 7 15 1 39
0 0 11 7 4 12 90
0 0 11 6 10 7 13
0 0 11 5 16 2 135
0 0 11 5 5 13 87
0 0 11 4 11 8 175
0 0 11 4 0 19 195
0 0 11 3 17 3 112
0 0 11 3 6 14 80
0 0 11 2 12 9 106
0 0 11 2 1 20 97
0 0 11 1 18 4 5
0 0 11 1 7 15 135
0 0 11 0 13 10 83
0 0 11 0 2 21 171
0 0 10 22 0 2 148
0 0 10 20 1 3 68
0 0 10 18 2 4 52
0 0 10 16 3 5 92
0 0 10 15 9 0 41
0 0 10 14 4 6 118
0 0 10 13 10 1 181
0 0 10 12 5 7 101
0 0 10 11 11 2 103
0 0 10 11 0 13 141
0 0 10 10 6 8 35
0 0 10 9 12 3 147
0 0 10 9 1 14 39
0 0 10 8 7 9 117
0 0 10 7 13 4 133
0 0 10 7 2 15 101
0 0 10 6 8 10 78
0 0 10 5 14 5 186
0 0 10 5 3 16 145
0 0 10 4 20 0 140
0 0 10 4 9 11 27
0 0 10 3 15 6 10
0 0 10 3 4 17 3
0 0 10 2 21 1 3
0 0 10 2 10 12 191
0 0 10 1 16 7 181
0 0 10 1 5 18 188
0 0 10 0 22 2 156
0 0 10 0 11 13 12
0 0 10 0 0 24 183
0 0 9 21 4 0 9
0 0 9 19 5 1 127
0 0 9 18 0 7 83
0 0 9 17 6 2 192
0 0 9 16 1 8 12
0 0 9 15 7 3 189
0 0 9 14 2 9 177
0 0 9 13 8 4 82
0 0 9 12 3 10 89
0 0 9 11 9 5 188
0 0 9 10 15 0 133
0 0 9 10 4 11 81
0 0 9 9 10 6 94
0 0 9 8 16 1 91
0 0 9 8 5 12 7
0 0 9 7 11 7 150
0 0 9 7 0 18 135
0 0 9 6 17 2 143
0 0 9 6 6 13 164
0 0 9 5 12 8 16
0 0 9 5 1 19 18
0 0 9 4 18 3 34
0 0 9 4 7 14 140
0 0 9 3 13 9 15
0 0 9 3 2 20 165
0 0 9 2 19 4 23
0 0 9 2 8 15 119
0 0 9 1 14 10 24
0 0 9 1 3 21 43
0 0 9 0 20 5 96
0 0 9 0 9 16 6
0 0 8 25 0 1 100
0 0 8 23 1 2 179
0 0 8 21 2 3 90
0 0 8 19 3 4 93
0 0 8 17 4 5 158
0 0 8 16 10 0 60
0 0 8 15 5 6 182
0 0 8 14 11 1 151
0 0 8 14 0 12 127
0 0 8 13 6 7 34
0 0 8 12 12 2 179
0 0 8 12 1 13 183
0 0 8 11 7 8 197
0 0 8 10 13 3 131
0 0 8 10 2 14 188
0 0 8 9 8 9 156
0 0 8 8 14 4 98
0 0 8 8 3 15 16
0 0 8 7 9 10 148
0 0 8 6 15 5 198
0 0 8 6 4 16 86
0 0 8 5 21 0 111
0 0 8 5 10 11 122
0 0 8 4 16 6 192
0 0 8 4 5 17 92
0 0 8 3 22 1 147
0 0 8 3 11 12 130
0 0 8 3 0 23 91
0 0 8 2 17 7 137
0 0 8 2 6 18 26
0 0 8 1 23 2 167
0 0 8 1 12 13 2
0 0 8 1 1 24 135
0 0 8 0 18 8 36
0 0 8 0 7 19 58
0 0 7 22 5 0 128
0 0 7 21 0 6 46
0 0 7 20 6 1 54
0 0 7 19 1 7 78
0 0 7 18 7 2 38
0 0 7 17 2 8 111
0 0 7 16 8 3 102
0 0 7 15 3 9 71
0 0 7 14 9 4 2
0 0 7 13 4 10 105
0 0 7 12 10 5 16
0 0 7 11 16 0 53
0 0 7 11 5 11 24
0 0 7 10 11 6 161
0 0 7 10 0 17 82
0 0 7 9 17 1 58
0 0 7 9 6 12 46
0 0 7 8 12 7 94
0 0 7 8 1 18 142
0 0 7 7 18 2 20
0 0 7 7 7 13 34
0 0 7 6 13 8 158
0 0 7 6 2 19 35
0 0 7 5 19 3 195
0 0 7 5 8 14 8
0 0 7 4 14 9 142
0 0 7 4 3 20 189
0 0 7 3 20 4 37
0 0 7 3 9 15 78
0 0 7 2 15 10 80
0 0 7 2 4 21 60
0 0 7 1 21 5 157
0 0 7 1 10 16 10
0 0 7 0 27 0 2
0 0 7 0 16 11 16
0 0 7 0 5 22 49
0 0 6 28 0 0 110
0 0 6 26 1 1 189
0 0 6 24 2 2 32
0 0 6 22 3 3 86
0 0 6 20 4 4 125
0 0 6 18 5 5 97
0 0 6 17 11 0 148
0 0 6 17 0 11 26
0 0 6 16 6 6 49
0 0 6 15 12 1 64
0 0 6 15 1 12 149
0 0 6 14 7 7 42
0 0 6 13 13 2 2
0 0 6 13 2 13 160
0 0 6 12 8 8 98
0 0 6 11 14 3 167
0 0 6 11 3 14 117
0 0 6 10 9 9 183
0 0 6 9 15 4 50
0 0 6 9 4 15 139
0 0 6 8 10 10 179
0 0 6 7 16 5 66
0 0 6 7 5 16 191
0 0 6 6 22 0 120
0 0 6 6 11 11 69
0 0 6 6 0 22 149
0 0 6 5 17 6 131
0 0 6 5 6 17 164
0 0 6 4 23 1 105
0 0 6 4 12 12 164
0 0 6 4 1 23 193
0 0 6 3 18 7 139
0 0 6 3 7 18 149
0 0 6 2 24 2 181
0 0 6 2 13 13 108
0 0 6 2 2 24 118
0 0 6 1 19 8 128
0 0 6 1 8 19 66
0 0 6 0 25 3 94
0 0 6 0 14 14 75
0 0 6 0 3 25 92
0 0 5 24 0 5 148
0 0 5 23 6 0 1
0 0 5 22 1 6 31
0 0 5 21 7 1 53
0 0 5 20 2 7 160
0 0 5 19 8 2 175
0 0 5 18 3 8 6
0 0 5 17 9 3 60
0 0 5 16 4 9 100
0 0 5 15 10 4 55
0 0 5 14 5 10 92
0 0 5 13 11 5 18
0 0 5 13 0 16 153
0 0 5 12 17 0 67
0 0 5 12 6 11 38
0 0 5 11 12 6 102
0 0 5 11 1 17 120
0 0 5 10 18 1 100
0 0 5 10 7 12 168
0 0 5 9 13 7 91
0 0 5 9 2 18 27
0 0 5 8 19 2 14
0 0 5 8 8 13 43
0 0 5 7 14 8 129
0 0 5 7 3 19 180
0 0 5 6 20 3 162
0 0 5 6 9 14 153
0 0 5 5 15 9 150
0 0 5 5 4 20 192
0 0 5 4 21 4 66
0 0 5 4 10 15 88
0 0 5 3 16 10 40
0 0 5 3 5 21 168
0 0 5 2 22 5 50
0 0 5 2 11 16 190
0 0 5 2 0 27 117
0 0 5 1 28 0 42
0 0 5 1 17 11 163
0 0 5 1 6 22 25
0 0 5 0 23 6 179
0 0 5 0 12 17 20
0 0 5 0 1 28 109
0 0 4 29 1 0 138
0 0 4 27 2 1 83
0 0 4 25 3 2 189
0 0 4 23 4 3 142
0 0 4 21 5 4 177
0 0 4 20 0 10 50
0 0 4 19 6 5 123
0 0 4 18 12 0 92
0 0 4 18 1 11 51
0 0 4 17 7 6 41
0 0 4 16 13 1 110
0 0 4 16 2 12 76
0 0 4 15 8 7 118
0 0 4 14 14 2 4
0 0 4 14 3 13 98
0 0 4 13 9 8 181
0 0 4 12 15 3 77
0 0 4 12 4 14 14
0 0 4 11 10 9 149
0 0 4 10 16 4 150
0 0 4 10 5 15 34
0 0 4 9 11 10 89
0 0 4 9 0 21 137
0 0 4 8 17 5 144
0 0 4 8 6 16 105
0 0 4 7 23 0 99
0 0 4 7 12 11 165
0 0 4 7 1 22 161
0 0 4 6 18 6 64
0 0 4 6 7 17 57
0 0 4 5 24 1 133
0 0 4 5 13 12 155
0 0 4 5 2 23 111
0 0 4 4 19 7 195
0 0 4 4 8 18 61
0 0 4 3 25 2 137
0 0 4 3 14 13 3
0 0 4 3 3 24 140
0 0 4 2 9 19 43
0 0 4 1 26 3 64
0 0 4 1 15 14 148
0 0 4 1 4 25 155
0 0 4 0 21 9 123
0 0 4 0 10 20 118
0 0 3 27 0 4 130
0 0 3 25 1 5 86
0 0 3 24 7 0 165
0 0 3 23 2 6 114
0 0 3 22 8 1 139
0 0 3 21 3 7 33
0 0 3 20 9 2 198
0 0 3 19 4 8 93
0 0 3 18 10 3 25
0 0 3 17 5 9 27
0 0 3 16 11 4 137
0 0 3 16 0 15 96
0 0 3 15 6 10 60
0 0 3 14 12 5 9
0 0 3 14 1 16 6
0 0 3 13 18 0 79
0 0 3 13 7 11 195
0 0 3 12 13 6 121
0 0 3 12 2 17 53
0 0 3 11 19 1 64
0 0 3 11 8 12 111
0 0 3 10 14 7 164
0 0 3 10 3 18 2
0 0 3 9 20 2 70
0 0 3 9 9 13 80
0 0 3 8 15 8 143
0 0 3 8 4 19 1
0 0 3 7 21 3 65
0 0 3 7 10 14 110
0 0 3 6 16 9 130
0 0 3 6 5 20 112
0 0 3 5 22 4 91
0 0 3 5 11 15 161
0 0 3 5 0 26 123
0 0 3 4 17 10 181
0 0 3 4 6 21 164
0 0 3 3 23 5 174
0 0 3 3 12 16 85
0 0 3 3 1 27 66
0 0 3 2 29 0 26
0 0 3 2 18 11 18
0 0 3 2 7 22 129
0 0 3 1 24 6 161
0 0 3 1 13 17 139
0 0 3 1 2 28 144
0 0 3 0 30 1 48
0 0 3 0 19 12 99
0 0 3 0 8 23 78
0 0 2 30 2 0 83
0 0 2 28 3 1 124
0 0 2 26 4 2 17
0 0 2 24 5 3 142
0 0 2 23 0 9 132
0 0 2 22 6 4 139
0 0 2 21 1 10 23
0 0 2 20 7 5 102
0 0 2 19 13 0 14
0 0 2 19 2 11 57
0 0 2 18 8 6 138
0 0 2 17 14 1 80
0 0 2 17 3 12 1
0 0 2 16 9 7 112
0 0 2 15 15 2 175
0 0 2 15 4 13 55
0 0 2 14 10 8 178
0 0 2 13 16 3 150
0 0 2 13 5 14 193
0 0 2 12 11 9 63
0 0 2 12 0 20 68
0 0 2 11 17 4 31
0 0 2 11 6 15 69
0 0 2 10 12 10 141
0 0 2 10 1 21 176
0 0 2 9 18 5 106
0 0 2 9 7 16 116
0 0 2 8 24 0 17
0 0 2 8 13 11 60
0 0 2 8 2 22 35
0 0 2 7 19 6 60
0 0 2 7 8 17 54
0 0 2 6 25 1 107
0 0 2 6 14 12 118
0 0 2 6 3 23 59
0 0 2 5 20 7 169
0 0 2 5 9 18 158
0 0 2 4 26 2 135
0 0 2 4 4 24 2
0 0 2 3 21 8 166
0 0 2 3 10 19 5
0 0 2 2 27 3 55
0 0 2 2 16 14 91
0 0 2 2 5 25 184
0 0 2 1 22 9 195
0 0 2 1 11 20 57
0 0 2 1 0 31 196
0 0 2 0 28 4 134
0 0 2 0 17 15 47
0 0 2 0 6 26 23
0 0 1 30 0 3 5
0 0 1 28 1 4 126
0 0 1 26 2 5 192
0 0 1 25 8 0 198
0 0 1 24 3 6 192
0 0 1 23 9 1 177
0 0 1 22 4 7 34
0 0 1 21 10 2 91
0 0 1 20 5 8 85
0 0 1 19 11 3 138
0 0 1 19 0 14 156
0 0 1 18 6 9 86
0 0 1 17 12 4 60
0 0 1 17 1 15 179
0 0 1 16 7 10 5
0 0 1 15 13 5 101
0 0 1 15 2 16 171
0 0 1 14 19 0 198
0 0 1 14 8 11 5
0 0 1 13 14 6 129
0 0 1 13 3 17 106
0 0 1 12 20 1 4
0 0 1 12 9 12 134
0 0 1 11 15 7 62
0 0 1 11 4 18 116
0 0 1 10 21 2 48
0 0 1 10 10 13 157
0 0 1 9 16 8 128
0 0 1 9 5 19 181
0 0 1 8 22 3 68
0 0 1 8 0 25 107
0 0 1 7 17 9 153
0 0 1 7 6 20 101
0 0 1 6 23 4 23
0 0 1 6 12 15 53
0 0 1 6 1 26 194
0 0 1 5 18 10 28
0 0 1 5 7 21 155
0 0 1 4 24 5 197
0 0 1 4 13 16 57
0 0 1 4 2 27 198
0 0 1 3 30 0 128
0 0 1 3 19 11 175
0 0 1 3 8 22 167
0 0 1 2 25 6 176
0 0 1 2 14 17 23
0 0 1 2 3 28 160
0 0 1 1 31 1 180
0 0 1 1 20 12 106
0 0 1 1 9 23 177
0 0 1 0 26 7 96
0 0 1 0 15 18 37
0 0 1 0 4 29 131
0 0 0 29 4 1 33
0 0 0 27 5 2 122
0 0 0 26 0 8 102
0 0 0 25 6 3 128
0 0 0 24 1 9 85
0 0 0 23 7 4 137
0 0 0 22 2 10 167
0 0 0 21 8 5 45
0 0 0 20 14 0 114
0 0 0 20 3 11 54
0 0 0 19 9 6 166
0 0 0 18 15 1 182
0 0 0 18 4 12 123
0 0 0 17 10 7 4
0 0 0 16 16 2 162
0 0 0 16 5 13 23
0 0 0 15 11 8 13
0 0 0 15 0 19 134
0 0 0 14 17 3 168
0 0 0 14 6 14 73
0 0 0 13 12 9 96
0 0 0 13 1 20 79
0 0 0 12 18 4 6
0 0 0 12 7 15 120
0 0 0 11 13 10 28
0 0 0 11 2 21 153
0 0 0 10 19 5 30
0 0 0 10 8 16 30
0 0 0 9 25 0 194
0 0 0 9 14 11 23
0 0 0 9 3 22 145
0 0 0 8 20 6 29
0 0 0 8 9 17 81
0 0 0 7 26 1 21
0 0 0 7 15 12 113
0 0 0 7 4 23 72
0 0 0 6 21 7 135
0 0 0 6 10 18 85
0 0 0 5 27 2 17
0 0 0 5 16 13 191
0 0 0 5 5 24 151
0 0 0 4 22 8 36
0 0 0 4 11 19 187
0 0 0 4 0 30 56
0 0 0 3 17 14 124
0 0 0 3 6 25 153
0 0 0 2 23 9 143
0 0 0 2 12 20 86
0 0 0 2 1 31 195
0 0 0 1 29 4 156
0 0 0 1 18 15 159
0 0 0 1 7 26 169
0 0 0 0 24 10 189
0 0 0 0 13 21 109
1 31 2 1 0 0 33
1 31 0 2 1 0 196
1 31 0 0 2 1 195
1 30 1 1 0 2 169
1 30 0 0 4 0 56
1 29 3 2 0 0 16
1 29 3 0 1 1 85
1 29 1 3 1 0 163
1 29 1 1 2 1 122
1 29 0 1 0 4 131
1 28 3 0 3 0 168
1 28 2 2 0 2 18
1 28 2 0 1 3 188
1 28 1 1 4 0 50
1 28 0 5 0 1 109
1 28 0 3 1 2 144
1 28 0 1 2 3 160
1 27 6 0 0 1 39
1 27 4 3 0 0 130
1 27 4 1 1 1 161
1 27 2 4 1 0 179
1 27 2 2 2 1 1
1 27 2 0 3 2 43
1 27 1 2 0 4 160
1 27 1 0 1 5 92
1 27 0 5 2 0 117
1 27 0 3 3 1 66
1 27 0 1 4 2 198
1 26 6 0 2 0 181
1 26 5 0 0 3 198
1 26 4 1 3 0 14
1 26 3 3 0 2 38
1 26 3 1 1 3 12
1 26 2 2 4 0 71
1 26 2 0 5 1 7
1 26 1 6 0 1 164
1 26 1 4 1 2 13
1 26 1 2 2 3 38
1 26 1 0 3 4 135
1 26 0 3 5 0 123
1 26 0 2 0 6 23
1 26 0 1 6 1 194
1 26 0 0 1 7 169
1 25 7 1 0 1 125
1 25 5 4 0 0 140
1 25 5 2 1 1 82
1 25 5 0 2 2 54
1 25 4 0 0 5 129
1 25 3 5 1 0 111
1 25 3 3 2 1 177
1 25 3 1 3 2 61
1 25 2 3 0 4 43
1 25 2 1 1 5 17
1 25 2 0 7 0 180
1 25 1 6 2 0 109
1 25 1 4 3 1 3
1 25 1 2 4 2 47
1 25 1 0 5 3 63
1 25 0 6 0 3 92
1 25 0 4 1 4 155
1 25 0 2 2 5 184
1 25 0 1 8 0 107
1 25 0 0 3 6 153
1 24 9 0 1 0 140
1 24 7 1 2 0 131
1 24 6 1 0 3 34
1 24 5 2 3 0 161
1 24 5 0 4 1 191
1 24 4 4 0 2 6
1 24 4 2 1 3 18
1 24 4 0 2 4 85
1 24 3 3 4 0 145
1 24 3 1 5 1 74
1 24 3 0 0 7 57
1 24 2 7 0 1 88
1 24 2 5 1 2 191
1 24 2 3 2 3 154
1 24 2 1 3 4 169
1 24 1 4 5 0 3
1 24 1 3 0 6 139
1 24 1 2 6 1 193
1 24 1 1 1 7 82
1 24 1 0 7 2 114
1 24 0 10 0 0 183
1 24 0 8 1 1 135
1 24 0 6 2 2 118
1 24 0 4 3 3 140
1 24 0 2 4 4 2
1 24 0 0 5 5 151
1 23 8 2 0 1 129
1 23 8 0 1 2 180
1 23 6 5 0 0 112
1 23 6 3 1 1 6
1 23 6 1 2 2 86
1 23 5 1 0 5 90
1 23 5 0 6 0 20
1 23 4 6 1 0 11
1 23 4 4 2 1 64
1 23 4 2 3 2 115
1 23 4 0 4 3 58
1 23 3 4 0 4 140
1 23 3 2 1 5 54
1 23 3 1 7 0 1
1 23 3 0 2 6 108
1 23 2 7 2 0 52
1 23 2 5 3 1 66
1 23 2 3 4 2 52
1 23 2 1 5 3 160
1 23 2 0 0 9 118
1 23 1 7 0 3 198
1 23 1 5 1 4 80
1 23 1 3 2 5 102
1 23 1 2 8 0 178
1 23 1 1 3 6 147
1 23 1 0 9 1 17
1 23 0 8 3 0 91
1 23 0 6 4 1 193
1 23 0 4 5 2 111
1 23 0 3 0 8 78
1 23 0 2 6 3 59
1 23 0 1 1 9 177
1 23 0 0 7 4 72
1 22 12 0 0 0 88
1 22 10 1 1 0 39
1 22 8 2 2 0 75
1 22 8 0 3 1 146
1 22 7 2 0 3 165
1 22 7 0 1 4 50
1 22 6 3 3 0 132
1 22 6 1 4 1 14
1 22 5 5 0 2 44
1 22 5 3 1 3 95
1 22 5 1 2 4 150
1 22 4 4 4 0 41
1 22 4 2 5 1 87
1 22 4 1 0 7 27
1 22 4 0 6 2 175
1 22 3 8 0 1 87
1 22 3 6 1 2 69
1 22 3 4 2 3 2
1 22 3 2 3 4 98
1 22 3 0 4 5 154
1 22 2 5 5 0 16
1 22 2 4 0 6 105
1 22 2 3 6 1 54
1 22 2 2 1 7 82
1 22 2 1 7 2 84
1 22 2 0 2 8 85
1 22 1 11 0 0 195
1 22 1 9 1 1 40
1 22 1 7 2 2 79
1 22 1 5 3 3 6
1 22 1 3 4 4 165
1 22 1 1 5 5 19
1 22 1 0 11 0 40
1 22 1 0 0 11 161
1 22 0 7 0 5 49
1 22 0 6 6 0 149
1 22 0 5 1 6 25
1 22 0 4 7 1 161
1 22 0 3 2 7 129
1 22 0 2 8 2 35
1 22 0 1 3 8 167
1 22 0 0 9 3 145
1 21 11 0 0 2 179
1 21 9 3 0 1 134
1 21 9 1 1 2 16
1 21 8 0 5 0 106
1 21 7 6 0 0 192
1 21 7 4 1 1 47
1 21 7 2 2 2 80
1 21 7 0 3 3 119
1 21 6 2 0 5 63
1 21 6 1 6 0 187
1 21 6 0 1 6 153
1 21 5 7 1 0 6
1 21 5 5 2 1 188
1 21 5 3 3 2 90
1 21 5 1 4 3 32
1 21 4 5 0 4 159
1 21 4 3 1 5 44
1 21 4 2 7 0 1
1 21 4 1 2 6 53
1 21 4 0 8 1 175
1 21 3 8 2 0 26
1 21 3 6 3 1 115
1 21 3 4 4 2 133
1 21 3 2 5 3 68
1 21 3 1 0 9 129
1 21 3 0 6 4 16
1 21 2 8 0 3 34
1 21 2 6 1 4 176
1 21 2 4 2 5 48
1 21 2 3 8 0 172
1 21 2 2 3 6 126
1 21 2 1 9 1 14
1 21 2 0 4 7 122
1 21 1 9 3 0 15
1 21 1 7 4 1 162
1 21 1 5 5 2 90
1 21 1 4 0 8 83
1 21 1 3 6 3 40
1 21 1 2 1 9 192
1 21 1 1 7 4 151
1 21 1 0 2 10 127
1 21 0 11 0 2 171
1 21 0 9 1 3 43
1 21 0 7 2 4 60
1 21 0 5 3 5 168
1 21 0 4 9 0 137
1 21 0 3 4 6 164
1 21 0 2 10 1 176
1 21 0 1 5 7 155
1 21 0 0 11 2 153
1 21 0 0 0 13 109
1 20 13 1 0 0 167
1 20 11 2 1 0 147
1 20 11 0 2 1 140
1 20 10 0 0 4 197
1 20 9 3 2 0 128
1 20 9 1 3 1 48
1 20 8 3 0 3 55
1 20 8 1 1 4 130
1 20 7 4 3 0 115
1 20 7 2 4 1 68
1 20 7 0 5 2 115
1 20 6 6 0 2 37
1 20 6 4 1 3 17
1 20 6 2 2 4 18
1 20 6 0 3 5 79
1 20 5 5 4 0 161
1 20 5 3 5 1 121
1 20 5 2 0 7 5
1 20 5 1 6 2 182
1 20 5 0 1 8 17
1 20 4 9 0 1 140
1 20 4 7 1 2 15
1 20 4 5 2 3 34
1 20 4 3 3 4 59
1 20 4 1 4 5 32
1 20 4 0 10 0 100
1 20 3 6 5 0 177
1 20 3 5 0 6 40
1 20 3 4 6 1 20
1 20 3 3 1 7 55
1 20 3 2 7 2 57
1 20 3 1 2 8 27
1 20 3 0 8 3 125
1 20 2 12 0 0 89
1 20 2 10 1 1 85
1 20 2 8 2 2 103
1 20 2 6 3 3 53
1 20 2 4 4 4 121
1 20 2 2 5 5 19
1 20 2 1 11 0 64
1 20 2 1 0 11 167
1 20 2 0 6 6 103
1 20 1 8 0 5 82
1 20 1 7 6 0 9
1 20 1 6 1 6 61
1 20 1 5 7 1 97
1 20 1 4 2 7 179
1 20 1 3 8 2 116
1 20 1 2 3 8 144
1 20 1 1 9 3 62
1 20 1 0 4 9 142
1 20 0 13 1 0 71
1 20 0 11 2 1 97
1 20 0 9 3 2 165
1 20 0 7 4 3 189
1 20 0 5 5 4 192
1 20 0 4 0 10 118
1 20 0 3 6 5 112
1 20 0 2 12 0 68
1 20 0 2 1 11 57
1 20 0 1 7 6 101
1 20 0 0 13 1 79
1 20 0 0 2 12 86
1 19 12 1 0 2 99
1 19 11 0 4 0 3
1 19 10 4 0 1 34
1 19 10 2 1 2 54
1 19 10 0 2 3 72
1 19 9 1 5 0 61
1 19 9 0 0 6 119
1 19 8 7 0 0 67
1 19 8 5 1 1 174
1 19 8 3 2 2 150
1 19 8 1 3 3 174
1 19 7 3 0 5 40
1 19 7 2 6 0 108
1 19 7 1 1 6 161
1 19 7 0 7 1 88
1 19 6 8 1 0 75
1 19 6 6 2 1 191
1 19 6 4 3 2 99
1 19 6 2 4 3 37
1 19 6 0 5 4 84
1 19 5 6 0 4 110
1 19 5 4 1 5 143
1 19 5 3 7 0 44
1 19 5 2 2 6 64
1 19 5 1 8 1 66
1 19 5 0 3 7 47
1 19 4 9 2 0 91
1 19 4 7 3 1 152
1 19 4 5 4 2 63
1 19 4 3 5 3 46
1 19 4 2 0 9 101
1 19 4 1 6 4 120
1 19 4 0 1 10 116
1 19 3 9 0 3 120
1 19 3 7 1 4 193
1 19 3 5 2 5 35
1 19 3 4 8 0 94
1 19 3 3 3 6 16
1 19 3 2 9 1 179
1 19 3 1 4 7 55
1 19 3 0 10 2 129
1 19 2 10 3 0 97
1 19 2 8 4 1 56
1 19 2 6 5 2 111
1 19 2 5 0 8 104
1 19 2 4 6 3 9
1 19 2 3 1 9 181
1 19 2 2 7 4 125
1 19 2 1 2 10 71
1 19 2 0 8 5 114
1 19 1 12 0 2 141
1 19 1 10 1 3 54
1 19 1 8 2 4 147
1 19 1 6 3 5 176
1 19 1 5 9 0 162
1 19 1 4 4 6 18
1 19 1 3 10 1 79
1 19 1 2 5 7 17
1 19 1 1 11 2 40
1 19 1 1 0 13 138
1 19 1 0 6 8 35
1 19 0 11 4 0 195
1 19 0 9 5 1 18
1 19 0 8 0 7 58
1 19 0 7 6 2 35
1 19 0 6 1 8 66
1 19 0 5 7 3 180
1 19 0 4 2 9 43
1 19 0 3 8 4 1
1 19 0 2 3 10 5
1 19 0 1 9 5 181
1 19 0 0 15 0 134
1 19 0 0 4 11 187
1 18 14 2 0 0 129
1 18 14 0 1 1 140
1 18 12 3 1 0 185
1 18 12 1 2 1 157
1 18 11 1 0 4 94
1 18 10 4 2 0 143
1 18 10 2 3 1 90
1 18 10 0 4 2 78
1 18 9 4 0 3 171
1 18 9 2 1 4 166
1 18 9 0 2 5 34
1 18 8 5 3 0 49
1 18 8 3 4 1 150
1 18 8 1 5 2 143
1 18 8 0 0 8 134
1 18 7 7 0 2 60
1 18 7 5 1 3 60
1 18 7 3 2 4 132
1 18 7 1 3 5 67
1 18 7 0 9 0 188
1 18 6 6 4 0 44
1 18 6 4 5 1 111
1 18 6 3 0 7 198
1 18 6 2 6 2 178
1 18 6 1 1 8 198
1 18 6 0 7 3 54
1 18 5 10 0 1 36
1 18 5 8 1 2 74
1 18 5 6 2 3 38
1 18 5 4 3 4 99
1 18 5 2 4 5 166
1 18 5 1 10 0 194
1 18 5 0 5 6 97
1 18 4 7 5 0 193
1 18 4 6 0 6 10
1 18 4 5 6 1 22
1 18 4 4 1 7 197
1 18 4 3 7 2 130
1 18 4 2 2 8 109
1 18 4 1 8 3 169
1 18 4 0 3 9 167
1 18 3 13 0 0 185
1 18 3 11 1 1 45
1 18 3 9 2 2 14
1 18 3 7 3 3 64
1 18 3 5 4 4 22
1 18 3 3 5 5 169
1 18 3 2 11 0 121
1 18 3 2 0 11 43
1 18 3 1 6 6 172
1 18 3 0 12 1 58
1 18 3 0 1 12 163
1 18 2 9 0 5 100
1 18 2 8 6 0 21
1 18 2 7 1 6 123
1 18 2 6 7 1 128
1 18 2 5 2 7 90
1 18 2 4 8 2 137
1 18 2 3 3 8 165
1 18 2 2 9 3 148
1 18 2 1 4 9 166
1 18 2 0 10 4 49
1 18 1 14 1 0 174
1 18 1 12 2 1 40
1 18 1 10 3 2 111
1 18 1 8 4 3 77
1 18 1 6 5 4 59
1 18 1 5 0 10 93
1 18 1 4 6 5 165
1 18 1 3 12 0 186
1 18 1 3 1 11 153
1 18 1 2 7 6 35
1 18 1 1 13 1 172
1 18 1 1 2 12 8
1 18 1 0 8 7 50
1 18 0 12 0 4 116
1 18 0 10 1 5 188
1 18 0 9 7 0 135
1 18 0 8 2 6 26
1 18 0 7 8 1 142
1 18 0 6 3 7 149
1 18 0 5 9 2 27
1 18 0 4 4 8 61
1 18 0 3 10 3 2
1 18 0 2 5 9 158
1 18 0 1 11 4 116
1 18 0 1 0 15 37
1 18 0 0 6 10 85
1 17 14 0 3 0 66
1 17 13 2 0 2 63
1 17 13 0 1 3 120
1 17 12 1 4 0 7
1 17 11 5 0 1 150
1 17 11 3 1 2 2
1 17 11 1 2 3 76
1 17 10 2 5 0 147
1 17 10 1 0 6 154
1 17 10 0 6 1 26
1 17 9 8 0 0 51
1 17 9 6 1 1 31
1 17 9 4 2 2 128
1 17 9 2 3 3 109
1 17 9 0 4 4 107
1 17 8 4 0 5 156
1 17 8 3 6 0 122
1 17 8 2 1 6 161
1 17 8 1 7 1 37
1 17 8 0 2 7 103
1 17 7 9 1 0 180
1 17 7 7 2 1 166
1 17 7 5 3 2 174
1 17 7 3 4 3 106
1 17 7 1 5 4 3
1 17 7 0 0 10 23
1 17 6 7 0 4 69
1 17 6 5 1 5 99
1 17 6 4 7 0 22
1 17 6 3 2 6 142
1 17 6 2 8 1 48
1 17 6 1 3 7 8
1 17 6 0 9 2 191
1 17 5 10 2 0 78
1 17 5 8 3 1 126
1 17 5 6 4 2 81
1 17 5 4 5 3 61
1 17 5 3 0 9 45
1 17 5 2 6 4 138
1 17 5 1 1 10 190
1 17 5 0 7 5 43
1 17 4 10 0 3 12
1 17 4 8 1 4 22
1 17 4 6 2 5 114
1 17 4 5 8 0 172
1 17 4 4 3 6 32
1 17 4 3 9 1 48
1 17 4 2 4 7 75
1 17 4 1 10 2 184
1 17 4 0 5 8 35
1 17 3 11 3 0 156
1 17 3 9 4 1 145
1 17 3 7 5 2 76
1 17 3 6 0 8 165
1 17 3 5 6 3 149
1 17 3 4 1 9 120
1 17 3 3 7 4 42
1 17 3 2 2 10 106
1 17 3 1 8 5 74
1 17 3 0 14 0 116
1 17 3 0 3 11 49
1 17 2 13 0 2 149
1 17 2 11 1 3 6
1 17 2 9 2 4 186
1 17 2 7 3 5 48
1 17 2 6 9 0 142
1 17 2 5 4 6 115
1 17 2 4 10 1 19
1 17 2 3 5 7 71
1 17 2 2 11 2 26
1 17 2 2 0 13 13
1 17 2 1 6 8 124
1 17 2 0 12 3 119
1 17 2 0 1 14 10
1 17 1 12 4 0 109
1 17 1 10 5 1 171
1 17 1 9 0 7 73
1 17 1 8 6 2 1
1 17 1 7 1 8 39
1 17 1 6 7 3 106
1 17 1 5 2 9 160
1 17 1 4 8 4 33
1 17 1 3 3 10 194
1 17 1 2 9 5 70
1 17 1 1 15 0 69
1 17 1 1 4 11 146
1 17 1 0 10 6 172
1 17 0 16 0 1 82
1 17 0 14 1 2 134
1 17 0 12 2 3 113
1 17 0 10 3 4 3
1 17 0 8 4 5 92
1 17 0 7 10 0 82
1 17 0 6 5 6 164
1 17 0 5 11 1 120
1 17 0 5 0 12 20
1 17 0 4 6 7 57
1 17 0 3 12 2 53
1 17 0 3 1 13 139
1 17 0 2 7 8 54
1 17 0 1 13 3 106
1 17 0 1 2 14 23
1 17 0 0 8 9 81
1 16 17 0 0 1 129
1 16 15 3 0 0 20
1 16 15 1 1 1 47
1 16 13 4 1 0 146
1 16 13 2 2 1 196
1 16 13 0 3 2 36
1 16 12 2 0 4 195
1 16 12 0 1 5 198
1 16 11 5 2 0 70
1 16 11 3 3 1 133
1 16 11 1 4 2 67
1 16 10 5 0 3 180
1 16 10 3 1 4 92
1 16 10 1 2 5 49
1 16 10 0 8 0 11
1 16 9 6 3 0 103
1 16 9 4 4 1 180
1 16 9 2 5 2 160
1 16 9 1 0 8 19
1 16 9 0 6 3 160
1 16 8 8 0 2 137
1 16 8 6 1 3 194
1 16 8 4 2 4 58
1 16 8 2 3 5 161
1 16 8 1 9 0 9
1 16 8 0 4 6 176
1 16 7 7 4 0 178
1 16 7 5 5 1 182
1 16 7 4 0 7 198
1 16 7 3 6 2 36
1 16 7 2 1 8 158
1 16 7 1 7 3 167
1 16 7 0 2 9 39
1 16 6 11 0 1 90
1 16 6 9 1 2 148
1 16 6 7 2 3 60
1 16 6 5 3 4 144
1 16 6 3 4 5 88
1 16 6 2 10 0 132
1 16 6 1 5 6 53
1 16 6 0 11 1 9
1 16 6 0 0 12 42
1 16 5 8 5 0 126
1 16 5 7 0 6 18
1 16 5 6 6 1 180
1 16 5 5 1 7 11
1 16 5 4 7 2 21
1 16 5 3 2 8 150
1 16 5 2 8 3 132
1 16 5 0 9 4 9
1 16 4 14 0 0 158
1 16 4 12 1 1 97
1 16 4 10 2 2 168
1 16 4 8 3 3 117
1 16 4 6 4 4 153
1 16 4 4 5 5 22
1 16 4 3 11 0 38
1 16 4 3 0 11 67
1 16 4 2 6 6 45
1 16 4 1 12 1 72
1 16 4 1 1 12 93
1 16 4 0 7 7 117
1 16 3 10 0 5 184
1 16 3 9 6 0 129
1 16 3 8 1 6 184
1 16 3 7 7 1 70
1 16 3 6 2 7 12
1 16 3 5 8 2 85
1 16 3 4 3 8 70
1 16 3 3 9 3 86
1 16 3 2 4 9 69
1 16 3 1 10 4 163
1 16 3 0 5 10 76
1 16 2 15 1 0 92
1 16 2 13 2 1 114
1 16 2 11 3 2 69
1 16 2 9 4 3 45
1 16 2 7 5 4 198
1 16 2 6 0 10 142
1 16 2 5 6 5 18
1 16 2 4 12 0 32
1 16 2 4 1 11 134
1 16 2 3 7 6 99
1 16 2 2 13 1 120
1 16 2 2 2 12 111
1 16 2 1 8 7 29
1 16 2 0 14 2 103
1 16 2 0 3 13 80
1 16 1 13 0 4 49
1 16 1 11 1 5 27
1 16 1 10 7 0 29
1 16 1 9 2 6 165
1 16 1 8 8 1 87
1 16 1 7 3 7 4
1 16 1 6 9 2 38
1 16 1 5 4 8 106
1 16 1 4 10 3 131
1 16 1 3 5 9 142
1 16 1 2 11 4 180
1 16 1 2 0 15 156
1 16 1 1 6 10 77
1 16 1 0 12 5 27
1 16 1 0 1 16 36
1 16 0 16 2 0 170
1 16 0 14 3 1 156
1 16 0 12 4 2 106
1 16 0 10 5 3 145
1 16 0 9 0 9 6
1 16 0 8 6 4 86
1 16 0 7 1 10 10
1 16 0 6 7 5 191
1 16 0 5 13 0 153
1 16 0 5 2 11 190
1 16 0 4 8 6 105
1 16 0 3 14 1 6
1 16 0 3 3 12 85
1 16 0 2 9 7 116
1 16 0 1 15 2 171
1 16 0 1 4 13 57
1 16 0 0 10 8 30
1 15 17 0 2 0 64
1 15 16 0 0 3 192
1 15 15 1 3 0 83
1 15 14 3 0 2 124
1 15 14 1 1 3 115
1 15 13 2 4 0 183
1 15 13 0 5 1 174
1 15 12 6 0 1 2
1 15 12 4 1 2 125
1 15 12 2 2 3 21
1 15 12 0 3 4 132
1 15 11 3 5 0 184
1 15 11 2 0 6 151
1 15 11 1 6 1 158
1 15 11 0 1 7 107
1 15 10 9 0 0 4
1 15 10 7 1 1 61
1 15 10 5 2 2 68
1 15 10 3 3 3 137
1 15 10 1 4 4 104
1 15 9 5 0 5 9
1 15 9 4 6 0 14
1 15 9 3 1 6 49
1 15 9 2 7 1 175
1 15 9 1 2 7 139
1 15 9 0 8 2 142
1 15 8 10 1 0 114
1 15 8 8 2 1 18
1 15 8 6 3 2 152
1 15 8 4 4 3 60
1 15 8 2 5 4 135
1 15 8 1 0 10 73
1 15 8 0 6 5 171
1 15 7 8 0 4 185
1 15 7 6 1 5 95
1 15 7 5 7 0 148
1 15 7 4 2 6 173
1 15 7 3 8 1 145
1 15 7 2 3 7 132
1 15 7 1 9 2 104
1 15 7 0 4 8 18
1 15 6 11 2 0 6
1 15 6 9 3 1 7
1 15 6 5 5 3 140
1 15 6 4 0 9 1
1 15 6 3 6 4 21
1 15 6 2 1 10 9
1 15 6 1 7 5 168
1 15 6 0 13 0 12
1 15 6 0 2 11 81
1 15 5 11 0 3 148
1 15 5 9 1 4 108
1 15 5 7 2 5 173
1 15 5 6 8 0 103
1 15 5 5 3 6 90
1 15 5 4 9 1 108
1 15 5 3 4 7 9
1 15 5 2 10 2 191
1 15 5 0 11 3 114
1 15 5 0 0 14 99
1 15 4 12 3 0 30
1 15 4 10 4 1 197
1 15 4 8 5 2 29
1 15 4 7 0 8 150
1 15 4 6 6 3 72
1 15 4 5 1 9 104
1 15 4 4 7 4 125
1 15 4 3 2 10 65
1 15 4 2 8 5 46
1 15 4 1 14 0 15
1 15 4 1 3 11 86
1 15 4 0 9 6 182
1 15 3 14 0 2 11
1 15 3 12 1 3 77
1 15 3 10 2 4 117
1 15 3 8 3 5 170
1 15 3 7 9 0 192
1 15 3 6 4 6 110
1 15 3 5 10 1 190
1 15 3 4 5 7 106
1 15 3 3 11 2 12
1 15 3 3 0 13 95
1 15 3 2 6 8 100
1 15 3 1 12 3 170
1 15 3 1 1 14 20
1 15 3 0 7 9 177
1 15 2 13 4 0 54
1 15 2 11 5 1 128
1 15 2 10 0 7 175
1 15 2 9 6 2 110
1 15 2 8 1 8 50
1 15 2 7 7 3 91
1 15 2 6 2 9 105
1 15 2 5 8 4 23
1 15 2 4 3 10 90
1 15 2 3 9 5 35
1 15 2 2 15 0 100
1 15 2 2 4 11 163
1 15 2 1 10 6 157
1 15 2 0 16 1 87
1 15 2 0 5 12 44
1 15 1 17 0 1 109
1 15 1 15 1 2 180
1 15 1 13 2 3 7
1 15 1 11 3 4 148
1 15 1 9 4 5 150
1 15 1 8 10 0 96
1 15 1 7 5 6 136
1 15 1 6 11 1 24
1 15 1 6 0 12 25
1 15 1 5 6 7 133
1 15 1 4 12 2 138
1 15 1 4 1 13 115
1 15 1 3 7 8 3
1 15 1 2 13 3 138
1 15 1 2 2 14 141
1 15 1 1 8 9 53
1 15 1 0 14 4 185
1 15 1 0 3 15 65
1 15 0 14 5 0 182
1 15 0 13 0 6 130
1 15 0 12 6 1 175
1 15 0 11 1 7 135
1 15 0 10 7 2 101
1 15 0 9 2 8 119
1 15 0 8 8 3 16
1 15 0 7 3 9 78
1 15 0 6 9 4 139
1 15 0 5 4 10 88
1 15 0 4 10 5 34
1 15 0 3 16 0 96
1 15 0 3 5 11 161
1 15 0 2 11 6 69
1 15 0 2 0 17 47
1 15 0 1 17 1 179
1 15 0 1 6 12 53
1 15 0 0 12 7 120
1 15 0 0 1 18 159
1 14 18 1 0 1 25
1 14 16 4 0 0 95
1 14 16 2 1 1 190
1 14 16 0 2 2 25
1 14 15 0 0 5 82
1 14 14 5 1 0 23
1 14 14 3 2 1 31
1 14 14 1 3 2 122
1 14 13 3 0 4 129
1 14 13 1 1 5 85
1 14 13 0 7 0 74
1 14 12 6 2 0 14
1 14 12 4 3 1 69
1 14 12 2 4 2 39
1 14 12 0 5 3 50
1 14 11 6 0 3 183
1 14 11 4 1 4 84
1 14 11 2 2 5 82
1 14 11 1 8 0 157
1 14 11 0 3 6 87
1 14 10 7 3 0 125
1 14 10 5 4 1 113
1 14 10 3 5 2 194
1 14 10 2 0 8 72
1 14 10 1 6 3 82
1 14 10 0 1 9 160
1 14 9 9 0 2 100
1 14 9 7 1 3 198
1 14 9 5 2 4 173
1 14 9 3 3 5 151
1 14 9 2 9 0 8
1 14 9 1 4 6 27
1 14 9 0 10 1 118
1 14 8 8 4 0 37
1 14 8 6 5 1 40
1 14 8 5 0 7 134
1 14 8 4 6 2 162
1 14 8 3 1 8 25
1 14 8 2 7 3 27
1 14 8 1 2 9 66
1 14 8 0 8 4 23
1 14 7 12 0 1 132
1 14 7 10 1 2 84
1 14 7 8 2 3 135
1 14 7 6 3 4 150
1 14 7 4 4 5 112
1 14 7 3 10 0 193
1 14 7 2 5 6 130
1 14 7 1 11 1 42
1 14 7 1 0 12 69
1 14 7 0 6 7 15
1 14 6 9 5 0 153
1 14 6 8 0 6 172
1 14 6 7 6 1 25
1 14 6 6 1 7 26
1 14 6 5 7 2 192
1 14 6 4 2 8 120
1 14 6 3 8 3 194
1 14 6 2 3 9 57
1 14 6 1 9 4 89
1 14 6 0 4 10 136
1 14 5 15 0 0 66
1 14 5 13 1 1 23
1 14 5 11 2 2 23
1 14 5 9 3 3 147
1 14 5 7 4 4 167
1 14 5 5 5 5 108
1 14 5 4 11 0 3
1 14 5 4 0 11 198
1 14 5 3 6 6 119
1 14 5 2 12 1 22
1 14 5 2 1 12 5
1 14 5 1 7 7 84
1 14 5 0 13 2 9
1 14 5 0 2 13 92
1 14 4 11 0 5 188
1 14 4 10 6 0 183
1 14 4 9 1 6 141
1 14 4 8 7 1 186
1 14 4 7 2 7 34
1 14 4 6 8 2 96
1 14 4 5 3 8 139
1 14 4 4 9 3 92
1 14 4 3 4 9 118
1 14 4 2 10 4 40
1 14 4 1 5 10 172
1 14 4 0 11 5 187
1 14 4 0 0 16 169
1 14 3 16 1 0 41
1 14 3 14 2 1 118
1 14 3 12 3 2 116
1 14 3 10 4 3 179
1 14 3 8 5 4 31
1 14 3 7 0 10 15
1 14 3 6 6 5 154
1 14 3 5 12 0 98
1 14 3 5 1 11 69
1 14 3 4 7 6 160
1 14 3 3 13 1 121
1 14 3 3 2 12 149
1 14 3 2 8 7 13
1 14 3 1 14 2 88
1 14 3 1 3 13 39
1 14 3 0 9 8 107
1 14 2 14 0 4 182
1 14 2 12 1 5 152
1 14 2 11 7 0 75
1 14 2 10 2 6 101
1 14 2 9 8 1 163
1 14 2 8 3 7 173
1 14 2 7 9 2 67
1 14 2 6 4 8 72
1 14 2 5 10 3 121
1 14 2 4 5 9 146
1 14 2 3 11 4 114
1 14 2 3 0 15 131
1 14 2 2 6 10 182
1 14 2 1 12 5 178
1 14 2 1 1 16 23
1 14 2 0 18 0 125
1 14 2 0 7 11 187
1 14 1 17 2 0 24
1 14 1 15 3 1 155
1 14 1 13 4 2 128
1 14 1 11 5 3 136
1 14 1 10 0 9 41
1 14 1 9 6 4 40
1 14 1 8 1 10 118
1 14 1 7 7 5 191
1 14 1 6 13 0 168
1 14 1 6 2 11 185
1 14 1 5 8 6 45
1 14 1 4 14 1 31
1 14 1 4 3 12 108
1 14 1 3 9 7 71
1 14 1 2 15 2 148
1 14 1 2 4 13 121
1 14 1 1 10 8 113
1 14 1 0 16 3 128
1 14 1 0 5 14 62
1 14 0 17 0 3 64
1 14 0 15 1 4 88
1 14 0 13 2 5 165
1 14 0 12 8 0 99
1 14 0 11 3 6 80
1 14 0 10 9 1 39
1 14 0 9 4 7 140
1 14 0 8 10 2 188
1 14 0 7 5 8 8
1 14 0 6 11 3 117
1 14 0 6 0 14 75
1 14 0 5 6 9 153
1 14 0 4 12 4 14
1 14 0 4 1 15 148
1 14 0 3 7 10 110
1 14 0 2 13 5 193
1 14 0 2 2 16 91
1 14 0 1 19 0 156
1 14 0 0 14 6 73
1 14 0 0 3 17 124
1 13 20 0 1 0 132
1 13 18 1 2 0 71
1 13 17 1 0 3 13
1 13 16 2 3 0 168
1 13 16 0 4 1 102
1 13 15 4 0 2 85
1 13 15 2 1 3 12
1 13 15 0 2 4 27
1 13 14 3 4 0 128
1 13 14 1 5 1 125
1 13 14 0 0 7 115
1 13 13 7 0 1 6
1 13 13 5 1 2 97
1 13 13 3 2 3 32
1 13 13 1 3 4 119
1 13 12 4 5 0 59
1 13 12 3 0 6 188
1 13 12 2 6 1 73
1 13 12 1 1 7 142
1 13 12 0 7 2 74
1 13 11 10 0 0 114
1 13 11 8 1 1 170
1 13 11 6 2 2 56
1 13 11 4 3 3 65
1 13 11 2 4 4 79
1 13 11 0 5 5 195
1 13 10 6 0 5 15
1 13 10 5 6 0 34
1 13 10 4 1 6 113
1 13 10 3 7 1 117
1 13 10 2 2 7 88
1 13 10 1 8 2 8
1 13 10 0 3 8 149
1 13 9 11 1 0 47
1 13 9 9 2 1 168
1 13 9 7 3 2 179
1 13 9 5 4 3 176
1 13 9 3 5 4 112
1 13 9 2 0 10 142
1 13 9 1 6 5 57
1 13 9 0 12 0 54
1 13 9 0 1 11 167
1 13 8 9 0 4 50
1 13 8 7 1 5 87
1 13 8 6 7 0 191
1 13 8 5 2 6 87
1 13 8 4 8 1 145
1 13 8 3 3 7 173
1 13 8 1 4 8 19
1 13 8 0 10 3 17
1 13 7 12 2 0 46
1 13 7 10 3 1 158
1 13 7 8 4 2 128
1 13 7 6 5 3 92
1 13 7 5 0 9 21
1 13 7 4 6 4 119
1 13 7 3 1 10 196
1 13 7 2 7 5 12
1 13 7 1 13 0 61
1 13 7 1 2 11 82
1 13 7 0 8 6 123
1 13 6 12 0 3 143
1 13 6 10 1 4 15
1 13 6 8 2 5 125
1 13 6 7 8 0 187
1 13 6 6 3 6 149
1 13 6 5 9 1 7
1 13 6 4 4 7 1
1 13 6 3 10 2 88
1 13 6 2 5 8 73
1 13 6 1 11 3 93
1 13 6 1 0 14 110
1 13 6 0 6 9 4
1 13 5 13 3 0 115
1 13 5 11 4 1 86
1 13 5 9 5 2 3
1 13 5 8 0 8 138
1 13 5 7 6 3 122
1 13 5 6 1 9 159
1 13 5 5 7 4 114
1 13 5 4 2 10 97
1 13 5 3 8 5 129
1 13 5 2 14 0 198
1 13 5 2 3 11 28
1 13 5 1 9 6 58
1 13 5 0 15 1 130
1 13 5 0 4 12 195
1 13 4 15 0 2 131
1 13 4 13 1 3 35
1 13 4 11 2 4 150
1 13 4 9 3 5 182
1 13 4 8 9 0 181
1 13 4 7 4 6 94
1 13 4 6 10 1 147
1 13 4 5 5 7 185
1 13 4 4 11 2 34
1 13 4 4 0 13 179
1 13 4 3 6 8 81
1 13 4 2 12 3 198
1 13 4 2 1 14 2
1 13 4 1 7 9 142
1 13 4 0 13 4 102
1 13 4 0 2 15 31
1 13 3 14 4 0 12
1 13 3 12 5 1 28
1 13 3 11 0 7 30
1 13 3 10 6 2 41
1 13 3 9 1 8 35
1 13 3 8 7 3 146
1 13 3 7 2 9 193
1 13 3 6 8 4 73
1 13 3 5 3 10 190
1 13 3 4 9 5 105
1 13 3 3 15 0 14
1 13 3 3 4 11 176
1 13 3 2 10 6 128
1 13 3 1 16 1 180
1 13 3 1 5 12 161
1 13 3 0 11 7 162
1 13 3 0 0 18 91
1 13 2 18 0 1 115
1 13 2 16 1 2 151
1 13 2 14 2 3 100
1 13 2 12 3 4 36
1 13 2 10 4 5 80
1 13 2 9 10 0 118
1 13 2 8 5 6 141
1 13 2 7 11 1 189
1 13 2 7 0 12 106
1 13 2 6 6 7 121
1 13 2 5 12 2 20
1 13 2 5 1 13 34
1 13 2 4 7 8 181
1 13 2 3 13 3 139
1 13 2 3 2 14 28
1 13 2 2 8 9 40
1 13 2 1 14 4 169
1 13 2 1 3 15 84
1 13 2 0 9 10 149
1 13 1 15 5 0 48
1 13 1 14 0 6 181
1 13 1 13 6 1 143
1 13 1 12 1 7 122
1 13 1 11 7 2 185
1 13 1 10 2 8 191
1 13 1 9 8 3 47
1 13 1 8 3 9 114
1 13 1 7 9 4 168
1 13 1 6 4 10 176
1 13 1 5 10 5 48
1 13 1 4 16 0 28
1 13 1 4 5 11 37
1 13 1 3 11 6 8
1 13 1 3 0 17 76
1 13 1 2 17 1 48
1 13 1 2 6 12 89
1 13 1 1 12 7 104
1 13 1 1 1 18 64
1 13 1 0 18 2 171
1 13 1 0 7 13 13
1 13 0 21 0 0 26
1 13 0 19 1 1 78
1 13 0 17 2 2 97
1 13 0 15 3 3 110
1 13 0 13 4 4 1
1 13 0 11 5 5 87
1 13 0 10 11 0 141
1 13 0 10 0 11 12
1 13 0 9 6 6 164
1 13 0 8 12 1 183
1 13 0 8 1 12 2
1 13 0 7 7 7 34
1 13 0 6 13 2 160
1 13 0 6 2 13 108
1 13 0 5 8 8 43
1 13 0 4 14 3 98
1 13 0 4 3 14 3
1 13 0 3 9 9 80
1 13 0 2 15 4 55
1 13 0 1 10 10 157
1 13 0 0 16 5 23
1 13 0 0 5 16 191
1 12 19 2 0 1 143
1 12 19 0 1 2 64
1 12 17 5 0 0 170
1 12 17 3 1 1 107
1 12 17 1 2 2 118
1 12 16 1 0 5 161
1 12 16 0 6 0 62
1 12 15 6 1 0 98
1 12 15 4 2 1 110
1 12 15 2 3 2 38
1 12 15 0 4 3 70
1 12 14 4 0 4 150
1 12 14 2 1 5 164
1 12 14 1 7 0 53
1 12 14 0 2 6 42
1 12 13 7 2 0 92
1 12 13 5 3 1 197
1 12 13 3 4 2 178
1 12 13 1 5 3 41
1 12 13 0 0 9 160
1 12 12 7 0 3 63
1 12 12 3 2 5 175
1 12 12 2 8 0 94
1 12 12 1 3 6 115
1 12 12 0 9 1 189
1 12 11 8 3 0 76
1 12 11 6 4 1 53
1 12 11 4 5 2 181
1 12 11 3 0 8 47
1 12 11 2 6 3 86
1 12 11 1 1 9 105
1 12 11 0 7 4 18
1 12 10 10 0 2 167
1 12 10 8 1 3 89
1 12 10 6 2 4 80
1 12 10 4 3 5 80
1 12 10 3 9 0 15
1 12 10 2 4 6 169
1 12 10 1 10 1 176
1 12 9 9 4 0 13
1 12 9 7 5 1 127
1 12 9 6 0 7 8
1 12 9 5 6 2 145
1 12 9 4 1 8 36
1 12 9 3 7 3 133
1 12 9 2 2 9 50
1 12 9 1 8 4 165
1 12 9 0 3 10 157
1 12 8 13 0 1 154
1 12 8 11 1 2 68
1 12 8 9 2 3 156
1 12 8 7 3 4 129
1 12 8 5 4 5 111
1 12 8 4 10 0 75
1 12 8 3 5 6 171
1 12 8 2 11 1 50
1 12 8 2 0 12 162
1 12 8 1 6 7 106
1 12 8 0 12 2 180
1 12 8 0 1 13 128
1 12 7 10 5 0 61
1 12 7 9 0 6 99
1 12 7 8 6 1 139
1 12 7 7 1 7 41
1 12 7 6 7 2 29
1 12 7 5 2 8 10
1 12 7 4 8 3 96
1 12 7 3 3 9 138
1 12 7 2 9 4 128
1 12 7 1 4 10 67
1 12 7 0 10 5 8
1 12 6 16 0 0 183
1 12 6 14 1 1 44
1 12 6 12 2 2 129
1 12 6 10 3 3 68
1 12 6 8 4 4 145
1 12 6 6 5 5 105
1 12 6 5 11 0 190
1 12 6 5 0 11 44
1 12 6 4 6 6 70
1 12 6 3 12 1 169
1 12 6 3 1 12 91
1 12 6 2 7 7 60
1 12 6 1 13 2 100
1 12 6 1 2 13 157
1 12 6 0 8 8 74
1 12 5 12 0 5 137
1 12 5 11 6 0 11
1 12 5 10 1 6 196
1 12 5 9 7 1 6
1 12 5 8 2 7 170
1 12 5 7 8 2 35
1 12 5 6 3 8 113
1 12 5 5 9 3 134
1 12 5 4 4 9 193
1 12 5 3 10 4 121
1 12 5 2 5 10 17
1 12 5 1 11 5 183
1 12 5 1 0 16 155
1 12 5 0 17 0 95
1 12 5 0 6 11 166
1 12 4 15 2 1 129
1 12 4 13 3 2 144
1 12 4 11 4 3 179
1 12 4 9 5 4 144
1 12 4 8 0 10 79
1 12 4 7 6 5 165
1 12 4 6 12 0 97
1 12 4 6 1 11 40
1 12 4 5 7 6 108
1 12 4 4 13 1 129
1 12 4 4 2 12 107
1 12 4 3 8 7 171
1 12 4 2 14 2 139
1 12 4 2 3 13 160
1 12 4 1 9 8 52
1 12 4 0 15 3 186
1 12 4 0 4 14 145
1 12 3 15 0 4 180
1 12 3 13 1 5 47
1 12 3 12 7 0 97
1 12 3 11 2 6 140
1 12 3 10 8 1 5
1 12 3 9 3 7 6
1 12 3 8 9 2 64
1 12 3 7 4 8 135
1 12 3 6 10 3 74
1 12 3 5 5 9 15
1 12 3 4 11 4 150
1 12 3 4 0 15 25
1 12 3 3 6 10 144
1 12 3 2 12 5 14
1 12 3 2 1 16 144
1 12 3 1 18 0 70
1 12 3 1 7 11 56
1 12 3 0 13 6 9
1 12 3 0 2 17 25
1 12 2 18 2 0 13
1 12 2 16 3 1 181
1 12 2 14 4 2 198
1 12 2 12 5 3 194
1 12 2 11 0 9 77
1 12 2 10 6 4 6
1 12 2 9 1 10 151
1 12 2 8 7 5 139
1 12 2 7 13 0 164
1 12 2 7 2 11 193
1 12 2 6 8 6 3
1 12 2 5 14 1 114
1 12 2 5 3 12 77
1 12 2 4 9 7 17
1 12 2 3 15 2 114
1 12 2 3 4 13 88
1 12 2 2 10 8 18
1 12 2 1 16 3 10
1 12 2 1 5 14 59
1 12 2 0 11 9 185
1 12 2 0 0 20 2
1 12 1 18 0 3 175
1 12 1 16 1 4 14
1 12 1 14 2 5 147
1 12 1 13 8 0 1
1 12 1 12 3 6 69
1 12 1 11 9 1 189
1 12 1 10 4 7 97
1 12 1 9 10 2 14
1 12 1 8 5 8 147
1 12 1 7 11 3 173
1 12 1 7 0 14 153
1 12 1 6 6 9 13
1 12 1 5 12 4 15
1 12 1 5 1 15 153
1 12 1 4 7 10 188
1 12 1 3 13 5 156
1 12 1 3 2 16 12
1 12 1 2 19 0 75
1 12 1 2 8 11 128
1 12 1 1 14 6 115
1 12 1 1 3 17 111
1 12 1 0 20 1 32
1 12 1 0 9 12 120
1 12 0 19 3 0 59
1 12 0 17 4 1 27
1 12 0 15 5 2 60
1 12 0 14 0 8 56
1 12 0 13 6 3 196
1 12 0 12 1 9 83
1 12 0 11 7 4 90
1 12 0 10 2 10 191
1 12 0 9 8 5 7
1 12 0 8 14 0 127
1 12 0 8 3 11 130
1 12 0 7 9 6 46
1 12 0 6 15 1 149
1 12 0 6 4 12 164
1 12 0 5 10 7 168
1 12 0 4 16 2 76
1 12 0 4 5 13 155
1 12 0 3 11 8 111
1 12 0 3 0 19 99
1 12 0 2 17 3 1
1 12 0 2 6 14 118
1 12 0 1 12 9 134
1 12 0 1 1 20 106
1 12 0 0 18 4 123
1 12 0 0 7 15 113
1 11 23 0 0 0 6
1 11 21 1 1 0 134
1 11 19 2 2 0 85
1 11 19 0 3 1 6
1 11 18 2 0 3 144
1 11 18 0 1 4 79
1 11 17 3 3 0 69
1 11 17 1 4 1 97
1 11 16 5 0 2 167
1 11 16 3 1 3 170
1 11 16 1 2 4 117
1 11 15 4 4 0 182
1 11 15 2 5 1 168
1 11 15 1 0 7 62
1 11 15 0 6 2 74
1 11 14 8 0 1 58
1 11 14 6 1 2 74
1 11 14 4 2 3 147
1 11 14 2 3 4 137
1 11 14 0 4 5 97
1 11 13 5 5 0 98
1 11 13 4 0 6 85
1 11 13 3 6 1 42
1 11 13 2 1 7 107
1 11 13 1 7 2 108
1 11 13 0 2 8 12
1 11 12 11 0 0 166
1 11 12 9 1 1 75
1 11 12 7 2 2 37
1 11 12 5 3 3 68
1 11 12 3 4 4 193
1 11 12 1 5 5 97
1 11 12 0 11 0 142
1 11 12 0 0 11 194
1 11 11 7 0 5 167
1 11 11 6 6 0 59
1 11 11 5 1 6 121
1 11 11 4 7 1 13
1 11 11 3 2 7 87
1 11 11 2 8 2 167
1 11 11 1 3 8 114
1 11 11 0 9 3 164
1 11 10 12 1 0 8
1 11 10 10 2 1 98
1 11 10 8 3 2 25
1 11 10 6 4 3 15
1 11 10 4 5 4 111
1 11 10 3 0 10 171
1 11 10 2 6 5 125
1 11 10 1 12 0 88
1 11 10 1 1 11 130
1 11 10 0 7 6 190
1 11 9 10 0 4 14
1 11 9 8 1 5 185
1 11 9 7 7 0 186
1 11 9 6 2 6 197
1 11 9 5 8 1 39
1 11 9 4 3 7 142
1 11 9 3 9 2 194
1 11 9 2 4 8 75
1 11 9 1 10 3 189
1 11 9 0 5 9 121
1 11 8 13 2 0 137
1 11 8 11 3 1 125
1 11 8 9 4 2 17
1 11 8 7 5 3 139
1 11 8 6 0 9 96
1 11 8 5 6 4 41
1 11 8 4 1 10 59
1 11 8 3 7 5 93
1 11 8 2 13 0 20
1 11 8 2 2 11 149
1 11 8 1 8 6 68
1 11 8 0 14 1 17
1 11 8 0 3 12 179
1 11 7 13 0 3 191
1 11 7 11 1 4 34
1 11 7 9 2 5 124
1 11 7 8 8 0 83
1 11 7 7 3 6 9
1 11 7 6 9 1 33
1 11 7 5 4 7 148
1 11 7 4 10 2 150
1 11 7 3 5 8 169
1 11 7 2 11 3 58
1 11 7 2 0 14 93
1 11 7 1 6 9 156
1 11 7 0 12 4 66
1 11 7 0 1 15 25
1 11 6 14 3 0 21
1 11 6 12 4 1 144
1 11 6 10 5 2 122
1 11 6 9 0 8 48
1 11 6 8 6 3 28
1 11 6 7 1 9 174
1 11 6 6 7 4 85
1 11 6 5 2 10 85
1 11 6 4 8 5 62
1 11 6 3 14 0 155
1 11 6 3 3 11 173
1 11 6 2 9 6 191
1 11 6 1 15 1 60
1 11 6 1 4 12 154
1 11 6 0 10 7 94
1 11 5 16 0 2 156
1 11 5 14 1 3 198
1 11 5 12 2 4 55
1 11 5 10 3 5 67
1 11 5 9 9 0 44
1 11 5 8 4 6 110
1 11 5 7 10 1 190
1 11 5 6 5 7 145
1 11 5 5 11 2 182
1 11 5 5 0 13 141
1 11 5 4 6 8 137
1 11 5 3 12 3 44
1 11 5 3 1 14 155
1 11 5 2 7 9 36
1 11 5 1 13 4 138
1 11 5 1 2 15 99
1 11 5 0 8 10 32
1 11 4 15 4 0 174
1 11 4 13 5 1 99
1 11 4 12 0 7 101
1 11 4 11 6 2 63
1 11 4 10 1 8 136
1 11 4 9 7 3 118
1 11 4 8 2 9 189
1 11 4 7 8 4 90
1 11 4 6 3 10 175
1 11 4 5 9 5 2
1 11 4 4 15 0 8
1 11 4 4 4 11 104
1 11 4 3 10 6 137
1 11 4 2 16 1 81
1 11 4 2 5 12 123
1 11 4 1 11 7 155
1 11 4 1 0 18 63
1 11 4 0 17 2 179
1 11 4 0 6 13 193
1 11 3 19 0 1 116
1 11 3 17 1 2 89
1 11 3 15 2 3 165
1 11 3 13 3 4 182
1 11 3 11 4 5 106
1 11 3 10 10 0 3
1 11 3 9 5 6 14
1 11 3 8 11 1 83
1 11 3 8 0 12 153
1 11 3 7 6 7 81
1 11 3 6 12 2 146
1 11 3 6 1 13 189
1 11 3 5 7 8 66
1 11 3 4 13 3 73
1 11 3 4 2 14 59
1 11 3 3 8 9 197
1 11 3 2 14 4 63
1 11 3 2 3 15 198
1 11 3 1 9 10 197
1 11 3 0 15 5 56
1 11 3 0 4 16 161
1 11 2 16 5 0 18
1 11 2 15 0 6 21
1 11 2 14 6 1 109
1 11 2 13 1 7 3
1 11 2 12 7 2 1
1 11 2 11 2 8 69
1 11 2 10 8 3 15
1 11 2 9 3 9 41
1 11 2 8 9 4 13
1 11 2 7 4 10 56
1 11 2 6 10 5 33
1 11 2 5 16 0 87
1 11 2 5 5 11 6
1 11 2 4 11 6 102
1 11 2 4 0 17 159
1 11 2 3 17 1 104
1 11 2 3 6 12 54
1 11 2 2 12 7 5
1 11 2 2 1 18 126
1 11 2 1 18 2 103
1 11 2 1 7 13 148
1 11 2 0 13 8 4
1 11 2 0 2 19 7
1 11 1 22 0 0 187
1 11 1 18 2 2 94
1 11 1 16 3 3 72
1 11 1 14 4 4 43
1 11 1 12 5 5 70
1 11 1 11 11 0 120
1 11 1 11 0 11 20
1 11 1 10 6 6 198
1 11 1 9 12 1 69
1 11 1 9 1 12 23
1 11 1 8 7 7 34
1 11 1 7 13 2 99
1 11 1 7 2 13 147
1 11 1 6 8 8 152
1 11 1 5 3 14 25
1 11 1 4 9 9 157
1 11 1 3 15 4 66
1 11 1 3 4 15 73
1 11 1 2 10 10 28
1 11 1 1 16 5 106
1 11 1 1 5 16 65
1 11 1 0 22 0 187
1 11 1 0 11 11 142
1 11 1 0 0 22 73
1 11 0 18 0 5 20
1 11 0 17 6 0 3
1 11 0 16 1 6 22
1 11 0 15 7 1 73
1 11 0 14 2 7 145
1 11 0 13 8 2 65
1 11 0 12 3 8 80
1 11 0 11 9 3 29
1 11 0 10 4 9 27
1 11 0 9 10 4 81
1 11 0 8 5 10 122
1 11 0 7 11 5 24
1 11 0 7 0 16 16
1 11 0 6 17 0 26
1 11 0 6 6 11 69
1 11 0 5 12 6 38
1 11 0 5 1 17 163
1 11 0 4 18 1 51
1 11 0 4 7 12 165
1 11 0 3 13 7 195
1 11 0 3 2 18 18
1 11 0 2 19 2 57
1 11 0 2 8 13 60
1 11 0 1 14 8 5
1 11 0 1 3 19 175
1 11 0 0 20 3 54
1 11 0 0 9 14 23
1 10 22 0 0 2 195
1 10 20 3 0 1 178
1 10 20 1 1 2 71
1 10 19 0 5 0 99
1 10 18 6 0 0 122
1 10 18 4 1 1 94
1 10 18 2 2 2 119
1 10 18 0 3 3 128
1 10 17 2 0 5 114
1 10 17 1 6 0 174
1 10 17 0 1 6 96
1 10 16 7 1 0 107
1 10 16 5 2 1 182
1 10 16 3 3 2 68
1 10 16 1 4 3 169
1 10 15 5 0 4 165
1 10 15 3 1 5 195
1 10 15 2 7 0 108
1 10 15 1 2 6 114
1 10 15 0 8 1 19
1 10 14 8 2 0 30
1 10 14 6 3 1 140
1 10 14 4 4 2 52
1 10 14 2 5 3 31
1 10 14 1 0 9 85
1 10 14 0 6 4 180
1 10 13 8 0 3 89
1 10 13 6 1 4 115
1 10 13 4 2 5 122
1 10 13 3 8 0 82
1 10 13 2 3 6 180
1 10 13 1 9 1 25
1 10 13 0 4 7 56
1 10 12 9 3 0 105
1 10 12 7 4 1 93
1 10 12 5 5 2 48
1 10 12 4 0 8 110
1 10 12 3 6 3 67
1 10 12 2 1 9 13
1 10 12 1 7 4 26
1 10 12 0 2 10 21
1 10 11 11 0 2 138
1 10 11 9 1 3 149
1 10 11 7 2 4 42
1 10 11 5 3 5 124
1 10 11 4 9 0 12
1 10 11 3 4 6 176
1 10 11 2 10 1 56
1 10 11 1 5 7 58
1 10 11 0 11 2 85
1 10 11 0 0 13 159
1 10 10 10 4 0 134
1 10 10 8 5 1 187
1 10 10 7 0 7 61
1 10 10 6 6 2 196
1 10 10 5 1 8 58
1 10 10 4 7 3 190
1 10 10 3 2 9 2
1 10 10 2 8 4 35
1 10 10 1 3 10 87
1 10 10 0 9 5 154
1 10 9 14 0 1 83
1 10 9 12 1 2 26
1 10 9 10 2 3 141
1 10 9 8 3 4 142
1 10 9 6 4 5 30
1 10 9 5 10 0 96
1 10 9 4 5 6 53
1 10 9 3 11 1 184
1 10 9 3 0 12 86
1 10 9 2 6 7 86
1 10 9 1 12 2 67
1 10 9 1 1 13 137
1 10 9 0 7 8 20
1 10 8 11 5 0 141
1 10 8 10 0 6 79
1 10 8 9 6 1 164
1 10 8 8 1 7 140
1 10 8 7 7 2 54
1 10 8 6 2 8 175
1 10 8 5 8 3 128
1 10 8 4 3 9 82
1 10 8 3 9 4 148
1 10 8 1 10 5 189
1 10 8 0 16 0 169
1 10 8 0 5 11 12
1 10 7 17 0 0 111
1 10 7 15 1 1 63
1 10 7 13 2 2 31
1 10 7 11 3 3 185
1 10 7 9 4 4 76
1 10 7 7 5 5 62
1 10 7 6 11 0 187
1 10 7 6 0 11 29
1 10 7 5 6 6 174
1 10 7 4 12 1 131
1 10 7 4 1 12 136
1 10 7 3 7 7 147
1 10 7 2 13 2 44
1 10 7 2 2 13 54
1 10 7 1 8 8 110
1 10 7 0 14 3 133
1 10 7 0 3 14 89
1 10 6 13 0 5 167
1 10 6 12 6 0 98
1 10 6 11 1 6 146
1 10 6 10 7 1 44
1 10 6 9 2 7 116
1 10 6 8 8 2 159
1 10 6 7 3 8 83
1 10 6 6 9 3 167
1 10 6 5 4 9 71
1 10 6 4 10 4 116
1 10 6 3 5 10 121
1 10 6 2 11 5 170
1 10 6 2 0 16 122
1 10 6 1 17 0 52
1 10 6 1 6 11 49
1 10 6 0 12 6 182
1 10 6 0 1 17 127
1 10 5 18 1 0 145
1 10 5 16 2 1 135
1 10 5 14 3 2 65
1 10 5 12 4 3 194
1 10 5 10 5 4 116
1 10 5 9 0 10 117
1 10 5 8 6 5 4
1 10 5 7 12 0 178
1 10 5 7 1 11 33
1 10 5 6 7 6 81
1 10 5 5 13 1 198
1 10 5 5 2 12 99
1 10 5 4 8 7 71
1 10 5 3 14 2 122
1 10 5 3 3 13 74
1 10 5 2 9 8 152
1 10 5 1 15 3 107
1 10 5 1 4 14 189
1 10 5 0 10 9 28
1 10 4 16 0 4 136
1 10 4 14 1 5 118
1 10 4 13 7 0 118
1 10 4 12 2 6 194
1 10 4 11 8 1 71
1 10 4 10 3 7 88
1 10 4 9 9 2 87
1 10 4 8 4 8 149
1 10 4 7 10 3 116
1 10 4 6 5 9 140
1 10 4 5 11 4 141
1 10 4 5 0 15 25
1 10 4 4 6 10 181
1 10 4 3 12 5 4
1 10 4 3 1 16 48
1 10 4 2 18 0 56
1 10 4 2 7 11 42
1 10 4 1 13 6 135
1 10 4 1 2 17 66
1 10 4 0 19 1 56
1 10 4 0 8 12 57
1 10 3 19 2 0 98
1 10 3 17 3 1 98
1 10 3 15 4 2 26
1 10 3 13 5 3 67
1 10 3 12 0 9 45
1 10 3 11 6 4 55
1 10 3 10 1 10 96
1 10 3 9 7 5 192
1 10 3 8 13 0 1
1 10 3 8 2 11 107
1 10 3 7 8 6 52
1 10 3 6 14 1 57
1 10 3 6 3 12 148
1 10 3 5 9 7 151
1 10 3 4 15 2 184
1 10 3 4 4 13 105
1 10 3 3 10 8 118
1 10 3 2 16 3 50
1 10 3 2 5 14 8
1 10 3 1 11 9 108
1 10 3 1 0 20 59
1 10 3 0 17 4 169
1 10 3 0 6 15 169
1 10 2 19 0 3 166
1 10 2 17 1 4 117
1 10 2 15 2 5 96
1 10 2 14 8 0 80
1 10 2 13 3 6 197
1 10 2 12 9 1 86
1 10 2 11 4 7 114
1 10 2 10 10 2 163
1 10 2 9 5 8 119
1 10 2 8 11 3 190
1 10 2 8 0 14 68
1 10 2 7 6 9 157
1 10 2 6 12 4 142
1 10 2 6 1 15 86
1 10 2 5 7 10 88
1 10 2 4 13 5 179
1 10 2 4 2 16 12
1 10 2 3 19 0 151
1 10 2 3 8 11 33
1 10 2 2 14 6 197
1 10 2 2 3 17 15
1 10 2 1 20 1 5
1 10 2 1 9 12 6
1 10 2 0 15 7 189
1 10 2 0 4 18 113
1 10 1 20 3 0 174
1 10 1 18 4 1 182
1 10 1 16 5 2 36
1 10 1 15 0 8 166
1 10 1 14 6 3 124
1 10 1 13 1 9 61
1 10 1 12 7 4 171
1 10 1 11 2 10 120
1 10 1 10 8 5 36
1 10 1 9 14 0 86
1 10 1 9 3 11 148
1 10 1 8 9 6 80
1 10 1 7 15 1 24
1 10 1 7 4 12 150
1 10 1 6 10 7 20
1 10 1 5 16 2 62
1 10 1 5 5 13 99
1 10 1 4 11 8 162
1 10 1 4 0 19 77
1 10 1 3 17 3 130
1 10 1 3 6 14 68
1 10 1 2 12 9 45
1 10 1 2 1 20 21
1 10 1 1 18 4 84
1 10 1 1 7 15 25
1 10 1 0 13 10 101
1 10 1 0 2 21 166
1 10 0 22 0 2 18
1 10 0 20 1 3 186
1 10 0 18 2 4 173
1 10 0 16 3 5 8
1 10 0 15 9 0 91
1 10 0 14 4 6 9
1 10 0 13 10 1 17
1 10 0 12 5 7 93
1 10 0 11 11 2 15
1 10 0 11 0 13 83
1 10 0 10 6 8 78
1 10 0 9 12 3 89
1 10 0 9 1 14 24
1 10 0 8 7 9 148
1 10 0 7 13 4 105
1 10 0 7 2 15 80
1 10 0 6 8 10 179
1 10 0 5 14 5 92
1 10 0 5 3 16 40
1 10 0 4 20 0 50
1 10 0 4 9 11 89
1 10 0 3 15 6 60
1 10 0 3 4 17 181
1 10 0 2 21 1 23
1 10 0 2 10 12 141
1 10 0 1 16 7 5
1 10 0 1 5 18 28
1 10 0 0 22 2 167
1 10 0 0 11 13 28
1 10 0 0 0 24 189
1 9 24 1 0 0 108
1 9 22 2 1 0 100
1 9 22 0 2 1 132
1 9 21 0 0 4 55
1 9 20 3 2 0 185
1 9 20 1 3 1 36
1 9 19 3 0 3 152
1 9 19 1 1 4 22
1 9 18 4 3 0 12
1 9 18 2 4 1 68
1 9 18 0 5 2 15
1 9 17 6 0 2 51
1 9 17 4 1 3 40
1 9 17 2 2 4 21
1 9 17 0 3 5 116
1 9 16 5 4 0 65
1 9 16 3 5 1 164
1 9 16 2 0 7 8
1 9 16 1 6 2 187
1 9 16 0 1 8 15
1 9 15 9 0 1 94
1 9 15 7 1 2 78
1 9 15 5 2 3 34
1 9 15 3 3 4 86
1 9 15 1 4 5 198
1 9 15 0 10 0 127
1 9 14 6 5 0 185
1 9 14 5 0 6 74
1 9 14 4 6 1 184
1 9 14 3 1 7 178
1 9 14 2 7 2 10
1 9 14 1 2 8 157
1 9 14 0 8 3 107
1 9 13 12 0 0 62
1 9 13 10 1 1 144
1 9 13 8 2 2 136
1 9 13 6 3 3 79
1 9 13 4 4 4 17
1 9 13 2 5 5 147
1 9 13 1 11 0 150
1 9 13 1 0 11 62
1 9 13 0 6 6 111
1 9 12 8 0 5 70
1 9 12 7 6 0 33
1 9 12 6 1 6 2
1 9 12 5 7 1 94
1 9 12 4 2 7 78
1 9 12 3 8 2 18
1 9 12 2 3 8 48
1 9 12 1 9 3 28
1 9 12 0 4 9 188
1 9 11 13 1 0 108
1 9 11 11 2 1 133
1 9 11 9 3 2 89
1 9 11 7 4 3 154
1 9 11 5 5 4 58
1 9 11 4 0 10 181
1 9 11 3 6 5 109
1 9 11 2 12 0 154
1 9 11 2 1 11 64
1 9 11 1 7 6 87
1 9 11 0 13 1 77
1 9 11 0 2 12 197
1 9 10 11 0 4 62
1 9 10 9 1 5 36
1 9 10 8 7 0 69
1 9 10 7 2 6 193
1 9 10 6 8 1 125
1 9 10 5 3 7 53
1 9 10 4 9 2 67
1 9 10 3 4 8 28
1 9 10 2 10 3 183
1 9 10 1 5 9 97
1 9 10 0 11 4 187
1 9 10 0 0 15 189
1 9 9 14 2 0 178
1 9 9 12 3 1 90
1 9 9 10 4 2 181
1 9 9 8 5 3 179
1 9 9 7 0 9 103
1 9 9 6 6 4 107
1 9 9 5 1 10 100
1 9 9 4 7 5 21
1 9 9 3 13 0 4
1 9 9 3 2 11 15
1 9 9 2 8 6 102
1 9 9 1 3 12 18
1 9 9 0 9 7 44
1 9 8 14 0 3 193
1 9 8 12 1 4 93
1 9 8 10 2 5 186
1 9 8 9 8 0 21
1 9 8 8 3 6 112
1 9 8 7 9 1 88
1 9 8 6 4 7 82
1 9 8 5 10 2 123
1 9 8 4 5 8 133
1 9 8 3 11 3 178
1 9 8 3 0 14 127
1 9 8 2 6 9 61
1 9 8 1 12 4 50
1 9 8 1 1 15 187
1 9 8 0 7 10 80
1 9 7 15 3 0 102
1 9 7 13 4 1 55
1 9 7 11 5 2 196
1 9 7 10 0 8 112
1 9 7 9 6 3 57
1 9 7 8 1 9 124
1 9 7 7 7 4 147
1 9 7 6 2 10 42
1 9 7 5 8 5 131
1 9 7 4 14 0 21
1 9 7 4 3 11 6
1 9 7 3 9 6 116
1 9 7 2 15 1 178
1 9 7 2 4 12 24
1 9 7 1 10 7 95
1 9 7 0 16 2 139
1 9 7 0 5 13 196
1 9 6 17 0 2 26
1 9 6 15 1 3 195
1 9 6 13 2 4 94
1 9 6 11 3 5 97
1 9 6 10 9 0 56
1 9 6 8 10 1 165
1 9 6 7 5 7 6
1 9 6 6 11 2 116
1 9 6 6 0 13 142
1 9 6 5 6 8 95
1 9 6 4 12 3 75
1 9 6 4 1 14 143
1 9 6 3 7 9 18
1 9 6 2 13 4 98
1 9 6 2 2 15 28
1 9 6 1 8 10 12
1 9 6 0 14 5 194
1 9 6 0 3 16 83
1 9 5 16 4 0 184
1 9 5 14 5 1 170
1 9 5 13 0 7 182
1 9 5 12 6 2 71
1 9 5 11 1 8 195
1 9 5 10 7 3 156
1 9 5 9 2 9 161
1 9 5 8 8 4 94
1 9 5 7 3 10 108
1 9 5 6 9 5 93
1 9 5 5 15 0 168
1 9 5 5 4 11 175
1 9 5 4 10 6 98
1 9 5 3 16 1 152
1 9 5 3 5 12 152
1 9 5 2 11 7 186
1 9 5 2 0 18 64
1 9 5 1 17 2 36
1 9 5 1 6 13 109
1 9 5 0 12 8 73
1 9 5 0 1 19 42
1 9 4 20 0 1 169
1 9 4 18 1 2 156
1 9 4 16 2 3 158
1 9 4 14 3 4 24
1 9 4 12 4 5 56
1 9 4 11 10 0 131
1 9 4 10 5 6 154
1 9 4 9 11 1 177
1 9 4 9 0 12 54
1 9 4 8 6 7 86
1 9 4 7 12 2 88
1 9 4 7 1 13 132
1 9 4 6 7 8 68
1 9 4 5 13 3 22
1 9 4 5 2 14 27
1 9 4 4 8 9 91
1 9 4 3 14 4 11
1 9 4 3 3 15 117
1 9 4 2 9 10 9
1 9 4 1 15 5 81
1 9 4 1 4 16 195
1 9 4 0 21 0 107
1 9 4 0 10 11 161
1 9 3 17 5 0 9
1 9 3 16 0 6 54
1 9 3 15 6 1 142
1 9 3 14 1 7 47
1 9 3 13 7 2 4
1 9 3 12 2 8 23
1 9 3 11 8 3 123
1 9 3 10 3 9 75
1 9 3 9 9 4 146
1 9 3 8 4 10 161
1 9 3 7 10 5 15
1 9 3 6 16 0 168
1 9 3 6 5 11 148
1 9 3 5 11 6 155
1 9 3 5 0 17 93
1 9 3 4 17 1 7
1 9 3 4 6 12 39
1 9 3 3 12 7 4
1 9 3 3 1 18 30
1 9 3 2 18 2 180
1 9 3 2 7 13 178
1 9 3 1 13 8 140
1 9 3 1 2 19 92
1 9 3 0 19 3 79
1 9 3 0 8 14 138
1 9 2 23 0 0 197
1 9 2 21 1 1 145
1 9 2 19 2 2 30
1 9 2 17 3 3 120
1 9 2 15 4 4 35
1 9 2 13 5 5 13
1 9 2 12 11 0 161
1 9 2 12 0 11 45
1 9 2 11 6 6 2
1 9 2 10 12 1 144
1 9 2 10 1 12 194
1 9 2 9 7 7 172
1 9 2 8 13 2 179
1 9 2 8 2 13 26
1 9 2 7 8 8 180
1 9 2 6 14 3 186
1 9 2 6 3 14 161
1 9 2 5 9 9 21
1 9 2 4 15 4 16
1 9 2 4 4 15 10
1 9 2 3 10 10 96
1 9 2 2 16 5 73
1 9 2 2 5 16 103
1 9 2 1 22 0 40
1 9 2 1 11 11 29
1 9 2 1 0 22 29
1 9 2 0 17 6 37
1 9 2 0 6 17 119
1 9 1 19 0 5 113
1 9 1 18 6 0 123
1 9 1 17 1 6 50
1 9 1 16 7 1 190
1 9 1 15 2 7 167
1 9 1 14 8 2 140
1 9 1 13 3 8 87
1 9 1 12 9 3 39
1 9 1 11 4 9 73
1 9 1 10 10 4 15
1 9 1 9 5 10 50
1 9 1 8 11 5 136
1 9 1 8 0 16 186
1 9 1 7 17 0 81
1 9 1 7 6 11 150
1 9 1 6 12 6 49
1 9 1 6 1 17 190
1 9 1 5 18 1 36
1 9 1 5 7 12 60
1 9 1 4 13 7 108
1 9 1 4 2 18 115
1 9 1 3 19 2 16
1 9 1 3 8 13 31
1 9 1 2 14 8 198
1 9 1 2 3 19 131
1 9 1 1 20 3 40
1 9 1 1 9 14 34
1 9 1 0 15 9 146
1 9 1 0 4 20 8
1 9 0 24 1 0 125
1 9 0 20 3 2 5
1 9 0 18 4 3 80
1 9 0 16 5 4 154
1 9 0 15 0 10 40
1 9 0 14 6 5 88
1 9 0 13 12 0 124
1 9 0 13 1 11 169
1 9 0 12 7 6 167
1 9 0 11 13 1 123
1 9 0 11 2 12 106
1 9 0 10 8 7 117
1 9 0 9 14 2 177
1 9 0 9 3 13 15
1 9 0 8 9 8 156
1 9 0 7 15 3 71
1 9 0 7 4 14 142
1 9 0 6 10 9 183
1 9 0 5 16 4 100
1 9 0 5 5 15 150
1 9 0 4 11 10 149
1 9 0 4 0 21 123
1 9 0 3 17 5 27
1 9 0 3 6 16 130
1 9 0 2 23 0 132
1 9 0 2 12 11 63
1 9 0 2 1 22 195
1 9 0 1 18 6 86
1 9 0 1 7 17 153
1 9 0 0 24 1 85
1 9 0 0 13 12 96
1 9 0 0 2 23 143
1 8 23 1 0 2 94
1 8 22 0 4 0 170
1 8 21 4 0 1 53
1 8 21 2 1 2 121
1 8 21 0 2 3 138
1 8 20 1 5 0 49
1 8 20 0 0 6 164
1 8 19 7 0 0 24
1 8 19 5 1 1 36
1 8 19 3 2 2 44
1 8 19 1 3 3 79
1 8 18 3 0 5 154
1 8 18 2 6 0 96
1 8 18 1 1 6 111
1 8 18 0 7 1 38
1 8 17 8 1 0 152
1 8 17 6 2 1 142
1 8 17 4 3 2 195
1 8 17 2 4 3 36
1 8 17 0 5 4 70
1 8 16 6 0 4 63
1 8 16 4 1 5 121
1 8 16 3 7 0 3
1 8 16 2 2 6 166
1 8 16 1 8 1 170
1 8 16 0 3 7 100
1 8 15 9 2 0 159
1 8 15 7 3 1 61
1 8 15 5 4 2 55
1 8 15 3 5 3 139
1 8 15 2 0 9 81
1 8 15 1 6 4 8
1 8 15 0 1 10 170
1 8 14 9 0 3 117
1 8 14 7 1 4 27
1 8 14 5 2 5 191
1 8 14 4 8 0 144
1 8 14 3 3 6 47
1 8 14 2 9 1 95
1 8 14 1 4 7 165
1 8 14 0 10 2 5
1 8 13 10 3 0 134
1 8 13 8 4 1 122
1 8 13 6 5 2 165
1 8 13 5 0 8 139
1 8 13 4 6 3 83
1 8 13 3 1 9 174
1 8 13 2 7 4 26
1 8 13 1 2 10 63
1 8 13 0 8 5 86
1 8 12 12 0 2 83
1 8 12 10 1 3 89
1 8 12 8 2 4 171
1 8 12 6 3 5 187
1 8 12 5 9 0 90
1 8 12 4 4 6 193
1 8 12 3 10 1 13
1 8 12 2 5 7 180
1 8 12 1 11 2 16
1 8 12 1 0 13 58
1 8 12 0 6 8 36
1 8 11 11 4 0 133
1 8 11 9 5 1 88
1 8 11 8 0 7 17
1 8 11 7 6 2 131
1 8 11 6 1 8 154
1 8 11 5 7 3 54
1 8 11 4 2 9 145
1 8 11 3 8 4 175
1 8 11 2 3 10 7
1 8 11 1 9 5 7
1 8 11 0 15 0 67
1 8 11 0 4 11 82
1 8 10 15 0 1 187
1 8 10 13 1 2 95
1 8 10 11 2 3 120
1 8 10 9 3 4 120
1 8 10 7 4 5 188
1 8 10 6 10 0 139
1 8 10 5 5 6 26
1 8 10 4 11 1 182
1 8 10 4 0 12 104
1 8 10 3 6 7 180
1 8 10 2 12 2 142
1 8 10 2 1 13 144
1 8 10 1 7 8 64
1 8 10 0 13 3 185
1 8 10 0 2 14 36
1 8 9 12 5 0 70
1 8 9 11 0 6 13
1 8 9 10 6 1 84
1 8 9 9 1 7 105
1 8 9 8 7 2 195
1 8 9 7 2 8 124
1 8 9 6 8 3 58
1 8 9 5 3 9 98
1 8 9 4 9 4 106
1 8 9 3 4 10 111
1 8 9 2 10 5 63
1 8 9 1 16 0 132
1 8 9 1 5 11 173
1 8 9 0 11 6 99
1 8 9 0 0 17 147
1 8 8 18 0 0 191
1 8 8 16 1 1 25
1 8 8 14 2 2 153
1 8 8 12 3 3 13
1 8 8 10 4 4 82
1 8 8 8 5 5 154
1 8 8 7 11 0 25
1 8 8 7 0 11 146
1 8 8 6 6 6 46
1 8 8 5 12 1 42
1 8 8 5 1 12 83
1 8 8 4 7 7 133
1 8 8 3 13 2 90
1 8 8 3 2 13 79
1 8 8 2 8 8 64
1 8 8 1 14 3 178
1 8 8 1 3 14 11
1 8 8 0 9 9 180
1 8 7 14 0 5 37
1 8 7 13 6 0 193
1 8 7 12 1 6 188
1 8 7 11 7 1 34
1 8 7 10 2 7 182
1 8 7 9 8 2 58
1 8 7 8 3 8 18
1 8 7 7 9 3 71
1 8 7 6 4 9 136
1 8 7 5 10 4 50
1 8 7 4 5 10 65
1 8 7 3 11 5 62
1 8 7 3 0 16 81
1 8 7 2 17 0 90
1 8 7 2 6 11 170
1 8 7 1 12 6 6
1 8 7 1 1 17 23
1 8 7 0 18 1 136
1 8 7 0 7 12 91
1 8 6 19 1 0 146
1 8 6 17 2 1 131
1 8 6 15 3 2 186
1 8 6 13 4 3 148
1 8 6 11 5 4 101
1 8 6 10 0 10 44
1 8 6 9 6 5 101
1 8 6 8 12 0 153
1 8 6 8 1 11 137
1 8 6 7 7 6 57
1 8 6 6 13 1 37
1 8 6 6 2 12 185
1 8 6 5 8 7 78
1 8 6 4 3 13 58
1 8 6 3 9 8 121
1 8 6 2 15 3 119
1 8 6 2 4 14 137
1 8 6 1 10 9 55
1 8 6 0 16 4 74
1 8 6 0 5 15 7
1 8 5 17 0 4 36
1 8 5 15 1 5 120
1 8 5 14 7 0 8
1 8 5 13 2 6 192
1 8 5 12 8 1 70
1 8 5 11 3 7 43
1 8 5 10 9 2 110
1 8 5 9 4 8 188
1 8 5 8 10 3 138
1 8 5 7 5 9 78
1 8 5 6 11 4 144
1 8 5 6 0 15 110
1 8 5 5 6 10 141
1 8 5 4 12 5 96
1 8 5 4 1 16 90
1 8 5 3 18 0 175
1 8 5 3 7 11 40
1 8 5 2 13 6 138
1 8 5 2 2 17 10
1 8 5 1 19 1 50
1 8 5 1 8 12 79
1 8 5 0 14 7 4
1 8 5 0 3 18 171
1 8 4 20 2 0 11
1 8 4 18 3 1 105
1 8 4 16 4 2 88
1 8 4 14 5 3 136
1 8 4 13 0 9 69
1 8 4 12 6 4 94
1 8 4 11 1 10 45
1 8 4 10 7 5 53
1 8 4 9 13 0 78
1 8 4 9 2 11 45
1 8 4 8 8 6 180
1 8 4 7 14 1 181
1 8 4 7 3 12 197
1 8 4 6 9 7 165
1 8 4 5 15 2 84
1 8 4 5 4 13 133
1 8 4 4 10 8 30
1 8 4 3 16 3 4
1 8 4 3 5 14 137
1 8 4 2 11 9 53
1 8 4 2 0 20 87
1 8 4 1 17 4 12
1 8 4 0 12 10 15
1 8 4 0 1 21 33
1 8 3 20 0 3 107
1 8 3 18 1 4 84
1 8 3 16 2 5 64
1 8 3 15 8 0 98
1 8 3 14 3 6 56
1 8 3 13 9 1 185
1 8 3 12 4 7 52
1 8 3 11 10 2 79
1 8 3 10 5 8 157
1 8 3 9 11 3 118
1 8 3 9 0 14 110
1 8 3 8 6 9 33
1 8 3 7 12 4 56
1 8 3 7 1 15 41
1 8 3 6 7 10 166
1 8 3 5 13 5 70
1 8 3 5 2 16 60
1 8 3 4 19 0 96
1 8 3 4 8 11 32
1 8 3 3 14 6 121
1 8 3 3 3 17 33
1 8 3 2 20 1 157
1 8 3 2 9 12 80
1 8 3 1 15 7 189
1 8 3 1 4 18 192
1 8 3 0 21 2 145
1 8 3 0 10 13 32
1 8 2 21 3 0 158
1 8 2 19 4 1 14
1 8 2 17 5 2 192
1 8 2 16 0 8 143
1 8 2 15 6 3 103
1 8 2 14 1 9 5
1 8 2 13 7 4 36
1 8 2 12 2 10 110
1 8 2 11 8 5 154
1 8 2 10 14 0 189
1 8 2 10 3 11 165
1 8 2 9 9 6 18
1 8 2 8 4 12 52
1 8 2 7 10 7 133
1 8 2 6 16 2 19
1 8 2 6 5 13 27
1 8 2 5 11 8 75
1 8 2 5 0 19 152
1 8 2 4 17 3 113
1 8 2 4 6 14 115
1 8 2 3 12 9 91
1 8 2 3 1 20 185
1 8 2 2 18 4 33
1 8 2 2 7 15 119
1 8 2 1 13 10 170
1 8 2 1 2 21 165
1 8 2 0 19 5 170
1 8 2 0 8 16 4
1 8 1 23 0 2 125
1 8 1 21 1 3 86
1 8 1 19 2 4 128
1 8 1 17 3 5 161
1 8 1 16 9 0 2
1 8 1 15 4 6 162
1 8 1 14 10 1 38
1 8 1 13 5 7 18
1 8 1 12 11 2 38
1 8 1 12 0 13 66
1 8 1 11 6 8 5
1 8 1 10 12 3 121
1 8 1 10 1 14 114
1 8 1 9 7 9 33
1 8 1 8 13 4 88
1 8 1 8 2 15 108
1 8 1 7 8 10 22
1 8 1 6 14 5 6
1 8 1 6 3 16 25
1 8 1 5 20 0 166
1 8 1 5 9 11 89
1 8 1 4 15 6 77
1 8 1 4 4 17 65
1 8 1 3 21 1 92
1 8 1 3 10 12 88
1 8 1 2 16 7 174
1 8 1 2 5 18 84
1 8 1 1 22 2 195
1 8 1 1 11 13 97
1 8 1 1 0 24 47
1 8 1 0 17 8 165
1 8 1 0 6 19 128
1 8 0 22 4 0 104
1 8 0 20 5 1 154
1 8 0 19 0 7 39
1 8 0 18 6 2 114
1 8 0 17 1 8 94
1 8 0 16 7 3 11
1 8 0 15 2 9 113
1 8 0 14 8 4 187
1 8 0 13 3 10 92
1 8 0 12 9 5 65
1 8 0 11 15 0 162
1 8 0 11 4 11 175
1 8 0 10 10 6 35
1 8 0 9 16 1 12
1 8 0 9 5 12 16
1 8 0 8 11 7 197
1 8 0 8 0 18 36
1 8 0 7 17 2 111
1 8 0 7 6 13 158
1 8 0 6 12 8 98
1 8 0 6 1 19 128
1 8 0 5 18 3 6
1 8 0 5 7 14 129
1 8 0 4 13 9 181
1 8 0 3 19 4 93
1 8 0 3 8 15 143
1 8 0 2 14 10 178
1 8 0 2 3 21 166
1 8 0 1 20 5 85
1 8 0 1 9 16 128
1 8 0 0 26 0 102
1 8 0 0 15 11 13
1 8 0 0 4 22 36
1 7 25 2 0 0 116
1 7 25 0 1 1 16
1 7 23 3 1 0 190
1 7 23 1 2 1 154
1 7 22 1 0 4 90
1 7 21 4 2 0 175
1 7 21 2 3 1 24
1 7 21 0 4 2 129
1 7 20 4 0 3 53
1 7 20 2 1 4 180
1 7 20 0 2 5 153
1 7 19 5 3 0 110
1 7 19 3 4 1 184
1 7 19 1 5 2 149
1 7 19 0 0 8 181
1 7 18 7 0 2 166
1 7 18 5 1 3 83
1 7 18 3 2 4 10
1 7 18 1 3 5 100
1 7 18 0 9 0 97
1 7 17 6 4 0 156
1 7 17 4 5 1 138
1 7 17 3 0 7 65
1 7 17 2 6 2 41
1 7 17 1 1 8 12
1 7 17 0 7 3 181
1 7 16 10 0 1 39
1 7 16 8 1 2 15
1 7 16 6 2 3 13
1 7 16 4 3 4 143
1 7 16 2 4 5 181
1 7 16 1 10 0 67
1 7 16 0 5 6 133
1 7 15 7 5 0 76
1 7 15 6 0 6 99
1 7 15 5 6 1 185
1 7 15 4 1 7 75
1 7 15 3 7 2 24
1 7 15 2 2 8 20
1 7 15 1 8 3 122
1 7 15 0 3 9 139
1 7 14 13 0 0 94
1 7 14 11 1 1 13
1 7 14 9 2 2 52
1 7 14 7 3 3 59
1 7 14 5 4 4 106
1 7 14 3 5 5 68
1 7 14 2 11 0 30
1 7 14 2 0 11 45
1 7 14 1 6 6 26
1 7 14 0 12 1 171
1 7 14 0 1 12 47
1 7 13 9 0 5 25
1 7 13 8 6 0 117
1 7 13 7 1 6 186
1 7 13 6 7 1 32
1 7 13 5 2 7 34
1 7 13 4 8 2 122
1 7 13 3 3 8 36
1 7 13 2 9 3 154
1 7 13 1 4 9 29
1 7 13 0 10 4 88
1 7 12 14 1 0 76
1 7 12 12 2 1 65
1 7 12 10 3 2 150
1 7 12 8 4 3 157
1 7 12 6 5 4 2
1 7 12 5 0 10 117
1 7 12 4 6 5 45
1 7 12 3 12 0 119
1 7 12 3 1 11 184
1 7 12 2 7 6 135
1 7 12 1 13 1 39
1 7 12 1 2 12 23
1 7 12 0 8 7 87
1 7 11 12 0 4 25
1 7 11 10 1 5 156
1 7 11 9 7 0 44
1 7 11 8 2 6 32
1 7 11 7 8 1 24
1 7 11 6 3 7 31
1 7 11 5 9 2 58
1 7 11 4 4 8 101
1 7 11 3 10 3 185
1 7 11 2 5 9 7
1 7 11 1 11 4 134
1 7 11 1 0 15 26
1 7 11 0 6 10 59
1 7 10 15 2 0 18
1 7 10 13 3 1 73
1 7 10 11 4 2 117
1 7 10 9 5 3 190
1 7 10 8 0 9 95
1 7 10 7 6 4 134
1 7 10 6 1 10 133
1 7 10 5 7 5 36
1 7 10 4 13 0 56
1 7 10 4 2 11 164
1 7 10 3 8 6 87
1 7 10 2 14 1 172
1 7 10 2 3 12 187
1 7 10 1 9 7 83
1 7 10 0 15 2 75
1 7 10 0 4 13 4
1 7 9 15 0 3 43
1 7 9 13 1 4 98
1 7 9 11 2 5 84
1 7 9 10 8 0 159
1 7 9 9 3 6 78
1 7 9 8 9 1 43
1 7 9 7 4 7 174
1 7 9 6 10 2 102
1 7 9 5 5 8 123
1 7 9 4 11 3 121
1 7 9 4 0 14 195
1 7 9 3 6 9 13
1 7 9 2 12 4 139
1 7 9 2 1 15 91
1 7 9 1 7 10 65
1 7 9 0 13 5 40
1 7 9 0 2 16 62
1 7 8 16 3 0 37
1 7 8 14 4 1 48
1 7 8 12 5 2 35
1 7 8 11 0 8 191
1 7 8 10 6 3 84
1 7 8 9 1 9 156
1 7 8 8 7 4 87
1 7 8 7 2 10 142
1 7 8 6 8 5 109
1 7 8 5 14 0 115
1 7 8 5 3 11 126
1 7 8 4 9 6 60
1 7 8 3 15 1 166
1 7 8 3 4 12 133
1 7 8 2 10 7 74
1 7 8 1 16 2 180
1 7 8 1 5 13 82
1 7 8 0 11 8 106
1 7 8 0 0 19 25
1 7 7 18 0 2 17
1 7 7 16 1 3 137
1 7 7 14 2 4 114
1 7 7 12 3 5 152
1 7 7 11 9 0 100
1 7 7 10 4 6 5
1 7 7 9 10 1 29
1 7 7 8 5 7 141
1 7 7 7 11 2 105
1 7 7 7 0 13 162
1 7 7 6 6 8 171
1 7 7 5 12 3 172
1 7 7 5 1 14 101
1 7 7 4 7 9 181
1 7 7 3 13 4 86
1 7 7 3 2 15 191
1 7 7 2 8 10 23
1 7 7 1 14 5 171
1 7 7 1 3 16 15
1 7 7 0 20 0 112
1 7 7 0 9 11 198
1 7 6 17 4 0 153
1 7 6 15 5 1 98
1 7 6 14 0 7 50
1 7 6 13 6 2 19
1 7 6 12 1 8 131
1 7 6 11 7 3 47
1 7 6 10 2 9 19
1 7 6 9 8 4 77
1 7 6 8 3 10 142
1 7 6 7 9 5 6
1 7 6 6 15 0 185
1 7 6 6 4 11 178
1 7 6 5 10 6 110
1 7 6 4 16 1 173
1 7 6 4 5 12 124
1 7 6 3 11 7 98
1 7 6 3 0 18 30
1 7 6 2 17 2 36
1 7 6 2 6 13 140
1 7 6 1 12 8 18
1 7 6 1 1 19 85
1 7 6 0 18 3 149
1 7 6 0 7 14 28
1 7 5 21 0 1 160
1 7 5 19 1 2 107
1 7 5 17 2 3 33
1 7 5 15 3 4 54
1 7 5 13 4 5 99
1 7 5 12 10 0 6
1 7 5 11 5 6 4
1 7 5 10 11 1 74
1 7 5 10 0 12 135
1 7 5 9 6 7 143
1 7 5 8 12 2 110
1 7 5 8 1 13 99
1 7 5 7 7 8 37
1 7 5 6 13 3 147
1 7 5 6 2 14 188
1 7 5 5 8 9 167
1 7 5 4 14 4 125
1 7 5 4 3 15 25
1 7 5 3 9 10 20
1 7 5 2 15 5 4
1 7 5 2 4 16 71
1 7 5 1 21 0 52
1 7 5 1 10 11 166
1 7 5 0 16 6 79
1 7 5 0 5 17 146
1 7 4 18 5 0 123
1 7 4 17 0 6 159
1 7 4 16 6 1 181
1 7 4 15 1 7 87
1 7 4 14 7 2 96
1 7 4 13 2 8 64
1 7 4 12 8 3 146
1 7 4 11 3 9 153
1 7 4 10 9 4 128
1 7 4 9 4 10 100
1 7 4 8 10 5 122
1 7 4 7 16 0 53
1 7 4 7 5 11 40
1 7 4 6 11 6 148
1 7 4 6 0 17 198
1 7 4 5 17 1 3
1 7 4 5 6 12 133
1 7 4 4 12 7 195
1 7 4 4 1 18 158
1 7 4 3 18 2 45
1 7 4 3 7 13 55
1 7 4 2 13 8 162
1 7 4 2 2 19 157
1 7 4 1 19 3 62
1 7 4 1 8 14 18
1 7 4 0 14 9 108
1 7 4 0 3 20 137
1 7 3 24 0 0 34
1 7 3 22 1 1 129
1 7 3 20 2 2 58
1 7 3 18 3 3 181
1 7 3 16 4 4 74
1 7 3 14 5 5 79
1 7 3 13 11 0 81
1 7 3 13 0 11 1
1 7 3 12 6 6 156
1 7 3 11 12 1 14
1 7 3 11 1 12 25
1 7 3 10 7 7 29
1 7 3 9 13 2 36
1 7 3 9 2 13 37
1 7 3 8 8 8 52
1 7 3 7 14 3 137
1 7 3 7 3 14 2
1 7 3 6 9 9 14
1 7 3 5 15 4 165
1 7 3 5 4 15 129
1 7 3 4 10 10 11
1 7 3 3 16 5 179
1 7 3 3 5 16 12
1 7 3 2 22 0 157
1 7 3 2 11 11 74
1 7 3 2 0 22 61
1 7 3 1 17 6 3
1 7 3 1 6 17 54
1 7 3 0 23 1 132
1 7 3 0 12 12 150
1 7 3 0 1 23 8
1 7 2 20 0 5 137
1 7 2 19 6 0 107
1 7 2 18 1 6 17
1 7 2 17 7 1 157
1 7 2 16 2 7 117
1 7 2 15 8 2 61
1 7 2 14 3 8 115
1 7 2 13 9 3 60
1 7 2 12 4 9 91
1 7 2 11 10 4 140
1 7 2 10 5 10 2
1 7 2 9 11 5 144
1 7 2 9 0 16 106
1 7 2 8 17 0 146
1 7 2 8 6 11 39
1 7 2 7 12 6 10
1 7 2 7 1 17 64
1 7 2 6 18 1 104
1 7 2 6 7 12 77
1 7 2 5 13 7 36
1 7 2 5 2 18 79
1 7 2 4 19 2 72
1 7 2 4 8 13 111
1 7 2 3 14 8 68
1 7 2 3 3 19 18
1 7 2 2 20 3 110
1 7 2 2 9 14 133
1 7 2 1 15 9 101
1 7 2 1 4 20 32
1 7 2 0 21 4 195
1 7 2 0 10 15 104
1 7 1 25 1 0 82
1 7 1 23 2 1 38
1 7 1 21 3 2 58
1 7 1 19 4 3 196
1 7 1 17 5 4 102
1 7 1 16 0 10 124
1 7 1 15 6 5 89
1 7 1 14 12 0 109
1 7 1 14 1 11 170
1 7 1 13 7 6 71
1 7 1 12 13 1 77
1 7 1 12 2 12 196
1 7 1 11 8 7 53
1 7 1 10 14 2 156
1 7 1 10 3 13 97
1 7 1 9 9 8 17
1 7 1 8 15 3 190
1 7 1 8 4 14 105
1 7 1 7 10 9 161
1 7 1 6 16 4 84
1 7 1 6 5 15 102
1 7 1 5 11 10 144
1 7 1 5 0 21 24
1 7 1 4 17 5 19
1 7 1 4 6 16 144
1 7 1 3 23 0 103
1 7 1 3 12 11 188
1 7 1 3 1 22 178
1 7 1 2 18 6 91
1 7 1 2 7 17 121
1 7 1 1 24 1 162
1 7 1 1 13 12 190
1 7 1 1 2 23 2
1 7 1 0 19 7 112
1 7 1 0 8 18 183
1 7 0 23 0 4 72
1 7 0 21 1 5 108
1 7 0 20 7 0 13
1 7 0 19 2 6 39
1 7 0 18 8 1 167
1 7 0 17 3 7 2
1 7 0 16 9 2 133
1 7 0 15 4 8 129
1 7 0 14 10 3 134
1 7 0 13 5 9 86
1 7 0 12 11 4 131
1 7 0 12 0 15 110
1 7 0 11 6 10 13
1 7 0 10 12 5 101
1 7 0 10 1 16 181
1 7 0 9 18 0 83
1 7 0 9 7 11 150
1 7 0 8 13 6 34
1 7 0 8 2 17 137
1 7 0 7 19 1 78
1 7 0 7 8 12 94
1 7 0 6 14 7 42
1 7 0 6 3 18 139
1 7 0 5 20 2 160
1 7 0 5 9 13 91
1 7 0 4 15 8 118
1 7 0 4 4 19 195
1 7 0 3 21 3 33
1 7 0 3 10 14 164
1 7 0 2 16 9 112
1 7 0 2 5 20 169
1 7 0 1 22 4 34
1 7 0 1 11 15 62
1 7 0 1 0 26 96
1 7 0 0 17 10 4
1 7 0 0 6 21 135
1 6 25 0 3 0 187
1 6 24 2 0 2 10
1 6 23 1 4 0 67
1 6 22 5 0 1 29
1 6 22 3 1 2 66
1 6 22 1 2 3 5
1 6 21 2 5 0 86
1 6 21 1 0 6 195
1 6 21 0 6 1 182
1 6 20 8 0 0 58
1 6 20 6 1 1 116
1 6 20 4 2 2 32
1 6 20 2 3 3 54
1 6 20 0 4 4 72
1 6 19 4 0 5 124
1 6 19 3 6 0 8
1 6 19 2 1 6 112
1 6 19 1 7 1 85
1 6 19 0 2 7 49
1 6 18 9 1 0 111
1 6 18 7 2 1 121
1 6 18 5 3 2 46
1 6 18 3 4 3 3
1 6 18 1 5 4 46
1 6 18 0 0 10 31
1 6 17 7 0 4 61
1 6 17 5 1 5 41
1 6 17 4 7 0 112
1 6 17 3 2 6 151
1 6 17 2 8 1 135
1 6 17 1 3 7 80
1 6 17 0 9 2 89
1 6 16 10 2 0 88
1 6 16 8 3 1 173
1 6 16 6 4 2 36
1 6 16 4 5 3 197
1 6 16 3 0 9 161
1 6 16 2 6 4 188
1 6 16 1 1 10 71
1 6 16 0 7 5 70
1 6 15 10 0 3 4
1 6 15 8 1 4 183
1 6 15 6 2 5 24
1 6 15 5 8 0 83
1 6 15 4 3 6 10
1 6 15 3 9 1 70
1 6 15 2 4 7 109
1 6 15 1 10 2 86
1 6 15 0 5 8 192
1 6 14 11 3 0 184
1 6 14 9 4 1 128
1 6 14 7 5 2 23
1 6 14 6 0 8 120
1 6 14 5 6 3 20
1 6 14 4 1 9 69
1 6 14 3 7 4 146
1 6 14 2 2 10 153
1 6 14 1 8 5 90
1 6 14 0 14 0 5
1 6 14 0 3 11 117
1 6 13 13 0 2 158
1 6 13 11 1 3 31
1 6 13 9 2 4 163
1 6 13 7 3 5 135
1 6 13 6 9 0 110
1 6 13 5 4 6 71
1 6 13 4 10 1 131
1 6 13 3 5 7 4
1 6 13 2 11 2 41
1 6 13 2 0 13 125
1 6 13 1 6 8 93
1 6 13 0 12 3 153
1 6 13 0 1 14 181
1 6 12 12 4 0 67
1 6 12 10 5 1 38
1 6 12 9 0 7 102
1 6 12 8 6 2 111
1 6 12 7 1 8 121
1 6 12 6 7 3 10
1 6 12 5 2 9 190
1 6 12 4 8 4 186
1 6 12 3 3 10 151
1 6 12 2 9 5 170
1 6 12 1 15 0 78
1 6 12 1 4 11 27
1 6 12 0 10 6 29
1 6 11 16 0 1 103
1 6 11 14 1 2 14
1 6 11 12 2 3 11
1 6 11 10 3 4 180
1 6 11 8 4 5 27
1 6 11 7 10 0 183
1 6 11 6 5 6 125
1 6 11 5 11 1 135
1 6 11 5 0 12 91
1 6 11 4 6 7 70
1 6 11 3 12 2 95
1 6 11 3 1 13 57
1 6 11 2 7 8 91
1 6 11 1 13 3 152
1 6 11 1 2 14 48
1 6 11 0 8 9 143
1 6 10 13 5 0 84
1 6 10 12 0 6 83
1 6 10 11 6 1 68
1 6 10 10 1 7 104
1 6 10 9 7 2 87
1 6 10 8 2 8 122
1 6 10 7 8 3 138
1 6 10 6 3 9 141
1 6 10 5 9 4 67
1 6 10 4 4 10 179
1 6 10 3 10 5 58
1 6 10 2 16 0 152
1 6 10 2 5 11 103
1 6 10 1 11 6 40
1 6 10 1 0 17 164
1 6 10 0 17 1 72
1 6 10 0 6 12 53
1 6 9 19 0 0 146
1 6 9 17 1 1 195
1 6 9 15 2 2 74
1 6 9 13 3 3 4
1 6 9 11 4 4 184
1 6 9 9 5 5 30
1 6 9 8 0 11 35
1 6 9 7 6 6 170
1 6 9 6 12 1 160
1 6 9 6 1 12 29
1 6 9 5 7 7 104
1 6 9 4 13 2 18
1 6 9 4 2 13 141
1 6 9 3 8 8 38
1 6 9 2 14 3 105
1 6 9 2 3 14 51
1 6 9 1 9 9 69
1 6 9 0 15 4 2
1 6 9 0 4 15 30
1 6 8 15 0 5 174
1 6 8 14 6 0 190
1 6 8 13 1 6 39
1 6 8 12 7 1 101
1 6 8 11 2 7 16
1 6 8 10 8 2 78
1 6 8 9 3 8 16
1 6 8 8 9 3 148
1 6 8 7 4 9 72
1 6 8 6 10 4 75
1 6 8 5 5 10 91
1 6 8 4 11 5 154
1 6 8 4 0 16 59
1 6 8 3 17 0 2
1 6 8 3 6 11 45
1 6 8 2 12 6 35
1 6 8 2 1 17 42
1 6 8 1 18 1 20
1 6 8 1 7 12 19
1 6 8 0 13 7 88
1 6 8 0 2 18 104
1 6 7 20 1 0 81
1 6 7 18 2 1 119
1 6 7 16 3 2 119
1 6 7 14 4 3 148
1 6 7 12 5 4 90
1 6 7 11 0 10 53
1 6 7 10 6 5 97
1 6 7 9 12 0 5
1 6 7 9 1 11 107
1 6 7 8 7 6 94
1 6 7 7 13 1 139
1 6 7 7 2 12 119
1 6 7 6 8 7 67
1 6 7 5 14 2 101
1 6 7 5 3 13 129
1 6 7 4 9 8 178
1 6 7 3 15 3 109
1 6 7 3 4 14 116
1 6 7 2 10 9 192
1 6 7 1 16 4 129
1 6 7 1 5 15 17
1 6 7 0 11 10 118
1 6 7 0 0 21 193
1 6 6 18 0 4 198
1 6 6 16 1 5 124
1 6 6 15 7 0 90
1 6 6 14 2 6 120
1 6 6 13 8 1 194
1 6 6 12 3 7 155
1 6 6 11 9 2 161
1 6 6 10 4 8 35
1 6 6 9 10 3 31
1 6 6 8 5 9 23
1 6 6 7 11 4 104
1 6 6 7 0 15 12
1 6 6 6 6 10 73
1 6 6 5 12 5 83
1 6 6 5 1 16 83
1 6 6 4 18 0 116
1 6 6 4 7 11 148
1 6 6 3 13 6 36
1 6 6 3 2 17 53
1 6 6 2 19 1 71
1 6 6 2 8 12 110
1 6 6 1 14 7 22
1 6 6 1 3 18 3
1 6 6 0 20 2 80
1 6 6 0 9 13 160
1 6 5 21 2 0 103
1 6 5 19 3 1 153
1 6 5 17 4 2 168
1 6 5 15 5 3 182
1 6 5 14 0 9 57
1 6 5 13 6 4 38
1 6 5 12 1 10 116
1 6 5 11 7 5 2
1 6 5 10 13 0 121
1 6 5 10 2 11 176
1 6 5 9 8 6 35
1 6 5 8 14 1 72
1 6 5 8 3 12 165
1 6 5 7 9 7 120
1 6 5 6 15 2 193
1 6 5 6 4 13 116
1 6 5 5 10 8 82
1 6 5 4 16 3 131
1 6 5 4 5 14 164
1 6 5 3 11 9 32
1 6 5 3 0 20 98
1 6 5 2 17 4 23
1 6 5 2 6 15 179
1 6 5 1 12 10 106
1 6 5 1 1 21 109
1 6 5 0 18 5 130
1 6 5 0 7 16 151
1 6 4 21 0 3 103
1 6 4 19 1 4 57
1 6 4 17 2 5 87
1 6 4 16 8 0 12
1 6 4 15 3 6 32
1 6 4 14 9 1 91
1 6 4 13 4 7 160
1 6 4 12 10 2 107
1 6 4 11 5 8 178
1 6 4 10 11 3 28
1 6 4 10 0 14 77
1 6 4 9 6 9 148
1 6 4 8 12 4 96
1 6 4 8 1 15 95
1 6 4 7 7 10 64
1 6 4 6 13 5 114
1 6 4 6 2 16 56
1 6 4 5 19 0 101
1 6 4 5 8 11 169
1 6 4 4 14 6 98
1 6 4 4 3 17 15
1 6 4 3 20 1 170
1 6 4 3 9 12 62
1 6 4 2 15 7 107
1 6 4 2 4 18 168
1 6 4 1 21 2 32
1 6 4 1 10 13 51
1 6 4 0 16 8 95
1 6 4 0 5 19 25
1 6 3 22 3 0 154
1 6 3 20 4 1 162
1 6 3 18 5 2 164
1 6 3 16 6 3 99
1 6 3 15 1 9 126
1 6 3 14 7 4 81
1 6 3 13 2 10 194
1 6 3 12 8 5 3
1 6 3 11 14 0 131
1 6 3 11 3 11 196
1 6 3 10 9 6 13
1 6 3 9 15 1 83
1 6 3 9 4 12 183
1 6 3 8 10 7 177
1 6 3 7 16 2 71
1 6 3 7 5 13 135
1 6 3 6 11 8 191
1 6 3 6 0 19 50
1 6 3 5 17 3 113
1 6 3 5 6 14 94
1 6 3 4 12 9 135
1 6 3 4 1 20 125
1 6 3 3 18 4 127
1 6 3 3 7 15 154
1 6 3 2 13 10 154
1 6 3 2 2 21 125
1 6 3 1 19 5 20
1 6 3 1 8 16 144
1 6 3 0 25 0 89
1 6 3 0 14 11 70
1 6 3 0 3 22 185
1 6 2 24 0 2 183
1 6 2 22 1 3 171
1 6 2 20 2 4 55
1 6 2 18 3 5 170
1 6 2 17 9 0 44
1 6 2 16 4 6 124
1 6 2 15 10 1 54
1 6 2 14 5 7 61
1 6 2 13 11 2 113
1 6 2 13 0 13 18
1 6 2 12 6 8 40
1 6 2 11 12 3 8
1 6 2 11 1 14 94
1 6 2 10 7 9 42
1 6 2 9 13 4 35
1 6 2 9 2 15 125
1 6 2 8 8 10 191
1 6 2 7 14 5 129
1 6 2 7 3 16 10
1 6 2 6 20 0 69
1 6 2 6 9 11 104
1 6 2 5 15 6 135
1 6 2 5 4 17 119
1 6 2 4 21 1 138
1 6 2 4 10 12 66
1 6 2 3 16 7 101
1 6 2 3 5 18 16
1 6 2 2 22 2 165
1 6 2 2 11 13 171
1 6 2 2 0 24 57
1 6 2 1 6 19 90
1 6 2 0 23 3 112
1 6 2 0 12 14 136
1 6 2 0 1 25 193
1 6 1 23 4 0 2
1 6 1 21 5 1 31
1 6 1 20 0 7 91
1 6 1 19 6 2 24
1 6 1 18 1 8 187
1 6 1 17 7 3 99
1 6 1 16 2 9 66
1 6 1 15 8 4 82
1 6 1 14 3 10 60
1 6 1 13 9 5 122
1 6 1 12 15 0 99
1 6 1 12 4 11 64
1 6 1 11 10 6 144
1 6 1 10 16 1 73
1 6 1 10 5 12 68
1 6 1 9 11 7 74
1 6 1 9 0 18 63
1 6 1 8 17 2 17
1 6 1 8 6 13 1
1 6 1 7 12 8 5
1 6 1 7 1 19 160
1 6 1 6 18 3 94
1 6 1 6 7 14 16
1 6 1 5 13 9 138
1 6 1 5 2 20 177
1 6 1 4 19 4 119
1 6 1 4 8 15 10
1 6 1 3 14 10 92
1 6 1 3 3 21 184
1 6 1 2 20 5 30
1 6 1 2 9 16 151
1 6 1 1 26 0 164
1 6 1 1 15 11 95
1 6 1 1 4 22 60
1 6 1 0 21 6 25
1 6 1 0 10 17 164
1 6 0 27 0 1 4
1 6 0 25 1 2 124
1 6 0 23 2 3 53
1 6 0 21 3 4 182
1 6 0 19 4 5 56
1 6 0 18 10 0 102
1 6 0 17 5 6 145
1 6 0 16 11 1 38
1 6 0 15 6 7 14
1 6 0 14 12 2 131
1 6 0 14 1 13 91
1 6 0 13 7 8 129
1 6 0 12 13 3 94
1 6 0 12 2 14 164
1 6 0 11 8 9 82
1 6 0 10 14 4 118
1 6 0 10 3 15 10
1 6 0 9 9 10 94
1 6 0 8 15 5 182
1 6 0 8 4 16 192
1 6 0 7 21 0 46
1 6 0 7 10 11 161
1 6 0 6 16 6 49
1 6 0 6 5 17 131
1 6 0 5 22 1 31
1 6 0 5 11 12 102
1 6 0 5 0 23 179
1 6 0 4 17 7 41
1 6 0 4 6 18 64
1 6 0 3 23 2 114
1 6 0 3 12 13 121
1 6 0 3 1 24 161
1 6 0 2 18 8 138
1 6 0 2 7 19 60
1 6 0 1 24 3 192
1 6 0 1 13 14 129
1 6 0 1 2 25 176
1 6 0 0 19 9 166
1 6 0 0 8 20 29
1 5 28 0 0 1 63
1 5 26 3 0 0 185
1 5 26 1 1 1 175
1 5 24 2 2 1 53
1 5 24 0 3 2 107
1 5 23 2 0 4 158
1 5 23 0 1 5 25
1 5 22 5 2 0 180
1 5 22 3 3 1 115
1 5 22 1 4 2 123
1 5 21 5 0 3 176
1 5 21 3 1 4 58
1 5 21 1 2 5 42
1 5 21 0 8 0 156
1 5 20 6 3 0 186
1 5 20 4 4 1 107
1 5 20 2 5 2 9
1 5 20 1 0 8 34
1 5 20 0 6 3 148
1 5 19 8 0 2 60
1 5 19 6 1 3 31
1 5 19 4 2 4 45
1 5 19 2 3 5 90
1 5 19 1 9 0 92
1 5 19 0 4 6 182
1 5 18 7 4 0 191
1 5 18 5 5 1 160
1 5 18 4 0 7 56
1 5 18 3 6 2 164
1 5 18 2 1 8 125
1 5 18 1 7 3 163
1 5 18 0 2 9 120
1 5 17 11 0 1 36
1 5 17 9 1 2 181
1 5 17 7 2 3 7
1 5 17 5 3 4 162
1 5 17 3 4 5 53
1 5 17 1 5 6 23
1 5 17 0 11 1 31
1 5 17 0 0 12 175
1 5 16 8 5 0 115
1 5 16 7 0 6 166
1 5 16 6 6 1 31
1 5 16 4 7 2 189
1 5 16 3 2 8 188
1 5 16 2 8 3 12
1 5 16 1 3 9 101
1 5 16 0 9 4 149
1 5 15 14 0 0 187
1 5 15 12 1 1 27
1 5 15 10 2 2 82
1 5 15 8 3 3 62
1 5 15 6 4 4 151
1 5 15 4 5 5 27
1 5 15 3 11 0 177
1 5 15 3 0 11 196
1 5 15 2 6 6 105
1 5 15 1 12 1 2
1 5 15 1 1 12 183
1 5 15 0 7 7 174
1 5 14 10 0 5 135
1 5 14 9 6 0 169
1 5 14 8 1 6 182
1 5 14 7 7 1 145
1 5 14 6 2 7 81
1 5 14 5 8 2 193
1 5 14 4 3 8 53
1 5 14 3 9 3 88
1 5 14 2 4 9 165
1 5 14 1 10 4 17
1 5 14 0 5 10 21
1 5 13 15 1 0 36
1 5 13 13 2 1 94
1 5 13 11 3 2 75
1 5 13 9 4 3 185
1 5 13 7 5 4 136
1 5 13 6 0 10 12
1 5 13 5 6 5 142
1 5 13 4 12 0 148
1 5 13 4 1 11 147
1 5 13 3 7 6 159
1 5 13 2 13 1 11
1 5 13 2 2 12 94
1 5 13 1 8 7 21
1 5 13 0 14 2 165
1 5 13 0 3 13 43
1 5 12 13 0 4 17
1 5 12 11 1 5 13
1 5 12 10 7 0 195
1 5 12 9 2 6 137
1 5 12 8 8 1 117
1 5 12 7 3 7 54
1 5 12 6 9 2 73
1 5 12 5 4 8 82
1 5 12 4 10 3 85
1 5 12 3 5 9 133
1 5 12 2 11 4 193
1 5 12 2 0 15 88
1 5 12 1 6 10 7
1 5 12 0 12 5 40
1 5 12 0 1 16 113
1 5 11 16 2 0 75
1 5 11 14 3 1 102
1 5 11 12 4 2 77
1 5 11 10 5 3 76
1 5 11 9 0 9 154
1 5 11 8 6 4 57
1 5 11 7 1 10 92
1 5 11 6 7 5 131
1 5 11 5 13 0 61
1 5 11 5 2 11 152
1 5 11 4 8 6 117
1 5 11 3 14 1 14
1 5 11 3 3 12 148
1 5 11 2 9 7 167
1 5 11 1 15 2 91
1 5 11 1 4 13 197
1 5 11 0 10 8 64
1 5 10 16 0 3 142
1 5 10 14 1 4 162
1 5 10 12 2 5 179
1 5 10 11 8 0 31
1 5 10 10 3 6 68
1 5 10 9 9 1 171
1 5 10 8 4 7 196
1 5 10 7 10 2 53
1 5 10 6 5 8 185
1 5 10 5 11 3 80
1 5 10 5 0 14 189
1 5 10 4 6 9 130
1 5 10 3 12 4 146
1 5 10 3 1 15 76
1 5 10 2 7 10 78
1 5 10 1 13 5 44
1 5 10 1 2 16 58
1 5 10 0 19 0 133
1 5 10 0 8 11 99
1 5 9 17 3 0 159
1 5 9 15 4 1 63
1 5 9 13 5 2 58
1 5 9 12 0 8 70
1 5 9 11 6 3 95
1 5 9 10 1 9 91
1 5 9 9 7 4 53
1 5 9 8 2 10 28
1 5 9 7 8 5 89
1 5 9 6 14 0 173
1 5 9 6 3 11 147
1 5 9 5 9 6 90
1 5 9 4 15 1 64
1 5 9 4 4 12 183
1 5 9 3 10 7 39
1 5 9 2 16 2 46
1 5 9 2 5 13 4
1 5 9 1 11 8 178
1 5 9 1 0 19 158
1 5 9 0 17 3 73
1 5 9 0 6 14 2
1 5 8 19 0 2 143
1 5 8 17 1 3 105
1 5 8 15 2 4 59
1 5 8 13 3 5 143
1 5 8 12 9 0 54
1 5 8 11 4 6 64
1 5 8 10 10 1 30
1 5 8 9 5 7 179
1 5 8 8 11 2 66
1 5 8 8 0 13 52
1 5 8 7 6 8 180
1 5 8 6 12 3 92
1 5 8 6 1 14 98
1 5 8 5 7 9 166
1 5 8 4 13 4 101
1 5 8 4 2 15 151
1 5 8 3 8 10 70
1 5 8 2 14 5 183
1 5 8 2 3 16 163
1 5 8 1 20 0 110
1 5 8 1 9 11 111
1 5 8 0 15 6 56
1 5 8 0 4 17 180
1 5 7 16 5 1 49
1 5 7 15 0 7 198
1 5 7 14 6 2 13
1 5 7 13 1 8 50
1 5 7 12 7 3 74
1 5 7 11 2 9 48
1 5 7 10 8 4 29
1 5 7 9 3 10 114
1 5 7 8 9 5 189
1 5 7 7 15 0 89
1 5 7 7 4 11 129
1 5 7 6 10 6 164
1 5 7 5 16 1 45
1 5 7 5 5 12 110
1 5 7 4 11 7 9
1 5 7 4 0 18 92
1 5 7 3 17 2 97
1 5 7 3 6 13 187
1 5 7 2 12 8 86
1 5 7 2 1 19 17
1 5 7 1 18 3 160
1 5 7 1 7 14 164
1 5 7 0 13 9 112
1 5 7 0 2 20 181
1 5 6 22 0 1 189
1 5 6 20 1 2 132
1 5 6 18 2 3 49
1 5 6 16 3 4 167
1 5 6 14 4 5 130
1 5 6 13 10 0 100
1 5 6 12 5 6 128
1 5 6 11 11 1 112
1 5 6 11 0 12 17
1 5 6 10 6 7 27
1 5 6 9 12 2 179
1 5 6 9 1 13 45
1 5 6 8 7 8 4
1 5 6 7 13 3 98
1 5 6 7 2 14 14
1 5 6 6 8 9 191
1 5 6 5 14 4 123
1 5 6 5 3 15 14
1 5 6 4 9 10 179
1 5 6 3 15 5 22
1 5 6 3 4 16 58
1 5 6 2 21 0 144
1 5 6 2 10 11 150
1 5 6 1 16 6 146
1 5 6 1 5 17 153
1 5 6 0 22 1 122
1 5 6 0 11 12 56
1 5 6 0 0 23 159
1 5 5 19 5 0 103
1 5 5 18 0 6 14
1 5 5 17 6 1 83
1 5 5 16 1 7 146
1 5 5 15 7 2 100
1 5 5 14 2 8 107
1 5 5 13 8 3 117
1 5 5 12 3 9 44
1 5 5 11 9 4 123
1 5 5 10 4 10 55
1 5 5 9 10 5 170
1 5 5 8 16 0 121
1 5 5 8 5 11 166
1 5 5 7 11 6 69
1 5 5 6 17 1 169
1 5 5 6 6 12 62
1 5 5 5 12 7 158
1 5 5 5 1 18 82
1 5 5 4 18 2 82
1 5 5 4 7 13 140
1 5 5 3 13 8 116
1 5 5 3 2 19 12
1 5 5 2 19 3 195
1 5 5 2 8 14 150
1 5 5 1 14 9 122
1 5 5 1 3 20 62
1 5 5 0 20 4 194
1 5 5 0 9 15 148
1 5 4 25 0 0 48
1 5 4 23 1 1 98
1 5 4 21 2 2 159
1 5 4 19 3 3 35
1 5 4 17 4 4 110
1 5 4 15 5 5 55
1 5 4 14 11 0 52
1 5 4 14 0 11 176
1 5 4 13 6 6 162
1 5 4 12 12 1 1
1 5 4 12 1 12 179
1 5 4 11 7 7 26
1 5 4 10 13 2 168
1 5 4 10 2 13 131
1 5 4 9 8 8 76
1 5 4 8 14 3 2
1 5 4 8 3 14 30
1 5 4 7 9 9 191
1 5 4 6 15 4 135
1 5 4 6 4 15 65
1 5 4 5 10 10 108
1 5 4 4 16 5 78
1 5 4 4 5 16 194
1 5 4 3 22 0 13
1 5 4 3 11 11 82
1 5 4 3 0 22 171
1 5 4 2 17 6 66
1 5 4 2 6 17 18
1 5 4 1 23 1 150
1 5 4 1 12 12 116
1 5 4 1 1 23 100
1 5 4 0 18 7 42
1 5 4 0 7 18 144
1 5 3 21 0 5 14
1 5 3 20 6 0 177
1 5 3 19 1 6 181
1 5 3 18 7 1 178
1 5 3 17 2 7 106
1 5 3 16 8 2 69
1 5 3 15 3 8 13
1 5 3 14 9 3 190
1 5 3 13 4 9 144
1 5 3 12 10 4 91
1 5 3 11 5 10 5
1 5 3 10 11 5 102
1 5 3 10 0 16 78
1 5 3 9 17 0 159
1 5 3 9 6 11 47
1 5 3 8 12 6 42
1 5 3 8 1 17 170
1 5 3 7 18 1 89
1 5 3 7 7 12 181
1 5 3 6 13 7 4
1 5 3 6 2 18 71
1 5 3 5 19 2 13
1 5 3 5 8 13 50
1 5 3 4 14 8 138
1 5 3 4 3 19 78
1 5 3 3 20 3 26
1 5 3 3 9 14 182
1 5 3 2 15 9 11
1 5 3 2 4 20 163
1 5 3 1 21 4 11
1 5 3 1 10 15 76
1 5 3 0 16 10 103
1 5 3 0 5 21 60
1 5 2 26 1 0 197
1 5 2 24 2 1 46
1 5 2 22 3 2 104
1 5 2 20 4 3 14
1 5 2 18 5 4 33
1 5 2 17 0 10 44
1 5 2 16 6 5 163
1 5 2 15 12 0 95
1 5 2 15 1 11 189
1 5 2 14 7 6 181
1 5 2 13 13 1 16
1 5 2 13 2 12 61
1 5 2 12 8 7 134
1 5 2 11 14 2 81
1 5 2 11 3 13 103
1 5 2 10 9 8 170
1 5 2 9 15 3 155
1 5 2 9 4 14 173
1 5 2 8 10 9 115
1 5 2 7 16 4 125
1 5 2 7 5 15 189
1 5 2 6 11 10 175
1 5 2 6 0 21 100
1 5 2 5 17 5 136
1 5 2 5 6 16 95
1 5 2 4 23 0 23
1 5 2 4 12 11 41
1 5 2 4 1 22 148
1 5 2 3 18 6 67
1 5 2 3 7 17 127
1 5 2 2 24 1 49
1 5 2 2 13 12 2
1 5 2 2 2 23 46
1 5 2 1 19 7 60
1 5 2 1 8 18 99
1 5 2 0 25 2 110
1 5 2 0 14 13 134
1 5 2 0 3 24 151
1 5 1 24 0 4 166
1 5 1 22 1 5 52
1 5 1 21 7 0 78
1 5 1 20 2 6 167
1 5 1 19 8 1 25
1 5 1 18 3 7 121
1 5 1 17 9 2 80
1 5 1 16 4 8 125
1 5 1 15 10 3 136
1 5 1 14 5 9 10
1 5 1 13 11 4 84
1 5 1 13 0 15 166
1 5 1 12 6 10 172
1 5 1 11 12 5 72
1 5 1 11 1 16 16
1 5 1 10 18 0 92
1 5 1 10 7 11 57
1 5 1 9 13 6 63
1 5 1 9 2 17 86
1 5 1 8 19 1 12
1 5 1 8 8 12 27
1 5 1 7 14 7 93
1 5 1 7 3 18 195
1 5 1 6 20 2 44
1 5 1 6 9 13 3
1 5 1 5 15 8 31
1 5 1 5 4 19 60
1 5 1 4 21 3 186
1 5 1 4 10 14 3
1 5 1 3 16 9 146
1 5 1 3 5 20 141
1 5 1 2 22 4 138
1 5 1 2 11 15 108
1 5 1 2 0 26 71
1 5 1 1 17 10 64
1 5 1 1 6 21 58
1 5 1 0 23 5 173
1 5 1 0 12 16 198
1 5 1 0 1 27 89
1 5 0 25 3 1 143
1 5 0 23 4 2 165
1 5 0 21 5 3 75
1 5 0 20 0 9 113
1 5 0 19 6 4 198
1 5 0 18 1 10 183
1 5 0 17 7 5 75
1 5 0 16 13 0 132
1 5 0 16 2 11 85
1 5 0 15 8 6 172
1 5 0 14 14 1 186
1 5 0 14 3 12 71
1 5 0 13 9 7 41
1 5 0 12 15 2 6
1 5 0 12 4 13 103
1 5 0 11 10 8 69
1 5 0 10 16 3 92
1 5 0 10 5 14 186
1 5 0 9 11 9 188
1 5 0 9 0 20 96
1 5 0 8 17 4 158
1 5 0 8 6 15 198
1 5 0 7 12 10 16
1 5 0 7 1 21 157
1 5 0 6 18 5 97
1 5 0 6 7 16 66
1 5 0 5 24 0 148
1 5 0 5 13 11 18
1 5 0 5 2 22 50
1 5 0 4 19 6 123
1 5 0 4 8 17 144
1 5 0 3 25 1 86
1 5 0 3 14 12 9
1 5 0 3 3 23 174
1 5 0 2 20 7 102
1 5 0 2 9 18 106
1 5 0 1 26 2 192
1 5 0 1 15 13 101
1 5 0 1 4 24 197
1 5 0 0 21 8 45
1 5 0 0 10 19 30
1 4 28 0 2 0 76
1 4 27 0 0 3 65
1 4 26 1 3 0 196
1 4 25 3 0 2 188
1 4 25 1 1 3 46
1 4 24 2 4 0 156
1 4 24 0 5 1 37
1 4 23 6 0 1 49
1 4 23 4 1 2 79
1 4 23 2 2 3 194
1 4 23 0 3 4 52
1 4 22 3 5 0 49
1 4 22 2 0 6 185
1 4 22 1 6 1 187
1 4 22 0 1 7 117
1 4 21 9 0 0 35
1 4 21 7 1 1 1
1 4 21 5 2 2 79
1 4 21 3 3 3 80
1 4 21 1 4 4 29
1 4 20 5 0 5 56
1 4 20 4 6 0 163
1 4 20 3 1 6 6
1 4 20 2 7 1 117
1 4 20 1 2 7 33
1 4 20 0 8 2 69
1 4 19 10 1 0 140
1 4 19 8 2 1 41
1 4 19 6 3 2 154
1 4 19 4 4 3 29
1 4 19 2 5 4 49
1 4 19 1 0 10 77
1 4 19 0 6 5 186
1 4 18 8 0 4 73
1 4 18 6 1 5 193
1 4 18 5 7 0 145
1 4 18 4 2 6 123
1 4 18 3 8 1 44
1 4 18 2 3 7 42
1 4 18 1 9 2 150
1 4 18 0 4 8 198
1 4 17 11 2 0 4
1 4 17 9 3 1 145
1 4 17 7 4 2 171
1 4 17 5 5 3 84
1 4 17 4 0 9 107
1 4 17 3 6 4 83
1 4 17 2 1 10 87
1 4 17 1 7 5 54
1 4 17 0 13 0 108
1 4 17 0 2 11 32
1 4 16 11 0 3 133
1 4 16 9 1 4 176
1 4 16 7 2 5 104
1 4 16 6 8 0 177
1 4 16 5 3 6 169
1 4 16 4 9 1 118
1 4 16 3 4 7 97
1 4 16 2 10 2 28
1 4 16 1 5 8 49
1 4 16 0 11 3 169
1 4 16 0 0 14 79
1 4 15 12 3 0 38
1 4 15 10 4 1 180
1 4 15 8 5 2 133
1 4 15 7 0 8 52
1 4 15 6 6 3 148
1 4 15 5 1 9 132
1 4 15 4 7 4 62
1 4 15 3 2 10 125
1 4 15 2 8 5 145
1 4 15 1 14 0 175
1 4 15 1 3 11 92
1 4 15 0 9 6 140
1 4 14 14 0 2 61
1 4 14 12 1 3 129
1 4 14 10 2 4 36
1 4 14 8 3 5 3
1 4 14 7 9 0 76
1 4 14 6 4 6 193
1 4 14 5 10 1 142
1 4 14 4 5 7 183
1 4 14 3 11 2 177
1 4 14 3 0 13 116
1 4 14 2 6 8 180
1 4 14 1 12 3 113
1 4 14 1 1 14 166
1 4 14 0 7 9 15
1 4 13 13 4 0 132
1 4 13 11 5 1 194
1 4 13 10 0 7 156
1 4 13 9 6 2 54
1 4 13 8 1 8 130
1 4 13 7 7 3 163
1 4 13 6 2 9 47
1 4 13 5 8 4 136
1 4 13 4 3 10 67
1 4 13 3 9 5 84
1 4 13 2 15 0 135
1 4 13 2 4 11 1
1 4 13 1 10 6 60
1 4 13 0 16 1 80
1 4 13 0 5 12 177
1 4 12 17 0 1 38
1 4 12 15 1 2 169
1 4 12 13 2 3 68
1 4 12 11 3 4 94
1 4 12 9 4 5 102
1 4 12 8 10 0 193
1 4 12 7 5 6 66
1 4 12 6 11 1 21
1 4 12 6 0 12 125
1 4 12 5 6 7 163
1 4 12 4 12 2 43
1 4 12 4 1 13 169
1 4 12 3 7 8 149
1 4 12 2 13 3 155
1 4 12 2 2 14 41
1 4 12 1 8 9 133
1 4 12 0 14 4 158
1 4 12 0 3 15 158
1 4 11 14 5 0 144
1 4 11 13 0 6 52
1 4 11 12 6 1 105
1 4 11 11 1 7 167
1 4 11 10 7 2 179
1 4 11 9 2 8 93
1 4 11 8 8 3 55
1 4 11 7 3 9 170
1 4 11 6 9 4 36
1 4 11 5 4 10 63
1 4 11 4 10 5 74
1 4 11 3 16 0 133
1 4 11 3 5 11 173
1 4 11 2 11 6 178
1 4 11 2 0 17 79
1 4 11 1 6 12 40
1 4 11 0 12 7 22
1 4 11 0 1 18 2
1 4 10 20 0 0 94
1 4 10 18 1 1 198
1 4 10 16 2 2 6
1 4 10 14 3 3 82
1 4 10 12 4 4 198
1 4 10 10 5 5 92
1 4 10 9 11 0 48
1 4 10 9 0 11 145
1 4 10 8 6 6 151
1 4 10 7 12 1 92
1 4 10 7 1 12 84
1 4 10 6 7 7 171
1 4 10 5 13 2 40
1 4 10 5 2 13 144
1 4 10 4 8 8 152
1 4 10 3 14 3 62
1 4 10 3 3 14 41
1 4 10 2 9 9 103
1 4 10 1 15 4 195
1 4 10 1 4 15 184
1 4 10 0 10 10 77
1 4 9 16 0 5 146
1 4 9 15 6 0 188
1 4 9 14 1 6 117
1 4 9 13 7 1 50
1 4 9 12 2 7 112
1 4 9 11 8 2 93
1 4 9 10 3 8 135
1 4 9 9 9 3 138
1 4 9 8 4 9 64
1 4 9 7 10 4 38
1 4 9 6 5 10 167
1 4 9 5 11 5 60
1 4 9 5 0 16 138
1 4 9 4 17 0 148
1 4 9 4 6 11 105
1 4 9 3 12 6 25
1 4 9 3 1 17 106
1 4 9 2 18 1 73
1 4 9 2 7 12 151
1 4 9 1 13 7 112
1 4 9 1 2 18 156
1 4 9 0 19 2 129
1 4 9 0 8 13 172
1 4 8 21 1 0 139
1 4 8 19 2 1 130
1 4 8 17 3 2 140
1 4 8 13 5 4 97
1 4 8 12 0 10 110
1 4 8 11 6 5 77
1 4 8 10 12 0 8
1 4 8 10 1 11 80
1 4 8 9 7 6 21
1 4 8 8 13 1 46
1 4 8 8 2 12 163
1 4 8 7 8 7 91
1 4 8 6 14 2 173
1 4 8 6 3 13 73
1 4 8 5 9 8 10
1 4 8 4 15 3 39
1 4 8 4 4 14 77
1 4 8 3 10 9 11
1 4 8 2 16 4 91
1 4 8 2 5 15 3
1 4 8 1 11 10 171
1 4 8 1 0 21 67
1 4 8 0 17 5 93
1 4 8 0 6 16 17
1 4 7 19 0 4 19
1 4 7 17 1 5 195
1 4 7 16 7 0 44
1 4 7 15 2 6 54
1 4 7 14 8 1 132
1 4 7 13 3 7 128
1 4 7 12 9 2 25
1 4 7 11 4 8 30
1 4 7 10 10 3 6
1 4 7 9 5 9 157
1 4 7 8 11 4 57
1 4 7 8 0 15 163
1 4 7 7 6 10 3
1 4 7 6 12 5 82
1 4 7 6 1 16 31
1 4 7 5 18 0 72
1 4 7 5 7 11 89
1 4 7 4 13 6 157
1 4 7 4 2 17 141
1 4 7 3 19 1 83
1 4 7 3 8 12 77
1 4 7 2 14 7 198
1 4 7 2 3 18 127
1 4 7 1 20 2 170
1 4 7 1 9 13 53
1 4 7 0 15 8 81
1 4 7 0 4 19 134
1 4 6 22 2 0 100
1 4 6 20 3 1 80
1 4 6 18 4 2 174
1 4 6 16 5 3 144
1 4 6 15 0 9 168
1 4 6 14 6 4 80
1 4 6 13 1 10 94
1 4 6 12 7 5 47
1 4 6 11 13 0 176
1 4 6 11 2 11 135
1 4 6 10 8 6 39
1 4 6 9 14 1 140
1 4 6 9 3 12 28
1 4 6 8 9 7 17
1 4 6 7 15 2 19
1 4 6 7 4 13 159
1 4 6 6 10 8 132
1 4 6 5 16 3 31
1 4 6 5 5 14 53
1 4 6 4 11 9 88
1 4 6 4 0 20 18
1 4 6 3 17 4 107
1 4 6 3 6 15 49
1 4 6 2 12 10 35
1 4 6 2 1 21 181
1 4 6 1 18 5 20
1 4 6 1 7 16 76
1 4 6 0 24 0 79
1 4 6 0 13 11 78
1 4 6 0 2 22 144
1 4 5 22 0 3 111
1 4 5 20 1 4 20
1 4 5 18 2 5 2
1 4 5 17 8 0 21
1 4 5 16 3 6 79
1 4 5 15 9 1 195
1 4 5 14 4 7 173
1 4 5 13 10 2 70
1 4 5 12 5 8 62
1 4 5 11 11 3 160
1 4 5 11 0 14 55
1 4 5 10 6 9 154
1 4 5 9 12 4 30
1 4 5 9 1 15 126
1 4 5 8 7 10 72
1 4 5 7 13 5 111
1 4 5 7 2 16 160
1 4 5 6 19 0 11
1 4 5 6 8 11 171
1 4 5 5 14 6 93
1 4 5 5 3 17 144
1 4 5 4 20 1 194
1 4 5 4 9 12 111
1 4 5 3 15 7 34
1 4 5 3 4 18 90
1 4 5 2 21 2 172
1 4 5 2 10 13 85
1 4 5 1 16 8 56
1 4 5 1 5 19 36
1 4 5 0 22 3 134
1 4 5 0 11 14 109
1 4 5 0 0 25 95
1 4 4 23 3 0 117
1 4 4 21 4 1 27
1 4 4 19 5 2 168
1 4 4 18 0 8 153
1 4 4 17 6 3 154
1 4 4 16 1 9 39
1 4 4 15 7 4 56
1 4 4 14 2 10 173
1 4 4 13 8 5 23
1 4 4 12 14 0 160
1 4 4 12 3 11 28
1 4 4 11 9 6 119
1 4 4 10 15 1 33
1 4 4 10 4 12 166
1 4 4 9 10 7 58
1 4 4 8 16 2 181
1 4 4 8 5 13 4
1 4 4 7 11 8 31
1 4 4 7 0 19 47
1 4 4 6 17 3 183
1 4 4 6 6 14 79
1 4 4 5 12 9 105
1 4 4 5 1 20 187
1 4 4 4 18 4 158
1 4 4 4 7 15 80
1 4 4 3 13 10 17
1 4 4 3 2 21 94
1 4 4 2 19 5 62
1 4 4 2 8 16 49
1 4 4 1 25 0 117
1 4 4 1 14 11 152
1 4 4 1 3 22 1
1 4 4 0 20 6 175
1 4 4 0 9 17 189
1 4 3 25 0 2 97
1 4 3 23 1 3 8
1 4 3 21 2 4 65
1 4 3 19 3 5 169
1 4 3 18 9 0 196
1 4 3 17 4 6 137
1 4 3 16 10 1 57
1 4 3 15 5 7 37
1 4 3 14 11 2 72
1 4 3 14 0 13 111
1 4 3 13 6 8 164
1 4 3 12 12 3 18
1 4 3 12 1 14 2
1 4 3 11 7 9 18
1 4 3 10 13 4 131
1 4 3 10 2 15 24
1 4 3 9 8 10 51
1 4 3 8 14 5 8
1 4 3 8 3 16 14
1 4 3 7 20 0 157
1 4 3 7 9 11 146
1 4 3 6 15 6 2
1 4 3 6 4 17 37
1 4 3 5 21 1 37
1 4 3 5 10 12 17
1 4 3 4 16 7 130
1 4 3 4 5 18 18
1 4 3 3 22 2 37
1 4 3 3 11 13 124
1 4 3 3 0 24 121
1 4 3 2 17 8 40
1 4 3 2 6 19 78
1 4 3 1 23 3 159
1 4 3 1 12 14 142
1 4 3 1 1 25 160
1 4 3 0 18 9 185
1 4 3 0 7 20 117
1 4 2 24 4 0 26
1 4 2 22 5 1 52
1 4 2 21 0 7 140
1 4 2 20 6 2 196
1 4 2 19 1 8 193
1 4 2 18 7 3 61
1 4 2 17 2 9 113
1 4 2 16 8 4 134
1 4 2 15 3 10 192
1 4 2 14 9 5 149
1 4 2 13 15 0 27
1 4 2 13 4 11 137
1 4 2 12 10 6 45
1 4 2 11 16 1 51
1 4 2 11 5 12 176
1 4 2 10 11 7 179
1 4 2 10 0 18 66
1 4 2 9 17 2 192
1 4 2 9 6 13 54
1 4 2 8 12 8 120
1 4 2 8 1 19 170
1 4 2 7 18 3 24
1 4 2 7 7 14 108
1 4 2 6 13 9 98
1 4 2 6 2 20 64
1 4 2 5 19 4 40
1 4 2 5 8 15 44
1 4 2 4 14 10 156
1 4 2 4 3 21 165
1 4 2 3 20 5 117
1 4 2 3 9 16 167
1 4 2 2 26 0 4
1 4 2 2 15 11 100
1 4 2 2 4 22 130
1 4 2 1 21 6 164
1 4 2 1 10 17 139
1 4 2 0 27 1 181
1 4 2 0 16 12 25
1 4 2 0 5 23 165
1 4 1 28 0 1 169
1 4 1 26 1 2 135
1 4 1 24 2 3 67
1 4 1 22 3 4 119
1 4 1 20 4 5 94
1 4 1 19 10 0 166
1 4 1 18 5 6 83
1 4 1 17 11 1 68
1 4 1 17 0 12 171
1 4 1 16 6 7 193
1 4 1 15 12 2 28
1 4 1 15 1 13 147
1 4 1 14 7 8 57
1 4 1 13 13 3 17
1 4 1 13 2 14 33
1 4 1 12 8 9 37
1 4 1 11 14 4 77
1 4 1 11 3 15 38
1 4 1 10 9 10 95
1 4 1 9 15 5 141
1 4 1 9 4 16 161
1 4 1 8 21 0 122
1 4 1 8 10 11 52
1 4 1 7 16 6 196
1 4 1 7 5 17 51
1 4 1 6 22 1 15
1 4 1 6 11 12 3
1 4 1 6 0 23 6
1 4 1 5 17 7 193
1 4 1 5 6 18 15
1 4 1 4 23 2 147
1 4 1 4 12 13 194
1 4 1 4 1 24 144
1 4 1 3 18 8 196
1 4 1 3 7 19 146
1 4 1 2 24 3 73
1 4 1 2 13 14 22
1 4 1 2 2 25 153
1 4 1 1 19 9 189
1 4 1 1 8 20 60
1 4 1 0 25 4 157
1 4 1 0 14 15 160
1 4 1 0 3 26 109
1 4 0 25 5 0 176
1 4 0 24 0 6 169
1 4 0 23 6 1 111
1 4 0 22 1 7 85
1 4 0 21 7 2 144
1 4 0 20 2 8 92
1 4 0 19 8 3 145
1 4 0 18 3 9 84
1 4 0 17 9 4 191
1 4 0 16 4 10 112
1 4 0 15 10 5 156
1 4 0 14 16 0 21
1 4 0 14 5 11 156
1 4 0 13 11 6 29
1 4 0 13 0 17 138
1 4 0 12 17 1 179
1 4 0 12 6 12 58
1 4 0 11 12 7 110
1 4 0 11 1 18 5
1 4 0 10 18 2 52
1 4 0 10 7 13 133
1 4 0 9 13 8 82
1 4 0 9 2 19 23
1 4 0 8 19 3 93
1 4 0 8 8 14 98
1 4 0 7 14 9 2
1 4 0 7 3 20 37
1 4 0 6 20 4 125
1 4 0 6 9 15 50
1 4 0 5 15 10 55
1 4 0 5 4 21 66
1 4 0 4 21 5 177
1 4 0 4 10 16 150
1 4 0 3 27 0 130
1 4 0 3 16 11 137
1 4 0 3 5 22 91
1 4 0 2 22 6 139
1 4 0 2 11 17 31
1 4 0 2 0 28 134
1 4 0 1 28 1 126
1 4 0 1 17 12 60
1 4 0 1 6 23 23
1 4 0 0 23 7 137
1 4 0 0 12 18 6
1 4 0 0 1 29 156
1 3 29 1 0 1 93
1 3 27 4 0 0 187
1 3 27 2 1 1 142
1 3 27 0 2 2 176
1 3 26 0 0 5 153
1 3 25 5 1 0 47
1 3 25 3 2 1 17
1 3 25 1 3 2 183
1 3 24 3 0 4 79
1 3 24 1 1 5 50
1 3 24 0 7 0 172
1 3 23 6 2 0 135
1 3 23 4 3 1 147
1 3 23 2 4 2 92
1 3 23 0 5 3 64
1 3 22 6 0 3 138
1 3 22 4 1 4 138
1 3 22 2 2 5 61
1 3 22 1 8 0 88
1 3 22 0 3 6 31
1 3 21 7 3 0 125
1 3 21 5 4 1 94
1 3 21 3 5 2 110
1 3 21 2 0 8 128
1 3 21 1 6 3 197
1 3 21 0 1 9 165
1 3 20 9 0 2 182
1 3 20 7 1 3 198
1 3 20 5 2 4 1
1 3 20 3 3 5 90
1 3 20 2 9 0 180
1 3 20 1 4 6 120
1 3 20 0 10 1 7
1 3 19 8 4 0 190
1 3 19 6 5 1 162
1 3 19 5 0 7 19
1 3 19 4 6 2 20
1 3 19 3 1 8 156
1 3 19 2 7 3 154
1 3 19 1 2 9 8
1 3 19 0 8 4 178
1 3 18 12 0 1 133
1 3 18 10 1 2 166
1 3 18 8 2 3 170
1 3 18 6 3 4 78
1 3 18 4 4 5 171
1 3 18 3 10 0 192
1 3 18 2 5 6 140
1 3 18 1 11 1 59
1 3 18 1 0 12 155
1 3 18 0 6 7 70
1 3 17 9 5 0 78
1 3 17 8 0 6 133
1 3 17 7 6 1 16
1 3 17 6 1 7 50
1 3 17 5 7 2 17
1 3 17 4 2 8 158
1 3 17 3 8 3 116
1 3 17 2 3 9 83
1 3 17 1 9 4 190
1 3 17 0 4 10 83
1 3 16 15 0 0 73
1 3 16 13 1 1 173
1 3 16 11 2 2 61
1 3 16 9 3 3 7
1 3 16 7 4 4 11
1 3 16 5 5 5 86
1 3 16 4 11 0 193
1 3 16 4 0 11 71
1 3 16 3 6 6 107
1 3 16 2 12 1 12
1 3 16 2 1 12 71
1 3 16 1 7 7 27
1 3 16 0 13 2 78
1 3 16 0 2 13 57
1 3 15 11 0 5 79
1 3 15 10 6 0 37
1 3 15 9 1 6 174
1 3 15 8 7 1 19
1 3 15 7 2 7 164
1 3 15 6 8 2 25
1 3 15 5 3 8 55
1 3 15 4 9 3 8
1 3 15 3 4 9 131
1 3 15 2 10 4 183
1 3 15 1 5 10 85
1 3 15 0 11 5 185
1 3 15 0 0 16 36
1 3 14 16 1 0 149
1 3 14 14 2 1 125
1 3 14 12 3 2 63
1 3 14 10 4 3 93
1 3 14 8 5 4 62
1 3 14 7 0 10 105
1 3 14 6 6 5 100
1 3 14 5 12 0 182
1 3 14 5 1 11 115
1 3 14 4 7 6 23
1 3 14 3 13 1 53
1 3 14 3 2 12 1
1 3 14 2 8 7 198
1 3 14 1 14 2 169
1 3 14 1 3 13 55
1 3 14 0 9 8 5
1 3 13 14 0 4 127
1 3 13 12 1 5 83
1 3 13 11 7 0 166
1 3 13 10 2 6 62
1 3 13 9 8 1 106
1 3 13 8 3 7 52
1 3 13 7 9 2 114
1 3 13 6 4 8 113
1 3 13 5 10 3 160
1 3 13 4 5 9 157
1 3 13 3 11 4 55
1 3 13 3 0 15 176
1 3 13 2 6 10 176
1 3 13 1 12 5 12
1 3 13 1 1 16 137
1 3 13 0 18 0 148
1 3 13 0 7 11 25
1 3 12 17 2 0 157
1 3 12 15 3 1 106
1 3 12 13 4 2 121
1 3 12 11 5 3 113
1 3 12 10 0 9 72
1 3 12 9 6 4 1
1 3 12 8 1 10 148
1 3 12 7 7 5 189
1 3 12 6 13 0 41
1 3 12 6 2 11 103
1 3 12 5 8 6 94
1 3 12 4 14 1 31
1 3 12 4 3 12 153
1 3 12 3 9 7 145
1 3 12 2 15 2 136
1 3 12 2 4 13 68
1 3 12 1 10 8 2
1 3 12 0 16 3 64
1 3 12 0 5 14 59
1 3 11 17 0 3 49
1 3 11 15 1 4 192
1 3 11 13 2 5 188
1 3 11 12 8 0 142
1 3 11 11 3 6 41
1 3 11 10 9 1 85
1 3 11 9 4 7 96
1 3 11 8 10 2 151
1 3 11 7 5 8 40
1 3 11 6 11 3 91
1 3 11 6 0 14 122
1 3 11 5 6 9 189
1 3 11 4 12 4 142
1 3 11 4 1 15 76
1 3 11 3 7 10 69
1 3 11 2 13 5 48
1 3 11 2 2 16 60
1 3 11 1 19 0 128
1 3 11 1 8 11 67
1 3 11 0 14 6 149
1 3 11 0 3 17 70
1 3 10 18 3 0 177
1 3 10 16 4 1 184
1 3 10 14 5 2 128
1 3 10 13 0 8 187
1 3 10 12 6 3 153
1 3 10 11 1 9 136
1 3 10 10 7 4 75
1 3 10 9 2 10 9
1 3 10 8 8 5 126
1 3 10 7 14 0 134
1 3 10 7 3 11 159
1 3 10 6 9 6 68
1 3 10 5 15 1 93
1 3 10 5 4 12 112
1 3 10 4 10 7 163
1 3 10 3 16 2 140
1 3 10 3 5 13 2
1 3 10 2 11 8 141
1 3 10 2 0 19 147
1 3 10 1 17 3 29
1 3 10 1 6 14 6
1 3 10 0 12 9 158
1 3 10 0 1 20 93
1 3 9 20 0 2 145
1 3 9 18 1 3 188
1 3 9 16 2 4 145
1 3 9 14 3 5 16
1 3 9 13 9 0 183
1 3 9 12 4 6 57
1 3 9 11 10 1 105
1 3 9 10 5 7 165
1 3 9 9 11 2 147
1 3 9 9 0 13 70
1 3 9 8 6 8 143
1 3 9 7 12 3 35
1 3 9 7 1 14 71
1 3 9 6 7 9 66
1 3 9 5 13 4 175
1 3 9 5 2 15 51
1 3 9 4 8 10 158
1 3 9 3 14 5 188
1 3 9 3 3 16 90
1 3 9 2 20 0 83
1 3 9 2 9 11 172
1 3 9 1 15 6 47
1 3 9 1 4 17 189
1 3 9 0 21 1 136
1 3 9 0 10 12 44
1 3 8 19 4 0 169
1 3 8 17 5 1 196
1 3 8 16 0 7 189
1 3 8 15 6 2 104
1 3 8 14 1 8 16
1 3 8 13 7 3 195
1 3 8 12 2 9 190
1 3 8 11 8 4 178
1 3 8 10 3 10 113
1 3 8 9 9 5 146
1 3 8 8 15 0 36
1 3 8 8 4 11 95
1 3 8 7 10 6 139
1 3 8 6 16 1 137
1 3 8 6 5 12 119
1 3 8 5 11 7 142
1 3 8 5 0 18 1
1 3 8 4 17 2 33
1 3 8 4 6 13 68
1 3 8 3 12 8 97
1 3 8 3 1 19 179
1 3 8 2 18 3 153
1 3 8 2 7 14 61
1 3 8 1 13 9 179
1 3 8 1 2 20 191
1 3 8 0 19 4 106
1 3 8 0 8 15 173
1 3 7 23 0 1 42
1 3 7 21 1 2 166
1 3 7 19 2 3 106
1 3 7 17 3 4 29
1 3 7 15 4 5 144
1 3 7 14 10 0 149
1 3 7 13 5 6 85
1 3 7 12 11 1 122
1 3 7 12 0 12 28
1 3 7 11 6 7 30
1 3 7 10 12 2 146
1 3 7 10 1 13 97
1 3 7 9 7 8 1
1 3 7 8 13 3 137
1 3 7 8 2 14 24
1 3 7 7 8 9 188
1 3 7 6 14 4 18
1 3 7 6 3 15 62
1 3 7 5 9 10 74
1 3 7 4 15 5 137
1 3 7 4 4 16 130
1 3 7 3 21 0 178
1 3 7 3 10 11 159
1 3 7 2 16 6 72
1 3 7 2 5 17 112
1 3 7 1 22 1 88
1 3 7 1 11 12 183
1 3 7 1 0 23 194
1 3 7 0 17 7 24
1 3 7 0 6 18 187
1 3 6 20 5 0 39
1 3 6 19 0 6 190
1 3 6 18 6 1 85
1 3 6 17 1 7 188
1 3 6 16 7 2 174
1 3 6 15 2 8 100
1 3 6 14 8 3 95
1 3 6 13 3 9 70
1 3 6 12 9 4 141
1 3 6 11 4 10 24
1 3 6 10 10 5 168
1 3 6 9 16 0 156
1 3 6 9 5 11 76
1 3 6 8 11 6 80
1 3 6 8 0 17 21
1 3 6 7 17 1 196
1 3 6 7 6 12 27
1 3 6 6 12 7 3
1 3 6 6 1 18 116
1 3 6 5 18 2 17
1 3 6 5 7 13 11
1 3 6 4 13 8 61
1 3 6 4 2 19 120
1 3 6 3 19 3 44
1 3 6 3 8 14 78
1 3 6 2 14 9 194
1 3 6 2 3 20 129
1 3 6 1 20 4 63
1 3 6 1 9 15 89
1 3 6 0 15 10 160
1 3 6 0 4 21 122
1 3 5 26 0 0 39
1 3 5 24 1 1 68
1 3 5 22 2 2 25
1 3 5 20 3 3 170
1 3 5 18 4 4 85
1 3 5 16 5 5 2
1 3 5 15 11 0 1
1 3 5 15 0 11 133
1 3 5 14 6 6 2
1 3 5 13 12 1 119
1 3 5 13 1 12 171
1 3 5 12 7 7 187
1 3 5 11 13 2 100
1 3 5 11 2 13 102
1 3 5 10 8 8 24
1 3 5 9 14 3 158
1 3 5 9 3 14 126
1 3 5 8 9 9 5
1 3 5 7 15 4 129
1 3 5 7 4 15 148
1 3 5 6 10 10 38
1 3 5 5 16 5 21
1 3 5 5 5 16 126
1 3 5 4 22 0 158
1 3 5 4 11 11 37
1 3 5 4 0 22 30
1 3 5 3 17 6 88
1 3 5 3 6 17 13
1 3 5 2 23 1 135
1 3 5 2 12 12 115
1 3 5 2 1 23 95
1 3 5 1 18 7 171
1 3 5 1 7 18 113
1 3 5 0 24 2 193
1 3 5 0 13 13 23
1 3 5 0 2 24 70
1 3 4 22 0 5 47
1 3 4 21 6 0 99
1 3 4 20 1 6 144
1 3 4 19 7 1 1
1 3 4 18 2 7 155
1 3 4 17 8 2 134
1 3 4 16 3 8 110
1 3 4 15 9 3 29
1 3 4 13 10 4 94
1 3 4 12 5 10 169
1 3 4 11 11 5 72
1 3 4 11 0 16 144
1 3 4 10 17 0 109
1 3 4 10 6 11 160
1 3 4 9 12 6 71
1 3 4 9 1 17 111
1 3 4 8 18 1 9
1 3 4 8 7 12 143
1 3 4 7 13 7 187
1 3 4 7 2 18 9
1 3 4 6 19 2 162
1 3 4 6 8 13 108
1 3 4 5 14 8 56
1 3 4 5 3 19 56
1 3 4 4 20 3 148
1 3 4 4 9 14 138
1 3 4 3 15 9 99
1 3 4 3 4 20 148
1 3 4 2 21 4 88
1 3 4 2 10 15 186
1 3 4 1 16 10 84
1 3 4 1 5 21 89
1 3 4 0 22 5 42
1 3 4 0 11 16 108
1 3 4 0 0 27 137
1 3 3 27 1 0 34
1 3 3 25 2 1 111
1 3 3 23 3 2 40
1 3 3 21 4 3 144
1 3 3 19 5 4 22
1 3 3 18 0 10 108
1 3 3 17 6 5 38
1 3 3 16 12 0 74
1 3 3 16 1 11 187
1 3 3 15 7 6 41
1 3 3 14 13 1 106
1 3 3 14 2 12 179
1 3 3 13 8 7 18
1 3 3 12 14 2 171
1 3 3 12 3 13 119
1 3 3 11 9 8 44
1 3 3 10 15 3 68
1 3 3 10 4 14 141
1 3 3 9 10 9 96
1 3 3 8 16 4 53
1 3 3 8 5 15 66
1 3 3 7 11 10 164
1 3 3 7 0 21 164
1 3 3 6 17 5 41
1 3 3 6 6 16 121
1 3 3 5 23 0 131
1 3 3 5 12 11 16
1 3 3 5 1 22 169
1 3 3 4 18 6 51
1 3 3 4 7 17 168
1 3 3 3 24 1 99
1 3 3 3 13 12 88
1 3 3 3 2 23 13
1 3 3 2 19 7 179
1 3 3 2 8 18 83
1 3 3 1 25 2 67
1 3 3 1 14 13 157
1 3 3 1 3 24 12
1 3 3 0 20 8 92
1 3 3 0 9 19 136
1 3 2 25 0 4 157
1 3 2 23 1 5 96
1 3 2 22 7 0 21
1 3 2 21 2 6 114
1 3 2 20 8 1 188
1 3 2 19 3 7 56
1 3 2 18 9 2 194
1 3 2 17 4 8 152
1 3 2 16 10 3 35
1 3 2 15 5 9 26
1 3 2 14 11 4 95
1 3 2 14 0 15 104
1 3 2 13 6 10 179
1 3 2 12 12 5 82
1 3 2 12 1 16 165
1 3 2 11 18 0 124
1 3 2 11 7 11 66
1 3 2 10 13 6 18
1 3 2 10 2 17 127
1 3 2 9 19 1 103
1 3 2 9 8 12 124
1 3 2 8 14 7 134
1 3 2 8 3 18 136
1 3 2 7 20 2 143
1 3 2 7 9 13 20
1 3 2 6 15 8 71
1 3 2 6 4 19 81
1 3 2 5 21 3 2
1 3 2 5 10 14 86
1 3 2 4 16 9 22
1 3 2 4 5 20 27
1 3 2 3 22 4 132
1 3 2 3 11 15 40
1 3 2 3 0 26 198
1 3 2 2 17 10 58
1 3 2 2 6 21 104
1 3 2 1 23 5 109
1 3 2 1 12 16 30
1 3 2 1 1 27 123
1 3 2 0 29 0 7
1 3 2 0 18 11 112
1 3 2 0 7 22 9
1 3 1 28 2 0 29
1 3 1 26 3 1 145
1 3 1 24 4 2 114
1 3 1 22 5 3 34
1 3 1 21 0 9 195
1 3 1 20 6 4 47
1 3 1 19 1 10 172
1 3 1 18 7 5 174
1 3 1 17 13 0 36
1 3 1 17 2 11 126
1 3 1 16 8 6 105
1 3 1 15 14 1 8
1 3 1 15 3 12 128
1 3 1 14 9 7 97
1 3 1 13 15 2 45
1 3 1 13 4 13 33
1 3 1 12 10 8 84
1 3 1 11 16 3 23
1 3 1 11 5 14 154
1 3 1 10 11 9 7
1 3 1 10 0 20 47
1 3 1 9 17 4 131
1 3 1 9 6 15 170
1 3 1 8 12 10 140
1 3 1 8 1 21 43
1 3 1 7 18 5 84
1 3 1 7 7 16 151
1 3 1 6 24 0 21
1 3 1 6 13 11 59
1 3 1 6 2 22 192
1 3 1 5 19 6 3
1 3 1 5 8 17 149
1 3 1 4 25 1 146
1 3 1 4 14 12 128
1 3 1 4 3 23 198
1 3 1 3 20 7 22
1 3 1 3 9 18 119
1 3 1 2 26 2 91
1 3 1 2 15 13 184
1 3 1 2 4 24 155
1 3 1 1 21 8 144
1 3 1 1 10 19 170
1 3 1 0 27 3 134
1 3 1 0 16 14 51
1 3 1 0 5 25 198
1 3 0 28 0 3 23
1 3 0 26 1 4 48
1 3 0 24 2 5 85
1 3 0 23 8 0 160
1 3 0 22 3 6 49
1 3 0 21 9 1 14
1 3 0 20 4 7 154
1 3 0 19 10 2 193
1 3 0 18 5 8 192
1 3 0 17 11 3 104
1 3 0 17 0 14 192
1 3 0 16 6 9 44
1 3 0 15 12 4 151
1 3 0 15 1 15 136
1 3 0 14 7 10 24
1 3 0 13 13 5 48
1 3 0 13 2 16 50
1 3 0 12 19 0 118
1 3 0 12 8 11 39
1 3 0 11 14 6 73
1 3 0 11 3 17 112
1 3 0 10 20 1 68
1 3 0 10 9 12 147
1 3 0 9 15 7 189
1 3 0 9 4 18 34
1 3 0 8 21 2 90
1 3 0 8 10 13 131
1 3 0 7 16 8 102
1 3 0 7 5 19 195
1 3 0 6 22 3 86
1 3 0 6 11 14 167
1 3 0 6 0 25 94
1 3 0 5 17 9 60
1 3 0 5 6 20 162
1 3 0 4 23 4 142
1 3 0 4 12 15 77
1 3 0 4 1 26 64
1 3 0 3 18 10 25
1 3 0 3 7 21 65
1 3 0 2 24 5 142
1 3 0 2 13 16 150
1 3 0 2 2 27 55
1 3 0 1 30 0 5
1 3 0 1 19 11 138
1 3 0 1 8 22 68
1 3 0 0 25 6 128
1 3 0 0 14 17 168
1 2 31 0 1 0 15
1 2 29 1 2 0 100
1 2 28 1 0 3 47
1 2 27 2 3 0 50
1 2 27 0 4 1 172
1 2 26 4 0 2 12
1 2 26 2 1 3 20
1 2 26 0 2 4 157
1 2 25 3 4 0 23
1 2 25 1 5 1 186
1 2 25 0 0 7 125
1 2 24 7 0 1 81
1 2 24 5 1 2 170
1 2 24 3 2 3 128
1 2 24 1 3 4 163
1 2 23 4 5 0 109
1 2 23 3 0 6 131
1 2 23 2 6 1 126
1 2 23 1 1 7 52
1 2 23 0 7 2 25
1 2 22 10 0 0 40
1 2 22 8 1 1 57
1 2 22 6 2 2 172
1 2 22 4 3 3 129
1 2 22 2 4 4 186
1 2 22 0 5 5 138
1 2 21 6 0 5 36
1 2 21 5 6 0 94
1 2 21 4 1 6 82
1 2 21 3 7 1 12
1 2 21 2 2 7 169
1 2 21 1 8 2 50
1 2 21 0 3 8 38
1 2 20 11 1 0 120
1 2 20 9 2 1 60
1 2 20 7 3 2 67
1 2 20 5 4 3 125
1 2 20 3 5 4 62
1 2 20 2 0 10 90
1 2 20 1 6 5 10
1 2 20 0 12 0 87
1 2 20 0 1 11 152
1 2 19 9 0 4 97
1 2 19 7 1 5 128
1 2 19 6 7 0 34
1 2 19 5 2 6 4
1 2 19 4 8 1 84
1 2 19 3 3 7 27
1 2 19 2 9 2 123
1 2 19 1 4 8 142
1 2 19 0 10 3 182
1 2 18 12 2 0 177
1 2 18 10 3 1 145
1 2 18 8 4 2 48
1 2 18 6 5 3 192
1 2 18 5 0 9 144
1 2 18 4 6 4 59
1 2 18 3 1 10 179
1 2 18 2 7 5 157
1 2 18 1 13 0 47
1 2 18 1 2 11 5
1 2 18 0 8 6 44
1 2 17 12 0 3 3
1 2 17 10 1 4 164
1 2 17 8 2 5 38
1 2 17 7 8 0 54
1 2 17 6 3 6 28
1 2 17 5 9 1 95
1 2 17 4 4 7 188
1 2 17 3 10 2 42
1 2 17 2 5 8 41
1 2 17 1 11 3 9
1 2 17 1 0 14 22
1 2 17 0 6 9 155
1 2 16 13 3 0 139
1 2 16 11 4 1 189
1 2 16 9 5 2 93
1 2 16 8 0 8 172
1 2 16 7 6 3 99
1 2 16 6 1 9 183
1 2 16 5 7 4 113
1 2 16 4 2 10 103
1 2 16 3 8 5 163
1 2 16 2 14 0 177
1 2 16 2 3 11 111
1 2 16 1 9 6 189
1 2 16 0 15 1 48
1 2 16 0 4 12 158
1 2 15 15 0 2 165
1 2 15 13 1 3 137
1 2 15 11 2 4 6
1 2 15 9 3 5 153
1 2 15 8 9 0 39
1 2 15 7 4 6 108
1 2 15 6 10 1 100
1 2 15 5 5 7 187
1 2 15 4 11 2 25
1 2 15 4 0 13 117
1 2 15 3 6 8 16
1 2 15 2 12 3 179
1 2 15 2 1 14 44
1 2 15 1 7 9 113
1 2 15 0 13 4 23
1 2 15 0 2 15 97
1 2 14 14 4 0 100
1 2 14 12 5 1 109
1 2 14 11 0 7 171
1 2 14 10 6 2 54
1 2 14 9 1 8 187
1 2 14 8 7 3 110
1 2 14 7 2 9 15
1 2 14 6 8 4 176
1 2 14 5 3 10 139
1 2 14 4 9 5 123
1 2 14 3 15 0 155
1 2 14 3 4 11 109
1 2 14 2 10 6 122
1 2 14 1 16 1 29
1 2 14 1 5 12 54
1 2 14 0 11 7 69
1 2 14 0 0 18 43
1 2 13 18 0 1 116
1 2 13 16 1 2 59
1 2 13 14 2 3 69
1 2 13 12 3 4 51
1 2 13 10 4 5 151
1 2 13 9 10 0 27
1 2 13 8 5 6 45
1 2 13 7 11 1 129
1 2 13 7 0 12 10
1 2 13 6 6 7 145
1 2 13 5 12 2 164
1 2 13 5 1 13 70
1 2 13 4 7 8 110
1 2 13 3 13 3 90
1 2 13 3 2 14 98
1 2 13 2 8 9 101
1 2 13 1 14 4 184
1 2 13 1 3 15 160
1 2 13 0 9 10 10
1 2 12 15 5 0 138
1 2 12 14 0 6 134
1 2 12 13 6 1 178
1 2 12 12 1 7 101
1 2 12 11 7 2 105
1 2 12 10 2 8 197
1 2 12 9 8 3 187
1 2 12 8 3 9 43
1 2 12 7 9 4 77
1 2 12 6 4 10 159
1 2 12 5 10 5 40
1 2 12 4 16 0 194
1 2 12 4 5 11 114
1 2 12 3 11 6 38
1 2 12 3 0 17 185
1 2 12 2 17 1 58
1 2 12 2 6 12 133
1 2 12 1 12 7 40
1 2 12 1 1 18 4
1 2 12 0 7 13 68
1 2 11 21 0 0 26
1 2 11 19 1 1 17
1 2 11 17 2 2 162
1 2 11 15 3 3 167
1 2 11 13 4 4 75
1 2 11 11 5 5 105
1 2 11 10 11 0 103
1 2 11 10 0 11 118
1 2 11 9 6 6 89
1 2 11 8 12 1 177
1 2 11 8 1 12 178
1 2 11 7 7 7 144
1 2 11 6 13 2 164
1 2 11 6 2 13 67
1 2 11 5 8 8 117
1 2 11 4 14 3 147
1 2 11 4 3 14 120
1 2 11 3 9 9 145
1 2 11 2 15 4 107
1 2 11 2 4 15 105
1 2 11 1 10 10 127
1 2 11 0 16 5 78
1 2 11 0 5 16 90
1 2 10 17 0 5 79
1 2 10 16 6 0 159
1 2 10 14 7 1 167
1 2 10 13 2 7 50
1 2 10 12 8 2 97
1 2 10 11 3 8 117
1 2 10 10 9 3 5
1 2 10 9 4 9 148
1 2 10 8 10 4 14
1 2 10 7 5 10 69
1 2 10 6 11 5 23
1 2 10 6 0 16 98
1 2 10 5 6 11 166
1 2 10 4 12 6 189
1 2 10 4 1 17 54
1 2 10 3 18 1 180
1 2 10 3 7 12 160
1 2 10 2 13 7 158
1 2 10 2 2 18 55
1 2 10 1 19 2 84
1 2 10 1 8 13 163
1 2 10 0 14 8 28
1 2 10 0 3 19 195
1 2 9 22 1 0 89
1 2 9 20 2 1 136
1 2 9 18 3 2 182
1 2 9 16 4 3 187
1 2 9 14 5 4 58
1 2 9 13 0 10 90
1 2 9 12 6 5 180
1 2 9 11 12 0 74
1 2 9 11 1 11 109
1 2 9 10 7 6 40
1 2 9 9 13 1 64
1 2 9 9 2 12 27
1 2 9 8 8 7 4
1 2 9 7 14 2 127
1 2 9 7 3 13 14
1 2 9 6 9 8 88
1 2 9 5 15 3 187
1 2 9 5 4 14 126
1 2 9 4 10 9 112
1 2 9 3 16 4 147
1 2 9 3 5 15 138
1 2 9 2 11 10 80
1 2 9 2 0 21 52
1 2 9 1 17 5 163
1 2 9 1 6 16 23
1 2 9 0 23 0 193
1 2 9 0 12 11 4
1 2 9 0 1 22 77
1 2 8 20 0 4 194
1 2 8 18 1 5 139
1 2 8 17 7 0 173
1 2 8 16 2 6 98
1 2 8 15 8 1 68
1 2 8 14 3 7 182
1 2 8 13 9 2 142
1 2 8 12 4 8 180
1 2 8 11 10 3 141
1 2 8 10 5 9 95
1 2 8 9 11 4 189
1 2 8 9 0 15 172
1 2 8 8 6 10 98
1 2 8 7 12 5 71
1 2 8 7 1 16 72
1 2 8 6 18 0 53
1 2 8 6 7 11 136
1 2 8 5 13 6 70
1 2 8 5 2 17 6
1 2 8 4 19 1 43
1 2 8 4 8 12 191
1 2 8 3 14 7 23
1 2 8 3 3 18 129
1 2 8 2 20 2 102
1 2 8 2 9 13 21
1 2 8 1 15 8 110
1 2 8 1 4 19 28
1 2 8 0 21 3 130
1 2 8 0 10 14 35
1 2 7 23 2 0 13
1 2 7 21 3 1 111
1 2 7 19 4 2 192
1 2 7 17 5 3 169
1 2 7 16 0 9 197
1 2 7 15 6 4 159
1 2 7 14 1 10 111
1 2 7 13 7 5 169
1 2 7 12 13 0 60
1 2 7 12 2 11 173
1 2 7 11 8 6 86
1 2 7 10 14 1 27
1 2 7 10 3 12 101
1 2 7 9 9 7 15
1 2 7 8 15 2 175
1 2 7 8 4 13 124
1 2 7 7 10 8 40
1 2 7 6 16 3 176
1 2 7 6 5 14 100
1 2 7 5 11 9 128
1 2 7 5 0 20 4
1 2 7 4 17 4 80
1 2 7 4 6 15 26
1 2 7 3 12 10 179
1 2 7 3 1 21 2
1 2 7 2 18 5 23
1 2 7 2 7 16 45
1 2 7 1 24 0 35
1 2 7 1 13 11 21
1 2 7 1 2 22 120
1 2 7 0 19 6 99
1 2 7 0 8 17 184
1 2 6 23 0 3 67
1 2 6 21 1 4 123
1 2 6 19 2 5 184
1 2 6 18 8 0 47
1 2 6 17 3 6 89
1 2 6 16 9 1 78
1 2 6 15 4 7 51
1 2 6 14 10 2 192
1 2 6 13 5 8 13
1 2 6 12 11 3 34
1 2 6 12 0 14 137
1 2 6 11 6 9 119
1 2 6 10 12 4 23
1 2 6 10 1 15 121
1 2 6 9 7 10 52
1 2 6 8 13 5 189
1 2 6 8 2 16 107
1 2 6 7 19 0 121
1 2 6 7 8 11 132
1 2 6 6 14 6 74
1 2 6 6 3 17 110
1 2 6 5 20 1 35
1 2 6 5 9 12 152
1 2 6 4 15 7 111
1 2 6 4 4 18 45
1 2 6 3 21 2 188
1 2 6 3 10 13 150
1 2 6 2 16 8 60
1 2 6 2 5 19 135
1 2 6 1 22 3 3
1 2 6 1 11 14 143
1 2 6 1 0 25 120
1 2 6 0 17 9 193
1 2 6 0 6 20 8
1 2 5 24 3 0 64
1 2 5 22 4 1 56
1 2 5 20 5 2 29
1 2 5 19 0 8 194
1 2 5 18 6 3 129
1 2 5 17 1 9 117
1 2 5 16 7 4 131
1 2 5 15 2 10 125
1 2 5 14 8 5 4
1 2 5 13 14 0 138
1 2 5 13 3 11 130
1 2 5 12 9 6 133
1 2 5 11 15 1 9
1 2 5 11 4 12 20
1 2 5 10 10 7 47
1 2 5 9 16 2 100
1 2 5 9 5 13 187
1 2 5 8 11 8 34
1 2 5 8 0 19 74
1 2 5 7 17 3 13
1 2 5 7 6 14 54
1 2 5 6 12 9 171
1 2 5 6 1 20 69
1 2 5 5 18 4 98
1 2 5 5 7 15 188
1 2 5 4 13 10 160
1 2 5 4 2 21 172
1 2 5 3 19 5 194
1 2 5 3 8 16 177
1 2 5 2 25 0 191
1 2 5 2 14 11 22
1 2 5 2 3 22 50
1 2 5 1 20 6 166
1 2 5 1 9 17 130
1 2 5 0 26 1 123
1 2 5 0 15 12 116
1 2 5 0 4 23 161
1 2 4 26 0 2 3
1 2 4 24 1 3 118
1 2 4 22 2 4 152
1 2 4 20 3 5 62
1 2 4 19 9 0 185
1 2 4 18 4 6 5
1 2 4 17 10 1 89
1 2 4 16 5 7 16
1 2 4 15 11 2 6
1 2 4 15 0 13 92
1 2 4 14 6 8 80
1 2 4 13 12 3 114
1 2 4 13 1 14 40
1 2 4 12 7 9 138
1 2 4 11 13 4 176
1 2 4 11 2 15 26
1 2 4 10 8 10 37
1 2 4 9 14 5 159
1 2 4 9 3 16 130
1 2 4 8 20 0 54
1 2 4 8 9 11 30
1 2 4 7 15 6 35
1 2 4 7 4 17 163
1 2 4 6 21 1 10
1 2 4 6 10 12 9
1 2 4 5 16 7 44
1 2 4 5 5 18 189
1 2 4 4 22 2 58
1 2 4 4 11 13 114
1 2 4 4 0 24 195
1 2 4 3 17 8 101
1 2 4 3 6 19 159
1 2 4 2 23 3 102
1 2 4 2 12 14 172
1 2 4 2 1 25 72
1 2 4 1 18 9 195
1 2 4 1 7 20 15
1 2 4 0 24 4 198
1 2 4 0 13 15 63
1 2 4 0 2 26 106
1 2 3 25 4 0 165
1 2 3 22 0 7 93
1 2 3 21 6 2 101
1 2 3 20 1 8 93
1 2 3 19 7 3 69
1 2 3 18 2 9 45
1 2 3 17 8 4 147
1 2 3 16 3 10 197
1 2 3 15 9 5 186
1 2 3 14 15 0 32
1 2 3 14 4 11 180
1 2 3 13 10 6 82
1 2 3 12 16 1 142
1 2 3 12 5 12 139
1 2 3 11 11 7 16
1 2 3 11 0 18 160
1 2 3 10 17 2 174
1 2 3 10 6 13 49
1 2 3 9 12 8 96
1 2 3 9 1 19 100
1 2 3 8 18 3 185
1 2 3 8 7 14 47
1 2 3 7 13 9 86
1 2 3 7 2 20 168
1 2 3 6 19 4 152
1 2 3 6 8 15 189
1 2 3 5 14 10 190
1 2 3 5 3 21 30
1 2 3 4 20 5 133
1 2 3 4 9 16 75
1 2 3 3 26 0 175
1 2 3 3 15 11 31
1 2 3 3 4 22 2
1 2 3 2 21 6 16
1 2 3 2 10 17 129
1 2 3 1 27 1 67
1 2 3 1 16 12 78
1 2 3 1 5 23 17
1 2 3 0 22 7 52
1 2 3 0 11 18 60
1 2 3 0 0 29 60
1 2 2 29 0 1 66
1 2 2 27 1 2 164
1 2 2 25 2 3 20
1 2 2 23 3 4 104
1 2 2 21 4 5 108
1 2 2 20 10 0 161
1 2 2 19 5 6 121
1 2 2 18 11 1 180
1 2 2 18 0 12 31
1 2 2 17 6 7 96
1 2 2 16 12 2 29
1 2 2 16 1 13 47
1 2 2 15 7 8 160
1 2 2 14 13 3 120
1 2 2 14 2 14 15
1 2 2 13 8 9 74
1 2 2 12 14 4 105
1 2 2 12 3 15 132
1 2 2 11 9 10 133
1 2 2 10 15 5 82
1 2 2 10 4 16 123
1 2 2 9 21 0 8
1 2 2 9 10 11 190
1 2 2 8 16 6 48
1 2 2 8 5 17 42
1 2 2 7 22 1 28
1 2 2 7 11 12 159
1 2 2 7 0 23 12
1 2 2 6 17 7 50
1 2 2 6 6 18 15
1 2 2 5 23 2 92
1 2 2 5 12 13 98
1 2 2 5 1 24 151
1 2 2 4 18 8 3
1 2 2 4 7 19 60
1 2 2 3 24 3 106
1 2 2 3 13 14 121
1 2 2 3 2 25 55
1 2 2 2 19 9 125
1 2 2 2 8 20 73
1 2 2 1 25 4 120
1 2 2 1 14 15 108
1 2 2 1 3 26 85
1 2 2 0 20 10 125
1 2 2 0 9 21 186
1 2 1 26 5 0 24
1 2 1 25 0 6 4
1 2 1 24 6 1 32
1 2 1 23 1 7 93
1 2 1 22 7 2 193
1 2 1 21 2 8 46
1 2 1 20 8 3 160
1 2 1 19 3 9 146
1 2 1 18 9 4 97
1 2 1 17 4 10 91
1 2 1 16 10 5 71
1 2 1 15 16 0 58
1 2 1 15 5 11 7
1 2 1 14 11 6 108
1 2 1 14 0 17 63
1 2 1 13 17 1 105
1 2 1 13 6 12 197
1 2 1 12 12 7 125
1 2 1 12 1 18 26
1 2 1 11 18 2 47
1 2 1 11 7 13 65
1 2 1 10 13 8 157
1 2 1 10 2 19 34
1 2 1 9 19 3 5
1 2 1 9 8 14 114
1 2 1 8 14 9 89
1 2 1 8 3 20 111
1 2 1 7 20 4 117
1 2 1 7 9 15 99
1 2 1 6 15 10 3
1 2 1 6 4 21 72
1 2 1 5 21 5 117
1 2 1 5 10 16 25
1 2 1 4 27 0 29
1 2 1 4 16 11 63
1 2 1 4 5 22 48
1 2 1 3 22 6 59
1 2 1 3 11 17 33
1 2 1 3 0 28 163
1 2 1 2 28 1 153
1 2 1 2 17 12 169
1 2 1 2 6 23 137
1 2 1 1 23 7 39
1 2 1 1 12 18 82
1 2 1 1 1 29 109
1 2 1 0 29 2 33
1 2 1 0 18 13 94
1 2 1 0 7 24 143
1 2 0 32 0 0 137
1 2 0 30 1 1 64
1 2 0 28 2 2 104
1 2 0 26 3 3 34
1 2 0 24 4 4 51
1 2 0 22 5 5 193
1 2 0 21 11 0 150
1 2 0 21 0 11 136
1 2 0 20 6 6 169
1 2 0 19 12 1 159
1 2 0 19 1 12 99
1 2 0 18 7 7 155
1 2 0 17 13 2 188
1 2 0 17 2 13 103
1 2 0 16 8 8 151
1 2 0 15 14 3 146
1 2 0 15 3 14 124
1 2 0 14 9 9 120
1 2 0 13 15 4 3
1 2 0 13 4 15 114
1 2 0 12 10 10 180
1 2 0 11 16 5 91
1 2 0 11 5 16 135
1 2 0 10 22 0 148
1 2 0 10 11 11 103
1 2 0 10 0 22 156
1 2 0 9 17 6 192
1 2 0 9 6 17 143
1 2 0 8 23 1 179
1 2 0 8 12 12 179
1 2 0 8 1 23 167
1 2 0 7 18 7 38
1 2 0 7 7 18 20
1 2 0 6 24 2 32
1 2 0 6 13 13 2
1 2 0 6 2 24 181
1 2 0 5 19 8 175
1 2 0 5 8 19 14
1 2 0 4 25 3 189
1 2 0 4 14 14 4
1 2 0 4 3 25 137
1 2 0 3 20 9 198
1 2 0 3 9 20 70
1 2 0 2 26 4 17
1 2 0 2 15 15 175
1 2 0 2 4 26 135
1 2 0 1 21 10 91
1 2 0 1 10 21 48
1 2 0 0 27 5 122
1 2 0 0 16 16 162
1 2 0 0 5 27 17
1 1 30 2 0 1 142
1 1 30 0 1 2 79
1 1 28 5 0 0 146
1 1 28 3 1 1 73
1 1 28 1 2 2 82
1 1 27 1 0 5 143
1 1 27 0 6 0 105
1 1 26 6 1 0 65
1 1 26 4 2 1 26
1 1 26 2 3 2 160
1 1 26 0 4 3 127
1 1 25 4 0 4 182
1 1 25 2 1 5 51
1 1 25 1 7 0 105
1 1 25 0 2 6 113
1 1 24 7 2 0 120
1 1 24 5 3 1 21
1 1 24 3 4 2 153
1 1 24 1 5 3 82
1 1 24 0 0 9 118
1 1 23 7 0 3 30
1 1 23 5 1 4 141
1 1 23 3 2 5 88
1 1 23 2 8 0 152
1 1 23 1 3 6 71
1 1 23 0 9 1 63
1 1 22 8 3 0 97
1 1 22 6 4 1 149
1 1 22 4 5 2 62
1 1 22 3 0 8 153
1 1 22 2 6 3 45
1 1 22 1 1 9 160
1 1 22 0 7 4 30
1 1 21 10 0 2 142
1 1 21 8 1 3 128
1 1 21 6 2 4 133
1 1 21 4 3 5 157
1 1 21 3 9 0 137
1 1 21 2 4 6 167
1 1 21 1 10 1 38
1 1 21 0 5 7 197
1 1 20 9 4 0 113
1 1 20 7 5 1 54
1 1 20 6 0 7 180
1 1 20 5 6 2 72
1 1 20 4 1 8 89
1 1 20 3 7 3 125
1 1 20 2 2 9 173
1 1 20 1 8 4 42
1 1 20 0 3 10 43
1 1 19 13 0 1 123
1 1 19 11 1 2 136
1 1 19 9 2 3 68
1 1 19 7 3 4 21
1 1 19 5 4 5 73
1 1 19 4 10 0 169
1 1 19 3 5 6 8
1 1 19 2 11 1 105
1 1 19 2 0 12 38
1 1 19 1 6 7 190
1 1 19 0 12 2 180
1 1 19 0 1 13 151
1 1 18 10 5 0 54
1 1 18 9 0 6 129
1 1 18 8 6 1 23
1 1 18 7 1 7 162
1 1 18 6 7 2 112
1 1 18 5 2 8 120
1 1 18 4 8 3 182
1 1 18 3 3 9 69
1 1 18 2 9 4 121
1 1 18 1 4 10 131
1 1 18 0 10 5 85
1 1 17 16 0 0 112
1 1 17 14 1 1 70
1 1 17 12 2 2 108
1 1 17 10 3 3 116
1 1 17 8 4 4 187
1 1 17 6 5 5 9
1 1 17 5 11 0 18
1 1 17 5 0 11 43
1 1 17 4 6 6 3
1 1 17 3 12 1 24
1 1 17 3 1 12 128
1 1 17 2 7 7 3
1 1 17 1 13 2 66
1 1 17 1 2 13 53
1 1 17 0 8 8 77
1 1 16 12 0 5 17
1 1 16 11 6 0 36
1 1 16 10 1 6 142
1 1 16 9 7 1 37
1 1 16 8 2 7 18
1 1 16 7 8 2 123
1 1 16 6 3 8 13
1 1 16 5 9 3 114
1 1 16 4 4 9 101
1 1 16 3 10 4 37
1 1 16 2 5 10 86
1 1 16 1 11 5 88
1 1 16 1 0 16 39
1 1 16 0 17 0 87
1 1 16 0 6 11 168
1 1 15 17 1 0 34
1 1 15 15 2 1 181
1 1 15 13 3 2 124
1 1 15 11 4 3 86
1 1 15 9 5 4 171
1 1 15 8 0 10 168
1 1 15 7 6 5 155
1 1 15 6 12 0 43
1 1 15 6 1 11 7
1 1 15 5 7 6 102
1 1 15 4 13 1 186
1 1 15 4 2 12 57
1 1 15 3 8 7 68
1 1 15 2 14 2 76
1 1 15 2 3 13 41
1 1 15 1 9 8 36
1 1 15 0 15 3 7
1 1 15 0 4 14 16
1 1 14 15 0 4 124
1 1 14 13 1 5 197
1 1 14 12 7 0 129
1 1 14 11 2 6 8
1 1 14 10 8 1 56
1 1 14 9 3 7 36
1 1 14 8 9 2 56
1 1 14 7 4 8 119
1 1 14 6 10 3 198
1 1 14 5 5 9 47
1 1 14 4 11 4 172
1 1 14 4 0 15 170
1 1 14 3 6 10 132
1 1 14 2 12 5 28
1 1 14 2 1 16 94
1 1 14 1 18 0 115
1 1 14 1 7 11 40
1 1 14 0 13 6 143
1 1 14 0 2 17 155
1 1 13 18 2 0 171
1 1 13 16 3 1 56
1 1 13 14 4 2 108
1 1 13 12 5 3 55
1 1 13 11 0 9 10
1 1 13 10 6 4 179
1 1 13 9 1 10 136
1 1 13 8 7 5 98
1 1 13 7 13 0 60
1 1 13 7 2 11 19
1 1 13 6 8 6 34
1 1 13 5 14 1 195
1 1 13 5 3 12 82
1 1 13 4 9 7 141
1 1 13 3 15 2 195
1 1 13 3 4 13 63
1 1 13 2 10 8 90
1 1 13 1 16 3 182
1 1 13 1 5 14 108
1 1 13 0 11 9 130
1 1 13 0 0 20 60
1 1 12 18 0 3 160
1 1 12 16 1 4 55
1 1 12 14 2 5 11
1 1 12 13 8 0 82
1 1 12 12 3 6 121
1 1 12 11 9 1 150
1 1 12 10 4 7 21
1 1 12 9 10 2 101
1 1 12 8 5 8 90
1 1 12 7 11 3 110
1 1 12 7 0 14 177
1 1 12 6 6 9 146
1 1 12 5 12 4 157
1 1 12 5 1 15 70
1 1 12 4 7 10 175
1 1 12 3 13 5 66
1 1 12 3 2 16 3
1 1 12 2 19 0 33
1 1 12 2 8 11 163
1 1 12 1 14 6 190
1 1 12 1 3 17 10
1 1 12 0 20 1 75
1 1 12 0 9 12 74
1 1 11 19 3 0 164
1 1 11 17 4 1 180
1 1 11 15 5 2 26
1 1 11 14 0 8 80
1 1 11 13 6 3 30
1 1 11 12 1 9 97
1 1 11 11 7 4 36
1 1 11 10 2 10 186
1 1 11 9 8 5 128
1 1 11 8 14 0 158
1 1 11 8 3 11 139
1 1 11 7 9 6 138
1 1 11 6 15 1 74
1 1 11 6 4 12 44
1 1 11 5 10 7 85
1 1 11 4 16 2 145
1 1 11 4 5 13 169
1 1 11 3 11 8 119
1 1 11 3 0 19 85
1 1 11 2 17 3 33
1 1 11 2 6 14 187
1 1 11 1 12 9 144
1 1 11 1 1 20 97
1 1 11 0 18 4 132
1 1 11 0 7 15 98
1 1 10 21 0 2 147
1 1 10 19 1 3 109
1 1 10 17 2 4 162
1 1 10 15 3 5 151
1 1 10 14 9 0 53
1 1 10 13 4 6 110
1 1 10 12 10 1 84
1 1 10 11 5 7 83
1 1 10 10 11 2 48
1 1 10 10 0 13 33
1 1 10 9 6 8 100
1 1 10 8 12 3 195
1 1 10 8 1 14 95
1 1 10 7 7 9 136
1 1 10 6 13 4 187
1 1 10 6 2 15 178
1 1 10 5 8 10 167
1 1 10 4 14 5 21
1 1 10 4 3 16 8
1 1 10 3 20 0 136
1 1 10 3 9 11 136
1 1 10 2 15 6 134
1 1 10 2 4 17 151
1 1 10 1 21 1 78
1 1 10 1 10 12 146
1 1 10 0 16 7 36
1 1 10 0 5 18 88
1 1 9 20 4 0 109
1 1 9 18 5 1 171
1 1 9 17 0 7 97
1 1 9 16 6 2 157
1 1 9 15 1 8 28
1 1 9 14 7 3 74
1 1 9 13 2 9 25
1 1 9 12 8 4 105
1 1 9 11 3 10 35
1 1 9 10 9 5 33
1 1 9 9 15 0 166
1 1 9 9 4 11 93
1 1 9 8 10 6 49
1 1 9 7 16 1 39
1 1 9 7 5 12 10
1 1 9 6 11 7 191
1 1 9 6 0 18 132
1 1 9 5 17 2 73
1 1 9 5 6 13 13
1 1 9 4 12 8 107
1 1 9 4 1 19 174
1 1 9 3 18 3 135
1 1 9 3 7 14 192
1 1 9 2 13 9 150
1 1 9 2 2 20 85
1 1 9 1 19 4 193
1 1 9 1 8 15 92
1 1 9 0 14 10 1
1 1 9 0 3 21 40
1 1 8 24 0 1 1
1 1 8 22 1 2 152
1 1 8 20 2 3 185
1 1 8 18 3 4 33
1 1 8 16 4 5 74
1 1 8 15 10 0 139
1 1 8 14 5 6 98
1 1 8 13 11 1 22
1 1 8 13 0 12 16
1 1 8 12 6 7 39
1 1 8 11 12 2 130
1 1 8 11 1 13 43
1 1 8 10 7 8 175
1 1 8 9 13 3 92
1 1 8 9 2 14 143
1 1 8 8 8 9 55
1 1 8 7 14 4 15
1 1 8 7 3 15 135
1 1 8 6 9 10 129
1 1 8 5 15 5 37
1 1 8 5 4 16 65
1 1 8 4 21 0 45
1 1 8 4 10 11 14
1 1 8 3 16 6 52
1 1 8 3 5 17 175
1 1 8 2 22 1 13
1 1 8 2 11 12 104
1 1 8 2 0 23 6
1 1 8 1 17 7 87
1 1 8 1 6 18 181
1 1 8 0 23 2 3
1 1 8 0 1 24 131
1 1 7 21 5 0 179
1 1 7 20 0 6 79
1 1 7 19 6 1 58
1 1 7 18 1 7 166
1 1 7 17 7 2 86
1 1 7 16 2 8 127
1 1 7 15 8 3 10
1 1 7 14 3 9 39
1 1 7 13 9 4 86
1 1 7 12 4 10 189
1 1 7 11 10 5 117
1 1 7 10 16 0 114
1 1 7 10 5 11 70
1 1 7 9 11 6 138
1 1 7 9 0 17 92
1 1 7 8 17 1 191
1 1 7 8 6 12 70
1 1 7 7 12 7 73
1 1 7 7 1 18 186
1 1 7 6 18 2 14
1 1 7 6 7 13 125
1 1 7 5 13 8 156
1 1 7 5 2 19 184
1 1 7 4 19 3 126
1 1 7 4 8 14 146
1 1 7 3 14 9 86
1 1 7 3 3 20 172
1 1 7 2 20 4 92
1 1 7 2 9 15 51
1 1 7 1 15 10 19
1 1 7 1 4 21 49
1 1 7 0 21 5 100
1 1 7 0 10 16 105
1 1 6 27 0 0 191
1 1 6 25 1 1 52
1 1 6 23 2 2 37
1 1 6 21 3 3 9
1 1 6 19 4 4 76
1 1 6 17 5 5 14
1 1 6 16 11 0 83
1 1 6 16 0 11 104
1 1 6 15 6 6 105
1 1 6 14 12 1 151
1 1 6 14 1 12 86
1 1 6 13 7 7 89
1 1 6 12 13 2 35
1 1 6 12 2 13 60
1 1 6 11 8 8 149
1 1 6 10 14 3 32
1 1 6 10 3 14 70
1 1 6 9 9 9 56
1 1 6 8 15 4 120
1 1 6 8 4 15 92
1 1 6 7 10 10 132
1 1 6 6 16 5 12
1 1 6 6 5 16 5
1 1 6 5 22 0 64
1 1 6 5 11 11 89
1 1 6 5 0 22 60
1 1 6 4 17 6 134
1 1 6 4 6 17 120
1 1 6 3 23 1 49
1 1 6 3 12 12 98
1 1 6 3 1 23 133
1 1 6 2 18 7 154
1 1 6 2 7 18 109
1 1 6 1 24 2 27
1 1 6 1 13 13 104
1 1 6 1 2 24 22
1 1 6 0 19 8 128
1 1 6 0 8 19 36
1 1 5 23 0 5 59
1 1 5 22 6 0 155
1 1 5 21 1 6 16
1 1 5 20 7 1 82
1 1 5 19 2 7 82
1 1 5 18 8 2 161
1 1 5 17 3 8 73
1 1 5 16 9 3 89
1 1 5 15 4 9 172
1 1 5 14 10 4 12
1 1 5 13 5 10 90
1 1 5 12 11 5 124
1 1 5 12 0 16 185
1 1 5 11 17 0 108
1 1 5 11 6 11 19
1 1 5 10 12 6 129
1 1 5 10 1 17 102
1 1 5 9 18 1 157
1 1 5 9 7 12 127
1 1 5 8 13 7 97
1 1 5 8 2 18 192
1 1 5 7 19 2 20
1 1 5 7 8 13 111
1 1 5 5 20 3 139
1 1 5 5 9 14 177
1 1 5 4 15 9 139
1 1 5 4 4 20 50
1 1 5 3 21 4 70
1 1 5 3 10 15 11
1 1 5 2 16 10 45
1 1 5 1 22 5 61
1 1 5 1 11 16 45
1 1 5 1 0 27 21
1 1 5 0 28 0 70
1 1 5 0 17 11 81
1 1 5 0 6 22 67
1 1 4 28 1 0 29
1 1 4 26 2 1 27
1 1 4 22 4 3 4
1 1 4 20 5 4 59
1 1 4 19 0 10 47
1 1 4 18 6 5 141
1 1 4 17 12 0 63
1 1 4 17 1 11 190
1 1 4 16 7 6 141
1 1 4 15 13 1 15
1 1 4 15 2 12 77
1 1 4 14 8 7 177
1 1 4 13 14 2 182
1 1 4 13 3 13 103
1 1 4 12 9 8 55
1 1 4 11 15 3 94
1 1 4 11 4 14 37
1 1 4 10 10 9 11
1 1 4 9 16 4 132
1 1 4 9 5 15 100
1 1 4 8 11 10 135
1 1 4 8 0 21 62
1 1 4 7 6 16 124
1 1 4 6 23 0 58
1 1 4 6 12 11 156
1 1 4 6 1 22 164
1 1 4 5 18 6 42
1 1 4 5 7 17 183
1 1 4 4 24 1 79
1 1 4 4 13 12 30
1 1 4 4 2 23 63
1 1 4 3 19 7 58
1 1 4 3 8 18 73
1 1 4 2 25 2 181
1 1 4 2 14 13 192
1 1 4 2 3 24 188
1 1 4 1 20 8 185
1 1 4 1 9 19 124
1 1 4 0 26 3 197
1 1 4 0 15 14 172
1 1 4 0 4 25 112
1 1 3 26 0 4 177
1 1 3 24 1 5 59
1 1 3 23 7 0 116
1 1 3 22 2 6 170
1 1 3 21 8 1 167
1 1 3 20 3 7 26
1 1 3 19 9 2 114
1 1 3 18 4 8 99
1 1 3 17 10 3 51
1 1 3 16 5 9 174
1 1 3 15 11 4 162
1 1 3 15 0 15 187
1 1 3 14 6 10 110
1 1 3 13 12 5 38
1 1 3 12 18 0 17
1 1 3 12 7 11 182
1 1 3 11 13 6 183
1 1 3 11 2 17 155
1 1 3 10 19 1 33
1 1 3 10 8 12 16
1 1 3 9 14 7 85
1 1 3 9 3 18 184
1 1 3 8 20 2 3
1 1 3 8 9 13 35
1 1 3 7 15 8 29
1 1 3 7 4 19 3
1 1 3 6 21 3 181
1 1 3 6 10 14 33
1 1 3 5 16 9 124
1 1 3 5 5 20 38
1 1 3 4 22 4 139
1 1 3 4 11 15 89
1 1 3 4 0 26 172
1 1 3 3 17 10 96
1 1 3 3 6 21 7
1 1 3 2 23 5 12
1 1 3 2 12 16 92
1 1 3 2 1 27 135
1 1 3 1 29 0 26
1 1 3 1 18 11 170
1 1 3 1 7 22 104
1 1 3 0 24 6 25
1 1 3 0 13 17 156
1 1 3 0 2 28 113
1 1 2 29 2 0 9
1 1 2 27 3 1 3
1 1 2 25 4 2 181
1 1 2 23 5 3 6
1 1 2 22 0 9 38
1 1 2 21 6 4 1
1 1 2 20 1 10 34
1 1 2 19 7 5 192
1 1 2 18 13 0 5
1 1 2 18 2 11 96
1 1 2 17 8 6 55
1 1 2 16 14 1 181
1 1 2 16 3 12 78
1 1 2 15 9 7 64
1 1 2 14 15 2 116
1 1 2 14 4 13 44
1 1 2 13 10 8 155
1 1 2 12 16 3 116
1 1 2 12 5 14 14
1 1 2 11 11 9 140
1 1 2 11 0 20 19
1 1 2 10 17 4 30
1 1 2 10 6 15 109
1 1 2 9 12 10 98
1 1 2 9 1 21 2
1 1 2 8 18 5 131
1 1 2 8 7 16 24
1 1 2 7 24 0 110
1 1 2 7 13 11 124
1 1 2 7 2 22 98
1 1 2 6 19 6 79
1 1 2 6 8 17 158
1 1 2 5 25 1 49
1 1 2 5 14 12 3
1 1 2 5 3 23 85
1 1 2 4 20 7 155
1 1 2 4 9 18 131
1 1 2 3 26 2 45
1 1 2 3 15 13 51
1 1 2 3 4 24 51
1 1 2 2 21 8 65
1 1 2 2 10 19 7
1 1 2 1 27 3 109
1 1 2 1 16 14 35
1 1 2 1 5 25 193
1 1 2 0 22 9 186
1 1 2 0 11 20 47
1 1 2 0 0 31 9
1 1 1 29 0 3 175
1 1 1 27 1 4 130
1 1 1 25 2 5 119
1 1 1 24 8 0 80
1 1 1 23 3 6 36
1 1 1 22 9 1 140
1 1 1 21 4 7 46
1 1 1 20 10 2 66
1 1 1 19 5 8 95
1 1 1 18 11 3 72
1 1 1 18 0 14 38
1 1 1 17 6 9 97
1 1 1 16 12 4 98
1 1 1 16 1 15 165
1 1 1 15 7 10 124
1 1 1 14 13 5 110
1 1 1 14 2 16 74
1 1 1 13 19 0 25
1 1 1 13 8 11 43
1 1 1 12 14 6 76
1 1 1 12 3 17 64
1 1 1 11 20 1 62
1 1 1 11 9 12 177
1 1 1 10 15 7 141
1 1 1 10 4 18 11
1 1 1 9 21 2 6
1 1 1 9 10 13 25
1 1 1 8 16 8 108
1 1 1 8 5 19 111
1 1 1 7 22 3 131
1 1 1 7 11 14 101
1 1 1 7 0 25 5
1 1 1 6 17 9 38
1 1 1 6 6 20 113
1 1 1 5 23 4 147
1 1 1 5 12 15 78
1 1 1 5 1 26 43
1 1 1 4 18 10 116
1 1 1 4 7 21 43
1 1 1 3 24 5 182
1 1 1 3 13 16 145
1 1 1 3 2 27 183
1 1 1 2 30 0 54
1 1 1 2 19 11 93
1 1 1 2 8 22 130
1 1 1 1 25 6 15
1 1 1 1 14 17 22
1 1 1 1 3 28 99
1 1 1 0 31 1 178
1 1 1 0 20 12 136
1 1 1 0 9 23 44
1 1 0 28 4 1 186
1 1 0 26 5 2 188
1 1 0 25 0 8 119
1 1 0 24 6 3 42
1 1 0 23 1 9 109
1 1 0 22 7 4 43
1 1 0 21 2 10 3
1 1 0 20 8 5 125
1 1 0 19 14 0 20
1 1 0 19 3 11 78
1 1 0 18 9 6 68
1 1 0 17 15 1 68
1 1 0 17 4 12 134
1 1 0 16 10 7 49
1 1 0 15 16 2 102
1 1 0 15 5 13 1
1 1 0 14 11 8 176
1 1 0 14 0 19 17
1 1 0 13 17 3 168
1 1 0 13 6 14 52
1 1 0 12 12 9 115
1 1 0 12 1 20 192
1 1 0 11 18 4 46
1 1 0 11 7 15 39
1 1 0 10 13 10 181
1 1 0 10 2 21 3
1 1 0 9 19 5 127
1 1 0 9 8 16 91
1 1 0 8 25 0 100
1 1 0 8 14 11 151
1 1 0 8 3 22 147
1 1 0 7 20 6 54
1 1 0 7 9 17 58
1 1 0 6 26 1 189
1 1 0 6 15 12 64
1 1 0 6 4 23 105
1 1 0 5 21 7 53
1 1 0 5 10 18 100
1 1 0 4 27 2 83
1 1 0 4 16 13 110
1 1 0 4 5 24 133
1 1 0 3 22 8 139
1 1 0 3 11 19 64
1 1 0 3 0 30 48
1 1 0 2 28 3 124
1 1 0 2 17 14 80
1 1 0 2 6 25 107
1 1 0 1 23 9 177
1 1 0 1 12 20 4
1 1 0 1 1 31 180
1 1 0 0 29 4 33
1 1 0 0 18 15 182
1 1 0 0 7 26 21
1 0 32 1 1 0 155
1 0 30 2 2 0 128
1 0 30 0 3 1 17
1 0 29 2 0 3 25
1 0 29 0 1 4 128
1 0 28 3 3 0 12
1 0 28 1 4 1 51
1 0 27 5 0 2 154
1 0 27 3 1 3 22
1 0 27 1 2 4 176
1 0 26 4 4 0 61
1 0 26 2 5 1 113
1 0 26 1 0 7 19
1 0 26 0 6 2 68
1 0 25 8 0 1 31
1 0 25 6 1 2 188
1 0 25 4 2 3 63
1 0 25 2 3 4 86
1 0 25 0 4 5 55
1 0 24 5 5 0 141
1 0 24 4 0 6 20
1 0 24 3 6 1 188
1 0 24 2 1 7 4
1 0 24 1 7 2 78
1 0 24 0 2 8 198
1 0 23 11 0 0 141
1 0 23 9 1 1 144
1 0 23 7 2 2 163
1 0 23 5 3 3 68
1 0 23 3 4 4 47
1 0 23 1 5 5 85
1 0 23 0 11 0 49
1 0 23 0 0 11 99
1 0 22 7 0 5 103
1 0 22 6 6 0 136
1 0 22 5 1 6 18
1 0 22 4 7 1 53
1 0 22 3 2 7 187
1 0 22 2 8 2 135
1 0 22 1 3 8 84
1 0 22 0 9 3 104
1 0 21 12 1 0 101
1 0 21 10 2 1 61
1 0 21 8 3 2 28
1 0 21 6 4 3 95
1 0 21 4 5 4 107
1 0 21 3 0 10 166
1 0 21 2 6 5 53
1 0 21 1 12 0 81
1 0 21 1 1 11 112
1 0 21 0 7 6 47
1 0 20 10 0 4 4
1 0 20 8 1 5 178
1 0 20 7 7 0 42
1 0 20 6 2 6 65
1 0 20 5 8 1 33
1 0 20 4 3 7 191
1 0 20 3 9 2 133
1 0 20 2 4 8 130
1 0 20 1 10 3 69
1 0 20 0 5 9 191
1 0 19 13 2 0 150
1 0 19 11 3 1 23
1 0 19 9 4 2 142
1 0 19 7 5 3 76
1 0 19 6 0 9 90
1 0 19 5 6 4 101
1 0 19 4 1 10 86
1 0 19 3 7 5 5
1 0 19 2 13 0 40
1 0 19 2 2 11 174
1 0 19 1 8 6 24
1 0 19 0 14 1 13
1 0 19 0 3 12 16
1 0 18 13 0 3 169
1 0 18 11 1 4 140
1 0 18 9 2 5 42
1 0 18 8 8 0 81
1 0 18 7 3 6 95
1 0 18 6 9 1 77
1 0 18 5 4 7 4
1 0 18 4 10 2 99
1 0 18 3 5 8 194
1 0 18 2 11 3 34
1 0 18 2 0 14 133
1 0 18 1 6 9 185
1 0 18 0 12 4 110
1 0 18 0 1 15 163
1 0 17 14 3 0 162
1 0 17 12 4 1 50
1 0 17 10 5 2 148
1 0 17 9 0 8 138
1 0 17 8 6 3 2
1 0 17 7 1 9 87
1 0 17 6 7 4 175
1 0 17 5 2 10 144
1 0 17 4 8 5 77
1 0 17 3 14 0 12
1 0 17 3 3 11 3
1 0 17 2 9 6 120
1 0 17 1 15 1 98
1 0 17 1 4 12 71
1 0 17 0 10 7 10
1 0 16 16 0 2 31
1 0 16 14 1 3 69
1 0 16 12 2 4 156
1 0 16 10 3 5 93
1 0 16 9 9 0 47
1 0 16 8 4 6 157
1 0 16 7 10 1 192
1 0 16 6 5 7 43
1 0 16 5 11 2 56
1 0 16 5 0 13 152
1 0 16 4 6 8 28
1 0 16 3 12 3 12
1 0 16 3 1 14 190
1 0 16 2 7 9 186
1 0 16 1 13 4 122
1 0 16 1 2 15 46
1 0 16 0 8 10 108
1 0 15 15 4 0 97
1 0 15 13 5 1 22
1 0 15 12 0 7 94
1 0 15 11 6 2 154
1 0 15 10 1 8 134
1 0 15 9 7 3 173
1 0 15 8 2 9 186
1 0 15 7 8 4 92
1 0 15 6 3 10 125
1 0 15 5 9 5 193
1 0 15 4 15 0 46
1 0 15 4 4 11 133
1 0 15 3 10 6 32
1 0 15 2 16 1 82
1 0 15 2 5 12 136
1 0 15 1 11 7 178
1 0 15 1 0 18 83
1 0 15 0 17 2 10
1 0 15 0 6 13 195
1 0 14 19 0 1 51
1 0 14 17 1 2 24
1 0 14 15 2 3 156
1 0 14 13 3 4 57
1 0 14 11 4 5 172
1 0 14 10 10 0 164
1 0 14 9 5 6 22
1 0 14 8 11 1 33
1 0 14 8 0 12 67
1 0 14 7 6 7 30
1 0 14 6 12 2 36
1 0 14 6 1 13 1
1 0 14 5 7 8 193
1 0 14 4 13 3 101
1 0 14 4 2 14 136
1 0 14 3 8 9 106
1 0 14 2 14 4 178
1 0 14 2 3 15 39
1 0 14 1 9 10 160
1 0 14 0 15 5 190
1 0 14 0 4 16 50
1 0 13 16 5 0 103
1 0 13 15 0 6 87
1 0 13 14 6 1 69
1 0 13 13 1 7 90
1 0 13 12 7 2 40
1 0 13 11 2 8 20
1 0 13 10 8 3 188
1 0 13 9 3 9 180
1 0 13 8 9 4 141
1 0 13 7 4 10 186
1 0 13 6 10 5 92
1 0 13 5 16 0 26
1 0 13 5 5 11 114
1 0 13 4 11 6 133
1 0 13 4 0 17 76
1 0 13 3 17 1 22
1 0 13 3 6 12 198
1 0 13 2 12 7 118
1 0 13 2 1 18 117
1 0 13 1 18 2 10
1 0 13 1 7 13 119
1 0 13 0 13 8 78
1 0 13 0 2 19 79
1 0 12 22 0 0 106
1 0 12 20 1 1 84
1 0 12 18 2 2 153
1 0 12 16 3 3 165
1 0 12 14 4 4 125
1 0 12 12 5 5 19
1 0 12 11 11 0 35
1 0 12 11 0 11 99
1 0 12 10 6 6 149
1 0 12 9 12 1 113
1 0 12 9 1 12 88
1 0 12 8 7 7 61
1 0 12 7 13 2 26
1 0 12 7 2 13 78
1 0 12 6 8 8 140
1 0 12 5 14 3 115
1 0 12 5 3 14 178
1 0 12 4 9 9 189
1 0 12 3 15 4 170
1 0 12 3 4 15 128
1 0 12 2 10 10 150
1 0 12 1 16 5 68
1 0 12 1 5 16 92
1 0 12 0 22 0 78
1 0 12 0 11 11 112
1 0 12 0 0 22 47
1 0 11 18 0 5 116
1 0 11 17 6 0 119
1 0 11 16 1 6 144
1 0 11 15 7 1 35
1 0 11 14 2 7 71
1 0 11 13 8 2 165
1 0 11 12 3 8 60
1 0 11 11 9 3 132
1 0 11 10 4 9 60
1 0 11 9 10 4 165
1 0 11 8 5 10 55
1 0 11 7 11 5 48
1 0 11 7 0 16 53
1 0 11 6 17 0 93
1 0 11 6 6 11 186
1 0 11 5 12 6 8
1 0 11 5 1 17 21
1 0 11 4 18 1 86
1 0 11 4 7 12 132
1 0 11 3 13 7 67
1 0 11 3 2 18 107
1 0 11 2 19 2 46
1 0 11 2 8 13 128
1 0 11 1 14 8 107
1 0 11 1 3 19 101
1 0 11 0 20 3 60
1 0 11 0 9 14 138
1 0 10 23 1 0 115
1 0 10 21 2 1 157
1 0 10 19 3 2 181
1 0 10 17 4 3 131
1 0 10 15 5 4 145
1 0 10 14 0 10 184
1 0 10 13 6 5 184
1 0 10 12 12 0 190
1 0 10 12 1 11 180
1 0 10 11 7 6 173
1 0 10 10 13 1 187
1 0 10 10 2 12 165
1 0 10 9 8 7 5
1 0 10 8 14 2 163
1 0 10 8 3 13 162
1 0 10 7 9 8 145
1 0 10 6 15 3 83
1 0 10 6 4 14 110
1 0 10 5 10 9 141
1 0 10 4 16 4 134
1 0 10 4 5 15 90
1 0 10 3 11 10 150
1 0 10 3 0 21 122
1 0 10 2 17 5 153
1 0 10 2 6 16 190
1 0 10 1 23 0 136
1 0 10 1 12 11 97
1 0 10 1 1 22 173
1 0 10 0 18 6 157
1 0 10 0 7 17 80
1 0 9 21 0 4 63
1 0 9 19 1 5 23
1 0 9 18 7 0 70
1 0 9 17 2 6 116
1 0 9 16 8 1 62
1 0 9 15 3 7 23
1 0 9 14 9 2 95
1 0 9 13 4 8 48
1 0 9 12 10 3 36
1 0 9 11 5 9 187
1 0 9 10 11 4 81
1 0 9 10 0 15 14
1 0 9 9 6 10 165
1 0 9 8 12 5 143
1 0 9 8 1 16 87
1 0 9 7 18 0 51
1 0 9 7 7 11 22
1 0 9 6 13 6 148
1 0 9 6 2 17 153
1 0 9 5 19 1 131
1 0 9 5 8 12 114
1 0 9 4 14 7 115
1 0 9 4 3 18 128
1 0 9 3 20 2 11
1 0 9 3 9 13 1
1 0 9 2 15 8 154
1 0 9 2 4 19 97
1 0 9 1 21 3 35
1 0 9 1 10 14 159
1 0 9 0 16 9 115
1 0 9 0 5 20 74
1 0 8 24 2 0 178
1 0 8 22 3 1 25
1 0 8 20 4 2 105
1 0 8 18 5 3 84
1 0 8 17 0 9 57
1 0 8 16 6 4 147
1 0 8 15 1 10 34
1 0 8 14 7 5 21
1 0 8 13 13 0 158
1 0 8 13 2 11 103
1 0 8 12 8 6 69
1 0 8 11 14 1 105
1 0 8 11 3 12 193
1 0 8 10 9 7 20
1 0 8 9 15 2 165
1 0 8 9 4 13 32
1 0 8 8 10 8 96
1 0 8 7 16 3 111
1 0 8 7 5 14 35
1 0 8 6 11 9 11
1 0 8 6 0 20 46
1 0 8 5 17 4 193
1 0 8 5 6 15 181
1 0 8 4 12 10 177
1 0 8 4 1 21 107
1 0 8 3 18 5 119
1 0 8 3 7 16 35
1 0 8 2 24 0 171
1 0 8 2 13 11 129
1 0 8 2 2 22 141
1 0 8 1 19 6 61
1 0 8 1 8 17 43
1 0 8 0 25 1 41
1 0 8 0 14 12 158
1 0 8 0 3 23 93
1 0 7 24 0 3 100
1 0 7 22 1 4 4
1 0 7 20 2 5 12
1 0 7 19 8 0 118
1 0 7 18 3 6 101
1 0 7 17 9 1 127
1 0 7 16 4 7 45
1 0 7 15 10 2 37
1 0 7 14 5 8 157
1 0 7 13 11 3 125
1 0 7 13 0 14 7
1 0 7 12 6 9 57
1 0 7 11 12 4 170
1 0 7 11 1 15 180
1 0 7 10 7 10 96
1 0 7 9 13 5 87
1 0 7 9 2 16 4
1 0 7 8 19 0 15
1 0 7 8 8 11 188
1 0 7 7 14 6 114
1 0 7 7 3 17 187
1 0 7 6 20 1 55
1 0 7 6 9 12 105
1 0 7 5 15 7 24
1 0 7 5 4 18 174
1 0 7 4 21 2 30
1 0 7 4 10 13 29
1 0 7 3 16 8 75
1 0 7 3 5 19 179
1 0 7 2 11 14 164
1 0 7 2 0 25 38
1 0 7 1 17 9 138
1 0 7 1 6 20 18
1 0 7 0 23 4 126
1 0 7 0 12 15 112
1 0 7 0 1 26 133
1 0 6 25 3 0 15
1 0 6 23 4 1 3
1 0 6 21 5 2 150
1 0 6 20 0 8 55
1 0 6 19 6 3 73
1 0 6 18 1 9 167
1 0 6 17 7 4 103
1 0 6 16 2 10 22
1 0 6 15 8 5 152
1 0 6 14 14 0 166
1 0 6 14 3 11 177
1 0 6 13 9 6 65
1 0 6 12 15 1 113
1 0 6 12 4 12 40
1 0 6 11 10 7 16
1 0 6 10 16 2 66
1 0 6 10 5 13 160
1 0 6 9 11 8 4
1 0 6 9 0 19 136
1 0 6 8 17 3 15
1 0 6 8 6 14 85
1 0 6 7 12 9 89
1 0 6 7 1 20 152
1 0 6 6 18 4 72
1 0 6 6 7 15 96
1 0 6 5 13 10 60
1 0 6 5 2 21 74
1 0 6 4 19 5 145
1 0 6 4 8 16 42
1 0 6 3 25 0 16
1 0 6 3 14 11 46
1 0 6 3 3 22 59
1 0 6 2 20 6 127
1 0 6 2 9 17 90
1 0 6 1 26 1 136
1 0 6 1 15 12 37
1 0 6 1 4 23 117
1 0 6 0 21 7 129
1 0 6 0 10 18 165
1 0 5 27 0 2 81
1 0 5 25 1 3 135
1 0 5 23 2 4 52
1 0 5 21 3 5 100
1 0 5 20 9 0 28
1 0 5 19 4 6 22
1 0 5 18 10 1 173
1 0 5 16 11 2 77
1 0 5 16 0 13 103
1 0 5 15 6 8 96
1 0 5 14 12 3 99
1 0 5 14 1 14 3
1 0 5 13 7 9 38
1 0 5 12 13 4 172
1 0 5 12 2 15 47
1 0 5 11 8 10 43
1 0 5 10 14 5 141
1 0 5 10 3 16 2
1 0 5 9 20 0 140
1 0 5 9 9 11 161
1 0 5 8 15 6 154
1 0 5 8 4 17 102
1 0 5 7 21 1 192
1 0 5 7 10 12 133
1 0 5 6 16 7 120
1 0 5 6 5 18 75
1 0 5 5 22 2 28
1 0 5 5 11 13 87
1 0 5 5 0 24 129
1 0 5 4 17 8 85
1 0 5 4 6 19 172
1 0 5 3 23 3 153
1 0 5 3 12 14 79
1 0 5 3 1 25 154
1 0 5 2 18 9 44
1 0 5 2 7 20 43
1 0 5 1 24 4 6
1 0 5 1 13 15 23
1 0 5 1 2 26 55
1 0 5 0 19 10 12
1 0 5 0 8 21 98
1 0 4 26 4 0 64
1 0 4 24 5 1 3
1 0 4 23 0 7 84
1 0 4 22 6 2 55
1 0 4 21 1 8 34
1 0 4 20 7 3 135
1 0 4 19 2 9 192
1 0 4 18 8 4 154
1 0 4 17 3 10 42
1 0 4 16 9 5 144
1 0 4 15 15 0 38
1 0 4 15 4 11 19
1 0 4 14 10 6 190
1 0 4 13 16 1 137
1 0 4 13 5 12 158
1 0 4 12 11 7 35
1 0 4 12 0 18 156
1 0 4 11 17 2 16
1 0 4 11 6 13 141
1 0 4 10 12 8 190
1 0 4 10 1 19 15
1 0 4 9 18 3 23
1 0 4 9 7 14 134
1 0 4 8 13 9 15
1 0 4 8 2 20 15
1 0 4 7 19 4 130
1 0 4 7 8 15 102
1 0 4 6 14 10 131
1 0 4 6 3 21 145
1 0 4 5 20 5 95
1 0 4 5 9 16 22
1 0 4 4 26 0 142
1 0 4 4 15 11 149
1 0 4 4 4 22 32
1 0 4 3 21 6 28
1 0 4 3 10 17 154
1 0 4 2 27 1 137
1 0 4 2 16 12 124
1 0 4 2 5 23 141
1 0 4 1 22 7 119
1 0 4 1 11 18 189
1 0 4 1 0 29 52
1 0 4 0 28 2 28
1 0 4 0 17 13 148
1 0 4 0 6 24 146
1 0 3 30 0 1 31
1 0 3 28 1 2 15
1 0 3 26 2 3 22
1 0 3 24 3 4 15
1 0 3 22 4 5 44
1 0 3 21 10 0 45
1 0 3 20 5 6 29
1 0 3 19 11 1 106
1 0 3 19 0 12 113
1 0 3 18 6 7 43
1 0 3 17 12 2 41
1 0 3 17 1 13 2
1 0 3 16 7 8 29
1 0 3 15 13 3 50
1 0 3 15 2 14 109
1 0 3 14 8 9 49
1 0 3 13 14 4 189
1 0 3 13 3 15 89
1 0 3 12 9 10 183
1 0 3 11 15 5 20
1 0 3 11 4 16 177
1 0 3 10 21 0 182
1 0 3 10 10 11 126
1 0 3 9 16 6 133
1 0 3 9 5 17 76
1 0 3 8 22 1 189
1 0 3 8 11 12 114
1 0 3 8 0 23 31
1 0 3 7 17 7 55
1 0 3 7 6 18 16
1 0 3 6 23 2 53
1 0 3 6 12 13 183
1 0 3 6 1 24 29
1 0 3 5 18 8 34
1 0 3 5 7 19 50
1 0 3 4 24 3 16
1 0 3 4 13 14 38
1 0 3 4 2 25 56
1 0 3 3 19 9 88
1 0 3 3 8 20 74
1 0 3 2 14 15 143
1 0 3 2 3 26 159
1 0 3 1 20 10 126
1 0 3 1 9 21 130
1 0 3 0 26 5 126
1 0 3 0 15 16 63
1 0 3 0 4 27 48
1 0 2 27 5 0 63
1 0 2 26 0 6 133
1 0 2 25 6 1 6
1 0 2 24 1 7 69
1 0 2 23 7 2 145
1 0 2 22 2 8 197
1 0 2 21 8 3 130
1 0 2 20 3 9 114
1 0 2 19 9 4 166
1 0 2 18 4 10 21
1 0 2 17 10 5 102
1 0 2 16 16 0 191
1 0 2 16 5 11 150
1 0 2 15 11 6 149
1 0 2 15 0 17 104
1 0 2 14 17 1 117
1 0 2 14 6 12 139
1 0 2 13 12 7 157
1 0 2 13 1 18 7
1 0 2 12 18 2 157
1 0 2 12 7 13 78
1 0 2 11 13 8 159
1 0 2 11 2 19 23
1 0 2 10 19 3 138
1 0 2 10 8 14 32
1 0 2 9 14 9 97
1 0 2 9 3 20 89
1 0 2 8 20 4 118
1 0 2 8 9 15 149
1 0 2 7 15 10 87
1 0 2 7 4 21 53
1 0 2 6 21 5 77
1 0 2 6 10 16 96
1 0 2 5 27 0 60
1 0 2 5 16 11 24
1 0 2 5 5 22 97
1 0 2 4 22 6 61
1 0 2 4 11 17 81
1 0 2 4 0 28 170
1 0 2 3 28 1 191
1 0 2 3 17 12 41
1 0 2 3 6 23 51
1 0 2 2 23 7 134
1 0 2 2 12 18 94
1 0 2 2 1 29 74
1 0 2 1 29 2 97
1 0 2 1 18 13 181
1 0 2 1 7 24 60
1 0 2 0 24 8 121
1 0 2 0 13 19 124
1 0 2 0 2 30 180
1 0 1 33 0 0 70
1 0 1 31 1 1 77
1 0 1 29 2 2 177
1 0 1 27 3 3 91
1 0 1 25 4 4 82
1 0 1 23 5 5 53
1 0 1 22 11 0 31
1 0 1 22 0 11 10
1 0 1 21 6 6 194
1 0 1 20 12 1 185
1 0 1 20 1 12 180
1 0 1 19 7 7 176
1 0 1 18 13 2 73
1 0 1 18 2 13 3
1 0 1 17 8 8 149
1 0 1 16 14 3 76
1 0 1 16 3 14 135
1 0 1 15 9 9 48
1 0 1 14 15 4 157
1 0 1 14 4 15 13
1 0 1 13 10 10 9
1 0 1 12 16 5 50
1 0 1 12 5 16 21
1 0 1 11 22 0 147
1 0 1 11 11 11 54
1 0 1 11 0 22 197
1 0 1 10 17 6 188
1 0 1 10 6 17 73
1 0 1 9 23 1 170
1 0 1 9 12 12 134
1 0 1 9 1 23 55
1 0 1 8 18 7 15
1 0 1 8 7 18 192
1 0 1 7 24 2 92
1 0 1 7 13 13 58
1 0 1 7 2 24 18
1 0 1 6 19 8 193
1 0 1 6 8 19 33
1 0 1 5 25 3 46
1 0 1 5 14 14 152
1 0 1 5 3 25 38
1 0 1 4 20 9 58
1 0 1 4 9 20 164
1 0 1 3 26 4 113
1 0 1 3 15 15 74
1 0 1 3 4 26 13
1 0 1 2 21 10 25
1 0 1 2 10 21 129
1 0 1 1 27 5 53
1 0 1 1 16 16 119
1 0 1 1 5 27 18
1 0 1 0 22 11 118
1 0 1 0 11 22 62
1 0 1 0 0 33 44
1 0 0 29 0 5 4
1 0 0 28 6 0 191
1 0 0 27 1 6 90
1 0 0 26 7 1 154
1 0 0 25 2 7 23
1 0 0 24 8 2 121
1 0 0 23 3 8 184
1 0 0 22 9 3 77
1 0 0 21 4 9 40
1 0 0 20 10 4 72
1 0 0 19 5 10 86
1 0 0 18 11 5 194
1 0 0 18 0 16 116
1 0 0 17 17 0 143
1 0 0 17 6 11 89
1 0 0 16 12 6 10
1 0 0 16 1 17 40
1 0 0 15 18 1 93
1 0 0 15 7 12 95
1 0 0 14 13 7 19
1 0 0 14 2 18 149
1 0 0 13 19 2 184
1 0 0 13 8 13 182
1 0 0 12 14 8 52
1 0 0 12 3 19 179
1 0 0 11 20 3 53
1 0 0 11 9 14 38
1 0 0 10 15 9 41
1 0 0 10 4 20 140
1 0 0 9 21 4 9
1 0 0 9 10 15 133
1 0 0 8 16 10 60
1 0 0 8 5 21 111
1 0 0 7 22 5 128
1 0 0 7 11 16 53
1 0 0 7 0 27 2
1 0 0 6 28 0 110
1 0 0 6 17 11 148
1 0 0 6 6 22 120
1 0 0 5 23 6 1
1 0 0 5 12 17 67
1 0 0 5 1 28 42
1 0 0 4 29 1 138
1 0 0 4 18 12 92
1 0 0 4 7 23 99
1 0 0 3 24 7 165
1 0 0 3 13 18 79
1 0 0 3 2 29 26
1 0 0 2 30 2 83
1 0 0 2 19 13 14
1 0 0 2 8 24 17
1 0 0 1 25 8 198
1 0 0 1 14 19 198
1 0 0 1 3 30 128
1 0 0 0 20 14 114
1 0 0 0 9 25 194
2 33 0 1 0 0 44
2 31 1 2 0 0 9
2 31 1 0 1 1 180
2 30 1 0 3 0 48
2 30 0 2 0 2 180
2 30 0 0 1 3 128
2 29 4 0 0 1 156
2 29 2 3 0 0 60
2 29 2 1 1 1 109
2 29 0 4 1 0 52
2 29 0 2 2 1 74
2 29 0 0 3 2 26
2 28 4 0 2 0 134
2 28 2 1 3 0 163
2 28 1 3 0 2 113
2 28 1 1 1 3 99
2 28 0 2 4 0 170
2 28 0 0 5 1 42
2 27 5 1 0 1 89
2 27 3 4 0 0 137
2 27 3 2 1 1 123
2 27 3 0 2 2 55
2 27 2 0 0 5 17
2 27 1 5 1 0 21
2 27 1 3 2 1 135
2 27 1 1 3 2 183
2 27 0 3 0 4 48
2 27 0 1 1 5 18
2 27 0 0 7 0 2
2 26 7 0 1 0 96
2 26 5 1 2 0 71
2 26 4 1 0 3 109
2 26 3 2 3 0 198
2 26 3 0 4 1 64
2 26 2 4 0 2 106
2 26 2 2 1 3 85
2 26 2 0 2 4 135
2 26 1 3 4 0 172
2 26 1 1 5 1 43
2 26 1 0 0 7 21
2 26 0 7 0 1 133
2 26 0 5 1 2 55
2 26 0 3 2 3 159
2 26 0 1 3 4 13
2 25 6 2 0 1 193
2 25 6 0 1 2 176
2 25 4 5 0 0 95
2 25 4 3 1 1 160
2 25 4 1 2 2 153
2 25 3 1 0 5 198
2 25 3 0 6 0 94
2 25 2 6 1 0 120
2 25 2 4 2 1 72
2 25 2 2 3 2 55
2 25 2 0 4 3 137
2 25 1 4 0 4 112
2 25 1 2 1 5 193
2 25 1 1 7 0 5
2 25 1 0 2 6 107
2 25 0 7 2 0 38
2 25 0 5 3 1 154
2 25 0 3 4 2 56
2 25 0 1 5 3 38
2 25 0 0 0 9 194
2 24 10 0 0 0 189
2 24 8 1 1 0 47
2 24 6 2 2 0 57
2 24 6 0 3 1 161
2 24 5 2 0 3 151
2 24 5 0 1 4 197
2 24 4 3 3 0 121
2 24 4 1 4 1 144
2 24 3 5 0 2 70
2 24 3 3 1 3 12
2 24 3 1 2 4 155
2 24 2 4 4 0 195
2 24 2 2 5 1 151
2 24 2 1 0 7 143
2 24 2 0 6 2 181
2 24 1 8 0 1 131
2 24 1 6 1 2 22
2 24 1 4 2 3 188
2 24 1 2 3 4 51
2 24 1 0 4 5 133
2 24 0 5 5 0 129
2 24 0 4 0 6 146
2 24 0 3 6 1 29
2 24 0 2 1 7 60
2 24 0 1 7 2 18
2 24 0 0 2 8 17
2 23 9 0 0 2 143
2 23 7 3 0 1 8
2 23 7 1 1 2 2
2 23 6 0 5 0 179
2 23 5 6 0 0 159
2 23 5 4 1 1 100
2 23 5 2 2 2 46
2 23 5 0 3 3 174
2 23 4 2 0 5 165
2 23 4 1 6 0 6
2 23 4 0 1 6 23
2 23 3 7 1 0 194
2 23 3 5 2 1 95
2 23 3 3 3 2 13
2 23 3 1 4 3 198
2 23 2 5 0 4 161
2 23 2 3 1 5 17
2 23 2 2 7 0 12
2 23 2 1 2 6 137
2 23 2 0 8 1 167
2 23 1 8 2 0 6
2 23 1 6 3 1 133
2 23 1 4 4 2 63
2 23 1 2 5 3 85
2 23 1 1 0 9 44
2 23 1 0 6 4 105
2 23 0 8 0 3 93
2 23 0 6 1 4 117
2 23 0 4 2 5 141
2 23 0 3 8 0 31
2 23 0 2 3 6 51
2 23 0 1 9 1 55
2 23 0 0 4 7 99
2 22 11 1 0 0 73
2 22 9 2 1 0 29
2 22 9 0 2 1 195
2 22 8 0 0 4 36
2 22 7 3 2 0 61
2 22 7 1 3 1 178
2 22 6 3 0 3 185
2 22 6 1 1 4 60
2 22 5 4 3 0 171
2 22 5 2 4 1 148
2 22 5 0 5 2 50
2 22 4 6 0 2 144
2 22 4 4 1 3 1
2 22 4 2 2 4 130
2 22 4 0 3 5 91
2 22 3 5 4 0 30
2 22 3 3 5 1 169
2 22 3 2 0 7 9
2 22 3 1 6 2 192
2 22 3 0 1 8 68
2 22 2 9 0 1 77
2 22 2 7 1 2 120
2 22 2 5 2 3 50
2 22 2 3 3 4 2
2 22 2 1 4 5 48
2 22 2 0 10 0 156
2 22 1 6 5 0 60
2 22 1 5 0 6 67
2 22 1 4 6 1 164
2 22 1 3 1 7 104
2 22 1 2 7 2 98
2 22 1 1 2 8 130
2 22 1 0 8 3 147
2 22 0 12 0 0 47
2 22 0 10 1 1 173
2 22 0 8 2 2 141
2 22 0 6 3 3 59
2 22 0 4 4 4 32
2 22 0 2 5 5 97
2 22 0 1 11 0 197
2 22 0 1 0 11 62
2 22 0 0 6 6 120
2 21 10 1 0 2 166
2 21 9 0 4 0 123
2 21 8 4 0 1 33
2 21 8 2 1 2 165
2 21 8 0 2 3 166
2 21 7 1 5 0 24
2 21 7 0 0 6 135
2 21 6 7 0 0 193
2 21 6 5 1 1 109
2 21 6 3 2 2 125
2 21 6 1 3 3 184
2 21 5 3 0 5 60
2 21 5 2 6 0 100
2 21 5 1 1 6 58
2 21 5 0 7 1 157
2 21 4 8 1 0 67
2 21 4 6 2 1 181
2 21 4 4 3 2 94
2 21 4 2 4 3 165
2 21 4 0 5 4 66
2 21 3 6 0 4 122
2 21 3 4 1 5 89
2 21 3 3 7 0 164
2 21 3 2 2 6 104
2 21 3 1 8 1 43
2 21 3 0 3 7 65
2 21 2 9 2 0 52
2 21 2 7 3 1 2
2 21 2 5 4 2 172
2 21 2 3 5 3 30
2 21 2 2 0 9 186
2 21 2 1 6 4 72
2 21 2 0 1 10 48
2 21 1 9 0 3 40
2 21 1 7 1 4 49
2 21 1 4 8 0 62
2 21 1 3 3 6 7
2 21 1 2 9 1 2
2 21 1 1 4 7 43
2 21 1 0 10 2 3
2 21 0 10 3 0 122
2 21 0 8 4 1 107
2 21 0 6 5 2 74
2 21 0 5 0 8 98
2 21 0 4 6 3 145
2 21 0 3 1 9 130
2 21 0 2 7 4 53
2 21 0 1 2 10 129
2 21 0 0 8 5 111
2 20 12 2 0 0 2
2 20 12 0 1 1 106
2 20 10 3 1 0 59
2 20 10 1 2 1 21
2 20 9 1 0 4 8
2 20 8 4 2 0 87
2 20 8 2 3 1 185
2 20 7 4 0 3 137
2 20 7 2 1 4 32
2 20 7 0 2 5 169
2 20 6 5 3 0 98
2 20 6 3 4 1 125
2 20 6 1 5 2 177
2 20 6 0 0 8 29
2 20 5 7 0 2 181
2 20 5 5 1 3 62
2 20 5 3 2 4 163
2 20 5 1 3 5 141
2 20 5 0 9 0 96
2 20 4 6 4 0 18
2 20 4 4 5 1 187
2 20 4 3 0 7 117
2 20 4 2 6 2 64
2 20 4 1 1 8 60
2 20 4 0 7 3 37
2 20 3 10 0 1 93
2 20 3 8 1 2 191
2 20 3 6 2 3 129
2 20 3 4 3 4 148
2 20 3 2 4 5 27
2 20 3 1 10 0 47
2 20 3 0 5 6 162
2 20 2 7 5 0 4
2 20 2 6 0 6 8
2 20 2 5 6 1 69
2 20 2 4 1 7 15
2 20 2 3 7 2 168
2 20 2 2 2 8 73
2 20 2 1 8 3 111
2 20 2 0 3 9 70
2 20 1 13 0 0 60
2 20 1 11 1 1 97
2 20 1 9 2 2 85
2 20 1 7 3 3 172
2 20 1 5 4 4 50
2 20 1 3 5 5 38
2 20 1 2 11 0 19
2 20 1 2 0 11 47
2 20 1 1 6 6 113
2 20 1 0 12 1 192
2 20 1 0 1 12 4
2 20 0 9 0 5 74
2 20 0 8 6 0 46
2 20 0 7 1 6 18
2 20 0 6 7 1 152
2 20 0 5 2 7 43
2 20 0 4 8 2 15
2 20 0 3 3 8 74
2 20 0 2 9 3 89
2 20 0 1 4 9 164
2 20 0 0 10 4 140
2 19 12 0 3 0 99
2 19 11 2 0 2 7
2 19 11 0 1 3 175
2 19 10 1 4 0 77
2 19 9 5 0 1 42
2 19 9 3 1 2 92
2 19 9 1 2 3 131
2 19 8 2 5 0 152
2 19 8 1 0 6 128
2 19 8 0 6 1 128
2 19 7 8 0 0 25
2 19 7 6 1 1 85
2 19 7 4 2 2 157
2 19 7 2 3 3 18
2 19 7 0 4 4 195
2 19 6 4 0 5 25
2 19 6 3 6 0 50
2 19 6 2 1 6 90
2 19 6 1 7 1 160
2 19 6 0 2 7 60
2 19 5 9 1 0 158
2 19 5 7 2 1 17
2 19 5 5 3 2 12
2 19 5 3 4 3 78
2 19 5 1 5 4 60
2 19 5 0 0 10 30
2 19 4 7 0 4 134
2 19 4 5 1 5 36
2 19 4 4 7 0 47
2 19 4 3 2 6 78
2 19 4 2 8 1 170
2 19 4 1 3 7 146
2 19 4 0 9 2 23
2 19 3 10 2 0 147
2 19 3 8 3 1 179
2 19 3 6 4 2 120
2 19 3 4 5 3 56
2 19 3 3 0 9 136
2 19 3 2 6 4 81
2 19 3 1 1 10 170
2 19 3 0 7 5 195
2 19 2 10 0 3 195
2 19 2 8 1 4 28
2 19 2 6 2 5 135
2 19 2 5 8 0 74
2 19 2 4 3 6 159
2 19 2 3 9 1 100
2 19 2 2 4 7 60
2 19 2 1 10 2 34
2 19 2 0 5 8 14
2 19 1 11 3 0 85
2 19 1 9 4 1 174
2 19 1 7 5 2 184
2 19 1 6 0 8 36
2 19 1 4 1 9 124
2 19 1 3 7 4 3
2 19 1 2 2 10 7
2 19 1 1 8 5 111
2 19 1 0 14 0 17
2 19 1 0 3 11 64
2 19 0 13 0 2 79
2 19 0 11 1 3 101
2 19 0 9 2 4 97
2 19 0 7 3 5 179
2 19 0 6 9 0 136
2 19 0 5 4 6 172
2 19 0 4 10 1 15
2 19 0 3 5 7 50
2 19 0 2 11 2 23
2 19 0 2 0 13 124
2 19 0 1 6 8 33
2 19 0 0 12 3 179
2 19 0 0 1 14 198
2 18 15 0 0 1 159
2 18 13 3 0 0 91
2 18 13 1 1 1 64
2 18 11 4 1 0 63
2 18 11 2 2 1 126
2 18 11 0 3 2 18
2 18 10 2 0 4 113
2 18 10 0 1 5 28
2 18 9 5 2 0 64
2 18 9 3 3 1 30
2 18 9 1 4 2 115
2 18 8 5 0 3 171
2 18 8 3 1 4 192
2 18 8 1 2 5 84
2 18 8 0 8 0 36
2 18 7 6 3 0 30
2 18 7 4 4 1 158
2 18 7 2 5 2 79
2 18 7 1 0 8 183
2 18 7 0 6 3 139
2 18 6 8 0 2 104
2 18 6 6 1 3 3
2 18 6 4 2 4 168
2 18 6 2 3 5 16
2 18 6 1 9 0 63
2 18 6 0 4 6 64
2 18 5 7 4 0 92
2 18 5 5 5 1 82
2 18 5 4 0 7 144
2 18 5 3 6 2 71
2 18 5 2 1 8 99
2 18 5 1 7 3 195
2 18 5 0 2 9 106
2 18 4 11 0 1 2
2 18 4 9 1 2 156
2 18 4 7 2 3 127
2 18 4 5 3 4 90
2 18 4 3 4 5 18
2 18 4 2 10 0 66
2 18 4 1 5 6 15
2 18 4 0 11 1 5
2 18 4 0 0 12 6
2 18 3 8 5 0 1
2 18 3 7 0 6 187
2 18 3 6 6 1 116
2 18 3 5 1 7 113
2 18 3 4 7 2 9
2 18 3 3 2 8 83
2 18 3 2 8 3 136
2 18 3 1 3 9 119
2 18 3 0 9 4 34
2 18 2 14 0 0 43
2 18 2 12 1 1 4
2 18 2 10 2 2 55
2 18 2 8 3 3 129
2 18 2 6 4 4 45
2 18 2 4 5 5 189
2 18 2 3 11 0 160
2 18 2 3 0 11 60
2 18 2 2 6 6 15
2 18 2 1 12 1 26
2 18 2 1 1 12 82
2 18 2 0 7 7 20
2 18 1 10 0 5 88
2 18 1 9 6 0 132
2 18 1 8 1 6 181
2 18 1 7 7 1 186
2 18 1 6 2 7 109
2 18 1 5 8 2 192
2 18 1 4 3 8 73
2 18 1 3 9 3 184
2 18 1 2 4 9 131
2 18 1 1 10 4 11
2 18 1 0 5 10 100
2 18 0 15 1 0 83
2 18 0 13 2 1 117
2 18 0 11 3 2 107
2 18 0 9 4 3 128
2 18 0 7 5 4 174
2 18 0 6 0 10 165
2 18 0 5 6 5 75
2 18 0 4 12 0 156
2 18 0 4 1 11 189
2 18 0 3 7 6 16
2 18 0 2 13 1 7
2 18 0 2 2 12 94
2 18 0 1 8 7 192
2 18 0 0 14 2 149
2 18 0 0 3 13 79
2 17 15 0 2 0 47
2 17 14 0 0 3 124
2 17 13 1 3 0 76
2 17 12 3 0 2 25
2 17 12 1 1 3 111
2 17 11 2 4 0 159
2 17 11 0 5 1 163
2 17 10 6 0 1 127
2 17 10 4 1 2 66
2 17 10 2 2 3 15
2 17 10 0 3 4 181
2 17 9 3 5 0 93
2 17 9 2 0 6 119
2 17 9 1 6 1 190
2 17 9 0 1 7 153
2 17 8 9 0 0 147
2 17 8 7 1 1 23
2 17 8 5 2 2 10
2 17 8 3 3 3 33
2 17 8 1 4 4 65
2 17 7 5 0 5 146
2 17 7 4 6 0 198
2 17 7 3 1 6 54
2 17 7 2 7 1 64
2 17 7 1 2 7 121
2 17 7 0 8 2 137
2 17 6 10 1 0 164
2 17 6 8 2 1 42
2 17 6 6 3 2 53
2 17 6 4 4 3 15
2 17 6 2 5 4 119
2 17 6 1 0 10 164
2 17 6 0 6 5 131
2 17 5 8 0 4 180
2 17 5 6 1 5 153
2 17 5 4 2 6 18
2 17 5 3 8 1 170
2 17 5 2 3 7 127
2 17 5 1 9 2 86
2 17 5 0 4 8 144
2 17 4 11 2 0 79
2 17 4 9 3 1 106
2 17 4 7 4 2 141
2 17 4 5 5 3 144
2 17 4 4 0 9 189
2 17 4 3 6 4 37
2 17 4 2 1 10 139
2 17 4 1 7 5 51
2 17 4 0 13 0 138
2 17 4 0 2 11 31
2 17 3 11 0 3 70
2 17 3 9 1 4 189
2 17 3 7 2 5 112
2 17 3 6 8 0 21
2 17 3 5 3 6 13
2 17 3 4 9 1 111
2 17 3 3 4 7 168
2 17 3 2 10 2 127
2 17 3 1 5 8 149
2 17 3 0 11 3 112
2 17 3 0 0 14 168
2 17 2 12 3 0 185
2 17 2 10 4 1 54
2 17 2 8 5 2 6
2 17 2 7 0 8 184
2 17 2 6 6 3 110
2 17 2 5 1 9 130
2 17 2 4 7 4 163
2 17 2 3 2 10 129
2 17 2 2 8 5 42
2 17 2 1 14 0 63
2 17 2 1 3 11 33
2 17 2 0 9 6 143
2 17 1 14 0 2 155
2 17 1 12 1 3 10
2 17 1 10 2 4 151
2 17 1 8 3 5 175
2 17 1 7 9 0 92
2 17 1 6 4 6 120
2 17 1 5 10 1 102
2 17 1 4 5 7 183
2 17 1 3 11 2 155
2 17 1 3 0 13 156
2 17 1 2 6 8 158
2 17 1 1 12 3 64
2 17 1 1 1 14 22
2 17 1 0 7 9 58
2 17 0 13 4 0 76
2 17 0 11 5 1 21
2 17 0 10 0 7 80
2 17 0 9 6 2 153
2 17 0 8 1 8 43
2 17 0 7 7 3 187
2 17 0 6 2 9 90
2 17 0 5 8 4 102
2 17 0 4 3 10 154
2 17 0 3 9 5 76
2 17 0 2 15 0 104
2 17 0 2 4 11 81
2 17 0 1 10 6 73
2 17 0 0 16 1 40
2 17 0 0 5 12 67
2 16 16 1 0 1 36
2 16 14 4 0 0 169
2 16 14 2 1 1 23
2 16 14 0 2 2 91
2 16 13 0 0 5 191
2 16 12 5 1 0 155
2 16 12 3 2 1 144
2 16 12 1 3 2 12
2 16 11 3 0 4 161
2 16 11 1 1 5 65
2 16 11 0 7 0 16
2 16 10 6 2 0 122
2 16 10 4 3 1 48
2 16 10 2 4 2 12
2 16 10 0 5 3 40
2 16 9 6 0 3 83
2 16 9 4 1 4 195
2 16 9 2 2 5 103
2 16 9 1 8 0 186
2 16 9 0 3 6 130
2 16 8 7 3 0 81
2 16 8 5 4 1 90
2 16 8 3 5 2 60
2 16 8 2 0 8 4
2 16 8 1 6 3 25
2 16 8 0 1 9 128
2 16 7 9 0 2 62
2 16 7 7 1 3 15
2 16 7 5 2 4 71
2 16 7 3 3 5 12
2 16 7 2 9 0 106
2 16 7 1 4 6 144
2 16 7 0 10 1 181
2 16 6 8 4 0 59
2 16 6 6 5 1 83
2 16 6 5 0 7 151
2 16 6 4 6 2 56
2 16 6 3 1 8 144
2 16 6 2 7 3 10
2 16 6 1 2 9 151
2 16 6 0 8 4 192
2 16 5 12 0 1 113
2 16 5 10 1 2 58
2 16 5 8 2 3 163
2 16 5 6 3 4 58
2 16 5 4 4 5 194
2 16 5 3 10 0 78
2 16 5 2 5 6 95
2 16 5 1 11 1 16
2 16 5 1 0 12 198
2 16 5 0 6 7 66
2 16 4 9 5 0 138
2 16 4 8 0 6 17
2 16 4 7 6 1 31
2 16 4 6 1 7 76
2 16 4 5 7 2 160
2 16 4 4 2 8 49
2 16 4 3 8 3 14
2 16 4 2 3 9 167
2 16 4 1 9 4 161
2 16 4 0 4 10 150
2 16 3 15 0 0 36
2 16 3 13 1 1 137
2 16 3 11 2 2 60
2 16 3 9 3 3 90
2 16 3 7 4 4 130
2 16 3 5 5 5 126
2 16 3 4 11 0 144
2 16 3 4 0 11 108
2 16 3 3 6 6 121
2 16 3 2 12 1 165
2 16 3 2 1 12 30
2 16 3 1 7 7 151
2 16 3 0 13 2 50
2 16 3 0 2 13 150
2 16 2 11 0 5 90
2 16 2 10 6 0 98
2 16 2 9 1 6 23
2 16 2 8 7 1 72
2 16 2 7 2 7 45
2 16 2 6 8 2 107
2 16 2 5 3 8 177
2 16 2 4 9 3 130
2 16 2 3 4 9 75
2 16 2 2 10 4 123
2 16 2 1 5 10 25
2 16 2 0 11 5 135
2 16 2 0 0 16 162
2 16 1 16 1 0 39
2 16 1 14 2 1 94
2 16 1 12 3 2 3
2 16 1 10 4 3 8
2 16 1 8 5 4 65
2 16 1 7 0 10 105
2 16 1 6 6 5 5
2 16 1 5 12 0 185
2 16 1 5 1 11 45
2 16 1 4 7 6 124
2 16 1 3 2 12 92
2 16 1 2 8 7 24
2 16 1 1 14 2 74
2 16 1 1 3 13 145
2 16 1 0 9 8 91
2 16 0 14 0 4 50
2 16 0 12 1 5 92
2 16 0 11 7 0 53
2 16 0 10 2 6 190
2 16 0 9 8 1 87
2 16 0 8 3 7 35
2 16 0 7 9 2 4
2 16 0 6 4 8 42
2 16 0 5 10 3 2
2 16 0 4 5 9 22
2 16 0 3 11 4 177
2 16 0 3 0 15 63
2 16 0 2 6 10 96
2 16 0 1 12 5 21
2 16 0 1 1 16 119
2 16 0 0 18 0 116
2 16 0 0 7 11 53
2 15 18 0 1 0 37
2 15 16 1 2 0 156
2 15 15 1 0 3 65
2 15 14 2 3 0 131
2 15 14 0 4 1 148
2 15 13 4 0 2 31
2 15 13 2 1 3 84
2 15 12 3 4 0 25
2 15 12 1 5 1 153
2 15 12 0 0 7 113
2 15 11 7 0 1 25
2 15 11 5 1 2 99
2 15 11 3 2 3 198
2 15 11 1 3 4 73
2 15 10 4 5 0 25
2 15 10 3 0 6 169
2 15 10 2 6 1 86
2 15 10 1 1 7 25
2 15 10 0 7 2 80
2 15 9 10 0 0 189
2 15 9 8 1 1 187
2 15 9 6 2 2 28
2 15 9 4 3 3 117
2 15 9 2 4 4 10
2 15 9 0 5 5 150
2 15 8 6 0 5 7
2 15 8 5 6 0 110
2 15 8 3 7 1 41
2 15 8 2 2 7 119
2 15 8 1 8 2 108
2 15 8 0 3 8 143
2 15 7 11 1 0 26
2 15 7 9 2 1 91
2 15 7 7 3 2 191
2 15 7 5 4 3 25
2 15 7 3 5 4 129
2 15 7 2 0 10 104
2 15 7 1 6 5 102
2 15 7 0 12 0 110
2 15 7 0 1 11 62
2 15 6 9 0 4 30
2 15 6 7 1 5 17
2 15 6 6 7 0 12
2 15 6 5 2 6 179
2 15 6 4 8 1 95
2 15 6 3 3 7 154
2 15 6 2 9 2 125
2 15 6 1 4 8 10
2 15 6 0 10 3 10
2 15 5 12 2 0 88
2 15 5 10 3 1 76
2 15 5 8 4 2 151
2 15 5 6 5 3 14
2 15 5 5 0 9 148
2 15 5 4 6 4 65
2 15 5 3 1 10 76
2 15 5 2 7 5 189
2 15 5 1 13 0 166
2 15 5 1 2 11 108
2 15 5 0 8 6 198
2 15 4 12 0 3 158
2 15 4 10 1 4 184
2 15 4 8 2 5 3
2 15 4 7 8 0 163
2 15 4 6 3 6 49
2 15 4 5 9 1 126
2 15 4 4 4 7 80
2 15 4 3 10 2 24
2 15 4 2 5 8 44
2 15 4 1 11 3 38
2 15 4 1 0 14 160
2 15 4 0 6 9 50
2 15 3 13 3 0 176
2 15 3 11 4 1 76
2 15 3 9 5 2 51
2 15 3 8 0 8 173
2 15 3 7 6 3 62
2 15 3 6 1 9 89
2 15 3 5 7 4 148
2 15 3 4 2 10 186
2 15 3 3 8 5 66
2 15 3 2 14 0 104
2 15 3 2 3 11 40
2 15 3 1 9 6 170
2 15 3 0 15 1 136
2 15 3 0 4 12 77
2 15 2 15 0 2 97
2 15 2 13 1 3 160
2 15 2 11 2 4 105
2 15 2 9 3 5 138
2 15 2 8 9 0 172
2 15 2 7 4 6 26
2 15 2 6 10 1 121
2 15 2 5 5 7 188
2 15 2 4 11 2 26
2 15 2 4 0 13 63
2 15 2 3 6 8 189
2 15 2 2 12 3 132
2 15 2 2 1 14 108
2 15 2 1 7 9 99
2 15 2 0 13 4 114
2 15 2 0 2 15 175
2 15 1 14 4 0 170
2 15 1 12 5 1 70
2 15 1 11 0 7 98
2 15 1 10 6 2 178
2 15 1 9 1 8 92
2 15 1 8 7 3 135
2 15 1 7 2 9 51
2 15 1 6 8 4 92
2 15 1 5 3 10 11
2 15 1 4 9 5 100
2 15 1 3 15 0 187
2 15 1 3 4 11 89
2 15 1 2 10 6 109
2 15 1 1 16 1 165
2 15 1 1 5 12 78
2 15 1 0 11 7 39
2 15 1 0 0 18 182
2 15 0 18 0 1 163
2 15 0 16 1 2 46
2 15 0 14 2 3 39
2 15 0 12 3 4 128
2 15 0 10 4 5 90
2 15 0 9 10 0 14
2 15 0 8 5 6 181
2 15 0 7 11 1 180
2 15 0 7 0 12 112
2 15 0 6 6 7 96
2 15 0 5 12 2 47
2 15 0 5 1 13 23
2 15 0 4 7 8 102
2 15 0 3 13 3 89
2 15 0 3 2 14 143
2 15 0 2 8 9 149
2 15 0 1 14 4 13
2 15 0 1 3 15 74
2 15 0 0 9 10 133
2 14 17 2 0 1 10
2 14 17 0 1 2 23
2 14 15 5 0 0 99
2 14 15 3 1 1 20
2 14 15 1 2 2 141
2 14 14 1 0 5 62
2 14 14 0 6 0 75
2 14 13 6 1 0 110
2 14 13 4 2 1 2
2 14 13 2 3 2 28
2 14 13 0 4 3 3
2 14 12 4 0 4 145
2 14 12 2 1 5 59
2 14 12 1 7 0 153
2 14 12 0 2 6 118
2 14 11 7 2 0 93
2 14 11 5 3 1 155
2 14 11 3 4 2 59
2 14 11 1 5 3 25
2 14 11 0 0 9 23
2 14 10 7 0 3 89
2 14 10 5 1 4 189
2 14 10 3 2 5 8
2 14 10 2 8 0 68
2 14 10 1 3 6 68
2 14 10 0 9 1 24
2 14 9 8 3 0 127
2 14 9 6 4 1 143
2 14 9 4 5 2 27
2 14 9 3 0 8 138
2 14 9 2 6 3 161
2 14 9 1 1 9 34
2 14 9 0 7 4 142
2 14 8 10 0 2 36
2 14 8 8 1 3 11
2 14 8 6 2 4 137
2 14 8 4 3 5 137
2 14 8 3 9 0 110
2 14 8 2 4 6 115
2 14 8 1 10 1 114
2 14 8 0 5 7 129
2 14 7 9 4 0 195
2 14 7 7 5 1 101
2 14 7 6 0 7 28
2 14 7 5 6 2 188
2 14 7 4 1 8 18
2 14 7 3 7 3 2
2 14 7 2 2 9 133
2 14 7 1 8 4 105
2 14 7 0 3 10 164
2 14 6 13 0 1 181
2 14 6 11 1 2 48
2 14 6 9 2 3 51
2 14 6 7 3 4 116
2 14 6 5 4 5 164
2 14 6 4 10 0 77
2 14 6 3 5 6 94
2 14 6 2 11 1 94
2 14 6 2 0 12 136
2 14 6 1 6 7 16
2 14 6 0 12 2 164
2 14 6 0 1 13 129
2 14 5 10 5 0 189
2 14 5 9 0 6 2
2 14 5 8 6 1 98
2 14 5 7 1 7 164
2 14 5 6 7 2 14
2 14 5 5 2 8 150
2 14 5 4 8 3 30
2 14 5 3 3 9 182
2 14 5 2 9 4 173
2 14 5 1 4 10 3
2 14 5 0 10 5 186
2 14 4 16 0 0 79
2 14 4 14 1 1 166
2 14 4 12 2 2 41
2 14 4 10 3 3 41
2 14 4 8 4 4 77
2 14 4 6 5 5 53
2 14 4 5 11 0 55
2 14 4 5 0 11 109
2 14 4 4 6 6 79
2 14 4 3 12 1 2
2 14 4 3 1 12 142
2 14 4 2 7 7 108
2 14 4 1 13 2 33
2 14 4 1 2 13 22
2 14 4 0 8 8 98
2 14 3 12 0 5 59
2 14 3 11 6 0 122
2 14 3 10 1 6 6
2 14 3 9 7 1 71
2 14 3 8 2 7 61
2 14 3 7 8 2 24
2 14 3 6 3 8 78
2 14 3 5 9 3 126
2 14 3 4 4 9 138
2 14 3 3 10 4 141
2 14 3 2 5 10 86
2 14 3 1 11 5 154
2 14 3 1 0 16 51
2 14 3 0 17 0 192
2 14 3 0 6 11 167
2 14 2 17 1 0 22
2 14 2 15 2 1 44
2 14 2 13 3 2 98
2 14 2 11 4 3 120
2 14 2 9 5 4 126
2 14 2 8 0 10 35
2 14 2 7 6 5 100
2 14 2 6 12 0 137
2 14 2 6 1 11 143
2 14 2 5 7 6 54
2 14 2 4 13 1 40
2 14 2 4 2 12 172
2 14 2 3 8 7 47
2 14 2 2 14 2 15
2 14 2 2 3 13 121
2 14 2 1 9 8 114
2 14 2 0 15 3 124
2 14 2 0 4 14 4
2 14 1 15 0 4 16
2 14 1 13 1 5 108
2 14 1 12 7 0 177
2 14 1 11 2 6 187
2 14 1 10 8 1 95
2 14 1 9 3 7 192
2 14 1 8 9 2 143
2 14 1 7 4 8 146
2 14 1 6 10 3 70
2 14 1 5 5 9 177
2 14 1 4 11 4 37
2 14 1 4 0 15 172
2 14 1 3 6 10 33
2 14 1 2 12 5 14
2 14 1 2 1 16 35
2 14 1 1 18 0 38
2 14 1 1 7 11 101
2 14 1 0 13 6 52
2 14 1 0 2 17 80
2 14 0 18 2 0 133
2 14 0 16 3 1 190
2 14 0 14 4 2 136
2 14 0 12 5 3 178
2 14 0 11 0 9 138
2 14 0 10 6 4 110
2 14 0 9 1 10 159
2 14 0 8 7 5 35
2 14 0 7 13 0 7
2 14 0 7 2 11 164
2 14 0 6 8 6 85
2 14 0 5 14 1 3
2 14 0 5 3 12 79
2 14 0 4 9 7 134
2 14 0 3 15 2 109
2 14 0 3 4 13 38
2 14 0 2 10 8 32
2 14 0 1 16 3 135
2 14 0 1 5 14 152
2 14 0 0 11 9 38
2 14 0 0 0 20 114
2 13 21 0 0 0 109
2 13 19 1 1 0 138
2 13 17 2 2 0 13
2 13 17 0 3 1 139
2 13 16 2 0 3 80
2 13 16 0 1 4 57
2 13 15 3 3 0 95
2 13 15 1 4 1 115
2 13 14 5 0 2 92
2 13 14 3 1 3 39
2 13 14 1 2 4 121
2 13 13 4 4 0 179
2 13 13 2 5 1 34
2 13 13 1 0 7 13
2 13 13 0 6 2 108
2 13 12 8 0 1 128
2 13 12 6 1 2 157
2 13 12 4 2 3 160
2 13 12 2 3 4 88
2 13 12 0 4 5 155
2 13 11 5 5 0 141
2 13 11 4 0 6 193
2 13 11 3 6 1 189
2 13 11 2 1 7 148
2 13 11 1 7 2 147
2 13 11 0 2 8 60
2 13 10 11 0 0 159
2 13 10 9 1 1 137
2 13 10 7 2 2 54
2 13 10 5 3 3 74
2 13 10 3 4 4 105
2 13 10 1 5 5 99
2 13 10 0 11 0 83
2 13 10 0 0 11 28
2 13 9 7 0 5 196
2 13 9 6 6 0 142
2 13 9 5 1 6 109
2 13 9 4 7 1 132
2 13 9 3 2 7 178
2 13 9 2 8 2 26
2 13 9 1 3 8 31
2 13 9 0 9 3 15
2 13 8 12 1 0 58
2 13 8 10 2 1 144
2 13 8 8 3 2 79
2 13 8 6 4 3 58
2 13 8 4 5 4 133
2 13 8 3 0 10 32
2 13 8 2 6 5 27
2 13 8 1 12 0 66
2 13 8 1 1 11 97
2 13 8 0 7 6 158
2 13 7 10 0 4 4
2 13 7 8 1 5 82
2 13 7 7 7 0 162
2 13 7 6 2 6 140
2 13 7 5 8 1 99
2 13 7 4 3 7 55
2 13 7 3 9 2 37
2 13 7 2 4 8 111
2 13 7 1 10 3 97
2 13 7 0 5 9 91
2 13 6 13 2 0 125
2 13 6 11 3 1 57
2 13 6 9 4 2 141
2 13 6 7 5 3 129
2 13 6 6 0 9 160
2 13 6 5 6 4 116
2 13 6 4 1 10 51
2 13 6 3 7 5 135
2 13 6 2 13 0 18
2 13 6 2 2 11 171
2 13 6 1 8 6 1
2 13 6 0 14 1 91
2 13 6 0 3 12 121
2 13 5 13 0 3 43
2 13 5 11 1 4 197
2 13 5 9 2 5 4
2 13 5 8 8 0 52
2 13 5 7 3 6 187
2 13 5 6 9 1 45
2 13 5 5 4 7 140
2 13 5 4 10 2 131
2 13 5 3 5 8 50
2 13 5 2 11 3 103
2 13 5 2 0 14 134
2 13 5 1 6 9 3
2 13 5 0 12 4 103
2 13 5 0 1 15 101
2 13 4 14 3 0 116
2 13 4 12 4 1 169
2 13 4 10 5 2 144
2 13 4 9 0 8 172
2 13 4 8 6 3 73
2 13 4 7 1 9 53
2 13 4 6 7 4 159
2 13 4 5 2 10 85
2 13 4 4 8 5 4
2 13 4 3 14 0 111
2 13 4 3 3 11 124
2 13 4 2 9 6 54
2 13 4 1 15 1 147
2 13 4 1 4 12 194
2 13 4 0 10 7 133
2 13 3 16 0 2 57
2 13 3 14 1 3 55
2 13 3 12 2 4 68
2 13 3 10 3 5 2
2 13 3 9 9 0 70
2 13 3 8 4 6 68
2 13 3 7 10 1 97
2 13 3 6 5 7 11
2 13 3 5 11 2 102
2 13 3 5 0 13 23
2 13 3 4 6 8 108
2 13 3 3 12 3 119
2 13 3 3 1 14 157
2 13 3 2 7 9 20
2 13 3 1 13 4 33
2 13 3 1 2 15 184
2 13 3 0 8 10 131
2 13 2 15 4 0 117
2 13 2 13 5 1 70
2 13 2 12 0 7 68
2 13 2 11 6 2 67
2 13 2 10 1 8 163
2 13 2 9 7 3 14
2 13 2 8 2 9 21
2 13 2 7 8 4 124
2 13 2 6 3 10 150
2 13 2 5 9 5 187
2 13 2 4 15 0 92
2 13 2 4 4 11 114
2 13 2 3 10 6 49
2 13 2 2 16 1 47
2 13 2 2 5 12 98
2 13 2 1 11 7 65
2 13 2 1 0 18 94
2 13 2 0 17 2 103
2 13 2 0 6 13 2
2 13 1 19 0 1 151
2 13 1 17 1 2 53
2 13 1 15 2 3 41
2 13 1 13 3 4 63
2 13 1 11 4 5 169
2 13 1 10 10 0 33
2 13 1 9 5 6 13
2 13 1 8 11 1 43
2 13 1 7 6 7 125
2 13 1 6 12 2 60
2 13 1 6 1 13 104
2 13 1 5 7 8 111
2 13 1 4 13 3 103
2 13 1 4 2 14 192
2 13 1 3 8 9 35
2 13 1 2 14 4 44
2 13 1 2 3 15 51
2 13 1 1 9 10 25
2 13 1 0 15 5 1
2 13 1 0 4 16 110
2 13 0 16 5 0 152
2 13 0 15 0 6 195
2 13 0 14 6 1 1
2 13 0 13 1 7 119
2 13 0 12 7 2 78
2 13 0 11 2 8 128
2 13 0 10 8 3 162
2 13 0 9 3 9 1
2 13 0 8 9 4 32
2 13 0 7 4 10 29
2 13 0 6 10 5 160
2 13 0 5 16 0 103
2 13 0 5 5 11 87
2 13 0 4 11 6 141
2 13 0 4 0 17 148
2 13 0 3 17 1 2
2 13 0 3 6 12 183
2 13 0 2 12 7 78
2 13 0 2 1 18 181
2 13 0 1 18 2 3
2 13 0 1 7 13 58
2 13 0 0 13 8 182
2 13 0 0 2 19 14
2 12 20 0 0 2 86
2 12 18 3 0 1 163
2 12 18 1 1 2 8
2 12 17 0 5 0 20
2 12 16 6 0 0 42
2 12 16 4 1 1 93
2 12 16 2 2 2 111
2 12 16 0 3 3 85
2 12 15 2 0 5 44
2 12 15 1 6 0 25
2 12 15 0 1 6 53
2 12 14 7 1 0 69
2 12 14 5 2 1 5
2 12 14 3 3 2 149
2 12 14 1 4 3 108
2 12 13 5 0 4 195
2 12 13 3 1 5 161
2 12 13 2 7 0 106
2 12 13 1 2 6 89
2 12 13 0 8 1 2
2 12 12 8 2 0 162
2 12 12 6 3 1 91
2 12 12 4 4 2 107
2 12 12 2 5 3 77
2 12 12 1 0 9 120
2 12 12 0 6 4 164
2 12 11 8 0 3 179
2 12 11 6 1 4 154
2 12 11 4 2 5 123
2 12 11 3 8 0 153
2 12 11 2 3 6 54
2 12 11 1 9 1 23
2 12 11 0 4 7 165
2 12 10 9 3 0 86
2 12 10 7 4 1 136
2 12 10 5 5 2 99
2 12 10 4 0 8 57
2 12 10 3 6 3 148
2 12 10 2 1 9 6
2 12 10 1 7 4 150
2 12 10 0 2 10 141
2 12 9 11 0 2 197
2 12 9 9 1 3 18
2 12 9 7 2 4 24
2 12 9 5 3 5 152
2 12 9 4 9 0 54
2 12 9 3 4 6 39
2 12 9 2 10 1 194
2 12 9 1 5 7 60
2 12 9 0 11 2 106
2 12 9 0 0 13 96
2 12 8 10 4 0 104
2 12 8 8 5 1 83
2 12 8 7 0 7 91
2 12 8 6 6 2 185
2 12 8 5 1 8 79
2 12 8 4 7 3 197
2 12 8 3 2 9 80
2 12 8 2 8 4 52
2 12 8 1 3 10 88
2 12 8 0 9 5 16
2 12 7 14 0 1 47
2 12 7 12 1 2 23
2 12 7 10 2 3 187
2 12 7 8 3 4 133
2 12 7 6 4 5 124
2 12 7 5 10 0 135
2 12 7 4 5 6 133
2 12 7 3 11 1 25
2 12 7 3 0 12 150
2 12 7 2 6 7 77
2 12 7 1 12 2 196
2 12 7 1 1 13 190
2 12 7 0 7 8 94
2 12 6 11 5 0 91
2 12 6 10 0 6 53
2 12 6 9 6 1 29
2 12 6 8 1 7 19
2 12 6 7 7 2 119
2 12 6 6 2 8 110
2 12 6 5 8 3 165
2 12 6 4 3 9 62
2 12 6 3 9 4 183
2 12 6 2 4 10 66
2 12 6 1 10 5 68
2 12 6 0 5 11 102
2 12 5 17 0 0 175
2 12 5 15 1 1 183
2 12 5 13 2 2 94
2 12 5 11 3 3 148
2 12 5 9 4 4 183
2 12 5 7 5 5 110
2 12 5 6 11 0 17
2 12 5 6 0 11 56
2 12 5 5 6 6 62
2 12 5 4 12 1 179
2 12 5 4 1 12 116
2 12 5 3 7 7 181
2 12 5 2 13 2 61
2 12 5 2 2 13 2
2 12 5 1 8 8 27
2 12 5 0 14 3 71
2 12 5 0 3 14 9
2 12 4 13 0 5 177
2 12 4 12 6 0 125
2 12 4 11 1 6 40
2 12 4 10 7 1 84
2 12 4 9 2 7 151
2 12 4 8 8 2 163
2 12 4 7 3 8 77
2 12 4 6 9 3 28
2 12 4 5 4 9 111
2 12 4 4 10 4 166
2 12 4 3 5 10 17
2 12 4 2 11 5 176
2 12 4 2 0 16 25
2 12 4 1 17 0 171
2 12 4 1 6 11 3
2 12 4 0 12 6 58
2 12 4 0 1 17 60
2 12 3 18 1 0 155
2 12 3 16 2 1 71
2 12 3 14 3 2 1
2 12 3 12 4 3 153
2 12 3 10 5 4 112
2 12 3 9 0 10 44
2 12 3 8 6 5 119
2 12 3 7 12 0 28
2 12 3 7 1 11 183
2 12 3 6 7 6 27
2 12 3 5 13 1 171
2 12 3 5 2 12 115
2 12 3 4 8 7 143
2 12 3 3 14 2 179
2 12 3 3 3 13 88
2 12 3 2 9 8 124
2 12 3 1 15 3 128
2 12 3 1 4 14 128
2 12 3 0 10 9 147
2 12 2 16 0 4 158
2 12 2 14 1 5 54
2 12 2 13 7 0 10
2 12 2 12 2 6 133
2 12 2 11 8 1 178
2 12 2 10 3 7 160
2 12 2 9 9 2 27
2 12 2 8 4 8 191
2 12 2 7 10 3 101
2 12 2 6 5 9 152
2 12 2 5 11 4 20
2 12 2 5 0 15 116
2 12 2 4 6 10 9
2 12 2 3 12 5 139
2 12 2 3 1 16 78
2 12 2 2 18 0 31
2 12 2 2 7 11 159
2 12 2 1 13 6 197
2 12 2 1 2 17 169
2 12 2 0 19 1 99
2 12 2 0 8 12 179
2 12 1 19 2 0 38
2 12 1 17 3 1 128
2 12 1 15 4 2 57
2 12 1 13 5 3 82
2 12 1 12 0 9 74
2 12 1 11 6 4 44
2 12 1 10 1 10 146
2 12 1 9 7 5 10
2 12 1 8 13 0 16
2 12 1 8 2 11 104
2 12 1 7 8 6 70
2 12 1 6 14 1 86
2 12 1 6 3 12 98
2 12 1 5 9 7 127
2 12 1 4 15 2 77
2 12 1 4 4 13 30
2 12 1 3 10 8 16
2 12 1 2 16 3 78
2 12 1 2 5 14 3
2 12 1 1 11 9 177
2 12 1 1 0 20 136
2 12 1 0 17 4 134
2 12 1 0 6 15 64
2 12 0 19 0 3 16
2 12 0 17 1 4 71
2 12 0 15 2 5 136
2 12 0 14 8 0 67
2 12 0 13 3 6 198
2 12 0 12 9 1 88
2 12 0 11 4 7 132
2 12 0 10 10 2 165
2 12 0 9 5 8 114
2 12 0 8 11 3 193
2 12 0 8 0 14 158
2 12 0 7 6 9 105
2 12 0 6 12 4 40
2 12 0 6 1 15 37
2 12 0 5 7 10 133
2 12 0 4 13 5 158
2 12 0 4 2 16 124
2 12 0 3 19 0 113
2 12 0 3 8 11 114
2 12 0 2 14 6 139
2 12 0 2 3 17 41
2 12 0 1 20 1 180
2 12 0 1 9 12 134
2 12 0 0 15 7 95
2 12 0 0 4 18 92
2 11 22 1 0 0 161
2 11 20 2 1 0 167
2 11 20 0 2 1 57
2 11 19 0 0 4 187
2 11 18 3 2 0 43
2 11 18 1 3 1 153
2 11 17 3 0 3 49
2 11 17 1 1 4 146
2 11 16 4 3 0 67
2 11 16 2 4 1 134
2 11 16 0 5 2 190
2 11 15 6 0 2 81
2 11 15 4 1 3 86
2 11 15 2 2 4 163
2 11 15 0 3 5 161
2 11 14 5 4 0 198
2 11 14 3 5 1 69
2 11 14 2 0 7 187
2 11 14 1 6 2 185
2 11 13 9 0 1 167
2 11 13 7 1 2 82
2 11 13 5 2 3 28
2 11 13 3 3 4 176
2 11 13 1 4 5 37
2 11 13 0 10 0 12
2 11 12 6 5 0 44
2 11 12 5 0 6 166
2 11 12 4 6 1 40
2 11 12 3 1 7 56
2 11 12 2 7 2 193
2 11 12 1 2 8 128
2 11 12 0 8 3 130
2 11 11 12 0 0 194
2 11 11 10 1 1 130
2 11 11 8 2 2 149
2 11 11 6 3 3 173
2 11 11 4 4 4 104
2 11 11 2 5 5 6
2 11 11 1 11 0 20
2 11 11 1 0 11 142
2 11 11 0 6 6 69
2 11 10 8 0 5 12
2 11 10 7 6 0 29
2 11 10 6 1 6 49
2 11 10 5 7 1 33
2 11 10 4 2 7 42
2 11 10 3 8 2 107
2 11 10 2 3 8 33
2 11 10 1 9 3 148
2 11 10 0 4 9 89
2 11 9 13 1 0 62
2 11 9 11 2 1 64
2 11 9 9 3 2 15
2 11 9 7 4 3 6
2 11 9 5 5 4 175
2 11 9 4 0 10 161
2 11 9 3 6 5 148
2 11 9 2 12 0 45
2 11 9 2 1 11 29
2 11 9 1 7 6 150
2 11 9 0 13 1 169
2 11 9 0 2 12 63
2 11 8 11 0 4 82
2 11 8 9 1 5 173
2 11 8 8 7 0 146
2 11 8 7 2 6 170
2 11 8 6 8 1 137
2 11 8 5 3 7 40
2 11 8 4 9 2 45
2 11 8 3 4 8 32
2 11 8 2 10 3 165
2 11 8 1 5 9 89
2 11 8 0 11 4 175
2 11 8 0 0 15 13
2 11 7 14 2 0 45
2 11 7 12 3 1 184
2 11 7 10 4 2 164
2 11 7 8 5 3 126
2 11 7 7 0 9 198
2 11 7 6 6 4 178
2 11 7 5 1 10 166
2 11 7 4 7 5 40
2 11 7 3 13 0 1
2 11 7 3 2 11 74
2 11 7 2 8 6 39
2 11 7 1 14 1 170
2 11 7 1 3 12 188
2 11 7 0 9 7 150
2 11 6 14 0 3 117
2 11 6 12 1 4 27
2 11 6 10 2 5 103
2 11 6 9 8 0 35
2 11 6 8 3 6 45
2 11 6 7 9 1 107
2 11 6 6 4 7 148
2 11 6 5 10 2 176
2 11 6 4 5 8 169
2 11 6 3 11 3 196
2 11 6 3 0 14 70
2 11 6 2 6 9 104
2 11 6 1 12 4 64
2 11 6 1 1 15 95
2 11 6 0 7 10 161
2 11 5 15 3 0 196
2 11 5 13 4 1 147
2 11 5 11 5 2 152
2 11 5 10 0 8 99
2 11 5 9 6 3 147
2 11 5 8 1 9 111
2 11 5 7 7 4 129
2 11 5 6 2 10 150
2 11 5 5 8 5 166
2 11 5 4 14 0 176
2 11 5 4 3 11 82
2 11 5 3 9 6 47
2 11 5 2 15 1 189
2 11 5 2 4 12 41
2 11 5 1 10 7 57
2 11 5 0 16 2 85
2 11 5 0 5 13 18
2 11 4 17 0 2 32
2 11 4 15 1 3 92
2 11 4 13 2 4 1
2 11 4 11 3 5 173
2 11 4 10 9 0 145
2 11 4 9 4 6 105
2 11 4 8 10 1 80
2 11 4 7 5 7 89
2 11 4 6 11 2 135
2 11 4 6 0 13 78
2 11 4 5 6 8 171
2 11 4 4 12 3 28
2 11 4 4 1 14 152
2 11 4 3 7 9 146
2 11 4 2 13 4 137
2 11 4 2 2 15 100
2 11 4 1 8 10 52
2 11 4 0 14 5 156
2 11 4 0 3 16 137
2 11 3 16 4 0 71
2 11 3 14 5 1 115
2 11 3 13 0 7 25
2 11 3 12 6 2 103
2 11 3 11 1 8 67
2 11 3 10 7 3 159
2 11 3 9 2 9 172
2 11 3 8 8 4 95
2 11 3 7 3 10 159
2 11 3 6 9 5 76
2 11 3 5 15 0 133
2 11 3 5 4 11 37
2 11 3 4 10 6 160
2 11 3 3 16 1 187
2 11 3 3 5 12 16
2 11 3 2 11 7 66
2 11 3 2 0 18 112
2 11 3 1 17 2 126
2 11 3 1 6 13 59
2 11 3 0 12 8 39
2 11 3 0 1 19 138
2 11 2 20 0 1 152
2 11 2 18 1 2 5
2 11 2 16 2 3 111
2 11 2 14 3 4 109
2 11 2 12 4 5 114
2 11 2 11 10 0 118
2 11 2 10 5 6 166
2 11 2 9 11 1 109
2 11 2 9 0 12 4
2 11 2 8 6 7 136
2 11 2 7 12 2 173
2 11 2 7 1 13 21
2 11 2 6 7 8 132
2 11 2 5 13 3 130
2 11 2 5 2 14 22
2 11 2 4 8 9 30
2 11 2 3 14 4 180
2 11 2 3 3 15 31
2 11 2 2 9 10 190
2 11 2 1 15 5 7
2 11 2 1 4 16 63
2 11 2 0 21 0 136
2 11 2 0 10 11 103
2 11 1 17 5 0 43
2 11 1 16 0 6 168
2 11 1 15 6 1 7
2 11 1 14 1 7 40
2 11 1 13 7 2 19
2 11 1 12 2 8 163
2 11 1 11 8 3 139
2 11 1 10 3 9 136
2 11 1 9 9 4 93
2 11 1 8 4 10 14
2 11 1 7 10 5 70
2 11 1 6 16 0 104
2 11 1 6 5 11 89
2 11 1 5 11 6 19
2 11 1 5 0 17 81
2 11 1 4 17 1 190
2 11 1 4 6 12 156
2 11 1 3 12 7 182
2 11 1 3 1 18 170
2 11 1 2 18 2 96
2 11 1 2 7 13 124
2 11 1 1 13 8 43
2 11 1 1 2 19 93
2 11 1 0 19 3 78
2 11 1 0 8 14 151
2 11 0 23 0 0 99
2 11 0 21 1 1 112
2 11 0 19 2 2 174
2 11 0 17 3 3 3
2 11 0 15 4 4 133
2 11 0 13 5 5 114
2 11 0 12 11 0 99
2 11 0 12 0 11 112
2 11 0 11 6 6 186
2 11 0 10 12 1 180
2 11 0 10 1 12 97
2 11 0 9 7 7 22
2 11 0 8 13 2 103
2 11 0 8 2 13 129
2 11 0 7 8 8 188
2 11 0 6 14 3 177
2 11 0 6 3 14 46
2 11 0 5 9 9 161
2 11 0 4 15 4 19
2 11 0 4 4 15 149
2 11 0 3 10 10 126
2 11 0 2 16 5 150
2 11 0 2 5 16 24
2 11 0 1 22 0 10
2 11 0 1 11 11 54
2 11 0 1 0 22 118
2 11 0 0 17 6 89
2 11 0 0 6 17 148
2 10 21 1 0 2 127
2 10 20 0 4 0 118
2 10 19 4 0 1 116
2 10 19 2 1 2 71
2 10 19 0 2 3 5
2 10 18 1 5 0 93
2 10 18 0 0 6 85
2 10 17 7 0 0 23
2 10 17 5 1 1 190
2 10 17 3 2 2 106
2 10 17 1 3 3 194
2 10 16 3 0 5 76
2 10 16 2 6 0 142
2 10 16 1 1 6 77
2 10 16 0 7 1 10
2 10 15 8 1 0 73
2 10 15 6 2 1 9
2 10 15 4 3 2 65
2 10 15 2 4 3 90
2 10 15 0 5 4 88
2 10 14 6 0 4 136
2 10 14 4 1 5 172
2 10 14 3 7 0 15
2 10 14 2 2 6 182
2 10 14 1 8 1 118
2 10 14 0 3 7 110
2 10 13 9 2 0 142
2 10 13 7 3 1 196
2 10 13 5 4 2 97
2 10 13 3 5 3 190
2 10 13 2 0 9 149
2 10 13 1 6 4 176
2 10 13 0 1 10 157
2 10 12 9 0 3 157
2 10 12 7 1 4 67
2 10 12 5 2 5 17
2 10 12 4 8 0 79
2 10 12 3 3 6 144
2 10 12 2 9 1 151
2 10 12 1 4 7 188
2 10 12 0 10 2 191
2 10 11 10 3 0 171
2 10 11 8 4 1 59
2 10 11 6 5 2 85
2 10 11 5 0 8 32
2 10 11 4 6 3 175
2 10 11 3 1 9 197
2 10 11 2 7 4 56
2 10 11 1 2 10 28
2 10 11 0 8 5 122
2 10 10 12 0 2 21
2 10 10 10 1 3 87
2 10 10 6 3 5 121
2 10 10 5 9 0 117
2 10 10 4 4 6 181
2 10 10 3 10 1 96
2 10 10 2 5 7 88
2 10 10 1 11 2 120
2 10 10 1 0 13 101
2 10 10 0 6 8 179
2 10 9 11 4 0 181
2 10 9 9 5 1 100
2 10 9 8 0 7 80
2 10 9 7 6 2 42
2 10 9 6 1 8 12
2 10 9 5 7 3 108
2 10 9 4 2 9 9
2 10 9 3 8 4 161
2 10 9 2 3 10 96
2 10 9 1 9 5 50
2 10 9 0 15 0 40
2 10 9 0 4 11 149
2 10 8 15 0 1 170
2 10 8 13 1 2 63
2 10 8 11 2 3 7
2 10 8 9 3 4 111
2 10 8 7 4 5 65
2 10 8 6 10 0 44
2 10 8 5 5 6 141
2 10 8 4 11 1 45
2 10 8 4 0 12 15
2 10 8 3 6 7 166
2 10 8 2 12 2 110
2 10 8 2 1 13 170
2 10 8 1 7 8 22
2 10 8 0 13 3 92
2 10 8 0 2 14 178
2 10 7 12 5 0 117
2 10 7 11 0 6 59
2 10 7 10 6 1 133
2 10 7 9 1 7 65
2 10 7 8 7 2 142
2 10 7 7 2 8 23
2 10 7 6 8 3 142
2 10 7 5 3 9 20
2 10 7 4 9 4 100
2 10 7 3 4 10 11
2 10 7 2 10 5 2
2 10 7 1 16 0 124
2 10 7 1 5 11 144
2 10 7 0 11 6 13
2 10 7 0 0 17 4
2 10 6 18 0 0 31
2 10 6 16 1 1 71
2 10 6 14 2 2 153
2 10 6 12 3 3 151
2 10 6 10 4 4 179
2 10 6 8 5 5 91
2 10 6 7 11 0 53
2 10 6 7 0 11 118
2 10 6 6 6 6 73
2 10 6 5 12 1 116
2 10 6 5 1 12 106
2 10 6 4 7 7 64
2 10 6 3 13 2 194
2 10 6 3 2 13 154
2 10 6 2 8 8 191
2 10 6 1 14 3 60
2 10 6 1 3 14 92
2 10 6 0 9 9 94
2 10 5 14 0 5 21
2 10 5 13 6 0 12
2 10 5 12 1 6 7
2 10 5 11 7 1 92
2 10 5 10 2 7 78
2 10 5 9 8 2 28
2 10 5 8 3 8 70
2 10 5 7 9 3 114
2 10 5 6 4 9 179
2 10 5 5 10 4 55
2 10 5 4 5 10 108
2 10 5 3 11 5 5
2 10 5 3 0 16 103
2 10 5 2 17 0 44
2 10 5 2 6 11 175
2 10 5 1 12 6 172
2 10 5 1 1 17 64
2 10 5 0 18 1 183
2 10 5 0 7 12 16
2 10 4 19 1 0 77
2 10 4 17 2 1 87
2 10 4 15 3 2 125
2 10 4 13 4 3 67
2 10 4 11 5 4 63
2 10 4 10 0 10 77
2 10 4 9 6 5 167
2 10 4 8 12 0 110
2 10 4 8 1 11 171
2 10 4 7 7 6 3
2 10 4 6 13 1 94
2 10 4 6 2 12 35
2 10 4 5 8 7 72
2 10 4 4 14 2 173
2 10 4 4 3 13 17
2 10 4 3 9 8 51
2 10 4 2 15 3 192
2 10 4 2 4 14 156
2 10 4 1 10 9 95
2 10 4 0 16 4 112
2 10 4 0 5 15 55
2 10 3 17 0 4 83
2 10 3 15 1 5 85
2 10 3 14 7 0 105
2 10 3 13 2 6 176
2 10 3 12 8 1 148
2 10 3 11 3 7 69
2 10 3 10 9 2 9
2 10 3 9 4 8 158
2 10 3 8 10 3 113
2 10 3 7 5 9 74
2 10 3 6 11 4 24
2 10 3 6 0 15 160
2 10 3 5 6 10 38
2 10 3 4 12 5 169
2 10 3 4 1 16 84
2 10 3 3 18 0 108
2 10 3 3 7 11 164
2 10 3 2 13 6 179
2 10 3 2 2 17 58
2 10 3 1 19 1 172
2 10 3 1 8 12 140
2 10 3 0 14 7 24
2 10 3 0 3 18 25
2 10 2 20 2 0 90
2 10 2 18 3 1 179
2 10 2 16 4 2 103
2 10 2 14 5 3 139
2 10 2 13 0 9 10
2 10 2 12 6 4 159
2 10 2 11 1 10 127
2 10 2 10 7 5 69
2 10 2 9 13 0 90
2 10 2 9 2 11 80
2 10 2 8 8 6 98
2 10 2 7 14 1 111
2 10 2 7 3 12 179
2 10 2 6 9 7 52
2 10 2 5 15 2 125
2 10 2 5 4 13 160
2 10 2 4 10 8 37
2 10 2 3 16 3 197
2 10 2 3 5 14 190
2 10 2 2 11 9 133
2 10 2 2 0 20 125
2 10 2 1 17 4 91
2 10 2 1 6 15 3
2 10 2 0 12 10 180
2 10 2 0 1 21 91
2 10 1 20 0 3 43
2 10 1 18 1 4 131
2 10 1 16 2 5 86
2 10 1 15 8 0 168
2 10 1 14 3 6 132
2 10 1 13 9 1 136
2 10 1 12 4 7 175
2 10 1 11 10 2 186
2 10 1 10 5 8 167
2 10 1 9 11 3 35
2 10 1 9 0 14 1
2 10 1 8 6 9 129
2 10 1 7 12 4 189
2 10 1 7 1 15 19
2 10 1 6 7 10 132
2 10 1 5 13 5 90
2 10 1 5 2 16 45
2 10 1 4 19 0 47
2 10 1 4 8 11 135
2 10 1 3 14 6 110
2 10 1 3 3 17 96
2 10 1 2 20 1 34
2 10 1 2 9 12 98
2 10 1 1 15 7 124
2 10 1 1 4 18 116
2 10 1 0 21 2 3
2 10 1 0 10 13 181
2 10 0 21 3 0 166
2 10 0 19 4 1 86
2 10 0 17 5 2 144
2 10 0 16 0 8 108
2 10 0 15 6 3 125
2 10 0 14 1 9 160
2 10 0 13 7 4 186
2 10 0 12 2 10 150
2 10 0 11 8 5 55
2 10 0 10 14 0 184
2 10 0 10 3 11 150
2 10 0 9 9 6 165
2 10 0 8 15 1 34
2 10 0 8 4 12 177
2 10 0 7 10 7 96
2 10 0 6 16 2 22
2 10 0 6 5 13 60
2 10 0 5 11 8 43
2 10 0 5 0 19 12
2 10 0 4 17 3 42
2 10 0 4 6 14 131
2 10 0 3 12 9 183
2 10 0 3 1 20 126
2 10 0 2 18 4 21
2 10 0 2 7 15 87
2 10 0 1 13 10 9
2 10 0 1 2 21 25
2 10 0 0 19 5 86
2 10 0 0 8 16 60
2 9 23 2 0 0 118
2 9 23 0 1 1 177
2 9 21 3 1 0 129
2 9 21 1 2 1 192
2 9 20 1 0 4 142
2 9 19 4 2 0 101
2 9 19 2 3 1 181
2 9 19 0 4 2 43
2 9 18 4 0 3 167
2 9 18 2 1 4 166
2 9 18 0 2 5 158
2 9 17 5 3 0 45
2 9 17 3 4 1 120
2 9 17 1 5 2 160
2 9 17 0 0 8 81
2 9 16 7 0 2 39
2 9 16 3 2 4 69
2 9 16 1 3 5 142
2 9 16 0 9 0 6
2 9 15 6 4 0 1
2 9 15 4 5 1 104
2 9 15 3 0 7 177
2 9 15 2 6 2 105
2 9 15 1 1 8 53
2 9 15 0 7 3 78
2 9 14 10 0 1 160
2 9 14 8 1 2 66
2 9 14 6 2 3 57
2 9 14 4 3 4 118
2 9 14 2 4 5 146
2 9 14 1 10 0 41
2 9 14 0 5 6 153
2 9 13 7 5 0 21
2 9 13 6 0 6 4
2 9 13 5 6 1 159
2 9 13 4 1 7 142
2 9 13 3 7 2 193
2 9 13 2 2 8 40
2 9 13 1 8 3 114
2 9 13 0 3 9 80
2 9 12 13 0 0 160
2 9 12 11 1 1 105
2 9 12 9 2 2 50
2 9 12 7 3 3 138
2 9 12 5 4 4 193
2 9 12 3 5 5 15
2 9 12 2 11 0 77
2 9 12 2 0 11 185
2 9 12 1 6 6 13
2 9 12 0 12 1 83
2 9 12 0 1 12 134
2 9 11 9 0 5 121
2 9 11 8 6 0 96
2 9 11 7 1 6 156
2 9 11 6 7 1 174
2 9 11 5 2 7 36
2 9 11 4 8 2 189
2 9 11 3 3 8 197
2 9 11 2 9 3 41
2 9 11 1 4 9 157
2 9 11 0 10 4 27
2 9 10 14 1 0 85
2 9 10 12 2 1 13
2 9 10 10 3 2 2
2 9 10 8 4 3 82
2 9 10 6 5 4 71
2 9 10 5 0 10 28
2 9 10 4 6 5 140
2 9 10 3 12 0 45
2 9 10 3 1 11 108
2 9 10 2 7 6 157
2 9 10 1 13 1 61
2 9 10 1 2 12 45
2 9 10 0 8 7 148
2 9 9 12 0 4 188
2 9 9 10 1 5 97
2 9 9 9 7 0 103
2 9 9 8 2 6 61
2 9 9 7 8 1 124
2 9 9 6 3 7 18
2 9 9 5 9 2 161
2 9 9 4 4 8 91
2 9 9 3 10 3 75
2 9 9 2 5 9 21
2 9 9 1 11 4 73
2 9 9 1 0 15 146
2 9 9 0 6 10 183
2 9 8 15 2 0 81
2 9 8 13 3 1 174
2 9 8 11 4 2 145
2 9 8 9 5 3 98
2 9 8 8 0 9 180
2 9 8 7 6 4 136
2 9 8 6 1 10 55
2 9 8 5 7 5 78
2 9 8 4 13 0 69
2 9 8 4 2 11 53
2 9 8 3 8 6 33
2 9 8 2 14 1 5
2 9 8 2 3 12 91
2 9 8 1 9 7 33
2 9 8 0 15 2 113
2 9 8 0 4 13 181
2 9 7 15 0 3 139
2 9 7 13 1 4 29
2 9 7 11 2 5 7
2 9 7 10 8 0 95
2 9 7 9 3 6 13
2 9 7 8 9 1 156
2 9 7 7 4 7 181
2 9 7 6 10 2 19
2 9 7 5 5 8 167
2 9 7 4 11 3 153
2 9 7 4 0 14 108
2 9 7 3 6 9 14
2 9 7 2 12 4 91
2 9 7 2 1 15 101
2 9 7 1 7 10 161
2 9 7 0 13 5 86
2 9 7 0 2 16 112
2 9 6 16 3 0 161
2 9 6 14 4 1 69
2 9 6 12 5 2 190
2 9 6 11 0 8 143
2 9 6 10 6 3 141
2 9 6 9 1 9 69
2 9 6 8 7 4 72
2 9 6 7 2 10 192
2 9 6 6 8 5 23
2 9 6 5 14 0 57
2 9 6 5 3 11 32
2 9 6 4 9 6 148
2 9 6 3 15 1 126
2 9 6 3 4 12 135
2 9 6 2 10 7 42
2 9 6 1 16 2 66
2 9 6 1 5 13 138
2 9 6 0 11 8 82
2 9 6 0 0 19 166
2 9 5 18 0 2 120
2 9 5 16 1 3 101
2 9 5 14 2 4 165
2 9 5 12 3 5 133
2 9 5 11 9 0 154
2 9 5 10 4 6 130
2 9 5 9 10 1 91
2 9 5 8 5 7 166
2 9 5 7 11 2 48
2 9 5 7 0 13 112
2 9 5 6 6 8 191
2 9 5 5 12 3 44
2 9 5 5 1 14 122
2 9 5 4 7 9 191
2 9 5 3 13 4 144
2 9 5 3 2 15 11
2 9 5 2 8 10 115
2 9 5 1 14 5 10
2 9 5 1 3 16 146
2 9 5 0 20 0 113
2 9 5 0 9 11 188
2 9 4 17 4 0 107
2 9 4 15 5 1 132
2 9 4 14 0 7 15
2 9 4 13 6 2 47
2 9 4 12 1 8 133
2 9 4 11 7 3 170
2 9 4 10 2 9 103
2 9 4 9 8 4 64
2 9 4 8 3 10 11
2 9 4 7 9 5 157
2 9 4 6 15 0 168
2 9 4 6 4 11 88
2 9 4 5 10 6 154
2 9 4 4 16 1 39
2 9 4 4 5 12 105
2 9 4 3 11 7 18
2 9 4 3 0 18 185
2 9 4 2 17 2 113
2 9 4 2 6 13 98
2 9 4 1 12 8 37
2 9 4 1 1 19 189
2 9 4 0 18 3 84
2 9 4 0 7 14 2
2 9 3 21 0 1 165
2 9 3 19 1 2 8
2 9 3 17 2 3 83
2 9 3 15 3 4 131
2 9 3 13 4 5 157
2 9 3 12 10 0 72
2 9 3 11 5 6 189
2 9 3 10 11 1 136
2 9 3 10 0 12 158
2 9 3 9 6 7 66
2 9 3 8 12 2 190
2 9 3 8 1 13 179
2 9 3 7 7 8 188
2 9 3 6 13 3 70
2 9 3 6 2 14 194
2 9 3 5 8 9 5
2 9 3 4 3 15 99
2 9 3 3 9 10 96
2 9 3 2 15 5 26
2 9 3 2 4 16 22
2 9 3 1 21 0 195
2 9 3 1 10 11 7
2 9 3 0 16 6 44
2 9 3 0 5 17 60
2 9 2 18 5 0 144
2 9 2 17 0 6 155
2 9 2 16 6 1 183
2 9 2 15 1 7 113
2 9 2 14 7 2 15
2 9 2 13 2 8 101
2 9 2 12 8 3 43
2 9 2 11 3 9 145
2 9 2 10 9 4 148
2 9 2 9 4 10 112
2 9 2 8 10 5 95
2 9 2 7 16 0 197
2 9 2 7 5 11 128
2 9 2 6 11 6 119
2 9 2 6 0 17 193
2 9 2 5 17 1 117
2 9 2 5 6 12 171
2 9 2 4 12 7 138
2 9 2 4 1 18 195
2 9 2 3 18 2 45
2 9 2 3 7 13 86
2 9 2 2 13 8 74
2 9 2 2 2 19 125
2 9 2 1 19 3 146
2 9 2 1 8 14 89
2 9 2 0 14 9 120
2 9 2 0 3 20 198
2 9 1 24 0 0 118
2 9 1 22 1 1 160
2 9 1 20 2 2 173
2 9 1 18 3 3 69
2 9 1 16 4 4 101
2 9 1 14 5 5 47
2 9 1 13 11 0 10
2 9 1 13 0 11 130
2 9 1 12 6 6 146
2 9 1 11 12 1 97
2 9 1 11 1 12 144
2 9 1 10 7 7 136
2 9 1 9 13 2 25
2 9 1 9 2 13 150
2 9 1 8 8 8 55
2 9 1 7 14 3 39
2 9 1 7 3 14 86
2 9 1 6 9 9 56
2 9 1 5 15 4 172
2 9 1 5 4 15 139
2 9 1 4 10 10 11
2 9 1 3 16 5 174
2 9 1 3 5 16 124
2 9 1 2 22 0 38
2 9 1 2 11 11 140
2 9 1 2 0 22 186
2 9 1 1 17 6 97
2 9 1 1 6 17 38
2 9 1 0 23 1 109
2 9 1 0 12 12 115
2 9 1 0 1 23 177
2 9 0 20 0 5 191
2 9 0 19 6 0 90
2 9 0 18 1 6 185
2 9 0 17 7 1 87
2 9 0 16 2 7 186
2 9 0 15 8 2 186
2 9 0 14 3 8 106
2 9 0 13 9 3 180
2 9 0 12 4 9 189
2 9 0 11 10 4 60
2 9 0 10 5 10 141
2 9 0 9 11 5 187
2 9 0 9 0 16 115
2 9 0 8 17 0 57
2 9 0 8 6 11 11
2 9 0 7 12 6 57
2 9 0 7 1 17 138
2 9 0 6 18 1 167
2 9 0 6 7 12 89
2 9 0 5 13 7 38
2 9 0 5 2 18 44
2 9 0 4 19 2 192
2 9 0 4 8 13 15
2 9 0 3 14 8 49
2 9 0 3 3 19 88
2 9 0 2 20 3 114
2 9 0 2 9 14 97
2 9 0 1 15 9 48
2 9 0 1 4 20 58
2 9 0 0 21 4 40
2 9 0 0 10 15 41
2 8 23 0 3 0 78
2 8 22 2 0 2 85
2 8 22 0 1 3 167
2 8 21 1 4 0 83
2 8 20 5 0 1 17
2 8 20 3 1 2 27
2 8 20 1 2 3 144
2 8 19 2 5 0 104
2 8 19 1 0 6 35
2 8 19 0 6 1 66
2 8 18 8 0 0 134
2 8 18 6 1 1 198
2 8 18 4 2 2 109
2 8 18 2 3 3 165
2 8 18 0 4 4 61
2 8 17 4 0 5 35
2 8 17 3 6 0 165
2 8 17 2 1 6 124
2 8 17 1 7 1 39
2 8 17 0 2 7 54
2 8 16 9 1 0 19
2 8 16 7 2 1 158
2 8 16 5 3 2 150
2 8 16 3 4 3 70
2 8 16 1 5 4 106
2 8 16 0 0 10 30
2 8 15 7 0 4 18
2 8 15 4 7 0 150
2 8 15 3 2 6 100
2 8 15 2 8 1 50
2 8 15 1 3 7 3
2 8 15 0 9 2 119
2 8 14 10 2 0 72
2 8 14 8 3 1 25
2 8 14 6 4 2 120
2 8 14 4 5 3 139
2 8 14 3 0 9 107
2 8 14 2 6 4 72
2 8 14 1 1 10 113
2 8 14 0 7 5 8
2 8 13 10 0 3 149
2 8 13 8 1 4 19
2 8 13 6 2 5 73
2 8 13 5 8 0 138
2 8 13 4 3 6 81
2 8 13 3 9 1 35
2 8 13 2 4 7 181
2 8 13 1 10 2 191
2 8 13 0 5 8 43
2 8 12 11 3 0 47
2 8 12 9 4 1 36
2 8 12 7 5 2 10
2 8 12 6 0 8 74
2 8 12 5 6 3 113
2 8 12 4 1 9 52
2 8 12 3 7 4 135
2 8 12 2 2 10 18
2 8 12 1 8 5 147
2 8 12 0 14 0 56
2 8 12 0 3 11 111
2 8 11 13 0 2 12
2 8 11 11 1 3 114
2 8 11 9 2 4 75
2 8 11 7 3 5 169
2 8 11 6 9 0 48
2 8 11 5 4 6 137
2 8 11 4 10 1 136
2 8 11 3 5 7 66
2 8 11 2 11 2 69
2 8 11 2 0 13 4
2 8 11 1 6 8 152
2 8 11 0 12 3 80
2 8 11 0 1 14 5
2 8 10 12 4 0 110
2 8 10 10 5 1 58
2 8 10 9 0 7 20
2 8 10 8 6 2 175
2 8 10 7 1 8 110
2 8 10 6 7 3 83
2 8 10 5 2 9 152
2 8 10 4 8 4 149
2 8 10 3 3 10 118
2 8 10 2 9 5 119
2 8 10 1 15 0 166
2 8 10 1 4 11 162
2 8 10 0 10 6 78
2 8 9 16 0 1 15
2 8 9 14 1 2 157
2 8 9 12 2 3 48
2 8 9 10 3 4 28
2 8 9 8 4 5 133
2 8 9 7 10 0 112
2 8 9 6 5 6 95
2 8 9 5 11 1 195
2 8 9 5 0 12 73
2 8 9 4 6 7 68
2 8 9 3 12 2 23
2 8 9 3 1 13 140
2 8 9 2 7 8 180
2 8 9 1 13 3 87
2 8 9 1 2 14 198
2 8 9 0 8 9 156
2 8 8 13 5 0 139
2 8 8 12 0 6 36
2 8 8 11 6 1 154
2 8 8 10 1 7 64
2 8 8 9 7 2 124
2 8 8 8 2 8 64
2 8 8 7 8 3 18
2 8 8 6 3 9 121
2 8 8 5 9 4 188
2 8 8 4 4 10 30
2 8 8 3 10 5 157
2 8 8 2 16 0 143
2 8 8 2 5 11 75
2 8 8 1 11 6 5
2 8 8 1 0 17 165
2 8 8 0 17 1 94
2 8 8 0 6 12 98
2 8 7 19 0 0 181
2 8 7 17 1 1 12
2 8 7 15 2 2 20
2 8 7 13 3 3 36
2 8 7 11 4 4 101
2 8 7 9 5 5 123
2 8 7 8 11 0 191
2 8 7 8 0 11 106
2 8 7 7 6 6 171
2 8 7 6 12 1 131
2 8 7 6 1 12 18
2 8 7 5 7 7 37
2 8 7 4 13 2 64
2 8 7 4 2 13 162
2 8 7 3 8 8 52
2 8 7 2 14 3 115
2 8 7 2 3 14 68
2 8 7 1 9 9 17
2 8 7 0 15 4 129
2 8 7 0 4 15 118
2 8 6 15 0 5 192
2 8 6 14 6 0 120
2 8 6 13 1 6 93
2 8 6 12 7 1 121
2 8 6 11 2 7 91
2 8 6 10 8 2 122
2 8 6 9 3 8 38
2 8 6 8 9 3 16
2 8 6 7 4 9 178
2 8 6 6 10 4 35
2 8 6 5 5 10 82
2 8 6 4 11 5 178
2 8 6 4 0 16 95
2 8 6 3 6 11 191
2 8 6 2 12 6 40
2 8 6 1 18 1 187
2 8 6 1 7 12 5
2 8 6 0 13 7 129
2 8 6 0 2 18 138
2 8 5 20 1 0 34
2 8 5 18 2 1 125
2 8 5 16 3 2 188
2 8 5 14 4 3 53
2 8 5 12 5 4 82
2 8 5 11 0 10 64
2 8 5 10 6 5 185
2 8 5 9 12 0 70
2 8 5 9 1 11 178
2 8 5 8 7 6 180
2 8 5 7 13 1 50
2 8 5 7 2 12 86
2 8 5 6 8 7 4
2 8 5 5 14 2 107
2 8 5 5 3 13 116
2 8 5 4 9 8 76
2 8 5 3 15 3 13
2 8 5 3 4 14 138
2 8 5 2 10 9 170
2 8 5 1 16 4 125
2 8 5 1 5 15 31
2 8 5 0 11 10 69
2 8 5 0 0 21 45
2 8 4 18 0 4 198
2 8 4 16 1 5 49
2 8 4 15 7 0 52
2 8 4 14 2 6 180
2 8 4 13 8 1 130
2 8 4 12 3 7 149
2 8 4 11 9 2 93
2 8 4 10 4 8 152
2 8 4 9 10 3 135
2 8 4 8 5 9 10
2 8 4 7 11 4 30
2 8 4 7 0 15 81
2 8 4 6 6 10 132
2 8 4 5 12 5 62
2 8 4 5 1 16 56
2 8 4 4 18 0 153
2 8 4 4 7 11 31
2 8 4 3 13 6 164
2 8 4 3 2 17 40
2 8 4 2 19 1 193
2 8 4 2 8 12 120
2 8 4 1 14 7 57
2 8 4 1 3 18 196
2 8 4 0 20 2 92
2 8 4 0 9 13 82
2 8 3 21 2 0 128
2 8 3 19 3 1 156
2 8 3 17 4 2 158
2 8 3 15 5 3 55
2 8 3 14 0 9 5
2 8 3 13 6 4 113
2 8 3 12 1 10 2
2 8 3 11 7 5 40
2 8 3 10 13 0 187
2 8 3 10 2 11 141
2 8 3 9 8 6 143
2 8 3 8 14 1 16
2 8 3 8 3 12 97
2 8 3 7 9 7 1
2 8 3 6 15 2 100
2 8 3 6 4 13 61
2 8 3 5 10 8 24
2 8 3 4 16 3 110
2 8 3 4 5 14 56
2 8 3 3 11 9 44
2 8 3 3 0 20 92
2 8 3 2 17 4 152
2 8 3 2 6 15 71
2 8 3 1 12 10 84
2 8 3 1 1 21 144
2 8 3 0 18 5 192
2 8 3 0 7 16 102
2 8 2 21 0 3 38
2 8 2 19 1 4 142
2 8 2 17 2 5 41
2 8 2 16 8 0 172
2 8 2 15 3 6 16
2 8 2 14 9 1 187
2 8 2 13 4 7 110
2 8 2 12 10 2 197
2 8 2 11 5 8 117
2 8 2 10 11 3 117
2 8 2 10 0 14 28
2 8 2 9 6 9 88
2 8 2 8 12 4 180
2 8 2 8 1 15 110
2 8 2 7 7 10 40
2 8 2 6 13 5 13
2 8 2 6 2 16 60
2 8 2 5 19 0 194
2 8 2 5 8 11 34
2 8 2 4 14 6 80
2 8 2 4 3 17 101
2 8 2 3 20 1 93
2 8 2 3 9 12 96
2 8 2 2 15 7 160
2 8 2 2 4 18 3
2 8 2 1 21 2 46
2 8 2 1 10 13 157
2 8 2 0 16 8 151
2 8 2 0 5 19 175
2 8 1 22 3 0 153
2 8 1 20 4 1 89
2 8 1 18 5 2 120
2 8 1 17 0 8 77
2 8 1 16 6 3 13
2 8 1 15 1 9 36
2 8 1 14 7 4 119
2 8 1 13 2 10 90
2 8 1 12 8 5 90
2 8 1 11 14 0 80
2 8 1 11 3 11 119
2 8 1 10 9 6 100
2 8 1 9 15 1 28
2 8 1 9 4 12 107
2 8 1 8 10 7 175
2 8 1 7 16 2 127
2 8 1 7 5 13 156
2 8 1 6 11 8 149
2 8 1 6 0 19 128
2 8 1 5 17 3 73
2 8 1 4 12 9 55
2 8 1 4 1 20 185
2 8 1 3 18 4 99
2 8 1 3 7 15 29
2 8 1 2 13 10 155
2 8 1 2 2 21 65
2 8 1 1 19 5 95
2 8 1 1 8 16 108
2 8 1 0 25 0 119
2 8 1 0 14 11 176
2 8 1 0 3 22 139
2 8 0 24 0 2 198
2 8 0 22 1 3 84
2 8 0 20 2 4 130
2 8 0 18 3 5 194
2 8 0 17 9 0 138
2 8 0 16 4 6 28
2 8 0 15 10 1 134
2 8 0 14 5 7 193
2 8 0 13 11 2 20
2 8 0 13 0 13 78
2 8 0 12 6 8 140
2 8 0 11 12 3 60
2 8 0 11 1 14 107
2 8 0 10 7 9 145
2 8 0 9 13 4 48
2 8 0 9 2 15 154
2 8 0 8 8 10 96
2 8 0 7 14 5 157
2 8 0 7 3 16 75
2 8 0 6 20 0 55
2 8 0 6 9 11 4
2 8 0 5 15 6 96
2 8 0 5 4 17 85
2 8 0 4 21 1 34
2 8 0 4 10 12 190
2 8 0 3 16 7 29
2 8 0 3 5 18 34
2 8 0 2 22 2 197
2 8 0 2 11 13 159
2 8 0 2 0 24 121
2 8 0 1 17 8 149
2 8 0 1 6 19 193
2 8 0 0 23 3 184
2 8 0 0 12 14 52
2 8 0 0 1 25 198
2 7 26 0 0 1 169
2 7 24 3 0 0 57
2 7 24 1 1 1 82
2 7 22 4 1 0 27
2 7 22 2 2 1 82
2 7 22 0 3 2 129
2 7 21 2 0 4 122
2 7 21 0 1 5 155
2 7 20 5 2 0 5
2 7 20 3 3 1 55
2 7 20 1 4 2 179
2 7 19 5 0 3 47
2 7 19 3 1 4 55
2 7 19 1 2 5 17
2 7 19 0 8 0 58
2 7 18 6 3 0 198
2 7 18 4 4 1 197
2 7 18 2 5 2 90
2 7 18 1 0 8 50
2 7 18 0 6 3 149
2 7 17 8 0 2 103
2 7 17 6 1 3 8
2 7 17 4 2 4 75
2 7 17 2 3 5 71
2 7 17 1 9 0 73
2 7 17 0 4 6 57
2 7 16 7 4 0 198
2 7 16 5 5 1 11
2 7 16 4 0 7 117
2 7 16 3 6 2 12
2 7 16 2 1 8 29
2 7 16 1 7 3 4
2 7 16 0 2 9 116
2 7 15 11 0 1 107
2 7 15 9 1 2 139
2 7 15 7 2 3 132
2 7 15 5 3 4 9
2 7 15 3 4 5 106
2 7 15 2 10 0 175
2 7 15 1 5 6 133
2 7 15 0 11 1 135
2 7 15 0 0 12 120
2 7 14 8 5 0 134
2 7 14 7 0 6 15
2 7 14 6 6 1 26
2 7 14 5 1 7 84
2 7 14 4 7 2 34
2 7 14 3 2 8 13
2 7 14 2 8 3 173
2 7 14 1 3 9 71
2 7 14 0 9 4 140
2 7 13 14 0 0 115
2 7 13 12 1 1 142
2 7 13 10 2 2 88
2 7 13 8 3 3 173
2 7 13 6 4 4 1
2 7 13 4 5 5 185
2 7 13 3 11 0 30
2 7 13 3 0 11 162
2 7 13 2 6 6 121
2 7 13 1 12 1 122
2 7 13 1 1 12 104
2 7 13 0 7 7 34
2 7 12 9 6 0 8
2 7 12 8 1 6 106
2 7 12 7 7 1 41
2 7 12 6 2 7 60
2 7 12 5 8 2 170
2 7 12 4 3 8 171
2 7 12 3 9 3 6
2 7 12 2 4 9 17
2 7 12 1 10 4 97
2 7 12 0 5 10 168
2 7 11 15 1 0 62
2 7 11 13 2 1 107
2 7 11 11 3 2 87
2 7 11 9 4 3 142
2 7 11 7 5 4 148
2 7 11 6 0 10 94
2 7 11 5 6 5 145
2 7 11 4 12 0 101
2 7 11 4 1 11 155
2 7 11 3 7 6 81
2 7 11 2 13 1 3
2 7 11 2 2 12 5
2 7 11 1 8 7 34
2 7 11 0 14 2 145
2 7 11 0 3 13 195
2 7 10 13 0 4 56
2 7 10 11 1 5 58
2 7 10 10 7 0 61
2 7 10 9 2 6 86
2 7 10 8 8 1 140
2 7 10 7 3 7 147
2 7 10 6 9 2 116
2 7 10 5 4 8 71
2 7 10 4 10 3 88
2 7 10 3 5 9 151
2 7 10 2 11 4 114
2 7 10 2 0 15 189
2 7 10 1 6 10 20
2 7 10 0 12 5 93
2 7 10 0 1 16 5
2 7 9 16 2 0 8
2 7 9 14 3 1 178
2 7 9 12 4 2 78
2 7 9 10 5 3 53
2 7 9 9 0 9 44
2 7 9 8 6 4 82
2 7 9 7 1 10 95
2 7 9 6 7 5 6
2 7 9 5 13 0 182
2 7 9 5 2 11 186
2 7 9 4 8 6 86
2 7 9 3 14 1 47
2 7 9 3 3 12 4
2 7 9 2 9 7 172
2 7 9 1 15 2 167
2 7 9 1 4 13 108
2 7 9 0 10 8 117
2 7 8 16 0 3 100
2 7 8 14 1 4 165
2 7 8 12 2 5 180
2 7 8 11 8 0 17
2 7 8 10 3 6 180
2 7 8 9 9 1 105
2 7 8 8 4 7 133
2 7 8 7 10 2 182
2 7 8 6 5 8 78
2 7 8 5 11 3 43
2 7 8 5 0 14 4
2 7 8 4 6 9 165
2 7 8 3 12 4 52
2 7 8 3 1 15 189
2 7 8 2 7 10 133
2 7 8 1 13 5 18
2 7 8 1 2 16 174
2 7 8 0 19 0 39
2 7 8 0 8 11 197
2 7 7 17 3 0 65
2 7 7 15 4 1 75
2 7 7 13 5 2 34
2 7 7 12 0 8 87
2 7 7 11 6 3 31
2 7 7 10 1 9 83
2 7 7 9 7 4 174
2 7 7 8 2 10 74
2 7 7 7 8 5 141
2 7 7 6 14 0 50
2 7 7 6 3 11 98
2 7 7 5 9 6 143
2 7 7 4 15 1 87
2 7 7 4 4 12 195
2 7 7 3 10 7 29
2 7 7 2 16 2 117
2 7 7 2 5 13 36
2 7 7 1 11 8 53
2 7 7 1 0 19 112
2 7 7 0 17 3 2
2 7 7 0 6 14 42
2 7 6 19 0 2 49
2 7 6 17 1 3 80
2 7 6 15 2 4 109
2 7 6 13 3 5 4
2 7 6 12 9 0 102
2 7 6 11 4 6 70
2 7 6 10 10 1 104
2 7 6 9 5 7 104
2 7 6 8 11 2 16
2 7 6 8 0 13 88
2 7 6 7 6 8 67
2 7 6 6 12 3 155
2 7 6 6 1 14 22
2 7 6 5 7 9 120
2 7 6 4 13 4 160
2 7 6 4 2 15 107
2 7 6 3 8 10 177
2 7 6 2 14 5 61
2 7 6 2 3 16 101
2 7 6 1 20 0 91
2 7 6 1 9 11 74
2 7 6 0 15 6 14
2 7 6 0 4 17 41
2 7 5 18 4 0 56
2 7 5 15 0 7 174
2 7 5 14 6 2 81
2 7 5 13 1 8 21
2 7 5 12 7 3 54
2 7 5 11 2 9 167
2 7 5 10 8 4 196
2 7 5 9 3 10 39
2 7 5 8 9 5 179
2 7 5 7 15 0 198
2 7 5 7 4 11 9
2 7 5 6 10 6 27
2 7 5 5 16 1 146
2 7 5 5 5 12 158
2 7 5 4 11 7 26
2 7 5 4 0 18 42
2 7 5 3 17 2 106
2 7 5 3 6 13 4
2 7 5 2 12 8 134
2 7 5 2 1 19 60
2 7 5 1 18 3 121
2 7 5 1 7 14 93
2 7 5 0 13 9 41
2 7 5 0 2 20 102
2 7 4 22 0 1 117
2 7 4 20 1 2 33
2 7 4 18 2 3 42
2 7 4 16 3 4 97
2 7 4 14 4 5 183
2 7 4 13 10 0 156
2 7 4 12 5 6 163
2 7 4 11 11 1 167
2 7 4 11 0 12 22
2 7 4 10 6 7 171
2 7 4 9 12 2 112
2 7 4 9 1 13 112
2 7 4 8 7 8 91
2 7 4 7 13 3 128
2 7 4 7 2 14 198
2 7 4 6 8 9 17
2 7 4 5 14 4 173
2 7 4 5 3 15 34
2 7 4 4 9 10 58
2 7 4 3 15 5 37
2 7 4 3 4 16 130
2 7 4 2 21 0 140
2 7 4 2 10 11 179
2 7 4 1 16 6 193
2 7 4 1 5 17 193
2 7 4 0 22 1 85
2 7 4 0 11 12 110
2 7 4 0 0 23 137
2 7 3 19 5 0 19
2 7 3 18 0 6 70
2 7 3 17 6 1 50
2 7 3 16 1 7 27
2 7 3 15 7 2 164
2 7 3 14 2 8 198
2 7 3 13 8 3 52
2 7 3 12 3 9 145
2 7 3 11 9 4 96
2 7 3 10 4 10 163
2 7 3 9 10 5 165
2 7 3 8 16 0 189
2 7 3 8 5 11 142
2 7 3 7 11 6 30
2 7 3 7 0 17 24
2 7 3 6 17 1 188
2 7 3 6 6 12 3
2 7 3 5 12 7 187
2 7 3 5 1 18 171
2 7 3 4 18 2 155
2 7 3 4 7 13 187
2 7 3 3 13 8 18
2 7 3 3 2 19 179
2 7 3 2 19 3 56
2 7 3 2 8 14 134
2 7 3 1 14 9 97
2 7 3 1 3 20 22
2 7 3 0 20 4 154
2 7 3 0 9 15 189
2 7 2 25 0 0 125
2 7 2 23 1 1 52
2 7 2 21 2 2 169
2 7 2 19 3 3 27
2 7 2 17 4 4 188
2 7 2 15 5 5 187
2 7 2 14 11 0 171
2 7 2 14 0 11 69
2 7 2 13 6 6 145
2 7 2 12 12 1 101
2 7 2 12 1 12 40
2 7 2 11 7 7 144
2 7 2 10 13 2 50
2 7 2 10 2 13 158
2 7 2 9 8 8 4
2 7 2 8 14 3 182
2 7 2 8 3 14 23
2 7 2 7 9 9 15
2 7 2 6 15 4 51
2 7 2 6 4 15 111
2 7 2 5 10 10 47
2 7 2 4 16 5 16
2 7 2 4 5 16 44
2 7 2 3 22 0 93
2 7 2 3 11 11 16
2 7 2 3 0 22 52
2 7 2 2 17 6 96
2 7 2 2 6 17 50
2 7 2 1 23 1 93
2 7 2 1 12 12 125
2 7 2 1 1 23 39
2 7 2 0 18 7 155
2 7 2 0 7 18 38
2 7 1 21 0 5 197
2 7 1 20 6 0 180
2 7 1 19 1 6 190
2 7 1 18 7 1 162
2 7 1 17 2 7 3
2 7 1 16 8 2 18
2 7 1 15 3 8 68
2 7 1 14 9 3 36
2 7 1 13 4 9 141
2 7 1 12 10 4 21
2 7 1 11 5 10 85
2 7 1 10 11 5 83
2 7 1 10 0 16 36
2 7 1 9 17 0 97
2 7 1 9 6 11 191
2 7 1 8 12 6 39
2 7 1 8 1 17 87
2 7 1 7 18 1 166
2 7 1 7 7 12 73
2 7 1 6 13 7 89
2 7 1 6 2 18 154
2 7 1 5 19 2 82
2 7 1 5 8 13 97
2 7 1 4 14 8 177
2 7 1 4 3 19 58
2 7 1 3 20 3 26
2 7 1 3 9 14 85
2 7 1 2 15 9 64
2 7 1 2 4 20 155
2 7 1 1 21 4 46
2 7 1 1 10 15 141
2 7 1 0 16 10 49
2 7 1 0 5 21 53
2 7 0 26 1 0 19
2 7 0 24 2 1 4
2 7 0 22 3 2 187
2 7 0 20 4 3 191
2 7 0 18 5 4 4
2 7 0 17 0 10 10
2 7 0 16 6 5 43
2 7 0 15 12 0 94
2 7 0 15 1 11 178
2 7 0 14 7 6 30
2 7 0 13 13 1 90
2 7 0 13 2 12 118
2 7 0 12 8 7 61
2 7 0 11 14 2 71
2 7 0 11 3 13 67
2 7 0 10 9 8 5
2 7 0 9 15 3 23
2 7 0 9 4 14 115
2 7 0 8 10 9 20
2 7 0 7 16 4 45
2 7 0 7 5 15 24
2 7 0 6 11 10 16
2 7 0 6 0 21 129
2 7 0 5 6 16 120
2 7 0 4 23 0 84
2 7 0 4 12 11 35
2 7 0 4 1 22 119
2 7 0 3 18 6 43
2 7 0 3 7 17 55
2 7 0 2 24 1 69
2 7 0 2 13 12 157
2 7 0 2 2 23 134
2 7 0 1 19 7 176
2 7 0 1 8 18 15
2 7 0 0 25 2 23
2 7 0 0 14 13 19
2 7 0 0 3 24 165
2 6 26 0 2 0 23
2 6 25 0 0 3 153
2 6 24 1 3 0 139
2 6 23 3 0 2 108
2 6 23 1 1 3 147
2 6 22 2 4 0 105
2 6 22 0 5 1 25
2 6 21 6 0 1 153
2 6 21 4 1 2 53
2 6 21 2 2 3 126
2 6 21 0 3 4 164
2 6 20 3 5 0 40
2 6 20 2 0 6 103
2 6 20 1 6 1 61
2 6 20 0 1 7 101
2 6 19 9 0 0 119
2 6 19 7 1 1 161
2 6 19 5 2 2 64
2 6 19 3 3 3 16
2 6 19 1 4 4 18
2 6 18 5 0 5 97
2 6 18 4 6 0 10
2 6 18 3 1 6 172
2 6 18 2 7 1 123
2 6 18 1 2 7 35
2 6 18 0 8 2 26
2 6 17 10 1 0 154
2 6 17 8 2 1 161
2 6 17 6 3 2 142
2 6 17 4 4 3 32
2 6 17 2 5 4 115
2 6 17 1 0 10 172
2 6 17 0 6 5 164
2 6 16 8 0 4 176
2 6 16 6 1 5 53
2 6 16 5 7 0 18
2 6 16 4 2 6 45
2 6 16 3 8 1 184
2 6 16 2 3 7 99
2 6 16 1 9 2 165
2 6 16 0 4 8 105
2 6 15 11 2 0 151
2 6 15 9 3 1 49
2 6 15 7 4 2 173
2 6 15 5 5 3 90
2 6 15 4 0 9 182
2 6 15 3 6 4 110
2 6 15 2 1 10 157
2 6 15 1 7 5 136
2 6 15 0 13 0 130
2 6 15 0 2 11 69
2 6 14 11 0 3 87
2 6 14 9 1 4 27
2 6 14 7 2 5 130
2 6 14 6 8 0 172
2 6 14 5 3 6 119
2 6 14 4 9 1 141
2 6 14 3 4 7 160
2 6 14 2 10 2 101
2 6 14 1 5 8 45
2 6 14 0 11 3 80
2 6 14 0 0 14 73
2 6 13 12 3 0 188
2 6 13 10 4 1 113
2 6 13 8 5 2 87
2 6 13 7 0 8 123
2 6 13 6 6 3 149
2 6 13 5 1 9 58
2 6 13 4 7 4 94
2 6 13 3 2 10 128
2 6 13 2 8 5 141
2 6 13 1 14 0 181
2 6 13 1 3 11 8
2 6 13 0 9 6 164
2 6 12 14 0 2 42
2 6 12 12 1 3 115
2 6 12 10 2 4 169
2 6 12 8 3 5 171
2 6 12 7 9 0 99
2 6 12 6 4 6 70
2 6 12 5 10 1 196
2 6 12 4 5 7 108
2 6 12 3 11 2 140
2 6 12 3 0 13 9
2 6 12 2 6 8 3
2 6 12 1 12 3 69
2 6 12 1 1 14 115
2 6 12 0 7 9 46
2 6 11 13 4 0 85
2 6 11 11 5 1 121
2 6 11 10 0 7 190
2 6 11 9 6 2 197
2 6 11 8 1 8 68
2 6 11 7 7 3 9
2 6 11 6 2 9 191
2 6 11 5 8 4 110
2 6 11 4 3 10 137
2 6 11 3 9 5 14
2 6 11 2 15 0 21
2 6 11 2 4 11 102
2 6 11 1 10 6 198
2 6 11 0 16 1 22
2 6 11 0 5 12 38
2 6 10 17 0 1 96
2 6 10 15 1 2 114
2 6 10 13 2 3 180
2 6 10 11 3 4 176
2 6 10 9 4 5 53
2 6 10 8 10 0 79
2 6 10 7 5 6 174
2 6 10 6 11 1 146
2 6 10 6 0 12 182
2 6 10 5 6 7 81
2 6 10 4 12 2 194
2 6 10 4 1 13 135
2 6 10 3 7 8 52
2 6 10 2 13 3 197
2 6 10 2 2 14 197
2 6 10 1 8 9 80
2 6 10 0 14 4 9
2 6 10 0 3 15 60
2 6 9 14 5 0 74
2 6 9 13 0 6 111
2 6 9 12 6 1 2
2 6 9 11 1 7 87
2 6 9 10 7 2 193
2 6 9 9 2 8 102
2 6 9 8 8 3 112
2 6 9 7 3 9 116
2 6 9 5 4 10 98
2 6 9 4 10 5 154
2 6 9 3 16 0 54
2 6 9 3 5 11 155
2 6 9 2 11 6 2
2 6 9 2 0 17 37
2 6 9 1 17 1 50
2 6 9 1 6 12 49
2 6 9 0 12 7 167
2 6 9 0 1 18 86
2 6 8 20 0 0 164
2 6 8 18 1 1 111
2 6 8 16 2 2 166
2 6 8 14 3 3 47
2 6 8 12 4 4 193
2 6 8 10 5 5 26
2 6 8 9 11 0 13
2 6 8 9 0 11 99
2 6 8 8 6 6 46
2 6 8 7 12 1 188
2 6 8 7 1 12 6
2 6 8 6 7 7 57
2 6 8 5 13 2 192
2 6 8 5 2 13 138
2 6 8 4 8 8 180
2 6 8 3 14 3 56
2 6 8 3 3 14 121
2 6 8 2 9 9 18
2 6 8 1 15 4 162
2 6 8 1 4 15 77
2 6 8 0 10 10 35
2 6 7 16 0 5 133
2 6 7 15 6 0 99
2 6 7 14 1 6 26
2 6 7 13 7 1 186
2 6 7 12 2 7 135
2 6 7 11 8 2 32
2 6 7 10 3 8 87
2 6 7 9 9 3 78
2 6 7 8 4 9 60
2 6 7 7 10 4 5
2 6 7 6 5 10 110
2 6 7 5 11 5 4
2 6 7 5 0 16 79
2 6 7 4 17 0 159
2 6 7 4 6 11 148
2 6 7 3 12 6 156
2 6 7 3 1 17 3
2 6 7 2 18 1 17
2 6 7 2 7 12 10
2 6 7 1 13 7 71
2 6 7 1 2 18 91
2 6 7 0 19 2 39
2 6 7 0 8 13 34
2 6 6 21 1 0 195
2 6 6 19 2 1 112
2 6 6 17 3 2 151
2 6 6 15 4 3 10
2 6 6 13 5 4 71
2 6 6 12 0 10 29
2 6 6 11 6 5 125
2 6 6 10 12 0 83
2 6 6 10 1 11 40
2 6 6 9 7 6 170
2 6 6 8 13 1 39
2 6 6 8 2 12 35
2 6 6 7 8 7 94
2 6 6 6 14 2 120
2 6 6 6 3 13 36
2 6 6 5 9 8 35
2 6 6 4 15 3 32
2 6 6 4 4 14 98
2 6 6 3 10 9 13
2 6 6 2 16 4 124
2 6 6 2 5 15 135
2 6 6 1 11 10 144
2 6 6 1 0 21 25
2 6 6 0 17 5 145
2 6 6 0 6 16 49
2 6 5 19 0 4 182
2 6 5 17 1 5 23
2 6 5 16 7 0 166
2 6 5 15 2 6 105
2 6 5 14 8 1 182
2 6 5 13 3 7 159
2 6 5 12 9 2 137
2 6 5 11 4 8 117
2 6 5 10 10 3 68
2 6 5 9 5 9 90
2 6 5 8 11 4 64
2 6 5 8 0 15 56
2 6 5 7 6 10 164
2 6 5 6 12 5 128
2 6 5 6 1 16 146
2 6 5 5 18 0 14
2 6 5 5 7 11 69
2 6 5 4 13 6 162
2 6 5 4 2 17 66
2 6 5 3 19 1 181
2 6 5 3 8 12 42
2 6 5 2 14 7 181
2 6 5 2 3 18 67
2 6 5 1 20 2 167
2 6 5 1 9 13 63
2 6 5 0 15 8 172
2 6 5 0 4 19 123
2 6 4 22 2 0 185
2 6 4 20 3 1 6
2 6 4 18 4 2 123
2 6 4 16 5 3 169
2 6 4 15 0 9 140
2 6 4 14 6 4 193
2 6 4 13 1 10 60
2 6 4 12 7 5 66
2 6 4 11 13 0 52
2 6 4 11 2 11 178
2 6 4 10 8 6 151
2 6 4 9 14 1 117
2 6 4 9 3 12 25
2 6 4 8 9 7 21
2 6 4 7 15 2 54
2 6 4 7 4 13 157
2 6 4 6 10 8 39
2 6 4 5 16 3 79
2 6 4 5 5 14 93
2 6 4 4 11 9 119
2 6 4 4 0 20 175
2 6 4 3 17 4 137
2 6 4 3 6 15 2
2 6 4 2 12 10 45
2 6 4 2 1 21 164
2 6 4 1 18 5 83
2 6 4 1 7 16 196
2 6 4 0 24 0 169
2 6 4 0 13 11 29
2 6 4 0 2 22 139
2 6 3 22 0 3 31
2 6 3 20 1 4 120
2 6 3 18 2 5 140
2 6 3 17 8 0 133
2 6 3 16 3 6 107
2 6 3 15 9 1 174
2 6 3 14 4 7 23
2 6 3 13 10 2 62
2 6 3 12 5 8 94
2 6 3 11 11 3 41
2 6 3 11 0 14 149
2 6 3 10 6 9 68
2 6 3 9 12 4 57
2 6 3 9 1 15 47
2 6 3 8 7 10 139
2 6 3 7 13 5 85
2 6 3 7 2 16 72
2 6 3 6 19 0 190
2 6 3 6 8 11 80
2 6 3 5 14 6 2
2 6 3 5 3 17 88
2 6 3 4 20 1 144
2 6 3 4 9 12 71
2 6 3 3 15 7 41
2 6 3 3 4 18 51
2 6 3 2 21 2 114
2 6 3 2 10 13 18
2 6 3 1 16 8 105
2 6 3 1 5 19 3
2 6 3 0 22 3 49
2 6 3 0 11 14 73
2 6 3 0 0 25 128
2 6 2 23 3 0 131
2 6 2 21 4 1 82
2 6 2 19 5 2 4
2 6 2 18 0 8 44
2 6 2 17 6 3 28
2 6 2 16 1 9 189
2 6 2 15 7 4 108
2 6 2 14 2 10 122
2 6 2 13 8 5 45
2 6 2 12 14 0 134
2 6 2 12 3 11 38
2 6 2 11 9 6 89
2 6 2 10 4 12 189
2 6 2 9 10 7 40
2 6 2 8 16 2 98
2 6 2 8 5 13 70
2 6 2 7 11 8 86
2 6 2 7 0 19 99
2 6 2 6 17 3 89
2 6 2 6 6 14 74
2 6 2 5 12 9 133
2 6 2 5 1 20 166
2 6 2 4 18 4 5
2 6 2 4 7 15 35
2 6 2 3 13 10 82
2 6 2 3 2 21 16
2 6 2 2 19 5 121
2 6 2 2 8 16 48
2 6 2 1 25 0 4
2 6 2 1 14 11 108
2 6 2 1 3 22 59
2 6 2 0 20 6 169
2 6 2 0 9 17 192
2 6 1 25 0 2 113
2 6 1 23 1 3 71
2 6 1 21 2 4 167
2 6 1 19 3 5 8
2 6 1 18 9 0 129
2 6 1 17 4 6 3
2 6 1 16 10 1 142
2 6 1 15 5 7 102
2 6 1 14 11 2 8
2 6 1 14 0 13 143
2 6 1 13 6 8 34
2 6 1 12 12 3 121
2 6 1 12 1 14 190
2 6 1 11 7 9 138
2 6 1 10 13 4 110
2 6 1 10 2 15 134
2 6 1 9 8 10 49
2 6 1 8 14 5 98
2 6 1 8 3 16 52
2 6 1 7 20 0 79
2 6 1 7 9 11 138
2 6 1 6 15 6 105
2 6 1 6 4 17 134
2 6 1 5 21 1 16
2 6 1 5 10 12 129
2 6 1 4 16 7 141
2 6 1 4 5 18 42
2 6 1 3 22 2 170
2 6 1 3 11 13 183
2 6 1 3 0 24 25
2 6 1 2 17 8 55
2 6 1 2 6 19 79
2 6 1 1 23 3 36
2 6 1 1 12 14 76
2 6 1 1 1 25 15
2 6 1 0 18 9 68
2 6 1 0 7 20 54
2 6 0 24 4 0 20
2 6 0 22 5 1 18
2 6 0 21 0 7 47
2 6 0 20 6 2 65
2 6 0 19 1 8 24
2 6 0 18 7 3 95
2 6 0 17 2 9 120
2 6 0 16 8 4 157
2 6 0 15 3 10 32
2 6 0 14 9 5 22
2 6 0 13 15 0 87
2 6 0 13 4 11 133
2 6 0 12 10 6 149
2 6 0 11 16 1 144
2 6 0 11 5 12 8
2 6 0 10 11 7 173
2 6 0 10 0 18 157
2 6 0 9 17 2 116
2 6 0 9 6 13 148
2 6 0 8 12 8 69
2 6 0 8 1 19 61
2 6 0 7 18 3 101
2 6 0 7 7 14 114
2 6 0 6 13 9 65
2 6 0 6 2 20 127
2 6 0 5 19 4 22
2 6 0 5 8 15 154
2 6 0 4 14 10 190
2 6 0 4 3 21 28
2 6 0 3 20 5 29
2 6 0 3 9 16 133
2 6 0 2 26 0 133
2 6 0 2 15 11 149
2 6 0 2 4 22 61
2 6 0 1 21 6 194
2 6 0 1 10 17 188
2 6 0 0 27 1 90
2 6 0 0 16 12 10
2 6 0 0 5 23 1
2 5 27 1 0 1 92
2 5 25 4 0 0 129
2 5 25 2 1 1 17
2 5 25 0 2 2 184
2 5 24 0 0 5 151
2 5 23 5 1 0 90
2 5 23 3 2 1 54
2 5 23 1 3 2 102
2 5 22 3 0 4 154
2 5 22 1 1 5 19
2 5 22 0 7 0 49
2 5 21 6 2 0 63
2 5 21 4 3 1 44
2 5 21 2 4 2 48
2 5 21 0 5 3 168
2 5 20 6 0 3 79
2 5 20 4 1 4 32
2 5 20 2 2 5 19
2 5 20 1 8 0 82
2 5 20 0 3 6 112
2 5 19 7 3 0 40
2 5 19 5 4 1 143
2 5 19 3 5 2 35
2 5 19 2 0 8 114
2 5 19 1 6 3 176
2 5 19 0 1 9 181
2 5 18 9 0 2 34
2 5 18 7 1 3 67
2 5 18 5 2 4 166
2 5 18 3 3 5 169
2 5 18 2 9 0 100
2 5 18 1 4 6 165
2 5 18 0 10 1 188
2 5 17 8 4 0 156
2 5 17 6 5 1 99
2 5 17 5 0 7 43
2 5 17 4 6 2 114
2 5 17 3 1 8 74
2 5 17 2 7 3 48
2 5 17 1 2 9 70
2 5 17 0 8 4 92
2 5 16 12 0 1 198
2 5 16 10 1 2 49
2 5 16 8 2 3 161
2 5 16 6 3 4 88
2 5 16 4 4 5 22
2 5 16 3 10 0 184
2 5 16 2 5 6 18
2 5 16 1 11 1 27
2 5 16 1 0 12 27
2 5 16 0 6 7 191
2 5 15 9 5 0 9
2 5 15 8 0 6 171
2 5 15 7 6 1 95
2 5 15 6 1 7 168
2 5 15 5 7 2 173
2 5 15 4 2 8 46
2 5 15 3 8 3 170
2 5 15 2 3 9 35
2 5 15 1 9 4 150
2 5 15 0 4 10 34
2 5 14 15 0 0 82
2 5 14 13 1 1 85
2 5 14 11 2 2 82
2 5 14 9 3 3 151
2 5 14 7 4 4 112
2 5 14 5 5 5 108
2 5 14 4 11 0 188
2 5 14 4 0 11 187
2 5 14 3 6 6 154
2 5 14 2 12 1 152
2 5 14 2 1 12 178
2 5 14 1 7 7 191
2 5 14 0 13 2 165
2 5 14 0 2 13 193
2 5 13 11 0 5 195
2 5 13 10 6 0 15
2 5 13 9 1 6 57
2 5 13 8 7 1 87
2 5 13 7 2 7 12
2 5 13 6 8 2 125
2 5 13 5 3 8 129
2 5 13 4 9 3 182
2 5 13 3 4 9 105
2 5 13 2 10 4 80
2 5 13 1 5 10 48
2 5 13 0 11 5 87
2 5 13 0 0 16 23
2 5 12 16 1 0 161
2 5 12 14 2 1 164
2 5 12 12 3 2 175
2 5 12 10 4 3 80
2 5 12 8 5 4 111
2 5 12 7 0 10 8
2 5 12 6 6 5 105
2 5 12 5 12 0 137
2 5 12 5 1 11 183
2 5 12 4 7 6 165
2 5 12 3 13 1 47
2 5 12 3 2 12 14
2 5 12 2 8 7 139
2 5 12 1 14 2 147
2 5 12 1 3 13 156
2 5 12 0 9 8 7
2 5 11 14 0 4 97
2 5 11 12 1 5 97
2 5 11 11 7 0 167
2 5 11 10 2 6 125
2 5 11 9 8 1 185
2 5 11 8 3 7 93
2 5 11 7 9 2 124
2 5 11 6 4 8 62
2 5 11 5 10 3 67
2 5 11 4 5 9 2
2 5 11 3 11 4 106
2 5 11 3 0 15 56
2 5 11 2 6 10 33
2 5 11 1 12 5 70
2 5 11 1 1 16 106
2 5 11 0 18 0 20
2 5 11 0 7 11 24
2 5 10 17 2 0 114
2 5 10 15 3 1 195
2 5 10 13 4 2 122
2 5 10 11 5 3 124
2 5 10 10 0 9 154
2 5 10 9 6 4 30
2 5 10 8 1 10 189
2 5 10 7 7 5 62
2 5 10 6 13 0 167
2 5 10 6 2 11 170
2 5 10 5 8 6 4
2 5 10 4 14 1 118
2 5 10 4 3 12 4
2 5 10 3 9 7 192
2 5 10 2 15 2 96
2 5 10 2 4 13 179
2 5 10 1 10 8 36
2 5 10 0 16 3 8
2 5 10 0 5 14 92
2 5 9 17 0 3 116
2 5 9 15 1 4 198
2 5 9 13 2 5 147
2 5 9 12 8 0 70
2 5 9 11 3 6 109
2 5 9 10 9 1 36
2 5 9 9 4 7 21
2 5 9 8 10 2 186
2 5 9 7 5 8 131
2 5 9 6 11 3 97
2 5 9 6 0 14 194
2 5 9 5 6 9 93
2 5 9 4 12 4 56
2 5 9 4 1 15 81
2 5 9 3 7 10 15
2 5 9 2 13 5 13
2 5 9 2 2 16 73
2 5 9 1 19 0 113
2 5 9 1 8 11 136
2 5 9 0 14 6 88
2 5 9 0 3 17 27
2 5 8 18 3 0 154
2 5 8 16 4 1 121
2 5 8 14 5 2 191
2 5 8 13 0 8 86
2 5 8 12 6 3 187
2 5 8 11 1 9 7
2 5 8 10 7 4 188
2 5 8 9 2 10 63
2 5 8 8 8 5 154
2 5 8 7 14 0 37
2 5 8 7 3 11 62
2 5 8 6 9 6 101
2 5 8 5 15 1 120
2 5 8 5 4 12 96
2 5 8 4 10 7 53
2 5 8 3 16 2 64
2 5 8 3 5 13 70
2 5 8 2 11 8 154
2 5 8 2 0 19 170
2 5 8 1 17 3 161
2 5 8 1 6 14 6
2 5 8 0 12 9 65
2 5 8 0 1 20 85
2 5 7 20 0 2 153
2 5 7 18 1 3 100
2 5 7 16 2 4 181
2 5 7 14 3 5 68
2 5 7 13 9 0 25
2 5 7 12 4 6 45
2 5 7 11 10 1 156
2 5 7 10 5 7 36
2 5 7 9 11 2 84
2 5 7 9 0 13 40
2 5 7 8 6 8 109
2 5 7 7 12 3 152
2 5 7 7 1 14 171
2 5 7 6 7 9 6
2 5 7 5 13 4 99
2 5 7 5 2 15 4
2 5 7 4 8 10 122
2 5 7 3 14 5 79
2 5 7 3 3 16 179
2 5 7 2 20 0 137
2 5 7 2 9 11 144
2 5 7 1 15 6 89
2 5 7 1 4 17 19
2 5 7 0 21 1 108
2 5 7 0 10 12 101
2 5 6 19 4 0 124
2 5 6 17 5 1 41
2 5 6 16 0 7 70
2 5 6 15 6 2 24
2 5 6 14 1 8 90
2 5 6 13 7 3 135
2 5 6 12 2 9 170
2 5 6 11 8 4 27
2 5 6 10 3 10 58
2 5 6 9 9 5 30
2 5 6 8 15 0 174
2 5 6 8 4 11 154
2 5 6 7 10 6 97
2 5 6 6 16 1 124
2 5 6 6 5 12 83
2 5 6 5 11 7 2
2 5 6 5 0 18 130
2 5 6 4 17 2 87
2 5 6 4 6 13 114
2 5 6 3 12 8 3
2 5 6 3 1 19 20
2 5 6 2 18 3 170
2 5 6 2 7 14 129
2 5 6 1 13 9 122
2 5 6 1 2 20 30
2 5 6 0 19 4 56
2 5 6 0 8 15 182
2 5 5 23 0 1 25
2 5 5 21 1 2 42
2 5 5 19 2 3 90
2 5 5 17 3 4 53
2 5 5 15 4 5 27
2 5 5 14 10 0 135
2 5 5 13 5 6 142
2 5 5 12 11 1 13
2 5 5 12 0 12 40
2 5 5 11 6 7 131
2 5 5 10 12 2 179
2 5 5 10 1 13 44
2 5 5 9 7 8 89
2 5 5 8 13 3 143
2 5 5 8 2 14 183
2 5 5 7 8 9 189
2 5 5 6 14 4 130
2 5 5 6 3 15 22
2 5 5 5 9 10 170
2 5 5 4 15 5 55
2 5 5 4 4 16 78
2 5 5 3 21 0 14
2 5 5 3 10 11 102
2 5 5 2 16 6 163
2 5 5 2 5 17 136
2 5 5 1 22 1 52
2 5 5 1 11 12 72
2 5 5 1 0 23 173
2 5 5 0 17 7 75
2 5 5 0 6 18 97
2 5 4 20 5 0 56
2 5 4 19 0 6 186
2 5 4 18 6 1 193
2 5 4 17 1 7 54
2 5 4 16 7 2 104
2 5 4 15 2 8 145
2 5 4 14 8 3 3
2 5 4 13 3 9 84
2 5 4 12 9 4 102
2 5 4 11 4 10 74
2 5 4 10 10 5 92
2 5 4 9 16 0 146
2 5 4 9 5 11 60
2 5 4 8 11 6 77
2 5 4 8 0 17 93
2 5 4 7 17 1 195
2 5 4 7 6 12 82
2 5 4 6 12 7 47
2 5 4 6 1 18 20
2 5 4 5 18 2 2
2 5 4 5 7 13 111
2 5 4 4 13 8 23
2 5 4 4 2 19 62
2 5 4 3 19 3 169
2 5 4 3 8 14 8
2 5 4 2 14 9 149
2 5 4 2 3 20 117
2 5 4 1 20 4 94
2 5 4 1 9 15 141
2 5 4 0 15 10 156
2 5 4 0 4 21 177
2 5 3 26 0 0 153
2 5 3 24 1 1 50
2 5 3 22 2 2 61
2 5 3 20 3 3 90
2 5 3 18 4 4 171
2 5 3 16 5 5 86
2 5 3 15 11 0 79
2 5 3 15 0 11 185
2 5 3 14 6 6 100
2 5 3 13 12 1 83
2 5 3 13 1 12 12
2 5 3 12 7 7 189
2 5 3 11 13 2 188
2 5 3 11 2 13 48
2 5 3 10 8 8 126
2 5 3 9 14 3 16
2 5 3 9 3 14 188
2 5 3 8 9 9 146
2 5 3 7 15 4 144
2 5 3 7 4 15 137
2 5 3 6 10 10 168
2 5 3 5 16 5 2
2 5 3 5 5 16 21
2 5 3 4 22 0 47
2 5 3 4 11 11 72
2 5 3 4 0 22 42
2 5 3 3 17 6 38
2 5 3 3 6 17 41
2 5 3 2 23 1 96
2 5 3 2 12 12 82
2 5 3 2 1 23 109
2 5 3 1 18 7 174
2 5 3 1 7 18 84
2 5 3 0 24 2 85
2 5 3 0 13 13 48
2 5 3 0 2 24 142
2 5 2 22 0 5 138
2 5 2 21 6 0 36
2 5 2 20 1 6 10
2 5 2 19 7 1 128
2 5 2 18 2 7 157
2 5 2 17 8 2 38
2 5 2 16 3 8 163
2 5 2 15 9 3 153
2 5 2 14 4 9 123
2 5 2 13 10 4 151
2 5 2 12 5 10 40
2 5 2 11 11 5 105
2 5 2 11 0 16 78
2 5 2 10 17 0 79
2 5 2 10 6 11 23
2 5 2 9 12 6 180
2 5 2 9 1 17 163
2 5 2 8 18 1 139
2 5 2 8 7 12 71
2 5 2 7 13 7 169
2 5 2 7 2 18 23
2 5 2 6 19 2 184
2 5 2 6 8 13 189
2 5 2 5 14 8 4
2 5 2 5 3 19 194
2 5 2 4 20 3 62
2 5 2 4 9 14 159
2 5 2 3 15 9 186
2 5 2 3 4 20 133
2 5 2 2 21 4 108
2 5 2 2 10 15 82
2 5 2 1 16 10 71
2 5 2 1 5 21 117
2 5 2 0 22 5 193
2 5 2 0 11 16 91
2 5 2 0 0 27 122
2 5 1 27 1 0 143
2 5 1 25 2 1 51
2 5 1 23 3 2 88
2 5 1 21 4 3 157
2 5 1 19 5 4 73
2 5 1 18 0 10 85
2 5 1 17 6 5 9
2 5 1 16 12 0 17
2 5 1 16 1 11 88
2 5 1 15 7 6 155
2 5 1 14 13 1 197
2 5 1 14 2 12 28
2 5 1 13 8 7 98
2 5 1 12 14 2 11
2 5 1 12 3 13 66
2 5 1 11 9 8 128
2 5 1 10 15 3 151
2 5 1 10 4 14 21
2 5 1 9 10 9 33
2 5 1 8 16 4 74
2 5 1 8 5 15 37
2 5 1 7 11 10 117
2 5 1 7 0 21 100
2 5 1 6 17 5 14
2 5 1 6 6 16 12
2 5 1 5 23 0 59
2 5 1 5 12 11 124
2 5 1 5 1 22 61
2 5 1 4 18 6 141
2 5 1 3 24 1 59
2 5 1 3 13 12 38
2 5 1 3 2 23 12
2 5 1 2 19 7 192
2 5 1 2 8 18 131
2 5 1 1 25 2 119
2 5 1 1 14 13 110
2 5 1 1 3 24 182
2 5 1 0 20 8 125
2 5 1 0 9 19 127
2 5 0 25 0 4 55
2 5 0 23 1 5 85
2 5 0 22 7 0 103
2 5 0 21 2 6 53
2 5 0 20 8 1 178
2 5 0 19 3 7 5
2 5 0 18 9 2 42
2 5 0 17 4 8 77
2 5 0 16 10 3 93
2 5 0 15 5 9 193
2 5 0 14 11 4 172
2 5 0 14 0 15 190
2 5 0 13 6 10 92
2 5 0 12 12 5 19
2 5 0 12 1 16 68
2 5 0 11 18 0 116
2 5 0 11 7 11 48
2 5 0 10 13 6 184
2 5 0 10 2 17 153
2 5 0 9 19 1 23
2 5 0 9 8 12 143
2 5 0 8 14 7 21
2 5 0 8 3 18 119
2 5 0 7 20 2 12
2 5 0 7 9 13 87
2 5 0 6 15 8 152
2 5 0 6 4 19 145
2 5 0 5 21 3 100
2 5 0 5 10 14 141
2 5 0 4 16 9 144
2 5 0 4 5 20 95
2 5 0 3 22 4 44
2 5 0 3 11 15 20
2 5 0 3 0 26 126
2 5 0 2 17 10 102
2 5 0 2 6 21 77
2 5 0 1 23 5 53
2 5 0 1 12 16 50
2 5 0 1 1 27 53
2 5 0 0 29 0 4
2 5 0 0 18 11 194
2 5 0 0 7 22 128
2 4 29 0 1 0 131
2 4 27 1 2 0 160
2 4 26 1 0 3 135
2 4 25 2 3 0 43
2 4 25 0 4 1 155
2 4 24 4 0 2 85
2 4 24 2 1 3 169
2 4 24 0 2 4 2
2 4 23 3 4 0 140
2 4 23 1 5 1 80
2 4 23 0 0 7 72
2 4 22 7 0 1 50
2 4 22 5 1 2 150
2 4 22 3 2 3 98
2 4 22 1 3 4 165
2 4 21 4 5 0 159
2 4 21 3 0 6 16
2 4 21 2 6 1 176
2 4 21 1 1 7 151
2 4 21 0 7 2 60
2 4 20 10 0 0 197
2 4 20 8 1 1 130
2 4 20 6 2 2 18
2 4 20 4 3 3 59
2 4 20 2 4 4 121
2 4 20 0 5 5 192
2 4 19 6 0 5 84
2 4 19 5 6 0 110
2 4 19 4 1 6 120
2 4 19 3 7 1 193
2 4 19 2 2 7 125
2 4 19 1 8 2 147
2 4 19 0 3 8 1
2 4 18 11 1 0 94
2 4 18 9 2 1 166
2 4 18 7 3 2 132
2 4 18 5 4 3 99
2 4 18 3 5 4 22
2 4 18 2 0 10 49
2 4 18 1 6 5 59
2 4 18 0 12 0 116
2 4 18 0 1 11 116
2 4 17 9 0 4 107
2 4 17 7 1 5 3
2 4 17 6 7 0 69
2 4 17 5 2 6 138
2 4 17 4 8 1 22
2 4 17 3 3 7 42
2 4 17 2 9 2 186
2 4 17 1 4 8 33
2 4 17 0 10 3 3
2 4 16 12 2 0 195
2 4 16 10 3 1 92
2 4 16 8 4 2 58
2 4 16 6 5 3 144
2 4 16 5 0 9 9
2 4 16 4 6 4 153
2 4 16 3 1 10 163
2 4 16 2 7 5 198
2 4 16 1 13 0 49
2 4 16 1 2 11 180
2 4 16 0 8 6 86
2 4 15 12 0 3 132
2 4 15 10 1 4 104
2 4 15 8 2 5 135
2 4 15 7 8 0 185
2 4 15 6 3 6 21
2 4 15 5 9 1 108
2 4 15 4 4 7 125
2 4 15 3 10 2 117
2 4 15 2 5 8 23
2 4 15 1 11 3 148
2 4 15 1 0 14 185
2 4 15 0 6 9 139
2 4 14 13 3 0 129
2 4 14 11 4 1 84
2 4 14 9 5 2 173
2 4 14 8 0 8 23
2 4 14 7 6 3 150
2 4 14 6 1 9 89
2 4 14 5 7 4 167
2 4 14 4 2 10 40
2 4 14 3 8 5 31
2 4 14 2 14 0 182
2 4 14 2 3 11 114
2 4 14 1 9 6 40
2 4 14 0 15 1 88
2 4 14 0 4 12 14
2 4 13 15 0 2 27
2 4 13 13 1 3 119
2 4 13 11 2 4 79
2 4 13 9 3 5 112
2 4 13 8 9 0 50
2 4 13 7 4 6 119
2 4 13 6 10 1 15
2 4 13 5 5 7 114
2 4 13 4 11 2 150
2 4 13 4 0 13 102
2 4 13 3 6 8 73
2 4 13 2 12 3 36
2 4 13 2 1 14 169
2 4 13 1 7 9 168
2 4 13 0 13 4 1
2 4 13 0 2 15 55
2 4 12 14 4 0 150
2 4 12 11 0 7 18
2 4 12 10 6 2 80
2 4 12 9 1 8 165
2 4 12 8 7 3 129
2 4 12 7 2 9 128
2 4 12 6 8 4 145
2 4 12 5 3 10 121
2 4 12 4 9 5 144
2 4 12 3 15 0 180
2 4 12 3 4 11 150
2 4 12 2 10 6 6
2 4 12 1 16 1 14
2 4 12 1 5 12 15
2 4 12 0 11 7 90
2 4 12 0 0 18 123
2 4 11 18 0 1 79
2 4 11 16 1 2 117
2 4 11 14 2 3 137
2 4 11 12 3 4 193
2 4 11 10 4 5 111
2 4 11 9 10 0 14
2 4 11 8 5 6 41
2 4 11 7 11 1 34
2 4 11 7 0 12 66
2 4 11 6 6 7 85
2 4 11 5 12 2 55
2 4 11 5 1 13 138
2 4 11 4 7 8 90
2 4 11 3 13 3 182
2 4 11 3 2 14 63
2 4 11 2 8 9 13
2 4 11 1 14 4 43
2 4 11 1 3 15 66
2 4 11 0 9 10 81
2 4 10 15 5 0 165
2 4 10 14 0 6 180
2 4 10 13 6 1 115
2 4 10 12 1 7 26
2 4 10 11 7 2 42
2 4 10 10 2 8 35
2 4 10 9 8 3 142
2 4 10 8 3 9 148
2 4 10 7 9 4 76
2 4 10 6 4 10 116
2 4 10 5 10 5 116
2 4 10 4 16 0 136
2 4 10 4 5 11 141
2 4 10 3 11 6 55
2 4 10 3 0 17 169
2 4 10 2 17 1 117
2 4 10 2 6 12 142
2 4 10 1 12 7 171
2 4 10 1 1 18 84
2 4 10 0 18 2 173
2 4 10 0 7 13 105
2 4 9 21 0 0 55
2 4 9 19 1 1 22
2 4 9 17 2 2 21
2 4 9 15 3 3 86
2 4 9 13 4 4 17
2 4 9 11 5 5 58
2 4 9 10 11 0 62
2 4 9 10 0 11 187
2 4 9 9 6 6 107
2 4 9 8 12 1 93
2 4 9 8 1 12 50
2 4 9 7 7 7 147
2 4 9 6 13 2 94
2 4 9 6 2 13 98
2 4 9 5 8 8 94
2 4 9 4 14 3 24
2 4 9 4 3 14 11
2 4 9 3 9 9 146
2 4 9 2 15 4 35
2 4 9 2 4 15 16
2 4 9 1 10 10 15
2 4 9 0 16 5 154
2 4 9 0 5 16 100
2 4 8 17 0 5 70
2 4 8 16 6 0 63
2 4 8 15 1 6 8
2 4 8 14 7 1 27
2 4 8 13 2 7 26
2 4 8 12 8 2 171
2 4 8 11 3 8 175
2 4 8 10 9 3 120
2 4 8 9 4 9 106
2 4 8 8 10 4 82
2 4 8 7 5 10 50
2 4 8 6 11 5 101
2 4 8 6 0 16 74
2 4 8 5 17 0 36
2 4 8 5 6 11 144
2 4 8 4 12 6 94
2 4 8 4 1 17 12
2 4 8 3 18 1 84
2 4 8 3 7 12 56
2 4 8 2 13 7 36
2 4 8 2 2 18 33
2 4 8 1 19 2 128
2 4 8 1 8 13 88
2 4 8 0 14 8 187
2 4 8 0 3 19 93
2 4 7 22 1 0 90
2 4 7 20 2 1 180
2 4 7 18 3 2 10
2 4 7 16 4 3 143
2 4 7 14 5 4 106
2 4 7 13 0 10 88
2 4 7 12 6 5 2
2 4 7 11 12 0 25
2 4 7 11 1 11 134
2 4 7 10 7 6 134
2 4 7 9 13 1 98
2 4 7 9 2 12 139
2 4 7 8 8 7 87
2 4 7 7 14 2 114
2 4 7 7 3 13 86
2 4 7 6 9 8 77
2 4 7 5 15 3 54
2 4 7 5 4 14 125
2 4 7 4 10 9 128
2 4 7 3 16 4 74
2 4 7 3 5 15 165
2 4 7 2 11 10 140
2 4 7 2 0 21 195
2 4 7 1 17 5 102
2 4 7 1 6 16 84
2 4 7 0 23 0 72
2 4 7 0 12 11 131
2 4 7 0 1 22 34
2 4 6 20 0 4 72
2 4 6 18 1 5 46
2 4 6 17 7 0 61
2 4 6 16 2 6 188
2 4 6 15 8 1 183
2 4 6 14 3 7 146
2 4 6 13 9 2 163
2 4 6 12 4 8 186
2 4 6 11 10 3 180
2 4 6 10 5 9 67
2 4 6 9 11 4 184
2 4 6 9 0 15 2
2 4 6 8 6 10 75
2 4 6 7 12 5 90
2 4 6 7 1 16 129
2 4 6 6 18 0 198
2 4 6 6 7 11 104
2 4 6 5 13 6 38
2 4 6 5 2 17 23
2 4 6 4 19 1 57
2 4 6 4 8 12 96
2 4 6 3 14 7 81
2 4 6 3 3 18 127
2 4 6 2 20 2 55
2 4 6 2 9 13 35
2 4 6 1 15 8 82
2 4 6 1 4 19 119
2 4 6 0 21 3 182
2 4 6 0 10 14 118
2 4 5 23 2 0 158
2 4 5 21 3 1 58
2 4 5 19 4 2 45
2 4 5 17 5 3 162
2 4 5 16 0 9 149
2 4 5 15 6 4 151
2 4 5 14 1 10 17
2 4 5 13 7 5 136
2 4 5 12 13 0 17
2 4 5 12 2 11 193
2 4 5 11 8 6 57
2 4 5 10 14 1 162
2 4 5 10 3 12 146
2 4 5 9 9 7 53
2 4 5 8 15 2 59
2 4 5 8 4 13 101
2 4 5 7 10 8 29
2 4 5 6 16 3 167
2 4 5 6 5 14 123
2 4 5 5 11 9 123
2 4 5 5 0 20 194
2 4 5 4 17 4 110
2 4 5 4 6 15 135
2 4 5 3 12 10 91
2 4 5 3 1 21 11
2 4 5 2 18 5 33
2 4 5 2 7 16 125
2 4 5 1 24 0 166
2 4 5 1 13 11 84
2 4 5 1 2 22 138
2 4 5 0 19 6 198
2 4 5 0 8 17 158
2 4 4 23 0 3 52
2 4 4 21 1 4 29
2 4 4 19 2 5 49
2 4 4 18 8 0 73
2 4 4 17 3 6 83
2 4 4 16 9 1 176
2 4 4 15 4 7 62
2 4 4 14 10 2 36
2 4 4 13 5 8 136
2 4 4 12 11 3 94
2 4 4 12 0 14 158
2 4 4 11 6 9 36
2 4 4 10 12 4 198
2 4 4 10 1 15 195
2 4 4 9 7 10 38
2 4 4 8 13 5 97
2 4 4 8 2 16 91
2 4 4 7 19 0 19
2 4 4 7 8 11 57
2 4 4 6 14 6 80
2 4 4 6 3 17 107
2 4 4 5 20 1 20
2 4 4 5 9 12 30
2 4 4 4 15 7 56
2 4 4 4 4 18 158
2 4 4 3 21 2 65
2 4 4 3 10 13 131
2 4 4 2 16 8 134
2 4 4 2 5 19 40
2 4 4 1 22 3 119
2 4 4 1 11 14 77
2 4 4 1 0 25 157
2 4 4 0 17 9 191
2 4 4 0 6 20 125
2 4 3 24 3 0 79
2 4 3 22 4 1 138
2 4 3 20 5 2 1
2 4 3 19 0 8 178
2 4 3 18 6 3 78
2 4 3 17 1 9 190
2 4 3 16 7 4 11
2 4 3 15 2 10 183
2 4 3 14 8 5 62
2 4 3 13 14 0 127
2 4 3 13 3 11 55
2 4 3 12 9 6 1
2 4 3 11 15 1 192
2 4 3 11 4 12 142
2 4 3 10 10 7 75
2 4 3 9 16 2 145
2 4 3 9 5 13 175
2 4 3 8 11 8 178
2 4 3 8 0 19 106
2 4 3 7 17 3 29
2 4 3 7 6 14 18
2 4 3 6 12 9 141
2 4 3 6 1 20 63
2 4 3 5 18 4 85
2 4 3 5 7 15 129
2 4 3 4 13 10 94
2 4 3 4 2 21 88
2 4 3 3 19 5 22
2 4 3 3 8 16 53
2 4 3 2 25 0 157
2 4 3 2 14 11 95
2 4 3 2 3 22 132
2 4 3 1 20 6 47
2 4 3 1 9 17 131
2 4 3 0 26 1 48
2 4 3 0 15 12 151
2 4 3 0 4 23 142
2 4 2 26 0 2 157
2 4 2 24 1 3 163
2 4 2 22 2 4 186
2 4 2 20 3 5 62
2 4 2 19 9 0 97
2 4 2 18 4 6 59
2 4 2 17 10 1 164
2 4 2 16 5 7 113
2 4 2 15 11 2 6
2 4 2 15 0 13 23
2 4 2 14 6 8 176
2 4 2 13 12 3 51
2 4 2 13 1 14 184
2 4 2 12 7 9 77
2 4 2 11 13 4 75
2 4 2 11 2 15 107
2 4 2 10 8 10 14
2 4 2 9 14 5 58
2 4 2 9 3 16 147
2 4 2 8 20 0 194
2 4 2 8 9 11 189
2 4 2 7 15 6 159
2 4 2 7 4 17 80
2 4 2 6 21 1 123
2 4 2 6 10 12 23
2 4 2 5 16 7 131
2 4 2 5 5 18 98
2 4 2 4 22 2 152
2 4 2 4 11 13 176
2 4 2 4 0 24 198
2 4 2 3 17 8 147
2 4 2 3 6 19 152
2 4 2 2 23 3 104
2 4 2 2 12 14 105
2 4 2 2 1 25 120
2 4 2 1 18 9 97
2 4 2 1 7 20 117
2 4 2 0 24 4 51
2 4 2 0 13 15 3
2 4 2 0 2 26 17
2 4 1 25 4 0 182
2 4 1 23 5 1 141
2 4 1 22 0 7 30
2 4 1 21 6 2 133
2 4 1 20 1 8 42
2 4 1 19 7 3 21
2 4 1 18 2 9 121
2 4 1 17 8 4 187
2 4 1 16 3 10 37
2 4 1 15 9 5 171
2 4 1 14 15 0 124
2 4 1 14 4 11 172
2 4 1 13 10 6 179
2 4 1 12 16 1 55
2 4 1 12 5 12 157
2 4 1 11 11 7 36
2 4 1 11 0 18 132
2 4 1 10 17 2 162
2 4 1 10 6 13 187
2 4 1 9 12 8 105
2 4 1 9 1 19 193
2 4 1 8 18 3 33
2 4 1 8 7 14 15
2 4 1 7 13 9 86
2 4 1 7 2 20 92
2 4 1 6 19 4 76
2 4 1 6 8 15 120
2 4 1 5 14 10 12
2 4 1 5 3 21 70
2 4 1 4 20 5 59
2 4 1 4 9 16 132
2 4 1 3 26 0 177
2 4 1 3 15 11 162
2 4 1 3 4 22 139
2 4 1 2 21 6 1
2 4 1 2 10 17 30
2 4 1 1 27 1 130
2 4 1 1 16 12 98
2 4 1 1 5 23 147
2 4 1 0 22 7 43
2 4 1 0 11 18 46
2 4 1 0 0 29 33
2 4 0 29 0 1 128
2 4 0 27 1 2 176
2 4 0 25 2 3 86
2 4 0 23 3 4 47
2 4 0 21 4 5 107
2 4 0 20 10 0 4
2 4 0 19 5 6 101
2 4 0 18 11 1 140
2 4 0 18 0 12 110
2 4 0 17 6 7 175
2 4 0 16 12 2 156
2 4 0 16 1 13 122
2 4 0 15 7 8 92
2 4 0 14 13 3 57
2 4 0 14 2 14 178
2 4 0 13 8 9 141
2 4 0 12 14 4 125
2 4 0 12 3 15 170
2 4 0 11 9 10 165
2 4 0 10 15 5 145
2 4 0 10 4 16 134
2 4 0 9 21 0 63
2 4 0 9 10 11 81
2 4 0 8 16 6 147
2 4 0 8 5 17 193
2 4 0 7 22 1 4
2 4 0 7 11 12 170
2 4 0 7 0 23 126
2 4 0 6 17 7 103
2 4 0 6 6 18 72
2 4 0 5 23 2 52
2 4 0 5 12 13 172
2 4 0 5 1 24 6
2 4 0 4 18 8 154
2 4 0 4 7 19 130
2 4 0 3 24 3 15
2 4 0 3 13 14 189
2 4 0 2 19 9 166
2 4 0 2 8 20 118
2 4 0 1 25 4 82
2 4 0 1 14 15 157
2 4 0 1 3 26 113
2 4 0 0 20 10 72
2 4 0 0 9 21 9
2 3 28 2 0 1 188
2 3 28 0 1 2 160
2 3 26 5 0 0 198
2 3 26 3 1 1 12
2 3 26 1 2 2 38
2 3 25 1 0 5 63
2 3 25 0 6 0 92
2 3 24 6 1 0 34
2 3 24 4 2 1 18
2 3 24 2 3 2 154
2 3 24 0 4 3 140
2 3 23 4 0 4 58
2 3 23 2 1 5 160
2 3 23 1 7 0 198
2 3 23 0 2 6 59
2 3 22 7 2 0 165
2 3 22 5 3 1 95
2 3 22 3 4 2 2
2 3 22 1 5 3 6
2 3 22 0 0 9 145
2 3 21 7 0 3 119
2 3 21 5 1 4 32
2 3 21 3 2 5 68
2 3 21 2 8 0 34
2 3 21 1 3 6 40
2 3 21 0 9 1 43
2 3 20 8 3 0 55
2 3 20 6 4 1 17
2 3 20 4 5 2 34
2 3 20 3 0 8 125
2 3 20 2 6 3 53
2 3 20 1 1 9 62
2 3 20 0 7 4 189
2 3 19 10 0 2 72
2 3 19 8 1 3 174
2 3 19 6 2 4 37
2 3 19 4 3 5 46
2 3 19 3 9 0 120
2 3 19 2 4 6 9
2 3 19 1 10 1 54
2 3 19 0 5 7 180
2 3 18 9 4 0 171
2 3 18 7 5 1 60
2 3 18 6 0 7 54
2 3 18 5 6 2 38
2 3 18 4 1 8 169
2 3 18 3 7 3 64
2 3 18 2 2 9 148
2 3 18 1 8 4 77
2 3 18 0 3 10 2
2 3 17 13 0 1 120
2 3 17 11 1 2 76
2 3 17 9 2 3 109
2 3 17 7 3 4 106
2 3 17 5 4 5 61
2 3 17 4 10 0 12
2 3 17 3 5 6 149
2 3 17 2 11 1 6
2 3 17 2 0 12 119
2 3 17 1 6 7 106
2 3 17 0 12 2 113
2 3 17 0 1 13 106
2 3 16 10 5 0 180
2 3 16 9 0 6 160
2 3 16 8 6 1 194
2 3 16 7 1 7 167
2 3 16 6 7 2 60
2 3 16 5 2 8 132
2 3 16 4 8 3 117
2 3 16 3 3 9 86
2 3 16 2 9 4 45
2 3 16 1 4 10 131
2 3 16 0 10 5 145
2 3 15 16 0 0 192
2 3 15 14 1 1 115
2 3 15 12 2 2 21
2 3 15 10 3 3 137
2 3 15 8 4 4 60
2 3 15 6 5 5 140
2 3 15 5 11 0 148
2 3 15 5 0 11 114
2 3 15 4 6 6 72
2 3 15 3 12 1 77
2 3 15 3 1 12 170
2 3 15 2 7 7 91
2 3 15 1 13 2 7
2 3 15 1 2 13 138
2 3 15 0 8 8 16
2 3 14 12 0 5 50
2 3 14 11 6 0 183
2 3 14 10 1 6 82
2 3 14 9 7 1 198
2 3 14 8 2 7 27
2 3 14 7 8 2 135
2 3 14 6 3 8 194
2 3 14 5 9 3 147
2 3 14 4 4 9 92
2 3 14 3 10 4 179
2 3 14 2 5 10 121
2 3 14 1 11 5 136
2 3 14 1 0 16 128
2 3 14 0 17 0 64
2 3 14 0 6 11 117
2 3 13 17 1 0 13
2 3 13 15 2 1 12
2 3 13 13 3 2 32
2 3 13 11 4 3 65
2 3 13 9 5 4 176
2 3 13 8 0 10 17
2 3 13 7 6 5 92
2 3 13 6 12 0 143
2 3 13 6 1 11 93
2 3 13 5 7 6 122
2 3 13 4 13 1 35
2 3 13 4 2 12 198
2 3 13 3 8 7 146
2 3 13 2 14 2 100
2 3 13 2 3 13 139
2 3 13 1 9 8 47
2 3 13 0 15 3 110
2 3 13 0 4 14 98
2 3 12 15 0 4 70
2 3 12 13 1 5 41
2 3 12 12 7 0 63
2 3 12 11 2 6 86
2 3 12 10 8 1 89
2 3 12 9 3 7 133
2 3 12 8 9 2 156
2 3 12 7 4 8 96
2 3 12 6 10 3 68
2 3 12 5 5 9 134
2 3 12 4 11 4 179
2 3 12 4 0 15 186
2 3 12 3 6 10 74
2 3 12 2 12 5 194
2 3 12 2 1 16 10
2 3 12 1 18 0 175
2 3 12 1 7 11 173
2 3 12 0 13 6 196
2 3 12 0 2 17 1
2 3 11 18 2 0 144
2 3 11 16 3 1 170
2 3 11 14 4 2 147
2 3 11 12 5 3 68
2 3 11 11 0 9 164
2 3 11 10 6 4 15
2 3 11 9 1 10 189
2 3 11 8 7 5 139
2 3 11 7 13 0 191
2 3 11 7 2 11 58
2 3 11 6 8 6 28
2 3 11 5 14 1 198
2 3 11 5 3 12 44
2 3 11 4 9 7 118
2 3 11 3 15 2 165
2 3 11 3 4 13 73
2 3 11 2 10 8 15
2 3 11 1 16 3 72
2 3 11 0 11 9 29
2 3 11 0 0 20 54
2 3 10 18 0 3 128
2 3 10 16 1 4 169
2 3 10 14 2 5 31
2 3 10 13 8 0 89
2 3 10 12 3 6 67
2 3 10 11 9 1 149
2 3 10 10 4 7 190
2 3 10 9 10 2 141
2 3 10 8 5 8 128
2 3 10 7 11 3 185
2 3 10 7 0 14 133
2 3 10 6 6 9 167
2 3 10 5 12 4 194
2 3 10 5 1 15 107
2 3 10 4 7 10 116
2 3 10 3 13 5 67
2 3 10 3 2 16 50
2 3 10 2 19 0 166
2 3 10 2 8 11 190
2 3 10 1 14 6 124
2 3 10 1 3 17 130
2 3 10 0 20 1 186
2 3 10 0 9 12 89
2 3 9 19 3 0 152
2 3 9 17 4 1 40
2 3 9 15 5 2 34
2 3 9 14 0 8 107
2 3 9 13 6 3 79
2 3 9 12 1 9 28
2 3 9 11 7 4 154
2 3 9 10 2 10 183
2 3 9 9 8 5 179
2 3 9 8 14 0 193
2 3 9 8 3 11 178
2 3 9 7 9 6 57
2 3 9 6 15 1 195
2 3 9 6 4 12 75
2 3 9 5 10 7 156
2 3 9 4 16 2 158
2 3 9 4 5 13 22
2 3 9 3 11 8 123
2 3 9 3 0 19 79
2 3 9 2 17 3 120
2 3 9 2 6 14 186
2 3 9 1 12 9 39
2 3 9 1 1 20 40
2 3 9 0 18 4 80
2 3 9 0 7 15 71
2 3 8 21 0 2 138
2 3 8 19 1 3 79
2 3 8 17 2 4 36
2 3 8 15 3 5 139
2 3 8 14 9 0 117
2 3 8 13 4 6 83
2 3 8 12 10 1 89
2 3 8 11 5 7 54
2 3 8 10 11 2 120
2 3 8 10 0 13 185
2 3 8 9 6 8 58
2 3 8 8 12 3 13
2 3 8 8 1 14 178
2 3 8 7 7 9 71
2 3 8 6 13 4 148
2 3 8 6 2 15 119
2 3 8 5 8 10 138
2 3 8 4 14 5 136
2 3 8 4 3 16 4
2 3 8 3 20 0 107
2 3 8 3 9 11 118
2 3 8 2 15 6 103
2 3 8 2 4 17 113
2 3 8 1 21 1 86
2 3 8 1 10 12 121
2 3 8 0 16 7 11
2 3 8 0 5 18 6
2 3 7 20 4 0 53
2 3 7 18 5 1 83
2 3 7 17 0 7 181
2 3 7 16 6 2 13
2 3 7 15 1 8 122
2 3 7 14 7 3 59
2 3 7 13 2 9 154
2 3 7 12 8 4 157
2 3 7 11 3 10 185
2 3 7 10 9 5 190
2 3 7 9 15 0 43
2 3 7 9 4 11 121
2 3 7 8 10 6 84
2 3 7 7 16 1 137
2 3 7 7 5 12 172
2 3 7 6 11 7 47
2 3 7 6 0 18 149
2 3 7 5 17 2 33
2 3 7 5 6 13 147
2 3 7 4 12 8 146
2 3 7 4 1 19 62
2 3 7 3 18 3 181
2 3 7 3 7 14 137
2 3 7 2 13 9 60
2 3 7 2 2 20 110
2 3 7 1 19 4 196
2 3 7 1 8 15 190
2 3 7 0 14 10 134
2 3 7 0 3 21 33
2 3 6 22 1 2 5
2 3 6 20 2 3 54
2 3 6 18 3 4 3
2 3 6 16 4 5 197
2 3 6 15 10 0 4
2 3 6 14 5 6 20
2 3 6 13 11 1 31
2 3 6 13 0 12 153
2 3 6 12 6 7 10
2 3 6 11 12 2 11
2 3 6 11 1 13 152
2 3 6 10 7 8 138
2 3 6 9 13 3 4
2 3 6 9 2 14 105
2 3 6 8 8 9 148
2 3 6 7 14 4 148
2 3 6 7 3 15 109
2 3 6 6 9 10 31
2 3 6 5 15 5 182
2 3 6 5 4 16 131
2 3 6 4 21 0 103
2 3 6 4 10 11 28
2 3 6 3 16 6 99
2 3 6 3 5 17 113
2 3 6 2 22 1 171
2 3 6 2 11 12 8
2 3 6 2 0 23 112
2 3 6 1 17 7 99
2 3 6 1 6 18 94
2 3 6 0 23 2 53
2 3 6 0 12 13 94
2 3 6 0 1 24 192
2 3 5 21 5 0 176
2 3 5 20 0 6 148
2 3 5 19 6 1 31
2 3 5 18 1 7 163
2 3 5 17 7 2 7
2 3 5 16 2 8 12
2 3 5 15 8 3 62
2 3 5 14 3 9 88
2 3 5 13 9 4 185
2 3 5 12 4 10 85
2 3 5 11 10 5 76
2 3 5 10 16 0 142
2 3 5 10 5 11 80
2 3 5 9 11 6 95
2 3 5 9 0 17 73
2 3 5 8 17 1 105
2 3 5 8 6 12 92
2 3 5 7 12 7 74
2 3 5 7 1 18 160
2 3 5 6 18 2 49
2 3 5 6 7 13 98
2 3 5 5 13 8 117
2 3 5 5 2 19 195
2 3 5 4 19 3 35
2 3 5 4 8 14 2
2 3 5 3 14 9 190
2 3 5 3 3 20 26
2 3 5 2 20 4 14
2 3 5 2 9 15 155
2 3 5 1 15 10 136
2 3 5 1 4 21 186
2 3 5 0 21 5 75
2 3 5 0 10 16 92
2 3 4 27 0 0 65
2 3 4 25 1 1 46
2 3 4 23 2 2 194
2 3 4 21 3 3 80
2 3 4 19 4 4 29
2 3 4 17 5 5 84
2 3 4 16 11 0 133
2 3 4 16 0 11 169
2 3 4 15 6 6 148
2 3 4 14 12 1 129
2 3 4 14 1 12 113
2 3 4 13 7 7 163
2 3 4 12 13 2 68
2 3 4 12 2 13 155
2 3 4 11 8 8 55
2 3 4 10 14 3 82
2 3 4 10 3 14 62
2 3 4 9 9 9 138
2 3 4 8 4 15 39
2 3 4 7 10 10 6
2 3 4 6 16 5 144
2 3 4 6 5 16 31
2 3 4 5 22 0 111
2 3 4 5 11 11 160
2 3 4 5 0 22 134
2 3 4 4 17 6 154
2 3 4 4 6 17 183
2 3 4 3 23 1 8
2 3 4 3 12 12 18
2 3 4 3 1 23 159
2 3 4 2 18 7 61
2 3 4 2 7 18 24
2 3 4 1 24 2 67
2 3 4 1 13 13 17
2 3 4 1 2 24 73
2 3 4 0 19 8 145
2 3 4 0 8 19 93
2 3 3 23 0 5 64
2 3 3 22 6 0 138
2 3 3 21 1 6 197
2 3 3 20 7 1 198
2 3 3 19 2 7 154
2 3 3 18 8 2 170
2 3 3 17 3 8 116
2 3 3 16 9 3 7
2 3 3 15 4 9 8
2 3 3 14 10 4 93
2 3 3 13 5 10 160
2 3 3 12 11 5 113
2 3 3 12 0 16 64
2 3 3 11 17 0 49
2 3 3 11 6 11 91
2 3 3 10 12 6 153
2 3 3 10 1 17 29
2 3 3 9 18 1 188
2 3 3 9 7 12 35
2 3 3 8 13 7 195
2 3 3 8 2 18 153
2 3 3 7 19 2 106
2 3 3 7 8 13 137
2 3 3 6 14 8 95
2 3 3 6 3 19 44
2 3 3 5 20 3 170
2 3 3 5 9 14 158
2 3 3 4 15 9 29
2 3 3 4 4 20 148
2 3 3 3 21 4 144
2 3 3 3 10 15 68
2 3 3 2 16 10 35
2 3 3 2 5 21 2
2 3 3 1 22 5 34
2 3 3 1 11 16 23
2 3 3 1 0 27 134
2 3 3 0 28 0 23
2 3 3 0 17 11 104
2 3 3 0 6 22 86
2 3 2 28 1 0 47
2 3 2 26 2 1 20
2 3 2 24 3 2 128
2 3 2 22 4 3 129
2 3 2 20 5 4 125
2 3 2 19 0 10 182
2 3 2 18 6 5 192
2 3 2 17 12 0 3
2 3 2 17 1 11 9
2 3 2 16 7 6 99
2 3 2 15 13 1 137
2 3 2 15 2 12 179
2 3 2 14 8 7 110
2 3 2 13 14 2 69
2 3 2 13 3 13 90
2 3 2 12 9 8 187
2 3 2 11 15 3 167
2 3 2 11 4 14 147
2 3 2 10 10 9 5
2 3 2 9 16 4 187
2 3 2 9 5 15 187
2 3 2 8 11 10 141
2 3 2 8 0 21 130
2 3 2 7 17 5 169
2 3 2 7 6 16 176
2 3 2 6 23 0 67
2 3 2 6 12 11 34
2 3 2 6 1 22 3
2 3 2 5 18 6 129
2 3 2 5 7 17 13
2 3 2 4 24 1 118
2 3 2 4 13 12 114
2 3 2 4 2 23 102
2 3 2 3 19 7 69
2 3 2 3 8 18 185
2 3 2 2 25 2 20
2 3 2 2 14 13 120
2 3 2 2 3 24 106
2 3 2 1 20 8 160
2 3 2 1 9 19 5
2 3 2 0 26 3 34
2 3 2 0 15 14 146
2 3 2 0 4 25 189
2 3 1 26 0 4 127
2 3 1 24 1 5 82
2 3 1 23 7 0 30
2 3 1 22 2 6 45
2 3 1 21 8 1 128
2 3 1 20 3 7 125
2 3 1 19 9 2 68
2 3 1 18 4 8 182
2 3 1 17 10 3 116
2 3 1 16 5 9 114
2 3 1 15 11 4 86
2 3 1 15 0 15 7
2 3 1 14 6 10 198
2 3 1 13 12 5 55
2 3 1 13 1 16 182
2 3 1 12 18 0 160
2 3 1 12 7 11 110
2 3 1 11 13 6 30
2 3 1 11 2 17 33
2 3 1 10 19 1 109
2 3 1 10 8 12 195
2 3 1 9 14 7 74
2 3 1 9 3 18 135
2 3 1 8 20 2 185
2 3 1 8 9 13 92
2 3 1 7 15 8 10
2 3 1 7 4 19 126
2 3 1 6 21 3 9
2 3 1 6 10 14 32
2 3 1 5 16 9 89
2 3 1 5 5 20 139
2 3 1 4 22 4 4
2 3 1 4 11 15 94
2 3 1 4 0 26 197
2 3 1 3 17 10 51
2 3 1 3 6 21 181
2 3 1 2 23 5 6
2 3 1 2 12 16 116
2 3 1 2 1 27 109
2 3 1 1 29 0 175
2 3 1 1 18 11 72
2 3 1 1 7 22 131
2 3 1 0 24 6 42
2 3 1 0 13 17 168
2 3 1 0 2 28 124
2 3 0 29 2 0 25
2 3 0 27 3 1 22
2 3 0 25 4 2 63
2 3 0 23 5 3 68
2 3 0 22 0 9 104
2 3 0 21 6 4 95
2 3 0 20 1 10 69
2 3 0 19 7 5 76
2 3 0 18 13 0 169
2 3 0 18 2 11 34
2 3 0 17 8 6 2
2 3 0 16 14 1 69
2 3 0 16 3 12 12
2 3 0 15 9 7 173
2 3 0 14 15 2 156
2 3 0 14 4 13 101
2 3 0 13 10 8 188
2 3 0 12 16 3 165
2 3 0 12 5 14 115
2 3 0 11 11 9 132
2 3 0 11 0 20 60
2 3 0 10 17 4 131
2 3 0 10 6 15 83
2 3 0 9 12 10 36
2 3 0 9 1 21 35
2 3 0 8 18 5 84
2 3 0 8 7 16 111
2 3 0 7 24 0 100
2 3 0 7 13 11 125
2 3 0 6 19 6 73
2 3 0 6 8 17 15
2 3 0 5 25 1 135
2 3 0 5 14 12 99
2 3 0 5 3 23 153
2 3 0 4 20 7 135
2 3 0 4 9 18 23
2 3 0 3 26 2 22
2 3 0 3 15 13 50
2 3 0 3 4 24 16
2 3 0 2 21 8 130
2 3 0 2 10 19 138
2 3 0 1 27 3 91
2 3 0 1 16 14 76
2 3 0 1 5 25 46
2 3 0 0 22 9 77
2 3 0 0 11 20 53
2 2 30 1 1 0 169
2 2 28 2 2 0 18
2 2 28 0 3 1 144
2 2 27 2 0 3 43
2 2 27 0 1 4 198
2 2 26 3 3 0 38
2 2 26 1 4 1 13
2 2 25 5 0 2 54
2 2 25 3 1 3 61
2 2 25 1 2 4 47
2 2 24 4 4 0 6
2 2 24 2 5 1 191
2 2 24 1 0 7 114
2 2 24 0 6 2 118
2 2 23 8 0 1 180
2 2 23 6 1 2 86
2 2 23 4 2 3 115
2 2 23 2 3 4 52
2 2 23 0 4 5 111
2 2 22 5 5 0 44
2 2 22 4 0 6 175
2 2 22 3 6 1 69
2 2 22 2 1 7 84
2 2 22 1 7 2 79
2 2 22 0 2 8 35
2 2 21 11 0 0 179
2 2 21 9 1 1 16
2 2 21 7 2 2 80
2 2 21 5 3 3 90
2 2 21 3 4 4 133
2 2 21 1 5 5 90
2 2 21 0 11 0 171
2 2 21 0 0 11 153
2 2 20 7 0 5 115
2 2 20 6 6 0 37
2 2 20 5 1 6 182
2 2 20 4 7 1 15
2 2 20 3 2 7 57
2 2 20 2 8 2 103
2 2 20 1 3 8 116
2 2 20 0 9 3 165
2 2 19 12 1 0 99
2 2 19 10 2 1 54
2 2 19 8 3 2 150
2 2 19 6 4 3 99
2 2 19 4 5 4 63
2 2 19 3 0 10 129
2 2 19 2 6 5 111
2 2 19 1 12 0 141
2 2 19 1 1 11 40
2 2 19 0 7 6 35
2 2 18 10 0 4 78
2 2 18 8 1 5 143
2 2 18 7 7 0 60
2 2 18 6 2 6 178
2 2 18 5 8 1 74
2 2 18 4 3 7 130
2 2 18 3 9 2 14
2 2 18 2 4 8 137
2 2 18 1 10 3 111
2 2 18 0 5 9 27
2 2 17 13 2 0 63
2 2 17 11 3 1 2
2 2 17 9 4 2 128
2 2 17 7 5 3 174
2 2 17 6 0 9 191
2 2 17 5 6 4 81
2 2 17 4 1 10 184
2 2 17 3 7 5 76
2 2 17 2 13 0 149
2 2 17 2 2 11 26
2 2 17 1 8 6 1
2 2 17 0 14 1 134
2 2 17 0 3 12 53
2 2 16 13 0 3 36
2 2 16 11 1 4 67
2 2 16 9 2 5 160
2 2 16 8 8 0 137
2 2 16 7 3 6 36
2 2 16 6 9 1 148
2 2 16 5 4 7 21
2 2 16 4 10 2 168
2 2 16 3 5 8 85
2 2 16 2 11 3 69
2 2 16 2 0 14 103
2 2 16 1 6 9 38
2 2 16 0 12 4 106
2 2 16 0 1 15 171
2 2 15 14 3 0 124
2 2 15 12 4 1 125
2 2 15 10 5 2 68
2 2 15 9 0 8 142
2 2 15 8 6 3 152
2 2 15 7 1 9 104
2 2 15 5 2 10 191
2 2 15 4 8 5 29
2 2 15 3 14 0 11
2 2 15 3 3 11 12
2 2 15 2 9 6 110
2 2 15 1 15 1 180
2 2 15 1 4 12 138
2 2 15 0 10 7 101
2 2 14 16 0 2 25
2 2 14 14 1 3 122
2 2 14 12 2 4 39
2 2 14 10 3 5 194
2 2 14 9 9 0 100
2 2 14 8 4 6 162
2 2 14 7 10 1 84
2 2 14 6 5 7 192
2 2 14 5 11 2 23
2 2 14 5 0 13 9
2 2 14 4 6 8 96
2 2 14 3 12 3 116
2 2 14 3 1 14 88
2 2 14 2 7 9 67
2 2 14 1 13 4 128
2 2 14 1 2 15 148
2 2 14 0 8 10 188
2 2 13 15 4 0 85
2 2 13 13 5 1 97
2 2 13 12 0 7 74
2 2 13 11 6 2 56
2 2 13 10 1 8 8
2 2 13 9 7 3 179
2 2 13 7 8 4 128
2 2 13 6 3 10 88
2 2 13 5 9 5 3
2 2 13 4 15 0 131
2 2 13 4 4 11 34
2 2 13 3 10 6 41
2 2 13 2 16 1 151
2 2 13 2 5 12 20
2 2 13 1 11 7 185
2 2 13 1 0 18 171
2 2 13 0 17 2 97
2 2 13 0 6 13 160
2 2 12 19 0 1 64
2 2 12 17 1 2 118
2 2 12 15 2 3 38
2 2 12 13 3 4 178
2 2 12 11 4 5 181
2 2 12 10 10 0 167
2 2 12 9 5 6 145
2 2 12 8 11 1 68
2 2 12 8 0 12 180
2 2 12 7 6 7 29
2 2 12 6 12 2 129
2 2 12 6 1 13 100
2 2 12 5 7 8 35
2 2 12 4 13 3 144
2 2 12 4 2 14 139
2 2 12 3 8 9 64
2 2 12 2 14 4 198
2 2 12 2 3 15 114
2 2 12 1 9 10 14
2 2 12 0 15 5 60
2 2 12 0 4 16 76
2 2 11 16 5 0 167
2 2 11 15 0 6 74
2 2 11 14 6 1 74
2 2 11 13 1 7 108
2 2 11 12 7 2 37
2 2 11 11 2 8 167
2 2 11 10 8 3 25
2 2 11 9 3 9 194
2 2 11 8 9 4 17
2 2 11 7 4 10 150
2 2 11 6 10 5 122
2 2 11 5 16 0 156
2 2 11 5 5 11 182
2 2 11 4 11 6 63
2 2 11 4 0 17 179
2 2 11 3 17 1 89
2 2 11 3 6 12 146
2 2 11 2 12 7 1
2 2 11 2 1 18 103
2 2 11 1 18 2 94
2 2 11 1 7 13 99
2 2 11 0 13 8 65
2 2 11 0 2 19 57
2 2 10 22 0 0 195
2 2 10 20 1 1 71
2 2 10 18 2 2 119
2 2 10 16 3 3 68
2 2 10 14 4 4 52
2 2 10 12 5 5 48
2 2 10 11 11 0 138
2 2 10 11 0 11 85
2 2 10 10 6 6 196
2 2 10 9 12 1 26
2 2 10 9 1 12 67
2 2 10 8 7 7 54
2 2 10 7 13 2 31
2 2 10 7 2 13 44
2 2 10 6 8 8 159
2 2 10 5 14 3 65
2 2 10 5 3 14 122
2 2 10 4 9 9 87
2 2 10 3 15 4 26
2 2 10 3 4 15 184
2 2 10 2 10 10 163
2 2 10 1 16 5 36
2 2 10 1 5 16 62
2 2 10 0 22 0 18
2 2 10 0 11 11 15
2 2 10 0 0 22 167
2 2 9 18 0 5 15
2 2 9 17 6 0 51
2 2 9 16 1 6 187
2 2 9 15 7 1 78
2 2 9 14 2 7 10
2 2 9 13 8 2 136
2 2 9 12 3 8 18
2 2 9 11 9 3 89
2 2 9 10 4 9 67
2 2 9 9 10 4 181
2 2 9 8 5 10 123
2 2 9 7 11 5 196
2 2 9 7 0 16 139
2 2 9 6 17 0 26
2 2 9 6 6 11 116
2 2 9 5 12 6 71
2 2 9 5 1 17 36
2 2 9 4 18 1 156
2 2 9 4 7 12 88
2 2 9 3 13 7 4
2 2 9 3 2 18 180
2 2 9 2 19 2 30
2 2 9 2 8 13 179
2 2 9 1 14 8 140
2 2 9 1 3 19 16
2 2 9 0 20 3 5
2 2 9 0 9 14 177
2 2 8 23 1 0 94
2 2 8 21 2 1 121
2 2 8 19 3 2 44
2 2 8 17 4 3 195
2 2 8 15 5 4 55
2 2 8 14 0 10 5
2 2 8 13 6 5 165
2 2 8 12 12 0 83
2 2 8 12 1 11 16
2 2 8 11 7 6 131
2 2 8 10 13 1 95
2 2 8 10 2 12 142
2 2 8 9 8 7 195
2 2 8 8 14 2 153
2 2 8 8 3 13 90
2 2 8 7 9 8 58
2 2 8 6 15 3 186
2 2 8 5 10 9 110
2 2 8 4 16 4 88
2 2 8 4 5 15 84
2 2 8 3 11 10 79
2 2 8 3 0 21 145
2 2 8 2 17 5 192
2 2 8 2 6 16 19
2 2 8 1 23 0 125
2 2 8 1 12 11 38
2 2 8 1 1 22 195
2 2 8 0 18 6 114
2 2 8 0 7 17 111
2 2 7 21 0 4 129
2 2 7 19 1 5 149
2 2 7 18 7 0 166
2 2 7 17 2 6 41
2 2 7 16 8 1 15
2 2 7 15 3 7 24
2 2 7 14 9 2 52
2 2 7 13 4 8 122
2 2 7 12 10 3 150
2 2 7 11 5 9 58
2 2 7 10 11 4 117
2 2 7 10 0 15 75
2 2 7 9 6 10 102
2 2 7 8 12 5 35
2 2 7 8 1 16 180
2 2 7 7 18 0 17
2 2 7 7 7 11 105
2 2 7 6 13 6 19
2 2 7 6 2 17 36
2 2 7 5 19 1 107
2 2 7 5 8 12 110
2 2 7 4 14 7 96
2 2 7 4 3 18 45
2 2 7 3 20 2 58
2 2 7 3 9 13 36
2 2 7 2 15 8 61
2 2 7 2 4 19 72
2 2 7 1 21 3 58
2 2 7 1 10 14 156
2 2 7 0 16 9 133
2 2 7 0 5 20 160
2 2 6 24 2 0 10
2 2 6 22 3 1 66
2 2 6 20 4 2 32
2 2 6 18 5 3 46
2 2 6 17 0 9 89
2 2 6 16 6 4 36
2 2 6 15 1 10 86
2 2 6 14 7 5 23
2 2 6 13 13 0 158
2 2 6 13 2 11 41
2 2 6 12 8 6 111
2 2 6 11 14 1 14
2 2 6 11 3 12 95
2 2 6 10 9 7 87
2 2 6 9 15 2 74
2 2 6 9 4 13 18
2 2 6 8 10 8 78
2 2 6 7 16 3 119
2 2 6 7 5 14 101
2 2 6 6 11 9 161
2 2 6 6 0 20 80
2 2 6 5 17 4 168
2 2 6 5 6 15 193
2 2 6 4 12 10 107
2 2 6 4 1 21 32
2 2 6 3 18 5 164
2 2 6 3 7 16 71
2 2 6 2 24 0 183
2 2 6 2 13 11 113
2 2 6 2 2 22 165
2 2 6 1 19 6 24
2 2 6 1 8 17 17
2 2 6 0 25 1 124
2 2 6 0 14 12 131
2 2 6 0 3 23 114
2 2 5 24 0 3 107
2 2 5 22 1 4 123
2 2 5 20 2 5 9
2 2 5 19 8 0 60
2 2 5 18 3 6 164
2 2 5 17 9 1 181
2 2 5 16 4 7 189
2 2 5 15 10 2 82
2 2 5 14 5 8 193
2 2 5 13 11 3 75
2 2 5 13 0 14 165
2 2 5 12 6 9 73
2 2 5 11 12 4 77
2 2 5 11 1 15 91
2 2 5 10 7 10 53
2 2 5 9 13 5 58
2 2 5 9 2 16 46
2 2 5 8 19 0 143
2 2 5 8 8 11 66
2 2 5 7 14 6 13
2 2 5 7 3 17 97
2 2 5 6 20 1 132
2 2 5 6 9 12 179
2 2 5 5 15 7 100
2 2 5 5 4 18 82
2 2 5 4 21 2 159
2 2 5 4 10 13 168
2 2 5 3 16 8 69
2 2 5 3 5 19 13
2 2 5 2 22 3 104
2 2 5 2 11 14 81
2 2 5 2 0 25 110
2 2 5 1 17 9 80
2 2 5 1 6 20 44
2 2 5 0 23 4 165
2 2 5 0 12 15 6
2 2 5 0 1 26 192
2 2 4 25 3 0 188
2 2 4 23 4 1 79
2 2 4 21 5 2 79
2 2 4 20 0 8 69
2 2 4 19 6 3 154
2 2 4 18 1 9 150
2 2 4 17 7 4 171
2 2 4 16 2 10 28
2 2 4 15 8 5 133
2 2 4 14 14 0 61
2 2 4 14 3 11 177
2 2 4 13 9 6 54
2 2 4 12 15 1 169
2 2 4 12 4 12 43
2 2 4 11 10 7 179
2 2 4 10 16 2 6
2 2 4 10 5 13 40
2 2 4 9 11 8 93
2 2 4 9 0 19 129
2 2 4 8 17 3 140
2 2 4 8 6 14 173
2 2 4 7 12 9 25
2 2 4 7 1 20 170
2 2 4 6 18 4 174
2 2 4 6 7 15 19
2 2 4 5 13 10 70
2 2 4 5 2 21 172
2 2 4 4 19 5 168
2 2 4 4 8 16 181
2 2 4 3 25 0 97
2 2 4 3 14 11 72
2 2 4 3 3 22 37
2 2 4 2 20 6 196
2 2 4 2 9 17 192
2 2 4 1 26 1 135
2 2 4 1 15 12 28
2 2 4 1 4 23 147
2 2 4 0 21 7 144
2 2 4 0 10 18 52
2 2 3 27 0 2 176
2 2 3 25 1 3 183
2 2 3 23 2 4 92
2 2 3 21 3 5 110
2 2 3 20 9 0 182
2 2 3 19 4 6 20
2 2 3 18 10 1 166
2 2 3 17 5 7 17
2 2 3 16 11 2 61
2 2 3 16 0 13 78
2 2 3 15 6 8 25
2 2 3 14 12 3 63
2 2 3 14 1 14 169
2 2 3 13 7 9 114
2 2 3 12 13 4 121
2 2 3 12 2 15 136
2 2 3 11 8 10 151
2 2 3 10 14 5 128
2 2 3 10 3 16 140
2 2 3 9 20 0 145
2 2 3 9 9 11 147
2 2 3 8 15 6 104
2 2 3 8 4 17 33
2 2 3 7 21 1 166
2 2 3 7 10 12 146
2 2 3 6 16 7 174
2 2 3 6 5 18 17
2 2 3 5 22 2 25
2 2 3 5 11 13 100
2 2 3 5 0 24 193
2 2 3 4 17 8 134
2 2 3 4 6 19 162
2 2 3 3 23 3 40
2 2 3 3 12 14 171
2 2 3 3 1 25 67
2 2 3 2 18 9 194
2 2 3 2 7 20 143
2 2 3 1 24 4 114
2 2 3 1 13 15 45
2 2 3 1 2 26 91
2 2 3 0 19 10 193
2 2 3 0 8 21 90
2 2 2 26 4 0 12
2 2 2 24 5 1 170
2 2 2 23 0 7 25
2 2 2 22 6 2 172
2 2 2 21 1 8 50
2 2 2 20 7 3 67
2 2 2 19 2 9 123
2 2 2 18 8 4 48
2 2 2 17 3 10 42
2 2 2 16 9 5 93
2 2 2 15 15 0 165
2 2 2 15 4 11 25
2 2 2 14 10 6 54
2 2 2 13 16 1 59
2 2 2 13 5 12 164
2 2 2 12 11 7 105
2 2 2 11 17 2 162
2 2 2 11 6 13 164
2 2 2 10 12 8 97
2 2 2 10 1 19 84
2 2 2 9 18 3 182
2 2 2 9 7 14 127
2 2 2 8 13 9 142
2 2 2 8 2 20 102
2 2 2 7 19 4 192
2 2 2 7 8 15 175
2 2 2 6 14 10 192
2 2 2 6 3 21 188
2 2 2 5 20 5 29
2 2 2 5 9 16 100
2 2 2 4 26 0 3
2 2 2 4 15 11 6
2 2 2 4 4 22 58
2 2 2 3 21 6 101
2 2 2 3 10 17 174
2 2 2 2 27 1 164
2 2 2 2 16 12 29
2 2 2 2 5 23 92
2 2 2 1 22 7 193
2 2 2 1 11 18 47
2 2 2 1 0 29 33
2 2 2 0 28 2 104
2 2 2 0 17 13 188
2 2 2 0 6 24 32
2 2 1 30 0 1 79
2 2 1 28 1 2 82
2 2 1 26 2 3 160
2 2 1 24 3 4 153
2 2 1 22 4 5 62
2 2 1 21 10 0 142
2 2 1 20 5 6 72
2 2 1 19 11 1 136
2 2 1 19 0 12 180
2 2 1 18 6 7 112
2 2 1 17 12 2 108
2 2 1 17 1 13 66
2 2 1 16 7 8 123
2 2 1 15 13 3 124
2 2 1 15 2 14 76
2 2 1 14 8 9 56
2 2 1 13 14 4 108
2 2 1 13 3 15 195
2 2 1 12 9 10 101
2 2 1 11 15 5 26
2 2 1 11 4 16 145
2 2 1 10 21 0 147
2 2 1 10 10 11 48
2 2 1 9 16 6 157
2 2 1 9 5 17 73
2 2 1 8 22 1 152
2 2 1 8 11 12 130
2 2 1 8 0 23 3
2 2 1 7 17 7 86
2 2 1 7 6 18 14
2 2 1 6 23 2 37
2 2 1 6 12 13 35
2 2 1 6 1 24 27
2 2 1 5 18 8 161
2 2 1 5 7 19 20
2 2 1 4 13 14 182
2 2 1 4 2 25 181
2 2 1 3 19 9 114
2 2 1 3 8 20 3
2 2 1 2 25 4 181
2 2 1 2 14 15 116
2 2 1 2 3 26 45
2 2 1 1 20 10 66
2 2 1 1 9 21 6
2 2 1 0 26 5 188
2 2 1 0 15 16 102
2 2 1 0 4 27 83
2 2 0 27 5 0 154
2 2 0 26 0 6 68
2 2 0 25 6 1 188
2 2 0 24 1 7 78
2 2 0 23 7 2 163
2 2 0 22 2 8 135
2 2 0 21 8 3 28
2 2 0 20 3 9 133
2 2 0 19 9 4 142
2 2 0 18 4 10 99
2 2 0 17 10 5 148
2 2 0 16 16 0 31
2 2 0 16 5 11 56
2 2 0 15 11 6 154
2 2 0 15 0 17 10
2 2 0 14 17 1 24
2 2 0 14 6 12 36
2 2 0 13 12 7 40
2 2 0 13 1 18 10
2 2 0 12 18 2 153
2 2 0 12 7 13 26
2 2 0 11 13 8 165
2 2 0 11 2 19 46
2 2 0 10 19 3 181
2 2 0 10 8 14 163
2 2 0 9 14 9 95
2 2 0 9 3 20 11
2 2 0 8 20 4 105
2 2 0 8 9 15 165
2 2 0 7 15 10 37
2 2 0 7 4 21 30
2 2 0 6 21 5 150
2 2 0 6 10 16 66
2 2 0 5 27 0 81
2 2 0 5 16 11 77
2 2 0 5 5 22 28
2 2 0 4 22 6 55
2 2 0 4 11 17 16
2 2 0 4 0 28 28
2 2 0 3 28 1 15
2 2 0 3 17 12 41
2 2 0 3 6 23 53
2 2 0 2 23 7 145
2 2 0 2 12 18 157
2 2 0 2 1 29 97
2 2 0 1 29 2 177
2 2 0 1 18 13 73
2 2 0 1 7 24 92
2 2 0 0 24 8 121
2 2 0 0 13 19 184
2 2 0 0 2 30 83
2 1 31 0 0 2 195
2 1 29 3 0 1 85
2 1 29 1 1 2 122
2 1 28 0 5 0 109
2 1 27 6 0 0 39
2 1 27 4 1 1 161
2 1 27 2 2 2 1
2 1 27 0 3 3 66
2 1 26 2 0 5 7
2 1 26 1 6 0 164
2 1 26 0 1 6 194
2 1 25 7 1 0 125
2 1 25 5 2 1 82
2 1 25 3 3 2 177
2 1 25 1 4 3 3
2 1 24 5 0 4 191
2 1 24 3 1 5 74
2 1 24 2 7 0 88
2 1 24 1 2 6 193
2 1 24 0 8 1 135
2 1 23 8 2 0 129
2 1 23 6 3 1 6
2 1 23 4 4 2 64
2 1 23 2 5 3 66
2 1 23 1 0 9 17
2 1 23 0 6 4 193
2 1 22 8 0 3 146
2 1 22 6 1 4 14
2 1 22 4 2 5 87
2 1 22 3 8 0 87
2 1 22 2 3 6 54
2 1 22 1 9 1 40
2 1 22 0 4 7 161
2 1 21 9 3 0 134
2 1 21 7 4 1 47
2 1 21 5 5 2 188
2 1 21 4 0 8 175
2 1 21 3 6 3 115
2 1 21 2 1 9 14
2 1 21 1 7 4 162
2 1 21 0 2 10 176
2 1 20 11 0 2 140
2 1 20 9 1 3 48
2 1 20 7 2 4 68
2 1 20 5 3 5 121
2 1 20 4 9 0 140
2 1 20 3 4 6 20
2 1 20 2 10 1 85
2 1 20 1 5 7 97
2 1 20 0 11 2 97
2 1 20 0 0 13 79
2 1 19 10 4 0 34
2 1 19 8 5 1 174
2 1 19 7 0 7 88
2 1 19 6 6 2 191
2 1 19 5 1 8 66
2 1 19 4 7 3 152
2 1 19 3 2 9 179
2 1 19 2 8 4 56
2 1 19 1 3 10 79
2 1 19 0 9 5 18
2 1 18 14 0 1 140
2 1 18 12 1 2 157
2 1 18 10 2 3 90
2 1 18 8 3 4 150
2 1 18 6 4 5 111
2 1 18 5 10 0 36
2 1 18 4 5 6 22
2 1 18 3 11 1 45
2 1 18 3 0 12 58
2 1 18 2 6 7 128
2 1 18 1 12 2 40
2 1 18 1 1 13 172
2 1 18 0 7 8 142
2 1 17 11 5 0 150
2 1 17 10 0 6 26
2 1 17 9 6 1 31
2 1 17 8 1 7 37
2 1 17 7 7 2 166
2 1 17 6 2 8 48
2 1 17 5 8 3 126
2 1 17 4 3 9 48
2 1 17 3 9 4 145
2 1 17 2 4 10 19
2 1 17 1 10 5 171
2 1 17 0 16 0 82
2 1 17 0 5 11 120
2 1 16 17 0 0 129
2 1 16 15 1 1 47
2 1 16 13 2 2 196
2 1 16 11 3 3 133
2 1 16 9 4 4 180
2 1 16 7 5 5 182
2 1 16 6 11 0 90
2 1 16 6 0 11 9
2 1 16 5 6 6 180
2 1 16 4 12 1 97
2 1 16 4 1 12 72
2 1 16 3 7 7 70
2 1 16 2 13 2 114
2 1 16 2 2 13 120
2 1 16 1 8 8 87
2 1 16 0 14 3 156
2 1 16 0 3 14 6
2 1 15 13 0 5 174
2 1 15 12 6 0 2
2 1 15 11 1 6 158
2 1 15 10 7 1 61
2 1 15 9 2 7 175
2 1 15 8 8 2 18
2 1 15 7 3 8 145
2 1 15 6 9 3 7
2 1 15 5 4 9 108
2 1 15 4 10 4 197
2 1 15 3 5 10 190
2 1 15 2 11 5 128
2 1 15 2 0 16 87
2 1 15 1 17 0 109
2 1 15 1 6 11 24
2 1 15 0 12 6 175
2 1 15 0 1 17 179
2 1 14 18 1 0 25
2 1 14 16 2 1 190
2 1 14 14 3 2 31
2 1 14 12 4 3 69
2 1 14 10 5 4 113
2 1 14 9 0 10 118
2 1 14 8 6 5 40
2 1 14 7 12 0 132
2 1 14 7 1 11 42
2 1 14 6 7 6 25
2 1 14 5 13 1 23
2 1 14 5 2 12 22
2 1 14 4 8 7 186
2 1 14 3 14 2 118
2 1 14 3 3 13 121
2 1 14 2 9 8 163
2 1 14 1 15 3 155
2 1 14 1 4 14 31
2 1 14 0 10 9 39
2 1 13 16 0 4 102
2 1 13 14 1 5 125
2 1 13 13 7 0 6
2 1 13 12 2 6 73
2 1 13 11 8 1 170
2 1 13 10 3 7 117
2 1 13 9 9 2 168
2 1 13 8 4 8 145
2 1 13 7 10 3 158
2 1 13 6 5 9 7
2 1 13 5 11 4 86
2 1 13 5 0 15 130
2 1 13 4 6 10 147
2 1 13 3 12 5 28
2 1 13 3 1 16 180
2 1 13 2 18 0 115
2 1 13 2 7 11 189
2 1 13 1 13 6 143
2 1 13 1 2 17 48
2 1 13 0 19 1 78
2 1 13 0 8 12 183
2 1 12 19 2 0 143
2 1 12 17 3 1 107
2 1 12 15 4 2 110
2 1 12 13 5 3 197
2 1 12 12 0 9 189
2 1 12 11 6 4 53
2 1 12 10 1 10 176
2 1 12 9 7 5 127
2 1 12 8 13 0 154
2 1 12 8 2 11 50
2 1 12 7 8 6 139
2 1 12 6 14 1 44
2 1 12 6 3 12 169
2 1 12 5 9 7 6
2 1 12 4 15 2 129
2 1 12 4 4 13 129
2 1 12 3 10 8 5
2 1 12 2 16 3 181
2 1 12 2 5 14 114
2 1 12 1 11 9 189
2 1 12 1 0 20 32
2 1 12 0 17 4 27
2 1 12 0 6 15 149
2 1 11 19 0 3 6
2 1 11 17 1 4 97
2 1 11 15 2 5 168
2 1 11 14 8 0 58
2 1 11 13 3 6 42
2 1 11 12 9 1 75
2 1 11 11 4 7 13
2 1 11 10 10 2 98
2 1 11 9 5 8 39
2 1 11 8 11 3 125
2 1 11 8 0 14 17
2 1 11 7 6 9 33
2 1 11 6 12 4 144
2 1 11 6 1 15 60
2 1 11 5 7 10 190
2 1 11 4 13 5 99
2 1 11 4 2 16 81
2 1 11 3 19 0 116
2 1 11 3 8 11 83
2 1 11 2 14 6 109
2 1 11 2 3 17 104
2 1 11 1 9 12 69
2 1 11 0 15 7 73
2 1 11 0 4 18 51
2 1 10 20 3 0 178
2 1 10 18 4 1 94
2 1 10 16 5 2 182
2 1 10 15 0 8 19
2 1 10 14 6 3 140
2 1 10 13 1 9 25
2 1 10 12 7 4 93
2 1 10 11 2 10 56
2 1 10 10 8 5 187
2 1 10 9 14 0 83
2 1 10 9 3 11 184
2 1 10 8 9 6 164
2 1 10 7 15 1 63
2 1 10 7 4 12 131
2 1 10 6 10 7 44
2 1 10 5 16 2 135
2 1 10 5 5 13 198
2 1 10 4 11 8 71
2 1 10 4 0 19 56
2 1 10 3 17 3 98
2 1 10 3 6 14 57
2 1 10 2 12 9 86
2 1 10 2 1 20 5
2 1 10 1 18 4 182
2 1 10 1 7 15 24
2 1 10 0 13 10 17
2 1 10 0 2 21 23
2 1 9 22 0 2 132
2 1 9 20 1 3 36
2 1 9 18 2 4 68
2 1 9 16 3 5 164
2 1 9 15 9 0 94
2 1 9 14 4 6 184
2 1 9 13 10 1 144
2 1 9 12 5 7 94
2 1 9 11 11 2 133
2 1 9 11 0 13 77
2 1 9 10 6 8 125
2 1 9 9 12 3 90
2 1 9 8 7 9 88
2 1 9 7 13 4 55
2 1 9 7 2 15 178
2 1 9 6 8 10 165
2 1 9 5 14 5 170
2 1 9 5 3 16 152
2 1 9 4 20 0 169
2 1 9 4 9 11 177
2 1 9 3 15 6 142
2 1 9 3 4 17 7
2 1 9 2 21 1 145
2 1 9 2 10 12 144
2 1 9 1 16 7 190
2 1 9 1 5 18 36
2 1 9 0 11 13 123
2 1 9 0 0 24 85
2 1 8 21 4 0 53
2 1 8 19 5 1 36
2 1 8 18 0 7 38
2 1 8 17 6 2 142
2 1 8 16 1 8 170
2 1 8 15 7 3 61
2 1 8 14 2 9 95
2 1 8 13 8 4 122
2 1 8 12 3 10 13
2 1 8 11 9 5 88
2 1 8 10 15 0 187
2 1 8 10 4 11 182
2 1 8 9 10 6 84
2 1 8 8 16 1 25
2 1 8 8 5 12 42
2 1 8 7 11 7 34
2 1 8 7 0 18 136
2 1 8 6 17 2 131
2 1 8 6 6 13 37
2 1 8 5 12 8 70
2 1 8 5 1 19 50
2 1 8 4 18 3 105
2 1 8 4 7 14 181
2 1 8 3 13 9 185
2 1 8 3 2 20 157
2 1 8 2 19 4 14
2 1 8 1 14 10 38
2 1 8 1 3 21 92
2 1 8 0 20 5 154
2 1 8 0 9 16 12
2 1 7 25 0 1 16
2 1 7 23 1 2 154
2 1 7 21 2 3 24
2 1 7 19 3 4 184
2 1 7 17 4 5 138
2 1 7 16 10 0 39
2 1 7 15 5 6 185
2 1 7 14 11 1 13
2 1 7 14 0 12 171
2 1 7 13 6 7 32
2 1 7 12 12 2 65
2 1 7 12 1 13 39
2 1 7 11 7 8 24
2 1 7 10 13 3 73
2 1 7 10 2 14 172
2 1 7 9 8 9 43
2 1 7 8 14 4 48
2 1 7 8 3 15 166
2 1 7 7 9 10 29
2 1 7 6 15 5 98
2 1 7 6 4 16 173
2 1 7 5 21 0 160
2 1 7 5 10 11 74
2 1 7 4 16 6 181
2 1 7 4 5 17 3
2 1 7 3 22 1 129
2 1 7 3 11 12 14
2 1 7 3 0 23 132
2 1 7 2 17 7 157
2 1 7 2 6 18 104
2 1 7 1 23 2 38
2 1 7 1 12 13 77
2 1 7 1 1 24 162
2 1 7 0 18 8 167
2 1 7 0 7 19 78
2 1 6 22 5 0 29
2 1 6 21 0 6 182
2 1 6 20 6 1 116
2 1 6 19 1 7 85
2 1 6 18 7 2 121
2 1 6 17 2 8 135
2 1 6 16 8 3 173
2 1 6 15 3 9 70
2 1 6 14 9 4 128
2 1 6 13 4 10 131
2 1 6 12 10 5 38
2 1 6 11 16 0 103
2 1 6 11 5 11 135
2 1 6 10 11 6 68
2 1 6 10 0 17 72
2 1 6 9 17 1 195
2 1 6 9 6 12 160
2 1 6 8 12 7 101
2 1 6 8 1 18 20
2 1 6 7 18 2 119
2 1 6 7 7 13 139
2 1 6 6 13 8 194
2 1 6 6 2 19 71
2 1 6 5 19 3 153
2 1 6 5 8 14 72
2 1 6 4 14 9 91
2 1 6 4 3 20 170
2 1 6 3 20 4 162
2 1 6 3 9 15 83
2 1 6 2 15 10 54
2 1 6 2 4 21 138
2 1 6 1 21 5 31
2 1 6 1 10 16 73
2 1 6 0 27 0 4
2 1 6 0 16 11 38
2 1 6 0 5 22 31
2 1 5 28 0 0 63
2 1 5 26 1 1 175
2 1 5 24 2 2 53
2 1 5 22 3 3 115
2 1 5 20 4 4 107
2 1 5 18 5 5 160
2 1 5 17 11 0 36
2 1 5 17 0 11 31
2 1 5 16 6 6 31
2 1 5 15 12 1 27
2 1 5 15 1 12 2
2 1 5 14 7 7 145
2 1 5 13 13 2 94
2 1 5 13 2 13 11
2 1 5 12 8 8 117
2 1 5 11 14 3 102
2 1 5 11 3 14 14
2 1 5 10 9 9 171
2 1 5 9 15 4 63
2 1 5 9 4 15 64
2 1 5 8 10 10 30
2 1 5 7 16 5 49
2 1 5 7 5 16 45
2 1 5 6 22 0 189
2 1 5 6 11 11 112
2 1 5 6 0 22 122
2 1 5 5 17 6 83
2 1 5 5 6 17 169
2 1 5 4 23 1 98
2 1 5 4 12 12 1
2 1 5 4 1 23 150
2 1 5 3 18 7 178
2 1 5 3 7 18 89
2 1 5 2 24 2 46
2 1 5 2 13 13 16
2 1 5 2 2 24 49
2 1 5 1 19 8 25
2 1 5 1 8 19 12
2 1 5 0 25 3 143
2 1 5 0 14 14 186
2 1 5 0 3 25 86
2 1 4 24 0 5 37
2 1 4 23 6 0 49
2 1 4 22 1 6 187
2 1 4 21 7 1 1
2 1 4 20 2 7 117
2 1 4 19 8 2 41
2 1 4 18 3 8 44
2 1 4 17 9 3 145
2 1 4 16 4 9 118
2 1 4 15 10 4 180
2 1 4 14 5 10 142
2 1 4 13 11 5 194
2 1 4 13 0 16 80
2 1 4 12 17 0 38
2 1 4 12 6 11 21
2 1 4 11 12 6 105
2 1 4 10 18 1 198
2 1 4 10 7 12 92
2 1 4 9 13 7 50
2 1 4 9 2 18 73
2 1 4 8 19 2 130
2 1 4 8 8 13 46
2 1 4 7 14 8 132
2 1 4 7 3 19 83
2 1 4 6 20 3 80
2 1 4 6 9 14 140
2 1 4 5 15 9 195
2 1 4 5 4 20 194
2 1 4 4 21 4 27
2 1 4 4 10 15 33
2 1 4 3 16 10 57
2 1 4 3 5 21 37
2 1 4 2 22 5 52
2 1 4 2 11 16 51
2 1 4 2 0 27 181
2 1 4 1 28 0 169
2 1 4 1 17 11 68
2 1 4 1 6 22 15
2 1 4 0 23 6 111
2 1 4 0 12 17 179
2 1 4 0 1 28 126
2 1 3 29 1 0 93
2 1 3 27 2 1 142
2 1 3 25 3 2 17
2 1 3 23 4 3 147
2 1 3 21 5 4 94
2 1 3 20 0 10 7
2 1 3 19 6 5 162
2 1 3 18 12 0 133
2 1 3 18 1 11 59
2 1 3 17 7 6 16
2 1 3 16 13 1 173
2 1 3 16 2 12 12
2 1 3 15 8 7 19
2 1 3 14 14 2 125
2 1 3 14 3 13 53
2 1 3 13 9 8 106
2 1 3 12 15 3 106
2 1 3 12 4 14 31
2 1 3 11 10 9 85
2 1 3 10 16 4 184
2 1 3 10 5 15 93
2 1 3 9 11 10 105
2 1 3 9 0 21 136
2 1 3 8 17 5 196
2 1 3 8 6 16 137
2 1 3 7 23 0 42
2 1 3 7 12 11 122
2 1 3 7 1 22 88
2 1 3 6 18 6 85
2 1 3 6 7 17 196
2 1 3 5 24 1 68
2 1 3 5 13 12 119
2 1 3 5 2 23 135
2 1 3 4 19 7 1
2 1 3 4 8 18 9
2 1 3 3 25 2 111
2 1 3 3 14 13 106
2 1 3 3 3 24 99
2 1 3 2 20 8 188
2 1 3 2 9 19 103
2 1 3 1 26 3 145
2 1 3 1 15 14 8
2 1 3 1 4 25 146
2 1 3 0 21 9 14
2 1 3 0 10 20 68
2 1 2 27 0 4 172
2 1 2 25 1 5 186
2 1 2 24 7 0 81
2 1 2 23 2 6 126
2 1 2 22 8 1 57
2 1 2 21 3 7 12
2 1 2 20 9 2 60
2 1 2 19 4 8 84
2 1 2 18 10 3 145
2 1 2 17 5 9 95
2 1 2 16 11 4 189
2 1 2 16 0 15 48
2 1 2 15 6 10 100
2 1 2 14 12 5 109
2 1 2 14 1 16 29
2 1 2 13 18 0 116
2 1 2 13 7 11 129
2 1 2 12 13 6 178
2 1 2 12 2 17 58
2 1 2 11 19 1 17
2 1 2 11 8 12 177
2 1 2 10 14 7 167
2 1 2 10 3 18 180
2 1 2 9 20 2 136
2 1 2 9 9 13 64
2 1 2 8 15 8 68
2 1 2 8 4 19 43
2 1 2 7 21 3 111
2 1 2 7 10 14 27
2 1 2 6 16 9 78
2 1 2 6 5 20 35
2 1 2 5 22 4 56
2 1 2 5 11 15 9
2 1 2 5 0 26 123
2 1 2 4 17 10 89
2 1 2 4 6 21 10
2 1 2 3 12 16 142
2 1 2 3 1 27 67
2 1 2 2 29 0 66
2 1 2 2 18 11 180
2 1 2 2 7 22 28
2 1 2 1 24 6 32
2 1 2 1 13 17 105
2 1 2 1 2 28 153
2 1 2 0 30 1 64
2 1 2 0 19 12 159
2 1 2 0 8 23 179
2 1 1 30 2 0 142
2 1 1 28 3 1 73
2 1 1 26 4 2 26
2 1 1 24 5 3 21
2 1 1 23 0 9 63
2 1 1 22 6 4 149
2 1 1 21 1 10 38
2 1 1 20 7 5 54
2 1 1 19 13 0 123
2 1 1 19 2 11 105
2 1 1 18 8 6 23
2 1 1 17 14 1 70
2 1 1 17 3 12 24
2 1 1 16 9 7 37
2 1 1 15 15 2 181
2 1 1 15 4 13 186
2 1 1 14 10 8 56
2 1 1 13 16 3 56
2 1 1 13 5 14 195
2 1 1 12 11 9 150
2 1 1 12 0 20 75
2 1 1 11 17 4 180
2 1 1 11 6 15 74
2 1 1 10 12 10 84
2 1 1 10 1 21 78
2 1 1 9 18 5 171
2 1 1 9 7 16 39
2 1 1 8 24 0 1
2 1 1 8 13 11 22
2 1 1 8 2 22 13
2 1 1 7 19 6 58
2 1 1 7 8 17 191
2 1 1 6 25 1 52
2 1 1 6 14 12 151
2 1 1 6 3 23 49
2 1 1 5 20 7 82
2 1 1 5 9 18 157
2 1 1 4 26 2 27
2 1 1 4 15 13 15
2 1 1 4 4 24 79
2 1 1 3 21 8 167
2 1 1 3 10 19 33
2 1 1 2 27 3 3
2 1 1 2 16 14 181
2 1 1 2 5 25 49
2 1 1 1 22 9 140
2 1 1 1 11 20 62
2 1 1 1 0 31 178
2 1 1 0 28 4 186
2 1 1 0 17 15 68
2 1 1 0 6 26 189
2 1 0 30 0 3 17
2 1 0 28 1 4 51
2 1 0 26 2 5 113
2 1 0 25 8 0 31
2 1 0 24 3 6 188
2 1 0 23 9 1 144
2 1 0 22 4 7 53
2 1 0 21 10 2 61
2 1 0 20 5 8 33
2 1 0 19 11 3 23
2 1 0 19 0 14 13
2 1 0 18 6 9 77
2 1 0 17 12 4 50
2 1 0 17 1 15 98
2 1 0 16 7 10 192
2 1 0 15 13 5 22
2 1 0 15 2 16 82
2 1 0 14 19 0 51
2 1 0 14 8 11 33
2 1 0 13 14 6 69
2 1 0 13 3 17 22
2 1 0 12 20 1 84
2 1 0 12 9 12 113
2 1 0 11 15 7 35
2 1 0 11 4 18 86
2 1 0 10 21 2 157
2 1 0 10 10 13 187
2 1 0 9 16 8 62
2 1 0 9 5 19 131
2 1 0 8 22 3 25
2 1 0 8 11 14 105
2 1 0 8 0 25 41
2 1 0 7 17 9 127
2 1 0 7 6 20 55
2 1 0 6 23 4 3
2 1 0 6 12 15 113
2 1 0 6 1 26 136
2 1 0 5 18 10 173
2 1 0 5 7 21 192
2 1 0 4 24 5 3
2 1 0 4 13 16 137
2 1 0 4 2 27 137
2 1 0 3 30 0 31
2 1 0 3 19 11 106
2 1 0 3 8 22 189
2 1 0 2 25 6 6
2 1 0 2 14 17 117
2 1 0 2 3 28 191
2 1 0 1 31 1 77
2 1 0 1 20 12 185
2 1 0 1 9 23 170
2 1 0 0 26 7 154
2 1 0 0 15 18 93
2 1 0 0 4 29 138
2 0 31 2 1 0 33
2 0 31 0 2 1 196
2 0 30 0 0 4 56
2 0 29 3 2 0 16
2 0 29 1 3 1 163
2 0 28 3 0 3 168
2 0 28 1 1 4 50
2 0 27 4 3 0 130
2 0 27 2 4 1 179
2 0 27 0 5 2 117
2 0 26 6 0 2 181
2 0 26 4 1 3 14
2 0 26 2 2 4 71
2 0 26 0 3 5 123
2 0 25 5 4 0 140
2 0 25 3 5 1 111
2 0 25 2 0 7 180
2 0 25 1 6 2 109
2 0 25 0 1 8 107
2 0 24 9 0 1 140
2 0 24 7 1 2 131
2 0 24 5 2 3 161
2 0 24 3 3 4 145
2 0 24 1 4 5 3
2 0 24 0 10 0 183
2 0 23 6 5 0 112
2 0 23 5 0 6 20
2 0 23 4 6 1 11
2 0 23 3 1 7 1
2 0 23 2 7 2 52
2 0 23 1 2 8 178
2 0 23 0 8 3 91
2 0 22 12 0 0 88
2 0 22 10 1 1 39
2 0 22 8 2 2 75
2 0 22 6 3 3 132
2 0 22 4 4 4 41
2 0 22 2 5 5 16
2 0 22 1 11 0 195
2 0 22 1 0 11 40
2 0 22 0 6 6 149
2 0 21 8 0 5 106
2 0 21 7 6 0 192
2 0 21 6 1 6 187
2 0 21 5 7 1 6
2 0 21 4 2 7 1
2 0 21 3 8 2 26
2 0 21 2 3 8 172
2 0 21 1 9 3 15
2 0 21 0 4 9 137
2 0 20 13 1 0 167
2 0 20 11 2 1 147
2 0 20 9 3 2 128
2 0 20 7 4 3 115
2 0 20 5 5 4 161
2 0 20 4 0 10 100
2 0 20 3 6 5 177
2 0 20 2 12 0 89
2 0 20 2 1 11 64
2 0 20 1 7 6 9
2 0 20 0 13 1 71
2 0 20 0 2 12 68
2 0 19 11 0 4 3
2 0 19 9 1 5 61
2 0 19 8 7 0 67
2 0 19 7 2 6 108
2 0 19 6 8 1 75
2 0 19 5 3 7 44
2 0 19 4 9 2 91
2 0 19 3 4 8 94
2 0 19 2 10 3 97
2 0 19 1 5 9 162
2 0 19 0 11 4 195
2 0 19 0 0 15 134
2 0 18 14 2 0 129
2 0 18 12 3 1 185
2 0 18 10 4 2 143
2 0 18 8 5 3 49
2 0 18 7 0 9 188
2 0 18 6 6 4 44
2 0 18 5 1 10 194
2 0 18 4 7 5 193
2 0 18 3 13 0 185
2 0 18 3 2 11 121
2 0 18 2 8 6 21
2 0 18 1 14 1 174
2 0 18 1 3 12 186
2 0 18 0 9 7 135
2 0 17 14 0 3 66
2 0 17 12 1 4 7
2 0 17 10 2 5 147
2 0 17 9 8 0 51
2 0 17 8 3 6 122
2 0 17 7 9 1 180
2 0 17 6 4 7 22
2 0 17 5 10 2 78
2 0 17 4 5 8 172
2 0 17 3 11 3 156
2 0 17 3 0 14 116
2 0 17 2 6 9 142
2 0 17 1 12 4 109
2 0 17 1 1 15 69
2 0 17 0 7 10 82
2 0 16 15 3 0 20
2 0 16 13 4 1 146
2 0 16 11 5 2 70
2 0 16 10 0 8 11
2 0 16 9 6 3 103
2 0 16 8 1 9 9
2 0 16 7 7 4 178
2 0 16 6 2 10 132
2 0 16 5 8 5 126
2 0 16 4 14 0 158
2 0 16 4 3 11 38
2 0 16 3 9 6 129
2 0 16 2 15 1 92
2 0 16 2 4 12 32
2 0 16 1 10 7 29
2 0 16 0 16 2 170
2 0 16 0 5 13 153
2 0 15 17 0 2 64
2 0 15 15 1 3 83
2 0 15 13 2 4 183
2 0 15 11 3 5 184
2 0 15 10 9 0 4
2 0 15 9 4 6 14
2 0 15 8 10 1 114
2 0 15 7 5 7 148
2 0 15 6 11 2 6
2 0 15 6 0 13 12
2 0 15 5 6 8 103
2 0 15 4 12 3 30
2 0 15 4 1 14 15
2 0 15 3 7 9 192
2 0 15 2 13 4 54
2 0 15 2 2 15 100
2 0 15 1 8 10 96
2 0 15 0 14 5 182
2 0 15 0 3 16 96
2 0 14 16 4 0 95
2 0 14 14 5 1 23
2 0 14 13 0 7 74
2 0 14 12 6 2 14
2 0 14 11 1 8 157
2 0 14 10 7 3 125
2 0 14 9 2 9 8
2 0 14 8 8 4 37
2 0 14 7 3 10 193
2 0 14 6 9 5 153
2 0 14 5 15 0 66
2 0 14 5 4 11 3
2 0 14 4 10 6 183
2 0 14 3 16 1 41
2 0 14 3 5 12 98
2 0 14 2 11 7 75
2 0 14 2 0 18 125
2 0 14 1 17 2 24
2 0 14 1 6 13 168
2 0 14 0 12 8 99
2 0 14 0 1 19 156
2 0 13 20 0 1 132
2 0 13 18 1 2 71
2 0 13 16 2 3 168
2 0 13 14 3 4 128
2 0 13 12 4 5 59
2 0 13 11 10 0 114
2 0 13 10 5 6 34
2 0 13 9 11 1 47
2 0 13 9 0 12 54
2 0 13 8 6 7 191
2 0 13 7 12 2 46
2 0 13 7 1 13 61
2 0 13 6 7 8 187
2 0 13 5 13 3 115
2 0 13 5 2 14 198
2 0 13 4 8 9 181
2 0 13 3 14 4 12
2 0 13 3 3 15 14
2 0 13 2 9 10 118
2 0 13 1 15 5 48
2 0 13 1 4 16 28
2 0 13 0 21 0 26
2 0 13 0 10 11 141
2 0 12 17 5 0 170
2 0 12 16 0 6 62
2 0 12 15 6 1 98
2 0 12 14 1 7 53
2 0 12 13 7 2 92
2 0 12 12 2 8 94
2 0 12 11 8 3 76
2 0 12 10 3 9 15
2 0 12 9 9 4 13
2 0 12 8 4 10 75
2 0 12 7 10 5 61
2 0 12 6 16 0 183
2 0 12 6 5 11 190
2 0 12 5 11 6 11
2 0 12 5 0 17 95
2 0 12 4 6 12 97
2 0 12 3 12 7 97
2 0 12 3 1 18 70
2 0 12 2 18 2 13
2 0 12 2 7 13 164
2 0 12 1 13 8 1
2 0 12 1 2 19 75
2 0 12 0 19 3 59
2 0 12 0 8 14 127
2 0 11 23 0 0 6
2 0 11 21 1 1 134
2 0 11 19 2 2 85
2 0 11 17 3 3 69
2 0 11 15 4 4 182
2 0 11 13 5 5 98
2 0 11 12 11 0 166
2 0 11 12 0 11 142
2 0 11 11 6 6 59
2 0 11 10 12 1 8
2 0 11 10 1 12 88
2 0 11 9 7 7 186
2 0 11 8 13 2 137
2 0 11 8 2 13 20
2 0 11 7 8 8 83
2 0 11 6 14 3 21
2 0 11 6 3 14 155
2 0 11 5 9 9 44
2 0 11 4 15 4 174
2 0 11 4 4 15 8
2 0 11 3 10 10 3
2 0 11 2 16 5 18
2 0 11 2 5 16 87
2 0 11 1 22 0 187
2 0 11 1 11 11 120
2 0 11 1 0 22 187
2 0 11 0 17 6 3
2 0 11 0 6 17 26
2 0 10 19 0 5 99
2 0 10 18 6 0 122
2 0 10 17 1 6 174
2 0 10 16 7 1 107
2 0 10 15 2 7 108
2 0 10 14 8 2 30
2 0 10 13 3 8 82
2 0 10 12 9 3 105
2 0 10 11 4 9 12
2 0 10 10 10 4 134
2 0 10 9 5 10 96
2 0 10 8 11 5 141
2 0 10 8 0 16 169
2 0 10 7 17 0 111
2 0 10 7 6 11 187
2 0 10 6 12 6 98
2 0 10 6 1 17 52
2 0 10 5 18 1 145
2 0 10 5 7 12 178
2 0 10 4 13 7 118
2 0 10 4 2 18 56
2 0 10 3 19 2 98
2 0 10 3 8 13 1
2 0 10 2 14 8 80
2 0 10 2 3 19 151
2 0 10 1 20 3 174
2 0 10 1 9 14 86
2 0 10 0 15 9 91
2 0 10 0 4 20 50
2 0 9 24 1 0 108
2 0 9 22 2 1 100
2 0 9 20 3 2 185
2 0 9 18 4 3 12
2 0 9 16 5 4 65
2 0 9 15 0 10 127
2 0 9 14 6 5 185
2 0 9 13 12 0 62
2 0 9 13 1 11 150
2 0 9 12 7 6 33
2 0 9 11 13 1 108
2 0 9 11 2 12 154
2 0 9 10 8 7 69
2 0 9 9 14 2 178
2 0 9 9 3 13 4
2 0 9 8 9 8 21
2 0 9 7 15 3 102
2 0 9 7 4 14 21
2 0 9 6 10 9 56
2 0 9 5 16 4 184
2 0 9 5 5 15 168
2 0 9 4 11 10 131
2 0 9 4 0 21 107
2 0 9 3 17 5 9
2 0 9 3 6 16 168
2 0 9 2 23 0 197
2 0 9 2 12 11 161
2 0 9 2 1 22 40
2 0 9 1 18 6 123
2 0 9 1 7 17 81
2 0 9 0 24 1 125
2 0 9 0 13 12 124
2 0 9 0 2 23 132
2 0 8 22 0 4 170
2 0 8 20 1 5 49
2 0 8 19 7 0 24
2 0 8 18 2 6 96
2 0 8 17 8 1 152
2 0 8 16 3 7 3
2 0 8 15 9 2 159
2 0 8 14 4 8 144
2 0 8 13 10 3 134
2 0 8 12 5 9 90
2 0 8 11 11 4 133
2 0 8 11 0 15 67
2 0 8 10 6 10 139
2 0 8 9 12 5 70
2 0 8 9 1 16 132
2 0 8 8 18 0 191
2 0 8 8 7 11 25
2 0 8 7 13 6 193
2 0 8 7 2 17 90
2 0 8 6 19 1 146
2 0 8 6 8 12 153
2 0 8 5 14 7 8
2 0 8 5 3 18 175
2 0 8 4 20 2 11
2 0 8 4 9 13 78
2 0 8 3 15 8 98
2 0 8 3 4 19 96
2 0 8 2 21 3 158
2 0 8 2 10 14 189
2 0 8 1 16 9 2
2 0 8 1 5 20 166
2 0 8 0 22 4 104
2 0 8 0 11 15 162
2 0 8 0 0 26 102
2 0 7 25 2 0 116
2 0 7 23 3 1 190
2 0 7 21 4 2 175
2 0 7 19 5 3 110
2 0 7 18 0 9 97
2 0 7 17 6 4 156
2 0 7 16 1 10 67
2 0 7 15 7 5 76
2 0 7 14 13 0 94
2 0 7 14 2 11 30
2 0 7 13 8 6 117
2 0 7 12 14 1 76
2 0 7 12 3 12 119
2 0 7 11 9 7 44
2 0 7 10 15 2 18
2 0 7 10 4 13 56
2 0 7 9 10 8 159
2 0 7 8 16 3 37
2 0 7 8 5 14 115
2 0 7 7 11 9 100
2 0 7 7 0 20 112
2 0 7 6 17 4 153
2 0 7 6 6 15 185
2 0 7 5 12 10 6
2 0 7 5 1 21 52
2 0 7 4 18 5 123
2 0 7 4 7 16 53
2 0 7 3 24 0 34
2 0 7 3 13 11 81
2 0 7 3 2 22 157
2 0 7 2 19 6 107
2 0 7 2 8 17 146
2 0 7 1 25 1 82
2 0 7 1 14 12 109
2 0 7 1 3 23 103
2 0 7 0 20 7 13
2 0 7 0 9 18 83
2 0 6 25 0 3 187
2 0 6 23 1 4 67
2 0 6 21 2 5 86
2 0 6 20 8 0 58
2 0 6 19 3 6 8
2 0 6 18 9 1 111
2 0 6 17 4 7 112
2 0 6 16 10 2 88
2 0 6 15 5 8 83
2 0 6 14 11 3 184
2 0 6 14 0 14 5
2 0 6 13 6 9 110
2 0 6 12 12 4 67
2 0 6 12 1 15 78
2 0 6 11 7 10 183
2 0 6 10 13 5 84
2 0 6 10 2 16 152
2 0 6 9 19 0 146
2 0 6 8 14 6 190
2 0 6 8 3 17 2
2 0 6 7 20 1 81
2 0 6 7 9 12 5
2 0 6 6 15 7 90
2 0 6 6 4 18 116
2 0 6 5 21 2 103
2 0 6 5 10 13 121
2 0 6 4 16 8 12
2 0 6 4 5 19 101
2 0 6 3 22 3 154
2 0 6 3 11 14 131
2 0 6 3 0 25 89
2 0 6 2 17 9 44
2 0 6 2 6 20 69
2 0 6 1 23 4 2
2 0 6 1 12 15 99
2 0 6 1 1 26 164
2 0 6 0 18 10 102
2 0 6 0 7 21 46
2 0 5 26 3 0 185
2 0 5 22 5 2 180
2 0 5 21 0 8 156
2 0 5 20 6 3 186
2 0 5 19 1 9 92
2 0 5 18 7 4 191
2 0 5 16 8 5 115
2 0 5 15 14 0 187
2 0 5 15 3 11 177
2 0 5 14 9 6 169
2 0 5 13 15 1 36
2 0 5 13 4 12 148
2 0 5 12 10 7 195
2 0 5 11 16 2 75
2 0 5 11 5 13 61
2 0 5 10 11 8 31
2 0 5 10 0 19 133
2 0 5 9 17 3 159
2 0 5 9 6 14 173
2 0 5 8 12 9 54
2 0 5 8 1 20 110
2 0 5 7 7 15 89
2 0 5 6 13 10 100
2 0 5 6 2 21 144
2 0 5 5 19 5 103
2 0 5 5 8 16 121
2 0 5 4 25 0 48
2 0 5 4 14 11 52
2 0 5 4 3 22 13
2 0 5 3 20 6 177
2 0 5 3 9 17 159
2 0 5 2 26 1 197
2 0 5 2 15 12 95
2 0 5 2 4 23 23
2 0 5 1 21 7 78
2 0 5 1 10 18 92
2 0 5 0 16 13 132
2 0 5 0 5 24 148
2 0 4 28 0 2 76
2 0 4 26 1 3 196
2 0 4 24 2 4 156
2 0 4 22 3 5 49
2 0 4 21 9 0 35
2 0 4 20 4 6 163
2 0 4 19 10 1 140
2 0 4 18 5 7 145
2 0 4 17 11 2 4
2 0 4 17 0 13 108
2 0 4 16 6 8 177
2 0 4 15 12 3 38
2 0 4 15 1 14 175
2 0 4 14 7 9 76
2 0 4 13 13 4 132
2 0 4 13 2 15 135
2 0 4 12 8 10 193
2 0 4 11 14 5 144
2 0 4 11 3 16 133
2 0 4 10 20 0 94
2 0 4 10 9 11 48
2 0 4 9 15 6 188
2 0 4 9 4 17 148
2 0 4 8 21 1 139
2 0 4 8 10 12 8
2 0 4 7 16 7 44
2 0 4 7 5 18 72
2 0 4 6 22 2 100
2 0 4 6 11 13 176
2 0 4 6 0 24 79
2 0 4 5 17 8 21
2 0 4 5 6 19 11
2 0 4 4 23 3 117
2 0 4 4 12 14 160
2 0 4 4 1 25 117
2 0 4 3 18 9 196
2 0 4 3 7 20 157
2 0 4 2 24 4 26
2 0 4 2 13 15 27
2 0 4 2 2 26 4
2 0 4 1 19 10 166
2 0 4 1 8 21 122
2 0 4 0 25 5 176
2 0 4 0 14 16 21
2 0 4 0 3 27 130
2 0 3 27 4 0 187
2 0 3 25 5 1 47
2 0 3 24 0 7 172
2 0 3 23 6 2 135
2 0 3 22 1 8 88
2 0 3 21 7 3 125
2 0 3 20 2 9 180
2 0 3 19 8 4 190
2 0 3 18 3 10 192
2 0 3 17 9 5 78
2 0 3 16 15 0 73
2 0 3 16 4 11 193
2 0 3 15 10 6 37
2 0 3 14 16 1 149
2 0 3 14 5 12 182
2 0 3 13 11 7 166
2 0 3 13 0 18 148
2 0 3 12 17 2 157
2 0 3 12 6 13 41
2 0 3 11 12 8 142
2 0 3 11 1 19 128
2 0 3 10 18 3 177
2 0 3 10 7 14 134
2 0 3 9 13 9 183
2 0 3 9 2 20 83
2 0 3 8 19 4 169
2 0 3 8 8 15 36
2 0 3 7 14 10 149
2 0 3 7 3 21 178
2 0 3 6 20 5 39
2 0 3 6 9 16 156
2 0 3 5 26 0 39
2 0 3 5 15 11 1
2 0 3 5 4 22 158
2 0 3 4 21 6 99
2 0 3 4 10 17 109
2 0 3 3 27 1 34
2 0 3 3 16 12 74
2 0 3 3 5 23 131
2 0 3 2 22 7 21
2 0 3 2 11 18 124
2 0 3 2 0 29 7
2 0 3 1 28 2 29
2 0 3 1 17 13 36
2 0 3 1 6 24 21
2 0 3 0 23 8 160
2 0 3 0 12 19 118
2 0 3 0 1 30 5
2 0 2 31 0 1 15
2 0 2 29 1 2 100
2 0 2 27 2 3 50
2 0 2 25 3 4 23
2 0 2 23 4 5 109
2 0 2 22 10 0 40
2 0 2 21 5 6 94
2 0 2 20 11 1 120
2 0 2 20 0 12 87
2 0 2 19 6 7 34
2 0 2 18 12 2 177
2 0 2 18 1 13 47
2 0 2 17 7 8 54
2 0 2 16 13 3 139
2 0 2 16 2 14 177
2 0 2 15 8 9 39
2 0 2 14 14 4 100
2 0 2 14 3 15 155
2 0 2 13 9 10 27
2 0 2 12 15 5 138
2 0 2 12 4 16 194
2 0 2 11 21 0 26
2 0 2 11 10 11 103
2 0 2 10 16 6 159
2 0 2 9 22 1 89
2 0 2 9 11 12 74
2 0 2 9 0 23 193
2 0 2 8 17 7 173
2 0 2 8 6 18 53
2 0 2 7 23 2 13
2 0 2 7 12 13 60
2 0 2 7 1 24 35
2 0 2 6 18 8 47
2 0 2 6 7 19 121
2 0 2 5 24 3 64
2 0 2 5 13 14 138
2 0 2 5 2 25 191
2 0 2 4 19 9 185
2 0 2 4 8 20 54
2 0 2 3 25 4 165
2 0 2 3 14 15 32
2 0 2 3 3 26 175
2 0 2 2 20 10 161
2 0 2 2 9 21 8
2 0 2 1 26 5 24
2 0 2 1 15 16 58
2 0 2 1 4 27 29
2 0 2 0 32 0 137
2 0 2 0 21 11 150
2 0 2 0 10 22 148
2 0 1 28 5 0 146
2 0 1 27 0 6 105
2 0 1 26 6 1 65
2 0 1 25 1 7 105
2 0 1 24 7 2 120
2 0 1 23 2 8 152
2 0 1 22 8 3 97
2 0 1 21 3 9 137
2 0 1 20 9 4 113
2 0 1 19 4 10 169
2 0 1 18 10 5 54
2 0 1 17 16 0 112
2 0 1 17 5 11 18
2 0 1 16 11 6 36
2 0 1 16 0 17 87
2 0 1 15 17 1 34
2 0 1 15 6 12 43
2 0 1 14 12 7 129
2 0 1 14 1 18 115
2 0 1 13 18 2 171
2 0 1 13 7 13 60
2 0 1 12 13 8 82
2 0 1 12 2 19 33
2 0 1 11 19 3 164
2 0 1 11 8 14 158
2 0 1 10 14 9 53
2 0 1 10 3 20 136
2 0 1 9 20 4 109
2 0 1 9 9 15 166
2 0 1 8 15 10 139
2 0 1 8 4 21 45
2 0 1 7 21 5 179
2 0 1 7 10 16 114
2 0 1 6 27 0 191
2 0 1 6 16 11 83
2 0 1 6 5 22 64
2 0 1 5 22 6 155
2 0 1 5 11 17 108
2 0 1 5 0 28 70
2 0 1 4 28 1 29
2 0 1 4 17 12 63
2 0 1 4 6 23 58
2 0 1 3 23 7 116
2 0 1 3 12 18 17
2 0 1 3 1 29 26
2 0 1 2 29 2 9
2 0 1 2 18 13 5
2 0 1 2 7 24 110
2 0 1 1 24 8 80
2 0 1 1 13 19 25
2 0 1 1 2 30 54
2 0 1 0 19 14 20
2 0 1 0 8 25 100
2 0 0 32 1 1 155
2 0 0 30 2 2 128
2 0 0 28 3 3 12
2 0 0 26 4 4 61
2 0 0 24 5 5 141
2 0 0 23 11 0 141
2 0 0 23 0 11 49
2 0 0 22 6 6 136
2 0 0 21 12 1 101
2 0 0 21 1 12 81
2 0 0 20 7 7 42
2 0 0 19 13 2 150
2 0 0 19 2 13 40
2 0 0 18 8 8 81
2 0 0 17 14 3 162
2 0 0 17 3 14 12
2 0 0 16 9 9 47
2 0 0 15 15 4 97
2 0 0 15 4 15 46
2 0 0 14 10 10 164
2 0 0 13 16 5 103
2 0 0 13 5 16 26
2 0 0 12 22 0 106
2 0 0 12 11 11 35
2 0 0 12 0 22 78
2 0 0 11 17 6 119
2 0 0 11 6 17 93
2 0 0 10 23 1 115
2 0 0 10 12 12 190
2 0 0 10 1 23 136
2 0 0 9 18 7 70
2 0 0 9 7 18 51
2 0 0 8 24 2 178
2 0 0 8 13 13 158
2 0 0 8 2 24 171
2 0 0 7 19 8 118
2 0 0 7 8 19 15
2 0 0 6 25 3 15
2 0 0 6 14 14 166
2 0 0 6 3 25 16
2 0 0 5 20 9 28
2 0 0 5 9 20 140
2 0 0 4 26 4 64
2 0 0 4 15 15 38
2 0 0 4 4 26 142
2 0 0 3 21 10 45
2 0 0 3 10 21 182
2 0 0 2 27 5 63
2 0 0 2 16 16 191
2 0 0 2 5 27 60
2 0 0 1 33 0 70
2 0 0 1 22 11 31
2 0 0 1 11 22 147
2 0 0 0 28 6 191
2 0 0 0 17 17 143
2 0 0 0 6 28 110
3 31 1 1 1 0 178
3 30 2 0 0 2 83
3 30 0 3 0 1 5
3 30 0 1 1 2 54
3 29 4 1 0 0 33
3 29 2 2 1 0 33
3 29 2 0 2 1 97
3 29 1 0 0 4 138
3 29 0 3 2 0 7
3 29 0 1 3 1 26
3 28 3 1 0 2 124
3 28 2 0 4 0 28
3 28 1 4 0 1 126
3 28 1 2 1 2 153
3 28 1 0 2 3 191
3 28 0 1 5 0 70
3 28 0 0 0 6 110
3 27 5 2 0 0 122
3 27 5 0 1 1 53
3 27 3 3 1 0 134
3 27 3 1 2 1 109
3 27 2 1 0 4 83
3 27 1 4 2 0 181
3 27 1 2 3 1 67
3 27 1 0 4 2 137
3 27 0 4 0 3 130
3 27 0 2 1 4 29
3 27 0 0 2 5 60
3 26 5 0 3 0 126
3 26 4 2 0 2 17
3 26 4 0 1 3 113
3 26 3 1 4 0 197
3 26 2 5 0 1 192
3 26 2 3 1 2 91
3 26 2 1 2 3 45
3 26 1 2 5 0 123
3 26 1 1 0 6 189
3 26 1 0 6 1 136
3 26 0 8 0 0 102
3 26 0 6 1 1 164
3 26 0 4 2 2 4
3 26 0 2 3 3 175
3 26 0 0 4 4 142
3 25 8 0 0 1 198
3 25 6 3 0 0 128
3 25 6 1 1 1 15
3 25 4 4 1 0 157
3 25 4 2 2 1 120
3 25 3 2 0 4 189
3 25 3 0 1 5 46
3 25 2 5 2 0 110
3 25 2 3 3 1 67
3 25 2 1 4 2 181
3 25 1 5 0 3 86
3 25 1 3 1 4 146
3 25 1 1 2 5 49
3 25 1 0 8 0 41
3 25 0 6 3 0 89
3 25 0 4 4 1 117
3 25 0 2 5 2 191
3 25 0 1 0 8 100
3 25 0 0 6 3 16
3 24 8 0 2 0 121
3 24 7 0 0 3 165
3 24 6 1 3 0 25
3 24 5 3 0 2 142
3 24 5 1 1 3 182
3 24 4 2 4 0 198
3 24 4 0 5 1 6
3 24 3 6 0 1 192
3 24 3 4 1 2 73
3 24 3 2 2 3 106
3 24 3 0 3 4 16
3 24 2 3 5 0 193
3 24 2 2 0 6 32
3 24 2 1 6 1 27
3 24 2 0 1 7 92
3 24 1 9 0 0 85
3 24 1 7 1 1 162
3 24 1 5 2 2 49
3 24 1 3 3 3 99
3 24 1 1 4 4 79
3 24 0 5 0 5 148
3 24 0 4 6 0 79
3 24 0 3 1 6 21
3 24 0 2 7 1 35
3 24 0 1 2 7 110
3 24 0 0 8 2 171
3 23 9 1 0 1 177
3 23 7 4 0 0 137
3 23 7 2 1 1 39
3 23 7 0 2 2 134
3 23 6 0 0 5 1
3 23 5 5 1 0 173
3 23 5 3 2 1 109
3 23 5 1 3 2 12
3 23 4 3 0 4 142
3 23 4 1 1 5 147
3 23 4 0 7 0 126
3 23 3 6 2 0 112
3 23 3 4 3 1 159
3 23 3 2 4 2 102
3 23 3 0 5 3 153
3 23 2 6 0 3 114
3 23 2 4 1 4 147
3 23 2 2 2 5 92
3 23 2 1 8 0 3
3 23 2 0 3 6 53
3 23 1 7 3 0 132
3 23 1 5 4 1 150
3 23 1 3 5 2 135
3 23 1 2 0 8 179
3 23 1 1 6 3 49
3 23 1 0 1 9 170
3 23 0 9 0 2 132
3 23 0 7 1 3 103
3 23 0 5 2 4 23
3 23 0 3 3 5 131
3 23 0 2 9 0 193
3 23 0 1 4 6 58
3 23 0 0 10 1 136
3 22 11 0 1 0 118
3 22 9 1 2 0 186
3 22 8 1 0 3 139
3 22 7 2 3 0 52
3 22 7 0 4 1 119
3 22 6 4 0 2 139
3 22 6 2 1 3 59
3 22 6 0 2 4 61
3 22 5 3 4 0 42
3 22 5 1 5 1 61
3 22 5 0 0 7 128
3 22 4 7 0 1 34
3 22 4 5 1 2 138
3 22 4 3 2 3 132
3 22 4 1 3 4 139
3 22 3 4 5 0 134
3 22 3 3 0 6 86
3 22 3 2 6 1 3
3 22 3 1 1 7 131
3 22 2 10 0 0 167
3 22 2 8 1 1 195
3 22 2 6 2 2 165
3 22 2 4 3 3 37
3 22 2 2 4 4 58
3 22 2 0 5 5 28
3 22 1 6 0 5 31
3 22 1 5 6 0 122
3 22 1 4 1 6 15
3 22 1 3 7 1 88
3 22 1 2 2 7 28
3 22 1 1 8 2 13
3 22 1 0 3 8 189
3 22 0 11 1 0 187
3 22 0 9 2 1 40
3 22 0 7 3 2 157
3 22 0 5 4 3 13
3 22 0 3 5 4 158
3 22 0 2 0 10 148
3 22 0 1 6 5 64
3 22 0 0 12 0 78
3 22 0 0 1 11 147
3 21 10 2 0 1 91
3 21 10 0 1 2 25
3 21 8 5 0 0 45
3 21 8 3 1 1 144
3 21 8 1 2 2 65
3 21 7 1 0 5 53
3 21 7 0 6 0 129
3 21 6 6 1 0 25
3 21 6 4 2 1 164
3 21 6 2 3 2 16
3 21 6 0 4 3 28
3 21 5 4 0 4 177
3 21 5 2 1 5 117
3 21 5 1 7 0 100
3 21 5 0 2 6 77
3 21 4 7 2 0 195
3 21 4 5 3 1 11
3 21 4 3 4 2 88
3 21 4 1 5 3 70
3 21 4 0 0 9 9
3 21 3 7 0 3 33
3 21 3 5 1 4 186
3 21 3 3 2 5 2
3 21 3 2 8 0 130
3 21 3 1 3 6 181
3 21 3 0 9 1 35
3 21 2 8 3 0 145
3 21 2 6 4 1 32
3 21 2 4 5 2 172
3 21 2 3 0 8 90
3 21 2 2 6 3 188
3 21 2 1 1 9 6
3 21 2 0 7 4 30
3 21 1 10 0 2 23
3 21 1 8 1 3 92
3 21 1 6 2 4 138
3 21 1 4 3 5 37
3 21 1 3 9 0 136
3 21 1 2 4 6 10
3 21 1 1 10 1 78
3 21 1 0 5 7 192
3 21 0 9 4 0 107
3 21 0 7 5 1 52
3 21 0 6 0 7 46
3 21 0 5 6 2 144
3 21 0 4 1 8 122
3 21 0 3 7 3 178
3 21 0 2 2 9 8
3 21 0 1 8 4 45
3 21 0 0 3 10 182
3 20 14 0 0 0 114
3 20 12 1 1 0 136
3 20 10 2 2 0 125
3 20 10 0 3 1 126
3 20 9 2 0 3 198
3 20 9 0 1 4 58
3 20 8 3 3 0 92
3 20 8 1 4 1 185
3 20 7 5 0 2 102
3 20 7 3 1 3 22
3 20 7 1 2 4 155
3 20 6 4 4 0 175
3 20 6 2 5 1 166
3 20 6 1 0 7 54
3 20 6 0 6 2 127
3 20 5 8 0 1 85
3 20 5 6 1 2 30
3 20 5 4 2 3 117
3 20 5 2 3 4 133
3 20 5 0 4 5 95
3 20 4 5 5 0 194
3 20 4 4 0 6 125
3 20 4 3 6 1 63
3 20 4 2 1 7 117
3 20 4 1 7 2 92
3 20 4 0 2 8 118
3 20 3 11 0 0 54
3 20 3 9 1 1 40
3 20 3 7 2 2 110
3 20 3 5 3 3 26
3 20 3 3 4 4 148
3 20 3 1 5 5 139
3 20 3 0 11 0 60
3 20 3 0 0 11 53
3 20 2 7 0 5 160
3 20 2 6 6 0 80
3 20 2 5 1 6 44
3 20 2 4 7 1 170
3 20 2 3 2 7 143
3 20 2 2 8 2 102
3 20 2 1 3 8 3
3 20 2 0 9 3 11
3 20 1 12 1 0 32
3 20 1 10 2 1 5
3 20 1 8 3 2 157
3 20 1 6 4 3 170
3 20 1 4 5 4 194
3 20 1 3 0 10 68
3 20 1 2 6 5 35
3 20 1 1 12 0 75
3 20 1 1 1 11 62
3 20 1 0 7 6 55
3 20 0 10 0 4 50
3 20 0 8 1 5 166
3 20 0 7 7 0 112
3 20 0 6 2 6 69
3 20 0 5 8 1 110
3 20 0 4 3 7 157
3 20 0 3 9 2 83
3 20 0 2 4 8 54
3 20 0 1 10 3 136
3 20 0 0 5 9 140
3 19 13 0 0 2 14
3 19 11 3 0 1 138
3 19 11 1 1 2 93
3 19 10 0 5 0 12
3 19 9 6 0 0 166
3 19 9 4 1 1 189
3 19 9 2 2 2 125
3 19 9 0 3 3 88
3 19 8 2 0 5 175
3 19 8 1 6 0 128
3 19 8 0 1 6 193
3 19 7 7 1 0 112
3 19 7 5 2 1 60
3 19 7 3 3 2 179
3 19 7 1 4 3 58
3 19 6 5 0 4 123
3 19 6 3 1 5 3
3 19 6 2 7 0 99
3 19 6 1 2 6 79
3 19 6 0 8 1 61
3 19 5 8 2 0 170
3 19 5 6 3 1 20
3 19 5 4 4 2 62
3 19 5 2 5 3 194
3 19 5 1 0 9 127
3 19 5 0 6 4 145
3 19 4 8 0 3 93
3 19 4 6 1 4 119
3 19 4 4 2 5 40
3 19 4 3 8 0 106
3 19 4 2 3 6 152
3 19 4 1 9 1 193
3 19 4 0 4 7 130
3 19 3 9 3 0 79
3 19 3 7 4 1 62
3 19 3 5 5 2 195
3 19 3 4 0 8 93
3 19 3 3 6 3 44
3 19 3 2 1 9 5
3 19 3 1 7 4 126
3 19 3 0 2 10 138
3 19 2 11 0 2 57
3 19 2 9 1 3 16
3 19 2 7 2 4 72
3 19 2 5 3 5 13
3 19 2 4 9 0 129
3 19 2 3 4 6 162
3 19 2 2 10 1 84
3 19 2 1 5 7 20
3 19 2 0 11 2 46
3 19 2 0 0 13 184
3 19 1 10 4 0 56
3 19 1 8 5 1 50
3 19 1 7 0 7 78
3 19 1 6 6 2 71
3 19 1 5 1 8 12
3 19 1 4 7 3 83
3 19 1 3 2 9 103
3 19 1 2 8 4 43
3 19 1 1 3 10 33
3 19 1 0 9 5 131
3 19 0 14 0 1 156
3 19 0 12 1 2 75
3 19 0 10 2 3 151
3 19 0 8 3 4 96
3 19 0 6 4 5 101
3 19 0 5 10 0 133
3 19 0 4 5 6 11
3 19 0 3 11 1 128
3 19 0 3 0 12 118
3 19 0 2 6 7 121
3 19 0 1 12 2 33
3 19 0 1 1 13 25
3 19 0 0 7 8 15
3 18 15 1 0 0 182
3 18 13 2 1 0 94
3 18 13 0 2 1 181
3 18 12 0 0 4 92
3 18 11 3 2 0 112
3 18 11 1 3 1 170
3 18 10 3 0 3 25
3 18 10 1 1 4 116
3 18 9 4 3 0 185
3 18 9 2 4 1 195
3 18 9 0 5 2 44
3 18 8 6 0 2 138
3 18 8 4 1 3 196
3 18 8 2 2 4 3
3 18 8 0 3 5 34
3 18 7 5 4 0 42
3 18 7 3 5 1 171
3 18 7 2 0 7 38
3 18 7 1 6 2 154
3 18 7 0 1 8 15
3 18 6 9 0 1 86
3 18 6 7 1 2 91
3 18 6 5 2 3 67
3 18 6 3 3 4 51
3 18 6 1 4 5 42
3 18 6 0 10 0 157
3 18 5 6 5 0 130
3 18 5 5 0 6 97
3 18 5 4 6 1 20
3 18 5 3 1 7 84
3 18 5 2 7 2 23
3 18 5 1 2 8 131
3 18 5 0 8 3 119
3 18 4 12 0 0 123
3 18 4 10 1 1 84
3 18 4 8 2 2 33
3 18 4 6 3 3 127
3 18 4 4 4 4 158
3 18 4 2 5 5 98
3 18 4 1 11 0 132
3 18 4 1 0 11 46
3 18 4 0 6 6 72
3 18 3 8 0 5 6
3 18 3 7 6 0 149
3 18 3 6 1 6 94
3 18 3 5 7 1 160
3 18 3 4 2 7 24
3 18 3 3 8 2 153
3 18 3 2 3 8 185
3 18 3 1 9 3 135
3 18 3 0 4 9 23
3 18 2 13 1 0 171
3 18 2 11 2 1 103
3 18 2 9 3 2 180
3 18 2 7 4 3 45
3 18 2 5 5 4 82
3 18 2 4 0 10 52
3 18 2 3 6 5 17
3 18 2 2 1 11 47
3 18 2 1 7 6 14
3 18 2 0 13 1 10
3 18 2 0 2 12 157
3 18 1 11 0 4 51
3 18 1 9 1 5 36
3 18 1 8 7 0 136
3 18 1 7 2 6 104
3 18 1 6 8 1 20
3 18 1 5 3 7 89
3 18 1 4 9 2 73
3 18 1 3 4 8 9
3 18 1 2 10 3 180
3 18 1 1 5 9 157
3 18 1 0 11 4 86
3 18 1 0 0 15 93
3 18 0 14 2 0 125
3 18 0 12 3 1 70
3 18 0 10 4 2 56
3 18 0 8 5 3 175
3 18 0 7 0 9 83
3 18 0 6 6 4 116
3 18 0 5 1 10 92
3 18 0 4 7 5 72
3 18 0 3 13 0 148
3 18 0 3 2 11 124
3 18 0 2 8 6 53
3 18 0 1 14 1 115
3 18 0 1 3 12 17
3 18 0 0 9 7 51
3 17 14 1 0 2 80
3 17 13 0 4 0 148
3 17 12 4 0 1 60
3 17 12 2 1 2 169
3 17 12 0 2 3 41
3 17 11 1 5 0 81
3 17 11 0 0 6 148
3 17 10 7 0 0 4
3 17 10 5 1 1 64
3 17 10 3 2 2 58
3 17 10 1 3 3 96
3 17 9 3 0 5 60
3 17 9 2 6 0 193
3 17 9 1 1 6 38
3 17 9 0 7 1 138
3 17 8 8 1 0 165
3 17 8 4 3 2 40
3 17 8 2 4 3 101
3 17 8 0 5 4 85
3 17 7 6 0 4 41
3 17 7 4 1 5 193
3 17 7 3 7 0 24
3 17 7 2 2 6 50
3 17 7 1 8 1 87
3 17 7 0 3 7 55
3 17 6 9 2 0 37
3 17 6 7 3 1 3
3 17 6 5 4 2 66
3 17 6 3 5 3 88
3 17 6 2 0 9 192
3 17 6 1 6 4 134
3 17 6 0 1 10 188
3 17 5 9 0 3 27
3 17 5 7 1 4 19
3 17 5 5 2 5 136
3 17 5 4 8 0 93
3 17 5 3 3 6 41
3 17 5 2 9 1 163
3 17 5 0 10 2 153
3 17 4 10 3 0 169
3 17 4 8 4 1 12
3 17 4 6 5 2 23
3 17 4 5 0 8 158
3 17 4 4 6 3 107
3 17 4 3 1 9 131
3 17 4 2 7 4 80
3 17 4 1 2 10 30
3 17 4 0 8 5 193
3 17 3 12 0 2 1
3 17 3 10 1 3 130
3 17 3 8 2 4 113
3 17 3 6 3 5 113
3 17 3 5 9 0 73
3 17 3 4 4 6 183
3 17 3 3 10 1 29
3 17 3 2 5 7 13
3 17 3 1 11 2 33
3 17 3 1 0 13 168
3 17 3 0 6 8 15
3 17 2 11 4 0 179
3 17 2 9 5 1 36
3 17 2 8 0 7 111
3 17 2 7 6 2 36
3 17 2 6 1 8 17
3 17 2 5 7 3 97
3 17 2 4 2 9 192
3 17 2 3 8 4 33
3 17 2 2 3 10 174
3 17 2 1 9 5 73
3 17 2 0 15 0 10
3 17 2 0 4 11 16
3 17 1 15 0 1 179
3 17 1 13 1 2 48
3 17 1 11 2 3 104
3 17 1 9 3 4 7
3 17 1 7 4 5 3
3 17 1 6 10 0 72
3 17 1 5 5 6 169
3 17 1 4 0 12 179
3 17 1 3 6 7 196
3 17 1 2 12 2 58
3 17 1 2 1 13 105
3 17 1 1 7 8 191
3 17 1 0 13 3 22
3 17 1 0 2 14 117
3 17 0 12 5 0 95
3 17 0 11 0 6 26
3 17 0 10 6 1 52
3 17 0 9 1 7 81
3 17 0 8 7 2 90
3 17 0 7 2 8 146
3 17 0 6 8 3 2
3 17 0 5 3 9 159
3 17 0 4 9 4 148
3 17 0 3 4 10 109
3 17 0 1 16 0 87
3 17 0 1 5 11 108
3 17 0 0 11 6 93
3 17 0 0 0 17 143
3 16 16 2 0 0 162
3 16 16 0 1 1 119
3 16 14 3 1 0 51
3 16 14 1 2 1 35
3 16 13 1 0 4 110
3 16 12 4 2 0 25
3 16 12 2 3 1 78
3 16 12 0 4 2 124
3 16 11 4 0 3 137
3 16 11 2 1 4 63
3 16 11 0 2 5 24
3 16 10 5 3 0 103
3 16 10 3 4 1 84
3 16 10 1 5 2 45
3 16 10 0 0 8 60
3 16 9 7 0 2 112
3 16 9 5 1 3 146
3 16 9 3 2 4 22
3 16 9 1 3 5 124
3 16 9 0 9 0 115
3 16 8 6 4 0 95
3 16 8 4 5 1 56
3 16 8 3 0 7 102
3 16 8 2 6 2 60
3 16 8 1 1 8 108
3 16 8 0 7 3 75
3 16 7 10 0 1 5
3 16 7 8 1 2 174
3 16 7 6 2 3 101
3 16 7 4 3 4 130
3 16 7 2 4 5 44
3 16 7 1 10 0 36
3 16 7 0 5 6 120
3 16 6 7 5 0 79
3 16 6 6 0 6 49
3 16 6 5 6 1 146
3 16 6 4 1 7 196
3 16 6 3 7 2 72
3 16 6 2 2 8 48
3 16 6 1 8 3 52
3 16 6 0 3 9 133
3 16 5 13 0 0 23
3 16 5 11 1 1 106
3 16 5 9 2 2 73
3 16 5 7 3 3 179
3 16 5 5 4 4 78
3 16 5 3 5 5 21
3 16 5 2 11 0 78
3 16 5 2 0 11 91
3 16 5 1 6 6 12
3 16 5 0 12 1 68
3 16 5 0 1 12 50
3 16 4 9 0 5 100
3 16 4 8 6 0 74
3 16 4 7 1 6 84
3 16 4 6 7 1 129
3 16 4 5 2 7 125
3 16 4 4 8 2 91
3 16 4 3 3 8 53
3 16 4 2 9 3 147
3 16 4 1 4 9 132
3 16 4 0 10 4 134
3 16 3 14 1 0 128
3 16 3 12 2 1 10
3 16 3 10 3 2 50
3 16 3 8 4 3 4
3 16 3 6 5 4 131
3 16 3 5 0 10 92
3 16 3 4 6 5 31
3 16 3 3 12 0 64
3 16 3 3 1 11 23
3 16 3 2 7 6 176
3 16 3 1 13 1 182
3 16 3 1 2 12 116
3 16 3 0 8 7 111
3 16 2 12 0 4 76
3 16 2 10 1 5 62
3 16 2 9 7 0 139
3 16 2 8 2 6 19
3 16 2 7 8 1 180
3 16 2 6 3 7 71
3 16 2 5 9 2 46
3 16 2 4 4 8 181
3 16 2 3 10 3 140
3 16 2 2 5 9 100
3 16 2 1 11 4 145
3 16 2 1 0 15 102
3 16 2 0 6 10 66
3 16 1 15 2 0 87
3 16 1 13 3 1 180
3 16 1 11 4 2 81
3 16 1 9 5 3 152
3 16 1 8 0 9 12
3 16 1 7 6 4 173
3 16 1 6 1 10 73
3 16 1 5 7 5 45
3 16 1 4 13 0 80
3 16 1 4 2 11 51
3 16 1 3 8 6 137
3 16 1 2 14 1 29
3 16 1 2 3 12 142
3 16 1 1 9 7 39
3 16 1 0 15 2 82
3 16 1 0 4 13 137
3 16 0 15 0 3 96
3 16 0 13 1 4 28
3 16 0 11 2 5 87
3 16 0 10 8 0 169
3 16 0 9 3 6 168
3 16 0 8 9 1 132
3 16 0 7 4 7 53
3 16 0 6 10 2 152
3 16 0 5 5 8 121
3 16 0 4 11 3 133
3 16 0 4 0 14 21
3 16 0 3 6 9 156
3 16 0 2 12 4 194
3 16 0 2 1 15 58
3 16 0 1 7 10 114
3 16 0 0 13 5 26
3 16 0 0 2 16 191
3 15 16 0 3 0 63
3 15 15 2 0 2 175
3 15 15 0 1 3 74
3 15 14 1 4 0 172
3 15 13 5 0 1 101
3 15 13 3 1 2 184
3 15 13 1 2 3 51
3 15 12 2 5 0 116
3 15 12 1 0 6 64
3 15 12 0 6 1 37
3 15 11 8 0 0 13
3 15 11 6 1 1 95
3 15 11 4 2 2 100
3 15 11 2 3 3 31
3 15 11 0 4 4 149
3 15 10 4 0 5 55
3 15 10 3 6 0 160
3 15 10 2 1 6 3
3 15 10 1 7 1 19
3 15 10 0 2 7 87
3 15 9 9 1 0 146
3 15 9 7 2 1 101
3 15 9 5 3 2 11
3 15 9 3 4 3 99
3 15 9 1 5 4 139
3 15 9 0 0 10 41
3 15 8 7 0 4 118
3 15 8 5 1 5 31
3 15 8 4 7 0 81
3 15 8 3 2 6 71
3 15 8 2 8 1 110
3 15 8 1 3 7 29
3 15 8 0 9 2 154
3 15 7 10 2 0 189
3 15 7 8 3 1 189
3 15 7 6 4 2 107
3 15 7 4 5 3 34
3 15 7 3 0 9 189
3 15 7 2 6 4 111
3 15 7 1 1 10 141
3 15 7 0 7 5 24
3 15 6 10 0 3 60
3 15 6 8 1 4 77
3 15 6 6 2 5 135
3 15 6 5 8 0 56
3 15 6 4 3 6 2
3 15 6 3 9 1 47
3 15 6 2 4 7 35
3 15 6 1 10 2 134
3 15 6 0 5 8 154
3 15 5 11 3 0 56
3 15 5 9 4 1 81
3 15 5 7 5 2 4
3 15 5 6 0 8 182
3 15 5 5 6 3 22
3 15 5 4 1 9 141
3 15 5 3 7 4 137
3 15 5 2 2 10 82
3 15 5 1 8 5 37
3 15 5 0 14 0 190
3 15 5 0 3 11 20
3 15 4 13 0 2 55
3 15 4 11 1 3 66
3 15 4 9 2 4 16
3 15 4 7 3 5 165
3 15 4 6 9 0 2
3 15 4 5 4 6 135
3 15 4 4 10 1 195
3 15 4 3 5 7 129
3 15 4 2 11 2 107
3 15 4 2 0 13 3
3 15 4 1 6 8 120
3 15 4 0 12 3 170
3 15 4 0 1 14 157
3 15 3 12 4 0 186
3 15 3 10 5 1 107
3 15 3 9 0 7 71
3 15 3 8 6 2 119
3 15 3 7 1 8 190
3 15 3 6 7 3 109
3 15 3 5 2 9 155
3 15 3 4 8 4 39
3 15 3 3 3 10 68
3 15 3 2 9 5 187
3 15 3 1 15 0 7
3 15 3 1 4 11 94
3 15 3 0 10 6 83
3 15 2 16 0 1 171
3 15 2 14 1 2 148
3 15 2 12 2 3 114
3 15 2 10 3 4 184
3 15 2 8 4 5 84
3 15 2 7 10 0 75
3 15 2 6 5 6 193
3 15 2 5 11 1 91
3 15 2 5 0 12 6
3 15 2 4 6 7 19
3 15 2 3 12 2 136
3 15 2 3 1 13 45
3 15 2 2 7 8 175
3 15 2 1 13 3 195
3 15 2 1 2 14 116
3 15 2 0 8 9 165
3 15 1 13 5 0 130
3 15 1 12 0 6 149
3 15 1 11 6 1 60
3 15 1 10 1 7 24
3 15 1 9 7 2 178
3 15 1 7 8 3 166
3 15 1 6 3 9 83
3 15 1 5 9 4 64
3 15 1 4 4 10 33
3 15 1 3 10 5 93
3 15 1 2 16 0 48
3 15 1 2 5 11 9
3 15 1 1 11 6 74
3 15 1 1 0 17 68
3 15 1 0 17 1 98
3 15 1 0 6 12 113
3 15 0 19 0 0 134
3 15 0 17 1 1 69
3 15 0 15 2 2 100
3 15 0 13 3 3 14
3 15 0 11 4 4 8
3 15 0 9 5 5 168
3 15 0 8 11 0 67
3 15 0 8 0 11 162
3 15 0 7 6 6 185
3 15 0 6 12 1 78
3 15 0 6 1 12 99
3 15 0 5 7 7 89
3 15 0 4 13 2 135
3 15 0 4 2 13 27
3 15 0 3 8 8 36
3 15 0 2 14 3 155
3 15 0 2 3 14 32
3 15 0 1 9 9 166
3 15 0 0 15 4 46
3 15 0 0 4 15 38
3 14 19 0 0 1 198
3 14 17 3 0 0 168
3 14 17 1 1 1 22
3 14 15 4 1 0 160
3 14 15 2 2 1 108
3 14 15 0 3 2 143
3 14 14 2 0 4 4
3 14 14 0 1 5 152
3 14 13 5 2 0 134
3 14 13 3 3 1 157
3 14 13 1 4 2 192
3 14 12 5 0 3 9
3 14 12 3 1 4 128
3 14 12 1 2 5 3
3 14 12 0 8 0 158
3 14 11 6 3 0 70
3 14 11 4 4 1 152
3 14 11 2 5 2 22
3 14 11 1 0 8 151
3 14 11 0 6 3 46
3 14 10 8 0 2 178
3 14 10 6 1 3 92
3 14 10 4 2 4 156
3 14 10 2 3 5 190
3 14 10 1 9 0 1
3 14 10 0 4 6 131
3 14 9 7 4 0 108
3 14 9 5 5 1 122
3 14 9 4 0 7 2
3 14 9 3 6 2 194
3 14 9 2 1 8 89
3 14 9 1 7 3 86
3 14 9 0 2 9 97
3 14 8 11 0 1 5
3 14 8 9 1 2 198
3 14 8 7 2 3 68
3 14 8 5 3 4 138
3 14 8 3 4 5 56
3 14 8 2 10 0 28
3 14 8 0 11 1 107
3 14 8 0 0 12 52
3 14 7 8 5 0 4
3 14 7 7 0 6 42
3 14 7 6 6 1 22
3 14 7 5 1 7 93
3 14 7 4 7 2 198
3 14 7 3 2 8 134
3 14 7 2 8 3 23
3 14 7 1 3 9 85
3 14 7 0 9 4 115
3 14 6 14 0 0 73
3 14 6 12 1 1 115
3 14 6 10 2 2 197
3 14 6 8 3 3 121
3 14 6 6 4 4 98
3 14 6 4 5 5 93
3 14 6 3 11 0 149
3 14 6 3 0 11 73
3 14 6 2 6 6 74
3 14 6 1 12 1 190
3 14 6 1 1 12 76
3 14 6 0 7 7 114
3 14 5 10 0 5 92
3 14 5 9 6 0 194
3 14 5 8 1 6 6
3 14 5 7 7 1 171
3 14 5 6 2 7 129
3 14 5 5 8 2 183
3 14 5 4 3 8 8
3 14 5 3 9 3 188
3 14 5 2 4 9 159
3 14 5 1 10 4 21
3 14 5 0 5 10 141
3 14 4 15 1 0 185
3 14 4 13 2 1 169
3 14 4 11 3 2 63
3 14 4 9 4 3 11
3 14 4 7 5 4 125
3 14 4 6 0 10 118
3 14 4 5 6 5 123
3 14 4 4 12 0 158
3 14 4 4 1 11 77
3 14 4 3 7 6 18
3 14 4 2 13 1 184
3 14 4 2 2 12 105
3 14 4 1 8 7 15
3 14 4 0 14 2 178
3 14 4 0 3 13 189
3 14 3 13 0 4 98
3 14 3 10 7 0 133
3 14 3 9 2 6 186
3 14 3 8 8 1 178
3 14 3 7 3 7 137
3 14 3 6 9 2 105
3 14 3 5 4 8 2
3 14 3 4 10 3 62
3 14 3 3 5 9 158
3 14 3 2 11 4 147
3 14 3 2 0 15 146
3 14 3 1 6 10 32
3 14 3 0 12 5 115
3 14 3 0 1 16 76
3 14 2 16 2 0 103
3 14 2 14 3 1 88
3 14 2 12 4 2 139
3 14 2 10 5 3 122
3 14 2 9 0 9 177
3 14 2 7 1 10 156
3 14 2 6 7 5 101
3 14 2 5 13 0 165
3 14 2 5 2 11 81
3 14 2 4 8 6 173
3 14 2 3 14 1 169
3 14 2 3 3 12 171
3 14 2 2 9 7 127
3 14 2 1 15 2 76
3 14 2 1 4 13 182
3 14 2 0 10 8 163
3 14 1 16 0 3 6
3 14 1 14 1 4 31
3 14 1 12 2 5 114
3 14 1 11 8 0 17
3 14 1 10 3 6 57
3 14 1 8 4 7 181
3 14 1 7 10 2 172
3 14 1 6 5 8 72
3 14 1 5 11 3 14
3 14 1 5 0 14 186
3 14 1 4 6 9 140
3 14 1 3 12 4 31
3 14 1 3 1 15 8
3 14 1 2 7 10 27
3 14 1 1 13 5 195
3 14 1 1 2 16 181
3 14 1 0 19 0 13
3 14 1 0 8 11 105
3 14 0 17 3 0 116
3 14 0 15 4 1 15
3 14 0 13 5 2 198
3 14 0 12 0 8 127
3 14 0 11 6 3 155
3 14 0 10 1 9 86
3 14 0 9 7 4 21
3 14 0 8 2 10 189
3 14 0 7 8 5 115
3 14 0 6 14 0 5
3 14 0 6 3 11 131
3 14 0 5 9 6 173
3 14 0 4 15 1 175
3 14 0 4 4 12 160
3 14 0 3 10 7 134
3 14 0 2 16 2 177
3 14 0 2 5 13 138
3 14 0 1 11 8 158
3 14 0 1 0 19 20
3 14 0 0 17 3 12
3 14 0 0 6 14 166
3 13 19 0 2 0 124
3 13 18 0 0 3 79
3 13 17 1 3 0 156
3 13 16 3 0 2 150
3 13 16 1 1 3 145
3 13 15 2 4 0 63
3 13 15 0 5 1 23
3 13 14 6 0 1 129
3 13 14 4 1 2 22
3 13 14 2 2 3 121
3 13 14 0 3 4 38
3 13 13 3 5 0 23
3 13 13 2 0 6 2
3 13 13 1 6 1 104
3 13 13 0 1 7 58
3 13 12 9 0 0 96
3 13 12 7 1 1 190
3 13 12 5 2 2 2
3 13 12 3 3 3 88
3 13 12 1 4 4 30
3 13 11 5 0 5 18
3 13 11 4 6 0 78
3 13 11 3 1 6 59
3 13 11 2 7 1 21
3 13 11 1 2 7 124
3 13 11 0 8 2 129
3 13 10 10 1 0 101
3 13 10 8 2 1 170
3 13 10 6 3 2 154
3 13 10 4 4 3 17
3 13 10 2 5 4 160
3 13 10 1 0 10 181
3 13 10 0 6 5 60
3 13 9 8 0 4 181
3 13 9 6 1 5 138
3 13 9 5 7 0 112
3 13 9 4 2 6 98
3 13 9 3 8 1 179
3 13 9 2 3 7 86
3 13 9 1 9 2 150
3 13 9 0 4 8 15
3 13 8 11 2 0 4
3 13 8 9 3 1 140
3 13 8 7 4 2 162
3 13 8 5 5 3 116
3 13 8 4 0 9 82
3 13 8 3 6 4 61
3 13 8 2 1 10 157
3 13 8 1 7 5 156
3 13 8 0 13 0 78
3 13 8 0 2 11 159
3 13 7 11 0 3 195
3 13 7 9 1 4 108
3 13 7 7 2 5 36
3 13 7 6 8 0 88
3 13 7 5 3 6 4
3 13 7 4 9 1 112
3 13 7 3 4 7 187
3 13 7 2 10 2 158
3 13 7 1 5 8 97
3 13 7 0 11 3 67
3 13 7 0 0 14 19
3 13 6 12 3 0 9
3 13 6 10 4 1 135
3 13 6 8 5 2 138
3 13 6 7 0 8 34
3 13 6 6 6 3 36
3 13 6 5 1 9 63
3 13 6 4 7 4 157
3 13 6 3 2 10 18
3 13 6 2 8 5 70
3 13 6 1 14 0 143
3 13 6 1 3 11 183
3 13 6 0 9 6 148
3 13 5 14 0 2 193
3 13 5 12 1 3 156
3 13 5 10 2 4 179
3 13 5 8 3 5 70
3 13 5 7 9 0 40
3 13 5 6 4 6 114
3 13 5 5 10 1 44
3 13 5 4 5 7 111
3 13 5 3 11 2 48
3 13 5 3 0 13 48
3 13 5 2 6 8 189
3 13 5 1 12 3 66
3 13 5 1 1 14 110
3 13 5 0 7 9 87
3 13 4 13 4 0 102
3 13 4 11 5 1 138
3 13 4 10 0 7 105
3 13 4 9 6 2 98
3 13 4 8 1 8 88
3 13 4 7 7 3 86
3 13 4 6 2 9 35
3 13 4 5 8 4 101
3 13 4 4 3 10 131
3 13 4 3 9 5 175
3 13 4 2 15 0 23
3 13 4 2 4 11 176
3 13 4 1 10 6 187
3 13 4 0 16 1 122
3 13 4 0 5 12 172
3 13 3 17 0 1 106
3 13 3 15 1 2 138
3 13 3 13 2 3 139
3 13 3 11 3 4 73
3 13 3 9 4 5 22
3 13 3 8 10 0 185
3 13 3 7 5 6 147
3 13 3 6 11 1 152
3 13 3 6 0 12 94
3 13 3 5 6 7 98
3 13 3 4 12 2 155
3 13 3 4 1 13 17
3 13 3 3 7 8 137
3 13 3 2 13 3 90
3 13 3 2 2 14 120
3 13 3 1 8 9 92
3 13 3 0 14 4 101
3 13 3 0 3 15 50
3 13 2 14 5 0 9
3 13 2 13 0 6 160
3 13 2 12 6 1 100
3 13 2 11 1 7 99
3 13 2 10 7 2 44
3 13 2 9 2 8 179
3 13 2 8 8 3 90
3 13 2 7 3 9 36
3 13 2 6 9 4 18
3 13 2 5 4 10 168
3 13 2 4 10 5 40
3 13 2 3 16 0 78
3 13 2 3 5 11 100
3 13 2 2 11 6 164
3 13 2 2 0 17 188
3 13 2 1 17 1 66
3 13 2 1 6 12 35
3 13 2 0 12 7 26
3 13 2 0 1 18 73
3 13 1 20 0 0 79
3 13 1 18 1 1 172
3 13 1 16 2 2 120
3 13 1 14 3 3 121
3 13 1 12 4 4 129
3 13 1 10 5 5 198
3 13 1 9 11 0 77
3 13 1 9 0 11 123
3 13 1 8 6 6 37
3 13 1 7 12 1 39
3 13 1 7 1 12 77
3 13 1 6 7 7 139
3 13 1 5 13 2 11
3 13 1 5 2 13 16
3 13 1 4 8 8 46
3 13 1 3 14 3 53
3 13 1 3 3 14 106
3 13 1 2 9 9 64
3 13 1 1 15 4 186
3 13 1 1 4 15 15
3 13 1 0 10 10 187
3 13 0 16 0 5 153
3 13 0 15 6 0 12
3 13 0 14 1 6 168
3 13 0 13 7 1 61
3 13 0 12 2 7 164
3 13 0 11 8 2 20
3 13 0 10 3 8 1
3 13 0 9 9 3 4
3 13 0 8 4 9 78
3 13 0 7 10 4 56
3 13 0 6 5 10 121
3 13 0 5 11 5 61
3 13 0 5 0 16 132
3 13 0 4 17 0 108
3 13 0 4 6 11 176
3 13 0 3 12 6 41
3 13 0 3 1 17 36
3 13 0 2 18 1 47
3 13 0 2 7 12 60
3 13 0 1 13 7 60
3 13 0 1 2 18 5
3 13 0 0 19 2 40
3 13 0 0 8 13 158
3 12 20 1 0 1 4
3 12 18 4 0 0 6
3 12 18 2 1 1 82
3 12 18 0 2 2 94
3 12 17 0 0 5 67
3 12 16 5 1 0 198
3 12 16 3 2 1 30
3 12 16 1 3 2 92
3 12 15 3 0 4 77
3 12 15 1 1 5 78
3 12 15 0 7 0 112
3 12 14 6 2 0 136
3 12 14 4 3 1 142
3 12 14 2 4 2 172
3 12 14 0 5 3 79
3 12 13 6 0 3 121
3 12 13 4 1 4 194
3 12 13 2 2 5 98
3 12 13 0 3 6 183
3 12 12 7 3 0 150
3 12 12 5 4 1 116
3 12 12 3 5 2 115
3 12 12 2 0 8 179
3 12 12 1 6 3 98
3 12 12 0 1 9 134
3 12 11 9 0 2 63
3 12 11 7 1 3 188
3 12 11 5 2 4 41
3 12 11 3 3 5 16
3 12 11 2 9 0 4
3 12 11 1 4 6 156
3 12 11 0 10 1 97
3 12 10 8 4 0 15
3 12 10 6 5 1 106
3 12 10 5 0 7 16
3 12 10 4 6 2 35
3 12 10 3 1 8 140
3 12 10 2 7 3 179
3 12 10 1 2 9 98
3 12 10 0 8 4 177
3 12 9 12 0 1 134
3 12 9 10 1 2 45
3 12 9 8 2 3 91
3 12 9 6 3 4 135
3 12 9 4 4 5 105
3 12 9 3 10 0 158
3 12 9 2 5 6 171
3 12 9 1 11 1 144
3 12 9 1 0 12 115
3 12 9 0 6 7 89
3 12 8 9 5 0 73
3 12 8 8 0 6 98
3 12 8 7 6 1 18
3 12 8 6 1 7 5
3 12 8 5 7 2 86
3 12 8 4 2 8 120
3 12 8 3 8 3 97
3 12 8 2 3 9 96
3 12 8 1 9 4 107
3 12 8 0 4 10 190
3 12 7 15 0 0 120
3 12 7 13 1 1 104
3 12 7 11 2 2 5
3 12 7 9 3 3 4
3 12 7 7 4 4 195
3 12 7 5 5 5 158
3 12 7 4 11 0 22
3 12 7 4 0 11 110
3 12 7 3 6 6 3
3 12 7 2 12 1 40
3 12 7 2 1 12 125
3 12 7 1 7 7 73
3 12 7 0 13 2 118
3 12 7 0 2 13 157
3 12 6 11 0 5 38
3 12 6 10 6 0 182
3 12 6 9 1 6 49
3 12 6 8 7 1 6
3 12 6 7 2 7 10
3 12 6 6 8 2 35
3 12 6 5 3 8 42
3 12 6 4 9 3 25
3 12 6 3 4 9 71
3 12 6 2 10 4 189
3 12 6 1 5 10 129
3 12 6 0 11 5 8
3 12 6 0 0 16 10
3 12 5 16 1 0 27
3 12 5 14 2 1 178
3 12 5 12 3 2 14
3 12 5 10 4 3 4
3 12 5 8 5 4 96
3 12 5 7 0 10 101
3 12 5 6 6 5 83
3 12 5 5 12 0 40
3 12 5 5 1 11 72
3 12 5 4 7 6 82
3 12 5 3 13 1 12
3 12 5 3 2 12 82
3 12 5 2 8 7 71
3 12 5 1 14 2 28
3 12 5 1 3 13 38
3 12 5 0 9 8 143
3 12 4 14 0 4 14
3 12 4 12 1 5 15
3 12 4 11 7 0 66
3 12 4 10 2 6 142
3 12 4 9 8 1 50
3 12 4 8 3 7 56
3 12 4 7 9 2 139
3 12 4 6 4 8 96
3 12 4 5 10 3 146
3 12 4 4 5 9 30
3 12 4 3 11 4 142
3 12 4 3 0 15 151
3 12 4 2 6 10 23
3 12 4 1 12 5 157
3 12 4 1 1 16 98
3 12 4 0 18 0 110
3 12 4 0 7 11 170
3 12 3 17 2 0 119
3 12 3 15 3 1 170
3 12 3 13 4 2 198
3 12 3 11 5 3 44
3 12 3 10 0 9 89
3 12 3 9 6 4 75
3 12 3 8 1 10 121
3 12 3 7 7 5 172
3 12 3 6 13 0 153
3 12 3 6 2 11 8
3 12 3 5 8 6 92
3 12 3 4 14 1 113
3 12 3 4 3 12 18
3 12 3 3 9 7 35
3 12 3 2 15 2 179
3 12 3 2 4 13 114
3 12 3 1 10 8 195
3 12 3 0 16 3 12
3 12 3 0 5 14 99
3 12 2 17 0 3 53
3 12 2 15 1 4 138
3 12 2 13 2 5 20
3 12 2 12 8 0 180
3 12 2 11 3 6 146
3 12 2 10 9 1 67
3 12 2 9 4 7 88
3 12 2 8 10 2 142
3 12 2 7 5 8 110
3 12 2 6 11 3 95
3 12 2 6 0 14 131
3 12 2 5 6 9 179
3 12 2 4 12 4 43
3 12 2 4 1 15 28
3 12 2 3 7 10 146
3 12 2 2 13 5 164
3 12 2 2 2 16 29
3 12 2 1 19 0 180
3 12 2 1 8 11 130
3 12 2 0 14 6 36
3 12 2 0 3 17 41
3 12 1 18 3 0 58
3 12 1 16 4 1 72
3 12 1 14 5 2 22
3 12 1 13 0 8 183
3 12 1 12 6 3 169
3 12 1 11 1 9 69
3 12 1 10 7 4 131
3 12 1 9 2 10 144
3 12 1 8 8 5 42
3 12 1 7 14 0 171
3 12 1 7 3 11 14
3 12 1 6 9 6 160
3 12 1 5 15 1 2
3 12 1 5 4 12 1
3 12 1 4 10 7 92
3 12 1 3 16 2 12
3 12 1 3 5 13 119
3 12 1 2 11 8 177
3 12 1 2 0 19 159
3 12 1 1 17 3 24
3 12 1 1 6 14 151
3 12 1 0 12 9 113
3 12 1 0 1 20 185
3 12 0 20 0 2 68
3 12 0 18 1 3 186
3 12 0 16 2 4 32
3 12 0 14 3 5 98
3 12 0 13 9 0 54
3 12 0 12 4 6 97
3 12 0 11 10 1 88
3 12 0 10 5 7 178
3 12 0 9 11 2 154
3 12 0 9 0 13 124
3 12 0 8 6 8 153
3 12 0 7 12 3 119
3 12 0 7 1 14 109
3 12 0 6 7 9 5
3 12 0 5 13 4 148
3 12 0 5 2 15 95
3 12 0 4 8 10 8
3 12 0 3 14 5 182
3 12 0 3 3 16 74
3 12 0 2 20 0 87
3 12 0 2 9 11 74
3 12 0 1 15 6 43
3 12 0 1 4 17 63
3 12 0 0 21 1 81
3 12 0 0 10 12 190
3 11 22 0 1 0 62
3 11 20 1 2 0 47
3 11 19 1 0 3 64
3 11 18 2 3 0 60
3 11 18 0 4 1 189
3 11 17 4 0 2 31
3 11 17 2 1 3 33
3 11 17 0 2 4 81
3 11 16 3 4 0 108
3 11 16 1 5 1 45
3 11 16 0 0 7 53
3 11 15 7 0 1 62
3 11 15 5 1 2 108
3 11 15 3 2 3 40
3 11 15 1 3 4 89
3 11 14 4 5 0 109
3 11 14 3 0 6 167
3 11 14 2 6 1 143
3 11 14 1 1 7 101
3 11 14 0 7 2 164
3 11 13 10 0 0 28
3 11 13 8 1 1 97
3 11 13 6 2 2 171
3 11 13 4 3 3 124
3 11 13 2 4 4 114
3 11 13 0 5 5 87
3 11 12 6 0 5 102
3 11 12 5 6 0 56
3 11 12 4 1 6 3
3 11 12 3 7 1 183
3 11 12 2 2 7 159
3 11 12 1 8 2 104
3 11 12 0 3 8 114
3 11 11 11 1 0 142
3 11 11 9 2 1 29
3 11 11 7 3 2 74
3 11 11 5 4 3 82
3 11 11 3 5 4 37
3 11 11 2 0 10 103
3 11 11 1 6 5 89
3 11 11 0 12 0 112
3 11 11 0 1 11 54
3 11 10 9 0 4 149
3 11 10 7 1 5 144
3 11 10 6 7 0 118
3 11 10 5 2 6 175
3 11 10 4 8 1 171
3 11 10 3 3 7 164
3 11 10 2 9 2 80
3 11 10 1 4 8 135
3 11 10 0 10 3 150
3 11 9 12 2 0 185
3 11 9 10 3 1 108
3 11 9 8 4 2 53
3 11 9 6 5 3 32
3 11 9 5 0 9 188
3 11 9 4 6 4 88
3 11 9 3 1 10 7
3 11 9 2 7 5 128
3 11 9 1 13 0 130
3 11 9 1 2 11 140
3 11 9 0 8 6 11
3 11 8 12 0 3 111
3 11 8 10 1 4 162
3 11 8 8 2 5 75
3 11 8 7 8 0 106
3 11 8 6 3 6 191
3 11 8 5 9 1 178
3 11 8 4 4 7 31
3 11 8 3 10 2 141
3 11 8 2 5 8 34
3 11 8 1 11 3 119
3 11 8 1 0 14 176
3 11 8 0 6 9 4
3 11 7 13 3 0 162
3 11 7 11 4 1 155
3 11 7 9 5 2 186
3 11 7 8 0 8 197
3 11 7 7 6 3 98
3 11 7 6 1 9 74
3 11 7 5 7 4 9
3 11 7 4 2 10 179
3 11 7 3 8 5 142
3 11 7 2 14 0 69
3 11 7 2 3 11 16
3 11 7 1 9 6 191
3 11 7 0 15 1 178
3 11 7 0 4 12 35
3 11 6 15 0 2 69
3 11 6 13 1 3 8
3 11 6 11 2 4 102
3 11 6 9 3 5 155
3 11 6 8 9 0 99
3 11 6 7 4 6 148
3 11 6 6 10 1 40
3 11 6 5 5 7 69
3 11 6 4 11 2 178
3 11 6 4 0 13 29
3 11 6 3 6 8 80
3 11 6 2 12 3 38
3 11 6 2 1 14 108
3 11 6 1 7 9 138
3 11 6 0 13 4 133
3 11 6 0 2 15 149
3 11 5 14 4 0 187
3 11 5 12 5 1 183
3 11 5 11 0 7 24
3 11 5 10 6 2 170
3 11 5 9 1 8 136
3 11 5 8 7 3 62
3 11 5 7 2 9 144
3 11 5 6 8 4 154
3 11 5 5 3 10 102
3 11 5 4 9 5 60
3 11 5 3 15 0 185
3 11 5 3 4 11 72
3 11 5 2 10 6 23
3 11 5 1 16 1 88
3 11 5 1 5 12 124
3 11 5 0 11 7 48
3 11 5 0 0 18 194
3 11 4 18 0 1 116
3 11 4 16 1 2 180
3 11 4 14 2 3 114
3 11 4 12 3 4 150
3 11 4 10 4 5 141
3 11 4 9 10 0 187
3 11 4 8 5 6 144
3 11 4 7 11 1 134
3 11 4 7 0 12 131
3 11 4 6 6 7 104
3 11 4 5 12 2 193
3 11 4 5 1 13 84
3 11 4 4 7 8 57
3 11 4 3 13 3 55
3 11 4 3 2 14 95
3 11 4 2 8 9 189
3 11 4 1 14 4 172
3 11 4 1 3 15 162
3 11 4 0 9 10 81
3 11 3 15 5 0 114
3 11 3 14 0 6 117
3 11 3 13 6 1 93
3 11 3 12 1 7 173
3 11 3 11 7 2 58
3 11 3 10 2 8 190
3 11 3 9 8 3 178
3 11 3 8 3 9 118
3 11 3 7 9 4 121
3 11 3 6 4 10 28
3 11 3 5 10 5 80
3 11 3 4 16 0 169
3 11 3 4 5 11 160
3 11 3 3 11 6 91
3 11 3 3 0 17 104
3 11 3 2 17 1 9
3 11 3 2 6 12 34
3 11 3 1 12 7 110
3 11 3 1 1 18 72
3 11 3 0 18 2 34
3 11 3 0 7 13 125
3 11 2 21 0 0 153
3 11 2 19 1 1 40
3 11 2 17 2 2 26
3 11 2 15 3 3 12
3 11 2 13 4 4 34
3 11 2 11 5 5 182
3 11 2 10 11 0 85
3 11 2 10 0 11 15
3 11 2 9 6 6 116
3 11 2 8 12 1 16
3 11 2 8 1 12 38
3 11 2 7 7 7 105
3 11 2 6 13 2 41
3 11 2 6 2 13 113
3 11 2 5 8 8 66
3 11 2 4 14 3 177
3 11 2 4 3 14 72
3 11 2 3 9 9 147
3 11 2 2 15 4 25
3 11 2 2 4 15 6
3 11 2 1 10 10 48
3 11 2 0 16 5 56
3 11 2 0 5 16 77
3 11 1 17 0 5 120
3 11 1 16 6 0 9
3 11 1 15 1 6 24
3 11 1 14 7 1 42
3 11 1 13 2 7 189
3 11 1 12 8 2 50
3 11 1 11 3 8 83
3 11 1 10 9 3 184
3 11 1 9 4 9 177
3 11 1 8 10 4 182
3 11 1 7 5 10 74
3 11 1 6 11 5 135
3 11 1 6 0 16 38
3 11 1 5 17 0 31
3 11 1 5 6 11 112
3 11 1 4 12 6 21
3 11 1 4 1 17 68
3 11 1 3 18 1 59
3 11 1 3 7 12 122
3 11 1 2 13 7 129
3 11 1 2 2 18 180
3 11 1 1 19 2 105
3 11 1 1 8 13 22
3 11 1 0 14 8 33
3 11 1 0 3 19 106
3 11 0 22 1 0 40
3 11 0 20 2 1 64
3 11 0 18 3 2 121
3 11 0 16 4 3 38
3 11 0 14 5 4 3
3 11 0 13 0 10 141
3 11 0 12 6 5 190
3 11 0 11 12 0 142
3 11 0 11 1 11 120
3 11 0 10 7 6 187
3 11 0 9 13 1 150
3 11 0 9 2 12 161
3 11 0 8 8 7 25
3 11 0 7 14 2 30
3 11 0 7 3 13 81
3 11 0 5 15 3 177
3 11 0 5 4 14 52
3 11 0 4 10 9 48
3 11 0 3 16 4 193
3 11 0 3 5 15 1
3 11 0 2 11 10 103
3 11 0 2 0 21 150
3 11 0 1 17 5 18
3 11 0 1 6 16 83
3 11 0 0 23 0 49
3 11 0 0 12 11 35
3 11 0 0 1 22 31
3 10 21 2 0 1 48
3 10 21 0 1 2 129
3 10 19 5 0 0 30
3 10 19 3 1 1 170
3 10 19 1 2 2 7
3 10 18 1 0 5 100
3 10 18 0 6 0 165
3 10 17 6 1 0 164
3 10 17 4 2 1 139
3 10 17 2 3 2 129
3 10 17 0 4 3 154
3 10 16 4 0 4 150
3 10 16 2 1 5 25
3 10 16 1 7 0 105
3 10 16 0 2 6 96
3 10 15 7 2 0 104
3 10 15 5 3 1 76
3 10 15 3 4 2 186
3 10 15 1 5 3 11
3 10 15 0 0 9 133
3 10 14 7 0 3 164
3 10 14 5 1 4 3
3 10 14 3 2 5 86
3 10 14 2 8 0 35
3 10 14 1 3 6 33
3 10 14 0 9 1 159
3 10 13 8 3 0 32
3 10 13 6 4 1 51
3 10 13 4 5 2 85
3 10 13 3 0 8 131
3 10 13 2 6 3 150
3 10 13 1 1 9 25
3 10 13 0 7 4 29
3 10 12 10 0 2 141
3 10 12 8 1 3 88
3 10 12 6 2 4 66
3 10 12 4 3 5 17
3 10 12 3 9 0 44
3 10 12 2 4 6 9
3 10 12 1 10 1 146
3 10 12 0 5 7 133
3 10 11 9 4 0 161
3 10 11 7 5 1 166
3 10 11 6 0 7 161
3 10 11 5 6 2 150
3 10 11 4 1 8 52
3 10 11 3 7 3 159
3 10 11 2 2 9 190
3 10 11 1 8 4 14
3 10 11 0 3 10 126
3 10 10 13 0 1 157
3 10 10 11 1 2 28
3 10 10 9 2 3 96
3 10 10 7 3 4 11
3 10 10 5 4 5 108
3 10 10 4 10 0 77
3 10 10 3 5 6 38
3 10 10 2 11 1 127
3 10 10 2 0 12 180
3 10 10 1 6 7 132
3 10 10 0 12 2 150
3 10 10 0 1 13 9
3 10 9 10 5 0 28
3 10 9 9 0 6 183
3 10 9 8 6 1 55
3 10 9 7 1 7 161
3 10 9 6 7 2 192
3 10 9 5 2 8 115
3 10 9 4 8 3 11
3 10 9 3 3 9 96
3 10 9 2 9 4 112
3 10 9 1 4 10 11
3 10 9 0 10 5 141
3 10 8 16 0 0 30
3 10 8 14 1 1 113
3 10 8 12 2 2 18
3 10 8 10 3 3 118
3 10 8 8 4 4 30
3 10 8 6 5 5 82
3 10 8 5 11 0 64
3 10 8 5 0 11 69
3 10 8 4 6 6 132
3 10 8 3 12 1 2
3 10 8 3 1 12 84
3 10 8 2 7 7 40
3 10 8 1 13 2 90
3 10 8 1 2 13 155
3 10 8 0 8 8 96
3 10 7 12 0 5 168
3 10 7 11 6 0 94
3 10 7 10 1 6 20
3 10 7 9 7 1 95
3 10 7 8 2 7 133
3 10 7 7 8 2 74
3 10 7 6 3 8 177
3 10 7 5 9 3 39
3 10 7 4 4 9 58
3 10 7 3 10 4 163
3 10 7 2 5 10 47
3 10 7 1 11 5 85
3 10 7 1 0 16 49
3 10 7 0 17 0 10
3 10 7 0 6 11 16
3 10 6 17 1 0 172
3 10 6 15 2 1 157
3 10 6 13 3 2 128
3 10 6 11 4 3 137
3 10 6 9 5 4 98
3 10 6 8 0 10 35
3 10 6 7 6 5 110
3 10 6 6 12 0 29
3 10 6 6 1 11 144
3 10 6 5 7 6 164
3 10 6 4 13 1 60
3 10 6 4 2 12 45
3 10 6 3 8 7 139
3 10 6 2 14 2 122
3 10 6 2 3 13 82
3 10 6 1 9 8 49
3 10 6 0 15 3 32
3 10 6 0 4 14 190
3 10 5 15 0 4 34
3 10 5 13 1 5 48
3 10 5 12 7 0 8
3 10 5 11 2 6 33
3 10 5 10 8 1 189
3 10 5 9 3 7 15
3 10 5 8 9 2 63
3 10 5 7 4 8 122
3 10 5 6 10 3 58
3 10 5 5 5 9 170
3 10 5 4 11 4 74
3 10 5 4 0 15 156
3 10 5 3 6 10 168
3 10 5 2 12 5 40
3 10 5 2 1 16 71
3 10 5 1 18 0 85
3 10 5 1 7 11 117
3 10 5 0 13 6 92
3 10 5 0 2 17 102
3 10 4 18 2 0 49
3 10 4 16 3 1 163
3 10 4 14 4 2 40
3 10 4 12 5 3 121
3 10 4 11 0 9 81
3 10 4 10 6 4 116
3 10 4 9 1 10 15
3 10 4 8 7 5 50
3 10 4 7 13 0 88
3 10 4 7 2 11 140
3 10 4 6 8 6 75
3 10 4 5 14 1 17
3 10 4 5 3 12 91
3 10 4 4 9 7 38
3 10 4 3 15 2 183
3 10 4 3 4 13 94
3 10 4 2 10 8 14
3 10 4 1 16 3 37
3 10 4 1 5 14 12
3 10 4 0 11 9 165
3 10 4 0 0 20 72
3 10 3 18 0 3 2
3 10 3 16 1 4 131
3 10 3 14 2 5 121
3 10 3 13 8 0 17
3 10 3 12 3 6 74
3 10 3 11 9 1 189
3 10 3 10 4 7 116
3 10 3 9 10 2 183
3 10 3 8 5 8 138
3 10 3 7 11 3 185
3 10 3 7 0 14 134
3 10 3 6 6 9 31
3 10 3 5 12 4 85
3 10 3 5 1 15 136
3 10 3 4 7 10 6
3 10 3 3 13 5 160
3 10 3 3 2 16 35
3 10 3 2 19 0 182
3 10 3 2 8 11 141
3 10 3 1 14 6 198
3 10 3 1 3 17 51
3 10 3 0 20 1 69
3 10 3 0 9 12 36
3 10 2 19 3 0 129
3 10 2 17 4 1 184
3 10 2 15 5 2 191
3 10 2 14 0 8 188
3 10 2 13 6 3 88
3 10 2 12 1 9 14
3 10 2 11 7 4 150
3 10 2 10 2 10 163
3 10 2 9 8 5 123
3 10 2 8 14 0 5
3 10 2 8 3 11 79
3 10 2 7 9 6 102
3 10 2 6 15 1 86
3 10 2 6 4 12 107
3 10 2 5 10 7 53
3 10 2 4 16 2 28
3 10 2 4 5 13 70
3 10 2 3 11 8 151
3 10 2 3 0 19 193
3 10 2 2 17 3 42
3 10 2 2 6 14 192
3 10 2 1 12 9 101
3 10 2 1 1 20 66
3 10 2 0 18 4 99
3 10 2 0 7 15 37
3 10 1 21 0 2 176
3 10 1 19 1 3 79
3 10 1 17 2 4 19
3 10 1 15 3 5 190
3 10 1 14 9 0 118
3 10 1 13 4 6 147
3 10 1 12 10 1 176
3 10 1 11 5 7 190
3 10 1 10 11 2 56
3 10 1 10 0 13 17
3 10 1 9 6 8 165
3 10 1 8 12 3 13
3 10 1 8 1 14 38
3 10 1 7 7 9 29
3 10 1 6 13 4 131
3 10 1 6 2 15 54
3 10 1 5 8 10 30
3 10 1 4 14 5 142
3 10 1 4 3 16 57
3 10 1 3 20 0 7
3 10 1 3 9 11 105
3 10 1 2 15 6 100
3 10 1 2 4 17 89
3 10 1 1 21 1 38
3 10 1 1 10 12 84
3 10 1 0 16 7 192
3 10 1 0 5 18 173
3 10 0 20 4 0 100
3 10 0 18 5 1 194
3 10 0 17 0 7 82
3 10 0 16 6 2 132
3 10 0 15 1 8 96
3 10 0 14 7 3 193
3 10 0 13 2 9 118
3 10 0 12 8 4 75
3 10 0 11 3 10 3
3 10 0 10 9 5 96
3 10 0 9 15 0 127
3 10 0 9 4 11 131
3 10 0 8 10 6 139
3 10 0 7 16 1 67
3 10 0 7 5 12 6
3 10 0 6 11 7 183
3 10 0 6 0 18 102
3 10 0 5 6 13 100
3 10 0 4 12 8 193
3 10 0 4 1 19 166
3 10 0 3 18 3 192
3 10 0 3 7 14 149
3 10 0 2 13 9 27
3 10 0 2 2 20 161
3 10 0 1 19 4 169
3 10 0 1 8 15 139
3 10 0 0 14 10 164
3 10 0 0 3 21 45
3 9 25 0 0 0 194
3 9 23 1 1 0 44
3 9 21 2 2 0 186
3 9 21 0 3 1 130
3 9 20 2 0 3 70
3 9 20 0 1 4 164
3 9 19 3 3 0 136
3 9 19 1 4 1 124
3 9 18 5 0 2 106
3 9 18 3 1 3 119
3 9 18 1 2 4 131
3 9 17 4 4 0 189
3 9 17 2 5 1 130
3 9 17 1 0 7 58
3 9 17 0 6 2 90
3 9 16 8 0 1 128
3 9 16 6 1 2 151
3 9 16 4 2 3 167
3 9 16 2 3 4 75
3 9 16 0 4 5 22
3 9 15 5 5 0 148
3 9 15 4 0 6 50
3 9 15 3 6 1 89
3 9 15 2 1 7 99
3 9 15 1 7 2 51
3 9 15 0 2 8 149
3 9 14 11 0 0 23
3 9 14 9 1 1 34
3 9 14 7 2 2 133
3 9 14 5 3 3 182
3 9 14 3 4 4 138
3 9 14 1 5 5 177
3 9 14 0 11 0 138
3 9 14 0 0 11 38
3 9 13 7 0 5 91
3 9 13 6 6 0 160
3 9 13 5 1 6 3
3 9 13 4 7 1 53
3 9 13 3 2 7 20
3 9 13 2 8 2 21
3 9 13 1 3 8 35
3 9 13 0 9 3 1
3 9 12 12 1 0 120
3 9 12 10 2 1 6
3 9 12 8 3 2 80
3 9 12 6 4 3 62
3 9 12 4 5 4 111
3 9 12 3 0 10 147
3 9 12 2 6 5 152
3 9 12 1 12 0 74
3 9 12 1 1 11 177
3 9 12 0 7 6 105
3 9 11 10 0 4 89
3 9 11 8 1 5 89
3 9 11 7 7 0 198
3 9 11 6 2 6 104
3 9 11 5 8 1 111
3 9 11 4 3 7 146
3 9 11 3 9 2 172
3 9 11 2 4 8 30
3 9 11 1 10 3 136
3 9 11 0 5 9 161
3 9 10 13 2 0 149
3 9 10 11 3 1 197
3 9 10 9 4 2 9
3 9 10 7 5 3 20
3 9 10 6 0 9 94
3 9 10 5 6 4 179
3 9 10 4 1 10 95
3 9 10 3 7 5 74
3 9 10 2 13 0 10
3 9 10 2 2 11 133
3 9 10 1 8 6 129
3 9 10 0 14 1 160
3 9 10 0 3 12 183
3 9 9 13 0 3 80
3 9 9 11 1 4 157
3 9 9 9 2 5 21
3 9 9 8 8 0 180
3 9 9 7 3 6 14
3 9 9 6 9 1 69
3 9 9 5 4 7 191
3 9 9 4 10 2 103
3 9 9 3 5 8 5
3 9 9 2 11 3 145
3 9 9 2 0 14 120
3 9 9 1 6 9 56
3 9 9 0 12 4 189
3 9 9 0 1 15 48
3 9 8 14 3 0 107
3 9 8 12 4 1 52
3 9 8 10 5 2 152
3 9 8 9 0 8 156
3 9 8 8 6 3 121
3 9 8 7 1 9 17
3 9 8 6 7 4 178
3 9 8 5 2 10 170
3 9 8 4 8 5 10
3 9 8 3 14 0 5
3 9 8 3 3 11 44
3 9 8 2 9 6 88
3 9 8 1 15 1 36
3 9 8 1 4 12 55
3 9 8 0 10 7 145
3 9 7 16 0 2 116
3 9 7 14 1 3 71
3 9 7 12 2 4 17
3 9 7 10 3 5 151
3 9 7 9 9 0 44
3 9 7 8 4 6 165
3 9 7 7 10 1 83
3 9 7 6 5 7 120
3 9 7 5 11 2 167
3 9 7 5 0 13 41
3 9 7 4 6 8 17
3 9 7 3 12 3 145
3 9 7 3 1 14 97
3 9 7 2 7 9 15
3 9 7 1 13 4 141
3 9 7 1 2 15 64
3 9 7 0 8 10 20
3 9 6 15 4 0 182
3 9 6 13 5 1 58
3 9 6 12 0 7 46
3 9 6 11 6 2 191
3 9 6 10 1 8 80
3 9 6 9 7 3 116
3 9 6 8 2 9 18
3 9 6 7 8 4 60
3 9 6 6 3 10 13
3 9 6 5 9 5 90
3 9 6 4 15 0 140
3 9 6 4 4 11 119
3 9 6 3 10 6 68
3 9 6 2 16 1 189
3 9 6 2 5 12 133
3 9 6 1 11 7 138
3 9 6 1 0 18 68
3 9 6 0 17 2 120
3 9 6 0 6 13 65
3 9 5 19 0 1 181
3 9 5 17 1 2 70
3 9 5 15 2 3 35
3 9 5 13 3 4 105
3 9 5 11 4 5 2
3 9 5 10 10 0 154
3 9 5 9 5 6 93
3 9 5 8 11 1 7
3 9 5 8 0 12 65
3 9 5 7 6 7 6
3 9 5 6 12 2 170
3 9 5 6 1 13 122
3 9 5 5 7 8 189
3 9 5 4 13 3 84
3 9 5 4 2 14 149
3 9 5 3 8 9 146
3 9 5 2 14 4 123
3 9 5 2 3 15 186
3 9 5 1 9 10 33
3 9 5 0 15 5 193
3 9 5 0 4 16 144
3 9 4 16 5 0 9
3 9 4 15 0 6 139
3 9 4 14 6 1 89
3 9 4 13 1 7 168
3 9 4 12 7 2 128
3 9 4 11 2 8 13
3 9 4 10 8 3 148
3 9 4 9 3 9 146
3 9 4 8 9 4 106
3 9 4 7 4 10 128
3 9 4 6 10 5 67
3 9 4 5 16 0 149
3 9 4 5 5 11 123
3 9 4 4 11 6 36
3 9 4 4 0 17 191
3 9 4 3 17 1 190
3 9 4 3 6 12 141
3 9 4 2 12 7 77
3 9 4 2 1 18 97
3 9 4 1 18 2 121
3 9 4 1 7 13 86
3 9 4 0 13 8 141
3 9 4 0 2 19 166
3 9 3 22 0 0 145
3 9 3 20 1 1 62
3 9 3 18 2 2 148
3 9 3 16 3 3 86
3 9 3 14 4 4 92
3 9 3 12 5 5 134
3 9 3 11 11 0 164
3 9 3 11 0 11 29
3 9 3 10 6 6 167
3 9 3 9 12 1 28
3 9 3 9 1 12 39
3 9 3 8 7 7 71
3 9 3 7 13 2 154
3 9 3 7 2 13 60
3 9 3 6 8 8 148
3 9 3 5 14 3 88
3 9 3 5 3 14 190
3 9 3 4 9 9 138
3 9 3 3 15 4 8
3 9 3 3 4 15 29
3 9 3 2 10 10 5
3 9 3 1 16 5 114
3 9 3 1 5 16 89
3 9 3 0 22 0 104
3 9 3 0 11 11 132
3 9 3 0 0 22 77
3 9 2 18 0 5 27
3 9 2 17 6 0 191
3 9 2 16 1 6 38
3 9 2 15 7 1 104
3 9 2 14 2 7 67
3 9 2 12 3 8 64
3 9 2 11 9 3 194
3 9 2 10 4 9 87
3 9 2 9 10 4 67
3 9 2 8 5 10 110
3 9 2 7 11 5 58
3 9 2 7 0 16 133
3 9 2 6 17 0 89
3 9 2 6 6 11 161
3 9 2 5 12 6 73
3 9 2 5 1 17 80
3 9 2 4 18 1 150
3 9 2 4 7 12 25
3 9 2 3 13 7 114
3 9 2 3 2 18 194
3 9 2 2 19 2 123
3 9 2 2 8 13 142
3 9 2 1 14 8 56
3 9 2 1 3 19 114
3 9 2 0 20 3 133
3 9 2 0 9 14 95
3 9 1 23 1 0 17
3 9 1 21 2 1 14
3 9 1 19 3 2 179
3 9 1 17 4 3 48
3 9 1 15 5 4 108
3 9 1 14 0 10 39
3 9 1 13 6 5 7
3 9 1 12 12 0 189
3 9 1 12 1 11 189
3 9 1 11 7 6 33
3 9 1 10 13 1 25
3 9 1 10 2 12 86
3 9 1 9 8 7 88
3 9 1 8 14 2 95
3 9 1 8 3 13 185
3 9 1 7 9 8 43
3 9 1 6 15 3 70
3 9 1 6 4 14 91
3 9 1 5 10 9 171
3 9 1 4 16 4 118
3 9 1 4 5 15 195
3 9 1 3 11 10 85
3 9 1 3 0 21 14
3 9 1 2 17 5 95
3 9 1 2 6 16 78
3 9 1 1 23 0 63
3 9 1 1 12 11 150
3 9 1 1 1 22 140
3 9 1 0 18 6 77
3 9 1 0 7 17 127
3 9 0 21 0 4 137
3 9 0 19 1 5 162
3 9 0 18 7 0 188
3 9 0 17 2 6 142
3 9 0 16 8 1 9
3 9 0 15 3 7 192
3 9 0 14 9 2 8
3 9 0 13 4 8 181
3 9 0 12 10 3 15
3 9 0 11 5 9 44
3 9 0 10 11 4 12
3 9 0 10 0 15 91
3 9 0 9 6 10 56
3 9 0 8 12 5 90
3 9 0 8 1 16 2
3 9 0 7 18 0 97
3 9 0 7 7 11 100
3 9 0 6 13 6 110
3 9 0 6 2 17 44
3 9 0 5 19 1 92
3 9 0 5 8 12 54
3 9 0 4 14 7 76
3 9 0 4 3 18 196
3 9 0 3 20 2 180
3 9 0 3 9 13 183
3 9 0 2 15 8 39
3 9 0 2 4 19 185
3 9 0 1 21 3 137
3 9 0 1 10 14 53
3 9 0 0 16 9 47
3 9 0 0 5 20 28
3 8 24 0 0 2 17
3 8 22 3 0 1 68
3 8 22 1 1 2 130
3 8 21 0 5 0 98
3 8 20 6 0 0 29
3 8 20 4 1 1 60
3 8 20 2 2 2 73
3 8 20 0 3 3 74
3 8 19 2 0 5 14
3 8 19 1 6 0 36
3 8 19 0 1 6 33
3 8 18 7 1 0 183
3 8 18 5 2 1 99
3 8 18 3 3 2 83
3 8 18 1 4 3 73
3 8 17 5 0 4 144
3 8 17 3 1 5 149
3 8 17 2 7 0 184
3 8 17 1 2 6 158
3 8 17 0 8 1 43
3 8 16 8 2 0 4
3 8 16 6 3 1 144
3 8 16 4 4 2 49
3 8 16 2 5 3 177
3 8 16 1 0 9 91
3 8 16 0 6 4 42
3 8 15 8 0 3 143
3 8 15 6 1 4 10
3 8 15 4 2 5 44
3 8 15 3 8 0 173
3 8 15 2 3 6 189
3 8 15 1 9 1 92
3 8 15 0 4 7 102
3 8 14 9 3 0 138
3 8 14 7 4 1 18
3 8 14 5 5 2 150
3 8 14 4 0 8 98
3 8 14 3 6 3 78
3 8 14 2 1 9 114
3 8 14 1 7 4 146
3 8 14 0 2 10 32
3 8 13 11 0 2 60
3 8 13 9 1 3 31
3 8 13 7 2 4 111
3 8 13 5 3 5 50
3 8 13 4 9 0 172
3 8 13 3 4 6 108
3 8 13 2 10 1 163
3 8 13 1 5 7 111
3 8 13 0 11 2 128
3 8 13 0 0 13 182
3 8 12 10 4 0 57
3 8 12 8 5 1 79
3 8 12 7 0 7 94
3 8 12 6 6 2 110
3 8 12 5 1 8 27
3 8 12 4 7 3 77
3 8 12 3 2 9 124
3 8 12 2 8 4 191
3 8 12 1 3 10 16
3 8 12 0 9 5 114
3 8 11 12 1 2 128
3 8 11 10 2 3 33
3 8 11 8 3 4 32
3 8 11 6 4 5 169
3 8 11 5 10 0 99
3 8 11 4 5 6 171
3 8 11 3 11 1 67
3 8 11 3 0 12 39
3 8 11 2 6 7 132
3 8 11 1 12 2 163
3 8 11 1 1 13 43
3 8 11 0 7 8 188
3 8 10 11 5 0 32
3 8 10 10 0 6 179
3 8 10 9 6 1 12
3 8 10 8 1 7 22
3 8 10 7 7 2 23
3 8 10 6 2 8 191
3 8 10 5 8 3 70
3 8 10 4 3 9 51
3 8 10 3 9 4 158
3 8 10 2 4 10 37
3 8 10 1 10 5 167
3 8 10 0 16 0 108
3 8 10 0 5 11 43
3 8 9 17 0 0 81
3 8 9 15 1 1 53
3 8 9 13 2 2 40
3 8 9 11 3 3 197
3 8 9 9 4 4 91
3 8 9 7 5 5 167
3 8 9 6 11 0 143
3 8 9 6 0 11 82
3 8 9 5 6 6 191
3 8 9 4 12 1 133
3 8 9 4 1 12 37
3 8 9 3 7 7 188
3 8 9 2 13 2 101
3 8 9 2 2 13 74
3 8 9 1 8 8 55
3 8 9 0 14 3 106
3 8 9 0 3 14 49
3 8 8 13 0 5 43
3 8 8 12 6 0 74
3 8 8 11 1 6 152
3 8 8 10 7 1 110
3 8 8 9 2 7 180
3 8 8 8 8 2 64
3 8 8 7 3 8 52
3 8 8 6 9 3 38
3 8 8 5 4 9 76
3 8 8 4 10 4 152
3 8 8 3 5 10 24
3 8 8 2 11 5 117
3 8 8 2 0 16 151
3 8 8 1 17 0 77
3 8 8 1 6 11 149
3 8 8 0 12 6 140
3 8 8 0 1 17 149
3 8 7 18 1 0 50
3 8 7 16 2 1 29
3 8 7 14 3 2 13
3 8 7 12 4 3 171
3 8 7 10 5 4 71
3 8 7 9 0 10 117
3 8 7 8 6 5 78
3 8 7 7 12 0 87
3 8 7 7 1 11 53
3 8 7 6 7 6 67
3 8 7 5 13 1 21
3 8 7 5 2 12 134
3 8 7 4 8 7 91
3 8 7 3 14 2 198
3 8 7 3 3 13 18
3 8 7 2 9 8 4
3 8 7 1 15 3 68
3 8 7 1 4 14 177
3 8 7 0 10 9 5
3 8 6 16 0 4 105
3 8 6 14 1 5 45
3 8 6 13 7 0 123
3 8 6 12 2 6 3
3 8 6 11 8 1 68
3 8 6 10 3 7 52
3 8 6 9 9 2 102
3 8 6 8 4 8 180
3 8 6 7 10 3 87
3 8 6 6 5 9 35
3 8 6 5 11 4 117
3 8 6 5 0 15 172
3 8 6 4 6 10 39
3 8 6 3 12 5 94
3 8 6 3 1 16 105
3 8 6 2 18 0 44
3 8 6 2 7 11 86
3 8 6 1 13 6 34
3 8 6 1 2 17 55
3 8 6 0 19 1 24
3 8 6 0 8 12 69
3 8 5 19 2 0 114
3 8 5 17 3 1 74
3 8 5 15 4 2 46
3 8 5 13 5 3 129
3 8 5 12 0 9 7
3 8 5 11 6 4 62
3 8 5 10 1 10 36
3 8 5 9 7 5 131
3 8 5 8 13 0 86
3 8 5 8 2 11 154
3 8 5 7 8 6 109
3 8 5 6 14 1 90
3 8 5 6 3 12 3
3 8 5 5 9 7 89
3 8 5 4 15 2 145
3 8 5 4 4 13 23
3 8 5 3 10 8 126
3 8 5 2 16 3 163
3 8 5 2 5 14 4
3 8 5 1 11 9 128
3 8 5 1 0 20 125
3 8 5 0 17 4 77
3 8 5 0 6 15 152
3 8 4 19 0 3 1
3 8 4 17 1 4 33
3 8 4 15 2 5 23
3 8 4 14 8 0 23
3 8 4 13 3 6 73
3 8 4 12 9 1 165
3 8 4 11 4 7 90
3 8 4 10 10 2 35
3 8 4 9 5 8 94
3 8 4 8 11 3 175
3 8 4 8 0 14 187
3 8 4 7 6 9 77
3 8 4 6 12 4 186
3 8 4 6 1 15 82
3 8 4 5 7 10 29
3 8 4 4 13 5 136
3 8 4 4 2 16 134
3 8 4 3 19 0 178
3 8 4 3 8 11 178
3 8 4 2 14 6 176
3 8 4 2 3 17 147
3 8 4 1 20 1 42
3 8 4 1 9 12 105
3 8 4 0 15 7 92
3 8 4 0 4 18 154
3 8 3 20 3 0 125
3 8 3 18 4 1 169
3 8 3 16 5 2 132
3 8 3 15 0 8 16
3 8 3 14 6 3 194
3 8 3 13 1 9 47
3 8 3 12 7 4 96
3 8 3 11 2 10 15
3 8 3 10 8 5 128
3 8 3 9 14 0 107
3 8 3 9 3 11 123
3 8 3 8 9 6 58
3 8 3 7 15 1 122
3 8 3 7 4 12 146
3 8 3 6 10 7 138
3 8 3 5 16 2 12
3 8 3 5 5 13 117
3 8 3 4 11 8 55
3 8 3 4 0 19 145
3 8 3 3 17 3 116
3 8 3 3 6 14 95
3 8 3 2 12 9 187
3 8 3 2 1 20 160
3 8 3 1 18 4 182
3 8 3 1 7 15 10
3 8 3 0 13 10 188
3 8 3 0 2 21 130
3 8 2 22 0 2 35
3 8 2 20 1 3 116
3 8 2 18 2 4 137
3 8 2 16 3 5 85
3 8 2 15 9 0 142
3 8 2 14 4 6 96
3 8 2 13 10 1 8
3 8 2 12 5 7 35
3 8 2 11 11 2 167
3 8 2 11 0 13 65
3 8 2 10 6 8 159
3 8 2 9 12 3 18
3 8 2 9 1 14 140
3 8 2 8 7 9 58
3 8 2 7 13 4 122
3 8 2 7 2 15 61
3 8 2 6 8 10 78
3 8 2 5 14 5 193
3 8 2 5 3 16 69
3 8 2 4 20 0 69
3 8 2 4 9 11 93
3 8 2 3 15 6 25
3 8 2 3 4 17 134
3 8 2 2 21 1 50
3 8 2 2 10 12 97
3 8 2 1 16 7 123
3 8 2 1 5 18 161
3 8 2 0 22 2 135
3 8 2 0 11 13 165
3 8 2 0 0 24 121
3 8 1 21 4 0 175
3 8 1 19 5 1 66
3 8 1 18 0 7 142
3 8 1 17 6 2 48
3 8 1 16 1 8 87
3 8 1 15 7 3 145
3 8 1 14 2 9 163
3 8 1 13 8 4 145
3 8 1 12 3 10 5
3 8 1 11 9 5 39
3 8 1 10 15 0 19
3 8 1 10 4 11 71
3 8 1 9 10 6 125
3 8 1 8 16 1 170
3 8 1 8 5 12 70
3 8 1 7 11 7 24
3 8 1 7 0 18 167
3 8 1 6 17 2 135
3 8 1 6 6 13 194
3 8 1 5 12 8 117
3 8 1 5 1 19 25
3 8 1 4 18 3 44
3 8 1 4 7 14 132
3 8 1 3 13 9 106
3 8 1 3 2 20 188
3 8 1 2 19 4 84
3 8 1 2 8 15 68
3 8 1 1 14 10 56
3 8 1 1 3 21 167
3 8 1 0 20 5 33
3 8 1 0 9 16 62
3 8 0 25 0 1 107
3 8 0 23 1 2 178
3 8 0 21 2 3 172
3 8 0 19 3 4 94
3 8 0 17 4 5 172
3 8 0 16 10 0 11
3 8 0 15 5 6 103
3 8 0 14 11 1 157
3 8 0 14 0 12 99
3 8 0 13 6 7 187
3 8 0 12 12 2 94
3 8 0 12 1 13 1
3 8 0 11 7 8 83
3 8 0 10 13 3 82
3 8 0 10 2 14 80
3 8 0 9 8 9 21
3 8 0 8 14 4 144
3 8 0 8 3 15 98
3 8 0 7 9 10 159
3 8 0 6 15 5 83
3 8 0 6 4 16 12
3 8 0 5 21 0 156
3 8 0 5 10 11 31
3 8 0 4 16 6 177
3 8 0 4 5 17 21
3 8 0 3 22 1 88
3 8 0 3 11 12 142
3 8 0 3 0 23 160
3 8 0 2 17 7 54
3 8 0 2 6 18 47
3 8 0 1 23 2 152
3 8 0 1 12 13 82
3 8 0 1 1 24 80
3 8 0 0 18 8 81
3 8 0 0 7 19 118
3 7 26 1 0 0 21
3 7 24 2 1 0 143
3 7 24 0 2 1 60
3 7 23 0 0 4 99
3 7 22 3 2 0 9
3 7 22 1 3 1 104
3 7 21 3 0 3 65
3 7 21 1 1 4 43
3 7 20 4 3 0 117
3 7 20 2 4 1 15
3 7 20 0 5 2 43
3 7 19 6 0 2 60
3 7 19 4 1 3 146
3 7 19 2 2 4 60
3 7 19 0 3 5 50
3 7 18 5 4 0 144
3 7 18 3 5 1 113
3 7 18 2 0 7 20
3 7 18 1 6 2 109
3 7 18 0 1 8 192
3 7 17 9 0 1 153
3 7 17 7 1 2 121
3 7 17 5 2 3 127
3 7 17 3 3 4 168
3 7 17 1 4 5 183
3 7 17 0 10 0 80
3 7 16 6 5 0 151
3 7 16 5 0 6 66
3 7 16 4 6 1 76
3 7 16 3 1 7 151
3 7 16 2 7 2 45
3 7 16 1 2 8 24
3 7 16 0 8 3 35
3 7 15 12 0 0 113
3 7 15 10 1 1 25
3 7 15 8 2 2 119
3 7 15 6 3 3 154
3 7 15 4 4 4 80
3 7 15 2 5 5 188
3 7 15 1 11 0 98
3 7 15 1 0 11 39
3 7 15 0 6 6 96
3 7 14 8 0 5 129
3 7 14 7 6 0 28
3 7 14 6 1 6 16
3 7 14 5 7 1 164
3 7 14 4 2 7 108
3 7 14 3 8 2 61
3 7 14 2 3 8 47
3 7 14 1 9 3 192
3 7 14 0 4 9 134
3 7 13 13 1 0 13
3 7 13 11 2 1 148
3 7 13 9 3 2 178
3 7 13 7 4 3 55
3 7 13 5 5 4 140
3 7 13 4 0 10 133
3 7 13 3 6 5 11
3 7 13 2 12 0 68
3 7 13 2 1 11 65
3 7 13 1 7 6 125
3 7 13 0 13 1 119
3 7 13 0 2 12 78
3 7 12 11 0 4 165
3 7 12 9 1 5 60
3 7 12 8 7 0 91
3 7 12 7 2 6 77
3 7 12 6 8 1 19
3 7 12 5 3 7 181
3 7 12 4 9 2 151
3 7 12 3 4 8 143
3 7 12 2 10 3 160
3 7 12 1 5 9 127
3 7 12 0 11 4 132
3 7 12 0 0 15 95
3 7 11 14 2 0 187
3 7 11 12 3 1 56
3 7 11 10 4 2 42
3 7 11 8 5 3 40
3 7 11 7 0 9 150
3 7 11 6 6 4 148
3 7 11 5 1 10 57
3 7 11 4 7 5 89
3 7 11 3 13 0 25
3 7 11 3 2 11 66
3 7 11 2 8 6 136
3 7 11 1 14 1 40
3 7 11 1 3 12 182
3 7 11 0 9 7 22
3 7 10 14 0 3 110
3 7 10 12 1 4 188
3 7 10 10 2 5 88
3 7 10 9 8 0 80
3 7 10 8 3 6 166
3 7 10 7 9 1 65
3 7 10 6 4 7 64
3 7 10 5 10 2 78
3 7 10 4 5 8 72
3 7 10 3 11 3 69
3 7 10 3 0 14 24
3 7 10 2 6 9 52
3 7 10 1 12 4 175
3 7 10 1 1 15 124
3 7 10 0 7 10 96
3 7 9 15 3 0 177
3 7 9 13 4 1 142
3 7 9 11 5 2 36
3 7 9 10 0 8 148
3 7 9 9 6 3 18
3 7 9 8 1 9 33
3 7 9 7 7 4 181
3 7 9 6 2 10 42
3 7 9 5 8 5 166
3 7 9 4 14 0 15
3 7 9 4 3 11 18
3 7 9 3 9 6 66
3 7 9 2 15 1 113
3 7 9 2 4 12 138
3 7 9 1 10 7 136
3 7 9 0 16 2 186
3 7 9 0 5 13 38
3 7 8 17 0 2 54
3 7 8 15 1 3 3
3 7 8 13 2 4 181
3 7 8 11 3 5 66
3 7 8 10 9 0 20
3 7 8 9 4 6 68
3 7 8 8 10 1 64
3 7 8 7 5 7 37
3 7 8 6 11 2 91
3 7 8 6 0 13 129
3 7 8 5 6 8 4
3 7 8 4 12 3 149
3 7 8 4 1 14 57
3 7 8 3 7 9 1
3 7 8 2 13 4 110
3 7 8 2 2 15 160
3 7 8 1 8 10 175
3 7 8 0 14 5 193
3 7 8 0 3 16 29
3 7 7 16 4 0 117
3 7 7 14 5 1 84
3 7 7 13 0 7 34
3 7 7 12 6 2 60
3 7 7 11 1 8 34
3 7 7 10 7 3 147
3 7 7 9 2 9 172
3 7 7 8 8 4 133
3 7 7 7 3 10 29
3 7 7 6 9 5 104
3 7 7 5 15 0 174
3 7 7 5 4 11 26
3 7 7 4 10 6 171
3 7 7 3 16 1 27
3 7 7 3 5 12 187
3 7 7 2 11 7 144
3 7 7 2 0 18 155
3 7 7 1 17 2 3
3 7 7 1 6 13 89
3 7 7 0 12 8 61
3 7 7 0 1 19 176
3 7 6 20 0 1 101
3 7 6 18 1 2 35
3 7 6 16 2 3 99
3 7 6 14 3 4 160
3 7 6 12 4 5 108
3 7 6 11 10 0 190
3 7 6 10 5 6 81
3 7 6 9 11 1 87
3 7 6 9 0 12 167
3 7 6 8 6 7 57
3 7 6 7 12 2 135
3 7 6 7 1 13 71
3 7 6 6 7 8 94
3 7 6 5 13 3 159
3 7 6 5 2 14 181
3 7 6 4 8 9 21
3 7 6 3 14 4 23
3 7 6 3 3 15 41
3 7 6 2 9 10 40
3 7 6 1 15 5 102
3 7 6 1 4 16 141
3 7 6 0 21 0 47
3 7 6 0 10 11 173
3 7 5 17 5 0 43
3 7 5 16 0 6 191
3 7 5 15 6 1 168
3 7 5 14 1 7 191
3 7 5 13 7 2 12
3 7 5 12 2 8 139
3 7 5 11 8 3 93
3 7 5 10 3 9 192
3 7 5 9 9 4 21
3 7 5 8 4 10 53
3 7 5 7 10 5 36
3 7 5 6 16 0 70
3 7 5 6 5 11 2
3 7 5 5 11 6 131
3 7 5 5 0 17 75
3 7 5 4 17 1 54
3 7 5 4 6 12 47
3 7 5 3 12 7 189
3 7 5 3 1 18 174
3 7 5 2 18 2 157
3 7 5 2 7 13 169
3 7 5 1 13 8 98
3 7 5 1 2 19 192
3 7 5 0 19 3 5
3 7 5 0 8 14 21
3 7 4 23 0 0 72
3 7 4 21 1 1 151
3 7 4 19 2 2 125
3 7 4 17 3 3 42
3 7 4 15 4 4 125
3 7 4 13 5 5 114
3 7 4 12 11 0 18
3 7 4 12 0 11 90
3 7 4 11 6 6 85
3 7 4 10 12 1 26
3 7 4 10 1 12 171
3 7 4 9 7 7 147
3 7 4 8 13 2 26
3 7 4 8 2 13 36
3 7 4 7 8 8 87
3 7 4 6 14 3 146
3 7 4 6 3 14 81
3 7 4 5 9 9 53
3 7 4 4 15 4 62
3 7 4 4 4 15 56
3 7 4 3 10 10 75
3 7 4 2 16 5 113
3 7 4 2 5 16 131
3 7 4 1 22 0 30
3 7 4 1 11 11 36
3 7 4 1 0 22 43
3 7 4 0 17 6 175
3 7 4 0 6 17 103
3 7 3 19 0 5 180
3 7 3 18 6 0 54
3 7 3 17 1 6 106
3 7 3 16 7 1 167
3 7 3 15 2 7 91
3 7 3 14 8 2 27
3 7 3 13 3 8 146
3 7 3 12 9 3 133
3 7 3 11 4 9 118
3 7 3 10 10 4 190
3 7 3 9 5 10 156
3 7 3 8 11 5 54
3 7 3 8 0 16 11
3 7 3 7 17 0 181
3 7 3 7 6 11 47
3 7 3 6 12 6 10
3 7 3 6 1 17 99
3 7 3 5 18 1 163
3 7 3 5 7 12 74
3 7 3 4 13 7 163
3 7 3 4 2 18 61
3 7 3 3 19 2 154
3 7 3 3 8 13 195
3 7 3 2 14 8 110
3 7 3 2 3 19 69
3 7 3 1 20 3 125
3 7 3 1 9 14 74
3 7 3 0 15 9 173
3 7 3 0 4 20 135
3 7 2 24 1 0 114
3 7 2 22 2 1 84
3 7 2 20 3 2 57
3 7 2 18 4 3 130
3 7 2 16 5 4 21
3 7 2 15 0 10 101
3 7 2 14 6 5 192
3 7 2 13 12 0 74
3 7 2 13 1 11 185
3 7 2 12 7 6 29
3 7 2 11 13 1 108
3 7 2 11 2 12 1
3 7 2 10 8 7 54
3 7 2 9 14 2 10
3 7 2 9 3 13 4
3 7 2 8 9 8 195
3 7 2 7 15 3 24
3 7 2 7 4 14 96
3 7 2 6 10 9 87
3 7 2 5 16 4 189
3 7 2 5 5 15 100
3 7 2 4 11 10 179
3 7 2 4 0 21 144
3 7 2 3 17 5 17
3 7 2 3 6 16 174
3 7 2 2 23 0 25
3 7 2 2 12 11 105
3 7 2 2 1 22 193
3 7 2 1 18 6 112
3 7 2 1 7 17 86
3 7 2 0 24 1 78
3 7 2 0 13 12 40
3 7 2 0 2 23 145
3 7 1 22 0 4 161
3 7 1 20 1 5 97
3 7 1 19 7 0 88
3 7 1 18 2 6 128
3 7 1 17 8 1 37
3 7 1 16 3 7 70
3 7 1 15 9 2 175
3 7 1 14 4 8 186
3 7 1 13 10 3 117
3 7 1 12 5 9 6
3 7 1 11 11 4 13
3 7 1 11 0 15 73
3 7 1 10 6 10 44
3 7 1 9 12 5 94
3 7 1 9 1 16 190
3 7 1 8 18 0 38
3 7 1 8 7 11 34
3 7 1 7 13 6 32
3 7 1 7 2 17 157
3 7 1 6 19 1 85
3 7 1 6 8 12 101
3 7 1 5 14 7 145
3 7 1 5 3 18 178
3 7 1 4 20 2 117
3 7 1 4 9 13 50
3 7 1 3 15 8 19
3 7 1 3 4 19 1
3 7 1 2 21 3 12
3 7 1 2 10 14 167
3 7 1 1 16 9 37
3 7 1 1 5 20 82
3 7 1 0 22 4 53
3 7 1 0 11 15 35
3 7 1 0 0 26 154
3 7 0 25 2 0 180
3 7 0 23 3 1 1
3 7 0 21 4 2 1
3 7 0 19 5 3 44
3 7 0 18 0 9 135
3 7 0 17 6 4 22
3 7 0 16 1 10 29
3 7 0 15 7 5 148
3 7 0 14 13 0 74
3 7 0 14 2 11 75
3 7 0 13 8 6 191
3 7 0 12 14 1 53
3 7 0 12 3 12 97
3 7 0 11 9 7 186
3 7 0 10 15 2 108
3 7 0 10 4 13 118
3 7 0 9 10 8 69
3 7 0 8 16 3 3
3 7 0 8 5 14 8
3 7 0 7 11 9 44
3 7 0 7 0 20 13
3 7 0 6 17 4 112
3 7 0 6 6 15 90
3 7 0 5 12 10 195
3 7 0 5 1 21 78
3 7 0 4 18 5 145
3 7 0 4 7 16 44
3 7 0 3 24 0 172
3 7 0 3 13 11 166
3 7 0 3 2 22 21
3 7 0 2 19 6 34
3 7 0 2 8 17 173
3 7 0 1 25 1 105
3 7 0 1 14 12 129
3 7 0 1 3 23 116
3 7 0 0 20 7 42
3 7 0 0 9 18 70
3 6 25 1 0 2 107
3 6 24 0 4 0 146
3 6 23 4 0 1 23
3 6 23 2 1 2 137
3 6 23 0 2 3 51
3 6 22 1 5 0 67
3 6 22 0 0 6 120
3 6 21 7 0 0 135
3 6 21 5 1 1 58
3 6 21 3 2 2 104
3 6 21 1 3 3 7
3 6 20 3 0 5 162
3 6 20 2 6 0 8
3 6 20 1 1 6 113
3 6 20 0 7 1 18
3 6 19 8 1 0 128
3 6 19 6 2 1 90
3 6 19 4 3 2 78
3 6 19 2 4 3 159
3 6 19 0 5 4 172
3 6 18 6 0 4 64
3 6 18 4 1 5 15
3 6 18 3 7 0 187
3 6 18 2 2 6 15
3 6 18 1 8 1 181
3 6 18 0 3 7 16
3 6 17 9 2 0 119
3 6 17 7 3 1 54
3 6 17 5 4 2 18
3 6 17 3 5 3 13
3 6 17 2 0 9 143
3 6 17 1 6 4 120
3 6 17 0 1 10 73
3 6 16 9 0 3 130
3 6 16 7 1 4 144
3 6 16 5 2 5 95
3 6 16 4 8 0 17
3 6 16 3 3 6 121
3 6 16 2 9 1 23
3 6 16 1 4 7 124
3 6 16 0 10 2 190
3 6 15 10 3 0 169
3 6 15 6 5 2 179
3 6 15 5 0 8 198
3 6 15 4 6 3 49
3 6 15 3 1 9 170
3 6 15 2 7 4 26
3 6 15 1 2 10 109
3 6 15 0 8 5 181
3 6 14 12 0 2 118
3 6 14 10 1 3 68
3 6 14 8 2 4 115
3 6 14 6 3 5 94
3 6 14 5 9 0 2
3 6 14 4 4 6 79
3 6 14 3 10 1 6
3 6 14 2 5 7 54
3 6 14 1 11 2 187
3 6 14 1 0 13 52
3 6 14 0 6 8 85
3 6 13 11 4 0 193
3 6 13 9 5 1 109
3 6 13 8 0 7 158
3 6 13 7 6 2 140
3 6 13 6 1 8 1
3 6 13 5 7 3 187
3 6 13 4 2 9 54
3 6 13 3 8 4 68
3 6 13 2 3 10 49
3 6 13 1 9 5 13
3 6 13 0 15 0 195
3 6 13 0 4 11 141
3 6 12 15 0 1 53
3 6 12 13 1 2 89
3 6 12 11 2 3 54
3 6 12 9 3 4 39
3 6 12 7 4 5 133
3 6 12 6 10 0 53
3 6 12 5 5 6 62
3 6 12 4 11 1 40
3 6 12 4 0 12 58
3 6 12 3 6 7 27
3 6 12 2 12 2 133
3 6 12 2 1 13 197
3 6 12 1 7 8 70
3 6 12 0 13 3 198
3 6 12 0 2 14 139
3 6 11 12 5 0 166
3 6 11 11 0 6 69
3 6 11 10 6 1 49
3 6 11 9 1 7 150
3 6 11 8 7 2 170
3 6 11 7 2 8 39
3 6 11 6 8 3 45
3 6 11 5 3 9 47
3 6 11 4 9 4 105
3 6 11 3 4 10 160
3 6 11 2 10 5 166
3 6 11 1 16 0 168
3 6 11 1 5 11 19
3 6 11 0 11 6 186
3 6 11 0 0 17 89
3 6 10 18 0 0 85
3 6 10 16 1 1 77
3 6 10 14 2 2 182
3 6 10 12 3 3 144
3 6 10 10 4 4 181
3 6 10 8 5 5 141
3 6 10 7 11 0 59
3 6 10 7 0 11 13
3 6 10 6 6 6 73
3 6 10 5 12 1 7
3 6 10 5 1 12 172
3 6 10 4 7 7 3
3 6 10 3 13 2 176
3 6 10 3 2 13 179
3 6 10 2 8 8 98
3 6 10 1 14 3 132
3 6 10 1 3 14 110
3 6 10 0 9 9 165
3 6 9 14 0 5 153
3 6 9 13 6 0 4
3 6 9 12 1 6 13
3 6 9 11 7 1 156
3 6 9 10 2 7 157
3 6 9 9 8 2 61
3 6 9 8 3 8 33
3 6 9 7 9 3 13
3 6 9 6 4 9 148
3 6 9 5 10 4 130
3 6 9 4 5 10 154
3 6 9 3 11 5 189
3 6 9 3 0 16 44
3 6 9 2 17 0 155
3 6 9 2 6 11 119
3 6 9 1 12 6 146
3 6 9 1 1 17 97
3 6 9 0 18 1 185
3 6 9 0 7 12 57
3 6 8 19 1 0 35
3 6 8 17 2 1 124
3 6 8 15 3 2 100
3 6 8 13 4 3 81
3 6 8 11 5 4 137
3 6 8 10 0 10 78
3 6 8 9 6 5 95
3 6 8 8 12 0 36
3 6 8 8 1 11 5
3 6 8 7 7 6 171
3 6 8 6 13 1 93
3 6 8 6 2 12 40
3 6 8 5 8 7 180
3 6 8 4 14 2 180
3 6 8 4 3 13 164
3 6 8 3 9 8 143
3 6 8 2 15 3 16
3 6 8 2 4 14 80
3 6 8 1 10 9 100
3 6 8 0 16 4 28
3 6 8 0 5 15 96
3 6 7 17 0 4 57
3 6 7 15 1 5 133
3 6 7 14 7 0 15
3 6 7 13 2 6 121
3 6 7 12 8 1 106
3 6 7 11 3 7 81
3 6 7 10 9 2 86
3 6 7 9 4 8 86
3 6 7 8 10 3 180
3 6 7 7 5 9 143
3 6 7 6 11 4 70
3 6 7 6 0 15 14
3 6 7 5 6 10 27
3 6 7 4 12 5 163
3 6 7 4 1 16 193
3 6 7 3 18 0 70
3 6 7 3 7 11 30
3 6 7 2 13 6 145
3 6 7 2 2 17 96
3 6 7 1 19 1 190
3 6 7 1 8 12 39
3 6 7 0 14 7 30
3 6 7 0 3 18 43
3 6 6 20 2 0 103
3 6 6 18 3 1 172
3 6 6 16 4 2 45
3 6 6 14 5 3 119
3 6 6 13 0 9 164
3 6 6 12 6 4 70
3 6 6 11 1 10 198
3 6 6 10 7 5 174
3 6 6 9 13 0 111
3 6 6 9 2 11 2
3 6 6 8 8 6 46
3 6 6 7 14 1 26
3 6 6 7 3 12 156
3 6 6 6 9 7 170
3 6 6 5 15 2 105
3 6 6 5 4 13 162
3 6 6 4 10 8 151
3 6 6 3 16 3 107
3 6 6 3 5 14 2
3 6 6 2 11 9 89
3 6 6 2 0 20 169
3 6 6 1 17 4 3
3 6 6 1 6 15 105
3 6 6 0 12 10 149
3 6 6 0 1 21 194
3 6 5 20 0 3 112
3 6 5 18 1 4 165
3 6 5 16 2 5 18
3 6 5 15 8 0 171
3 6 5 14 3 6 154
3 6 5 13 9 1 57
3 6 5 12 4 7 165
3 6 5 11 10 2 125
3 6 5 10 5 8 4
3 6 5 9 11 3 109
3 6 5 9 0 14 88
3 6 5 8 6 9 101
3 6 5 7 12 4 45
3 6 5 7 1 15 89
3 6 5 6 7 10 97
3 6 5 5 13 5 142
3 6 5 5 2 16 163
3 6 5 4 19 0 186
3 6 5 4 8 11 77
3 6 5 3 14 6 100
3 6 5 3 3 17 38
3 6 5 2 20 1 10
3 6 5 2 9 12 180
3 6 5 1 15 7 155
3 6 5 1 4 18 141
3 6 5 0 21 2 53
3 6 5 0 10 13 184
3 6 4 21 3 0 16
3 6 4 19 4 1 120
3 6 4 17 5 2 138
3 6 4 16 0 8 86
3 6 4 15 6 3 21
3 6 4 14 1 9 40
3 6 4 13 7 4 119
3 6 4 12 2 10 6
3 6 4 11 8 5 41
3 6 4 10 14 0 180
3 6 4 10 3 11 55
3 6 4 9 9 6 107
3 6 4 8 15 1 8
3 6 4 8 4 12 94
3 6 4 7 10 7 134
3 6 4 6 16 2 188
3 6 4 6 5 13 38
3 6 4 5 11 8 57
3 6 4 5 0 19 198
3 6 4 4 17 3 83
3 6 4 4 6 14 80
3 6 4 3 12 9 1
3 6 4 3 1 20 47
3 6 4 2 18 4 59
3 6 4 2 7 15 159
3 6 4 1 13 10 179
3 6 4 1 2 21 1
3 6 4 0 19 5 101
3 6 4 0 8 16 147
3 6 3 23 0 2 59
3 6 3 21 1 3 40
3 6 3 19 2 4 9
3 6 3 17 3 5 149
3 6 3 16 9 0 160
3 6 3 15 4 6 72
3 6 3 14 10 1 82
3 6 3 13 5 7 122
3 6 3 12 11 2 86
3 6 3 12 0 13 196
3 6 3 11 6 8 28
3 6 3 10 12 3 67
3 6 3 10 1 14 124
3 6 3 9 7 9 57
3 6 3 8 13 4 83
3 6 3 8 2 15 103
3 6 3 7 8 10 84
3 6 3 6 14 5 20
3 6 3 6 3 16 99
3 6 3 5 20 0 148
3 6 3 5 9 11 95
3 6 3 4 15 6 148
3 6 3 4 4 17 154
3 6 3 3 21 1 197
3 6 3 3 10 12 153
3 6 3 2 16 7 99
3 6 3 2 5 18 129
3 6 3 1 22 2 45
3 6 3 1 11 13 30
3 6 3 1 0 24 42
3 6 3 0 17 8 2
3 6 3 0 6 19 73
3 6 2 22 4 0 175
3 6 2 20 5 1 182
3 6 2 19 0 7 35
3 6 2 18 6 2 178
3 6 2 17 1 8 1
3 6 2 16 7 3 36
3 6 2 15 2 9 110
3 6 2 14 8 4 162
3 6 2 13 3 10 41
3 6 2 12 9 5 145
3 6 2 11 15 0 74
3 6 2 11 4 11 63
3 6 2 10 10 6 196
3 6 2 9 16 1 187
3 6 2 9 5 12 71
3 6 2 8 11 7 131
3 6 2 8 0 18 114
3 6 2 7 17 2 41
3 6 2 7 6 13 19
3 6 2 6 12 8 111
3 6 2 6 1 19 24
3 6 2 5 18 3 164
3 6 2 5 7 14 13
3 6 2 4 13 9 54
3 6 2 4 2 20 196
3 6 2 3 19 4 20
3 6 2 3 8 15 104
3 6 2 2 14 10 54
3 6 2 2 3 21 101
3 6 2 1 20 5 72
3 6 2 1 9 16 157
3 6 2 0 26 0 68
3 6 2 0 15 11 154
3 6 2 0 4 22 55
3 6 1 26 0 1 194
3 6 1 24 1 2 193
3 6 1 22 2 3 54
3 6 1 20 3 4 20
3 6 1 18 4 5 22
3 6 1 17 10 0 26
3 6 1 16 5 6 180
3 6 1 15 11 1 158
3 6 1 15 0 12 175
3 6 1 14 6 7 25
3 6 1 13 12 2 73
3 6 1 13 1 13 143
3 6 1 12 7 8 139
3 6 1 11 13 3 42
3 6 1 11 2 14 109
3 6 1 10 8 9 164
3 6 1 9 14 4 184
3 6 1 9 3 15 142
3 6 1 8 9 10 84
3 6 1 7 15 5 185
3 6 1 7 4 16 181
3 6 1 6 21 0 182
3 6 1 6 10 11 68
3 6 1 5 16 6 31
3 6 1 5 5 17 83
3 6 1 4 22 1 187
3 6 1 4 11 12 105
3 6 1 4 0 23 111
3 6 1 3 17 7 16
3 6 1 3 6 18 85
3 6 1 2 23 2 126
3 6 1 2 12 13 178
3 6 1 2 1 24 32
3 6 1 1 18 8 23
3 6 1 1 7 19 58
3 6 1 0 24 3 188
3 6 1 0 13 14 69
3 6 1 0 2 25 6
3 6 0 23 5 0 20
3 6 0 22 0 6 149
3 6 0 21 6 1 187
3 6 0 20 1 7 9
3 6 0 19 7 2 108
3 6 0 18 2 8 21
3 6 0 17 8 3 122
3 6 0 16 3 9 129
3 6 0 15 9 4 14
3 6 0 14 4 10 183
3 6 0 13 10 5 34
3 6 0 12 16 0 62
3 6 0 12 5 11 11
3 6 0 11 11 6 59
3 6 0 11 0 17 3
3 6 0 10 17 1 174
3 6 0 10 6 12 98
3 6 0 9 12 7 33
3 6 0 9 1 18 123
3 6 0 8 18 2 96
3 6 0 8 7 13 193
3 6 0 7 13 8 117
3 6 0 7 2 19 107
3 6 0 6 19 3 8
3 6 0 6 8 14 190
3 6 0 5 14 9 169
3 6 0 5 3 20 177
3 6 0 4 20 4 163
3 6 0 4 9 15 188
3 6 0 3 15 10 37
3 6 0 3 4 21 99
3 6 0 2 21 5 94
3 6 0 2 10 16 159
3 6 0 1 27 0 105
3 6 0 1 16 11 36
3 6 0 1 5 22 155
3 6 0 0 22 6 136
3 6 0 0 11 17 119
3 6 0 0 0 28 191
3 5 27 2 0 0 17
3 5 27 0 1 1 18
3 5 25 3 1 0 198
3 5 25 1 2 1 193
3 5 24 1 0 4 133
3 5 23 4 2 0 165
3 5 23 2 3 1 17
3 5 23 0 4 2 141
3 5 22 4 0 3 91
3 5 22 2 1 4 48
3 5 22 0 2 5 97
3 5 21 5 3 0 60
3 5 21 3 4 1 89
3 5 21 0 0 8 111
3 5 20 7 0 2 169
3 5 20 5 1 3 141
3 5 20 3 2 4 27
3 5 20 1 3 5 38
3 5 20 0 9 0 74
3 5 19 6 4 0 25
3 5 19 4 5 1 36
3 5 19 3 0 7 195
3 5 19 2 6 2 135
3 5 19 1 1 8 111
3 5 19 0 7 3 179
3 5 18 10 0 1 28
3 5 18 8 1 2 84
3 5 18 6 2 3 16
3 5 18 4 3 4 18
3 5 18 2 4 5 189
3 5 18 1 10 0 88
3 5 18 0 5 6 75
3 5 17 7 5 0 146
3 5 17 6 0 6 131
3 5 17 5 6 1 153
3 5 17 4 1 7 51
3 5 17 3 7 2 112
3 5 17 2 2 8 42
3 5 17 1 8 3 175
3 5 17 0 3 9 76
3 5 16 13 0 0 191
3 5 16 11 1 1 65
3 5 16 9 2 2 103
3 5 16 7 3 3 12
3 5 16 5 4 4 194
3 5 16 3 5 5 126
3 5 16 2 11 0 90
3 5 16 2 0 11 135
3 5 16 1 6 6 5
3 5 16 0 12 1 92
3 5 16 0 1 12 21
3 5 15 9 0 5 150
3 5 15 8 6 0 7
3 5 15 7 1 6 102
3 5 15 6 7 1 17
3 5 15 5 2 7 189
3 5 15 4 8 2 3
3 5 15 3 3 8 66
3 5 15 2 9 3 138
3 5 15 1 4 9 100
3 5 15 0 10 4 90
3 5 14 14 1 0 62
3 5 14 12 2 1 59
3 5 14 10 3 2 8
3 5 14 8 4 3 137
3 5 14 6 5 4 164
3 5 14 5 0 10 186
3 5 14 4 6 5 53
3 5 14 3 12 0 59
3 5 14 3 1 11 154
3 5 14 2 7 6 100
3 5 14 1 13 1 108
3 5 14 1 2 12 14
3 5 14 0 8 7 35
3 5 13 12 0 4 155
3 5 13 10 1 5 99
3 5 13 9 7 0 196
3 5 13 8 2 6 27
3 5 13 7 8 1 82
3 5 13 6 3 7 135
3 5 13 5 9 2 4
3 5 13 4 4 8 4
3 5 13 3 10 3 2
3 5 13 2 5 9 187
3 5 13 1 11 4 169
3 5 13 1 0 15 1
3 5 13 0 6 10 160
3 5 12 15 2 0 44
3 5 12 13 3 1 161
3 5 12 11 4 2 123
3 5 12 9 5 3 152
3 5 12 8 0 9 16
3 5 12 7 6 4 124
3 5 12 6 1 10 68
3 5 12 5 7 5 110
3 5 12 4 13 0 177
3 5 12 4 2 11 176
3 5 12 3 8 6 119
3 5 12 2 14 1 54
3 5 12 2 3 12 139
3 5 12 1 9 7 10
3 5 12 0 15 2 136
3 5 12 0 4 13 158
3 5 11 15 0 3 161
3 5 11 13 1 4 37
3 5 11 11 2 5 6
3 5 11 10 8 0 12
3 5 11 9 3 6 148
3 5 11 8 9 1 173
3 5 11 7 4 7 40
3 5 11 6 10 2 103
3 5 11 5 5 8 166
3 5 11 4 11 3 173
3 5 11 4 0 14 156
3 5 11 3 6 9 76
3 5 11 2 12 4 114
3 5 11 2 1 15 7
3 5 11 1 7 10 70
3 5 11 0 13 5 114
3 5 11 0 2 16 150
3 5 10 16 3 0 76
3 5 10 14 4 1 172
3 5 10 12 5 2 17
3 5 10 11 0 8 122
3 5 10 10 6 3 121
3 5 10 9 1 9 50
3 5 10 8 7 4 65
3 5 10 7 2 10 2
3 5 10 6 8 5 91
3 5 10 5 14 0 21
3 5 10 5 3 11 5
3 5 10 4 9 6 167
3 5 10 3 15 1 85
3 5 10 3 4 12 169
3 5 10 2 10 7 69
3 5 10 1 16 2 86
3 5 10 1 5 13 90
3 5 10 0 11 8 55
3 5 10 0 0 19 86
3 5 9 18 0 2 158
3 5 9 16 1 3 142
3 5 9 14 2 4 146
3 5 9 12 3 5 15
3 5 9 11 9 0 121
3 5 9 10 4 6 140
3 5 9 9 10 1 97
3 5 9 8 5 7 78
3 5 9 7 11 2 7
3 5 9 7 0 13 86
3 5 9 6 6 8 23
3 5 9 5 12 3 133
3 5 9 5 1 14 10
3 5 9 4 7 9 157
3 5 9 3 13 4 157
3 5 9 3 2 15 26
3 5 9 2 8 10 95
3 5 9 1 14 5 47
3 5 9 1 3 16 174
3 5 9 0 20 0 191
3 5 9 0 9 11 187
3 5 8 17 4 0 35
3 5 8 14 0 7 8
3 5 8 13 6 2 73
3 5 8 12 1 8 147
3 5 8 11 7 3 169
3 5 8 10 2 9 119
3 5 8 9 8 4 133
3 5 8 8 3 10 157
3 5 8 7 9 5 123
3 5 8 6 15 0 192
3 5 8 6 4 11 178
3 5 8 5 10 6 185
3 5 8 4 16 1 49
3 5 8 4 5 12 62
3 5 8 3 11 7 40
3 5 8 3 0 18 192
3 5 8 2 17 2 41
3 5 8 2 6 13 13
3 5 8 1 12 8 90
3 5 8 1 1 19 95
3 5 8 0 18 3 194
3 5 8 0 7 14 157
3 5 7 21 0 1 155
3 5 7 19 1 2 17
3 5 7 17 2 3 71
3 5 7 15 3 4 106
3 5 7 13 4 5 185
3 5 7 11 5 6 145
3 5 7 10 11 1 58
3 5 7 10 0 12 93
3 5 7 9 6 7 6
3 5 7 8 12 2 180
3 5 7 8 1 13 18
3 5 7 7 7 8 141
3 5 7 6 13 3 4
3 5 7 6 2 14 61
3 5 7 5 8 9 179
3 5 7 4 14 4 183
3 5 7 4 3 15 37
3 5 7 3 9 10 165
3 5 7 2 15 5 187
3 5 7 2 4 16 16
3 5 7 1 21 0 197
3 5 7 1 10 11 83
3 5 7 0 16 6 43
3 5 6 18 5 0 97
3 5 6 17 0 6 164
3 5 6 16 6 1 53
3 5 6 15 1 7 136
3 5 6 14 7 2 130
3 5 6 13 2 8 141
3 5 6 12 8 3 171
3 5 6 11 3 9 14
3 5 6 10 9 4 53
3 5 6 9 4 10 154
3 5 6 8 10 5 26
3 5 6 7 16 0 133
3 5 6 7 5 11 4
3 5 6 6 11 6 125
3 5 6 6 0 17 145
3 5 6 5 17 1 23
3 5 6 5 6 12 128
3 5 6 4 12 7 66
3 5 6 4 1 18 83
3 5 6 3 18 2 140
3 5 6 3 7 13 85
3 5 6 2 13 8 45
3 5 6 2 2 19 121
3 5 6 1 19 3 8
3 5 6 1 8 14 98
3 5 6 0 14 9 22
3 5 6 0 3 20 29
3 5 5 24 0 0 151
3 5 5 22 1 1 19
3 5 5 20 2 2 19
3 5 5 18 3 3 169
3 5 5 16 4 4 22
3 5 5 14 5 5 108
3 5 5 13 11 0 195
3 5 5 13 0 11 87
3 5 5 12 6 6 105
3 5 5 11 12 1 97
3 5 5 11 1 12 70
3 5 5 10 7 7 62
3 5 5 9 13 2 147
3 5 5 9 2 13 13
3 5 5 8 8 8 154
3 5 5 7 14 3 68
3 5 5 7 3 14 79
3 5 5 6 9 9 30
3 5 5 5 15 4 27
3 5 5 5 4 15 55
3 5 5 4 10 10 92
3 5 5 3 16 5 86
3 5 5 3 5 16 2
3 5 5 2 22 0 138
3 5 5 2 11 11 105
3 5 5 2 0 22 193
3 5 5 1 17 6 9
3 5 5 1 6 17 14
3 5 5 0 23 1 85
3 5 5 0 12 12 19
3 5 5 0 1 23 53
3 5 4 20 0 5 192
3 5 4 19 6 0 84
3 5 4 18 1 6 59
3 5 4 17 7 1 3
3 5 4 16 2 7 198
3 5 4 15 8 2 135
3 5 4 14 3 8 31
3 5 4 13 9 3 112
3 5 4 12 4 9 144
3 5 4 11 10 4 111
3 5 4 10 5 10 116
3 5 4 9 11 5 58
3 5 4 9 0 16 154
3 5 4 8 17 0 70
3 5 4 8 6 11 101
3 5 4 7 12 6 2
3 5 4 7 1 17 102
3 5 4 6 18 1 46
3 5 4 6 7 12 90
3 5 4 5 13 7 136
3 5 4 5 2 18 33
3 5 4 4 19 2 49
3 5 4 4 8 13 97
3 5 4 3 14 8 62
3 5 4 3 3 19 22
3 5 4 2 20 3 62
3 5 4 2 9 14 58
3 5 4 1 15 9 171
3 5 4 1 4 20 59
3 5 4 0 21 4 107
3 5 4 0 10 15 145
3 5 3 25 1 0 63
3 5 3 23 2 1 160
3 5 3 21 3 2 68
3 5 3 19 4 3 46
3 5 3 17 5 4 61
3 5 3 16 0 10 145
3 5 3 15 6 5 140
3 5 3 14 12 0 50
3 5 3 14 1 11 136
3 5 3 13 7 6 92
3 5 3 12 13 1 41
3 5 3 12 2 12 194
3 5 3 11 8 7 139
3 5 3 10 14 2 31
3 5 3 10 3 13 67
3 5 3 9 9 8 179
3 5 3 8 15 3 139
3 5 3 8 4 14 136
3 5 3 7 10 9 190
3 5 3 6 16 4 197
3 5 3 6 5 15 182
3 5 3 5 11 10 76
3 5 3 5 0 21 75
3 5 3 4 17 5 84
3 5 3 4 6 16 144
3 5 3 3 23 0 64
3 5 3 3 12 11 113
3 5 3 3 1 22 34
3 5 3 2 18 6 192
3 5 3 2 7 17 169
3 5 3 1 24 1 82
3 5 3 1 13 12 55
3 5 3 1 2 23 6
3 5 3 0 19 7 76
3 5 3 0 8 18 84
3 5 2 23 0 4 111
3 5 2 21 1 5 90
3 5 2 20 7 0 115
3 5 2 19 2 6 111
3 5 2 18 8 1 143
3 5 2 17 3 7 76
3 5 2 16 9 2 160
3 5 2 15 4 8 29
3 5 2 14 10 3 194
3 5 2 13 5 9 3
3 5 2 12 11 4 181
3 5 2 12 0 15 60
3 5 2 11 6 10 122
3 5 2 10 12 5 48
3 5 2 10 1 16 36
3 5 2 9 18 0 15
3 5 2 9 7 11 196
3 5 2 8 13 6 165
3 5 2 8 2 17 192
3 5 2 7 19 1 149
3 5 2 7 8 12 35
3 5 2 6 14 7 23
3 5 2 6 3 18 164
3 5 2 5 20 2 9
3 5 2 5 9 13 58
3 5 2 4 15 8 133
3 5 2 4 4 19 168
3 5 2 3 21 3 110
3 5 2 3 10 14 128
3 5 2 2 16 9 93
3 5 2 2 5 20 29
3 5 2 1 22 4 62
3 5 2 1 11 15 26
3 5 2 1 0 26 188
3 5 2 0 17 10 148
3 5 2 0 6 21 150
3 5 1 26 2 0 7
3 5 1 24 3 1 74
3 5 1 22 4 2 87
3 5 1 20 5 3 121
3 5 1 19 0 9 18
3 5 1 18 6 4 111
3 5 1 17 1 10 171
3 5 1 16 7 5 182
3 5 1 15 13 0 174
3 5 1 15 2 11 128
3 5 1 14 8 6 40
3 5 1 13 14 1 125
3 5 1 13 3 12 28
3 5 1 12 9 7 127
3 5 1 11 15 2 168
3 5 1 11 4 13 99
3 5 1 10 10 8 187
3 5 1 9 16 3 164
3 5 1 9 5 14 170
3 5 1 8 11 9 88
3 5 1 8 0 20 154
3 5 1 7 17 4 138
3 5 1 7 6 15 98
3 5 1 6 12 10 38
3 5 1 6 1 21 31
3 5 1 5 18 5 160
3 5 1 5 7 16 49
3 5 1 4 24 0 37
3 5 1 4 13 11 194
3 5 1 4 2 22 52
3 5 1 3 19 6 162
3 5 1 3 8 17 196
3 5 1 2 25 1 186
3 5 1 2 14 12 109
3 5 1 1 20 7 54
3 5 1 1 9 18 171
3 5 1 0 26 2 113
3 5 1 0 15 13 22
3 5 1 0 4 24 3
3 5 0 26 0 3 123
3 5 0 24 1 4 3
3 5 0 22 2 5 16
3 5 0 21 8 0 106
3 5 0 20 3 6 177
3 5 0 19 9 1 61
3 5 0 18 4 7 193
3 5 0 17 10 2 147
3 5 0 16 5 8 126
3 5 0 15 11 3 184
3 5 0 15 0 14 182
3 5 0 14 6 9 153
3 5 0 13 12 4 59
3 5 0 13 1 15 48
3 5 0 12 7 10 61
3 5 0 11 13 5 98
3 5 0 11 2 16 18
3 5 0 10 19 0 99
3 5 0 10 8 11 141
3 5 0 9 14 6 185
3 5 0 9 3 17 9
3 5 0 8 20 1 49
3 5 0 8 9 12 70
3 5 0 7 15 7 76
3 5 0 7 4 18 123
3 5 0 6 21 2 86
3 5 0 6 10 13 84
3 5 0 5 16 8 115
3 5 0 5 5 19 103
3 5 0 4 22 3 49
3 5 0 4 11 14 144
3 5 0 4 0 25 176
3 5 0 3 17 9 78
3 5 0 3 6 20 39
3 5 0 2 23 4 109
3 5 0 2 12 15 138
3 5 0 2 1 26 24
3 5 0 1 18 10 54
3 5 0 1 7 21 179
3 5 0 0 24 5 141
3 5 0 0 13 16 103
3 5 0 0 2 27 63
3 4 27 0 3 0 48
3 4 26 2 0 2 135
3 4 26 0 1 3 13
3 4 25 1 4 0 112
3 4 24 5 0 1 197
3 4 24 3 1 2 155
3 4 24 1 2 3 51
3 4 23 2 5 0 161
3 4 23 1 0 6 105
3 4 23 0 6 1 117
3 4 22 8 0 0 36
3 4 22 6 1 1 60
3 4 22 4 2 2 130
3 4 22 2 3 3 2
3 4 22 0 4 4 32
3 4 21 4 0 5 66
3 4 21 3 6 0 122
3 4 21 2 1 6 72
3 4 21 1 7 1 49
3 4 21 0 2 7 53
3 4 20 9 1 0 8
3 4 20 7 2 1 32
3 4 20 5 3 2 163
3 4 20 3 4 3 148
3 4 20 1 5 4 50
3 4 20 0 0 10 140
3 4 19 7 0 4 195
3 4 19 5 1 5 60
3 4 19 4 7 0 134
3 4 19 3 2 6 81
3 4 19 2 8 1 28
3 4 19 1 3 7 3
3 4 19 0 9 2 97
3 4 18 10 2 0 113
3 4 18 8 3 1 192
3 4 18 6 4 2 168
3 4 18 4 5 3 90
3 4 18 3 0 9 34
3 4 18 2 6 4 45
3 4 18 1 1 10 11
3 4 18 0 7 5 174
3 4 17 10 0 3 181
3 4 17 8 1 4 65
3 4 17 6 2 5 119
3 4 17 5 8 0 180
3 4 17 4 3 6 37
3 4 17 3 9 1 189
3 4 17 2 4 7 163
3 4 17 1 10 2 151
3 4 17 0 5 8 102
3 4 16 11 3 0 161
3 4 16 9 4 1 195
3 4 16 7 5 2 71
3 4 16 6 0 8 192
3 4 16 5 6 3 58
3 4 16 4 1 9 161
3 4 16 3 7 4 130
3 4 16 2 2 10 123
3 4 16 1 8 5 65
3 4 16 0 14 0 50
3 4 16 0 3 11 177
3 4 15 11 1 3 73
3 4 15 9 2 4 10
3 4 15 7 3 5 129
3 4 15 6 9 0 30
3 4 15 5 4 6 65
3 4 15 4 10 1 184
3 4 15 3 5 7 148
3 4 15 2 11 2 105
3 4 15 2 0 13 114
3 4 15 1 6 8 92
3 4 15 0 12 3 128
3 4 15 0 1 14 13
3 4 14 12 4 0 145
3 4 14 10 5 1 189
3 4 14 9 0 7 142
3 4 14 8 6 2 137
3 4 14 7 1 8 105
3 4 14 6 7 3 116
3 4 14 5 2 9 173
3 4 14 4 8 4 77
3 4 14 3 3 10 141
3 4 14 2 9 5 126
3 4 14 1 15 0 16
3 4 14 1 4 11 37
3 4 14 0 10 6 110
3 4 13 16 0 1 57
3 4 13 14 1 2 121
3 4 13 12 2 3 88
3 4 13 10 3 4 105
3 4 13 8 4 5 133
3 4 13 7 10 0 4
3 4 13 6 5 6 116
3 4 13 5 11 1 197
3 4 13 5 0 12 103
3 4 13 4 6 7 159
3 4 13 3 12 2 68
3 4 13 3 1 13 33
3 4 13 2 7 8 124
3 4 13 1 13 3 63
3 4 13 1 2 14 44
3 4 13 0 8 9 32
3 4 12 13 5 0 195
3 4 12 12 0 6 164
3 4 12 11 6 1 154
3 4 12 10 1 7 150
3 4 12 9 7 2 24
3 4 12 8 2 8 52
3 4 12 7 8 3 133
3 4 12 6 3 9 183
3 4 12 5 9 4 183
3 4 12 4 4 10 166
3 4 12 3 10 5 112
3 4 12 2 16 0 158
3 4 12 2 5 11 20
3 4 12 1 11 6 44
3 4 12 1 0 17 134
3 4 12 0 17 1 71
3 4 12 0 6 12 40
3 4 11 19 0 0 187
3 4 11 17 1 1 146
3 4 11 15 2 2 163
3 4 11 13 3 3 176
3 4 11 11 4 4 104
3 4 11 9 5 5 175
3 4 11 8 11 0 82
3 4 11 8 0 11 175
3 4 11 7 6 6 178
3 4 11 6 12 1 27
3 4 11 6 1 12 64
3 4 11 5 7 7 129
3 4 11 4 13 2 1
3 4 11 4 2 13 137
3 4 11 3 8 8 95
3 4 11 2 14 3 109
3 4 11 2 3 14 180
3 4 11 1 9 9 93
3 4 11 0 15 4 133
3 4 11 0 4 15 19
3 4 10 15 0 5 88
3 4 10 14 6 0 136
3 4 10 13 1 6 176
3 4 10 12 7 1 67
3 4 10 11 2 7 56
3 4 10 9 3 8 161
3 4 10 8 9 3 111
3 4 10 7 4 9 100
3 4 10 6 10 4 179
3 4 10 5 5 10 55
3 4 10 4 11 5 63
3 4 10 4 0 16 112
3 4 10 3 17 0 83
3 4 10 3 6 11 24
3 4 10 2 12 6 159
3 4 10 2 1 17 91
3 4 10 1 18 1 131
3 4 10 1 7 12 189
3 4 10 0 13 7 186
3 4 10 0 2 18 21
3 4 9 20 1 0 142
3 4 9 18 2 1 166
3 4 9 16 3 2 69
3 4 9 14 4 3 118
3 4 9 12 5 4 193
3 4 9 11 0 10 27
3 4 9 10 6 5 71
3 4 9 9 12 0 188
3 4 9 9 1 11 73
3 4 9 8 7 6 136
3 4 9 7 13 1 29
3 4 9 7 2 12 91
3 4 9 6 8 7 72
3 4 9 5 14 2 165
3 4 9 5 3 13 144
3 4 9 4 9 8 64
3 4 9 3 15 3 131
3 4 9 2 10 9 148
3 4 9 1 16 4 101
3 4 9 1 5 15 172
3 4 9 0 11 10 60
3 4 9 0 0 21 40
3 4 8 18 0 4 61
3 4 8 16 1 5 106
3 4 8 15 7 0 18
3 4 8 14 2 6 72
3 4 8 13 8 1 19
3 4 8 12 3 7 135
3 4 8 11 9 2 75
3 4 8 10 4 8 149
3 4 8 9 10 3 28
3 4 8 8 5 9 188
3 4 8 7 11 4 101
3 4 8 7 0 15 129
3 4 8 6 6 10 35
3 4 8 5 12 5 82
3 4 8 5 1 16 125
3 4 8 4 18 0 198
3 4 8 4 7 11 30
3 4 8 3 13 6 113
3 4 8 3 2 17 152
3 4 8 2 19 1 142
3 4 8 2 8 12 180
3 4 8 1 14 7 119
3 4 8 1 3 18 99
3 4 8 0 20 2 130
3 4 8 0 9 13 48
3 4 7 21 2 0 122
3 4 7 19 3 1 55
3 4 7 17 4 2 75
3 4 7 15 5 3 9
3 4 7 14 0 9 140
3 4 7 13 6 4 1
3 4 7 12 1 10 97
3 4 7 11 7 5 148
3 4 7 10 13 0 56
3 4 7 10 2 11 114
3 4 7 9 8 6 82
3 4 7 8 14 1 165
3 4 7 8 3 12 52
3 4 7 7 9 7 174
3 4 7 6 15 2 109
3 4 7 6 4 13 160
3 4 7 5 10 8 196
3 4 7 4 16 3 97
3 4 7 4 5 14 173
3 4 7 3 11 9 96
3 4 7 3 0 20 154
3 4 7 2 17 4 188
3 4 7 2 6 15 51
3 4 7 1 12 10 21
3 4 7 1 1 21 46
3 4 7 0 18 5 4
3 4 7 0 7 16 45
3 4 6 21 0 3 164
3 4 6 19 1 4 18
3 4 6 17 2 5 115
3 4 6 16 8 0 176
3 4 6 15 3 6 110
3 4 6 14 9 1 27
3 4 6 13 4 7 94
3 4 6 12 10 2 169
3 4 6 11 5 8 110
3 4 6 10 11 3 176
3 4 6 10 0 14 9
3 4 6 8 12 4 193
3 4 6 8 1 15 162
3 4 6 7 7 10 5
3 4 6 6 13 5 71
3 4 6 6 2 16 124
3 4 6 5 19 0 182
3 4 6 5 8 11 64
3 4 6 4 14 6 193
3 4 6 4 3 17 137
3 4 6 3 20 1 120
3 4 6 3 9 12 57
3 4 6 2 15 7 108
3 4 6 2 4 18 5
3 4 6 1 21 2 167
3 4 6 1 10 13 110
3 4 6 0 16 8 157
3 4 6 0 5 19 22
3 4 5 22 3 0 154
3 4 5 20 4 1 32
3 4 5 18 5 2 166
3 4 5 17 0 8 92
3 4 5 16 6 3 88
3 4 5 15 1 9 150
3 4 5 14 7 4 112
3 4 5 13 2 10 80
3 4 5 12 8 5 111
3 4 5 11 14 0 97
3 4 5 11 3 11 106
3 4 5 10 9 6 30
3 4 5 9 15 1 198
3 4 5 9 4 12 56
3 4 5 8 10 7 188
3 4 5 7 16 2 181
3 4 5 7 5 13 99
3 4 5 6 11 8 27
3 4 5 6 0 19 56
3 4 5 5 17 3 53
3 4 5 5 6 14 130
3 4 5 4 12 9 102
3 4 5 4 1 20 94
3 4 5 3 18 4 171
3 4 5 3 7 15 144
3 4 5 2 13 10 151
3 4 5 2 2 21 108
3 4 5 1 19 5 73
3 4 5 1 8 16 74
3 4 5 0 25 0 55
3 4 5 0 14 11 172
3 4 5 0 3 22 44
3 4 4 24 0 2 2
3 4 4 22 1 3 165
3 4 4 20 2 4 121
3 4 4 18 3 5 22
3 4 4 17 9 0 107
3 4 4 16 4 6 153
3 4 4 15 10 1 104
3 4 4 14 5 7 167
3 4 4 13 11 2 79
3 4 4 13 0 13 1
3 4 4 12 6 8 145
3 4 4 11 12 3 193
3 4 4 11 1 14 43
3 4 4 10 7 9 76
3 4 4 9 13 4 17
3 4 4 9 2 15 35
3 4 4 8 8 10 82
3 4 4 7 14 5 106
3 4 4 7 3 16 74
3 4 4 6 20 0 72
3 4 4 6 9 11 184
3 4 4 5 15 6 151
3 4 4 5 4 17 110
3 4 4 4 21 1 29
3 4 4 4 10 12 198
3 4 4 3 16 7 11
3 4 4 3 5 18 85
3 4 4 2 22 2 186
3 4 4 2 11 13 75
3 4 4 2 0 24 51
3 4 4 1 17 8 187
3 4 4 1 6 19 76
3 4 4 0 23 3 47
3 4 4 0 12 14 125
3 4 4 0 1 25 82
3 4 3 23 4 0 58
3 4 3 21 5 1 32
3 4 3 20 0 7 189
3 4 3 19 6 2 37
3 4 3 18 1 8 77
3 4 3 17 7 3 106
3 4 3 16 2 9 45
3 4 3 15 8 4 60
3 4 3 14 3 10 179
3 4 3 13 9 5 176
3 4 3 12 15 0 70
3 4 3 12 4 11 179
3 4 3 11 10 6 15
3 4 3 10 16 1 169
3 4 3 10 5 12 194
3 4 3 9 11 7 154
3 4 3 9 0 18 80
3 4 3 8 17 2 36
3 4 3 8 6 13 148
3 4 3 7 12 8 157
3 4 3 7 1 19 196
3 4 3 6 18 3 3
3 4 3 6 7 14 148
3 4 3 5 13 9 185
3 4 3 5 2 20 14
3 4 3 4 19 4 29
3 4 3 3 14 10 93
3 4 3 3 3 21 144
3 4 3 2 20 5 125
3 4 3 2 9 16 187
3 4 3 1 26 0 127
3 4 3 1 15 11 86
3 4 3 1 4 22 4
3 4 3 0 21 6 95
3 4 3 0 10 17 131
3 4 2 27 0 1 198
3 4 2 25 1 2 47
3 4 2 23 2 3 52
3 4 2 21 3 4 133
3 4 2 19 4 5 63
3 4 2 18 10 0 78
3 4 2 17 5 6 81
3 4 2 16 11 1 67
3 4 2 16 0 12 106
3 4 2 14 12 2 39
3 4 2 14 1 13 128
3 4 2 13 7 8 128
3 4 2 12 13 3 178
3 4 2 12 2 14 198
3 4 2 11 8 9 17
3 4 2 10 14 4 52
3 4 2 10 3 15 26
3 4 2 9 9 10 181
3 4 2 8 15 5 55
3 4 2 8 4 16 88
3 4 2 7 21 0 129
3 4 2 7 10 11 117
3 4 2 6 16 6 36
3 4 2 6 5 17 168
3 4 2 5 22 1 123
3 4 2 5 11 12 77
3 4 2 5 0 23 165
3 4 2 4 17 7 171
3 4 2 4 6 18 174
3 4 2 3 23 2 92
3 4 2 3 12 13 121
3 4 2 3 1 24 114
3 4 2 2 18 8 48
3 4 2 2 7 19 192
3 4 2 1 24 3 153
3 4 2 1 13 14 108
3 4 2 1 2 25 181
3 4 2 0 19 9 142
3 4 2 0 8 20 105
3 4 1 24 5 0 191
3 4 1 23 0 6 193
3 4 1 22 6 1 14
3 4 1 21 1 7 162
3 4 1 20 7 2 68
3 4 1 19 2 8 56
3 4 1 18 8 3 150
3 4 1 17 3 9 145
3 4 1 16 9 4 180
3 4 1 15 4 10 197
3 4 1 14 10 5 113
3 4 1 13 16 0 102
3 4 1 13 5 11 86
3 4 1 12 11 6 53
3 4 1 12 0 17 27
3 4 1 11 17 1 97
3 4 1 11 6 12 144
3 4 1 10 12 7 93
3 4 1 10 1 18 182
3 4 1 9 18 2 68
3 4 1 9 7 13 55
3 4 1 8 13 8 122
3 4 1 8 2 19 14
3 4 1 7 19 3 184
3 4 1 7 8 14 48
3 4 1 6 14 9 128
3 4 1 6 3 20 162
3 4 1 5 20 4 107
3 4 1 5 9 15 63
3 4 1 4 15 10 180
3 4 1 4 4 21 27
3 4 1 3 21 5 94
3 4 1 3 10 16 184
3 4 1 2 27 0 172
3 4 1 2 16 11 189
3 4 1 2 5 22 56
3 4 1 1 22 6 149
3 4 1 1 11 17 180
3 4 1 1 0 28 186
3 4 1 0 28 1 51
3 4 1 0 17 12 50
3 4 1 0 6 23 3
3 4 0 30 0 0 56
3 4 0 28 1 1 50
3 4 0 26 2 2 71
3 4 0 24 3 3 145
3 4 0 22 4 4 41
3 4 0 20 5 5 161
3 4 0 19 11 0 3
3 4 0 19 0 11 195
3 4 0 18 6 6 44
3 4 0 17 12 1 7
3 4 0 17 1 12 109
3 4 0 16 7 7 178
3 4 0 15 13 2 183
3 4 0 15 2 13 54
3 4 0 14 8 8 37
3 4 0 13 14 3 128
3 4 0 13 3 14 12
3 4 0 12 9 9 13
3 4 0 11 15 4 182
3 4 0 11 4 15 174
3 4 0 10 10 10 134
3 4 0 9 16 5 65
3 4 0 9 5 16 184
3 4 0 8 22 0 170
3 4 0 8 11 11 133
3 4 0 8 0 22 104
3 4 0 7 17 6 156
3 4 0 7 6 17 153
3 4 0 6 23 1 67
3 4 0 6 12 12 67
3 4 0 6 1 23 2
3 4 0 5 18 7 191
3 4 0 4 24 2 156
3 4 0 4 13 13 132
3 4 0 4 2 24 26
3 4 0 3 19 8 190
3 4 0 3 8 19 169
3 4 0 2 25 3 23
3 4 0 2 14 14 100
3 4 0 2 3 25 165
3 4 0 1 20 9 113
3 4 0 1 9 20 109
3 4 0 0 26 4 61
3 4 0 0 15 15 97
3 4 0 0 4 26 64
3 3 30 0 0 1 128
3 3 28 1 1 1 99
3 3 26 4 1 0 109
3 3 26 2 2 1 85
3 3 26 0 3 2 159
3 3 25 2 0 4 137
3 3 25 0 1 5 38
3 3 24 5 2 0 151
3 3 24 3 3 1 12
3 3 24 1 4 2 188
3 3 23 5 0 3 174
3 3 23 3 1 4 198
3 3 23 1 2 5 85
3 3 23 0 8 0 93
3 3 22 6 3 0 185
3 3 22 4 4 1 1
3 3 22 2 5 2 50
3 3 22 1 0 8 147
3 3 22 0 6 3 59
3 3 21 8 0 2 166
3 3 21 6 1 3 184
3 3 21 4 2 4 165
3 3 21 2 3 5 30
3 3 21 1 9 0 40
3 3 21 0 4 6 145
3 3 20 7 4 0 137
3 3 20 5 5 1 62
3 3 20 4 0 7 37
3 3 20 3 6 2 129
3 3 20 2 1 8 111
3 3 20 1 7 3 172
3 3 20 0 2 9 89
3 3 19 11 0 1 175
3 3 19 9 1 2 131
3 3 19 7 2 3 18
3 3 19 5 3 4 78
3 3 19 3 4 5 56
3 3 19 2 10 0 195
3 3 19 0 11 1 101
3 3 19 0 0 12 179
3 3 18 8 5 0 171
3 3 18 7 0 6 139
3 3 18 6 6 1 3
3 3 18 5 1 7 195
3 3 18 4 7 2 127
3 3 18 3 2 8 136
3 3 18 2 8 3 129
3 3 18 1 3 9 184
3 3 18 0 9 4 128
3 3 17 14 0 0 124
3 3 17 12 1 1 111
3 3 17 10 2 2 15
3 3 17 8 3 3 33
3 3 17 6 4 4 15
3 3 17 4 5 5 144
3 3 17 3 11 0 70
3 3 17 3 0 11 112
3 3 17 2 6 6 110
3 3 17 1 12 1 10
3 3 17 1 1 12 64
3 3 17 0 7 7 187
3 3 16 10 0 5 40
3 3 16 9 6 0 83
3 3 16 8 1 6 25
3 3 16 7 7 1 15
3 3 16 6 2 7 10
3 3 16 5 8 2 163
3 3 16 4 3 8 14
3 3 16 3 9 3 90
3 3 16 2 4 9 130
3 3 16 1 10 4 8
3 3 16 0 5 10 2
3 3 15 15 1 0 65
3 3 15 13 2 1 84
3 3 15 11 3 2 198
3 3 15 9 4 3 117
3 3 15 7 5 4 25
3 3 15 6 0 10 10
3 3 15 5 6 5 14
3 3 15 4 12 0 158
3 3 15 4 1 11 38
3 3 15 3 7 6 62
3 3 15 2 13 1 160
3 3 15 2 2 12 132
3 3 15 1 8 7 135
3 3 15 0 14 2 39
3 3 15 0 3 13 89
3 3 14 13 0 4 3
3 3 14 11 1 5 25
3 3 14 10 7 0 89
3 3 14 9 2 6 161
3 3 14 8 8 1 11
3 3 14 7 3 7 2
3 3 14 6 9 2 51
3 3 14 5 4 8 30
3 3 14 4 10 3 41
3 3 14 3 5 9 126
3 3 14 2 11 4 120
3 3 14 2 0 15 124
3 3 14 1 6 10 70
3 3 14 0 12 5 178
3 3 14 0 1 16 135
3 3 13 16 2 0 80
3 3 13 14 3 1 39
3 3 13 12 4 2 160
3 3 13 10 5 3 74
3 3 13 9 0 9 15
3 3 13 8 6 4 58
3 3 13 7 1 10 97
3 3 13 6 7 5 129
3 3 13 5 13 0 43
3 3 13 5 2 11 103
3 3 13 4 8 6 73
3 3 13 3 14 1 55
3 3 13 3 3 12 119
3 3 13 2 9 7 14
3 3 13 1 15 2 41
3 3 13 1 4 13 103
3 3 13 0 10 8 162
3 3 12 16 0 3 85
3 3 12 14 1 4 108
3 3 12 12 2 5 77
3 3 12 11 8 0 179
3 3 12 10 3 6 148
3 3 12 9 9 1 18
3 3 12 8 4 7 197
3 3 12 7 10 2 187
3 3 12 6 5 8 165
3 3 12 5 11 3 148
3 3 12 5 0 14 71
3 3 12 4 6 9 28
3 3 12 3 12 4 153
3 3 12 3 1 15 128
3 3 12 2 7 10 101
3 3 12 1 13 5 82
3 3 12 1 2 16 78
3 3 12 0 19 0 16
3 3 12 0 8 11 193
3 3 11 17 3 0 49
3 3 11 15 4 1 86
3 3 11 13 5 2 28
3 3 11 12 0 8 130
3 3 11 11 6 3 173
3 3 11 10 1 9 148
3 3 11 9 7 4 6
3 3 11 8 2 10 165
3 3 11 7 8 5 126
3 3 11 6 14 0 117
3 3 11 6 3 11 196
3 3 11 5 9 6 147
3 3 11 4 15 1 92
3 3 11 4 4 12 28
3 3 11 3 10 7 159
3 3 11 2 16 2 111
3 3 11 2 5 13 130
3 3 11 1 11 8 139
3 3 11 1 0 19 78
3 3 11 0 17 3 3
3 3 11 0 6 14 177
3 3 10 19 0 2 5
3 3 10 17 1 3 194
3 3 10 15 2 4 90
3 3 10 13 3 5 190
3 3 10 12 9 0 157
3 3 10 11 4 6 175
3 3 10 10 10 1 87
3 3 10 9 5 7 108
3 3 10 8 11 2 7
3 3 10 8 0 13 92
3 3 10 7 6 8 142
3 3 10 6 12 3 151
3 3 10 6 1 14 60
3 3 10 5 7 9 114
3 3 10 4 13 4 67
3 3 10 4 2 15 192
3 3 10 3 8 10 113
3 3 10 2 14 5 139
3 3 10 2 3 16 197
3 3 10 1 20 0 43
3 3 10 1 9 11 35
3 3 10 0 15 6 125
3 3 10 0 4 17 42
3 3 9 18 4 0 167
3 3 9 15 0 7 78
3 3 9 14 6 2 57
3 3 9 13 1 8 114
3 3 9 12 7 3 138
3 3 9 11 2 9 41
3 3 9 10 8 4 82
3 3 9 9 3 10 75
3 3 9 8 9 5 98
3 3 9 7 15 0 139
3 3 9 7 4 11 153
3 3 9 6 10 6 141
3 3 9 5 16 1 101
3 3 9 5 5 12 44
3 3 9 4 11 7 170
3 3 9 4 0 18 84
3 3 9 3 17 2 83
3 3 9 3 6 13 70
3 3 9 2 12 8 43
3 3 9 2 1 19 146
3 3 9 1 18 3 69
3 3 9 1 7 14 39
3 3 9 0 13 9 180
3 3 9 0 2 20 114
3 3 8 22 0 1 167
3 3 8 20 1 2 144
3 3 8 18 2 3 165
3 3 8 16 3 4 70
3 3 8 14 4 5 139
3 3 8 13 10 0 149
3 3 8 12 5 6 113
3 3 8 11 11 1 114
3 3 8 11 0 12 80
3 3 8 10 6 7 83
3 3 8 9 12 2 48
3 3 8 9 1 13 87
3 3 8 8 7 8 18
3 3 8 7 13 3 36
3 3 8 7 2 14 115
3 3 8 6 8 9 16
3 3 8 5 14 4 53
3 3 8 5 3 15 13
3 3 8 4 9 10 135
3 3 8 3 15 5 55
3 3 8 3 4 16 110
3 3 8 2 21 0 38
3 3 8 2 10 11 117
3 3 8 1 16 6 13
3 3 8 1 5 17 73
3 3 8 0 22 1 84
3 3 8 0 11 12 60
3 3 8 0 0 23 184
3 3 7 19 5 0 47
3 3 7 18 0 6 149
3 3 7 17 6 1 8
3 3 7 16 1 7 4
3 3 7 15 7 2 132
3 3 7 14 2 8 173
3 3 7 13 8 3 173
3 3 7 12 3 9 6
3 3 7 11 9 4 142
3 3 7 10 4 10 88
3 3 7 9 10 5 53
3 3 7 8 16 0 100
3 3 7 8 5 11 43
3 3 7 7 11 6 31
3 3 7 7 0 17 2
3 3 7 6 17 1 80
3 3 7 6 6 12 155
3 3 7 5 12 7 54
3 3 7 5 1 18 121
3 3 7 4 18 2 42
3 3 7 4 7 13 128
3 3 7 3 13 8 52
3 3 7 3 2 19 56
3 3 7 2 19 3 27
3 3 7 2 8 14 182
3 3 7 1 14 9 36
3 3 7 1 3 20 26
3 3 7 0 20 4 191
3 3 7 0 9 15 23
3 3 6 25 0 0 153
3 3 6 23 1 1 147
3 3 6 21 2 2 126
3 3 6 19 3 3 16
3 3 6 17 4 4 32
3 3 6 15 5 5 90
3 3 6 14 11 0 87
3 3 6 14 0 11 80
3 3 6 13 6 6 149
3 3 6 12 12 1 115
3 3 6 12 1 12 69
3 3 6 11 7 7 9
3 3 6 10 13 2 180
3 3 6 10 2 13 197
3 3 6 9 8 8 112
3 3 6 8 14 3 47
3 3 6 8 3 14 56
3 3 6 7 9 9 78
3 3 6 6 15 4 10
3 3 6 6 4 15 32
3 3 6 5 10 10 68
3 3 6 4 16 5 169
3 3 6 4 5 16 79
3 3 6 3 22 0 31
3 3 6 3 11 11 41
3 3 6 3 0 22 49
3 3 6 2 17 6 28
3 3 6 2 6 17 89
3 3 6 1 23 1 71
3 3 6 1 12 12 121
3 3 6 1 1 23 36
3 3 6 0 18 7 95
3 3 6 0 7 18 101
3 3 5 21 0 5 168
3 3 5 20 6 0 79
3 3 5 19 1 6 176
3 3 5 18 7 1 67
3 3 5 17 2 7 48
3 3 5 16 8 2 161
3 3 5 15 3 8 170
3 3 5 14 9 3 151
3 3 5 13 4 9 182
3 3 5 12 10 4 80
3 3 5 11 5 10 67
3 3 5 10 11 5 124
3 3 5 10 0 16 8
3 3 5 9 17 0 116
3 3 5 9 6 11 97
3 3 5 8 12 6 187
3 3 5 8 1 17 161
3 3 5 7 18 1 100
3 3 5 7 7 12 152
3 3 5 6 13 7 135
3 3 5 6 2 18 170
3 3 5 5 19 2 90
3 3 5 5 8 13 143
3 3 5 4 14 8 3
3 3 5 4 3 19 169
3 3 5 3 20 3 90
3 3 5 3 9 14 16
3 3 5 2 15 9 153
3 3 5 2 4 20 62
3 3 5 1 21 4 157
3 3 5 1 10 15 151
3 3 5 0 16 10 93
3 3 5 0 5 21 100
3 3 4 26 1 0 135
3 3 4 24 2 1 169
3 3 4 22 3 2 98
3 3 4 20 4 3 59
3 3 4 18 5 4 99
3 3 4 17 0 10 3
3 3 4 16 6 5 144
3 3 4 15 12 0 132
3 3 4 15 1 11 148
3 3 4 14 7 6 150
3 3 4 13 13 1 119
3 3 4 13 2 12 36
3 3 4 12 8 7 129
3 3 4 11 14 2 137
3 3 4 11 3 13 182
3 3 4 10 9 8 142
3 3 4 9 15 3 86
3 3 4 9 4 14 24
3 3 4 8 10 9 120
3 3 4 7 16 4 143
3 3 4 7 5 15 54
3 3 4 6 11 10 180
3 3 4 6 0 21 182
3 3 4 5 17 5 162
3 3 4 5 6 16 167
3 3 4 4 23 0 52
3 3 4 4 12 11 94
3 3 4 4 1 22 119
3 3 4 3 18 6 78
3 3 4 3 7 17 29
3 3 4 2 24 1 163
3 3 4 2 13 12 51
3 3 4 2 2 23 104
3 3 4 1 19 7 21
3 3 4 1 8 18 33
3 3 4 0 25 2 86
3 3 4 0 14 13 57
3 3 4 0 3 24 15
3 3 3 24 0 4 140
3 3 3 22 1 5 6
3 3 3 21 7 0 119
3 3 3 20 2 6 53
3 3 3 19 8 1 174
3 3 3 18 3 7 64
3 3 3 17 9 2 109
3 3 3 16 4 8 117
3 3 3 15 10 3 137
3 3 3 14 5 9 147
3 3 3 13 11 4 65
3 3 3 13 0 15 110
3 3 3 12 6 10 68
3 3 3 11 12 5 68
3 3 3 11 1 16 72
3 3 3 10 18 0 128
3 3 3 10 7 11 185
3 3 3 9 13 6 79
3 3 3 9 2 17 120
3 3 3 8 19 1 79
3 3 3 8 8 12 13
3 3 3 7 14 7 59
3 3 3 7 3 18 181
3 3 3 6 20 2 54
3 3 3 6 9 13 4
3 3 3 5 15 8 62
3 3 3 5 4 19 35
3 3 3 4 21 3 80
3 3 3 4 10 14 82
3 3 3 3 16 9 7
3 3 3 3 5 20 170
3 3 3 2 22 4 129
3 3 3 2 11 15 167
3 3 3 2 0 26 34
3 3 3 1 17 10 116
3 3 3 1 6 21 9
3 3 3 0 23 5 68
3 3 3 0 12 16 165
3 3 3 0 1 27 91
3 3 2 27 2 0 43
3 3 2 25 3 1 61
3 3 2 23 4 2 115
3 3 2 21 5 3 90
3 3 2 20 0 9 165
3 3 2 19 6 4 99
3 3 2 18 1 10 111
3 3 2 17 7 5 174
3 3 2 16 13 0 36
3 3 2 16 2 11 69
3 3 2 15 8 6 152
3 3 2 14 14 1 122
3 3 2 14 3 12 116
3 3 2 13 9 7 179
3 3 2 12 15 2 38
3 3 2 12 4 13 144
3 3 2 11 10 8 25
3 3 2 10 16 3 68
3 3 2 10 5 14 65
3 3 2 9 11 9 89
3 3 2 9 0 20 5
3 3 2 8 17 4 195
3 3 2 8 6 15 186
3 3 2 7 12 10 150
3 3 2 7 1 21 58
3 3 2 6 18 5 46
3 3 2 6 7 16 119
3 3 2 5 24 0 107
3 3 2 5 13 11 75
3 3 2 5 2 22 104
3 3 2 4 19 6 154
3 3 2 4 8 17 140
3 3 2 3 25 1 183
3 3 2 3 14 12 63
3 3 2 3 3 23 40
3 3 2 2 20 7 67
3 3 2 2 9 18 182
3 3 2 1 26 2 160
3 3 2 1 15 13 124
3 3 2 0 21 8 28
3 3 2 0 10 19 181
3 3 1 27 0 3 66
3 3 1 25 1 4 3
3 3 1 23 2 5 66
3 3 1 22 8 0 146
3 3 1 21 3 6 115
3 3 1 20 9 1 48
3 3 1 19 4 7 152
3 3 1 18 10 2 90
3 3 1 17 5 8 126
3 3 1 16 11 3 133
3 3 1 16 0 14 156
3 3 1 15 6 9 7
3 3 1 14 12 4 69
3 3 1 14 1 15 155
3 3 1 13 7 10 158
3 3 1 12 13 5 197
3 3 1 12 2 16 181
3 3 1 11 19 0 6
3 3 1 11 8 11 125
3 3 1 10 14 6 140
3 3 1 10 3 17 98
3 3 1 9 20 1 36
3 3 1 9 9 12 90
3 3 1 8 15 7 61
3 3 1 8 4 18 105
3 3 1 7 21 2 24
3 3 1 7 10 13 73
3 3 1 6 16 8 173
3 3 1 6 5 19 153
3 3 1 5 22 3 115
3 3 1 5 11 14 102
3 3 1 5 0 25 143
3 3 1 4 17 9 145
3 3 1 4 6 20 80
3 3 1 3 23 4 147
3 3 1 3 12 15 106
3 3 1 3 1 26 145
3 3 1 2 18 10 145
3 3 1 2 7 21 111
3 3 1 1 24 5 21
3 3 1 1 13 16 56
3 3 1 1 2 27 3
3 3 1 0 30 0 17
3 3 1 0 19 11 23
3 3 1 0 8 22 25
3 3 0 28 3 0 168
3 3 0 26 4 1 14
3 3 0 24 5 2 161
3 3 0 23 0 8 91
3 3 0 22 6 3 132
3 3 0 21 1 9 15
3 3 0 20 7 4 115
3 3 0 19 2 10 97
3 3 0 18 8 5 49
3 3 0 17 14 0 66
3 3 0 17 3 11 156
3 3 0 16 9 6 103
3 3 0 15 15 1 83
3 3 0 15 4 12 30
3 3 0 14 10 7 125
3 3 0 13 16 2 168
3 3 0 13 5 13 115
3 3 0 12 11 8 76
3 3 0 12 0 19 59
3 3 0 11 17 3 69
3 3 0 11 6 14 21
3 3 0 10 12 9 105
3 3 0 10 1 20 174
3 3 0 9 18 4 12
3 3 0 9 7 15 102
3 3 0 8 13 10 134
3 3 0 8 2 21 158
3 3 0 7 19 5 110
3 3 0 7 8 16 37
3 3 0 6 25 0 187
3 3 0 6 14 11 184
3 3 0 6 3 22 154
3 3 0 5 20 6 186
3 3 0 5 9 17 159
3 3 0 4 26 1 196
3 3 0 4 15 12 38
3 3 0 4 4 23 117
3 3 0 3 21 7 125
3 3 0 3 10 18 177
3 3 0 2 27 2 50
3 3 0 2 16 13 139
3 3 0 2 5 24 64
3 3 0 1 22 8 97
3 3 0 1 11 19 164
3 3 0 0 28 3 12
3 3 0 0 17 14 162
3 3 0 0 6 25 15
3 2 30 0 2 0 180
3 2 29 0 0 3 26
3 2 28 1 3 0 113
3 2 27 3 0 2 55
3 2 27 1 1 3 183
3 2 26 2 4 0 106
3 2 26 0 5 1 55
3 2 25 6 0 1 176
3 2 25 4 1 2 153
3 2 25 2 2 3 55
3 2 25 0 3 4 56
3 2 24 3 5 0 70
3 2 24 2 0 6 181
3 2 24 1 6 1 22
3 2 24 0 1 7 18
3 2 23 9 0 0 143
3 2 23 7 1 1 2
3 2 23 5 2 2 46
3 2 23 3 3 3 13
3 2 23 1 4 4 63
3 2 22 5 0 5 50
3 2 22 4 6 0 144
3 2 22 3 1 6 192
3 2 22 2 7 1 120
3 2 22 1 2 7 98
3 2 22 0 8 2 141
3 2 21 10 1 0 166
3 2 21 8 2 1 165
3 2 21 6 3 2 125
3 2 21 4 4 3 94
3 2 21 2 5 4 172
3 2 21 1 0 10 3
3 2 21 0 6 5 74
3 2 20 6 1 5 177
3 2 20 5 7 0 181
3 2 20 4 2 6 64
3 2 20 3 8 1 191
3 2 20 2 3 7 168
3 2 20 1 9 2 85
3 2 20 0 4 8 15
3 2 19 11 2 0 7
3 2 19 9 3 1 92
3 2 19 7 4 2 157
3 2 19 5 5 3 12
3 2 19 4 0 9 23
3 2 19 3 6 4 120
3 2 19 2 1 10 34
3 2 19 1 7 5 184
3 2 19 0 13 0 79
3 2 19 0 2 11 23
3 2 18 11 0 3 18
3 2 18 9 1 4 115
3 2 18 7 2 5 79
3 2 18 6 8 0 104
3 2 18 5 3 6 71
3 2 18 4 9 1 156
3 2 18 3 4 7 9
3 2 18 2 10 2 55
3 2 18 1 5 8 192
3 2 18 0 11 3 107
3 2 18 0 0 14 149
3 2 17 12 3 0 25
3 2 17 10 4 1 66
3 2 17 8 5 2 10
3 2 17 7 0 8 137
3 2 17 6 6 3 53
3 2 17 5 1 9 86
3 2 17 4 7 4 141
3 2 17 3 2 10 127
3 2 17 2 8 5 6
3 2 17 1 14 0 155
3 2 17 1 3 11 155
3 2 17 0 9 6 153
3 2 16 14 0 2 91
3 2 16 12 1 3 12
3 2 16 10 2 4 12
3 2 16 8 3 5 60
3 2 16 7 9 0 62
3 2 16 6 4 6 56
3 2 16 5 10 1 58
3 2 16 4 5 7 160
3 2 16 3 11 2 60
3 2 16 3 0 13 50
3 2 16 2 6 8 107
3 2 16 1 12 3 3
3 2 16 1 1 14 74
3 2 16 0 7 9 4
3 2 15 13 4 0 31
3 2 15 11 5 1 99
3 2 15 10 0 7 80
3 2 15 9 6 2 28
3 2 15 8 1 8 108
3 2 15 7 7 3 191
3 2 15 6 2 9 125
3 2 15 5 8 4 151
3 2 15 4 3 10 24
3 2 15 3 9 5 51
3 2 15 2 15 0 97
3 2 15 2 4 11 26
3 2 15 1 10 6 178
3 2 15 0 16 1 46
3 2 15 0 5 12 47
3 2 14 17 0 1 23
3 2 14 15 1 2 141
3 2 14 13 2 3 28
3 2 14 11 3 4 59
3 2 14 9 4 5 27
3 2 14 8 10 0 36
3 2 14 7 5 6 188
3 2 14 6 11 1 48
3 2 14 6 0 12 164
3 2 14 5 6 7 14
3 2 14 4 12 2 41
3 2 14 4 1 13 33
3 2 14 3 7 8 24
3 2 14 2 13 3 98
3 2 14 2 2 14 15
3 2 14 1 8 9 143
3 2 14 0 14 4 136
3 2 14 0 3 15 109
3 2 13 14 5 0 92
3 2 13 13 0 6 108
3 2 13 12 6 1 157
3 2 13 11 1 7 147
3 2 13 10 7 2 54
3 2 13 9 2 8 26
3 2 13 8 8 3 79
3 2 13 7 3 9 37
3 2 13 6 9 4 141
3 2 13 5 4 10 131
3 2 13 4 10 5 144
3 2 13 3 16 0 57
3 2 13 3 5 11 102
3 2 13 2 11 6 67
3 2 13 2 0 17 103
3 2 13 1 17 1 53
3 2 13 1 6 12 60
3 2 13 0 12 7 78
3 2 13 0 1 18 3
3 2 12 20 0 0 86
3 2 12 18 1 1 8
3 2 12 16 2 2 111
3 2 12 14 3 3 149
3 2 12 12 4 4 107
3 2 12 10 5 5 99
3 2 12 9 11 0 197
3 2 12 9 0 11 106
3 2 12 8 6 6 185
3 2 12 7 12 1 23
3 2 12 7 1 12 196
3 2 12 6 7 7 119
3 2 12 5 13 2 94
3 2 12 5 2 13 61
3 2 12 4 8 8 163
3 2 12 3 14 3 1
3 2 12 3 3 14 179
3 2 12 2 9 9 27
3 2 12 1 15 4 57
3 2 12 1 4 15 77
3 2 12 0 10 10 165
3 2 11 16 0 5 190
3 2 11 15 6 0 81
3 2 11 14 1 6 185
3 2 11 13 7 1 82
3 2 11 12 2 7 193
3 2 11 11 8 2 149
3 2 11 10 3 8 107
3 2 11 9 9 3 15
3 2 11 8 4 9 45
3 2 11 7 10 4 164
3 2 11 6 5 10 176
3 2 11 5 11 5 152
3 2 11 5 0 16 85
3 2 11 4 17 0 32
3 2 11 4 6 11 135
3 2 11 3 12 6 103
3 2 11 3 1 17 126
3 2 11 2 18 1 5
3 2 11 2 7 12 173
3 2 11 1 13 7 19
3 2 11 1 2 18 96
3 2 11 0 19 2 174
3 2 11 0 8 13 103
3 2 10 21 1 0 127
3 2 10 19 2 1 71
3 2 10 17 3 2 106
3 2 10 15 4 3 65
3 2 10 13 5 4 97
3 2 10 12 0 10 191
3 2 10 11 6 5 85
3 2 10 10 12 0 21
3 2 10 10 1 11 120
3 2 10 9 7 6 42
3 2 10 8 13 1 63
3 2 10 8 2 12 110
3 2 10 7 8 7 142
3 2 10 6 14 2 153
3 2 10 6 3 13 194
3 2 10 5 9 8 28
3 2 10 4 15 3 125
3 2 10 4 4 14 173
3 2 10 3 10 9 9
3 2 10 2 16 4 103
3 2 10 2 5 15 125
3 2 10 1 11 10 186
3 2 10 1 0 21 3
3 2 10 0 17 5 144
3 2 10 0 6 16 22
3 2 9 19 0 4 43
3 2 9 17 1 5 160
3 2 9 16 7 0 39
3 2 9 15 2 6 105
3 2 9 14 8 1 66
3 2 9 13 3 7 193
3 2 9 12 9 2 50
3 2 9 11 4 8 189
3 2 9 10 10 3 2
3 2 9 9 5 9 161
3 2 9 8 11 4 145
3 2 9 8 0 15 113
3 2 9 7 6 10 19
3 2 9 6 12 5 190
3 2 9 6 1 16 66
3 2 9 5 18 0 120
3 2 9 5 7 11 48
3 2 9 4 13 6 47
3 2 9 4 2 17 113
3 2 9 3 19 1 8
3 2 9 3 8 12 190
3 2 9 2 14 7 15
3 2 9 2 3 18 45
3 2 9 1 20 2 173
3 2 9 1 9 13 25
3 2 9 0 15 8 186
3 2 9 0 4 19 192
3 2 8 22 2 0 85
3 2 8 20 3 1 27
3 2 8 18 4 2 109
3 2 8 16 5 3 150
3 2 8 15 0 9 119
3 2 8 14 6 4 120
3 2 8 13 1 10 191
3 2 8 12 7 5 10
3 2 8 11 13 0 12
3 2 8 11 2 11 69
3 2 8 10 8 6 175
3 2 8 9 14 1 157
3 2 8 9 3 12 23
3 2 8 8 9 7 124
3 2 8 7 15 2 20
3 2 8 7 4 13 64
3 2 8 6 10 8 122
3 2 8 5 16 3 188
3 2 8 5 5 14 107
3 2 8 4 11 9 93
3 2 8 4 0 20 92
3 2 8 3 17 4 158
3 2 8 3 6 15 100
3 2 8 2 12 10 197
3 2 8 2 1 21 46
3 2 8 1 18 5 120
3 2 8 1 7 16 127
3 2 8 0 24 0 198
3 2 8 0 13 11 20
3 2 8 0 2 22 197
3 2 7 22 0 3 129
3 2 7 20 1 4 179
3 2 7 18 2 5 90
3 2 7 17 8 0 103
3 2 7 16 3 6 12
3 2 7 15 9 1 139
3 2 7 14 4 7 34
3 2 7 13 10 2 88
3 2 7 12 5 8 170
3 2 7 11 11 3 87
3 2 7 11 0 14 145
3 2 7 10 6 9 116
3 2 7 9 12 4 78
3 2 7 9 1 15 167
3 2 7 8 7 10 182
3 2 7 7 13 5 34
3 2 7 7 2 16 117
3 2 7 6 19 0 49
3 2 7 6 8 11 16
3 2 7 5 14 6 81
3 2 7 5 3 17 106
3 2 7 4 20 1 33
3 2 7 4 9 12 112
3 2 7 3 15 7 164
3 2 7 3 4 18 155
3 2 7 2 21 2 169
3 2 7 2 10 13 50
3 2 7 1 16 8 18
3 2 7 1 5 19 82
3 2 7 0 22 3 187
3 2 7 0 11 14 71
3 2 7 0 0 25 23
3 2 6 23 3 0 108
3 2 6 21 4 1 53
3 2 6 19 5 2 64
3 2 6 18 0 8 26
3 2 6 17 6 3 142
3 2 6 16 1 9 165
3 2 6 15 7 4 173
3 2 6 14 2 10 101
3 2 6 13 8 5 87
3 2 6 12 14 0 42
3 2 6 12 3 11 140
3 2 6 11 9 6 197
3 2 6 10 15 1 114
3 2 6 10 4 12 194
3 2 6 9 10 7 193
3 2 6 8 16 2 166
3 2 6 8 5 13 192
3 2 6 7 11 8 32
3 2 6 7 0 19 39
3 2 6 6 17 3 151
3 2 6 6 6 14 120
3 2 6 5 12 9 137
3 2 6 5 1 20 167
3 2 6 4 18 4 123
3 2 6 4 7 15 54
3 2 6 3 13 10 62
3 2 6 3 2 21 114
3 2 6 2 19 5 4
3 2 6 2 8 16 98
3 2 6 1 25 0 113
3 2 6 1 14 11 8
3 2 6 1 3 22 170
3 2 6 0 20 6 65
3 2 6 0 9 17 116
3 2 5 25 0 2 184
3 2 5 23 1 3 102
3 2 5 21 2 4 48
3 2 5 19 3 5 35
3 2 5 18 9 0 34
3 2 5 17 4 6 114
3 2 5 16 10 1 49
3 2 5 15 5 7 173
3 2 5 14 11 2 82
3 2 5 14 0 13 165
3 2 5 13 6 8 125
3 2 5 12 12 3 175
3 2 5 12 1 14 147
3 2 5 11 7 9 124
3 2 5 10 13 4 122
3 2 5 10 2 15 96
3 2 5 9 8 10 186
3 2 5 8 14 5 191
3 2 5 8 3 16 64
3 2 5 7 20 0 153
3 2 5 7 9 11 84
3 2 5 6 15 6 24
3 2 5 6 4 17 87
3 2 5 5 21 1 42
3 2 5 5 10 12 179
3 2 5 4 16 7 104
3 2 5 4 5 18 2
3 2 5 3 22 2 61
3 2 5 3 11 13 188
3 2 5 3 0 24 85
3 2 5 2 17 8 38
3 2 5 2 6 19 184
3 2 5 1 23 3 88
3 2 5 1 12 14 11
3 2 5 1 1 25 119
3 2 5 0 18 9 42
3 2 5 0 7 20 12
3 2 4 24 4 0 85
3 2 4 22 5 1 150
3 2 4 21 0 7 60
3 2 4 20 6 2 18
3 2 4 19 1 8 147
3 2 4 18 7 3 132
3 2 4 17 2 9 186
3 2 4 16 8 4 58
3 2 4 15 3 10 117
3 2 4 14 9 5 173
3 2 4 13 15 0 27
3 2 4 13 4 11 150
3 2 4 12 10 6 80
3 2 4 11 16 1 117
3 2 4 11 5 12 55
3 2 4 10 11 7 42
3 2 4 10 0 18 173
3 2 4 9 17 2 21
3 2 4 9 6 13 94
3 2 4 8 12 8 171
3 2 4 8 1 19 128
3 2 4 7 18 3 10
3 2 4 7 7 14 114
3 2 4 6 13 9 163
3 2 4 6 2 20 55
3 2 4 5 19 4 45
3 2 4 5 8 15 59
3 2 4 4 14 10 36
3 2 4 4 3 21 65
3 2 4 3 20 5 1
3 2 4 3 9 16 145
3 2 4 2 26 0 157
3 2 4 2 15 11 6
3 2 4 2 4 22 152
3 2 4 1 21 6 133
3 2 4 1 10 17 162
3 2 4 0 27 1 176
3 2 4 0 16 12 156
3 2 4 0 5 23 52
3 2 3 28 0 1 160
3 2 3 26 1 2 38
3 2 3 24 2 3 154
3 2 3 22 3 4 2
3 2 3 20 4 5 34
3 2 3 19 10 0 72
3 2 3 18 5 6 38
3 2 3 17 11 1 76
3 2 3 17 0 12 113
3 2 3 16 6 7 60
3 2 3 15 12 2 21
3 2 3 15 1 13 7
3 2 3 14 7 8 135
3 2 3 13 13 3 32
3 2 3 13 2 14 100
3 2 3 12 8 9 156
3 2 3 11 14 4 147
3 2 3 11 3 15 165
3 2 3 10 9 10 141
3 2 3 9 15 5 34
3 2 3 9 4 16 158
3 2 3 8 21 0 138
3 2 3 8 10 11 120
3 2 3 7 16 6 13
3 2 3 7 5 17 33
3 2 3 6 22 1 5
3 2 3 6 11 12 11
3 2 3 6 0 23 53
3 2 3 5 17 7 7
3 2 3 5 6 18 49
3 2 3 4 23 2 194
3 2 3 4 12 13 68
3 2 3 4 1 24 67
3 2 3 3 18 8 170
3 2 3 3 7 19 106
3 2 3 2 24 3 128
3 2 3 2 13 14 69
3 2 3 2 2 25 20
3 2 3 1 19 9 68
3 2 3 1 8 20 185
3 2 3 0 25 4 63
3 2 3 0 14 15 156
3 2 3 0 3 26 22
3 2 2 25 5 0 54
3 2 2 24 0 6 118
3 2 2 23 6 1 86
3 2 2 22 1 7 79
3 2 2 21 7 2 80
3 2 2 20 2 8 103
3 2 2 19 8 3 150
3 2 2 18 3 9 14
3 2 2 17 9 4 128
3 2 2 16 4 10 168
3 2 2 15 10 5 68
3 2 2 14 16 0 25
3 2 2 14 5 11 23
3 2 2 13 11 6 56
3 2 2 13 0 17 97
3 2 2 12 17 1 118
3 2 2 12 6 12 129
3 2 2 11 12 7 37
3 2 2 11 1 18 94
3 2 2 10 18 2 119
3 2 2 10 7 13 31
3 2 2 9 13 8 136
3 2 2 9 2 19 30
3 2 2 8 19 3 44
3 2 2 8 8 14 153
3 2 2 7 14 9 52
3 2 2 7 3 20 58
3 2 2 6 20 4 32
3 2 2 6 9 15 74
3 2 2 5 15 10 82
3 2 2 5 4 21 159
3 2 2 4 21 5 79
3 2 2 4 10 16 6
3 2 2 3 27 0 176
3 2 2 3 16 11 61
3 2 2 3 5 22 25
3 2 2 2 22 6 172
3 2 2 2 11 17 162
3 2 2 2 0 28 104
3 2 2 1 28 1 82
3 2 2 1 17 12 108
3 2 2 1 6 23 37
3 2 2 0 23 7 163
3 2 2 0 12 18 153
3 2 2 0 1 29 177
3 2 1 31 0 0 195
3 2 1 29 1 1 122
3 2 1 27 2 2 1
3 2 1 25 3 3 177
3 2 1 23 4 4 64
3 2 1 21 5 5 188
3 2 1 20 11 0 140
3 2 1 20 0 11 97
3 2 1 19 6 6 191
3 2 1 18 12 1 157
3 2 1 18 1 12 40
3 2 1 17 7 7 166
3 2 1 16 13 2 196
3 2 1 16 2 13 114
3 2 1 15 8 8 18
3 2 1 14 14 3 31
3 2 1 14 3 14 118
3 2 1 13 9 9 168
3 2 1 12 15 4 110
3 2 1 12 4 15 129
3 2 1 11 10 10 98
3 2 1 10 16 5 182
3 2 1 10 5 16 135
3 2 1 9 22 0 132
3 2 1 9 11 11 133
3 2 1 8 17 6 142
3 2 1 8 6 17 131
3 2 1 7 23 1 154
3 2 1 7 12 12 65
3 2 1 7 1 23 38
3 2 1 6 18 7 121
3 2 1 6 7 18 119
3 2 1 5 24 2 53
3 2 1 5 13 13 94
3 2 1 5 2 24 46
3 2 1 4 19 8 41
3 2 1 4 8 19 130
3 2 1 3 25 3 17
3 2 1 3 14 14 125
3 2 1 3 3 25 111
3 2 1 2 20 9 60
3 2 1 2 9 20 136
3 2 1 1 26 4 26
3 2 1 1 15 15 181
3 2 1 1 4 26 27
3 2 1 0 21 10 61
3 2 1 0 10 21 157
3 2 0 27 0 5 117
3 2 0 26 6 0 181
3 2 0 25 1 6 109
3 2 0 24 7 1 131
3 2 0 23 2 7 52
3 2 0 22 8 2 75
3 2 0 21 3 8 26
3 2 0 20 9 3 128
3 2 0 19 4 9 91
3 2 0 18 10 4 143
3 2 0 17 5 10 78
3 2 0 16 11 5 70
3 2 0 16 0 16 170
3 2 0 15 17 0 64
3 2 0 15 6 11 6
3 2 0 14 12 6 14
3 2 0 14 1 17 24
3 2 0 13 18 1 71
3 2 0 13 7 12 46
3 2 0 12 13 7 92
3 2 0 12 2 18 13
3 2 0 11 19 2 85
3 2 0 11 8 13 137
3 2 0 10 14 8 30
3 2 0 10 3 19 98
3 2 0 9 20 3 185
3 2 0 9 9 14 178
3 2 0 8 15 9 159
3 2 0 8 4 20 11
3 2 0 7 21 4 175
3 2 0 7 10 15 18
3 2 0 6 16 10 88
3 2 0 6 5 21 103
3 2 0 5 22 5 180
3 2 0 5 11 16 75
3 2 0 4 28 0 76
3 2 0 4 17 11 4
3 2 0 4 6 22 100
3 2 0 3 23 6 135
3 2 0 3 12 17 157
3 2 0 3 1 28 29
3 2 0 2 29 1 100
3 2 0 2 18 12 177
3 2 0 2 7 23 13
3 2 0 1 24 7 120
3 2 0 1 13 18 171
3 2 0 1 2 29 9
3 2 0 0 30 2 128
3 2 0 0 19 13 150
3 2 0 0 8 24 178
3 1 31 1 0 1 180
3 1 29 4 0 0 156
3 1 29 2 1 1 109
3 1 29 0 2 2 74
3 1 28 0 0 5 42
3 1 27 5 1 0 89
3 1 27 3 2 1 123
3 1 27 1 3 2 135
3 1 26 3 0 4 64
3 1 26 1 1 5 43
3 1 26 0 7 0 133
3 1 25 6 2 0 193
3 1 25 4 3 1 160
3 1 25 2 4 2 72
3 1 25 0 5 3 154
3 1 24 6 0 3 161
3 1 24 4 1 4 144
3 1 24 2 2 5 151
3 1 24 1 8 0 131
3 1 24 0 3 6 29
3 1 23 7 3 0 8
3 1 23 5 4 1 100
3 1 23 3 5 2 95
3 1 23 2 0 8 167
3 1 23 1 6 3 133
3 1 23 0 1 9 55
3 1 22 9 0 2 195
3 1 22 7 1 3 178
3 1 22 5 2 4 148
3 1 22 3 3 5 169
3 1 22 2 9 0 77
3 1 22 1 4 6 164
3 1 22 0 10 1 173
3 1 21 8 4 0 33
3 1 21 6 5 1 109
3 1 21 5 0 7 157
3 1 21 4 6 2 181
3 1 21 3 1 8 43
3 1 21 2 7 3 2
3 1 21 1 2 9 2
3 1 21 0 8 4 107
3 1 20 12 0 1 106
3 1 20 10 1 2 21
3 1 20 8 2 3 185
3 1 20 6 3 4 125
3 1 20 4 4 5 187
3 1 20 3 10 0 93
3 1 20 2 5 6 69
3 1 20 1 11 1 97
3 1 20 1 0 12 192
3 1 20 0 6 7 152
3 1 19 9 5 0 42
3 1 19 8 0 6 128
3 1 19 7 6 1 85
3 1 19 6 1 7 160
3 1 19 5 7 2 17
3 1 19 4 2 8 170
3 1 19 3 8 3 179
3 1 19 2 3 9 100
3 1 19 1 9 4 174
3 1 19 0 4 10 15
3 1 18 15 0 0 159
3 1 18 13 1 1 64
3 1 18 11 2 2 126
3 1 18 9 3 3 30
3 1 18 7 4 4 158
3 1 18 5 5 5 82
3 1 18 4 11 0 2
3 1 18 4 0 11 5
3 1 18 3 6 6 116
3 1 18 2 12 1 4
3 1 18 2 1 12 26
3 1 18 1 7 7 186
3 1 18 0 13 2 117
3 1 18 0 2 13 7
3 1 17 11 0 5 163
3 1 17 10 6 0 127
3 1 17 9 1 6 190
3 1 17 8 7 1 23
3 1 17 7 2 7 64
3 1 17 6 8 2 42
3 1 17 5 3 8 170
3 1 17 4 9 3 106
3 1 17 3 4 9 111
3 1 17 2 10 4 54
3 1 17 1 5 10 102
3 1 17 0 11 5 21
3 1 17 0 0 16 40
3 1 16 16 1 0 36
3 1 16 14 2 1 23
3 1 16 12 3 2 144
3 1 16 10 4 3 48
3 1 16 8 5 4 90
3 1 16 7 0 10 181
3 1 16 6 6 5 83
3 1 16 5 12 0 113
3 1 16 5 1 11 16
3 1 16 4 7 6 31
3 1 16 3 13 1 137
3 1 16 3 2 12 165
3 1 16 2 8 7 72
3 1 16 1 14 2 94
3 1 16 0 9 8 87
3 1 15 14 0 4 148
3 1 15 12 1 5 153
3 1 15 11 7 0 25
3 1 15 10 2 6 86
3 1 15 9 8 1 187
3 1 15 8 3 7 41
3 1 15 7 9 2 91
3 1 15 6 4 8 95
3 1 15 5 10 3 76
3 1 15 4 5 9 126
3 1 15 3 11 4 76
3 1 15 3 0 15 136
3 1 15 2 6 10 121
3 1 15 1 12 5 70
3 1 15 1 1 16 165
3 1 15 0 18 0 163
3 1 15 0 7 11 180
3 1 14 17 2 0 10
3 1 14 15 3 1 20
3 1 14 13 4 2 2
3 1 14 11 5 3 155
3 1 14 10 0 9 24
3 1 14 9 6 4 143
3 1 14 8 1 10 114
3 1 14 7 7 5 101
3 1 14 6 13 0 181
3 1 14 6 2 11 94
3 1 14 5 8 6 98
3 1 14 4 14 1 166
3 1 14 4 3 12 2
3 1 14 3 9 7 71
3 1 14 2 15 2 44
3 1 14 2 4 13 40
3 1 14 1 10 8 95
3 1 14 0 16 3 190
3 1 14 0 5 14 3
3 1 13 17 0 3 139
3 1 13 15 1 4 115
3 1 13 13 2 5 34
3 1 13 12 8 0 128
3 1 13 11 3 6 189
3 1 13 10 9 1 137
3 1 13 9 4 7 132
3 1 13 8 10 2 144
3 1 13 7 5 8 99
3 1 13 6 11 3 57
3 1 13 6 0 14 91
3 1 13 5 6 9 45
3 1 13 4 12 4 169
3 1 13 4 1 15 147
3 1 13 3 7 10 97
3 1 13 2 13 5 70
3 1 13 2 2 16 47
3 1 13 1 19 0 151
3 1 13 1 8 11 43
3 1 13 0 14 6 1
3 1 13 0 3 17 2
3 1 12 18 3 0 163
3 1 12 16 4 1 93
3 1 12 14 5 2 5
3 1 12 13 0 8 2
3 1 12 12 6 3 91
3 1 12 11 1 9 23
3 1 12 10 7 4 136
3 1 12 9 2 10 194
3 1 12 8 8 5 83
3 1 12 7 14 0 47
3 1 12 7 3 11 25
3 1 12 6 9 6 29
3 1 12 5 15 1 183
3 1 12 5 4 12 179
3 1 12 4 10 7 84
3 1 12 3 16 2 71
3 1 12 3 5 13 171
3 1 12 2 11 8 178
3 1 12 2 0 19 99
3 1 12 1 17 3 128
3 1 12 1 6 14 86
3 1 12 0 12 9 88
3 1 12 0 1 20 180
3 1 11 20 0 2 57
3 1 11 18 1 3 153
3 1 11 16 2 4 134
3 1 11 14 3 5 69
3 1 11 13 9 0 167
3 1 11 12 4 6 40
3 1 11 11 10 1 130
3 1 11 10 5 7 33
3 1 11 9 11 2 64
3 1 11 9 0 13 169
3 1 11 8 6 8 137
3 1 11 7 12 3 184
3 1 11 7 1 14 170
3 1 11 6 7 9 107
3 1 11 5 13 4 147
3 1 11 5 2 15 189
3 1 11 4 8 10 80
3 1 11 3 14 5 115
3 1 11 3 3 16 187
3 1 11 2 20 0 152
3 1 11 2 9 11 109
3 1 11 1 15 6 7
3 1 11 1 4 17 190
3 1 11 0 21 1 112
3 1 11 0 10 12 180
3 1 10 19 4 0 116
3 1 10 17 5 1 190
3 1 10 16 0 7 10
3 1 10 15 6 2 9
3 1 10 14 1 8 118
3 1 10 13 7 3 196
3 1 10 12 2 9 151
3 1 10 11 8 4 59
3 1 10 10 3 10 96
3 1 10 9 9 5 100
3 1 10 8 15 0 170
3 1 10 8 4 11 45
3 1 10 7 10 6 133
3 1 10 6 16 1 71
3 1 10 6 5 12 116
3 1 10 5 11 7 92
3 1 10 5 0 18 183
3 1 10 4 17 2 87
3 1 10 4 6 13 94
3 1 10 3 12 8 148
3 1 10 3 1 19 172
3 1 10 2 18 3 179
3 1 10 2 7 14 111
3 1 10 1 13 9 136
3 1 10 1 2 20 34
3 1 10 0 19 4 86
3 1 10 0 8 15 34
3 1 9 23 0 1 177
3 1 9 21 1 2 192
3 1 9 19 2 3 181
3 1 9 17 3 4 120
3 1 9 15 4 5 104
3 1 9 14 10 0 160
3 1 9 13 5 6 159
3 1 9 12 11 1 105
3 1 9 12 0 12 83
3 1 9 11 6 7 174
3 1 9 10 12 2 13
3 1 9 10 1 13 61
3 1 9 9 7 8 124
3 1 9 8 13 3 174
3 1 9 8 2 14 5
3 1 9 7 8 9 156
3 1 9 6 14 4 69
3 1 9 6 3 15 126
3 1 9 5 9 10 91
3 1 9 4 15 5 132
3 1 9 4 4 16 39
3 1 9 3 21 0 165
3 1 9 3 10 11 136
3 1 9 2 16 6 183
3 1 9 2 5 17 117
3 1 9 1 22 1 160
3 1 9 1 11 12 97
3 1 9 1 0 23 109
3 1 9 0 17 7 87
3 1 9 0 6 18 167
3 1 8 20 5 0 17
3 1 8 19 0 6 66
3 1 8 18 6 1 198
3 1 8 17 1 7 39
3 1 8 16 7 2 158
3 1 8 15 2 8 50
3 1 8 14 8 3 25
3 1 8 13 3 9 35
3 1 8 12 9 4 36
3 1 8 11 4 10 136
3 1 8 10 10 5 58
3 1 8 9 16 0 15
3 1 8 9 5 11 195
3 1 8 8 11 6 154
3 1 8 8 0 17 94
3 1 8 7 17 1 12
3 1 8 7 6 12 131
3 1 8 6 12 7 121
3 1 8 6 1 18 187
3 1 8 5 18 2 125
3 1 8 5 7 13 50
3 1 8 4 13 8 130
3 1 8 4 2 19 193
3 1 8 3 19 3 156
3 1 8 3 8 14 16
3 1 8 2 14 9 187
3 1 8 2 3 20 93
3 1 8 1 20 4 89
3 1 8 1 9 15 28
3 1 8 0 15 10 134
3 1 8 0 4 21 34
3 1 7 26 0 0 169
3 1 7 24 1 1 82
3 1 7 22 2 2 82
3 1 7 20 3 3 55
3 1 7 18 4 4 197
3 1 7 16 5 5 11
3 1 7 15 11 0 107
3 1 7 15 0 11 135
3 1 7 14 6 6 26
3 1 7 13 12 1 142
3 1 7 13 1 12 122
3 1 7 12 7 7 41
3 1 7 11 13 2 107
3 1 7 11 2 13 3
3 1 7 10 8 8 140
3 1 7 9 14 3 178
3 1 7 9 3 14 47
3 1 7 8 9 9 105
3 1 7 7 15 4 75
3 1 7 7 4 15 87
3 1 7 6 10 10 104
3 1 7 5 5 16 146
3 1 7 4 22 0 117
3 1 7 4 11 11 167
3 1 7 4 0 22 85
3 1 7 3 17 6 50
3 1 7 3 6 17 188
3 1 7 2 23 1 52
3 1 7 2 12 12 101
3 1 7 2 1 23 93
3 1 7 1 18 7 162
3 1 7 1 7 18 166
3 1 7 0 24 2 4
3 1 7 0 13 13 90
3 1 7 0 2 24 69
3 1 6 22 0 5 25
3 1 6 21 6 0 153
3 1 6 20 1 6 61
3 1 6 19 7 1 161
3 1 6 18 2 7 123
3 1 6 17 8 2 161
3 1 6 16 3 8 184
3 1 6 15 9 3 49
3 1 6 14 4 9 141
3 1 6 13 10 4 113
3 1 6 12 5 10 196
3 1 6 11 11 5 121
3 1 6 11 0 16 22
3 1 6 10 17 0 96
3 1 6 10 6 11 146
3 1 6 9 12 6 2
3 1 6 9 1 17 50
3 1 6 8 18 1 111
3 1 6 8 7 12 188
3 1 6 7 13 7 186
3 1 6 7 2 18 17
3 1 6 6 19 2 112
3 1 6 6 8 13 39
3 1 6 5 14 8 182
3 1 6 5 3 19 181
3 1 6 4 20 3 6
3 1 6 4 9 14 117
3 1 6 3 15 9 174
3 1 6 3 4 20 144
3 1 6 2 21 4 82
3 1 6 1 16 10 142
3 1 6 1 5 21 16
3 1 6 0 22 5 18
3 1 6 0 11 16 144
3 1 6 0 0 27 90
3 1 5 27 1 0 92
3 1 5 25 2 1 17
3 1 5 23 3 2 54
3 1 5 21 4 3 44
3 1 5 19 5 4 143
3 1 5 18 0 10 188
3 1 5 17 6 5 99
3 1 5 16 12 0 198
3 1 5 16 1 11 27
3 1 5 15 7 6 95
3 1 5 14 13 1 85
3 1 5 14 2 12 152
3 1 5 13 8 7 87
3 1 5 12 14 2 164
3 1 5 12 3 13 47
3 1 5 11 9 8 185
3 1 5 10 15 3 195
3 1 5 10 4 14 118
3 1 5 9 10 9 36
3 1 5 8 16 4 121
3 1 5 8 5 15 120
3 1 5 7 11 10 156
3 1 5 7 0 21 108
3 1 5 6 17 5 41
3 1 5 6 6 16 124
3 1 5 5 23 0 25
3 1 5 5 12 11 13
3 1 5 5 1 22 52
3 1 5 4 18 6 193
3 1 5 4 7 17 195
3 1 5 3 24 1 50
3 1 5 3 13 12 83
3 1 5 3 2 23 96
3 1 5 2 19 7 128
3 1 5 2 8 18 139
3 1 5 1 25 2 51
3 1 5 1 14 13 197
3 1 5 1 3 24 59
3 1 5 0 20 8 178
3 1 5 0 9 19 23
3 1 4 25 0 4 155
3 1 4 23 1 5 80
3 1 4 22 7 0 50
3 1 4 21 2 6 176
3 1 4 20 8 1 130
3 1 4 19 3 7 193
3 1 4 18 9 2 166
3 1 4 17 4 8 22
3 1 4 16 10 3 92
3 1 4 15 5 9 108
3 1 4 14 11 4 84
3 1 4 14 0 15 88
3 1 4 13 6 10 15
3 1 4 12 1 16 14
3 1 4 11 18 0 79
3 1 4 11 7 11 34
3 1 4 10 13 6 115
3 1 4 10 2 17 117
3 1 4 9 19 1 22
3 1 4 9 8 12 93
3 1 4 8 14 7 27
3 1 4 8 3 18 84
3 1 4 7 20 2 180
3 1 4 7 9 13 98
3 1 4 6 15 8 183
3 1 4 6 4 19 57
3 1 4 5 21 3 58
3 1 4 5 10 14 162
3 1 4 4 16 9 176
3 1 4 4 5 20 20
3 1 4 3 22 4 138
3 1 4 3 11 15 192
3 1 4 3 0 26 48
3 1 4 2 17 10 164
3 1 4 2 6 21 123
3 1 4 1 23 5 141
3 1 4 1 12 16 55
3 1 4 1 1 27 130
3 1 4 0 29 0 128
3 1 4 0 18 11 140
3 1 4 0 7 22 4
3 1 3 28 2 0 188
3 1 3 26 3 1 12
3 1 3 24 4 2 18
3 1 3 22 5 3 95
3 1 3 21 0 9 43
3 1 3 20 6 4 17
3 1 3 19 1 10 54
3 1 3 18 7 5 60
3 1 3 17 13 0 120
3 1 3 17 2 11 6
3 1 3 16 8 6 194
3 1 3 15 14 1 115
3 1 3 15 3 12 77
3 1 3 14 9 7 198
3 1 3 13 15 2 12
3 1 3 13 4 13 35
3 1 3 12 10 8 89
3 1 3 11 16 3 170
3 1 3 11 5 14 198
3 1 3 10 11 9 149
3 1 3 10 0 20 186
3 1 3 9 17 4 40
3 1 3 9 6 15 195
3 1 3 8 12 10 89
3 1 3 8 1 21 86
3 1 3 7 18 5 83
3 1 3 7 7 16 137
3 1 3 6 13 11 31
3 1 3 6 2 22 171
3 1 3 5 19 6 31
3 1 3 5 8 17 105
3 1 3 4 25 1 46
3 1 3 4 14 12 129
3 1 3 4 3 23 8
3 1 3 3 20 7 198
3 1 3 3 9 18 188
3 1 3 2 26 2 20
3 1 3 2 15 13 137
3 1 3 2 4 24 118
3 1 3 1 21 8 128
3 1 3 1 10 19 109
3 1 3 0 27 3 22
3 1 3 0 16 14 69
3 1 3 0 5 25 135
3 1 2 28 0 3 144
3 1 2 26 1 4 13
3 1 2 24 2 5 191
3 1 2 23 8 0 180
3 1 2 22 3 6 69
3 1 2 21 9 1 16
3 1 2 20 4 7 15
3 1 2 19 10 2 54
3 1 2 18 5 8 74
3 1 2 17 11 3 2
3 1 2 17 0 14 134
3 1 2 16 6 9 148
3 1 2 15 12 4 125
3 1 2 15 1 15 180
3 1 2 14 7 10 84
3 1 2 13 13 5 97
3 1 2 13 2 16 151
3 1 2 12 19 0 64
3 1 2 12 8 11 68
3 1 2 11 14 6 74
3 1 2 11 3 17 89
3 1 2 10 20 1 71
3 1 2 10 9 12 26
3 1 2 9 15 7 78
3 1 2 9 4 18 156
3 1 2 8 21 2 121
3 1 2 8 10 13 95
3 1 2 7 16 8 15
3 1 2 7 5 19 107
3 1 2 6 22 3 66
3 1 2 6 11 14 14
3 1 2 6 0 25 124
3 1 2 5 17 9 181
3 1 2 5 6 20 132
3 1 2 4 23 4 79
3 1 2 4 12 15 169
3 1 2 4 1 26 135
3 1 2 3 18 10 166
3 1 2 3 7 21 166
3 1 2 2 24 5 170
3 1 2 2 13 16 59
3 1 2 2 2 27 164
3 1 2 1 30 0 79
3 1 2 1 19 11 136
3 1 2 1 8 22 152
3 1 2 0 25 6 188
3 1 2 0 14 17 24
3 1 2 0 3 28 15
3 1 1 29 3 0 85
3 1 1 27 4 1 161
3 1 1 25 5 2 82
3 1 1 24 0 8 135
3 1 1 23 6 3 6
3 1 1 22 1 9 40
3 1 1 21 7 4 47
3 1 1 20 2 10 85
3 1 1 19 8 5 174
3 1 1 18 14 0 140
3 1 1 18 3 11 45
3 1 1 17 9 6 31
3 1 1 16 15 1 47
3 1 1 16 4 12 97
3 1 1 15 10 7 61
3 1 1 14 16 2 190
3 1 1 14 5 13 23
3 1 1 13 11 8 170
3 1 1 13 0 19 78
3 1 1 12 17 3 107
3 1 1 12 6 14 44
3 1 1 11 12 9 75
3 1 1 10 18 4 94
3 1 1 10 7 15 63
3 1 1 9 13 10 144
3 1 1 9 2 21 145
3 1 1 8 19 5 36
3 1 1 8 8 16 25
3 1 1 7 25 0 16
3 1 1 7 14 11 13
3 1 1 7 3 22 129
3 1 1 6 20 6 116
3 1 1 6 9 17 195
3 1 1 5 26 1 175
3 1 1 5 15 12 27
3 1 1 5 4 23 98
3 1 1 4 21 7 1
3 1 1 4 10 18 198
3 1 1 3 27 2 142
3 1 1 3 16 13 173
3 1 1 3 5 24 68
3 1 1 2 22 8 57
3 1 1 2 11 19 17
3 1 1 2 0 30 64
3 1 1 1 28 3 73
3 1 1 1 17 14 70
3 1 1 1 6 25 52
3 1 1 0 23 9 144
3 1 1 0 12 20 84
3 1 1 0 1 31 77
3 1 0 31 0 2 196
3 1 0 29 1 3 163
3 1 0 27 2 4 179
3 1 0 25 3 5 111
3 1 0 24 9 0 140
3 1 0 23 4 6 11
3 1 0 22 10 1 39
3 1 0 21 5 7 6
3 1 0 20 11 2 147
3 1 0 20 0 13 71
3 1 0 19 6 8 75
3 1 0 18 12 3 185
3 1 0 18 1 14 174
3 1 0 17 7 9 180
3 1 0 16 13 4 146
3 1 0 16 2 15 92
3 1 0 15 8 10 114
3 1 0 14 14 5 23
3 1 0 14 3 16 41
3 1 0 13 20 0 132
3 1 0 13 9 11 47
3 1 0 12 15 6 98
3 1 0 11 21 1 134
3 1 0 11 10 12 8
3 1 0 10 16 7 107
3 1 0 10 5 18 145
3 1 0 9 22 2 100
3 1 0 9 11 13 108
3 1 0 9 0 24 125
3 1 0 8 17 8 152
3 1 0 8 6 19 146
3 1 0 7 23 3 190
3 1 0 7 12 14 76
3 1 0 7 1 25 82
3 1 0 6 18 9 111
3 1 0 6 7 20 81
3 1 0 5 13 15 36
3 1 0 5 2 26 197
3 1 0 4 19 10 140
3 1 0 4 8 21 139
3 1 0 3 25 5 47
3 1 0 3 14 16 149
3 1 0 3 3 27 34
3 1 0 2 31 0 15
3 1 0 2 20 11 120
3 1 0 2 9 22 89
3 1 0 1 26 6 65
3 1 0 1 15 17 34
3 1 0 1 4 28 29
3 1 0 0 32 1 155
3 1 0 0 21 12 101
3 1 0 0 10 23 115
3 0 33 0 1 0 44
3 0 31 1 2 0 9
3 0 30 1 0 3 48
3 0 29 2 3 0 60
3 0 29 0 4 1 52
3 0 28 4 0 2 134
3 0 28 2 1 3 163
3 0 28 0 2 4 170
3 0 27 3 4 0 137
3 0 27 1 5 1 21
3 0 27 0 0 7 2
3 0 26 7 0 1 96
3 0 26 5 1 2 71
3 0 26 3 2 3 198
3 0 26 1 3 4 172
3 0 25 4 5 0 95
3 0 25 3 0 6 94
3 0 25 2 6 1 120
3 0 25 1 1 7 5
3 0 25 0 7 2 38
3 0 24 10 0 0 189
3 0 24 8 1 1 47
3 0 24 6 2 2 57
3 0 24 4 3 3 121
3 0 24 2 4 4 195
3 0 24 0 5 5 129
3 0 23 6 0 5 179
3 0 23 5 6 0 159
3 0 23 4 1 6 6
3 0 23 3 7 1 194
3 0 23 2 2 7 12
3 0 23 1 8 2 6
3 0 23 0 3 8 31
3 0 22 11 1 0 73
3 0 22 9 2 1 29
3 0 22 7 3 2 61
3 0 22 5 4 3 171
3 0 22 3 5 4 30
3 0 22 2 0 10 156
3 0 22 1 6 5 60
3 0 22 0 12 0 47
3 0 22 0 1 11 197
3 0 21 9 0 4 123
3 0 21 7 1 5 24
3 0 21 6 7 0 193
3 0 21 5 2 6 100
3 0 21 4 8 1 67
3 0 21 3 3 7 164
3 0 21 2 9 2 52
3 0 21 1 4 8 62
3 0 21 0 10 3 122
3 0 20 12 2 0 2
3 0 20 10 3 1 59
3 0 20 8 4 2 87
3 0 20 6 5 3 98
3 0 20 5 0 9 96
3 0 20 4 6 4 18
3 0 20 3 1 10 47
3 0 20 2 7 5 4
3 0 20 1 13 0 60
3 0 20 1 2 11 19
3 0 20 0 8 6 46
3 0 19 12 0 3 99
3 0 19 10 1 4 77
3 0 19 8 2 5 152
3 0 19 7 8 0 25
3 0 19 6 3 6 50
3 0 19 5 9 1 158
3 0 19 4 4 7 47
3 0 19 3 10 2 147
3 0 19 2 5 8 74
3 0 19 1 11 3 85
3 0 19 1 0 14 17
3 0 19 0 6 9 136
3 0 18 13 3 0 91
3 0 18 11 4 1 63
3 0 18 9 5 2 64
3 0 18 8 0 8 36
3 0 18 7 6 3 30
3 0 18 6 1 9 63
3 0 18 5 7 4 92
3 0 18 4 2 10 66
3 0 18 3 8 5 1
3 0 18 2 14 0 43
3 0 18 2 3 11 160
3 0 18 1 9 6 132
3 0 18 0 15 1 83
3 0 18 0 4 12 156
3 0 17 15 0 2 47
3 0 17 13 1 3 76
3 0 17 11 2 4 159
3 0 17 9 3 5 93
3 0 17 8 9 0 147
3 0 17 7 4 6 198
3 0 17 6 10 1 164
3 0 17 4 11 2 79
3 0 17 4 0 13 138
3 0 17 3 6 8 21
3 0 17 2 12 3 185
3 0 17 2 1 14 63
3 0 17 1 7 9 92
3 0 17 0 13 4 76
3 0 17 0 2 15 104
3 0 16 14 4 0 169
3 0 16 12 5 1 155
3 0 16 11 0 7 16
3 0 16 10 6 2 122
3 0 16 9 1 8 186
3 0 16 8 7 3 81
3 0 16 7 2 9 106
3 0 16 6 8 4 59
3 0 16 5 3 10 78
3 0 16 4 9 5 138
3 0 16 3 15 0 36
3 0 16 3 4 11 144
3 0 16 2 10 6 98
3 0 16 1 16 1 39
3 0 16 1 5 12 185
3 0 16 0 11 7 53
3 0 16 0 0 18 116
3 0 15 18 0 1 37
3 0 15 16 1 2 156
3 0 15 14 2 3 131
3 0 15 12 3 4 25
3 0 15 10 4 5 25
3 0 15 9 10 0 189
3 0 15 8 5 6 110
3 0 15 7 11 1 26
3 0 15 7 0 12 110
3 0 15 6 6 7 12
3 0 15 5 12 2 88
3 0 15 5 1 13 166
3 0 15 4 7 8 163
3 0 15 3 13 3 176
3 0 15 3 2 14 104
3 0 15 2 8 9 172
3 0 15 1 14 4 170
3 0 15 1 3 15 187
3 0 15 0 9 10 14
3 0 14 15 5 0 99
3 0 14 14 0 6 75
3 0 14 13 6 1 110
3 0 14 12 1 7 153
3 0 14 11 7 2 93
3 0 14 10 2 8 68
3 0 14 9 8 3 127
3 0 14 8 3 9 110
3 0 14 7 9 4 195
3 0 14 6 4 10 77
3 0 14 5 10 5 189
3 0 14 4 16 0 79
3 0 14 4 5 11 55
3 0 14 3 11 6 122
3 0 14 3 0 17 192
3 0 14 2 17 1 22
3 0 14 2 6 12 137
3 0 14 1 12 7 177
3 0 14 1 1 18 38
3 0 14 0 18 2 133
3 0 14 0 7 13 7
3 0 13 21 0 0 109
3 0 13 19 1 1 138
3 0 13 17 2 2 13
3 0 13 15 3 3 95
3 0 13 13 4 4 179
3 0 13 11 5 5 141
3 0 13 10 11 0 159
3 0 13 10 0 11 83
3 0 13 9 6 6 142
3 0 13 8 12 1 58
3 0 13 8 1 12 66
3 0 13 7 7 7 162
3 0 13 6 13 2 125
3 0 13 6 2 13 18
3 0 13 5 8 8 52
3 0 13 4 14 3 116
3 0 13 4 3 14 111
3 0 13 3 9 9 70
3 0 13 2 15 4 117
3 0 13 2 4 15 92
3 0 13 1 10 10 33
3 0 13 0 16 5 152
3 0 13 0 5 16 103
3 0 12 17 0 5 20
3 0 12 16 6 0 42
3 0 12 15 1 6 25
3 0 12 14 7 1 69
3 0 12 13 2 7 106
3 0 12 12 8 2 162
3 0 12 11 3 8 153
3 0 12 10 9 3 86
3 0 12 9 4 9 54
3 0 12 8 10 4 104
3 0 12 7 5 10 135
3 0 12 6 11 5 91
3 0 12 5 17 0 175
3 0 12 5 6 11 17
3 0 12 4 12 6 125
3 0 12 4 1 17 171
3 0 12 3 18 1 155
3 0 12 3 7 12 28
3 0 12 2 13 7 10
3 0 12 2 2 18 31
3 0 12 1 19 2 38
3 0 12 1 8 13 16
3 0 12 0 14 8 67
3 0 12 0 3 19 113
3 0 11 22 1 0 161
3 0 11 20 2 1 167
3 0 11 18 3 2 43
3 0 11 16 4 3 67
3 0 11 14 5 4 198
3 0 11 13 0 10 12
3 0 11 12 6 5 44
3 0 11 11 12 0 194
3 0 11 11 1 11 20
3 0 11 10 7 6 29
3 0 11 9 13 1 62
3 0 11 9 2 12 45
3 0 11 8 8 7 146
3 0 11 7 14 2 45
3 0 11 7 3 13 1
3 0 11 6 9 8 35
3 0 11 5 15 3 196
3 0 11 5 4 14 176
3 0 11 4 10 9 145
3 0 11 3 16 4 71
3 0 11 3 5 15 133
3 0 11 2 11 10 118
3 0 11 2 0 21 136
3 0 11 1 17 5 43
3 0 11 1 6 16 104
3 0 11 0 23 0 99
3 0 11 0 12 11 99
3 0 11 0 1 22 10
3 0 10 20 0 4 118
3 0 10 18 1 5 93
3 0 10 17 7 0 23
3 0 10 16 2 6 142
3 0 10 15 8 1 73
3 0 10 14 3 7 15
3 0 10 13 9 2 142
3 0 10 12 4 8 79
3 0 10 11 10 3 171
3 0 10 10 5 9 117
3 0 10 9 11 4 181
3 0 10 9 0 15 40
3 0 10 8 6 10 44
3 0 10 7 12 5 117
3 0 10 7 1 16 124
3 0 10 6 18 0 31
3 0 10 6 7 11 53
3 0 10 5 13 6 12
3 0 10 5 2 17 44
3 0 10 4 19 1 77
3 0 10 4 8 12 110
3 0 10 3 14 7 105
3 0 10 3 3 18 108
3 0 10 2 20 2 90
3 0 10 2 9 13 90
3 0 10 1 15 8 168
3 0 10 1 4 19 47
3 0 10 0 21 3 166
3 0 10 0 10 14 184
3 0 9 23 2 0 118
3 0 9 21 3 1 129
3 0 9 19 4 2 101
3 0 9 17 5 3 45
3 0 9 16 0 9 6
3 0 9 15 6 4 1
3 0 9 14 1 10 41
3 0 9 13 7 5 21
3 0 9 12 13 0 160
3 0 9 12 2 11 77
3 0 9 11 8 6 96
3 0 9 10 14 1 85
3 0 9 10 3 12 45
3 0 9 9 9 7 103
3 0 9 8 15 2 81
3 0 9 8 4 13 69
3 0 9 7 10 8 95
3 0 9 6 16 3 161
3 0 9 6 5 14 57
3 0 9 5 11 9 154
3 0 9 5 0 20 113
3 0 9 4 17 4 107
3 0 9 4 6 15 168
3 0 9 3 12 10 72
3 0 9 3 1 21 195
3 0 9 2 18 5 144
3 0 9 2 7 16 197
3 0 9 1 24 0 118
3 0 9 1 13 11 10
3 0 9 1 2 22 38
3 0 9 0 19 6 90
3 0 9 0 8 17 57
3 0 8 23 0 3 78
3 0 8 21 1 4 83
3 0 8 19 2 5 104
3 0 8 18 8 0 134
3 0 8 17 3 6 165
3 0 8 16 9 1 19
3 0 8 15 4 7 150
3 0 8 14 10 2 72
3 0 8 13 5 8 138
3 0 8 12 11 3 47
3 0 8 12 0 14 56
3 0 8 11 6 9 48
3 0 8 10 12 4 110
3 0 8 10 1 15 166
3 0 8 9 7 10 112
3 0 8 8 13 5 139
3 0 8 8 2 16 143
3 0 8 7 19 0 181
3 0 8 7 8 11 191
3 0 8 6 14 6 120
3 0 8 5 20 1 34
3 0 8 5 9 12 70
3 0 8 4 15 7 52
3 0 8 4 4 18 153
3 0 8 3 21 2 128
3 0 8 3 10 13 187
3 0 8 2 16 8 172
3 0 8 2 5 19 194
3 0 8 1 22 3 153
3 0 8 1 11 14 80
3 0 8 1 0 25 119
3 0 8 0 17 9 138
3 0 8 0 6 20 55
3 0 7 24 3 0 57
3 0 7 22 4 1 27
3 0 7 20 5 2 5
3 0 7 19 0 8 58
3 0 7 18 6 3 198
3 0 7 17 1 9 73
3 0 7 16 7 4 198
3 0 7 15 2 10 175
3 0 7 14 8 5 134
3 0 7 13 14 0 115
3 0 7 13 3 11 30
3 0 7 12 9 6 8
3 0 7 11 15 1 62
3 0 7 11 4 12 101
3 0 7 10 10 7 61
3 0 7 9 16 2 8
3 0 7 9 5 13 182
3 0 7 8 11 8 17
3 0 7 8 0 19 39
3 0 7 7 17 3 65
3 0 7 7 6 14 50
3 0 7 6 12 9 102
3 0 7 6 1 20 91
3 0 7 5 18 4 56
3 0 7 5 7 15 198
3 0 7 4 13 10 156
3 0 7 4 2 21 140
3 0 7 3 19 5 19
3 0 7 3 8 16 189
3 0 7 2 25 0 125
3 0 7 2 14 11 171
3 0 7 2 3 22 93
3 0 7 1 20 6 180
3 0 7 1 9 17 97
3 0 7 0 26 1 19
3 0 7 0 15 12 94
3 0 7 0 4 23 84
3 0 6 26 0 2 23
3 0 6 24 1 3 139
3 0 6 22 2 4 105
3 0 6 20 3 5 40
3 0 6 19 9 0 119
3 0 6 18 4 6 10
3 0 6 17 10 1 154
3 0 6 16 5 7 18
3 0 6 15 11 2 151
3 0 6 15 0 13 130
3 0 6 14 6 8 172
3 0 6 13 12 3 188
3 0 6 13 1 14 181
3 0 6 12 7 9 99
3 0 6 11 13 4 85
3 0 6 11 2 15 21
3 0 6 10 8 10 79
3 0 6 9 14 5 74
3 0 6 9 3 16 54
3 0 6 8 20 0 164
3 0 6 8 9 11 13
3 0 6 7 15 6 99
3 0 6 7 4 17 159
3 0 6 6 21 1 195
3 0 6 6 10 12 83
3 0 6 5 16 7 166
3 0 6 5 5 18 14
3 0 6 4 22 2 185
3 0 6 4 11 13 52
3 0 6 4 0 24 169
3 0 6 3 17 8 133
3 0 6 3 6 19 190
3 0 6 2 23 3 131
3 0 6 2 12 14 134
3 0 6 2 1 25 4
3 0 6 1 18 9 129
3 0 6 1 7 20 79
3 0 6 0 24 4 20
3 0 6 0 13 15 87
3 0 6 0 2 26 133
3 0 5 25 4 0 129
3 0 5 23 5 1 90
3 0 5 22 0 7 49
3 0 5 21 6 2 63
3 0 5 20 1 8 82
3 0 5 19 7 3 40
3 0 5 18 2 9 100
3 0 5 17 8 4 156
3 0 5 16 3 10 184
3 0 5 15 9 5 9
3 0 5 14 15 0 82
3 0 5 14 4 11 188
3 0 5 13 10 6 15
3 0 5 12 16 1 161
3 0 5 12 5 12 137
3 0 5 11 11 7 167
3 0 5 11 0 18 20
3 0 5 10 17 2 114
3 0 5 10 6 13 167
3 0 5 9 12 8 70
3 0 5 9 1 19 113
3 0 5 8 18 3 154
3 0 5 8 7 14 37
3 0 5 7 13 9 25
3 0 5 7 2 20 137
3 0 5 6 19 4 124
3 0 5 6 8 15 174
3 0 5 5 14 10 135
3 0 5 5 3 21 14
3 0 5 4 20 5 56
3 0 5 4 9 16 146
3 0 5 3 26 0 153
3 0 5 3 15 11 79
3 0 5 3 4 22 47
3 0 5 2 21 6 36
3 0 5 2 10 17 79
3 0 5 1 27 1 143
3 0 5 1 16 12 17
3 0 5 1 5 23 59
3 0 5 0 22 7 103
3 0 5 0 11 18 116
3 0 5 0 0 29 4
3 0 4 29 0 1 131
3 0 4 27 1 2 160
3 0 4 25 2 3 43
3 0 4 23 3 4 140
3 0 4 21 4 5 159
3 0 4 20 10 0 197
3 0 4 19 5 6 110
3 0 4 18 11 1 94
3 0 4 18 0 12 116
3 0 4 17 6 7 69
3 0 4 16 12 2 195
3 0 4 16 1 13 49
3 0 4 15 7 8 185
3 0 4 14 13 3 129
3 0 4 14 2 14 182
3 0 4 13 8 9 50
3 0 4 12 14 4 150
3 0 4 12 3 15 180
3 0 4 11 9 10 14
3 0 4 10 15 5 165
3 0 4 10 4 16 136
3 0 4 9 21 0 55
3 0 4 9 10 11 62
3 0 4 8 16 6 63
3 0 4 8 5 17 36
3 0 4 7 22 1 90
3 0 4 7 11 12 25
3 0 4 7 0 23 72
3 0 4 6 17 7 61
3 0 4 6 6 18 198
3 0 4 5 23 2 158
3 0 4 5 12 13 17
3 0 4 5 1 24 166
3 0 4 4 18 8 73
3 0 4 4 7 19 19
3 0 4 3 24 3 79
3 0 4 3 13 14 127
3 0 4 3 2 25 157
3 0 4 2 19 9 97
3 0 4 2 8 20 194
3 0 4 1 25 4 182
3 0 4 1 14 15 124
3 0 4 1 3 26 177
3 0 4 0 20 10 4
3 0 4 0 9 21 63
3 0 3 26 5 0 198
3 0 3 25 0 6 92
3 0 3 24 6 1 34
3 0 3 23 1 7 198
3 0 3 22 7 2 165
3 0 3 21 2 8 34
3 0 3 20 8 3 55
3 0 3 19 3 9 120
3 0 3 18 9 4 171
3 0 3 17 4 10 12
3 0 3 16 10 5 180
3 0 3 15 16 0 192
3 0 3 15 5 11 148
3 0 3 14 11 6 183
3 0 3 14 0 17 64
3 0 3 13 17 1 13
3 0 3 13 6 12 143
3 0 3 12 12 7 63
3 0 3 12 1 18 175
3 0 3 11 18 2 144
3 0 3 11 7 13 191
3 0 3 10 13 8 89
3 0 3 10 2 19 166
3 0 3 9 19 3 152
3 0 3 9 8 14 193
3 0 3 8 14 9 117
3 0 3 8 3 20 107
3 0 3 7 20 4 53
3 0 3 7 9 15 43
3 0 3 6 15 10 4
3 0 3 6 4 21 103
3 0 3 5 21 5 176
3 0 3 5 10 16 142
3 0 3 4 27 0 65
3 0 3 4 16 11 133
3 0 3 4 5 22 111
3 0 3 3 22 6 138
3 0 3 3 11 17 49
3 0 3 3 0 28 23
3 0 3 2 28 1 47
3 0 3 2 17 12 3
3 0 3 2 6 23 67
3 0 3 1 23 7 30
3 0 3 1 12 18 160
3 0 3 1 1 29 175
3 0 3 0 29 2 25
3 0 3 0 18 13 169
3 0 3 0 7 24 100
3 0 2 30 1 1 169
3 0 2 28 2 2 18
3 0 2 26 3 3 38
3 0 2 24 4 4 6
3 0 2 22 5 5 44
3 0 2 21 11 0 179
3 0 2 21 0 11 171
3 0 2 20 6 6 37
3 0 2 19 12 1 99
3 0 2 19 1 12 141
3 0 2 18 7 7 60
3 0 2 17 13 2 63
3 0 2 17 2 13 149
3 0 2 16 8 8 137
3 0 2 15 14 3 124
3 0 2 15 3 14 11
3 0 2 14 9 9 100
3 0 2 13 15 4 85
3 0 2 13 4 15 131
3 0 2 12 10 10 167
3 0 2 11 16 5 167
3 0 2 11 5 16 156
3 0 2 10 22 0 195
3 0 2 10 11 11 138
3 0 2 10 0 22 18
3 0 2 9 17 6 51
3 0 2 9 6 17 26
3 0 2 8 23 1 94
3 0 2 8 12 12 83
3 0 2 8 1 23 125
3 0 2 7 18 7 166
3 0 2 7 7 18 17
3 0 2 6 24 2 10
3 0 2 6 13 13 158
3 0 2 6 2 24 183
3 0 2 5 19 8 60
3 0 2 5 8 19 143
3 0 2 4 25 3 188
3 0 2 4 14 14 61
3 0 2 4 3 25 97
3 0 2 3 20 9 182
3 0 2 3 9 20 145
3 0 2 2 26 4 12
3 0 2 2 15 15 165
3 0 2 2 4 26 3
3 0 2 1 21 10 142
3 0 2 1 10 21 147
3 0 2 0 27 5 154
3 0 2 0 16 16 31
3 0 2 0 5 27 81
3 0 1 28 0 5 109
3 0 1 27 6 0 39
3 0 1 26 1 6 164
3 0 1 25 7 1 125
3 0 1 24 2 7 88
3 0 1 23 8 2 129
3 0 1 22 3 8 87
3 0 1 21 9 3 134
3 0 1 20 4 9 140
3 0 1 19 10 4 34
3 0 1 18 5 10 36
3 0 1 17 11 5 150
3 0 1 17 0 16 82
3 0 1 16 17 0 129
3 0 1 16 6 11 90
3 0 1 15 12 6 2
3 0 1 15 1 17 109
3 0 1 14 18 1 25
3 0 1 14 7 12 132
3 0 1 13 13 7 6
3 0 1 13 2 18 115
3 0 1 12 19 2 143
3 0 1 12 8 13 154
3 0 1 11 14 8 58
3 0 1 11 3 19 116
3 0 1 10 20 3 178
3 0 1 10 9 14 83
3 0 1 9 15 9 94
3 0 1 9 4 20 169
3 0 1 8 21 4 53
3 0 1 8 10 15 187
3 0 1 7 16 10 39
3 0 1 7 5 21 160
3 0 1 6 22 5 29
3 0 1 6 11 16 103
3 0 1 6 0 27 4
3 0 1 5 28 0 63
3 0 1 5 17 11 36
3 0 1 5 6 22 189
3 0 1 4 23 6 49
3 0 1 4 12 17 38
3 0 1 4 1 28 169
3 0 1 3 29 1 93
3 0 1 3 18 12 133
3 0 1 3 7 23 42
3 0 1 2 24 7 81
3 0 1 2 13 18 116
3 0 1 2 2 29 66
3 0 1 1 30 2 142
3 0 1 1 19 13 123
3 0 1 1 8 24 1
3 0 1 0 25 8 31
3 0 1 0 14 19 51
3 0 1 0 3 30 31
3 0 0 31 2 1 33
3 0 0 29 3 2 16
3 0 0 27 4 3 130
3 0 0 25 5 4 140
3 0 0 24 0 10 183
3 0 0 23 6 5 112
3 0 0 22 12 0 88
3 0 0 22 1 11 195
3 0 0 21 7 6 192
3 0 0 20 13 1 167
3 0 0 20 2 12 89
3 0 0 19 8 7 67
3 0 0 18 14 2 129
3 0 0 18 3 13 185
3 0 0 17 9 8 51
3 0 0 16 15 3 20
3 0 0 16 4 14 158
3 0 0 15 10 9 4
3 0 0 14 16 4 95
3 0 0 14 5 15 66
3 0 0 13 11 10 114
3 0 0 13 0 21 26
3 0 0 12 17 5 170
3 0 0 12 6 16 183
3 0 0 11 23 0 6
3 0 0 11 12 11 166
3 0 0 11 1 22 187
3 0 0 10 18 6 122
3 0 0 10 7 17 111
3 0 0 9 24 1 108
3 0 0 9 13 12 62
3 0 0 9 2 23 197
3 0 0 8 19 7 24
3 0 0 8 8 18 191
3 0 0 7 25 2 116
3 0 0 7 14 13 94
3 0 0 7 3 24 34
3 0 0 6 20 8 58
3 0 0 6 9 19 146
3 0 0 5 26 3 185
3 0 0 5 15 14 187
3 0 0 5 4 25 48
3 0 0 4 21 9 35
3 0 0 4 10 20 94
3 0 0 3 27 4 187
3 0 0 3 16 15 73
3 0 0 3 5 26 39
3 0 0 2 22 10 40
3 0 0 2 11 21 26
3 0 0 2 0 32 137
3 0 0 1 28 5 146
3 0 0 1 17 16 112
3 0 0 1 6 27 191
3 0 0 0 23 11 141
3 0 0 0 12 22 106
3 0 0 0 1 33 70
4 33 0 0 0 1 70
4 32 0 0 2 0 137
4 31 1 1 0 1 77
4 30 1 1 2 0 64
4 30 0 1 0 3 31
4 29 2 2 0 1 177
4 29 2 0 1 2 9
4 29 0 5 0 0 4
4 29 0 3 1 1 175
4 29 0 1 2 2 66
4 28 6 0 0 0 191
4 28 4 1 1 0 186
4 28 2 2 2 0 104
4 28 2 0 3 1 29
4 28 1 2 0 3 15
4 28 1 0 1 4 29
4 28 0 3 3 0 23
4 28 0 1 4 1 169
4 27 5 0 0 2 63
4 27 3 3 0 1 91
4 27 3 1 1 2 3
4 27 1 6 0 0 90
4 27 1 4 1 1 130
4 27 1 2 2 2 164
4 27 1 0 3 3 34
4 27 0 2 0 5 81
4 27 0 1 6 0 4
4 27 0 0 1 6 191
4 26 7 1 0 0 154
4 26 5 2 1 0 188
4 26 5 0 2 1 24
4 26 4 0 0 4 64
4 26 3 3 2 0 34
4 26 3 1 3 1 145
4 26 2 3 0 3 22
4 26 2 1 1 4 27
4 26 1 4 3 0 48
4 26 1 2 4 1 135
4 26 1 0 5 2 197
4 26 0 6 0 2 133
4 26 0 4 1 3 177
4 26 0 2 2 4 3
4 26 0 0 3 5 39
4 25 6 1 0 2 6
4 25 5 0 4 0 176
4 25 4 4 0 1 82
4 25 4 2 1 2 181
4 25 4 0 2 3 165
4 25 3 1 5 0 143
4 25 3 0 0 6 15
4 25 2 7 0 0 23
4 25 2 5 1 1 119
4 25 2 3 2 2 20
4 25 2 1 3 3 111
4 25 1 3 0 5 135
4 25 1 2 6 0 124
4 25 1 1 1 6 52
4 25 1 0 7 1 82
4 25 0 8 1 0 119
4 25 0 6 2 1 4
4 25 0 4 3 2 157
4 25 0 2 4 3 97
4 25 0 0 5 4 48
4 24 8 2 0 0 121
4 24 8 0 1 1 80
4 24 6 3 1 0 42
4 24 6 1 2 1 32
4 24 5 1 0 4 3
4 24 4 4 2 0 51
4 24 4 2 3 1 114
4 24 4 0 4 2 26
4 24 3 4 0 3 15
4 24 3 0 2 5 64
4 24 2 5 3 0 85
4 24 2 3 4 1 67
4 24 2 1 5 2 46
4 24 2 0 0 8 178
4 24 1 7 0 2 69
4 24 1 5 1 3 59
4 24 1 3 2 4 118
4 24 1 1 3 5 68
4 24 1 0 9 0 125
4 24 0 6 4 0 169
4 24 0 4 5 1 166
4 24 0 3 0 7 100
4 24 0 2 6 2 183
4 24 0 1 1 8 1
4 24 0 0 7 3 34
4 23 8 0 3 0 160
4 23 7 2 0 2 145
4 23 7 0 1 3 116
4 23 6 1 4 0 111
4 23 5 5 0 1 53
4 23 5 3 1 2 6
4 23 4 2 5 0 165
4 23 4 1 0 6 3
4 23 4 0 6 1 2
4 23 3 8 0 0 184
4 23 3 6 1 1 36
4 23 3 4 2 2 104
4 23 3 2 3 3 40
4 23 3 0 4 4 117
4 23 2 4 0 5 52
4 23 2 3 6 0 53
4 23 2 2 1 6 37
4 23 2 1 7 1 38
4 23 2 0 2 7 13
4 23 1 9 1 0 109
4 23 1 7 2 1 93
4 23 1 5 3 2 96
4 23 1 3 4 3 8
4 23 1 1 5 4 98
4 23 1 0 0 10 115
4 23 0 7 0 4 84
4 23 0 5 1 5 59
4 23 0 4 7 0 72
4 23 0 3 2 6 67
4 23 0 2 8 1 125
4 23 0 1 3 7 42
4 23 0 0 9 2 197
4 22 11 0 0 1 31
4 22 9 3 0 0 77
4 22 9 1 1 1 140
4 22 7 4 1 0 43
4 22 7 2 2 1 193
4 22 7 0 3 2 21
4 22 6 2 0 4 55
4 22 6 0 1 5 155
4 22 5 5 2 0 193
4 22 5 3 3 1 34
4 22 5 1 4 2 52
4 22 4 5 0 3 44
4 22 4 3 1 4 4
4 22 4 1 2 5 56
4 22 4 0 8 0 104
4 22 3 6 3 0 49
4 22 3 4 4 1 119
4 22 3 2 5 2 104
4 22 3 1 0 8 25
4 22 3 0 6 3 154
4 22 2 8 0 2 197
4 22 2 6 1 3 170
4 22 2 4 2 4 152
4 22 2 2 3 5 25
4 22 2 0 4 6 100
4 22 1 7 4 0 85
4 22 1 5 5 1 52
4 22 1 4 0 7 4
4 22 1 3 6 2 171
4 22 1 2 1 8 152
4 22 1 1 7 3 129
4 22 1 0 2 9 89
4 22 0 11 0 1 10
4 22 0 9 1 2 38
4 22 0 7 2 3 93
4 22 0 5 3 4 47
4 22 0 3 4 5 111
4 22 0 2 10 0 18
4 22 0 1 5 6 189
4 22 0 0 11 1 187
4 22 0 0 0 12 106
4 21 11 0 2 0 150
4 21 10 0 0 3 45
4 21 9 1 3 0 14
4 21 8 3 0 2 130
4 21 8 1 1 3 167
4 21 7 2 4 0 144
4 21 7 0 5 1 78
4 21 6 6 0 1 194
4 21 6 4 1 2 1
4 21 6 2 2 3 101
4 21 6 0 3 4 99
4 21 5 3 5 0 75
4 21 5 2 0 6 150
4 21 5 1 6 1 31
4 21 5 0 1 7 179
4 21 4 9 0 0 40
4 21 4 7 1 1 46
4 21 4 5 2 2 108
4 21 4 3 3 3 144
4 21 4 1 4 4 27
4 21 3 5 0 5 100
4 21 3 4 6 0 182
4 21 3 3 1 6 9
4 21 3 2 7 1 58
4 21 3 1 2 7 111
4 21 3 0 8 2 158
4 21 2 10 1 0 3
4 21 2 8 2 1 46
4 21 2 6 3 2 114
4 21 2 4 4 3 65
4 21 2 2 5 4 159
4 21 2 1 0 10 157
4 21 2 0 6 5 103
4 21 1 8 0 4 34
4 21 1 6 1 5 16
4 21 1 5 7 0 108
4 21 1 4 2 6 123
4 21 1 3 8 1 86
4 21 1 2 3 7 166
4 21 1 1 9 2 145
4 21 1 0 4 8 139
4 21 0 11 2 0 136
4 21 0 9 3 1 195
4 21 0 7 4 2 140
4 21 0 5 5 3 14
4 21 0 4 0 9 63
4 21 0 3 6 4 103
4 21 0 2 1 10 147
4 21 0 1 7 5 160
4 21 0 0 13 0 26
4 21 0 0 2 11 26
4 20 12 1 0 1 185
4 20 10 4 0 0 72
4 20 10 2 1 1 66
4 20 10 0 2 2 161
4 20 9 0 0 5 28
4 20 8 5 1 0 125
4 20 8 3 2 1 160
4 20 8 1 3 2 188
4 20 7 3 0 4 135
4 20 7 1 1 5 82
4 20 7 0 7 0 13
4 20 6 6 2 0 169
4 20 6 4 3 1 47
4 20 6 2 4 2 196
4 20 6 0 5 3 177
4 20 5 6 0 3 29
4 20 5 4 1 4 59
4 20 5 2 2 5 29
4 20 5 1 8 0 154
4 20 5 0 3 6 39
4 20 4 7 3 0 154
4 20 4 5 4 1 94
4 20 4 3 5 2 14
4 20 4 2 0 8 105
4 20 4 1 6 3 162
4 20 4 0 1 9 109
4 20 3 9 0 2 114
4 20 3 7 1 3 26
4 20 3 5 2 4 62
4 20 3 3 3 5 170
4 20 3 2 9 0 5
4 20 3 1 4 6 80
4 20 3 0 10 1 174
4 20 2 8 4 0 92
4 20 2 6 5 1 167
4 20 2 5 0 7 12
4 20 2 4 6 2 55
4 20 2 3 1 8 185
4 20 2 2 7 3 58
4 20 2 1 2 9 136
4 20 2 0 8 4 11
4 20 1 12 0 1 180
4 20 1 10 1 2 34
4 20 1 8 2 3 93
4 20 1 6 3 4 144
4 20 1 4 4 5 20
4 20 1 3 10 0 186
4 20 1 2 5 6 132
4 20 1 1 0 12 84
4 20 1 0 6 7 81
4 20 0 9 5 0 113
4 20 0 8 0 6 55
4 20 0 7 6 1 91
4 20 0 6 1 7 79
4 20 0 5 7 2 137
4 20 0 4 2 8 194
4 20 0 3 8 3 107
4 20 0 2 3 9 145
4 20 0 1 9 4 169
4 20 0 0 4 10 94
4 19 14 0 1 0 20
4 19 12 1 2 0 159
4 19 11 1 0 3 106
4 19 10 2 3 0 193
4 19 10 0 4 1 166
4 19 9 4 0 2 166
4 19 9 2 1 3 114
4 19 9 0 2 4 185
4 19 8 3 4 0 145
4 19 8 1 5 1 25
4 19 8 0 0 7 118
4 19 7 7 0 1 176
4 19 7 5 1 2 192
4 19 7 3 2 3 69
4 19 7 1 3 4 1
4 19 6 4 5 0 198
4 19 6 3 0 6 73
4 19 6 2 6 1 24
4 19 6 1 1 7 58
4 19 6 0 7 2 107
4 19 5 10 0 0 86
4 19 5 8 1 1 95
4 19 5 6 2 2 121
4 19 5 4 3 3 22
4 19 5 2 4 4 168
4 19 5 0 5 5 103
4 19 4 6 0 5 22
4 19 4 5 6 0 56
4 19 4 4 1 6 76
4 19 4 3 7 1 196
4 19 4 2 2 7 192
4 19 4 1 8 2 14
4 19 4 0 3 8 169
4 19 3 11 1 0 78
4 19 3 9 2 1 146
4 19 3 7 3 2 56
4 19 3 5 4 3 169
4 19 3 3 5 4 35
4 19 3 2 0 10 181
4 19 3 1 6 5 153
4 19 3 0 12 0 59
4 19 3 0 1 11 164
4 19 2 9 0 4 192
4 19 2 7 1 5 82
4 19 2 6 7 0 39
4 19 2 5 2 6 184
4 19 2 4 8 1 128
4 19 2 3 3 7 106
4 19 2 2 9 2 30
4 19 2 1 4 8 130
4 19 2 0 10 3 98
4 19 1 12 2 0 99
4 19 1 10 3 1 172
4 19 1 8 4 2 193
4 19 1 6 5 3 181
4 19 1 5 0 9 23
4 19 1 4 6 4 57
4 19 1 3 1 10 109
4 19 1 2 7 5 107
4 19 1 1 13 0 78
4 19 1 1 2 11 17
4 19 1 0 8 6 146
4 19 0 12 0 3 113
4 19 0 10 1 4 47
4 19 0 8 2 5 194
4 19 0 7 8 0 39
4 19 0 6 3 6 190
4 19 0 5 9 1 113
4 19 0 4 4 7 19
4 19 0 3 10 2 166
4 19 0 2 5 8 143
4 19 0 1 11 3 116
4 19 0 1 0 14 51
4 19 0 0 6 9 146
4 18 13 2 0 1 73
4 18 13 0 1 2 5
4 18 11 5 0 0 194
4 18 11 3 1 1 72
4 18 11 1 2 2 180
4 18 10 1 0 5 173
4 18 10 0 6 0 102
4 18 9 6 1 0 68
4 18 9 4 2 1 97
4 18 9 2 3 2 194
4 18 9 0 4 3 196
4 18 8 4 0 4 154
4 18 8 2 1 5 161
4 18 8 1 7 0 167
4 18 8 0 2 6 47
4 18 7 7 2 0 155
4 18 7 5 3 1 174
4 18 7 3 4 2 61
4 18 7 1 5 3 178
4 18 7 0 0 9 70
4 18 6 7 0 3 43
4 18 6 5 1 4 141
4 18 6 3 2 5 129
4 18 6 2 8 0 114
4 18 6 1 3 6 85
4 18 6 0 9 1 123
4 18 5 8 3 0 192
4 18 5 6 4 1 83
4 18 5 4 5 2 33
4 18 5 3 0 8 84
4 18 5 2 6 3 164
4 18 5 1 1 9 171
4 18 5 0 7 4 123
4 18 4 10 0 2 21
4 18 4 8 1 3 99
4 18 4 6 2 4 5
4 18 4 4 3 5 85
4 18 4 3 9 0 80
4 18 4 2 4 6 174
4 18 4 1 10 1 182
4 18 3 9 4 0 84
4 18 3 7 5 1 121
4 18 3 6 0 7 101
4 18 3 5 6 2 170
4 18 3 4 1 8 33
4 18 3 3 7 3 181
4 18 3 2 2 9 182
4 18 3 1 8 4 105
4 18 3 0 3 10 177
4 18 2 13 0 1 3
4 18 2 11 1 2 96
4 18 2 9 2 3 45
4 18 2 7 3 4 155
4 18 2 5 4 5 2
4 18 2 4 10 0 173
4 18 2 3 5 6 49
4 18 2 2 11 1 94
4 18 2 2 0 12 153
4 18 2 1 6 7 119
4 18 2 0 12 2 13
4 18 2 0 1 13 171
4 18 1 10 5 0 183
4 18 1 9 0 6 167
4 18 1 8 6 1 187
4 18 1 7 1 7 166
4 18 1 6 7 2 17
4 18 1 5 2 8 139
4 18 1 4 8 3 84
4 18 1 3 3 9 188
4 18 1 2 9 4 156
4 18 1 1 4 10 198
4 18 1 0 10 5 145
4 18 0 16 0 0 116
4 18 0 14 1 1 38
4 18 0 12 2 2 31
4 18 0 10 3 3 108
4 18 0 8 4 4 153
4 18 0 6 5 5 14
4 18 0 5 11 0 20
4 18 0 5 0 11 116
4 18 0 4 6 6 198
4 18 0 3 12 1 175
4 18 0 3 1 12 160
4 18 0 2 7 7 17
4 18 0 1 13 2 115
4 18 0 1 2 13 116
4 18 0 0 8 8 191
4 17 17 0 0 0 143
4 17 15 1 1 0 68
4 17 13 2 2 0 188
4 17 13 0 3 1 36
4 17 12 2 0 3 41
4 17 12 0 1 4 63
4 17 11 3 3 0 104
4 17 11 1 4 1 68
4 17 10 5 0 2 102
4 17 10 3 1 3 51
4 17 10 1 2 4 89
4 17 9 4 4 0 191
4 17 9 2 5 1 80
4 17 9 1 0 7 127
4 17 9 0 6 2 44
4 17 8 8 0 1 149
4 17 8 6 1 2 55
4 17 8 4 2 3 147
4 17 8 2 3 4 134
4 17 8 0 4 5 21
4 17 7 5 5 0 75
4 17 7 4 0 6 103
4 17 7 3 6 1 99
4 17 7 2 1 7 86
4 17 7 1 7 2 157
4 17 7 0 2 8 173
4 17 6 11 0 0 89
4 17 6 9 1 1 97
4 17 6 7 2 2 96
4 17 6 5 3 3 38
4 17 6 3 4 4 154
4 17 6 1 5 5 83
4 17 6 0 11 0 3
4 17 6 0 0 11 119
4 17 5 6 6 0 145
4 17 5 5 1 6 14
4 17 5 4 7 1 102
4 17 5 3 2 7 169
4 17 5 2 8 2 192
4 17 5 1 3 8 196
4 17 5 0 9 3 9
4 17 4 12 1 0 134
4 17 4 10 2 1 91
4 17 4 8 3 2 152
4 17 4 6 4 3 137
4 17 4 4 5 4 110
4 17 4 3 0 10 131
4 17 4 2 6 5 168
4 17 4 1 12 0 27
4 17 4 1 1 11 180
4 17 4 0 7 6 153
4 17 3 10 0 4 42
4 17 3 8 1 5 73
4 17 3 7 7 0 2
4 17 3 6 2 6 89
4 17 3 5 8 1 161
4 17 3 4 3 7 29
4 17 3 3 9 2 120
4 17 3 2 4 8 140
4 17 3 1 10 3 98
4 17 3 0 5 9 159
4 17 2 13 2 0 103
4 17 2 11 3 1 126
4 17 2 9 4 2 113
4 17 2 7 5 3 106
4 17 2 6 0 9 116
4 17 2 5 6 4 87
4 17 2 4 1 10 162
4 17 2 3 7 5 33
4 17 2 2 13 0 97
4 17 2 2 2 11 162
4 17 2 1 8 6 131
4 17 2 0 14 1 24
4 17 2 0 3 12 157
4 17 1 13 0 3 2
4 17 1 11 1 4 190
4 17 1 9 2 5 117
4 17 1 8 8 0 94
4 17 1 7 3 6 188
4 17 1 6 9 1 50
4 17 1 5 4 7 195
4 17 1 4 10 2 117
4 17 1 3 5 8 105
4 17 1 2 11 3 89
4 17 1 2 0 14 24
4 17 1 1 6 9 195
4 17 1 0 1 15 34
4 17 0 14 3 0 192
4 17 0 12 4 1 171
4 17 0 10 5 2 44
4 17 0 9 0 8 57
4 17 0 7 1 9 97
4 17 0 6 7 4 159
4 17 0 5 2 10 79
4 17 0 4 8 5 36
4 17 0 3 14 0 64
4 17 0 3 3 11 49
4 17 0 2 9 6 26
4 17 0 1 15 1 109
4 17 0 1 4 12 38
4 17 0 0 10 7 111
4 16 16 0 0 2 191
4 16 14 3 0 1 76
4 16 14 1 1 2 181
4 16 13 0 5 0 132
4 16 12 6 0 0 10
4 16 12 4 1 1 98
4 16 12 2 2 2 29
4 16 12 0 3 3 74
4 16 11 2 0 5 77
4 16 11 1 6 0 38
4 16 11 0 1 6 83
4 16 10 7 1 0 49
4 16 10 5 2 1 71
4 16 10 3 3 2 35
4 16 10 1 4 3 57
4 16 9 5 0 4 144
4 16 9 3 1 5 89
4 16 9 2 7 0 133
4 16 9 1 2 6 78
4 16 9 0 8 1 2
4 16 8 8 2 0 151
4 16 8 6 3 1 105
4 16 8 4 4 2 134
4 16 8 2 5 3 69
4 16 8 1 0 9 62
4 16 8 0 6 4 12
4 16 7 8 0 3 29
4 16 7 6 1 4 141
4 16 7 4 2 5 131
4 16 7 3 8 0 11
4 16 7 2 3 6 174
4 16 7 1 9 1 190
4 16 7 0 4 7 44
4 16 6 9 3 0 44
4 16 6 7 4 1 193
4 16 6 5 5 2 163
4 16 6 4 0 8 147
4 16 6 3 6 3 99
4 16 6 2 1 9 157
4 16 6 1 7 4 181
4 16 6 0 2 10 159
4 16 5 11 0 2 150
4 16 5 9 1 3 174
4 16 5 7 2 4 16
4 16 5 5 3 5 2
4 16 5 4 9 0 154
4 16 5 3 4 6 144
4 16 5 2 10 1 36
4 16 5 1 5 7 49
4 16 5 0 11 2 18
4 16 5 0 0 13 103
4 16 4 10 4 0 112
4 16 4 8 5 1 125
4 16 4 7 0 7 45
4 16 4 6 6 2 124
4 16 4 5 1 8 74
4 16 4 4 7 3 74
4 16 4 3 2 9 187
4 16 4 2 8 4 88
4 16 4 1 3 10 184
4 16 4 0 9 5 184
4 16 3 14 0 1 135
4 16 3 12 1 2 78
4 16 3 10 2 3 197
4 16 3 8 3 4 110
4 16 3 6 4 5 79
4 16 3 5 10 0 8
4 16 3 4 5 6 167
4 16 3 3 11 1 72
4 16 3 3 0 12 165
4 16 3 2 6 7 119
4 16 3 1 12 2 181
4 16 3 1 1 13 56
4 16 3 0 7 8 37
4 16 2 11 5 0 85
4 16 2 10 0 6 22
4 16 2 9 6 1 66
4 16 2 8 1 7 127
4 16 2 7 7 2 117
4 16 2 6 2 8 98
4 16 2 5 8 3 64
4 16 2 4 3 9 145
4 16 2 3 9 4 158
4 16 2 2 4 10 6
4 16 2 1 10 5 135
4 16 2 0 16 0 170
4 16 2 0 5 11 75
4 16 1 17 0 0 40
4 16 1 15 1 1 165
4 16 1 13 2 2 47
4 16 1 11 3 3 187
4 16 1 9 4 4 39
4 16 1 7 5 5 146
4 16 1 6 11 0 22
4 16 1 6 0 11 144
4 16 1 5 6 6 124
4 16 1 4 12 1 14
4 16 1 4 1 12 55
4 16 1 3 7 7 137
4 16 1 2 13 2 151
4 16 1 2 2 13 59
4 16 1 1 8 8 25
4 16 1 0 14 3 41
4 16 1 0 3 14 149
4 16 0 13 0 5 103
4 16 0 11 1 6 104
4 16 0 10 7 1 124
4 16 0 9 2 7 197
4 16 0 8 8 2 143
4 16 0 7 3 8 189
4 16 0 6 9 3 54
4 16 0 5 4 9 146
4 16 0 4 10 4 136
4 16 0 3 5 10 142
4 16 0 2 11 5 156
4 16 0 2 0 16 31
4 16 0 1 17 0 82
4 16 0 1 6 11 103
4 16 0 0 12 6 183
4 16 0 0 1 17 112
4 15 18 1 0 0 93
4 15 16 2 1 0 102
4 15 16 0 2 1 58
4 15 15 0 0 4 38
4 15 14 3 2 0 146
4 15 14 1 3 1 8
4 15 13 3 0 3 50
4 15 13 1 1 4 15
4 15 12 4 3 0 151
4 15 12 2 4 1 28
4 15 12 0 5 2 95
4 15 11 6 0 2 149
4 15 11 4 1 3 162
4 15 11 2 2 4 6
4 15 11 0 3 5 1
4 15 10 5 4 0 156
4 15 10 3 5 1 136
4 15 10 2 0 7 37
4 15 10 1 6 2 54
4 15 10 0 1 8 139
4 15 9 9 0 1 48
4 15 9 7 1 2 64
4 15 9 5 2 3 186
4 15 9 3 3 4 29
4 15 9 1 4 5 195
4 15 9 0 10 0 91
4 15 8 6 5 0 172
4 15 8 5 0 6 152
4 15 8 4 6 1 82
4 15 8 3 1 7 10
4 15 8 2 7 2 61
4 15 8 1 2 8 68
4 15 8 0 8 3 98
4 15 7 12 0 0 95
4 15 7 10 1 1 124
4 15 7 8 2 2 160
4 15 7 6 3 3 41
4 15 7 4 4 4 56
4 15 7 2 5 5 100
4 15 7 1 11 0 73
4 15 7 1 0 11 35
4 15 7 0 6 6 90
4 15 6 8 0 5 96
4 15 6 7 6 0 14
4 15 6 6 1 6 105
4 15 6 5 7 1 89
4 15 6 4 2 7 159
4 15 6 3 8 2 103
4 15 6 2 3 8 104
4 15 6 1 9 3 142
4 15 6 0 4 9 188
4 15 5 13 1 0 1
4 15 5 11 2 1 7
4 15 5 9 3 2 26
4 15 5 7 4 3 37
4 15 5 5 5 4 55
4 15 5 4 0 10 145
4 15 5 3 6 5 182
4 15 5 2 12 0 60
4 15 5 2 1 11 26
4 15 5 1 7 6 98
4 15 5 0 13 1 48
4 15 5 0 2 12 138
4 15 4 11 0 4 19
4 15 4 9 1 5 172
4 15 4 8 7 0 129
4 15 4 7 2 6 51
4 15 4 6 8 1 162
4 15 4 5 3 7 144
4 15 4 4 9 2 35
4 15 4 2 10 3 26
4 15 4 1 5 9 63
4 15 4 0 11 4 174
4 15 4 0 0 15 97
4 15 3 14 2 0 124
4 15 3 12 3 1 128
4 15 3 10 4 2 192
4 15 3 8 5 3 13
4 15 3 7 0 9 23
4 15 3 6 6 4 32
4 15 3 5 1 10 151
4 15 3 4 7 5 54
4 15 3 3 13 0 110
4 15 3 3 2 11 167
4 15 3 2 8 6 186
4 15 3 1 14 1 155
4 15 3 1 3 12 106
4 15 3 0 9 7 102
4 15 2 14 0 3 109
4 15 2 12 1 4 77
4 15 2 10 2 5 125
4 15 2 9 8 0 113
4 15 2 8 3 6 100
4 15 2 7 9 1 167
4 15 2 6 4 7 54
4 15 2 5 10 2 96
4 15 2 4 5 8 59
4 15 2 3 11 3 165
4 15 2 3 0 14 156
4 15 2 2 6 9 74
4 15 2 1 12 4 129
4 15 2 1 1 15 181
4 15 2 0 7 10 18
4 15 1 15 3 0 136
4 15 1 13 4 1 147
4 15 1 11 5 2 189
4 15 1 10 0 8 34
4 15 1 9 6 3 126
4 15 1 8 1 9 28
4 15 1 7 7 4 87
4 15 1 5 8 5 120
4 15 1 4 14 0 88
4 15 1 4 3 11 192
4 15 1 3 9 6 195
4 15 1 2 15 1 180
4 15 1 2 4 12 169
4 15 1 1 10 7 63
4 15 1 0 16 2 92
4 15 1 0 5 13 36
4 15 0 17 0 2 104
4 15 0 15 1 3 187
4 15 0 13 2 4 92
4 15 0 11 3 5 133
4 15 0 10 9 0 40
4 15 0 9 4 6 168
4 15 0 8 10 1 166
4 15 0 7 5 7 198
4 15 0 6 11 2 21
4 15 0 6 0 13 87
4 15 0 5 6 8 174
4 15 0 4 12 3 180
4 15 0 4 1 14 124
4 15 0 3 7 9 43
4 15 0 2 13 4 131
4 15 0 2 2 15 165
4 15 0 1 8 10 187
4 15 0 0 14 5 66
4 15 0 0 3 16 73
4 14 17 1 0 2 117
4 14 16 0 4 0 21
4 14 15 4 0 1 157
4 14 15 2 1 2 116
4 14 15 0 2 3 32
4 14 14 1 5 0 186
4 14 14 0 0 6 166
4 14 13 7 0 0 19
4 14 13 5 1 1 110
4 14 13 3 2 2 120
4 14 13 1 3 3 106
4 14 12 3 0 5 99
4 14 12 2 6 0 131
4 14 12 1 1 6 151
4 14 12 0 7 1 109
4 14 11 8 1 0 176
4 14 11 6 2 1 108
4 14 11 4 3 2 95
4 14 11 2 4 3 72
4 14 11 0 5 4 52
4 14 10 6 0 4 190
4 14 10 4 1 5 12
4 14 10 3 7 0 134
4 14 10 2 2 6 192
4 14 10 1 8 1 38
4 14 10 0 3 7 149
4 14 9 9 2 0 120
4 14 9 7 3 1 97
4 14 9 5 4 2 149
4 14 9 3 5 3 190
4 14 9 2 0 9 95
4 14 9 1 6 4 91
4 14 9 0 1 10 53
4 14 8 9 0 3 49
4 14 8 7 1 4 177
4 14 8 5 2 5 4
4 14 8 4 8 0 187
4 14 8 3 3 6 95
4 14 8 2 9 1 140
4 14 8 1 4 7 132
4 14 8 0 10 2 80
4 14 7 10 3 0 24
4 14 7 8 4 1 57
4 14 7 6 5 2 181
4 14 7 5 0 8 21
4 14 7 4 6 3 81
4 14 7 3 1 9 74
4 14 7 2 7 4 96
4 14 7 1 2 10 167
4 14 7 0 8 5 8
4 14 6 12 0 2 139
4 14 6 10 1 3 110
4 14 6 8 2 4 80
4 14 6 6 3 5 2
4 14 6 5 9 0 88
4 14 6 4 4 6 80
4 14 6 3 10 1 124
4 14 6 2 5 7 13
4 14 6 1 11 2 109
4 14 6 1 0 13 69
4 14 6 0 6 8 190
4 14 5 11 4 0 156
4 14 5 9 5 1 10
4 14 5 8 0 7 157
4 14 5 7 6 2 61
4 14 5 6 1 8 98
4 14 5 5 7 3 79
4 14 5 4 2 9 58
4 14 5 3 8 4 136
4 14 5 2 3 10 128
4 14 5 1 9 5 170
4 14 5 0 15 0 182
4 14 5 0 4 11 144
4 14 4 15 0 1 13
4 14 4 13 1 2 44
4 14 4 11 2 3 180
4 14 4 7 4 5 173
4 14 4 6 10 0 9
4 14 4 5 5 6 130
4 14 4 4 11 1 43
4 14 4 4 0 12 125
4 14 4 3 6 7 148
4 14 4 2 12 2 198
4 14 4 2 1 13 108
4 14 4 1 7 8 48
4 14 4 0 13 3 12
4 14 4 0 2 14 100
4 14 3 12 5 0 71
4 14 3 11 0 6 177
4 14 3 10 6 1 60
4 14 3 9 1 7 39
4 14 3 8 7 2 115
4 14 3 7 2 8 182
4 14 3 6 8 3 56
4 14 3 5 3 9 16
4 14 3 4 9 4 24
4 14 3 3 4 10 82
4 14 3 2 10 5 65
4 14 3 1 16 0 156
4 14 3 1 5 11 102
4 14 3 0 11 6 21
4 14 3 0 0 17 162
4 14 2 18 0 0 149
4 14 2 16 1 1 74
4 14 2 14 2 2 15
4 14 2 12 3 3 179
4 14 2 10 4 4 173
4 14 2 8 5 5 107
4 14 2 7 11 0 145
4 14 2 7 0 11 71
4 14 2 6 6 6 120
4 14 2 5 12 1 147
4 14 2 5 1 12 11
4 14 2 4 7 7 114
4 14 2 3 13 2 100
4 14 2 3 2 13 69
4 14 2 2 8 8 153
4 14 2 1 14 3 118
4 14 2 1 3 14 125
4 14 2 0 9 9 178
4 14 1 14 0 5 3
4 14 1 13 6 0 91
4 14 1 12 1 6 86
4 14 1 11 7 1 170
4 14 1 10 2 7 111
4 14 1 9 8 2 5
4 14 1 8 3 8 16
4 14 1 7 9 3 47
4 14 1 6 4 9 117
4 14 1 5 10 4 118
4 14 1 4 5 10 162
4 14 1 3 11 5 198
4 14 1 3 0 16 69
4 14 1 2 17 0 134
4 14 1 2 6 11 14
4 14 1 1 12 6 44
4 14 1 1 1 17 70
4 14 1 0 18 1 174
4 14 1 0 7 12 76
4 14 0 19 1 0 17
4 14 0 17 2 1 63
4 14 0 15 3 2 104
4 14 0 13 4 3 111
4 14 0 11 5 4 176
4 14 0 10 0 10 184
4 14 0 9 6 5 57
4 14 0 8 12 0 56
4 14 0 8 1 11 80
4 14 0 7 7 6 50
4 14 0 6 13 1 181
4 14 0 6 2 12 134
4 14 0 5 8 7 37
4 14 0 4 14 2 182
4 14 0 4 3 13 127
4 14 0 3 9 8 193
4 14 0 2 15 3 11
4 14 0 2 4 14 61
4 14 0 1 10 9 83
4 14 0 0 16 4 158
4 14 0 0 5 15 187
4 13 19 2 0 0 184
4 13 19 0 1 1 25
4 13 17 3 1 0 168
4 13 17 1 2 1 105
4 13 16 1 0 4 137
4 13 15 4 2 0 3
4 13 15 2 3 1 45
4 13 15 0 4 2 27
4 13 14 4 0 3 189
4 13 14 2 1 4 182
4 13 14 0 2 5 138
4 13 13 5 3 0 48
4 13 13 3 4 1 17
4 13 13 1 5 2 16
4 13 13 0 0 8 158
4 13 12 7 0 2 157
4 13 12 5 1 3 38
4 13 12 3 2 4 114
4 13 12 1 3 5 119
4 13 12 0 9 0 124
4 13 11 6 4 0 29
4 13 11 4 5 1 84
4 13 11 3 0 7 125
4 13 11 2 6 2 113
4 13 11 1 1 8 22
4 13 11 0 7 3 81
4 13 10 10 0 1 9
4 13 10 8 1 2 155
4 13 10 6 2 3 82
4 13 10 4 3 4 94
4 13 10 2 4 5 70
4 13 10 1 10 0 17
4 13 10 0 5 6 100
4 13 9 7 5 0 41
4 13 9 6 0 6 65
4 13 9 5 6 1 122
4 13 9 4 1 7 86
4 13 9 3 7 2 60
4 13 9 2 2 8 142
4 13 9 1 8 3 185
4 13 9 0 3 9 183
4 13 8 13 0 0 182
4 13 8 11 1 1 43
4 13 8 9 2 2 74
4 13 8 7 3 3 18
4 13 8 5 4 4 23
4 13 8 3 5 5 117
4 13 8 2 11 0 65
4 13 8 2 0 11 165
4 13 8 1 6 6 194
4 13 8 0 12 1 1
4 13 8 0 1 12 82
4 13 7 9 0 5 38
4 13 7 8 6 0 129
4 13 7 7 1 6 89
4 13 7 6 7 1 71
4 13 7 5 2 7 169
4 13 7 4 8 2 36
4 13 7 3 3 8 195
4 13 7 2 9 3 4
4 13 7 1 4 9 50
4 13 7 0 10 4 118
4 13 6 14 1 0 52
4 13 6 12 2 1 197
4 13 6 10 3 2 179
4 13 6 8 4 3 164
4 13 6 6 5 4 162
4 13 6 5 0 10 184
4 13 6 4 6 5 38
4 13 6 3 12 0 196
4 13 6 3 1 11 30
4 13 6 2 7 6 19
4 13 6 1 13 1 143
4 13 6 1 2 12 178
4 13 6 0 8 7 193
4 13 5 12 0 4 158
4 13 5 10 1 5 90
4 13 5 9 7 0 86
4 13 5 8 2 6 13
4 13 5 7 8 1 18
4 13 5 6 3 7 85
4 13 5 5 9 2 13
4 13 5 4 4 8 97
4 13 5 3 10 3 67
4 13 5 2 5 9 58
4 13 5 1 11 4 99
4 13 5 1 0 15 22
4 13 5 0 6 10 84
4 13 4 15 2 0 114
4 13 4 13 3 1 33
4 13 4 11 4 2 137
4 13 4 9 5 3 144
4 13 4 8 0 9 48
4 13 4 7 6 4 160
4 13 4 6 1 10 110
4 13 4 5 7 5 99
4 13 4 4 13 0 1
4 13 4 4 2 11 75
4 13 4 3 8 6 148
4 13 4 2 14 1 128
4 13 4 2 3 12 121
4 13 4 1 9 7 55
4 13 4 0 15 2 54
4 13 4 0 4 13 132
4 13 3 15 0 3 89
4 13 3 13 1 4 103
4 13 3 11 2 5 130
4 13 3 10 8 0 92
4 13 3 9 3 6 70
4 13 3 8 9 1 87
4 13 3 7 4 7 128
4 13 3 6 10 2 197
4 13 3 5 5 8 143
4 13 3 4 11 3 182
4 13 3 4 0 14 57
4 13 3 3 6 9 4
4 13 3 2 12 4 144
4 13 3 2 1 15 124
4 13 3 1 7 10 73
4 13 3 0 13 5 115
4 13 3 0 2 16 139
4 13 2 16 3 0 50
4 13 2 14 4 1 33
4 13 2 12 5 2 61
4 13 2 11 0 8 103
4 13 2 10 6 3 194
4 13 2 9 1 9 25
4 13 2 8 7 4 64
4 13 2 7 2 10 50
4 13 2 6 8 5 192
4 13 2 5 14 0 165
4 13 2 5 3 11 188
4 13 2 4 9 6 94
4 13 2 3 15 1 7
4 13 2 3 4 12 68
4 13 2 2 10 7 31
4 13 2 1 16 2 114
4 13 2 1 5 13 94
4 13 2 0 11 8 137
4 13 2 0 0 19 150
4 13 1 18 0 2 7
4 13 1 14 2 4 40
4 13 1 12 3 5 171
4 13 1 11 9 0 169
4 13 1 10 4 6 94
4 13 1 9 10 1 61
4 13 1 8 5 7 50
4 13 1 7 11 2 3
4 13 1 7 0 13 90
4 13 1 6 6 8 39
4 13 1 5 12 3 47
4 13 1 5 1 14 197
4 13 1 4 7 9 98
4 13 1 3 13 4 35
4 13 1 3 2 15 137
4 13 1 2 8 10 95
4 13 1 1 14 5 23
4 13 1 1 3 16 173
4 13 1 0 20 0 71
4 13 1 0 9 11 108
4 13 0 17 4 0 138
4 13 0 15 5 1 166
4 13 0 14 0 7 7
4 13 0 13 6 2 18
4 13 0 12 1 8 16
4 13 0 11 7 3 1
4 13 0 10 2 9 90
4 13 0 9 8 4 69
4 13 0 8 3 10 187
4 13 0 7 9 5 182
4 13 0 6 15 0 130
4 13 0 6 4 11 52
4 13 0 5 10 6 167
4 13 0 4 16 1 49
4 13 0 4 5 12 17
4 13 0 3 11 7 191
4 13 0 3 0 18 169
4 13 0 2 17 2 149
4 13 0 2 6 13 158
4 13 0 1 12 8 154
4 13 0 1 1 19 123
4 13 0 0 18 3 185
4 13 0 0 7 14 94
4 12 19 0 3 0 118
4 12 18 2 0 2 157
4 12 18 0 1 3 17
4 12 17 1 4 0 179
4 12 16 5 0 1 50
4 12 16 3 1 2 116
4 12 16 1 2 3 142
4 12 15 2 5 0 6
4 12 15 1 0 6 113
4 12 15 0 6 1 99
4 12 14 8 0 0 52
4 12 14 6 1 1 76
4 12 14 4 2 2 105
4 12 14 2 3 3 171
4 12 14 0 4 4 160
4 12 13 4 0 5 172
4 12 13 3 6 0 94
4 12 13 2 1 6 35
4 12 13 1 7 1 77
4 12 13 0 2 7 60
4 12 12 9 1 0 115
4 12 12 7 2 1 125
4 12 12 5 3 2 82
4 12 12 3 4 3 18
4 12 12 1 5 4 1
4 12 12 0 0 10 190
4 12 11 7 0 4 35
4 12 11 5 1 5 124
4 12 11 4 7 0 131
4 12 11 3 2 6 34
4 12 11 2 8 1 38
4 12 11 1 3 7 122
4 12 11 0 9 2 161
4 12 10 10 2 0 180
4 12 10 8 3 1 84
4 12 10 6 4 2 45
4 12 10 4 5 3 91
4 12 10 3 0 9 36
4 12 10 2 6 4 107
4 12 10 1 1 10 84
4 12 10 0 7 5 6
4 12 9 10 0 3 183
4 12 9 8 1 4 55
4 12 9 6 2 5 133
4 12 9 5 8 0 65
4 12 9 4 3 6 141
4 12 9 3 9 1 39
4 12 9 2 4 7 25
4 12 9 1 10 2 86
4 12 9 0 5 8 54
4 12 8 11 3 0 39
4 12 8 9 4 1 37
4 12 8 7 5 2 134
4 12 8 6 0 8 69
4 12 8 5 6 3 3
4 12 8 4 1 9 105
4 12 8 3 7 4 146
4 12 8 2 2 10 97
4 12 8 1 8 5 70
4 12 8 0 14 0 99
4 12 8 0 3 11 142
4 12 7 13 0 2 78
4 12 7 11 1 3 182
4 12 7 9 2 4 138
4 12 7 7 3 5 187
4 12 7 6 9 0 167
4 12 7 5 4 6 47
4 12 7 4 10 1 171
4 12 7 3 5 7 74
4 12 7 2 11 2 1
4 12 7 2 0 13 40
4 12 7 1 6 8 101
4 12 7 0 12 3 97
4 12 7 0 1 14 129
4 12 6 12 4 0 58
4 12 6 10 5 1 172
4 12 6 9 0 7 57
4 12 6 8 6 2 40
4 12 6 7 1 8 39
4 12 6 6 7 3 156
4 12 6 5 2 9 180
4 12 6 4 8 4 94
4 12 6 3 3 10 153
4 12 6 2 9 5 71
4 12 6 1 15 0 175
4 12 6 1 4 11 105
4 12 6 0 10 6 98
4 12 5 16 0 1 21
4 12 5 14 1 2 14
4 12 5 12 2 3 139
4 12 5 10 3 4 169
4 12 5 8 4 5 62
4 12 5 7 10 0 93
4 12 5 6 5 6 128
4 12 5 5 11 1 70
4 12 5 5 0 12 19
4 12 5 4 6 7 90
4 12 5 3 12 2 194
4 12 5 3 1 13 55
4 12 5 2 7 8 35
4 12 5 1 13 3 28
4 12 5 1 2 14 109
4 12 5 0 8 9 70
4 12 4 13 5 0 103
4 12 4 12 0 6 40
4 12 4 11 6 1 64
4 12 4 10 1 7 189
4 12 4 9 7 2 91
4 12 4 8 2 8 180
4 12 4 7 8 3 52
4 12 4 6 3 9 57
4 12 4 5 9 4 56
4 12 4 4 4 10 198
4 12 4 3 10 5 194
4 12 4 2 16 0 106
4 12 4 2 5 11 77
4 12 4 1 11 6 144
4 12 4 1 0 17 50
4 12 4 0 17 1 109
4 12 4 0 6 12 67
4 12 3 19 0 0 179
4 12 3 17 1 1 64
4 12 3 15 2 2 132
4 12 3 13 3 3 119
4 12 3 11 4 4 28
4 12 3 9 5 5 44
4 12 3 8 11 0 80
4 12 3 8 0 11 60
4 12 3 7 6 6 155
4 12 3 6 12 1 69
4 12 3 6 1 12 121
4 12 3 5 7 7 152
4 12 3 4 13 2 36
4 12 3 4 2 13 51
4 12 3 3 8 8 13
4 12 3 2 14 3 116
4 12 3 2 3 14 63
4 12 3 1 9 9 90
4 12 3 0 15 4 30
4 12 3 0 4 15 38
4 12 2 15 0 5 47
4 12 2 14 6 0 164
4 12 2 13 1 6 60
4 12 2 12 7 1 196
4 12 2 11 2 7 173
4 12 2 10 8 2 110
4 12 2 9 3 8 190
4 12 2 8 9 3 23
4 12 2 7 4 9 112
4 12 2 6 10 4 194
4 12 2 5 5 10 179
4 12 2 4 11 5 55
4 12 2 4 0 16 156
4 12 2 3 17 0 113
4 12 2 3 6 11 11
4 12 2 2 12 6 129
4 12 2 2 1 17 108
4 12 2 1 18 1 40
4 12 2 1 7 12 65
4 12 2 0 13 7 46
4 12 2 0 2 18 177
4 12 1 20 1 0 192
4 12 1 18 2 1 26
4 12 1 16 3 2 165
4 12 1 14 4 3 2
4 12 1 12 5 4 179
4 12 1 11 0 10 180
4 12 1 10 6 5 116
4 12 1 9 12 0 83
4 12 1 9 1 11 97
4 12 1 8 7 6 131
4 12 1 7 13 1 122
4 12 1 7 2 12 101
4 12 1 6 8 7 188
4 12 1 5 14 2 152
4 12 1 5 3 13 83
4 12 1 4 9 8 93
4 12 1 3 15 3 77
4 12 1 3 4 14 129
4 12 1 2 10 9 26
4 12 1 1 16 4 97
4 12 1 1 5 15 27
4 12 1 0 11 10 8
4 12 1 0 0 21 101
4 12 0 18 0 4 156
4 12 0 16 1 5 185
4 12 0 15 7 0 110
4 12 0 14 2 6 137
4 12 0 13 8 1 66
4 12 0 12 3 7 28
4 12 0 11 9 2 45
4 12 0 10 4 8 110
4 12 0 9 10 3 45
4 12 0 8 5 9 70
4 12 0 7 11 4 101
4 12 0 7 0 15 94
4 12 0 6 6 10 83
4 12 0 5 12 5 137
4 12 0 5 1 16 17
4 12 0 4 18 0 116
4 12 0 4 7 11 25
4 12 0 3 13 6 143
4 12 0 3 2 17 3
4 12 0 2 19 1 141
4 12 0 2 8 12 83
4 12 0 1 14 7 132
4 12 0 1 3 18 133
4 12 0 0 20 2 89
4 12 0 0 9 13 62
4 11 22 0 0 1 147
4 11 20 3 0 0 53
4 11 20 1 1 1 62
4 11 18 4 1 0 46
4 11 18 2 2 1 47
4 11 18 0 3 2 124
4 11 17 2 0 4 16
4 11 17 0 1 5 108
4 11 16 5 2 0 91
4 11 16 3 3 1 23
4 11 16 1 4 2 51
4 11 15 5 0 3 20
4 11 15 3 1 4 94
4 11 15 1 2 5 9
4 11 15 0 8 0 162
4 11 14 6 3 0 73
4 11 14 4 4 1 77
4 11 14 2 5 2 81
4 11 14 1 0 8 105
4 11 14 0 6 3 131
4 11 13 8 0 2 159
4 11 13 6 1 3 183
4 11 13 4 2 4 176
4 11 13 2 3 5 100
4 11 13 1 9 0 123
4 11 13 0 4 6 176
4 11 12 7 4 0 110
4 11 12 5 5 1 72
4 11 12 4 0 7 170
4 11 12 3 6 2 8
4 11 12 2 1 8 130
4 11 12 1 7 3 14
4 11 12 0 2 9 74
4 11 11 11 0 1 54
4 11 11 9 1 2 140
4 11 11 7 2 3 16
4 11 11 5 3 4 72
4 11 11 3 4 5 160
4 11 11 2 10 0 15
4 11 11 1 5 6 112
4 11 11 0 11 1 120
4 11 11 0 0 12 35
4 11 10 8 5 0 69
4 11 10 7 0 6 16
4 11 10 6 6 1 144
4 11 10 5 1 7 117
4 11 10 4 7 2 140
4 11 10 3 2 8 141
4 11 10 2 8 3 79
4 11 10 1 3 9 105
4 11 10 0 9 4 131
4 11 9 14 0 0 38
4 11 9 12 1 1 177
4 11 9 10 2 2 133
4 11 9 8 3 3 44
4 11 9 6 4 4 119
4 11 9 4 5 5 123
4 11 9 3 11 0 29
4 11 9 3 0 11 132
4 11 9 2 6 6 161
4 11 9 1 12 1 189
4 11 9 1 1 12 150
4 11 9 0 7 7 100
4 11 8 10 0 5 43
4 11 8 9 6 0 82
4 11 8 8 1 6 149
4 11 8 7 7 1 53
4 11 8 6 2 7 86
4 11 8 5 8 2 154
4 11 8 4 3 8 178
4 11 8 3 9 3 123
4 11 8 2 4 9 93
4 11 8 1 10 4 71
4 11 8 0 5 10 31
4 11 7 15 1 0 39
4 11 7 13 2 1 65
4 11 7 11 3 2 66
4 11 7 9 4 3 18
4 11 7 7 5 4 26
4 11 7 6 0 10 173
4 11 7 5 6 5 2
4 11 7 4 12 0 90
4 11 7 4 1 11 36
4 11 7 3 7 6 47
4 11 7 2 13 1 185
4 11 7 2 2 12 105
4 11 7 1 8 7 34
4 11 7 0 14 2 75
4 11 7 0 3 13 166
4 11 6 13 0 4 141
4 11 6 11 1 5 19
4 11 6 10 7 0 13
4 11 6 9 2 6 119
4 11 6 8 8 1 5
4 11 6 7 3 7 30
4 11 6 6 9 2 2
4 11 6 5 4 8 77
4 11 6 4 10 3 55
4 11 6 3 5 9 95
4 11 6 2 11 4 63
4 11 6 2 0 15 154
4 11 6 1 6 10 68
4 11 6 0 12 5 11
4 11 6 0 1 16 36
4 11 5 16 2 0 135
4 11 5 14 3 1 154
4 11 5 12 4 2 176
4 11 5 10 5 3 5
4 11 5 9 0 9 187
4 11 5 8 6 4 178
4 11 5 7 1 10 83
4 11 5 6 7 5 4
4 11 5 5 13 0 87
4 11 5 5 2 11 105
4 11 5 4 8 6 101
4 11 5 3 14 1 136
4 11 5 3 3 12 113
4 11 5 2 9 7 196
4 11 5 1 15 2 128
4 11 5 1 4 13 194
4 11 5 0 10 8 141
4 11 4 16 0 3 177
4 11 4 14 1 4 37
4 11 4 12 2 5 20
4 11 4 11 8 0 175
4 11 4 10 3 6 24
4 11 4 9 9 1 73
4 11 4 8 4 7 30
4 11 4 7 10 2 114
4 11 4 6 5 8 64
4 11 4 5 11 3 106
4 11 4 5 0 14 172
4 11 4 4 6 9 184
4 11 4 3 12 4 179
4 11 4 3 1 15 86
4 11 4 2 7 10 117
4 11 4 1 13 5 86
4 11 4 1 2 16 189
4 11 4 0 19 0 195
4 11 4 0 8 11 133
4 11 3 17 3 0 112
4 11 3 15 4 1 38
4 11 3 13 5 2 103
4 11 3 12 0 8 193
4 11 3 11 6 3 196
4 11 3 10 1 9 35
4 11 3 9 7 4 153
4 11 3 8 2 10 117
4 11 3 7 8 5 43
4 11 3 6 14 0 80
4 11 3 6 3 11 41
4 11 3 5 9 6 97
4 11 3 4 15 1 148
4 11 3 4 4 12 94
4 11 3 3 10 7 185
4 11 3 2 16 2 69
4 11 3 2 5 13 75
4 11 3 1 11 8 125
4 11 3 1 0 19 23
4 11 3 0 17 3 156
4 11 3 0 6 14 184
4 11 2 19 0 2 23
4 11 2 17 1 3 155
4 11 2 15 2 4 26
4 11 2 13 3 5 102
4 11 2 12 9 0 106
4 11 2 11 4 6 135
4 11 2 10 10 1 120
4 11 2 9 5 7 48
4 11 2 8 11 2 69
4 11 2 8 0 13 20
4 11 2 7 6 8 16
4 11 2 6 12 3 140
4 11 2 6 1 14 8
4 11 2 5 7 9 84
4 11 2 4 13 4 150
4 11 2 4 2 15 6
4 11 2 3 8 10 120
4 11 2 2 14 5 23
4 11 2 2 3 16 61
4 11 2 1 20 0 97
4 11 2 1 9 11 133
4 11 2 0 15 6 6
4 11 2 0 4 17 4
4 11 1 18 4 0 5
4 11 1 16 5 1 16
4 11 1 15 0 7 180
4 11 1 14 6 2 94
4 11 1 13 1 8 43
4 11 1 12 7 3 25
4 11 1 11 2 9 109
4 11 1 10 8 4 45
4 11 1 9 3 10 136
4 11 1 8 9 5 195
4 11 1 7 15 0 135
4 11 1 7 4 11 167
4 11 1 6 10 6 146
4 11 1 5 16 1 27
4 11 1 5 5 12 13
4 11 1 4 11 7 34
4 11 1 4 0 18 140
4 11 1 3 17 2 6
4 11 1 3 6 13 31
4 11 1 2 12 8 68
4 11 1 2 1 19 136
4 11 1 1 18 3 45
4 11 1 1 7 14 13
4 11 1 0 13 9 47
4 11 1 0 2 20 120
4 11 0 22 0 1 197
4 11 0 20 1 2 19
4 11 0 18 2 3 160
4 11 0 16 3 4 144
4 11 0 14 4 5 55
4 11 0 13 10 0 83
4 11 0 12 5 6 17
4 11 0 11 11 1 20
4 11 0 11 0 12 99
4 11 0 10 6 7 53
4 11 0 9 12 2 77
4 11 0 9 1 13 10
4 11 0 8 7 8 191
4 11 0 7 13 3 30
4 11 0 7 2 14 171
4 11 0 6 8 9 13
4 11 0 5 14 4 188
4 11 0 5 3 15 79
4 11 0 4 9 10 62
4 11 0 3 15 5 148
4 11 0 3 4 16 133
4 11 0 2 21 0 171
4 11 0 2 10 11 138
4 11 0 1 16 6 90
4 11 0 1 5 17 36
4 11 0 0 22 1 195
4 11 0 0 11 12 166
4 11 0 0 0 23 141
4 10 22 0 2 0 148
4 10 21 0 0 3 182
4 10 20 1 3 0 68
4 10 19 3 0 2 138
4 10 19 1 1 3 33
4 10 18 2 4 0 52
4 10 18 0 5 1 92
4 10 17 6 0 1 188
4 10 17 4 1 2 30
4 10 17 2 2 3 174
4 10 17 0 3 4 109
4 10 16 3 5 0 92
4 10 16 2 0 6 66
4 10 16 1 6 1 73
4 10 16 0 1 7 114
4 10 15 9 0 0 41
4 10 15 7 1 1 141
4 10 15 5 2 2 82
4 10 15 3 3 3 68
4 10 15 1 4 4 33
4 10 14 5 0 5 141
4 10 14 4 6 0 118
4 10 14 3 1 6 32
4 10 14 2 7 1 156
4 10 14 1 2 7 27
4 10 14 0 8 2 189
4 10 13 10 1 0 181
4 10 13 8 2 1 157
4 10 13 6 3 2 18
4 10 13 4 4 3 131
4 10 13 2 5 4 168
4 10 13 1 0 10 187
4 10 13 0 6 5 121
4 10 12 8 0 4 190
4 10 12 6 1 5 129
4 10 12 5 7 0 101
4 10 12 4 2 6 23
4 10 12 3 8 1 121
4 10 12 2 3 7 146
4 10 12 1 9 2 144
4 10 12 0 4 8 8
4 10 11 11 2 0 103
4 10 11 9 3 1 7
4 10 11 7 4 2 179
4 10 11 5 5 3 102
4 10 11 4 0 9 81
4 10 11 3 6 4 28
4 10 11 2 1 10 48
4 10 11 1 7 5 74
4 10 11 0 13 0 141
4 10 11 0 2 11 103
4 10 10 11 0 3 126
4 10 10 9 1 4 11
4 10 10 7 2 5 47
4 10 10 6 8 0 35
4 10 10 5 3 6 168
4 10 10 4 9 1 15
4 10 10 3 4 7 6
4 10 10 2 10 2 163
4 10 10 1 5 8 30
4 10 10 0 11 3 3
4 10 10 0 0 14 164
4 10 9 12 3 0 147
4 10 9 10 4 1 95
4 10 9 8 5 2 170
4 10 9 7 0 8 20
4 10 9 6 6 3 13
4 10 9 5 1 9 33
4 10 9 4 7 4 128
4 10 9 3 2 10 5
4 10 9 2 8 5 110
4 10 9 1 14 0 39
4 10 9 1 3 11 85
4 10 9 0 9 6 56
4 10 8 14 0 2 32
4 10 8 12 1 3 16
4 10 8 10 2 4 37
4 10 8 8 3 5 24
4 10 8 7 9 0 117
4 10 8 6 4 6 39
4 10 8 5 10 1 36
4 10 8 4 5 7 29
4 10 8 3 11 2 15
4 10 8 3 0 13 188
4 10 8 2 6 8 78
4 10 8 1 12 3 5
4 10 8 1 1 14 56
4 10 8 0 7 9 159
4 10 7 13 4 0 133
4 10 7 11 5 1 57
4 10 7 10 0 7 96
4 10 7 9 6 2 42
4 10 7 8 1 8 175
4 10 7 7 7 3 29
4 10 7 6 2 9 40
4 10 7 5 8 4 53
4 10 7 4 3 10 75
4 10 7 3 9 5 156
4 10 7 2 15 0 101
4 10 7 2 4 11 179
4 10 7 1 10 6 44
4 10 7 0 16 1 29
4 10 7 0 5 12 195
4 10 6 17 0 1 73
4 10 6 15 1 2 109
4 10 6 13 2 3 49
4 10 6 11 3 4 160
4 10 6 9 4 5 154
4 10 6 8 10 0 78
4 10 6 7 5 6 27
4 10 6 6 11 1 198
4 10 6 6 0 12 149
4 10 6 5 6 7 97
4 10 6 4 12 2 6
4 10 6 4 1 13 179
4 10 6 3 7 8 84
4 10 6 2 13 3 41
4 10 6 2 2 14 54
4 10 6 1 8 9 84
4 10 6 0 14 4 183
4 10 6 0 3 15 37
4 10 5 14 5 0 186
4 10 5 13 0 6 160
4 10 5 12 6 1 68
4 10 5 11 1 7 70
4 10 5 10 7 2 2
4 10 5 9 2 8 95
4 10 5 8 8 3 157
4 10 5 7 3 9 165
4 10 5 6 9 4 154
4 10 5 5 4 10 92
4 10 5 4 10 5 116
4 10 5 3 16 0 145
4 10 5 3 5 11 76
4 10 5 2 11 6 122
4 10 5 2 0 17 148
4 10 5 1 17 1 171
4 10 5 1 6 12 38
4 10 5 0 12 7 61
4 10 5 0 1 18 54
4 10 4 20 0 0 140
4 10 4 18 1 1 11
4 10 4 16 2 2 123
4 10 4 14 3 3 141
4 10 4 12 4 4 166
4 10 4 10 5 5 55
4 10 4 9 11 0 27
4 10 4 9 0 11 60
4 10 4 8 6 6 35
4 10 4 7 12 1 97
4 10 4 7 1 12 21
4 10 4 6 7 7 5
4 10 4 5 13 2 80
4 10 4 5 2 13 151
4 10 4 4 8 8 82
4 10 4 3 14 3 179
4 10 4 3 3 14 93
4 10 4 2 9 9 181
4 10 4 1 15 4 197
4 10 4 1 4 15 180
4 10 4 0 10 10 134
4 10 3 16 0 5 2
4 10 3 15 6 0 10
4 10 3 14 1 6 70
4 10 3 13 7 1 97
4 10 3 12 2 7 101
4 10 3 11 8 2 165
4 10 3 10 3 8 113
4 10 3 9 9 3 75
4 10 3 8 4 9 135
4 10 3 7 10 4 88
4 10 3 6 5 10 68
4 10 3 5 11 5 67
4 10 3 5 0 16 93
4 10 3 4 17 0 3
4 10 3 4 6 11 180
4 10 3 3 12 6 68
4 10 3 3 1 17 116
4 10 3 2 18 1 111
4 10 3 2 7 12 150
4 10 3 1 13 7 158
4 10 3 1 2 18 145
4 10 3 0 19 2 97
4 10 3 0 8 13 134
4 10 2 21 1 0 3
4 10 2 19 2 1 34
4 10 2 17 3 2 127
4 10 2 15 4 3 24
4 10 2 13 5 4 131
4 10 2 12 0 10 165
4 10 2 11 6 5 176
4 10 2 10 12 0 191
4 10 2 10 1 11 186
4 10 2 9 7 6 19
4 10 2 8 13 1 191
4 10 2 8 2 12 197
4 10 2 7 8 7 182
4 10 2 6 14 2 101
4 10 2 6 3 13 62
4 10 2 5 9 8 186
4 10 2 4 15 3 117
4 10 2 4 4 14 36
4 10 2 3 10 9 141
4 10 2 2 16 4 168
4 10 2 2 5 15 82
4 10 2 1 11 10 98
4 10 2 1 0 21 61
4 10 2 0 17 5 78
4 10 2 0 6 16 88
4 10 1 19 0 4 15
4 10 1 17 1 5 102
4 10 1 16 7 0 181
4 10 1 15 2 6 121
4 10 1 14 8 1 114
4 10 1 13 3 7 97
4 10 1 12 9 2 194
4 10 1 11 4 8 80
4 10 1 10 10 3 96
4 10 1 9 5 9 91
4 10 1 8 11 4 136
4 10 1 8 0 15 134
4 10 1 7 6 10 104
4 10 1 6 12 5 196
4 10 1 6 1 16 142
4 10 1 5 18 0 188
4 10 1 5 7 11 156
4 10 1 4 13 6 15
4 10 1 4 2 17 164
4 10 1 3 19 1 54
4 10 1 3 8 12 89
4 10 1 2 14 7 84
4 10 1 2 3 18 166
4 10 1 1 20 2 85
4 10 1 1 9 13 144
4 10 1 0 15 8 114
4 10 1 0 4 19 140
4 10 0 22 2 0 156
4 10 0 20 3 1 47
4 10 0 18 4 2 66
4 10 0 16 5 3 78
4 10 0 15 0 9 14
4 10 0 14 6 4 77
4 10 0 13 1 10 33
4 10 0 12 7 5 135
4 10 0 11 13 0 12
4 10 0 11 2 11 118
4 10 0 10 8 6 44
4 10 0 9 14 1 41
4 10 0 9 3 12 72
4 10 0 8 9 7 112
4 10 0 7 15 2 175
4 10 0 7 4 13 156
4 10 0 6 10 8 79
4 10 0 5 16 3 184
4 10 0 5 5 14 135
4 10 0 4 11 9 14
4 10 0 4 0 20 4
4 10 0 3 17 4 12
4 10 0 3 6 15 4
4 10 0 2 12 10 167
4 10 0 2 1 21 142
4 10 0 1 18 5 36
4 10 0 1 7 16 39
4 10 0 0 24 0 183
4 10 0 0 13 11 114
4 10 0 0 2 22 40
4 9 23 1 0 1 170
4 9 21 4 0 0 9
4 9 21 2 1 1 6
4 9 21 0 2 2 8
4 9 20 0 0 5 140
4 9 19 5 1 0 127
4 9 19 3 2 1 5
4 9 19 1 3 2 103
4 9 18 3 0 4 23
4 9 18 1 1 5 157
4 9 18 0 7 0 83
4 9 17 6 2 0 192
4 9 17 4 3 1 131
4 9 17 2 4 2 192
4 9 17 0 5 3 159
4 9 16 6 0 3 133
4 9 16 4 1 4 132
4 9 16 2 2 5 100
4 9 16 1 8 0 12
4 9 16 0 3 6 156
4 9 15 7 3 0 189
4 9 15 5 4 1 141
4 9 15 3 5 2 155
4 9 15 2 0 8 165
4 9 15 1 6 3 83
4 9 15 0 1 9 166
4 9 14 9 0 2 97
4 9 14 7 1 3 85
4 9 14 5 2 4 159
4 9 14 3 3 5 158
4 9 14 2 9 0 177
4 9 14 1 4 6 140
4 9 14 0 10 1 86
4 9 13 8 4 0 82
4 9 13 6 5 1 63
4 9 13 5 0 7 87
4 9 13 4 6 2 35
4 9 13 3 1 8 92
4 9 13 2 7 3 36
4 9 13 1 2 9 64
4 9 13 0 8 4 78
4 9 12 12 0 1 134
4 9 12 10 1 2 98
4 9 12 8 2 3 96
4 9 12 6 3 4 71
4 9 12 4 4 5 30
4 9 12 3 10 0 89
4 9 12 2 5 6 179
4 9 12 1 11 1 69
4 9 12 1 0 12 113
4 9 12 0 6 7 5
4 9 11 9 5 0 188
4 9 11 8 0 6 4
4 9 11 7 6 1 74
4 9 11 6 1 7 138
4 9 11 5 7 2 144
4 9 11 4 2 8 189
4 9 11 3 8 3 118
4 9 11 2 3 9 147
4 9 11 1 9 4 177
4 9 11 0 4 10 48
4 9 10 15 0 0 133
4 9 10 13 1 1 25
4 9 10 11 2 2 190
4 9 10 9 3 3 96
4 9 10 7 4 4 58
4 9 10 5 5 5 170
4 9 10 4 11 0 81
4 9 10 4 0 11 165
4 9 10 3 6 6 31
4 9 10 2 12 1 14
4 9 10 2 1 12 101
4 9 10 1 7 7 29
4 9 10 0 13 2 118
4 9 10 0 2 13 27
4 9 9 11 0 5 161
4 9 9 10 6 0 94
4 9 9 9 1 6 56
4 9 9 8 7 1 17
4 9 9 7 2 7 15
4 9 9 6 8 2 18
4 9 9 5 3 8 146
4 9 9 4 9 3 146
4 9 9 3 4 9 138
4 9 9 2 10 4 87
4 9 9 1 5 10 171
4 9 9 0 11 5 44
4 9 9 0 0 16 47
4 9 8 16 1 0 91
4 9 8 14 2 1 114
4 9 8 12 3 2 124
4 9 8 10 4 3 51
4 9 8 8 5 4 76
4 9 8 7 0 10 5
4 9 8 6 6 5 35
4 9 8 5 12 0 7
4 9 8 5 1 11 128
4 9 8 4 7 6 77
4 9 8 3 13 1 47
4 9 8 3 2 12 187
4 9 8 2 8 7 58
4 9 8 1 14 2 163
4 9 8 1 3 13 106
4 9 8 0 9 8 21
4 9 7 14 0 4 134
4 9 7 12 1 5 127
4 9 7 11 7 0 150
4 9 7 10 2 6 52
4 9 7 9 8 1 33
4 9 7 8 3 7 1
4 9 7 7 9 2 172
4 9 7 6 4 8 21
4 9 7 5 10 3 192
4 9 7 4 5 9 53
4 9 7 3 11 4 118
4 9 7 3 0 15 173
4 9 7 2 6 10 87
4 9 7 1 12 5 6
4 9 7 1 1 16 37
4 9 7 0 18 0 135
4 9 7 0 7 11 44
4 9 6 17 2 0 143
4 9 6 15 3 1 170
4 9 6 13 4 2 54
4 9 6 11 5 3 47
4 9 6 10 0 9 165
4 9 6 9 6 4 148
4 9 6 8 1 10 100
4 9 6 7 7 5 143
4 9 6 6 13 0 164
4 9 6 6 2 11 89
4 9 6 5 8 6 101
4 9 6 4 14 1 40
4 9 6 4 3 12 1
4 9 6 3 9 7 57
4 9 6 2 15 2 110
4 9 6 2 4 13 54
4 9 6 1 10 8 164
4 9 6 0 16 3 129
4 9 6 0 5 14 169
4 9 5 17 0 3 76
4 9 5 15 1 4 100
4 9 5 13 2 5 187
4 9 5 12 8 0 16
4 9 5 11 3 6 76
4 9 5 10 9 1 50
4 9 5 9 4 7 157
4 9 5 8 10 2 119
4 9 5 7 5 8 179
4 9 5 6 11 3 14
4 9 5 6 0 14 22
4 9 5 5 6 9 30
4 9 5 4 12 4 144
4 9 5 4 1 15 171
4 9 5 3 7 10 190
4 9 5 2 13 5 3
4 9 5 2 2 16 93
4 9 5 1 19 0 18
4 9 5 1 8 11 88
4 9 5 0 14 6 153
4 9 5 0 3 17 78
4 9 4 18 3 0 34
4 9 4 16 4 1 161
4 9 4 14 5 2 173
4 9 4 13 0 8 32
4 9 4 12 6 3 183
4 9 4 11 1 9 93
4 9 4 10 7 4 100
4 9 4 9 2 10 148
4 9 4 8 8 5 188
4 9 4 7 14 0 140
4 9 4 7 3 11 96
4 9 4 5 15 1 150
4 9 4 5 4 12 102
4 9 4 4 10 7 76
4 9 4 3 16 2 45
4 9 4 3 5 13 185
4 9 4 2 11 8 17
4 9 4 2 0 19 142
4 9 4 1 17 3 145
4 9 4 1 6 14 128
4 9 4 0 12 9 13
4 9 4 0 1 20 113
4 9 3 20 0 2 89
4 9 3 18 1 3 184
4 9 3 16 2 4 130
4 9 3 14 3 5 126
4 9 3 13 9 0 15
4 9 3 12 4 6 28
4 9 3 11 10 1 148
4 9 3 10 5 7 114
4 9 3 9 11 2 41
4 9 3 9 0 13 180
4 9 3 8 6 8 16
4 9 3 7 12 3 6
4 9 3 7 1 14 36
4 9 3 6 7 9 78
4 9 3 5 13 4 182
4 9 3 5 2 15 153
4 9 3 4 8 10 120
4 9 3 3 14 5 147
4 9 3 3 3 16 7
4 9 3 2 20 0 165
4 9 3 2 9 11 89
4 9 3 1 15 6 7
4 9 3 1 4 17 145
4 9 3 0 21 1 15
4 9 3 0 10 12 105
4 9 2 19 4 0 23
4 9 2 17 5 1 86
4 9 2 16 0 7 4
4 9 2 15 6 2 125
4 9 2 14 1 8 143
4 9 2 13 7 3 37
4 9 2 12 2 9 27
4 9 2 11 8 4 45
4 9 2 10 3 10 9
4 9 2 9 9 5 161
4 9 2 8 15 0 119
4 9 2 8 4 11 93
4 9 2 7 10 6 116
4 9 2 6 16 1 165
4 9 2 6 5 12 137
4 9 2 5 11 7 124
4 9 2 5 0 18 42
4 9 2 4 17 2 186
4 9 2 4 6 13 163
4 9 2 3 12 8 156
4 9 2 3 1 19 68
4 9 2 2 18 3 14
4 9 2 2 7 14 52
4 9 2 1 13 9 168
4 9 2 1 2 20 60
4 9 2 0 19 4 91
4 9 2 0 8 15 159
4 9 1 23 0 1 55
4 9 1 21 1 2 2
4 9 1 19 2 3 100
4 9 1 17 3 4 111
4 9 1 15 4 5 126
4 9 1 14 10 0 24
4 9 1 13 5 6 45
4 9 1 12 11 1 23
4 9 1 12 0 12 88
4 9 1 11 6 7 107
4 9 1 10 12 2 151
4 9 1 10 1 13 136
4 9 1 9 7 8 156
4 9 1 8 13 3 35
4 9 1 8 2 14 187
4 9 1 7 8 9 105
4 9 1 6 14 4 141
4 9 1 6 3 15 174
4 9 1 5 9 10 36
4 9 1 4 15 5 108
4 9 1 4 4 16 176
4 9 1 3 21 0 43
4 9 1 3 10 11 149
4 9 1 2 16 6 148
4 9 1 2 5 17 181
4 9 1 1 22 1 40
4 9 1 1 11 12 75
4 9 1 1 0 23 144
4 9 1 0 17 7 180
4 9 1 0 6 18 111
4 9 0 20 5 0 96
4 9 0 19 0 6 136
4 9 0 18 6 1 63
4 9 0 17 1 7 92
4 9 0 16 7 2 106
4 9 0 15 2 8 172
4 9 0 14 8 3 110
4 9 0 13 3 9 70
4 9 0 12 9 4 54
4 9 0 11 4 10 145
4 9 0 10 10 5 117
4 9 0 9 16 0 6
4 9 0 9 5 11 154
4 9 0 8 11 6 48
4 9 0 8 0 17 138
4 9 0 7 17 1 73
4 9 0 7 6 12 102
4 9 0 6 12 7 99
4 9 0 6 1 18 129
4 9 0 5 18 2 100
4 9 0 5 7 13 25
4 9 0 4 13 8 50
4 9 0 4 2 19 97
4 9 0 3 19 3 120
4 9 0 3 8 14 117
4 9 0 2 14 9 100
4 9 0 2 3 20 182
4 9 0 1 20 4 140
4 9 0 1 9 15 94
4 9 0 0 15 10 4
4 9 0 0 4 21 35
4 8 25 0 1 0 100
4 8 23 1 2 0 179
4 8 22 1 0 3 189
4 8 21 2 3 0 90
4 8 21 0 4 1 122
4 8 20 4 0 2 118
4 8 20 2 1 3 3
4 8 20 0 2 4 54
4 8 19 3 4 0 93
4 8 19 1 5 1 12
4 8 19 0 0 7 15
4 8 18 7 0 1 15
4 8 18 5 1 2 131
4 8 18 3 2 3 185
4 8 18 1 3 4 9
4 8 17 4 5 0 158
4 8 17 3 0 6 15
4 8 17 2 6 1 17
4 8 17 1 1 7 191
4 8 17 0 7 2 146
4 8 16 10 0 0 60
4 8 16 8 1 1 108
4 8 16 6 2 2 48
4 8 16 4 3 3 53
4 8 16 2 4 4 181
4 8 16 0 5 5 121
4 8 15 6 0 5 154
4 8 15 5 6 0 182
4 8 15 4 1 6 120
4 8 15 3 7 1 190
4 8 15 2 2 7 175
4 8 15 0 3 8 36
4 8 14 11 1 0 151
4 8 14 9 2 1 89
4 8 14 7 3 2 134
4 8 14 5 4 3 8
4 8 14 3 5 4 2
4 8 14 2 0 10 163
4 8 14 1 6 5 72
4 8 14 0 12 0 127
4 8 14 0 1 11 158
4 8 13 9 0 4 15
4 8 13 7 1 5 97
4 8 13 6 7 0 34
4 8 13 5 2 6 189
4 8 13 4 8 1 88
4 8 13 3 3 7 137
4 8 13 2 9 2 179
4 8 13 1 4 8 46
4 8 13 0 10 3 1
4 8 12 12 2 0 179
4 8 12 10 3 1 140
4 8 12 8 4 2 120
4 8 12 6 5 3 42
4 8 12 5 0 9 143
4 8 12 4 6 4 96
4 8 12 3 1 10 195
4 8 12 2 7 5 110
4 8 12 1 13 0 183
4 8 12 1 2 11 177
4 8 12 0 8 6 153
4 8 11 12 0 3 114
4 8 11 10 1 4 135
4 8 11 8 2 5 34
4 8 11 7 8 0 197
4 8 11 6 3 6 80
4 8 11 5 9 1 136
4 8 11 4 4 7 57
4 8 11 3 10 2 190
4 8 11 2 5 8 66
4 8 11 1 11 3 83
4 8 11 1 0 14 33
4 8 10 13 3 0 131
4 8 10 11 4 1 52
4 8 10 9 5 2 115
4 8 10 8 0 8 96
4 8 10 7 6 3 177
4 8 10 6 1 9 49
4 8 10 5 7 4 122
4 8 10 4 2 10 14
4 8 10 3 8 5 138
4 8 10 2 14 0 188
4 8 10 2 3 11 151
4 8 10 1 9 6 165
4 8 10 0 15 1 96
4 8 10 0 4 12 193
4 8 9 15 0 2 149
4 8 9 13 1 3 35
4 8 9 11 2 4 30
4 8 9 9 3 5 5
4 8 9 8 9 0 156
4 8 9 7 4 6 17
4 8 9 6 10 1 80
4 8 9 5 5 7 189
4 8 9 4 11 2 13
4 8 9 4 0 13 141
4 8 9 3 6 8 148
4 8 9 2 12 3 64
4 8 9 2 1 14 56
4 8 9 1 7 9 43
4 8 9 0 13 4 181
4 8 9 0 2 15 39
4 8 8 14 4 0 98
4 8 8 12 5 1 27
4 8 8 11 0 7 188
4 8 8 10 6 2 191
4 8 8 9 1 8 55
4 8 8 8 7 3 52
4 8 8 7 2 9 4
4 8 8 6 8 4 180
4 8 8 5 3 10 126
4 8 8 4 9 5 94
4 8 8 3 15 0 16
4 8 8 3 4 11 55
4 8 8 2 10 6 159
4 8 8 1 16 1 87
4 8 8 1 5 12 117
4 8 8 0 11 7 83
4 8 8 0 0 18 81
4 8 7 18 0 1 192
4 8 7 16 1 2 24
4 8 7 14 2 3 47
4 8 7 12 3 4 143
4 8 7 10 4 5 72
4 8 7 9 10 0 148
4 8 7 8 5 6 4
4 8 7 7 11 1 34
4 8 7 7 0 12 61
4 8 7 6 6 7 94
4 8 7 5 12 2 139
4 8 7 5 1 13 98
4 8 7 4 7 8 87
4 8 7 3 13 3 146
4 8 7 3 2 14 110
4 8 7 2 8 9 195
4 8 7 1 14 4 186
4 8 7 1 3 15 19
4 8 7 0 9 10 69
4 8 6 15 5 0 198
4 8 6 14 0 6 85
4 8 6 13 6 1 1
4 8 6 12 1 7 70
4 8 6 11 7 2 39
4 8 6 10 2 8 98
4 8 6 9 8 3 33
4 8 6 8 3 9 143
4 8 6 7 9 4 86
4 8 6 6 4 10 151
4 8 6 5 10 5 4
4 8 6 4 16 0 86
4 8 6 4 5 11 57
4 8 6 3 11 6 28
4 8 6 3 0 17 2
4 8 6 2 17 1 1
4 8 6 2 6 12 111
4 8 6 1 12 7 139
4 8 6 1 1 18 23
4 8 6 0 18 2 21
4 8 6 0 7 13 117
4 8 5 21 0 0 111
4 8 5 19 1 1 111
4 8 5 17 2 2 42
4 8 5 15 3 3 66
4 8 5 13 4 4 4
4 8 5 11 5 5 166
4 8 5 10 11 0 122
4 8 5 10 0 11 55
4 8 5 9 6 6 23
4 8 5 8 12 1 147
4 8 5 8 1 12 90
4 8 5 7 7 7 141
4 8 5 6 13 2 141
4 8 5 6 2 13 45
4 8 5 5 8 8 154
4 8 5 4 14 3 31
4 8 5 4 3 14 62
4 8 5 3 9 9 179
4 8 5 2 15 4 29
4 8 5 2 4 15 133
4 8 5 1 10 10 187
4 8 5 0 16 5 126
4 8 5 0 5 16 115
4 8 4 17 0 5 102
4 8 4 16 6 0 192
4 8 4 15 1 6 92
4 8 4 14 7 1 105
4 8 4 13 2 7 124
4 8 4 12 8 2 52
4 8 4 11 3 8 95
4 8 4 10 9 3 161
4 8 4 9 4 9 64
4 8 4 8 10 4 149
4 8 4 7 5 10 196
4 8 4 6 11 5 110
4 8 4 6 0 16 157
4 8 4 5 17 0 92
4 8 4 5 6 11 27
4 8 4 4 12 6 145
4 8 4 4 1 17 187
4 8 4 3 18 1 77
4 8 4 3 7 12 157
4 8 4 2 13 7 128
4 8 4 2 2 18 48
4 8 4 1 19 2 56
4 8 4 1 8 13 122
4 8 4 0 14 8 37
4 8 4 0 3 19 190
4 8 3 22 1 0 147
4 8 3 20 2 1 111
4 8 3 18 3 2 136
4 8 3 16 4 3 14
4 8 3 14 5 4 30
4 8 3 13 0 10 162
4 8 3 12 6 5 165
4 8 3 11 12 0 130
4 8 3 11 1 11 139
4 8 3 10 7 6 142
4 8 3 9 13 1 114
4 8 3 9 2 12 43
4 8 3 8 8 7 18
4 8 3 7 14 2 173
4 8 3 7 3 13 52
4 8 3 6 9 8 112
4 8 3 5 15 3 170
4 8 3 5 4 14 3
4 8 3 4 10 9 142
4 8 3 3 16 4 117
4 8 3 3 5 15 62
4 8 3 2 11 10 25
4 8 3 2 0 21 28
4 8 3 1 17 5 126
4 8 3 1 6 16 173
4 8 3 0 23 0 91
4 8 3 0 12 11 76
4 8 3 0 1 22 97
4 8 2 20 0 4 15
4 8 2 18 1 5 192
4 8 2 17 7 0 137
4 8 2 16 2 6 107
4 8 2 15 8 1 108
4 8 2 14 3 7 24
4 8 2 13 9 2 26
4 8 2 12 4 8 163
4 8 2 11 10 3 107
4 8 2 10 5 9 28
4 8 2 9 11 4 189
4 8 2 9 0 15 186
4 8 2 8 6 10 122
4 8 2 7 12 5 170
4 8 2 7 1 16 18
4 8 2 6 18 0 26
4 8 2 6 7 11 32
4 8 2 5 13 6 125
4 8 2 5 2 17 38
4 8 2 4 19 1 147
4 8 2 4 8 12 171
4 8 2 3 14 7 135
4 8 2 3 3 18 170
4 8 2 2 20 2 103
4 8 2 2 9 13 136
4 8 2 1 15 8 18
4 8 2 1 4 19 41
4 8 2 0 21 3 26
4 8 2 0 10 14 30
4 8 1 23 2 0 167
4 8 1 21 3 1 43
4 8 1 19 4 2 170
4 8 1 17 5 3 170
4 8 1 16 0 9 87
4 8 1 15 6 4 95
4 8 1 14 1 10 95
4 8 1 13 7 5 99
4 8 1 12 13 0 2
4 8 1 12 2 11 178
4 8 1 11 8 6 137
4 8 1 10 14 1 118
4 8 1 10 3 12 148
4 8 1 9 9 7 124
4 8 1 8 15 2 50
4 8 1 8 4 13 130
4 8 1 7 10 8 140
4 8 1 6 16 3 184
4 8 1 6 5 14 182
4 8 1 5 11 9 185
4 8 1 5 0 20 178
4 8 1 4 17 4 22
4 8 1 4 6 15 183
4 8 1 3 12 10 89
4 8 1 3 1 21 128
4 8 1 2 18 5 74
4 8 1 2 7 16 15
4 8 1 1 24 0 135
4 8 1 1 13 11 170
4 8 1 1 2 22 57
4 8 1 0 19 6 75
4 8 1 0 8 17 152
4 8 0 23 0 3 31
4 8 0 21 1 4 62
4 8 0 19 2 5 74
4 8 0 18 8 0 36
4 8 0 17 3 6 21
4 8 0 16 9 1 186
4 8 0 15 4 7 163
4 8 0 14 10 2 68
4 8 0 13 5 8 52
4 8 0 12 11 3 153
4 8 0 12 0 14 67
4 8 0 11 6 9 35
4 8 0 10 12 4 79
4 8 0 10 1 15 168
4 8 0 9 7 10 95
4 8 0 8 13 5 138
4 8 0 8 2 16 172
4 8 0 7 19 0 58
4 8 0 7 8 11 17
4 8 0 6 14 6 172
4 8 0 6 3 17 133
4 8 0 5 20 1 82
4 8 0 5 9 12 70
4 8 0 4 15 7 185
4 8 0 4 4 18 73
4 8 0 3 21 2 34
4 8 0 3 10 13 89
4 8 0 2 16 8 137
4 8 0 2 5 19 60
4 8 0 1 22 3 87
4 8 0 1 11 14 58
4 8 0 1 0 25 31
4 8 0 0 17 9 51
4 8 0 0 6 20 58
4 7 24 2 0 1 92
4 7 24 0 1 2 110
4 7 22 5 0 0 128
4 7 22 3 1 1 131
4 7 22 1 2 2 28
4 7 21 1 0 5 192
4 7 21 0 6 0 46
4 7 20 6 1 0 54
4 7 20 4 2 1 117
4 7 20 2 3 2 143
4 7 20 0 4 3 157
4 7 19 4 0 4 130
4 7 19 2 1 5 20
4 7 19 1 7 0 78
4 7 19 0 2 6 121
4 7 18 7 2 0 38
4 7 18 5 3 1 84
4 7 18 3 4 2 24
4 7 18 1 5 3 89
4 7 18 0 0 9 51
4 7 17 7 0 3 55
4 7 17 3 2 5 13
4 7 17 2 8 0 111
4 7 17 1 3 6 196
4 7 17 0 9 1 81
4 7 16 8 3 0 102
4 7 16 6 4 1 196
4 7 16 4 5 2 125
4 7 16 3 0 8 111
4 7 16 2 6 3 71
4 7 16 1 1 9 39
4 7 16 0 7 4 53
4 7 15 10 0 2 87
4 7 15 8 1 3 29
4 7 15 6 2 4 35
4 7 15 4 3 5 129
4 7 15 3 9 0 71
4 7 15 2 4 6 19
4 7 15 1 10 1 24
4 7 15 0 5 7 89
4 7 14 9 4 0 2
4 7 14 7 5 1 93
4 7 14 6 0 7 114
4 7 14 5 6 2 129
4 7 14 4 1 8 15
4 7 14 3 7 3 137
4 7 14 2 2 9 127
4 7 14 1 8 4 181
4 7 14 0 3 10 134
4 7 13 13 0 1 58
4 7 13 11 1 2 124
4 7 13 9 2 3 86
4 7 13 7 3 4 187
4 7 13 5 4 5 111
4 7 13 4 10 0 105
4 7 13 3 5 6 98
4 7 13 2 11 1 99
4 7 13 2 0 12 26
4 7 13 1 6 7 139
4 7 13 0 12 2 164
4 7 13 0 1 13 60
4 7 12 10 5 0 16
4 7 12 9 0 6 89
4 7 12 8 6 1 5
4 7 12 7 1 7 73
4 7 12 6 7 2 10
4 7 12 5 2 8 71
4 7 12 4 8 3 56
4 7 12 3 3 9 35
4 7 12 2 9 4 88
4 7 12 1 4 10 92
4 7 12 0 10 5 178
4 7 11 16 0 0 53
4 7 11 14 1 1 101
4 7 11 12 2 2 159
4 7 11 10 3 3 164
4 7 11 8 4 4 31
4 7 11 6 5 5 69
4 7 11 5 11 0 24
4 7 11 5 0 11 48
4 7 11 4 6 6 104
4 7 11 3 12 1 173
4 7 11 3 1 12 110
4 7 11 2 7 7 105
4 7 11 1 13 2 189
4 7 11 1 2 13 129
4 7 11 0 8 8 25
4 7 10 12 0 5 133
4 7 10 11 6 0 161
4 7 10 10 1 6 132
4 7 10 9 7 1 161
4 7 10 8 2 7 40
4 7 10 7 8 2 133
4 7 10 6 3 8 139
4 7 10 5 9 3 15
4 7 10 4 4 9 38
4 7 10 3 10 4 116
4 7 10 2 5 10 53
4 7 10 1 11 5 190
4 7 10 1 0 16 192
4 7 10 0 17 0 82
4 7 10 0 6 11 183
4 7 9 17 1 0 58
4 7 9 15 2 1 99
4 7 9 13 3 2 20
4 7 9 11 4 3 146
4 7 9 9 5 4 191
4 7 9 8 0 10 145
4 7 9 7 6 5 120
4 7 9 6 12 0 46
4 7 9 6 1 11 138
4 7 9 5 7 6 6
4 7 9 4 13 1 168
4 7 9 4 2 12 77
4 7 9 3 8 7 71
4 7 9 2 14 2 67
4 7 9 2 3 13 114
4 7 9 1 9 8 88
4 7 9 0 15 3 192
4 7 9 0 4 14 76
4 7 8 15 0 4 102
4 7 8 13 1 5 111
4 7 8 12 7 0 94
4 7 8 11 2 6 132
4 7 8 10 8 1 22
4 7 8 9 3 7 188
4 7 8 8 9 2 180
4 7 8 7 4 8 91
4 7 8 6 10 3 52
4 7 8 5 5 9 89
4 7 8 4 11 4 90
4 7 8 4 0 15 92
4 7 8 3 6 10 138
4 7 8 2 12 5 35
4 7 8 2 1 16 123
4 7 8 1 18 0 142
4 7 8 1 7 11 24
4 7 8 0 13 6 187
4 7 8 0 2 17 54
4 7 7 18 2 0 20
4 7 7 16 3 1 151
4 7 7 14 4 2 108
4 7 7 12 5 3 181
4 7 7 11 0 9 22
4 7 7 10 6 4 64
4 7 7 9 1 10 136
4 7 7 8 7 5 37
4 7 7 7 13 0 34
4 7 7 7 2 11 144
4 7 7 6 8 6 57
4 7 7 5 14 1 191
4 7 7 5 3 12 189
4 7 7 4 9 7 147
4 7 7 3 15 2 91
4 7 7 3 4 13 163
4 7 7 2 10 8 54
4 7 7 1 16 3 70
4 7 7 1 5 14 145
4 7 7 0 11 9 186
4 7 7 0 0 20 42
4 7 6 18 0 3 16
4 7 6 16 1 4 124
4 7 6 14 2 5 54
4 7 6 13 8 0 158
4 7 6 12 3 6 27
4 7 6 11 9 1 150
4 7 6 10 4 7 3
4 7 6 9 10 2 157
4 7 6 8 5 8 180
4 7 6 7 11 3 81
4 7 6 7 0 14 30
4 7 6 6 6 9 170
4 7 6 5 12 4 165
4 7 6 5 1 15 155
4 7 6 4 7 10 134
4 7 6 3 13 5 122
4 7 6 3 2 16 99
4 7 6 2 19 0 35
4 7 6 2 8 11 131
4 7 6 1 14 6 25
4 7 6 1 3 17 16
4 7 6 0 20 1 9
4 7 6 0 9 12 33
4 7 5 19 3 0 195
4 7 5 17 4 1 51
4 7 5 15 5 2 189
4 7 5 14 0 8 35
4 7 5 13 6 3 135
4 7 5 12 1 9 10
4 7 5 11 7 4 40
4 7 5 10 2 10 69
4 7 5 9 8 5 78
4 7 5 8 14 0 8
4 7 5 8 3 11 40
4 7 5 7 9 6 6
4 7 5 6 15 1 136
4 7 5 6 4 12 66
4 7 5 5 10 7 62
4 7 5 4 16 2 198
4 7 5 4 5 13 136
4 7 5 3 11 8 139
4 7 5 3 0 19 76
4 7 5 2 17 3 76
4 7 5 2 6 14 23
4 7 5 1 12 9 127
4 7 5 1 1 20 54
4 7 5 0 18 4 193
4 7 5 0 7 15 76
4 7 4 21 0 2 53
4 7 4 19 1 3 3
4 7 4 17 2 4 163
4 7 4 15 3 5 148
4 7 4 14 9 0 142
4 7 4 13 4 6 159
4 7 4 12 10 1 150
4 7 4 11 5 7 129
4 7 4 10 11 2 56
4 7 4 10 0 13 186
4 7 4 9 6 8 72
4 7 4 8 12 3 135
4 7 4 8 1 14 119
4 7 4 7 7 9 174
4 7 4 6 13 4 94
4 7 4 6 2 15 108
4 7 4 5 8 10 188
4 7 4 4 14 5 167
4 7 4 4 3 16 11
4 7 4 3 20 0 189
4 7 4 3 9 11 154
4 7 4 2 4 17 171
4 7 4 1 21 1 162
4 7 4 1 10 12 93
4 7 4 0 16 7 178
4 7 4 0 5 18 191
4 7 3 20 4 0 37
4 7 3 18 5 1 195
4 7 3 17 0 7 187
4 7 3 16 6 2 10
4 7 3 15 1 8 135
4 7 3 14 7 3 2
4 7 3 13 2 9 14
4 7 3 12 8 4 197
4 7 3 11 3 10 159
4 7 3 10 9 5 108
4 7 3 9 15 0 78
4 7 3 9 4 11 170
4 7 3 8 10 6 83
4 7 3 7 16 1 4
4 7 3 7 5 12 54
4 7 3 6 11 7 9
4 7 3 6 0 18 95
4 7 3 5 17 2 48
4 7 3 5 6 13 135
4 7 3 4 12 8 129
4 7 3 4 1 19 21
4 7 3 3 18 3 64
4 7 3 3 7 14 59
4 7 3 2 13 9 179
4 7 3 2 2 20 67
4 7 3 1 19 4 152
4 7 3 1 8 15 61
4 7 3 0 14 10 125
4 7 3 0 3 21 125
4 7 2 24 0 1 18
4 7 2 22 1 2 98
4 7 2 20 2 3 168
4 7 2 18 3 4 9
4 7 2 16 4 5 160
4 7 2 15 10 0 80
4 7 2 14 5 6 14
4 7 2 13 11 1 147
4 7 2 13 0 12 78
4 7 2 12 6 7 119
4 7 2 11 12 2 193
4 7 2 11 1 13 19
4 7 2 10 7 8 142
4 7 2 9 13 3 193
4 7 2 9 2 14 15
4 7 2 8 8 9 124
4 7 2 7 14 4 34
4 7 2 7 3 15 164
4 7 2 6 9 10 193
4 7 2 5 15 5 173
4 7 2 5 4 16 104
4 7 2 4 21 0 60
4 7 2 4 10 11 42
4 7 2 3 16 6 60
4 7 2 3 5 17 7
4 7 2 2 22 1 79
4 7 2 2 11 12 37
4 7 2 2 0 23 163
4 7 2 1 17 7 166
4 7 2 1 6 18 121
4 7 2 0 23 2 52
4 7 2 0 12 13 92
4 7 2 0 1 24 120
4 7 1 21 5 0 157
4 7 1 20 0 6 152
4 7 1 19 6 1 160
4 7 1 18 1 7 186
4 7 1 17 7 2 64
4 7 1 16 2 8 72
4 7 1 15 8 3 41
4 7 1 14 3 9 71
4 7 1 13 9 4 132
4 7 1 12 4 10 84
4 7 1 11 10 5 33
4 7 1 10 16 0 10
4 7 1 10 5 11 92
4 7 1 9 11 6 174
4 7 1 9 0 17 87
4 7 1 8 17 1 39
4 7 1 8 6 12 121
4 7 1 7 12 7 41
4 7 1 7 1 18 162
4 7 1 6 18 2 123
4 7 1 6 7 13 186
4 7 1 5 13 8 87
4 7 1 5 2 19 128
4 7 1 4 19 3 193
4 7 1 4 8 14 27
4 7 1 3 14 9 198
4 7 1 3 3 20 198
4 7 1 2 20 4 15
4 7 1 2 9 15 78
4 7 1 1 15 10 61
4 7 1 1 4 21 1
4 7 1 0 21 5 6
4 7 1 0 10 16 107
4 7 0 27 0 0 2
4 7 0 25 1 1 5
4 7 0 23 2 2 12
4 7 0 21 3 3 164
4 7 0 19 4 4 47
4 7 0 16 11 0 16
4 7 0 16 0 11 53
4 7 0 15 6 6 12
4 7 0 14 12 1 153
4 7 0 14 1 12 177
4 7 0 13 7 7 162
4 7 0 12 13 2 106
4 7 0 12 2 13 10
4 7 0 11 8 8 146
4 7 0 10 14 3 15
4 7 0 10 3 14 105
4 7 0 9 9 9 103
4 7 0 8 15 4 150
4 7 0 8 4 15 52
4 7 0 7 10 10 61
4 7 0 6 16 5 18
4 7 0 6 5 16 166
4 7 0 5 22 0 49
4 7 0 5 11 11 167
4 7 0 5 0 22 103
4 7 0 4 17 6 69
4 7 0 4 6 17 61
4 7 0 3 23 1 198
4 7 0 3 12 12 63
4 7 0 3 1 23 30
4 7 0 2 18 7 60
4 7 0 2 7 18 166
4 7 0 1 24 2 88
4 7 0 1 13 13 6
4 7 0 1 2 24 81
4 7 0 0 19 8 67
4 7 0 0 8 19 24
4 6 28 0 0 0 110
4 6 26 1 1 0 189
4 6 24 2 2 0 32
4 6 24 0 3 1 21
4 6 23 2 0 3 53
4 6 23 0 1 4 58
4 6 22 3 3 0 86
4 6 22 1 4 1 15
4 6 21 5 0 2 77
4 6 21 3 1 3 181
4 6 21 1 2 4 10
4 6 20 4 4 0 125
4 6 20 2 5 1 44
4 6 20 1 0 7 55
4 6 20 0 6 2 69
4 6 19 8 0 1 193
4 6 19 6 1 2 79
4 6 19 4 2 3 152
4 6 19 2 3 4 162
4 6 19 0 4 5 11
4 6 18 5 5 0 97
4 6 18 4 0 6 72
4 6 18 3 6 1 94
4 6 18 2 1 7 14
4 6 18 1 7 2 104
4 6 18 0 2 8 53
4 6 17 11 0 0 148
4 6 17 9 1 1 38
4 6 17 7 2 2 50
4 6 17 5 3 3 41
4 6 17 3 4 4 183
4 6 17 1 5 5 169
4 6 17 0 11 0 26
4 6 17 0 0 11 93
4 6 16 7 0 5 120
4 6 16 6 6 0 49
4 6 16 5 1 6 12
4 6 16 4 7 1 84
4 6 16 3 2 7 176
4 6 16 2 8 2 19
4 6 16 1 3 8 137
4 6 16 0 9 3 168
4 6 15 12 1 0 64
4 6 15 10 2 1 3
4 6 15 8 3 2 71
4 6 15 6 4 3 2
4 6 15 4 5 4 135
4 6 15 3 0 10 83
4 6 15 2 6 5 193
4 6 15 1 12 0 149
4 6 15 1 1 11 74
4 6 15 0 7 6 185
4 6 14 10 0 4 131
4 6 14 7 7 0 42
4 6 14 6 2 6 74
4 6 14 5 8 1 6
4 6 14 4 3 7 18
4 6 14 3 9 2 186
4 6 14 2 4 8 173
4 6 14 1 10 3 57
4 6 14 0 5 9 173
4 6 13 13 2 0 2
4 6 13 11 3 1 59
4 6 13 9 4 2 98
4 6 13 7 5 3 4
4 6 13 6 0 9 148
4 6 13 5 6 4 114
4 6 13 4 1 10 187
4 6 13 3 7 5 147
4 6 13 2 13 0 160
4 6 13 2 2 11 164
4 6 13 1 8 6 37
4 6 13 0 14 1 168
4 6 13 0 3 12 41
4 6 12 13 0 3 183
4 6 12 11 1 4 156
4 6 12 9 2 5 171
4 6 12 8 8 0 98
4 6 12 7 3 6 3
4 6 12 6 9 1 49
4 6 12 5 4 7 82
4 6 12 4 10 2 142
4 6 12 3 5 8 92
4 6 12 2 11 3 146
4 6 12 2 0 14 36
4 6 12 1 6 9 160
4 6 12 0 12 4 97
4 6 12 0 1 15 43
4 6 11 14 3 0 167
4 6 11 12 4 1 3
4 6 11 10 5 2 175
4 6 11 9 0 8 11
4 6 11 8 6 3 191
4 6 11 7 1 9 191
4 6 11 6 7 4 148
4 6 11 5 2 10 23
4 6 11 4 8 5 144
4 6 11 3 14 0 117
4 6 11 3 3 11 91
4 6 11 2 9 6 116
4 6 11 1 15 1 24
4 6 11 1 4 12 21
4 6 11 0 10 7 187
4 6 10 16 0 2 96
4 6 10 14 1 3 33
4 6 10 12 2 4 9
4 6 10 10 3 5 38
4 6 10 9 9 0 183
4 6 10 8 4 6 132
4 6 10 7 10 1 20
4 6 10 6 5 7 164
4 6 10 5 11 2 33
4 6 10 5 0 13 92
4 6 10 4 6 8 75
4 6 10 3 12 3 74
4 6 10 3 1 14 198
4 6 10 2 7 9 102
4 6 10 1 13 4 147
4 6 10 1 2 15 100
4 6 10 0 8 10 139
4 6 9 15 4 0 50
4 6 9 13 5 1 3
4 6 9 12 0 7 105
4 6 9 11 6 2 104
4 6 9 10 1 8 129
4 6 9 9 7 3 14
4 6 9 8 2 9 88
4 6 9 7 8 4 165
4 6 9 6 3 10 68
4 6 9 5 9 5 93
4 6 9 4 15 0 139
4 6 9 4 4 11 36
4 6 9 3 10 6 167
4 6 9 2 16 1 38
4 6 9 2 5 12 73
4 6 9 1 11 7 33
4 6 9 1 0 18 77
4 6 9 0 17 2 142
4 6 9 0 6 13 110
4 6 8 19 0 1 33
4 6 8 17 1 2 158
4 6 8 15 2 3 189
4 6 8 13 3 4 108
4 6 8 11 4 5 171
4 6 8 10 10 0 179
4 6 8 9 5 6 191
4 6 8 8 11 1 152
4 6 8 8 0 12 140
4 6 8 7 6 7 67
4 6 8 6 12 2 3
4 6 8 6 1 13 34
4 6 8 5 7 8 109
4 6 8 4 13 3 73
4 6 8 4 2 14 176
4 6 8 3 8 9 58
4 6 8 2 14 4 96
4 6 8 2 3 15 25
4 6 8 1 9 10 125
4 6 8 0 15 5 103
4 6 8 0 4 16 177
4 6 7 16 5 0 66
4 6 7 15 0 6 96
4 6 7 14 6 1 16
4 6 7 13 1 7 125
4 6 7 12 7 2 77
4 6 7 11 2 8 136
4 6 7 10 8 3 166
4 6 7 9 3 9 66
4 6 7 8 9 4 68
4 6 7 7 4 10 171
4 6 7 6 10 5 81
4 6 7 5 16 0 191
4 6 7 5 5 11 131
4 6 7 4 11 6 85
4 6 7 4 0 17 175
4 6 7 3 17 1 106
4 6 7 3 6 12 10
4 6 7 2 12 7 29
4 6 7 2 1 18 112
4 6 7 1 18 2 128
4 6 7 1 7 13 32
4 6 7 0 13 8 191
4 6 7 0 2 19 34
4 6 6 22 0 0 120
4 6 6 20 1 1 113
4 6 6 18 2 2 15
4 6 6 16 3 3 121
4 6 6 14 4 4 79
4 6 6 12 5 5 62
4 6 6 11 11 0 69
4 6 6 11 0 11 186
4 6 6 10 6 6 73
4 6 6 9 12 1 13
4 6 6 9 1 12 146
4 6 6 8 7 7 171
4 6 6 7 13 2 121
4 6 6 7 2 13 145
4 6 6 6 8 8 46
4 6 6 5 14 3 154
4 6 6 5 3 14 100
4 6 6 4 9 9 107
4 6 6 3 15 4 72
4 6 6 3 4 15 148
4 6 6 2 10 10 196
4 6 6 1 16 5 180
4 6 6 1 5 16 31
4 6 6 0 22 0 149
4 6 6 0 11 11 59
4 6 6 0 0 22 136
4 6 5 18 0 5 75
4 6 5 17 6 0 131
4 6 5 16 1 6 5
4 6 5 15 7 1 102
4 6 5 14 2 7 100
4 6 5 13 8 2 27
4 6 5 12 3 8 119
4 6 5 11 9 3 148
4 6 5 10 4 9 167
4 6 5 9 10 4 140
4 6 5 8 5 10 185
4 6 5 7 11 5 145
4 6 5 7 0 16 43
4 6 5 6 17 0 164
4 6 5 6 6 11 125
4 6 5 5 12 6 105
4 6 5 5 1 17 9
4 6 5 4 18 1 59
4 6 5 4 7 12 2
4 6 5 3 13 7 92
4 6 5 3 2 18 192
4 6 5 2 19 2 111
4 6 5 2 8 13 165
4 6 5 1 14 8 40
4 6 5 1 3 19 162
4 6 5 0 20 3 177
4 6 5 0 9 14 185
4 6 4 23 1 0 105
4 6 4 21 2 1 72
4 6 4 19 3 2 81
4 6 4 17 4 3 37
4 6 4 15 5 4 65
4 6 4 14 0 10 110
4 6 4 13 6 5 116
4 6 4 12 12 0 164
4 6 4 12 1 11 44
4 6 4 11 7 6 178
4 6 4 10 13 1 176
4 6 4 10 2 12 159
4 6 4 9 8 7 136
4 6 4 8 14 2 72
4 6 4 8 3 13 113
4 6 4 7 9 8 82
4 6 4 6 15 3 110
4 6 4 6 4 14 193
4 6 4 5 10 9 30
4 6 4 4 16 4 153
4 6 4 4 5 15 151
4 6 4 3 11 10 15
4 6 4 3 0 21 95
4 6 4 2 17 5 81
4 6 4 2 6 16 36
4 6 4 1 23 0 193
4 6 4 1 12 11 53
4 6 4 1 1 22 149
4 6 4 0 18 6 44
4 6 4 0 7 17 156
4 6 3 21 0 4 145
4 6 3 18 7 0 139
4 6 3 17 2 6 110
4 6 3 16 8 1 25
4 6 3 15 3 7 62
4 6 3 14 9 2 161
4 6 3 13 4 8 73
4 6 3 12 10 3 148
4 6 3 11 5 9 147
4 6 3 10 11 4 175
4 6 3 10 0 15 125
4 6 3 9 6 10 141
4 6 3 8 12 5 113
4 6 3 8 1 16 13
4 6 3 7 18 0 149
4 6 3 7 7 11 31
4 6 3 6 13 6 149
4 6 3 6 2 17 28
4 6 3 5 19 1 176
4 6 3 5 8 12 187
4 6 3 4 14 7 150
4 6 3 4 3 18 78
4 6 3 3 20 2 53
4 6 3 3 9 13 79
4 6 3 2 15 8 152
4 6 3 2 4 19 154
4 6 3 1 21 3 115
4 6 3 1 10 14 140
4 6 3 0 16 9 103
4 6 3 0 5 20 186
4 6 2 24 2 0 181
4 6 2 22 3 1 192
4 6 2 20 4 2 64
4 6 2 18 5 3 71
4 6 2 17 0 9 153
4 6 2 16 6 4 56
4 6 2 15 1 10 178
4 6 2 14 7 5 188
4 6 2 13 13 0 108
4 6 2 13 2 11 67
4 6 2 12 8 6 185
4 6 2 11 14 1 185
4 6 2 11 3 12 103
4 6 2 10 9 7 42
4 6 2 9 15 2 105
4 6 2 9 4 13 47
4 6 2 8 10 8 175
4 6 2 7 16 3 12
4 6 2 7 5 14 81
4 6 2 6 11 9 197
4 6 2 6 0 20 65
4 6 2 5 17 4 114
4 6 2 5 6 15 24
4 6 2 4 12 10 80
4 6 2 4 1 21 133
4 6 2 3 18 5 38
4 6 2 3 7 16 13
4 6 2 2 24 0 118
4 6 2 2 13 11 56
4 6 2 2 2 22 172
4 6 2 1 19 6 191
4 6 2 1 8 17 142
4 6 2 0 25 1 109
4 6 2 0 14 12 14
4 6 2 0 3 23 135
4 6 1 24 0 3 29
4 6 1 22 1 4 164
4 6 1 20 2 5 69
4 6 1 19 8 0 128
4 6 1 18 3 6 116
4 6 1 17 9 1 190
4 6 1 16 4 7 31
4 6 1 15 10 2 86
4 6 1 14 5 8 98
4 6 1 13 11 3 189
4 6 1 13 0 14 1
4 6 1 12 6 9 29
4 6 1 11 12 4 40
4 6 1 11 1 15 7
4 6 1 10 7 10 133
4 6 1 9 13 5 159
4 6 1 9 2 16 183
4 6 1 8 19 0 66
4 6 1 8 8 11 154
4 6 1 7 14 6 26
4 6 1 7 3 17 50
4 6 1 6 20 1 61
4 6 1 6 9 12 2
4 6 1 5 15 7 95
4 6 1 5 4 18 193
4 6 1 4 21 2 176
4 6 1 4 10 13 115
4 6 1 3 16 8 194
4 6 1 3 5 19 31
4 6 1 2 22 3 69
4 6 1 2 11 14 74
4 6 1 2 0 25 188
4 6 1 1 17 9 31
4 6 1 1 6 20 116
4 6 1 0 23 4 11
4 6 1 0 12 15 98
4 6 1 0 1 26 65
4 6 0 25 3 0 94
4 6 0 23 4 1 6
4 6 0 21 5 2 100
4 6 0 20 0 8 46
4 6 0 19 6 3 50
4 6 0 18 1 9 132
4 6 0 17 7 4 198
4 6 0 16 2 10 98
4 6 0 15 8 5 110
4 6 0 14 14 0 75
4 6 0 14 3 11 122
4 6 0 13 9 6 142
4 6 0 12 15 1 25
4 6 0 12 4 12 125
4 6 0 11 10 7 29
4 6 0 10 16 2 142
4 6 0 10 5 13 12
4 6 0 9 11 8 96
4 6 0 9 0 19 90
4 6 0 8 17 3 165
4 6 0 8 6 14 120
4 6 0 7 12 9 8
4 6 0 7 1 20 180
4 6 0 6 18 4 10
4 6 0 6 7 15 99
4 6 0 5 13 10 15
4 6 0 5 2 21 36
4 6 0 4 19 5 110
4 6 0 4 8 16 63
4 6 0 3 25 0 92
4 6 0 3 14 11 183
4 6 0 3 3 22 138
4 6 0 2 20 6 37
4 6 0 2 9 17 51
4 6 0 1 26 1 164
4 6 0 1 15 12 2
4 6 0 1 4 23 49
4 6 0 0 21 7 192
4 6 0 0 10 18 122
4 5 27 0 0 2 60
4 5 25 3 0 1 46
4 5 25 1 1 2 49
4 5 24 0 5 0 148
4 5 23 6 0 0 1
4 5 23 4 1 1 147
4 5 23 2 2 2 92
4 5 23 0 3 3 131
4 5 22 2 0 5 28
4 5 22 1 6 0 31
4 5 22 0 1 6 64
4 5 21 7 1 0 53
4 5 21 5 2 1 117
4 5 21 3 3 2 2
4 5 21 1 4 3 37
4 5 20 5 0 4 95
4 5 20 3 1 5 139
4 5 20 2 7 0 160
4 5 20 1 2 6 35
4 5 20 0 8 1 166
4 5 19 8 2 0 175
4 5 19 6 3 1 3
4 5 19 4 4 2 40
4 5 19 2 5 3 13
4 5 19 1 0 9 131
4 5 19 0 6 4 101
4 5 18 8 0 3 34
4 5 18 6 1 4 42
4 5 18 4 2 5 98
4 5 18 3 8 0 6
4 5 18 2 3 6 17
4 5 18 1 9 1 36
4 5 18 0 4 7 72
4 5 17 9 3 0 60
4 5 17 7 4 1 193
4 5 17 5 5 2 136
4 5 17 4 0 8 193
4 5 17 3 6 3 113
4 5 17 2 1 9 73
4 5 17 1 7 4 3
4 5 16 11 0 2 24
4 5 16 9 1 3 124
4 5 16 7 2 4 44
4 5 16 5 3 5 21
4 5 16 4 9 0 100
4 5 16 3 4 6 31
4 5 16 2 10 1 62
4 5 16 1 5 7 45
4 5 16 0 11 2 87
4 5 16 0 0 13 26
4 5 15 10 4 0 55
4 5 15 8 5 1 31
4 5 15 7 0 7 24
4 5 15 6 6 2 135
4 5 15 5 1 8 37
4 5 15 4 7 3 165
4 5 15 3 2 9 187
4 5 15 2 8 4 84
4 5 15 1 3 10 93
4 5 15 0 9 5 168
4 5 14 14 0 1 152
4 5 14 12 1 2 3
4 5 14 10 2 3 190
4 5 14 8 3 4 56
4 5 14 6 4 5 93
4 5 14 5 10 0 92
4 5 14 4 5 6 123
4 5 14 3 0 12 115
4 5 14 2 6 7 101
4 5 14 1 12 2 114
4 5 14 1 1 13 195
4 5 14 0 7 8 115
4 5 13 11 5 0 18
4 5 13 10 0 6 60
4 5 13 9 6 1 138
4 5 13 8 1 7 156
4 5 13 7 7 2 36
4 5 13 6 2 8 70
4 5 13 5 8 3 70
4 5 13 4 3 9 175
4 5 13 3 9 4 22
4 5 13 2 4 10 40
4 5 13 1 10 5 198
4 5 13 0 16 0 153
4 5 13 0 5 11 61
4 5 12 17 0 0 67
4 5 12 15 1 1 78
4 5 12 13 2 2 98
4 5 12 11 3 3 16
4 5 12 9 4 4 105
4 5 12 7 5 5 158
4 5 12 6 11 0 38
4 5 12 6 0 11 8
4 5 12 5 6 6 83
4 5 12 4 12 1 15
4 5 12 4 1 12 157
4 5 12 3 7 7 172
4 5 12 2 13 2 20
4 5 12 2 2 13 164
4 5 12 1 8 8 42
4 5 12 0 14 3 98
4 5 12 0 3 14 182
4 5 11 13 0 5 87
4 5 11 12 6 0 102
4 5 11 11 1 6 89
4 5 11 10 7 1 144
4 5 11 9 2 7 128
4 5 11 8 8 2 75
4 5 11 7 3 8 142
4 5 11 6 9 3 155
4 5 11 5 4 9 60
4 5 11 4 10 4 141
4 5 11 3 5 10 80
4 5 11 2 11 5 182
4 5 11 2 0 16 56
4 5 11 1 17 0 120
4 5 11 1 6 11 135
4 5 11 0 12 6 190
4 5 11 0 1 17 18
4 5 10 18 1 0 100
4 5 10 16 2 1 25
4 5 10 14 3 2 86
4 5 10 12 4 3 17
4 5 10 10 5 4 108
4 5 10 9 0 10 141
4 5 10 8 6 5 82
4 5 10 7 12 0 168
4 5 10 7 1 11 85
4 5 10 6 7 6 110
4 5 10 5 13 1 48
4 5 10 5 2 12 40
4 5 10 4 8 7 50
4 5 10 3 14 2 121
4 5 10 3 3 13 160
4 5 10 2 9 8 123
4 5 10 1 15 3 190
4 5 10 1 4 14 142
4 5 10 0 10 9 96
4 5 9 16 0 4 22
4 5 9 14 1 5 177
4 5 9 13 7 0 91
4 5 9 12 2 6 152
4 5 9 11 8 1 89
4 5 9 10 3 7 74
4 5 9 9 9 2 21
4 5 9 8 4 8 10
4 5 9 7 10 3 151
4 5 9 6 5 9 90
4 5 9 5 11 4 2
4 5 9 5 0 15 193
4 5 9 4 6 10 67
4 5 9 3 12 5 134
4 5 9 3 1 16 114
4 5 9 2 18 0 27
4 5 9 2 7 11 58
4 5 9 1 13 6 7
4 5 9 1 2 17 95
4 5 9 0 19 1 162
4 5 9 0 8 12 90
4 5 8 19 2 0 14
4 5 8 17 3 1 149
4 5 8 15 4 2 44
4 5 8 13 5 3 50
4 5 8 12 0 9 114
4 5 8 11 6 4 169
4 5 8 10 1 10 167
4 5 8 9 7 5 167
4 5 8 8 13 0 43
4 5 8 8 2 11 117
4 5 8 7 8 6 78
4 5 8 6 14 1 45
4 5 8 6 3 12 94
4 5 8 5 9 7 131
4 5 8 4 15 2 23
4 5 8 4 4 13 136
4 5 8 3 10 8 128
4 5 8 2 16 3 85
4 5 8 2 5 14 193
4 5 8 1 11 9 39
4 5 8 1 0 20 33
4 5 8 0 17 4 172
4 5 8 0 6 15 83
4 5 7 19 0 3 50
4 5 7 17 1 4 183
4 5 7 15 2 5 188
4 5 7 14 8 0 129
4 5 7 13 3 6 11
4 5 7 12 9 1 60
4 5 7 11 4 7 89
4 5 7 10 10 2 88
4 5 7 9 5 8 166
4 5 7 8 11 3 66
4 5 7 8 0 14 193
4 5 7 7 6 9 104
4 5 7 6 12 4 108
4 5 7 6 1 15 102
4 5 7 5 7 10 36
4 5 7 4 13 5 114
4 5 7 4 2 16 113
4 5 7 3 19 0 180
4 5 7 3 8 11 54
4 5 7 2 14 6 192
4 5 7 2 3 17 17
4 5 7 1 20 1 97
4 5 7 1 9 12 94
4 5 7 0 15 7 148
4 5 7 0 4 18 145
4 5 6 20 3 0 162
4 5 6 18 4 1 15
4 5 6 16 5 2 95
4 5 6 15 0 8 181
4 5 6 14 6 3 94
4 5 6 13 1 9 13
4 5 6 12 7 4 133
4 5 6 11 2 10 166
4 5 6 10 8 5 141
4 5 6 9 14 0 153
4 5 6 9 3 11 189
4 5 6 8 9 6 95
4 5 6 7 15 1 133
4 5 6 7 4 12 163
4 5 6 6 10 7 174
4 5 6 5 16 2 18
4 5 6 5 5 13 142
4 5 6 4 11 8 41
4 5 6 4 0 19 101
4 5 6 3 17 3 149
4 5 6 3 6 14 20
4 5 6 2 12 9 145
4 5 6 2 1 20 72
4 5 6 1 18 4 22
4 5 6 1 7 15 185
4 5 6 0 13 10 34
4 5 6 0 2 21 94
4 5 5 22 0 2 97
4 5 5 20 1 3 38
4 5 5 18 2 4 189
4 5 5 16 3 5 126
4 5 5 15 9 0 150
4 5 5 14 4 6 53
4 5 5 13 10 1 99
4 5 5 12 5 7 110
4 5 5 11 11 2 6
4 5 5 11 0 13 114
4 5 5 10 6 8 91
4 5 5 9 12 3 15
4 5 5 9 1 14 47
4 5 5 8 7 9 123
4 5 5 7 13 4 185
4 5 5 7 2 15 187
4 5 5 6 8 10 26
4 5 5 5 14 5 108
4 5 5 5 3 16 86
4 5 5 4 20 0 192
4 5 5 4 9 11 58
4 5 5 3 15 6 140
4 5 5 3 4 17 84
4 5 5 2 21 1 90
4 5 5 2 10 12 48
4 5 5 1 16 7 182
4 5 5 1 5 18 160
4 5 5 0 22 2 16
4 5 5 0 11 13 98
4 5 5 0 0 24 141
4 5 4 21 4 0 66
4 5 4 19 5 1 60
4 5 4 18 0 7 174
4 5 4 17 6 2 119
4 5 4 16 1 8 65
4 5 4 15 7 3 129
4 5 4 14 2 9 126
4 5 4 13 8 4 133
4 5 4 12 3 10 112
4 5 4 11 9 5 175
4 5 4 10 15 0 88
4 5 4 10 4 11 63
4 5 4 9 10 6 71
4 5 4 8 16 1 106
4 5 4 8 5 12 82
4 5 4 7 11 7 148
4 5 4 7 0 18 4
4 5 4 6 17 2 115
4 5 4 6 6 13 71
4 5 4 5 12 8 111
4 5 4 5 1 19 73
4 5 4 4 18 3 22
4 5 4 4 7 14 106
4 5 4 3 13 9 176
4 5 4 3 2 20 125
4 5 4 2 19 4 63
4 5 4 2 8 15 55
4 5 4 1 14 10 113
4 5 4 1 3 21 94
4 5 4 0 20 5 161
4 5 4 0 9 16 65
4 5 3 25 0 1 38
4 5 3 23 1 2 85
4 5 3 21 2 3 30
4 5 3 19 3 4 56
4 5 3 17 4 5 144
4 5 3 16 10 0 40
4 5 3 15 5 6 14
4 5 3 14 11 1 25
4 5 3 14 0 12 178
4 5 3 13 6 7 129
4 5 3 12 12 2 77
4 5 3 12 1 13 82
4 5 3 11 7 8 126
4 5 3 10 13 3 190
4 5 3 10 2 14 139
4 5 3 9 8 9 98
4 5 3 8 14 4 139
4 5 3 8 3 15 55
4 5 3 7 9 10 53
4 5 3 6 15 5 90
4 5 3 6 4 16 169
4 5 3 5 21 0 168
4 5 3 5 10 11 124
4 5 3 4 16 6 144
4 5 3 4 5 17 162
4 5 3 3 22 1 6
4 5 3 3 11 12 68
4 5 3 3 0 23 68
4 5 3 2 17 7 174
4 5 3 2 6 18 46
4 5 3 1 23 2 66
4 5 3 1 12 13 197
4 5 3 1 1 24 21
4 5 3 0 18 8 49
4 5 3 0 7 19 110
4 5 2 22 5 0 50
4 5 2 21 0 6 74
4 5 2 20 6 1 177
4 5 2 19 1 7 184
4 5 2 18 7 2 79
4 5 2 17 2 8 6
4 5 2 16 8 3 60
4 5 2 15 3 9 51
4 5 2 14 9 4 27
4 5 2 13 4 10 144
4 5 2 12 10 5 99
4 5 2 11 16 0 190
4 5 2 11 5 11 152
4 5 2 10 11 6 85
4 5 2 10 0 17 144
4 5 2 9 17 1 160
4 5 2 9 6 12 190
4 5 2 8 12 7 10
4 5 2 8 1 18 120
4 5 2 7 18 2 90
4 5 2 7 7 13 34
4 5 2 6 13 8 87
4 5 2 6 2 19 4
4 5 2 5 19 3 35
4 5 2 5 8 14 191
4 5 2 4 14 9 173
4 5 2 4 3 20 1
4 5 2 3 20 4 34
4 5 2 3 9 15 34
4 5 2 2 15 10 68
4 5 2 2 4 21 79
4 5 2 1 21 5 188
4 5 2 1 10 16 182
4 5 2 0 27 0 117
4 5 2 0 16 11 70
4 5 2 0 5 22 180
4 5 1 28 0 0 42
4 5 1 26 1 1 43
4 5 1 24 2 2 151
4 5 1 22 3 3 169
4 5 1 20 4 4 187
4 5 1 18 5 5 82
4 5 1 17 11 0 163
4 5 1 17 0 11 21
4 5 1 16 6 6 83
4 5 1 15 12 1 153
4 5 1 15 1 12 70
4 5 1 14 7 7 101
4 5 1 13 13 2 34
4 5 1 13 2 13 70
4 5 1 12 8 8 83
4 5 1 11 14 3 69
4 5 1 11 3 14 115
4 5 1 10 9 9 100
4 5 1 9 15 4 104
4 5 1 9 4 15 132
4 5 1 8 10 10 58
4 5 1 7 16 5 11
4 5 1 6 22 0 25
4 5 1 6 11 11 121
4 5 1 6 0 22 18
4 5 1 5 17 6 99
4 5 1 5 6 17 41
4 5 1 4 23 1 80
4 5 1 4 1 23 141
4 5 1 3 18 7 60
4 5 1 3 7 18 83
4 5 1 2 24 2 191
4 5 1 2 13 13 97
4 5 1 2 2 24 170
4 5 1 1 19 8 174
4 5 1 1 8 19 36
4 5 1 0 25 3 111
4 5 1 0 14 14 23
4 5 1 0 3 25 47
4 5 0 24 0 5 129
4 5 0 23 6 0 179
4 5 0 22 1 6 60
4 5 0 21 7 1 24
4 5 0 20 2 7 4
4 5 0 19 8 2 152
4 5 0 18 3 8 1
4 5 0 17 9 3 93
4 5 0 16 4 9 138
4 5 0 15 10 4 25
4 5 0 14 5 10 189
4 5 0 13 11 5 141
4 5 0 13 0 16 152
4 5 0 12 17 0 20
4 5 0 12 6 11 91
4 5 0 11 12 6 44
4 5 0 11 1 17 43
4 5 0 10 18 1 93
4 5 0 10 7 12 117
4 5 0 9 13 7 21
4 5 0 9 2 18 144
4 5 0 8 19 2 104
4 5 0 8 8 13 139
4 5 0 7 14 8 134
4 5 0 7 3 19 19
4 5 0 6 20 3 40
4 5 0 6 9 14 74
4 5 0 5 15 9 9
4 5 0 5 4 20 56
4 5 0 4 21 4 159
4 5 0 4 10 15 165
4 5 0 3 16 10 180
4 5 0 3 5 21 176
4 5 0 2 22 5 44
4 5 0 2 11 16 167
4 5 0 2 0 27 154
4 5 0 1 28 0 109
4 5 0 1 17 11 150
4 5 0 1 6 22 29
4 5 0 0 23 6 112
4 5 0 0 12 17 170
4 5 0 0 1 28 146
4 4 29 1 0 0 138
4 4 27 2 1 0 83
4 4 27 0 2 1 29
4 4 26 0 0 4 142
4 4 25 3 2 0 189
4 4 25 1 3 1 146
4 4 24 3 0 3 16
4 4 24 1 1 4 79
4 4 23 4 3 0 142
4 4 23 2 4 1 147
4 4 23 0 5 2 23
4 4 22 6 0 2 61
4 4 22 4 1 3 139
4 4 22 2 2 4 58
4 4 22 0 3 5 158
4 4 21 5 4 0 177
4 4 21 3 5 1 186
4 4 21 2 0 7 30
4 4 21 1 6 2 138
4 4 21 0 1 8 45
4 4 20 9 0 1 58
4 4 20 7 1 2 155
4 4 20 5 2 3 133
4 4 20 3 3 4 148
4 4 20 1 4 5 194
4 4 20 0 10 0 50
4 4 19 6 5 0 123
4 4 19 5 0 6 145
4 4 19 4 6 1 119
4 4 19 3 1 7 126
4 4 19 2 7 2 72
4 4 19 1 2 8 43
4 4 19 0 8 3 96
4 4 18 12 0 0 92
4 4 18 10 1 1 116
4 4 18 8 2 2 3
4 4 18 6 3 3 51
4 4 18 4 4 4 158
4 4 18 2 5 5 82
4 4 18 1 11 0 51
4 4 18 1 0 11 86
4 4 18 0 6 6 116
4 4 17 8 0 5 85
4 4 17 7 6 0 41
4 4 17 6 1 6 134
4 4 17 5 7 1 19
4 4 17 4 2 7 80
4 4 17 3 8 2 113
4 4 17 2 3 8 33
4 4 17 1 9 3 7
4 4 17 0 4 9 148
4 4 16 13 1 0 110
4 4 16 11 2 1 63
4 4 16 9 3 2 22
4 4 16 7 4 3 130
4 4 16 5 5 4 78
4 4 16 4 0 10 134
4 4 16 3 6 5 131
4 4 16 2 12 0 76
4 4 16 2 1 11 145
4 4 16 1 7 6 173
4 4 16 0 13 1 28
4 4 16 0 2 12 194
4 4 15 11 0 4 149
4 4 15 9 1 5 139
4 4 15 8 7 0 118
4 4 15 7 2 6 111
4 4 15 6 8 1 77
4 4 15 5 3 7 137
4 4 15 4 9 2 16
4 4 15 3 4 8 39
4 4 15 2 10 3 184
4 4 15 1 5 9 64
4 4 15 0 11 4 8
4 4 15 0 0 15 46
4 4 14 14 2 0 4
4 4 14 12 3 1 128
4 4 14 10 4 2 156
4 4 14 8 5 3 138
4 4 14 7 0 9 115
4 4 14 6 6 4 98
4 4 14 5 1 10 21
4 4 14 4 7 5 125
4 4 14 3 13 0 98
4 4 14 3 2 11 147
4 4 14 1 14 1 31
4 4 14 1 3 12 31
4 4 14 0 9 7 21
4 4 13 14 0 3 38
4 4 13 12 1 4 30
4 4 13 10 2 5 160
4 4 13 9 8 0 181
4 4 13 8 3 6 61
4 4 13 7 9 1 108
4 4 13 6 4 7 157
4 4 13 5 10 2 179
4 4 13 4 5 8 101
4 4 13 3 11 3 73
4 4 13 3 0 14 101
4 4 13 2 6 9 18
4 4 13 1 12 4 129
4 4 13 1 1 15 186
4 4 13 0 7 10 56
4 4 12 15 3 0 77
4 4 12 13 4 1 194
4 4 12 11 5 2 41
4 4 12 10 0 8 177
4 4 12 9 6 3 135
4 4 12 8 1 9 107
4 4 12 7 7 4 195
4 4 12 6 2 10 189
4 4 12 5 8 5 96
4 4 12 4 14 0 14
4 4 12 4 3 11 142
4 4 12 3 9 6 75
4 4 12 2 15 1 138
4 4 12 2 4 12 43
4 4 12 1 10 7 131
4 4 12 0 16 2 32
4 4 12 0 5 13 148
4 4 11 17 0 2 81
4 4 11 15 1 3 89
4 4 11 13 2 4 114
4 4 11 11 3 5 37
4 4 11 10 9 0 149
4 4 11 9 4 6 88
4 4 11 8 10 1 162
4 4 11 7 5 7 9
4 4 11 6 11 2 102
4 4 11 6 0 13 133
4 4 11 5 6 8 154
4 4 11 4 12 3 150
4 4 11 4 1 14 172
4 4 11 3 7 9 121
4 4 11 2 13 4 34
4 4 11 2 2 15 25
4 4 11 1 8 10 182
4 4 11 0 14 5 3
4 4 11 0 3 16 193
4 4 10 16 4 0 150
4 4 10 14 5 1 3
4 4 10 13 0 7 29
4 4 10 12 6 2 66
4 4 10 11 1 8 14
4 4 10 10 7 3 11
4 4 10 9 2 9 112
4 4 10 8 8 4 30
4 4 10 7 3 10 163
4 4 10 6 9 5 98
4 4 10 5 15 0 34
4 4 10 5 4 11 74
4 4 10 4 10 6 116
4 4 10 3 16 1 131
4 4 10 3 5 12 85
4 4 10 2 11 7 150
4 4 10 2 0 18 99
4 4 10 1 17 2 19
4 4 10 1 6 13 131
4 4 10 0 12 8 75
4 4 10 0 1 19 169
4 4 9 20 0 1 164
4 4 9 18 1 2 131
4 4 9 16 2 3 75
4 4 9 14 3 4 138
4 4 9 12 4 5 111
4 4 9 11 10 0 89
4 4 9 10 5 6 179
4 4 9 9 11 1 157
4 4 9 9 0 12 189
4 4 9 8 6 7 178
4 4 9 7 12 2 17
4 4 9 7 1 13 141
4 4 9 6 7 8 60
4 4 9 5 13 3 105
4 4 9 5 2 14 123
4 4 9 4 8 9 106
4 4 9 3 14 4 92
4 4 9 3 3 15 8
4 4 9 2 9 10 67
4 4 9 1 15 5 108
4 4 9 1 4 16 118
4 4 9 0 21 0 137
4 4 9 0 10 11 12
4 4 8 17 5 0 144
4 4 8 16 0 6 42
4 4 8 15 6 1 10
4 4 8 14 1 7 146
4 4 8 13 7 2 111
4 4 8 12 2 8 191
4 4 8 11 8 3 32
4 4 8 10 3 9 158
4 4 8 9 9 4 91
4 4 8 8 4 10 152
4 4 8 7 10 5 71
4 4 8 6 16 0 105
4 4 8 6 5 11 117
4 4 8 5 11 6 62
4 4 8 5 0 17 77
4 4 8 4 17 1 33
4 4 8 4 6 12 186
4 4 8 3 12 7 96
4 4 8 3 1 18 182
4 4 8 2 18 2 137
4 4 8 2 7 13 122
4 4 8 1 13 8 145
4 4 8 1 2 19 84
4 4 8 0 19 3 94
4 4 8 0 8 14 144
4 4 7 23 0 0 99
4 4 7 21 1 1 43
4 4 7 19 2 2 60
4 4 7 17 3 3 168
4 4 7 15 4 4 80
4 4 7 13 5 5 140
4 4 7 12 11 0 165
4 4 7 12 0 11 132
4 4 7 11 6 6 148
4 4 7 10 12 1 188
4 4 7 10 1 12 175
4 4 7 9 7 7 181
4 4 7 8 13 2 181
4 4 7 8 2 13 110
4 4 7 7 8 8 133
4 4 7 6 14 3 160
4 4 7 6 3 14 23
4 4 7 5 9 9 21
4 4 7 4 15 4 125
4 4 7 4 4 15 62
4 4 7 3 10 10 190
4 4 7 2 16 5 21
4 4 7 2 5 16 189
4 4 7 1 22 0 161
4 4 7 1 11 11 13
4 4 7 1 0 22 53
4 4 7 0 17 6 22
4 4 7 0 6 17 112
4 4 6 19 0 5 172
4 4 6 18 6 0 64
4 4 6 17 1 6 120
4 4 6 16 7 1 144
4 4 6 15 2 7 26
4 4 6 14 8 2 115
4 4 6 13 3 8 68
4 4 6 12 9 3 39
4 4 6 11 4 9 105
4 4 6 10 10 4 181
4 4 6 9 5 10 130
4 4 6 8 11 5 137
4 4 6 8 0 16 28
4 4 6 7 17 0 57
4 4 6 7 6 11 70
4 4 6 6 12 6 70
4 4 6 6 1 17 3
4 4 6 5 18 1 165
4 4 6 5 7 12 45
4 4 6 4 13 7 119
4 4 6 4 2 18 59
4 4 6 3 19 2 9
4 4 6 3 8 13 83
4 4 6 2 14 8 162
4 4 6 2 3 19 20
4 4 6 1 20 3 20
4 4 6 1 9 14 184
4 4 6 0 15 9 14
4 4 6 0 4 20 163
4 4 5 24 1 0 133
4 4 5 22 2 1 48
4 4 5 20 3 2 27
4 4 5 18 4 3 18
4 4 5 16 5 4 194
4 4 5 15 0 10 90
4 4 5 14 6 5 164
4 4 5 13 12 0 155
4 4 5 13 1 11 169
4 4 5 12 7 6 124
4 4 5 11 13 1 37
4 4 5 11 2 12 114
4 4 5 10 8 7 65
4 4 5 9 14 2 146
4 4 5 9 3 13 157
4 4 5 8 9 8 133
4 4 5 7 15 3 106
4 4 5 7 4 14 183
4 4 5 6 10 9 53
4 4 5 5 16 4 22
4 4 5 5 5 15 27
4 4 5 4 11 10 111
4 4 5 4 0 21 107
4 4 5 3 17 5 61
4 4 5 3 6 16 197
4 4 5 2 23 0 111
4 4 5 2 12 11 181
4 4 5 2 1 22 62
4 4 5 1 18 6 111
4 4 5 1 7 17 138
4 4 5 0 24 1 3
4 4 5 0 13 12 59
4 4 5 0 2 23 109
4 4 4 22 0 4 32
4 4 4 20 1 5 50
4 4 4 19 7 0 195
4 4 4 18 2 6 45
4 4 4 17 8 1 65
4 4 4 16 3 7 130
4 4 4 15 9 2 10
4 4 4 14 4 8 77
4 4 4 13 10 3 105
4 4 4 12 5 9 183
4 4 4 11 11 4 104
4 4 4 11 0 15 133
4 4 4 10 6 10 179
4 4 4 9 12 5 193
4 4 4 9 1 16 101
4 4 4 8 18 0 61
4 4 4 8 7 11 101
4 4 4 7 13 6 1
4 4 4 7 2 17 188
4 4 4 6 19 1 18
4 4 4 6 8 12 193
4 4 4 5 14 7 112
4 4 4 5 3 18 171
4 4 4 4 20 2 121
4 4 4 4 9 13 17
4 4 4 3 15 8 60
4 4 4 3 4 19 29
4 4 4 2 21 3 133
4 4 4 2 10 14 52
4 4 4 1 16 9 180
4 4 4 1 5 20 107
4 4 4 0 22 4 41
4 4 4 0 11 15 182
4 4 4 0 0 26 61
4 4 3 25 2 0 137
4 4 3 23 3 1 198
4 4 3 21 4 2 165
4 4 3 19 5 3 78
4 4 3 18 0 9 128
4 4 3 17 6 4 15
4 4 3 16 1 10 8
4 4 3 15 7 5 25
4 4 3 14 13 0 3
4 4 3 14 2 11 120
4 4 3 13 8 6 58
4 4 3 12 14 1 108
4 4 3 12 3 12 153
4 4 3 11 9 7 6
4 4 3 10 15 2 90
4 4 3 10 4 13 67
4 4 3 9 10 8 82
4 4 3 8 16 3 70
4 4 3 8 5 14 53
4 4 3 7 11 9 142
4 4 3 7 0 20 191
4 4 3 6 17 4 32
4 4 3 6 6 15 10
4 4 3 5 12 10 80
4 4 3 5 1 21 157
4 4 3 4 18 5 99
4 4 3 4 7 16 143
4 4 3 3 24 0 140
4 4 3 3 13 11 65
4 4 3 3 2 22 129
4 4 3 2 19 6 99
4 4 3 2 8 17 195
4 4 3 1 25 1 3
4 4 3 1 14 12 69
4 4 3 1 3 23 147
4 4 3 0 20 7 115
4 4 3 0 9 18 12
4 4 2 25 0 3 56
4 4 2 23 1 4 63
4 4 2 21 2 5 172
4 4 2 19 3 6 120
4 4 2 18 9 1 115
4 4 2 17 4 7 141
4 4 2 16 10 2 12
4 4 2 15 5 8 151
4 4 2 14 11 3 59
4 4 2 14 0 14 136
4 4 2 13 6 9 141
4 4 2 12 12 4 107
4 4 2 12 1 15 57
4 4 2 11 7 10 164
4 4 2 10 13 5 97
4 4 2 10 2 16 103
4 4 2 9 19 0 43
4 4 2 9 8 11 145
4 4 2 8 14 6 120
4 4 2 8 3 17 158
4 4 2 7 20 1 179
4 4 2 7 9 12 78
4 4 2 6 15 7 173
4 4 2 6 4 18 123
4 4 2 5 21 2 48
4 4 2 5 10 13 122
4 4 2 4 16 8 58
4 4 2 4 5 19 45
4 4 2 3 22 3 2
4 4 2 3 11 14 147
4 4 2 3 0 25 63
4 4 2 2 17 9 128
4 4 2 2 6 20 32
4 4 2 1 23 4 64
4 4 2 1 12 15 110
4 4 2 1 1 26 26
4 4 2 0 18 10 143
4 4 2 0 7 21 175
4 4 1 26 3 0 64
4 4 1 24 4 1 144
4 4 1 22 5 2 148
4 4 1 21 0 8 107
4 4 1 20 6 3 125
4 4 1 19 1 9 174
4 4 1 18 7 4 158
4 4 1 17 2 10 54
4 4 1 16 8 5 90
4 4 1 15 14 0 148
4 4 1 15 3 11 76
4 4 1 14 9 6 143
4 4 1 13 15 1 115
4 4 1 13 4 12 169
4 4 1 12 10 7 136
4 4 1 11 16 2 134
4 4 1 11 5 13 147
4 4 1 10 11 8 59
4 4 1 10 0 19 86
4 4 1 9 17 3 120
4 4 1 9 6 14 69
4 4 1 8 12 9 36
4 4 1 8 1 20 89
4 4 1 7 18 4 197
4 4 1 7 7 15 75
4 4 1 6 13 10 113
4 4 1 6 2 21 82
4 4 1 5 19 5 143
4 4 1 5 8 16 121
4 4 1 4 25 0 155
4 4 1 4 14 11 84
4 4 1 4 3 22 138
4 4 1 3 20 6 17
4 4 1 3 9 17 40
4 4 1 2 26 1 13
4 4 1 2 15 12 125
4 4 1 2 4 23 79
4 4 1 1 21 7 47
4 4 1 1 10 18 94
4 4 1 0 27 2 179
4 4 1 0 16 13 146
4 4 0 28 0 2 170
4 4 0 26 1 3 172
4 4 0 24 2 4 195
4 4 0 22 3 5 30
4 4 0 21 9 0 123
4 4 0 20 4 6 18
4 4 0 19 10 1 77
4 4 0 18 5 7 92
4 4 0 17 11 2 159
4 4 0 17 0 13 76
4 4 0 16 6 8 59
4 4 0 15 12 3 25
4 4 0 15 1 14 170
4 4 0 14 7 9 195
4 4 0 13 13 4 179
4 4 0 13 2 15 117
4 4 0 12 8 10 104
4 4 0 11 14 5 198
4 4 0 11 3 16 71
4 4 0 10 20 0 118
4 4 0 10 9 11 181
4 4 0 9 15 6 1
4 4 0 9 4 17 107
4 4 0 8 21 1 83
4 4 0 8 10 12 110
4 4 0 7 16 7 198
4 4 0 7 5 18 56
4 4 0 6 22 2 105
4 4 0 6 11 13 85
4 4 0 6 0 24 20
4 4 0 5 17 8 156
4 4 0 5 6 19 124
4 4 0 4 23 3 140
4 4 0 4 12 14 150
4 4 0 4 1 25 182
4 4 0 3 18 9 171
4 4 0 3 7 20 53
4 4 0 2 24 4 6
4 4 0 2 13 15 85
4 4 0 2 2 26 12
4 4 0 1 19 10 34
4 4 0 1 8 21 53
4 4 0 0 25 5 140
4 4 0 0 14 16 95
4 4 0 0 3 27 187
4 3 28 1 0 2 191
4 3 27 0 4 0 130
4 3 26 4 0 1 113
4 3 26 2 1 2 45
4 3 26 0 2 3 175
4 3 25 1 5 0 86
4 3 25 0 0 6 16
4 3 24 7 0 0 165
4 3 24 5 1 1 182
4 3 24 3 2 2 106
4 3 24 1 3 3 99
4 3 23 3 0 5 153
4 3 23 2 6 0 114
4 3 23 1 1 6 49
4 3 23 0 7 1 103
4 3 22 8 1 0 139
4 3 22 6 2 1 59
4 3 22 4 3 2 132
4 3 22 2 4 3 37
4 3 22 0 5 4 13
4 3 21 6 0 4 28
4 3 21 4 1 5 70
4 3 21 3 7 0 33
4 3 21 2 2 6 188
4 3 21 1 8 1 92
4 3 21 0 3 7 178
4 3 20 9 2 0 198
4 3 20 7 3 1 22
4 3 20 5 4 2 117
4 3 20 3 5 3 26
4 3 20 2 0 9 11
4 3 20 1 6 4 170
4 3 20 0 1 10 136
4 3 19 9 0 3 88
4 3 19 7 1 4 58
4 3 19 5 2 5 194
4 3 19 4 8 0 93
4 3 19 3 3 6 44
4 3 19 2 9 1 16
4 3 19 1 4 7 83
4 3 19 0 10 2 151
4 3 18 10 3 0 25
4 3 18 8 4 1 196
4 3 18 6 5 2 67
4 3 18 5 0 8 119
4 3 18 4 6 3 127
4 3 18 3 1 9 135
4 3 18 2 7 4 45
4 3 18 1 2 10 180
4 3 18 0 8 5 175
4 3 17 12 0 2 41
4 3 17 10 1 3 96
4 3 17 8 2 4 101
4 3 17 6 3 5 88
4 3 17 5 9 0 27
4 3 17 4 4 6 107
4 3 17 3 10 1 130
4 3 17 2 5 7 97
4 3 17 1 11 2 104
4 3 17 1 0 13 22
4 3 17 0 6 8 2
4 3 16 11 4 0 137
4 3 16 9 5 1 146
4 3 16 8 0 7 75
4 3 16 7 6 2 101
4 3 16 6 1 8 52
4 3 16 5 7 3 179
4 3 16 4 2 9 147
4 3 16 3 8 4 4
4 3 16 2 3 10 140
4 3 16 1 9 5 152
4 3 16 0 15 0 96
4 3 16 0 4 11 133
4 3 15 15 0 1 74
4 3 15 13 1 2 51
4 3 15 11 2 3 31
4 3 15 9 3 4 99
4 3 15 7 4 5 34
4 3 15 6 10 0 60
4 3 15 5 5 6 22
4 3 15 4 11 1 66
4 3 15 4 0 12 170
4 3 15 3 6 7 109
4 3 15 2 12 2 114
4 3 15 2 1 13 195
4 3 15 1 7 8 166
4 3 15 0 13 3 14
4 3 15 0 2 14 155
4 3 14 12 5 0 9
4 3 14 11 0 6 46
4 3 14 10 6 1 92
4 3 14 9 1 7 86
4 3 14 8 7 2 68
4 3 14 7 2 8 23
4 3 14 6 8 3 121
4 3 14 5 3 9 188
4 3 14 4 9 4 11
4 3 14 3 4 10 62
4 3 14 2 10 5 122
4 3 14 1 16 0 6
4 3 14 1 5 11 14
4 3 14 0 11 6 155
4 3 14 0 0 17 12
4 3 13 18 0 0 79
4 3 13 16 1 1 145
4 3 13 14 2 2 121
4 3 13 12 3 3 88
4 3 13 10 4 4 17
4 3 13 8 5 5 116
4 3 13 7 11 0 195
4 3 13 7 0 11 67
4 3 13 6 6 6 36
4 3 13 5 12 1 156
4 3 13 5 1 12 66
4 3 13 4 7 7 86
4 3 13 3 13 2 139
4 3 13 3 2 13 90
4 3 13 2 8 8 90
4 3 13 1 14 3 121
4 3 13 1 3 14 53
4 3 13 0 9 9 4
4 3 12 14 0 5 79
4 3 12 13 6 0 121
4 3 12 12 1 6 98
4 3 12 11 7 1 188
4 3 12 10 2 7 179
4 3 12 9 8 2 91
4 3 12 8 3 8 97
4 3 12 7 9 3 4
4 3 12 6 4 9 25
4 3 12 5 10 4 4
4 3 12 4 5 10 146
4 3 12 3 11 5 44
4 3 12 3 0 16 12
4 3 12 2 17 0 53
4 3 12 2 6 11 95
4 3 12 1 12 6 169
4 3 12 1 1 17 24
4 3 12 0 18 1 186
4 3 12 0 7 12 119
4 3 11 19 1 0 64
4 3 11 17 2 1 33
4 3 11 15 3 2 40
4 3 11 13 4 3 124
4 3 11 11 5 4 82
4 3 11 10 0 10 150
4 3 11 9 6 5 32
4 3 11 8 12 0 111
4 3 11 8 1 11 119
4 3 11 7 7 6 98
4 3 11 6 13 1 8
4 3 11 6 2 12 38
4 3 11 5 8 7 62
4 3 11 4 14 2 114
4 3 11 4 3 13 55
4 3 11 3 9 8 178
4 3 11 2 15 3 12
4 3 11 2 4 14 177
4 3 11 1 10 9 184
4 3 11 0 16 4 38
4 3 11 0 5 15 177
4 3 10 17 0 4 154
4 3 10 15 1 5 11
4 3 10 14 7 0 164
4 3 10 13 2 6 150
4 3 10 12 8 1 88
4 3 10 11 3 7 159
4 3 10 10 9 2 96
4 3 10 9 4 8 11
4 3 10 8 10 3 118
4 3 10 7 5 9 39
4 3 10 6 11 4 137
4 3 10 6 0 15 32
4 3 10 5 6 10 58
4 3 10 4 12 5 121
4 3 10 4 1 16 37
4 3 10 3 18 0 2
4 3 10 3 7 11 185
4 3 10 2 13 6 88
4 3 10 2 2 17 42
4 3 10 1 19 1 79
4 3 10 1 8 12 13
4 3 10 0 14 7 193
4 3 10 0 3 18 192
4 3 9 20 2 0 70
4 3 9 18 3 1 119
4 3 9 16 4 2 167
4 3 9 14 5 3 182
4 3 9 13 0 9 1
4 3 9 12 6 4 62
4 3 9 11 1 10 136
4 3 9 10 7 5 20
4 3 9 9 13 0 80
4 3 9 9 2 11 145
4 3 9 8 8 6 121
4 3 9 7 14 1 71
4 3 9 7 3 12 145
4 3 9 6 9 7 116
4 3 9 5 15 2 35
4 3 9 5 4 13 84
4 3 9 4 10 8 148
4 3 9 3 16 3 86
4 3 9 3 5 14 88
4 3 9 2 11 9 194
4 3 9 2 0 20 133
4 3 9 1 17 4 48
4 3 9 1 6 15 70
4 3 9 0 12 10 15
4 3 9 0 1 21 137
4 3 8 20 0 3 74
4 3 8 18 1 4 73
4 3 8 16 2 5 177
4 3 8 15 8 0 143
4 3 8 14 3 6 78
4 3 8 13 9 1 31
4 3 8 12 4 7 77
4 3 8 11 10 2 33
4 3 8 10 5 8 70
4 3 8 9 11 3 197
4 3 8 9 0 14 106
4 3 8 8 6 9 38
4 3 8 7 12 4 171
4 3 8 7 1 15 68
4 3 8 6 7 10 87
4 3 8 5 13 5 129
4 3 8 5 2 16 163
4 3 8 4 19 0 1
4 3 8 4 8 11 175
4 3 8 3 14 6 194
4 3 8 3 3 17 116
4 3 8 2 20 1 116
4 3 8 2 9 12 18
4 3 8 1 15 7 145
4 3 8 1 4 18 44
4 3 8 0 21 2 172
4 3 8 0 10 13 82
4 3 7 21 3 0 65
4 3 7 19 4 1 146
4 3 7 17 5 2 127
4 3 7 16 0 8 35
4 3 7 15 6 3 154
4 3 7 14 1 9 192
4 3 7 13 7 4 55
4 3 7 12 2 10 160
4 3 7 11 8 5 40
4 3 7 10 14 0 110
4 3 7 10 3 11 69
4 3 7 9 9 6 18
4 3 7 8 15 1 3
4 3 7 8 4 12 149
4 3 7 7 10 7 147
4 3 7 6 16 2 99
4 3 7 6 5 13 159
4 3 7 5 11 8 93
4 3 7 5 0 19 5
4 3 7 4 17 3 42
4 3 7 4 6 14 146
4 3 7 3 12 9 133
4 3 7 3 1 20 125
4 3 7 2 18 4 130
4 3 7 2 7 15 24
4 3 7 1 13 10 117
4 3 7 1 2 21 12
4 3 7 0 19 5 44
4 3 7 0 8 16 3
4 3 6 23 0 2 51
4 3 6 21 1 3 7
4 3 6 19 2 4 159
4 3 6 17 3 5 13
4 3 6 16 9 0 130
4 3 6 15 4 6 49
4 3 6 14 10 1 68
4 3 6 13 5 7 187
4 3 6 12 11 2 54
4 3 6 12 0 13 198
4 3 6 11 6 8 45
4 3 6 10 12 3 144
4 3 6 10 1 14 132
4 3 6 9 7 9 13
4 3 6 8 13 4 81
4 3 6 8 2 15 16
4 3 6 7 8 10 180
4 3 6 6 14 5 119
4 3 6 6 3 16 107
4 3 6 5 20 0 112
4 3 6 5 9 11 109
4 3 6 4 15 6 21
4 3 6 4 4 17 83
4 3 6 3 21 1 40
4 3 6 3 10 12 67
4 3 6 2 16 7 36
4 3 6 2 5 18 164
4 3 6 1 22 2 54
4 3 6 1 11 13 42
4 3 6 1 0 24 188
4 3 6 0 17 8 122
4 3 6 0 6 19 8
4 3 5 22 4 0 91
4 3 5 20 5 1 141
4 3 5 19 0 7 179
4 3 5 18 6 2 16
4 3 5 17 1 8 175
4 3 5 16 7 3 12
4 3 5 15 2 9 138
4 3 5 14 8 4 137
4 3 5 13 3 10 2
4 3 5 12 9 5 152
4 3 5 11 15 0 161
4 3 5 11 4 11 173
4 3 5 10 10 6 121
4 3 5 9 16 1 142
4 3 5 9 5 12 133
4 3 5 8 11 7 169
4 3 5 8 0 18 194
4 3 5 7 17 2 71
4 3 5 7 6 13 4
4 3 5 6 12 8 171
4 3 5 6 1 19 8
4 3 5 5 18 3 169
4 3 5 5 7 14 68
4 3 5 4 13 9 112
4 3 5 4 2 20 62
4 3 5 3 19 4 46
4 3 5 3 8 15 139
4 3 5 2 14 10 194
4 3 5 2 3 21 110
4 3 5 1 20 5 121
4 3 5 1 9 16 164
4 3 5 0 26 0 123
4 3 5 0 15 11 184
4 3 5 0 4 22 49
4 3 4 26 0 1 13
4 3 4 24 1 2 51
4 3 4 22 2 3 2
4 3 4 20 3 4 148
4 3 4 18 4 5 90
4 3 4 17 10 0 181
4 3 4 16 5 6 58
4 3 4 15 11 1 73
4 3 4 15 0 12 128
4 3 4 14 6 7 116
4 3 4 13 12 2 88
4 3 4 13 1 13 63
4 3 4 12 7 8 133
4 3 4 11 13 3 176
4 3 4 11 2 14 109
4 3 4 10 8 9 111
4 3 4 9 14 4 118
4 3 4 9 3 15 131
4 3 4 8 9 10 28
4 3 4 7 15 5 9
4 3 4 7 4 16 97
4 3 4 6 21 0 164
4 3 4 6 10 11 176
4 3 4 5 16 6 88
4 3 4 5 5 17 53
4 3 4 4 22 1 165
4 3 4 4 11 12 193
4 3 4 4 0 23 47
4 3 4 3 17 7 106
4 3 4 3 6 18 3
4 3 4 2 23 2 52
4 3 4 2 12 13 178
4 3 4 2 1 24 153
4 3 4 1 18 8 150
4 3 4 1 7 19 184
4 3 4 0 24 3 145
4 3 4 0 13 14 128
4 3 4 0 2 25 23
4 3 3 23 5 0 174
4 3 3 22 0 6 59
4 3 3 21 6 1 184
4 3 3 20 1 7 172
4 3 3 19 7 2 18
4 3 3 18 2 8 129
4 3 3 17 8 3 33
4 3 3 16 3 9 90
4 3 3 15 9 4 117
4 3 3 14 4 10 41
4 3 3 13 10 5 74
4 3 3 12 16 0 85
4 3 3 12 5 11 148
4 3 3 11 11 6 173
4 3 3 11 0 17 3
4 3 3 10 17 1 194
4 3 3 10 6 12 151
4 3 3 9 12 7 138
4 3 3 9 1 18 69
4 3 3 8 18 2 165
4 3 3 8 7 13 36
4 3 3 7 13 8 173
4 3 3 7 2 19 27
4 3 3 6 19 3 16
4 3 3 6 8 14 47
4 3 3 5 14 9 151
4 3 3 5 3 20 90
4 3 3 4 20 4 59
4 3 3 4 9 15 86
4 3 3 3 15 10 137
4 3 3 3 4 21 80
4 3 3 2 21 5 90
4 3 3 2 10 16 68
4 3 3 1 27 0 66
4 3 3 1 16 11 133
4 3 3 1 5 22 115
4 3 3 0 22 6 132
4 3 3 0 11 17 69
4 3 3 0 0 28 12
4 3 2 29 0 0 26
4 3 2 27 1 1 183
4 3 2 25 2 2 55
4 3 2 23 3 3 13
4 3 2 21 4 4 94
4 3 2 19 5 5 12
4 3 2 18 11 0 18
4 3 2 18 0 11 107
4 3 2 17 6 6 53
4 3 2 16 12 1 12
4 3 2 16 1 12 3
4 3 2 15 7 7 191
4 3 2 14 13 2 28
4 3 2 14 2 13 98
4 3 2 13 8 8 79
4 3 2 12 14 3 149
4 3 2 12 3 14 1
4 3 2 11 9 9 15
4 3 2 10 15 4 65
4 3 2 10 4 15 125
4 3 2 9 10 10 2
4 3 2 8 16 5 150
4 3 2 8 5 16 188
4 3 2 7 22 0 129
4 3 2 7 11 11 87
4 3 2 7 0 22 187
4 3 2 6 17 6 142
4 3 2 6 6 17 151
4 3 2 5 23 1 102
4 3 2 5 12 12 175
4 3 2 5 1 23 88
4 3 2 4 18 7 132
4 3 2 4 7 18 10
4 3 2 3 24 2 154
4 3 2 3 13 13 32
4 3 2 3 2 24 128
4 3 2 2 19 8 150
4 3 2 2 8 19 44
4 3 2 1 25 3 177
4 3 2 1 14 14 31
4 3 2 1 3 25 17
4 3 2 0 20 9 128
4 3 2 0 9 20 185
4 3 1 25 0 5 154
4 3 1 24 6 0 161
4 3 1 23 1 6 133
4 3 1 22 7 1 178
4 3 1 21 2 7 2
4 3 1 20 8 2 185
4 3 1 19 3 8 179
4 3 1 18 9 3 30
4 3 1 17 4 9 106
4 3 1 16 10 4 48
4 3 1 15 5 10 76
4 3 1 14 11 5 155
4 3 1 14 0 16 190
4 3 1 13 17 0 139
4 3 1 13 6 11 57
4 3 1 12 12 6 91
4 3 1 12 1 17 128
4 3 1 11 18 1 153
4 3 1 11 7 12 184
4 3 1 10 13 7 196
4 3 1 10 2 18 179
4 3 1 9 19 2 181
4 3 1 9 8 13 174
4 3 1 8 14 8 25
4 3 1 8 3 19 156
4 3 1 7 20 3 55
4 3 1 7 9 14 178
4 3 1 6 15 9 49
4 3 1 6 4 20 6
4 3 1 5 21 4 44
4 3 1 5 10 15 195
4 3 1 4 16 10 92
4 3 1 4 5 21 58
4 3 1 3 22 5 95
4 3 1 3 11 16 170
4 3 1 3 0 27 22
4 3 1 2 28 0 144
4 3 1 2 17 11 2
4 3 1 2 6 22 66
4 3 1 1 23 6 6
4 3 1 1 12 17 107
4 3 1 1 1 28 73
4 3 1 0 29 1 163
4 3 1 0 18 12 185
4 3 1 0 7 23 190
4 3 0 30 1 0 48
4 3 0 28 2 1 163
4 3 0 26 3 2 198
4 3 0 24 4 3 121
4 3 0 22 5 4 171
4 3 0 21 0 10 122
4 3 0 20 6 5 98
4 3 0 19 12 0 99
4 3 0 19 1 11 85
4 3 0 18 7 6 30
4 3 0 17 13 1 76
4 3 0 17 2 12 185
4 3 0 16 8 7 81
4 3 0 15 14 2 131
4 3 0 15 3 13 176
4 3 0 14 9 8 127
4 3 0 13 15 3 95
4 3 0 13 4 14 116
4 3 0 12 10 9 86
4 3 0 11 16 4 67
4 3 0 11 5 15 196
4 3 0 10 11 10 171
4 3 0 10 0 21 166
4 3 0 9 17 5 45
4 3 0 9 6 16 161
4 3 0 8 23 0 78
4 3 0 8 12 11 47
4 3 0 8 1 22 153
4 3 0 7 18 6 198
4 3 0 7 7 17 65
4 3 0 6 24 1 139
4 3 0 6 13 12 188
4 3 0 6 2 23 131
4 3 0 5 19 7 40
4 3 0 5 8 18 154
4 3 0 4 25 2 43
4 3 0 4 14 13 129
4 3 0 4 3 24 79
4 3 0 3 20 8 55
4 3 0 3 9 19 152
4 3 0 2 26 3 38
4 3 0 2 15 14 124
4 3 0 2 4 25 188
4 3 0 1 21 9 134
4 3 0 1 10 20 178
4 3 0 0 27 4 130
4 3 0 0 16 15 20
4 3 0 0 5 26 185
4 2 30 2 0 0 83
4 2 30 0 1 1 54
4 2 28 3 1 0 124
4 2 28 1 2 1 153
4 2 27 1 0 4 137
4 2 26 4 2 0 17
4 2 26 2 3 1 91
4 2 26 0 4 2 4
4 2 25 2 1 4 181
4 2 25 0 2 5 191
4 2 24 5 3 0 142
4 2 24 3 4 1 73
4 2 24 1 5 2 49
4 2 24 0 0 8 171
4 2 23 7 0 2 134
4 2 23 5 1 3 12
4 2 23 3 2 4 102
4 2 23 1 3 5 135
4 2 23 0 9 0 132
4 2 22 6 4 0 139
4 2 22 4 5 1 138
4 2 22 2 6 2 165
4 2 22 1 1 8 13
4 2 22 0 7 3 157
4 2 21 10 0 1 25
4 2 21 8 1 2 65
4 2 21 6 2 3 16
4 2 21 4 3 4 88
4 2 21 2 4 5 172
4 2 21 1 10 0 23
4 2 21 0 5 6 144
4 2 20 7 5 0 102
4 2 20 6 0 6 127
4 2 20 5 6 1 30
4 2 20 4 1 7 92
4 2 20 3 7 2 110
4 2 20 2 2 8 102
4 2 20 1 8 3 157
4 2 20 0 3 9 83
4 2 19 13 0 0 14
4 2 19 11 1 1 93
4 2 19 9 2 2 125
4 2 19 7 3 3 179
4 2 19 5 4 4 62
4 2 19 3 5 5 195
4 2 19 2 11 0 57
4 2 19 2 0 11 46
4 2 19 1 6 6 71
4 2 19 0 12 1 75
4 2 19 0 1 12 33
4 2 18 9 0 5 44
4 2 18 8 6 0 138
4 2 18 7 1 6 154
4 2 18 6 7 1 91
4 2 18 5 2 7 23
4 2 18 4 8 2 33
4 2 18 3 3 8 153
4 2 18 2 9 3 180
4 2 18 1 4 9 73
4 2 18 0 10 4 56
4 2 17 14 1 0 80
4 2 17 12 2 1 169
4 2 17 10 3 2 58
4 2 17 8 4 3 40
4 2 17 6 5 4 66
4 2 17 5 0 10 153
4 2 17 4 6 5 23
4 2 17 3 12 0 1
4 2 17 3 1 11 33
4 2 17 2 7 6 36
4 2 17 1 13 1 48
4 2 17 1 2 12 58
4 2 17 0 8 7 90
4 2 16 12 0 4 124
4 2 16 10 1 5 45
4 2 16 9 7 0 112
4 2 16 8 2 6 60
4 2 16 7 8 1 174
4 2 16 6 3 7 72
4 2 16 5 9 2 73
4 2 16 4 4 8 91
4 2 16 3 10 3 50
4 2 16 2 5 9 46
4 2 16 1 11 4 81
4 2 16 1 0 15 82
4 2 16 0 6 10 152
4 2 15 15 2 0 175
4 2 15 13 3 1 184
4 2 15 11 4 2 100
4 2 15 9 5 3 11
4 2 15 8 0 9 154
4 2 15 7 6 4 107
4 2 15 6 1 10 134
4 2 15 5 7 5 4
4 2 15 4 13 0 55
4 2 15 4 2 11 107
4 2 15 3 8 6 119
4 2 15 2 14 1 148
4 2 15 2 3 12 136
4 2 15 1 9 7 178
4 2 15 0 15 2 100
4 2 15 0 4 13 135
4 2 14 15 0 3 143
4 2 14 13 1 4 192
4 2 14 11 2 5 22
4 2 14 10 8 0 178
4 2 14 9 3 6 194
4 2 14 8 9 1 198
4 2 14 7 4 7 198
4 2 14 6 10 2 197
4 2 14 5 5 8 183
4 2 14 4 11 3 63
4 2 14 4 0 14 178
4 2 14 3 6 9 105
4 2 14 2 12 4 139
4 2 14 2 1 15 76
4 2 14 1 7 10 172
4 2 14 0 13 5 198
4 2 14 0 2 16 177
4 2 13 16 3 0 150
4 2 13 14 4 1 22
4 2 13 12 5 2 2
4 2 13 11 0 8 129
4 2 13 10 6 3 154
4 2 13 9 1 9 150
4 2 13 8 7 4 162
4 2 13 7 2 10 158
4 2 13 6 8 5 138
4 2 13 5 14 0 193
4 2 13 5 3 11 48
4 2 13 4 9 6 98
4 2 13 3 15 1 138
4 2 13 3 4 12 155
4 2 13 2 10 7 44
4 2 13 1 16 2 120
4 2 13 1 5 13 11
4 2 13 0 11 8 20
4 2 13 0 0 19 40
4 2 12 18 0 2 94
4 2 12 16 1 3 92
4 2 12 14 2 4 172
4 2 12 12 3 5 115
4 2 12 11 9 0 63
4 2 12 10 4 6 35
4 2 12 9 10 1 45
4 2 12 8 5 7 86
4 2 12 7 11 2 5
4 2 12 7 0 13 118
4 2 12 6 6 8 35
4 2 12 5 12 3 14
4 2 12 5 1 14 28
4 2 12 4 7 9 139
4 2 12 3 13 4 198
4 2 12 3 2 15 179
4 2 12 2 8 10 142
4 2 12 1 14 5 22
4 2 12 1 3 16 12
4 2 12 0 20 0 68
4 2 12 0 9 11 154
4 2 11 17 4 0 31
4 2 11 15 5 1 108
4 2 11 14 0 7 164
4 2 11 13 6 2 171
4 2 11 12 1 8 104
4 2 11 11 7 3 74
4 2 11 10 2 9 80
4 2 11 9 8 4 53
4 2 11 8 3 10 141
4 2 11 7 9 5 186
4 2 11 6 15 0 69
4 2 11 6 4 11 178
4 2 11 5 10 6 170
4 2 11 4 16 1 180
4 2 11 4 5 12 193
4 2 11 3 11 7 58
4 2 11 3 0 18 34
4 2 11 2 17 2 26
4 2 11 2 6 13 41
4 2 11 1 12 8 50
4 2 11 1 1 19 105
4 2 11 0 18 3 121
4 2 11 0 7 14 30
4 2 10 21 0 1 129
4 2 10 19 1 2 7
4 2 10 17 2 3 129
4 2 10 15 3 4 186
4 2 10 13 4 5 85
4 2 10 12 10 0 141
4 2 10 11 5 6 150
4 2 10 10 11 1 28
4 2 10 10 0 12 150
4 2 10 9 6 7 192
4 2 10 8 12 2 18
4 2 10 8 1 13 90
4 2 10 7 7 8 74
4 2 10 6 13 3 128
4 2 10 6 2 14 122
4 2 10 5 8 9 63
4 2 10 4 14 4 40
4 2 10 4 3 15 183
4 2 10 3 9 10 183
4 2 10 2 15 5 191
4 2 10 2 4 16 28
4 2 10 1 21 0 176
4 2 10 1 10 11 56
4 2 10 0 16 6 132
4 2 9 18 5 0 106
4 2 9 17 0 6 90
4 2 9 16 6 1 151
4 2 9 15 1 7 51
4 2 9 14 7 2 133
4 2 9 13 2 8 21
4 2 9 12 8 3 80
4 2 9 11 3 9 172
4 2 9 10 9 4 9
4 2 9 9 4 10 103
4 2 9 8 10 5 152
4 2 9 7 16 0 116
4 2 9 7 5 11 167
4 2 9 6 11 6 191
4 2 9 6 0 17 120
4 2 9 5 17 1 70
4 2 9 5 6 12 170
4 2 9 4 12 7 128
4 2 9 4 1 18 121
4 2 9 3 18 2 148
4 2 9 3 7 13 154
4 2 9 2 2 19 123
4 2 9 1 19 3 179
4 2 9 1 8 14 95
4 2 9 0 14 9 8
4 2 9 0 3 20 180
4 2 8 24 0 0 17
4 2 8 22 1 1 130
4 2 8 20 2 2 73
4 2 8 18 3 3 83
4 2 8 16 4 4 49
4 2 8 14 5 5 150
4 2 8 13 11 0 60
4 2 8 13 0 11 128
4 2 8 12 6 6 110
4 2 8 11 12 1 128
4 2 8 11 1 12 163
4 2 8 10 7 7 23
4 2 8 9 13 2 40
4 2 8 9 2 13 101
4 2 8 8 8 8 64
4 2 8 7 14 3 13
4 2 8 7 3 14 198
4 2 8 6 9 9 102
4 2 8 5 15 4 46
4 2 8 5 4 15 145
4 2 8 4 10 10 35
4 2 8 3 16 5 132
4 2 8 3 5 16 12
4 2 8 2 22 0 35
4 2 8 2 11 11 167
4 2 8 2 0 22 135
4 2 8 1 17 6 48
4 2 8 1 6 17 135
4 2 8 0 23 1 178
4 2 8 0 12 12 94
4 2 8 0 1 23 152
4 2 7 20 0 5 43
4 2 7 19 6 0 60
4 2 7 18 1 6 109
4 2 7 17 7 1 121
4 2 7 16 2 7 45
4 2 7 15 8 2 119
4 2 7 14 3 8 61
4 2 7 13 9 3 178
4 2 7 12 4 9 151
4 2 7 11 10 4 42
4 2 7 10 5 10 78
4 2 7 9 11 5 36
4 2 7 9 0 16 186
4 2 7 8 17 0 54
4 2 7 8 6 11 91
4 2 7 7 12 6 60
4 2 7 7 1 17 3
4 2 7 6 18 1 35
4 2 7 6 7 12 135
4 2 7 5 13 7 12
4 2 7 5 2 18 157
4 2 7 4 19 2 125
4 2 7 4 8 13 26
4 2 7 3 14 8 27
4 2 7 3 3 19 154
4 2 7 2 20 3 57
4 2 7 2 9 14 10
4 2 7 1 15 9 175
4 2 7 1 4 20 117
4 2 7 0 21 4 1
4 2 7 0 10 15 108
4 2 6 25 1 0 107
4 2 6 23 2 1 137
4 2 6 21 3 2 104
4 2 6 19 4 3 78
4 2 6 17 5 4 18
4 2 6 16 0 10 190
4 2 6 15 6 5 179
4 2 6 14 12 0 118
4 2 6 14 1 11 187
4 2 6 13 7 6 140
4 2 6 12 13 1 89
4 2 6 12 2 12 133
4 2 6 11 8 7 170
4 2 6 10 14 2 182
4 2 6 10 3 13 176
4 2 6 9 9 8 61
4 2 6 8 15 3 100
4 2 6 8 4 14 180
4 2 6 7 10 9 86
4 2 6 6 16 4 45
4 2 6 6 5 15 105
4 2 6 5 11 10 125
4 2 6 5 0 21 53
4 2 6 4 17 5 138
4 2 6 4 6 16 188
4 2 6 3 23 0 59
4 2 6 3 12 11 86
4 2 6 3 1 22 45
4 2 6 2 18 6 178
4 2 6 2 7 17 41
4 2 6 1 24 1 193
4 2 6 1 13 12 73
4 2 6 1 2 23 126
4 2 6 0 19 7 108
4 2 6 0 8 18 96
4 2 5 23 0 4 141
4 2 5 20 7 0 169
4 2 5 19 2 6 135
4 2 5 18 8 1 84
4 2 5 17 3 7 112
4 2 5 16 9 2 103
4 2 5 15 4 8 3
4 2 5 14 10 3 8
4 2 5 13 5 9 4
4 2 5 12 11 4 123
4 2 5 12 0 15 136
4 2 5 11 6 10 103
4 2 5 10 12 5 17
4 2 5 10 1 16 86
4 2 5 9 18 0 158
4 2 5 9 7 11 7
4 2 5 8 13 6 73
4 2 5 8 2 17 41
4 2 5 7 19 1 17
4 2 5 7 8 12 180
4 2 5 6 14 7 130
4 2 5 6 3 18 140
4 2 5 5 20 2 19
4 2 5 5 9 13 147
4 2 5 4 15 8 135
4 2 5 4 4 19 49
4 2 5 3 21 3 68
4 2 5 3 10 14 31
4 2 5 2 16 9 160
4 2 5 2 5 20 9
4 2 5 1 22 4 87
4 2 5 1 11 15 168
4 2 5 1 0 26 113
4 2 5 0 17 10 147
4 2 5 0 6 21 86
4 2 4 26 2 0 135
4 2 4 24 3 1 155
4 2 4 22 4 2 130
4 2 4 20 5 3 163
4 2 4 19 0 9 97
4 2 4 18 6 4 168
4 2 4 17 1 10 151
4 2 4 16 7 5 71
4 2 4 15 2 11 105
4 2 4 14 8 6 137
4 2 4 13 14 1 121
4 2 4 13 3 12 68
4 2 4 12 9 7 24
4 2 4 11 15 2 163
4 2 4 11 4 13 1
4 2 4 9 16 3 69
4 2 4 9 5 14 165
4 2 4 8 11 9 75
4 2 4 8 0 20 130
4 2 4 7 17 4 75
4 2 4 7 6 15 109
4 2 4 6 12 10 169
4 2 4 6 1 21 167
4 2 4 5 18 5 166
4 2 4 5 7 16 181
4 2 4 4 24 0 2
4 2 4 4 13 11 79
4 2 4 4 2 22 186
4 2 4 3 19 6 37
4 2 4 3 8 17 36
4 2 4 2 25 1 47
4 2 4 2 14 12 39
4 2 4 2 3 23 92
4 2 4 1 20 7 68
4 2 4 1 9 18 68
4 2 4 0 26 2 71
4 2 4 0 15 13 183
4 2 4 0 4 24 156
4 2 3 26 0 3 159
4 2 3 24 1 4 188
4 2 3 22 2 5 50
4 2 3 21 8 0 166
4 2 3 20 3 6 129
4 2 3 19 9 1 131
4 2 3 18 4 7 127
4 2 3 17 10 2 15
4 2 3 16 5 8 163
4 2 3 15 11 3 198
4 2 3 15 0 14 39
4 2 3 14 6 9 51
4 2 3 13 12 4 160
4 2 3 13 1 15 41
4 2 3 12 7 10 187
4 2 3 11 13 5 28
4 2 3 11 2 16 111
4 2 3 10 19 0 5
4 2 3 10 8 11 7
4 2 3 9 14 6 57
4 2 3 9 3 17 83
4 2 3 8 20 1 144
4 2 3 8 9 12 48
4 2 3 7 15 7 132
4 2 3 7 4 18 42
4 2 3 6 21 2 126
4 2 3 6 10 13 180
4 2 3 5 16 8 161
4 2 3 5 5 19 90
4 2 3 4 22 3 98
4 2 3 4 11 14 137
4 2 3 4 0 25 86
4 2 3 3 17 9 109
4 2 3 3 6 20 54
4 2 3 2 23 4 115
4 2 3 2 12 15 38
4 2 3 2 1 26 160
4 2 3 1 18 10 90
4 2 3 1 7 21 24
4 2 3 0 24 5 161
4 2 3 0 13 16 168
4 2 3 0 2 27 50
4 2 2 27 3 0 55
4 2 2 25 4 1 153
4 2 2 23 5 2 46
4 2 2 22 0 8 141
4 2 2 21 6 3 125
4 2 2 20 1 9 85
4 2 2 19 7 4 157
4 2 2 18 2 10 55
4 2 2 17 8 5 10
4 2 2 16 14 0 91
4 2 2 16 3 11 60
4 2 2 15 9 6 28
4 2 2 14 15 1 141
4 2 2 14 4 12 41
4 2 2 13 10 7 54
4 2 2 12 16 2 111
4 2 2 12 5 13 94
4 2 2 11 11 8 149
4 2 2 11 0 19 174
4 2 2 10 17 3 106
4 2 2 10 6 14 153
4 2 2 9 12 9 50
4 2 2 9 1 20 173
4 2 2 8 18 4 109
4 2 2 8 7 15 20
4 2 2 7 13 10 88
4 2 2 7 2 21 169
4 2 2 6 19 5 64
4 2 2 6 8 16 166
4 2 2 5 25 0 184
4 2 2 5 14 11 82
4 2 2 5 3 22 61
4 2 2 4 20 6 18
4 2 2 4 9 17 21
4 2 2 3 26 1 38
4 2 2 3 15 12 21
4 2 2 3 4 23 194
4 2 2 2 21 7 80
4 2 2 2 10 18 119
4 2 2 1 27 2 1
4 2 2 1 16 13 196
4 2 2 1 5 24 53
4 2 2 0 22 8 75
4 2 2 0 11 19 85
4 2 2 0 0 30 128
4 2 1 29 0 2 74
4 2 1 27 1 3 135
4 2 1 25 2 4 72
4 2 1 23 3 5 95
4 2 1 22 9 0 195
4 2 1 21 4 6 181
4 2 1 20 10 1 21
4 2 1 19 5 7 17
4 2 1 18 11 2 126
4 2 1 18 0 13 117
4 2 1 17 6 8 42
4 2 1 16 12 3 144
4 2 1 16 1 14 94
4 2 1 15 7 9 91
4 2 1 14 13 4 2
4 2 1 14 2 15 44
4 2 1 13 8 10 144
4 2 1 12 14 5 5
4 2 1 12 3 16 71
4 2 1 11 20 0 57
4 2 1 11 9 11 64
4 2 1 10 15 6 9
4 2 1 10 4 17 87
4 2 1 9 21 1 192
4 2 1 9 10 12 13
4 2 1 8 16 7 158
4 2 1 8 5 18 125
4 2 1 7 22 2 82
4 2 1 7 11 13 107
4 2 1 7 0 24 4
4 2 1 6 17 8 161
4 2 1 6 6 19 112
4 2 1 5 23 3 54
4 2 1 5 12 14 164
4 2 1 5 1 25 51
4 2 1 4 18 9 166
4 2 1 4 7 20 180
4 2 1 3 24 4 18
4 2 1 3 13 15 12
4 2 1 3 2 26 20
4 2 1 2 19 10 54
4 2 1 2 8 21 121
4 2 1 1 25 5 82
4 2 1 1 14 16 190
4 2 1 1 3 27 142
4 2 1 0 31 0 196
4 2 1 0 20 11 147
4 2 1 0 9 22 100
4 2 0 28 4 0 134
4 2 0 26 5 1 71
4 2 0 25 0 7 38
4 2 0 24 6 2 57
4 2 0 23 1 8 6
4 2 0 22 7 3 61
4 2 0 21 2 9 52
4 2 0 20 8 4 87
4 2 0 19 3 10 147
4 2 0 18 9 5 64
4 2 0 17 15 0 47
4 2 0 17 4 11 79
4 2 0 16 10 6 122
4 2 0 15 16 1 156
4 2 0 15 5 12 88
4 2 0 14 11 7 93
4 2 0 14 0 18 133
4 2 0 13 17 2 13
4 2 0 13 6 13 125
4 2 0 12 12 8 162
4 2 0 12 1 19 38
4 2 0 11 18 3 43
4 2 0 11 7 14 45
4 2 0 10 13 9 142
4 2 0 10 2 20 90
4 2 0 9 19 4 101
4 2 0 9 8 15 81
4 2 0 8 14 10 72
4 2 0 8 3 21 128
4 2 0 7 20 5 5
4 2 0 7 9 16 8
4 2 0 6 26 0 23
4 2 0 6 15 11 151
4 2 0 6 4 22 185
4 2 0 5 21 6 63
4 2 0 5 10 17 114
4 2 0 4 27 1 160
4 2 0 4 16 12 195
4 2 0 4 5 23 158
4 2 0 3 22 7 165
4 2 0 3 11 18 144
4 2 0 3 0 29 25
4 2 0 2 28 2 18
4 2 0 2 17 13 63
4 2 0 2 6 24 10
4 2 0 1 23 8 129
4 2 0 1 12 19 143
4 2 0 1 1 30 142
4 2 0 0 29 3 16
4 2 0 0 18 14 129
4 2 0 0 7 25 116
4 1 30 0 3 0 5
4 1 29 2 0 2 97
4 1 29 0 1 3 26
4 1 28 1 4 0 126
4 1 27 5 0 1 53
4 1 27 3 1 2 109
4 1 27 1 2 3 67
4 1 26 2 5 0 192
4 1 26 1 0 6 136
4 1 26 0 6 1 164
4 1 25 8 0 0 198
4 1 25 6 1 1 15
4 1 25 4 2 2 120
4 1 25 2 3 3 67
4 1 25 0 4 4 117
4 1 24 4 0 5 6
4 1 24 3 6 0 192
4 1 24 2 1 6 27
4 1 24 1 7 1 162
4 1 24 0 2 7 35
4 1 23 9 1 0 177
4 1 23 7 2 1 39
4 1 23 5 3 2 109
4 1 23 3 4 3 159
4 1 23 1 5 4 150
4 1 23 0 0 10 136
4 1 22 7 0 4 119
4 1 22 5 1 5 61
4 1 22 4 7 0 34
4 1 22 3 2 6 3
4 1 22 2 8 1 195
4 1 22 1 3 7 88
4 1 22 0 9 2 40
4 1 21 10 2 0 91
4 1 21 8 3 1 144
4 1 21 6 4 2 164
4 1 21 4 5 3 11
4 1 21 3 0 9 35
4 1 21 2 6 4 32
4 1 21 1 1 10 78
4 1 21 0 7 5 52
4 1 20 10 0 3 126
4 1 20 8 1 4 185
4 1 20 6 2 5 166
4 1 20 5 8 0 85
4 1 20 4 3 6 63
4 1 20 3 9 1 40
4 1 20 2 4 7 170
4 1 20 1 10 2 5
4 1 20 0 5 8 110
4 1 19 11 3 0 138
4 1 19 9 4 1 189
4 1 19 7 5 2 60
4 1 19 6 0 8 61
4 1 19 5 6 3 20
4 1 19 4 1 9 193
4 1 19 3 7 4 62
4 1 19 2 2 10 84
4 1 19 1 8 5 50
4 1 19 0 14 0 156
4 1 19 0 3 11 128
4 1 18 13 0 2 181
4 1 18 11 1 3 170
4 1 18 9 2 4 195
4 1 18 7 3 5 171
4 1 18 6 9 0 86
4 1 18 5 4 6 20
4 1 18 4 10 1 84
4 1 18 3 5 7 160
4 1 18 2 11 2 103
4 1 18 2 0 13 10
4 1 18 1 6 8 20
4 1 18 0 12 3 70
4 1 18 0 1 14 115
4 1 17 12 4 0 60
4 1 17 10 5 1 64
4 1 17 9 0 7 138
4 1 17 7 1 8 87
4 1 17 6 7 3 3
4 1 17 5 2 9 163
4 1 17 4 8 4 12
4 1 17 3 3 10 29
4 1 17 2 9 5 36
4 1 17 1 15 0 179
4 1 17 0 10 6 52
4 1 16 16 0 1 119
4 1 16 14 1 2 35
4 1 16 12 2 3 78
4 1 16 10 3 4 84
4 1 16 8 4 5 56
4 1 16 7 10 0 5
4 1 16 6 5 6 146
4 1 16 5 11 1 106
4 1 16 5 0 12 68
4 1 16 4 6 7 129
4 1 16 3 12 2 10
4 1 16 3 1 13 182
4 1 16 2 7 8 180
4 1 16 1 13 3 180
4 1 16 1 2 14 29
4 1 16 0 8 9 132
4 1 15 13 5 0 101
4 1 15 12 0 6 37
4 1 15 11 6 1 95
4 1 15 10 1 7 19
4 1 15 9 7 2 101
4 1 15 8 2 8 110
4 1 15 7 8 3 189
4 1 15 6 3 9 47
4 1 15 5 9 4 81
4 1 15 4 4 10 195
4 1 15 3 10 5 107
4 1 15 2 16 0 171
4 1 15 2 5 11 91
4 1 15 1 11 6 60
4 1 15 1 0 17 98
4 1 15 0 17 1 69
4 1 15 0 6 12 78
4 1 14 19 0 0 198
4 1 14 17 1 1 22
4 1 14 15 2 2 108
4 1 14 13 3 3 157
4 1 14 11 4 4 152
4 1 14 9 5 5 122
4 1 14 8 11 0 5
4 1 14 8 0 11 107
4 1 14 7 6 6 22
4 1 14 6 12 1 115
4 1 14 6 1 12 190
4 1 14 5 7 7 171
4 1 14 4 13 2 169
4 1 14 4 2 13 184
4 1 14 3 8 8 178
4 1 14 2 14 3 88
4 1 14 2 3 14 169
4 1 14 0 15 4 15
4 1 14 0 4 15 175
4 1 13 15 0 5 23
4 1 13 14 6 0 129
4 1 13 13 1 6 104
4 1 13 12 7 1 190
4 1 13 11 2 7 21
4 1 13 10 8 2 170
4 1 13 9 3 8 179
4 1 13 8 9 3 140
4 1 13 7 4 9 112
4 1 13 6 10 4 135
4 1 13 5 5 10 44
4 1 13 4 11 5 138
4 1 13 4 0 16 122
4 1 13 3 17 0 106
4 1 13 3 6 11 152
4 1 13 2 12 6 100
4 1 13 2 1 17 66
4 1 13 1 18 1 172
4 1 13 1 7 12 39
4 1 13 0 13 7 61
4 1 13 0 2 18 47
4 1 12 20 1 0 4
4 1 12 18 2 1 82
4 1 12 16 3 2 30
4 1 12 14 4 3 142
4 1 12 12 5 4 116
4 1 12 11 0 10 97
4 1 12 10 6 5 106
4 1 12 9 12 0 134
4 1 12 9 1 11 144
4 1 12 8 7 6 18
4 1 12 7 13 1 104
4 1 12 7 2 12 40
4 1 12 6 8 7 6
4 1 12 5 14 2 178
4 1 12 5 3 13 12
4 1 12 4 9 8 50
4 1 12 3 15 3 170
4 1 12 3 4 14 113
4 1 12 2 10 9 67
4 1 12 1 16 4 72
4 1 12 1 5 15 2
4 1 12 0 11 10 88
4 1 12 0 0 21 81
4 1 11 18 0 4 189
4 1 11 16 1 5 45
4 1 11 15 7 0 62
4 1 11 14 2 6 143
4 1 11 13 8 1 97
4 1 11 12 3 7 183
4 1 11 11 9 2 29
4 1 11 10 4 8 171
4 1 11 9 10 3 108
4 1 11 8 5 9 178
4 1 11 7 11 4 155
4 1 11 7 0 15 178
4 1 11 6 6 10 40
4 1 11 5 12 5 183
4 1 11 5 1 16 88
4 1 11 4 18 0 116
4 1 11 4 7 11 134
4 1 11 3 13 6 93
4 1 11 3 2 17 9
4 1 11 2 19 1 40
4 1 11 2 8 12 16
4 1 11 1 14 7 42
4 1 11 1 3 18 59
4 1 11 0 20 2 64
4 1 11 0 9 13 150
4 1 10 21 2 0 48
4 1 10 19 3 1 170
4 1 10 17 4 2 139
4 1 10 15 5 3 76
4 1 10 14 0 9 159
4 1 10 13 6 4 51
4 1 10 12 1 10 146
4 1 10 11 7 5 166
4 1 10 10 13 0 157
4 1 10 10 2 11 127
4 1 10 9 8 6 55
4 1 10 8 14 1 113
4 1 10 8 3 12 2
4 1 10 7 9 7 95
4 1 10 6 15 2 157
4 1 10 6 4 13 60
4 1 10 5 10 8 189
4 1 10 4 16 3 163
4 1 10 4 5 14 17
4 1 10 3 11 9 189
4 1 10 3 0 20 69
4 1 10 2 17 4 184
4 1 10 2 6 15 86
4 1 10 1 12 10 176
4 1 10 1 1 21 38
4 1 10 0 18 5 194
4 1 10 0 7 16 67
4 1 9 21 0 3 130
4 1 9 19 1 4 124
4 1 9 17 2 5 130
4 1 9 16 8 0 128
4 1 9 15 3 6 89
4 1 9 14 9 1 34
4 1 9 13 4 7 53
4 1 9 12 10 2 6
4 1 9 11 5 8 111
4 1 9 10 11 3 197
4 1 9 10 0 14 160
4 1 9 9 6 9 69
4 1 9 8 12 4 52
4 1 9 8 1 15 36
4 1 9 7 7 10 83
4 1 9 6 13 5 58
4 1 9 6 2 16 189
4 1 9 5 19 0 181
4 1 9 5 8 11 7
4 1 9 4 14 6 89
4 1 9 4 3 17 190
4 1 9 3 20 1 62
4 1 9 3 9 12 28
4 1 9 2 15 7 104
4 1 9 2 4 18 150
4 1 9 1 21 2 14
4 1 9 1 10 13 25
4 1 9 0 16 8 9
4 1 9 0 5 19 92
4 1 8 22 3 0 68
4 1 8 20 4 1 60
4 1 8 18 5 2 99
4 1 8 17 0 8 43
4 1 8 16 6 3 144
4 1 8 15 1 9 92
4 1 8 14 7 4 18
4 1 8 13 2 10 163
4 1 8 12 8 5 79
4 1 8 11 3 11 67
4 1 8 10 9 6 12
4 1 8 9 15 1 53
4 1 8 9 4 12 133
4 1 8 8 10 7 110
4 1 8 7 16 2 29
4 1 8 7 5 13 21
4 1 8 6 11 8 68
4 1 8 6 0 19 24
4 1 8 5 17 3 74
4 1 8 5 6 14 90
4 1 8 4 12 9 165
4 1 8 4 1 20 42
4 1 8 3 18 4 169
4 1 8 3 7 15 122
4 1 8 2 13 10 8
4 1 8 2 2 21 50
4 1 8 1 19 5 66
4 1 8 1 8 16 170
4 1 8 0 25 0 107
4 1 8 0 14 11 157
4 1 8 0 3 22 88
4 1 7 24 0 2 60
4 1 7 22 1 3 104
4 1 7 20 2 4 15
4 1 7 18 3 5 113
4 1 7 17 9 0 153
4 1 7 16 4 6 76
4 1 7 15 10 1 25
4 1 7 14 5 7 164
4 1 7 13 11 2 148
4 1 7 13 0 13 119
4 1 7 12 6 8 19
4 1 7 11 12 3 56
4 1 7 11 1 14 40
4 1 7 10 7 9 65
4 1 7 9 13 4 142
4 1 7 9 2 15 113
4 1 7 8 8 10 64
4 1 7 7 14 5 84
4 1 7 7 3 16 27
4 1 7 6 20 0 101
4 1 7 6 9 11 87
4 1 7 5 15 6 168
4 1 7 5 4 17 54
4 1 7 4 21 1 151
4 1 7 4 10 12 26
4 1 7 3 16 7 167
4 1 7 3 5 18 163
4 1 7 2 22 2 84
4 1 7 2 11 13 108
4 1 7 2 0 24 78
4 1 7 1 17 8 37
4 1 7 1 6 19 85
4 1 7 0 23 3 1
4 1 7 0 12 14 53
4 1 7 0 1 25 105
4 1 6 23 4 0 23
4 1 6 21 5 1 58
4 1 6 20 0 7 18
4 1 6 19 6 2 90
4 1 6 18 1 8 181
4 1 6 17 7 3 54
4 1 6 16 2 9 23
4 1 6 14 3 10 6
4 1 6 13 9 5 109
4 1 6 12 15 0 53
4 1 6 12 4 11 40
4 1 6 11 10 6 49
4 1 6 10 16 1 77
4 1 6 10 5 12 7
4 1 6 9 11 7 156
4 1 6 9 0 18 185
4 1 6 8 17 2 124
4 1 6 8 6 13 93
4 1 6 7 12 8 106
4 1 6 7 1 19 190
4 1 6 6 18 3 172
4 1 6 6 7 14 26
4 1 6 5 13 9 57
4 1 6 5 2 20 10
4 1 6 4 19 4 120
4 1 6 4 8 15 8
4 1 6 3 14 10 82
4 1 6 3 3 21 197
4 1 6 2 20 5 182
4 1 6 2 9 16 187
4 1 6 1 26 0 194
4 1 6 1 15 11 158
4 1 6 1 4 22 187
4 1 6 0 21 6 187
4 1 6 0 10 17 174
4 1 5 27 0 1 18
4 1 5 25 1 2 193
4 1 5 23 2 3 17
4 1 5 21 3 4 89
4 1 5 19 4 5 36
4 1 5 18 10 0 28
4 1 5 17 5 6 153
4 1 5 16 11 1 65
4 1 5 16 0 12 92
4 1 5 15 6 7 17
4 1 5 14 12 2 59
4 1 5 14 1 13 108
4 1 5 13 7 8 82
4 1 5 12 13 3 161
4 1 5 12 2 14 54
4 1 5 11 8 9 173
4 1 5 10 14 4 172
4 1 5 10 3 15 85
4 1 5 9 9 10 97
4 1 5 8 4 16 49
4 1 5 7 21 0 155
4 1 5 7 10 11 58
4 1 5 6 16 6 53
4 1 5 6 5 17 23
4 1 5 5 22 1 19
4 1 5 5 11 12 97
4 1 5 5 0 23 85
4 1 5 4 17 7 3
4 1 5 4 6 18 46
4 1 5 3 23 2 160
4 1 5 3 12 13 41
4 1 5 3 1 24 82
4 1 5 2 18 8 143
4 1 5 2 7 19 149
4 1 5 1 24 3 74
4 1 5 1 13 14 125
4 1 5 1 2 25 186
4 1 5 0 19 9 61
4 1 5 0 8 20 49
4 1 4 24 5 0 197
4 1 4 23 0 6 117
4 1 4 22 6 1 60
4 1 4 21 1 7 49
4 1 4 20 7 2 32
4 1 4 19 2 8 28
4 1 4 18 8 3 192
4 1 4 17 3 9 189
4 1 4 16 9 4 195
4 1 4 15 4 10 184
4 1 4 14 10 5 189
4 1 4 13 16 0 57
4 1 4 13 5 11 197
4 1 4 12 11 6 154
4 1 4 12 0 17 71
4 1 4 11 17 1 146
4 1 4 11 6 12 27
4 1 4 10 12 7 67
4 1 4 10 1 18 131
4 1 4 9 18 2 166
4 1 4 9 7 13 29
4 1 4 8 13 8 19
4 1 4 8 2 19 142
4 1 4 7 19 3 55
4 1 4 7 8 14 165
4 1 4 6 14 9 27
4 1 4 6 3 20 120
4 1 4 5 20 4 32
4 1 4 5 9 15 198
4 1 4 4 15 10 104
4 1 4 4 4 21 29
4 1 4 3 21 5 32
4 1 4 3 10 16 169
4 1 4 2 27 0 198
4 1 4 2 16 11 67
4 1 4 2 5 22 123
4 1 4 1 22 6 14
4 1 4 1 11 17 97
4 1 4 1 0 28 51
4 1 4 0 28 1 50
4 1 4 0 17 12 7
4 1 4 0 6 23 67
4 1 3 30 0 0 128
4 1 3 28 1 1 99
4 1 3 26 2 2 85
4 1 3 24 3 3 12
4 1 3 22 4 4 1
4 1 3 20 5 5 62
4 1 3 19 11 0 175
4 1 3 19 0 11 101
4 1 3 18 6 6 3
4 1 3 17 12 1 111
4 1 3 17 1 12 10
4 1 3 16 7 7 15
4 1 3 15 13 2 84
4 1 3 15 2 13 160
4 1 3 14 8 8 11
4 1 3 13 14 3 39
4 1 3 13 3 14 55
4 1 3 12 9 9 18
4 1 3 11 15 4 86
4 1 3 11 4 15 92
4 1 3 10 10 10 87
4 1 3 9 5 16 101
4 1 3 8 22 0 167
4 1 3 8 11 11 114
4 1 3 8 0 22 84
4 1 3 7 17 6 8
4 1 3 7 6 17 80
4 1 3 6 23 1 147
4 1 3 6 12 12 115
4 1 3 6 1 23 71
4 1 3 5 18 7 67
4 1 3 5 7 18 100
4 1 3 4 24 2 169
4 1 3 4 13 13 119
4 1 3 4 2 24 163
4 1 3 3 19 8 174
4 1 3 3 8 19 79
4 1 3 2 25 3 61
4 1 3 2 14 14 122
4 1 3 2 3 25 183
4 1 3 1 20 9 48
4 1 3 1 9 20 36
4 1 3 0 26 4 14
4 1 3 0 15 15 83
4 1 3 0 4 26 196
4 1 2 26 0 5 55
4 1 2 25 6 0 176
4 1 2 24 1 6 22
4 1 2 23 7 1 2
4 1 2 22 2 7 120
4 1 2 21 8 2 165
4 1 2 20 3 8 191
4 1 2 19 9 3 92
4 1 2 18 4 9 156
4 1 2 17 10 4 66
4 1 2 16 5 10 58
4 1 2 15 11 5 99
4 1 2 15 0 16 46
4 1 2 14 17 0 23
4 1 2 14 6 11 48
4 1 2 13 12 6 157
4 1 2 13 1 17 53
4 1 2 12 18 1 8
4 1 2 12 7 12 23
4 1 2 11 13 7 82
4 1 2 11 2 18 5
4 1 2 10 19 2 71
4 1 2 10 8 13 63
4 1 2 9 14 8 66
4 1 2 9 3 19 8
4 1 2 8 20 3 27
4 1 2 8 9 14 157
4 1 2 7 15 9 139
4 1 2 7 4 20 33
4 1 2 6 21 4 53
4 1 2 6 10 15 114
4 1 2 5 16 10 49
4 1 2 5 5 21 42
4 1 2 4 22 5 150
4 1 2 4 11 16 117
4 1 2 4 0 27 176
4 1 2 3 28 0 160
4 1 2 3 17 11 76
4 1 2 3 6 22 5
4 1 2 2 23 6 86
4 1 2 2 12 17 118
4 1 2 2 1 28 82
4 1 2 1 29 1 122
4 1 2 1 18 12 157
4 1 2 1 7 23 154
4 1 2 0 24 7 131
4 1 2 0 13 18 71
4 1 2 0 2 29 100
4 1 1 31 1 0 180
4 1 1 29 2 1 109
4 1 1 27 3 2 123
4 1 1 25 4 3 160
4 1 1 23 5 4 100
4 1 1 22 0 10 173
4 1 1 21 6 5 109
4 1 1 20 12 0 106
4 1 1 20 1 11 97
4 1 1 19 7 6 85
4 1 1 18 13 1 64
4 1 1 18 2 12 4
4 1 1 17 8 7 23
4 1 1 16 14 2 23
4 1 1 16 3 13 137
4 1 1 15 9 8 187
4 1 1 14 15 3 20
4 1 1 14 4 14 166
4 1 1 13 10 9 137
4 1 1 12 16 4 93
4 1 1 12 5 15 183
4 1 1 11 11 10 130
4 1 1 11 0 21 112
4 1 1 10 17 5 190
4 1 1 10 6 16 71
4 1 1 9 23 0 177
4 1 1 9 12 11 105
4 1 1 9 1 22 160
4 1 1 8 18 6 198
4 1 1 8 7 17 12
4 1 1 7 24 1 82
4 1 1 7 13 12 142
4 1 1 7 2 23 52
4 1 1 6 19 7 161
4 1 1 6 8 18 111
4 1 1 5 25 2 17
4 1 1 5 14 13 85
4 1 1 5 3 24 50
4 1 1 4 20 8 130
4 1 1 4 9 19 22
4 1 1 3 26 3 12
4 1 1 3 15 14 115
4 1 1 3 4 25 46
4 1 1 2 21 9 16
4 1 1 2 10 20 71
4 1 1 1 27 4 161
4 1 1 1 16 15 47
4 1 1 1 5 26 175
4 1 1 0 22 10 39
4 1 1 0 11 21 134
4 1 1 0 0 32 155
4 1 0 29 0 4 52
4 1 0 27 1 5 21
4 1 0 26 7 0 96
4 1 0 25 2 6 120
4 1 0 24 8 1 47
4 1 0 23 3 7 194
4 1 0 22 9 2 29
4 1 0 21 4 8 67
4 1 0 20 10 3 59
4 1 0 19 5 9 158
4 1 0 18 11 4 63
4 1 0 18 0 15 83
4 1 0 17 6 10 164
4 1 0 16 12 5 155
4 1 0 16 1 16 39
4 1 0 15 18 0 37
4 1 0 15 7 11 26
4 1 0 14 13 6 110
4 1 0 14 2 17 22
4 1 0 13 19 1 138
4 1 0 13 8 12 58
4 1 0 12 14 7 69
4 1 0 12 3 18 155
4 1 0 11 20 2 167
4 1 0 11 9 13 62
4 1 0 10 15 8 73
4 1 0 10 4 19 77
4 1 0 9 21 3 129
4 1 0 9 10 14 85
4 1 0 8 16 9 19
4 1 0 8 5 20 34
4 1 0 7 22 4 27
4 1 0 7 11 15 62
4 1 0 7 0 26 19
4 1 0 6 17 10 154
4 1 0 6 6 21 195
4 1 0 5 23 5 90
4 1 0 5 12 16 161
4 1 0 5 1 27 143
4 1 0 4 29 0 131
4 1 0 4 18 11 94
4 1 0 4 7 22 90
4 1 0 3 24 6 34
4 1 0 3 13 17 13
4 1 0 3 2 28 47
4 1 0 2 30 1 169
4 1 0 2 19 12 99
4 1 0 2 8 23 94
4 1 0 1 25 7 125
4 1 0 1 14 18 25
4 1 0 1 3 29 93
4 1 0 0 31 2 33
4 1 0 0 20 13 167
4 1 0 0 9 24 108
4 0 31 1 1 1 178
4 0 29 4 1 0 33
4 0 29 2 2 1 33
4 0 29 0 3 2 7
4 0 28 2 0 4 28
4 0 28 0 1 5 70
4 0 27 5 2 0 122
4 0 27 3 3 1 134
4 0 27 1 4 2 181
4 0 26 5 0 3 126
4 0 26 3 1 4 197
4 0 26 1 2 5 123
4 0 26 0 8 0 102
4 0 25 6 3 0 128
4 0 25 4 4 1 157
4 0 25 2 5 2 110
4 0 25 1 0 8 41
4 0 25 0 6 3 89
4 0 24 8 0 2 121
4 0 24 6 1 3 25
4 0 24 4 2 4 198
4 0 24 2 3 5 193
4 0 24 1 9 0 85
4 0 24 0 4 6 79
4 0 23 7 4 0 137
4 0 23 5 5 1 173
4 0 23 4 0 7 126
4 0 23 3 6 2 112
4 0 23 2 1 8 3
4 0 23 1 7 3 132
4 0 23 0 2 9 193
4 0 22 11 0 1 118
4 0 22 9 1 2 186
4 0 22 7 2 3 52
4 0 22 5 3 4 42
4 0 22 3 4 5 134
4 0 22 2 10 0 167
4 0 22 1 5 6 122
4 0 22 0 11 1 187
4 0 22 0 0 12 78
4 0 21 8 5 0 45
4 0 21 7 0 6 129
4 0 21 6 6 1 25
4 0 21 5 1 7 100
4 0 21 4 7 2 195
4 0 21 3 2 8 130
4 0 21 2 8 3 145
4 0 21 1 3 9 136
4 0 21 0 9 4 107
4 0 20 14 0 0 114
4 0 20 12 1 1 136
4 0 20 10 2 2 125
4 0 20 8 3 3 92
4 0 20 6 4 4 175
4 0 20 4 5 5 194
4 0 20 3 11 0 54
4 0 20 3 0 11 60
4 0 20 2 6 6 80
4 0 20 1 12 1 32
4 0 20 1 1 12 75
4 0 20 0 7 7 112
4 0 19 10 0 5 12
4 0 19 9 6 0 166
4 0 19 8 1 6 128
4 0 19 7 7 1 112
4 0 19 6 2 7 99
4 0 19 5 8 2 170
4 0 19 4 3 8 106
4 0 19 3 9 3 79
4 0 19 2 4 9 129
4 0 19 1 10 4 56
4 0 19 0 5 10 133
4 0 18 15 1 0 182
4 0 18 13 2 1 94
4 0 18 11 3 2 112
4 0 18 9 4 3 185
4 0 18 7 5 4 42
4 0 18 6 0 10 157
4 0 18 5 6 5 130
4 0 18 4 12 0 123
4 0 18 4 1 11 132
4 0 18 3 7 6 149
4 0 18 2 13 1 171
4 0 18 1 8 7 136
4 0 18 0 14 2 125
4 0 18 0 3 13 148
4 0 17 13 0 4 148
4 0 17 11 1 5 81
4 0 17 10 7 0 4
4 0 17 9 2 6 193
4 0 17 8 8 1 165
4 0 17 7 3 7 24
4 0 17 6 9 2 37
4 0 17 5 4 8 93
4 0 17 4 10 3 169
4 0 17 3 5 9 73
4 0 17 2 11 4 179
4 0 17 2 0 15 10
4 0 17 1 6 10 72
4 0 17 0 12 5 95
4 0 17 0 1 16 87
4 0 16 16 2 0 162
4 0 16 14 3 1 51
4 0 16 12 4 2 25
4 0 16 10 5 3 103
4 0 16 9 0 9 115
4 0 16 8 6 4 95
4 0 16 7 1 10 36
4 0 16 6 7 5 79
4 0 16 5 13 0 23
4 0 16 5 2 11 78
4 0 16 4 8 6 74
4 0 16 3 14 1 128
4 0 16 3 3 12 64
4 0 16 2 9 7 139
4 0 16 1 15 2 87
4 0 16 1 4 13 80
4 0 16 0 10 8 169
4 0 15 16 0 3 63
4 0 15 14 1 4 172
4 0 15 12 2 5 116
4 0 15 11 8 0 13
4 0 15 10 3 6 160
4 0 15 9 9 1 146
4 0 15 8 4 7 81
4 0 15 7 10 2 189
4 0 15 6 5 8 56
4 0 15 5 11 3 56
4 0 15 5 0 14 190
4 0 15 4 6 9 2
4 0 15 3 12 4 186
4 0 15 3 1 15 7
4 0 15 2 7 10 75
4 0 15 1 13 5 130
4 0 15 1 2 16 48
4 0 15 0 19 0 134
4 0 15 0 8 11 67
4 0 14 17 3 0 168
4 0 14 15 4 1 160
4 0 14 13 5 2 134
4 0 14 12 0 8 158
4 0 14 11 6 3 70
4 0 14 10 1 9 1
4 0 14 9 7 4 108
4 0 14 8 2 10 28
4 0 14 7 8 5 4
4 0 14 6 14 0 73
4 0 14 6 3 11 149
4 0 14 5 9 6 194
4 0 14 4 15 1 185
4 0 14 4 4 12 158
4 0 14 3 10 7 133
4 0 14 2 16 2 103
4 0 14 2 5 13 165
4 0 14 1 11 8 17
4 0 14 1 0 19 13
4 0 14 0 17 3 116
4 0 14 0 6 14 5
4 0 13 19 0 2 124
4 0 13 17 1 3 156
4 0 13 15 2 4 63
4 0 13 13 3 5 23
4 0 13 12 9 0 96
4 0 13 11 4 6 78
4 0 13 10 10 1 101
4 0 13 9 5 7 112
4 0 13 8 11 2 4
4 0 13 8 0 13 78
4 0 13 7 6 8 88
4 0 13 6 12 3 9
4 0 13 6 1 14 143
4 0 13 5 7 9 40
4 0 13 4 13 4 102
4 0 13 4 2 15 23
4 0 13 3 8 10 185
4 0 13 2 14 5 9
4 0 13 2 3 16 78
4 0 13 1 20 0 79
4 0 13 1 9 11 77
4 0 13 0 15 6 12
4 0 13 0 4 17 108
4 0 12 18 4 0 6
4 0 12 16 5 1 198
4 0 12 15 0 7 112
4 0 12 14 6 2 136
4 0 12 12 7 3 150
4 0 12 11 2 9 4
4 0 12 10 8 4 15
4 0 12 9 3 10 158
4 0 12 8 9 5 73
4 0 12 7 15 0 120
4 0 12 7 4 11 22
4 0 12 6 10 6 182
4 0 12 5 16 1 27
4 0 12 5 5 12 40
4 0 12 4 11 7 66
4 0 12 4 0 18 110
4 0 12 3 17 2 119
4 0 12 3 6 13 153
4 0 12 2 12 8 180
4 0 12 2 1 19 180
4 0 12 1 18 3 58
4 0 12 1 7 14 171
4 0 12 0 13 9 54
4 0 12 0 2 20 87
4 0 11 22 0 1 62
4 0 11 20 1 2 47
4 0 11 18 2 3 60
4 0 11 16 3 4 108
4 0 11 14 4 5 109
4 0 11 13 10 0 28
4 0 11 12 5 6 56
4 0 11 11 11 1 142
4 0 11 11 0 12 112
4 0 11 10 6 7 118
4 0 11 9 12 2 185
4 0 11 9 1 13 130
4 0 11 8 7 8 106
4 0 11 7 13 3 162
4 0 11 7 2 14 69
4 0 11 6 8 9 99
4 0 11 5 14 4 187
4 0 11 5 3 15 185
4 0 11 4 9 10 187
4 0 11 3 15 5 114
4 0 11 3 4 16 169
4 0 11 2 21 0 153
4 0 11 2 10 11 85
4 0 11 1 16 6 9
4 0 11 1 5 17 31
4 0 11 0 22 1 40
4 0 11 0 11 12 142
4 0 11 0 0 23 49
4 0 10 19 5 0 30
4 0 10 18 0 6 165
4 0 10 17 6 1 164
4 0 10 16 1 7 105
4 0 10 15 7 2 104
4 0 10 14 2 8 35
4 0 10 13 8 3 32
4 0 10 12 3 9 44
4 0 10 11 9 4 161
4 0 10 10 4 10 77
4 0 10 9 10 5 28
4 0 10 8 16 0 30
4 0 10 8 5 11 64
4 0 10 7 11 6 94
4 0 10 7 0 17 10
4 0 10 6 17 1 172
4 0 10 6 6 12 29
4 0 10 5 12 7 8
4 0 10 5 1 18 85
4 0 10 4 18 2 49
4 0 10 4 7 13 88
4 0 10 3 13 8 17
4 0 10 3 2 19 182
4 0 10 2 19 3 129
4 0 10 2 8 14 5
4 0 10 1 14 9 118
4 0 10 1 3 20 7
4 0 10 0 20 4 100
4 0 10 0 9 15 127
4 0 9 25 0 0 194
4 0 9 23 1 1 44
4 0 9 21 2 2 186
4 0 9 19 3 3 136
4 0 9 17 4 4 189
4 0 9 15 5 5 148
4 0 9 14 11 0 23
4 0 9 14 0 11 138
4 0 9 13 6 6 160
4 0 9 12 12 1 120
4 0 9 12 1 12 74
4 0 9 11 7 7 198
4 0 9 10 13 2 149
4 0 9 10 2 13 10
4 0 9 9 8 8 180
4 0 9 8 14 3 107
4 0 9 8 3 14 5
4 0 9 7 9 9 44
4 0 9 6 15 4 182
4 0 9 6 4 15 140
4 0 9 5 10 10 154
4 0 9 4 16 5 9
4 0 9 4 5 16 149
4 0 9 3 22 0 145
4 0 9 3 11 11 164
4 0 9 3 0 22 104
4 0 9 2 17 6 191
4 0 9 2 6 17 89
4 0 9 1 23 1 17
4 0 9 1 12 12 189
4 0 9 1 1 23 63
4 0 9 0 18 7 188
4 0 9 0 7 18 97
4 0 8 21 0 5 98
4 0 8 20 6 0 29
4 0 8 19 1 6 36
4 0 8 18 7 1 183
4 0 8 17 2 7 184
4 0 8 16 8 2 4
4 0 8 15 3 8 173
4 0 8 14 9 3 138
4 0 8 13 4 9 172
4 0 8 12 10 4 57
4 0 8 11 5 10 99
4 0 8 10 11 5 32
4 0 8 10 0 16 108
4 0 8 9 17 0 81
4 0 8 9 6 11 143
4 0 8 8 12 6 74
4 0 8 8 1 17 77
4 0 8 7 18 1 50
4 0 8 7 7 12 87
4 0 8 6 13 7 123
4 0 8 6 2 18 44
4 0 8 5 19 2 114
4 0 8 5 8 13 86
4 0 8 4 14 8 23
4 0 8 4 3 19 178
4 0 8 3 20 3 125
4 0 8 3 9 14 107
4 0 8 2 15 9 142
4 0 8 2 4 20 69
4 0 8 1 21 4 175
4 0 8 1 10 15 19
4 0 8 0 16 10 11
4 0 8 0 5 21 156
4 0 7 26 1 0 21
4 0 7 24 2 1 143
4 0 7 22 3 2 9
4 0 7 20 4 3 117
4 0 7 18 5 4 144
4 0 7 17 0 10 80
4 0 7 16 6 5 151
4 0 7 15 12 0 113
4 0 7 15 1 11 98
4 0 7 14 7 6 28
4 0 7 13 13 1 13
4 0 7 13 2 12 68
4 0 7 12 8 7 91
4 0 7 11 14 2 187
4 0 7 11 3 13 25
4 0 7 10 9 8 80
4 0 7 9 15 3 177
4 0 7 9 4 14 15
4 0 7 8 10 9 20
4 0 7 7 16 4 117
4 0 7 7 5 15 174
4 0 7 6 11 10 190
4 0 7 6 0 21 47
4 0 7 5 17 5 43
4 0 7 5 6 16 70
4 0 7 4 23 0 72
4 0 7 4 12 11 18
4 0 7 4 1 22 30
4 0 7 3 18 6 54
4 0 7 3 7 17 181
4 0 7 2 24 1 114
4 0 7 2 13 12 74
4 0 7 2 2 23 25
4 0 7 1 19 7 88
4 0 7 1 8 18 38
4 0 7 0 25 2 180
4 0 7 0 14 13 74
4 0 7 0 3 24 172
4 0 6 24 0 4 146
4 0 6 22 1 5 67
4 0 6 21 7 0 135
4 0 6 20 2 6 8
4 0 6 19 8 1 128
4 0 6 18 3 7 187
4 0 6 17 9 2 119
4 0 6 16 4 8 17
4 0 6 15 10 3 169
4 0 6 14 5 9 2
4 0 6 13 11 4 193
4 0 6 13 0 15 195
4 0 6 12 6 10 53
4 0 6 11 12 5 166
4 0 6 11 1 16 168
4 0 6 10 18 0 85
4 0 6 10 7 11 59
4 0 6 9 13 6 4
4 0 6 9 2 17 155
4 0 6 8 19 1 35
4 0 6 8 8 12 36
4 0 6 7 14 7 15
4 0 6 7 3 18 70
4 0 6 6 20 2 103
4 0 6 6 9 13 111
4 0 6 5 15 8 171
4 0 6 5 4 19 186
4 0 6 4 21 3 16
4 0 6 4 10 14 180
4 0 6 3 16 9 160
4 0 6 3 5 20 148
4 0 6 2 22 4 175
4 0 6 2 11 15 74
4 0 6 2 0 26 68
4 0 6 1 17 10 26
4 0 6 1 6 21 182
4 0 6 0 23 5 20
4 0 6 0 12 16 62
4 0 6 0 1 27 105
4 0 5 27 2 0 17
4 0 5 25 3 1 198
4 0 5 23 4 2 165
4 0 5 21 5 3 60
4 0 5 20 0 9 74
4 0 5 19 6 4 25
4 0 5 18 1 10 88
4 0 5 17 7 5 146
4 0 5 16 13 0 191
4 0 5 16 2 11 90
4 0 5 15 8 6 7
4 0 5 14 14 1 62
4 0 5 14 3 12 59
4 0 5 13 9 7 196
4 0 5 12 15 2 44
4 0 5 12 4 13 177
4 0 5 11 10 8 12
4 0 5 10 16 3 76
4 0 5 10 5 14 21
4 0 5 9 11 9 121
4 0 5 9 0 20 191
4 0 5 8 17 4 35
4 0 5 8 6 15 192
4 0 5 7 1 21 197
4 0 5 6 18 5 97
4 0 5 6 7 16 133
4 0 5 5 24 0 151
4 0 5 5 13 11 195
4 0 5 5 2 22 138
4 0 5 4 19 6 84
4 0 5 4 8 17 70
4 0 5 3 25 1 63
4 0 5 3 14 12 50
4 0 5 3 3 23 64
4 0 5 2 20 7 115
4 0 5 2 9 18 15
4 0 5 1 26 2 7
4 0 5 1 15 13 174
4 0 5 1 4 24 37
4 0 5 0 21 8 106
4 0 5 0 10 19 99
4 0 4 27 0 3 48
4 0 4 25 1 4 112
4 0 4 23 2 5 161
4 0 4 22 8 0 36
4 0 4 21 3 6 122
4 0 4 20 9 1 8
4 0 4 19 4 7 134
4 0 4 18 10 2 113
4 0 4 17 5 8 180
4 0 4 16 11 3 161
4 0 4 16 0 14 50
4 0 4 15 6 9 30
4 0 4 14 12 4 145
4 0 4 14 1 15 16
4 0 4 13 7 10 4
4 0 4 12 13 5 195
4 0 4 12 2 16 158
4 0 4 11 19 0 187
4 0 4 11 8 11 82
4 0 4 10 14 6 136
4 0 4 10 3 17 83
4 0 4 9 20 1 142
4 0 4 9 9 12 188
4 0 4 8 15 7 18
4 0 4 8 4 18 198
4 0 4 7 21 2 122
4 0 4 7 10 13 56
4 0 4 6 16 8 176
4 0 4 6 5 19 182
4 0 4 5 22 3 154
4 0 4 5 11 14 97
4 0 4 5 0 25 55
4 0 4 4 17 9 107
4 0 4 4 6 20 72
4 0 4 3 23 4 58
4 0 4 3 12 15 70
4 0 4 3 1 26 127
4 0 4 2 18 10 78
4 0 4 2 7 21 129
4 0 4 1 24 5 191
4 0 4 1 13 16 102
4 0 4 1 2 27 172
4 0 4 0 30 0 56
4 0 4 0 19 11 3
4 0 4 0 8 22 170
4 0 3 26 4 1 109
4 0 3 24 5 2 151
4 0 3 23 0 8 93
4 0 3 22 6 3 185
4 0 3 21 1 9 40
4 0 3 20 7 4 137
4 0 3 19 2 10 195
4 0 3 18 8 5 171
4 0 3 17 14 0 124
4 0 3 17 3 11 70
4 0 3 16 9 6 83
4 0 3 15 15 1 65
4 0 3 15 4 12 158
4 0 3 14 10 7 89
4 0 3 13 16 2 80
4 0 3 13 5 13 43
4 0 3 12 11 8 179
4 0 3 12 0 19 16
4 0 3 11 17 3 49
4 0 3 11 6 14 117
4 0 3 10 12 9 157
4 0 3 10 1 20 43
4 0 3 9 18 4 167
4 0 3 9 7 15 139
4 0 3 8 13 10 149
4 0 3 8 2 21 38
4 0 3 7 19 5 47
4 0 3 7 8 16 100
4 0 3 6 25 0 153
4 0 3 6 14 11 87
4 0 3 6 3 22 31
4 0 3 5 20 6 79
4 0 3 5 9 17 116
4 0 3 4 26 1 135
4 0 3 4 15 12 132
4 0 3 4 4 23 52
4 0 3 3 21 7 119
4 0 3 3 10 18 128
4 0 3 2 27 2 43
4 0 3 2 16 13 36
4 0 3 2 5 24 107
4 0 3 1 22 8 146
4 0 3 1 11 19 6
4 0 3 1 0 30 17
4 0 3 0 28 3 168
4 0 3 0 17 14 66
4 0 3 0 6 25 187
4 0 2 30 0 2 180
4 0 2 28 1 3 113
4 0 2 26 2 4 106
4 0 2 24 3 5 70
4 0 2 23 9 0 143
4 0 2 22 4 6 144
4 0 2 21 10 1 166
4 0 2 20 5 7 181
4 0 2 19 11 2 7
4 0 2 19 0 13 79
4 0 2 18 6 8 104
4 0 2 17 12 3 25
4 0 2 17 1 14 155
4 0 2 16 7 9 62
4 0 2 15 13 4 31
4 0 2 15 2 15 97
4 0 2 14 8 10 36
4 0 2 13 14 5 92
4 0 2 13 3 16 57
4 0 2 12 20 0 86
4 0 2 12 9 11 197
4 0 2 11 15 6 81
4 0 2 11 4 17 32
4 0 2 10 21 1 127
4 0 2 10 10 12 21
4 0 2 9 16 7 39
4 0 2 9 5 18 120
4 0 2 8 22 2 85
4 0 2 8 11 13 12
4 0 2 8 0 24 198
4 0 2 7 17 8 103
4 0 2 7 6 19 49
4 0 2 6 23 3 108
4 0 2 6 12 14 42
4 0 2 6 1 25 113
4 0 2 5 18 9 34
4 0 2 5 7 20 153
4 0 2 4 24 4 85
4 0 2 4 13 15 27
4 0 2 4 2 26 157
4 0 2 3 19 10 72
4 0 2 3 8 21 138
4 0 2 2 25 5 54
4 0 2 2 14 16 25
4 0 2 2 3 27 176
4 0 2 1 31 0 195
4 0 2 1 20 11 140
4 0 2 1 9 22 132
4 0 2 0 26 6 181
4 0 2 0 15 17 64
4 0 2 0 4 28 76
4 0 1 29 4 0 156
4 0 1 27 5 1 89
4 0 1 26 0 7 133
4 0 1 25 6 2 193
4 0 1 24 1 8 131
4 0 1 23 7 3 8
4 0 1 22 2 9 77
4 0 1 21 8 4 33
4 0 1 20 3 10 93
4 0 1 19 9 5 42
4 0 1 18 15 0 159
4 0 1 18 4 11 2
4 0 1 17 10 6 127
4 0 1 16 16 1 36
4 0 1 16 5 12 113
4 0 1 15 11 7 25
4 0 1 15 0 18 163
4 0 1 14 17 2 10
4 0 1 14 6 13 181
4 0 1 13 12 8 128
4 0 1 13 1 19 151
4 0 1 12 18 3 163
4 0 1 12 7 14 47
4 0 1 11 13 9 167
4 0 1 11 2 20 152
4 0 1 10 19 4 116
4 0 1 10 8 15 170
4 0 1 9 14 10 160
4 0 1 9 3 21 165
4 0 1 8 20 5 17
4 0 1 8 9 16 15
4 0 1 7 26 0 169
4 0 1 7 15 11 107
4 0 1 7 4 22 117
4 0 1 6 21 6 153
4 0 1 6 10 17 96
4 0 1 5 27 1 92
4 0 1 5 16 12 198
4 0 1 5 5 23 25
4 0 1 4 22 7 50
4 0 1 4 11 18 79
4 0 1 4 0 29 128
4 0 1 3 28 2 188
4 0 1 3 17 13 120
4 0 1 2 23 8 180
4 0 1 2 12 19 64
4 0 1 2 1 30 79
4 0 1 1 29 3 85
4 0 1 1 18 14 140
4 0 1 1 7 25 16
4 0 1 0 24 9 140
4 0 1 0 13 20 132
4 0 1 0 2 31 15
4 0 0 33 0 1 44
4 0 0 31 1 2 9
4 0 0 29 2 3 60
4 0 0 27 3 4 137
4 0 0 25 4 5 95
4 0 0 24 10 0 189
4 0 0 23 5 6 159
4 0 0 22 11 1 73
4 0 0 22 0 12 47
4 0 0 21 6 7 193
4 0 0 20 12 2 2
4 0 0 20 1 13 60
4 0 0 19 7 8 25
4 0 0 18 13 3 91
4 0 0 18 2 14 43
4 0 0 17 8 9 147
4 0 0 16 14 4 169
4 0 0 16 3 15 36
4 0 0 15 9 10 189
4 0 0 14 15 5 99
4 0 0 14 4 16 79
4 0 0 13 21 0 109
4 0 0 13 10 11 159
4 0 0 12 16 6 42
4 0 0 12 5 17 175
4 0 0 11 22 1 161
4 0 0 11 11 12 194
4 0 0 11 0 23 99
4 0 0 10 17 7 23
4 0 0 10 6 18 31
4 0 0 9 23 2 118
4 0 0 9 12 13 160
4 0 0 9 1 24 118
4 0 0 8 18 8 134
4 0 0 8 7 19 181
4 0 0 7 24 3 57
4 0 0 7 13 14 115
4 0 0 7 2 25 125
4 0 0 6 19 9 119
4 0 0 6 8 20 164
4 0 0 5 25 4 129
4 0 0 5 14 15 82
4 0 0 5 3 26 153
4 0 0 4 20 10 197
4 0 0 4 9 21 55
4 0 0 3 26 5 198
4 0 0 3 15 16 192
4 0 0 3 4 27 65
4 0 0 2 21 11 179
4 0 0 2 10 22 195
4 0 0 1 27 6 39
4 0 0 1 16 17 129
4 0 0 1 5 28 63
4 0 0 0 22 12 88
4 0 0 0 11 23 6
