# FIX-VII-GATE candidate 3, p=199: degree-34 G-equivariant tuple
# (1,6)-profile along the arrangement AND vanishing on the Hessian curve C_20
# format: <component 0..4> <e0 e1 e2 e3 e4> <coefficient>
0 32 1 1 0 0 180
0 31 0 1 0 2 148
0 30 2 0 1 1 60
0 30 0 3 1 0 122
0 30 0 1 2 1 190
0 29 2 0 3 0 187
0 29 1 2 0 2 194
0 29 1 0 1 3 119
0 29 0 1 4 0 139
0 28 5 0 0 1 62
0 28 3 3 0 0 133
0 28 3 1 1 1 181
0 28 1 4 1 0 37
0 28 1 2 2 1 145
0 28 1 0 3 2 3
0 28 0 2 0 4 109
0 28 0 0 1 5 88
0 27 5 0 2 0 87
0 27 4 0 0 3 65
0 27 3 1 3 0 68
0 27 2 3 0 2 168
0 27 2 1 1 3 174
0 27 1 2 4 0 19
0 27 1 0 5 1 186
0 27 0 6 0 1 50
0 27 0 4 1 2 186
0 27 0 2 2 3 167
0 27 0 0 3 4 48
0 26 6 1 0 1 94
0 26 4 4 0 0 80
0 26 4 2 1 1 59
0 26 4 0 2 2 75
0 26 3 0 0 5 167
0 26 2 5 1 0 138
0 26 2 3 2 1 29
0 26 2 1 3 2 16
0 26 1 3 0 4 56
0 26 1 1 1 5 1
0 26 1 0 7 0 148
0 26 0 6 2 0 45
0 26 0 4 3 1 195
0 26 0 2 4 2 195
0 26 0 0 5 3 106
0 25 8 0 1 0 107
0 25 6 1 2 0 2
0 25 5 1 0 3 31
0 25 4 2 3 0 80
0 25 4 0 4 1 63
0 25 3 4 0 2 187
0 25 3 2 1 3 174
0 25 3 0 2 4 97
0 25 2 3 4 0 114
0 25 2 1 5 1 198
0 25 2 0 0 7 89
0 25 1 7 0 1 16
0 25 1 5 1 2 123
0 25 1 3 2 3 5
0 25 1 1 3 4 88
0 25 0 4 5 0 46
0 25 0 3 0 6 55
0 25 0 2 6 1 108
0 25 0 1 1 7 32
0 25 0 0 7 2 51
0 24 7 2 0 1 189
0 24 7 0 1 2 119
0 24 5 5 0 0 20
0 24 5 3 1 1 40
0 24 5 1 2 2 79
0 24 4 1 0 5 140
0 24 4 0 6 0 22
0 24 3 6 1 0 10
0 24 3 4 2 1 100
0 24 3 2 3 2 99
0 24 3 0 4 3 118
0 24 2 4 0 4 131
0 24 2 2 1 5 64
0 24 2 1 7 0 189
0 24 2 0 2 6 76
0 24 1 7 2 0 12
0 24 1 5 3 1 62
0 24 1 3 4 2 120
0 24 1 1 5 3 73
0 24 1 0 0 9 122
0 24 0 7 0 3 144
0 24 0 5 1 4 19
0 24 0 3 2 5 84
0 24 0 2 8 0 61
0 24 0 1 3 6 188
0 24 0 0 9 1 115
0 23 11 0 0 0 25
0 23 9 1 1 0 67
0 23 7 2 2 0 99
0 23 7 0 3 1 188
0 23 6 2 0 3 46
0 23 6 0 1 4 107
0 23 5 3 3 0 123
0 23 5 1 4 1 32
0 23 4 5 0 2 142
0 23 4 3 1 3 50
0 23 4 1 2 4 150
0 23 3 4 4 0 137
0 23 3 2 5 1 69
0 23 3 1 0 7 61
0 23 3 0 6 2 192
0 23 2 8 0 1 128
0 23 2 6 1 2 23
0 23 2 4 2 3 40
0 23 2 2 3 4 130
0 23 2 0 4 5 35
0 23 1 5 5 0 127
0 23 1 4 0 6 7
0 23 1 3 6 1 9
0 23 1 2 1 7 24
0 23 1 1 7 2 126
0 23 1 0 2 8 163
0 23 0 11 0 0 187
0 23 0 9 1 1 186
0 23 0 7 2 2 26
0 23 0 5 3 3 23
0 23 0 3 4 4 93
0 23 0 1 5 5 64
0 23 0 0 11 0 169
0 23 0 0 0 11 48
0 22 10 0 0 2 36
0 22 8 3 0 1 177
0 22 8 1 1 2 90
0 22 7 0 5 0 79
0 22 6 6 0 0 24
0 22 6 4 1 1 91
0 22 6 2 2 2 94
0 22 6 0 3 3 188
0 22 5 2 0 5 175
0 22 5 1 6 0 130
0 22 5 0 1 6 194
0 22 4 7 1 0 55
0 22 4 5 2 1 191
0 22 4 3 3 2 138
0 22 4 1 4 3 137
0 22 3 5 0 4 162
0 22 3 3 1 5 194
0 22 3 2 7 0 105
0 22 3 1 2 6 57
0 22 3 0 8 1 77
0 22 2 8 2 0 74
0 22 2 6 3 1 40
0 22 2 4 4 2 60
0 22 2 2 5 3 161
0 22 2 1 0 9 100
0 22 2 0 6 4 158
0 22 1 8 0 3 146
0 22 1 6 1 4 10
0 22 1 4 2 5 195
0 22 1 3 8 0 190
0 22 1 2 3 6 71
0 22 1 1 9 1 141
0 22 1 0 4 7 122
0 22 0 9 3 0 24
0 22 0 7 4 1 172
0 22 0 5 5 2 131
0 22 0 4 0 8 87
0 22 0 3 6 3 90
0 22 0 2 1 9 49
0 22 0 1 7 4 18
0 22 0 0 2 10 59
0 21 12 1 0 0 91
0 21 10 2 1 0 126
0 21 10 0 2 1 55
0 21 9 0 0 4 95
0 21 8 3 2 0 107
0 21 8 1 3 1 24
0 21 7 3 0 3 196
0 21 7 1 1 4 124
0 21 6 4 3 0 83
0 21 6 2 4 1 64
0 21 6 0 5 2 50
0 21 5 6 0 2 143
0 21 5 4 1 3 188
0 21 5 2 2 4 110
0 21 5 0 3 5 42
0 21 4 5 4 0 89
0 21 4 3 5 1 74
0 21 4 2 0 7 164
0 21 4 1 6 2 168
0 21 4 0 1 8 101
0 21 3 9 0 1 133
0 21 3 7 1 2 111
0 21 3 5 2 3 53
0 21 3 3 3 4 91
0 21 3 1 4 5 83
0 21 3 0 10 0 158
0 21 2 6 5 0 13
0 21 2 5 0 6 174
0 21 2 4 6 1 33
0 21 2 3 1 7 14
0 21 2 2 7 2 100
0 21 2 1 2 8 106
0 21 2 0 8 3 26
0 21 1 12 0 0 196
0 21 1 10 1 1 179
0 21 1 8 2 2 126
0 21 1 6 3 3 143
0 21 1 4 4 4 183
0 21 1 2 5 5 143
0 21 1 1 11 0 91
0 21 1 1 0 11 155
0 21 1 0 6 6 197
0 21 0 8 0 5 83
0 21 0 7 6 0 111
0 21 0 6 1 6 187
0 21 0 5 7 1 167
0 21 0 4 2 7 101
0 21 0 3 8 2 162
0 21 0 2 3 8 72
0 21 0 1 9 3 117
0 21 0 0 4 9 130
0 20 11 1 0 2 50
0 20 10 0 4 0 77
0 20 9 4 0 1 8
0 20 9 2 1 2 177
0 20 9 0 2 3 146
0 20 8 1 5 0 69
0 20 8 0 0 6 191
0 20 7 7 0 0 148
0 20 7 5 1 1 52
0 20 7 3 2 2 96
0 20 7 1 3 3 93
0 20 6 3 0 5 163
0 20 6 2 6 0 156
0 20 6 1 1 6 148
0 20 6 0 7 1 64
0 20 5 8 1 0 49
0 20 5 6 2 1 34
0 20 5 4 3 2 113
0 20 5 2 4 3 79
0 20 5 0 5 4 38
0 20 4 6 0 4 164
0 20 4 4 1 5 157
0 20 4 3 7 0 27
0 20 4 2 2 6 118
0 20 4 1 8 1 186
0 20 4 0 3 7 147
0 20 3 9 2 0 190
0 20 3 7 3 1 50
0 20 3 5 4 2 138
0 20 3 3 5 3 80
0 20 3 2 0 9 27
0 20 3 1 6 4 119
0 20 3 0 1 10 29
0 20 2 9 0 3 105
0 20 2 7 1 4 167
0 20 2 5 2 5 37
0 20 2 4 8 0 90
0 20 2 2 9 1 15
0 20 2 1 4 7 161
0 20 2 0 10 2 37
0 20 1 10 3 0 165
0 20 1 8 4 1 149
0 20 1 6 5 2 6
0 20 1 5 0 8 152
0 20 1 4 6 3 51
0 20 1 3 1 9 77
0 20 1 2 7 4 44
0 20 1 1 2 10 157
0 20 1 0 8 5 97
0 20 0 12 0 2 3
0 20 0 10 1 3 133
0 20 0 8 2 4 81
0 20 0 6 3 5 123
0 20 0 5 9 0 12
0 20 0 4 4 6 99
0 20 0 3 10 1 12
0 20 0 2 5 7 114
0 20 0 1 11 2 193
0 20 0 1 0 13 73
0 20 0 0 6 8 11
0 19 13 2 0 0 166
0 19 13 0 1 1 103
0 19 11 3 1 0 12
0 19 11 1 2 1 64
0 19 10 1 0 4 32
0 19 9 4 2 0 33
0 19 9 2 3 1 185
0 19 9 0 4 2 192
0 19 8 4 0 3 179
0 19 8 2 1 4 99
0 19 8 0 2 5 43
0 19 7 5 3 0 59
0 19 7 3 4 1 107
0 19 7 1 5 2 181
0 19 7 0 0 8 77
0 19 6 7 0 2 4
0 19 6 5 1 3 119
0 19 6 3 2 4 192
0 19 6 1 3 5 165
0 19 6 0 9 0 44
0 19 5 6 4 0 58
0 19 5 4 5 1 153
0 19 5 3 0 7 112
0 19 5 2 6 2 127
0 19 5 1 1 8 74
0 19 5 0 7 3 150
0 19 4 10 0 1 64
0 19 4 8 1 2 42
0 19 4 6 2 3 34
0 19 4 4 3 4 46
0 19 4 2 4 5 122
0 19 4 1 10 0 54
0 19 4 0 5 6 193
0 19 3 7 5 0 175
0 19 3 6 0 6 138
0 19 3 5 6 1 148
0 19 3 4 1 7 16
0 19 3 3 7 2 180
0 19 3 2 2 8 82
0 19 3 1 8 3 96
0 19 3 0 3 9 98
0 19 2 13 0 0 26
0 19 2 11 1 1 76
0 19 2 9 2 2 7
0 19 2 7 3 3 111
0 19 2 5 4 4 8
0 19 2 3 5 5 56
0 19 2 2 0 11 118
0 19 2 1 6 6 40
0 19 2 0 12 1 39
0 19 2 0 1 12 144
0 19 1 9 0 5 89
0 19 1 8 6 0 136
0 19 1 7 1 6 14
0 19 1 6 7 1 113
0 19 1 5 2 7 118
0 19 1 4 8 2 16
0 19 1 3 3 8 6
0 19 1 2 9 3 97
0 19 1 1 4 9 65
0 19 1 0 10 4 39
0 19 0 14 1 0 10
0 19 0 12 2 1 58
0 19 0 10 3 2 123
0 19 0 8 4 3 9
0 19 0 6 5 4 101
0 19 0 5 0 10 114
0 19 0 4 6 5 9
0 19 0 3 12 0 134
0 19 0 3 1 11 126
0 19 0 2 7 6 44
0 19 0 1 13 1 101
0 19 0 1 2 12 123
0 19 0 0 8 7 195
0 18 13 0 3 0 159
0 18 12 2 0 2 15
0 18 12 0 1 3 173
0 18 11 1 4 0 58
0 18 10 5 0 1 154
0 18 10 3 1 2 162
0 18 10 1 2 3 123
0 18 9 2 5 0 39
0 18 9 1 0 6 171
0 18 9 0 6 1 132
0 18 8 8 0 0 37
0 18 8 6 1 1 124
0 18 8 4 2 2 66
0 18 8 2 3 3 19
0 18 8 0 4 4 57
0 18 7 4 0 5 146
0 18 7 3 6 0 73
0 18 7 2 1 6 94
0 18 7 1 7 1 175
0 18 7 0 2 7 15
0 18 6 9 1 0 99
0 18 6 7 2 1 87
0 18 6 5 3 2 54
0 18 6 3 4 3 183
0 18 6 1 5 4 140
0 18 6 0 0 10 45
0 18 5 7 0 4 108
0 18 5 5 1 5 19
0 18 5 4 7 0 121
0 18 5 3 2 6 82
0 18 5 2 8 1 39
0 18 5 1 3 7 143
0 18 5 0 9 2 22
0 18 4 10 2 0 71
0 18 4 8 3 1 16
0 18 4 6 4 2 191
0 18 4 4 5 3 54
0 18 4 3 0 9 25
0 18 4 2 6 4 148
0 18 4 1 1 10 47
0 18 4 0 7 5 180
0 18 3 10 0 3 187
0 18 3 8 1 4 125
0 18 3 6 2 5 151
0 18 3 5 8 0 57
0 18 3 4 3 6 166
0 18 3 3 9 1 157
0 18 3 2 4 7 116
0 18 3 1 10 2 23
0 18 3 0 5 8 166
0 18 2 11 3 0 156
0 18 2 9 4 1 113
0 18 2 7 5 2 110
0 18 2 6 0 8 93
0 18 2 5 6 3 75
0 18 2 4 1 9 11
0 18 2 3 7 4 191
0 18 2 2 2 10 124
0 18 2 1 8 5 159
0 18 2 0 14 0 22
0 18 2 0 3 11 94
0 18 1 13 0 2 181
0 18 1 11 1 3 182
0 18 1 9 2 4 128
0 18 1 7 3 5 132
0 18 1 6 9 0 122
0 18 1 5 4 6 113
0 18 1 4 10 1 12
0 18 1 3 5 7 156
0 18 1 2 11 2 72
0 18 1 2 0 13 79
0 18 1 1 6 8 119
0 18 1 0 12 3 178
0 18 1 0 1 14 6
0 18 0 12 4 0 110
0 18 0 10 5 1 90
0 18 0 9 0 7 143
0 18 0 8 6 2 168
0 18 0 7 1 8 160
0 18 0 6 7 3 94
0 18 0 5 2 9 156
0 18 0 4 8 4 188
0 18 0 3 3 10 135
0 18 0 2 9 5 4
0 18 0 1 15 0 36
0 18 0 1 4 11 123
0 18 0 0 10 6 18
0 17 16 0 0 1 94
0 17 14 3 0 0 138
0 17 14 1 1 1 164
0 17 12 4 1 0 83
0 17 12 2 2 1 62
0 17 12 0 3 2 129
0 17 11 2 0 4 19
0 17 11 0 1 5 90
0 17 10 5 2 0 108
0 17 10 3 3 1 58
0 17 10 1 4 2 194
0 17 9 5 0 3 47
0 17 9 3 1 4 176
0 17 9 1 2 5 77
0 17 9 0 8 0 85
0 17 8 6 3 0 4
0 17 8 4 4 1 81
0 17 8 2 5 2 93
0 17 8 1 0 8 196
0 17 8 0 6 3 12
0 17 7 8 0 2 172
0 17 7 6 1 3 67
0 17 7 4 2 4 2
0 17 7 2 3 5 47
0 17 7 1 9 0 134
0 17 7 0 4 6 13
0 17 6 7 4 0 71
0 17 6 5 5 1 32
0 17 6 4 0 7 105
0 17 6 3 6 2 25
0 17 6 2 1 8 107
0 17 6 1 7 3 179
0 17 6 0 2 9 173
0 17 5 11 0 1 177
0 17 5 9 1 2 4
0 17 5 7 2 3 34
0 17 5 5 3 4 140
0 17 5 3 4 5 66
0 17 5 2 10 0 150
0 17 5 1 5 6 153
0 17 5 0 11 1 85
0 17 5 0 0 12 191
0 17 4 8 5 0 104
0 17 4 6 6 1 70
0 17 4 5 1 7 3
0 17 4 4 7 2 173
0 17 4 3 2 8 185
0 17 4 2 8 3 184
0 17 4 1 3 9 72
0 17 4 0 9 4 157
0 17 3 14 0 0 77
0 17 3 12 1 1 45
0 17 3 10 2 2 165
0 17 3 8 3 3 140
0 17 3 6 4 4 24
0 17 3 4 5 5 180
0 17 3 3 11 0 23
0 17 3 3 0 11 85
0 17 3 2 6 6 24
0 17 3 1 12 1 46
0 17 3 1 1 12 94
0 17 3 0 7 7 72
0 17 2 10 0 5 149
0 17 2 9 6 0 79
0 17 2 8 1 6 182
0 17 2 7 7 1 5
0 17 2 6 2 7 8
0 17 2 5 8 2 100
0 17 2 4 3 8 183
0 17 2 3 9 3 96
0 17 2 2 4 9 162
0 17 2 1 10 4 180
0 17 2 0 5 10 174
0 17 1 15 1 0 17
0 17 1 13 2 1 85
0 17 1 11 3 2 177
0 17 1 9 4 3 173
0 17 1 7 5 4 188
0 17 1 6 0 10 137
0 17 1 5 6 5 2
0 17 1 4 12 0 35
0 17 1 4 1 11 160
0 17 1 3 7 6 113
0 17 1 2 13 1 85
0 17 1 2 2 12 134
0 17 1 1 8 7 69
0 17 1 0 14 2 65
0 17 1 0 3 13 36
0 17 0 13 0 4 96
0 17 0 11 1 5 167
0 17 0 10 7 0 188
0 17 0 9 2 6 135
0 17 0 8 8 1 77
0 17 0 7 3 7 58
0 17 0 6 9 2 145
0 17 0 5 4 8 9
0 17 0 4 10 3 17
0 17 0 2 11 4 31
0 17 0 2 0 15 10
0 17 0 1 6 10 19
0 17 0 0 12 5 92
0 17 0 0 1 16 71
0 16 16 0 2 0 21
0 16 15 0 0 3 25
0 16 14 1 3 0 147
0 16 13 3 0 2 56
0 16 13 1 1 3 80
0 16 12 2 4 0 177
0 16 12 0 5 1 97
0 16 11 6 0 1 175
0 16 11 4 1 2 106
0 16 11 2 2 3 141
0 16 11 0 3 4 175
0 16 10 3 5 0 196
0 16 10 2 0 6 107
0 16 10 1 6 1 93
0 16 10 0 1 7 149
0 16 9 9 0 0 125
0 16 9 7 1 1 144
0 16 9 5 2 2 63
0 16 9 3 3 3 75
0 16 9 1 4 4 22
0 16 8 5 0 5 112
0 16 8 4 6 0 50
0 16 8 3 1 6 174
0 16 8 2 7 1 116
0 16 8 1 2 7 66
0 16 8 0 8 2 90
0 16 7 10 1 0 87
0 16 7 8 2 1 81
0 16 7 6 3 2 33
0 16 7 4 4 3 112
0 16 7 2 5 4 58
0 16 7 1 0 10 150
0 16 7 0 6 5 147
0 16 6 8 0 4 115
0 16 6 6 1 5 142
0 16 6 5 7 0 116
0 16 6 4 2 6 118
0 16 6 3 8 1 53
0 16 6 2 3 7 106
0 16 6 1 9 2 181
0 16 6 0 4 8 94
0 16 5 11 2 0 175
0 16 5 9 3 1 183
0 16 5 7 4 2 102
0 16 5 5 5 3 185
0 16 5 4 0 9 40
0 16 5 3 6 4 69
0 16 5 2 1 10 94
0 16 5 1 7 5 173
0 16 5 0 13 0 88
0 16 5 0 2 11 1
0 16 4 11 0 3 75
0 16 4 9 1 4 99
0 16 4 7 2 5 35
0 16 4 6 8 0 81
0 16 4 5 3 6 73
0 16 4 4 9 1 58
0 16 4 3 4 7 48
0 16 4 2 10 2 127
0 16 4 1 5 8 125
0 16 4 0 11 3 92
0 16 4 0 0 14 164
0 16 3 12 3 0 96
0 16 3 10 4 1 88
0 16 3 8 5 2 140
0 16 3 7 0 8 177
0 16 3 6 6 3 74
0 16 3 5 1 9 19
0 16 3 4 7 4 182
0 16 3 3 2 10 144
0 16 3 2 8 5 55
0 16 3 1 14 0 100
0 16 3 1 3 11 119
0 16 3 0 9 6 50
0 16 2 14 0 2 127
0 16 2 10 2 4 123
0 16 2 8 3 5 42
0 16 2 7 9 0 129
0 16 2 6 4 6 103
0 16 2 5 10 1 18
0 16 2 4 5 7 53
0 16 2 3 11 2 56
0 16 2 3 0 13 79
0 16 2 2 6 8 140
0 16 2 1 12 3 7
0 16 2 1 1 14 37
0 16 2 0 7 9 15
0 16 1 13 4 0 140
0 16 1 11 5 1 6
0 16 1 10 0 7 62
0 16 1 9 6 2 118
0 16 1 8 1 8 96
0 16 1 7 7 3 54
0 16 1 6 2 9 94
0 16 1 5 8 4 2
0 16 1 4 3 10 34
0 16 1 3 9 5 81
0 16 1 2 15 0 52
0 16 1 2 4 11 112
0 16 1 1 10 6 129
0 16 1 0 16 1 146
0 16 1 0 5 12 35
0 16 0 17 0 1 123
0 16 0 15 1 2 184
0 16 0 13 2 3 173
0 16 0 11 3 4 100
0 16 0 9 4 5 195
0 16 0 8 10 0 133
0 16 0 7 5 6 66
0 16 0 6 11 1 195
0 16 0 6 0 12 196
0 16 0 5 6 7 184
0 16 0 4 12 2 158
0 16 0 4 1 13 84
0 16 0 3 7 8 134
0 16 0 2 13 3 195
0 16 0 2 2 14 157
0 16 0 1 8 9 11
0 16 0 0 14 4 198
0 16 0 0 3 15 117
0 15 17 1 0 1 145
0 15 15 4 0 0 182
0 15 15 2 1 1 110
0 15 15 0 2 2 20
0 15 14 0 0 5 66
0 15 13 5 1 0 45
0 15 13 3 2 1 42
0 15 13 1 3 2 14
0 15 12 3 0 4 45
0 15 12 1 1 5 167
0 15 12 0 7 0 12
0 15 11 6 2 0 189
0 15 11 4 3 1 82
0 15 11 2 4 2 88
0 15 11 0 5 3 1
0 15 10 6 0 3 142
0 15 10 4 1 4 150
0 15 10 2 2 5 23
0 15 10 1 8 0 191
0 15 10 0 3 6 46
0 15 9 7 3 0 20
0 15 9 5 4 1 100
0 15 9 3 5 2 139
0 15 9 2 0 8 67
0 15 9 1 6 3 121
0 15 9 0 1 9 6
0 15 8 9 0 2 72
0 15 8 7 1 3 74
0 15 8 5 2 4 60
0 15 8 3 3 5 10
0 15 8 2 9 0 15
0 15 8 1 4 6 38
0 15 8 0 10 1 8
0 15 7 8 4 0 143
0 15 7 6 5 1 186
0 15 7 5 0 7 178
0 15 7 4 6 2 56
0 15 7 3 1 8 78
0 15 7 2 7 3 135
0 15 7 1 2 9 143
0 15 7 0 8 4 176
0 15 6 12 0 1 163
0 15 6 10 1 2 47
0 15 6 8 2 3 44
0 15 6 6 3 4 170
0 15 6 4 4 5 14
0 15 6 3 10 0 34
0 15 6 2 5 6 160
0 15 6 1 11 1 49
0 15 6 1 0 12 176
0 15 6 0 6 7 127
0 15 5 9 5 0 83
0 15 5 8 0 6 38
0 15 5 7 6 1 37
0 15 5 6 1 7 108
0 15 5 5 7 2 87
0 15 5 4 2 8 136
0 15 5 3 8 3 63
0 15 5 2 3 9 80
0 15 5 1 9 4 195
0 15 5 0 4 10 100
0 15 4 15 0 0 99
0 15 4 13 1 1 98
0 15 4 11 2 2 163
0 15 4 9 3 3 150
0 15 4 7 4 4 185
0 15 4 5 5 5 92
0 15 4 4 11 0 138
0 15 4 4 0 11 66
0 15 4 3 6 6 155
0 15 4 2 12 1 99
0 15 4 2 1 12 139
0 15 4 1 7 7 14
0 15 4 0 13 2 14
0 15 4 0 2 13 23
0 15 3 11 0 5 25
0 15 3 10 6 0 53
0 15 3 9 1 6 85
0 15 3 8 7 1 115
0 15 3 7 2 7 167
0 15 3 6 8 2 144
0 15 3 5 3 8 36
0 15 3 4 9 3 75
0 15 3 3 4 9 122
0 15 3 2 10 4 46
0 15 3 1 5 10 186
0 15 3 0 11 5 19
0 15 3 0 0 16 157
0 15 2 16 1 0 58
0 15 2 14 2 1 148
0 15 2 12 3 2 69
0 15 2 10 4 3 78
0 15 2 8 5 4 62
0 15 2 7 0 10 137
0 15 2 6 6 5 15
0 15 2 5 12 0 129
0 15 2 5 1 11 123
0 15 2 4 7 6 86
0 15 2 3 13 1 130
0 15 2 3 2 12 197
0 15 2 2 8 7 27
0 15 2 1 14 2 175
0 15 2 1 3 13 133
0 15 2 0 9 8 88
0 15 1 14 0 4 151
0 15 1 12 1 5 72
0 15 1 11 7 0 13
0 15 1 10 2 6 88
0 15 1 9 8 1 134
0 15 1 8 3 7 168
0 15 1 7 9 2 58
0 15 1 6 4 8 136
0 15 1 5 10 3 99
0 15 1 4 5 9 128
0 15 1 3 11 4 115
0 15 1 3 0 15 99
0 15 1 2 6 10 65
0 15 1 1 12 5 134
0 15 1 1 1 16 67
0 15 1 0 18 0 15
0 15 1 0 7 11 165
0 15 0 17 2 0 5
0 15 0 15 3 1 70
0 15 0 13 4 2 186
0 15 0 11 5 3 196
0 15 0 10 0 9 4
0 15 0 9 6 4 148
0 15 0 8 1 10 165
0 15 0 7 7 5 186
0 15 0 6 13 0 100
0 15 0 6 2 11 81
0 15 0 5 8 6 33
0 15 0 4 14 1 24
0 15 0 4 3 12 103
0 15 0 3 9 7 79
0 15 0 2 15 2 165
0 15 0 2 4 13 21
0 15 0 1 10 8 184
0 15 0 0 16 3 170
0 15 0 0 5 14 187
0 14 19 0 1 0 35
0 14 17 1 2 0 64
0 14 16 1 0 3 165
0 14 15 2 3 0 17
0 14 15 0 4 1 5
0 14 14 4 0 2 83
0 14 14 2 1 3 103
0 14 14 0 2 4 26
0 14 13 3 4 0 139
0 14 13 1 5 1 184
0 14 13 0 0 7 32
0 14 12 7 0 1 67
0 14 12 5 1 2 33
0 14 12 3 2 3 157
0 14 12 1 3 4 108
0 14 11 4 5 0 144
0 14 11 3 0 6 134
0 14 11 2 6 1 145
0 14 11 1 1 7 57
0 14 11 0 7 2 80
0 14 10 10 0 0 131
0 14 10 8 1 1 90
0 14 10 6 2 2 89
0 14 10 4 3 3 52
0 14 10 2 4 4 142
0 14 10 0 5 5 15
0 14 9 6 0 5 106
0 14 9 5 6 0 167
0 14 9 4 1 6 191
0 14 9 3 7 1 65
0 14 9 2 2 7 184
0 14 9 1 8 2 73
0 14 9 0 3 8 74
0 14 8 11 1 0 141
0 14 8 9 2 1 196
0 14 8 7 3 2 13
0 14 8 5 4 3 39
0 14 8 3 5 4 106
0 14 8 2 0 10 120
0 14 8 1 6 5 130
0 14 8 0 12 0 80
0 14 8 0 1 11 120
0 14 7 9 0 4 13
0 14 7 7 1 5 30
0 14 7 6 7 0 83
0 14 7 5 2 6 55
0 14 7 4 8 1 77
0 14 7 3 3 7 129
0 14 7 2 9 2 78
0 14 7 1 4 8 188
0 14 7 0 10 3 68
0 14 6 12 2 0 74
0 14 6 10 3 1 48
0 14 6 8 4 2 92
0 14 6 6 5 3 54
0 14 6 5 0 9 160
0 14 6 4 6 4 14
0 14 6 3 1 10 119
0 14 6 2 7 5 8
0 14 6 1 13 0 64
0 14 6 1 2 11 113
0 14 6 0 8 6 12
0 14 5 12 0 3 63
0 14 5 10 1 4 100
0 14 5 8 2 5 48
0 14 5 7 8 0 179
0 14 5 6 3 6 101
0 14 5 5 9 1 143
0 14 5 4 4 7 47
0 14 5 3 10 2 152
0 14 5 2 5 8 113
0 14 5 1 11 3 141
0 14 5 1 0 14 60
0 14 5 0 6 9 83
0 14 4 13 3 0 104
0 14 4 11 4 1 108
0 14 4 9 5 2 69
0 14 4 8 0 8 191
0 14 4 7 6 3 97
0 14 4 6 1 9 170
0 14 4 5 7 4 62
0 14 4 4 2 10 65
0 14 4 3 8 5 9
0 14 4 2 14 0 183
0 14 4 2 3 11 141
0 14 4 1 9 6 123
0 14 4 0 15 1 110
0 14 4 0 4 12 178
0 14 3 15 0 2 68
0 14 3 13 1 3 29
0 14 3 11 2 4 123
0 14 3 9 3 5 154
0 14 3 8 9 0 131
0 14 3 7 4 6 91
0 14 3 6 10 1 141
0 14 3 5 5 7 37
0 14 3 4 11 2 138
0 14 3 4 0 13 39
0 14 3 3 6 8 196
0 14 3 2 12 3 81
0 14 3 2 1 14 59
0 14 3 1 7 9 67
0 14 3 0 13 4 35
0 14 3 0 2 15 91
0 14 2 14 4 0 156
0 14 2 12 5 1 181
0 14 2 11 0 7 197
0 14 2 10 6 2 159
0 14 2 9 1 8 176
0 14 2 8 7 3 188
0 14 2 7 2 9 184
0 14 2 6 8 4 71
0 14 2 5 3 10 25
0 14 2 4 9 5 119
0 14 2 3 15 0 163
0 14 2 3 4 11 151
0 14 2 2 10 6 58
0 14 2 1 16 1 91
0 14 2 1 5 12 68
0 14 2 0 11 7 157
0 14 2 0 0 18 69
0 14 1 18 0 1 120
0 14 1 16 1 2 86
0 14 1 14 2 3 197
0 14 1 12 3 4 174
0 14 1 10 4 5 62
0 14 1 9 10 0 67
0 14 1 8 5 6 160
0 14 1 7 11 1 185
0 14 1 7 0 12 47
0 14 1 6 6 7 129
0 14 1 5 12 2 37
0 14 1 5 1 13 60
0 14 1 4 7 8 140
0 14 1 3 13 3 162
0 14 1 3 2 14 128
0 14 1 2 8 9 27
0 14 1 1 14 4 156
0 14 1 1 3 15 180
0 14 1 0 9 10 151
0 14 0 15 5 0 143
0 14 0 14 0 6 85
0 14 0 13 6 1 125
0 14 0 12 1 7 146
0 14 0 11 7 2 37
0 14 0 10 2 8 63
0 14 0 9 8 3 65
0 14 0 8 3 9 28
0 14 0 7 9 4 88
0 14 0 6 4 10 138
0 14 0 5 10 5 152
0 14 0 4 16 0 20
0 14 0 4 5 11 88
0 14 0 3 11 6 49
0 14 0 3 0 17 104
0 14 0 2 17 1 118
0 14 0 2 6 12 105
0 14 0 1 12 7 26
0 14 0 1 1 18 72
0 14 0 0 18 2 149
0 14 0 0 7 13 36
0 13 18 2 0 1 138
0 13 18 0 1 2 66
0 13 16 5 0 0 1
0 13 16 3 1 1 5
0 13 16 1 2 2 110
0 13 15 1 0 5 95
0 13 15 0 6 0 19
0 13 14 6 1 0 79
0 13 14 4 2 1 140
0 13 14 2 3 2 115
0 13 14 0 4 3 41
0 13 13 4 0 4 49
0 13 13 2 1 5 85
0 13 13 1 7 0 56
0 13 13 0 2 6 113
0 13 12 7 2 0 167
0 13 12 5 3 1 33
0 13 12 3 4 2 160
0 13 12 1 5 3 153
0 13 12 0 0 9 53
0 13 11 7 0 3 19
0 13 11 5 1 4 117
0 13 11 3 2 5 74
0 13 11 2 8 0 102
0 13 11 1 3 6 116
0 13 11 0 9 1 51
0 13 10 8 3 0 118
0 13 10 6 4 1 19
0 13 10 4 5 2 67
0 13 10 3 0 8 108
0 13 10 2 6 3 197
0 13 10 1 1 9 26
0 13 10 0 7 4 121
0 13 9 10 0 2 61
0 13 9 8 1 3 57
0 13 9 6 2 4 21
0 13 9 4 3 5 67
0 13 9 3 9 0 107
0 13 9 2 4 6 1
0 13 9 1 10 1 109
0 13 9 0 5 7 136
0 13 8 9 4 0 29
0 13 8 7 5 1 100
0 13 8 6 0 7 70
0 13 8 5 6 2 27
0 13 8 4 1 8 172
0 13 8 3 7 3 144
0 13 8 2 2 9 171
0 13 8 1 8 4 63
0 13 8 0 3 10 128
0 13 7 13 0 1 69
0 13 7 11 1 2 22
0 13 7 9 2 3 190
0 13 7 7 3 4 31
0 13 7 5 4 5 144
0 13 7 4 10 0 28
0 13 7 3 5 6 60
0 13 7 2 11 1 2
0 13 7 2 0 12 26
0 13 7 1 6 7 18
0 13 7 0 12 2 86
0 13 7 0 1 13 149
0 13 6 10 5 0 144
0 13 6 9 0 6 69
0 13 6 8 6 1 158
0 13 6 7 1 7 180
0 13 6 6 7 2 61
0 13 6 5 2 8 9
0 13 6 4 8 3 142
0 13 6 3 3 9 20
0 13 6 1 4 10 11
0 13 6 0 10 5 165
0 13 5 16 0 0 62
0 13 5 14 1 1 157
0 13 5 12 2 2 8
0 13 5 10 3 3 26
0 13 5 8 4 4 102
0 13 5 6 5 5 109
0 13 5 5 11 0 44
0 13 5 5 0 11 66
0 13 5 4 6 6 132
0 13 5 3 12 1 6
0 13 5 3 1 12 164
0 13 5 2 7 7 95
0 13 5 1 13 2 8
0 13 5 1 2 13 85
0 13 5 0 8 8 110
0 13 4 12 0 5 103
0 13 4 11 6 0 74
0 13 4 10 1 6 185
0 13 4 8 2 7 191
0 13 4 7 8 2 150
0 13 4 6 3 8 71
0 13 4 5 9 3 59
0 13 4 4 4 9 9
0 13 4 3 10 4 49
0 13 4 2 5 10 109
0 13 4 1 11 5 153
0 13 4 1 0 16 168
0 13 4 0 17 0 169
0 13 4 0 6 11 132
0 13 3 17 1 0 97
0 13 3 15 2 1 73
0 13 3 13 3 2 188
0 13 3 11 4 3 143
0 13 3 9 5 4 37
0 13 3 8 0 10 118
0 13 3 7 6 5 124
0 13 3 6 12 0 86
0 13 3 6 1 11 75
0 13 3 5 7 6 128
0 13 3 4 13 1 110
0 13 3 4 2 12 170
0 13 3 3 8 7 166
0 13 3 2 14 2 8
0 13 3 2 3 13 189
0 13 3 1 9 8 8
0 13 3 0 15 3 11
0 13 3 0 4 14 1
0 13 2 15 0 4 41
0 13 2 13 1 5 197
0 13 2 12 7 0 154
0 13 2 11 2 6 76
0 13 2 10 8 1 87
0 13 2 9 3 7 176
0 13 2 8 9 2 8
0 13 2 7 4 8 113
0 13 2 6 10 3 105
0 13 2 5 5 9 112
0 13 2 4 11 4 183
0 13 2 4 0 15 149
0 13 2 3 6 10 165
0 13 2 2 12 5 42
0 13 2 2 1 16 119
0 13 2 1 18 0 33
0 13 2 1 7 11 34
0 13 2 0 13 6 159
0 13 2 0 2 17 149
0 13 1 18 2 0 44
0 13 1 16 3 1 95
0 13 1 14 4 2 159
0 13 1 12 5 3 49
0 13 1 11 0 9 72
0 13 1 10 6 4 33
0 13 1 9 1 10 48
0 13 1 8 7 5 90
0 13 1 7 13 0 103
0 13 1 7 2 11 111
0 13 1 6 8 6 2
0 13 1 5 14 1 72
0 13 1 5 3 12 156
0 13 1 4 9 7 68
0 13 1 3 15 2 24
0 13 1 3 4 13 130
0 13 1 2 10 8 95
0 13 1 1 16 3 3
0 13 1 1 5 14 31
0 13 1 0 11 9 9
0 13 1 0 0 20 7
0 13 0 18 0 3 108
0 13 0 16 1 4 27
0 13 0 14 2 5 127
0 13 0 13 8 0 47
0 13 0 12 3 6 96
0 13 0 11 9 1 23
0 13 0 10 4 7 42
0 13 0 9 10 2 127
0 13 0 8 5 8 73
0 13 0 7 11 3 189
0 13 0 7 0 14 109
0 13 0 6 6 9 46
0 13 0 5 12 4 46
0 13 0 5 1 15 15
0 13 0 4 7 10 50
0 13 0 3 13 5 130
0 13 0 3 2 16 78
0 13 0 2 19 0 83
0 13 0 2 8 11 13
0 13 0 1 14 6 59
0 13 0 1 3 17 7
0 13 0 0 20 1 29
0 13 0 0 9 12 95
0 12 22 0 0 0 103
0 12 20 1 1 0 10
0 12 18 2 2 0 154
0 12 18 0 3 1 60
0 12 17 2 0 3 183
0 12 17 0 1 4 58
0 12 16 3 3 0 9
0 12 16 1 4 1 134
0 12 15 5 0 2 112
0 12 15 3 1 3 27
0 12 15 1 2 4 137
0 12 14 4 4 0 169
0 12 14 2 5 1 40
0 12 14 1 0 7 79
0 12 14 0 6 2 186
0 12 13 8 0 1 142
0 12 13 6 1 2 150
0 12 13 4 2 3 122
0 12 13 2 3 4 48
0 12 13 0 4 5 174
0 12 12 5 5 0 54
0 12 12 4 0 6 109
0 12 12 3 6 1 81
0 12 12 2 1 7 46
0 12 12 1 7 2 84
0 12 12 0 2 8 42
0 12 11 11 0 0 10
0 12 11 9 1 1 72
0 12 11 7 2 2 153
0 12 11 5 3 3 66
0 12 11 3 4 4 50
0 12 11 1 5 5 35
0 12 11 0 11 0 130
0 12 11 0 0 11 186
0 12 10 7 0 5 90
0 12 10 6 6 0 56
0 12 10 5 1 6 34
0 12 10 4 7 1 161
0 12 10 3 2 7 158
0 12 10 2 8 2 116
0 12 10 1 3 8 81
0 12 10 0 9 3 123
0 12 9 12 1 0 17
0 12 9 10 2 1 172
0 12 9 8 3 2 89
0 12 9 6 4 3 177
0 12 9 4 5 4 145
0 12 9 3 0 10 38
0 12 9 2 6 5 53
0 12 9 1 12 0 155
0 12 9 1 1 11 8
0 12 9 0 7 6 161
0 12 8 10 0 4 125
0 12 8 8 1 5 22
0 12 8 7 7 0 35
0 12 8 6 2 6 1
0 12 8 5 8 1 73
0 12 8 4 3 7 17
0 12 8 3 9 2 99
0 12 8 2 4 8 50
0 12 8 1 10 3 111
0 12 8 0 5 9 188
0 12 7 13 2 0 102
0 12 7 11 3 1 99
0 12 7 9 4 2 96
0 12 7 7 5 3 118
0 12 7 6 0 9 130
0 12 7 5 6 4 83
0 12 7 4 1 10 93
0 12 7 3 7 5 180
0 12 7 2 13 0 59
0 12 7 2 2 11 48
0 12 7 1 8 6 123
0 12 7 0 14 1 191
0 12 7 0 3 12 107
0 12 6 13 0 3 158
0 12 6 11 1 4 13
0 12 6 9 2 5 105
0 12 6 8 8 0 24
0 12 6 7 3 6 106
0 12 6 6 9 1 164
0 12 6 5 4 7 158
0 12 6 4 10 2 81
0 12 6 3 5 8 94
0 12 6 2 11 3 110
0 12 6 2 0 14 197
0 12 6 1 6 9 24
0 12 6 0 12 4 50
0 12 6 0 1 15 192
0 12 5 14 3 0 86
0 12 5 12 4 1 74
0 12 5 10 5 2 149
0 12 5 9 0 8 196
0 12 5 8 6 3 110
0 12 5 7 1 9 77
0 12 5 6 7 4 25
0 12 5 5 2 10 132
0 12 5 4 8 5 191
0 12 5 3 14 0 192
0 12 5 3 3 11 43
0 12 5 2 9 6 176
0 12 5 1 15 1 160
0 12 5 1 4 12 132
0 12 5 0 10 7 29
0 12 4 16 0 2 196
0 12 4 14 1 3 158
0 12 4 12 2 4 133
0 12 4 10 3 5 179
0 12 4 9 9 0 168
0 12 4 8 4 6 158
0 12 4 7 10 1 149
0 12 4 6 5 7 42
0 12 4 5 11 2 157
0 12 4 5 0 13 163
0 12 4 4 6 8 194
0 12 4 3 12 3 130
0 12 4 3 1 14 53
0 12 4 2 7 9 57
0 12 4 1 13 4 150
0 12 4 1 2 15 4
0 12 4 0 8 10 198
0 12 3 15 4 0 67
0 12 3 13 5 1 71
0 12 3 12 0 7 124
0 12 3 11 6 2 117
0 12 3 10 1 8 72
0 12 3 9 7 3 4
0 12 3 8 2 9 87
0 12 3 7 8 4 191
0 12 3 6 3 10 25
0 12 3 5 9 5 4
0 12 3 4 15 0 195
0 12 3 4 4 11 144
0 12 3 3 10 6 50
0 12 3 2 16 1 40
0 12 3 2 5 12 158
0 12 3 1 11 7 139
0 12 3 1 0 18 109
0 12 3 0 17 2 58
0 12 3 0 6 13 37
0 12 2 19 0 1 48
0 12 2 17 1 2 132
0 12 2 15 2 3 15
0 12 2 13 3 4 161
0 12 2 11 4 5 173
0 12 2 10 10 0 9
0 12 2 9 5 6 140
0 12 2 8 11 1 187
0 12 2 8 0 12 37
0 12 2 7 6 7 173
0 12 2 6 12 2 86
0 12 2 6 1 13 43
0 12 2 5 7 8 146
0 12 2 4 13 3 47
0 12 2 4 2 14 105
0 12 2 3 8 9 159
0 12 2 2 14 4 13
0 12 2 2 3 15 136
0 12 2 1 9 10 48
0 12 2 0 15 5 151
0 12 2 0 4 16 118
0 12 1 16 5 0 1
0 12 1 15 0 6 103
0 12 1 14 6 1 143
0 12 1 13 1 7 106
0 12 1 12 7 2 4
0 12 1 11 2 8 65
0 12 1 10 8 3 141
0 12 1 9 3 9 179
0 12 1 8 9 4 9
0 12 1 7 4 10 70
0 12 1 6 10 5 116
0 12 1 5 16 0 65
0 12 1 5 5 11 187
0 12 1 4 11 6 53
0 12 1 4 0 17 180
0 12 1 3 17 1 91
0 12 1 3 6 12 128
0 12 1 2 12 7 173
0 12 1 2 1 18 114
0 12 1 1 18 2 137
0 12 1 1 7 13 146
0 12 1 0 13 8 55
0 12 1 0 2 19 12
0 12 0 22 0 0 23
0 12 0 20 1 1 144
0 12 0 18 2 2 77
0 12 0 16 3 3 11
0 12 0 14 4 4 72
0 12 0 12 5 5 169
0 12 0 11 11 0 33
0 12 0 11 0 11 42
0 12 0 10 6 6 29
0 12 0 9 12 1 118
0 12 0 9 1 12 156
0 12 0 8 7 7 169
0 12 0 7 13 2 135
0 12 0 7 2 13 44
0 12 0 6 8 8 178
0 12 0 5 14 3 173
0 12 0 5 3 14 182
0 12 0 4 9 9 185
0 12 0 3 15 4 170
0 12 0 3 4 15 48
0 12 0 2 10 10 128
0 12 0 1 16 5 102
0 12 0 1 5 16 124
0 12 0 0 22 0 52
0 12 0 0 11 11 10
0 12 0 0 0 22 132
0 11 21 0 0 2 198
0 11 19 3 0 1 104
0 11 19 1 1 2 22
0 11 18 0 5 0 166
0 11 17 6 0 0 14
0 11 17 4 1 1 80
0 11 17 2 2 2 72
0 11 17 0 3 3 131
0 11 16 2 0 5 23
0 11 16 1 6 0 142
0 11 16 0 1 6 157
0 11 15 7 1 0 6
0 11 15 5 2 1 129
0 11 15 3 3 2 9
0 11 15 1 4 3 119
0 11 14 5 0 4 39
0 11 14 3 1 5 189
0 11 14 2 7 0 36
0 11 14 1 2 6 134
0 11 14 0 8 1 189
0 11 13 8 2 0 36
0 11 13 6 3 1 87
0 11 13 4 4 2 96
0 11 13 2 5 3 128
0 11 13 1 0 9 48
0 11 13 0 6 4 135
0 11 12 8 0 3 135
0 11 12 6 1 4 58
0 11 12 4 2 5 81
0 11 12 3 8 0 125
0 11 12 2 3 6 111
0 11 12 1 9 1 128
0 11 12 0 4 7 110
0 11 11 9 3 0 73
0 11 11 7 4 1 169
0 11 11 5 5 2 49
0 11 11 4 0 8 165
0 11 11 3 6 3 101
0 11 11 2 1 9 92
0 11 11 1 7 4 48
0 11 11 0 2 10 144
0 11 10 11 0 2 87
0 11 10 9 1 3 80
0 11 10 7 2 4 14
0 11 10 5 3 5 61
0 11 10 4 9 0 72
0 11 10 3 4 6 97
0 11 10 2 10 1 76
0 11 10 1 5 7 51
0 11 10 0 11 2 142
0 11 10 0 0 13 147
0 11 9 10 4 0 143
0 11 9 8 5 1 191
0 11 9 7 0 7 144
0 11 9 6 6 2 189
0 11 9 5 1 8 158
0 11 9 4 7 3 71
0 11 9 3 2 9 50
0 11 9 2 8 4 25
0 11 9 1 3 10 70
0 11 9 0 9 5 146
0 11 8 14 0 1 80
0 11 8 12 1 2 146
0 11 8 10 2 3 187
0 11 8 8 3 4 107
0 11 8 6 4 5 164
0 11 8 5 10 0 16
0 11 8 4 5 6 33
0 11 8 3 11 1 4
0 11 8 3 0 12 195
0 11 8 2 6 7 149
0 11 8 1 12 2 146
0 11 8 1 1 13 172
0 11 8 0 7 8 121
0 11 7 11 5 0 105
0 11 7 10 0 6 127
0 11 7 9 6 1 176
0 11 7 8 1 7 30
0 11 7 7 7 2 48
0 11 7 6 2 8 162
0 11 7 5 8 3 111
0 11 7 4 3 9 194
0 11 7 3 9 4 136
0 11 7 2 4 10 42
0 11 7 1 10 5 152
0 11 7 0 16 0 10
0 11 7 0 5 11 50
0 11 6 17 0 0 1
0 11 6 15 1 1 37
0 11 6 13 2 2 68
0 11 6 11 3 3 160
0 11 6 9 4 4 188
0 11 6 7 5 5 120
0 11 6 6 11 0 121
0 11 6 6 0 11 162
0 11 6 5 6 6 1
0 11 6 4 12 1 193
0 11 6 4 1 12 110
0 11 6 3 7 7 95
0 11 6 2 13 2 92
0 11 6 2 2 13 30
0 11 6 1 8 8 25
0 11 6 0 14 3 40
0 11 6 0 3 14 2
0 11 5 13 0 5 55
0 11 5 12 6 0 177
0 11 5 11 1 6 125
0 11 5 10 7 1 155
0 11 5 9 2 7 157
0 11 5 8 8 2 61
0 11 5 7 3 8 45
0 11 5 6 9 3 157
0 11 5 5 4 9 16
0 11 5 4 10 4 9
0 11 5 3 5 10 93
0 11 5 2 11 5 27
0 11 5 2 0 16 9
0 11 5 1 17 0 31
0 11 5 1 6 11 117
0 11 5 0 12 6 21
0 11 5 0 1 17 159
0 11 4 18 1 0 101
0 11 4 16 2 1 105
0 11 4 14 3 2 122
0 11 4 12 4 3 187
0 11 4 10 5 4 3
0 11 4 9 0 10 124
0 11 4 8 6 5 12
0 11 4 7 12 0 26
0 11 4 7 1 11 150
0 11 4 6 7 6 170
0 11 4 5 13 1 80
0 11 4 5 2 12 177
0 11 4 4 8 7 153
0 11 4 3 14 2 104
0 11 4 3 3 13 90
0 11 4 2 9 8 143
0 11 4 1 15 3 36
0 11 4 1 4 14 52
0 11 4 0 10 9 107
0 11 3 16 0 4 5
0 11 3 14 1 5 101
0 11 3 13 7 0 103
0 11 3 12 2 6 159
0 11 3 11 8 1 62
0 11 3 10 3 7 16
0 11 3 9 9 2 82
0 11 3 8 4 8 21
0 11 3 7 10 3 100
0 11 3 6 5 9 80
0 11 3 5 11 4 29
0 11 3 5 0 15 12
0 11 3 4 6 10 186
0 11 3 3 12 5 97
0 11 3 3 1 16 178
0 11 3 2 18 0 66
0 11 3 2 7 11 140
0 11 3 1 13 6 32
0 11 3 1 2 17 195
0 11 3 0 19 1 48
0 11 3 0 8 12 42
0 11 2 19 2 0 175
0 11 2 17 3 1 41
0 11 2 15 4 2 101
0 11 2 13 5 3 93
0 11 2 12 0 9 114
0 11 2 11 6 4 164
0 11 2 10 1 10 165
0 11 2 9 7 5 180
0 11 2 8 13 0 70
0 11 2 8 2 11 28
0 11 2 7 8 6 174
0 11 2 6 14 1 190
0 11 2 6 3 12 153
0 11 2 5 9 7 172
0 11 2 4 15 2 53
0 11 2 4 4 13 2
0 11 2 3 10 8 104
0 11 2 2 16 3 91
0 11 2 2 5 14 38
0 11 2 1 11 9 25
0 11 2 1 0 20 113
0 11 2 0 17 4 2
0 11 2 0 6 15 129
0 11 1 19 0 3 153
0 11 1 17 1 4 188
0 11 1 15 2 5 65
0 11 1 14 8 0 139
0 11 1 13 3 6 27
0 11 1 12 9 1 61
0 11 1 11 4 7 102
0 11 1 10 10 2 113
0 11 1 9 5 8 137
0 11 1 8 11 3 117
0 11 1 8 0 14 26
0 11 1 7 6 9 152
0 11 1 6 12 4 20
0 11 1 6 1 15 30
0 11 1 5 7 10 74
0 11 1 4 13 5 120
0 11 1 4 2 16 119
0 11 1 3 19 0 146
0 11 1 3 8 11 91
0 11 1 2 14 6 137
0 11 1 2 3 17 44
0 11 1 1 20 1 169
0 11 1 1 9 12 66
0 11 1 0 15 7 124
0 11 1 0 4 18 124
0 11 0 20 3 0 161
0 11 0 18 4 1 186
0 11 0 16 5 2 146
0 11 0 15 0 8 23
0 11 0 14 6 3 20
0 11 0 13 1 9 174
0 11 0 12 7 4 43
0 11 0 11 2 10 119
0 11 0 10 8 5 182
0 11 0 9 14 0 103
0 11 0 9 3 11 92
0 11 0 8 9 6 6
0 11 0 7 15 1 131
0 11 0 7 4 12 145
0 11 0 6 10 7 76
0 11 0 5 16 2 139
0 11 0 5 5 13 38
0 11 0 4 11 8 172
0 11 0 4 0 19 41
0 11 0 3 17 3 172
0 11 0 3 6 14 89
0 11 0 2 12 9 187
0 11 0 2 1 20 156
0 11 0 1 18 4 33
0 11 0 1 7 15 42
0 11 0 0 13 10 119
0 11 0 0 2 21 118
0 10 23 1 0 0 15
0 10 21 2 1 0 28
0 10 21 0 2 1 29
0 10 20 0 0 4 69
0 10 19 3 2 0 25
0 10 19 1 3 1 94
0 10 18 3 0 3 131
0 10 18 1 1 4 87
0 10 17 4 3 0 197
0 10 17 2 4 1 176
0 10 17 0 5 2 36
0 10 16 6 0 2 62
0 10 16 4 1 3 91
0 10 16 2 2 4 79
0 10 16 0 3 5 15
0 10 15 5 4 0 12
0 10 15 3 5 1 83
0 10 15 2 0 7 191
0 10 15 1 6 2 67
0 10 15 0 1 8 128
0 10 14 9 0 1 133
0 10 14 7 1 2 17
0 10 14 5 2 3 172
0 10 14 3 3 4 132
0 10 14 1 4 5 189
0 10 14 0 10 0 37
0 10 13 6 5 0 141
0 10 13 5 0 6 130
0 10 13 4 6 1 35
0 10 13 3 1 7 103
0 10 13 2 7 2 193
0 10 13 1 2 8 35
0 10 13 0 8 3 133
0 10 12 12 0 0 68
0 10 12 10 1 1 50
0 10 12 8 2 2 138
0 10 12 6 3 3 35
0 10 12 4 4 4 95
0 10 12 2 5 5 46
0 10 12 1 11 0 106
0 10 12 1 0 11 4
0 10 12 0 6 6 4
0 10 11 8 0 5 61
0 10 11 7 6 0 30
0 10 11 6 1 6 162
0 10 11 5 7 1 36
0 10 11 4 2 7 136
0 10 11 3 8 2 105
0 10 11 2 3 8 22
0 10 11 1 9 3 53
0 10 11 0 4 9 64
0 10 10 13 1 0 68
0 10 10 11 2 1 183
0 10 10 9 3 2 122
0 10 10 7 4 3 106
0 10 10 5 5 4 141
0 10 10 4 0 10 172
0 10 10 3 6 5 85
0 10 10 2 12 0 176
0 10 10 2 1 11 89
0 10 10 1 7 6 122
0 10 10 0 13 1 36
0 10 10 0 2 12 121
0 10 9 11 0 4 112
0 10 9 9 1 5 169
0 10 9 8 7 0 3
0 10 9 7 2 6 97
0 10 9 6 8 1 177
0 10 9 5 3 7 94
0 10 9 4 9 2 107
0 10 9 3 4 8 184
0 10 9 2 10 3 175
0 10 9 1 5 9 125
0 10 9 0 11 4 183
0 10 9 0 0 15 179
0 10 8 14 2 0 21
0 10 8 12 3 1 11
0 10 8 10 4 2 132
0 10 8 8 5 3 64
0 10 8 7 0 9 95
0 10 8 6 6 4 112
0 10 8 5 1 10 74
0 10 8 4 7 5 63
0 10 8 3 13 0 130
0 10 8 3 2 11 155
0 10 8 2 8 6 146
0 10 8 1 14 1 187
0 10 8 1 3 12 71
0 10 8 0 9 7 102
0 10 7 14 0 3 133
0 10 7 12 1 4 170
0 10 7 10 2 5 55
0 10 7 9 8 0 150
0 10 7 8 3 6 157
0 10 7 7 9 1 10
0 10 7 6 4 7 5
0 10 7 5 10 2 80
0 10 7 4 5 8 176
0 10 7 3 11 3 153
0 10 7 3 0 14 182
0 10 7 2 6 9 29
0 10 7 1 12 4 169
0 10 7 1 1 15 158
0 10 7 0 7 10 18
0 10 6 15 3 0 42
0 10 6 13 4 1 144
0 10 6 11 5 2 160
0 10 6 10 0 8 39
0 10 6 9 6 3 141
0 10 6 8 1 9 132
0 10 6 7 7 4 54
0 10 6 6 2 10 160
0 10 6 5 8 5 69
0 10 6 4 14 0 2
0 10 6 4 3 11 78
0 10 6 3 9 6 33
0 10 6 2 15 1 107
0 10 6 2 4 12 58
0 10 6 1 10 7 62
0 10 6 0 16 2 145
0 10 6 0 5 13 150
0 10 5 17 0 2 123
0 10 5 15 1 3 116
0 10 5 13 2 4 182
0 10 5 11 3 5 11
0 10 5 10 9 0 25
0 10 5 9 4 6 142
0 10 5 8 10 1 57
0 10 5 7 5 7 61
0 10 5 6 11 2 39
0 10 5 6 0 13 111
0 10 5 5 6 8 129
0 10 5 4 12 3 134
0 10 5 4 1 14 183
0 10 5 3 7 9 46
0 10 5 2 13 4 124
0 10 5 2 2 15 79
0 10 5 1 8 10 158
0 10 5 0 14 5 113
0 10 5 0 3 16 78
0 10 4 16 4 0 164
0 10 4 14 5 1 161
0 10 4 13 0 7 170
0 10 4 12 6 2 146
0 10 4 11 1 8 194
0 10 4 10 7 3 70
0 10 4 9 2 9 97
0 10 4 8 8 4 63
0 10 4 7 3 10 20
0 10 4 6 9 5 198
0 10 4 5 15 0 61
0 10 4 5 4 11 192
0 10 4 4 10 6 45
0 10 4 3 16 1 18
0 10 4 3 5 12 159
0 10 4 2 11 7 67
0 10 4 2 0 18 191
0 10 4 1 17 2 93
0 10 4 1 6 13 188
0 10 4 0 12 8 101
0 10 4 0 1 19 198
0 10 3 20 0 1 160
0 10 3 18 1 2 10
0 10 3 16 2 3 12
0 10 3 14 3 4 68
0 10 3 12 4 5 118
0 10 3 11 10 0 42
0 10 3 10 5 6 97
0 10 3 9 11 1 183
0 10 3 9 0 12 108
0 10 3 8 6 7 55
0 10 3 7 12 2 9
0 10 3 7 1 13 64
0 10 3 6 7 8 176
0 10 3 5 13 3 154
0 10 3 5 2 14 115
0 10 3 4 8 9 22
0 10 3 3 14 4 5
0 10 3 3 3 15 84
0 10 3 2 9 10 117
0 10 3 1 15 5 116
0 10 3 1 4 16 170
0 10 3 0 21 0 143
0 10 3 0 10 11 29
0 10 2 17 5 0 128
0 10 2 16 0 6 16
0 10 2 15 6 1 101
0 10 2 14 1 7 189
0 10 2 13 7 2 113
0 10 2 12 2 8 1
0 10 2 11 8 3 56
0 10 2 10 3 9 27
0 10 2 9 9 4 178
0 10 2 8 4 10 61
0 10 2 7 10 5 114
0 10 2 6 16 0 69
0 10 2 6 5 11 62
0 10 2 5 11 6 142
0 10 2 5 0 17 15
0 10 2 4 17 1 63
0 10 2 4 6 12 81
0 10 2 3 12 7 196
0 10 2 3 1 18 6
0 10 2 2 18 2 117
0 10 2 2 7 13 122
0 10 2 1 13 8 183
0 10 2 1 2 19 94
0 10 2 0 19 3 107
0 10 2 0 8 14 75
0 10 1 23 0 0 22
0 10 1 21 1 1 169
0 10 1 19 2 2 31
0 10 1 17 3 3 59
0 10 1 15 4 4 149
0 10 1 13 5 5 24
0 10 1 12 11 0 100
0 10 1 12 0 11 90
0 10 1 11 6 6 126
0 10 1 10 12 1 86
0 10 1 10 1 12 39
0 10 1 9 7 7 24
0 10 1 8 13 2 184
0 10 1 8 2 13 8
0 10 1 7 8 8 171
0 10 1 6 14 3 69
0 10 1 6 3 14 20
0 10 1 5 9 9 156
0 10 1 4 15 4 146
0 10 1 4 4 15 125
0 10 1 3 10 10 172
0 10 1 2 16 5 118
0 10 1 2 5 16 68
0 10 1 1 22 0 136
0 10 1 1 11 11 171
0 10 1 1 0 22 159
0 10 1 0 17 6 90
0 10 1 0 6 17 16
0 10 0 19 0 5 145
0 10 0 18 6 0 63
0 10 0 17 1 6 49
0 10 0 16 7 1 171
0 10 0 15 2 7 190
0 10 0 14 8 2 185
0 10 0 13 3 8 161
0 10 0 12 9 3 98
0 10 0 11 4 9 99
0 10 0 10 10 4 78
0 10 0 9 5 10 179
0 10 0 8 11 5 156
0 10 0 8 0 16 40
0 10 0 7 17 0 25
0 10 0 7 6 11 1
0 10 0 6 12 6 18
0 10 0 6 1 17 49
0 10 0 5 18 1 72
0 10 0 5 7 12 193
0 10 0 4 13 7 33
0 10 0 4 2 18 8
0 10 0 3 19 2 120
0 10 0 3 8 13 87
0 10 0 2 14 8 197
0 10 0 2 3 19 60
0 10 0 1 20 3 168
0 10 0 1 9 14 30
0 10 0 0 15 9 48
0 10 0 0 4 20 8
0 9 22 1 0 2 46
0 9 21 0 4 0 108
0 9 20 4 0 1 143
0 9 20 2 1 2 42
0 9 20 0 2 3 61
0 9 19 1 5 0 43
0 9 19 0 0 6 152
0 9 18 7 0 0 25
0 9 18 5 1 1 49
0 9 18 3 2 2 94
0 9 18 1 3 3 120
0 9 17 3 0 5 31
0 9 17 2 6 0 177
0 9 17 1 1 6 154
0 9 17 0 7 1 84
0 9 16 8 1 0 6
0 9 16 6 2 1 100
0 9 16 4 3 2 20
0 9 16 2 4 3 56
0 9 16 0 5 4 121
0 9 15 6 0 4 27
0 9 15 4 1 5 85
0 9 15 3 7 0 52
0 9 15 2 2 6 173
0 9 15 1 8 1 123
0 9 15 0 3 7 127
0 9 14 9 2 0 52
0 9 14 7 3 1 111
0 9 14 5 4 2 145
0 9 14 3 5 3 79
0 9 14 2 0 9 180
0 9 14 1 6 4 83
0 9 14 0 1 10 62
0 9 13 9 0 3 30
0 9 13 7 1 4 138
0 9 13 5 2 5 33
0 9 13 4 8 0 150
0 9 13 3 3 6 161
0 9 13 2 9 1 105
0 9 13 1 4 7 23
0 9 13 0 10 2 127
0 9 12 10 3 0 9
0 9 12 8 4 1 63
0 9 12 6 5 2 116
0 9 12 5 0 8 50
0 9 12 4 6 3 173
0 9 12 3 1 9 185
0 9 12 2 7 4 188
0 9 12 1 2 10 161
0 9 12 0 8 5 81
0 9 11 12 0 2 88
0 9 11 10 1 3 21
0 9 11 8 2 4 168
0 9 11 6 3 5 68
0 9 11 5 9 0 99
0 9 11 4 4 6 61
0 9 11 3 10 1 129
0 9 11 2 5 7 130
0 9 11 1 11 2 80
0 9 11 1 0 13 182
0 9 11 0 6 8 53
0 9 10 11 4 0 178
0 9 10 9 5 1 183
0 9 10 8 0 7 97
0 9 10 7 6 2 143
0 9 10 6 1 8 114
0 9 10 5 7 3 157
0 9 10 4 2 9 123
0 9 10 3 8 4 132
0 9 10 2 3 10 115
0 9 10 1 9 5 187
0 9 10 0 15 0 157
0 9 10 0 4 11 167
0 9 9 15 0 1 178
0 9 9 13 1 2 41
0 9 9 11 2 3 37
0 9 9 9 3 4 149
0 9 9 7 4 5 30
0 9 9 6 10 0 174
0 9 9 5 5 6 44
0 9 9 4 11 1 36
0 9 9 4 0 12 168
0 9 9 3 6 7 61
0 9 9 2 12 2 17
0 9 9 2 1 13 165
0 9 9 1 7 8 94
0 9 9 0 13 3 117
0 9 9 0 2 14 25
0 9 8 12 5 0 142
0 9 8 11 0 6 106
0 9 8 10 6 1 7
0 9 8 9 1 7 113
0 9 8 8 7 2 169
0 9 8 7 2 8 28
0 9 8 6 8 3 169
0 9 8 5 3 9 90
0 9 8 4 9 4 179
0 9 8 3 4 10 80
0 9 8 2 10 5 150
0 9 8 1 16 0 117
0 9 8 1 5 11 116
0 9 8 0 11 6 73
0 9 8 0 0 17 110
0 9 7 18 0 0 176
0 9 7 16 1 1 7
0 9 7 14 2 2 57
0 9 7 12 3 3 49
0 9 7 10 4 4 31
0 9 7 8 5 5 160
0 9 7 7 11 0 78
0 9 7 7 0 11 158
0 9 7 6 6 6 128
0 9 7 5 12 1 76
0 9 7 5 1 12 44
0 9 7 4 7 7 192
0 9 7 3 13 2 131
0 9 7 3 2 13 184
0 9 7 2 8 8 146
0 9 7 1 14 3 10
0 9 7 1 3 14 114
0 9 7 0 9 9 192
0 9 6 14 0 5 65
0 9 6 13 6 0 163
0 9 6 12 1 6 23
0 9 6 11 7 1 66
0 9 6 10 2 7 81
0 9 6 9 8 2 55
0 9 6 8 3 8 141
0 9 6 7 9 3 70
0 9 6 6 4 9 105
0 9 6 5 10 4 67
0 9 6 4 5 10 93
0 9 6 3 11 5 67
0 9 6 3 0 16 116
0 9 6 2 17 0 162
0 9 6 2 6 11 163
0 9 6 1 12 6 143
0 9 6 1 1 17 34
0 9 6 0 18 1 3
0 9 6 0 7 12 107
0 9 5 19 1 0 161
0 9 5 17 2 1 153
0 9 5 15 3 2 58
0 9 5 13 4 3 124
0 9 5 11 5 4 172
0 9 5 10 0 10 46
0 9 5 9 6 5 178
0 9 5 8 12 0 102
0 9 5 8 1 11 41
0 9 5 7 7 6 133
0 9 5 6 13 1 178
0 9 5 6 2 12 139
0 9 5 5 8 7 20
0 9 5 4 14 2 114
0 9 5 4 3 13 5
0 9 5 3 9 8 192
0 9 5 2 15 3 142
0 9 5 2 4 14 63
0 9 5 1 10 9 53
0 9 5 0 16 4 17
0 9 5 0 5 15 109
0 9 4 17 0 4 194
0 9 4 15 1 5 147
0 9 4 14 7 0 81
0 9 4 13 2 6 16
0 9 4 12 8 1 168
0 9 4 11 3 7 162
0 9 4 10 9 2 18
0 9 4 9 4 8 187
0 9 4 8 10 3 139
0 9 4 7 5 9 182
0 9 4 6 11 4 2
0 9 4 6 0 15 64
0 9 4 5 6 10 38
0 9 4 4 12 5 64
0 9 4 4 1 16 93
0 9 4 3 18 0 148
0 9 4 3 7 11 52
0 9 4 2 13 6 15
0 9 4 2 2 17 157
0 9 4 1 19 1 108
0 9 4 1 8 12 68
0 9 4 0 14 7 150
0 9 4 0 3 18 47
0 9 3 20 2 0 115
0 9 3 18 3 1 128
0 9 3 16 4 2 134
0 9 3 14 5 3 54
0 9 3 13 0 9 193
0 9 3 12 6 4 187
0 9 3 11 1 10 121
0 9 3 10 7 5 31
0 9 3 9 13 0 143
0 9 3 9 2 11 195
0 9 3 8 8 6 81
0 9 3 7 14 1 12
0 9 3 7 3 12 180
0 9 3 6 9 7 70
0 9 3 5 15 2 153
0 9 3 5 4 13 1
0 9 3 4 10 8 105
0 9 3 3 16 3 103
0 9 3 3 5 14 30
0 9 3 2 11 9 10
0 9 3 2 0 20 86
0 9 3 1 17 4 18
0 9 3 1 6 15 49
0 9 3 0 12 10 32
0 9 3 0 1 21 29
0 9 2 20 0 3 48
0 9 2 18 1 4 6
0 9 2 16 2 5 112
0 9 2 15 8 0 106
0 9 2 14 3 6 171
0 9 2 13 9 1 71
0 9 2 12 4 7 159
0 9 2 11 10 2 194
0 9 2 10 5 8 11
0 9 2 9 11 3 156
0 9 2 9 0 14 57
0 9 2 8 6 9 178
0 9 2 7 12 4 53
0 9 2 7 1 15 194
0 9 2 6 7 10 19
0 9 2 5 13 5 21
0 9 2 5 2 16 145
0 9 2 4 19 0 126
0 9 2 4 8 11 5
0 9 2 3 14 6 40
0 9 2 3 3 17 138
0 9 2 2 20 1 60
0 9 2 2 9 12 10
0 9 2 1 15 7 35
0 9 2 1 4 18 150
0 9 2 0 21 2 118
0 9 2 0 10 13 105
0 9 1 21 3 0 15
0 9 1 19 4 1 101
0 9 1 17 5 2 19
0 9 1 16 0 8 57
0 9 1 15 6 3 44
0 9 1 14 1 9 37
0 9 1 13 7 4 167
0 9 1 12 2 10 165
0 9 1 11 8 5 157
0 9 1 10 14 0 164
0 9 1 10 3 11 24
0 9 1 9 9 6 161
0 9 1 8 15 1 154
0 9 1 8 4 12 61
0 9 1 7 10 7 140
0 9 1 6 16 2 133
0 9 1 6 5 13 80
0 9 1 5 11 8 164
0 9 1 5 0 19 19
0 9 1 4 17 3 173
0 9 1 4 6 14 51
0 9 1 3 12 9 92
0 9 1 3 1 20 17
0 9 1 2 18 4 95
0 9 1 2 7 15 32
0 9 1 1 13 10 69
0 9 1 1 2 21 83
0 9 1 0 19 5 96
0 9 1 0 8 16 125
0 9 0 23 0 2 31
0 9 0 21 1 3 16
0 9 0 19 2 4 133
0 9 0 17 3 5 156
0 9 0 16 9 0 18
0 9 0 15 4 6 162
0 9 0 14 10 1 26
0 9 0 13 5 7 51
0 9 0 12 11 2 18
0 9 0 12 0 13 72
0 9 0 11 6 8 16
0 9 0 10 12 3 27
0 9 0 10 1 14 181
0 9 0 9 7 9 116
0 9 0 8 13 4 181
0 9 0 8 2 15 67
0 9 0 7 8 10 23
0 9 0 6 14 5 18
0 9 0 6 3 16 155
0 9 0 5 20 0 185
0 9 0 5 9 11 182
0 9 0 4 15 6 90
0 9 0 4 4 17 117
0 9 0 3 21 1 78
0 9 0 3 10 12 58
0 9 0 2 16 7 142
0 9 0 2 5 18 172
0 9 0 1 22 2 193
0 9 0 1 11 13 5
0 9 0 1 0 24 131
0 9 0 0 17 8 150
0 9 0 0 6 19 192
0 8 24 2 0 0 87
0 8 24 0 1 1 6
0 8 22 3 1 0 117
0 8 22 1 2 1 21
0 8 21 1 0 4 19
0 8 20 4 2 0 69
0 8 20 2 3 1 24
0 8 20 0 4 2 51
0 8 19 4 0 3 102
0 8 19 2 1 4 126
0 8 19 0 2 5 48
0 8 18 5 3 0 38
0 8 18 3 4 1 60
0 8 18 1 5 2 133
0 8 18 0 0 8 35
0 8 17 7 0 2 158
0 8 17 5 1 3 19
0 8 17 3 2 4 171
0 8 17 1 3 5 78
0 8 17 0 9 0 182
0 8 16 6 4 0 110
0 8 16 4 5 1 47
0 8 16 3 0 7 125
0 8 16 2 6 2 41
0 8 16 1 1 8 61
0 8 16 0 7 3 153
0 8 15 10 0 1 62
0 8 15 8 1 2 6
0 8 15 6 2 3 68
0 8 15 4 3 4 53
0 8 15 2 4 5 19
0 8 15 1 10 0 13
0 8 15 0 5 6 129
0 8 14 7 5 0 101
0 8 14 6 0 6 27
0 8 14 5 6 1 195
0 8 14 4 1 7 196
0 8 14 3 7 2 170
0 8 14 2 2 8 63
0 8 14 1 8 3 168
0 8 14 0 3 9 132
0 8 13 13 0 0 24
0 8 13 11 1 1 40
0 8 13 9 2 2 12
0 8 13 7 3 3 196
0 8 13 5 4 4 112
0 8 13 3 5 5 68
0 8 13 2 11 0 129
0 8 13 2 0 11 126
0 8 13 1 6 6 173
0 8 13 0 12 1 99
0 8 13 0 1 12 171
0 8 12 9 0 5 37
0 8 12 8 6 0 125
0 8 12 7 1 6 91
0 8 12 6 7 1 180
0 8 12 5 2 7 104
0 8 12 4 8 2 26
0 8 12 3 3 8 9
0 8 12 2 9 3 178
0 8 12 1 4 9 74
0 8 12 0 10 4 136
0 8 11 14 1 0 192
0 8 11 12 2 1 100
0 8 11 10 3 2 84
0 8 11 8 4 3 49
0 8 11 6 5 4 67
0 8 11 5 0 10 134
0 8 11 4 6 5 66
0 8 11 3 12 0 98
0 8 11 3 1 11 28
0 8 11 2 7 6 192
0 8 11 1 13 1 165
0 8 11 1 2 12 37
0 8 11 0 8 7 40
0 8 10 12 0 4 44
0 8 10 10 1 5 81
0 8 10 9 7 0 193
0 8 10 8 2 6 77
0 8 10 7 8 1 172
0 8 10 6 3 7 150
0 8 10 5 9 2 181
0 8 10 4 4 8 115
0 8 10 3 10 3 129
0 8 10 2 5 9 158
0 8 10 1 11 4 174
0 8 10 1 0 15 95
0 8 10 0 6 10 63
0 8 9 15 2 0 26
0 8 9 13 3 1 95
0 8 9 11 4 2 75
0 8 9 9 5 3 96
0 8 9 8 0 9 11
0 8 9 7 6 4 147
0 8 9 6 1 10 81
0 8 9 5 7 5 125
0 8 9 4 13 0 27
0 8 9 4 2 11 154
0 8 9 3 8 6 131
0 8 9 2 14 1 52
0 8 9 2 3 12 1
0 8 9 1 9 7 72
0 8 9 0 15 2 15
0 8 9 0 4 13 121
0 8 8 15 0 3 188
0 8 8 13 1 4 9
0 8 8 11 2 5 48
0 8 8 10 8 0 44
0 8 8 9 3 6 132
0 8 8 8 9 1 178
0 8 8 7 4 7 149
0 8 8 6 10 2 67
0 8 8 5 5 8 189
0 8 8 4 11 3 46
0 8 8 4 0 14 190
0 8 8 3 6 9 195
0 8 8 2 12 4 1
0 8 8 2 1 15 98
0 8 8 1 7 10 73
0 8 8 0 13 5 166
0 8 8 0 2 16 78
0 8 7 16 3 0 5
0 8 7 14 4 1 117
0 8 7 12 5 2 20
0 8 7 11 0 8 169
0 8 7 10 6 3 146
0 8 7 9 1 9 146
0 8 7 8 7 4 20
0 8 7 7 2 10 97
0 8 7 6 8 5 41
0 8 7 5 14 0 68
0 8 7 5 3 11 189
0 8 7 4 9 6 11
0 8 7 3 15 1 27
0 8 7 3 4 12 116
0 8 7 2 10 7 106
0 8 7 1 16 2 166
0 8 7 1 5 13 24
0 8 7 0 11 8 99
0 8 7 0 0 19 71
0 8 6 18 0 2 49
0 8 6 16 1 3 13
0 8 6 14 2 4 127
0 8 6 12 3 5 141
0 8 6 11 9 0 111
0 8 6 10 4 6 24
0 8 6 9 10 1 144
0 8 6 8 5 7 118
0 8 6 7 11 2 8
0 8 6 7 0 13 188
0 8 6 6 6 8 176
0 8 6 5 12 3 138
0 8 6 5 1 14 73
0 8 6 4 7 9 88
0 8 6 3 13 4 119
0 8 6 3 2 15 121
0 8 6 2 8 10 64
0 8 6 1 14 5 173
0 8 6 1 3 16 135
0 8 6 0 20 0 34
0 8 6 0 9 11 123
0 8 5 17 4 0 77
0 8 5 15 5 1 197
0 8 5 14 0 7 50
0 8 5 13 6 2 57
0 8 5 12 1 8 180
0 8 5 11 7 3 148
0 8 5 10 2 9 51
0 8 5 9 8 4 191
0 8 5 8 3 10 87
0 8 5 7 9 5 17
0 8 5 6 15 0 73
0 8 5 6 4 11 130
0 8 5 5 10 6 93
0 8 5 4 16 1 86
0 8 5 4 5 12 146
0 8 5 3 11 7 175
0 8 5 3 0 18 167
0 8 5 2 17 2 140
0 8 5 2 6 13 188
0 8 5 1 12 8 92
0 8 5 1 1 19 58
0 8 5 0 18 3 118
0 8 5 0 7 14 104
0 8 4 21 0 1 2
0 8 4 19 1 2 49
0 8 4 17 2 3 162
0 8 4 15 3 4 13
0 8 4 13 4 5 54
0 8 4 12 10 0 169
0 8 4 11 5 6 19
0 8 4 10 11 1 21
0 8 4 10 0 12 88
0 8 4 9 6 7 111
0 8 4 8 12 2 167
0 8 4 8 1 13 151
0 8 4 7 7 8 182
0 8 4 6 13 3 46
0 8 4 6 2 14 47
0 8 4 4 14 4 193
0 8 4 4 3 15 197
0 8 4 3 9 10 106
0 8 4 2 15 5 4
0 8 4 2 4 16 17
0 8 4 1 21 0 180
0 8 4 1 10 11 132
0 8 4 0 16 6 174
0 8 4 0 5 17 54
0 8 3 18 5 0 124
0 8 3 17 0 6 167
0 8 3 16 6 1 106
0 8 3 15 1 7 142
0 8 3 14 7 2 118
0 8 3 13 2 8 177
0 8 3 12 8 3 11
0 8 3 11 3 9 177
0 8 3 10 9 4 70
0 8 3 9 4 10 112
0 8 3 8 10 5 162
0 8 3 7 16 0 10
0 8 3 7 5 11 9
0 8 3 6 11 6 176
0 8 3 6 0 17 183
0 8 3 5 17 1 111
0 8 3 5 6 12 18
0 8 3 4 12 7 59
0 8 3 4 1 18 136
0 8 3 3 18 2 113
0 8 3 3 7 13 196
0 8 3 2 13 8 98
0 8 3 2 2 19 148
0 8 3 1 19 3 137
0 8 3 1 8 14 45
0 8 3 0 14 9 174
0 8 3 0 3 20 63
0 8 2 24 0 0 196
0 8 2 22 1 1 32
0 8 2 20 2 2 196
0 8 2 18 3 3 135
0 8 2 16 4 4 50
0 8 2 14 5 5 114
0 8 2 13 11 0 161
0 8 2 13 0 11 196
0 8 2 12 6 6 179
0 8 2 11 12 1 81
0 8 2 11 1 12 77
0 8 2 10 7 7 78
0 8 2 9 13 2 51
0 8 2 9 2 13 22
0 8 2 8 8 8 117
0 8 2 7 14 3 33
0 8 2 7 3 14 1
0 8 2 6 9 9 75
0 8 2 5 15 4 82
0 8 2 5 4 15 170
0 8 2 4 10 10 104
0 8 2 3 16 5 111
0 8 2 3 5 16 166
0 8 2 2 22 0 149
0 8 2 2 11 11 187
0 8 2 2 0 22 46
0 8 2 1 17 6 174
0 8 2 1 6 17 119
0 8 2 0 23 1 171
0 8 2 0 12 12 94
0 8 2 0 1 23 17
0 8 1 20 0 5 71
0 8 1 19 6 0 24
0 8 1 18 1 6 115
0 8 1 17 7 1 170
0 8 1 16 2 7 187
0 8 1 15 8 2 9
0 8 1 14 3 8 191
0 8 1 13 9 3 154
0 8 1 12 4 9 7
0 8 1 11 10 4 16
0 8 1 10 5 10 140
0 8 1 9 11 5 22
0 8 1 9 0 16 101
0 8 1 8 17 0 118
0 8 1 8 6 11 183
0 8 1 7 12 6 164
0 8 1 7 1 17 35
0 8 1 6 18 1 163
0 8 1 6 7 12 184
0 8 1 5 13 7 162
0 8 1 5 2 18 56
0 8 1 4 19 2 5
0 8 1 4 8 13 18
0 8 1 3 14 8 82
0 8 1 3 3 19 169
0 8 1 2 20 3 124
0 8 1 2 9 14 49
0 8 1 1 15 9 39
0 8 1 1 4 20 16
0 8 1 0 21 4 193
0 8 1 0 10 15 142
0 8 0 25 1 0 167
0 8 0 23 2 1 155
0 8 0 21 3 2 159
0 8 0 19 4 3 184
0 8 0 17 5 4 144
0 8 0 16 0 10 185
0 8 0 15 6 5 139
0 8 0 14 12 0 166
0 8 0 14 1 11 5
0 8 0 13 7 6 27
0 8 0 12 13 1 147
0 8 0 12 2 12 164
0 8 0 11 8 7 183
0 8 0 10 14 2 80
0 8 0 10 3 13 131
0 8 0 9 9 8 142
0 8 0 8 15 3 182
0 8 0 8 4 14 53
0 8 0 7 10 9 185
0 8 0 6 16 4 103
0 8 0 6 5 15 42
0 8 0 5 11 10 45
0 8 0 5 0 21 102
0 8 0 4 17 5 14
0 8 0 4 6 16 132
0 8 0 3 23 0 150
0 8 0 3 12 11 54
0 8 0 3 1 22 147
0 8 0 2 18 6 71
0 8 0 2 7 17 157
0 8 0 1 24 1 170
0 8 0 1 13 12 24
0 8 0 1 2 23 119
0 8 0 0 19 7 111
0 8 0 0 8 18 52
0 7 24 0 3 0 59
0 7 23 2 0 2 142
0 7 23 0 1 3 95
0 7 22 1 4 0 172
0 7 21 5 0 1 166
0 7 21 3 1 2 158
0 7 21 1 2 3 46
0 7 20 2 5 0 160
0 7 20 1 0 6 135
0 7 20 0 6 1 151
0 7 19 8 0 0 194
0 7 19 6 1 1 33
0 7 19 4 2 2 87
0 7 19 2 3 3 79
0 7 19 0 4 4 153
0 7 18 4 0 5 80
0 7 18 3 6 0 122
0 7 18 2 1 6 193
0 7 18 1 7 1 89
0 7 18 0 2 7 10
0 7 17 9 1 0 29
0 7 17 7 2 1 161
0 7 17 5 3 2 37
0 7 17 3 4 3 106
0 7 17 1 5 4 176
0 7 17 0 0 10 3
0 7 16 7 0 4 132
0 7 16 5 1 5 11
0 7 16 4 7 0 133
0 7 16 3 2 6 180
0 7 16 2 8 1 46
0 7 16 1 3 7 197
0 7 16 0 9 2 157
0 7 15 10 2 0 74
0 7 15 8 3 1 169
0 7 15 6 4 2 82
0 7 15 4 5 3 59
0 7 15 3 0 9 29
0 7 15 2 6 4 55
0 7 15 1 1 10 120
0 7 15 0 7 5 106
0 7 14 10 0 3 109
0 7 14 8 1 4 37
0 7 14 6 2 5 190
0 7 14 5 8 0 160
0 7 14 4 3 6 152
0 7 14 3 9 1 165
0 7 14 2 4 7 67
0 7 14 1 10 2 173
0 7 14 0 5 8 22
0 7 13 11 3 0 100
0 7 13 9 4 1 111
0 7 13 7 5 2 36
0 7 13 6 0 8 12
0 7 13 5 6 3 29
0 7 13 4 1 9 87
0 7 13 3 7 4 62
0 7 13 2 2 10 87
0 7 13 1 8 5 88
0 7 13 0 14 0 184
0 7 13 0 3 11 146
0 7 12 13 0 2 106
0 7 12 11 1 3 28
0 7 12 9 2 4 16
0 7 12 7 3 5 55
0 7 12 6 9 0 94
0 7 12 5 4 6 65
0 7 12 4 10 1 156
0 7 12 3 5 7 145
0 7 12 2 11 2 17
0 7 12 2 0 13 128
0 7 12 1 6 8 152
0 7 12 0 12 3 187
0 7 12 0 1 14 181
0 7 11 12 4 0 79
0 7 11 10 5 1 123
0 7 11 9 0 7 60
0 7 11 8 6 2 128
0 7 11 7 1 8 8
0 7 11 6 7 3 56
0 7 11 5 2 9 189
0 7 11 4 8 4 22
0 7 11 3 3 10 184
0 7 11 2 9 5 64
0 7 11 1 15 0 70
0 7 11 1 4 11 74
0 7 11 0 10 6 40
0 7 10 16 0 1 71
0 7 10 14 1 2 86
0 7 10 12 2 3 160
0 7 10 10 3 4 138
0 7 10 8 4 5 150
0 7 10 7 10 0 2
0 7 10 6 5 6 183
0 7 10 5 11 1 10
0 7 10 5 0 12 33
0 7 10 4 6 7 59
0 7 10 3 12 2 58
0 7 10 3 1 13 127
0 7 10 2 7 8 175
0 7 10 1 13 3 153
0 7 10 1 2 14 17
0 7 10 0 8 9 21
0 7 9 13 5 0 79
0 7 9 12 0 6 79
0 7 9 11 6 1 177
0 7 9 10 1 7 8
0 7 9 9 7 2 160
0 7 9 8 2 8 44
0 7 9 7 8 3 55
0 7 9 6 3 9 31
0 7 9 5 9 4 109
0 7 9 4 4 10 49
0 7 9 3 10 5 147
0 7 9 2 16 0 68
0 7 9 2 5 11 195
0 7 9 1 11 6 85
0 7 9 1 0 17 176
0 7 9 0 17 1 179
0 7 9 0 6 12 165
0 7 8 19 0 0 14
0 7 8 17 1 1 104
0 7 8 15 2 2 93
0 7 8 13 3 3 197
0 7 8 11 4 4 129
0 7 8 9 5 5 87
0 7 8 8 11 0 180
0 7 8 8 0 11 195
0 7 8 7 6 6 198
0 7 8 6 12 1 116
0 7 8 6 1 12 83
0 7 8 5 7 7 168
0 7 8 4 13 2 62
0 7 8 4 2 13 104
0 7 8 3 8 8 11
0 7 8 2 14 3 67
0 7 8 2 3 14 138
0 7 8 1 9 9 179
0 7 8 0 15 4 146
0 7 8 0 4 15 18
0 7 7 15 0 5 130
0 7 7 14 6 0 75
0 7 7 13 1 6 186
0 7 7 12 7 1 70
0 7 7 11 2 7 176
0 7 7 10 8 2 190
0 7 7 9 3 8 44
0 7 7 8 9 3 57
0 7 7 7 4 9 177
0 7 7 6 10 4 132
0 7 7 5 5 10 141
0 7 7 4 11 5 3
0 7 7 4 0 16 90
0 7 7 3 17 0 70
0 7 7 3 6 11 71
0 7 7 2 12 6 178
0 7 7 2 1 17 145
0 7 7 1 18 1 177
0 7 7 1 7 12 104
0 7 7 0 13 7 70
0 7 7 0 2 18 160
0 7 6 20 1 0 28
0 7 6 18 2 1 6
0 7 6 16 3 2 162
0 7 6 14 4 3 5
0 7 6 12 5 4 36
0 7 6 11 0 10 146
0 7 6 10 6 5 197
0 7 6 9 12 0 166
0 7 6 9 1 11 46
0 7 6 8 7 6 27
0 7 6 7 13 1 91
0 7 6 7 2 12 30
0 7 6 6 8 7 117
0 7 6 5 14 2 83
0 7 6 5 3 13 108
0 7 6 4 9 8 169
0 7 6 3 15 3 7
0 7 6 3 4 14 186
0 7 6 2 10 9 179
0 7 6 1 16 4 62
0 7 6 1 5 15 142
0 7 6 0 11 10 91
0 7 6 0 0 21 159
0 7 5 18 0 4 77
0 7 5 16 1 5 42
0 7 5 15 7 0 191
0 7 5 14 2 6 30
0 7 5 13 8 1 49
0 7 5 12 3 7 139
0 7 5 11 9 2 56
0 7 5 10 4 8 146
0 7 5 9 10 3 143
0 7 5 8 5 9 161
0 7 5 7 11 4 176
0 7 5 7 0 15 13
0 7 5 6 6 10 118
0 7 5 5 12 5 135
0 7 5 5 1 16 78
0 7 5 4 18 0 167
0 7 5 4 7 11 45
0 7 5 3 13 6 28
0 7 5 3 2 17 96
0 7 5 2 19 1 127
0 7 5 2 8 12 149
0 7 5 1 14 7 35
0 7 5 1 3 18 109
0 7 5 0 20 2 39
0 7 5 0 9 13 191
0 7 4 21 2 0 52
0 7 4 19 3 1 36
0 7 4 17 4 2 97
0 7 4 15 5 3 62
0 7 4 14 0 9 142
0 7 4 13 6 4 43
0 7 4 12 1 10 107
0 7 4 11 7 5 91
0 7 4 10 13 0 20
0 7 4 10 2 11 125
0 7 4 9 8 6 55
0 7 4 8 14 1 18
0 7 4 8 3 12 196
0 7 4 7 9 7 76
0 7 4 6 15 2 97
0 7 4 6 4 13 20
0 7 4 5 10 8 75
0 7 4 4 16 3 60
0 7 4 4 5 14 176
0 7 4 3 11 9 121
0 7 4 3 0 20 110
0 7 4 2 17 4 72
0 7 4 2 6 15 172
0 7 4 1 12 10 141
0 7 4 1 1 21 57
0 7 4 0 18 5 9
0 7 4 0 7 16 164
0 7 3 21 0 3 149
0 7 3 19 1 4 103
0 7 3 17 2 5 123
0 7 3 16 8 0 2
0 7 3 15 3 6 74
0 7 3 14 9 1 96
0 7 3 13 4 7 51
0 7 3 12 10 2 177
0 7 3 11 5 8 71
0 7 3 10 11 3 48
0 7 3 10 0 14 56
0 7 3 9 6 9 198
0 7 3 8 12 4 130
0 7 3 8 1 15 76
0 7 3 7 7 10 32
0 7 3 6 13 5 57
0 7 3 6 2 16 96
0 7 3 5 19 0 139
0 7 3 5 8 11 84
0 7 3 4 14 6 193
0 7 3 4 3 17 135
0 7 3 3 20 1 82
0 7 3 3 9 12 25
0 7 3 2 15 7 194
0 7 3 2 4 18 183
0 7 3 1 21 2 113
0 7 3 1 10 13 44
0 7 3 0 16 8 114
0 7 3 0 5 19 71
0 7 2 22 3 0 83
0 7 2 20 4 1 48
0 7 2 18 5 2 3
0 7 2 17 0 8 30
0 7 2 16 6 3 23
0 7 2 15 1 9 134
0 7 2 14 7 4 153
0 7 2 13 2 10 127
0 7 2 12 8 5 43
0 7 2 11 14 0 149
0 7 2 11 3 11 124
0 7 2 10 9 6 51
0 7 2 9 15 1 80
0 7 2 9 4 12 144
0 7 2 8 10 7 153
0 7 2 7 16 2 28
0 7 2 7 5 13 113
0 7 2 6 11 8 175
0 7 2 6 0 19 120
0 7 2 5 17 3 106
0 7 2 5 6 14 176
0 7 2 4 12 9 2
0 7 2 4 1 20 109
0 7 2 3 18 4 98
0 7 2 3 7 15 180
0 7 2 2 13 10 16
0 7 2 2 2 21 37
0 7 2 1 19 5 98
0 7 2 1 8 16 7
0 7 2 0 25 0 29
0 7 2 0 14 11 123
0 7 2 0 3 22 38
0 7 1 24 0 2 149
0 7 1 22 1 3 107
0 7 1 20 2 4 159
0 7 1 18 3 5 126
0 7 1 17 9 0 146
0 7 1 16 4 6 39
0 7 1 15 10 1 70
0 7 1 14 5 7 173
0 7 1 13 11 2 136
0 7 1 13 0 13 142
0 7 1 12 6 8 189
0 7 1 11 12 3 60
0 7 1 11 1 14 62
0 7 1 10 7 9 124
0 7 1 9 13 4 181
0 7 1 9 2 15 114
0 7 1 8 8 10 62
0 7 1 7 14 5 2
0 7 1 7 3 16 176
0 7 1 6 20 0 129
0 7 1 6 9 11 42
0 7 1 5 15 6 83
0 7 1 5 4 17 29
0 7 1 4 21 1 21
0 7 1 4 10 12 129
0 7 1 3 16 7 164
0 7 1 3 5 18 35
0 7 1 2 22 2 82
0 7 1 2 11 13 104
0 7 1 2 0 24 92
0 7 1 1 17 8 49
0 7 1 1 6 19 162
0 7 1 0 23 3 166
0 7 1 0 12 14 156
0 7 1 0 1 25 98
0 7 0 23 4 0 111
0 7 0 21 5 1 45
0 7 0 20 0 7 197
0 7 0 19 6 2 194
0 7 0 18 1 8 93
0 7 0 17 7 3 99
0 7 0 16 2 9 182
0 7 0 15 8 4 155
0 7 0 14 3 10 190
0 7 0 13 9 5 67
0 7 0 12 15 0 10
0 7 0 12 4 11 171
0 7 0 11 10 6 178
0 7 0 10 16 1 102
0 7 0 10 5 12 131
0 7 0 9 11 7 188
0 7 0 9 0 18 16
0 7 0 8 17 2 195
0 7 0 8 6 13 97
0 7 0 7 12 8 184
0 7 0 7 1 19 15
0 7 0 6 18 3 2
0 7 0 6 7 14 33
0 7 0 5 13 9 131
0 7 0 5 2 20 4
0 7 0 4 19 4 33
0 7 0 4 8 15 31
0 7 0 3 14 10 148
0 7 0 3 3 21 188
0 7 0 2 20 5 81
0 7 0 2 9 16 23
0 7 0 1 26 0 52
0 7 0 1 15 11 53
0 7 0 1 4 22 100
0 7 0 0 21 6 125
0 7 0 0 10 17 144
0 6 27 0 0 1 193
0 6 25 3 0 0 195
0 6 25 1 1 1 195
0 6 23 4 1 0 42
0 6 23 2 2 1 175
0 6 23 0 3 2 35
0 6 22 2 0 4 37
0 6 22 0 1 5 9
0 6 21 5 2 0 32
0 6 21 3 3 1 110
0 6 21 1 4 2 67
0 6 20 5 0 3 146
0 6 20 3 1 4 141
0 6 20 1 2 5 79
0 6 20 0 8 0 168
0 6 19 6 3 0 128
0 6 19 4 4 1 150
0 6 19 2 5 2 80
0 6 19 1 0 8 155
0 6 19 0 6 3 82
0 6 18 8 0 2 189
0 6 18 6 1 3 13
0 6 18 4 2 4 30
0 6 18 2 3 5 28
0 6 18 1 9 0 84
0 6 18 0 4 6 129
0 6 17 7 4 0 162
0 6 17 5 5 1 83
0 6 17 4 0 7 23
0 6 17 3 6 2 120
0 6 17 2 1 8 56
0 6 17 1 7 3 56
0 6 17 0 2 9 174
0 6 16 11 0 1 62
0 6 16 9 1 2 88
0 6 16 7 2 3 57
0 6 16 5 3 4 125
0 6 16 3 4 5 126
0 6 16 2 10 0 139
0 6 16 1 5 6 35
0 6 16 0 11 1 180
0 6 16 0 0 12 159
0 6 15 8 5 0 120
0 6 15 7 0 6 130
0 6 15 6 6 1 75
0 6 15 5 1 7 114
0 6 15 4 7 2 98
0 6 15 3 2 8 170
0 6 15 2 8 3 163
0 6 15 1 3 9 6
0 6 15 0 9 4 88
0 6 14 14 0 0 139
0 6 14 12 1 1 50
0 6 14 10 2 2 143
0 6 14 8 3 3 141
0 6 14 6 4 4 55
0 6 14 4 5 5 150
0 6 14 3 11 0 36
0 6 14 3 0 11 15
0 6 14 2 6 6 16
0 6 14 1 12 1 19
0 6 14 1 1 12 5
0 6 14 0 7 7 43
0 6 13 10 0 5 183
0 6 13 9 6 0 148
0 6 13 8 1 6 10
0 6 13 7 7 1 71
0 6 13 6 2 7 178
0 6 13 5 8 2 76
0 6 13 4 3 8 48
0 6 13 3 9 3 49
0 6 13 2 4 9 87
0 6 13 1 10 4 126
0 6 13 0 5 10 50
0 6 12 15 1 0 158
0 6 12 13 2 1 74
0 6 12 11 3 2 146
0 6 12 9 4 3 167
0 6 12 7 5 4 97
0 6 12 6 0 10 62
0 6 12 5 6 5 81
0 6 12 4 12 0 43
0 6 12 4 1 11 23
0 6 12 3 7 6 9
0 6 12 2 13 1 127
0 6 12 2 2 12 36
0 6 12 1 8 7 172
0 6 12 0 14 2 193
0 6 12 0 3 13 147
0 6 11 13 0 4 134
0 6 11 11 1 5 168
0 6 11 10 7 0 82
0 6 11 9 2 6 177
0 6 11 8 8 1 35
0 6 11 7 3 7 136
0 6 11 6 9 2 111
0 6 11 5 4 8 76
0 6 11 4 10 3 106
0 6 11 3 5 9 66
0 6 11 2 11 4 181
0 6 11 2 0 15 80
0 6 11 1 6 10 133
0 6 11 0 12 5 168
0 6 11 0 1 16 41
0 6 10 16 2 0 39
0 6 10 14 3 1 67
0 6 10 12 4 2 140
0 6 10 10 5 3 116
0 6 10 9 0 9 66
0 6 10 8 6 4 141
0 6 10 7 1 10 131
0 6 10 6 7 5 163
0 6 10 5 13 0 144
0 6 10 5 2 11 56
0 6 10 4 8 6 97
0 6 10 3 14 1 127
0 6 10 3 3 12 183
0 6 10 2 9 7 19
0 6 10 1 15 2 92
0 6 10 1 4 13 7
0 6 10 0 10 8 198
0 6 9 16 0 3 34
0 6 9 14 1 4 65
0 6 9 12 2 5 22
0 6 9 11 8 0 156
0 6 9 10 3 6 1
0 6 9 9 9 1 14
0 6 9 8 4 7 158
0 6 9 7 10 2 157
0 6 9 6 5 8 120
0 6 9 5 11 3 66
0 6 9 5 0 14 5
0 6 9 4 6 9 137
0 6 9 3 12 4 31
0 6 9 3 1 15 20
0 6 9 2 7 10 134
0 6 9 1 13 5 109
0 6 9 1 2 16 22
0 6 9 0 19 0 162
0 6 9 0 8 11 75
0 6 8 17 3 0 73
0 6 8 15 4 1 32
0 6 8 13 5 2 174
0 6 8 12 0 8 155
0 6 8 11 6 3 103
0 6 8 10 1 9 57
0 6 8 9 7 4 75
0 6 8 8 2 10 111
0 6 8 7 8 5 126
0 6 8 6 14 0 110
0 6 8 6 3 11 119
0 6 8 5 9 6 4
0 6 8 4 15 1 125
0 6 8 4 4 12 95
0 6 8 3 10 7 41
0 6 8 2 16 2 173
0 6 8 2 5 13 28
0 6 8 1 11 8 147
0 6 8 1 0 19 83
0 6 8 0 17 3 11
0 6 8 0 6 14 11
0 6 7 19 0 2 50
0 6 7 17 1 3 42
0 6 7 15 2 4 159
0 6 7 13 3 5 123
0 6 7 12 9 0 32
0 6 7 11 4 6 122
0 6 7 10 10 1 105
0 6 7 9 5 7 21
0 6 7 8 11 2 20
0 6 7 8 0 13 153
0 6 7 7 6 8 123
0 6 7 6 12 3 148
0 6 7 6 1 14 53
0 6 7 5 7 9 5
0 6 7 4 13 4 91
0 6 7 4 2 15 129
0 6 7 3 8 10 126
0 6 7 2 14 5 184
0 6 7 2 3 16 3
0 6 7 1 20 0 131
0 6 7 1 9 11 76
0 6 7 0 15 6 2
0 6 7 0 4 17 45
0 6 6 18 4 0 132
0 6 6 16 5 1 20
0 6 6 15 0 7 8
0 6 6 14 6 2 40
0 6 6 13 1 8 2
0 6 6 12 7 3 8
0 6 6 11 2 9 113
0 6 6 10 8 4 106
0 6 6 9 3 10 115
0 6 6 8 9 5 83
0 6 6 7 15 0 57
0 6 6 7 4 11 32
0 6 6 6 10 6 167
0 6 6 5 16 1 39
0 6 6 5 5 12 66
0 6 6 4 11 7 37
0 6 6 4 0 18 197
0 6 6 3 17 2 67
0 6 6 3 6 13 187
0 6 6 2 12 8 89
0 6 6 2 1 19 61
0 6 6 1 18 3 154
0 6 6 1 7 14 180
0 6 6 0 13 9 44
0 6 6 0 2 20 40
0 6 5 22 0 1 171
0 6 5 20 1 2 83
0 6 5 18 2 3 83
0 6 5 16 3 4 85
0 6 5 14 4 5 148
0 6 5 13 10 0 162
0 6 5 12 5 6 72
0 6 5 11 11 1 188
0 6 5 11 0 12 64
0 6 5 9 12 2 139
0 6 5 9 1 13 71
0 6 5 8 7 8 158
0 6 5 7 13 3 23
0 6 5 7 2 14 45
0 6 5 6 8 9 190
0 6 5 5 14 4 99
0 6 5 5 3 15 76
0 6 5 4 9 10 125
0 6 5 3 15 5 5
0 6 5 3 4 16 166
0 6 5 2 21 0 157
0 6 5 2 10 11 75
0 6 5 1 16 6 167
0 6 5 1 5 17 184
0 6 5 0 22 1 195
0 6 5 0 11 12 60
0 6 5 0 0 23 145
0 6 4 19 5 0 94
0 6 4 18 0 6 87
0 6 4 17 6 1 55
0 6 4 16 1 7 1
0 6 4 15 7 2 56
0 6 4 14 2 8 169
0 6 4 13 8 3 181
0 6 4 12 3 9 166
0 6 4 11 9 4 79
0 6 4 10 4 10 190
0 6 4 9 10 5 192
0 6 4 8 16 0 25
0 6 4 8 5 11 147
0 6 4 7 11 6 156
0 6 4 7 0 17 38
0 6 4 6 17 1 79
0 6 4 6 6 12 161
0 6 4 5 12 7 12
0 6 4 5 1 18 65
0 6 4 4 18 2 110
0 6 4 4 7 13 157
0 6 4 3 13 8 52
0 6 4 3 2 19 64
0 6 4 2 19 3 8
0 6 4 2 8 14 90
0 6 4 1 14 9 12
0 6 4 1 3 20 169
0 6 4 0 20 4 101
0 6 4 0 9 15 48
0 6 3 25 0 0 58
0 6 3 23 1 1 35
0 6 3 21 2 2 28
0 6 3 19 3 3 30
0 6 3 17 4 4 65
0 6 3 15 5 5 63
0 6 3 14 11 0 58
0 6 3 14 0 11 99
0 6 3 13 6 6 50
0 6 3 12 12 1 125
0 6 3 12 1 12 129
0 6 3 11 7 7 1
0 6 3 10 13 2 56
0 6 3 10 2 13 60
0 6 3 9 8 8 45
0 6 3 8 14 3 45
0 6 3 8 3 14 78
0 6 3 7 9 9 175
0 6 3 6 15 4 99
0 6 3 6 4 15 198
0 6 3 5 10 10 138
0 6 3 4 16 5 23
0 6 3 4 5 16 92
0 6 3 3 22 0 171
0 6 3 3 11 11 100
0 6 3 3 0 22 87
0 6 3 2 6 17 38
0 6 3 1 23 1 83
0 6 3 1 12 12 72
0 6 3 1 1 23 63
0 6 3 0 18 7 78
0 6 3 0 7 18 168
0 6 2 21 0 5 32
0 6 2 20 6 0 133
0 6 2 19 1 6 3
0 6 2 18 7 1 6
0 6 2 17 2 7 108
0 6 2 16 8 2 90
0 6 2 15 3 8 109
0 6 2 14 9 3 60
0 6 2 13 4 9 40
0 6 2 12 10 4 96
0 6 2 11 5 10 2
0 6 2 10 11 5 52
0 6 2 10 0 16 92
0 6 2 9 17 0 27
0 6 2 9 6 11 97
0 6 2 8 12 6 62
0 6 2 8 1 17 20
0 6 2 7 18 1 81
0 6 2 7 7 12 23
0 6 2 6 13 7 161
0 6 2 6 2 18 66
0 6 2 5 19 2 18
0 6 2 5 8 13 99
0 6 2 4 14 8 62
0 6 2 4 3 19 66
0 6 2 3 20 3 186
0 6 2 3 9 14 138
0 6 2 2 15 9 26
0 6 2 2 4 20 115
0 6 2 1 21 4 102
0 6 2 1 10 15 25
0 6 2 0 16 10 192
0 6 2 0 5 21 73
0 6 1 26 1 0 83
0 6 1 24 2 1 71
0 6 1 22 3 2 184
0 6 1 20 4 3 10
0 6 1 18 5 4 85
0 6 1 17 0 10 191
0 6 1 16 6 5 53
0 6 1 15 12 0 55
0 6 1 15 1 11 129
0 6 1 14 7 6 42
0 6 1 13 13 1 21
0 6 1 13 2 12 47
0 6 1 12 8 7 89
0 6 1 11 14 2 132
0 6 1 11 3 13 61
0 6 1 10 9 8 15
0 6 1 9 15 3 7
0 6 1 9 4 14 138
0 6 1 8 10 9 136
0 6 1 7 16 4 189
0 6 1 7 5 15 119
0 6 1 6 11 10 24
0 6 1 6 0 21 11
0 6 1 5 17 5 186
0 6 1 5 6 16 102
0 6 1 4 23 0 60
0 6 1 4 12 11 24
0 6 1 4 1 22 191
0 6 1 3 18 6 25
0 6 1 3 7 17 192
0 6 1 2 24 1 136
0 6 1 2 13 12 165
0 6 1 2 2 23 35
0 6 1 1 19 7 75
0 6 1 1 8 18 157
0 6 1 0 25 2 132
0 6 1 0 14 13 116
0 6 1 0 3 24 32
0 6 0 24 0 4 12
0 6 0 22 1 5 197
0 6 0 21 7 0 17
0 6 0 20 2 6 159
0 6 0 19 8 1 167
0 6 0 18 3 7 116
0 6 0 17 9 2 33
0 6 0 16 4 8 64
0 6 0 15 10 3 119
0 6 0 14 5 9 59
0 6 0 13 11 4 48
0 6 0 13 0 15 6
0 6 0 12 6 10 110
0 6 0 11 12 5 6
0 6 0 11 1 16 186
0 6 0 10 18 0 189
0 6 0 10 7 11 49
0 6 0 9 13 6 41
0 6 0 9 2 17 182
0 6 0 8 19 1 147
0 6 0 8 8 12 180
0 6 0 7 14 7 40
0 6 0 7 3 18 23
0 6 0 6 20 2 140
0 6 0 6 9 13 151
0 6 0 5 4 19 14
0 6 0 4 21 3 197
0 6 0 4 10 14 198
0 6 0 3 16 9 63
0 6 0 3 5 20 136
0 6 0 2 11 15 177
0 6 0 2 0 26 134
0 6 0 1 17 10 28
0 6 0 1 6 21 112
0 6 0 0 23 5 47
0 6 0 0 12 16 152
0 6 0 0 1 27 114
0 5 27 0 2 0 83
0 5 26 0 0 3 143
0 5 25 1 3 0 65
0 5 24 3 0 2 169
0 5 24 1 1 3 11
0 5 23 2 4 0 73
0 5 23 0 5 1 53
0 5 22 6 0 1 149
0 5 22 4 1 2 73
0 5 22 2 2 3 167
0 5 22 0 3 4 133
0 5 21 3 5 0 156
0 5 21 2 0 6 126
0 5 21 1 6 1 185
0 5 21 0 1 7 121
0 5 20 9 0 0 145
0 5 20 7 1 1 2
0 5 20 5 2 2 163
0 5 20 3 3 3 52
0 5 20 1 4 4 78
0 5 19 5 0 5 107
0 5 19 4 6 0 148
0 5 19 3 1 6 122
0 5 19 2 7 1 182
0 5 19 1 2 7 40
0 5 19 0 8 2 135
0 5 18 10 1 0 159
0 5 18 8 2 1 47
0 5 18 6 3 2 178
0 5 18 4 4 3 64
0 5 18 2 5 4 194
0 5 18 1 0 10 78
0 5 18 0 6 5 88
0 5 17 8 0 4 106
0 5 17 6 1 5 50
0 5 17 5 7 0 88
0 5 17 4 2 6 90
0 5 17 3 8 1 110
0 5 17 2 3 7 14
0 5 17 1 9 2 16
0 5 17 0 4 8 174
0 5 16 11 2 0 57
0 5 16 9 3 1 93
0 5 16 7 4 2 50
0 5 16 5 5 3 197
0 5 16 4 0 9 196
0 5 16 3 6 4 152
0 5 16 2 1 10 2
0 5 16 1 7 5 41
0 5 16 0 13 0 190
0 5 16 0 2 11 40
0 5 15 11 0 3 57
0 5 15 9 1 4 102
0 5 15 7 2 5 84
0 5 15 6 8 0 93
0 5 15 5 3 6 91
0 5 15 4 9 1 13
0 5 15 3 4 7 100
0 5 15 2 10 2 56
0 5 15 1 5 8 100
0 5 15 0 11 3 110
0 5 15 0 0 14 98
0 5 14 12 3 0 9
0 5 14 10 4 1 82
0 5 14 8 5 2 172
0 5 14 7 0 8 173
0 5 14 6 6 3 125
0 5 14 5 1 9 41
0 5 14 4 7 4 26
0 5 14 3 2 10 182
0 5 14 2 8 5 43
0 5 14 1 14 0 3
0 5 14 1 3 11 70
0 5 14 0 9 6 55
0 5 13 14 0 2 56
0 5 13 12 1 3 7
0 5 13 10 2 4 166
0 5 13 8 3 5 172
0 5 13 7 9 0 50
0 5 13 6 4 6 93
0 5 13 5 10 1 55
0 5 13 4 5 7 116
0 5 13 3 11 2 171
0 5 13 3 0 13 51
0 5 13 2 6 8 184
0 5 13 1 12 3 85
0 5 13 1 1 14 142
0 5 13 0 7 9 179
0 5 12 13 4 0 196
0 5 12 11 5 1 149
0 5 12 10 0 7 122
0 5 12 9 6 2 110
0 5 12 8 1 8 51
0 5 12 7 7 3 115
0 5 12 6 2 9 146
0 5 12 5 8 4 42
0 5 12 4 3 10 122
0 5 12 3 9 5 135
0 5 12 2 15 0 115
0 5 12 2 4 11 156
0 5 12 1 10 6 109
0 5 12 0 16 1 66
0 5 12 0 5 12 149
0 5 11 17 0 1 63
0 5 11 15 1 2 58
0 5 11 13 2 3 31
0 5 11 11 3 4 97
0 5 11 9 4 5 189
0 5 11 8 10 0 77
0 5 11 7 5 6 2
0 5 11 6 11 1 105
0 5 11 6 0 12 174
0 5 11 5 6 7 87
0 5 11 4 12 2 158
0 5 11 4 1 13 41
0 5 11 3 7 8 172
0 5 11 2 13 3 32
0 5 11 2 2 14 128
0 5 11 1 8 9 161
0 5 11 0 14 4 186
0 5 11 0 3 15 108
0 5 10 14 5 0 125
0 5 10 13 0 6 12
0 5 10 12 6 1 175
0 5 10 11 1 7 101
0 5 10 10 7 2 66
0 5 10 9 2 8 33
0 5 10 8 8 3 68
0 5 10 7 3 9 159
0 5 10 6 9 4 171
0 5 10 5 4 10 80
0 5 10 4 10 5 18
0 5 10 3 16 0 94
0 5 10 3 5 11 48
0 5 10 2 11 6 38
0 5 10 2 0 17 91
0 5 10 1 17 1 42
0 5 10 1 6 12 48
0 5 10 0 12 7 29
0 5 10 0 1 18 104
0 5 9 20 0 0 87
0 5 9 18 1 1 51
0 5 9 16 2 2 194
0 5 9 14 3 3 6
0 5 9 12 4 4 87
0 5 9 10 5 5 77
0 5 9 9 11 0 166
0 5 9 9 0 11 13
0 5 9 8 6 6 88
0 5 9 7 12 1 123
0 5 9 7 1 12 156
0 5 9 6 7 7 93
0 5 9 5 13 2 39
0 5 9 5 2 13 12
0 5 9 4 8 8 41
0 5 9 3 14 3 19
0 5 9 3 3 14 139
0 5 9 2 9 9 38
0 5 9 1 15 4 102
0 5 9 1 4 15 15
0 5 9 0 10 10 188
0 5 8 16 0 5 190
0 5 8 15 6 0 83
0 5 8 14 1 6 95
0 5 8 13 7 1 150
0 5 8 12 2 7 24
0 5 8 11 8 2 140
0 5 8 10 3 8 49
0 5 8 9 9 3 142
0 5 8 8 4 9 35
0 5 8 7 10 4 141
0 5 8 6 5 10 39
0 5 8 5 11 5 162
0 5 8 5 0 16 123
0 5 8 4 17 0 46
0 5 8 4 6 11 77
0 5 8 3 12 6 62
0 5 8 3 1 17 34
0 5 8 2 18 1 167
0 5 8 2 7 12 99
0 5 8 1 13 7 83
0 5 8 1 2 18 87
0 5 8 0 19 2 14
0 5 8 0 8 13 25
0 5 7 21 1 0 102
0 5 7 19 2 1 116
0 5 7 17 3 2 117
0 5 7 15 4 3 64
0 5 7 13 5 4 181
0 5 7 12 0 10 85
0 5 7 11 6 5 69
0 5 7 10 12 0 96
0 5 7 10 1 11 1
0 5 7 9 7 6 11
0 5 7 8 13 1 197
0 5 7 8 2 12 61
0 5 7 7 8 7 53
0 5 7 6 14 2 57
0 5 7 6 3 13 198
0 5 7 5 9 8 136
0 5 7 4 15 3 195
0 5 7 4 4 14 124
0 5 7 3 10 9 144
0 5 7 2 16 4 87
0 5 7 2 5 15 86
0 5 7 1 11 10 90
0 5 7 1 0 21 28
0 5 7 0 17 5 79
0 5 7 0 6 16 126
0 5 6 19 0 4 69
0 5 6 17 1 5 23
0 5 6 16 7 0 26
0 5 6 15 2 6 139
0 5 6 14 8 1 3
0 5 6 13 3 7 47
0 5 6 12 9 2 36
0 5 6 11 4 8 185
0 5 6 10 10 3 29
0 5 6 9 5 9 67
0 5 6 8 11 4 70
0 5 6 8 0 15 159
0 5 6 7 6 10 53
0 5 6 6 12 5 147
0 5 6 6 1 16 89
0 5 6 5 18 0 94
0 5 6 5 7 11 67
0 5 6 4 13 6 182
0 5 6 4 2 17 144
0 5 6 3 19 1 14
0 5 6 3 8 12 189
0 5 6 2 14 7 22
0 5 6 2 3 18 171
0 5 6 1 20 2 25
0 5 6 1 9 13 43
0 5 6 0 4 19 196
0 5 5 22 2 0 193
0 5 5 20 3 1 64
0 5 5 18 4 2 145
0 5 5 16 5 3 68
0 5 5 15 0 9 166
0 5 5 14 6 4 83
0 5 5 13 1 10 99
0 5 5 12 7 5 44
0 5 5 11 13 0 65
0 5 5 11 2 11 26
0 5 5 10 8 6 21
0 5 5 9 14 1 174
0 5 5 9 3 12 84
0 5 5 8 9 7 26
0 5 5 7 15 2 57
0 5 5 7 4 13 89
0 5 5 6 10 8 86
0 5 5 5 16 3 122
0 5 5 5 5 14 84
0 5 5 4 11 9 33
0 5 5 4 0 20 25
0 5 5 3 17 4 190
0 5 5 3 6 15 58
0 5 5 2 12 10 82
0 5 5 2 1 21 158
0 5 5 1 18 5 131
0 5 5 1 7 16 8
0 5 5 0 24 0 161
0 5 5 0 13 11 22
0 5 5 0 2 22 92
0 5 4 22 0 3 62
0 5 4 20 1 4 49
0 5 4 18 2 5 21
0 5 4 17 8 0 139
0 5 4 16 3 6 170
0 5 4 15 9 1 74
0 5 4 14 4 7 48
0 5 4 13 10 2 135
0 5 4 12 5 8 53
0 5 4 11 11 3 187
0 5 4 11 0 14 24
0 5 4 10 6 9 123
0 5 4 9 12 4 106
0 5 4 9 1 15 137
0 5 4 8 7 10 30
0 5 4 7 13 5 185
0 5 4 7 2 16 164
0 5 4 6 19 0 138
0 5 4 6 8 11 114
0 5 4 5 14 6 114
0 5 4 5 3 17 162
0 5 4 4 20 1 147
0 5 4 4 9 12 107
0 5 4 3 15 7 123
0 5 4 3 4 18 125
0 5 4 2 21 2 23
0 5 4 2 10 13 197
0 5 4 1 16 8 77
0 5 4 1 5 19 10
0 5 4 0 22 3 63
0 5 4 0 11 14 96
0 5 4 0 0 25 85
0 5 3 23 3 0 184
0 5 3 21 4 1 49
0 5 3 19 5 2 80
0 5 3 18 0 8 112
0 5 3 17 6 3 133
0 5 3 16 1 9 118
0 5 3 15 7 4 114
0 5 3 14 2 10 147
0 5 3 13 8 5 45
0 5 3 12 14 0 51
0 5 3 12 3 11 82
0 5 3 11 9 6 161
0 5 3 10 15 1 163
0 5 3 10 4 12 114
0 5 3 9 10 7 172
0 5 3 8 16 2 118
0 5 3 8 5 13 119
0 5 3 7 11 8 134
0 5 3 7 0 19 117
0 5 3 6 17 3 77
0 5 3 6 6 14 162
0 5 3 5 12 9 166
0 5 3 5 1 20 47
0 5 3 4 18 4 147
0 5 3 4 7 15 197
0 5 3 3 13 10 42
0 5 3 3 2 21 192
0 5 3 2 19 5 145
0 5 3 2 8 16 125
0 5 3 1 25 0 141
0 5 3 1 14 11 129
0 5 3 1 3 22 131
0 5 3 0 20 6 117
0 5 3 0 9 17 14
0 5 2 25 0 2 177
0 5 2 23 1 3 47
0 5 2 21 2 4 187
0 5 2 19 3 5 44
0 5 2 18 9 0 59
0 5 2 17 4 6 182
0 5 2 16 10 1 138
0 5 2 15 5 7 130
0 5 2 14 0 13 174
0 5 2 13 6 8 118
0 5 2 12 12 3 41
0 5 2 12 1 14 161
0 5 2 11 7 9 77
0 5 2 10 13 4 115
0 5 2 10 2 15 11
0 5 2 9 8 10 130
0 5 2 8 14 5 187
0 5 2 8 3 16 100
0 5 2 7 20 0 159
0 5 2 7 9 11 171
0 5 2 6 15 6 84
0 5 2 6 4 17 130
0 5 2 5 21 1 108
0 5 2 5 10 12 91
0 5 2 4 16 7 34
0 5 2 4 5 18 60
0 5 2 3 22 2 93
0 5 2 3 11 13 156
0 5 2 3 0 24 167
0 5 2 2 17 8 194
0 5 2 2 6 19 174
0 5 2 1 23 3 22
0 5 2 1 12 14 169
0 5 2 1 1 25 99
0 5 2 0 18 9 40
0 5 2 0 7 20 51
0 5 1 24 4 0 153
0 5 1 22 5 1 165
0 5 1 21 0 7 129
0 5 1 20 6 2 31
0 5 1 19 1 8 116
0 5 1 18 7 3 75
0 5 1 17 2 9 168
0 5 1 16 8 4 176
0 5 1 15 3 10 19
0 5 1 14 9 5 101
0 5 1 13 15 0 188
0 5 1 13 4 11 109
0 5 1 12 10 6 111
0 5 1 11 16 1 120
0 5 1 11 5 12 124
0 5 1 10 11 7 177
0 5 1 10 0 18 17
0 5 1 9 17 2 10
0 5 1 9 6 13 70
0 5 1 8 12 8 100
0 5 1 8 1 19 176
0 5 1 7 18 3 159
0 5 1 7 7 14 77
0 5 1 6 13 9 188
0 5 1 6 2 20 174
0 5 1 5 19 4 56
0 5 1 5 8 15 132
0 5 1 4 14 10 33
0 5 1 4 3 21 104
0 5 1 3 20 5 134
0 5 1 3 9 16 173
0 5 1 2 26 0 82
0 5 1 2 15 11 97
0 5 1 2 4 22 15
0 5 1 1 21 6 37
0 5 1 1 10 17 86
0 5 1 0 27 1 181
0 5 1 0 16 12 155
0 5 1 0 5 23 52
0 5 0 28 0 1 136
0 5 0 26 1 2 18
0 5 0 24 2 3 44
0 5 0 22 3 4 134
0 5 0 20 4 5 189
0 5 0 19 10 0 21
0 5 0 18 5 6 161
0 5 0 17 11 1 142
0 5 0 17 0 12 57
0 5 0 16 6 7 117
0 5 0 15 12 2 7
0 5 0 15 1 13 147
0 5 0 14 7 8 45
0 5 0 13 13 3 185
0 5 0 13 2 14 79
0 5 0 12 8 9 80
0 5 0 11 14 4 165
0 5 0 11 3 15 107
0 5 0 10 9 10 111
0 5 0 9 15 5 165
0 5 0 9 4 16 28
0 5 0 8 21 0 3
0 5 0 8 10 11 184
0 5 0 7 16 6 198
0 5 0 7 5 17 10
0 5 0 6 22 1 124
0 5 0 6 11 12 72
0 5 0 6 0 23 140
0 5 0 5 17 7 86
0 5 0 5 6 18 84
0 5 0 4 23 2 175
0 5 0 4 12 13 169
0 5 0 4 1 24 102
0 5 0 3 18 8 29
0 5 0 3 7 19 186
0 5 0 2 24 3 72
0 5 0 2 13 14 115
0 5 0 2 2 25 131
0 5 0 1 19 9 33
0 5 0 1 8 20 148
0 5 0 0 25 4 103
0 5 0 0 14 15 10
0 5 0 0 3 26 51
0 4 28 1 0 1 18
0 4 26 4 0 0 36
0 4 26 2 1 1 173
0 4 26 0 2 2 9
0 4 25 0 0 5 196
0 4 24 5 1 0 151
0 4 24 3 2 1 117
0 4 24 1 3 2 3
0 4 23 3 0 4 9
0 4 23 1 1 5 45
0 4 23 0 7 0 120
0 4 22 6 2 0 58
0 4 22 4 3 1 86
0 4 22 2 4 2 143
0 4 22 0 5 3 10
0 4 21 6 0 3 157
0 4 21 4 1 4 8
0 4 21 2 2 5 19
0 4 21 1 8 0 103
0 4 21 0 3 6 88
0 4 20 7 3 0 126
0 4 20 5 4 1 40
0 4 20 3 5 2 181
0 4 20 2 0 8 163
0 4 20 1 6 3 76
0 4 20 0 1 9 82
0 4 19 9 0 2 120
0 4 19 7 1 3 118
0 4 19 5 2 4 145
0 4 19 3 3 5 120
0 4 19 2 9 0 15
0 4 19 1 4 6 150
0 4 19 0 10 1 14
0 4 18 8 4 0 84
0 4 18 6 5 1 176
0 4 18 5 0 7 57
0 4 18 4 6 2 4
0 4 18 3 1 8 31
0 4 18 2 7 3 186
0 4 18 1 2 9 192
0 4 18 0 8 4 9
0 4 17 12 0 1 66
0 4 17 10 1 2 153
0 4 17 8 2 3 181
0 4 17 6 3 4 140
0 4 17 4 4 5 166
0 4 17 3 10 0 194
0 4 17 2 5 6 88
0 4 17 1 11 1 57
0 4 17 1 0 12 19
0 4 17 0 6 7 71
0 4 16 9 5 0 28
0 4 16 8 0 6 110
0 4 16 7 6 1 90
0 4 16 6 1 7 123
0 4 16 5 7 2 106
0 4 16 4 2 8 45
0 4 16 3 8 3 113
0 4 16 2 3 9 109
0 4 16 1 9 4 150
0 4 16 0 4 10 132
0 4 15 15 0 0 187
0 4 15 13 1 1 20
0 4 15 11 2 2 107
0 4 15 9 3 3 110
0 4 15 7 4 4 41
0 4 15 5 5 5 45
0 4 15 4 11 0 58
0 4 15 4 0 11 121
0 4 15 3 6 6 49
0 4 15 2 12 1 178
0 4 15 2 1 12 63
0 4 15 1 7 7 33
0 4 15 0 13 2 63
0 4 15 0 2 13 50
0 4 14 11 0 5 131
0 4 14 10 6 0 117
0 4 14 9 1 6 166
0 4 14 8 7 1 139
0 4 14 7 2 7 194
0 4 14 6 8 2 168
0 4 14 5 3 8 173
0 4 14 4 9 3 181
0 4 14 3 4 9 27
0 4 14 2 10 4 123
0 4 14 1 5 10 184
0 4 14 0 11 5 169
0 4 14 0 0 16 173
0 4 13 16 1 0 137
0 4 13 14 2 1 160
0 4 13 12 3 2 40
0 4 13 10 4 3 39
0 4 13 8 5 4 59
0 4 13 7 0 10 180
0 4 13 6 6 5 163
0 4 13 5 12 0 59
0 4 13 5 1 11 163
0 4 13 4 7 6 135
0 4 13 3 13 1 18
0 4 13 3 2 12 179
0 4 13 2 8 7 37
0 4 13 1 14 2 16
0 4 13 1 3 13 128
0 4 13 0 9 8 30
0 4 12 14 0 4 24
0 4 12 12 1 5 72
0 4 12 11 7 0 179
0 4 12 10 2 6 185
0 4 12 9 8 1 106
0 4 12 8 3 7 52
0 4 12 7 9 2 15
0 4 12 6 4 8 32
0 4 12 5 10 3 6
0 4 12 4 5 9 191
0 4 12 3 11 4 25
0 4 12 3 0 15 155
0 4 12 2 6 10 107
0 4 12 1 12 5 194
0 4 12 1 1 16 35
0 4 12 0 18 0 157
0 4 12 0 7 11 144
0 4 11 17 2 0 180
0 4 11 15 3 1 129
0 4 11 13 4 2 74
0 4 11 11 5 3 45
0 4 11 10 0 9 90
0 4 11 9 6 4 66
0 4 11 8 1 10 7
0 4 11 7 7 5 148
0 4 11 6 13 0 7
0 4 11 6 2 11 160
0 4 11 5 8 6 169
0 4 11 4 14 1 176
0 4 11 4 3 12 134
0 4 11 3 9 7 100
0 4 11 2 15 2 106
0 4 11 2 4 13 32
0 4 11 1 10 8 73
0 4 11 0 16 3 13
0 4 11 0 5 14 168
0 4 10 17 0 3 49
0 4 10 15 1 4 59
0 4 10 13 2 5 84
0 4 10 12 8 0 142
0 4 10 11 3 6 3
0 4 10 10 9 1 184
0 4 10 9 4 7 191
0 4 10 8 10 2 127
0 4 10 7 5 8 41
0 4 10 6 11 3 8
0 4 10 6 0 14 96
0 4 10 5 6 9 69
0 4 10 4 12 4 12
0 4 10 4 1 15 134
0 4 10 3 7 10 11
0 4 10 2 13 5 190
0 4 10 2 2 16 97
0 4 10 1 19 0 24
0 4 10 1 8 11 155
0 4 10 0 14 6 10
0 4 10 0 3 17 139
0 4 9 18 3 0 115
0 4 9 16 4 1 158
0 4 9 14 5 2 61
0 4 9 13 0 8 193
0 4 9 12 6 3 178
0 4 9 11 1 9 155
0 4 9 10 7 4 137
0 4 9 9 2 10 38
0 4 9 8 8 5 192
0 4 9 7 14 0 196
0 4 9 7 3 11 11
0 4 9 6 9 6 61
0 4 9 5 15 1 164
0 4 9 5 4 12 96
0 4 9 4 10 7 156
0 4 9 3 16 2 170
0 4 9 3 5 13 179
0 4 9 2 11 8 129
0 4 9 2 0 19 60
0 4 9 1 17 3 35
0 4 9 1 6 14 125
0 4 9 0 12 9 102
0 4 9 0 1 20 108
0 4 8 20 0 2 41
0 4 8 18 1 3 129
0 4 8 16 2 4 174
0 4 8 14 3 5 88
0 4 8 13 9 0 144
0 4 8 12 4 6 38
0 4 8 11 10 1 158
0 4 8 10 5 7 16
0 4 8 9 11 2 85
0 4 8 9 0 13 72
0 4 8 8 6 8 5
0 4 8 7 12 3 85
0 4 8 7 1 14 54
0 4 8 6 7 9 103
0 4 8 5 13 4 119
0 4 8 5 2 15 168
0 4 8 4 8 10 138
0 4 8 3 14 5 22
0 4 8 3 3 16 86
0 4 8 2 20 0 190
0 4 8 2 9 11 85
0 4 8 1 15 6 26
0 4 8 1 4 17 51
0 4 8 0 21 1 78
0 4 8 0 10 12 119
0 4 7 19 4 0 7
0 4 7 17 5 1 6
0 4 7 16 0 7 90
0 4 7 15 6 2 144
0 4 7 14 1 8 185
0 4 7 13 7 3 46
0 4 7 12 2 9 168
0 4 7 11 8 4 47
0 4 7 10 3 10 113
0 4 7 9 9 5 129
0 4 7 8 15 0 41
0 4 7 8 4 11 140
0 4 7 7 10 6 10
0 4 7 6 16 1 41
0 4 7 6 5 12 114
0 4 7 5 11 7 163
0 4 7 5 0 18 45
0 4 7 4 17 2 119
0 4 7 4 6 13 13
0 4 7 3 12 8 123
0 4 7 3 1 19 186
0 4 7 2 18 3 64
0 4 7 2 7 14 187
0 4 7 1 13 9 142
0 4 7 1 2 20 163
0 4 7 0 19 4 179
0 4 7 0 8 15 173
0 4 6 23 0 1 107
0 4 6 21 1 2 3
0 4 6 19 2 3 16
0 4 6 17 3 4 37
0 4 6 15 4 5 126
0 4 6 14 10 0 165
0 4 6 13 5 6 105
0 4 6 12 11 1 170
0 4 6 12 0 12 75
0 4 6 11 6 7 18
0 4 6 10 12 2 77
0 4 6 10 1 13 63
0 4 6 9 7 8 66
0 4 6 8 13 3 66
0 4 6 8 2 14 52
0 4 6 7 8 9 34
0 4 6 6 14 4 197
0 4 6 6 3 15 89
0 4 6 5 9 10 23
0 4 6 4 15 5 153
0 4 6 4 4 16 19
0 4 6 3 21 0 104
0 4 6 3 10 11 8
0 4 6 2 16 6 128
0 4 6 2 5 17 196
0 4 6 1 22 1 144
0 4 6 1 11 12 107
0 4 6 1 0 23 27
0 4 6 0 17 7 18
0 4 6 0 6 18 158
0 4 5 20 5 0 125
0 4 5 19 0 6 27
0 4 5 18 6 1 112
0 4 5 17 1 7 68
0 4 5 16 7 2 110
0 4 5 15 2 8 71
0 4 5 14 8 3 106
0 4 5 13 3 9 155
0 4 5 12 9 4 105
0 4 5 11 4 10 38
0 4 5 10 10 5 118
0 4 5 9 16 0 180
0 4 5 8 11 6 133
0 4 5 8 0 17 130
0 4 5 7 17 1 175
0 4 5 7 6 12 75
0 4 5 6 12 7 142
0 4 5 6 1 18 161
0 4 5 5 18 2 114
0 4 5 5 7 13 103
0 4 5 4 13 8 134
0 4 5 4 2 19 108
0 4 5 3 19 3 100
0 4 5 3 8 14 189
0 4 5 2 14 9 4
0 4 5 2 3 20 66
0 4 5 1 20 4 101
0 4 5 1 9 15 190
0 4 5 0 15 10 152
0 4 5 0 4 21 105
0 4 4 26 0 0 150
0 4 4 24 1 1 55
0 4 4 22 2 2 61
0 4 4 20 3 3 91
0 4 4 18 4 4 34
0 4 4 16 5 5 113
0 4 4 15 11 0 64
0 4 4 15 0 11 139
0 4 4 14 6 6 3
0 4 4 13 12 1 60
0 4 4 13 1 12 16
0 4 4 12 7 7 93
0 4 4 11 13 2 126
0 4 4 11 2 13 24
0 4 4 10 8 8 14
0 4 4 9 14 3 183
0 4 4 9 3 14 58
0 4 4 8 9 9 11
0 4 4 7 15 4 24
0 4 4 7 4 15 115
0 4 4 6 10 10 195
0 4 4 5 16 5 43
0 4 4 5 5 16 83
0 4 4 4 22 0 76
0 4 4 4 11 11 94
0 4 4 4 0 22 177
0 4 4 3 17 6 87
0 4 4 3 6 17 182
0 4 4 2 23 1 24
0 4 4 2 12 12 168
0 4 4 2 1 23 6
0 4 4 1 18 7 124
0 4 4 1 7 18 11
0 4 4 0 13 13 14
0 4 4 0 2 24 125
0 4 3 22 0 5 96
0 4 3 21 6 0 178
0 4 3 20 1 6 83
0 4 3 19 7 1 41
0 4 3 18 2 7 13
0 4 3 17 8 2 32
0 4 3 16 3 8 175
0 4 3 15 9 3 35
0 4 3 14 4 9 100
0 4 3 13 10 4 148
0 4 3 12 5 10 24
0 4 3 11 11 5 30
0 4 3 11 0 16 142
0 4 3 10 17 0 79
0 4 3 10 6 11 83
0 4 3 9 12 6 191
0 4 3 9 1 17 158
0 4 3 8 18 1 146
0 4 3 8 7 12 150
0 4 3 7 13 7 147
0 4 3 7 2 18 160
0 4 3 6 19 2 89
0 4 3 6 8 13 56
0 4 3 5 14 8 45
0 4 3 5 3 19 182
0 4 3 4 20 3 22
0 4 3 4 9 14 121
0 4 3 3 15 9 49
0 4 3 3 4 20 93
0 4 3 2 21 4 118
0 4 3 2 10 15 11
0 4 3 1 16 10 68
0 4 3 1 5 21 6
0 4 3 0 22 5 65
0 4 3 0 11 16 5
0 4 3 0 0 27 49
0 4 2 27 1 0 58
0 4 2 25 2 1 94
0 4 2 23 3 2 17
0 4 2 21 4 3 48
0 4 2 19 5 4 5
0 4 2 18 0 10 138
0 4 2 17 6 5 117
0 4 2 16 12 0 146
0 4 2 16 1 11 18
0 4 2 15 7 6 197
0 4 2 14 13 1 61
0 4 2 14 2 12 128
0 4 2 13 8 7 80
0 4 2 12 14 2 139
0 4 2 12 3 13 40
0 4 2 11 9 8 3
0 4 2 10 15 3 96
0 4 2 10 4 14 148
0 4 2 9 10 9 57
0 4 2 8 16 4 160
0 4 2 8 5 15 143
0 4 2 7 11 10 119
0 4 2 7 0 21 114
0 4 2 6 17 5 177
0 4 2 6 6 16 115
0 4 2 5 23 0 83
0 4 2 5 12 11 102
0 4 2 5 1 22 189
0 4 2 4 18 6 104
0 4 2 4 7 17 10
0 4 2 3 24 1 88
0 4 2 3 13 12 48
0 4 2 3 2 23 188
0 4 2 2 19 7 185
0 4 2 2 8 18 98
0 4 2 1 25 2 192
0 4 2 1 14 13 94
0 4 2 1 3 24 83
0 4 2 0 20 8 175
0 4 2 0 9 19 48
0 4 1 25 0 4 82
0 4 1 23 1 5 47
0 4 1 22 7 0 109
0 4 1 21 2 6 38
0 4 1 20 8 1 49
0 4 1 19 3 7 29
0 4 1 18 9 2 1
0 4 1 17 4 8 151
0 4 1 16 10 3 130
0 4 1 15 5 9 25
0 4 1 14 11 4 40
0 4 1 14 0 15 59
0 4 1 13 6 10 42
0 4 1 12 12 5 26
0 4 1 12 1 16 29
0 4 1 11 18 0 190
0 4 1 11 7 11 130
0 4 1 10 13 6 134
0 4 1 10 2 17 11
0 4 1 9 19 1 53
0 4 1 9 8 12 100
0 4 1 8 14 7 66
0 4 1 8 3 18 124
0 4 1 7 20 2 78
0 4 1 7 9 13 124
0 4 1 6 15 8 112
0 4 1 6 4 19 8
0 4 1 5 21 3 109
0 4 1 5 10 14 112
0 4 1 4 16 9 96
0 4 1 4 5 20 79
0 4 1 3 22 4 114
0 4 1 3 11 15 45
0 4 1 3 0 26 11
0 4 1 2 17 10 188
0 4 1 2 6 21 138
0 4 1 1 23 5 68
0 4 1 1 12 16 156
0 4 1 1 1 27 128
0 4 1 0 29 0 87
0 4 1 0 18 11 56
0 4 1 0 7 22 84
0 4 0 28 2 0 192
0 4 0 26 3 1 4
0 4 0 24 4 2 158
0 4 0 22 5 3 67
0 4 0 21 0 9 13
0 4 0 20 6 4 117
0 4 0 19 1 10 175
0 4 0 18 7 5 100
0 4 0 17 13 0 113
0 4 0 17 2 11 46
0 4 0 16 8 6 57
0 4 0 15 14 1 120
0 4 0 15 3 12 13
0 4 0 14 9 7 130
0 4 0 13 15 2 79
0 4 0 13 4 13 186
0 4 0 12 10 8 166
0 4 0 11 16 3 103
0 4 0 11 5 14 21
0 4 0 10 11 9 82
0 4 0 10 0 20 38
0 4 0 9 17 4 100
0 4 0 9 6 15 135
0 4 0 8 12 10 198
0 4 0 8 1 21 96
0 4 0 7 18 5 32
0 4 0 7 7 16 128
0 4 0 6 24 0 65
0 4 0 6 13 11 146
0 4 0 6 2 22 132
0 4 0 5 19 6 35
0 4 0 5 8 17 91
0 4 0 4 25 1 37
0 4 0 4 14 12 171
0 4 0 4 3 23 20
0 4 0 3 20 7 76
0 4 0 3 9 18 65
0 4 0 2 26 2 59
0 4 0 2 15 13 94
0 4 0 2 4 24 62
0 4 0 1 21 8 86
0 4 0 1 10 19 40
0 4 0 0 27 3 157
0 4 0 0 16 14 196
0 4 0 0 5 25 69
0 3 30 0 1 0 12
0 3 28 1 2 0 3
0 3 27 1 0 3 83
0 3 26 2 3 0 127
0 3 26 0 4 1 118
0 3 25 4 0 2 173
0 3 25 2 1 3 38
0 3 25 0 2 4 24
0 3 24 3 4 0 157
0 3 24 1 5 1 8
0 3 24 0 0 7 118
0 3 23 7 0 1 161
0 3 23 5 1 2 180
0 3 23 3 2 3 159
0 3 23 1 3 4 104
0 3 22 4 5 0 73
0 3 22 3 0 6 35
0 3 22 2 6 1 143
0 3 22 1 1 7 144
0 3 22 0 7 2 110
0 3 21 10 0 0 184
0 3 21 8 1 1 181
0 3 21 6 2 2 50
0 3 21 4 3 3 47
0 3 21 2 4 4 157
0 3 21 0 5 5 172
0 3 20 6 0 5 139
0 3 20 5 6 0 120
0 3 20 4 1 6 50
0 3 20 3 7 1 99
0 3 20 2 2 7 9
0 3 20 1 8 2 133
0 3 20 0 3 8 57
0 3 19 11 1 0 37
0 3 19 9 2 1 97
0 3 19 7 3 2 118
0 3 19 5 4 3 168
0 3 19 3 5 4 85
0 3 19 1 6 5 187
0 3 19 0 12 0 89
0 3 19 0 1 11 67
0 3 18 9 0 4 197
0 3 18 7 1 5 139
0 3 18 6 7 0 56
0 3 18 5 2 6 16
0 3 18 4 8 1 149
0 3 18 3 3 7 41
0 3 18 2 9 2 115
0 3 18 1 4 8 57
0 3 18 0 10 3 24
0 3 17 12 2 0 12
0 3 17 10 3 1 149
0 3 17 8 4 2 93
0 3 17 6 5 3 178
0 3 17 5 0 9 198
0 3 17 4 6 4 134
0 3 17 3 1 10 132
0 3 17 2 7 5 41
0 3 17 1 13 0 33
0 3 17 1 2 11 13
0 3 17 0 8 6 81
0 3 16 12 0 3 182
0 3 16 10 1 4 97
0 3 16 8 2 5 81
0 3 16 7 8 0 40
0 3 16 6 3 6 98
0 3 16 5 9 1 22
0 3 16 4 4 7 159
0 3 16 3 10 2 128
0 3 16 2 5 8 52
0 3 16 1 11 3 80
0 3 16 1 0 14 170
0 3 16 0 6 9 5
0 3 15 13 3 0 11
0 3 15 11 4 1 40
0 3 15 9 5 2 41
0 3 15 8 0 8 114
0 3 15 7 6 3 112
0 3 15 6 1 9 189
0 3 15 4 2 10 18
0 3 15 3 8 5 157
0 3 15 2 14 0 107
0 3 15 2 3 11 156
0 3 15 1 9 6 136
0 3 15 0 15 1 159
0 3 15 0 4 12 181
0 3 14 15 0 2 196
0 3 14 13 1 3 126
0 3 14 11 2 4 11
0 3 14 9 3 5 24
0 3 14 8 9 0 91
0 3 14 7 4 6 140
0 3 14 6 10 1 26
0 3 14 5 5 7 192
0 3 14 4 11 2 76
0 3 14 4 0 13 94
0 3 14 3 6 8 125
0 3 14 2 12 3 182
0 3 14 2 1 14 22
0 3 14 1 7 9 88
0 3 14 0 13 4 34
0 3 14 0 2 15 112
0 3 13 14 4 0 4
0 3 13 12 5 1 84
0 3 13 11 0 7 4
0 3 13 10 6 2 90
0 3 13 9 1 8 123
0 3 13 8 7 3 196
0 3 13 7 2 9 42
0 3 13 6 8 4 118
0 3 13 5 3 10 127
0 3 13 4 9 5 51
0 3 13 3 15 0 87
0 3 13 3 4 11 78
0 3 13 2 10 6 85
0 3 13 1 16 1 170
0 3 13 1 5 12 53
0 3 13 0 11 7 133
0 3 13 0 0 18 75
0 3 12 18 0 1 44
0 3 12 16 1 2 53
0 3 12 14 2 3 172
0 3 12 12 3 4 127
0 3 12 10 4 5 79
0 3 12 9 10 0 187
0 3 12 8 5 6 137
0 3 12 7 11 1 104
0 3 12 7 0 12 62
0 3 12 6 6 7 101
0 3 12 5 12 2 1
0 3 12 5 1 13 23
0 3 12 4 7 8 138
0 3 12 3 13 3 87
0 3 12 3 2 14 26
0 3 12 2 8 9 2
0 3 12 1 14 4 124
0 3 12 1 3 15 72
0 3 12 0 9 10 197
0 3 11 15 5 0 11
0 3 11 14 0 6 105
0 3 11 13 6 1 185
0 3 11 12 1 7 179
0 3 11 11 7 2 8
0 3 11 10 2 8 101
0 3 11 9 8 3 153
0 3 11 8 3 9 86
0 3 11 7 9 4 114
0 3 11 6 4 10 52
0 3 11 5 10 5 83
0 3 11 4 16 0 165
0 3 11 4 5 11 180
0 3 11 3 11 6 24
0 3 11 3 0 17 3
0 3 11 2 17 1 52
0 3 11 2 6 12 79
0 3 11 1 12 7 77
0 3 11 1 1 18 157
0 3 11 0 18 2 58
0 3 11 0 7 13 51
0 3 10 21 0 0 42
0 3 10 19 1 1 136
0 3 10 17 2 2 24
0 3 10 15 3 3 173
0 3 10 13 4 4 167
0 3 10 11 5 5 120
0 3 10 10 11 0 12
0 3 10 10 0 11 176
0 3 10 9 6 6 66
0 3 10 8 12 1 197
0 3 10 8 1 12 22
0 3 10 7 7 7 72
0 3 10 6 13 2 30
0 3 10 6 2 13 189
0 3 10 5 8 8 176
0 3 10 4 14 3 89
0 3 10 4 3 14 3
0 3 10 3 9 9 55
0 3 10 2 15 4 177
0 3 10 2 4 15 65
0 3 10 1 10 10 23
0 3 10 0 16 5 165
0 3 10 0 5 16 96
0 3 9 17 0 5 12
0 3 9 16 6 0 171
0 3 9 15 1 6 76
0 3 9 14 7 1 33
0 3 9 13 2 7 23
0 3 9 12 8 2 35
0 3 9 11 3 8 187
0 3 9 10 9 3 90
0 3 9 9 4 9 17
0 3 9 8 10 4 187
0 3 9 7 5 10 72
0 3 9 6 11 5 99
0 3 9 6 0 16 23
0 3 9 5 17 0 96
0 3 9 5 6 11 193
0 3 9 4 12 6 187
0 3 9 4 1 17 50
0 3 9 3 18 1 27
0 3 9 3 7 12 181
0 3 9 2 13 7 49
0 3 9 2 2 18 1
0 3 9 1 19 2 193
0 3 9 1 8 13 56
0 3 9 0 14 8 84
0 3 9 0 3 19 66
0 3 8 22 1 0 109
0 3 8 20 2 1 79
0 3 8 18 3 2 166
0 3 8 16 4 3 182
0 3 8 14 5 4 127
0 3 8 13 0 10 38
0 3 8 12 6 5 126
0 3 8 11 12 0 143
0 3 8 11 1 11 17
0 3 8 10 7 6 142
0 3 8 9 13 1 116
0 3 8 9 2 12 164
0 3 8 8 8 7 15
0 3 8 7 14 2 112
0 3 8 7 3 13 37
0 3 8 6 9 8 120
0 3 8 5 15 3 28
0 3 8 5 4 14 156
0 3 8 4 10 9 129
0 3 8 3 16 4 154
0 3 8 3 5 15 32
0 3 8 2 11 10 2
0 3 8 2 0 21 177
0 3 8 1 17 5 64
0 3 8 1 6 16 159
0 3 8 0 23 0 178
0 3 8 0 12 11 122
0 3 8 0 1 22 69
0 3 7 20 0 4 163
0 3 7 18 1 5 180
0 3 7 17 7 0 17
0 3 7 16 2 6 162
0 3 7 15 8 1 12
0 3 7 14 3 7 105
0 3 7 13 9 2 163
0 3 7 12 4 8 191
0 3 7 11 10 3 61
0 3 7 10 5 9 51
0 3 7 9 11 4 98
0 3 7 9 0 15 152
0 3 7 8 6 10 48
0 3 7 7 12 5 20
0 3 7 7 1 16 72
0 3 7 6 18 0 157
0 3 7 6 7 11 81
0 3 7 5 13 6 189
0 3 7 5 2 17 75
0 3 7 4 19 1 180
0 3 7 4 8 12 8
0 3 7 3 14 7 149
0 3 7 3 3 18 138
0 3 7 2 20 2 93
0 3 7 2 9 13 177
0 3 7 1 15 8 2
0 3 7 1 4 19 160
0 3 7 0 21 3 25
0 3 7 0 10 14 1
0 3 6 23 2 0 116
0 3 6 21 3 1 186
0 3 6 19 4 2 81
0 3 6 17 5 3 173
0 3 6 16 0 9 49
0 3 6 15 6 4 134
0 3 6 14 1 10 64
0 3 6 13 7 5 109
0 3 6 12 13 0 158
0 3 6 12 2 11 145
0 3 6 11 8 6 177
0 3 6 10 14 1 80
0 3 6 10 3 12 142
0 3 6 9 9 7 137
0 3 6 8 15 2 32
0 3 6 8 4 13 91
0 3 6 7 10 8 84
0 3 6 6 16 3 58
0 3 6 6 5 14 1
0 3 6 5 11 9 17
0 3 6 5 0 20 141
0 3 6 4 17 4 40
0 3 6 4 6 15 194
0 3 6 3 12 10 162
0 3 6 3 1 21 23
0 3 6 2 18 5 178
0 3 6 2 7 16 41
0 3 6 1 24 0 62
0 3 6 1 13 11 32
0 3 6 1 2 22 79
0 3 6 0 19 6 101
0 3 6 0 8 17 136
0 3 5 23 0 3 198
0 3 5 21 1 4 64
0 3 5 19 2 5 62
0 3 5 18 8 0 127
0 3 5 17 3 6 197
0 3 5 16 9 1 137
0 3 5 15 4 7 22
0 3 5 14 10 2 66
0 3 5 13 5 8 60
0 3 5 12 11 3 14
0 3 5 12 0 14 124
0 3 5 11 6 9 92
0 3 5 10 12 4 43
0 3 5 10 1 15 74
0 3 5 9 7 10 90
0 3 5 8 13 5 181
0 3 5 8 2 16 120
0 3 5 7 19 0 129
0 3 5 7 8 11 164
0 3 5 6 14 6 11
0 3 5 6 3 17 152
0 3 5 5 20 1 167
0 3 5 5 9 12 152
0 3 5 4 15 7 25
0 3 5 4 4 18 61
0 3 5 3 21 2 85
0 3 5 3 10 13 100
0 3 5 2 16 8 190
0 3 5 2 5 19 62
0 3 5 1 22 3 181
0 3 5 1 11 14 137
0 3 5 1 0 25 4
0 3 5 0 17 9 168
0 3 5 0 6 20 159
0 3 4 24 3 0 88
0 3 4 22 4 1 101
0 3 4 20 5 2 67
0 3 4 19 0 8 50
0 3 4 18 6 3 136
0 3 4 17 1 9 178
0 3 4 16 7 4 105
0 3 4 15 2 10 86
0 3 4 14 8 5 60
0 3 4 13 14 0 86
0 3 4 13 3 11 121
0 3 4 12 9 6 22
0 3 4 11 15 1 177
0 3 4 11 4 12 128
0 3 4 10 10 7 99
0 3 4 9 16 2 189
0 3 4 9 5 13 114
0 3 4 8 11 8 183
0 3 4 8 0 19 66
0 3 4 7 17 3 163
0 3 4 7 6 14 149
0 3 4 6 12 9 138
0 3 4 6 1 20 18
0 3 4 5 18 4 60
0 3 4 5 7 15 172
0 3 4 4 13 10 153
0 3 4 4 2 21 192
0 3 4 3 19 5 141
0 3 4 3 8 16 182
0 3 4 2 25 0 93
0 3 4 2 14 11 68
0 3 4 2 3 22 25
0 3 4 1 20 6 92
0 3 4 1 9 17 190
0 3 4 0 26 1 94
0 3 4 0 15 12 164
0 3 4 0 4 23 147
0 3 3 26 0 2 79
0 3 3 24 1 3 7
0 3 3 22 2 4 57
0 3 3 20 3 5 57
0 3 3 19 9 0 23
0 3 3 18 4 6 171
0 3 3 17 10 1 41
0 3 3 16 5 7 44
0 3 3 15 11 2 10
0 3 3 15 0 13 75
0 3 3 14 6 8 126
0 3 3 13 12 3 190
0 3 3 13 1 14 44
0 3 3 12 7 9 126
0 3 3 11 13 4 86
0 3 3 11 2 15 109
0 3 3 10 8 10 177
0 3 3 9 14 5 190
0 3 3 9 3 16 111
0 3 3 8 20 0 144
0 3 3 8 9 11 12
0 3 3 7 15 6 86
0 3 3 7 4 17 8
0 3 3 6 21 1 17
0 3 3 6 10 12 36
0 3 3 5 16 7 178
0 3 3 5 5 18 35
0 3 3 4 22 2 96
0 3 3 4 11 13 187
0 3 3 4 0 24 155
0 3 3 3 17 8 165
0 3 3 3 6 19 129
0 3 3 2 23 3 43
0 3 3 2 12 14 182
0 3 3 2 1 25 49
0 3 3 1 18 9 18
0 3 3 1 7 20 47
0 3 3 0 24 4 36
0 3 3 0 13 15 127
0 3 3 0 2 26 22
0 3 2 25 4 0 156
0 3 2 23 5 1 91
0 3 2 22 0 7 121
0 3 2 21 6 2 162
0 3 2 20 1 8 83
0 3 2 19 7 3 184
0 3 2 18 2 9 85
0 3 2 17 8 4 134
0 3 2 16 3 10 81
0 3 2 15 9 5 58
0 3 2 14 15 0 40
0 3 2 14 4 11 72
0 3 2 13 10 6 169
0 3 2 12 16 1 86
0 3 2 12 5 12 94
0 3 2 11 11 7 74
0 3 2 11 0 18 47
0 3 2 10 17 2 66
0 3 2 10 6 13 43
0 3 2 9 12 8 176
0 3 2 9 1 19 100
0 3 2 8 18 3 9
0 3 2 8 7 14 153
0 3 2 7 13 9 66
0 3 2 7 2 20 124
0 3 2 6 19 4 42
0 3 2 6 8 15 30
0 3 2 5 14 10 103
0 3 2 5 3 21 36
0 3 2 4 20 5 174
0 3 2 4 9 16 59
0 3 2 3 26 0 96
0 3 2 3 15 11 25
0 3 2 3 4 22 143
0 3 2 2 21 6 164
0 3 2 2 10 17 14
0 3 2 1 27 1 13
0 3 2 1 16 12 196
0 3 2 1 5 23 119
0 3 2 0 22 7 187
0 3 2 0 11 18 86
0 3 2 0 0 29 145
0 3 1 29 0 1 110
0 3 1 27 1 2 119
0 3 1 25 2 3 84
0 3 1 23 3 4 111
0 3 1 21 4 5 78
0 3 1 20 10 0 194
0 3 1 19 5 6 126
0 3 1 18 11 1 99
0 3 1 18 0 12 122
0 3 1 17 6 7 162
0 3 1 16 12 2 71
0 3 1 16 1 13 21
0 3 1 15 7 8 166
0 3 1 14 13 3 63
0 3 1 14 2 14 132
0 3 1 13 8 9 117
0 3 1 12 14 4 31
0 3 1 12 3 15 57
0 3 1 11 9 10 32
0 3 1 10 15 5 5
0 3 1 10 4 16 51
0 3 1 9 21 0 171
0 3 1 9 10 11 59
0 3 1 8 16 6 49
0 3 1 8 5 17 120
0 3 1 7 22 1 140
0 3 1 7 11 12 120
0 3 1 7 0 23 144
0 3 1 6 17 7 14
0 3 1 6 6 18 96
0 3 1 5 23 2 198
0 3 1 5 12 13 114
0 3 1 5 1 24 106
0 3 1 4 18 8 188
0 3 1 4 7 19 198
0 3 1 3 24 3 166
0 3 1 3 13 14 117
0 3 1 3 2 25 58
0 3 1 2 19 9 154
0 3 1 2 8 20 181
0 3 1 1 25 4 134
0 3 1 1 14 15 101
0 3 1 1 3 26 102
0 3 1 0 20 10 52
0 3 1 0 9 21 44
0 3 0 26 5 0 120
0 3 0 25 0 6 198
0 3 0 24 6 1 106
0 3 0 23 1 7 63
0 3 0 22 7 2 85
0 3 0 21 2 8 135
0 3 0 20 8 3 95
0 3 0 19 3 9 37
0 3 0 18 9 4 18
0 3 0 17 4 10 186
0 3 0 16 10 5 84
0 3 0 15 16 0 132
0 3 0 15 5 11 55
0 3 0 14 11 6 29
0 3 0 14 0 17 143
0 3 0 13 17 1 19
0 3 0 13 6 12 92
0 3 0 12 12 7 114
0 3 0 12 1 18 51
0 3 0 11 18 2 191
0 3 0 11 7 13 11
0 3 0 10 13 8 32
0 3 0 10 2 19 171
0 3 0 9 19 3 197
0 3 0 9 8 14 167
0 3 0 8 14 9 16
0 3 0 8 3 20 37
0 3 0 7 20 4 49
0 3 0 7 9 15 159
0 3 0 6 15 10 157
0 3 0 6 4 21 32
0 3 0 5 21 5 11
0 3 0 5 10 16 179
0 3 0 4 27 0 156
0 3 0 4 16 11 84
0 3 0 4 5 22 18
0 3 0 3 22 6 81
0 3 0 3 11 17 138
0 3 0 3 0 28 194
0 3 0 2 28 1 83
0 3 0 2 17 12 132
0 3 0 2 6 23 127
0 3 0 1 23 7 127
0 3 0 1 12 18 174
0 3 0 1 1 29 66
0 3 0 0 29 2 152
0 3 0 0 18 13 71
0 3 0 0 7 24 37
0 2 29 2 0 1 26
0 2 29 0 1 2 10
0 2 27 5 0 0 86
0 2 27 3 1 1 153
0 2 27 1 2 2 136
0 2 26 1 0 5 49
0 2 26 0 6 0 25
0 2 25 6 1 0 141
0 2 25 4 2 1 89
0 2 25 2 3 2 6
0 2 25 0 4 3 50
0 2 24 4 0 4 42
0 2 24 2 1 5 38
0 2 24 1 7 0 120
0 2 24 0 2 6 173
0 2 23 7 2 0 18
0 2 23 5 3 1 182
0 2 23 3 4 2 181
0 2 23 1 5 3 91
0 2 23 0 0 9 142
0 2 22 7 0 3 72
0 2 22 5 1 4 122
0 2 22 3 2 5 161
0 2 22 2 8 0 70
0 2 22 1 3 6 91
0 2 22 0 9 1 125
0 2 21 8 3 0 86
0 2 21 6 4 1 76
0 2 21 4 5 2 11
0 2 21 3 0 8 21
0 2 21 2 6 3 47
0 2 21 1 1 9 172
0 2 21 0 7 4 96
0 2 20 10 0 2 137
0 2 20 8 1 3 190
0 2 20 6 2 4 61
0 2 20 4 3 5 141
0 2 20 3 9 0 17
0 2 20 2 4 6 54
0 2 20 1 10 1 41
0 2 20 0 5 7 152
0 2 19 9 4 0 14
0 2 19 7 5 1 15
0 2 19 6 0 7 155
0 2 19 5 6 2 156
0 2 19 4 1 8 176
0 2 19 3 7 3 155
0 2 19 2 2 9 87
0 2 19 1 8 4 111
0 2 19 0 3 10 48
0 2 18 13 0 1 22
0 2 18 11 1 2 1
0 2 18 9 2 3 40
0 2 18 7 3 4 183
0 2 18 5 4 5 111
0 2 18 4 10 0 198
0 2 18 3 5 6 138
0 2 18 2 11 1 168
0 2 18 2 0 12 162
0 2 18 1 6 7 15
0 2 18 0 12 2 87
0 2 18 0 1 13 198
0 2 17 10 5 0 121
0 2 17 9 0 6 110
0 2 17 8 6 1 190
0 2 17 7 1 7 59
0 2 17 6 7 2 97
0 2 17 5 2 8 52
0 2 17 4 8 3 131
0 2 17 3 3 9 173
0 2 17 2 9 4 76
0 2 17 1 4 10 94
0 2 17 0 10 5 132
0 2 16 16 0 0 150
0 2 16 14 1 1 24
0 2 16 12 2 2 123
0 2 16 10 3 3 18
0 2 16 8 4 4 18
0 2 16 6 5 5 54
0 2 16 5 11 0 143
0 2 16 5 0 11 2
0 2 16 4 6 6 69
0 2 16 3 12 1 86
0 2 16 3 1 12 150
0 2 16 2 7 7 96
0 2 16 1 13 2 187
0 2 16 1 2 13 182
0 2 16 0 8 8 136
0 2 15 12 0 5 92
0 2 15 11 6 0 48
0 2 15 10 1 6 19
0 2 15 9 7 1 11
0 2 15 8 2 7 17
0 2 15 7 8 2 105
0 2 15 6 3 8 134
0 2 15 5 9 3 174
0 2 15 4 4 9 156
0 2 15 3 10 4 182
0 2 15 2 5 10 168
0 2 15 1 11 5 29
0 2 15 0 17 0 103
0 2 15 0 6 11 189
0 2 14 17 1 0 92
0 2 14 15 2 1 151
0 2 14 13 3 2 185
0 2 14 11 4 3 161
0 2 14 9 5 4 189
0 2 14 8 0 10 5
0 2 14 7 6 5 106
0 2 14 6 12 0 88
0 2 14 6 1 11 11
0 2 14 5 7 6 59
0 2 14 4 13 1 103
0 2 14 4 2 12 70
0 2 14 3 8 7 101
0 2 14 2 14 2 119
0 2 14 2 3 13 151
0 2 14 1 9 8 134
0 2 14 0 15 3 98
0 2 14 0 4 14 114
0 2 13 15 0 4 122
0 2 13 13 1 5 167
0 2 13 12 7 0 51
0 2 13 11 2 6 164
0 2 13 10 8 1 101
0 2 13 9 3 7 193
0 2 13 8 9 2 36
0 2 13 7 4 8 160
0 2 13 6 10 3 104
0 2 13 5 5 9 22
0 2 13 4 11 4 194
0 2 13 4 0 15 168
0 2 13 3 6 10 84
0 2 13 2 12 5 7
0 2 13 2 1 16 154
0 2 13 1 18 0 29
0 2 13 1 7 11 121
0 2 13 0 13 6 140
0 2 13 0 2 17 28
0 2 12 18 2 0 179
0 2 12 16 3 1 131
0 2 12 14 4 2 27
0 2 12 12 5 3 59
0 2 12 11 0 9 169
0 2 12 10 6 4 104
0 2 12 9 1 10 147
0 2 12 8 7 5 169
0 2 12 7 13 0 179
0 2 12 7 2 11 111
0 2 12 6 8 6 23
0 2 12 5 14 1 67
0 2 12 5 3 12 65
0 2 12 4 9 7 187
0 2 12 3 15 2 103
0 2 12 3 4 13 179
0 2 12 2 10 8 160
0 2 12 1 16 3 36
0 2 12 1 5 14 48
0 2 12 0 11 9 128
0 2 12 0 0 20 72
0 2 11 18 0 3 150
0 2 11 16 1 4 56
0 2 11 14 2 5 169
0 2 11 13 8 0 131
0 2 11 12 3 6 137
0 2 11 11 9 1 52
0 2 11 10 4 7 98
0 2 11 9 10 2 101
0 2 11 8 5 8 61
0 2 11 7 11 3 104
0 2 11 7 0 14 17
0 2 11 6 6 9 156
0 2 11 5 12 4 172
0 2 11 5 1 15 152
0 2 11 4 7 10 2
0 2 11 3 13 5 125
0 2 11 3 2 16 152
0 2 11 2 19 0 23
0 2 11 2 8 11 86
0 2 11 1 14 6 189
0 2 11 1 3 17 112
0 2 11 0 20 1 20
0 2 11 0 9 12 165
0 2 10 19 3 0 181
0 2 10 17 4 1 13
0 2 10 15 5 2 99
0 2 10 14 0 8 71
0 2 10 13 6 3 84
0 2 10 12 1 9 94
0 2 10 11 7 4 97
0 2 10 10 2 10 86
0 2 10 9 8 5 87
0 2 10 8 14 0 143
0 2 10 8 3 11 108
0 2 10 7 9 6 68
0 2 10 6 15 1 197
0 2 10 6 4 12 4
0 2 10 5 10 7 94
0 2 10 4 16 2 97
0 2 10 4 5 13 119
0 2 10 3 11 8 12
0 2 10 3 0 19 188
0 2 10 2 17 3 52
0 2 10 2 6 14 197
0 2 10 1 12 9 182
0 2 10 1 1 20 29
0 2 10 0 18 4 9
0 2 10 0 7 15 61
0 2 9 21 0 2 183
0 2 9 19 1 3 47
0 2 9 17 2 4 156
0 2 9 15 3 5 94
0 2 9 14 9 0 182
0 2 9 13 4 6 118
0 2 9 12 10 1 2
0 2 9 11 5 7 134
0 2 9 10 11 2 76
0 2 9 10 0 13 10
0 2 9 9 6 8 29
0 2 9 8 12 3 54
0 2 9 8 1 14 180
0 2 9 7 7 9 44
0 2 9 6 13 4 9
0 2 9 6 2 15 94
0 2 9 5 8 10 123
0 2 9 4 14 5 112
0 2 9 4 3 16 104
0 2 9 3 20 0 167
0 2 9 3 9 11 153
0 2 9 2 15 6 147
0 2 9 2 4 17 143
0 2 9 1 21 1 147
0 2 9 1 10 12 187
0 2 9 0 16 7 126
0 2 9 0 5 18 63
0 2 8 20 4 0 132
0 2 8 18 5 1 53
0 2 8 17 0 7 59
0 2 8 16 6 2 191
0 2 8 15 1 8 21
0 2 8 14 7 3 188
0 2 8 13 2 9 171
0 2 8 12 8 4 79
0 2 8 11 3 10 172
0 2 8 10 9 5 113
0 2 8 9 15 0 49
0 2 8 9 4 11 31
0 2 8 8 10 6 145
0 2 8 7 16 1 14
0 2 8 7 5 12 62
0 2 8 6 11 7 10
0 2 8 6 0 18 36
0 2 8 5 17 2 84
0 2 8 5 6 13 37
0 2 8 4 12 8 48
0 2 8 4 1 19 17
0 2 8 3 18 3 71
0 2 8 3 7 14 126
0 2 8 2 13 9 41
0 2 8 2 2 20 130
0 2 8 1 19 4 55
0 2 8 1 8 15 140
0 2 8 0 14 10 159
0 2 8 0 3 21 121
0 2 7 24 0 1 39
0 2 7 22 1 2 156
0 2 7 20 2 3 60
0 2 7 18 3 4 38
0 2 7 16 4 5 67
0 2 7 15 10 0 29
0 2 7 14 5 6 163
0 2 7 13 11 1 60
0 2 7 13 0 12 177
0 2 7 12 6 7 71
0 2 7 11 12 2 76
0 2 7 11 1 13 43
0 2 7 10 7 8 149
0 2 7 9 13 3 117
0 2 7 9 2 14 9
0 2 7 8 8 9 108
0 2 7 7 14 4 39
0 2 7 7 3 15 148
0 2 7 6 9 10 137
0 2 7 5 15 5 1
0 2 7 5 4 16 168
0 2 7 4 21 0 124
0 2 7 4 10 11 171
0 2 7 3 16 6 18
0 2 7 3 5 17 167
0 2 7 2 22 1 168
0 2 7 2 11 12 147
0 2 7 2 0 23 16
0 2 7 1 17 7 181
0 2 7 1 6 18 81
0 2 7 0 23 2 5
0 2 7 0 12 13 89
0 2 7 0 1 24 80
0 2 6 21 5 0 175
0 2 6 20 0 6 196
0 2 6 19 6 1 140
0 2 6 18 1 7 22
0 2 6 17 7 2 115
0 2 6 16 2 8 80
0 2 6 15 8 3 170
0 2 6 14 3 9 9
0 2 6 13 9 4 68
0 2 6 12 4 10 164
0 2 6 11 10 5 16
0 2 6 10 16 0 28
0 2 6 10 5 11 196
0 2 6 9 11 6 94
0 2 6 9 0 17 194
0 2 6 8 17 1 34
0 2 6 8 6 12 48
0 2 6 7 12 7 19
0 2 6 7 1 18 48
0 2 6 6 18 2 5
0 2 6 6 7 13 141
0 2 6 5 13 8 55
0 2 6 5 2 19 34
0 2 6 4 19 3 110
0 2 6 4 8 14 17
0 2 6 3 14 9 166
0 2 6 3 3 20 168
0 2 6 2 20 4 73
0 2 6 2 9 15 68
0 2 6 1 15 10 181
0 2 6 1 4 21 94
0 2 6 0 10 16 52
0 2 5 27 0 0 38
0 2 5 25 1 1 194
0 2 5 23 2 2 62
0 2 5 21 3 3 101
0 2 5 19 4 4 20
0 2 5 17 5 5 187
0 2 5 16 11 0 9
0 2 5 16 0 11 56
0 2 5 15 6 6 26
0 2 5 14 12 1 76
0 2 5 14 1 12 146
0 2 5 13 7 7 182
0 2 5 12 13 2 65
0 2 5 12 2 13 139
0 2 5 11 8 8 90
0 2 5 10 14 3 134
0 2 5 10 3 14 184
0 2 5 9 9 9 47
0 2 5 8 15 4 97
0 2 5 8 4 15 165
0 2 5 7 10 10 183
0 2 5 6 16 5 43
0 2 5 6 5 16 139
0 2 5 5 22 0 80
0 2 5 5 11 11 153
0 2 5 5 0 22 22
0 2 5 4 17 6 21
0 2 5 4 6 17 185
0 2 5 3 23 1 90
0 2 5 3 12 12 56
0 2 5 3 1 23 34
0 2 5 2 18 7 121
0 2 5 2 7 18 43
0 2 5 1 24 2 31
0 2 5 1 13 13 18
0 2 5 1 2 24 191
0 2 5 0 19 8 99
0 2 5 0 8 19 26
0 2 4 23 0 5 24
0 2 4 22 6 0 116
0 2 4 21 1 6 85
0 2 4 20 7 1 60
0 2 4 19 2 7 44
0 2 4 18 8 2 66
0 2 4 17 3 8 57
0 2 4 16 9 3 33
0 2 4 15 4 9 126
0 2 4 14 10 4 180
0 2 4 13 5 10 136
0 2 4 12 11 5 129
0 2 4 12 0 16 167
0 2 4 11 17 0 28
0 2 4 11 6 11 168
0 2 4 10 12 6 126
0 2 4 10 1 17 48
0 2 4 9 18 1 57
0 2 4 9 7 12 166
0 2 4 8 13 7 27
0 2 4 8 2 18 72
0 2 4 7 19 2 70
0 2 4 7 8 13 148
0 2 4 6 14 8 183
0 2 4 6 3 19 91
0 2 4 5 20 3 19
0 2 4 5 9 14 126
0 2 4 4 15 9 134
0 2 4 4 4 20 150
0 2 4 3 21 4 121
0 2 4 3 10 15 105
0 2 4 2 16 10 87
0 2 4 2 5 21 39
0 2 4 1 22 5 188
0 2 4 1 11 16 28
0 2 4 1 0 27 58
0 2 4 0 28 0 67
0 2 4 0 17 11 20
0 2 4 0 6 22 164
0 2 3 28 1 0 35
0 2 3 26 2 1 179
0 2 3 24 3 2 159
0 2 3 22 4 3 115
0 2 3 20 5 4 20
0 2 3 19 0 10 119
0 2 3 18 6 5 23
0 2 3 17 12 0 128
0 2 3 17 1 11 147
0 2 3 16 7 6 51
0 2 3 15 13 1 169
0 2 3 15 2 12 61
0 2 3 14 8 7 179
0 2 3 13 14 2 160
0 2 3 13 3 13 6
0 2 3 12 9 8 148
0 2 3 11 15 3 90
0 2 3 11 4 14 169
0 2 3 10 10 9 72
0 2 3 9 16 4 95
0 2 3 9 5 15 12
0 2 3 8 11 10 175
0 2 3 8 0 21 186
0 2 3 7 17 5 38
0 2 3 7 6 16 80
0 2 3 6 23 0 153
0 2 3 6 12 11 49
0 2 3 6 1 22 58
0 2 3 5 18 6 121
0 2 3 5 7 17 41
0 2 3 4 24 1 118
0 2 3 4 13 12 177
0 2 3 4 2 23 40
0 2 3 3 19 7 83
0 2 3 3 8 18 110
0 2 3 2 25 2 189
0 2 3 2 14 13 56
0 2 3 2 3 24 11
0 2 3 1 20 8 130
0 2 3 1 9 19 178
0 2 3 0 26 3 138
0 2 3 0 15 14 132
0 2 3 0 4 25 82
0 2 2 26 0 4 7
0 2 2 24 1 5 169
0 2 2 23 7 0 108
0 2 2 22 2 6 118
0 2 2 21 8 1 75
0 2 2 20 3 7 57
0 2 2 19 9 2 19
0 2 2 18 4 8 35
0 2 2 17 10 3 196
0 2 2 16 5 9 110
0 2 2 15 11 4 192
0 2 2 15 0 15 124
0 2 2 14 6 10 158
0 2 2 13 12 5 159
0 2 2 13 1 16 139
0 2 2 12 18 0 6
0 2 2 12 7 11 185
0 2 2 11 13 6 36
0 2 2 11 2 17 192
0 2 2 10 19 1 79
0 2 2 10 8 12 94
0 2 2 9 14 7 136
0 2 2 9 3 18 129
0 2 2 8 20 2 10
0 2 2 8 9 13 105
0 2 2 7 15 8 1
0 2 2 7 4 19 102
0 2 2 6 21 3 187
0 2 2 6 10 14 149
0 2 2 5 16 9 181
0 2 2 5 5 20 139
0 2 2 4 22 4 29
0 2 2 4 11 15 105
0 2 2 4 0 26 35
0 2 2 3 17 10 77
0 2 2 3 6 21 198
0 2 2 2 23 5 135
0 2 2 2 12 16 169
0 2 2 2 1 27 8
0 2 2 1 29 0 31
0 2 2 1 18 11 29
0 2 2 1 7 22 191
0 2 2 0 24 6 30
0 2 2 0 13 17 19
0 2 2 0 2 28 136
0 2 1 29 2 0 124
0 2 1 27 3 1 116
0 2 1 25 4 2 78
0 2 1 23 5 3 104
0 2 1 22 0 9 156
0 2 1 21 6 4 109
0 2 1 20 1 10 195
0 2 1 19 7 5 145
0 2 1 18 13 0 113
0 2 1 18 2 11 1
0 2 1 17 8 6 134
0 2 1 16 14 1 189
0 2 1 16 3 12 12
0 2 1 15 9 7 175
0 2 1 14 15 2 93
0 2 1 14 4 13 67
0 2 1 13 10 8 70
0 2 1 12 16 3 171
0 2 1 12 5 14 51
0 2 1 11 11 9 161
0 2 1 11 0 20 132
0 2 1 10 17 4 25
0 2 1 10 6 15 138
0 2 1 9 12 10 1
0 2 1 9 1 21 181
0 2 1 8 18 5 68
0 2 1 8 7 16 10
0 2 1 7 24 0 146
0 2 1 7 13 11 95
0 2 1 7 2 22 74
0 2 1 6 19 6 17
0 2 1 6 8 17 127
0 2 1 5 25 1 97
0 2 1 5 14 12 168
0 2 1 5 3 23 175
0 2 1 4 20 7 55
0 2 1 4 9 18 159
0 2 1 3 26 2 35
0 2 1 3 15 13 181
0 2 1 3 4 24 83
0 2 1 2 21 8 58
0 2 1 2 10 19 17
0 2 1 1 27 3 28
0 2 1 1 16 14 33
0 2 1 1 5 25 64
0 2 1 0 22 9 116
0 2 1 0 11 20 169
0 2 1 0 0 31 56
0 2 0 29 0 3 93
0 2 0 27 1 4 88
0 2 0 25 2 5 114
0 2 0 24 8 0 153
0 2 0 23 3 6 176
0 2 0 22 9 1 89
0 2 0 21 4 7 154
0 2 0 20 10 2 92
0 2 0 19 5 8 79
0 2 0 18 11 3 23
0 2 0 18 0 14 7
0 2 0 17 6 9 172
0 2 0 16 12 4 12
0 2 0 16 1 15 45
0 2 0 15 7 10 133
0 2 0 14 13 5 154
0 2 0 14 2 16 22
0 2 0 13 19 0 74
0 2 0 13 8 11 150
0 2 0 12 14 6 76
0 2 0 12 3 17 18
0 2 0 11 20 1 59
0 2 0 10 15 7 20
0 2 0 10 4 18 178
0 2 0 9 21 2 109
0 2 0 9 10 13 36
0 2 0 8 16 8 108
0 2 0 8 5 19 93
0 2 0 7 22 3 143
0 2 0 7 11 14 172
0 2 0 7 0 25 83
0 2 0 6 17 9 77
0 2 0 6 6 20 182
0 2 0 5 23 4 69
0 2 0 5 12 15 55
0 2 0 5 1 26 75
0 2 0 4 18 10 114
0 2 0 4 7 21 59
0 2 0 3 24 5 188
0 2 0 3 13 16 181
0 2 0 3 2 27 125
0 2 0 2 30 0 121
0 2 0 2 19 11 135
0 2 0 2 8 22 6
0 2 0 1 25 6 50
0 2 0 1 14 17 28
0 2 0 0 31 1 133
0 2 0 0 20 12 183
0 2 0 0 9 23 145
0 1 33 0 0 0 175
0 1 31 1 1 0 55
0 1 29 2 2 0 16
0 1 29 0 3 1 144
0 1 28 2 0 3 195
0 1 28 0 1 4 127
0 1 27 3 3 0 88
0 1 27 1 4 1 41
0 1 26 5 0 2 21
0 1 26 3 1 3 184
0 1 26 1 2 4 81
0 1 25 4 4 0 196
0 1 25 2 5 1 105
0 1 25 1 0 7 139
0 1 25 0 6 2 148
0 1 24 6 1 2 81
0 1 24 4 2 3 64
0 1 24 2 3 4 66
0 1 24 0 4 5 189
0 1 23 5 5 0 76
0 1 23 4 0 6 137
0 1 23 3 6 1 5
0 1 23 2 1 7 118
0 1 23 1 7 2 162
0 1 23 0 2 8 166
0 1 22 11 0 0 131
0 1 22 9 1 1 125
0 1 22 7 2 2 32
0 1 22 5 3 3 35
0 1 22 3 4 4 63
0 1 22 1 5 5 84
0 1 22 0 11 0 64
0 1 22 0 0 11 64
0 1 21 7 0 5 150
0 1 21 6 6 0 90
0 1 21 5 1 6 65
0 1 21 4 7 1 24
0 1 21 3 2 7 122
0 1 21 2 8 2 23
0 1 21 1 3 8 16
0 1 21 0 9 3 61
0 1 20 12 1 0 100
0 1 20 10 2 1 77
0 1 20 8 3 2 168
0 1 20 6 4 3 1
0 1 20 4 5 4 185
0 1 20 3 0 10 87
0 1 20 2 6 5 187
0 1 20 1 12 0 198
0 1 20 1 1 11 68
0 1 20 0 7 6 82
0 1 19 10 0 4 178
0 1 19 8 1 5 127
0 1 19 7 7 0 177
0 1 19 6 2 6 148
0 1 19 5 8 1 196
0 1 19 4 3 7 14
0 1 19 3 9 2 175
0 1 19 2 4 8 196
0 1 19 1 10 3 159
0 1 19 0 5 9 175
0 1 18 13 2 0 113
0 1 18 11 3 1 49
0 1 18 9 4 2 160
0 1 18 7 5 3 133
0 1 18 6 0 9 60
0 1 18 5 6 4 36
0 1 18 4 1 10 151
0 1 18 3 7 5 33
0 1 18 2 13 0 30
0 1 18 2 2 11 139
0 1 18 1 8 6 80
0 1 18 0 14 1 143
0 1 18 0 3 12 3
0 1 17 13 0 3 74
0 1 17 11 1 4 122
0 1 17 9 2 5 87
0 1 17 8 8 0 165
0 1 17 7 3 6 172
0 1 17 6 9 1 104
0 1 17 5 4 7 62
0 1 17 4 10 2 6
0 1 17 3 5 8 169
0 1 17 2 11 3 13
0 1 17 2 0 14 126
0 1 17 1 6 9 33
0 1 17 0 12 4 6
0 1 17 0 1 15 14
0 1 16 14 3 0 104
0 1 16 12 4 1 48
0 1 16 10 5 2 36
0 1 16 9 0 8 32
0 1 16 8 6 3 191
0 1 16 7 1 9 62
0 1 16 6 7 4 70
0 1 16 5 2 10 195
0 1 16 4 8 5 136
0 1 16 3 14 0 160
0 1 16 3 3 11 46
0 1 16 2 9 6 184
0 1 16 1 15 1 50
0 1 16 1 4 12 120
0 1 16 0 10 7 152
0 1 15 16 0 2 68
0 1 15 14 1 3 22
0 1 15 12 2 4 170
0 1 15 10 3 5 74
0 1 15 9 9 0 2
0 1 15 8 4 6 133
0 1 15 7 10 1 119
0 1 15 6 5 7 81
0 1 15 5 11 2 139
0 1 15 5 0 13 87
0 1 15 4 6 8 104
0 1 15 3 12 3 68
0 1 15 3 1 14 115
0 1 15 2 7 9 170
0 1 15 1 13 4 54
0 1 15 1 2 15 172
0 1 15 0 8 10 83
0 1 14 15 4 0 161
0 1 14 13 5 1 145
0 1 14 12 0 7 101
0 1 14 11 6 2 13
0 1 14 10 1 8 34
0 1 14 9 7 3 68
0 1 14 8 2 9 30
0 1 14 7 8 4 10
0 1 14 6 3 10 63
0 1 14 5 9 5 94
0 1 14 4 15 0 174
0 1 14 4 4 11 66
0 1 14 3 10 6 2
0 1 14 2 16 1 91
0 1 14 2 5 12 54
0 1 14 1 11 7 180
0 1 14 1 0 18 32
0 1 14 0 17 2 132
0 1 14 0 6 13 129
0 1 13 19 0 1 91
0 1 13 17 1 2 8
0 1 13 15 2 3 151
0 1 13 13 3 4 54
0 1 13 11 4 5 159
0 1 13 10 10 0 76
0 1 13 9 5 6 19
0 1 13 8 11 1 30
0 1 13 8 0 12 50
0 1 13 7 6 7 8
0 1 13 6 12 2 164
0 1 13 6 1 13 40
0 1 13 5 7 8 160
0 1 13 4 13 3 108
0 1 13 4 2 14 18
0 1 13 3 8 9 34
0 1 13 2 14 4 52
0 1 13 2 3 15 153
0 1 13 1 9 10 143
0 1 13 0 15 5 14
0 1 13 0 4 16 164
0 1 12 16 5 0 105
0 1 12 15 0 6 117
0 1 12 14 6 1 55
0 1 12 13 1 7 110
0 1 12 12 7 2 148
0 1 12 11 2 8 190
0 1 12 10 8 3 80
0 1 12 9 3 9 72
0 1 12 8 9 4 158
0 1 12 7 4 10 131
0 1 12 6 10 5 114
0 1 12 5 16 0 96
0 1 12 5 5 11 185
0 1 12 4 11 6 95
0 1 12 4 0 17 97
0 1 12 3 17 1 160
0 1 12 3 6 12 9
0 1 12 2 12 7 172
0 1 12 2 1 18 45
0 1 12 1 18 2 197
0 1 12 1 7 13 168
0 1 12 0 13 8 26
0 1 12 0 2 19 64
0 1 11 22 0 0 43
0 1 11 20 1 1 149
0 1 11 18 2 2 85
0 1 11 16 3 3 86
0 1 11 14 4 4 61
0 1 11 12 5 5 89
0 1 11 11 11 0 74
0 1 11 11 0 11 138
0 1 11 10 6 6 13
0 1 11 9 12 1 66
0 1 11 9 1 12 160
0 1 11 8 7 7 180
0 1 11 7 13 2 77
0 1 11 7 2 13 35
0 1 11 6 8 8 39
0 1 11 5 14 3 72
0 1 11 5 3 14 97
0 1 11 4 9 9 129
0 1 11 3 15 4 8
0 1 11 3 4 15 10
0 1 11 2 10 10 155
0 1 11 1 16 5 74
0 1 11 1 5 16 12
0 1 11 0 22 0 167
0 1 11 0 11 11 85
0 1 11 0 0 22 29
0 1 10 18 0 5 38
0 1 10 17 6 0 107
0 1 10 16 1 6 49
0 1 10 15 7 1 110
0 1 10 14 2 7 63
0 1 10 13 8 2 111
0 1 10 12 3 8 153
0 1 10 11 9 3 63
0 1 10 10 4 9 190
0 1 10 9 10 4 133
0 1 10 8 5 10 138
0 1 10 7 11 5 156
0 1 10 7 0 16 62
0 1 10 6 17 0 7
0 1 10 6 6 11 119
0 1 10 5 12 6 48
0 1 10 5 1 17 47
0 1 10 4 18 1 2
0 1 10 4 7 12 129
0 1 10 3 13 7 91
0 1 10 3 2 18 72
0 1 10 2 19 2 116
0 1 10 2 8 13 108
0 1 10 1 14 8 137
0 1 10 1 3 19 21
0 1 10 0 20 3 98
0 1 10 0 9 14 22
0 1 9 23 1 0 117
0 1 9 21 2 1 5
0 1 9 19 3 2 78
0 1 9 17 4 3 76
0 1 9 15 5 4 73
0 1 9 14 0 10 153
0 1 9 13 6 5 190
0 1 9 12 12 0 129
0 1 9 12 1 11 131
0 1 9 11 7 6 83
0 1 9 10 13 1 3
0 1 9 10 2 12 118
0 1 9 9 8 7 178
0 1 9 8 14 2 34
0 1 9 8 3 13 156
0 1 9 7 9 8 163
0 1 9 6 15 3 196
0 1 9 6 4 14 149
0 1 9 5 10 9 17
0 1 9 4 16 4 197
0 1 9 4 5 15 54
0 1 9 3 11 10 121
0 1 9 3 0 21 148
0 1 9 2 17 5 10
0 1 9 2 6 16 91
0 1 9 1 23 0 96
0 1 9 1 12 11 184
0 1 9 1 1 22 137
0 1 9 0 18 6 68
0 1 9 0 7 17 82
0 1 8 21 0 4 183
0 1 8 19 1 5 124
0 1 8 18 7 0 190
0 1 8 17 2 6 72
0 1 8 16 8 1 1
0 1 8 15 3 7 63
0 1 8 14 9 2 85
0 1 8 13 4 8 51
0 1 8 12 10 3 75
0 1 8 11 5 9 6
0 1 8 10 11 4 87
0 1 8 10 0 15 143
0 1 8 9 6 10 10
0 1 8 8 12 5 144
0 1 8 8 1 16 32
0 1 8 7 18 0 9
0 1 8 7 7 11 160
0 1 8 6 13 6 137
0 1 8 6 2 17 42
0 1 8 5 19 1 190
0 1 8 5 8 12 84
0 1 8 4 14 7 92
0 1 8 4 3 18 128
0 1 8 3 20 2 90
0 1 8 3 9 13 180
0 1 8 2 15 8 133
0 1 8 2 4 19 111
0 1 8 1 21 3 96
0 1 8 1 10 14 46
0 1 8 0 16 9 86
0 1 8 0 5 20 11
0 1 7 24 2 0 68
0 1 7 22 3 1 174
0 1 7 20 4 2 40
0 1 7 18 5 3 12
0 1 7 17 0 9 73
0 1 7 16 6 4 104
0 1 7 15 1 10 176
0 1 7 14 7 5 20
0 1 7 13 13 0 144
0 1 7 13 2 11 102
0 1 7 12 8 6 23
0 1 7 11 14 1 143
0 1 7 11 3 12 48
0 1 7 10 9 7 6
0 1 7 9 15 2 43
0 1 7 9 4 13 108
0 1 7 8 10 8 23
0 1 7 7 16 3 151
0 1 7 7 5 14 62
0 1 7 6 11 9 190
0 1 7 6 0 20 12
0 1 7 5 17 4 172
0 1 7 5 6 15 80
0 1 7 4 12 10 25
0 1 7 4 1 21 140
0 1 7 3 18 5 137
0 1 7 3 7 16 162
0 1 7 2 24 0 83
0 1 7 2 13 11 31
0 1 7 2 2 22 55
0 1 7 1 19 6 49
0 1 7 1 8 17 171
0 1 7 0 25 1 11
0 1 7 0 14 12 152
0 1 7 0 3 23 4
0 1 6 24 0 3 47
0 1 6 22 1 4 116
0 1 6 20 2 5 72
0 1 6 19 8 0 86
0 1 6 18 3 6 57
0 1 6 17 9 1 88
0 1 6 16 4 7 194
0 1 6 15 10 2 159
0 1 6 14 5 8 70
0 1 6 13 11 3 90
0 1 6 13 0 14 132
0 1 6 12 6 9 158
0 1 6 11 12 4 38
0 1 6 11 1 15 179
0 1 6 10 7 10 16
0 1 6 9 13 5 52
0 1 6 9 2 16 102
0 1 6 8 19 0 178
0 1 6 8 8 11 16
0 1 6 7 14 6 156
0 1 6 7 3 17 182
0 1 6 6 20 1 174
0 1 6 6 9 12 177
0 1 6 5 15 7 162
0 1 6 5 4 18 43
0 1 6 4 21 2 53
0 1 6 4 10 13 50
0 1 6 3 16 8 69
0 1 6 3 5 19 96
0 1 6 2 22 3 184
0 1 6 2 11 14 79
0 1 6 2 0 25 142
0 1 6 1 17 9 110
0 1 6 1 6 20 137
0 1 6 0 23 4 119
0 1 6 0 12 15 102
0 1 6 0 1 26 57
0 1 5 25 3 0 110
0 1 5 23 4 1 21
0 1 5 21 5 2 170
0 1 5 20 0 8 96
0 1 5 19 6 3 94
0 1 5 18 1 9 7
0 1 5 17 7 4 116
0 1 5 16 2 10 73
0 1 5 15 8 5 50
0 1 5 14 14 0 193
0 1 5 14 3 11 142
0 1 5 13 9 6 109
0 1 5 12 15 1 116
0 1 5 12 4 12 131
0 1 5 11 10 7 107
0 1 5 10 16 2 44
0 1 5 10 5 13 164
0 1 5 9 11 8 179
0 1 5 9 0 19 105
0 1 5 8 17 3 10
0 1 5 8 6 14 156
0 1 5 7 12 9 6
0 1 5 7 1 20 57
0 1 5 6 18 4 109
0 1 5 6 7 15 185
0 1 5 5 13 10 196
0 1 5 5 2 21 148
0 1 5 4 19 5 8
0 1 5 4 8 16 160
0 1 5 3 25 0 21
0 1 5 3 14 11 105
0 1 5 3 3 22 43
0 1 5 2 20 6 84
0 1 5 2 9 17 126
0 1 5 1 26 1 93
0 1 5 1 15 12 56
0 1 5 1 4 23 55
0 1 5 0 21 7 55
0 1 5 0 10 18 107
0 1 4 27 0 2 151
0 1 4 25 1 3 1
0 1 4 23 2 4 20
0 1 4 21 3 5 72
0 1 4 20 9 0 50
0 1 4 19 4 6 195
0 1 4 18 10 1 171
0 1 4 17 5 7 24
0 1 4 16 11 2 191
0 1 4 16 0 13 133
0 1 4 15 6 8 190
0 1 4 14 12 3 97
0 1 4 14 1 14 134
0 1 4 13 7 9 83
0 1 4 12 13 4 64
0 1 4 12 2 15 175
0 1 4 11 8 10 72
0 1 4 10 14 5 54
0 1 4 10 3 16 121
0 1 4 9 20 0 120
0 1 4 9 9 11 183
0 1 4 8 15 6 102
0 1 4 8 4 17 152
0 1 4 7 21 1 159
0 1 4 7 10 12 47
0 1 4 6 16 7 72
0 1 4 6 5 18 107
0 1 4 5 22 2 102
0 1 4 5 11 13 55
0 1 4 5 0 24 65
0 1 4 4 17 8 116
0 1 4 4 6 19 164
0 1 4 3 23 3 176
0 1 4 3 12 14 195
0 1 4 3 1 25 107
0 1 4 2 18 9 181
0 1 4 2 7 20 170
0 1 4 1 24 4 152
0 1 4 1 13 15 130
0 1 4 1 2 26 191
0 1 4 0 19 10 111
0 1 4 0 8 21 14
0 1 3 26 4 0 143
0 1 3 24 5 1 83
0 1 3 23 0 7 30
0 1 3 22 6 2 86
0 1 3 21 1 8 129
0 1 3 20 7 3 39
0 1 3 19 2 9 11
0 1 3 18 8 4 83
0 1 3 17 3 10 12
0 1 3 16 9 5 83
0 1 3 15 15 0 99
0 1 3 15 4 11 73
0 1 3 14 10 6 143
0 1 3 13 16 1 39
0 1 3 13 5 12 189
0 1 3 12 11 7 104
0 1 3 12 0 18 26
0 1 3 11 17 2 99
0 1 3 11 6 13 66
0 1 3 10 12 8 173
0 1 3 10 1 19 154
0 1 3 9 18 3 179
0 1 3 9 7 14 142
0 1 3 8 13 9 86
0 1 3 8 2 20 81
0 1 3 7 19 4 70
0 1 3 7 8 15 34
0 1 3 6 14 10 61
0 1 3 6 3 21 148
0 1 3 5 20 5 90
0 1 3 5 9 16 113
0 1 3 4 26 0 22
0 1 3 4 15 11 18
0 1 3 4 4 22 63
0 1 3 3 21 6 68
0 1 3 3 10 17 63
0 1 3 2 27 1 145
0 1 3 2 16 12 192
0 1 3 2 5 23 32
0 1 3 1 22 7 78
0 1 3 1 11 18 79
0 1 3 1 0 29 21
0 1 3 0 28 2 137
0 1 3 0 17 13 152
0 1 3 0 6 24 50
0 1 2 30 0 1 154
0 1 2 28 1 2 65
0 1 2 26 2 3 159
0 1 2 24 3 4 129
0 1 2 22 4 5 29
0 1 2 21 10 0 150
0 1 2 20 5 6 78
0 1 2 19 11 1 41
0 1 2 19 0 12 34
0 1 2 18 6 7 106
0 1 2 17 12 2 32
0 1 2 17 1 13 149
0 1 2 16 7 8 82
0 1 2 15 13 3 11
0 1 2 15 2 14 14
0 1 2 14 8 9 148
0 1 2 13 14 4 6
0 1 2 13 3 15 46
0 1 2 12 9 10 107
0 1 2 11 15 5 125
0 1 2 11 4 16 83
0 1 2 10 21 0 155
0 1 2 10 10 11 92
0 1 2 9 16 6 181
0 1 2 9 5 17 116
0 1 2 8 22 1 33
0 1 2 8 11 12 183
0 1 2 8 0 23 186
0 1 2 7 17 7 8
0 1 2 7 6 18 130
0 1 2 6 23 2 99
0 1 2 6 12 13 81
0 1 2 6 1 24 8
0 1 2 5 18 8 17
0 1 2 5 7 19 137
0 1 2 4 24 3 156
0 1 2 4 13 14 115
0 1 2 4 2 25 154
0 1 2 3 19 9 159
0 1 2 3 8 20 49
0 1 2 2 25 4 88
0 1 2 2 14 15 110
0 1 2 2 3 26 179
0 1 2 1 20 10 111
0 1 2 1 9 21 78
0 1 2 0 26 5 189
0 1 2 0 15 16 70
0 1 2 0 4 27 183
0 1 1 27 5 0 65
0 1 1 26 0 6 81
0 1 1 25 6 1 189
0 1 1 24 1 7 68
0 1 1 23 7 2 88
0 1 1 22 2 8 20
0 1 1 21 8 3 140
0 1 1 20 3 9 158
0 1 1 19 9 4 156
0 1 1 18 4 10 53
0 1 1 17 10 5 64
0 1 1 16 16 0 129
0 1 1 16 5 11 178
0 1 1 15 11 6 198
0 1 1 15 0 17 183
0 1 1 14 17 1 23
0 1 1 14 6 12 70
0 1 1 13 12 7 134
0 1 1 13 1 18 172
0 1 1 12 18 2 16
0 1 1 12 7 13 104
0 1 1 11 13 8 8
0 1 1 11 2 19 186
0 1 1 10 19 3 31
0 1 1 10 8 14 178
0 1 1 9 14 9 48
0 1 1 9 3 20 123
0 1 1 8 20 4 175
0 1 1 8 9 15 90
0 1 1 7 15 10 173
0 1 1 7 4 21 104
0 1 1 6 21 5 31
0 1 1 6 10 16 143
0 1 1 5 27 0 30
0 1 1 5 16 11 90
0 1 1 5 5 22 139
0 1 1 4 22 6 30
0 1 1 4 11 17 19
0 1 1 4 0 28 183
0 1 1 3 28 1 163
0 1 1 3 17 12 67
0 1 1 3 6 23 12
0 1 1 2 23 7 192
0 1 1 2 12 18 16
0 1 1 2 1 29 198
0 1 1 1 29 2 129
0 1 1 1 18 13 103
0 1 1 1 7 24 59
0 1 1 0 24 8 84
0 1 1 0 13 19 176
0 1 1 0 2 30 130
0 1 0 31 1 1 186
0 1 0 29 2 2 48
0 1 0 25 4 4 116
0 1 0 23 5 5 49
0 1 0 22 11 0 145
0 1 0 22 0 11 62
0 1 0 21 6 6 96
0 1 0 20 12 1 164
0 1 0 20 1 12 159
0 1 0 19 7 7 39
0 1 0 18 13 2 100
0 1 0 18 2 13 45
0 1 0 17 8 8 100
0 1 0 16 14 3 105
0 1 0 16 3 14 88
0 1 0 15 9 9 183
0 1 0 14 15 4 106
0 1 0 14 4 15 163
0 1 0 13 10 10 109
0 1 0 12 16 5 196
0 1 0 12 5 16 61
0 1 0 11 22 0 10
0 1 0 11 11 11 134
0 1 0 11 0 22 186
0 1 0 10 17 6 51
0 1 0 10 6 17 87
0 1 0 9 23 1 121
0 1 0 9 12 12 39
0 1 0 9 1 23 27
0 1 0 8 18 7 159
0 1 0 8 7 18 149
0 1 0 7 24 2 159
0 1 0 7 13 13 119
0 1 0 7 2 24 49
0 1 0 6 19 8 125
0 1 0 6 8 19 126
0 1 0 5 25 3 129
0 1 0 5 14 14 51
0 1 0 5 3 25 69
0 1 0 4 20 9 152
0 1 0 4 9 20 22
0 1 0 3 26 4 63
0 1 0 3 15 15 74
0 1 0 3 4 26 51
0 1 0 2 21 10 98
0 1 0 2 10 21 83
0 1 0 1 27 5 21
0 1 0 1 16 16 64
0 1 0 1 5 27 24
0 1 0 0 33 0 98
0 1 0 0 22 11 28
0 1 0 0 11 22 100
0 0 32 0 0 2 31
0 0 30 3 0 1 170
0 0 30 1 1 2 2
0 0 29 0 5 0 134
0 0 28 6 0 0 163
0 0 28 4 1 1 177
0 0 28 2 2 2 188
0 0 28 0 3 3 118
0 0 27 2 0 5 27
0 0 27 1 6 0 83
0 0 27 0 1 6 163
0 0 26 7 1 0 182
0 0 26 5 2 1 55
0 0 26 3 3 2 87
0 0 26 1 4 3 150
0 0 25 5 0 4 71
0 0 25 3 1 5 160
0 0 25 2 7 0 59
0 0 25 1 2 6 156
0 0 25 0 8 1 115
0 0 24 8 2 0 6
0 0 24 6 3 1 129
0 0 24 4 4 2 110
0 0 24 2 5 3 146
0 0 24 1 0 9 17
0 0 24 0 6 4 148
0 0 23 8 0 3 142
0 0 23 6 1 4 53
0 0 23 4 2 5 16
0 0 23 3 8 0 88
0 0 23 2 3 6 142
0 0 23 1 9 1 66
0 0 23 0 4 7 57
0 0 22 9 3 0 56
0 0 22 7 4 1 155
0 0 22 5 5 2 191
0 0 22 4 0 8 47
0 0 22 3 6 3 127
0 0 22 2 1 9 137
0 0 22 1 7 4 24
0 0 22 0 2 10 172
0 0 21 11 0 2 103
0 0 21 9 1 3 22
0 0 21 7 2 4 48
0 0 21 5 3 5 89
0 0 21 4 9 0 145
0 0 21 3 4 6 125
0 0 21 2 10 1 19
0 0 21 1 5 7 108
0 0 21 0 11 2 188
0 0 21 0 0 13 149
0 0 20 10 4 0 127
0 0 20 8 5 1 171
0 0 20 7 0 7 37
0 0 20 6 6 2 150
0 0 20 5 1 8 47
0 0 20 4 7 3 79
0 0 20 3 2 9 175
0 0 20 2 8 4 173
0 0 20 1 3 10 198
0 0 20 0 9 5 131
0 0 19 14 0 1 92
0 0 19 12 1 2 119
0 0 19 10 2 3 65
0 0 19 8 3 4 159
0 0 19 6 4 5 128
0 0 19 5 10 0 195
0 0 19 4 5 6 148
0 0 19 3 11 1 22
0 0 19 3 0 12 109
0 0 19 2 6 7 72
0 0 19 1 12 2 7
0 0 19 1 1 13 11
0 0 19 0 7 8 9
0 0 18 11 5 0 83
0 0 18 10 0 6 22
0 0 18 9 6 1 155
0 0 18 8 1 7 99
0 0 18 7 7 2 36
0 0 18 6 2 8 66
0 0 18 5 8 3 135
0 0 18 4 3 9 112
0 0 18 3 9 4 112
0 0 18 2 4 10 152
0 0 18 1 10 5 76
0 0 18 0 16 0 142
0 0 18 0 5 11 150
0 0 17 17 0 0 8
0 0 17 15 1 1 94
0 0 17 13 2 2 101
0 0 17 11 3 3 181
0 0 17 9 4 4 75
0 0 17 7 5 5 198
0 0 17 6 11 0 21
0 0 17 6 0 11 19
0 0 17 5 6 6 25
0 0 17 4 12 1 13
0 0 17 4 1 12 177
0 0 17 3 7 7 124
0 0 17 2 13 2 174
0 0 17 2 2 13 190
0 0 17 1 8 8 122
0 0 17 0 14 3 107
0 0 17 0 3 14 60
0 0 16 13 0 5 131
0 0 16 12 6 0 139
0 0 16 11 1 6 80
0 0 16 10 7 1 110
0 0 16 9 2 7 149
0 0 16 8 8 2 149
0 0 16 7 3 8 6
0 0 16 6 9 3 178
0 0 16 5 4 9 124
0 0 16 4 10 4 191
0 0 16 2 11 5 35
0 0 16 2 0 16 78
0 0 16 1 17 0 14
0 0 16 1 6 11 154
0 0 16 0 12 6 102
0 0 16 0 1 17 156
0 0 15 18 1 0 181
0 0 15 16 2 1 178
0 0 15 14 3 2 14
0 0 15 12 4 3 26
0 0 15 10 5 4 161
0 0 15 9 0 10 5
0 0 15 8 6 5 129
0 0 15 7 12 0 192
0 0 15 7 1 11 197
0 0 15 6 7 6 158
0 0 15 5 13 1 56
0 0 15 5 2 12 178
0 0 15 4 8 7 123
0 0 15 3 14 2 109
0 0 15 3 3 13 139
0 0 15 2 9 8 47
0 0 15 1 15 3 177
0 0 15 1 4 14 13
0 0 15 0 10 9 7
0 0 14 16 0 4 159
0 0 14 14 1 5 182
0 0 14 13 7 0 63
0 0 14 12 2 6 170
0 0 14 11 8 1 148
0 0 14 10 3 7 141
0 0 14 9 9 2 197
0 0 14 8 4 8 173
0 0 14 7 10 3 17
0 0 14 6 5 9 44
0 0 14 5 11 4 103
0 0 14 5 0 15 60
0 0 14 4 6 10 82
0 0 14 3 12 5 178
0 0 14 3 1 16 80
0 0 14 2 18 0 130
0 0 14 2 7 11 77
0 0 14 1 13 6 181
0 0 14 1 2 17 195
0 0 14 0 19 1 126
0 0 14 0 8 12 160
0 0 13 19 2 0 76
0 0 13 17 3 1 98
0 0 13 15 4 2 50
0 0 13 13 5 3 93
0 0 13 12 0 9 95
0 0 13 11 6 4 181
0 0 13 10 1 10 55
0 0 13 9 7 5 135
0 0 13 8 13 0 97
0 0 13 8 2 11 151
0 0 13 7 8 6 19
0 0 13 6 14 1 12
0 0 13 6 3 12 129
0 0 13 5 9 7 131
0 0 13 4 15 2 38
0 0 13 4 4 13 54
0 0 13 3 10 8 13
0 0 13 2 16 3 41
0 0 13 2 5 14 163
0 0 13 1 11 9 184
0 0 13 1 0 20 56
0 0 13 0 17 4 123
0 0 13 0 6 15 33
0 0 12 19 0 3 140
0 0 12 17 1 4 194
0 0 12 15 2 5 167
0 0 12 14 8 0 191
0 0 12 13 3 6 39
0 0 12 12 9 1 83
0 0 12 11 4 7 144
0 0 12 10 10 2 87
0 0 12 9 5 8 98
0 0 12 8 11 3 126
0 0 12 8 0 14 155
0 0 12 7 6 9 136
0 0 12 6 12 4 138
0 0 12 6 1 15 47
0 0 12 5 7 10 48
0 0 12 4 13 5 149
0 0 12 4 2 16 23
0 0 12 3 19 0 192
0 0 12 3 8 11 42
0 0 12 2 14 6 36
0 0 12 2 3 17 150
0 0 12 1 20 1 114
0 0 12 1 9 12 186
0 0 12 0 15 7 67
0 0 12 0 4 18 81
0 0 11 20 3 0 149
0 0 11 18 4 1 29
0 0 11 16 5 2 184
0 0 11 15 0 8 115
0 0 11 14 6 3 188
0 0 11 13 1 9 79
0 0 11 12 7 4 13
0 0 11 11 2 10 11
0 0 11 10 8 5 88
0 0 11 9 14 0 70
0 0 11 9 3 11 99
0 0 11 8 9 6 50
0 0 11 7 15 1 162
0 0 11 7 4 12 114
0 0 11 6 10 7 138
0 0 11 5 16 2 75
0 0 11 5 5 13 167
0 0 11 4 11 8 135
0 0 11 4 0 19 48
0 0 11 3 17 3 126
0 0 11 3 6 14 62
0 0 11 2 12 9 153
0 0 11 2 1 20 39
0 0 11 1 18 4 46
0 0 11 1 7 15 159
0 0 11 0 13 10 152
0 0 11 0 2 21 119
0 0 10 22 0 2 105
0 0 10 20 1 3 161
0 0 10 18 2 4 189
0 0 10 16 3 5 160
0 0 10 15 9 0 26
0 0 10 14 4 6 46
0 0 10 13 10 1 25
0 0 10 12 5 7 171
0 0 10 11 11 2 147
0 0 10 11 0 13 195
0 0 10 10 6 8 93
0 0 10 9 12 3 124
0 0 10 9 1 14 33
0 0 10 8 7 9 37
0 0 10 7 13 4 81
0 0 10 7 2 15 164
0 0 10 6 8 10 32
0 0 10 5 14 5 13
0 0 10 5 3 16 32
0 0 10 4 20 0 47
0 0 10 4 9 11 160
0 0 10 3 15 6 141
0 0 10 3 4 17 58
0 0 10 2 21 1 41
0 0 10 2 10 12 34
0 0 10 1 16 7 17
0 0 10 1 5 18 96
0 0 10 0 22 2 144
0 0 10 0 11 13 175
0 0 10 0 0 24 82
0 0 9 21 4 0 94
0 0 9 19 5 1 96
0 0 9 18 0 7 189
0 0 9 17 6 2 65
0 0 9 16 1 8 119
0 0 9 15 7 3 174
0 0 9 14 2 9 106
0 0 9 13 8 4 147
0 0 9 12 3 10 83
0 0 9 11 9 5 27
0 0 9 10 15 0 32
0 0 9 10 4 11 141
0 0 9 9 10 6 112
0 0 9 8 16 1 138
0 0 9 8 5 12 7
0 0 9 7 11 7 195
0 0 9 7 0 18 5
0 0 9 6 17 2 107
0 0 9 6 6 13 40
0 0 9 5 12 8 174
0 0 9 5 1 19 104
0 0 9 4 18 3 33
0 0 9 4 7 14 187
0 0 9 3 13 9 146
0 0 9 3 2 20 104
0 0 9 2 19 4 144
0 0 9 2 8 15 85
0 0 9 1 14 10 182
0 0 9 1 3 21 2
0 0 9 0 20 5 9
0 0 9 0 9 16 100
0 0 8 25 0 1 164
0 0 8 23 1 2 50
0 0 8 21 2 3 164
0 0 8 19 3 4 61
0 0 8 17 4 5 139
0 0 8 16 10 0 150
0 0 8 15 5 6 52
0 0 8 14 11 1 29
0 0 8 14 0 12 169
0 0 8 13 6 7 152
0 0 8 12 12 2 25
0 0 8 12 1 13 45
0 0 8 11 7 8 91
0 0 8 10 13 3 74
0 0 8 10 2 14 145
0 0 8 9 8 9 190
0 0 8 8 14 4 162
0 0 8 8 3 15 35
0 0 8 7 9 10 20
0 0 8 6 15 5 130
0 0 8 6 4 16 170
0 0 8 5 21 0 153
0 0 8 5 10 11 170
0 0 8 4 16 6 118
0 0 8 4 5 17 166
0 0 8 3 22 1 54
0 0 8 3 11 12 19
0 0 8 3 0 23 38
0 0 8 2 17 7 30
0 0 8 2 6 18 166
0 0 8 1 23 2 44
0 0 8 1 12 13 53
0 0 8 1 1 24 28
0 0 8 0 18 8 187
0 0 8 0 7 19 136
0 0 7 22 5 0 87
0 0 7 21 0 6 192
0 0 7 20 6 1 44
0 0 7 19 1 7 23
0 0 7 18 7 2 185
0 0 7 17 2 8 157
0 0 7 16 8 3 76
0 0 7 15 3 9 22
0 0 7 14 9 4 109
0 0 7 13 4 10 51
0 0 7 12 10 5 109
0 0 7 11 16 0 150
0 0 7 11 5 11 112
0 0 7 10 11 6 127
0 0 7 10 0 17 17
0 0 7 9 17 1 6
0 0 7 9 6 12 9
0 0 7 8 12 7 130
0 0 7 8 1 18 11
0 0 7 7 18 2 4
0 0 7 7 7 13 117
0 0 7 6 13 8 74
0 0 7 6 2 19 27
0 0 7 5 19 3 196
0 0 7 5 8 14 183
0 0 7 4 14 9 1
0 0 7 4 3 20 23
0 0 7 3 20 4 93
0 0 7 3 9 15 153
0 0 7 2 15 10 184
0 0 7 2 4 21 54
0 0 7 1 21 5 16
0 0 7 1 10 16 105
0 0 7 0 27 0 38
0 0 7 0 16 11 159
0 0 7 0 5 22 36
0 0 6 28 0 0 173
0 0 6 26 1 1 182
0 0 6 24 2 2 77
0 0 6 22 3 3 82
0 0 6 20 4 4 68
0 0 6 18 5 5 110
0 0 6 17 11 0 170
0 0 6 17 0 11 9
0 0 6 16 6 6 172
0 0 6 15 12 1 6
0 0 6 15 1 12 193
0 0 6 14 7 7 96
0 0 6 13 13 2 138
0 0 6 13 2 13 198
0 0 6 12 8 8 182
0 0 6 11 14 3 174
0 0 6 11 3 14 17
0 0 6 10 9 9 142
0 0 6 9 15 4 15
0 0 6 9 4 15 57
0 0 6 8 10 10 114
0 0 6 7 16 5 99
0 0 6 7 5 16 23
0 0 6 6 22 0 11
0 0 6 6 11 11 118
0 0 6 6 0 22 165
0 0 6 5 17 6 42
0 0 6 5 6 17 72
0 0 6 4 23 1 172
0 0 6 4 12 12 13
0 0 6 4 1 23 3
0 0 6 3 7 18 97
0 0 6 2 24 2 157
0 0 6 2 13 13 69
0 0 6 2 2 24 69
0 0 6 1 19 8 78
0 0 6 1 8 19 36
0 0 6 0 25 3 154
0 0 6 0 14 14 52
0 0 6 0 3 25 5
0 0 5 24 0 5 111
0 0 5 23 6 0 177
0 0 5 22 1 6 186
0 0 5 21 7 1 168
0 0 5 20 2 7 68
0 0 5 19 8 2 193
0 0 5 18 3 8 166
0 0 5 17 9 3 115
0 0 5 16 4 9 62
0 0 5 15 10 4 102
0 0 5 14 5 10 101
0 0 5 13 11 5 64
0 0 5 13 0 16 101
0 0 5 12 17 0 162
0 0 5 12 6 11 26
0 0 5 11 12 6 70
0 0 5 11 1 17 68
0 0 5 10 18 1 141
0 0 5 10 7 12 184
0 0 5 9 13 7 55
0 0 5 9 2 18 74
0 0 5 8 19 2 145
0 0 5 8 8 13 20
0 0 5 7 14 8 5
0 0 5 7 3 19 144
0 0 5 6 20 3 165
0 0 5 6 9 14 111
0 0 5 5 15 9 158
0 0 5 5 4 20 97
0 0 5 4 21 4 95
0 0 5 4 10 15 69
0 0 5 3 16 10 34
0 0 5 3 5 21 128
0 0 5 2 22 5 147
0 0 5 2 11 16 170
0 0 5 2 0 27 160
0 0 5 1 28 0 102
0 0 5 1 17 11 101
0 0 5 1 6 22 27
0 0 5 0 23 6 107
0 0 5 0 12 17 144
0 0 5 0 1 28 77
0 0 4 29 1 0 57
0 0 4 27 2 1 111
0 0 4 25 3 2 113
0 0 4 23 4 3 19
0 0 4 21 5 4 42
0 0 4 20 0 10 145
0 0 4 19 6 5 36
0 0 4 18 12 0 146
0 0 4 18 1 11 61
0 0 4 17 7 6 197
0 0 4 16 13 1 119
0 0 4 16 2 12 11
0 0 4 15 8 7 88
0 0 4 14 14 2 50
0 0 4 14 3 13 192
0 0 4 13 9 8 13
0 0 4 12 15 3 94
0 0 4 12 4 14 53
0 0 4 11 10 9 75
0 0 4 10 16 4 75
0 0 4 10 5 15 96
0 0 4 9 11 10 105
0 0 4 9 0 21 140
0 0 4 8 17 5 29
0 0 4 8 6 16 72
0 0 4 7 23 0 133
0 0 4 7 12 11 6
0 0 4 7 1 22 147
0 0 4 6 18 6 130
0 0 4 6 7 17 89
0 0 4 5 24 1 88
0 0 4 5 13 12 170
0 0 4 5 2 23 150
0 0 4 4 19 7 120
0 0 4 4 8 18 96
0 0 4 3 25 2 13
0 0 4 3 14 13 155
0 0 4 3 3 24 146
0 0 4 2 20 8 100
0 0 4 2 9 19 54
0 0 4 1 26 3 78
0 0 4 1 15 14 45
0 0 4 1 4 25 172
0 0 4 0 21 9 124
0 0 4 0 10 20 9
0 0 3 27 0 4 151
0 0 3 25 1 5 193
0 0 3 24 7 0 91
0 0 3 23 2 6 193
0 0 3 22 8 1 146
0 0 3 21 3 7 121
0 0 3 20 9 2 53
0 0 3 19 4 8 100
0 0 3 18 10 3 192
0 0 3 17 5 9 71
0 0 3 16 11 4 75
0 0 3 16 0 15 112
0 0 3 15 6 10 57
0 0 3 14 12 5 161
0 0 3 14 1 16 37
0 0 3 13 18 0 187
0 0 3 13 7 11 17
0 0 3 12 13 6 146
0 0 3 12 2 17 53
0 0 3 11 19 1 72
0 0 3 11 8 12 102
0 0 3 10 14 7 53
0 0 3 10 3 18 178
0 0 3 9 20 2 93
0 0 3 9 9 13 198
0 0 3 8 15 8 182
0 0 3 8 4 19 185
0 0 3 7 21 3 68
0 0 3 7 10 14 182
0 0 3 6 16 9 32
0 0 3 6 5 20 126
0 0 3 5 22 4 23
0 0 3 5 11 15 136
0 0 3 5 0 26 168
0 0 3 4 17 10 92
0 0 3 4 6 21 186
0 0 3 3 23 5 32
0 0 3 3 12 16 57
0 0 3 3 1 27 195
0 0 3 2 29 0 143
0 0 3 2 18 11 188
0 0 3 2 7 22 85
0 0 3 1 24 6 189
0 0 3 1 13 17 52
0 0 3 1 2 28 77
0 0 3 0 30 1 108
0 0 3 0 19 12 167
0 0 3 0 8 23 183
0 0 2 30 2 0 147
0 0 2 28 3 1 191
0 0 2 26 4 2 33
0 0 2 24 5 3 92
0 0 2 23 0 9 50
0 0 2 22 6 4 138
0 0 2 21 1 10 198
0 0 2 20 7 5 91
0 0 2 19 13 0 108
0 0 2 19 2 11 103
0 0 2 18 8 6 65
0 0 2 17 14 1 52
0 0 2 17 3 12 6
0 0 2 16 9 7 60
0 0 2 15 15 2 185
0 0 2 15 4 13 80
0 0 2 14 10 8 150
0 0 2 13 16 3 190
0 0 2 13 5 14 142
0 0 2 12 11 9 104
0 0 2 12 0 20 16
0 0 2 11 17 4 68
0 0 2 11 6 15 7
0 0 2 10 12 10 98
0 0 2 10 1 21 72
0 0 2 9 18 5 96
0 0 2 9 7 16 31
0 0 2 8 24 0 114
0 0 2 8 13 11 36
0 0 2 8 2 22 129
0 0 2 7 19 6 128
0 0 2 7 8 17 42
0 0 2 6 25 1 193
0 0 2 6 14 12 193
0 0 2 6 3 23 70
0 0 2 5 20 7 1
0 0 2 5 9 18 195
0 0 2 4 26 2 50
0 0 2 4 15 13 45
0 0 2 4 4 24 17
0 0 2 3 21 8 77
0 0 2 3 10 19 176
0 0 2 2 27 3 59
0 0 2 2 16 14 38
0 0 2 2 5 25 71
0 0 2 1 22 9 181
0 0 2 1 11 20 35
0 0 2 1 0 31 181
0 0 2 0 28 4 144
0 0 2 0 17 15 39
0 0 2 0 6 26 179
0 0 1 30 0 3 54
0 0 1 28 1 4 93
0 0 1 26 2 5 4
0 0 1 25 8 0 72
0 0 1 24 3 6 141
0 0 1 23 9 1 64
0 0 1 22 4 7 100
0 0 1 20 5 8 152
0 0 1 19 11 3 12
0 0 1 19 0 14 65
0 0 1 18 6 9 74
0 0 1 17 12 4 193
0 0 1 17 1 15 71
0 0 1 16 7 10 43
0 0 1 15 13 5 154
0 0 1 15 2 16 72
0 0 1 14 19 0 42
0 0 1 14 8 11 72
0 0 1 13 14 6 28
0 0 1 13 3 17 25
0 0 1 12 20 1 70
0 0 1 12 9 12 41
0 0 1 11 15 7 146
0 0 1 11 4 18 169
0 0 1 10 21 2 111
0 0 1 10 10 13 101
0 0 1 9 16 8 196
0 0 1 9 5 19 109
0 0 1 8 22 3 172
0 0 1 8 11 14 180
0 0 1 8 0 25 121
0 0 1 7 17 9 164
0 0 1 7 6 20 94
0 0 1 6 23 4 144
0 0 1 6 12 15 140
0 0 1 6 1 26 198
0 0 1 5 18 10 6
0 0 1 5 7 21 68
0 0 1 4 24 5 33
0 0 1 4 13 16 180
0 0 1 4 2 27 71
0 0 1 3 30 0 96
0 0 1 3 19 11 49
0 0 1 3 8 22 18
0 0 1 2 25 6 136
0 0 1 2 14 17 59
0 0 1 2 3 28 158
0 0 1 1 31 1 188
0 0 1 1 20 12 59
0 0 1 1 9 23 70
0 0 1 0 26 7 126
0 0 1 0 15 18 133
0 0 1 0 4 29 63
0 0 0 29 4 1 176
0 0 0 27 5 2 112
0 0 0 26 0 8 35
0 0 0 25 6 3 127
0 0 0 24 1 9 128
0 0 0 23 7 4 49
0 0 0 22 2 10 166
0 0 0 21 8 5 129
0 0 0 20 14 0 50
0 0 0 20 3 11 77
0 0 0 19 9 6 66
0 0 0 18 15 1 128
0 0 0 18 4 12 144
0 0 0 17 10 7 88
0 0 0 16 16 2 63
0 0 0 16 5 13 23
0 0 0 15 11 8 184
0 0 0 15 0 19 169
0 0 0 14 17 3 96
0 0 0 14 6 14 56
0 0 0 13 12 9 148
0 0 0 13 1 20 65
0 0 0 12 18 4 176
0 0 0 12 7 15 189
0 0 0 11 13 10 104
0 0 0 11 2 21 84
0 0 0 10 19 5 62
0 0 0 10 8 16 87
0 0 0 9 25 0 38
0 0 0 9 14 11 169
0 0 0 9 3 22 27
0 0 0 8 20 6 184
0 0 0 8 9 17 16
0 0 0 7 26 1 6
0 0 0 7 15 12 26
0 0 0 7 4 23 86
0 0 0 6 21 7 130
0 0 0 6 10 18 172
0 0 0 5 27 2 99
0 0 0 5 16 13 91
0 0 0 5 5 24 184
0 0 0 4 22 8 164
0 0 0 4 11 19 27
0 0 0 4 0 30 165
0 0 0 3 28 3 5
0 0 0 3 17 14 145
0 0 0 3 6 25 91
0 0 0 2 23 9 80
0 0 0 2 12 20 63
0 0 0 2 1 31 188
0 0 0 1 29 4 3
0 0 0 1 18 15 17
0 0 0 1 7 26 122
0 0 0 0 24 10 177
0 0 0 0 13 21 115
1 31 2 1 0 0 56
1 31 0 2 1 0 181
1 31 0 0 2 1 188
1 30 1 1 0 2 130
1 30 0 0 4 0 165
1 29 3 2 0 0 145
1 29 3 0 1 1 66
1 29 1 3 1 0 21
1 29 1 1 2 1 198
1 29 0 1 0 4 63
1 28 3 0 3 0 194
1 28 2 2 0 2 136
1 28 1 1 4 0 183
1 28 0 5 0 1 77
1 28 0 3 1 2 77
1 28 0 1 2 3 158
1 27 6 0 0 1 114
1 27 4 3 0 0 49
1 27 4 1 1 1 128
1 27 2 4 1 0 58
1 27 2 2 2 1 8
1 27 2 0 3 2 125
1 27 1 2 0 4 183
1 27 1 0 1 5 24
1 27 0 5 2 0 160
1 27 0 3 3 1 195
1 27 0 1 4 2 71
1 26 6 0 2 0 134
1 26 5 0 0 3 51
1 26 4 1 3 0 11
1 26 3 3 0 2 22
1 26 3 1 1 3 102
1 26 2 2 4 0 35
1 26 2 0 5 1 75
1 26 1 6 0 1 57
1 26 1 4 1 2 191
1 26 1 2 2 3 179
1 26 1 0 3 4 51
1 26 0 3 5 0 168
1 26 0 2 0 6 179
1 26 0 1 6 1 198
1 26 0 0 1 7 122
1 25 7 1 0 1 98
1 25 5 4 0 0 85
1 25 5 2 1 1 99
1 25 5 0 2 2 131
1 25 4 0 0 5 69
1 25 3 5 1 0 4
1 25 3 3 2 1 49
1 25 3 1 3 2 58
1 25 2 3 0 4 82
1 25 2 1 1 5 64
1 25 2 0 7 0 83
1 25 1 6 2 0 142
1 25 1 4 3 1 107
1 25 1 2 4 2 154
1 25 1 0 5 3 69
1 25 0 6 0 3 5
1 25 0 4 1 4 172
1 25 0 2 2 5 71
1 25 0 1 8 0 121
1 25 0 0 3 6 91
1 24 9 0 1 0 131
1 24 7 1 2 0 92
1 24 6 1 0 3 32
1 24 5 2 3 0 167
1 24 5 0 4 1 102
1 24 4 4 0 2 125
1 24 4 2 1 3 83
1 24 4 0 2 4 62
1 24 3 3 4 0 155
1 24 3 1 5 1 106
1 24 3 0 0 7 37
1 24 2 7 0 1 80
1 24 2 5 1 2 191
1 24 2 3 2 3 11
1 24 2 1 3 4 83
1 24 1 4 5 0 65
1 24 1 3 0 6 50
1 24 1 2 6 1 8
1 24 1 1 1 7 59
1 24 1 0 7 2 49
1 24 0 10 0 0 82
1 24 0 8 1 1 28
1 24 0 6 2 2 69
1 24 0 4 3 3 146
1 24 0 2 4 4 17
1 24 0 0 5 5 184
1 23 8 2 0 1 17
1 23 8 0 1 2 119
1 23 6 5 0 0 145
1 23 6 3 1 1 63
1 23 6 1 2 2 35
1 23 5 1 0 5 52
1 23 5 0 6 0 140
1 23 4 6 1 0 27
1 23 4 4 2 1 6
1 23 4 2 3 2 188
1 23 4 0 4 3 20
1 23 3 4 0 4 147
1 23 3 2 1 5 119
1 23 3 1 7 0 144
1 23 3 0 2 6 127
1 23 2 7 2 0 16
1 23 2 5 3 1 34
1 23 2 3 4 2 40
1 23 2 1 5 3 175
1 23 2 0 0 9 145
1 23 1 7 0 3 4
1 23 1 5 1 4 55
1 23 1 3 2 5 32
1 23 1 2 8 0 186
1 23 1 1 3 6 12
1 23 1 0 9 1 27
1 23 0 8 3 0 38
1 23 0 6 4 1 3
1 23 0 4 5 2 150
1 23 0 3 0 8 183
1 23 0 2 6 3 70
1 23 0 1 1 9 70
1 23 0 0 7 4 86
1 22 12 0 0 0 132
1 22 10 1 1 0 159
1 22 8 2 2 0 46
1 22 8 0 3 1 147
1 22 7 2 0 3 38
1 22 7 0 1 4 100
1 22 6 3 3 0 87
1 22 6 1 4 1 191
1 22 5 5 0 2 92
1 22 5 3 1 3 131
1 22 5 1 2 4 15
1 22 4 4 4 0 177
1 22 4 2 5 1 189
1 22 4 1 0 7 84
1 22 4 0 6 2 132
1 22 3 8 0 1 69
1 22 3 6 1 2 79
1 22 3 4 2 3 25
1 22 3 2 3 4 143
1 22 3 0 4 5 18
1 22 2 5 5 0 22
1 22 2 4 0 6 164
1 22 2 3 6 1 58
1 22 2 2 1 7 191
1 22 2 1 7 2 74
1 22 2 0 2 8 6
1 22 1 11 0 0 29
1 22 1 9 1 1 137
1 22 1 7 2 2 55
1 22 1 5 3 3 43
1 22 1 3 4 4 63
1 22 1 1 5 5 139
1 22 1 0 11 0 186
1 22 1 0 0 11 100
1 22 0 7 0 5 36
1 22 0 6 6 0 165
1 22 0 5 1 6 27
1 22 0 4 7 1 147
1 22 0 3 2 7 85
1 22 0 2 8 2 129
1 22 0 1 3 8 18
1 22 0 0 9 3 27
1 21 11 0 0 2 118
1 21 9 3 0 1 29
1 21 9 1 1 2 83
1 21 8 0 5 0 102
1 21 7 6 0 0 159
1 21 7 4 1 1 57
1 21 7 2 2 2 37
1 21 7 0 3 3 188
1 21 6 2 0 5 73
1 21 6 1 6 0 11
1 21 6 0 1 6 112
1 21 5 7 1 0 28
1 21 5 5 2 1 158
1 21 5 3 3 2 192
1 21 5 1 4 3 104
1 21 4 5 0 4 105
1 21 4 3 1 5 6
1 21 4 2 7 0 114
1 21 4 1 2 6 138
1 21 4 0 8 1 96
1 21 3 8 2 0 177
1 21 3 6 3 1 23
1 21 3 4 4 2 192
1 21 3 2 5 3 36
1 21 3 1 0 9 44
1 21 3 0 6 4 32
1 21 2 8 0 3 121
1 21 2 6 1 4 94
1 21 2 4 2 5 39
1 21 2 3 8 0 186
1 21 2 2 3 6 198
1 21 2 1 9 1 181
1 21 2 0 4 7 59
1 21 1 9 3 0 148
1 21 1 7 4 1 140
1 21 1 5 5 2 148
1 21 1 4 0 8 14
1 21 1 3 6 3 148
1 21 1 2 1 9 78
1 21 1 1 7 4 104
1 21 1 0 2 10 83
1 21 0 11 0 2 119
1 21 0 9 1 3 2
1 21 0 7 2 4 54
1 21 0 5 3 5 128
1 21 0 4 9 0 140
1 21 0 3 4 6 186
1 21 0 2 10 1 72
1 21 0 1 5 7 68
1 21 0 0 11 2 84
1 21 0 0 0 13 115
1 20 13 1 0 0 7
1 20 11 2 1 0 113
1 20 11 0 2 1 156
1 20 10 0 0 4 8
1 20 9 3 2 0 86
1 20 9 1 3 1 17
1 20 8 3 0 3 63
1 20 8 1 1 4 16
1 20 7 4 3 0 110
1 20 7 2 4 1 109
1 20 7 0 5 2 4
1 20 6 6 0 2 40
1 20 6 4 1 3 169
1 20 6 2 2 4 115
1 20 6 0 3 5 136
1 20 5 5 4 0 25
1 20 5 3 5 1 47
1 20 5 2 0 7 51
1 20 5 1 6 2 174
1 20 5 0 1 8 148
1 20 4 9 0 1 108
1 20 4 7 1 2 163
1 20 4 5 2 3 66
1 20 4 3 3 4 93
1 20 4 1 4 5 79
1 20 4 0 10 0 38
1 20 3 6 5 0 141
1 20 3 5 0 6 159
1 20 3 4 6 1 18
1 20 3 3 1 7 47
1 20 3 2 7 2 124
1 20 3 1 2 8 181
1 20 3 0 8 3 37
1 20 2 12 0 0 72
1 20 2 10 1 1 29
1 20 2 8 2 2 130
1 20 2 6 3 3 168
1 20 2 4 4 4 150
1 20 2 2 5 5 139
1 20 2 1 11 0 132
1 20 2 1 0 11 169
1 20 2 0 6 6 182
1 20 1 8 0 5 11
1 20 1 7 6 0 12
1 20 1 6 1 6 137
1 20 1 5 7 1 57
1 20 1 4 2 7 170
1 20 1 3 8 2 81
1 20 1 2 3 8 49
1 20 1 1 9 3 123
1 20 1 0 4 9 22
1 20 0 13 1 0 56
1 20 0 11 2 1 39
1 20 0 9 3 2 104
1 20 0 7 4 3 23
1 20 0 5 5 4 97
1 20 0 4 0 10 9
1 20 0 3 6 5 126
1 20 0 2 12 0 16
1 20 0 2 1 11 35
1 20 0 1 7 6 94
1 20 0 0 13 1 65
1 20 0 0 2 12 63
1 19 12 1 0 2 12
1 19 11 0 4 0 41
1 19 10 4 0 1 198
1 19 10 2 1 2 94
1 19 10 0 2 3 60
1 19 9 1 5 0 19
1 19 9 0 0 6 192
1 19 8 7 0 0 71
1 19 8 5 1 1 58
1 19 8 3 2 2 148
1 19 8 1 3 3 169
1 19 7 3 0 5 71
1 19 7 2 6 0 120
1 19 7 1 1 6 162
1 19 7 0 7 1 15
1 19 6 8 1 0 83
1 19 6 6 2 1 61
1 19 6 4 3 2 64
1 19 6 2 4 3 66
1 19 6 0 5 4 14
1 19 5 6 0 4 196
1 19 5 4 1 5 10
1 19 5 3 7 0 117
1 19 5 2 2 6 174
1 19 5 1 8 1 176
1 19 5 0 3 7 186
1 19 4 9 2 0 60
1 19 4 7 3 1 186
1 19 4 5 4 2 108
1 19 4 3 5 3 182
1 19 4 2 0 9 48
1 19 4 1 6 4 8
1 19 4 0 1 10 40
1 19 3 9 0 3 66
1 19 3 7 1 4 160
1 19 3 5 2 5 62
1 19 3 4 8 0 66
1 19 3 3 3 6 129
1 19 3 2 9 1 100
1 19 3 1 4 7 198
1 19 3 0 10 2 171
1 19 2 10 3 0 188
1 19 2 8 4 1 17
1 19 2 6 5 2 34
1 19 2 5 0 8 26
1 19 2 4 6 3 91
1 19 2 3 1 9 178
1 19 2 2 7 4 102
1 19 2 1 2 10 17
1 19 2 0 8 5 93
1 19 1 12 0 2 64
1 19 1 10 1 3 21
1 19 1 8 2 4 111
1 19 1 6 3 5 96
1 19 1 5 9 0 105
1 19 1 4 4 6 164
1 19 1 3 10 1 154
1 19 1 2 5 7 137
1 19 1 1 11 2 186
1 19 1 1 0 13 176
1 19 1 0 6 8 126
1 19 0 11 4 0 48
1 19 0 9 5 1 104
1 19 0 8 0 7 136
1 19 0 7 6 2 27
1 19 0 6 1 8 36
1 19 0 5 7 3 144
1 19 0 4 2 9 54
1 19 0 3 8 4 185
1 19 0 2 3 10 176
1 19 0 1 9 5 109
1 19 0 0 15 0 169
1 19 0 0 4 11 27
1 18 14 2 0 0 69
1 18 14 0 1 1 72
1 18 12 3 1 0 109
1 18 12 1 2 1 114
1 18 11 1 0 4 124
1 18 10 4 2 0 191
1 18 10 2 3 1 6
1 18 10 0 4 2 8
1 18 9 4 0 3 47
1 18 9 2 1 4 150
1 18 9 0 2 5 172
1 18 8 5 3 0 167
1 18 8 3 4 1 136
1 18 8 1 5 2 56
1 18 8 0 0 8 52
1 18 7 7 0 2 160
1 18 7 5 1 3 109
1 18 7 3 2 4 183
1 18 7 1 3 5 35
1 18 7 0 9 0 16
1 18 6 6 4 0 197
1 18 6 4 5 1 65
1 18 6 3 0 7 168
1 18 6 2 6 2 66
1 18 6 1 1 8 157
1 18 6 0 7 3 23
1 18 5 10 0 1 104
1 18 5 8 1 2 87
1 18 5 6 2 3 171
1 18 5 4 3 4 125
1 18 5 2 4 5 60
1 18 5 1 10 0 17
1 18 5 0 5 6 84
1 18 4 7 5 0 45
1 18 4 6 0 6 158
1 18 4 5 6 1 161
1 18 4 4 1 7 11
1 18 4 3 7 2 160
1 18 4 2 2 8 98
1 18 4 1 8 3 124
1 18 4 0 3 9 65
1 18 3 13 0 0 75
1 18 3 11 1 1 157
1 18 3 9 2 2 1
1 18 3 7 3 3 138
1 18 3 5 4 4 61
1 18 3 3 5 5 35
1 18 3 2 11 0 47
1 18 3 2 0 11 86
1 18 3 1 6 6 96
1 18 3 0 12 1 51
1 18 3 0 1 12 174
1 18 2 9 0 5 63
1 18 2 8 6 0 36
1 18 2 7 1 6 81
1 18 2 6 7 1 48
1 18 2 5 2 7 43
1 18 2 4 8 2 72
1 18 2 3 3 8 110
1 18 2 2 9 3 129
1 18 2 1 4 9 159
1 18 2 0 10 4 178
1 18 1 14 1 0 32
1 18 1 12 2 1 45
1 18 1 10 3 2 72
1 18 1 8 4 3 128
1 18 1 6 5 4 43
1 18 1 5 0 10 107
1 18 1 4 6 5 107
1 18 1 3 12 0 26
1 18 1 3 1 11 79
1 18 1 2 7 6 130
1 18 1 1 13 1 172
1 18 1 1 2 12 16
1 18 1 0 8 7 149
1 18 0 12 0 4 81
1 18 0 10 1 5 96
1 18 0 9 7 0 5
1 18 0 8 2 6 166
1 18 0 7 8 1 11
1 18 0 6 3 7 97
1 18 0 5 9 2 74
1 18 0 4 4 8 96
1 18 0 3 10 3 178
1 18 0 2 5 9 195
1 18 0 1 11 4 169
1 18 0 1 0 15 133
1 18 0 0 6 10 172
1 17 14 0 3 0 104
1 17 13 2 0 2 149
1 17 13 0 1 3 7
1 17 12 1 4 0 180
1 17 11 5 0 1 159
1 17 11 3 1 2 195
1 17 11 1 2 3 44
1 17 10 2 5 0 15
1 17 10 1 0 6 16
1 17 10 0 6 1 49
1 17 9 8 0 0 110
1 17 9 6 1 1 34
1 17 9 4 2 2 157
1 17 9 2 3 3 138
1 17 9 0 4 4 117
1 17 8 4 0 5 54
1 17 8 3 6 0 183
1 17 8 2 1 6 119
1 17 8 1 7 1 35
1 17 8 0 2 7 157
1 17 7 9 1 0 176
1 17 7 7 2 1 145
1 17 7 5 3 2 96
1 17 7 3 4 3 135
1 17 7 1 5 4 29
1 17 7 0 0 10 144
1 17 6 7 0 4 45
1 17 6 5 1 5 184
1 17 6 4 7 0 38
1 17 6 3 2 6 38
1 17 6 2 8 1 20
1 17 6 1 3 7 192
1 17 6 0 9 2 182
1 17 5 10 2 0 91
1 17 5 8 3 1 34
1 17 5 6 4 2 144
1 17 5 4 5 3 162
1 17 5 3 0 9 14
1 17 5 2 6 4 130
1 17 5 1 1 10 86
1 17 5 0 7 5 10
1 17 4 10 0 3 139
1 17 4 8 1 4 51
1 17 4 6 2 5 196
1 17 4 5 8 0 130
1 17 4 4 3 6 182
1 17 4 3 9 1 158
1 17 4 2 4 7 10
1 17 4 1 10 2 11
1 17 4 0 5 8 91
1 17 3 11 3 0 3
1 17 3 9 4 1 50
1 17 3 7 5 2 75
1 17 3 6 0 8 136
1 17 3 5 6 3 152
1 17 3 4 1 9 190
1 17 3 3 7 4 8
1 17 3 2 2 10 14
1 17 3 1 8 5 120
1 17 3 0 14 0 143
1 17 3 0 3 11 138
1 17 2 13 0 2 28
1 17 2 11 1 3 112
1 17 2 9 2 4 143
1 17 2 7 3 5 167
1 17 2 6 9 0 194
1 17 2 5 4 6 185
1 17 2 4 10 1 48
1 17 2 3 5 7 41
1 17 2 2 11 2 192
1 17 2 2 0 13 19
1 17 2 1 6 8 127
1 17 2 0 12 3 18
1 17 2 0 1 14 28
1 17 1 12 4 0 97
1 17 1 10 5 1 47
1 17 1 9 0 7 82
1 17 1 8 6 2 42
1 17 1 7 1 8 171
1 17 1 6 7 3 182
1 17 1 5 2 9 126
1 17 1 4 8 4 152
1 17 1 3 3 10 63
1 17 1 2 9 5 116
1 17 1 1 15 0 183
1 17 1 1 4 11 19
1 17 1 0 10 6 87
1 17 0 16 0 1 156
1 17 0 14 1 2 195
1 17 0 12 2 3 150
1 17 0 10 3 4 58
1 17 0 8 4 5 166
1 17 0 7 10 0 17
1 17 0 6 5 6 72
1 17 0 5 11 1 68
1 17 0 5 0 12 144
1 17 0 4 6 7 89
1 17 0 3 12 2 53
1 17 0 3 1 13 52
1 17 0 2 7 8 42
1 17 0 1 13 3 25
1 17 0 1 2 14 59
1 17 0 0 8 9 16
1 16 17 0 0 1 71
1 16 15 3 0 0 157
1 16 15 1 1 1 67
1 16 13 4 1 0 168
1 16 13 2 2 1 119
1 16 13 0 3 2 78
1 16 12 2 0 4 118
1 16 12 0 1 5 124
1 16 11 5 2 0 9
1 16 11 3 3 1 178
1 16 11 1 4 2 119
1 16 10 5 0 3 78
1 16 10 3 1 4 170
1 16 10 1 2 5 68
1 16 10 0 8 0 40
1 16 9 6 3 0 116
1 16 9 4 4 1 93
1 16 9 2 5 2 145
1 16 9 1 0 8 125
1 16 9 0 6 3 155
1 16 8 8 0 2 78
1 16 8 6 1 3 135
1 16 8 4 2 4 17
1 16 8 2 3 5 166
1 16 8 1 9 0 101
1 16 8 0 4 6 132
1 16 7 7 4 0 90
1 16 7 5 5 1 78
1 16 7 4 0 7 164
1 16 7 3 6 2 96
1 16 7 2 1 8 7
1 16 7 1 7 3 176
1 16 7 0 2 9 23
1 16 6 11 0 1 41
1 16 6 9 1 2 22
1 16 6 7 2 3 3
1 16 6 5 3 4 166
1 16 6 3 4 5 92
1 16 6 2 10 0 92
1 16 6 1 5 6 102
1 16 6 0 11 1 186
1 16 6 0 0 12 152
1 16 5 8 5 0 123
1 16 5 7 0 6 126
1 16 5 6 6 1 89
1 16 5 5 1 7 8
1 16 5 4 7 2 164
1 16 5 3 2 8 125
1 16 5 2 8 3 100
1 16 5 1 3 9 173
1 16 5 0 9 4 28
1 16 4 14 0 0 173
1 16 4 12 1 1 35
1 16 4 10 2 2 97
1 16 4 8 3 3 86
1 16 4 6 4 4 19
1 16 4 4 5 5 83
1 16 4 3 11 0 142
1 16 4 3 0 11 5
1 16 4 2 6 6 115
1 16 4 1 12 1 29
1 16 4 1 1 12 156
1 16 4 0 7 7 128
1 16 3 10 0 5 96
1 16 3 9 6 0 23
1 16 3 8 1 6 159
1 16 3 7 7 1 72
1 16 3 6 2 7 41
1 16 3 5 8 2 120
1 16 3 4 3 8 182
1 16 3 3 9 3 111
1 16 3 2 4 9 59
1 16 3 1 10 4 51
1 16 3 0 5 10 179
1 16 2 13 2 1 154
1 16 2 11 3 2 152
1 16 2 9 4 3 104
1 16 2 7 5 4 168
1 16 2 6 0 10 52
1 16 2 5 6 5 139
1 16 2 4 12 0 167
1 16 2 4 1 11 28
1 16 2 3 7 6 80
1 16 2 2 13 1 139
1 16 2 2 2 12 169
1 16 2 1 8 7 10
1 16 2 0 14 2 22
1 16 2 0 3 13 181
1 16 1 13 0 4 164
1 16 1 11 1 5 12
1 16 1 10 7 0 62
1 16 1 9 2 6 91
1 16 1 8 8 1 32
1 16 1 7 3 7 162
1 16 1 6 9 2 102
1 16 1 5 4 8 160
1 16 1 4 10 3 121
1 16 1 3 5 9 113
1 16 1 2 11 4 83
1 16 1 2 0 15 70
1 16 1 1 6 10 143
1 16 1 0 12 5 61
1 16 1 0 1 16 64
1 16 0 16 2 0 78
1 16 0 14 3 1 80
1 16 0 12 4 2 23
1 16 0 10 5 3 32
1 16 0 9 0 9 100
1 16 0 8 6 4 170
1 16 0 7 1 10 105
1 16 0 6 7 5 23
1 16 0 5 13 0 101
1 16 0 5 2 11 170
1 16 0 4 8 6 72
1 16 0 3 14 1 37
1 16 0 3 3 12 57
1 16 0 2 9 7 31
1 16 0 1 15 2 72
1 16 0 1 4 13 180
1 16 0 0 10 8 87
1 15 17 0 2 0 10
1 15 16 0 0 3 117
1 15 15 1 3 0 99
1 15 14 3 0 2 91
1 15 14 1 1 3 180
1 15 13 2 4 0 149
1 15 13 0 5 1 15
1 15 12 6 0 1 192
1 15 12 4 1 2 4
1 15 12 2 2 3 136
1 15 12 0 3 4 48
1 15 11 3 5 0 12
1 15 11 2 0 6 129
1 15 11 1 6 1 30
1 15 11 0 1 7 42
1 15 10 9 0 0 179
1 15 10 7 1 1 158
1 15 10 5 2 2 79
1 15 10 3 3 3 84
1 15 10 1 4 4 125
1 15 9 5 0 5 109
1 15 9 4 6 0 64
1 15 9 3 1 6 49
1 15 9 2 7 1 194
1 15 9 1 2 7 32
1 15 9 0 8 2 67
1 15 8 10 1 0 95
1 15 8 8 2 1 98
1 15 8 6 3 2 121
1 15 8 4 4 3 197
1 15 8 2 5 4 170
1 15 8 1 0 10 142
1 15 8 0 6 5 42
1 15 7 8 0 4 18
1 15 7 6 1 5 142
1 15 7 5 7 0 13
1 15 7 4 2 6 172
1 15 7 3 8 1 76
1 15 7 2 3 7 180
1 15 7 1 9 2 114
1 15 7 0 4 8 31
1 15 6 11 2 0 80
1 15 6 9 3 1 20
1 15 6 7 4 2 129
1 15 6 5 5 3 76
1 15 6 4 0 9 48
1 15 6 3 6 4 198
1 15 6 2 1 10 25
1 15 6 1 7 5 119
1 15 6 0 13 0 6
1 15 6 0 2 11 177
1 15 5 11 0 3 108
1 15 5 9 1 4 15
1 15 5 7 2 5 86
1 15 5 6 8 0 159
1 15 5 5 3 6 58
1 15 5 4 9 1 137
1 15 5 3 4 7 197
1 15 5 2 10 2 11
1 15 5 1 5 8 132
1 15 5 0 11 3 107
1 15 5 0 0 14 10
1 15 4 12 3 0 155
1 15 4 10 4 1 134
1 15 4 8 5 2 168
1 15 4 7 0 8 173
1 15 4 6 6 3 89
1 15 4 5 1 9 190
1 15 4 4 7 4 115
1 15 4 3 2 10 11
1 15 4 2 8 5 143
1 15 4 1 14 0 59
1 15 4 1 3 11 45
1 15 4 0 9 6 135
1 15 3 14 0 2 112
1 15 3 12 1 3 72
1 15 3 10 2 4 65
1 15 3 8 3 5 32
1 15 3 7 9 0 152
1 15 3 6 4 6 194
1 15 3 5 10 1 74
1 15 3 4 5 7 172
1 15 3 3 11 2 109
1 15 3 3 0 13 127
1 15 3 2 6 8 30
1 15 3 1 12 3 57
1 15 3 1 1 14 101
1 15 3 0 7 9 159
1 15 2 13 4 0 168
1 15 2 11 5 1 152
1 15 2 10 0 7 61
1 15 2 9 6 2 94
1 15 2 8 1 8 140
1 15 2 7 7 3 148
1 15 2 6 2 9 68
1 15 2 5 8 4 165
1 15 2 4 3 10 105
1 15 2 3 9 5 12
1 15 2 2 15 0 124
1 15 2 2 4 11 105
1 15 2 1 10 6 138
1 15 2 0 16 1 45
1 15 2 0 5 12 55
1 15 1 17 0 1 14
1 15 1 15 1 2 172
1 15 1 13 2 3 153
1 15 1 11 3 4 10
1 15 1 9 4 5 54
1 15 1 8 10 0 143
1 15 1 7 5 6 80
1 15 1 6 11 1 179
1 15 1 6 0 12 102
1 15 1 5 6 7 185
1 15 1 4 12 2 175
1 15 1 4 1 13 130
1 15 1 3 7 8 34
1 15 1 2 13 3 46
1 15 1 2 2 14 110
1 15 1 1 8 9 90
1 15 1 0 14 4 163
1 15 1 0 3 15 74
1 15 0 14 5 0 60
1 15 0 13 0 6 33
1 15 0 12 6 1 47
1 15 0 11 1 7 159
1 15 0 10 7 2 164
1 15 0 9 2 8 85
1 15 0 8 8 3 35
1 15 0 7 3 9 153
1 15 0 6 9 4 57
1 15 0 5 4 10 69
1 15 0 4 10 5 96
1 15 0 3 16 0 112
1 15 0 3 5 11 136
1 15 0 2 11 6 7
1 15 0 2 0 17 39
1 15 0 1 17 1 71
1 15 0 1 6 12 140
1 15 0 0 12 7 189
1 15 0 0 1 18 17
1 14 18 1 0 1 6
1 14 16 4 0 0 164
1 14 16 2 1 1 37
1 14 16 0 2 2 157
1 14 15 0 0 5 187
1 14 14 5 1 0 60
1 14 14 3 2 1 59
1 14 14 1 3 2 128
1 14 13 3 0 4 1
1 14 13 1 1 5 31
1 14 13 0 7 0 109
1 14 12 6 2 0 197
1 14 12 4 3 1 53
1 14 12 2 4 2 105
1 14 12 0 5 3 182
1 14 11 6 0 3 2
1 14 11 4 1 4 52
1 14 11 2 2 5 38
1 14 11 1 8 0 26
1 14 11 0 3 6 89
1 14 10 7 3 0 182
1 14 10 5 4 1 183
1 14 10 3 5 2 115
1 14 10 2 0 8 75
1 14 10 1 6 3 20
1 14 10 0 1 9 30
1 14 9 9 0 2 25
1 14 9 7 1 3 114
1 14 9 5 2 4 63
1 14 9 3 3 5 30
1 14 9 2 9 0 57
1 14 9 1 4 6 51
1 14 9 0 10 1 181
1 14 8 8 4 0 190
1 14 8 6 5 1 73
1 14 8 5 0 7 104
1 14 8 4 6 2 47
1 14 8 3 1 8 45
1 14 8 2 7 3 1
1 14 8 1 2 9 49
1 14 8 0 8 4 53
1 14 7 12 0 1 181
1 14 7 10 1 2 17
1 14 7 8 2 3 138
1 14 7 6 3 4 186
1 14 7 4 4 5 176
1 14 7 3 10 0 56
1 14 7 2 5 6 176
1 14 7 1 11 1 62
1 14 7 1 0 12 156
1 14 7 0 6 7 33
1 14 6 9 5 0 5
1 14 6 8 0 6 11
1 14 6 7 6 1 53
1 14 6 6 1 7 180
1 14 6 5 7 2 45
1 14 6 4 2 8 90
1 14 6 3 8 3 78
1 14 6 2 3 9 138
1 14 6 1 9 4 138
1 14 6 0 4 10 198
1 14 5 15 0 0 98
1 14 5 13 1 1 142
1 14 5 11 2 2 128
1 14 5 9 3 3 139
1 14 5 7 4 4 124
1 14 5 5 5 5 84
1 14 5 4 11 0 24
1 14 5 4 0 11 96
1 14 5 3 6 6 162
1 14 5 2 12 1 161
1 14 5 2 1 12 169
1 14 5 1 7 7 77
1 14 5 0 13 2 79
1 14 5 0 2 13 115
1 14 4 11 0 5 168
1 14 4 10 6 0 96
1 14 4 9 1 6 125
1 14 4 8 7 1 54
1 14 4 7 2 7 187
1 14 4 6 8 2 52
1 14 4 5 3 8 189
1 14 4 4 9 3 58
1 14 4 3 4 9 121
1 14 4 2 10 4 148
1 14 4 1 5 10 112
1 14 4 0 11 5 21
1 14 4 0 0 16 196
1 14 3 16 1 0 170
1 14 3 14 2 1 22
1 14 3 12 3 2 26
1 14 3 10 4 3 3
1 14 3 8 5 4 156
1 14 3 7 0 10 1
1 14 3 6 6 5 1
1 14 3 5 12 0 124
1 14 3 5 1 11 137
1 14 3 4 7 6 149
1 14 3 3 13 1 44
1 14 3 3 2 12 182
1 14 3 2 8 7 153
1 14 3 1 14 2 132
1 14 3 1 3 13 117
1 14 3 0 9 8 167
1 14 2 14 0 4 114
1 14 2 12 1 5 48
1 14 2 11 7 0 17
1 14 2 10 2 6 197
1 14 2 9 8 1 180
1 14 2 8 3 7 126
1 14 2 7 9 2 9
1 14 2 6 4 8 17
1 14 2 5 10 3 184
1 14 2 4 5 9 126
1 14 2 3 11 4 169
1 14 2 3 0 15 132
1 14 2 2 6 10 149
1 14 2 1 12 5 51
1 14 2 1 1 16 33
1 14 2 0 18 0 7
1 14 2 0 7 11 172
1 14 1 17 2 0 126
1 14 1 15 3 1 115
1 14 1 13 4 2 18
1 14 1 11 5 3 97
1 14 1 10 0 9 22
1 14 1 9 6 4 149
1 14 1 8 1 10 46
1 14 1 7 7 5 62
1 14 1 6 13 0 132
1 14 1 6 2 11 79
1 14 1 5 8 6 156
1 14 1 4 14 1 134
1 14 1 4 3 12 195
1 14 1 3 9 7 142
1 14 1 2 15 2 14
1 14 1 2 4 13 115
1 14 1 1 10 8 178
1 14 1 0 16 3 88
1 14 1 0 5 14 51
1 14 0 17 0 3 60
1 14 0 15 1 4 13
1 14 0 13 2 5 163
1 14 0 12 8 0 155
1 14 0 11 3 6 62
1 14 0 10 9 1 33
1 14 0 9 4 7 187
1 14 0 8 10 2 145
1 14 0 7 5 8 183
1 14 0 6 11 3 17
1 14 0 6 0 14 52
1 14 0 5 6 9 111
1 14 0 4 12 4 53
1 14 0 4 1 15 45
1 14 0 3 7 10 182
1 14 0 2 13 5 142
1 14 0 2 2 16 38
1 14 0 1 19 0 65
1 14 0 1 8 11 180
1 14 0 0 14 6 56
1 14 0 0 3 17 145
1 13 20 0 1 0 73
1 13 18 1 2 0 79
1 13 17 1 0 3 36
1 13 16 2 3 0 79
1 13 16 0 4 1 84
1 13 15 4 0 2 23
1 13 15 2 1 3 133
1 13 15 0 2 4 21
1 13 14 3 4 0 39
1 13 14 1 5 1 60
1 13 14 0 0 7 36
1 13 13 7 0 1 149
1 13 13 5 1 2 85
1 13 13 3 2 3 189
1 13 13 1 3 4 130
1 13 12 4 5 0 163
1 13 12 3 0 6 37
1 13 12 2 6 1 43
1 13 12 1 1 7 146
1 13 12 0 7 2 44
1 13 11 10 0 0 147
1 13 11 8 1 1 172
1 13 11 6 2 2 30
1 13 11 4 3 3 90
1 13 11 2 4 4 2
1 13 11 0 5 5 38
1 13 10 6 0 5 150
1 13 10 5 6 0 111
1 13 10 4 1 6 188
1 13 10 3 7 1 64
1 13 10 2 2 7 122
1 13 10 1 8 2 8
1 13 10 0 3 8 87
1 13 9 11 1 0 182
1 13 9 9 2 1 165
1 13 9 7 3 2 184
1 13 9 5 4 3 5
1 13 9 3 5 4 1
1 13 9 2 0 10 105
1 13 9 1 6 5 80
1 13 9 0 12 0 72
1 13 9 0 1 11 5
1 13 8 9 0 4 121
1 13 8 7 1 5 24
1 13 8 6 7 0 188
1 13 8 5 2 6 188
1 13 8 4 8 1 151
1 13 8 3 3 7 196
1 13 8 2 9 2 22
1 13 8 1 4 8 18
1 13 8 0 10 3 131
1 13 7 12 2 0 128
1 13 7 10 3 1 127
1 13 7 8 4 2 104
1 13 7 6 5 3 108
1 13 7 5 0 9 191
1 13 7 4 6 4 20
1 13 7 3 1 10 44
1 13 7 2 7 5 113
1 13 7 1 13 0 142
1 13 7 1 2 11 104
1 13 7 0 8 6 97
1 13 6 12 0 3 147
1 13 6 10 1 4 7
1 13 6 8 2 5 28
1 13 6 7 8 0 153
1 13 6 6 3 6 187
1 13 6 5 9 1 71
1 13 6 4 4 7 157
1 13 6 3 10 2 60
1 13 6 2 5 8 99
1 13 6 1 11 3 61
1 13 6 1 0 14 116
1 13 6 0 6 9 151
1 13 5 13 3 0 51
1 13 5 11 4 1 41
1 13 5 9 5 2 12
1 13 5 8 0 8 25
1 13 5 7 6 3 198
1 13 5 6 1 9 43
1 13 5 5 7 4 89
1 13 5 4 2 10 197
1 13 5 3 8 5 119
1 13 5 2 14 0 174
1 13 5 2 3 11 156
1 13 5 1 9 6 70
1 13 5 0 15 1 147
1 13 5 0 4 12 169
1 13 4 15 0 2 50
1 13 4 13 1 3 128
1 13 4 11 2 4 32
1 13 4 9 3 5 179
1 13 4 8 9 0 72
1 13 4 7 4 6 13
1 13 4 6 10 1 63
1 13 4 5 5 7 103
1 13 4 4 11 2 24
1 13 4 4 0 13 14
1 13 4 3 6 8 56
1 13 4 2 12 3 40
1 13 4 2 1 14 94
1 13 4 1 7 9 124
1 13 4 0 13 4 186
1 13 4 0 2 15 94
1 13 3 14 4 0 94
1 13 3 12 5 1 23
1 13 3 11 0 7 51
1 13 3 10 6 2 189
1 13 3 9 1 8 56
1 13 3 8 7 3 37
1 13 3 7 2 9 177
1 13 3 6 8 4 91
1 13 3 5 3 10 100
1 13 3 4 9 5 114
1 13 3 3 15 0 75
1 13 3 3 4 11 187
1 13 3 2 10 6 43
1 13 3 1 16 1 21
1 13 3 1 5 12 114
1 13 3 0 11 7 11
1 13 3 0 0 18 71
1 13 2 18 0 1 198
1 13 2 16 1 2 182
1 13 2 14 2 3 151
1 13 2 12 3 4 179
1 13 2 10 4 5 119
1 13 2 9 10 0 10
1 13 2 8 5 6 37
1 13 2 7 11 1 43
1 13 2 7 0 12 89
1 13 2 6 6 7 141
1 13 2 5 12 2 139
1 13 2 5 1 13 18
1 13 2 4 7 8 148
1 13 2 3 13 3 6
1 13 2 3 2 14 56
1 13 2 2 8 9 105
1 13 2 1 14 4 67
1 13 2 1 3 15 181
1 13 2 0 9 10 36
1 13 1 15 5 0 87
1 13 1 14 0 6 129
1 13 1 13 6 1 40
1 13 1 12 1 7 168
1 13 1 11 7 2 35
1 13 1 10 2 8 108
1 13 1 9 8 3 156
1 13 1 8 3 9 180
1 13 1 7 9 4 108
1 13 1 6 4 10 50
1 13 1 5 10 5 164
1 13 1 4 16 0 133
1 13 1 4 5 11 55
1 13 1 3 11 6 66
1 13 1 3 0 17 152
1 13 1 2 17 1 149
1 13 1 2 6 12 81
1 13 1 1 12 7 104
1 13 1 1 1 18 103
1 13 1 0 18 2 45
1 13 1 0 7 13 119
1 13 0 21 0 0 149
1 13 0 19 1 1 11
1 13 0 17 2 2 190
1 13 0 15 3 3 139
1 13 0 13 4 4 54
1 13 0 11 5 5 167
1 13 0 10 11 0 195
1 13 0 10 0 11 175
1 13 0 9 6 6 40
1 13 0 8 12 1 45
1 13 0 8 1 12 53
1 13 0 7 7 7 117
1 13 0 6 13 2 198
1 13 0 6 2 13 69
1 13 0 5 8 8 20
1 13 0 4 14 3 192
1 13 0 4 3 14 155
1 13 0 3 9 9 198
1 13 0 2 15 4 80
1 13 0 2 4 15 45
1 13 0 1 10 10 101
1 13 0 0 16 5 23
1 13 0 0 5 16 91
1 12 19 2 0 1 144
1 12 19 0 1 2 123
1 12 17 5 0 0 191
1 12 17 3 1 1 94
1 12 17 1 2 2 134
1 12 16 1 0 5 35
1 12 16 0 6 0 196
1 12 15 6 1 0 176
1 12 15 4 2 1 139
1 12 15 2 3 2 197
1 12 15 0 4 3 103
1 12 14 4 0 4 178
1 12 14 2 1 5 68
1 12 14 1 7 0 47
1 12 14 0 2 6 105
1 12 13 7 2 0 26
1 12 13 5 3 1 164
1 12 13 3 4 2 170
1 12 13 1 5 3 156
1 12 13 0 0 9 95
1 12 12 7 0 3 107
1 12 12 5 1 4 132
1 12 12 3 2 5 158
1 12 12 2 8 0 37
1 12 12 1 3 6 128
1 12 12 0 9 1 156
1 12 11 8 3 0 195
1 12 11 6 4 1 110
1 12 11 4 5 2 177
1 12 11 3 0 8 42
1 12 11 2 6 3 153
1 12 11 1 1 9 66
1 12 11 0 7 4 145
1 12 10 10 0 2 121
1 12 10 8 1 3 71
1 12 10 6 2 4 58
1 12 10 4 3 5 159
1 12 10 3 9 0 108
1 12 10 2 4 6 81
1 12 10 1 10 1 39
1 12 10 0 5 7 193
1 12 9 9 4 0 168
1 12 9 7 5 1 44
1 12 9 6 0 7 107
1 12 9 5 6 2 139
1 12 9 4 1 8 68
1 12 9 3 7 3 180
1 12 9 2 2 9 10
1 12 9 1 8 4 61
1 12 9 0 3 10 58
1 12 8 13 0 1 171
1 12 8 11 1 2 37
1 12 8 9 2 3 1
1 12 8 7 3 4 116
1 12 8 5 4 5 146
1 12 8 4 10 0 88
1 12 8 3 5 6 18
1 12 8 2 11 1 77
1 12 8 2 0 12 94
1 12 8 1 6 7 184
1 12 8 0 12 2 164
1 12 8 0 1 13 24
1 12 7 10 5 0 33
1 12 7 9 0 6 165
1 12 7 8 6 1 83
1 12 7 7 1 7 104
1 12 7 6 7 2 30
1 12 7 5 2 8 149
1 12 7 4 8 3 196
1 12 7 3 3 9 25
1 12 7 2 9 4 144
1 12 7 1 4 10 129
1 12 7 0 10 5 131
1 12 6 16 0 0 159
1 12 6 14 1 1 5
1 12 6 12 2 2 36
1 12 6 10 3 3 183
1 12 6 8 4 4 95
1 12 6 6 5 5 66
1 12 6 5 11 0 64
1 12 6 5 0 11 60
1 12 6 4 6 6 161
1 12 6 3 12 1 129
1 12 6 3 1 12 72
1 12 6 2 7 7 23
1 12 6 1 13 2 47
1 12 6 1 2 13 165
1 12 6 0 8 8 180
1 12 5 12 0 5 149
1 12 5 11 6 0 174
1 12 5 10 1 6 48
1 12 5 9 7 1 156
1 12 5 8 2 7 99
1 12 5 7 8 2 61
1 12 5 6 3 8 189
1 12 5 5 9 3 84
1 12 5 4 4 9 107
1 12 5 3 10 4 114
1 12 5 2 5 10 91
1 12 5 1 11 5 124
1 12 5 1 0 16 155
1 12 5 0 17 0 57
1 12 5 0 6 11 72
1 12 4 17 1 0 19
1 12 4 15 2 1 63
1 12 4 13 3 2 179
1 12 4 11 4 3 134
1 12 4 9 5 4 96
1 12 4 8 0 10 119
1 12 4 7 6 5 114
1 12 4 6 12 0 75
1 12 4 6 1 11 107
1 12 4 5 7 6 75
1 12 4 4 13 1 16
1 12 4 4 2 12 168
1 12 4 3 8 7 150
1 12 4 2 14 2 128
1 12 4 2 3 13 48
1 12 4 1 9 8 100
1 12 4 0 15 3 13
1 12 4 0 4 14 171
1 12 3 15 0 4 181
1 12 3 13 1 5 53
1 12 3 12 7 0 62
1 12 3 11 2 6 79
1 12 3 10 8 1 22
1 12 3 9 3 7 181
1 12 3 8 9 2 164
1 12 3 7 4 8 8
1 12 3 6 10 3 142
1 12 3 5 5 9 152
1 12 3 4 11 4 128
1 12 3 4 0 15 164
1 12 3 3 6 10 36
1 12 3 2 12 5 94
1 12 3 2 1 16 196
1 12 3 1 18 0 122
1 12 3 1 7 11 120
1 12 3 0 13 6 92
1 12 3 0 2 17 132
1 12 2 18 2 0 162
1 12 2 16 3 1 150
1 12 2 14 4 2 70
1 12 2 12 5 3 65
1 12 2 11 0 9 165
1 12 2 10 6 4 4
1 12 2 9 1 10 187
1 12 2 8 7 5 62
1 12 2 7 13 0 177
1 12 2 7 2 11 147
1 12 2 6 8 6 48
1 12 2 5 14 1 146
1 12 2 5 3 12 56
1 12 2 4 9 7 166
1 12 2 3 15 2 61
1 12 2 3 4 13 177
1 12 2 2 10 8 94
1 12 2 1 16 3 12
1 12 2 1 5 14 168
1 12 2 0 0 20 183
1 12 1 18 0 3 3
1 12 1 16 1 4 120
1 12 1 14 2 5 54
1 12 1 13 8 0 50
1 12 1 12 3 6 9
1 12 1 11 9 1 160
1 12 1 10 4 7 129
1 12 1 9 10 2 118
1 12 1 8 5 8 84
1 12 1 7 11 3 48
1 12 1 7 0 14 152
1 12 1 6 6 9 177
1 12 1 5 12 4 131
1 12 1 5 1 15 56
1 12 1 4 7 10 47
1 12 1 3 13 5 189
1 12 1 3 2 16 192
1 12 1 2 19 0 34
1 12 1 2 8 11 183
1 12 1 1 14 6 70
1 12 1 1 3 17 67
1 12 1 0 20 1 159
1 12 1 0 9 12 39
1 12 0 19 3 0 109
1 12 0 17 4 1 177
1 12 0 15 5 2 178
1 12 0 14 0 8 160
1 12 0 13 6 3 129
1 12 0 12 1 9 186
1 12 0 11 7 4 114
1 12 0 10 2 10 34
1 12 0 9 8 5 7
1 12 0 8 14 0 169
1 12 0 8 3 11 19
1 12 0 7 9 6 9
1 12 0 6 15 1 193
1 12 0 6 4 12 13
1 12 0 5 10 7 184
1 12 0 4 16 2 11
1 12 0 4 5 13 170
1 12 0 3 11 8 102
1 12 0 3 0 19 167
1 12 0 2 17 3 6
1 12 0 2 6 14 193
1 12 0 1 12 9 41
1 12 0 1 1 20 59
1 12 0 0 18 4 144
1 12 0 0 7 15 26
1 11 23 0 0 0 48
1 11 21 1 1 0 155
1 11 19 2 2 0 118
1 11 19 0 3 1 126
1 11 18 2 0 3 94
1 11 18 0 1 4 123
1 11 17 3 3 0 85
1 11 17 1 4 1 160
1 11 16 5 0 2 1
1 11 16 3 1 3 119
1 11 16 1 2 4 112
1 11 15 4 4 0 66
1 11 15 2 5 1 123
1 11 15 1 0 7 165
1 11 15 0 6 2 81
1 11 14 8 0 1 120
1 11 14 6 1 2 113
1 11 14 4 2 3 141
1 11 14 2 3 4 151
1 11 14 0 4 5 88
1 11 13 5 5 0 66
1 11 13 4 0 6 132
1 11 13 3 6 1 75
1 11 13 2 1 7 34
1 11 13 1 7 2 111
1 11 13 0 2 8 13
1 11 12 11 0 0 186
1 11 12 9 1 1 8
1 11 12 7 2 2 48
1 11 12 5 3 3 43
1 11 12 3 4 4 144
1 11 12 1 5 5 187
1 11 12 0 11 0 42
1 11 12 0 0 11 10
1 11 11 7 0 5 50
1 11 11 6 6 0 162
1 11 11 5 1 6 117
1 11 11 4 7 1 150
1 11 11 3 2 7 140
1 11 11 2 8 2 28
1 11 11 1 3 8 91
1 11 11 0 9 3 92
1 11 10 12 1 0 4
1 11 10 10 2 1 89
1 11 10 8 3 2 155
1 11 10 6 4 3 78
1 11 10 4 5 4 192
1 11 10 3 0 10 29
1 11 10 2 6 5 62
1 11 10 1 12 0 90
1 11 10 1 1 11 171
1 11 10 0 7 6 1
1 11 9 10 0 4 167
1 11 9 8 1 5 116
1 11 9 7 7 0 158
1 11 9 6 2 6 163
1 11 9 5 8 1 41
1 11 9 4 3 7 52
1 11 9 3 9 2 195
1 11 9 2 4 8 5
1 11 9 1 10 3 24
1 11 9 0 5 9 182
1 11 8 13 2 0 126
1 11 8 11 3 1 28
1 11 8 9 4 2 154
1 11 8 7 5 3 189
1 11 8 6 0 9 123
1 11 8 5 6 4 130
1 11 8 4 1 10 132
1 11 8 3 7 5 9
1 11 8 2 13 0 196
1 11 8 2 2 11 187
1 11 8 1 8 6 183
1 11 8 0 14 1 5
1 11 8 0 3 12 54
1 11 7 13 0 3 146
1 11 7 11 1 4 74
1 11 7 9 2 5 195
1 11 7 8 8 0 195
1 11 7 7 3 6 71
1 11 7 6 9 1 46
1 11 7 5 4 7 45
1 11 7 4 10 2 125
1 11 7 3 5 8 84
1 11 7 2 11 3 124
1 11 7 2 0 14 123
1 11 7 1 6 9 42
1 11 7 0 12 4 171
1 11 7 0 1 15 53
1 11 6 14 3 0 15
1 11 6 12 4 1 23
1 11 6 10 5 2 56
1 11 6 9 0 8 75
1 11 6 8 6 3 119
1 11 6 7 1 9 76
1 11 6 6 7 4 32
1 11 6 5 2 10 75
1 11 6 4 8 5 147
1 11 6 3 14 0 99
1 11 6 3 3 11 100
1 11 6 2 9 6 97
1 11 6 1 15 1 129
1 11 6 1 4 12 24
1 11 6 0 10 7 49
1 11 5 16 0 2 40
1 11 5 14 1 3 70
1 11 5 12 2 4 156
1 11 5 10 3 5 48
1 11 5 9 9 0 13
1 11 5 8 4 6 77
1 11 5 7 10 1 1
1 11 5 6 5 7 67
1 11 5 5 11 2 26
1 11 5 5 0 13 22
1 11 5 4 6 8 114
1 11 5 3 12 3 82
1 11 5 3 1 14 129
1 11 5 2 7 9 171
1 11 5 1 13 4 109
1 11 5 1 2 15 97
1 11 5 0 8 10 184
1 11 4 15 4 0 121
1 11 4 13 5 1 163
1 11 4 12 0 7 144
1 11 4 11 6 2 160
1 11 4 10 1 8 155
1 11 4 9 7 3 11
1 11 4 8 2 9 85
1 11 4 7 8 4 140
1 11 4 6 3 10 8
1 11 4 4 15 0 139
1 11 4 4 4 11 94
1 11 4 3 10 6 83
1 11 4 2 16 1 18
1 11 4 2 5 12 102
1 11 4 1 11 7 130
1 11 4 1 0 18 56
1 11 4 0 17 2 46
1 11 4 0 6 13 146
1 11 3 19 0 1 67
1 11 3 17 1 2 13
1 11 3 15 2 3 156
1 11 3 13 3 4 78
1 11 3 11 4 5 180
1 11 3 10 10 0 176
1 11 3 9 5 6 193
1 11 3 8 11 1 17
1 11 3 8 0 12 122
1 11 3 7 6 7 81
1 11 3 6 12 2 145
1 11 3 6 1 13 32
1 11 3 5 7 8 164
1 11 3 4 13 3 121
1 11 3 4 2 14 68
1 11 3 3 8 9 12
1 11 3 2 14 4 72
1 11 3 2 3 15 25
1 11 3 1 9 10 59
1 11 3 0 15 5 55
1 11 3 0 4 16 84
1 11 2 16 5 0 2
1 11 2 15 0 6 189
1 11 2 14 6 1 11
1 11 2 13 1 7 121
1 11 2 12 7 2 111
1 11 2 11 2 8 86
1 11 2 10 8 3 108
1 11 2 9 3 9 153
1 11 2 8 9 4 31
1 11 2 7 4 10 171
1 11 2 6 10 5 196
1 11 2 5 16 0 56
1 11 2 5 5 11 153
1 11 2 4 11 6 168
1 11 2 4 0 17 20
1 11 2 3 17 1 147
1 11 2 3 6 12 49
1 11 2 2 12 7 185
1 11 2 2 1 18 29
1 11 2 1 18 2 1
1 11 2 1 7 13 95
1 11 2 0 13 8 150
1 11 2 0 2 19 135
1 11 1 22 0 0 64
1 11 1 20 1 1 68
1 11 1 18 2 2 139
1 11 1 16 3 3 46
1 11 1 14 4 4 66
1 11 1 12 5 5 185
1 11 1 11 11 0 138
1 11 1 11 0 11 85
1 11 1 10 6 6 119
1 11 1 9 12 1 131
1 11 1 9 1 12 184
1 11 1 8 7 7 160
1 11 1 7 13 2 102
1 11 1 7 2 13 31
1 11 1 6 8 8 16
1 11 1 5 14 3 142
1 11 1 5 3 14 105
1 11 1 4 9 9 183
1 11 1 3 15 4 73
1 11 1 3 4 15 18
1 11 1 2 10 10 92
1 11 1 1 16 5 178
1 11 1 1 5 16 90
1 11 1 0 22 0 62
1 11 1 0 11 11 134
1 11 1 0 0 22 28
1 11 0 18 0 5 150
1 11 0 17 6 0 19
1 11 0 16 1 6 154
1 11 0 15 7 1 197
1 11 0 14 2 7 77
1 11 0 13 8 2 151
1 11 0 12 3 8 42
1 11 0 11 9 3 99
1 11 0 10 4 9 160
1 11 0 9 10 4 141
1 11 0 8 5 10 170
1 11 0 7 11 5 112
1 11 0 7 0 16 159
1 11 0 6 17 0 9
1 11 0 6 6 11 118
1 11 0 5 12 6 26
1 11 0 5 1 17 101
1 11 0 4 18 1 61
1 11 0 4 7 12 6
1 11 0 3 13 7 17
1 11 0 3 2 18 188
1 11 0 2 19 2 103
1 11 0 2 8 13 36
1 11 0 1 14 8 72
1 11 0 1 3 19 49
1 11 0 0 20 3 77
1 11 0 0 9 14 169
1 10 22 0 0 2 59
1 10 20 3 0 1 29
1 10 20 1 1 2 157
1 10 19 0 5 0 114
1 10 18 6 0 0 45
1 10 18 4 1 1 47
1 10 18 2 2 2 124
1 10 18 0 3 3 135
1 10 17 2 0 5 174
1 10 17 1 6 0 137
1 10 17 0 1 6 19
1 10 16 7 1 0 150
1 10 16 5 2 1 94
1 10 16 3 3 2 144
1 10 16 1 4 3 34
1 10 15 5 0 4 100
1 10 15 3 1 5 186
1 10 15 2 7 0 137
1 10 15 1 2 6 65
1 10 15 0 8 1 165
1 10 14 8 2 0 120
1 10 14 6 3 1 119
1 10 14 4 4 2 65
1 10 14 2 5 3 25
1 10 14 1 0 9 151
1 10 14 0 6 4 138
1 10 13 8 0 3 128
1 10 13 6 1 4 11
1 10 13 4 2 5 109
1 10 13 3 8 0 118
1 10 13 2 3 6 165
1 10 13 1 9 1 48
1 10 13 0 4 7 50
1 10 12 9 3 0 38
1 10 12 7 4 1 93
1 10 12 5 5 2 132
1 10 12 4 0 8 198
1 10 12 3 6 3 25
1 10 12 2 1 9 48
1 10 12 1 7 4 70
1 10 12 0 2 10 128
1 10 11 11 0 2 144
1 10 11 9 1 3 70
1 10 11 7 2 4 42
1 10 11 5 3 5 93
1 10 11 4 9 0 124
1 10 11 3 4 6 186
1 10 11 2 10 1 165
1 10 11 1 5 7 74
1 10 11 0 11 2 119
1 10 11 0 0 13 119
1 10 10 10 4 0 172
1 10 10 8 5 1 74
1 10 10 7 0 7 18
1 10 10 6 6 2 160
1 10 10 5 1 8 158
1 10 10 4 7 3 20
1 10 10 3 2 9 117
1 10 10 2 8 4 61
1 10 10 1 3 10 172
1 10 10 0 9 5 179
1 10 9 14 0 1 62
1 10 9 12 1 2 161
1 10 9 10 2 3 115
1 10 9 8 3 4 80
1 10 9 6 4 5 93
1 10 9 5 10 0 46
1 10 9 4 5 6 38
1 10 9 3 11 1 121
1 10 9 3 0 12 32
1 10 9 2 6 7 19
1 10 9 1 12 2 165
1 10 9 1 1 13 69
1 10 9 0 7 8 23
1 10 8 11 5 0 134
1 10 8 10 0 6 63
1 10 8 9 6 1 81
1 10 8 8 1 7 73
1 10 8 7 7 2 97
1 10 8 6 2 8 64
1 10 8 5 8 3 87
1 10 8 4 3 9 106
1 10 8 3 9 4 112
1 10 8 2 4 10 104
1 10 8 1 10 5 140
1 10 8 0 16 0 185
1 10 8 0 5 11 45
1 10 7 17 0 0 3
1 10 7 15 1 1 120
1 10 7 13 2 2 87
1 10 7 11 3 3 184
1 10 7 9 4 4 49
1 10 7 7 5 5 141
1 10 7 6 11 0 146
1 10 7 6 0 11 91
1 10 7 5 6 6 118
1 10 7 4 12 1 107
1 10 7 4 1 12 141
1 10 7 3 7 7 32
1 10 7 2 13 2 127
1 10 7 2 2 13 16
1 10 7 1 8 8 62
1 10 7 0 14 3 190
1 10 7 0 3 14 148
1 10 6 13 0 5 50
1 10 6 12 6 0 62
1 10 6 11 1 6 133
1 10 6 10 7 1 131
1 10 6 9 2 7 134
1 10 6 8 8 2 111
1 10 6 7 3 8 126
1 10 6 6 9 3 115
1 10 6 5 4 9 125
1 10 6 4 10 4 190
1 10 6 3 5 10 138
1 10 6 2 11 5 2
1 10 6 2 0 16 192
1 10 6 1 17 0 191
1 10 6 1 6 11 24
1 10 6 0 12 6 110
1 10 6 0 1 17 28
1 10 5 18 1 0 78
1 10 5 16 2 1 2
1 10 5 14 3 2 182
1 10 5 12 4 3 122
1 10 5 10 5 4 80
1 10 5 9 0 10 188
1 10 5 8 6 5 39
1 10 5 7 12 0 85
1 10 5 7 1 11 90
1 10 5 6 7 6 53
1 10 5 5 13 1 99
1 10 5 5 2 12 82
1 10 5 4 8 7 30
1 10 5 3 14 2 147
1 10 5 3 3 13 42
1 10 5 2 9 8 130
1 10 5 1 15 3 19
1 10 5 1 4 14 33
1 10 5 0 10 9 111
1 10 4 16 0 4 132
1 10 4 14 1 5 184
1 10 4 13 7 0 180
1 10 4 12 2 6 107
1 10 4 11 8 1 7
1 10 4 10 3 7 11
1 10 4 9 9 2 38
1 10 4 8 4 8 138
1 10 4 7 10 3 113
1 10 4 6 5 9 23
1 10 4 5 11 4 38
1 10 4 5 0 15 152
1 10 4 4 6 10 195
1 10 4 3 12 5 24
1 10 4 3 1 16 68
1 10 4 2 18 0 138
1 10 4 2 7 11 119
1 10 4 1 13 6 42
1 10 4 1 2 17 188
1 10 4 0 19 1 175
1 10 4 0 8 12 198
1 10 3 17 3 1 132
1 10 3 15 4 2 18
1 10 3 13 5 3 127
1 10 3 12 0 9 197
1 10 3 11 6 4 52
1 10 3 10 1 10 23
1 10 3 9 7 5 72
1 10 3 8 13 0 38
1 10 3 8 2 11 2
1 10 3 7 8 6 48
1 10 3 6 14 1 64
1 10 3 6 3 12 162
1 10 3 5 9 7 90
1 10 3 4 15 2 86
1 10 3 4 4 13 153
1 10 3 3 10 8 177
1 10 3 2 16 3 81
1 10 3 2 5 14 103
1 10 3 1 11 9 32
1 10 3 1 0 20 52
1 10 3 0 17 4 186
1 10 3 0 6 15 157
1 10 2 19 0 3 48
1 10 2 17 1 4 94
1 10 2 15 2 5 168
1 10 2 14 8 0 5
1 10 2 13 3 6 84
1 10 2 12 9 1 147
1 10 2 11 4 7 2
1 10 2 10 10 2 86
1 10 2 9 5 8 123
1 10 2 8 11 3 172
1 10 2 8 0 14 159
1 10 2 7 6 9 137
1 10 2 6 12 4 164
1 10 2 6 1 15 181
1 10 2 5 7 10 183
1 10 2 4 13 5 136
1 10 2 4 2 16 87
1 10 2 3 19 0 119
1 10 2 3 8 11 175
1 10 2 2 14 6 158
1 10 2 2 3 17 77
1 10 2 1 20 1 195
1 10 2 1 9 12 1
1 10 2 0 15 7 133
1 10 2 0 4 18 114
1 10 1 20 3 0 87
1 10 1 18 4 1 151
1 10 1 16 5 2 195
1 10 1 15 0 8 83
1 10 1 14 6 3 63
1 10 1 13 1 9 143
1 10 1 12 7 4 131
1 10 1 11 2 10 155
1 10 1 10 8 5 138
1 10 1 9 14 0 153
1 10 1 9 3 11 121
1 10 1 8 9 6 10
1 10 1 7 15 1 176
1 10 1 7 4 12 25
1 10 1 6 10 7 16
1 10 1 5 16 2 73
1 10 1 5 5 13 196
1 10 1 4 11 8 72
1 10 1 4 0 19 111
1 10 1 3 17 3 12
1 10 1 3 6 14 61
1 10 1 2 12 9 107
1 10 1 2 1 20 111
1 10 1 1 18 4 53
1 10 1 1 7 15 173
1 10 1 0 13 10 109
1 10 1 0 2 21 98
1 10 0 22 0 2 172
1 10 0 20 1 3 198
1 10 0 18 2 4 152
1 10 0 15 9 0 5
1 10 0 14 4 6 82
1 10 0 13 10 1 55
1 10 0 12 5 7 48
1 10 0 11 11 2 11
1 10 0 11 0 13 152
1 10 0 10 6 8 32
1 10 0 9 12 3 83
1 10 0 9 1 14 182
1 10 0 8 7 9 20
1 10 0 7 13 4 51
1 10 0 7 2 15 184
1 10 0 6 8 10 114
1 10 0 5 14 5 101
1 10 0 5 3 16 34
1 10 0 4 20 0 145
1 10 0 4 9 11 105
1 10 0 3 15 6 57
1 10 0 3 4 17 92
1 10 0 2 21 1 198
1 10 0 2 10 12 98
1 10 0 1 16 7 43
1 10 0 1 5 18 6
1 10 0 0 22 2 166
1 10 0 0 11 13 104
1 10 0 0 0 24 177
1 9 24 1 0 0 122
1 9 22 2 1 0 100
1 9 22 0 2 1 49
1 9 21 0 0 4 130
1 9 20 3 2 0 27
1 9 20 1 3 1 77
1 9 19 3 0 3 98
1 9 19 1 1 4 65
1 9 18 4 3 0 25
1 9 18 2 4 1 11
1 9 18 0 5 2 156
1 9 17 6 0 2 173
1 9 17 4 1 3 72
1 9 17 2 2 4 162
1 9 16 5 4 0 40
1 9 16 3 5 1 19
1 9 16 2 0 7 15
1 9 16 1 6 2 94
1 9 16 0 1 8 11
1 9 15 9 0 1 6
1 9 15 7 1 2 143
1 9 15 5 2 3 80
1 9 15 3 3 4 122
1 9 15 1 4 5 128
1 9 15 0 10 0 4
1 9 14 6 5 0 160
1 9 14 5 0 6 83
1 9 14 4 6 1 170
1 9 14 3 1 7 67
1 9 14 2 7 2 184
1 9 14 1 2 8 27
1 9 14 0 8 3 28
1 9 13 12 0 0 53
1 9 13 10 1 1 26
1 9 13 8 2 2 171
1 9 13 6 3 3 20
1 9 13 4 4 4 9
1 9 13 2 5 5 112
1 9 13 1 11 0 72
1 9 13 1 0 11 9
1 9 13 0 6 6 46
1 9 12 8 0 5 188
1 9 12 7 6 0 130
1 9 12 6 1 6 24
1 9 12 5 7 1 77
1 9 12 4 2 7 57
1 9 12 3 8 2 87
1 9 12 2 3 8 159
1 9 12 1 9 3 179
1 9 12 0 4 9 185
1 9 11 13 1 0 48
1 9 11 11 2 1 92
1 9 11 9 3 2 50
1 9 11 7 4 3 194
1 9 11 5 5 4 16
1 9 11 4 0 10 107
1 9 11 3 6 5 80
1 9 11 2 12 0 114
1 9 11 2 1 11 25
1 9 11 1 7 6 152
1 9 11 0 13 1 174
1 9 11 0 2 12 187
1 9 10 11 0 4 64
1 9 10 9 1 5 125
1 9 10 8 7 0 95
1 9 10 7 2 6 29
1 9 10 6 8 1 132
1 9 10 5 3 7 46
1 9 10 4 9 2 97
1 9 10 3 4 8 22
1 9 10 2 10 3 27
1 9 10 1 5 9 156
1 9 10 0 11 4 99
1 9 10 0 0 15 48
1 9 9 14 2 0 180
1 9 9 12 3 1 185
1 9 9 10 4 2 123
1 9 9 8 5 3 90
1 9 9 7 0 9 192
1 9 9 6 6 4 105
1 9 9 5 1 10 53
1 9 9 4 7 5 182
1 9 9 3 13 0 193
1 9 9 3 2 11 10
1 9 9 2 8 6 178
1 9 9 1 14 1 37
1 9 9 1 3 12 92
1 9 9 0 9 7 116
1 9 8 14 0 3 132
1 9 8 12 1 4 74
1 9 8 10 2 5 158
1 9 8 9 8 0 11
1 9 8 8 3 6 195
1 9 8 7 9 1 146
1 9 8 6 4 7 88
1 9 8 5 10 2 51
1 9 8 3 11 3 177
1 9 8 3 0 14 174
1 9 8 2 6 9 75
1 9 8 1 12 4 7
1 9 8 1 1 15 39
1 9 8 0 7 10 185
1 9 7 15 3 0 29
1 9 7 13 4 1 87
1 9 7 11 5 2 189
1 9 7 10 0 8 21
1 9 7 9 6 3 31
1 9 7 8 1 9 179
1 9 7 7 7 4 177
1 9 7 6 2 10 179
1 9 7 5 8 5 161
1 9 7 4 14 0 142
1 9 7 4 3 11 121
1 9 7 3 9 6 198
1 9 7 2 15 1 134
1 9 7 2 4 12 2
1 9 7 1 10 7 124
1 9 7 0 16 2 182
1 9 7 0 5 13 131
1 9 6 17 0 2 174
1 9 6 15 1 3 6
1 9 6 13 2 4 87
1 9 6 11 3 5 66
1 9 6 10 9 0 66
1 9 6 9 4 6 137
1 9 6 8 10 1 57
1 9 6 7 5 7 5
1 9 6 6 11 2 113
1 9 6 6 0 13 44
1 9 6 5 6 8 190
1 9 6 4 12 3 166
1 9 6 4 1 14 12
1 9 6 3 7 9 175
1 9 6 2 13 4 40
1 9 6 2 2 15 26
1 9 6 1 8 10 136
1 9 6 0 14 5 59
1 9 6 0 3 16 63
1 9 5 16 4 0 196
1 9 5 14 5 1 41
1 9 5 13 0 7 179
1 9 5 12 6 2 146
1 9 5 11 1 8 161
1 9 5 10 7 3 159
1 9 5 9 2 9 38
1 9 5 8 8 4 35
1 9 5 7 3 10 144
1 9 5 6 9 5 67
1 9 5 5 15 0 166
1 9 5 5 4 11 33
1 9 5 4 10 6 123
1 9 5 3 16 1 118
1 9 5 3 5 12 166
1 9 5 2 11 7 77
1 9 5 2 0 18 40
1 9 5 1 17 2 168
1 9 5 1 6 13 188
1 9 5 0 12 8 80
1 9 5 0 1 19 33
1 9 4 20 0 1 82
1 9 4 18 1 2 192
1 9 4 16 2 3 109
1 9 4 14 3 4 27
1 9 4 12 4 5 191
1 9 4 11 10 0 90
1 9 4 10 5 6 69
1 9 4 9 11 1 155
1 9 4 9 0 12 102
1 9 4 8 6 7 103
1 9 4 7 12 2 168
1 9 4 7 1 13 142
1 9 4 6 7 8 34
1 9 4 5 13 3 155
1 9 4 5 2 14 4
1 9 4 4 8 9 11
1 9 4 3 14 4 100
1 9 4 3 3 15 49
1 9 4 2 9 10 57
1 9 4 1 15 5 25
1 9 4 1 4 16 96
1 9 4 0 21 0 13
1 9 4 0 10 11 82
1 9 3 17 5 0 198
1 9 3 16 0 6 5
1 9 3 15 6 1 189
1 9 3 14 1 7 88
1 9 3 13 7 2 42
1 9 3 12 2 8 2
1 9 3 11 8 3 86
1 9 3 10 3 9 55
1 9 3 9 9 4 17
1 9 3 8 4 10 129
1 9 3 7 10 5 51
1 9 3 6 16 0 49
1 9 3 6 5 11 17
1 9 3 5 11 6 92
1 9 3 5 0 17 168
1 9 3 4 17 1 178
1 9 3 4 6 12 138
1 9 3 3 12 7 126
1 9 3 3 1 18 18
1 9 3 2 18 2 85
1 9 3 2 7 13 66
1 9 3 1 13 8 117
1 9 3 1 2 19 154
1 9 3 0 19 3 37
1 9 3 0 8 14 16
1 9 2 23 0 0 142
1 9 2 21 1 1 172
1 9 2 19 2 2 87
1 9 2 17 3 3 173
1 9 2 15 4 4 156
1 9 2 13 5 5 22
1 9 2 12 11 0 169
1 9 2 12 0 11 128
1 9 2 11 6 6 156
1 9 2 10 12 1 94
1 9 2 10 1 12 182
1 9 2 9 7 7 44
1 9 2 8 13 2 171
1 9 2 8 2 13 41
1 9 2 7 8 8 108
1 9 2 6 14 3 9
1 9 2 6 3 14 166
1 9 2 5 9 9 47
1 9 2 4 15 4 126
1 9 2 4 4 15 134
1 9 2 3 10 10 72
1 9 2 2 16 5 110
1 9 2 2 5 16 181
1 9 2 1 22 0 156
1 9 2 1 11 11 161
1 9 2 1 0 22 116
1 9 2 0 17 6 172
1 9 2 0 6 17 77
1 9 1 19 0 5 175
1 9 1 18 6 0 60
1 9 1 17 1 6 33
1 9 1 16 7 1 62
1 9 1 15 2 7 170
1 9 1 14 8 2 30
1 9 1 13 3 8 34
1 9 1 12 9 3 72
1 9 1 11 4 9 129
1 9 1 10 10 4 190
1 9 1 9 5 10 17
1 9 1 8 11 5 6
1 9 1 8 0 16 86
1 9 1 7 17 0 73
1 9 1 7 6 11 190
1 9 1 6 12 6 158
1 9 1 6 1 17 110
1 9 1 5 18 1 7
1 9 1 5 7 12 6
1 9 1 4 13 7 83
1 9 1 4 2 18 181
1 9 1 3 19 2 11
1 9 1 3 8 13 86
1 9 1 2 14 8 148
1 9 1 2 3 19 159
1 9 1 1 20 3 158
1 9 1 1 9 14 48
1 9 1 0 15 9 183
1 9 1 0 4 20 152
1 9 0 24 1 0 17
1 9 0 22 2 1 137
1 9 0 20 3 2 175
1 9 0 18 4 3 112
1 9 0 16 5 4 124
1 9 0 15 0 10 7
1 9 0 14 6 5 44
1 9 0 13 12 0 95
1 9 0 13 1 11 184
1 9 0 12 7 6 136
1 9 0 11 13 1 79
1 9 0 11 2 12 153
1 9 0 10 8 7 37
1 9 0 9 14 2 106
1 9 0 9 3 13 146
1 9 0 8 9 8 190
1 9 0 7 15 3 22
1 9 0 7 4 14 1
1 9 0 6 10 9 142
1 9 0 5 16 4 62
1 9 0 5 5 15 158
1 9 0 4 11 10 75
1 9 0 4 0 21 124
1 9 0 3 17 5 71
1 9 0 3 6 16 32
1 9 0 2 23 0 50
1 9 0 2 12 11 104
1 9 0 2 1 22 181
1 9 0 1 18 6 74
1 9 0 1 7 17 164
1 9 0 0 24 1 128
1 9 0 0 13 12 148
1 9 0 0 2 23 80
1 8 23 1 0 2 163
1 8 22 0 4 0 87
1 8 21 4 0 1 101
1 8 21 2 1 2 106
1 8 21 0 2 3 72
1 8 20 1 5 0 152
1 8 20 0 0 6 11
1 8 19 7 0 0 77
1 8 19 5 1 1 74
1 8 19 3 2 2 82
1 8 19 1 3 3 6
1 8 18 3 0 5 166
1 8 18 2 6 0 93
1 8 18 1 1 6 119
1 8 18 0 7 1 160
1 8 17 8 1 0 196
1 8 17 6 2 1 107
1 8 17 4 3 2 185
1 8 17 2 4 3 183
1 8 17 0 5 4 9
1 8 16 6 0 4 94
1 8 16 4 1 5 125
1 8 16 3 7 0 177
1 8 16 2 2 6 140
1 8 16 1 8 1 96
1 8 16 0 3 7 134
1 8 15 9 2 0 67
1 8 15 7 3 1 78
1 8 15 5 4 2 136
1 8 15 3 5 3 36
1 8 15 2 0 9 88
1 8 15 1 6 4 136
1 8 15 0 1 10 184
1 8 14 9 0 3 74
1 8 14 7 1 4 188
1 8 14 5 2 5 113
1 8 14 4 8 0 191
1 8 14 3 3 6 196
1 8 14 2 9 1 176
1 8 14 1 4 7 140
1 8 14 0 10 2 63
1 8 13 10 3 0 108
1 8 13 8 4 1 172
1 8 13 6 5 2 9
1 8 13 5 0 8 110
1 8 13 4 6 3 71
1 8 13 3 1 9 8
1 8 13 2 7 4 113
1 8 13 1 2 10 95
1 8 13 0 8 5 73
1 8 12 12 0 2 42
1 8 12 10 1 3 81
1 8 12 8 2 4 50
1 8 12 6 3 5 94
1 8 12 5 9 0 196
1 8 12 4 4 6 194
1 8 12 3 10 1 72
1 8 12 2 5 7 146
1 8 12 1 11 2 65
1 8 12 1 0 13 55
1 8 12 0 6 8 178
1 8 11 11 4 0 165
1 8 11 9 5 1 158
1 8 11 8 0 7 121
1 8 11 7 6 2 162
1 8 11 6 1 8 25
1 8 11 5 7 3 45
1 8 11 4 2 9 143
1 8 11 3 8 4 21
1 8 11 2 3 10 104
1 8 11 1 9 5 137
1 8 11 0 15 0 23
1 8 11 0 4 11 172
1 8 10 15 0 1 128
1 8 10 13 1 2 35
1 8 10 11 2 3 22
1 8 10 9 3 4 184
1 8 10 7 4 5 176
1 8 10 6 10 0 39
1 8 10 5 5 6 129
1 8 10 4 11 1 194
1 8 10 4 0 12 101
1 8 10 3 6 7 176
1 8 10 2 12 2 1
1 8 10 2 1 13 183
1 8 10 1 7 8 171
1 8 10 0 13 3 161
1 8 10 0 2 14 197
1 8 9 12 5 0 50
1 8 9 11 0 6 53
1 8 9 10 6 1 114
1 8 9 9 1 7 94
1 8 9 8 7 2 28
1 8 9 7 2 8 146
1 8 9 6 8 3 141
1 8 9 5 3 9 192
1 8 9 4 9 4 187
1 8 9 3 4 10 105
1 8 9 2 10 5 11
1 8 9 1 16 0 57
1 8 9 1 5 11 164
1 8 9 0 11 6 16
1 8 9 0 0 17 150
1 8 8 18 0 0 35
1 8 8 16 1 1 61
1 8 8 14 2 2 63
1 8 8 12 3 3 9
1 8 8 10 4 4 115
1 8 8 8 5 5 189
1 8 8 7 11 0 169
1 8 8 7 0 11 99
1 8 8 6 6 6 176
1 8 8 5 12 1 180
1 8 8 5 1 12 92
1 8 8 4 7 7 182
1 8 8 3 13 2 177
1 8 8 3 2 13 98
1 8 8 2 8 8 117
1 8 8 1 14 3 191
1 8 8 1 3 14 82
1 8 8 0 9 9 142
1 8 7 14 0 5 22
1 8 7 13 6 0 12
1 8 7 12 1 6 152
1 8 7 11 7 1 8
1 8 7 10 2 7 175
1 8 7 9 8 2 44
1 8 7 8 3 8 11
1 8 7 7 9 3 44
1 8 7 6 4 9 169
1 8 7 5 10 4 146
1 8 7 4 5 10 75
1 8 7 3 11 5 71
1 8 7 3 0 16 114
1 8 7 2 17 0 30
1 8 7 2 6 11 175
1 8 7 1 12 6 189
1 8 7 1 1 17 49
1 8 7 0 18 1 93
1 8 7 0 7 12 184
1 8 6 19 1 0 155
1 8 6 17 2 1 56
1 8 6 15 3 2 170
1 8 6 13 4 3 48
1 8 6 11 5 4 76
1 8 6 10 0 10 198
1 8 6 9 6 5 120
1 8 6 8 12 0 155
1 8 6 8 1 11 147
1 8 6 7 7 6 123
1 8 6 6 13 1 2
1 8 6 6 2 12 89
1 8 6 5 8 7 158
1 8 6 4 14 2 169
1 8 6 4 3 13 52
1 8 6 3 9 8 45
1 8 6 2 15 3 109
1 8 6 2 4 14 62
1 8 6 1 10 9 15
1 8 6 0 16 4 64
1 8 5 17 0 4 174
1 8 5 15 1 5 100
1 8 5 14 7 0 173
1 8 5 13 2 6 184
1 8 5 12 8 1 51
1 8 5 11 3 7 172
1 8 5 10 9 2 33
1 8 5 9 4 8 41
1 8 5 8 10 3 49
1 8 5 7 5 9 136
1 8 5 6 11 4 185
1 8 5 5 6 10 86
1 8 5 4 12 5 53
1 8 5 4 1 16 77
1 8 5 3 18 0 112
1 8 5 3 7 11 134
1 8 5 2 13 6 118
1 8 5 2 2 17 194
1 8 5 1 19 1 116
1 8 5 1 8 12 100
1 8 5 0 14 7 45
1 8 5 0 3 18 29
1 8 4 20 2 0 163
1 8 4 18 3 1 31
1 8 4 16 4 2 45
1 8 4 14 5 3 173
1 8 4 13 0 9 30
1 8 4 12 6 4 32
1 8 4 11 1 10 73
1 8 4 10 7 5 41
1 8 4 9 13 0 193
1 8 4 9 2 11 129
1 8 4 8 8 6 5
1 8 4 7 14 1 185
1 8 4 7 3 12 123
1 8 4 6 9 7 66
1 8 4 5 15 2 71
1 8 4 5 4 13 134
1 8 4 4 10 8 14
1 8 4 3 16 3 175
1 8 4 3 5 14 45
1 8 4 2 11 9 3
1 8 4 2 0 20 175
1 8 4 1 17 4 151
1 8 4 1 6 15 112
1 8 4 0 12 10 166
1 8 4 0 1 21 86
1 8 3 20 0 3 57
1 8 3 18 1 4 57
1 8 3 16 2 5 52
1 8 3 15 8 0 114
1 8 3 14 3 6 125
1 8 3 13 9 1 123
1 8 3 12 4 7 138
1 8 3 11 10 2 101
1 8 3 10 5 8 176
1 8 3 9 11 3 187
1 8 3 9 0 14 84
1 8 3 8 6 9 120
1 8 3 7 12 4 191
1 8 3 7 1 15 2
1 8 3 6 7 10 84
1 8 3 5 13 5 60
1 8 3 5 2 16 190
1 8 3 4 19 0 50
1 8 3 4 8 11 183
1 8 3 3 14 6 126
1 8 3 3 3 17 165
1 8 3 2 20 1 83
1 8 3 2 9 12 176
1 8 3 1 15 7 166
1 8 3 1 4 18 188
1 8 3 0 21 2 135
1 8 3 0 10 13 32
1 8 2 21 3 0 21
1 8 2 19 4 1 176
1 8 2 17 5 2 52
1 8 2 16 0 8 136
1 8 2 15 6 3 134
1 8 2 14 1 9 134
1 8 2 13 7 4 160
1 8 2 12 2 10 160
1 8 2 11 8 5 61
1 8 2 10 14 0 71
1 8 2 10 3 11 12
1 8 2 9 9 6 29
1 8 2 8 15 1 21
1 8 2 8 4 12 48
1 8 2 7 10 7 149
1 8 2 6 16 2 80
1 8 2 6 5 13 55
1 8 2 5 11 8 90
1 8 2 5 0 19 99
1 8 2 4 17 3 57
1 8 2 4 6 14 183
1 8 2 3 12 9 148
1 8 2 3 1 20 130
1 8 2 2 18 4 35
1 8 2 2 7 15 1
1 8 2 1 13 10 70
1 8 2 1 2 21 58
1 8 2 0 19 5 79
1 8 2 0 8 16 108
1 8 1 23 0 2 166
1 8 1 21 1 3 16
1 8 1 19 2 4 196
1 8 1 17 3 5 169
1 8 1 16 9 0 32
1 8 1 15 4 6 104
1 8 1 14 10 1 34
1 8 1 13 5 7 160
1 8 1 12 11 2 190
1 8 1 12 0 13 26
1 8 1 11 6 8 39
1 8 1 10 12 3 153
1 8 1 10 1 14 137
1 8 1 9 7 9 163
1 8 1 8 13 4 51
1 8 1 8 2 15 133
1 8 1 7 8 10 23
1 8 1 6 14 5 70
1 8 1 6 3 16 69
1 8 1 5 20 0 96
1 8 1 5 9 11 179
1 8 1 4 15 6 190
1 8 1 4 4 17 116
1 8 1 3 21 1 129
1 8 1 3 10 12 173
1 8 1 2 16 7 82
1 8 1 2 5 18 17
1 8 1 1 22 2 20
1 8 1 1 11 13 8
1 8 1 1 0 24 84
1 8 1 0 17 8 100
1 8 1 0 6 19 125
1 8 0 22 4 0 47
1 8 0 20 5 1 47
1 8 0 19 0 7 9
1 8 0 18 6 2 66
1 8 0 17 1 8 122
1 8 0 16 7 3 6
1 8 0 15 2 9 47
1 8 0 14 8 4 173
1 8 0 13 3 10 13
1 8 0 12 9 5 98
1 8 0 11 15 0 115
1 8 0 11 4 11 135
1 8 0 10 10 6 93
1 8 0 9 16 1 119
1 8 0 9 5 12 174
1 8 0 8 11 7 91
1 8 0 8 0 18 187
1 8 0 7 17 2 157
1 8 0 7 6 13 74
1 8 0 6 12 8 182
1 8 0 6 1 19 78
1 8 0 5 18 3 166
1 8 0 5 7 14 5
1 8 0 4 13 9 13
1 8 0 4 2 20 100
1 8 0 3 19 4 100
1 8 0 3 8 15 182
1 8 0 2 14 10 150
1 8 0 2 3 21 77
1 8 0 1 20 5 152
1 8 0 1 9 16 196
1 8 0 0 26 0 35
1 8 0 0 15 11 184
1 8 0 0 4 22 164
1 7 25 2 0 0 89
1 7 25 0 1 1 32
1 7 23 3 1 0 61
1 7 23 1 2 1 24
1 7 22 1 0 4 122
1 7 21 4 2 0 164
1 7 21 2 3 1 14
1 7 21 0 4 2 101
1 7 20 4 0 3 147
1 7 20 2 1 4 161
1 7 20 0 2 5 114
1 7 19 5 3 0 112
1 7 19 3 4 1 16
1 7 19 1 5 2 118
1 7 19 0 0 8 195
1 7 18 7 0 2 15
1 7 18 5 1 3 143
1 7 18 3 2 4 116
1 7 18 1 3 5 156
1 7 18 0 9 0 143
1 7 17 6 4 0 105
1 7 17 4 5 1 3
1 7 17 3 0 7 72
1 7 17 2 6 2 8
1 7 17 1 1 8 69
1 7 17 0 7 3 58
1 7 16 10 0 1 149
1 7 16 8 1 2 66
1 7 16 6 2 3 106
1 7 16 4 3 4 48
1 7 16 2 4 5 53
1 7 16 1 10 0 62
1 7 16 0 5 6 184
1 7 15 7 5 0 178
1 7 15 6 0 6 127
1 7 15 5 6 1 108
1 7 15 4 1 7 14
1 7 15 3 7 2 167
1 7 15 2 2 8 27
1 7 15 1 8 3 168
1 7 15 0 3 9 79
1 7 14 13 0 0 32
1 7 14 11 1 1 57
1 7 14 9 2 2 184
1 7 14 7 3 3 129
1 7 14 5 4 4 47
1 7 14 3 5 5 37
1 7 14 2 11 0 197
1 7 14 2 0 11 157
1 7 14 1 6 6 129
1 7 14 0 12 1 146
1 7 14 0 1 12 26
1 7 13 9 0 5 136
1 7 13 8 6 0 70
1 7 13 7 1 6 18
1 7 13 6 7 1 180
1 7 13 5 2 7 95
1 7 13 4 8 2 191
1 7 13 3 3 8 166
1 7 13 2 9 3 176
1 7 13 1 4 9 68
1 7 13 0 10 4 42
1 7 12 14 1 0 79
1 7 12 12 2 1 46
1 7 12 10 3 2 158
1 7 12 8 4 3 17
1 7 12 6 5 4 158
1 7 12 5 0 10 29
1 7 12 4 6 5 42
1 7 12 3 12 0 124
1 7 12 3 1 11 139
1 7 12 2 7 6 173
1 7 12 1 13 1 106
1 7 12 1 2 12 173
1 7 12 0 8 7 169
1 7 11 12 0 4 110
1 7 11 10 1 5 51
1 7 11 9 7 0 144
1 7 11 8 2 6 149
1 7 11 7 8 1 30
1 7 11 6 3 7 95
1 7 11 5 9 2 157
1 7 11 4 4 8 153
1 7 11 3 10 3 16
1 7 11 2 5 9 172
1 7 11 1 11 4 102
1 7 11 1 0 15 124
1 7 11 0 6 10 76
1 7 10 15 2 0 191
1 7 10 13 3 1 103
1 7 10 11 4 2 136
1 7 10 9 5 3 94
1 7 10 8 0 9 102
1 7 10 7 6 4 5
1 7 10 6 1 10 62
1 7 10 5 7 5 61
1 7 10 4 13 0 170
1 7 10 4 2 11 67
1 7 10 3 8 6 55
1 7 10 2 14 1 189
1 7 10 2 3 12 196
1 7 10 1 9 7 24
1 7 10 0 15 2 190
1 7 10 0 4 13 33
1 7 9 15 0 3 127
1 7 9 13 1 4 23
1 7 9 11 2 5 130
1 7 9 10 8 0 97
1 7 9 9 3 6 61
1 7 9 8 9 1 113
1 7 9 7 4 7 192
1 7 9 6 10 2 81
1 7 9 5 5 8 20
1 7 9 4 11 3 162
1 7 9 4 0 14 150
1 7 9 3 6 9 70
1 7 9 2 12 4 159
1 7 9 2 1 15 35
1 7 9 1 7 10 140
1 7 9 0 13 5 51
1 7 9 0 2 16 142
1 7 8 16 3 0 125
1 7 8 14 4 1 196
1 7 8 12 5 2 104
1 7 8 11 0 8 40
1 7 8 10 6 3 150
1 7 8 9 1 9 72
1 7 8 8 7 4 149
1 7 8 7 2 10 106
1 7 8 6 8 5 118
1 7 8 5 14 0 50
1 7 8 5 3 11 175
1 7 8 4 9 6 111
1 7 8 3 15 1 142
1 7 8 3 4 12 59
1 7 8 2 10 7 78
1 7 8 1 16 2 187
1 7 8 1 5 13 162
1 7 8 0 11 8 183
1 7 8 0 0 19 111
1 7 7 18 0 2 10
1 7 7 16 1 3 197
1 7 7 14 2 4 67
1 7 7 12 3 5 145
1 7 7 11 9 0 60
1 7 7 10 4 6 59
1 7 7 9 10 1 8
1 7 7 8 5 7 168
1 7 7 7 11 2 176
1 7 7 7 0 13 70
1 7 7 6 6 8 117
1 7 7 5 12 3 139
1 7 7 5 1 14 35
1 7 7 4 7 9 76
1 7 7 3 13 4 51
1 7 7 3 2 15 194
1 7 7 2 8 10 153
1 7 7 1 14 5 173
1 7 7 1 3 16 164
1 7 7 0 20 0 197
1 7 7 0 9 11 188
1 7 6 17 4 0 23
1 7 6 15 5 1 114
1 7 6 14 0 7 43
1 7 6 13 6 2 178
1 7 6 12 1 8 172
1 7 6 11 7 3 136
1 7 6 10 2 9 19
1 7 6 9 8 4 158
1 7 6 8 3 10 41
1 7 6 7 9 5 21
1 7 6 6 15 0 8
1 7 6 6 4 11 37
1 7 6 4 16 1 1
1 7 6 4 5 12 12
1 7 6 3 11 7 1
1 7 6 3 0 18 78
1 7 6 2 17 2 108
1 7 6 2 6 13 161
1 7 6 1 12 8 89
1 7 6 1 1 19 75
1 7 6 0 18 3 116
1 7 6 0 7 14 40
1 7 5 21 0 1 121
1 7 5 19 1 2 40
1 7 5 17 2 3 14
1 7 5 15 3 4 100
1 7 5 13 4 5 116
1 7 5 12 10 0 122
1 7 5 11 5 6 87
1 7 5 10 11 1 101
1 7 5 10 0 12 29
1 7 5 9 6 7 93
1 7 5 8 12 2 24
1 7 5 8 1 13 83
1 7 5 7 7 8 53
1 7 5 6 13 3 47
1 7 5 6 2 14 22
1 7 5 5 8 9 26
1 7 5 4 14 4 48
1 7 5 4 3 15 123
1 7 5 3 9 10 172
1 7 5 2 15 5 130
1 7 5 2 4 16 34
1 7 5 1 21 0 129
1 7 5 1 10 11 177
1 7 5 0 16 6 117
1 7 5 0 5 17 86
1 7 4 18 5 0 57
1 7 4 17 0 6 71
1 7 4 16 6 1 123
1 7 4 15 1 7 33
1 7 4 14 7 2 194
1 7 4 13 2 8 37
1 7 4 12 8 3 52
1 7 4 11 3 9 100
1 7 4 10 9 4 191
1 7 4 9 4 10 156
1 7 4 8 10 5 16
1 7 4 7 16 0 90
1 7 4 7 5 11 163
1 7 4 6 11 6 18
1 7 4 6 0 17 18
1 7 4 5 17 1 68
1 7 4 5 6 12 142
1 7 4 4 12 7 93
1 7 4 4 1 18 124
1 7 4 3 18 2 13
1 7 4 3 7 13 147
1 7 4 2 13 8 80
1 7 4 2 2 19 185
1 7 4 1 19 3 29
1 7 4 1 8 14 66
1 7 4 0 14 9 130
1 7 4 0 3 20 76
1 7 3 24 0 0 118
1 7 3 22 1 1 144
1 7 3 20 2 2 9
1 7 3 18 3 3 41
1 7 3 16 4 4 159
1 7 3 14 5 5 192
1 7 3 13 11 0 4
1 7 3 13 0 11 133
1 7 3 12 6 6 101
1 7 3 11 12 1 179
1 7 3 11 1 12 77
1 7 3 10 7 7 72
1 7 3 9 13 2 23
1 7 3 9 2 13 49
1 7 3 8 8 8 15
1 7 3 7 14 3 105
1 7 3 7 3 14 149
1 7 3 6 9 9 137
1 7 3 5 15 4 22
1 7 3 5 4 15 25
1 7 3 4 10 10 99
1 7 3 3 16 5 44
1 7 3 3 5 16 178
1 7 3 2 22 0 121
1 7 3 2 11 11 74
1 7 3 2 0 22 187
1 7 3 1 17 6 162
1 7 3 1 6 17 14
1 7 3 0 23 1 63
1 7 3 0 12 12 114
1 7 3 0 1 23 127
1 7 2 20 0 5 152
1 7 2 19 6 0 155
1 7 2 18 1 6 15
1 7 2 17 7 1 59
1 7 2 16 2 7 96
1 7 2 15 8 2 17
1 7 2 14 3 8 101
1 7 2 13 9 3 193
1 7 2 12 4 9 187
1 7 2 11 10 4 98
1 7 2 10 5 10 94
1 7 2 9 11 5 134
1 7 2 9 0 16 126
1 7 2 8 17 0 59
1 7 2 8 6 11 10
1 7 2 7 12 6 71
1 7 2 7 1 17 181
1 7 2 6 18 1 22
1 7 2 6 7 12 19
1 7 2 5 13 7 182
1 7 2 5 2 18 121
1 7 2 4 19 2 44
1 7 2 4 8 13 27
1 7 2 3 14 8 179
1 7 2 3 3 19 83
1 7 2 2 20 3 57
1 7 2 2 9 14 136
1 7 2 1 15 9 175
1 7 2 1 4 20 55
1 7 2 0 21 4 154
1 7 2 0 10 15 20
1 7 1 25 1 0 139
1 7 1 23 2 1 118
1 7 1 21 3 2 122
1 7 1 19 4 3 14
1 7 1 17 5 4 62
1 7 1 16 0 10 152
1 7 1 15 6 5 81
1 7 1 14 12 0 101
1 7 1 14 1 11 180
1 7 1 13 7 6 8
1 7 1 12 13 1 110
1 7 1 12 2 12 172
1 7 1 11 8 7 180
1 7 1 10 14 2 63
1 7 1 10 3 13 91
1 7 1 9 9 8 178
1 7 1 8 15 3 63
1 7 1 8 4 14 92
1 7 1 7 10 9 6
1 7 1 6 16 4 194
1 7 1 6 5 15 162
1 7 1 5 11 10 107
1 7 1 5 0 21 55
1 7 1 4 17 5 24
1 7 1 4 6 16 72
1 7 1 3 23 0 30
1 7 1 3 12 11 104
1 7 1 3 1 22 78
1 7 1 2 18 6 106
1 7 1 2 7 17 8
1 7 1 1 24 1 68
1 7 1 1 13 12 134
1 7 1 1 2 23 192
1 7 1 0 19 7 39
1 7 1 0 8 18 159
1 7 0 23 0 4 57
1 7 0 21 1 5 108
1 7 0 20 7 0 37
1 7 0 19 2 6 72
1 7 0 18 8 1 99
1 7 0 17 3 7 124
1 7 0 16 9 2 149
1 7 0 15 4 8 123
1 7 0 14 10 3 141
1 7 0 13 5 9 131
1 7 0 12 11 4 144
1 7 0 12 0 15 67
1 7 0 11 6 10 138
1 7 0 10 12 5 171
1 7 0 10 1 16 17
1 7 0 9 18 0 189
1 7 0 9 7 11 195
1 7 0 8 13 6 152
1 7 0 8 2 17 30
1 7 0 7 19 1 23
1 7 0 7 8 12 130
1 7 0 6 14 7 96
1 7 0 5 20 2 68
1 7 0 5 9 13 55
1 7 0 4 15 8 88
1 7 0 4 4 19 120
1 7 0 3 21 3 121
1 7 0 3 10 14 53
1 7 0 2 16 9 60
1 7 0 2 5 20 1
1 7 0 1 22 4 100
1 7 0 1 11 15 146
1 7 0 1 0 26 126
1 7 0 0 17 10 88
1 7 0 0 6 21 130
1 6 25 0 3 0 55
1 6 24 2 0 2 76
1 6 24 0 1 3 188
1 6 23 1 4 0 7
1 6 22 5 0 1 194
1 6 22 3 1 2 57
1 6 22 1 2 3 71
1 6 21 2 5 0 174
1 6 21 1 0 6 197
1 6 21 0 6 1 187
1 6 20 8 0 0 191
1 6 20 6 1 1 148
1 6 20 4 2 2 118
1 6 20 0 4 4 99
1 6 19 4 0 5 193
1 6 19 3 6 0 138
1 6 19 2 1 6 40
1 6 19 1 7 1 14
1 6 19 0 2 7 44
1 6 18 9 1 0 171
1 6 18 7 2 1 94
1 6 18 5 3 2 82
1 6 18 3 4 3 166
1 6 18 1 5 4 113
1 6 18 0 0 10 18
1 6 17 7 0 4 13
1 6 17 5 1 5 153
1 6 17 3 2 6 24
1 6 17 2 8 1 182
1 6 17 1 3 7 113
1 6 17 0 9 2 135
1 6 16 10 2 0 107
1 6 16 8 3 1 174
1 6 16 6 4 2 118
1 6 16 4 5 3 73
1 6 16 3 0 9 50
1 6 16 2 6 4 103
1 6 16 1 1 10 129
1 6 16 0 7 5 66
1 6 15 10 0 3 46
1 6 15 8 1 4 38
1 6 15 6 2 5 160
1 6 15 5 8 0 38
1 6 15 4 3 6 155
1 6 15 3 9 1 85
1 6 15 2 4 7 86
1 6 15 1 10 2 88
1 6 15 0 5 8 33
1 6 14 11 3 0 134
1 6 14 9 4 1 191
1 6 14 7 5 2 55
1 6 14 6 0 8 12
1 6 14 5 6 3 101
1 6 14 4 1 9 123
1 6 14 3 7 4 91
1 6 14 2 2 10 58
1 6 14 1 8 5 160
1 6 14 0 14 0 85
1 6 14 0 3 11 49
1 6 13 13 0 2 113
1 6 13 11 1 3 116
1 6 13 9 2 4 1
1 6 13 7 3 5 60
1 6 13 6 9 0 69
1 6 13 5 4 6 132
1 6 13 4 10 1 185
1 6 13 3 5 7 128
1 6 13 2 11 2 76
1 6 13 2 0 13 159
1 6 13 1 6 8 2
1 6 13 0 12 3 96
1 6 13 0 1 14 59
1 6 12 12 4 0 109
1 6 12 10 5 1 34
1 6 12 9 0 7 161
1 6 12 8 6 2 1
1 6 12 7 1 8 123
1 6 12 6 7 3 106
1 6 12 5 2 9 176
1 6 12 4 8 4 158
1 6 12 3 3 10 50
1 6 12 2 9 5 140
1 6 12 1 15 0 103
1 6 12 1 4 11 53
1 6 12 0 10 6 29
1 6 11 16 0 1 157
1 6 11 14 1 2 134
1 6 11 12 2 3 111
1 6 11 10 3 4 97
1 6 11 8 4 5 33
1 6 11 7 10 0 127
1 6 11 6 5 6 1
1 6 11 5 11 1 125
1 6 11 5 0 12 21
1 6 11 4 6 7 170
1 6 11 3 12 2 159
1 6 11 3 1 13 32
1 6 11 2 7 8 174
1 6 11 1 13 3 27
1 6 11 1 2 14 137
1 6 11 0 8 9 6
1 6 10 13 5 0 130
1 6 10 12 0 6 4
1 6 10 11 6 1 162
1 6 10 10 1 7 122
1 6 10 9 7 2 97
1 6 10 8 2 8 146
1 6 10 7 8 3 157
1 6 10 6 3 9 33
1 6 10 5 9 4 142
1 6 10 4 4 10 45
1 6 10 3 10 5 97
1 6 10 2 16 0 16
1 6 10 2 5 11 142
1 6 10 1 11 6 126
1 6 10 1 0 17 90
1 6 10 0 17 1 49
1 6 10 0 6 12 18
1 6 9 19 0 0 152
1 6 9 17 1 1 154
1 6 9 15 2 2 173
1 6 9 13 3 3 161
1 6 9 11 4 4 61
1 6 9 9 5 5 44
1 6 9 8 11 0 106
1 6 9 8 0 11 73
1 6 9 7 6 6 128
1 6 9 6 12 1 23
1 6 9 6 1 12 143
1 6 9 5 7 7 133
1 6 9 4 13 2 16
1 6 9 4 2 13 15
1 6 9 3 8 8 81
1 6 9 2 14 3 171
1 6 9 2 3 14 40
1 6 9 1 9 9 161
1 6 9 0 15 4 162
1 6 9 0 4 15 90
1 6 8 15 0 5 129
1 6 8 14 6 0 27
1 6 8 13 1 6 173
1 6 8 12 7 1 91
1 6 8 11 2 7 192
1 6 8 10 8 2 77
1 6 8 9 3 8 131
1 6 8 8 9 3 132
1 6 8 7 4 9 11
1 6 8 6 10 4 24
1 6 8 5 5 10 93
1 6 8 4 11 5 19
1 6 8 4 0 16 174
1 6 8 3 17 0 167
1 6 8 3 6 11 176
1 6 8 2 12 6 179
1 6 8 2 1 17 174
1 6 8 1 18 1 115
1 6 8 1 7 12 164
1 6 8 0 13 7 27
1 6 8 0 2 18 71
1 6 7 20 1 0 135
1 6 7 18 2 1 193
1 6 7 16 3 2 180
1 6 7 14 4 3 152
1 6 7 12 5 4 65
1 6 7 11 0 10 40
1 6 7 10 6 5 183
1 6 7 9 12 0 79
1 6 7 9 1 11 85
1 6 7 8 7 6 198
1 6 7 7 13 1 186
1 6 7 7 2 12 178
1 6 7 6 8 7 27
1 6 7 5 14 2 30
1 6 7 5 3 13 28
1 6 7 4 9 8 55
1 6 7 3 15 3 74
1 6 7 3 4 14 193
1 6 7 2 10 9 51
1 6 7 1 16 4 39
1 6 7 1 5 15 83
1 6 7 0 11 10 178
1 6 7 0 0 21 125
1 6 6 18 0 4 129
1 6 6 16 1 5 35
1 6 6 15 7 0 130
1 6 6 14 2 6 16
1 6 6 13 8 1 10
1 6 6 12 3 7 9
1 6 6 11 9 2 177
1 6 6 10 4 8 97
1 6 6 9 10 3 1
1 6 6 8 5 9 4
1 6 6 7 11 4 122
1 6 6 7 0 15 2
1 6 6 6 6 10 167
1 6 6 5 12 5 72
1 6 6 5 1 16 167
1 6 6 4 18 0 87
1 6 6 4 7 11 156
1 6 6 3 13 6 50
1 6 6 2 19 1 3
1 6 6 2 8 12 62
1 6 6 1 14 7 42
1 6 6 1 3 18 25
1 6 6 0 20 2 159
1 6 6 0 9 13 41
1 6 5 21 2 0 126
1 6 5 19 3 1 122
1 6 5 17 4 2 90
1 6 5 15 5 3 91
1 6 5 14 0 9 55
1 6 5 13 6 4 93
1 6 5 12 1 10 109
1 6 5 11 7 5 2
1 6 5 10 13 0 12
1 6 5 10 2 11 38
1 6 5 9 8 6 88
1 6 5 8 14 1 95
1 6 5 8 3 12 62
1 6 5 7 9 7 11
1 6 5 6 15 2 139
1 6 5 6 4 13 182
1 6 5 5 10 8 21
1 6 5 4 16 3 170
1 6 5 4 5 14 114
1 6 5 3 11 9 161
1 6 5 3 0 20 117
1 6 5 2 17 4 182
1 6 5 2 6 15 84
1 6 5 1 12 10 111
1 6 5 1 1 21 37
1 6 5 0 18 5 161
1 6 5 0 7 16 198
1 6 4 21 0 3 88
1 6 4 19 1 4 150
1 6 4 17 2 5 88
1 6 4 16 8 0 110
1 6 4 15 3 6 49
1 6 4 14 9 1 166
1 6 4 13 4 7 135
1 6 4 12 10 2 185
1 6 4 11 5 8 169
1 6 4 10 11 3 3
1 6 4 10 0 14 10
1 6 4 9 6 9 61
1 6 4 8 12 4 38
1 6 4 8 1 15 26
1 6 4 7 7 10 10
1 6 4 6 13 5 105
1 6 4 6 2 16 128
1 6 4 5 19 0 27
1 6 4 5 8 11 133
1 6 4 4 14 6 3
1 6 4 4 3 17 87
1 6 4 3 20 1 83
1 6 4 3 9 12 191
1 6 4 2 15 7 197
1 6 4 2 4 18 104
1 6 4 1 21 2 38
1 6 4 1 10 13 134
1 6 4 0 16 8 57
1 6 4 0 5 19 35
1 6 3 22 3 0 35
1 6 3 20 4 1 50
1 6 3 18 5 2 16
1 6 3 17 0 8 81
1 6 3 16 6 3 98
1 6 3 15 1 9 136
1 6 3 14 7 4 140
1 6 3 13 2 10 85
1 6 3 12 8 5 137
1 6 3 11 14 0 105
1 6 3 11 3 11 24
1 6 3 10 9 6 66
1 6 3 9 15 1 76
1 6 3 9 4 12 187
1 6 3 8 10 7 142
1 6 3 7 16 2 162
1 6 3 7 5 13 189
1 6 3 6 11 8 177
1 6 3 6 0 19 101
1 6 3 5 17 3 197
1 6 3 5 6 14 11
1 6 3 4 12 9 22
1 6 3 4 1 20 92
1 6 3 3 18 4 171
1 6 3 3 7 15 86
1 6 3 2 13 10 169
1 6 3 2 2 21 164
1 6 3 1 19 5 126
1 6 3 1 8 16 49
1 6 3 0 25 0 198
1 6 3 0 14 11 29
1 6 3 0 3 22 81
1 6 2 24 0 2 173
1 6 2 22 1 3 91
1 6 2 20 2 4 54
1 6 2 18 3 5 138
1 6 2 17 9 0 110
1 6 2 16 4 6 69
1 6 2 15 10 1 19
1 6 2 14 5 7 59
1 6 2 13 11 2 164
1 6 2 13 0 13 140
1 6 2 12 6 8 23
1 6 2 11 12 3 137
1 6 2 11 1 14 189
1 6 2 10 7 9 68
1 6 2 9 13 4 118
1 6 2 9 2 15 147
1 6 2 8 8 10 145
1 6 2 7 14 5 163
1 6 2 7 3 16 18
1 6 2 6 20 0 196
1 6 2 6 9 11 94
1 6 2 5 15 6 26
1 6 2 5 4 17 21
1 6 2 4 21 1 85
1 6 2 4 10 12 126
1 6 2 3 16 7 51
1 6 2 3 5 18 121
1 6 2 2 22 2 118
1 6 2 2 11 13 36
1 6 2 2 0 24 30
1 6 2 1 17 8 134
1 6 2 1 6 19 17
1 6 2 0 23 3 176
1 6 2 0 12 14 76
1 6 2 0 1 25 50
1 6 1 23 4 0 137
1 6 1 21 5 1 65
1 6 1 20 0 7 82
1 6 1 19 6 2 148
1 6 1 18 1 8 80
1 6 1 17 7 3 172
1 6 1 16 2 9 184
1 6 1 15 8 4 133
1 6 1 14 3 10 2
1 6 1 13 9 5 19
1 6 1 12 15 0 117
1 6 1 12 4 11 95
1 6 1 11 10 6 13
1 6 1 10 16 1 49
1 6 1 10 5 12 48
1 6 1 9 11 7 83
1 6 1 9 0 18 68
1 6 1 8 17 2 72
1 6 1 8 6 13 137
1 6 1 7 12 8 23
1 6 1 7 1 19 49
1 6 1 6 18 3 57
1 6 1 6 7 14 156
1 6 1 5 13 9 109
1 6 1 5 2 20 84
1 6 1 4 19 4 195
1 6 1 4 8 15 102
1 6 1 3 14 10 143
1 6 1 3 3 21 68
1 6 1 2 20 5 78
1 6 1 2 9 16 181
1 6 1 1 26 0 81
1 6 1 1 15 11 198
1 6 1 1 4 22 30
1 6 1 0 21 6 96
1 6 1 0 10 17 51
1 6 0 27 0 1 163
1 6 0 25 1 2 156
1 6 0 23 2 3 142
1 6 0 21 3 4 125
1 6 0 19 4 5 148
1 6 0 18 10 0 22
1 6 0 17 5 6 25
1 6 0 16 11 1 80
1 6 0 16 0 12 102
1 6 0 15 6 7 158
1 6 0 14 12 2 170
1 6 0 14 1 13 181
1 6 0 13 7 8 19
1 6 0 12 13 3 39
1 6 0 12 2 14 36
1 6 0 11 8 9 50
1 6 0 10 14 4 46
1 6 0 10 3 15 141
1 6 0 9 9 10 112
1 6 0 8 15 5 52
1 6 0 8 4 16 118
1 6 0 7 21 0 192
1 6 0 7 10 11 127
1 6 0 6 16 6 172
1 6 0 6 5 17 42
1 6 0 5 22 1 186
1 6 0 5 11 12 70
1 6 0 5 0 23 107
1 6 0 4 17 7 197
1 6 0 4 6 18 130
1 6 0 3 23 2 193
1 6 0 3 12 13 146
1 6 0 3 1 24 189
1 6 0 2 18 8 65
1 6 0 2 7 19 128
1 6 0 1 24 3 141
1 6 0 1 13 14 28
1 6 0 1 2 25 136
1 6 0 0 19 9 66
1 6 0 0 8 20 184
1 5 28 0 0 1 88
1 5 26 3 0 0 167
1 5 26 1 1 1 1
1 5 24 4 1 0 140
1 5 24 2 2 1 64
1 5 24 0 3 2 84
1 5 23 2 0 4 35
1 5 23 0 1 5 64
1 5 22 5 2 0 175
1 5 22 3 3 1 194
1 5 22 1 4 2 195
1 5 21 5 0 3 42
1 5 21 3 1 4 83
1 5 21 1 2 5 143
1 5 21 0 8 0 83
1 5 20 6 3 0 163
1 5 20 4 4 1 157
1 5 20 2 5 2 37
1 5 20 1 0 8 97
1 5 20 0 6 3 123
1 5 19 8 0 2 43
1 5 19 6 1 3 165
1 5 19 4 2 4 122
1 5 19 2 3 5 56
1 5 19 1 9 0 89
1 5 19 0 4 6 9
1 5 18 7 4 0 146
1 5 18 5 5 1 19
1 5 18 4 0 7 180
1 5 18 3 6 2 151
1 5 18 2 1 8 159
1 5 18 1 7 3 132
1 5 18 0 2 9 4
1 5 17 11 0 1 90
1 5 17 9 1 2 77
1 5 17 7 2 3 47
1 5 17 5 3 4 66
1 5 17 3 4 5 180
1 5 17 2 10 0 149
1 5 17 1 5 6 2
1 5 17 0 11 1 167
1 5 17 0 0 12 92
1 5 16 8 5 0 112
1 5 16 7 0 6 147
1 5 16 6 6 1 142
1 5 16 5 1 7 173
1 5 16 4 7 2 35
1 5 16 3 2 8 55
1 5 16 2 8 3 42
1 5 16 1 3 9 81
1 5 16 0 9 4 195
1 5 15 14 0 0 66
1 5 15 12 1 1 167
1 5 15 10 2 2 23
1 5 15 8 3 3 10
1 5 15 6 4 4 14
1 5 15 4 5 5 92
1 5 15 3 11 0 25
1 5 15 3 0 11 19
1 5 15 2 6 6 15
1 5 15 1 12 1 72
1 5 15 1 1 12 134
1 5 15 0 7 7 186
1 5 14 10 0 5 15
1 5 14 9 6 0 106
1 5 14 8 1 6 130
1 5 14 7 7 1 30
1 5 14 6 2 7 8
1 5 14 5 8 2 48
1 5 14 4 3 8 9
1 5 14 3 9 3 154
1 5 14 2 4 9 119
1 5 14 1 10 4 62
1 5 14 0 5 10 152
1 5 13 15 1 0 95
1 5 13 13 2 1 85
1 5 13 11 3 2 74
1 5 13 9 4 3 67
1 5 13 7 5 4 144
1 5 13 6 0 10 165
1 5 13 5 6 5 109
1 5 13 4 12 0 103
1 5 13 4 1 11 153
1 5 13 3 7 6 124
1 5 13 2 13 1 197
1 5 13 2 2 12 42
1 5 13 1 8 7 90
1 5 13 0 14 2 127
1 5 13 0 3 13 130
1 5 12 13 0 4 174
1 5 12 11 1 5 35
1 5 12 10 7 0 90
1 5 12 9 2 6 53
1 5 12 8 8 1 22
1 5 12 7 3 7 180
1 5 12 6 9 2 105
1 5 12 5 4 8 191
1 5 12 4 10 3 179
1 5 12 3 5 9 4
1 5 12 2 11 4 173
1 5 12 2 0 15 151
1 5 12 1 6 10 116
1 5 12 0 12 5 169
1 5 12 0 1 16 102
1 5 11 16 2 0 23
1 5 11 14 3 1 189
1 5 11 12 4 2 81
1 5 11 10 5 3 61
1 5 11 9 0 9 146
1 5 11 8 6 4 164
1 5 11 7 1 10 152
1 5 11 6 7 5 120
1 5 11 5 13 0 55
1 5 11 5 2 11 27
1 5 11 4 8 6 12
1 5 11 3 14 1 101
1 5 11 3 3 12 97
1 5 11 2 9 7 180
1 5 11 1 15 2 65
1 5 11 1 4 13 120
1 5 11 0 10 8 182
1 5 10 16 0 3 15
1 5 10 14 1 4 189
1 5 10 12 2 5 46
1 5 10 11 8 0 61
1 5 10 10 3 6 85
1 5 10 9 9 1 169
1 5 10 8 4 7 63
1 5 10 7 10 2 55
1 5 10 6 5 8 69
1 5 10 5 11 3 11
1 5 10 5 0 14 113
1 5 10 4 6 9 198
1 5 10 3 12 4 118
1 5 10 3 1 15 116
1 5 10 2 7 10 114
1 5 10 1 13 5 24
1 5 10 1 2 16 118
1 5 10 0 19 0 145
1 5 10 0 8 11 156
1 5 9 17 3 0 31
1 5 9 15 4 1 85
1 5 9 13 5 2 33
1 5 9 12 0 8 81
1 5 9 11 6 3 68
1 5 9 10 1 9 187
1 5 9 9 7 4 30
1 5 9 8 2 10 150
1 5 9 7 8 5 160
1 5 9 6 14 0 65
1 5 9 6 3 11 67
1 5 9 5 9 6 178
1 5 9 4 15 1 147
1 5 9 4 4 12 64
1 5 9 3 10 7 31
1 5 9 2 16 2 112
1 5 9 2 5 13 21
1 5 9 1 11 8 157
1 5 9 1 0 19 96
1 5 9 0 17 3 156
1 5 9 0 6 14 18
1 5 8 19 0 2 48
1 5 8 17 1 3 78
1 5 8 15 2 4 19
1 5 8 13 3 5 68
1 5 8 12 9 0 37
1 5 8 11 4 6 66
1 5 8 10 10 1 81
1 5 8 9 5 7 125
1 5 8 8 11 2 48
1 5 8 8 0 13 166
1 5 8 7 6 8 41
1 5 8 6 12 3 141
1 5 8 6 1 14 173
1 5 8 5 7 9 17
1 5 8 4 13 4 54
1 5 8 4 2 15 4
1 5 8 3 8 10 162
1 5 8 2 14 5 114
1 5 8 2 3 16 111
1 5 8 1 20 0 71
1 5 8 1 9 11 22
1 5 8 0 15 6 139
1 5 8 0 4 17 14
1 5 7 18 4 0 80
1 5 7 16 5 1 11
1 5 7 15 0 7 106
1 5 7 14 6 2 190
1 5 7 13 1 8 88
1 5 7 12 7 3 55
1 5 7 11 2 9 64
1 5 7 10 8 4 150
1 5 7 9 3 10 147
1 5 7 8 9 5 87
1 5 7 7 15 0 130
1 5 7 7 4 11 3
1 5 7 6 10 6 197
1 5 7 5 16 1 42
1 5 7 5 5 12 135
1 5 7 4 11 7 91
1 5 7 4 0 18 9
1 5 7 3 17 2 123
1 5 7 3 6 13 57
1 5 7 2 12 8 43
1 5 7 2 1 19 98
1 5 7 1 18 3 126
1 5 7 1 7 14 2
1 5 7 0 13 9 67
1 5 7 0 2 20 81
1 5 6 22 0 1 9
1 5 6 20 1 2 79
1 5 6 18 2 3 28
1 5 6 16 3 4 126
1 5 6 14 4 5 150
1 5 6 13 10 0 183
1 5 6 12 5 6 81
1 5 6 11 11 1 168
1 5 6 11 0 12 168
1 5 6 10 6 7 163
1 5 6 9 12 2 22
1 5 6 9 1 13 109
1 5 6 8 7 8 126
1 5 6 7 13 3 123
1 5 6 7 2 14 184
1 5 6 6 8 9 83
1 5 6 5 14 4 148
1 5 6 5 3 15 5
1 5 6 4 9 10 192
1 5 6 3 15 5 63
1 5 6 3 4 16 23
1 5 6 2 21 0 32
1 5 6 2 10 11 52
1 5 6 1 16 6 53
1 5 6 1 5 17 186
1 5 6 0 22 1 197
1 5 6 0 11 12 6
1 5 6 0 0 23 47
1 5 5 19 5 0 107
1 5 5 18 0 6 88
1 5 5 17 6 1 50
1 5 5 16 1 7 41
1 5 5 15 7 2 84
1 5 5 14 2 8 43
1 5 5 13 8 3 172
1 5 5 12 3 9 135
1 5 5 11 9 4 189
1 5 5 10 4 10 18
1 5 5 9 10 5 77
1 5 5 8 16 0 190
1 5 5 8 5 11 162
1 5 5 7 11 6 69
1 5 5 7 0 17 79
1 5 5 6 17 1 23
1 5 5 6 6 12 147
1 5 5 5 12 7 44
1 5 5 5 1 18 131
1 5 5 4 18 2 21
1 5 5 4 7 13 185
1 5 5 3 13 8 45
1 5 5 3 2 19 145
1 5 5 2 19 3 44
1 5 5 2 8 14 187
1 5 5 1 14 9 101
1 5 5 1 3 20 134
1 5 5 0 20 4 189
1 5 5 0 9 15 165
1 5 4 25 0 0 196
1 5 4 23 1 1 45
1 5 4 21 2 2 19
1 5 4 19 3 3 120
1 5 4 17 4 4 166
1 5 4 15 5 5 45
1 5 4 14 11 0 131
1 5 4 14 0 11 169
1 5 4 13 6 6 163
1 5 4 12 12 1 72
1 5 4 12 1 12 194
1 5 4 11 7 7 148
1 5 4 10 13 2 84
1 5 4 10 2 13 190
1 5 4 9 8 8 192
1 5 4 8 14 3 88
1 5 4 8 3 14 22
1 5 4 7 9 9 129
1 5 4 6 15 4 126
1 5 4 6 4 15 153
1 5 4 5 10 10 118
1 5 4 4 16 5 113
1 5 4 4 5 16 43
1 5 4 3 22 0 96
1 5 4 3 11 11 30
1 5 4 3 0 22 65
1 5 4 2 17 6 117
1 5 4 2 6 17 177
1 5 4 1 23 1 47
1 5 4 1 12 12 26
1 5 4 1 1 23 68
1 5 4 0 18 7 100
1 5 4 0 7 18 32
1 5 3 21 0 5 172
1 5 3 20 6 0 139
1 5 3 19 1 6 187
1 5 3 18 7 1 139
1 5 3 17 2 7 41
1 5 3 16 8 2 81
1 5 3 15 3 8 157
1 5 3 14 9 3 24
1 5 3 13 4 9 51
1 5 3 12 10 4 79
1 5 3 11 5 10 83
1 5 3 10 11 5 120
1 5 3 10 0 16 165
1 5 3 9 17 0 12
1 5 3 9 6 11 99
1 5 3 8 12 6 126
1 5 3 8 1 17 64
1 5 3 7 18 1 180
1 5 3 7 7 12 20
1 5 3 6 13 7 109
1 5 3 6 2 18 178
1 5 3 5 19 2 62
1 5 3 5 8 13 181
1 5 3 4 14 8 60
1 5 3 4 3 19 141
1 5 3 3 20 3 57
1 5 3 3 9 14 190
1 5 3 2 15 9 58
1 5 3 2 4 20 174
1 5 3 1 21 4 78
1 5 3 1 10 15 5
1 5 3 0 16 10 84
1 5 3 0 5 21 11
1 5 2 26 1 0 49
1 5 2 24 2 1 38
1 5 2 22 3 2 161
1 5 2 20 4 3 141
1 5 2 18 5 4 111
1 5 2 17 0 10 132
1 5 2 16 6 5 54
1 5 2 15 12 0 92
1 5 2 15 1 11 29
1 5 2 14 7 6 106
1 5 2 13 13 1 167
1 5 2 13 2 12 7
1 5 2 12 8 7 169
1 5 2 11 14 2 169
1 5 2 11 3 13 125
1 5 2 10 9 8 87
1 5 2 9 15 3 94
1 5 2 9 4 14 112
1 5 2 8 10 9 113
1 5 2 7 16 4 67
1 5 2 7 5 15 1
1 5 2 6 11 10 16
1 5 2 5 17 5 187
1 5 2 5 6 16 43
1 5 2 4 23 0 24
1 5 2 4 12 11 129
1 5 2 4 1 22 188
1 5 2 3 18 6 23
1 5 2 3 7 17 38
1 5 2 2 24 1 169
1 5 2 2 13 12 159
1 5 2 2 2 23 135
1 5 2 1 19 7 145
1 5 2 1 8 18 68
1 5 2 0 25 2 114
1 5 2 0 14 13 154
1 5 2 0 3 24 188
1 5 1 24 0 4 189
1 5 1 22 1 5 84
1 5 1 21 7 0 150
1 5 1 20 2 6 187
1 5 1 19 8 1 127
1 5 1 18 3 7 33
1 5 1 17 9 2 87
1 5 1 16 4 8 136
1 5 1 15 10 3 74
1 5 1 14 5 9 94
1 5 1 13 11 4 159
1 5 1 13 0 15 14
1 5 1 12 6 10 114
1 5 1 11 12 5 89
1 5 1 11 1 16 74
1 5 1 10 18 0 38
1 5 1 10 7 11 156
1 5 1 9 13 6 190
1 5 1 9 2 17 10
1 5 1 8 19 1 124
1 5 1 8 8 12 144
1 5 1 7 14 7 20
1 5 1 7 3 18 137
1 5 1 6 20 2 72
1 5 1 6 9 13 52
1 5 1 5 15 8 50
1 5 1 5 4 19 8
1 5 1 4 21 3 72
1 5 1 4 10 14 54
1 5 1 3 16 9 83
1 5 1 3 5 20 90
1 5 1 2 22 4 29
1 5 1 2 11 15 125
1 5 1 2 0 26 189
1 5 1 1 17 10 64
1 5 1 1 6 21 31
1 5 1 0 23 5 49
1 5 1 0 12 16 196
1 5 1 0 1 27 21
1 5 0 27 2 0 27
1 5 0 25 3 1 160
1 5 0 23 4 2 16
1 5 0 21 5 3 89
1 5 0 20 0 9 131
1 5 0 19 6 4 128
1 5 0 18 1 10 76
1 5 0 17 7 5 198
1 5 0 16 13 0 131
1 5 0 16 2 11 35
1 5 0 15 8 6 129
1 5 0 14 14 1 182
1 5 0 14 3 12 178
1 5 0 13 9 7 135
1 5 0 12 15 2 167
1 5 0 12 4 13 149
1 5 0 11 10 8 88
1 5 0 10 16 3 160
1 5 0 10 5 14 13
1 5 0 9 11 9 27
1 5 0 9 0 20 9
1 5 0 8 17 4 139
1 5 0 8 6 15 130
1 5 0 7 12 10 109
1 5 0 7 1 21 16
1 5 0 6 18 5 110
1 5 0 6 7 16 99
1 5 0 5 24 0 111
1 5 0 5 13 11 64
1 5 0 5 2 22 147
1 5 0 4 19 6 36
1 5 0 4 8 17 29
1 5 0 3 25 1 193
1 5 0 3 14 12 161
1 5 0 3 3 23 32
1 5 0 2 20 7 91
1 5 0 2 9 18 96
1 5 0 1 26 2 4
1 5 0 1 15 13 154
1 5 0 1 4 24 33
1 5 0 0 21 8 129
1 5 0 0 10 19 62
1 4 28 0 2 0 109
1 4 27 0 0 3 48
1 4 26 1 3 0 56
1 4 25 3 0 2 97
1 4 25 1 1 3 88
1 4 24 2 4 0 131
1 4 24 0 5 1 19
1 4 23 6 0 1 107
1 4 23 4 1 2 150
1 4 23 2 2 3 130
1 4 23 0 3 4 93
1 4 22 3 5 0 162
1 4 22 2 0 6 158
1 4 22 1 6 1 10
1 4 22 0 1 7 18
1 4 21 9 0 0 95
1 4 21 7 1 1 124
1 4 21 5 2 2 110
1 4 21 3 3 3 91
1 4 21 1 4 4 183
1 4 20 5 0 5 38
1 4 20 4 6 0 164
1 4 20 3 1 6 119
1 4 20 2 7 1 167
1 4 20 1 2 7 44
1 4 20 0 8 2 81
1 4 19 10 1 0 32
1 4 19 8 2 1 99
1 4 19 6 3 2 192
1 4 19 4 4 3 46
1 4 19 2 5 4 8
1 4 19 1 0 10 39
1 4 19 0 6 5 101
1 4 18 8 0 4 57
1 4 18 6 1 5 140
1 4 18 5 7 0 108
1 4 18 4 2 6 148
1 4 18 3 8 1 125
1 4 18 2 3 7 191
1 4 18 1 9 2 128
1 4 18 0 4 8 188
1 4 17 11 2 0 19
1 4 17 9 3 1 176
1 4 17 7 4 2 2
1 4 17 5 5 3 140
1 4 17 4 0 9 157
1 4 17 3 6 4 24
1 4 17 2 1 10 180
1 4 17 1 7 5 188
1 4 17 0 13 0 96
1 4 17 0 2 11 31
1 4 16 11 0 3 175
1 4 16 9 1 4 22
1 4 16 7 2 5 58
1 4 16 6 8 0 115
1 4 16 5 3 6 69
1 4 16 4 9 1 99
1 4 16 3 4 7 182
1 4 16 2 10 2 123
1 4 16 1 5 8 2
1 4 16 0 11 3 100
1 4 16 0 0 14 198
1 4 15 12 3 0 45
1 4 15 10 4 1 150
1 4 15 8 5 2 60
1 4 15 7 0 8 176
1 4 15 6 6 3 170
1 4 15 5 1 9 195
1 4 15 4 7 4 185
1 4 15 3 2 10 46
1 4 15 2 8 5 62
1 4 15 1 14 0 151
1 4 15 1 3 11 115
1 4 15 0 9 6 148
1 4 14 14 0 2 26
1 4 14 12 1 3 108
1 4 14 10 2 4 142
1 4 14 8 3 5 106
1 4 14 7 9 0 13
1 4 14 6 4 6 14
1 4 14 5 10 1 100
1 4 14 4 5 7 62
1 4 14 3 11 2 123
1 4 14 3 0 13 35
1 4 14 2 6 8 71
1 4 14 1 12 3 174
1 4 14 1 1 14 156
1 4 14 0 7 9 88
1 4 13 13 4 0 49
1 4 13 11 5 1 117
1 4 13 10 0 7 121
1 4 13 9 6 2 21
1 4 13 8 1 8 63
1 4 13 7 7 3 31
1 4 13 5 8 4 102
1 4 13 4 3 10 49
1 4 13 3 9 5 37
1 4 13 2 15 0 41
1 4 13 2 4 11 183
1 4 13 1 10 6 33
1 4 13 0 16 1 27
1 4 13 0 5 12 46
1 4 12 17 0 1 58
1 4 12 15 1 2 137
1 4 12 13 2 3 48
1 4 12 11 3 4 50
1 4 12 9 4 5 145
1 4 12 8 10 0 125
1 4 12 7 5 6 83
1 4 12 6 11 1 13
1 4 12 6 0 12 50
1 4 12 5 6 7 25
1 4 12 4 12 2 133
1 4 12 4 1 13 150
1 4 12 3 7 8 191
1 4 12 2 13 3 161
1 4 12 2 2 14 13
1 4 12 1 8 9 9
1 4 12 0 14 4 72
1 4 12 0 3 15 170
1 4 11 14 5 0 39
1 4 11 13 0 6 135
1 4 11 12 6 1 58
1 4 11 11 1 7 48
1 4 11 10 7 2 14
1 4 11 9 2 8 25
1 4 11 8 8 3 107
1 4 11 7 3 9 136
1 4 11 6 9 4 188
1 4 11 5 4 10 9
1 4 11 4 10 5 3
1 4 11 3 16 0 5
1 4 11 3 5 11 29
1 4 11 2 11 6 164
1 4 11 2 0 17 2
1 4 11 1 17 1 188
1 4 11 1 6 12 20
1 4 11 0 12 7 43
1 4 11 0 1 18 33
1 4 10 20 0 0 69
1 4 10 18 1 1 87
1 4 10 16 2 2 79
1 4 10 14 3 3 132
1 4 10 12 4 4 95
1 4 10 10 5 5 141
1 4 10 9 11 0 112
1 4 10 9 0 11 183
1 4 10 8 6 6 112
1 4 10 7 12 1 170
1 4 10 7 1 12 169
1 4 10 6 7 7 54
1 4 10 5 13 2 182
1 4 10 5 2 13 124
1 4 10 4 8 8 63
1 4 10 3 14 3 68
1 4 10 3 3 14 5
1 4 10 2 9 9 178
1 4 10 1 15 4 149
1 4 10 1 4 15 146
1 4 10 0 10 10 78
1 4 9 16 0 5 121
1 4 9 15 6 0 27
1 4 9 14 1 6 83
1 4 9 13 7 1 138
1 4 9 12 2 7 188
1 4 9 11 8 2 168
1 4 9 10 3 8 132
1 4 9 9 9 3 149
1 4 9 8 4 9 179
1 4 9 7 10 4 31
1 4 9 6 5 10 67
1 4 9 5 11 5 172
1 4 9 5 0 16 17
1 4 9 4 17 0 194
1 4 9 4 6 11 2
1 4 9 3 12 6 187
1 4 9 3 1 17 18
1 4 9 2 18 1 6
1 4 9 2 7 12 53
1 4 9 1 13 7 167
1 4 9 1 2 18 95
1 4 9 0 19 2 133
1 4 9 0 8 13 181
1 4 8 21 1 0 19
1 4 8 19 2 1 126
1 4 8 17 3 2 171
1 4 8 15 4 3 53
1 4 8 13 5 4 112
1 4 8 12 0 10 136
1 4 8 11 6 5 67
1 4 8 10 12 0 44
1 4 8 10 1 11 174
1 4 8 9 7 6 147
1 4 8 8 13 1 9
1 4 8 8 2 12 1
1 4 8 7 8 7 20
1 4 8 6 14 2 127
1 4 8 6 3 13 119
1 4 8 5 9 8 191
1 4 8 4 15 3 13
1 4 8 4 4 14 193
1 4 8 3 10 9 70
1 4 8 2 16 4 50
1 4 8 2 5 15 82
1 4 8 1 11 10 16
1 4 8 1 0 21 193
1 4 8 0 17 5 144
1 4 8 0 6 16 103
1 4 7 19 0 4 153
1 4 7 17 1 5 176
1 4 7 16 7 0 132
1 4 7 15 2 6 55
1 4 7 14 8 1 37
1 4 7 13 3 7 62
1 4 7 12 9 2 16
1 4 7 11 4 8 22
1 4 7 10 10 3 138
1 4 7 9 5 9 109
1 4 7 8 11 4 129
1 4 7 8 0 15 146
1 4 7 7 6 10 132
1 4 7 6 12 5 36
1 4 7 6 1 16 62
1 4 7 5 18 0 77
1 4 7 5 7 11 176
1 4 7 4 13 6 43
1 4 7 4 2 17 72
1 4 7 3 19 1 103
1 4 7 3 8 12 130
1 4 7 2 14 7 153
1 4 7 2 3 18 98
1 4 7 1 20 2 159
1 4 7 1 9 13 181
1 4 7 0 15 8 155
1 4 7 0 4 19 33
1 4 6 22 2 0 37
1 4 6 20 3 1 141
1 4 6 18 4 2 30
1 4 6 16 5 3 125
1 4 6 15 0 9 88
1 4 6 14 6 4 55
1 4 6 13 1 10 126
1 4 6 12 7 5 97
1 4 6 11 13 0 134
1 4 6 11 2 11 181
1 4 6 10 8 6 141
1 4 6 9 14 1 65
1 4 6 9 3 12 31
1 4 6 8 9 7 75
1 4 6 7 15 2 159
1 4 6 7 4 13 91
1 4 6 6 10 8 106
1 4 6 5 16 3 85
1 4 6 5 5 14 99
1 4 6 4 11 9 79
1 4 6 4 0 20 101
1 4 6 3 17 4 65
1 4 6 3 6 15 99
1 4 6 2 12 10 96
1 4 6 2 1 21 102
1 4 6 1 18 5 85
1 4 6 1 7 16 189
1 4 6 0 24 0 12
1 4 6 0 13 11 48
1 4 5 22 0 3 133
1 4 5 20 1 4 78
1 4 5 18 2 5 194
1 4 5 17 8 0 106
1 4 5 16 3 6 152
1 4 5 15 9 1 102
1 4 5 14 4 7 26
1 4 5 13 10 2 166
1 4 5 12 5 8 42
1 4 5 11 11 3 97
1 4 5 11 0 14 186
1 4 5 10 6 9 171
1 4 5 9 12 4 87
1 4 5 9 1 15 102
1 4 5 8 7 10 141
1 4 5 7 13 5 181
1 4 5 7 2 16 87
1 4 5 6 19 0 69
1 4 5 6 8 11 70
1 4 5 5 14 6 83
1 4 5 5 3 17 190
1 4 5 4 20 1 49
1 4 5 4 9 12 106
1 4 5 3 15 7 114
1 4 5 3 4 18 147
1 4 5 2 21 2 187
1 4 5 2 10 13 115
1 4 5 1 16 8 176
1 4 5 1 5 19 56
1 4 5 0 22 3 134
1 4 5 0 11 14 165
1 4 5 0 0 25 103
1 4 4 23 3 0 9
1 4 4 21 4 1 8
1 4 4 19 5 2 145
1 4 4 18 0 8 9
1 4 4 17 6 3 140
1 4 4 16 1 9 150
1 4 4 15 7 4 41
1 4 4 14 2 10 123
1 4 4 13 8 5 59
1 4 4 12 14 0 24
1 4 4 12 3 11 25
1 4 4 11 9 6 66
1 4 4 10 15 1 59
1 4 4 10 4 12 12
1 4 4 9 10 7 137
1 4 4 8 16 2 174
1 4 4 8 5 13 119
1 4 4 7 11 8 47
1 4 4 7 0 19 179
1 4 4 6 17 3 37
1 4 4 6 6 14 197
1 4 4 5 12 9 105
1 4 4 5 1 20 101
1 4 4 4 18 4 34
1 4 4 4 7 15 24
1 4 4 3 13 10 148
1 4 4 3 2 21 118
1 4 4 2 19 5 5
1 4 4 2 8 16 160
1 4 4 1 25 0 82
1 4 4 1 14 11 40
1 4 4 1 3 22 114
1 4 4 0 20 6 117
1 4 4 0 9 17 100
1 4 3 25 0 2 24
1 4 3 23 1 3 104
1 4 3 21 2 4 157
1 4 3 19 3 5 85
1 4 3 18 9 0 197
1 4 3 17 4 6 134
1 4 3 16 10 1 97
1 4 3 14 11 2 11
1 4 3 14 0 13 34
1 4 3 13 6 8 118
1 4 3 12 12 3 127
1 4 3 12 1 14 124
1 4 3 11 7 9 114
1 4 3 10 13 4 167
1 4 3 10 2 15 177
1 4 3 9 8 10 187
1 4 3 8 14 5 127
1 4 3 8 3 16 154
1 4 3 7 20 0 163
1 4 3 7 9 11 98
1 4 3 6 15 6 134
1 4 3 6 4 17 40
1 4 3 5 21 1 64
1 4 3 5 10 12 43
1 4 3 4 16 7 105
1 4 3 4 5 18 60
1 4 3 3 22 2 57
1 4 3 3 11 13 86
1 4 3 3 0 24 36
1 4 3 2 17 8 134
1 4 3 2 6 19 42
1 4 3 1 23 3 111
1 4 3 1 12 14 31
1 4 3 1 1 25 134
1 4 3 0 18 9 18
1 4 3 0 7 20 49
1 4 2 24 4 0 42
1 4 2 22 5 1 122
1 4 2 21 0 7 96
1 4 2 20 6 2 61
1 4 2 19 1 8 111
1 4 2 18 7 3 183
1 4 2 17 2 9 76
1 4 2 16 8 4 18
1 4 2 15 3 10 182
1 4 2 14 9 5 189
1 4 2 13 15 0 122
1 4 2 13 4 11 194
1 4 2 12 10 6 104
1 4 2 11 16 1 56
1 4 2 11 5 12 172
1 4 2 10 11 7 97
1 4 2 10 0 18 9
1 4 2 9 17 2 156
1 4 2 9 6 13 9
1 4 2 8 12 8 79
1 4 2 8 1 19 55
1 4 2 7 18 3 38
1 4 2 7 7 14 39
1 4 2 6 13 9 68
1 4 2 6 2 20 73
1 4 2 5 19 4 20
1 4 2 5 8 15 97
1 4 2 4 14 10 180
1 4 2 4 3 21 121
1 4 2 3 20 5 20
1 4 2 3 9 16 95
1 4 2 2 26 0 7
1 4 2 2 15 11 192
1 4 2 2 4 22 29
1 4 2 1 21 6 109
1 4 2 1 10 17 25
1 4 2 0 27 1 88
1 4 2 0 16 12 12
1 4 2 0 5 23 69
1 4 1 28 0 1 127
1 4 1 26 1 2 81
1 4 1 24 2 3 66
1 4 1 22 3 4 63
1 4 1 20 4 5 185
1 4 1 19 10 0 178
1 4 1 18 5 6 36
1 4 1 17 11 1 122
1 4 1 17 0 12 6
1 4 1 16 6 7 70
1 4 1 15 12 2 170
1 4 1 15 1 13 54
1 4 1 14 7 8 10
1 4 1 13 13 3 54
1 4 1 13 2 14 52
1 4 1 12 8 9 158
1 4 1 11 14 4 61
1 4 1 11 3 15 8
1 4 1 10 9 10 133
1 4 1 9 15 5 73
1 4 1 9 4 16 197
1 4 1 8 21 0 183
1 4 1 8 10 11 87
1 4 1 7 16 6 104
1 4 1 7 5 17 172
1 4 1 6 22 1 116
1 4 1 6 11 12 38
1 4 1 6 0 23 119
1 4 1 5 17 7 116
1 4 1 5 6 18 109
1 4 1 4 23 2 20
1 4 1 4 12 13 64
1 4 1 4 1 24 152
1 4 1 3 18 8 83
1 4 1 3 7 19 70
1 4 1 2 24 3 129
1 4 1 2 13 14 6
1 4 1 2 2 25 88
1 4 1 1 19 9 156
1 4 1 1 8 20 175
1 4 1 0 25 4 116
1 4 1 0 14 15 106
1 4 1 0 3 26 63
1 4 0 25 5 0 71
1 4 0 24 0 6 148
1 4 0 23 6 1 53
1 4 0 22 1 7 24
1 4 0 21 7 2 48
1 4 0 20 2 8 173
1 4 0 19 8 3 159
1 4 0 18 3 9 112
1 4 0 17 9 4 75
1 4 0 16 4 10 191
1 4 0 15 10 5 161
1 4 0 14 16 0 159
1 4 0 14 5 11 103
1 4 0 13 11 6 181
1 4 0 13 0 17 123
1 4 0 12 17 1 194
1 4 0 12 6 12 138
1 4 0 11 12 7 13
1 4 0 11 1 18 46
1 4 0 10 18 2 189
1 4 0 10 7 13 81
1 4 0 9 13 8 147
1 4 0 9 2 19 144
1 4 0 8 19 3 61
1 4 0 8 8 14 162
1 4 0 7 14 9 109
1 4 0 7 3 20 93
1 4 0 6 20 4 68
1 4 0 6 9 15 15
1 4 0 5 15 10 102
1 4 0 5 4 21 95
1 4 0 4 21 5 42
1 4 0 4 10 16 75
1 4 0 3 27 0 151
1 4 0 3 16 11 75
1 4 0 3 5 22 23
1 4 0 2 22 6 138
1 4 0 2 11 17 68
1 4 0 2 0 28 144
1 4 0 1 28 1 93
1 4 0 1 17 12 193
1 4 0 1 6 23 144
1 4 0 0 23 7 49
1 4 0 0 12 18 176
1 4 0 0 1 29 3
1 3 29 1 0 1 119
1 3 27 4 0 0 65
1 3 27 2 1 1 174
1 3 27 0 2 2 167
1 3 26 0 0 5 106
1 3 25 5 1 0 31
1 3 25 3 2 1 174
1 3 25 1 3 2 5
1 3 24 3 0 4 118
1 3 24 1 1 5 73
1 3 24 0 7 0 144
1 3 23 6 2 0 46
1 3 23 4 3 1 50
1 3 23 2 4 2 40
1 3 23 0 5 3 23
1 3 22 6 0 3 188
1 3 22 4 1 4 137
1 3 22 2 2 5 161
1 3 22 1 8 0 146
1 3 22 0 3 6 90
1 3 21 7 3 0 196
1 3 21 5 4 1 188
1 3 21 3 5 2 53
1 3 21 2 0 8 26
1 3 21 1 6 3 143
1 3 21 0 1 9 117
1 3 20 9 0 2 146
1 3 20 7 1 3 93
1 3 20 5 2 4 79
1 3 20 3 3 5 80
1 3 20 2 9 0 105
1 3 20 1 4 6 51
1 3 20 0 10 1 133
1 3 19 8 4 0 179
1 3 19 6 5 1 119
1 3 19 5 0 7 150
1 3 19 4 6 2 34
1 3 19 3 1 8 96
1 3 19 2 7 3 111
1 3 19 1 2 9 97
1 3 19 0 8 4 9
1 3 18 12 0 1 173
1 3 18 10 1 2 123
1 3 18 8 2 3 19
1 3 18 6 3 4 183
1 3 18 4 4 5 54
1 3 18 3 10 0 187
1 3 18 2 5 6 75
1 3 18 1 11 1 182
1 3 18 1 0 12 178
1 3 18 0 6 7 94
1 3 17 9 5 0 47
1 3 17 8 0 6 12
1 3 17 7 6 1 67
1 3 17 6 1 7 179
1 3 17 5 7 2 34
1 3 17 4 2 8 184
1 3 17 3 8 3 140
1 3 17 2 3 9 96
1 3 17 1 9 4 173
1 3 17 0 4 10 17
1 3 16 15 0 0 25
1 3 16 13 1 1 80
1 3 16 11 2 2 141
1 3 16 9 3 3 75
1 3 16 7 4 4 112
1 3 16 5 5 5 185
1 3 16 4 11 0 75
1 3 16 4 0 11 92
1 3 16 3 6 6 74
1 3 16 2 1 12 7
1 3 16 1 7 7 54
1 3 16 0 13 2 173
1 3 16 0 2 13 195
1 3 15 11 0 5 1
1 3 15 10 6 0 142
1 3 15 9 1 6 121
1 3 15 8 7 1 74
1 3 15 7 2 7 135
1 3 15 6 8 2 44
1 3 15 5 3 8 63
1 3 15 4 9 3 150
1 3 15 3 4 9 75
1 3 15 2 10 4 78
1 3 15 1 5 10 99
1 3 15 0 11 5 196
1 3 15 0 0 16 170
1 3 14 16 1 0 165
1 3 14 14 2 1 103
1 3 14 12 3 2 157
1 3 14 10 4 3 52
1 3 14 8 5 4 39
1 3 14 7 0 10 68
1 3 14 6 6 5 54
1 3 14 5 12 0 63
1 3 14 5 1 11 141
1 3 14 4 7 6 97
1 3 14 3 13 1 29
1 3 14 3 2 12 81
1 3 14 2 8 7 188
1 3 14 1 14 2 197
1 3 14 1 3 13 162
1 3 14 0 9 8 65
1 3 13 14 0 4 41
1 3 13 12 1 5 153
1 3 13 11 7 0 19
1 3 13 10 2 6 197
1 3 13 9 8 1 57
1 3 13 8 3 7 144
1 3 13 7 9 2 190
1 3 13 6 4 8 142
1 3 13 5 10 3 26
1 3 13 4 5 9 59
1 3 13 3 11 4 143
1 3 13 3 0 15 11
1 3 13 2 6 10 105
1 3 13 1 12 5 49
1 3 13 1 1 16 3
1 3 13 0 18 0 108
1 3 13 0 7 11 189
1 3 12 17 2 0 183
1 3 12 15 3 1 27
1 3 12 13 4 2 122
1 3 12 11 5 3 66
1 3 12 10 0 9 123
1 3 12 9 6 4 177
1 3 12 8 1 10 111
1 3 12 7 7 5 118
1 3 12 6 13 0 158
1 3 12 6 2 11 110
1 3 12 5 8 6 110
1 3 12 4 14 1 158
1 3 12 4 3 12 130
1 3 12 3 9 7 4
1 3 12 2 15 2 15
1 3 12 2 4 13 47
1 3 12 1 10 8 141
1 3 12 0 16 3 11
1 3 12 0 5 14 173
1 3 11 17 0 3 131
1 3 11 15 1 4 119
1 3 11 13 2 5 128
1 3 11 12 8 0 135
1 3 11 11 3 6 101
1 3 11 10 9 1 80
1 3 11 9 4 7 71
1 3 11 8 10 2 187
1 3 11 7 5 8 111
1 3 11 6 11 3 160
1 3 11 6 0 14 40
1 3 11 5 6 9 157
1 3 11 4 12 4 187
1 3 11 4 1 15 36
1 3 11 3 7 10 100
1 3 11 2 13 5 93
1 3 11 2 2 16 91
1 3 11 1 19 0 153
1 3 11 1 8 11 117
1 3 11 0 14 6 20
1 3 11 0 3 17 172
1 3 10 18 3 0 131
1 3 10 16 4 1 91
1 3 10 14 5 2 172
1 3 10 13 0 8 133
1 3 10 12 6 3 35
1 3 10 11 1 9 53
1 3 10 10 7 4 106
1 3 10 9 2 10 175
1 3 10 8 8 5 64
1 3 10 7 14 0 133
1 3 10 7 3 11 153
1 3 10 6 9 6 141
1 3 10 5 15 1 116
1 3 10 5 4 12 134
1 3 10 4 10 7 70
1 3 10 3 16 2 12
1 3 10 3 5 13 154
1 3 10 2 11 8 56
1 3 10 2 0 19 107
1 3 10 1 17 3 59
1 3 10 1 6 14 69
1 3 10 0 12 9 98
1 3 10 0 1 20 168
1 3 9 20 0 2 61
1 3 9 18 1 3 120
1 3 9 16 2 4 56
1 3 9 14 3 5 79
1 3 9 13 9 0 30
1 3 9 12 4 6 173
1 3 9 11 10 1 21
1 3 9 10 5 7 157
1 3 9 9 11 2 37
1 3 9 9 0 13 117
1 3 9 8 6 8 169
1 3 9 7 12 3 49
1 3 9 7 1 14 10
1 3 9 6 7 9 70
1 3 9 5 13 4 124
1 3 9 5 2 15 142
1 3 9 4 8 10 139
1 3 9 3 14 5 54
1 3 9 3 3 16 103
1 3 9 2 20 0 48
1 3 9 2 9 11 156
1 3 9 1 15 6 44
1 3 9 1 4 17 173
1 3 9 0 21 1 16
1 3 9 0 10 12 27
1 3 8 19 4 0 102
1 3 8 17 5 1 19
1 3 8 16 0 7 153
1 3 8 15 6 2 68
1 3 8 14 1 8 168
1 3 8 13 7 3 196
1 3 8 12 2 9 178
1 3 8 11 8 4 49
1 3 8 10 3 10 129
1 3 8 9 9 5 96
1 3 8 8 15 0 188
1 3 8 8 4 11 46
1 3 8 7 10 6 146
1 3 8 6 16 1 13
1 3 8 6 5 12 138
1 3 8 5 11 7 148
1 3 8 5 0 18 118
1 3 8 4 17 2 162
1 3 8 4 6 13 46
1 3 8 3 12 8 11
1 3 8 3 1 19 137
1 3 8 2 18 3 135
1 3 8 2 7 14 33
1 3 8 1 13 9 154
1 3 8 1 2 20 124
1 3 8 0 19 4 184
1 3 8 0 8 15 182
1 3 7 23 0 1 95
1 3 7 21 1 2 46
1 3 7 19 2 3 79
1 3 7 17 3 4 106
1 3 7 15 4 5 59
1 3 7 14 10 0 109
1 3 7 13 5 6 29
1 3 7 12 11 1 28
1 3 7 12 0 12 187
1 3 7 11 6 7 56
1 3 7 10 12 2 160
1 3 7 10 1 13 153
1 3 7 9 7 8 55
1 3 7 8 13 3 197
1 3 7 8 2 14 67
1 3 7 7 8 9 57
1 3 7 6 14 4 5
1 3 7 6 3 15 7
1 3 7 5 9 10 143
1 3 7 4 15 5 62
1 3 7 4 4 16 60
1 3 7 3 21 0 149
1 3 7 3 10 11 48
1 3 7 2 16 6 23
1 3 7 2 5 17 106
1 3 7 1 22 1 107
1 3 7 1 11 12 60
1 3 7 1 0 23 166
1 3 7 0 17 7 99
1 3 7 0 6 18 2
1 3 6 20 5 0 146
1 3 6 19 0 6 82
1 3 6 18 6 1 13
1 3 6 17 1 7 56
1 3 6 16 7 2 57
1 3 6 15 2 8 163
1 3 6 14 8 3 141
1 3 6 13 3 9 49
1 3 6 12 9 4 167
1 3 6 11 4 10 106
1 3 6 10 10 5 116
1 3 6 9 16 0 34
1 3 6 9 5 11 66
1 3 6 8 11 6 103
1 3 6 8 0 17 11
1 3 6 7 17 1 42
1 3 6 7 6 12 148
1 3 6 6 12 7 8
1 3 6 6 1 18 154
1 3 6 5 18 2 83
1 3 6 5 7 13 23
1 3 6 4 13 8 181
1 3 6 4 2 19 8
1 3 6 3 19 3 30
1 3 6 3 8 14 45
1 3 6 2 14 9 60
1 3 6 2 3 20 186
1 3 6 1 20 4 10
1 3 6 1 9 15 7
1 3 6 0 15 10 119
1 3 6 0 4 21 197
1 3 5 26 0 0 143
1 3 5 24 1 1 11
1 3 5 22 2 2 167
1 3 5 20 3 3 52
1 3 5 18 4 4 64
1 3 5 16 5 5 197
1 3 5 15 11 0 57
1 3 5 15 0 11 110
1 3 5 14 6 6 125
1 3 5 13 12 1 7
1 3 5 13 1 12 85
1 3 5 12 7 7 115
1 3 5 11 13 2 31
1 3 5 11 2 13 32
1 3 5 10 8 8 68
1 3 5 9 14 3 6
1 3 5 9 3 14 19
1 3 5 8 9 9 142
1 3 5 7 15 4 64
1 3 5 7 4 15 195
1 3 5 6 10 10 29
1 3 5 5 16 5 68
1 3 5 5 5 16 122
1 3 5 4 22 0 62
1 3 5 4 11 11 187
1 3 5 4 0 22 63
1 3 5 3 17 6 133
1 3 5 3 6 17 77
1 3 5 2 23 1 47
1 3 5 2 12 12 41
1 3 5 2 1 23 22
1 3 5 1 18 7 75
1 3 5 1 7 18 159
1 3 5 0 24 2 44
1 3 5 0 13 13 185
1 3 5 0 2 24 72
1 3 4 22 0 5 10
1 3 4 21 6 0 157
1 3 4 20 1 6 76
1 3 4 19 7 1 118
1 3 4 18 2 7 186
1 3 4 17 8 2 181
1 3 4 16 3 8 113
1 3 4 15 9 3 110
1 3 4 14 4 9 181
1 3 4 13 10 4 39
1 3 4 12 5 10 6
1 3 4 11 11 5 45
1 3 4 11 0 16 13
1 3 4 10 17 0 49
1 3 4 10 6 11 8
1 3 4 9 12 6 178
1 3 4 9 1 17 35
1 3 4 8 18 1 129
1 3 4 8 7 12 85
1 3 4 7 13 7 46
1 3 4 7 2 18 64
1 3 4 6 19 2 16
1 3 4 6 8 13 66
1 3 4 5 14 8 106
1 3 4 5 3 19 100
1 3 4 4 20 3 91
1 3 4 4 9 14 183
1 3 4 3 15 9 35
1 3 4 3 4 20 22
1 3 4 2 21 4 48
1 3 4 2 10 15 96
1 3 4 1 16 10 130
1 3 4 1 5 21 109
1 3 4 0 22 5 67
1 3 4 0 11 16 103
1 3 4 0 0 27 157
1 3 3 27 1 0 83
1 3 3 25 2 1 38
1 3 3 23 3 2 159
1 3 3 21 4 3 47
1 3 3 19 5 4 168
1 3 3 18 0 10 24
1 3 3 17 6 5 178
1 3 3 16 12 0 182
1 3 3 16 1 11 80
1 3 3 15 7 6 112
1 3 3 14 13 1 126
1 3 3 14 2 12 182
1 3 3 13 8 7 196
1 3 3 12 14 2 172
1 3 3 12 3 13 87
1 3 3 11 9 8 153
1 3 3 10 15 3 173
1 3 3 10 4 14 89
1 3 3 9 10 9 90
1 3 3 8 16 4 182
1 3 3 8 5 15 28
1 3 3 7 11 10 61
1 3 3 7 0 21 25
1 3 3 6 17 5 173
1 3 3 6 6 16 58
1 3 3 5 23 0 198
1 3 3 5 12 11 14
1 3 3 5 1 22 181
1 3 3 4 18 6 136
1 3 3 4 7 17 163
1 3 3 3 24 1 7
1 3 3 3 13 12 190
1 3 3 3 2 23 43
1 3 3 2 19 7 184
1 3 3 2 8 18 9
1 3 3 1 25 2 84
1 3 3 1 14 13 63
1 3 3 1 3 24 166
1 3 3 0 20 8 95
1 3 3 0 9 19 197
1 3 2 25 0 4 50
1 3 2 23 1 5 91
1 3 2 22 7 0 72
1 3 2 21 2 6 47
1 3 2 20 8 1 190
1 3 2 19 3 7 155
1 3 2 18 9 2 40
1 3 2 17 4 8 131
1 3 2 16 10 3 18
1 3 2 15 5 9 174
1 3 2 14 11 4 161
1 3 2 14 0 15 98
1 3 2 13 6 10 104
1 3 2 12 12 5 59
1 3 2 12 1 16 36
1 3 2 11 18 0 150
1 3 2 11 7 11 104
1 3 2 10 13 6 84
1 3 2 10 2 17 52
1 3 2 9 19 1 47
1 3 2 9 8 12 54
1 3 2 8 14 7 188
1 3 2 8 3 18 71
1 3 2 7 20 2 60
1 3 2 7 9 13 117
1 3 2 6 15 8 170
1 3 2 6 4 19 110
1 3 2 5 21 3 101
1 3 2 5 10 14 134
1 3 2 4 16 9 33
1 3 2 4 5 20 19
1 3 2 3 22 4 115
1 3 2 3 11 15 90
1 3 2 3 0 26 138
1 3 2 2 17 10 196
1 3 2 2 6 21 187
1 3 2 1 23 5 104
1 3 2 1 12 16 171
1 3 2 1 1 27 28
1 3 2 0 29 0 93
1 3 2 0 18 11 23
1 3 2 0 7 22 143
1 3 1 28 2 0 195
1 3 1 26 3 1 184
1 3 1 24 4 2 64
1 3 1 22 5 3 35
1 3 1 21 0 9 61
1 3 1 20 6 4 1
1 3 1 19 1 10 159
1 3 1 18 7 5 133
1 3 1 17 13 0 74
1 3 1 17 2 11 13
1 3 1 16 8 6 191
1 3 1 15 14 1 22
1 3 1 15 3 12 68
1 3 1 14 9 7 68
1 3 1 13 15 2 151
1 3 1 13 4 13 108
1 3 1 12 10 8 80
1 3 1 11 16 3 86
1 3 1 11 5 14 72
1 3 1 10 11 9 63
1 3 1 10 0 20 98
1 3 1 9 17 4 76
1 3 1 9 6 15 196
1 3 1 8 12 10 75
1 3 1 8 1 21 96
1 3 1 7 18 5 12
1 3 1 7 7 16 151
1 3 1 6 24 0 47
1 3 1 6 13 11 90
1 3 1 6 2 22 184
1 3 1 5 19 6 94
1 3 1 5 8 17 10
1 3 1 4 25 1 1
1 3 1 4 14 12 97
1 3 1 4 3 23 176
1 3 1 3 20 7 39
1 3 1 3 9 18 179
1 3 1 2 26 2 159
1 3 1 2 15 13 11
1 3 1 2 4 24 156
1 3 1 1 21 8 140
1 3 1 1 10 19 31
1 3 1 0 16 14 105
1 3 1 0 5 25 129
1 3 0 28 0 3 118
1 3 0 26 1 4 150
1 3 0 24 2 5 146
1 3 0 23 8 0 142
1 3 0 22 3 6 127
1 3 0 21 9 1 22
1 3 0 20 4 7 79
1 3 0 19 10 2 65
1 3 0 18 5 8 135
1 3 0 17 11 3 181
1 3 0 17 0 14 107
1 3 0 16 6 9 178
1 3 0 15 12 4 26
1 3 0 15 1 15 177
1 3 0 14 7 10 17
1 3 0 13 13 5 93
1 3 0 13 2 16 41
1 3 0 12 19 0 140
1 3 0 12 8 11 126
1 3 0 11 14 6 188
1 3 0 11 3 17 126
1 3 0 10 20 1 161
1 3 0 10 9 12 124
1 3 0 9 15 7 174
1 3 0 9 4 18 33
1 3 0 8 21 2 164
1 3 0 8 10 13 74
1 3 0 7 16 8 76
1 3 0 7 5 19 196
1 3 0 6 22 3 82
1 3 0 6 11 14 174
1 3 0 6 0 25 154
1 3 0 5 17 9 115
1 3 0 5 6 20 165
1 3 0 4 23 4 19
1 3 0 4 12 15 94
1 3 0 4 1 26 78
1 3 0 3 18 10 192
1 3 0 3 7 21 68
1 3 0 2 24 5 92
1 3 0 2 13 16 190
1 3 0 2 2 27 59
1 3 0 1 30 0 54
1 3 0 1 19 11 12
1 3 0 1 8 22 172
1 3 0 0 25 6 127
1 3 0 0 14 17 96
1 3 0 0 3 28 5
1 2 31 0 1 0 148
1 2 29 1 2 0 194
1 2 28 1 0 3 3
1 2 27 2 3 0 168
1 2 27 0 4 1 186
1 2 26 4 0 2 75
1 2 26 2 1 3 16
1 2 26 0 2 4 195
1 2 25 3 4 0 187
1 2 25 1 5 1 123
1 2 25 0 0 7 51
1 2 24 7 0 1 119
1 2 24 5 1 2 79
1 2 24 3 2 3 99
1 2 24 1 3 4 120
1 2 23 4 5 0 142
1 2 23 3 0 6 192
1 2 23 2 6 1 23
1 2 23 1 1 7 126
1 2 23 0 7 2 26
1 2 22 10 0 0 36
1 2 22 8 1 1 90
1 2 22 6 2 2 94
1 2 22 4 3 3 138
1 2 22 2 4 4 60
1 2 22 0 5 5 131
1 2 21 6 0 5 50
1 2 21 5 6 0 143
1 2 21 4 1 6 168
1 2 21 3 7 1 111
1 2 21 2 2 7 100
1 2 21 1 8 2 126
1 2 21 0 3 8 162
1 2 20 11 1 0 50
1 2 20 9 2 1 177
1 2 20 7 3 2 96
1 2 20 5 4 3 113
1 2 20 3 5 4 138
1 2 20 2 0 10 37
1 2 20 1 6 5 6
1 2 20 0 12 0 3
1 2 20 0 1 11 193
1 2 19 9 0 4 192
1 2 19 7 1 5 181
1 2 19 6 7 0 4
1 2 19 5 2 6 127
1 2 19 4 8 1 42
1 2 19 3 3 7 180
1 2 19 2 9 2 7
1 2 19 1 4 8 16
1 2 19 0 10 3 123
1 2 18 12 2 0 15
1 2 18 10 3 1 162
1 2 18 8 4 2 66
1 2 18 6 5 3 54
1 2 18 5 0 9 22
1 2 18 4 6 4 191
1 2 18 3 1 10 23
1 2 18 2 7 5 110
1 2 18 1 13 0 181
1 2 18 1 2 11 72
1 2 18 0 8 6 168
1 2 17 12 0 3 129
1 2 17 10 1 4 194
1 2 17 8 2 5 93
1 2 17 7 8 0 172
1 2 17 6 3 6 25
1 2 17 5 9 1 4
1 2 17 4 4 7 173
1 2 17 3 10 2 165
1 2 17 2 5 8 100
1 2 17 1 11 3 177
1 2 17 1 0 14 65
1 2 17 0 6 9 145
1 2 16 13 3 0 56
1 2 16 11 4 1 106
1 2 16 9 5 2 63
1 2 16 8 0 8 90
1 2 16 7 6 3 33
1 2 16 6 1 9 181
1 2 16 5 7 4 102
1 2 16 4 2 10 127
1 2 16 3 8 5 140
1 2 16 2 14 0 127
1 2 16 2 3 11 56
1 2 16 1 9 6 118
1 2 16 0 15 1 184
1 2 16 0 4 12 158
1 2 15 15 0 2 20
1 2 15 13 1 3 14
1 2 15 11 2 4 88
1 2 15 9 3 5 139
1 2 15 8 9 0 72
1 2 15 7 4 6 56
1 2 15 6 10 1 47
1 2 15 5 5 7 87
1 2 15 4 11 2 163
1 2 15 4 0 13 14
1 2 15 3 6 8 144
1 2 15 2 12 3 69
1 2 15 2 1 14 175
1 2 15 1 7 9 58
1 2 15 0 13 4 186
1 2 15 0 2 15 165
1 2 14 14 4 0 83
1 2 14 12 5 1 33
1 2 14 11 0 7 80
1 2 14 10 6 2 89
1 2 14 9 1 8 73
1 2 14 8 7 3 13
1 2 14 7 2 9 78
1 2 14 6 8 4 92
1 2 14 5 3 10 152
1 2 14 4 9 5 69
1 2 14 3 15 0 68
1 2 14 3 4 11 138
1 2 14 2 10 6 159
1 2 14 1 16 1 86
1 2 14 1 5 12 37
1 2 14 0 11 7 37
1 2 14 0 0 18 149
1 2 13 18 0 1 66
1 2 13 16 1 2 110
1 2 13 14 2 3 115
1 2 13 12 3 4 160
1 2 13 10 4 5 67
1 2 13 9 10 0 61
1 2 13 8 5 6 27
1 2 13 7 11 1 22
1 2 13 7 0 12 86
1 2 13 6 6 7 61
1 2 13 5 12 2 8
1 2 13 5 1 13 8
1 2 13 4 7 8 150
1 2 13 3 13 3 188
1 2 13 3 2 14 8
1 2 13 2 8 9 8
1 2 13 1 14 4 159
1 2 13 1 3 15 24
1 2 13 0 9 10 127
1 2 12 15 5 0 112
1 2 12 14 0 6 186
1 2 12 13 6 1 150
1 2 12 12 1 7 84
1 2 12 11 7 2 153
1 2 12 10 2 8 116
1 2 12 9 8 3 89
1 2 12 8 3 9 99
1 2 12 7 9 4 96
1 2 12 6 4 10 81
1 2 12 5 10 5 149
1 2 12 4 16 0 196
1 2 12 4 5 11 157
1 2 12 3 11 6 117
1 2 12 3 0 17 58
1 2 12 2 17 1 132
1 2 12 2 6 12 86
1 2 12 1 12 7 4
1 2 12 1 1 18 137
1 2 12 0 18 2 77
1 2 12 0 7 13 135
1 2 11 21 0 0 198
1 2 11 19 1 1 22
1 2 11 17 2 2 72
1 2 11 15 3 3 9
1 2 11 13 4 4 96
1 2 11 11 5 5 49
1 2 11 10 11 0 87
1 2 11 10 0 11 142
1 2 11 9 6 6 189
1 2 11 8 12 1 146
1 2 11 8 1 12 146
1 2 11 7 7 7 48
1 2 11 6 13 2 68
1 2 11 6 2 13 92
1 2 11 5 8 8 61
1 2 11 4 14 3 122
1 2 11 4 3 14 104
1 2 11 3 9 9 82
1 2 11 2 15 4 101
1 2 11 2 4 15 53
1 2 11 1 10 10 113
1 2 11 0 16 5 146
1 2 11 0 5 16 139
1 2 10 17 0 5 36
1 2 10 16 6 0 62
1 2 10 15 1 6 67
1 2 10 14 7 1 17
1 2 10 13 2 7 193
1 2 10 12 8 2 138
1 2 10 11 3 8 105
1 2 10 10 9 3 122
1 2 10 9 4 9 107
1 2 10 8 10 4 132
1 2 10 7 5 10 80
1 2 10 6 11 5 160
1 2 10 6 0 16 145
1 2 10 5 17 0 123
1 2 10 5 6 11 39
1 2 10 4 12 6 146
1 2 10 4 1 17 93
1 2 10 3 18 1 10
1 2 10 3 7 12 9
1 2 10 2 13 7 113
1 2 10 2 2 18 117
1 2 10 1 19 2 31
1 2 10 1 8 13 184
1 2 10 0 14 8 185
1 2 10 0 3 19 120
1 2 9 22 1 0 46
1 2 9 20 2 1 42
1 2 9 18 3 2 94
1 2 9 16 4 3 20
1 2 9 14 5 4 145
1 2 9 13 0 10 127
1 2 9 12 6 5 116
1 2 9 11 12 0 88
1 2 9 11 1 11 80
1 2 9 10 7 6 143
1 2 9 9 13 1 41
1 2 9 9 2 12 17
1 2 9 8 8 7 169
1 2 9 7 14 2 57
1 2 9 7 3 13 131
1 2 9 6 9 8 55
1 2 9 5 15 3 58
1 2 9 5 4 14 114
1 2 9 4 10 9 18
1 2 9 3 16 4 134
1 2 9 3 5 15 153
1 2 9 2 11 10 194
1 2 9 2 0 21 118
1 2 9 1 17 5 19
1 2 9 1 6 16 133
1 2 9 0 23 0 31
1 2 9 0 12 11 18
1 2 9 0 1 22 193
1 2 8 20 0 4 51
1 2 8 18 1 5 133
1 2 8 17 7 0 158
1 2 8 16 2 6 41
1 2 8 15 8 1 6
1 2 8 14 3 7 170
1 2 8 13 9 2 12
1 2 8 12 4 8 26
1 2 8 11 10 3 84
1 2 8 10 5 9 181
1 2 8 9 11 4 75
1 2 8 9 0 15 15
1 2 8 8 6 10 67
1 2 8 7 12 5 20
1 2 8 7 1 16 166
1 2 8 6 18 0 49
1 2 8 6 7 11 8
1 2 8 5 13 6 57
1 2 8 5 2 17 140
1 2 8 4 19 1 49
1 2 8 4 8 12 167
1 2 8 3 14 7 118
1 2 8 3 3 18 113
1 2 8 2 20 2 196
1 2 8 2 9 13 51
1 2 8 1 15 8 9
1 2 8 1 4 19 5
1 2 8 0 21 3 159
1 2 8 0 10 14 80
1 2 7 23 2 0 142
1 2 7 21 3 1 158
1 2 7 19 4 2 87
1 2 7 17 5 3 37
1 2 7 16 0 9 157
1 2 7 15 6 4 82
1 2 7 14 1 10 173
1 2 7 13 7 5 36
1 2 7 12 13 0 106
1 2 7 12 2 11 17
1 2 7 11 8 6 128
1 2 7 10 14 1 86
1 2 7 10 3 12 58
1 2 7 9 9 7 160
1 2 7 8 15 2 93
1 2 7 8 4 13 62
1 2 7 7 10 8 190
1 2 7 6 16 3 162
1 2 7 6 5 14 83
1 2 7 5 11 9 56
1 2 7 5 0 20 39
1 2 7 4 17 4 97
1 2 7 4 6 15 97
1 2 7 3 12 10 177
1 2 7 3 1 21 113
1 2 7 2 18 5 3
1 2 7 2 7 16 28
1 2 7 1 24 0 149
1 2 7 1 13 11 136
1 2 7 1 2 22 82
1 2 7 0 19 6 194
1 2 7 0 8 17 195
1 2 6 23 0 3 35
1 2 6 21 1 4 67
1 2 6 19 2 5 80
1 2 6 18 8 0 189
1 2 6 17 3 6 120
1 2 6 16 9 1 88
1 2 6 15 4 7 98
1 2 6 14 10 2 143
1 2 6 13 5 8 76
1 2 6 12 11 3 146
1 2 6 12 0 14 193
1 2 6 11 6 9 111
1 2 6 10 12 4 140
1 2 6 10 1 15 92
1 2 6 9 7 10 157
1 2 6 8 13 5 174
1 2 6 8 2 16 173
1 2 6 7 19 0 50
1 2 6 7 8 11 20
1 2 6 6 14 6 40
1 2 6 6 3 17 67
1 2 6 5 20 1 83
1 2 6 5 9 12 139
1 2 6 4 15 7 56
1 2 6 4 4 18 110
1 2 6 3 21 2 28
1 2 6 3 10 13 56
1 2 6 2 16 8 90
1 2 6 2 5 19 18
1 2 6 1 22 3 184
1 2 6 1 11 14 132
1 2 6 1 0 25 132
1 2 6 0 17 9 33
1 2 6 0 6 20 140
1 2 5 24 3 0 169
1 2 5 22 4 1 73
1 2 5 20 5 2 163
1 2 5 19 0 8 135
1 2 5 18 6 3 178
1 2 5 17 1 9 16
1 2 5 16 7 4 50
1 2 5 15 2 10 56
1 2 5 14 8 5 172
1 2 5 13 14 0 56
1 2 5 13 3 11 171
1 2 5 12 9 6 110
1 2 5 11 15 1 58
1 2 5 11 4 12 158
1 2 5 10 10 7 66
1 2 5 9 16 2 194
1 2 5 9 5 13 39
1 2 5 8 11 8 140
1 2 5 8 0 19 14
1 2 5 7 17 3 117
1 2 5 7 6 14 57
1 2 5 6 12 9 36
1 2 5 6 1 20 25
1 2 5 5 18 4 145
1 2 5 5 7 15 57
1 2 5 4 13 10 135
1 2 5 4 2 21 23
1 2 5 3 19 5 80
1 2 5 3 8 16 118
1 2 5 2 25 0 177
1 2 5 2 3 22 93
1 2 5 1 20 6 31
1 2 5 1 9 17 10
1 2 5 0 26 1 18
1 2 5 0 15 12 7
1 2 5 0 4 23 175
1 2 4 26 0 2 9
1 2 4 24 1 3 3
1 2 4 22 2 4 143
1 2 4 20 3 5 181
1 2 4 19 9 0 120
1 2 4 18 4 6 4
1 2 4 17 10 1 153
1 2 4 16 5 7 106
1 2 4 15 11 2 107
1 2 4 15 0 13 63
1 2 4 14 6 8 168
1 2 4 13 12 3 40
1 2 4 13 1 14 16
1 2 4 12 7 9 15
1 2 4 11 13 4 74
1 2 4 11 2 15 106
1 2 4 10 8 10 127
1 2 4 9 14 5 61
1 2 4 9 3 16 170
1 2 4 8 20 0 41
1 2 4 8 9 11 85
1 2 4 7 15 6 144
1 2 4 7 4 17 119
1 2 4 6 21 1 3
1 2 4 6 10 12 77
1 2 4 5 16 7 110
1 2 4 5 5 18 114
1 2 4 4 22 2 61
1 2 4 4 11 13 126
1 2 4 3 17 8 32
1 2 4 3 6 19 89
1 2 4 2 23 3 17
1 2 4 2 12 14 139
1 2 4 2 1 25 192
1 2 4 1 18 9 1
1 2 4 1 7 20 78
1 2 4 0 24 4 158
1 2 4 0 13 15 79
1 2 4 0 2 26 59
1 2 3 25 4 0 173
1 2 3 23 5 1 180
1 2 3 22 0 7 110
1 2 3 21 6 2 50
1 2 3 20 1 8 133
1 2 3 19 7 3 118
1 2 3 18 2 9 115
1 2 3 17 8 4 93
1 2 3 16 3 10 128
1 2 3 15 9 5 41
1 2 3 14 15 0 196
1 2 3 14 4 11 76
1 2 3 13 10 6 90
1 2 3 12 16 1 53
1 2 3 12 5 12 1
1 2 3 11 11 7 8
1 2 3 11 0 18 58
1 2 3 10 17 2 24
1 2 3 10 6 13 30
1 2 3 9 12 8 35
1 2 3 9 1 19 193
1 2 3 8 18 3 166
1 2 3 8 7 14 112
1 2 3 7 13 9 163
1 2 3 7 2 20 93
1 2 3 6 19 4 81
1 2 3 6 8 15 32
1 2 3 5 14 10 66
1 2 3 5 3 21 85
1 2 3 4 20 5 67
1 2 3 4 9 16 189
1 2 3 3 26 0 79
1 2 3 3 15 11 10
1 2 3 3 4 22 96
1 2 3 2 21 6 162
1 2 3 2 10 17 66
1 2 3 1 27 1 119
1 2 3 1 16 12 71
1 2 3 1 5 23 198
1 2 3 0 22 7 85
1 2 3 0 11 18 191
1 2 3 0 0 29 152
1 2 2 29 0 1 10
1 2 2 27 1 2 136
1 2 2 25 2 3 6
1 2 2 23 3 4 181
1 2 2 21 4 5 11
1 2 2 20 10 0 137
1 2 2 19 5 6 156
1 2 2 18 11 1 1
1 2 2 18 0 12 87
1 2 2 17 6 7 97
1 2 2 16 12 2 123
1 2 2 16 1 13 187
1 2 2 15 7 8 105
1 2 2 14 13 3 185
1 2 2 14 2 14 119
1 2 2 13 8 9 36
1 2 2 12 14 4 27
1 2 2 12 3 15 103
1 2 2 11 9 10 101
1 2 2 10 15 5 99
1 2 2 10 4 16 97
1 2 2 9 21 0 183
1 2 2 9 10 11 76
1 2 2 8 16 6 191
1 2 2 8 5 17 84
1 2 2 7 22 1 156
1 2 2 7 11 12 76
1 2 2 7 0 23 5
1 2 2 6 17 7 115
1 2 2 6 6 18 5
1 2 2 5 23 2 62
1 2 2 5 12 13 65
1 2 2 5 1 24 31
1 2 2 4 18 8 66
1 2 2 4 7 19 70
1 2 2 3 24 3 159
1 2 2 3 13 14 160
1 2 2 3 2 25 189
1 2 2 2 19 9 19
1 2 2 2 8 20 10
1 2 2 1 25 4 78
1 2 2 1 14 15 93
1 2 2 1 3 26 35
1 2 2 0 20 10 92
1 2 2 0 9 21 109
1 2 1 26 5 0 21
1 2 1 25 0 6 148
1 2 1 24 6 1 81
1 2 1 23 1 7 162
1 2 1 22 7 2 32
1 2 1 21 2 8 23
1 2 1 20 8 3 168
1 2 1 19 3 9 175
1 2 1 18 9 4 160
1 2 1 17 4 10 6
1 2 1 16 10 5 36
1 2 1 15 16 0 68
1 2 1 15 5 11 139
1 2 1 14 11 6 13
1 2 1 14 0 17 132
1 2 1 13 17 1 8
1 2 1 13 6 12 164
1 2 1 12 12 7 148
1 2 1 12 1 18 197
1 2 1 11 18 2 85
1 2 1 11 7 13 77
1 2 1 10 13 8 111
1 2 1 10 2 19 116
1 2 1 9 19 3 78
1 2 1 9 8 14 34
1 2 1 8 14 9 85
1 2 1 8 3 20 90
1 2 1 7 20 4 40
1 2 1 7 9 15 43
1 2 1 6 15 10 159
1 2 1 6 4 21 53
1 2 1 5 21 5 170
1 2 1 5 10 16 44
1 2 1 4 27 0 151
1 2 1 4 16 11 191
1 2 1 4 5 22 102
1 2 1 3 22 6 86
1 2 1 3 11 17 99
1 2 1 3 0 28 137
1 2 1 2 28 1 65
1 2 1 2 17 12 32
1 2 1 2 6 23 99
1 2 1 1 23 7 88
1 2 1 1 12 18 16
1 2 1 1 1 29 129
1 2 1 0 29 2 48
1 2 1 0 18 13 100
1 2 1 0 7 24 159
1 2 0 32 0 0 31
1 2 0 30 1 1 2
1 2 0 28 2 2 188
1 2 0 26 3 3 87
1 2 0 24 4 4 110
1 2 0 22 5 5 191
1 2 0 21 11 0 103
1 2 0 21 0 11 188
1 2 0 20 6 6 150
1 2 0 19 12 1 119
1 2 0 19 1 12 7
1 2 0 18 7 7 36
1 2 0 17 13 2 101
1 2 0 17 2 13 174
1 2 0 16 8 8 149
1 2 0 15 14 3 14
1 2 0 15 3 14 109
1 2 0 14 9 9 197
1 2 0 13 15 4 50
1 2 0 13 4 15 38
1 2 0 12 10 10 87
1 2 0 11 16 5 184
1 2 0 11 5 16 75
1 2 0 10 22 0 105
1 2 0 10 11 11 147
1 2 0 10 0 22 144
1 2 0 9 17 6 65
1 2 0 9 6 17 107
1 2 0 8 23 1 50
1 2 0 8 12 12 25
1 2 0 8 1 23 44
1 2 0 7 18 7 185
1 2 0 7 7 18 4
1 2 0 6 24 2 77
1 2 0 6 13 13 138
1 2 0 6 2 24 157
1 2 0 5 19 8 193
1 2 0 5 8 19 145
1 2 0 4 25 3 113
1 2 0 4 14 14 50
1 2 0 4 3 25 13
1 2 0 3 20 9 53
1 2 0 3 9 20 93
1 2 0 2 26 4 33
1 2 0 2 15 15 185
1 2 0 2 4 26 50
1 2 0 1 10 21 111
1 2 0 0 27 5 112
1 2 0 0 16 16 63
1 2 0 0 5 27 99
1 1 30 2 0 1 60
1 1 30 0 1 2 190
1 1 28 5 0 0 62
1 1 28 3 1 1 181
1 1 28 1 2 2 145
1 1 27 1 0 5 186
1 1 27 0 6 0 50
1 1 26 6 1 0 94
1 1 26 4 2 1 59
1 1 26 2 3 2 29
1 1 26 0 4 3 195
1 1 25 4 0 4 63
1 1 25 2 1 5 198
1 1 25 1 7 0 16
1 1 25 0 2 6 108
1 1 24 7 2 0 189
1 1 24 5 3 1 40
1 1 24 3 4 2 100
1 1 24 1 5 3 62
1 1 24 0 0 9 115
1 1 23 7 0 3 188
1 1 23 5 1 4 32
1 1 23 3 2 5 69
1 1 23 2 8 0 128
1 1 23 1 3 6 9
1 1 23 0 9 1 186
1 1 22 8 3 0 177
1 1 22 6 4 1 91
1 1 22 4 5 2 191
1 1 22 3 0 8 77
1 1 22 2 6 3 40
1 1 22 1 1 9 141
1 1 22 0 7 4 172
1 1 21 10 0 2 55
1 1 21 8 1 3 24
1 1 21 6 2 4 64
1 1 21 4 3 5 74
1 1 21 3 9 0 133
1 1 21 2 4 6 33
1 1 21 1 10 1 179
1 1 21 0 5 7 167
1 1 20 9 4 0 8
1 1 20 7 5 1 52
1 1 20 6 0 7 64
1 1 20 5 6 2 34
1 1 20 4 1 8 186
1 1 20 3 7 3 50
1 1 20 2 2 9 15
1 1 20 1 8 4 149
1 1 20 0 3 10 12
1 1 19 13 0 1 103
1 1 19 11 1 2 64
1 1 19 9 2 3 185
1 1 19 7 3 4 107
1 1 19 5 4 5 153
1 1 19 4 10 0 64
1 1 19 3 5 6 148
1 1 19 2 11 1 76
1 1 19 2 0 12 39
1 1 19 1 6 7 113
1 1 19 0 12 2 58
1 1 19 0 1 13 101
1 1 18 10 5 0 154
1 1 18 9 0 6 132
1 1 18 8 6 1 124
1 1 18 7 1 7 175
1 1 18 6 7 2 87
1 1 18 5 2 8 39
1 1 18 4 8 3 16
1 1 18 3 3 9 157
1 1 18 2 9 4 113
1 1 18 1 4 10 12
1 1 18 0 10 5 90
1 1 17 16 0 0 94
1 1 17 14 1 1 164
1 1 17 12 2 2 62
1 1 17 10 3 3 58
1 1 17 8 4 4 81
1 1 17 6 5 5 32
1 1 17 5 11 0 177
1 1 17 5 0 11 85
1 1 17 4 6 6 70
1 1 17 3 12 1 45
1 1 17 3 1 12 46
1 1 17 2 7 7 5
1 1 17 1 13 2 85
1 1 17 1 2 13 85
1 1 17 0 8 8 77
1 1 16 12 0 5 97
1 1 16 11 6 0 175
1 1 16 10 1 6 93
1 1 16 9 7 1 144
1 1 16 8 2 7 116
1 1 16 7 8 2 81
1 1 16 6 3 8 53
1 1 16 5 9 3 183
1 1 16 4 4 9 58
1 1 16 3 10 4 88
1 1 16 2 5 10 18
1 1 16 1 11 5 6
1 1 16 1 0 16 146
1 1 16 0 17 0 123
1 1 16 0 6 11 195
1 1 15 17 1 0 145
1 1 15 15 2 1 110
1 1 15 13 3 2 42
1 1 15 11 4 3 82
1 1 15 9 5 4 100
1 1 15 8 0 10 8
1 1 15 7 6 5 186
1 1 15 6 12 0 163
1 1 15 6 1 11 49
1 1 15 5 7 6 37
1 1 15 4 13 1 98
1 1 15 4 2 12 99
1 1 15 3 8 7 115
1 1 15 2 14 2 148
1 1 15 2 3 13 130
1 1 15 1 9 8 134
1 1 15 0 15 3 70
1 1 15 0 4 14 24
1 1 14 15 0 4 5
1 1 14 13 1 5 184
1 1 14 12 7 0 67
1 1 14 11 2 6 145
1 1 14 10 8 1 90
1 1 14 9 3 7 65
1 1 14 8 9 2 196
1 1 14 7 4 8 77
1 1 14 6 10 3 48
1 1 14 5 5 9 143
1 1 14 4 11 4 108
1 1 14 4 0 15 110
1 1 14 3 6 10 141
1 1 14 2 12 5 181
1 1 14 2 1 16 91
1 1 14 1 18 0 120
1 1 14 1 7 11 185
1 1 14 0 13 6 125
1 1 14 0 2 17 118
1 1 13 18 2 0 138
1 1 13 16 3 1 5
1 1 13 14 4 2 140
1 1 13 12 5 3 33
1 1 13 11 0 9 51
1 1 13 10 6 4 19
1 1 13 9 1 10 109
1 1 13 8 7 5 100
1 1 13 7 13 0 69
1 1 13 7 2 11 2
1 1 13 6 8 6 158
1 1 13 5 14 1 157
1 1 13 5 3 12 6
1 1 13 3 15 2 73
1 1 13 3 4 13 110
1 1 13 2 10 8 87
1 1 13 1 16 3 95
1 1 13 1 5 14 72
1 1 13 0 11 9 23
1 1 13 0 0 20 29
1 1 12 18 0 3 60
1 1 12 16 1 4 134
1 1 12 14 2 5 40
1 1 12 13 8 0 142
1 1 12 12 3 6 81
1 1 12 11 9 1 72
1 1 12 10 4 7 161
1 1 12 9 10 2 172
1 1 12 8 5 8 73
1 1 12 7 11 3 99
1 1 12 7 0 14 191
1 1 12 6 6 9 164
1 1 12 5 12 4 74
1 1 12 5 1 15 160
1 1 12 4 7 10 149
1 1 12 3 13 5 71
1 1 12 3 2 16 40
1 1 12 2 19 0 48
1 1 12 2 8 11 187
1 1 12 1 14 6 143
1 1 12 1 3 17 91
1 1 12 0 20 1 144
1 1 12 0 9 12 118
1 1 11 19 3 0 104
1 1 11 17 4 1 80
1 1 11 15 5 2 129
1 1 11 14 0 8 189
1 1 11 13 6 3 87
1 1 11 12 1 9 128
1 1 11 11 7 4 169
1 1 11 10 2 10 76
1 1 11 9 8 5 191
1 1 11 8 14 0 80
1 1 11 8 3 11 4
1 1 11 7 9 6 176
1 1 11 6 15 1 37
1 1 11 6 4 12 193
1 1 11 5 10 7 155
1 1 11 4 16 2 105
1 1 11 4 5 13 80
1 1 11 3 11 8 62
1 1 11 3 0 19 48
1 1 11 2 17 3 41
1 1 11 2 6 14 190
1 1 11 1 12 9 61
1 1 11 1 1 20 169
1 1 11 0 18 4 186
1 1 11 0 7 15 131
1 1 10 21 0 2 29
1 1 10 19 1 3 94
1 1 10 17 2 4 176
1 1 10 15 3 5 83
1 1 10 14 9 0 133
1 1 10 13 4 6 35
1 1 10 12 10 1 50
1 1 10 11 5 7 36
1 1 10 10 11 2 183
1 1 10 10 0 13 36
1 1 10 9 6 8 177
1 1 10 8 12 3 11
1 1 10 8 1 14 187
1 1 10 7 7 9 10
1 1 10 6 13 4 144
1 1 10 6 2 15 107
1 1 10 5 8 10 57
1 1 10 4 14 5 161
1 1 10 4 3 16 18
1 1 10 3 20 0 160
1 1 10 3 9 11 183
1 1 10 2 15 6 101
1 1 10 2 4 17 63
1 1 10 1 21 1 169
1 1 10 1 10 12 86
1 1 10 0 16 7 171
1 1 10 0 5 18 72
1 1 9 20 4 0 143
1 1 9 18 5 1 49
1 1 9 17 0 7 84
1 1 9 16 6 2 100
1 1 9 15 1 8 123
1 1 9 14 7 3 111
1 1 9 13 2 9 105
1 1 9 12 8 4 63
1 1 9 11 3 10 129
1 1 9 10 9 5 183
1 1 9 9 15 0 178
1 1 9 9 4 11 36
1 1 9 8 10 6 7
1 1 9 7 16 1 7
1 1 9 7 5 12 76
1 1 9 6 11 7 66
1 1 9 6 0 18 3
1 1 9 5 17 2 153
1 1 9 5 6 13 178
1 1 9 4 12 8 168
1 1 9 4 1 19 108
1 1 9 3 18 3 128
1 1 9 3 7 14 12
1 1 9 2 13 9 71
1 1 9 2 2 20 60
1 1 9 1 19 4 101
1 1 9 1 8 15 154
1 1 9 0 14 10 26
1 1 9 0 3 21 78
1 1 8 24 0 1 6
1 1 8 22 1 2 21
1 1 8 20 2 3 24
1 1 8 18 3 4 60
1 1 8 16 4 5 47
1 1 8 15 10 0 62
1 1 8 14 5 6 195
1 1 8 13 11 1 40
1 1 8 13 0 12 99
1 1 8 12 6 7 180
1 1 8 11 12 2 100
1 1 8 11 1 13 165
1 1 8 10 7 8 172
1 1 8 9 13 3 95
1 1 8 9 2 14 52
1 1 8 8 8 9 178
1 1 8 7 14 4 117
1 1 8 7 3 15 27
1 1 8 6 9 10 144
1 1 8 5 15 5 197
1 1 8 5 4 16 86
1 1 8 4 21 0 2
1 1 8 4 10 11 21
1 1 8 3 16 6 106
1 1 8 3 5 17 111
1 1 8 2 22 1 32
1 1 8 2 11 12 81
1 1 8 2 0 23 171
1 1 8 1 17 7 170
1 1 8 1 6 18 163
1 1 8 0 23 2 155
1 1 8 0 12 13 147
1 1 8 0 1 24 170
1 1 7 21 5 0 166
1 1 7 20 0 6 151
1 1 7 19 6 1 33
1 1 7 18 1 7 89
1 1 7 17 7 2 161
1 1 7 16 2 8 46
1 1 7 15 8 3 169
1 1 7 14 3 9 165
1 1 7 13 9 4 111
1 1 7 12 4 10 156
1 1 7 11 10 5 123
1 1 7 10 16 0 71
1 1 7 10 5 11 10
1 1 7 9 11 6 177
1 1 7 9 0 17 179
1 1 7 8 17 1 104
1 1 7 8 6 12 116
1 1 7 7 12 7 70
1 1 7 7 1 18 177
1 1 7 6 18 2 6
1 1 7 6 7 13 91
1 1 7 5 13 8 49
1 1 7 5 2 19 127
1 1 7 4 19 3 36
1 1 7 4 8 14 18
1 1 7 3 14 9 96
1 1 7 3 3 20 82
1 1 7 2 20 4 48
1 1 7 2 9 15 80
1 1 7 1 15 10 70
1 1 7 1 4 21 21
1 1 7 0 21 5 45
1 1 7 0 10 16 102
1 1 6 27 0 0 193
1 1 6 25 1 1 195
1 1 6 23 2 2 175
1 1 6 21 3 3 110
1 1 6 19 4 4 150
1 1 6 17 5 5 83
1 1 6 16 11 0 62
1 1 6 16 0 11 180
1 1 6 15 6 6 75
1 1 6 14 12 1 50
1 1 6 14 1 12 19
1 1 6 13 7 7 71
1 1 6 12 13 2 74
1 1 6 12 2 13 127
1 1 6 11 8 8 35
1 1 6 10 14 3 67
1 1 6 10 3 14 127
1 1 6 9 9 9 14
1 1 6 8 15 4 32
1 1 6 8 4 15 125
1 1 6 7 10 10 105
1 1 6 6 16 5 20
1 1 6 6 5 16 39
1 1 6 5 22 0 171
1 1 6 5 11 11 188
1 1 6 5 0 22 195
1 1 6 4 17 6 55
1 1 6 4 6 17 79
1 1 6 3 23 1 35
1 1 6 3 12 12 125
1 1 6 3 1 23 83
1 1 6 2 18 7 6
1 1 6 2 7 18 81
1 1 6 1 24 2 71
1 1 6 1 13 13 21
1 1 6 1 2 24 136
1 1 6 0 19 8 167
1 1 6 0 8 19 147
1 1 5 23 0 5 53
1 1 5 22 6 0 149
1 1 5 21 1 6 185
1 1 5 20 7 1 2
1 1 5 19 2 7 182
1 1 5 18 8 2 47
1 1 5 17 3 8 110
1 1 5 16 9 3 93
1 1 5 15 4 9 13
1 1 5 14 10 4 82
1 1 5 13 5 10 55
1 1 5 12 11 5 149
1 1 5 12 0 16 66
1 1 5 11 17 0 63
1 1 5 11 6 11 105
1 1 5 10 12 6 175
1 1 5 10 1 17 42
1 1 5 9 18 1 51
1 1 5 9 7 12 123
1 1 5 8 13 7 150
1 1 5 8 2 18 167
1 1 5 7 19 2 116
1 1 5 7 8 13 197
1 1 5 6 14 8 3
1 1 5 6 3 19 14
1 1 5 5 20 3 64
1 1 5 5 9 14 174
1 1 5 4 15 9 74
1 1 5 4 4 20 147
1 1 5 3 21 4 49
1 1 5 3 10 15 163
1 1 5 2 16 10 138
1 1 5 2 5 21 108
1 1 5 1 22 5 165
1 1 5 1 11 16 120
1 1 5 1 0 27 181
1 1 5 0 28 0 136
1 1 5 0 17 11 142
1 1 5 0 6 22 124
1 1 4 28 1 0 18
1 1 4 26 2 1 173
1 1 4 24 3 2 117
1 1 4 22 4 3 86
1 1 4 20 5 4 40
1 1 4 19 0 10 14
1 1 4 18 6 5 176
1 1 4 17 12 0 66
1 1 4 17 1 11 57
1 1 4 16 7 6 90
1 1 4 15 13 1 20
1 1 4 15 2 12 178
1 1 4 14 8 7 139
1 1 4 13 14 2 160
1 1 4 13 3 13 18
1 1 4 12 9 8 106
1 1 4 11 15 3 129
1 1 4 11 4 14 176
1 1 4 10 10 9 184
1 1 4 9 16 4 158
1 1 4 9 5 15 164
1 1 4 8 11 10 158
1 1 4 8 0 21 78
1 1 4 7 17 5 6
1 1 4 7 6 16 41
1 1 4 6 23 0 107
1 1 4 6 12 11 170
1 1 4 6 1 22 144
1 1 4 5 18 6 112
1 1 4 5 7 17 175
1 1 4 4 24 1 55
1 1 4 4 13 12 60
1 1 4 4 2 23 24
1 1 4 3 19 7 41
1 1 4 3 8 18 146
1 1 4 2 25 2 94
1 1 4 2 14 13 61
1 1 4 2 3 24 88
1 1 4 1 20 8 49
1 1 4 1 9 19 53
1 1 4 0 26 3 4
1 1 4 0 15 14 120
1 1 4 0 4 25 37
1 1 3 26 0 4 118
1 1 3 24 1 5 8
1 1 3 23 7 0 161
1 1 3 22 2 6 143
1 1 3 21 8 1 181
1 1 3 20 3 7 99
1 1 3 19 9 2 97
1 1 3 18 4 8 149
1 1 3 17 10 3 149
1 1 3 16 5 9 22
1 1 3 15 11 4 40
1 1 3 15 0 15 159
1 1 3 14 6 10 26
1 1 3 13 12 5 84
1 1 3 13 1 16 170
1 1 3 12 18 0 44
1 1 3 12 7 11 104
1 1 3 11 13 6 185
1 1 3 11 2 17 52
1 1 3 10 19 1 136
1 1 3 10 8 12 197
1 1 3 9 14 7 33
1 1 3 9 3 18 27
1 1 3 8 20 2 79
1 1 3 8 9 13 116
1 1 3 7 15 8 12
1 1 3 7 4 19 180
1 1 3 6 21 3 186
1 1 3 6 10 14 80
1 1 3 5 16 9 137
1 1 3 5 5 20 167
1 1 3 4 22 4 101
1 1 3 4 11 15 177
1 1 3 4 0 26 94
1 1 3 3 17 10 41
1 1 3 3 6 21 17
1 1 3 2 23 5 91
1 1 3 2 12 16 86
1 1 3 2 1 27 13
1 1 3 1 29 0 110
1 1 3 1 18 11 99
1 1 3 1 7 22 140
1 1 3 0 24 6 106
1 1 3 0 13 17 19
1 1 3 0 2 28 83
1 1 2 29 2 0 26
1 1 2 27 3 1 153
1 1 2 25 4 2 89
1 1 2 23 5 3 182
1 1 2 22 0 9 125
1 1 2 21 6 4 76
1 1 2 20 1 10 41
1 1 2 19 7 5 15
1 1 2 18 13 0 22
1 1 2 18 2 11 168
1 1 2 17 8 6 190
1 1 2 16 14 1 24
1 1 2 16 3 12 86
1 1 2 15 9 7 11
1 1 2 14 15 2 151
1 1 2 14 4 13 103
1 1 2 13 10 8 101
1 1 2 12 16 3 131
1 1 2 12 5 14 67
1 1 2 11 11 9 52
1 1 2 11 0 20 20
1 1 2 10 17 4 13
1 1 2 10 6 15 197
1 1 2 9 12 10 2
1 1 2 9 1 21 147
1 1 2 8 18 5 53
1 1 2 8 7 16 14
1 1 2 7 24 0 39
1 1 2 7 13 11 60
1 1 2 7 2 22 168
1 1 2 6 19 6 140
1 1 2 6 8 17 34
1 1 2 5 25 1 194
1 1 2 5 14 12 76
1 1 2 5 3 23 90
1 1 2 4 20 7 60
1 1 2 4 9 18 57
1 1 2 3 26 2 179
1 1 2 3 15 13 169
1 1 2 3 4 24 118
1 1 2 2 21 8 75
1 1 2 2 10 19 79
1 1 2 1 27 3 116
1 1 2 1 16 14 189
1 1 2 1 5 25 97
1 1 2 0 22 9 89
1 1 2 0 11 20 59
1 1 2 0 0 31 133
1 1 1 29 0 3 144
1 1 1 27 1 4 41
1 1 1 25 2 5 105
1 1 1 23 3 6 5
1 1 1 22 9 1 125
1 1 1 21 4 7 24
1 1 1 20 10 2 77
1 1 1 19 5 8 196
1 1 1 18 11 3 49
1 1 1 18 0 14 143
1 1 1 17 6 9 104
1 1 1 16 12 4 48
1 1 1 16 1 15 50
1 1 1 15 7 10 119
1 1 1 14 13 5 145
1 1 1 14 2 16 91
1 1 1 13 19 0 91
1 1 1 13 8 11 30
1 1 1 12 14 6 55
1 1 1 12 3 17 160
1 1 1 11 20 1 149
1 1 1 11 9 12 66
1 1 1 10 15 7 110
1 1 1 10 4 18 2
1 1 1 9 21 2 5
1 1 1 9 10 13 3
1 1 1 8 16 8 1
1 1 1 8 5 19 190
1 1 1 7 22 3 174
1 1 1 7 11 14 143
1 1 1 7 0 25 11
1 1 1 6 17 9 88
1 1 1 6 6 20 174
1 1 1 5 23 4 21
1 1 1 5 12 15 116
1 1 1 5 1 26 93
1 1 1 4 18 10 171
1 1 1 4 7 21 159
1 1 1 3 24 5 83
1 1 1 3 13 16 39
1 1 1 3 2 27 145
1 1 1 2 30 0 154
1 1 1 2 19 11 41
1 1 1 2 8 22 33
1 1 1 1 25 6 189
1 1 1 1 14 17 23
1 1 1 1 3 28 163
1 1 1 0 31 1 186
1 1 1 0 20 12 164
1 1 1 0 9 23 121
1 1 0 30 3 0 170
1 1 0 28 4 1 177
1 1 0 26 5 2 55
1 1 0 25 0 8 115
1 1 0 24 6 3 129
1 1 0 23 1 9 66
1 1 0 22 7 4 155
1 1 0 21 2 10 19
1 1 0 20 8 5 171
1 1 0 19 14 0 92
1 1 0 19 3 11 22
1 1 0 18 9 6 155
1 1 0 17 15 1 94
1 1 0 17 4 12 13
1 1 0 16 10 7 110
1 1 0 15 16 2 178
1 1 0 15 5 13 56
1 1 0 14 11 8 148
1 1 0 14 0 19 126
1 1 0 13 17 3 98
1 1 0 13 6 14 12
1 1 0 12 12 9 83
1 1 0 12 1 20 114
1 1 0 11 18 4 29
1 1 0 11 7 15 162
1 1 0 10 13 10 25
1 1 0 10 2 21 41
1 1 0 9 19 5 96
1 1 0 9 8 16 138
1 1 0 8 25 0 164
1 1 0 8 14 11 29
1 1 0 8 3 22 54
1 1 0 7 20 6 44
1 1 0 7 9 17 6
1 1 0 6 26 1 182
1 1 0 6 15 12 6
1 1 0 6 4 23 172
1 1 0 5 21 7 168
1 1 0 5 10 18 141
1 1 0 4 27 2 111
1 1 0 4 16 13 119
1 1 0 4 5 24 88
1 1 0 3 22 8 146
1 1 0 3 11 19 72
1 1 0 3 0 30 108
1 1 0 2 28 3 191
1 1 0 2 17 14 52
1 1 0 2 6 25 193
1 1 0 1 23 9 64
1 1 0 1 12 20 70
1 1 0 1 1 31 188
1 1 0 0 29 4 176
1 1 0 0 18 15 128
1 1 0 0 7 26 6
1 0 32 1 1 0 180
1 0 30 0 3 1 122
1 0 29 2 0 3 187
1 0 29 0 1 4 139
1 0 28 3 3 0 133
1 0 28 1 4 1 37
1 0 27 5 0 2 87
1 0 27 3 1 3 68
1 0 27 1 2 4 19
1 0 26 4 4 0 80
1 0 26 2 5 1 138
1 0 26 1 0 7 148
1 0 26 0 6 2 45
1 0 25 8 0 1 107
1 0 25 6 1 2 2
1 0 25 4 2 3 80
1 0 25 2 3 4 114
1 0 25 0 4 5 46
1 0 24 5 5 0 20
1 0 24 4 0 6 22
1 0 24 3 6 1 10
1 0 24 2 1 7 189
1 0 24 1 7 2 12
1 0 24 0 2 8 61
1 0 23 11 0 0 25
1 0 23 9 1 1 67
1 0 23 7 2 2 99
1 0 23 5 3 3 123
1 0 23 3 4 4 137
1 0 23 1 5 5 127
1 0 23 0 11 0 187
1 0 23 0 0 11 169
1 0 22 7 0 5 79
1 0 22 6 6 0 24
1 0 22 5 1 6 130
1 0 22 4 7 1 55
1 0 22 3 2 7 105
1 0 22 2 8 2 74
1 0 22 1 3 8 190
1 0 22 0 9 3 24
1 0 21 12 1 0 91
1 0 21 10 2 1 126
1 0 21 8 3 2 107
1 0 21 6 4 3 83
1 0 21 4 5 4 89
1 0 21 3 0 10 158
1 0 21 2 6 5 13
1 0 21 1 12 0 196
1 0 21 1 1 11 91
1 0 21 0 7 6 111
1 0 20 10 0 4 77
1 0 20 8 1 5 69
1 0 20 7 7 0 148
1 0 20 6 2 6 156
1 0 20 5 8 1 49
1 0 20 4 3 7 27
1 0 20 3 9 2 190
1 0 20 2 4 8 90
1 0 20 1 10 3 165
1 0 20 0 5 9 12
1 0 19 13 2 0 166
1 0 19 11 3 1 12
1 0 19 9 4 2 33
1 0 19 7 5 3 59
1 0 19 6 0 9 44
1 0 19 5 6 4 58
1 0 19 4 1 10 54
1 0 19 3 7 5 175
1 0 19 2 13 0 26
1 0 19 1 8 6 136
1 0 19 0 14 1 10
1 0 19 0 3 12 134
1 0 18 13 0 3 159
1 0 18 11 1 4 58
1 0 18 9 2 5 39
1 0 18 8 8 0 37
1 0 18 7 3 6 73
1 0 18 6 9 1 99
1 0 18 5 4 7 121
1 0 18 4 10 2 71
1 0 18 3 5 8 57
1 0 18 2 11 3 156
1 0 18 2 0 14 22
1 0 18 1 6 9 122
1 0 18 0 12 4 110
1 0 18 0 1 15 36
1 0 17 14 3 0 138
1 0 17 12 4 1 83
1 0 17 10 5 2 108
1 0 17 9 0 8 85
1 0 17 8 6 3 4
1 0 17 7 1 9 134
1 0 17 6 7 4 71
1 0 17 5 2 10 150
1 0 17 4 8 5 104
1 0 17 3 14 0 77
1 0 17 3 3 11 23
1 0 17 2 9 6 79
1 0 17 1 15 1 17
1 0 17 1 4 12 35
1 0 17 0 10 7 188
1 0 16 16 0 2 21
1 0 16 14 1 3 147
1 0 16 12 2 4 177
1 0 16 10 3 5 196
1 0 16 9 9 0 125
1 0 16 8 4 6 50
1 0 16 7 10 1 87
1 0 16 6 5 7 116
1 0 16 5 11 2 175
1 0 16 5 0 13 88
1 0 16 4 6 8 81
1 0 16 3 12 3 96
1 0 16 3 1 14 100
1 0 16 2 7 9 129
1 0 16 1 13 4 140
1 0 16 1 2 15 52
1 0 16 0 8 10 133
1 0 15 15 4 0 182
1 0 15 13 5 1 45
1 0 15 12 0 7 12
1 0 15 11 6 2 189
1 0 15 10 1 8 191
1 0 15 9 7 3 20
1 0 15 8 2 9 15
1 0 15 7 8 4 143
1 0 15 6 3 10 34
1 0 15 5 9 5 83
1 0 15 4 15 0 99
1 0 15 4 4 11 138
1 0 15 3 10 6 53
1 0 15 2 16 1 58
1 0 15 2 5 12 129
1 0 15 1 11 7 13
1 0 15 1 0 18 15
1 0 15 0 17 2 5
1 0 15 0 6 13 100
1 0 14 19 0 1 35
1 0 14 17 1 2 64
1 0 14 15 2 3 17
1 0 14 13 3 4 139
1 0 14 11 4 5 144
1 0 14 10 10 0 131
1 0 14 9 5 6 167
1 0 14 8 11 1 141
1 0 14 8 0 12 80
1 0 14 7 6 7 83
1 0 14 6 12 2 74
1 0 14 6 1 13 64
1 0 14 5 7 8 179
1 0 14 4 13 3 104
1 0 14 4 2 14 183
1 0 14 3 8 9 131
1 0 14 2 14 4 156
1 0 14 2 3 15 163
1 0 14 1 9 10 67
1 0 14 0 15 5 143
1 0 14 0 4 16 20
1 0 13 16 5 0 1
1 0 13 15 0 6 19
1 0 13 14 6 1 79
1 0 13 13 1 7 56
1 0 13 12 7 2 167
1 0 13 11 2 8 102
1 0 13 10 8 3 118
1 0 13 9 3 9 107
1 0 13 8 9 4 29
1 0 13 7 4 10 28
1 0 13 6 10 5 144
1 0 13 5 16 0 62
1 0 13 5 5 11 44
1 0 13 4 11 6 74
1 0 13 4 0 17 169
1 0 13 3 17 1 97
1 0 13 3 6 12 86
1 0 13 2 12 7 154
1 0 13 2 1 18 33
1 0 13 1 18 2 44
1 0 13 1 7 13 103
1 0 13 0 13 8 47
1 0 13 0 2 19 83
1 0 12 22 0 0 103
1 0 12 20 1 1 10
1 0 12 18 2 2 154
1 0 12 16 3 3 9
1 0 12 14 4 4 169
1 0 12 12 5 5 54
1 0 12 11 11 0 10
1 0 12 11 0 11 130
1 0 12 10 6 6 56
1 0 12 9 12 1 17
1 0 12 9 1 12 155
1 0 12 8 7 7 35
1 0 12 7 13 2 102
1 0 12 7 2 13 59
1 0 12 6 8 8 24
1 0 12 5 14 3 86
1 0 12 5 3 14 192
1 0 12 4 9 9 168
1 0 12 3 15 4 67
1 0 12 3 4 15 195
1 0 12 2 10 10 9
1 0 12 1 16 5 1
1 0 12 1 5 16 65
1 0 12 0 22 0 23
1 0 12 0 11 11 33
1 0 12 0 0 22 52
1 0 11 18 0 5 166
1 0 11 17 6 0 14
1 0 11 16 1 6 142
1 0 11 15 7 1 6
1 0 11 14 2 7 36
1 0 11 13 8 2 36
1 0 11 12 3 8 125
1 0 11 11 9 3 73
1 0 11 10 4 9 72
1 0 11 9 10 4 143
1 0 11 8 5 10 16
1 0 11 7 11 5 105
1 0 11 7 0 16 10
1 0 11 6 17 0 1
1 0 11 6 6 11 121
1 0 11 5 12 6 177
1 0 11 5 1 17 31
1 0 11 4 18 1 101
1 0 11 4 7 12 26
1 0 11 3 13 7 103
1 0 11 3 2 18 66
1 0 11 2 19 2 175
1 0 11 2 8 13 70
1 0 11 1 14 8 139
1 0 11 1 3 19 146
1 0 11 0 20 3 161
1 0 11 0 9 14 103
1 0 10 23 1 0 15
1 0 10 21 2 1 28
1 0 10 19 3 2 25
1 0 10 17 4 3 197
1 0 10 15 5 4 12
1 0 10 14 0 10 37
1 0 10 13 6 5 141
1 0 10 12 12 0 68
1 0 10 12 1 11 106
1 0 10 11 7 6 30
1 0 10 10 13 1 68
1 0 10 10 2 12 176
1 0 10 9 8 7 3
1 0 10 8 14 2 21
1 0 10 8 3 13 130
1 0 10 7 9 8 150
1 0 10 6 15 3 42
1 0 10 6 4 14 2
1 0 10 5 10 9 25
1 0 10 4 16 4 164
1 0 10 4 5 15 61
1 0 10 3 11 10 42
1 0 10 3 0 21 143
1 0 10 2 17 5 128
1 0 10 2 6 16 69
1 0 10 1 23 0 22
1 0 10 1 12 11 100
1 0 10 1 1 22 136
1 0 10 0 18 6 63
1 0 10 0 7 17 25
1 0 9 21 0 4 108
1 0 9 19 1 5 43
1 0 9 18 7 0 25
1 0 9 17 2 6 177
1 0 9 16 8 1 6
1 0 9 15 3 7 52
1 0 9 14 9 2 52
1 0 9 13 4 8 150
1 0 9 12 10 3 9
1 0 9 11 5 9 99
1 0 9 10 11 4 178
1 0 9 10 0 15 157
1 0 9 9 6 10 174
1 0 9 8 12 5 142
1 0 9 8 1 16 117
1 0 9 7 18 0 176
1 0 9 7 7 11 78
1 0 9 6 13 6 163
1 0 9 6 2 17 162
1 0 9 5 19 1 161
1 0 9 5 8 12 102
1 0 9 4 14 7 81
1 0 9 4 3 18 148
1 0 9 3 20 2 115
1 0 9 3 9 13 143
1 0 9 2 15 8 106
1 0 9 2 4 19 126
1 0 9 1 21 3 15
1 0 9 1 10 14 164
1 0 9 0 16 9 18
1 0 9 0 5 20 185
1 0 8 24 2 0 87
1 0 8 22 3 1 117
1 0 8 20 4 2 69
1 0 8 18 5 3 38
1 0 8 17 0 9 182
1 0 8 16 6 4 110
1 0 8 15 1 10 13
1 0 8 14 7 5 101
1 0 8 13 13 0 24
1 0 8 13 2 11 129
1 0 8 12 8 6 125
1 0 8 11 14 1 192
1 0 8 11 3 12 98
1 0 8 10 9 7 193
1 0 8 9 15 2 26
1 0 8 9 4 13 27
1 0 8 8 10 8 44
1 0 8 7 16 3 5
1 0 8 7 5 14 68
1 0 8 6 11 9 111
1 0 8 6 0 20 34
1 0 8 5 17 4 77
1 0 8 5 6 15 73
1 0 8 4 12 10 169
1 0 8 4 1 21 180
1 0 8 3 18 5 124
1 0 8 3 7 16 10
1 0 8 2 24 0 196
1 0 8 2 13 11 161
1 0 8 2 2 22 149
1 0 8 1 19 6 24
1 0 8 1 8 17 118
1 0 8 0 25 1 167
1 0 8 0 14 12 166
1 0 8 0 3 23 150
1 0 7 24 0 3 59
1 0 7 22 1 4 172
1 0 7 20 2 5 160
1 0 7 19 8 0 194
1 0 7 18 3 6 122
1 0 7 17 9 1 29
1 0 7 16 4 7 133
1 0 7 15 10 2 74
1 0 7 14 5 8 160
1 0 7 13 11 3 100
1 0 7 13 0 14 184
1 0 7 12 6 9 94
1 0 7 11 12 4 79
1 0 7 11 1 15 70
1 0 7 10 7 10 2
1 0 7 9 13 5 79
1 0 7 9 2 16 68
1 0 7 8 19 0 14
1 0 7 8 8 11 180
1 0 7 7 14 6 75
1 0 7 7 3 17 70
1 0 7 6 20 1 28
1 0 7 6 9 12 166
1 0 7 5 15 7 191
1 0 7 5 4 18 167
1 0 7 4 21 2 52
1 0 7 4 10 13 20
1 0 7 3 16 8 2
1 0 7 3 5 19 139
1 0 7 2 22 3 83
1 0 7 2 11 14 149
1 0 7 2 0 25 29
1 0 7 1 17 9 146
1 0 7 1 6 20 129
1 0 7 0 23 4 111
1 0 7 0 12 15 10
1 0 7 0 1 26 52
1 0 6 25 3 0 195
1 0 6 23 4 1 42
1 0 6 21 5 2 32
1 0 6 20 0 8 168
1 0 6 19 6 3 128
1 0 6 18 1 9 84
1 0 6 17 7 4 162
1 0 6 16 2 10 139
1 0 6 15 8 5 120
1 0 6 14 14 0 139
1 0 6 14 3 11 36
1 0 6 13 9 6 148
1 0 6 12 15 1 158
1 0 6 12 4 12 43
1 0 6 11 10 7 82
1 0 6 10 16 2 39
1 0 6 10 5 13 144
1 0 6 9 11 8 156
1 0 6 9 0 19 162
1 0 6 8 17 3 73
1 0 6 8 6 14 110
1 0 6 7 12 9 32
1 0 6 7 1 20 131
1 0 6 6 18 4 132
1 0 6 6 7 15 57
1 0 6 5 13 10 162
1 0 6 5 2 21 157
1 0 6 4 19 5 94
1 0 6 4 8 16 25
1 0 6 3 25 0 58
1 0 6 3 14 11 58
1 0 6 3 3 22 171
1 0 6 2 20 6 133
1 0 6 2 9 17 27
1 0 6 1 26 1 83
1 0 6 1 15 12 55
1 0 6 1 4 23 60
1 0 6 0 21 7 17
1 0 6 0 10 18 189
1 0 5 27 0 2 83
1 0 5 25 1 3 65
1 0 5 23 2 4 73
1 0 5 21 3 5 156
1 0 5 20 9 0 145
1 0 5 19 4 6 148
1 0 5 18 10 1 159
1 0 5 17 5 7 88
1 0 5 16 11 2 57
1 0 5 16 0 13 190
1 0 5 15 6 8 93
1 0 5 14 12 3 9
1 0 5 14 1 14 3
1 0 5 13 7 9 50
1 0 5 12 13 4 196
1 0 5 12 2 15 115
1 0 5 11 8 10 77
1 0 5 10 14 5 125
1 0 5 10 3 16 94
1 0 5 9 20 0 87
1 0 5 9 9 11 166
1 0 5 8 15 6 83
1 0 5 8 4 17 46
1 0 5 7 21 1 102
1 0 5 7 10 12 96
1 0 5 6 16 7 26
1 0 5 6 5 18 94
1 0 5 5 22 2 193
1 0 5 5 11 13 65
1 0 5 5 0 24 161
1 0 5 4 17 8 139
1 0 5 4 6 19 138
1 0 5 3 23 3 184
1 0 5 3 12 14 51
1 0 5 3 1 25 141
1 0 5 2 18 9 59
1 0 5 2 7 20 159
1 0 5 1 24 4 153
1 0 5 1 13 15 188
1 0 5 1 2 26 82
1 0 5 0 19 10 21
1 0 5 0 8 21 3
1 0 4 26 4 0 36
1 0 4 24 5 1 151
1 0 4 23 0 7 120
1 0 4 22 6 2 58
1 0 4 21 1 8 103
1 0 4 20 7 3 126
1 0 4 19 2 9 15
1 0 4 18 8 4 84
1 0 4 17 3 10 194
1 0 4 16 9 5 28
1 0 4 15 15 0 187
1 0 4 15 4 11 58
1 0 4 14 10 6 117
1 0 4 13 16 1 137
1 0 4 13 5 12 59
1 0 4 12 11 7 179
1 0 4 12 0 18 157
1 0 4 11 17 2 180
1 0 4 11 6 13 7
1 0 4 10 12 8 142
1 0 4 10 1 19 24
1 0 4 9 18 3 115
1 0 4 9 7 14 196
1 0 4 8 13 9 144
1 0 4 8 2 20 190
1 0 4 7 19 4 7
1 0 4 7 8 15 41
1 0 4 6 14 10 165
1 0 4 6 3 21 104
1 0 4 5 20 5 125
1 0 4 5 9 16 180
1 0 4 4 26 0 150
1 0 4 4 15 11 64
1 0 4 4 4 22 76
1 0 4 3 21 6 178
1 0 4 3 10 17 79
1 0 4 2 27 1 58
1 0 4 2 16 12 146
1 0 4 2 5 23 83
1 0 4 1 22 7 109
1 0 4 1 11 18 190
1 0 4 1 0 29 87
1 0 4 0 28 2 192
1 0 4 0 17 13 113
1 0 4 0 6 24 65
1 0 3 30 0 1 12
1 0 3 28 1 2 3
1 0 3 26 2 3 127
1 0 3 24 3 4 157
1 0 3 22 4 5 73
1 0 3 21 10 0 184
1 0 3 20 5 6 120
1 0 3 19 11 1 37
1 0 3 19 0 12 89
1 0 3 18 6 7 56
1 0 3 17 12 2 12
1 0 3 17 1 13 33
1 0 3 16 7 8 40
1 0 3 15 13 3 11
1 0 3 15 2 14 107
1 0 3 14 8 9 91
1 0 3 13 14 4 4
1 0 3 13 3 15 87
1 0 3 12 9 10 187
1 0 3 11 15 5 11
1 0 3 11 4 16 165
1 0 3 10 21 0 42
1 0 3 10 10 11 12
1 0 3 9 16 6 171
1 0 3 9 5 17 96
1 0 3 8 22 1 109
1 0 3 8 11 12 143
1 0 3 8 0 23 178
1 0 3 7 17 7 17
1 0 3 7 6 18 157
1 0 3 6 23 2 116
1 0 3 6 12 13 158
1 0 3 6 1 24 62
1 0 3 5 18 8 127
1 0 3 5 7 19 129
1 0 3 4 24 3 88
1 0 3 4 13 14 86
1 0 3 4 2 25 93
1 0 3 3 19 9 23
1 0 3 3 8 20 144
1 0 3 2 25 4 156
1 0 3 2 14 15 40
1 0 3 2 3 26 96
1 0 3 1 20 10 194
1 0 3 1 9 21 171
1 0 3 0 26 5 120
1 0 3 0 15 16 132
1 0 3 0 4 27 156
1 0 2 27 5 0 86
1 0 2 26 0 6 25
1 0 2 25 6 1 141
1 0 2 24 1 7 120
1 0 2 23 7 2 18
1 0 2 22 2 8 70
1 0 2 21 8 3 86
1 0 2 20 3 9 17
1 0 2 19 9 4 14
1 0 2 18 4 10 198
1 0 2 17 10 5 121
1 0 2 16 16 0 150
1 0 2 16 5 11 143
1 0 2 15 11 6 48
1 0 2 15 0 17 103
1 0 2 14 17 1 92
1 0 2 14 6 12 88
1 0 2 13 12 7 51
1 0 2 13 1 18 29
1 0 2 12 18 2 179
1 0 2 12 7 13 179
1 0 2 11 13 8 131
1 0 2 11 2 19 23
1 0 2 10 19 3 181
1 0 2 10 8 14 143
1 0 2 9 14 9 182
1 0 2 9 3 20 167
1 0 2 8 20 4 132
1 0 2 8 9 15 49
1 0 2 7 15 10 29
1 0 2 7 4 21 124
1 0 2 6 21 5 175
1 0 2 6 10 16 28
1 0 2 5 27 0 38
1 0 2 5 16 11 9
1 0 2 5 5 22 80
1 0 2 4 22 6 116
1 0 2 4 11 17 28
1 0 2 4 0 28 67
1 0 2 3 28 1 35
1 0 2 3 17 12 128
1 0 2 3 6 23 153
1 0 2 2 23 7 108
1 0 2 2 12 18 6
1 0 2 2 1 29 31
1 0 2 1 29 2 124
1 0 2 1 18 13 113
1 0 2 1 7 24 146
1 0 2 0 24 8 153
1 0 2 0 13 19 74
1 0 2 0 2 30 121
1 0 1 33 0 0 175
1 0 1 31 1 1 55
1 0 1 29 2 2 16
1 0 1 27 3 3 88
1 0 1 25 4 4 196
1 0 1 23 5 5 76
1 0 1 22 11 0 131
1 0 1 22 0 11 64
1 0 1 21 6 6 90
1 0 1 20 12 1 100
1 0 1 20 1 12 198
1 0 1 19 7 7 177
1 0 1 18 13 2 113
1 0 1 18 2 13 30
1 0 1 17 8 8 165
1 0 1 16 14 3 104
1 0 1 16 3 14 160
1 0 1 15 9 9 2
1 0 1 14 15 4 161
1 0 1 14 4 15 174
1 0 1 13 10 10 76
1 0 1 12 16 5 105
1 0 1 12 5 16 96
1 0 1 11 22 0 43
1 0 1 11 11 11 74
1 0 1 11 0 22 167
1 0 1 10 17 6 107
1 0 1 10 6 17 7
1 0 1 9 23 1 117
1 0 1 9 12 12 129
1 0 1 9 1 23 96
1 0 1 8 18 7 190
1 0 1 8 7 18 9
1 0 1 7 24 2 68
1 0 1 7 13 13 144
1 0 1 7 2 24 83
1 0 1 6 19 8 86
1 0 1 6 8 19 178
1 0 1 5 25 3 110
1 0 1 5 14 14 193
1 0 1 5 3 25 21
1 0 1 4 20 9 50
1 0 1 4 9 20 120
1 0 1 3 26 4 143
1 0 1 3 15 15 99
1 0 1 3 4 26 22
1 0 1 2 21 10 150
1 0 1 2 10 21 155
1 0 1 1 27 5 65
1 0 1 1 16 16 129
1 0 1 1 5 27 30
1 0 1 0 22 11 145
1 0 1 0 11 22 10
1 0 1 0 0 33 98
1 0 0 29 0 5 134
1 0 0 28 6 0 163
1 0 0 27 1 6 83
1 0 0 26 7 1 182
1 0 0 25 2 7 59
1 0 0 24 8 2 6
1 0 0 23 3 8 88
1 0 0 22 9 3 56
1 0 0 21 4 9 145
1 0 0 20 10 4 127
1 0 0 19 5 10 195
1 0 0 18 11 5 83
1 0 0 18 0 16 142
1 0 0 17 17 0 8
1 0 0 17 6 11 21
1 0 0 16 12 6 139
1 0 0 16 1 17 14
1 0 0 15 18 1 181
1 0 0 15 7 12 192
1 0 0 14 13 7 63
1 0 0 14 2 18 130
1 0 0 13 19 2 76
1 0 0 13 8 13 97
1 0 0 12 14 8 191
1 0 0 12 3 19 192
1 0 0 11 20 3 149
1 0 0 11 9 14 70
1 0 0 10 15 9 26
1 0 0 10 4 20 47
1 0 0 9 21 4 94
1 0 0 9 10 15 32
1 0 0 8 16 10 150
1 0 0 8 5 21 153
1 0 0 7 22 5 87
1 0 0 7 11 16 150
1 0 0 7 0 27 38
1 0 0 6 28 0 173
1 0 0 6 17 11 170
1 0 0 6 6 22 11
1 0 0 5 23 6 177
1 0 0 5 12 17 162
1 0 0 5 1 28 102
1 0 0 4 29 1 57
1 0 0 4 18 12 146
1 0 0 4 7 23 133
1 0 0 3 24 7 91
1 0 0 3 13 18 187
1 0 0 3 2 29 143
1 0 0 2 30 2 147
1 0 0 2 19 13 108
1 0 0 2 8 24 114
1 0 0 1 25 8 72
1 0 0 1 14 19 42
1 0 0 1 3 30 96
1 0 0 0 20 14 50
1 0 0 0 9 25 38
2 33 0 1 0 0 98
2 31 1 2 0 0 133
2 31 1 0 1 1 188
2 30 1 0 3 0 108
2 30 0 2 0 2 121
2 30 0 0 1 3 96
2 29 4 0 0 1 3
2 29 2 3 0 0 152
2 29 2 1 1 1 129
2 29 0 4 1 0 87
2 29 0 2 2 1 31
2 29 0 0 3 2 143
2 28 4 0 2 0 144
2 28 3 0 0 3 5
2 28 2 1 3 0 137
2 28 1 3 0 2 83
2 28 1 1 1 3 163
2 28 0 2 4 0 67
2 28 0 0 5 1 102
2 27 5 1 0 1 21
2 27 3 4 0 0 157
2 27 3 2 1 1 28
2 27 3 0 2 2 59
2 27 2 0 0 5 99
2 27 1 5 1 0 181
2 27 1 3 2 1 13
2 27 1 1 3 2 145
2 27 0 3 0 4 156
2 27 0 1 1 5 30
2 27 0 0 7 0 38
2 26 7 0 1 0 126
2 26 5 1 2 0 189
2 26 4 1 0 3 63
2 26 3 2 3 0 138
2 26 3 0 4 1 78
2 26 2 4 0 2 59
2 26 2 2 1 3 35
2 26 2 0 2 4 50
2 26 1 3 4 0 94
2 26 1 1 5 1 93
2 26 1 0 0 7 6
2 26 0 7 0 1 52
2 26 0 5 1 2 82
2 26 0 3 2 3 96
2 26 0 1 3 4 22
2 25 6 2 0 1 50
2 25 6 0 1 2 136
2 25 4 5 0 0 103
2 25 4 3 1 1 134
2 25 4 1 2 2 88
2 25 3 1 0 5 129
2 25 3 0 6 0 154
2 25 2 6 1 0 132
2 25 2 4 2 1 192
2 25 2 2 3 2 189
2 25 2 0 4 3 13
2 25 1 4 0 4 37
2 25 1 2 1 5 97
2 25 1 1 7 0 11
2 25 1 0 2 6 193
2 25 0 7 2 0 29
2 25 0 5 3 1 141
2 25 0 3 4 2 93
2 25 0 1 5 3 21
2 25 0 0 0 9 38
2 24 10 0 0 0 177
2 24 8 1 1 0 84
2 24 6 2 2 0 30
2 24 6 0 3 1 189
2 24 5 2 0 3 188
2 24 5 0 1 4 33
2 24 4 3 3 0 36
2 24 4 1 4 1 152
2 24 3 5 0 2 72
2 24 3 3 1 3 166
2 24 3 1 2 4 156
2 24 2 2 5 1 31
2 24 2 1 0 7 159
2 24 2 0 6 2 157
2 24 1 8 0 1 170
2 24 1 6 1 2 136
2 24 1 4 2 3 88
2 24 1 2 3 4 118
2 24 1 0 4 5 88
2 24 0 5 5 0 161
2 24 0 4 0 6 65
2 24 0 3 6 1 62
2 24 0 2 1 7 146
2 24 0 1 7 2 83
2 24 0 0 2 8 114
2 23 9 0 0 2 80
2 23 7 3 0 1 127
2 23 7 1 1 2 192
2 23 6 0 5 0 107
2 23 5 6 0 0 47
2 23 5 4 1 1 68
2 23 5 2 2 2 135
2 23 5 0 3 3 32
2 23 4 2 0 5 69
2 23 4 1 6 0 119
2 23 4 0 1 6 144
2 23 3 7 1 0 166
2 23 3 5 2 1 22
2 23 3 3 3 2 43
2 23 3 1 4 3 176
2 23 2 5 0 4 175
2 23 2 3 1 5 198
2 23 2 2 7 0 5
2 23 2 1 2 6 99
2 23 2 0 8 1 44
2 23 1 8 2 0 171
2 23 1 6 3 1 83
2 23 1 4 4 2 24
2 23 1 2 5 3 90
2 23 1 1 0 9 121
2 23 1 0 6 4 172
2 23 0 8 0 3 150
2 23 0 6 1 4 60
2 23 0 4 2 5 83
2 23 0 3 8 0 178
2 23 0 2 3 6 153
2 23 0 1 9 1 96
2 23 0 0 4 7 133
2 22 11 1 0 0 28
2 22 9 2 1 0 116
2 22 9 0 2 1 181
2 22 8 0 0 4 164
2 22 7 3 2 0 187
2 22 7 1 3 1 78
2 22 6 3 0 3 81
2 22 6 1 1 4 30
2 22 5 4 3 0 65
2 22 5 2 4 1 188
2 22 5 0 5 2 147
2 22 4 4 1 3 114
2 22 4 2 2 4 29
2 22 4 0 3 5 23
2 22 3 5 4 0 63
2 22 3 3 5 1 181
2 22 3 2 0 7 143
2 22 3 1 6 2 184
2 22 3 0 1 8 172
2 22 2 9 0 1 193
2 22 2 7 1 2 82
2 22 2 5 2 3 93
2 22 2 3 3 4 96
2 22 2 1 4 5 102
2 22 2 0 10 0 144
2 22 1 6 5 0 195
2 22 1 5 0 6 124
2 22 1 4 6 1 144
2 22 1 3 1 7 140
2 22 1 2 7 2 168
2 22 1 1 2 8 33
2 22 1 0 8 3 54
2 22 0 12 0 0 52
2 22 0 10 1 1 136
2 22 0 8 2 2 149
2 22 0 6 3 3 171
2 22 0 4 4 4 76
2 22 0 2 5 5 80
2 22 0 1 11 0 167
2 22 0 1 0 11 10
2 22 0 0 6 6 11
2 21 10 1 0 2 98
2 21 9 0 4 0 124
2 21 8 4 0 1 86
2 21 8 2 1 2 58
2 21 8 0 2 3 77
2 21 7 1 5 0 55
2 21 7 0 0 6 130
2 21 6 7 0 0 125
2 21 6 5 1 1 37
2 21 6 3 2 2 164
2 21 6 1 3 3 68
2 21 5 3 0 5 11
2 21 5 1 1 6 31
2 21 5 0 7 1 16
2 21 4 8 1 0 193
2 21 4 6 2 1 102
2 21 4 4 3 2 118
2 21 4 2 4 3 121
2 21 4 0 5 4 95
2 21 3 6 0 4 197
2 21 3 4 1 5 109
2 21 3 3 7 0 25
2 21 3 2 2 6 187
2 21 3 1 8 1 96
2 21 3 0 3 7 68
2 21 2 9 2 0 118
2 21 2 7 3 1 113
2 21 2 5 4 2 23
2 21 2 3 5 3 85
2 21 2 2 0 9 109
2 21 2 1 6 4 53
2 21 2 0 1 10 111
2 21 1 9 0 3 78
2 21 1 7 1 4 21
2 21 1 5 2 5 108
2 21 1 4 8 0 78
2 21 1 3 3 6 17
2 21 1 2 9 1 147
2 21 1 1 4 7 159
2 21 1 0 10 2 41
2 21 0 10 3 0 143
2 21 0 8 4 1 180
2 21 0 6 5 2 157
2 21 0 5 0 8 3
2 21 0 4 6 3 104
2 21 0 3 1 9 171
2 21 0 2 7 4 124
2 21 0 1 2 10 155
2 21 0 0 8 5 153
2 20 12 2 0 0 183
2 20 12 0 1 1 59
2 20 10 3 1 0 52
2 20 10 1 2 1 111
2 20 9 1 0 4 152
2 20 8 4 2 0 175
2 20 8 2 3 1 130
2 20 8 0 4 2 100
2 20 7 4 0 3 76
2 20 7 2 1 4 55
2 20 7 0 2 5 1
2 20 6 5 3 0 117
2 20 6 3 4 1 92
2 20 6 1 5 2 84
2 20 6 0 0 8 184
2 20 5 7 0 2 81
2 20 5 5 1 3 134
2 20 5 3 2 4 174
2 20 5 1 3 5 90
2 20 5 0 9 0 9
2 20 4 6 4 0 101
2 20 4 4 5 1 101
2 20 4 3 0 7 49
2 20 4 2 6 2 73
2 20 4 1 1 8 175
2 20 4 0 7 3 93
2 20 3 10 0 1 168
2 20 3 8 1 2 124
2 20 3 6 2 3 186
2 20 3 4 3 4 22
2 20 3 2 4 5 19
2 20 3 1 10 0 98
2 20 3 0 5 6 165
2 20 2 7 5 0 39
2 20 2 6 0 6 140
2 20 2 5 6 1 25
2 20 2 4 1 7 78
2 20 2 3 7 2 93
2 20 2 2 2 8 10
2 20 2 1 8 3 90
2 20 2 0 3 9 93
2 20 1 13 0 0 29
2 20 1 11 1 1 169
2 20 1 9 2 2 60
2 20 1 7 3 3 82
2 20 1 5 4 4 147
2 20 1 3 5 5 167
2 20 1 2 11 0 20
2 20 1 2 0 11 59
2 20 1 1 6 6 174
2 20 1 0 12 1 114
2 20 1 0 1 12 70
2 20 0 9 0 5 185
2 20 0 8 6 0 34
2 20 0 7 1 6 129
2 20 0 6 7 1 131
2 20 0 5 2 7 159
2 20 0 4 8 2 190
2 20 0 3 3 8 144
2 20 0 2 9 3 167
2 20 0 1 4 9 120
2 20 0 0 10 4 47
2 19 12 0 3 0 167
2 19 11 2 0 2 135
2 19 11 0 1 3 49
2 19 10 1 4 0 111
2 19 9 5 0 1 33
2 19 9 3 1 2 154
2 19 9 1 2 3 159
2 19 8 2 5 0 99
2 19 8 1 0 6 125
2 19 8 0 6 1 78
2 19 7 8 0 0 111
2 19 7 6 1 1 75
2 19 7 4 2 2 185
2 19 7 2 3 3 83
2 19 7 0 4 4 120
2 19 6 4 0 5 35
2 19 6 3 6 0 101
2 19 6 2 1 6 17
2 19 6 1 7 1 49
2 19 6 0 2 7 128
2 19 5 9 1 0 96
2 19 5 7 2 1 98
2 19 5 5 3 2 145
2 19 5 3 4 3 141
2 19 5 1 5 4 8
2 19 5 0 0 10 62
2 19 4 7 0 4 33
2 19 4 5 1 5 56
2 19 4 4 7 0 179
2 19 4 3 2 6 42
2 19 4 2 8 1 55
2 19 4 1 3 7 70
2 19 4 0 9 2 144
2 19 3 10 2 0 107
2 19 3 8 3 1 137
2 19 3 6 4 2 8
2 19 3 4 5 3 100
2 19 3 3 0 9 197
2 19 3 2 6 4 110
2 19 3 1 1 10 31
2 19 3 0 7 5 196
2 19 2 10 0 3 120
2 19 2 8 1 4 5
2 19 2 6 2 5 18
2 19 2 5 8 0 14
2 19 2 4 3 6 89
2 19 2 3 9 1 193
2 19 2 2 4 7 70
2 19 2 1 10 2 116
2 19 2 0 5 8 145
2 19 1 11 3 0 48
2 19 1 9 4 1 108
2 19 1 7 5 2 127
2 19 1 6 0 8 147
2 19 1 5 6 3 14
2 19 1 4 1 9 53
2 19 1 3 7 4 180
2 19 1 2 2 10 79
2 19 1 1 8 5 190
2 19 1 0 14 0 126
2 19 1 0 3 11 72
2 19 0 13 0 2 83
2 19 0 11 1 3 146
2 19 0 9 2 4 126
2 19 0 7 3 5 139
2 19 0 6 9 0 162
2 19 0 5 4 6 138
2 19 0 4 10 1 24
2 19 0 3 5 7 129
2 19 0 2 11 2 23
2 19 0 2 0 13 74
2 19 0 1 6 8 178
2 19 0 0 12 3 192
2 19 0 0 1 14 42
2 18 15 0 0 1 17
2 18 13 3 0 0 71
2 18 13 1 1 1 103
2 18 11 4 1 0 56
2 18 11 2 2 1 29
2 18 11 0 3 2 188
2 18 10 2 0 4 114
2 18 10 0 1 5 6
2 18 9 5 2 0 40
2 18 9 3 3 1 18
2 18 9 1 4 2 181
2 18 8 5 0 3 29
2 18 8 3 1 4 188
2 18 8 1 2 5 17
2 18 8 0 8 0 187
2 18 7 6 3 0 78
2 18 7 4 4 1 124
2 18 7 2 5 2 121
2 18 7 1 0 8 159
2 18 6 8 0 2 71
2 18 6 6 1 3 25
2 18 6 4 2 4 104
2 18 6 2 3 5 121
2 18 6 1 9 0 68
2 18 6 0 4 6 130
2 18 5 7 4 0 9
2 18 5 5 5 1 131
2 18 5 4 0 7 32
2 18 5 3 6 2 178
2 18 5 2 1 8 68
2 18 5 1 7 3 137
2 18 5 0 2 9 96
2 18 4 11 0 1 33
2 18 4 9 1 2 95
2 18 4 7 2 3 98
2 18 4 5 3 4 147
2 18 4 3 4 5 60
2 18 4 2 10 0 9
2 18 4 1 5 6 109
2 18 4 0 11 1 46
2 18 4 0 0 12 176
2 18 3 8 5 0 118
2 18 3 7 0 6 2
2 18 3 6 6 1 154
2 18 3 5 1 7 159
2 18 3 4 7 2 64
2 18 3 3 2 8 9
2 18 3 2 8 3 71
2 18 3 1 3 9 179
2 18 3 0 9 4 33
2 18 2 14 0 0 149
2 18 2 12 1 1 137
2 18 2 10 2 2 117
2 18 2 8 3 3 113
2 18 2 6 4 4 110
2 18 2 4 5 5 114
2 18 2 3 11 0 58
2 18 2 3 0 11 191
2 18 2 2 6 6 5
2 18 2 1 12 1 197
2 18 2 1 1 12 16
2 18 2 0 7 7 4
2 18 1 10 0 5 72
2 18 1 9 6 0 3
2 18 1 8 1 6 163
2 18 1 7 7 1 177
2 18 1 6 2 7 81
2 18 1 5 8 2 167
2 18 1 4 3 8 146
2 18 1 3 9 3 27
2 18 1 2 4 9 57
2 18 1 1 10 4 2
2 18 1 0 5 10 141
2 18 0 15 1 0 15
2 18 0 13 2 1 33
2 18 0 11 3 2 66
2 18 0 9 4 3 148
2 18 0 7 5 4 167
2 18 0 6 0 10 189
2 18 0 5 6 5 94
2 18 0 4 12 0 157
2 18 0 4 1 11 190
2 18 0 3 7 6 157
2 18 0 2 13 1 29
2 18 0 2 2 12 6
2 18 0 1 8 7 9
2 18 0 0 14 2 130
2 18 0 0 3 13 187
2 17 15 0 2 0 39
2 17 14 0 0 3 145
2 17 13 1 3 0 152
2 17 12 3 0 2 132
2 17 12 1 1 3 67
2 17 11 2 4 0 20
2 17 11 0 5 1 101
2 17 10 6 0 1 28
2 17 10 4 1 2 188
2 17 10 2 2 3 77
2 17 10 0 3 4 92
2 17 9 3 5 0 168
2 17 9 2 0 6 77
2 17 9 1 6 1 110
2 17 9 0 1 7 164
2 17 8 9 0 0 150
2 17 8 7 1 1 49
2 17 8 5 2 2 194
2 17 8 3 3 3 165
2 17 8 1 4 4 116
2 17 7 5 0 5 86
2 17 7 4 6 0 18
2 17 7 3 1 6 14
2 17 7 2 7 1 181
2 17 7 1 2 7 8
2 17 7 0 8 2 30
2 17 6 10 1 0 90
2 17 6 8 2 1 174
2 17 6 4 4 3 87
2 17 6 2 5 4 21
2 17 6 1 0 10 51
2 17 6 0 6 5 42
2 17 5 8 0 4 14
2 17 5 6 1 5 186
2 17 5 5 7 0 79
2 17 5 4 2 6 177
2 17 5 3 8 1 64
2 17 5 2 3 7 38
2 17 5 1 9 2 10
2 17 5 0 4 8 29
2 17 4 11 2 0 2
2 17 4 9 3 1 18
2 17 4 7 4 2 72
2 17 4 5 5 3 190
2 17 4 4 0 9 100
2 17 4 3 6 4 40
2 17 4 2 1 10 25
2 17 4 1 7 5 172
2 17 4 0 13 0 123
2 17 4 0 2 11 68
2 17 3 11 0 3 172
2 17 3 9 1 4 173
2 17 3 7 2 5 106
2 17 3 6 8 0 11
2 17 3 5 3 6 77
2 17 3 4 9 1 35
2 17 3 3 4 7 163
2 17 3 2 10 2 52
2 17 3 1 5 8 10
2 17 3 0 11 3 126
2 17 3 0 0 14 96
2 17 2 12 3 0 58
2 17 2 10 4 1 93
2 17 2 8 5 2 140
2 17 2 7 0 8 195
2 17 2 6 6 3 67
2 17 2 5 1 9 10
2 17 2 4 7 4 119
2 17 2 3 2 10 66
2 17 2 2 8 5 84
2 17 2 1 14 0 132
2 17 2 1 3 11 99
2 17 2 0 9 6 107
2 17 1 14 0 2 118
2 17 1 12 1 3 91
2 17 1 10 2 4 63
2 17 1 8 3 5 111
2 17 1 7 9 0 179
2 17 1 6 4 6 79
2 17 1 5 10 1 42
2 17 1 4 5 7 175
2 17 1 3 11 2 52
2 17 1 3 0 13 19
2 17 1 2 6 8 34
2 17 1 1 12 3 160
2 17 1 1 1 14 23
2 17 1 0 7 9 6
2 17 0 13 4 0 169
2 17 0 11 5 1 31
2 17 0 10 0 7 25
2 17 0 9 6 2 162
2 17 0 8 1 8 118
2 17 0 7 7 3 70
2 17 0 6 2 9 27
2 17 0 5 8 4 46
2 17 0 4 3 10 79
2 17 0 3 9 5 96
2 17 0 2 15 0 103
2 17 0 2 4 11 28
2 17 0 1 10 6 7
2 17 0 0 16 1 14
2 17 0 0 5 12 162
2 16 16 1 0 1 64
2 16 14 4 0 0 196
2 16 14 2 1 1 33
2 16 14 0 2 2 38
2 16 13 0 0 5 91
2 16 12 5 1 0 155
2 16 12 3 2 1 196
2 16 12 1 3 2 192
2 16 11 3 0 4 84
2 16 11 1 1 5 90
2 16 11 0 7 0 159
2 16 10 6 2 0 192
2 16 10 4 3 1 68
2 16 10 2 4 2 87
2 16 10 0 5 3 34
2 16 9 6 0 3 63
2 16 9 4 1 4 96
2 16 9 2 2 5 181
2 16 9 1 8 0 86
2 16 9 0 3 6 32
2 16 8 7 3 0 114
2 16 8 5 4 1 77
2 16 8 3 5 2 190
2 16 8 2 0 8 108
2 16 8 1 6 3 69
2 16 8 0 1 9 196
2 16 7 9 0 2 142
2 16 7 7 1 3 164
2 16 7 5 2 4 34
2 16 7 3 3 5 178
2 16 7 2 9 0 126
2 16 7 1 4 6 72
2 16 7 0 10 1 17
2 16 6 8 4 0 174
2 16 6 6 5 1 167
2 16 6 5 0 7 198
2 16 6 4 6 2 128
2 16 6 3 1 8 49
2 16 6 2 7 3 18
2 16 6 1 2 9 181
2 16 6 0 8 4 118
2 16 5 12 0 1 102
2 16 5 10 1 2 118
2 16 5 8 2 3 111
2 16 5 6 3 4 23
2 16 5 4 4 5 43
2 16 5 3 10 0 165
2 16 5 2 5 6 43
2 16 5 1 11 1 74
2 16 5 1 0 12 196
2 16 5 0 6 7 99
2 16 4 9 5 0 17
2 16 4 8 0 6 103
2 16 4 7 6 1 62
2 16 4 6 1 7 189
2 16 4 5 7 2 87
2 16 4 4 2 8 160
2 16 4 3 8 3 154
2 16 4 2 3 9 95
2 16 4 1 9 4 197
2 16 4 0 4 10 75
2 16 3 15 0 0 170
2 16 3 13 1 1 3
2 16 3 11 2 2 91
2 16 3 9 3 3 103
2 16 3 7 4 4 60
2 16 3 5 5 5 122
2 16 3 4 11 0 13
2 16 3 4 0 11 103
2 16 3 3 6 6 58
2 16 3 2 12 1 36
2 16 3 2 1 12 171
2 16 3 1 7 7 151
2 16 3 0 13 2 41
2 16 3 0 2 13 190
2 16 2 11 0 5 139
2 16 2 10 6 0 145
2 16 2 9 1 6 133
2 16 2 8 7 1 166
2 16 2 7 2 7 28
2 16 2 6 8 2 173
2 16 2 5 3 8 118
2 16 2 4 9 3 170
2 16 2 3 4 9 189
2 16 2 2 10 4 97
2 16 2 1 5 10 44
2 16 2 0 11 5 75
2 16 2 0 0 16 63
2 16 1 16 1 0 146
2 16 1 14 2 1 91
2 16 1 12 3 2 40
2 16 1 10 4 3 18
2 16 1 8 5 4 86
2 16 1 7 0 10 102
2 16 1 6 6 5 39
2 16 1 5 12 0 66
2 16 1 5 1 11 120
2 16 1 4 7 6 41
2 16 1 3 13 1 170
2 16 1 3 2 12 86
2 16 1 2 8 7 14
2 16 1 1 14 2 91
2 16 1 1 3 13 39
2 16 1 0 9 8 138
2 16 0 14 0 4 20
2 16 0 12 1 5 65
2 16 0 11 7 0 10
2 16 0 10 2 6 69
2 16 0 9 8 1 117
2 16 0 8 3 7 10
2 16 0 7 9 2 68
2 16 0 6 4 8 25
2 16 0 5 10 3 94
2 16 0 4 5 9 180
2 16 0 3 11 4 165
2 16 0 3 0 15 132
2 16 0 2 6 10 28
2 16 0 1 12 5 96
2 16 0 1 1 16 129
2 16 0 0 18 0 142
2 16 0 0 7 11 150
2 15 18 0 1 0 133
2 15 16 1 2 0 70
2 15 15 1 0 3 74
2 15 14 2 3 0 132
2 15 14 0 4 1 45
2 15 13 4 0 2 94
2 15 13 2 1 3 181
2 15 13 0 2 4 45
2 15 12 3 4 0 164
2 15 12 1 5 1 56
2 15 12 0 0 7 26
2 15 11 7 0 1 53
2 15 11 5 1 2 97
2 15 11 3 2 3 25
2 15 11 1 3 4 18
2 15 10 4 5 0 152
2 15 10 3 0 6 157
2 15 10 2 6 1 181
2 15 10 1 1 7 173
2 15 10 0 7 2 184
2 15 9 10 0 0 48
2 15 9 8 1 1 39
2 15 9 6 2 2 26
2 15 9 4 3 3 49
2 15 9 2 4 4 134
2 15 9 0 5 5 158
2 15 8 4 1 6 112
2 15 8 3 7 1 2
2 15 8 2 2 7 1
2 15 8 1 8 2 133
2 15 8 0 3 8 182
2 15 7 11 1 0 124
2 15 7 9 2 1 35
2 15 7 7 3 2 194
2 15 7 5 4 3 123
2 15 7 3 5 4 25
2 15 7 2 0 10 20
2 15 7 1 6 5 162
2 15 7 0 12 0 67
2 15 7 0 1 11 146
2 15 6 9 0 4 90
2 15 6 7 1 5 83
2 15 6 6 7 0 2
2 15 6 5 2 6 84
2 15 6 4 8 1 26
2 15 6 3 3 7 86
2 15 6 2 9 2 147
2 15 6 1 4 8 102
2 15 6 0 10 3 141
2 15 5 12 2 0 151
2 15 5 10 3 1 116
2 15 5 8 4 2 4
2 15 5 6 5 3 5
2 15 5 5 0 9 165
2 15 5 4 6 4 153
2 15 5 3 1 10 5
2 15 5 2 7 5 1
2 15 5 1 13 0 14
2 15 5 1 2 11 125
2 15 5 0 8 6 130
2 15 4 12 0 3 170
2 15 4 10 1 4 146
2 15 4 8 2 5 82
2 15 4 7 8 0 146
2 15 4 6 3 6 99
2 15 4 5 9 1 102
2 15 4 4 4 7 24
2 15 4 3 10 2 177
2 15 4 2 5 8 97
2 15 4 1 11 3 8
2 15 4 1 0 14 106
2 15 4 0 6 9 15
2 15 3 13 3 0 11
2 15 3 11 4 1 36
2 15 3 9 5 2 142
2 15 3 8 0 8 182
2 15 3 7 6 3 7
2 15 3 6 1 9 7
2 15 3 5 7 4 195
2 15 3 4 2 10 96
2 15 3 3 8 5 28
2 15 3 2 14 0 98
2 15 3 2 3 11 90
2 15 3 1 9 6 196
2 15 3 0 15 1 177
2 15 3 0 4 12 94
2 15 2 15 0 2 165
2 15 2 13 1 3 24
2 15 2 11 2 4 53
2 15 2 9 3 5 153
2 15 2 8 9 0 15
2 15 2 7 4 6 97
2 15 2 6 10 1 92
2 15 2 5 5 7 57
2 15 2 4 11 2 106
2 15 2 4 0 13 79
2 15 2 3 6 8 32
2 15 2 2 12 3 103
2 15 2 2 1 14 93
2 15 2 1 7 9 43
2 15 2 0 13 4 38
2 15 2 0 2 15 185
2 15 1 14 4 0 110
2 15 1 12 5 1 160
2 15 1 11 0 7 131
2 15 1 10 6 2 107
2 15 1 9 1 8 154
2 15 1 8 7 3 27
2 15 1 7 2 9 80
2 15 1 6 8 4 125
2 15 1 5 3 10 163
2 15 1 4 9 5 164
2 15 1 3 15 0 159
2 15 1 3 4 11 177
2 15 1 2 10 6 197
2 15 1 1 16 1 50
2 15 1 1 5 12 116
2 15 1 0 11 7 162
2 15 1 0 0 18 128
2 15 0 18 0 1 36
2 15 0 16 1 2 52
2 15 0 14 2 3 163
2 15 0 12 3 4 195
2 15 0 10 4 5 61
2 15 0 9 10 0 157
2 15 0 8 5 6 73
2 15 0 7 11 1 70
2 15 0 7 0 12 10
2 15 0 6 6 7 57
2 15 0 5 12 2 115
2 15 0 5 1 13 188
2 15 0 4 7 8 41
2 15 0 3 13 3 87
2 15 0 3 2 14 40
2 15 0 2 8 9 49
2 15 0 1 14 4 174
2 15 0 1 3 15 99
2 15 0 0 9 10 32
2 14 17 2 0 1 28
2 14 17 0 1 2 59
2 14 15 5 0 0 10
2 14 15 3 1 1 101
2 14 15 1 2 2 110
2 14 14 1 0 5 51
2 14 14 0 6 0 52
2 14 13 6 1 0 116
2 14 13 4 2 1 94
2 14 13 2 3 2 56
2 14 13 0 4 3 155
2 14 12 4 0 4 171
2 14 12 2 1 5 168
2 14 12 1 7 0 152
2 14 12 0 2 6 193
2 14 11 7 2 0 123
2 14 11 5 3 1 129
2 14 11 3 4 2 68
2 14 11 1 5 3 105
2 14 11 0 0 9 169
2 14 10 7 0 3 148
2 14 10 5 1 4 33
2 14 10 3 2 5 103
2 14 10 2 8 0 159
2 14 10 1 3 6 61
2 14 10 0 9 1 182
2 14 9 8 3 0 174
2 14 9 6 4 1 12
2 14 9 4 5 2 4
2 14 9 3 0 8 16
2 14 9 2 6 3 166
2 14 9 1 1 9 48
2 14 9 0 7 4 1
2 14 8 10 0 2 197
2 14 8 8 1 3 82
2 14 8 6 2 4 62
2 14 8 4 3 5 45
2 14 8 3 9 0 84
2 14 8 2 4 6 183
2 14 8 1 10 1 137
2 14 8 0 5 7 5
2 14 7 9 4 0 150
2 14 7 7 5 1 35
2 14 7 6 0 7 40
2 14 7 5 6 2 22
2 14 7 4 1 8 66
2 14 7 3 7 3 149
2 14 7 2 2 9 136
2 14 7 1 8 4 92
2 14 7 0 3 10 53
2 14 6 13 0 1 59
2 14 6 11 1 2 137
2 14 6 9 2 3 40
2 14 6 7 3 4 193
2 14 6 5 4 5 114
2 14 6 4 10 0 10
2 14 6 3 5 6 11
2 14 6 2 11 1 189
2 14 6 2 0 12 76
2 14 6 1 6 7 156
2 14 6 0 12 2 36
2 14 6 0 1 13 28
2 14 5 10 5 0 113
2 14 5 9 0 6 18
2 14 5 8 6 1 173
2 14 5 7 1 7 2
2 14 5 6 7 2 184
2 14 5 5 2 8 187
2 14 5 4 8 3 22
2 14 5 3 3 9 190
2 14 5 2 9 4 112
2 14 5 1 4 10 54
2 14 5 0 10 5 13
2 14 4 16 0 0 198
2 14 4 14 1 1 156
2 14 4 12 2 2 13
2 14 4 10 3 3 5
2 14 4 8 4 4 193
2 14 4 6 5 5 99
2 14 4 5 11 0 186
2 14 4 5 0 11 165
2 14 4 4 6 6 197
2 14 4 3 12 1 124
2 14 4 3 1 12 31
2 14 4 2 7 7 39
2 14 4 1 13 2 52
2 14 4 1 2 13 6
2 14 4 0 8 8 162
2 14 3 12 0 5 173
2 14 3 11 6 0 40
2 14 3 10 1 6 69
2 14 3 9 7 1 10
2 14 3 8 2 7 33
2 14 3 7 8 2 67
2 14 3 6 3 8 45
2 14 3 5 9 3 19
2 14 3 4 4 9 183
2 14 3 3 10 4 89
2 14 3 2 5 10 134
2 14 3 1 11 5 72
2 14 3 1 0 16 105
2 14 3 0 17 0 107
2 14 3 0 6 11 174
2 14 2 17 1 0 65
2 14 2 15 2 1 175
2 14 2 13 3 2 8
2 14 2 11 4 3 104
2 14 2 9 5 4 114
2 14 2 8 0 10 80
2 14 2 7 6 5 83
2 14 2 6 12 0 193
2 14 2 6 1 11 132
2 14 2 5 7 6 57
2 14 2 4 13 1 16
2 14 2 4 2 12 139
2 14 2 3 8 7 112
2 14 2 2 14 2 119
2 14 2 2 3 13 160
2 14 2 1 9 8 34
2 14 2 0 15 3 109
2 14 2 0 4 14 50
2 14 1 15 0 4 24
2 14 1 13 1 5 72
2 14 1 12 7 0 191
2 14 1 11 2 6 190
2 14 1 10 8 1 187
2 14 1 9 3 7 12
2 14 1 8 9 2 52
2 14 1 7 4 8 18
2 14 1 6 10 3 127
2 14 1 5 5 9 174
2 14 1 4 11 4 176
2 14 1 4 0 15 120
2 14 1 3 6 10 80
2 14 1 2 12 5 67
2 14 1 2 1 16 189
2 14 1 1 18 0 143
2 14 1 1 7 11 143
2 14 1 0 13 6 12
2 14 1 0 2 17 52
2 14 0 18 2 0 22
2 14 0 16 3 1 100
2 14 0 14 4 2 183
2 14 0 12 5 3 192
2 14 0 11 0 9 103
2 14 0 10 6 4 2
2 14 0 9 1 10 164
2 14 0 8 7 5 68
2 14 0 7 13 0 184
2 14 0 7 2 11 149
2 14 0 6 8 6 110
2 14 0 5 14 1 3
2 14 0 5 3 12 51
2 14 0 4 9 7 196
2 14 0 3 15 2 107
2 14 0 3 4 13 86
2 14 0 2 10 8 143
2 14 0 1 16 3 160
2 14 0 1 5 14 193
2 14 0 0 11 9 70
2 14 0 0 0 20 50
2 13 21 0 0 0 115
2 13 19 1 1 0 176
2 13 17 2 2 0 19
2 13 17 0 3 1 52
2 13 16 2 0 3 181
2 13 16 0 1 4 180
2 13 15 3 3 0 127
2 13 15 1 4 1 130
2 13 14 5 0 2 115
2 13 14 3 1 3 117
2 13 14 1 2 4 115
2 13 13 4 4 0 14
2 13 13 2 5 1 18
2 13 13 1 0 7 119
2 13 13 0 6 2 69
2 13 12 8 0 1 24
2 13 12 6 1 2 165
2 13 12 4 2 3 48
2 13 12 2 3 4 177
2 13 12 0 4 5 170
2 13 11 5 5 0 22
2 13 11 4 0 6 146
2 13 11 3 6 1 32
2 13 11 2 1 7 95
2 13 11 1 7 2 31
2 13 11 0 2 8 36
2 13 10 11 0 0 119
2 13 10 9 1 1 69
2 13 10 7 2 2 16
2 13 10 5 3 3 42
2 13 10 3 4 4 153
2 13 10 1 5 5 196
2 13 10 0 11 0 152
2 13 10 0 0 11 104
2 13 9 7 0 5 131
2 13 9 6 6 0 44
2 13 9 5 1 6 188
2 13 9 4 7 1 142
2 13 9 3 2 7 66
2 13 9 2 8 2 41
2 13 9 1 3 8 86
2 13 9 0 9 3 146
2 13 8 12 1 0 55
2 13 8 10 2 1 183
2 13 8 8 3 2 98
2 13 8 6 4 3 52
2 13 8 4 5 4 134
2 13 8 3 0 10 32
2 13 8 2 6 5 55
2 13 8 1 12 0 26
2 13 8 1 1 11 8
2 13 8 0 7 6 74
2 13 7 10 0 4 33
2 13 7 8 1 5 162
2 13 7 7 7 0 70
2 13 7 6 2 6 161
2 13 7 5 8 1 83
2 13 7 4 3 7 147
2 13 7 3 9 2 49
2 13 7 2 4 8 27
2 13 7 1 10 3 91
2 13 7 0 5 9 55
2 13 6 13 2 0 159
2 13 6 11 3 1 32
2 13 6 9 4 2 15
2 13 6 7 5 3 28
2 13 6 6 0 9 41
2 13 6 5 6 4 182
2 13 6 4 1 10 134
2 13 6 3 7 5 189
2 13 6 2 13 0 140
2 13 6 2 2 11 36
2 13 6 1 8 6 137
2 13 6 0 14 1 181
2 13 6 0 3 12 146
2 13 5 13 0 3 130
2 13 5 11 1 4 120
2 13 5 9 2 5 21
2 13 5 8 8 0 166
2 13 5 7 3 6 57
2 13 5 6 9 1 109
2 13 5 5 4 7 185
2 13 5 4 10 2 190
2 13 5 3 5 8 181
2 13 5 2 11 3 125
2 13 5 2 0 14 154
2 13 5 1 6 9 52
2 13 5 0 12 4 149
2 13 5 0 1 15 154
2 13 4 14 3 0 35
2 13 4 12 4 1 150
2 13 4 10 5 2 124
2 13 4 9 0 8 181
2 13 4 8 6 3 119
2 13 4 7 1 9 181
2 13 4 6 7 4 91
2 13 4 5 2 10 115
2 13 4 4 8 5 119
2 13 4 3 14 0 34
2 13 4 3 3 11 86
2 13 4 2 9 6 9
2 13 4 1 15 1 54
2 13 4 1 4 12 64
2 13 4 0 10 7 81
2 13 3 16 0 2 195
2 13 3 14 1 3 162
2 13 3 12 2 4 47
2 13 3 10 3 5 154
2 13 3 9 9 0 117
2 13 3 8 4 6 46
2 13 3 7 10 1 153
2 13 3 6 5 7 23
2 13 3 5 11 2 32
2 13 3 5 0 13 185
2 13 3 4 6 8 66
2 13 3 3 12 3 87
2 13 3 3 1 14 63
2 13 3 2 7 9 117
2 13 3 1 13 4 108
2 13 3 1 2 15 11
2 13 3 0 8 10 74
2 13 2 15 4 0 14
2 13 2 13 5 1 8
2 13 2 12 0 7 135
2 13 2 11 6 2 92
2 13 2 10 1 8 184
2 13 2 9 7 3 131
2 13 2 8 2 9 51
2 13 2 7 8 4 62
2 13 2 6 3 10 56
2 13 2 5 9 5 39
2 13 2 4 15 0 63
2 13 2 4 4 11 126
2 13 2 3 10 6 30
2 13 2 2 16 1 187
2 13 2 2 5 12 65
2 13 2 1 11 7 77
2 13 2 1 0 18 100
2 13 2 0 17 2 174
2 13 2 0 6 13 138
2 13 1 19 0 1 101
2 13 1 17 1 2 85
2 13 1 15 2 3 130
2 13 1 13 3 4 110
2 13 1 11 4 5 80
2 13 1 10 10 0 36
2 13 1 9 5 6 178
2 13 1 8 11 1 165
2 13 1 8 0 12 147
2 13 1 7 6 7 91
2 13 1 6 12 2 127
2 13 1 6 1 13 21
2 13 1 5 7 8 197
2 13 1 4 13 3 18
2 13 1 4 2 14 61
2 13 1 3 8 9 116
2 13 1 2 14 4 103
2 13 1 2 3 15 169
2 13 1 1 9 10 3
2 13 1 0 15 5 56
2 13 1 0 4 16 119
2 13 0 16 5 0 88
2 13 0 15 0 6 100
2 13 0 14 6 1 64
2 13 0 13 1 7 103
2 13 0 12 7 2 59
2 13 0 11 2 8 70
2 13 0 10 8 3 130
2 13 0 9 3 9 143
2 13 0 8 9 4 27
2 13 0 7 4 10 20
2 13 0 6 10 5 144
2 13 0 5 16 0 190
2 13 0 5 5 11 65
2 13 0 4 11 6 7
2 13 0 4 0 17 113
2 13 0 3 17 1 33
2 13 0 3 6 12 158
2 13 0 2 12 7 179
2 13 0 2 1 18 113
2 13 0 1 18 2 30
2 13 0 1 7 13 144
2 13 0 0 13 8 97
2 13 0 0 2 19 108
2 12 20 0 0 2 63
2 12 18 3 0 1 174
2 12 18 1 1 2 16
2 12 17 0 5 0 144
2 12 16 6 0 0 152
2 12 16 4 1 1 156
2 12 16 2 2 2 169
2 12 16 0 3 3 57
2 12 15 2 0 5 55
2 12 15 1 6 0 102
2 12 15 0 1 6 140
2 12 14 7 1 0 156
2 12 14 5 2 1 169
2 12 14 3 3 2 182
2 12 14 1 4 3 195
2 12 13 5 0 4 169
2 12 13 3 1 5 114
2 12 13 2 7 0 89
2 12 13 1 2 6 81
2 12 13 0 8 1 53
2 12 12 8 2 0 94
2 12 12 6 3 1 72
2 12 12 4 4 2 168
2 12 12 2 5 3 56
2 12 12 1 0 9 39
2 12 12 0 6 4 13
2 12 11 8 0 3 54
2 12 11 6 1 4 24
2 12 11 4 2 5 102
2 12 11 3 8 0 122
2 12 11 2 3 6 49
2 12 11 1 9 1 184
2 12 11 0 4 7 6
2 12 10 9 3 0 32
2 12 10 7 4 1 141
2 12 10 5 5 2 82
2 12 10 4 0 8 198
2 12 10 3 6 3 162
2 12 10 2 1 9 1
2 12 10 1 7 4 25
2 12 10 0 2 10 98
2 12 9 11 0 2 187
2 12 9 9 1 3 92
2 12 9 7 2 4 2
2 12 9 5 3 5 166
2 12 9 4 9 0 102
2 12 9 3 4 6 138
2 12 9 2 10 1 182
2 12 9 1 5 7 6
2 12 9 0 11 2 153
2 12 9 0 0 13 148
2 12 8 10 4 0 101
2 12 8 8 5 1 92
2 12 8 7 0 7 184
2 12 8 6 6 2 89
2 12 8 5 1 8 100
2 12 8 4 7 3 123
2 12 8 3 2 9 176
2 12 8 2 8 4 48
2 12 8 1 3 10 173
2 12 8 0 9 5 174
2 12 7 14 0 1 26
2 12 7 12 1 2 173
2 12 7 10 2 3 196
2 12 7 8 3 4 59
2 12 7 6 4 5 12
2 12 7 5 10 0 29
2 12 7 4 5 6 142
2 12 7 3 11 1 77
2 12 7 3 0 12 114
2 12 7 2 6 7 19
2 12 7 1 12 2 172
2 12 7 1 1 13 134
2 12 7 0 7 8 130
2 12 6 11 5 0 21
2 12 6 10 0 6 18
2 12 6 9 6 1 143
2 12 6 8 1 7 164
2 12 6 7 7 2 178
2 12 6 6 2 8 62
2 12 6 5 8 3 62
2 12 6 4 3 9 191
2 12 6 3 9 4 187
2 12 6 2 4 10 126
2 12 6 1 10 5 48
2 12 6 0 16 0 102
2 12 6 0 5 11 70
2 12 5 17 0 0 92
2 12 5 15 1 1 134
2 12 5 13 2 2 42
2 12 5 11 3 3 97
2 12 5 9 4 4 64
2 12 5 7 5 5 135
2 12 5 6 11 0 168
2 12 5 6 0 11 6
2 12 5 5 6 6 147
2 12 5 4 12 1 194
2 12 5 4 1 12 26
2 12 5 3 7 7 20
2 12 5 2 13 2 7
2 12 5 2 2 13 159
2 12 5 1 8 8 144
2 12 5 0 14 3 178
2 12 5 0 3 14 161
2 12 4 13 0 5 46
2 12 4 12 6 0 50
2 12 4 11 1 6 20
2 12 4 10 7 1 169
2 12 4 9 2 7 53
2 12 4 8 8 2 1
2 12 4 7 3 8 130
2 12 4 6 9 3 31
2 12 4 5 4 9 106
2 12 4 4 10 4 12
2 12 4 3 5 10 43
2 12 4 2 11 5 172
2 12 4 2 0 16 12
2 12 4 1 17 0 6
2 12 4 1 6 11 38
2 12 4 0 12 6 138
2 12 4 0 1 17 193
2 12 3 18 1 0 178
2 12 3 16 2 1 7
2 12 3 14 3 2 81
2 12 3 12 4 3 130
2 12 3 10 5 4 134
2 12 3 9 0 10 27
2 12 3 8 6 5 138
2 12 3 7 12 0 187
2 12 3 7 1 11 60
2 12 3 6 7 6 148
2 12 3 5 13 1 85
2 12 3 5 2 12 41
2 12 3 4 8 7 85
2 12 3 3 14 2 182
2 12 3 3 3 13 190
2 12 3 2 9 8 54
2 12 3 1 15 3 68
2 12 3 1 4 14 97
2 12 3 0 10 9 124
2 12 2 16 0 4 158
2 12 2 14 1 5 37
2 12 2 13 7 0 86
2 12 2 12 2 6 86
2 12 2 11 8 1 146
2 12 2 10 3 7 9
2 12 2 9 9 2 17
2 12 2 8 4 8 167
2 12 2 7 10 3 58
2 12 2 6 5 9 139
2 12 2 5 11 4 158
2 12 2 5 0 15 7
2 12 2 4 6 10 77
2 12 2 3 12 5 1
2 12 2 3 1 16 71
2 12 2 2 18 0 87
2 12 2 2 7 11 76
2 12 2 1 13 6 164
2 12 2 1 2 17 32
2 12 2 0 19 1 7
2 12 2 0 8 12 25
2 12 1 19 2 0 39
2 12 1 17 3 1 46
2 12 1 15 4 2 99
2 12 1 13 5 3 6
2 12 1 12 0 9 118
2 12 1 11 6 4 193
2 12 1 10 1 10 86
2 12 1 9 7 5 76
2 12 1 8 13 0 99
2 12 1 8 2 11 81
2 12 1 7 8 6 116
2 12 1 6 14 1 19
2 12 1 6 3 12 125
2 12 1 5 9 7 123
2 12 1 4 15 2 178
2 12 1 4 4 13 60
2 12 1 3 10 8 197
2 12 1 2 16 3 86
2 12 1 2 5 14 76
2 12 1 1 11 9 66
2 12 1 1 0 20 164
2 12 1 0 17 4 13
2 12 1 0 6 15 6
2 12 0 19 0 3 134
2 12 0 17 1 4 35
2 12 0 15 2 5 129
2 12 0 14 8 0 80
2 12 0 13 3 6 86
2 12 0 12 9 1 155
2 12 0 11 4 7 26
2 12 0 10 10 2 176
2 12 0 9 5 8 102
2 12 0 8 11 3 98
2 12 0 8 0 14 166
2 12 0 7 6 9 166
2 12 0 6 12 4 43
2 12 0 6 1 15 55
2 12 0 5 7 10 96
2 12 0 4 13 5 59
2 12 0 4 2 16 146
2 12 0 3 19 0 89
2 12 0 3 8 11 143
2 12 0 2 14 6 88
2 12 0 2 3 17 128
2 12 0 1 20 1 198
2 12 0 1 9 12 129
2 12 0 0 15 7 192
2 12 0 0 4 18 146
2 11 22 1 0 0 100
2 11 20 2 1 0 169
2 11 20 0 2 1 35
2 11 19 0 0 4 27
2 11 18 3 2 0 86
2 11 18 1 3 1 79
2 11 17 3 0 3 138
2 11 17 1 1 4 19
2 11 16 4 3 0 5
2 11 16 2 4 1 28
2 11 16 0 5 2 170
2 11 15 6 0 2 177
2 11 15 4 1 3 45
2 11 15 2 2 4 105
2 11 15 0 3 5 136
2 11 14 5 4 0 96
2 11 14 3 5 1 137
2 11 14 2 0 7 172
2 11 14 1 6 2 79
2 11 14 0 1 8 180
2 11 13 9 0 1 5
2 11 13 7 1 2 104
2 11 13 5 2 3 156
2 11 13 3 3 4 187
2 11 13 1 4 5 55
2 11 13 0 10 0 175
2 11 12 6 5 0 60
2 11 12 5 0 6 72
2 11 12 4 6 1 107
2 11 12 3 1 7 120
2 11 12 2 7 2 147
2 11 12 1 2 8 183
2 11 12 0 8 3 19
2 11 11 12 0 0 10
2 11 11 10 1 1 171
2 11 11 8 2 2 187
2 11 11 6 3 3 100
2 11 11 4 4 4 94
2 11 11 2 5 5 153
2 11 11 1 11 0 85
2 11 11 1 0 11 134
2 11 11 0 6 6 118
2 11 10 8 0 5 45
2 11 10 7 6 0 91
2 11 10 6 1 6 24
2 11 10 5 7 1 90
2 11 10 4 2 7 119
2 11 10 3 8 2 2
2 11 10 2 3 8 175
2 11 10 1 9 3 121
2 11 10 0 4 9 105
2 11 9 13 1 0 9
2 11 9 11 2 1 25
2 11 9 9 3 2 10
2 11 9 7 4 3 121
2 11 9 5 5 4 33
2 11 9 4 0 10 82
2 11 9 3 6 5 17
2 11 9 2 12 0 128
2 11 9 2 1 11 161
2 11 9 1 7 6 190
2 11 9 0 13 1 184
2 11 9 0 2 12 104
2 11 8 11 0 4 172
2 11 8 9 1 5 164
2 11 8 8 7 0 99
2 11 8 7 2 6 175
2 11 8 6 8 1 147
2 11 8 5 3 7 134
2 11 8 4 9 2 129
2 11 8 3 4 8 183
2 11 8 2 10 3 12
2 11 8 1 5 9 179
2 11 8 0 11 4 135
2 11 8 0 0 15 184
2 11 7 14 2 0 157
2 11 7 12 3 1 139
2 11 7 10 4 2 67
2 11 7 8 5 3 175
2 11 7 7 0 9 188
2 11 7 6 6 4 37
2 11 7 5 1 10 177
2 11 7 4 7 5 163
2 11 7 3 13 0 133
2 11 7 3 2 11 74
2 11 7 2 8 6 10
2 11 7 1 14 1 180
2 11 7 1 3 12 104
2 11 7 0 9 7 195
2 11 6 14 0 3 49
2 11 6 12 1 4 53
2 11 6 10 2 5 142
2 11 6 9 8 0 73
2 11 6 8 3 6 176
2 11 6 7 9 1 85
2 11 6 6 4 7 156
2 11 6 5 10 2 38
2 11 6 4 5 8 133
2 11 6 3 11 3 24
2 11 6 3 0 14 29
2 11 6 2 6 9 94
2 11 6 1 12 4 95
2 11 6 1 1 15 198
2 11 6 0 7 10 127
2 11 5 15 3 0 19
2 11 5 13 4 1 153
2 11 5 11 5 2 27
2 11 5 10 0 8 156
2 11 5 9 6 3 67
2 11 5 8 1 9 22
2 11 5 7 7 4 3
2 11 5 6 2 10 52
2 11 5 5 8 5 162
2 11 5 4 14 0 169
2 11 5 4 3 11 30
2 11 5 3 9 6 99
2 11 5 2 15 1 29
2 11 5 2 4 12 129
2 11 5 1 10 7 156
2 11 5 0 16 2 35
2 11 5 0 5 13 64
2 11 4 17 0 2 31
2 11 4 15 1 3 115
2 11 4 13 2 4 183
2 11 4 11 3 5 29
2 11 4 10 9 0 183
2 11 4 9 4 6 2
2 11 4 8 10 1 174
2 11 4 7 5 7 176
2 11 4 6 11 2 181
2 11 4 6 0 13 48
2 11 4 5 6 8 70
2 11 4 4 12 3 25
2 11 4 4 1 14 40
2 11 4 3 7 9 98
2 11 4 2 13 4 194
2 11 4 2 2 15 192
2 11 4 1 8 10 87
2 11 4 0 14 5 103
2 11 4 0 3 16 75
2 11 3 16 4 0 92
2 11 3 14 5 1 141
2 11 3 13 0 7 189
2 11 3 12 6 2 110
2 11 3 11 1 8 117
2 11 3 10 7 3 153
2 11 3 9 2 9 156
2 11 3 8 8 4 46
2 11 3 7 3 10 48
2 11 3 6 9 5 66
2 11 3 5 15 0 110
2 11 3 5 4 11 187
2 11 3 4 10 6 8
2 11 3 3 16 1 80
2 11 3 3 5 12 14
2 11 3 2 11 7 104
2 11 3 2 0 18 23
2 11 3 1 17 2 13
2 11 3 1 6 13 90
2 11 3 0 12 8 126
2 11 3 0 1 19 12
2 11 2 20 0 1 193
2 11 2 18 1 2 72
2 11 2 16 2 3 56
2 11 2 14 3 4 138
2 11 2 12 4 5 157
2 11 2 11 10 0 142
2 11 2 10 5 6 39
2 11 2 9 11 1 80
2 11 2 9 0 12 18
2 11 2 8 6 7 8
2 11 2 7 12 2 17
2 11 2 7 1 13 136
2 11 2 6 7 8 20
2 11 2 5 13 3 171
2 11 2 4 8 9 85
2 11 2 3 14 4 76
2 11 2 3 3 15 10
2 11 2 2 9 10 76
2 11 2 1 15 5 139
2 11 2 1 4 16 191
2 11 2 0 21 0 188
2 11 2 0 10 11 147
2 11 1 17 5 0 85
2 11 1 16 0 6 195
2 11 1 15 6 1 49
2 11 1 14 1 7 185
2 11 1 13 7 2 2
2 11 1 12 2 8 187
2 11 1 11 8 3 4
2 11 1 10 3 9 183
2 11 1 9 9 4 36
2 11 1 8 4 10 21
2 11 1 7 10 5 10
2 11 1 6 16 0 180
2 11 1 6 5 11 188
2 11 1 5 11 6 105
2 11 1 5 0 17 142
2 11 1 4 17 1 57
2 11 1 4 6 12 170
2 11 1 3 12 7 104
2 11 1 3 1 18 99
2 11 1 2 18 2 168
2 11 1 2 7 13 60
2 11 1 1 13 8 30
2 11 1 1 2 19 41
2 11 1 0 19 3 22
2 11 1 0 8 14 29
2 11 0 23 0 0 169
2 11 0 21 1 1 91
2 11 0 17 3 3 23
2 11 0 15 4 4 138
2 11 0 13 5 5 44
2 11 0 12 11 0 130
2 11 0 12 0 11 33
2 11 0 11 6 6 121
2 11 0 10 12 1 106
2 11 0 10 1 12 100
2 11 0 9 7 7 78
2 11 0 8 13 2 129
2 11 0 8 2 13 161
2 11 0 7 8 8 180
2 11 0 6 14 3 36
2 11 0 6 3 14 58
2 11 0 5 9 9 166
2 11 0 4 15 4 58
2 11 0 4 4 15 64
2 11 0 3 10 10 12
2 11 0 2 16 5 143
2 11 0 2 5 16 9
2 11 0 1 22 0 64
2 11 0 1 11 11 74
2 11 0 1 0 22 145
2 11 0 0 17 6 21
2 11 0 0 6 17 170
2 10 21 1 0 2 83
2 10 20 0 4 0 9
2 10 19 4 0 1 40
2 10 19 2 1 2 17
2 10 19 0 2 3 176
2 10 18 1 5 0 107
2 10 18 0 0 6 172
2 10 17 7 0 0 144
2 10 17 5 1 1 86
2 10 17 3 2 2 14
2 10 17 1 3 3 63
2 10 16 3 0 5 179
2 10 16 2 6 0 52
2 10 16 1 1 6 143
2 10 16 0 7 1 105
2 10 15 8 1 0 142
2 10 15 6 2 1 25
2 10 15 4 3 2 11
2 10 15 2 4 3 105
2 10 15 0 5 4 69
2 10 14 6 0 4 198
2 10 14 4 1 5 112
2 10 14 3 7 0 1
2 10 14 2 2 6 149
2 10 14 1 8 1 46
2 10 14 0 3 7 182
2 10 13 9 2 0 105
2 10 13 7 3 1 44
2 10 13 5 4 2 197
2 10 13 3 5 3 100
2 10 13 2 0 9 36
2 10 13 1 6 4 50
2 10 13 0 1 10 101
2 10 12 9 0 3 58
2 10 12 7 1 4 129
2 10 12 5 2 5 91
2 10 12 4 8 0 119
2 10 12 3 3 6 36
2 10 12 2 9 1 187
2 10 12 1 4 7 47
2 10 12 0 10 2 34
2 10 11 10 3 0 29
2 10 11 8 4 1 132
2 10 11 6 5 2 75
2 10 11 5 0 8 184
2 10 11 4 6 3 8
2 10 11 3 1 9 59
2 10 11 2 7 4 171
2 10 11 1 2 10 92
2 10 11 0 8 5 170
2 10 10 12 0 2 128
2 10 10 10 1 3 172
2 10 10 8 2 4 104
2 10 10 6 3 5 138
2 10 10 5 9 0 188
2 10 10 4 4 6 195
2 10 10 3 10 1 23
2 10 10 2 5 7 183
2 10 10 1 11 2 155
2 10 10 1 0 13 109
2 10 10 0 6 8 114
2 10 9 11 4 0 107
2 10 9 9 5 1 53
2 10 9 8 0 7 185
2 10 9 7 6 2 179
2 10 9 6 1 8 136
2 10 9 5 7 3 144
2 10 9 4 2 9 57
2 10 9 3 8 4 129
2 10 9 2 3 10 72
2 10 9 1 9 5 17
2 10 9 0 15 0 7
2 10 9 0 4 11 75
2 10 8 15 0 1 184
2 10 8 13 1 2 95
2 10 8 11 2 3 104
2 10 8 9 3 4 105
2 10 8 7 4 5 75
2 10 8 6 10 0 198
2 10 8 5 5 6 86
2 10 8 4 11 1 73
2 10 8 4 0 12 166
2 10 8 3 6 7 84
2 10 8 2 12 2 160
2 10 8 2 1 13 70
2 10 8 1 7 8 23
2 10 8 0 13 3 13
2 10 8 0 2 14 150
2 10 7 12 5 0 29
2 10 7 11 0 6 76
2 10 7 10 6 1 62
2 10 7 9 1 7 140
2 10 7 8 7 2 106
2 10 7 7 2 8 153
2 10 7 6 8 3 41
2 10 7 5 3 9 172
2 10 7 4 9 4 156
2 10 7 3 4 10 99
2 10 7 2 10 5 94
2 10 7 1 16 0 152
2 10 7 1 5 11 107
2 10 7 0 11 6 138
2 10 7 0 0 17 88
2 10 6 18 0 0 18
2 10 6 16 1 1 129
2 10 6 14 2 2 58
2 10 6 12 3 3 50
2 10 6 10 4 4 45
2 10 6 8 5 5 93
2 10 6 7 11 0 40
2 10 6 7 0 11 178
2 10 6 6 6 6 167
2 10 6 5 12 1 109
2 10 6 5 1 12 111
2 10 6 4 7 7 10
2 10 6 3 13 2 85
2 10 6 3 2 13 169
2 10 6 2 8 8 145
2 10 6 1 14 3 2
2 10 6 1 3 14 143
2 10 6 0 9 9 112
2 10 5 14 0 5 152
2 10 5 13 6 0 165
2 10 5 12 1 6 116
2 10 5 11 7 1 152
2 10 5 10 2 7 114
2 10 5 9 8 2 150
2 10 5 8 3 8 162
2 10 5 7 9 3 147
2 10 5 6 4 9 192
2 10 5 5 10 4 18
2 10 5 4 5 10 118
2 10 5 3 11 5 83
2 10 5 3 0 16 84
2 10 5 2 17 0 132
2 10 5 2 6 11 16
2 10 5 1 12 6 114
2 10 5 1 1 17 64
2 10 5 0 18 1 76
2 10 5 0 7 12 109
2 10 4 19 1 0 39
2 10 4 17 2 1 180
2 10 4 15 3 2 46
2 10 4 13 4 3 49
2 10 4 11 5 4 9
2 10 4 10 0 10 78
2 10 4 9 6 5 67
2 10 4 8 12 0 136
2 10 4 8 1 11 16
2 10 4 7 7 6 132
2 10 4 6 13 1 126
2 10 4 6 2 12 96
2 10 4 5 8 7 141
2 10 4 4 14 2 123
2 10 4 4 3 13 148
2 10 4 3 9 8 187
2 10 4 2 15 3 182
2 10 4 2 4 14 180
2 10 4 1 10 9 133
2 10 4 0 16 4 191
2 10 4 0 5 15 102
2 10 3 17 0 4 17
2 10 3 15 1 5 99
2 10 3 14 7 0 68
2 10 3 13 2 6 105
2 10 3 12 8 1 111
2 10 3 11 3 7 100
2 10 3 10 9 2 175
2 10 3 9 4 8 139
2 10 3 8 10 3 129
2 10 3 7 5 9 143
2 10 3 6 11 4 106
2 10 3 6 0 15 119
2 10 3 5 6 10 29
2 10 3 4 12 5 6
2 10 3 4 1 16 130
2 10 3 3 18 0 24
2 10 3 3 7 11 61
2 10 3 2 13 6 104
2 10 3 2 2 17 196
2 10 3 1 19 1 159
2 10 3 1 8 12 75
2 10 3 0 14 7 17
2 10 3 0 3 18 192
2 10 2 20 2 0 37
2 10 2 18 3 1 23
2 10 2 16 4 2 127
2 10 2 14 5 3 152
2 10 2 13 0 9 127
2 10 2 12 6 4 81
2 10 2 11 1 10 113
2 10 2 10 7 5 80
2 10 2 9 13 0 127
2 10 2 9 2 11 194
2 10 2 8 8 6 67
2 10 2 7 14 1 173
2 10 2 7 3 12 177
2 10 2 6 9 7 157
2 10 2 5 15 2 56
2 10 2 5 4 13 135
2 10 2 4 10 8 127
2 10 2 3 16 3 128
2 10 2 3 5 14 66
2 10 2 2 11 9 101
2 10 2 2 0 20 92
2 10 2 1 17 4 6
2 10 2 1 6 15 159
2 10 2 0 12 10 87
2 10 1 20 0 3 12
2 10 1 18 1 4 12
2 10 1 16 2 5 18
2 10 1 15 8 0 8
2 10 1 14 3 6 141
2 10 1 13 9 1 109
2 10 1 12 4 7 149
2 10 1 11 10 2 76
2 10 1 10 5 8 57
2 10 1 9 11 3 129
2 10 1 9 0 14 26
2 10 1 8 6 9 144
2 10 1 7 12 4 156
2 10 1 7 1 15 70
2 10 1 6 7 10 105
2 10 1 5 13 5 55
2 10 1 5 2 16 138
2 10 1 4 19 0 14
2 10 1 4 8 11 158
2 10 1 3 14 6 26
2 10 1 3 3 17 41
2 10 1 2 20 1 41
2 10 1 2 9 12 2
2 10 1 1 15 7 119
2 10 1 1 4 18 171
2 10 1 0 21 2 19
2 10 1 0 10 13 25
2 10 0 21 3 0 158
2 10 0 19 4 1 54
2 10 0 17 5 2 150
2 10 0 16 0 8 133
2 10 0 15 6 3 34
2 10 0 14 1 9 67
2 10 0 13 7 4 28
2 10 0 12 2 10 9
2 10 0 11 8 5 16
2 10 0 10 14 0 37
2 10 0 10 3 11 42
2 10 0 9 9 6 174
2 10 0 8 15 1 13
2 10 0 8 4 12 169
2 10 0 7 10 7 2
2 10 0 6 16 2 139
2 10 0 6 5 13 162
2 10 0 5 11 8 77
2 10 0 5 0 19 21
2 10 0 4 17 3 194
2 10 0 4 6 14 165
2 10 0 3 12 9 187
2 10 0 3 1 20 194
2 10 0 2 18 4 198
2 10 0 2 7 15 29
2 10 0 1 13 10 76
2 10 0 1 2 21 150
2 10 0 0 19 5 195
2 10 0 0 8 16 150
2 9 23 2 0 0 145
2 9 23 0 1 1 70
2 9 21 3 1 0 44
2 9 21 1 2 1 78
2 9 20 1 0 4 22
2 9 19 4 2 0 48
2 9 19 2 3 1 178
2 9 19 0 4 2 54
2 9 18 4 0 3 65
2 9 18 2 1 4 159
2 9 18 0 2 5 195
2 9 17 5 3 0 14
2 9 17 3 4 1 190
2 9 17 1 5 2 126
2 9 17 0 0 8 16
2 9 16 7 0 2 23
2 9 16 5 1 3 173
2 9 16 3 2 4 59
2 9 16 1 3 5 113
2 9 16 0 9 0 100
2 9 15 6 4 0 48
2 9 15 4 5 1 190
2 9 15 3 0 7 159
2 9 15 2 6 2 68
2 9 15 1 1 8 90
2 9 15 0 7 3 153
2 9 14 10 0 1 30
2 9 14 8 1 2 49
2 9 14 6 2 3 138
2 9 14 4 3 4 121
2 9 14 2 4 5 126
2 9 14 1 10 0 22
2 9 14 0 5 6 111
2 9 13 7 5 0 191
2 9 13 6 0 6 151
2 9 13 5 6 1 43
2 9 13 4 1 7 124
2 9 13 3 7 2 177
2 9 13 2 2 8 105
2 9 13 1 8 3 180
2 9 13 0 3 9 198
2 9 12 13 0 0 95
2 9 12 11 1 1 66
2 9 12 9 2 2 10
2 9 12 7 3 3 25
2 9 12 5 4 4 107
2 9 12 3 5 5 152
2 9 12 2 11 0 165
2 9 12 1 6 6 177
2 9 12 0 12 1 186
2 9 12 0 1 12 41
2 9 11 9 0 5 182
2 9 11 8 6 0 123
2 9 11 7 1 6 42
2 9 11 6 7 1 76
2 9 11 5 2 7 171
2 9 11 4 8 2 85
2 9 11 3 3 8 12
2 9 11 2 9 3 153
2 9 11 1 4 9 183
2 9 11 0 10 4 160
2 9 10 14 1 0 151
2 9 10 12 2 1 48
2 9 10 10 3 2 117
2 9 10 8 4 3 106
2 9 10 6 5 4 125
2 9 10 5 0 10 111
2 9 10 4 6 5 23
2 9 10 3 12 0 197
2 9 10 3 1 11 32
2 9 10 2 7 6 137
2 9 10 1 13 1 143
2 9 10 1 2 12 107
2 9 10 0 8 7 20
2 9 9 12 0 4 185
2 9 9 10 1 5 156
2 9 9 9 7 0 192
2 9 9 8 2 6 75
2 9 9 7 8 1 179
2 9 9 6 3 7 175
2 9 9 5 9 2 38
2 9 9 4 4 8 11
2 9 9 3 10 3 55
2 9 9 2 5 9 47
2 9 9 1 11 4 129
2 9 9 1 0 15 183
2 9 9 0 6 10 142
2 9 8 15 2 0 88
2 9 8 13 3 1 8
2 9 8 11 4 2 143
2 9 8 9 5 3 192
2 9 8 8 0 9 142
2 9 8 7 6 4 169
2 9 8 6 1 10 15
2 9 8 5 7 5 136
2 9 8 4 13 0 30
2 9 8 4 2 11 3
2 9 8 3 8 6 120
2 9 8 2 14 1 134
2 9 8 2 3 12 148
2 9 8 1 9 7 163
2 9 8 0 15 2 47
2 9 8 0 4 13 13
2 9 7 15 0 3 79
2 9 7 13 1 4 68
2 9 7 11 2 5 172
2 9 7 10 8 0 102
2 9 7 9 3 6 70
2 9 7 8 9 1 72
2 9 7 7 4 7 76
2 9 7 6 10 2 19
2 9 7 5 5 8 26
2 9 7 4 11 3 100
2 9 7 4 0 14 130
2 9 7 3 6 9 137
2 9 7 2 12 4 187
2 9 7 2 1 15 175
2 9 7 1 7 10 6
2 9 7 0 13 5 131
2 9 7 0 2 16 60
2 9 6 16 3 0 50
2 9 6 14 4 1 123
2 9 6 12 5 2 176
2 9 6 11 0 8 6
2 9 6 10 6 3 33
2 9 6 9 1 9 161
2 9 6 8 7 4 11
2 9 6 7 2 10 51
2 9 6 6 8 5 4
2 9 6 5 14 0 55
2 9 6 5 3 11 161
2 9 6 4 9 6 61
2 9 6 3 15 1 136
2 9 6 3 4 12 22
2 9 6 2 10 7 68
2 9 6 1 16 2 184
2 9 6 1 5 13 109
2 9 6 0 11 8 50
2 9 6 0 0 19 66
2 9 5 18 0 2 4
2 9 5 16 1 3 81
2 9 5 14 2 4 119
2 9 5 12 3 5 4
2 9 5 11 9 0 146
2 9 5 10 4 6 198
2 9 5 9 10 1 187
2 9 5 8 5 7 17
2 9 5 7 11 2 64
2 9 5 7 0 13 67
2 9 5 6 6 8 83
2 9 5 5 12 3 135
2 9 5 5 1 14 101
2 9 5 4 7 9 129
2 9 5 3 13 4 51
2 9 5 3 2 15 58
2 9 5 2 8 10 113
2 9 5 1 14 5 94
2 9 5 1 3 16 83
2 9 5 0 20 0 131
2 9 5 0 9 11 27
2 9 4 17 4 0 157
2 9 4 15 5 1 195
2 9 4 14 0 7 88
2 9 4 12 1 8 9
2 9 4 11 7 3 136
2 9 4 10 2 9 178
2 9 4 9 8 4 179
2 9 4 8 3 10 70
2 9 4 7 9 5 109
2 9 4 6 15 0 88
2 9 4 6 4 11 79
2 9 4 5 10 6 171
2 9 4 4 16 1 150
2 9 4 4 5 12 105
2 9 4 3 11 7 114
2 9 4 3 0 18 18
2 9 4 2 17 2 76
2 9 4 2 6 13 68
2 9 4 1 12 8 158
2 9 4 1 1 19 156
2 9 4 0 18 3 112
2 9 4 0 7 14 109
2 9 3 21 0 1 117
2 9 3 19 1 2 97
2 9 3 17 2 3 96
2 9 3 15 3 4 75
2 9 3 13 4 5 59
2 9 3 12 10 0 123
2 9 3 11 5 6 157
2 9 3 10 11 1 53
2 9 3 10 0 12 98
2 9 3 9 6 7 70
2 9 3 8 12 2 178
2 9 3 8 1 13 154
2 9 3 7 7 8 57
2 9 3 6 13 3 49
2 9 3 6 2 14 60
2 9 3 5 8 9 142
2 9 3 4 14 4 181
2 9 3 4 3 15 35
2 9 3 3 9 10 90
2 9 3 2 15 5 174
2 9 3 2 4 16 33
2 9 3 1 21 0 61
2 9 3 1 10 11 63
2 9 3 0 16 6 178
2 9 3 0 5 17 115
2 9 2 18 5 0 22
2 9 2 17 0 6 145
2 9 2 16 6 1 181
2 9 2 15 1 7 58
2 9 2 14 7 2 78
2 9 2 13 2 8 8
2 9 2 12 8 3 99
2 9 2 11 3 9 82
2 9 2 10 9 4 107
2 9 2 9 4 10 18
2 9 2 8 10 5 181
2 9 2 7 16 0 157
2 9 2 7 5 11 56
2 9 2 6 11 6 111
2 9 2 6 0 17 33
2 9 2 5 17 1 16
2 9 2 5 6 12 36
2 9 2 4 12 7 15
2 9 2 4 1 18 1
2 9 2 3 18 2 115
2 9 2 3 7 13 163
2 9 2 2 13 8 36
2 9 2 2 2 19 19
2 9 2 1 19 3 175
2 9 2 1 8 14 85
2 9 2 0 14 9 197
2 9 2 0 3 20 53
2 9 1 24 0 0 115
2 9 1 22 1 1 141
2 9 1 20 2 2 15
2 9 1 18 3 3 157
2 9 1 16 4 4 58
2 9 1 14 5 5 143
2 9 1 13 11 0 51
2 9 1 13 0 11 23
2 9 1 12 6 6 164
2 9 1 11 12 1 128
2 9 1 11 1 12 61
2 9 1 10 7 7 10
2 9 1 9 13 2 105
2 9 1 9 2 13 71
2 9 1 8 8 8 178
2 9 1 7 14 3 165
2 9 1 7 3 14 96
2 9 1 6 9 9 14
2 9 1 5 15 4 13
2 9 1 5 4 15 74
2 9 1 4 10 10 184
2 9 1 3 16 5 22
2 9 1 3 5 16 137
2 9 1 2 22 0 125
2 9 1 2 11 11 52
2 9 1 2 0 22 89
2 9 1 1 17 6 104
2 9 1 1 6 17 88
2 9 1 0 23 1 66
2 9 1 0 12 12 83
2 9 1 0 1 23 64
2 9 0 20 0 5 12
2 9 0 19 6 0 44
2 9 0 18 1 6 122
2 9 0 17 7 1 134
2 9 0 16 2 7 129
2 9 0 15 8 2 15
2 9 0 14 3 8 131
2 9 0 13 9 3 107
2 9 0 12 4 9 168
2 9 0 11 10 4 72
2 9 0 10 5 10 25
2 9 0 9 11 5 99
2 9 0 9 0 16 18
2 9 0 8 17 0 182
2 9 0 8 6 11 111
2 9 0 7 12 6 94
2 9 0 7 1 17 146
2 9 0 6 18 1 84
2 9 0 6 7 12 32
2 9 0 5 13 7 50
2 9 0 5 2 18 59
2 9 0 4 19 2 15
2 9 0 4 8 13 144
2 9 0 3 14 8 91
2 9 0 3 3 19 23
2 9 0 2 20 3 17
2 9 0 2 9 14 182
2 9 0 1 15 9 2
2 9 0 1 4 20 50
2 9 0 0 21 4 145
2 9 0 0 10 15 26
2 8 23 0 3 0 183
2 8 22 2 0 2 6
2 8 22 0 1 3 18
2 8 21 1 4 0 14
2 8 20 5 0 1 148
2 8 20 3 1 2 181
2 8 20 1 2 3 49
2 8 19 2 5 0 26
2 8 19 1 0 6 126
2 8 19 0 6 1 36
2 8 18 8 0 0 52
2 8 18 6 1 1 157
2 8 18 4 2 2 98
2 8 18 2 3 3 110
2 8 18 0 4 4 96
2 8 17 4 0 5 91
2 8 17 3 6 0 136
2 8 17 2 1 6 127
2 8 17 1 7 1 171
2 8 17 0 2 7 42
2 8 16 9 1 0 125
2 8 16 7 2 1 7
2 8 16 5 3 2 125
2 8 16 3 4 3 182
2 8 16 1 5 4 160
2 8 16 0 0 10 87
2 8 15 7 0 4 31
2 8 15 5 1 5 132
2 8 15 4 7 0 173
2 8 15 3 2 6 30
2 8 15 2 8 1 140
2 8 15 1 3 7 34
2 8 15 0 9 2 85
2 8 14 10 2 0 75
2 8 14 8 3 1 45
2 8 14 6 4 2 90
2 8 14 4 5 3 189
2 8 14 3 0 9 167
2 8 14 2 6 4 17
2 8 14 1 1 10 178
2 8 14 0 7 5 183
2 8 13 10 0 3 87
2 8 13 8 1 4 18
2 8 13 6 2 5 99
2 8 13 5 8 0 25
2 8 13 4 3 6 56
2 8 13 3 9 1 56
2 8 13 2 4 7 148
2 8 13 1 10 2 108
2 8 13 0 5 8 20
2 8 12 11 3 0 42
2 8 12 9 4 1 68
2 8 12 7 5 2 149
2 8 12 6 0 8 180
2 8 12 5 6 3 189
2 8 12 4 1 9 100
2 8 12 3 7 4 8
2 8 12 2 2 10 94
2 8 12 1 8 5 84
2 8 12 0 14 0 160
2 8 12 0 3 11 102
2 8 11 13 0 2 13
2 8 11 11 1 3 91
2 8 11 9 2 4 5
2 8 11 7 3 5 84
2 8 11 6 9 0 75
2 8 11 5 4 6 114
2 8 11 4 10 1 155
2 8 11 3 5 7 164
2 8 11 2 11 2 86
2 8 11 2 0 13 150
2 8 11 1 6 8 16
2 8 11 0 12 3 42
2 8 11 0 1 14 72
2 8 10 12 4 0 198
2 8 10 10 5 1 158
2 8 10 9 0 7 23
2 8 10 8 6 2 64
2 8 10 7 1 8 62
2 8 10 6 7 3 126
2 8 10 5 2 9 130
2 8 10 4 8 4 138
2 8 10 3 3 10 177
2 8 10 2 9 5 123
2 8 10 1 15 0 83
2 8 10 1 4 11 72
2 8 10 0 10 6 32
2 8 9 16 0 1 11
2 8 9 14 1 2 27
2 8 9 12 2 3 159
2 8 9 10 3 4 22
2 8 9 7 10 0 21
2 8 9 6 5 6 190
2 8 9 5 11 1 161
2 8 9 5 0 12 80
2 8 9 4 6 7 34
2 8 9 3 12 2 2
2 8 9 3 1 13 117
2 8 9 2 7 8 108
2 8 9 1 13 3 34
2 8 9 1 2 14 148
2 8 9 0 8 9 190
2 8 8 13 5 0 110
2 8 8 12 0 6 178
2 8 8 11 6 1 25
2 8 8 10 1 7 171
2 8 8 9 7 2 146
2 8 8 8 2 8 117
2 8 8 7 8 3 11
2 8 8 6 3 9 45
2 8 8 5 9 4 41
2 8 8 4 4 10 14
2 8 8 3 10 5 176
2 8 8 2 16 0 136
2 8 8 2 5 11 90
2 8 8 1 11 6 39
2 8 8 1 0 17 100
2 8 8 0 17 1 122
2 8 8 0 6 12 182
2 8 7 19 0 0 195
2 8 7 17 1 1 69
2 8 7 15 2 2 27
2 8 7 13 3 3 166
2 8 7 11 4 4 153
2 8 7 9 5 5 20
2 8 7 8 11 0 40
2 8 7 8 0 11 183
2 8 7 7 6 6 117
2 8 7 6 12 1 172
2 8 7 6 1 12 89
2 8 7 5 7 7 53
2 8 7 4 13 2 37
2 8 7 4 2 13 80
2 8 7 3 8 8 15
2 8 7 2 14 3 101
2 8 7 2 3 14 179
2 8 7 1 9 9 178
2 8 7 0 15 4 123
2 8 7 0 4 15 88
2 8 6 15 0 5 33
2 8 6 14 6 0 12
2 8 6 13 1 6 2
2 8 6 12 7 1 123
2 8 6 11 2 7 174
2 8 6 10 8 2 146
2 8 6 9 3 8 81
2 8 6 8 9 3 131
2 8 6 7 4 9 55
2 8 6 6 10 4 97
2 8 6 5 5 10 21
2 8 6 4 11 5 169
2 8 6 4 0 16 57
2 8 6 3 17 0 81
2 8 6 3 6 11 177
2 8 6 2 12 6 23
2 8 6 2 1 17 134
2 8 6 1 18 1 80
2 8 6 1 7 12 23
2 8 6 0 13 7 19
2 8 6 0 2 18 65
2 8 5 20 1 0 97
2 8 5 18 2 1 159
2 8 5 16 3 2 55
2 8 5 14 4 3 9
2 8 5 12 5 4 191
2 8 5 11 0 10 182
2 8 5 10 6 5 69
2 8 5 9 12 0 81
2 8 5 9 1 11 157
2 8 5 8 7 6 41
2 8 5 7 13 1 88
2 8 5 7 2 12 43
2 8 5 6 8 7 126
2 8 5 5 14 2 43
2 8 5 5 3 13 45
2 8 5 4 9 8 192
2 8 5 3 15 3 157
2 8 5 3 4 14 60
2 8 5 2 10 9 87
2 8 5 1 16 4 136
2 8 5 1 5 15 50
2 8 5 0 11 10 88
2 8 5 0 0 21 129
2 8 4 18 0 4 188
2 8 4 16 1 5 2
2 8 4 15 7 0 176
2 8 4 14 2 6 71
2 8 4 13 8 1 63
2 8 4 12 3 7 191
2 8 4 11 9 2 25
2 8 4 10 4 8 63
2 8 4 9 10 3 132
2 8 4 8 5 9 191
2 8 4 7 11 4 22
2 8 4 7 0 15 155
2 8 4 6 6 10 106
2 8 4 5 12 5 42
2 8 4 5 1 16 176
2 8 4 4 18 0 9
2 8 4 4 7 11 47
2 8 4 3 13 6 118
2 8 4 3 2 17 134
2 8 4 2 19 1 111
2 8 4 2 8 12 79
2 8 4 1 14 7 10
2 8 4 1 3 18 83
2 8 4 0 20 2 173
2 8 4 0 9 13 147
2 8 3 21 2 0 26
2 8 3 19 3 1 96
2 8 3 17 4 2 184
2 8 3 15 5 3 63
2 8 3 14 0 9 65
2 8 3 13 6 4 142
2 8 3 12 1 10 141
2 8 3 11 7 5 111
2 8 3 10 13 0 133
2 8 3 10 2 11 56
2 8 3 9 8 6 169
2 8 3 8 14 1 168
2 8 3 8 3 12 11
2 8 3 7 9 7 55
2 8 3 6 15 2 163
2 8 3 6 4 13 181
2 8 3 5 10 8 68
2 8 3 4 16 3 113
2 8 3 4 5 14 106
2 8 3 3 11 9 153
2 8 3 3 0 20 95
2 8 3 2 17 4 131
2 8 3 2 6 15 170
2 8 3 1 12 10 80
2 8 3 1 1 21 140
2 8 3 0 18 5 135
2 8 3 0 7 16 76
2 8 2 21 0 3 162
2 8 2 19 1 4 16
2 8 2 17 2 5 100
2 8 2 16 8 0 90
2 8 2 15 3 6 144
2 8 2 14 9 1 73
2 8 2 13 4 7 150
2 8 2 12 10 2 116
2 8 2 11 5 8 61
2 8 2 10 11 3 105
2 8 2 10 0 14 185
2 8 2 9 6 9 55
2 8 2 8 12 4 26
2 8 2 8 1 15 9
2 8 2 7 7 10 190
2 8 2 6 13 5 76
2 8 2 6 2 16 90
2 8 2 5 19 0 135
2 8 2 5 8 11 140
2 8 2 4 14 6 168
2 8 2 4 3 17 32
2 8 2 3 20 1 133
2 8 2 3 9 12 35
2 8 2 2 15 7 105
2 8 2 2 4 18 66
2 8 2 1 21 2 23
2 8 2 1 10 13 111
2 8 2 0 16 8 149
2 8 2 0 5 19 193
2 8 1 22 3 0 77
2 8 1 20 4 1 186
2 8 1 18 5 2 39
2 8 1 17 0 8 77
2 8 1 16 6 3 53
2 8 1 15 1 9 134
2 8 1 14 7 4 77
2 8 1 13 2 10 87
2 8 1 12 8 5 73
2 8 1 11 14 0 189
2 8 1 11 3 11 62
2 8 1 10 9 6 177
2 8 1 9 15 1 123
2 8 1 9 4 12 168
2 8 1 8 10 7 172
2 8 1 7 16 2 46
2 8 1 7 5 13 49
2 8 1 6 11 8 35
2 8 1 6 0 19 167
2 8 1 5 17 3 110
2 8 1 5 6 14 3
2 8 1 4 12 9 106
2 8 1 4 1 20 49
2 8 1 3 18 4 149
2 8 1 3 7 15 12
2 8 1 2 13 10 101
2 8 1 2 2 21 75
2 8 1 1 19 5 196
2 8 1 1 8 16 1
2 8 1 0 25 0 115
2 8 1 0 14 11 148
2 8 1 0 3 22 146
2 8 0 24 0 2 61
2 8 0 22 1 3 190
2 8 0 20 2 4 90
2 8 0 18 3 5 57
2 8 0 17 9 0 85
2 8 0 16 4 6 81
2 8 0 15 10 1 191
2 8 0 14 5 7 179
2 8 0 13 11 2 102
2 8 0 13 0 13 47
2 8 0 12 6 8 24
2 8 0 11 12 3 125
2 8 0 11 1 14 139
2 8 0 10 7 9 150
2 8 0 9 13 4 150
2 8 0 9 2 15 106
2 8 0 8 8 10 44
2 8 0 7 14 5 160
2 8 0 7 3 16 2
2 8 0 6 20 0 168
2 8 0 6 9 11 156
2 8 0 5 15 6 93
2 8 0 5 4 17 139
2 8 0 4 21 1 103
2 8 0 4 10 12 142
2 8 0 3 16 7 40
2 8 0 3 5 18 127
2 8 0 2 22 2 70
2 8 0 2 11 13 131
2 8 0 2 0 24 153
2 8 0 1 17 8 165
2 8 0 1 6 19 86
2 8 0 0 23 3 88
2 8 0 0 12 14 191
2 8 0 0 1 25 72
2 7 26 0 0 1 122
2 7 24 3 0 0 37
2 7 24 1 1 1 59
2 7 22 4 1 0 84
2 7 22 2 2 1 191
2 7 22 0 3 2 85
2 7 21 2 0 4 59
2 7 21 0 1 5 68
2 7 20 5 2 0 51
2 7 20 3 3 1 47
2 7 20 1 4 2 170
2 7 19 5 0 3 186
2 7 19 3 1 4 198
2 7 19 1 2 5 137
2 7 19 0 8 0 136
2 7 18 6 3 0 168
2 7 18 4 4 1 11
2 7 18 2 5 2 43
2 7 18 1 0 8 149
2 7 18 0 6 3 97
2 7 17 8 0 2 157
2 7 17 6 1 3 192
2 7 17 4 2 4 10
2 7 17 2 3 5 41
2 7 17 1 9 0 82
2 7 17 0 4 6 89
2 7 16 7 4 0 164
2 7 16 5 5 1 8
2 7 16 4 0 7 128
2 7 16 3 6 2 41
2 7 16 2 1 8 10
2 7 16 1 7 3 162
2 7 16 0 2 9 31
2 7 15 11 0 1 42
2 7 15 9 1 2 32
2 7 15 7 2 3 180
2 7 15 5 3 4 197
2 7 15 3 4 5 172
2 7 15 2 10 0 61
2 7 15 1 5 6 185
2 7 15 0 11 1 159
2 7 15 0 0 12 189
2 7 14 8 5 0 104
2 7 14 7 0 6 33
2 7 14 6 6 1 180
2 7 14 5 1 7 77
2 7 14 4 7 2 187
2 7 14 3 2 8 153
2 7 14 2 8 3 126
2 7 14 1 3 9 142
2 7 14 0 9 4 187
2 7 13 14 0 0 36
2 7 13 12 1 1 146
2 7 13 10 2 2 122
2 7 13 8 3 3 196
2 7 13 6 4 4 157
2 7 13 4 5 5 103
2 7 13 3 11 0 51
2 7 13 3 0 11 11
2 7 13 2 6 6 141
2 7 13 1 12 1 168
2 7 13 1 1 12 104
2 7 13 0 7 7 117
2 7 12 10 0 5 193
2 7 12 9 6 0 107
2 7 12 8 1 6 184
2 7 12 7 7 1 104
2 7 12 6 2 7 23
2 7 12 5 8 2 99
2 7 12 4 3 8 150
2 7 12 3 9 3 181
2 7 12 2 4 9 166
2 7 12 1 10 4 129
2 7 12 0 5 10 184
2 7 11 15 1 0 165
2 7 11 13 2 1 34
2 7 11 11 3 2 140
2 7 11 9 4 3 52
2 7 11 7 5 4 45
2 7 11 6 0 10 49
2 7 11 5 6 5 67
2 7 11 4 12 0 144
2 7 11 4 1 11 130
2 7 11 3 7 6 81
2 7 11 2 13 1 121
2 7 11 2 2 12 185
2 7 11 1 8 7 160
2 7 11 0 14 2 77
2 7 11 0 3 13 17
2 7 10 13 0 4 50
2 7 10 11 1 5 74
2 7 10 10 7 0 18
2 7 10 9 2 6 19
2 7 10 8 8 1 73
2 7 10 7 3 7 32
2 7 10 6 9 2 134
2 7 10 5 4 8 30
2 7 10 4 10 3 11
2 7 10 3 5 9 90
2 7 10 2 11 4 2
2 7 10 2 0 15 133
2 7 10 1 6 10 16
2 7 10 0 12 5 48
2 7 10 0 1 16 43
2 7 9 16 2 0 15
2 7 9 14 3 1 67
2 7 9 12 4 2 57
2 7 9 10 5 3 46
2 7 9 9 0 9 116
2 7 9 8 6 4 88
2 7 9 7 1 10 124
2 7 9 6 7 5 5
2 7 9 5 13 0 179
2 7 9 5 2 11 77
2 7 9 4 8 6 103
2 7 9 3 14 1 88
2 7 9 3 3 12 126
2 7 9 2 9 7 44
2 7 9 1 15 2 170
2 7 9 1 4 13 83
2 7 9 0 10 8 37
2 7 8 16 0 3 134
2 7 8 14 1 4 140
2 7 8 12 2 5 146
2 7 8 11 8 0 121
2 7 8 10 3 6 176
2 7 8 9 9 1 94
2 7 8 8 4 7 182
2 7 8 7 10 2 175
2 7 8 6 5 8 158
2 7 8 5 11 3 172
2 7 8 5 0 14 45
2 7 8 4 6 9 66
2 7 8 3 12 4 138
2 7 8 3 1 15 166
2 7 8 2 7 10 149
2 7 8 1 13 5 160
2 7 8 1 2 16 82
2 7 8 0 19 0 9
2 7 8 0 8 11 91
2 7 7 17 3 0 72
2 7 7 15 4 1 14
2 7 7 13 5 2 95
2 7 7 12 0 8 169
2 7 7 11 6 3 95
2 7 7 10 1 9 24
2 7 7 9 7 4 192
2 7 7 8 2 10 78
2 7 7 7 8 5 168
2 7 7 6 14 0 43
2 7 7 6 3 11 1
2 7 7 5 9 6 93
2 7 7 4 15 1 33
2 7 7 4 4 12 93
2 7 7 3 10 7 72
2 7 7 2 16 2 96
2 7 7 2 5 13 182
2 7 7 1 11 8 180
2 7 7 1 0 19 39
2 7 7 0 17 3 124
2 7 7 0 6 14 96
2 7 6 19 0 2 44
2 7 6 17 1 3 113
2 7 6 15 2 4 86
2 7 6 13 3 5 128
2 7 6 12 9 0 161
2 7 6 11 4 6 170
2 7 6 10 10 1 122
2 7 6 9 5 7 133
2 7 6 8 11 2 192
2 7 6 8 0 13 27
2 7 6 7 6 8 27
2 7 6 6 12 3 9
2 7 6 6 1 14 42
2 7 6 5 7 9 11
2 7 6 4 13 4 135
2 7 6 4 2 15 197
2 7 6 3 8 10 142
2 7 6 2 14 5 59
2 7 6 2 3 16 51
2 7 6 1 20 0 82
2 7 6 1 9 11 83
2 7 6 0 15 6 158
2 7 6 0 4 17 197
2 7 5 18 4 0 180
2 7 5 16 5 1 173
2 7 5 15 0 7 186
2 7 5 14 6 2 8
2 7 5 13 1 8 90
2 7 5 12 7 3 180
2 7 5 11 2 9 180
2 7 5 10 8 4 63
2 7 5 9 3 10 31
2 7 5 8 9 5 125
2 7 5 7 15 0 106
2 7 5 7 4 11 91
2 7 5 6 10 6 163
2 7 5 5 16 1 41
2 7 5 5 5 12 44
2 7 5 4 11 7 148
2 7 5 4 0 18 100
2 7 5 3 17 2 41
2 7 5 3 6 13 109
2 7 5 2 12 8 169
2 7 5 2 1 19 145
2 7 5 1 18 3 33
2 7 5 1 7 14 20
2 7 5 0 13 9 135
2 7 5 0 2 20 91
2 7 4 22 0 1 18
2 7 4 20 1 2 44
2 7 4 18 2 3 191
2 7 4 16 3 4 182
2 7 4 14 4 5 62
2 7 4 13 10 0 121
2 7 4 12 5 6 25
2 7 4 11 11 1 48
2 7 4 11 0 12 43
2 7 4 10 6 7 54
2 7 4 9 12 2 188
2 7 4 9 1 13 167
2 7 4 8 7 8 20
2 7 4 7 13 3 62
2 7 4 7 2 14 153
2 7 4 6 8 9 75
2 7 4 5 14 4 26
2 7 4 5 3 15 114
2 7 4 4 9 10 137
2 7 4 3 4 16 105
2 7 4 2 21 0 96
2 7 4 2 10 11 97
2 7 4 1 16 6 70
2 7 4 1 5 17 116
2 7 4 0 22 1 24
2 7 4 0 11 12 13
2 7 4 0 0 23 49
2 7 3 19 5 0 150
2 7 3 18 0 6 94
2 7 3 17 6 1 179
2 7 3 16 1 7 54
2 7 3 15 7 2 135
2 7 3 14 2 8 188
2 7 3 13 8 3 144
2 7 3 12 3 9 4
2 7 3 11 9 4 71
2 7 3 10 4 10 70
2 7 3 9 10 5 157
2 7 3 8 16 0 153
2 7 3 8 5 11 148
2 7 3 7 11 6 56
2 7 3 7 0 17 99
2 7 3 6 17 1 56
2 7 3 6 6 12 8
2 7 3 5 12 7 115
2 7 3 5 1 18 75
2 7 3 4 18 2 186
2 7 3 4 7 13 46
2 7 3 3 13 8 196
2 7 3 3 2 19 184
2 7 3 2 19 3 155
2 7 3 2 8 14 188
2 7 3 1 14 9 68
2 7 3 1 3 20 39
2 7 3 0 20 4 79
2 7 3 0 9 15 174
2 7 2 25 0 0 51
2 7 2 23 1 1 126
2 7 2 21 2 2 100
2 7 2 19 3 3 180
2 7 2 17 4 4 173
2 7 2 15 5 5 87
2 7 2 14 11 0 80
2 7 2 14 0 11 37
2 7 2 13 6 6 61
2 7 2 12 12 1 84
2 7 2 12 1 12 4
2 7 2 11 7 7 48
2 7 2 10 13 2 193
2 7 2 10 2 13 113
2 7 2 9 8 8 169
2 7 2 8 14 3 170
2 7 2 8 3 14 118
2 7 2 7 9 9 160
2 7 2 6 15 4 98
2 7 2 6 4 15 56
2 7 2 5 10 10 66
2 7 2 4 16 5 106
2 7 2 4 5 16 110
2 7 2 3 22 0 110
2 7 2 3 11 11 8
2 7 2 3 0 22 85
2 7 2 2 17 6 97
2 7 2 2 6 17 115
2 7 2 1 23 1 162
2 7 2 1 12 12 148
2 7 2 1 1 23 88
2 7 2 0 18 7 36
2 7 2 0 7 18 185
2 7 1 21 0 5 167
2 7 1 20 6 0 64
2 7 1 19 1 6 113
2 7 1 18 7 1 175
2 7 1 17 2 7 5
2 7 1 16 8 2 116
2 7 1 15 3 8 115
2 7 1 14 9 3 65
2 7 1 12 10 4 161
2 7 1 11 5 10 155
2 7 1 10 11 5 36
2 7 1 10 0 16 171
2 7 1 9 17 0 84
2 7 1 9 6 11 66
2 7 1 8 12 6 180
2 7 1 8 1 17 170
2 7 1 7 18 1 89
2 7 1 7 7 12 70
2 7 1 6 13 7 71
2 7 1 6 2 18 6
2 7 1 5 19 2 182
2 7 1 5 8 13 150
2 7 1 4 14 8 139
2 7 1 4 3 19 41
2 7 1 3 20 3 99
2 7 1 3 9 14 33
2 7 1 2 15 9 11
2 7 1 2 4 20 60
2 7 1 1 21 4 24
2 7 1 1 10 15 110
2 7 1 0 16 10 110
2 7 1 0 5 21 168
2 7 0 26 1 0 148
2 7 0 24 2 1 189
2 7 0 22 3 2 105
2 7 0 20 4 3 27
2 7 0 18 5 4 121
2 7 0 17 0 10 188
2 7 0 16 6 5 116
2 7 0 15 12 0 12
2 7 0 15 1 11 13
2 7 0 14 7 6 83
2 7 0 13 13 1 56
2 7 0 13 2 12 154
2 7 0 12 8 7 35
2 7 0 11 14 2 36
2 7 0 11 3 13 103
2 7 0 10 9 8 3
2 7 0 9 15 3 52
2 7 0 9 4 14 81
2 7 0 8 10 9 193
2 7 0 7 16 4 133
2 7 0 7 5 15 191
2 7 0 6 11 10 82
2 7 0 6 0 21 17
2 7 0 5 17 5 88
2 7 0 5 6 16 26
2 7 0 4 23 0 120
2 7 0 4 12 11 179
2 7 0 4 1 22 109
2 7 0 3 18 6 56
2 7 0 3 7 17 17
2 7 0 2 24 1 120
2 7 0 2 13 12 51
2 7 0 2 2 23 108
2 7 0 1 19 7 177
2 7 0 1 8 18 190
2 7 0 0 25 2 59
2 7 0 0 14 13 63
2 7 0 0 3 24 91
2 6 26 0 2 0 179
2 6 25 0 0 3 91
2 6 24 1 3 0 50
2 6 23 3 0 2 127
2 6 23 1 1 3 12
2 6 22 2 4 0 164
2 6 22 0 5 1 27
2 6 21 6 0 1 112
2 6 21 4 1 2 138
2 6 21 2 2 3 198
2 6 21 0 3 4 186
2 6 20 3 5 0 159
2 6 20 2 0 6 182
2 6 20 1 6 1 137
2 6 20 0 1 7 94
2 6 19 9 0 0 192
2 6 19 7 1 1 162
2 6 19 5 2 2 174
2 6 19 3 3 3 129
2 6 19 1 4 4 164
2 6 18 5 0 5 84
2 6 18 4 6 0 158
2 6 18 3 1 6 96
2 6 18 2 7 1 81
2 6 18 1 2 7 130
2 6 18 0 8 2 166
2 6 17 10 1 0 16
2 6 17 8 2 1 119
2 6 17 6 3 2 38
2 6 17 4 4 3 182
2 6 17 2 5 4 185
2 6 17 1 0 10 87
2 6 17 0 6 5 72
2 6 16 8 0 4 132
2 6 16 6 1 5 102
2 6 16 5 7 0 126
2 6 16 4 2 6 115
2 6 16 3 8 1 159
2 6 16 2 3 7 80
2 6 16 1 9 2 91
2 6 16 0 4 8 72
2 6 15 11 2 0 129
2 6 15 9 3 1 49
2 6 15 7 4 2 172
2 6 15 5 5 3 58
2 6 15 4 0 9 135
2 6 15 3 6 4 194
2 6 15 2 1 10 138
2 6 15 1 7 5 80
2 6 15 0 13 0 33
2 6 15 0 2 11 7
2 6 14 11 0 3 89
2 6 14 9 1 4 51
2 6 14 7 2 5 176
2 6 14 6 8 0 11
2 6 14 5 3 6 162
2 6 14 4 9 1 125
2 6 14 3 4 7 149
2 6 14 2 10 2 197
2 6 14 1 5 8 156
2 6 14 0 11 3 62
2 6 14 0 0 14 56
2 6 13 12 3 0 37
2 6 13 10 4 1 188
2 6 13 8 5 2 188
2 6 13 7 0 8 97
2 6 13 6 6 3 187
2 6 13 5 1 9 70
2 6 13 4 7 4 13
2 6 13 3 2 10 43
2 6 13 2 8 5 37
2 6 13 1 14 0 129
2 6 13 1 3 11 66
2 6 13 0 9 6 40
2 6 12 14 0 2 105
2 6 12 12 1 3 128
2 6 12 10 2 4 81
2 6 12 8 3 5 18
2 6 12 7 9 0 165
2 6 12 6 4 6 161
2 6 12 5 10 1 48
2 6 12 4 5 7 75
2 6 12 3 11 2 79
2 6 12 3 0 13 92
2 6 12 2 6 8 48
2 6 12 1 12 3 9
2 6 12 1 1 14 70
2 6 12 0 7 9 9
2 6 11 13 4 0 132
2 6 11 11 5 1 117
2 6 11 10 0 7 1
2 6 11 9 6 2 163
2 6 11 8 1 8 183
2 6 11 7 7 3 71
2 6 11 6 2 9 97
2 6 11 5 8 4 77
2 6 11 4 3 10 83
2 6 11 3 9 5 193
2 6 11 2 15 0 189
2 6 11 2 4 11 168
2 6 11 1 10 6 119
2 6 11 0 16 1 154
2 6 11 0 5 12 26
2 6 10 17 0 1 19
2 6 10 15 1 2 65
2 6 10 13 2 3 165
2 6 10 11 3 4 186
2 6 10 9 4 5 38
2 6 10 8 10 0 63
2 6 10 7 5 6 118
2 6 10 6 11 1 133
2 6 10 6 0 12 110
2 6 10 5 6 7 53
2 6 10 4 12 2 107
2 6 10 4 1 13 42
2 6 10 3 7 8 48
2 6 10 2 13 3 84
2 6 10 2 2 14 158
2 6 10 1 8 9 10
2 6 10 0 14 4 82
2 6 10 0 3 15 57
2 6 9 14 5 0 83
2 6 9 13 0 6 46
2 6 9 12 6 1 24
2 6 9 11 1 7 152
2 6 9 10 7 2 29
2 6 9 9 2 8 178
2 6 9 8 8 3 195
2 6 9 7 3 9 198
2 6 9 6 9 4 137
2 6 9 5 4 10 123
2 6 9 4 10 5 69
2 6 9 3 16 0 5
2 6 9 3 5 11 92
2 6 9 2 11 6 156
2 6 9 2 0 17 172
2 6 9 1 17 1 33
2 6 9 1 6 12 158
2 6 9 0 12 7 136
2 6 9 0 1 18 74
2 6 8 20 0 0 11
2 6 8 18 1 1 119
2 6 8 16 2 2 140
2 6 8 14 3 3 196
2 6 8 12 4 4 194
2 6 8 10 5 5 129
2 6 8 9 11 0 53
2 6 8 9 0 11 16
2 6 8 8 6 6 176
2 6 8 7 12 1 152
2 6 8 7 1 12 189
2 6 8 6 7 7 123
2 6 8 5 13 2 184
2 6 8 5 2 13 118
2 6 8 4 8 8 5
2 6 8 3 14 3 125
2 6 8 3 3 14 126
2 6 8 2 9 9 29
2 6 8 1 15 4 104
2 6 8 1 4 15 190
2 6 8 0 10 10 93
2 6 7 16 0 5 184
2 6 7 15 6 0 127
2 6 7 14 1 6 129
2 6 7 13 7 1 18
2 6 7 12 2 7 173
2 6 7 11 8 2 149
2 6 7 10 3 8 55
2 6 7 9 9 3 61
2 6 7 8 4 9 111
2 6 7 7 10 4 59
2 6 7 5 11 5 87
2 6 7 5 0 16 117
2 6 7 4 17 0 71
2 6 7 4 6 11 18
2 6 7 3 12 6 101
2 6 7 3 1 17 162
2 6 7 2 18 1 15
2 6 7 2 7 12 71
2 6 7 1 13 7 8
2 6 7 1 2 18 106
2 6 7 0 19 2 72
2 6 7 0 8 13 152
2 6 6 21 1 0 197
2 6 6 19 2 1 40
2 6 6 17 3 2 24
2 6 6 15 4 3 155
2 6 6 13 5 4 132
2 6 6 12 0 10 29
2 6 6 11 6 5 1
2 6 6 10 12 0 4
2 6 6 10 1 11 126
2 6 6 9 7 6 128
2 6 6 8 13 1 173
2 6 6 8 2 12 179
2 6 6 7 8 7 198
2 6 6 6 14 2 16
2 6 6 6 3 13 50
2 6 6 5 9 8 88
2 6 6 4 15 3 49
2 6 6 4 4 14 3
2 6 6 3 10 9 66
2 6 6 2 16 4 69
2 6 6 2 5 15 26
2 6 6 1 11 10 13
2 6 6 1 0 21 96
2 6 6 0 17 5 25
2 6 6 0 6 16 172
2 6 5 19 0 4 9
2 6 5 17 1 5 2
2 6 5 16 7 0 147
2 6 5 15 2 6 15
2 6 5 14 8 1 130
2 6 5 13 3 7 124
2 6 5 12 9 2 53
2 6 5 11 4 8 12
2 6 5 10 10 3 85
2 6 5 9 5 9 178
2 6 5 8 11 4 66
2 6 5 8 0 15 139
2 6 5 7 6 10 197
2 6 5 6 12 5 81
2 6 5 6 1 16 53
2 6 5 5 18 0 88
2 6 5 5 7 11 69
2 6 5 4 13 6 163
2 6 5 4 2 17 117
2 6 5 3 19 1 187
2 6 5 3 8 12 126
2 6 5 2 14 7 106
2 6 5 2 3 18 23
2 6 5 1 20 2 187
2 6 5 1 9 13 190
2 6 5 0 15 8 129
2 6 5 0 4 19 36
2 6 4 22 2 0 158
2 6 4 20 3 1 119
2 6 4 18 4 2 148
2 6 4 16 5 3 69
2 6 4 15 0 9 148
2 6 4 14 6 4 14
2 6 4 13 1 10 33
2 6 4 12 7 5 83
2 6 4 11 13 0 135
2 6 4 11 2 11 164
2 6 4 10 8 6 112
2 6 4 9 14 1 83
2 6 4 9 3 12 187
2 6 4 8 9 7 147
2 6 4 7 15 2 55
2 6 4 7 4 13 43
2 6 4 6 10 8 141
2 6 4 5 16 3 152
2 6 4 5 5 14 83
2 6 4 4 11 9 66
2 6 4 4 0 20 117
2 6 4 3 17 4 134
2 6 4 3 6 15 134
2 6 4 2 12 10 104
2 6 4 2 1 21 109
2 6 4 1 18 5 36
2 6 4 1 7 16 104
2 6 4 0 24 0 148
2 6 4 0 13 11 181
2 6 4 0 2 22 138
2 6 3 22 0 3 90
2 6 3 20 1 4 51
2 6 3 18 2 5 75
2 6 3 17 8 0 12
2 6 3 16 3 6 74
2 6 3 15 9 1 121
2 6 3 14 4 7 97
2 6 3 13 10 2 197
2 6 3 12 5 8 110
2 6 3 11 11 3 101
2 6 3 11 0 14 20
2 6 3 10 6 9 141
2 6 3 9 12 4 173
2 6 3 9 1 15 44
2 6 3 8 7 10 146
2 6 3 7 13 5 29
2 6 3 7 2 16 23
2 6 3 6 19 0 82
2 6 3 6 8 11 103
2 6 3 5 14 6 125
2 6 3 5 3 17 133
2 6 3 4 20 1 76
2 6 3 4 9 12 178
2 6 3 3 15 7 112
2 6 3 3 4 18 136
2 6 3 2 21 2 47
2 6 3 2 10 13 84
2 6 3 1 16 8 191
2 6 3 1 5 19 94
2 6 3 0 22 3 127
2 6 3 0 11 14 188
2 6 3 0 0 25 127
2 6 2 23 3 0 192
2 6 2 21 4 1 168
2 6 2 19 5 2 127
2 6 2 18 0 8 168
2 6 2 17 6 3 25
2 6 2 16 1 9 118
2 6 2 15 7 4 56
2 6 2 14 2 10 159
2 6 2 13 8 5 27
2 6 2 12 14 0 186
2 6 2 12 3 11 117
2 6 2 11 9 6 189
2 6 2 10 15 1 67
2 6 2 10 4 12 146
2 6 2 9 10 7 143
2 6 2 8 16 2 41
2 6 2 8 5 13 57
2 6 2 7 11 8 128
2 6 2 7 0 19 194
2 6 2 6 17 3 120
2 6 2 6 6 14 40
2 6 2 5 12 9 110
2 6 2 5 1 20 31
2 6 2 4 18 4 4
2 6 2 4 7 15 144
2 6 2 3 13 10 90
2 6 2 3 2 21 162
2 6 2 2 19 5 156
2 6 2 2 8 16 191
2 6 2 1 25 0 148
2 6 2 1 14 11 13
2 6 2 1 3 22 86
2 6 2 0 20 6 150
2 6 2 0 9 17 65
2 6 1 25 0 2 108
2 6 1 23 1 3 9
2 6 1 21 2 4 33
2 6 1 19 3 5 148
2 6 1 18 9 0 132
2 6 1 17 4 6 70
2 6 1 16 10 1 93
2 6 1 15 5 7 37
2 6 1 14 11 2 145
2 6 1 14 0 13 125
2 6 1 13 6 8 158
2 6 1 12 12 3 81
2 6 1 12 1 14 143
2 6 1 11 7 9 176
2 6 1 10 13 4 35
2 6 1 10 2 15 101
2 6 1 9 8 10 7
2 6 1 8 14 5 195
2 6 1 8 3 16 106
2 6 1 7 20 0 151
2 6 1 7 9 11 177
2 6 1 6 15 6 75
2 6 1 6 4 17 55
2 6 1 5 21 1 185
2 6 1 5 10 12 175
2 6 1 4 16 7 90
2 6 1 4 5 18 112
2 6 1 3 22 2 143
2 6 1 3 11 13 185
2 6 1 3 0 24 106
2 6 1 2 17 8 190
2 6 1 2 6 19 140
2 6 1 1 23 3 5
2 6 1 1 12 14 55
2 6 1 1 1 25 189
2 6 1 0 18 9 155
2 6 1 0 7 20 44
2 6 0 24 4 0 22
2 6 0 22 5 1 130
2 6 0 21 0 7 111
2 6 0 20 6 2 156
2 6 0 19 1 8 136
2 6 0 18 7 3 73
2 6 0 17 2 9 79
2 6 0 16 8 4 50
2 6 0 15 3 10 53
2 6 0 14 9 5 167
2 6 0 13 15 0 19
2 6 0 13 4 11 74
2 6 0 12 10 6 56
2 6 0 11 16 1 142
2 6 0 11 5 12 177
2 6 0 10 11 7 30
2 6 0 10 0 18 63
2 6 0 9 17 2 177
2 6 0 9 6 13 163
2 6 0 8 12 8 125
2 6 0 8 1 19 24
2 6 0 7 18 3 122
2 6 0 7 7 14 75
2 6 0 6 13 9 148
2 6 0 6 2 20 133
2 6 0 5 19 4 148
2 6 0 5 8 15 83
2 6 0 4 14 10 117
2 6 0 4 3 21 178
2 6 0 3 20 5 120
2 6 0 3 9 16 171
2 6 0 2 26 0 25
2 6 0 2 15 11 48
2 6 0 2 4 22 116
2 6 0 1 21 6 90
2 6 0 1 10 17 107
2 6 0 0 27 1 83
2 6 0 0 16 12 139
2 6 0 0 5 23 177
2 5 27 1 0 1 24
2 5 25 4 0 0 69
2 5 25 2 1 1 64
2 5 25 0 2 2 71
2 5 24 0 0 5 184
2 5 23 5 1 0 52
2 5 23 3 2 1 119
2 5 23 1 3 2 32
2 5 22 3 0 4 18
2 5 22 1 1 5 139
2 5 22 0 7 0 36
2 5 21 6 2 0 73
2 5 21 4 3 1 6
2 5 21 2 4 2 39
2 5 21 0 5 3 128
2 5 20 6 0 3 136
2 5 20 4 1 4 79
2 5 20 2 2 5 139
2 5 20 1 8 0 11
2 5 20 0 3 6 126
2 5 19 7 3 0 71
2 5 19 5 4 1 10
2 5 19 3 5 2 62
2 5 19 2 0 8 93
2 5 19 1 6 3 96
2 5 19 0 1 9 109
2 5 18 9 0 2 172
2 5 18 7 1 3 35
2 5 18 5 2 4 60
2 5 18 3 3 5 35
2 5 18 2 9 0 63
2 5 18 1 4 6 107
2 5 18 0 10 1 96
2 5 17 8 4 0 54
2 5 17 6 5 1 184
2 5 17 5 0 7 10
2 5 17 4 6 2 196
2 5 17 3 1 8 120
2 5 17 2 7 3 167
2 5 17 1 2 9 116
2 5 17 0 8 4 166
2 5 16 12 0 1 124
2 5 16 10 1 2 68
2 5 16 8 2 3 166
2 5 16 6 3 4 92
2 5 16 4 4 5 83
2 5 16 3 10 0 96
2 5 16 2 5 6 139
2 5 16 1 11 1 12
2 5 16 1 0 12 61
2 5 16 0 6 7 23
2 5 15 9 5 0 109
2 5 15 8 0 6 42
2 5 15 7 6 1 142
2 5 15 6 1 7 119
2 5 15 5 7 2 86
2 5 15 4 2 8 143
2 5 15 3 8 3 32
2 5 15 2 3 9 12
2 5 15 1 9 4 54
2 5 15 0 4 10 96
2 5 14 15 0 0 187
2 5 14 13 1 1 31
2 5 14 11 2 2 38
2 5 14 9 3 3 30
2 5 14 7 4 4 176
2 5 14 5 5 5 84
2 5 14 4 11 0 168
2 5 14 4 0 11 21
2 5 14 3 6 6 1
2 5 14 2 12 1 48
2 5 14 2 1 12 51
2 5 14 1 7 7 62
2 5 14 0 13 2 163
2 5 14 0 2 13 142
2 5 13 11 0 5 38
2 5 13 10 6 0 150
2 5 13 9 1 6 80
2 5 13 8 7 1 24
2 5 13 7 2 7 113
2 5 13 6 8 2 28
2 5 13 5 3 8 119
2 5 13 4 9 3 179
2 5 13 3 4 9 114
2 5 13 2 10 4 119
2 5 13 1 5 10 164
2 5 13 0 11 5 167
2 5 13 0 0 16 23
2 5 12 16 1 0 35
2 5 12 14 2 1 68
2 5 12 12 3 2 158
2 5 12 10 4 3 159
2 5 12 8 5 4 146
2 5 12 7 0 10 131
2 5 12 6 6 5 66
2 5 12 5 12 0 149
2 5 12 5 1 11 124
2 5 12 4 7 6 114
2 5 12 3 13 1 53
2 5 12 3 2 12 94
2 5 12 2 8 7 62
2 5 12 1 14 2 54
2 5 12 1 3 13 189
2 5 12 0 9 8 7
2 5 11 14 0 4 88
2 5 11 12 1 5 187
2 5 11 11 7 0 50
2 5 11 10 2 6 62
2 5 11 9 8 1 116
2 5 11 8 3 7 9
2 5 11 7 9 2 195
2 5 11 6 4 8 147
2 5 11 5 10 3 48
2 5 11 3 11 4 180
2 5 11 3 0 15 55
2 5 11 2 6 10 196
2 5 11 1 12 5 185
2 5 11 1 1 16 178
2 5 11 0 18 0 150
2 5 11 0 7 11 112
2 5 10 17 2 0 174
2 5 10 15 3 1 186
2 5 10 13 4 2 109
2 5 10 11 5 3 93
2 5 10 10 0 9 179
2 5 10 9 6 4 93
2 5 10 8 1 10 140
2 5 10 7 7 5 141
2 5 10 6 13 0 50
2 5 10 6 2 11 2
2 5 10 5 8 6 39
2 5 10 4 14 1 184
2 5 10 4 3 12 24
2 5 10 3 9 7 72
2 5 10 2 15 2 168
2 5 10 2 4 13 136
2 5 10 1 10 8 138
2 5 10 0 5 14 101
2 5 9 15 1 4 128
2 5 9 13 2 5 112
2 5 9 12 8 0 188
2 5 9 11 3 6 80
2 5 9 10 9 1 125
2 5 9 9 4 7 182
2 5 9 8 10 2 158
2 5 9 7 5 8 161
2 5 9 6 11 3 66
2 5 9 6 0 14 59
2 5 9 5 6 9 67
2 5 9 4 12 4 191
2 5 9 4 1 15 25
2 5 9 3 7 10 51
2 5 9 2 13 5 22
2 5 9 2 2 16 110
2 5 9 1 19 0 175
2 5 9 1 8 11 6
2 5 9 0 14 6 44
2 5 9 0 3 17 71
2 5 8 18 3 0 166
2 5 8 16 4 1 125
2 5 8 14 5 2 113
2 5 8 13 0 8 73
2 5 8 12 6 3 94
2 5 8 11 1 9 137
2 5 8 10 7 4 176
2 5 8 9 2 10 11
2 5 8 8 8 5 189
2 5 8 7 14 0 22
2 5 8 7 3 11 71
2 5 8 6 9 6 120
2 5 8 5 15 1 100
2 5 8 5 4 12 53
2 5 8 4 10 7 41
2 5 8 3 16 2 52
2 5 8 3 5 13 60
2 5 8 2 11 8 61
2 5 8 2 0 19 79
2 5 8 1 17 3 169
2 5 8 1 6 14 70
2 5 8 0 12 9 98
2 5 8 0 1 20 152
2 5 7 20 0 2 114
2 5 7 18 1 3 156
2 5 7 16 2 4 53
2 5 7 14 3 5 37
2 5 7 13 9 0 136
2 5 7 12 4 6 42
2 5 7 11 10 1 51
2 5 7 10 5 7 61
2 5 7 9 11 2 130
2 5 7 9 0 13 51
2 5 7 8 6 8 118
2 5 7 7 12 3 145
2 5 7 7 1 14 173
2 5 7 6 7 9 21
2 5 7 5 13 4 116
2 5 7 5 2 15 130
2 5 7 4 8 10 16
2 5 7 3 14 5 192
2 5 7 3 3 16 44
2 5 7 2 20 0 152
2 5 7 2 9 11 134
2 5 7 1 15 6 81
2 5 7 1 4 17 24
2 5 7 0 21 1 108
2 5 7 0 10 12 171
2 5 6 19 4 0 193
2 5 6 17 5 1 153
2 5 6 16 0 7 66
2 5 6 15 6 2 160
2 5 6 14 1 8 160
2 5 6 13 7 3 60
2 5 6 12 2 9 140
2 5 6 11 8 4 33
2 5 6 10 3 10 97
2 5 6 9 9 5 44
2 5 6 8 15 0 129
2 5 6 8 4 11 19
2 5 6 7 10 6 183
2 5 6 6 16 1 35
2 5 6 6 5 12 72
2 5 6 5 11 7 2
2 5 6 5 0 18 161
2 5 6 4 17 2 88
2 5 6 4 6 13 105
2 5 6 3 12 8 137
2 5 6 3 1 19 126
2 5 6 2 18 3 138
2 5 6 2 7 14 163
2 5 6 1 13 9 19
2 5 6 1 2 20 78
2 5 6 0 19 4 148
2 5 6 0 8 15 52
2 5 5 23 0 1 64
2 5 5 21 1 2 143
2 5 5 19 2 3 56
2 5 5 17 3 4 180
2 5 5 15 4 5 92
2 5 5 14 10 0 15
2 5 5 13 5 6 109
2 5 5 12 11 1 35
2 5 5 12 0 12 169
2 5 5 11 6 7 120
2 5 5 10 12 2 46
2 5 5 10 1 13 24
2 5 5 9 7 8 160
2 5 5 8 13 3 68
2 5 5 8 2 14 114
2 5 5 7 8 9 87
2 5 5 6 14 4 150
2 5 5 6 3 15 63
2 5 5 5 9 10 77
2 5 5 4 15 5 45
2 5 5 4 4 16 113
2 5 5 3 21 0 172
2 5 5 3 10 11 120
2 5 5 2 16 6 54
2 5 5 2 5 17 187
2 5 5 1 22 1 84
2 5 5 1 11 12 89
2 5 5 1 0 23 49
2 5 5 0 17 7 198
2 5 5 0 6 18 110
2 5 4 20 5 0 38
2 5 4 19 0 6 101
2 5 4 18 6 1 140
2 5 4 17 1 7 188
2 5 4 16 7 2 58
2 5 4 15 2 8 62
2 5 4 14 8 3 106
2 5 4 13 3 9 37
2 5 4 12 9 4 145
2 5 4 11 4 10 3
2 5 4 10 10 5 141
2 5 4 9 16 0 121
2 5 4 9 5 11 172
2 5 4 8 11 6 67
2 5 4 8 0 17 144
2 5 4 7 17 1 176
2 5 4 7 6 12 36
2 5 4 6 12 7 97
2 5 4 6 1 18 85
2 5 4 5 18 2 194
2 5 4 5 7 13 181
2 5 4 4 13 8 59
2 5 4 4 2 19 5
2 5 4 3 19 3 85
2 5 4 3 8 14 127
2 5 4 2 14 9 189
2 5 4 2 3 20 20
2 5 4 1 20 4 185
2 5 4 1 9 15 73
2 5 4 0 15 10 161
2 5 4 0 4 21 42
2 5 3 26 0 0 106
2 5 3 24 1 1 73
2 5 3 22 2 2 161
2 5 3 20 3 3 80
2 5 3 18 4 4 54
2 5 3 16 5 5 185
2 5 3 15 11 0 1
2 5 3 15 0 11 196
2 5 3 14 6 6 54
2 5 3 13 12 1 153
2 5 3 13 1 12 49
2 5 3 12 7 7 118
2 5 3 11 13 2 128
2 5 3 11 2 13 93
2 5 3 10 8 8 64
2 5 3 9 14 3 79
2 5 3 9 3 14 54
2 5 3 8 9 9 96
2 5 3 7 15 4 59
2 5 3 7 4 15 62
2 5 3 6 10 10 116
2 5 3 5 16 5 197
2 5 3 5 5 16 68
2 5 3 4 22 0 10
2 5 3 4 11 11 45
2 5 3 4 0 22 67
2 5 3 3 17 6 178
2 5 3 3 6 17 173
2 5 3 2 23 1 91
2 5 3 2 12 12 59
2 5 3 2 1 23 104
2 5 3 1 18 7 133
2 5 3 1 7 18 12
2 5 3 0 24 2 146
2 5 3 0 13 13 93
2 5 3 0 2 24 92
2 5 2 22 0 5 131
2 5 2 21 6 0 50
2 5 2 20 1 6 6
2 5 2 19 7 1 181
2 5 2 18 2 7 110
2 5 2 17 8 2 93
2 5 2 16 3 8 140
2 5 2 15 9 3 139
2 5 2 14 4 9 69
2 5 2 13 10 4 67
2 5 2 12 5 10 149
2 5 2 11 11 5 49
2 5 2 11 0 16 146
2 5 2 10 17 0 36
2 5 2 10 6 11 160
2 5 2 9 12 6 116
2 5 2 9 1 17 19
2 5 2 8 18 1 133
2 5 2 8 7 12 20
2 5 2 7 13 7 36
2 5 2 7 2 18 3
2 5 2 6 19 2 80
2 5 2 6 8 13 174
2 5 2 5 14 8 172
2 5 2 5 3 19 80
2 5 2 4 20 3 181
2 5 2 4 9 14 61
2 5 2 3 15 9 41
2 5 2 3 4 20 67
2 5 2 2 21 4 11
2 5 2 2 10 15 99
2 5 2 1 16 10 36
2 5 2 1 5 21 170
2 5 2 0 22 5 191
2 5 2 0 11 16 184
2 5 2 0 0 27 112
2 5 1 27 1 0 186
2 5 1 25 2 1 198
2 5 1 23 3 2 69
2 5 1 21 4 3 74
2 5 1 19 5 4 153
2 5 1 18 0 10 90
2 5 1 17 6 5 32
2 5 1 16 12 0 97
2 5 1 16 1 11 6
2 5 1 15 7 6 186
2 5 1 14 13 1 184
2 5 1 14 2 12 181
2 5 1 13 8 7 100
2 5 1 12 14 2 40
2 5 1 12 3 13 71
2 5 1 11 9 8 191
2 5 1 10 15 3 83
2 5 1 10 4 14 161
2 5 1 9 10 9 183
2 5 1 8 16 4 47
2 5 1 8 5 15 197
2 5 1 7 11 10 123
2 5 1 7 0 21 45
2 5 1 6 17 5 83
2 5 1 6 6 16 20
2 5 1 5 23 0 53
2 5 1 5 12 11 149
2 5 1 5 1 22 165
2 5 1 4 18 6 176
2 5 1 4 7 17 6
2 5 1 3 24 1 8
2 5 1 3 13 12 84
2 5 1 3 2 23 91
2 5 1 2 19 7 15
2 5 1 2 8 18 53
2 5 1 1 25 2 105
2 5 1 1 14 13 145
2 5 1 1 3 24 83
2 5 1 0 20 8 171
2 5 1 0 9 19 96
2 5 0 25 0 4 46
2 5 0 23 1 5 127
2 5 0 22 7 0 79
2 5 0 21 2 6 13
2 5 0 20 8 1 69
2 5 0 19 3 7 175
2 5 0 18 9 2 39
2 5 0 17 4 8 104
2 5 0 16 10 3 196
2 5 0 15 5 9 83
2 5 0 14 11 4 144
2 5 0 14 0 15 143
2 5 0 13 6 10 144
2 5 0 12 12 5 54
2 5 0 12 1 16 1
2 5 0 11 18 0 166
2 5 0 11 7 11 105
2 5 0 10 13 6 141
2 5 0 10 2 17 128
2 5 0 9 19 1 43
2 5 0 9 8 12 142
2 5 0 8 14 7 101
2 5 0 8 3 18 124
2 5 0 7 20 2 160
2 5 0 7 9 13 79
2 5 0 6 15 8 120
2 5 0 6 4 19 94
2 5 0 5 21 3 156
2 5 0 5 10 14 125
2 5 0 4 16 9 28
2 5 0 4 5 20 125
2 5 0 3 22 4 73
2 5 0 3 11 15 11
2 5 0 3 0 26 120
2 5 0 2 17 10 121
2 5 0 2 6 21 175
2 5 0 1 23 5 76
2 5 0 1 12 16 105
2 5 0 1 1 27 65
2 5 0 0 29 0 134
2 5 0 0 18 11 83
2 5 0 0 7 22 87
2 4 29 0 1 0 63
2 4 27 1 2 0 183
2 4 26 1 0 3 51
2 4 25 2 3 0 82
2 4 25 0 4 1 172
2 4 24 4 0 2 62
2 4 24 2 1 3 83
2 4 24 0 2 4 17
2 4 23 3 4 0 147
2 4 23 1 5 1 55
2 4 23 0 0 7 86
2 4 22 7 0 1 100
2 4 22 5 1 2 15
2 4 22 3 2 3 143
2 4 22 1 3 4 63
2 4 21 4 5 0 105
2 4 21 3 0 6 32
2 4 21 2 6 1 94
2 4 21 1 1 7 104
2 4 21 0 7 2 54
2 4 20 10 0 0 8
2 4 20 8 1 1 16
2 4 20 6 2 2 115
2 4 20 4 3 3 93
2 4 20 2 4 4 150
2 4 20 0 5 5 97
2 4 19 6 0 5 14
2 4 19 5 6 0 196
2 4 19 4 1 6 8
2 4 19 3 7 1 160
2 4 19 2 2 7 102
2 4 19 1 8 2 111
2 4 19 0 3 8 185
2 4 18 11 1 0 124
2 4 18 9 2 1 150
2 4 18 7 3 2 183
2 4 18 5 4 3 125
2 4 18 3 5 4 61
2 4 18 2 0 10 178
2 4 18 1 6 5 43
2 4 18 0 12 0 81
2 4 18 0 1 11 169
2 4 17 9 0 4 117
2 4 17 7 1 5 29
2 4 17 6 7 0 45
2 4 17 5 2 6 130
2 4 17 4 8 1 51
2 4 17 3 3 7 8
2 4 17 2 9 2 143
2 4 17 1 4 8 152
2 4 17 0 10 3 58
2 4 16 12 2 0 118
2 4 16 10 3 1 170
2 4 16 8 4 2 17
2 4 16 6 5 3 166
2 4 16 5 0 9 28
2 4 16 4 6 4 19
2 4 16 3 1 10 51
2 4 16 2 7 5 168
2 4 16 1 13 0 164
2 4 16 1 2 11 83
2 4 16 0 8 6 170
2 4 15 12 0 3 48
2 4 15 10 1 4 125
2 4 15 8 2 5 170
2 4 15 7 8 0 18
2 4 15 6 3 6 198
2 4 15 5 9 1 15
2 4 15 4 4 7 115
2 4 15 3 10 2 65
2 4 15 2 5 8 165
2 4 15 1 11 3 10
2 4 15 1 0 14 163
2 4 15 0 6 9 57
2 4 14 13 3 0 1
2 4 14 11 4 1 52
2 4 14 9 5 2 63
2 4 14 8 0 8 53
2 4 14 7 6 3 186
2 4 14 6 1 9 138
2 4 14 5 7 4 124
2 4 14 4 2 10 148
2 4 14 3 8 5 156
2 4 14 2 14 0 114
2 4 14 2 3 11 169
2 4 14 1 9 6 149
2 4 14 0 15 1 13
2 4 14 0 4 12 53
2 4 13 15 0 2 21
2 4 13 13 1 3 130
2 4 13 11 2 4 2
2 4 13 9 3 5 1
2 4 13 8 9 0 121
2 4 13 7 4 6 20
2 4 13 6 10 1 7
2 4 13 5 5 7 89
2 4 13 4 11 2 32
2 4 13 4 0 13 186
2 4 13 3 6 8 91
2 4 13 2 12 3 179
2 4 13 2 1 14 67
2 4 13 1 7 9 108
2 4 13 0 13 4 54
2 4 13 0 2 15 80
2 4 12 14 4 0 178
2 4 12 12 5 1 132
2 4 12 11 0 7 145
2 4 12 10 6 2 58
2 4 12 9 1 8 61
2 4 12 8 7 3 116
2 4 12 7 2 9 144
2 4 12 6 8 4 95
2 4 12 5 3 10 114
2 4 12 4 9 5 96
2 4 12 3 15 0 181
2 4 12 3 4 11 128
2 4 12 2 10 6 4
2 4 12 1 16 1 120
2 4 12 1 5 12 131
2 4 12 0 11 7 114
2 4 12 0 0 18 144
2 4 11 18 0 1 123
2 4 11 16 1 2 112
2 4 11 14 2 3 151
2 4 11 12 3 4 144
2 4 11 10 4 5 192
2 4 11 9 10 0 167
2 4 11 8 5 6 130
2 4 11 7 11 1 74
2 4 11 7 0 12 171
2 4 11 6 6 7 32
2 4 11 5 12 2 156
2 4 11 5 1 13 109
2 4 11 4 7 8 140
2 4 11 3 13 3 78
2 4 11 3 2 14 72
2 4 11 2 8 9 31
2 4 11 1 14 4 66
2 4 11 1 3 15 73
2 4 11 0 9 10 141
2 4 10 15 5 0 100
2 4 10 14 0 6 138
2 4 10 13 6 1 11
2 4 10 12 1 7 70
2 4 10 11 7 2 42
2 4 10 10 2 8 61
2 4 10 9 8 3 80
2 4 10 8 3 9 112
2 4 10 7 9 4 49
2 4 10 6 4 10 190
2 4 10 5 10 5 80
2 4 10 4 16 0 132
2 4 10 4 5 11 38
2 4 10 3 11 6 52
2 4 10 3 0 17 186
2 4 10 2 17 1 94
2 4 10 2 6 12 164
2 4 10 1 12 7 131
2 4 10 1 1 18 53
2 4 10 0 18 2 152
2 4 10 0 7 13 51
2 4 9 21 0 0 130
2 4 9 19 1 1 65
2 4 9 17 2 2 162
2 4 9 15 3 3 122
2 4 9 13 4 4 9
2 4 9 11 5 5 16
2 4 9 10 11 0 64
2 4 9 10 0 11 99
2 4 9 9 6 6 105
2 4 9 8 12 1 74
2 4 9 8 1 12 7
2 4 9 7 7 7 177
2 4 9 6 13 2 87
2 4 9 6 2 13 40
2 4 9 5 8 8 35
2 4 9 4 14 3 27
2 4 9 4 3 14 100
2 4 9 3 9 9 17
2 4 9 2 15 4 156
2 4 9 2 4 15 126
2 4 9 1 10 10 190
2 4 9 0 16 5 124
2 4 9 0 5 16 62
2 4 8 17 0 5 9
2 4 8 16 6 0 94
2 4 8 15 1 6 136
2 4 8 14 7 1 188
2 4 8 13 2 7 113
2 4 8 12 8 2 50
2 4 8 11 3 8 21
2 4 8 10 9 3 184
2 4 8 9 4 9 187
2 4 8 8 10 4 115
2 4 8 7 5 10 146
2 4 8 6 11 5 76
2 4 8 6 0 16 64
2 4 8 5 17 0 174
2 4 8 5 6 11 185
2 4 8 4 12 6 32
2 4 8 4 1 17 151
2 4 8 3 18 1 57
2 4 8 3 7 12 191
2 4 8 2 13 7 160
2 4 8 2 2 18 35
2 4 8 1 19 2 196
2 4 8 1 8 13 51
2 4 8 0 14 8 173
2 4 8 0 3 19 100
2 4 7 22 1 0 122
2 4 7 20 2 1 161
2 4 7 18 3 2 116
2 4 7 16 4 3 48
2 4 7 14 5 4 47
2 4 7 13 0 10 42
2 4 7 12 6 5 158
2 4 7 11 12 0 110
2 4 7 11 1 11 102
2 4 7 10 7 6 5
2 4 7 9 13 1 23
2 4 7 9 2 12 159
2 4 7 8 8 7 149
2 4 7 7 14 2 67
2 4 7 7 3 13 51
2 4 7 6 9 8 158
2 4 7 5 15 3 100
2 4 7 5 4 14 48
2 4 7 4 10 9 191
2 4 7 3 16 4 159
2 4 7 3 5 15 22
2 4 7 2 11 10 98
2 4 7 2 0 21 154
2 4 7 1 17 5 62
2 4 7 1 6 16 194
2 4 7 0 23 0 57
2 4 7 0 12 11 144
2 4 7 0 1 22 100
2 4 6 20 0 4 99
2 4 6 18 1 5 113
2 4 6 17 7 0 13
2 4 6 16 2 6 103
2 4 6 15 8 1 38
2 4 6 14 3 7 91
2 4 6 13 9 2 1
2 4 6 12 4 8 158
2 4 6 11 10 3 97
2 4 6 10 5 9 142
2 4 6 9 11 4 61
2 4 6 9 0 15 162
2 4 6 8 6 10 24
2 4 6 7 12 5 65
2 4 6 7 1 16 39
2 4 6 6 18 0 129
2 4 6 6 7 11 122
2 4 6 5 13 6 93
2 4 6 5 2 17 182
2 4 6 4 19 1 150
2 4 6 4 8 12 38
2 4 6 3 14 7 140
2 4 6 3 3 18 171
2 4 6 2 20 2 54
2 4 6 2 9 13 118
2 4 6 1 15 8 133
2 4 6 1 4 19 195
2 4 6 0 21 3 125
2 4 6 0 10 14 46
2 4 5 23 2 0 35
2 4 5 21 3 1 83
2 4 5 19 4 2 122
2 4 5 17 5 3 66
2 4 5 16 0 9 195
2 4 5 15 6 4 14
2 4 5 14 1 10 62
2 4 5 13 7 5 144
2 4 5 12 13 0 174
2 4 5 12 2 11 173
2 4 5 11 8 6 164
2 4 5 10 14 1 189
2 4 5 10 3 12 118
2 4 5 9 9 7 30
2 4 5 8 15 2 19
2 4 5 8 4 13 54
2 4 5 7 10 8 150
2 4 5 6 16 3 126
2 4 5 6 5 14 148
2 4 5 5 11 9 189
2 4 5 5 0 20 189
2 4 5 4 17 4 166
2 4 5 4 6 15 126
2 4 5 3 12 10 79
2 4 5 3 1 21 78
2 4 5 2 18 5 111
2 4 5 2 7 16 67
2 4 5 1 24 0 189
2 4 5 1 13 11 159
2 4 5 1 2 22 29
2 4 5 0 19 6 128
2 4 5 0 8 17 139
2 4 4 23 0 3 93
2 4 4 21 1 4 183
2 4 4 19 2 5 8
2 4 4 18 8 0 57
2 4 4 17 3 6 24
2 4 4 16 9 1 22
2 4 4 15 4 7 185
2 4 4 14 10 2 142
2 4 4 13 5 8 102
2 4 4 12 11 3 50
2 4 4 12 0 14 72
2 4 4 11 6 9 188
2 4 4 10 12 4 95
2 4 4 10 1 15 149
2 4 4 9 7 10 31
2 4 4 8 13 5 112
2 4 4 8 2 16 50
2 4 4 7 19 0 153
2 4 4 7 8 11 129
2 4 4 6 14 6 55
2 4 4 6 3 17 65
2 4 4 5 20 1 78
2 4 4 5 9 12 87
2 4 4 4 15 7 41
2 4 4 4 4 18 34
2 4 4 3 21 2 157
2 4 4 3 10 13 167
2 4 4 2 16 8 18
2 4 4 2 5 19 20
2 4 4 1 22 3 63
2 4 4 1 11 14 61
2 4 4 1 0 25 116
2 4 4 0 17 9 75
2 4 4 0 6 20 68
2 4 3 24 3 0 118
2 4 3 22 4 1 137
2 4 3 20 5 2 79
2 4 3 19 0 8 9
2 4 3 18 6 3 183
2 4 3 17 1 9 173
2 4 3 16 7 4 112
2 4 3 15 2 10 78
2 4 3 14 8 5 39
2 4 3 13 14 0 41
2 4 3 13 3 11 143
2 4 3 12 9 6 177
2 4 3 11 15 1 119
2 4 3 11 4 12 187
2 4 3 10 10 7 106
2 4 3 9 16 2 56
2 4 3 9 5 13 124
2 4 3 8 11 8 49
2 4 3 8 0 19 184
2 4 3 7 17 3 106
2 4 3 7 6 14 5
2 4 3 6 12 9 167
2 4 3 6 1 20 10
2 4 3 5 18 4 64
2 4 3 5 7 15 64
2 4 3 4 13 10 39
2 4 3 4 2 21 48
2 4 3 3 19 5 168
2 4 3 3 8 16 182
2 4 3 2 25 0 50
2 4 3 2 14 11 161
2 4 3 2 3 22 115
2 4 3 1 20 6 1
2 4 3 1 9 17 76
2 4 3 0 26 1 150
2 4 3 0 15 12 26
2 4 3 0 4 23 19
2 4 2 26 0 2 195
2 4 2 24 1 3 120
2 4 2 22 2 4 60
2 4 2 20 3 5 138
2 4 2 19 9 0 192
2 4 2 18 4 6 191
2 4 2 17 10 1 194
2 4 2 16 5 7 102
2 4 2 15 11 2 88
2 4 2 15 0 13 186
2 4 2 14 6 8 92
2 4 2 13 12 3 160
2 4 2 13 1 14 159
2 4 2 12 7 9 96
2 4 2 11 13 4 96
2 4 2 11 2 15 101
2 4 2 10 8 10 132
2 4 2 9 14 5 145
2 4 2 9 3 16 134
2 4 2 8 20 0 51
2 4 2 8 9 11 75
2 4 2 7 15 6 82
2 4 2 7 4 17 97
2 4 2 6 21 1 67
2 4 2 6 10 12 140
2 4 2 5 16 7 50
2 4 2 5 5 18 145
2 4 2 4 22 2 143
2 4 2 4 11 13 74
2 4 2 4 0 24 158
2 4 2 3 17 8 93
2 4 2 3 6 19 81
2 4 2 2 23 3 181
2 4 2 2 12 14 27
2 4 2 2 1 25 78
2 4 2 1 18 9 160
2 4 2 1 7 20 40
2 4 2 0 24 4 110
2 4 2 0 13 15 50
2 4 2 0 2 26 33
2 4 1 25 4 0 63
2 4 1 23 5 1 32
2 4 1 22 0 7 172
2 4 1 21 6 2 64
2 4 1 20 1 8 149
2 4 1 19 7 3 107
2 4 1 18 2 9 113
2 4 1 17 8 4 81
2 4 1 16 3 10 88
2 4 1 15 9 5 100
2 4 1 14 15 0 5
2 4 1 14 4 11 108
2 4 1 13 10 6 19
2 4 1 12 16 1 134
2 4 1 12 5 12 74
2 4 1 11 11 7 169
2 4 1 11 0 18 186
2 4 1 10 17 2 176
2 4 1 10 6 13 144
2 4 1 9 12 8 63
2 4 1 9 1 19 101
2 4 1 8 18 3 60
2 4 1 8 7 14 117
2 4 1 7 13 9 111
2 4 1 7 2 20 48
2 4 1 6 19 4 150
2 4 1 6 8 15 32
2 4 1 5 14 10 82
2 4 1 5 3 21 49
2 4 1 4 20 5 40
2 4 1 4 9 16 158
2 4 1 3 26 0 118
2 4 1 3 15 11 40
2 4 1 3 4 22 101
2 4 1 2 21 6 76
2 4 1 2 10 17 13
2 4 1 1 27 1 41
2 4 1 1 16 12 48
2 4 1 1 5 23 21
2 4 1 0 22 7 155
2 4 1 0 11 18 29
2 4 1 0 0 29 176
2 4 0 29 0 1 139
2 4 0 27 1 2 19
2 4 0 25 2 3 114
2 4 0 23 3 4 137
2 4 0 21 4 5 89
2 4 0 20 10 0 77
2 4 0 19 5 6 58
2 4 0 18 11 1 58
2 4 0 18 0 12 110
2 4 0 17 6 7 71
2 4 0 16 12 2 177
2 4 0 16 1 13 140
2 4 0 15 7 8 143
2 4 0 14 13 3 139
2 4 0 14 2 14 156
2 4 0 13 8 9 29
2 4 0 12 14 4 169
2 4 0 12 3 15 67
2 4 0 11 9 10 143
2 4 0 10 15 5 12
2 4 0 10 4 16 164
2 4 0 9 21 0 108
2 4 0 9 10 11 178
2 4 0 8 16 6 110
2 4 0 8 5 17 77
2 4 0 7 22 1 172
2 4 0 7 11 12 79
2 4 0 7 0 23 111
2 4 0 6 17 7 162
2 4 0 6 6 18 132
2 4 0 5 23 2 73
2 4 0 5 12 13 196
2 4 0 5 1 24 153
2 4 0 4 18 8 84
2 4 0 4 7 19 7
2 4 0 3 24 3 157
2 4 0 3 13 14 4
2 4 0 3 2 25 156
2 4 0 2 19 9 14
2 4 0 2 8 20 132
2 4 0 1 25 4 196
2 4 0 1 14 15 161
2 4 0 1 3 26 143
2 4 0 0 20 10 127
2 4 0 0 9 21 94
2 3 28 0 1 2 158
2 3 26 5 0 0 51
2 3 26 3 1 1 102
2 3 26 1 2 2 179
2 3 25 1 0 5 69
2 3 25 0 6 0 5
2 3 24 6 1 0 32
2 3 24 4 2 1 83
2 3 24 2 3 2 11
2 3 24 0 4 3 146
2 3 23 4 0 4 20
2 3 23 2 1 5 175
2 3 23 1 7 0 4
2 3 23 0 2 6 70
2 3 22 7 2 0 38
2 3 22 5 3 1 131
2 3 22 3 4 2 25
2 3 22 1 5 3 43
2 3 22 0 0 9 27
2 3 21 7 0 3 188
2 3 21 5 1 4 104
2 3 21 3 2 5 36
2 3 21 2 8 0 121
2 3 21 1 3 6 148
2 3 21 0 9 1 2
2 3 20 8 3 0 63
2 3 20 6 4 1 169
2 3 20 4 5 2 66
2 3 20 3 0 8 37
2 3 20 2 6 3 168
2 3 20 1 1 9 123
2 3 20 0 7 4 23
2 3 19 10 0 2 60
2 3 19 8 1 3 169
2 3 19 6 2 4 66
2 3 19 4 3 5 182
2 3 19 3 9 0 66
2 3 19 2 4 6 91
2 3 19 1 10 1 21
2 3 19 0 5 7 144
2 3 18 9 4 0 47
2 3 18 7 5 1 109
2 3 18 6 0 7 23
2 3 18 5 6 2 171
2 3 18 4 1 8 124
2 3 18 3 7 3 138
2 3 18 2 2 9 129
2 3 18 1 8 4 128
2 3 18 0 3 10 178
2 3 17 13 0 1 7
2 3 17 11 1 2 44
2 3 17 9 2 3 138
2 3 17 7 3 4 135
2 3 17 5 4 5 162
2 3 17 4 10 0 139
2 3 17 3 5 6 152
2 3 17 2 11 1 112
2 3 17 2 0 12 18
2 3 17 1 6 7 182
2 3 17 0 12 2 150
2 3 17 0 1 13 25
2 3 16 10 5 0 78
2 3 16 9 0 6 155
2 3 16 8 6 1 135
2 3 16 7 1 7 176
2 3 16 6 7 2 3
2 3 16 5 2 8 100
2 3 16 4 8 3 86
2 3 16 3 3 9 111
2 3 16 2 9 4 104
2 3 16 1 4 10 121
2 3 16 0 10 5 32
2 3 15 16 0 0 117
2 3 15 14 1 1 180
2 3 15 12 2 2 136
2 3 15 10 3 3 84
2 3 15 8 4 4 197
2 3 15 6 5 5 76
2 3 15 5 11 0 108
2 3 15 5 0 11 107
2 3 15 4 6 6 89
2 3 15 3 12 1 72
2 3 15 3 1 12 57
2 3 15 2 7 7 148
2 3 15 1 13 2 153
2 3 15 1 2 13 46
2 3 15 0 8 8 35
2 3 14 12 0 5 182
2 3 14 11 6 0 2
2 3 14 10 1 6 20
2 3 14 9 7 1 114
2 3 14 8 2 7 1
2 3 14 7 8 2 138
2 3 14 6 3 8 78
2 3 14 5 9 3 139
2 3 14 4 4 9 58
2 3 14 3 10 4 3
2 3 14 2 5 10 184
2 3 14 1 11 5 97
2 3 14 1 0 16 88
2 3 14 0 17 0 60
2 3 14 0 6 11 17
2 3 13 17 1 0 36
2 3 13 15 2 1 133
2 3 13 13 3 2 189
2 3 13 11 4 3 90
2 3 13 9 5 4 5
2 3 13 8 0 10 131
2 3 13 7 6 5 108
2 3 13 6 12 0 147
2 3 13 6 1 11 61
2 3 13 5 7 6 198
2 3 13 4 13 1 128
2 3 13 4 2 12 40
2 3 13 3 8 7 37
2 3 13 2 14 2 151
2 3 13 2 3 13 6
2 3 13 1 9 8 156
2 3 13 0 15 3 139
2 3 13 0 4 14 192
2 3 12 15 0 4 103
2 3 12 13 1 5 156
2 3 12 12 7 0 107
2 3 12 11 2 6 153
2 3 12 10 8 1 71
2 3 12 9 3 7 180
2 3 12 8 9 2 1
2 3 12 7 4 8 196
2 3 12 6 10 3 183
2 3 12 5 5 9 84
2 3 12 4 11 4 134
2 3 12 4 0 15 13
2 3 12 3 6 10 142
2 3 12 2 12 5 65
2 3 12 2 1 16 12
2 3 12 1 18 0 3
2 3 12 1 7 11 48
2 3 12 0 13 6 129
2 3 12 0 2 17 6
2 3 11 18 2 0 94
2 3 11 16 3 1 119
2 3 11 14 4 2 141
2 3 11 12 5 3 43
2 3 11 11 0 9 92
2 3 11 10 6 4 78
2 3 11 9 1 10 24
2 3 11 8 7 5 189
2 3 11 7 13 0 146
2 3 11 7 2 11 124
2 3 11 6 8 6 119
2 3 11 5 14 1 70
2 3 11 5 3 12 82
2 3 11 4 9 7 11
2 3 11 3 15 2 156
2 3 11 3 4 13 121
2 3 11 2 10 8 108
2 3 11 1 16 3 46
2 3 11 1 5 14 142
2 3 11 0 11 9 99
2 3 11 0 0 20 77
2 3 10 18 0 3 135
2 3 10 16 1 4 34
2 3 10 14 2 5 25
2 3 10 13 8 0 128
2 3 10 12 3 6 25
2 3 10 11 9 1 70
2 3 10 10 4 7 20
2 3 10 9 10 2 115
2 3 10 8 5 8 87
2 3 10 7 11 3 184
2 3 10 7 0 14 190
2 3 10 6 6 9 115
2 3 10 5 12 4 122
2 3 10 5 1 15 19
2 3 10 4 7 10 113
2 3 10 3 13 5 127
2 3 10 3 2 16 81
2 3 10 2 19 0 48
2 3 10 2 8 11 172
2 3 10 1 14 6 63
2 3 10 1 3 17 12
2 3 10 0 20 1 198
2 3 10 0 9 12 83
2 3 9 19 3 0 98
2 3 9 17 4 1 72
2 3 9 15 5 2 80
2 3 9 14 0 8 28
2 3 9 13 6 3 20
2 3 9 12 1 9 179
2 3 9 11 7 4 194
2 3 9 10 2 10 27
2 3 9 9 8 5 90
2 3 9 8 14 0 132
2 3 9 8 3 11 177
2 3 9 7 9 6 31
2 3 9 6 15 1 6
2 3 9 6 4 12 166
2 3 9 5 10 7 159
2 3 9 4 16 2 109
2 3 9 4 5 13 155
2 3 9 3 11 8 86
2 3 9 3 0 19 37
2 3 9 2 17 3 173
2 3 9 2 6 14 9
2 3 9 1 12 9 72
2 3 9 1 1 20 158
2 3 9 0 18 4 112
2 3 9 0 7 15 22
2 3 8 21 0 2 72
2 3 8 19 1 3 6
2 3 8 17 2 4 183
2 3 8 15 3 5 36
2 3 8 14 9 0 74
2 3 8 13 4 6 71
2 3 8 12 10 1 81
2 3 8 11 5 7 45
2 3 8 10 11 2 22
2 3 8 10 0 13 161
2 3 8 9 6 8 141
2 3 8 8 12 3 9
2 3 8 8 1 14 191
2 3 8 7 7 9 44
2 3 8 6 13 4 48
2 3 8 6 2 15 109
2 3 8 5 8 10 49
2 3 8 4 14 5 173
2 3 8 4 3 16 175
2 3 8 3 20 0 57
2 3 8 3 9 11 187
2 3 8 2 15 6 134
2 3 8 2 4 17 57
2 3 8 1 21 1 16
2 3 8 1 10 12 153
2 3 8 0 16 7 6
2 3 8 0 5 18 166
2 3 7 20 4 0 147
2 3 7 18 5 1 143
2 3 7 17 0 7 58
2 3 7 16 6 2 106
2 3 7 15 1 8 168
2 3 7 14 7 3 129
2 3 7 13 2 9 176
2 3 7 12 8 4 17
2 3 7 11 3 10 16
2 3 7 10 9 5 94
2 3 7 9 15 0 127
2 3 7 9 4 11 162
2 3 7 8 10 6 150
2 3 7 7 16 1 197
2 3 7 7 5 12 139
2 3 7 6 11 7 136
2 3 7 6 0 18 116
2 3 7 5 17 2 14
2 3 7 5 6 13 47
2 3 7 4 12 8 52
2 3 7 4 1 19 29
2 3 7 3 18 3 41
2 3 7 3 7 14 105
2 3 7 2 13 9 193
2 3 7 2 2 20 57
2 3 7 1 19 4 14
2 3 7 1 8 15 63
2 3 7 0 14 10 141
2 3 7 0 3 21 121
2 3 6 24 0 1 188
2 3 6 22 1 2 71
2 3 6 18 3 4 166
2 3 6 16 4 5 73
2 3 6 15 10 0 46
2 3 6 14 5 6 101
2 3 6 13 11 1 116
2 3 6 13 0 12 96
2 3 6 12 6 7 106
2 3 6 11 12 2 111
2 3 6 11 1 13 27
2 3 6 10 7 8 157
2 3 6 9 13 3 161
2 3 6 9 2 14 171
2 3 6 8 8 9 132
2 3 6 7 14 4 152
2 3 6 7 3 15 74
2 3 6 6 9 10 1
2 3 6 5 15 5 91
2 3 6 5 4 16 170
2 3 6 4 21 0 88
2 3 6 4 10 11 3
2 3 6 3 16 6 98
2 3 6 3 5 17 197
2 3 6 2 22 1 91
2 3 6 2 11 12 137
2 3 6 2 0 23 176
2 3 6 1 17 7 172
2 3 6 1 6 18 57
2 3 6 0 23 2 142
2 3 6 0 12 13 39
2 3 6 0 1 24 141
2 3 5 21 5 0 42
2 3 5 20 0 6 123
2 3 5 19 6 1 165
2 3 5 18 1 7 132
2 3 5 17 7 2 47
2 3 5 16 2 8 42
2 3 5 15 8 3 10
2 3 5 14 3 9 154
2 3 5 13 9 4 67
2 3 5 12 4 10 179
2 3 5 11 10 5 61
2 3 5 10 16 0 15
2 3 5 10 5 11 11
2 3 5 9 11 6 68
2 3 5 9 0 17 156
2 3 5 8 17 1 78
2 3 5 8 6 12 141
2 3 5 7 12 7 55
2 3 5 7 1 18 126
2 3 5 6 18 2 28
2 3 5 6 7 13 123
2 3 5 5 13 8 172
2 3 5 5 2 19 44
2 3 5 4 19 3 120
2 3 5 4 8 14 88
2 3 5 3 14 9 24
2 3 5 3 3 20 57
2 3 5 2 20 4 141
2 3 5 2 9 15 94
2 3 5 1 15 10 74
2 3 5 1 4 21 72
2 3 5 0 21 5 89
2 3 5 0 10 16 160
2 3 4 27 0 0 48
2 3 4 25 1 1 88
2 3 4 23 2 2 130
2 3 4 21 3 3 91
2 3 4 19 4 4 46
2 3 4 17 5 5 140
2 3 4 16 11 0 175
2 3 4 16 0 11 100
2 3 4 15 6 6 170
2 3 4 14 12 1 108
2 3 4 14 1 12 174
2 3 4 13 7 7 31
2 3 4 12 13 2 48
2 3 4 12 2 13 161
2 3 4 11 8 8 107
2 3 4 10 14 3 132
2 3 4 10 3 14 68
2 3 4 9 9 9 149
2 3 4 8 15 4 53
2 3 4 8 4 15 13
2 3 4 7 10 10 138
2 3 4 6 16 5 125
2 3 4 6 5 16 85
2 3 4 5 22 0 133
2 3 4 5 11 11 97
2 3 4 5 0 22 134
2 3 4 4 17 6 140
2 3 4 4 6 17 37
2 3 4 3 23 1 104
2 3 4 3 12 12 127
2 3 4 3 1 23 111
2 3 4 2 18 7 183
2 3 4 2 7 18 38
2 3 4 1 24 2 66
2 3 4 1 13 13 54
2 3 4 1 2 24 129
2 3 4 0 19 8 159
2 3 4 0 8 19 61
2 3 3 23 0 5 23
2 3 3 22 6 0 188
2 3 3 21 1 6 143
2 3 3 20 7 1 93
2 3 3 19 2 7 111
2 3 3 18 8 2 19
2 3 3 17 3 8 140
2 3 3 16 9 3 75
2 3 3 15 4 9 150
2 3 3 14 10 4 52
2 3 3 13 5 10 26
2 3 3 12 11 5 66
2 3 3 12 0 16 11
2 3 3 11 17 0 131
2 3 3 11 6 11 160
2 3 3 10 12 6 35
2 3 3 10 1 17 59
2 3 3 9 18 1 120
2 3 3 9 7 12 49
2 3 3 8 13 7 196
2 3 3 8 2 18 135
2 3 3 7 19 2 79
2 3 3 7 8 13 197
2 3 3 6 14 8 141
2 3 3 6 3 19 30
2 3 3 5 20 3 52
2 3 3 5 9 14 6
2 3 3 4 15 9 110
2 3 3 4 4 20 91
2 3 3 3 21 4 47
2 3 3 3 10 15 173
2 3 3 2 16 10 18
2 3 3 2 5 21 101
2 3 3 1 22 5 35
2 3 3 1 11 16 86
2 3 3 0 28 0 118
2 3 3 0 17 11 181
2 3 3 0 6 22 82
2 3 2 28 1 0 3
2 3 2 26 2 1 16
2 3 2 24 3 2 99
2 3 2 22 4 3 138
2 3 2 20 5 4 113
2 3 2 19 0 10 123
2 3 2 18 6 5 54
2 3 2 17 12 0 129
2 3 2 17 1 11 177
2 3 2 16 7 6 33
2 3 2 15 13 1 14
2 3 2 15 2 12 69
2 3 2 14 8 7 13
2 3 2 13 14 2 115
2 3 2 13 3 13 188
2 3 2 12 9 8 89
2 3 2 11 15 3 9
2 3 2 11 4 14 122
2 3 2 10 10 9 122
2 3 2 9 16 4 20
2 3 2 9 5 15 58
2 3 2 8 11 10 84
2 3 2 8 0 21 159
2 3 2 7 17 5 37
2 3 2 7 6 16 162
2 3 2 6 23 0 35
2 3 2 6 12 11 146
2 3 2 6 1 22 184
2 3 2 5 18 6 178
2 3 2 5 7 17 117
2 3 2 4 24 1 3
2 3 2 4 13 12 40
2 3 2 4 2 23 17
2 3 2 3 19 7 118
2 3 2 3 8 18 166
2 3 2 2 25 2 6
2 3 2 2 14 13 185
2 3 2 2 3 24 159
2 3 2 1 20 8 168
2 3 2 1 9 19 78
2 3 2 0 26 3 87
2 3 2 0 15 14 14
2 3 2 0 4 25 113
2 3 1 26 0 4 195
2 3 1 24 1 5 62
2 3 1 23 7 0 188
2 3 1 22 2 6 40
2 3 1 21 8 1 24
2 3 1 20 3 7 50
2 3 1 19 9 2 185
2 3 1 18 4 8 16
2 3 1 17 10 3 58
2 3 1 16 5 9 183
2 3 1 15 11 4 82
2 3 1 15 0 15 70
2 3 1 14 6 10 48
2 3 1 13 12 5 33
2 3 1 13 1 16 95
2 3 1 12 18 0 60
2 3 1 12 7 11 99
2 3 1 11 13 6 87
2 3 1 11 2 17 41
2 3 1 10 19 1 94
2 3 1 10 8 12 11
2 3 1 9 14 7 111
2 3 1 9 3 18 128
2 3 1 8 20 2 24
2 3 1 8 9 13 95
2 3 1 7 15 8 169
2 3 1 7 4 19 36
2 3 1 6 21 3 110
2 3 1 6 10 14 67
2 3 1 5 16 9 93
2 3 1 5 5 20 64
2 3 1 4 22 4 86
2 3 1 4 11 15 129
2 3 1 4 0 26 4
2 3 1 3 17 10 149
2 3 1 3 6 21 186
2 3 1 2 23 5 182
2 3 1 2 12 16 131
2 3 1 2 1 27 116
2 3 1 1 29 0 144
2 3 1 1 18 11 49
2 3 1 1 7 22 174
2 3 1 0 24 6 129
2 3 1 0 13 17 98
2 3 1 0 2 28 191
2 3 0 29 2 0 187
2 3 0 27 3 1 68
2 3 0 25 4 2 80
2 3 0 23 5 3 123
2 3 0 22 0 9 24
2 3 0 21 6 4 83
2 3 0 20 1 10 165
2 3 0 19 7 5 59
2 3 0 18 13 0 159
2 3 0 18 2 11 156
2 3 0 17 8 6 4
2 3 0 16 14 1 147
2 3 0 16 3 12 96
2 3 0 15 9 7 20
2 3 0 14 15 2 17
2 3 0 14 4 13 104
2 3 0 13 10 8 118
2 3 0 12 16 3 9
2 3 0 12 5 14 86
2 3 0 11 11 9 73
2 3 0 11 0 20 161
2 3 0 10 17 4 197
2 3 0 10 6 15 42
2 3 0 9 12 10 9
2 3 0 9 1 21 15
2 3 0 8 18 5 38
2 3 0 8 7 16 5
2 3 0 7 24 0 59
2 3 0 7 13 11 100
2 3 0 7 2 22 83
2 3 0 6 19 6 128
2 3 0 6 8 17 73
2 3 0 5 25 1 65
2 3 0 5 14 12 9
2 3 0 5 3 23 184
2 3 0 4 20 7 126
2 3 0 4 9 18 115
2 3 0 3 26 2 127
2 3 0 3 15 13 11
2 3 0 3 4 24 88
2 3 0 2 21 8 86
2 3 0 2 10 19 181
2 3 0 1 27 3 88
2 3 0 1 16 14 104
2 3 0 1 5 25 110
2 3 0 0 22 9 56
2 3 0 0 11 20 149
2 2 30 1 1 0 130
2 2 28 2 2 0 136
2 2 28 0 3 1 77
2 2 27 2 0 3 125
2 2 27 0 1 4 71
2 2 26 3 3 0 22
2 2 26 1 4 1 191
2 2 25 5 0 2 131
2 2 25 3 1 3 58
2 2 25 1 2 4 154
2 2 24 4 4 0 125
2 2 24 2 5 1 191
2 2 24 1 0 7 49
2 2 24 0 6 2 69
2 2 23 8 0 1 119
2 2 23 6 1 2 35
2 2 23 4 2 3 188
2 2 23 2 3 4 40
2 2 23 0 4 5 150
2 2 22 5 5 0 92
2 2 22 4 0 6 132
2 2 22 3 6 1 79
2 2 22 2 1 7 74
2 2 22 1 7 2 55
2 2 22 0 2 8 129
2 2 21 11 0 0 118
2 2 21 9 1 1 83
2 2 21 7 2 2 37
2 2 21 5 3 3 192
2 2 21 3 4 4 192
2 2 21 1 5 5 148
2 2 21 0 11 0 119
2 2 21 0 0 11 84
2 2 20 7 0 5 4
2 2 20 6 6 0 40
2 2 20 5 1 6 174
2 2 20 4 7 1 163
2 2 20 3 2 7 124
2 2 20 2 8 2 130
2 2 20 1 3 8 81
2 2 20 0 9 3 104
2 2 19 12 1 0 12
2 2 19 10 2 1 94
2 2 19 8 3 2 148
2 2 19 6 4 3 64
2 2 19 4 5 4 108
2 2 19 3 0 10 171
2 2 19 2 6 5 34
2 2 19 1 12 0 64
2 2 19 1 1 11 186
2 2 19 0 7 6 27
2 2 18 10 0 4 8
2 2 18 8 1 5 56
2 2 18 7 7 0 160
2 2 18 6 2 6 66
2 2 18 5 8 1 87
2 2 18 4 3 7 160
2 2 18 3 9 2 1
2 2 18 2 4 8 72
2 2 18 1 10 3 72
2 2 18 0 5 9 74
2 2 17 13 2 0 149
2 2 17 11 3 1 195
2 2 17 9 4 2 157
2 2 17 7 5 3 96
2 2 17 6 0 9 182
2 2 17 5 6 4 144
2 2 17 4 1 10 11
2 2 17 3 7 5 75
2 2 17 2 13 0 28
2 2 17 2 2 11 192
2 2 17 1 8 6 42
2 2 17 0 14 1 195
2 2 17 0 3 12 53
2 2 16 13 0 3 78
2 2 16 11 1 4 119
2 2 16 9 2 5 145
2 2 16 8 8 0 78
2 2 16 7 3 6 96
2 2 16 6 9 1 22
2 2 16 5 4 7 164
2 2 16 4 10 2 97
2 2 16 3 5 8 120
2 2 16 2 11 3 152
2 2 16 2 0 14 22
2 2 16 1 6 9 102
2 2 16 0 12 4 23
2 2 16 0 1 15 72
2 2 15 14 3 0 91
2 2 15 12 4 1 4
2 2 15 10 5 2 79
2 2 15 9 0 8 67
2 2 15 8 6 3 121
2 2 15 7 1 9 114
2 2 15 6 7 4 129
2 2 15 5 2 10 11
2 2 15 4 8 5 168
2 2 15 3 14 0 112
2 2 15 3 3 11 109
2 2 15 2 9 6 94
2 2 15 1 15 1 172
2 2 15 1 4 12 175
2 2 15 0 10 7 164
2 2 14 16 0 2 157
2 2 14 14 1 3 128
2 2 14 12 2 4 105
2 2 14 10 3 5 115
2 2 14 9 9 0 25
2 2 14 8 4 6 47
2 2 14 7 10 1 17
2 2 14 6 5 7 45
2 2 14 5 11 2 128
2 2 14 5 0 13 79
2 2 14 4 6 8 52
2 2 14 3 12 3 26
2 2 14 3 1 14 132
2 2 14 2 7 9 9
2 2 14 1 13 4 18
2 2 14 1 2 15 14
2 2 14 0 8 10 145
2 2 13 15 4 0 23
2 2 13 13 5 1 85
2 2 13 12 0 7 44
2 2 13 11 6 2 30
2 2 13 10 1 8 8
2 2 13 9 7 3 184
2 2 13 8 2 9 22
2 2 13 7 8 4 104
2 2 13 6 3 10 60
2 2 13 5 9 5 12
2 2 13 4 15 0 50
2 2 13 4 4 11 24
2 2 13 3 10 6 189
2 2 13 2 16 1 182
2 2 13 2 5 12 139
2 2 13 1 11 7 35
2 2 13 1 0 18 45
2 2 13 0 17 2 190
2 2 13 0 6 13 198
2 2 12 19 0 1 123
2 2 12 17 1 2 134
2 2 12 15 2 3 197
2 2 12 13 3 4 170
2 2 12 11 4 5 177
2 2 12 10 10 0 121
2 2 12 9 5 6 139
2 2 12 8 11 1 37
2 2 12 8 0 12 164
2 2 12 7 6 7 30
2 2 12 6 12 2 36
2 2 12 6 1 13 47
2 2 12 5 7 8 61
2 2 12 4 13 3 179
2 2 12 4 2 14 128
2 2 12 3 8 9 164
2 2 12 2 14 4 70
2 2 12 2 3 15 61
2 2 12 1 9 10 118
2 2 12 0 15 5 178
2 2 12 0 4 16 11
2 2 11 16 5 0 1
2 2 11 15 0 6 81
2 2 11 14 6 1 113
2 2 11 13 1 7 111
2 2 11 12 7 2 48
2 2 11 11 2 8 28
2 2 11 10 8 3 155
2 2 11 9 3 9 195
2 2 11 8 9 4 154
2 2 11 7 4 10 125
2 2 11 6 10 5 56
2 2 11 5 16 0 40
2 2 11 5 5 11 26
2 2 11 4 11 6 160
2 2 11 4 0 17 46
2 2 11 3 17 1 13
2 2 11 3 6 12 145
2 2 11 2 12 7 111
2 2 11 2 1 18 1
2 2 11 1 18 2 139
2 2 11 1 7 13 102
2 2 11 0 13 8 151
2 2 11 0 2 19 103
2 2 10 22 0 0 59
2 2 10 20 1 1 157
2 2 10 18 2 2 124
2 2 10 16 3 3 144
2 2 10 14 4 4 65
2 2 10 12 5 5 132
2 2 10 11 11 0 144
2 2 10 11 0 11 119
2 2 10 10 6 6 160
2 2 10 9 12 1 161
2 2 10 9 1 12 165
2 2 10 8 7 7 97
2 2 10 7 13 2 87
2 2 10 7 2 13 127
2 2 10 6 8 8 111
2 2 10 5 14 3 182
2 2 10 5 3 14 147
2 2 10 4 9 9 38
2 2 10 3 15 4 18
2 2 10 3 4 15 86
2 2 10 2 10 10 86
2 2 10 1 16 5 195
2 2 10 1 5 16 73
2 2 10 0 22 0 172
2 2 10 0 11 11 11
2 2 10 0 0 22 166
2 2 9 18 0 5 156
2 2 9 17 6 0 173
2 2 9 16 1 6 94
2 2 9 15 7 1 143
2 2 9 14 2 7 184
2 2 9 13 8 2 171
2 2 9 12 3 8 87
2 2 9 11 9 3 50
2 2 9 10 4 9 97
2 2 9 9 10 4 123
2 2 9 8 5 10 51
2 2 9 7 11 5 189
2 2 9 7 0 16 182
2 2 9 6 17 0 174
2 2 9 6 6 11 113
2 2 9 5 12 6 146
2 2 9 5 1 17 168
2 2 9 4 18 1 192
2 2 9 4 7 12 168
2 2 9 3 13 7 42
2 2 9 3 2 18 85
2 2 9 2 19 2 87
2 2 9 2 8 13 171
2 2 9 1 14 8 30
2 2 9 1 3 19 11
2 2 9 0 20 3 175
2 2 9 0 9 14 106
2 2 8 23 1 0 163
2 2 8 21 2 1 106
2 2 8 19 3 2 82
2 2 8 17 4 3 185
2 2 8 15 5 4 136
2 2 8 14 0 10 63
2 2 8 13 6 5 9
2 2 8 12 12 0 42
2 2 8 12 1 11 65
2 2 8 11 7 6 162
2 2 8 10 13 1 35
2 2 8 10 2 12 1
2 2 8 9 8 7 28
2 2 8 8 14 2 63
2 2 8 8 3 13 177
2 2 8 7 9 8 44
2 2 8 6 15 3 170
2 2 8 6 4 14 169
2 2 8 5 10 9 33
2 2 8 4 16 4 45
2 2 8 4 5 15 71
2 2 8 3 11 10 101
2 2 8 3 0 21 135
2 2 8 2 17 5 52
2 2 8 2 6 16 80
2 2 8 1 23 0 166
2 2 8 1 12 11 190
2 2 8 1 1 22 20
2 2 8 0 18 6 66
2 2 8 0 7 17 157
2 2 7 21 0 4 101
2 2 7 19 1 5 118
2 2 7 18 7 0 15
2 2 7 17 2 6 8
2 2 7 16 8 1 66
2 2 7 15 3 7 167
2 2 7 14 9 2 184
2 2 7 13 4 8 191
2 2 7 12 10 3 158
2 2 7 11 5 9 157
2 2 7 10 11 4 136
2 2 7 10 0 15 190
2 2 7 9 6 10 81
2 2 7 8 12 5 104
2 2 7 8 1 16 187
2 2 7 7 18 0 10
2 2 7 7 7 11 176
2 2 7 6 13 6 178
2 2 7 6 2 17 108
2 2 7 5 19 1 40
2 2 7 5 8 12 24
2 2 7 4 14 7 194
2 2 7 4 3 18 13
2 2 7 3 20 2 9
2 2 7 3 9 13 23
2 2 7 2 15 8 17
2 2 7 2 4 19 44
2 2 7 1 21 3 122
2 2 7 1 10 14 63
2 2 7 0 16 9 149
2 2 7 0 5 20 68
2 2 6 24 2 0 76
2 2 6 22 3 1 57
2 2 6 20 4 2 118
2 2 6 18 5 3 82
2 2 6 17 0 9 135
2 2 6 16 6 4 118
2 2 6 15 1 10 88
2 2 6 14 7 5 55
2 2 6 13 13 0 113
2 2 6 13 2 11 76
2 2 6 12 8 6 1
2 2 6 11 14 1 134
2 2 6 11 3 12 159
2 2 6 10 9 7 97
2 2 6 9 15 2 173
2 2 6 9 4 13 16
2 2 6 8 10 8 77
2 2 6 7 16 3 180
2 2 6 7 5 14 30
2 2 6 6 11 9 177
2 2 6 6 0 20 159
2 2 6 5 17 4 90
2 2 6 5 6 15 139
2 2 6 4 12 10 185
2 2 6 4 1 21 38
2 2 6 3 18 5 16
2 2 6 3 7 16 162
2 2 6 2 24 0 173
2 2 6 2 13 11 164
2 2 6 2 2 22 118
2 2 6 1 19 6 148
2 2 6 1 8 17 72
2 2 6 0 25 1 156
2 2 6 0 14 12 170
2 2 6 0 3 23 193
2 2 5 24 0 3 84
2 2 5 22 1 4 195
2 2 5 20 2 5 37
2 2 5 19 8 0 43
2 2 5 18 3 6 151
2 2 5 17 9 1 77
2 2 5 16 4 7 35
2 2 5 15 10 2 23
2 2 5 14 5 8 48
2 2 5 13 11 3 74
2 2 5 13 0 14 127
2 2 5 12 6 9 105
2 2 5 11 12 4 81
2 2 5 11 1 15 65
2 2 5 10 7 10 55
2 2 5 9 13 5 33
2 2 5 9 2 16 112
2 2 5 8 19 0 48
2 2 5 8 8 11 48
2 2 5 7 14 6 190
2 2 5 7 3 17 123
2 2 5 6 20 1 79
2 2 5 6 9 12 22
2 2 5 5 15 7 84
2 2 5 5 4 18 21
2 2 5 4 21 2 19
2 2 5 4 10 13 84
2 2 5 3 16 8 81
2 2 5 3 5 19 62
2 2 5 2 22 3 161
2 2 5 2 11 14 169
2 2 5 2 0 25 114
2 2 5 1 17 9 87
2 2 5 1 6 20 72
2 2 5 0 23 4 16
2 2 5 0 12 15 167
2 2 5 0 1 26 4
2 2 4 25 3 0 97
2 2 4 23 4 1 150
2 2 4 21 5 2 110
2 2 4 20 0 8 81
2 2 4 19 6 3 192
2 2 4 18 1 9 128
2 2 4 17 7 4 2
2 2 4 16 2 10 123
2 2 4 15 8 5 60
2 2 4 14 14 0 26
2 2 4 14 3 11 123
2 2 4 13 9 6 21
2 2 4 12 15 1 137
2 2 4 12 4 12 133
2 2 4 11 10 7 14
2 2 4 10 16 2 79
2 2 4 10 5 13 182
2 2 4 9 11 8 168
2 2 4 9 0 19 133
2 2 4 8 17 3 171
2 2 4 8 6 14 127
2 2 4 7 12 9 16
2 2 4 7 1 20 159
2 2 4 6 18 4 30
2 2 4 6 7 15 159
2 2 4 5 13 10 166
2 2 4 5 2 21 187
2 2 4 4 19 5 145
2 2 4 4 8 16 174
2 2 4 3 25 0 24
2 2 4 3 14 11 11
2 2 4 3 3 22 57
2 2 4 2 20 6 61
2 2 4 2 9 17 156
2 2 4 1 26 1 81
2 2 4 1 15 12 170
2 2 4 1 4 23 20
2 2 4 0 21 7 48
2 2 4 0 10 18 189
2 2 3 27 0 2 167
2 2 3 25 1 3 5
2 2 3 23 2 4 40
2 2 3 21 3 5 53
2 2 3 20 9 0 146
2 2 3 19 4 6 34
2 2 3 18 10 1 123
2 2 3 17 5 7 34
2 2 3 16 11 2 141
2 2 3 16 0 13 173
2 2 3 15 6 8 44
2 2 3 14 12 3 157
2 2 3 14 1 14 197
2 2 3 13 7 9 190
2 2 3 12 13 4 122
2 2 3 12 2 15 15
2 2 3 11 8 10 187
2 2 3 10 14 5 172
2 2 3 10 3 16 12
2 2 3 9 20 0 61
2 2 3 9 9 11 37
2 2 3 8 15 6 68
2 2 3 8 4 17 162
2 2 3 7 21 1 46
2 2 3 7 10 12 160
2 2 3 6 16 7 57
2 2 3 6 5 18 83
2 2 3 5 22 2 167
2 2 3 5 11 13 31
2 2 3 5 0 24 44
2 2 3 4 17 8 181
2 2 3 4 6 19 16
2 2 3 3 23 3 159
2 2 3 3 12 14 172
2 2 3 3 1 25 84
2 2 3 2 18 9 40
2 2 3 2 7 20 60
2 2 3 1 24 4 64
2 2 3 1 13 15 151
2 2 3 1 2 26 159
2 2 3 0 19 10 65
2 2 3 0 8 21 164
2 2 2 26 4 0 75
2 2 2 24 5 1 79
2 2 2 23 0 7 26
2 2 2 22 6 2 94
2 2 2 21 1 8 126
2 2 2 20 7 3 96
2 2 2 19 2 9 7
2 2 2 18 8 4 66
2 2 2 17 3 10 165
2 2 2 16 9 5 63
2 2 2 15 15 0 20
2 2 2 15 4 11 163
2 2 2 14 10 6 89
2 2 2 13 16 1 110
2 2 2 13 5 12 8
2 2 2 12 11 7 153
2 2 2 12 0 18 77
2 2 2 11 17 2 72
2 2 2 11 6 13 68
2 2 2 10 12 8 138
2 2 2 10 1 19 31
2 2 2 9 18 3 94
2 2 2 9 7 14 57
2 2 2 8 13 9 12
2 2 2 8 2 20 196
2 2 2 7 19 4 87
2 2 2 7 8 15 93
2 2 2 6 14 10 143
2 2 2 6 3 21 28
2 2 2 5 20 5 163
2 2 2 5 9 16 194
2 2 2 4 26 0 9
2 2 2 4 15 11 107
2 2 2 4 4 22 61
2 2 2 3 21 6 50
2 2 2 3 10 17 24
2 2 2 2 27 1 136
2 2 2 2 16 12 123
2 2 2 2 5 23 62
2 2 2 1 22 7 32
2 2 2 1 11 18 85
2 2 2 1 0 29 48
2 2 2 0 28 2 188
2 2 2 0 17 13 101
2 2 2 0 6 24 77
2 2 1 30 0 1 190
2 2 1 28 1 2 145
2 2 1 26 2 3 29
2 2 1 24 3 4 100
2 2 1 22 4 5 191
2 2 1 21 10 0 55
2 2 1 20 5 6 34
2 2 1 19 11 1 64
2 2 1 19 0 12 58
2 2 1 18 6 7 87
2 2 1 17 12 2 62
2 2 1 17 1 13 85
2 2 1 16 7 8 81
2 2 1 15 13 3 42
2 2 1 15 2 14 148
2 2 1 14 8 9 196
2 2 1 13 14 4 140
2 2 1 13 3 15 73
2 2 1 12 9 10 172
2 2 1 11 15 5 129
2 2 1 11 4 16 105
2 2 1 10 21 0 29
2 2 1 10 10 11 183
2 2 1 9 16 6 100
2 2 1 9 5 17 153
2 2 1 8 22 1 21
2 2 1 8 11 12 100
2 2 1 8 0 23 155
2 2 1 7 17 7 161
2 2 1 7 6 18 6
2 2 1 6 23 2 175
2 2 1 6 12 13 74
2 2 1 6 1 24 71
2 2 1 5 18 8 47
2 2 1 5 7 19 116
2 2 1 4 24 3 117
2 2 1 4 13 14 160
2 2 1 4 2 25 94
2 2 1 3 19 9 97
2 2 1 3 8 20 79
2 2 1 2 25 4 89
2 2 1 2 14 15 151
2 2 1 2 3 26 179
2 2 1 1 20 10 77
2 2 1 1 9 21 5
2 2 1 0 26 5 55
2 2 1 0 15 16 178
2 2 1 0 4 27 111
2 2 0 27 5 0 87
2 2 0 26 0 6 45
2 2 0 25 6 1 2
2 2 0 24 1 7 12
2 2 0 23 7 2 99
2 2 0 22 2 8 74
2 2 0 21 8 3 107
2 2 0 20 3 9 190
2 2 0 19 9 4 33
2 2 0 18 4 10 71
2 2 0 17 10 5 108
2 2 0 16 16 0 21
2 2 0 16 5 11 175
2 2 0 15 11 6 189
2 2 0 15 0 17 5
2 2 0 14 17 1 64
2 2 0 14 6 12 74
2 2 0 13 12 7 167
2 2 0 13 1 18 44
2 2 0 12 18 2 154
2 2 0 12 7 13 102
2 2 0 11 13 8 36
2 2 0 11 2 19 175
2 2 0 10 19 3 25
2 2 0 10 8 14 21
2 2 0 9 14 9 52
2 2 0 9 3 20 115
2 2 0 8 20 4 69
2 2 0 8 9 15 26
2 2 0 7 15 10 74
2 2 0 7 4 21 52
2 2 0 6 21 5 32
2 2 0 6 10 16 39
2 2 0 5 27 0 83
2 2 0 5 16 11 57
2 2 0 5 5 22 193
2 2 0 4 22 6 58
2 2 0 4 11 17 180
2 2 0 4 0 28 192
2 2 0 3 28 1 3
2 2 0 3 17 12 12
2 2 0 3 6 23 116
2 2 0 2 23 7 18
2 2 0 2 12 18 179
2 2 0 2 1 29 124
2 2 0 1 29 2 16
2 2 0 1 18 13 113
2 2 0 1 7 24 68
2 2 0 0 24 8 6
2 2 0 0 13 19 76
2 2 0 0 2 30 147
2 1 31 0 0 2 188
2 1 29 3 0 1 66
2 1 29 1 1 2 198
2 1 28 0 5 0 77
2 1 27 6 0 0 114
2 1 27 4 1 1 128
2 1 27 2 2 2 8
2 1 27 0 3 3 195
2 1 26 2 0 5 75
2 1 26 1 6 0 57
2 1 26 0 1 6 198
2 1 25 7 1 0 98
2 1 25 5 2 1 99
2 1 25 3 3 2 49
2 1 25 1 4 3 107
2 1 24 5 0 4 102
2 1 24 3 1 5 106
2 1 24 2 7 0 80
2 1 24 1 2 6 8
2 1 24 0 8 1 28
2 1 23 8 2 0 17
2 1 23 6 3 1 63
2 1 23 4 4 2 6
2 1 23 2 5 3 34
2 1 23 1 0 9 27
2 1 23 0 6 4 3
2 1 22 8 0 3 147
2 1 22 6 1 4 191
2 1 22 4 2 5 189
2 1 22 3 8 0 69
2 1 22 2 3 6 58
2 1 22 1 9 1 137
2 1 22 0 4 7 147
2 1 21 9 3 0 29
2 1 21 7 4 1 57
2 1 21 5 5 2 158
2 1 21 4 0 8 96
2 1 21 3 6 3 23
2 1 21 2 1 9 181
2 1 21 1 7 4 140
2 1 21 0 2 10 72
2 1 20 11 0 2 156
2 1 20 9 1 3 17
2 1 20 7 2 4 109
2 1 20 5 3 5 47
2 1 20 4 9 0 108
2 1 20 3 4 6 18
2 1 20 2 10 1 29
2 1 20 1 5 7 57
2 1 20 0 11 2 39
2 1 20 0 0 13 65
2 1 19 10 4 0 198
2 1 19 8 5 1 58
2 1 19 7 0 7 15
2 1 19 6 6 2 61
2 1 19 5 1 8 176
2 1 19 4 7 3 186
2 1 19 3 2 9 100
2 1 19 2 8 4 17
2 1 19 1 3 10 154
2 1 19 0 9 5 104
2 1 18 14 0 1 72
2 1 18 12 1 2 114
2 1 18 10 2 3 6
2 1 18 8 3 4 136
2 1 18 6 4 5 65
2 1 18 5 10 0 104
2 1 18 4 5 6 161
2 1 18 3 11 1 157
2 1 18 3 0 12 51
2 1 18 2 6 7 48
2 1 18 1 12 2 45
2 1 18 1 1 13 172
2 1 18 0 7 8 11
2 1 17 11 5 0 159
2 1 17 10 0 6 49
2 1 17 9 6 1 34
2 1 17 8 1 7 35
2 1 17 7 7 2 145
2 1 17 6 2 8 20
2 1 17 5 8 3 34
2 1 17 4 3 9 158
2 1 17 3 9 4 50
2 1 17 2 4 10 48
2 1 17 1 10 5 47
2 1 17 0 16 0 156
2 1 17 0 5 11 68
2 1 16 17 0 0 71
2 1 16 15 1 1 67
2 1 16 13 2 2 119
2 1 16 11 3 3 178
2 1 16 9 4 4 93
2 1 16 7 5 5 78
2 1 16 6 11 0 41
2 1 16 6 0 11 186
2 1 16 5 6 6 89
2 1 16 4 12 1 35
2 1 16 4 1 12 29
2 1 16 3 7 7 72
2 1 16 2 13 2 154
2 1 16 2 2 13 139
2 1 16 1 8 8 32
2 1 16 0 14 3 80
2 1 16 0 3 14 37
2 1 15 13 0 5 15
2 1 15 12 6 0 192
2 1 15 11 1 6 30
2 1 15 10 7 1 158
2 1 15 9 2 7 194
2 1 15 8 8 2 98
2 1 15 7 3 8 76
2 1 15 6 9 3 20
2 1 15 5 4 9 137
2 1 15 4 10 4 134
2 1 15 3 5 10 74
2 1 15 2 11 5 152
2 1 15 2 0 16 45
2 1 15 1 17 0 14
2 1 15 1 6 11 179
2 1 15 0 12 6 47
2 1 15 0 1 17 71
2 1 14 18 1 0 6
2 1 14 16 2 1 37
2 1 14 14 3 2 59
2 1 14 12 4 3 53
2 1 14 10 5 4 183
2 1 14 9 0 10 181
2 1 14 8 6 5 73
2 1 14 7 12 0 181
2 1 14 7 1 11 62
2 1 14 6 7 6 53
2 1 14 5 13 1 142
2 1 14 5 2 12 161
2 1 14 4 8 7 54
2 1 14 3 14 2 22
2 1 14 3 3 13 44
2 1 14 2 9 8 180
2 1 14 1 15 3 115
2 1 14 1 4 14 134
2 1 14 0 10 9 33
2 1 13 16 0 4 84
2 1 13 14 1 5 60
2 1 13 13 7 0 149
2 1 13 12 2 6 43
2 1 13 11 8 1 172
2 1 13 10 3 7 64
2 1 13 9 9 2 165
2 1 13 8 4 8 151
2 1 13 7 10 3 127
2 1 13 6 5 9 71
2 1 13 5 11 4 41
2 1 13 5 0 15 147
2 1 13 4 6 10 63
2 1 13 3 12 5 23
2 1 13 3 1 16 21
2 1 13 2 18 0 198
2 1 13 2 7 11 43
2 1 13 1 13 6 40
2 1 13 1 2 17 149
2 1 13 0 19 1 11
2 1 13 0 8 12 45
2 1 12 19 2 0 144
2 1 12 17 3 1 94
2 1 12 15 4 2 139
2 1 12 13 5 3 164
2 1 12 12 0 9 156
2 1 12 11 6 4 110
2 1 12 10 1 10 39
2 1 12 9 7 5 44
2 1 12 8 13 0 171
2 1 12 8 2 11 77
2 1 12 7 8 6 83
2 1 12 6 14 1 5
2 1 12 6 3 12 129
2 1 12 5 9 7 156
2 1 12 4 15 2 63
2 1 12 4 4 13 16
2 1 12 3 10 8 22
2 1 12 2 16 3 150
2 1 12 2 5 14 146
2 1 12 1 11 9 160
2 1 12 1 0 20 159
2 1 12 0 17 4 177
2 1 12 0 6 15 193
2 1 11 19 0 3 126
2 1 11 17 1 4 160
2 1 11 15 2 5 123
2 1 11 14 8 0 120
2 1 11 13 3 6 75
2 1 11 12 9 1 8
2 1 11 11 4 7 150
2 1 11 10 10 2 89
2 1 11 9 5 8 41
2 1 11 8 11 3 28
2 1 11 8 0 14 5
2 1 11 7 6 9 46
2 1 11 6 12 4 23
2 1 11 6 1 15 129
2 1 11 5 7 10 1
2 1 11 4 13 5 163
2 1 11 4 2 16 18
2 1 11 3 19 0 67
2 1 11 3 8 11 17
2 1 11 2 14 6 11
2 1 11 2 3 17 147
2 1 11 1 20 1 68
2 1 11 1 9 12 131
2 1 11 0 15 7 197
2 1 11 0 4 18 61
2 1 10 20 3 0 29
2 1 10 18 4 1 47
2 1 10 16 5 2 94
2 1 10 15 0 8 165
2 1 10 14 6 3 119
2 1 10 13 1 9 48
2 1 10 12 7 4 93
2 1 10 11 2 10 165
2 1 10 10 8 5 74
2 1 10 9 14 0 62
2 1 10 9 3 11 121
2 1 10 8 9 6 81
2 1 10 7 15 1 120
2 1 10 7 4 12 107
2 1 10 6 10 7 131
2 1 10 5 16 2 2
2 1 10 5 5 13 99
2 1 10 4 11 8 7
2 1 10 4 0 19 175
2 1 10 3 17 3 132
2 1 10 3 6 14 64
2 1 10 2 12 9 147
2 1 10 2 1 20 195
2 1 10 1 18 4 151
2 1 10 1 7 15 176
2 1 10 0 13 10 55
2 1 10 0 2 21 198
2 1 9 22 0 2 49
2 1 9 20 1 3 77
2 1 9 18 2 4 11
2 1 9 16 3 5 19
2 1 9 15 9 0 6
2 1 9 14 4 6 170
2 1 9 13 10 1 26
2 1 9 12 5 7 77
2 1 9 11 11 2 92
2 1 9 11 0 13 174
2 1 9 10 6 8 132
2 1 9 9 12 3 185
2 1 9 9 1 14 37
2 1 9 8 7 9 146
2 1 9 7 13 4 87
2 1 9 7 2 15 134
2 1 9 6 8 10 57
2 1 9 5 14 5 41
2 1 9 5 3 16 118
2 1 9 4 20 0 82
2 1 9 4 9 11 155
2 1 9 3 15 6 189
2 1 9 3 4 17 178
2 1 9 2 21 1 172
2 1 9 2 10 12 94
2 1 9 1 16 7 62
2 1 9 1 5 18 7
2 1 9 0 22 2 137
2 1 9 0 11 13 79
2 1 9 0 0 24 128
2 1 8 21 4 0 101
2 1 8 19 5 1 74
2 1 8 18 0 7 160
2 1 8 17 6 2 107
2 1 8 16 1 8 96
2 1 8 15 7 3 78
2 1 8 14 2 9 176
2 1 8 13 8 4 172
2 1 8 12 3 10 72
2 1 8 11 9 5 158
2 1 8 10 15 0 128
2 1 8 10 4 11 194
2 1 8 9 10 6 114
2 1 8 8 16 1 61
2 1 8 8 5 12 180
2 1 8 7 11 7 8
2 1 8 7 0 18 93
2 1 8 6 17 2 56
2 1 8 6 6 13 2
2 1 8 5 12 8 51
2 1 8 5 1 19 116
2 1 8 4 18 3 31
2 1 8 4 7 14 185
2 1 8 3 13 9 123
2 1 8 3 2 20 83
2 1 8 2 19 4 176
2 1 8 2 8 15 21
2 1 8 1 14 10 34
2 1 8 1 3 21 129
2 1 8 0 20 5 47
2 1 8 0 9 16 119
2 1 7 25 0 1 32
2 1 7 23 1 2 24
2 1 7 21 2 3 14
2 1 7 19 3 4 16
2 1 7 17 4 5 3
2 1 7 16 10 0 149
2 1 7 15 5 6 108
2 1 7 14 11 1 57
2 1 7 14 0 12 146
2 1 7 13 6 7 180
2 1 7 12 12 2 46
2 1 7 12 1 13 106
2 1 7 11 7 8 30
2 1 7 10 13 3 103
2 1 7 10 2 14 189
2 1 7 9 8 9 113
2 1 7 8 14 4 196
2 1 7 8 3 15 142
2 1 7 7 9 10 8
2 1 7 6 15 5 114
2 1 7 6 4 16 1
2 1 7 5 21 0 121
2 1 7 5 10 11 101
2 1 7 4 16 6 123
2 1 7 4 5 17 68
2 1 7 3 22 1 144
2 1 7 3 11 12 179
2 1 7 3 0 23 63
2 1 7 2 17 7 59
2 1 7 2 6 18 22
2 1 7 1 23 2 118
2 1 7 1 12 13 110
2 1 7 1 1 24 68
2 1 7 0 18 8 99
2 1 7 0 7 19 23
2 1 6 22 5 0 194
2 1 6 21 0 6 187
2 1 6 20 6 1 148
2 1 6 19 1 7 14
2 1 6 18 7 2 94
2 1 6 17 2 8 182
2 1 6 16 8 3 174
2 1 6 15 3 9 85
2 1 6 14 9 4 191
2 1 6 13 4 10 185
2 1 6 12 10 5 34
2 1 6 11 16 0 157
2 1 6 11 5 11 125
2 1 6 10 11 6 162
2 1 6 10 0 17 49
2 1 6 9 17 1 154
2 1 6 9 6 12 23
2 1 6 8 12 7 91
2 1 6 8 1 18 115
2 1 6 7 18 2 193
2 1 6 7 7 13 186
2 1 6 6 13 8 10
2 1 6 6 2 19 3
2 1 6 5 19 3 122
2 1 6 5 8 14 95
2 1 6 4 14 9 166
2 1 6 4 3 20 83
2 1 6 3 20 4 50
2 1 6 3 9 15 76
2 1 6 2 15 10 19
2 1 6 2 4 21 85
2 1 6 1 21 5 65
2 1 6 1 10 16 49
2 1 6 0 27 0 163
2 1 6 0 16 11 80
2 1 6 0 5 22 186
2 1 5 28 0 0 88
2 1 5 26 1 1 1
2 1 5 24 2 2 64
2 1 5 22 3 3 194
2 1 5 20 4 4 157
2 1 5 18 5 5 19
2 1 5 17 11 0 90
2 1 5 17 0 11 167
2 1 5 16 6 6 142
2 1 5 15 12 1 167
2 1 5 15 1 12 72
2 1 5 14 7 7 30
2 1 5 13 13 2 85
2 1 5 13 2 13 197
2 1 5 12 8 8 22
2 1 5 11 14 3 189
2 1 5 11 3 14 101
2 1 5 10 9 9 169
2 1 5 9 15 4 85
2 1 5 9 4 15 147
2 1 5 8 10 10 81
2 1 5 7 16 5 11
2 1 5 7 5 16 42
2 1 5 6 22 0 9
2 1 5 6 11 11 168
2 1 5 6 0 22 197
2 1 5 5 17 6 50
2 1 5 5 6 17 23
2 1 5 4 23 1 45
2 1 5 4 12 12 72
2 1 5 4 1 23 47
2 1 5 3 18 7 139
2 1 5 3 7 18 180
2 1 5 2 24 2 38
2 1 5 2 13 13 167
2 1 5 2 2 24 169
2 1 5 1 19 8 127
2 1 5 1 8 19 124
2 1 5 0 25 3 160
2 1 5 0 14 14 182
2 1 5 0 3 25 193
2 1 4 24 0 5 19
2 1 4 23 6 0 107
2 1 4 22 1 6 10
2 1 4 21 7 1 124
2 1 4 20 2 7 167
2 1 4 19 8 2 99
2 1 4 18 3 8 125
2 1 4 17 9 3 176
2 1 4 16 4 9 99
2 1 4 15 10 4 150
2 1 4 14 5 10 100
2 1 4 13 11 5 117
2 1 4 13 0 16 27
2 1 4 12 17 0 58
2 1 4 12 6 11 13
2 1 4 11 12 6 58
2 1 4 11 1 17 188
2 1 4 10 18 1 87
2 1 4 10 7 12 170
2 1 4 9 13 7 138
2 1 4 9 2 18 6
2 1 4 8 19 2 126
2 1 4 8 8 13 9
2 1 4 7 14 8 37
2 1 4 7 3 19 103
2 1 4 6 20 3 141
2 1 4 6 9 14 65
2 1 4 5 15 9 102
2 1 4 5 4 20 49
2 1 4 4 21 4 8
2 1 4 4 10 15 59
2 1 4 3 16 10 97
2 1 4 3 5 21 64
2 1 4 2 22 5 122
2 1 4 2 11 16 56
2 1 4 2 0 27 88
2 1 4 1 28 0 127
2 1 4 1 17 11 122
2 1 4 1 6 22 116
2 1 4 0 23 6 53
2 1 4 0 12 17 194
2 1 4 0 1 28 93
2 1 3 29 1 0 119
2 1 3 27 2 1 174
2 1 3 25 3 2 174
2 1 3 23 4 3 50
2 1 3 21 5 4 188
2 1 3 20 0 10 133
2 1 3 19 6 5 119
2 1 3 18 12 0 173
2 1 3 18 1 11 182
2 1 3 17 7 6 67
2 1 3 16 13 1 80
2 1 3 15 8 7 74
2 1 3 14 14 2 103
2 1 3 14 3 13 29
2 1 3 13 9 8 57
2 1 3 12 15 3 27
2 1 3 12 4 14 158
2 1 3 11 10 9 80
2 1 3 10 16 4 91
2 1 3 10 5 15 116
2 1 3 9 11 10 21
2 1 3 9 0 21 16
2 1 3 8 17 5 19
2 1 3 8 6 16 13
2 1 3 7 23 0 95
2 1 3 7 12 11 28
2 1 3 7 1 22 107
2 1 3 6 18 6 13
2 1 3 6 7 17 42
2 1 3 5 24 1 11
2 1 3 5 13 12 7
2 1 3 5 2 23 47
2 1 3 4 19 7 118
2 1 3 4 8 18 129
2 1 3 3 25 2 38
2 1 3 3 14 13 126
2 1 3 3 3 24 7
2 1 3 2 20 8 190
2 1 3 2 9 19 47
2 1 3 1 26 3 184
2 1 3 1 15 14 22
2 1 3 1 4 25 1
2 1 3 0 21 9 22
2 1 3 0 10 20 161
2 1 2 27 0 4 186
2 1 2 25 1 5 123
2 1 2 24 7 0 119
2 1 2 23 2 6 23
2 1 2 22 8 1 90
2 1 2 21 3 7 111
2 1 2 20 9 2 177
2 1 2 19 4 8 42
2 1 2 18 10 3 162
2 1 2 17 5 9 4
2 1 2 16 11 4 106
2 1 2 16 0 15 184
2 1 2 15 6 10 47
2 1 2 14 12 5 33
2 1 2 14 1 16 86
2 1 2 13 18 0 66
2 1 2 13 7 11 22
2 1 2 12 13 6 150
2 1 2 12 2 17 132
2 1 2 11 19 1 22
2 1 2 11 8 12 146
2 1 2 10 14 7 17
2 1 2 10 3 18 10
2 1 2 9 20 2 42
2 1 2 9 9 13 41
2 1 2 8 15 8 6
2 1 2 8 4 19 49
2 1 2 7 21 3 158
2 1 2 7 10 14 86
2 1 2 6 16 9 88
2 1 2 6 5 20 83
2 1 2 5 22 4 73
2 1 2 5 11 15 58
2 1 2 5 0 26 18
2 1 2 4 17 10 153
2 1 2 4 6 21 3
2 1 2 3 23 5 180
2 1 2 3 12 16 53
2 1 2 3 1 27 119
2 1 2 2 29 0 10
2 1 2 2 18 11 1
2 1 2 2 7 22 156
2 1 2 1 24 6 81
2 1 2 1 13 17 8
2 1 2 1 2 28 65
2 1 2 0 30 1 2
2 1 2 0 19 12 119
2 1 2 0 8 23 50
2 1 1 30 2 0 60
2 1 1 28 3 1 181
2 1 1 26 4 2 59
2 1 1 24 5 3 40
2 1 1 23 0 9 186
2 1 1 22 6 4 91
2 1 1 21 1 10 179
2 1 1 20 7 5 52
2 1 1 19 13 0 103
2 1 1 19 2 11 76
2 1 1 18 8 6 124
2 1 1 17 14 1 164
2 1 1 17 3 12 45
2 1 1 16 9 7 144
2 1 1 15 15 2 110
2 1 1 15 4 13 98
2 1 1 14 10 8 90
2 1 1 13 16 3 5
2 1 1 13 5 14 157
2 1 1 12 11 9 72
2 1 1 12 0 20 144
2 1 1 11 17 4 80
2 1 1 11 6 15 37
2 1 1 10 12 10 50
2 1 1 10 1 21 169
2 1 1 9 18 5 49
2 1 1 9 7 16 7
2 1 1 8 24 0 6
2 1 1 8 13 11 40
2 1 1 8 2 22 32
2 1 1 7 19 6 33
2 1 1 7 8 17 104
2 1 1 6 25 1 195
2 1 1 6 14 12 50
2 1 1 6 3 23 35
2 1 1 5 20 7 2
2 1 1 5 9 18 51
2 1 1 4 26 2 173
2 1 1 4 15 13 20
2 1 1 4 4 24 55
2 1 1 3 21 8 181
2 1 1 3 10 19 136
2 1 1 2 27 3 153
2 1 1 2 16 14 24
2 1 1 2 5 25 194
2 1 1 1 22 9 125
2 1 1 1 11 20 149
2 1 1 1 0 31 186
2 1 1 0 28 4 177
2 1 1 0 17 15 94
2 1 1 0 6 26 182
2 1 0 30 0 3 122
2 1 0 28 1 4 37
2 1 0 26 2 5 138
2 1 0 25 8 0 107
2 1 0 24 3 6 10
2 1 0 23 9 1 67
2 1 0 22 4 7 55
2 1 0 21 10 2 126
2 1 0 20 5 8 49
2 1 0 19 11 3 12
2 1 0 19 0 14 10
2 1 0 18 6 9 99
2 1 0 17 12 4 83
2 1 0 17 1 15 17
2 1 0 16 7 10 87
2 1 0 15 13 5 45
2 1 0 15 2 16 58
2 1 0 14 19 0 35
2 1 0 14 8 11 141
2 1 0 13 14 6 79
2 1 0 13 3 17 97
2 1 0 12 20 1 10
2 1 0 12 9 12 17
2 1 0 11 15 7 6
2 1 0 11 4 18 101
2 1 0 10 21 2 28
2 1 0 10 10 13 68
2 1 0 9 16 8 6
2 1 0 9 5 19 161
2 1 0 8 22 3 117
2 1 0 8 11 14 192
2 1 0 8 0 25 167
2 1 0 7 17 9 29
2 1 0 7 6 20 28
2 1 0 6 23 4 42
2 1 0 6 12 15 158
2 1 0 6 1 26 83
2 1 0 5 18 10 159
2 1 0 5 7 21 102
2 1 0 4 24 5 151
2 1 0 4 13 16 137
2 1 0 4 2 27 58
2 1 0 3 30 0 12
2 1 0 3 19 11 37
2 1 0 3 8 22 109
2 1 0 2 25 6 141
2 1 0 2 14 17 92
2 1 0 2 3 28 35
2 1 0 1 31 1 55
2 1 0 1 20 12 100
2 1 0 1 9 23 117
2 1 0 0 26 7 182
2 1 0 0 15 18 181
2 1 0 0 4 29 57
2 0 31 2 1 0 56
2 0 31 0 2 1 181
2 0 30 0 0 4 165
2 0 29 3 2 0 145
2 0 29 1 3 1 21
2 0 28 3 0 3 194
2 0 28 1 1 4 183
2 0 27 4 3 0 49
2 0 27 2 4 1 58
2 0 27 0 5 2 160
2 0 26 6 0 2 134
2 0 26 4 1 3 11
2 0 26 2 2 4 35
2 0 26 0 3 5 168
2 0 25 5 4 0 85
2 0 25 3 5 1 4
2 0 25 2 0 7 83
2 0 25 1 6 2 142
2 0 25 0 1 8 121
2 0 24 9 0 1 131
2 0 24 7 1 2 92
2 0 24 5 2 3 167
2 0 24 3 3 4 155
2 0 24 1 4 5 65
2 0 24 0 10 0 82
2 0 23 6 5 0 145
2 0 23 5 0 6 140
2 0 23 4 6 1 27
2 0 23 3 1 7 144
2 0 23 2 7 2 16
2 0 23 1 2 8 186
2 0 23 0 8 3 38
2 0 22 12 0 0 132
2 0 22 10 1 1 159
2 0 22 8 2 2 46
2 0 22 6 3 3 87
2 0 22 4 4 4 177
2 0 22 2 5 5 22
2 0 22 1 11 0 29
2 0 22 1 0 11 186
2 0 22 0 6 6 165
2 0 21 8 0 5 102
2 0 21 7 6 0 159
2 0 21 6 1 6 11
2 0 21 5 7 1 28
2 0 21 4 2 7 114
2 0 21 3 8 2 177
2 0 21 2 3 8 186
2 0 21 1 9 3 148
2 0 21 0 4 9 140
2 0 20 13 1 0 7
2 0 20 11 2 1 113
2 0 20 9 3 2 86
2 0 20 7 4 3 110
2 0 20 5 5 4 25
2 0 20 4 0 10 38
2 0 20 3 6 5 141
2 0 20 2 12 0 72
2 0 20 2 1 11 132
2 0 20 1 7 6 12
2 0 20 0 13 1 56
2 0 20 0 2 12 16
2 0 19 11 0 4 41
2 0 19 9 1 5 19
2 0 19 8 7 0 71
2 0 19 7 2 6 120
2 0 19 6 8 1 83
2 0 19 5 3 7 117
2 0 19 4 9 2 60
2 0 19 3 4 8 66
2 0 19 2 10 3 188
2 0 19 1 5 9 105
2 0 19 0 11 4 48
2 0 19 0 0 15 169
2 0 18 14 2 0 69
2 0 18 12 3 1 109
2 0 18 10 4 2 191
2 0 18 8 5 3 167
2 0 18 7 0 9 16
2 0 18 6 6 4 197
2 0 18 5 1 10 17
2 0 18 4 7 5 45
2 0 18 3 13 0 75
2 0 18 3 2 11 47
2 0 18 2 8 6 36
2 0 18 1 14 1 32
2 0 18 1 3 12 26
2 0 18 0 9 7 5
2 0 17 14 0 3 104
2 0 17 12 1 4 180
2 0 17 10 2 5 15
2 0 17 9 8 0 110
2 0 17 8 3 6 183
2 0 17 7 9 1 176
2 0 17 6 4 7 38
2 0 17 5 10 2 91
2 0 17 4 5 8 130
2 0 17 3 11 3 3
2 0 17 3 0 14 143
2 0 17 2 6 9 194
2 0 17 1 12 4 97
2 0 17 1 1 15 183
2 0 17 0 7 10 17
2 0 16 15 3 0 157
2 0 16 13 4 1 168
2 0 16 11 5 2 9
2 0 16 10 0 8 40
2 0 16 9 6 3 116
2 0 16 8 1 9 101
2 0 16 7 7 4 90
2 0 16 6 2 10 92
2 0 16 5 8 5 123
2 0 16 4 14 0 173
2 0 16 4 3 11 142
2 0 16 3 9 6 23
2 0 16 2 4 12 167
2 0 16 1 10 7 62
2 0 16 0 16 2 78
2 0 16 0 5 13 101
2 0 15 17 0 2 10
2 0 15 15 1 3 99
2 0 15 13 2 4 149
2 0 15 11 3 5 12
2 0 15 10 9 0 179
2 0 15 9 4 6 64
2 0 15 8 10 1 95
2 0 15 7 5 7 13
2 0 15 6 11 2 80
2 0 15 6 0 13 6
2 0 15 5 6 8 159
2 0 15 4 12 3 155
2 0 15 4 1 14 59
2 0 15 3 7 9 152
2 0 15 2 13 4 168
2 0 15 2 2 15 124
2 0 15 1 8 10 143
2 0 15 0 14 5 60
2 0 15 0 3 16 112
2 0 14 16 4 0 164
2 0 14 14 5 1 60
2 0 14 13 0 7 109
2 0 14 12 6 2 197
2 0 14 11 1 8 26
2 0 14 10 7 3 182
2 0 14 9 2 9 57
2 0 14 8 8 4 190
2 0 14 7 3 10 56
2 0 14 6 9 5 5
2 0 14 5 15 0 98
2 0 14 5 4 11 24
2 0 14 4 10 6 96
2 0 14 3 16 1 170
2 0 14 3 5 12 124
2 0 14 2 11 7 17
2 0 14 2 0 18 7
2 0 14 1 17 2 126
2 0 14 1 6 13 132
2 0 14 0 12 8 155
2 0 14 0 1 19 65
2 0 13 20 0 1 73
2 0 13 18 1 2 79
2 0 13 16 2 3 79
2 0 13 14 3 4 39
2 0 13 12 4 5 163
2 0 13 11 10 0 147
2 0 13 10 5 6 111
2 0 13 9 11 1 182
2 0 13 9 0 12 72
2 0 13 8 6 7 188
2 0 13 7 12 2 128
2 0 13 7 1 13 142
2 0 13 6 7 8 153
2 0 13 5 13 3 51
2 0 13 5 2 14 174
2 0 13 4 8 9 72
2 0 13 3 14 4 94
2 0 13 3 3 15 75
2 0 13 2 9 10 10
2 0 13 1 15 5 87
2 0 13 1 4 16 133
2 0 13 0 21 0 149
2 0 13 0 10 11 195
2 0 12 17 5 0 191
2 0 12 16 0 6 196
2 0 12 15 6 1 176
2 0 12 14 1 7 47
2 0 12 13 7 2 26
2 0 12 12 2 8 37
2 0 12 11 8 3 195
2 0 12 10 3 9 108
2 0 12 9 9 4 168
2 0 12 8 4 10 88
2 0 12 7 10 5 33
2 0 12 6 16 0 159
2 0 12 6 5 11 64
2 0 12 5 11 6 174
2 0 12 5 0 17 57
2 0 12 4 17 1 19
2 0 12 4 6 12 75
2 0 12 3 12 7 62
2 0 12 3 1 18 122
2 0 12 2 18 2 162
2 0 12 2 7 13 177
2 0 12 1 13 8 50
2 0 12 1 2 19 34
2 0 12 0 19 3 109
2 0 12 0 8 14 169
2 0 11 23 0 0 48
2 0 11 21 1 1 155
2 0 11 19 2 2 118
2 0 11 17 3 3 85
2 0 11 15 4 4 66
2 0 11 13 5 5 66
2 0 11 12 11 0 186
2 0 11 12 0 11 42
2 0 11 11 6 6 162
2 0 11 10 12 1 4
2 0 11 10 1 12 90
2 0 11 9 7 7 158
2 0 11 8 13 2 126
2 0 11 8 2 13 196
2 0 11 7 8 8 195
2 0 11 6 14 3 15
2 0 11 6 3 14 99
2 0 11 5 9 9 13
2 0 11 4 15 4 121
2 0 11 4 4 15 139
2 0 11 3 10 10 176
2 0 11 2 16 5 2
2 0 11 2 5 16 56
2 0 11 1 22 0 64
2 0 11 1 11 11 138
2 0 11 1 0 22 62
2 0 11 0 17 6 19
2 0 11 0 6 17 9
2 0 10 19 0 5 114
2 0 10 18 6 0 45
2 0 10 17 1 6 137
2 0 10 16 7 1 150
2 0 10 15 2 7 137
2 0 10 14 8 2 120
2 0 10 13 3 8 118
2 0 10 12 9 3 38
2 0 10 11 4 9 124
2 0 10 10 10 4 172
2 0 10 9 5 10 46
2 0 10 8 11 5 134
2 0 10 8 0 16 185
2 0 10 7 17 0 3
2 0 10 7 6 11 146
2 0 10 6 12 6 62
2 0 10 6 1 17 191
2 0 10 5 18 1 78
2 0 10 5 7 12 85
2 0 10 4 13 7 180
2 0 10 4 2 18 138
2 0 10 3 8 13 38
2 0 10 2 14 8 5
2 0 10 2 3 19 119
2 0 10 1 20 3 87
2 0 10 1 9 14 153
2 0 10 0 15 9 5
2 0 10 0 4 20 145
2 0 9 24 1 0 122
2 0 9 22 2 1 100
2 0 9 20 3 2 27
2 0 9 18 4 3 25
2 0 9 16 5 4 40
2 0 9 15 0 10 4
2 0 9 14 6 5 160
2 0 9 13 12 0 53
2 0 9 13 1 11 72
2 0 9 12 7 6 130
2 0 9 11 13 1 48
2 0 9 11 2 12 114
2 0 9 10 8 7 95
2 0 9 9 14 2 180
2 0 9 9 3 13 193
2 0 9 8 9 8 11
2 0 9 7 15 3 29
2 0 9 7 4 14 142
2 0 9 6 10 9 66
2 0 9 5 16 4 196
2 0 9 5 5 15 166
2 0 9 4 11 10 90
2 0 9 4 0 21 13
2 0 9 3 17 5 198
2 0 9 3 6 16 49
2 0 9 2 23 0 142
2 0 9 2 12 11 169
2 0 9 2 1 22 156
2 0 9 1 18 6 60
2 0 9 1 7 17 73
2 0 9 0 24 1 17
2 0 9 0 13 12 95
2 0 9 0 2 23 50
2 0 8 22 0 4 87
2 0 8 20 1 5 152
2 0 8 19 7 0 77
2 0 8 18 2 6 93
2 0 8 17 8 1 196
2 0 8 16 3 7 177
2 0 8 15 9 2 67
2 0 8 14 4 8 191
2 0 8 13 10 3 108
2 0 8 12 5 9 196
2 0 8 11 11 4 165
2 0 8 11 0 15 23
2 0 8 10 6 10 39
2 0 8 9 12 5 50
2 0 8 9 1 16 57
2 0 8 8 18 0 35
2 0 8 8 7 11 169
2 0 8 7 13 6 12
2 0 8 7 2 17 30
2 0 8 6 19 1 155
2 0 8 6 8 12 155
2 0 8 5 14 7 173
2 0 8 5 3 18 112
2 0 8 4 20 2 163
2 0 8 4 9 13 193
2 0 8 3 15 8 114
2 0 8 3 4 19 50
2 0 8 2 21 3 21
2 0 8 2 10 14 71
2 0 8 1 16 9 32
2 0 8 1 5 20 96
2 0 8 0 22 4 47
2 0 8 0 11 15 115
2 0 8 0 0 26 35
2 0 7 25 2 0 89
2 0 7 23 3 1 61
2 0 7 21 4 2 164
2 0 7 19 5 3 112
2 0 7 18 0 9 143
2 0 7 17 6 4 105
2 0 7 16 1 10 62
2 0 7 15 7 5 178
2 0 7 14 13 0 32
2 0 7 14 2 11 197
2 0 7 13 8 6 70
2 0 7 12 14 1 79
2 0 7 12 3 12 124
2 0 7 11 9 7 144
2 0 7 10 15 2 191
2 0 7 10 4 13 170
2 0 7 9 10 8 97
2 0 7 8 16 3 125
2 0 7 8 5 14 50
2 0 7 7 11 9 60
2 0 7 7 0 20 197
2 0 7 6 17 4 23
2 0 7 6 6 15 8
2 0 7 5 12 10 122
2 0 7 5 1 21 129
2 0 7 4 18 5 57
2 0 7 4 7 16 90
2 0 7 3 24 0 118
2 0 7 3 13 11 4
2 0 7 3 2 22 121
2 0 7 2 19 6 155
2 0 7 2 8 17 59
2 0 7 1 25 1 139
2 0 7 1 14 12 101
2 0 7 1 3 23 30
2 0 7 0 20 7 37
2 0 7 0 9 18 189
2 0 6 25 0 3 55
2 0 6 23 1 4 7
2 0 6 21 2 5 174
2 0 6 20 8 0 191
2 0 6 19 3 6 138
2 0 6 18 9 1 171
2 0 6 16 10 2 107
2 0 6 15 5 8 38
2 0 6 14 11 3 134
2 0 6 14 0 14 85
2 0 6 13 6 9 69
2 0 6 12 12 4 109
2 0 6 12 1 15 103
2 0 6 11 7 10 127
2 0 6 10 13 5 130
2 0 6 10 2 16 16
2 0 6 9 19 0 152
2 0 6 9 8 11 106
2 0 6 8 14 6 27
2 0 6 8 3 17 167
2 0 6 7 20 1 135
2 0 6 7 9 12 79
2 0 6 6 15 7 130
2 0 6 6 4 18 87
2 0 6 5 21 2 126
2 0 6 5 10 13 12
2 0 6 4 16 8 110
2 0 6 4 5 19 27
2 0 6 3 22 3 35
2 0 6 3 11 14 105
2 0 6 3 0 25 198
2 0 6 2 17 9 110
2 0 6 2 6 20 196
2 0 6 1 23 4 137
2 0 6 1 12 15 117
2 0 6 1 1 26 81
2 0 6 0 18 10 22
2 0 6 0 7 21 192
2 0 5 26 3 0 167
2 0 5 24 4 1 140
2 0 5 22 5 2 175
2 0 5 21 0 8 83
2 0 5 20 6 3 163
2 0 5 19 1 9 89
2 0 5 18 7 4 146
2 0 5 17 2 10 149
2 0 5 16 8 5 112
2 0 5 15 14 0 66
2 0 5 15 3 11 25
2 0 5 14 9 6 106
2 0 5 13 15 1 95
2 0 5 13 4 12 103
2 0 5 12 10 7 90
2 0 5 11 16 2 23
2 0 5 11 5 13 55
2 0 5 10 11 8 61
2 0 5 10 0 19 145
2 0 5 9 17 3 31
2 0 5 9 6 14 65
2 0 5 8 12 9 37
2 0 5 8 1 20 71
2 0 5 7 18 4 80
2 0 5 7 7 15 130
2 0 5 6 13 10 183
2 0 5 6 2 21 32
2 0 5 5 19 5 107
2 0 5 5 8 16 190
2 0 5 4 25 0 196
2 0 5 4 14 11 131
2 0 5 4 3 22 96
2 0 5 3 20 6 139
2 0 5 3 9 17 12
2 0 5 2 26 1 49
2 0 5 2 15 12 92
2 0 5 2 4 23 24
2 0 5 1 21 7 150
2 0 5 1 10 18 38
2 0 5 0 27 2 27
2 0 5 0 16 13 131
2 0 5 0 5 24 111
2 0 4 28 0 2 109
2 0 4 26 1 3 56
2 0 4 24 2 4 131
2 0 4 22 3 5 162
2 0 4 21 9 0 95
2 0 4 20 4 6 164
2 0 4 19 10 1 32
2 0 4 18 5 7 108
2 0 4 17 11 2 19
2 0 4 17 0 13 96
2 0 4 16 6 8 115
2 0 4 15 12 3 45
2 0 4 15 1 14 151
2 0 4 14 7 9 13
2 0 4 13 13 4 49
2 0 4 13 2 15 41
2 0 4 12 8 10 125
2 0 4 11 14 5 39
2 0 4 11 3 16 5
2 0 4 10 20 0 69
2 0 4 10 9 11 112
2 0 4 9 15 6 27
2 0 4 9 4 17 194
2 0 4 8 21 1 19
2 0 4 8 10 12 44
2 0 4 7 16 7 132
2 0 4 7 5 18 77
2 0 4 6 22 2 37
2 0 4 6 11 13 134
2 0 4 6 0 24 12
2 0 4 5 17 8 106
2 0 4 5 6 19 69
2 0 4 4 23 3 9
2 0 4 4 12 14 24
2 0 4 4 1 25 82
2 0 4 3 18 9 197
2 0 4 3 7 20 163
2 0 4 2 24 4 42
2 0 4 2 13 15 122
2 0 4 2 2 26 7
2 0 4 1 19 10 178
2 0 4 1 8 21 183
2 0 4 0 25 5 71
2 0 4 0 14 16 159
2 0 4 0 3 27 151
2 0 3 27 4 0 65
2 0 3 25 5 1 31
2 0 3 24 0 7 144
2 0 3 23 6 2 46
2 0 3 22 1 8 146
2 0 3 21 7 3 196
2 0 3 20 2 9 105
2 0 3 19 8 4 179
2 0 3 18 3 10 187
2 0 3 17 9 5 47
2 0 3 16 15 0 25
2 0 3 16 4 11 75
2 0 3 15 10 6 142
2 0 3 14 16 1 165
2 0 3 14 5 12 63
2 0 3 13 11 7 19
2 0 3 13 0 18 108
2 0 3 12 17 2 183
2 0 3 12 6 13 158
2 0 3 11 12 8 135
2 0 3 11 1 19 153
2 0 3 10 18 3 131
2 0 3 10 7 14 133
2 0 3 9 13 9 30
2 0 3 9 2 20 48
2 0 3 8 19 4 102
2 0 3 8 8 15 188
2 0 3 7 14 10 109
2 0 3 7 3 21 149
2 0 3 6 20 5 146
2 0 3 6 9 16 34
2 0 3 5 26 0 143
2 0 3 5 15 11 57
2 0 3 5 4 22 62
2 0 3 4 21 6 157
2 0 3 4 10 17 49
2 0 3 3 27 1 83
2 0 3 3 16 12 182
2 0 3 3 5 23 198
2 0 3 2 22 7 72
2 0 3 2 11 18 150
2 0 3 2 0 29 93
2 0 3 1 28 2 195
2 0 3 1 17 13 74
2 0 3 1 6 24 47
2 0 3 0 23 8 142
2 0 3 0 12 19 140
2 0 3 0 1 30 54
2 0 2 31 0 1 148
2 0 2 29 1 2 194
2 0 2 27 2 3 168
2 0 2 25 3 4 187
2 0 2 23 4 5 142
2 0 2 22 10 0 36
2 0 2 21 5 6 143
2 0 2 20 11 1 50
2 0 2 20 0 12 3
2 0 2 19 6 7 4
2 0 2 18 12 2 15
2 0 2 18 1 13 181
2 0 2 17 7 8 172
2 0 2 16 13 3 56
2 0 2 16 2 14 127
2 0 2 15 8 9 72
2 0 2 14 14 4 83
2 0 2 14 3 15 68
2 0 2 13 9 10 61
2 0 2 12 15 5 112
2 0 2 12 4 16 196
2 0 2 11 21 0 198
2 0 2 11 10 11 87
2 0 2 10 16 6 62
2 0 2 10 5 17 123
2 0 2 9 22 1 46
2 0 2 9 11 12 88
2 0 2 9 0 23 31
2 0 2 8 17 7 158
2 0 2 8 6 18 49
2 0 2 7 23 2 142
2 0 2 7 12 13 106
2 0 2 7 1 24 149
2 0 2 6 18 8 189
2 0 2 6 7 19 50
2 0 2 5 24 3 169
2 0 2 5 13 14 56
2 0 2 5 2 25 177
2 0 2 4 19 9 120
2 0 2 4 8 20 41
2 0 2 3 25 4 173
2 0 2 3 14 15 196
2 0 2 3 3 26 79
2 0 2 2 20 10 137
2 0 2 2 9 21 183
2 0 2 1 26 5 21
2 0 2 1 15 16 68
2 0 2 1 4 27 151
2 0 2 0 32 0 31
2 0 2 0 21 11 103
2 0 2 0 10 22 105
2 0 1 28 5 0 62
2 0 1 27 0 6 50
2 0 1 26 6 1 94
2 0 1 25 1 7 16
2 0 1 24 7 2 189
2 0 1 23 2 8 128
2 0 1 22 8 3 177
2 0 1 21 3 9 133
2 0 1 20 9 4 8
2 0 1 19 4 10 64
2 0 1 18 10 5 154
2 0 1 17 16 0 94
2 0 1 17 5 11 177
2 0 1 16 11 6 175
2 0 1 16 0 17 123
2 0 1 15 17 1 145
2 0 1 15 6 12 163
2 0 1 14 12 7 67
2 0 1 14 1 18 120
2 0 1 13 18 2 138
2 0 1 13 7 13 69
2 0 1 12 13 8 142
2 0 1 12 2 19 48
2 0 1 11 19 3 104
2 0 1 11 8 14 80
2 0 1 10 14 9 133
2 0 1 10 3 20 160
2 0 1 9 20 4 143
2 0 1 9 9 15 178
2 0 1 8 15 10 62
2 0 1 8 4 21 2
2 0 1 7 21 5 166
2 0 1 7 10 16 71
2 0 1 6 27 0 193
2 0 1 6 16 11 62
2 0 1 6 5 22 171
2 0 1 5 22 6 149
2 0 1 5 11 17 63
2 0 1 5 0 28 136
2 0 1 4 28 1 18
2 0 1 4 17 12 66
2 0 1 4 6 23 107
2 0 1 3 23 7 161
2 0 1 3 12 18 44
2 0 1 3 1 29 110
2 0 1 2 29 2 26
2 0 1 2 18 13 22
2 0 1 2 7 24 39
2 0 1 1 13 19 91
2 0 1 1 2 30 154
2 0 1 0 30 3 170
2 0 1 0 19 14 92
2 0 1 0 8 25 164
2 0 0 32 1 1 180
2 0 0 28 3 3 133
2 0 0 26 4 4 80
2 0 0 24 5 5 20
2 0 0 23 11 0 25
2 0 0 23 0 11 187
2 0 0 22 6 6 24
2 0 0 21 12 1 91
2 0 0 21 1 12 196
2 0 0 20 7 7 148
2 0 0 19 13 2 166
2 0 0 19 2 13 26
2 0 0 18 8 8 37
2 0 0 17 14 3 138
2 0 0 17 3 14 77
2 0 0 16 9 9 125
2 0 0 15 15 4 182
2 0 0 15 4 15 99
2 0 0 14 10 10 131
2 0 0 13 16 5 1
2 0 0 13 5 16 62
2 0 0 12 22 0 103
2 0 0 12 11 11 10
2 0 0 12 0 22 23
2 0 0 11 17 6 14
2 0 0 11 6 17 1
2 0 0 10 23 1 15
2 0 0 10 12 12 68
2 0 0 10 1 23 22
2 0 0 9 18 7 25
2 0 0 9 7 18 176
2 0 0 8 24 2 87
2 0 0 8 13 13 24
2 0 0 8 2 24 196
2 0 0 7 19 8 194
2 0 0 7 8 19 14
2 0 0 6 25 3 195
2 0 0 6 14 14 139
2 0 0 6 3 25 58
2 0 0 5 20 9 145
2 0 0 5 9 20 87
2 0 0 4 26 4 36
2 0 0 4 15 15 187
2 0 0 4 4 26 150
2 0 0 3 21 10 184
2 0 0 3 10 21 42
2 0 0 2 27 5 86
2 0 0 2 16 16 150
2 0 0 2 5 27 38
2 0 0 1 33 0 175
2 0 0 1 22 11 131
2 0 0 1 11 22 43
2 0 0 0 28 6 163
2 0 0 0 17 17 8
2 0 0 0 6 28 173
3 31 1 1 1 0 186
3 30 2 0 0 2 147
3 30 0 3 0 1 54
3 30 0 1 1 2 154
3 29 4 1 0 0 176
3 29 2 2 1 0 48
3 29 2 0 2 1 124
3 29 1 0 0 4 57
3 29 0 3 2 0 93
3 29 0 1 3 1 110
3 28 3 1 0 2 191
3 28 2 0 4 0 192
3 28 1 4 0 1 93
3 28 1 2 1 2 65
3 28 1 0 2 3 35
3 28 0 1 5 0 136
3 28 0 0 0 6 173
3 27 5 2 0 0 112
3 27 5 0 1 1 65
3 27 3 1 2 1 116
3 27 2 1 0 4 111
3 27 1 4 2 0 88
3 27 1 2 3 1 119
3 27 1 0 4 2 58
3 27 0 4 0 3 151
3 27 0 2 1 4 151
3 27 0 0 2 5 38
3 26 5 0 3 0 120
3 26 4 2 0 2 33
3 26 4 0 1 3 143
3 26 3 1 4 0 4
3 26 2 5 0 1 4
3 26 2 3 1 2 159
3 26 2 1 2 3 179
3 26 1 2 5 0 18
3 26 1 1 0 6 182
3 26 1 0 6 1 83
3 26 0 8 0 0 35
3 26 0 6 1 1 81
3 26 0 4 2 2 7
3 26 0 2 3 3 79
3 26 0 0 4 4 150
3 25 8 0 0 1 72
3 25 6 3 0 0 127
3 25 6 1 1 1 189
3 25 4 4 1 0 116
3 25 4 2 2 1 78
3 25 4 0 3 2 156
3 25 3 2 0 4 113
3 25 3 0 1 5 110
3 25 2 5 2 0 114
3 25 2 3 3 1 84
3 25 2 1 4 2 94
3 25 1 5 0 3 193
3 25 1 3 1 4 1
3 25 1 1 2 5 194
3 25 1 0 8 0 167
3 25 0 6 3 0 198
3 25 0 4 4 1 82
3 25 0 2 5 2 177
3 25 0 1 0 8 164
3 25 0 0 6 3 58
3 24 8 0 2 0 153
3 24 7 0 0 3 91
3 24 6 1 3 0 106
3 24 5 3 0 2 92
3 24 5 1 1 3 83
3 24 4 2 4 0 158
3 24 4 0 5 1 153
3 24 3 6 0 1 141
3 24 3 4 1 2 129
3 24 3 2 2 3 159
3 24 3 0 3 4 88
3 24 2 3 5 0 44
3 24 2 2 0 6 77
3 24 2 1 6 1 71
3 24 2 0 1 7 68
3 24 1 9 0 0 128
3 24 1 7 1 1 68
3 24 1 5 2 2 169
3 24 1 3 3 3 7
3 24 1 1 4 4 55
3 24 0 5 0 5 111
3 24 0 4 6 0 12
3 24 0 3 1 6 47
3 24 0 2 7 1 149
3 24 0 1 2 7 39
3 24 0 0 8 2 196
3 23 9 1 0 1 64
3 23 7 4 0 0 49
3 23 7 2 1 1 88
3 23 7 0 2 2 108
3 23 6 0 0 5 177
3 23 5 5 1 0 49
3 23 5 3 2 1 104
3 23 5 1 3 2 91
3 23 4 3 0 4 19
3 23 4 1 1 5 21
3 23 4 0 7 0 111
3 23 3 6 2 0 176
3 23 3 4 3 1 111
3 23 3 2 4 2 17
3 23 3 0 5 3 184
3 23 2 6 0 3 193
3 23 2 4 1 4 20
3 23 2 2 2 5 62
3 23 2 1 8 0 155
3 23 2 0 3 6 116
3 23 1 7 3 0 63
3 23 1 5 4 1 47
3 23 1 3 5 2 47
3 23 1 2 0 8 50
3 23 1 1 6 3 35
3 23 1 0 1 9 117
3 23 0 9 0 2 50
3 23 0 7 1 3 30
3 23 0 5 2 4 24
3 23 0 3 3 5 198
3 23 0 2 9 0 31
3 23 0 1 4 6 107
3 23 0 0 10 1 22
3 22 11 0 1 0 145
3 22 9 1 2 0 89
3 22 8 1 0 3 146
3 22 7 2 3 0 85
3 22 7 0 4 1 109
3 22 6 4 0 2 138
3 22 6 2 1 3 86
3 22 6 0 2 4 116
3 22 5 3 4 0 67
3 22 5 1 5 1 165
3 22 5 0 0 7 87
3 22 4 7 0 1 100
3 22 4 5 1 2 29
3 22 4 3 2 3 115
3 22 4 1 3 4 101
3 22 3 4 5 0 134
3 22 3 3 0 6 82
3 22 3 2 6 1 184
3 22 3 1 1 7 174
3 22 3 0 7 2 83
3 22 2 10 0 0 166
3 22 2 8 1 1 20
3 22 2 6 2 2 118
3 22 2 4 3 3 57
3 22 2 2 4 4 61
3 22 2 0 5 5 193
3 22 1 6 0 5 186
3 22 1 5 6 0 197
3 22 1 4 1 6 116
3 22 1 3 7 1 107
3 22 1 2 2 7 156
3 22 1 1 8 2 32
3 22 1 0 3 8 109
3 22 0 11 1 0 62
3 22 0 9 2 1 156
3 22 0 7 3 2 121
3 22 0 5 4 3 96
3 22 0 3 5 4 62
3 22 0 2 0 10 105
3 22 0 1 6 5 171
3 22 0 0 12 0 23
3 22 0 0 1 11 43
3 21 10 0 1 2 150
3 21 8 5 0 0 129
3 21 8 3 1 1 140
3 21 8 1 2 2 75
3 21 7 1 0 5 168
3 21 7 0 6 0 17
3 21 6 6 1 0 96
3 21 6 4 2 1 109
3 21 6 2 3 2 162
3 21 6 0 4 3 178
3 21 5 4 0 4 42
3 21 5 2 1 5 170
3 21 5 1 7 0 45
3 21 5 0 2 6 175
3 21 4 7 2 0 154
3 21 4 5 3 1 78
3 21 4 3 4 2 48
3 21 4 1 5 3 49
3 21 4 0 0 9 94
3 21 3 7 0 3 121
3 21 3 5 1 4 72
3 21 3 3 2 5 101
3 21 3 2 8 0 159
3 21 3 1 3 6 186
3 21 3 0 9 1 15
3 21 2 8 3 0 135
3 21 2 6 4 1 38
3 21 2 4 5 2 187
3 21 2 3 0 8 164
3 21 2 2 6 3 28
3 21 2 1 1 9 5
3 21 2 0 7 4 52
3 21 1 10 0 2 198
3 21 1 8 1 3 129
3 21 1 6 2 4 85
3 21 1 4 3 5 64
3 21 1 3 9 0 16
3 21 1 2 4 6 3
3 21 1 1 10 1 169
3 21 1 0 5 7 102
3 21 0 9 4 0 13
3 21 0 7 5 1 129
3 21 0 6 0 7 192
3 21 0 5 6 2 32
3 21 0 4 1 8 183
3 21 0 3 7 3 149
3 21 0 2 2 9 183
3 21 0 1 8 4 2
3 21 0 0 3 10 42
3 20 14 0 0 0 50
3 20 12 1 1 0 164
3 20 10 2 2 0 92
3 20 10 0 3 1 194
3 20 9 2 0 3 53
3 20 9 0 1 4 50
3 20 8 3 3 0 95
3 20 8 1 4 1 49
3 20 7 5 0 2 91
3 20 7 3 1 3 39
3 20 7 1 2 4 60
3 20 6 4 4 0 117
3 20 6 2 5 1 31
3 20 6 1 0 7 44
3 20 6 0 6 2 133
3 20 5 8 0 1 152
3 20 5 6 1 2 78
3 20 5 4 2 3 20
3 20 5 2 3 4 67
3 20 5 0 4 5 125
3 20 4 5 5 0 189
3 20 4 4 0 6 68
3 20 4 3 6 1 10
3 20 4 2 1 7 40
3 20 4 1 7 2 48
3 20 4 0 2 8 132
3 20 3 11 0 0 77
3 20 3 9 1 1 158
3 20 3 7 2 2 57
3 20 3 5 3 3 57
3 20 3 3 4 4 91
3 20 3 1 5 5 64
3 20 3 0 11 0 161
3 20 3 0 0 11 149
3 20 2 7 0 5 68
3 20 2 6 6 0 159
3 20 2 5 1 6 72
3 20 2 4 7 1 159
3 20 2 3 2 7 60
3 20 2 2 8 2 196
3 20 2 1 3 8 79
3 20 2 0 9 3 115
3 20 1 12 1 0 159
3 20 1 10 2 1 195
3 20 1 8 3 2 83
3 20 1 6 4 3 83
3 20 1 4 5 4 49
3 20 1 3 0 10 161
3 20 1 2 6 5 83
3 20 1 1 12 0 144
3 20 1 1 1 11 149
3 20 1 0 7 6 28
3 20 0 10 0 4 145
3 20 0 8 1 5 96
3 20 0 7 7 0 197
3 20 0 6 2 6 196
3 20 0 5 8 1 71
3 20 0 4 3 7 163
3 20 0 3 9 2 48
3 20 0 2 4 8 41
3 20 0 1 10 3 160
3 20 0 0 5 9 87
3 19 13 0 0 2 108
3 19 11 3 0 1 12
3 19 11 1 1 2 41
3 19 10 0 5 0 21
3 19 9 6 0 0 66
3 19 9 4 1 1 156
3 19 9 2 2 2 19
3 19 9 0 3 3 23
3 19 8 2 0 5 193
3 19 8 1 6 0 167
3 19 8 0 1 6 86
3 19 7 7 1 0 39
3 19 7 5 2 1 145
3 19 7 3 3 2 184
3 19 7 1 4 3 41
3 19 6 5 0 4 36
3 19 6 3 1 5 94
3 19 6 2 7 0 194
3 19 6 1 2 6 140
3 19 6 0 8 1 24
3 19 5 8 2 0 79
3 19 5 6 3 1 126
3 19 5 4 4 2 5
3 19 5 2 5 3 80
3 19 5 1 0 9 96
3 19 5 0 6 4 94
3 19 4 8 0 3 100
3 19 4 6 1 4 195
3 19 4 4 2 5 20
3 19 4 3 8 0 184
3 19 4 2 3 6 81
3 19 4 1 9 1 101
3 19 4 0 4 7 7
3 19 3 9 3 0 37
3 19 3 7 4 1 29
3 19 3 5 5 2 44
3 19 3 4 0 8 61
3 19 3 3 6 3 30
3 19 3 2 1 9 78
3 19 3 1 7 4 36
3 19 3 0 2 10 181
3 19 2 11 0 2 103
3 19 2 9 1 3 11
3 19 2 7 2 4 44
3 19 2 5 3 5 62
3 19 2 4 9 0 133
3 19 2 3 4 6 16
3 19 2 2 10 1 31
3 19 2 1 5 7 116
3 19 2 0 11 2 175
3 19 2 0 0 13 76
3 19 1 10 4 0 175
3 19 1 8 5 1 116
3 19 1 7 0 7 23
3 19 1 6 6 2 3
3 19 1 5 1 8 124
3 19 1 4 7 3 103
3 19 1 3 2 9 47
3 19 1 2 8 4 49
3 19 1 1 3 10 136
3 19 1 0 9 5 161
3 19 0 14 0 1 65
3 19 0 12 1 2 34
3 19 0 10 2 3 119
3 19 0 8 3 4 50
3 19 0 6 4 5 27
3 19 0 5 10 0 145
3 19 0 4 5 6 69
3 19 0 3 11 1 153
3 19 0 3 0 12 140
3 19 0 2 6 7 50
3 19 0 1 12 2 48
3 19 0 1 1 13 91
3 19 0 0 7 8 14
3 18 15 1 0 0 128
3 18 13 2 1 0 100
3 18 13 0 2 1 113
3 18 12 0 0 4 146
3 18 11 3 2 0 23
3 18 11 1 3 1 99
3 18 10 3 0 3 192
3 18 10 1 1 4 171
3 18 9 4 3 0 18
3 18 9 2 4 1 1
3 18 9 0 5 2 59
3 18 8 6 0 2 65
3 18 8 4 1 3 83
3 18 8 2 2 4 66
3 18 8 0 3 5 127
3 18 7 5 4 0 100
3 18 7 3 5 1 75
3 18 7 2 0 7 185
3 18 7 1 6 2 6
3 18 7 0 1 8 190
3 18 6 9 0 1 74
3 18 6 7 1 2 106
3 18 6 5 2 3 23
3 18 6 3 3 4 136
3 18 6 1 4 5 112
3 18 6 0 10 0 63
3 18 5 6 5 0 161
3 18 5 5 0 6 110
3 18 5 4 6 1 85
3 18 5 3 1 7 12
3 18 5 2 7 2 3
3 18 5 1 2 8 53
3 18 5 0 8 3 124
3 18 4 12 0 0 144
3 18 4 10 1 1 53
3 18 4 8 2 2 35
3 18 4 6 3 3 171
3 18 4 4 4 4 34
3 18 4 2 5 5 145
3 18 4 1 11 0 186
3 18 4 1 0 11 29
3 18 4 0 6 6 132
3 18 3 8 0 5 166
3 18 3 7 6 0 116
3 18 3 6 1 6 57
3 18 3 5 7 1 126
3 18 3 4 2 7 38
3 18 3 3 8 2 135
3 18 3 2 3 8 166
3 18 3 1 9 3 128
3 18 3 0 4 9 115
3 18 2 13 1 0 45
3 18 2 11 2 1 1
3 18 2 9 3 2 85
3 18 2 7 4 3 13
3 18 2 5 5 4 21
3 18 2 4 0 10 189
3 18 2 3 6 5 83
3 18 2 2 12 0 77
3 18 2 2 1 11 85
3 18 2 1 7 6 6
3 18 2 0 13 1 44
3 18 2 0 2 12 179
3 18 1 11 0 4 61
3 18 1 9 1 5 7
3 18 1 8 7 0 93
3 18 1 7 2 6 22
3 18 1 6 8 1 115
3 18 1 5 3 7 180
3 18 1 4 9 2 6
3 18 1 3 4 8 129
3 18 1 2 10 3 10
3 18 1 1 5 9 51
3 18 1 0 11 4 101
3 18 1 0 0 15 181
3 18 0 14 2 0 7
3 18 0 12 3 1 122
3 18 0 10 4 2 138
3 18 0 8 5 3 112
3 18 0 7 0 9 189
3 18 0 6 6 4 87
3 18 0 5 1 10 38
3 18 0 4 7 5 77
3 18 0 3 13 0 108
3 18 0 3 2 11 150
3 18 0 2 8 6 49
3 18 0 1 14 1 120
3 18 0 1 3 12 44
3 18 0 0 9 7 176
3 17 14 1 0 2 52
3 17 13 0 4 0 113
3 17 12 4 0 1 193
3 17 12 2 1 2 32
3 17 12 0 2 3 128
3 17 11 1 5 0 142
3 17 11 0 0 6 170
3 17 10 7 0 0 88
3 17 10 5 1 1 64
3 17 10 3 2 2 196
3 17 10 1 3 3 41
3 17 9 3 0 5 115
3 17 9 2 6 0 33
3 17 9 1 1 6 88
3 17 9 0 7 1 146
3 17 8 8 1 0 100
3 17 8 6 2 1 134
3 17 8 4 3 2 134
3 17 8 2 4 3 32
3 17 8 0 5 4 139
3 17 7 6 0 4 197
3 17 7 4 1 5 116
3 17 7 3 7 0 99
3 17 7 2 2 6 115
3 17 7 1 8 1 170
3 17 7 0 3 7 17
3 17 6 9 2 0 172
3 17 6 7 3 1 162
3 17 6 5 4 2 117
3 17 6 3 5 3 133
3 17 6 2 0 9 65
3 17 6 1 6 4 55
3 17 6 0 1 10 107
3 17 5 9 0 3 71
3 17 5 7 1 4 24
3 17 5 5 2 5 187
3 17 5 4 8 0 144
3 17 5 3 3 6 173
3 17 5 2 9 1 19
3 17 5 1 4 7 6
3 17 5 0 10 2 128
3 17 4 10 3 0 186
3 17 4 8 4 1 151
3 17 4 6 5 2 182
3 17 4 5 0 8 139
3 17 4 4 6 3 65
3 17 4 3 1 9 76
3 17 4 2 7 4 97
3 17 4 1 2 10 13
3 17 4 0 8 5 77
3 17 3 12 0 2 6
3 17 3 10 1 3 12
3 17 3 8 2 4 57
3 17 3 6 3 5 197
3 17 3 5 9 0 156
3 17 3 4 4 6 37
3 17 3 3 10 1 59
3 17 3 2 5 7 117
3 17 3 1 11 2 41
3 17 3 1 0 13 98
3 17 3 0 6 8 73
3 17 2 11 4 0 46
3 17 2 9 5 1 168
3 17 2 8 0 7 157
3 17 2 7 6 2 108
3 17 2 6 1 8 72
3 17 2 5 7 3 123
3 17 2 4 2 9 156
3 17 2 3 8 4 162
3 17 2 2 3 10 24
3 17 2 1 9 5 153
3 17 2 0 15 0 5
3 17 2 0 4 11 180
3 17 1 15 0 1 71
3 17 1 13 1 2 149
3 17 1 11 2 3 147
3 17 1 9 3 4 178
3 17 1 7 4 5 68
3 17 1 6 10 0 49
3 17 1 5 5 6 23
3 17 1 4 11 1 188
3 17 1 4 0 12 194
3 17 1 3 6 7 42
3 17 1 2 12 2 132
3 17 1 2 1 13 8
3 17 1 1 7 8 104
3 17 1 0 13 3 97
3 17 1 0 2 14 92
3 17 0 12 5 0 57
3 17 0 11 0 6 9
3 17 0 10 6 1 191
3 17 0 9 1 7 73
3 17 0 8 7 2 30
3 17 0 7 2 8 59
3 17 0 6 8 3 167
3 17 0 5 3 9 12
3 17 0 4 9 4 194
3 17 0 3 4 10 49
3 17 0 2 10 5 123
3 17 0 1 16 0 123
3 17 0 1 5 11 63
3 17 0 0 11 6 1
3 17 0 0 0 17 8
3 16 16 2 0 0 63
3 16 16 0 1 1 129
3 16 14 3 1 0 105
3 16 14 1 2 1 189
3 16 13 1 0 4 119
3 16 12 4 2 0 12
3 16 12 2 3 1 71
3 16 12 0 4 2 146
3 16 11 4 0 3 75
3 16 11 2 1 4 191
3 16 11 0 2 5 9
3 16 10 5 3 0 84
3 16 10 3 4 1 130
3 16 10 1 5 2 138
3 16 10 0 0 8 150
3 16 9 7 0 2 60
3 16 9 5 1 3 83
3 16 9 3 2 4 33
3 16 9 1 3 5 137
3 16 9 0 9 0 18
3 16 8 6 4 0 57
3 16 8 4 5 1 176
3 16 8 3 0 7 76
3 16 8 2 6 2 90
3 16 8 1 1 8 1
3 16 8 0 7 3 2
3 16 7 10 0 1 43
3 16 7 8 1 2 82
3 16 7 6 2 3 51
3 16 7 4 3 4 105
3 16 7 2 4 5 110
3 16 7 1 10 0 171
3 16 7 0 5 6 26
3 16 6 7 5 0 117
3 16 6 6 0 6 172
3 16 6 5 6 1 53
3 16 6 4 1 7 104
3 16 6 3 7 2 23
3 16 6 2 2 8 191
3 16 6 1 8 3 106
3 16 6 0 3 9 171
3 16 5 13 0 0 23
3 16 5 11 1 1 178
3 16 5 9 2 2 110
3 16 5 7 3 3 44
3 16 5 5 4 4 113
3 16 5 3 5 5 68
3 16 5 2 11 0 146
3 16 5 2 0 11 184
3 16 5 1 6 6 20
3 16 5 0 12 1 1
3 16 5 0 1 12 105
3 16 4 9 0 5 62
3 16 4 8 6 0 64
3 16 4 7 1 6 194
3 16 4 6 7 1 39
3 16 4 5 2 7 67
3 16 4 4 8 2 50
3 16 4 3 3 8 182
3 16 4 2 9 3 134
3 16 4 1 4 9 158
3 16 4 0 10 4 164
3 16 3 14 1 0 88
3 16 3 12 2 1 12
3 16 3 10 3 2 81
3 16 3 8 4 3 175
3 16 3 6 5 4 170
3 16 3 5 0 10 160
3 16 3 4 6 5 85
3 16 3 3 12 0 11
3 16 3 3 1 11 86
3 16 3 2 7 6 162
3 16 3 1 13 1 95
3 16 3 1 2 12 131
3 16 3 0 8 7 5
3 16 2 12 0 4 11
3 16 2 10 1 5 73
3 16 2 9 7 0 182
3 16 2 8 2 6 80
3 16 2 7 8 1 187
3 16 2 6 3 7 162
3 16 2 5 9 2 112
3 16 2 4 4 8 174
3 16 2 3 10 3 12
3 16 2 2 5 9 194
3 16 2 1 11 4 105
3 16 2 1 0 15 178
3 16 2 0 6 10 39
3 16 1 15 2 0 45
3 16 1 13 3 1 21
3 16 1 11 4 2 18
3 16 1 9 5 3 118
3 16 1 8 0 9 119
3 16 1 7 6 4 1
3 16 1 6 1 10 49
3 16 1 5 7 5 42
3 16 1 4 13 0 27
3 16 1 4 2 11 56
3 16 1 3 8 6 13
3 16 1 2 14 1 86
3 16 1 2 3 12 53
3 16 1 1 9 7 7
3 16 1 0 15 2 58
3 16 1 0 4 13 137
3 16 0 15 0 3 112
3 16 0 13 1 4 133
3 16 0 11 2 5 56
3 16 0 10 8 0 185
3 16 0 9 3 6 49
3 16 0 8 9 1 57
3 16 0 7 4 7 90
3 16 0 6 10 2 16
3 16 0 5 5 8 190
3 16 0 4 11 3 5
3 16 0 4 0 14 159
3 16 0 3 6 9 34
3 16 0 2 12 4 196
3 16 0 2 1 15 68
3 16 0 1 7 10 71
3 16 0 0 13 5 62
3 16 0 0 2 16 150
3 15 16 0 3 0 132
3 15 15 2 0 2 185
3 15 15 0 1 3 99
3 15 14 1 4 0 120
3 15 13 5 0 1 154
3 15 13 3 1 2 11
3 15 13 1 2 3 169
3 15 12 2 5 0 7
3 15 12 1 0 6 6
3 15 12 0 6 1 55
3 15 11 8 0 0 184
3 15 11 6 1 1 198
3 15 11 4 2 2 192
3 15 11 2 3 3 10
3 15 11 0 4 4 64
3 15 10 4 0 5 102
3 15 10 3 6 0 119
3 15 10 2 1 6 159
3 15 10 1 7 1 70
3 15 10 0 2 7 29
3 15 9 9 1 0 183
3 15 9 7 2 1 175
3 15 9 5 3 2 58
3 15 9 3 4 3 35
3 15 9 1 5 4 74
3 15 9 0 0 10 26
3 15 8 7 0 4 88
3 15 8 5 1 5 50
3 15 8 4 7 0 155
3 15 8 3 2 6 170
3 15 8 2 8 1 9
3 15 8 1 3 7 12
3 15 8 0 9 2 106
3 15 7 10 2 0 133
3 15 7 8 3 1 166
3 15 7 6 4 2 197
3 15 7 4 5 3 114
3 15 7 3 0 9 174
3 15 7 2 6 4 56
3 15 7 1 1 10 110
3 15 7 0 7 5 191
3 15 6 10 0 3 57
3 15 6 8 1 4 190
3 15 6 6 2 5 26
3 15 6 5 8 0 139
3 15 6 4 3 6 134
3 15 6 3 9 1 44
3 15 6 2 4 7 144
3 15 6 1 10 2 101
3 15 6 0 5 8 83
3 15 5 11 3 0 55
3 15 5 9 4 1 25
3 15 5 7 5 2 130
3 15 5 6 0 8 52
3 15 5 5 6 3 63
3 15 5 4 1 9 73
3 15 5 3 7 4 62
3 15 5 2 2 10 99
3 15 5 1 8 5 197
3 15 5 0 14 0 143
3 15 5 0 3 11 11
3 15 4 13 0 2 80
3 15 4 11 1 3 73
3 15 4 9 2 4 126
3 15 4 7 3 5 22
3 15 4 6 9 0 162
3 15 4 5 4 6 126
3 15 4 4 10 1 149
3 15 4 3 5 7 64
3 15 4 2 11 2 101
3 15 4 2 0 13 50
3 15 4 1 6 8 32
3 15 4 0 12 3 67
3 15 4 0 1 14 161
3 15 3 12 4 0 13
3 15 3 10 5 1 19
3 15 3 9 0 7 22
3 15 3 8 6 2 109
3 15 3 7 1 8 63
3 15 3 6 7 3 74
3 15 3 5 2 9 94
3 15 3 4 8 4 13
3 15 3 3 3 10 173
3 15 3 2 9 5 58
3 15 3 1 15 0 70
3 15 3 1 4 11 129
3 15 3 0 10 6 42
3 15 2 16 0 1 72
3 15 2 14 1 2 14
3 15 2 12 2 3 61
3 15 2 10 3 4 86
3 15 2 8 4 5 71
3 15 2 7 10 0 190
3 15 2 6 5 6 139
3 15 2 5 11 1 65
3 15 2 5 0 12 167
3 15 2 4 6 7 159
3 15 2 3 12 2 15
3 15 2 3 1 13 151
3 15 2 2 7 8 93
3 15 2 1 13 3 73
3 15 2 1 2 14 151
3 15 2 0 8 9 26
3 15 1 13 5 0 147
3 15 1 12 0 6 193
3 15 1 11 6 1 129
3 15 1 10 1 7 176
3 15 1 9 7 2 134
3 15 1 8 2 8 21
3 15 1 7 8 3 142
3 15 1 6 3 9 76
3 15 1 5 9 4 147
3 15 1 4 4 10 59
3 15 1 3 10 5 116
3 15 1 2 16 0 184
3 15 1 2 5 11 58
3 15 1 1 11 6 37
3 15 1 1 0 17 94
3 15 1 0 17 1 17
3 15 1 0 6 12 158
3 15 0 19 0 0 169
3 15 0 17 1 1 183
3 15 0 15 2 2 124
3 15 0 13 3 3 75
3 15 0 11 4 4 139
3 15 0 9 5 5 166
3 15 0 8 11 0 23
3 15 0 8 0 11 115
3 15 0 7 6 6 8
3 15 0 6 12 1 103
3 15 0 6 1 12 117
3 15 0 5 7 7 130
3 15 0 4 13 2 41
3 15 0 4 2 13 122
3 15 0 3 8 8 188
3 15 0 2 14 3 68
3 15 0 2 3 14 196
3 15 0 1 9 9 178
3 15 0 0 15 4 99
3 15 0 0 4 15 187
3 14 19 0 0 1 42
3 14 17 3 0 0 96
3 14 17 1 1 1 23
3 14 15 4 1 0 106
3 14 15 2 2 1 93
3 14 15 0 3 2 40
3 14 14 2 0 4 50
3 14 14 0 1 5 193
3 14 13 5 2 0 154
3 14 13 3 3 1 63
3 14 13 1 4 2 61
3 14 12 5 0 3 161
3 14 12 3 1 4 97
3 14 12 1 2 5 76
3 14 12 0 8 0 166
3 14 11 6 3 0 29
3 14 11 4 4 1 40
3 14 11 1 0 8 29
3 14 11 0 6 3 58
3 14 10 8 0 2 150
3 14 10 6 1 3 143
3 14 10 4 2 4 180
3 14 10 2 3 5 66
3 14 10 1 9 0 26
3 14 10 0 4 6 165
3 14 9 7 4 0 130
3 14 9 5 5 1 101
3 14 9 4 0 7 109
3 14 9 3 6 2 60
3 14 9 2 1 8 85
3 14 9 1 7 3 96
3 14 9 0 2 9 182
3 14 8 11 0 1 72
3 14 8 9 1 2 148
3 14 8 7 2 3 179
3 14 8 5 3 4 60
3 14 8 3 4 5 106
3 14 8 2 10 0 185
3 14 8 1 5 6 3
3 14 8 0 11 1 139
3 14 8 0 0 12 191
3 14 7 8 5 0 45
3 14 7 7 0 6 96
3 14 7 6 6 1 42
3 14 7 5 1 7 20
3 14 7 4 7 2 153
3 14 7 3 2 8 188
3 14 7 2 8 3 118
3 14 7 1 3 9 33
3 14 7 0 9 4 81
3 14 6 14 0 0 56
3 14 6 12 1 1 70
3 14 6 10 2 2 158
3 14 6 8 3 3 126
3 14 6 6 4 4 3
3 14 6 4 5 5 83
3 14 6 3 11 0 20
3 14 6 3 0 11 188
3 14 6 2 6 6 40
3 14 6 1 12 1 143
3 14 6 1 1 12 55
3 14 6 0 7 7 75
3 14 5 10 0 5 101
3 14 5 9 6 0 59
3 14 5 8 1 6 70
3 14 5 7 7 1 173
3 14 5 6 2 7 163
3 14 5 5 8 2 114
3 14 5 4 3 8 127
3 14 5 3 9 3 54
3 14 5 2 4 9 61
3 14 5 1 10 4 161
3 14 5 0 5 10 125
3 14 4 15 1 0 163
3 14 4 13 2 1 67
3 14 4 11 3 2 72
3 14 4 9 4 3 100
3 14 4 7 5 4 48
3 14 4 6 0 10 46
3 14 4 5 6 5 148
3 14 4 4 12 0 72
3 14 4 4 1 11 61
3 14 4 3 7 6 5
3 14 4 2 13 1 159
3 14 4 2 2 12 27
3 14 4 1 8 7 117
3 14 4 0 14 2 156
3 14 4 0 3 13 4
3 14 3 13 0 4 192
3 14 3 11 1 5 142
3 14 3 10 7 0 190
3 14 3 9 2 6 9
3 14 3 8 8 1 191
3 14 3 7 3 7 105
3 14 3 6 9 2 171
3 14 3 5 4 8 88
3 14 3 4 10 3 68
3 14 3 3 5 9 6
3 14 3 2 11 4 122
3 14 3 2 0 15 14
3 14 3 1 6 10 67
3 14 3 0 12 5 86
3 14 3 0 1 16 104
3 14 2 16 2 0 22
3 14 2 14 3 1 132
3 14 2 12 4 2 128
3 14 2 10 5 3 147
3 14 2 9 0 9 106
3 14 2 8 6 4 169
3 14 2 7 1 10 63
3 14 2 6 7 5 30
3 14 2 5 13 0 127
3 14 2 5 2 11 169
3 14 2 4 8 6 127
3 14 2 3 14 1 197
3 14 2 3 3 12 172
3 14 2 2 9 7 57
3 14 2 1 15 2 148
3 14 2 1 4 13 160
3 14 2 0 10 8 21
3 14 1 16 0 3 37
3 14 1 14 1 4 134
3 14 1 12 2 5 146
3 14 1 11 8 0 5
3 14 1 10 3 6 64
3 14 1 9 9 1 37
3 14 1 8 4 7 185
3 14 1 7 10 2 189
3 14 1 6 5 8 95
3 14 1 5 11 3 101
3 14 1 5 0 14 182
3 14 1 4 6 9 65
3 14 1 3 12 4 158
3 14 1 3 1 15 22
3 14 1 2 7 10 86
3 14 1 1 13 5 157
3 14 1 1 2 16 24
3 14 1 0 19 0 10
3 14 1 0 8 11 192
3 14 0 17 3 0 143
3 14 0 15 4 1 59
3 14 0 13 5 2 174
3 14 0 12 0 8 169
3 14 0 11 6 3 99
3 14 0 10 1 9 153
3 14 0 9 7 4 142
3 14 0 8 2 10 71
3 14 0 7 8 5 50
3 14 0 6 14 0 85
3 14 0 6 3 11 105
3 14 0 5 9 6 65
3 14 0 4 15 1 151
3 14 0 4 4 12 24
3 14 0 3 10 7 133
3 14 0 2 16 2 127
3 14 0 2 5 13 56
3 14 0 1 11 8 80
3 14 0 1 0 19 92
3 14 0 0 17 3 77
3 14 0 0 6 14 139
3 13 19 0 2 0 74
3 13 18 0 0 3 187
3 13 17 1 3 0 19
3 13 16 3 0 2 190
3 13 16 1 1 3 39
3 13 15 2 4 0 79
3 13 15 0 5 1 188
3 13 14 6 0 1 28
3 13 14 4 1 2 6
3 13 14 2 2 3 160
3 13 14 0 3 4 86
3 13 13 3 5 0 185
3 13 13 2 0 6 138
3 13 13 1 6 1 21
3 13 13 0 1 7 144
3 13 12 9 0 0 148
3 13 12 7 1 1 134
3 13 12 5 2 2 159
3 13 12 3 3 3 190
3 13 12 1 4 4 60
3 13 11 5 0 5 64
3 13 11 4 6 0 48
3 13 11 3 1 6 90
3 13 11 2 7 1 136
3 13 11 1 2 7 60
3 13 11 0 8 2 161
3 13 10 10 1 0 109
3 13 10 8 2 1 70
3 13 10 6 3 2 169
3 13 10 4 4 3 148
3 13 10 2 5 4 135
3 13 10 1 0 10 25
3 13 10 0 6 5 162
3 13 9 8 0 4 13
3 13 9 6 1 5 109
3 13 9 5 7 0 67
3 13 9 4 2 6 68
3 13 9 3 8 1 154
3 13 9 2 3 7 163
3 13 9 1 9 2 71
3 13 9 0 4 8 144
3 13 8 11 2 0 150
3 13 8 9 3 1 117
3 13 8 7 4 2 80
3 13 8 5 5 3 45
3 13 8 4 0 9 147
3 13 8 3 6 4 181
3 13 8 2 1 10 111
3 13 8 1 7 5 49
3 13 8 0 13 0 47
3 13 8 0 2 11 131
3 13 7 11 0 3 17
3 13 7 9 1 4 83
3 13 7 7 2 5 182
3 13 7 6 8 0 27
3 13 7 5 3 6 109
3 13 7 4 9 1 167
3 13 7 3 4 7 46
3 13 7 2 10 2 113
3 13 7 1 5 8 150
3 13 7 0 11 3 103
3 13 7 0 0 14 63
3 13 6 12 3 0 92
3 13 6 10 4 1 42
3 13 6 8 5 2 118
3 13 6 7 0 8 152
3 13 6 6 6 3 50
3 13 6 5 1 9 190
3 13 6 4 7 4 43
3 13 6 3 2 10 84
3 13 6 2 8 5 57
3 13 6 1 14 0 125
3 13 6 1 3 11 185
3 13 6 0 9 6 163
3 13 5 14 0 2 142
3 13 5 12 1 3 189
3 13 5 10 2 4 136
3 13 5 8 3 5 60
3 13 5 7 9 0 51
3 13 5 6 4 6 105
3 13 5 5 10 1 24
3 13 5 4 5 7 181
3 13 5 3 11 2 93
3 13 5 3 0 13 93
3 13 5 2 6 8 174
3 13 5 1 12 3 71
3 13 5 1 1 14 145
3 13 5 0 7 9 79
3 13 4 13 4 0 186
3 13 4 11 5 1 109
3 13 4 10 0 7 51
3 13 4 9 6 2 40
3 13 4 8 1 8 51
3 13 4 7 7 3 51
3 13 4 6 2 9 118
3 13 4 5 8 4 54
3 13 4 4 3 10 167
3 13 4 3 9 5 124
3 13 4 2 15 0 186
3 13 4 2 4 11 74
3 13 4 1 10 6 144
3 13 4 0 16 1 140
3 13 4 0 5 12 196
3 13 3 17 0 1 25
3 13 3 15 1 2 46
3 13 3 13 2 3 6
3 13 3 11 3 4 121
3 13 3 9 4 5 155
3 13 3 8 10 0 161
3 13 3 7 5 6 47
3 13 3 6 11 1 27
3 13 3 6 0 12 39
3 13 3 5 6 7 123
3 13 3 4 12 2 161
3 13 3 4 1 13 54
3 13 3 3 7 8 197
3 13 3 2 13 3 188
3 13 3 2 2 14 185
3 13 3 1 8 9 95
3 13 3 0 14 4 104
3 13 3 0 3 15 11
3 13 2 14 5 0 79
3 13 2 13 0 6 198
3 13 2 12 6 1 47
3 13 2 11 1 7 102
3 13 2 10 7 2 127
3 13 2 9 2 8 171
3 13 2 8 8 3 177
3 13 2 7 3 9 23
3 13 2 6 9 4 16
3 13 2 5 4 10 84
3 13 2 4 10 5 182
3 13 2 3 16 0 173
3 13 2 3 5 11 31
3 13 2 2 11 6 68
3 13 2 2 0 17 101
3 13 2 1 17 1 85
3 13 2 1 6 12 74
3 13 2 0 12 7 102
3 13 2 0 1 18 113
3 13 1 20 0 0 65
3 13 1 18 1 1 172
3 13 1 16 2 2 139
3 13 1 14 3 3 44
3 13 1 12 4 4 16
3 13 1 10 5 5 99
3 13 1 9 11 0 174
3 13 1 9 0 11 79
3 13 1 8 6 6 2
3 13 1 7 12 1 106
3 13 1 7 1 12 110
3 13 1 6 7 7 186
3 13 1 5 13 2 197
3 13 1 5 2 13 167
3 13 1 4 8 8 9
3 13 1 3 14 3 29
3 13 1 3 3 14 126
3 13 1 2 9 9 41
3 13 1 1 15 4 98
3 13 1 1 4 15 20
3 13 1 0 10 10 68
3 13 0 16 0 5 101
3 13 0 15 6 0 6
3 13 0 14 1 6 132
3 13 0 13 7 1 142
3 13 0 12 2 7 177
3 13 0 11 8 2 196
3 13 0 10 3 8 38
3 13 0 9 9 3 193
3 13 0 8 4 9 193
3 13 0 7 10 4 170
3 13 0 6 5 10 12
3 13 0 5 11 5 55
3 13 0 5 0 16 131
3 13 0 4 17 0 96
3 13 0 4 6 11 134
3 13 0 3 12 6 158
3 13 0 3 1 17 74
3 13 0 2 18 1 181
3 13 0 2 7 12 106
3 13 0 1 13 7 69
3 13 0 1 2 18 22
3 13 0 0 19 2 26
3 13 0 0 8 13 24
3 12 20 1 0 1 70
3 12 18 4 0 0 176
3 12 18 2 1 1 16
3 12 18 0 2 2 6
3 12 17 0 0 5 162
3 12 16 5 1 0 196
3 12 16 3 2 1 171
3 12 16 1 3 2 86
3 12 15 3 0 4 94
3 12 15 1 1 5 116
3 12 15 0 7 0 10
3 12 14 6 2 0 76
3 12 14 4 3 1 31
3 12 14 2 4 2 139
3 12 14 0 5 3 51
3 12 13 6 0 3 146
3 12 13 4 1 4 64
3 12 13 2 2 5 65
3 12 13 1 8 0 147
3 12 13 0 3 6 158
3 12 12 7 3 0 114
3 12 12 5 4 1 26
3 12 12 3 5 2 41
3 12 12 2 0 8 25
3 12 12 1 6 3 125
3 12 12 0 1 9 129
3 12 11 9 0 2 104
3 12 11 7 1 3 104
3 12 11 5 2 4 129
3 12 11 3 3 5 14
3 12 11 2 9 0 18
3 12 11 1 4 6 170
3 12 11 0 10 1 100
3 12 10 8 4 0 166
3 12 10 6 5 1 111
3 12 10 5 0 7 109
3 12 10 4 6 2 96
3 12 10 3 1 8 75
3 12 10 2 7 3 177
3 12 10 1 2 9 2
3 12 10 0 8 4 169
3 12 9 12 0 1 41
3 12 9 10 1 2 107
3 12 9 8 2 3 148
3 12 9 6 3 4 22
3 12 9 4 4 5 105
3 12 9 3 10 0 98
3 12 9 2 5 6 36
3 12 9 1 11 1 61
3 12 9 1 0 12 83
3 12 9 0 6 7 32
3 12 8 9 5 0 80
3 12 8 8 0 6 182
3 12 8 7 6 1 89
3 12 8 6 1 7 23
3 12 8 5 7 2 43
3 12 8 4 2 8 79
3 12 8 3 8 3 11
3 12 8 2 3 9 35
3 12 8 1 9 4 168
3 12 8 0 4 10 142
3 12 7 15 0 0 189
3 12 7 13 1 1 104
3 12 7 11 2 2 185
3 12 7 9 3 3 126
3 12 7 7 4 4 93
3 12 7 5 5 5 44
3 12 7 4 11 0 43
3 12 7 4 0 11 13
3 12 7 3 6 6 8
3 12 7 2 12 1 4
3 12 7 2 1 12 148
3 12 7 1 7 7 70
3 12 7 0 13 2 154
3 12 7 0 2 13 51
3 12 6 11 0 5 26
3 12 6 10 6 0 110
3 12 6 9 1 6 158
3 12 6 8 7 1 189
3 12 6 7 2 7 71
3 12 6 6 8 2 179
3 12 6 5 3 8 126
3 12 6 4 9 3 187
3 12 6 3 4 9 178
3 12 6 2 10 4 146
3 12 6 1 5 10 175
3 12 6 0 11 5 177
3 12 6 0 0 16 139
3 12 5 16 1 0 61
3 12 5 14 2 1 51
3 12 5 12 3 2 94
3 12 5 10 4 3 24
3 12 5 8 5 4 53
3 12 5 7 0 10 171
3 12 5 6 6 5 72
3 12 5 5 12 0 169
3 12 5 5 1 11 89
3 12 5 4 7 6 36
3 12 5 3 13 1 49
3 12 5 3 2 12 59
3 12 5 2 8 7 20
3 12 5 1 14 2 181
3 12 5 1 3 13 84
3 12 5 0 9 8 142
3 12 4 14 0 4 53
3 12 4 12 1 5 131
3 12 4 11 7 0 171
3 12 4 10 2 6 164
3 12 4 9 8 1 7
3 12 4 8 3 7 191
3 12 4 7 9 2 159
3 12 4 6 4 8 38
3 12 4 5 10 3 118
3 12 4 4 5 9 87
3 12 4 3 11 4 187
3 12 4 3 0 15 26
3 12 4 2 6 10 140
3 12 4 1 12 5 74
3 12 4 1 1 16 48
3 12 4 0 18 0 110
3 12 4 0 7 11 79
3 12 3 17 2 0 18
3 12 3 15 3 1 57
3 12 3 13 4 2 40
3 12 3 11 5 3 82
3 12 3 10 0 9 83
3 12 3 9 6 4 166
3 12 3 8 1 10 153
3 12 3 7 7 5 139
3 12 3 6 13 0 96
3 12 3 6 2 11 137
3 12 3 5 8 6 141
3 12 3 4 14 1 174
3 12 3 4 3 12 127
3 12 3 3 9 7 49
3 12 3 2 15 2 69
3 12 3 2 4 13 40
3 12 3 1 10 8 11
3 12 3 0 16 3 96
3 12 3 0 5 14 9
3 12 2 17 0 3 53
3 12 2 15 1 4 175
3 12 2 13 2 5 139
3 12 2 12 8 0 164
3 12 2 11 3 6 145
3 12 2 10 9 1 165
3 12 2 9 4 7 168
3 12 2 8 10 2 1
3 12 2 7 5 8 24
3 12 2 6 11 3 159
3 12 2 6 0 14 170
3 12 2 5 6 9 22
3 12 2 4 12 4 133
3 12 2 4 1 15 170
3 12 2 3 7 10 160
3 12 2 2 13 5 8
3 12 2 2 2 16 123
3 12 2 1 19 0 58
3 12 2 1 8 11 100
3 12 2 0 14 6 74
3 12 2 0 3 17 12
3 12 1 18 3 0 51
3 12 1 16 4 1 29
3 12 1 14 5 2 161
3 12 1 13 0 8 45
3 12 1 12 6 3 129
3 12 1 11 1 9 131
3 12 1 10 7 4 107
3 12 1 9 2 10 94
3 12 1 8 8 5 180
3 12 1 7 14 0 146
3 12 1 7 3 11 179
3 12 1 6 9 6 23
3 12 1 5 15 1 72
3 12 1 5 4 12 72
3 12 1 4 10 7 170
3 12 1 3 5 13 7
3 12 1 2 11 8 146
3 12 1 2 0 19 119
3 12 1 1 17 3 45
3 12 1 1 6 14 50
3 12 1 0 12 9 17
3 12 1 0 1 20 100
3 12 0 20 0 2 16
3 12 0 18 1 3 26
3 12 0 16 2 4 167
3 12 0 14 3 5 124
3 12 0 13 9 0 72
3 12 0 12 4 6 75
3 12 0 11 10 1 90
3 12 0 10 5 7 85
3 12 0 9 11 2 114
3 12 0 9 0 13 95
3 12 0 8 6 8 155
3 12 0 7 12 3 124
3 12 0 7 1 14 101
3 12 0 6 7 9 79
3 12 0 5 13 4 103
3 12 0 5 2 15 92
3 12 0 4 8 10 44
3 12 0 3 14 5 63
3 12 0 3 3 16 182
3 12 0 2 20 0 3
3 12 0 2 9 11 88
3 12 0 1 15 6 163
3 12 0 1 4 17 66
3 12 0 0 21 1 196
3 12 0 0 10 12 68
3 11 22 0 1 0 10
3 11 20 1 2 0 59
3 11 19 1 0 3 72
3 11 18 2 3 0 191
3 11 18 0 4 1 190
3 11 17 4 0 2 68
3 11 17 2 1 3 99
3 11 17 0 2 4 28
3 11 16 3 4 0 103
3 11 16 1 5 1 120
3 11 16 0 0 7 150
3 11 15 7 0 1 146
3 11 15 5 1 2 125
3 11 15 3 2 3 90
3 11 15 1 3 4 177
3 11 14 4 5 0 165
3 11 14 3 0 6 174
3 11 14 2 6 1 132
3 11 14 1 1 7 143
3 11 14 0 7 2 149
3 11 13 10 0 0 104
3 11 13 8 1 1 8
3 11 13 6 2 2 36
3 11 13 4 3 3 86
3 11 13 2 4 4 126
3 11 13 0 5 5 65
3 11 12 6 0 5 70
3 11 12 5 6 0 6
3 11 12 4 1 6 38
3 11 12 3 7 1 60
3 11 12 2 2 7 76
3 11 12 1 8 2 81
3 11 12 0 3 8 143
3 11 11 11 1 0 134
3 11 11 9 2 1 161
3 11 11 7 3 2 74
3 11 11 5 4 3 30
3 11 11 3 5 4 187
3 11 11 2 0 10 147
3 11 11 1 6 5 188
3 11 11 0 12 0 33
3 11 11 0 1 11 74
3 11 10 9 0 4 75
3 11 10 7 1 5 107
3 11 10 6 7 0 178
3 11 10 5 2 6 16
3 11 10 4 8 1 16
3 11 10 3 3 7 61
3 11 10 2 9 2 194
3 11 10 1 4 8 158
3 11 10 0 10 3 42
3 11 9 10 3 1 32
3 11 9 8 4 2 3
3 11 9 6 5 3 161
3 11 9 5 0 9 27
3 11 9 4 6 4 79
3 11 9 3 1 10 63
3 11 9 2 7 5 56
3 11 9 1 13 0 23
3 11 9 1 2 11 52
3 11 9 0 8 6 111
3 11 8 12 0 3 102
3 11 8 10 1 4 72
3 11 8 8 2 5 90
3 11 8 7 8 0 183
3 11 8 6 3 6 177
3 11 8 5 9 1 157
3 11 8 4 4 7 47
3 11 8 3 10 2 56
3 11 8 2 5 8 140
3 11 8 1 11 3 62
3 11 8 1 0 14 148
3 11 8 0 6 9 156
3 11 7 13 3 0 11
3 11 7 11 4 1 130
3 11 7 9 5 2 77
3 11 7 8 0 8 91
3 11 7 7 6 3 1
3 11 7 6 1 9 83
3 11 7 5 7 4 91
3 11 7 4 2 10 97
3 11 7 3 8 5 148
3 11 7 2 14 0 37
3 11 7 2 3 11 8
3 11 7 1 9 6 66
3 11 7 0 15 1 13
3 11 7 0 4 12 179
3 11 6 15 0 2 7
3 11 6 13 1 3 66
3 11 6 11 2 4 168
3 11 6 9 3 5 92
3 11 6 8 9 0 16
3 11 6 7 4 6 18
3 11 6 6 10 1 126
3 11 6 5 5 7 69
3 11 6 4 11 2 164
3 11 6 4 0 13 181
3 11 6 3 6 8 103
3 11 6 2 12 3 117
3 11 6 2 1 14 13
3 11 6 1 7 9 177
3 11 6 0 13 4 74
3 11 6 0 2 15 48
3 11 5 14 4 0 21
3 11 5 12 5 1 124
3 11 5 11 0 7 112
3 11 5 10 6 2 2
3 11 5 9 1 8 6
3 11 5 8 7 3 71
3 11 5 7 2 9 134
3 11 5 6 8 4 19
3 11 5 5 3 10 120
3 11 5 4 9 5 172
3 11 5 3 15 0 196
3 11 5 3 4 11 45
3 11 5 2 10 6 160
3 11 5 1 16 1 6
3 11 5 1 5 12 149
3 11 5 0 11 7 105
3 11 5 0 0 18 83
3 11 4 18 0 1 169
3 11 4 16 1 2 83
3 11 4 14 2 3 169
3 11 4 12 3 4 128
3 11 4 10 4 5 38
3 11 4 9 10 0 99
3 11 4 8 5 6 185
3 11 4 7 11 1 102
3 11 4 7 0 12 144
3 11 4 6 6 7 122
3 11 4 5 12 2 173
3 11 4 5 1 13 159
3 11 4 4 7 8 129
3 11 4 3 13 3 143
3 11 4 3 2 14 161
3 11 4 2 8 9 75
3 11 4 1 14 4 108
3 11 4 1 3 15 40
3 11 4 0 9 10 178
3 11 3 15 5 0 107
3 11 3 14 0 6 17
3 11 3 13 6 1 61
3 11 3 12 1 7 48
3 11 3 11 7 2 124
3 11 3 10 2 8 172
3 11 3 9 8 3 177
3 11 3 8 3 9 187
3 11 3 7 9 4 162
3 11 3 6 4 10 3
3 11 3 5 10 5 11
3 11 3 4 16 0 100
3 11 3 4 5 11 97
3 11 3 3 11 6 160
3 11 3 3 0 17 181
3 11 3 2 17 1 177
3 11 3 2 6 12 146
3 11 3 1 12 7 99
3 11 3 1 1 18 49
3 11 3 0 18 2 156
3 11 3 0 7 13 100
3 11 2 21 0 0 84
3 11 2 19 1 1 186
3 11 2 17 2 2 192
3 11 2 15 3 3 109
3 11 2 13 4 4 24
3 11 2 11 5 5 26
3 11 2 10 11 0 119
3 11 2 10 0 11 11
3 11 2 9 6 6 113
3 11 2 8 12 1 65
3 11 2 8 1 12 190
3 11 2 7 7 7 176
3 11 2 6 13 2 76
3 11 2 6 2 13 164
3 11 2 5 8 8 48
3 11 2 4 14 3 123
3 11 2 4 3 14 11
3 11 2 3 9 9 37
3 11 2 2 15 4 163
3 11 2 2 4 15 107
3 11 2 1 10 10 183
3 11 2 0 16 5 175
3 11 2 0 5 16 57
3 11 1 17 0 5 68
3 11 1 16 6 0 186
3 11 1 15 1 6 179
3 11 1 14 7 1 62
3 11 1 13 2 7 43
3 11 1 12 8 2 77
3 11 1 11 3 8 17
3 11 1 10 9 3 121
3 11 1 9 4 9 155
3 11 1 8 10 4 194
3 11 1 7 5 10 101
3 11 1 6 11 5 125
3 11 1 6 0 16 80
3 11 1 5 17 0 167
3 11 1 5 6 11 168
3 11 1 4 12 6 13
3 11 1 4 1 17 122
3 11 1 3 18 1 182
3 11 1 3 7 12 28
3 11 1 2 13 7 22
3 11 1 2 2 18 1
3 11 1 1 19 2 76
3 11 1 1 8 13 40
3 11 1 0 14 8 141
3 11 1 0 3 19 37
3 11 0 22 1 0 186
3 11 0 20 2 1 132
3 11 0 18 3 2 47
3 11 0 16 4 3 142
3 11 0 14 5 4 24
3 11 0 13 0 10 195
3 11 0 12 6 5 64
3 11 0 11 12 0 42
3 11 0 11 1 11 138
3 11 0 10 7 6 146
3 11 0 9 13 1 72
3 11 0 9 2 12 169
3 11 0 8 8 7 169
3 11 0 7 14 2 197
3 11 0 7 3 13 4
3 11 0 6 9 8 106
3 11 0 5 15 3 25
3 11 0 5 4 14 131
3 11 0 4 10 9 112
3 11 0 3 16 4 75
3 11 0 3 5 15 57
3 11 0 2 11 10 87
3 11 0 2 0 21 103
3 11 0 1 17 5 177
3 11 0 1 6 16 62
3 11 0 0 23 0 187
3 11 0 0 12 11 10
3 11 0 0 1 22 131
3 10 21 2 0 1 111
3 10 21 0 1 2 155
3 10 19 5 0 0 62
3 10 19 3 1 1 31
3 10 19 1 2 2 79
3 10 18 1 0 5 141
3 10 18 0 6 0 189
3 10 17 6 1 0 51
3 10 17 4 2 1 25
3 10 17 2 3 2 66
3 10 17 0 4 3 79
3 10 16 4 0 4 75
3 10 16 2 1 5 44
3 10 16 1 7 0 102
3 10 16 0 2 6 28
3 10 15 7 2 0 20
3 10 15 5 3 1 5
3 10 15 3 4 2 96
3 10 15 1 5 3 163
3 10 15 0 0 9 32
3 10 14 7 0 3 53
3 10 14 5 1 4 54
3 10 14 3 2 5 134
3 10 14 2 8 0 80
3 10 14 1 3 6 80
3 10 14 0 9 1 164
3 10 13 8 3 0 32
3 10 13 6 4 1 134
3 10 13 4 5 2 115
3 10 13 3 0 8 74
3 10 13 2 6 3 56
3 10 13 1 1 9 3
3 10 13 0 7 4 20
3 10 12 10 0 2 98
3 10 12 8 1 3 173
3 10 12 6 2 4 126
3 10 12 4 3 5 43
3 10 12 3 9 0 27
3 10 12 2 4 6 77
3 10 12 1 10 1 86
3 10 12 0 5 7 96
3 10 11 9 4 0 82
3 10 11 7 5 1 177
3 10 11 6 0 7 127
3 10 11 5 6 2 52
3 10 11 4 1 8 87
3 10 11 3 7 3 48
3 10 11 2 2 9 76
3 10 11 1 8 4 21
3 10 11 0 3 10 12
3 10 10 13 0 1 101
3 10 10 11 1 2 92
3 10 10 9 2 3 72
3 10 10 7 3 4 99
3 10 10 5 4 5 118
3 10 10 4 10 0 78
3 10 10 3 5 6 29
3 10 10 2 11 1 113
3 10 10 2 0 12 87
3 10 10 1 6 7 105
3 10 10 0 12 2 9
3 10 10 0 1 13 76
3 10 9 10 5 0 111
3 10 9 9 0 6 142
3 10 9 8 6 1 15
3 10 9 7 1 7 6
3 10 9 6 7 2 51
3 10 9 5 2 8 113
3 10 9 4 8 3 70
3 10 9 3 3 9 90
3 10 9 2 9 4 18
3 10 9 1 4 10 184
3 10 9 0 10 5 25
3 10 8 16 0 0 87
3 10 8 14 1 1 178
3 10 8 12 2 2 94
3 10 8 10 3 3 177
3 10 8 8 4 4 14
3 10 8 6 5 5 21
3 10 8 5 11 0 182
3 10 8 5 0 11 88
3 10 8 4 6 6 106
3 10 8 3 12 1 141
3 10 8 3 1 12 80
3 10 8 2 7 7 190
3 10 8 1 13 2 87
3 10 8 1 2 13 101
3 10 8 0 8 8 44
3 10 7 12 0 5 184
3 10 7 11 6 0 49
3 10 7 10 1 6 16
3 10 7 9 7 1 124
3 10 7 8 2 7 149
3 10 7 7 8 2 78
3 10 7 6 3 8 142
3 10 7 5 9 3 31
3 10 7 4 4 9 137
3 10 7 3 10 4 70
3 10 7 2 5 10 66
3 10 7 1 11 5 155
3 10 7 1 0 16 110
3 10 7 0 17 0 188
3 10 7 0 6 11 82
3 10 6 17 1 0 87
3 10 6 15 2 1 138
3 10 6 13 3 2 43
3 10 6 11 4 3 83
3 10 6 9 5 4 123
3 10 6 8 0 10 93
3 10 6 6 12 0 29
3 10 6 6 1 11 13
3 10 6 5 7 6 197
3 10 6 4 13 1 33
3 10 6 4 2 12 104
3 10 6 3 8 7 146
3 10 6 2 14 2 159
3 10 6 2 3 13 90
3 10 6 1 9 8 7
3 10 6 0 15 3 53
3 10 6 0 4 14 117
3 10 5 15 0 4 96
3 10 5 13 1 5 164
3 10 5 12 7 0 131
3 10 5 11 2 6 196
3 10 5 10 8 1 140
3 10 5 9 3 7 51
3 10 5 8 9 2 11
3 10 5 7 4 8 16
3 10 5 6 10 3 97
3 10 5 5 5 9 77
3 10 5 4 11 4 3
3 10 5 4 0 15 161
3 10 5 3 6 10 116
3 10 5 2 12 5 149
3 10 5 2 1 16 36
3 10 5 1 18 0 90
3 10 5 1 7 11 123
3 10 5 0 13 6 144
3 10 5 0 2 17 121
3 10 4 18 2 0 178
3 10 4 16 3 1 51
3 10 4 14 4 2 148
3 10 4 12 5 3 114
3 10 4 11 0 9 141
3 10 4 10 6 4 190
3 10 4 9 1 10 190
3 10 4 8 7 5 146
3 10 4 7 13 0 42
3 10 4 7 2 11 98
3 10 4 6 8 6 24
3 10 4 5 14 1 62
3 10 4 5 3 12 79
3 10 4 4 9 7 31
3 10 4 3 15 2 78
3 10 4 3 4 13 39
3 10 4 2 10 8 132
3 10 4 1 16 3 88
3 10 4 1 5 14 82
3 10 4 0 11 9 143
3 10 4 0 0 20 127
3 10 3 18 0 3 178
3 10 3 16 1 4 121
3 10 3 14 2 5 184
3 10 3 13 8 0 131
3 10 3 12 3 6 142
3 10 3 11 9 1 24
3 10 3 10 4 7 113
3 10 3 9 10 2 27
3 10 3 8 5 8 49
3 10 3 7 11 3 16
3 10 3 7 0 14 141
3 10 3 6 6 9 1
3 10 3 5 12 4 179
3 10 3 5 1 15 74
3 10 3 4 7 10 138
3 10 3 3 13 5 26
3 10 3 3 2 16 18
3 10 3 2 19 0 123
3 10 3 2 8 11 84
3 10 3 1 14 6 48
3 10 3 1 3 17 149
3 10 3 0 20 1 165
3 10 3 0 9 12 9
3 10 2 19 3 0 171
3 10 2 17 4 1 11
3 10 2 15 5 2 11
3 10 2 14 0 8 145
3 10 2 13 6 3 60
3 10 2 12 1 9 118
3 10 2 11 7 4 125
3 10 2 10 2 10 86
3 10 2 9 8 5 51
3 10 2 8 14 0 63
3 10 2 8 3 11 101
3 10 2 7 9 6 81
3 10 2 6 15 1 88
3 10 2 6 4 12 185
3 10 2 5 10 7 55
3 10 2 4 16 2 123
3 10 2 4 5 13 166
3 10 2 3 11 8 187
3 10 2 3 0 19 65
3 10 2 2 17 3 165
3 10 2 2 6 14 143
3 10 2 1 12 9 172
3 10 2 1 1 20 77
3 10 2 0 18 4 71
3 10 2 0 7 15 74
3 10 1 21 0 2 72
3 10 1 19 1 3 154
3 10 1 17 2 4 48
3 10 1 15 3 5 74
3 10 1 14 9 0 181
3 10 1 13 4 6 63
3 10 1 12 10 1 39
3 10 1 11 5 7 1
3 10 1 10 11 2 165
3 10 1 10 0 13 55
3 10 1 9 6 8 57
3 10 1 8 12 3 72
3 10 1 8 1 14 34
3 10 1 7 7 9 8
3 10 1 6 13 4 185
3 10 1 6 2 15 19
3 10 1 5 8 10 81
3 10 1 4 14 5 100
3 10 1 4 3 16 97
3 10 1 3 20 0 133
3 10 1 3 9 11 21
3 10 1 2 15 6 47
3 10 1 2 4 17 153
3 10 1 1 21 1 179
3 10 1 1 10 12 50
3 10 1 0 16 7 87
3 10 1 0 5 18 159
3 10 0 20 4 0 38
3 10 0 18 5 1 17
3 10 0 17 0 7 17
3 10 0 16 6 2 92
3 10 0 15 1 8 143
3 10 0 14 7 3 56
3 10 0 13 2 9 10
3 10 0 12 8 4 88
3 10 0 11 3 10 176
3 10 0 10 9 5 46
3 10 0 9 15 0 4
3 10 0 9 4 11 90
3 10 0 8 10 6 39
3 10 0 7 16 1 62
3 10 0 7 5 12 122
3 10 0 6 11 7 127
3 10 0 6 0 18 22
3 10 0 5 17 2 149
3 10 0 5 6 13 183
3 10 0 4 12 8 125
3 10 0 4 1 19 178
3 10 0 3 18 3 187
3 10 0 3 7 14 109
3 10 0 2 13 9 61
3 10 0 2 2 20 137
3 10 0 1 19 4 64
3 10 0 1 8 15 62
3 10 0 0 14 10 131
3 10 0 0 3 21 184
3 9 25 0 0 0 38
3 9 23 1 1 0 121
3 9 21 2 2 0 109
3 9 21 0 3 1 171
3 9 20 2 0 3 93
3 9 20 0 1 4 120
3 9 19 3 3 0 197
3 9 19 1 4 1 53
3 9 18 5 0 2 96
3 9 18 3 1 3 179
3 9 18 1 2 4 57
3 9 17 4 4 0 100
3 9 17 2 5 1 10
3 9 17 1 0 7 6
3 9 17 0 6 2 27
3 9 16 8 0 1 196
3 9 16 6 1 2 181
3 9 16 4 2 3 95
3 9 16 2 3 4 189
3 9 16 0 4 5 180
3 9 15 5 5 0 165
3 9 15 4 0 6 15
3 9 15 3 6 1 7
3 9 15 2 1 7 43
3 9 15 1 7 2 80
3 9 15 0 2 8 49
3 9 14 11 0 0 169
3 9 14 9 1 1 48
3 9 14 7 2 2 136
3 9 14 5 3 3 190
3 9 14 3 4 4 183
3 9 14 1 5 5 174
3 9 14 0 11 0 103
3 9 14 0 0 11 70
3 9 13 7 0 5 55
3 9 13 6 6 0 41
3 9 13 5 1 6 52
3 9 13 4 7 1 181
3 9 13 3 2 7 117
3 9 13 2 8 2 51
3 9 13 1 3 8 116
3 9 13 0 9 3 143
3 9 12 12 1 0 39
3 9 12 10 2 1 1
3 9 12 8 3 2 176
3 9 12 6 4 3 191
3 9 12 4 5 4 106
3 9 12 3 0 10 124
3 9 12 2 6 5 139
3 9 12 1 12 0 118
3 9 12 1 1 11 66
3 9 12 0 7 6 166
3 9 11 10 0 4 105
3 9 11 8 1 5 179
3 9 11 7 7 0 188
3 9 11 6 2 6 94
3 9 11 5 8 1 22
3 9 11 4 3 7 98
3 9 11 3 9 2 156
3 9 11 2 4 8 85
3 9 11 1 10 3 183
3 9 11 0 5 9 166
3 9 10 13 2 0 36
3 9 10 11 3 1 59
3 9 10 9 4 2 57
3 9 10 7 5 3 172
3 9 10 6 0 9 112
3 9 10 5 6 4 192
3 9 10 4 1 10 133
3 9 10 3 7 5 143
3 9 10 2 13 0 127
3 9 10 2 2 11 101
3 9 10 1 8 6 144
3 9 10 0 14 1 67
3 9 10 0 3 12 187
3 9 9 13 0 3 198
3 9 9 11 1 4 183
3 9 9 9 2 5 47
3 9 9 8 8 0 142
3 9 9 7 3 6 137
3 9 9 6 9 1 161
3 9 9 5 4 7 129
3 9 9 4 10 2 178
3 9 9 3 5 8 142
3 9 9 2 11 3 82
3 9 9 2 0 14 197
3 9 9 1 6 9 14
3 9 9 0 12 4 168
3 9 9 0 1 15 2
3 9 8 14 3 0 167
3 9 8 12 4 1 100
3 9 8 10 5 2 130
3 9 8 9 0 8 190
3 9 8 8 6 3 45
3 9 8 7 1 9 178
3 9 8 6 7 4 55
3 9 8 5 2 10 87
3 9 8 4 8 5 191
3 9 8 3 14 0 65
3 9 8 3 3 11 153
3 9 8 2 9 6 55
3 9 8 1 15 1 134
3 9 8 1 4 12 106
3 9 8 0 10 7 150
3 9 7 16 0 2 31
3 9 7 14 1 3 142
3 9 7 12 2 4 166
3 9 7 10 3 5 90
3 9 7 9 9 0 116
3 9 7 8 4 6 66
3 9 7 7 10 1 24
3 9 7 6 5 7 11
3 9 7 5 11 2 180
3 9 7 5 0 13 135
3 9 7 4 6 8 75
3 9 7 3 12 3 4
3 9 7 3 1 14 68
3 9 7 2 7 9 160
3 9 7 1 2 15 11
3 9 7 0 8 10 193
3 9 6 15 4 0 135
3 9 6 13 5 1 70
3 9 6 12 0 7 9
3 9 6 11 6 2 97
3 9 6 10 1 8 10
3 9 6 9 7 3 198
3 9 6 8 2 9 29
3 9 6 7 8 4 111
3 9 6 6 3 10 66
3 9 6 5 9 5 178
3 9 6 4 15 0 148
3 9 6 4 4 11 66
3 9 6 3 10 6 141
3 9 6 2 16 1 118
3 9 6 2 5 12 110
3 9 6 1 11 7 176
3 9 6 1 0 18 155
3 9 6 0 17 2 79
3 9 6 0 6 13 148
3 9 5 19 0 1 109
3 9 5 17 1 2 116
3 9 5 15 2 3 12
3 9 5 13 3 4 114
3 9 5 10 10 0 179
3 9 5 9 5 6 67
3 9 5 8 11 1 137
3 9 5 8 0 12 98
3 9 5 7 6 7 21
3 9 5 6 12 2 140
3 9 5 6 1 13 19
3 9 5 5 7 8 87
3 9 5 4 13 3 37
3 9 5 4 2 14 189
3 9 5 3 8 9 96
3 9 5 2 14 4 69
3 9 5 2 3 15 41
3 9 5 1 9 10 183
3 9 5 0 15 5 83
3 9 5 0 4 16 28
3 9 4 16 5 0 28
3 9 4 15 0 6 57
3 9 4 14 6 1 138
3 9 4 13 1 7 108
3 9 4 12 7 2 144
3 9 4 11 2 8 31
3 9 4 10 8 3 112
3 9 4 9 3 9 17
3 9 4 8 9 4 187
3 9 4 7 4 10 191
3 9 4 6 10 5 142
3 9 4 5 16 0 195
3 9 4 5 5 11 189
3 9 4 4 11 6 188
3 9 4 4 0 17 75
3 9 4 3 17 1 173
3 9 4 3 6 12 167
3 9 4 2 12 7 96
3 9 4 2 1 18 160
3 9 4 1 18 2 113
3 9 4 1 7 13 111
3 9 4 0 13 8 29
3 9 4 0 2 19 14
3 9 3 22 0 0 27
3 9 3 20 1 1 123
3 9 3 18 2 2 129
3 9 3 16 3 3 111
3 9 3 14 4 4 58
3 9 3 12 5 5 84
3 9 3 11 11 0 92
3 9 3 11 0 11 99
3 9 3 10 6 6 115
3 9 3 9 12 1 179
3 9 3 9 1 12 72
3 9 3 8 7 7 44
3 9 3 7 13 2 176
3 9 3 7 2 13 193
3 9 3 6 8 8 132
3 9 3 5 14 3 154
3 9 3 5 3 14 24
3 9 3 4 9 9 149
3 9 3 3 15 4 150
3 9 3 3 4 15 110
3 9 3 2 10 10 122
3 9 3 1 16 5 183
3 9 3 1 5 16 93
3 9 3 0 22 0 24
3 9 3 0 11 11 73
3 9 3 0 0 22 56
3 9 2 18 0 5 74
3 9 2 17 6 0 182
3 9 2 16 1 6 102
3 9 2 15 7 1 114
3 9 2 14 2 7 9
3 9 2 13 8 2 22
3 9 2 12 3 8 164
3 9 2 11 9 3 195
3 9 2 10 4 9 38
3 9 2 9 10 4 97
3 9 2 8 5 10 33
3 9 2 7 11 5 157
3 9 2 7 0 16 149
3 9 2 6 17 0 135
3 9 2 6 6 11 177
3 9 2 5 12 6 105
3 9 2 5 1 17 87
3 9 2 4 18 1 128
3 9 2 4 7 12 16
3 9 2 3 13 7 190
3 9 2 3 2 18 40
3 9 2 2 19 2 7
3 9 2 2 8 13 12
3 9 2 1 14 8 196
3 9 2 1 3 19 97
3 9 2 0 20 3 190
3 9 2 0 9 14 52
3 9 1 23 1 0 27
3 9 1 21 2 1 181
3 9 1 19 3 2 100
3 9 1 17 4 3 158
3 9 1 15 5 4 137
3 9 1 14 0 10 33
3 9 1 13 6 5 71
3 9 1 12 12 0 156
3 9 1 12 1 11 160
3 9 1 11 7 6 46
3 9 1 10 13 1 48
3 9 1 10 2 12 147
3 9 1 9 8 7 146
3 9 1 8 14 2 176
3 9 1 8 3 13 123
3 9 1 7 9 8 113
3 9 1 6 15 3 85
3 9 1 6 4 14 166
3 9 1 5 10 9 169
3 9 1 4 16 4 99
3 9 1 4 5 15 102
3 9 1 3 11 10 80
3 9 1 3 0 21 22
3 9 1 2 17 5 4
3 9 1 2 6 16 88
3 9 1 1 23 0 186
3 9 1 1 12 11 72
3 9 1 1 1 22 125
3 9 1 0 18 6 99
3 9 1 0 7 17 29
3 9 0 21 0 4 140
3 9 0 19 1 5 105
3 9 0 18 7 0 16
3 9 0 17 2 6 194
3 9 0 16 8 1 101
3 9 0 15 3 7 152
3 9 0 14 9 2 57
3 9 0 13 4 8 72
3 9 0 12 10 3 108
3 9 0 11 5 9 13
3 9 0 10 11 4 124
3 9 0 10 0 15 5
3 9 0 9 6 10 66
3 9 0 8 12 5 196
3 9 0 8 1 16 32
3 9 0 7 18 0 143
3 9 0 7 7 11 60
3 9 0 6 13 6 69
3 9 0 6 2 17 110
3 9 0 5 19 1 89
3 9 0 5 8 12 37
3 9 0 4 14 7 13
3 9 0 4 3 18 197
3 9 0 3 20 2 105
3 9 0 3 9 13 30
3 9 0 2 15 8 72
3 9 0 2 4 19 120
3 9 0 1 21 3 133
3 9 0 1 10 14 133
3 9 0 0 16 9 125
3 9 0 0 5 20 145
3 8 24 0 0 2 114
3 8 22 3 0 1 172
3 8 22 1 1 2 33
3 8 21 0 5 0 3
3 8 20 6 0 0 184
3 8 20 4 1 1 175
3 8 20 2 2 2 10
3 8 20 0 3 3 144
3 8 19 2 0 5 145
3 8 19 1 6 0 147
3 8 19 0 1 6 178
3 8 18 7 1 0 159
3 8 18 5 2 1 68
3 8 18 3 3 2 9
3 8 18 1 4 3 146
3 8 17 5 0 4 29
3 8 17 3 1 5 10
3 8 17 2 7 0 195
3 8 17 1 2 6 34
3 8 17 0 8 1 118
3 8 16 8 2 0 108
3 8 16 6 3 1 49
3 8 16 4 4 2 160
3 8 16 2 5 3 118
3 8 16 1 0 9 138
3 8 16 0 6 4 25
3 8 15 8 0 3 182
3 8 15 6 1 4 102
3 8 15 4 2 5 97
3 8 15 3 8 0 182
3 8 15 2 3 6 32
3 8 15 1 9 1 154
3 8 15 0 4 7 41
3 8 14 9 3 0 16
3 8 14 7 4 1 66
3 8 14 5 5 2 187
3 8 14 4 0 8 162
3 8 14 3 6 3 45
3 8 14 2 1 9 34
3 8 14 1 7 4 18
3 8 14 0 2 10 143
3 8 13 11 0 2 36
3 8 13 9 1 3 86
3 8 13 7 2 4 27
3 8 13 5 3 5 181
3 8 13 4 9 0 181
3 8 13 3 4 6 66
3 8 13 2 10 1 184
3 8 13 1 5 7 197
3 8 13 0 11 2 70
3 8 13 0 0 13 97
3 8 12 10 4 0 198
3 8 12 8 5 1 100
3 8 12 7 0 7 130
3 8 12 6 6 2 62
3 8 12 5 1 8 144
3 8 12 4 7 3 130
3 8 12 3 2 9 54
3 8 12 2 8 4 167
3 8 12 1 3 10 197
3 8 12 0 9 5 102
3 8 11 14 0 1 180
3 8 11 12 1 2 183
3 8 11 10 2 3 175
3 8 11 8 3 4 183
3 8 11 6 4 5 133
3 8 11 5 10 0 156
3 8 11 4 5 6 70
3 8 11 3 11 1 117
3 8 11 3 0 12 126
3 8 11 2 6 7 20
3 8 11 1 12 2 187
3 8 11 1 1 13 30
3 8 11 0 7 8 180
3 8 10 11 5 0 184
3 8 10 10 0 6 114
3 8 10 9 6 1 136
3 8 10 8 1 7 23
3 8 10 7 7 2 153
3 8 10 6 2 8 145
3 8 10 5 8 3 162
3 8 10 4 3 9 187
3 8 10 3 9 4 139
3 8 10 2 4 10 127
3 8 10 1 10 5 57
3 8 10 0 16 0 133
3 8 10 0 5 11 77
3 8 9 17 0 0 16
3 8 9 15 1 1 90
3 8 9 13 2 2 105
3 8 9 11 3 3 12
3 8 9 9 4 4 11
3 8 9 7 5 5 26
3 8 9 6 11 0 6
3 8 9 6 0 11 50
3 8 9 5 6 6 83
3 8 9 4 12 1 9
3 8 9 4 1 12 158
3 8 9 3 7 7 57
3 8 9 2 13 2 8
3 8 9 2 2 13 36
3 8 9 1 8 8 178
3 8 9 0 14 3 131
3 8 9 0 3 14 91
3 8 8 13 0 5 20
3 8 8 12 6 0 180
3 8 8 11 1 6 16
3 8 8 10 7 1 62
3 8 8 9 2 7 108
3 8 8 8 8 2 117
3 8 8 7 3 8 15
3 8 8 6 9 3 81
3 8 8 5 4 9 192
3 8 8 4 10 4 63
3 8 8 3 5 10 68
3 8 8 2 11 5 61
3 8 8 2 0 16 149
3 8 8 1 17 0 77
3 8 8 1 6 11 35
3 8 8 0 12 6 24
3 8 8 0 1 17 165
3 8 7 18 1 0 149
3 8 7 16 2 1 10
3 8 7 14 3 2 153
3 8 7 12 4 3 150
3 8 7 10 5 4 30
3 8 7 9 0 10 37
3 8 7 8 6 5 158
3 8 7 7 12 0 169
3 8 7 7 1 11 180
3 8 7 6 7 6 27
3 8 7 5 13 1 90
3 8 7 5 2 12 169
3 8 7 4 8 7 20
3 8 7 3 14 2 188
3 8 7 3 3 13 196
3 8 7 2 9 8 169
3 8 7 1 15 3 115
3 8 7 1 4 14 139
3 8 7 0 10 9 3
3 8 6 16 0 4 72
3 8 6 14 1 5 156
3 8 6 13 7 0 97
3 8 6 12 2 6 48
3 8 6 11 8 1 183
3 8 6 10 3 7 48
3 8 6 9 9 2 178
3 8 6 8 4 8 5
3 8 6 7 10 3 55
3 8 6 6 5 9 88
3 8 6 5 11 4 12
3 8 6 5 0 15 129
3 8 6 4 6 10 141
3 8 6 3 12 5 110
3 8 6 3 1 16 191
3 8 6 2 18 0 168
3 8 6 2 7 11 128
3 8 6 1 13 6 158
3 8 6 1 2 17 190
3 8 6 0 19 1 136
3 8 6 0 8 12 125
3 8 5 19 2 0 93
3 8 5 17 3 1 120
3 8 5 15 4 2 143
3 8 5 13 5 3 119
3 8 5 12 0 9 7
3 8 5 11 6 4 147
3 8 5 10 1 10 138
3 8 5 9 7 5 161
3 8 5 8 13 0 73
3 8 5 8 2 11 61
3 8 5 7 8 6 118
3 8 5 6 14 1 160
3 8 5 6 3 12 137
3 8 5 5 9 7 160
3 8 5 4 15 2 62
3 8 5 4 4 13 59
3 8 5 3 10 8 64
3 8 5 2 16 3 140
3 8 5 2 5 14 172
3 8 5 1 11 9 191
3 8 5 1 0 20 171
3 8 5 0 17 4 104
3 8 5 0 6 15 120
3 8 4 19 0 3 185
3 8 4 17 1 4 152
3 8 4 15 2 5 165
3 8 4 14 8 0 53
3 8 4 13 3 6 91
3 8 4 12 9 1 61
3 8 4 11 4 7 140
3 8 4 10 10 2 61
3 8 4 9 5 8 35
3 8 4 8 11 3 21
3 8 4 8 0 14 173
3 8 4 7 6 9 158
3 8 4 6 12 4 158
3 8 4 6 1 15 133
3 8 4 5 7 10 150
3 8 4 4 13 5 102
3 8 4 4 2 16 18
3 8 4 3 19 0 9
3 8 4 3 8 11 49
3 8 4 2 14 6 92
3 8 4 2 3 17 93
3 8 4 1 20 1 149
3 8 4 1 9 12 63
3 8 4 0 15 7 143
3 8 4 0 4 18 84
3 8 3 20 3 0 37
3 8 3 18 4 1 124
3 8 3 16 5 2 100
3 8 3 15 0 8 35
3 8 3 14 6 3 78
3 8 3 13 1 9 156
3 8 3 12 7 4 196
3 8 3 11 2 10 108
3 8 3 10 8 5 87
3 8 3 9 14 0 28
3 8 3 9 3 11 86
3 8 3 8 9 6 141
3 8 3 7 15 1 168
3 8 3 7 4 12 52
3 8 3 6 10 7 157
3 8 3 5 16 2 42
3 8 3 5 5 13 172
3 8 3 4 11 8 107
3 8 3 4 0 19 159
3 8 3 3 17 3 140
3 8 3 3 6 14 141
3 8 3 2 12 9 89
3 8 3 2 1 20 168
3 8 3 1 18 4 16
3 8 3 1 7 15 169
3 8 3 0 13 10 118
3 8 3 0 2 21 86
3 8 2 22 0 2 129
3 8 2 20 1 3 81
3 8 2 18 2 4 72
3 8 2 16 3 5 120
3 8 2 15 9 0 67
3 8 2 14 4 6 52
3 8 2 13 10 1 8
3 8 2 12 5 7 61
3 8 2 11 11 2 28
3 8 2 11 0 13 151
3 8 2 10 6 8 111
3 8 2 9 12 3 87
3 8 2 9 1 14 30
3 8 2 8 7 9 44
3 8 2 7 13 4 191
3 8 2 7 2 15 17
3 8 2 6 8 10 77
3 8 2 5 14 5 48
3 8 2 5 3 16 81
3 8 2 4 20 0 81
3 8 2 4 9 11 168
3 8 2 3 15 6 44
3 8 2 3 4 17 181
3 8 2 2 21 1 126
3 8 2 2 10 12 138
3 8 2 1 16 7 81
3 8 2 1 5 18 47
3 8 2 0 22 2 74
3 8 2 0 11 13 36
3 8 2 0 0 24 6
3 8 1 21 4 0 96
3 8 1 19 5 1 176
3 8 1 18 0 7 11
3 8 1 17 6 2 20
3 8 1 16 1 8 32
3 8 1 15 7 3 76
3 8 1 14 2 9 180
3 8 1 13 8 4 151
3 8 1 12 3 10 22
3 8 1 11 9 5 41
3 8 1 10 15 0 165
3 8 1 10 4 11 7
3 8 1 9 10 6 132
3 8 1 8 16 1 96
3 8 1 8 5 12 51
3 8 1 7 11 7 30
3 8 1 7 0 18 99
3 8 1 6 17 2 182
3 8 1 6 6 13 10
3 8 1 5 12 8 22
3 8 1 5 1 19 127
3 8 1 4 18 3 125
3 8 1 4 7 14 37
3 8 1 3 13 9 57
3 8 1 3 2 20 190
3 8 1 2 19 4 42
3 8 1 2 8 15 6
3 8 1 1 14 10 90
3 8 1 1 3 21 181
3 8 1 0 20 5 49
3 8 1 0 9 16 6
3 8 0 25 0 1 121
3 8 0 23 1 2 186
3 8 0 21 2 3 186
3 8 0 19 3 4 66
3 8 0 17 4 5 130
3 8 0 16 10 0 40
3 8 0 15 5 6 159
3 8 0 14 11 1 26
3 8 0 14 0 12 155
3 8 0 13 6 7 153
3 8 0 12 12 2 37
3 8 0 12 1 13 50
3 8 0 11 7 8 195
3 8 0 10 13 3 118
3 8 0 10 2 14 5
3 8 0 9 8 9 11
3 8 0 8 14 4 191
3 8 0 8 3 15 114
3 8 0 7 9 10 97
3 8 0 6 15 5 38
3 8 0 6 4 16 110
3 8 0 5 21 0 83
3 8 0 5 10 11 61
3 8 0 4 16 6 115
3 8 0 4 5 17 106
3 8 0 3 22 1 146
3 8 0 3 11 12 135
3 8 0 3 0 23 142
3 8 0 2 17 7 172
3 8 0 2 6 18 189
3 8 0 1 23 2 128
3 8 0 1 12 13 142
3 8 0 0 18 8 37
3 8 0 0 7 19 194
3 7 26 1 0 0 6
3 7 24 2 1 0 159
3 7 24 0 2 1 146
3 7 23 0 0 4 133
3 7 22 3 2 0 143
3 7 22 1 3 1 140
3 7 21 3 0 3 68
3 7 21 1 1 4 159
3 7 20 4 3 0 49
3 7 20 2 4 1 78
3 7 20 0 5 2 159
3 7 19 6 0 2 128
3 7 19 4 1 3 70
3 7 19 2 2 4 70
3 7 19 0 3 5 129
3 7 18 5 4 0 32
3 7 18 3 5 1 159
3 7 18 2 0 7 4
3 7 18 1 6 2 81
3 7 18 0 1 8 9
3 7 17 9 0 1 164
3 7 17 7 1 2 8
3 7 17 5 2 3 38
3 7 17 3 3 4 163
3 7 17 1 4 5 175
3 7 17 0 10 0 25
3 7 16 6 5 0 198
3 7 16 5 0 6 99
3 7 16 4 6 1 189
3 7 16 3 1 7 151
3 7 16 2 7 2 28
3 7 16 1 2 8 14
3 7 16 0 8 3 10
3 7 15 12 0 0 26
3 7 15 10 1 1 173
3 7 15 8 2 2 1
3 7 15 6 3 3 86
3 7 15 4 4 4 24
3 7 15 2 5 5 57
3 7 15 1 11 0 131
3 7 15 1 0 11 162
3 7 15 0 6 6 57
3 7 14 8 0 5 5
3 7 14 7 6 0 40
3 7 14 6 1 6 156
3 7 14 5 7 1 2
3 7 14 4 2 7 39
3 7 14 3 8 2 33
3 7 14 2 3 8 112
3 7 14 1 9 3 12
3 7 14 0 4 9 196
3 7 13 13 1 0 119
3 7 13 11 2 1 95
3 7 13 9 3 2 66
3 7 13 7 4 3 147
3 7 13 5 5 4 185
3 7 13 4 0 10 81
3 7 13 3 6 5 23
3 7 13 2 12 0 135
3 7 13 2 1 11 77
3 7 13 1 7 6 91
3 7 13 0 13 1 103
3 7 13 0 2 12 179
3 7 12 11 0 4 6
3 7 12 9 1 5 6
3 7 12 8 7 0 184
3 7 12 7 2 6 19
3 7 12 6 8 1 164
3 7 12 5 3 7 20
3 7 12 4 9 2 53
3 7 12 3 4 8 85
3 7 12 2 10 3 9
3 7 12 1 5 9 123
3 7 12 0 11 4 26
3 7 12 0 0 15 192
3 7 11 14 2 0 172
3 7 11 12 3 1 120
3 7 11 10 4 2 119
3 7 11 8 5 3 134
3 7 11 7 0 9 195
3 7 11 6 6 4 156
3 7 11 5 1 10 156
3 7 11 4 7 5 176
3 7 11 3 13 0 189
3 7 11 3 2 11 104
3 7 11 2 8 6 8
3 7 11 1 14 1 185
3 7 11 1 3 12 104
3 7 11 0 9 7 78
3 7 10 14 0 3 182
3 7 10 12 1 4 47
3 7 10 10 2 5 183
3 7 10 9 8 0 185
3 7 10 8 3 6 84
3 7 10 7 9 1 140
3 7 10 6 4 7 10
3 7 10 5 10 2 114
3 7 10 4 5 8 141
3 7 10 3 11 3 100
3 7 10 3 0 14 17
3 7 10 2 6 9 157
3 7 10 1 12 4 149
3 7 10 1 1 15 119
3 7 10 0 7 10 2
3 7 9 15 3 0 159
3 7 9 13 4 1 124
3 7 9 11 5 2 171
3 7 9 10 0 8 20
3 7 9 9 6 3 175
3 7 9 8 1 9 163
3 7 9 7 7 4 76
3 7 9 6 2 10 68
3 7 9 5 8 5 17
3 7 9 4 14 0 88
3 7 9 4 3 11 114
3 7 9 3 9 6 70
3 7 9 2 15 1 58
3 7 9 2 4 12 15
3 7 9 1 10 7 10
3 7 9 0 16 2 129
3 7 9 0 5 13 50
3 7 8 17 0 2 42
3 7 8 15 1 3 34
3 7 8 13 2 4 148
3 7 8 11 3 5 164
3 7 8 10 9 0 23
3 7 8 9 4 6 34
3 7 8 8 10 1 171
3 7 8 7 5 7 53
3 7 8 6 11 2 174
3 7 8 6 0 13 19
3 7 8 5 6 8 126
3 7 8 4 12 3 191
3 7 8 4 1 14 10
3 7 8 3 7 9 55
3 7 8 2 13 4 150
3 7 8 2 2 15 105
3 7 8 1 8 10 172
3 7 8 0 14 5 179
3 7 8 0 3 16 40
3 7 7 16 4 0 128
3 7 7 14 5 1 77
3 7 7 13 0 7 117
3 7 7 12 6 2 23
3 7 7 11 1 8 160
3 7 7 10 7 3 32
3 7 7 9 2 9 44
3 7 7 8 8 4 182
3 7 7 7 3 10 72
3 7 7 6 9 5 133
3 7 7 5 15 0 186
3 7 7 5 4 11 148
3 7 7 4 10 6 54
3 7 7 3 16 1 54
3 7 7 3 5 12 115
3 7 7 2 11 7 48
3 7 7 2 0 18 36
3 7 7 1 17 2 5
3 7 7 1 6 13 71
3 7 7 0 12 8 35
3 7 7 0 1 19 177
3 7 6 20 0 1 94
3 7 6 18 1 2 130
3 7 6 16 2 3 80
3 7 6 14 3 4 149
3 7 6 12 4 5 75
3 7 6 11 10 0 1
3 7 6 10 5 6 53
3 7 6 9 11 1 152
3 7 6 9 0 12 136
3 7 6 8 6 7 123
3 7 6 7 12 2 173
3 7 6 7 1 13 8
3 7 6 6 7 8 198
3 7 6 5 13 3 124
3 7 6 5 2 14 106
3 7 6 4 8 9 147
3 7 6 3 14 4 97
3 7 6 3 3 15 112
3 7 6 2 9 10 143
3 7 6 1 15 5 37
3 7 6 1 4 16 90
3 7 6 0 21 0 111
3 7 6 0 10 11 30
3 7 5 17 5 0 10
3 7 5 16 0 6 23
3 7 5 15 6 1 119
3 7 5 14 1 7 62
3 7 5 13 7 2 113
3 7 5 12 2 8 62
3 7 5 11 8 3 9
3 7 5 10 3 9 72
3 7 5 9 9 4 182
3 7 5 8 4 10 41
3 7 5 7 10 5 61
3 7 5 6 16 0 66
3 7 5 6 5 11 2
3 7 5 5 11 6 120
3 7 5 5 0 17 198
3 7 5 4 17 1 188
3 7 5 4 6 12 97
3 7 5 3 12 7 118
3 7 5 3 1 18 133
3 7 5 2 18 2 110
3 7 5 2 7 13 36
3 7 5 1 13 8 100
3 7 5 1 2 19 15
3 7 5 0 19 3 175
3 7 5 0 8 14 101
3 7 4 23 0 0 86
3 7 4 21 1 1 104
3 7 4 19 2 2 102
3 7 4 17 3 3 8
3 7 4 15 4 4 115
3 7 4 13 5 5 89
3 7 4 12 11 0 145
3 7 4 12 0 11 114
3 7 4 11 6 6 32
3 7 4 10 12 1 70
3 7 4 10 1 12 131
3 7 4 9 7 7 177
3 7 4 8 13 2 113
3 7 4 8 2 13 160
3 7 4 7 8 8 149
3 7 4 6 14 3 91
3 7 4 6 3 14 140
3 7 4 5 9 9 30
3 7 4 4 15 4 185
3 7 4 4 4 15 41
3 7 4 3 10 10 106
3 7 4 2 16 5 102
3 7 4 2 5 16 50
3 7 4 1 22 0 172
3 7 4 1 11 11 169
3 7 4 1 0 22 155
3 7 4 0 17 6 71
3 7 4 0 6 17 162
3 7 3 19 0 5 144
3 7 3 18 6 0 23
3 7 3 17 1 6 182
3 7 3 16 7 1 176
3 7 3 15 2 7 148
3 7 3 14 8 2 1
3 7 3 13 3 8 37
3 7 3 12 9 3 180
3 7 3 11 4 9 11
3 7 3 10 10 4 20
3 7 3 9 5 10 159
3 7 3 8 11 5 45
3 7 3 8 0 16 6
3 7 3 7 17 0 58
3 7 3 7 6 11 136
3 7 3 6 12 6 106
3 7 3 6 1 17 172
3 7 3 5 18 1 132
3 7 3 5 7 12 55
3 7 3 4 13 7 31
3 7 3 4 2 18 183
3 7 3 3 19 2 111
3 7 3 3 8 13 196
3 7 3 2 14 8 13
3 7 3 2 3 19 118
3 7 3 1 20 3 50
3 7 3 1 9 14 111
3 7 3 0 15 9 20
3 7 3 0 4 20 126
3 7 2 24 1 0 49
3 7 2 22 2 1 74
3 7 2 20 3 2 124
3 7 2 18 4 3 160
3 7 2 16 5 4 164
3 7 2 15 0 10 164
3 7 2 14 6 5 45
3 7 2 13 12 0 44
3 7 2 13 1 11 35
3 7 2 12 7 6 30
3 7 2 11 13 1 111
3 7 2 11 2 12 111
3 7 2 10 8 7 97
3 7 2 9 14 2 184
3 7 2 9 3 13 42
3 7 2 8 9 8 28
3 7 2 7 15 3 167
3 7 2 7 4 14 194
3 7 2 6 10 9 97
3 7 2 5 16 4 35
3 7 2 5 5 15 84
3 7 2 4 11 10 14
3 7 2 4 0 21 48
3 7 2 3 17 5 34
3 7 2 3 6 16 57
3 7 2 2 23 0 26
3 7 2 2 12 11 153
3 7 2 2 1 22 32
3 7 2 1 18 6 87
3 7 2 1 7 17 161
3 7 2 0 24 1 12
3 7 2 0 13 12 167
3 7 2 0 2 23 18
3 7 1 22 0 4 147
3 7 1 20 1 5 57
3 7 1 19 7 0 15
3 7 1 18 2 6 48
3 7 1 17 8 1 35
3 7 1 16 3 7 72
3 7 1 15 9 2 194
3 7 1 14 4 8 54
3 7 1 13 10 3 64
3 7 1 12 5 9 156
3 7 1 11 11 4 150
3 7 1 11 0 15 197
3 7 1 10 6 10 131
3 7 1 9 12 5 77
3 7 1 9 1 16 62
3 7 1 8 18 0 160
3 7 1 8 7 11 8
3 7 1 7 13 6 180
3 7 1 7 2 17 59
3 7 1 6 19 1 14
3 7 1 6 8 12 91
3 7 1 5 14 7 30
3 7 1 5 3 18 139
3 7 1 4 20 2 167
3 7 1 4 9 13 138
3 7 1 3 15 8 74
3 7 1 3 4 19 118
3 7 1 2 21 3 111
3 7 1 2 10 14 17
3 7 1 1 16 9 144
3 7 1 1 5 20 2
3 7 1 0 22 4 55
3 7 1 0 11 15 6
3 7 1 0 0 26 182
3 7 0 25 2 0 83
3 7 0 23 3 1 144
3 7 0 21 4 2 114
3 7 0 19 5 3 117
3 7 0 18 0 9 5
3 7 0 17 6 4 38
3 7 0 16 1 10 62
3 7 0 15 7 5 13
3 7 0 14 13 0 109
3 7 0 14 2 11 17
3 7 0 13 8 6 188
3 7 0 12 14 1 47
3 7 0 12 3 12 62
3 7 0 11 9 7 158
3 7 0 10 15 2 137
3 7 0 10 4 13 180
3 7 0 9 10 8 95
3 7 0 8 16 3 177
3 7 0 8 5 14 173
3 7 0 7 11 9 144
3 7 0 7 0 20 37
3 7 0 6 6 15 130
3 7 0 5 12 10 90
3 7 0 5 1 21 150
3 7 0 4 18 5 108
3 7 0 4 7 16 132
3 7 0 3 24 0 144
3 7 0 3 13 11 19
3 7 0 3 2 22 72
3 7 0 2 19 6 4
3 7 0 2 8 17 158
3 7 0 1 25 1 16
3 7 0 1 14 12 67
3 7 0 1 3 23 161
3 7 0 0 20 7 148
3 7 0 0 9 18 25
3 6 25 1 0 2 193
3 6 24 0 4 0 65
3 6 23 4 0 1 144
3 6 23 2 1 2 99
3 6 23 0 2 3 153
3 6 22 1 5 0 124
3 6 22 0 0 6 11
3 6 21 7 0 0 130
3 6 21 5 1 1 31
3 6 21 3 2 2 187
3 6 21 1 3 3 17
3 6 20 3 0 5 165
3 6 20 2 6 0 140
3 6 20 1 1 6 174
3 6 20 0 7 1 129
3 6 19 8 1 0 125
3 6 19 6 2 1 17
3 6 19 4 3 2 42
3 6 19 2 4 3 89
3 6 19 0 5 4 138
3 6 18 6 0 4 130
3 6 18 4 1 5 109
3 6 18 3 7 0 2
3 6 18 2 2 6 5
3 6 18 1 8 1 163
3 6 18 0 3 7 157
3 6 17 9 2 0 77
3 6 17 7 3 1 14
3 6 17 5 4 2 177
3 6 17 3 5 3 77
3 6 17 2 0 9 107
3 6 17 1 6 4 79
3 6 17 0 1 10 7
3 6 16 9 0 3 32
3 6 16 7 1 4 72
3 6 16 5 2 5 43
3 6 16 4 8 0 103
3 6 16 3 3 6 58
3 6 16 2 9 1 133
3 6 16 1 4 7 41
3 6 16 0 10 2 69
3 6 15 10 3 0 157
3 6 15 8 4 1 112
3 6 15 6 5 2 84
3 6 15 5 0 8 130
3 6 15 4 6 3 99
3 6 15 3 1 9 196
3 6 15 2 7 4 97
3 6 15 1 2 10 197
3 6 15 0 8 5 73
3 6 14 12 0 2 193
3 6 14 10 1 3 61
3 6 14 8 2 4 183
3 6 14 6 3 5 11
3 6 14 5 9 0 18
3 6 14 4 4 6 197
3 6 14 3 10 1 69
3 6 14 2 5 7 57
3 6 14 1 11 2 190
3 6 14 1 0 13 12
3 6 14 0 6 8 110
3 6 13 11 4 0 146
3 6 13 9 5 1 188
3 6 13 8 0 7 74
3 6 13 7 6 2 161
3 6 13 6 1 8 137
3 6 13 5 7 3 57
3 6 13 4 2 9 9
3 6 13 3 8 4 46
3 6 13 2 3 10 30
3 6 13 1 9 5 178
3 6 13 0 15 0 100
3 6 13 0 4 11 7
3 6 12 15 0 1 140
3 6 12 13 1 2 81
3 6 12 11 2 3 49
3 6 12 9 3 4 138
3 6 12 7 4 5 142
3 6 12 6 10 0 18
3 6 12 5 5 6 147
3 6 12 4 11 1 20
3 6 12 4 0 12 138
3 6 12 3 6 7 148
3 6 12 2 12 2 86
3 6 12 2 1 13 164
3 6 12 1 7 8 116
3 6 12 0 13 3 86
3 6 12 0 2 14 88
3 6 11 12 5 0 72
3 6 11 11 0 6 118
3 6 11 10 6 1 24
3 6 11 9 1 7 190
3 6 11 8 7 2 175
3 6 11 7 2 8 10
3 6 11 6 8 3 176
3 6 11 5 3 9 99
3 6 11 4 9 4 2
3 6 11 3 4 10 8
3 6 11 2 10 5 39
3 6 11 1 16 0 195
3 6 11 1 5 11 105
3 6 11 0 11 6 121
3 6 11 0 0 17 21
3 6 10 18 0 0 172
3 6 10 16 1 1 143
3 6 10 14 2 2 149
3 6 10 12 3 3 36
3 6 10 10 4 4 195
3 6 10 8 5 5 86
3 6 10 7 11 0 76
3 6 10 7 0 11 138
3 6 10 6 6 6 167
3 6 10 5 12 1 116
3 6 10 5 1 12 114
3 6 10 4 7 7 132
3 6 10 3 13 2 105
3 6 10 3 2 13 104
3 6 10 2 8 8 67
3 6 10 1 14 3 141
3 6 10 1 3 14 26
3 6 10 0 9 9 174
3 6 9 14 0 5 111
3 6 9 13 6 0 151
3 6 9 12 1 6 177
3 6 9 11 7 1 42
3 6 9 10 2 7 137
3 6 9 9 8 2 75
3 6 9 8 3 8 120
3 6 9 7 9 3 70
3 6 9 6 4 9 61
3 6 9 5 10 4 198
3 6 9 4 5 10 171
3 6 9 3 11 5 157
3 6 9 3 0 16 178
3 6 9 2 17 0 145
3 6 9 2 6 11 111
3 6 9 1 12 6 164
3 6 9 1 1 17 104
3 6 9 0 18 1 122
3 6 9 0 7 12 94
3 6 8 19 1 0 126
3 6 8 17 2 1 127
3 6 8 15 3 2 30
3 6 8 13 4 3 56
3 6 8 11 5 4 114
3 6 8 10 0 10 32
3 6 8 9 6 5 190
3 6 8 8 12 0 178
3 6 8 8 1 11 39
3 6 8 7 7 6 117
3 6 8 6 13 1 2
3 6 8 6 2 12 23
3 6 8 5 8 7 41
3 6 8 4 14 2 71
3 6 8 4 3 13 118
3 6 8 3 9 8 169
3 6 8 2 15 3 144
3 6 8 2 4 14 168
3 6 8 1 10 9 177
3 6 8 0 16 4 81
3 6 8 0 5 15 93
3 6 7 17 0 4 89
3 6 7 15 1 5 185
3 6 7 14 7 0 33
3 6 7 13 2 6 141
3 6 7 12 8 1 184
3 6 7 11 3 7 81
3 6 7 10 9 2 19
3 6 7 9 4 8 103
3 6 7 8 10 3 176
3 6 7 7 5 9 93
3 6 7 6 11 4 170
3 6 7 6 0 15 158
3 6 7 5 6 10 163
3 6 7 4 12 5 25
3 6 7 4 1 16 70
3 6 7 3 18 0 94
3 6 7 3 7 11 56
3 6 7 2 13 6 61
3 6 7 2 2 17 97
3 6 7 1 19 1 113
3 6 7 1 8 12 180
3 6 7 0 14 7 83
3 6 7 0 3 18 56
3 6 6 20 2 0 182
3 6 6 18 3 1 96
3 6 6 16 4 2 115
3 6 6 14 5 3 162
3 6 6 13 0 9 40
3 6 6 12 6 4 161
3 6 6 11 1 10 119
3 6 6 10 7 5 118
3 6 6 9 13 0 46
3 6 6 9 2 11 156
3 6 6 8 8 6 176
3 6 6 7 14 1 129
3 6 6 7 3 12 101
3 6 6 6 9 7 128
3 6 6 5 15 2 15
3 6 6 5 4 13 163
3 6 6 4 10 8 112
3 6 6 3 16 3 74
3 6 6 3 5 14 125
3 6 6 2 11 9 189
3 6 6 2 0 20 150
3 6 6 1 17 4 70
3 6 6 1 6 15 75
3 6 6 0 12 10 56
3 6 6 0 1 21 90
3 6 5 20 0 3 126
3 6 5 18 1 4 107
3 6 5 16 2 5 139
3 6 5 15 8 0 42
3 6 5 14 3 6 1
3 6 5 13 9 1 80
3 6 5 12 4 7 114
3 6 5 11 10 2 62
3 6 5 10 5 8 39
3 6 5 9 11 3 80
3 6 5 9 0 14 44
3 6 5 8 6 9 120
3 6 5 7 12 4 42
3 6 5 7 1 15 81
3 6 5 6 7 10 183
3 6 5 5 13 5 109
3 6 5 5 2 16 54
3 6 5 4 19 0 101
3 6 5 4 8 11 67
3 6 5 3 14 6 54
3 6 5 3 3 17 178
3 6 5 2 20 1 6
3 6 5 2 9 12 116
3 6 5 1 15 7 186
3 6 5 1 4 18 176
3 6 5 0 21 2 13
3 6 5 0 10 13 141
3 6 4 21 3 0 32
3 6 4 19 4 1 8
3 6 4 17 5 2 130
3 6 4 16 0 8 170
3 6 4 15 6 3 198
3 6 4 14 1 9 149
3 6 4 13 7 4 20
3 6 4 12 2 10 4
3 6 4 11 8 5 130
3 6 4 10 14 0 138
3 6 4 10 3 11 52
3 6 4 9 9 6 105
3 6 4 8 15 1 136
3 6 4 8 4 12 32
3 6 4 7 10 7 5
3 6 4 6 16 2 103
3 6 4 6 5 13 93
3 6 4 5 11 8 164
3 6 4 5 0 19 128
3 6 4 4 17 3 24
3 6 4 4 6 14 55
3 6 4 3 12 9 177
3 6 4 3 1 20 1
3 6 4 2 18 4 191
3 6 4 2 7 15 82
3 6 4 1 13 10 19
3 6 4 1 2 21 76
3 6 4 0 19 5 58
3 6 4 0 8 16 110
3 6 3 23 0 2 70
3 6 3 21 1 3 148
3 6 3 19 2 4 91
3 6 3 17 3 5 152
3 6 3 16 9 0 155
3 6 3 15 4 6 89
3 6 3 14 10 1 20
3 6 3 13 5 7 198
3 6 3 12 11 2 153
3 6 3 12 0 13 129
3 6 3 11 6 8 119
3 6 3 10 12 3 25
3 6 3 10 1 14 63
3 6 3 9 7 9 31
3 6 3 8 13 4 71
3 6 3 8 2 15 134
3 6 3 7 8 10 150
3 6 3 6 14 5 101
3 6 3 6 3 16 98
3 6 3 5 20 0 123
3 6 3 5 9 11 68
3 6 3 4 15 6 170
3 6 3 4 4 17 140
3 6 3 3 21 1 143
3 6 3 3 10 12 35
3 6 3 2 16 7 33
3 6 3 2 5 18 178
3 6 3 1 22 2 40
3 6 3 1 11 13 87
3 6 3 1 0 24 129
3 6 3 0 17 8 4
3 6 3 0 6 19 128
3 6 2 22 4 0 132
3 6 2 20 5 1 174
3 6 2 19 0 7 27
3 6 2 18 6 2 66
3 6 2 17 1 8 42
3 6 2 16 7 3 96
3 6 2 15 2 9 94
3 6 2 14 8 4 47
3 6 2 13 3 10 189
3 6 2 12 9 5 139
3 6 2 11 15 0 81
3 6 2 11 4 11 160
3 6 2 10 10 6 160
3 6 2 9 16 1 94
3 6 2 9 5 12 146
3 6 2 8 11 7 162
3 6 2 8 0 18 66
3 6 2 7 17 2 8
3 6 2 7 6 13 178
3 6 2 6 12 8 1
3 6 2 6 1 19 148
3 6 2 5 18 3 151
3 6 2 5 7 14 190
3 6 2 4 13 9 21
3 6 2 4 2 20 61
3 6 2 3 19 4 34
3 6 2 3 8 15 68
3 6 2 2 14 10 89
3 6 2 2 3 21 50
3 6 2 1 20 5 34
3 6 2 1 9 16 100
3 6 2 0 26 0 45
3 6 2 0 15 11 189
3 6 2 0 4 22 58
3 6 1 26 0 1 198
3 6 1 24 1 2 8
3 6 1 22 2 3 58
3 6 1 20 3 4 18
3 6 1 18 4 5 161
3 6 1 17 10 0 49
3 6 1 16 5 6 89
3 6 1 15 11 1 30
3 6 1 15 0 12 47
3 6 1 14 6 7 53
3 6 1 13 12 2 43
3 6 1 13 1 13 40
3 6 1 12 7 8 83
3 6 1 11 13 3 75
3 6 1 11 2 14 11
3 6 1 10 8 9 81
3 6 1 9 14 4 170
3 6 1 9 3 15 189
3 6 1 8 9 10 114
3 6 1 7 15 5 108
3 6 1 7 4 16 123
3 6 1 6 21 0 187
3 6 1 6 10 11 162
3 6 1 5 16 6 142
3 6 1 5 5 17 50
3 6 1 4 22 1 10
3 6 1 4 11 12 58
3 6 1 4 0 23 53
3 6 1 3 17 7 67
3 6 1 3 6 18 13
3 6 1 2 23 2 23
3 6 1 2 12 13 150
3 6 1 2 1 24 81
3 6 1 1 18 8 124
3 6 1 1 7 19 33
3 6 1 0 24 3 10
3 6 1 0 13 14 79
3 6 1 0 2 25 141
3 6 0 23 5 0 140
3 6 0 22 0 6 165
3 6 0 21 6 1 11
3 6 0 20 1 7 12
3 6 0 19 7 2 120
3 6 0 18 2 8 36
3 6 0 17 8 3 183
3 6 0 16 3 9 23
3 6 0 15 9 4 64
3 6 0 14 4 10 96
3 6 0 13 10 5 111
3 6 0 12 16 0 196
3 6 0 12 5 11 174
3 6 0 11 11 6 162
3 6 0 11 0 17 19
3 6 0 10 17 1 137
3 6 0 10 6 12 62
3 6 0 9 12 7 130
3 6 0 9 1 18 60
3 6 0 8 18 2 93
3 6 0 8 7 13 12
3 6 0 7 13 8 70
3 6 0 7 2 19 155
3 6 0 6 19 3 138
3 6 0 6 8 14 27
3 6 0 5 14 9 106
3 6 0 5 3 20 139
3 6 0 4 20 4 164
3 6 0 4 9 15 27
3 6 0 3 15 10 142
3 6 0 3 4 21 157
3 6 0 2 21 5 143
3 6 0 2 10 16 62
3 6 0 1 27 0 50
3 6 0 1 16 11 175
3 6 0 1 5 22 149
3 6 0 0 22 6 24
3 6 0 0 11 17 14
3 6 0 0 0 28 163
3 5 27 2 0 0 99
3 5 27 0 1 1 30
3 5 25 3 1 0 129
3 5 25 1 2 1 97
3 5 24 1 0 4 88
3 5 23 4 2 0 69
3 5 23 2 3 1 198
3 5 23 0 4 2 83
3 5 22 4 0 3 23
3 5 22 2 1 4 102
3 5 22 0 2 5 80
3 5 21 5 3 0 11
3 5 21 3 4 1 109
3 5 21 1 5 2 108
3 5 21 0 0 8 153
3 5 20 7 0 2 1
3 5 20 5 1 3 90
3 5 20 3 2 4 19
3 5 20 1 3 5 167
3 5 20 0 9 0 185
3 5 19 6 4 0 35
3 5 19 4 5 1 56
3 5 19 3 0 7 196
3 5 19 2 6 2 18
3 5 19 1 1 8 190
3 5 19 0 7 3 139
3 5 18 10 0 1 6
3 5 18 8 1 2 17
3 5 18 6 2 3 121
3 5 18 4 3 4 60
3 5 18 2 4 5 114
3 5 18 1 10 0 72
3 5 18 0 5 6 94
3 5 17 7 5 0 86
3 5 17 6 0 6 42
3 5 17 5 6 1 186
3 5 17 4 1 7 172
3 5 17 3 7 2 106
3 5 17 2 2 8 84
3 5 17 1 8 3 111
3 5 17 0 3 9 96
3 5 16 13 0 0 91
3 5 16 11 1 1 90
3 5 16 9 2 2 181
3 5 16 7 3 3 178
3 5 16 5 4 4 43
3 5 16 3 5 5 122
3 5 16 2 11 0 139
3 5 16 2 0 11 75
3 5 16 1 6 6 39
3 5 16 0 12 1 65
3 5 16 0 1 12 96
3 5 15 9 0 5 158
3 5 15 7 1 6 162
3 5 15 6 7 1 83
3 5 15 5 2 7 1
3 5 15 4 8 2 82
3 5 15 3 3 8 28
3 5 15 2 9 3 153
3 5 15 1 4 9 164
3 5 15 0 10 4 61
3 5 14 14 1 0 51
3 5 14 12 2 1 168
3 5 14 10 3 2 103
3 5 14 8 4 3 45
3 5 14 6 5 4 114
3 5 14 5 0 10 13
3 5 14 4 6 5 99
3 5 14 3 12 0 173
3 5 14 3 1 11 72
3 5 14 2 7 6 83
3 5 14 1 13 1 72
3 5 14 1 2 12 67
3 5 14 0 8 7 68
3 5 13 12 0 4 170
3 5 13 10 1 5 196
3 5 13 9 7 0 131
3 5 13 8 2 6 55
3 5 13 7 8 1 162
3 5 13 6 3 7 189
3 5 13 5 9 2 21
3 5 13 4 4 8 119
3 5 13 3 10 3 154
3 5 13 2 5 9 39
3 5 13 1 11 4 80
3 5 13 1 0 15 56
3 5 13 0 6 10 144
3 5 12 15 2 0 55
3 5 12 13 3 1 114
3 5 12 11 4 2 102
3 5 12 9 5 3 166
3 5 12 8 0 9 174
3 5 12 7 6 4 12
3 5 12 6 1 10 48
3 5 12 5 7 5 135
3 5 12 4 13 0 46
3 5 12 4 2 11 172
3 5 12 3 8 6 138
3 5 12 2 14 1 37
3 5 12 2 3 12 1
3 5 12 1 9 7 76
3 5 12 0 15 2 129
3 5 12 0 4 13 59
3 5 11 15 0 3 136
3 5 11 13 1 4 55
3 5 11 11 2 5 153
3 5 11 10 8 0 45
3 5 11 9 3 6 17
3 5 11 8 9 1 164
3 5 11 7 4 7 163
3 5 11 6 10 2 142
3 5 11 5 5 8 162
3 5 11 4 11 3 29
3 5 11 4 0 14 103
3 5 11 3 6 9 66
3 5 11 2 12 4 157
3 5 11 2 1 15 139
3 5 11 1 7 10 10
3 5 11 0 13 5 44
3 5 11 0 2 16 143
3 5 10 16 3 0 179
3 5 10 14 4 1 112
3 5 10 12 5 2 91
3 5 10 11 0 8 170
3 5 10 10 6 3 138
3 5 10 9 1 9 17
3 5 10 8 7 4 75
3 5 10 7 2 10 94
3 5 10 6 8 5 93
3 5 10 5 14 0 152
3 5 10 5 3 11 83
3 5 10 4 9 6 67
3 5 10 3 15 1 99
3 5 10 3 4 12 6
3 5 10 2 10 7 80
3 5 10 1 16 2 18
3 5 10 1 5 13 55
3 5 10 0 11 8 16
3 5 10 0 0 19 195
3 5 9 18 0 2 195
3 5 9 16 1 3 113
3 5 9 14 2 4 126
3 5 9 12 3 5 152
3 5 9 11 9 0 182
3 5 9 10 4 6 23
3 5 9 9 10 1 156
3 5 9 8 5 7 136
3 5 9 7 11 2 172
3 5 9 7 0 13 131
3 5 9 6 6 8 4
3 5 9 5 12 3 4
3 5 9 5 1 14 94
3 5 9 4 7 9 109
3 5 9 3 13 4 59
3 5 9 3 2 15 174
3 5 9 2 8 10 181
3 5 9 1 14 5 143
3 5 9 1 3 16 22
3 5 9 0 20 0 12
3 5 9 0 9 11 99
3 5 8 17 4 0 91
3 5 8 15 5 1 132
3 5 8 14 0 7 183
3 5 8 13 6 2 99
3 5 8 12 1 8 84
3 5 8 11 7 3 84
3 5 8 10 2 9 123
3 5 8 8 3 10 176
3 5 8 7 9 5 20
3 5 8 6 15 0 33
3 5 8 6 4 11 169
3 5 8 5 10 6 69
3 5 8 4 16 1 2
3 5 8 4 5 12 42
3 5 8 3 11 7 111
3 5 8 3 0 18 135
3 5 8 2 17 2 100
3 5 8 2 6 13 76
3 5 8 1 12 8 73
3 5 8 1 1 19 196
3 5 8 0 18 3 57
3 5 8 0 7 14 160
3 5 7 21 0 1 68
3 5 7 19 1 2 137
3 5 7 17 2 3 41
3 5 7 15 3 4 172
3 5 7 13 4 5 103
3 5 7 12 10 0 193
3 5 7 11 5 6 67
3 5 7 10 11 1 74
3 5 7 10 0 12 48
3 5 7 9 6 7 5
3 5 7 8 12 2 146
3 5 7 8 1 13 160
3 5 7 7 7 8 168
3 5 7 6 13 3 128
3 5 7 6 2 14 59
3 5 7 5 8 9 125
3 5 7 4 14 4 62
3 5 7 3 9 10 157
3 5 7 2 15 5 87
3 5 7 2 4 16 106
3 5 7 1 21 0 167
3 5 7 1 10 11 36
3 5 7 0 16 6 116
3 5 7 0 5 17 88
3 5 6 18 5 0 84
3 5 6 17 0 6 72
3 5 6 16 6 1 102
3 5 6 15 1 7 80
3 5 6 14 7 2 176
3 5 6 13 2 8 37
3 5 6 12 8 3 18
3 5 6 11 3 9 193
3 5 6 10 9 4 38
3 5 6 9 4 10 69
3 5 6 8 10 5 129
3 5 6 7 16 0 184
3 5 6 7 5 11 87
3 5 6 6 11 6 1
3 5 6 6 0 17 25
3 5 6 5 17 1 2
3 5 6 5 6 12 81
3 5 6 4 12 7 83
3 5 6 4 1 18 36
3 5 6 3 18 2 75
3 5 6 3 7 13 29
3 5 6 2 13 8 27
3 5 6 2 2 19 156
3 5 6 1 19 3 148
3 5 6 1 8 14 195
3 5 6 0 14 9 167
3 5 6 0 3 20 120
3 5 5 24 0 0 184
3 5 5 22 1 1 139
3 5 5 20 2 2 139
3 5 5 18 3 3 35
3 5 5 16 4 4 83
3 5 5 14 5 5 84
3 5 5 13 11 0 38
3 5 5 13 0 11 167
3 5 5 12 6 6 66
3 5 5 11 12 1 187
3 5 5 11 1 12 185
3 5 5 10 7 7 141
3 5 5 9 13 2 112
3 5 5 9 2 13 22
3 5 5 8 8 8 189
3 5 5 7 14 3 37
3 5 5 7 3 14 192
3 5 5 6 9 9 44
3 5 5 5 15 4 92
3 5 5 5 4 15 45
3 5 5 4 10 10 141
3 5 5 3 16 5 185
3 5 5 3 5 16 197
3 5 5 2 22 0 131
3 5 5 2 11 11 49
3 5 5 2 0 22 191
3 5 5 1 17 6 32
3 5 5 1 6 17 83
3 5 5 0 23 1 127
3 5 5 0 12 12 54
3 5 5 0 1 23 76
3 5 4 20 0 5 97
3 5 4 19 6 0 14
3 5 4 18 1 6 43
3 5 4 17 7 1 29
3 5 4 16 2 7 168
3 5 4 15 8 2 170
3 5 4 14 3 8 156
3 5 4 13 9 3 1
3 5 4 12 4 9 96
3 5 4 11 10 4 192
3 5 4 10 5 10 80
3 5 4 9 11 5 16
3 5 4 9 0 16 124
3 5 4 8 17 0 9
3 5 4 8 6 11 76
3 5 4 7 12 6 158
3 5 4 7 1 17 62
3 5 4 6 18 1 113
3 5 4 6 7 12 65
3 5 4 5 13 7 144
3 5 4 5 2 18 111
3 5 4 4 19 2 8
3 5 4 4 8 13 112
3 5 4 3 14 8 39
3 5 4 3 3 19 168
3 5 4 2 20 3 138
3 5 4 2 9 14 145
3 5 4 1 15 9 100
3 5 4 1 4 20 40
3 5 4 0 21 4 89
3 5 4 0 10 15 12
3 5 3 25 1 0 69
3 5 3 23 2 1 175
3 5 3 21 3 2 36
3 5 3 19 4 3 182
3 5 3 17 5 4 162
3 5 3 16 0 10 32
3 5 3 15 6 5 76
3 5 3 14 12 0 182
3 5 3 14 1 11 97
3 5 3 13 7 6 108
3 5 3 12 13 1 156
3 5 3 12 2 12 65
3 5 3 11 8 7 189
3 5 3 10 14 2 25
3 5 3 10 3 13 127
3 5 3 9 9 8 90
3 5 3 8 15 3 36
3 5 3 8 4 14 173
3 5 3 7 10 9 94
3 5 3 6 16 4 73
3 5 3 6 5 15 91
3 5 3 5 11 10 61
3 5 3 5 0 21 89
3 5 3 4 17 5 140
3 5 3 4 6 16 125
3 5 3 3 23 0 23
3 5 3 3 12 11 66
3 5 3 3 1 22 35
3 5 3 2 18 6 54
3 5 3 2 7 17 37
3 5 3 1 24 1 62
3 5 3 1 13 12 33
3 5 3 1 2 23 182
3 5 3 0 19 7 59
3 5 3 0 8 18 38
3 5 2 23 0 4 150
3 5 2 21 1 5 148
3 5 2 20 7 0 4
3 5 2 19 2 6 34
3 5 2 18 8 1 56
3 5 2 17 3 7 75
3 5 2 16 9 2 145
3 5 2 15 4 8 168
3 5 2 14 10 3 115
3 5 2 13 5 9 12
3 5 2 12 11 4 177
3 5 2 12 0 15 178
3 5 2 11 6 10 56
3 5 2 10 12 5 132
3 5 2 10 1 16 195
3 5 2 9 18 0 156
3 5 2 9 7 11 189
3 5 2 8 13 6 9
3 5 2 8 2 17 52
3 5 2 7 19 1 118
3 5 2 7 8 12 104
3 5 2 6 14 7 55
3 5 2 6 3 18 16
3 5 2 5 20 2 37
3 5 2 5 9 13 33
3 5 2 4 15 8 60
3 5 2 4 4 19 145
3 5 2 3 21 3 53
3 5 2 3 10 14 172
3 5 2 2 16 9 63
3 5 2 2 5 20 163
3 5 2 1 22 4 191
3 5 2 1 11 15 129
3 5 2 1 0 26 55
3 5 2 0 17 10 108
3 5 2 0 6 21 32
3 5 1 26 2 0 75
3 5 1 24 3 1 106
3 5 1 22 4 2 189
3 5 1 20 5 3 47
3 5 1 19 0 9 104
3 5 1 18 6 4 65
3 5 1 17 1 10 47
3 5 1 16 7 5 78
3 5 1 15 13 0 15
3 5 1 15 2 11 152
3 5 1 14 8 6 73
3 5 1 13 14 1 60
3 5 1 13 3 12 23
3 5 1 12 9 7 44
3 5 1 11 15 2 123
3 5 1 11 4 13 163
3 5 1 10 10 8 74
3 5 1 9 16 3 19
3 5 1 9 5 14 41
3 5 1 8 11 9 158
3 5 1 8 0 20 47
3 5 1 7 17 4 3
3 5 1 7 6 15 114
3 5 1 6 12 10 34
3 5 1 6 1 21 65
3 5 1 5 18 5 19
3 5 1 5 7 16 11
3 5 1 4 24 0 19
3 5 1 4 13 11 117
3 5 1 4 2 22 122
3 5 1 3 19 6 119
3 5 1 3 8 17 19
3 5 1 2 25 1 123
3 5 1 2 14 12 33
3 5 1 2 3 23 180
3 5 1 1 20 7 52
3 5 1 1 9 18 49
3 5 1 0 26 2 138
3 5 1 0 15 13 45
3 5 1 0 4 24 151
3 5 0 26 0 3 168
3 5 0 24 1 4 65
3 5 0 22 2 5 22
3 5 0 21 8 0 102
3 5 0 20 3 6 141
3 5 0 19 9 1 19
3 5 0 18 4 7 45
3 5 0 17 10 2 15
3 5 0 16 5 8 123
3 5 0 15 11 3 12
3 5 0 15 0 14 60
3 5 0 14 6 9 5
3 5 0 13 12 4 163
3 5 0 13 1 15 87
3 5 0 12 7 10 33
3 5 0 11 13 5 66
3 5 0 11 2 16 2
3 5 0 10 19 0 114
3 5 0 10 8 11 134
3 5 0 9 14 6 160
3 5 0 9 3 17 198
3 5 0 8 20 1 152
3 5 0 8 9 12 50
3 5 0 7 15 7 178
3 5 0 7 4 18 57
3 5 0 6 21 2 174
3 5 0 6 10 13 130
3 5 0 5 16 8 112
3 5 0 5 5 19 107
3 5 0 4 22 3 162
3 5 0 4 11 14 39
3 5 0 4 0 25 71
3 5 0 3 17 9 47
3 5 0 3 6 20 146
3 5 0 2 23 4 142
3 5 0 2 12 15 112
3 5 0 2 1 26 21
3 5 0 1 18 10 154
3 5 0 1 7 21 166
3 5 0 0 24 5 20
3 5 0 0 13 16 1
3 5 0 0 2 27 86
3 4 27 0 3 0 156
3 4 26 2 0 2 50
3 4 26 0 1 3 22
3 4 25 1 4 0 37
3 4 24 5 0 1 33
3 4 24 3 1 2 156
3 4 24 1 2 3 118
3 4 23 2 5 0 175
3 4 23 1 0 6 172
3 4 23 0 6 1 60
3 4 22 8 0 0 164
3 4 22 6 1 1 30
3 4 22 4 2 2 29
3 4 22 2 3 3 96
3 4 22 0 4 4 76
3 4 21 4 0 5 95
3 4 21 3 6 0 197
3 4 21 2 1 6 53
3 4 21 1 7 1 21
3 4 21 0 2 7 124
3 4 20 9 1 0 152
3 4 20 7 2 1 55
3 4 20 5 3 2 174
3 4 20 3 4 3 22
3 4 20 1 5 4 147
3 4 20 0 0 10 47
3 4 19 7 0 4 120
3 4 19 5 1 5 8
3 4 19 4 7 0 33
3 4 19 3 2 6 110
3 4 19 2 8 1 5
3 4 19 1 3 7 180
3 4 19 0 9 2 126
3 4 18 10 2 0 114
3 4 18 8 3 1 188
3 4 18 6 4 2 104
3 4 18 4 5 3 147
3 4 18 3 0 9 33
3 4 18 2 6 4 110
3 4 18 1 1 10 2
3 4 18 0 7 5 167
3 4 17 10 0 3 92
3 4 17 8 1 4 116
3 4 17 6 2 5 21
3 4 17 5 8 0 14
3 4 17 4 3 6 40
3 4 17 3 9 1 173
3 4 17 2 4 7 119
3 4 17 1 10 2 63
3 4 17 0 5 8 46
3 4 16 11 3 0 84
3 4 16 9 4 1 96
3 4 16 7 5 2 34
3 4 16 6 0 8 118
3 4 16 5 6 3 23
3 4 16 4 1 9 197
3 4 16 3 7 4 60
3 4 16 2 2 10 97
3 4 16 1 8 5 86
3 4 16 0 14 0 20
3 4 16 0 3 11 165
3 4 15 13 0 2 45
3 4 15 11 1 3 18
3 4 15 9 2 4 134
3 4 15 7 3 5 25
3 4 15 6 9 0 90
3 4 15 5 4 6 153
3 4 15 4 10 1 146
3 4 15 3 5 7 195
3 4 15 2 11 2 53
3 4 15 2 0 13 38
3 4 15 1 6 8 125
3 4 15 0 12 3 195
3 4 15 0 1 14 174
3 4 14 12 4 0 171
3 4 14 10 5 1 33
3 4 14 9 0 7 1
3 4 14 8 6 2 62
3 4 14 7 1 8 92
3 4 14 6 7 3 193
3 4 14 5 2 9 112
3 4 14 4 8 4 193
3 4 14 3 3 10 89
3 4 14 2 9 5 114
3 4 14 1 15 0 24
3 4 14 1 4 11 176
3 4 14 0 10 6 2
3 4 13 16 0 1 180
3 4 13 14 1 2 115
3 4 13 12 2 3 177
3 4 13 10 3 4 153
3 4 13 8 4 5 134
3 4 13 7 10 0 33
3 4 13 6 5 6 182
3 4 13 5 11 1 120
3 4 13 5 0 12 149
3 4 13 4 6 7 91
3 4 13 3 12 2 47
3 4 13 3 1 13 108
3 4 13 2 7 8 62
3 4 13 1 13 3 110
3 4 13 1 2 14 103
3 4 13 0 8 9 27
3 4 12 13 5 0 169
3 4 12 12 0 6 13
3 4 12 11 6 1 24
3 4 12 10 1 7 25
3 4 12 9 7 2 2
3 4 12 8 2 8 48
3 4 12 7 8 3 59
3 4 12 6 3 9 187
3 4 12 5 9 4 64
3 4 12 4 4 10 12
3 4 12 3 10 5 134
3 4 12 2 16 0 158
3 4 12 2 5 11 158
3 4 12 1 11 6 193
3 4 12 1 0 17 13
3 4 12 0 17 1 35
3 4 12 0 6 12 43
3 4 11 19 0 0 27
3 4 11 17 1 1 19
3 4 11 15 2 2 105
3 4 11 13 3 3 187
3 4 11 11 4 4 94
3 4 11 9 5 5 33
3 4 11 8 11 0 172
3 4 11 8 0 11 135
3 4 11 7 6 6 37
3 4 11 6 12 1 53
3 4 11 6 1 12 95
3 4 11 5 7 7 3
3 4 11 4 13 2 183
3 4 11 4 2 13 194
3 4 11 3 8 8 46
3 4 11 2 14 3 138
3 4 11 2 3 14 76
3 4 11 1 9 9 36
3 4 11 0 15 4 138
3 4 11 0 4 15 58
3 4 10 15 0 5 69
3 4 10 14 6 0 198
3 4 10 13 1 6 50
3 4 10 12 7 1 129
3 4 10 11 2 7 171
3 4 10 10 8 2 104
3 4 10 9 3 8 129
3 4 10 8 9 3 105
3 4 10 7 4 9 156
3 4 10 6 10 4 45
3 4 10 5 5 10 18
3 4 10 4 11 5 9
3 4 10 4 0 16 191
3 4 10 3 17 0 17
3 4 10 3 6 11 106
3 4 10 2 12 6 81
3 4 10 2 1 17 6
3 4 10 1 18 1 12
3 4 10 1 7 12 156
3 4 10 0 13 7 28
3 4 10 0 2 18 198
3 4 9 20 1 0 22
3 4 9 18 2 1 159
3 4 9 16 3 2 59
3 4 9 14 4 3 121
3 4 9 12 5 4 107
3 4 9 11 0 10 160
3 4 9 10 6 5 125
3 4 9 9 12 0 185
3 4 9 9 1 11 129
3 4 9 8 7 6 169
3 4 9 7 13 1 68
3 4 9 7 2 12 187
3 4 9 6 8 7 11
3 4 9 5 14 2 119
3 4 9 5 3 13 51
3 4 9 4 9 8 179
3 4 9 3 15 3 75
3 4 9 3 4 14 181
3 4 9 2 10 9 107
3 4 9 1 16 4 58
3 4 9 1 5 15 13
3 4 9 0 11 10 72
3 4 9 0 0 21 145
3 4 8 18 0 4 96
3 4 8 16 1 5 160
3 4 8 15 7 0 31
3 4 8 14 2 6 17
3 4 8 13 8 1 18
3 4 8 12 3 7 8
3 4 8 11 9 2 5
3 4 8 10 4 8 138
3 4 8 9 10 3 22
3 4 8 8 5 9 41
3 4 8 7 11 4 153
3 4 8 7 0 15 123
3 4 8 6 6 10 97
3 4 8 5 12 5 191
3 4 8 5 1 16 136
3 4 8 4 18 0 188
3 4 8 4 7 11 22
3 4 8 3 13 6 142
3 4 8 3 2 17 131
3 4 8 2 19 1 16
3 4 8 2 8 12 26
3 4 8 1 14 7 77
3 4 8 1 3 18 149
3 4 8 0 20 2 90
3 4 8 0 9 13 150
3 4 7 21 2 0 59
3 4 7 19 3 1 198
3 4 7 17 4 2 10
3 4 7 15 5 3 197
3 4 7 14 0 9 187
3 4 7 13 6 4 157
3 4 7 12 1 10 129
3 4 7 11 7 5 45
3 4 7 10 13 0 50
3 4 7 10 2 11 2
3 4 7 9 8 6 88
3 4 7 8 14 1 140
3 4 7 8 3 12 138
3 4 7 7 9 7 192
3 4 7 6 15 2 86
3 4 7 6 4 13 135
3 4 7 5 10 8 63
3 4 7 4 16 3 182
3 4 7 4 5 14 26
3 4 7 3 11 9 71
3 4 7 3 0 20 79
3 4 7 2 17 4 173
3 4 7 2 6 15 98
3 4 7 1 12 10 161
3 4 7 1 1 21 24
3 4 7 0 18 5 121
3 4 7 0 7 16 133
3 4 6 21 0 3 186
3 4 6 19 1 4 164
3 4 6 17 2 5 185
3 4 6 16 8 0 132
3 4 6 15 3 6 194
3 4 6 14 9 1 51
3 4 6 13 4 7 13
3 4 6 12 10 2 81
3 4 6 11 5 8 77
3 4 6 10 11 3 186
3 4 6 10 0 14 82
3 4 6 9 6 9 137
3 4 6 8 12 4 194
3 4 6 8 1 15 104
3 4 6 7 7 10 59
3 4 6 6 13 5 132
3 4 6 6 2 16 69
3 4 6 5 19 0 9
3 4 6 5 8 11 66
3 4 6 4 14 6 14
3 4 6 4 3 17 134
3 4 6 3 20 1 51
3 4 6 3 9 12 173
3 4 6 2 15 7 56
3 4 6 2 4 18 4
3 4 6 1 21 2 33
3 4 6 1 10 13 35
3 4 6 0 16 8 50
3 4 6 0 5 19 148
3 4 5 22 3 0 18
3 4 5 20 4 1 79
3 4 5 18 5 2 60
3 4 5 17 0 8 166
3 4 5 16 6 3 92
3 4 5 15 1 9 54
3 4 5 14 7 4 176
3 4 5 13 2 10 119
3 4 5 12 8 5 146
3 4 5 11 14 0 88
3 4 5 11 3 11 180
3 4 5 10 9 6 93
3 4 5 9 15 1 128
3 4 5 9 4 12 191
3 4 5 8 10 7 176
3 4 5 7 16 2 53
3 4 5 7 5 13 116
3 4 5 6 11 8 33
3 4 5 6 0 19 148
3 4 5 5 17 3 180
3 4 5 5 6 14 150
3 4 5 4 12 9 145
3 4 5 4 1 20 185
3 4 5 3 18 4 54
3 4 5 3 7 15 59
3 4 5 2 13 10 67
3 4 5 2 2 21 11
3 4 5 1 19 5 153
3 4 5 1 8 16 47
3 4 5 0 25 0 46
3 4 5 0 14 11 144
3 4 5 0 3 22 73
3 4 4 24 0 2 17
3 4 4 22 1 3 63
3 4 4 20 2 4 150
3 4 4 18 3 5 61
3 4 4 17 9 0 117
3 4 4 16 4 6 19
3 4 4 15 10 1 125
3 4 4 14 5 7 124
3 4 4 13 11 2 2
3 4 4 13 0 13 54
3 4 4 12 6 8 95
3 4 4 11 12 3 144
3 4 4 11 1 14 66
3 4 4 10 7 9 49
3 4 4 9 13 4 9
3 4 4 9 2 15 156
3 4 4 8 8 10 115
3 4 4 7 14 5 47
3 4 4 7 3 16 159
3 4 4 6 20 0 99
3 4 4 6 9 11 61
3 4 4 5 15 6 14
3 4 4 5 4 17 166
3 4 4 4 21 1 183
3 4 4 4 10 12 95
3 4 4 3 16 7 112
3 4 4 3 5 18 64
3 4 4 2 22 2 60
3 4 4 2 11 13 96
3 4 4 2 0 24 110
3 4 4 1 17 8 81
3 4 4 1 6 19 150
3 4 4 0 23 3 137
3 4 4 0 12 14 169
3 4 4 0 1 25 196
3 4 3 23 4 0 20
3 4 3 21 5 1 104
3 4 3 20 0 7 23
3 4 3 19 6 2 66
3 4 3 18 1 8 128
3 4 3 17 7 3 135
3 4 3 16 2 9 104
3 4 3 15 8 4 197
3 4 3 14 3 10 3
3 4 3 13 9 5 5
3 4 3 12 15 0 103
3 4 3 12 4 11 134
3 4 3 11 10 6 78
3 4 3 10 16 1 34
3 4 3 10 5 12 122
3 4 3 9 11 7 194
3 4 3 9 0 18 112
3 4 3 8 17 2 183
3 4 3 8 6 13 48
3 4 3 7 12 8 17
3 4 3 7 1 19 14
3 4 3 6 18 3 166
3 4 3 6 7 14 152
3 4 3 5 13 9 67
3 4 3 5 2 20 141
3 4 3 4 19 4 46
3 4 3 4 8 15 53
3 4 3 3 14 10 52
3 4 3 3 3 21 47
3 4 3 2 20 5 113
3 4 3 2 9 16 20
3 4 3 1 26 0 195
3 4 3 1 15 11 82
3 4 3 1 4 22 86
3 4 3 0 21 6 83
3 4 3 0 10 17 197
3 4 2 27 0 1 71
3 4 2 25 1 2 154
3 4 2 23 2 3 40
3 4 2 21 3 4 192
3 4 2 19 4 5 108
3 4 2 18 10 0 8
3 4 2 17 5 6 144
3 4 2 16 11 1 119
3 4 2 16 0 12 23
3 4 2 15 6 7 129
3 4 2 14 12 2 105
3 4 2 14 1 13 18
3 4 2 13 7 8 104
3 4 2 12 13 3 170
3 4 2 12 2 14 70
3 4 2 11 8 9 154
3 4 2 10 14 4 65
3 4 2 10 3 15 18
3 4 2 9 9 10 123
3 4 2 8 15 5 136
3 4 2 8 4 16 45
3 4 2 7 21 0 101
3 4 2 7 10 11 136
3 4 2 6 16 6 118
3 4 2 6 5 17 90
3 4 2 5 22 1 195
3 4 2 5 11 12 81
3 4 2 5 0 23 16
3 4 2 4 17 7 2
3 4 2 4 6 18 30
3 4 2 3 23 2 40
3 4 2 3 12 13 122
3 4 2 3 1 24 64
3 4 2 2 18 8 66
3 4 2 2 7 19 87
3 4 2 1 24 3 100
3 4 2 1 13 14 140
3 4 2 1 2 25 89
3 4 2 0 19 9 33
3 4 2 0 8 20 69
3 4 1 24 5 0 102
3 4 1 23 0 6 3
3 4 1 22 6 1 191
3 4 1 21 1 7 140
3 4 1 20 7 2 109
3 4 1 19 2 8 17
3 4 1 18 8 3 136
3 4 1 17 3 9 50
3 4 1 16 9 4 93
3 4 1 15 4 10 134
3 4 1 14 10 5 183
3 4 1 13 16 0 84
3 4 1 13 5 11 41
3 4 1 12 11 6 110
3 4 1 12 0 17 177
3 4 1 11 17 1 160
3 4 1 11 6 12 23
3 4 1 10 12 7 93
3 4 1 10 1 18 151
3 4 1 9 18 2 11
3 4 1 9 7 13 87
3 4 1 8 13 8 172
3 4 1 8 2 19 176
3 4 1 7 19 3 16
3 4 1 7 8 14 196
3 4 1 6 14 9 191
3 4 1 6 3 20 50
3 4 1 5 20 4 157
3 4 1 5 9 15 85
3 4 1 4 15 10 150
3 4 1 4 4 21 8
3 4 1 3 21 5 188
3 4 1 3 10 16 91
3 4 1 2 27 0 186
3 4 1 2 16 11 106
3 4 1 2 5 22 73
3 4 1 1 22 6 91
3 4 1 1 11 17 80
3 4 1 1 0 28 177
3 4 1 0 28 1 37
3 4 1 0 17 12 83
3 4 1 0 6 23 42
3 4 0 30 0 0 165
3 4 0 28 1 1 183
3 4 0 26 2 2 35
3 4 0 24 3 3 155
3 4 0 22 4 4 177
3 4 0 20 5 5 25
3 4 0 19 11 0 41
3 4 0 19 0 11 48
3 4 0 18 6 6 197
3 4 0 17 12 1 180
3 4 0 17 1 12 97
3 4 0 16 7 7 90
3 4 0 15 13 2 149
3 4 0 15 2 13 168
3 4 0 14 8 8 190
3 4 0 13 14 3 39
3 4 0 13 3 14 94
3 4 0 12 9 9 168
3 4 0 11 15 4 66
3 4 0 11 4 15 121
3 4 0 10 10 10 172
3 4 0 9 16 5 40
3 4 0 9 5 16 196
3 4 0 8 22 0 87
3 4 0 8 11 11 165
3 4 0 8 0 22 47
3 4 0 7 17 6 105
3 4 0 7 6 17 23
3 4 0 6 23 1 7
3 4 0 6 12 12 109
3 4 0 6 1 23 137
3 4 0 5 18 7 146
3 4 0 5 7 18 80
3 4 0 4 24 2 131
3 4 0 4 13 13 49
3 4 0 4 2 24 42
3 4 0 3 19 8 179
3 4 0 3 8 19 102
3 4 0 2 25 3 187
3 4 0 2 14 14 83
3 4 0 2 3 25 173
3 4 0 1 20 9 8
3 4 0 1 9 20 143
3 4 0 0 26 4 80
3 4 0 0 15 15 182
3 4 0 0 4 26 36
3 3 30 0 0 1 96
3 3 28 3 0 0 5
3 3 28 1 1 1 163
3 3 26 4 1 0 63
3 3 26 2 2 1 35
3 3 26 0 3 2 96
3 3 25 2 0 4 13
3 3 25 0 1 5 21
3 3 24 5 2 0 188
3 3 24 3 3 1 166
3 3 24 1 4 2 88
3 3 23 5 0 3 32
3 3 23 3 1 4 176
3 3 23 1 2 5 90
3 3 23 0 8 0 150
3 3 22 6 3 0 81
3 3 22 4 4 1 114
3 3 22 2 5 2 93
3 3 22 1 0 8 54
3 3 22 0 6 3 171
3 3 21 8 0 2 77
3 3 21 6 1 3 68
3 3 21 4 2 4 121
3 3 21 2 3 5 85
3 3 21 1 9 0 78
3 3 21 0 4 6 104
3 3 20 7 4 0 76
3 3 20 5 5 1 134
3 3 20 4 0 7 93
3 3 20 3 6 2 186
3 3 20 2 1 8 90
3 3 20 1 7 3 82
3 3 20 0 2 9 167
3 3 19 11 0 1 49
3 3 19 9 1 2 159
3 3 19 7 2 3 83
3 3 19 5 3 4 141
3 3 19 3 4 5 100
3 3 19 2 10 0 120
3 3 19 1 5 6 14
3 3 19 0 11 1 146
3 3 19 0 0 12 192
3 3 18 8 5 0 29
3 3 18 6 6 1 25
3 3 18 5 1 7 137
3 3 18 4 7 2 98
3 3 18 3 2 8 71
3 3 18 2 8 3 113
3 3 18 1 3 9 27
3 3 18 0 9 4 148
3 3 17 14 0 0 145
3 3 17 12 1 1 67
3 3 17 10 2 2 77
3 3 17 8 3 3 165
3 3 17 6 4 4 87
3 3 17 4 5 5 190
3 3 17 3 11 0 172
3 3 17 3 0 11 126
3 3 17 2 6 6 67
3 3 17 1 12 1 91
3 3 17 1 1 12 160
3 3 17 0 7 7 70
3 3 16 10 0 5 34
3 3 16 9 6 0 63
3 3 16 8 1 6 69
3 3 16 7 7 1 164
3 3 16 6 2 7 18
3 3 16 5 8 2 111
3 3 16 4 3 8 154
3 3 16 3 9 3 103
3 3 16 2 4 9 170
3 3 16 1 10 4 18
3 3 16 0 5 10 94
3 3 15 15 1 0 74
3 3 15 13 2 1 181
3 3 15 11 3 2 25
3 3 15 9 4 3 49
3 3 15 7 5 4 123
3 3 15 6 0 10 141
3 3 15 5 6 5 5
3 3 15 4 12 0 170
3 3 15 4 1 11 8
3 3 15 3 7 6 7
3 3 15 2 13 1 24
3 3 15 2 2 12 103
3 3 15 1 8 7 27
3 3 15 0 14 2 163
3 3 15 0 3 13 87
3 3 14 13 0 4 155
3 3 14 11 1 5 105
3 3 14 10 7 0 148
3 3 14 9 2 6 166
3 3 14 8 8 1 82
3 3 14 7 3 7 149
3 3 14 6 9 2 40
3 3 14 5 4 8 22
3 3 14 4 10 3 5
3 3 14 3 5 9 19
3 3 14 2 11 4 104
3 3 14 2 0 15 109
3 3 14 1 6 10 127
3 3 14 0 12 5 192
3 3 14 0 1 16 160
3 3 13 16 2 0 181
3 3 13 14 3 1 117
3 3 13 12 4 2 48
3 3 13 10 5 3 42
3 3 13 9 0 9 146
3 3 13 8 6 4 52
3 3 13 7 1 10 91
3 3 13 6 7 5 28
3 3 13 5 13 0 130
3 3 13 5 2 11 125
3 3 13 4 8 6 119
3 3 13 3 14 1 162
3 3 13 3 3 12 87
3 3 13 2 9 7 131
3 3 13 1 15 2 130
3 3 13 1 4 13 18
3 3 13 0 10 8 130
3 3 12 16 0 3 57
3 3 12 14 1 4 195
3 3 12 12 2 5 56
3 3 12 11 8 0 54
3 3 12 10 3 6 162
3 3 12 9 9 1 92
3 3 12 8 4 7 123
3 3 12 7 10 2 196
3 3 12 6 5 8 62
3 3 12 5 11 3 97
3 3 12 5 0 14 178
3 3 12 4 6 9 31
3 3 12 3 12 4 130
3 3 12 3 1 15 68
3 3 12 2 7 10 58
3 3 12 1 13 5 6
3 3 12 1 2 16 86
3 3 12 0 19 0 134
3 3 12 0 8 11 98
3 3 11 17 3 0 138
3 3 11 15 4 1 45
3 3 11 13 5 2 156
3 3 11 12 0 8 19
3 3 11 11 6 3 100
3 3 11 10 1 9 121
3 3 11 9 7 4 121
3 3 11 8 2 10 12
3 3 11 7 8 5 175
3 3 11 6 14 0 49
3 3 11 6 3 11 24
3 3 11 5 9 6 67
3 3 11 4 15 1 115
3 3 11 4 4 12 25
3 3 11 3 10 7 153
3 3 11 2 16 2 56
3 3 11 2 5 13 171
3 3 11 1 11 8 4
3 3 11 1 0 19 22
3 3 11 0 17 3 23
3 3 11 0 6 14 36
3 3 10 19 0 2 176
3 3 10 17 1 3 63
3 3 10 15 2 4 105
3 3 10 13 3 5 100
3 3 10 12 9 0 58
3 3 10 11 4 6 8
3 3 10 10 10 1 172
3 3 10 9 5 7 144
3 3 10 8 11 2 104
3 3 10 8 0 13 13
3 3 10 7 6 8 41
3 3 10 6 12 3 50
3 3 10 6 1 14 2
3 3 10 5 7 9 147
3 3 10 4 13 4 49
3 3 10 4 2 15 182
3 3 10 3 8 10 129
3 3 10 2 14 5 152
3 3 10 2 3 16 128
3 3 10 1 20 0 12
3 3 10 1 9 11 129
3 3 10 0 15 6 34
3 3 10 0 4 17 194
3 3 9 18 4 0 65
3 3 9 16 5 1 173
3 3 9 15 0 7 153
3 3 9 14 6 2 138
3 3 9 13 1 8 180
3 3 9 12 7 3 25
3 3 9 11 2 9 153
3 3 9 10 8 4 106
3 3 9 9 3 10 55
3 3 9 8 9 5 192
3 3 9 7 15 0 79
3 3 9 7 4 11 100
3 3 9 6 10 6 33
3 3 9 5 16 1 81
3 3 9 5 5 12 135
3 3 9 4 11 7 136
3 3 9 4 0 18 112
3 3 9 3 17 2 96
3 3 9 3 6 13 49
3 3 9 2 12 8 99
3 3 9 2 1 19 175
3 3 9 1 18 3 157
3 3 9 1 7 14 165
3 3 9 0 13 9 107
3 3 9 0 2 20 17
3 3 8 22 0 1 18
3 3 8 20 1 2 49
3 3 8 18 2 3 110
3 3 8 16 3 4 182
3 3 8 14 4 5 189
3 3 8 13 10 0 87
3 3 8 12 5 6 189
3 3 8 11 11 1 91
3 3 8 11 0 12 42
3 3 8 10 6 7 126
3 3 8 9 12 2 159
3 3 8 9 1 13 34
3 3 8 8 7 8 11
3 3 8 7 13 3 166
3 3 8 7 2 14 101
3 3 8 6 8 9 131
3 3 8 5 14 4 9
3 3 8 5 3 15 157
3 3 8 4 9 10 132
3 3 8 3 15 5 63
3 3 8 3 4 16 113
3 3 8 2 21 0 162
3 3 8 2 10 11 105
3 3 8 1 16 6 53
3 3 8 1 5 17 110
3 3 8 0 22 1 190
3 3 8 0 11 12 125
3 3 8 0 0 23 88
3 3 7 19 5 0 186
3 3 7 18 0 6 97
3 3 7 17 6 1 192
3 3 7 16 1 7 162
3 3 7 15 7 2 180
3 3 7 14 2 8 126
3 3 7 13 8 3 196
3 3 7 12 3 9 181
3 3 7 11 9 4 52
3 3 7 10 4 10 11
3 3 7 9 10 5 46
3 3 7 8 16 0 134
3 3 7 8 5 11 172
3 3 7 7 11 6 95
3 3 7 7 0 17 124
3 3 7 6 17 1 113
3 3 7 6 6 12 9
3 3 7 5 12 7 180
3 3 7 5 1 18 33
3 3 7 4 18 2 191
3 3 7 4 7 13 62
3 3 7 3 13 8 144
3 3 7 3 2 19 155
3 3 7 2 19 3 180
3 3 7 2 8 14 170
3 3 7 1 14 9 65
3 3 7 1 3 20 99
3 3 7 0 20 4 27
3 3 7 0 9 15 52
3 3 6 25 0 0 91
3 3 6 23 1 1 12
3 3 6 21 2 2 198
3 3 6 19 3 3 129
3 3 6 17 4 4 182
3 3 6 15 5 5 58
3 3 6 14 11 0 89
3 3 6 14 0 11 62
3 3 6 13 6 6 187
3 3 6 12 12 1 128
3 3 6 12 1 12 9
3 3 6 11 7 7 71
3 3 6 10 13 2 165
3 3 6 10 2 13 84
3 3 6 9 8 8 195
3 3 6 8 14 3 196
3 3 6 8 3 14 125
3 3 6 7 9 9 61
3 3 6 6 15 4 155
3 3 6 6 4 15 49
3 3 6 5 10 10 85
3 3 6 4 16 5 69
3 3 6 4 5 16 152
3 3 6 3 22 0 90
3 3 6 3 11 11 101
3 3 6 3 0 22 127
3 3 6 2 17 6 25
3 3 6 2 6 17 120
3 3 6 1 23 1 9
3 3 6 1 12 12 81
3 3 6 1 1 23 5
3 3 6 0 18 7 73
3 3 6 0 7 18 122
3 3 5 21 0 5 128
3 3 5 20 6 0 136
3 3 5 19 1 6 96
3 3 5 18 7 1 35
3 3 5 17 2 7 167
3 3 5 16 8 2 166
3 3 5 15 3 8 32
3 3 5 14 9 3 30
3 3 5 13 4 9 179
3 3 5 12 10 4 159
3 3 5 11 5 10 48
3 3 5 10 11 5 93
3 3 5 9 6 11 66
3 3 5 8 12 6 94
3 3 5 8 1 17 169
3 3 5 7 18 1 156
3 3 5 7 7 12 145
3 3 5 6 13 7 60
3 3 5 6 2 18 138
3 3 5 5 19 2 56
3 3 5 5 8 13 68
3 3 5 4 14 8 106
3 3 5 4 3 19 85
3 3 5 3 20 3 80
3 3 5 3 9 14 79
3 3 5 2 15 9 139
3 3 5 2 4 20 181
3 3 5 1 21 4 74
3 3 5 1 10 15 83
3 3 5 0 16 10 196
3 3 5 0 5 21 156
3 3 4 26 1 0 51
3 3 4 24 2 1 83
3 3 4 22 3 2 143
3 3 4 20 4 3 93
3 3 4 18 5 4 125
3 3 4 17 0 10 58
3 3 4 16 6 5 166
3 3 4 15 12 0 48
3 3 4 15 1 11 10
3 3 4 14 7 6 186
3 3 4 13 13 1 130
3 3 4 13 2 12 179
3 3 4 12 8 7 116
3 3 4 11 14 2 151
3 3 4 11 3 13 78
3 3 4 10 9 8 80
3 3 4 9 15 3 122
3 3 4 9 4 14 27
3 3 4 8 10 9 184
3 3 4 7 16 4 48
3 3 4 7 5 15 100
3 3 4 6 11 10 97
3 3 4 6 0 21 125
3 3 4 5 17 5 66
3 3 4 5 6 16 126
3 3 4 4 23 0 93
3 3 4 4 12 11 50
3 3 4 4 1 22 63
3 3 4 3 18 6 183
3 3 4 3 7 17 106
3 3 4 2 24 1 120
3 3 4 2 13 12 160
3 3 4 2 2 23 181
3 3 4 1 19 7 107
3 3 4 1 8 18 60
3 3 4 0 25 2 114
3 3 4 0 14 13 139
3 3 4 0 3 24 157
3 3 3 24 0 4 146
3 3 3 22 1 5 43
3 3 3 21 7 0 188
3 3 3 20 2 6 168
3 3 3 19 8 1 169
3 3 3 18 3 7 138
3 3 3 17 9 2 138
3 3 3 16 4 8 86
3 3 3 15 10 3 84
3 3 3 14 5 9 139
3 3 3 13 11 4 90
3 3 3 13 0 15 139
3 3 3 12 6 10 183
3 3 3 11 12 5 43
3 3 3 11 1 16 46
3 3 3 10 18 0 135
3 3 3 10 7 11 184
3 3 3 9 13 6 20
3 3 3 9 2 17 173
3 3 3 8 19 1 6
3 3 3 8 8 12 9
3 3 3 7 14 7 129
3 3 3 7 3 18 41
3 3 3 6 9 13 161
3 3 3 5 15 8 10
3 3 3 5 4 19 120
3 3 3 4 21 3 91
3 3 3 4 10 14 132
3 3 3 3 16 9 75
3 3 3 3 5 20 52
3 3 3 2 22 4 138
3 3 3 2 11 15 9
3 3 3 2 0 26 87
3 3 3 1 17 10 58
3 3 3 1 6 21 110
3 3 3 0 23 5 123
3 3 3 0 12 16 9
3 3 3 0 1 27 88
3 3 2 27 2 0 125
3 3 2 25 3 1 58
3 3 2 23 4 2 188
3 3 2 21 5 3 192
3 3 2 20 0 9 104
3 3 2 19 6 4 64
3 3 2 18 1 10 72
3 3 2 17 7 5 96
3 3 2 16 13 0 78
3 3 2 16 2 11 152
3 3 2 15 8 6 121
3 3 2 14 14 1 128
3 3 2 14 3 12 26
3 3 2 13 9 7 184
3 3 2 12 15 2 197
3 3 2 12 4 13 179
3 3 2 11 10 8 155
3 3 2 10 16 3 144
3 3 2 10 5 14 182
3 3 2 9 11 9 50
3 3 2 9 0 20 175
3 3 2 8 17 4 185
3 3 2 8 6 15 170
3 3 2 7 12 10 158
3 3 2 7 1 21 122
3 3 2 6 18 5 82
3 3 2 6 7 16 180
3 3 2 5 24 0 84
3 3 2 5 13 11 74
3 3 2 5 2 22 161
3 3 2 4 19 6 192
3 3 2 4 8 17 171
3 3 2 3 25 1 5
3 3 2 3 14 12 157
3 3 2 3 3 23 159
3 3 2 2 20 7 96
3 3 2 2 9 18 94
3 3 2 1 26 2 29
3 3 2 1 15 13 42
3 3 2 1 4 24 117
3 3 2 0 21 8 107
3 3 2 0 10 19 25
3 3 1 27 0 3 195
3 3 1 25 1 4 107
3 3 1 23 2 5 34
3 3 1 22 8 0 147
3 3 1 21 3 6 23
3 3 1 20 9 1 17
3 3 1 19 4 7 186
3 3 1 18 10 2 6
3 3 1 17 5 8 34
3 3 1 16 11 3 178
3 3 1 16 0 14 80
3 3 1 15 6 9 20
3 3 1 14 12 4 53
3 3 1 14 1 15 115
3 3 1 13 7 10 127
3 3 1 12 13 5 164
3 3 1 12 2 16 150
3 3 1 11 19 0 126
3 3 1 11 8 11 28
3 3 1 10 14 6 119
3 3 1 10 3 17 132
3 3 1 9 20 1 77
3 3 1 9 9 12 185
3 3 1 8 15 7 78
3 3 1 8 4 18 31
3 3 1 7 21 2 14
3 3 1 7 10 13 103
3 3 1 6 16 8 174
3 3 1 6 5 19 122
3 3 1 5 22 3 194
3 3 1 5 11 14 189
3 3 1 5 0 25 160
3 3 1 4 17 9 176
3 3 1 4 6 20 141
3 3 1 3 23 4 50
3 3 1 3 12 15 27
3 3 1 3 1 26 184
3 3 1 2 18 10 162
3 3 1 2 7 21 158
3 3 1 1 24 5 40
3 3 1 1 13 16 5
3 3 1 1 2 27 153
3 3 1 0 30 0 122
3 3 1 0 19 11 12
3 3 1 0 8 22 117
3 3 0 28 3 0 194
3 3 0 26 4 1 11
3 3 0 24 5 2 167
3 3 0 23 0 8 38
3 3 0 22 6 3 87
3 3 0 21 1 9 148
3 3 0 20 7 4 110
3 3 0 19 2 10 188
3 3 0 18 8 5 167
3 3 0 17 14 0 104
3 3 0 17 3 11 3
3 3 0 16 9 6 116
3 3 0 15 15 1 99
3 3 0 15 4 12 155
3 3 0 14 10 7 182
3 3 0 13 16 2 79
3 3 0 13 5 13 51
3 3 0 12 11 8 195
3 3 0 12 0 19 109
3 3 0 11 17 3 85
3 3 0 11 6 14 15
3 3 0 10 12 9 38
3 3 0 10 1 20 87
3 3 0 9 18 4 25
3 3 0 9 7 15 29
3 3 0 8 13 10 108
3 3 0 8 2 21 21
3 3 0 7 19 5 112
3 3 0 7 8 16 125
3 3 0 6 25 0 55
3 3 0 6 14 11 134
3 3 0 6 3 22 35
3 3 0 5 20 6 163
3 3 0 5 9 17 31
3 3 0 4 26 1 56
3 3 0 4 15 12 45
3 3 0 4 4 23 9
3 3 0 3 21 7 196
3 3 0 3 10 18 131
3 3 0 2 27 2 168
3 3 0 2 16 13 56
3 3 0 2 5 24 169
3 3 0 1 22 8 177
3 3 0 1 11 19 104
3 3 0 1 0 30 170
3 3 0 0 28 3 133
3 3 0 0 17 14 138
3 3 0 0 6 25 195
3 2 30 0 2 0 121
3 2 29 0 0 3 143
3 2 28 1 3 0 83
3 2 27 3 0 2 59
3 2 27 1 1 3 145
3 2 26 2 4 0 59
3 2 26 0 5 1 82
3 2 25 6 0 1 136
3 2 25 4 1 2 88
3 2 25 2 2 3 189
3 2 25 0 3 4 93
3 2 24 3 5 0 72
3 2 24 2 0 6 157
3 2 24 1 6 1 136
3 2 24 0 1 7 83
3 2 23 9 0 0 80
3 2 23 7 1 1 192
3 2 23 5 2 2 135
3 2 23 3 3 3 43
3 2 23 1 4 4 24
3 2 22 5 0 5 147
3 2 22 3 1 6 184
3 2 22 2 7 1 82
3 2 22 1 2 7 168
3 2 22 0 8 2 149
3 2 21 10 1 0 98
3 2 21 8 2 1 58
3 2 21 6 3 2 164
3 2 21 4 4 3 118
3 2 21 2 5 4 23
3 2 21 1 0 10 41
3 2 21 0 6 5 157
3 2 20 8 0 4 100
3 2 20 6 1 5 84
3 2 20 5 7 0 81
3 2 20 4 2 6 73
3 2 20 3 8 1 124
3 2 20 2 3 7 93
3 2 20 1 9 2 60
3 2 20 0 4 8 190
3 2 19 11 2 0 135
3 2 19 9 3 1 154
3 2 19 7 4 2 185
3 2 19 5 5 3 145
3 2 19 4 0 9 144
3 2 19 3 6 4 8
3 2 19 2 1 10 116
3 2 19 1 7 5 127
3 2 19 0 13 0 83
3 2 19 0 2 11 23
3 2 18 11 0 3 188
3 2 18 9 1 4 181
3 2 18 7 2 5 121
3 2 18 6 8 0 71
3 2 18 5 3 6 178
3 2 18 4 9 1 95
3 2 18 3 4 7 64
3 2 18 2 10 2 117
3 2 18 1 5 8 167
3 2 18 0 11 3 66
3 2 18 0 0 14 130
3 2 17 12 3 0 132
3 2 17 10 4 1 188
3 2 17 8 5 2 194
3 2 17 7 0 8 30
3 2 17 5 1 9 10
3 2 17 4 7 4 72
3 2 17 3 2 10 52
3 2 17 2 8 5 140
3 2 17 1 14 0 118
3 2 17 1 3 11 52
3 2 17 0 9 6 162
3 2 16 14 0 2 38
3 2 16 12 1 3 192
3 2 16 10 2 4 87
3 2 16 8 3 5 190
3 2 16 7 9 0 142
3 2 16 6 4 6 128
3 2 16 5 10 1 118
3 2 16 4 5 7 87
3 2 16 3 11 2 91
3 2 16 3 0 13 41
3 2 16 2 6 8 173
3 2 16 1 12 3 40
3 2 16 1 1 14 91
3 2 16 0 7 9 68
3 2 15 13 4 0 94
3 2 15 11 5 1 97
3 2 15 10 0 7 184
3 2 15 9 6 2 26
3 2 15 8 1 8 133
3 2 15 7 7 3 194
3 2 15 6 2 9 147
3 2 15 5 8 4 4
3 2 15 4 3 10 177
3 2 15 3 9 5 142
3 2 15 2 15 0 165
3 2 15 2 4 11 106
3 2 15 1 10 6 107
3 2 15 0 16 1 52
3 2 15 0 5 12 115
3 2 14 17 0 1 59
3 2 14 15 1 2 110
3 2 14 13 2 3 56
3 2 14 11 3 4 68
3 2 14 9 4 5 4
3 2 14 8 10 0 197
3 2 14 7 5 6 22
3 2 14 6 11 1 137
3 2 14 6 0 12 36
3 2 14 5 6 7 184
3 2 14 4 12 2 13
3 2 14 4 1 13 52
3 2 14 3 7 8 67
3 2 14 2 13 3 8
3 2 14 2 2 14 119
3 2 14 1 8 9 52
3 2 14 0 14 4 183
3 2 14 0 3 15 107
3 2 13 14 5 0 115
3 2 13 13 0 6 69
3 2 13 12 6 1 165
3 2 13 11 1 7 31
3 2 13 10 7 2 16
3 2 13 9 2 8 41
3 2 13 8 8 3 98
3 2 13 7 3 9 49
3 2 13 6 9 4 15
3 2 13 5 4 10 190
3 2 13 4 10 5 124
3 2 13 3 16 0 195
3 2 13 3 5 11 32
3 2 13 2 11 6 92
3 2 13 2 0 17 174
3 2 13 1 17 1 85
3 2 13 1 6 12 127
3 2 13 0 12 7 59
3 2 13 0 1 18 30
3 2 12 20 0 0 63
3 2 12 18 1 1 16
3 2 12 16 2 2 169
3 2 12 14 3 3 182
3 2 12 12 4 4 168
3 2 12 10 5 5 82
3 2 12 9 11 0 187
3 2 12 9 0 11 153
3 2 12 8 6 6 89
3 2 12 7 12 1 173
3 2 12 7 1 12 172
3 2 12 6 7 7 178
3 2 12 5 13 2 42
3 2 12 5 2 13 7
3 2 12 4 8 8 1
3 2 12 3 14 3 81
3 2 12 3 3 14 182
3 2 12 2 9 9 17
3 2 12 1 15 4 99
3 2 12 1 4 15 178
3 2 12 0 10 10 176
3 2 11 16 0 5 170
3 2 11 15 6 0 177
3 2 11 14 1 6 79
3 2 11 13 7 1 104
3 2 11 12 2 7 147
3 2 11 11 8 2 187
3 2 11 10 3 8 2
3 2 11 9 9 3 10
3 2 11 8 4 9 129
3 2 11 7 10 4 67
3 2 11 6 5 10 38
3 2 11 5 11 5 27
3 2 11 5 0 16 35
3 2 11 4 17 0 31
3 2 11 4 6 11 181
3 2 11 3 12 6 110
3 2 11 3 1 17 13
3 2 11 2 18 1 72
3 2 11 2 7 12 17
3 2 11 1 13 7 2
3 2 11 1 2 18 168
3 2 11 0 8 13 129
3 2 10 21 1 0 83
3 2 10 19 2 1 17
3 2 10 17 3 2 14
3 2 10 15 4 3 11
3 2 10 13 5 4 197
3 2 10 12 0 10 34
3 2 10 11 6 5 75
3 2 10 10 12 0 128
3 2 10 10 1 11 155
3 2 10 9 7 6 179
3 2 10 8 13 1 95
3 2 10 8 2 12 160
3 2 10 7 8 7 106
3 2 10 6 14 2 58
3 2 10 6 3 13 85
3 2 10 5 9 8 150
3 2 10 4 15 3 46
3 2 10 4 4 14 123
3 2 10 3 10 9 175
3 2 10 2 16 4 127
3 2 10 2 5 15 56
3 2 10 1 11 10 76
3 2 10 1 0 21 19
3 2 10 0 17 5 150
3 2 10 0 6 16 139
3 2 9 19 0 4 54
3 2 9 17 1 5 126
3 2 9 16 7 0 23
3 2 9 15 2 6 68
3 2 9 14 8 1 49
3 2 9 13 3 7 177
3 2 9 12 9 2 10
3 2 9 11 4 8 85
3 2 9 10 10 3 117
3 2 9 9 5 9 38
3 2 9 8 11 4 143
3 2 9 8 0 15 47
3 2 9 7 6 10 19
3 2 9 6 12 5 176
3 2 9 6 1 16 184
3 2 9 5 18 0 4
3 2 9 5 7 11 64
3 2 9 4 2 17 76
3 2 9 3 19 1 97
3 2 9 3 8 12 178
3 2 9 2 14 7 78
3 2 9 2 3 18 115
3 2 9 1 20 2 15
3 2 9 1 9 13 105
3 2 9 0 15 8 15
3 2 9 0 4 19 15
3 2 8 22 2 0 6
3 2 8 20 3 1 181
3 2 8 18 4 2 98
3 2 8 16 5 3 125
3 2 8 15 0 9 85
3 2 8 14 6 4 90
3 2 8 13 1 10 108
3 2 8 12 7 5 149
3 2 8 11 13 0 13
3 2 8 11 2 11 86
3 2 8 10 8 6 64
3 2 8 9 14 1 27
3 2 8 9 3 12 2
3 2 8 8 9 7 146
3 2 8 7 15 2 27
3 2 8 7 4 13 37
3 2 8 6 10 8 146
3 2 8 5 16 3 55
3 2 8 5 5 14 43
3 2 8 4 11 9 25
3 2 8 4 0 20 173
3 2 8 3 17 4 184
3 2 8 3 6 15 163
3 2 8 2 12 10 116
3 2 8 2 1 21 23
3 2 8 1 18 5 39
3 2 8 1 7 16 46
3 2 8 0 24 0 61
3 2 8 0 13 11 102
3 2 8 0 2 22 70
3 2 7 22 0 3 85
3 2 7 20 1 4 170
3 2 7 18 2 5 43
3 2 7 17 8 0 157
3 2 7 16 3 6 41
3 2 7 15 9 1 32
3 2 7 14 4 7 187
3 2 7 13 10 2 122
3 2 7 12 5 8 99
3 2 7 11 11 3 140
3 2 7 11 0 14 77
3 2 7 10 6 9 134
3 2 7 9 12 4 57
3 2 7 9 1 15 170
3 2 7 8 7 10 175
3 2 7 7 13 5 95
3 2 7 7 2 16 96
3 2 7 6 19 0 44
3 2 7 6 8 11 192
3 2 7 5 14 6 8
3 2 7 5 3 17 41
3 2 7 4 20 1 44
3 2 7 4 9 12 188
3 2 7 3 15 7 135
3 2 7 3 4 18 186
3 2 7 2 21 2 100
3 2 7 2 10 13 193
3 2 7 1 16 8 116
3 2 7 1 5 19 182
3 2 7 0 22 3 105
3 2 7 0 11 14 36
3 2 7 0 0 25 59
3 2 6 23 3 0 127
3 2 6 21 4 1 138
3 2 6 19 5 2 174
3 2 6 18 0 8 166
3 2 6 17 6 3 38
3 2 6 16 1 9 91
3 2 6 15 7 4 172
3 2 6 14 2 10 197
3 2 6 13 8 5 188
3 2 6 12 14 0 105
3 2 6 12 3 11 79
3 2 6 11 9 6 163
3 2 6 10 15 1 65
3 2 6 10 4 12 107
3 2 6 9 10 7 29
3 2 6 8 16 2 140
3 2 6 8 5 13 184
3 2 6 7 11 8 149
3 2 6 7 0 19 72
3 2 6 6 17 3 24
3 2 6 6 6 14 16
3 2 6 5 12 9 53
3 2 6 5 1 20 187
3 2 6 4 18 4 148
3 2 6 4 7 15 55
3 2 6 3 13 10 197
3 2 6 3 2 21 47
3 2 6 2 19 5 127
3 2 6 2 8 16 41
3 2 6 1 25 0 108
3 2 6 1 14 11 145
3 2 6 1 3 22 143
3 2 6 0 20 6 156
3 2 6 0 9 17 177
3 2 5 25 0 2 71
3 2 5 23 1 3 32
3 2 5 21 2 4 39
3 2 5 19 3 5 62
3 2 5 18 9 0 172
3 2 5 17 4 6 196
3 2 5 16 10 1 68
3 2 5 15 5 7 86
3 2 5 14 11 2 38
3 2 5 14 0 13 163
3 2 5 13 6 8 28
3 2 5 12 12 3 158
3 2 5 12 1 14 54
3 2 5 11 7 9 195
3 2 5 10 13 4 109
3 2 5 10 2 15 168
3 2 5 9 8 10 158
3 2 5 8 14 5 113
3 2 5 8 3 16 52
3 2 5 7 20 0 114
3 2 5 7 9 11 130
3 2 5 6 15 6 160
3 2 5 6 4 17 88
3 2 5 5 21 1 143
3 2 5 5 10 12 46
3 2 5 4 16 7 58
3 2 5 4 5 18 194
3 2 5 3 22 2 161
3 2 5 3 11 13 128
3 2 5 3 0 24 146
3 2 5 2 17 8 93
3 2 5 2 6 19 80
3 2 5 1 23 3 69
3 2 5 1 12 14 40
3 2 5 1 1 25 105
3 2 5 0 18 9 39
3 2 5 0 7 20 160
3 2 4 24 4 0 62
3 2 4 22 5 1 15
3 2 4 21 0 7 54
3 2 4 20 6 2 115
3 2 4 19 1 8 111
3 2 4 18 7 3 183
3 2 4 17 2 9 143
3 2 4 16 8 4 17
3 2 4 15 3 10 65
3 2 4 14 9 5 63
3 2 4 13 15 0 21
3 2 4 13 4 11 32
3 2 4 12 10 6 58
3 2 4 11 16 1 112
3 2 4 11 5 12 156
3 2 4 10 11 7 42
3 2 4 10 0 18 152
3 2 4 9 17 2 162
3 2 4 9 6 13 87
3 2 4 8 12 8 50
3 2 4 8 1 19 196
3 2 4 7 18 3 116
3 2 4 7 7 14 67
3 2 4 6 13 9 1
3 2 4 6 2 20 54
3 2 4 5 19 4 122
3 2 4 5 8 15 19
3 2 4 4 14 10 142
3 2 4 4 3 21 157
3 2 4 3 20 5 79
3 2 4 3 9 16 56
3 2 4 2 26 0 195
3 2 4 2 15 11 88
3 2 4 2 4 22 143
3 2 4 1 21 6 64
3 2 4 1 10 17 176
3 2 4 0 27 1 19
3 2 4 0 16 12 177
3 2 4 0 5 23 73
3 2 3 28 0 1 158
3 2 3 26 1 2 179
3 2 3 24 2 3 11
3 2 3 22 3 4 25
3 2 3 20 4 5 66
3 2 3 19 10 0 60
3 2 3 18 5 6 171
3 2 3 17 11 1 44
3 2 3 17 0 12 150
3 2 3 16 6 7 3
3 2 3 15 12 2 136
3 2 3 15 1 13 153
3 2 3 14 7 8 138
3 2 3 13 13 3 189
3 2 3 13 2 14 151
3 2 3 12 8 9 1
3 2 3 11 14 4 141
3 2 3 11 3 15 156
3 2 3 10 9 10 115
3 2 3 9 15 5 80
3 2 3 9 4 16 109
3 2 3 8 21 0 72
3 2 3 8 10 11 22
3 2 3 7 16 6 106
3 2 3 7 5 17 14
3 2 3 6 22 1 71
3 2 3 6 11 12 111
3 2 3 6 0 23 142
3 2 3 5 17 7 47
3 2 3 5 6 18 28
3 2 3 4 23 2 130
3 2 3 4 12 13 48
3 2 3 4 1 24 66
3 2 3 3 18 8 19
3 2 3 3 7 19 79
3 2 3 2 24 3 99
3 2 3 2 13 14 115
3 2 3 2 2 25 6
3 2 3 1 19 9 185
3 2 3 1 8 20 24
3 2 3 0 25 4 80
3 2 3 0 14 15 17
3 2 3 0 3 26 127
3 2 2 25 5 0 131
3 2 2 24 0 6 69
3 2 2 23 6 1 35
3 2 2 22 1 7 55
3 2 2 21 7 2 37
3 2 2 20 2 8 130
3 2 2 19 8 3 148
3 2 2 18 3 9 1
3 2 2 17 9 4 157
3 2 2 16 4 10 97
3 2 2 15 10 5 79
3 2 2 14 16 0 157
3 2 2 14 5 11 128
3 2 2 13 11 6 30
3 2 2 13 0 17 190
3 2 2 12 17 1 134
3 2 2 12 6 12 36
3 2 2 11 12 7 48
3 2 2 11 1 18 139
3 2 2 10 18 2 124
3 2 2 10 7 13 87
3 2 2 9 13 8 171
3 2 2 9 2 19 87
3 2 2 8 19 3 82
3 2 2 8 8 14 63
3 2 2 7 14 9 184
3 2 2 7 3 20 9
3 2 2 6 20 4 118
3 2 2 6 9 15 173
3 2 2 5 15 10 23
3 2 2 5 4 21 19
3 2 2 4 21 5 110
3 2 2 4 10 16 79
3 2 2 3 27 0 167
3 2 2 3 16 11 141
3 2 2 3 5 22 167
3 2 2 2 22 6 94
3 2 2 2 11 17 72
3 2 2 2 0 28 188
3 2 2 1 28 1 145
3 2 2 1 17 12 62
3 2 2 1 6 23 175
3 2 2 0 23 7 99
3 2 2 0 12 18 154
3 2 2 0 1 29 16
3 2 1 31 0 0 188
3 2 1 29 1 1 198
3 2 1 27 2 2 8
3 2 1 25 3 3 49
3 2 1 23 4 4 6
3 2 1 21 5 5 158
3 2 1 20 11 0 156
3 2 1 20 0 11 39
3 2 1 19 6 6 61
3 2 1 18 12 1 114
3 2 1 18 1 12 45
3 2 1 17 7 7 145
3 2 1 16 13 2 119
3 2 1 16 2 13 154
3 2 1 15 8 8 98
3 2 1 14 14 3 59
3 2 1 14 3 14 22
3 2 1 13 9 9 165
3 2 1 12 15 4 139
3 2 1 12 4 15 63
3 2 1 11 10 10 89
3 2 1 10 16 5 94
3 2 1 10 5 16 2
3 2 1 9 22 0 49
3 2 1 9 11 11 92
3 2 1 9 0 22 137
3 2 1 8 17 6 107
3 2 1 8 6 17 56
3 2 1 7 23 1 24
3 2 1 7 12 12 46
3 2 1 7 1 23 118
3 2 1 6 18 7 94
3 2 1 6 7 18 193
3 2 1 5 24 2 64
3 2 1 5 13 13 85
3 2 1 5 2 24 38
3 2 1 4 19 8 99
3 2 1 4 8 19 126
3 2 1 3 25 3 174
3 2 1 3 14 14 103
3 2 1 3 3 25 38
3 2 1 2 20 9 177
3 2 1 2 9 20 42
3 2 1 1 26 4 59
3 2 1 1 15 15 110
3 2 1 1 4 26 173
3 2 1 0 21 10 126
3 2 1 0 10 21 28
3 2 0 27 0 5 160
3 2 0 26 6 0 134
3 2 0 25 1 6 142
3 2 0 24 7 1 92
3 2 0 23 2 7 16
3 2 0 22 8 2 46
3 2 0 21 3 8 177
3 2 0 20 9 3 86
3 2 0 19 4 9 60
3 2 0 18 10 4 191
3 2 0 17 5 10 91
3 2 0 16 11 5 9
3 2 0 16 0 16 78
3 2 0 15 17 0 10
3 2 0 15 6 11 80
3 2 0 14 12 6 197
3 2 0 14 1 17 126
3 2 0 13 18 1 79
3 2 0 13 7 12 128
3 2 0 12 13 7 26
3 2 0 12 2 18 162
3 2 0 11 19 2 118
3 2 0 11 8 13 126
3 2 0 10 14 8 120
3 2 0 9 20 3 27
3 2 0 9 9 14 180
3 2 0 8 15 9 67
3 2 0 8 4 20 163
3 2 0 7 21 4 164
3 2 0 7 10 15 191
3 2 0 6 16 10 107
3 2 0 6 5 21 126
3 2 0 5 22 5 175
3 2 0 5 11 16 23
3 2 0 5 0 27 27
3 2 0 4 28 0 109
3 2 0 4 17 11 19
3 2 0 4 6 22 37
3 2 0 3 23 6 46
3 2 0 3 12 17 183
3 2 0 3 1 28 195
3 2 0 2 29 1 194
3 2 0 2 18 12 15
3 2 0 2 7 23 142
3 2 0 1 24 7 189
3 2 0 1 13 18 138
3 2 0 1 2 29 26
3 2 0 0 19 13 166
3 2 0 0 8 24 87
3 1 31 1 0 1 188
3 1 29 4 0 0 3
3 1 29 2 1 1 129
3 1 29 0 2 2 31
3 1 28 0 0 5 102
3 1 27 5 1 0 21
3 1 27 3 2 1 28
3 1 27 1 3 2 13
3 1 26 3 0 4 78
3 1 26 1 1 5 93
3 1 26 0 7 0 52
3 1 25 6 2 0 50
3 1 25 4 3 1 134
3 1 25 2 4 2 192
3 1 25 0 5 3 141
3 1 24 6 0 3 189
3 1 24 4 1 4 152
3 1 24 2 2 5 31
3 1 24 1 8 0 170
3 1 24 0 3 6 62
3 1 23 7 3 0 127
3 1 23 5 4 1 68
3 1 23 3 5 2 22
3 1 23 2 0 8 44
3 1 23 1 6 3 83
3 1 23 0 1 9 96
3 1 22 9 0 2 181
3 1 22 7 1 3 78
3 1 22 5 2 4 188
3 1 22 3 3 5 181
3 1 22 2 9 0 193
3 1 22 1 4 6 144
3 1 22 0 10 1 136
3 1 21 8 4 0 86
3 1 21 6 5 1 37
3 1 21 5 0 7 16
3 1 21 4 6 2 102
3 1 21 3 1 8 96
3 1 21 2 7 3 113
3 1 21 1 2 9 147
3 1 21 0 8 4 180
3 1 20 12 0 1 59
3 1 20 10 1 2 111
3 1 20 8 2 3 130
3 1 20 6 3 4 92
3 1 20 4 4 5 101
3 1 20 3 10 0 168
3 1 20 2 5 6 25
3 1 20 1 11 1 169
3 1 20 1 0 12 114
3 1 20 0 6 7 131
3 1 19 9 5 0 33
3 1 19 8 0 6 78
3 1 19 7 6 1 75
3 1 19 6 1 7 49
3 1 19 5 7 2 98
3 1 19 4 2 8 55
3 1 19 3 8 3 137
3 1 19 2 3 9 193
3 1 19 1 9 4 108
3 1 19 0 4 10 24
3 1 18 15 0 0 17
3 1 18 13 1 1 103
3 1 18 11 2 2 29
3 1 18 9 3 3 18
3 1 18 7 4 4 124
3 1 18 5 5 5 131
3 1 18 4 11 0 33
3 1 18 4 0 11 46
3 1 18 3 6 6 154
3 1 18 2 12 1 137
3 1 18 2 1 12 197
3 1 18 1 7 7 177
3 1 18 0 13 2 33
3 1 18 0 2 13 29
3 1 17 11 0 5 101
3 1 17 10 6 0 28
3 1 17 9 1 6 110
3 1 17 8 7 1 49
3 1 17 7 2 7 181
3 1 17 6 8 2 174
3 1 17 5 3 8 64
3 1 17 4 9 3 18
3 1 17 3 4 9 35
3 1 17 2 10 4 93
3 1 17 1 5 10 42
3 1 17 0 11 5 31
3 1 17 0 0 16 14
3 1 16 16 1 0 64
3 1 16 14 2 1 33
3 1 16 12 3 2 196
3 1 16 10 4 3 68
3 1 16 8 5 4 77
3 1 16 7 0 10 17
3 1 16 6 6 5 167
3 1 16 5 12 0 102
3 1 16 5 1 11 74
3 1 16 4 7 6 62
3 1 16 3 13 1 3
3 1 16 3 2 12 36
3 1 16 2 8 7 166
3 1 16 1 14 2 91
3 1 16 1 3 13 170
3 1 16 0 9 8 117
3 1 15 14 0 4 45
3 1 15 12 1 5 56
3 1 15 11 7 0 53
3 1 15 10 2 6 181
3 1 15 9 8 1 39
3 1 15 8 3 7 2
3 1 15 7 9 2 35
3 1 15 6 4 8 26
3 1 15 5 10 3 116
3 1 15 4 5 9 102
3 1 15 3 11 4 36
3 1 15 3 0 15 177
3 1 15 2 6 10 92
3 1 15 1 12 5 160
3 1 15 1 1 16 50
3 1 15 0 18 0 36
3 1 15 0 7 11 70
3 1 14 17 2 0 28
3 1 14 15 3 1 101
3 1 14 13 4 2 94
3 1 14 11 5 3 129
3 1 14 10 0 9 182
3 1 14 9 6 4 12
3 1 14 8 1 10 137
3 1 14 7 7 5 35
3 1 14 6 13 0 59
3 1 14 6 2 11 189
3 1 14 5 8 6 173
3 1 14 4 14 1 156
3 1 14 4 3 12 124
3 1 14 3 9 7 10
3 1 14 2 15 2 175
3 1 14 2 4 13 16
3 1 14 1 10 8 187
3 1 14 0 16 3 100
3 1 14 0 5 14 3
3 1 13 17 0 3 52
3 1 13 15 1 4 130
3 1 13 13 2 5 18
3 1 13 12 8 0 24
3 1 13 11 3 6 32
3 1 13 10 9 1 69
3 1 13 9 4 7 142
3 1 13 8 10 2 183
3 1 13 7 5 8 83
3 1 13 6 11 3 32
3 1 13 6 0 14 181
3 1 13 5 6 9 109
3 1 13 4 12 4 150
3 1 13 4 1 15 54
3 1 13 3 7 10 153
3 1 13 2 13 5 8
3 1 13 2 2 16 187
3 1 13 1 19 0 101
3 1 13 1 8 11 165
3 1 13 0 14 6 64
3 1 13 0 3 17 33
3 1 12 18 3 0 174
3 1 12 16 4 1 156
3 1 12 14 5 2 169
3 1 12 13 0 8 53
3 1 12 12 6 3 72
3 1 12 11 1 9 184
3 1 12 10 7 4 141
3 1 12 9 2 10 182
3 1 12 8 8 5 92
3 1 12 7 14 0 26
3 1 12 7 3 11 77
3 1 12 6 9 6 143
3 1 12 5 15 1 134
3 1 12 5 4 12 194
3 1 12 4 10 7 169
3 1 12 3 16 2 7
3 1 12 3 5 13 85
3 1 12 2 11 8 146
3 1 12 2 0 19 7
3 1 12 1 17 3 46
3 1 12 1 6 14 19
3 1 12 0 12 9 155
3 1 12 0 1 20 198
3 1 11 20 0 2 35
3 1 11 18 1 3 79
3 1 11 16 2 4 28
3 1 11 14 3 5 137
3 1 11 13 9 0 5
3 1 11 12 4 6 107
3 1 11 11 10 1 171
3 1 11 10 5 7 90
3 1 11 9 11 2 25
3 1 11 9 0 13 184
3 1 11 8 6 8 147
3 1 11 7 12 3 139
3 1 11 7 1 14 180
3 1 11 6 7 9 85
3 1 11 5 13 4 153
3 1 11 5 2 15 29
3 1 11 4 8 10 174
3 1 11 3 14 5 141
3 1 11 3 3 16 80
3 1 11 2 20 0 193
3 1 11 2 9 11 80
3 1 11 1 15 6 49
3 1 11 1 4 17 57
3 1 11 0 21 1 91
3 1 11 0 10 12 106
3 1 10 19 4 0 40
3 1 10 17 5 1 86
3 1 10 16 0 7 105
3 1 10 15 6 2 25
3 1 10 14 1 8 46
3 1 10 13 7 3 44
3 1 10 12 2 9 187
3 1 10 11 8 4 132
3 1 10 10 3 10 23
3 1 10 9 9 5 53
3 1 10 8 15 0 184
3 1 10 8 4 11 73
3 1 10 7 10 6 62
3 1 10 6 16 1 129
3 1 10 6 5 12 109
3 1 10 5 11 7 152
3 1 10 5 0 18 76
3 1 10 4 17 2 180
3 1 10 4 6 13 126
3 1 10 3 12 8 111
3 1 10 3 1 19 159
3 1 10 2 18 3 23
3 1 10 2 7 14 173
3 1 10 1 13 9 109
3 1 10 1 2 20 41
3 1 10 0 19 4 54
3 1 10 0 8 15 13
3 1 9 23 0 1 70
3 1 9 21 1 2 78
3 1 9 19 2 3 178
3 1 9 17 3 4 190
3 1 9 15 4 5 190
3 1 9 14 10 0 30
3 1 9 13 5 6 43
3 1 9 12 11 1 66
3 1 9 12 0 12 186
3 1 9 11 6 7 76
3 1 9 10 12 2 48
3 1 9 10 1 13 143
3 1 9 9 7 8 179
3 1 9 8 13 3 8
3 1 9 8 2 14 134
3 1 9 7 8 9 72
3 1 9 6 14 4 123
3 1 9 6 3 15 136
3 1 9 5 9 10 187
3 1 9 4 15 5 195
3 1 9 4 4 16 150
3 1 9 3 21 0 117
3 1 9 3 10 11 53
3 1 9 2 16 6 181
3 1 9 2 5 17 16
3 1 9 1 22 1 141
3 1 9 1 11 12 128
3 1 9 1 0 23 66
3 1 9 0 17 7 134
3 1 9 0 6 18 84
3 1 8 20 5 0 148
3 1 8 19 0 6 36
3 1 8 18 6 1 157
3 1 8 17 1 7 171
3 1 8 16 7 2 7
3 1 8 15 2 8 140
3 1 8 14 8 3 45
3 1 8 13 3 9 56
3 1 8 12 9 4 68
3 1 8 11 4 10 155
3 1 8 10 10 5 158
3 1 8 9 16 0 11
3 1 8 9 5 11 161
3 1 8 8 11 6 25
3 1 8 8 0 17 122
3 1 8 7 17 1 69
3 1 8 7 6 12 172
3 1 8 6 12 7 123
3 1 8 6 1 18 80
3 1 8 5 18 2 159
3 1 8 5 7 13 88
3 1 8 4 13 8 63
3 1 8 4 2 19 111
3 1 8 3 19 3 96
3 1 8 3 8 14 168
3 1 8 2 14 9 73
3 1 8 2 3 20 133
3 1 8 1 20 4 186
3 1 8 1 9 15 123
3 1 8 0 15 10 191
3 1 8 0 4 21 103
3 1 7 26 0 0 122
3 1 7 24 1 1 59
3 1 7 22 2 2 191
3 1 7 20 3 3 47
3 1 7 18 4 4 11
3 1 7 16 5 5 8
3 1 7 15 11 0 42
3 1 7 15 0 11 159
3 1 7 14 6 6 180
3 1 7 13 12 1 146
3 1 7 13 1 12 168
3 1 7 12 7 7 104
3 1 7 11 13 2 34
3 1 7 11 2 13 121
3 1 7 10 8 8 73
3 1 7 9 14 3 67
3 1 7 9 3 14 88
3 1 7 8 9 9 94
3 1 7 7 15 4 14
3 1 7 7 4 15 33
3 1 7 6 10 10 122
3 1 7 5 16 5 173
3 1 7 5 5 16 41
3 1 7 4 22 0 18
3 1 7 4 11 11 48
3 1 7 4 0 22 24
3 1 7 3 17 6 179
3 1 7 3 6 17 56
3 1 7 2 23 1 126
3 1 7 2 12 12 84
3 1 7 2 1 23 162
3 1 7 1 18 7 175
3 1 7 1 7 18 89
3 1 7 0 24 2 189
3 1 7 0 13 13 56
3 1 7 0 2 24 120
3 1 6 22 0 5 27
3 1 6 21 6 0 112
3 1 6 20 1 6 137
3 1 6 19 7 1 162
3 1 6 18 2 7 81
3 1 6 17 8 2 119
3 1 6 16 3 8 159
3 1 6 15 9 3 49
3 1 6 14 4 9 125
3 1 6 13 10 4 188
3 1 6 12 5 10 48
3 1 6 11 11 5 117
3 1 6 11 0 16 154
3 1 6 10 17 0 19
3 1 6 10 6 11 133
3 1 6 9 12 6 24
3 1 6 9 1 17 33
3 1 6 8 18 1 119
3 1 6 8 7 12 152
3 1 6 7 13 7 18
3 1 6 7 2 18 15
3 1 6 6 19 2 40
3 1 6 6 8 13 173
3 1 6 5 14 8 130
3 1 6 5 3 19 187
3 1 6 4 20 3 119
3 1 6 4 9 14 83
3 1 6 3 15 9 121
3 1 6 3 4 20 76
3 1 6 2 21 4 168
3 1 6 2 10 15 67
3 1 6 1 16 10 93
3 1 6 1 5 21 185
3 1 6 0 22 5 130
3 1 6 0 11 16 142
3 1 6 0 0 27 83
3 1 5 27 1 0 24
3 1 5 25 2 1 64
3 1 5 23 3 2 119
3 1 5 21 4 3 6
3 1 5 19 5 4 10
3 1 5 18 0 10 96
3 1 5 17 6 5 184
3 1 5 16 12 0 124
3 1 5 16 1 11 12
3 1 5 15 7 6 142
3 1 5 14 13 1 31
3 1 5 14 2 12 48
3 1 5 13 8 7 24
3 1 5 12 14 2 68
3 1 5 12 3 13 53
3 1 5 11 9 8 116
3 1 5 10 15 3 186
3 1 5 10 4 14 184
3 1 5 9 10 9 125
3 1 5 8 16 4 125
3 1 5 8 5 15 100
3 1 5 7 11 10 51
3 1 5 7 0 21 108
3 1 5 6 17 5 153
3 1 5 6 6 16 35
3 1 5 5 23 0 64
3 1 5 5 12 11 35
3 1 5 5 1 22 84
3 1 5 4 18 6 140
3 1 5 4 7 17 176
3 1 5 3 24 1 73
3 1 5 3 13 12 153
3 1 5 3 2 23 91
3 1 5 2 19 7 181
3 1 5 2 8 18 133
3 1 5 1 25 2 198
3 1 5 1 14 13 184
3 1 5 1 3 24 8
3 1 5 0 20 8 69
3 1 5 0 9 19 43
3 1 4 25 0 4 172
3 1 4 23 1 5 55
3 1 4 22 7 0 100
3 1 4 21 2 6 94
3 1 4 20 8 1 16
3 1 4 19 3 7 160
3 1 4 18 9 2 150
3 1 4 17 4 8 51
3 1 4 16 10 3 170
3 1 4 15 5 9 15
3 1 4 14 11 4 52
3 1 4 14 0 15 13
3 1 4 13 6 10 7
3 1 4 12 12 5 132
3 1 4 12 1 16 120
3 1 4 11 18 0 123
3 1 4 11 7 11 74
3 1 4 10 13 6 11
3 1 4 10 2 17 94
3 1 4 9 19 1 65
3 1 4 9 8 12 74
3 1 4 8 14 7 188
3 1 4 8 3 18 57
3 1 4 7 20 2 161
3 1 4 7 9 13 23
3 1 4 6 15 8 38
3 1 4 6 4 19 150
3 1 4 5 21 3 83
3 1 4 5 10 14 189
3 1 4 4 16 9 22
3 1 4 4 5 20 78
3 1 4 3 22 4 137
3 1 4 3 11 15 119
3 1 4 3 0 26 150
3 1 4 2 17 10 194
3 1 4 2 6 21 67
3 1 4 1 23 5 32
3 1 4 1 12 16 134
3 1 4 1 1 27 41
3 1 4 0 29 0 139
3 1 4 0 18 11 58
3 1 4 0 7 22 172
3 1 3 26 3 1 102
3 1 3 24 4 2 83
3 1 3 22 5 3 131
3 1 3 21 0 9 2
3 1 3 20 6 4 169
3 1 3 19 1 10 21
3 1 3 18 7 5 109
3 1 3 17 13 0 7
3 1 3 17 2 11 112
3 1 3 16 8 6 135
3 1 3 15 14 1 180
3 1 3 15 3 12 72
3 1 3 14 9 7 114
3 1 3 13 15 2 133
3 1 3 13 4 13 128
3 1 3 12 10 8 71
3 1 3 11 16 3 119
3 1 3 11 5 14 70
3 1 3 10 11 9 70
3 1 3 10 0 20 198
3 1 3 9 17 4 72
3 1 3 9 6 15 6
3 1 3 8 12 10 81
3 1 3 8 1 21 16
3 1 3 7 18 5 143
3 1 3 7 7 16 197
3 1 3 6 24 0 188
3 1 3 6 13 11 116
3 1 3 6 2 22 91
3 1 3 5 19 6 165
3 1 3 5 8 17 78
3 1 3 4 25 1 88
3 1 3 4 14 12 108
3 1 3 4 3 23 104
3 1 3 3 20 7 93
3 1 3 3 9 18 120
3 1 3 2 26 2 16
3 1 3 2 15 13 14
3 1 3 2 4 24 3
3 1 3 1 21 8 24
3 1 3 1 10 19 94
3 1 3 0 27 3 68
3 1 3 0 16 14 147
3 1 3 0 5 25 65
3 1 2 28 0 3 77
3 1 2 26 1 4 191
3 1 2 24 2 5 191
3 1 2 23 8 0 119
3 1 2 22 3 6 79
3 1 2 21 9 1 83
3 1 2 20 4 7 163
3 1 2 19 10 2 94
3 1 2 18 5 8 87
3 1 2 17 11 3 195
3 1 2 17 0 14 195
3 1 2 16 6 9 22
3 1 2 15 12 4 4
3 1 2 15 1 15 172
3 1 2 14 7 10 17
3 1 2 13 13 5 85
3 1 2 13 2 16 182
3 1 2 12 19 0 123
3 1 2 12 8 11 37
3 1 2 11 14 6 113
3 1 2 11 3 17 13
3 1 2 10 20 1 157
3 1 2 10 9 12 161
3 1 2 9 15 7 143
3 1 2 9 4 18 192
3 1 2 8 21 2 106
3 1 2 8 10 13 35
3 1 2 7 16 8 66
3 1 2 7 5 19 40
3 1 2 6 22 3 57
3 1 2 6 11 14 134
3 1 2 6 0 25 156
3 1 2 5 17 9 77
3 1 2 5 6 20 79
3 1 2 4 23 4 150
3 1 2 4 12 15 137
3 1 2 4 1 26 81
3 1 2 3 18 10 123
3 1 2 3 7 21 46
3 1 2 2 24 5 79
3 1 2 2 13 16 110
3 1 2 2 2 27 136
3 1 2 1 30 0 190
3 1 2 1 19 11 64
3 1 2 1 8 22 21
3 1 2 0 25 6 2
3 1 2 0 14 17 64
3 1 2 0 3 28 3
3 1 1 29 3 0 66
3 1 1 27 4 1 128
3 1 1 25 5 2 99
3 1 1 24 0 8 28
3 1 1 23 6 3 63
3 1 1 22 1 9 137
3 1 1 21 7 4 57
3 1 1 20 2 10 29
3 1 1 19 8 5 58
3 1 1 18 14 0 72
3 1 1 18 3 11 157
3 1 1 17 9 6 34
3 1 1 16 15 1 67
3 1 1 16 4 12 35
3 1 1 15 10 7 158
3 1 1 14 16 2 37
3 1 1 14 5 13 142
3 1 1 13 11 8 172
3 1 1 13 0 19 11
3 1 1 12 17 3 94
3 1 1 12 6 14 5
3 1 1 11 12 9 8
3 1 1 11 1 20 68
3 1 1 10 18 4 47
3 1 1 10 7 15 120
3 1 1 9 13 10 26
3 1 1 9 2 21 172
3 1 1 8 19 5 74
3 1 1 8 8 16 61
3 1 1 7 25 0 32
3 1 1 7 14 11 57
3 1 1 7 3 22 144
3 1 1 6 20 6 148
3 1 1 6 9 17 154
3 1 1 5 26 1 1
3 1 1 5 15 12 167
3 1 1 5 4 23 45
3 1 1 4 21 7 124
3 1 1 4 10 18 87
3 1 1 3 27 2 174
3 1 1 3 16 13 80
3 1 1 3 5 24 11
3 1 1 2 22 8 90
3 1 1 2 11 19 22
3 1 1 2 0 30 2
3 1 1 1 28 3 181
3 1 1 1 17 14 164
3 1 1 1 6 25 195
3 1 1 0 23 9 67
3 1 1 0 12 20 10
3 1 1 0 1 31 55
3 1 0 31 0 2 181
3 1 0 29 1 3 21
3 1 0 27 2 4 58
3 1 0 25 3 5 4
3 1 0 24 9 0 131
3 1 0 23 4 6 27
3 1 0 22 10 1 159
3 1 0 21 5 7 28
3 1 0 20 11 2 113
3 1 0 20 0 13 56
3 1 0 19 6 8 83
3 1 0 18 12 3 109
3 1 0 18 1 14 32
3 1 0 17 7 9 176
3 1 0 16 13 4 168
3 1 0 15 8 10 95
3 1 0 14 14 5 60
3 1 0 14 3 16 170
3 1 0 13 20 0 73
3 1 0 13 9 11 182
3 1 0 12 15 6 176
3 1 0 12 4 17 19
3 1 0 11 21 1 155
3 1 0 11 10 12 4
3 1 0 10 16 7 150
3 1 0 10 5 18 78
3 1 0 9 22 2 100
3 1 0 9 11 13 48
3 1 0 9 0 24 17
3 1 0 8 17 8 196
3 1 0 8 6 19 155
3 1 0 7 23 3 61
3 1 0 7 12 14 79
3 1 0 7 1 25 139
3 1 0 6 18 9 171
3 1 0 6 7 20 135
3 1 0 5 24 4 140
3 1 0 5 13 15 95
3 1 0 5 2 26 49
3 1 0 4 19 10 32
3 1 0 4 8 21 19
3 1 0 3 25 5 31
3 1 0 3 14 16 165
3 1 0 3 3 27 83
3 1 0 2 31 0 148
3 1 0 2 20 11 50
3 1 0 2 9 22 46
3 1 0 1 26 6 94
3 1 0 1 15 17 145
3 1 0 1 4 28 18
3 1 0 0 32 1 180
3 1 0 0 21 12 91
3 1 0 0 10 23 15
3 0 33 0 1 0 98
3 0 31 1 2 0 133
3 0 30 1 0 3 108
3 0 29 2 3 0 152
3 0 29 0 4 1 87
3 0 28 4 0 2 144
3 0 28 2 1 3 137
3 0 28 0 2 4 67
3 0 27 3 4 0 157
3 0 27 1 5 1 181
3 0 27 0 0 7 38
3 0 26 7 0 1 126
3 0 26 5 1 2 189
3 0 26 3 2 3 138
3 0 26 1 3 4 94
3 0 25 4 5 0 103
3 0 25 3 0 6 154
3 0 25 2 6 1 132
3 0 25 1 1 7 11
3 0 25 0 7 2 29
3 0 24 10 0 0 177
3 0 24 8 1 1 84
3 0 24 6 2 2 30
3 0 24 4 3 3 36
3 0 24 0 5 5 161
3 0 23 6 0 5 107
3 0 23 5 6 0 47
3 0 23 4 1 6 119
3 0 23 3 7 1 166
3 0 23 2 2 7 5
3 0 23 1 8 2 171
3 0 23 0 3 8 178
3 0 22 11 1 0 28
3 0 22 9 2 1 116
3 0 22 7 3 2 187
3 0 22 5 4 3 65
3 0 22 3 5 4 63
3 0 22 2 0 10 144
3 0 22 1 6 5 195
3 0 22 0 12 0 52
3 0 22 0 1 11 167
3 0 21 9 0 4 124
3 0 21 7 1 5 55
3 0 21 6 7 0 125
3 0 21 4 8 1 193
3 0 21 3 3 7 25
3 0 21 2 9 2 118
3 0 21 1 4 8 78
3 0 21 0 10 3 143
3 0 20 12 2 0 183
3 0 20 10 3 1 52
3 0 20 8 4 2 175
3 0 20 6 5 3 117
3 0 20 5 0 9 9
3 0 20 4 6 4 101
3 0 20 3 1 10 98
3 0 20 2 7 5 39
3 0 20 1 13 0 29
3 0 20 1 2 11 20
3 0 20 0 8 6 34
3 0 19 12 0 3 167
3 0 19 10 1 4 111
3 0 19 8 2 5 99
3 0 19 7 8 0 111
3 0 19 6 3 6 101
3 0 19 5 9 1 96
3 0 19 4 4 7 179
3 0 19 3 10 2 107
3 0 19 2 5 8 14
3 0 19 1 11 3 48
3 0 19 1 0 14 126
3 0 19 0 6 9 162
3 0 18 13 3 0 71
3 0 18 11 4 1 56
3 0 18 9 5 2 40
3 0 18 8 0 8 187
3 0 18 7 6 3 78
3 0 18 6 1 9 68
3 0 18 5 7 4 9
3 0 18 4 2 10 9
3 0 18 3 8 5 118
3 0 18 2 14 0 149
3 0 18 2 3 11 58
3 0 18 1 9 6 3
3 0 18 0 15 1 15
3 0 18 0 4 12 157
3 0 17 15 0 2 39
3 0 17 13 1 3 152
3 0 17 11 2 4 20
3 0 17 9 3 5 168
3 0 17 8 9 0 150
3 0 17 7 4 6 18
3 0 17 6 10 1 90
3 0 17 5 5 7 79
3 0 17 4 11 2 2
3 0 17 4 0 13 123
3 0 17 3 6 8 11
3 0 17 2 12 3 58
3 0 17 2 1 14 132
3 0 17 1 7 9 179
3 0 17 0 13 4 169
3 0 17 0 2 15 103
3 0 16 14 4 0 196
3 0 16 12 5 1 155
3 0 16 11 0 7 159
3 0 16 10 6 2 192
3 0 16 9 1 8 86
3 0 16 8 7 3 114
3 0 16 7 2 9 126
3 0 16 6 8 4 174
3 0 16 5 3 10 165
3 0 16 4 9 5 17
3 0 16 3 15 0 170
3 0 16 3 4 11 13
3 0 16 2 10 6 145
3 0 16 1 16 1 146
3 0 16 1 5 12 66
3 0 16 0 11 7 10
3 0 16 0 0 18 142
3 0 15 18 0 1 133
3 0 15 16 1 2 70
3 0 15 14 2 3 132
3 0 15 12 3 4 164
3 0 15 10 4 5 152
3 0 15 9 10 0 48
3 0 15 7 11 1 124
3 0 15 7 0 12 67
3 0 15 6 6 7 2
3 0 15 5 12 2 151
3 0 15 5 1 13 14
3 0 15 4 7 8 146
3 0 15 3 13 3 11
3 0 15 3 2 14 98
3 0 15 2 8 9 15
3 0 15 1 14 4 110
3 0 15 1 3 15 159
3 0 15 0 9 10 157
3 0 14 15 5 0 10
3 0 14 14 0 6 52
3 0 14 13 6 1 116
3 0 14 12 1 7 152
3 0 14 11 7 2 123
3 0 14 10 2 8 159
3 0 14 9 8 3 174
3 0 14 8 3 9 84
3 0 14 7 9 4 150
3 0 14 6 4 10 10
3 0 14 5 10 5 113
3 0 14 4 16 0 198
3 0 14 4 5 11 186
3 0 14 3 11 6 40
3 0 14 3 0 17 107
3 0 14 2 17 1 65
3 0 14 2 6 12 193
3 0 14 1 12 7 191
3 0 14 1 1 18 143
3 0 14 0 18 2 22
3 0 14 0 7 13 184
3 0 13 21 0 0 115
3 0 13 19 1 1 176
3 0 13 17 2 2 19
3 0 13 15 3 3 127
3 0 13 13 4 4 14
3 0 13 11 5 5 22
3 0 13 10 11 0 119
3 0 13 10 0 11 152
3 0 13 9 6 6 44
3 0 13 8 12 1 55
3 0 13 8 1 12 26
3 0 13 7 7 7 70
3 0 13 6 13 2 159
3 0 13 6 2 13 140
3 0 13 5 8 8 166
3 0 13 4 14 3 35
3 0 13 4 3 14 34
3 0 13 3 9 9 117
3 0 13 2 15 4 14
3 0 13 2 4 15 63
3 0 13 1 10 10 36
3 0 13 0 16 5 88
3 0 13 0 5 16 190
3 0 12 17 0 5 144
3 0 12 16 6 0 152
3 0 12 15 1 6 102
3 0 12 14 7 1 156
3 0 12 13 2 7 89
3 0 12 12 8 2 94
3 0 12 11 3 8 122
3 0 12 10 9 3 32
3 0 12 9 4 9 102
3 0 12 8 10 4 101
3 0 12 7 5 10 29
3 0 12 6 11 5 21
3 0 12 6 0 16 102
3 0 12 5 17 0 92
3 0 12 5 6 11 168
3 0 12 4 12 6 50
3 0 12 4 1 17 6
3 0 12 3 18 1 178
3 0 12 3 7 12 187
3 0 12 2 13 7 86
3 0 12 2 2 18 87
3 0 12 1 19 2 39
3 0 12 1 8 13 99
3 0 12 0 14 8 80
3 0 12 0 3 19 89
3 0 11 22 1 0 100
3 0 11 20 2 1 169
3 0 11 18 3 2 86
3 0 11 16 4 3 5
3 0 11 14 5 4 96
3 0 11 13 0 10 175
3 0 11 12 6 5 60
3 0 11 11 12 0 10
3 0 11 11 1 11 85
3 0 11 10 7 6 91
3 0 11 9 13 1 9
3 0 11 9 2 12 128
3 0 11 8 8 7 99
3 0 11 7 14 2 157
3 0 11 7 3 13 133
3 0 11 6 9 8 73
3 0 11 5 15 3 19
3 0 11 5 4 14 169
3 0 11 4 10 9 183
3 0 11 3 16 4 92
3 0 11 3 5 15 110
3 0 11 2 11 10 142
3 0 11 2 0 21 188
3 0 11 1 17 5 85
3 0 11 1 6 16 180
3 0 11 0 23 0 169
3 0 11 0 12 11 130
3 0 11 0 1 22 64
3 0 10 20 0 4 9
3 0 10 18 1 5 107
3 0 10 17 7 0 144
3 0 10 16 2 6 52
3 0 10 15 8 1 142
3 0 10 14 3 7 1
3 0 10 13 9 2 105
3 0 10 12 4 8 119
3 0 10 11 10 3 29
3 0 10 10 5 9 188
3 0 10 9 11 4 107
3 0 10 9 0 15 7
3 0 10 8 6 10 198
3 0 10 7 12 5 29
3 0 10 7 1 16 152
3 0 10 6 18 0 18
3 0 10 6 7 11 40
3 0 10 5 13 6 165
3 0 10 5 2 17 132
3 0 10 4 19 1 39
3 0 10 4 8 12 136
3 0 10 3 14 7 68
3 0 10 3 3 18 24
3 0 10 2 20 2 37
3 0 10 2 9 13 127
3 0 10 1 15 8 8
3 0 10 1 4 19 14
3 0 10 0 21 3 158
3 0 10 0 10 14 37
3 0 9 23 2 0 145
3 0 9 21 3 1 44
3 0 9 19 4 2 48
3 0 9 17 5 3 14
3 0 9 16 0 9 100
3 0 9 15 6 4 48
3 0 9 14 1 10 22
3 0 9 13 7 5 191
3 0 9 12 13 0 95
3 0 9 12 2 11 165
3 0 9 11 8 6 123
3 0 9 10 14 1 151
3 0 9 10 3 12 197
3 0 9 9 9 7 192
3 0 9 8 15 2 88
3 0 9 8 4 13 30
3 0 9 7 10 8 102
3 0 9 6 16 3 50
3 0 9 6 5 14 55
3 0 9 5 11 9 146
3 0 9 5 0 20 131
3 0 9 4 17 4 157
3 0 9 4 6 15 88
3 0 9 3 12 10 123
3 0 9 3 1 21 61
3 0 9 2 18 5 22
3 0 9 2 7 16 157
3 0 9 1 24 0 115
3 0 9 1 13 11 51
3 0 9 1 2 22 125
3 0 9 0 19 6 44
3 0 9 0 8 17 182
3 0 8 23 0 3 183
3 0 8 21 1 4 14
3 0 8 19 2 5 26
3 0 8 18 8 0 52
3 0 8 17 3 6 136
3 0 8 16 9 1 125
3 0 8 15 4 7 173
3 0 8 14 10 2 75
3 0 8 13 5 8 25
3 0 8 12 11 3 42
3 0 8 12 0 14 160
3 0 8 11 6 9 75
3 0 8 10 12 4 198
3 0 8 10 1 15 83
3 0 8 9 7 10 21
3 0 8 8 13 5 110
3 0 8 8 2 16 136
3 0 8 7 19 0 195
3 0 8 7 8 11 40
3 0 8 6 14 6 12
3 0 8 6 3 17 81
3 0 8 5 20 1 97
3 0 8 5 9 12 81
3 0 8 4 15 7 176
3 0 8 4 4 18 9
3 0 8 3 21 2 26
3 0 8 3 10 13 133
3 0 8 2 16 8 90
3 0 8 2 5 19 135
3 0 8 1 22 3 77
3 0 8 1 11 14 189
3 0 8 1 0 25 115
3 0 8 0 17 9 85
3 0 8 0 6 20 168
3 0 7 24 3 0 37
3 0 7 22 4 1 84
3 0 7 20 5 2 51
3 0 7 19 0 8 136
3 0 7 18 6 3 168
3 0 7 17 1 9 82
3 0 7 16 7 4 164
3 0 7 15 2 10 61
3 0 7 14 8 5 104
3 0 7 13 14 0 36
3 0 7 13 3 11 51
3 0 7 12 9 6 107
3 0 7 11 15 1 165
3 0 7 11 4 12 144
3 0 7 10 10 7 18
3 0 7 9 16 2 15
3 0 7 9 5 13 179
3 0 7 8 11 8 121
3 0 7 8 0 19 9
3 0 7 7 17 3 72
3 0 7 7 6 14 43
3 0 7 6 12 9 161
3 0 7 6 1 20 82
3 0 7 5 18 4 180
3 0 7 5 7 15 106
3 0 7 4 13 10 121
3 0 7 4 2 21 96
3 0 7 3 19 5 150
3 0 7 3 8 16 153
3 0 7 2 25 0 51
3 0 7 2 14 11 80
3 0 7 2 3 22 110
3 0 7 1 20 6 64
3 0 7 1 9 17 84
3 0 7 0 26 1 148
3 0 7 0 15 12 12
3 0 7 0 4 23 120
3 0 6 26 0 2 179
3 0 6 24 1 3 50
3 0 6 22 2 4 164
3 0 6 20 3 5 159
3 0 6 19 9 0 192
3 0 6 18 4 6 158
3 0 6 17 10 1 16
3 0 6 16 5 7 126
3 0 6 15 11 2 129
3 0 6 15 0 13 33
3 0 6 14 6 8 11
3 0 6 13 12 3 37
3 0 6 13 1 14 129
3 0 6 12 7 9 165
3 0 6 11 13 4 132
3 0 6 11 2 15 189
3 0 6 10 8 10 63
3 0 6 9 14 5 83
3 0 6 9 3 16 5
3 0 6 8 20 0 11
3 0 6 8 9 11 53
3 0 6 7 15 6 127
3 0 6 7 4 17 71
3 0 6 6 21 1 197
3 0 6 6 10 12 4
3 0 6 5 16 7 147
3 0 6 5 5 18 88
3 0 6 4 22 2 158
3 0 6 4 11 13 135
3 0 6 4 0 24 148
3 0 6 3 17 8 12
3 0 6 3 6 19 82
3 0 6 2 23 3 192
3 0 6 2 12 14 186
3 0 6 2 1 25 148
3 0 6 1 18 9 132
3 0 6 1 7 20 151
3 0 6 0 24 4 22
3 0 6 0 13 15 19
3 0 6 0 2 26 25
3 0 5 25 4 0 69
3 0 5 23 5 1 52
3 0 5 22 0 7 36
3 0 5 21 6 2 73
3 0 5 20 1 8 11
3 0 5 19 7 3 71
3 0 5 18 2 9 63
3 0 5 17 8 4 54
3 0 5 16 3 10 96
3 0 5 15 9 5 109
3 0 5 14 15 0 187
3 0 5 14 4 11 168
3 0 5 13 10 6 150
3 0 5 12 16 1 35
3 0 5 12 5 12 149
3 0 5 11 11 7 50
3 0 5 11 0 18 150
3 0 5 10 17 2 174
3 0 5 10 6 13 50
3 0 5 9 12 8 188
3 0 5 9 1 19 175
3 0 5 8 18 3 166
3 0 5 8 7 14 22
3 0 5 7 13 9 136
3 0 5 7 2 20 152
3 0 5 6 19 4 193
3 0 5 6 8 15 129
3 0 5 5 14 10 15
3 0 5 5 3 21 172
3 0 5 4 20 5 38
3 0 5 4 9 16 121
3 0 5 3 26 0 106
3 0 5 3 15 11 1
3 0 5 3 4 22 10
3 0 5 2 21 6 50
3 0 5 2 10 17 36
3 0 5 1 27 1 186
3 0 5 1 16 12 97
3 0 5 1 5 23 53
3 0 5 0 22 7 79
3 0 5 0 11 18 166
3 0 5 0 0 29 134
3 0 4 29 0 1 63
3 0 4 27 1 2 183
3 0 4 25 2 3 82
3 0 4 23 3 4 147
3 0 4 21 4 5 105
3 0 4 20 10 0 8
3 0 4 19 5 6 196
3 0 4 18 11 1 124
3 0 4 18 0 12 81
3 0 4 17 6 7 45
3 0 4 16 12 2 118
3 0 4 16 1 13 164
3 0 4 15 7 8 18
3 0 4 14 13 3 1
3 0 4 14 2 14 114
3 0 4 13 8 9 121
3 0 4 12 14 4 178
3 0 4 12 3 15 181
3 0 4 11 9 10 167
3 0 4 10 15 5 100
3 0 4 10 4 16 132
3 0 4 9 21 0 130
3 0 4 9 10 11 64
3 0 4 8 16 6 94
3 0 4 8 5 17 174
3 0 4 7 22 1 122
3 0 4 7 11 12 110
3 0 4 7 0 23 57
3 0 4 6 17 7 13
3 0 4 6 6 18 129
3 0 4 5 23 2 35
3 0 4 5 12 13 174
3 0 4 5 1 24 189
3 0 4 4 18 8 57
3 0 4 4 7 19 153
3 0 4 3 24 3 118
3 0 4 3 13 14 41
3 0 4 3 2 25 50
3 0 4 2 19 9 192
3 0 4 2 8 20 51
3 0 4 1 25 4 63
3 0 4 1 14 15 5
3 0 4 1 3 26 118
3 0 4 0 20 10 77
3 0 4 0 9 21 108
3 0 3 26 5 0 51
3 0 3 25 0 6 5
3 0 3 24 6 1 32
3 0 3 23 1 7 4
3 0 3 22 7 2 38
3 0 3 21 2 8 121
3 0 3 20 8 3 63
3 0 3 19 3 9 66
3 0 3 18 9 4 47
3 0 3 17 4 10 139
3 0 3 16 10 5 78
3 0 3 15 16 0 117
3 0 3 15 5 11 108
3 0 3 14 11 6 2
3 0 3 14 0 17 60
3 0 3 13 17 1 36
3 0 3 13 6 12 147
3 0 3 12 12 7 107
3 0 3 12 1 18 3
3 0 3 11 18 2 94
3 0 3 11 7 13 146
3 0 3 10 13 8 128
3 0 3 10 2 19 48
3 0 3 9 19 3 98
3 0 3 9 8 14 132
3 0 3 8 14 9 74
3 0 3 8 3 20 57
3 0 3 7 20 4 147
3 0 3 7 9 15 127
3 0 3 6 15 10 46
3 0 3 6 4 21 88
3 0 3 5 21 5 42
3 0 3 5 10 16 15
3 0 3 4 27 0 48
3 0 3 4 16 11 175
3 0 3 4 5 22 133
3 0 3 3 22 6 188
3 0 3 3 11 17 131
3 0 3 3 0 28 118
3 0 3 2 28 1 3
3 0 3 2 17 12 129
3 0 3 2 6 23 35
3 0 3 1 23 7 188
3 0 3 1 12 18 60
3 0 3 1 1 29 144
3 0 3 0 29 2 187
3 0 3 0 18 13 159
3 0 3 0 7 24 59
3 0 2 30 1 1 130
3 0 2 28 2 2 136
3 0 2 26 3 3 22
3 0 2 24 4 4 125
3 0 2 22 5 5 92
3 0 2 21 11 0 118
3 0 2 21 0 11 119
3 0 2 20 6 6 40
3 0 2 19 12 1 12
3 0 2 19 1 12 64
3 0 2 18 7 7 160
3 0 2 17 13 2 149
3 0 2 17 2 13 28
3 0 2 16 8 8 78
3 0 2 15 14 3 91
3 0 2 15 3 14 112
3 0 2 14 9 9 25
3 0 2 13 15 4 23
3 0 2 13 4 15 50
3 0 2 12 10 10 121
3 0 2 11 16 5 1
3 0 2 11 5 16 40
3 0 2 10 22 0 59
3 0 2 10 11 11 144
3 0 2 10 0 22 172
3 0 2 9 17 6 173
3 0 2 9 6 17 174
3 0 2 8 23 1 163
3 0 2 8 12 12 42
3 0 2 8 1 23 166
3 0 2 7 18 7 15
3 0 2 7 7 18 10
3 0 2 6 24 2 76
3 0 2 6 13 13 113
3 0 2 6 2 24 173
3 0 2 5 19 8 43
3 0 2 5 8 19 48
3 0 2 4 25 3 97
3 0 2 4 14 14 26
3 0 2 4 3 25 24
3 0 2 3 20 9 146
3 0 2 3 9 20 61
3 0 2 2 26 4 75
3 0 2 2 15 15 20
3 0 2 2 4 26 9
3 0 2 1 21 10 55
3 0 2 1 10 21 29
3 0 2 0 27 5 87
3 0 2 0 16 16 21
3 0 2 0 5 27 83
3 0 1 28 0 5 77
3 0 1 27 6 0 114
3 0 1 26 1 6 57
3 0 1 25 7 1 98
3 0 1 24 2 7 80
3 0 1 23 8 2 17
3 0 1 22 3 8 69
3 0 1 21 9 3 29
3 0 1 20 4 9 108
3 0 1 19 10 4 198
3 0 1 18 5 10 104
3 0 1 17 11 5 159
3 0 1 17 0 16 156
3 0 1 16 17 0 71
3 0 1 16 6 11 41
3 0 1 15 12 6 192
3 0 1 15 1 17 14
3 0 1 14 18 1 6
3 0 1 14 7 12 181
3 0 1 13 13 7 149
3 0 1 13 2 18 198
3 0 1 12 19 2 144
3 0 1 12 8 13 171
3 0 1 11 14 8 120
3 0 1 11 3 19 67
3 0 1 10 20 3 29
3 0 1 10 9 14 62
3 0 1 9 15 9 6
3 0 1 9 4 20 82
3 0 1 8 21 4 101
3 0 1 8 10 15 128
3 0 1 7 16 10 149
3 0 1 7 5 21 121
3 0 1 6 22 5 194
3 0 1 6 11 16 157
3 0 1 6 0 27 163
3 0 1 5 28 0 88
3 0 1 5 17 11 90
3 0 1 5 6 22 9
3 0 1 4 23 6 107
3 0 1 4 12 17 58
3 0 1 4 1 28 127
3 0 1 3 29 1 119
3 0 1 3 18 12 173
3 0 1 3 7 23 95
3 0 1 2 24 7 119
3 0 1 2 13 18 66
3 0 1 2 2 29 10
3 0 1 1 30 2 60
3 0 1 1 19 13 103
3 0 1 1 8 24 6
3 0 1 0 25 8 107
3 0 1 0 14 19 35
3 0 1 0 3 30 12
3 0 0 31 2 1 56
3 0 0 29 3 2 145
3 0 0 27 4 3 49
3 0 0 25 5 4 85
3 0 0 24 0 10 82
3 0 0 23 6 5 145
3 0 0 22 12 0 132
3 0 0 22 1 11 29
3 0 0 21 7 6 159
3 0 0 20 13 1 7
3 0 0 20 2 12 72
3 0 0 19 8 7 71
3 0 0 18 14 2 69
3 0 0 18 3 13 75
3 0 0 17 9 8 110
3 0 0 16 15 3 157
3 0 0 16 4 14 173
3 0 0 15 10 9 179
3 0 0 14 16 4 164
3 0 0 14 5 15 98
3 0 0 13 11 10 147
3 0 0 13 0 21 149
3 0 0 12 17 5 191
3 0 0 12 6 16 159
3 0 0 11 23 0 48
3 0 0 11 12 11 186
3 0 0 11 1 22 64
3 0 0 10 18 6 45
3 0 0 10 7 17 3
3 0 0 9 24 1 122
3 0 0 9 13 12 53
3 0 0 9 2 23 142
3 0 0 8 19 7 77
3 0 0 8 8 18 35
3 0 0 7 25 2 89
3 0 0 7 14 13 32
3 0 0 7 3 24 118
3 0 0 6 20 8 191
3 0 0 6 9 19 152
3 0 0 5 26 3 167
3 0 0 5 15 14 66
3 0 0 5 4 25 196
3 0 0 4 21 9 95
3 0 0 4 10 20 69
3 0 0 3 27 4 65
3 0 0 3 16 15 25
3 0 0 3 5 26 143
3 0 0 2 22 10 36
3 0 0 2 11 21 198
3 0 0 2 0 32 31
3 0 0 1 28 5 62
3 0 0 1 17 16 94
3 0 0 1 6 27 193
3 0 0 0 23 11 25
3 0 0 0 12 22 103
3 0 0 0 1 33 175
4 33 0 0 0 1 175
4 32 0 0 2 0 31
4 31 1 1 0 1 55
4 30 3 0 1 0 170
4 30 1 1 2 0 2
4 30 0 1 0 3 12
4 29 2 2 0 1 16
4 29 2 0 1 2 26
4 29 0 5 0 0 134
4 29 0 3 1 1 144
4 29 0 1 2 2 10
4 28 6 0 0 0 163
4 28 4 1 1 0 177
4 28 2 2 2 0 188
4 28 2 0 3 1 195
4 28 1 2 0 3 3
4 28 1 0 1 4 18
4 28 0 3 3 0 118
4 28 0 1 4 1 127
4 27 5 0 0 2 86
4 27 3 3 0 1 88
4 27 3 1 1 2 153
4 27 2 0 5 0 27
4 27 1 6 0 0 83
4 27 1 4 1 1 41
4 27 1 2 2 2 136
4 27 1 0 3 3 83
4 27 0 2 0 5 83
4 27 0 1 6 0 163
4 27 0 0 1 6 193
4 26 7 1 0 0 182
4 26 5 2 1 0 55
4 26 5 0 2 1 21
4 26 4 0 0 4 36
4 26 3 3 2 0 87
4 26 3 1 3 1 184
4 26 2 3 0 3 127
4 26 2 1 1 4 173
4 26 1 4 3 0 150
4 26 1 2 4 1 81
4 26 1 0 5 2 49
4 26 0 6 0 2 25
4 26 0 4 1 3 118
4 26 0 2 2 4 9
4 26 0 0 3 5 143
4 25 6 1 0 2 141
4 25 5 0 4 0 71
4 25 4 4 0 1 196
4 25 4 2 1 2 89
4 25 4 0 2 3 173
4 25 3 1 5 0 160
4 25 3 0 0 6 195
4 25 2 7 0 0 59
4 25 2 5 1 1 105
4 25 2 3 2 2 6
4 25 2 1 3 3 38
4 25 1 3 0 5 65
4 25 1 2 6 0 156
4 25 1 1 1 6 195
4 25 1 0 7 1 139
4 25 0 8 1 0 115
4 25 0 6 2 1 148
4 25 0 4 3 2 50
4 25 0 2 4 3 24
4 25 0 0 5 4 196
4 24 8 2 0 0 6
4 24 6 3 1 0 129
4 24 6 1 2 1 81
4 24 5 1 0 4 151
4 24 4 4 2 0 110
4 24 4 2 3 1 64
4 24 4 0 4 2 42
4 24 3 4 0 3 157
4 24 3 2 1 4 117
4 24 3 0 2 5 169
4 24 2 5 3 0 146
4 24 2 3 4 1 66
4 24 2 1 5 2 38
4 24 2 0 0 8 87
4 24 1 7 0 2 120
4 24 1 5 1 3 8
4 24 1 3 2 4 3
4 24 1 1 3 5 11
4 24 1 0 9 0 17
4 24 0 6 4 0 148
4 24 0 4 5 1 189
4 24 0 3 0 7 59
4 24 0 2 6 2 173
4 24 0 1 1 8 6
4 24 0 0 7 3 118
4 23 8 0 3 0 142
4 23 7 2 0 2 18
4 23 7 0 1 3 161
4 23 6 1 4 0 53
4 23 5 5 0 1 76
4 23 5 3 1 2 182
4 23 5 1 2 3 180
4 23 4 2 5 0 16
4 23 4 1 0 6 42
4 23 4 0 6 1 137
4 23 3 8 0 0 88
4 23 3 6 1 1 5
4 23 3 4 2 2 181
4 23 3 2 3 3 159
4 23 3 0 4 4 9
4 23 2 4 0 5 73
4 23 2 3 6 0 142
4 23 2 2 1 6 175
4 23 2 1 7 1 118
4 23 2 0 2 7 142
4 23 1 9 1 0 66
4 23 1 7 2 1 162
4 23 1 5 3 2 91
4 23 1 3 4 3 104
4 23 1 1 5 4 45
4 23 1 0 0 10 15
4 23 0 7 0 4 120
4 23 0 5 1 5 53
4 23 0 4 7 0 57
4 23 0 3 2 6 35
4 23 0 2 8 1 166
4 23 0 1 3 7 95
4 23 0 0 9 2 142
4 22 11 0 0 1 131
4 22 9 3 0 0 56
4 22 9 1 1 1 125
4 22 7 4 1 0 155
4 22 7 2 2 1 32
4 22 7 0 3 2 72
4 22 6 2 0 4 58
4 22 6 0 1 5 149
4 22 5 5 2 0 191
4 22 5 3 3 1 35
4 22 5 1 4 2 122
4 22 4 5 0 3 73
4 22 4 3 1 4 86
4 22 4 1 2 5 73
4 22 4 0 8 0 47
4 22 3 6 3 0 127
4 22 3 4 4 1 63
4 22 3 2 5 2 161
4 22 3 1 0 8 117
4 22 3 0 6 3 35
4 22 2 8 0 2 70
4 22 2 6 1 3 143
4 22 2 4 2 4 143
4 22 2 2 3 5 167
4 22 2 1 9 0 137
4 22 2 0 4 6 37
4 22 1 7 4 0 24
4 22 1 5 5 1 84
4 22 1 4 0 7 172
4 22 1 3 6 2 91
4 22 1 2 1 8 21
4 22 1 1 7 3 144
4 22 1 0 2 9 46
4 22 0 11 0 1 64
4 22 0 9 1 2 125
4 22 0 7 2 3 110
4 22 0 5 3 4 10
4 22 0 3 4 5 133
4 22 0 2 10 0 172
4 22 0 1 5 6 9
4 22 0 0 11 1 64
4 22 0 0 0 12 103
4 21 11 0 2 0 103
4 21 10 0 0 3 184
4 21 9 1 3 0 22
4 21 8 3 0 2 86
4 21 8 1 1 3 181
4 21 7 2 4 0 48
4 21 7 0 5 1 150
4 21 6 6 0 1 90
4 21 6 4 1 2 76
4 21 6 2 2 3 50
4 21 6 0 3 4 157
4 21 5 3 5 0 89
4 21 5 2 0 6 32
4 21 5 1 6 1 65
4 21 5 0 1 7 166
4 21 4 9 0 0 145
4 21 4 7 1 1 24
4 21 4 5 2 2 11
4 21 4 3 3 3 47
4 21 4 1 4 4 8
4 21 3 5 0 5 156
4 21 3 4 6 0 125
4 21 3 3 1 6 110
4 21 3 2 7 1 122
4 21 3 1 2 7 158
4 21 3 0 8 2 21
4 21 2 10 1 0 19
4 21 2 8 2 1 23
4 21 2 6 3 2 47
4 21 2 4 4 3 157
4 21 2 2 5 4 19
4 21 2 1 0 10 28
4 21 2 0 6 5 126
4 21 1 8 0 4 103
4 21 1 6 1 5 185
4 21 1 5 7 0 108
4 21 1 4 2 6 67
4 21 1 3 8 1 16
4 21 1 2 3 7 46
4 21 1 1 9 2 172
4 21 1 0 4 8 19
4 21 0 11 2 0 188
4 21 0 9 3 1 61
4 21 0 7 4 2 96
4 21 0 5 5 3 172
4 21 0 4 0 9 108
4 21 0 3 6 4 88
4 21 0 2 1 10 29
4 21 0 1 7 5 121
4 21 0 0 13 0 149
4 21 0 0 2 11 198
4 20 12 1 0 1 100
4 20 10 4 0 0 127
4 20 10 2 1 1 77
4 20 10 0 2 2 137
4 20 9 0 0 5 145
4 20 8 5 1 0 171
4 20 8 3 2 1 168
4 20 8 1 3 2 190
4 20 7 3 0 4 126
4 20 7 1 1 5 2
4 20 7 0 7 0 37
4 20 6 6 2 0 150
4 20 6 4 3 1 1
4 20 6 2 4 2 61
4 20 6 0 5 3 139
4 20 5 6 0 3 120
4 20 5 4 1 4 40
4 20 5 2 2 5 163
4 20 5 1 8 0 47
4 20 5 0 3 6 146
4 20 4 7 3 0 79
4 20 4 5 4 1 185
4 20 4 3 5 2 141
4 20 4 2 0 8 69
4 20 4 1 6 3 50
4 20 4 0 1 9 143
4 20 3 9 0 2 17
4 20 3 7 1 3 99
4 20 3 5 2 4 181
4 20 3 3 3 5 52
4 20 3 2 9 0 175
4 20 3 1 4 6 141
4 20 3 0 10 1 87
4 20 2 8 4 0 173
4 20 2 6 5 1 187
4 20 2 5 0 7 160
4 20 2 4 6 2 54
4 20 2 3 1 8 24
4 20 2 2 7 3 9
4 20 2 1 2 9 42
4 20 2 0 8 4 163
4 20 1 12 0 1 198
4 20 1 10 1 2 41
4 20 1 8 2 3 133
4 20 1 6 3 4 76
4 20 1 4 4 5 78
4 20 1 3 10 0 198
4 20 1 2 5 6 79
4 20 1 1 11 1 68
4 20 1 1 0 12 10
4 20 1 0 6 7 135
4 20 0 9 5 0 131
4 20 0 8 0 6 168
4 20 0 7 6 1 82
4 20 0 6 1 7 151
4 20 0 5 7 2 152
4 20 0 4 2 8 51
4 20 0 3 8 3 57
4 20 0 2 3 9 61
4 20 0 1 9 4 82
4 20 0 0 4 10 69
4 19 14 0 1 0 92
4 19 12 1 2 0 119
4 19 11 1 0 3 37
4 19 10 2 3 0 65
4 19 10 0 4 1 178
4 19 9 4 0 2 14
4 19 9 2 1 3 97
4 19 9 0 2 4 120
4 19 8 3 4 0 159
4 19 8 1 5 1 127
4 19 8 0 0 7 194
4 19 7 7 0 1 177
4 19 7 5 1 2 15
4 19 7 3 2 3 118
4 19 7 1 3 4 118
4 19 6 4 5 0 128
4 19 6 3 0 6 128
4 19 6 2 6 1 148
4 19 6 1 1 7 33
4 19 6 0 7 2 155
4 19 5 10 0 0 195
4 19 5 8 1 1 196
4 19 5 6 2 2 156
4 19 5 4 3 3 168
4 19 5 2 4 4 145
4 19 5 0 5 5 107
4 19 4 6 0 5 148
4 19 4 5 6 0 148
4 19 4 4 1 6 150
4 19 4 3 7 1 14
4 19 4 2 2 7 87
4 19 4 1 8 2 176
4 19 4 0 3 8 102
4 19 3 11 1 0 22
4 19 3 9 2 1 175
4 19 3 7 3 2 155
4 19 3 5 4 3 85
4 19 3 3 5 4 120
4 19 3 2 0 10 25
4 19 3 1 6 5 122
4 19 3 0 12 0 109
4 19 3 0 1 11 104
4 19 2 9 0 4 15
4 19 2 7 1 5 182
4 19 2 6 7 0 72
4 19 2 5 2 6 80
4 19 2 4 8 1 196
4 19 2 3 3 7 79
4 19 2 2 9 2 87
4 19 2 1 4 8 126
4 19 1 12 2 0 7
4 19 1 10 3 1 159
4 19 1 8 4 2 111
4 19 1 6 5 3 187
4 19 1 5 0 9 43
4 19 1 4 6 4 150
4 19 1 3 1 10 94
4 19 1 2 7 5 40
4 19 1 1 13 0 11
4 19 1 1 2 11 22
4 19 1 0 8 6 155
4 19 0 12 0 3 89
4 19 0 10 1 4 14
4 19 0 8 2 5 135
4 19 0 7 8 0 9
4 19 0 6 3 6 82
4 19 0 5 9 1 175
4 19 0 4 4 7 153
4 19 0 3 10 2 48
4 19 0 2 5 8 48
4 19 0 1 11 3 67
4 19 0 1 0 14 35
4 19 0 0 6 9 152
4 18 13 2 0 1 113
4 18 13 0 1 2 22
4 18 11 5 0 0 83
4 18 11 3 1 1 49
4 18 11 1 2 2 1
4 18 10 1 0 5 159
4 18 10 0 6 0 22
4 18 9 6 1 0 155
4 18 9 4 2 1 160
4 18 9 2 3 2 40
4 18 9 0 4 3 197
4 18 8 4 0 4 84
4 18 8 2 1 5 47
4 18 8 1 7 0 99
4 18 8 0 2 6 189
4 18 7 7 2 0 36
4 18 7 5 3 1 133
4 18 7 3 4 2 183
4 18 7 1 5 3 139
4 18 7 0 0 9 25
4 18 6 7 0 3 56
4 18 6 5 1 4 176
4 18 6 3 2 5 178
4 18 6 2 8 0 66
4 18 6 1 3 6 13
4 18 6 0 9 1 60
4 18 5 8 3 0 135
4 18 5 6 4 1 36
4 18 5 4 5 2 111
4 18 5 3 0 8 38
4 18 5 2 6 3 16
4 18 5 1 1 9 49
4 18 5 0 7 4 57
4 18 4 10 0 2 198
4 18 4 8 1 3 149
4 18 4 6 2 4 4
4 18 4 4 3 5 64
4 18 4 3 9 0 112
4 18 4 2 4 6 30
4 18 4 1 10 1 151
4 18 4 0 5 7 80
4 18 3 9 4 0 112
4 18 3 7 5 1 33
4 18 3 6 0 7 122
4 18 3 5 6 2 138
4 18 3 4 1 8 60
4 18 3 3 7 3 41
4 18 3 2 2 9 94
4 18 3 1 8 4 31
4 18 3 0 3 10 131
4 18 2 13 0 1 30
4 18 2 11 1 2 168
4 18 2 9 2 3 115
4 18 2 7 3 4 186
4 18 2 5 4 5 194
4 18 2 4 10 0 152
4 18 2 3 5 6 28
4 18 2 2 11 1 139
4 18 2 2 0 12 154
4 18 2 1 6 7 193
4 18 2 0 12 2 162
4 18 2 0 1 13 138
4 18 1 10 5 0 76
4 18 1 9 0 6 84
4 18 1 8 6 1 80
4 18 1 7 1 7 89
4 18 1 6 7 2 15
4 18 1 5 2 8 133
4 18 1 4 8 3 57
4 18 1 3 3 9 120
4 18 1 2 9 4 192
4 18 1 1 4 10 87
4 18 1 0 10 5 78
4 18 0 16 0 0 142
4 18 0 14 1 1 143
4 18 0 12 2 2 87
4 18 0 10 3 3 24
4 18 0 8 4 4 9
4 18 0 6 5 5 88
4 18 0 5 11 0 150
4 18 0 5 0 11 166
4 18 0 4 6 6 129
4 18 0 3 12 1 3
4 18 0 3 1 12 60
4 18 0 2 7 7 10
4 18 0 1 13 2 198
4 18 0 1 2 13 66
4 18 0 0 8 8 35
4 17 17 0 0 0 8
4 17 15 1 1 0 94
4 17 13 2 2 0 101
4 17 13 0 3 1 74
4 17 12 2 0 3 12
4 17 12 0 1 4 66
4 17 11 3 3 0 181
4 17 11 1 4 1 122
4 17 10 5 0 2 121
4 17 10 3 1 3 149
4 17 10 1 2 4 153
4 17 9 4 4 0 75
4 17 9 2 5 1 87
4 17 9 1 0 7 29
4 17 9 0 6 2 110
4 17 8 8 0 1 165
4 17 8 6 1 2 190
4 17 8 4 2 3 93
4 17 8 2 3 4 181
4 17 8 0 4 5 106
4 17 7 5 5 0 198
4 17 7 4 0 6 162
4 17 7 3 6 1 172
4 17 7 2 1 7 161
4 17 7 1 7 2 59
4 17 7 0 2 8 158
4 17 6 11 0 0 21
4 17 6 9 1 1 104
4 17 6 7 2 2 97
4 17 6 5 3 3 178
4 17 6 3 4 4 140
4 17 6 1 5 5 50
4 17 6 0 11 0 19
4 17 6 0 0 11 14
4 17 5 7 0 5 88
4 17 5 6 6 0 25
4 17 5 5 1 6 83
4 17 5 4 7 1 62
4 17 5 3 2 7 37
4 17 5 2 8 2 52
4 17 5 1 3 8 19
4 17 5 0 9 3 198
4 17 4 12 1 0 13
4 17 4 10 2 1 6
4 17 4 8 3 2 131
4 17 4 6 4 3 134
4 17 4 4 5 4 166
4 17 4 3 0 10 197
4 17 4 2 6 5 90
4 17 4 1 12 0 177
4 17 4 1 1 11 80
4 17 4 0 7 6 23
4 17 3 10 0 4 194
4 17 3 8 1 5 110
4 17 3 7 7 0 124
4 17 3 6 2 6 120
4 17 3 5 8 1 169
4 17 3 4 3 7 106
4 17 3 3 9 2 173
4 17 3 2 4 8 171
4 17 3 1 10 3 132
4 17 3 0 5 9 31
4 17 2 13 2 0 174
4 17 2 11 3 1 13
4 17 2 9 4 2 76
4 17 2 7 5 3 41
4 17 2 6 0 9 177
4 17 2 5 6 4 88
4 17 2 4 1 10 176
4 17 2 3 7 5 14
4 17 2 2 13 0 190
4 17 2 2 2 11 72
4 17 2 1 8 6 56
4 17 2 0 14 1 126
4 17 2 0 3 12 183
4 17 1 13 0 3 33
4 17 1 11 1 4 57
4 17 1 9 2 5 16
4 17 1 8 8 0 122
4 17 1 7 3 6 56
4 17 1 6 9 1 33
4 17 1 5 4 7 176
4 17 1 4 10 2 94
4 17 1 3 5 8 78
4 17 1 2 11 3 13
4 17 1 2 0 14 64
4 17 1 1 6 9 154
4 17 1 0 12 4 19
4 17 1 0 1 15 145
4 17 0 14 3 0 107
4 17 0 12 4 1 6
4 17 0 10 5 2 132
4 17 0 9 0 8 182
4 17 0 8 6 3 81
4 17 0 7 1 9 84
4 17 0 6 7 4 71
4 17 0 5 2 10 36
4 17 0 4 8 5 174
4 17 0 3 14 0 60
4 17 0 3 3 11 131
4 17 0 2 9 6 174
4 17 0 1 15 1 14
4 17 0 1 4 12 58
4 17 0 0 10 7 3
4 16 16 0 0 2 150
4 16 14 3 0 1 104
4 16 14 1 1 2 24
4 16 13 0 5 0 131
4 16 12 6 0 0 139
4 16 12 4 1 1 48
4 16 12 2 2 2 123
4 16 12 0 3 3 182
4 16 11 2 0 5 57
4 16 11 1 6 0 80
4 16 11 0 1 6 62
4 16 10 7 1 0 110
4 16 10 5 2 1 36
4 16 10 3 3 2 18
4 16 10 1 4 3 97
4 16 9 5 0 4 28
4 16 9 3 1 5 93
4 16 9 2 7 0 149
4 16 9 1 2 6 88
4 16 9 0 8 1 32
4 16 8 8 2 0 149
4 16 8 6 3 1 191
4 16 8 4 4 2 18
4 16 8 2 5 3 81
4 16 8 1 0 9 6
4 16 8 0 6 4 110
4 16 7 8 0 3 40
4 16 7 6 1 4 90
4 16 7 4 2 5 50
4 16 7 3 8 0 6
4 16 7 2 3 6 57
4 16 7 1 9 1 62
4 16 7 0 4 7 132
4 16 6 9 3 0 178
4 16 6 7 4 1 70
4 16 6 5 5 2 54
4 16 6 4 0 8 110
4 16 6 3 6 3 98
4 16 6 2 1 9 100
4 16 6 1 7 4 123
4 16 6 0 2 10 62
4 16 5 11 0 2 143
4 16 5 9 1 3 22
4 16 5 7 2 4 106
4 16 5 5 3 5 197
4 16 5 4 9 0 124
4 16 5 3 4 6 125
4 16 5 2 10 1 195
4 16 5 1 5 7 11
4 16 5 0 11 2 2
4 16 5 0 0 13 1
4 16 4 10 4 0 191
4 16 4 8 5 1 136
4 16 4 7 0 7 133
4 16 4 6 6 2 69
4 16 4 5 1 8 47
4 16 4 4 7 3 159
4 16 4 3 2 9 20
4 16 4 2 8 4 45
4 16 4 1 3 10 91
4 16 4 0 9 5 196
4 16 3 14 0 1 160
4 16 3 12 1 2 86
4 16 3 10 2 3 128
4 16 3 8 3 4 113
4 16 3 6 4 5 152
4 16 3 4 5 6 126
4 16 3 3 11 1 46
4 16 3 3 0 12 9
4 16 3 2 6 7 180
4 16 3 1 12 2 150
4 16 3 1 1 13 5
4 16 3 0 7 8 125
4 16 2 11 5 0 35
4 16 2 10 0 6 139
4 16 2 9 6 1 184
4 16 2 8 1 7 46
4 16 2 7 7 2 96
4 16 2 6 2 8 41
4 16 2 5 8 3 52
4 16 2 4 3 9 56
4 16 2 3 9 4 109
4 16 2 2 4 10 79
4 16 2 1 10 5 2
4 16 2 0 16 0 78
4 16 2 0 5 11 23
4 16 1 17 0 0 14
4 16 1 15 1 1 50
4 16 1 13 2 2 187
4 16 1 11 3 3 80
4 16 1 9 4 4 150
4 16 1 7 5 5 41
4 16 1 6 11 0 154
4 16 1 6 0 11 142
4 16 1 5 6 6 35
4 16 1 4 12 1 120
4 16 1 4 1 12 134
4 16 1 3 7 7 197
4 16 1 2 13 2 182
4 16 1 2 2 13 110
4 16 1 1 8 8 61
4 16 1 0 14 3 170
4 16 1 0 3 14 165
4 16 0 13 0 5 190
4 16 0 12 6 0 102
4 16 0 11 1 6 180
4 16 0 10 7 1 152
4 16 0 9 2 7 157
4 16 0 8 8 2 136
4 16 0 7 3 8 153
4 16 0 6 9 3 5
4 16 0 5 4 9 121
4 16 0 4 10 4 132
4 16 0 3 5 10 15
4 16 0 2 11 5 40
4 16 0 2 0 16 21
4 16 0 1 17 0 156
4 16 0 1 6 11 157
4 16 0 0 12 6 159
4 16 0 0 1 17 94
4 15 18 1 0 0 181
4 15 16 2 1 0 178
4 15 16 0 2 1 68
4 15 15 0 0 4 187
4 15 14 3 2 0 14
4 15 14 1 3 1 22
4 15 13 3 0 3 11
4 15 13 1 1 4 20
4 15 12 4 3 0 26
4 15 12 2 4 1 170
4 15 12 0 5 2 92
4 15 11 6 0 2 48
4 15 11 4 1 3 40
4 15 11 2 2 4 107
4 15 11 0 3 5 57
4 15 10 5 4 0 161
4 15 10 3 5 1 74
4 15 10 2 0 7 74
4 15 10 1 6 2 19
4 15 10 0 1 8 62
4 15 9 9 0 1 2
4 15 9 7 1 2 11
4 15 9 5 2 3 41
4 15 9 3 3 4 110
4 15 9 1 4 5 102
4 15 9 0 10 0 5
4 15 8 6 5 0 129
4 15 8 5 0 6 120
4 15 8 4 6 1 133
4 15 8 3 1 7 169
4 15 8 2 7 2 17
4 15 8 1 2 8 6
4 15 8 0 8 3 114
4 15 7 12 0 0 192
4 15 7 10 1 1 119
4 15 7 8 2 2 105
4 15 7 6 3 3 112
4 15 7 4 4 4 41
4 15 7 2 5 5 84
4 15 7 1 11 0 197
4 15 7 1 0 11 6
4 15 7 0 6 6 130
4 15 6 8 0 5 93
4 15 6 7 6 0 158
4 15 6 6 1 6 75
4 15 6 5 7 1 81
4 15 6 4 2 7 82
4 15 6 3 8 2 134
4 15 6 2 3 8 68
4 15 6 1 9 3 189
4 15 6 0 4 9 27
4 15 5 13 1 0 56
4 15 5 11 2 1 139
4 15 5 9 3 2 174
4 15 5 5 5 4 45
4 15 5 4 0 10 12
4 15 5 3 6 5 91
4 15 5 2 12 0 178
4 15 5 2 1 11 129
4 15 5 1 7 6 114
4 15 5 0 13 1 87
4 15 5 0 2 12 112
4 15 4 11 0 4 58
4 15 4 9 1 5 13
4 15 4 8 7 0 123
4 15 4 7 2 6 98
4 15 4 6 8 1 104
4 15 4 5 3 7 59
4 15 4 4 9 2 156
4 15 4 3 4 8 53
4 15 4 2 10 3 18
4 15 4 1 5 9 85
4 15 4 0 11 4 121
4 15 4 0 0 15 182
4 15 3 14 2 0 109
4 15 3 12 3 1 68
4 15 3 10 4 2 182
4 15 3 8 5 3 157
4 15 3 7 0 9 52
4 15 3 6 6 4 49
4 15 3 5 1 10 83
4 15 3 4 7 5 100
4 15 3 3 13 0 139
4 15 3 3 2 11 9
4 15 3 2 8 6 170
4 15 3 1 14 1 115
4 15 3 1 3 12 27
4 15 3 0 9 7 29
4 15 2 14 0 3 107
4 15 2 12 1 4 178
4 15 2 10 2 5 56
4 15 2 9 8 0 47
4 15 2 8 3 6 163
4 15 2 7 9 1 170
4 15 2 6 4 7 55
4 15 2 5 10 2 168
4 15 2 4 5 8 19
4 15 2 3 11 3 156
4 15 2 3 0 14 17
4 15 2 2 6 9 173
4 15 2 1 12 4 63
4 15 2 1 1 15 110
4 15 2 0 7 10 191
4 15 1 15 3 0 177
4 15 1 13 4 1 54
4 15 1 11 5 2 29
4 15 1 10 0 8 13
4 15 1 9 6 3 136
4 15 1 8 1 9 123
4 15 1 7 7 4 33
4 15 1 6 2 10 67
4 15 1 5 8 5 100
4 15 1 4 14 0 13
4 15 1 4 3 11 119
4 15 1 3 9 6 6
4 15 1 2 15 1 172
4 15 1 2 4 12 137
4 15 1 1 10 7 120
4 15 1 0 5 13 95
4 15 0 17 0 2 103
4 15 0 15 1 3 159
4 15 0 13 2 4 63
4 15 0 11 3 5 110
4 15 0 10 9 0 7
4 15 0 9 4 6 88
4 15 0 8 10 1 83
4 15 0 7 5 7 106
4 15 0 6 11 2 189
4 15 0 6 0 13 19
4 15 0 5 6 8 129
4 15 0 4 12 3 181
4 15 0 4 1 14 5
4 15 0 3 7 9 127
4 15 0 2 13 4 50
4 15 0 2 2 15 20
4 15 0 1 8 10 128
4 15 0 0 14 5 98
4 15 0 0 3 16 25
4 14 17 1 0 2 92
4 14 16 0 4 0 159
4 14 15 4 0 1 161
4 14 15 2 1 2 151
4 14 15 0 2 3 196
4 14 14 1 5 0 182
4 14 14 0 0 6 139
4 14 13 7 0 0 63
4 14 13 5 1 1 145
4 14 13 3 2 2 185
4 14 13 1 3 3 126
4 14 12 3 0 5 9
4 14 12 2 6 0 170
4 14 12 1 1 6 50
4 14 12 0 7 1 101
4 14 11 8 1 0 148
4 14 11 6 2 1 13
4 14 11 4 3 2 161
4 14 11 2 4 3 11
4 14 11 0 5 4 131
4 14 10 6 0 4 117
4 14 10 4 1 5 82
4 14 10 3 7 0 141
4 14 10 2 2 6 143
4 14 10 1 8 1 34
4 14 10 0 3 7 109
4 14 9 9 2 0 197
4 14 9 7 3 1 68
4 14 9 5 4 2 189
4 14 9 3 5 3 24
4 14 9 2 0 9 52
4 14 9 1 6 4 166
4 14 9 0 1 10 133
4 14 8 9 0 3 91
4 14 8 7 1 4 139
4 14 8 5 2 5 172
4 14 8 4 8 0 173
4 14 8 3 3 6 141
4 14 8 2 9 1 30
4 14 8 1 4 7 37
4 14 8 0 10 2 5
4 14 7 10 3 0 17
4 14 7 8 4 1 10
4 14 7 6 5 2 106
4 14 7 5 0 8 101
4 14 7 4 6 3 140
4 14 7 3 1 9 111
4 14 7 2 7 4 194
4 14 7 1 2 10 17
4 14 7 0 8 5 173
4 14 6 12 0 2 88
4 14 6 10 1 3 26
4 14 6 8 2 4 168
4 14 6 6 3 5 125
4 14 6 5 9 0 44
4 14 6 4 4 6 55
4 14 6 3 10 1 63
4 14 6 2 5 7 190
4 14 6 1 11 2 11
4 14 6 1 0 13 79
4 14 6 0 6 8 27
4 14 5 11 4 0 103
4 14 5 9 5 1 94
4 14 5 8 0 7 160
4 14 5 7 6 2 59
4 14 5 6 1 8 195
4 14 5 5 7 3 192
4 14 5 4 2 9 145
4 14 5 3 8 4 173
4 14 5 2 3 10 172
4 14 5 1 9 5 41
4 14 5 0 15 0 60
4 14 5 0 4 11 39
4 14 4 15 0 1 174
4 14 4 13 1 2 103
4 14 4 11 2 3 76
4 14 4 9 3 4 181
4 14 4 7 4 5 26
4 14 4 6 10 0 82
4 14 4 5 5 6 150
4 14 4 4 11 1 66
4 14 4 4 0 12 169
4 14 4 3 6 7 152
4 14 4 2 12 2 70
4 14 4 2 1 13 140
4 14 4 1 7 8 196
4 14 4 0 13 3 94
4 14 4 0 2 14 83
4 14 3 12 5 0 178
4 14 3 11 0 6 36
4 14 3 10 6 1 2
4 14 3 9 1 7 165
4 14 3 8 7 2 101
4 14 3 7 2 8 170
4 14 3 6 8 3 125
4 14 3 5 3 9 79
4 14 3 4 9 4 27
4 14 3 3 4 10 132
4 14 3 2 10 5 182
4 14 3 1 16 0 80
4 14 3 1 5 11 189
4 14 3 0 11 6 15
4 14 3 0 0 17 138
4 14 2 18 0 0 130
4 14 2 16 1 1 91
4 14 2 14 2 2 119
4 14 2 12 3 3 182
4 14 2 10 4 4 123
4 14 2 8 5 5 43
4 14 2 7 11 0 77
4 14 2 7 0 11 36
4 14 2 6 6 6 16
4 14 2 5 12 1 54
4 14 2 5 1 12 40
4 14 2 4 7 7 67
4 14 2 3 13 2 151
4 14 2 3 2 13 115
4 14 2 2 8 8 63
4 14 2 1 14 3 22
4 14 2 1 3 14 103
4 14 2 0 9 9 180
4 14 1 14 0 5 3
4 14 1 13 6 0 181
4 14 1 12 1 6 19
4 14 1 11 7 1 180
4 14 1 10 2 7 173
4 14 1 9 8 2 134
4 14 1 8 3 8 168
4 14 1 7 9 3 88
4 14 1 6 4 9 83
4 14 1 5 10 4 184
4 14 1 4 5 10 189
4 14 1 3 11 5 70
4 14 1 3 0 16 147
4 14 1 2 17 0 195
4 14 1 2 6 11 134
4 14 1 1 12 6 5
4 14 1 1 1 17 164
4 14 1 0 18 1 32
4 14 1 0 7 12 79
4 14 0 19 1 0 126
4 14 0 17 2 1 132
4 14 0 15 3 2 98
4 14 0 13 4 3 34
4 14 0 11 5 4 169
4 14 0 10 0 10 37
4 14 0 9 6 5 55
4 14 0 8 12 0 160
4 14 0 8 1 11 189
4 14 0 7 7 6 43
4 14 0 6 13 1 129
4 14 0 6 2 12 186
4 14 0 5 8 7 22
4 14 0 4 14 2 114
4 14 0 4 3 13 41
4 14 0 3 9 8 132
4 14 0 2 15 3 112
4 14 0 2 4 14 26
4 14 0 1 10 9 62
4 14 0 0 16 4 173
4 14 0 0 5 15 66
4 13 19 2 0 0 76
4 13 19 0 1 1 91
4 13 17 3 1 0 98
4 13 17 1 2 1 8
4 13 16 1 0 4 137
4 13 15 4 2 0 50
4 13 15 2 3 1 151
4 13 15 0 4 2 122
4 13 14 4 0 3 4
4 13 14 2 1 4 160
4 13 14 0 2 5 56
4 13 13 5 3 0 93
4 13 13 3 4 1 54
4 13 13 1 5 2 167
4 13 13 0 0 8 24
4 13 12 7 0 2 51
4 13 12 5 1 3 84
4 13 12 3 2 4 40
4 13 12 1 3 5 7
4 13 12 0 9 0 95
4 13 11 6 4 0 181
4 13 11 4 5 1 159
4 13 11 3 0 7 100
4 13 11 2 6 2 164
4 13 11 1 1 8 40
4 13 11 0 7 3 4
4 13 10 10 0 1 76
4 13 10 8 1 2 101
4 13 10 6 2 3 90
4 13 10 4 3 4 39
4 13 10 2 4 5 166
4 13 10 1 10 0 55
4 13 10 0 5 6 183
4 13 9 7 5 0 135
4 13 9 6 0 6 148
4 13 9 5 6 1 19
4 13 9 4 1 7 111
4 13 9 3 7 2 193
4 13 9 2 2 8 12
4 13 9 1 8 3 123
4 13 9 0 3 9 30
4 13 8 13 0 0 97
4 13 8 11 1 1 30
4 13 8 9 2 2 36
4 13 8 7 3 3 196
4 13 8 5 4 4 59
4 13 8 3 5 5 172
4 13 8 2 11 0 151
4 13 8 2 0 11 36
4 13 8 1 6 6 10
4 13 8 0 12 1 50
4 13 8 0 1 12 142
4 13 7 9 0 5 50
4 13 7 8 6 0 19
4 13 7 7 1 6 71
4 13 7 6 7 1 8
4 13 7 5 2 7 36
4 13 7 4 8 2 160
4 13 7 3 3 8 196
4 13 7 2 9 3 42
4 13 7 1 4 9 138
4 13 7 0 10 4 180
4 13 6 14 1 0 12
4 13 6 12 2 1 164
4 13 6 10 3 2 104
4 13 6 8 4 3 118
4 13 6 6 5 4 163
4 13 6 5 0 10 141
4 13 6 4 6 5 93
4 13 6 3 12 0 129
4 13 6 3 1 11 87
4 13 6 2 7 6 178
4 13 6 1 13 1 40
4 13 6 1 2 12 150
4 13 6 0 8 7 12
4 13 5 12 0 4 59
4 13 5 10 1 5 55
4 13 5 9 7 0 131
4 13 5 8 2 6 76
4 13 5 7 8 1 160
4 13 5 6 3 7 29
4 13 5 5 9 2 22
4 13 5 4 4 8 112
4 13 5 3 10 3 127
4 13 5 2 5 9 33
4 13 5 1 11 4 163
4 13 5 1 0 15 45
4 13 5 0 6 10 130
4 13 4 15 2 0 38
4 13 4 13 3 1 108
4 13 4 11 4 2 194
4 13 4 9 5 3 51
4 13 4 8 0 9 150
4 13 4 7 6 4 135
4 13 4 6 1 10 35
4 13 4 5 7 5 116
4 13 4 4 13 0 54
4 13 4 4 2 11 96
4 13 4 3 8 6 48
4 13 4 2 14 1 18
4 13 4 2 3 12 122
4 13 4 1 9 7 87
4 13 4 0 15 2 168
4 13 4 0 4 13 49
4 13 3 15 0 3 87
4 13 3 13 1 4 18
4 13 3 11 2 5 171
4 13 3 10 8 0 13
4 13 3 9 3 6 49
4 13 3 8 9 1 34
4 13 3 7 4 7 62
4 13 3 6 10 2 84
4 13 3 5 5 8 68
4 13 3 4 11 3 78
4 13 3 4 0 14 139
4 13 3 3 6 9 161
4 13 3 2 12 4 179
4 13 3 2 1 15 42
4 13 3 1 7 10 103
4 13 3 0 13 5 51
4 13 3 0 2 16 56
4 13 2 16 3 0 41
4 13 2 14 4 1 52
4 13 2 12 5 2 7
4 13 2 11 0 8 129
4 13 2 10 6 3 85
4 13 2 9 1 9 105
4 13 2 8 7 4 37
4 13 2 7 2 10 193
4 13 2 6 8 5 184
4 13 2 5 14 0 163
4 13 2 5 3 11 128
4 13 2 4 9 6 87
4 13 2 3 15 1 153
4 13 2 3 4 12 48
4 13 2 2 10 7 87
4 13 2 1 16 2 154
4 13 2 1 5 13 85
4 13 2 0 11 8 126
4 13 2 0 0 19 166
4 13 1 18 0 2 29
4 13 1 16 1 3 170
4 13 1 14 2 4 16
4 13 1 12 3 5 85
4 13 1 11 9 0 184
4 13 1 10 4 6 126
4 13 1 9 10 1 143
4 13 1 8 5 7 88
4 13 1 7 11 2 121
4 13 1 7 0 13 56
4 13 1 6 6 8 173
4 13 1 5 12 3 53
4 13 1 5 1 14 184
4 13 1 4 7 9 23
4 13 1 3 13 4 128
4 13 1 3 2 15 14
4 13 1 2 8 10 35
4 13 1 1 14 5 142
4 13 1 1 3 16 80
4 13 1 0 20 0 56
4 13 1 0 9 11 48
4 13 0 17 4 0 123
4 13 0 15 5 1 14
4 13 0 14 0 7 184
4 13 0 13 6 2 140
4 13 0 12 1 8 99
4 13 0 11 7 3 133
4 13 0 10 2 9 127
4 13 0 9 8 4 30
4 13 0 8 3 10 133
4 13 0 7 9 5 179
4 13 0 6 15 0 33
4 13 0 6 4 11 135
4 13 0 5 10 6 50
4 13 0 4 16 1 164
4 13 0 4 5 12 174
4 13 0 3 11 7 146
4 13 0 3 0 18 159
4 13 0 2 17 2 28
4 13 0 2 6 13 113
4 13 0 1 12 8 171
4 13 0 1 1 19 103
4 13 0 0 18 3 75
4 13 0 0 7 14 32
4 12 19 0 3 0 140
4 12 18 2 0 2 179
4 12 18 0 1 3 44
4 12 17 1 4 0 194
4 12 16 5 0 1 105
4 12 16 3 1 2 131
4 12 16 1 2 3 53
4 12 15 2 5 0 167
4 12 15 1 0 6 158
4 12 15 0 6 1 117
4 12 14 8 0 0 191
4 12 14 6 1 1 55
4 12 14 4 2 2 27
4 12 14 2 3 3 172
4 12 14 0 4 4 24
4 12 13 4 0 5 196
4 12 13 3 6 0 39
4 12 13 2 1 6 74
4 12 13 1 7 1 110
4 12 13 0 2 7 106
4 12 12 9 1 0 83
4 12 12 7 2 1 148
4 12 12 5 3 2 59
4 12 12 3 4 3 127
4 12 12 1 5 4 72
4 12 12 0 0 10 68
4 12 11 7 0 4 179
4 12 11 5 1 5 149
4 12 11 4 7 0 144
4 12 11 3 2 6 146
4 12 11 2 8 1 190
4 12 11 1 3 7 28
4 12 11 0 9 2 169
4 12 10 10 2 0 87
4 12 10 8 3 1 80
4 12 10 6 4 2 104
4 12 10 4 5 3 79
4 12 10 3 0 9 9
4 12 10 2 6 4 185
4 12 10 1 1 10 50
4 12 10 0 7 5 122
4 12 9 10 0 3 187
4 12 9 8 1 4 106
4 12 9 6 2 5 110
4 12 9 5 8 0 98
4 12 9 4 3 6 167
4 12 9 3 9 1 72
4 12 9 2 4 7 16
4 12 9 1 10 2 147
4 12 9 0 5 8 37
4 12 8 11 3 0 126
4 12 8 9 4 1 158
4 12 8 7 5 2 169
4 12 8 6 0 8 125
4 12 8 5 6 3 137
4 12 8 4 1 9 63
4 12 8 3 7 4 52
4 12 8 2 2 10 138
4 12 8 1 8 5 51
4 12 8 0 14 0 155
4 12 8 0 3 11 135
4 12 7 13 0 2 179
4 12 7 11 1 3 104
4 12 7 9 2 4 15
4 12 7 7 3 5 115
4 12 7 6 9 0 136
4 12 7 5 4 6 97
4 12 7 4 10 1 131
4 12 7 3 5 7 55
4 12 7 2 11 2 111
4 12 7 2 0 13 167
4 12 7 1 6 8 91
4 12 7 0 12 3 62
4 12 7 0 1 14 67
4 12 6 12 4 0 138
4 12 6 10 5 1 114
4 12 6 9 0 7 94
4 12 6 8 6 2 23
4 12 6 7 1 8 180
4 12 6 6 7 3 101
4 12 6 5 2 9 116
4 12 6 4 8 4 32
4 12 6 3 3 10 35
4 12 6 2 9 5 146
4 12 6 1 15 0 47
4 12 6 1 4 11 58
4 12 6 0 10 6 62
4 12 5 16 0 1 96
4 12 5 14 1 2 67
4 12 5 12 2 3 1
4 12 5 10 3 4 6
4 12 5 8 4 5 42
4 12 5 7 10 0 48
4 12 5 6 5 6 81
4 12 5 5 11 1 185
4 12 5 5 0 12 54
4 12 5 4 6 7 65
4 12 5 3 12 2 65
4 12 5 3 1 13 33
4 12 5 2 7 8 104
4 12 5 1 13 3 23
4 12 5 1 2 14 33
4 12 5 0 8 9 50
4 12 4 13 5 0 149
4 12 4 12 0 6 43
4 12 4 11 6 1 95
4 12 4 10 1 7 156
4 12 4 9 7 2 187
4 12 4 8 2 8 26
4 12 4 7 8 3 138
4 12 4 6 3 9 173
4 12 4 5 9 4 191
4 12 4 4 4 10 95
4 12 4 3 10 5 122
4 12 4 2 16 0 23
4 12 4 2 5 11 81
4 12 4 1 11 6 23
4 12 4 1 0 17 83
4 12 4 0 17 1 97
4 12 4 0 6 12 109
4 12 3 19 0 0 192
4 12 3 17 1 1 160
4 12 3 15 2 2 103
4 12 3 13 3 3 87
4 12 3 11 4 4 25
4 12 3 9 5 5 135
4 12 3 8 11 0 42
4 12 3 8 0 11 125
4 12 3 7 6 6 9
4 12 3 6 12 1 9
4 12 3 6 1 12 81
4 12 3 5 7 7 145
4 12 3 4 13 2 179
4 12 3 4 2 13 160
4 12 3 3 8 8 9
4 12 3 2 14 3 26
4 12 3 2 3 14 157
4 12 3 1 9 9 185
4 12 3 0 15 4 155
4 12 3 0 4 15 45
4 12 2 15 0 5 115
4 12 2 14 6 0 36
4 12 2 13 1 6 127
4 12 2 12 7 1 172
4 12 2 11 2 7 17
4 12 2 10 8 2 160
4 12 2 9 3 8 178
4 12 2 8 9 3 2
4 12 2 7 4 9 188
4 12 2 6 10 4 107
4 12 2 5 5 10 46
4 12 2 4 11 5 156
4 12 2 4 0 16 177
4 12 2 3 17 0 150
4 12 2 3 6 11 111
4 12 2 2 12 6 36
4 12 2 2 1 17 62
4 12 2 1 18 1 45
4 12 2 1 7 12 46
4 12 2 0 13 7 128
4 12 2 0 2 18 15
4 12 1 20 1 0 114
4 12 1 18 2 1 197
4 12 1 16 3 2 36
4 12 1 14 4 3 124
4 12 1 12 5 4 194
4 12 1 11 0 10 106
4 12 1 10 6 5 109
4 12 1 9 12 0 186
4 12 1 9 1 11 128
4 12 1 8 7 6 172
4 12 1 7 13 1 168
4 12 1 7 2 12 84
4 12 1 6 8 7 152
4 12 1 5 14 2 48
4 12 1 5 3 13 153
4 12 1 4 9 8 74
4 12 1 3 15 3 72
4 12 1 3 4 14 108
4 12 1 2 10 9 161
4 12 1 1 16 4 35
4 12 1 1 5 15 167
4 12 1 0 11 10 4
4 12 1 0 0 21 91
4 12 0 18 0 4 157
4 12 0 16 1 5 66
4 12 0 15 7 0 67
4 12 0 14 2 6 193
4 12 0 13 8 1 26
4 12 0 12 3 7 187
4 12 0 11 9 2 128
4 12 0 10 4 8 136
4 12 0 9 10 3 197
4 12 0 8 5 9 81
4 12 0 7 11 4 144
4 12 0 7 0 15 12
4 12 0 6 6 10 4
4 12 0 5 12 5 149
4 12 0 5 1 16 97
4 12 0 4 18 0 81
4 12 0 4 7 11 110
4 12 0 3 13 6 147
4 12 0 3 2 17 129
4 12 0 2 19 1 64
4 12 0 2 8 12 42
4 12 0 1 14 7 181
4 12 0 1 3 18 173
4 12 0 0 20 2 72
4 12 0 0 9 13 53
4 11 22 0 0 1 43
4 11 20 3 0 0 149
4 11 20 1 1 1 149
4 11 18 4 1 0 29
4 11 18 2 2 1 85
4 11 18 0 3 2 150
4 11 17 2 0 4 180
4 11 17 0 1 5 63
4 11 16 5 2 0 184
4 11 16 3 3 1 86
4 11 16 1 4 2 56
4 11 15 5 0 3 11
4 11 15 3 1 4 129
4 11 15 1 2 5 58
4 11 15 0 8 0 115
4 11 14 6 3 0 188
4 11 14 4 4 1 61
4 11 14 2 5 2 169
4 11 14 1 0 8 192
4 11 14 0 6 3 105
4 11 13 8 0 2 131
4 11 13 6 1 3 185
4 11 13 4 2 4 74
4 11 13 2 3 5 31
4 11 13 1 9 0 79
4 11 13 0 4 6 134
4 11 12 7 4 0 13
4 11 12 5 5 1 89
4 11 12 4 0 7 79
4 11 12 3 6 2 137
4 11 12 2 1 8 100
4 11 12 1 7 3 179
4 11 12 0 2 9 88
4 11 11 11 0 1 74
4 11 11 9 1 2 52
4 11 11 7 2 3 8
4 11 11 5 3 4 45
4 11 11 3 4 5 97
4 11 11 2 10 0 11
4 11 11 1 5 6 168
4 11 11 0 11 1 138
4 11 11 0 0 12 10
4 11 10 8 5 0 88
4 11 10 7 0 6 82
4 11 10 6 6 1 13
4 11 10 5 1 7 123
4 11 10 4 7 2 98
4 11 10 3 2 8 84
4 11 10 2 8 3 101
4 11 10 1 3 9 21
4 11 10 0 9 4 90
4 11 9 14 0 0 70
4 11 9 12 1 1 66
4 11 9 10 2 2 101
4 11 9 8 3 3 153
4 11 9 6 4 4 66
4 11 9 4 5 5 189
4 11 9 3 11 0 99
4 11 9 3 0 11 73
4 11 9 2 6 6 177
4 11 9 1 12 1 160
4 11 9 1 1 12 72
4 11 9 0 7 7 60
4 11 8 10 0 5 77
4 11 8 9 6 0 50
4 11 8 8 1 6 35
4 11 8 7 7 1 180
4 11 8 6 2 7 128
4 11 8 5 8 2 61
4 11 8 4 3 8 49
4 11 8 3 9 3 86
4 11 8 2 4 9 168
4 11 8 1 10 4 7
4 11 8 0 5 10 61
4 11 7 15 1 0 162
4 11 7 13 2 1 77
4 11 7 11 3 2 104
4 11 7 9 4 3 114
4 11 7 7 5 4 148
4 11 7 6 0 10 30
4 11 7 5 6 5 2
4 11 7 4 12 0 114
4 11 7 4 1 11 169
4 11 7 3 7 6 136
4 11 7 2 13 1 35
4 11 7 2 2 12 153
4 11 7 1 8 7 8
4 11 7 0 14 2 17
4 11 7 0 3 13 19
4 11 6 13 0 4 7
4 11 6 11 1 5 105
4 11 6 10 7 0 138
4 11 6 9 2 6 111
4 11 6 8 8 1 39
4 11 6 7 3 7 56
4 11 6 6 9 2 156
4 11 6 5 4 8 67
4 11 6 4 10 3 52
4 11 6 3 5 9 68
4 11 6 2 11 4 160
4 11 6 2 0 15 189
4 11 6 1 6 10 162
4 11 6 0 12 5 174
4 11 6 0 1 16 175
4 11 5 16 2 0 75
4 11 5 14 3 1 72
4 11 5 12 4 2 172
4 11 5 10 5 3 83
4 11 5 9 0 9 99
4 11 5 8 6 4 169
4 11 5 7 1 10 36
4 11 5 6 7 5 87
4 11 5 5 13 0 167
4 11 5 5 2 11 49
4 11 5 4 8 6 76
4 11 5 3 14 1 97
4 11 5 3 3 12 66
4 11 5 2 9 7 189
4 11 5 1 15 2 152
4 11 5 1 4 13 117
4 11 5 0 10 8 134
4 11 4 16 0 3 165
4 11 4 14 1 4 176
4 11 4 12 2 5 158
4 11 4 11 8 0 135
4 11 4 10 3 6 106
4 11 4 9 9 1 129
4 11 4 8 4 7 22
4 11 4 7 10 2 2
4 11 4 6 5 8 66
4 11 4 5 11 3 180
4 11 4 5 0 14 144
4 11 4 4 6 9 61
4 11 4 3 12 4 134
4 11 4 3 1 15 82
4 11 4 2 7 10 136
4 11 4 1 13 5 41
4 11 4 1 2 16 106
4 11 4 0 19 0 48
4 11 4 0 8 11 165
4 11 3 17 3 0 126
4 11 3 15 4 1 8
4 11 3 13 5 2 125
4 11 3 12 0 8 98
4 11 3 11 6 3 24
4 11 3 10 1 9 129
4 11 3 9 7 4 100
4 11 3 8 2 10 105
4 11 3 7 8 5 172
4 11 3 6 14 0 62
4 11 3 6 3 11 101
4 11 3 5 9 6 66
4 11 3 4 15 1 10
4 11 3 4 4 12 50
4 11 3 3 10 7 184
4 11 3 2 16 2 152
4 11 3 2 5 13 74
4 11 3 1 11 8 28
4 11 3 1 0 19 12
4 11 3 0 17 3 3
4 11 3 0 6 14 134
4 11 2 19 0 2 23
4 11 2 17 1 3 52
4 11 2 15 2 4 106
4 11 2 13 3 5 32
4 11 2 12 9 0 153
4 11 2 11 4 6 181
4 11 2 10 10 1 155
4 11 2 9 5 7 64
4 11 2 8 11 2 86
4 11 2 8 0 13 102
4 11 2 7 6 8 192
4 11 2 6 12 3 79
4 11 2 6 1 14 145
4 11 2 5 7 9 130
4 11 2 4 13 4 32
4 11 2 4 2 15 88
4 11 2 3 8 10 22
4 11 2 2 14 5 128
4 11 2 2 3 16 141
4 11 2 1 20 0 39
4 11 2 1 9 11 92
4 11 2 0 15 6 80
4 11 2 0 4 17 19
4 11 1 18 4 0 46
4 11 1 16 5 1 74
4 11 1 15 0 7 70
4 11 1 14 6 2 189
4 11 1 13 1 8 165
4 11 1 12 7 3 77
4 11 1 11 2 9 80
4 11 1 10 8 4 73
4 11 1 9 3 10 53
4 11 1 8 9 5 161
4 11 1 7 15 0 159
4 11 1 7 4 11 48
4 11 1 6 10 6 133
4 11 1 5 16 1 12
4 11 1 5 5 12 35
4 11 1 4 11 7 74
4 11 1 4 0 18 58
4 11 1 3 17 2 112
4 11 1 3 6 13 116
4 11 1 2 12 8 37
4 11 1 2 1 19 64
4 11 1 1 18 3 157
4 11 1 1 7 14 57
4 11 1 0 13 9 182
4 11 1 0 2 20 50
4 11 0 22 0 1 167
4 11 0 20 1 2 20
4 11 0 18 2 3 58
4 11 0 16 3 4 13
4 11 0 14 4 5 186
4 11 0 13 10 0 152
4 11 0 12 5 6 168
4 11 0 11 11 1 85
4 11 0 11 0 12 130
4 11 0 10 6 7 40
4 11 0 9 12 2 165
4 11 0 9 1 13 51
4 11 0 8 7 8 40
4 11 0 7 13 3 51
4 11 0 7 2 14 80
4 11 0 6 8 9 53
4 11 0 5 14 4 168
4 11 0 5 3 15 1
4 11 0 4 9 10 64
4 11 0 3 15 5 108
4 11 0 3 4 16 175
4 11 0 2 21 0 119
4 11 0 2 10 11 144
4 11 0 1 16 6 41
4 11 0 1 5 17 90
4 11 0 0 22 1 29
4 11 0 0 11 12 186
4 11 0 0 0 23 25
4 10 22 0 2 0 105
4 10 21 0 0 3 42
4 10 20 1 3 0 161
4 10 19 3 0 2 181
4 10 19 1 1 3 136
4 10 18 2 4 0 189
4 10 18 0 5 1 38
4 10 17 6 0 1 107
4 10 17 4 1 2 13
4 10 17 2 2 3 24
4 10 17 0 3 4 49
4 10 16 3 5 0 160
4 10 16 2 0 6 39
4 10 16 1 6 1 49
4 10 16 0 1 7 71
4 10 15 9 0 0 26
4 10 15 7 1 1 110
4 10 15 5 2 2 99
4 10 15 3 3 3 173
4 10 15 1 4 4 59
4 10 14 5 0 5 125
4 10 14 4 6 0 46
4 10 14 3 1 6 67
4 10 14 2 7 1 63
4 10 14 1 2 7 86
4 10 14 0 8 2 71
4 10 13 10 1 0 25
4 10 13 8 2 1 111
4 10 13 6 3 2 84
4 10 13 4 4 3 167
4 10 13 2 5 4 84
4 10 13 1 0 10 68
4 10 13 0 6 5 12
4 10 12 8 0 4 142
4 10 12 6 1 5 175
4 10 12 5 7 0 171
4 10 12 4 2 6 140
4 10 12 3 8 1 153
4 10 12 2 3 7 160
4 10 12 1 9 2 94
4 10 12 0 4 8 44
4 10 11 11 2 0 147
4 10 11 9 3 1 63
4 10 11 7 4 2 97
4 10 11 5 5 3 120
4 10 11 4 0 9 178
4 10 11 3 6 4 3
4 10 11 2 1 10 183
4 10 11 1 7 5 101
4 10 11 0 13 0 195
4 10 11 0 2 11 87
4 10 10 11 0 3 12
4 10 10 9 1 4 184
4 10 10 7 2 5 66
4 10 10 6 8 0 93
4 10 10 5 3 6 116
4 10 10 4 9 1 190
4 10 10 3 4 7 138
4 10 10 2 10 2 86
4 10 10 1 5 8 81
4 10 10 0 11 3 176
4 10 10 0 0 14 131
4 10 9 12 3 0 124
4 10 9 10 4 1 133
4 10 9 8 5 2 87
4 10 9 7 0 8 193
4 10 9 6 6 3 66
4 10 9 5 1 9 183
4 10 9 4 7 4 191
4 10 9 3 2 10 122
4 10 9 2 8 5 33
4 10 9 1 14 0 33
4 10 9 1 3 11 80
4 10 9 0 9 6 66
4 10 8 14 0 2 143
4 10 8 12 1 3 197
4 10 8 10 2 4 127
4 10 8 8 3 5 68
4 10 8 7 9 0 37
4 10 8 6 4 6 141
4 10 8 5 10 1 138
4 10 8 4 5 7 150
4 10 8 3 11 2 108
4 10 8 3 0 13 118
4 10 8 2 6 8 77
4 10 8 1 12 3 22
4 10 8 1 1 14 90
4 10 8 0 7 9 97
4 10 7 13 4 0 81
4 10 7 11 5 1 156
4 10 7 10 0 7 2
4 10 7 9 6 2 68
4 10 7 8 1 8 172
4 10 7 7 7 3 72
4 10 7 6 2 9 143
4 10 7 5 8 4 41
4 10 7 4 3 10 106
4 10 7 3 9 5 159
4 10 7 2 15 0 164
4 10 7 2 4 11 14
4 10 7 1 10 6 131
4 10 7 0 16 1 62
4 10 7 0 5 12 90
4 10 6 17 0 1 7
4 10 6 15 1 2 197
4 10 6 13 2 3 30
4 10 6 11 3 4 8
4 10 6 9 4 5 171
4 10 6 8 10 0 32
4 10 6 7 5 6 163
4 10 6 6 11 1 119
4 10 6 6 0 12 56
4 10 6 5 6 7 183
4 10 6 4 12 2 4
4 10 6 4 1 13 19
4 10 6 3 7 8 150
4 10 6 2 13 3 189
4 10 6 2 2 14 89
4 10 6 1 8 9 114
4 10 6 0 14 4 96
4 10 6 0 3 15 142
4 10 5 14 5 0 13
4 10 5 13 0 6 144
4 10 5 12 6 1 48
4 10 5 11 1 7 10
4 10 5 10 7 2 94
4 10 5 9 2 8 181
4 10 5 8 8 3 176
4 10 5 7 3 9 157
4 10 5 6 9 4 69
4 10 5 5 4 10 141
4 10 5 4 10 5 80
4 10 5 3 16 0 32
4 10 5 3 5 11 61
4 10 5 2 11 6 56
4 10 5 2 0 17 108
4 10 5 1 17 1 47
4 10 5 1 6 12 34
4 10 5 0 12 7 33
4 10 5 0 1 18 154
4 10 4 20 0 0 47
4 10 4 18 1 1 2
4 10 4 16 2 2 97
4 10 4 14 3 3 89
4 10 4 12 4 4 12
4 10 4 10 5 5 18
4 10 4 9 11 0 160
4 10 4 9 0 11 72
4 10 4 8 6 6 97
4 10 4 7 12 1 129
4 10 4 7 1 12 161
4 10 4 6 7 7 59
4 10 4 5 13 2 119
4 10 4 5 2 13 67
4 10 4 4 8 8 115
4 10 4 3 14 3 3
4 10 4 3 3 14 52
4 10 4 2 9 9 123
4 10 4 1 15 4 134
4 10 4 1 4 15 150
4 10 4 0 10 10 172
4 10 3 16 0 5 94
4 10 3 15 6 0 141
4 10 3 14 1 6 127
4 10 3 13 7 1 91
4 10 3 12 2 7 58
4 10 3 11 8 2 12
4 10 3 10 3 8 129
4 10 3 9 9 3 55
4 10 3 8 4 9 132
4 10 3 7 10 4 11
4 10 3 6 5 10 85
4 10 3 5 11 5 48
4 10 3 5 0 16 196
4 10 3 4 17 0 58
4 10 3 4 6 11 97
4 10 3 3 12 6 183
4 10 3 3 1 17 58
4 10 3 2 18 1 72
4 10 3 2 7 12 158
4 10 3 1 13 7 127
4 10 3 1 2 18 162
4 10 3 0 19 2 188
4 10 3 0 8 13 108
4 10 2 21 1 0 41
4 10 2 19 2 1 116
4 10 2 17 3 2 52
4 10 2 15 4 3 177
4 10 2 13 5 4 190
4 10 2 12 0 10 176
4 10 2 11 6 5 38
4 10 2 10 12 0 34
4 10 2 10 1 11 76
4 10 2 9 7 6 19
4 10 2 8 13 1 108
4 10 2 8 2 12 116
4 10 2 7 8 7 175
4 10 2 6 14 2 197
4 10 2 6 3 13 197
4 10 2 5 9 8 158
4 10 2 4 15 3 65
4 10 2 4 4 14 142
4 10 2 3 10 9 115
4 10 2 2 16 4 97
4 10 2 2 5 15 23
4 10 2 1 11 10 89
4 10 2 1 0 21 126
4 10 2 0 17 5 91
4 10 2 0 6 16 107
4 10 1 19 0 4 24
4 10 1 17 1 5 42
4 10 1 16 7 0 17
4 10 1 15 2 6 92
4 10 1 14 8 1 137
4 10 1 13 3 7 153
4 10 1 12 9 2 182
4 10 1 11 4 8 174
4 10 1 10 10 3 23
4 10 1 9 5 9 187
4 10 1 8 11 4 155
4 10 1 8 0 15 191
4 10 1 7 6 10 122
4 10 1 6 12 5 48
4 10 1 6 1 16 93
4 10 1 5 18 0 96
4 10 1 5 7 11 51
4 10 1 4 13 6 7
4 10 1 4 2 17 194
4 10 1 3 19 1 21
4 10 1 3 8 12 81
4 10 1 2 14 7 17
4 10 1 2 3 18 123
4 10 1 1 20 2 29
4 10 1 1 9 13 26
4 10 1 0 15 8 95
4 10 1 0 4 19 32
4 10 0 22 2 0 144
4 10 0 20 3 1 98
4 10 0 18 4 2 9
4 10 0 16 5 3 165
4 10 0 15 0 9 157
4 10 0 14 6 4 10
4 10 0 13 1 10 36
4 10 0 12 7 5 29
4 10 0 11 13 0 175
4 10 0 11 2 11 142
4 10 0 10 8 6 198
4 10 0 9 14 1 22
4 10 0 9 3 12 123
4 10 0 8 9 7 21
4 10 0 7 15 2 61
4 10 0 7 4 13 121
4 10 0 6 10 8 63
4 10 0 5 16 3 96
4 10 0 5 5 14 15
4 10 0 4 11 9 167
4 10 0 4 0 20 77
4 10 0 3 17 4 139
4 10 0 3 6 15 46
4 10 0 2 12 10 121
4 10 0 2 1 21 55
4 10 0 1 18 5 104
4 10 0 1 7 16 149
4 10 0 0 24 0 82
4 10 0 0 13 11 147
4 10 0 0 2 22 36
4 9 23 1 0 1 117
4 9 21 4 0 0 94
4 9 21 2 1 1 5
4 9 21 0 2 2 183
4 9 20 0 0 5 87
4 9 19 5 1 0 96
4 9 19 3 2 1 78
4 9 19 1 3 2 47
4 9 18 3 0 4 115
4 9 18 1 1 5 51
4 9 18 0 7 0 189
4 9 17 6 2 0 65
4 9 17 4 3 1 76
4 9 17 2 4 2 156
4 9 17 0 5 3 12
4 9 16 6 0 3 171
4 9 16 4 1 4 158
4 9 16 2 2 5 194
4 9 16 1 8 0 119
4 9 16 0 3 6 34
4 9 15 7 3 0 174
4 9 15 5 4 1 73
4 9 15 3 5 2 94
4 9 15 2 0 8 26
4 9 15 1 6 3 76
4 9 15 0 1 9 178
4 9 14 9 0 2 182
4 9 14 7 1 3 33
4 9 14 5 2 4 61
4 9 14 3 3 5 6
4 9 14 2 9 0 106
4 9 14 1 4 6 65
4 9 14 0 10 1 153
4 9 13 8 4 0 147
4 9 13 6 5 1 190
4 9 13 5 0 7 79
4 9 13 4 6 2 118
4 9 13 3 1 8 95
4 9 13 2 7 3 23
4 9 13 1 2 9 41
4 9 13 0 8 4 193
4 9 12 12 0 1 129
4 9 12 10 1 2 2
4 9 12 8 2 3 35
4 9 12 6 3 4 178
4 9 12 4 4 5 87
4 9 12 3 10 0 83
4 9 12 2 5 6 22
4 9 12 1 11 1 131
4 9 12 1 0 12 17
4 9 12 0 6 7 79
4 9 11 9 5 0 27
4 9 11 8 0 6 156
4 9 11 7 6 1 83
4 9 11 6 1 7 177
4 9 11 5 7 2 134
4 9 11 4 2 8 75
4 9 11 3 8 3 187
4 9 11 2 3 9 37
4 9 11 1 9 4 155
4 9 11 0 4 10 112
4 9 10 15 0 0 32
4 9 10 13 1 1 3
4 9 10 11 2 2 76
4 9 10 9 3 3 90
4 9 10 7 4 4 137
4 9 10 5 5 5 77
4 9 10 4 11 0 141
4 9 10 4 0 11 143
4 9 10 3 6 6 1
4 9 10 2 12 1 118
4 9 10 2 1 12 172
4 9 10 1 7 7 8
4 9 10 0 13 2 10
4 9 10 0 2 13 61
4 9 9 11 0 5 166
4 9 9 10 6 0 112
4 9 9 9 1 6 14
4 9 9 8 7 1 178
4 9 9 7 2 7 160
4 9 9 6 8 2 29
4 9 9 5 3 8 96
4 9 9 4 9 3 17
4 9 9 3 4 9 149
4 9 9 2 10 4 38
4 9 9 1 5 10 169
4 9 9 0 11 5 13
4 9 9 0 0 16 125
4 9 8 16 1 0 138
4 9 8 14 2 1 34
4 9 8 12 3 2 54
4 9 8 10 4 3 187
4 9 8 8 5 4 192
4 9 8 7 0 10 3
4 9 8 6 6 5 88
4 9 8 5 12 0 7
4 9 8 5 1 11 191
4 9 8 4 7 6 158
4 9 8 3 13 1 156
4 9 8 3 2 12 89
4 9 8 2 8 7 44
4 9 8 1 14 2 180
4 9 8 1 3 13 57
4 9 8 0 9 8 11
4 9 7 14 0 4 196
4 9 7 12 1 5 123
4 9 7 11 7 0 195
4 9 7 10 2 6 157
4 9 7 9 8 1 163
4 9 7 8 3 7 55
4 9 7 7 9 2 44
4 9 7 6 4 8 147
4 9 7 5 10 3 72
4 9 7 4 5 9 30
4 9 7 3 11 4 11
4 9 7 3 0 15 20
4 9 7 2 6 10 97
4 9 7 1 12 5 156
4 9 7 1 1 16 144
4 9 7 0 18 0 5
4 9 7 0 7 11 144
4 9 6 17 2 0 107
4 9 6 15 3 1 196
4 9 6 13 4 2 9
4 9 6 11 5 3 99
4 9 6 10 0 9 174
4 9 6 9 6 4 61
4 9 6 8 1 10 177
4 9 6 7 7 5 93
4 9 6 6 13 0 40
4 9 6 6 2 11 189
4 9 6 5 8 6 120
4 9 6 4 14 1 149
4 9 6 4 3 12 177
4 9 6 3 9 7 31
4 9 6 2 15 2 94
4 9 6 2 4 13 21
4 9 6 1 10 8 81
4 9 6 0 16 3 23
4 9 6 0 5 14 106
4 9 5 17 0 3 96
4 9 5 15 1 4 164
4 9 5 13 2 5 39
4 9 5 12 8 0 174
4 9 5 11 3 6 66
4 9 5 10 9 1 17
4 9 5 9 4 7 109
4 9 5 8 10 2 123
4 9 5 7 5 8 125
4 9 5 6 11 3 193
4 9 5 6 0 14 167
4 9 5 5 6 9 44
4 9 5 4 12 4 96
4 9 5 4 1 15 100
4 9 5 3 7 10 94
4 9 5 2 13 5 12
4 9 5 2 2 16 63
4 9 5 1 19 0 104
4 9 5 1 8 11 158
4 9 5 0 14 6 5
4 9 5 0 3 17 47
4 9 4 18 3 0 33
4 9 4 16 4 1 197
4 9 4 14 5 2 112
4 9 4 13 0 8 27
4 9 4 12 6 3 187
4 9 4 11 1 9 36
4 9 4 10 7 4 156
4 9 4 9 2 10 107
4 9 4 8 8 5 41
4 9 4 7 14 0 187
4 9 4 7 3 11 71
4 9 4 6 9 6 137
4 9 4 5 15 1 54
4 9 4 5 4 12 145
4 9 4 4 10 7 49
4 9 4 3 16 2 104
4 9 4 3 5 13 67
4 9 4 2 11 8 154
4 9 4 2 0 19 33
4 9 4 1 17 3 50
4 9 4 1 6 14 191
4 9 4 0 12 9 168
4 9 4 0 1 20 8
4 9 3 20 0 2 167
4 9 3 18 1 3 27
4 9 3 16 2 4 170
4 9 3 14 3 5 19
4 9 3 13 9 0 146
4 9 3 12 4 6 31
4 9 3 11 10 1 121
4 9 3 10 5 7 147
4 9 3 9 11 2 153
4 9 3 9 0 13 107
4 9 3 8 6 8 131
4 9 3 7 12 3 181
4 9 3 7 1 14 65
4 9 3 6 7 9 61
4 9 3 5 13 4 179
4 9 3 5 2 15 139
4 9 3 4 8 10 184
4 9 3 3 14 5 139
4 9 3 3 3 16 75
4 9 3 2 20 0 104
4 9 3 2 9 11 50
4 9 3 1 15 6 20
4 9 3 1 4 17 176
4 9 3 0 21 1 148
4 9 3 0 10 12 38
4 9 2 19 4 0 144
4 9 2 17 5 1 10
4 9 2 16 0 7 68
4 9 2 15 6 2 147
4 9 2 14 1 8 52
4 9 2 13 7 3 49
4 9 2 12 2 9 17
4 9 2 11 8 4 129
4 9 2 10 3 10 175
4 9 2 9 9 5 38
4 9 2 8 15 0 85
4 9 2 8 4 11 25
4 9 2 7 10 6 134
4 9 2 6 16 1 91
4 9 2 6 5 12 53
4 9 2 5 11 7 195
4 9 2 5 0 18 39
4 9 2 4 17 2 143
4 9 2 4 6 13 1
4 9 2 3 12 8 1
4 9 2 3 1 19 185
4 9 2 2 18 3 1
4 9 2 2 7 14 184
4 9 2 1 13 9 165
4 9 2 1 2 20 177
4 9 2 0 19 4 60
4 9 2 0 8 15 67
4 9 1 23 0 1 96
4 9 1 21 1 2 147
4 9 1 19 2 3 193
4 9 1 17 3 4 35
4 9 1 15 4 5 102
4 9 1 14 10 0 182
4 9 1 13 5 6 109
4 9 1 12 11 1 184
4 9 1 12 0 12 155
4 9 1 11 6 7 85
4 9 1 10 12 2 187
4 9 1 10 1 13 109
4 9 1 9 7 8 72
4 9 1 8 13 3 56
4 9 1 8 2 14 73
4 9 1 7 8 9 94
4 9 1 6 14 4 125
4 9 1 6 3 15 121
4 9 1 5 9 10 125
4 9 1 4 15 5 15
4 9 1 4 4 16 22
4 9 1 3 21 0 2
4 9 1 3 10 11 70
4 9 1 2 16 6 22
4 9 1 2 5 17 77
4 9 1 1 22 1 137
4 9 1 1 11 12 8
4 9 1 1 0 23 67
4 9 1 0 17 7 176
4 9 1 0 6 18 171
4 9 0 20 5 0 9
4 9 0 19 0 6 162
4 9 0 18 6 1 68
4 9 0 17 1 7 179
4 9 0 16 7 2 126
4 9 0 15 2 8 15
4 9 0 14 8 3 84
4 9 0 13 3 9 117
4 9 0 12 9 4 102
4 9 0 11 4 10 183
4 9 0 10 10 5 188
4 9 0 9 16 0 100
4 9 0 9 5 11 146
4 9 0 8 11 6 75
4 9 0 8 0 17 85
4 9 0 7 17 1 82
4 9 0 7 6 12 161
4 9 0 6 12 7 165
4 9 0 6 1 18 132
4 9 0 5 18 2 63
4 9 0 5 7 13 136
4 9 0 4 13 8 121
4 9 0 4 2 19 192
4 9 0 3 19 3 66
4 9 0 3 8 14 74
4 9 0 2 14 9 25
4 9 0 2 3 20 146
4 9 0 1 20 4 108
4 9 0 1 9 15 6
4 9 0 0 15 10 179
4 9 0 0 4 21 95
4 8 25 0 1 0 164
4 8 23 1 2 0 50
4 8 22 1 0 3 109
4 8 21 2 3 0 164
4 8 21 0 4 1 183
4 8 20 4 0 2 132
4 8 20 2 1 3 79
4 8 20 0 2 4 41
4 8 19 3 4 0 61
4 8 19 1 5 1 124
4 8 19 0 0 7 14
4 8 18 7 0 1 190
4 8 18 5 1 2 53
4 8 18 3 2 3 166
4 8 18 1 3 4 129
4 8 17 4 5 0 139
4 8 17 3 0 6 73
4 8 17 2 6 1 72
4 8 17 1 1 7 104
4 8 17 0 7 2 59
4 8 16 10 0 0 150
4 8 16 8 1 1 1
4 8 16 6 2 2 191
4 8 16 4 3 3 182
4 8 16 2 4 4 174
4 8 16 0 5 5 190
4 8 15 6 0 5 83
4 8 15 5 6 0 52
4 8 15 4 1 6 32
4 8 15 3 7 1 63
4 8 15 2 2 7 93
4 8 15 1 8 2 21
4 8 15 0 3 8 188
4 8 14 11 1 0 29
4 8 14 9 2 1 85
4 8 14 7 3 2 188
4 8 14 5 4 3 127
4 8 14 3 5 4 88
4 8 14 2 0 10 21
4 8 14 1 6 5 95
4 8 14 0 12 0 169
4 8 14 0 1 11 80
4 8 13 9 0 4 144
4 8 13 7 1 5 150
4 8 13 6 7 0 152
4 8 13 5 2 6 174
4 8 13 4 8 1 51
4 8 13 3 3 7 197
4 8 13 2 9 2 171
4 8 13 1 4 8 9
4 8 13 0 10 3 38
4 8 12 12 2 0 25
4 8 12 10 3 1 75
4 8 12 8 4 2 79
4 8 12 6 5 3 126
4 8 12 5 0 9 142
4 8 12 4 6 4 38
4 8 12 3 1 10 11
4 8 12 2 7 5 24
4 8 12 1 13 0 45
4 8 12 1 2 11 146
4 8 12 0 8 6 155
4 8 11 12 0 3 143
4 8 11 10 1 4 158
4 8 11 8 2 5 140
4 8 11 7 8 0 91
4 8 11 6 3 6 103
4 8 11 5 9 1 6
4 8 11 4 4 7 129
4 8 11 3 10 2 172
4 8 11 2 5 8 48
4 8 11 1 11 3 17
4 8 11 1 0 14 141
4 8 11 0 6 9 106
4 8 10 13 3 0 74
4 8 10 11 4 1 87
4 8 10 9 5 2 113
4 8 10 8 0 8 44
4 8 10 7 6 3 142
4 8 10 6 1 9 7
4 8 10 5 7 4 16
4 8 10 4 2 10 132
4 8 10 3 8 5 49
4 8 10 2 14 0 145
4 8 10 2 3 11 187
4 8 10 1 9 6 57
4 8 10 0 15 1 143
4 8 10 0 4 12 125
4 8 9 15 0 2 49
4 8 9 13 1 3 116
4 8 9 11 2 4 85
4 8 9 9 3 5 142
4 8 9 8 9 0 190
4 8 9 7 4 6 75
4 8 9 6 10 1 10
4 8 9 5 5 7 87
4 8 9 4 11 2 31
4 8 9 4 0 13 29
4 8 9 3 6 8 132
4 8 9 2 12 3 164
4 8 9 2 1 14 196
4 8 9 1 7 9 113
4 8 9 0 13 4 72
4 8 9 0 2 15 72
4 8 8 14 4 0 162
4 8 8 12 5 1 144
4 8 8 11 0 7 180
4 8 8 10 6 2 145
4 8 8 9 1 8 178
4 8 8 8 7 3 15
4 8 8 7 2 9 169
4 8 8 6 8 4 5
4 8 8 5 3 10 64
4 8 8 4 9 5 35
4 8 8 3 15 0 35
4 8 8 3 4 11 107
4 8 8 2 10 6 111
4 8 8 1 16 1 32
4 8 8 1 5 12 22
4 8 8 0 11 7 195
4 8 8 0 0 18 37
4 8 7 18 0 1 9
4 8 7 16 1 2 14
4 8 7 14 2 3 112
4 8 7 12 3 4 85
4 8 7 10 4 5 141
4 8 7 9 10 0 20
4 8 7 8 5 6 126
4 8 7 7 11 1 160
4 8 7 7 0 12 35
4 8 7 6 6 7 198
4 8 7 5 12 2 62
4 8 7 5 1 13 100
4 8 7 4 7 8 149
4 8 7 3 13 3 37
4 8 7 3 2 14 13
4 8 7 2 8 9 28
4 8 7 1 14 4 54
4 8 7 1 3 15 74
4 8 7 0 9 10 95
4 8 6 15 5 0 130
4 8 6 14 0 6 110
4 8 6 13 6 1 137
4 8 6 12 1 7 116
4 8 6 11 7 2 10
4 8 6 10 2 8 67
4 8 6 9 8 3 120
4 8 6 8 3 9 169
4 8 6 7 9 4 103
4 8 6 6 4 10 112
4 8 6 5 10 5 39
4 8 6 4 16 0 170
4 8 6 4 5 11 164
4 8 6 3 11 6 119
4 8 6 3 0 17 4
4 8 6 2 17 1 42
4 8 6 2 6 12 1
4 8 6 1 12 7 83
4 8 6 1 1 18 124
4 8 6 0 18 2 36
4 8 6 0 7 13 70
4 8 5 21 0 0 153
4 8 5 19 1 1 190
4 8 5 17 2 2 84
4 8 5 15 3 3 28
4 8 5 13 4 4 119
4 8 5 11 5 5 162
4 8 5 10 11 0 170
4 8 5 10 0 11 16
4 8 5 9 6 6 4
4 8 5 8 12 1 84
4 8 5 8 1 12 73
4 8 5 7 7 7 168
4 8 5 6 13 2 37
4 8 5 6 2 13 27
4 8 5 5 8 8 189
4 8 5 4 14 3 156
4 8 5 4 3 14 39
4 8 5 3 9 9 90
4 8 5 2 15 4 168
4 8 5 2 4 15 60
4 8 5 1 10 10 74
4 8 5 0 16 5 123
4 8 5 0 5 16 112
4 8 4 17 0 5 46
4 8 4 16 6 0 118
4 8 4 15 1 6 125
4 8 4 14 7 1 92
4 8 4 13 2 7 62
4 8 4 12 8 2 48
4 8 4 11 3 8 46
4 8 4 10 9 3 129
4 8 4 9 4 9 179
4 8 4 8 10 4 138
4 8 4 7 5 10 63
4 8 4 6 11 5 77
4 8 4 6 0 16 50
4 8 4 5 17 0 166
4 8 4 5 6 11 33
4 8 4 4 12 6 95
4 8 4 4 1 17 81
4 8 4 3 18 1 128
4 8 4 3 7 12 17
4 8 4 2 13 7 104
4 8 4 2 2 18 66
4 8 4 1 19 2 17
4 8 4 1 8 13 172
4 8 4 0 14 8 190
4 8 4 0 3 19 179
4 8 3 22 1 0 54
4 8 3 20 2 1 90
4 8 3 18 3 2 71
4 8 3 16 4 3 154
4 8 3 14 5 4 22
4 8 3 13 0 10 130
4 8 3 12 6 5 62
4 8 3 11 12 0 19
4 8 3 11 1 11 4
4 8 3 10 7 6 41
4 8 3 9 13 1 180
4 8 3 9 2 12 99
4 8 3 8 8 7 11
4 8 3 7 14 2 126
4 8 3 7 3 13 144
4 8 3 6 9 8 195
4 8 3 5 15 3 32
4 8 3 5 4 14 106
4 8 3 4 10 9 80
4 8 3 3 16 4 86
4 8 3 3 5 15 10
4 8 3 2 11 10 155
4 8 3 2 0 21 107
4 8 3 1 17 5 34
4 8 3 1 6 16 174
4 8 3 0 23 0 38
4 8 3 0 12 11 195
4 8 3 0 1 22 177
4 8 2 20 0 4 190
4 8 2 18 1 5 167
4 8 2 17 7 0 30
4 8 2 16 2 6 173
4 8 2 15 8 1 133
4 8 2 14 3 7 67
4 8 2 13 9 2 41
4 8 2 12 4 8 1
4 8 2 11 10 3 2
4 8 2 10 5 9 150
4 8 2 9 11 4 85
4 8 2 9 0 15 15
4 8 2 8 6 10 146
4 8 2 7 12 5 99
4 8 2 7 1 16 116
4 8 2 6 18 0 166
4 8 2 6 7 11 149
4 8 2 5 13 6 28
4 8 2 5 2 17 93
4 8 2 4 19 1 111
4 8 2 4 8 12 50
4 8 2 3 14 7 138
4 8 2 3 3 18 19
4 8 2 2 20 2 130
4 8 2 2 9 13 171
4 8 2 1 15 8 98
4 8 2 1 4 19 99
4 8 2 0 21 3 177
4 8 2 0 10 14 120
4 8 1 23 2 0 44
4 8 1 21 3 1 96
4 8 1 19 4 2 55
4 8 1 17 5 3 64
4 8 1 16 0 9 117
4 8 1 15 6 4 26
4 8 1 14 1 10 187
4 8 1 13 7 5 83
4 8 1 12 13 0 53
4 8 1 12 2 11 146
4 8 1 11 8 6 147
4 8 1 10 14 1 46
4 8 1 10 3 12 111
4 8 1 9 9 7 179
4 8 1 8 15 2 140
4 8 1 8 4 13 63
4 8 1 7 10 8 73
4 8 1 6 16 3 159
4 8 1 6 5 14 130
4 8 1 5 11 9 116
4 8 1 5 0 20 69
4 8 1 4 17 4 51
4 8 1 4 6 15 38
4 8 1 3 12 10 71
4 8 1 3 1 21 24
4 8 1 2 18 5 87
4 8 1 2 7 16 66
4 8 1 1 24 0 28
4 8 1 1 13 11 172
4 8 1 1 2 22 90
4 8 1 0 19 6 83
4 8 1 0 8 17 196
4 8 0 23 0 3 178
4 8 0 21 1 4 78
4 8 0 19 2 5 14
4 8 0 18 8 0 187
4 8 0 17 3 6 11
4 8 0 16 9 1 86
4 8 0 15 4 7 146
4 8 0 14 10 2 159
4 8 0 13 5 8 166
4 8 0 12 11 3 122
4 8 0 12 0 14 80
4 8 0 11 6 9 73
4 8 0 10 12 4 119
4 8 0 10 1 15 8
4 8 0 9 7 10 102
4 8 0 8 13 5 25
4 8 0 8 2 16 90
4 8 0 7 19 0 136
4 8 0 7 8 11 121
4 8 0 6 14 6 11
4 8 0 6 3 17 12
4 8 0 5 20 1 11
4 8 0 5 9 12 188
4 8 0 4 15 7 18
4 8 0 4 4 18 57
4 8 0 3 21 2 121
4 8 0 3 10 13 128
4 8 0 2 16 8 78
4 8 0 2 5 19 43
4 8 0 1 22 3 69
4 8 0 1 11 14 120
4 8 0 1 0 25 107
4 8 0 0 17 9 110
4 8 0 0 6 20 191
4 7 24 2 0 1 68
4 7 24 0 1 2 39
4 7 22 5 0 0 87
4 7 22 3 1 1 174
4 7 22 1 2 2 156
4 7 21 1 0 5 102
4 7 21 0 6 0 192
4 7 20 6 1 0 44
4 7 20 4 2 1 40
4 7 20 2 3 2 60
4 7 20 0 4 3 163
4 7 19 4 0 4 7
4 7 19 2 1 5 116
4 7 19 1 7 0 23
4 7 19 0 2 6 50
4 7 18 7 2 0 185
4 7 18 5 3 1 12
4 7 18 3 4 2 38
4 7 18 1 5 3 180
4 7 18 0 0 9 176
4 7 17 7 0 3 17
4 7 17 5 1 4 6
4 7 17 3 2 5 117
4 7 17 2 8 0 157
4 7 17 1 3 6 42
4 7 17 0 9 1 73
4 7 16 8 3 0 76
4 7 16 6 4 1 104
4 7 16 4 5 2 67
4 7 16 3 0 8 5
4 7 16 2 6 3 162
4 7 16 1 1 9 7
4 7 16 0 7 4 90
4 7 15 10 0 2 29
4 7 15 8 1 3 12
4 7 15 6 2 4 144
4 7 15 4 3 5 64
4 7 15 3 9 0 22
4 7 15 2 4 6 159
4 7 15 1 10 1 176
4 7 15 0 5 7 130
4 7 14 9 4 0 109
4 7 14 7 5 1 20
4 7 14 6 0 7 75
4 7 14 5 6 2 163
4 7 14 4 1 8 117
4 7 14 3 7 3 105
4 7 14 2 2 9 57
4 7 14 1 8 4 185
4 7 14 0 3 10 133
4 7 13 13 0 1 144
4 7 13 11 1 2 60
4 7 13 9 2 3 163
4 7 13 7 3 4 46
4 7 13 5 4 5 181
4 7 13 4 10 0 51
4 7 13 3 5 6 123
4 7 13 2 11 1 102
4 7 13 2 0 12 102
4 7 13 1 6 7 186
4 7 13 0 12 2 177
4 7 13 0 1 13 69
4 7 12 10 5 0 109
4 7 12 9 0 6 32
4 7 12 8 6 1 23
4 7 12 7 1 7 70
4 7 12 6 7 2 71
4 7 12 5 2 8 20
4 7 12 4 8 3 191
4 7 12 3 3 9 49
4 7 12 2 9 4 168
4 7 12 1 4 10 170
4 7 12 0 10 5 85
4 7 11 16 0 0 150
4 7 11 14 1 1 143
4 7 11 12 2 2 76
4 7 11 10 3 3 61
4 7 11 8 4 4 47
4 7 11 6 5 5 69
4 7 11 5 11 0 112
4 7 11 5 0 11 105
4 7 11 4 6 6 122
4 7 11 3 12 1 48
4 7 11 3 1 12 99
4 7 11 2 7 7 176
4 7 11 1 13 2 43
4 7 11 1 2 13 22
4 7 11 0 8 8 169
4 7 10 12 0 5 96
4 7 10 11 6 0 127
4 7 10 10 1 6 105
4 7 10 9 7 1 6
4 7 10 8 2 7 190
4 7 10 7 8 2 149
4 7 10 6 3 8 146
4 7 10 5 9 3 51
4 7 10 4 4 9 31
4 7 10 3 10 4 113
4 7 10 2 5 10 55
4 7 10 1 11 5 1
4 7 10 1 0 16 87
4 7 10 0 17 0 17
4 7 10 0 6 11 127
4 7 9 17 1 0 6
4 7 9 15 2 1 43
4 7 9 13 3 2 117
4 7 9 11 4 3 98
4 7 9 9 5 4 129
4 7 9 8 0 10 150
4 7 9 7 6 5 11
4 7 9 6 12 0 9
4 7 9 6 1 11 176
4 7 9 5 7 6 21
4 7 9 4 13 1 108
4 7 9 4 2 12 96
4 7 9 3 8 7 44
4 7 9 2 14 2 9
4 7 9 2 3 13 190
4 7 9 1 9 8 146
4 7 9 0 15 3 152
4 7 9 0 4 14 13
4 7 8 15 0 4 41
4 7 8 13 1 5 197
4 7 8 12 7 0 130
4 7 8 11 2 6 20
4 7 8 10 8 1 23
4 7 8 9 3 7 57
4 7 8 8 9 2 108
4 7 8 7 4 8 20
4 7 8 6 10 3 48
4 7 8 5 5 9 160
4 7 8 4 11 4 140
4 7 8 4 0 15 143
4 7 8 3 6 10 157
4 7 8 2 12 5 61
4 7 8 2 1 16 81
4 7 8 1 18 0 11
4 7 8 1 7 11 30
4 7 8 0 13 6 153
4 7 8 0 2 17 172
4 7 7 18 2 0 4
4 7 7 16 3 1 151
4 7 7 14 4 2 39
4 7 7 12 5 3 20
4 7 7 11 0 9 78
4 7 7 10 6 4 10
4 7 7 9 1 10 10
4 7 7 8 7 5 53
4 7 7 7 13 0 117
4 7 7 7 2 11 48
4 7 7 6 8 6 123
4 7 7 5 14 1 62
4 7 7 5 3 12 118
4 7 7 4 9 7 177
4 7 7 3 15 2 148
4 7 7 3 4 13 31
4 7 7 2 10 8 97
4 7 7 1 16 3 72
4 7 7 1 5 14 30
4 7 7 0 11 9 158
4 7 7 0 0 20 148
4 7 6 18 0 3 157
4 7 6 16 1 4 41
4 7 6 14 2 5 57
4 7 6 13 8 0 74
4 7 6 12 3 6 148
4 7 6 11 9 1 190
4 7 6 10 4 7 132
4 7 6 9 10 2 137
4 7 6 8 5 8 41
4 7 6 7 11 3 81
4 7 6 7 0 14 83
4 7 6 6 6 9 128
4 7 6 5 12 4 114
4 7 6 5 1 15 186
4 7 6 4 7 10 5
4 7 6 3 13 5 198
4 7 6 3 2 16 33
4 7 6 2 19 0 27
4 7 6 2 8 11 162
4 7 6 1 14 6 53
4 7 6 1 3 17 67
4 7 6 0 20 1 12
4 7 6 0 9 12 130
4 7 5 19 3 0 196
4 7 5 17 4 1 172
4 7 5 15 5 2 1
4 7 5 14 0 8 68
4 7 5 13 6 3 189
4 7 5 12 1 9 76
4 7 5 11 7 4 163
4 7 5 10 2 10 80
4 7 5 9 8 5 136
4 7 5 8 14 0 183
4 7 5 8 3 11 111
4 7 5 7 9 6 5
4 7 5 6 15 1 80
4 7 5 6 4 12 83
4 7 5 5 10 7 141
4 7 5 4 16 2 168
4 7 5 4 5 13 144
4 7 5 3 11 8 189
4 7 5 3 0 19 59
4 7 5 2 17 3 75
4 7 5 2 6 14 55
4 7 5 1 12 9 44
4 7 5 1 1 20 52
4 7 5 0 18 4 45
4 7 5 0 7 15 178
4 7 4 21 0 2 124
4 7 4 19 1 3 180
4 7 4 17 2 4 119
4 7 4 15 3 5 195
4 7 4 14 9 0 1
4 7 4 13 4 6 91
4 7 4 12 10 1 25
4 7 4 11 5 7 3
4 7 4 10 11 2 171
4 7 4 10 0 13 28
4 7 4 9 6 8 11
4 7 4 8 12 3 8
4 7 4 8 1 14 77
4 7 4 7 7 9 192
4 7 4 6 13 4 13
4 7 4 6 2 15 56
4 7 4 5 8 10 176
4 7 4 4 14 5 124
4 7 4 4 3 16 112
4 7 4 3 20 0 23
4 7 4 3 9 11 194
4 7 4 2 15 6 129
4 7 4 2 4 17 2
4 7 4 1 21 1 140
4 7 4 1 10 12 93
4 7 4 0 16 7 90
4 7 4 0 5 18 146
4 7 3 20 4 0 93
4 7 3 18 5 1 137
4 7 3 17 0 7 70
4 7 3 16 6 2 18
4 7 3 15 1 8 27
4 7 3 14 7 3 149
4 7 3 13 2 9 131
4 7 3 12 8 4 123
4 7 3 11 3 10 153
4 7 3 10 9 5 144
4 7 3 9 15 0 153
4 7 3 9 4 11 136
4 7 3 8 10 6 126
4 7 3 7 16 1 162
4 7 3 7 5 12 180
4 7 3 6 11 7 71
4 7 3 6 0 18 73
4 7 3 5 17 2 167
4 7 3 5 6 13 60
4 7 3 4 12 8 116
4 7 3 4 1 19 107
4 7 3 3 18 3 138
4 7 3 3 7 14 129
4 7 3 2 13 9 184
4 7 3 2 2 20 96
4 7 3 1 19 4 186
4 7 3 1 8 15 78
4 7 3 0 14 10 182
4 7 3 0 3 21 196
4 7 2 24 0 1 83
4 7 2 22 1 2 168
4 7 2 20 2 3 93
4 7 2 18 3 4 64
4 7 2 16 4 5 87
4 7 2 15 10 0 184
4 7 2 14 5 6 184
4 7 2 13 11 1 31
4 7 2 13 0 12 59
4 7 2 12 6 7 178
4 7 2 11 12 2 147
4 7 2 11 1 13 2
4 7 2 10 7 8 106
4 7 2 9 13 3 177
4 7 2 9 2 14 78
4 7 2 8 8 9 146
4 7 2 7 14 4 187
4 7 2 7 3 15 135
4 7 2 6 9 10 29
4 7 2 5 15 5 86
4 7 2 5 4 16 58
4 7 2 4 21 0 54
4 7 2 4 10 11 42
4 7 2 3 16 6 3
4 7 2 3 5 17 47
4 7 2 2 22 1 55
4 7 2 2 11 12 48
4 7 2 2 0 23 99
4 7 2 1 17 7 145
4 7 2 1 6 18 94
4 7 2 0 23 2 16
4 7 2 0 12 13 26
4 7 2 0 1 24 189
4 7 1 21 5 0 16
4 7 1 20 0 6 131
4 7 1 19 6 1 49
4 7 1 18 1 7 177
4 7 1 17 7 2 181
4 7 1 16 2 8 166
4 7 1 15 8 3 2
4 7 1 14 3 9 10
4 7 1 13 9 4 142
4 7 1 12 4 10 169
4 7 1 11 10 5 90
4 7 1 10 16 0 105
4 7 1 10 5 11 152
4 7 1 9 11 6 76
4 7 1 9 0 17 134
4 7 1 8 17 1 171
4 7 1 8 6 12 123
4 7 1 7 12 7 104
4 7 1 7 1 18 175
4 7 1 6 18 2 81
4 7 1 6 7 13 18
4 7 1 5 13 8 24
4 7 1 5 2 19 181
4 7 1 4 19 3 160
4 7 1 4 8 14 188
4 7 1 3 14 9 114
4 7 1 3 3 20 93
4 7 1 2 20 4 163
4 7 1 2 9 15 143
4 7 1 1 15 10 158
4 7 1 1 4 21 124
4 7 1 0 21 5 28
4 7 1 0 10 16 150
4 7 0 27 0 0 38
4 7 0 25 1 1 11
4 7 0 23 2 2 5
4 7 0 21 3 3 25
4 7 0 19 4 4 179
4 7 0 17 5 5 79
4 7 0 16 11 0 159
4 7 0 16 0 11 10
4 7 0 15 6 6 2
4 7 0 14 12 1 152
4 7 0 14 1 12 191
4 7 0 13 7 7 70
4 7 0 12 13 2 89
4 7 0 12 2 13 86
4 7 0 11 8 8 99
4 7 0 10 14 3 1
4 7 0 10 3 14 68
4 7 0 9 9 9 192
4 7 0 8 15 4 173
4 7 0 8 4 15 176
4 7 0 7 10 10 18
4 7 0 6 16 5 126
4 7 0 6 5 16 147
4 7 0 5 22 0 36
4 7 0 5 11 11 50
4 7 0 5 0 22 79
4 7 0 4 17 6 45
4 7 0 4 6 17 13
4 7 0 3 23 1 4
4 7 0 3 12 12 107
4 7 0 3 1 23 188
4 7 0 2 18 7 160
4 7 0 2 7 18 15
4 7 0 1 24 2 80
4 7 0 1 13 13 149
4 7 0 1 2 24 119
4 7 0 0 19 8 71
4 7 0 0 8 19 77
4 6 28 0 0 0 173
4 6 26 1 1 0 182
4 6 24 2 2 0 77
4 6 24 0 3 1 47
4 6 23 2 0 3 116
4 6 23 0 1 4 107
4 6 22 3 3 0 82
4 6 22 1 4 1 116
4 6 21 5 0 2 175
4 6 21 3 1 3 186
4 6 21 1 2 4 3
4 6 20 4 4 0 68
4 6 20 2 5 1 72
4 6 20 1 0 7 28
4 6 20 0 6 2 196
4 6 19 8 0 1 86
4 6 19 6 1 2 140
4 6 19 4 2 3 81
4 6 19 2 3 4 16
4 6 19 0 4 5 69
4 6 18 5 5 0 110
4 6 18 4 0 6 132
4 6 18 3 6 1 57
4 6 18 2 1 7 6
4 6 18 1 7 2 22
4 6 18 0 2 8 49
4 6 17 11 0 0 170
4 6 17 9 1 1 88
4 6 17 7 2 2 115
4 6 17 5 3 3 173
4 6 17 3 4 4 37
4 6 17 1 5 5 23
4 6 17 0 11 0 9
4 6 17 0 0 11 1
4 6 16 7 0 5 26
4 6 16 6 6 0 172
4 6 16 5 1 6 20
4 6 16 4 7 1 194
4 6 16 3 2 7 162
4 6 16 2 8 2 80
4 6 16 1 3 8 13
4 6 16 0 9 3 49
4 6 15 12 1 0 6
4 6 15 10 2 1 159
4 6 15 8 3 2 170
4 6 15 6 4 3 134
4 6 15 4 5 4 126
4 6 15 3 0 10 42
4 6 15 2 6 5 139
4 6 15 1 12 0 193
4 6 15 1 1 11 37
4 6 15 0 7 6 8
4 6 14 10 0 4 165
4 6 14 8 1 5 3
4 6 14 7 7 0 96
4 6 14 6 2 6 40
4 6 14 5 8 1 70
4 6 14 4 3 7 5
4 6 14 3 9 2 9
4 6 14 2 4 8 127
4 6 14 1 10 3 64
4 6 14 0 5 9 65
4 6 13 13 2 0 138
4 6 13 11 3 1 90
4 6 13 9 4 2 68
4 6 13 7 5 3 109
4 6 13 6 0 9 163
4 6 13 5 6 4 105
4 6 13 4 1 10 144
4 6 13 3 7 5 47
4 6 13 2 13 0 198
4 6 13 2 2 11 68
4 6 13 1 8 6 2
4 6 13 0 14 1 132
4 6 13 0 3 12 158
4 6 12 13 0 3 158
4 6 12 11 1 4 170
4 6 12 9 2 5 36
4 6 12 8 8 0 182
4 6 12 7 3 6 8
4 6 12 6 9 1 158
4 6 12 5 4 7 36
4 6 12 4 10 2 164
4 6 12 3 5 8 141
4 6 12 2 11 3 145
4 6 12 2 0 14 74
4 6 12 1 6 9 23
4 6 12 0 12 4 75
4 6 12 0 1 15 163
4 6 11 14 3 0 174
4 6 11 12 4 1 38
4 6 11 10 5 2 16
4 6 11 9 0 8 111
4 6 11 8 6 3 177
4 6 11 7 1 9 66
4 6 11 6 7 4 18
4 6 11 5 2 10 160
4 6 11 4 8 5 185
4 6 11 3 14 0 17
4 6 11 3 3 11 160
4 6 11 2 9 6 113
4 6 11 1 15 1 179
4 6 11 1 4 12 13
4 6 11 0 10 7 146
4 6 10 16 0 2 28
4 6 10 14 1 3 80
4 6 10 12 2 4 77
4 6 10 10 3 5 29
4 6 10 9 9 0 142
4 6 10 8 4 6 106
4 6 10 7 10 1 16
4 6 10 6 5 7 197
4 6 10 5 11 2 196
4 6 10 5 0 13 144
4 6 10 4 6 8 24
4 6 10 3 12 3 142
4 6 10 3 1 14 48
4 6 10 2 7 9 81
4 6 10 1 13 4 63
4 6 10 1 2 15 47
4 6 10 0 8 10 39
4 6 9 15 4 0 15
4 6 9 13 5 1 52
4 6 9 12 0 7 166
4 6 9 11 6 2 94
4 6 9 10 1 8 144
4 6 9 9 7 3 137
4 6 9 8 2 9 55
4 6 9 7 8 4 66
4 6 9 6 3 10 141
4 6 9 5 9 5 67
4 6 9 4 15 0 57
4 6 9 4 4 11 188
4 6 9 3 10 6 115
4 6 9 2 16 1 102
4 6 9 2 5 12 105
4 6 9 1 11 7 46
4 6 9 1 0 18 99
4 6 9 0 17 2 194
4 6 9 0 6 13 69
4 6 8 19 0 1 178
4 6 8 17 1 2 34
4 6 8 15 2 3 32
4 6 8 13 3 4 66
4 6 8 11 4 5 70
4 6 8 10 10 0 114
4 6 8 9 5 6 83
4 6 8 8 11 1 16
4 6 8 8 0 12 24
4 6 8 7 6 7 27
4 6 8 6 12 2 48
4 6 8 6 1 13 158
4 6 8 5 7 8 118
4 6 8 4 13 3 91
4 6 8 4 2 14 92
4 6 8 3 8 9 141
4 6 8 2 14 4 52
4 6 8 2 3 15 44
4 6 8 1 9 10 132
4 6 8 0 15 5 159
4 6 8 0 4 16 115
4 6 7 16 5 0 99
4 6 7 15 0 6 57
4 6 7 14 6 1 156
4 6 7 13 1 7 91
4 6 7 12 7 2 19
4 6 7 11 2 8 8
4 6 7 10 8 3 84
4 6 7 9 3 9 70
4 6 7 8 9 4 34
4 6 7 7 4 10 54
4 6 7 6 10 5 53
4 6 7 5 16 0 23
4 6 7 5 5 11 120
4 6 7 4 11 6 32
4 6 7 4 0 17 71
4 6 7 3 17 1 182
4 6 7 3 6 12 106
4 6 7 2 12 7 30
4 6 7 2 1 18 87
4 6 7 1 18 2 48
4 6 7 1 7 13 180
4 6 7 0 13 8 188
4 6 7 0 2 19 4
4 6 6 22 0 0 11
4 6 6 20 1 1 174
4 6 6 18 2 2 5
4 6 6 16 3 3 58
4 6 6 14 4 4 197
4 6 6 12 5 5 147
4 6 6 11 11 0 118
4 6 6 11 0 11 121
4 6 6 10 6 6 167
4 6 6 9 12 1 177
4 6 6 9 1 12 164
4 6 6 8 7 7 117
4 6 6 7 13 2 141
4 6 6 7 2 13 61
4 6 6 6 8 8 176
4 6 6 5 14 3 1
4 6 6 5 3 14 54
4 6 6 4 9 9 105
4 6 6 3 15 4 89
4 6 6 3 4 15 170
4 6 6 2 10 10 160
4 6 6 1 16 5 89
4 6 6 1 5 16 142
4 6 6 0 22 0 165
4 6 6 0 11 11 162
4 6 6 0 0 22 24
4 6 5 18 0 5 94
4 6 5 17 6 0 42
4 6 5 16 1 6 39
4 6 5 15 7 1 162
4 6 5 14 2 7 83
4 6 5 13 8 2 55
4 6 5 12 3 8 138
4 6 5 11 9 3 17
4 6 5 10 4 9 67
4 6 5 9 10 4 23
4 6 5 8 5 10 69
4 6 5 7 11 5 67
4 6 5 7 0 16 116
4 6 5 6 17 0 72
4 6 5 6 6 11 1
4 6 5 5 12 6 66
4 6 5 5 1 17 32
4 6 5 4 18 1 43
4 6 5 4 7 12 158
4 6 5 3 13 7 108
4 6 5 3 2 18 54
4 6 5 2 19 2 34
4 6 5 2 8 13 9
4 6 5 1 14 8 73
4 6 5 1 3 19 119
4 6 5 0 20 3 141
4 6 5 0 9 14 160
4 6 4 23 1 0 172
4 6 4 21 2 1 53
4 6 4 19 3 2 110
4 6 4 17 4 3 40
4 6 4 15 5 4 153
4 6 4 14 0 10 2
4 6 4 13 6 5 182
4 6 4 12 12 0 13
4 6 4 12 1 11 193
4 6 4 11 7 6 37
4 6 4 10 13 1 50
4 6 4 10 2 12 81
4 6 4 9 8 7 169
4 6 4 8 14 2 17
4 6 4 8 3 13 142
4 6 4 7 9 8 88
4 6 4 6 15 3 194
4 6 4 6 4 14 14
4 6 4 5 10 9 93
4 6 4 4 16 4 19
4 6 4 4 5 15 14
4 6 4 3 11 10 78
4 6 4 3 0 21 83
4 6 4 2 17 5 144
4 6 4 2 6 16 118
4 6 4 1 23 0 3
4 6 4 1 12 11 110
4 6 4 1 1 22 91
4 6 4 0 18 6 197
4 6 4 0 7 17 105
4 6 3 21 0 4 104
4 6 3 19 1 5 14
4 6 3 17 2 6 67
4 6 3 16 8 1 69
4 6 3 15 3 7 7
4 6 3 14 9 2 166
4 6 3 13 4 8 119
4 6 3 12 10 3 162
4 6 3 11 5 9 67
4 6 3 10 11 4 8
4 6 3 10 0 15 34
4 6 3 9 6 10 33
4 6 3 8 12 5 189
4 6 3 8 1 16 53
4 6 3 7 18 0 97
4 6 3 7 7 11 95
4 6 3 6 13 6 187
4 6 3 6 2 17 25
4 6 3 5 19 1 96
4 6 3 5 8 12 94
4 6 3 4 14 7 186
4 6 3 4 3 18 183
4 6 3 3 20 2 168
4 6 3 3 9 13 20
4 6 3 2 15 8 121
4 6 3 2 4 19 192
4 6 3 1 21 3 23
4 6 3 1 10 14 119
4 6 3 0 16 9 116
4 6 3 0 5 20 163
4 6 2 24 2 0 157
4 6 2 22 3 1 184
4 6 2 20 4 2 73
4 6 2 18 5 3 178
4 6 2 17 0 9 162
4 6 2 16 6 4 128
4 6 2 15 1 10 107
4 6 2 14 7 5 22
4 6 2 13 13 0 69
4 6 2 13 2 11 92
4 6 2 12 8 6 89
4 6 2 11 14 1 79
4 6 2 11 3 12 110
4 6 2 10 9 7 179
4 6 2 9 15 2 68
4 6 2 8 10 8 64
4 6 2 7 16 3 41
4 6 2 7 5 14 8
4 6 2 6 11 9 163
4 6 2 6 0 20 156
4 6 2 5 17 4 196
4 6 2 5 6 15 160
4 6 2 4 12 10 58
4 6 2 4 1 21 64
4 6 2 3 18 5 171
4 6 2 3 7 16 106
4 6 2 2 24 0 69
4 6 2 2 13 11 30
4 6 2 2 2 22 94
4 6 2 1 19 6 61
4 6 2 1 8 17 107
4 6 2 0 25 1 142
4 6 2 0 14 12 197
4 6 2 0 3 23 46
4 6 1 24 0 3 62
4 6 1 22 1 4 144
4 6 1 20 2 5 25
4 6 1 19 8 0 78
4 6 1 18 3 6 154
4 6 1 17 9 1 110
4 6 1 16 4 7 62
4 6 1 15 10 2 181
4 6 1 14 5 8 173
4 6 1 13 11 3 32
4 6 1 13 0 14 64
4 6 1 12 6 9 143
4 6 1 11 12 4 107
4 6 1 11 1 15 49
4 6 1 10 7 10 62
4 6 1 9 13 5 43
4 6 1 9 2 16 181
4 6 1 8 19 0 36
4 6 1 8 8 11 25
4 6 1 7 14 6 180
4 6 1 7 3 17 179
4 6 1 6 20 1 137
4 6 1 6 9 12 24
4 6 1 5 15 7 142
4 6 1 5 4 18 140
4 6 1 4 21 2 94
4 6 1 4 10 13 11
4 6 1 3 16 8 135
4 6 1 3 5 19 165
4 6 1 2 22 3 79
4 6 1 2 11 14 113
4 6 1 2 0 25 2
4 6 1 1 17 9 34
4 6 1 1 6 20 148
4 6 1 0 23 4 27
4 6 1 0 12 15 176
4 6 1 0 1 26 94
4 6 0 25 3 0 154
4 6 0 23 4 1 119
4 6 0 20 0 8 34
4 6 0 19 6 3 101
4 6 0 18 1 9 3
4 6 0 17 7 4 18
4 6 0 16 2 10 145
4 6 0 14 14 0 52
4 6 0 14 3 11 40
4 6 0 13 9 6 44
4 6 0 12 15 1 102
4 6 0 12 4 12 50
4 6 0 11 10 7 91
4 6 0 10 16 2 52
4 6 0 10 5 13 165
4 6 0 9 11 8 123
4 6 0 9 0 19 44
4 6 0 8 17 3 136
4 6 0 8 6 14 12
4 6 0 7 12 9 107
4 6 0 7 1 20 64
4 6 0 6 18 4 158
4 6 0 6 7 15 127
4 6 0 5 13 10 150
4 6 0 5 2 21 50
4 6 0 4 19 5 196
4 6 0 4 8 16 94
4 6 0 3 25 0 5
4 6 0 3 14 11 2
4 6 0 3 3 22 188
4 6 0 2 20 6 40
4 6 0 2 9 17 173
4 6 0 1 26 1 57
4 6 0 1 15 12 192
4 6 0 1 4 23 107
4 6 0 0 21 7 159
4 6 0 0 10 18 45
4 5 27 0 0 2 38
4 5 25 3 0 1 110
4 5 25 1 1 2 194
4 5 24 0 5 0 111
4 5 23 6 0 0 177
4 5 23 4 1 1 21
4 5 23 2 2 2 62
4 5 23 0 3 3 198
4 5 22 2 0 5 193
4 5 22 1 6 0 186
4 5 22 0 1 6 171
4 5 21 7 1 0 168
4 5 21 5 2 1 170
4 5 21 3 3 2 101
4 5 21 1 4 3 64
4 5 20 5 0 4 125
4 5 20 3 1 5 64
4 5 20 2 7 0 68
4 5 20 1 2 6 83
4 5 20 0 8 1 96
4 5 19 8 2 0 193
4 5 19 6 3 1 94
4 5 19 4 4 2 20
4 5 19 2 5 3 62
4 5 19 1 0 9 161
4 5 19 0 6 4 27
4 5 18 8 0 3 127
4 5 18 6 1 4 112
4 5 18 4 2 5 145
4 5 18 3 8 0 166
4 5 18 2 3 6 83
4 5 18 1 9 1 7
4 5 18 0 4 7 77
4 5 17 9 3 0 115
4 5 17 7 4 1 116
4 5 17 5 5 2 187
4 5 17 4 0 8 77
4 5 17 3 6 3 197
4 5 17 2 1 9 153
4 5 17 1 7 4 68
4 5 17 0 2 10 123
4 5 16 11 0 2 9
4 5 16 9 1 3 137
4 5 16 7 2 4 110
4 5 16 5 3 5 68
4 5 16 4 9 0 62
4 5 16 3 4 6 85
4 5 16 2 10 1 73
4 5 16 1 5 7 42
4 5 16 0 11 2 56
4 5 16 0 0 13 62
4 5 15 10 4 0 102
4 5 15 8 5 1 50
4 5 15 7 0 7 191
4 5 15 6 6 2 26
4 5 15 5 1 8 197
4 5 15 4 7 3 22
4 5 15 3 2 9 58
4 5 15 2 8 4 71
4 5 15 1 3 10 116
4 5 15 0 9 5 166
4 5 14 14 0 1 193
4 5 14 12 1 2 76
4 5 14 10 2 3 66
4 5 14 8 3 4 106
4 5 14 6 4 5 83
4 5 14 5 10 0 101
4 5 14 4 5 6 148
4 5 14 3 11 1 142
4 5 14 3 0 12 86
4 5 14 2 6 7 30
4 5 14 1 12 2 146
4 5 14 1 1 13 157
4 5 14 0 7 8 50
4 5 13 11 5 0 64
4 5 13 10 0 6 162
4 5 13 9 6 1 109
4 5 13 8 1 7 49
4 5 13 7 7 2 182
4 5 13 6 2 8 57
4 5 13 5 8 3 60
4 5 13 4 3 9 124
4 5 13 3 9 4 155
4 5 13 2 4 10 182
4 5 13 1 10 5 99
4 5 13 0 16 0 101
4 5 13 0 5 11 55
4 5 12 17 0 0 162
4 5 12 15 1 1 116
4 5 12 13 2 2 65
4 5 12 11 3 3 14
4 5 12 9 4 4 105
4 5 12 7 5 5 44
4 5 12 6 11 0 26
4 5 12 6 0 11 177
4 5 12 5 6 6 72
4 5 12 4 12 1 131
4 5 12 4 1 12 74
4 5 12 3 7 7 139
4 5 12 2 13 2 139
4 5 12 2 2 13 8
4 5 12 1 8 8 180
4 5 12 0 14 3 124
4 5 12 0 3 14 63
4 5 11 13 0 5 65
4 5 11 12 6 0 70
4 5 11 11 1 6 188
4 5 11 10 7 1 107
4 5 11 9 2 7 56
4 5 11 8 8 2 90
4 5 11 7 3 8 148
4 5 11 6 9 3 92
4 5 11 5 4 9 172
4 5 11 4 10 4 38
4 5 11 3 5 10 11
4 5 11 2 11 5 26
4 5 11 2 0 16 175
4 5 11 1 17 0 68
4 5 11 1 6 11 125
4 5 11 0 12 6 64
4 5 11 0 1 17 177
4 5 10 18 1 0 141
4 5 10 16 2 1 44
4 5 10 14 3 2 134
4 5 10 12 4 3 43
4 5 10 10 5 4 118
4 5 10 9 0 10 25
4 5 10 8 6 5 21
4 5 10 7 12 0 184
4 5 10 7 1 11 155
4 5 10 5 13 1 164
4 5 10 5 2 12 149
4 5 10 4 8 7 146
4 5 10 3 14 2 184
4 5 10 3 3 13 26
4 5 10 2 9 8 51
4 5 10 1 15 3 74
4 5 10 1 4 14 100
4 5 10 0 10 9 46
4 5 9 16 0 4 180
4 5 9 14 1 5 174
4 5 9 13 7 0 55
4 5 9 12 2 6 139
4 5 9 11 8 1 179
4 5 9 10 3 7 143
4 5 9 9 9 2 47
4 5 9 8 4 8 191
4 5 9 7 10 3 90
4 5 9 6 5 9 178
4 5 9 5 0 15 83
4 5 9 4 6 10 142
4 5 9 3 12 5 84
4 5 9 3 1 16 183
4 5 9 2 18 0 74
4 5 9 2 7 11 157
4 5 9 1 13 6 71
4 5 9 1 2 17 4
4 5 9 0 19 1 105
4 5 9 0 8 12 196
4 5 8 19 2 0 145
4 5 8 17 3 1 10
4 5 8 15 4 2 97
4 5 8 13 5 3 181
4 5 8 12 0 9 102
4 5 8 11 6 4 133
4 5 8 10 1 10 57
4 5 8 9 7 5 26
4 5 8 8 13 0 20
4 5 8 8 2 11 61
4 5 8 7 8 6 158
4 5 8 6 14 1 156
4 5 8 6 3 12 110
4 5 8 5 9 7 161
4 5 8 4 15 2 165
4 5 8 4 4 13 102
4 5 8 3 10 8 87
4 5 8 2 16 3 120
4 5 8 2 5 14 48
4 5 8 1 11 9 41
4 5 8 1 0 20 49
4 5 8 0 17 4 130
4 5 8 0 6 15 38
4 5 7 19 0 3 129
4 5 7 17 1 4 175
4 5 7 15 2 5 57
4 5 7 14 8 0 5
4 5 7 13 3 6 23
4 5 7 12 9 1 6
4 5 7 11 4 7 176
4 5 7 10 10 2 183
4 5 7 9 5 8 17
4 5 7 8 11 3 164
4 5 7 8 0 14 179
4 5 7 7 6 9 133
4 5 7 6 12 4 75
4 5 7 6 1 15 37
4 5 7 5 7 10 61
4 5 7 4 13 5 89
4 5 7 4 2 16 102
4 5 7 3 19 0 144
4 5 7 3 8 11 45
4 5 7 2 14 6 45
4 5 7 2 3 17 34
4 5 7 1 20 1 57
4 5 7 1 9 12 77
4 5 7 0 15 7 13
4 5 7 0 4 18 108
4 5 6 20 3 0 165
4 5 6 18 4 1 109
4 5 6 16 5 2 43
4 5 6 15 0 8 73
4 5 6 14 6 3 11
4 5 6 13 1 9 178
4 5 6 12 7 4 142
4 5 6 11 2 10 39
4 5 6 10 8 5 86
4 5 6 9 14 0 111
4 5 6 9 3 11 157
4 5 6 8 9 6 190
4 5 6 7 15 1 185
4 5 6 7 4 12 25
4 5 6 6 10 7 118
4 5 6 5 16 2 139
4 5 6 5 5 13 109
4 5 6 4 11 8 130
4 5 6 4 0 19 58
4 5 6 3 17 3 152
4 5 6 3 6 14 101
4 5 6 2 12 9 139
4 5 6 2 1 20 34
4 5 6 1 18 4 161
4 5 6 1 7 15 108
4 5 6 0 13 10 111
4 5 6 0 2 21 143
4 5 5 22 0 2 80
4 5 5 20 1 3 167
4 5 5 18 2 4 114
4 5 5 16 3 5 122
4 5 5 15 9 0 158
4 5 5 14 4 6 99
4 5 5 13 10 1 196
4 5 5 12 5 7 135
4 5 5 11 11 2 153
4 5 5 11 0 13 44
4 5 5 10 6 8 93
4 5 5 9 12 3 152
4 5 5 9 1 14 143
4 5 5 8 7 9 20
4 5 5 7 13 4 103
4 5 5 7 2 15 87
4 5 5 6 8 10 129
4 5 5 5 14 5 84
4 5 5 5 3 16 185
4 5 5 4 20 0 97
4 5 5 4 9 11 16
4 5 5 3 15 6 76
4 5 5 3 4 17 140
4 5 5 2 21 1 148
4 5 5 2 10 12 132
4 5 5 1 16 7 78
4 5 5 1 5 18 19
4 5 5 0 22 2 22
4 5 5 0 11 13 66
4 5 5 0 0 24 20
4 5 4 21 4 0 95
4 5 4 19 5 1 8
4 5 4 18 0 7 167
4 5 4 17 6 2 21
4 5 4 16 1 8 86
4 5 4 15 7 3 25
4 5 4 14 2 9 114
4 5 4 13 8 4 134
4 5 4 12 3 10 134
4 5 4 11 9 5 33
4 5 4 10 15 0 69
4 5 4 10 4 11 9
4 5 4 9 10 6 125
4 5 4 8 16 1 160
4 5 4 8 5 12 191
4 5 4 7 11 7 45
4 5 4 7 0 18 121
4 5 4 6 17 2 185
4 5 4 6 6 13 132
4 5 4 5 12 8 146
4 5 4 5 1 19 153
4 5 4 4 18 3 61
4 5 4 4 7 14 47
4 5 4 3 13 9 5
4 5 4 3 2 20 113
4 5 4 2 19 4 108
4 5 4 2 8 15 136
4 5 4 1 14 10 183
4 5 4 1 3 21 188
4 5 4 0 20 5 25
4 5 4 0 9 16 40
4 5 3 25 0 1 21
4 5 3 23 1 2 90
4 5 3 21 2 3 85
4 5 3 19 3 4 100
4 5 3 17 4 5 190
4 5 3 16 10 0 34
4 5 3 15 5 6 5
4 5 3 14 11 1 105
4 5 3 14 0 12 192
4 5 3 13 6 7 28
4 5 3 12 12 2 56
4 5 3 12 1 13 6
4 5 3 11 7 8 175
4 5 3 10 13 3 100
4 5 3 10 2 14 152
4 5 3 9 8 9 192
4 5 3 8 14 4 189
4 5 3 8 3 15 63
4 5 3 7 9 10 46
4 5 3 6 15 5 58
4 5 3 6 4 16 69
4 5 3 5 21 0 128
4 5 3 5 10 11 93
4 5 3 4 16 6 166
4 5 3 4 5 17 66
4 5 3 3 22 1 43
4 5 3 3 11 12 43
4 5 3 3 0 23 123
4 5 3 2 17 7 96
4 5 3 2 6 18 82
4 5 3 1 23 2 34
4 5 3 1 12 13 164
4 5 3 1 1 24 40
4 5 3 0 18 8 167
4 5 3 0 7 19 112
4 5 2 22 5 0 147
4 5 2 21 0 6 157
4 5 2 20 6 1 84
4 5 2 19 1 7 127
4 5 2 18 7 2 121
4 5 2 17 2 8 140
4 5 2 16 8 3 190
4 5 2 15 3 9 142
4 5 2 14 9 4 4
4 5 2 13 4 10 124
4 5 2 12 10 5 82
4 5 2 11 16 0 170
4 5 2 11 5 11 27
4 5 2 10 11 6 75
4 5 2 10 0 17 150
4 5 2 9 17 1 126
4 5 2 9 6 12 176
4 5 2 8 12 7 149
4 5 2 8 1 18 39
4 5 2 7 18 2 43
4 5 2 7 7 13 95
4 5 2 6 13 8 188
4 5 2 6 2 19 127
4 5 2 5 19 3 62
4 5 2 5 8 14 113
4 5 2 4 14 9 63
4 5 2 4 3 20 79
4 5 2 3 20 4 66
4 5 2 3 9 15 80
4 5 2 2 15 10 79
4 5 2 2 4 21 110
4 5 2 1 21 5 158
4 5 2 1 10 16 94
4 5 2 0 27 0 160
4 5 2 0 16 11 9
4 5 2 0 5 22 175
4 5 1 28 0 0 102
4 5 1 26 1 1 93
4 5 1 24 2 2 31
4 5 1 22 3 3 181
4 5 1 20 4 4 101
4 5 1 18 5 5 131
4 5 1 17 11 0 101
4 5 1 17 0 11 31
4 5 1 16 6 6 167
4 5 1 15 12 1 56
4 5 1 15 1 12 160
4 5 1 14 7 7 35
4 5 1 13 13 2 18
4 5 1 13 2 13 8
4 5 1 12 8 8 92
4 5 1 11 14 3 137
4 5 1 11 3 14 141
4 5 1 10 9 9 53
4 5 1 9 15 4 190
4 5 1 9 4 15 195
4 5 1 8 10 10 158
4 5 1 7 16 5 8
4 5 1 7 5 16 173
4 5 1 6 22 0 27
4 5 1 6 11 11 117
4 5 1 6 0 22 130
4 5 1 5 17 6 184
4 5 1 5 6 17 153
4 5 1 4 23 1 55
4 5 1 4 12 12 132
4 5 1 4 1 23 32
4 5 1 3 18 7 109
4 5 1 3 7 18 143
4 5 1 2 24 2 191
4 5 1 2 13 13 85
4 5 1 2 2 24 79
4 5 1 1 19 8 58
4 5 1 1 8 19 74
4 5 1 0 25 3 4
4 5 1 0 14 14 60
4 5 1 0 3 25 31
4 5 0 24 0 5 161
4 5 0 23 6 0 107
4 5 0 22 1 6 195
4 5 0 21 7 1 55
4 5 0 20 2 7 39
4 5 0 19 8 2 99
4 5 0 18 3 8 118
4 5 0 17 9 3 168
4 5 0 16 4 9 17
4 5 0 15 10 4 152
4 5 0 14 5 10 113
4 5 0 13 11 5 22
4 5 0 13 0 16 88
4 5 0 12 17 0 144
4 5 0 12 6 11 21
4 5 0 11 12 6 60
4 5 0 11 1 17 85
4 5 0 10 18 1 107
4 5 0 10 7 12 29
4 5 0 9 13 7 191
4 5 0 9 2 18 22
4 5 0 8 19 2 26
4 5 0 8 8 13 110
4 5 0 7 14 8 104
4 5 0 7 3 19 150
4 5 0 6 20 3 159
4 5 0 6 9 14 83
4 5 0 5 15 9 109
4 5 0 5 4 20 38
4 5 0 4 21 4 105
4 5 0 4 10 15 100
4 5 0 3 16 10 78
4 5 0 3 5 21 42
4 5 0 2 22 5 92
4 5 0 2 11 16 1
4 5 0 2 0 27 87
4 5 0 1 28 0 77
4 5 0 1 17 11 159
4 5 0 1 6 22 194
4 5 0 0 23 6 145
4 5 0 0 12 17 191
4 5 0 0 1 28 62
4 4 29 1 0 0 57
4 4 27 2 1 0 111
4 4 27 0 2 1 151
4 4 26 0 0 4 150
4 4 25 3 2 0 113
4 4 25 1 3 1 1
4 4 24 3 0 3 88
4 4 24 1 1 4 55
4 4 23 4 3 0 19
4 4 23 2 4 1 20
4 4 23 0 5 2 24
4 4 22 6 0 2 116
4 4 22 4 1 3 101
4 4 22 2 2 4 61
4 4 22 0 3 5 62
4 4 21 5 4 0 42
4 4 21 3 5 1 72
4 4 21 2 0 7 52
4 4 21 1 6 2 85
4 4 21 0 1 8 2
4 4 20 9 0 1 50
4 4 20 7 1 2 60
4 4 20 5 2 3 67
4 4 20 3 3 4 91
4 4 20 1 4 5 49
4 4 20 0 10 0 145
4 4 19 6 5 0 36
4 4 19 5 0 6 94
4 4 19 4 6 1 195
4 4 19 3 1 7 36
4 4 19 2 7 2 44
4 4 19 1 2 8 49
4 4 19 0 8 3 50
4 4 18 12 0 0 146
4 4 18 10 1 1 171
4 4 18 8 2 2 66
4 4 18 6 3 3 136
4 4 18 4 4 4 34
4 4 18 2 5 5 21
4 4 18 1 11 0 61
4 4 18 1 0 11 101
4 4 18 0 6 6 87
4 4 17 8 0 5 139
4 4 17 7 6 0 197
4 4 17 6 1 6 55
4 4 17 5 7 1 24
4 4 17 4 2 7 97
4 4 17 3 8 2 57
4 4 17 2 3 8 162
4 4 17 1 9 3 178
4 4 17 0 4 9 194
4 4 16 13 1 0 119
4 4 16 11 2 1 191
4 4 16 9 3 2 33
4 4 16 7 4 3 105
4 4 16 5 5 4 113
4 4 16 4 0 10 164
4 4 16 3 6 5 170
4 4 16 2 12 0 11
4 4 16 2 1 11 105
4 4 16 1 7 6 1
4 4 16 0 13 1 133
4 4 16 0 2 12 196
4 4 15 11 0 4 64
4 4 15 9 1 5 74
4 4 15 8 7 0 88
4 4 15 7 2 6 56
4 4 15 6 8 1 190
4 4 15 5 3 7 62
4 4 15 4 9 2 126
4 4 15 3 4 8 13
4 4 15 2 10 3 86
4 4 15 1 5 9 147
4 4 15 0 11 4 139
4 4 15 0 0 15 99
4 4 14 14 2 0 50
4 4 14 12 3 1 97
4 4 14 10 4 2 180
4 4 14 8 5 3 60
4 4 14 7 0 9 81
4 4 14 6 6 4 3
4 4 14 5 1 10 161
4 4 14 4 7 5 48
4 4 14 3 13 0 192
4 4 14 3 2 11 122
4 4 14 2 8 6 169
4 4 14 1 14 1 134
4 4 14 1 3 12 158
4 4 14 0 9 7 142
4 4 13 14 0 3 86
4 4 13 12 1 4 60
4 4 13 10 2 5 135
4 4 13 9 8 0 13
4 4 13 8 3 6 181
4 4 13 7 9 1 83
4 4 13 6 4 7 43
4 4 13 5 10 2 136
4 4 13 4 5 8 54
4 4 13 3 11 3 121
4 4 13 3 0 14 104
4 4 13 2 6 9 16
4 4 13 1 12 4 16
4 4 13 1 1 15 98
4 4 13 0 7 10 170
4 4 12 15 3 0 94
4 4 12 13 4 1 64
4 4 12 11 5 2 129
4 4 12 10 0 8 169
4 4 12 9 6 3 22
4 4 12 8 1 9 168
4 4 12 7 7 4 93
4 4 12 6 2 10 146
4 4 12 5 8 5 53
4 4 12 4 14 0 53
4 4 12 4 3 11 187
4 4 12 3 9 6 166
4 4 12 2 15 1 175
4 4 12 2 4 12 133
4 4 12 1 10 7 107
4 4 12 0 16 2 167
4 4 12 0 5 13 103
4 4 11 17 0 2 28
4 4 11 15 1 3 177
4 4 11 13 2 4 126
4 4 11 11 3 5 187
4 4 11 10 9 0 75
4 4 11 9 4 6 79
4 4 11 8 10 1 72
4 4 11 7 5 7 91
4 4 11 6 11 2 168
4 4 11 6 0 13 74
4 4 11 5 6 8 19
4 4 11 4 12 3 128
4 4 11 4 1 14 108
4 4 11 3 7 9 162
4 4 11 2 13 4 24
4 4 11 2 2 15 163
4 4 11 1 8 10 194
4 4 11 0 14 5 24
4 4 11 0 3 16 75
4 4 10 16 4 0 75
4 4 10 14 5 1 54
4 4 10 13 0 7 20
4 4 10 12 6 2 126
4 4 10 11 1 8 21
4 4 10 10 7 3 99
4 4 10 9 2 9 18
4 4 10 8 8 4 14
4 4 10 7 3 10 70
4 4 10 6 9 5 123
4 4 10 5 15 0 96
4 4 10 5 4 11 3
4 4 10 4 10 6 190
4 4 10 3 16 1 121
4 4 10 3 5 12 179
4 4 10 2 11 7 125
4 4 10 2 0 18 71
4 4 10 1 17 2 48
4 4 10 1 6 13 185
4 4 10 0 12 8 88
4 4 10 0 1 19 64
4 4 9 20 0 1 120
4 4 9 18 1 2 57
4 4 9 16 2 3 189
4 4 9 14 3 4 183
4 4 9 12 4 5 106
4 4 9 11 10 0 105
4 4 9 10 5 6 192
4 4 9 9 11 1 183
4 4 9 9 0 12 168
4 4 9 8 6 7 55
4 4 9 7 12 2 166
4 4 9 6 7 8 111
4 4 9 5 13 3 114
4 4 9 5 2 14 69
4 4 9 4 8 9 187
4 4 9 3 14 4 58
4 4 9 3 3 15 150
4 4 9 2 9 10 97
4 4 9 1 15 5 137
4 4 9 1 4 16 99
4 4 9 0 21 0 140
4 4 9 0 10 11 124
4 4 8 17 5 0 29
4 4 8 16 0 6 25
4 4 8 15 6 1 102
4 4 8 14 1 7 18
4 4 8 13 7 2 27
4 4 8 12 2 8 167
4 4 8 11 8 3 183
4 4 8 10 3 9 139
4 4 8 9 9 4 11
4 4 8 8 4 10 63
4 4 8 7 10 5 30
4 4 8 6 16 0 72
4 4 8 6 5 11 12
4 4 8 5 11 6 147
4 4 8 5 0 17 104
4 4 8 4 17 1 152
4 4 8 4 6 12 158
4 4 8 3 12 7 196
4 4 8 3 1 18 16
4 4 8 2 18 2 72
4 4 8 2 7 13 191
4 4 8 1 13 8 151
4 4 8 1 2 19 42
4 4 8 0 19 3 66
4 4 8 0 8 14 191
4 4 7 23 0 0 133
4 4 7 21 1 1 159
4 4 7 19 2 2 70
4 4 7 17 3 3 163
4 4 7 15 4 4 24
4 4 7 13 5 5 185
4 4 7 12 11 0 6
4 4 7 12 0 11 26
4 4 7 11 6 6 156
4 4 7 10 12 1 47
4 4 7 10 1 12 149
4 4 7 9 7 7 76
4 4 7 8 13 2 148
4 4 7 8 2 13 150
4 4 7 7 8 8 182
4 4 7 6 14 3 149
4 4 7 6 3 14 97
4 4 7 5 9 9 182
4 4 7 4 15 4 115
4 4 7 4 4 15 185
4 4 7 3 10 10 20
4 4 7 2 16 5 164
4 4 7 2 5 16 35
4 4 7 1 22 0 147
4 4 7 1 11 11 150
4 4 7 1 0 22 55
4 4 7 0 17 6 38
4 4 6 19 0 5 138
4 4 6 18 6 0 130
4 4 6 17 1 6 79
4 4 6 16 7 1 72
4 4 6 15 2 7 97
4 4 6 14 8 2 183
4 4 6 13 3 8 46
4 4 6 12 9 3 138
4 4 6 11 4 9 2
4 4 6 10 10 4 195
4 4 6 9 5 10 198
4 4 6 8 11 5 114
4 4 6 8 0 16 81
4 4 6 7 17 0 89
4 4 6 7 6 11 170
4 4 6 6 12 6 161
4 4 6 6 1 17 70
4 4 6 5 18 1 107
4 4 6 5 7 12 42
4 4 6 4 13 7 20
4 4 6 4 2 18 191
4 4 6 3 19 2 91
4 4 6 3 8 13 71
4 4 6 2 14 8 47
4 4 6 2 3 19 34
4 4 6 1 20 3 18
4 4 6 1 9 14 170
4 4 6 0 15 9 64
4 4 6 0 4 20 164
4 4 5 24 1 0 88
4 4 5 22 2 1 102
4 4 5 20 3 2 19
4 4 5 18 4 3 60
4 4 5 16 5 4 43
4 4 5 15 0 10 61
4 4 5 14 6 5 114
4 4 5 13 12 0 170
4 4 5 13 1 11 80
4 4 5 12 7 6 12
4 4 5 11 13 1 55
4 4 5 11 2 12 157
4 4 5 10 8 7 75
4 4 5 9 14 2 126
4 4 5 9 3 13 59
4 4 5 7 15 3 172
4 4 5 7 4 14 62
4 4 5 6 10 9 38
4 4 5 5 16 4 83
4 4 5 5 5 15 92
4 4 5 4 11 10 192
4 4 5 4 0 21 89
4 4 5 3 17 5 162
4 4 5 3 6 16 73
4 4 5 2 23 0 150
4 4 5 2 12 11 177
4 4 5 2 1 22 191
4 4 5 1 18 6 65
4 4 5 1 7 17 3
4 4 5 0 24 1 65
4 4 5 0 13 12 163
4 4 5 0 2 23 142
4 4 4 22 0 4 76
4 4 4 20 1 5 147
4 4 4 19 7 0 120
4 4 4 18 2 6 110
4 4 4 17 8 1 116
4 4 4 16 3 7 60
4 4 4 15 9 2 134
4 4 4 14 4 8 193
4 4 4 13 10 3 153
4 4 4 12 5 9 64
4 4 4 11 11 4 94
4 4 4 11 0 15 138
4 4 4 10 6 10 45
4 4 4 9 12 5 107
4 4 4 9 1 16 58
4 4 4 8 18 0 96
4 4 4 8 7 11 153
4 4 4 7 13 6 157
4 4 4 7 2 17 173
4 4 4 6 19 1 164
4 4 4 6 8 12 194
4 4 4 5 14 7 176
4 4 4 5 3 18 54
4 4 4 4 20 2 150
4 4 4 4 9 13 9
4 4 4 3 15 8 197
4 4 4 3 4 19 46
4 4 4 2 21 3 192
4 4 4 2 10 14 65
4 4 4 1 16 9 93
4 4 4 1 5 20 157
4 4 4 0 22 4 177
4 4 4 0 11 15 66
4 4 4 0 0 26 80
4 4 3 25 2 0 13
4 4 3 23 3 1 176
4 4 3 21 4 2 121
4 4 3 19 5 3 141
4 4 3 18 0 9 148
4 4 3 17 6 4 87
4 4 3 16 1 10 18
4 4 3 15 7 5 123
4 4 3 14 13 0 155
4 4 3 14 2 11 104
4 4 3 13 8 6 52
4 4 3 12 14 1 195
4 4 3 12 3 12 130
4 4 3 11 9 7 121
4 4 3 10 15 2 105
4 4 3 10 4 13 49
4 4 3 9 10 8 106
4 4 3 8 16 3 182
4 4 3 8 5 14 9
4 4 3 7 11 9 52
4 4 3 7 0 20 27
4 4 3 6 17 4 182
4 4 3 6 6 15 155
4 4 3 5 12 10 159
4 4 3 5 1 21 74
4 4 3 4 18 5 125
4 4 3 4 7 16 48
4 4 3 3 24 0 146
4 4 3 3 13 11 90
4 4 3 3 2 22 138
4 4 3 2 19 6 64
4 4 3 2 8 17 185
4 4 3 1 25 1 107
4 4 3 1 14 12 53
4 4 3 1 3 23 50
4 4 3 0 20 7 110
4 4 3 0 9 18 25
4 4 2 25 0 3 93
4 4 2 23 1 4 24
4 4 2 21 2 5 23
4 4 2 20 8 0 100
4 4 2 19 3 6 8
4 4 2 18 9 1 181
4 4 2 17 4 7 72
4 4 2 16 10 2 87
4 4 2 15 5 8 4
4 4 2 14 11 3 68
4 4 2 14 0 14 183
4 4 2 13 6 9 15
4 4 2 12 12 4 168
4 4 2 12 1 15 99
4 4 2 11 7 10 67
4 4 2 10 13 5 197
4 4 2 10 2 16 127
4 4 2 9 19 0 54
4 4 2 9 8 11 143
4 4 2 8 14 6 90
4 4 2 8 3 17 184
4 4 2 7 20 1 170
4 4 2 7 9 12 57
4 4 2 6 15 7 172
4 4 2 6 4 18 148
4 4 2 5 21 2 39
4 4 2 5 10 13 109
4 4 2 4 16 8 17
4 4 2 4 5 19 122
4 4 2 3 22 3 25
4 4 2 3 11 14 141
4 4 2 3 0 25 80
4 4 2 2 17 9 157
4 4 2 2 6 20 118
4 4 2 1 23 4 6
4 4 2 1 12 15 139
4 4 2 1 1 26 59
4 4 2 0 18 10 191
4 4 2 0 7 21 164
4 4 1 26 3 0 78
4 4 1 24 4 1 152
4 4 1 22 5 2 188
4 4 1 21 0 8 180
4 4 1 20 6 3 92
4 4 1 19 1 9 108
4 4 1 18 7 4 124
4 4 1 17 2 10 93
4 4 1 16 8 5 77
4 4 1 15 14 0 45
4 4 1 15 3 11 36
4 4 1 14 9 6 12
4 4 1 13 15 1 130
4 4 1 13 4 12 150
4 4 1 12 10 7 141
4 4 1 11 16 2 28
4 4 1 11 5 13 153
4 4 1 10 11 8 132
4 4 1 10 0 19 54
4 4 1 9 17 3 190
4 4 1 9 6 14 123
4 4 1 8 12 9 68
4 4 1 8 1 20 186
4 4 1 7 18 4 11
4 4 1 7 7 15 14
4 4 1 6 13 10 188
4 4 1 6 2 21 168
4 4 1 5 19 5 10
4 4 1 5 8 16 125
4 4 1 4 25 0 172
4 4 1 4 14 11 52
4 4 1 4 3 22 137
4 4 1 3 20 6 169
4 4 1 3 9 17 72
4 4 1 2 26 1 191
4 4 1 2 15 12 4
4 4 1 2 4 23 150
4 4 1 1 21 7 57
4 4 1 1 10 18 47
4 4 1 0 27 2 58
4 4 1 0 16 13 168
4 4 1 0 5 24 140
4 4 0 28 0 2 67
4 4 0 26 1 3 94
4 4 0 22 3 5 63
4 4 0 21 9 0 124
4 4 0 20 4 6 101
4 4 0 19 10 1 111
4 4 0 18 5 7 9
4 4 0 17 11 2 20
4 4 0 17 0 13 169
4 4 0 16 6 8 174
4 4 0 15 12 3 164
4 4 0 15 1 14 110
4 4 0 14 7 9 150
4 4 0 13 13 4 14
4 4 0 13 2 15 14
4 4 0 12 8 10 101
4 4 0 11 14 5 96
4 4 0 11 3 16 92
4 4 0 10 20 0 9
4 4 0 10 9 11 107
4 4 0 9 15 6 48
4 4 0 9 4 17 157
4 4 0 8 21 1 14
4 4 0 8 10 12 198
4 4 0 7 16 7 164
4 4 0 7 5 18 180
4 4 0 6 22 2 164
4 4 0 6 11 13 132
4 4 0 6 0 24 22
4 4 0 5 17 8 54
4 4 0 5 6 19 193
4 4 0 4 23 3 147
4 4 0 4 12 14 178
4 4 0 4 1 25 63
4 4 0 3 18 9 47
4 4 0 3 7 20 147
4 4 0 2 24 4 125
4 4 0 2 13 15 23
4 4 0 2 2 26 75
4 4 0 1 19 10 198
4 4 0 1 8 21 101
4 4 0 0 25 5 85
4 4 0 0 14 16 164
4 4 0 0 3 27 65
4 3 28 1 0 2 35
4 3 27 0 4 0 151
4 3 26 4 0 1 143
4 3 26 2 1 2 179
4 3 26 0 2 3 79
4 3 25 1 5 0 193
4 3 25 0 0 6 58
4 3 24 7 0 0 91
4 3 24 5 1 1 83
4 3 24 3 2 2 159
4 3 24 1 3 3 7
4 3 23 3 0 5 184
4 3 23 2 6 0 193
4 3 23 1 1 6 35
4 3 23 0 7 1 30
4 3 22 8 1 0 146
4 3 22 6 2 1 86
4 3 22 4 3 2 115
4 3 22 2 4 3 57
4 3 22 0 5 4 96
4 3 21 6 0 4 178
4 3 21 4 1 5 49
4 3 21 3 7 0 121
4 3 21 2 2 6 28
4 3 21 1 8 1 129
4 3 21 0 3 7 149
4 3 20 9 2 0 53
4 3 20 7 3 1 39
4 3 20 5 4 2 20
4 3 20 3 5 3 57
4 3 20 2 0 9 115
4 3 20 1 6 4 83
4 3 20 0 1 10 160
4 3 19 9 0 3 23
4 3 19 7 1 4 41
4 3 19 5 2 5 80
4 3 19 4 8 0 100
4 3 19 3 3 6 30
4 3 19 2 9 1 11
4 3 19 1 4 7 103
4 3 19 0 10 2 119
4 3 18 10 3 0 192
4 3 18 8 4 1 83
4 3 18 6 5 2 23
4 3 18 5 0 8 124
4 3 18 4 6 3 171
4 3 18 3 1 9 128
4 3 18 2 7 4 13
4 3 18 1 2 10 10
4 3 18 0 8 5 112
4 3 17 12 0 2 128
4 3 17 10 1 3 41
4 3 17 8 2 4 32
4 3 17 6 3 5 133
4 3 17 5 9 0 71
4 3 17 4 4 6 65
4 3 17 3 10 1 12
4 3 17 2 5 7 123
4 3 17 1 11 2 147
4 3 17 1 0 13 97
4 3 17 0 6 8 167
4 3 16 11 4 0 75
4 3 16 9 5 1 83
4 3 16 8 0 7 2
4 3 16 7 6 2 51
4 3 16 6 1 8 106
4 3 16 5 7 3 44
4 3 16 4 2 9 134
4 3 16 3 8 4 175
4 3 16 2 3 10 12
4 3 16 1 9 5 118
4 3 16 0 15 0 112
4 3 16 0 4 11 5
4 3 15 15 0 1 99
4 3 15 13 1 2 169
4 3 15 11 2 3 10
4 3 15 9 3 4 35
4 3 15 7 4 5 114
4 3 15 6 10 0 57
4 3 15 5 5 6 63
4 3 15 4 11 1 73
4 3 15 4 0 12 67
4 3 15 3 6 7 74
4 3 15 2 12 2 61
4 3 15 2 1 13 73
4 3 15 1 7 8 142
4 3 15 0 13 3 75
4 3 15 0 2 14 68
4 3 14 12 5 0 161
4 3 14 11 0 6 58
4 3 14 10 6 1 143
4 3 14 9 1 7 96
4 3 14 8 7 2 179
4 3 14 7 2 8 118
4 3 14 6 8 3 126
4 3 14 5 3 9 54
4 3 14 4 9 4 100
4 3 14 3 4 10 68
4 3 14 2 10 5 147
4 3 14 1 16 0 37
4 3 14 1 5 11 101
4 3 14 0 11 6 99
4 3 14 0 0 17 77
4 3 13 18 0 0 187
4 3 13 16 1 1 39
4 3 13 14 2 2 160
4 3 13 12 3 3 190
4 3 13 10 4 4 148
4 3 13 8 5 5 45
4 3 13 7 11 0 17
4 3 13 7 0 11 103
4 3 13 6 6 6 50
4 3 13 5 12 1 189
4 3 13 5 1 12 71
4 3 13 4 7 7 51
4 3 13 3 13 2 6
4 3 13 3 2 13 188
4 3 13 2 8 8 177
4 3 13 1 14 3 44
4 3 13 1 3 14 29
4 3 13 0 9 9 193
4 3 12 14 0 5 51
4 3 12 13 6 0 146
4 3 12 12 1 6 125
4 3 12 11 7 1 104
4 3 12 10 2 7 177
4 3 12 9 8 2 148
4 3 12 8 3 8 11
4 3 12 7 9 3 126
4 3 12 6 4 9 187
4 3 12 5 10 4 24
4 3 12 4 5 10 118
4 3 12 3 11 5 82
4 3 12 3 0 16 96
4 3 12 2 17 0 53
4 3 12 2 6 11 159
4 3 12 1 12 6 129
4 3 12 1 1 17 45
4 3 12 0 18 1 26
4 3 12 0 7 12 124
4 3 11 19 1 0 72
4 3 11 17 2 1 99
4 3 11 15 3 2 90
4 3 11 13 4 3 86
4 3 11 11 5 4 30
4 3 11 10 0 10 42
4 3 11 9 6 5 161
4 3 11 8 12 0 102
4 3 11 8 1 11 62
4 3 11 7 7 6 1
4 3 11 6 13 1 66
4 3 11 6 2 12 117
4 3 11 5 8 7 71
4 3 11 4 14 2 169
4 3 11 4 3 13 143
4 3 11 3 9 8 177
4 3 11 2 15 3 109
4 3 11 2 4 14 123
4 3 11 1 10 9 121
4 3 11 0 16 4 142
4 3 11 0 5 15 25
4 3 10 17 0 4 79
4 3 10 15 1 5 163
4 3 10 14 7 0 53
4 3 10 13 2 6 56
4 3 10 12 8 1 173
4 3 10 11 3 7 48
4 3 10 10 9 2 72
4 3 10 9 4 8 70
4 3 10 8 10 3 177
4 3 10 7 5 9 31
4 3 10 6 11 4 83
4 3 10 6 0 15 53
4 3 10 5 6 10 97
4 3 10 4 12 5 114
4 3 10 4 1 16 88
4 3 10 3 18 0 178
4 3 10 3 7 11 16
4 3 10 2 13 6 60
4 3 10 2 2 17 165
4 3 10 1 19 1 154
4 3 10 1 8 12 72
4 3 10 0 14 7 56
4 3 10 0 3 18 187
4 3 9 20 2 0 93
4 3 9 18 3 1 179
4 3 9 16 4 2 95
4 3 9 14 5 3 190
4 3 9 13 0 9 143
4 3 9 12 6 4 191
4 3 9 11 1 10 183
4 3 9 10 7 5 172
4 3 9 9 13 0 198
4 3 9 9 2 11 82
4 3 9 8 8 6 45
4 3 9 7 14 1 142
4 3 9 7 3 12 4
4 3 9 6 9 7 198
4 3 9 5 15 2 12
4 3 9 5 4 13 37
4 3 9 4 10 8 112
4 3 9 3 16 3 111
4 3 9 3 5 14 154
4 3 9 2 11 9 195
4 3 9 2 0 20 190
4 3 9 1 17 4 158
4 3 9 1 6 15 85
4 3 9 0 12 10 108
4 3 9 0 1 21 133
4 3 8 20 0 3 144
4 3 8 18 1 4 146
4 3 8 16 2 5 118
4 3 8 15 8 0 182
4 3 8 14 3 6 45
4 3 8 13 9 1 86
4 3 8 12 4 7 130
4 3 8 11 10 2 175
4 3 8 10 5 8 162
4 3 8 9 11 3 12
4 3 8 9 0 14 131
4 3 8 8 6 9 81
4 3 8 7 12 4 150
4 3 8 7 1 15 115
4 3 8 6 7 10 55
4 3 8 5 13 5 119
4 3 8 5 2 16 140
4 3 8 4 19 0 185
4 3 8 4 8 11 21
4 3 8 3 14 6 78
4 3 8 3 3 17 140
4 3 8 2 20 1 81
4 3 8 2 9 12 87
4 3 8 1 15 7 76
4 3 8 1 4 18 125
4 3 8 0 21 2 186
4 3 8 0 10 13 118
4 3 7 21 3 0 68
4 3 7 19 4 1 70
4 3 7 17 5 2 38
4 3 7 16 0 8 10
4 3 7 15 6 3 86
4 3 7 14 1 9 12
4 3 7 13 7 4 147
4 3 7 12 2 10 9
4 3 7 11 8 5 134
4 3 7 10 14 0 182
4 3 7 10 3 11 100
4 3 7 9 9 6 175
4 3 7 8 15 1 34
4 3 7 8 4 12 191
4 3 7 7 10 7 32
4 3 7 6 16 2 80
4 3 7 6 5 13 124
4 3 7 5 11 8 9
4 3 7 5 0 19 175
4 3 7 4 17 3 8
4 3 7 4 6 14 91
4 3 7 3 12 9 180
4 3 7 3 1 20 50
4 3 7 2 18 4 160
4 3 7 2 7 15 167
4 3 7 1 13 10 64
4 3 7 1 2 21 111
4 3 7 0 19 5 117
4 3 7 0 8 16 177
4 3 6 23 0 2 153
4 3 6 21 1 3 17
4 3 6 19 2 4 89
4 3 6 17 3 5 77
4 3 6 16 9 0 32
4 3 6 15 4 6 99
4 3 6 14 10 1 61
4 3 6 13 5 7 57
4 3 6 12 11 2 49
4 3 6 12 0 13 86
4 3 6 11 6 8 176
4 3 6 10 12 3 36
4 3 6 10 1 14 141
4 3 6 9 7 9 70
4 3 6 8 13 4 56
4 3 6 8 2 15 144
4 3 6 7 8 10 176
4 3 6 6 14 5 162
4 3 6 6 3 16 74
4 3 6 5 20 0 126
4 3 6 5 9 11 80
4 3 6 4 15 6 198
4 3 6 4 4 17 24
4 3 6 3 21 1 148
4 3 6 3 10 12 25
4 3 6 2 16 7 96
4 3 6 2 5 18 151
4 3 6 1 22 2 58
4 3 6 1 11 13 75
4 3 6 1 0 24 10
4 3 6 0 17 8 183
4 3 6 0 6 19 138
4 3 5 22 4 0 23
4 3 5 20 5 1 90
4 3 5 19 0 7 139
4 3 5 18 6 2 121
4 3 5 17 1 8 111
4 3 5 16 7 3 178
4 3 5 15 2 9 153
4 3 5 14 8 4 45
4 3 5 13 3 10 154
4 3 5 12 9 5 166
4 3 5 11 15 0 136
4 3 5 11 4 11 29
4 3 5 10 10 6 138
4 3 5 9 16 1 113
4 3 5 9 5 12 4
4 3 5 8 11 7 84
4 3 5 8 0 18 57
4 3 5 7 17 2 41
4 3 5 7 6 13 128
4 3 5 6 12 8 18
4 3 5 6 1 19 148
4 3 5 5 18 3 35
4 3 5 5 7 14 37
4 3 5 4 13 9 1
4 3 5 4 2 20 138
4 3 5 3 19 4 182
4 3 5 3 8 15 36
4 3 5 2 14 10 115
4 3 5 2 3 21 53
4 3 5 1 20 5 47
4 3 5 1 9 16 19
4 3 5 0 26 0 168
4 3 5 0 15 11 12
4 3 5 0 4 22 162
4 3 4 26 0 1 22
4 3 4 24 1 2 118
4 3 4 22 2 3 96
4 3 4 20 3 4 22
4 3 4 18 4 5 147
4 3 4 17 10 0 92
4 3 4 16 5 6 23
4 3 4 15 11 1 18
4 3 4 15 0 12 195
4 3 4 14 6 7 193
4 3 4 13 12 2 177
4 3 4 13 1 13 110
4 3 4 12 7 8 59
4 3 4 11 13 3 187
4 3 4 11 2 14 138
4 3 4 10 8 9 105
4 3 4 9 14 4 121
4 3 4 9 3 15 75
4 3 4 8 9 10 22
4 3 4 7 15 5 197
4 3 4 7 4 16 182
4 3 4 6 21 0 186
4 3 4 6 10 11 186
4 3 4 5 16 6 92
4 3 4 5 5 17 180
4 3 4 4 22 1 63
4 3 4 4 11 12 144
4 3 4 4 0 23 137
4 3 4 3 17 7 135
4 3 4 3 6 18 166
4 3 4 2 23 2 40
4 3 4 2 12 13 170
4 3 4 2 1 24 100
4 3 4 1 18 8 136
4 3 4 1 7 19 16
4 3 4 0 24 3 155
4 3 4 0 13 14 39
4 3 4 0 2 25 187
4 3 3 23 5 0 32
4 3 3 22 0 6 171
4 3 3 21 6 1 68
4 3 3 20 1 7 82
4 3 3 19 7 2 83
4 3 3 18 2 8 113
4 3 3 17 8 3 165
4 3 3 16 3 9 103
4 3 3 15 9 4 49
4 3 3 14 4 10 5
4 3 3 13 10 5 42
4 3 3 12 16 0 57
4 3 3 12 5 11 97
4 3 3 11 11 6 100
4 3 3 11 0 17 23
4 3 3 10 17 1 63
4 3 3 10 6 12 50
4 3 3 9 12 7 25
4 3 3 9 1 18 157
4 3 3 8 18 2 110
4 3 3 8 7 13 166
4 3 3 7 13 8 196
4 3 3 7 2 19 180
4 3 3 6 19 3 129
4 3 3 6 8 14 196
4 3 3 5 14 9 30
4 3 3 5 3 20 80
4 3 3 4 20 4 93
4 3 3 4 9 15 122
4 3 3 3 15 10 84
4 3 3 3 4 21 91
4 3 3 2 21 5 192
4 3 3 2 10 16 144
4 3 3 1 27 0 195
4 3 3 1 16 11 178
4 3 3 1 5 22 194
4 3 3 0 22 6 87
4 3 3 0 11 17 85
4 3 3 0 0 28 133
4 3 2 29 0 0 143
4 3 2 27 1 1 145
4 3 2 25 2 2 189
4 3 2 23 3 3 43
4 3 2 21 4 4 118
4 3 2 19 5 5 145
4 3 2 18 11 0 188
4 3 2 18 0 11 66
4 3 2 16 12 1 192
4 3 2 16 1 12 40
4 3 2 15 7 7 194
4 3 2 14 13 2 56
4 3 2 14 2 13 8
4 3 2 13 8 8 98
4 3 2 12 14 3 182
4 3 2 12 3 14 81
4 3 2 11 9 9 10
4 3 2 10 15 4 11
4 3 2 10 4 15 46
4 3 2 9 10 10 117
4 3 2 8 16 5 125
4 3 2 8 5 16 55
4 3 2 7 22 0 85
4 3 2 7 11 11 140
4 3 2 7 0 22 105
4 3 2 6 17 6 38
4 3 2 6 6 17 24
4 3 2 5 23 1 32
4 3 2 5 12 12 158
4 3 2 5 1 23 69
4 3 2 4 18 7 183
4 3 2 4 7 18 116
4 3 2 3 24 2 11
4 3 2 3 13 13 189
4 3 2 3 2 24 99
4 3 2 2 19 8 148
4 3 2 2 8 19 82
4 3 2 1 25 3 49
4 3 2 1 14 14 59
4 3 2 1 3 25 174
4 3 2 0 20 9 86
4 3 2 0 9 20 27
4 3 1 25 0 5 141
4 3 1 24 6 0 189
4 3 1 23 1 6 83
4 3 1 22 7 1 78
4 3 1 21 2 7 113
4 3 1 20 8 2 130
4 3 1 19 3 8 137
4 3 1 18 9 3 18
4 3 1 17 4 9 18
4 3 1 16 10 4 68
4 3 1 15 5 10 116
4 3 1 14 11 5 129
4 3 1 14 0 16 100
4 3 1 13 17 0 52
4 3 1 13 6 11 32
4 3 1 12 12 6 72
4 3 1 12 1 17 46
4 3 1 11 18 1 79
4 3 1 11 7 12 139
4 3 1 10 13 7 44
4 3 1 10 2 18 23
4 3 1 9 19 2 178
4 3 1 9 8 13 8
4 3 1 8 14 8 45
4 3 1 8 3 19 96
4 3 1 7 20 3 47
4 3 1 7 9 14 67
4 3 1 6 15 9 49
4 3 1 6 4 20 119
4 3 1 5 21 4 6
4 3 1 5 10 15 186
4 3 1 4 16 10 170
4 3 1 4 5 21 83
4 3 1 3 22 5 131
4 3 1 3 11 16 119
4 3 1 3 0 27 68
4 3 1 2 28 0 77
4 3 1 2 17 11 195
4 3 1 2 6 22 57
4 3 1 1 23 6 63
4 3 1 1 12 17 94
4 3 1 1 1 28 181
4 3 1 0 29 1 21
4 3 1 0 18 12 109
4 3 1 0 7 23 61
4 3 0 30 1 0 108
4 3 0 28 2 1 137
4 3 0 26 3 2 138
4 3 0 24 4 3 36
4 3 0 22 5 4 65
4 3 0 21 0 10 143
4 3 0 20 6 5 117
4 3 0 19 12 0 167
4 3 0 19 1 11 48
4 3 0 18 7 6 78
4 3 0 17 13 1 152
4 3 0 17 2 12 58
4 3 0 16 8 7 114
4 3 0 15 14 2 132
4 3 0 15 3 13 11
4 3 0 14 9 8 174
4 3 0 13 15 3 127
4 3 0 13 4 14 35
4 3 0 12 10 9 32
4 3 0 11 16 4 5
4 3 0 11 5 15 19
4 3 0 10 11 10 29
4 3 0 10 0 21 158
4 3 0 9 17 5 14
4 3 0 9 6 16 50
4 3 0 8 23 0 183
4 3 0 8 12 11 42
4 3 0 8 1 22 77
4 3 0 7 18 6 168
4 3 0 7 7 17 72
4 3 0 6 24 1 50
4 3 0 6 13 12 37
4 3 0 6 2 23 192
4 3 0 5 19 7 71
4 3 0 5 8 18 166
4 3 0 4 25 2 82
4 3 0 4 14 13 1
4 3 0 4 3 24 118
4 3 0 3 20 8 63
4 3 0 3 9 19 98
4 3 0 2 26 3 22
4 3 0 2 15 14 91
4 3 0 2 4 25 97
4 3 0 1 21 9 29
4 3 0 1 10 20 29
4 3 0 0 27 4 49
4 3 0 0 16 15 157
4 3 0 0 5 26 167
4 2 30 2 0 0 147
4 2 30 0 1 1 154
4 2 28 3 1 0 191
4 2 28 1 2 1 65
4 2 27 1 0 4 58
4 2 26 4 2 0 33
4 2 26 2 3 1 159
4 2 26 0 4 2 7
4 2 25 4 0 3 156
4 2 25 2 1 4 94
4 2 25 0 2 5 177
4 2 24 5 3 0 92
4 2 24 3 4 1 129
4 2 24 1 5 2 169
4 2 24 0 0 8 196
4 2 23 7 0 2 108
4 2 23 5 1 3 91
4 2 23 3 2 4 17
4 2 23 1 3 5 47
4 2 23 0 9 0 50
4 2 22 6 4 0 138
4 2 22 4 5 1 29
4 2 22 3 0 7 83
4 2 22 2 6 2 118
4 2 22 1 1 8 32
4 2 22 0 7 3 121
4 2 21 10 0 1 150
4 2 21 8 1 2 75
4 2 21 6 2 3 162
4 2 21 4 3 4 48
4 2 21 2 4 5 187
4 2 21 1 10 0 198
4 2 21 0 5 6 32
4 2 20 7 5 0 91
4 2 20 6 0 6 133
4 2 20 5 6 1 78
4 2 20 4 1 7 48
4 2 20 3 7 2 57
4 2 20 2 2 8 196
4 2 20 1 8 3 83
4 2 20 0 3 9 48
4 2 19 13 0 0 108
4 2 19 11 1 1 41
4 2 19 9 2 2 19
4 2 19 7 3 3 184
4 2 19 5 4 4 5
4 2 19 3 5 5 44
4 2 19 2 11 0 103
4 2 19 2 0 11 175
4 2 19 1 6 6 3
4 2 19 0 12 1 34
4 2 19 0 1 12 48
4 2 18 9 0 5 59
4 2 18 8 6 0 65
4 2 18 7 1 6 6
4 2 18 6 7 1 106
4 2 18 5 2 7 3
4 2 18 4 8 2 35
4 2 18 3 3 8 135
4 2 18 2 9 3 85
4 2 18 1 4 9 6
4 2 18 0 10 4 138
4 2 17 14 1 0 52
4 2 17 12 2 1 32
4 2 17 10 3 2 196
4 2 17 8 4 3 134
4 2 17 6 5 4 117
4 2 17 5 0 10 128
4 2 17 4 6 5 182
4 2 17 3 12 0 6
4 2 17 3 1 11 41
4 2 17 2 7 6 108
4 2 17 1 13 1 149
4 2 17 1 2 12 132
4 2 17 0 8 7 30
4 2 16 12 0 4 146
4 2 16 10 1 5 138
4 2 16 9 7 0 60
4 2 16 8 2 6 90
4 2 16 7 8 1 82
4 2 16 6 3 7 23
4 2 16 5 9 2 110
4 2 16 4 4 8 50
4 2 16 3 10 3 81
4 2 16 2 5 9 112
4 2 16 1 11 4 18
4 2 16 1 0 15 58
4 2 16 0 6 10 16
4 2 15 15 2 0 185
4 2 15 13 3 1 11
4 2 15 11 4 2 192
4 2 15 9 5 3 58
4 2 15 8 0 9 106
4 2 15 7 6 4 197
4 2 15 6 1 10 101
4 2 15 5 7 5 130
4 2 15 4 13 0 80
4 2 15 4 2 11 101
4 2 15 3 8 6 109
4 2 15 2 14 1 14
4 2 15 2 3 12 15
4 2 15 1 9 7 134
4 2 15 0 15 2 124
4 2 15 0 4 13 41
4 2 14 15 0 3 40
4 2 14 13 1 4 61
4 2 14 10 8 0 150
4 2 14 9 3 6 60
4 2 14 8 9 1 148
4 2 14 7 4 7 153
4 2 14 6 10 2 158
4 2 14 5 5 8 114
4 2 14 4 11 3 72
4 2 14 4 0 14 156
4 2 14 3 6 9 171
4 2 14 2 12 4 128
4 2 14 2 1 15 148
4 2 14 1 7 10 189
4 2 14 0 13 5 174
4 2 14 0 2 16 127
4 2 13 16 3 0 190
4 2 13 14 4 1 6
4 2 13 12 5 2 159
4 2 13 11 0 8 161
4 2 13 10 6 3 169
4 2 13 9 1 9 71
4 2 13 8 7 4 80
4 2 13 7 2 10 113
4 2 13 6 8 5 118
4 2 13 5 14 0 142
4 2 13 5 3 11 93
4 2 13 4 9 6 40
4 2 13 3 15 1 46
4 2 13 3 4 12 161
4 2 13 2 10 7 127
4 2 13 1 16 2 139
4 2 13 1 5 13 197
4 2 13 0 11 8 196
4 2 13 0 0 19 26
4 2 12 18 0 2 6
4 2 12 16 1 3 86
4 2 12 14 2 4 139
4 2 12 12 3 5 41
4 2 12 11 9 0 104
4 2 12 10 4 6 96
4 2 12 9 10 1 107
4 2 12 8 5 7 43
4 2 12 7 11 2 185
4 2 12 7 0 13 154
4 2 12 6 6 8 179
4 2 12 5 12 3 94
4 2 12 5 1 14 181
4 2 12 4 7 9 159
4 2 12 3 13 4 40
4 2 12 3 2 15 69
4 2 12 2 8 10 1
4 2 12 1 14 5 161
4 2 12 0 20 0 16
4 2 12 0 9 11 114
4 2 11 17 4 0 68
4 2 11 15 5 1 125
4 2 11 14 0 7 149
4 2 11 13 6 2 36
4 2 11 12 1 8 81
4 2 11 11 7 3 74
4 2 11 10 2 9 194
4 2 11 9 8 4 3
4 2 11 8 3 10 56
4 2 11 7 9 5 77
4 2 11 6 15 0 7
4 2 11 6 4 11 164
4 2 11 5 10 6 2
4 2 11 4 16 1 83
4 2 11 4 5 12 173
4 2 11 3 11 7 124
4 2 11 3 0 18 156
4 2 11 2 17 2 192
4 2 11 2 6 13 76
4 2 11 1 12 8 77
4 2 11 1 1 19 76
4 2 11 0 18 3 47
4 2 11 0 7 14 197
4 2 10 21 0 1 155
4 2 10 19 1 2 79
4 2 10 17 2 3 66
4 2 10 15 3 4 96
4 2 10 13 4 5 115
4 2 10 12 10 0 98
4 2 10 11 5 6 52
4 2 10 10 11 1 92
4 2 10 10 0 12 9
4 2 10 9 6 7 51
4 2 10 8 12 2 94
4 2 10 8 1 13 87
4 2 10 7 7 8 78
4 2 10 6 13 3 43
4 2 10 6 2 14 159
4 2 10 5 8 9 11
4 2 10 4 14 4 148
4 2 10 4 3 15 78
4 2 10 3 9 10 27
4 2 10 2 15 5 11
4 2 10 2 4 16 123
4 2 10 1 21 0 72
4 2 10 1 10 11 165
4 2 10 0 16 6 92
4 2 10 0 5 17 149
4 2 9 18 5 0 96
4 2 9 17 0 6 27
4 2 9 16 6 1 181
4 2 9 15 1 7 80
4 2 9 14 7 2 136
4 2 9 13 2 8 51
4 2 9 12 8 3 176
4 2 9 11 3 9 156
4 2 9 10 9 4 57
4 2 9 9 4 10 178
4 2 9 8 10 5 130
4 2 9 7 16 0 31
4 2 9 7 5 11 180
4 2 9 6 11 6 97
4 2 9 6 0 17 79
4 2 9 5 17 1 116
4 2 9 5 6 12 140
4 2 9 4 12 7 144
4 2 9 4 1 18 113
4 2 9 3 18 2 129
4 2 9 3 7 13 176
4 2 9 2 13 8 22
4 2 9 2 2 19 7
4 2 9 1 19 3 100
4 2 9 1 8 14 176
4 2 9 0 14 9 57
4 2 9 0 3 20 105
4 2 8 24 0 0 114
4 2 8 22 1 1 33
4 2 8 20 2 2 10
4 2 8 18 3 3 9
4 2 8 16 4 4 160
4 2 8 14 5 5 187
4 2 8 13 11 0 36
4 2 8 13 0 11 70
4 2 8 12 6 6 62
4 2 8 11 12 1 183
4 2 8 11 1 12 187
4 2 8 10 7 7 153
4 2 8 9 13 2 105
4 2 8 9 2 13 8
4 2 8 8 8 8 117
4 2 8 7 14 3 153
4 2 8 7 3 14 188
4 2 8 6 9 9 178
4 2 8 5 15 4 143
4 2 8 5 4 15 62
4 2 8 4 10 10 61
4 2 8 3 16 5 100
4 2 8 3 5 16 42
4 2 8 2 22 0 129
4 2 8 2 11 11 28
4 2 8 2 0 22 74
4 2 8 1 17 6 20
4 2 8 1 6 17 182
4 2 8 0 23 1 186
4 2 8 0 12 12 37
4 2 8 0 1 23 128
4 2 7 20 0 5 159
4 2 7 19 6 0 128
4 2 7 18 1 6 81
4 2 7 17 7 1 8
4 2 7 16 2 7 28
4 2 7 15 8 2 1
4 2 7 14 3 8 33
4 2 7 13 9 3 66
4 2 7 12 4 9 53
4 2 7 11 10 4 119
4 2 7 10 5 10 114
4 2 7 9 11 5 171
4 2 7 9 0 16 129
4 2 7 8 17 0 42
4 2 7 8 6 11 174
4 2 7 7 12 6 23
4 2 7 7 1 17 5
4 2 7 6 18 1 130
4 2 7 6 7 12 173
4 2 7 5 13 7 113
4 2 7 5 2 18 110
4 2 7 4 19 2 102
4 2 7 4 8 13 113
4 2 7 3 14 8 1
4 2 7 3 3 19 111
4 2 7 2 20 3 124
4 2 7 2 9 14 184
4 2 7 1 15 9 194
4 2 7 1 4 20 167
4 2 7 0 21 4 114
4 2 7 0 10 15 137
4 2 6 25 1 0 193
4 2 6 23 2 1 99
4 2 6 21 3 2 187
4 2 6 19 4 3 42
4 2 6 17 5 4 177
4 2 6 16 0 10 69
4 2 6 15 6 5 84
4 2 6 14 12 0 193
4 2 6 14 1 11 190
4 2 6 13 7 6 161
4 2 6 12 13 1 81
4 2 6 12 2 12 86
4 2 6 11 8 7 175
4 2 6 10 14 2 149
4 2 6 10 3 13 105
4 2 6 9 9 8 75
4 2 6 8 15 3 30
4 2 6 8 4 14 71
4 2 6 7 10 9 19
4 2 6 6 16 4 115
4 2 6 6 5 15 15
4 2 6 5 11 10 62
4 2 6 5 0 21 13
4 2 6 4 17 5 130
4 2 6 4 6 16 103
4 2 6 3 23 0 70
4 2 6 3 12 11 153
4 2 6 3 1 22 40
4 2 6 2 18 6 66
4 2 6 2 7 17 8
4 2 6 1 24 1 8
4 2 6 1 13 12 43
4 2 6 1 2 23 23
4 2 6 0 19 7 120
4 2 6 0 8 18 93
4 2 5 23 0 4 83
4 2 5 21 1 5 108
4 2 5 20 7 0 1
4 2 5 19 2 6 18
4 2 5 18 8 1 17
4 2 5 17 3 7 106
4 2 5 16 9 2 181
4 2 5 15 4 8 82
4 2 5 14 10 3 103
4 2 5 13 5 9 21
4 2 5 12 11 4 102
4 2 5 12 0 15 129
4 2 5 11 6 10 142
4 2 5 10 12 5 91
4 2 5 10 1 16 18
4 2 5 9 18 0 195
4 2 5 9 7 11 172
4 2 5 8 13 6 99
4 2 5 8 2 17 100
4 2 5 7 19 1 137
4 2 5 7 8 12 146
4 2 5 6 14 7 176
4 2 5 6 3 18 75
4 2 5 5 20 2 139
4 2 5 5 9 13 112
4 2 5 4 15 8 170
4 2 5 4 4 19 8
4 2 5 3 21 3 36
4 2 5 3 10 14 25
4 2 5 2 16 9 145
4 2 5 2 5 20 37
4 2 5 1 22 4 189
4 2 5 1 11 15 123
4 2 5 1 0 26 138
4 2 5 0 17 10 15
4 2 5 0 6 21 174
4 2 4 26 2 0 50
4 2 4 24 3 1 156
4 2 4 22 4 2 29
4 2 4 20 5 3 174
4 2 4 19 0 9 126
4 2 4 18 6 4 104
4 2 4 17 1 10 63
4 2 4 16 7 5 34
4 2 4 15 13 0 45
4 2 4 15 2 11 53
4 2 4 14 8 6 62
4 2 4 13 14 1 115
4 2 4 13 3 12 47
4 2 4 12 9 7 2
4 2 4 11 15 2 105
4 2 4 11 4 13 183
4 2 4 10 10 8 104
4 2 4 9 16 3 59
4 2 4 9 5 14 119
4 2 4 8 11 9 5
4 2 4 8 0 20 90
4 2 4 7 17 4 10
4 2 4 7 6 15 86
4 2 4 6 12 10 81
4 2 4 6 1 21 33
4 2 4 5 18 5 60
4 2 4 5 7 16 53
4 2 4 4 24 0 17
4 2 4 4 13 11 2
4 2 4 4 2 22 60
4 2 4 3 19 6 66
4 2 4 3 8 17 183
4 2 4 2 25 1 154
4 2 4 2 14 12 105
4 2 4 2 3 23 40
4 2 4 1 20 7 109
4 2 4 1 9 18 11
4 2 4 0 26 2 35
4 2 4 0 15 13 149
4 2 4 0 4 24 131
4 2 3 26 0 3 96
4 2 3 24 1 4 88
4 2 3 22 2 5 93
4 2 3 21 8 0 77
4 2 3 20 3 6 186
4 2 3 19 9 1 159
4 2 3 18 4 7 98
4 2 3 17 10 2 77
4 2 3 16 5 8 111
4 2 3 15 11 3 25
4 2 3 15 0 14 163
4 2 3 14 6 9 40
4 2 3 13 12 4 48
4 2 3 13 1 15 130
4 2 3 12 7 10 196
4 2 3 11 13 5 156
4 2 3 11 2 16 56
4 2 3 10 19 0 176
4 2 3 10 8 11 104
4 2 3 9 14 6 138
4 2 3 9 3 17 96
4 2 3 8 20 1 49
4 2 3 8 9 12 159
4 2 3 7 15 7 180
4 2 3 7 4 18 191
4 2 3 6 21 2 198
4 2 3 6 10 13 165
4 2 3 5 16 8 166
4 2 3 5 5 19 56
4 2 3 4 22 3 143
4 2 3 4 11 14 151
4 2 3 4 0 25 114
4 2 3 3 17 9 138
4 2 3 2 23 4 188
4 2 3 2 12 15 197
4 2 3 2 1 26 29
4 2 3 1 18 10 6
4 2 3 1 7 21 14
4 2 3 0 24 5 167
4 2 3 0 13 16 79
4 2 3 0 2 27 168
4 2 2 27 3 0 59
4 2 2 25 4 1 88
4 2 2 23 5 2 135
4 2 2 22 0 8 149
4 2 2 21 6 3 164
4 2 2 20 1 9 60
4 2 2 19 7 4 185
4 2 2 18 2 10 117
4 2 2 17 8 5 194
4 2 2 16 14 0 38
4 2 2 16 3 11 91
4 2 2 15 9 6 26
4 2 2 14 15 1 110
4 2 2 14 4 12 13
4 2 2 13 10 7 16
4 2 2 12 16 2 169
4 2 2 12 5 13 42
4 2 2 11 11 8 187
4 2 2 10 17 3 14
4 2 2 10 6 14 58
4 2 2 9 12 9 10
4 2 2 9 1 20 15
4 2 2 8 18 4 98
4 2 2 8 7 15 27
4 2 2 7 13 10 122
4 2 2 7 2 21 100
4 2 2 6 19 5 174
4 2 2 6 8 16 140
4 2 2 5 25 0 71
4 2 2 5 14 11 38
4 2 2 5 3 22 161
4 2 2 4 20 6 115
4 2 2 4 9 17 162
4 2 2 3 26 1 179
4 2 2 3 15 12 136
4 2 2 3 4 23 130
4 2 2 2 21 7 37
4 2 2 2 10 18 124
4 2 2 1 27 2 8
4 2 2 1 16 13 119
4 2 2 1 5 24 64
4 2 2 0 22 8 46
4 2 2 0 11 19 118
4 2 1 29 0 2 31
4 2 1 27 1 3 13
4 2 1 25 2 4 192
4 2 1 23 3 5 22
4 2 1 22 9 0 181
4 2 1 21 4 6 102
4 2 1 20 10 1 111
4 2 1 19 5 7 98
4 2 1 18 11 2 29
4 2 1 18 0 13 33
4 2 1 17 6 8 174
4 2 1 16 12 3 196
4 2 1 16 1 14 91
4 2 1 15 7 9 35
4 2 1 14 13 4 94
4 2 1 14 2 15 175
4 2 1 13 8 10 183
4 2 1 12 14 5 169
4 2 1 12 3 16 7
4 2 1 11 20 0 35
4 2 1 11 9 11 25
4 2 1 10 15 6 25
4 2 1 10 4 17 180
4 2 1 9 21 1 78
4 2 1 9 10 12 48
4 2 1 8 16 7 7
4 2 1 8 5 18 159
4 2 1 7 22 2 191
4 2 1 7 11 13 34
4 2 1 7 0 24 189
4 2 1 6 17 8 119
4 2 1 6 6 19 40
4 2 1 5 23 3 119
4 2 1 5 12 14 68
4 2 1 5 1 25 198
4 2 1 4 18 9 150
4 2 1 4 7 20 161
4 2 1 3 24 4 83
4 2 1 3 13 15 133
4 2 1 3 2 26 16
4 2 1 2 19 10 94
4 2 1 2 8 21 106
4 2 1 1 25 5 99
4 2 1 1 14 16 37
4 2 1 1 3 27 174
4 2 1 0 31 0 181
4 2 1 0 20 11 113
4 2 1 0 9 22 100
4 2 0 28 4 0 144
4 2 0 26 5 1 189
4 2 0 25 0 7 29
4 2 0 24 6 2 30
4 2 0 23 1 8 171
4 2 0 22 7 3 187
4 2 0 21 2 9 118
4 2 0 20 8 4 175
4 2 0 19 3 10 107
4 2 0 18 9 5 40
4 2 0 17 15 0 39
4 2 0 17 4 11 2
4 2 0 16 10 6 192
4 2 0 15 16 1 70
4 2 0 15 5 12 151
4 2 0 14 11 7 123
4 2 0 14 0 18 22
4 2 0 13 17 2 19
4 2 0 13 6 13 159
4 2 0 12 12 8 94
4 2 0 12 1 19 39
4 2 0 11 18 3 86
4 2 0 11 7 14 157
4 2 0 10 13 9 105
4 2 0 10 2 20 37
4 2 0 9 19 4 48
4 2 0 9 8 15 88
4 2 0 8 14 10 75
4 2 0 8 3 21 26
4 2 0 7 20 5 51
4 2 0 7 9 16 15
4 2 0 6 26 0 179
4 2 0 6 15 11 129
4 2 0 6 4 22 158
4 2 0 5 21 6 73
4 2 0 5 10 17 174
4 2 0 4 27 1 183
4 2 0 4 16 12 118
4 2 0 4 5 23 35
4 2 0 3 22 7 38
4 2 0 3 11 18 94
4 2 0 3 0 29 187
4 2 0 2 28 2 136
4 2 0 2 17 13 149
4 2 0 2 6 24 76
4 2 0 1 23 8 17
4 2 0 1 12 19 144
4 2 0 1 1 30 60
4 2 0 0 29 3 145
4 2 0 0 18 14 69
4 2 0 0 7 25 89
4 1 30 0 3 0 54
4 1 29 2 0 2 124
4 1 29 0 1 3 110
4 1 28 1 4 0 93
4 1 27 5 0 1 65
4 1 27 3 1 2 116
4 1 27 1 2 3 119
4 1 26 2 5 0 4
4 1 26 1 0 6 83
4 1 26 0 6 1 81
4 1 25 8 0 0 72
4 1 25 6 1 1 189
4 1 25 4 2 2 78
4 1 25 2 3 3 84
4 1 25 0 4 4 82
4 1 24 4 0 5 153
4 1 24 3 6 0 141
4 1 24 2 1 6 71
4 1 24 1 7 1 68
4 1 24 0 2 7 149
4 1 23 9 1 0 64
4 1 23 7 2 1 88
4 1 23 5 3 2 104
4 1 23 3 4 3 111
4 1 23 1 5 4 47
4 1 23 0 0 10 22
4 1 22 7 0 4 109
4 1 22 5 1 5 165
4 1 22 4 7 0 100
4 1 22 3 2 6 184
4 1 22 2 8 1 20
4 1 22 1 3 7 107
4 1 22 0 9 2 156
4 1 21 8 3 1 140
4 1 21 6 4 2 109
4 1 21 4 5 3 78
4 1 21 3 0 9 15
4 1 21 2 6 4 38
4 1 21 1 1 10 169
4 1 21 0 7 5 129
4 1 20 10 0 3 194
4 1 20 8 1 4 49
4 1 20 6 2 5 31
4 1 20 5 8 0 152
4 1 20 4 3 6 10
4 1 20 3 9 1 158
4 1 20 2 4 7 159
4 1 20 1 10 2 195
4 1 20 0 5 8 71
4 1 19 11 3 0 12
4 1 19 9 4 1 156
4 1 19 7 5 2 145
4 1 19 6 0 8 24
4 1 19 5 6 3 126
4 1 19 4 1 9 101
4 1 19 3 7 4 29
4 1 19 2 2 10 31
4 1 19 1 8 5 116
4 1 19 0 14 0 65
4 1 19 0 3 11 153
4 1 18 13 0 2 113
4 1 18 11 1 3 99
4 1 18 9 2 4 1
4 1 18 7 3 5 75
4 1 18 6 9 0 74
4 1 18 5 4 6 85
4 1 18 4 10 1 53
4 1 18 3 5 7 126
4 1 18 2 11 2 1
4 1 18 2 0 13 44
4 1 18 1 6 8 115
4 1 18 0 12 3 122
4 1 18 0 1 14 120
4 1 17 12 4 0 193
4 1 17 10 5 1 64
4 1 17 9 0 7 146
4 1 17 8 6 2 134
4 1 17 7 1 8 170
4 1 17 6 7 3 162
4 1 17 5 2 9 19
4 1 17 4 8 4 151
4 1 17 3 3 10 59
4 1 17 2 9 5 168
4 1 17 1 15 0 71
4 1 17 1 4 11 188
4 1 17 0 10 6 191
4 1 16 16 0 1 129
4 1 16 14 1 2 189
4 1 16 12 2 3 71
4 1 16 10 3 4 130
4 1 16 8 4 5 176
4 1 16 7 10 0 43
4 1 16 6 5 6 53
4 1 16 5 11 1 178
4 1 16 5 0 12 1
4 1 16 4 6 7 39
4 1 16 3 12 2 12
4 1 16 3 1 13 95
4 1 16 2 7 8 187
4 1 16 1 13 3 21
4 1 16 1 2 14 86
4 1 16 0 8 9 57
4 1 15 13 5 0 154
4 1 15 12 0 6 55
4 1 15 11 6 1 198
4 1 15 10 1 7 70
4 1 15 9 7 2 175
4 1 15 8 2 8 9
4 1 15 7 8 3 166
4 1 15 6 3 9 44
4 1 15 5 9 4 25
4 1 15 4 4 10 149
4 1 15 3 10 5 19
4 1 15 2 16 0 72
4 1 15 2 5 11 65
4 1 15 1 11 6 129
4 1 15 1 0 17 17
4 1 15 0 17 1 183
4 1 15 0 6 12 103
4 1 14 19 0 0 42
4 1 14 17 1 1 23
4 1 14 15 2 2 93
4 1 14 13 3 3 63
4 1 14 11 4 4 40
4 1 14 9 5 5 101
4 1 14 8 11 0 72
4 1 14 8 0 11 139
4 1 14 7 6 6 42
4 1 14 6 12 1 70
4 1 14 6 1 12 143
4 1 14 5 7 7 173
4 1 14 4 13 2 67
4 1 14 4 2 13 159
4 1 14 3 8 8 191
4 1 14 2 14 3 132
4 1 14 2 3 14 197
4 1 14 1 9 9 37
4 1 14 0 15 4 59
4 1 14 0 4 15 151
4 1 13 15 0 5 188
4 1 13 14 6 0 28
4 1 13 13 1 6 21
4 1 13 12 7 1 134
4 1 13 11 2 7 136
4 1 13 10 8 2 70
4 1 13 9 3 8 154
4 1 13 8 9 3 117
4 1 13 7 4 9 167
4 1 13 6 10 4 42
4 1 13 5 5 10 24
4 1 13 4 11 5 109
4 1 13 4 0 16 140
4 1 13 3 17 0 25
4 1 13 3 6 11 27
4 1 13 2 12 6 47
4 1 13 2 1 17 85
4 1 13 1 18 1 172
4 1 13 1 7 12 106
4 1 13 0 13 7 142
4 1 13 0 2 18 181
4 1 12 20 1 0 70
4 1 12 18 2 1 16
4 1 12 16 3 2 171
4 1 12 14 4 3 31
4 1 12 12 5 4 26
4 1 12 11 0 10 100
4 1 12 10 6 5 111
4 1 12 9 12 0 41
4 1 12 9 1 11 61
4 1 12 8 7 6 89
4 1 12 7 13 1 104
4 1 12 7 2 12 4
4 1 12 6 8 7 189
4 1 12 5 14 2 51
4 1 12 5 3 13 49
4 1 12 4 9 8 7
4 1 12 3 15 3 57
4 1 12 3 4 14 174
4 1 12 2 10 9 165
4 1 12 1 16 4 29
4 1 12 1 5 15 72
4 1 12 0 11 10 90
4 1 12 0 0 21 196
4 1 11 18 0 4 190
4 1 11 16 1 5 120
4 1 11 15 7 0 146
4 1 11 14 2 6 132
4 1 11 13 8 1 8
4 1 11 12 3 7 60
4 1 11 11 9 2 161
4 1 11 10 4 8 16
4 1 11 9 10 3 32
4 1 11 8 5 9 157
4 1 11 7 11 4 130
4 1 11 7 0 15 13
4 1 11 6 6 10 126
4 1 11 5 12 5 124
4 1 11 5 1 16 6
4 1 11 4 18 0 169
4 1 11 4 7 11 102
4 1 11 3 13 6 61
4 1 11 3 2 17 177
4 1 11 2 19 1 186
4 1 11 2 8 12 65
4 1 11 1 14 7 62
4 1 11 1 3 18 182
4 1 11 0 20 2 132
4 1 11 0 9 13 72
4 1 10 21 2 0 111
4 1 10 19 3 1 31
4 1 10 17 4 2 25
4 1 10 15 5 3 5
4 1 10 14 0 9 164
4 1 10 13 6 4 134
4 1 10 12 1 10 86
4 1 10 11 7 5 177
4 1 10 10 13 0 101
4 1 10 10 2 11 113
4 1 10 9 8 6 15
4 1 10 8 14 1 178
4 1 10 8 3 12 141
4 1 10 7 9 7 124
4 1 10 6 15 2 138
4 1 10 6 4 13 33
4 1 10 5 10 8 140
4 1 10 4 16 3 51
4 1 10 4 5 14 62
4 1 10 3 11 9 24
4 1 10 3 0 20 165
4 1 10 2 17 4 11
4 1 10 2 6 15 88
4 1 10 1 12 10 39
4 1 10 1 1 21 179
4 1 10 0 18 5 17
4 1 10 0 7 16 62
4 1 9 21 0 3 171
4 1 9 19 1 4 53
4 1 9 17 2 5 10
4 1 9 16 8 0 196
4 1 9 15 3 6 7
4 1 9 14 9 1 48
4 1 9 13 4 7 181
4 1 9 12 10 2 1
4 1 9 11 5 8 22
4 1 9 10 11 3 59
4 1 9 10 0 14 67
4 1 9 9 6 9 161
4 1 9 8 12 4 100
4 1 9 8 1 15 134
4 1 9 7 7 10 24
4 1 9 6 13 5 70
4 1 9 6 2 16 118
4 1 9 5 19 0 109
4 1 9 5 8 11 137
4 1 9 4 14 6 138
4 1 9 4 3 17 173
4 1 9 3 20 1 123
4 1 9 3 9 12 179
4 1 9 2 15 7 114
4 1 9 2 4 18 128
4 1 9 1 21 2 181
4 1 9 1 10 13 48
4 1 9 0 16 8 101
4 1 9 0 5 19 89
4 1 8 22 3 0 172
4 1 8 20 4 1 175
4 1 8 18 5 2 68
4 1 8 17 0 8 118
4 1 8 16 6 3 49
4 1 8 15 1 9 154
4 1 8 14 7 4 66
4 1 8 13 2 10 184
4 1 8 12 8 5 100
4 1 8 11 14 0 180
4 1 8 11 3 11 117
4 1 8 10 9 6 136
4 1 8 9 15 1 90
4 1 8 9 4 12 9
4 1 8 8 10 7 62
4 1 8 7 16 2 10
4 1 8 7 5 13 90
4 1 8 6 11 8 183
4 1 8 6 0 19 136
4 1 8 5 17 3 120
4 1 8 5 6 14 160
4 1 8 4 12 9 61
4 1 8 4 1 20 149
4 1 8 3 18 4 124
4 1 8 3 7 15 168
4 1 8 2 13 10 8
4 1 8 2 2 21 126
4 1 8 1 19 5 176
4 1 8 1 8 16 96
4 1 8 0 25 0 121
4 1 8 0 14 11 26
4 1 8 0 3 22 146
4 1 7 24 0 2 146
4 1 7 22 1 3 140
4 1 7 20 2 4 78
4 1 7 18 3 5 159
4 1 7 17 9 0 164
4 1 7 16 4 6 189
4 1 7 15 10 1 173
4 1 7 14 5 7 2
4 1 7 13 11 2 95
4 1 7 13 0 13 103
4 1 7 12 6 8 164
4 1 7 11 12 3 120
4 1 7 11 1 14 185
4 1 7 10 7 9 140
4 1 7 9 13 4 124
4 1 7 9 2 15 58
4 1 7 8 8 10 171
4 1 7 7 14 5 77
4 1 7 7 3 16 54
4 1 7 6 20 0 94
4 1 7 6 9 11 152
4 1 7 5 15 6 119
4 1 7 5 4 17 188
4 1 7 4 21 1 104
4 1 7 4 10 12 70
4 1 7 3 16 7 176
4 1 7 3 5 18 132
4 1 7 2 22 2 74
4 1 7 2 11 13 111
4 1 7 2 0 24 12
4 1 7 1 17 8 35
4 1 7 1 6 19 14
4 1 7 0 23 3 144
4 1 7 0 12 14 47
4 1 7 0 1 25 16
4 1 6 23 4 0 144
4 1 6 21 5 1 31
4 1 6 20 0 7 129
4 1 6 19 6 2 17
4 1 6 18 1 8 163
4 1 6 17 7 3 14
4 1 6 16 2 9 133
4 1 6 15 8 4 112
4 1 6 14 3 10 69
4 1 6 13 9 5 188
4 1 6 12 15 0 140
4 1 6 12 4 11 20
4 1 6 11 10 6 24
4 1 6 10 16 1 143
4 1 6 10 5 12 116
4 1 6 9 11 7 42
4 1 6 9 0 18 122
4 1 6 8 17 2 127
4 1 6 8 6 13 2
4 1 6 7 12 8 184
4 1 6 7 1 19 113
4 1 6 6 18 3 96
4 1 6 6 7 14 129
4 1 6 5 13 9 80
4 1 6 5 2 20 6
4 1 6 4 19 4 8
4 1 6 4 8 15 136
4 1 6 3 14 10 20
4 1 6 3 3 21 143
4 1 6 2 20 5 174
4 1 6 2 9 16 94
4 1 6 1 26 0 198
4 1 6 1 15 11 30
4 1 6 1 4 22 10
4 1 6 0 21 6 11
4 1 6 0 10 17 137
4 1 5 27 0 1 30
4 1 5 25 1 2 97
4 1 5 23 2 3 198
4 1 5 21 3 4 109
4 1 5 19 4 5 56
4 1 5 18 10 0 6
4 1 5 17 5 6 186
4 1 5 16 11 1 90
4 1 5 16 0 12 65
4 1 5 15 6 7 83
4 1 5 14 12 2 168
4 1 5 14 1 13 72
4 1 5 13 7 8 162
4 1 5 12 13 3 114
4 1 5 12 2 14 37
4 1 5 11 8 9 164
4 1 5 10 14 4 112
4 1 5 10 3 15 99
4 1 5 9 9 10 156
4 1 5 8 15 5 132
4 1 5 8 4 16 2
4 1 5 7 21 0 68
4 1 5 7 10 11 74
4 1 5 6 16 6 102
4 1 5 6 5 17 2
4 1 5 5 22 1 139
4 1 5 5 11 12 187
4 1 5 5 0 23 127
4 1 5 4 17 7 29
4 1 5 4 6 18 113
4 1 5 3 23 2 175
4 1 5 3 12 13 156
4 1 5 3 1 24 62
4 1 5 2 18 8 56
4 1 5 2 7 19 118
4 1 5 1 24 3 106
4 1 5 1 13 14 60
4 1 5 1 2 25 123
4 1 5 0 19 9 19
4 1 5 0 8 20 152
4 1 4 24 5 0 33
4 1 4 23 0 6 60
4 1 4 22 6 1 30
4 1 4 21 1 7 21
4 1 4 20 7 2 55
4 1 4 19 2 8 5
4 1 4 18 8 3 188
4 1 4 17 3 9 173
4 1 4 16 9 4 96
4 1 4 15 4 10 146
4 1 4 14 10 5 33
4 1 4 13 16 0 180
4 1 4 13 5 11 120
4 1 4 12 11 6 24
4 1 4 12 0 17 35
4 1 4 11 17 1 19
4 1 4 11 6 12 53
4 1 4 10 12 7 129
4 1 4 10 1 18 12
4 1 4 9 18 2 159
4 1 4 9 7 13 68
4 1 4 8 13 8 18
4 1 4 8 2 19 16
4 1 4 7 19 3 198
4 1 4 7 8 14 140
4 1 4 6 14 9 51
4 1 4 6 3 20 51
4 1 4 5 20 4 79
4 1 4 5 9 15 128
4 1 4 4 15 10 125
4 1 4 4 4 21 183
4 1 4 3 21 5 104
4 1 4 3 10 16 34
4 1 4 2 27 0 71
4 1 4 2 16 11 119
4 1 4 2 5 22 195
4 1 4 1 22 6 191
4 1 4 1 11 17 160
4 1 4 1 0 28 37
4 1 4 0 28 1 183
4 1 4 0 17 12 180
4 1 4 0 6 23 7
4 1 3 30 0 0 96
4 1 3 28 1 1 163
4 1 3 26 2 2 35
4 1 3 24 3 3 166
4 1 3 22 4 4 114
4 1 3 20 5 5 134
4 1 3 19 11 0 49
4 1 3 19 0 11 146
4 1 3 18 6 6 25
4 1 3 17 12 1 67
4 1 3 17 1 12 91
4 1 3 16 7 7 164
4 1 3 15 13 2 181
4 1 3 15 2 13 24
4 1 3 14 8 8 82
4 1 3 13 14 3 117
4 1 3 13 3 14 162
4 1 3 12 9 9 92
4 1 3 11 15 4 45
4 1 3 11 4 15 115
4 1 3 10 10 10 172
4 1 3 9 16 5 173
4 1 3 9 5 16 81
4 1 3 8 22 0 18
4 1 3 8 11 11 91
4 1 3 8 0 22 190
4 1 3 7 17 6 192
4 1 3 7 6 17 113
4 1 3 6 23 1 12
4 1 3 6 12 12 128
4 1 3 6 1 23 9
4 1 3 5 18 7 35
4 1 3 5 7 18 156
4 1 3 4 24 2 83
4 1 3 4 13 13 130
4 1 3 4 2 24 120
4 1 3 3 19 8 169
4 1 3 3 8 19 6
4 1 3 2 25 3 58
4 1 3 2 14 14 128
4 1 3 2 3 25 5
4 1 3 1 20 9 17
4 1 3 1 9 20 77
4 1 3 0 26 4 11
4 1 3 0 15 15 99
4 1 3 0 4 26 56
4 1 2 26 0 5 82
4 1 2 25 6 0 136
4 1 2 24 1 6 136
4 1 2 23 7 1 192
4 1 2 22 2 7 82
4 1 2 21 8 2 58
4 1 2 20 3 8 124
4 1 2 19 9 3 154
4 1 2 18 4 9 95
4 1 2 17 10 4 188
4 1 2 16 5 10 118
4 1 2 15 11 5 97
4 1 2 15 0 16 52
4 1 2 14 17 0 59
4 1 2 14 6 11 137
4 1 2 13 12 6 165
4 1 2 13 1 17 85
4 1 2 12 18 1 16
4 1 2 12 7 12 173
4 1 2 11 13 7 104
4 1 2 11 2 18 72
4 1 2 10 19 2 17
4 1 2 10 8 13 95
4 1 2 9 14 8 49
4 1 2 9 3 19 97
4 1 2 8 20 3 181
4 1 2 8 9 14 27
4 1 2 7 15 9 32
4 1 2 7 4 20 44
4 1 2 6 21 4 138
4 1 2 6 10 15 65
4 1 2 5 16 10 68
4 1 2 5 5 21 143
4 1 2 4 22 5 15
4 1 2 4 11 16 112
4 1 2 4 0 27 19
4 1 2 3 28 0 158
4 1 2 3 17 11 44
4 1 2 3 6 22 71
4 1 2 2 23 6 35
4 1 2 2 12 17 134
4 1 2 2 1 28 145
4 1 2 1 29 1 198
4 1 2 1 18 12 114
4 1 2 1 7 23 24
4 1 2 0 24 7 92
4 1 2 0 13 18 79
4 1 2 0 2 29 194
4 1 1 31 1 0 188
4 1 1 29 2 1 129
4 1 1 27 3 2 28
4 1 1 25 4 3 134
4 1 1 23 5 4 68
4 1 1 22 0 10 136
4 1 1 21 6 5 37
4 1 1 20 12 0 59
4 1 1 20 1 11 169
4 1 1 19 7 6 75
4 1 1 18 13 1 103
4 1 1 18 2 12 137
4 1 1 17 8 7 49
4 1 1 16 14 2 33
4 1 1 16 3 13 3
4 1 1 15 9 8 39
4 1 1 14 15 3 101
4 1 1 14 4 14 156
4 1 1 13 10 9 69
4 1 1 12 16 4 156
4 1 1 12 5 15 134
4 1 1 11 11 10 171
4 1 1 11 0 21 91
4 1 1 10 17 5 86
4 1 1 10 6 16 129
4 1 1 9 23 0 70
4 1 1 9 12 11 66
4 1 1 9 1 22 141
4 1 1 8 18 6 157
4 1 1 8 7 17 69
4 1 1 7 24 1 59
4 1 1 7 13 12 146
4 1 1 7 2 23 126
4 1 1 6 19 7 162
4 1 1 6 8 18 119
4 1 1 5 25 2 64
4 1 1 5 14 13 31
4 1 1 5 3 24 73
4 1 1 4 20 8 16
4 1 1 4 9 19 65
4 1 1 3 26 3 102
4 1 1 3 15 14 180
4 1 1 3 4 25 88
4 1 1 2 21 9 83
4 1 1 2 10 20 157
4 1 1 1 27 4 128
4 1 1 1 16 15 67
4 1 1 1 5 26 1
4 1 1 0 22 10 159
4 1 1 0 11 21 155
4 1 1 0 0 32 180
4 1 0 29 0 4 87
4 1 0 27 1 5 181
4 1 0 26 7 0 126
4 1 0 25 2 6 132
4 1 0 24 8 1 84
4 1 0 23 3 7 166
4 1 0 22 9 2 116
4 1 0 21 4 8 193
4 1 0 20 10 3 52
4 1 0 19 5 9 96
4 1 0 18 11 4 56
4 1 0 18 0 15 15
4 1 0 17 6 10 90
4 1 0 16 12 5 155
4 1 0 16 1 16 146
4 1 0 15 18 0 133
4 1 0 15 7 11 124
4 1 0 14 13 6 116
4 1 0 14 2 17 65
4 1 0 13 19 1 176
4 1 0 13 8 12 55
4 1 0 12 14 7 156
4 1 0 12 3 18 178
4 1 0 11 20 2 169
4 1 0 11 9 13 9
4 1 0 10 15 8 142
4 1 0 10 4 19 39
4 1 0 9 21 3 44
4 1 0 9 10 14 151
4 1 0 8 16 9 125
4 1 0 8 5 20 97
4 1 0 7 22 4 84
4 1 0 7 11 15 165
4 1 0 7 0 26 148
4 1 0 6 17 10 16
4 1 0 6 6 21 197
4 1 0 5 23 5 52
4 1 0 5 12 16 35
4 1 0 5 1 27 186
4 1 0 4 29 0 63
4 1 0 4 18 11 124
4 1 0 4 7 22 122
4 1 0 3 24 6 32
4 1 0 3 13 17 36
4 1 0 3 2 28 3
4 1 0 2 30 1 130
4 1 0 2 19 12 12
4 1 0 2 8 23 163
4 1 0 1 25 7 98
4 1 0 1 14 18 6
4 1 0 1 3 29 119
4 1 0 0 31 2 56
4 1 0 0 20 13 7
4 1 0 0 9 24 122
4 0 31 1 1 1 186
4 0 29 4 1 0 176
4 0 29 2 2 1 48
4 0 29 0 3 2 93
4 0 28 2 0 4 192
4 0 28 0 1 5 136
4 0 27 5 2 0 112
4 0 27 1 4 2 88
4 0 26 5 0 3 120
4 0 26 3 1 4 4
4 0 26 1 2 5 18
4 0 26 0 8 0 35
4 0 25 6 3 0 127
4 0 25 4 4 1 116
4 0 25 2 5 2 114
4 0 25 1 0 8 167
4 0 25 0 6 3 198
4 0 24 8 0 2 153
4 0 24 6 1 3 106
4 0 24 4 2 4 158
4 0 24 2 3 5 44
4 0 24 1 9 0 128
4 0 24 0 4 6 12
4 0 23 7 4 0 49
4 0 23 5 5 1 49
4 0 23 4 0 7 111
4 0 23 3 6 2 176
4 0 23 2 1 8 155
4 0 23 1 7 3 63
4 0 23 0 2 9 31
4 0 22 11 0 1 145
4 0 22 9 1 2 89
4 0 22 7 2 3 85
4 0 22 5 3 4 67
4 0 22 3 4 5 134
4 0 22 2 10 0 166
4 0 22 1 5 6 197
4 0 22 0 11 1 62
4 0 22 0 0 12 23
4 0 21 8 5 0 129
4 0 21 7 0 6 17
4 0 21 6 6 1 96
4 0 21 5 1 7 45
4 0 21 4 7 2 154
4 0 21 3 2 8 159
4 0 21 2 8 3 135
4 0 21 1 3 9 16
4 0 21 0 9 4 13
4 0 20 14 0 0 50
4 0 20 12 1 1 164
4 0 20 10 2 2 92
4 0 20 8 3 3 95
4 0 20 6 4 4 117
4 0 20 4 5 5 189
4 0 20 3 11 0 77
4 0 20 3 0 11 161
4 0 20 2 6 6 159
4 0 20 1 12 1 159
4 0 20 1 1 12 144
4 0 20 0 7 7 197
4 0 19 10 0 5 21
4 0 19 9 6 0 66
4 0 19 8 1 6 167
4 0 19 7 7 1 39
4 0 19 6 2 7 194
4 0 19 5 8 2 79
4 0 19 4 3 8 184
4 0 19 3 9 3 37
4 0 19 2 4 9 133
4 0 19 1 10 4 175
4 0 19 0 5 10 145
4 0 18 15 1 0 128
4 0 18 13 2 1 100
4 0 18 11 3 2 23
4 0 18 9 4 3 18
4 0 18 7 5 4 100
4 0 18 6 0 10 63
4 0 18 5 6 5 161
4 0 18 4 12 0 144
4 0 18 4 1 11 186
4 0 18 3 7 6 116
4 0 18 2 13 1 45
4 0 18 2 2 12 77
4 0 18 1 8 7 93
4 0 18 0 14 2 7
4 0 18 0 3 13 108
4 0 17 13 0 4 113
4 0 17 11 1 5 142
4 0 17 10 7 0 88
4 0 17 9 2 6 33
4 0 17 8 8 1 100
4 0 17 7 3 7 99
4 0 17 6 9 2 172
4 0 17 5 4 8 144
4 0 17 4 10 3 186
4 0 17 3 5 9 156
4 0 17 2 11 4 46
4 0 17 2 0 15 5
4 0 17 1 6 10 49
4 0 17 0 12 5 57
4 0 17 0 1 16 123
4 0 16 16 2 0 63
4 0 16 14 3 1 105
4 0 16 12 4 2 12
4 0 16 10 5 3 84
4 0 16 9 0 9 18
4 0 16 8 6 4 57
4 0 16 7 1 10 171
4 0 16 6 7 5 117
4 0 16 5 13 0 23
4 0 16 5 2 11 146
4 0 16 4 8 6 64
4 0 16 3 14 1 88
4 0 16 3 3 12 11
4 0 16 2 9 7 182
4 0 16 1 15 2 45
4 0 16 1 4 13 27
4 0 16 0 10 8 185
4 0 15 16 0 3 132
4 0 15 14 1 4 120
4 0 15 12 2 5 7
4 0 15 11 8 0 184
4 0 15 10 3 6 119
4 0 15 9 9 1 183
4 0 15 8 4 7 155
4 0 15 7 10 2 133
4 0 15 6 5 8 139
4 0 15 5 11 3 55
4 0 15 5 0 14 143
4 0 15 4 6 9 162
4 0 15 3 12 4 13
4 0 15 3 1 15 70
4 0 15 2 7 10 190
4 0 15 1 13 5 147
4 0 15 1 2 16 184
4 0 15 0 19 0 169
4 0 15 0 8 11 23
4 0 14 17 3 0 96
4 0 14 15 4 1 106
4 0 14 13 5 2 154
4 0 14 12 0 8 166
4 0 14 11 6 3 29
4 0 14 10 1 9 26
4 0 14 9 7 4 130
4 0 14 8 2 10 185
4 0 14 7 8 5 45
4 0 14 6 14 0 56
4 0 14 6 3 11 20
4 0 14 5 9 6 59
4 0 14 4 15 1 163
4 0 14 4 4 12 72
4 0 14 3 10 7 190
4 0 14 2 16 2 22
4 0 14 2 5 13 127
4 0 14 1 11 8 5
4 0 14 1 0 19 10
4 0 14 0 17 3 143
4 0 14 0 6 14 85
4 0 13 19 0 2 74
4 0 13 17 1 3 19
4 0 13 15 2 4 79
4 0 13 13 3 5 185
4 0 13 12 9 0 148
4 0 13 11 4 6 48
4 0 13 10 10 1 109
4 0 13 9 5 7 67
4 0 13 8 11 2 150
4 0 13 8 0 13 47
4 0 13 7 6 8 27
4 0 13 6 12 3 92
4 0 13 6 1 14 125
4 0 13 5 7 9 51
4 0 13 4 13 4 186
4 0 13 4 2 15 186
4 0 13 3 8 10 161
4 0 13 2 14 5 79
4 0 13 2 3 16 173
4 0 13 1 20 0 65
4 0 13 1 9 11 174
4 0 13 0 15 6 6
4 0 13 0 4 17 96
4 0 12 18 4 0 176
4 0 12 16 5 1 196
4 0 12 15 0 7 10
4 0 12 14 6 2 76
4 0 12 13 1 8 147
4 0 12 12 7 3 114
4 0 12 11 2 9 18
4 0 12 10 8 4 166
4 0 12 9 3 10 98
4 0 12 8 9 5 80
4 0 12 7 15 0 189
4 0 12 7 4 11 43
4 0 12 6 10 6 110
4 0 12 5 16 1 61
4 0 12 5 5 12 169
4 0 12 4 11 7 171
4 0 12 4 0 18 110
4 0 12 3 17 2 18
4 0 12 3 6 13 96
4 0 12 2 12 8 164
4 0 12 2 1 19 58
4 0 12 1 18 3 51
4 0 12 1 7 14 146
4 0 12 0 13 9 72
4 0 12 0 2 20 3
4 0 11 22 0 1 10
4 0 11 20 1 2 59
4 0 11 18 2 3 191
4 0 11 16 3 4 103
4 0 11 14 4 5 165
4 0 11 13 10 0 104
4 0 11 12 5 6 6
4 0 11 11 11 1 134
4 0 11 11 0 12 33
4 0 11 10 6 7 178
4 0 11 9 1 13 23
4 0 11 8 7 8 183
4 0 11 7 13 3 11
4 0 11 7 2 14 37
4 0 11 6 8 9 16
4 0 11 5 14 4 21
4 0 11 5 3 15 196
4 0 11 4 9 10 99
4 0 11 3 15 5 107
4 0 11 3 4 16 100
4 0 11 2 21 0 84
4 0 11 2 10 11 119
4 0 11 1 16 6 186
4 0 11 1 5 17 167
4 0 11 0 22 1 186
4 0 11 0 11 12 42
4 0 11 0 0 23 187
4 0 10 19 5 0 62
4 0 10 18 0 6 189
4 0 10 17 6 1 51
4 0 10 16 1 7 102
4 0 10 15 7 2 20
4 0 10 14 2 8 80
4 0 10 13 8 3 32
4 0 10 12 3 9 27
4 0 10 11 9 4 82
4 0 10 10 4 10 78
4 0 10 9 10 5 111
4 0 10 8 16 0 87
4 0 10 8 5 11 182
4 0 10 7 11 6 49
4 0 10 7 0 17 188
4 0 10 6 17 1 87
4 0 10 6 6 12 29
4 0 10 5 12 7 131
4 0 10 5 1 18 90
4 0 10 4 18 2 178
4 0 10 4 7 13 42
4 0 10 3 13 8 131
4 0 10 3 2 19 123
4 0 10 2 19 3 171
4 0 10 2 8 14 63
4 0 10 1 14 9 181
4 0 10 1 3 20 133
4 0 10 0 20 4 38
4 0 10 0 9 15 4
4 0 9 25 0 0 38
4 0 9 23 1 1 121
4 0 9 21 2 2 109
4 0 9 19 3 3 197
4 0 9 17 4 4 100
4 0 9 15 5 5 165
4 0 9 14 11 0 169
4 0 9 14 0 11 103
4 0 9 13 6 6 41
4 0 9 12 12 1 39
4 0 9 12 1 12 118
4 0 9 11 7 7 188
4 0 9 10 13 2 36
4 0 9 10 2 13 127
4 0 9 9 8 8 142
4 0 9 8 14 3 167
4 0 9 8 3 14 65
4 0 9 7 9 9 116
4 0 9 6 15 4 135
4 0 9 6 4 15 148
4 0 9 5 10 10 179
4 0 9 4 16 5 28
4 0 9 4 5 16 195
4 0 9 3 22 0 27
4 0 9 3 11 11 92
4 0 9 3 0 22 24
4 0 9 2 17 6 182
4 0 9 2 6 17 135
4 0 9 1 23 1 27
4 0 9 1 12 12 156
4 0 9 1 1 23 186
4 0 9 0 18 7 16
4 0 9 0 7 18 143
4 0 8 21 0 5 3
4 0 8 20 6 0 184
4 0 8 19 1 6 147
4 0 8 18 7 1 159
4 0 8 17 2 7 195
4 0 8 16 8 2 108
4 0 8 15 3 8 182
4 0 8 14 9 3 16
4 0 8 13 4 9 181
4 0 8 12 10 4 198
4 0 8 11 5 10 156
4 0 8 10 11 5 184
4 0 8 10 0 16 133
4 0 8 9 17 0 16
4 0 8 9 6 11 6
4 0 8 8 12 6 180
4 0 8 8 1 17 77
4 0 8 7 18 1 149
4 0 8 7 7 12 169
4 0 8 6 13 7 97
4 0 8 6 2 18 168
4 0 8 5 19 2 93
4 0 8 5 8 13 73
4 0 8 4 14 8 53
4 0 8 4 3 19 9
4 0 8 3 20 3 37
4 0 8 3 9 14 28
4 0 8 2 15 9 67
4 0 8 2 4 20 81
4 0 8 1 21 4 96
4 0 8 1 10 15 165
4 0 8 0 16 10 40
4 0 8 0 5 21 83
4 0 7 26 1 0 6
4 0 7 24 2 1 159
4 0 7 22 3 2 143
4 0 7 20 4 3 49
4 0 7 18 5 4 32
4 0 7 17 0 10 25
4 0 7 16 6 5 198
4 0 7 15 12 0 26
4 0 7 15 1 11 131
4 0 7 14 7 6 40
4 0 7 13 13 1 119
4 0 7 13 2 12 135
4 0 7 12 8 7 184
4 0 7 11 14 2 172
4 0 7 11 3 13 189
4 0 7 10 9 8 185
4 0 7 9 15 3 159
4 0 7 9 4 14 88
4 0 7 8 10 9 23
4 0 7 7 16 4 128
4 0 7 7 5 15 186
4 0 7 6 11 10 1
4 0 7 6 0 21 111
4 0 7 5 17 5 10
4 0 7 5 6 16 66
4 0 7 4 23 0 86
4 0 7 4 12 11 145
4 0 7 4 1 22 172
4 0 7 3 18 6 23
4 0 7 3 7 17 58
4 0 7 2 24 1 49
4 0 7 2 13 12 44
4 0 7 2 2 23 26
4 0 7 1 19 7 15
4 0 7 1 8 18 160
4 0 7 0 25 2 83
4 0 7 0 14 13 109
4 0 7 0 3 24 144
4 0 6 24 0 4 65
4 0 6 22 1 5 124
4 0 6 21 7 0 130
4 0 6 20 2 6 140
4 0 6 19 8 1 125
4 0 6 18 3 7 2
4 0 6 17 9 2 77
4 0 6 16 4 8 103
4 0 6 15 10 3 157
4 0 6 14 5 9 18
4 0 6 13 11 4 146
4 0 6 13 0 15 100
4 0 6 12 6 10 18
4 0 6 11 12 5 72
4 0 6 11 1 16 195
4 0 6 10 18 0 172
4 0 6 10 7 11 76
4 0 6 9 13 6 151
4 0 6 9 2 17 145
4 0 6 8 19 1 126
4 0 6 8 8 12 178
4 0 6 7 14 7 33
4 0 6 7 3 18 94
4 0 6 6 20 2 182
4 0 6 6 9 13 46
4 0 6 5 15 8 42
4 0 6 5 4 19 101
4 0 6 4 21 3 32
4 0 6 4 10 14 138
4 0 6 3 16 9 155
4 0 6 3 5 20 123
4 0 6 2 22 4 132
4 0 6 2 11 15 81
4 0 6 2 0 26 45
4 0 6 1 17 10 49
4 0 6 1 6 21 187
4 0 6 0 23 5 140
4 0 6 0 12 16 196
4 0 6 0 1 27 50
4 0 5 27 2 0 99
4 0 5 25 3 1 129
4 0 5 23 4 2 69
4 0 5 21 5 3 11
4 0 5 20 0 9 185
4 0 5 19 6 4 35
4 0 5 18 1 10 72
4 0 5 17 7 5 86
4 0 5 16 13 0 91
4 0 5 16 2 11 139
4 0 5 14 14 1 51
4 0 5 14 3 12 173
4 0 5 13 9 7 131
4 0 5 12 15 2 55
4 0 5 12 4 13 46
4 0 5 11 10 8 45
4 0 5 10 16 3 179
4 0 5 10 5 14 152
4 0 5 9 11 9 182
4 0 5 9 0 20 12
4 0 5 8 17 4 91
4 0 5 8 6 15 33
4 0 5 7 12 10 193
4 0 5 7 1 21 167
4 0 5 6 18 5 84
4 0 5 6 7 16 184
4 0 5 5 24 0 184
4 0 5 5 13 11 38
4 0 5 5 2 22 131
4 0 5 4 19 6 14
4 0 5 4 8 17 9
4 0 5 3 25 1 69
4 0 5 3 14 12 182
4 0 5 3 3 23 23
4 0 5 2 20 7 4
4 0 5 2 9 18 156
4 0 5 1 26 2 75
4 0 5 1 15 13 15
4 0 5 1 4 24 19
4 0 5 0 21 8 102
4 0 5 0 10 19 114
4 0 4 27 0 3 156
4 0 4 25 1 4 37
4 0 4 23 2 5 175
4 0 4 22 8 0 164
4 0 4 21 3 6 197
4 0 4 20 9 1 152
4 0 4 19 4 7 33
4 0 4 18 10 2 114
4 0 4 17 5 8 14
4 0 4 16 11 3 84
4 0 4 16 0 14 20
4 0 4 15 6 9 90
4 0 4 14 12 4 171
4 0 4 14 1 15 24
4 0 4 13 7 10 33
4 0 4 12 13 5 169
4 0 4 12 2 16 158
4 0 4 11 19 0 27
4 0 4 11 8 11 172
4 0 4 10 14 6 198
4 0 4 10 3 17 17
4 0 4 9 20 1 22
4 0 4 9 9 12 185
4 0 4 8 15 7 31
4 0 4 8 4 18 188
4 0 4 7 21 2 59
4 0 4 7 10 13 50
4 0 4 6 16 8 132
4 0 4 6 5 19 9
4 0 4 5 22 3 18
4 0 4 5 11 14 88
4 0 4 5 0 25 46
4 0 4 4 17 9 117
4 0 4 4 6 20 99
4 0 4 3 23 4 20
4 0 4 3 12 15 103
4 0 4 3 1 26 195
4 0 4 2 18 10 8
4 0 4 2 7 21 101
4 0 4 1 24 5 102
4 0 4 1 13 16 84
4 0 4 1 2 27 186
4 0 4 0 30 0 165
4 0 4 0 19 11 41
4 0 4 0 8 22 87
4 0 3 28 3 0 5
4 0 3 26 4 1 63
4 0 3 24 5 2 188
4 0 3 23 0 8 150
4 0 3 22 6 3 81
4 0 3 21 1 9 78
4 0 3 20 7 4 76
4 0 3 19 2 10 120
4 0 3 18 8 5 29
4 0 3 17 14 0 145
4 0 3 17 3 11 172
4 0 3 16 9 6 63
4 0 3 15 15 1 74
4 0 3 15 4 12 170
4 0 3 14 10 7 148
4 0 3 13 16 2 181
4 0 3 13 5 13 130
4 0 3 12 11 8 54
4 0 3 12 0 19 134
4 0 3 11 17 3 138
4 0 3 11 6 14 49
4 0 3 10 12 9 58
4 0 3 10 1 20 12
4 0 3 9 18 4 65
4 0 3 9 7 15 79
4 0 3 8 13 10 87
4 0 3 8 2 21 162
4 0 3 7 19 5 186
4 0 3 7 8 16 134
4 0 3 6 25 0 91
4 0 3 6 14 11 89
4 0 3 6 3 22 90
4 0 3 5 20 6 136
4 0 3 4 26 1 51
4 0 3 4 15 12 48
4 0 3 4 4 23 93
4 0 3 3 21 7 188
4 0 3 3 10 18 135
4 0 3 2 27 2 125
4 0 3 2 16 13 78
4 0 3 2 5 24 84
4 0 3 1 22 8 147
4 0 3 1 11 19 126
4 0 3 1 0 30 122
4 0 3 0 28 3 194
4 0 3 0 17 14 104
4 0 3 0 6 25 55
4 0 2 30 0 2 121
4 0 2 28 1 3 83
4 0 2 26 2 4 59
4 0 2 24 3 5 72
4 0 2 23 9 0 80
4 0 2 21 10 1 98
4 0 2 20 5 7 81
4 0 2 19 11 2 135
4 0 2 19 0 13 83
4 0 2 18 6 8 71
4 0 2 17 12 3 132
4 0 2 17 1 14 118
4 0 2 16 7 9 142
4 0 2 15 13 4 94
4 0 2 15 2 15 165
4 0 2 14 8 10 197
4 0 2 13 14 5 115
4 0 2 13 3 16 195
4 0 2 12 20 0 63
4 0 2 12 9 11 187
4 0 2 11 15 6 177
4 0 2 11 4 17 31
4 0 2 10 21 1 83
4 0 2 10 10 12 128
4 0 2 9 16 7 23
4 0 2 9 5 18 4
4 0 2 8 22 2 6
4 0 2 8 11 13 13
4 0 2 8 0 24 61
4 0 2 7 17 8 157
4 0 2 7 6 19 44
4 0 2 6 23 3 127
4 0 2 6 12 14 105
4 0 2 6 1 25 108
4 0 2 5 18 9 172
4 0 2 5 7 20 114
4 0 2 4 24 4 62
4 0 2 4 13 15 21
4 0 2 4 2 26 195
4 0 2 3 19 10 60
4 0 2 3 8 21 72
4 0 2 2 25 5 131
4 0 2 2 14 16 157
4 0 2 2 3 27 167
4 0 2 1 31 0 188
4 0 2 1 20 11 156
4 0 2 1 9 22 49
4 0 2 0 26 6 134
4 0 2 0 15 17 10
4 0 2 0 4 28 109
4 0 1 29 4 0 3
4 0 1 27 5 1 21
4 0 1 26 0 7 52
4 0 1 25 6 2 50
4 0 1 24 1 8 170
4 0 1 23 7 3 127
4 0 1 22 2 9 193
4 0 1 21 8 4 86
4 0 1 20 3 10 168
4 0 1 19 9 5 33
4 0 1 18 15 0 17
4 0 1 18 4 11 33
4 0 1 17 10 6 28
4 0 1 16 16 1 64
4 0 1 16 5 12 102
4 0 1 15 11 7 53
4 0 1 15 0 18 36
4 0 1 14 17 2 28
4 0 1 14 6 13 59
4 0 1 13 12 8 24
4 0 1 13 1 19 101
4 0 1 12 18 3 174
4 0 1 12 7 14 26
4 0 1 11 13 9 5
4 0 1 11 2 20 193
4 0 1 10 19 4 40
4 0 1 10 8 15 184
4 0 1 9 14 10 30
4 0 1 9 3 21 117
4 0 1 8 20 5 148
4 0 1 8 9 16 11
4 0 1 7 26 0 122
4 0 1 7 15 11 42
4 0 1 7 4 22 18
4 0 1 6 21 6 112
4 0 1 6 10 17 19
4 0 1 5 27 1 24
4 0 1 5 16 12 124
4 0 1 5 5 23 64
4 0 1 4 22 7 100
4 0 1 4 11 18 123
4 0 1 4 0 29 139
4 0 1 3 17 13 7
4 0 1 3 6 24 188
4 0 1 2 23 8 119
4 0 1 2 12 19 123
4 0 1 2 1 30 190
4 0 1 1 29 3 66
4 0 1 1 18 14 72
4 0 1 1 7 25 32
4 0 1 0 24 9 131
4 0 1 0 13 20 73
4 0 1 0 2 31 148
4 0 0 33 0 1 98
4 0 0 31 1 2 133
4 0 0 29 2 3 152
4 0 0 27 3 4 157
4 0 0 25 4 5 103
4 0 0 24 10 0 177
4 0 0 23 5 6 47
4 0 0 22 11 1 28
4 0 0 22 0 12 52
4 0 0 21 6 7 125
4 0 0 20 12 2 183
4 0 0 20 1 13 29
4 0 0 19 7 8 111
4 0 0 18 13 3 71
4 0 0 18 2 14 149
4 0 0 17 8 9 150
4 0 0 16 14 4 196
4 0 0 16 3 15 170
4 0 0 15 9 10 48
4 0 0 14 15 5 10
4 0 0 14 4 16 198
4 0 0 13 21 0 115
4 0 0 13 10 11 119
4 0 0 12 16 6 152
4 0 0 12 5 17 92
4 0 0 11 22 1 100
4 0 0 11 11 12 10
4 0 0 11 0 23 169
4 0 0 10 17 7 144
4 0 0 10 6 18 18
4 0 0 9 23 2 145
4 0 0 9 12 13 95
4 0 0 9 1 24 115
4 0 0 8 18 8 52
4 0 0 8 7 19 195
4 0 0 7 24 3 37
4 0 0 7 13 14 36
4 0 0 7 2 25 51
4 0 0 6 19 9 192
4 0 0 6 8 20 11
4 0 0 5 25 4 69
4 0 0 5 14 15 187
4 0 0 5 3 26 106
4 0 0 4 20 10 8
4 0 0 4 9 21 130
4 0 0 3 26 5 51
4 0 0 3 15 16 117
4 0 0 3 4 27 48
4 0 0 2 21 11 118
4 0 0 2 10 22 59
4 0 0 1 27 6 114
4 0 0 1 16 17 71
4 0 0 1 5 28 88
4 0 0 0 22 12 132
4 0 0 0 11 23 48
