# FIX-VII-GATE candidate 7, p=199: degree-34 G-equivariant tuple
# (1,6)-profile along the arrangement AND vanishing on the Hessian curve C_20
# format: <component 0..4> <e0 e1 e2 e3 e4> <coefficient>
0 32 1 1 0 0 71
0 31 0 1 0 2 175
0 30 2 2 0 0 139
0 30 2 0 1 1 28
0 30 0 3 1 0 98
0 30 0 1 2 1 43
0 29 2 0 3 0 124
0 29 1 2 0 2 105
0 29 1 0 1 3 149
0 29 0 1 4 0 31
0 28 5 0 0 1 154
0 28 3 3 0 0 55
0 28 3 1 1 1 58
0 28 1 4 1 0 126
0 28 1 2 2 1 76
0 28 1 0 3 2 82
0 28 0 2 0 4 50
0 28 0 0 1 5 102
0 27 5 0 2 0 165
0 27 4 0 0 3 159
0 27 3 1 3 0 3
0 27 2 3 0 2 134
0 27 2 1 1 3 114
0 27 1 2 4 0 159
0 27 1 0 5 1 15
0 27 0 6 0 1 192
0 27 0 4 1 2 79
0 27 0 2 2 3 171
0 27 0 0 3 4 69
0 26 6 1 0 1 108
0 26 4 4 0 0 21
0 26 4 2 1 1 120
0 26 4 0 2 2 139
0 26 3 0 0 5 105
0 26 2 5 1 0 73
0 26 2 3 2 1 136
0 26 2 1 3 2 36
0 26 1 3 0 4 148
0 26 1 1 1 5 95
0 26 1 0 7 0 126
0 26 0 6 2 0 188
0 26 0 4 3 1 128
0 26 0 2 4 2 40
0 26 0 0 5 3 110
0 25 8 0 1 0 53
0 25 6 1 2 0 147
0 25 5 1 0 3 69
0 25 4 2 3 0 125
0 25 4 0 4 1 197
0 25 3 4 0 2 196
0 25 3 2 1 3 196
0 25 3 0 2 4 102
0 25 2 3 4 0 115
0 25 2 1 5 1 21
0 25 2 0 0 7 105
0 25 1 7 0 1 172
0 25 1 5 1 2 62
0 25 1 3 2 3 193
0 25 1 1 3 4 95
0 25 0 4 5 0 45
0 25 0 3 0 6 166
0 25 0 2 6 1 110
0 25 0 1 1 7 61
0 25 0 0 7 2 67
0 24 7 2 0 1 149
0 24 7 0 1 2 115
0 24 5 5 0 0 82
0 24 5 3 1 1 117
0 24 5 1 2 2 113
0 24 4 1 0 5 174
0 24 4 0 6 0 176
0 24 3 6 1 0 29
0 24 3 4 2 1 85
0 24 3 2 3 2 43
0 24 3 0 4 3 16
0 24 2 4 0 4 153
0 24 2 2 1 5 24
0 24 2 1 7 0 28
0 24 2 0 2 6 51
0 24 1 7 2 0 179
0 24 1 5 3 1 111
0 24 1 3 4 2 169
0 24 1 1 5 3 193
0 24 1 0 0 9 190
0 24 0 7 0 3 77
0 24 0 5 1 4 143
0 24 0 3 2 5 140
0 24 0 2 8 0 34
0 24 0 1 3 6 191
0 24 0 0 9 1 169
0 23 11 0 0 0 14
0 23 9 1 1 0 70
0 23 7 2 2 0 124
0 23 7 0 3 1 156
0 23 6 2 0 3 155
0 23 6 0 1 4 161
0 23 5 3 3 0 6
0 23 5 1 4 1 40
0 23 4 5 0 2 67
0 23 4 3 1 3 141
0 23 4 1 2 4 13
0 23 3 4 4 0 53
0 23 3 2 5 1 134
0 23 3 1 0 7 198
0 23 3 0 6 2 94
0 23 2 8 0 1 133
0 23 2 6 1 2 123
0 23 2 4 2 3 156
0 23 2 2 3 4 188
0 23 2 0 4 5 161
0 23 1 5 5 0 105
0 23 1 4 0 6 118
0 23 1 3 6 1 47
0 23 1 2 1 7 117
0 23 1 1 7 2 188
0 23 1 0 2 8 175
0 23 0 11 0 0 125
0 23 0 9 1 1 143
0 23 0 7 2 2 94
0 23 0 5 3 3 147
0 23 0 3 4 4 139
0 23 0 1 5 5 67
0 23 0 0 11 0 159
0 23 0 0 0 11 69
0 22 10 0 0 2 67
0 22 8 3 0 1 111
0 22 8 1 1 2 88
0 22 7 0 5 0 25
0 22 6 6 0 0 89
0 22 6 4 1 1 118
0 22 6 2 2 2 119
0 22 6 0 3 3 82
0 22 5 2 0 5 45
0 22 5 1 6 0 189
0 22 5 0 1 6 112
0 22 4 7 1 0 154
0 22 4 5 2 1 115
0 22 4 3 3 2 56
0 22 4 1 4 3 23
0 22 3 5 0 4 150
0 22 3 3 1 5 21
0 22 3 2 7 0 27
0 22 3 1 2 6 19
0 22 3 0 8 1 72
0 22 2 8 2 0 157
0 22 2 6 3 1 158
0 22 2 4 4 2 50
0 22 2 2 5 3 190
0 22 2 1 0 9 55
0 22 2 0 6 4 68
0 22 1 8 0 3 123
0 22 1 6 1 4 91
0 22 1 4 2 5 29
0 22 1 3 8 0 154
0 22 1 2 3 6 142
0 22 1 1 9 1 149
0 22 1 0 4 7 154
0 22 0 9 3 0 151
0 22 0 7 4 1 129
0 22 0 5 5 2 188
0 22 0 4 0 8 52
0 22 0 3 6 3 70
0 22 0 2 1 9 62
0 22 0 1 7 4 191
0 22 0 0 2 10 168
0 21 12 1 0 0 140
0 21 10 2 1 0 196
0 21 10 0 2 1 133
0 21 9 0 0 4 98
0 21 8 3 2 0 169
0 21 8 1 3 1 146
0 21 7 3 0 3 59
0 21 7 1 1 4 7
0 21 6 4 3 0 130
0 21 6 2 4 1 28
0 21 6 0 5 2 21
0 21 5 6 0 2 68
0 21 5 4 1 3 144
0 21 5 2 2 4 19
0 21 5 0 3 5 25
0 21 4 5 4 0 175
0 21 4 3 5 1 57
0 21 4 2 0 7 188
0 21 4 1 6 2 2
0 21 4 0 1 8 57
0 21 3 9 0 1 60
0 21 3 7 1 2 106
0 21 3 5 2 3 147
0 21 3 3 3 4 1
0 21 3 1 4 5 160
0 21 3 0 10 0 181
0 21 2 6 5 0 83
0 21 2 5 0 6 89
0 21 2 4 6 1 55
0 21 2 3 1 7 185
0 21 2 2 7 2 85
0 21 2 1 2 8 7
0 21 2 0 8 3 148
0 21 1 12 0 0 69
0 21 1 10 1 1 160
0 21 1 8 2 2 159
0 21 1 6 3 3 176
0 21 1 4 4 4 8
0 21 1 2 5 5 156
0 21 1 1 11 0 23
0 21 1 1 0 11 114
0 21 1 0 6 6 95
0 21 0 8 0 5 28
0 21 0 7 6 0 28
0 21 0 6 1 6 97
0 21 0 5 7 1 172
0 21 0 4 2 7 179
0 21 0 3 8 2 35
0 21 0 2 3 8 164
0 21 0 1 9 3 99
0 21 0 0 4 9 192
0 20 11 1 0 2 194
0 20 10 0 4 0 146
0 20 9 4 0 1 143
0 20 9 2 1 2 86
0 20 9 0 2 3 152
0 20 8 1 5 0 117
0 20 8 0 0 6 5
0 20 7 7 0 0 18
0 20 7 5 1 1 51
0 20 7 3 2 2 170
0 20 7 1 3 3 3
0 20 6 3 0 5 174
0 20 6 2 6 0 194
0 20 6 1 1 6 36
0 20 6 0 7 1 95
0 20 5 8 1 0 119
0 20 5 6 2 1 13
0 20 5 4 3 2 78
0 20 5 2 4 3 79
0 20 5 0 5 4 17
0 20 4 6 0 4 17
0 20 4 4 1 5 197
0 20 4 3 7 0 162
0 20 4 2 2 6 138
0 20 4 1 8 1 139
0 20 4 0 3 7 69
0 20 3 9 2 0 183
0 20 3 7 3 1 196
0 20 3 5 4 2 43
0 20 3 3 5 3 53
0 20 3 2 0 9 89
0 20 3 1 6 4 127
0 20 3 0 1 10 45
0 20 2 9 0 3 168
0 20 2 7 1 4 154
0 20 2 5 2 5 29
0 20 2 4 8 0 147
0 20 2 3 3 6 54
0 20 2 2 9 1 105
0 20 2 1 4 7 195
0 20 2 0 10 2 168
0 20 1 10 3 0 22
0 20 1 8 4 1 121
0 20 1 6 5 2 36
0 20 1 5 0 8 155
0 20 1 4 6 3 192
0 20 1 3 1 9 187
0 20 1 2 7 4 23
0 20 1 1 2 10 35
0 20 1 0 8 5 159
0 20 0 12 0 2 83
0 20 0 10 1 3 142
0 20 0 8 2 4 73
0 20 0 6 3 5 162
0 20 0 5 9 0 124
0 20 0 4 4 6 86
0 20 0 3 10 1 89
0 20 0 2 5 7 157
0 20 0 1 11 2 186
0 20 0 1 0 13 21
0 20 0 0 6 8 40
0 19 13 2 0 0 150
0 19 13 0 1 1 177
0 19 11 3 1 0 135
0 19 11 1 2 1 156
0 19 10 1 0 4 1
0 19 9 4 2 0 174
0 19 9 2 3 1 140
0 19 9 0 4 2 127
0 19 8 4 0 3 151
0 19 8 2 1 4 186
0 19 8 0 2 5 185
0 19 7 5 3 0 185
0 19 7 3 4 1 135
0 19 7 1 5 2 103
0 19 7 0 0 8 172
0 19 6 7 0 2 90
0 19 6 5 1 3 43
0 19 6 3 2 4 124
0 19 6 1 3 5 55
0 19 6 0 9 0 87
0 19 5 6 4 0 196
0 19 5 4 5 1 167
0 19 5 3 0 7 43
0 19 5 2 6 2 126
0 19 5 1 1 8 47
0 19 5 0 7 3 32
0 19 4 10 0 1 59
0 19 4 8 1 2 20
0 19 4 6 2 3 1
0 19 4 4 3 4 155
0 19 4 2 4 5 89
0 19 4 1 10 0 35
0 19 4 0 5 6 17
0 19 3 7 5 0 47
0 19 3 6 0 6 180
0 19 3 5 6 1 118
0 19 3 4 1 7 94
0 19 3 3 7 2 146
0 19 3 2 2 8 180
0 19 3 1 8 3 100
0 19 3 0 3 9 133
0 19 2 13 0 0 7
0 19 2 11 1 1 168
0 19 2 9 2 2 24
0 19 2 7 3 3 193
0 19 2 5 4 4 148
0 19 2 3 5 5 121
0 19 2 2 11 0 178
0 19 2 2 0 11 114
0 19 2 1 6 6 18
0 19 2 0 12 1 100
0 19 2 0 1 12 39
0 19 1 9 0 5 151
0 19 1 8 6 0 112
0 19 1 7 1 6 41
0 19 1 6 7 1 14
0 19 1 5 2 7 79
0 19 1 4 8 2 45
0 19 1 3 3 8 140
0 19 1 2 9 3 123
0 19 1 1 4 9 28
0 19 1 0 10 4 127
0 19 0 14 1 0 110
0 19 0 12 2 1 114
0 19 0 10 3 2 16
0 19 0 8 4 3 78
0 19 0 6 5 4 161
0 19 0 5 0 10 28
0 19 0 4 6 5 154
0 19 0 3 12 0 149
0 19 0 3 1 11 147
0 19 0 2 7 6 83
0 19 0 1 13 1 7
0 19 0 1 2 12 170
0 19 0 0 8 7 127
0 18 13 0 3 0 183
0 18 12 2 0 2 72
0 18 12 0 1 3 3
0 18 11 1 4 0 179
0 18 10 5 0 1 21
0 18 10 3 1 2 79
0 18 10 1 2 3 100
0 18 9 2 5 0 13
0 18 9 1 0 6 122
0 18 9 0 6 1 5
0 18 8 8 0 0 189
0 18 8 6 1 1 10
0 18 8 4 2 2 7
0 18 8 2 3 3 2
0 18 8 0 4 4 182
0 18 7 4 0 5 166
0 18 7 3 6 0 112
0 18 7 2 1 6 64
0 18 7 1 7 1 6
0 18 7 0 2 7 68
0 18 6 9 1 0 115
0 18 6 7 2 1 118
0 18 6 5 3 2 73
0 18 6 3 4 3 179
0 18 6 1 5 4 152
0 18 6 0 0 10 23
0 18 5 7 0 4 119
0 18 5 5 1 5 113
0 18 5 4 7 0 47
0 18 5 3 2 6 5
0 18 5 2 8 1 114
0 18 5 1 3 7 104
0 18 5 0 9 2 42
0 18 4 8 3 1 179
0 18 4 6 4 2 122
0 18 4 4 5 3 87
0 18 4 3 0 9 24
0 18 4 2 6 4 191
0 18 4 1 1 10 112
0 18 4 0 7 5 156
0 18 3 10 0 3 75
0 18 3 8 1 4 130
0 18 3 6 2 5 11
0 18 3 5 8 0 180
0 18 3 4 3 6 112
0 18 3 3 9 1 136
0 18 3 2 4 7 80
0 18 3 1 10 2 126
0 18 3 0 5 8 187
0 18 2 11 3 0 8
0 18 2 9 4 1 118
0 18 2 7 5 2 20
0 18 2 6 0 8 27
0 18 2 5 6 3 192
0 18 2 4 1 9 29
0 18 2 3 7 4 79
0 18 2 2 2 10 37
0 18 2 1 8 5 155
0 18 2 0 14 0 77
0 18 2 0 3 11 183
0 18 1 13 0 2 181
0 18 1 11 1 3 4
0 18 1 9 2 4 117
0 18 1 7 3 5 27
0 18 1 6 9 0 105
0 18 1 5 4 6 104
0 18 1 4 10 1 176
0 18 1 3 5 7 41
0 18 1 2 11 2 3
0 18 1 2 0 13 148
0 18 1 1 6 8 109
0 18 1 0 12 3 10
0 18 1 0 1 14 180
0 18 0 12 4 0 148
0 18 0 10 5 1 127
0 18 0 9 0 7 30
0 18 0 8 6 2 5
0 18 0 7 1 8 29
0 18 0 6 7 3 80
0 18 0 5 2 9 129
0 18 0 4 8 4 166
0 18 0 3 3 10 58
0 18 0 2 9 5 101
0 18 0 1 15 0 191
0 18 0 1 4 11 20
0 18 0 0 10 6 67
0 17 16 0 0 1 72
0 17 14 3 0 0 96
0 17 14 1 1 1 190
0 17 12 4 1 0 109
0 17 12 2 2 1 127
0 17 12 0 3 2 129
0 17 11 2 0 4 152
0 17 11 0 1 5 113
0 17 10 5 2 0 112
0 17 10 3 3 1 22
0 17 10 1 4 2 26
0 17 9 5 0 3 160
0 17 9 3 1 4 46
0 17 9 1 2 5 47
0 17 9 0 8 0 158
0 17 8 6 3 0 193
0 17 8 4 4 1 60
0 17 8 2 5 2 131
0 17 8 1 0 8 45
0 17 8 0 6 3 130
0 17 7 8 0 2 11
0 17 7 6 1 3 70
0 17 7 4 2 4 92
0 17 7 2 3 5 118
0 17 7 1 9 0 17
0 17 7 0 4 6 74
0 17 6 7 4 0 171
0 17 6 5 5 1 180
0 17 6 4 0 7 63
0 17 6 3 6 2 166
0 17 6 2 1 8 49
0 17 6 1 7 3 43
0 17 6 0 2 9 70
0 17 5 11 0 1 163
0 17 5 9 1 2 60
0 17 5 5 3 4 96
0 17 5 3 4 5 164
0 17 5 2 10 0 18
0 17 5 1 5 6 3
0 17 5 0 11 1 14
0 17 5 0 0 12 188
0 17 4 8 5 0 130
0 17 4 7 0 6 2
0 17 4 6 6 1 85
0 17 4 5 1 7 74
0 17 4 4 7 2 95
0 17 4 3 2 8 12
0 17 4 2 8 3 122
0 17 4 1 3 9 151
0 17 4 0 9 4 6
0 17 3 14 0 0 19
0 17 3 12 1 1 2
0 17 3 10 2 2 104
0 17 3 8 3 3 99
0 17 3 6 4 4 177
0 17 3 4 5 5 82
0 17 3 3 11 0 61
0 17 3 3 0 11 87
0 17 3 2 6 6 75
0 17 3 1 12 1 121
0 17 3 1 1 12 94
0 17 3 0 7 7 92
0 17 2 10 0 5 152
0 17 2 9 6 0 162
0 17 2 8 1 6 70
0 17 2 7 7 1 157
0 17 2 6 2 7 164
0 17 2 5 8 2 196
0 17 2 4 3 8 171
0 17 2 3 9 3 55
0 17 2 2 4 9 118
0 17 2 1 10 4 24
0 17 2 0 5 10 32
0 17 1 15 1 0 190
0 17 1 13 2 1 10
0 17 1 11 3 2 69
0 17 1 9 4 3 88
0 17 1 7 5 4 15
0 17 1 6 0 10 108
0 17 1 5 6 5 87
0 17 1 4 12 0 40
0 17 1 4 1 11 165
0 17 1 3 7 6 15
0 17 1 2 13 1 161
0 17 1 2 2 12 102
0 17 1 1 8 7 70
0 17 1 0 14 2 105
0 17 1 0 3 13 152
0 17 0 13 0 4 70
0 17 0 11 1 5 76
0 17 0 10 7 0 83
0 17 0 9 2 6 133
0 17 0 8 8 1 162
0 17 0 7 3 7 126
0 17 0 6 9 2 159
0 17 0 5 4 8 100
0 17 0 4 10 3 94
0 17 0 3 5 9 51
0 17 0 2 11 4 70
0 17 0 2 0 15 78
0 17 0 1 6 10 5
0 17 0 0 12 5 142
0 17 0 0 1 16 67
0 16 16 0 2 0 88
0 16 15 0 0 3 73
0 16 14 1 3 0 87
0 16 13 3 0 2 28
0 16 13 1 1 3 163
0 16 12 2 4 0 139
0 16 12 0 5 1 92
0 16 11 6 0 1 12
0 16 11 4 1 2 66
0 16 11 2 2 3 99
0 16 11 0 3 4 32
0 16 10 3 5 0 36
0 16 10 2 0 6 13
0 16 10 1 6 1 130
0 16 10 0 1 7 152
0 16 9 9 0 0 127
0 16 9 7 1 1 179
0 16 9 5 2 2 58
0 16 9 3 3 3 13
0 16 9 1 4 4 190
0 16 8 5 0 5 80
0 16 8 3 1 6 84
0 16 8 2 7 1 48
0 16 8 1 2 7 126
0 16 8 0 8 2 53
0 16 7 10 1 0 194
0 16 7 8 2 1 189
0 16 7 6 3 2 197
0 16 7 4 4 3 63
0 16 7 2 5 4 108
0 16 7 1 0 10 156
0 16 7 0 6 5 98
0 16 6 8 0 4 118
0 16 6 6 1 5 43
0 16 6 5 7 0 76
0 16 6 4 2 6 166
0 16 6 3 8 1 49
0 16 6 2 3 7 28
0 16 6 1 9 2 116
0 16 6 0 4 8 162
0 16 5 11 2 0 106
0 16 5 9 3 1 129
0 16 5 7 4 2 15
0 16 5 5 5 3 161
0 16 5 4 0 9 105
0 16 5 3 6 4 109
0 16 5 2 1 10 65
0 16 5 1 7 5 109
0 16 5 0 13 0 139
0 16 5 0 2 11 70
0 16 4 11 0 3 12
0 16 4 9 1 4 23
0 16 4 7 2 5 125
0 16 4 6 8 0 164
0 16 4 5 3 6 13
0 16 4 4 9 1 66
0 16 4 3 4 7 159
0 16 4 2 10 2 54
0 16 4 1 5 8 73
0 16 4 0 11 3 28
0 16 4 0 0 14 27
0 16 3 12 3 0 102
0 16 3 10 4 1 101
0 16 3 8 5 2 46
0 16 3 7 0 8 20
0 16 3 6 6 3 127
0 16 3 5 1 9 102
0 16 3 4 7 4 138
0 16 3 3 2 10 110
0 16 3 2 8 5 119
0 16 3 1 14 0 60
0 16 3 1 3 11 167
0 16 3 0 9 6 130
0 16 2 14 0 2 168
0 16 2 12 1 3 173
0 16 2 10 2 4 178
0 16 2 8 3 5 91
0 16 2 7 9 0 197
0 16 2 6 4 6 125
0 16 2 5 10 1 121
0 16 2 4 5 7 52
0 16 2 3 11 2 154
0 16 2 3 0 13 82
0 16 2 2 6 8 25
0 16 2 1 12 3 23
0 16 2 1 1 14 168
0 16 2 0 7 9 23
0 16 1 13 4 0 189
0 16 1 11 5 1 18
0 16 1 10 0 7 197
0 16 1 9 6 2 196
0 16 1 8 1 8 91
0 16 1 7 7 3 26
0 16 1 6 2 9 135
0 16 1 5 8 4 92
0 16 1 4 3 10 48
0 16 1 3 9 5 27
0 16 1 2 15 0 66
0 16 1 2 4 11 46
0 16 1 1 10 6 110
0 16 1 0 16 1 86
0 16 1 0 5 12 16
0 16 0 17 0 1 76
0 16 0 15 1 2 42
0 16 0 13 2 3 24
0 16 0 11 3 4 17
0 16 0 9 4 5 109
0 16 0 8 10 0 45
0 16 0 7 5 6 42
0 16 0 6 11 1 120
0 16 0 6 0 12 166
0 16 0 5 6 7 78
0 16 0 4 12 2 157
0 16 0 4 1 13 84
0 16 0 3 7 8 111
0 16 0 2 13 3 50
0 16 0 2 2 14 95
0 16 0 1 8 9 43
0 16 0 0 14 4 69
0 16 0 0 3 15 102
0 15 17 1 0 1 123
0 15 15 4 0 0 98
0 15 15 2 1 1 41
0 15 15 0 2 2 112
0 15 14 0 0 5 6
0 15 13 5 1 0 64
0 15 13 3 2 1 139
0 15 13 1 3 2 124
0 15 12 3 0 4 131
0 15 12 1 1 5 93
0 15 12 0 7 0 58
0 15 11 6 2 0 15
0 15 11 4 3 1 114
0 15 11 2 4 2 3
0 15 11 0 5 3 184
0 15 10 6 0 3 188
0 15 10 4 1 4 189
0 15 10 2 2 5 107
0 15 10 1 8 0 23
0 15 10 0 3 6 95
0 15 9 7 3 0 181
0 15 9 5 4 1 27
0 15 9 3 5 2 195
0 15 9 1 6 3 66
0 15 9 0 1 9 181
0 15 8 9 0 2 118
0 15 8 7 1 3 153
0 15 8 5 2 4 146
0 15 8 3 3 5 104
0 15 8 2 9 0 24
0 15 8 1 4 6 147
0 15 8 0 10 1 129
0 15 7 8 4 0 65
0 15 7 6 5 1 106
0 15 7 5 0 7 47
0 15 7 4 6 2 68
0 15 7 3 1 8 121
0 15 7 2 7 3 5
0 15 7 1 2 9 70
0 15 7 0 8 4 138
0 15 6 12 0 1 59
0 15 6 10 1 2 48
0 15 6 8 2 3 132
0 15 6 6 3 4 7
0 15 6 4 4 5 134
0 15 6 3 10 0 116
0 15 6 2 5 6 52
0 15 6 1 11 1 99
0 15 6 1 0 12 1
0 15 6 0 6 7 37
0 15 5 9 5 0 183
0 15 5 8 0 6 162
0 15 5 7 6 1 68
0 15 5 6 1 7 146
0 15 5 5 7 2 13
0 15 5 4 2 8 102
0 15 5 3 8 3 9
0 15 5 2 3 9 76
0 15 5 1 9 4 85
0 15 5 0 4 10 161
0 15 4 15 0 0 20
0 15 4 13 1 1 8
0 15 4 11 2 2 55
0 15 4 9 3 3 155
0 15 4 7 4 4 1
0 15 4 5 5 5 180
0 15 4 4 11 0 92
0 15 4 4 0 11 118
0 15 4 3 6 6 58
0 15 4 2 12 1 154
0 15 4 2 1 12 6
0 15 4 1 7 7 27
0 15 4 0 13 2 135
0 15 4 0 2 13 155
0 15 3 11 0 5 87
0 15 3 10 6 0 69
0 15 3 9 1 6 24
0 15 3 8 7 1 88
0 15 3 7 2 7 191
0 15 3 6 8 2 167
0 15 3 5 3 8 195
0 15 3 4 9 3 80
0 15 3 3 4 9 190
0 15 3 2 10 4 101
0 15 3 1 5 10 23
0 15 3 0 11 5 150
0 15 3 0 0 16 12
0 15 2 16 1 0 124
0 15 2 14 2 1 196
0 15 2 12 3 2 185
0 15 2 10 4 3 183
0 15 2 8 5 4 57
0 15 2 7 0 10 5
0 15 2 6 6 5 197
0 15 2 5 12 0 156
0 15 2 5 1 11 198
0 15 2 4 7 6 153
0 15 2 3 13 1 175
0 15 2 3 2 12 193
0 15 2 2 8 7 111
0 15 2 1 14 2 115
0 15 2 1 3 13 86
0 15 2 0 9 8 68
0 15 1 14 0 4 20
0 15 1 12 1 5 179
0 15 1 11 7 0 146
0 15 1 10 2 6 92
0 15 1 9 8 1 50
0 15 1 8 3 7 65
0 15 1 7 9 2 162
0 15 1 6 4 8 73
0 15 1 5 10 3 63
0 15 1 4 5 9 196
0 15 1 3 11 4 58
0 15 1 3 0 15 46
0 15 1 2 6 10 59
0 15 1 1 12 5 19
0 15 1 1 1 16 82
0 15 1 0 18 0 80
0 15 1 0 7 11 50
0 15 0 17 2 0 39
0 15 0 15 3 1 116
0 15 0 13 4 2 146
0 15 0 11 5 3 11
0 15 0 10 0 9 134
0 15 0 9 6 4 129
0 15 0 8 1 10 132
0 15 0 7 7 5 31
0 15 0 6 13 0 80
0 15 0 6 2 11 125
0 15 0 5 8 6 83
0 15 0 4 14 1 172
0 15 0 4 3 12 141
0 15 0 3 9 7 44
0 15 0 2 15 2 127
0 15 0 2 4 13 130
0 15 0 1 10 8 55
0 15 0 0 16 3 29
0 15 0 0 5 14 141
0 14 19 0 1 0 195
0 14 17 1 2 0 186
0 14 16 1 0 3 48
0 14 15 2 3 0 138
0 14 15 0 4 1 36
0 14 14 4 0 2 133
0 14 14 2 1 3 59
0 14 14 0 2 4 109
0 14 13 3 4 0 158
0 14 13 1 5 1 155
0 14 13 0 0 7 86
0 14 12 7 0 1 170
0 14 12 5 1 2 154
0 14 12 3 2 3 109
0 14 12 1 3 4 77
0 14 11 4 5 0 21
0 14 11 3 0 6 92
0 14 11 2 6 1 6
0 14 11 1 1 7 193
0 14 11 0 7 2 49
0 14 10 10 0 0 38
0 14 10 8 1 1 92
0 14 10 6 2 2 87
0 14 10 4 3 3 24
0 14 10 2 4 4 197
0 14 10 0 5 5 58
0 14 9 6 0 5 175
0 14 9 5 6 0 172
0 14 9 4 1 6 177
0 14 9 3 7 1 153
0 14 9 2 2 7 159
0 14 9 1 8 2 26
0 14 9 0 3 8 145
0 14 8 11 1 0 66
0 14 8 9 2 1 108
0 14 8 7 3 2 2
0 14 8 5 4 3 159
0 14 8 3 5 4 154
0 14 8 2 0 10 196
0 14 8 1 6 5 174
0 14 8 0 12 0 120
0 14 8 0 1 11 164
0 14 7 9 0 4 143
0 14 7 7 1 5 8
0 14 7 6 7 0 84
0 14 7 5 2 6 94
0 14 7 4 8 1 136
0 14 7 3 3 7 12
0 14 7 2 9 2 146
0 14 7 1 4 8 71
0 14 7 0 10 3 33
0 14 6 12 2 0 150
0 14 6 10 3 1 30
0 14 6 8 4 2 95
0 14 6 6 5 3 123
0 14 6 5 0 9 58
0 14 6 4 6 4 125
0 14 6 3 1 10 65
0 14 6 2 7 5 95
0 14 6 1 13 0 80
0 14 6 1 2 11 85
0 14 6 0 8 6 176
0 14 5 12 0 3 47
0 14 5 10 1 4 75
0 14 5 8 2 5 42
0 14 5 7 8 0 50
0 14 5 6 3 6 152
0 14 5 5 9 1 104
0 14 5 4 4 7 16
0 14 5 3 10 2 159
0 14 5 2 5 8 105
0 14 5 1 11 3 156
0 14 5 1 0 14 58
0 14 5 0 6 9 100
0 14 4 13 3 0 49
0 14 4 11 4 1 118
0 14 4 9 5 2 93
0 14 4 8 0 8 5
0 14 4 7 6 3 88
0 14 4 6 1 9 42
0 14 4 5 7 4 135
0 14 4 4 2 10 111
0 14 4 3 8 5 35
0 14 4 2 14 0 192
0 14 4 2 3 11 150
0 14 4 1 9 6 140
0 14 4 0 15 1 183
0 14 4 0 4 12 196
0 14 3 15 0 2 114
0 14 3 13 1 3 112
0 14 3 11 2 4 180
0 14 3 9 3 5 30
0 14 3 8 9 0 60
0 14 3 7 4 6 190
0 14 3 6 10 1 15
0 14 3 5 5 7 90
0 14 3 4 11 2 178
0 14 3 4 0 13 193
0 14 3 3 6 8 67
0 14 3 2 12 3 82
0 14 3 2 1 14 172
0 14 3 1 7 9 74
0 14 3 0 13 4 33
0 14 3 0 2 15 149
0 14 2 14 4 0 64
0 14 2 12 5 1 118
0 14 2 11 0 7 37
0 14 2 10 6 2 163
0 14 2 9 1 8 89
0 14 2 8 7 3 114
0 14 2 7 2 9 114
0 14 2 6 8 4 81
0 14 2 5 3 10 46
0 14 2 4 9 5 3
0 14 2 3 15 0 157
0 14 2 3 4 11 141
0 14 2 2 10 6 16
0 14 2 1 16 1 111
0 14 2 1 5 12 28
0 14 2 0 11 7 72
0 14 2 0 0 18 5
0 14 1 18 0 1 60
0 14 1 16 1 2 84
0 14 1 14 2 3 118
0 14 1 12 3 4 104
0 14 1 10 4 5 41
0 14 1 9 10 0 21
0 14 1 8 5 6 173
0 14 1 7 11 1 47
0 14 1 7 0 12 163
0 14 1 6 6 7 116
0 14 1 5 12 2 163
0 14 1 5 1 13 76
0 14 1 4 7 8 127
0 14 1 3 13 3 72
0 14 1 3 2 14 35
0 14 1 2 8 9 76
0 14 1 1 14 4 43
0 14 1 1 3 15 148
0 14 1 0 9 10 172
0 14 0 15 5 0 59
0 14 0 14 0 6 91
0 14 0 13 6 1 164
0 14 0 12 1 7 75
0 14 0 11 7 2 52
0 14 0 10 2 8 31
0 14 0 9 8 3 173
0 14 0 8 3 9 94
0 14 0 7 9 4 50
0 14 0 6 4 10 114
0 14 0 5 10 5 162
0 14 0 4 16 0 122
0 14 0 4 5 11 90
0 14 0 3 11 6 5
0 14 0 3 0 17 67
0 14 0 2 17 1 68
0 14 0 2 6 12 73
0 14 0 1 12 7 148
0 14 0 1 1 18 25
0 14 0 0 18 2 88
0 14 0 0 7 13 138
0 13 18 2 0 1 180
0 13 18 0 1 2 126
0 13 16 5 0 0 124
0 13 16 3 1 1 31
0 13 16 1 2 2 177
0 13 15 1 0 5 161
0 13 15 0 6 0 19
0 13 14 6 1 0 133
0 13 14 4 2 1 192
0 13 14 2 3 2 130
0 13 14 0 4 3 107
0 13 13 4 0 4 122
0 13 13 2 1 5 94
0 13 13 1 7 0 79
0 13 13 0 2 6 96
0 13 12 7 2 0 172
0 13 12 5 3 1 59
0 13 12 3 4 2 87
0 13 12 1 5 3 74
0 13 12 0 0 9 153
0 13 11 7 0 3 132
0 13 11 5 1 4 49
0 13 11 3 2 5 91
0 13 11 2 8 0 120
0 13 11 1 3 6 46
0 13 11 0 9 1 1
0 13 10 8 3 0 92
0 13 10 6 4 1 42
0 13 10 4 5 2 69
0 13 10 3 0 8 148
0 13 10 2 6 3 37
0 13 10 1 1 9 42
0 13 10 0 7 4 30
0 13 9 10 0 2 61
0 13 9 8 1 3 183
0 13 9 6 2 4 129
0 13 9 4 3 5 162
0 13 9 3 9 0 143
0 13 9 2 4 6 80
0 13 9 1 10 1 12
0 13 9 0 5 7 35
0 13 8 9 4 0 124
0 13 8 7 5 1 189
0 13 8 6 0 7 57
0 13 8 5 6 2 120
0 13 8 4 1 8 88
0 13 8 3 7 3 134
0 13 8 2 2 9 111
0 13 8 1 8 4 95
0 13 8 0 3 10 115
0 13 7 13 0 1 11
0 13 7 11 1 2 60
0 13 7 9 2 3 187
0 13 7 7 3 4 135
0 13 7 5 4 5 26
0 13 7 4 10 0 103
0 13 7 3 5 6 127
0 13 7 2 11 1 59
0 13 7 2 0 12 63
0 13 7 1 6 7 23
0 13 7 0 12 2 148
0 13 7 0 1 13 145
0 13 6 10 5 0 191
0 13 6 9 0 6 51
0 13 6 8 6 1 140
0 13 6 7 1 7 79
0 13 6 6 7 2 3
0 13 6 5 2 8 84
0 13 6 4 8 3 78
0 13 6 3 3 9 179
0 13 6 2 9 4 84
0 13 6 1 4 10 172
0 13 6 0 10 5 148
0 13 5 16 0 0 31
0 13 5 14 1 1 61
0 13 5 12 2 2 90
0 13 5 10 3 3 103
0 13 5 8 4 4 177
0 13 5 6 5 5 82
0 13 5 5 11 0 110
0 13 5 5 0 11 31
0 13 5 4 6 6 26
0 13 5 3 12 1 155
0 13 5 3 1 12 182
0 13 5 2 7 7 34
0 13 5 1 13 2 72
0 13 5 1 2 13 127
0 13 5 0 8 8 85
0 13 4 12 0 5 8
0 13 4 11 6 0 18
0 13 4 10 1 6 186
0 13 4 9 7 1 77
0 13 4 8 2 7 113
0 13 4 7 8 2 40
0 13 4 6 3 8 146
0 13 4 5 9 3 86
0 13 4 4 4 9 36
0 13 4 3 10 4 194
0 13 4 2 5 10 107
0 13 4 1 11 5 52
0 13 4 1 0 16 74
0 13 4 0 17 0 118
0 13 4 0 6 11 55
0 13 3 17 1 0 174
0 13 3 15 2 1 44
0 13 3 13 3 2 135
0 13 3 11 4 3 139
0 13 3 9 5 4 35
0 13 3 8 0 10 1
0 13 3 7 6 5 126
0 13 3 6 12 0 9
0 13 3 6 1 11 194
0 13 3 5 7 6 149
0 13 3 4 13 1 196
0 13 3 4 2 12 77
0 13 3 3 8 7 98
0 13 3 2 14 2 69
0 13 3 2 3 13 172
0 13 3 1 9 8 36
0 13 3 0 15 3 50
0 13 3 0 4 14 110
0 13 2 15 0 4 55
0 13 2 13 1 5 126
0 13 2 12 7 0 170
0 13 2 11 2 6 184
0 13 2 10 8 1 112
0 13 2 9 3 7 43
0 13 2 8 9 2 4
0 13 2 7 4 8 188
0 13 2 6 10 3 12
0 13 2 5 5 9 46
0 13 2 4 11 4 178
0 13 2 4 0 15 186
0 13 2 3 6 10 135
0 13 2 2 12 5 145
0 13 2 2 1 16 54
0 13 2 1 18 0 142
0 13 2 1 7 11 14
0 13 2 0 13 6 161
0 13 2 0 2 17 176
0 13 1 18 2 0 115
0 13 1 16 3 1 93
0 13 1 14 4 2 127
0 13 1 12 5 3 52
0 13 1 11 0 9 93
0 13 1 10 6 4 97
0 13 1 9 1 10 167
0 13 1 8 7 5 151
0 13 1 7 13 0 186
0 13 1 7 2 11 101
0 13 1 6 8 6 50
0 13 1 5 14 1 4
0 13 1 5 3 12 7
0 13 1 4 9 7 115
0 13 1 3 15 2 119
0 13 1 3 4 13 58
0 13 1 2 10 8 118
0 13 1 1 16 3 73
0 13 1 1 5 14 190
0 13 1 0 11 9 1
0 13 1 0 0 20 166
0 13 0 18 0 3 16
0 13 0 16 1 4 18
0 13 0 14 2 5 113
0 13 0 13 8 0 65
0 13 0 12 3 6 48
0 13 0 11 9 1 114
0 13 0 10 4 7 22
0 13 0 9 10 2 173
0 13 0 8 5 8 127
0 13 0 7 11 3 65
0 13 0 7 0 14 115
0 13 0 6 6 9 168
0 13 0 5 12 4 71
0 13 0 5 1 15 29
0 13 0 4 7 10 52
0 13 0 3 13 5 87
0 13 0 3 2 16 94
0 13 0 2 19 0 122
0 13 0 2 8 11 45
0 13 0 1 14 6 133
0 13 0 1 3 17 144
0 13 0 0 20 1 185
0 13 0 0 9 12 56
0 12 22 0 0 0 119
0 12 20 1 1 0 194
0 12 18 2 2 0 197
0 12 18 0 3 1 137
0 12 17 0 1 4 103
0 12 16 3 3 0 173
0 12 16 1 4 1 8
0 12 15 5 0 2 127
0 12 15 3 1 3 29
0 12 15 1 2 4 192
0 12 14 4 4 0 11
0 12 14 2 5 1 177
0 12 14 1 0 7 126
0 12 14 0 6 2 170
0 12 13 8 0 1 141
0 12 13 6 1 2 45
0 12 13 4 2 3 135
0 12 13 2 3 4 118
0 12 13 0 4 5 120
0 12 12 5 5 0 122
0 12 12 4 0 6 22
0 12 12 3 6 1 197
0 12 12 2 1 7 119
0 12 12 1 7 2 1
0 12 12 0 2 8 184
0 12 11 11 0 0 127
0 12 11 9 1 1 22
0 12 11 7 2 2 136
0 12 11 5 3 3 181
0 12 11 3 4 4 105
0 12 11 1 5 5 99
0 12 11 0 11 0 10
0 12 11 0 0 11 104
0 12 10 7 0 5 2
0 12 10 6 6 0 192
0 12 10 5 1 6 127
0 12 10 4 7 1 125
0 12 10 3 2 7 184
0 12 10 2 8 2 50
0 12 10 1 3 8 167
0 12 10 0 9 3 13
0 12 9 12 1 0 113
0 12 9 10 2 1 110
0 12 9 8 3 2 139
0 12 9 6 4 3 178
0 12 9 4 5 4 44
0 12 9 3 0 10 160
0 12 9 2 6 5 140
0 12 9 1 12 0 56
0 12 9 1 1 11 163
0 12 9 0 7 6 188
0 12 8 10 0 4 93
0 12 8 8 1 5 70
0 12 8 7 7 0 36
0 12 8 6 2 6 141
0 12 8 5 8 1 75
0 12 8 4 3 7 44
0 12 8 3 9 2 65
0 12 8 2 4 8 49
0 12 8 1 10 3 191
0 12 8 0 5 9 28
0 12 7 13 2 0 194
0 12 7 11 3 1 75
0 12 7 9 4 2 82
0 12 7 7 5 3 147
0 12 7 6 0 9 99
0 12 7 5 6 4 62
0 12 7 4 1 10 82
0 12 7 3 7 5 138
0 12 7 2 13 0 29
0 12 7 2 2 11 184
0 12 7 1 8 6 194
0 12 7 0 14 1 103
0 12 7 0 3 12 105
0 12 6 13 0 3 11
0 12 6 11 1 4 70
0 12 6 9 2 5 167
0 12 6 8 8 0 63
0 12 6 7 3 6 127
0 12 6 6 9 1 43
0 12 6 5 4 7 75
0 12 6 4 10 2 115
0 12 6 3 5 8 56
0 12 6 2 11 3 19
0 12 6 2 0 14 185
0 12 6 1 6 9 152
0 12 6 0 12 4 126
0 12 6 0 1 15 40
0 12 5 14 3 0 107
0 12 5 12 4 1 52
0 12 5 10 5 2 86
0 12 5 9 0 8 77
0 12 5 8 6 3 42
0 12 5 7 1 9 31
0 12 5 6 7 4 38
0 12 5 5 2 10 22
0 12 5 4 8 5 195
0 12 5 3 14 0 136
0 12 5 3 3 11 160
0 12 5 2 9 6 92
0 12 5 1 15 1 185
0 12 5 1 4 12 99
0 12 5 0 10 7 117
0 12 4 16 0 2 39
0 12 4 14 1 3 20
0 12 4 12 2 4 45
0 12 4 10 3 5 71
0 12 4 9 9 0 14
0 12 4 8 4 6 90
0 12 4 7 10 1 91
0 12 4 6 5 7 123
0 12 4 5 11 2 105
0 12 4 5 0 13 17
0 12 4 4 6 8 74
0 12 4 3 12 3 104
0 12 4 3 1 14 182
0 12 4 2 7 9 104
0 12 4 1 13 4 18
0 12 4 1 2 15 101
0 12 4 0 8 10 176
0 12 3 15 4 0 7
0 12 3 13 5 1 66
0 12 3 12 0 7 4
0 12 3 11 6 2 71
0 12 3 10 1 8 96
0 12 3 9 7 3 107
0 12 3 8 2 9 108
0 12 3 7 8 4 40
0 12 3 6 3 10 50
0 12 3 5 9 5 178
0 12 3 4 15 0 150
0 12 3 4 4 11 84
0 12 3 3 10 6 97
0 12 3 2 16 1 27
0 12 3 2 5 12 171
0 12 3 1 11 7 132
0 12 3 1 0 18 55
0 12 3 0 17 2 62
0 12 3 0 6 13 25
0 12 2 19 0 1 173
0 12 2 17 1 2 45
0 12 2 15 2 3 77
0 12 2 13 3 4 28
0 12 2 11 4 5 174
0 12 2 10 10 0 80
0 12 2 9 5 6 106
0 12 2 8 11 1 18
0 12 2 8 0 12 196
0 12 2 7 6 7 123
0 12 2 6 12 2 80
0 12 2 6 1 13 112
0 12 2 5 7 8 53
0 12 2 4 13 3 4
0 12 2 4 2 14 173
0 12 2 3 8 9 171
0 12 2 2 14 4 9
0 12 2 2 3 15 66
0 12 2 1 9 10 180
0 12 2 0 15 5 65
0 12 2 0 4 16 144
0 12 1 16 5 0 143
0 12 1 15 0 6 187
0 12 1 14 6 1 16
0 12 1 13 1 7 160
0 12 1 12 7 2 88
0 12 1 11 2 8 192
0 12 1 10 8 3 90
0 12 1 9 3 9 2
0 12 1 8 9 4 193
0 12 1 7 4 10 167
0 12 1 6 10 5 111
0 12 1 5 16 0 62
0 12 1 5 5 11 102
0 12 1 4 11 6 48
0 12 1 4 0 17 156
0 12 1 3 17 1 4
0 12 1 3 6 12 132
0 12 1 2 12 7 133
0 12 1 2 1 18 111
0 12 1 1 18 2 57
0 12 1 1 7 13 166
0 12 1 0 13 8 183
0 12 1 0 2 19 105
0 12 0 22 0 0 128
0 12 0 20 1 1 41
0 12 0 18 2 2 96
0 12 0 16 3 3 100
0 12 0 14 4 4 43
0 12 0 12 5 5 89
0 12 0 11 11 0 194
0 12 0 11 0 11 186
0 12 0 10 6 6 53
0 12 0 9 12 1 52
0 12 0 9 1 12 13
0 12 0 8 7 7 36
0 12 0 7 13 2 154
0 12 0 7 2 13 115
0 12 0 6 8 8 74
0 12 0 5 14 3 26
0 12 0 5 3 14 72
0 12 0 4 9 9 104
0 12 0 3 15 4 77
0 12 0 3 4 15 196
0 12 0 2 10 10 11
0 12 0 1 16 5 65
0 12 0 1 5 16 18
0 12 0 0 22 0 91
0 12 0 0 11 11 90
0 12 0 0 0 22 66
0 11 21 0 0 2 183
0 11 19 3 0 1 58
0 11 19 1 1 2 143
0 11 18 0 5 0 104
0 11 17 6 0 0 181
0 11 17 4 1 1 192
0 11 17 2 2 2 67
0 11 17 0 3 3 34
0 11 16 2 0 5 126
0 11 16 1 6 0 84
0 11 16 0 1 6 182
0 11 15 5 2 1 95
0 11 15 3 3 2 85
0 11 15 1 4 3 24
0 11 14 5 0 4 165
0 11 14 3 1 5 20
0 11 14 2 7 0 90
0 11 14 1 2 6 119
0 11 14 0 8 1 179
0 11 13 8 2 0 25
0 11 13 6 3 1 134
0 11 13 4 4 2 98
0 11 13 2 5 3 68
0 11 13 1 0 9 48
0 11 13 0 6 4 175
0 11 12 8 0 3 2
0 11 12 6 1 4 62
0 11 12 4 2 5 106
0 11 12 3 8 0 191
0 11 12 2 3 6 183
0 11 12 1 9 1 37
0 11 12 0 4 7 83
0 11 11 9 3 0 149
0 11 11 7 4 1 76
0 11 11 5 5 2 44
0 11 11 4 0 8 100
0 11 11 3 6 3 32
0 11 11 2 1 9 124
0 11 11 1 7 4 191
0 11 11 0 2 10 94
0 11 10 11 0 2 4
0 11 10 9 1 3 146
0 11 10 7 2 4 51
0 11 10 5 3 5 32
0 11 10 4 9 0 85
0 11 10 3 4 6 115
0 11 10 2 10 1 23
0 11 10 1 5 7 195
0 11 10 0 11 2 128
0 11 10 0 0 13 112
0 11 9 10 4 0 83
0 11 9 8 5 1 107
0 11 9 7 0 7 51
0 11 9 6 6 2 135
0 11 9 5 1 8 13
0 11 9 4 7 3 182
0 11 9 3 2 9 80
0 11 9 2 8 4 37
0 11 9 1 3 10 51
0 11 9 0 9 5 20
0 11 8 14 0 1 10
0 11 8 12 1 2 34
0 11 8 10 2 3 129
0 11 8 8 3 4 165
0 11 8 6 4 5 36
0 11 8 5 10 0 64
0 11 8 4 5 6 53
0 11 8 3 11 1 115
0 11 8 3 0 12 120
0 11 8 2 6 7 81
0 11 8 1 12 2 86
0 11 8 1 1 13 24
0 11 8 0 7 8 70
0 11 7 11 5 0 14
0 11 7 10 0 6 4
0 11 7 9 6 1 51
0 11 7 8 1 7 127
0 11 7 7 7 2 59
0 11 7 6 2 8 70
0 11 7 5 8 3 186
0 11 7 4 3 9 36
0 11 7 3 9 4 84
0 11 7 2 4 10 177
0 11 7 1 10 5 133
0 11 7 0 16 0 15
0 11 7 0 5 11 43
0 11 6 17 0 0 67
0 11 6 15 1 1 196
0 11 6 13 2 2 161
0 11 6 11 3 3 70
0 11 6 9 4 4 19
0 11 6 7 5 5 197
0 11 6 6 11 0 189
0 11 6 6 0 11 125
0 11 6 5 6 6 158
0 11 6 4 12 1 8
0 11 6 4 1 12 28
0 11 6 3 7 7 27
0 11 6 2 13 2 43
0 11 6 2 2 13 109
0 11 6 1 8 8 184
0 11 6 0 14 3 187
0 11 6 0 3 14 26
0 11 5 13 0 5 96
0 11 5 12 6 0 34
0 11 5 11 1 6 73
0 11 5 10 7 1 17
0 11 5 9 2 7 180
0 11 5 8 8 2 80
0 11 5 7 3 8 142
0 11 5 6 9 3 76
0 11 5 5 4 9 20
0 11 5 4 10 4 65
0 11 5 3 5 10 18
0 11 5 2 11 5 186
0 11 5 2 0 16 30
0 11 5 1 17 0 110
0 11 5 1 6 11 100
0 11 5 0 12 6 157
0 11 5 0 1 17 86
0 11 4 18 1 0 57
0 11 4 16 2 1 95
0 11 4 14 3 2 69
0 11 4 12 4 3 135
0 11 4 10 5 4 84
0 11 4 9 0 10 84
0 11 4 8 6 5 66
0 11 4 7 12 0 191
0 11 4 7 1 11 76
0 11 4 6 7 6 119
0 11 4 5 13 1 7
0 11 4 5 2 12 108
0 11 4 4 8 7 8
0 11 4 3 14 2 158
0 11 4 3 3 13 38
0 11 4 2 9 8 124
0 11 4 1 15 3 82
0 11 4 1 4 14 177
0 11 4 0 10 9 129
0 11 3 16 0 4 38
0 11 3 14 1 5 113
0 11 3 13 7 0 71
0 11 3 12 2 6 37
0 11 3 11 8 1 180
0 11 3 10 3 7 6
0 11 3 9 9 2 137
0 11 3 8 4 8 130
0 11 3 7 10 3 100
0 11 3 6 5 9 146
0 11 3 5 11 4 122
0 11 3 5 0 15 33
0 11 3 4 6 10 113
0 11 3 3 1 16 65
0 11 3 2 18 0 12
0 11 3 2 7 11 36
0 11 3 1 13 6 69
0 11 3 1 2 17 64
0 11 3 0 19 1 102
0 11 3 0 8 12 94
0 11 2 19 2 0 110
0 11 2 17 3 1 84
0 11 2 15 4 2 26
0 11 2 13 5 3 163
0 11 2 12 0 9 49
0 11 2 11 6 4 52
0 11 2 10 1 10 102
0 11 2 9 7 5 128
0 11 2 8 13 0 74
0 11 2 8 2 11 84
0 11 2 7 8 6 149
0 11 2 6 14 1 107
0 11 2 6 3 12 10
0 11 2 5 9 7 131
0 11 2 4 15 2 78
0 11 2 4 4 13 48
0 11 2 3 10 8 12
0 11 2 2 16 3 49
0 11 2 2 5 14 3
0 11 2 1 11 9 176
0 11 2 1 0 20 71
0 11 2 0 17 4 97
0 11 2 0 6 15 1
0 11 1 19 0 3 106
0 11 1 17 1 4 43
0 11 1 15 2 5 143
0 11 1 14 8 0 67
0 11 1 13 3 6 196
0 11 1 12 9 1 22
0 11 1 11 4 7 125
0 11 1 10 10 2 96
0 11 1 9 5 8 137
0 11 1 8 11 3 43
0 11 1 8 0 14 31
0 11 1 7 6 9 22
0 11 1 6 12 4 167
0 11 1 6 1 15 189
0 11 1 5 7 10 192
0 11 1 4 13 5 38
0 11 1 4 2 16 35
0 11 1 3 19 0 50
0 11 1 3 8 11 97
0 11 1 2 14 6 93
0 11 1 2 3 17 155
0 11 1 1 20 1 93
0 11 1 1 9 12 125
0 11 1 0 15 7 44
0 11 1 0 4 18 46
0 11 0 20 3 0 194
0 11 0 18 4 1 157
0 11 0 16 5 2 21
0 11 0 15 0 8 145
0 11 0 14 6 3 197
0 11 0 13 1 9 142
0 11 0 12 7 4 9
0 11 0 11 2 10 92
0 11 0 10 8 5 155
0 11 0 9 14 0 152
0 11 0 9 3 11 17
0 11 0 8 9 6 143
0 11 0 7 15 1 65
0 11 0 7 4 12 153
0 11 0 6 10 7 156
0 11 0 5 16 2 160
0 11 0 5 5 13 145
0 11 0 4 11 8 189
0 11 0 4 0 19 161
0 11 0 3 17 3 133
0 11 0 3 6 14 94
0 11 0 2 12 9 4
0 11 0 2 1 20 74
0 11 0 1 18 4 70
0 11 0 1 7 15 154
0 11 0 0 13 10 77
0 11 0 0 2 21 152
0 10 23 1 0 0 145
0 10 21 2 1 0 103
0 10 21 0 2 1 74
0 10 20 0 0 4 24
0 10 19 3 2 0 63
0 10 19 1 3 1 128
0 10 18 3 0 3 113
0 10 18 1 1 4 124
0 10 17 4 3 0 72
0 10 17 2 4 1 176
0 10 17 0 5 2 133
0 10 16 6 0 2 32
0 10 16 4 1 3 83
0 10 16 2 2 4 196
0 10 16 0 3 5 171
0 10 15 5 4 0 76
0 10 15 3 5 1 71
0 10 15 2 0 7 24
0 10 15 1 6 2 67
0 10 15 0 1 8 22
0 10 14 9 0 1 108
0 10 14 7 1 2 3
0 10 14 5 2 3 59
0 10 14 3 3 4 178
0 10 14 1 4 5 52
0 10 14 0 10 0 173
0 10 13 6 5 0 36
0 10 13 5 0 6 18
0 10 13 4 6 1 95
0 10 13 3 1 7 20
0 10 13 2 7 2 124
0 10 13 1 2 8 50
0 10 13 0 8 3 127
0 10 12 12 0 0 143
0 10 12 10 1 1 184
0 10 12 8 2 2 76
0 10 12 6 3 3 46
0 10 12 4 4 4 104
0 10 12 2 5 5 114
0 10 12 1 11 0 9
0 10 12 1 0 11 124
0 10 12 0 6 6 153
0 10 11 8 0 5 70
0 10 11 7 6 0 1
0 10 11 6 1 6 113
0 10 11 5 7 1 24
0 10 11 4 2 7 14
0 10 11 3 8 2 107
0 10 11 2 3 8 35
0 10 11 1 9 3 53
0 10 11 0 4 9 73
0 10 10 13 1 0 1
0 10 10 11 2 1 46
0 10 10 9 3 2 173
0 10 10 7 4 3 90
0 10 10 5 5 4 169
0 10 10 4 0 10 192
0 10 10 3 6 5 21
0 10 10 2 12 0 28
0 10 10 2 1 11 106
0 10 10 1 7 6 176
0 10 10 0 13 1 170
0 10 10 0 2 12 50
0 10 9 11 0 4 21
0 10 9 9 1 5 150
0 10 9 8 7 0 163
0 10 9 7 2 6 162
0 10 9 6 8 1 142
0 10 9 5 3 7 8
0 10 9 4 9 2 94
0 10 9 3 4 8 81
0 10 9 2 10 3 81
0 10 9 1 5 9 172
0 10 9 0 11 4 115
0 10 9 0 0 15 132
0 10 8 14 2 0 38
0 10 8 12 3 1 164
0 10 8 10 4 2 77
0 10 8 8 5 3 156
0 10 8 7 0 9 112
0 10 8 6 6 4 167
0 10 8 5 1 10 55
0 10 8 4 7 5 121
0 10 8 3 13 0 94
0 10 8 3 2 11 184
0 10 8 2 8 6 67
0 10 8 1 14 1 48
0 10 8 1 3 12 160
0 10 8 0 9 7 25
0 10 7 14 0 3 22
0 10 7 12 1 4 179
0 10 7 10 2 5 99
0 10 7 9 8 0 162
0 10 7 8 3 6 16
0 10 7 7 9 1 93
0 10 7 6 4 7 127
0 10 7 5 10 2 16
0 10 7 4 5 8 23
0 10 7 3 11 3 34
0 10 7 3 0 14 83
0 10 7 2 6 9 14
0 10 7 1 12 4 17
0 10 7 1 1 15 64
0 10 7 0 7 10 109
0 10 6 15 3 0 38
0 10 6 13 4 1 37
0 10 6 11 5 2 186
0 10 6 10 0 8 99
0 10 6 9 6 3 164
0 10 6 8 1 9 106
0 10 6 7 7 4 47
0 10 6 6 2 10 59
0 10 6 5 8 5 59
0 10 6 4 14 0 179
0 10 6 4 3 11 108
0 10 6 3 9 6 44
0 10 6 2 15 1 89
0 10 6 2 4 12 2
0 10 6 1 10 7 58
0 10 6 0 16 2 175
0 10 6 0 5 13 145
0 10 5 17 0 2 82
0 10 5 15 1 3 6
0 10 5 13 2 4 56
0 10 5 11 3 5 106
0 10 5 10 9 0 60
0 10 5 9 4 6 30
0 10 5 8 10 1 161
0 10 5 7 5 7 197
0 10 5 6 11 2 167
0 10 5 6 0 13 28
0 10 5 5 6 8 134
0 10 5 4 12 3 109
0 10 5 4 1 14 150
0 10 5 3 7 9 23
0 10 5 2 13 4 170
0 10 5 2 2 15 59
0 10 5 1 8 10 177
0 10 5 0 14 5 87
0 10 5 0 3 16 55
0 10 4 16 4 0 29
0 10 4 14 5 1 75
0 10 4 13 0 7 98
0 10 4 12 6 2 11
0 10 4 11 1 8 36
0 10 4 10 7 3 18
0 10 4 9 2 9 73
0 10 4 8 8 4 131
0 10 4 7 3 10 81
0 10 4 6 9 5 127
0 10 4 5 15 0 106
0 10 4 5 4 11 33
0 10 4 4 10 6 150
0 10 4 3 16 1 78
0 10 4 3 5 12 145
0 10 4 2 11 7 87
0 10 4 2 0 18 140
0 10 4 1 17 2 14
0 10 4 1 6 13 99
0 10 4 0 12 8 23
0 10 4 0 1 19 79
0 10 3 20 0 1 103
0 10 3 18 1 2 152
0 10 3 16 2 3 53
0 10 3 14 3 4 189
0 10 3 12 4 5 162
0 10 3 11 10 0 72
0 10 3 10 5 6 84
0 10 3 9 11 1 77
0 10 3 9 0 12 182
0 10 3 8 6 7 5
0 10 3 7 12 2 126
0 10 3 7 1 13 39
0 10 3 6 7 8 34
0 10 3 5 13 3 124
0 10 3 5 2 14 136
0 10 3 4 8 9 193
0 10 3 3 14 4 146
0 10 3 3 3 15 196
0 10 3 2 9 10 68
0 10 3 1 15 5 42
0 10 3 1 4 16 15
0 10 3 0 21 0 128
0 10 3 0 10 11 184
0 10 2 17 5 0 132
0 10 2 16 0 6 153
0 10 2 15 6 1 27
0 10 2 14 1 7 25
0 10 2 13 7 2 114
0 10 2 12 2 8 86
0 10 2 11 8 3 121
0 10 2 10 3 9 28
0 10 2 9 9 4 161
0 10 2 8 4 10 116
0 10 2 7 10 5 53
0 10 2 6 16 0 160
0 10 2 6 5 11 46
0 10 2 5 11 6 11
0 10 2 5 0 17 119
0 10 2 4 17 1 129
0 10 2 4 6 12 8
0 10 2 3 12 7 161
0 10 2 3 1 18 77
0 10 2 2 18 2 80
0 10 2 2 7 13 188
0 10 2 1 13 8 177
0 10 2 1 2 19 29
0 10 2 0 19 3 170
0 10 2 0 8 14 69
0 10 1 23 0 0 111
0 10 1 21 1 1 94
0 10 1 19 2 2 119
0 10 1 17 3 3 169
0 10 1 15 4 4 98
0 10 1 13 5 5 179
0 10 1 12 11 0 43
0 10 1 12 0 11 93
0 10 1 11 6 6 157
0 10 1 10 12 1 47
0 10 1 10 1 12 74
0 10 1 9 7 7 176
0 10 1 8 13 2 37
0 10 1 8 2 13 135
0 10 1 7 8 8 172
0 10 1 6 14 3 31
0 10 1 6 3 14 99
0 10 1 5 9 9 197
0 10 1 4 15 4 14
0 10 1 4 4 15 192
0 10 1 3 10 10 38
0 10 1 2 16 5 198
0 10 1 2 5 16 131
0 10 1 1 22 0 120
0 10 1 1 11 11 118
0 10 1 1 0 22 64
0 10 1 0 17 6 158
0 10 1 0 6 17 21
0 10 0 19 0 5 89
0 10 0 18 6 0 2
0 10 0 17 1 6 131
0 10 0 16 7 1 183
0 10 0 15 2 7 61
0 10 0 14 8 2 159
0 10 0 13 3 8 158
0 10 0 12 9 3 168
0 10 0 11 4 9 38
0 10 0 10 10 4 25
0 10 0 9 5 10 103
0 10 0 8 0 16 38
0 10 0 7 17 0 6
0 10 0 7 6 11 163
0 10 0 6 12 6 149
0 10 0 6 1 17 148
0 10 0 5 18 1 184
0 10 0 4 13 7 100
0 10 0 4 2 18 1
0 10 0 3 19 2 78
0 10 0 3 8 13 178
0 10 0 2 14 8 146
0 10 0 2 3 19 32
0 10 0 1 20 3 56
0 10 0 1 9 14 139
0 10 0 0 15 9 119
0 10 0 0 4 20 191
0 9 22 1 0 2 170
0 9 21 0 4 0 110
0 9 20 4 0 1 19
0 9 20 2 1 2 155
0 9 20 0 2 3 145
0 9 19 1 5 0 20
0 9 19 0 0 6 198
0 9 18 7 0 0 132
0 9 18 5 1 1 77
0 9 18 3 2 2 198
0 9 18 1 3 3 176
0 9 17 3 0 5 164
0 9 17 2 6 0 180
0 9 17 1 1 6 3
0 9 17 0 7 1 28
0 9 16 8 1 0 59
0 9 16 6 2 1 160
0 9 16 4 3 2 45
0 9 16 2 4 3 44
0 9 16 0 5 4 88
0 9 15 6 0 4 75
0 9 15 4 1 5 40
0 9 15 3 7 0 160
0 9 15 2 2 6 100
0 9 15 1 8 1 124
0 9 15 0 3 7 142
0 9 14 9 2 0 164
0 9 14 7 3 1 116
0 9 14 5 4 2 165
0 9 14 3 5 3 114
0 9 14 2 0 9 96
0 9 14 1 6 4 122
0 9 14 0 1 10 23
0 9 13 9 0 3 129
0 9 13 7 1 4 87
0 9 13 5 2 5 90
0 9 13 4 8 0 56
0 9 13 3 3 6 37
0 9 13 2 9 1 106
0 9 13 1 4 7 43
0 9 13 0 10 2 23
0 9 12 10 3 0 186
0 9 12 8 4 1 25
0 9 12 6 5 2 156
0 9 12 5 0 8 1
0 9 12 4 6 3 149
0 9 12 3 1 9 150
0 9 12 2 7 4 164
0 9 12 1 2 10 119
0 9 12 0 8 5 160
0 9 11 12 0 2 26
0 9 11 10 1 3 8
0 9 11 8 2 4 100
0 9 11 6 3 5 1
0 9 11 5 9 0 69
0 9 11 4 4 6 131
0 9 11 3 10 1 29
0 9 11 2 5 7 53
0 9 11 1 11 2 80
0 9 11 1 0 13 64
0 9 11 0 6 8 130
0 9 10 11 4 0 43
0 9 10 9 5 1 189
0 9 10 8 0 7 105
0 9 10 7 6 2 97
0 9 10 6 1 8 94
0 9 10 5 7 3 188
0 9 10 4 2 9 10
0 9 10 3 8 4 151
0 9 10 2 3 10 97
0 9 10 1 9 5 28
0 9 10 0 15 0 82
0 9 10 0 4 11 127
0 9 9 15 0 1 92
0 9 9 13 1 2 147
0 9 9 11 2 3 140
0 9 9 9 3 4 7
0 9 9 7 4 5 162
0 9 9 6 10 0 18
0 9 9 5 5 6 76
0 9 9 4 11 1 64
0 9 9 4 0 12 37
0 9 9 3 6 7 79
0 9 9 2 12 2 149
0 9 9 2 1 13 193
0 9 9 1 7 8 75
0 9 9 0 13 3 64
0 9 9 0 2 14 48
0 9 8 12 5 0 77
0 9 8 11 0 6 173
0 9 8 10 6 1 171
0 9 8 9 1 7 130
0 9 8 8 7 2 124
0 9 8 7 2 8 122
0 9 8 6 8 3 103
0 9 8 5 3 9 54
0 9 8 4 9 4 13
0 9 8 3 4 10 90
0 9 8 2 10 5 115
0 9 8 1 16 0 4
0 9 8 1 5 11 143
0 9 8 0 11 6 27
0 9 8 0 0 17 105
0 9 7 18 0 0 139
0 9 7 16 1 1 192
0 9 7 14 2 2 39
0 9 7 12 3 3 72
0 9 7 10 4 4 65
0 9 7 8 5 5 116
0 9 7 7 11 0 45
0 9 7 7 0 11 79
0 9 7 6 6 6 184
0 9 7 5 12 1 124
0 9 7 5 1 12 180
0 9 7 4 7 7 195
0 9 7 3 13 2 124
0 9 7 3 2 13 128
0 9 7 2 8 8 19
0 9 7 1 14 3 40
0 9 7 1 3 14 94
0 9 7 0 9 9 122
0 9 6 14 0 5 69
0 9 6 13 6 0 142
0 9 6 12 1 6 64
0 9 6 11 7 1 45
0 9 6 10 2 7 172
0 9 6 9 8 2 63
0 9 6 8 3 8 69
0 9 6 7 9 3 152
0 9 6 6 4 9 144
0 9 6 5 10 4 54
0 9 6 4 5 10 32
0 9 6 3 11 5 149
0 9 6 3 0 16 134
0 9 6 2 17 0 60
0 9 6 2 6 11 10
0 9 6 1 12 6 58
0 9 6 1 1 17 126
0 9 6 0 18 1 117
0 9 6 0 7 12 47
0 9 5 19 1 0 107
0 9 5 17 2 1 6
0 9 5 15 3 2 143
0 9 5 13 4 3 188
0 9 5 11 5 4 94
0 9 5 10 0 10 120
0 9 5 9 6 5 171
0 9 5 8 12 0 66
0 9 5 8 1 11 76
0 9 5 7 7 6 9
0 9 5 6 13 1 143
0 9 5 6 2 12 124
0 9 5 5 8 7 77
0 9 5 4 14 2 54
0 9 5 4 3 13 48
0 9 5 3 9 8 49
0 9 5 2 15 3 76
0 9 5 2 4 14 126
0 9 5 1 10 9 160
0 9 5 0 16 4 63
0 9 5 0 5 15 4
0 9 4 17 0 4 82
0 9 4 15 1 5 102
0 9 4 14 7 0 173
0 9 4 13 2 6 67
0 9 4 12 8 1 56
0 9 4 11 3 7 85
0 9 4 10 9 2 52
0 9 4 9 4 8 147
0 9 4 8 10 3 21
0 9 4 7 5 9 97
0 9 4 6 11 4 108
0 9 4 6 0 15 43
0 9 4 5 6 10 54
0 9 4 4 12 5 145
0 9 4 4 1 16 145
0 9 4 3 18 0 52
0 9 4 3 7 11 65
0 9 4 2 13 6 13
0 9 4 2 2 17 196
0 9 4 1 19 1 153
0 9 4 1 8 12 19
0 9 4 0 14 7 22
0 9 4 0 3 18 76
0 9 3 20 2 0 152
0 9 3 18 3 1 104
0 9 3 16 4 2 104
0 9 3 14 5 3 8
0 9 3 13 0 9 156
0 9 3 12 6 4 162
0 9 3 11 1 10 167
0 9 3 10 7 5 17
0 9 3 9 13 0 186
0 9 3 9 2 11 165
0 9 3 8 8 6 15
0 9 3 7 14 1 151
0 9 3 7 3 12 153
0 9 3 6 9 7 49
0 9 3 5 15 2 77
0 9 3 5 4 13 101
0 9 3 4 10 8 32
0 9 3 3 16 3 156
0 9 3 3 5 14 67
0 9 3 2 11 9 184
0 9 3 2 0 20 71
0 9 3 1 17 4 146
0 9 3 1 6 15 108
0 9 3 0 12 10 14
0 9 3 0 1 21 85
0 9 2 20 0 3 43
0 9 2 18 1 4 130
0 9 2 16 2 5 85
0 9 2 15 8 0 188
0 9 2 14 3 6 58
0 9 2 13 9 1 130
0 9 2 12 4 7 79
0 9 2 11 10 2 15
0 9 2 10 5 8 79
0 9 2 9 11 3 49
0 9 2 9 0 14 160
0 9 2 8 6 9 87
0 9 2 7 12 4 188
0 9 2 7 1 15 9
0 9 2 6 7 10 32
0 9 2 5 13 5 148
0 9 2 5 2 16 89
0 9 2 4 19 0 151
0 9 2 4 8 11 105
0 9 2 3 14 6 5
0 9 2 3 3 17 137
0 9 2 2 20 1 188
0 9 2 2 9 12 1
0 9 2 1 15 7 39
0 9 2 1 4 18 180
0 9 2 0 21 2 67
0 9 2 0 10 13 89
0 9 1 21 3 0 83
0 9 1 19 4 1 161
0 9 1 17 5 2 197
0 9 1 16 0 8 38
0 9 1 15 6 3 149
0 9 1 14 1 9 10
0 9 1 13 7 4 6
0 9 1 12 2 10 143
0 9 1 11 8 5 168
0 9 1 10 14 0 5
0 9 1 10 3 11 162
0 9 1 9 9 6 83
0 9 1 8 15 1 94
0 9 1 8 4 12 190
0 9 1 7 10 7 30
0 9 1 6 16 2 114
0 9 1 6 5 13 42
0 9 1 5 11 8 127
0 9 1 5 0 19 91
0 9 1 4 17 3 174
0 9 1 4 6 14 43
0 9 1 3 12 9 55
0 9 1 3 1 20 18
0 9 1 2 18 4 54
0 9 1 2 7 15 1
0 9 1 1 13 10 143
0 9 1 1 2 21 114
0 9 1 0 19 5 143
0 9 1 0 8 16 105
0 9 0 23 0 2 2
0 9 0 21 1 3 55
0 9 0 19 2 4 22
0 9 0 17 3 5 104
0 9 0 16 9 0 62
0 9 0 15 4 6 68
0 9 0 14 10 1 52
0 9 0 13 5 7 167
0 9 0 12 11 2 114
0 9 0 12 0 13 186
0 9 0 11 6 8 150
0 9 0 10 12 3 31
0 9 0 10 1 14 188
0 9 0 9 7 9 181
0 9 0 8 13 4 115
0 9 0 8 2 15 119
0 9 0 7 8 10 44
0 9 0 6 14 5 64
0 9 0 6 3 16 84
0 9 0 5 20 0 56
0 9 0 5 9 11 141
0 9 0 4 15 6 24
0 9 0 4 4 17 36
0 9 0 3 21 1 61
0 9 0 3 10 12 179
0 9 0 2 16 7 118
0 9 0 2 5 18 93
0 9 0 1 22 2 190
0 9 0 1 11 13 105
0 9 0 1 0 24 90
0 9 0 0 17 8 19
0 9 0 0 6 19 61
0 8 24 2 0 0 89
0 8 24 0 1 1 133
0 8 22 3 1 0 84
0 8 22 1 2 1 83
0 8 21 1 0 4 42
0 8 20 4 2 0 44
0 8 20 2 3 1 158
0 8 20 0 4 2 182
0 8 19 4 0 3 152
0 8 19 2 1 4 132
0 8 19 0 2 5 110
0 8 18 5 3 0 78
0 8 18 3 4 1 171
0 8 18 1 5 2 182
0 8 18 0 0 8 150
0 8 17 7 0 2 57
0 8 17 5 1 3 80
0 8 17 3 2 4 161
0 8 17 1 3 5 118
0 8 17 0 9 0 92
0 8 16 6 4 0 60
0 8 16 4 5 1 48
0 8 16 3 0 7 145
0 8 16 2 6 2 18
0 8 16 1 1 8 33
0 8 16 0 7 3 100
0 8 15 10 0 1 154
0 8 15 8 1 2 176
0 8 15 6 2 3 138
0 8 15 4 3 4 57
0 8 15 2 4 5 53
0 8 15 1 10 0 141
0 8 15 0 5 6 159
0 8 14 7 5 0 84
0 8 14 6 0 6 44
0 8 14 5 6 1 51
0 8 14 4 1 7 3
0 8 14 3 7 2 111
0 8 14 2 2 8 139
0 8 14 1 8 3 121
0 8 14 0 3 9 30
0 8 13 13 0 0 145
0 8 13 11 1 1 172
0 8 13 9 2 2 17
0 8 13 7 3 3 141
0 8 13 5 4 4 154
0 8 13 3 5 5 109
0 8 13 2 11 0 114
0 8 13 2 0 11 119
0 8 13 1 6 6 37
0 8 13 0 12 1 164
0 8 13 0 1 12 168
0 8 12 9 0 5 49
0 8 12 8 6 0 162
0 8 12 7 1 6 103
0 8 12 6 7 1 86
0 8 12 5 2 7 139
0 8 12 4 8 2 194
0 8 12 3 3 8 17
0 8 12 2 9 3 157
0 8 12 1 4 9 190
0 8 12 0 10 4 155
0 8 11 14 1 0 194
0 8 11 12 2 1 186
0 8 11 10 3 2 190
0 8 11 8 4 3 4
0 8 11 6 5 4 108
0 8 11 5 0 10 68
0 8 11 4 6 5 107
0 8 11 3 12 0 125
0 8 11 3 1 11 82
0 8 11 2 7 6 135
0 8 11 1 13 1 135
0 8 11 1 2 12 130
0 8 11 0 8 7 125
0 8 10 12 0 4 69
0 8 10 10 1 5 149
0 8 10 9 7 0 180
0 8 10 8 2 6 23
0 8 10 7 8 1 69
0 8 10 6 3 7 86
0 8 10 5 9 2 23
0 8 10 4 4 8 17
0 8 10 3 10 3 50
0 8 10 2 5 9 26
0 8 10 1 11 4 36
0 8 10 1 0 15 27
0 8 10 0 6 10 87
0 8 9 15 2 0 189
0 8 9 13 3 1 105
0 8 9 11 4 2 183
0 8 9 9 5 3 104
0 8 9 8 0 9 131
0 8 9 7 6 4 62
0 8 9 6 1 10 145
0 8 9 5 7 5 102
0 8 9 4 13 0 89
0 8 9 4 2 11 49
0 8 9 3 8 6 98
0 8 9 2 14 1 88
0 8 9 2 3 12 95
0 8 9 1 9 7 131
0 8 9 0 15 2 81
0 8 9 0 4 13 142
0 8 8 15 0 3 1
0 8 8 13 1 4 136
0 8 8 11 2 5 90
0 8 8 10 8 0 29
0 8 8 9 3 6 77
0 8 8 8 9 1 27
0 8 8 7 4 7 58
0 8 8 6 10 2 177
0 8 8 5 5 8 194
0 8 8 4 11 3 140
0 8 8 4 0 14 2
0 8 8 3 6 9 72
0 8 8 2 12 4 191
0 8 8 2 1 15 167
0 8 8 1 7 10 159
0 8 8 0 13 5 132
0 8 8 0 2 16 121
0 8 7 16 3 0 87
0 8 7 14 4 1 26
0 8 7 12 5 2 126
0 8 7 11 0 8 88
0 8 7 10 6 3 102
0 8 7 9 1 9 184
0 8 7 8 7 4 83
0 8 7 7 2 10 131
0 8 7 6 8 5 102
0 8 7 5 3 11 86
0 8 7 4 9 6 51
0 8 7 3 15 1 103
0 8 7 3 4 12 60
0 8 7 2 10 7 161
0 8 7 1 16 2 181
0 8 7 1 5 13 1
0 8 7 0 11 8 191
0 8 7 0 0 19 65
0 8 6 18 0 2 42
0 8 6 16 1 3 92
0 8 6 14 2 4 185
0 8 6 12 3 5 105
0 8 6 11 9 0 12
0 8 6 10 4 6 2
0 8 6 9 10 1 16
0 8 6 8 5 7 166
0 8 6 7 11 2 122
0 8 6 7 0 13 156
0 8 6 6 6 8 17
0 8 6 5 12 3 157
0 8 6 5 1 14 33
0 8 6 4 7 9 158
0 8 6 3 13 4 177
0 8 6 3 2 15 3
0 8 6 2 8 10 25
0 8 6 1 14 5 40
0 8 6 1 3 16 139
0 8 6 0 20 0 158
0 8 6 0 9 11 178
0 8 5 17 4 0 8
0 8 5 15 5 1 29
0 8 5 14 0 7 3
0 8 5 13 6 2 175
0 8 5 12 1 8 34
0 8 5 11 7 3 192
0 8 5 10 2 9 129
0 8 5 9 8 4 189
0 8 5 8 3 10 46
0 8 5 7 9 5 178
0 8 5 6 15 0 113
0 8 5 6 4 11 182
0 8 5 5 10 6 91
0 8 5 4 16 1 50
0 8 5 4 5 12 76
0 8 5 3 11 7 59
0 8 5 3 0 18 140
0 8 5 2 17 2 26
0 8 5 2 6 13 151
0 8 5 1 12 8 57
0 8 5 1 1 19 198
0 8 5 0 18 3 33
0 8 5 0 7 14 115
0 8 4 21 0 1 60
0 8 4 19 1 2 145
0 8 4 17 2 3 42
0 8 4 15 3 4 164
0 8 4 13 4 5 37
0 8 4 12 10 0 87
0 8 4 11 5 6 92
0 8 4 10 11 1 147
0 8 4 10 0 12 17
0 8 4 9 6 7 196
0 8 4 8 12 2 104
0 8 4 8 1 13 20
0 8 4 7 7 8 12
0 8 4 6 13 3 166
0 8 4 6 2 14 8
0 8 4 5 8 9 188
0 8 4 4 14 4 160
0 8 4 4 3 15 143
0 8 4 3 9 10 115
0 8 4 2 15 5 49
0 8 4 2 4 16 28
0 8 4 1 21 0 197
0 8 4 1 10 11 155
0 8 4 0 16 6 98
0 8 4 0 5 17 125
0 8 3 18 5 0 129
0 8 3 17 0 6 87
0 8 3 16 6 1 16
0 8 3 15 1 7 152
0 8 3 14 7 2 155
0 8 3 13 2 8 126
0 8 3 12 8 3 175
0 8 3 11 3 9 100
0 8 3 10 9 4 31
0 8 3 9 4 10 127
0 8 3 8 10 5 110
0 8 3 7 16 0 80
0 8 3 7 5 11 104
0 8 3 6 11 6 44
0 8 3 6 0 17 155
0 8 3 5 17 1 82
0 8 3 5 6 12 58
0 8 3 4 12 7 158
0 8 3 4 1 18 70
0 8 3 3 18 2 51
0 8 3 3 7 13 37
0 8 3 2 13 8 194
0 8 3 2 2 19 42
0 8 3 1 19 3 52
0 8 3 1 8 14 93
0 8 3 0 14 9 72
0 8 3 0 3 20 10
0 8 2 24 0 0 159
0 8 2 22 1 1 52
0 8 2 20 2 2 40
0 8 2 18 3 3 139
0 8 2 16 4 4 8
0 8 2 14 5 5 152
0 8 2 13 11 0 76
0 8 2 13 0 11 27
0 8 2 12 6 6 9
0 8 2 11 12 1 171
0 8 2 11 1 12 122
0 8 2 10 7 7 150
0 8 2 9 13 2 191
0 8 2 9 2 13 173
0 8 2 8 8 8 101
0 8 2 7 14 3 138
0 8 2 7 3 14 5
0 8 2 6 9 9 132
0 8 2 5 15 4 137
0 8 2 5 4 15 36
0 8 2 4 10 10 47
0 8 2 3 16 5 70
0 8 2 3 5 16 179
0 8 2 2 22 0 20
0 8 2 2 11 11 195
0 8 2 2 0 22 17
0 8 2 1 17 6 188
0 8 2 1 6 17 134
0 8 2 0 23 1 135
0 8 2 0 12 12 85
0 8 2 0 1 23 161
0 8 1 20 0 5 178
0 8 1 19 6 0 150
0 8 1 18 1 6 44
0 8 1 17 7 1 60
0 8 1 16 2 7 95
0 8 1 15 8 2 125
0 8 1 14 3 8 173
0 8 1 13 9 3 20
0 8 1 12 4 9 80
0 8 1 11 10 4 32
0 8 1 10 5 10 77
0 8 1 9 0 16 152
0 8 1 8 17 0 196
0 8 1 8 6 11 131
0 8 1 7 12 6 165
0 8 1 7 1 17 45
0 8 1 6 18 1 171
0 8 1 6 7 12 21
0 8 1 5 13 7 16
0 8 1 5 2 18 190
0 8 1 4 19 2 106
0 8 1 4 8 13 186
0 8 1 3 14 8 56
0 8 1 3 3 19 86
0 8 1 2 20 3 27
0 8 1 2 9 14 130
0 8 1 1 15 9 107
0 8 1 1 4 20 163
0 8 1 0 21 4 54
0 8 1 0 10 15 139
0 8 0 25 1 0 16
0 8 0 23 2 1 192
0 8 0 21 3 2 58
0 8 0 19 4 3 150
0 8 0 17 5 4 103
0 8 0 16 0 10 18
0 8 0 15 6 5 188
0 8 0 14 12 0 73
0 8 0 14 1 11 114
0 8 0 13 7 6 127
0 8 0 12 13 1 196
0 8 0 12 2 12 180
0 8 0 11 8 7 52
0 8 0 10 14 2 172
0 8 0 10 3 13 45
0 8 0 9 9 8 81
0 8 0 8 15 3 123
0 8 0 8 4 14 195
0 8 0 7 10 9 94
0 8 0 6 16 4 77
0 8 0 6 5 15 88
0 8 0 5 11 10 97
0 8 0 5 0 21 164
0 8 0 4 17 5 132
0 8 0 4 6 16 30
0 8 0 3 23 0 176
0 8 0 3 12 11 68
0 8 0 3 1 22 58
0 8 0 2 18 6 140
0 8 0 2 7 17 162
0 8 0 1 24 1 156
0 8 0 1 13 12 4
0 8 0 1 2 23 65
0 8 0 0 19 7 196
0 8 0 0 8 18 40
0 7 24 0 3 0 78
0 7 23 2 0 2 110
0 7 23 0 1 3 108
0 7 22 1 4 0 184
0 7 21 5 0 1 150
0 7 21 3 1 2 188
0 7 21 1 2 3 122
0 7 20 2 5 0 145
0 7 20 1 0 6 132
0 7 20 0 6 1 26
0 7 19 8 0 0 64
0 7 19 6 1 1 163
0 7 19 4 2 2 79
0 7 19 2 3 3 138
0 7 19 0 4 4 41
0 7 18 4 0 5 198
0 7 18 3 6 0 73
0 7 18 2 1 6 23
0 7 18 1 7 1 154
0 7 18 0 2 7 166
0 7 17 9 1 0 139
0 7 17 7 2 1 189
0 7 17 5 3 2 176
0 7 17 3 4 3 101
0 7 17 1 5 4 121
0 7 17 0 0 10 17
0 7 16 7 0 4 35
0 7 16 5 1 5 43
0 7 16 4 7 0 62
0 7 16 3 2 6 99
0 7 16 2 8 1 55
0 7 16 1 3 7 191
0 7 16 0 9 2 92
0 7 15 10 2 0 179
0 7 15 8 3 1 39
0 7 15 6 4 2 154
0 7 15 4 5 3 179
0 7 15 3 0 9 156
0 7 15 2 6 4 155
0 7 15 1 1 10 137
0 7 15 0 7 5 32
0 7 14 10 0 3 55
0 7 14 8 1 4 64
0 7 14 6 2 5 147
0 7 14 5 8 0 154
0 7 14 4 3 6 55
0 7 14 3 9 1 51
0 7 14 2 4 7 63
0 7 14 1 10 2 121
0 7 14 0 5 8 168
0 7 13 11 3 0 66
0 7 13 9 4 1 152
0 7 13 7 5 2 77
0 7 13 6 0 8 196
0 7 13 5 6 3 129
0 7 13 4 1 9 170
0 7 13 3 7 4 44
0 7 13 2 2 10 58
0 7 13 1 8 5 145
0 7 13 0 14 0 55
0 7 13 0 3 11 118
0 7 12 13 0 2 106
0 7 12 11 1 3 186
0 7 12 9 2 4 26
0 7 12 7 3 5 3
0 7 12 6 9 0 154
0 7 12 5 4 6 39
0 7 12 4 10 1 86
0 7 12 3 5 7 101
0 7 12 2 11 2 89
0 7 12 2 0 13 37
0 7 12 1 6 8 193
0 7 12 0 12 3 111
0 7 12 0 1 14 9
0 7 11 12 4 0 77
0 7 11 10 5 1 165
0 7 11 9 0 7 143
0 7 11 8 6 2 50
0 7 11 7 1 8 144
0 7 11 6 7 3 58
0 7 11 5 2 9 18
0 7 11 4 8 4 59
0 7 11 3 3 10 116
0 7 11 2 9 5 148
0 7 11 1 15 0 152
0 7 11 1 4 11 187
0 7 11 0 10 6 29
0 7 10 16 0 1 29
0 7 10 14 1 2 85
0 7 10 12 2 3 75
0 7 10 10 3 4 176
0 7 10 8 4 5 20
0 7 10 7 10 0 116
0 7 10 6 5 6 173
0 7 10 5 11 1 30
0 7 10 5 0 12 81
0 7 10 4 6 7 89
0 7 10 3 12 2 87
0 7 10 3 1 13 128
0 7 10 2 7 8 80
0 7 10 1 13 3 170
0 7 10 1 2 14 71
0 7 10 0 8 9 137
0 7 9 13 5 0 169
0 7 9 12 0 6 111
0 7 9 11 6 1 57
0 7 9 10 1 7 82
0 7 9 9 7 2 125
0 7 9 8 2 8 34
0 7 9 7 8 3 91
0 7 9 6 3 9 82
0 7 9 5 9 4 49
0 7 9 4 4 10 130
0 7 9 3 10 5 87
0 7 9 2 16 0 26
0 7 9 2 5 11 86
0 7 9 1 11 6 77
0 7 9 1 0 17 172
0 7 9 0 17 1 107
0 7 9 0 6 12 137
0 7 8 19 0 0 175
0 7 8 17 1 1 74
0 7 8 15 2 2 147
0 7 8 13 3 3 169
0 7 8 11 4 4 32
0 7 8 9 5 5 132
0 7 8 8 11 0 26
0 7 8 8 0 11 80
0 7 8 7 6 6 2
0 7 8 6 12 1 55
0 7 8 6 1 12 26
0 7 8 5 7 7 185
0 7 8 4 13 2 192
0 7 8 4 2 13 168
0 7 8 3 8 8 161
0 7 8 2 14 3 154
0 7 8 2 3 14 88
0 7 8 1 9 9 17
0 7 8 0 15 4 10
0 7 8 0 4 15 11
0 7 7 15 0 5 184
0 7 7 14 6 0 67
0 7 7 13 1 6 113
0 7 7 12 7 1 131
0 7 7 11 2 7 174
0 7 7 10 8 2 152
0 7 7 9 3 8 109
0 7 7 8 9 3 137
0 7 7 7 4 9 53
0 7 7 6 10 4 136
0 7 7 5 5 10 90
0 7 7 4 11 5 50
0 7 7 4 0 16 168
0 7 7 3 17 0 115
0 7 7 3 6 11 31
0 7 7 2 12 6 3
0 7 7 2 1 17 60
0 7 7 1 18 1 159
0 7 7 1 7 12 69
0 7 7 0 13 7 178
0 7 7 0 2 18 35
0 7 6 20 1 0 72
0 7 6 18 2 1 110
0 7 6 16 3 2 35
0 7 6 14 4 3 196
0 7 6 12 5 4 89
0 7 6 11 0 10 141
0 7 6 10 6 5 34
0 7 6 9 12 0 173
0 7 6 9 1 11 18
0 7 6 8 7 6 32
0 7 6 7 13 1 18
0 7 6 7 2 12 60
0 7 6 6 8 7 193
0 7 6 5 14 2 45
0 7 6 5 3 13 13
0 7 6 4 9 8 114
0 7 6 3 15 3 36
0 7 6 3 4 14 183
0 7 6 2 10 9 186
0 7 6 1 16 4 69
0 7 6 1 5 15 122
0 7 6 0 11 10 5
0 7 6 0 0 21 131
0 7 5 18 0 4 34
0 7 5 16 1 5 77
0 7 5 15 7 0 101
0 7 5 14 2 6 144
0 7 5 13 8 1 185
0 7 5 12 3 7 168
0 7 5 11 9 2 11
0 7 5 10 4 8 171
0 7 5 9 10 3 107
0 7 5 8 5 9 48
0 7 5 7 11 4 122
0 7 5 7 0 15 111
0 7 5 6 6 10 23
0 7 5 5 12 5 52
0 7 5 5 1 16 71
0 7 5 4 18 0 103
0 7 5 4 7 11 148
0 7 5 3 13 6 7
0 7 5 3 2 17 116
0 7 5 2 19 1 73
0 7 5 2 8 12 32
0 7 5 1 14 7 55
0 7 5 1 3 18 38
0 7 5 0 20 2 193
0 7 5 0 9 13 156
0 7 4 21 2 0 140
0 7 4 19 3 1 126
0 7 4 17 4 2 42
0 7 4 15 5 3 144
0 7 4 14 0 9 22
0 7 4 13 6 4 89
0 7 4 12 1 10 146
0 7 4 11 7 5 4
0 7 4 10 13 0 109
0 7 4 10 2 11 29
0 7 4 9 8 6 23
0 7 4 8 14 1 196
0 7 4 8 3 12 165
0 7 4 7 9 7 158
0 7 4 6 15 2 51
0 7 4 6 4 13 63
0 7 4 5 10 8 2
0 7 4 4 16 3 159
0 7 4 4 5 14 62
0 7 4 3 11 9 147
0 7 4 3 0 20 109
0 7 4 2 17 4 108
0 7 4 2 6 15 177
0 7 4 1 12 10 84
0 7 4 1 1 21 51
0 7 4 0 18 5 114
0 7 4 0 7 16 103
0 7 3 21 0 3 174
0 7 3 19 1 4 172
0 7 3 17 2 5 94
0 7 3 16 8 0 187
0 7 3 15 3 6 195
0 7 3 14 9 1 129
0 7 3 13 4 7 43
0 7 3 12 10 2 186
0 7 3 11 5 8 26
0 7 3 10 11 3 53
0 7 3 10 0 14 111
0 7 3 9 6 9 191
0 7 3 8 12 4 154
0 7 3 8 1 15 100
0 7 3 7 7 10 6
0 7 3 6 13 5 133
0 7 3 6 2 16 27
0 7 3 5 19 0 177
0 7 3 5 8 11 128
0 7 3 4 14 6 185
0 7 3 4 3 17 99
0 7 3 3 20 1 119
0 7 3 3 9 12 71
0 7 3 2 15 7 93
0 7 3 2 4 18 52
0 7 3 1 21 2 135
0 7 3 1 10 13 107
0 7 3 0 16 8 186
0 7 3 0 5 19 78
0 7 2 22 3 0 75
0 7 2 20 4 1 189
0 7 2 18 5 2 75
0 7 2 17 0 8 46
0 7 2 16 6 3 41
0 7 2 15 1 9 23
0 7 2 14 7 4 147
0 7 2 13 2 10 53
0 7 2 12 8 5 173
0 7 2 11 14 0 183
0 7 2 11 3 11 63
0 7 2 10 9 6 145
0 7 2 9 15 1 116
0 7 2 9 4 12 170
0 7 2 8 10 7 175
0 7 2 7 16 2 15
0 7 2 7 5 13 10
0 7 2 6 11 8 50
0 7 2 6 0 19 8
0 7 2 5 17 3 89
0 7 2 5 6 14 99
0 7 2 4 12 9 171
0 7 2 4 1 20 10
0 7 2 3 18 4 29
0 7 2 3 7 15 7
0 7 2 2 13 10 108
0 7 2 2 2 21 50
0 7 2 1 19 5 103
0 7 2 1 8 16 157
0 7 2 0 25 0 124
0 7 2 0 14 11 61
0 7 2 0 3 22 170
0 7 1 24 0 2 42
0 7 1 22 1 3 152
0 7 1 20 2 4 37
0 7 1 18 3 5 127
0 7 1 17 9 0 156
0 7 1 16 4 6 70
0 7 1 15 10 1 112
0 7 1 14 5 7 120
0 7 1 13 11 2 88
0 7 1 13 0 13 137
0 7 1 12 6 8 36
0 7 1 11 12 3 92
0 7 1 11 1 14 46
0 7 1 10 7 9 116
0 7 1 9 13 4 178
0 7 1 9 2 15 147
0 7 1 8 8 10 171
0 7 1 7 14 5 77
0 7 1 7 3 16 125
0 7 1 6 20 0 168
0 7 1 6 9 11 80
0 7 1 5 15 6 48
0 7 1 5 4 17 192
0 7 1 4 21 1 138
0 7 1 4 10 12 176
0 7 1 3 16 7 53
0 7 1 3 5 18 189
0 7 1 2 22 2 159
0 7 1 2 11 13 39
0 7 1 2 0 24 58
0 7 1 1 17 8 168
0 7 1 1 6 19 10
0 7 1 0 23 3 157
0 7 1 0 12 14 147
0 7 1 0 1 25 122
0 7 0 23 4 0 120
0 7 0 21 5 1 181
0 7 0 20 0 7 135
0 7 0 19 6 2 196
0 7 0 18 1 8 181
0 7 0 17 7 3 48
0 7 0 16 2 9 141
0 7 0 15 8 4 5
0 7 0 14 3 10 119
0 7 0 13 9 5 91
0 7 0 12 15 0 8
0 7 0 12 4 11 183
0 7 0 11 10 6 179
0 7 0 10 16 1 65
0 7 0 10 5 12 149
0 7 0 9 11 7 42
0 7 0 9 0 18 151
0 7 0 8 17 2 156
0 7 0 8 6 13 39
0 7 0 7 12 8 153
0 7 0 7 1 19 59
0 7 0 6 18 3 63
0 7 0 6 7 14 99
0 7 0 5 13 9 26
0 7 0 5 2 20 11
0 7 0 4 19 4 131
0 7 0 4 8 15 12
0 7 0 3 14 10 18
0 7 0 3 3 21 89
0 7 0 2 20 5 100
0 7 0 2 9 16 165
0 7 0 1 26 0 104
0 7 0 1 15 11 38
0 7 0 1 4 22 166
0 7 0 0 21 6 87
0 7 0 0 10 17 65
0 6 27 0 0 1 78
0 6 25 3 0 0 78
0 6 25 1 1 1 37
0 6 23 4 1 0 104
0 6 23 2 2 1 96
0 6 23 0 3 2 58
0 6 22 2 0 4 68
0 6 22 0 1 5 169
0 6 21 5 2 0 63
0 6 21 3 3 1 89
0 6 21 1 4 2 41
0 6 20 5 0 3 161
0 6 20 3 1 4 60
0 6 20 1 2 5 73
0 6 20 0 8 0 178
0 6 19 6 3 0 4
0 6 19 4 4 1 105
0 6 19 2 5 2 45
0 6 19 1 0 8 68
0 6 19 0 6 3 65
0 6 18 8 0 2 99
0 6 18 6 1 3 165
0 6 18 4 2 4 140
0 6 18 2 3 5 62
0 6 18 1 9 0 147
0 6 18 0 4 6 135
0 6 17 7 4 0 106
0 6 17 5 5 1 18
0 6 17 4 0 7 21
0 6 17 3 6 2 74
0 6 17 2 1 8 181
0 6 17 1 7 3 3
0 6 17 0 2 9 56
0 6 16 11 0 1 105
0 6 16 9 1 2 43
0 6 16 7 2 3 70
0 6 16 5 3 4 9
0 6 16 3 4 5 114
0 6 16 2 10 0 77
0 6 16 1 5 6 69
0 6 16 0 11 1 115
0 6 16 0 0 12 44
0 6 15 8 5 0 33
0 6 15 7 0 6 1
0 6 15 6 6 1 135
0 6 15 5 1 7 166
0 6 15 4 7 2 56
0 6 15 3 2 8 74
0 6 15 2 8 3 181
0 6 15 1 3 9 98
0 6 15 0 9 4 38
0 6 14 14 0 0 35
0 6 14 12 1 1 5
0 6 14 10 2 2 156
0 6 14 8 3 3 105
0 6 14 6 4 4 32
0 6 14 4 5 5 32
0 6 14 3 11 0 178
0 6 14 3 0 11 33
0 6 14 2 6 6 64
0 6 14 1 12 1 14
0 6 14 1 1 12 113
0 6 14 0 7 7 96
0 6 13 10 0 5 73
0 6 13 9 6 0 38
0 6 13 8 1 6 124
0 6 13 7 7 1 63
0 6 13 6 2 7 133
0 6 13 5 8 2 29
0 6 13 4 3 8 84
0 6 13 3 9 3 173
0 6 13 2 4 9 172
0 6 13 1 10 4 141
0 6 13 0 5 10 157
0 6 12 15 1 0 191
0 6 12 13 2 1 38
0 6 12 11 3 2 127
0 6 12 9 4 3 4
0 6 12 7 5 4 181
0 6 12 6 0 10 25
0 6 12 5 6 5 28
0 6 12 4 12 0 197
0 6 12 4 1 11 114
0 6 12 3 7 6 94
0 6 12 2 13 1 42
0 6 12 2 2 12 135
0 6 12 1 8 7 6
0 6 12 0 14 2 144
0 6 12 0 3 13 114
0 6 11 13 0 4 55
0 6 11 11 1 5 6
0 6 11 10 7 0 141
0 6 11 9 2 6 87
0 6 11 8 8 1 13
0 6 11 7 3 7 188
0 6 11 6 9 2 58
0 6 11 5 4 8 94
0 6 11 4 10 3 126
0 6 11 3 5 9 47
0 6 11 2 11 4 114
0 6 11 2 0 15 95
0 6 11 1 6 10 101
0 6 11 0 12 5 6
0 6 11 0 1 16 157
0 6 10 16 2 0 52
0 6 10 14 3 1 163
0 6 10 12 4 2 30
0 6 10 10 5 3 99
0 6 10 9 0 9 47
0 6 10 8 6 4 134
0 6 10 7 1 10 112
0 6 10 6 7 5 174
0 6 10 5 13 0 132
0 6 10 5 2 11 143
0 6 10 4 8 6 162
0 6 10 3 14 1 79
0 6 10 3 3 12 93
0 6 10 2 9 7 40
0 6 10 1 15 2 38
0 6 10 1 4 13 110
0 6 10 0 10 8 94
0 6 9 16 0 3 154
0 6 9 14 1 4 51
0 6 9 12 2 5 116
0 6 9 11 8 0 1
0 6 9 10 3 6 9
0 6 9 9 9 1 111
0 6 9 8 4 7 60
0 6 9 7 10 2 50
0 6 9 6 5 8 37
0 6 9 5 11 3 143
0 6 9 5 0 14 42
0 6 9 4 6 9 61
0 6 9 3 12 4 47
0 6 9 3 1 15 53
0 6 9 2 7 10 180
0 6 9 1 13 5 167
0 6 9 1 2 16 77
0 6 9 0 19 0 198
0 6 9 0 8 11 3
0 6 8 17 3 0 8
0 6 8 15 4 1 47
0 6 8 13 5 2 197
0 6 8 12 0 8 83
0 6 8 11 6 3 8
0 6 8 10 1 9 41
0 6 8 9 7 4 137
0 6 8 8 2 10 118
0 6 8 7 8 5 194
0 6 8 6 14 0 16
0 6 8 5 9 6 110
0 6 8 4 15 1 24
0 6 8 4 4 12 125
0 6 8 3 10 7 159
0 6 8 2 16 2 68
0 6 8 2 5 13 102
0 6 8 1 11 8 4
0 6 8 1 0 19 177
0 6 8 0 17 3 44
0 6 8 0 6 14 93
0 6 7 19 0 2 190
0 6 7 17 1 3 52
0 6 7 15 2 4 134
0 6 7 13 3 5 21
0 6 7 12 9 0 116
0 6 7 11 4 6 19
0 6 7 10 10 1 1
0 6 7 9 5 7 121
0 6 7 8 11 2 134
0 6 7 8 0 13 61
0 6 7 7 6 8 30
0 6 7 6 12 3 36
0 6 7 6 1 14 147
0 6 7 5 7 9 75
0 6 7 4 13 4 63
0 6 7 4 2 15 110
0 6 7 3 8 10 57
0 6 7 2 14 5 125
0 6 7 1 20 0 157
0 6 7 1 9 11 144
0 6 7 0 15 6 16
0 6 7 0 4 17 9
0 6 6 18 4 0 144
0 6 6 16 5 1 23
0 6 6 15 0 7 87
0 6 6 14 6 2 190
0 6 6 13 1 8 126
0 6 6 12 7 3 91
0 6 6 11 2 9 183
0 6 6 10 8 4 101
0 6 6 9 3 10 82
0 6 6 8 9 5 25
0 6 6 7 15 0 3
0 6 6 7 4 11 195
0 6 6 6 10 6 118
0 6 6 5 16 1 123
0 6 6 5 5 12 104
0 6 6 4 11 7 16
0 6 6 4 0 18 118
0 6 6 3 17 2 24
0 6 6 3 6 13 152
0 6 6 2 12 8 84
0 6 6 2 1 19 127
0 6 6 1 18 3 152
0 6 6 1 7 14 2
0 6 6 0 13 9 6
0 6 6 0 2 20 34
0 6 5 22 0 1 93
0 6 5 20 1 2 190
0 6 5 18 2 3 160
0 6 5 16 3 4 169
0 6 5 14 4 5 137
0 6 5 13 10 0 85
0 6 5 12 5 6 110
0 6 5 11 11 1 130
0 6 5 11 0 12 83
0 6 5 10 6 7 111
0 6 5 9 12 2 109
0 6 5 9 1 13 186
0 6 5 8 7 8 119
0 6 5 7 13 3 80
0 6 5 7 2 14 1
0 6 5 6 8 9 27
0 6 5 5 14 4 22
0 6 5 5 3 15 6
0 6 5 4 9 10 45
0 6 5 3 15 5 41
0 6 5 3 4 16 52
0 6 5 2 21 0 82
0 6 5 2 10 11 195
0 6 5 1 16 6 86
0 6 5 1 5 17 24
0 6 5 0 22 1 143
0 6 5 0 11 12 129
0 6 5 0 0 23 161
0 6 4 19 5 0 114
0 6 4 18 0 6 151
0 6 4 17 6 1 151
0 6 4 16 1 7 91
0 6 4 15 7 2 65
0 6 4 14 2 8 127
0 6 4 13 8 3 16
0 6 4 12 3 9 94
0 6 4 11 9 4 11
0 6 4 10 4 10 155
0 6 4 9 10 5 28
0 6 4 8 16 0 116
0 6 4 8 5 11 12
0 6 4 7 11 6 110
0 6 4 7 0 17 146
0 6 4 6 17 1 36
0 6 4 6 6 12 178
0 6 4 5 12 7 121
0 6 4 5 1 18 118
0 6 4 4 18 2 198
0 6 4 4 7 13 78
0 6 4 3 13 8 10
0 6 4 3 2 19 71
0 6 4 2 19 3 112
0 6 4 2 8 14 90
0 6 4 1 14 9 55
0 6 4 1 3 20 104
0 6 4 0 20 4 175
0 6 4 0 9 15 40
0 6 3 25 0 0 144
0 6 3 23 1 1 55
0 6 3 21 2 2 186
0 6 3 19 3 3 108
0 6 3 17 4 4 75
0 6 3 15 5 5 102
0 6 3 14 11 0 158
0 6 3 14 0 11 35
0 6 3 13 6 6 41
0 6 3 12 12 1 84
0 6 3 12 1 12 143
0 6 3 11 7 7 7
0 6 3 10 13 2 62
0 6 3 10 2 13 118
0 6 3 9 8 8 82
0 6 3 8 14 3 113
0 6 3 8 3 14 100
0 6 3 7 9 9 49
0 6 3 6 15 4 4
0 6 3 6 4 15 187
0 6 3 5 10 10 90
0 6 3 4 16 5 70
0 6 3 4 5 16 160
0 6 3 3 22 0 106
0 6 3 3 11 11 78
0 6 3 3 0 22 48
0 6 3 2 17 6 181
0 6 3 2 6 17 82
0 6 3 1 23 1 75
0 6 3 1 12 12 139
0 6 3 1 1 23 102
0 6 3 0 18 7 139
0 6 3 0 7 18 193
0 6 2 21 0 5 10
0 6 2 20 6 0 148
0 6 2 19 1 6 53
0 6 2 18 7 1 81
0 6 2 17 2 7 29
0 6 2 16 8 2 73
0 6 2 15 3 8 175
0 6 2 14 9 3 172
0 6 2 13 4 9 51
0 6 2 12 10 4 175
0 6 2 11 5 10 106
0 6 2 10 11 5 180
0 6 2 10 0 16 103
0 6 2 9 17 0 57
0 6 2 9 6 11 173
0 6 2 8 12 6 42
0 6 2 8 1 17 103
0 6 2 7 18 1 21
0 6 2 7 7 12 118
0 6 2 6 13 7 145
0 6 2 6 2 18 5
0 6 2 5 19 2 196
0 6 2 5 8 13 191
0 6 2 4 14 8 86
0 6 2 4 3 19 129
0 6 2 3 20 3 161
0 6 2 3 9 14 111
0 6 2 2 15 9 62
0 6 2 2 4 20 2
0 6 2 1 21 4 127
0 6 2 1 10 15 78
0 6 2 0 16 10 97
0 6 2 0 5 21 45
0 6 1 26 1 0 178
0 6 1 24 2 1 70
0 6 1 22 3 2 82
0 6 1 20 4 3 180
0 6 1 18 5 4 162
0 6 1 17 0 10 83
0 6 1 16 6 5 155
0 6 1 15 12 0 137
0 6 1 15 1 11 55
0 6 1 14 7 6 70
0 6 1 13 13 1 166
0 6 1 13 2 12 78
0 6 1 12 8 7 48
0 6 1 11 14 2 77
0 6 1 11 3 13 130
0 6 1 10 9 8 102
0 6 1 9 15 3 116
0 6 1 9 4 14 16
0 6 1 8 10 9 182
0 6 1 7 16 4 45
0 6 1 7 5 15 50
0 6 1 6 11 10 53
0 6 1 6 0 21 74
0 6 1 5 17 5 176
0 6 1 5 6 16 41
0 6 1 4 23 0 114
0 6 1 4 12 11 4
0 6 1 4 1 22 183
0 6 1 3 18 6 123
0 6 1 3 7 17 167
0 6 1 2 24 1 11
0 6 1 2 13 12 90
0 6 1 2 2 23 125
0 6 1 1 19 7 28
0 6 1 1 8 18 47
0 6 1 0 25 2 128
0 6 1 0 14 13 54
0 6 1 0 3 24 97
0 6 0 24 0 4 87
0 6 0 22 1 5 1
0 6 0 21 7 0 122
0 6 0 20 2 6 44
0 6 0 19 8 1 43
0 6 0 18 3 7 51
0 6 0 17 9 2 20
0 6 0 16 4 8 94
0 6 0 15 10 3 15
0 6 0 14 5 9 16
0 6 0 13 11 4 17
0 6 0 13 0 15 181
0 6 0 12 6 10 42
0 6 0 11 12 5 86
0 6 0 11 1 16 190
0 6 0 10 18 0 169
0 6 0 10 7 11 79
0 6 0 9 13 6 137
0 6 0 9 2 17 26
0 6 0 8 19 1 130
0 6 0 8 8 12 52
0 6 0 7 14 7 15
0 6 0 7 3 18 74
0 6 0 6 20 2 86
0 6 0 6 9 13 145
0 6 0 5 15 8 2
0 6 0 5 4 19 23
0 6 0 4 21 3 191
0 6 0 4 10 14 115
0 6 0 3 16 9 31
0 6 0 3 5 20 138
0 6 0 2 22 4 151
0 6 0 2 11 15 80
0 6 0 2 0 26 172
0 6 0 1 17 10 97
0 6 0 0 23 5 13
0 6 0 0 12 16 23
0 6 0 0 1 27 62
0 5 27 0 2 0 103
0 5 26 0 0 3 86
0 5 25 1 3 0 60
0 5 24 3 0 2 182
0 5 24 1 1 3 19
0 5 23 2 4 0 134
0 5 23 0 5 1 43
0 5 22 6 0 1 183
0 5 22 4 1 2 36
0 5 22 2 2 3 115
0 5 22 0 3 4 88
0 5 21 3 5 0 119
0 5 21 2 0 6 142
0 5 21 1 6 1 73
0 5 21 0 1 7 56
0 5 20 9 0 0 18
0 5 20 7 1 1 88
0 5 20 5 2 2 95
0 5 20 3 3 3 80
0 5 20 1 4 4 74
0 5 19 5 0 5 104
0 5 19 4 6 0 29
0 5 19 3 1 6 95
0 5 19 2 7 1 116
0 5 19 1 2 7 98
0 5 19 0 8 2 110
0 5 18 10 1 0 124
0 5 18 8 2 1 116
0 5 18 6 3 2 24
0 5 18 4 4 3 110
0 5 18 2 5 4 22
0 5 18 1 0 10 102
0 5 18 0 6 5 182
0 5 17 8 0 4 88
0 5 17 6 1 5 12
0 5 17 5 7 0 181
0 5 17 4 2 6 96
0 5 17 3 8 1 9
0 5 17 2 3 7 126
0 5 17 1 9 2 193
0 5 17 0 4 8 150
0 5 16 11 2 0 101
0 5 16 9 3 1 149
0 5 16 7 4 2 56
0 5 16 5 5 3 150
0 5 16 4 0 9 65
0 5 16 3 6 4 175
0 5 16 2 1 10 154
0 5 16 1 7 5 126
0 5 16 0 13 0 51
0 5 16 0 2 11 109
0 5 15 11 0 3 163
0 5 15 9 1 4 30
0 5 15 7 2 5 60
0 5 15 6 8 0 43
0 5 15 5 3 6 196
0 5 15 4 9 1 35
0 5 15 3 4 7 140
0 5 15 2 10 2 22
0 5 15 1 5 8 2
0 5 15 0 11 3 196
0 5 15 0 0 14 188
0 5 14 12 3 0 44
0 5 14 10 4 1 191
0 5 14 8 5 2 88
0 5 14 7 0 8 26
0 5 14 6 6 3 22
0 5 14 5 1 9 152
0 5 14 4 7 4 82
0 5 14 3 2 10 42
0 5 14 2 8 5 52
0 5 14 1 14 0 168
0 5 14 1 3 11 184
0 5 14 0 9 6 56
0 5 13 14 0 2 6
0 5 13 12 1 3 39
0 5 13 10 2 4 108
0 5 13 8 3 5 80
0 5 13 7 9 0 31
0 5 13 6 4 6 98
0 5 13 5 10 1 198
0 5 13 4 5 7 115
0 5 13 3 11 2 153
0 5 13 3 0 13 13
0 5 13 2 6 8 196
0 5 13 1 12 3 148
0 5 13 1 1 14 90
0 5 13 0 7 9 156
0 5 12 13 4 0 187
0 5 12 11 5 1 184
0 5 12 10 0 7 102
0 5 12 9 6 2 50
0 5 12 8 1 8 63
0 5 12 7 7 3 12
0 5 12 6 2 9 159
0 5 12 5 8 4 169
0 5 12 4 3 10 49
0 5 12 3 9 5 126
0 5 12 2 15 0 198
0 5 12 2 4 11 96
0 5 12 1 10 6 95
0 5 12 0 16 1 22
0 5 12 0 5 12 16
0 5 11 17 0 1 139
0 5 11 15 1 2 82
0 5 11 13 2 3 127
0 5 11 11 3 4 42
0 5 11 8 10 0 152
0 5 11 7 5 6 43
0 5 11 6 11 1 144
0 5 11 6 0 12 172
0 5 11 5 6 7 34
0 5 11 4 12 2 134
0 5 11 4 1 13 131
0 5 11 3 7 8 160
0 5 11 2 13 3 35
0 5 11 2 2 14 2
0 5 11 1 8 9 17
0 5 11 0 14 4 147
0 5 11 0 3 15 48
0 5 10 14 5 0 159
0 5 10 13 0 6 12
0 5 10 12 6 1 84
0 5 10 11 1 7 117
0 5 10 10 7 2 111
0 5 10 9 2 8 101
0 5 10 8 8 3 139
0 5 10 7 3 9 39
0 5 10 6 9 4 198
0 5 10 5 4 10 186
0 5 10 4 10 5 76
0 5 10 3 16 0 118
0 5 10 3 5 11 53
0 5 10 2 11 6 41
0 5 10 2 0 17 81
0 5 10 1 17 1 13
0 5 10 1 6 12 89
0 5 10 0 12 7 47
0 5 10 0 1 18 132
0 5 9 20 0 0 46
0 5 9 18 1 1 62
0 5 9 16 2 2 177
0 5 9 14 3 3 46
0 5 9 12 4 4 166
0 5 9 10 5 5 172
0 5 9 9 11 0 120
0 5 9 9 0 11 192
0 5 9 8 6 6 153
0 5 9 7 12 1 127
0 5 9 7 1 12 53
0 5 9 6 7 7 70
0 5 9 5 13 2 15
0 5 9 5 2 13 165
0 5 9 4 8 8 128
0 5 9 3 14 3 184
0 5 9 3 3 14 117
0 5 9 2 9 9 63
0 5 9 1 15 4 193
0 5 9 1 4 15 169
0 5 9 0 10 10 179
0 5 8 16 0 5 36
0 5 8 15 6 0 103
0 5 8 14 1 6 153
0 5 8 13 7 1 25
0 5 8 12 2 7 157
0 5 8 11 8 2 22
0 5 8 10 3 8 1
0 5 8 9 9 3 35
0 5 8 8 4 9 124
0 5 8 7 10 4 88
0 5 8 6 5 10 65
0 5 8 5 11 5 168
0 5 8 5 0 16 37
0 5 8 4 17 0 97
0 5 8 4 6 11 10
0 5 8 3 12 6 164
0 5 8 3 1 17 166
0 5 8 2 18 1 38
0 5 8 2 7 12 91
0 5 8 1 13 7 180
0 5 8 1 2 18 173
0 5 8 0 19 2 25
0 5 8 0 8 13 25
0 5 7 21 1 0 67
0 5 7 19 2 1 46
0 5 7 17 3 2 44
0 5 7 15 4 3 54
0 5 7 13 5 4 13
0 5 7 12 0 10 58
0 5 7 11 6 5 132
0 5 7 10 12 0 81
0 5 7 10 1 11 43
0 5 7 9 7 6 192
0 5 7 8 13 1 117
0 5 7 8 2 12 79
0 5 7 7 8 7 80
0 5 7 6 14 2 70
0 5 7 6 3 13 66
0 5 7 5 9 8 43
0 5 7 4 15 3 19
0 5 7 4 4 14 71
0 5 7 3 10 9 176
0 5 7 2 16 4 179
0 5 7 2 5 15 107
0 5 7 1 11 10 172
0 5 7 1 0 21 51
0 5 7 0 17 5 34
0 5 7 0 6 16 185
0 5 6 19 0 4 47
0 5 6 17 1 5 177
0 5 6 16 7 0 134
0 5 6 15 2 6 77
0 5 6 14 8 1 36
0 5 6 13 3 7 131
0 5 6 12 9 2 160
0 5 6 11 4 8 141
0 5 6 10 10 3 83
0 5 6 9 5 9 84
0 5 6 8 11 4 172
0 5 6 8 0 15 53
0 5 6 7 6 10 162
0 5 6 6 12 5 65
0 5 6 6 1 16 25
0 5 6 5 18 0 163
0 5 6 5 7 11 6
0 5 6 4 13 6 80
0 5 6 4 2 17 70
0 5 6 3 19 1 76
0 5 6 3 8 12 16
0 5 6 2 14 7 111
0 5 6 2 3 18 153
0 5 6 1 20 2 98
0 5 6 1 9 13 50
0 5 6 0 15 8 161
0 5 6 0 4 19 104
0 5 5 22 2 0 99
0 5 5 20 3 1 26
0 5 5 18 4 2 69
0 5 5 16 5 3 83
0 5 5 15 0 9 134
0 5 5 14 6 4 31
0 5 5 13 1 10 99
0 5 5 12 7 5 66
0 5 5 11 13 0 99
0 5 5 11 2 11 137
0 5 5 10 8 6 69
0 5 5 9 14 1 76
0 5 5 9 3 12 192
0 5 5 8 9 7 135
0 5 5 7 15 2 105
0 5 5 7 4 13 105
0 5 5 6 10 8 14
0 5 5 5 16 3 172
0 5 5 5 5 14 9
0 5 5 4 11 9 25
0 5 5 4 0 20 54
0 5 5 3 17 4 100
0 5 5 3 6 15 142
0 5 5 2 12 10 71
0 5 5 2 1 21 8
0 5 5 1 18 5 161
0 5 5 1 7 16 169
0 5 5 0 24 0 147
0 5 5 0 13 11 82
0 5 5 0 2 22 96
0 5 4 22 0 3 127
0 5 4 20 1 4 77
0 5 4 18 2 5 107
0 5 4 17 8 0 1
0 5 4 16 3 6 6
0 5 4 15 9 1 107
0 5 4 14 4 7 41
0 5 4 13 10 2 161
0 5 4 12 5 8 29
0 5 4 11 11 3 96
0 5 4 11 0 14 171
0 5 4 10 6 9 107
0 5 4 9 12 4 101
0 5 4 9 1 15 187
0 5 4 8 7 10 176
0 5 4 7 13 5 103
0 5 4 7 2 16 39
0 5 4 6 19 0 92
0 5 4 6 8 11 49
0 5 4 5 14 6 164
0 5 4 5 3 17 125
0 5 4 4 20 1 129
0 5 4 4 9 12 195
0 5 4 3 15 7 152
0 5 4 3 4 18 186
0 5 4 2 21 2 73
0 5 4 2 10 13 100
0 5 4 1 16 8 154
0 5 4 1 5 19 134
0 5 4 0 22 3 34
0 5 4 0 11 14 12
0 5 4 0 0 25 20
0 5 3 23 3 0 150
0 5 3 21 4 1 107
0 5 3 19 5 2 80
0 5 3 18 0 8 20
0 5 3 17 6 3 183
0 5 3 16 1 9 120
0 5 3 15 7 4 89
0 5 3 14 2 10 79
0 5 3 13 8 5 167
0 5 3 12 14 0 91
0 5 3 12 3 11 171
0 5 3 11 9 6 34
0 5 3 10 15 1 189
0 5 3 10 4 12 187
0 5 3 9 10 7 183
0 5 3 8 16 2 170
0 5 3 8 5 13 33
0 5 3 7 11 8 63
0 5 3 7 0 19 58
0 5 3 6 17 3 182
0 5 3 6 6 14 51
0 5 3 5 12 9 111
0 5 3 5 1 20 127
0 5 3 4 18 4 3
0 5 3 4 7 15 46
0 5 3 3 13 10 31
0 5 3 3 2 21 147
0 5 3 2 19 5 82
0 5 3 2 8 16 120
0 5 3 1 25 0 84
0 5 3 1 14 11 182
0 5 3 1 3 22 13
0 5 3 0 20 6 140
0 5 3 0 9 17 51
0 5 2 25 0 2 73
0 5 2 23 1 3 71
0 5 2 21 2 4 6
0 5 2 19 3 5 150
0 5 2 18 9 0 70
0 5 2 17 4 6 136
0 5 2 16 10 1 71
0 5 2 15 5 7 128
0 5 2 14 11 2 4
0 5 2 14 0 13 35
0 5 2 13 6 8 167
0 5 2 12 12 3 89
0 5 2 12 1 14 158
0 5 2 11 7 9 117
0 5 2 10 13 4 112
0 5 2 10 2 15 190
0 5 2 9 8 10 194
0 5 2 8 14 5 94
0 5 2 8 3 16 182
0 5 2 7 20 0 12
0 5 2 7 9 11 181
0 5 2 6 15 6 6
0 5 2 6 4 17 137
0 5 2 5 21 1 191
0 5 2 5 10 12 54
0 5 2 4 16 7 97
0 5 2 4 5 18 38
0 5 2 3 22 2 30
0 5 2 3 11 13 64
0 5 2 3 0 24 75
0 5 2 2 17 8 28
0 5 2 2 6 19 160
0 5 2 1 23 3 2
0 5 2 1 12 14 188
0 5 2 1 1 25 147
0 5 2 0 18 9 5
0 5 2 0 7 20 91
0 5 1 24 4 0 127
0 5 1 22 5 1 75
0 5 1 21 0 7 184
0 5 1 20 6 2 166
0 5 1 19 1 8 15
0 5 1 18 7 3 53
0 5 1 17 2 9 60
0 5 1 16 8 4 40
0 5 1 15 3 10 45
0 5 1 14 9 5 173
0 5 1 13 15 0 90
0 5 1 13 4 11 158
0 5 1 12 10 6 13
0 5 1 11 16 1 5
0 5 1 11 5 12 106
0 5 1 10 11 7 122
0 5 1 10 0 18 115
0 5 1 9 17 2 144
0 5 1 9 6 13 62
0 5 1 8 12 8 63
0 5 1 8 1 19 64
0 5 1 7 18 3 85
0 5 1 7 7 14 183
0 5 1 6 13 9 159
0 5 1 6 2 20 195
0 5 1 5 19 4 84
0 5 1 5 8 15 130
0 5 1 4 14 10 8
0 5 1 4 3 21 62
0 5 1 3 20 5 121
0 5 1 3 9 16 16
0 5 1 2 26 0 41
0 5 1 2 15 11 121
0 5 1 2 4 22 145
0 5 1 1 21 6 14
0 5 1 1 10 17 134
0 5 1 0 27 1 4
0 5 1 0 16 12 82
0 5 1 0 5 23 17
0 5 0 28 0 1 135
0 5 0 26 1 2 72
0 5 0 24 2 3 67
0 5 0 22 3 4 64
0 5 0 20 4 5 152
0 5 0 19 10 0 59
0 5 0 18 5 6 138
0 5 0 17 11 1 80
0 5 0 17 0 12 41
0 5 0 16 6 7 11
0 5 0 15 12 2 151
0 5 0 15 1 13 82
0 5 0 14 7 8 56
0 5 0 13 13 3 23
0 5 0 13 2 14 49
0 5 0 12 8 9 39
0 5 0 11 14 4 84
0 5 0 11 3 15 16
0 5 0 10 9 10 149
0 5 0 9 15 5 150
0 5 0 9 4 16 181
0 5 0 8 21 0 157
0 5 0 8 10 11 187
0 5 0 7 16 6 128
0 5 0 7 5 17 35
0 5 0 6 22 1 111
0 5 0 6 11 12 9
0 5 0 6 0 23 57
0 5 0 5 17 7 73
0 5 0 5 6 18 155
0 5 0 4 23 2 57
0 5 0 4 12 13 196
0 5 0 4 1 24 133
0 5 0 3 18 8 55
0 5 0 3 7 19 97
0 5 0 2 24 3 120
0 5 0 2 13 14 160
0 5 0 2 2 25 29
0 5 0 1 19 9 116
0 5 0 1 8 20 109
0 5 0 0 25 4 88
0 5 0 0 14 15 150
0 5 0 0 3 26 172
0 4 28 1 0 1 58
0 4 26 4 0 0 153
0 4 26 2 1 1 197
0 4 26 0 2 2 76
0 4 25 0 0 5 114
0 4 24 5 1 0 98
0 4 24 3 2 1 85
0 4 24 1 3 2 192
0 4 23 3 0 4 31
0 4 23 1 1 5 114
0 4 23 0 7 0 97
0 4 22 6 2 0 98
0 4 22 4 3 1 100
0 4 22 2 4 2 30
0 4 22 0 5 3 2
0 4 21 6 0 3 56
0 4 21 4 1 4 109
0 4 21 2 2 5 180
0 4 21 1 8 0 152
0 4 21 0 3 6 138
0 4 20 7 3 0 161
0 4 20 5 4 1 86
0 4 20 3 5 2 42
0 4 20 2 0 8 105
0 4 20 1 6 3 96
0 4 20 0 1 9 57
0 4 19 9 0 2 191
0 4 19 7 1 3 124
0 4 19 5 2 4 66
0 4 19 3 3 5 149
0 4 19 2 9 0 26
0 4 19 1 4 6 50
0 4 19 0 10 1 154
0 4 18 8 4 0 93
0 4 18 6 5 1 59
0 4 18 5 0 7 187
0 4 18 4 6 2 23
0 4 18 3 1 8 53
0 4 18 2 7 3 124
0 4 18 1 2 9 128
0 4 18 0 8 4 177
0 4 17 12 0 1 157
0 4 17 10 1 2 76
0 4 17 8 2 3 119
0 4 17 6 3 4 155
0 4 17 4 4 5 117
0 4 17 3 10 0 101
0 4 17 2 5 6 152
0 4 17 1 11 1 22
0 4 17 1 0 12 172
0 4 17 0 6 7 33
0 4 16 9 5 0 56
0 4 16 8 0 6 112
0 4 16 7 6 1 188
0 4 16 6 1 7 60
0 4 16 5 7 2 110
0 4 16 4 2 8 167
0 4 16 3 8 3 99
0 4 16 2 3 9 121
0 4 16 1 9 4 163
0 4 16 0 4 10 149
0 4 15 15 0 0 99
0 4 15 13 1 1 26
0 4 15 11 2 2 117
0 4 15 9 3 3 40
0 4 15 7 4 4 116
0 4 15 5 5 5 139
0 4 15 4 11 0 6
0 4 15 4 0 11 79
0 4 15 3 6 6 25
0 4 15 2 12 1 35
0 4 15 2 1 12 139
0 4 15 1 7 7 18
0 4 15 0 13 2 30
0 4 15 0 2 13 126
0 4 14 11 0 5 56
0 4 14 10 6 0 188
0 4 14 9 1 6 164
0 4 14 8 7 1 165
0 4 14 7 2 7 194
0 4 14 6 8 2 144
0 4 14 5 3 8 95
0 4 14 4 9 3 44
0 4 14 3 4 9 121
0 4 14 2 10 4 16
0 4 14 1 5 10 14
0 4 14 0 11 5 119
0 4 14 0 0 16 182
0 4 13 16 1 0 21
0 4 13 14 2 1 80
0 4 13 12 3 2 69
0 4 13 10 4 3 118
0 4 13 8 5 4 40
0 4 13 7 0 10 163
0 4 13 6 6 5 169
0 4 13 5 12 0 132
0 4 13 5 1 11 95
0 4 13 4 7 6 42
0 4 13 3 13 1 21
0 4 13 3 2 12 99
0 4 13 2 8 7 122
0 4 13 1 14 2 152
0 4 13 1 3 13 86
0 4 13 0 9 8 59
0 4 12 14 0 4 38
0 4 12 12 1 5 7
0 4 12 11 7 0 137
0 4 12 10 2 6 176
0 4 12 9 8 1 175
0 4 12 8 3 7 120
0 4 12 7 9 2 175
0 4 12 6 4 8 53
0 4 12 5 10 3 11
0 4 12 4 5 9 107
0 4 12 3 11 4 172
0 4 12 3 0 15 109
0 4 12 2 6 10 74
0 4 12 1 12 5 2
0 4 12 1 1 16 173
0 4 12 0 18 0 119
0 4 12 0 7 11 121
0 4 11 17 2 0 35
0 4 11 15 3 1 8
0 4 11 13 4 2 113
0 4 11 11 5 3 189
0 4 11 10 0 9 154
0 4 11 9 6 4 70
0 4 11 8 1 10 109
0 4 11 7 7 5 28
0 4 11 6 13 0 110
0 4 11 6 2 11 65
0 4 11 5 8 6 112
0 4 11 4 14 1 180
0 4 11 4 3 12 65
0 4 11 3 9 7 67
0 4 11 2 15 2 111
0 4 11 2 4 13 162
0 4 11 1 10 8 129
0 4 11 0 5 14 73
0 4 10 17 0 3 117
0 4 10 15 1 4 11
0 4 10 13 2 5 108
0 4 10 12 8 0 71
0 4 10 11 3 6 110
0 4 10 10 9 1 39
0 4 10 9 4 7 79
0 4 10 8 10 2 142
0 4 10 7 5 8 84
0 4 10 6 11 3 55
0 4 10 6 0 14 178
0 4 10 5 6 9 83
0 4 10 4 12 4 185
0 4 10 4 1 15 169
0 4 10 3 7 10 78
0 4 10 2 13 5 110
0 4 10 2 2 16 188
0 4 10 1 19 0 41
0 4 10 1 8 11 147
0 4 10 0 14 6 114
0 4 10 0 3 17 52
0 4 9 18 3 0 55
0 4 9 16 4 1 114
0 4 9 14 5 2 65
0 4 9 13 0 8 86
0 4 9 12 6 3 29
0 4 9 11 1 9 100
0 4 9 10 7 4 191
0 4 9 9 2 10 29
0 4 9 8 8 5 45
0 4 9 7 14 0 96
0 4 9 7 3 11 76
0 4 9 6 9 6 89
0 4 9 5 15 1 77
0 4 9 5 4 12 165
0 4 9 4 10 7 139
0 4 9 3 16 2 133
0 4 9 3 5 13 3
0 4 9 2 11 8 23
0 4 9 2 0 19 148
0 4 9 1 17 3 63
0 4 9 1 6 14 65
0 4 9 0 12 9 194
0 4 9 0 1 20 21
0 4 8 20 0 2 21
0 4 8 18 1 3 65
0 4 8 16 2 4 48
0 4 8 14 3 5 1
0 4 8 13 9 0 167
0 4 8 12 4 6 115
0 4 8 11 10 1 172
0 4 8 10 5 7 13
0 4 8 9 11 2 98
0 4 8 9 0 13 82
0 4 8 8 6 8 33
0 4 8 7 12 3 158
0 4 8 7 1 14 154
0 4 8 6 7 9 6
0 4 8 5 13 4 195
0 4 8 5 2 15 149
0 4 8 4 8 10 99
0 4 8 3 14 5 94
0 4 8 3 3 16 113
0 4 8 2 20 0 146
0 4 8 2 9 11 70
0 4 8 1 15 6 42
0 4 8 1 4 17 124
0 4 8 0 21 1 38
0 4 8 0 10 12 56
0 4 7 19 4 0 110
0 4 7 17 5 1 2
0 4 7 16 0 7 181
0 4 7 15 6 2 37
0 4 7 14 1 8 20
0 4 7 13 7 3 194
0 4 7 12 2 9 76
0 4 7 11 8 4 141
0 4 7 10 3 10 141
0 4 7 9 9 5 180
0 4 7 8 15 0 106
0 4 7 8 4 11 137
0 4 7 7 10 6 35
0 4 7 6 16 1 115
0 4 7 6 5 12 46
0 4 7 5 11 7 63
0 4 7 5 0 18 49
0 4 7 4 17 2 91
0 4 7 4 6 13 61
0 4 7 3 12 8 89
0 4 7 3 1 19 17
0 4 7 2 18 3 24
0 4 7 2 7 14 28
0 4 7 1 13 9 134
0 4 7 1 2 20 76
0 4 7 0 19 4 23
0 4 7 0 8 15 77
0 4 6 23 0 1 76
0 4 6 21 1 2 3
0 4 6 19 2 3 182
0 4 6 17 3 4 58
0 4 6 15 4 5 138
0 4 6 14 10 0 2
0 4 6 13 5 6 174
0 4 6 12 11 1 105
0 4 6 12 0 12 62
0 4 6 11 6 7 95
0 4 6 10 12 2 76
0 4 6 10 1 13 89
0 4 6 9 7 8 9
0 4 6 8 13 3 121
0 4 6 8 2 14 49
0 4 6 7 8 9 195
0 4 6 6 14 4 150
0 4 6 6 3 15 130
0 4 6 5 9 10 100
0 4 6 4 15 5 13
0 4 6 4 4 16 52
0 4 6 3 21 0 29
0 4 6 3 10 11 54
0 4 6 2 16 6 29
0 4 6 2 5 17 159
0 4 6 1 22 1 13
0 4 6 1 11 12 86
0 4 6 1 0 23 160
0 4 6 0 17 7 26
0 4 6 0 6 18 135
0 4 5 20 5 0 41
0 4 5 19 0 6 115
0 4 5 18 6 1 45
0 4 5 17 1 7 71
0 4 5 16 7 2 151
0 4 5 15 2 8 137
0 4 5 14 8 3 32
0 4 5 13 3 9 130
0 4 5 12 9 4 139
0 4 5 11 4 10 121
0 4 5 10 10 5 57
0 4 5 9 16 0 171
0 4 5 9 5 11 139
0 4 5 8 11 6 195
0 4 5 8 0 17 108
0 4 5 7 17 1 126
0 4 5 7 6 12 185
0 4 5 6 12 7 67
0 4 5 6 1 18 5
0 4 5 5 18 2 5
0 4 5 5 7 13 53
0 4 5 4 13 8 94
0 4 5 4 2 19 93
0 4 5 3 19 3 104
0 4 5 3 8 14 78
0 4 5 2 14 9 176
0 4 5 2 3 20 100
0 4 5 1 20 4 173
0 4 5 1 9 15 95
0 4 5 0 15 10 11
0 4 5 0 4 21 114
0 4 4 26 0 0 195
0 4 4 24 1 1 23
0 4 4 22 2 2 23
0 4 4 20 3 3 1
0 4 4 18 4 4 29
0 4 4 16 5 5 17
0 4 4 15 11 0 118
0 4 4 15 0 11 120
0 4 4 14 6 6 43
0 4 4 13 12 1 131
0 4 4 13 1 12 15
0 4 4 12 7 7 82
0 4 4 11 13 2 12
0 4 4 11 2 13 168
0 4 4 10 8 8 189
0 4 4 9 14 3 180
0 4 4 9 3 14 170
0 4 4 8 9 9 39
0 4 4 7 15 4 127
0 4 4 7 4 15 127
0 4 4 6 10 10 152
0 4 4 5 16 5 117
0 4 4 5 5 16 36
0 4 4 4 22 0 197
0 4 4 4 11 11 168
0 4 4 4 0 22 21
0 4 4 3 17 6 16
0 4 4 3 6 17 30
0 4 4 2 23 1 188
0 4 4 2 12 12 151
0 4 4 2 1 23 9
0 4 4 1 18 7 5
0 4 4 1 7 18 16
0 4 4 0 24 2 136
0 4 4 0 13 13 131
0 4 4 0 2 24 116
0 4 3 22 0 5 182
0 4 3 21 6 0 97
0 4 3 20 1 6 114
0 4 3 19 7 1 157
0 4 3 18 2 7 158
0 4 3 17 8 2 152
0 4 3 16 3 8 19
0 4 3 15 9 3 77
0 4 3 14 4 9 80
0 4 3 13 10 4 68
0 4 3 12 5 10 181
0 4 3 11 11 5 122
0 4 3 11 0 16 147
0 4 3 10 17 0 188
0 4 3 10 6 11 83
0 4 3 9 12 6 23
0 4 3 9 1 17 147
0 4 3 8 18 1 103
0 4 3 8 7 12 75
0 4 3 7 13 7 184
0 4 3 7 2 18 74
0 4 3 6 19 2 11
0 4 3 6 8 13 145
0 4 3 5 14 8 183
0 4 3 5 3 19 51
0 4 3 4 20 3 140
0 4 3 4 9 14 120
0 4 3 3 15 9 106
0 4 3 3 4 20 46
0 4 3 2 21 4 121
0 4 3 2 10 15 39
0 4 3 1 16 10 182
0 4 3 1 5 21 162
0 4 3 0 22 5 159
0 4 3 0 11 16 79
0 4 3 0 0 27 87
0 4 2 27 1 0 103
0 4 2 25 2 1 42
0 4 2 23 3 2 87
0 4 2 21 4 3 14
0 4 2 19 5 4 149
0 4 2 18 0 10 74
0 4 2 17 6 5 188
0 4 2 16 12 0 193
0 4 2 16 1 11 189
0 4 2 15 7 6 189
0 4 2 14 13 1 45
0 4 2 14 2 12 141
0 4 2 13 8 7 29
0 4 2 12 14 2 152
0 4 2 12 3 13 80
0 4 2 11 9 8 149
0 4 2 10 15 3 60
0 4 2 10 4 14 22
0 4 2 9 10 9 190
0 4 2 8 16 4 85
0 4 2 8 5 15 166
0 4 2 7 11 10 31
0 4 2 7 0 21 120
0 4 2 6 17 5 152
0 4 2 6 6 16 39
0 4 2 5 23 0 108
0 4 2 5 12 11 112
0 4 2 5 1 22 55
0 4 2 4 18 6 28
0 4 2 4 7 17 42
0 4 2 3 24 1 106
0 4 2 3 13 12 77
0 4 2 3 2 23 91
0 4 2 2 19 7 117
0 4 2 2 8 18 102
0 4 2 1 25 2 178
0 4 2 1 14 13 40
0 4 2 1 3 24 181
0 4 2 0 20 8 105
0 4 2 0 9 19 142
0 4 1 25 0 4 86
0 4 1 23 1 5 35
0 4 1 22 7 0 34
0 4 1 21 2 6 97
0 4 1 20 8 1 186
0 4 1 19 3 7 76
0 4 1 18 9 2 190
0 4 1 17 4 8 106
0 4 1 16 10 3 59
0 4 1 15 5 9 144
0 4 1 14 11 4 115
0 4 1 14 0 15 34
0 4 1 13 6 10 184
0 4 1 12 12 5 61
0 4 1 12 1 16 46
0 4 1 11 18 0 71
0 4 1 11 7 11 77
0 4 1 10 13 6 139
0 4 1 10 2 17 43
0 4 1 9 19 1 128
0 4 1 9 8 12 94
0 4 1 8 14 7 142
0 4 1 8 3 18 133
0 4 1 7 20 2 46
0 4 1 7 9 13 87
0 4 1 6 15 8 18
0 4 1 6 4 19 36
0 4 1 5 21 3 113
0 4 1 5 10 14 167
0 4 1 4 16 9 163
0 4 1 4 5 20 1
0 4 1 3 22 4 152
0 4 1 3 11 15 164
0 4 1 3 0 26 80
0 4 1 2 17 10 178
0 4 1 2 6 21 186
0 4 1 1 23 5 6
0 4 1 1 12 16 79
0 4 1 1 1 27 197
0 4 1 0 29 0 19
0 4 1 0 18 11 166
0 4 1 0 7 22 171
0 4 0 28 2 0 127
0 4 0 26 3 1 48
0 4 0 24 4 2 116
0 4 0 22 5 3 115
0 4 0 21 0 9 50
0 4 0 20 6 4 137
0 4 0 19 1 10 35
0 4 0 18 7 5 68
0 4 0 17 13 0 198
0 4 0 17 2 11 146
0 4 0 16 8 6 168
0 4 0 15 14 1 154
0 4 0 15 3 12 13
0 4 0 14 9 7 131
0 4 0 13 15 2 192
0 4 0 13 4 13 179
0 4 0 12 10 8 170
0 4 0 11 16 3 119
0 4 0 11 5 14 106
0 4 0 10 11 9 137
0 4 0 10 0 20 54
0 4 0 9 17 4 59
0 4 0 9 6 15 35
0 4 0 8 12 10 26
0 4 0 8 1 21 184
0 4 0 7 18 5 170
0 4 0 7 7 16 27
0 4 0 6 24 0 124
0 4 0 6 13 11 141
0 4 0 6 2 22 155
0 4 0 5 19 6 152
0 4 0 5 8 17 144
0 4 0 4 25 1 53
0 4 0 4 14 12 116
0 4 0 4 3 23 177
0 4 0 3 20 7 110
0 4 0 3 9 18 82
0 4 0 2 26 2 104
0 4 0 2 15 13 135
0 4 0 2 4 24 104
0 4 0 1 21 8 28
0 4 0 1 10 19 153
0 4 0 0 27 3 10
0 4 0 0 16 14 35
0 4 0 0 5 25 78
0 3 30 0 1 0 88
0 3 28 1 2 0 26
0 3 27 1 0 3 54
0 3 26 2 3 0 102
0 3 26 0 4 1 65
0 3 25 4 0 2 120
0 3 25 2 1 3 168
0 3 25 0 2 4 122
0 3 24 3 4 0 25
0 3 24 1 5 1 32
0 3 24 0 0 7 167
0 3 23 7 0 1 158
0 3 23 5 1 2 112
0 3 23 3 2 3 100
0 3 23 1 3 4 196
0 3 22 4 5 0 137
0 3 22 3 0 6 87
0 3 22 2 6 1 111
0 3 22 1 1 7 174
0 3 22 0 7 2 104
0 3 21 10 0 0 174
0 3 21 8 1 1 180
0 3 21 6 2 2 12
0 3 21 4 3 3 116
0 3 21 2 4 4 22
0 3 21 0 5 5 192
0 3 20 6 0 5 156
0 3 20 5 6 0 89
0 3 20 4 1 6 103
0 3 20 3 7 1 129
0 3 20 2 2 7 79
0 3 20 1 8 2 179
0 3 20 0 3 8 43
0 3 19 11 1 0 65
0 3 19 9 2 1 130
0 3 19 7 3 2 187
0 3 19 5 4 3 77
0 3 19 3 5 4 74
0 3 19 2 0 10 168
0 3 19 1 6 5 83
0 3 19 0 12 0 139
0 3 19 0 1 11 180
0 3 18 9 0 4 58
0 3 18 7 1 5 162
0 3 18 6 7 0 102
0 3 18 5 2 6 101
0 3 18 4 8 1 3
0 3 18 3 3 7 107
0 3 18 2 9 2 120
0 3 18 1 4 8 61
0 3 18 0 10 3 76
0 3 17 12 2 0 106
0 3 17 10 3 1 151
0 3 17 8 4 2 3
0 3 17 6 5 3 175
0 3 17 5 0 9 119
0 3 17 4 6 4 46
0 3 17 3 1 10 2
0 3 17 2 7 5 173
0 3 17 1 13 0 85
0 3 17 1 2 11 152
0 3 17 0 8 6 93
0 3 16 12 0 3 110
0 3 16 10 1 4 49
0 3 16 8 2 5 142
0 3 16 7 8 0 184
0 3 16 6 3 6 173
0 3 16 5 9 1 149
0 3 16 4 4 7 34
0 3 16 3 10 2 109
0 3 16 2 5 8 70
0 3 16 1 11 3 175
0 3 16 1 0 14 107
0 3 16 0 6 9 121
0 3 15 13 3 0 186
0 3 15 11 4 1 96
0 3 15 9 5 2 137
0 3 15 8 0 8 190
0 3 15 7 6 3 90
0 3 15 6 1 9 56
0 3 15 5 7 4 117
0 3 15 4 2 10 95
0 3 15 3 8 5 38
0 3 15 2 14 0 72
0 3 15 2 3 11 64
0 3 15 1 9 6 31
0 3 15 0 15 1 110
0 3 15 0 4 12 60
0 3 14 15 0 2 30
0 3 14 13 1 3 134
0 3 14 11 2 4 143
0 3 14 9 3 5 3
0 3 14 8 9 0 160
0 3 14 7 4 6 133
0 3 14 6 10 1 100
0 3 14 5 5 7 176
0 3 14 4 11 2 80
0 3 14 4 0 13 105
0 3 14 3 6 8 109
0 3 14 2 12 3 114
0 3 14 2 1 14 13
0 3 14 1 7 9 8
0 3 14 0 13 4 99
0 3 14 0 2 15 65
0 3 13 14 4 0 2
0 3 13 12 5 1 105
0 3 13 11 0 7 43
0 3 13 10 6 2 86
0 3 13 9 1 8 171
0 3 13 8 7 3 1
0 3 13 7 2 9 143
0 3 13 6 8 4 101
0 3 13 5 3 10 10
0 3 13 4 9 5 1
0 3 13 3 15 0 164
0 3 13 3 4 11 157
0 3 13 2 10 6 78
0 3 13 1 16 1 116
0 3 13 1 5 12 189
0 3 13 0 11 7 123
0 3 13 0 0 18 122
0 3 12 18 0 1 180
0 3 12 16 1 2 186
0 3 12 14 2 3 76
0 3 12 12 3 4 107
0 3 12 10 4 5 55
0 3 12 9 10 0 23
0 3 12 8 5 6 35
0 3 12 7 11 1 31
0 3 12 7 0 12 20
0 3 12 6 6 7 160
0 3 12 5 12 2 63
0 3 12 5 1 13 2
0 3 12 4 7 8 159
0 3 12 3 13 3 76
0 3 12 3 2 14 86
0 3 12 2 8 9 14
0 3 12 1 14 4 22
0 3 12 1 3 15 197
0 3 12 0 9 10 148
0 3 11 15 5 0 176
0 3 11 14 0 6 165
0 3 11 13 6 1 86
0 3 11 12 1 7 118
0 3 11 11 7 2 179
0 3 11 10 2 8 153
0 3 11 9 8 3 52
0 3 11 8 3 9 148
0 3 11 7 9 4 66
0 3 11 6 4 10 53
0 3 11 5 10 5 76
0 3 11 4 5 11 141
0 3 11 3 11 6 119
0 3 11 3 0 17 66
0 3 11 2 17 1 21
0 3 11 2 6 12 83
0 3 11 1 12 7 99
0 3 11 1 1 18 173
0 3 11 0 18 2 77
0 3 11 0 7 13 60
0 3 10 21 0 0 43
0 3 10 19 1 1 194
0 3 10 17 2 2 130
0 3 10 15 3 3 38
0 3 10 13 4 4 67
0 3 10 11 5 5 168
0 3 10 10 11 0 1
0 3 10 10 0 11 159
0 3 10 9 6 6 45
0 3 10 8 12 1 173
0 3 10 8 1 12 178
0 3 10 7 7 7 93
0 3 10 6 13 2 117
0 3 10 6 2 13 100
0 3 10 5 8 8 75
0 3 10 4 14 3 41
0 3 10 4 3 14 175
0 3 10 3 9 9 184
0 3 10 2 15 4 177
0 3 10 2 4 15 85
0 3 10 1 10 10 83
0 3 10 0 16 5 182
0 3 10 0 5 16 119
0 3 9 17 0 5 25
0 3 9 16 6 0 191
0 3 9 15 1 6 87
0 3 9 14 7 1 117
0 3 9 13 2 7 183
0 3 9 12 8 2 97
0 3 9 11 3 8 184
0 3 9 10 9 3 13
0 3 9 9 4 9 99
0 3 9 8 10 4 136
0 3 9 7 5 10 147
0 3 9 6 11 5 10
0 3 9 6 0 16 126
0 3 9 5 17 0 8
0 3 9 5 6 11 46
0 3 9 4 12 6 166
0 3 9 4 1 17 130
0 3 9 3 18 1 74
0 3 9 3 7 12 142
0 3 9 2 13 7 121
0 3 9 2 2 18 155
0 3 9 1 19 2 122
0 3 9 1 8 13 4
0 3 9 0 14 8 83
0 3 9 0 3 19 131
0 3 8 22 1 0 129
0 3 8 20 2 1 1
0 3 8 18 3 2 118
0 3 8 16 4 3 97
0 3 8 14 5 4 146
0 3 8 13 0 10 23
0 3 8 12 6 5 183
0 3 8 11 12 0 163
0 3 8 11 1 11 79
0 3 8 10 7 6 145
0 3 8 9 13 1 168
0 3 8 9 2 12 22
0 3 8 8 8 7 45
0 3 8 7 14 2 75
0 3 8 7 3 13 51
0 3 8 6 9 8 42
0 3 8 5 15 3 132
0 3 8 5 4 14 196
0 3 8 4 10 9 8
0 3 8 3 16 4 8
0 3 8 3 5 15 50
0 3 8 2 11 10 95
0 3 8 2 0 21 3
0 3 8 1 17 5 102
0 3 8 1 6 16 146
0 3 8 0 23 0 99
0 3 8 0 12 11 66
0 3 8 0 1 22 140
0 3 7 20 0 4 163
0 3 7 18 1 5 112
0 3 7 17 7 0 59
0 3 7 16 2 6 196
0 3 7 15 8 1 2
0 3 7 14 3 7 36
0 3 7 13 9 2 147
0 3 7 12 4 8 31
0 3 7 11 10 3 71
0 3 7 10 5 9 18
0 3 7 9 11 4 138
0 3 7 8 6 10 31
0 3 7 7 12 5 153
0 3 7 7 1 16 68
0 3 7 6 18 0 67
0 3 7 6 7 11 120
0 3 7 5 13 6 119
0 3 7 5 2 17 82
0 3 7 4 19 1 33
0 3 7 4 8 12 150
0 3 7 3 14 7 48
0 3 7 3 3 18 64
0 3 7 2 20 2 57
0 3 7 2 9 13 130
0 3 7 1 15 8 143
0 3 7 1 4 19 128
0 3 7 0 21 3 96
0 3 7 0 10 14 83
0 3 6 23 2 0 121
0 3 6 21 3 1 142
0 3 6 19 4 2 69
0 3 6 17 5 3 20
0 3 6 16 0 9 80
0 3 6 15 6 4 62
0 3 6 14 1 10 9
0 3 6 13 7 5 123
0 3 6 12 13 0 67
0 3 6 12 2 11 39
0 3 6 11 8 6 70
0 3 6 10 14 1 187
0 3 6 10 3 12 153
0 3 6 9 9 7 115
0 3 6 8 15 2 197
0 3 6 8 4 13 12
0 3 6 7 10 8 42
0 3 6 6 16 3 87
0 3 6 6 5 14 67
0 3 6 5 11 9 33
0 3 6 5 0 20 165
0 3 6 4 17 4 64
0 3 6 4 6 15 187
0 3 6 3 12 10 16
0 3 6 3 1 21 188
0 3 6 2 18 5 82
0 3 6 2 7 16 89
0 3 6 1 24 0 93
0 3 6 1 13 11 12
0 3 6 1 2 22 124
0 3 6 0 19 6 141
0 3 6 0 8 17 151
0 3 5 23 0 3 63
0 3 5 21 1 4 27
0 3 5 19 2 5 132
0 3 5 18 8 0 184
0 3 5 17 3 6 112
0 3 5 16 9 1 145
0 3 5 15 4 7 173
0 3 5 14 10 2 105
0 3 5 13 5 8 111
0 3 5 12 11 3 145
0 3 5 12 0 14 68
0 3 5 11 6 9 20
0 3 5 10 12 4 31
0 3 5 10 1 15 46
0 3 5 9 7 10 184
0 3 5 8 13 5 119
0 3 5 8 2 16 23
0 3 5 7 19 0 114
0 3 5 7 8 11 36
0 3 5 6 14 6 126
0 3 5 6 3 17 162
0 3 5 5 20 1 129
0 3 5 5 9 12 157
0 3 5 4 15 7 67
0 3 5 4 4 18 53
0 3 5 3 21 2 143
0 3 5 3 10 13 56
0 3 5 2 16 8 190
0 3 5 2 5 19 57
0 3 5 1 22 3 143
0 3 5 1 11 14 37
0 3 5 1 0 25 141
0 3 5 0 17 9 50
0 3 5 0 6 20 80
0 3 4 24 3 0 36
0 3 4 22 4 1 19
0 3 4 20 5 2 44
0 3 4 19 0 8 173
0 3 4 18 6 3 50
0 3 4 17 1 9 64
0 3 4 16 7 4 13
0 3 4 15 2 10 119
0 3 4 14 8 5 97
0 3 4 13 14 0 118
0 3 4 13 3 11 76
0 3 4 12 9 6 157
0 3 4 11 15 1 131
0 3 4 11 4 12 102
0 3 4 10 10 7 160
0 3 4 9 16 2 137
0 3 4 9 5 13 106
0 3 4 8 11 8 86
0 3 4 8 0 19 152
0 3 4 7 17 3 142
0 3 4 7 6 14 61
0 3 4 6 12 9 58
0 3 4 6 1 20 2
0 3 4 5 18 4 166
0 3 4 5 7 15 8
0 3 4 4 13 10 185
0 3 4 4 2 21 100
0 3 4 3 19 5 21
0 3 4 3 8 16 168
0 3 4 2 25 0 138
0 3 4 2 14 11 38
0 3 4 2 3 22 189
0 3 4 1 20 6 163
0 3 4 1 9 17 171
0 3 4 0 26 1 112
0 3 4 0 15 12 127
0 3 4 0 4 23 173
0 3 3 26 0 2 18
0 3 3 24 1 3 147
0 3 3 22 2 4 32
0 3 3 20 3 5 166
0 3 3 19 9 0 154
0 3 3 18 4 6 41
0 3 3 17 10 1 171
0 3 3 16 5 7 1
0 3 3 15 11 2 67
0 3 3 15 0 13 53
0 3 3 14 6 8 134
0 3 3 13 12 3 160
0 3 3 13 1 14 87
0 3 3 12 7 9 43
0 3 3 11 13 4 116
0 3 3 11 2 15 120
0 3 3 10 8 10 177
0 3 3 9 14 5 181
0 3 3 9 3 16 175
0 3 3 8 20 0 64
0 3 3 8 9 11 136
0 3 3 7 15 6 157
0 3 3 7 4 17 31
0 3 3 6 21 1 135
0 3 3 6 10 12 108
0 3 3 5 16 7 102
0 3 3 5 5 18 174
0 3 3 4 22 2 112
0 3 3 4 11 13 161
0 3 3 4 0 24 99
0 3 3 3 17 8 86
0 3 3 3 6 19 87
0 3 3 2 23 3 101
0 3 3 2 12 14 85
0 3 3 2 1 25 151
0 3 3 1 18 9 81
0 3 3 1 7 20 95
0 3 3 0 24 4 198
0 3 3 0 13 15 4
0 3 3 0 2 26 155
0 3 2 25 4 0 134
0 3 2 23 5 1 28
0 3 2 22 0 7 60
0 3 2 21 6 2 94
0 3 2 20 1 8 86
0 3 2 19 7 3 192
0 3 2 18 2 9 65
0 3 2 16 3 10 177
0 3 2 15 9 5 88
0 3 2 14 15 0 96
0 3 2 14 4 11 159
0 3 2 13 10 6 22
0 3 2 12 16 1 34
0 3 2 12 5 12 108
0 3 2 11 11 7 191
0 3 2 11 0 18 46
0 3 2 10 17 2 25
0 3 2 10 6 13 198
0 3 2 9 12 8 164
0 3 2 9 1 19 158
0 3 2 8 18 3 86
0 3 2 8 7 14 61
0 3 2 7 13 9 74
0 3 2 7 2 20 73
0 3 2 6 19 4 90
0 3 2 6 8 15 95
0 3 2 5 14 10 187
0 3 2 5 3 21 17
0 3 2 4 20 5 125
0 3 2 4 9 16 97
0 3 2 3 26 0 165
0 3 2 3 15 11 131
0 3 2 3 4 22 148
0 3 2 2 21 6 198
0 3 2 2 10 17 34
0 3 2 1 27 1 146
0 3 2 1 16 12 184
0 3 2 0 22 7 41
0 3 2 0 11 18 113
0 3 2 0 0 29 106
0 3 1 29 0 1 36
0 3 1 27 1 2 3
0 3 1 25 2 3 195
0 3 1 23 3 4 86
0 3 1 21 4 5 157
0 3 1 20 10 0 110
0 3 1 19 5 6 129
0 3 1 18 11 1 89
0 3 1 18 0 12 147
0 3 1 17 6 7 142
0 3 1 16 12 2 28
0 3 1 16 1 13 170
0 3 1 15 7 8 43
0 3 1 14 13 3 117
0 3 1 14 2 14 17
0 3 1 13 8 9 2
0 3 1 12 14 4 10
0 3 1 12 3 15 195
0 3 1 11 9 10 191
0 3 1 10 15 5 176
0 3 1 10 4 16 9
0 3 1 9 21 0 79
0 3 1 9 10 11 73
0 3 1 8 16 6 10
0 3 1 8 5 17 183
0 3 1 7 22 1 42
0 3 1 7 11 12 132
0 3 1 7 0 23 167
0 3 1 6 17 7 76
0 3 1 6 6 18 3
0 3 1 5 23 2 67
0 3 1 5 12 13 86
0 3 1 5 1 24 198
0 3 1 4 18 8 42
0 3 1 4 7 19 6
0 3 1 3 24 3 136
0 3 1 3 13 14 97
0 3 1 3 2 25 76
0 3 1 2 19 9 11
0 3 1 2 8 20 7
0 3 1 1 25 4 60
0 3 1 1 14 15 106
0 3 1 1 3 26 109
0 3 1 0 20 10 178
0 3 1 0 9 21 91
0 3 0 26 5 0 50
0 3 0 25 0 6 127
0 3 0 24 6 1 43
0 3 0 23 1 7 47
0 3 0 22 7 2 61
0 3 0 21 2 8 15
0 3 0 20 8 3 128
0 3 0 19 3 9 14
0 3 0 18 9 4 3
0 3 0 17 4 10 71
0 3 0 16 10 5 111
0 3 0 15 16 0 4
0 3 0 15 5 11 115
0 3 0 14 11 6 146
0 3 0 14 0 17 4
0 3 0 13 17 1 121
0 3 0 13 6 12 183
0 3 0 12 12 7 196
0 3 0 12 1 18 64
0 3 0 11 18 2 50
0 3 0 11 7 13 63
0 3 0 10 13 8 114
0 3 0 10 2 19 103
0 3 0 9 19 3 9
0 3 0 9 8 14 179
0 3 0 8 14 9 147
0 3 0 8 3 20 139
0 3 0 7 20 4 198
0 3 0 7 9 15 43
0 3 0 6 15 10 117
0 3 0 6 4 21 147
0 3 0 5 21 5 192
0 3 0 5 10 16 185
0 3 0 4 27 0 188
0 3 0 4 16 11 15
0 3 0 4 5 22 75
0 3 0 3 22 6 132
0 3 0 3 11 17 72
0 3 0 3 0 28 1
0 3 0 2 28 1 13
0 3 0 2 17 12 73
0 3 0 2 6 23 76
0 3 0 1 23 7 67
0 3 0 1 12 18 184
0 3 0 1 1 29 33
0 3 0 0 29 2 43
0 3 0 0 18 13 148
0 3 0 0 7 24 22
0 2 29 2 0 1 181
0 2 29 0 1 2 142
0 2 27 5 0 0 164
0 2 27 3 1 1 24
0 2 27 1 2 2 165
0 2 26 1 0 5 46
0 2 26 0 6 0 189
0 2 25 6 1 0 181
0 2 25 4 2 1 133
0 2 25 2 3 2 128
0 2 25 0 4 3 19
0 2 24 4 0 4 71
0 2 24 2 1 5 189
0 2 24 1 7 0 19
0 2 24 0 2 6 61
0 2 23 7 2 0 100
0 2 23 5 3 1 97
0 2 23 3 4 2 180
0 2 23 1 5 3 91
0 2 23 0 0 9 37
0 2 22 7 0 3 31
0 2 22 5 1 4 185
0 2 22 3 2 5 181
0 2 22 2 8 0 138
0 2 22 1 3 6 172
0 2 22 0 9 1 118
0 2 21 8 3 0 145
0 2 21 6 4 1 75
0 2 21 4 5 2 89
0 2 21 3 0 8 183
0 2 21 2 6 3 120
0 2 21 1 1 9 164
0 2 21 0 7 4 74
0 2 20 10 0 2 51
0 2 20 8 1 3 143
0 2 20 6 2 4 111
0 2 20 4 3 5 107
0 2 20 3 9 0 26
0 2 20 2 4 6 91
0 2 20 0 5 7 195
0 2 19 9 4 0 108
0 2 19 7 5 1 146
0 2 19 6 0 7 36
0 2 19 5 6 2 136
0 2 19 4 1 8 60
0 2 19 3 7 3 9
0 2 19 2 2 9 72
0 2 19 1 8 4 67
0 2 19 0 3 10 155
0 2 18 13 0 1 75
0 2 18 11 1 2 89
0 2 18 9 2 3 108
0 2 18 7 3 4 29
0 2 18 5 4 5 167
0 2 18 4 10 0 82
0 2 18 3 5 6 36
0 2 18 2 11 1 25
0 2 18 2 0 12 140
0 2 18 1 6 7 66
0 2 18 0 12 2 84
0 2 18 0 1 13 37
0 2 17 10 5 0 145
0 2 17 9 0 6 119
0 2 17 8 6 1 29
0 2 17 7 1 7 40
0 2 17 6 7 2 11
0 2 17 5 2 8 100
0 2 17 4 8 3 67
0 2 17 3 3 9 150
0 2 17 2 9 4 188
0 2 17 1 4 10 179
0 2 17 0 10 5 85
0 2 16 16 0 0 102
0 2 16 14 1 1 35
0 2 16 12 2 2 105
0 2 16 10 3 3 25
0 2 16 8 4 4 61
0 2 16 6 5 5 104
0 2 16 5 11 0 131
0 2 16 5 0 11 10
0 2 16 4 6 6 119
0 2 16 3 12 1 146
0 2 16 3 1 12 85
0 2 16 2 7 7 178
0 2 16 1 13 2 139
0 2 16 1 2 13 131
0 2 16 0 8 8 54
0 2 15 12 0 5 68
0 2 15 11 6 0 125
0 2 15 10 1 6 36
0 2 15 9 7 1 59
0 2 15 8 2 7 67
0 2 15 7 8 2 103
0 2 15 6 3 8 163
0 2 15 5 9 3 41
0 2 15 4 4 9 161
0 2 15 3 10 4 189
0 2 15 2 5 10 194
0 2 15 1 11 5 34
0 2 15 1 0 16 6
0 2 15 0 17 0 65
0 2 15 0 6 11 157
0 2 14 17 1 0 75
0 2 14 15 2 1 106
0 2 14 13 3 2 194
0 2 14 11 4 3 57
0 2 14 9 5 4 13
0 2 14 8 0 10 129
0 2 14 7 6 5 130
0 2 14 6 12 0 16
0 2 14 6 1 11 43
0 2 14 5 7 6 18
0 2 14 4 13 1 56
0 2 14 4 2 12 115
0 2 14 3 8 7 95
0 2 14 2 14 2 34
0 2 14 2 3 13 74
0 2 14 1 9 8 38
0 2 14 0 15 3 154
0 2 14 0 4 14 62
0 2 13 15 0 4 27
0 2 13 13 1 5 17
0 2 13 12 7 0 68
0 2 13 11 2 6 184
0 2 13 10 8 1 96
0 2 13 9 3 7 18
0 2 13 8 9 2 73
0 2 13 7 4 8 120
0 2 13 6 10 3 50
0 2 13 5 5 9 25
0 2 13 4 11 4 89
0 2 13 4 0 15 72
0 2 13 3 6 10 122
0 2 13 2 12 5 49
0 2 13 2 1 16 196
0 2 13 1 18 0 111
0 2 13 1 7 11 152
0 2 13 0 13 6 38
0 2 13 0 2 17 26
0 2 12 18 2 0 146
0 2 12 16 3 1 162
0 2 12 14 4 2 132
0 2 12 12 5 3 77
0 2 12 11 0 9 105
0 2 12 10 6 4 51
0 2 12 9 1 10 85
0 2 12 8 7 5 198
0 2 12 7 13 0 116
0 2 12 7 2 11 145
0 2 12 6 8 6 105
0 2 12 5 14 1 93
0 2 12 5 3 12 87
0 2 12 4 9 7 171
0 2 12 3 15 2 61
0 2 12 3 4 13 155
0 2 12 2 10 8 116
0 2 12 1 16 3 43
0 2 12 1 5 14 190
0 2 12 0 11 9 169
0 2 12 0 0 20 28
0 2 11 18 0 3 167
0 2 11 16 1 4 163
0 2 11 14 2 5 92
0 2 11 13 8 0 47
0 2 11 12 3 6 81
0 2 11 11 9 1 139
0 2 11 10 4 7 1
0 2 11 9 10 2 167
0 2 11 8 5 8 55
0 2 11 7 11 3 87
0 2 11 7 0 14 183
0 2 11 6 6 9 86
0 2 11 5 12 4 84
0 2 11 5 1 15 94
0 2 11 4 7 10 141
0 2 11 3 13 5 7
0 2 11 3 2 16 171
0 2 11 2 19 0 23
0 2 11 2 8 11 122
0 2 11 1 14 6 76
0 2 11 1 3 17 17
0 2 11 0 20 1 50
0 2 11 0 9 12 20
0 2 10 19 3 0 52
0 2 10 17 4 1 151
0 2 10 15 5 2 25
0 2 10 14 0 8 161
0 2 10 13 6 3 75
0 2 10 12 1 9 111
0 2 10 11 7 4 3
0 2 10 10 2 10 102
0 2 10 9 8 5 29
0 2 10 8 14 0 192
0 2 10 8 3 11 183
0 2 10 7 9 6 182
0 2 10 6 15 1 147
0 2 10 6 4 12 123
0 2 10 5 10 7 132
0 2 10 4 16 2 30
0 2 10 4 5 13 150
0 2 10 3 11 8 188
0 2 10 3 0 19 85
0 2 10 2 17 3 58
0 2 10 2 6 14 45
0 2 10 1 12 9 42
0 2 10 1 1 20 81
0 2 10 0 18 4 194
0 2 10 0 7 15 70
0 2 9 21 0 2 191
0 2 9 19 1 3 99
0 2 9 17 2 4 154
0 2 9 15 3 5 87
0 2 9 14 9 0 92
0 2 9 13 4 6 150
0 2 9 12 10 1 25
0 2 9 11 5 7 198
0 2 9 10 11 2 19
0 2 9 10 0 13 70
0 2 9 9 6 8 141
0 2 9 8 12 3 67
0 2 9 8 1 14 156
0 2 9 7 7 9 83
0 2 9 6 13 4 42
0 2 9 6 2 15 33
0 2 9 5 8 10 175
0 2 9 4 14 5 25
0 2 9 4 3 16 66
0 2 9 3 20 0 151
0 2 9 3 9 11 130
0 2 9 2 15 6 157
0 2 9 2 4 17 119
0 2 9 1 21 1 138
0 2 9 1 10 12 48
0 2 9 0 16 7 142
0 2 9 0 5 18 32
0 2 8 20 4 0 28
0 2 8 18 5 1 75
0 2 8 17 0 7 36
0 2 8 16 6 2 48
0 2 8 15 1 8 184
0 2 8 14 7 3 85
0 2 8 13 2 9 109
0 2 8 12 8 4 125
0 2 8 11 3 10 89
0 2 8 10 9 5 107
0 2 8 9 15 0 11
0 2 8 9 4 11 114
0 2 8 8 10 6 95
0 2 8 7 16 1 73
0 2 8 7 5 12 194
0 2 8 6 11 7 9
0 2 8 6 0 18 110
0 2 8 5 17 2 72
0 2 8 5 6 13 189
0 2 8 4 12 8 50
0 2 8 4 1 19 147
0 2 8 3 18 3 93
0 2 8 3 7 14 55
0 2 8 2 13 9 144
0 2 8 2 2 20 109
0 2 8 1 19 4 177
0 2 8 1 8 15 81
0 2 8 0 14 10 102
0 2 8 0 3 21 65
0 2 7 24 0 1 116
0 2 7 22 1 2 187
0 2 7 20 2 3 123
0 2 7 18 3 4 28
0 2 7 16 4 5 191
0 2 7 15 10 0 4
0 2 7 14 5 6 26
0 2 7 13 11 1 41
0 2 7 13 0 12 44
0 2 7 12 6 7 14
0 2 7 11 12 2 9
0 2 7 11 1 13 165
0 2 7 10 7 8 196
0 2 7 9 13 3 66
0 2 7 9 2 14 9
0 2 7 8 8 9 178
0 2 7 7 14 4 37
0 2 7 7 3 15 37
0 2 7 6 9 10 120
0 2 7 5 15 5 172
0 2 7 5 4 16 152
0 2 7 4 21 0 101
0 2 7 4 10 11 69
0 2 7 3 16 6 175
0 2 7 3 5 17 98
0 2 7 2 22 1 126
0 2 7 2 11 12 71
0 2 7 2 0 23 71
0 2 7 1 17 7 7
0 2 7 1 6 18 7
0 2 7 0 23 2 94
0 2 7 0 12 13 32
0 2 7 0 1 24 150
0 2 6 21 5 0 30
0 2 6 20 0 6 160
0 2 6 19 6 1 12
0 2 6 18 1 7 16
0 2 6 17 7 2 20
0 2 6 16 2 8 27
0 2 6 15 8 3 16
0 2 6 14 3 9 40
0 2 6 13 9 4 104
0 2 6 12 4 10 194
0 2 6 11 10 5 188
0 2 6 10 16 0 48
0 2 6 10 5 11 182
0 2 6 9 11 6 84
0 2 6 9 0 17 135
0 2 6 8 17 1 43
0 2 6 8 6 12 40
0 2 6 7 12 7 17
0 2 6 7 1 18 120
0 2 6 6 18 2 160
0 2 6 6 7 13 41
0 2 6 5 13 8 109
0 2 6 5 2 19 29
0 2 6 4 19 3 105
0 2 6 4 8 14 54
0 2 6 3 14 9 58
0 2 6 3 3 20 35
0 2 6 2 20 4 153
0 2 6 2 9 15 3
0 2 6 1 15 10 34
0 2 6 1 4 21 111
0 2 6 0 21 5 20
0 2 6 0 10 16 164
0 2 5 27 0 0 174
0 2 5 25 1 1 174
0 2 5 23 2 2 129
0 2 5 21 3 3 55
0 2 5 19 4 4 182
0 2 5 17 5 5 158
0 2 5 16 11 0 13
0 2 5 16 0 11 101
0 2 5 15 6 6 188
0 2 5 14 12 1 76
0 2 5 14 1 12 142
0 2 5 13 7 7 23
0 2 5 12 13 2 133
0 2 5 12 2 13 198
0 2 5 11 8 8 90
0 2 5 10 14 3 25
0 2 5 10 3 14 23
0 2 5 9 9 9 7
0 2 5 8 15 4 35
0 2 5 8 4 15 119
0 2 5 7 10 10 180
0 2 5 6 16 5 117
0 2 5 6 5 16 1
0 2 5 5 22 0 103
0 2 5 5 11 11 181
0 2 5 5 0 22 145
0 2 5 4 17 6 84
0 2 5 4 6 17 24
0 2 5 3 23 1 115
0 2 5 3 12 12 48
0 2 5 3 1 23 21
0 2 5 2 18 7 11
0 2 5 2 7 18 15
0 2 5 1 24 2 74
0 2 5 1 13 13 156
0 2 5 1 2 24 45
0 2 5 0 19 8 29
0 2 5 0 8 19 5
0 2 4 23 0 5 7
0 2 4 22 6 0 20
0 2 4 21 1 6 193
0 2 4 20 7 1 131
0 2 4 19 2 7 75
0 2 4 18 8 2 88
0 2 4 17 3 8 168
0 2 4 16 9 3 73
0 2 4 15 4 9 187
0 2 4 14 10 4 128
0 2 4 13 5 10 56
0 2 4 12 11 5 83
0 2 4 12 0 16 144
0 2 4 11 17 0 104
0 2 4 11 6 11 197
0 2 4 10 12 6 121
0 2 4 10 1 17 107
0 2 4 9 18 1 7
0 2 4 9 7 12 28
0 2 4 8 13 7 29
0 2 4 8 2 18 182
0 2 4 7 19 2 52
0 2 4 7 8 13 169
0 2 4 6 14 8 132
0 2 4 6 3 19 72
0 2 4 5 20 3 180
0 2 4 5 9 14 109
0 2 4 4 15 9 38
0 2 4 4 4 20 69
0 2 4 3 21 4 150
0 2 4 3 10 15 100
0 2 4 2 16 10 82
0 2 4 2 5 21 46
0 2 4 1 22 5 86
0 2 4 1 11 16 150
0 2 4 1 0 27 152
0 2 4 0 28 0 14
0 2 4 0 17 11 161
0 2 4 0 6 22 42
0 2 3 28 1 0 35
0 2 3 26 2 1 23
0 2 3 24 3 2 84
0 2 3 22 4 3 5
0 2 3 20 5 4 79
0 2 3 19 0 10 182
0 2 3 18 6 5 146
0 2 3 17 12 0 132
0 2 3 17 1 11 29
0 2 3 16 7 6 122
0 2 3 15 13 1 15
0 2 3 15 2 12 37
0 2 3 14 8 7 2
0 2 3 13 14 2 91
0 2 3 13 3 13 186
0 2 3 12 9 8 182
0 2 3 11 15 3 145
0 2 3 11 4 14 126
0 2 3 10 10 9 52
0 2 3 9 16 4 145
0 2 3 9 5 15 193
0 2 3 8 11 10 144
0 2 3 8 0 21 156
0 2 3 7 17 5 69
0 2 3 7 6 16 164
0 2 3 6 23 0 97
0 2 3 6 12 11 93
0 2 3 6 1 22 106
0 2 3 5 18 6 115
0 2 3 5 7 17 105
0 2 3 4 24 1 48
0 2 3 4 13 12 41
0 2 3 4 2 23 183
0 2 3 3 19 7 196
0 2 3 3 8 18 70
0 2 3 2 25 2 4
0 2 3 2 14 13 2
0 2 3 2 3 24 79
0 2 3 1 20 8 134
0 2 3 1 9 19 150
0 2 3 0 26 3 112
0 2 3 0 15 14 37
0 2 3 0 4 25 127
0 2 2 26 0 4 158
0 2 2 24 1 5 90
0 2 2 23 7 0 35
0 2 2 22 2 6 13
0 2 2 21 8 1 35
0 2 2 20 3 7 164
0 2 2 19 9 2 24
0 2 2 18 4 8 3
0 2 2 17 10 3 166
0 2 2 16 5 9 188
0 2 2 15 11 4 89
0 2 2 15 0 15 67
0 2 2 14 6 10 140
0 2 2 13 12 5 155
0 2 2 13 1 16 147
0 2 2 12 18 0 145
0 2 2 12 7 11 30
0 2 2 11 13 6 129
0 2 2 11 2 17 72
0 2 2 10 19 1 135
0 2 2 10 8 12 72
0 2 2 9 14 7 116
0 2 2 9 3 18 188
0 2 2 8 20 2 79
0 2 2 8 9 13 99
0 2 2 7 15 8 82
0 2 2 7 4 19 177
0 2 2 6 21 3 194
0 2 2 6 10 14 120
0 2 2 5 16 9 45
0 2 2 5 5 20 41
0 2 2 4 22 4 167
0 2 2 4 11 15 68
0 2 2 4 0 26 33
0 2 2 3 17 10 55
0 2 2 3 6 21 63
0 2 2 2 23 5 81
0 2 2 2 12 16 20
0 2 2 2 1 27 30
0 2 2 1 29 0 163
0 2 2 1 18 11 195
0 2 2 1 7 22 53
0 2 2 0 24 6 72
0 2 2 0 13 17 132
0 2 2 0 2 28 16
0 2 1 29 2 0 150
0 2 1 27 3 1 156
0 2 1 25 4 2 118
0 2 1 23 5 3 69
0 2 1 22 0 9 174
0 2 1 21 6 4 147
0 2 1 20 1 10 70
0 2 1 19 7 5 184
0 2 1 18 13 0 81
0 2 1 18 2 11 183
0 2 1 17 8 6 31
0 2 1 16 14 1 77
0 2 1 16 3 12 50
0 2 1 15 9 7 109
0 2 1 14 15 2 64
0 2 1 14 4 13 9
0 2 1 13 10 8 120
0 2 1 12 16 3 169
0 2 1 12 5 14 108
0 2 1 11 11 9 119
0 2 1 11 0 20 4
0 2 1 10 17 4 47
0 2 1 10 6 15 153
0 2 1 9 12 10 105
0 2 1 9 1 21 167
0 2 1 8 18 5 128
0 2 1 8 7 16 98
0 2 1 7 24 0 31
0 2 1 7 13 11 141
0 2 1 7 2 22 177
0 2 1 6 19 6 80
0 2 1 6 8 17 65
0 2 1 5 25 1 112
0 2 1 5 14 12 47
0 2 1 5 3 23 91
0 2 1 4 9 18 167
0 2 1 3 26 2 150
0 2 1 3 15 13 144
0 2 1 3 4 24 41
0 2 1 2 21 8 116
0 2 1 2 10 19 149
0 2 1 1 27 3 44
0 2 1 1 16 14 110
0 2 1 1 5 25 101
0 2 1 0 22 9 124
0 2 1 0 11 20 49
0 2 1 0 0 31 150
0 2 0 29 0 3 68
0 2 0 27 1 4 176
0 2 0 25 2 5 22
0 2 0 24 8 0 55
0 2 0 23 3 6 165
0 2 0 22 9 1 192
0 2 0 21 4 7 95
0 2 0 20 10 2 110
0 2 0 19 5 8 5
0 2 0 18 11 3 140
0 2 0 18 0 14 84
0 2 0 17 6 9 165
0 2 0 16 12 4 67
0 2 0 16 1 15 145
0 2 0 15 7 10 133
0 2 0 14 13 5 90
0 2 0 14 2 16 32
0 2 0 13 19 0 120
0 2 0 13 8 11 14
0 2 0 12 14 6 21
0 2 0 12 3 17 19
0 2 0 11 20 1 185
0 2 0 11 9 12 136
0 2 0 10 15 7 122
0 2 0 10 4 18 68
0 2 0 9 21 2 74
0 2 0 9 10 13 91
0 2 0 8 16 8 9
0 2 0 8 5 19 82
0 2 0 7 22 3 51
0 2 0 7 11 14 51
0 2 0 7 0 25 159
0 2 0 6 17 9 96
0 2 0 6 6 20 152
0 2 0 5 23 4 4
0 2 0 5 12 15 153
0 2 0 5 1 26 165
0 2 0 4 18 10 48
0 2 0 4 7 21 162
0 2 0 3 24 5 8
0 2 0 3 13 16 198
0 2 0 3 2 27 28
0 2 0 2 30 0 34
0 2 0 2 19 11 83
0 2 0 2 8 22 66
0 2 0 1 25 6 87
0 2 0 1 14 17 35
0 2 0 1 3 28 190
0 2 0 0 31 1 139
0 2 0 0 20 12 66
0 2 0 0 9 23 157
0 1 33 0 0 0 49
0 1 31 1 1 0 100
0 1 29 2 2 0 113
0 1 29 0 3 1 14
0 1 28 2 0 3 83
0 1 28 0 1 4 143
0 1 27 3 3 0 79
0 1 27 1 4 1 165
0 1 26 5 0 2 166
0 1 26 3 1 3 14
0 1 26 1 2 4 165
0 1 25 4 4 0 105
0 1 25 2 5 1 107
0 1 25 1 0 7 121
0 1 25 0 6 2 158
0 1 24 8 0 1 145
0 1 24 6 1 2 80
0 1 24 4 2 3 7
0 1 24 2 3 4 139
0 1 24 0 4 5 96
0 1 23 5 5 0 107
0 1 23 4 0 6 114
0 1 23 3 6 1 91
0 1 23 2 1 7 145
0 1 23 1 7 2 169
0 1 23 0 2 8 171
0 1 22 11 0 0 33
0 1 22 9 1 1 24
0 1 22 7 2 2 168
0 1 22 5 3 3 181
0 1 22 3 4 4 31
0 1 22 1 5 5 63
0 1 22 0 11 0 6
0 1 22 0 0 11 198
0 1 21 7 0 5 31
0 1 21 6 6 0 34
0 1 21 5 1 6 150
0 1 21 4 7 1 88
0 1 21 3 2 7 162
0 1 21 2 8 2 6
0 1 21 1 3 8 7
0 1 21 0 9 3 27
0 1 20 12 1 0 110
0 1 20 10 2 1 98
0 1 20 8 3 2 120
0 1 20 6 4 3 52
0 1 20 4 5 4 178
0 1 20 3 0 10 161
0 1 20 2 6 5 52
0 1 20 1 12 0 80
0 1 20 1 1 11 15
0 1 20 0 7 6 11
0 1 19 10 0 4 140
0 1 19 8 1 5 50
0 1 19 7 7 0 58
0 1 19 6 2 6 73
0 1 19 5 8 1 108
0 1 19 4 3 7 165
0 1 19 3 9 2 76
0 1 19 2 4 8 130
0 1 19 1 10 3 125
0 1 19 0 5 9 170
0 1 18 13 2 0 54
0 1 18 11 3 1 6
0 1 18 9 4 2 59
0 1 18 7 5 3 198
0 1 18 6 0 9 2
0 1 18 5 6 4 89
0 1 18 4 1 10 47
0 1 18 3 7 5 144
0 1 18 2 13 0 24
0 1 18 2 2 11 21
0 1 18 1 8 6 176
0 1 18 0 14 1 64
0 1 18 0 3 12 141
0 1 17 13 0 3 159
0 1 17 11 1 4 188
0 1 17 9 2 5 144
0 1 17 8 8 0 148
0 1 17 7 3 6 131
0 1 17 6 9 1 112
0 1 17 5 4 7 64
0 1 17 4 10 2 144
0 1 17 3 5 8 162
0 1 17 2 11 3 53
0 1 17 2 0 14 154
0 1 17 1 6 9 132
0 1 17 0 12 4 39
0 1 17 0 1 15 108
0 1 16 14 3 0 25
0 1 16 12 4 1 175
0 1 16 10 5 2 193
0 1 16 9 0 8 159
0 1 16 8 6 3 35
0 1 16 7 1 9 14
0 1 16 6 7 4 159
0 1 16 5 2 10 167
0 1 16 4 8 5 193
0 1 16 3 14 0 168
0 1 16 3 3 11 35
0 1 16 2 9 6 58
0 1 16 1 15 1 37
0 1 16 1 4 12 62
0 1 16 0 10 7 153
0 1 15 16 0 2 43
0 1 15 14 1 3 150
0 1 15 12 2 4 79
0 1 15 10 3 5 45
0 1 15 9 9 0 84
0 1 15 8 4 6 54
0 1 15 7 10 1 138
0 1 15 6 5 7 160
0 1 15 5 11 2 21
0 1 15 5 0 13 39
0 1 15 4 6 8 62
0 1 15 3 12 3 20
0 1 15 3 1 14 130
0 1 15 2 7 9 65
0 1 15 1 13 4 166
0 1 15 1 2 15 128
0 1 15 0 8 10 153
0 1 14 15 4 0 98
0 1 14 13 5 1 87
0 1 14 12 0 7 60
0 1 14 11 6 2 76
0 1 14 10 1 8 42
0 1 14 9 7 3 2
0 1 14 8 2 9 75
0 1 14 7 8 4 187
0 1 14 6 3 10 184
0 1 14 5 9 5 14
0 1 14 4 15 0 146
0 1 14 4 4 11 141
0 1 14 2 16 1 64
0 1 14 2 5 12 58
0 1 14 1 11 7 56
0 1 14 1 0 18 187
0 1 14 0 17 2 104
0 1 14 0 6 13 103
0 1 13 19 0 1 49
0 1 13 17 1 2 185
0 1 13 15 2 3 151
0 1 13 13 3 4 110
0 1 13 11 4 5 45
0 1 13 10 10 0 136
0 1 13 9 5 6 104
0 1 13 8 11 1 73
0 1 13 8 0 12 94
0 1 13 7 6 7 81
0 1 13 6 12 2 24
0 1 13 6 1 13 189
0 1 13 5 7 8 173
0 1 13 4 13 3 167
0 1 13 4 2 14 79
0 1 13 3 8 9 98
0 1 13 2 14 4 173
0 1 13 2 3 15 171
0 1 13 1 9 10 172
0 1 13 0 15 5 192
0 1 13 0 4 16 68
0 1 12 16 5 0 90
0 1 12 15 0 6 46
0 1 12 14 6 1 77
0 1 12 13 1 7 64
0 1 12 12 7 2 169
0 1 12 11 2 8 63
0 1 12 10 8 3 39
0 1 12 9 3 9 76
0 1 12 8 9 4 154
0 1 12 7 4 10 129
0 1 12 6 10 5 70
0 1 12 5 16 0 186
0 1 12 5 5 11 82
0 1 12 4 11 6 155
0 1 12 4 0 17 97
0 1 12 3 17 1 181
0 1 12 3 6 12 197
0 1 12 2 12 7 10
0 1 12 2 1 18 73
0 1 12 1 18 2 137
0 1 12 1 7 13 141
0 1 12 0 2 19 132
0 1 11 22 0 0 41
0 1 11 20 1 1 8
0 1 11 18 2 2 96
0 1 11 16 3 3 27
0 1 11 14 4 4 48
0 1 11 12 5 5 69
0 1 11 11 11 0 10
0 1 11 11 0 11 136
0 1 11 10 6 6 85
0 1 11 9 12 1 21
0 1 11 9 1 12 60
0 1 11 8 7 7 130
0 1 11 7 13 2 4
0 1 11 7 2 13 5
0 1 11 6 8 8 165
0 1 11 5 14 3 47
0 1 11 5 3 14 173
0 1 11 4 9 9 123
0 1 11 3 15 4 90
0 1 11 3 4 15 92
0 1 11 2 10 10 152
0 1 11 1 16 5 147
0 1 11 1 5 16 135
0 1 11 0 22 0 108
0 1 11 0 11 11 131
0 1 11 0 0 22 136
0 1 10 18 0 5 155
0 1 10 17 6 0 16
0 1 10 16 1 6 35
0 1 10 15 7 1 6
0 1 10 14 2 7 66
0 1 10 13 8 2 186
0 1 10 12 3 8 4
0 1 10 11 9 3 135
0 1 10 10 4 9 180
0 1 10 9 10 4 85
0 1 10 8 5 10 1
0 1 10 7 11 5 84
0 1 10 7 0 16 74
0 1 10 6 17 0 148
0 1 10 6 6 11 44
0 1 10 5 12 6 137
0 1 10 5 1 17 73
0 1 10 4 18 1 86
0 1 10 4 7 12 39
0 1 10 3 13 7 125
0 1 10 3 2 18 10
0 1 10 2 19 2 96
0 1 10 2 8 13 143
0 1 10 1 14 8 137
0 1 10 1 3 19 1
0 1 10 0 20 3 46
0 1 10 0 9 14 15
0 1 9 23 1 0 129
0 1 9 21 2 1 7
0 1 9 19 3 2 110
0 1 9 17 4 3 105
0 1 9 15 5 4 107
0 1 9 14 0 10 1
0 1 9 13 6 5 36
0 1 9 12 12 0 30
0 1 9 12 1 11 17
0 1 9 11 7 6 123
0 1 9 10 13 1 1
0 1 9 10 2 12 130
0 1 9 9 8 7 169
0 1 9 8 14 2 98
0 1 9 8 3 13 130
0 1 9 7 9 8 79
0 1 9 6 15 3 92
0 1 9 6 4 14 180
0 1 9 5 10 9 135
0 1 9 4 16 4 143
0 1 9 4 5 15 114
0 1 9 3 11 10 152
0 1 9 3 0 21 4
0 1 9 2 17 5 59
0 1 9 2 6 16 119
0 1 9 1 23 0 113
0 1 9 1 12 11 129
0 1 9 1 1 22 37
0 1 9 0 18 6 162
0 1 9 0 7 17 178
0 1 8 21 0 4 76
0 1 8 19 1 5 149
0 1 8 18 7 0 32
0 1 8 17 2 6 38
0 1 8 16 8 1 48
0 1 8 15 3 7 174
0 1 8 14 9 2 3
0 1 8 13 4 8 124
0 1 8 12 10 3 175
0 1 8 11 5 9 4
0 1 8 10 11 4 143
0 1 8 10 0 15 51
0 1 8 9 6 10 71
0 1 8 8 12 5 189
0 1 8 8 1 16 175
0 1 8 7 18 0 143
0 1 8 7 7 11 27
0 1 8 6 13 6 8
0 1 8 6 2 17 9
0 1 8 5 19 1 187
0 1 8 5 8 12 143
0 1 8 4 14 7 38
0 1 8 4 3 18 62
0 1 8 3 20 2 48
0 1 8 3 9 13 145
0 1 8 2 15 8 59
0 1 8 2 4 19 36
0 1 8 1 21 3 136
0 1 8 1 10 14 95
0 1 8 0 16 9 164
0 1 8 0 5 20 143
0 1 7 24 2 0 58
0 1 7 22 3 1 180
0 1 7 20 4 2 185
0 1 7 18 5 3 100
0 1 7 17 0 9 166
0 1 7 16 6 4 143
0 1 7 15 1 10 58
0 1 7 14 7 5 84
0 1 7 13 13 0 73
0 1 7 13 2 11 102
0 1 7 12 8 6 186
0 1 7 11 14 1 17
0 1 7 11 3 12 79
0 1 7 10 9 7 185
0 1 7 9 15 2 175
0 1 7 9 4 13 103
0 1 7 8 10 8 48
0 1 7 7 16 3 195
0 1 7 7 5 14 26
0 1 7 6 0 20 145
0 1 7 5 17 4 21
0 1 7 5 6 15 47
0 1 7 4 12 10 55
0 1 7 4 1 21 87
0 1 7 3 18 5 108
0 1 7 3 7 16 182
0 1 7 2 24 0 191
0 1 7 2 13 11 143
0 1 7 2 2 22 4
0 1 7 1 19 6 42
0 1 7 1 8 17 167
0 1 7 0 25 1 119
0 1 7 0 14 12 29
0 1 7 0 3 23 171
0 1 6 24 0 3 49
0 1 6 22 1 4 47
0 1 6 20 2 5 17
0 1 6 19 8 0 41
0 1 6 18 3 6 82
0 1 6 17 9 1 42
0 1 6 16 4 7 31
0 1 6 15 10 2 58
0 1 6 14 5 8 85
0 1 6 13 11 3 25
0 1 6 13 0 14 48
0 1 6 12 6 9 78
0 1 6 11 12 4 32
0 1 6 11 1 15 100
0 1 6 10 7 10 35
0 1 6 9 13 5 42
0 1 6 9 2 16 162
0 1 6 8 19 0 134
0 1 6 8 8 11 20
0 1 6 7 14 6 31
0 1 6 7 3 17 60
0 1 6 6 20 1 130
0 1 6 6 9 12 182
0 1 6 5 15 7 159
0 1 6 5 4 18 128
0 1 6 4 21 2 141
0 1 6 4 10 13 136
0 1 6 3 16 8 20
0 1 6 3 5 19 125
0 1 6 2 22 3 154
0 1 6 2 11 14 43
0 1 6 2 0 25 78
0 1 6 1 17 9 171
0 1 6 1 6 20 30
0 1 6 0 23 4 51
0 1 6 0 12 15 179
0 1 6 0 1 26 20
0 1 5 25 3 0 65
0 1 5 23 4 1 194
0 1 5 21 5 2 89
0 1 5 20 0 8 186
0 1 5 19 6 3 163
0 1 5 18 1 9 28
0 1 5 17 7 4 79
0 1 5 16 2 10 111
0 1 5 15 8 5 84
0 1 5 14 14 0 42
0 1 5 14 3 11 188
0 1 5 13 9 6 44
0 1 5 12 15 1 102
0 1 5 12 4 12 56
0 1 5 11 10 7 86
0 1 5 10 16 2 25
0 1 5 10 5 13 148
0 1 5 9 11 8 97
0 1 5 9 0 19 36
0 1 5 8 17 3 92
0 1 5 8 6 14 79
0 1 5 7 12 9 25
0 1 5 7 1 20 23
0 1 5 6 18 4 155
0 1 5 6 7 15 163
0 1 5 5 13 10 52
0 1 5 5 2 21 122
0 1 5 4 19 5 191
0 1 5 4 8 16 64
0 1 5 3 25 0 54
0 1 5 3 14 11 33
0 1 5 3 3 22 168
0 1 5 2 20 6 61
0 1 5 2 9 17 151
0 1 5 1 26 1 77
0 1 5 1 15 12 81
0 1 5 1 4 23 129
0 1 5 0 21 7 100
0 1 5 0 10 18 12
0 1 4 27 0 2 153
0 1 4 25 1 3 115
0 1 4 23 2 4 118
0 1 4 21 3 5 115
0 1 4 20 9 0 187
0 1 4 19 4 6 129
0 1 4 18 10 1 80
0 1 4 17 5 7 86
0 1 4 16 11 2 117
0 1 4 16 0 13 38
0 1 4 15 6 8 71
0 1 4 14 12 3 22
0 1 4 14 1 14 152
0 1 4 13 7 9 75
0 1 4 12 13 4 51
0 1 4 12 2 15 140
0 1 4 11 8 10 10
0 1 4 10 14 5 99
0 1 4 10 3 16 42
0 1 4 9 20 0 53
0 1 4 9 9 11 46
0 1 4 8 15 6 139
0 1 4 8 4 17 187
0 1 4 7 21 1 58
0 1 4 7 10 12 94
0 1 4 6 16 7 46
0 1 4 6 5 18 44
0 1 4 5 22 2 138
0 1 4 5 11 13 116
0 1 4 5 0 24 1
0 1 4 4 17 8 40
0 1 4 4 6 19 73
0 1 4 3 23 3 173
0 1 4 3 12 14 111
0 1 4 3 1 25 162
0 1 4 2 18 9 21
0 1 4 2 7 20 33
0 1 4 1 24 4 185
0 1 4 1 13 15 150
0 1 4 1 2 26 40
0 1 4 0 19 10 181
0 1 4 0 8 21 105
0 1 3 26 4 0 156
0 1 3 24 5 1 40
0 1 3 23 0 7 87
0 1 3 22 6 2 185
0 1 3 21 1 8 133
0 1 3 20 7 3 107
0 1 3 19 2 9 85
0 1 3 18 8 4 51
0 1 3 17 3 10 99
0 1 3 16 9 5 18
0 1 3 15 15 0 165
0 1 3 15 4 11 19
0 1 3 14 10 6 41
0 1 3 13 16 1 174
0 1 3 13 5 12 56
0 1 3 12 11 7 184
0 1 3 12 0 18 115
0 1 3 11 17 2 50
0 1 3 11 6 13 41
0 1 3 10 12 8 118
0 1 3 10 1 19 109
0 1 3 9 18 3 6
0 1 3 9 7 14 183
0 1 3 8 13 9 119
0 1 3 8 2 20 7
0 1 3 7 19 4 9
0 1 3 7 8 15 101
0 1 3 6 14 10 38
0 1 3 6 3 21 130
0 1 3 5 20 5 45
0 1 3 5 9 16 186
0 1 3 4 26 0 30
0 1 3 4 15 11 192
0 1 3 4 4 22 33
0 1 3 3 21 6 191
0 1 3 3 10 17 154
0 1 3 2 27 1 180
0 1 3 2 16 12 8
0 1 3 2 5 23 146
0 1 3 1 22 7 39
0 1 3 1 11 18 183
0 1 3 1 0 29 21
0 1 3 0 28 2 79
0 1 3 0 17 13 38
0 1 3 0 6 24 10
0 1 2 30 0 1 159
0 1 2 28 1 2 188
0 1 2 26 2 3 39
0 1 2 24 3 4 88
0 1 2 22 4 5 71
0 1 2 21 10 0 168
0 1 2 20 5 6 138
0 1 2 19 11 1 111
0 1 2 19 0 12 197
0 1 2 18 6 7 88
0 1 2 17 12 2 32
0 1 2 17 1 13 176
0 1 2 16 7 8 15
0 1 2 15 13 3 40
0 1 2 15 2 14 72
0 1 2 14 8 9 173
0 1 2 13 14 4 154
0 1 2 13 3 15 5
0 1 2 12 9 10 140
0 1 2 11 15 5 116
0 1 2 11 4 16 147
0 1 2 10 21 0 128
0 1 2 10 10 11 188
0 1 2 9 16 6 87
0 1 2 9 5 17 89
0 1 2 8 22 1 37
0 1 2 8 11 12 15
0 1 2 8 0 23 79
0 1 2 7 17 7 148
0 1 2 7 6 18 111
0 1 2 6 23 2 190
0 1 2 6 12 13 7
0 1 2 6 1 24 75
0 1 2 5 18 8 89
0 1 2 5 7 19 164
0 1 2 4 24 3 153
0 1 2 4 13 14 195
0 1 2 4 2 25 26
0 1 2 3 19 9 126
0 1 2 3 8 20 175
0 1 2 2 25 4 133
0 1 2 2 14 15 112
0 1 2 2 3 26 60
0 1 2 1 20 10 17
0 1 2 1 9 21 104
0 1 2 0 26 5 119
0 1 2 0 15 16 165
0 1 2 0 4 27 127
0 1 1 27 5 0 89
0 1 1 26 0 6 171
0 1 1 25 6 1 165
0 1 1 24 1 7 104
0 1 1 23 7 2 108
0 1 1 22 2 8 120
0 1 1 21 8 3 162
0 1 1 20 3 9 117
0 1 1 19 9 4 99
0 1 1 18 4 10 8
0 1 1 17 10 5 81
0 1 1 16 16 0 19
0 1 1 16 5 11 89
0 1 1 15 11 6 150
0 1 1 15 0 17 110
0 1 1 14 17 1 10
0 1 1 14 6 12 121
0 1 1 13 12 7 143
0 1 1 13 1 18 176
0 1 1 12 18 2 188
0 1 1 12 7 13 36
0 1 1 11 13 8 80
0 1 1 11 2 19 171
0 1 1 10 19 3 57
0 1 1 10 8 14 121
0 1 1 9 14 9 46
0 1 1 9 3 20 113
0 1 1 8 20 4 151
0 1 1 8 9 15 16
0 1 1 7 15 10 175
0 1 1 7 4 21 115
0 1 1 6 21 5 34
0 1 1 6 10 16 84
0 1 1 5 27 0 153
0 1 1 5 16 11 62
0 1 1 5 5 22 40
0 1 1 4 22 6 25
0 1 1 4 11 17 182
0 1 1 4 0 28 141
0 1 1 3 28 1 149
0 1 1 3 17 12 154
0 1 1 3 6 23 39
0 1 1 2 23 7 71
0 1 1 2 12 18 144
0 1 1 2 1 29 90
0 1 1 1 29 2 4
0 1 1 1 18 13 78
0 1 1 1 7 24 189
0 1 1 0 24 8 162
0 1 1 0 13 19 126
0 1 1 0 2 30 119
0 1 0 31 1 1 110
0 1 0 29 2 2 161
0 1 0 27 3 3 2
0 1 0 25 4 4 71
0 1 0 23 5 5 89
0 1 0 22 11 0 132
0 1 0 22 0 11 12
0 1 0 21 6 6 177
0 1 0 20 12 1 187
0 1 0 20 1 12 54
0 1 0 19 7 7 95
0 1 0 18 13 2 39
0 1 0 18 2 13 42
0 1 0 17 8 8 133
0 1 0 16 14 3 52
0 1 0 16 3 14 6
0 1 0 15 9 9 183
0 1 0 14 15 4 91
0 1 0 14 4 15 25
0 1 0 13 10 10 34
0 1 0 12 16 5 194
0 1 0 12 5 16 169
0 1 0 11 22 0 42
0 1 0 11 11 11 191
0 1 0 11 0 22 66
0 1 0 10 17 6 146
0 1 0 10 6 17 101
0 1 0 9 23 1 106
0 1 0 9 12 12 156
0 1 0 9 1 23 124
0 1 0 8 18 7 168
0 1 0 8 7 18 191
0 1 0 7 24 2 93
0 1 0 7 13 13 66
0 1 0 6 19 8 34
0 1 0 6 8 19 15
0 1 0 5 25 3 43
0 1 0 5 14 14 113
0 1 0 5 3 25 151
0 1 0 4 20 9 56
0 1 0 4 9 20 188
0 1 0 3 26 4 105
0 1 0 3 15 15 47
0 1 0 3 4 26 92
0 1 0 2 21 10 142
0 1 0 2 10 21 124
0 1 0 1 27 5 70
0 1 0 1 16 16 57
0 1 0 1 5 27 29
0 1 0 0 33 0 40
0 1 0 0 22 11 89
0 1 0 0 11 22 57
0 0 32 0 0 2 12
0 0 30 3 0 1 172
0 0 30 1 1 2 184
0 0 29 0 5 0 158
0 0 28 6 0 0 111
0 0 28 4 1 1 137
0 0 28 2 2 2 14
0 0 28 0 3 3 113
0 0 27 2 0 5 131
0 0 27 1 6 0 163
0 0 27 0 1 6 173
0 0 26 7 1 0 195
0 0 26 5 2 1 5
0 0 26 3 3 2 7
0 0 26 1 4 3 172
0 0 25 5 0 4 54
0 0 25 3 1 5 90
0 0 25 2 7 0 120
0 0 25 1 2 6 7
0 0 25 0 8 1 76
0 0 24 8 2 0 163
0 0 24 6 3 1 141
0 0 24 4 4 2 67
0 0 24 2 5 3 91
0 0 24 1 0 9 7
0 0 24 0 6 4 181
0 0 23 8 0 3 142
0 0 23 6 1 4 97
0 0 23 4 2 5 190
0 0 23 3 8 0 107
0 0 23 2 3 6 169
0 0 23 1 9 1 122
0 0 23 0 4 7 29
0 0 22 9 3 0 67
0 0 22 7 4 1 150
0 0 22 5 5 2 19
0 0 22 4 0 8 197
0 0 22 3 6 3 42
0 0 22 2 1 9 177
0 0 22 1 7 4 178
0 0 22 0 2 10 12
0 0 21 11 0 2 177
0 0 21 9 1 3 180
0 0 21 7 2 4 145
0 0 21 5 3 5 149
0 0 21 4 9 0 16
0 0 21 3 4 6 148
0 0 21 2 10 1 22
0 0 21 1 5 7 11
0 0 21 0 11 2 77
0 0 21 0 0 13 65
0 0 20 10 4 0 112
0 0 20 8 5 1 140
0 0 20 7 0 7 137
0 0 20 6 6 2 90
0 0 20 5 1 8 51
0 0 20 4 7 3 194
0 0 20 3 2 9 127
0 0 20 2 8 4 153
0 0 20 1 3 10 120
0 0 20 0 9 5 33
0 0 19 14 0 1 29
0 0 19 12 1 2 67
0 0 19 10 2 3 146
0 0 19 8 3 4 77
0 0 19 6 4 5 41
0 0 19 5 10 0 124
0 0 19 4 5 6 159
0 0 19 3 11 1 38
0 0 19 3 0 12 17
0 0 19 2 6 7 66
0 0 19 1 12 2 161
0 0 19 1 1 13 48
0 0 19 0 7 8 160
0 0 18 11 5 0 82
0 0 18 10 0 6 192
0 0 18 9 6 1 5
0 0 18 8 1 7 132
0 0 18 7 7 2 197
0 0 18 6 2 8 25
0 0 18 5 8 3 51
0 0 18 4 3 9 189
0 0 18 3 9 4 18
0 0 18 2 4 10 111
0 0 18 1 10 5 167
0 0 18 0 16 0 193
0 0 18 0 5 11 121
0 0 17 17 0 0 173
0 0 17 15 1 1 48
0 0 17 13 2 2 113
0 0 17 11 3 3 49
0 0 17 9 4 4 171
0 0 17 7 5 5 164
0 0 17 6 11 0 114
0 0 17 6 0 11 46
0 0 17 5 6 6 164
0 0 17 4 12 1 195
0 0 17 4 1 12 129
0 0 17 3 7 7 83
0 0 17 2 13 2 109
0 0 17 2 2 13 92
0 0 17 1 8 8 72
0 0 17 0 14 3 25
0 0 17 0 3 14 77
0 0 16 13 0 5 186
0 0 16 12 6 0 113
0 0 16 11 1 6 100
0 0 16 10 7 1 174
0 0 16 9 2 7 152
0 0 16 8 8 2 146
0 0 16 7 3 8 69
0 0 16 6 9 3 51
0 0 16 5 4 9 99
0 0 16 4 10 4 19
0 0 16 3 5 10 173
0 0 16 2 11 5 164
0 0 16 2 0 16 177
0 0 16 1 17 0 3
0 0 16 1 6 11 17
0 0 16 0 12 6 88
0 0 16 0 1 17 172
0 0 15 18 1 0 35
0 0 15 16 2 1 145
0 0 15 14 3 2 133
0 0 15 12 4 3 101
0 0 15 10 5 4 166
0 0 15 9 0 10 13
0 0 15 8 6 5 60
0 0 15 7 12 0 197
0 0 15 7 1 11 83
0 0 15 6 7 6 89
0 0 15 5 13 1 196
0 0 15 5 2 12 59
0 0 15 4 8 7 68
0 0 15 3 14 2 90
0 0 15 3 3 13 138
0 0 15 2 9 8 2
0 0 15 1 15 3 47
0 0 15 1 4 14 175
0 0 15 0 10 9 63
0 0 14 16 0 4 158
0 0 14 14 1 5 121
0 0 14 13 7 0 80
0 0 14 12 2 6 133
0 0 14 11 8 1 140
0 0 14 10 3 7 93
0 0 14 9 9 2 164
0 0 14 8 4 8 163
0 0 14 7 10 3 138
0 0 14 6 5 9 119
0 0 14 5 11 4 138
0 0 14 5 0 15 91
0 0 14 4 6 10 141
0 0 14 3 12 5 55
0 0 14 3 1 16 5
0 0 14 2 18 0 10
0 0 14 2 7 11 153
0 0 14 1 13 6 35
0 0 14 0 19 1 165
0 0 14 0 8 12 21
0 0 13 19 2 0 45
0 0 13 17 3 1 94
0 0 13 15 4 2 104
0 0 13 13 5 3 149
0 0 13 12 0 9 121
0 0 13 11 6 4 161
0 0 13 10 1 10 43
0 0 13 9 7 5 52
0 0 13 8 13 0 106
0 0 13 8 2 11 56
0 0 13 7 8 6 166
0 0 13 6 14 1 113
0 0 13 6 3 12 126
0 0 13 5 9 7 157
0 0 13 4 15 2 93
0 0 13 4 4 13 100
0 0 13 3 10 8 178
0 0 13 2 16 3 89
0 0 13 2 5 14 97
0 0 13 1 11 9 63
0 0 13 1 0 20 60
0 0 13 0 17 4 104
0 0 13 0 6 15 132
0 0 12 19 0 3 184
0 0 12 17 1 4 175
0 0 12 15 2 5 155
0 0 12 14 8 0 155
0 0 12 13 3 6 170
0 0 12 12 9 1 130
0 0 12 11 4 7 27
0 0 12 10 10 2 108
0 0 12 9 5 8 155
0 0 12 8 11 3 44
0 0 12 8 0 14 44
0 0 12 7 6 9 181
0 0 12 6 12 4 131
0 0 12 6 1 15 158
0 0 12 5 7 10 192
0 0 12 4 13 5 103
0 0 12 4 2 16 28
0 0 12 3 19 0 37
0 0 12 3 8 11 7
0 0 12 2 14 6 53
0 0 12 2 3 17 106
0 0 12 1 20 1 116
0 0 12 1 9 12 177
0 0 12 0 15 7 15
0 0 12 0 4 18 151
0 0 11 20 3 0 57
0 0 11 18 4 1 192
0 0 11 16 5 2 22
0 0 11 15 0 8 123
0 0 11 14 6 3 93
0 0 11 13 1 9 123
0 0 11 12 7 4 96
0 0 11 11 2 10 26
0 0 11 10 8 5 51
0 0 11 9 14 0 158
0 0 11 9 3 11 175
0 0 11 8 9 6 42
0 0 11 7 15 1 148
0 0 11 7 4 12 110
0 0 11 6 10 7 103
0 0 11 5 16 2 116
0 0 11 5 5 13 134
0 0 11 4 11 8 158
0 0 11 4 0 19 1
0 0 11 3 17 3 2
0 0 11 3 6 14 163
0 0 11 2 12 9 173
0 0 11 2 1 20 23
0 0 11 1 18 4 120
0 0 11 1 7 15 105
0 0 11 0 13 10 130
0 0 11 0 2 21 60
0 0 10 22 0 2 94
0 0 10 20 1 3 87
0 0 10 18 2 4 183
0 0 10 16 3 5 151
0 0 10 15 9 0 71
0 0 10 14 4 6 25
0 0 10 13 10 1 156
0 0 10 12 5 7 179
0 0 10 11 11 2 186
0 0 10 11 0 13 58
0 0 10 10 6 8 170
0 0 10 9 12 3 41
0 0 10 9 1 14 112
0 0 10 8 7 9 144
0 0 10 7 13 4 176
0 0 10 7 2 15 14
0 0 10 6 8 10 37
0 0 10 5 14 5 132
0 0 10 5 3 16 101
0 0 10 4 20 0 37
0 0 10 4 9 11 178
0 0 10 3 15 6 191
0 0 10 3 4 17 35
0 0 10 2 21 1 198
0 0 10 2 10 12 50
0 0 10 1 16 7 116
0 0 10 1 5 18 130
0 0 10 0 22 2 80
0 0 10 0 11 13 70
0 0 10 0 0 24 171
0 0 9 21 4 0 177
0 0 9 19 5 1 136
0 0 9 18 0 7 113
0 0 9 17 6 2 25
0 0 9 16 1 8 74
0 0 9 15 7 3 23
0 0 9 14 2 9 27
0 0 9 13 8 4 16
0 0 9 12 3 10 146
0 0 9 11 9 5 81
0 0 9 10 15 0 133
0 0 9 10 4 11 191
0 0 9 9 10 6 164
0 0 9 8 16 1 130
0 0 9 8 5 12 39
0 0 9 7 11 7 78
0 0 9 7 0 18 100
0 0 9 6 17 2 33
0 0 9 6 6 13 163
0 0 9 5 12 8 66
0 0 9 5 1 19 23
0 0 9 4 18 3 44
0 0 9 4 7 14 115
0 0 9 3 13 9 51
0 0 9 3 2 20 68
0 0 9 2 19 4 117
0 0 9 2 8 15 72
0 0 9 1 14 10 155
0 0 9 1 3 21 136
0 0 9 0 20 5 67
0 0 9 0 9 16 57
0 0 8 25 0 1 170
0 0 8 23 1 2 44
0 0 8 21 2 3 151
0 0 8 19 3 4 67
0 0 8 17 4 5 116
0 0 8 16 10 0 123
0 0 8 15 5 6 6
0 0 8 14 11 1 148
0 0 8 14 0 12 38
0 0 8 13 6 7 105
0 0 8 12 12 2 151
0 0 8 12 1 13 148
0 0 8 11 7 8 142
0 0 8 10 13 3 163
0 0 8 10 2 14 1
0 0 8 9 8 9 41
0 0 8 8 14 4 156
0 0 8 8 3 15 116
0 0 8 7 9 10 20
0 0 8 6 15 5 24
0 0 8 6 4 16 195
0 0 8 5 21 0 93
0 0 8 5 10 11 106
0 0 8 4 16 6 63
0 0 8 4 5 17 76
0 0 8 3 22 1 132
0 0 8 3 11 12 46
0 0 8 3 0 23 108
0 0 8 2 17 7 51
0 0 8 2 6 18 110
0 0 8 1 23 2 128
0 0 8 1 12 13 73
0 0 8 1 1 24 16
0 0 8 0 18 8 112
0 0 8 0 7 19 101
0 0 7 22 5 0 151
0 0 7 21 0 6 23
0 0 7 20 6 1 146
0 0 7 19 1 7 144
0 0 7 18 7 2 195
0 0 7 17 2 8 1
0 0 7 16 8 3 85
0 0 7 15 3 9 96
0 0 7 14 9 4 52
0 0 7 13 4 10 159
0 0 7 12 10 5 96
0 0 7 11 16 0 99
0 0 7 11 5 11 97
0 0 7 10 11 6 52
0 0 7 10 0 17 121
0 0 7 9 17 1 34
0 0 7 9 6 12 35
0 0 7 8 12 7 29
0 0 7 8 1 18 54
0 0 7 7 18 2 84
0 0 7 7 7 13 23
0 0 7 6 13 8 100
0 0 7 6 2 19 99
0 0 7 5 19 3 151
0 0 7 5 8 14 164
0 0 7 4 14 9 63
0 0 7 4 3 20 153
0 0 7 3 20 4 60
0 0 7 3 9 15 100
0 0 7 2 15 10 71
0 0 7 2 4 21 142
0 0 7 1 21 5 165
0 0 7 1 10 16 17
0 0 7 0 27 0 142
0 0 7 0 16 11 98
0 0 7 0 5 22 188
0 0 6 28 0 0 94
0 0 6 26 1 1 158
0 0 6 24 2 2 114
0 0 6 22 3 3 68
0 0 6 20 4 4 114
0 0 6 18 5 5 40
0 0 6 17 11 0 93
0 0 6 17 0 11 12
0 0 6 16 6 6 2
0 0 6 15 12 1 13
0 0 6 15 1 12 50
0 0 6 14 7 7 123
0 0 6 13 13 2 55
0 0 6 13 2 13 193
0 0 6 12 8 8 196
0 0 6 11 14 3 138
0 0 6 11 3 14 71
0 0 6 10 9 9 194
0 0 6 9 15 4 166
0 0 6 9 4 15 132
0 0 6 8 10 10 34
0 0 6 7 16 5 84
0 0 6 7 5 16 157
0 0 6 6 22 0 190
0 0 6 6 11 11 54
0 0 6 6 0 22 174
0 0 6 5 17 6 144
0 0 6 5 6 17 172
0 0 6 4 23 1 85
0 0 6 4 12 12 116
0 0 6 4 1 23 145
0 0 6 3 18 7 171
0 0 6 3 7 18 36
0 0 6 2 24 2 161
0 0 6 2 13 13 123
0 0 6 2 2 24 185
0 0 6 1 19 8 96
0 0 6 1 8 19 108
0 0 6 0 25 3 35
0 0 6 0 14 14 149
0 0 6 0 3 25 74
0 0 5 24 0 5 17
0 0 5 23 6 0 195
0 0 5 22 1 6 1
0 0 5 21 7 1 34
0 0 5 20 2 7 191
0 0 5 19 8 2 31
0 0 5 18 3 8 127
0 0 5 17 9 3 99
0 0 5 16 4 9 78
0 0 5 15 10 4 198
0 0 5 14 5 10 176
0 0 5 13 11 5 16
0 0 5 13 0 16 67
0 0 5 12 17 0 148
0 0 5 12 6 11 120
0 0 5 11 12 6 170
0 0 5 11 1 17 163
0 0 5 10 18 1 30
0 0 5 10 7 12 10
0 0 5 9 13 7 107
0 0 5 9 2 18 150
0 0 5 8 8 13 132
0 0 5 7 14 8 68
0 0 5 7 3 19 28
0 0 5 6 20 3 79
0 0 5 6 9 14 139
0 0 5 5 15 9 15
0 0 5 5 4 20 75
0 0 5 4 21 4 125
0 0 5 4 10 15 155
0 0 5 3 16 10 131
0 0 5 3 5 21 37
0 0 5 2 22 5 165
0 0 5 2 11 16 126
0 0 5 2 0 27 76
0 0 5 1 28 0 87
0 0 5 1 17 11 54
0 0 5 1 6 22 106
0 0 5 0 23 6 55
0 0 5 0 12 17 126
0 0 5 0 1 28 28
0 0 4 29 1 0 122
0 0 4 27 2 1 36
0 0 4 25 3 2 62
0 0 4 23 4 3 188
0 0 4 21 5 4 2
0 0 4 20 0 10 103
0 0 4 19 6 5 177
0 0 4 18 12 0 50
0 0 4 18 1 11 80
0 0 4 17 7 6 41
0 0 4 16 13 1 158
0 0 4 16 2 12 16
0 0 4 15 8 7 51
0 0 4 14 14 2 189
0 0 4 14 3 13 193
0 0 4 13 9 8 10
0 0 4 12 15 3 93
0 0 4 12 4 14 176
0 0 4 11 10 9 69
0 0 4 10 16 4 133
0 0 4 10 5 15 49
0 0 4 9 11 10 187
0 0 4 9 0 21 163
0 0 4 8 17 5 125
0 0 4 8 6 16 107
0 0 4 7 23 0 3
0 0 4 7 12 11 154
0 0 4 7 1 22 123
0 0 4 6 18 6 179
0 0 4 6 7 17 107
0 0 4 5 24 1 150
0 0 4 5 13 12 98
0 0 4 5 2 23 98
0 0 4 4 19 7 8
0 0 4 4 8 18 9
0 0 4 3 25 2 104
0 0 4 3 14 13 126
0 0 4 3 3 24 110
0 0 4 2 20 8 91
0 0 4 2 9 19 180
0 0 4 1 26 3 4
0 0 4 1 15 14 20
0 0 4 1 4 25 45
0 0 4 0 21 9 102
0 0 4 0 10 20 8
0 0 3 27 0 4 188
0 0 3 25 1 5 59
0 0 3 24 7 0 118
0 0 3 23 2 6 62
0 0 3 22 8 1 183
0 0 3 21 3 7 81
0 0 3 20 9 2 67
0 0 3 19 4 8 194
0 0 3 18 10 3 23
0 0 3 17 5 9 150
0 0 3 16 11 4 163
0 0 3 16 0 15 1
0 0 3 15 6 10 149
0 0 3 14 12 5 31
0 0 3 14 1 16 69
0 0 3 13 18 0 186
0 0 3 13 7 11 118
0 0 3 12 13 6 137
0 0 3 12 2 17 176
0 0 3 11 19 1 128
0 0 3 11 8 12 14
0 0 3 10 14 7 20
0 0 3 10 3 18 79
0 0 3 9 20 2 47
0 0 3 9 9 13 154
0 0 3 8 15 8 154
0 0 3 8 4 19 115
0 0 3 7 21 3 103
0 0 3 7 10 14 169
0 0 3 6 16 9 62
0 0 3 6 5 20 153
0 0 3 5 22 4 145
0 0 3 5 11 15 77
0 0 3 5 0 26 136
0 0 3 4 17 10 16
0 0 3 4 6 21 164
0 0 3 3 23 5 50
0 0 3 3 12 16 195
0 0 3 3 1 27 68
0 0 3 2 29 0 158
0 0 3 2 18 11 150
0 0 3 2 7 22 54
0 0 3 1 24 6 75
0 0 3 1 13 17 64
0 0 3 1 2 28 95
0 0 3 0 30 1 59
0 0 3 0 19 12 32
0 0 3 0 8 23 35
0 0 2 30 2 0 175
0 0 2 28 3 1 72
0 0 2 26 4 2 108
0 0 2 24 5 3 99
0 0 2 23 0 9 63
0 0 2 22 6 4 57
0 0 2 21 1 10 18
0 0 2 20 7 5 173
0 0 2 19 13 0 67
0 0 2 19 2 11 43
0 0 2 18 8 6 30
0 0 2 17 14 1 151
0 0 2 17 3 12 133
0 0 2 16 9 7 135
0 0 2 15 15 2 195
0 0 2 15 4 13 172
0 0 2 14 10 8 74
0 0 2 13 16 3 76
0 0 2 13 5 14 139
0 0 2 12 11 9 144
0 0 2 12 0 20 177
0 0 2 11 17 4 92
0 0 2 11 6 15 49
0 0 2 10 12 10 72
0 0 2 10 1 21 184
0 0 2 9 18 5 83
0 0 2 9 7 16 177
0 0 2 8 24 0 104
0 0 2 8 13 11 19
0 0 2 8 2 22 51
0 0 2 7 19 6 184
0 0 2 7 8 17 181
0 0 2 6 25 1 85
0 0 2 6 14 12 184
0 0 2 6 3 23 147
0 0 2 5 20 7 166
0 0 2 5 9 18 129
0 0 2 4 26 2 40
0 0 2 4 15 13 164
0 0 2 4 4 24 140
0 0 2 3 21 8 37
0 0 2 3 10 19 76
0 0 2 2 27 3 133
0 0 2 2 16 14 94
0 0 2 2 5 25 155
0 0 2 1 22 9 36
0 0 2 1 11 20 173
0 0 2 1 0 31 64
0 0 2 0 28 4 169
0 0 2 0 17 15 170
0 0 2 0 6 26 13
0 0 1 30 0 3 81
0 0 1 28 1 4 87
0 0 1 26 2 5 44
0 0 1 25 8 0 142
0 0 1 24 3 6 114
0 0 1 23 9 1 85
0 0 1 22 4 7 103
0 0 1 21 10 2 142
0 0 1 20 5 8 5
0 0 1 19 11 3 176
0 0 1 19 0 14 142
0 0 1 18 6 9 82
0 0 1 17 12 4 35
0 0 1 17 1 15 127
0 0 1 16 7 10 102
0 0 1 15 13 5 163
0 0 1 15 2 16 149
0 0 1 14 19 0 103
0 0 1 14 8 11 161
0 0 1 13 14 6 185
0 0 1 13 3 17 100
0 0 1 12 20 1 11
0 0 1 12 9 12 53
0 0 1 11 15 7 53
0 0 1 11 4 18 123
0 0 1 10 21 2 123
0 0 1 10 10 13 23
0 0 1 9 16 8 192
0 0 1 9 5 19 103
0 0 1 8 22 3 56
0 0 1 8 11 14 129
0 0 1 8 0 25 121
0 0 1 7 17 9 39
0 0 1 7 6 20 143
0 0 1 6 23 4 142
0 0 1 6 12 15 27
0 0 1 6 1 26 128
0 0 1 5 18 10 147
0 0 1 5 7 21 112
0 0 1 4 24 5 132
0 0 1 4 13 16 74
0 0 1 4 2 27 19
0 0 1 3 30 0 23
0 0 1 3 19 11 191
0 0 1 3 8 22 106
0 0 1 2 25 6 44
0 0 1 2 14 17 144
0 0 1 2 3 28 184
0 0 1 1 31 1 27
0 0 1 1 20 12 159
0 0 1 1 9 23 38
0 0 1 0 26 7 63
0 0 1 0 15 18 148
0 0 1 0 4 29 83
0 0 0 29 4 1 39
0 0 0 27 5 2 31
0 0 0 26 0 8 143
0 0 0 25 6 3 104
0 0 0 24 1 9 83
0 0 0 23 7 4 131
0 0 0 22 2 10 77
0 0 0 21 8 5 62
0 0 0 20 14 0 91
0 0 0 20 3 11 129
0 0 0 19 9 6 190
0 0 0 18 15 1 114
0 0 0 18 4 12 184
0 0 0 17 10 7 189
0 0 0 16 16 2 70
0 0 0 16 5 13 65
0 0 0 15 11 8 172
0 0 0 15 0 19 91
0 0 0 14 17 3 68
0 0 0 14 6 14 131
0 0 0 13 12 9 151
0 0 0 13 1 20 14
0 0 0 12 18 4 14
0 0 0 12 7 15 151
0 0 0 11 13 10 92
0 0 0 11 2 21 86
0 0 0 10 19 5 12
0 0 0 10 8 16 109
0 0 0 9 25 0 65
0 0 0 9 14 11 160
0 0 0 9 3 22 43
0 0 0 8 20 6 1
0 0 0 8 9 17 15
0 0 0 7 26 1 122
0 0 0 7 15 12 139
0 0 0 7 4 23 146
0 0 0 6 21 7 169
0 0 0 6 10 18 188
0 0 0 5 27 2 165
0 0 0 5 16 13 24
0 0 0 5 5 24 127
0 0 0 4 22 8 76
0 0 0 4 11 19 135
0 0 0 4 0 30 177
0 0 0 3 28 3 110
0 0 0 3 17 14 19
0 0 0 3 6 25 172
0 0 0 2 23 9 184
0 0 0 2 12 20 62
0 0 0 2 1 31 72
0 0 0 1 29 4 148
0 0 0 1 18 15 121
0 0 0 1 7 26 4
0 0 0 0 24 10 190
0 0 0 0 13 21 15
0 0 0 0 2 32 22
1 32 0 0 0 2 22
1 31 2 1 0 0 150
1 31 0 2 1 0 64
1 31 0 0 2 1 72
1 30 1 1 0 2 119
1 30 0 0 4 0 177
1 29 3 2 0 0 106
1 29 3 0 1 1 33
1 29 1 3 1 0 21
1 29 1 1 2 1 90
1 29 0 1 0 4 83
1 28 3 0 3 0 1
1 28 2 2 0 2 16
1 28 2 0 1 3 190
1 28 1 1 4 0 141
1 28 0 5 0 1 28
1 28 0 3 1 2 95
1 28 0 1 2 3 184
1 27 6 0 0 1 62
1 27 4 3 0 0 87
1 27 4 1 1 1 197
1 27 2 4 1 0 152
1 27 2 2 2 1 30
1 27 2 0 3 2 28
1 27 1 2 0 4 127
1 27 1 0 1 5 29
1 27 0 5 2 0 76
1 27 0 3 3 1 68
1 27 0 1 4 2 19
1 26 6 0 2 0 172
1 26 5 0 0 3 172
1 26 4 1 3 0 80
1 26 3 3 0 2 155
1 26 3 1 1 3 109
1 26 2 2 4 0 33
1 26 2 0 5 1 165
1 26 1 6 0 1 20
1 26 1 4 1 2 40
1 26 1 2 2 3 60
1 26 1 0 3 4 92
1 26 0 3 5 0 136
1 26 0 2 0 6 13
1 26 0 1 6 1 128
1 26 0 0 1 7 4
1 25 7 1 0 1 122
1 25 5 4 0 0 20
1 25 5 2 1 1 147
1 25 5 0 2 2 29
1 25 4 0 0 5 78
1 25 3 5 1 0 141
1 25 3 3 2 1 151
1 25 3 1 3 2 76
1 25 2 3 0 4 127
1 25 2 1 1 5 101
1 25 2 0 7 0 159
1 25 1 6 2 0 78
1 25 1 4 3 1 162
1 25 1 2 4 2 26
1 25 1 0 5 3 151
1 25 0 6 0 3 74
1 25 0 4 1 4 45
1 25 0 2 2 5 155
1 25 0 1 8 0 121
1 25 0 0 3 6 172
1 24 9 0 1 0 90
1 24 7 1 2 0 58
1 24 6 1 0 3 97
1 24 5 2 3 0 75
1 24 5 0 4 1 133
1 24 4 4 0 2 116
1 24 4 2 1 3 181
1 24 4 0 2 4 104
1 24 3 3 4 0 99
1 24 3 1 5 1 198
1 24 3 0 0 7 22
1 24 2 7 0 1 150
1 24 2 5 1 2 45
1 24 2 3 2 3 79
1 24 2 1 3 4 41
1 24 1 4 5 0 1
1 24 1 3 0 6 10
1 24 1 2 6 1 75
1 24 1 1 1 7 189
1 24 0 10 0 0 171
1 24 0 8 1 1 16
1 24 0 6 2 2 185
1 24 0 4 3 3 110
1 24 0 2 4 4 140
1 24 0 0 5 5 127
1 23 8 2 0 1 161
1 23 8 0 1 2 65
1 23 6 5 0 0 161
1 23 6 3 1 1 102
1 23 6 1 2 2 125
1 23 5 1 0 5 17
1 23 5 0 6 0 57
1 23 4 6 1 0 160
1 23 4 4 2 1 9
1 23 4 2 3 2 91
1 23 4 0 4 3 177
1 23 3 4 0 4 173
1 23 3 1 7 0 167
1 23 3 0 2 6 76
1 23 2 7 2 0 71
1 23 2 5 3 1 21
1 23 2 3 4 2 183
1 23 2 1 5 3 91
1 23 2 0 0 9 157
1 23 1 7 0 3 171
1 23 1 5 1 4 129
1 23 1 3 2 5 146
1 23 1 2 8 0 79
1 23 1 1 3 6 39
1 23 1 0 9 1 124
1 23 0 8 3 0 108
1 23 0 6 4 1 145
1 23 0 4 5 2 98
1 23 0 3 0 8 35
1 23 0 2 6 3 147
1 23 0 1 1 9 38
1 23 0 0 7 4 146
1 22 12 0 0 0 66
1 22 10 1 1 0 64
1 22 8 2 2 0 17
1 22 8 0 3 1 58
1 22 7 2 0 3 170
1 22 7 0 1 4 166
1 22 6 3 3 0 48
1 22 6 1 4 1 183
1 22 5 5 0 2 96
1 22 5 3 1 3 13
1 22 5 1 2 4 145
1 22 4 4 4 0 21
1 22 4 2 5 1 55
1 22 4 1 0 7 171
1 22 4 0 6 2 155
1 22 3 8 0 1 140
1 22 3 6 1 2 124
1 22 3 4 2 3 189
1 22 3 2 3 4 148
1 22 3 0 4 5 75
1 22 2 5 5 0 145
1 22 2 4 0 6 42
1 22 2 3 6 1 106
1 22 2 2 1 7 53
1 22 2 1 7 2 177
1 22 2 0 2 8 66
1 22 1 11 0 0 136
1 22 1 9 1 1 37
1 22 1 7 2 2 4
1 22 1 5 3 3 168
1 22 1 3 4 4 33
1 22 1 1 5 5 40
1 22 1 0 11 0 66
1 22 1 0 0 11 57
1 22 0 7 0 5 188
1 22 0 6 6 0 174
1 22 0 5 1 6 106
1 22 0 4 7 1 123
1 22 0 3 2 7 54
1 22 0 2 8 2 51
1 22 0 1 3 8 106
1 22 0 0 9 3 43
1 21 11 0 0 2 152
1 21 9 3 0 1 85
1 21 9 1 1 2 114
1 21 8 0 5 0 164
1 21 7 6 0 0 131
1 21 7 4 1 1 51
1 21 7 2 2 2 50
1 21 7 0 3 3 89
1 21 6 2 0 5 45
1 21 6 1 6 0 74
1 21 5 7 1 0 51
1 21 5 5 2 1 8
1 21 5 3 3 2 147
1 21 5 1 4 3 62
1 21 4 5 0 4 114
1 21 4 3 1 5 162
1 21 4 2 7 0 120
1 21 4 1 2 6 186
1 21 4 0 8 1 184
1 21 3 8 2 0 3
1 21 3 6 3 1 188
1 21 3 4 4 2 100
1 21 3 2 5 3 17
1 21 3 1 0 9 91
1 21 3 0 6 4 147
1 21 2 8 0 3 65
1 21 2 6 1 4 111
1 21 2 4 2 5 46
1 21 2 3 8 0 156
1 21 2 2 3 6 63
1 21 2 1 9 1 167
1 21 2 0 4 7 162
1 21 1 9 3 0 4
1 21 1 7 4 1 87
1 21 1 5 5 2 122
1 21 1 4 0 8 105
1 21 1 3 6 3 130
1 21 1 2 1 9 104
1 21 1 1 7 4 115
1 21 1 0 2 10 124
1 21 0 11 0 2 60
1 21 0 9 1 3 136
1 21 0 7 2 4 142
1 21 0 5 3 5 37
1 21 0 4 9 0 163
1 21 0 3 4 6 164
1 21 0 2 10 1 184
1 21 0 1 5 7 112
1 21 0 0 11 2 86
1 21 0 0 0 13 15
1 20 13 1 0 0 166
1 20 11 2 1 0 71
1 20 11 0 2 1 74
1 20 10 0 0 4 191
1 20 9 3 2 0 71
1 20 9 1 3 1 18
1 20 8 3 0 3 10
1 20 8 1 1 4 163
1 20 7 4 3 0 109
1 20 7 2 4 1 10
1 20 7 0 5 2 11
1 20 6 6 0 2 34
1 20 6 4 1 3 104
1 20 6 2 2 4 2
1 20 6 0 3 5 138
1 20 5 5 4 0 54
1 20 5 3 5 1 127
1 20 5 2 0 7 91
1 20 5 1 6 2 195
1 20 5 0 1 8 109
1 20 4 9 0 1 21
1 20 4 7 1 2 76
1 20 4 5 2 3 100
1 20 4 3 3 4 46
1 20 4 1 4 5 1
1 20 4 0 10 0 54
1 20 3 6 5 0 165
1 20 3 5 0 6 80
1 20 3 4 6 1 2
1 20 3 3 1 7 95
1 20 3 2 7 2 73
1 20 3 1 2 8 7
1 20 3 0 8 3 139
1 20 2 12 0 0 28
1 20 2 10 1 1 81
1 20 2 8 2 2 109
1 20 2 6 3 3 35
1 20 2 4 4 4 69
1 20 2 2 5 5 41
1 20 2 1 11 0 4
1 20 2 1 0 11 49
1 20 2 0 6 6 152
1 20 1 8 0 5 143
1 20 1 7 6 0 145
1 20 1 6 1 6 30
1 20 1 5 7 1 23
1 20 1 4 2 7 33
1 20 1 3 8 2 7
1 20 1 2 3 8 175
1 20 1 1 9 3 113
1 20 1 0 4 9 188
1 20 0 13 1 0 60
1 20 0 11 2 1 23
1 20 0 9 3 2 68
1 20 0 7 4 3 153
1 20 0 5 5 4 75
1 20 0 4 0 10 8
1 20 0 3 6 5 153
1 20 0 2 12 0 177
1 20 0 2 1 11 173
1 20 0 1 7 6 143
1 20 0 0 13 1 14
1 20 0 0 2 12 62
1 19 12 1 0 2 105
1 19 11 0 4 0 161
1 19 10 4 0 1 79
1 19 10 2 1 2 29
1 19 10 0 2 3 32
1 19 9 1 5 0 91
1 19 9 0 0 6 61
1 19 8 7 0 0 65
1 19 8 5 1 1 198
1 19 8 3 2 2 42
1 19 8 1 3 3 86
1 19 7 3 0 5 78
1 19 7 2 6 0 8
1 19 7 1 1 6 10
1 19 7 0 7 1 59
1 19 6 8 1 0 177
1 19 6 6 2 1 127
1 19 6 4 3 2 71
1 19 6 2 4 3 129
1 19 6 0 5 4 23
1 19 5 6 0 4 104
1 19 5 4 1 5 134
1 19 5 3 7 0 58
1 19 5 2 2 6 160
1 19 5 1 8 1 64
1 19 5 0 3 7 97
1 19 4 9 2 0 148
1 19 4 7 3 1 17
1 19 4 5 4 2 93
1 19 4 3 5 3 51
1 19 4 2 0 9 142
1 19 4 1 6 4 36
1 19 4 0 1 10 153
1 19 3 9 0 3 131
1 19 3 7 1 4 128
1 19 3 5 2 5 57
1 19 3 4 8 0 152
1 19 3 3 3 6 87
1 19 3 2 9 1 158
1 19 3 1 4 7 6
1 19 3 0 10 2 103
1 19 2 10 3 0 85
1 19 2 8 4 1 147
1 19 2 6 5 2 29
1 19 2 5 0 8 5
1 19 2 4 6 3 72
1 19 2 3 1 9 150
1 19 2 2 7 4 177
1 19 2 1 2 10 149
1 19 2 0 8 5 82
1 19 1 12 0 2 132
1 19 1 10 1 3 1
1 19 1 8 2 4 36
1 19 1 6 3 5 125
1 19 1 5 9 0 36
1 19 1 4 4 6 73
1 19 1 3 10 1 109
1 19 1 2 5 7 164
1 19 1 1 11 2 171
1 19 1 1 0 13 126
1 19 1 0 6 8 15
1 19 0 11 4 0 1
1 19 0 9 5 1 23
1 19 0 8 0 7 101
1 19 0 7 6 2 99
1 19 0 6 1 8 108
1 19 0 5 7 3 28
1 19 0 4 2 9 180
1 19 0 3 8 4 115
1 19 0 2 3 10 76
1 19 0 1 9 5 103
1 19 0 0 15 0 91
1 19 0 0 4 11 135
1 18 14 2 0 0 5
1 18 14 0 1 1 25
1 18 12 3 1 0 55
1 18 12 1 2 1 111
1 18 11 1 0 4 46
1 18 10 4 2 0 140
1 18 10 2 3 1 77
1 18 10 0 4 2 1
1 18 9 4 0 3 76
1 18 9 2 1 4 180
1 18 9 0 2 5 93
1 18 8 5 3 0 140
1 18 8 3 4 1 70
1 18 8 1 5 2 190
1 18 8 0 0 8 40
1 18 7 7 0 2 35
1 18 7 5 1 3 38
1 18 7 3 2 4 52
1 18 7 1 3 5 189
1 18 7 0 9 0 151
1 18 6 6 4 0 118
1 18 6 4 5 1 118
1 18 6 3 0 7 193
1 18 6 2 6 2 5
1 18 6 1 1 8 47
1 18 6 0 7 3 74
1 18 5 10 0 1 132
1 18 5 8 1 2 173
1 18 5 6 2 3 153
1 18 5 4 3 4 186
1 18 5 2 4 5 38
1 18 5 1 10 0 115
1 18 5 0 5 6 155
1 18 4 7 5 0 49
1 18 4 6 0 6 135
1 18 4 5 6 1 5
1 18 4 4 1 7 16
1 18 4 3 7 2 74
1 18 4 2 2 8 102
1 18 4 1 8 3 133
1 18 4 0 3 9 82
1 18 3 13 0 0 122
1 18 3 11 1 1 173
1 18 3 9 2 2 155
1 18 3 7 3 3 64
1 18 3 5 4 4 53
1 18 3 3 5 5 174
1 18 3 2 11 0 46
1 18 3 2 0 11 113
1 18 3 1 6 6 3
1 18 3 0 12 1 64
1 18 3 0 1 12 184
1 18 2 9 0 5 32
1 18 2 8 6 0 110
1 18 2 7 1 6 7
1 18 2 6 7 1 120
1 18 2 5 2 7 15
1 18 2 4 8 2 182
1 18 2 3 3 8 70
1 18 2 2 9 3 188
1 18 2 1 4 9 167
1 18 2 0 10 4 68
1 18 1 14 1 0 187
1 18 1 12 2 1 73
1 18 1 10 3 2 10
1 18 1 8 4 3 62
1 18 1 6 5 4 128
1 18 1 5 0 10 12
1 18 1 4 6 5 44
1 18 1 3 12 0 115
1 18 1 3 1 11 183
1 18 1 2 7 6 111
1 18 1 1 13 1 176
1 18 1 1 2 12 144
1 18 1 0 8 7 191
1 18 0 12 0 4 151
1 18 0 10 1 5 130
1 18 0 9 7 0 100
1 18 0 8 2 6 110
1 18 0 7 8 1 54
1 18 0 6 3 7 36
1 18 0 5 9 2 150
1 18 0 4 4 8 9
1 18 0 3 10 3 79
1 18 0 2 5 9 129
1 18 0 1 11 4 123
1 18 0 1 0 15 148
1 18 0 0 6 10 188
1 17 14 0 3 0 67
1 17 13 2 0 2 176
1 17 13 0 1 3 144
1 17 12 1 4 0 156
1 17 11 5 0 1 86
1 17 11 3 1 2 64
1 17 11 1 2 3 155
1 17 10 2 5 0 119
1 17 10 1 0 6 21
1 17 10 0 6 1 148
1 17 9 8 0 0 105
1 17 9 6 1 1 126
1 17 9 4 2 2 196
1 17 9 2 3 3 137
1 17 9 0 4 4 36
1 17 8 4 0 5 125
1 17 8 3 6 0 155
1 17 8 2 1 6 134
1 17 8 1 7 1 45
1 17 8 0 2 7 162
1 17 7 9 1 0 172
1 17 7 7 2 1 60
1 17 7 5 3 2 116
1 17 7 3 4 3 99
1 17 7 1 5 4 192
1 17 7 0 0 10 65
1 17 6 7 0 4 9
1 17 6 5 1 5 24
1 17 6 4 7 0 146
1 17 6 3 2 6 82
1 17 6 2 8 1 103
1 17 6 1 3 7 167
1 17 6 0 9 2 26
1 17 5 10 2 0 81
1 17 5 8 3 1 166
1 17 5 6 4 2 70
1 17 5 4 5 3 125
1 17 5 3 0 9 51
1 17 5 2 6 4 137
1 17 5 1 1 10 134
1 17 5 0 7 5 35
1 17 4 10 0 3 52
1 17 4 8 1 4 124
1 17 4 6 2 5 159
1 17 4 5 8 0 108
1 17 4 4 3 6 30
1 17 4 3 9 1 147
1 17 4 2 4 7 42
1 17 4 1 10 2 43
1 17 4 0 5 8 144
1 17 3 11 3 0 66
1 17 3 9 4 1 130
1 17 3 7 5 2 82
1 17 3 6 0 8 151
1 17 3 5 6 3 162
1 17 3 4 1 9 171
1 17 3 3 7 4 31
1 17 3 2 2 10 34
1 17 3 1 8 5 183
1 17 3 0 14 0 4
1 17 3 0 3 11 72
1 17 2 13 0 2 26
1 17 2 11 1 3 17
1 17 2 9 2 4 119
1 17 2 7 3 5 98
1 17 2 6 9 0 135
1 17 2 5 4 6 24
1 17 2 4 10 1 107
1 17 2 3 5 7 105
1 17 2 2 11 2 72
1 17 2 2 0 13 132
1 17 2 1 6 8 65
1 17 2 0 12 3 19
1 17 2 0 1 14 35
1 17 1 12 4 0 97
1 17 1 10 5 1 73
1 17 1 9 0 7 178
1 17 1 8 6 2 9
1 17 1 7 1 8 167
1 17 1 6 7 3 60
1 17 1 5 2 9 151
1 17 1 4 8 4 187
1 17 1 3 3 10 154
1 17 1 2 9 5 89
1 17 1 1 15 0 110
1 17 1 1 4 11 182
1 17 1 0 10 6 101
1 17 0 16 0 1 172
1 17 0 12 2 3 106
1 17 0 10 3 4 35
1 17 0 8 4 5 76
1 17 0 7 10 0 121
1 17 0 6 5 6 172
1 17 0 5 11 1 163
1 17 0 5 0 12 126
1 17 0 4 6 7 107
1 17 0 3 12 2 176
1 17 0 3 1 13 64
1 17 0 2 7 8 181
1 17 0 1 13 3 100
1 17 0 1 2 14 144
1 17 0 0 8 9 15
1 16 17 0 0 1 67
1 16 15 3 0 0 12
1 16 15 1 1 1 82
1 16 13 4 1 0 74
1 16 13 2 2 1 54
1 16 13 0 3 2 94
1 16 12 2 0 4 144
1 16 12 0 1 5 18
1 16 11 5 2 0 30
1 16 11 3 3 1 65
1 16 11 1 4 2 35
1 16 10 5 0 3 55
1 16 10 3 1 4 15
1 16 10 1 2 5 131
1 16 10 0 8 0 38
1 16 9 6 3 0 134
1 16 9 4 4 1 145
1 16 9 2 5 2 89
1 16 9 1 0 8 105
1 16 9 0 6 3 84
1 16 8 8 0 2 121
1 16 8 6 1 3 139
1 16 8 4 2 4 28
1 16 8 2 3 5 179
1 16 8 1 9 0 152
1 16 8 0 4 6 30
1 16 7 7 4 0 168
1 16 7 5 5 1 71
1 16 7 4 0 7 103
1 16 7 3 6 2 27
1 16 7 2 1 8 157
1 16 7 1 7 3 125
1 16 7 0 2 9 165
1 16 6 11 0 1 157
1 16 6 9 1 2 77
1 16 6 5 3 4 52
1 16 6 3 4 5 160
1 16 6 2 10 0 103
1 16 6 1 5 6 41
1 16 6 0 11 1 190
1 16 6 0 0 12 23
1 16 5 8 5 0 37
1 16 5 7 0 6 185
1 16 5 6 6 1 25
1 16 5 5 1 7 169
1 16 5 4 7 2 39
1 16 5 3 2 8 120
1 16 5 2 8 3 182
1 16 5 1 3 9 16
1 16 5 0 9 4 181
1 16 4 14 0 0 182
1 16 4 12 1 1 173
1 16 4 10 2 2 188
1 16 4 8 3 3 113
1 16 4 6 4 4 52
1 16 4 4 5 5 36
1 16 4 3 11 0 147
1 16 4 3 0 11 79
1 16 4 2 6 6 39
1 16 4 1 12 1 46
1 16 4 1 1 12 79
1 16 4 0 7 7 27
1 16 3 10 0 5 119
1 16 3 9 6 0 126
1 16 3 8 1 6 146
1 16 3 7 7 1 68
1 16 3 6 2 7 89
1 16 3 5 8 2 23
1 16 3 4 3 8 168
1 16 3 3 9 3 175
1 16 3 2 4 9 97
1 16 3 1 10 4 9
1 16 3 0 5 10 185
1 16 2 15 1 0 6
1 16 2 13 2 1 196
1 16 2 11 3 2 171
1 16 2 9 4 3 66
1 16 2 7 5 4 152
1 16 2 6 0 10 164
1 16 2 5 6 5 1
1 16 2 4 12 0 144
1 16 2 4 1 11 150
1 16 2 3 7 6 164
1 16 2 2 13 1 147
1 16 2 2 2 12 20
1 16 2 1 8 7 98
1 16 2 0 14 2 32
1 16 2 0 3 13 198
1 16 1 13 0 4 68
1 16 1 11 1 5 135
1 16 1 10 7 0 74
1 16 1 9 2 6 119
1 16 1 8 8 1 175
1 16 1 7 3 7 182
1 16 1 6 9 2 162
1 16 1 5 4 8 64
1 16 1 4 10 3 42
1 16 1 3 5 9 186
1 16 1 2 11 4 147
1 16 1 2 0 15 165
1 16 1 1 6 10 84
1 16 1 0 12 5 169
1 16 1 0 1 16 57
1 16 0 16 2 0 177
1 16 0 14 3 1 5
1 16 0 12 4 2 28
1 16 0 10 5 3 101
1 16 0 9 0 9 57
1 16 0 8 6 4 195
1 16 0 7 1 10 17
1 16 0 6 7 5 157
1 16 0 5 13 0 67
1 16 0 5 2 11 126
1 16 0 4 8 6 107
1 16 0 3 14 1 69
1 16 0 3 3 12 195
1 16 0 2 9 7 177
1 16 0 1 15 2 149
1 16 0 1 4 13 74
1 16 0 0 10 8 109
1 15 17 0 2 0 78
1 15 16 0 0 3 102
1 15 15 1 3 0 46
1 15 14 3 0 2 149
1 15 14 1 1 3 148
1 15 13 2 4 0 186
1 15 13 0 5 1 29
1 15 12 6 0 1 40
1 15 12 4 1 2 101
1 15 12 2 2 3 66
1 15 12 0 3 4 196
1 15 11 3 5 0 33
1 15 11 2 0 6 1
1 15 11 1 6 1 189
1 15 11 0 1 7 154
1 15 10 9 0 0 132
1 15 10 7 1 1 64
1 15 10 5 2 2 59
1 15 10 3 3 3 196
1 15 10 1 4 4 192
1 15 9 5 0 5 4
1 15 9 4 6 0 43
1 15 9 3 1 6 108
1 15 9 2 7 1 9
1 15 9 1 2 7 1
1 15 9 0 8 2 119
1 15 8 10 1 0 27
1 15 8 8 2 1 167
1 15 8 6 3 2 3
1 15 8 4 4 3 143
1 15 8 2 5 4 36
1 15 8 1 0 10 139
1 15 8 0 6 5 88
1 15 7 8 0 4 11
1 15 7 6 1 5 122
1 15 7 5 7 0 111
1 15 7 4 2 6 177
1 15 7 3 8 1 100
1 15 7 2 3 7 7
1 15 7 1 9 2 147
1 15 7 0 4 8 12
1 15 6 11 2 0 95
1 15 6 9 3 1 53
1 15 6 7 4 2 110
1 15 6 5 5 3 6
1 15 6 4 0 9 40
1 15 6 3 6 4 187
1 15 6 2 1 10 78
1 15 6 1 7 5 50
1 15 6 0 13 0 181
1 15 6 0 2 11 80
1 15 5 11 0 3 48
1 15 5 9 1 4 169
1 15 5 7 2 5 107
1 15 5 6 8 0 53
1 15 5 5 3 6 142
1 15 5 4 9 1 187
1 15 5 3 4 7 46
1 15 5 2 10 2 190
1 15 5 1 5 8 130
1 15 5 0 11 3 16
1 15 5 0 0 14 150
1 15 4 12 3 0 109
1 15 4 10 4 1 169
1 15 4 8 5 2 149
1 15 4 7 0 8 77
1 15 4 6 6 3 130
1 15 4 5 1 9 95
1 15 4 4 7 4 127
1 15 4 3 2 10 39
1 15 4 2 8 5 166
1 15 4 1 14 0 34
1 15 4 1 3 11 164
1 15 4 0 9 6 35
1 15 3 14 0 2 65
1 15 3 12 1 3 197
1 15 3 10 2 4 85
1 15 3 8 3 5 50
1 15 3 6 4 6 187
1 15 3 5 10 1 46
1 15 3 4 5 7 8
1 15 3 3 11 2 120
1 15 3 3 0 13 4
1 15 3 2 6 8 95
1 15 3 1 12 3 195
1 15 3 1 1 14 106
1 15 3 0 7 9 43
1 15 2 13 4 0 72
1 15 2 11 5 1 94
1 15 2 10 0 7 70
1 15 2 9 6 2 33
1 15 2 8 1 8 81
1 15 2 7 7 3 37
1 15 2 6 2 9 3
1 15 2 5 8 4 119
1 15 2 4 3 10 100
1 15 2 3 9 5 193
1 15 2 2 15 0 67
1 15 2 2 4 11 68
1 15 2 1 10 6 153
1 15 2 0 16 1 145
1 15 2 0 5 12 153
1 15 1 17 0 1 108
1 15 1 15 1 2 128
1 15 1 13 2 3 171
1 15 1 11 3 4 92
1 15 1 9 4 5 114
1 15 1 8 10 0 51
1 15 1 7 5 6 47
1 15 1 6 11 1 100
1 15 1 6 0 12 179
1 15 1 5 6 7 163
1 15 1 4 12 2 140
1 15 1 4 1 13 150
1 15 1 3 7 8 101
1 15 1 2 13 3 5
1 15 1 2 2 14 112
1 15 1 1 8 9 16
1 15 1 0 14 4 25
1 15 1 0 3 15 47
1 15 0 14 5 0 91
1 15 0 13 0 6 132
1 15 0 12 6 1 158
1 15 0 11 1 7 105
1 15 0 10 7 2 14
1 15 0 9 2 8 72
1 15 0 8 8 3 116
1 15 0 7 3 9 100
1 15 0 6 9 4 132
1 15 0 5 4 10 155
1 15 0 4 10 5 49
1 15 0 3 16 0 1
1 15 0 3 5 11 77
1 15 0 2 11 6 49
1 15 0 2 0 17 170
1 15 0 1 17 1 127
1 15 0 1 6 12 27
1 15 0 0 12 7 151
1 15 0 0 1 18 121
1 14 18 1 0 1 180
1 14 16 4 0 0 27
1 14 16 2 1 1 168
1 14 16 0 2 2 95
1 14 15 0 0 5 141
1 14 14 5 1 0 58
1 14 14 3 2 1 172
1 14 14 1 3 2 35
1 14 13 3 0 4 110
1 14 13 1 1 5 190
1 14 13 0 7 0 115
1 14 12 6 2 0 185
1 14 12 4 3 1 182
1 14 12 2 4 2 173
1 14 12 0 5 3 72
1 14 11 6 0 3 26
1 14 11 4 1 4 177
1 14 11 2 2 5 3
1 14 11 1 8 0 31
1 14 11 0 3 6 94
1 14 10 7 3 0 83
1 14 10 5 4 1 150
1 14 10 3 5 2 136
1 14 10 2 0 8 69
1 14 10 1 6 3 99
1 14 10 0 1 9 139
1 14 9 9 0 2 48
1 14 9 7 1 3 94
1 14 9 5 2 4 126
1 14 9 3 3 5 67
1 14 9 2 9 0 160
1 14 9 1 4 6 43
1 14 9 0 10 1 188
1 14 8 8 4 0 2
1 14 8 6 5 1 33
1 14 8 5 0 7 115
1 14 8 4 6 2 8
1 14 8 3 1 8 93
1 14 8 2 7 3 5
1 14 8 1 2 9 130
1 14 8 0 8 4 195
1 14 7 12 0 1 9
1 14 7 10 1 2 71
1 14 7 8 2 3 88
1 14 7 6 3 4 183
1 14 7 4 4 5 62
1 14 7 3 10 0 111
1 14 7 2 5 6 99
1 14 7 1 11 1 46
1 14 7 1 0 12 147
1 14 7 0 6 7 99
1 14 6 9 5 0 42
1 14 6 8 0 6 93
1 14 6 7 6 1 147
1 14 6 6 1 7 2
1 14 6 5 7 2 1
1 14 6 4 2 8 90
1 14 6 3 8 3 100
1 14 6 2 3 9 111
1 14 6 1 9 4 16
1 14 6 0 4 10 115
1 14 5 15 0 0 188
1 14 5 13 1 1 90
1 14 5 11 2 2 2
1 14 5 9 3 3 117
1 14 5 7 4 4 71
1 14 5 5 5 5 9
1 14 5 4 11 0 171
1 14 5 4 0 11 12
1 14 5 3 6 6 51
1 14 5 2 12 1 158
1 14 5 2 1 12 188
1 14 5 1 7 7 183
1 14 5 0 13 2 49
1 14 5 0 2 13 160
1 14 4 11 0 5 73
1 14 4 10 6 0 178
1 14 4 9 1 6 65
1 14 4 8 7 1 154
1 14 4 7 2 7 28
1 14 4 6 8 2 49
1 14 4 5 3 8 78
1 14 4 4 9 3 170
1 14 4 3 4 9 120
1 14 4 2 10 4 22
1 14 4 1 5 10 167
1 14 4 0 11 5 106
1 14 4 0 0 16 35
1 14 3 16 1 0 107
1 14 3 14 2 1 13
1 14 3 12 3 2 86
1 14 3 10 4 3 175
1 14 3 8 5 4 196
1 14 3 7 0 10 83
1 14 3 6 6 5 67
1 14 3 5 12 0 68
1 14 3 5 1 11 37
1 14 3 4 7 6 61
1 14 3 3 13 1 87
1 14 3 3 2 12 85
1 14 3 2 8 7 61
1 14 3 1 14 2 17
1 14 3 1 3 13 97
1 14 3 0 9 8 179
1 14 2 14 0 4 62
1 14 2 12 1 5 190
1 14 2 11 7 0 183
1 14 2 10 2 6 45
1 14 2 9 8 1 156
1 14 2 8 3 7 55
1 14 2 7 9 2 9
1 14 2 6 4 8 54
1 14 2 5 10 3 23
1 14 2 4 5 9 109
1 14 2 3 11 4 126
1 14 2 3 0 15 37
1 14 2 2 6 10 120
1 14 2 1 12 5 108
1 14 2 1 1 16 110
1 14 2 0 18 0 84
1 14 2 0 7 11 51
1 14 1 17 2 0 154
1 14 1 15 3 1 130
1 14 1 13 4 2 79
1 14 1 11 5 3 173
1 14 1 10 0 9 15
1 14 1 9 6 4 180
1 14 1 8 1 10 95
1 14 1 7 7 5 26
1 14 1 6 13 0 48
1 14 1 6 2 11 43
1 14 1 5 8 6 79
1 14 1 4 14 1 152
1 14 1 4 3 12 111
1 14 1 3 9 7 183
1 14 1 2 15 2 72
1 14 1 2 4 13 195
1 14 1 1 10 8 121
1 14 1 0 16 3 6
1 14 1 0 5 14 113
1 14 0 17 0 3 77
1 14 0 15 1 4 175
1 14 0 13 2 5 97
1 14 0 12 8 0 44
1 14 0 11 3 6 163
1 14 0 10 9 1 112
1 14 0 9 4 7 115
1 14 0 8 10 2 1
1 14 0 7 5 8 164
1 14 0 6 11 3 71
1 14 0 6 0 14 149
1 14 0 5 6 9 139
1 14 0 4 12 4 176
1 14 0 4 1 15 20
1 14 0 3 7 10 169
1 14 0 2 13 5 139
1 14 0 2 2 16 94
1 14 0 1 19 0 142
1 14 0 1 8 11 129
1 14 0 0 14 6 131
1 14 0 0 3 17 19
1 13 20 0 1 0 21
1 13 18 1 2 0 148
1 13 17 1 0 3 152
1 13 16 2 3 0 82
1 13 16 0 4 1 84
1 13 15 4 0 2 155
1 13 15 2 1 3 86
1 13 15 0 2 4 130
1 13 14 3 4 0 193
1 13 14 1 5 1 76
1 13 14 0 0 7 138
1 13 13 7 0 1 145
1 13 13 5 1 2 127
1 13 13 3 2 3 172
1 13 13 1 3 4 58
1 13 12 4 5 0 17
1 13 12 3 0 6 25
1 13 12 2 6 1 112
1 13 12 1 1 7 166
1 13 12 0 7 2 115
1 13 11 10 0 0 112
1 13 11 8 1 1 24
1 13 11 6 2 2 109
1 13 11 4 3 3 38
1 13 11 2 4 4 48
1 13 11 0 5 5 145
1 13 10 6 0 5 145
1 13 10 5 6 0 28
1 13 10 4 1 6 99
1 13 10 3 7 1 39
1 13 10 2 2 7 188
1 13 10 1 8 2 135
1 13 10 0 3 8 178
1 13 9 11 1 0 64
1 13 9 9 2 1 193
1 13 9 7 3 2 128
1 13 9 5 4 3 48
1 13 9 3 5 4 101
1 13 9 2 0 10 89
1 13 9 1 6 5 42
1 13 9 0 12 0 186
1 13 9 0 1 11 105
1 13 8 9 0 4 142
1 13 8 7 1 5 1
1 13 8 6 7 0 156
1 13 8 5 2 6 151
1 13 8 4 8 1 20
1 13 8 3 3 7 37
1 13 8 2 9 2 173
1 13 8 1 4 8 186
1 13 8 0 10 3 45
1 13 7 12 2 0 37
1 13 7 10 3 1 128
1 13 7 8 4 2 168
1 13 7 6 5 3 13
1 13 7 5 0 9 156
1 13 7 4 6 4 63
1 13 7 3 1 10 107
1 13 7 2 7 5 10
1 13 7 1 13 0 137
1 13 7 1 2 11 39
1 13 7 0 8 6 39
1 13 6 12 0 3 114
1 13 6 10 1 4 110
1 13 6 8 2 5 102
1 13 6 7 8 0 61
1 13 6 6 3 6 152
1 13 6 5 9 1 186
1 13 6 4 4 7 78
1 13 6 3 10 2 118
1 13 6 2 5 8 191
1 13 6 1 11 3 130
1 13 6 1 0 14 54
1 13 6 0 6 9 145
1 13 5 13 3 0 13
1 13 5 11 4 1 131
1 13 5 9 5 2 165
1 13 5 8 0 8 25
1 13 5 7 6 3 66
1 13 5 6 1 9 50
1 13 5 5 7 4 105
1 13 5 4 2 10 100
1 13 5 3 8 5 33
1 13 5 2 14 0 35
1 13 5 2 3 11 64
1 13 5 1 9 6 62
1 13 5 0 15 1 82
1 13 5 0 4 12 196
1 13 4 15 0 2 126
1 13 4 13 1 3 86
1 13 4 11 2 4 162
1 13 4 9 3 5 3
1 13 4 8 9 0 82
1 13 4 7 4 6 61
1 13 4 6 10 1 89
1 13 4 5 5 7 53
1 13 4 4 11 2 168
1 13 4 4 0 13 131
1 13 4 3 6 8 145
1 13 4 2 12 3 80
1 13 4 2 1 14 40
1 13 4 1 7 9 87
1 13 4 0 13 4 179
1 13 4 0 2 15 135
1 13 3 14 4 0 105
1 13 3 12 5 1 2
1 13 3 11 0 7 60
1 13 3 10 6 2 100
1 13 3 9 1 8 4
1 13 3 8 7 3 51
1 13 3 7 2 9 130
1 13 3 6 8 4 12
1 13 3 5 3 10 56
1 13 3 4 9 5 106
1 13 3 3 15 0 53
1 13 3 3 4 11 161
1 13 3 2 10 6 198
1 13 3 1 16 1 170
1 13 3 1 5 12 86
1 13 3 0 11 7 63
1 13 3 0 0 18 148
1 13 2 18 0 1 37
1 13 2 16 1 2 131
1 13 2 14 2 3 74
1 13 2 12 3 4 155
1 13 2 10 4 5 150
1 13 2 9 10 0 70
1 13 2 8 5 6 189
1 13 2 7 11 1 165
1 13 2 7 0 12 32
1 13 2 6 6 7 41
1 13 2 5 12 2 198
1 13 2 5 1 13 156
1 13 2 4 7 8 169
1 13 2 3 13 3 186
1 13 2 3 2 14 2
1 13 2 2 8 9 99
1 13 2 1 14 4 9
1 13 2 1 3 15 144
1 13 2 0 9 10 91
1 13 1 15 5 0 39
1 13 1 14 0 6 103
1 13 1 13 6 1 189
1 13 1 12 1 7 141
1 13 1 11 7 2 5
1 13 1 10 2 8 143
1 13 1 9 8 3 130
1 13 1 8 3 9 145
1 13 1 7 9 4 103
1 13 1 6 4 10 136
1 13 1 5 10 5 148
1 13 1 4 16 0 38
1 13 1 4 5 11 116
1 13 1 3 11 6 41
1 13 1 3 0 17 38
1 13 1 2 17 1 176
1 13 1 2 6 12 7
1 13 1 1 12 7 36
1 13 1 1 1 18 78
1 13 1 0 18 2 42
1 13 1 0 7 13 66
1 13 0 21 0 0 65
1 13 0 19 1 1 48
1 13 0 17 2 2 92
1 13 0 15 3 3 138
1 13 0 13 4 4 100
1 13 0 11 5 5 134
1 13 0 10 11 0 58
1 13 0 10 0 11 70
1 13 0 9 6 6 163
1 13 0 8 12 1 148
1 13 0 8 1 12 73
1 13 0 7 7 7 23
1 13 0 6 13 2 193
1 13 0 6 2 13 123
1 13 0 5 8 8 132
1 13 0 4 14 3 193
1 13 0 4 3 14 126
1 13 0 3 9 9 154
1 13 0 2 15 4 172
1 13 0 2 4 15 164
1 13 0 1 10 10 23
1 13 0 0 16 5 65
1 13 0 0 5 16 24
1 12 19 2 0 1 39
1 12 19 0 1 2 170
1 12 17 5 0 0 188
1 12 17 3 1 1 94
1 12 17 1 2 2 102
1 12 16 1 0 5 16
1 12 16 0 6 0 166
1 12 15 6 1 0 1
1 12 15 4 2 1 6
1 12 15 2 3 2 193
1 12 15 0 4 3 141
1 12 14 4 0 4 196
1 12 14 2 1 5 28
1 12 14 1 7 0 163
1 12 14 0 2 6 73
1 12 13 7 2 0 63
1 12 13 5 3 1 182
1 12 13 3 4 2 77
1 12 13 1 5 3 7
1 12 13 0 0 9 56
1 12 12 7 0 3 105
1 12 12 5 1 4 99
1 12 12 3 2 5 171
1 12 12 2 8 0 196
1 12 12 1 3 6 132
1 12 12 0 9 1 13
1 12 11 8 3 0 120
1 12 11 6 4 1 28
1 12 11 4 5 2 108
1 12 11 3 0 8 94
1 12 11 2 6 3 10
1 12 11 1 1 9 125
1 12 11 0 7 4 153
1 12 10 10 0 2 50
1 12 10 8 1 3 160
1 12 10 6 2 4 2
1 12 10 4 3 5 145
1 12 10 3 9 0 182
1 12 10 2 4 6 8
1 12 10 1 10 1 74
1 12 9 9 4 0 37
1 12 9 7 5 1 180
1 12 9 6 0 7 47
1 12 9 5 6 2 124
1 12 9 4 1 8 19
1 12 9 3 7 3 153
1 12 9 2 2 9 1
1 12 9 1 8 4 190
1 12 9 0 3 10 179
1 12 8 13 0 1 168
1 12 8 11 1 2 130
1 12 8 9 2 3 95
1 12 8 7 3 4 60
1 12 8 5 4 5 76
1 12 8 4 10 0 17
1 12 8 3 5 6 58
1 12 8 2 11 1 122
1 12 8 2 0 12 85
1 12 8 1 6 7 21
1 12 8 0 12 2 180
1 12 8 0 1 13 4
1 12 7 10 5 0 81
1 12 7 9 0 6 137
1 12 7 8 6 1 26
1 12 7 7 1 7 69
1 12 7 6 7 2 60
1 12 7 5 2 8 32
1 12 7 4 8 3 165
1 12 7 3 3 9 71
1 12 7 2 9 4 170
1 12 7 1 4 10 176
1 12 7 0 10 5 149
1 12 6 16 0 0 44
1 12 6 14 1 1 113
1 12 6 12 2 2 135
1 12 6 10 3 3 93
1 12 6 8 4 4 125
1 12 6 6 5 5 104
1 12 6 5 11 0 83
1 12 6 5 0 11 129
1 12 6 4 6 6 178
1 12 6 3 12 1 143
1 12 6 3 1 12 139
1 12 6 2 7 7 118
1 12 6 1 13 2 78
1 12 6 1 2 13 90
1 12 6 0 8 8 52
1 12 5 12 0 5 16
1 12 5 11 6 0 172
1 12 5 10 1 6 89
1 12 5 9 7 1 53
1 12 5 8 2 7 91
1 12 5 7 8 2 79
1 12 5 6 3 8 16
1 12 5 5 9 3 192
1 12 5 4 4 9 195
1 12 5 3 10 4 187
1 12 5 2 5 10 54
1 12 5 1 11 5 106
1 12 5 1 0 16 82
1 12 5 0 17 0 41
1 12 5 0 6 11 9
1 12 4 17 1 0 172
1 12 4 15 2 1 139
1 12 4 13 3 2 99
1 12 4 11 4 3 65
1 12 4 9 5 4 165
1 12 4 8 0 10 56
1 12 4 7 6 5 46
1 12 4 6 12 0 62
1 12 4 6 1 11 86
1 12 4 5 7 6 185
1 12 4 4 13 1 15
1 12 4 4 2 12 151
1 12 4 3 8 7 75
1 12 4 2 14 2 141
1 12 4 2 3 13 77
1 12 4 1 9 8 94
1 12 4 0 15 3 13
1 12 4 0 4 14 116
1 12 3 15 0 4 60
1 12 3 13 1 5 189
1 12 3 12 7 0 20
1 12 3 11 2 6 83
1 12 3 10 8 1 178
1 12 3 9 3 7 142
1 12 3 8 9 2 22
1 12 3 7 4 8 150
1 12 3 6 10 3 153
1 12 3 5 5 9 157
1 12 3 4 11 4 102
1 12 3 4 0 15 127
1 12 3 3 6 10 108
1 12 3 2 12 5 108
1 12 3 2 1 16 184
1 12 3 1 18 0 147
1 12 3 1 7 11 132
1 12 3 0 13 6 183
1 12 3 0 2 17 73
1 12 2 18 2 0 140
1 12 2 16 3 1 85
1 12 2 14 4 2 115
1 12 2 12 5 3 87
1 12 2 11 0 9 20
1 12 2 10 6 4 123
1 12 2 9 1 10 48
1 12 2 8 7 5 194
1 12 2 7 13 0 44
1 12 2 7 2 11 71
1 12 2 6 8 6 40
1 12 2 5 14 1 142
1 12 2 5 3 12 48
1 12 2 4 9 7 28
1 12 2 3 15 2 37
1 12 2 3 4 13 41
1 12 2 2 10 8 72
1 12 2 1 16 3 50
1 12 2 1 5 14 47
1 12 2 0 11 9 136
1 12 2 0 0 20 66
1 12 1 18 0 3 141
1 12 1 16 1 4 62
1 12 1 14 2 5 58
1 12 1 13 8 0 94
1 12 1 12 3 6 197
1 12 1 11 9 1 60
1 12 1 10 4 7 39
1 12 1 9 10 2 130
1 12 1 8 5 8 143
1 12 1 7 11 3 79
1 12 1 7 0 14 29
1 12 1 6 6 9 182
1 12 1 5 12 4 56
1 12 1 5 1 15 81
1 12 1 4 7 10 94
1 12 1 3 13 5 56
1 12 1 3 2 16 8
1 12 1 2 19 0 197
1 12 1 2 8 11 15
1 12 1 1 14 6 121
1 12 1 1 3 17 154
1 12 1 0 20 1 54
1 12 1 0 9 12 156
1 12 0 19 3 0 17
1 12 0 17 4 1 129
1 12 0 15 5 2 59
1 12 0 14 0 8 21
1 12 0 13 6 3 126
1 12 0 12 1 9 177
1 12 0 11 7 4 110
1 12 0 10 2 10 50
1 12 0 9 8 5 39
1 12 0 8 14 0 38
1 12 0 8 3 11 46
1 12 0 7 9 6 35
1 12 0 6 15 1 50
1 12 0 6 4 12 116
1 12 0 5 10 7 10
1 12 0 4 16 2 16
1 12 0 4 5 13 98
1 12 0 3 11 8 14
1 12 0 3 0 19 32
1 12 0 2 17 3 133
1 12 0 2 6 14 184
1 12 0 1 12 9 53
1 12 0 1 1 20 159
1 12 0 0 18 4 184
1 12 0 0 7 15 139
1 11 23 0 0 0 69
1 11 21 1 1 0 114
1 11 19 2 2 0 114
1 11 19 0 3 1 147
1 11 18 2 0 3 183
1 11 18 0 1 4 20
1 11 17 3 3 0 87
1 11 17 1 4 1 165
1 11 16 5 0 2 70
1 11 16 3 1 3 167
1 11 16 1 2 4 46
1 11 15 4 4 0 118
1 11 15 2 5 1 198
1 11 15 1 0 7 50
1 11 15 0 6 2 125
1 11 14 8 0 1 164
1 11 14 6 1 2 85
1 11 14 4 2 3 150
1 11 14 2 3 4 141
1 11 14 0 4 5 90
1 11 13 5 5 0 31
1 11 13 4 0 6 55
1 11 13 3 6 1 194
1 11 13 2 1 7 14
1 11 13 1 7 2 101
1 11 13 0 2 8 45
1 11 12 11 0 0 104
1 11 12 9 1 1 163
1 11 12 7 2 2 184
1 11 12 5 3 3 160
1 11 12 3 4 4 84
1 11 12 1 5 5 102
1 11 12 0 11 0 186
1 11 12 0 0 11 90
1 11 11 7 0 5 43
1 11 11 6 6 0 125
1 11 11 5 1 6 100
1 11 11 4 7 1 76
1 11 11 3 2 7 36
1 11 11 2 8 2 84
1 11 11 1 3 8 97
1 11 11 0 9 3 17
1 11 10 12 1 0 124
1 11 10 10 2 1 106
1 11 10 8 3 2 184
1 11 10 6 4 3 108
1 11 10 4 5 4 33
1 11 10 3 0 10 184
1 11 10 2 6 5 46
1 11 10 1 12 0 93
1 11 10 1 1 11 118
1 11 10 0 7 6 163
1 11 9 10 0 4 127
1 11 9 8 1 5 143
1 11 9 7 7 0 79
1 11 9 6 2 6 10
1 11 9 5 8 1 76
1 11 9 4 3 7 65
1 11 9 3 9 2 165
1 11 9 2 4 8 105
1 11 9 1 10 3 162
1 11 9 0 5 9 141
1 11 8 13 2 0 119
1 11 8 11 3 1 82
1 11 8 9 4 2 49
1 11 8 7 5 3 86
1 11 8 6 0 9 178
1 11 8 5 6 4 182
1 11 8 4 1 10 155
1 11 8 3 7 5 104
1 11 8 2 13 0 27
1 11 8 2 2 11 195
1 11 8 1 8 6 131
1 11 8 0 14 1 114
1 11 8 0 3 12 68
1 11 7 13 0 3 118
1 11 7 11 1 4 187
1 11 7 9 2 5 86
1 11 7 8 8 0 80
1 11 7 7 3 6 31
1 11 7 6 9 1 18
1 11 7 5 4 7 148
1 11 7 4 10 2 29
1 11 7 3 5 8 128
1 11 7 2 11 3 63
1 11 7 2 0 14 61
1 11 7 1 6 9 80
1 11 7 0 12 4 183
1 11 7 0 1 15 38
1 11 6 14 3 0 33
1 11 6 12 4 1 114
1 11 6 10 5 2 143
1 11 6 9 0 8 3
1 11 6 7 1 9 144
1 11 6 6 7 4 195
1 11 6 5 2 10 195
1 11 6 4 8 5 12
1 11 6 3 14 0 35
1 11 6 3 3 11 78
1 11 6 2 9 6 173
1 11 6 1 15 1 55
1 11 6 1 4 12 4
1 11 6 0 10 7 79
1 11 5 16 0 2 109
1 11 5 14 1 3 184
1 11 5 12 2 4 96
1 11 5 10 3 5 53
1 11 5 9 9 0 192
1 11 5 8 4 6 10
1 11 5 7 10 1 43
1 11 5 6 5 7 6
1 11 5 5 11 2 137
1 11 5 5 0 13 82
1 11 5 4 6 8 49
1 11 5 3 12 3 171
1 11 5 3 1 14 182
1 11 5 2 7 9 181
1 11 5 1 13 4 158
1 11 5 1 2 15 121
1 11 5 0 8 10 187
1 11 4 15 4 0 79
1 11 4 13 5 1 95
1 11 4 12 0 7 121
1 11 4 11 6 2 65
1 11 4 10 1 8 147
1 11 4 9 7 3 76
1 11 4 8 2 9 70
1 11 4 7 8 4 137
1 11 4 6 3 10 54
1 11 4 5 9 5 139
1 11 4 4 15 0 120
1 11 4 4 4 11 168
1 11 4 3 10 6 83
1 11 4 2 16 1 189
1 11 4 2 5 12 112
1 11 4 1 11 7 77
1 11 4 1 0 18 166
1 11 4 0 17 2 146
1 11 4 0 6 13 141
1 11 3 19 0 1 180
1 11 3 17 1 2 152
1 11 3 15 2 3 64
1 11 3 13 3 4 157
1 11 3 11 4 5 141
1 11 3 10 10 0 159
1 11 3 9 5 6 46
1 11 3 8 11 1 79
1 11 3 8 0 12 66
1 11 3 7 6 7 120
1 11 3 6 12 2 39
1 11 3 6 1 13 12
1 11 3 5 7 8 36
1 11 3 4 13 3 76
1 11 3 4 2 14 38
1 11 3 3 8 9 136
1 11 3 2 14 4 159
1 11 3 2 3 15 131
1 11 3 1 9 10 73
1 11 3 0 15 5 115
1 11 3 0 4 16 15
1 11 2 16 5 0 10
1 11 2 15 0 6 157
1 11 2 14 6 1 43
1 11 2 13 1 7 152
1 11 2 12 7 2 145
1 11 2 11 2 8 122
1 11 2 10 8 3 183
1 11 2 9 3 9 130
1 11 2 8 9 4 114
1 11 2 7 4 10 69
1 11 2 6 10 5 182
1 11 2 5 16 0 101
1 11 2 5 5 11 181
1 11 2 4 11 6 197
1 11 2 4 0 17 161
1 11 2 3 17 1 29
1 11 2 3 6 12 93
1 11 2 2 12 7 30
1 11 2 2 1 18 195
1 11 2 1 18 2 183
1 11 2 1 7 13 141
1 11 2 0 13 8 14
1 11 2 0 2 19 83
1 11 1 22 0 0 198
1 11 1 20 1 1 15
1 11 1 18 2 2 21
1 11 1 16 3 3 35
1 11 1 14 4 4 141
1 11 1 12 5 5 82
1 11 1 11 11 0 136
1 11 1 11 0 11 131
1 11 1 10 6 6 44
1 11 1 9 12 1 17
1 11 1 9 1 12 129
1 11 1 8 7 7 27
1 11 1 7 13 2 102
1 11 1 7 2 13 143
1 11 1 6 8 8 20
1 11 1 5 14 3 188
1 11 1 5 3 14 33
1 11 1 4 9 9 46
1 11 1 3 15 4 19
1 11 1 3 4 15 192
1 11 1 2 10 10 188
1 11 1 1 16 5 89
1 11 1 1 5 16 62
1 11 1 0 22 0 12
1 11 1 0 11 11 191
1 11 1 0 0 22 89
1 11 0 18 0 5 121
1 11 0 17 6 0 46
1 11 0 16 1 6 17
1 11 0 15 7 1 83
1 11 0 14 2 7 153
1 11 0 13 8 2 56
1 11 0 12 3 8 7
1 11 0 11 9 3 175
1 11 0 10 4 9 178
1 11 0 9 10 4 191
1 11 0 8 5 10 106
1 11 0 7 11 5 97
1 11 0 7 0 16 98
1 11 0 6 17 0 12
1 11 0 6 6 11 54
1 11 0 5 12 6 120
1 11 0 5 1 17 54
1 11 0 4 18 1 80
1 11 0 4 7 12 154
1 11 0 3 13 7 118
1 11 0 3 2 18 150
1 11 0 2 19 2 43
1 11 0 2 8 13 19
1 11 0 1 14 8 161
1 11 0 1 3 19 191
1 11 0 0 20 3 129
1 11 0 0 9 14 160
1 10 22 0 0 2 168
1 10 20 3 0 1 45
1 10 20 1 1 2 35
1 10 19 0 5 0 28
1 10 18 6 0 0 23
1 10 18 4 1 1 112
1 10 18 2 2 2 37
1 10 18 0 3 3 58
1 10 17 2 0 5 32
1 10 17 1 6 0 108
1 10 17 0 1 6 5
1 10 16 7 1 0 156
1 10 16 5 2 1 65
1 10 16 3 3 2 110
1 10 16 1 4 3 48
1 10 15 5 0 4 161
1 10 15 3 1 5 23
1 10 15 2 7 0 5
1 10 15 1 2 6 59
1 10 15 0 8 1 132
1 10 14 8 2 0 196
1 10 14 6 3 1 65
1 10 14 4 4 2 111
1 10 14 2 5 3 46
1 10 14 1 0 9 172
1 10 14 0 6 4 114
1 10 13 8 0 3 115
1 10 13 6 1 4 172
1 10 13 4 2 5 107
1 10 13 3 8 0 1
1 10 13 2 3 6 135
1 10 13 1 9 1 167
1 10 13 0 4 7 52
1 10 12 9 3 0 160
1 10 12 7 4 1 82
1 10 12 5 5 2 22
1 10 12 4 0 8 176
1 10 12 3 6 3 50
1 10 12 2 1 9 180
1 10 12 1 7 4 167
1 10 12 0 2 10 11
1 10 11 11 0 2 94
1 10 11 9 1 3 51
1 10 11 7 2 4 177
1 10 11 5 3 5 18
1 10 11 4 9 0 84
1 10 11 3 4 6 113
1 10 11 2 10 1 102
1 10 11 1 5 7 192
1 10 11 0 11 2 92
1 10 11 0 0 13 77
1 10 10 10 4 0 192
1 10 10 8 5 1 55
1 10 10 7 0 7 109
1 10 10 6 6 2 59
1 10 10 5 1 8 177
1 10 10 4 7 3 81
1 10 10 3 2 9 68
1 10 10 2 8 4 116
1 10 10 1 3 10 38
1 10 10 0 9 5 103
1 10 9 14 0 1 23
1 10 9 12 1 2 119
1 10 9 10 2 3 97
1 10 9 8 3 4 90
1 10 9 6 4 5 32
1 10 9 5 10 0 120
1 10 9 4 5 6 54
1 10 9 3 11 1 167
1 10 9 3 0 12 14
1 10 9 2 6 7 32
1 10 9 1 12 2 143
1 10 9 1 1 13 143
1 10 9 0 7 8 44
1 10 8 11 5 0 68
1 10 8 10 0 6 87
1 10 8 9 6 1 145
1 10 8 8 1 7 159
1 10 8 7 7 2 131
1 10 8 6 2 8 25
1 10 8 5 8 3 46
1 10 8 4 3 9 115
1 10 8 3 9 4 127
1 10 8 2 4 10 47
1 10 8 1 10 5 77
1 10 8 0 16 0 18
1 10 8 0 5 11 97
1 10 7 17 0 0 17
1 10 7 15 1 1 137
1 10 7 13 2 2 58
1 10 7 11 3 3 116
1 10 7 9 4 4 130
1 10 7 7 5 5 90
1 10 7 6 11 0 141
1 10 7 6 0 11 5
1 10 7 5 6 6 23
1 10 7 4 12 1 146
1 10 7 4 1 12 84
1 10 7 3 7 7 6
1 10 7 2 13 2 53
1 10 7 2 2 13 108
1 10 7 1 8 8 171
1 10 7 0 14 3 119
1 10 7 0 3 14 18
1 10 6 13 0 5 157
1 10 6 12 6 0 25
1 10 6 11 1 6 101
1 10 6 10 7 1 112
1 10 6 9 2 7 180
1 10 6 8 8 2 118
1 10 6 7 3 8 57
1 10 6 6 9 3 82
1 10 6 5 4 9 45
1 10 6 4 10 4 155
1 10 6 3 5 10 90
1 10 6 2 11 5 106
1 10 6 2 0 16 97
1 10 6 1 17 0 83
1 10 6 1 6 11 53
1 10 6 0 12 6 42
1 10 6 0 1 17 97
1 10 5 18 1 0 102
1 10 5 16 2 1 154
1 10 5 14 3 2 42
1 10 5 12 4 3 49
1 10 5 10 5 4 186
1 10 5 9 0 10 179
1 10 5 8 6 5 65
1 10 5 7 12 0 58
1 10 5 7 1 11 172
1 10 5 6 7 6 162
1 10 5 5 13 1 99
1 10 5 5 2 12 71
1 10 5 4 8 7 176
1 10 5 3 14 2 79
1 10 5 3 3 13 31
1 10 5 2 9 8 194
1 10 5 1 15 3 45
1 10 5 1 4 14 8
1 10 5 0 10 9 149
1 10 4 16 0 4 149
1 10 4 14 1 5 14
1 10 4 13 7 0 163
1 10 4 12 2 6 74
1 10 4 11 8 1 109
1 10 4 10 3 7 78
1 10 4 9 9 2 29
1 10 4 8 4 8 99
1 10 4 7 10 3 141
1 10 4 6 5 9 100
1 10 4 5 11 4 121
1 10 4 5 0 15 11
1 10 4 4 6 10 152
1 10 4 3 12 5 181
1 10 4 3 1 16 182
1 10 4 2 18 0 74
1 10 4 2 7 11 31
1 10 4 1 13 6 184
1 10 4 1 2 17 178
1 10 4 0 19 1 35
1 10 4 0 8 12 26
1 10 3 19 2 0 168
1 10 3 17 3 1 2
1 10 3 15 4 2 95
1 10 3 13 5 3 10
1 10 3 12 0 9 148
1 10 3 11 6 4 53
1 10 3 10 1 10 83
1 10 3 9 7 5 147
1 10 3 8 13 0 23
1 10 3 8 2 11 95
1 10 3 7 8 6 31
1 10 3 6 14 1 9
1 10 3 6 3 12 16
1 10 3 5 9 7 184
1 10 3 4 15 2 119
1 10 3 4 4 13 185
1 10 3 3 10 8 177
1 10 3 2 16 3 177
1 10 3 2 5 14 187
1 10 3 1 11 9 191
1 10 3 1 0 20 178
1 10 3 0 17 4 71
1 10 3 0 6 15 117
1 10 2 19 0 3 155
1 10 2 17 1 4 179
1 10 2 15 2 5 194
1 10 2 14 8 0 129
1 10 2 13 3 6 122
1 10 2 12 9 1 85
1 10 2 11 4 7 141
1 10 2 10 10 2 102
1 10 2 9 5 8 175
1 10 2 8 11 3 89
1 10 2 8 0 14 102
1 10 2 7 6 9 120
1 10 2 6 12 4 194
1 10 2 6 1 15 34
1 10 2 5 7 10 180
1 10 2 4 13 5 56
1 10 2 4 2 16 82
1 10 2 3 19 0 182
1 10 2 3 8 11 144
1 10 2 2 14 6 140
1 10 2 2 3 17 55
1 10 2 1 20 1 70
1 10 2 1 9 12 105
1 10 2 0 15 7 133
1 10 2 0 4 18 48
1 10 1 20 3 0 161
1 10 1 18 4 1 47
1 10 1 16 5 2 167
1 10 1 15 0 8 153
1 10 1 14 6 3 184
1 10 1 13 1 9 172
1 10 1 12 7 4 129
1 10 1 11 2 10 152
1 10 1 10 8 5 1
1 10 1 9 14 0 1
1 10 1 9 3 11 152
1 10 1 8 9 6 71
1 10 1 7 15 1 58
1 10 1 7 4 12 55
1 10 1 6 10 7 35
1 10 1 5 16 2 111
1 10 1 5 5 13 52
1 10 1 4 11 8 10
1 10 1 4 0 19 181
1 10 1 3 17 3 99
1 10 1 3 6 14 38
1 10 1 2 12 9 140
1 10 1 2 1 20 17
1 10 1 1 18 4 8
1 10 1 1 7 15 175
1 10 1 0 13 10 34
1 10 1 0 2 21 142
1 10 0 22 0 2 12
1 10 0 20 1 3 120
1 10 0 18 2 4 111
1 10 0 16 3 5 173
1 10 0 15 9 0 13
1 10 0 14 4 6 141
1 10 0 13 10 1 43
1 10 0 12 5 7 192
1 10 0 11 11 2 26
1 10 0 11 0 13 130
1 10 0 10 6 8 37
1 10 0 9 12 3 146
1 10 0 9 1 14 155
1 10 0 8 7 9 20
1 10 0 7 13 4 159
1 10 0 7 2 15 71
1 10 0 6 8 10 34
1 10 0 5 14 5 176
1 10 0 5 3 16 131
1 10 0 4 20 0 103
1 10 0 4 9 11 187
1 10 0 3 15 6 149
1 10 0 3 4 17 16
1 10 0 2 21 1 18
1 10 0 2 10 12 72
1 10 0 1 16 7 102
1 10 0 1 5 18 147
1 10 0 0 22 2 77
1 10 0 0 11 13 92
1 10 0 0 0 24 190
1 9 24 1 0 0 190
1 9 22 2 1 0 55
1 9 22 0 2 1 62
1 9 21 0 0 4 192
1 9 20 3 2 0 89
1 9 20 1 3 1 187
1 9 19 3 0 3 133
1 9 19 1 1 4 28
1 9 18 4 3 0 24
1 9 18 2 4 1 29
1 9 18 0 5 2 129
1 9 17 6 0 2 70
1 9 17 4 1 3 151
1 9 17 2 2 4 118
1 9 17 0 3 5 51
1 9 16 5 4 0 105
1 9 16 3 5 1 102
1 9 16 2 0 7 23
1 9 16 1 6 2 135
1 9 16 0 1 8 43
1 9 15 9 0 1 181
1 9 15 7 1 2 70
1 9 15 5 2 3 76
1 9 15 3 3 4 190
1 9 15 1 4 5 196
1 9 15 0 10 0 134
1 9 14 6 5 0 58
1 9 14 5 0 6 100
1 9 14 4 6 1 42
1 9 14 3 1 7 74
1 9 14 2 7 2 114
1 9 14 1 2 8 76
1 9 14 0 8 3 94
1 9 13 12 0 0 153
1 9 13 10 1 1 42
1 9 13 8 2 2 111
1 9 13 6 3 3 179
1 9 13 4 4 4 36
1 9 13 2 5 5 46
1 9 13 1 11 0 93
1 9 13 1 0 11 1
1 9 13 0 6 6 168
1 9 12 8 0 5 28
1 9 12 7 6 0 99
1 9 12 6 1 6 152
1 9 12 5 7 1 31
1 9 12 4 2 7 104
1 9 12 3 8 2 108
1 9 12 2 3 8 171
1 9 12 1 9 3 2
1 9 12 0 4 9 104
1 9 11 13 1 0 48
1 9 11 11 2 1 124
1 9 11 9 3 2 80
1 9 11 7 4 3 36
1 9 11 5 5 4 20
1 9 11 4 0 10 129
1 9 11 3 6 5 146
1 9 11 2 12 0 49
1 9 11 2 1 11 176
1 9 11 1 7 6 22
1 9 11 0 13 1 142
1 9 11 0 2 12 4
1 9 10 11 0 4 73
1 9 10 9 1 5 172
1 9 10 8 7 0 112
1 9 10 7 2 6 14
1 9 10 6 8 1 106
1 9 10 5 3 7 23
1 9 10 4 9 2 73
1 9 10 3 4 8 193
1 9 10 2 10 3 28
1 9 10 1 5 9 197
1 9 10 0 11 4 38
1 9 10 0 0 15 119
1 9 9 14 2 0 96
1 9 9 12 3 1 150
1 9 9 10 4 2 10
1 9 9 8 5 3 54
1 9 9 7 0 9 122
1 9 9 6 6 4 144
1 9 9 5 1 10 160
1 9 9 4 7 5 97
1 9 9 3 13 0 156
1 9 9 3 2 11 184
1 9 9 2 8 6 87
1 9 9 1 14 1 10
1 9 9 1 3 12 55
1 9 9 0 9 7 181
1 9 8 14 0 3 30
1 9 8 12 1 4 190
1 9 8 10 2 5 26
1 9 8 9 8 0 131
1 9 8 8 3 6 72
1 9 8 7 9 1 184
1 9 8 6 4 7 158
1 9 8 5 10 2 129
1 9 8 4 5 8 188
1 9 8 3 11 3 100
1 9 8 3 0 14 72
1 9 8 2 6 9 132
1 9 8 1 12 4 80
1 9 8 1 1 15 107
1 9 8 0 7 10 94
1 9 7 15 3 0 156
1 9 7 13 4 1 170
1 9 7 11 5 2 18
1 9 7 10 0 8 137
1 9 7 9 6 3 82
1 9 7 8 1 9 17
1 9 7 7 7 4 53
1 9 7 6 2 10 186
1 9 7 5 8 5 48
1 9 7 4 14 0 22
1 9 7 4 3 11 147
1 9 7 3 9 6 191
1 9 7 2 15 1 23
1 9 7 2 4 12 171
1 9 7 1 10 7 116
1 9 7 0 16 2 141
1 9 7 0 5 13 26
1 9 6 17 0 2 56
1 9 6 15 1 3 98
1 9 6 13 2 4 172
1 9 6 11 3 5 47
1 9 6 10 9 0 47
1 9 6 9 4 6 61
1 9 6 8 10 1 41
1 9 6 7 5 7 75
1 9 6 6 11 2 183
1 9 6 6 0 13 6
1 9 6 5 6 8 27
1 9 6 4 12 3 94
1 9 6 4 1 14 55
1 9 6 3 7 9 49
1 9 6 2 13 4 51
1 9 6 2 2 15 62
1 9 6 1 8 10 182
1 9 6 0 14 5 16
1 9 6 0 3 16 31
1 9 5 16 4 0 65
1 9 5 14 5 1 152
1 9 5 13 0 7 156
1 9 5 12 6 2 159
1 9 5 11 1 8 17
1 9 5 10 7 3 39
1 9 5 9 2 9 63
1 9 5 8 8 4 124
1 9 5 7 3 10 176
1 9 5 6 9 5 84
1 9 5 5 15 0 134
1 9 5 5 4 11 25
1 9 5 4 10 6 107
1 9 5 3 16 1 120
1 9 5 3 5 12 111
1 9 5 2 11 7 117
1 9 5 2 0 18 5
1 9 5 1 17 2 60
1 9 5 1 6 13 159
1 9 5 0 12 8 39
1 9 5 0 1 19 116
1 9 4 20 0 1 57
1 9 4 18 1 2 128
1 9 4 16 2 3 121
1 9 4 14 3 4 121
1 9 4 12 4 5 107
1 9 4 11 10 0 154
1 9 4 10 5 6 83
1 9 4 9 11 1 100
1 9 4 9 0 12 194
1 9 4 8 6 7 6
1 9 4 7 12 2 76
1 9 4 7 1 13 134
1 9 4 6 7 8 195
1 9 4 5 13 3 130
1 9 4 5 2 14 176
1 9 4 4 8 9 39
1 9 4 3 14 4 80
1 9 4 3 3 15 106
1 9 4 2 9 10 190
1 9 4 1 15 5 144
1 9 4 1 4 16 163
1 9 4 0 21 0 50
1 9 4 0 10 11 137
1 9 3 17 5 0 119
1 9 3 16 0 6 121
1 9 3 15 6 1 56
1 9 3 14 1 7 8
1 9 3 13 7 2 143
1 9 3 12 2 8 14
1 9 3 11 8 3 148
1 9 3 10 3 9 184
1 9 3 9 9 4 99
1 9 3 8 4 10 8
1 9 3 7 10 5 18
1 9 3 6 16 0 80
1 9 3 6 5 11 33
1 9 3 5 11 6 20
1 9 3 5 0 17 50
1 9 3 4 17 1 64
1 9 3 4 6 12 58
1 9 3 3 12 7 43
1 9 3 3 1 18 81
1 9 3 2 18 2 65
1 9 3 2 7 13 74
1 9 3 1 13 8 2
1 9 3 1 2 19 11
1 9 3 0 19 3 14
1 9 3 0 8 14 147
1 9 2 23 0 0 37
1 9 2 21 1 1 164
1 9 2 19 2 2 72
1 9 2 17 3 3 150
1 9 2 15 4 4 161
1 9 2 13 5 5 25
1 9 2 12 11 0 105
1 9 2 12 0 11 169
1 9 2 11 6 6 86
1 9 2 10 12 1 111
1 9 2 10 1 12 42
1 9 2 9 7 7 83
1 9 2 8 13 2 109
1 9 2 8 2 13 144
1 9 2 7 8 8 178
1 9 2 6 14 3 40
1 9 2 6 3 14 58
1 9 2 5 9 9 7
1 9 2 4 15 4 187
1 9 2 4 4 15 38
1 9 2 3 10 10 52
1 9 2 2 16 5 188
1 9 2 2 5 16 45
1 9 2 1 22 0 174
1 9 2 1 11 11 119
1 9 2 1 0 22 124
1 9 2 0 17 6 165
1 9 2 0 6 17 96
1 9 1 19 0 5 170
1 9 1 18 6 0 2
1 9 1 17 1 6 132
1 9 1 16 7 1 14
1 9 1 15 2 7 65
1 9 1 14 8 2 75
1 9 1 13 3 8 98
1 9 1 12 9 3 76
1 9 1 11 4 9 123
1 9 1 10 10 4 180
1 9 1 9 5 10 135
1 9 1 8 11 5 4
1 9 1 8 0 16 164
1 9 1 7 17 0 166
1 9 1 6 12 6 78
1 9 1 6 1 17 171
1 9 1 5 18 1 28
1 9 1 5 7 12 25
1 9 1 4 13 7 75
1 9 1 4 2 18 21
1 9 1 3 19 2 85
1 9 1 3 8 13 119
1 9 1 2 14 8 173
1 9 1 2 3 19 126
1 9 1 1 20 3 117
1 9 1 1 9 14 46
1 9 1 0 15 9 183
1 9 1 0 4 20 56
1 9 0 24 1 0 7
1 9 0 22 2 1 177
1 9 0 20 3 2 127
1 9 0 18 4 3 189
1 9 0 16 5 4 99
1 9 0 15 0 10 63
1 9 0 14 6 5 119
1 9 0 13 12 0 121
1 9 0 13 1 11 63
1 9 0 12 7 6 181
1 9 0 11 13 1 123
1 9 0 11 2 12 173
1 9 0 10 8 7 144
1 9 0 9 14 2 27
1 9 0 9 3 13 51
1 9 0 8 9 8 41
1 9 0 7 15 3 96
1 9 0 7 4 14 63
1 9 0 6 10 9 194
1 9 0 5 16 4 78
1 9 0 5 5 15 15
1 9 0 4 11 10 69
1 9 0 4 0 21 102
1 9 0 3 17 5 150
1 9 0 3 6 16 62
1 9 0 2 23 0 63
1 9 0 2 12 11 144
1 9 0 2 1 22 36
1 9 0 1 18 6 82
1 9 0 1 7 17 39
1 9 0 0 24 1 83
1 9 0 0 13 12 151
1 9 0 0 2 23 184
1 8 23 1 0 2 175
1 8 22 0 4 0 52
1 8 21 4 0 1 57
1 8 21 2 1 2 7
1 8 21 0 2 3 164
1 8 20 1 5 0 155
1 8 20 0 0 6 40
1 8 19 7 0 0 172
1 8 19 5 1 1 47
1 8 19 3 2 2 180
1 8 19 1 3 3 140
1 8 18 3 0 5 187
1 8 18 2 6 0 27
1 8 18 1 1 6 109
1 8 18 0 7 1 29
1 8 17 8 1 0 45
1 8 17 6 2 1 49
1 8 17 4 3 2 12
1 8 17 2 4 3 171
1 8 17 0 5 4 100
1 8 16 6 0 4 162
1 8 16 4 1 5 73
1 8 16 3 7 0 20
1 8 16 2 2 6 25
1 8 16 1 8 1 91
1 8 16 0 3 7 111
1 8 15 7 3 1 121
1 8 15 5 4 2 102
1 8 15 3 5 3 195
1 8 15 2 0 9 68
1 8 15 1 6 4 73
1 8 15 0 1 10 55
1 8 14 9 0 3 145
1 8 14 7 1 4 71
1 8 14 5 2 5 105
1 8 14 4 8 0 5
1 8 14 3 3 6 67
1 8 14 2 9 1 89
1 8 14 1 4 7 127
1 8 14 0 10 2 31
1 8 13 10 3 0 148
1 8 13 8 4 1 88
1 8 13 6 5 2 84
1 8 13 5 0 8 85
1 8 13 4 6 3 146
1 8 13 3 1 9 36
1 8 13 2 7 4 188
1 8 13 1 2 10 118
1 8 13 0 8 5 127
1 8 12 12 0 2 184
1 8 12 10 1 3 167
1 8 12 8 2 4 49
1 8 12 6 3 5 56
1 8 12 5 9 0 77
1 8 12 4 4 6 74
1 8 12 3 10 1 96
1 8 12 2 5 7 53
1 8 12 1 11 2 192
1 8 12 1 0 13 183
1 8 12 0 6 8 74
1 8 11 11 4 0 100
1 8 11 9 5 1 13
1 8 11 8 0 7 70
1 8 11 7 6 2 70
1 8 11 6 1 8 184
1 8 11 5 7 3 142
1 8 11 4 2 9 124
1 8 11 3 8 4 130
1 8 11 2 3 10 12
1 8 11 1 9 5 137
1 8 11 0 15 0 145
1 8 11 0 4 11 189
1 8 10 15 0 1 22
1 8 10 13 1 2 50
1 8 10 11 2 3 35
1 8 10 9 3 4 81
1 8 10 7 4 5 23
1 8 10 6 10 0 99
1 8 10 5 5 6 134
1 8 10 4 11 1 36
1 8 10 4 0 12 23
1 8 10 3 6 7 34
1 8 10 2 12 2 86
1 8 10 2 1 13 177
1 8 10 1 7 8 172
1 8 10 0 13 3 158
1 8 10 0 2 14 146
1 8 9 12 5 0 1
1 8 9 11 0 6 130
1 8 9 10 6 1 94
1 8 9 9 1 7 75
1 8 9 8 7 2 122
1 8 9 7 2 8 19
1 8 9 6 8 3 69
1 8 9 5 3 9 49
1 8 9 4 9 4 147
1 8 9 3 4 10 32
1 8 9 2 10 5 79
1 8 9 1 16 0 38
1 8 9 1 5 11 127
1 8 9 0 11 6 150
1 8 9 0 0 17 19
1 8 8 18 0 0 150
1 8 8 16 1 1 33
1 8 8 14 2 2 139
1 8 8 12 3 3 17
1 8 8 10 4 4 17
1 8 8 8 5 5 194
1 8 8 7 11 0 88
1 8 8 7 0 11 191
1 8 8 6 6 6 17
1 8 8 5 12 1 34
1 8 8 5 1 12 57
1 8 8 4 7 7 12
1 8 8 3 13 2 126
1 8 8 3 2 13 194
1 8 8 2 8 8 101
1 8 8 1 14 3 173
1 8 8 1 3 14 56
1 8 8 0 9 9 81
1 8 7 14 0 5 168
1 8 7 13 6 0 196
1 8 7 12 1 6 193
1 8 7 11 7 1 144
1 8 7 10 2 7 80
1 8 7 9 8 2 34
1 8 7 8 3 8 161
1 8 7 7 9 3 109
1 8 7 6 4 9 114
1 8 7 5 10 4 171
1 8 7 4 5 10 2
1 8 7 3 11 5 26
1 8 7 3 0 16 186
1 8 7 2 17 0 46
1 8 7 2 6 11 50
1 8 7 1 12 6 36
1 8 7 1 1 17 168
1 8 7 0 18 1 181
1 8 7 0 7 12 153
1 8 6 19 1 0 68
1 8 6 17 2 1 181
1 8 6 15 3 2 74
1 8 6 13 4 3 84
1 8 6 11 5 4 94
1 8 6 10 0 10 94
1 8 6 9 6 5 37
1 8 6 8 12 0 83
1 8 6 8 1 11 4
1 8 6 7 7 6 30
1 8 6 6 13 1 126
1 8 6 6 2 12 84
1 8 6 5 8 7 119
1 8 6 4 14 2 127
1 8 6 4 3 13 10
1 8 6 3 9 8 82
1 8 6 2 15 3 175
1 8 6 2 4 14 86
1 8 6 1 10 9 102
1 8 6 0 16 4 94
1 8 6 0 5 15 2
1 8 5 17 0 4 150
1 8 5 15 1 5 2
1 8 5 14 7 0 26
1 8 5 13 2 6 196
1 8 5 12 8 1 63
1 8 5 11 3 7 160
1 8 5 10 9 2 101
1 8 5 9 4 8 128
1 8 5 8 10 3 1
1 8 5 7 5 9 43
1 8 5 6 11 4 141
1 8 5 6 0 15 161
1 8 5 5 6 10 14
1 8 5 4 12 5 29
1 8 5 4 1 16 154
1 8 5 3 18 0 20
1 8 5 3 7 11 63
1 8 5 2 13 6 167
1 8 5 2 2 17 28
1 8 5 1 19 1 15
1 8 5 1 8 12 63
1 8 5 0 14 7 56
1 8 5 0 3 18 55
1 8 4 20 2 0 105
1 8 4 18 3 1 53
1 8 4 16 4 2 167
1 8 4 14 5 3 95
1 8 4 13 0 9 59
1 8 4 12 6 4 53
1 8 4 11 1 10 129
1 8 4 10 7 5 84
1 8 4 9 13 0 86
1 8 4 9 2 11 23
1 8 4 8 8 6 33
1 8 4 7 14 1 20
1 8 4 7 3 12 89
1 8 4 6 9 7 9
1 8 4 5 15 2 137
1 8 4 5 4 13 94
1 8 4 4 10 8 189
1 8 4 3 16 3 19
1 8 4 3 5 14 183
1 8 4 2 11 9 149
1 8 4 2 0 20 105
1 8 4 1 17 4 106
1 8 4 1 6 15 18
1 8 4 0 12 10 170
1 8 4 0 1 21 28
1 8 3 20 0 3 43
1 8 3 18 1 4 61
1 8 3 16 2 5 70
1 8 3 15 8 0 190
1 8 3 14 3 6 109
1 8 3 13 9 1 171
1 8 3 12 4 7 159
1 8 3 11 10 2 153
1 8 3 10 5 8 75
1 8 3 9 11 3 184
1 8 3 9 0 14 83
1 8 3 8 6 9 42
1 8 3 7 12 4 31
1 8 3 7 1 15 143
1 8 3 6 7 10 42
1 8 3 5 13 5 111
1 8 3 5 2 16 190
1 8 3 4 19 0 173
1 8 3 4 8 11 86
1 8 3 3 14 6 134
1 8 3 3 3 17 86
1 8 3 2 20 1 86
1 8 3 2 9 12 164
1 8 3 1 15 7 43
1 8 3 1 4 18 42
1 8 3 0 21 2 15
1 8 3 0 10 13 114
1 8 2 21 3 0 183
1 8 2 19 4 1 60
1 8 2 17 5 2 100
1 8 2 16 0 8 54
1 8 2 15 6 3 163
1 8 2 14 1 9 38
1 8 2 13 7 4 120
1 8 2 12 2 10 116
1 8 2 11 8 5 55
1 8 2 10 14 0 161
1 8 2 10 3 11 188
1 8 2 9 9 6 141
1 8 2 8 15 1 184
1 8 2 8 4 12 50
1 8 2 7 10 7 196
1 8 2 6 16 2 27
1 8 2 6 5 13 109
1 8 2 5 11 8 90
1 8 2 5 0 19 29
1 8 2 4 17 3 168
1 8 2 4 6 14 132
1 8 2 3 12 9 182
1 8 2 3 1 20 134
1 8 2 2 18 4 3
1 8 2 2 7 15 82
1 8 2 1 13 10 120
1 8 2 1 2 21 116
1 8 2 0 19 5 5
1 8 2 0 8 16 9
1 8 1 23 0 2 171
1 8 1 21 1 3 7
1 8 1 19 2 4 130
1 8 1 17 3 5 162
1 8 1 16 9 0 159
1 8 1 15 4 6 62
1 8 1 14 10 1 42
1 8 1 13 5 7 173
1 8 1 12 11 2 63
1 8 1 11 6 8 165
1 8 1 10 12 3 4
1 8 1 10 1 14 137
1 8 1 9 7 9 79
1 8 1 8 13 4 124
1 8 1 8 2 15 59
1 8 1 7 8 10 48
1 8 1 6 14 5 85
1 8 1 6 3 16 20
1 8 1 5 20 0 186
1 8 1 5 9 11 97
1 8 1 4 15 6 71
1 8 1 4 4 17 40
1 8 1 3 21 1 133
1 8 1 3 10 12 118
1 8 1 2 16 7 15
1 8 1 2 5 18 89
1 8 1 1 22 2 120
1 8 1 1 11 13 80
1 8 1 1 0 24 162
1 8 1 0 17 8 133
1 8 1 0 6 19 34
1 8 0 22 4 0 197
1 8 0 20 5 1 51
1 8 0 19 0 7 160
1 8 0 18 6 2 25
1 8 0 17 1 8 72
1 8 0 16 7 3 69
1 8 0 15 2 9 2
1 8 0 14 8 4 163
1 8 0 13 3 10 178
1 8 0 12 9 5 155
1 8 0 11 15 0 123
1 8 0 11 4 11 158
1 8 0 10 10 6 170
1 8 0 9 16 1 74
1 8 0 9 5 12 66
1 8 0 8 11 7 142
1 8 0 8 0 18 112
1 8 0 7 17 2 1
1 8 0 7 6 13 100
1 8 0 6 12 8 196
1 8 0 6 1 19 96
1 8 0 5 18 3 127
1 8 0 5 7 14 68
1 8 0 4 13 9 10
1 8 0 4 2 20 91
1 8 0 3 19 4 194
1 8 0 3 8 15 154
1 8 0 2 14 10 74
1 8 0 2 3 21 37
1 8 0 1 20 5 5
1 8 0 1 9 16 192
1 8 0 0 26 0 143
1 8 0 0 15 11 172
1 8 0 0 4 22 76
1 7 25 2 0 0 105
1 7 25 0 1 1 61
1 7 23 3 1 0 198
1 7 23 1 2 1 117
1 7 22 1 0 4 154
1 7 21 4 2 0 188
1 7 21 2 3 1 185
1 7 21 0 4 2 179
1 7 20 4 0 3 69
1 7 20 2 1 4 195
1 7 20 0 2 5 157
1 7 19 5 3 0 43
1 7 19 3 4 1 94
1 7 19 1 5 2 79
1 7 19 0 0 8 127
1 7 18 7 0 2 68
1 7 18 5 1 3 104
1 7 18 3 2 4 80
1 7 18 1 3 5 41
1 7 18 0 9 0 30
1 7 17 6 4 0 63
1 7 17 4 5 1 74
1 7 17 3 0 7 92
1 7 17 2 6 2 164
1 7 17 1 1 8 70
1 7 17 0 7 3 126
1 7 16 10 0 1 152
1 7 16 8 1 2 126
1 7 16 6 2 3 28
1 7 16 4 3 4 159
1 7 16 2 4 5 52
1 7 16 1 10 0 197
1 7 16 0 5 6 78
1 7 15 7 5 0 47
1 7 15 6 0 6 37
1 7 15 5 6 1 146
1 7 15 4 1 7 27
1 7 15 3 7 2 191
1 7 15 2 2 8 111
1 7 15 1 8 3 65
1 7 15 0 3 9 44
1 7 14 13 0 0 86
1 7 14 11 1 1 193
1 7 14 9 2 2 159
1 7 14 7 3 3 12
1 7 14 5 4 4 16
1 7 14 3 5 5 90
1 7 14 2 11 0 37
1 7 14 2 0 11 72
1 7 14 1 6 6 116
1 7 14 0 12 1 75
1 7 14 0 1 12 148
1 7 13 9 0 5 35
1 7 13 8 6 0 57
1 7 13 7 1 6 23
1 7 13 6 7 1 79
1 7 13 5 2 7 34
1 7 13 4 8 2 113
1 7 13 3 3 8 98
1 7 13 2 9 3 43
1 7 13 1 4 9 115
1 7 13 0 10 4 22
1 7 12 14 1 0 126
1 7 12 12 2 1 119
1 7 12 10 3 2 184
1 7 12 8 4 3 44
1 7 12 6 5 4 75
1 7 12 5 0 10 117
1 7 12 4 6 5 123
1 7 12 3 12 0 4
1 7 12 3 1 11 132
1 7 12 2 7 6 123
1 7 12 1 13 1 160
1 7 12 1 2 12 133
1 7 12 0 8 7 36
1 7 11 12 0 4 83
1 7 11 10 1 5 195
1 7 11 9 7 0 51
1 7 11 8 2 6 81
1 7 11 7 8 1 127
1 7 11 6 3 7 27
1 7 11 5 9 2 180
1 7 11 4 4 8 8
1 7 11 3 10 3 6
1 7 11 2 5 9 131
1 7 11 1 11 4 125
1 7 11 1 0 15 44
1 7 11 0 6 10 156
1 7 10 15 2 0 24
1 7 10 13 3 1 20
1 7 10 11 4 2 14
1 7 10 9 5 3 8
1 7 10 8 0 9 25
1 7 10 7 6 4 127
1 7 10 6 1 10 58
1 7 10 5 7 5 197
1 7 10 4 13 0 98
1 7 10 4 2 11 87
1 7 10 3 8 6 5
1 7 10 2 14 1 25
1 7 10 2 3 12 161
1 7 10 1 9 7 176
1 7 10 0 15 2 61
1 7 10 0 4 13 100
1 7 9 15 0 3 142
1 7 9 13 1 4 43
1 7 9 11 2 5 53
1 7 9 10 8 0 105
1 7 9 9 3 6 79
1 7 9 8 9 1 130
1 7 9 7 4 7 195
1 7 9 6 10 2 172
1 7 9 5 5 8 77
1 7 9 4 11 3 85
1 7 9 4 0 14 22
1 7 9 3 6 9 49
1 7 9 2 12 4 79
1 7 9 2 1 15 39
1 7 9 1 7 10 30
1 7 9 0 13 5 167
1 7 9 0 2 16 118
1 7 8 16 3 0 145
1 7 8 14 4 1 3
1 7 8 12 5 2 139
1 7 8 11 0 8 125
1 7 8 10 6 3 86
1 7 8 9 1 9 131
1 7 8 8 7 4 58
1 7 8 7 2 10 161
1 7 8 6 8 5 166
1 7 8 5 14 0 3
1 7 8 5 3 11 59
1 7 8 4 9 6 196
1 7 8 3 15 1 152
1 7 8 3 4 12 158
1 7 8 2 10 7 150
1 7 8 1 16 2 95
1 7 8 1 5 13 16
1 7 8 0 11 8 52
1 7 8 0 0 19 196
1 7 7 18 0 2 166
1 7 7 16 1 3 191
1 7 7 14 2 4 63
1 7 7 12 3 5 101
1 7 7 11 9 0 143
1 7 7 10 4 6 89
1 7 7 9 10 1 82
1 7 7 8 5 7 185
1 7 7 7 11 2 174
1 7 7 7 0 13 178
1 7 7 6 6 8 193
1 7 7 5 12 3 168
1 7 7 5 1 14 55
1 7 7 4 7 9 158
1 7 7 3 13 4 43
1 7 7 3 2 15 93
1 7 7 2 8 10 175
1 7 7 1 14 5 120
1 7 7 1 3 16 53
1 7 7 0 20 0 135
1 7 7 0 9 11 42
1 7 6 17 4 0 21
1 7 6 15 5 1 166
1 7 6 14 0 7 96
1 7 6 13 6 2 133
1 7 6 12 1 8 6
1 7 6 11 7 3 188
1 7 6 10 2 9 40
1 7 6 9 8 4 60
1 7 6 8 3 10 159
1 7 6 7 9 5 121
1 7 6 6 15 0 87
1 7 6 6 4 11 16
1 7 6 5 10 6 111
1 7 6 4 16 1 91
1 7 6 4 5 12 121
1 7 6 3 11 7 7
1 7 6 3 0 18 139
1 7 6 2 17 2 29
1 7 6 2 6 13 145
1 7 6 1 12 8 48
1 7 6 1 1 19 28
1 7 6 0 18 3 51
1 7 6 0 7 14 15
1 7 5 21 0 1 56
1 7 5 19 1 2 98
1 7 5 17 2 3 126
1 7 5 15 3 4 140
1 7 5 13 4 5 115
1 7 5 12 10 0 102
1 7 5 11 5 6 34
1 7 5 10 11 1 117
1 7 5 10 0 12 47
1 7 5 9 6 7 70
1 7 5 8 12 2 157
1 7 5 8 1 13 180
1 7 5 7 7 8 80
1 7 5 6 13 3 131
1 7 5 6 2 14 111
1 7 5 5 8 9 135
1 7 5 4 14 4 41
1 7 5 4 3 15 152
1 7 5 3 9 10 183
1 7 5 2 15 5 128
1 7 5 2 4 16 97
1 7 5 1 21 0 184
1 7 5 1 10 11 122
1 7 5 0 16 6 11
1 7 5 0 5 17 73
1 7 4 18 5 0 187
1 7 4 17 0 6 33
1 7 4 16 6 1 60
1 7 4 15 1 7 18
1 7 4 14 7 2 194
1 7 4 13 2 8 122
1 7 4 12 8 3 120
1 7 4 11 3 9 67
1 7 4 10 9 4 79
1 7 4 9 4 10 139
1 7 4 8 10 5 13
1 7 4 7 16 0 181
1 7 4 7 5 11 63
1 7 4 6 11 6 95
1 7 4 6 0 17 26
1 7 4 5 17 1 71
1 7 4 5 6 12 67
1 7 4 4 12 7 82
1 7 4 4 1 18 5
1 7 4 3 18 2 158
1 7 4 3 7 13 184
1 7 4 2 13 8 29
1 7 4 2 2 19 117
1 7 4 1 19 3 76
1 7 4 1 8 14 142
1 7 4 0 14 9 131
1 7 4 0 3 20 110
1 7 3 24 0 0 167
1 7 3 22 1 1 174
1 7 3 20 2 2 79
1 7 3 18 3 3 107
1 7 3 16 4 4 34
1 7 3 14 5 5 176
1 7 3 13 11 0 43
1 7 3 13 0 11 123
1 7 3 12 6 6 160
1 7 3 11 12 1 118
1 7 3 11 1 12 99
1 7 3 10 7 7 93
1 7 3 9 13 2 183
1 7 3 9 2 13 121
1 7 3 8 8 8 45
1 7 3 7 14 3 36
1 7 3 7 3 14 48
1 7 3 6 9 9 115
1 7 3 5 15 4 173
1 7 3 5 4 15 67
1 7 3 4 10 10 160
1 7 3 3 16 5 1
1 7 3 3 5 16 102
1 7 3 2 22 0 60
1 7 3 2 11 11 191
1 7 3 2 0 22 41
1 7 3 1 17 6 142
1 7 3 1 6 17 76
1 7 3 0 23 1 47
1 7 3 0 12 12 196
1 7 3 0 1 23 67
1 7 2 20 0 5 195
1 7 2 19 6 0 36
1 7 2 18 1 6 66
1 7 2 17 7 1 40
1 7 2 16 2 7 178
1 7 2 15 8 2 67
1 7 2 14 3 8 95
1 7 2 13 9 3 18
1 7 2 12 4 9 171
1 7 2 11 10 4 1
1 7 2 10 5 10 132
1 7 2 9 11 5 198
1 7 2 9 0 16 142
1 7 2 8 17 0 36
1 7 2 8 6 11 9
1 7 2 7 12 6 14
1 7 2 7 1 17 7
1 7 2 6 18 1 16
1 7 2 6 7 12 17
1 7 2 5 13 7 23
1 7 2 5 2 18 11
1 7 2 4 19 2 75
1 7 2 4 8 13 29
1 7 2 3 14 8 2
1 7 2 3 3 19 196
1 7 2 2 20 3 164
1 7 2 2 9 14 116
1 7 2 1 15 9 109
1 7 2 0 21 4 95
1 7 2 0 10 15 122
1 7 1 25 1 0 121
1 7 1 23 2 1 145
1 7 1 21 3 2 162
1 7 1 19 4 3 165
1 7 1 17 5 4 64
1 7 1 16 0 10 153
1 7 1 15 6 5 160
1 7 1 14 12 0 60
1 7 1 14 1 11 56
1 7 1 13 7 6 81
1 7 1 12 13 1 64
1 7 1 12 2 12 10
1 7 1 11 8 7 130
1 7 1 10 14 2 66
1 7 1 10 3 13 125
1 7 1 9 9 8 169
1 7 1 8 15 3 174
1 7 1 8 4 14 38
1 7 1 7 10 9 185
1 7 1 6 16 4 31
1 7 1 6 5 15 159
1 7 1 5 11 10 86
1 7 1 5 0 21 100
1 7 1 4 17 5 86
1 7 1 4 6 16 46
1 7 1 3 23 0 87
1 7 1 3 12 11 184
1 7 1 3 1 22 39
1 7 1 2 18 6 88
1 7 1 2 7 17 148
1 7 1 1 24 1 104
1 7 1 1 13 12 143
1 7 1 1 2 23 71
1 7 1 0 19 7 95
1 7 1 0 8 18 168
1 7 0 23 0 4 29
1 7 0 21 1 5 11
1 7 0 20 7 0 137
1 7 0 19 2 6 66
1 7 0 18 8 1 132
1 7 0 17 3 7 83
1 7 0 16 9 2 152
1 7 0 15 4 8 68
1 7 0 14 10 3 93
1 7 0 13 5 9 157
1 7 0 12 11 4 27
1 7 0 12 0 15 15
1 7 0 11 6 10 103
1 7 0 10 12 5 179
1 7 0 10 1 16 116
1 7 0 9 18 0 113
1 7 0 9 7 11 78
1 7 0 8 13 6 105
1 7 0 8 2 17 51
1 7 0 7 19 1 144
1 7 0 7 8 12 29
1 7 0 6 14 7 123
1 7 0 6 3 18 171
1 7 0 5 20 2 191
1 7 0 5 9 13 107
1 7 0 4 15 8 51
1 7 0 4 4 19 8
1 7 0 3 21 3 81
1 7 0 3 10 14 20
1 7 0 2 16 9 135
1 7 0 2 5 20 166
1 7 0 1 22 4 103
1 7 0 1 11 15 53
1 7 0 1 0 26 63
1 7 0 0 17 10 189
1 7 0 0 6 21 169
1 6 25 0 3 0 166
1 6 24 2 0 2 51
1 6 24 0 1 3 191
1 6 23 1 4 0 118
1 6 22 5 0 1 112
1 6 22 3 1 2 19
1 6 22 1 2 3 142
1 6 21 2 5 0 89
1 6 21 1 0 6 95
1 6 21 0 6 1 97
1 6 20 8 0 0 5
1 6 20 6 1 1 36
1 6 20 4 2 2 138
1 6 20 2 3 3 54
1 6 20 0 4 4 86
1 6 19 4 0 5 17
1 6 19 3 6 0 180
1 6 19 2 1 6 18
1 6 19 1 7 1 41
1 6 19 0 2 7 83
1 6 18 9 1 0 122
1 6 18 7 2 1 64
1 6 18 5 3 2 5
1 6 18 3 4 3 112
1 6 18 1 5 4 104
1 6 18 0 0 10 67
1 6 17 7 0 4 74
1 6 17 5 1 5 3
1 6 17 4 7 0 2
1 6 17 3 2 6 75
1 6 17 2 8 1 70
1 6 17 1 3 7 15
1 6 17 0 9 2 133
1 6 16 10 2 0 13
1 6 16 8 3 1 84
1 6 16 6 4 2 166
1 6 16 4 5 3 13
1 6 16 3 0 9 130
1 6 16 2 6 4 125
1 6 16 1 1 10 110
1 6 16 0 7 5 42
1 6 15 10 0 3 95
1 6 15 8 1 4 147
1 6 15 6 2 5 52
1 6 15 5 8 0 162
1 6 15 4 3 6 58
1 6 15 3 9 1 24
1 6 15 2 4 7 153
1 6 15 1 10 2 92
1 6 15 0 5 8 83
1 6 14 11 3 0 92
1 6 14 9 4 1 177
1 6 14 7 5 2 94
1 6 14 6 0 8 176
1 6 14 5 6 3 152
1 6 14 4 1 9 140
1 6 14 3 7 4 190
1 6 14 2 2 10 16
1 6 14 1 8 5 173
1 6 14 0 14 0 91
1 6 14 0 3 11 5
1 6 13 13 0 2 96
1 6 13 11 1 3 46
1 6 13 9 2 4 80
1 6 13 7 3 5 127
1 6 13 6 9 0 51
1 6 13 5 4 6 26
1 6 13 4 10 1 186
1 6 13 3 5 7 149
1 6 13 2 11 2 184
1 6 13 2 0 13 161
1 6 13 1 6 8 50
1 6 13 0 12 3 48
1 6 13 0 1 14 133
1 6 12 12 4 0 22
1 6 12 10 5 1 127
1 6 12 9 0 7 188
1 6 12 8 6 2 141
1 6 12 7 1 8 194
1 6 12 6 7 3 127
1 6 12 5 2 9 92
1 6 12 4 8 4 90
1 6 12 3 3 10 97
1 6 12 2 9 5 106
1 6 12 1 15 0 187
1 6 12 1 4 11 48
1 6 12 0 10 6 53
1 6 11 16 0 1 182
1 6 11 14 1 2 119
1 6 11 12 2 3 183
1 6 11 10 3 4 115
1 6 11 8 4 5 53
1 6 11 7 10 0 4
1 6 11 6 5 6 158
1 6 11 5 11 1 73
1 6 11 5 0 12 157
1 6 11 4 6 7 119
1 6 11 3 12 2 37
1 6 11 3 1 13 69
1 6 11 2 7 8 149
1 6 11 1 13 3 196
1 6 11 1 2 14 93
1 6 11 0 8 9 143
1 6 10 13 5 0 18
1 6 10 12 0 6 153
1 6 10 11 6 1 113
1 6 10 10 1 7 176
1 6 10 9 7 2 162
1 6 10 8 2 8 67
1 6 10 7 8 3 16
1 6 10 6 3 9 44
1 6 10 5 9 4 30
1 6 10 4 4 10 150
1 6 10 3 10 5 84
1 6 10 2 16 0 153
1 6 10 2 5 11 11
1 6 10 1 11 6 157
1 6 10 1 0 17 158
1 6 10 0 17 1 131
1 6 10 0 6 12 149
1 6 9 19 0 0 198
1 6 9 17 1 1 3
1 6 9 15 2 2 100
1 6 9 13 3 3 37
1 6 9 11 4 4 131
1 6 9 9 5 5 76
1 6 9 8 11 0 173
1 6 9 8 0 11 27
1 6 9 7 6 6 184
1 6 9 6 12 1 64
1 6 9 6 1 12 58
1 6 9 5 7 7 9
1 6 9 4 13 2 67
1 6 9 4 2 13 13
1 6 9 3 8 8 15
1 6 9 2 14 3 58
1 6 9 2 3 14 5
1 6 9 1 9 9 83
1 6 9 0 15 4 68
1 6 9 0 4 15 24
1 6 8 15 0 5 159
1 6 8 14 6 0 44
1 6 8 13 1 6 37
1 6 8 12 7 1 103
1 6 8 11 2 7 135
1 6 8 10 8 2 23
1 6 8 9 3 8 98
1 6 8 8 9 3 77
1 6 8 7 4 9 51
1 6 8 6 10 4 2
1 6 8 5 5 10 91
1 6 8 4 11 5 92
1 6 8 4 0 16 98
1 6 8 3 17 0 87
1 6 8 3 6 11 44
1 6 8 2 12 6 9
1 6 8 2 1 17 188
1 6 8 1 18 1 44
1 6 8 1 7 12 165
1 6 8 0 13 7 127
1 6 8 0 2 18 140
1 6 7 20 1 0 132
1 6 7 18 2 1 23
1 6 7 16 3 2 99
1 6 7 14 4 3 55
1 6 7 12 5 4 39
1 6 7 11 0 10 29
1 6 7 10 6 5 173
1 6 7 9 12 0 111
1 6 7 9 1 11 77
1 6 7 8 7 6 2
1 6 7 7 13 1 113
1 6 7 7 2 12 3
1 6 7 6 8 7 32
1 6 7 5 14 2 144
1 6 7 5 3 13 7
1 6 7 4 9 8 23
1 6 7 3 15 3 195
1 6 7 3 4 14 185
1 6 7 2 10 9 145
1 6 7 1 16 4 70
1 6 7 1 5 15 48
1 6 7 0 11 10 179
1 6 7 0 0 21 87
1 6 6 18 0 4 135
1 6 6 16 1 5 69
1 6 6 15 7 0 1
1 6 6 14 2 6 64
1 6 6 13 8 1 124
1 6 6 12 3 7 94
1 6 6 11 9 2 87
1 6 6 10 4 8 162
1 6 6 9 10 3 9
1 6 6 8 5 9 110
1 6 6 7 11 4 19
1 6 6 7 0 15 16
1 6 6 6 6 10 118
1 6 6 5 12 5 110
1 6 6 5 1 16 86
1 6 6 4 18 0 151
1 6 6 4 7 11 110
1 6 6 3 13 6 41
1 6 6 3 2 17 181
1 6 6 2 19 1 53
1 6 6 2 8 12 42
1 6 6 1 14 7 70
1 6 6 1 3 18 123
1 6 6 0 20 2 44
1 6 6 0 9 13 137
1 6 5 21 2 0 142
1 6 5 19 3 1 95
1 6 5 17 4 2 96
1 6 5 15 5 3 196
1 6 5 14 0 9 56
1 6 5 13 6 4 98
1 6 5 12 1 10 95
1 6 5 11 7 5 43
1 6 5 10 13 0 12
1 6 5 10 2 11 41
1 6 5 9 8 6 153
1 6 5 8 14 1 153
1 6 5 8 3 12 164
1 6 5 7 9 7 192
1 6 5 6 15 2 77
1 6 5 6 4 13 80
1 6 5 5 10 8 69
1 6 5 4 16 3 6
1 6 5 4 5 14 164
1 6 5 3 11 9 34
1 6 5 3 0 20 140
1 6 5 2 17 4 136
1 6 5 2 6 15 6
1 6 5 1 12 10 13
1 6 5 1 1 21 14
1 6 5 0 18 5 138
1 6 5 0 7 16 128
1 6 4 21 0 3 138
1 6 4 19 1 4 50
1 6 4 17 2 5 152
1 6 4 16 8 0 112
1 6 4 15 3 6 25
1 6 4 14 9 1 164
1 6 4 13 4 7 42
1 6 4 12 10 2 176
1 6 4 11 5 8 112
1 6 4 10 11 3 110
1 6 4 10 0 14 114
1 6 4 9 6 9 89
1 6 4 8 12 4 115
1 6 4 8 1 15 42
1 6 4 7 7 10 35
1 6 4 6 13 5 174
1 6 4 6 2 16 29
1 6 4 5 19 0 115
1 6 4 5 8 11 195
1 6 4 4 14 6 43
1 6 4 4 3 17 16
1 6 4 3 20 1 114
1 6 4 3 9 12 23
1 6 4 2 15 7 189
1 6 4 2 4 18 28
1 6 4 1 21 2 97
1 6 4 1 10 13 139
1 6 4 0 16 8 168
1 6 4 0 5 19 152
1 6 3 22 3 0 87
1 6 3 20 4 1 103
1 6 3 18 5 2 101
1 6 3 17 0 8 93
1 6 3 16 6 3 173
1 6 3 15 1 9 31
1 6 3 14 7 4 133
1 6 3 13 2 10 78
1 6 3 12 8 5 35
1 6 3 11 14 0 165
1 6 3 11 3 11 119
1 6 3 10 9 6 45
1 6 3 9 15 1 87
1 6 3 9 4 12 166
1 6 3 8 10 7 145
1 6 3 7 16 2 196
1 6 3 7 5 13 119
1 6 3 6 11 8 70
1 6 3 6 0 19 141
1 6 3 5 17 3 112
1 6 3 5 6 14 126
1 6 3 4 12 9 157
1 6 3 4 1 20 163
1 6 3 3 18 4 41
1 6 3 3 7 15 157
1 6 3 2 13 10 22
1 6 3 2 2 21 198
1 6 3 1 19 5 129
1 6 3 1 8 16 10
1 6 3 0 25 0 127
1 6 3 0 14 11 146
1 6 3 0 3 22 132
1 6 2 24 0 2 61
1 6 2 22 1 3 172
1 6 2 20 2 4 91
1 6 2 18 3 5 36
1 6 2 17 9 0 119
1 6 2 16 4 6 119
1 6 2 15 10 1 36
1 6 2 14 5 7 18
1 6 2 13 11 2 184
1 6 2 13 0 13 38
1 6 2 12 6 8 105
1 6 2 11 12 3 81
1 6 2 11 1 14 76
1 6 2 10 7 9 182
1 6 2 9 13 4 150
1 6 2 9 2 15 157
1 6 2 8 8 10 95
1 6 2 7 14 5 26
1 6 2 7 3 16 175
1 6 2 6 20 0 160
1 6 2 6 9 11 84
1 6 2 5 15 6 188
1 6 2 5 4 17 84
1 6 2 4 21 1 193
1 6 2 4 10 12 121
1 6 2 3 16 7 122
1 6 2 3 5 18 115
1 6 2 2 22 2 13
1 6 2 2 11 13 129
1 6 2 2 0 24 72
1 6 2 1 17 8 31
1 6 2 1 6 19 80
1 6 2 0 23 3 165
1 6 2 0 12 14 21
1 6 2 0 1 25 87
1 6 1 23 4 0 114
1 6 1 21 5 1 150
1 6 1 20 0 7 11
1 6 1 19 6 2 73
1 6 1 18 1 8 176
1 6 1 17 7 3 131
1 6 1 16 2 9 58
1 6 1 15 8 4 54
1 6 1 13 9 5 104
1 6 1 12 15 0 46
1 6 1 12 4 11 155
1 6 1 11 10 6 85
1 6 1 10 16 1 35
1 6 1 10 5 12 137
1 6 1 9 11 7 123
1 6 1 9 0 18 162
1 6 1 8 17 2 38
1 6 1 8 6 13 8
1 6 1 7 12 8 186
1 6 1 7 1 19 42
1 6 1 6 18 3 82
1 6 1 6 7 14 31
1 6 1 5 13 9 44
1 6 1 5 2 20 61
1 6 1 4 19 4 129
1 6 1 4 8 15 139
1 6 1 3 14 10 41
1 6 1 3 3 21 191
1 6 1 2 20 5 138
1 6 1 2 9 16 87
1 6 1 1 26 0 171
1 6 1 1 15 11 150
1 6 1 1 4 22 25
1 6 1 0 21 6 177
1 6 1 0 10 17 146
1 6 0 27 0 1 173
1 6 0 25 1 2 7
1 6 0 23 2 3 169
1 6 0 21 3 4 148
1 6 0 19 4 5 159
1 6 0 18 10 0 192
1 6 0 17 5 6 164
1 6 0 16 11 1 100
1 6 0 16 0 12 88
1 6 0 15 6 7 89
1 6 0 14 12 2 133
1 6 0 14 1 13 35
1 6 0 13 7 8 166
1 6 0 12 13 3 170
1 6 0 12 2 14 53
1 6 0 11 8 9 42
1 6 0 10 14 4 25
1 6 0 10 3 15 191
1 6 0 9 9 10 164
1 6 0 8 15 5 6
1 6 0 8 4 16 63
1 6 0 7 21 0 23
1 6 0 7 10 11 52
1 6 0 6 16 6 2
1 6 0 6 5 17 144
1 6 0 5 22 1 1
1 6 0 5 11 12 170
1 6 0 5 0 23 55
1 6 0 4 17 7 41
1 6 0 4 6 18 179
1 6 0 3 23 2 62
1 6 0 3 12 13 137
1 6 0 3 1 24 75
1 6 0 2 18 8 30
1 6 0 2 7 19 184
1 6 0 1 24 3 114
1 6 0 1 13 14 185
1 6 0 1 2 25 44
1 6 0 0 19 9 190
1 6 0 0 8 20 1
1 5 28 0 0 1 102
1 5 26 3 0 0 105
1 5 26 1 1 1 95
1 5 24 4 1 0 174
1 5 24 2 2 1 24
1 5 24 0 3 2 140
1 5 23 2 0 4 161
1 5 23 0 1 5 67
1 5 22 5 2 0 45
1 5 22 3 3 1 21
1 5 22 1 4 2 29
1 5 21 5 0 3 25
1 5 21 3 1 4 160
1 5 21 1 2 5 156
1 5 21 0 8 0 28
1 5 20 6 3 0 174
1 5 20 4 4 1 197
1 5 20 2 5 2 29
1 5 20 1 0 8 159
1 5 20 0 6 3 162
1 5 19 8 0 2 185
1 5 19 6 1 3 55
1 5 19 4 2 4 89
1 5 19 2 3 5 121
1 5 19 1 9 0 151
1 5 19 0 4 6 154
1 5 18 7 4 0 166
1 5 18 5 5 1 113
1 5 18 4 0 7 156
1 5 18 3 6 2 11
1 5 18 2 1 8 155
1 5 18 1 7 3 27
1 5 18 0 2 9 101
1 5 17 11 0 1 113
1 5 17 9 1 2 47
1 5 17 7 2 3 118
1 5 17 5 3 4 164
1 5 17 3 4 5 82
1 5 17 2 10 0 152
1 5 17 1 5 6 87
1 5 17 0 11 1 76
1 5 17 0 0 12 142
1 5 16 8 5 0 80
1 5 16 7 0 6 98
1 5 16 6 6 1 43
1 5 16 5 1 7 109
1 5 16 4 7 2 125
1 5 16 3 2 8 119
1 5 16 2 8 3 91
1 5 16 1 3 9 27
1 5 16 0 9 4 109
1 5 15 14 0 0 6
1 5 15 12 1 1 93
1 5 15 10 2 2 107
1 5 15 8 3 3 104
1 5 15 6 4 4 134
1 5 15 4 5 5 180
1 5 15 3 11 0 87
1 5 15 3 0 11 150
1 5 15 2 6 6 197
1 5 15 1 12 1 179
1 5 15 1 1 12 19
1 5 15 0 7 7 31
1 5 14 10 0 5 58
1 5 14 9 6 0 175
1 5 14 8 1 6 174
1 5 14 7 7 1 8
1 5 14 6 2 7 95
1 5 14 5 8 2 42
1 5 14 4 3 8 35
1 5 14 3 9 3 30
1 5 14 2 4 9 3
1 5 14 1 10 4 41
1 5 14 0 5 10 162
1 5 13 15 1 0 161
1 5 13 13 2 1 94
1 5 13 11 3 2 91
1 5 13 9 4 3 162
1 5 13 7 5 4 26
1 5 13 6 0 10 148
1 5 13 5 6 5 82
1 5 13 4 12 0 8
1 5 13 4 1 11 52
1 5 13 3 7 6 126
1 5 13 2 13 1 126
1 5 13 2 2 12 145
1 5 13 1 8 7 151
1 5 13 0 14 2 113
1 5 13 0 3 13 87
1 5 12 13 0 4 120
1 5 12 11 1 5 99
1 5 12 10 7 0 2
1 5 12 9 2 6 140
1 5 12 8 8 1 70
1 5 12 7 3 7 138
1 5 12 6 9 2 167
1 5 12 5 4 8 195
1 5 12 4 10 3 71
1 5 12 3 5 9 178
1 5 12 2 11 4 174
1 5 12 2 0 15 65
1 5 12 1 6 10 111
1 5 12 0 12 5 89
1 5 12 0 1 16 65
1 5 11 16 2 0 126
1 5 11 14 3 1 20
1 5 11 12 4 2 106
1 5 11 10 5 3 32
1 5 11 9 0 9 20
1 5 11 8 6 4 36
1 5 11 7 1 10 133
1 5 11 6 7 5 197
1 5 11 5 13 0 96
1 5 11 5 2 11 186
1 5 11 4 8 6 66
1 5 11 3 14 1 113
1 5 11 2 9 7 128
1 5 11 1 15 2 143
1 5 11 1 4 13 38
1 5 11 0 10 8 155
1 5 10 16 0 3 171
1 5 10 14 1 4 52
1 5 10 12 2 5 114
1 5 10 11 8 0 70
1 5 10 10 3 6 21
1 5 10 9 9 1 150
1 5 10 8 4 7 121
1 5 10 7 10 2 99
1 5 10 6 5 8 59
1 5 10 5 11 3 106
1 5 10 5 0 14 87
1 5 10 4 6 9 127
1 5 10 3 12 4 162
1 5 10 3 1 15 42
1 5 10 2 7 10 53
1 5 10 1 13 5 179
1 5 10 1 2 16 198
1 5 10 0 19 0 89
1 5 9 17 3 0 164
1 5 9 15 4 1 40
1 5 9 13 5 2 90
1 5 9 12 0 8 160
1 5 9 11 6 3 1
1 5 9 10 1 9 28
1 5 9 9 7 4 162
1 5 9 8 2 10 115
1 5 9 7 8 5 116
1 5 9 6 14 0 69
1 5 9 6 3 11 149
1 5 9 5 9 6 171
1 5 9 4 15 1 102
1 5 9 4 4 12 145
1 5 9 3 10 7 17
1 5 9 2 16 2 85
1 5 9 2 5 13 148
1 5 9 1 11 8 168
1 5 9 1 0 19 143
1 5 9 0 17 3 104
1 5 9 0 6 14 64
1 5 8 19 0 2 110
1 5 8 17 1 3 118
1 5 8 15 2 4 53
1 5 8 13 3 5 109
1 5 8 12 9 0 49
1 5 8 11 4 6 107
1 5 8 10 10 1 149
1 5 8 9 5 7 102
1 5 8 8 11 2 90
1 5 8 8 0 13 132
1 5 8 7 6 8 102
1 5 8 6 12 3 105
1 5 8 6 1 14 40
1 5 8 5 7 9 178
1 5 8 4 13 4 37
1 5 8 4 2 15 49
1 5 8 3 8 10 110
1 5 8 2 14 5 152
1 5 8 2 3 16 70
1 5 8 1 20 0 178
1 5 8 0 15 6 188
1 5 8 0 4 17 132
1 5 7 18 4 0 198
1 5 7 16 5 1 43
1 5 7 15 0 7 32
1 5 7 14 6 2 147
1 5 7 13 1 8 145
1 5 7 12 7 3 3
1 5 7 11 2 9 148
1 5 7 10 8 4 20
1 5 7 9 3 10 87
1 5 7 8 9 5 132
1 5 7 7 15 0 184
1 5 7 7 4 11 50
1 5 7 6 10 6 34
1 5 7 5 16 1 77
1 5 7 5 5 12 52
1 5 7 4 11 7 4
1 5 7 4 0 18 114
1 5 7 3 17 2 94
1 5 7 3 6 13 133
1 5 7 2 12 8 173
1 5 7 2 1 19 103
1 5 7 1 18 3 127
1 5 7 1 7 14 77
1 5 7 0 13 9 91
1 5 7 0 2 20 100
1 5 6 22 0 1 169
1 5 6 20 1 2 73
1 5 6 18 2 3 62
1 5 6 16 3 4 114
1 5 6 14 4 5 32
1 5 6 13 10 0 73
1 5 6 12 5 6 28
1 5 6 11 11 1 6
1 5 6 11 0 12 6
1 5 6 10 6 7 174
1 5 6 9 12 2 116
1 5 6 9 1 13 167
1 5 6 8 7 8 194
1 5 6 7 13 3 21
1 5 6 7 2 14 125
1 5 6 6 8 9 25
1 5 6 5 14 4 137
1 5 6 5 3 15 41
1 5 6 4 9 10 28
1 5 6 3 15 5 102
1 5 6 3 4 16 70
1 5 6 2 21 0 10
1 5 6 2 10 11 180
1 5 6 1 16 6 155
1 5 6 1 5 17 176
1 5 6 0 22 1 1
1 5 6 0 11 12 86
1 5 6 0 0 23 13
1 5 5 19 5 0 104
1 5 5 18 0 6 182
1 5 5 17 6 1 12
1 5 5 16 1 7 126
1 5 5 15 7 2 60
1 5 5 14 2 8 52
1 5 5 13 8 3 80
1 5 5 12 3 9 126
1 5 5 10 4 10 76
1 5 5 9 10 5 172
1 5 5 8 16 0 36
1 5 5 8 5 11 168
1 5 5 7 11 6 132
1 5 5 7 0 17 34
1 5 5 6 17 1 177
1 5 5 6 6 12 65
1 5 5 5 12 7 66
1 5 5 5 1 18 161
1 5 5 4 18 2 107
1 5 5 4 7 13 103
1 5 5 3 13 8 167
1 5 5 3 2 19 82
1 5 5 2 19 3 150
1 5 5 2 8 14 94
1 5 5 1 14 9 173
1 5 5 1 3 20 121
1 5 5 0 20 4 152
1 5 5 0 9 15 150
1 5 4 25 0 0 114
1 5 4 23 1 1 114
1 5 4 21 2 2 180
1 5 4 19 3 3 149
1 5 4 17 4 4 117
1 5 4 15 5 5 139
1 5 4 14 11 0 56
1 5 4 14 0 11 119
1 5 4 13 6 6 169
1 5 4 12 12 1 7
1 5 4 12 1 12 2
1 5 4 11 7 7 28
1 5 4 10 13 2 108
1 5 4 10 2 13 110
1 5 4 9 8 8 45
1 5 4 8 14 3 1
1 5 4 8 3 14 94
1 5 4 7 9 9 180
1 5 4 6 15 4 138
1 5 4 6 4 15 13
1 5 4 5 10 10 57
1 5 4 4 16 5 17
1 5 4 4 5 16 117
1 5 4 3 22 0 182
1 5 4 3 11 11 122
1 5 4 3 0 22 159
1 5 4 2 17 6 188
1 5 4 2 6 17 152
1 5 4 1 23 1 35
1 5 4 1 12 12 61
1 5 4 1 1 23 6
1 5 4 0 18 7 68
1 5 4 0 7 18 170
1 5 3 21 0 5 192
1 5 3 20 6 0 156
1 5 3 19 1 6 83
1 5 3 18 7 1 162
1 5 3 17 2 7 173
1 5 3 16 8 2 142
1 5 3 15 3 8 38
1 5 3 14 9 3 3
1 5 3 13 4 9 1
1 5 3 12 10 4 55
1 5 3 11 5 10 76
1 5 3 10 11 5 168
1 5 3 10 0 16 182
1 5 3 9 17 0 25
1 5 3 9 6 11 10
1 5 3 8 12 6 183
1 5 3 8 1 17 102
1 5 3 7 18 1 112
1 5 3 7 7 12 153
1 5 3 6 13 7 123
1 5 3 6 2 18 82
1 5 3 5 19 2 132
1 5 3 5 8 13 119
1 5 3 4 14 8 97
1 5 3 4 3 19 21
1 5 3 3 20 3 166
1 5 3 3 9 14 181
1 5 3 2 15 9 88
1 5 3 2 4 20 125
1 5 3 1 21 4 157
1 5 3 1 10 15 176
1 5 3 0 16 10 111
1 5 3 0 5 21 192
1 5 2 26 1 0 46
1 5 2 24 2 1 189
1 5 2 22 3 2 181
1 5 2 20 4 3 107
1 5 2 18 5 4 167
1 5 2 17 0 10 85
1 5 2 16 6 5 104
1 5 2 15 12 0 68
1 5 2 15 1 11 34
1 5 2 14 7 6 130
1 5 2 13 13 1 17
1 5 2 13 2 12 49
1 5 2 12 8 7 198
1 5 2 11 14 2 92
1 5 2 11 3 13 7
1 5 2 10 9 8 29
1 5 2 9 15 3 87
1 5 2 9 4 14 25
1 5 2 8 10 9 107
1 5 2 7 16 4 191
1 5 2 7 5 15 172
1 5 2 6 11 10 188
1 5 2 6 0 21 20
1 5 2 5 17 5 158
1 5 2 5 6 16 117
1 5 2 4 23 0 7
1 5 2 4 12 11 83
1 5 2 4 1 22 86
1 5 2 3 18 6 146
1 5 2 3 7 17 69
1 5 2 2 24 1 90
1 5 2 2 13 12 155
1 5 2 2 2 23 81
1 5 2 1 19 7 184
1 5 2 1 8 18 128
1 5 2 0 25 2 22
1 5 2 0 14 13 90
1 5 2 0 3 24 8
1 5 1 24 0 4 96
1 5 1 22 1 5 63
1 5 1 21 7 0 31
1 5 1 20 2 6 52
1 5 1 19 8 1 50
1 5 1 18 3 7 144
1 5 1 17 9 2 144
1 5 1 16 4 8 193
1 5 1 15 10 3 45
1 5 1 14 5 9 14
1 5 1 13 11 4 45
1 5 1 13 0 15 192
1 5 1 12 6 10 70
1 5 1 11 12 5 69
1 5 1 11 1 16 147
1 5 1 10 18 0 155
1 5 1 10 7 11 84
1 5 1 9 13 6 36
1 5 1 9 2 17 59
1 5 1 8 19 1 149
1 5 1 8 8 12 189
1 5 1 7 14 7 84
1 5 1 7 3 18 108
1 5 1 6 20 2 17
1 5 1 6 9 13 42
1 5 1 5 15 8 84
1 5 1 5 4 19 191
1 5 1 4 21 3 115
1 5 1 4 10 14 99
1 5 1 3 16 9 18
1 5 1 3 5 20 45
1 5 1 2 22 4 71
1 5 1 2 11 15 116
1 5 1 2 0 26 119
1 5 1 1 17 10 81
1 5 1 1 6 21 34
1 5 1 0 23 5 89
1 5 1 0 12 16 194
1 5 1 0 1 27 70
1 5 0 27 2 0 131
1 5 0 25 3 1 90
1 5 0 23 4 2 190
1 5 0 21 5 3 149
1 5 0 20 0 9 33
1 5 0 19 6 4 41
1 5 0 18 1 10 167
1 5 0 17 7 5 164
1 5 0 16 13 0 186
1 5 0 16 2 11 164
1 5 0 15 8 6 60
1 5 0 14 14 1 121
1 5 0 14 3 12 55
1 5 0 13 9 7 52
1 5 0 12 15 2 155
1 5 0 12 4 13 103
1 5 0 11 10 8 51
1 5 0 10 16 3 151
1 5 0 10 5 14 132
1 5 0 9 11 9 81
1 5 0 9 0 20 67
1 5 0 8 17 4 116
1 5 0 8 6 15 24
1 5 0 7 12 10 96
1 5 0 7 1 21 165
1 5 0 6 18 5 40
1 5 0 6 7 16 84
1 5 0 5 24 0 17
1 5 0 5 13 11 16
1 5 0 5 2 22 165
1 5 0 4 19 6 177
1 5 0 4 8 17 125
1 5 0 3 25 1 59
1 5 0 3 14 12 31
1 5 0 3 3 23 50
1 5 0 2 20 7 173
1 5 0 2 9 18 83
1 5 0 1 26 2 44
1 5 0 1 15 13 163
1 5 0 1 4 24 132
1 5 0 0 21 8 62
1 5 0 0 10 19 12
1 4 28 0 2 0 50
1 4 27 0 0 3 69
1 4 26 1 3 0 148
1 4 25 3 0 2 102
1 4 25 1 1 3 95
1 4 24 2 4 0 153
1 4 24 0 5 1 143
1 4 23 6 0 1 161
1 4 23 4 1 2 13
1 4 23 2 2 3 188
1 4 23 0 3 4 139
1 4 22 3 5 0 150
1 4 22 2 0 6 68
1 4 22 1 6 1 91
1 4 22 0 1 7 191
1 4 21 9 0 0 98
1 4 21 7 1 1 7
1 4 21 5 2 2 19
1 4 21 3 3 3 1
1 4 21 1 4 4 8
1 4 20 5 0 5 17
1 4 20 4 6 0 17
1 4 20 3 1 6 127
1 4 20 2 7 1 154
1 4 20 1 2 7 23
1 4 20 0 8 2 73
1 4 19 10 1 0 1
1 4 19 8 2 1 186
1 4 19 6 3 2 124
1 4 19 4 4 3 155
1 4 19 2 5 4 148
1 4 19 1 0 10 127
1 4 19 0 6 5 161
1 4 18 8 0 4 182
1 4 18 6 1 5 152
1 4 18 5 7 0 119
1 4 18 4 2 6 191
1 4 18 3 8 1 130
1 4 18 2 3 7 79
1 4 18 1 9 2 117
1 4 18 0 4 8 166
1 4 17 11 2 0 152
1 4 17 9 3 1 46
1 4 17 7 4 2 92
1 4 17 5 5 3 96
1 4 17 4 0 9 6
1 4 17 3 6 4 177
1 4 17 2 1 10 24
1 4 17 1 7 5 15
1 4 17 0 13 0 70
1 4 17 0 2 11 70
1 4 16 11 0 3 32
1 4 16 9 1 4 190
1 4 16 7 2 5 108
1 4 16 6 8 0 118
1 4 16 5 3 6 109
1 4 16 4 9 1 23
1 4 16 3 4 7 138
1 4 16 2 10 2 178
1 4 16 1 5 8 92
1 4 16 0 11 3 17
1 4 16 0 0 14 69
1 4 15 12 3 0 131
1 4 15 10 4 1 189
1 4 15 8 5 2 146
1 4 15 7 0 8 138
1 4 15 6 6 3 7
1 4 15 5 1 9 85
1 4 15 4 7 4 1
1 4 15 3 2 10 101
1 4 15 2 8 5 57
1 4 15 1 14 0 20
1 4 15 1 3 11 58
1 4 15 0 9 6 129
1 4 14 14 0 2 109
1 4 14 12 1 3 77
1 4 14 10 2 4 197
1 4 14 8 3 5 154
1 4 14 7 9 0 143
1 4 14 6 4 6 125
1 4 14 5 10 1 75
1 4 14 4 5 7 135
1 4 14 3 11 2 180
1 4 14 3 0 13 33
1 4 14 2 6 8 81
1 4 14 1 12 3 104
1 4 14 1 1 14 43
1 4 14 0 7 9 50
1 4 13 13 4 0 122
1 4 13 11 5 1 49
1 4 13 10 0 7 30
1 4 13 9 6 2 129
1 4 13 8 1 8 95
1 4 13 7 7 3 135
1 4 13 6 2 9 84
1 4 13 5 8 4 177
1 4 13 4 3 10 194
1 4 13 3 9 5 35
1 4 13 2 15 0 55
1 4 13 2 4 11 178
1 4 13 1 10 6 97
1 4 13 0 16 1 18
1 4 13 0 5 12 71
1 4 12 17 0 1 103
1 4 12 15 1 2 192
1 4 12 13 2 3 118
1 4 12 11 3 4 105
1 4 12 9 4 5 44
1 4 12 8 10 0 93
1 4 12 7 5 6 62
1 4 12 6 11 1 70
1 4 12 6 0 12 126
1 4 12 5 6 7 38
1 4 12 4 12 2 45
1 4 12 4 1 13 18
1 4 12 3 7 8 40
1 4 12 2 13 3 28
1 4 12 2 2 14 9
1 4 12 1 8 9 193
1 4 12 0 14 4 43
1 4 12 0 3 15 77
1 4 11 14 5 0 165
1 4 11 13 0 6 175
1 4 11 12 6 1 62
1 4 11 11 1 7 191
1 4 11 10 7 2 51
1 4 11 9 2 8 37
1 4 11 8 8 3 165
1 4 11 7 3 9 84
1 4 11 6 9 4 19
1 4 11 5 4 10 65
1 4 11 4 10 5 84
1 4 11 3 16 0 38
1 4 11 3 5 11 122
1 4 11 2 11 6 52
1 4 11 2 0 17 97
1 4 11 1 17 1 43
1 4 11 1 6 12 167
1 4 11 0 12 7 9
1 4 11 0 1 18 70
1 4 10 20 0 0 24
1 4 10 18 1 1 124
1 4 10 16 2 2 196
1 4 10 14 3 3 178
1 4 10 12 4 4 104
1 4 10 10 5 5 169
1 4 10 9 11 0 21
1 4 10 9 0 11 115
1 4 10 8 6 6 167
1 4 10 7 12 1 179
1 4 10 7 1 12 17
1 4 10 6 7 7 47
1 4 10 5 13 2 56
1 4 10 5 2 13 170
1 4 10 4 8 8 131
1 4 10 3 14 3 189
1 4 10 3 3 14 146
1 4 10 2 9 9 161
1 4 10 1 15 4 98
1 4 10 1 4 15 14
1 4 10 0 10 10 25
1 4 9 16 0 5 88
1 4 9 15 6 0 75
1 4 9 14 1 6 122
1 4 9 13 7 1 87
1 4 9 12 2 7 164
1 4 9 11 8 2 100
1 4 9 10 3 8 151
1 4 9 9 9 3 7
1 4 9 8 4 9 13
1 4 9 7 10 4 65
1 4 9 6 5 10 54
1 4 9 5 11 5 94
1 4 9 5 0 16 63
1 4 9 4 17 0 82
1 4 9 4 6 11 108
1 4 9 3 12 6 162
1 4 9 3 1 17 146
1 4 9 2 18 1 130
1 4 9 2 7 12 188
1 4 9 1 13 7 6
1 4 9 1 2 18 54
1 4 9 0 19 2 22
1 4 9 0 8 13 115
1 4 8 21 1 0 42
1 4 8 19 2 1 132
1 4 8 17 3 2 161
1 4 8 15 4 3 57
1 4 8 13 5 4 154
1 4 8 12 0 10 155
1 4 8 11 6 5 108
1 4 8 10 12 0 69
1 4 8 10 1 11 36
1 4 8 9 7 6 62
1 4 8 8 13 1 136
1 4 8 8 2 12 191
1 4 8 7 8 7 83
1 4 8 6 14 2 185
1 4 8 6 3 13 177
1 4 8 5 9 8 189
1 4 8 4 15 3 164
1 4 8 4 4 14 160
1 4 8 3 10 9 31
1 4 8 2 16 4 8
1 4 8 2 5 15 137
1 4 8 1 11 10 32
1 4 8 1 0 21 54
1 4 8 0 17 5 103
1 4 8 0 6 16 77
1 4 7 19 0 4 41
1 4 7 17 1 5 121
1 4 7 16 7 0 35
1 4 7 15 2 6 155
1 4 7 14 8 1 64
1 4 7 13 3 7 44
1 4 7 12 9 2 26
1 4 7 11 4 8 59
1 4 7 10 10 3 176
1 4 7 9 5 9 49
1 4 7 8 11 4 32
1 4 7 8 0 15 10
1 4 7 7 6 10 136
1 4 7 6 12 5 89
1 4 7 6 1 16 69
1 4 7 5 18 0 34
1 4 7 5 7 11 122
1 4 7 4 13 6 89
1 4 7 4 2 17 108
1 4 7 3 19 1 172
1 4 7 3 8 12 154
1 4 7 2 14 7 147
1 4 7 2 3 18 29
1 4 7 1 20 2 37
1 4 7 1 9 13 178
1 4 7 0 15 8 5
1 4 7 0 4 19 131
1 4 6 22 2 0 68
1 4 6 20 3 1 60
1 4 6 18 4 2 140
1 4 6 16 5 3 9
1 4 6 15 0 9 38
1 4 6 14 6 4 32
1 4 6 13 1 10 141
1 4 6 12 7 5 181
1 4 6 11 13 0 55
1 4 6 11 2 11 114
1 4 6 10 8 6 134
1 4 6 9 14 1 51
1 4 6 9 3 12 47
1 4 6 8 9 7 137
1 4 6 7 15 2 134
1 4 6 7 4 13 63
1 4 6 6 10 8 101
1 4 6 5 16 3 169
1 4 6 5 5 14 22
1 4 6 4 11 9 11
1 4 6 4 0 20 175
1 4 6 3 17 4 75
1 4 6 3 6 15 4
1 4 6 2 12 10 175
1 4 6 2 1 21 127
1 4 6 1 18 5 162
1 4 6 1 7 16 45
1 4 6 0 24 0 87
1 4 6 0 13 11 17
1 4 6 0 2 22 151
1 4 5 22 0 3 88
1 4 5 20 1 4 74
1 4 5 18 2 5 22
1 4 5 17 8 0 88
1 4 5 16 3 6 175
1 4 5 15 9 1 30
1 4 5 14 4 7 82
1 4 5 13 10 2 108
1 4 5 12 5 8 169
1 4 5 11 11 3 42
1 4 5 11 0 14 147
1 4 5 10 6 9 198
1 4 5 9 12 4 166
1 4 5 9 1 15 193
1 4 5 8 7 10 88
1 4 5 7 13 5 13
1 4 5 7 2 16 179
1 4 5 6 19 0 47
1 4 5 6 8 11 172
1 4 5 5 14 6 31
1 4 5 5 3 17 100
1 4 5 4 20 1 77
1 4 5 4 9 12 101
1 4 5 3 15 7 89
1 4 5 3 4 18 3
1 4 5 2 21 2 6
1 4 5 2 10 13 112
1 4 5 1 16 8 40
1 4 5 1 5 19 84
1 4 5 0 22 3 64
1 4 5 0 11 14 84
1 4 5 0 0 25 88
1 4 4 23 3 0 31
1 4 4 21 4 1 109
1 4 4 19 5 2 66
1 4 4 18 0 8 177
1 4 4 17 6 3 155
1 4 4 16 1 9 163
1 4 4 15 7 4 116
1 4 4 14 2 10 16
1 4 4 13 8 5 40
1 4 4 12 14 0 38
1 4 4 12 3 11 172
1 4 4 11 9 6 70
1 4 4 10 15 1 11
1 4 4 10 4 12 185
1 4 4 9 10 7 191
1 4 4 8 16 2 48
1 4 4 8 5 13 195
1 4 4 7 11 8 141
1 4 4 7 0 19 23
1 4 4 6 17 3 58
1 4 4 6 6 14 150
1 4 4 5 12 9 139
1 4 4 5 1 20 173
1 4 4 4 18 4 29
1 4 4 4 7 15 127
1 4 4 3 13 10 68
1 4 4 3 2 21 121
1 4 4 2 19 5 149
1 4 4 2 8 16 85
1 4 4 1 25 0 86
1 4 4 1 14 11 115
1 4 4 1 3 22 152
1 4 4 0 20 6 137
1 4 4 0 9 17 59
1 4 3 25 0 2 122
1 4 3 23 1 3 196
1 4 3 21 2 4 22
1 4 3 19 3 5 74
1 4 3 18 9 0 58
1 4 3 17 4 6 46
1 4 3 16 10 1 49
1 4 3 15 5 7 117
1 4 3 14 11 2 143
1 4 3 14 0 13 99
1 4 3 13 6 8 101
1 4 3 12 12 3 107
1 4 3 12 1 14 22
1 4 3 11 7 9 66
1 4 3 10 13 4 67
1 4 3 10 2 15 177
1 4 3 9 8 10 136
1 4 3 8 14 5 146
1 4 3 8 3 16 8
1 4 3 7 20 0 163
1 4 3 7 9 11 138
1 4 3 6 15 6 62
1 4 3 6 4 17 64
1 4 3 5 21 1 27
1 4 3 5 10 12 31
1 4 3 4 16 7 13
1 4 3 4 5 18 166
1 4 3 3 22 2 32
1 4 3 3 11 13 116
1 4 3 3 0 24 198
1 4 3 2 6 19 90
1 4 3 1 23 3 86
1 4 3 1 12 14 10
1 4 3 1 1 25 60
1 4 3 0 18 9 3
1 4 3 0 7 20 198
1 4 2 24 4 0 71
1 4 2 22 5 1 185
1 4 2 21 0 7 74
1 4 2 20 6 2 111
1 4 2 19 1 8 67
1 4 2 18 7 3 29
1 4 2 17 2 9 188
1 4 2 16 8 4 61
1 4 2 15 3 10 189
1 4 2 14 9 5 13
1 4 2 13 15 0 27
1 4 2 13 4 11 89
1 4 2 12 10 6 51
1 4 2 11 16 1 163
1 4 2 11 5 12 84
1 4 2 10 11 7 3
1 4 2 10 0 18 194
1 4 2 9 17 2 154
1 4 2 9 6 13 42
1 4 2 8 12 8 125
1 4 2 8 1 19 177
1 4 2 7 18 3 28
1 4 2 7 7 14 37
1 4 2 6 13 9 104
1 4 2 6 2 20 153
1 4 2 5 19 4 182
1 4 2 5 8 15 35
1 4 2 4 14 10 128
1 4 2 4 3 21 150
1 4 2 3 20 5 79
1 4 2 3 9 16 145
1 4 2 2 26 0 158
1 4 2 2 15 11 89
1 4 2 2 4 22 167
1 4 2 1 21 6 147
1 4 2 1 10 17 47
1 4 2 0 27 1 176
1 4 2 0 16 12 67
1 4 2 0 5 23 4
1 4 1 28 0 1 143
1 4 1 26 1 2 165
1 4 1 24 2 3 139
1 4 1 22 3 4 31
1 4 1 20 4 5 178
1 4 1 19 10 0 140
1 4 1 18 5 6 89
1 4 1 17 11 1 188
1 4 1 17 0 12 39
1 4 1 16 6 7 159
1 4 1 15 12 2 79
1 4 1 15 1 13 166
1 4 1 14 7 8 187
1 4 1 13 13 3 110
1 4 1 13 2 14 173
1 4 1 12 8 9 154
1 4 1 11 14 4 48
1 4 1 11 3 15 90
1 4 1 10 9 10 85
1 4 1 9 15 5 107
1 4 1 9 4 16 143
1 4 1 8 21 0 76
1 4 1 8 10 11 143
1 4 1 7 16 6 143
1 4 1 7 5 17 21
1 4 1 6 22 1 47
1 4 1 6 11 12 32
1 4 1 6 0 23 51
1 4 1 5 17 7 79
1 4 1 5 6 18 155
1 4 1 4 23 2 118
1 4 1 4 12 13 51
1 4 1 4 1 24 185
1 4 1 3 18 8 51
1 4 1 3 7 19 9
1 4 1 2 24 3 88
1 4 1 2 13 14 154
1 4 1 2 2 25 133
1 4 1 1 19 9 99
1 4 1 1 8 20 151
1 4 1 0 25 4 71
1 4 1 0 14 15 91
1 4 1 0 3 26 105
1 4 0 25 5 0 54
1 4 0 24 0 6 181
1 4 0 23 6 1 97
1 4 0 22 1 7 178
1 4 0 21 7 2 145
1 4 0 20 2 8 153
1 4 0 19 8 3 77
1 4 0 18 3 9 18
1 4 0 17 9 4 171
1 4 0 16 4 10 19
1 4 0 15 10 5 166
1 4 0 14 16 0 158
1 4 0 14 5 11 138
1 4 0 13 11 6 161
1 4 0 13 0 17 104
1 4 0 12 17 1 175
1 4 0 12 6 12 131
1 4 0 11 12 7 96
1 4 0 11 1 18 120
1 4 0 10 18 2 183
1 4 0 10 7 13 176
1 4 0 9 13 8 16
1 4 0 9 2 19 117
1 4 0 8 19 3 67
1 4 0 8 8 14 156
1 4 0 7 14 9 52
1 4 0 7 3 20 60
1 4 0 6 20 4 114
1 4 0 6 9 15 166
1 4 0 5 15 10 198
1 4 0 5 4 21 125
1 4 0 4 21 5 2
1 4 0 4 10 16 133
1 4 0 3 27 0 188
1 4 0 3 16 11 163
1 4 0 3 5 22 145
1 4 0 2 22 6 57
1 4 0 2 11 17 92
1 4 0 2 0 28 169
1 4 0 1 28 1 87
1 4 0 1 17 12 35
1 4 0 1 6 23 142
1 4 0 0 23 7 131
1 4 0 0 12 18 14
1 4 0 0 1 29 148
1 3 29 1 0 1 149
1 3 27 4 0 0 159
1 3 27 2 1 1 114
1 3 27 0 2 2 171
1 3 26 0 0 5 110
1 3 25 5 1 0 69
1 3 25 3 2 1 196
1 3 25 1 3 2 193
1 3 24 3 0 4 16
1 3 24 1 1 5 193
1 3 24 0 7 0 77
1 3 23 6 2 0 155
1 3 23 4 3 1 141
1 3 23 2 4 2 156
1 3 23 0 5 3 147
1 3 22 6 0 3 82
1 3 22 4 1 4 23
1 3 22 2 2 5 190
1 3 22 1 8 0 123
1 3 22 0 3 6 70
1 3 21 7 3 0 59
1 3 21 5 4 1 144
1 3 21 3 5 2 147
1 3 21 2 0 8 148
1 3 21 1 6 3 176
1 3 21 0 1 9 99
1 3 20 9 0 2 152
1 3 20 7 1 3 3
1 3 20 5 2 4 79
1 3 20 3 3 5 53
1 3 20 2 9 0 168
1 3 20 1 4 6 192
1 3 20 0 10 1 142
1 3 19 8 4 0 151
1 3 19 6 5 1 43
1 3 19 5 0 7 32
1 3 19 4 6 2 1
1 3 19 3 1 8 100
1 3 19 2 7 3 193
1 3 19 1 2 9 123
1 3 19 0 8 4 78
1 3 18 12 0 1 3
1 3 18 10 1 2 100
1 3 18 8 2 3 2
1 3 18 6 3 4 179
1 3 18 4 4 5 87
1 3 18 3 10 0 75
1 3 18 2 5 6 192
1 3 18 1 11 1 4
1 3 18 1 0 12 10
1 3 18 0 6 7 80
1 3 17 9 5 0 160
1 3 17 8 0 6 130
1 3 17 7 6 1 70
1 3 17 6 1 7 43
1 3 17 4 2 8 122
1 3 17 3 8 3 99
1 3 17 2 3 9 55
1 3 17 1 9 4 88
1 3 17 0 4 10 94
1 3 16 15 0 0 73
1 3 16 13 1 1 163
1 3 16 11 2 2 99
1 3 16 9 3 3 13
1 3 16 7 4 4 63
1 3 16 5 5 5 161
1 3 16 4 11 0 12
1 3 16 4 0 11 28
1 3 16 3 6 6 127
1 3 16 2 12 1 173
1 3 16 2 1 12 23
1 3 16 1 7 7 26
1 3 16 0 13 2 24
1 3 16 0 2 13 50
1 3 15 11 0 5 184
1 3 15 10 6 0 188
1 3 15 9 1 6 66
1 3 15 8 7 1 153
1 3 15 7 2 7 5
1 3 15 6 8 2 132
1 3 15 5 3 8 9
1 3 15 4 9 3 155
1 3 15 3 4 9 80
1 3 15 2 10 4 183
1 3 15 1 5 10 63
1 3 15 0 11 5 11
1 3 15 0 0 16 29
1 3 14 16 1 0 48
1 3 14 14 2 1 59
1 3 14 12 3 2 109
1 3 14 10 4 3 24
1 3 14 8 5 4 159
1 3 14 7 0 10 33
1 3 14 6 6 5 123
1 3 14 5 12 0 47
1 3 14 5 1 11 156
1 3 14 4 7 6 88
1 3 14 3 13 1 112
1 3 14 3 2 12 82
1 3 14 2 8 7 114
1 3 14 1 14 2 118
1 3 14 1 3 13 72
1 3 14 0 9 8 173
1 3 13 14 0 4 107
1 3 13 12 1 5 74
1 3 13 11 7 0 132
1 3 13 10 2 6 37
1 3 13 9 8 1 183
1 3 13 8 3 7 134
1 3 13 7 9 2 187
1 3 13 6 4 8 78
1 3 13 5 10 3 103
1 3 13 4 5 9 86
1 3 13 3 11 4 139
1 3 13 3 0 15 50
1 3 13 2 6 10 12
1 3 13 1 12 5 52
1 3 13 1 1 16 73
1 3 13 0 18 0 16
1 3 13 0 7 11 65
1 3 12 15 3 1 29
1 3 12 13 4 2 135
1 3 12 11 5 3 181
1 3 12 10 0 9 13
1 3 12 9 6 4 178
1 3 12 8 1 10 191
1 3 12 7 7 5 147
1 3 12 6 13 0 11
1 3 12 6 2 11 19
1 3 12 5 8 6 42
1 3 12 4 14 1 20
1 3 12 4 3 12 104
1 3 12 3 9 7 107
1 3 12 2 15 2 77
1 3 12 2 4 13 4
1 3 12 1 10 8 90
1 3 12 0 16 3 100
1 3 12 0 5 14 26
1 3 11 17 0 3 34
1 3 11 15 1 4 24
1 3 11 13 2 5 68
1 3 11 12 8 0 2
1 3 11 11 3 6 32
1 3 11 10 9 1 146
1 3 11 9 4 7 182
1 3 11 8 10 2 129
1 3 11 7 5 8 186
1 3 11 6 11 3 70
1 3 11 6 0 14 187
1 3 11 5 6 9 76
1 3 11 4 12 4 135
1 3 11 4 1 15 82
1 3 11 3 7 10 100
1 3 11 2 13 5 163
1 3 11 2 2 16 49
1 3 11 1 19 0 106
1 3 11 1 8 11 43
1 3 11 0 14 6 197
1 3 11 0 3 17 133
1 3 10 18 3 0 113
1 3 10 16 4 1 83
1 3 10 14 5 2 59
1 3 10 13 0 8 127
1 3 10 12 6 3 46
1 3 10 11 1 9 53
1 3 10 10 7 4 90
1 3 10 9 2 10 81
1 3 10 8 8 5 156
1 3 10 7 14 0 22
1 3 10 7 3 11 34
1 3 10 6 9 6 164
1 3 10 5 15 1 6
1 3 10 5 4 12 109
1 3 10 4 10 7 18
1 3 10 3 16 2 53
1 3 10 3 5 13 124
1 3 10 2 11 8 121
1 3 10 2 0 19 170
1 3 10 1 17 3 169
1 3 10 1 6 14 31
1 3 10 0 12 9 168
1 3 10 0 1 20 56
1 3 9 20 0 2 145
1 3 9 18 1 3 176
1 3 9 16 2 4 44
1 3 9 14 3 5 114
1 3 9 13 9 0 129
1 3 9 12 4 6 149
1 3 9 11 10 1 8
1 3 9 10 5 7 188
1 3 9 9 11 2 140
1 3 9 9 0 13 64
1 3 9 8 6 8 103
1 3 9 7 12 3 72
1 3 9 7 1 14 40
1 3 9 6 7 9 152
1 3 9 5 13 4 188
1 3 9 5 2 15 76
1 3 9 4 8 10 21
1 3 9 3 14 5 8
1 3 9 3 3 16 156
1 3 9 2 20 0 43
1 3 9 2 9 11 49
1 3 9 1 15 6 149
1 3 9 1 4 17 174
1 3 9 0 21 1 55
1 3 9 0 10 12 31
1 3 8 19 4 0 152
1 3 8 17 5 1 80
1 3 8 16 0 7 100
1 3 8 15 6 2 138
1 3 8 14 1 8 121
1 3 8 13 7 3 141
1 3 8 12 2 9 157
1 3 8 11 8 4 4
1 3 8 10 3 10 50
1 3 8 9 9 5 104
1 3 8 8 15 0 1
1 3 8 8 4 11 140
1 3 8 7 10 6 102
1 3 8 6 16 1 92
1 3 8 6 5 12 157
1 3 8 5 11 7 192
1 3 8 5 0 18 33
1 3 8 4 17 2 42
1 3 8 4 6 13 166
1 3 8 3 12 8 175
1 3 8 3 1 19 52
1 3 8 2 18 3 139
1 3 8 2 7 14 138
1 3 8 1 13 9 20
1 3 8 1 2 20 27
1 3 8 0 19 4 150
1 3 8 0 8 15 123
1 3 7 23 0 1 108
1 3 7 21 1 2 122
1 3 7 19 2 3 138
1 3 7 17 3 4 101
1 3 7 15 4 5 179
1 3 7 14 10 0 55
1 3 7 13 5 6 129
1 3 7 12 11 1 186
1 3 7 12 0 12 111
1 3 7 11 6 7 58
1 3 7 10 12 2 75
1 3 7 10 1 13 170
1 3 7 9 7 8 91
1 3 7 8 13 3 169
1 3 7 8 2 14 154
1 3 7 7 8 9 137
1 3 7 6 14 4 196
1 3 7 6 3 15 36
1 3 7 5 9 10 107
1 3 7 4 15 5 144
1 3 7 4 4 16 159
1 3 7 3 21 0 174
1 3 7 3 10 11 53
1 3 7 2 16 6 41
1 3 7 2 5 17 89
1 3 7 1 22 1 152
1 3 7 1 11 12 92
1 3 7 1 0 23 157
1 3 7 0 17 7 48
1 3 7 0 6 18 63
1 3 6 20 5 0 161
1 3 6 19 0 6 65
1 3 6 18 6 1 165
1 3 6 17 1 7 3
1 3 6 16 7 2 70
1 3 6 15 2 8 181
1 3 6 14 8 3 105
1 3 6 13 3 9 173
1 3 6 12 9 4 4
1 3 6 11 4 10 126
1 3 6 10 10 5 99
1 3 6 9 16 0 154
1 3 6 9 5 11 143
1 3 6 8 11 6 8
1 3 6 8 0 17 44
1 3 6 7 17 1 52
1 3 6 7 6 12 36
1 3 6 6 12 7 91
1 3 6 6 1 18 152
1 3 6 5 18 2 160
1 3 6 5 7 13 80
1 3 6 4 13 8 16
1 3 6 4 2 19 112
1 3 6 3 19 3 108
1 3 6 3 8 14 113
1 3 6 2 14 9 172
1 3 6 2 3 20 161
1 3 6 1 20 4 180
1 3 6 1 9 15 116
1 3 6 0 15 10 15
1 3 6 0 4 21 191
1 3 5 26 0 0 86
1 3 5 24 1 1 19
1 3 5 22 2 2 115
1 3 5 20 3 3 80
1 3 5 18 4 4 110
1 3 5 16 5 5 150
1 3 5 15 11 0 163
1 3 5 15 0 11 196
1 3 5 14 6 6 22
1 3 5 13 12 1 39
1 3 5 13 1 12 148
1 3 5 12 7 7 12
1 3 5 11 13 2 127
1 3 5 11 2 13 35
1 3 5 10 8 8 139
1 3 5 9 14 3 46
1 3 5 9 3 14 184
1 3 5 8 9 9 35
1 3 5 7 15 4 54
1 3 5 7 4 15 19
1 3 5 6 10 10 83
1 3 5 5 16 5 83
1 3 5 5 5 16 172
1 3 5 4 22 0 127
1 3 5 4 11 11 96
1 3 5 4 0 22 34
1 3 5 3 17 6 183
1 3 5 3 6 17 182
1 3 5 2 23 1 71
1 3 5 2 12 12 89
1 3 5 2 1 23 2
1 3 5 1 18 7 53
1 3 5 1 7 18 85
1 3 5 0 24 2 67
1 3 5 0 13 13 23
1 3 5 0 2 24 120
1 3 4 22 0 5 2
1 3 4 21 6 0 56
1 3 4 20 1 6 96
1 3 4 19 7 1 124
1 3 4 18 2 7 124
1 3 4 17 8 2 119
1 3 4 16 3 8 99
1 3 4 15 9 3 40
1 3 4 14 4 9 44
1 3 4 13 10 4 118
1 3 4 12 5 10 11
1 3 4 11 11 5 189
1 3 4 10 17 0 117
1 3 4 10 6 11 55
1 3 4 9 12 6 29
1 3 4 9 1 17 63
1 3 4 8 18 1 65
1 3 4 8 7 12 158
1 3 4 7 13 7 194
1 3 4 7 2 18 24
1 3 4 6 19 2 182
1 3 4 6 8 13 121
1 3 4 5 14 8 32
1 3 4 5 3 19 104
1 3 4 4 20 3 1
1 3 4 4 9 14 180
1 3 4 3 15 9 77
1 3 4 3 4 20 140
1 3 4 2 21 4 14
1 3 4 2 10 15 60
1 3 4 1 16 10 59
1 3 4 1 5 21 113
1 3 4 0 22 5 115
1 3 4 0 11 16 119
1 3 4 0 0 27 10
1 3 3 27 1 0 54
1 3 3 25 2 1 168
1 3 3 23 3 2 100
1 3 3 21 4 3 116
1 3 3 19 5 4 77
1 3 3 18 0 10 76
1 3 3 17 6 5 175
1 3 3 16 12 0 110
1 3 3 16 1 11 175
1 3 3 15 7 6 90
1 3 3 14 13 1 134
1 3 3 14 2 12 114
1 3 3 13 8 7 1
1 3 3 12 14 2 76
1 3 3 12 3 13 76
1 3 3 11 9 8 52
1 3 3 10 15 3 38
1 3 3 10 4 14 41
1 3 3 9 10 9 13
1 3 3 8 16 4 97
1 3 3 8 5 15 132
1 3 3 7 11 10 71
1 3 3 7 0 21 96
1 3 3 6 17 5 20
1 3 3 6 6 16 87
1 3 3 5 23 0 63
1 3 3 5 12 11 145
1 3 3 5 1 22 143
1 3 3 4 18 6 50
1 3 3 4 7 17 142
1 3 3 3 24 1 147
1 3 3 3 13 12 160
1 3 3 3 2 23 101
1 3 3 2 19 7 192
1 3 3 2 8 18 86
1 3 3 1 25 2 195
1 3 3 1 14 13 117
1 3 3 1 3 24 136
1 3 3 0 20 8 128
1 3 3 0 9 19 9
1 3 2 25 0 4 19
1 3 2 23 1 5 91
1 3 2 22 7 0 31
1 3 2 21 2 6 120
1 3 2 20 8 1 143
1 3 2 19 3 7 9
1 3 2 18 9 2 108
1 3 2 17 4 8 67
1 3 2 16 10 3 25
1 3 2 15 5 9 41
1 3 2 14 11 4 57
1 3 2 14 0 15 154
1 3 2 13 6 10 50
1 3 2 12 12 5 77
1 3 2 12 1 16 43
1 3 2 11 18 0 167
1 3 2 11 7 11 87
1 3 2 10 13 6 75
1 3 2 10 2 17 58
1 3 2 9 19 1 99
1 3 2 9 8 12 67
1 3 2 8 14 7 85
1 3 2 8 3 18 93
1 3 2 7 20 2 123
1 3 2 7 9 13 66
1 3 2 6 15 8 16
1 3 2 6 4 19 105
1 3 2 5 21 3 55
1 3 2 5 10 14 25
1 3 2 4 16 9 73
1 3 2 4 5 20 180
1 3 2 3 22 4 5
1 3 2 3 11 15 145
1 3 2 3 0 26 112
1 3 2 2 17 10 166
1 3 2 2 6 21 194
1 3 2 1 23 5 69
1 3 2 1 12 16 169
1 3 2 1 1 27 44
1 3 2 0 29 0 68
1 3 2 0 18 11 140
1 3 2 0 7 22 51
1 3 1 28 2 0 83
1 3 1 26 3 1 14
1 3 1 24 4 2 7
1 3 1 22 5 3 181
1 3 1 21 0 9 27
1 3 1 20 6 4 52
1 3 1 19 1 10 125
1 3 1 18 7 5 198
1 3 1 17 13 0 159
1 3 1 17 2 11 53
1 3 1 16 8 6 35
1 3 1 15 14 1 150
1 3 1 15 3 12 20
1 3 1 14 9 7 2
1 3 1 13 15 2 151
1 3 1 13 4 13 167
1 3 1 12 10 8 39
1 3 1 11 16 3 27
1 3 1 11 5 14 47
1 3 1 10 11 9 135
1 3 1 10 0 20 46
1 3 1 9 17 4 105
1 3 1 9 6 15 92
1 3 1 8 12 10 175
1 3 1 8 1 21 136
1 3 1 7 18 5 100
1 3 1 7 7 16 195
1 3 1 6 24 0 49
1 3 1 6 13 11 25
1 3 1 6 2 22 154
1 3 1 5 19 6 163
1 3 1 5 8 17 92
1 3 1 4 25 1 115
1 3 1 4 14 12 22
1 3 1 4 3 23 173
1 3 1 3 20 7 107
1 3 1 3 9 18 6
1 3 1 2 26 2 39
1 3 1 2 15 13 40
1 3 1 2 4 24 153
1 3 1 1 21 8 162
1 3 1 1 10 19 57
1 3 1 0 27 3 2
1 3 1 0 16 14 52
1 3 1 0 5 25 43
1 3 0 28 0 3 113
1 3 0 26 1 4 172
1 3 0 24 2 5 91
1 3 0 23 8 0 142
1 3 0 22 3 6 42
1 3 0 21 9 1 180
1 3 0 20 4 7 194
1 3 0 19 10 2 146
1 3 0 18 5 8 51
1 3 0 17 11 3 49
1 3 0 17 0 14 25
1 3 0 16 6 9 51
1 3 0 15 12 4 101
1 3 0 15 1 15 47
1 3 0 14 7 10 138
1 3 0 13 13 5 149
1 3 0 13 2 16 89
1 3 0 12 19 0 184
1 3 0 12 8 11 44
1 3 0 11 14 6 93
1 3 0 11 3 17 2
1 3 0 10 20 1 87
1 3 0 10 9 12 41
1 3 0 9 15 7 23
1 3 0 9 4 18 44
1 3 0 8 21 2 151
1 3 0 8 10 13 163
1 3 0 7 16 8 85
1 3 0 7 5 19 151
1 3 0 6 22 3 68
1 3 0 6 11 14 138
1 3 0 6 0 25 35
1 3 0 5 17 9 99
1 3 0 5 6 20 79
1 3 0 4 23 4 188
1 3 0 4 12 15 93
1 3 0 4 1 26 4
1 3 0 3 18 10 23
1 3 0 3 7 21 103
1 3 0 2 24 5 99
1 3 0 2 13 16 76
1 3 0 2 2 27 133
1 3 0 1 30 0 81
1 3 0 1 19 11 176
1 3 0 1 8 22 56
1 3 0 0 25 6 104
1 3 0 0 14 17 68
1 3 0 0 3 28 110
1 2 31 0 1 0 175
1 2 29 1 2 0 105
1 2 28 1 0 3 82
1 2 27 2 3 0 134
1 2 27 0 4 1 79
1 2 26 4 0 2 139
1 2 26 2 1 3 36
1 2 26 0 2 4 40
1 2 25 3 4 0 196
1 2 25 1 5 1 62
1 2 25 0 0 7 67
1 2 24 7 0 1 115
1 2 24 5 1 2 113
1 2 24 3 2 3 43
1 2 24 1 3 4 169
1 2 23 4 5 0 67
1 2 23 3 0 6 94
1 2 23 2 6 1 123
1 2 23 1 1 7 188
1 2 23 0 7 2 94
1 2 22 10 0 0 67
1 2 22 8 1 1 88
1 2 22 6 2 2 119
1 2 22 4 3 3 56
1 2 22 2 4 4 50
1 2 22 0 5 5 188
1 2 21 6 0 5 21
1 2 21 5 6 0 68
1 2 21 4 1 6 2
1 2 21 3 7 1 106
1 2 21 2 2 7 85
1 2 21 1 8 2 159
1 2 21 0 3 8 35
1 2 20 11 1 0 194
1 2 20 9 2 1 86
1 2 20 7 3 2 170
1 2 20 5 4 3 78
1 2 20 3 5 4 43
1 2 20 2 0 10 168
1 2 20 1 6 5 36
1 2 20 0 12 0 83
1 2 20 0 1 11 186
1 2 19 9 0 4 127
1 2 19 7 1 5 103
1 2 19 6 7 0 90
1 2 19 5 2 6 126
1 2 19 4 8 1 20
1 2 19 3 3 7 146
1 2 19 2 9 2 24
1 2 19 1 4 8 45
1 2 19 0 10 3 16
1 2 18 12 2 0 72
1 2 18 10 3 1 79
1 2 18 8 4 2 7
1 2 18 6 5 3 73
1 2 18 5 0 9 42
1 2 18 4 6 4 122
1 2 18 3 1 10 126
1 2 18 2 7 5 20
1 2 18 1 13 0 181
1 2 18 1 2 11 3
1 2 18 0 8 6 5
1 2 17 12 0 3 129
1 2 17 10 1 4 26
1 2 17 8 2 5 131
1 2 17 7 8 0 11
1 2 17 6 3 6 166
1 2 17 5 9 1 60
1 2 17 4 4 7 95
1 2 17 3 10 2 104
1 2 17 2 5 8 196
1 2 17 1 11 3 69
1 2 17 1 0 14 105
1 2 17 0 6 9 159
1 2 16 13 3 0 28
1 2 16 11 4 1 66
1 2 16 9 5 2 58
1 2 16 8 0 8 53
1 2 16 7 6 3 197
1 2 16 6 1 9 116
1 2 16 5 7 4 15
1 2 16 4 2 10 54
1 2 16 3 8 5 46
1 2 16 2 14 0 168
1 2 16 2 3 11 154
1 2 16 1 9 6 196
1 2 16 0 15 1 42
1 2 16 0 4 12 157
1 2 15 15 0 2 112
1 2 15 13 1 3 124
1 2 15 11 2 4 3
1 2 15 9 3 5 195
1 2 15 8 9 0 118
1 2 15 7 4 6 68
1 2 15 6 10 1 48
1 2 15 5 5 7 13
1 2 15 4 11 2 55
1 2 15 4 0 13 135
1 2 15 3 6 8 167
1 2 15 2 12 3 185
1 2 15 2 1 14 115
1 2 15 1 7 9 162
1 2 15 0 13 4 146
1 2 15 0 2 15 127
1 2 14 14 4 0 133
1 2 14 12 5 1 154
1 2 14 11 0 7 49
1 2 14 10 6 2 87
1 2 14 9 1 8 26
1 2 14 8 7 3 2
1 2 14 7 2 9 146
1 2 14 6 8 4 95
1 2 14 5 3 10 159
1 2 14 4 9 5 93
1 2 14 3 15 0 114
1 2 14 3 4 11 178
1 2 14 2 10 6 163
1 2 14 1 16 1 84
1 2 14 1 5 12 163
1 2 14 0 11 7 52
1 2 14 0 0 18 88
1 2 13 18 0 1 126
1 2 13 16 1 2 177
1 2 13 14 2 3 130
1 2 13 12 3 4 87
1 2 13 10 4 5 69
1 2 13 9 10 0 61
1 2 13 8 5 6 120
1 2 13 7 11 1 60
1 2 13 7 0 12 148
1 2 13 6 6 7 3
1 2 13 5 12 2 90
1 2 13 5 1 13 72
1 2 13 4 7 8 40
1 2 13 3 13 3 135
1 2 13 3 2 14 69
1 2 13 2 8 9 4
1 2 13 1 14 4 127
1 2 13 1 3 15 119
1 2 13 0 9 10 173
1 2 12 15 5 0 127
1 2 12 14 0 6 170
1 2 12 13 6 1 45
1 2 12 12 1 7 1
1 2 12 11 7 2 136
1 2 12 10 2 8 50
1 2 12 9 8 3 139
1 2 12 8 3 9 65
1 2 12 7 9 4 82
1 2 12 6 4 10 115
1 2 12 5 10 5 86
1 2 12 4 16 0 39
1 2 12 4 5 11 105
1 2 12 3 11 6 71
1 2 12 3 0 17 62
1 2 12 2 17 1 45
1 2 12 2 6 12 80
1 2 12 1 12 7 88
1 2 12 1 1 18 57
1 2 12 0 18 2 96
1 2 12 0 7 13 154
1 2 11 21 0 0 183
1 2 11 19 1 1 143
1 2 11 17 2 2 67
1 2 11 15 3 3 85
1 2 11 13 4 4 98
1 2 11 11 5 5 44
1 2 11 10 11 0 4
1 2 11 10 0 11 128
1 2 11 9 6 6 135
1 2 11 8 12 1 34
1 2 11 8 1 12 86
1 2 11 7 7 7 59
1 2 11 6 13 2 161
1 2 11 6 2 13 43
1 2 11 5 8 8 80
1 2 11 4 14 3 69
1 2 11 4 3 14 158
1 2 11 3 9 9 137
1 2 11 2 15 4 26
1 2 11 2 4 15 78
1 2 11 1 10 10 96
1 2 11 0 16 5 21
1 2 11 0 5 16 160
1 2 10 17 0 5 133
1 2 10 16 6 0 32
1 2 10 15 1 6 67
1 2 10 14 7 1 3
1 2 10 13 2 7 124
1 2 10 12 8 2 76
1 2 10 11 3 8 107
1 2 10 10 9 3 173
1 2 10 9 4 9 94
1 2 10 8 10 4 77
1 2 10 7 5 10 16
1 2 10 6 11 5 186
1 2 10 6 0 16 175
1 2 10 5 17 0 82
1 2 10 5 6 11 167
1 2 10 4 12 6 11
1 2 10 4 1 17 14
1 2 10 3 18 1 152
1 2 10 3 7 12 126
1 2 10 2 13 7 114
1 2 10 2 2 18 80
1 2 10 1 19 2 119
1 2 10 1 8 13 37
1 2 10 0 14 8 159
1 2 10 0 3 19 78
1 2 9 22 1 0 170
1 2 9 20 2 1 155
1 2 9 18 3 2 198
1 2 9 16 4 3 45
1 2 9 14 5 4 165
1 2 9 13 0 10 23
1 2 9 12 6 5 156
1 2 9 11 12 0 26
1 2 9 11 1 11 80
1 2 9 10 7 6 97
1 2 9 9 13 1 147
1 2 9 9 2 12 149
1 2 9 8 8 7 124
1 2 9 7 14 2 39
1 2 9 7 3 13 124
1 2 9 6 9 8 63
1 2 9 5 15 3 143
1 2 9 5 4 14 54
1 2 9 4 10 9 52
1 2 9 3 16 4 104
1 2 9 3 5 15 77
1 2 9 2 11 10 15
1 2 9 2 0 21 67
1 2 9 1 17 5 197
1 2 9 1 6 16 114
1 2 9 0 23 0 2
1 2 9 0 12 11 114
1 2 9 0 1 22 190
1 2 8 20 0 4 182
1 2 8 18 1 5 182
1 2 8 17 7 0 57
1 2 8 16 2 6 18
1 2 8 15 8 1 176
1 2 8 14 3 7 111
1 2 8 13 9 2 17
1 2 8 12 4 8 194
1 2 8 11 10 3 190
1 2 8 10 5 9 23
1 2 8 9 11 4 183
1 2 8 9 0 15 81
1 2 8 8 6 10 177
1 2 8 7 12 5 126
1 2 8 7 1 16 181
1 2 8 6 18 0 42
1 2 8 6 7 11 122
1 2 8 5 13 6 175
1 2 8 5 2 17 26
1 2 8 4 19 1 145
1 2 8 4 8 12 104
1 2 8 3 14 7 155
1 2 8 3 3 18 51
1 2 8 2 20 2 40
1 2 8 2 9 13 191
1 2 8 1 15 8 125
1 2 8 1 4 19 106
1 2 8 0 21 3 58
1 2 8 0 10 14 172
1 2 7 23 2 0 110
1 2 7 21 3 1 188
1 2 7 19 4 2 79
1 2 7 17 5 3 176
1 2 7 16 0 9 92
1 2 7 15 6 4 154
1 2 7 14 1 10 121
1 2 7 13 7 5 77
1 2 7 12 13 0 106
1 2 7 12 2 11 89
1 2 7 11 8 6 50
1 2 7 10 14 1 85
1 2 7 10 3 12 87
1 2 7 9 9 7 125
1 2 7 8 15 2 147
1 2 7 8 4 13 192
1 2 7 7 10 8 152
1 2 7 6 16 3 35
1 2 7 6 5 14 45
1 2 7 5 11 9 11
1 2 7 5 0 20 193
1 2 7 4 17 4 42
1 2 7 4 6 15 51
1 2 7 3 12 10 186
1 2 7 3 1 21 135
1 2 7 2 18 5 75
1 2 7 2 7 16 15
1 2 7 1 24 0 42
1 2 7 1 13 11 88
1 2 7 1 2 22 159
1 2 7 0 19 6 196
1 2 7 0 8 17 156
1 2 6 23 0 3 58
1 2 6 21 1 4 41
1 2 6 19 2 5 45
1 2 6 18 8 0 99
1 2 6 17 3 6 74
1 2 6 16 9 1 43
1 2 6 15 4 7 56
1 2 6 14 10 2 156
1 2 6 13 5 8 29
1 2 6 12 11 3 127
1 2 6 12 0 14 144
1 2 6 11 6 9 58
1 2 6 10 12 4 30
1 2 6 10 1 15 38
1 2 6 9 7 10 50
1 2 6 8 13 5 197
1 2 6 8 2 16 68
1 2 6 7 19 0 190
1 2 6 7 8 11 134
1 2 6 6 14 6 190
1 2 6 6 3 17 24
1 2 6 5 20 1 190
1 2 6 5 9 12 109
1 2 6 4 15 7 65
1 2 6 4 4 18 198
1 2 6 3 21 2 186
1 2 6 3 10 13 62
1 2 6 2 16 8 73
1 2 6 2 5 19 196
1 2 6 1 22 3 82
1 2 6 1 11 14 77
1 2 6 1 0 25 128
1 2 6 0 17 9 20
1 2 6 0 6 20 86
1 2 5 24 3 0 182
1 2 5 22 4 1 36
1 2 5 20 5 2 95
1 2 5 19 0 8 110
1 2 5 18 6 3 24
1 2 5 17 1 9 193
1 2 5 16 7 4 56
1 2 5 15 2 10 22
1 2 5 14 8 5 88
1 2 5 13 14 0 6
1 2 5 13 3 11 153
1 2 5 12 9 6 50
1 2 5 11 15 1 82
1 2 5 11 4 12 134
1 2 5 10 10 7 111
1 2 5 9 16 2 177
1 2 5 9 5 13 15
1 2 5 8 11 8 22
1 2 5 8 0 19 25
1 2 5 7 17 3 44
1 2 5 7 6 14 70
1 2 5 6 12 9 160
1 2 5 6 1 20 98
1 2 5 5 18 4 69
1 2 5 5 7 15 105
1 2 5 4 13 10 161
1 2 5 4 2 21 73
1 2 5 3 19 5 80
1 2 5 3 8 16 170
1 2 5 2 25 0 73
1 2 5 2 14 11 4
1 2 5 2 3 22 30
1 2 5 1 20 6 166
1 2 5 1 9 17 144
1 2 5 0 26 1 72
1 2 5 0 15 12 151
1 2 5 0 4 23 57
1 2 4 26 0 2 76
1 2 4 24 1 3 192
1 2 4 22 2 4 30
1 2 4 20 3 5 42
1 2 4 19 9 0 191
1 2 4 18 4 6 23
1 2 4 17 10 1 76
1 2 4 16 5 7 110
1 2 4 15 11 2 117
1 2 4 15 0 13 30
1 2 4 14 6 8 144
1 2 4 13 12 3 69
1 2 4 13 1 14 152
1 2 4 12 7 9 175
1 2 4 11 13 4 113
1 2 4 11 2 15 111
1 2 4 10 8 10 142
1 2 4 9 14 5 65
1 2 4 9 3 16 133
1 2 4 8 20 0 21
1 2 4 8 9 11 98
1 2 4 7 15 6 37
1 2 4 7 4 17 91
1 2 4 6 21 1 3
1 2 4 6 10 12 76
1 2 4 5 16 7 151
1 2 4 5 5 18 5
1 2 4 4 22 2 23
1 2 4 4 11 13 12
1 2 4 4 0 24 136
1 2 4 3 17 8 152
1 2 4 3 6 19 11
1 2 4 2 23 3 87
1 2 4 2 12 14 152
1 2 4 2 1 25 178
1 2 4 1 18 9 190
1 2 4 1 7 20 46
1 2 4 0 24 4 116
1 2 4 0 13 15 192
1 2 4 0 2 26 104
1 2 3 25 4 0 120
1 2 3 23 5 1 112
1 2 3 22 0 7 104
1 2 3 21 6 2 12
1 2 3 20 1 8 179
1 2 3 19 7 3 187
1 2 3 18 2 9 120
1 2 3 17 8 4 3
1 2 3 16 3 10 109
1 2 3 15 9 5 137
1 2 3 14 15 0 30
1 2 3 14 4 11 80
1 2 3 13 10 6 86
1 2 3 12 16 1 186
1 2 3 12 5 12 63
1 2 3 11 11 7 179
1 2 3 11 0 18 77
1 2 3 10 17 2 130
1 2 3 10 6 13 117
1 2 3 9 12 8 97
1 2 3 9 1 19 122
1 2 3 8 18 3 118
1 2 3 8 7 14 75
1 2 3 7 13 9 147
1 2 3 7 2 20 57
1 2 3 6 19 4 69
1 2 3 6 8 15 197
1 2 3 5 14 10 105
1 2 3 5 3 21 143
1 2 3 4 20 5 44
1 2 3 4 9 16 137
1 2 3 3 26 0 18
1 2 3 3 15 11 67
1 2 3 3 4 22 112
1 2 3 2 21 6 94
1 2 3 2 10 17 25
1 2 3 1 27 1 3
1 2 3 1 16 12 28
1 2 3 1 5 23 67
1 2 3 0 22 7 61
1 2 3 0 11 18 50
1 2 3 0 0 29 43
1 2 2 29 0 1 142
1 2 2 27 1 2 165
1 2 2 25 2 3 128
1 2 2 23 3 4 180
1 2 2 21 4 5 89
1 2 2 20 10 0 51
1 2 2 19 5 6 136
1 2 2 18 11 1 89
1 2 2 18 0 12 84
1 2 2 17 6 7 11
1 2 2 16 12 2 105
1 2 2 16 1 13 139
1 2 2 15 7 8 103
1 2 2 14 13 3 194
1 2 2 14 2 14 34
1 2 2 13 8 9 73
1 2 2 12 14 4 132
1 2 2 12 3 15 61
1 2 2 11 9 10 167
1 2 2 10 15 5 25
1 2 2 10 4 16 30
1 2 2 9 21 0 191
1 2 2 9 10 11 19
1 2 2 8 16 6 48
1 2 2 8 5 17 72
1 2 2 7 22 1 187
1 2 2 7 11 12 9
1 2 2 7 0 23 94
1 2 2 6 17 7 20
1 2 2 6 6 18 160
1 2 2 5 23 2 129
1 2 2 5 12 13 133
1 2 2 5 1 24 74
1 2 2 4 18 8 88
1 2 2 4 7 19 52
1 2 2 3 24 3 84
1 2 2 3 13 14 91
1 2 2 3 2 25 4
1 2 2 2 19 9 24
1 2 2 2 8 20 79
1 2 2 1 25 4 118
1 2 2 1 14 15 64
1 2 2 1 3 26 150
1 2 2 0 20 10 110
1 2 2 0 9 21 74
1 2 1 26 5 0 166
1 2 1 25 0 6 158
1 2 1 24 6 1 80
1 2 1 23 1 7 169
1 2 1 22 7 2 168
1 2 1 21 2 8 6
1 2 1 20 8 3 120
1 2 1 19 3 9 76
1 2 1 18 9 4 59
1 2 1 17 4 10 144
1 2 1 16 10 5 193
1 2 1 15 16 0 43
1 2 1 15 5 11 21
1 2 1 14 11 6 76
1 2 1 14 0 17 104
1 2 1 13 17 1 185
1 2 1 13 6 12 24
1 2 1 12 12 7 169
1 2 1 12 1 18 137
1 2 1 11 18 2 96
1 2 1 11 7 13 4
1 2 1 10 13 8 186
1 2 1 10 2 19 96
1 2 1 9 19 3 110
1 2 1 9 8 14 98
1 2 1 8 14 9 3
1 2 1 8 3 20 48
1 2 1 7 20 4 185
1 2 1 7 9 15 175
1 2 1 6 15 10 58
1 2 1 6 4 21 141
1 2 1 5 21 5 89
1 2 1 5 10 16 25
1 2 1 4 27 0 153
1 2 1 4 16 11 117
1 2 1 4 5 22 138
1 2 1 3 22 6 185
1 2 1 3 11 17 50
1 2 1 3 0 28 79
1 2 1 2 28 1 188
1 2 1 2 17 12 32
1 2 1 2 6 23 190
1 2 1 1 23 7 108
1 2 1 1 12 18 188
1 2 1 1 1 29 4
1 2 1 0 29 2 161
1 2 1 0 18 13 39
1 2 1 0 7 24 93
1 2 0 32 0 0 12
1 2 0 30 1 1 184
1 2 0 28 2 2 14
1 2 0 26 3 3 7
1 2 0 24 4 4 67
1 2 0 22 5 5 19
1 2 0 21 11 0 177
1 2 0 21 0 11 77
1 2 0 20 6 6 90
1 2 0 19 12 1 67
1 2 0 19 1 12 161
1 2 0 18 7 7 197
1 2 0 17 13 2 113
1 2 0 17 2 13 109
1 2 0 16 8 8 146
1 2 0 15 14 3 133
1 2 0 15 3 14 90
1 2 0 14 9 9 164
1 2 0 13 15 4 104
1 2 0 13 4 15 93
1 2 0 12 10 10 108
1 2 0 11 16 5 22
1 2 0 11 5 16 116
1 2 0 10 22 0 94
1 2 0 10 11 11 186
1 2 0 10 0 22 80
1 2 0 9 17 6 25
1 2 0 9 6 17 33
1 2 0 8 23 1 44
1 2 0 8 12 12 151
1 2 0 8 1 23 128
1 2 0 7 18 7 195
1 2 0 7 7 18 84
1 2 0 6 24 2 114
1 2 0 6 13 13 55
1 2 0 6 2 24 161
1 2 0 5 19 8 31
1 2 0 4 25 3 62
1 2 0 4 14 14 189
1 2 0 4 3 25 104
1 2 0 3 20 9 67
1 2 0 3 9 20 47
1 2 0 2 26 4 108
1 2 0 2 15 15 195
1 2 0 2 4 26 40
1 2 0 1 21 10 142
1 2 0 1 10 21 123
1 2 0 0 27 5 31
1 2 0 0 16 16 70
1 2 0 0 5 27 165
1 1 30 2 0 1 28
1 1 30 0 1 2 43
1 1 28 5 0 0 154
1 1 28 3 1 1 58
1 1 28 1 2 2 76
1 1 27 1 0 5 15
1 1 27 0 6 0 192
1 1 26 6 1 0 108
1 1 26 4 2 1 120
1 1 26 2 3 2 136
1 1 26 0 4 3 128
1 1 25 4 0 4 197
1 1 25 2 1 5 21
1 1 25 1 7 0 172
1 1 25 0 2 6 110
1 1 24 7 2 0 149
1 1 24 5 3 1 117
1 1 24 3 4 2 85
1 1 24 1 5 3 111
1 1 24 0 0 9 169
1 1 23 7 0 3 156
1 1 23 5 1 4 40
1 1 23 3 2 5 134
1 1 23 2 8 0 133
1 1 23 1 3 6 47
1 1 23 0 9 1 143
1 1 22 8 3 0 111
1 1 22 6 4 1 118
1 1 22 4 5 2 115
1 1 22 3 0 8 72
1 1 22 2 6 3 158
1 1 22 1 1 9 149
1 1 22 0 7 4 129
1 1 21 10 0 2 133
1 1 21 8 1 3 146
1 1 21 6 2 4 28
1 1 21 4 3 5 57
1 1 21 3 9 0 60
1 1 21 2 4 6 55
1 1 21 1 10 1 160
1 1 21 0 5 7 172
1 1 20 9 4 0 143
1 1 20 7 5 1 51
1 1 20 6 0 7 95
1 1 20 5 6 2 13
1 1 20 4 1 8 139
1 1 20 3 7 3 196
1 1 20 2 2 9 105
1 1 20 1 8 4 121
1 1 20 0 3 10 89
1 1 19 13 0 1 177
1 1 19 11 1 2 156
1 1 19 9 2 3 140
1 1 19 7 3 4 135
1 1 19 5 4 5 167
1 1 19 4 10 0 59
1 1 19 3 5 6 118
1 1 19 2 11 1 168
1 1 19 2 0 12 100
1 1 19 1 6 7 14
1 1 19 0 12 2 114
1 1 19 0 1 13 7
1 1 18 10 5 0 21
1 1 18 9 0 6 5
1 1 18 8 6 1 10
1 1 18 7 1 7 6
1 1 18 6 7 2 118
1 1 18 5 2 8 114
1 1 18 4 8 3 179
1 1 18 3 3 9 136
1 1 18 2 9 4 118
1 1 18 1 4 10 176
1 1 18 0 10 5 127
1 1 17 16 0 0 72
1 1 17 14 1 1 190
1 1 17 12 2 2 127
1 1 17 10 3 3 22
1 1 17 8 4 4 60
1 1 17 6 5 5 180
1 1 17 5 11 0 163
1 1 17 5 0 11 14
1 1 17 4 6 6 85
1 1 17 3 12 1 2
1 1 17 3 1 12 121
1 1 17 2 7 7 157
1 1 17 1 13 2 10
1 1 17 1 2 13 161
1 1 17 0 8 8 162
1 1 16 12 0 5 92
1 1 16 11 6 0 12
1 1 16 10 1 6 130
1 1 16 9 7 1 179
1 1 16 8 2 7 48
1 1 16 7 8 2 189
1 1 16 6 3 8 49
1 1 16 5 9 3 129
1 1 16 4 4 9 66
1 1 16 3 10 4 101
1 1 16 2 5 10 121
1 1 16 1 11 5 18
1 1 16 1 0 16 86
1 1 16 0 17 0 76
1 1 16 0 6 11 120
1 1 15 17 1 0 123
1 1 15 15 2 1 41
1 1 15 13 3 2 139
1 1 15 11 4 3 114
1 1 15 9 5 4 27
1 1 15 8 0 10 129
1 1 15 7 6 5 106
1 1 15 6 12 0 59
1 1 15 6 1 11 99
1 1 15 5 7 6 68
1 1 15 4 13 1 8
1 1 15 4 2 12 154
1 1 15 3 8 7 88
1 1 15 2 14 2 196
1 1 15 2 3 13 175
1 1 15 1 9 8 50
1 1 15 0 15 3 116
1 1 15 0 4 14 172
1 1 14 15 0 4 36
1 1 14 13 1 5 155
1 1 14 12 7 0 170
1 1 14 11 2 6 6
1 1 14 10 8 1 92
1 1 14 9 3 7 153
1 1 14 8 9 2 108
1 1 14 7 4 8 136
1 1 14 6 10 3 30
1 1 14 5 5 9 104
1 1 14 4 11 4 118
1 1 14 4 0 15 183
1 1 14 3 6 10 15
1 1 14 2 12 5 118
1 1 14 2 1 16 111
1 1 14 1 18 0 60
1 1 14 1 7 11 47
1 1 14 0 13 6 164
1 1 14 0 2 17 68
1 1 13 18 2 0 180
1 1 13 16 3 1 31
1 1 13 14 4 2 192
1 1 13 12 5 3 59
1 1 13 11 0 9 1
1 1 13 10 6 4 42
1 1 13 9 1 10 12
1 1 13 8 7 5 189
1 1 13 7 13 0 11
1 1 13 7 2 11 59
1 1 13 6 8 6 140
1 1 13 5 14 1 61
1 1 13 5 3 12 155
1 1 13 4 9 7 77
1 1 13 3 15 2 44
1 1 13 3 4 13 196
1 1 13 2 10 8 112
1 1 13 1 16 3 93
1 1 13 1 5 14 4
1 1 13 0 11 9 114
1 1 13 0 0 20 185
1 1 12 18 0 3 137
1 1 12 16 1 4 8
1 1 12 14 2 5 177
1 1 12 13 8 0 141
1 1 12 12 3 6 197
1 1 12 11 9 1 22
1 1 12 10 4 7 125
1 1 12 9 10 2 110
1 1 12 8 5 8 75
1 1 12 7 11 3 75
1 1 12 7 0 14 103
1 1 12 6 6 9 43
1 1 12 5 12 4 52
1 1 12 5 1 15 185
1 1 12 4 7 10 91
1 1 12 3 13 5 66
1 1 12 3 2 16 27
1 1 12 2 19 0 173
1 1 12 2 8 11 18
1 1 12 1 14 6 16
1 1 12 1 3 17 4
1 1 12 0 20 1 41
1 1 12 0 9 12 52
1 1 11 19 3 0 58
1 1 11 17 4 1 192
1 1 11 15 5 2 95
1 1 11 14 0 8 179
1 1 11 13 6 3 134
1 1 11 12 1 9 37
1 1 11 11 7 4 76
1 1 11 10 2 10 23
1 1 11 9 8 5 107
1 1 11 8 14 0 10
1 1 11 8 3 11 115
1 1 11 7 9 6 51
1 1 11 6 15 1 196
1 1 11 6 4 12 8
1 1 11 5 10 7 17
1 1 11 4 16 2 95
1 1 11 4 5 13 7
1 1 11 3 11 8 180
1 1 11 3 0 19 102
1 1 11 2 17 3 84
1 1 11 2 6 14 107
1 1 11 1 12 9 22
1 1 11 1 1 20 93
1 1 11 0 18 4 157
1 1 11 0 7 15 65
1 1 10 21 0 2 74
1 1 10 19 1 3 128
1 1 10 17 2 4 176
1 1 10 15 3 5 71
1 1 10 14 9 0 108
1 1 10 13 4 6 95
1 1 10 12 10 1 184
1 1 10 11 5 7 24
1 1 10 10 11 2 46
1 1 10 10 0 13 170
1 1 10 9 6 8 142
1 1 10 8 12 3 164
1 1 10 8 1 14 48
1 1 10 7 7 9 93
1 1 10 6 13 4 37
1 1 10 6 2 15 89
1 1 10 5 8 10 161
1 1 10 4 14 5 75
1 1 10 4 3 16 78
1 1 10 3 20 0 103
1 1 10 3 9 11 77
1 1 10 2 15 6 27
1 1 10 2 4 17 129
1 1 10 1 21 1 94
1 1 10 1 10 12 47
1 1 10 0 16 7 183
1 1 10 0 5 18 184
1 1 9 20 4 0 19
1 1 9 18 5 1 77
1 1 9 17 0 7 28
1 1 9 16 6 2 160
1 1 9 15 1 8 124
1 1 9 14 7 3 116
1 1 9 13 2 9 106
1 1 9 12 8 4 25
1 1 9 11 3 10 29
1 1 9 10 9 5 189
1 1 9 9 15 0 92
1 1 9 9 4 11 64
1 1 9 8 10 6 171
1 1 9 7 16 1 192
1 1 9 7 5 12 124
1 1 9 6 11 7 45
1 1 9 6 0 18 117
1 1 9 5 17 2 6
1 1 9 5 6 13 143
1 1 9 4 12 8 56
1 1 9 4 1 19 153
1 1 9 3 18 3 104
1 1 9 3 7 14 151
1 1 9 2 13 9 130
1 1 9 2 2 20 188
1 1 9 1 19 4 161
1 1 9 1 8 15 94
1 1 9 0 14 10 52
1 1 9 0 3 21 61
1 1 8 24 0 1 133
1 1 8 22 1 2 83
1 1 8 20 2 3 158
1 1 8 18 3 4 171
1 1 8 16 4 5 48
1 1 8 15 10 0 154
1 1 8 14 5 6 51
1 1 8 13 11 1 172
1 1 8 13 0 12 164
1 1 8 12 6 7 86
1 1 8 11 12 2 186
1 1 8 11 1 13 135
1 1 8 10 7 8 69
1 1 8 9 13 3 105
1 1 8 9 2 14 88
1 1 8 8 8 9 27
1 1 8 7 14 4 26
1 1 8 7 3 15 103
1 1 8 6 9 10 16
1 1 8 5 15 5 29
1 1 8 5 4 16 50
1 1 8 4 21 0 60
1 1 8 4 10 11 147
1 1 8 3 16 6 16
1 1 8 3 5 17 82
1 1 8 2 22 1 52
1 1 8 2 11 12 171
1 1 8 2 0 23 135
1 1 8 1 17 7 60
1 1 8 1 6 18 171
1 1 8 0 23 2 192
1 1 8 0 12 13 196
1 1 8 0 1 24 156
1 1 7 21 5 0 150
1 1 7 20 0 6 26
1 1 7 19 6 1 163
1 1 7 18 1 7 154
1 1 7 17 7 2 189
1 1 7 16 2 8 55
1 1 7 15 8 3 39
1 1 7 14 3 9 51
1 1 7 13 9 4 152
1 1 7 12 4 10 86
1 1 7 11 10 5 165
1 1 7 10 16 0 29
1 1 7 10 5 11 30
1 1 7 9 11 6 57
1 1 7 9 0 17 107
1 1 7 8 17 1 74
1 1 7 8 6 12 55
1 1 7 7 12 7 131
1 1 7 7 1 18 159
1 1 7 6 18 2 110
1 1 7 6 7 13 18
1 1 7 5 13 8 185
1 1 7 5 2 19 73
1 1 7 4 19 3 126
1 1 7 4 8 14 196
1 1 7 3 14 9 129
1 1 7 3 3 20 119
1 1 7 2 20 4 189
1 1 7 2 9 15 116
1 1 7 1 15 10 112
1 1 7 1 4 21 138
1 1 7 0 21 5 181
1 1 7 0 10 16 65
1 1 6 27 0 0 78
1 1 6 25 1 1 37
1 1 6 23 2 2 96
1 1 6 21 3 3 89
1 1 6 19 4 4 105
1 1 6 17 5 5 18
1 1 6 16 11 0 105
1 1 6 16 0 11 115
1 1 6 15 6 6 135
1 1 6 14 12 1 5
1 1 6 14 1 12 14
1 1 6 13 7 7 63
1 1 6 12 13 2 38
1 1 6 12 2 13 42
1 1 6 11 8 8 13
1 1 6 10 14 3 163
1 1 6 10 3 14 79
1 1 6 9 9 9 111
1 1 6 8 15 4 47
1 1 6 8 4 15 24
1 1 6 7 10 10 1
1 1 6 6 16 5 23
1 1 6 6 5 16 123
1 1 6 5 22 0 93
1 1 6 5 11 11 130
1 1 6 5 0 22 143
1 1 6 4 17 6 151
1 1 6 4 6 17 36
1 1 6 3 23 1 55
1 1 6 3 12 12 84
1 1 6 3 1 23 75
1 1 6 2 18 7 81
1 1 6 2 7 18 21
1 1 6 1 24 2 70
1 1 6 1 13 13 166
1 1 6 1 2 24 11
1 1 6 0 19 8 43
1 1 6 0 8 19 130
1 1 5 23 0 5 43
1 1 5 22 6 0 183
1 1 5 21 1 6 73
1 1 5 20 7 1 88
1 1 5 19 2 7 116
1 1 5 18 8 2 116
1 1 5 17 3 8 9
1 1 5 16 9 3 149
1 1 5 15 4 9 35
1 1 5 14 10 4 191
1 1 5 13 5 10 198
1 1 5 12 11 5 184
1 1 5 12 0 16 22
1 1 5 11 17 0 139
1 1 5 11 6 11 144
1 1 5 10 12 6 84
1 1 5 10 1 17 13
1 1 5 9 18 1 62
1 1 5 9 7 12 127
1 1 5 8 13 7 25
1 1 5 8 2 18 38
1 1 5 7 19 2 46
1 1 5 7 8 13 117
1 1 5 6 14 8 36
1 1 5 6 3 19 76
1 1 5 5 20 3 26
1 1 5 5 9 14 76
1 1 5 4 15 9 107
1 1 5 4 4 20 129
1 1 5 3 21 4 107
1 1 5 3 10 15 189
1 1 5 2 16 10 71
1 1 5 2 5 21 191
1 1 5 1 22 5 75
1 1 5 1 11 16 5
1 1 5 1 0 27 4
1 1 5 0 28 0 135
1 1 5 0 17 11 80
1 1 5 0 6 22 111
1 1 4 28 1 0 58
1 1 4 26 2 1 197
1 1 4 24 3 2 85
1 1 4 22 4 3 100
1 1 4 20 5 4 86
1 1 4 19 0 10 154
1 1 4 18 6 5 59
1 1 4 17 12 0 157
1 1 4 17 1 11 22
1 1 4 16 7 6 188
1 1 4 15 13 1 26
1 1 4 15 2 12 35
1 1 4 14 8 7 165
1 1 4 13 14 2 80
1 1 4 13 3 13 21
1 1 4 12 9 8 175
1 1 4 11 15 3 8
1 1 4 11 4 14 180
1 1 4 10 10 9 39
1 1 4 9 16 4 114
1 1 4 9 5 15 77
1 1 4 8 11 10 172
1 1 4 8 0 21 38
1 1 4 7 17 5 2
1 1 4 7 6 16 115
1 1 4 6 23 0 76
1 1 4 6 12 11 105
1 1 4 6 1 22 13
1 1 4 5 18 6 45
1 1 4 5 7 17 126
1 1 4 4 24 1 23
1 1 4 4 13 12 131
1 1 4 4 2 23 188
1 1 4 3 19 7 157
1 1 4 3 8 18 103
1 1 4 2 25 2 42
1 1 4 2 14 13 45
1 1 4 2 3 24 106
1 1 4 1 20 8 186
1 1 4 1 9 19 128
1 1 4 0 26 3 48
1 1 4 0 15 14 154
1 1 4 0 4 25 53
1 1 3 26 0 4 65
1 1 3 24 1 5 32
1 1 3 23 7 0 158
1 1 3 22 2 6 111
1 1 3 21 8 1 180
1 1 3 20 3 7 129
1 1 3 19 9 2 130
1 1 3 18 4 8 3
1 1 3 17 10 3 151
1 1 3 16 5 9 149
1 1 3 15 11 4 96
1 1 3 15 0 15 110
1 1 3 14 6 10 100
1 1 3 13 12 5 105
1 1 3 13 1 16 116
1 1 3 12 18 0 180
1 1 3 12 7 11 31
1 1 3 11 13 6 86
1 1 3 11 2 17 21
1 1 3 10 19 1 194
1 1 3 10 8 12 173
1 1 3 9 14 7 117
1 1 3 9 3 18 74
1 1 3 8 20 2 1
1 1 3 8 9 13 168
1 1 3 7 15 8 2
1 1 3 7 4 19 33
1 1 3 6 21 3 142
1 1 3 6 10 14 187
1 1 3 5 16 9 145
1 1 3 5 5 20 129
1 1 3 4 22 4 19
1 1 3 4 11 15 131
1 1 3 4 0 26 112
1 1 3 3 17 10 171
1 1 3 3 6 21 135
1 1 3 2 23 5 28
1 1 3 2 12 16 34
1 1 3 2 1 27 146
1 1 3 1 29 0 36
1 1 3 1 18 11 89
1 1 3 1 7 22 42
1 1 3 0 24 6 43
1 1 3 0 13 17 121
1 1 3 0 2 28 13
1 1 2 29 2 0 181
1 1 2 27 3 1 24
1 1 2 25 4 2 133
1 1 2 23 5 3 97
1 1 2 22 0 9 118
1 1 2 21 6 4 75
1 1 2 19 7 5 146
1 1 2 18 13 0 75
1 1 2 18 2 11 25
1 1 2 17 8 6 29
1 1 2 16 14 1 35
1 1 2 16 3 12 146
1 1 2 15 9 7 59
1 1 2 14 15 2 106
1 1 2 14 4 13 56
1 1 2 13 10 8 96
1 1 2 12 16 3 162
1 1 2 12 5 14 93
1 1 2 11 11 9 139
1 1 2 11 0 20 50
1 1 2 10 17 4 151
1 1 2 10 6 15 147
1 1 2 9 12 10 25
1 1 2 9 1 21 138
1 1 2 8 18 5 75
1 1 2 8 7 16 73
1 1 2 7 24 0 116
1 1 2 7 13 11 41
1 1 2 7 2 22 126
1 1 2 6 19 6 12
1 1 2 6 8 17 43
1 1 2 5 25 1 174
1 1 2 5 14 12 76
1 1 2 5 3 23 115
1 1 2 4 20 7 131
1 1 2 4 9 18 7
1 1 2 3 26 2 23
1 1 2 3 15 13 15
1 1 2 3 4 24 48
1 1 2 2 21 8 35
1 1 2 2 10 19 135
1 1 2 1 27 3 156
1 1 2 1 16 14 77
1 1 2 1 5 25 112
1 1 2 0 22 9 192
1 1 2 0 11 20 185
1 1 2 0 0 31 139
1 1 1 29 0 3 14
1 1 1 27 1 4 165
1 1 1 25 2 5 107
1 1 1 24 8 0 145
1 1 1 23 3 6 91
1 1 1 22 9 1 24
1 1 1 21 4 7 88
1 1 1 20 10 2 98
1 1 1 19 5 8 108
1 1 1 18 11 3 6
1 1 1 18 0 14 64
1 1 1 17 6 9 112
1 1 1 16 12 4 175
1 1 1 16 1 15 37
1 1 1 15 7 10 138
1 1 1 14 13 5 87
1 1 1 14 2 16 64
1 1 1 13 19 0 49
1 1 1 13 8 11 73
1 1 1 12 14 6 77
1 1 1 12 3 17 181
1 1 1 11 20 1 8
1 1 1 11 9 12 21
1 1 1 10 15 7 6
1 1 1 10 4 18 86
1 1 1 9 21 2 7
1 1 1 9 10 13 1
1 1 1 8 16 8 48
1 1 1 8 5 19 187
1 1 1 7 22 3 180
1 1 1 7 11 14 17
1 1 1 7 0 25 119
1 1 1 6 17 9 42
1 1 1 6 6 20 130
1 1 1 5 23 4 194
1 1 1 5 12 15 102
1 1 1 5 1 26 77
1 1 1 4 18 10 80
1 1 1 4 7 21 58
1 1 1 3 24 5 40
1 1 1 3 13 16 174
1 1 1 3 2 27 180
1 1 1 2 30 0 159
1 1 1 2 19 11 111
1 1 1 2 8 22 37
1 1 1 1 25 6 165
1 1 1 1 14 17 10
1 1 1 1 3 28 149
1 1 1 0 31 1 110
1 1 1 0 20 12 187
1 1 1 0 9 23 106
1 1 0 30 3 0 172
1 1 0 28 4 1 137
1 1 0 26 5 2 5
1 1 0 25 0 8 76
1 1 0 24 6 3 141
1 1 0 23 1 9 122
1 1 0 22 7 4 150
1 1 0 21 2 10 22
1 1 0 20 8 5 140
1 1 0 19 14 0 29
1 1 0 19 3 11 38
1 1 0 18 9 6 5
1 1 0 17 15 1 48
1 1 0 17 4 12 195
1 1 0 16 10 7 174
1 1 0 15 16 2 145
1 1 0 15 5 13 196
1 1 0 14 11 8 140
1 1 0 14 0 19 165
1 1 0 13 17 3 94
1 1 0 13 6 14 113
1 1 0 12 12 9 130
1 1 0 12 1 20 116
1 1 0 11 18 4 192
1 1 0 11 7 15 148
1 1 0 10 13 10 156
1 1 0 10 2 21 198
1 1 0 9 19 5 136
1 1 0 9 8 16 130
1 1 0 8 25 0 170
1 1 0 8 14 11 148
1 1 0 8 3 22 132
1 1 0 7 20 6 146
1 1 0 7 9 17 34
1 1 0 6 26 1 158
1 1 0 6 15 12 13
1 1 0 6 4 23 85
1 1 0 5 21 7 34
1 1 0 5 10 18 30
1 1 0 4 27 2 36
1 1 0 4 16 13 158
1 1 0 4 5 24 150
1 1 0 3 22 8 183
1 1 0 3 11 19 128
1 1 0 3 0 30 59
1 1 0 2 28 3 72
1 1 0 2 17 14 151
1 1 0 2 6 25 85
1 1 0 1 23 9 85
1 1 0 1 12 20 11
1 1 0 1 1 31 27
1 1 0 0 29 4 39
1 1 0 0 18 15 114
1 1 0 0 7 26 122
1 0 32 1 1 0 71
1 0 30 2 2 0 139
1 0 30 0 3 1 98
1 0 29 2 0 3 124
1 0 29 0 1 4 31
1 0 28 3 3 0 55
1 0 28 1 4 1 126
1 0 27 5 0 2 165
1 0 27 3 1 3 3
1 0 27 1 2 4 159
1 0 26 4 4 0 21
1 0 26 2 5 1 73
1 0 26 1 0 7 126
1 0 26 0 6 2 188
1 0 25 8 0 1 53
1 0 25 6 1 2 147
1 0 25 4 2 3 125
1 0 25 2 3 4 115
1 0 25 0 4 5 45
1 0 24 5 5 0 82
1 0 24 4 0 6 176
1 0 24 3 6 1 29
1 0 24 2 1 7 28
1 0 24 1 7 2 179
1 0 24 0 2 8 34
1 0 23 11 0 0 14
1 0 23 9 1 1 70
1 0 23 7 2 2 124
1 0 23 5 3 3 6
1 0 23 3 4 4 53
1 0 23 1 5 5 105
1 0 23 0 11 0 125
1 0 23 0 0 11 159
1 0 22 7 0 5 25
1 0 22 6 6 0 89
1 0 22 5 1 6 189
1 0 22 4 7 1 154
1 0 22 3 2 7 27
1 0 22 2 8 2 157
1 0 22 1 3 8 154
1 0 22 0 9 3 151
1 0 21 12 1 0 140
1 0 21 10 2 1 196
1 0 21 8 3 2 169
1 0 21 6 4 3 130
1 0 21 4 5 4 175
1 0 21 3 0 10 181
1 0 21 2 6 5 83
1 0 21 1 12 0 69
1 0 21 1 1 11 23
1 0 21 0 7 6 28
1 0 20 10 0 4 146
1 0 20 8 1 5 117
1 0 20 7 7 0 18
1 0 20 6 2 6 194
1 0 20 5 8 1 119
1 0 20 4 3 7 162
1 0 20 3 9 2 183
1 0 20 2 4 8 147
1 0 20 1 10 3 22
1 0 20 0 5 9 124
1 0 19 13 2 0 150
1 0 19 11 3 1 135
1 0 19 9 4 2 174
1 0 19 7 5 3 185
1 0 19 6 0 9 87
1 0 19 5 6 4 196
1 0 19 4 1 10 35
1 0 19 3 7 5 47
1 0 19 2 13 0 7
1 0 19 2 2 11 178
1 0 19 1 8 6 112
1 0 19 0 14 1 110
1 0 19 0 3 12 149
1 0 18 13 0 3 183
1 0 18 11 1 4 179
1 0 18 9 2 5 13
1 0 18 8 8 0 189
1 0 18 7 3 6 112
1 0 18 6 9 1 115
1 0 18 5 4 7 47
1 0 18 3 5 8 180
1 0 18 2 11 3 8
1 0 18 2 0 14 77
1 0 18 1 6 9 105
1 0 18 0 12 4 148
1 0 18 0 1 15 191
1 0 17 14 3 0 96
1 0 17 12 4 1 109
1 0 17 10 5 2 112
1 0 17 9 0 8 158
1 0 17 8 6 3 193
1 0 17 7 1 9 17
1 0 17 6 7 4 171
1 0 17 5 2 10 18
1 0 17 4 8 5 130
1 0 17 3 14 0 19
1 0 17 3 3 11 61
1 0 17 2 9 6 162
1 0 17 1 15 1 190
1 0 17 1 4 12 40
1 0 17 0 10 7 83
1 0 16 16 0 2 88
1 0 16 14 1 3 87
1 0 16 12 2 4 139
1 0 16 10 3 5 36
1 0 16 9 9 0 127
1 0 16 7 10 1 194
1 0 16 6 5 7 76
1 0 16 5 11 2 106
1 0 16 5 0 13 139
1 0 16 4 6 8 164
1 0 16 3 12 3 102
1 0 16 3 1 14 60
1 0 16 2 7 9 197
1 0 16 1 13 4 189
1 0 16 1 2 15 66
1 0 16 0 8 10 45
1 0 15 15 4 0 98
1 0 15 13 5 1 64
1 0 15 12 0 7 58
1 0 15 11 6 2 15
1 0 15 10 1 8 23
1 0 15 9 7 3 181
1 0 15 8 2 9 24
1 0 15 7 8 4 65
1 0 15 6 3 10 116
1 0 15 5 9 5 183
1 0 15 4 15 0 20
1 0 15 4 4 11 92
1 0 15 3 10 6 69
1 0 15 2 16 1 124
1 0 15 2 5 12 156
1 0 15 1 11 7 146
1 0 15 1 0 18 80
1 0 15 0 17 2 39
1 0 15 0 6 13 80
1 0 14 19 0 1 195
1 0 14 17 1 2 186
1 0 14 15 2 3 138
1 0 14 13 3 4 158
1 0 14 11 4 5 21
1 0 14 10 10 0 38
1 0 14 9 5 6 172
1 0 14 8 11 1 66
1 0 14 8 0 12 120
1 0 14 7 6 7 84
1 0 14 6 12 2 150
1 0 14 6 1 13 80
1 0 14 5 7 8 50
1 0 14 4 13 3 49
1 0 14 4 2 14 192
1 0 14 3 8 9 60
1 0 14 2 14 4 64
1 0 14 2 3 15 157
1 0 14 1 9 10 21
1 0 14 0 15 5 59
1 0 14 0 4 16 122
1 0 13 16 5 0 124
1 0 13 15 0 6 19
1 0 13 14 6 1 133
1 0 13 13 1 7 79
1 0 13 12 7 2 172
1 0 13 11 2 8 120
1 0 13 10 8 3 92
1 0 13 9 3 9 143
1 0 13 8 9 4 124
1 0 13 7 4 10 103
1 0 13 6 10 5 191
1 0 13 5 16 0 31
1 0 13 5 5 11 110
1 0 13 4 11 6 18
1 0 13 4 0 17 118
1 0 13 3 17 1 174
1 0 13 3 6 12 9
1 0 13 2 12 7 170
1 0 13 2 1 18 142
1 0 13 1 18 2 115
1 0 13 1 7 13 186
1 0 13 0 13 8 65
1 0 13 0 2 19 122
1 0 12 22 0 0 119
1 0 12 20 1 1 194
1 0 12 18 2 2 197
1 0 12 16 3 3 173
1 0 12 14 4 4 11
1 0 12 12 5 5 122
1 0 12 11 11 0 127
1 0 12 11 0 11 10
1 0 12 10 6 6 192
1 0 12 9 12 1 113
1 0 12 9 1 12 56
1 0 12 8 7 7 36
1 0 12 7 13 2 194
1 0 12 7 2 13 29
1 0 12 6 8 8 63
1 0 12 5 14 3 107
1 0 12 5 3 14 136
1 0 12 4 9 9 14
1 0 12 3 15 4 7
1 0 12 3 4 15 150
1 0 12 2 10 10 80
1 0 12 1 16 5 143
1 0 12 1 5 16 62
1 0 12 0 22 0 128
1 0 12 0 11 11 194
1 0 12 0 0 22 91
1 0 11 18 0 5 104
1 0 11 17 6 0 181
1 0 11 16 1 6 84
1 0 11 14 2 7 90
1 0 11 13 8 2 25
1 0 11 12 3 8 191
1 0 11 11 9 3 149
1 0 11 10 4 9 85
1 0 11 9 10 4 83
1 0 11 8 5 10 64
1 0 11 7 11 5 14
1 0 11 7 0 16 15
1 0 11 6 17 0 67
1 0 11 6 6 11 189
1 0 11 5 12 6 34
1 0 11 5 1 17 110
1 0 11 4 18 1 57
1 0 11 4 7 12 191
1 0 11 3 13 7 71
1 0 11 3 2 18 12
1 0 11 2 19 2 110
1 0 11 2 8 13 74
1 0 11 1 14 8 67
1 0 11 1 3 19 50
1 0 11 0 20 3 194
1 0 11 0 9 14 152
1 0 10 23 1 0 145
1 0 10 21 2 1 103
1 0 10 19 3 2 63
1 0 10 17 4 3 72
1 0 10 15 5 4 76
1 0 10 14 0 10 173
1 0 10 13 6 5 36
1 0 10 12 12 0 143
1 0 10 12 1 11 9
1 0 10 11 7 6 1
1 0 10 10 13 1 1
1 0 10 10 2 12 28
1 0 10 9 8 7 163
1 0 10 8 14 2 38
1 0 10 8 3 13 94
1 0 10 7 9 8 162
1 0 10 6 15 3 38
1 0 10 6 4 14 179
1 0 10 5 10 9 60
1 0 10 4 16 4 29
1 0 10 4 5 15 106
1 0 10 3 11 10 72
1 0 10 3 0 21 128
1 0 10 2 17 5 132
1 0 10 2 6 16 160
1 0 10 1 23 0 111
1 0 10 1 12 11 43
1 0 10 1 1 22 120
1 0 10 0 18 6 2
1 0 10 0 7 17 6
1 0 9 21 0 4 110
1 0 9 19 1 5 20
1 0 9 18 7 0 132
1 0 9 17 2 6 180
1 0 9 16 8 1 59
1 0 9 15 3 7 160
1 0 9 14 9 2 164
1 0 9 13 4 8 56
1 0 9 12 10 3 186
1 0 9 11 5 9 69
1 0 9 10 11 4 43
1 0 9 10 0 15 82
1 0 9 9 6 10 18
1 0 9 8 12 5 77
1 0 9 8 1 16 4
1 0 9 7 18 0 139
1 0 9 7 7 11 45
1 0 9 6 13 6 142
1 0 9 6 2 17 60
1 0 9 5 19 1 107
1 0 9 5 8 12 66
1 0 9 4 14 7 173
1 0 9 4 3 18 52
1 0 9 3 20 2 152
1 0 9 3 9 13 186
1 0 9 2 15 8 188
1 0 9 2 4 19 151
1 0 9 1 21 3 83
1 0 9 1 10 14 5
1 0 9 0 16 9 62
1 0 9 0 5 20 56
1 0 8 24 2 0 89
1 0 8 22 3 1 84
1 0 8 20 4 2 44
1 0 8 18 5 3 78
1 0 8 17 0 9 92
1 0 8 16 6 4 60
1 0 8 15 1 10 141
1 0 8 14 7 5 84
1 0 8 13 13 0 145
1 0 8 13 2 11 114
1 0 8 12 8 6 162
1 0 8 11 14 1 194
1 0 8 11 3 12 125
1 0 8 10 9 7 180
1 0 8 9 15 2 189
1 0 8 9 4 13 89
1 0 8 8 10 8 29
1 0 8 7 16 3 87
1 0 8 6 11 9 12
1 0 8 6 0 20 158
1 0 8 5 17 4 8
1 0 8 5 6 15 113
1 0 8 4 12 10 87
1 0 8 4 1 21 197
1 0 8 3 18 5 129
1 0 8 3 7 16 80
1 0 8 2 24 0 159
1 0 8 2 13 11 76
1 0 8 2 2 22 20
1 0 8 1 19 6 150
1 0 8 1 8 17 196
1 0 8 0 25 1 16
1 0 8 0 14 12 73
1 0 8 0 3 23 176
1 0 7 24 0 3 78
1 0 7 22 1 4 184
1 0 7 20 2 5 145
1 0 7 19 8 0 64
1 0 7 18 3 6 73
1 0 7 17 9 1 139
1 0 7 16 4 7 62
1 0 7 15 10 2 179
1 0 7 14 5 8 154
1 0 7 13 11 3 66
1 0 7 13 0 14 55
1 0 7 12 6 9 154
1 0 7 11 12 4 77
1 0 7 11 1 15 152
1 0 7 10 7 10 116
1 0 7 9 13 5 169
1 0 7 9 2 16 26
1 0 7 8 19 0 175
1 0 7 8 8 11 26
1 0 7 7 14 6 67
1 0 7 7 3 17 115
1 0 7 6 20 1 72
1 0 7 6 9 12 173
1 0 7 5 15 7 101
1 0 7 5 4 18 103
1 0 7 4 21 2 140
1 0 7 4 10 13 109
1 0 7 3 16 8 187
1 0 7 3 5 19 177
1 0 7 2 22 3 75
1 0 7 2 11 14 183
1 0 7 2 0 25 124
1 0 7 1 17 9 156
1 0 7 1 6 20 168
1 0 7 0 23 4 120
1 0 7 0 12 15 8
1 0 7 0 1 26 104
1 0 6 25 3 0 78
1 0 6 23 4 1 104
1 0 6 21 5 2 63
1 0 6 20 0 8 178
1 0 6 19 6 3 4
1 0 6 18 1 9 147
1 0 6 17 7 4 106
1 0 6 16 2 10 77
1 0 6 15 8 5 33
1 0 6 14 14 0 35
1 0 6 14 3 11 178
1 0 6 13 9 6 38
1 0 6 12 15 1 191
1 0 6 12 4 12 197
1 0 6 11 10 7 141
1 0 6 10 16 2 52
1 0 6 10 5 13 132
1 0 6 9 11 8 1
1 0 6 9 0 19 198
1 0 6 8 17 3 8
1 0 6 8 6 14 16
1 0 6 7 12 9 116
1 0 6 7 1 20 157
1 0 6 6 18 4 144
1 0 6 6 7 15 3
1 0 6 5 13 10 85
1 0 6 5 2 21 82
1 0 6 4 19 5 114
1 0 6 4 8 16 116
1 0 6 3 25 0 144
1 0 6 3 14 11 158
1 0 6 3 3 22 106
1 0 6 2 20 6 148
1 0 6 2 9 17 57
1 0 6 1 26 1 178
1 0 6 1 15 12 137
1 0 6 1 4 23 114
1 0 6 0 21 7 122
1 0 6 0 10 18 169
1 0 5 27 0 2 103
1 0 5 25 1 3 60
1 0 5 23 2 4 134
1 0 5 21 3 5 119
1 0 5 20 9 0 18
1 0 5 19 4 6 29
1 0 5 18 10 1 124
1 0 5 17 5 7 181
1 0 5 16 11 2 101
1 0 5 16 0 13 51
1 0 5 15 6 8 43
1 0 5 14 12 3 44
1 0 5 14 1 14 168
1 0 5 13 7 9 31
1 0 5 12 13 4 187
1 0 5 12 2 15 198
1 0 5 11 8 10 152
1 0 5 10 14 5 159
1 0 5 10 3 16 118
1 0 5 9 20 0 46
1 0 5 9 9 11 120
1 0 5 8 15 6 103
1 0 5 8 4 17 97
1 0 5 7 21 1 67
1 0 5 7 10 12 81
1 0 5 6 16 7 134
1 0 5 6 5 18 163
1 0 5 5 22 2 99
1 0 5 5 11 13 99
1 0 5 5 0 24 147
1 0 5 4 17 8 1
1 0 5 4 6 19 92
1 0 5 3 23 3 150
1 0 5 3 12 14 91
1 0 5 3 1 25 84
1 0 5 2 18 9 70
1 0 5 2 7 20 12
1 0 5 1 24 4 127
1 0 5 1 13 15 90
1 0 5 1 2 26 41
1 0 5 0 19 10 59
1 0 5 0 8 21 157
1 0 4 26 4 0 153
1 0 4 24 5 1 98
1 0 4 23 0 7 97
1 0 4 22 6 2 98
1 0 4 21 1 8 152
1 0 4 20 7 3 161
1 0 4 19 2 9 26
1 0 4 18 8 4 93
1 0 4 17 3 10 101
1 0 4 16 9 5 56
1 0 4 15 15 0 99
1 0 4 15 4 11 6
1 0 4 14 10 6 188
1 0 4 13 16 1 21
1 0 4 13 5 12 132
1 0 4 12 11 7 137
1 0 4 12 0 18 119
1 0 4 11 17 2 35
1 0 4 11 6 13 110
1 0 4 10 12 8 71
1 0 4 10 1 19 41
1 0 4 9 18 3 55
1 0 4 9 7 14 96
1 0 4 8 13 9 167
1 0 4 8 2 20 146
1 0 4 7 19 4 110
1 0 4 7 8 15 106
1 0 4 6 14 10 2
1 0 4 6 3 21 29
1 0 4 5 20 5 41
1 0 4 5 9 16 171
1 0 4 4 26 0 195
1 0 4 4 15 11 118
1 0 4 4 4 22 197
1 0 4 3 21 6 97
1 0 4 3 10 17 188
1 0 4 2 27 1 103
1 0 4 2 16 12 193
1 0 4 2 5 23 108
1 0 4 1 22 7 34
1 0 4 1 11 18 71
1 0 4 1 0 29 19
1 0 4 0 28 2 127
1 0 4 0 17 13 198
1 0 4 0 6 24 124
1 0 3 30 0 1 88
1 0 3 28 1 2 26
1 0 3 26 2 3 102
1 0 3 24 3 4 25
1 0 3 22 4 5 137
1 0 3 21 10 0 174
1 0 3 20 5 6 89
1 0 3 19 11 1 65
1 0 3 19 0 12 139
1 0 3 18 6 7 102
1 0 3 17 12 2 106
1 0 3 17 1 13 85
1 0 3 16 7 8 184
1 0 3 15 13 3 186
1 0 3 15 2 14 72
1 0 3 14 8 9 160
1 0 3 13 14 4 2
1 0 3 13 3 15 164
1 0 3 12 9 10 23
1 0 3 11 15 5 176
1 0 3 10 21 0 43
1 0 3 10 10 11 1
1 0 3 9 16 6 191
1 0 3 9 5 17 8
1 0 3 8 22 1 129
1 0 3 8 11 12 163
1 0 3 8 0 23 99
1 0 3 7 17 7 59
1 0 3 7 6 18 67
1 0 3 6 23 2 121
1 0 3 6 12 13 67
1 0 3 6 1 24 93
1 0 3 5 18 8 184
1 0 3 5 7 19 114
1 0 3 4 24 3 36
1 0 3 4 13 14 118
1 0 3 4 2 25 138
1 0 3 3 19 9 154
1 0 3 3 8 20 64
1 0 3 2 25 4 134
1 0 3 2 14 15 96
1 0 3 2 3 26 165
1 0 3 1 20 10 110
1 0 3 1 9 21 79
1 0 3 0 26 5 50
1 0 3 0 15 16 4
1 0 3 0 4 27 188
1 0 2 27 5 0 164
1 0 2 26 0 6 189
1 0 2 25 6 1 181
1 0 2 24 1 7 19
1 0 2 23 7 2 100
1 0 2 22 2 8 138
1 0 2 21 8 3 145
1 0 2 20 3 9 26
1 0 2 19 9 4 108
1 0 2 18 4 10 82
1 0 2 17 10 5 145
1 0 2 16 16 0 102
1 0 2 16 5 11 131
1 0 2 15 11 6 125
1 0 2 15 0 17 65
1 0 2 14 17 1 75
1 0 2 14 6 12 16
1 0 2 13 12 7 68
1 0 2 13 1 18 111
1 0 2 12 18 2 146
1 0 2 12 7 13 116
1 0 2 11 13 8 47
1 0 2 11 2 19 23
1 0 2 10 19 3 52
1 0 2 10 8 14 192
1 0 2 9 14 9 92
1 0 2 9 3 20 151
1 0 2 8 20 4 28
1 0 2 8 9 15 11
1 0 2 7 15 10 4
1 0 2 7 4 21 101
1 0 2 6 21 5 30
1 0 2 6 10 16 48
1 0 2 5 27 0 174
1 0 2 5 16 11 13
1 0 2 5 5 22 103
1 0 2 4 22 6 20
1 0 2 4 11 17 104
1 0 2 4 0 28 14
1 0 2 3 28 1 35
1 0 2 3 17 12 132
1 0 2 3 6 23 97
1 0 2 2 23 7 35
1 0 2 2 12 18 145
1 0 2 2 1 29 163
1 0 2 1 29 2 150
1 0 2 1 18 13 81
1 0 2 1 7 24 31
1 0 2 0 24 8 55
1 0 2 0 13 19 120
1 0 2 0 2 30 34
1 0 1 33 0 0 49
1 0 1 31 1 1 100
1 0 1 29 2 2 113
1 0 1 27 3 3 79
1 0 1 25 4 4 105
1 0 1 23 5 5 107
1 0 1 22 11 0 33
1 0 1 22 0 11 6
1 0 1 21 6 6 34
1 0 1 20 12 1 110
1 0 1 20 1 12 80
1 0 1 19 7 7 58
1 0 1 18 13 2 54
1 0 1 18 2 13 24
1 0 1 17 8 8 148
1 0 1 16 14 3 25
1 0 1 16 3 14 168
1 0 1 15 9 9 84
1 0 1 14 15 4 98
1 0 1 14 4 15 146
1 0 1 13 10 10 136
1 0 1 12 16 5 90
1 0 1 12 5 16 186
1 0 1 11 22 0 41
1 0 1 11 11 11 10
1 0 1 11 0 22 108
1 0 1 10 17 6 16
1 0 1 10 6 17 148
1 0 1 9 23 1 129
1 0 1 9 12 12 30
1 0 1 9 1 23 113
1 0 1 8 18 7 32
1 0 1 8 7 18 143
1 0 1 7 24 2 58
1 0 1 7 13 13 73
1 0 1 7 2 24 191
1 0 1 6 19 8 41
1 0 1 6 8 19 134
1 0 1 5 25 3 65
1 0 1 5 14 14 42
1 0 1 5 3 25 54
1 0 1 4 20 9 187
1 0 1 4 9 20 53
1 0 1 3 26 4 156
1 0 1 3 15 15 165
1 0 1 3 4 26 30
1 0 1 2 21 10 168
1 0 1 2 10 21 128
1 0 1 1 27 5 89
1 0 1 1 16 16 19
1 0 1 1 5 27 153
1 0 1 0 22 11 132
1 0 1 0 11 22 42
1 0 1 0 0 33 40
1 0 0 29 0 5 158
1 0 0 28 6 0 111
1 0 0 27 1 6 163
1 0 0 26 7 1 195
1 0 0 25 2 7 120
1 0 0 24 8 2 163
1 0 0 23 3 8 107
1 0 0 22 9 3 67
1 0 0 21 4 9 16
1 0 0 20 10 4 112
1 0 0 19 5 10 124
1 0 0 18 11 5 82
1 0 0 18 0 16 193
1 0 0 17 17 0 173
1 0 0 17 6 11 114
1 0 0 16 12 6 113
1 0 0 16 1 17 3
1 0 0 15 18 1 35
1 0 0 15 7 12 197
1 0 0 14 13 7 80
1 0 0 14 2 18 10
1 0 0 13 19 2 45
1 0 0 13 8 13 106
1 0 0 12 14 8 155
1 0 0 12 3 19 37
1 0 0 11 20 3 57
1 0 0 11 9 14 158
1 0 0 10 15 9 71
1 0 0 10 4 20 37
1 0 0 9 21 4 177
1 0 0 9 10 15 133
1 0 0 8 16 10 123
1 0 0 8 5 21 93
1 0 0 7 22 5 151
1 0 0 7 11 16 99
1 0 0 7 0 27 142
1 0 0 6 28 0 94
1 0 0 6 17 11 93
1 0 0 6 6 22 190
1 0 0 5 23 6 195
1 0 0 5 12 17 148
1 0 0 5 1 28 87
1 0 0 4 29 1 122
1 0 0 4 18 12 50
1 0 0 4 7 23 3
1 0 0 3 24 7 118
1 0 0 3 13 18 186
1 0 0 3 2 29 158
1 0 0 2 30 2 175
1 0 0 2 19 13 67
1 0 0 2 8 24 104
1 0 0 1 25 8 142
1 0 0 1 14 19 103
1 0 0 1 3 30 23
1 0 0 0 20 14 91
1 0 0 0 9 25 65
2 33 0 1 0 0 40
2 31 1 2 0 0 139
2 31 1 0 1 1 27
2 30 1 0 3 0 59
2 30 0 2 0 2 34
2 30 0 0 1 3 23
2 29 4 0 0 1 148
2 29 2 3 0 0 43
2 29 2 1 1 1 4
2 29 0 4 1 0 19
2 29 0 2 2 1 163
2 29 0 0 3 2 158
2 28 4 0 2 0 169
2 28 3 0 0 3 110
2 28 2 1 3 0 79
2 28 1 3 0 2 13
2 28 1 1 1 3 149
2 28 0 2 4 0 14
2 28 0 0 5 1 87
2 27 5 1 0 1 70
2 27 3 4 0 0 10
2 27 3 2 1 1 44
2 27 3 0 2 2 133
2 27 2 0 0 5 165
2 27 1 5 1 0 4
2 27 1 3 2 1 146
2 27 1 1 3 2 180
2 27 0 3 0 4 188
2 27 0 1 1 5 153
2 27 0 0 7 0 142
2 26 7 0 1 0 63
2 26 5 1 2 0 119
2 26 4 1 0 3 105
2 26 3 2 3 0 112
2 26 3 0 4 1 4
2 26 2 4 0 2 104
2 26 2 2 1 3 150
2 26 2 0 2 4 40
2 26 1 3 4 0 112
2 26 1 1 5 1 77
2 26 1 0 0 7 122
2 26 0 7 0 1 104
2 26 0 5 1 2 41
2 26 0 3 2 3 165
2 26 0 1 3 4 30
2 25 6 2 0 1 87
2 25 6 0 1 2 44
2 25 4 5 0 0 88
2 25 4 3 1 1 60
2 25 4 1 2 2 133
2 25 3 1 0 5 43
2 25 3 0 6 0 35
2 25 2 6 1 0 128
2 25 2 4 2 1 178
2 25 2 2 3 2 4
2 25 2 0 4 3 104
2 25 1 4 0 4 53
2 25 1 2 1 5 112
2 25 1 1 7 0 119
2 25 1 0 2 6 85
2 25 0 7 2 0 124
2 25 0 5 3 1 84
2 25 0 3 4 2 138
2 25 0 1 5 3 54
2 25 0 0 0 9 65
2 24 10 0 0 0 190
2 24 8 1 1 0 162
2 24 6 2 2 0 72
2 24 6 0 3 1 75
2 24 5 2 0 3 8
2 24 5 0 1 4 132
2 24 4 3 3 0 198
2 24 4 1 4 1 185
2 24 3 5 0 2 120
2 24 3 3 1 3 136
2 24 3 1 2 4 153
2 24 2 4 4 0 136
2 24 2 2 5 1 74
2 24 2 1 0 7 93
2 24 2 0 6 2 161
2 24 1 8 0 1 156
2 24 1 6 1 2 11
2 24 1 4 2 3 106
2 24 1 2 3 4 48
2 24 1 0 4 5 150
2 24 0 5 5 0 147
2 24 0 4 0 6 124
2 24 0 3 6 1 93
2 24 0 2 1 7 31
2 24 0 1 7 2 191
2 24 0 0 2 8 104
2 23 9 0 0 2 184
2 23 7 3 0 1 67
2 23 7 1 1 2 71
2 23 6 0 5 0 55
2 23 5 6 0 0 13
2 23 5 4 1 1 6
2 23 5 2 2 2 81
2 23 5 0 3 3 50
2 23 4 2 0 5 4
2 23 4 1 6 0 51
2 23 4 0 1 6 142
2 23 3 7 1 0 157
2 23 3 5 2 1 2
2 23 3 3 3 2 101
2 23 3 1 4 3 173
2 23 2 5 0 4 57
2 23 2 3 1 5 67
2 23 2 2 7 0 94
2 23 2 1 2 6 190
2 23 2 0 8 1 128
2 23 1 8 2 0 135
2 23 1 6 3 1 75
2 23 1 4 4 2 188
2 23 1 2 5 3 115
2 23 1 1 0 9 106
2 23 1 0 6 4 85
2 23 0 8 0 3 176
2 23 0 6 1 4 114
2 23 0 4 2 5 108
2 23 0 3 8 0 99
2 23 0 2 3 6 97
2 23 0 1 9 1 113
2 23 0 0 4 7 3
2 22 11 1 0 0 89
2 22 9 2 1 0 124
2 22 9 0 2 1 36
2 22 8 0 0 4 76
2 22 7 3 2 0 41
2 22 7 1 3 1 39
2 22 6 3 0 3 132
2 22 6 1 1 4 25
2 22 5 4 3 0 159
2 22 5 2 4 1 86
2 22 5 0 5 2 165
2 22 4 6 0 2 151
2 22 4 4 1 3 152
2 22 4 2 2 4 167
2 22 4 0 3 5 145
2 22 3 5 4 0 34
2 22 3 3 5 1 143
2 22 3 2 0 7 51
2 22 3 1 6 2 154
2 22 3 0 1 8 56
2 22 2 9 0 1 190
2 22 2 7 1 2 159
2 22 2 5 2 3 30
2 22 2 3 3 4 112
2 22 2 1 4 5 138
2 22 2 0 10 0 80
2 22 1 6 5 0 143
2 22 1 5 0 6 111
2 22 1 4 6 1 13
2 22 1 3 1 7 42
2 22 1 2 7 2 126
2 22 1 1 2 8 37
2 22 1 0 8 3 132
2 22 0 12 0 0 91
2 22 0 10 1 1 120
2 22 0 8 2 2 20
2 22 0 6 3 3 106
2 22 0 4 4 4 197
2 22 0 2 5 5 103
2 22 0 1 11 0 108
2 22 0 1 0 11 42
2 22 0 0 6 6 190
2 21 10 1 0 2 142
2 21 9 0 4 0 102
2 21 8 4 0 1 28
2 21 8 2 1 2 116
2 21 8 0 2 3 37
2 21 7 1 5 0 100
2 21 7 0 0 6 169
2 21 6 7 0 0 87
2 21 6 5 1 1 14
2 21 6 3 2 2 198
2 21 6 1 3 3 191
2 21 5 3 0 5 192
2 21 5 2 6 0 20
2 21 5 1 1 6 34
2 21 5 0 7 1 165
2 21 4 8 1 0 54
2 21 4 6 2 1 127
2 21 4 4 3 2 121
2 21 4 2 4 3 150
2 21 4 0 5 4 125
2 21 3 6 0 4 191
2 21 3 4 1 5 113
2 21 3 3 7 0 96
2 21 3 2 2 6 194
2 21 3 1 8 1 136
2 21 3 0 3 7 103
2 21 2 9 2 0 67
2 21 2 7 3 1 135
2 21 2 5 4 2 73
2 21 2 3 5 3 143
2 21 2 2 0 9 74
2 21 2 1 6 4 141
2 21 2 0 1 10 123
2 21 1 9 0 3 61
2 21 1 7 1 4 138
2 21 1 5 2 5 191
2 21 1 4 8 0 38
2 21 1 3 3 6 135
2 21 1 2 9 1 138
2 21 1 1 4 7 58
2 21 1 0 10 2 198
2 21 0 10 3 0 128
2 21 0 8 4 1 197
2 21 0 6 5 2 82
2 21 0 5 0 8 157
2 21 0 4 6 3 29
2 21 0 3 1 9 79
2 21 0 2 7 4 101
2 21 0 1 2 10 128
2 21 0 0 8 5 93
2 20 12 2 0 0 66
2 20 12 0 1 1 159
2 20 10 3 1 0 178
2 20 10 1 2 1 17
2 20 9 1 0 4 56
2 20 8 4 2 0 105
2 20 8 2 3 1 134
2 20 8 0 4 2 91
2 20 7 4 0 3 110
2 20 7 0 2 5 166
2 20 6 5 3 0 140
2 20 6 3 4 1 163
2 20 6 1 5 2 61
2 20 6 0 0 8 1
2 20 5 7 0 2 100
2 20 5 5 1 3 121
2 20 5 3 2 4 125
2 20 5 1 3 5 45
2 20 5 0 9 0 67
2 20 4 6 4 0 175
2 20 4 4 5 1 173
2 20 4 3 0 7 198
2 20 4 2 6 2 153
2 20 4 1 1 8 151
2 20 4 0 7 3 60
2 20 3 10 0 1 56
2 20 3 8 1 2 27
2 20 3 6 2 3 161
2 20 3 4 3 4 140
2 20 3 2 4 5 180
2 20 3 1 10 0 46
2 20 3 0 5 6 79
2 20 2 7 5 0 193
2 20 2 6 0 6 86
2 20 2 5 6 1 98
2 20 2 4 1 7 46
2 20 2 3 7 2 57
2 20 2 2 2 8 79
2 20 2 1 8 3 48
2 20 2 0 3 9 47
2 20 1 13 0 0 185
2 20 1 11 1 1 93
2 20 1 9 2 2 188
2 20 1 7 3 3 119
2 20 1 5 4 4 129
2 20 1 3 5 5 129
2 20 1 2 11 0 50
2 20 1 2 0 11 185
2 20 1 1 6 6 130
2 20 1 0 12 1 116
2 20 1 0 1 12 11
2 20 0 9 0 5 56
2 20 0 8 6 0 158
2 20 0 7 1 6 168
2 20 0 6 7 1 157
2 20 0 5 2 7 12
2 20 0 4 8 2 146
2 20 0 3 3 8 64
2 20 0 2 9 3 151
2 20 0 1 4 9 53
2 20 0 0 10 4 37
2 19 12 0 3 0 32
2 19 11 2 0 2 83
2 19 11 0 1 3 191
2 19 10 1 4 0 181
2 19 9 5 0 1 116
2 19 9 3 1 2 11
2 19 9 1 2 3 126
2 19 8 2 5 0 29
2 19 8 1 0 6 34
2 19 8 0 6 1 96
2 19 7 8 0 0 196
2 19 7 6 1 1 28
2 19 7 4 2 2 117
2 19 7 2 3 3 196
2 19 7 0 4 4 8
2 19 6 4 0 5 152
2 19 6 3 6 0 141
2 19 6 2 1 6 80
2 19 6 1 7 1 42
2 19 6 0 2 7 184
2 19 5 9 1 0 143
2 19 5 7 2 1 103
2 19 5 5 3 2 82
2 19 5 3 4 3 21
2 19 5 1 5 4 191
2 19 5 0 0 10 12
2 19 4 7 0 4 131
2 19 4 5 1 5 84
2 19 4 4 7 0 23
2 19 4 3 2 6 90
2 19 4 2 8 1 177
2 19 4 1 3 7 9
2 19 4 0 9 2 117
2 19 3 10 2 0 170
2 19 3 8 3 1 52
2 19 3 6 4 2 112
2 19 3 4 5 3 104
2 19 3 3 0 9 9
2 19 3 2 6 4 105
2 19 3 1 1 10 57
2 19 3 0 7 5 151
2 19 2 10 0 3 78
2 19 2 8 1 4 106
2 19 2 6 2 5 196
2 19 2 5 8 0 25
2 19 2 4 3 6 11
2 19 2 3 9 1 122
2 19 2 2 4 7 52
2 19 2 1 10 2 96
2 19 1 11 3 0 102
2 19 1 9 4 1 153
2 19 1 7 5 2 73
2 19 1 6 0 8 130
2 19 1 5 6 3 76
2 19 1 4 1 9 128
2 19 1 3 7 4 33
2 19 1 2 2 10 135
2 19 1 1 8 5 187
2 19 1 0 14 0 165
2 19 1 0 3 11 128
2 19 0 13 0 2 122
2 19 0 11 1 3 50
2 19 0 9 2 4 151
2 19 0 7 3 5 177
2 19 0 6 9 0 198
2 19 0 5 4 6 92
2 19 0 4 10 1 41
2 19 0 3 5 7 114
2 19 0 2 11 2 23
2 19 0 2 0 13 120
2 19 0 1 6 8 134
2 19 0 0 12 3 37
2 19 0 0 1 14 103
2 18 15 0 0 1 121
2 18 13 3 0 0 148
2 18 13 1 1 1 78
2 18 11 4 1 0 166
2 18 11 2 2 1 195
2 18 11 0 3 2 150
2 18 10 2 0 4 48
2 18 10 0 1 5 147
2 18 9 5 2 0 5
2 18 9 3 3 1 81
2 18 9 1 4 2 21
2 18 8 5 0 3 55
2 18 8 3 1 4 42
2 18 8 1 2 5 89
2 18 8 0 8 0 112
2 18 7 6 3 0 139
2 18 7 4 4 1 5
2 18 7 2 5 2 11
2 18 7 1 0 8 168
2 18 7 0 6 3 171
2 18 6 8 0 2 140
2 18 6 6 1 3 123
2 18 6 4 2 4 28
2 18 6 2 3 5 115
2 18 6 1 9 0 162
2 18 6 0 4 6 179
2 18 5 7 4 0 114
2 18 5 5 5 1 161
2 18 5 4 0 7 170
2 18 5 3 6 2 82
2 18 5 2 1 8 128
2 18 5 1 7 3 108
2 18 5 0 2 9 83
2 18 4 11 0 1 70
2 18 4 9 1 2 54
2 18 4 7 2 3 29
2 18 4 5 3 4 3
2 18 4 3 4 5 166
2 18 4 2 10 0 194
2 18 4 1 5 6 155
2 18 4 0 11 1 120
2 18 4 0 0 12 14
2 18 3 8 5 0 33
2 18 3 7 0 6 63
2 18 3 6 6 1 152
2 18 3 5 1 7 85
2 18 3 4 7 2 24
2 18 3 3 2 8 86
2 18 3 2 8 3 93
2 18 3 1 3 9 6
2 18 3 0 9 4 44
2 18 2 14 0 0 88
2 18 2 12 1 1 57
2 18 2 10 2 2 80
2 18 2 8 3 3 51
2 18 2 6 4 4 198
2 18 2 4 5 5 5
2 18 2 3 11 0 77
2 18 2 3 0 11 50
2 18 2 2 6 6 160
2 18 2 1 12 1 137
2 18 2 1 1 12 188
2 18 2 0 7 7 84
2 18 1 10 0 5 184
2 18 1 9 6 0 117
2 18 1 8 1 6 171
2 18 1 7 7 1 159
2 18 1 6 2 7 21
2 18 1 5 8 2 38
2 18 1 4 3 8 103
2 18 1 3 9 3 74
2 18 1 2 4 9 7
2 18 1 1 10 4 86
2 18 1 0 5 10 30
2 18 0 15 1 0 80
2 18 0 13 2 1 142
2 18 0 11 3 2 12
2 18 0 9 4 3 52
2 18 0 7 5 4 103
2 18 0 6 0 10 169
2 18 0 5 6 5 163
2 18 0 4 12 0 119
2 18 0 4 1 11 71
2 18 0 3 7 6 67
2 18 0 2 13 1 111
2 18 0 2 2 12 145
2 18 0 1 8 7 143
2 18 0 0 14 2 10
2 18 0 0 3 13 186
2 17 15 0 2 0 170
2 17 14 0 0 3 19
2 17 13 1 3 0 38
2 17 12 3 0 2 73
2 17 12 1 1 3 154
2 17 11 2 4 0 161
2 17 11 0 5 1 54
2 17 10 6 0 1 97
2 17 10 4 1 2 178
2 17 10 2 2 3 55
2 17 10 0 3 4 16
2 17 9 3 5 0 50
2 17 9 2 0 6 96
2 17 9 1 6 1 171
2 17 9 0 1 7 39
2 17 8 9 0 0 19
2 17 8 7 1 1 168
2 17 8 5 2 2 28
2 17 8 3 3 3 86
2 17 8 1 4 4 40
2 17 7 5 0 5 73
2 17 7 4 6 0 26
2 17 7 3 1 6 76
2 17 7 2 7 1 7
2 17 7 1 2 7 148
2 17 7 0 8 2 51
2 17 6 10 1 0 158
2 17 6 8 2 1 188
2 17 6 6 3 2 181
2 17 6 4 4 3 16
2 17 6 2 5 4 84
2 17 6 1 0 10 146
2 17 6 0 6 5 144
2 17 5 8 0 4 132
2 17 5 6 1 5 176
2 17 5 5 7 0 34
2 17 5 4 2 6 152
2 17 5 3 8 1 102
2 17 5 2 3 7 69
2 17 5 1 9 2 59
2 17 5 0 4 8 125
2 17 4 11 2 0 97
2 17 4 9 3 1 146
2 17 4 7 4 2 108
2 17 4 5 5 3 100
2 17 4 4 0 9 59
2 17 4 3 6 4 64
2 17 4 2 1 10 47
2 17 4 1 7 5 21
2 17 4 0 13 0 104
2 17 4 0 2 11 92
2 17 3 11 0 3 133
2 17 3 9 1 4 174
2 17 3 7 2 5 89
2 17 3 6 8 0 44
2 17 3 5 3 6 182
2 17 3 4 9 1 63
2 17 3 3 4 7 142
2 17 3 2 10 2 58
2 17 3 1 5 8 92
2 17 3 0 11 3 2
2 17 3 0 0 14 68
2 17 2 12 3 0 62
2 17 2 10 4 1 14
2 17 2 8 5 2 26
2 17 2 7 0 8 156
2 17 2 6 6 3 24
2 17 2 5 1 9 144
2 17 2 4 7 4 91
2 17 2 3 2 10 25
2 17 2 2 8 5 72
2 17 2 1 14 0 104
2 17 2 1 3 11 50
2 17 2 0 9 6 33
2 17 1 14 0 2 68
2 17 1 12 1 3 4
2 17 1 10 2 4 129
2 17 1 8 3 5 82
2 17 1 7 9 0 107
2 17 1 6 4 6 36
2 17 1 5 10 1 13
2 17 1 4 5 7 126
2 17 1 3 11 2 21
2 17 1 3 0 13 121
2 17 1 2 6 8 43
2 17 1 1 12 3 181
2 17 1 1 1 14 10
2 17 1 0 7 9 34
2 17 0 13 4 0 118
2 17 0 11 5 1 110
2 17 0 10 0 7 6
2 17 0 9 6 2 60
2 17 0 8 1 8 196
2 17 0 7 7 3 115
2 17 0 6 2 9 57
2 17 0 5 8 4 97
2 17 0 4 3 10 188
2 17 0 3 9 5 8
2 17 0 2 15 0 65
2 17 0 2 4 11 104
2 17 0 1 10 6 148
2 17 0 0 16 1 3
2 17 0 0 5 12 148
2 16 16 1 0 1 57
2 16 14 4 0 0 35
2 16 14 2 1 1 110
2 16 14 0 2 2 94
2 16 13 0 0 5 24
2 16 12 5 1 0 82
2 16 12 3 2 1 184
2 16 12 1 3 2 8
2 16 11 3 0 4 15
2 16 11 1 1 5 62
2 16 11 0 7 0 98
2 16 10 6 2 0 97
2 16 10 4 3 1 182
2 16 10 2 4 2 82
2 16 10 0 5 3 131
2 16 9 6 0 3 31
2 16 9 4 1 4 163
2 16 9 2 2 5 45
2 16 9 1 8 0 164
2 16 9 0 3 6 62
2 16 8 7 3 0 186
2 16 8 5 4 1 154
2 16 8 3 5 2 190
2 16 8 2 0 8 9
2 16 8 1 6 3 20
2 16 8 0 1 9 192
2 16 7 9 0 2 118
2 16 7 7 1 3 53
2 16 7 5 2 4 97
2 16 7 3 3 5 102
2 16 7 2 9 0 142
2 16 7 1 4 6 46
2 16 7 0 10 1 116
2 16 6 8 4 0 98
2 16 6 6 5 1 86
2 16 6 5 0 7 128
2 16 6 4 6 2 29
2 16 6 3 1 8 10
2 16 6 2 7 3 175
2 16 6 1 2 9 87
2 16 6 0 8 4 63
2 16 5 12 0 1 65
2 16 5 10 1 2 198
2 16 5 8 2 3 70
2 16 5 6 3 4 70
2 16 5 4 4 5 117
2 16 5 3 10 0 182
2 16 5 2 5 6 117
2 16 5 1 11 1 147
2 16 5 1 0 12 194
2 16 5 0 6 7 84
2 16 4 9 5 0 63
2 16 4 8 0 6 77
2 16 4 7 6 1 69
2 16 4 6 1 7 45
2 16 4 5 7 2 179
2 16 4 4 2 8 85
2 16 4 3 8 3 8
2 16 4 2 3 9 145
2 16 4 1 9 4 143
2 16 4 0 4 10 133
2 16 3 15 0 0 29
2 16 3 13 1 1 73
2 16 3 11 2 2 49
2 16 3 9 3 3 156
2 16 3 7 4 4 159
2 16 3 5 5 5 172
2 16 3 4 0 11 119
2 16 3 3 6 6 87
2 16 3 2 12 1 43
2 16 3 2 1 12 169
2 16 3 1 7 7 195
2 16 3 0 13 2 89
2 16 3 0 2 13 76
2 16 2 11 0 5 160
2 16 2 10 6 0 175
2 16 2 9 1 6 114
2 16 2 8 7 1 181
2 16 2 7 2 7 15
2 16 2 6 8 2 68
2 16 2 5 3 8 170
2 16 2 4 9 3 133
2 16 2 3 4 9 137
2 16 2 2 10 4 30
2 16 2 1 5 10 25
2 16 2 0 11 5 116
2 16 2 0 0 16 70
2 16 1 16 1 0 86
2 16 1 14 2 1 111
2 16 1 12 3 2 27
2 16 1 10 4 3 78
2 16 1 8 5 4 50
2 16 1 7 0 10 65
2 16 1 6 6 5 123
2 16 1 5 12 0 22
2 16 1 5 1 11 5
2 16 1 4 7 6 115
2 16 1 3 13 1 116
2 16 1 3 2 12 34
2 16 1 2 8 7 73
2 16 1 1 14 2 64
2 16 1 1 3 13 174
2 16 1 0 9 8 130
2 16 0 14 0 4 122
2 16 0 12 1 5 62
2 16 0 11 7 0 15
2 16 0 10 2 6 160
2 16 0 9 8 1 4
2 16 0 8 3 7 80
2 16 0 7 9 2 26
2 16 0 6 4 8 116
2 16 0 5 10 3 118
2 16 0 4 5 9 171
2 16 0 3 0 15 4
2 16 0 2 6 10 48
2 16 0 1 12 5 186
2 16 0 1 1 16 19
2 16 0 0 18 0 193
2 16 0 0 7 11 99
2 15 18 0 1 0 148
2 15 16 1 2 0 165
2 15 15 1 0 3 47
2 15 14 2 3 0 37
2 15 14 0 4 1 20
2 15 13 4 0 2 135
2 15 13 2 1 3 144
2 15 13 0 2 4 164
2 15 12 3 4 0 127
2 15 12 1 5 1 81
2 15 12 0 0 7 139
2 15 11 7 0 1 38
2 15 11 5 1 2 121
2 15 11 3 2 3 131
2 15 11 1 3 4 192
2 15 10 4 5 0 11
2 15 10 3 0 6 117
2 15 10 2 6 1 34
2 15 10 1 1 7 175
2 15 10 0 7 2 71
2 15 9 10 0 0 119
2 15 9 8 1 1 107
2 15 9 6 2 2 62
2 15 9 4 3 3 106
2 15 9 2 4 4 38
2 15 9 0 5 5 15
2 15 8 6 0 5 2
2 15 8 5 6 0 161
2 15 8 4 1 6 18
2 15 8 3 7 1 143
2 15 8 2 2 7 82
2 15 8 1 8 2 59
2 15 8 0 3 8 154
2 15 7 11 1 0 44
2 15 7 9 2 1 39
2 15 7 7 3 2 93
2 15 7 5 4 3 152
2 15 7 3 5 4 67
2 15 7 2 0 10 122
2 15 7 1 6 5 159
2 15 7 0 12 0 15
2 15 7 0 1 11 53
2 15 6 9 0 4 24
2 15 6 7 1 5 48
2 15 6 6 7 0 16
2 15 6 5 2 6 6
2 15 6 4 8 1 42
2 15 6 3 3 7 157
2 15 6 2 9 2 157
2 15 6 1 4 8 139
2 15 6 0 10 3 191
2 15 5 12 2 0 65
2 15 5 10 3 1 42
2 15 5 8 4 2 49
2 15 5 6 5 3 41
2 15 5 5 0 9 150
2 15 5 4 6 4 13
2 15 5 3 1 10 176
2 15 5 2 7 5 172
2 15 5 1 13 0 192
2 15 5 1 2 11 116
2 15 5 0 8 6 24
2 15 4 12 0 3 77
2 15 4 10 1 4 14
2 15 4 8 2 5 137
2 15 4 7 8 0 10
2 15 4 6 3 6 4
2 15 4 5 9 1 193
2 15 4 4 4 7 127
2 15 4 3 10 2 177
2 15 4 2 5 8 35
2 15 4 1 11 3 90
2 15 4 1 0 14 91
2 15 4 0 6 9 166
2 15 3 13 3 0 50
2 15 3 11 4 1 82
2 15 3 9 5 2 76
2 15 3 8 0 8 123
2 15 3 7 6 3 36
2 15 3 6 1 9 116
2 15 3 5 7 4 19
2 15 3 4 2 10 60
2 15 3 3 8 5 132
2 15 3 2 14 0 154
2 15 3 2 3 11 145
2 15 3 1 9 6 92
2 15 3 0 15 1 47
2 15 3 0 4 12 93
2 15 2 15 0 2 127
2 15 2 13 1 3 119
2 15 2 11 2 4 78
2 15 2 9 3 5 77
2 15 2 8 9 0 81
2 15 2 7 4 6 51
2 15 2 6 10 1 38
2 15 2 5 5 7 105
2 15 2 4 11 2 111
2 15 2 4 0 13 192
2 15 2 3 6 8 197
2 15 2 2 12 3 61
2 15 2 2 1 14 64
2 15 2 1 7 9 175
2 15 2 0 13 4 93
2 15 2 0 2 15 195
2 15 1 14 4 0 183
2 15 1 12 5 1 185
2 15 1 11 0 7 65
2 15 1 10 6 2 89
2 15 1 9 1 8 94
2 15 1 8 7 3 103
2 15 1 7 2 9 116
2 15 1 6 8 4 24
2 15 1 5 3 10 189
2 15 1 4 9 5 77
2 15 1 3 15 0 110
2 15 1 3 4 11 131
2 15 1 2 10 6 147
2 15 1 1 16 1 37
2 15 1 1 5 12 102
2 15 1 0 11 7 148
2 15 1 0 0 18 114
2 15 0 18 0 1 191
2 15 0 16 1 2 66
2 15 0 14 2 3 157
2 15 0 12 3 4 150
2 15 0 10 4 5 106
2 15 0 9 10 0 82
2 15 0 8 5 6 113
2 15 0 7 11 1 152
2 15 0 7 0 12 8
2 15 0 6 6 7 3
2 15 0 5 12 2 198
2 15 0 5 1 13 90
2 15 0 4 7 8 106
2 15 0 3 13 3 164
2 15 0 3 2 14 96
2 15 0 2 8 9 11
2 15 0 1 14 4 146
2 15 0 1 3 15 165
2 15 0 0 9 10 133
2 14 17 2 0 1 35
2 14 17 0 1 2 144
2 14 15 5 0 0 150
2 14 15 3 1 1 106
2 14 15 1 2 2 112
2 14 14 1 0 5 113
2 14 14 0 6 0 149
2 14 13 6 1 0 54
2 14 13 4 2 1 40
2 14 13 2 3 2 2
2 14 13 0 4 3 126
2 14 12 4 0 4 116
2 14 12 2 1 5 47
2 14 12 1 7 0 29
2 14 12 0 2 6 184
2 14 11 7 2 0 61
2 14 11 5 3 1 182
2 14 11 3 4 2 38
2 14 11 1 5 3 33
2 14 11 0 0 9 160
2 14 10 7 0 3 18
2 14 10 5 1 4 8
2 14 10 3 2 5 187
2 14 10 2 8 0 102
2 14 10 1 3 6 38
2 14 10 0 9 1 155
2 14 9 8 3 0 72
2 14 9 6 4 1 55
2 14 9 4 5 2 176
2 14 9 3 0 8 147
2 14 9 2 6 3 58
2 14 9 1 1 9 46
2 14 9 0 7 4 63
2 14 8 10 0 2 146
2 14 8 8 1 3 56
2 14 8 6 2 4 86
2 14 8 4 3 5 183
2 14 8 3 9 0 83
2 14 8 2 4 6 132
2 14 8 1 10 1 137
2 14 8 0 5 7 68
2 14 7 9 4 0 22
2 14 7 7 5 1 55
2 14 7 6 0 7 15
2 14 7 5 6 2 111
2 14 7 4 1 8 142
2 14 7 3 7 3 48
2 14 7 2 2 9 116
2 14 7 1 8 4 38
2 14 7 0 3 10 20
2 14 6 13 0 1 133
2 14 6 11 1 2 93
2 14 6 9 2 3 5
2 14 6 7 3 4 185
2 14 6 5 4 5 164
2 14 6 4 10 0 114
2 14 6 3 5 6 126
2 14 6 2 11 1 76
2 14 6 2 0 12 21
2 14 6 1 6 7 31
2 14 6 0 12 2 53
2 14 6 0 1 13 185
2 14 5 10 5 0 87
2 14 5 9 0 6 64
2 14 5 8 6 1 40
2 14 5 7 1 7 77
2 14 5 6 7 2 125
2 14 5 5 2 8 94
2 14 5 4 8 3 94
2 14 5 3 3 9 181
2 14 5 2 9 4 25
2 14 5 1 4 10 99
2 14 5 0 10 5 132
2 14 4 16 0 0 69
2 14 4 14 1 1 43
2 14 4 12 2 2 9
2 14 4 10 3 3 146
2 14 4 8 4 4 160
2 14 4 6 5 5 22
2 14 4 5 11 0 147
2 14 4 5 0 11 84
2 14 4 4 6 6 150
2 14 4 3 12 1 22
2 14 4 3 1 12 10
2 14 4 2 7 7 37
2 14 4 1 13 2 173
2 14 4 1 2 13 154
2 14 4 0 8 8 156
2 14 3 12 0 5 26
2 14 3 11 6 0 187
2 14 3 10 1 6 31
2 14 3 9 7 1 40
2 14 3 8 2 7 138
2 14 3 7 8 2 154
2 14 3 6 3 8 113
2 14 3 5 9 3 184
2 14 3 4 4 9 180
2 14 3 3 10 4 41
2 14 3 2 5 10 25
2 14 3 1 11 5 47
2 14 3 1 0 16 52
2 14 3 0 17 0 25
2 14 3 0 6 11 138
2 14 2 17 1 0 105
2 14 2 15 2 1 115
2 14 2 13 3 2 69
2 14 2 11 4 3 158
2 14 2 9 5 4 54
2 14 2 8 0 10 172
2 14 2 7 6 5 45
2 14 2 6 12 0 144
2 14 2 6 1 11 77
2 14 2 5 7 6 70
2 14 2 4 13 1 152
2 14 2 4 2 12 152
2 14 2 3 8 7 75
2 14 2 2 14 2 34
2 14 2 2 3 13 91
2 14 2 1 9 8 98
2 14 2 0 15 3 90
2 14 2 0 4 14 189
2 14 1 15 0 4 172
2 14 1 13 1 5 4
2 14 1 12 7 0 103
2 14 1 11 2 6 107
2 14 1 10 8 1 48
2 14 1 9 3 7 151
2 14 1 8 9 2 88
2 14 1 7 4 8 196
2 14 1 6 10 3 79
2 14 1 5 5 9 76
2 14 1 4 11 4 180
2 14 1 4 0 15 154
2 14 1 3 6 10 187
2 14 1 2 12 5 93
2 14 1 2 1 16 77
2 14 1 1 18 0 64
2 14 1 1 7 11 17
2 14 1 0 13 6 113
2 14 1 0 2 17 151
2 14 0 18 2 0 77
2 14 0 16 3 1 60
2 14 0 14 4 2 192
2 14 0 12 5 3 136
2 14 0 11 0 9 152
2 14 0 10 6 4 179
2 14 0 9 1 10 5
2 14 0 7 13 0 55
2 14 0 7 2 11 183
2 14 0 6 8 6 16
2 14 0 5 14 1 168
2 14 0 5 3 12 91
2 14 0 4 9 7 96
2 14 0 3 15 2 72
2 14 0 3 4 13 118
2 14 0 2 10 8 192
2 14 0 1 16 3 168
2 14 0 1 5 14 42
2 14 0 0 11 9 158
2 14 0 0 0 20 91
2 13 21 0 0 0 15
2 13 19 1 1 0 126
2 13 17 2 2 0 132
2 13 17 0 3 1 64
2 13 16 2 0 3 198
2 13 16 0 1 4 74
2 13 15 3 3 0 4
2 13 15 1 4 1 150
2 13 14 5 0 2 160
2 13 14 3 1 3 97
2 13 14 1 2 4 195
2 13 13 4 4 0 131
2 13 13 2 5 1 156
2 13 13 1 0 7 66
2 13 13 0 6 2 123
2 13 12 8 0 1 4
2 13 12 6 1 2 90
2 13 12 4 2 3 77
2 13 12 2 3 4 41
2 13 12 0 4 5 98
2 13 11 5 5 0 82
2 13 11 4 0 6 141
2 13 11 3 6 1 12
2 13 11 2 1 7 141
2 13 11 1 7 2 143
2 13 11 0 2 8 19
2 13 10 11 0 0 77
2 13 10 9 1 1 143
2 13 10 7 2 2 108
2 13 10 5 3 3 31
2 13 10 3 4 4 185
2 13 10 1 5 5 52
2 13 10 0 11 0 130
2 13 10 0 0 11 92
2 13 9 7 0 5 26
2 13 9 6 6 0 6
2 13 9 5 1 6 159
2 13 9 4 7 1 134
2 13 9 3 2 7 74
2 13 9 2 8 2 144
2 13 9 1 3 8 119
2 13 9 0 9 3 51
2 13 8 12 1 0 183
2 13 8 10 2 1 177
2 13 8 8 3 2 194
2 13 8 6 4 3 10
2 13 8 4 5 4 94
2 13 8 3 0 10 114
2 13 8 2 6 5 109
2 13 8 1 1 11 80
2 13 8 0 7 6 100
2 13 7 10 0 4 100
2 13 7 8 1 5 16
2 13 7 7 7 0 178
2 13 7 6 2 6 145
2 13 7 5 8 1 180
2 13 7 4 3 7 184
2 13 7 3 9 2 121
2 13 7 2 4 8 29
2 13 7 1 10 3 125
2 13 7 0 5 9 107
2 13 6 13 2 0 161
2 13 6 11 3 1 69
2 13 6 9 4 2 13
2 13 6 7 5 3 7
2 13 6 6 0 9 137
2 13 6 5 6 4 80
2 13 6 4 1 10 139
2 13 6 3 7 5 119
2 13 6 2 13 0 38
2 13 6 2 2 11 129
2 13 6 1 8 6 8
2 13 6 0 14 1 35
2 13 6 0 3 12 137
2 13 5 13 0 3 87
2 13 5 11 1 4 38
2 13 5 9 2 5 148
2 13 5 8 8 0 132
2 13 5 7 3 6 133
2 13 5 6 9 1 167
2 13 5 5 4 7 103
2 13 5 4 10 2 110
2 13 5 3 5 8 119
2 13 5 2 11 3 7
2 13 5 2 0 14 90
2 13 5 1 6 9 42
2 13 5 0 12 4 103
2 13 5 0 1 15 163
2 13 4 14 3 0 33
2 13 4 12 4 1 18
2 13 4 10 5 2 170
2 13 4 9 0 8 115
2 13 4 8 6 3 177
2 13 4 7 1 9 178
2 13 4 6 7 4 63
2 13 4 5 2 10 112
2 13 4 4 8 5 195
2 13 4 3 14 0 99
2 13 4 3 3 11 116
2 13 4 2 9 6 42
2 13 4 1 15 1 166
2 13 4 1 4 12 51
2 13 4 0 10 7 176
2 13 3 16 0 2 50
2 13 3 14 1 3 72
2 13 3 12 2 4 4
2 13 3 10 3 5 124
2 13 3 9 9 0 64
2 13 3 8 4 6 166
2 13 3 7 10 1 170
2 13 3 6 5 7 80
2 13 3 5 11 2 35
2 13 3 5 0 13 23
2 13 3 4 6 8 121
2 13 3 3 12 3 76
2 13 3 3 1 14 117
2 13 3 2 7 9 66
2 13 3 1 13 4 167
2 13 3 1 2 15 40
2 13 3 0 8 10 163
2 13 2 15 4 0 135
2 13 2 13 5 1 72
2 13 2 12 0 7 154
2 13 2 11 6 2 43
2 13 2 10 1 8 37
2 13 2 9 7 3 124
2 13 2 8 2 9 191
2 13 2 7 8 4 192
2 13 2 6 3 10 62
2 13 2 5 9 5 15
2 13 2 4 15 0 30
2 13 2 4 4 11 12
2 13 2 3 10 6 117
2 13 2 2 16 1 139
2 13 2 2 5 12 133
2 13 2 1 11 7 4
2 13 2 1 0 18 39
2 13 2 0 17 2 109
2 13 2 0 6 13 55
2 13 1 19 0 1 7
2 13 1 17 1 2 161
2 13 1 15 2 3 175
2 13 1 13 3 4 196
2 13 1 11 4 5 7
2 13 1 10 10 0 170
2 13 1 9 5 6 143
2 13 1 8 11 1 135
2 13 1 8 0 12 196
2 13 1 7 6 7 18
2 13 1 6 12 2 42
2 13 1 6 1 13 166
2 13 1 5 7 8 117
2 13 1 4 13 3 21
2 13 1 4 2 14 45
2 13 1 3 8 9 168
2 13 1 2 14 4 56
2 13 1 2 3 15 15
2 13 1 1 9 10 1
2 13 1 0 15 5 196
2 13 1 0 4 16 158
2 13 0 16 5 0 139
2 13 0 15 0 6 80
2 13 0 14 6 1 80
2 13 0 13 1 7 186
2 13 0 12 7 2 29
2 13 0 11 2 8 74
2 13 0 10 8 3 94
2 13 0 9 3 9 186
2 13 0 8 9 4 89
2 13 0 7 4 10 109
2 13 0 6 10 5 132
2 13 0 5 16 0 51
2 13 0 5 5 11 99
2 13 0 4 11 6 110
2 13 0 4 0 17 198
2 13 0 3 17 1 85
2 13 0 3 6 12 67
2 13 0 2 12 7 116
2 13 0 2 1 18 81
2 13 0 1 18 2 24
2 13 0 1 7 13 73
2 13 0 0 13 8 106
2 13 0 0 2 19 67
2 12 20 0 0 2 62
2 12 18 3 0 1 184
2 12 18 1 1 2 144
2 12 17 0 5 0 126
2 12 16 6 0 0 23
2 12 16 4 1 1 79
2 12 16 2 2 2 20
2 12 16 0 3 3 195
2 12 15 2 0 5 153
2 12 15 1 6 0 179
2 12 15 0 1 6 27
2 12 14 7 1 0 147
2 12 14 5 2 1 188
2 12 14 3 3 2 85
2 12 14 1 4 3 111
2 12 13 5 0 4 196
2 12 13 3 1 5 86
2 12 13 2 7 0 32
2 12 13 1 2 6 7
2 12 13 0 8 1 73
2 12 12 8 2 0 85
2 12 12 6 3 1 139
2 12 12 4 4 2 151
2 12 12 2 5 3 48
2 12 12 1 0 9 156
2 12 12 0 6 4 116
2 12 11 8 0 3 68
2 12 11 6 1 4 4
2 12 11 4 2 5 112
2 12 11 3 8 0 66
2 12 11 2 3 6 93
2 12 11 1 9 1 129
2 12 11 0 4 7 154
2 12 10 9 3 0 14
2 12 10 7 4 1 84
2 12 10 5 5 2 71
2 12 10 4 0 8 26
2 12 10 3 6 3 16
2 12 10 2 1 9 105
2 12 10 1 7 4 55
2 12 10 0 2 10 72
2 12 9 11 0 2 4
2 12 9 9 1 3 55
2 12 9 7 2 4 171
2 12 9 5 3 5 111
2 12 9 4 9 0 194
2 12 9 3 4 6 58
2 12 9 2 10 1 42
2 12 9 1 5 7 25
2 12 9 0 11 2 173
2 12 9 0 0 13 151
2 12 8 10 4 0 23
2 12 8 8 5 1 57
2 12 8 7 0 7 153
2 12 8 6 6 2 84
2 12 8 5 1 8 63
2 12 8 4 7 3 89
2 12 8 3 2 9 164
2 12 8 2 8 4 50
2 12 8 1 3 10 118
2 12 8 0 9 5 66
2 12 7 14 0 1 148
2 12 7 12 1 2 133
2 12 7 10 2 3 161
2 12 7 8 3 4 158
2 12 7 6 4 5 121
2 12 7 5 10 0 47
2 12 7 4 5 6 67
2 12 7 3 11 1 99
2 12 7 3 0 12 196
2 12 7 2 6 7 17
2 12 7 1 12 2 10
2 12 7 1 1 13 143
2 12 7 0 7 8 29
2 12 6 11 5 0 157
2 12 6 10 0 6 149
2 12 6 9 6 1 58
2 12 6 8 1 7 165
2 12 6 7 7 2 3
2 12 6 6 2 8 42
2 12 6 5 8 3 164
2 12 6 4 3 9 23
2 12 6 3 9 4 166
2 12 6 2 4 10 121
2 12 6 1 10 5 137
2 12 6 0 16 0 88
2 12 6 0 5 11 170
2 12 5 17 0 0 142
2 12 5 15 1 1 19
2 12 5 13 2 2 145
2 12 5 9 4 4 145
2 12 5 7 5 5 52
2 12 5 6 11 0 6
2 12 5 6 0 11 86
2 12 5 5 6 6 65
2 12 5 4 12 1 2
2 12 5 4 1 12 61
2 12 5 3 7 7 153
2 12 5 2 13 2 49
2 12 5 2 2 13 155
2 12 5 1 8 8 189
2 12 5 0 14 3 55
2 12 5 0 3 14 31
2 12 4 13 0 5 71
2 12 4 12 6 0 126
2 12 4 11 1 6 167
2 12 4 10 7 1 17
2 12 4 9 2 7 188
2 12 4 8 8 2 191
2 12 4 7 3 8 154
2 12 4 6 9 3 47
2 12 4 5 4 9 101
2 12 4 4 10 4 185
2 12 4 3 5 10 31
2 12 4 2 11 5 84
2 12 4 2 0 16 67
2 12 4 1 17 0 39
2 12 4 1 6 11 32
2 12 4 0 12 6 131
2 12 4 0 1 17 35
2 12 3 18 1 0 10
2 12 3 16 2 1 23
2 12 3 14 3 2 82
2 12 3 12 4 3 104
2 12 3 10 5 4 109
2 12 3 9 0 10 31
2 12 3 8 6 5 157
2 12 3 7 12 0 111
2 12 3 7 1 11 92
2 12 3 6 7 6 36
2 12 3 5 13 1 148
2 12 3 5 2 12 89
2 12 3 4 8 7 158
2 12 3 3 14 2 114
2 12 3 3 3 13 160
2 12 3 2 9 8 67
2 12 3 1 15 3 20
2 12 3 1 4 14 22
2 12 3 0 10 9 41
2 12 2 16 0 4 157
2 12 2 14 1 5 163
2 12 2 13 7 0 148
2 12 2 12 2 6 80
2 12 2 11 8 1 86
2 12 2 10 3 7 126
2 12 2 9 9 2 149
2 12 2 8 4 8 104
2 12 2 7 10 3 87
2 12 2 6 5 9 109
2 12 2 5 11 4 134
2 12 2 5 0 15 151
2 12 2 4 6 10 76
2 12 2 3 12 5 63
2 12 2 3 1 16 28
2 12 2 2 18 0 84
2 12 2 2 7 11 9
2 12 2 1 13 6 24
2 12 2 1 2 17 32
2 12 2 0 19 1 161
2 12 2 0 8 12 151
2 12 1 19 2 0 100
2 12 1 17 3 1 121
2 12 1 15 4 2 154
2 12 1 13 5 3 155
2 12 1 12 0 9 52
2 12 1 11 6 4 8
2 12 1 10 1 10 47
2 12 1 9 7 5 124
2 12 1 8 13 0 164
2 12 1 8 2 11 171
2 12 1 7 8 6 55
2 12 1 6 14 1 14
2 12 1 6 3 12 84
2 12 1 5 9 7 127
2 12 1 4 15 2 35
2 12 1 4 4 13 131
2 12 1 3 10 8 173
2 12 1 2 16 3 146
2 12 1 2 5 14 76
2 12 1 1 11 9 21
2 12 1 1 0 20 187
2 12 1 0 17 4 195
2 12 1 0 6 15 13
2 12 0 19 0 3 149
2 12 0 17 1 4 40
2 12 0 15 2 5 156
2 12 0 14 8 0 120
2 12 0 13 3 6 9
2 12 0 12 9 1 56
2 12 0 11 4 7 191
2 12 0 10 10 2 28
2 12 0 9 5 8 66
2 12 0 8 11 3 125
2 12 0 8 0 14 73
2 12 0 7 6 9 173
2 12 0 6 12 4 197
2 12 0 6 1 15 137
2 12 0 5 7 10 81
2 12 0 4 13 5 132
2 12 0 4 2 16 193
2 12 0 3 19 0 139
2 12 0 3 8 11 163
2 12 0 2 14 6 16
2 12 0 2 3 17 132
2 12 0 1 20 1 80
2 12 0 1 9 12 30
2 12 0 0 15 7 197
2 12 0 0 4 18 50
2 11 22 1 0 0 57
2 11 20 2 1 0 49
2 11 20 0 2 1 173
2 11 19 0 0 4 135
2 11 18 3 2 0 113
2 11 18 1 3 1 183
2 11 17 3 0 3 72
2 11 17 1 1 4 182
2 11 16 4 3 0 79
2 11 16 2 4 1 150
2 11 16 0 5 2 126
2 11 15 6 0 2 80
2 11 15 4 1 3 164
2 11 15 2 2 4 68
2 11 15 0 3 5 77
2 11 14 5 4 0 12
2 11 14 3 5 1 37
2 11 14 2 0 7 51
2 11 14 1 6 2 43
2 11 14 0 1 8 129
2 11 13 9 0 1 105
2 11 13 7 1 2 39
2 11 13 5 2 3 64
2 11 13 3 3 4 161
2 11 13 1 4 5 116
2 11 13 0 10 0 70
2 11 12 6 5 0 129
2 11 12 5 0 6 9
2 11 12 4 6 1 86
2 11 12 3 1 7 132
2 11 12 2 7 2 71
2 11 12 1 2 8 15
2 11 12 0 8 3 46
2 11 11 12 0 0 90
2 11 11 10 1 1 118
2 11 11 8 2 2 195
2 11 11 6 3 3 78
2 11 11 4 4 4 168
2 11 11 2 5 5 181
2 11 11 1 11 0 131
2 11 11 1 0 11 191
2 11 11 0 6 6 54
2 11 10 8 0 5 97
2 11 10 7 6 0 5
2 11 10 6 1 6 53
2 11 10 5 7 1 172
2 11 10 4 2 7 31
2 11 10 3 8 2 95
2 11 10 2 3 8 144
2 11 10 1 9 3 152
2 11 10 0 4 9 187
2 11 9 13 1 0 1
2 11 9 11 2 1 176
2 11 9 9 3 2 184
2 11 9 7 4 3 147
2 11 9 5 5 4 25
2 11 9 4 0 10 137
2 11 9 3 6 5 33
2 11 9 2 12 0 169
2 11 9 2 1 11 119
2 11 9 0 13 1 63
2 11 9 0 2 12 144
2 11 8 11 0 4 189
2 11 8 9 1 5 127
2 11 8 8 7 0 191
2 11 8 7 2 6 50
2 11 8 6 8 1 4
2 11 8 5 3 7 63
2 11 8 4 9 2 23
2 11 8 3 4 8 86
2 11 8 2 10 3 188
2 11 8 1 5 9 97
2 11 8 0 11 4 158
2 11 8 0 0 15 172
2 11 7 14 2 0 72
2 11 7 12 3 1 132
2 11 7 10 4 2 87
2 11 7 8 5 3 59
2 11 7 7 0 9 42
2 11 7 6 6 4 16
2 11 7 5 1 10 122
2 11 7 4 7 5 63
2 11 7 3 13 0 123
2 11 7 3 2 11 191
2 11 7 2 8 6 9
2 11 7 1 14 1 56
2 11 7 1 3 12 184
2 11 7 0 9 7 78
2 11 6 14 0 3 5
2 11 6 12 1 4 48
2 11 6 10 2 5 11
2 11 6 9 8 0 27
2 11 6 8 3 6 44
2 11 6 7 9 1 77
2 11 6 6 4 7 110
2 11 6 5 10 2 41
2 11 6 4 5 8 195
2 11 6 3 11 3 119
2 11 6 3 0 14 146
2 11 6 2 6 9 84
2 11 6 1 12 4 155
2 11 6 1 1 15 150
2 11 6 0 7 10 52
2 11 5 15 3 0 150
2 11 5 13 4 1 52
2 11 5 11 5 2 186
2 11 5 9 6 3 149
2 11 5 7 7 4 50
2 11 5 6 2 10 180
2 11 5 5 8 5 168
2 11 5 4 14 0 119
2 11 5 4 3 11 122
2 11 5 3 9 6 10
2 11 5 2 15 1 34
2 11 5 2 4 12 83
2 11 5 1 10 7 84
2 11 5 0 16 2 164
2 11 5 0 5 13 16
2 11 4 17 0 2 70
2 11 4 15 1 3 58
2 11 4 13 2 4 178
2 11 4 11 3 5 122
2 11 4 10 9 0 115
2 11 4 9 4 6 108
2 11 4 8 10 1 36
2 11 4 7 5 7 122
2 11 4 6 11 2 114
2 11 4 6 0 13 17
2 11 4 5 6 8 172
2 11 4 4 12 3 172
2 11 4 4 1 14 115
2 11 4 3 7 9 138
2 11 4 2 13 4 89
2 11 4 2 2 15 89
2 11 4 1 8 10 143
2 11 4 0 14 5 138
2 11 4 0 3 16 163
2 11 3 16 4 0 28
2 11 3 14 5 1 156
2 11 3 13 0 7 65
2 11 3 12 6 2 19
2 11 3 11 1 8 43
2 11 3 10 7 3 34
2 11 3 9 2 9 49
2 11 3 8 8 4 140
2 11 3 7 3 10 53
2 11 3 6 9 5 143
2 11 3 5 15 0 196
2 11 3 5 4 11 96
2 11 3 4 10 6 55
2 11 3 3 16 1 175
2 11 3 3 5 12 145
2 11 3 2 11 7 87
2 11 3 2 0 18 140
2 11 3 1 17 2 53
2 11 3 1 6 13 25
2 11 3 0 12 8 44
2 11 3 0 1 19 176
2 11 2 20 0 1 186
2 11 2 18 1 2 3
2 11 2 16 2 3 154
2 11 2 14 3 4 178
2 11 2 12 4 5 105
2 11 2 11 10 0 128
2 11 2 10 5 6 167
2 11 2 9 11 1 80
2 11 2 9 0 12 114
2 11 2 8 6 7 122
2 11 2 7 12 2 89
2 11 2 7 1 13 88
2 11 2 6 7 8 134
2 11 2 5 13 3 153
2 11 2 5 2 14 4
2 11 2 4 8 9 98
2 11 2 3 14 4 80
2 11 2 3 3 15 67
2 11 2 2 9 10 19
2 11 2 1 15 5 21
2 11 2 1 4 16 117
2 11 2 0 21 0 77
2 11 2 0 10 11 186
2 11 1 17 5 0 14
2 11 1 16 0 6 120
2 11 1 15 6 1 99
2 11 1 14 1 7 47
2 11 1 13 7 2 59
2 11 1 12 2 8 18
2 11 1 11 8 3 115
2 11 1 10 3 9 77
2 11 1 9 9 4 64
2 11 1 8 4 10 147
2 11 1 7 10 5 30
2 11 1 6 16 0 115
2 11 1 6 5 11 130
2 11 1 5 11 6 144
2 11 1 5 0 17 80
2 11 1 4 17 1 22
2 11 1 4 6 12 105
2 11 1 3 12 7 31
2 11 1 3 1 18 89
2 11 1 2 18 2 25
2 11 1 2 7 13 41
2 11 1 1 13 8 73
2 11 1 1 2 19 111
2 11 1 0 19 3 38
2 11 1 0 8 14 148
2 11 0 23 0 0 159
2 11 0 21 1 1 23
2 11 0 19 2 2 178
2 11 0 17 3 3 61
2 11 0 15 4 4 92
2 11 0 13 5 5 110
2 11 0 12 11 0 10
2 11 0 12 0 11 194
2 11 0 11 6 6 189
2 11 0 10 12 1 9
2 11 0 10 1 12 43
2 11 0 9 7 7 45
2 11 0 8 13 2 114
2 11 0 8 2 13 76
2 11 0 7 8 8 26
2 11 0 6 14 3 178
2 11 0 6 3 14 158
2 11 0 5 9 9 120
2 11 0 4 15 4 6
2 11 0 4 4 15 118
2 11 0 3 10 10 1
2 11 0 2 16 5 131
2 11 0 2 5 16 13
2 11 0 1 22 0 6
2 11 0 1 11 11 10
2 11 0 1 0 22 132
2 11 0 0 17 6 114
2 11 0 0 6 17 93
2 10 21 1 0 2 124
2 10 20 0 4 0 8
2 10 19 4 0 1 153
2 10 19 2 1 2 149
2 10 19 0 2 3 76
2 10 18 1 5 0 12
2 10 18 0 0 6 188
2 10 17 7 0 0 65
2 10 17 5 1 1 134
2 10 17 3 2 2 34
2 10 17 1 3 3 154
2 10 16 3 0 5 185
2 10 16 2 6 0 164
2 10 16 1 1 6 84
2 10 16 0 7 1 17
2 10 15 8 1 0 139
2 10 15 6 2 1 78
2 10 15 4 3 2 39
2 10 15 2 4 3 100
2 10 15 0 5 4 155
2 10 14 6 0 4 115
2 10 14 4 1 5 167
2 10 14 3 7 0 83
2 10 14 2 2 6 120
2 10 14 1 8 1 95
2 10 14 0 3 7 169
2 10 13 9 2 0 89
2 10 13 7 3 1 107
2 10 13 5 4 2 100
2 10 13 3 5 3 56
2 10 13 2 0 9 91
2 10 13 1 6 4 136
2 10 13 0 1 10 23
2 10 12 9 0 3 179
2 10 12 7 1 4 176
2 10 12 5 2 5 54
2 10 12 4 8 0 56
2 10 12 3 3 6 108
2 10 12 2 9 1 48
2 10 12 1 4 7 94
2 10 12 0 10 2 50
2 10 11 10 3 0 184
2 10 11 8 4 1 155
2 10 11 6 5 2 195
2 10 11 5 0 8 187
2 10 11 4 6 3 54
2 10 11 3 1 9 73
2 10 11 2 7 4 69
2 10 11 1 2 10 188
2 10 11 0 8 5 106
2 10 10 12 0 2 11
2 10 10 10 1 3 38
2 10 10 8 2 4 47
2 10 10 6 3 5 90
2 10 10 5 9 0 179
2 10 10 4 4 6 152
2 10 10 3 10 1 83
2 10 10 2 5 7 180
2 10 10 1 11 2 152
2 10 10 1 0 13 34
2 10 10 0 6 8 34
2 10 9 11 4 0 129
2 10 9 9 5 1 160
2 10 9 8 0 7 94
2 10 9 7 6 2 186
2 10 9 6 1 8 182
2 10 9 5 7 3 176
2 10 9 4 2 9 190
2 10 9 3 8 4 8
2 10 9 2 3 10 52
2 10 9 1 9 5 135
2 10 9 0 15 0 63
2 10 9 0 4 11 69
2 10 8 15 0 1 55
2 10 8 13 1 2 118
2 10 8 11 2 3 12
2 10 8 9 3 4 32
2 10 8 7 4 5 2
2 10 8 6 10 0 94
2 10 8 5 5 6 14
2 10 8 4 11 1 129
2 10 8 4 0 12 170
2 10 8 3 6 7 42
2 10 8 2 12 2 116
2 10 8 2 1 13 120
2 10 8 1 7 8 48
2 10 8 0 13 3 178
2 10 8 0 2 14 74
2 10 7 12 5 0 117
2 10 7 11 0 6 156
2 10 7 10 6 1 58
2 10 7 9 1 7 30
2 10 7 8 7 2 161
2 10 7 7 2 8 175
2 10 7 6 8 3 159
2 10 7 5 3 9 183
2 10 7 4 9 4 139
2 10 7 3 4 10 160
2 10 7 2 10 5 132
2 10 7 1 16 0 153
2 10 7 1 5 11 86
2 10 7 0 11 6 103
2 10 7 0 0 17 189
2 10 6 18 0 0 67
2 10 6 16 1 1 110
2 10 6 14 2 2 16
2 10 6 12 3 3 97
2 10 6 10 4 4 150
2 10 6 8 5 5 91
2 10 6 7 11 0 29
2 10 6 7 0 11 179
2 10 6 6 6 6 118
2 10 6 5 12 1 95
2 10 6 5 1 12 13
2 10 6 4 7 7 35
2 10 6 3 13 2 78
2 10 6 3 2 13 22
2 10 6 2 8 8 95
2 10 6 1 3 14 41
2 10 6 0 9 9 164
2 10 5 14 0 5 162
2 10 5 13 6 0 148
2 10 5 12 1 6 111
2 10 5 11 7 1 133
2 10 5 10 2 7 53
2 10 5 9 8 2 115
2 10 5 8 3 8 110
2 10 5 7 9 3 87
2 10 5 6 4 9 28
2 10 5 5 10 4 76
2 10 5 4 5 10 57
2 10 5 3 11 5 76
2 10 5 3 0 16 111
2 10 5 2 17 0 85
2 10 5 2 6 11 188
2 10 5 1 12 6 70
2 10 5 1 1 17 81
2 10 5 0 18 1 167
2 10 5 0 7 12 96
2 10 4 19 1 0 127
2 10 4 17 2 1 24
2 10 4 15 3 2 101
2 10 4 13 4 3 194
2 10 4 11 5 4 65
2 10 4 10 0 10 25
2 10 4 9 6 5 54
2 10 4 8 12 0 155
2 10 4 8 1 11 32
2 10 4 7 7 6 136
2 10 4 6 13 1 141
2 10 4 6 2 12 175
2 10 4 5 8 7 88
2 10 4 4 14 2 16
2 10 4 4 3 13 68
2 10 4 3 9 8 136
2 10 4 2 15 3 189
2 10 4 2 4 14 128
2 10 4 1 10 9 85
2 10 4 0 16 4 19
2 10 4 0 5 15 198
2 10 3 17 0 4 94
2 10 3 15 1 5 63
2 10 3 14 7 0 33
2 10 3 13 2 6 12
2 10 3 12 8 1 191
2 10 3 11 3 7 100
2 10 3 10 9 2 81
2 10 3 9 4 8 21
2 10 3 8 10 3 50
2 10 3 7 5 9 107
2 10 3 6 11 4 126
2 10 3 6 0 15 15
2 10 3 5 6 10 83
2 10 3 4 12 5 11
2 10 3 4 1 16 59
2 10 3 3 18 0 76
2 10 3 3 7 11 71
2 10 3 2 13 6 50
2 10 3 2 2 17 166
2 10 3 1 19 1 125
2 10 3 1 8 12 175
2 10 3 0 14 7 138
2 10 3 0 3 18 23
2 10 2 20 2 0 168
2 10 2 18 3 1 126
2 10 2 16 4 2 54
2 10 2 14 5 3 159
2 10 2 13 0 9 173
2 10 2 12 6 4 115
2 10 2 11 1 10 96
2 10 2 10 7 5 16
2 10 2 9 13 0 23
2 10 2 9 2 11 15
2 10 2 8 8 6 177
2 10 2 7 14 1 121
2 10 2 7 3 12 186
2 10 2 6 9 7 50
2 10 2 5 15 2 22
2 10 2 5 4 13 161
2 10 2 4 10 8 142
2 10 2 3 16 3 109
2 10 2 3 5 14 105
2 10 2 2 11 9 167
2 10 2 2 0 20 110
2 10 2 1 17 4 144
2 10 2 1 6 15 58
2 10 2 0 12 10 108
2 10 2 0 1 21 142
2 10 1 20 0 3 89
2 10 1 18 1 4 176
2 10 1 16 2 5 121
2 10 1 15 8 0 129
2 10 1 14 3 6 15
2 10 1 13 9 1 12
2 10 1 12 4 7 91
2 10 1 11 10 2 23
2 10 1 10 5 8 161
2 10 1 9 11 3 29
2 10 1 9 0 14 52
2 10 1 8 6 9 16
2 10 1 7 12 4 86
2 10 1 7 1 15 112
2 10 1 6 7 10 1
2 10 1 5 13 5 198
2 10 1 5 2 16 71
2 10 1 4 19 0 154
2 10 1 4 8 11 172
2 10 1 3 14 6 100
2 10 1 3 3 17 171
2 10 1 2 9 12 25
2 10 1 1 15 7 138
2 10 1 1 4 18 80
2 10 1 0 21 2 22
2 10 1 0 10 13 156
2 10 0 21 3 0 181
2 10 0 19 4 1 35
2 10 0 17 5 2 18
2 10 0 16 0 8 45
2 10 0 15 6 3 116
2 10 0 14 1 9 21
2 10 0 13 7 4 103
2 10 0 12 2 10 80
2 10 0 11 8 5 64
2 10 0 10 14 0 173
2 10 0 10 3 11 72
2 10 0 9 9 6 18
2 10 0 8 15 1 141
2 10 0 8 4 12 87
2 10 0 7 10 7 116
2 10 0 6 16 2 77
2 10 0 6 5 13 85
2 10 0 5 11 8 152
2 10 0 5 0 19 59
2 10 0 4 17 3 101
2 10 0 4 6 14 2
2 10 0 3 12 9 23
2 10 0 3 1 20 110
2 10 0 2 18 4 82
2 10 0 2 7 15 4
2 10 0 1 13 10 136
2 10 0 1 2 21 168
2 10 0 0 19 5 124
2 10 0 0 8 16 123
2 9 23 2 0 0 157
2 9 23 0 1 1 38
2 9 21 3 1 0 91
2 9 21 1 2 1 104
2 9 20 1 0 4 188
2 9 19 4 2 0 142
2 9 19 2 3 1 150
2 9 19 0 4 2 180
2 9 18 4 0 3 82
2 9 18 2 1 4 167
2 9 18 0 2 5 129
2 9 17 5 3 0 51
2 9 17 3 4 1 171
2 9 17 1 5 2 151
2 9 17 0 0 8 15
2 9 16 7 0 2 165
2 9 16 5 1 3 16
2 9 16 3 2 4 97
2 9 16 1 3 5 186
2 9 16 0 9 0 57
2 9 15 6 4 0 40
2 9 15 4 5 1 95
2 9 15 3 0 7 43
2 9 15 2 6 2 3
2 9 15 1 1 8 16
2 9 15 0 7 3 100
2 9 14 10 0 1 139
2 9 14 8 1 2 130
2 9 14 6 2 3 111
2 9 14 4 3 4 120
2 9 14 2 4 5 109
2 9 14 1 10 0 15
2 9 14 0 5 6 139
2 9 13 7 5 0 156
2 9 13 6 0 6 145
2 9 13 5 6 1 50
2 9 13 4 1 7 87
2 9 13 3 7 2 130
2 9 13 2 2 8 99
2 9 13 1 8 3 145
2 9 13 0 3 9 154
2 9 12 13 0 0 56
2 9 12 11 1 1 125
2 9 12 9 2 2 1
2 9 12 7 3 3 71
2 9 12 5 4 4 195
2 9 12 3 5 5 157
2 9 12 2 11 0 20
2 9 12 2 0 11 136
2 9 12 1 6 6 182
2 9 12 0 12 1 177
2 9 12 0 1 12 53
2 9 11 9 0 5 141
2 9 11 8 6 0 178
2 9 11 7 1 6 80
2 9 11 6 7 1 144
2 9 11 5 2 7 181
2 9 11 4 8 2 70
2 9 11 3 3 8 136
2 9 11 2 9 3 130
2 9 11 1 4 9 46
2 9 11 0 10 4 178
2 9 10 14 1 0 172
2 9 10 12 2 1 180
2 9 10 10 3 2 68
2 9 10 8 4 3 115
2 9 10 6 5 4 45
2 9 10 5 0 10 149
2 9 10 4 6 5 100
2 9 10 3 12 0 148
2 9 10 3 1 11 191
2 9 10 2 7 6 120
2 9 10 1 13 1 172
2 9 10 1 2 12 140
2 9 10 0 8 7 20
2 9 9 12 0 4 104
2 9 9 10 1 5 197
2 9 9 9 7 0 122
2 9 9 8 2 6 132
2 9 9 7 8 1 17
2 9 9 6 3 7 49
2 9 9 5 9 2 63
2 9 9 4 4 8 39
2 9 9 3 10 3 184
2 9 9 2 5 9 7
2 9 9 1 11 4 123
2 9 9 1 0 15 183
2 9 9 0 6 10 194
2 9 8 15 2 0 68
2 9 8 13 3 1 36
2 9 8 11 4 2 124
2 9 8 9 5 3 49
2 9 8 8 0 9 81
2 9 8 7 6 4 114
2 9 8 6 1 10 102
2 9 8 5 7 5 43
2 9 8 4 13 0 59
2 9 8 4 2 11 149
2 9 8 3 8 6 42
2 9 8 2 14 1 38
2 9 8 2 3 12 182
2 9 8 1 9 7 79
2 9 8 0 15 2 2
2 9 8 0 4 13 10
2 9 7 15 0 3 44
2 9 7 13 1 4 115
2 9 7 11 2 5 131
2 9 7 10 8 0 25
2 9 7 9 3 6 49
2 9 7 8 9 1 131
2 9 7 7 4 7 158
2 9 7 6 10 2 40
2 9 7 5 5 8 135
2 9 7 4 11 3 67
2 9 7 4 0 14 131
2 9 7 3 6 9 115
2 9 7 2 12 4 171
2 9 7 2 1 15 109
2 9 7 1 7 10 185
2 9 7 0 13 5 157
2 9 7 0 2 16 135
2 9 6 16 3 0 130
2 9 6 14 4 1 140
2 9 6 12 5 2 92
2 9 6 11 0 8 143
2 9 6 10 6 3 44
2 9 6 9 1 9 83
2 9 6 8 7 4 51
2 9 6 7 2 10 145
2 9 6 6 8 5 110
2 9 6 5 14 0 56
2 9 6 5 3 11 34
2 9 6 4 9 6 89
2 9 6 3 15 1 31
2 9 6 3 4 12 157
2 9 6 2 10 7 182
2 9 6 1 16 2 58
2 9 6 1 5 13 44
2 9 6 0 11 8 42
2 9 6 0 0 19 190
2 9 5 18 0 2 101
2 9 5 16 1 3 27
2 9 5 14 2 4 3
2 9 5 12 3 5 178
2 9 5 11 9 0 20
2 9 5 10 4 6 127
2 9 5 9 10 1 28
2 9 5 8 5 7 178
2 9 5 7 11 2 148
2 9 5 7 0 13 91
2 9 5 6 6 8 25
2 9 5 5 12 3 126
2 9 5 5 1 14 173
2 9 5 4 7 9 180
2 9 5 3 13 4 1
2 9 5 3 2 15 88
2 9 5 2 8 10 107
2 9 5 1 14 5 14
2 9 5 1 3 16 18
2 9 5 0 20 0 33
2 9 5 0 9 11 81
2 9 4 17 4 0 6
2 9 4 15 5 1 85
2 9 4 14 0 7 50
2 9 4 13 6 2 84
2 9 4 12 1 8 193
2 9 4 11 7 3 84
2 9 4 10 2 9 161
2 9 4 9 8 4 13
2 9 4 8 3 10 31
2 9 4 7 9 5 49
2 9 4 6 15 0 38
2 9 4 6 4 11 11
2 9 4 5 10 6 198
2 9 4 4 16 1 163
2 9 4 4 5 12 139
2 9 4 3 11 7 66
2 9 4 3 0 18 3
2 9 4 2 17 2 188
2 9 4 2 6 13 104
2 9 4 1 12 8 154
2 9 4 1 1 19 99
2 9 4 0 18 3 18
2 9 4 0 7 14 52
2 9 3 21 0 1 99
2 9 3 19 1 2 123
2 9 3 17 2 3 55
2 9 3 15 3 4 80
2 9 3 13 4 5 86
2 9 3 12 10 0 13
2 9 3 11 5 6 76
2 9 3 10 11 1 53
2 9 3 10 0 12 168
2 9 3 9 6 7 152
2 9 3 8 12 2 157
2 9 3 8 1 13 20
2 9 3 7 7 8 137
2 9 3 6 13 3 173
2 9 3 6 2 14 172
2 9 3 5 8 9 35
2 9 3 4 14 4 44
2 9 3 4 3 15 77
2 9 3 3 9 10 13
2 9 3 2 15 5 41
2 9 3 2 4 16 73
2 9 3 1 21 0 27
2 9 3 1 10 11 135
2 9 3 0 16 6 51
2 9 3 0 5 17 99
2 9 2 18 5 0 42
2 9 2 17 0 6 159
2 9 2 16 6 1 116
2 9 2 15 1 7 162
2 9 2 14 7 2 146
2 9 2 13 2 8 4
2 9 2 12 8 3 65
2 9 2 11 3 9 137
2 9 2 10 9 4 94
2 9 2 9 4 10 52
2 9 2 8 10 5 23
2 9 2 7 16 0 92
2 9 2 7 5 11 11
2 9 2 6 11 6 58
2 9 2 6 0 17 20
2 9 2 5 17 1 193
2 9 2 5 6 12 160
2 9 2 4 12 7 175
2 9 2 4 1 18 190
2 9 2 3 18 2 120
2 9 2 3 7 13 147
2 9 2 2 13 8 73
2 9 2 2 2 19 24
2 9 2 1 19 3 76
2 9 2 1 8 14 3
2 9 2 0 14 9 164
2 9 2 0 3 20 67
2 9 1 24 0 0 169
2 9 1 22 1 1 149
2 9 1 20 2 2 105
2 9 1 18 3 3 136
2 9 1 16 4 4 66
2 9 1 14 5 5 104
2 9 1 13 11 0 1
2 9 1 13 0 11 114
2 9 1 12 6 6 43
2 9 1 11 12 1 37
2 9 1 11 1 12 22
2 9 1 10 7 7 93
2 9 1 9 13 2 106
2 9 1 9 2 13 130
2 9 1 8 8 8 27
2 9 1 7 14 3 51
2 9 1 7 3 14 129
2 9 1 6 9 9 111
2 9 1 5 15 4 35
2 9 1 5 4 15 107
2 9 1 4 10 10 39
2 9 1 3 16 5 149
2 9 1 3 5 16 145
2 9 1 2 22 0 118
2 9 1 2 11 11 139
2 9 1 2 0 22 192
2 9 1 1 17 6 112
2 9 1 1 6 17 42
2 9 1 0 23 1 122
2 9 1 0 12 12 130
2 9 1 0 1 23 85
2 9 0 20 0 5 124
2 9 0 19 6 0 87
2 9 0 18 1 6 105
2 9 0 17 7 1 17
2 9 0 16 2 7 197
2 9 0 15 8 2 24
2 9 0 14 3 8 60
2 9 0 13 9 3 143
2 9 0 12 4 9 14
2 9 0 11 10 4 85
2 9 0 10 5 10 60
2 9 0 9 11 5 69
2 9 0 9 0 16 62
2 9 0 8 17 0 92
2 9 0 8 6 11 12
2 9 0 7 12 6 154
2 9 0 7 1 17 156
2 9 0 6 18 1 147
2 9 0 6 7 12 116
2 9 0 5 13 7 31
2 9 0 5 2 18 70
2 9 0 4 19 2 26
2 9 0 4 8 13 167
2 9 0 3 14 8 160
2 9 0 3 3 19 154
2 9 0 2 20 3 26
2 9 0 2 9 14 92
2 9 0 1 15 9 84
2 9 0 1 4 20 187
2 9 0 0 21 4 16
2 9 0 0 10 15 71
2 8 23 0 3 0 35
2 8 22 2 0 2 66
2 8 22 0 1 3 106
2 8 21 1 4 0 105
2 8 20 5 0 1 109
2 8 20 3 1 2 7
2 8 20 1 2 3 175
2 8 19 2 5 0 5
2 8 19 1 0 6 15
2 8 19 0 6 1 108
2 8 18 8 0 0 40
2 8 18 6 1 1 47
2 8 18 4 2 2 102
2 8 18 2 3 3 70
2 8 18 0 4 4 9
2 8 17 4 0 5 144
2 8 17 3 6 0 151
2 8 17 2 1 6 65
2 8 17 1 7 1 167
2 8 17 0 2 7 181
2 8 16 9 1 0 105
2 8 16 7 2 1 157
2 8 16 5 3 2 120
2 8 16 3 4 3 168
2 8 16 1 5 4 64
2 8 16 0 0 10 109
2 8 15 7 0 4 12
2 8 15 5 1 5 130
2 8 15 4 7 0 77
2 8 15 3 2 6 95
2 8 15 2 8 1 81
2 8 15 1 3 7 101
2 8 15 0 9 2 72
2 8 14 10 2 0 69
2 8 14 8 3 1 93
2 8 14 6 4 2 90
2 8 14 4 5 3 78
2 8 14 3 0 9 179
2 8 14 2 6 4 54
2 8 14 1 1 10 121
2 8 14 0 7 5 164
2 8 13 10 0 3 178
2 8 13 8 1 4 186
2 8 13 6 2 5 191
2 8 13 5 8 0 25
2 8 13 4 3 6 145
2 8 13 3 9 1 4
2 8 13 2 4 7 169
2 8 13 1 10 2 143
2 8 13 0 5 8 132
2 8 12 11 3 0 94
2 8 12 9 4 1 19
2 8 12 7 5 2 32
2 8 12 6 0 8 52
2 8 12 5 6 3 16
2 8 12 4 1 9 94
2 8 12 3 7 4 150
2 8 12 2 2 10 72
2 8 12 1 8 5 143
2 8 12 0 14 0 21
2 8 12 0 3 11 14
2 8 11 13 0 2 45
2 8 11 11 1 3 97
2 8 11 9 2 4 105
2 8 11 7 3 5 128
2 8 11 6 9 0 3
2 8 11 5 4 6 49
2 8 11 4 10 1 147
2 8 11 3 5 7 36
2 8 11 2 11 2 122
2 8 11 2 0 13 14
2 8 11 1 6 8 20
2 8 11 0 12 3 7
2 8 11 0 1 14 161
2 8 10 12 4 0 176
2 8 10 10 5 1 177
2 8 10 9 0 7 44
2 8 10 8 6 2 25
2 8 10 7 1 8 171
2 8 10 6 7 3 57
2 8 10 5 2 9 194
2 8 10 4 8 4 99
2 8 10 3 3 10 177
2 8 10 2 9 5 175
2 8 10 1 15 0 153
2 8 10 1 4 11 10
2 8 10 0 10 6 37
2 8 9 16 0 1 43
2 8 9 14 1 2 76
2 8 9 12 2 3 171
2 8 9 10 3 4 193
2 8 9 8 4 5 188
2 8 9 7 10 0 137
2 8 9 6 5 6 27
2 8 9 5 11 1 17
2 8 9 5 0 12 39
2 8 9 4 6 7 195
2 8 9 3 12 2 14
2 8 9 3 1 13 2
2 8 9 2 7 8 178
2 8 9 1 13 3 98
2 8 9 1 2 14 173
2 8 9 0 8 9 41
2 8 8 13 5 0 85
2 8 8 12 0 6 74
2 8 8 11 6 1 184
2 8 8 10 1 7 172
2 8 8 9 7 2 19
2 8 8 8 2 8 101
2 8 8 7 8 3 161
2 8 8 6 3 9 82
2 8 8 5 9 4 128
2 8 8 4 4 10 189
2 8 8 3 10 5 75
2 8 8 2 16 0 54
2 8 8 2 5 11 90
2 8 8 1 11 6 165
2 8 8 1 0 17 133
2 8 8 0 17 1 72
2 8 8 0 6 12 196
2 8 7 19 0 0 127
2 8 7 17 1 1 70
2 8 7 15 2 2 111
2 8 7 13 3 3 98
2 8 7 11 4 4 8
2 8 7 9 5 5 77
2 8 7 8 11 0 125
2 8 7 8 0 11 52
2 8 7 7 6 6 193
2 8 7 6 12 1 6
2 8 7 6 1 12 48
2 8 7 5 7 7 80
2 8 7 4 13 2 122
2 8 7 4 2 13 29
2 8 7 3 8 8 45
2 8 7 2 14 3 95
2 8 7 2 3 14 2
2 8 7 1 9 9 169
2 8 7 0 15 4 68
2 8 7 0 4 15 51
2 8 6 15 0 5 83
2 8 6 14 6 0 176
2 8 6 13 1 6 50
2 8 6 12 7 1 194
2 8 6 11 2 7 149
2 8 6 10 8 2 67
2 8 6 9 3 8 15
2 8 6 8 9 3 98
2 8 6 7 4 9 23
2 8 6 6 10 4 162
2 8 6 5 5 10 69
2 8 6 4 11 5 112
2 8 6 4 0 16 168
2 8 6 3 17 0 93
2 8 6 3 6 11 70
2 8 6 2 12 6 105
2 8 6 2 1 17 31
2 8 6 1 18 1 176
2 8 6 1 7 12 186
2 8 6 0 13 7 166
2 8 6 0 2 18 30
2 8 5 20 1 0 159
2 8 5 18 2 1 155
2 8 5 16 3 2 119
2 8 5 14 4 3 35
2 8 5 12 5 4 195
2 8 5 11 0 10 155
2 8 5 10 6 5 59
2 8 5 9 12 0 160
2 8 5 9 1 11 168
2 8 5 8 7 6 102
2 8 5 7 13 1 145
2 8 5 7 2 12 173
2 8 5 6 8 7 194
2 8 5 5 14 2 52
2 8 5 5 3 13 167
2 8 5 4 9 8 45
2 8 5 3 15 3 38
2 8 5 3 4 14 97
2 8 5 2 10 9 29
2 8 5 1 16 4 193
2 8 5 1 5 15 84
2 8 5 0 11 10 51
2 8 5 0 0 21 62
2 8 4 18 0 4 166
2 8 4 16 1 5 92
2 8 4 15 7 0 138
2 8 4 14 2 6 81
2 8 4 13 8 1 95
2 8 4 12 3 7 40
2 8 4 11 9 2 37
2 8 4 10 4 8 131
2 8 4 9 10 3 151
2 8 4 8 5 9 189
2 8 4 7 11 4 59
2 8 4 7 0 15 5
2 8 4 6 6 10 101
2 8 4 5 12 5 169
2 8 4 5 1 16 40
2 8 4 4 18 0 177
2 8 4 4 7 11 141
2 8 4 3 13 6 101
2 8 4 2 19 1 67
2 8 4 2 8 12 125
2 8 4 1 14 7 187
2 8 4 1 3 18 51
2 8 4 0 20 2 153
2 8 4 0 9 13 16
2 8 3 21 2 0 148
2 8 3 19 3 1 100
2 8 3 17 4 2 122
2 8 3 15 5 3 9
2 8 3 14 0 9 173
2 8 3 13 6 4 78
2 8 3 12 1 10 90
2 8 3 11 7 5 186
2 8 3 10 13 0 127
2 8 3 10 2 11 121
2 8 3 9 8 6 103
2 8 3 8 14 1 121
2 8 3 8 3 12 175
2 8 3 7 9 7 91
2 8 3 6 15 2 181
2 8 3 6 4 13 16
2 8 3 5 10 8 139
2 8 3 4 16 3 99
2 8 3 4 5 14 32
2 8 3 3 11 9 52
2 8 3 3 0 20 128
2 8 3 2 17 4 67
2 8 3 2 6 15 16
2 8 3 1 12 10 39
2 8 3 1 1 21 162
2 8 3 0 18 5 51
2 8 3 0 7 16 85
2 8 2 21 0 3 35
2 8 2 19 1 4 45
2 8 2 17 2 5 196
2 8 2 16 8 0 53
2 8 2 15 3 6 167
2 8 2 14 9 1 26
2 8 2 13 4 7 40
2 8 2 12 10 2 50
2 8 2 11 5 8 80
2 8 2 10 11 3 107
2 8 2 10 0 14 159
2 8 2 9 6 9 63
2 8 2 8 12 4 194
2 8 2 8 1 15 125
2 8 2 7 7 10 152
2 8 2 6 13 5 29
2 8 2 6 2 16 73
2 8 2 5 19 0 110
2 8 2 5 8 11 22
2 8 2 4 14 6 144
2 8 2 4 3 17 152
2 8 2 3 20 1 179
2 8 2 3 9 12 97
2 8 2 2 15 7 103
2 8 2 2 4 18 88
2 8 2 1 21 2 6
2 8 2 1 10 13 186
2 8 2 0 16 8 146
2 8 2 0 5 19 31
2 8 1 22 3 0 72
2 8 1 20 4 1 139
2 8 1 18 5 2 114
2 8 1 17 0 8 162
2 8 1 16 6 3 49
2 8 1 15 1 9 50
2 8 1 14 7 4 136
2 8 1 13 2 10 112
2 8 1 12 8 5 75
2 8 1 11 14 0 179
2 8 1 11 3 11 180
2 8 1 10 9 6 142
2 8 1 9 15 1 124
2 8 1 9 4 12 56
2 8 1 8 10 7 69
2 8 1 7 16 2 55
2 8 1 7 5 13 185
2 8 1 6 11 8 13
2 8 1 6 0 19 43
2 8 1 5 17 3 9
2 8 1 5 6 14 36
2 8 1 4 12 9 175
2 8 1 4 1 20 186
2 8 1 3 18 4 3
2 8 1 3 7 15 2
2 8 1 2 13 10 96
2 8 1 2 2 21 35
2 8 1 1 19 5 108
2 8 1 1 8 16 48
2 8 1 0 25 0 76
2 8 1 0 14 11 140
2 8 1 0 3 22 183
2 8 0 24 0 2 34
2 8 0 22 1 3 154
2 8 0 20 2 4 147
2 8 0 18 3 5 180
2 8 0 17 9 0 158
2 8 0 16 4 6 164
2 8 0 15 10 1 23
2 8 0 14 5 7 50
2 8 0 13 11 2 120
2 8 0 13 0 13 65
2 8 0 12 6 8 63
2 8 0 11 12 3 191
2 8 0 11 1 14 67
2 8 0 10 7 9 162
2 8 0 9 13 4 56
2 8 0 9 2 15 188
2 8 0 8 8 10 29
2 8 0 7 14 5 154
2 8 0 7 3 16 187
2 8 0 6 20 0 178
2 8 0 6 9 11 1
2 8 0 5 15 6 43
2 8 0 5 4 17 1
2 8 0 4 21 1 152
2 8 0 4 10 12 71
2 8 0 3 16 7 184
2 8 0 3 5 18 184
2 8 0 2 22 2 138
2 8 0 2 11 13 47
2 8 0 2 0 24 55
2 8 0 1 17 8 148
2 8 0 1 6 19 41
2 8 0 0 23 3 107
2 8 0 0 12 14 155
2 8 0 0 1 25 142
2 7 26 0 0 1 4
2 7 24 3 0 0 22
2 7 24 1 1 1 189
2 7 22 4 1 0 171
2 7 22 2 2 1 53
2 7 22 0 3 2 54
2 7 21 2 0 4 162
2 7 21 0 1 5 112
2 7 20 5 2 0 91
2 7 20 3 3 1 95
2 7 20 1 4 2 33
2 7 19 5 0 3 97
2 7 19 3 1 4 6
2 7 19 1 2 5 164
2 7 19 0 8 0 101
2 7 18 6 3 0 193
2 7 18 4 4 1 16
2 7 18 2 5 2 15
2 7 18 1 0 8 191
2 7 18 0 6 3 36
2 7 17 8 0 2 162
2 7 17 6 1 3 167
2 7 17 4 2 4 42
2 7 17 2 3 5 105
2 7 17 1 9 0 178
2 7 17 0 4 6 107
2 7 16 7 4 0 103
2 7 16 5 5 1 169
2 7 16 4 0 7 27
2 7 16 3 6 2 89
2 7 16 2 1 8 98
2 7 16 1 7 3 182
2 7 16 0 2 9 177
2 7 15 11 0 1 154
2 7 15 9 1 2 1
2 7 15 7 2 3 7
2 7 15 5 3 4 46
2 7 15 3 4 5 8
2 7 15 2 10 0 70
2 7 15 1 5 6 163
2 7 15 0 11 1 105
2 7 15 0 0 12 151
2 7 14 8 5 0 115
2 7 14 7 0 6 99
2 7 14 6 6 1 2
2 7 14 5 1 7 183
2 7 14 4 7 2 28
2 7 14 3 2 8 61
2 7 14 2 8 3 55
2 7 14 1 3 9 183
2 7 14 0 9 4 115
2 7 13 14 0 0 138
2 7 13 12 1 1 166
2 7 13 10 2 2 188
2 7 13 8 3 3 37
2 7 13 6 4 4 78
2 7 13 4 5 5 53
2 7 13 3 11 0 60
2 7 13 3 0 11 63
2 7 13 2 6 6 41
2 7 13 1 12 1 141
2 7 13 1 1 12 36
2 7 13 0 7 7 23
2 7 12 9 6 0 47
2 7 12 8 1 6 21
2 7 12 7 7 1 69
2 7 12 6 2 7 118
2 7 12 5 8 2 91
2 7 12 4 3 8 75
2 7 12 3 9 3 142
2 7 12 2 4 9 28
2 7 12 1 10 4 39
2 7 12 0 5 10 10
2 7 11 15 1 0 50
2 7 11 13 2 1 14
2 7 11 11 3 2 36
2 7 11 9 4 3 65
2 7 11 7 5 4 148
2 7 11 6 0 10 79
2 7 11 5 6 5 6
2 7 11 4 12 0 121
2 7 11 4 1 11 77
2 7 11 3 7 6 120
2 7 11 2 13 1 152
2 7 11 2 2 12 30
2 7 11 1 8 7 27
2 7 11 0 14 2 153
2 7 11 0 3 13 118
2 7 10 13 0 4 52
2 7 10 11 1 5 192
2 7 10 10 7 0 109
2 7 10 9 2 6 32
2 7 10 8 8 1 159
2 7 10 7 3 7 6
2 7 10 6 9 2 180
2 7 10 5 4 8 176
2 7 10 4 10 3 78
2 7 10 3 5 9 184
2 7 10 2 11 4 141
2 7 10 2 0 15 133
2 7 10 1 6 10 35
2 7 10 0 12 5 192
2 7 10 0 1 16 102
2 7 9 16 2 0 23
2 7 9 14 3 1 74
2 7 9 12 4 2 104
2 7 9 10 5 3 23
2 7 9 9 0 9 181
2 7 9 8 6 4 158
2 7 9 7 1 10 116
2 7 9 6 7 5 75
2 7 9 5 13 0 156
2 7 9 5 2 11 117
2 7 9 4 8 6 6
2 7 9 3 14 1 8
2 7 9 3 3 12 43
2 7 9 2 9 7 83
2 7 9 1 15 2 65
2 7 9 1 4 13 75
2 7 9 0 10 8 144
2 7 8 16 0 3 111
2 7 8 14 1 4 127
2 7 8 12 2 5 53
2 7 8 11 8 0 70
2 7 8 10 3 6 34
2 7 8 9 9 1 75
2 7 8 8 4 7 12
2 7 8 7 10 2 80
2 7 8 6 5 8 119
2 7 8 5 11 3 160
2 7 8 5 0 14 56
2 7 8 4 6 9 9
2 7 8 3 12 4 159
2 7 8 3 1 15 43
2 7 8 2 7 10 196
2 7 8 1 13 5 173
2 7 8 1 2 16 15
2 7 8 0 19 0 160
2 7 8 0 8 11 142
2 7 7 17 3 0 92
2 7 7 15 4 1 27
2 7 7 13 5 2 34
2 7 7 12 0 8 36
2 7 7 11 6 3 27
2 7 7 10 1 9 176
2 7 7 9 7 4 195
2 7 7 8 2 10 150
2 7 7 7 8 5 185
2 7 7 6 14 0 96
2 7 7 6 3 11 7
2 7 7 5 9 6 70
2 7 7 4 15 1 18
2 7 7 4 4 12 82
2 7 7 3 10 7 93
2 7 7 2 16 2 178
2 7 7 2 5 13 23
2 7 7 1 11 8 130
2 7 7 1 0 19 95
2 7 7 0 17 3 83
2 7 7 0 6 14 123
2 7 6 19 0 2 83
2 7 6 17 1 3 15
2 7 6 15 2 4 153
2 7 6 13 3 5 149
2 7 6 12 9 0 188
2 7 6 11 4 6 119
2 7 6 10 10 1 176
2 7 6 9 5 7 9
2 7 6 8 11 2 135
2 7 6 8 0 13 127
2 7 6 7 6 8 32
2 7 6 6 12 3 94
2 7 6 6 1 14 70
2 7 6 5 7 9 192
2 7 6 4 13 4 42
2 7 6 4 2 15 189
2 7 6 3 8 10 145
2 7 6 2 14 5 18
2 7 6 2 3 16 122
2 7 6 1 20 0 11
2 7 6 1 9 11 123
2 7 6 0 15 6 89
2 7 6 0 4 17 41
2 7 5 18 4 0 156
2 7 5 16 5 1 109
2 7 5 15 0 7 31
2 7 5 14 6 2 95
2 7 5 13 1 8 151
2 7 5 12 7 3 138
2 7 5 11 2 9 128
2 7 5 10 8 4 121
2 7 5 9 3 10 17
2 7 5 8 9 5 102
2 7 5 7 15 0 32
2 7 5 7 4 11 4
2 7 5 6 10 6 174
2 7 5 5 16 1 126
2 7 5 5 5 12 66
2 7 5 4 11 7 28
2 7 5 4 0 18 68
2 7 5 3 17 2 173
2 7 5 3 6 13 123
2 7 5 2 12 8 198
2 7 5 2 1 19 184
2 7 5 1 18 3 144
2 7 5 1 7 14 84
2 7 5 0 13 9 52
2 7 5 0 2 20 173
2 7 4 22 0 1 191
2 7 4 20 1 2 23
2 7 4 18 2 3 79
2 7 4 16 3 4 138
2 7 4 14 4 5 135
2 7 4 13 10 0 30
2 7 4 12 5 6 38
2 7 4 11 11 1 191
2 7 4 11 0 12 9
2 7 4 10 6 7 47
2 7 4 9 12 2 164
2 7 4 9 1 13 6
2 7 4 8 7 8 83
2 7 4 7 13 3 44
2 7 4 7 2 14 147
2 7 4 6 8 9 137
2 7 4 5 14 4 82
2 7 4 5 3 15 89
2 7 4 4 9 10 191
2 7 4 3 15 5 117
2 7 4 3 4 16 13
2 7 4 2 21 0 74
2 7 4 2 10 11 3
2 7 4 1 16 6 159
2 7 4 1 5 17 79
2 7 4 0 22 1 178
2 7 4 0 11 12 96
2 7 4 0 0 23 131
2 7 3 19 5 0 32
2 7 3 18 0 6 80
2 7 3 17 6 1 43
2 7 3 16 1 7 26
2 7 3 15 7 2 5
2 7 3 14 2 8 114
2 7 3 13 8 3 134
2 7 3 12 3 9 107
2 7 3 11 9 4 182
2 7 3 10 4 10 18
2 7 3 9 10 5 188
2 7 3 8 16 0 100
2 7 3 8 5 11 192
2 7 3 7 11 6 58
2 7 3 7 0 17 48
2 7 3 6 17 1 3
2 7 3 6 6 12 91
2 7 3 5 12 7 12
2 7 3 5 1 18 53
2 7 3 4 18 2 124
2 7 3 4 7 13 194
2 7 3 3 13 8 1
2 7 3 3 2 19 192
2 7 3 2 19 3 9
2 7 3 2 8 14 85
2 7 3 1 14 9 2
2 7 3 1 3 20 107
2 7 3 0 20 4 194
2 7 3 0 9 15 23
2 7 2 25 0 0 67
2 7 2 23 1 1 188
2 7 2 21 2 2 85
2 7 2 19 3 3 146
2 7 2 17 4 4 95
2 7 2 15 5 5 13
2 7 2 14 11 0 49
2 7 2 14 0 11 52
2 7 2 13 6 6 3
2 7 2 12 12 1 1
2 7 2 12 1 12 88
2 7 2 11 7 7 59
2 7 2 10 13 2 124
2 7 2 10 2 13 114
2 7 2 9 8 8 124
2 7 2 8 14 3 111
2 7 2 8 3 14 155
2 7 2 7 9 9 125
2 7 2 6 15 4 56
2 7 2 6 4 15 65
2 7 2 5 10 10 111
2 7 2 4 16 5 110
2 7 2 4 5 16 151
2 7 2 3 22 0 104
2 7 2 3 11 11 179
2 7 2 3 0 22 61
2 7 2 2 17 6 11
2 7 2 2 6 17 20
2 7 2 1 23 1 169
2 7 2 1 12 12 169
2 7 2 1 1 23 108
2 7 2 0 18 7 197
2 7 2 0 7 18 195
2 7 1 21 0 5 172
2 7 1 20 6 0 95
2 7 1 19 1 6 14
2 7 1 18 7 1 6
2 7 1 17 2 7 157
2 7 1 16 8 2 48
2 7 1 15 3 8 88
2 7 1 14 9 3 153
2 7 1 13 4 9 77
2 7 1 12 10 4 125
2 7 1 11 5 10 17
2 7 1 10 11 5 24
2 7 1 10 0 16 183
2 7 1 9 17 0 28
2 7 1 9 6 11 45
2 7 1 8 12 6 86
2 7 1 8 1 17 60
2 7 1 7 18 1 154
2 7 1 7 7 12 131
2 7 1 6 13 7 63
2 7 1 6 2 18 81
2 7 1 5 19 2 116
2 7 1 5 8 13 25
2 7 1 4 14 8 165
2 7 1 4 3 19 157
2 7 1 3 20 3 129
2 7 1 3 9 14 117
2 7 1 2 15 9 59
2 7 1 2 4 20 131
2 7 1 1 21 4 88
2 7 1 1 10 15 6
2 7 1 0 16 10 174
2 7 1 0 5 21 34
2 7 0 26 1 0 126
2 7 0 24 2 1 28
2 7 0 22 3 2 27
2 7 0 20 4 3 162
2 7 0 18 5 4 47
2 7 0 17 0 10 83
2 7 0 16 6 5 76
2 7 0 15 12 0 58
2 7 0 15 1 11 146
2 7 0 14 7 6 84
2 7 0 13 13 1 79
2 7 0 13 2 12 170
2 7 0 12 8 7 36
2 7 0 11 14 2 90
2 7 0 11 3 13 71
2 7 0 10 9 8 163
2 7 0 9 15 3 160
2 7 0 9 4 14 173
2 7 0 8 10 9 180
2 7 0 7 16 4 62
2 7 0 7 5 15 101
2 7 0 6 11 10 141
2 7 0 6 0 21 122
2 7 0 5 17 5 181
2 7 0 5 6 16 134
2 7 0 4 23 0 97
2 7 0 4 12 11 137
2 7 0 4 1 22 34
2 7 0 3 18 6 102
2 7 0 3 7 17 59
2 7 0 2 24 1 19
2 7 0 2 13 12 68
2 7 0 2 2 23 35
2 7 0 1 19 7 58
2 7 0 1 8 18 32
2 7 0 0 25 2 120
2 7 0 0 14 13 80
2 7 0 0 3 24 118
2 6 26 0 2 0 13
2 6 25 0 0 3 172
2 6 24 1 3 0 10
2 6 23 3 0 2 76
2 6 23 1 1 3 39
2 6 22 2 4 0 42
2 6 22 0 5 1 106
2 6 21 4 1 2 186
2 6 21 2 2 3 63
2 6 21 0 3 4 164
2 6 20 3 5 0 80
2 6 20 2 0 6 152
2 6 20 1 6 1 30
2 6 20 0 1 7 143
2 6 19 9 0 0 61
2 6 19 7 1 1 10
2 6 19 5 2 2 160
2 6 19 3 3 3 87
2 6 19 1 4 4 73
2 6 18 5 0 5 155
2 6 18 4 6 0 135
2 6 18 3 1 6 3
2 6 18 2 7 1 7
2 6 18 1 2 7 111
2 6 18 0 8 2 110
2 6 17 10 1 0 21
2 6 17 8 2 1 134
2 6 17 6 3 2 82
2 6 17 4 4 3 30
2 6 17 2 5 4 24
2 6 17 1 0 10 101
2 6 17 0 6 5 172
2 6 16 8 0 4 30
2 6 16 6 1 5 41
2 6 16 5 7 0 185
2 6 16 4 2 6 39
2 6 16 3 8 1 146
2 6 16 2 3 7 164
2 6 16 1 9 2 119
2 6 16 0 4 8 107
2 6 15 11 2 0 1
2 6 15 9 3 1 108
2 6 15 7 4 2 177
2 6 15 5 5 3 142
2 6 15 4 0 9 35
2 6 15 3 6 4 187
2 6 15 2 1 10 153
2 6 15 1 7 5 47
2 6 15 0 13 0 132
2 6 15 0 2 11 49
2 6 14 11 0 3 94
2 6 14 9 1 4 43
2 6 14 7 2 5 99
2 6 14 6 8 0 93
2 6 14 5 3 6 51
2 6 14 4 9 1 65
2 6 14 3 4 7 61
2 6 14 2 10 2 45
2 6 14 1 5 8 79
2 6 14 0 11 3 163
2 6 14 0 0 14 131
2 6 13 12 3 0 25
2 6 13 10 4 1 99
2 6 13 8 5 2 151
2 6 13 7 0 8 39
2 6 13 6 6 3 152
2 6 13 5 1 9 62
2 6 13 4 7 4 61
2 6 13 3 2 10 198
2 6 13 2 8 5 189
2 6 13 1 14 0 103
2 6 13 1 3 11 41
2 6 13 0 9 6 163
2 6 12 14 0 2 73
2 6 12 12 1 3 132
2 6 12 10 2 4 8
2 6 12 8 3 5 58
2 6 12 7 9 0 137
2 6 12 6 4 6 178
2 6 12 5 10 1 89
2 6 12 4 5 7 185
2 6 12 3 11 2 83
2 6 12 3 0 13 183
2 6 12 2 6 8 40
2 6 12 1 12 3 197
2 6 12 1 1 14 121
2 6 12 0 7 9 35
2 6 11 13 4 0 55
2 6 11 11 5 1 100
2 6 11 10 0 7 163
2 6 11 9 6 2 10
2 6 11 8 1 8 131
2 6 11 7 7 3 31
2 6 11 6 2 9 173
2 6 11 5 8 4 10
2 6 11 4 3 10 83
2 6 11 3 9 5 46
2 6 11 2 15 0 157
2 6 11 2 4 11 197
2 6 11 1 10 6 44
2 6 11 0 16 1 17
2 6 11 0 5 12 120
2 6 10 17 0 1 5
2 6 10 15 1 2 59
2 6 10 13 2 3 135
2 6 10 11 3 4 113
2 6 10 9 4 5 54
2 6 10 8 10 0 87
2 6 10 7 5 6 23
2 6 10 6 11 1 101
2 6 10 6 0 12 42
2 6 10 5 6 7 162
2 6 10 4 12 2 74
2 6 10 4 1 13 184
2 6 10 3 7 8 31
2 6 10 2 13 3 122
2 6 10 2 2 14 140
2 6 10 1 8 9 71
2 6 10 0 14 4 141
2 6 10 0 3 15 149
2 6 9 14 5 0 100
2 6 9 13 0 6 168
2 6 9 12 6 1 152
2 6 9 11 1 7 22
2 6 9 10 7 2 14
2 6 9 9 2 8 87
2 6 9 8 8 3 72
2 6 9 7 3 9 191
2 6 9 6 9 4 61
2 6 9 5 4 10 107
2 6 9 4 10 5 83
2 6 9 3 16 0 121
2 6 9 3 5 11 20
2 6 9 2 11 6 86
2 6 9 2 0 17 165
2 6 9 1 17 1 132
2 6 9 1 6 12 78
2 6 9 0 12 7 181
2 6 9 0 1 18 82
2 6 8 20 0 0 40
2 6 8 18 1 1 109
2 6 8 16 2 2 25
2 6 8 14 3 3 67
2 6 8 12 4 4 74
2 6 8 10 5 5 134
2 6 8 9 11 0 130
2 6 8 9 0 11 150
2 6 8 8 6 6 17
2 6 8 7 12 1 193
2 6 8 7 1 12 36
2 6 8 6 7 7 30
2 6 8 5 13 2 196
2 6 8 5 2 13 167
2 6 8 4 8 8 33
2 6 8 3 14 3 109
2 6 8 3 3 14 134
2 6 8 2 9 9 141
2 6 8 1 15 4 62
2 6 8 1 4 15 71
2 6 8 0 10 10 170
2 6 7 16 0 5 78
2 6 7 15 6 0 37
2 6 7 14 1 6 116
2 6 7 13 7 1 23
2 6 7 12 2 7 123
2 6 7 11 8 2 81
2 6 7 10 3 8 5
2 6 7 9 9 3 79
2 6 7 8 4 9 196
2 6 7 7 10 4 89
2 6 7 6 5 10 111
2 6 7 5 11 5 34
2 6 7 5 0 16 11
2 6 7 4 17 0 33
2 6 7 4 6 11 95
2 6 7 3 12 6 160
2 6 7 3 1 17 142
2 6 7 2 18 1 66
2 6 7 2 7 12 14
2 6 7 1 13 7 81
2 6 7 1 2 18 88
2 6 7 0 19 2 66
2 6 7 0 8 13 105
2 6 6 21 1 0 95
2 6 6 19 2 1 18
2 6 6 17 3 2 75
2 6 6 15 4 3 58
2 6 6 13 5 4 26
2 6 6 12 0 10 53
2 6 6 11 6 5 158
2 6 6 10 12 0 153
2 6 6 10 1 11 157
2 6 6 9 7 6 184
2 6 6 8 13 1 37
2 6 6 8 2 12 9
2 6 6 7 8 7 2
2 6 6 6 14 2 64
2 6 6 6 3 13 41
2 6 6 5 9 8 153
2 6 6 4 15 3 25
2 6 6 4 4 14 43
2 6 6 3 10 9 45
2 6 6 2 16 4 119
2 6 6 2 5 15 188
2 6 6 1 11 10 85
2 6 6 1 0 21 177
2 6 6 0 17 5 164
2 6 6 0 6 16 2
2 6 5 19 0 4 154
2 6 5 17 1 5 87
2 6 5 16 7 0 98
2 6 5 15 2 6 197
2 6 5 14 8 1 174
2 6 5 13 3 7 126
2 6 5 12 9 2 140
2 6 5 11 4 8 66
2 6 5 10 10 3 21
2 6 5 9 5 9 171
2 6 5 8 11 4 107
2 6 5 8 0 15 188
2 6 5 7 6 10 34
2 6 5 6 12 5 28
2 6 5 6 1 16 155
2 6 5 5 18 0 182
2 6 5 5 7 11 132
2 6 5 4 13 6 169
2 6 5 4 2 17 188
2 6 5 3 19 1 83
2 6 5 3 8 12 183
2 6 5 2 14 7 130
2 6 5 2 3 18 146
2 6 5 1 20 2 52
2 6 5 1 9 13 36
2 6 5 0 15 8 60
2 6 5 0 4 19 177
2 6 4 22 2 0 68
2 6 4 20 3 1 127
2 6 4 18 4 2 191
2 6 4 16 5 3 109
2 6 4 15 0 9 129
2 6 4 14 6 4 125
2 6 4 13 1 10 97
2 6 4 12 7 5 62
2 6 4 11 13 0 175
2 6 4 11 2 11 52
2 6 4 10 8 6 167
2 6 4 9 14 1 122
2 6 4 9 3 12 162
2 6 4 8 9 7 62
2 6 4 7 15 2 155
2 6 4 7 4 13 89
2 6 4 6 10 8 134
2 6 4 5 16 3 175
2 6 4 5 5 14 31
2 6 4 4 11 9 70
2 6 4 4 0 20 137
2 6 4 3 17 4 46
2 6 4 3 6 15 62
2 6 4 2 12 10 51
2 6 4 2 1 21 147
2 6 4 1 18 5 89
2 6 4 1 7 16 143
2 6 4 0 24 0 181
2 6 4 0 13 11 161
2 6 4 0 2 22 57
2 6 3 22 0 3 70
2 6 3 20 1 4 192
2 6 3 18 2 5 192
2 6 3 17 8 0 130
2 6 3 16 3 6 127
2 6 3 15 9 1 66
2 6 3 14 4 7 88
2 6 3 13 10 2 37
2 6 3 12 5 8 42
2 6 3 11 11 3 32
2 6 3 11 0 14 197
2 6 3 10 6 9 164
2 6 3 9 12 4 149
2 6 3 9 1 15 149
2 6 3 8 7 10 102
2 6 3 7 13 5 129
2 6 3 7 2 16 41
2 6 3 6 19 0 65
2 6 3 6 8 11 8
2 6 3 5 14 6 22
2 6 3 5 3 17 183
2 6 3 4 20 1 96
2 6 3 4 9 12 29
2 6 3 3 15 7 90
2 6 3 3 4 18 50
2 6 3 2 21 2 120
2 6 3 2 10 13 75
2 6 3 1 16 8 35
2 6 3 1 5 19 163
2 6 3 0 22 3 42
2 6 3 0 11 14 93
2 6 3 0 0 25 104
2 6 2 23 3 0 94
2 6 2 21 4 1 2
2 6 2 19 5 2 126
2 6 2 18 0 8 5
2 6 2 17 6 3 166
2 6 2 16 1 9 196
2 6 2 15 7 4 68
2 6 2 14 2 10 163
2 6 2 13 8 5 120
2 6 2 12 14 0 170
2 6 2 12 3 11 71
2 6 2 11 9 6 135
2 6 2 10 15 1 67
2 6 2 10 4 12 11
2 6 2 9 10 7 97
2 6 2 8 16 2 18
2 6 2 8 5 13 175
2 6 2 7 11 8 50
2 6 2 7 0 19 196
2 6 2 6 17 3 74
2 6 2 6 6 14 190
2 6 2 5 12 9 50
2 6 2 5 1 20 166
2 6 2 4 18 4 23
2 6 2 4 7 15 37
2 6 2 3 13 10 86
2 6 2 3 2 21 94
2 6 2 2 19 5 136
2 6 2 2 8 16 48
2 6 2 1 25 0 158
2 6 2 1 14 11 76
2 6 2 1 3 22 185
2 6 2 0 20 6 90
2 6 2 0 9 17 25
2 6 1 25 0 2 110
2 6 1 23 1 3 47
2 6 1 21 2 4 55
2 6 1 19 3 5 118
2 6 1 18 9 0 5
2 6 1 17 4 6 85
2 6 1 16 10 1 130
2 6 1 15 5 7 68
2 6 1 14 11 2 6
2 6 1 14 0 13 164
2 6 1 13 6 8 140
2 6 1 12 12 3 197
2 6 1 12 1 14 16
2 6 1 11 7 9 51
2 6 1 10 13 4 95
2 6 1 10 2 15 27
2 6 1 9 8 10 171
2 6 1 8 14 5 51
2 6 1 8 3 16 16
2 6 1 7 20 0 26
2 6 1 7 9 11 57
2 6 1 6 15 6 135
2 6 1 6 4 17 151
2 6 1 5 21 1 73
2 6 1 5 10 12 84
2 6 1 4 16 7 188
2 6 1 4 5 18 45
2 6 1 3 22 2 111
2 6 1 3 11 13 86
2 6 1 3 0 24 43
2 6 1 2 17 8 29
2 6 1 2 6 19 12
2 6 1 1 23 3 91
2 6 1 1 12 14 77
2 6 1 1 1 25 165
2 6 1 0 18 9 5
2 6 1 0 7 20 146
2 6 0 24 4 0 176
2 6 0 22 5 1 189
2 6 0 21 0 7 28
2 6 0 20 6 2 194
2 6 0 19 1 8 112
2 6 0 18 7 3 112
2 6 0 17 2 9 162
2 6 0 15 3 10 69
2 6 0 14 9 5 172
2 6 0 13 15 0 19
2 6 0 13 4 11 18
2 6 0 12 10 6 192
2 6 0 11 16 1 84
2 6 0 11 5 12 34
2 6 0 10 11 7 1
2 6 0 10 0 18 2
2 6 0 9 17 2 180
2 6 0 9 6 13 142
2 6 0 8 12 8 162
2 6 0 8 1 19 150
2 6 0 7 18 3 73
2 6 0 7 7 14 67
2 6 0 6 13 9 38
2 6 0 6 2 20 148
2 6 0 5 19 4 29
2 6 0 5 8 15 103
2 6 0 4 14 10 188
2 6 0 4 3 21 97
2 6 0 3 20 5 89
2 6 0 3 9 16 191
2 6 0 2 26 0 189
2 6 0 2 15 11 125
2 6 0 2 4 22 20
2 6 0 1 21 6 34
2 6 0 1 10 17 16
2 6 0 0 27 1 163
2 6 0 0 16 12 113
2 6 0 0 5 23 195
2 5 27 1 0 1 29
2 5 25 4 0 0 78
2 5 25 2 1 1 101
2 5 25 0 2 2 155
2 5 24 0 0 5 127
2 5 23 5 1 0 17
2 5 23 1 3 2 146
2 5 22 3 0 4 75
2 5 22 1 1 5 40
2 5 22 0 7 0 188
2 5 21 6 2 0 45
2 5 21 4 3 1 162
2 5 21 2 4 2 46
2 5 21 0 5 3 37
2 5 20 6 0 3 138
2 5 20 4 1 4 1
2 5 20 2 2 5 41
2 5 20 1 8 0 143
2 5 20 0 3 6 153
2 5 19 7 3 0 78
2 5 19 5 4 1 134
2 5 19 3 5 2 57
2 5 19 2 0 8 82
2 5 19 1 6 3 125
2 5 19 0 1 9 103
2 5 18 9 0 2 93
2 5 18 7 1 3 189
2 5 18 5 2 4 38
2 5 18 3 3 5 174
2 5 18 2 9 0 32
2 5 18 1 4 6 44
2 5 18 0 10 1 130
2 5 17 8 4 0 125
2 5 17 6 5 1 24
2 5 17 5 0 7 35
2 5 17 4 6 2 159
2 5 17 3 1 8 183
2 5 17 2 7 3 98
2 5 17 1 2 9 89
2 5 17 0 8 4 76
2 5 16 12 0 1 18
2 5 16 10 1 2 131
2 5 16 8 2 3 179
2 5 16 6 3 4 160
2 5 16 4 4 5 36
2 5 16 3 10 0 119
2 5 16 2 5 6 1
2 5 16 1 11 1 135
2 5 16 1 0 12 169
2 5 16 0 6 7 157
2 5 15 9 5 0 4
2 5 15 8 0 6 88
2 5 15 7 6 1 122
2 5 15 6 1 7 50
2 5 15 5 7 2 107
2 5 15 4 2 8 166
2 5 15 3 8 3 50
2 5 15 2 3 9 193
2 5 15 1 9 4 114
2 5 15 0 4 10 49
2 5 14 15 0 0 141
2 5 14 13 1 1 190
2 5 14 11 2 2 3
2 5 14 9 3 3 67
2 5 14 7 4 4 62
2 5 14 5 5 5 9
2 5 14 4 11 0 73
2 5 14 4 0 11 106
2 5 14 3 6 6 67
2 5 14 2 12 1 190
2 5 14 2 1 12 108
2 5 14 1 7 7 26
2 5 14 0 13 2 97
2 5 14 0 2 13 139
2 5 13 11 0 5 145
2 5 13 10 6 0 145
2 5 13 9 1 6 42
2 5 13 8 7 1 1
2 5 13 7 2 7 10
2 5 13 6 8 2 102
2 5 13 5 3 8 33
2 5 13 4 9 3 3
2 5 13 3 4 9 106
2 5 13 2 10 4 150
2 5 13 1 5 10 148
2 5 13 0 11 5 134
2 5 13 0 0 16 65
2 5 12 16 1 0 16
2 5 12 14 2 1 28
2 5 12 12 3 2 171
2 5 12 10 4 3 145
2 5 12 8 5 4 76
2 5 12 7 0 10 149
2 5 12 6 6 5 104
2 5 12 5 12 0 16
2 5 12 5 1 11 106
2 5 12 4 7 6 46
2 5 12 3 13 1 189
2 5 12 3 2 12 108
2 5 12 2 8 7 194
2 5 12 1 14 2 58
2 5 12 1 3 13 56
2 5 12 0 9 8 39
2 5 11 14 0 4 90
2 5 11 12 1 5 102
2 5 11 11 7 0 43
2 5 11 10 2 6 46
2 5 11 9 8 1 143
2 5 11 8 3 7 104
2 5 11 7 9 2 86
2 5 11 6 4 8 12
2 5 11 5 10 3 53
2 5 11 4 5 9 139
2 5 11 3 11 4 141
2 5 11 3 0 15 115
2 5 11 2 6 10 182
2 5 11 1 12 5 82
2 5 11 1 1 16 89
2 5 11 0 18 0 121
2 5 11 0 7 11 97
2 5 10 17 2 0 32
2 5 10 15 3 1 23
2 5 10 13 4 2 107
2 5 10 11 5 3 18
2 5 10 10 0 9 103
2 5 10 9 6 4 32
2 5 10 8 1 10 77
2 5 10 7 7 5 90
2 5 10 6 13 0 157
2 5 10 6 2 11 106
2 5 10 5 8 6 65
2 5 10 4 14 1 14
2 5 10 4 3 12 181
2 5 10 3 9 7 147
2 5 10 2 15 2 194
2 5 10 2 4 13 56
2 5 10 1 10 8 1
2 5 10 0 16 3 173
2 5 10 0 5 14 176
2 5 9 17 0 3 51
2 5 9 15 1 4 196
2 5 9 13 2 5 46
2 5 9 12 8 0 28
2 5 9 11 3 6 146
2 5 9 10 9 1 172
2 5 9 9 4 7 97
2 5 9 8 10 2 26
2 5 9 7 5 8 48
2 5 9 6 11 3 47
2 5 9 6 0 14 16
2 5 9 5 6 9 84
2 5 9 4 12 4 107
2 5 9 4 1 15 144
2 5 9 3 7 10 18
2 5 9 2 13 5 25
2 5 9 2 2 16 188
2 5 9 1 19 0 170
2 5 9 1 8 11 4
2 5 9 0 14 6 119
2 5 9 0 3 17 150
2 5 8 18 3 0 187
2 5 8 16 4 1 73
2 5 8 14 5 2 105
2 5 8 13 0 8 127
2 5 8 12 6 3 56
2 5 8 11 1 9 137
2 5 8 10 7 4 23
2 5 8 9 2 10 79
2 5 8 8 8 5 194
2 5 8 7 14 0 168
2 5 8 7 3 11 26
2 5 8 6 9 6 37
2 5 8 5 15 1 2
2 5 8 5 4 12 29
2 5 8 4 10 7 84
2 5 8 3 16 2 70
2 5 8 3 5 13 111
2 5 8 2 11 8 55
2 5 8 2 0 19 5
2 5 8 1 17 3 162
2 5 8 1 6 14 85
2 5 8 0 12 9 155
2 5 8 0 1 20 5
2 5 7 20 0 2 157
2 5 7 18 1 3 41
2 5 7 16 2 4 52
2 5 7 14 3 5 90
2 5 7 13 9 0 35
2 5 7 12 4 6 123
2 5 7 11 10 1 195
2 5 7 10 5 7 197
2 5 7 9 11 2 53
2 5 7 9 0 13 167
2 5 7 8 6 8 166
2 5 7 7 12 3 101
2 5 7 7 1 14 120
2 5 7 6 7 9 121
2 5 7 5 13 4 115
2 5 7 5 2 15 128
2 5 7 4 8 10 13
2 5 7 3 14 5 176
2 5 7 3 3 16 1
2 5 7 2 20 0 195
2 5 7 2 9 11 198
2 5 7 1 15 6 160
2 5 7 1 4 17 86
2 5 7 0 21 1 11
2 5 7 0 10 12 179
2 5 6 19 4 0 17
2 5 6 17 5 1 3
2 5 6 16 0 7 42
2 5 6 15 6 2 52
2 5 6 14 1 8 173
2 5 6 13 7 3 127
2 5 6 12 2 9 106
2 5 6 11 8 4 53
2 5 6 10 3 10 84
2 5 6 9 9 5 76
2 5 6 8 15 0 159
2 5 6 8 4 11 92
2 5 6 7 10 6 173
2 5 6 6 16 1 69
2 5 6 6 5 12 110
2 5 6 5 11 7 43
2 5 6 5 0 18 138
2 5 6 4 17 2 152
2 5 6 4 6 13 174
2 5 6 3 12 8 35
2 5 6 3 1 19 129
2 5 6 2 18 3 36
2 5 6 2 7 14 26
2 5 6 1 13 9 104
2 5 6 1 2 20 138
2 5 6 0 19 4 159
2 5 6 0 8 15 6
2 5 5 23 0 1 67
2 5 5 21 1 2 156
2 5 5 19 2 3 121
2 5 5 17 3 4 82
2 5 5 15 4 5 180
2 5 5 14 10 0 58
2 5 5 13 5 6 82
2 5 5 12 11 1 99
2 5 5 12 0 12 89
2 5 5 11 6 7 197
2 5 5 10 12 2 114
2 5 5 10 1 13 179
2 5 5 9 7 8 116
2 5 5 8 13 3 109
2 5 5 8 2 14 152
2 5 5 7 8 9 132
2 5 5 6 14 4 32
2 5 5 6 3 15 102
2 5 5 5 9 10 172
2 5 5 4 15 5 139
2 5 5 4 4 16 17
2 5 5 3 21 0 192
2 5 5 3 10 11 168
2 5 5 2 16 6 104
2 5 5 2 5 17 158
2 5 5 1 22 1 63
2 5 5 1 11 12 69
2 5 5 1 0 23 89
2 5 5 0 17 7 164
2 5 5 0 6 18 40
2 5 4 20 5 0 17
2 5 4 19 0 6 161
2 5 4 18 6 1 152
2 5 4 17 1 7 15
2 5 4 16 7 2 108
2 5 4 15 2 8 57
2 5 4 14 8 3 154
2 5 4 13 3 9 35
2 5 4 12 9 4 44
2 5 4 11 4 10 84
2 5 4 10 10 5 169
2 5 4 9 16 0 88
2 5 4 9 5 11 94
2 5 4 8 11 6 108
2 5 4 8 0 17 103
2 5 4 7 17 1 121
2 5 4 7 6 12 89
2 5 4 6 12 7 181
2 5 4 6 1 18 162
2 5 4 5 18 2 22
2 5 4 5 7 13 13
2 5 4 4 13 8 40
2 5 4 4 2 19 149
2 5 4 3 19 3 74
2 5 4 3 8 14 146
2 5 4 2 14 9 13
2 5 4 2 3 20 79
2 5 4 1 20 4 178
2 5 4 1 9 15 107
2 5 4 0 15 10 166
2 5 4 0 4 21 2
2 5 3 26 0 0 110
2 5 3 24 1 1 193
2 5 3 22 2 2 190
2 5 3 20 3 3 53
2 5 3 18 4 4 87
2 5 3 16 5 5 161
2 5 3 15 11 0 184
2 5 3 15 0 11 11
2 5 3 14 6 6 123
2 5 3 13 12 1 74
2 5 3 13 1 12 52
2 5 3 12 7 7 147
2 5 3 11 13 2 68
2 5 3 11 2 13 163
2 5 3 10 8 8 156
2 5 3 9 14 3 114
2 5 3 9 3 14 8
2 5 3 8 9 9 104
2 5 3 7 15 4 179
2 5 3 7 4 15 144
2 5 3 6 10 10 99
2 5 3 5 16 5 150
2 5 3 5 5 16 83
2 5 3 4 22 0 2
2 5 3 4 11 11 189
2 5 3 4 0 22 115
2 5 3 3 17 6 175
2 5 3 3 6 17 20
2 5 3 2 23 1 91
2 5 3 2 12 12 77
2 5 3 2 1 23 69
2 5 3 1 18 7 198
2 5 3 1 7 18 100
2 5 3 0 24 2 91
2 5 3 0 13 13 149
2 5 3 0 2 24 99
2 5 2 22 0 5 188
2 5 2 21 6 0 21
2 5 2 20 1 6 36
2 5 2 19 7 1 103
2 5 2 18 2 7 20
2 5 2 17 8 2 131
2 5 2 16 3 8 46
2 5 2 15 9 3 195
2 5 2 14 4 9 93
2 5 2 13 10 4 69
2 5 2 12 5 10 86
2 5 2 11 11 5 44
2 5 2 11 0 16 21
2 5 2 10 17 0 133
2 5 2 10 6 11 186
2 5 2 9 12 6 156
2 5 2 9 1 17 197
2 5 2 8 18 1 182
2 5 2 8 7 12 126
2 5 2 7 13 7 77
2 5 2 7 2 18 75
2 5 2 6 19 2 45
2 5 2 6 8 13 197
2 5 2 5 14 8 88
2 5 2 5 3 19 80
2 5 2 4 20 3 42
2 5 2 4 9 14 65
2 5 2 3 15 9 137
2 5 2 3 4 20 44
2 5 2 2 21 4 89
2 5 2 2 10 15 25
2 5 2 1 16 10 193
2 5 2 1 5 21 89
2 5 2 0 22 5 19
2 5 2 0 11 16 22
2 5 2 0 0 27 31
2 5 1 27 1 0 15
2 5 1 25 2 1 21
2 5 1 23 3 2 134
2 5 1 21 4 3 57
2 5 1 19 5 4 167
2 5 1 18 0 10 127
2 5 1 17 6 5 180
2 5 1 16 12 0 92
2 5 1 16 1 11 18
2 5 1 15 7 6 106
2 5 1 14 13 1 155
2 5 1 14 2 12 118
2 5 1 13 8 7 189
2 5 1 12 14 2 177
2 5 1 12 3 13 66
2 5 1 11 9 8 107
2 5 1 10 15 3 71
2 5 1 10 4 14 75
2 5 1 9 10 9 189
2 5 1 8 16 4 48
2 5 1 8 5 15 29
2 5 1 7 11 10 165
2 5 1 7 0 21 181
2 5 1 6 17 5 18
2 5 1 6 6 16 23
2 5 1 5 23 0 43
2 5 1 5 12 11 184
2 5 1 5 1 22 75
2 5 1 4 18 6 59
2 5 1 4 7 17 2
2 5 1 3 24 1 32
2 5 1 3 13 12 105
2 5 1 3 2 23 28
2 5 1 2 19 7 146
2 5 1 2 8 18 75
2 5 1 1 25 2 107
2 5 1 1 14 13 87
2 5 1 1 3 24 40
2 5 1 0 20 8 140
2 5 1 0 9 19 136
2 5 0 25 0 4 45
2 5 0 23 1 5 105
2 5 0 22 7 0 25
2 5 0 21 2 6 83
2 5 0 20 8 1 117
2 5 0 19 3 7 47
2 5 0 18 9 2 13
2 5 0 17 4 8 130
2 5 0 16 10 3 36
2 5 0 15 5 9 183
2 5 0 14 11 4 21
2 5 0 14 0 15 59
2 5 0 13 6 10 191
2 5 0 12 12 5 122
2 5 0 12 1 16 143
2 5 0 11 18 0 104
2 5 0 11 7 11 14
2 5 0 10 13 6 36
2 5 0 10 2 17 132
2 5 0 9 19 1 20
2 5 0 9 8 12 77
2 5 0 8 14 7 84
2 5 0 8 3 18 129
2 5 0 7 20 2 145
2 5 0 7 9 13 169
2 5 0 6 15 8 33
2 5 0 6 4 19 114
2 5 0 5 21 3 119
2 5 0 5 10 14 159
2 5 0 4 16 9 56
2 5 0 4 5 20 41
2 5 0 3 22 4 137
2 5 0 3 11 15 176
2 5 0 3 0 26 50
2 5 0 2 17 10 145
2 5 0 2 6 21 30
2 5 0 1 23 5 107
2 5 0 1 12 16 90
2 5 0 1 1 27 89
2 5 0 0 29 0 158
2 5 0 0 18 11 82
2 5 0 0 7 22 151
2 4 29 0 1 0 83
2 4 27 1 2 0 127
2 4 26 1 0 3 92
2 4 25 2 3 0 127
2 4 25 0 4 1 45
2 4 24 4 0 2 104
2 4 24 2 1 3 41
2 4 24 0 2 4 140
2 4 23 3 4 0 173
2 4 23 1 5 1 129
2 4 23 0 0 7 146
2 4 22 7 0 1 166
2 4 22 5 1 2 145
2 4 22 3 2 3 148
2 4 22 1 3 4 33
2 4 21 4 5 0 114
2 4 21 3 0 6 147
2 4 21 2 6 1 111
2 4 21 1 1 7 115
2 4 21 0 7 2 142
2 4 20 10 0 0 191
2 4 20 8 1 1 163
2 4 20 6 2 2 2
2 4 20 4 3 3 46
2 4 20 2 4 4 69
2 4 20 0 5 5 75
2 4 19 6 0 5 23
2 4 19 5 6 0 104
2 4 19 4 1 6 36
2 4 19 3 7 1 128
2 4 19 2 2 7 177
2 4 19 1 8 2 36
2 4 19 0 3 8 115
2 4 18 11 1 0 46
2 4 18 9 2 1 180
2 4 18 7 3 2 52
2 4 18 5 4 3 186
2 4 18 3 5 4 53
2 4 18 2 0 10 68
2 4 18 1 6 5 128
2 4 18 0 12 0 151
2 4 18 0 1 11 123
2 4 17 9 0 4 36
2 4 17 7 1 5 192
2 4 17 6 7 0 9
2 4 17 5 2 6 137
2 4 17 4 8 1 124
2 4 17 3 3 7 31
2 4 17 2 9 2 119
2 4 17 1 4 8 187
2 4 17 0 10 3 35
2 4 16 12 2 0 144
2 4 16 10 3 1 15
2 4 16 8 4 2 28
2 4 16 6 5 3 52
2 4 16 5 0 9 181
2 4 16 4 6 4 52
2 4 16 3 1 10 9
2 4 16 2 7 5 152
2 4 16 1 13 0 68
2 4 16 1 2 11 147
2 4 16 0 8 6 195
2 4 15 12 0 3 196
2 4 15 10 1 4 192
2 4 15 8 2 5 36
2 4 15 7 8 0 11
2 4 15 6 3 6 187
2 4 15 5 9 1 169
2 4 15 4 4 7 127
2 4 15 3 10 2 85
2 4 15 2 5 8 119
2 4 15 1 11 3 92
2 4 15 1 0 14 25
2 4 15 0 6 9 132
2 4 14 13 3 0 110
2 4 14 11 4 1 177
2 4 14 9 5 2 126
2 4 14 8 0 8 195
2 4 14 7 6 3 183
2 4 14 6 1 9 16
2 4 14 5 7 4 71
2 4 14 4 2 10 22
2 4 14 3 8 5 196
2 4 14 2 14 0 62
2 4 14 2 3 11 126
2 4 14 1 9 6 180
2 4 14 0 15 1 175
2 4 14 0 4 12 176
2 4 13 15 0 2 130
2 4 13 13 1 3 58
2 4 13 11 2 4 48
2 4 13 9 3 5 101
2 4 13 8 9 0 142
2 4 13 7 4 6 63
2 4 13 6 10 1 110
2 4 13 5 5 7 105
2 4 13 4 11 2 162
2 4 13 4 0 13 179
2 4 13 3 6 8 12
2 4 13 2 12 3 155
2 4 13 2 1 14 9
2 4 13 1 7 9 103
2 4 13 0 13 4 100
2 4 13 0 2 15 172
2 4 12 14 4 0 196
2 4 12 12 5 1 99
2 4 12 11 0 7 153
2 4 12 10 6 2 2
2 4 12 9 1 8 190
2 4 12 8 7 3 60
2 4 12 7 2 9 170
2 4 12 6 8 4 125
2 4 12 5 3 10 187
2 4 12 4 9 5 165
2 4 12 3 15 0 60
2 4 12 3 4 11 102
2 4 12 2 10 6 123
2 4 12 1 16 1 62
2 4 12 1 5 12 56
2 4 12 0 11 7 110
2 4 12 0 0 18 184
2 4 11 18 0 1 20
2 4 11 16 1 2 46
2 4 11 14 2 3 141
2 4 11 12 3 4 84
2 4 11 10 4 5 33
2 4 11 9 10 0 127
2 4 11 8 5 6 182
2 4 11 7 11 1 187
2 4 11 7 0 12 183
2 4 11 6 6 7 195
2 4 11 5 12 2 96
2 4 11 5 1 13 158
2 4 11 4 7 8 137
2 4 11 3 13 3 157
2 4 11 3 2 14 159
2 4 11 2 8 9 114
2 4 11 1 14 4 141
2 4 11 1 3 15 19
2 4 11 0 9 10 191
2 4 10 15 5 0 161
2 4 10 14 0 6 114
2 4 10 13 6 1 172
2 4 10 12 1 7 167
2 4 10 11 7 2 177
2 4 10 10 2 8 116
2 4 10 9 8 3 90
2 4 10 8 3 9 127
2 4 10 7 9 4 130
2 4 10 6 4 10 155
2 4 10 5 10 5 186
2 4 10 4 16 0 149
2 4 10 4 5 11 121
2 4 10 3 11 6 53
2 4 10 3 0 17 71
2 4 10 2 17 1 179
2 4 10 2 6 12 194
2 4 10 1 12 7 129
2 4 10 1 1 18 8
2 4 10 0 18 2 111
2 4 10 0 7 13 159
2 4 9 21 0 0 192
2 4 9 19 1 1 28
2 4 9 17 2 2 118
2 4 9 15 3 3 190
2 4 9 13 4 4 36
2 4 9 11 5 5 20
2 4 9 10 11 0 73
2 4 9 10 0 11 38
2 4 9 9 6 6 144
2 4 9 8 12 1 190
2 4 9 8 1 12 80
2 4 9 7 7 7 53
2 4 9 6 13 2 172
2 4 9 6 2 13 51
2 4 9 5 8 8 124
2 4 9 4 14 3 121
2 4 9 4 3 14 80
2 4 9 3 9 9 99
2 4 9 2 15 4 161
2 4 9 2 4 15 187
2 4 9 1 10 10 180
2 4 9 0 16 5 99
2 4 9 0 5 16 78
2 4 8 17 0 5 100
2 4 8 16 6 0 162
2 4 8 15 1 6 73
2 4 8 14 7 1 71
2 4 8 13 2 7 188
2 4 8 12 8 2 49
2 4 8 11 3 8 130
2 4 8 10 9 3 81
2 4 8 9 4 9 147
2 4 8 8 10 4 17
2 4 8 7 5 10 171
2 4 8 6 11 5 94
2 4 8 6 0 16 94
2 4 8 5 17 0 150
2 4 8 5 6 11 141
2 4 8 4 12 6 53
2 4 8 4 1 17 106
2 4 8 3 18 1 61
2 4 8 3 7 12 31
2 4 8 2 13 7 120
2 4 8 2 2 18 3
2 4 8 1 19 2 130
2 4 8 1 8 13 124
2 4 8 0 14 8 163
2 4 8 0 3 19 194
2 4 7 22 1 0 154
2 4 7 20 2 1 195
2 4 7 18 3 2 80
2 4 7 16 4 3 159
2 4 7 14 5 4 16
2 4 7 13 0 10 22
2 4 7 12 6 5 75
2 4 7 11 12 0 83
2 4 7 11 1 11 125
2 4 7 10 7 6 127
2 4 7 9 13 1 43
2 4 7 9 2 12 79
2 4 7 8 8 7 58
2 4 7 7 14 2 63
2 4 7 7 3 13 43
2 4 7 6 9 8 60
2 4 7 5 15 3 140
2 4 7 5 4 14 41
2 4 7 4 10 9 79
2 4 7 3 16 4 34
2 4 7 3 5 15 173
2 4 7 2 11 10 1
2 4 7 2 0 21 95
2 4 7 1 17 5 64
2 4 7 1 6 16 31
2 4 7 0 23 0 29
2 4 7 0 12 11 27
2 4 7 0 1 22 103
2 4 6 20 0 4 86
2 4 6 18 1 5 104
2 4 6 17 7 0 74
2 4 6 16 2 6 125
2 4 6 15 8 1 147
2 4 6 14 3 7 190
2 4 6 13 9 2 80
2 4 6 12 4 8 90
2 4 6 11 10 3 115
2 4 6 10 5 9 30
2 4 6 9 11 4 131
2 4 6 9 0 15 68
2 4 6 8 6 10 2
2 4 6 7 12 5 39
2 4 6 7 1 16 70
2 4 6 6 18 0 135
2 4 6 6 7 11 19
2 4 6 5 13 6 98
2 4 6 5 2 17 136
2 4 6 4 19 1 50
2 4 6 4 8 12 115
2 4 6 3 14 7 133
2 4 6 3 3 18 41
2 4 6 2 20 2 91
2 4 6 2 9 13 150
2 4 6 1 15 8 54
2 4 6 1 4 19 129
2 4 6 0 21 3 148
2 4 6 0 10 14 25
2 4 5 23 2 0 161
2 4 5 21 3 1 160
2 4 5 19 4 2 89
2 4 5 17 5 3 164
2 4 5 16 0 9 109
2 4 5 15 6 4 134
2 4 5 14 1 10 41
2 4 5 13 7 5 26
2 4 5 12 13 0 120
2 4 5 12 2 11 174
2 4 5 11 8 6 36
2 4 5 10 14 1 52
2 4 5 10 3 12 162
2 4 5 9 9 7 162
2 4 5 8 15 2 53
2 4 5 8 4 13 37
2 4 5 7 10 8 20
2 4 5 6 16 3 114
2 4 5 6 5 14 137
2 4 5 5 0 20 152
2 4 5 4 17 4 117
2 4 5 4 6 15 138
2 4 5 3 12 10 55
2 4 5 3 1 21 157
2 4 5 2 18 5 167
2 4 5 2 7 16 191
2 4 5 1 24 0 96
2 4 5 1 13 11 45
2 4 5 1 2 22 71
2 4 5 0 19 6 41
2 4 5 0 8 17 116
2 4 4 23 0 3 139
2 4 4 21 1 4 8
2 4 4 19 2 5 148
2 4 4 18 8 0 182
2 4 4 17 3 6 177
2 4 4 16 9 1 190
2 4 4 15 4 7 1
2 4 4 14 10 2 197
2 4 4 13 5 8 177
2 4 4 12 11 3 105
2 4 4 12 0 14 43
2 4 4 11 6 9 19
2 4 4 10 12 4 104
2 4 4 10 1 15 98
2 4 4 9 7 10 65
2 4 4 8 13 5 154
2 4 4 8 2 16 8
2 4 4 7 19 0 41
2 4 4 7 8 11 32
2 4 4 6 14 6 32
2 4 4 6 3 17 75
2 4 4 5 20 1 74
2 4 4 5 9 12 166
2 4 4 4 15 7 116
2 4 4 4 4 18 29
2 4 4 3 21 2 22
2 4 4 3 10 13 67
2 4 4 2 16 8 61
2 4 4 2 5 19 182
2 4 4 1 22 3 31
2 4 4 1 11 14 48
2 4 4 1 0 25 71
2 4 4 0 17 9 171
2 4 4 0 6 20 114
2 4 3 24 3 0 16
2 4 3 22 4 1 23
2 4 3 20 5 2 79
2 4 3 19 0 8 78
2 4 3 18 6 3 179
2 4 3 17 1 9 88
2 4 3 16 7 4 63
2 4 3 15 2 10 183
2 4 3 14 8 5 159
2 4 3 13 14 0 107
2 4 3 13 3 11 139
2 4 3 12 9 6 178
2 4 3 11 15 1 24
2 4 3 11 4 12 135
2 4 3 10 10 7 90
2 4 3 9 16 2 44
2 4 3 9 5 13 188
2 4 3 8 11 8 4
2 4 3 8 0 19 150
2 4 3 7 17 3 101
2 4 3 7 6 14 196
2 4 3 6 12 9 4
2 4 3 6 1 20 180
2 4 3 5 18 4 110
2 4 3 5 7 15 54
2 4 3 4 13 10 118
2 4 3 4 2 21 14
2 4 3 3 19 5 77
2 4 3 3 8 16 97
2 4 3 2 25 0 19
2 4 3 2 14 11 57
2 4 3 2 3 22 5
2 4 3 1 20 6 52
2 4 3 1 9 17 105
2 4 3 0 26 1 172
2 4 3 0 15 12 101
2 4 3 0 4 23 188
2 4 2 26 0 2 40
2 4 2 24 1 3 169
2 4 2 22 2 4 50
2 4 2 20 3 5 43
2 4 2 19 9 0 127
2 4 2 18 4 6 122
2 4 2 17 10 1 26
2 4 2 16 5 7 15
2 4 2 15 11 2 3
2 4 2 15 0 13 146
2 4 2 14 6 8 95
2 4 2 13 12 3 87
2 4 2 13 1 14 127
2 4 2 12 7 9 82
2 4 2 11 13 4 98
2 4 2 11 2 15 26
2 4 2 10 8 10 77
2 4 2 9 14 5 165
2 4 2 9 3 16 104
2 4 2 8 20 0 182
2 4 2 8 9 11 183
2 4 2 7 15 6 154
2 4 2 7 4 17 42
2 4 2 6 21 1 41
2 4 2 6 10 12 30
2 4 2 5 16 7 56
2 4 2 5 5 18 69
2 4 2 4 22 2 30
2 4 2 4 11 13 113
2 4 2 4 0 24 116
2 4 2 3 17 8 3
2 4 2 3 6 19 69
2 4 2 2 23 3 180
2 4 2 2 12 14 132
2 4 2 2 1 25 118
2 4 2 1 18 9 59
2 4 2 1 7 20 185
2 4 2 0 24 4 67
2 4 2 0 13 15 104
2 4 2 0 2 26 108
2 4 1 25 4 0 197
2 4 1 23 5 1 40
2 4 1 22 0 7 129
2 4 1 21 6 2 28
2 4 1 20 1 8 121
2 4 1 19 7 3 135
2 4 1 18 2 9 118
2 4 1 17 8 4 60
2 4 1 16 3 10 101
2 4 1 15 9 5 27
2 4 1 14 15 0 36
2 4 1 14 4 11 118
2 4 1 13 10 6 42
2 4 1 12 16 1 8
2 4 1 12 5 12 52
2 4 1 11 11 7 76
2 4 1 11 0 18 157
2 4 1 10 17 2 176
2 4 1 10 6 13 37
2 4 1 9 12 8 25
2 4 1 9 1 19 161
2 4 1 8 18 3 171
2 4 1 8 7 14 26
2 4 1 7 13 9 152
2 4 1 7 2 20 189
2 4 1 6 19 4 105
2 4 1 6 8 15 47
2 4 1 5 14 10 191
2 4 1 5 3 21 107
2 4 1 4 20 5 86
2 4 1 4 9 16 114
2 4 1 3 26 0 65
2 4 1 3 15 11 96
2 4 1 3 4 22 19
2 4 1 2 21 6 75
2 4 1 2 10 17 151
2 4 1 1 27 1 165
2 4 1 1 16 12 175
2 4 1 1 5 23 194
2 4 1 0 22 7 150
2 4 1 0 11 18 192
2 4 1 0 0 29 39
2 4 0 29 0 1 31
2 4 0 27 1 2 159
2 4 0 25 2 3 115
2 4 0 23 3 4 53
2 4 0 21 4 5 175
2 4 0 20 10 0 146
2 4 0 19 5 6 196
2 4 0 18 11 1 179
2 4 0 18 0 12 148
2 4 0 17 6 7 171
2 4 0 16 12 2 139
2 4 0 16 1 13 189
2 4 0 15 7 8 65
2 4 0 14 13 3 158
2 4 0 14 2 14 64
2 4 0 13 8 9 124
2 4 0 12 14 4 11
2 4 0 12 3 15 7
2 4 0 11 9 10 83
2 4 0 10 15 5 76
2 4 0 10 4 16 29
2 4 0 9 21 0 110
2 4 0 9 10 11 43
2 4 0 8 16 6 60
2 4 0 8 5 17 8
2 4 0 7 22 1 184
2 4 0 7 11 12 77
2 4 0 7 0 23 120
2 4 0 6 17 7 106
2 4 0 6 6 18 144
2 4 0 5 23 2 134
2 4 0 5 12 13 187
2 4 0 5 1 24 127
2 4 0 4 18 8 93
2 4 0 4 7 19 110
2 4 0 3 24 3 25
2 4 0 3 13 14 2
2 4 0 3 2 25 134
2 4 0 2 19 9 108
2 4 0 2 8 20 28
2 4 0 1 25 4 105
2 4 0 1 14 15 98
2 4 0 1 3 26 156
2 4 0 0 20 10 112
2 4 0 0 9 21 177
2 3 28 2 0 1 190
2 3 28 0 1 2 184
2 3 26 5 0 0 172
2 3 26 3 1 1 109
2 3 26 1 2 2 60
2 3 25 1 0 5 151
2 3 25 0 6 0 74
2 3 24 6 1 0 97
2 3 24 4 2 1 181
2 3 24 2 3 2 79
2 3 24 0 4 3 110
2 3 23 4 0 4 177
2 3 23 2 1 5 91
2 3 23 1 7 0 171
2 3 23 0 2 6 147
2 3 22 7 2 0 170
2 3 22 5 3 1 13
2 3 22 3 4 2 189
2 3 22 1 5 3 168
2 3 22 0 0 9 43
2 3 21 7 0 3 89
2 3 21 5 1 4 62
2 3 21 3 2 5 17
2 3 21 2 8 0 65
2 3 21 1 3 6 130
2 3 21 0 9 1 136
2 3 20 8 3 0 10
2 3 20 6 4 1 104
2 3 20 4 5 2 100
2 3 20 3 0 8 139
2 3 20 2 6 3 35
2 3 20 1 1 9 113
2 3 20 0 7 4 153
2 3 19 10 0 2 32
2 3 19 8 1 3 86
2 3 19 6 2 4 129
2 3 19 4 3 5 51
2 3 19 3 9 0 131
2 3 19 2 4 6 72
2 3 19 1 10 1 1
2 3 19 0 5 7 28
2 3 18 9 4 0 76
2 3 18 7 5 1 38
2 3 18 6 0 7 74
2 3 18 5 6 2 153
2 3 18 4 1 8 133
2 3 18 3 7 3 64
2 3 18 2 2 9 188
2 3 18 1 8 4 62
2 3 18 0 3 10 79
2 3 17 13 0 1 144
2 3 17 11 1 2 155
2 3 17 9 2 3 137
2 3 17 7 3 4 99
2 3 17 5 4 5 125
2 3 17 4 10 0 52
2 3 17 3 5 6 162
2 3 17 2 11 1 17
2 3 17 2 0 12 19
2 3 17 1 6 7 60
2 3 17 0 12 2 106
2 3 17 0 1 13 100
2 3 16 10 5 0 55
2 3 16 9 0 6 84
2 3 16 8 6 1 139
2 3 16 7 1 7 125
2 3 16 5 2 8 182
2 3 16 4 8 3 113
2 3 16 3 3 9 175
2 3 16 2 9 4 66
2 3 16 1 4 10 42
2 3 16 0 10 5 101
2 3 15 16 0 0 102
2 3 15 14 1 1 148
2 3 15 12 2 2 66
2 3 15 10 3 3 196
2 3 15 8 4 4 143
2 3 15 6 5 5 6
2 3 15 5 11 0 48
2 3 15 5 0 11 16
2 3 15 4 6 6 130
2 3 15 3 12 1 197
2 3 15 3 1 12 195
2 3 15 2 7 7 37
2 3 15 1 13 2 171
2 3 15 1 2 13 5
2 3 15 0 8 8 116
2 3 14 12 0 5 72
2 3 14 11 6 0 26
2 3 14 10 1 6 99
2 3 14 9 7 1 94
2 3 14 8 2 7 5
2 3 14 7 8 2 88
2 3 14 6 3 8 100
2 3 14 5 9 3 117
2 3 14 4 4 9 170
2 3 14 3 10 4 175
2 3 14 2 5 10 23
2 3 14 1 11 5 173
2 3 14 1 0 16 6
2 3 14 0 17 0 77
2 3 14 0 6 11 71
2 3 13 17 1 0 152
2 3 13 15 2 1 86
2 3 13 13 3 2 172
2 3 13 11 4 3 38
2 3 13 9 5 4 48
2 3 13 8 0 10 45
2 3 13 7 6 5 13
2 3 13 6 12 0 114
2 3 13 6 1 11 130
2 3 13 5 7 6 66
2 3 13 4 13 1 86
2 3 13 4 2 12 80
2 3 13 3 8 7 51
2 3 13 2 14 2 74
2 3 13 2 3 13 186
2 3 13 1 9 8 130
2 3 13 0 15 3 138
2 3 13 0 4 14 193
2 3 12 15 0 4 141
2 3 12 13 1 5 7
2 3 12 12 7 0 105
2 3 12 11 2 6 10
2 3 12 10 8 1 160
2 3 12 9 3 7 153
2 3 12 8 9 2 95
2 3 12 7 4 8 165
2 3 12 6 10 3 93
2 3 12 5 5 9 192
2 3 12 4 11 4 65
2 3 12 4 0 15 13
2 3 12 3 6 10 153
2 3 12 2 12 5 87
2 3 12 2 1 16 50
2 3 12 1 18 0 141
2 3 12 1 7 11 79
2 3 12 0 13 6 126
2 3 12 0 2 17 133
2 3 11 18 2 0 183
2 3 11 16 3 1 167
2 3 11 14 4 2 150
2 3 11 12 5 3 160
2 3 11 11 0 9 17
2 3 11 10 6 4 108
2 3 11 9 1 10 162
2 3 11 8 7 5 86
2 3 11 7 13 0 118
2 3 11 7 2 11 63
2 3 11 5 14 1 184
2 3 11 5 3 12 171
2 3 11 4 9 7 76
2 3 11 3 15 2 64
2 3 11 3 4 13 76
2 3 11 2 10 8 183
2 3 11 1 16 3 35
2 3 11 1 5 14 188
2 3 11 0 11 9 175
2 3 11 0 0 20 129
2 3 10 18 0 3 58
2 3 10 16 1 4 48
2 3 10 14 2 5 46
2 3 10 13 8 0 115
2 3 10 12 3 6 50
2 3 10 11 9 1 51
2 3 10 10 4 7 81
2 3 10 9 10 2 97
2 3 10 8 5 8 46
2 3 10 7 11 3 116
2 3 10 7 0 14 119
2 3 10 6 6 9 82
2 3 10 5 12 4 49
2 3 10 5 1 15 45
2 3 10 4 7 10 141
2 3 10 3 13 5 10
2 3 10 3 2 16 177
2 3 10 2 19 0 155
2 3 10 2 8 11 89
2 3 10 1 14 6 184
2 3 10 1 3 17 99
2 3 10 0 20 1 120
2 3 10 0 9 12 146
2 3 9 19 3 0 133
2 3 9 17 4 1 151
2 3 9 15 5 2 76
2 3 9 14 0 8 94
2 3 9 13 6 3 179
2 3 9 12 1 9 2
2 3 9 11 7 4 36
2 3 9 10 2 10 28
2 3 9 9 8 5 54
2 3 9 8 14 0 30
2 3 9 8 3 11 100
2 3 9 7 9 6 82
2 3 9 6 15 1 98
2 3 9 6 4 12 94
2 3 9 5 10 7 39
2 3 9 4 16 2 121
2 3 9 4 5 13 130
2 3 9 3 11 8 148
2 3 9 3 0 19 14
2 3 9 2 17 3 150
2 3 9 2 6 14 40
2 3 9 1 12 9 76
2 3 9 1 1 20 117
2 3 9 0 18 4 189
2 3 9 0 7 15 96
2 3 8 21 0 2 164
2 3 8 19 1 3 140
2 3 8 17 2 4 171
2 3 8 15 3 5 195
2 3 8 14 9 0 145
2 3 8 13 4 6 146
2 3 8 12 10 1 167
2 3 8 11 5 7 142
2 3 8 10 11 2 35
2 3 8 10 0 13 158
2 3 8 9 6 8 69
2 3 8 8 12 3 17
2 3 8 8 1 14 173
2 3 8 7 7 9 109
2 3 8 6 13 4 84
2 3 8 6 2 15 175
2 3 8 5 8 10 1
2 3 8 4 14 5 95
2 3 8 4 3 16 19
2 3 8 3 20 0 43
2 3 8 3 9 11 184
2 3 8 2 15 6 163
2 3 8 2 4 17 168
2 3 8 1 21 1 7
2 3 8 1 10 12 4
2 3 8 0 16 7 69
2 3 8 0 5 18 127
2 3 7 20 4 0 69
2 3 7 18 5 1 104
2 3 7 17 0 7 126
2 3 7 16 6 2 28
2 3 7 15 1 8 65
2 3 7 14 7 3 12
2 3 7 13 2 9 43
2 3 7 12 8 4 44
2 3 7 11 3 10 6
2 3 7 10 9 5 8
2 3 7 9 15 0 142
2 3 7 9 4 11 85
2 3 7 8 10 6 86
2 3 7 7 16 1 191
2 3 7 7 5 12 168
2 3 7 6 11 7 188
2 3 7 6 0 18 51
2 3 7 5 17 2 126
2 3 7 5 6 13 131
2 3 7 4 12 8 120
2 3 7 4 1 19 76
2 3 7 3 18 3 107
2 3 7 3 7 14 36
2 3 7 2 13 9 18
2 3 7 2 2 20 164
2 3 7 1 19 4 165
2 3 7 1 8 15 174
2 3 7 0 14 10 93
2 3 7 0 3 21 81
2 3 6 24 0 1 191
2 3 6 22 1 2 142
2 3 6 20 2 3 54
2 3 6 18 3 4 112
2 3 6 16 4 5 13
2 3 6 15 10 0 95
2 3 6 14 5 6 152
2 3 6 13 11 1 46
2 3 6 13 0 12 48
2 3 6 12 6 7 127
2 3 6 11 12 2 183
2 3 6 11 1 13 196
2 3 6 10 7 8 16
2 3 6 9 13 3 37
2 3 6 9 2 14 58
2 3 6 8 8 9 77
2 3 6 7 14 4 55
2 3 6 7 3 15 195
2 3 6 6 9 10 9
2 3 6 5 15 5 196
2 3 6 5 4 16 6
2 3 6 4 21 0 138
2 3 6 4 10 11 110
2 3 6 3 16 6 173
2 3 6 3 5 17 112
2 3 6 2 22 1 172
2 3 6 2 11 12 81
2 3 6 2 0 23 165
2 3 6 1 17 7 131
2 3 6 1 6 18 82
2 3 6 0 23 2 169
2 3 6 0 12 13 170
2 3 6 0 1 24 114
2 3 5 21 5 0 25
2 3 5 20 0 6 162
2 3 5 19 6 1 55
2 3 5 18 1 7 27
2 3 5 17 7 2 118
2 3 5 16 2 8 91
2 3 5 15 8 3 104
2 3 5 14 3 9 30
2 3 5 13 9 4 162
2 3 5 12 4 10 71
2 3 5 11 10 5 32
2 3 5 10 16 0 171
2 3 5 10 5 11 106
2 3 5 9 11 6 1
2 3 5 9 0 17 104
2 3 5 8 17 1 118
2 3 5 8 6 12 105
2 3 5 7 12 7 3
2 3 5 7 1 18 127
2 3 5 6 18 2 62
2 3 5 6 7 13 21
2 3 5 5 13 8 80
2 3 5 5 2 19 150
2 3 5 4 19 3 149
2 3 5 4 8 14 1
2 3 5 3 14 9 3
2 3 5 3 3 20 166
2 3 5 2 20 4 107
2 3 5 2 9 15 87
2 3 5 1 15 10 45
2 3 5 1 4 21 115
2 3 5 0 21 5 149
2 3 5 0 10 16 151
2 3 4 27 0 0 69
2 3 4 25 1 1 95
2 3 4 23 2 2 188
2 3 4 21 3 3 1
2 3 4 19 4 4 155
2 3 4 17 5 5 96
2 3 4 16 11 0 32
2 3 4 16 0 11 17
2 3 4 15 6 6 7
2 3 4 14 12 1 77
2 3 4 14 1 12 104
2 3 4 13 7 7 135
2 3 4 12 13 2 118
2 3 4 12 2 13 28
2 3 4 11 8 8 165
2 3 4 10 14 3 178
2 3 4 10 3 14 189
2 3 4 9 9 9 7
2 3 4 8 15 4 57
2 3 4 8 4 15 164
2 3 4 7 10 10 176
2 3 4 6 16 5 9
2 3 4 6 5 16 169
2 3 4 5 22 0 88
2 3 4 5 11 11 42
2 3 4 5 0 22 64
2 3 4 4 17 6 155
2 3 4 4 6 17 58
2 3 4 3 23 1 196
2 3 4 3 12 12 107
2 3 4 3 1 23 86
2 3 4 2 18 7 29
2 3 4 2 7 18 28
2 3 4 1 24 2 139
2 3 4 1 13 13 110
2 3 4 1 2 24 88
2 3 4 0 19 8 77
2 3 4 0 8 19 67
2 3 3 23 0 5 147
2 3 3 22 6 0 82
2 3 3 21 1 6 176
2 3 3 20 7 1 3
2 3 3 19 2 7 193
2 3 3 18 8 2 2
2 3 3 17 3 8 99
2 3 3 16 9 3 13
2 3 3 15 4 9 155
2 3 3 14 10 4 24
2 3 3 13 5 10 103
2 3 3 12 11 5 181
2 3 3 12 0 16 100
2 3 3 11 17 0 34
2 3 3 11 6 11 70
2 3 3 10 12 6 46
2 3 3 10 1 17 169
2 3 3 9 18 1 176
2 3 3 9 7 12 72
2 3 3 8 13 7 141
2 3 3 8 2 18 139
2 3 3 7 19 2 138
2 3 3 7 8 13 169
2 3 3 6 14 8 105
2 3 3 6 3 19 108
2 3 3 5 20 3 80
2 3 3 5 9 14 46
2 3 3 4 15 9 40
2 3 3 4 4 20 1
2 3 3 3 21 4 116
2 3 3 3 10 15 38
2 3 3 2 16 10 25
2 3 3 2 5 21 55
2 3 3 1 22 5 181
2 3 3 1 11 16 27
2 3 3 1 0 27 2
2 3 3 0 28 0 113
2 3 3 0 17 11 49
2 3 3 0 6 22 68
2 3 2 28 1 0 82
2 3 2 26 2 1 36
2 3 2 24 3 2 43
2 3 2 22 4 3 56
2 3 2 20 5 4 78
2 3 2 19 0 10 16
2 3 2 18 6 5 73
2 3 2 17 12 0 129
2 3 2 17 1 11 69
2 3 2 16 7 6 197
2 3 2 15 13 1 124
2 3 2 15 2 12 185
2 3 2 14 8 7 2
2 3 2 13 14 2 130
2 3 2 13 3 13 135
2 3 2 12 9 8 139
2 3 2 11 15 3 85
2 3 2 11 4 14 69
2 3 2 10 10 9 173
2 3 2 9 16 4 45
2 3 2 9 5 15 143
2 3 2 8 11 10 190
2 3 2 8 0 21 58
2 3 2 7 17 5 176
2 3 2 7 6 16 35
2 3 2 6 23 0 58
2 3 2 6 12 11 127
2 3 2 6 1 22 82
2 3 2 5 18 6 24
2 3 2 5 7 17 44
2 3 2 4 24 1 192
2 3 2 4 13 12 69
2 3 2 4 2 23 87
2 3 2 3 19 7 187
2 3 2 3 8 18 118
2 3 2 2 25 2 128
2 3 2 2 14 13 194
2 3 2 2 3 24 84
2 3 2 1 20 8 120
2 3 2 1 9 19 110
2 3 2 0 26 3 7
2 3 2 0 15 14 133
2 3 2 0 4 25 62
2 3 1 26 0 4 128
2 3 1 24 1 5 111
2 3 1 23 7 0 156
2 3 1 22 2 6 158
2 3 1 21 8 1 146
2 3 1 20 3 7 196
2 3 1 19 9 2 140
2 3 1 18 4 8 179
2 3 1 17 10 3 22
2 3 1 16 5 9 129
2 3 1 15 11 4 114
2 3 1 15 0 15 116
2 3 1 14 6 10 30
2 3 1 13 12 5 59
2 3 1 13 1 16 93
2 3 1 12 18 0 137
2 3 1 12 7 11 75
2 3 1 11 13 6 134
2 3 1 11 2 17 84
2 3 1 10 19 1 128
2 3 1 10 8 12 164
2 3 1 9 14 7 116
2 3 1 9 3 18 104
2 3 1 8 20 2 158
2 3 1 8 9 13 105
2 3 1 7 15 8 39
2 3 1 7 4 19 126
2 3 1 6 21 3 89
2 3 1 6 10 14 163
2 3 1 5 16 9 149
2 3 1 5 5 20 26
2 3 1 4 22 4 100
2 3 1 4 11 15 8
2 3 1 4 0 26 48
2 3 1 3 17 10 151
2 3 1 3 6 21 142
2 3 1 2 23 5 97
2 3 1 2 12 16 162
2 3 1 2 1 27 156
2 3 1 1 29 0 14
2 3 1 1 18 11 6
2 3 1 1 7 22 180
2 3 1 0 24 6 141
2 3 1 0 13 17 94
2 3 1 0 2 28 72
2 3 0 29 2 0 124
2 3 0 27 3 1 3
2 3 0 25 4 2 125
2 3 0 23 5 3 6
2 3 0 22 0 9 151
2 3 0 21 6 4 130
2 3 0 20 1 10 22
2 3 0 19 7 5 185
2 3 0 18 13 0 183
2 3 0 18 2 11 8
2 3 0 17 8 6 193
2 3 0 16 14 1 87
2 3 0 16 3 12 102
2 3 0 15 9 7 181
2 3 0 14 15 2 138
2 3 0 14 4 13 49
2 3 0 13 10 8 92
2 3 0 12 16 3 173
2 3 0 12 5 14 107
2 3 0 11 11 9 149
2 3 0 11 0 20 194
2 3 0 10 17 4 72
2 3 0 10 6 15 38
2 3 0 9 12 10 186
2 3 0 9 1 21 83
2 3 0 8 18 5 78
2 3 0 8 7 16 87
2 3 0 7 24 0 78
2 3 0 7 13 11 66
2 3 0 7 2 22 75
2 3 0 6 19 6 4
2 3 0 6 8 17 8
2 3 0 5 25 1 60
2 3 0 5 14 12 44
2 3 0 5 3 23 150
2 3 0 4 20 7 161
2 3 0 4 9 18 55
2 3 0 3 26 2 102
2 3 0 3 15 13 186
2 3 0 3 4 24 36
2 3 0 2 21 8 145
2 3 0 2 10 19 52
2 3 0 1 27 3 79
2 3 0 1 16 14 25
2 3 0 1 5 25 65
2 3 0 0 22 9 67
2 3 0 0 11 20 57
2 2 32 0 0 0 22
2 2 30 1 1 0 119
2 2 28 2 2 0 16
2 2 28 0 3 1 95
2 2 27 2 0 3 28
2 2 27 0 1 4 19
2 2 26 3 3 0 155
2 2 26 1 4 1 40
2 2 25 5 0 2 29
2 2 25 3 1 3 76
2 2 25 1 2 4 26
2 2 24 4 4 0 116
2 2 24 2 5 1 45
2 2 24 0 6 2 185
2 2 23 8 0 1 65
2 2 23 6 1 2 125
2 2 23 4 2 3 91
2 2 23 2 3 4 183
2 2 23 0 4 5 98
2 2 22 5 5 0 96
2 2 22 4 0 6 155
2 2 22 3 6 1 124
2 2 22 2 1 7 177
2 2 22 1 7 2 4
2 2 22 0 2 8 51
2 2 21 11 0 0 152
2 2 21 9 1 1 114
2 2 21 7 2 2 50
2 2 21 5 3 3 147
2 2 21 3 4 4 100
2 2 21 1 5 5 122
2 2 21 0 11 0 60
2 2 21 0 0 11 86
2 2 20 7 0 5 11
2 2 20 6 6 0 34
2 2 20 5 1 6 195
2 2 20 4 7 1 76
2 2 20 3 2 7 73
2 2 20 2 8 2 109
2 2 20 1 3 8 7
2 2 20 0 9 3 68
2 2 19 12 1 0 105
2 2 19 10 2 1 29
2 2 19 8 3 2 42
2 2 19 6 4 3 71
2 2 19 4 5 4 93
2 2 19 3 0 10 103
2 2 19 2 6 5 29
2 2 19 1 12 0 132
2 2 19 1 1 11 171
2 2 19 0 7 6 99
2 2 18 10 0 4 1
2 2 18 8 1 5 190
2 2 18 7 7 0 35
2 2 18 6 2 6 5
2 2 18 5 8 1 173
2 2 18 4 3 7 74
2 2 18 3 9 2 155
2 2 18 2 4 8 182
2 2 18 1 10 3 10
2 2 18 0 5 9 150
2 2 17 13 2 0 176
2 2 17 11 3 1 64
2 2 17 9 4 2 196
2 2 17 7 5 3 116
2 2 17 6 0 9 26
2 2 17 5 6 4 70
2 2 17 4 1 10 43
2 2 17 3 7 5 82
2 2 17 2 13 0 26
2 2 17 2 2 11 72
2 2 17 1 8 6 9
2 2 17 0 3 12 176
2 2 16 13 0 3 94
2 2 16 11 1 4 35
2 2 16 9 2 5 89
2 2 16 8 8 0 121
2 2 16 7 3 6 27
2 2 16 6 9 1 77
2 2 16 5 4 7 39
2 2 16 4 10 2 188
2 2 16 3 5 8 23
2 2 16 2 11 3 171
2 2 16 2 0 14 32
2 2 16 1 6 9 162
2 2 16 0 12 4 28
2 2 16 0 1 15 149
2 2 15 14 3 0 149
2 2 15 12 4 1 101
2 2 15 10 5 2 59
2 2 15 9 0 8 119
2 2 15 8 6 3 3
2 2 15 7 1 9 147
2 2 15 6 7 4 110
2 2 15 5 2 10 190
2 2 15 4 8 5 149
2 2 15 3 14 0 65
2 2 15 3 3 11 120
2 2 15 2 9 6 33
2 2 15 1 15 1 128
2 2 15 1 4 12 140
2 2 15 0 10 7 14
2 2 14 16 0 2 95
2 2 14 14 1 3 35
2 2 14 12 2 4 173
2 2 14 10 3 5 136
2 2 14 9 9 0 48
2 2 14 8 4 6 8
2 2 14 7 10 1 71
2 2 14 6 5 7 1
2 2 14 5 11 2 2
2 2 14 5 0 13 49
2 2 14 4 6 8 49
2 2 14 3 12 3 86
2 2 14 3 1 14 17
2 2 14 2 7 9 9
2 2 14 1 13 4 79
2 2 14 1 2 15 72
2 2 14 0 8 10 1
2 2 13 15 4 0 155
2 2 13 13 5 1 127
2 2 13 12 0 7 115
2 2 13 11 6 2 109
2 2 13 10 1 8 135
2 2 13 9 7 3 128
2 2 13 8 2 9 173
2 2 13 7 8 4 168
2 2 13 6 3 10 118
2 2 13 5 9 5 165
2 2 13 4 15 0 126
2 2 13 4 4 11 168
2 2 13 3 10 6 100
2 2 13 2 16 1 131
2 2 13 2 5 12 198
2 2 13 1 11 7 5
2 2 13 1 0 18 42
2 2 13 0 17 2 92
2 2 13 0 6 13 193
2 2 12 19 0 1 170
2 2 12 17 1 2 102
2 2 12 15 2 3 193
2 2 12 13 3 4 77
2 2 12 11 4 5 108
2 2 12 10 10 0 50
2 2 12 9 5 6 124
2 2 12 8 11 1 130
2 2 12 8 0 12 180
2 2 12 7 6 7 60
2 2 12 6 12 2 135
2 2 12 6 1 13 78
2 2 12 5 7 8 79
2 2 12 4 13 3 99
2 2 12 4 2 14 141
2 2 12 3 8 9 22
2 2 12 2 14 4 115
2 2 12 2 3 15 37
2 2 12 1 9 10 130
2 2 12 0 15 5 59
2 2 12 0 4 16 16
2 2 11 16 5 0 70
2 2 11 15 0 6 125
2 2 11 14 6 1 85
2 2 11 13 1 7 101
2 2 11 12 7 2 184
2 2 11 11 2 8 84
2 2 11 10 8 3 184
2 2 11 9 3 9 165
2 2 11 8 9 4 49
2 2 11 7 4 10 29
2 2 11 6 10 5 143
2 2 11 5 16 0 109
2 2 11 5 5 11 137
2 2 11 4 11 6 65
2 2 11 4 0 17 146
2 2 11 3 17 1 152
2 2 11 3 6 12 39
2 2 11 2 12 7 145
2 2 11 2 1 18 183
2 2 11 1 18 2 21
2 2 11 1 7 13 102
2 2 11 0 13 8 56
2 2 11 0 2 19 43
2 2 10 22 0 0 168
2 2 10 20 1 1 35
2 2 10 18 2 2 37
2 2 10 16 3 3 110
2 2 10 14 4 4 111
2 2 10 12 5 5 22
2 2 10 11 11 0 94
2 2 10 11 0 11 92
2 2 10 10 6 6 59
2 2 10 9 12 1 119
2 2 10 9 1 12 143
2 2 10 8 7 7 131
2 2 10 7 13 2 58
2 2 10 7 2 13 53
2 2 10 6 8 8 118
2 2 10 5 14 3 42
2 2 10 5 3 14 79
2 2 10 4 9 9 29
2 2 10 3 15 4 95
2 2 10 3 4 15 119
2 2 10 2 10 10 102
2 2 10 1 16 5 167
2 2 10 1 5 16 111
2 2 10 0 22 0 12
2 2 10 0 11 11 26
2 2 10 0 0 22 77
2 2 9 18 0 5 129
2 2 9 17 6 0 70
2 2 9 16 1 6 135
2 2 9 15 7 1 70
2 2 9 14 2 7 114
2 2 9 13 8 2 111
2 2 9 12 3 8 108
2 2 9 11 9 3 80
2 2 9 10 4 9 73
2 2 9 9 10 4 10
2 2 9 8 5 10 129
2 2 9 7 11 5 18
2 2 9 7 0 16 141
2 2 9 6 17 0 56
2 2 9 6 6 11 183
2 2 9 5 12 6 159
2 2 9 5 1 17 60
2 2 9 4 18 1 128
2 2 9 4 7 12 76
2 2 9 3 13 7 143
2 2 9 3 2 18 65
2 2 9 2 19 2 72
2 2 9 2 8 13 109
2 2 9 1 14 8 75
2 2 9 1 3 19 85
2 2 9 0 20 3 127
2 2 9 0 9 14 27
2 2 8 23 1 0 175
2 2 8 21 2 1 7
2 2 8 19 3 2 180
2 2 8 17 4 3 12
2 2 8 15 5 4 102
2 2 8 14 0 10 31
2 2 8 13 6 5 84
2 2 8 12 12 0 184
2 2 8 12 1 11 192
2 2 8 11 7 6 70
2 2 8 10 13 1 50
2 2 8 10 2 12 86
2 2 8 9 8 7 122
2 2 8 8 14 2 139
2 2 8 8 3 13 126
2 2 8 7 9 8 34
2 2 8 6 15 3 74
2 2 8 6 4 14 127
2 2 8 5 10 9 101
2 2 8 4 16 4 167
2 2 8 4 5 15 137
2 2 8 3 11 10 153
2 2 8 3 0 21 15
2 2 8 2 17 5 100
2 2 8 2 6 16 27
2 2 8 1 23 0 171
2 2 8 1 12 11 63
2 2 8 1 1 22 120
2 2 8 0 18 6 25
2 2 8 0 7 17 1
2 2 7 21 0 4 179
2 2 7 19 1 5 79
2 2 7 18 7 0 68
2 2 7 17 2 6 164
2 2 7 16 8 1 126
2 2 7 15 3 7 191
2 2 7 14 9 2 159
2 2 7 13 4 8 113
2 2 7 12 10 3 184
2 2 7 11 5 9 180
2 2 7 10 11 4 14
2 2 7 10 0 15 61
2 2 7 9 6 10 172
2 2 7 8 12 5 139
2 2 7 8 1 16 95
2 2 7 7 18 0 166
2 2 7 7 7 11 174
2 2 7 6 13 6 133
2 2 7 6 2 17 29
2 2 7 5 19 1 98
2 2 7 5 8 12 157
2 2 7 4 14 7 194
2 2 7 4 3 18 158
2 2 7 3 20 2 79
2 2 7 3 9 13 183
2 2 7 2 15 8 67
2 2 7 2 4 19 75
2 2 7 1 21 3 162
2 2 7 1 10 14 66
2 2 7 0 16 9 152
2 2 7 0 5 20 191
2 2 6 24 2 0 51
2 2 6 22 3 1 19
2 2 6 20 4 2 138
2 2 6 18 5 3 5
2 2 6 17 0 9 133
2 2 6 16 6 4 166
2 2 6 15 1 10 92
2 2 6 14 7 5 94
2 2 6 13 13 0 96
2 2 6 13 2 11 184
2 2 6 12 8 6 141
2 2 6 11 14 1 119
2 2 6 11 3 12 37
2 2 6 10 9 7 162
2 2 6 9 15 2 100
2 2 6 9 4 13 67
2 2 6 8 10 8 23
2 2 6 7 16 3 99
2 2 6 7 5 14 144
2 2 6 6 11 9 87
2 2 6 6 0 20 44
2 2 6 5 17 4 96
2 2 6 5 6 15 77
2 2 6 4 12 10 176
2 2 6 4 1 21 97
2 2 6 3 18 5 101
2 2 6 3 7 16 196
2 2 6 2 24 0 61
2 2 6 2 13 11 184
2 2 6 2 2 22 13
2 2 6 1 19 6 73
2 2 6 1 8 17 38
2 2 6 0 25 1 7
2 2 6 0 14 12 133
2 2 6 0 3 23 62
2 2 5 24 0 3 140
2 2 5 22 1 4 29
2 2 5 20 2 5 29
2 2 5 19 8 0 185
2 2 5 18 3 6 11
2 2 5 17 9 1 47
2 2 5 16 4 7 125
2 2 5 15 10 2 107
2 2 5 14 5 8 42
2 2 5 13 11 3 91
2 2 5 13 0 14 113
2 2 5 12 6 9 167
2 2 5 11 12 4 106
2 2 5 11 1 15 143
2 2 5 10 7 10 99
2 2 5 9 13 5 90
2 2 5 9 2 16 85
2 2 5 8 19 0 110
2 2 5 8 8 11 90
2 2 5 7 14 6 147
2 2 5 7 3 17 94
2 2 5 6 20 1 73
2 2 5 6 9 12 116
2 2 5 5 15 7 60
2 2 5 5 4 18 107
2 2 5 4 21 2 180
2 2 5 4 10 13 108
2 2 5 3 16 8 142
2 2 5 3 5 19 132
2 2 5 2 22 3 181
2 2 5 2 11 14 92
2 2 5 2 0 25 22
2 2 5 1 17 9 144
2 2 5 1 6 20 17
2 2 5 0 23 4 190
2 2 5 0 12 15 155
2 2 5 0 1 26 44
2 2 4 25 3 0 102
2 2 4 23 4 1 13
2 2 4 21 5 2 19
2 2 4 20 0 8 73
2 2 4 19 6 3 124
2 2 4 18 1 9 117
2 2 4 17 7 4 92
2 2 4 16 2 10 178
2 2 4 15 8 5 146
2 2 4 14 14 0 109
2 2 4 14 3 11 180
2 2 4 13 9 6 129
2 2 4 12 15 1 192
2 2 4 12 4 12 45
2 2 4 11 10 7 51
2 2 4 10 16 2 196
2 2 4 10 5 13 56
2 2 4 9 11 8 100
2 2 4 9 0 19 22
2 2 4 8 17 3 161
2 2 4 8 6 14 185
2 2 4 7 12 9 26
2 2 4 7 1 20 37
2 2 4 6 18 4 140
2 2 4 6 7 15 134
2 2 4 5 13 10 108
2 2 4 5 2 21 6
2 2 4 4 19 5 66
2 2 4 4 8 16 48
2 2 4 3 25 0 122
2 2 4 3 14 11 143
2 2 4 3 3 22 32
2 2 4 2 20 6 111
2 2 4 2 9 17 154
2 2 4 1 26 1 165
2 2 4 1 15 12 79
2 2 4 1 4 23 118
2 2 4 0 21 7 145
2 2 4 0 10 18 183
2 2 3 27 0 2 171
2 2 3 25 1 3 193
2 2 3 23 2 4 156
2 2 3 21 3 5 147
2 2 3 20 9 0 152
2 2 3 19 4 6 1
2 2 3 18 10 1 100
2 2 3 16 11 2 99
2 2 3 16 0 13 24
2 2 3 15 6 8 132
2 2 3 14 12 3 109
2 2 3 14 1 14 118
2 2 3 13 7 9 187
2 2 3 12 13 4 135
2 2 3 12 2 15 77
2 2 3 11 8 10 129
2 2 3 10 14 5 59
2 2 3 10 3 16 53
2 2 3 9 20 0 145
2 2 3 9 9 11 140
2 2 3 8 15 6 138
2 2 3 8 4 17 42
2 2 3 7 21 1 122
2 2 3 7 10 12 75
2 2 3 6 16 7 70
2 2 3 6 5 18 160
2 2 3 5 22 2 115
2 2 3 5 11 13 127
2 2 3 5 0 24 67
2 2 3 4 17 8 119
2 2 3 4 6 19 182
2 2 3 3 23 3 100
2 2 3 3 12 14 76
2 2 3 3 1 25 195
2 2 3 2 18 9 108
2 2 3 2 7 20 123
2 2 3 1 24 4 7
2 2 3 1 13 15 151
2 2 3 1 2 26 39
2 2 3 0 19 10 146
2 2 3 0 8 21 151
2 2 2 26 4 0 139
2 2 2 24 5 1 113
2 2 2 23 0 7 94
2 2 2 22 6 2 119
2 2 2 21 1 8 159
2 2 2 20 7 3 170
2 2 2 19 2 9 24
2 2 2 18 8 4 7
2 2 2 17 3 10 104
2 2 2 16 9 5 58
2 2 2 15 15 0 112
2 2 2 15 4 11 55
2 2 2 14 10 6 87
2 2 2 13 16 1 177
2 2 2 13 5 12 90
2 2 2 12 11 7 136
2 2 2 12 0 18 96
2 2 2 11 17 2 67
2 2 2 11 6 13 161
2 2 2 10 12 8 76
2 2 2 10 1 19 119
2 2 2 9 18 3 198
2 2 2 9 7 14 39
2 2 2 8 13 9 17
2 2 2 8 2 20 40
2 2 2 7 19 4 79
2 2 2 7 8 15 147
2 2 2 6 14 10 156
2 2 2 6 3 21 186
2 2 2 5 20 5 95
2 2 2 5 9 16 177
2 2 2 4 26 0 76
2 2 2 4 15 11 117
2 2 2 4 4 22 23
2 2 2 3 21 6 12
2 2 2 3 10 17 130
2 2 2 2 27 1 165
2 2 2 2 16 12 105
2 2 2 2 5 23 129
2 2 2 1 22 7 168
2 2 2 1 11 18 96
2 2 2 1 0 29 161
2 2 2 0 28 2 14
2 2 2 0 17 13 113
2 2 2 0 6 24 114
2 2 1 30 0 1 43
2 2 1 28 1 2 76
2 2 1 26 2 3 136
2 2 1 24 3 4 85
2 2 1 22 4 5 115
2 2 1 21 10 0 133
2 2 1 20 5 6 13
2 2 1 19 11 1 156
2 2 1 19 0 12 114
2 2 1 18 6 7 118
2 2 1 17 12 2 127
2 2 1 17 1 13 10
2 2 1 16 7 8 189
2 2 1 15 13 3 139
2 2 1 15 2 14 196
2 2 1 14 8 9 108
2 2 1 13 14 4 192
2 2 1 13 3 15 44
2 2 1 12 9 10 110
2 2 1 11 15 5 95
2 2 1 11 4 16 95
2 2 1 10 21 0 74
2 2 1 10 10 11 46
2 2 1 9 16 6 160
2 2 1 9 5 17 6
2 2 1 8 22 1 83
2 2 1 8 11 12 186
2 2 1 8 0 23 192
2 2 1 7 17 7 189
2 2 1 7 6 18 110
2 2 1 6 23 2 96
2 2 1 6 12 13 38
2 2 1 6 1 24 70
2 2 1 5 18 8 116
2 2 1 5 7 19 46
2 2 1 4 24 3 85
2 2 1 4 13 14 80
2 2 1 4 2 25 42
2 2 1 3 19 9 130
2 2 1 3 8 20 1
2 2 1 2 25 4 133
2 2 1 2 14 15 106
2 2 1 2 3 26 23
2 2 1 1 20 10 98
2 2 1 1 9 21 7
2 2 1 0 26 5 5
2 2 1 0 15 16 145
2 2 1 0 4 27 36
2 2 0 27 5 0 165
2 2 0 26 0 6 188
2 2 0 25 6 1 147
2 2 0 24 1 7 179
2 2 0 23 7 2 124
2 2 0 22 2 8 157
2 2 0 21 8 3 169
2 2 0 20 3 9 183
2 2 0 19 9 4 174
2 2 0 17 10 5 112
2 2 0 16 16 0 88
2 2 0 16 5 11 106
2 2 0 15 11 6 15
2 2 0 15 0 17 39
2 2 0 14 17 1 186
2 2 0 14 6 12 150
2 2 0 13 12 7 172
2 2 0 13 1 18 115
2 2 0 12 18 2 197
2 2 0 12 7 13 194
2 2 0 11 13 8 25
2 2 0 11 2 19 110
2 2 0 10 19 3 63
2 2 0 10 8 14 38
2 2 0 9 14 9 164
2 2 0 9 3 20 152
2 2 0 8 20 4 44
2 2 0 8 9 15 189
2 2 0 7 15 10 179
2 2 0 7 4 21 140
2 2 0 6 21 5 63
2 2 0 6 10 16 52
2 2 0 5 27 0 103
2 2 0 5 16 11 101
2 2 0 5 5 22 99
2 2 0 4 22 6 98
2 2 0 4 11 17 35
2 2 0 4 0 28 127
2 2 0 3 28 1 26
2 2 0 3 17 12 106
2 2 0 3 6 23 121
2 2 0 2 23 7 100
2 2 0 2 12 18 146
2 2 0 2 1 29 150
2 2 0 1 29 2 113
2 2 0 1 18 13 54
2 2 0 1 7 24 58
2 2 0 0 24 8 163
2 2 0 0 13 19 45
2 2 0 0 2 30 175
2 1 31 0 0 2 72
2 1 29 3 0 1 33
2 1 29 1 1 2 90
2 1 28 0 5 0 28
2 1 27 6 0 0 62
2 1 27 4 1 1 197
2 1 27 2 2 2 30
2 1 27 0 3 3 68
2 1 26 2 0 5 165
2 1 26 1 6 0 20
2 1 26 0 1 6 128
2 1 25 7 1 0 122
2 1 25 5 2 1 147
2 1 25 3 3 2 151
2 1 25 1 4 3 162
2 1 24 5 0 4 133
2 1 24 3 1 5 198
2 1 24 2 7 0 150
2 1 24 1 2 6 75
2 1 24 0 8 1 16
2 1 23 8 2 0 161
2 1 23 6 3 1 102
2 1 23 4 4 2 9
2 1 23 2 5 3 21
2 1 23 1 0 9 124
2 1 23 0 6 4 145
2 1 22 8 0 3 58
2 1 22 6 1 4 183
2 1 22 4 2 5 55
2 1 22 3 8 0 140
2 1 22 2 3 6 106
2 1 22 1 9 1 37
2 1 22 0 4 7 123
2 1 21 9 3 0 85
2 1 21 7 4 1 51
2 1 21 5 5 2 8
2 1 21 4 0 8 184
2 1 21 3 6 3 188
2 1 21 2 1 9 167
2 1 21 1 7 4 87
2 1 21 0 2 10 184
2 1 20 11 0 2 74
2 1 20 9 1 3 18
2 1 20 7 2 4 10
2 1 20 5 3 5 127
2 1 20 4 9 0 21
2 1 20 3 4 6 2
2 1 20 2 10 1 81
2 1 20 1 5 7 23
2 1 20 0 11 2 23
2 1 20 0 0 13 14
2 1 19 10 4 0 79
2 1 19 8 5 1 198
2 1 19 7 0 7 59
2 1 19 6 6 2 127
2 1 19 5 1 8 64
2 1 19 4 7 3 17
2 1 19 3 2 9 158
2 1 19 2 8 4 147
2 1 19 1 3 10 109
2 1 19 0 9 5 23
2 1 18 14 0 1 25
2 1 18 12 1 2 111
2 1 18 10 2 3 77
2 1 18 8 3 4 70
2 1 18 6 4 5 118
2 1 18 5 10 0 132
2 1 18 4 5 6 5
2 1 18 3 11 1 173
2 1 18 3 0 12 64
2 1 18 2 6 7 120
2 1 18 1 12 2 73
2 1 18 1 1 13 176
2 1 18 0 7 8 54
2 1 17 11 5 0 86
2 1 17 10 0 6 148
2 1 17 9 6 1 126
2 1 17 8 1 7 45
2 1 17 7 7 2 60
2 1 17 6 2 8 103
2 1 17 5 8 3 166
2 1 17 4 3 9 147
2 1 17 3 9 4 130
2 1 17 2 4 10 107
2 1 17 1 10 5 73
2 1 17 0 16 0 172
2 1 17 0 5 11 163
2 1 16 17 0 0 67
2 1 16 15 1 1 82
2 1 16 13 2 2 54
2 1 16 11 3 3 65
2 1 16 9 4 4 145
2 1 16 7 5 5 71
2 1 16 6 11 0 157
2 1 16 6 0 11 190
2 1 16 5 6 6 25
2 1 16 4 12 1 173
2 1 16 4 1 12 46
2 1 16 3 7 7 68
2 1 16 2 13 2 196
2 1 16 2 2 13 147
2 1 16 1 8 8 175
2 1 16 0 14 3 5
2 1 16 0 3 14 69
2 1 15 13 0 5 29
2 1 15 12 6 0 40
2 1 15 11 1 6 189
2 1 15 10 7 1 64
2 1 15 9 2 7 9
2 1 15 8 8 2 167
2 1 15 7 3 8 100
2 1 15 6 9 3 53
2 1 15 5 4 9 187
2 1 15 4 10 4 169
2 1 15 3 5 10 46
2 1 15 2 11 5 94
2 1 15 2 0 16 145
2 1 15 1 17 0 108
2 1 15 1 6 11 100
2 1 15 0 12 6 158
2 1 15 0 1 17 127
2 1 14 18 1 0 180
2 1 14 16 2 1 168
2 1 14 14 3 2 172
2 1 14 12 4 3 182
2 1 14 10 5 4 150
2 1 14 9 0 10 188
2 1 14 8 6 5 33
2 1 14 7 12 0 9
2 1 14 7 1 11 46
2 1 14 6 7 6 147
2 1 14 5 13 1 90
2 1 14 5 2 12 158
2 1 14 4 8 7 154
2 1 14 3 14 2 13
2 1 14 3 3 13 87
2 1 14 2 9 8 156
2 1 14 1 15 3 130
2 1 14 1 4 14 152
2 1 14 0 10 9 112
2 1 13 16 0 4 84
2 1 13 14 1 5 76
2 1 13 13 7 0 145
2 1 13 12 2 6 112
2 1 13 11 8 1 24
2 1 13 10 3 7 39
2 1 13 9 9 2 193
2 1 13 8 4 8 20
2 1 13 7 10 3 128
2 1 13 6 5 9 186
2 1 13 5 11 4 131
2 1 13 5 0 15 82
2 1 13 4 6 10 89
2 1 13 3 12 5 2
2 1 13 3 1 16 170
2 1 13 2 18 0 37
2 1 13 2 7 11 165
2 1 13 1 13 6 189
2 1 13 1 2 17 176
2 1 13 0 19 1 48
2 1 13 0 8 12 148
2 1 12 19 2 0 39
2 1 12 17 3 1 94
2 1 12 15 4 2 6
2 1 12 13 5 3 182
2 1 12 12 0 9 13
2 1 12 11 6 4 28
2 1 12 10 1 10 74
2 1 12 9 7 5 180
2 1 12 8 13 0 168
2 1 12 8 2 11 122
2 1 12 7 8 6 26
2 1 12 6 14 1 113
2 1 12 6 3 12 143
2 1 12 5 9 7 53
2 1 12 4 15 2 139
2 1 12 4 4 13 15
2 1 12 3 10 8 178
2 1 12 2 16 3 85
2 1 12 2 5 14 142
2 1 12 1 11 9 60
2 1 12 1 0 20 54
2 1 12 0 17 4 129
2 1 12 0 6 15 50
2 1 11 19 0 3 147
2 1 11 17 1 4 165
2 1 11 15 2 5 198
2 1 11 14 8 0 164
2 1 11 13 3 6 194
2 1 11 12 9 1 163
2 1 11 11 4 7 76
2 1 11 10 10 2 106
2 1 11 9 5 8 76
2 1 11 8 11 3 82
2 1 11 8 0 14 114
2 1 11 7 6 9 18
2 1 11 6 12 4 114
2 1 11 6 1 15 55
2 1 11 5 7 10 43
2 1 11 4 13 5 95
2 1 11 4 2 16 189
2 1 11 3 19 0 180
2 1 11 3 8 11 79
2 1 11 2 14 6 43
2 1 11 2 3 17 29
2 1 11 1 20 1 15
2 1 11 1 9 12 17
2 1 11 0 15 7 83
2 1 11 0 4 18 80
2 1 10 20 3 0 45
2 1 10 18 4 1 112
2 1 10 16 5 2 65
2 1 10 15 0 8 132
2 1 10 14 6 3 65
2 1 10 13 1 9 167
2 1 10 12 7 4 82
2 1 10 11 2 10 102
2 1 10 10 8 5 55
2 1 10 9 14 0 23
2 1 10 9 3 11 167
2 1 10 8 9 6 145
2 1 10 7 15 1 137
2 1 10 7 4 12 146
2 1 10 6 10 7 112
2 1 10 5 16 2 154
2 1 10 5 5 13 99
2 1 10 4 11 8 109
2 1 10 4 0 19 35
2 1 10 3 17 3 2
2 1 10 3 6 14 9
2 1 10 2 12 9 85
2 1 10 2 1 20 70
2 1 10 1 18 4 47
2 1 10 1 7 15 58
2 1 10 0 13 10 43
2 1 10 0 2 21 18
2 1 9 22 0 2 62
2 1 9 20 1 3 187
2 1 9 18 2 4 29
2 1 9 16 3 5 102
2 1 9 15 9 0 181
2 1 9 14 4 6 42
2 1 9 13 10 1 42
2 1 9 12 5 7 31
2 1 9 11 11 2 124
2 1 9 11 0 13 142
2 1 9 10 6 8 106
2 1 9 9 12 3 150
2 1 9 9 1 14 10
2 1 9 8 7 9 184
2 1 9 7 13 4 170
2 1 9 7 2 15 23
2 1 9 6 8 10 41
2 1 9 5 14 5 152
2 1 9 5 3 16 120
2 1 9 4 20 0 57
2 1 9 4 9 11 100
2 1 9 3 15 6 56
2 1 9 3 4 17 64
2 1 9 2 21 1 164
2 1 9 2 10 12 111
2 1 9 1 16 7 14
2 1 9 1 5 18 28
2 1 9 0 22 2 177
2 1 9 0 11 13 123
2 1 9 0 0 24 83
2 1 8 21 4 0 57
2 1 8 19 5 1 47
2 1 8 18 0 7 29
2 1 8 17 6 2 49
2 1 8 16 1 8 91
2 1 8 15 7 3 121
2 1 8 14 2 9 89
2 1 8 13 8 4 88
2 1 8 12 3 10 96
2 1 8 11 9 5 13
2 1 8 10 15 0 22
2 1 8 10 4 11 36
2 1 8 9 10 6 94
2 1 8 8 16 1 33
2 1 8 8 5 12 34
2 1 8 7 11 7 144
2 1 8 7 0 18 181
2 1 8 6 17 2 181
2 1 8 6 6 13 126
2 1 8 5 12 8 63
2 1 8 5 1 19 15
2 1 8 4 18 3 53
2 1 8 4 7 14 20
2 1 8 3 13 9 171
2 1 8 3 2 20 86
2 1 8 2 19 4 60
2 1 8 2 8 15 184
2 1 8 1 14 10 42
2 1 8 1 3 21 133
2 1 8 0 20 5 51
2 1 8 0 9 16 74
2 1 7 25 0 1 61
2 1 7 23 1 2 117
2 1 7 21 2 3 185
2 1 7 19 3 4 94
2 1 7 17 4 5 74
2 1 7 16 10 0 152
2 1 7 15 5 6 146
2 1 7 14 11 1 193
2 1 7 14 0 12 75
2 1 7 13 6 7 79
2 1 7 12 12 2 119
2 1 7 12 1 13 160
2 1 7 11 7 8 127
2 1 7 10 13 3 20
2 1 7 10 2 14 25
2 1 7 9 8 9 130
2 1 7 8 14 4 3
2 1 7 8 3 15 152
2 1 7 7 9 10 82
2 1 7 6 15 5 166
2 1 7 6 4 16 91
2 1 7 5 21 0 56
2 1 7 5 10 11 117
2 1 7 4 16 6 60
2 1 7 4 5 17 71
2 1 7 3 22 1 174
2 1 7 3 11 12 118
2 1 7 3 0 23 47
2 1 7 2 17 7 40
2 1 7 2 6 18 16
2 1 7 1 23 2 145
2 1 7 1 12 13 64
2 1 7 1 1 24 104
2 1 7 0 18 8 132
2 1 7 0 7 19 144
2 1 6 22 5 0 112
2 1 6 21 0 6 97
2 1 6 20 6 1 36
2 1 6 19 1 7 41
2 1 6 18 7 2 64
2 1 6 17 2 8 70
2 1 6 16 8 3 84
2 1 6 15 3 9 24
2 1 6 14 9 4 177
2 1 6 13 4 10 186
2 1 6 12 10 5 127
2 1 6 11 16 0 182
2 1 6 11 5 11 73
2 1 6 10 11 6 113
2 1 6 10 0 17 131
2 1 6 9 17 1 3
2 1 6 9 6 12 64
2 1 6 8 12 7 103
2 1 6 8 1 18 44
2 1 6 7 18 2 23
2 1 6 7 7 13 113
2 1 6 6 13 8 124
2 1 6 6 2 19 53
2 1 6 5 19 3 95
2 1 6 5 8 14 153
2 1 6 4 14 9 164
2 1 6 4 3 20 114
2 1 6 3 20 4 103
2 1 6 3 9 15 87
2 1 6 2 15 10 36
2 1 6 2 4 21 193
2 1 6 1 21 5 150
2 1 6 1 10 16 35
2 1 6 0 27 0 173
2 1 6 0 16 11 100
2 1 6 0 5 22 1
2 1 5 28 0 0 102
2 1 5 26 1 1 95
2 1 5 24 2 2 24
2 1 5 22 3 3 21
2 1 5 20 4 4 197
2 1 5 18 5 5 113
2 1 5 17 11 0 113
2 1 5 17 0 11 76
2 1 5 16 6 6 43
2 1 5 15 12 1 93
2 1 5 15 1 12 179
2 1 5 14 7 7 8
2 1 5 13 13 2 94
2 1 5 13 2 13 126
2 1 5 12 8 8 70
2 1 5 11 14 3 20
2 1 5 11 3 14 113
2 1 5 10 9 9 150
2 1 5 9 15 4 40
2 1 5 9 4 15 102
2 1 5 8 10 10 149
2 1 5 7 16 5 43
2 1 5 7 5 16 77
2 1 5 6 22 0 169
2 1 5 6 11 11 6
2 1 5 6 0 22 1
2 1 5 5 17 6 12
2 1 5 5 6 17 177
2 1 5 4 23 1 114
2 1 5 4 12 12 7
2 1 5 4 1 23 35
2 1 5 3 18 7 162
2 1 5 3 7 18 112
2 1 5 2 24 2 189
2 1 5 2 13 13 17
2 1 5 2 2 24 90
2 1 5 1 19 8 50
2 1 5 1 8 19 149
2 1 5 0 25 3 90
2 1 5 0 14 14 121
2 1 5 0 3 25 59
2 1 4 24 0 5 143
2 1 4 23 6 0 161
2 1 4 22 1 6 91
2 1 4 21 7 1 7
2 1 4 20 2 7 154
2 1 4 19 8 2 186
2 1 4 18 3 8 130
2 1 4 17 9 3 46
2 1 4 16 4 9 23
2 1 4 15 10 4 189
2 1 4 14 5 10 75
2 1 4 13 11 5 49
2 1 4 13 0 16 18
2 1 4 12 17 0 103
2 1 4 12 6 11 70
2 1 4 11 12 6 62
2 1 4 11 1 17 43
2 1 4 10 18 1 124
2 1 4 10 7 12 179
2 1 4 9 13 7 87
2 1 4 9 2 18 130
2 1 4 8 19 2 132
2 1 4 8 8 13 136
2 1 4 7 14 8 64
2 1 4 7 3 19 172
2 1 4 6 20 3 60
2 1 4 6 9 14 51
2 1 4 5 15 9 30
2 1 4 5 4 20 77
2 1 4 4 21 4 109
2 1 4 4 10 15 11
2 1 4 3 16 10 49
2 1 4 3 5 21 27
2 1 4 2 22 5 185
2 1 4 2 11 16 163
2 1 4 2 0 27 176
2 1 4 1 28 0 143
2 1 4 1 17 11 188
2 1 4 1 6 22 47
2 1 4 0 23 6 97
2 1 4 0 12 17 175
2 1 4 0 1 28 87
2 1 3 29 1 0 149
2 1 3 27 2 1 114
2 1 3 25 3 2 196
2 1 3 23 4 3 141
2 1 3 21 5 4 144
2 1 3 20 0 10 142
2 1 3 19 6 5 43
2 1 3 18 12 0 3
2 1 3 18 1 11 4
2 1 3 17 7 6 70
2 1 3 16 13 1 163
2 1 3 16 2 12 173
2 1 3 15 8 7 153
2 1 3 14 14 2 59
2 1 3 14 3 13 112
2 1 3 13 9 8 183
2 1 3 12 15 3 29
2 1 3 12 4 14 20
2 1 3 11 10 9 146
2 1 3 10 16 4 83
2 1 3 10 5 15 6
2 1 3 9 11 10 8
2 1 3 9 0 21 55
2 1 3 8 17 5 80
2 1 3 8 6 16 92
2 1 3 7 23 0 108
2 1 3 7 12 11 186
2 1 3 7 1 22 152
2 1 3 6 18 6 165
2 1 3 6 7 17 52
2 1 3 5 24 1 19
2 1 3 5 13 12 39
2 1 3 5 2 23 71
2 1 3 4 19 7 124
2 1 3 4 8 18 65
2 1 3 3 25 2 168
2 1 3 3 14 13 134
2 1 3 3 3 24 147
2 1 3 2 20 8 143
2 1 3 2 9 19 99
2 1 3 1 26 3 14
2 1 3 1 15 14 150
2 1 3 1 4 25 115
2 1 3 0 21 9 180
2 1 3 0 10 20 87
2 1 2 27 0 4 79
2 1 2 25 1 5 62
2 1 2 24 7 0 115
2 1 2 23 2 6 123
2 1 2 22 8 1 88
2 1 2 21 3 7 106
2 1 2 20 9 2 86
2 1 2 19 4 8 20
2 1 2 18 10 3 79
2 1 2 17 5 9 60
2 1 2 16 11 4 66
2 1 2 16 0 15 42
2 1 2 15 6 10 48
2 1 2 14 12 5 154
2 1 2 14 1 16 84
2 1 2 13 18 0 126
2 1 2 13 7 11 60
2 1 2 12 13 6 45
2 1 2 12 2 17 45
2 1 2 11 19 1 143
2 1 2 11 8 12 34
2 1 2 10 14 7 3
2 1 2 10 3 18 152
2 1 2 9 20 2 155
2 1 2 9 9 13 147
2 1 2 8 15 8 176
2 1 2 8 4 19 145
2 1 2 7 21 3 188
2 1 2 7 10 14 85
2 1 2 6 16 9 43
2 1 2 6 5 20 190
2 1 2 5 22 4 36
2 1 2 5 11 15 82
2 1 2 5 0 26 72
2 1 2 4 17 10 76
2 1 2 4 6 21 3
2 1 2 3 23 5 112
2 1 2 3 12 16 186
2 1 2 3 1 27 3
2 1 2 2 29 0 142
2 1 2 2 18 11 89
2 1 2 2 7 22 187
2 1 2 1 24 6 80
2 1 2 1 13 17 185
2 1 2 1 2 28 188
2 1 2 0 30 1 184
2 1 2 0 19 12 67
2 1 2 0 8 23 44
2 1 1 30 2 0 28
2 1 1 28 3 1 58
2 1 1 26 4 2 120
2 1 1 24 5 3 117
2 1 1 23 0 9 143
2 1 1 22 6 4 118
2 1 1 21 1 10 160
2 1 1 20 7 5 51
2 1 1 19 13 0 177
2 1 1 19 2 11 168
2 1 1 18 8 6 10
2 1 1 17 14 1 190
2 1 1 17 3 12 2
2 1 1 16 9 7 179
2 1 1 15 15 2 41
2 1 1 15 4 13 8
2 1 1 14 10 8 92
2 1 1 13 16 3 31
2 1 1 13 5 14 61
2 1 1 12 11 9 22
2 1 1 12 0 20 41
2 1 1 11 17 4 192
2 1 1 11 6 15 196
2 1 1 10 12 10 184
2 1 1 10 1 21 94
2 1 1 9 18 5 77
2 1 1 9 7 16 192
2 1 1 8 24 0 133
2 1 1 8 13 11 172
2 1 1 8 2 22 52
2 1 1 7 19 6 163
2 1 1 7 8 17 74
2 1 1 6 25 1 37
2 1 1 6 14 12 5
2 1 1 6 3 23 55
2 1 1 5 20 7 88
2 1 1 5 9 18 62
2 1 1 4 26 2 197
2 1 1 4 15 13 26
2 1 1 4 4 24 23
2 1 1 3 21 8 180
2 1 1 3 10 19 194
2 1 1 2 27 3 24
2 1 1 2 16 14 35
2 1 1 2 5 25 174
2 1 1 1 22 9 24
2 1 1 1 11 20 8
2 1 1 1 0 31 110
2 1 1 0 28 4 137
2 1 1 0 17 15 48
2 1 1 0 6 26 158
2 1 0 30 0 3 98
2 1 0 28 1 4 126
2 1 0 26 2 5 73
2 1 0 25 8 0 53
2 1 0 24 3 6 29
2 1 0 23 9 1 70
2 1 0 22 4 7 154
2 1 0 21 10 2 196
2 1 0 20 5 8 119
2 1 0 19 11 3 135
2 1 0 19 0 14 110
2 1 0 18 6 9 115
2 1 0 17 12 4 109
2 1 0 17 1 15 190
2 1 0 16 7 10 194
2 1 0 15 13 5 64
2 1 0 15 2 16 124
2 1 0 14 19 0 195
2 1 0 14 8 11 66
2 1 0 13 14 6 133
2 1 0 13 3 17 174
2 1 0 12 20 1 194
2 1 0 12 9 12 113
2 1 0 11 4 18 57
2 1 0 10 21 2 103
2 1 0 10 10 13 1
2 1 0 9 16 8 59
2 1 0 9 5 19 107
2 1 0 8 22 3 84
2 1 0 8 11 14 194
2 1 0 8 0 25 16
2 1 0 7 17 9 139
2 1 0 7 6 20 72
2 1 0 6 23 4 104
2 1 0 6 12 15 191
2 1 0 6 1 26 178
2 1 0 5 18 10 124
2 1 0 5 7 21 67
2 1 0 4 24 5 98
2 1 0 4 13 16 21
2 1 0 4 2 27 103
2 1 0 3 30 0 88
2 1 0 3 19 11 65
2 1 0 3 8 22 129
2 1 0 2 25 6 181
2 1 0 2 14 17 75
2 1 0 2 3 28 35
2 1 0 1 31 1 100
2 1 0 1 20 12 110
2 1 0 1 9 23 129
2 1 0 0 26 7 195
2 1 0 0 15 18 35
2 1 0 0 4 29 122
2 0 31 2 1 0 150
2 0 31 0 2 1 64
2 0 30 0 0 4 177
2 0 29 3 2 0 106
2 0 29 1 3 1 21
2 0 28 3 0 3 1
2 0 28 1 1 4 141
2 0 27 4 3 0 87
2 0 27 2 4 1 152
2 0 27 0 5 2 76
2 0 26 6 0 2 172
2 0 26 4 1 3 80
2 0 26 2 2 4 33
2 0 26 0 3 5 136
2 0 25 5 4 0 20
2 0 25 3 5 1 141
2 0 25 2 0 7 159
2 0 25 1 6 2 78
2 0 25 0 1 8 121
2 0 24 9 0 1 90
2 0 24 7 1 2 58
2 0 24 5 2 3 75
2 0 24 3 3 4 99
2 0 24 1 4 5 1
2 0 24 0 10 0 171
2 0 23 6 5 0 161
2 0 23 5 0 6 57
2 0 23 4 6 1 160
2 0 23 3 1 7 167
2 0 23 2 7 2 71
2 0 23 1 2 8 79
2 0 23 0 8 3 108
2 0 22 12 0 0 66
2 0 22 10 1 1 64
2 0 22 8 2 2 17
2 0 22 6 3 3 48
2 0 22 4 4 4 21
2 0 22 2 5 5 145
2 0 22 1 11 0 136
2 0 22 1 0 11 66
2 0 22 0 6 6 174
2 0 21 8 0 5 164
2 0 21 7 6 0 131
2 0 21 6 1 6 74
2 0 21 5 7 1 51
2 0 21 4 2 7 120
2 0 21 3 8 2 3
2 0 21 2 3 8 156
2 0 21 1 9 3 4
2 0 21 0 4 9 163
2 0 20 13 1 0 166
2 0 20 11 2 1 71
2 0 20 9 3 2 71
2 0 20 7 4 3 109
2 0 20 5 5 4 54
2 0 20 4 0 10 54
2 0 20 3 6 5 165
2 0 20 2 12 0 28
2 0 20 2 1 11 4
2 0 20 1 7 6 145
2 0 20 0 13 1 60
2 0 20 0 2 12 177
2 0 19 11 0 4 161
2 0 19 9 1 5 91
2 0 19 8 7 0 65
2 0 19 7 2 6 8
2 0 19 6 8 1 177
2 0 19 5 3 7 58
2 0 19 4 9 2 148
2 0 19 3 4 8 152
2 0 19 2 10 3 85
2 0 19 1 5 9 36
2 0 19 0 11 4 1
2 0 19 0 0 15 91
2 0 18 14 2 0 5
2 0 18 12 3 1 55
2 0 18 10 4 2 140
2 0 18 8 5 3 140
2 0 18 7 0 9 151
2 0 18 6 6 4 118
2 0 18 5 1 10 115
2 0 18 4 7 5 49
2 0 18 3 13 0 122
2 0 18 3 2 11 46
2 0 18 2 8 6 110
2 0 18 1 14 1 187
2 0 18 1 3 12 115
2 0 18 0 9 7 100
2 0 17 14 0 3 67
2 0 17 12 1 4 156
2 0 17 10 2 5 119
2 0 17 9 8 0 105
2 0 17 8 3 6 155
2 0 17 7 9 1 172
2 0 17 6 4 7 146
2 0 17 5 10 2 81
2 0 17 4 5 8 108
2 0 17 3 11 3 66
2 0 17 3 0 14 4
2 0 17 2 6 9 135
2 0 17 1 12 4 97
2 0 17 1 1 15 110
2 0 17 0 7 10 121
2 0 16 15 3 0 12
2 0 16 13 4 1 74
2 0 16 11 5 2 30
2 0 16 10 0 8 38
2 0 16 9 6 3 134
2 0 16 8 1 9 152
2 0 16 7 7 4 168
2 0 16 6 2 10 103
2 0 16 5 8 5 37
2 0 16 4 14 0 182
2 0 16 4 3 11 147
2 0 16 3 9 6 126
2 0 16 2 15 1 6
2 0 16 2 4 12 144
2 0 16 1 10 7 74
2 0 16 0 16 2 177
2 0 16 0 5 13 67
2 0 15 17 0 2 78
2 0 15 15 1 3 46
2 0 15 13 2 4 186
2 0 15 11 3 5 33
2 0 15 10 9 0 132
2 0 15 9 4 6 43
2 0 15 8 10 1 27
2 0 15 7 5 7 111
2 0 15 6 11 2 95
2 0 15 6 0 13 181
2 0 15 5 6 8 53
2 0 15 4 12 3 109
2 0 15 4 1 14 34
2 0 15 2 13 4 72
2 0 15 2 2 15 67
2 0 15 1 8 10 51
2 0 15 0 14 5 91
2 0 15 0 3 16 1
2 0 14 16 4 0 27
2 0 14 14 5 1 58
2 0 14 13 0 7 115
2 0 14 12 6 2 185
2 0 14 11 1 8 31
2 0 14 10 7 3 83
2 0 14 9 2 9 160
2 0 14 8 8 4 2
2 0 14 7 3 10 111
2 0 14 6 9 5 42
2 0 14 5 15 0 188
2 0 14 5 4 11 171
2 0 14 4 10 6 178
2 0 14 3 16 1 107
2 0 14 3 5 12 68
2 0 14 2 11 7 183
2 0 14 2 0 18 84
2 0 14 1 17 2 154
2 0 14 1 6 13 48
2 0 14 0 12 8 44
2 0 14 0 1 19 142
2 0 13 20 0 1 21
2 0 13 18 1 2 148
2 0 13 16 2 3 82
2 0 13 14 3 4 193
2 0 13 12 4 5 17
2 0 13 11 10 0 112
2 0 13 10 5 6 28
2 0 13 9 11 1 64
2 0 13 9 0 12 186
2 0 13 8 6 7 156
2 0 13 7 12 2 37
2 0 13 7 1 13 137
2 0 13 6 7 8 61
2 0 13 5 13 3 13
2 0 13 5 2 14 35
2 0 13 4 8 9 82
2 0 13 3 14 4 105
2 0 13 3 3 15 53
2 0 13 2 9 10 70
2 0 13 1 15 5 39
2 0 13 1 4 16 38
2 0 13 0 21 0 65
2 0 13 0 10 11 58
2 0 12 17 5 0 188
2 0 12 16 0 6 166
2 0 12 15 6 1 1
2 0 12 14 1 7 163
2 0 12 13 7 2 63
2 0 12 12 2 8 196
2 0 12 11 8 3 120
2 0 12 10 3 9 182
2 0 12 9 9 4 37
2 0 12 8 4 10 17
2 0 12 7 10 5 81
2 0 12 6 16 0 44
2 0 12 6 5 11 83
2 0 12 5 11 6 172
2 0 12 5 0 17 41
2 0 12 4 17 1 172
2 0 12 4 6 12 62
2 0 12 3 12 7 20
2 0 12 3 1 18 147
2 0 12 2 18 2 140
2 0 12 2 7 13 44
2 0 12 1 13 8 94
2 0 12 1 2 19 197
2 0 12 0 19 3 17
2 0 12 0 8 14 38
2 0 11 23 0 0 69
2 0 11 21 1 1 114
2 0 11 19 2 2 114
2 0 11 17 3 3 87
2 0 11 15 4 4 118
2 0 11 13 5 5 31
2 0 11 12 11 0 104
2 0 11 12 0 11 186
2 0 11 11 6 6 125
2 0 11 10 12 1 124
2 0 11 10 1 12 93
2 0 11 9 7 7 79
2 0 11 8 13 2 119
2 0 11 8 2 13 27
2 0 11 7 8 8 80
2 0 11 6 14 3 33
2 0 11 6 3 14 35
2 0 11 5 9 9 192
2 0 11 4 15 4 79
2 0 11 4 4 15 120
2 0 11 3 10 10 159
2 0 11 2 16 5 10
2 0 11 2 5 16 101
2 0 11 1 22 0 198
2 0 11 1 11 11 136
2 0 11 1 0 22 12
2 0 11 0 17 6 46
2 0 11 0 6 17 12
2 0 10 19 0 5 28
2 0 10 18 6 0 23
2 0 10 17 1 6 108
2 0 10 16 7 1 156
2 0 10 15 2 7 5
2 0 10 14 8 2 196
2 0 10 13 3 8 1
2 0 10 12 9 3 160
2 0 10 11 4 9 84
2 0 10 10 10 4 192
2 0 10 9 5 10 120
2 0 10 8 11 5 68
2 0 10 8 0 16 18
2 0 10 7 17 0 17
2 0 10 7 6 11 141
2 0 10 6 12 6 25
2 0 10 6 1 17 83
2 0 10 5 18 1 102
2 0 10 5 7 12 58
2 0 10 4 13 7 163
2 0 10 4 2 18 74
2 0 10 3 19 2 168
2 0 10 3 8 13 23
2 0 10 2 14 8 129
2 0 10 2 3 19 182
2 0 10 1 20 3 161
2 0 10 1 9 14 1
2 0 10 0 15 9 13
2 0 10 0 4 20 103
2 0 9 24 1 0 190
2 0 9 22 2 1 55
2 0 9 20 3 2 89
2 0 9 18 4 3 24
2 0 9 16 5 4 105
2 0 9 15 0 10 134
2 0 9 14 6 5 58
2 0 9 13 12 0 153
2 0 9 13 1 11 93
2 0 9 12 7 6 99
2 0 9 11 13 1 48
2 0 9 11 2 12 49
2 0 9 10 8 7 112
2 0 9 9 14 2 96
2 0 9 9 3 13 156
2 0 9 8 9 8 131
2 0 9 7 15 3 156
2 0 9 7 4 14 22
2 0 9 6 10 9 47
2 0 9 5 16 4 65
2 0 9 5 5 15 134
2 0 9 4 11 10 154
2 0 9 4 0 21 50
2 0 9 3 17 5 119
2 0 9 3 6 16 80
2 0 9 2 23 0 37
2 0 9 2 12 11 105
2 0 9 2 1 22 174
2 0 9 1 18 6 2
2 0 9 1 7 17 166
2 0 9 0 24 1 7
2 0 9 0 13 12 121
2 0 9 0 2 23 63
2 0 8 22 0 4 52
2 0 8 20 1 5 155
2 0 8 19 7 0 172
2 0 8 18 2 6 27
2 0 8 17 8 1 45
2 0 8 16 3 7 20
2 0 8 14 4 8 5
2 0 8 13 10 3 148
2 0 8 12 5 9 77
2 0 8 11 11 4 100
2 0 8 11 0 15 145
2 0 8 10 6 10 99
2 0 8 9 12 5 1
2 0 8 9 1 16 38
2 0 8 8 18 0 150
2 0 8 8 7 11 88
2 0 8 7 13 6 196
2 0 8 7 2 17 46
2 0 8 6 19 1 68
2 0 8 6 8 12 83
2 0 8 5 14 7 26
2 0 8 5 3 18 20
2 0 8 4 20 2 105
2 0 8 4 9 13 86
2 0 8 3 15 8 190
2 0 8 3 4 19 173
2 0 8 2 21 3 183
2 0 8 2 10 14 161
2 0 8 1 16 9 159
2 0 8 1 5 20 186
2 0 8 0 22 4 197
2 0 8 0 11 15 123
2 0 8 0 0 26 143
2 0 7 25 2 0 105
2 0 7 23 3 1 198
2 0 7 21 4 2 188
2 0 7 19 5 3 43
2 0 7 18 0 9 30
2 0 7 17 6 4 63
2 0 7 16 1 10 197
2 0 7 15 7 5 47
2 0 7 14 13 0 86
2 0 7 14 2 11 37
2 0 7 13 8 6 57
2 0 7 12 14 1 126
2 0 7 12 3 12 4
2 0 7 11 9 7 51
2 0 7 10 15 2 24
2 0 7 10 4 13 98
2 0 7 9 10 8 105
2 0 7 8 16 3 145
2 0 7 8 5 14 3
2 0 7 7 11 9 143
2 0 7 7 0 20 135
2 0 7 6 17 4 21
2 0 7 6 6 15 87
2 0 7 5 12 10 102
2 0 7 5 1 21 184
2 0 7 4 18 5 187
2 0 7 4 7 16 181
2 0 7 3 24 0 167
2 0 7 3 13 11 43
2 0 7 3 2 22 60
2 0 7 2 19 6 36
2 0 7 2 8 17 36
2 0 7 1 25 1 121
2 0 7 1 14 12 60
2 0 7 1 3 23 87
2 0 7 0 20 7 137
2 0 7 0 9 18 113
2 0 6 25 0 3 166
2 0 6 23 1 4 118
2 0 6 21 2 5 89
2 0 6 20 8 0 5
2 0 6 19 3 6 180
2 0 6 18 9 1 122
2 0 6 17 4 7 2
2 0 6 16 10 2 13
2 0 6 15 5 8 162
2 0 6 14 11 3 92
2 0 6 14 0 14 91
2 0 6 13 6 9 51
2 0 6 12 12 4 22
2 0 6 12 1 15 187
2 0 6 11 7 10 4
2 0 6 10 13 5 18
2 0 6 10 2 16 153
2 0 6 9 19 0 198
2 0 6 9 8 11 173
2 0 6 8 14 6 44
2 0 6 8 3 17 87
2 0 6 7 20 1 132
2 0 6 7 9 12 111
2 0 6 6 15 7 1
2 0 6 6 4 18 151
2 0 6 5 21 2 142
2 0 6 5 10 13 12
2 0 6 4 16 8 112
2 0 6 4 5 19 115
2 0 6 3 22 3 87
2 0 6 3 11 14 165
2 0 6 3 0 25 127
2 0 6 2 17 9 119
2 0 6 2 6 20 160
2 0 6 1 23 4 114
2 0 6 1 12 15 46
2 0 6 1 1 26 171
2 0 6 0 18 10 192
2 0 6 0 7 21 23
2 0 5 26 3 0 105
2 0 5 24 4 1 174
2 0 5 22 5 2 45
2 0 5 21 0 8 28
2 0 5 20 6 3 174
2 0 5 19 1 9 151
2 0 5 18 7 4 166
2 0 5 17 2 10 152
2 0 5 16 8 5 80
2 0 5 15 14 0 6
2 0 5 15 3 11 87
2 0 5 14 9 6 175
2 0 5 13 15 1 161
2 0 5 13 4 12 8
2 0 5 12 10 7 2
2 0 5 11 16 2 126
2 0 5 11 5 13 96
2 0 5 10 11 8 70
2 0 5 10 0 19 89
2 0 5 9 17 3 164
2 0 5 9 6 14 69
2 0 5 8 12 9 49
2 0 5 8 1 20 178
2 0 5 7 18 4 198
2 0 5 7 7 15 184
2 0 5 6 13 10 73
2 0 5 6 2 21 10
2 0 5 5 19 5 104
2 0 5 5 8 16 36
2 0 5 4 25 0 114
2 0 5 4 14 11 56
2 0 5 4 3 22 182
2 0 5 3 20 6 156
2 0 5 3 9 17 25
2 0 5 2 26 1 46
2 0 5 2 15 12 68
2 0 5 2 4 23 7
2 0 5 1 21 7 31
2 0 5 1 10 18 155
2 0 5 0 27 2 131
2 0 5 0 16 13 186
2 0 5 0 5 24 17
2 0 4 28 0 2 50
2 0 4 26 1 3 148
2 0 4 24 2 4 153
2 0 4 22 3 5 150
2 0 4 21 9 0 98
2 0 4 20 4 6 17
2 0 4 19 10 1 1
2 0 4 18 5 7 119
2 0 4 17 11 2 152
2 0 4 17 0 13 70
2 0 4 16 6 8 118
2 0 4 15 12 3 131
2 0 4 15 1 14 20
2 0 4 14 7 9 143
2 0 4 13 13 4 122
2 0 4 13 2 15 55
2 0 4 12 8 10 93
2 0 4 11 14 5 165
2 0 4 11 3 16 38
2 0 4 10 20 0 24
2 0 4 10 9 11 21
2 0 4 9 15 6 75
2 0 4 9 4 17 82
2 0 4 8 21 1 42
2 0 4 8 10 12 69
2 0 4 7 16 7 35
2 0 4 7 5 18 34
2 0 4 6 22 2 68
2 0 4 6 11 13 55
2 0 4 6 0 24 87
2 0 4 5 17 8 88
2 0 4 5 6 19 47
2 0 4 4 23 3 31
2 0 4 4 12 14 38
2 0 4 4 1 25 86
2 0 4 3 18 9 58
2 0 4 3 7 20 163
2 0 4 2 24 4 71
2 0 4 2 13 15 27
2 0 4 2 2 26 158
2 0 4 1 19 10 140
2 0 4 1 8 21 76
2 0 4 0 25 5 54
2 0 4 0 14 16 158
2 0 4 0 3 27 188
2 0 3 27 4 0 159
2 0 3 25 5 1 69
2 0 3 24 0 7 77
2 0 3 23 6 2 155
2 0 3 22 1 8 123
2 0 3 21 7 3 59
2 0 3 20 2 9 168
2 0 3 19 8 4 151
2 0 3 18 3 10 75
2 0 3 17 9 5 160
2 0 3 16 15 0 73
2 0 3 16 4 11 12
2 0 3 15 10 6 188
2 0 3 14 16 1 48
2 0 3 14 5 12 47
2 0 3 13 11 7 132
2 0 3 13 0 18 16
2 0 3 12 6 13 11
2 0 3 11 12 8 2
2 0 3 11 1 19 106
2 0 3 10 18 3 113
2 0 3 10 7 14 22
2 0 3 9 13 9 129
2 0 3 9 2 20 43
2 0 3 8 19 4 152
2 0 3 8 8 15 1
2 0 3 7 14 10 55
2 0 3 7 3 21 174
2 0 3 6 20 5 161
2 0 3 6 9 16 154
2 0 3 5 26 0 86
2 0 3 5 15 11 163
2 0 3 5 4 22 127
2 0 3 4 21 6 56
2 0 3 4 10 17 117
2 0 3 3 27 1 54
2 0 3 3 16 12 110
2 0 3 3 5 23 63
2 0 3 2 22 7 31
2 0 3 2 11 18 167
2 0 3 2 0 29 68
2 0 3 1 28 2 83
2 0 3 1 17 13 159
2 0 3 1 6 24 49
2 0 3 0 23 8 142
2 0 3 0 12 19 184
2 0 3 0 1 30 81
2 0 2 31 0 1 175
2 0 2 29 1 2 105
2 0 2 27 2 3 134
2 0 2 25 3 4 196
2 0 2 23 4 5 67
2 0 2 22 10 0 67
2 0 2 21 5 6 68
2 0 2 20 11 1 194
2 0 2 20 0 12 83
2 0 2 19 6 7 90
2 0 2 18 12 2 72
2 0 2 18 1 13 181
2 0 2 17 7 8 11
2 0 2 16 13 3 28
2 0 2 16 2 14 168
2 0 2 15 8 9 118
2 0 2 14 14 4 133
2 0 2 14 3 15 114
2 0 2 13 9 10 61
2 0 2 12 15 5 127
2 0 2 12 4 16 39
2 0 2 11 21 0 183
2 0 2 11 10 11 4
2 0 2 10 16 6 32
2 0 2 10 5 17 82
2 0 2 9 22 1 170
2 0 2 9 11 12 26
2 0 2 9 0 23 2
2 0 2 8 17 7 57
2 0 2 8 6 18 42
2 0 2 7 23 2 110
2 0 2 7 12 13 106
2 0 2 7 1 24 42
2 0 2 6 18 8 99
2 0 2 6 7 19 190
2 0 2 5 24 3 182
2 0 2 5 13 14 6
2 0 2 5 2 25 73
2 0 2 4 19 9 191
2 0 2 4 8 20 21
2 0 2 3 25 4 120
2 0 2 3 14 15 30
2 0 2 3 3 26 18
2 0 2 2 20 10 51
2 0 2 2 9 21 191
2 0 2 1 26 5 166
2 0 2 1 15 16 43
2 0 2 1 4 27 153
2 0 2 0 32 0 12
2 0 2 0 21 11 177
2 0 2 0 10 22 94
2 0 1 28 5 0 154
2 0 1 27 0 6 192
2 0 1 26 6 1 108
2 0 1 25 1 7 172
2 0 1 24 7 2 149
2 0 1 23 2 8 133
2 0 1 22 8 3 111
2 0 1 21 3 9 60
2 0 1 20 9 4 143
2 0 1 19 4 10 59
2 0 1 18 10 5 21
2 0 1 17 16 0 72
2 0 1 17 5 11 163
2 0 1 16 11 6 12
2 0 1 16 0 17 76
2 0 1 15 17 1 123
2 0 1 15 6 12 59
2 0 1 14 12 7 170
2 0 1 14 1 18 60
2 0 1 13 18 2 180
2 0 1 13 7 13 11
2 0 1 12 13 8 141
2 0 1 12 2 19 173
2 0 1 11 19 3 58
2 0 1 11 8 14 10
2 0 1 10 14 9 108
2 0 1 10 3 20 103
2 0 1 9 20 4 19
2 0 1 9 9 15 92
2 0 1 8 15 10 154
2 0 1 8 4 21 60
2 0 1 7 21 5 150
2 0 1 7 10 16 29
2 0 1 6 27 0 78
2 0 1 6 16 11 105
2 0 1 6 5 22 93
2 0 1 5 22 6 183
2 0 1 5 11 17 139
2 0 1 5 0 28 135
2 0 1 4 28 1 58
2 0 1 4 17 12 157
2 0 1 4 6 23 76
2 0 1 3 23 7 158
2 0 1 3 12 18 180
2 0 1 3 1 29 36
2 0 1 2 29 2 181
2 0 1 2 18 13 75
2 0 1 2 7 24 116
2 0 1 1 24 8 145
2 0 1 1 13 19 49
2 0 1 1 2 30 159
2 0 1 0 30 3 172
2 0 1 0 19 14 29
2 0 1 0 8 25 170
2 0 0 32 1 1 71
2 0 0 30 2 2 139
2 0 0 28 3 3 55
2 0 0 26 4 4 21
2 0 0 24 5 5 82
2 0 0 23 11 0 14
2 0 0 23 0 11 125
2 0 0 22 6 6 89
2 0 0 21 12 1 140
2 0 0 21 1 12 69
2 0 0 20 7 7 18
2 0 0 19 13 2 150
2 0 0 19 2 13 7
2 0 0 18 8 8 189
2 0 0 17 14 3 96
2 0 0 17 3 14 19
2 0 0 16 9 9 127
2 0 0 15 15 4 98
2 0 0 15 4 15 20
2 0 0 14 10 10 38
2 0 0 13 16 5 124
2 0 0 13 5 16 31
2 0 0 12 22 0 119
2 0 0 12 11 11 127
2 0 0 12 0 22 128
2 0 0 11 17 6 181
2 0 0 11 6 17 67
2 0 0 10 23 1 145
2 0 0 10 12 12 143
2 0 0 10 1 23 111
2 0 0 9 18 7 132
2 0 0 9 7 18 139
2 0 0 8 24 2 89
2 0 0 8 13 13 145
2 0 0 8 2 24 159
2 0 0 7 19 8 64
2 0 0 7 8 19 175
2 0 0 6 25 3 78
2 0 0 6 14 14 35
2 0 0 6 3 25 144
2 0 0 5 20 9 18
2 0 0 5 9 20 46
2 0 0 4 26 4 153
2 0 0 4 15 15 99
2 0 0 4 4 26 195
2 0 0 3 21 10 174
2 0 0 3 10 21 43
2 0 0 2 27 5 164
2 0 0 2 16 16 102
2 0 0 2 5 27 174
2 0 0 1 33 0 49
2 0 0 1 22 11 33
2 0 0 1 11 22 41
2 0 0 0 28 6 111
2 0 0 0 17 17 173
2 0 0 0 6 28 94
3 31 1 1 1 0 110
3 30 2 0 0 2 175
3 30 0 3 0 1 81
3 30 0 1 1 2 159
3 29 4 1 0 0 39
3 29 2 2 1 0 161
3 29 2 0 2 1 150
3 29 1 0 0 4 122
3 29 0 3 2 0 68
3 29 0 1 3 1 36
3 28 3 1 0 2 72
3 28 2 0 4 0 127
3 28 1 4 0 1 87
3 28 1 2 1 2 188
3 28 1 0 2 3 35
3 28 0 1 5 0 135
3 28 0 0 0 6 94
3 27 5 2 0 0 31
3 27 5 0 1 1 89
3 27 3 3 1 0 2
3 27 3 1 2 1 156
3 27 2 1 0 4 36
3 27 1 4 2 0 176
3 27 1 2 3 1 3
3 27 1 0 4 2 103
3 27 0 4 0 3 188
3 27 0 2 1 4 153
3 27 0 0 2 5 174
3 26 5 0 3 0 50
3 26 4 2 0 2 108
3 26 4 0 1 3 156
3 26 3 1 4 0 48
3 26 2 5 0 1 44
3 26 2 3 1 2 39
3 26 2 1 2 3 23
3 26 1 2 5 0 72
3 26 1 1 0 6 158
3 26 1 0 6 1 178
3 26 0 8 0 0 143
3 26 0 6 1 1 171
3 26 0 4 2 2 158
3 26 0 2 3 3 18
3 26 0 0 4 4 195
3 25 8 0 0 1 142
3 25 6 3 0 0 104
3 25 6 1 1 1 165
3 25 4 4 1 0 71
3 25 4 2 2 1 118
3 25 4 0 3 2 134
3 25 3 2 0 4 62
3 25 3 0 1 5 65
3 25 2 5 2 0 22
3 25 2 3 3 1 195
3 25 2 1 4 2 42
3 25 1 5 0 3 59
3 25 1 3 1 4 115
3 25 1 1 2 5 174
3 25 1 0 8 0 16
3 25 0 6 3 0 127
3 25 0 4 4 1 86
3 25 0 2 5 2 73
3 25 0 1 0 8 170
3 25 0 0 6 3 144
3 24 8 0 2 0 55
3 24 7 0 0 3 118
3 24 6 1 3 0 43
3 24 5 3 0 2 99
3 24 5 1 1 3 40
3 24 4 2 4 0 116
3 24 4 0 5 1 127
3 24 3 6 0 1 114
3 24 3 4 1 2 88
3 24 3 2 2 3 84
3 24 3 0 3 4 36
3 24 2 3 5 0 67
3 24 2 2 0 6 114
3 24 2 1 6 1 70
3 24 2 0 1 7 58
3 24 1 9 0 0 83
3 24 1 7 1 1 104
3 24 1 5 2 2 90
3 24 1 3 3 3 147
3 24 1 1 4 4 23
3 24 0 5 0 5 17
3 24 0 4 6 0 87
3 24 0 3 1 6 49
3 24 0 2 7 1 42
3 24 0 1 2 7 116
3 24 0 0 8 2 159
3 23 9 1 0 1 85
3 23 7 4 0 0 131
3 23 7 2 1 1 108
3 23 7 0 2 2 35
3 23 6 0 0 5 195
3 23 5 5 1 0 89
3 23 5 3 2 1 69
3 23 5 1 3 2 28
3 23 4 3 0 4 188
3 23 4 1 1 5 194
3 23 4 0 7 0 120
3 23 3 6 2 0 165
3 23 3 4 3 1 86
3 23 3 2 4 2 87
3 23 3 0 5 3 150
3 23 2 6 0 3 62
3 23 2 4 1 4 118
3 23 2 2 2 5 129
3 23 2 1 8 0 192
3 23 2 0 3 6 121
3 23 1 7 3 0 47
3 23 1 5 4 1 35
3 23 1 3 5 2 71
3 23 1 2 0 8 44
3 23 1 1 6 3 55
3 23 1 0 1 9 129
3 23 0 9 0 2 63
3 23 0 7 1 3 87
3 23 0 5 2 4 7
3 23 0 3 3 5 63
3 23 0 2 9 0 2
3 23 0 1 4 6 76
3 23 0 0 10 1 111
3 22 11 0 1 0 132
3 22 9 1 2 0 192
3 22 8 1 0 3 183
3 22 7 2 3 0 61
3 22 7 0 4 1 34
3 22 6 4 0 2 57
3 22 6 2 1 3 185
3 22 6 0 2 4 20
3 22 5 3 4 0 115
3 22 5 1 5 1 75
3 22 5 0 0 7 151
3 22 4 7 0 1 103
3 22 4 5 1 2 71
3 22 4 3 2 3 5
3 22 4 1 3 4 19
3 22 3 4 5 0 64
3 22 3 3 0 6 68
3 22 3 2 6 1 82
3 22 3 1 1 7 180
3 22 3 0 7 2 75
3 22 2 10 0 0 77
3 22 2 8 1 1 120
3 22 2 6 2 2 13
3 22 2 4 3 3 32
3 22 2 2 4 4 23
3 22 2 0 5 5 99
3 22 1 6 0 5 1
3 22 1 5 6 0 1
3 22 1 4 1 6 47
3 22 1 3 7 1 152
3 22 1 2 2 7 187
3 22 1 1 8 2 52
3 22 1 0 3 8 129
3 22 0 11 1 0 12
3 22 0 9 2 1 174
3 22 0 7 3 2 60
3 22 0 5 4 3 182
3 22 0 3 5 4 127
3 22 0 2 0 10 94
3 22 0 1 6 5 93
3 22 0 0 12 0 128
3 22 0 0 1 11 41
3 21 10 2 0 1 142
3 21 10 0 1 2 168
3 21 8 5 0 0 62
3 21 8 3 1 1 162
3 21 8 1 2 2 35
3 21 7 1 0 5 34
3 21 7 0 6 0 122
3 21 6 6 1 0 177
3 21 6 4 2 1 147
3 21 6 2 3 2 94
3 21 6 0 4 3 97
3 21 5 4 0 4 2
3 21 5 2 1 5 89
3 21 5 1 7 0 181
3 21 5 0 2 6 30
3 21 4 7 2 0 95
3 21 4 5 3 1 157
3 21 4 3 4 2 14
3 21 4 1 5 3 107
3 21 4 0 0 9 177
3 21 3 7 0 3 81
3 21 3 5 1 4 115
3 21 3 3 2 5 55
3 21 3 2 8 0 58
3 21 3 1 3 6 142
3 21 3 0 9 1 83
3 21 2 8 3 0 15
3 21 2 6 4 1 97
3 21 2 4 5 2 6
3 21 2 3 0 8 151
3 21 2 2 6 3 186
3 21 2 1 1 9 7
3 21 2 0 7 4 140
3 21 1 10 0 2 18
3 21 1 8 1 3 133
3 21 1 6 2 4 193
3 21 1 4 3 5 27
3 21 1 3 9 0 55
3 21 1 2 4 6 3
3 21 1 1 10 1 94
3 21 1 0 5 7 67
3 21 0 9 4 0 50
3 21 0 7 5 1 184
3 21 0 6 0 7 23
3 21 0 5 6 2 10
3 21 0 4 1 8 76
3 21 0 3 7 3 174
3 21 0 2 2 9 191
3 21 0 1 8 4 60
3 21 0 0 3 10 43
3 20 14 0 0 0 91
3 20 12 1 1 0 187
3 20 10 2 2 0 110
3 20 10 0 3 1 110
3 20 9 2 0 3 67
3 20 9 0 1 4 187
3 20 8 3 3 0 128
3 20 8 1 4 1 186
3 20 7 5 0 2 173
3 20 7 3 1 3 107
3 20 7 1 2 4 131
3 20 6 4 4 0 137
3 20 6 2 5 1 166
3 20 6 1 0 7 146
3 20 6 0 6 2 148
3 20 5 8 0 1 5
3 20 5 6 1 2 138
3 20 5 4 2 3 79
3 20 5 2 3 4 44
3 20 5 0 4 5 41
3 20 4 5 5 0 152
3 20 4 4 0 6 114
3 20 4 3 6 1 180
3 20 4 2 1 7 185
3 20 4 1 7 2 189
3 20 4 0 2 8 28
3 20 3 11 0 0 129
3 20 3 9 1 1 117
3 20 3 7 2 2 164
3 20 3 5 3 3 166
3 20 3 3 4 4 1
3 20 3 1 5 5 26
3 20 3 0 11 0 194
3 20 3 0 0 11 57
3 20 2 7 0 5 191
3 20 2 6 6 0 44
3 20 2 5 1 6 17
3 20 2 4 7 1 37
3 20 2 3 2 7 123
3 20 2 2 8 2 40
3 20 2 1 3 8 1
3 20 2 0 9 3 152
3 20 1 12 1 0 54
3 20 1 10 2 1 70
3 20 1 8 3 2 86
3 20 1 6 4 3 114
3 20 1 4 5 4 77
3 20 1 3 0 10 87
3 20 1 2 6 5 190
3 20 1 1 12 0 41
3 20 1 1 1 11 8
3 20 1 0 7 6 72
3 20 0 10 0 4 103
3 20 0 8 1 5 186
3 20 0 7 7 0 135
3 20 0 6 2 6 160
3 20 0 5 8 1 178
3 20 0 4 3 7 163
3 20 0 3 9 2 43
3 20 0 2 4 8 21
3 20 0 1 10 3 103
3 20 0 0 5 9 46
3 19 13 0 0 2 67
3 19 11 3 0 1 176
3 19 11 1 1 2 111
3 19 10 0 5 0 59
3 19 9 6 0 0 190
3 19 9 4 1 1 99
3 19 9 2 2 2 24
3 19 9 0 3 3 154
3 19 8 2 0 5 31
3 19 8 1 6 0 43
3 19 8 0 1 6 41
3 19 7 7 1 0 95
3 19 7 5 2 1 184
3 19 7 3 3 2 192
3 19 7 1 4 3 157
3 19 6 5 0 4 177
3 19 6 3 1 5 163
3 19 6 2 7 0 196
3 19 6 1 2 6 12
3 19 6 0 8 1 150
3 19 5 8 2 0 5
3 19 5 6 3 1 129
3 19 5 4 4 2 149
3 19 5 2 5 3 80
3 19 5 1 0 9 136
3 19 5 0 6 4 114
3 19 4 8 0 3 194
3 19 4 6 1 4 129
3 19 4 4 2 5 182
3 19 4 3 8 0 150
3 19 4 2 3 6 69
3 19 4 1 9 1 161
3 19 4 0 4 7 110
3 19 3 9 3 0 14
3 19 3 7 4 1 76
3 19 3 5 5 2 150
3 19 3 4 0 8 67
3 19 3 3 6 3 108
3 19 3 2 1 9 110
3 19 3 1 7 4 126
3 19 3 0 2 10 52
3 19 2 11 0 2 43
3 19 2 9 1 3 85
3 19 2 7 2 4 75
3 19 2 5 3 5 132
3 19 2 4 9 0 22
3 19 2 3 4 6 182
3 19 2 2 10 1 119
3 19 2 1 5 7 46
3 19 2 0 11 2 110
3 19 2 0 0 13 45
3 19 1 10 4 0 35
3 19 1 8 5 1 15
3 19 1 7 0 7 144
3 19 1 6 6 2 53
3 19 1 5 1 8 149
3 19 1 4 7 3 172
3 19 1 3 2 9 99
3 19 1 2 8 4 145
3 19 1 1 3 10 194
3 19 1 0 9 5 107
3 19 0 14 0 1 142
3 19 0 12 1 2 197
3 19 0 10 2 3 182
3 19 0 8 3 4 173
3 19 0 6 4 5 115
3 19 0 5 10 0 89
3 19 0 4 5 6 47
3 19 0 3 11 1 106
3 19 0 3 0 12 184
3 19 0 2 6 7 190
3 19 0 1 12 2 173
3 19 0 1 1 13 49
3 19 0 0 7 8 175
3 18 15 1 0 0 114
3 18 13 2 1 0 39
3 18 13 0 2 1 81
3 18 12 0 0 4 50
3 18 11 3 2 0 140
3 18 11 1 3 1 89
3 18 10 3 0 3 23
3 18 10 1 1 4 80
3 18 9 4 3 0 3
3 18 9 2 4 1 190
3 18 9 0 5 2 70
3 18 8 6 0 2 30
3 18 8 4 1 3 51
3 18 8 2 2 4 88
3 18 8 0 3 5 184
3 18 7 5 4 0 68
3 18 7 3 5 1 53
3 18 7 2 0 7 195
3 18 7 1 6 2 81
3 18 7 0 1 8 32
3 18 6 9 0 1 82
3 18 6 7 1 2 88
3 18 6 5 2 3 146
3 18 6 3 3 4 50
3 18 6 1 4 5 45
3 18 6 0 10 0 2
3 18 5 6 5 0 138
3 18 5 5 0 6 40
3 18 5 4 6 1 162
3 18 5 3 1 7 100
3 18 5 2 7 2 75
3 18 5 1 2 8 75
3 18 5 0 8 3 129
3 18 4 12 0 0 184
3 18 4 10 1 1 8
3 18 4 8 2 2 3
3 18 4 6 3 3 41
3 18 4 4 4 4 29
3 18 4 2 5 5 69
3 18 4 1 11 0 157
3 18 4 1 0 11 192
3 18 4 0 6 6 144
3 18 3 8 0 5 127
3 18 3 7 6 0 51
3 18 3 6 1 6 82
3 18 3 5 7 1 127
3 18 3 4 2 7 28
3 18 3 3 8 2 139
3 18 3 2 3 8 118
3 18 3 1 9 3 104
3 18 3 0 4 9 55
3 18 2 13 1 0 42
3 18 2 11 2 1 183
3 18 2 9 3 2 65
3 18 2 7 4 3 158
3 18 2 5 5 4 107
3 18 2 4 0 10 183
3 18 2 3 6 5 160
3 18 2 2 12 0 96
3 18 2 2 1 11 96
3 18 2 1 7 6 110
3 18 2 0 13 1 115
3 18 2 0 2 12 146
3 18 1 11 0 4 80
3 18 1 9 1 5 28
3 18 1 8 7 0 181
3 18 1 7 2 6 16
3 18 1 6 8 1 44
3 18 1 5 3 7 112
3 18 1 4 9 2 130
3 18 1 3 4 8 65
3 18 1 2 10 3 152
3 18 1 1 5 9 62
3 18 1 0 11 4 57
3 18 1 0 0 15 35
3 18 0 14 2 0 84
3 18 0 12 3 1 147
3 18 0 10 4 2 74
3 18 0 8 5 3 20
3 18 0 7 0 9 113
3 18 0 6 6 4 151
3 18 0 5 1 10 155
3 18 0 4 7 5 34
3 18 0 3 13 0 16
3 18 0 3 2 11 167
3 18 0 2 8 6 42
3 18 0 1 14 1 60
3 18 0 1 3 12 180
3 18 0 0 9 7 139
3 17 14 1 0 2 151
3 17 13 0 4 0 198
3 17 12 4 0 1 35
3 17 12 2 1 2 32
3 17 12 0 2 3 132
3 17 11 1 5 0 80
3 17 11 0 0 6 93
3 17 10 7 0 0 189
3 17 10 5 1 1 81
3 17 10 3 2 2 166
3 17 10 1 3 3 171
3 17 9 3 0 5 99
3 17 9 2 6 0 20
3 17 9 1 1 6 42
3 17 9 0 7 1 156
3 17 8 8 1 0 133
3 17 8 6 2 1 31
3 17 8 2 4 3 152
3 17 8 0 5 4 1
3 17 7 6 0 4 41
3 17 7 4 1 5 79
3 17 7 3 7 0 48
3 17 7 2 2 6 20
3 17 7 1 8 1 60
3 17 7 0 3 7 59
3 17 6 9 2 0 165
3 17 6 7 3 1 142
3 17 6 5 4 2 188
3 17 6 3 5 3 183
3 17 6 2 0 9 25
3 17 6 1 6 4 151
3 17 6 0 1 10 16
3 17 5 9 0 3 150
3 17 5 7 1 4 86
3 17 5 5 2 5 158
3 17 5 4 8 0 103
3 17 5 3 3 6 20
3 17 5 2 9 1 197
3 17 5 1 4 7 2
3 17 5 0 10 2 132
3 17 4 10 3 0 71
3 17 4 8 4 1 106
3 17 4 6 5 2 136
3 17 4 5 0 8 116
3 17 4 4 6 3 75
3 17 4 3 1 9 105
3 17 4 2 7 4 42
3 17 4 1 2 10 151
3 17 4 0 8 5 8
3 17 3 12 0 2 133
3 17 3 10 1 3 99
3 17 3 8 2 4 168
3 17 3 6 3 5 112
3 17 3 5 9 0 104
3 17 3 4 4 6 58
3 17 3 3 10 1 169
3 17 3 2 5 7 44
3 17 3 1 11 2 84
3 17 3 1 0 13 94
3 17 3 0 6 8 8
3 17 2 11 4 0 146
3 17 2 9 5 1 60
3 17 2 8 0 7 1
3 17 2 7 6 2 29
3 17 2 6 1 8 38
3 17 2 5 7 3 94
3 17 2 4 2 9 154
3 17 2 3 8 4 42
3 17 2 2 3 10 130
3 17 2 1 9 5 6
3 17 2 0 15 0 39
3 17 2 0 4 11 35
3 17 1 15 0 1 127
3 17 1 13 1 2 176
3 17 1 11 2 3 29
3 17 1 9 3 4 64
3 17 1 7 4 5 71
3 17 1 6 10 0 131
3 17 1 5 5 6 177
3 17 1 4 11 1 43
3 17 1 4 0 12 175
3 17 1 3 6 7 52
3 17 1 2 12 2 45
3 17 1 2 1 13 185
3 17 1 1 7 8 74
3 17 1 0 13 3 174
3 17 1 0 2 14 75
3 17 0 12 5 0 41
3 17 0 11 0 6 12
3 17 0 10 6 1 83
3 17 0 9 1 7 166
3 17 0 8 7 2 46
3 17 0 7 2 8 36
3 17 0 6 8 3 87
3 17 0 5 3 9 25
3 17 0 4 9 4 82
3 17 0 3 4 10 117
3 17 0 2 10 5 82
3 17 0 1 16 0 76
3 17 0 1 5 11 139
3 17 0 0 11 6 67
3 17 0 0 0 17 173
3 16 16 2 0 0 70
3 16 16 0 1 1 19
3 16 14 3 1 0 52
3 16 14 1 2 1 77
3 16 13 1 0 4 158
3 16 12 4 2 0 67
3 16 12 2 3 1 28
3 16 12 0 4 2 193
3 16 11 4 0 3 163
3 16 11 2 1 4 117
3 16 11 0 2 5 13
3 16 10 5 3 0 111
3 16 10 3 4 1 59
3 16 10 1 5 2 71
3 16 10 0 0 8 123
3 16 9 7 0 2 135
3 16 9 5 1 3 18
3 16 9 3 2 4 73
3 16 9 1 3 5 145
3 16 9 0 9 0 62
3 16 8 6 4 0 168
3 16 8 4 5 1 40
3 16 8 3 0 7 85
3 16 8 2 6 2 73
3 16 8 1 1 8 48
3 16 8 0 7 3 187
3 16 7 10 0 1 102
3 16 7 8 1 2 15
3 16 7 6 2 3 122
3 16 7 4 3 4 13
3 16 7 2 4 5 151
3 16 7 1 10 0 183
3 16 7 0 5 6 134
3 16 6 7 5 0 11
3 16 6 6 0 6 2
3 16 6 5 6 1 155
3 16 6 4 1 7 143
3 16 6 3 7 2 41
3 16 6 2 2 8 48
3 16 6 1 8 3 16
3 16 6 0 3 9 191
3 16 5 13 0 0 65
3 16 5 11 1 1 89
3 16 5 9 2 2 188
3 16 5 7 3 3 1
3 16 5 5 4 4 17
3 16 5 3 5 5 83
3 16 5 2 11 0 21
3 16 5 2 0 11 22
3 16 5 1 6 6 23
3 16 5 0 12 1 143
3 16 5 0 1 12 90
3 16 4 9 0 5 78
3 16 4 8 6 0 94
3 16 4 7 1 6 31
3 16 4 6 7 1 70
3 16 4 5 2 7 191
3 16 4 4 8 2 8
3 16 4 3 3 8 97
3 16 4 2 9 3 104
3 16 4 1 4 9 114
3 16 4 0 10 4 29
3 16 3 14 1 0 6
3 16 3 12 2 1 50
3 16 3 10 3 2 177
3 16 3 8 4 3 19
3 16 3 6 5 4 6
3 16 3 5 0 10 151
3 16 3 4 6 5 169
3 16 3 3 12 0 100
3 16 3 3 1 11 27
3 16 3 2 7 6 35
3 16 3 1 13 1 93
3 16 3 1 2 12 162
3 16 3 0 8 7 87
3 16 2 12 0 4 16
3 16 2 10 1 5 111
3 16 2 9 7 0 141
3 16 2 8 2 6 27
3 16 2 7 8 1 95
3 16 2 6 3 7 196
3 16 2 5 9 2 85
3 16 2 4 4 8 48
3 16 2 3 10 3 53
3 16 2 2 5 9 177
3 16 2 1 11 4 95
3 16 2 1 0 15 145
3 16 2 0 6 10 52
3 16 1 15 2 0 145
3 16 1 13 3 1 170
3 16 1 11 4 2 189
3 16 1 9 5 3 120
3 16 1 8 0 9 74
3 16 1 7 6 4 91
3 16 1 6 1 10 35
3 16 1 5 7 5 77
3 16 1 4 13 0 18
3 16 1 4 2 11 163
3 16 1 3 8 6 92
3 16 1 2 14 1 84
3 16 1 2 3 12 186
3 16 1 1 9 7 192
3 16 1 0 15 2 124
3 16 1 0 4 13 21
3 16 0 15 0 3 1
3 16 0 13 1 4 38
3 16 0 11 2 5 101
3 16 0 10 8 0 18
3 16 0 9 3 6 80
3 16 0 8 9 1 38
3 16 0 7 4 7 181
3 16 0 6 10 2 153
3 16 0 5 5 8 36
3 16 0 4 11 3 38
3 16 0 4 0 14 158
3 16 0 3 6 9 154
3 16 0 2 12 4 39
3 16 0 2 1 15 43
3 16 0 1 7 10 29
3 16 0 0 13 5 31
3 16 0 0 2 16 102
3 15 16 0 3 0 4
3 15 15 2 0 2 195
3 15 15 0 1 3 165
3 15 14 1 4 0 154
3 15 13 5 0 1 163
3 15 13 3 1 2 40
3 15 13 1 2 3 15
3 15 12 2 5 0 151
3 15 12 1 0 6 13
3 15 12 0 6 1 137
3 15 11 8 0 0 172
3 15 11 6 1 1 150
3 15 11 4 2 2 89
3 15 11 2 3 3 67
3 15 11 0 4 4 118
3 15 10 4 0 5 198
3 15 10 3 6 0 15
3 15 10 2 1 6 58
3 15 10 1 7 1 112
3 15 10 0 2 7 4
3 15 9 9 1 0 183
3 15 9 7 2 1 109
3 15 9 5 3 2 88
3 15 9 3 4 3 77
3 15 9 1 5 4 107
3 15 9 0 0 10 71
3 15 8 7 0 4 51
3 15 8 5 1 5 84
3 15 8 4 7 0 5
3 15 8 3 2 6 16
3 15 8 2 8 1 125
3 15 8 1 3 7 2
3 15 8 0 9 2 188
3 15 7 10 2 0 133
3 15 7 8 3 1 43
3 15 7 6 4 2 189
3 15 7 4 5 3 89
3 15 7 3 0 9 23
3 15 7 2 6 4 65
3 15 7 1 1 10 6
3 15 7 0 7 5 101
3 15 6 10 0 3 149
3 15 6 8 1 4 71
3 15 6 6 2 5 188
3 15 6 5 8 0 188
3 15 6 4 3 6 62
3 15 6 3 9 1 149
3 15 6 2 4 7 37
3 15 6 1 10 2 27
3 15 6 0 5 8 103
3 15 5 11 3 0 115
3 15 5 9 4 1 144
3 15 5 7 5 2 128
3 15 5 6 0 8 6
3 15 5 5 6 3 102
3 15 5 4 1 9 107
3 15 5 3 7 4 144
3 15 5 2 2 10 25
3 15 5 1 8 5 29
3 15 5 0 14 0 59
3 15 5 0 3 11 176
3 15 4 13 0 2 172
3 15 4 11 1 3 19
3 15 4 9 2 4 187
3 15 4 7 3 5 173
3 15 4 6 9 0 68
3 15 4 5 4 6 138
3 15 4 4 10 1 98
3 15 4 3 5 7 54
3 15 4 2 11 2 26
3 15 4 2 0 13 104
3 15 4 1 6 8 47
3 15 4 0 12 3 7
3 15 4 0 1 14 98
3 15 3 12 4 0 13
3 15 3 10 5 1 45
3 15 3 9 0 7 96
3 15 3 8 6 2 175
3 15 3 7 1 8 174
3 15 3 6 7 3 195
3 15 3 5 2 9 87
3 15 3 4 8 4 164
3 15 3 3 3 10 38
3 15 3 2 9 5 143
3 15 3 1 15 0 116
3 15 3 1 4 11 8
3 15 3 0 10 6 38
3 15 2 16 0 1 149
3 15 2 14 1 2 72
3 15 2 12 2 3 37
3 15 2 10 3 4 119
3 15 2 8 4 5 137
3 15 2 7 10 0 61
3 15 2 6 5 6 77
3 15 2 5 11 1 143
3 15 2 5 0 12 155
3 15 2 4 6 7 134
3 15 2 3 12 2 77
3 15 2 3 1 13 151
3 15 2 2 7 8 147
3 15 2 1 13 3 44
3 15 2 1 2 14 106
3 15 2 0 8 9 189
3 15 1 13 5 0 82
3 15 1 12 0 6 50
3 15 1 11 6 1 55
3 15 1 10 1 7 58
3 15 1 9 7 2 23
3 15 1 8 2 8 184
3 15 1 7 8 3 152
3 15 1 6 3 9 87
3 15 1 5 9 4 102
3 15 1 4 4 10 11
3 15 1 3 10 5 6
3 15 1 2 16 0 42
3 15 1 2 5 11 82
3 15 1 1 11 6 196
3 15 1 1 0 17 48
3 15 1 0 17 1 190
3 15 1 0 6 12 191
3 15 0 19 0 0 91
3 15 0 17 1 1 110
3 15 0 15 2 2 67
3 15 0 13 3 3 53
3 15 0 11 4 4 120
3 15 0 9 5 5 134
3 15 0 8 11 0 145
3 15 0 8 0 11 123
3 15 0 7 6 6 87
3 15 0 6 12 1 187
3 15 0 6 1 12 46
3 15 0 5 7 7 184
3 15 0 4 13 2 55
3 15 0 4 2 13 27
3 15 0 3 8 8 1
3 15 0 2 14 3 114
3 15 0 2 3 14 30
3 15 0 1 9 9 92
3 15 0 0 15 4 20
3 15 0 0 4 15 99
3 14 19 0 0 1 103
3 14 17 3 0 0 68
3 14 17 1 1 1 10
3 14 15 4 1 0 91
3 14 15 2 2 1 64
3 14 15 0 3 2 96
3 14 14 2 0 4 189
3 14 14 0 1 5 42
3 14 13 5 2 0 90
3 14 13 3 3 1 117
3 14 13 1 4 2 45
3 14 12 5 0 3 31
3 14 12 3 1 4 22
3 14 12 1 2 5 76
3 14 12 0 8 0 73
3 14 11 6 3 0 146
3 14 11 4 4 1 115
3 14 11 2 5 2 4
3 14 11 1 0 8 148
3 14 11 0 6 3 158
3 14 10 8 0 2 74
3 14 10 6 1 3 41
3 14 10 4 2 4 128
3 14 10 2 3 5 105
3 14 10 1 9 0 52
3 14 10 0 4 6 2
3 14 9 7 4 0 131
3 14 9 5 5 1 173
3 14 9 4 0 7 52
3 14 9 3 6 2 172
3 14 9 2 1 8 3
3 14 9 1 7 3 129
3 14 9 0 2 9 92
3 14 8 11 0 1 161
3 14 8 9 1 2 173
3 14 8 7 2 3 2
3 14 8 5 3 4 97
3 14 8 3 4 5 32
3 14 8 2 10 0 159
3 14 8 1 5 6 36
3 14 8 0 11 1 67
3 14 8 0 0 12 155
3 14 7 8 5 0 56
3 14 7 7 0 6 123
3 14 7 6 6 1 70
3 14 7 5 1 7 84
3 14 7 4 7 2 147
3 14 7 3 2 8 85
3 14 7 2 8 3 155
3 14 7 1 3 9 117
3 14 7 0 9 4 173
3 14 6 14 0 0 131
3 14 6 12 1 1 121
3 14 6 10 2 2 140
3 14 6 8 3 3 134
3 14 6 6 4 4 43
3 14 6 4 5 5 31
3 14 6 3 11 0 197
3 14 6 3 0 11 93
3 14 6 2 6 6 190
3 14 6 1 12 1 16
3 14 6 1 1 12 77
3 14 6 0 7 7 67
3 14 5 10 0 5 176
3 14 5 9 6 0 16
3 14 5 8 1 6 85
3 14 5 7 7 1 120
3 14 5 6 2 7 26
3 14 5 5 8 2 152
3 14 5 4 3 8 146
3 14 5 3 9 3 8
3 14 5 2 4 9 65
3 14 5 1 10 4 75
3 14 5 0 5 10 159
3 14 4 15 1 0 25
3 14 4 13 2 1 9
3 14 4 11 3 2 159
3 14 4 9 4 3 80
3 14 4 7 5 4 41
3 14 4 6 0 10 25
3 14 4 5 6 5 137
3 14 4 4 12 0 43
3 14 4 4 1 11 48
3 14 4 3 7 6 196
3 14 4 2 13 1 127
3 14 4 2 2 12 132
3 14 4 1 8 7 26
3 14 4 0 14 2 64
3 14 4 0 3 13 2
3 14 3 13 0 4 193
3 14 3 11 1 5 188
3 14 3 10 7 0 119
3 14 3 9 2 6 40
3 14 3 8 8 1 173
3 14 3 7 3 7 36
3 14 3 6 9 2 58
3 14 3 5 4 8 1
3 14 3 4 10 3 189
3 14 3 3 5 9 46
3 14 3 2 11 4 69
3 14 3 2 0 15 133
3 14 3 1 6 10 163
3 14 3 0 12 5 107
3 14 3 0 1 16 25
3 14 2 16 2 0 32
3 14 2 14 3 1 17
3 14 2 12 4 2 141
3 14 2 10 5 3 79
3 14 2 9 0 9 27
3 14 2 8 6 4 127
3 14 2 7 1 10 66
3 14 2 6 7 5 144
3 14 2 5 13 0 113
3 14 2 5 2 11 92
3 14 2 4 8 6 185
3 14 2 3 14 1 118
3 14 2 3 3 12 76
3 14 2 2 9 7 39
3 14 2 1 15 2 196
3 14 2 1 4 13 80
3 14 2 0 10 8 38
3 14 1 16 0 3 69
3 14 1 14 1 4 152
3 14 1 12 2 5 142
3 14 1 11 8 0 114
3 14 1 10 3 6 9
3 14 1 9 9 1 10
3 14 1 8 4 7 20
3 14 1 7 10 2 25
3 14 1 6 5 8 153
3 14 1 5 11 3 113
3 14 1 5 0 14 121
3 14 1 4 6 9 51
3 14 1 3 12 4 20
3 14 1 3 1 15 150
3 14 1 2 7 10 85
3 14 1 1 13 5 61
3 14 1 1 2 16 35
3 14 1 0 19 0 110
3 14 1 0 8 11 194
3 14 0 17 3 0 4
3 14 0 15 4 1 34
3 14 0 13 5 2 35
3 14 0 12 0 8 38
3 14 0 11 6 3 35
3 14 0 10 1 9 1
3 14 0 9 7 4 22
3 14 0 8 2 10 161
3 14 0 7 8 5 3
3 14 0 6 14 0 91
3 14 0 6 3 11 165
3 14 0 5 9 6 69
3 14 0 4 15 1 20
3 14 0 4 4 12 38
3 14 0 3 10 7 22
3 14 0 2 16 2 168
3 14 0 2 5 13 6
3 14 0 1 11 8 10
3 14 0 1 0 19 29
3 14 0 0 17 3 19
3 14 0 0 6 14 35
3 13 19 0 2 0 120
3 13 18 0 0 3 186
3 13 17 1 3 0 121
3 13 16 3 0 2 76
3 13 16 1 1 3 174
3 13 15 2 4 0 192
3 13 15 0 5 1 90
3 13 14 6 0 1 185
3 13 14 4 1 2 154
3 13 14 2 2 3 91
3 13 14 0 3 4 118
3 13 13 3 5 0 23
3 13 13 2 0 6 55
3 13 13 1 6 1 166
3 13 13 0 1 7 73
3 13 12 9 0 0 151
3 13 12 7 1 1 143
3 13 12 5 2 2 155
3 13 12 3 3 3 160
3 13 12 1 4 4 131
3 13 11 5 0 5 16
3 13 11 4 6 0 17
3 13 11 3 1 6 25
3 13 11 2 7 1 88
3 13 11 1 2 7 41
3 13 11 0 8 2 76
3 13 10 10 1 0 34
3 13 10 8 2 1 120
3 13 10 6 3 2 22
3 13 10 4 4 3 68
3 13 10 2 5 4 161
3 13 10 1 0 10 156
3 13 10 0 6 5 85
3 13 9 8 0 4 10
3 13 9 6 1 5 44
3 13 9 5 7 0 91
3 13 9 4 2 6 104
3 13 9 3 8 1 20
3 13 9 2 3 7 147
3 13 9 1 9 2 130
3 13 9 0 4 8 167
3 13 8 11 2 0 14
3 13 8 9 3 1 2
3 13 8 7 4 2 29
3 13 8 5 5 3 167
3 13 8 4 0 9 16
3 13 8 3 6 4 16
3 13 8 2 1 10 186
3 13 8 1 7 5 185
3 13 8 0 13 0 65
3 13 8 0 2 11 47
3 13 7 11 0 3 118
3 13 7 9 1 4 75
3 13 7 7 2 5 23
3 13 7 6 8 0 127
3 13 7 5 3 6 123
3 13 7 4 9 1 6
3 13 7 3 4 7 194
3 13 7 2 10 2 114
3 13 7 1 5 8 25
3 13 7 0 11 3 71
3 13 7 0 0 14 80
3 13 6 12 3 0 183
3 13 6 10 4 1 184
3 13 6 8 5 2 167
3 13 6 7 0 8 105
3 13 6 6 6 3 41
3 13 6 5 1 9 36
3 13 6 4 7 4 89
3 13 6 3 2 10 75
3 13 6 2 8 5 175
3 13 6 1 14 0 164
3 13 6 1 3 11 86
3 13 6 0 9 6 142
3 13 5 14 0 2 139
3 13 5 12 1 3 56
3 13 5 10 2 4 56
3 13 5 8 3 5 111
3 13 5 7 9 0 167
3 13 5 6 4 6 174
3 13 5 5 10 1 179
3 13 5 4 5 7 13
3 13 5 3 11 2 163
3 13 5 3 0 13 149
3 13 5 2 6 8 197
3 13 5 1 12 3 66
3 13 5 1 1 14 87
3 13 5 0 7 9 169
3 13 4 13 4 0 179
3 13 4 11 5 1 158
3 13 4 10 0 7 159
3 13 4 9 6 2 51
3 13 4 8 1 8 124
3 13 4 7 7 3 43
3 13 4 6 2 9 150
3 13 4 5 8 4 37
3 13 4 4 3 10 67
3 13 4 3 9 5 188
3 13 4 2 15 0 146
3 13 4 2 4 11 113
3 13 4 1 10 6 37
3 13 4 0 16 1 189
3 13 4 0 5 12 187
3 13 3 17 0 1 100
3 13 3 15 1 2 5
3 13 3 13 2 3 186
3 13 3 11 3 4 76
3 13 3 9 4 5 130
3 13 3 8 10 0 158
3 13 3 7 5 6 131
3 13 3 6 11 1 196
3 13 3 6 0 12 170
3 13 3 5 6 7 21
3 13 3 4 12 2 28
3 13 3 4 1 13 110
3 13 3 3 7 8 169
3 13 3 2 13 3 135
3 13 3 2 2 14 194
3 13 3 1 8 9 105
3 13 3 0 14 4 49
3 13 3 0 3 15 186
3 13 2 14 5 0 49
3 13 2 13 0 6 193
3 13 2 12 6 1 78
3 13 2 11 1 7 102
3 13 2 10 7 2 53
3 13 2 9 2 8 109
3 13 2 8 8 3 126
3 13 2 7 3 9 183
3 13 2 6 9 4 67
3 13 2 5 4 10 108
3 13 2 4 10 5 56
3 13 2 3 16 0 24
3 13 2 3 5 11 127
3 13 2 2 11 6 161
3 13 2 2 0 17 113
3 13 2 1 17 1 10
3 13 2 1 6 12 38
3 13 2 0 12 7 194
3 13 2 0 1 18 54
3 13 1 20 0 0 14
3 13 1 18 1 1 176
3 13 1 16 2 2 147
3 13 1 14 3 3 87
3 13 1 12 4 4 15
3 13 1 10 5 5 99
3 13 1 9 11 0 142
3 13 1 9 0 11 123
3 13 1 8 6 6 126
3 13 1 7 12 1 160
3 13 1 7 1 12 64
3 13 1 6 7 7 113
3 13 1 5 13 2 126
3 13 1 5 2 13 17
3 13 1 4 8 8 136
3 13 1 3 14 3 112
3 13 1 3 3 14 134
3 13 1 2 9 9 147
3 13 1 1 15 4 8
3 13 1 1 4 15 26
3 13 1 0 10 10 1
3 13 0 16 0 5 67
3 13 0 15 6 0 181
3 13 0 14 1 6 48
3 13 0 13 7 1 137
3 13 0 12 2 7 44
3 13 0 11 8 2 27
3 13 0 10 3 8 23
3 13 0 9 9 3 156
3 13 0 8 4 9 86
3 13 0 7 10 4 98
3 13 0 6 5 10 12
3 13 0 5 11 5 96
3 13 0 5 0 16 186
3 13 0 4 17 0 70
3 13 0 4 6 11 55
3 13 0 3 12 6 11
3 13 0 3 1 17 159
3 13 0 2 18 1 181
3 13 0 2 7 12 106
3 13 0 1 13 7 11
3 13 0 1 2 18 75
3 13 0 0 19 2 7
3 13 0 0 8 13 145
3 12 20 1 0 1 11
3 12 18 4 0 0 14
3 12 18 2 1 1 188
3 12 18 0 2 2 145
3 12 17 0 0 5 148
3 12 16 5 1 0 194
3 12 16 3 2 1 169
3 12 16 1 3 2 34
3 12 15 3 0 4 93
3 12 15 1 1 5 102
3 12 15 0 7 0 8
3 12 14 6 2 0 21
3 12 14 4 3 1 10
3 12 14 2 4 2 152
3 12 14 0 5 3 91
3 12 13 6 0 3 137
3 12 13 4 1 4 51
3 12 13 2 2 5 133
3 12 13 1 8 0 196
3 12 13 0 3 6 67
3 12 12 7 3 0 196
3 12 12 5 4 1 61
3 12 12 3 5 2 89
3 12 12 2 0 8 151
3 12 12 1 6 3 84
3 12 12 0 1 9 30
3 12 11 9 0 2 144
3 12 11 7 1 3 184
3 12 11 5 2 4 83
3 12 11 3 3 5 145
3 12 11 2 9 0 114
3 12 11 1 4 6 105
3 12 11 0 10 1 43
3 12 10 8 4 0 170
3 12 10 6 5 1 13
3 12 10 5 0 7 96
3 12 10 4 6 2 175
3 12 10 3 1 8 175
3 12 10 2 7 3 186
3 12 10 1 2 9 25
3 12 10 0 8 4 87
3 12 9 12 0 1 53
3 12 9 10 1 2 140
3 12 9 8 2 3 182
3 12 9 6 3 4 157
3 12 9 4 4 5 139
3 12 9 3 10 0 168
3 12 9 2 5 6 160
3 12 9 1 11 1 22
3 12 9 1 0 12 130
3 12 9 0 6 7 116
3 12 8 9 5 0 39
3 12 8 8 0 6 196
3 12 8 7 6 1 48
3 12 8 6 1 7 186
3 12 8 5 7 2 173
3 12 8 4 2 8 125
3 12 8 3 8 3 175
3 12 8 2 3 9 97
3 12 8 1 9 4 56
3 12 8 0 4 10 71
3 12 7 15 0 0 151
3 12 7 13 1 1 36
3 12 7 11 2 2 30
3 12 7 9 3 3 43
3 12 7 7 4 4 82
3 12 7 5 5 5 66
3 12 7 4 11 0 9
3 12 7 4 0 11 96
3 12 7 3 6 6 91
3 12 7 2 12 1 88
3 12 7 2 1 12 169
3 12 7 1 7 7 131
3 12 7 0 13 2 170
3 12 7 0 2 13 68
3 12 6 11 0 5 120
3 12 6 10 6 0 42
3 12 6 9 1 6 78
3 12 6 8 7 1 36
3 12 6 7 2 7 14
3 12 6 6 8 2 9
3 12 6 5 3 8 183
3 12 6 4 9 3 162
3 12 6 3 4 9 29
3 12 6 2 10 4 11
3 12 6 1 5 10 84
3 12 6 0 11 5 34
3 12 6 0 0 16 113
3 12 5 16 1 0 169
3 12 5 14 2 1 108
3 12 5 12 3 2 108
3 12 5 10 4 3 181
3 12 5 8 5 4 29
3 12 5 7 0 10 179
3 12 5 6 6 5 110
3 12 5 5 12 0 89
3 12 5 5 1 11 69
3 12 5 4 7 6 89
3 12 5 3 13 1 52
3 12 5 3 2 12 77
3 12 5 2 8 7 126
3 12 5 1 14 2 118
3 12 5 1 3 13 105
3 12 5 0 9 8 77
3 12 4 14 0 4 176
3 12 4 12 1 5 56
3 12 4 11 7 0 183
3 12 4 10 2 6 194
3 12 4 9 8 1 80
3 12 4 8 3 7 31
3 12 4 7 9 2 79
3 12 4 6 4 8 115
3 12 4 5 10 3 162
3 12 4 4 5 9 166
3 12 4 3 11 4 135
3 12 4 3 0 15 101
3 12 4 2 6 10 30
3 12 4 1 12 5 52
3 12 4 1 1 16 175
3 12 4 0 18 0 148
3 12 4 0 7 11 77
3 12 3 17 2 0 19
3 12 3 15 3 1 195
3 12 3 13 4 2 80
3 12 3 11 5 3 171
3 12 3 10 0 9 146
3 12 3 9 6 4 94
3 12 3 8 1 10 4
3 12 3 7 7 5 168
3 12 3 6 13 0 48
3 12 3 6 2 11 81
3 12 3 5 8 6 105
3 12 3 4 14 1 104
3 12 3 4 3 12 107
3 12 3 3 9 7 72
3 12 3 2 15 2 185
3 12 3 2 4 13 69
3 12 3 1 10 8 164
3 12 3 0 16 3 102
3 12 3 0 5 14 44
3 12 2 17 0 3 176
3 12 2 15 1 4 140
3 12 2 13 2 5 198
3 12 2 12 8 0 180
3 12 2 11 3 6 39
3 12 2 10 9 1 143
3 12 2 9 4 7 76
3 12 2 8 10 2 86
3 12 2 7 5 8 157
3 12 2 6 11 3 37
3 12 2 6 0 14 133
3 12 2 5 6 9 116
3 12 2 4 12 4 45
3 12 2 4 1 15 79
3 12 2 3 7 10 75
3 12 2 2 13 5 90
3 12 2 2 2 16 105
3 12 2 1 19 0 114
3 12 2 1 8 11 186
3 12 2 0 14 6 150
3 12 2 0 3 17 106
3 12 1 18 3 0 64
3 12 1 16 4 1 46
3 12 1 14 5 2 158
3 12 1 13 0 8 148
3 12 1 12 6 3 143
3 12 1 11 1 9 17
3 12 1 10 7 4 146
3 12 1 9 2 10 111
3 12 1 8 8 5 34
3 12 1 7 14 0 75
3 12 1 7 3 11 118
3 12 1 6 9 6 64
3 12 1 5 15 1 179
3 12 1 5 4 12 7
3 12 1 4 10 7 179
3 12 1 3 16 2 173
3 12 1 3 5 13 39
3 12 1 2 11 8 34
3 12 1 2 0 19 67
3 12 1 1 17 3 2
3 12 1 1 6 14 5
3 12 1 0 12 9 113
3 12 1 0 1 20 110
3 12 0 20 0 2 177
3 12 0 18 1 3 115
3 12 0 16 2 4 144
3 12 0 14 3 5 68
3 12 0 13 9 0 186
3 12 0 12 4 6 62
3 12 0 11 10 1 93
3 12 0 10 5 7 58
3 12 0 9 11 2 49
3 12 0 9 0 13 121
3 12 0 8 6 8 83
3 12 0 7 12 3 4
3 12 0 7 1 14 60
3 12 0 6 7 9 111
3 12 0 5 13 4 8
3 12 0 5 2 15 68
3 12 0 4 8 10 69
3 12 0 3 14 5 47
3 12 0 3 3 16 110
3 12 0 2 20 0 83
3 12 0 2 9 11 26
3 12 0 1 15 6 59
3 12 0 1 4 17 157
3 12 0 0 21 1 69
3 12 0 0 10 12 143
3 11 22 0 1 0 42
3 11 20 1 2 0 185
3 11 19 1 0 3 128
3 11 18 2 3 0 50
3 11 18 0 4 1 71
3 11 17 4 0 2 92
3 11 17 2 1 3 50
3 11 17 0 2 4 104
3 11 16 3 4 0 119
3 11 16 1 5 1 5
3 11 16 0 0 7 99
3 11 15 7 0 1 53
3 11 15 5 1 2 116
3 11 15 3 2 3 145
3 11 15 1 3 4 131
3 11 14 4 5 0 84
3 11 14 3 0 6 138
3 11 14 2 6 1 77
3 11 14 1 1 7 17
3 11 14 0 7 2 183
3 11 13 10 0 0 92
3 11 13 8 1 1 80
3 11 13 6 2 2 129
3 11 13 4 3 3 116
3 11 13 2 4 4 12
3 11 13 0 5 5 99
3 11 12 6 0 5 170
3 11 12 5 6 0 86
3 11 12 4 1 6 32
3 11 12 3 7 1 92
3 11 12 2 2 7 9
3 11 12 1 8 2 171
3 11 12 0 3 8 163
3 11 11 11 1 0 191
3 11 11 9 2 1 119
3 11 11 7 3 2 191
3 11 11 5 4 3 122
3 11 11 3 5 4 96
3 11 11 2 0 10 186
3 11 11 1 6 5 130
3 11 11 0 12 0 194
3 11 11 0 1 11 10
3 11 10 9 0 4 69
3 11 10 7 1 5 86
3 11 10 6 7 0 179
3 11 10 5 2 6 188
3 11 10 4 8 1 32
3 11 10 3 3 7 71
3 11 10 2 9 2 15
3 11 10 1 4 8 172
3 11 10 0 10 3 72
3 11 9 12 2 0 136
3 11 9 10 3 1 191
3 11 9 8 4 2 149
3 11 9 6 5 3 34
3 11 9 5 0 9 81
3 11 9 4 6 4 11
3 11 9 3 1 10 135
3 11 9 2 7 5 11
3 11 9 1 13 0 114
3 11 9 1 2 11 139
3 11 9 0 8 6 12
3 11 8 12 0 3 14
3 11 8 10 1 4 10
3 11 8 8 2 5 90
3 11 8 7 8 0 52
3 11 8 6 3 6 70
3 11 8 5 9 1 168
3 11 8 4 4 7 141
3 11 8 3 10 2 121
3 11 8 2 5 8 22
3 11 8 1 11 3 180
3 11 8 1 0 14 140
3 11 8 0 6 9 1
3 11 7 13 3 0 63
3 11 7 11 4 1 77
3 11 7 9 5 2 117
3 11 7 8 0 8 142
3 11 7 7 6 3 7
3 11 7 6 1 9 123
3 11 7 5 7 4 4
3 11 7 4 2 10 3
3 11 7 3 8 5 192
3 11 7 2 14 0 52
3 11 7 2 3 11 179
3 11 7 1 9 6 45
3 11 7 0 15 1 146
3 11 7 0 4 12 137
3 11 6 15 0 2 49
3 11 6 13 1 3 41
3 11 6 11 2 4 197
3 11 6 9 3 5 20
3 11 6 8 9 0 150
3 11 6 7 4 6 95
3 11 6 6 10 1 157
3 11 6 5 5 7 132
3 11 6 4 11 2 52
3 11 6 4 0 13 161
3 11 6 3 6 8 8
3 11 6 2 12 3 71
3 11 6 2 1 14 76
3 11 6 1 7 9 57
3 11 6 0 13 4 18
3 11 6 0 2 15 125
3 11 5 14 4 0 106
3 11 5 12 5 1 106
3 11 5 11 0 7 97
3 11 5 10 6 2 106
3 11 5 9 1 8 4
3 11 5 8 7 3 26
3 11 5 7 2 9 198
3 11 5 6 8 4 92
3 11 5 5 3 10 168
3 11 5 4 9 5 94
3 11 5 3 15 0 11
3 11 5 3 4 11 189
3 11 5 2 10 6 186
3 11 5 1 16 1 18
3 11 5 1 5 12 184
3 11 5 0 11 7 14
3 11 5 0 0 18 82
3 11 4 18 0 1 123
3 11 4 16 1 2 147
3 11 4 14 2 3 126
3 11 4 12 3 4 102
3 11 4 10 4 5 121
3 11 4 9 10 0 38
3 11 4 8 5 6 141
3 11 4 7 11 1 125
3 11 4 7 0 12 27
3 11 4 6 6 7 19
3 11 4 5 12 2 174
3 11 4 5 1 13 45
3 11 4 4 7 8 32
3 11 4 3 13 3 139
3 11 4 3 2 14 57
3 11 4 2 8 9 183
3 11 4 1 14 4 118
3 11 4 1 3 15 96
3 11 4 0 9 10 43
3 11 3 15 5 0 16
3 11 3 14 0 6 71
3 11 3 13 6 1 130
3 11 3 12 1 7 79
3 11 3 11 7 2 63
3 11 3 10 2 8 89
3 11 3 9 8 3 100
3 11 3 8 3 9 184
3 11 3 7 9 4 85
3 11 3 6 4 10 110
3 11 3 5 10 5 106
3 11 3 4 16 0 17
3 11 3 4 5 11 42
3 11 3 3 11 6 70
3 11 3 3 0 17 49
3 11 3 2 17 1 69
3 11 3 2 6 12 127
3 11 3 1 12 7 75
3 11 3 1 1 18 6
3 11 3 0 18 2 8
3 11 3 0 7 13 66
3 11 2 21 0 0 86
3 11 2 19 1 1 171
3 11 2 17 2 2 72
3 11 2 15 3 3 120
3 11 2 13 4 4 168
3 11 2 11 5 5 137
3 11 2 10 11 0 92
3 11 2 10 0 11 26
3 11 2 9 6 6 183
3 11 2 8 12 1 192
3 11 2 8 1 12 63
3 11 2 7 7 7 174
3 11 2 6 13 2 184
3 11 2 6 2 13 184
3 11 2 5 8 8 90
3 11 2 4 14 3 180
3 11 2 4 3 14 143
3 11 2 3 9 9 140
3 11 2 2 15 4 55
3 11 2 2 4 15 117
3 11 2 1 10 10 46
3 11 2 0 16 5 106
3 11 2 0 5 16 101
3 11 1 17 0 5 163
3 11 1 16 6 0 190
3 11 1 15 1 6 100
3 11 1 14 7 1 46
3 11 1 13 2 7 165
3 11 1 12 8 2 122
3 11 1 11 3 8 79
3 11 1 10 9 3 167
3 11 1 9 4 9 100
3 11 1 8 10 4 36
3 11 1 7 5 10 117
3 11 1 6 11 5 73
3 11 1 6 0 16 100
3 11 1 5 17 0 76
3 11 1 5 6 11 6
3 11 1 4 12 6 70
3 11 1 4 1 17 188
3 11 1 3 18 1 4
3 11 1 3 7 12 186
3 11 1 2 13 7 60
3 11 1 2 2 18 89
3 11 1 1 19 2 168
3 11 1 1 8 13 172
3 11 1 0 14 8 66
3 11 1 0 3 19 65
3 11 0 22 1 0 66
3 11 0 20 2 1 4
3 11 0 18 3 2 46
3 11 0 16 4 3 147
3 11 0 14 5 4 171
3 11 0 13 0 10 58
3 11 0 12 6 5 83
3 11 0 11 12 0 186
3 11 0 11 1 11 136
3 11 0 10 7 6 141
3 11 0 9 13 1 93
3 11 0 9 2 12 105
3 11 0 8 8 7 88
3 11 0 7 14 2 37
3 11 0 7 3 13 43
3 11 0 6 9 8 173
3 11 0 5 15 3 87
3 11 0 5 4 14 56
3 11 0 4 10 9 21
3 11 0 3 16 4 12
3 11 0 3 5 15 163
3 11 0 2 11 10 4
3 11 0 2 0 21 177
3 11 0 1 17 5 163
3 11 0 1 6 16 105
3 11 0 0 23 0 125
3 11 0 0 12 11 127
3 11 0 0 1 22 33
3 10 21 2 0 1 123
3 10 21 0 1 2 128
3 10 19 5 0 0 12
3 10 19 3 1 1 57
3 10 19 1 2 2 135
3 10 18 1 0 5 30
3 10 18 0 6 0 169
3 10 17 6 1 0 146
3 10 17 4 2 1 47
3 10 17 2 3 2 25
3 10 17 0 4 3 188
3 10 16 4 0 4 133
3 10 16 2 1 5 25
3 10 16 1 7 0 65
3 10 16 0 2 6 48
3 10 15 7 2 0 122
3 10 15 5 3 1 176
3 10 15 3 4 2 60
3 10 15 1 5 3 189
3 10 15 0 0 9 133
3 10 14 7 0 3 20
3 10 14 5 1 4 99
3 10 14 3 2 5 25
3 10 14 2 8 0 172
3 10 14 1 3 6 187
3 10 14 0 9 1 5
3 10 13 8 3 0 114
3 10 13 6 4 1 139
3 10 13 4 5 2 112
3 10 13 3 0 8 163
3 10 13 2 6 3 62
3 10 13 1 1 9 1
3 10 13 0 7 4 109
3 10 12 10 0 2 72
3 10 12 8 1 3 118
3 10 12 6 2 4 121
3 10 12 4 3 5 31
3 10 12 3 9 0 31
3 10 12 2 4 6 76
3 10 12 1 10 1 47
3 10 12 0 5 7 81
3 10 11 9 4 0 137
3 10 11 7 5 1 122
3 10 11 6 0 7 52
3 10 11 5 6 2 180
3 10 11 4 1 8 143
3 10 11 3 7 3 53
3 10 11 2 2 9 19
3 10 11 1 8 4 147
3 10 11 0 3 10 1
3 10 10 13 0 1 23
3 10 10 11 1 2 188
3 10 10 9 2 3 52
3 10 10 7 3 4 160
3 10 10 5 4 5 57
3 10 10 4 10 0 25
3 10 10 3 5 6 83
3 10 10 2 11 1 96
3 10 10 2 0 12 108
3 10 10 1 6 7 1
3 10 10 0 12 2 80
3 10 10 0 1 13 136
3 10 9 10 5 0 149
3 10 9 9 0 6 194
3 10 9 8 6 1 102
3 10 9 7 1 7 185
3 10 9 6 7 2 145
3 10 9 5 2 8 107
3 10 9 4 8 3 31
3 10 9 3 3 9 13
3 10 9 2 9 4 52
3 10 9 1 4 10 39
3 10 9 0 10 5 60
3 10 8 16 0 0 109
3 10 8 14 1 1 121
3 10 8 12 2 2 72
3 10 8 10 3 3 177
3 10 8 8 4 4 189
3 10 8 6 5 5 69
3 10 8 5 11 0 155
3 10 8 5 0 11 51
3 10 8 4 6 6 101
3 10 8 3 12 1 90
3 10 8 3 1 12 39
3 10 8 2 7 7 152
3 10 8 1 13 2 112
3 10 8 1 2 13 96
3 10 8 0 8 8 29
3 10 7 12 0 5 10
3 10 7 11 6 0 79
3 10 7 10 1 6 35
3 10 7 9 7 1 116
3 10 7 8 2 7 196
3 10 7 7 8 2 150
3 10 7 6 3 8 145
3 10 7 5 9 3 17
3 10 7 4 4 9 191
3 10 7 3 10 4 18
3 10 7 2 5 10 111
3 10 7 1 11 5 17
3 10 7 1 0 16 174
3 10 7 0 17 0 83
3 10 7 0 6 11 141
3 10 6 17 1 0 101
3 10 6 15 2 1 153
3 10 6 13 3 2 198
3 10 6 11 4 3 83
3 10 6 9 5 4 107
3 10 6 8 0 10 170
3 10 6 7 6 5 111
3 10 6 6 12 0 53
3 10 6 6 1 11 85
3 10 6 5 7 6 34
3 10 6 4 13 1 97
3 10 6 4 2 12 51
3 10 6 3 8 7 102
3 10 6 2 14 2 163
3 10 6 2 3 13 86
3 10 6 1 9 8 171
3 10 6 0 15 3 69
3 10 6 0 4 14 188
3 10 5 15 0 4 49
3 10 5 13 1 5 148
3 10 5 12 7 0 149
3 10 5 11 2 6 182
3 10 5 10 8 1 77
3 10 5 9 3 7 18
3 10 5 8 9 2 79
3 10 5 7 4 8 13
3 10 5 6 10 3 84
3 10 5 5 5 9 172
3 10 5 4 11 4 84
3 10 5 4 0 15 166
3 10 5 3 6 10 99
3 10 5 2 12 5 86
3 10 5 2 1 16 193
3 10 5 1 18 0 127
3 10 5 1 7 11 165
3 10 5 0 13 6 191
3 10 5 0 2 17 145
3 10 4 18 2 0 68
3 10 4 16 3 1 9
3 10 4 14 4 2 22
3 10 4 12 5 3 187
3 10 4 11 0 9 191
3 10 4 10 6 4 155
3 10 4 9 1 10 180
3 10 4 8 7 5 171
3 10 4 7 13 0 22
3 10 4 7 2 11 1
3 10 4 6 8 6 2
3 10 4 5 14 1 41
3 10 4 5 3 12 55
3 10 4 4 9 7 65
3 10 4 3 15 2 183
3 10 4 3 4 13 118
3 10 4 2 10 8 77
3 10 4 1 16 3 101
3 10 4 1 5 14 191
3 10 4 0 11 9 83
3 10 4 0 0 20 112
3 10 3 18 0 3 79
3 10 3 16 1 4 42
3 10 3 14 2 5 23
3 10 3 13 8 0 45
3 10 3 12 3 6 153
3 10 3 11 9 1 162
3 10 3 10 4 7 141
3 10 3 9 10 2 28
3 10 3 8 5 8 1
3 10 3 7 11 3 6
3 10 3 7 0 14 93
3 10 3 6 6 9 9
3 10 3 5 12 4 71
3 10 3 5 1 15 45
3 10 3 4 7 10 176
3 10 3 3 13 5 103
3 10 3 3 2 16 25
3 10 3 2 19 0 16
3 10 3 2 8 11 190
3 10 3 1 14 6 30
3 10 3 1 3 17 151
3 10 3 0 20 1 22
3 10 3 0 9 12 186
3 10 2 19 3 0 103
3 10 2 17 4 1 43
3 10 2 15 5 2 190
3 10 2 14 0 8 1
3 10 2 13 6 3 118
3 10 2 12 1 9 130
3 10 2 11 7 4 29
3 10 2 10 2 10 102
3 10 2 9 8 5 129
3 10 2 8 14 0 31
3 10 2 8 3 11 153
3 10 2 7 9 6 172
3 10 2 6 15 1 92
3 10 2 6 4 12 176
3 10 2 5 10 7 99
3 10 2 4 16 2 178
3 10 2 4 5 13 108
3 10 2 3 11 8 129
3 10 2 3 0 19 146
3 10 2 2 17 3 104
3 10 2 2 6 14 156
3 10 2 1 12 9 110
3 10 2 1 1 20 98
3 10 2 0 7 15 179
3 10 1 21 0 2 184
3 10 1 19 1 3 109
3 10 1 17 2 4 107
3 10 1 15 3 5 46
3 10 1 14 9 0 188
3 10 1 13 4 6 89
3 10 1 12 10 1 74
3 10 1 11 5 7 43
3 10 1 10 11 2 102
3 10 1 10 0 13 43
3 10 1 9 6 8 41
3 10 1 8 12 3 96
3 10 1 8 1 14 42
3 10 1 7 7 9 82
3 10 1 6 13 4 186
3 10 1 6 2 15 36
3 10 1 5 8 10 149
3 10 1 4 14 5 75
3 10 1 4 3 16 49
3 10 1 3 20 0 142
3 10 1 3 9 11 8
3 10 1 2 15 6 48
3 10 1 2 4 17 76
3 10 1 1 21 1 160
3 10 1 1 10 12 184
3 10 1 0 16 7 194
3 10 1 0 5 18 124
3 10 0 20 4 0 54
3 10 0 18 5 1 115
3 10 0 17 0 7 121
3 10 0 16 6 2 103
3 10 0 15 1 8 51
3 10 0 14 7 3 111
3 10 0 13 2 9 70
3 10 0 12 8 4 17
3 10 0 11 3 10 159
3 10 0 10 9 5 120
3 10 0 9 15 0 134
3 10 0 9 4 11 154
3 10 0 8 10 6 99
3 10 0 7 16 1 197
3 10 0 7 5 12 102
3 10 0 6 11 7 4
3 10 0 6 0 18 192
3 10 0 5 17 2 152
3 10 0 5 6 13 73
3 10 0 4 12 8 93
3 10 0 4 1 19 140
3 10 0 3 18 3 75
3 10 0 3 7 14 55
3 10 0 2 13 9 61
3 10 0 2 2 20 51
3 10 0 1 19 4 59
3 10 0 1 8 15 154
3 10 0 0 14 10 38
3 10 0 0 3 21 174
3 9 25 0 0 0 65
3 9 23 1 1 0 106
3 9 21 2 2 0 74
3 9 21 0 3 1 79
3 9 20 2 0 3 47
3 9 20 0 1 4 53
3 9 19 3 3 0 9
3 9 19 1 4 1 128
3 9 18 5 0 2 83
3 9 18 3 1 3 6
3 9 18 1 2 4 7
3 9 17 4 4 0 59
3 9 17 2 5 1 144
3 9 17 1 0 7 34
3 9 17 0 6 2 57
3 9 16 8 0 1 192
3 9 16 6 1 2 87
3 9 16 4 2 3 145
3 9 16 2 3 4 137
3 9 16 0 4 5 171
3 9 15 5 5 0 150
3 9 15 4 0 6 166
3 9 15 3 6 1 116
3 9 15 2 1 7 175
3 9 15 1 7 2 116
3 9 15 0 2 8 11
3 9 14 11 0 0 160
3 9 14 9 1 1 46
3 9 14 7 2 2 116
3 9 14 5 3 3 181
3 9 14 3 4 4 180
3 9 14 1 5 5 76
3 9 14 0 11 0 152
3 9 14 0 0 11 158
3 9 13 7 0 5 107
3 9 13 6 6 0 137
3 9 13 5 1 6 42
3 9 13 4 7 1 178
3 9 13 3 2 7 66
3 9 13 2 8 2 191
3 9 13 1 3 8 168
3 9 13 0 9 3 186
3 9 12 12 1 0 156
3 9 12 10 2 1 105
3 9 12 8 3 2 164
3 9 12 6 4 3 23
3 9 12 4 5 4 101
3 9 12 3 0 10 41
3 9 12 2 6 5 109
3 9 12 1 12 0 52
3 9 12 1 1 11 21
3 9 12 0 7 6 173
3 9 11 10 0 4 187
3 9 11 8 1 5 97
3 9 11 7 7 0 42
3 9 11 6 2 6 84
3 9 11 4 3 7 138
3 9 11 3 9 2 49
3 9 11 2 4 8 98
3 9 11 1 10 3 77
3 9 11 0 5 9 120
3 9 10 13 2 0 91
3 9 10 11 3 1 73
3 9 10 9 4 2 190
3 9 10 7 5 3 183
3 9 10 6 0 9 164
3 9 10 5 6 4 28
3 9 10 4 1 10 85
3 9 10 3 7 5 107
3 9 10 2 13 0 173
3 9 10 2 2 11 167
3 9 10 1 8 6 16
3 9 10 0 14 1 21
3 9 10 0 3 12 23
3 9 9 13 0 3 154
3 9 9 11 1 4 46
3 9 9 9 2 5 7
3 9 9 8 8 0 81
3 9 9 7 3 6 115
3 9 9 6 9 1 83
3 9 9 5 4 7 180
3 9 9 4 10 2 161
3 9 9 3 5 8 35
3 9 9 2 11 3 137
3 9 9 2 0 14 164
3 9 9 1 6 9 111
3 9 9 0 12 4 14
3 9 9 0 1 15 84
3 9 8 14 3 0 179
3 9 8 12 4 1 94
3 9 8 10 5 2 194
3 9 8 9 0 8 41
3 9 8 8 6 3 82
3 9 8 7 1 9 169
3 9 8 6 7 4 23
3 9 8 5 2 10 29
3 9 8 4 8 5 189
3 9 8 3 14 0 173
3 9 8 3 3 11 52
3 9 8 2 9 6 63
3 9 8 1 15 1 50
3 9 8 1 4 12 175
3 9 8 0 10 7 162
3 9 7 16 0 2 177
3 9 7 14 1 3 183
3 9 7 12 2 4 28
3 9 7 10 3 5 184
3 9 7 9 9 0 181
3 9 7 8 4 6 9
3 9 7 7 10 1 176
3 9 7 6 5 7 192
3 9 7 5 11 2 128
3 9 7 5 0 13 52
3 9 7 4 6 8 137
3 9 7 3 12 3 107
3 9 7 3 1 14 2
3 9 7 2 7 9 125
3 9 7 1 13 4 77
3 9 7 1 2 15 59
3 9 7 0 8 10 180
3 9 6 15 4 0 35
3 9 6 13 5 1 62
3 9 6 12 0 7 35
3 9 6 11 6 2 173
3 9 6 10 1 8 71
3 9 6 9 7 3 191
3 9 6 8 2 9 141
3 9 6 7 8 4 196
3 9 6 6 3 10 45
3 9 6 5 9 5 171
3 9 6 4 15 0 129
3 9 6 4 4 11 70
3 9 6 3 10 6 164
3 9 6 2 16 1 196
3 9 6 2 5 12 50
3 9 6 1 11 7 51
3 9 6 1 0 18 5
3 9 6 0 17 2 162
3 9 6 0 6 13 38
3 9 5 19 0 1 103
3 9 5 17 1 2 89
3 9 5 15 2 3 193
3 9 5 13 3 4 106
3 9 5 11 4 5 139
3 9 5 10 10 0 103
3 9 5 9 5 6 84
3 9 5 8 11 1 137
3 9 5 8 0 12 155
3 9 5 7 6 7 121
3 9 5 6 12 2 106
3 9 5 6 1 13 104
3 9 5 5 7 8 132
3 9 5 4 13 3 35
3 9 5 4 2 14 13
3 9 5 3 8 9 104
3 9 5 2 14 4 93
3 9 5 2 3 15 137
3 9 5 1 9 10 189
3 9 5 0 15 5 183
3 9 5 0 4 16 56
3 9 4 16 5 0 181
3 9 4 15 0 6 132
3 9 4 14 6 1 16
3 9 4 13 1 7 103
3 9 4 12 7 2 170
3 9 4 11 2 8 114
3 9 4 10 8 3 127
3 9 4 9 3 9 99
3 9 4 8 9 4 147
3 9 4 7 4 10 79
3 9 4 6 10 5 30
3 9 4 5 16 0 109
3 9 4 4 11 6 19
3 9 4 4 0 17 171
3 9 4 3 17 1 88
3 9 4 3 6 12 4
3 9 4 2 12 7 82
3 9 4 2 1 18 59
3 9 4 1 18 2 118
3 9 4 1 7 13 152
3 9 4 0 13 8 124
3 9 4 0 2 19 108
3 9 3 22 0 0 43
3 9 3 20 1 1 113
3 9 3 18 2 2 188
3 9 3 16 3 3 175
3 9 3 14 4 4 170
3 9 3 12 5 5 192
3 9 3 11 11 0 17
3 9 3 11 0 11 175
3 9 3 10 6 6 82
3 9 3 9 12 1 2
3 9 3 9 1 12 76
3 9 3 8 7 7 109
3 9 3 7 13 2 43
3 9 3 7 2 13 18
3 9 3 6 8 8 77
3 9 3 5 14 3 30
3 9 3 5 3 14 3
3 9 3 4 9 9 7
3 9 3 3 15 4 155
3 9 3 3 4 15 40
3 9 3 2 10 10 173
3 9 3 1 16 5 129
3 9 3 1 5 16 149
3 9 3 0 22 0 151
3 9 3 0 11 11 149
3 9 3 0 0 22 67
3 9 2 18 0 5 150
3 9 2 17 6 0 26
3 9 2 16 1 6 162
3 9 2 15 7 1 147
3 9 2 14 2 7 9
3 9 2 13 8 2 173
3 9 2 12 3 8 22
3 9 2 11 9 3 165
3 9 2 10 4 9 29
3 9 2 9 10 4 73
3 9 2 8 5 10 101
3 9 2 7 11 5 180
3 9 2 7 0 16 152
3 9 2 6 17 0 133
3 9 2 6 6 11 87
3 9 2 5 12 6 167
3 9 2 5 1 17 144
3 9 2 4 18 1 117
3 9 2 4 7 12 26
3 9 2 3 13 7 187
3 9 2 3 2 18 108
3 9 2 2 19 2 24
3 9 2 2 8 13 17
3 9 2 1 14 8 108
3 9 2 1 3 19 130
3 9 2 0 20 3 183
3 9 2 0 9 14 164
3 9 1 23 1 0 124
3 9 1 21 2 1 167
3 9 1 19 3 2 158
3 9 1 17 4 3 147
3 9 1 15 5 4 187
3 9 1 14 0 10 112
3 9 1 13 6 5 186
3 9 1 12 12 0 13
3 9 1 12 1 11 60
3 9 1 11 7 6 18
3 9 1 10 13 1 167
3 9 1 10 2 12 85
3 9 1 9 8 7 184
3 9 1 8 14 2 89
3 9 1 8 3 13 171
3 9 1 7 9 8 130
3 9 1 6 15 3 24
3 9 1 6 4 14 164
3 9 1 5 10 9 150
3 9 1 4 16 4 23
3 9 1 4 5 15 30
3 9 1 3 11 10 146
3 9 1 3 0 21 180
3 9 1 2 17 5 60
3 9 1 2 6 16 43
3 9 1 1 23 0 143
3 9 1 1 12 11 22
3 9 1 1 1 22 24
3 9 1 0 18 6 115
3 9 1 0 7 17 139
3 9 0 21 0 4 163
3 9 0 19 1 5 36
3 9 0 18 7 0 151
3 9 0 17 2 6 135
3 9 0 16 8 1 152
3 9 0 14 9 2 160
3 9 0 13 4 8 82
3 9 0 12 10 3 182
3 9 0 11 5 9 192
3 9 0 10 11 4 84
3 9 0 10 0 15 13
3 9 0 9 6 10 47
3 9 0 8 12 5 77
3 9 0 8 1 16 159
3 9 0 7 18 0 30
3 9 0 7 7 11 143
3 9 0 6 13 6 51
3 9 0 6 2 17 119
3 9 0 5 19 1 151
3 9 0 5 8 12 49
3 9 0 4 14 7 143
3 9 0 4 3 18 58
3 9 0 3 20 2 168
3 9 0 3 9 13 129
3 9 0 2 15 8 118
3 9 0 2 4 19 191
3 9 0 1 21 3 60
3 9 0 1 10 14 108
3 9 0 0 16 9 127
3 9 0 0 5 20 18
3 8 24 0 0 2 104
3 8 22 3 0 1 56
3 8 22 1 1 2 37
3 8 21 0 5 0 157
3 8 20 6 0 0 1
3 8 20 4 1 1 151
3 8 20 2 2 2 79
3 8 20 0 3 3 64
3 8 19 1 6 0 130
3 8 19 0 1 6 134
3 8 18 7 1 0 168
3 8 18 5 2 1 128
3 8 18 3 3 2 86
3 8 18 1 4 3 103
3 8 17 5 0 4 125
3 8 17 3 1 5 92
3 8 17 2 7 0 156
3 8 17 1 2 6 43
3 8 17 0 8 1 196
3 8 16 8 2 0 9
3 8 16 6 3 1 10
3 8 16 4 4 2 85
3 8 16 2 5 3 170
3 8 16 1 0 9 130
3 8 16 0 6 4 116
3 8 15 8 0 3 154
3 8 15 6 1 4 139
3 8 15 4 2 5 35
3 8 15 3 8 0 123
3 8 15 2 3 6 197
3 8 15 1 9 1 94
3 8 15 0 4 7 106
3 8 14 9 3 0 147
3 8 14 7 4 1 142
3 8 14 5 5 2 94
3 8 14 4 0 8 156
3 8 14 3 6 3 113
3 8 14 2 1 9 98
3 8 14 1 7 4 196
3 8 14 0 2 10 192
3 8 13 11 0 2 19
3 8 13 9 1 3 119
3 8 13 7 2 4 29
3 8 13 5 3 5 119
3 8 13 4 9 0 115
3 8 13 3 4 6 121
3 8 13 2 10 1 37
3 8 13 1 5 7 117
3 8 13 0 11 2 74
3 8 13 0 0 13 106
3 8 12 10 4 0 26
3 8 12 8 5 1 63
3 8 12 7 0 7 29
3 8 12 6 6 2 42
3 8 12 5 1 8 189
3 8 12 4 7 3 154
3 8 12 3 2 9 67
3 8 12 2 8 4 104
3 8 12 1 3 10 173
3 8 12 0 9 5 66
3 8 11 14 0 1 129
3 8 11 12 1 2 15
3 8 11 10 2 3 144
3 8 11 8 3 4 86
3 8 11 6 4 5 195
3 8 11 4 5 6 172
3 8 11 3 11 1 43
3 8 11 3 0 12 44
3 8 11 2 6 7 134
3 8 11 1 12 2 18
3 8 11 1 1 13 73
3 8 11 0 7 8 26
3 8 10 11 5 0 187
3 8 10 10 0 6 34
3 8 10 9 6 1 182
3 8 10 8 1 7 48
3 8 10 7 7 2 175
3 8 10 6 2 8 95
3 8 10 5 8 3 110
3 8 10 4 3 9 136
3 8 10 3 9 4 21
3 8 10 2 4 10 142
3 8 10 1 10 5 161
3 8 10 0 16 0 45
3 8 10 0 5 11 152
3 8 9 17 0 0 15
3 8 9 15 1 1 16
3 8 9 13 2 2 99
3 8 9 11 3 3 136
3 8 9 9 4 4 39
3 8 9 7 5 5 135
3 8 9 6 11 0 143
3 8 9 6 0 11 42
3 8 9 5 6 6 25
3 8 9 4 12 1 193
3 8 9 4 1 12 154
3 8 9 3 7 7 137
3 8 9 2 13 2 4
3 8 9 2 2 13 73
3 8 9 1 8 8 27
3 8 9 0 14 3 60
3 8 9 0 3 14 160
3 8 8 13 0 5 132
3 8 8 12 6 0 52
3 8 8 11 1 6 20
3 8 8 10 7 1 171
3 8 8 9 2 7 178
3 8 8 8 8 2 101
3 8 8 7 3 8 45
3 8 8 6 9 3 15
3 8 8 5 4 9 45
3 8 8 4 10 4 131
3 8 8 3 5 10 139
3 8 8 2 11 5 80
3 8 8 2 0 16 146
3 8 8 1 17 0 162
3 8 8 1 6 11 13
3 8 8 0 12 6 63
3 8 8 0 1 17 148
3 8 7 18 1 0 191
3 8 7 16 2 1 98
3 8 7 14 3 2 61
3 8 7 12 4 3 75
3 8 7 10 5 4 176
3 8 7 9 0 10 144
3 8 7 8 6 5 119
3 8 7 7 12 0 36
3 8 7 7 1 11 130
3 8 7 6 7 6 32
3 8 7 5 13 1 151
3 8 7 5 2 12 198
3 8 7 4 8 7 83
3 8 7 3 14 2 114
3 8 7 3 3 13 1
3 8 7 2 9 8 124
3 8 7 1 15 3 88
3 8 7 1 4 14 165
3 8 7 0 10 9 163
3 8 6 16 0 4 107
3 8 6 14 1 5 79
3 8 6 13 7 0 39
3 8 6 12 2 6 40
3 8 6 11 8 1 131
3 8 6 10 3 7 31
3 8 6 9 9 2 87
3 8 6 8 4 8 33
3 8 6 7 10 3 5
3 8 6 6 5 9 153
3 8 6 5 11 4 66
3 8 6 5 0 15 60
3 8 6 4 6 10 134
3 8 6 3 12 5 42
3 8 6 3 1 16 35
3 8 6 2 18 0 5
3 8 6 2 7 11 50
3 8 6 1 13 6 140
3 8 6 1 2 17 29
3 8 6 0 19 1 112
3 8 6 0 8 12 162
3 8 5 19 2 0 82
3 8 5 17 3 1 183
3 8 5 15 4 2 166
3 8 5 13 5 3 33
3 8 5 12 0 9 39
3 8 5 11 6 4 12
3 8 5 10 1 10 1
3 8 5 9 7 5 48
3 8 5 8 13 0 127
3 8 5 8 2 11 55
3 8 5 7 8 6 166
3 8 5 6 14 1 173
3 8 5 6 3 12 35
3 8 5 5 9 7 116
3 8 5 4 15 2 57
3 8 5 4 4 13 40
3 8 5 3 10 8 156
3 8 5 2 16 3 46
3 8 5 2 5 14 88
3 8 5 1 11 9 107
3 8 5 1 0 20 140
3 8 5 0 17 4 130
3 8 5 0 6 15 33
3 8 4 19 0 3 115
3 8 4 17 1 4 187
3 8 4 15 2 5 119
3 8 4 14 8 0 195
3 8 4 13 3 6 12
3 8 4 12 9 1 190
3 8 4 11 4 7 137
3 8 4 10 10 2 116
3 8 4 9 5 8 124
3 8 4 8 11 3 130
3 8 4 8 0 14 163
3 8 4 7 6 9 60
3 8 4 6 12 4 90
3 8 4 6 1 15 54
3 8 4 5 7 10 20
3 8 4 4 13 5 177
3 8 4 4 2 16 61
3 8 4 3 19 0 78
3 8 4 3 8 11 4
3 8 4 2 14 6 95
3 8 4 2 3 17 3
3 8 4 1 20 1 121
3 8 4 1 9 12 25
3 8 4 0 15 7 65
3 8 4 0 4 18 93
3 8 3 20 3 0 139
3 8 3 18 4 1 133
3 8 3 16 5 2 182
3 8 3 15 0 8 116
3 8 3 14 6 3 100
3 8 3 13 1 9 130
3 8 3 12 7 4 165
3 8 3 11 2 10 183
3 8 3 10 8 5 46
3 8 3 9 14 0 94
3 8 3 9 3 11 148
3 8 3 8 9 6 69
3 8 3 7 15 1 65
3 8 3 7 4 12 120
3 8 3 6 10 7 16
3 8 3 5 16 2 91
3 8 3 5 5 13 80
3 8 3 4 11 8 165
3 8 3 4 0 19 77
3 8 3 3 17 3 99
3 8 3 3 6 14 105
3 8 3 2 12 9 139
3 8 3 2 1 20 120
3 8 3 1 18 4 179
3 8 3 1 7 15 39
3 8 3 0 13 10 92
3 8 3 0 2 21 145
3 8 2 22 0 2 51
3 8 2 20 1 3 7
3 8 2 18 2 4 182
3 8 2 16 3 5 23
3 8 2 15 9 0 119
3 8 2 14 4 6 49
3 8 2 13 10 1 135
3 8 2 12 5 7 79
3 8 2 11 11 2 84
3 8 2 11 0 13 56
3 8 2 10 6 8 118
3 8 2 9 12 3 108
3 8 2 9 1 14 75
3 8 2 8 7 9 34
3 8 2 7 13 4 113
3 8 2 7 2 15 67
3 8 2 6 8 10 23
3 8 2 5 14 5 42
3 8 2 5 3 16 142
3 8 2 4 20 0 73
3 8 2 4 9 11 100
3 8 2 3 15 6 132
3 8 2 3 4 17 119
3 8 2 2 21 1 159
3 8 2 2 10 12 76
3 8 2 1 16 7 189
3 8 2 1 5 18 116
3 8 2 0 22 2 157
3 8 2 0 11 13 25
3 8 2 0 0 24 163
3 8 1 21 4 0 184
3 8 1 19 5 1 64
3 8 1 18 0 7 54
3 8 1 17 6 2 103
3 8 1 16 1 8 175
3 8 1 15 7 3 100
3 8 1 14 2 9 156
3 8 1 13 8 4 20
3 8 1 12 3 10 178
3 8 1 11 9 5 76
3 8 1 10 15 0 132
3 8 1 10 4 11 109
3 8 1 9 10 6 106
3 8 1 8 16 1 91
3 8 1 8 5 12 63
3 8 1 7 11 7 127
3 8 1 7 0 18 132
3 8 1 6 17 2 70
3 8 1 6 6 13 124
3 8 1 5 12 8 70
3 8 1 5 1 19 50
3 8 1 4 18 3 130
3 8 1 4 7 14 64
3 8 1 3 13 9 183
3 8 1 3 2 20 143
3 8 1 2 19 4 20
3 8 1 2 8 15 176
3 8 1 1 14 10 92
3 8 1 1 3 21 180
3 8 1 0 20 5 119
3 8 1 0 9 16 59
3 8 0 25 0 1 121
3 8 0 23 1 2 79
3 8 0 21 2 3 156
3 8 0 19 3 4 152
3 8 0 17 4 5 108
3 8 0 16 10 0 38
3 8 0 15 5 6 53
3 8 0 14 11 1 31
3 8 0 14 0 12 44
3 8 0 13 6 7 61
3 8 0 12 12 2 196
3 8 0 12 1 13 94
3 8 0 11 7 8 80
3 8 0 10 13 3 1
3 8 0 10 2 14 129
3 8 0 9 8 9 131
3 8 0 8 14 4 5
3 8 0 8 3 15 190
3 8 0 7 9 10 105
3 8 0 6 15 5 162
3 8 0 6 4 16 112
3 8 0 5 21 0 28
3 8 0 5 10 11 70
3 8 0 4 16 6 118
3 8 0 4 5 17 88
3 8 0 3 22 1 123
3 8 0 3 11 12 2
3 8 0 3 0 23 142
3 8 0 2 17 7 11
3 8 0 2 6 18 99
3 8 0 1 23 2 133
3 8 0 1 12 13 141
3 8 0 1 1 24 145
3 8 0 0 18 8 189
3 8 0 0 7 19 64
3 7 26 1 0 0 122
3 7 24 2 1 0 93
3 7 24 0 2 1 31
3 7 23 0 0 4 3
3 7 22 3 2 0 51
3 7 22 1 3 1 42
3 7 21 3 0 3 103
3 7 21 1 1 4 58
3 7 20 4 3 0 198
3 7 20 2 4 1 46
3 7 20 0 5 2 12
3 7 19 6 0 2 184
3 7 19 4 1 3 9
3 7 19 2 2 4 52
3 7 19 0 3 5 114
3 7 18 5 4 0 170
3 7 18 3 5 1 85
3 7 18 2 0 7 84
3 7 18 1 6 2 21
3 7 18 0 1 8 143
3 7 17 9 0 1 39
3 7 17 7 1 2 148
3 7 17 5 2 3 69
3 7 17 3 3 4 142
3 7 17 1 4 5 126
3 7 17 0 10 0 6
3 7 16 6 5 0 128
3 7 16 5 0 6 84
3 7 16 4 6 1 45
3 7 16 3 1 7 195
3 7 16 2 7 2 15
3 7 16 1 2 8 73
3 7 16 0 8 3 80
3 7 15 12 0 0 139
3 7 15 10 1 1 175
3 7 15 8 2 2 82
3 7 15 6 3 3 157
3 7 15 4 4 4 127
3 7 15 2 5 5 105
3 7 15 1 11 0 65
3 7 15 1 0 11 148
3 7 15 0 6 6 3
3 7 14 8 0 5 68
3 7 14 7 6 0 15
3 7 14 6 1 6 31
3 7 14 5 7 1 77
3 7 14 4 2 7 37
3 7 14 3 8 2 138
3 7 14 2 3 8 75
3 7 14 1 9 3 151
3 7 14 0 4 9 96
3 7 13 13 1 0 66
3 7 13 11 2 1 141
3 7 13 9 3 2 74
3 7 13 7 4 3 184
3 7 13 5 5 4 103
3 7 13 4 0 10 176
3 7 13 3 6 5 80
3 7 13 2 12 0 154
3 7 13 2 1 11 4
3 7 13 1 7 6 18
3 7 13 0 13 1 186
3 7 13 0 2 12 116
3 7 12 11 0 4 154
3 7 12 9 1 5 25
3 7 12 8 7 0 153
3 7 12 7 2 6 17
3 7 12 6 8 1 165
3 7 12 5 3 7 153
3 7 12 4 9 2 188
3 7 12 3 4 8 158
3 7 12 2 10 3 126
3 7 12 1 5 9 127
3 7 12 0 11 4 191
3 7 12 0 0 15 197
3 7 11 14 2 0 51
3 7 11 12 3 1 132
3 7 11 10 4 2 31
3 7 11 8 5 3 63
3 7 11 7 0 9 78
3 7 11 6 6 4 110
3 7 11 5 1 10 84
3 7 11 4 7 5 122
3 7 11 3 13 0 65
3 7 11 3 2 11 87
3 7 11 2 8 6 122
3 7 11 1 14 1 47
3 7 11 1 3 12 31
3 7 11 0 9 7 45
3 7 10 14 0 3 169
3 7 10 12 1 4 94
3 7 10 10 2 5 180
3 7 10 9 8 0 94
3 7 10 8 3 6 42
3 7 10 7 9 1 30
3 7 10 6 4 7 35
3 7 10 5 10 2 53
3 7 10 4 5 8 88
3 7 10 3 11 3 100
3 7 10 3 0 14 138
3 7 10 2 6 9 50
3 7 10 1 12 4 91
3 7 10 1 1 15 138
3 7 10 0 7 10 116
3 7 9 15 3 0 43
3 7 9 13 4 1 87
3 7 9 11 5 2 181
3 7 9 10 0 8 20
3 7 9 9 6 3 49
3 7 9 8 1 9 79
3 7 9 7 7 4 158
3 7 9 6 2 10 182
3 7 9 5 8 5 178
3 7 9 4 14 0 50
3 7 9 4 3 11 66
3 7 9 3 9 6 152
3 7 9 2 15 1 162
3 7 9 2 4 12 175
3 7 9 1 10 7 93
3 7 9 0 16 2 197
3 7 9 0 5 13 31
3 7 8 17 0 2 181
3 7 8 15 1 3 101
3 7 8 13 2 4 169
3 7 8 11 3 5 36
3 7 8 10 9 0 44
3 7 8 9 4 6 195
3 7 8 8 10 1 172
3 7 8 7 5 7 80
3 7 8 6 11 2 149
3 7 8 6 0 13 166
3 7 8 5 6 8 194
3 7 8 4 12 3 40
3 7 8 4 1 14 187
3 7 8 3 7 9 91
3 7 8 2 13 4 40
3 7 8 2 2 15 103
3 7 8 1 8 10 69
3 7 8 0 14 5 50
3 7 8 0 3 16 184
3 7 7 16 4 0 27
3 7 7 14 5 1 183
3 7 7 13 0 7 23
3 7 7 12 6 2 118
3 7 7 11 1 8 27
3 7 7 10 7 3 6
3 7 7 9 2 9 83
3 7 7 8 8 4 12
3 7 7 7 3 10 93
3 7 7 6 9 5 9
3 7 7 5 15 0 31
3 7 7 5 4 11 28
3 7 7 4 10 6 47
3 7 7 3 16 1 26
3 7 7 3 5 12 12
3 7 7 2 11 7 59
3 7 7 2 0 18 197
3 7 7 1 17 2 157
3 7 7 1 6 13 63
3 7 7 0 12 8 36
3 7 7 0 1 19 58
3 7 6 20 0 1 143
3 7 6 18 1 2 111
3 7 6 16 2 3 164
3 7 6 14 3 4 61
3 7 6 12 4 5 185
3 7 6 11 10 0 163
3 7 6 10 5 6 162
3 7 6 9 11 1 22
3 7 6 9 0 12 181
3 7 6 8 6 7 30
3 7 6 7 12 2 123
3 7 6 7 1 13 81
3 7 6 6 7 8 2
3 7 6 5 13 3 126
3 7 6 5 2 14 130
3 7 6 4 8 9 62
3 7 6 3 14 4 88
3 7 6 3 3 15 90
3 7 6 2 9 10 97
3 7 6 1 15 5 68
3 7 6 1 4 16 188
3 7 6 0 21 0 28
3 7 6 0 10 11 1
3 7 5 17 5 0 35
3 7 5 16 0 6 157
3 7 5 15 6 1 50
3 7 5 14 1 7 26
3 7 5 13 7 2 10
3 7 5 12 2 8 194
3 7 5 11 8 3 104
3 7 5 10 3 9 147
3 7 5 9 9 4 97
3 7 5 8 4 10 84
3 7 5 7 10 5 197
3 7 5 6 16 0 42
3 7 5 6 5 11 43
3 7 5 5 11 6 197
3 7 5 5 0 17 164
3 7 5 4 17 1 15
3 7 5 4 6 12 181
3 7 5 3 12 7 147
3 7 5 3 1 18 198
3 7 5 2 18 2 20
3 7 5 2 7 13 77
3 7 5 1 13 8 189
3 7 5 1 2 19 146
3 7 5 0 19 3 47
3 7 5 0 8 14 84
3 7 4 23 0 0 146
3 7 4 21 1 1 115
3 7 4 19 2 2 177
3 7 4 17 3 3 31
3 7 4 15 4 4 127
3 7 4 13 5 5 105
3 7 4 12 11 0 153
3 7 4 12 0 11 110
3 7 4 11 6 6 195
3 7 4 10 12 1 167
3 7 4 10 1 12 129
3 7 4 9 7 7 53
3 7 4 8 13 2 188
3 7 4 8 2 13 120
3 7 4 7 8 8 58
3 7 4 6 14 3 190
3 7 4 6 3 14 133
3 7 4 5 9 9 162
3 7 4 4 15 4 1
3 7 4 4 4 15 116
3 7 4 3 10 10 90
3 7 4 2 16 5 15
3 7 4 2 5 16 56
3 7 4 1 22 0 129
3 7 4 1 11 11 76
3 7 4 1 0 22 150
3 7 4 0 17 6 171
3 7 4 0 6 17 106
3 7 3 19 0 5 28
3 7 3 18 6 0 74
3 7 3 17 1 6 60
3 7 3 16 7 1 125
3 7 3 15 2 7 37
3 7 3 14 8 2 5
3 7 3 13 3 8 51
3 7 3 12 9 3 153
3 7 3 11 4 9 76
3 7 3 10 10 4 81
3 7 3 9 5 10 39
3 7 3 8 11 5 142
3 7 3 8 0 16 69
3 7 3 7 17 0 126
3 7 3 7 6 11 188
3 7 3 6 12 6 127
3 7 3 6 1 17 131
3 7 3 5 18 1 27
3 7 3 5 7 12 3
3 7 3 4 13 7 135
3 7 3 4 2 18 29
3 7 3 3 19 2 193
3 7 3 3 8 13 141
3 7 3 2 14 8 2
3 7 3 2 3 19 187
3 7 3 1 20 3 196
3 7 3 1 9 14 116
3 7 3 0 15 9 181
3 7 3 0 4 20 161
3 7 2 22 2 1 177
3 7 2 20 3 2 73
3 7 2 18 4 3 74
3 7 2 16 5 4 39
3 7 2 15 0 10 14
3 7 2 14 6 5 1
3 7 2 13 12 0 115
3 7 2 13 1 11 5
3 7 2 12 7 6 60
3 7 2 11 13 1 101
3 7 2 11 2 12 145
3 7 2 10 8 7 131
3 7 2 9 14 2 114
3 7 2 9 3 13 143
3 7 2 8 9 8 122
3 7 2 7 15 3 191
3 7 2 7 4 14 194
3 7 2 6 10 9 162
3 7 2 5 16 4 125
3 7 2 5 5 15 60
3 7 2 4 11 10 51
3 7 2 4 0 21 145
3 7 2 3 6 16 70
3 7 2 2 23 0 94
3 7 2 2 12 11 136
3 7 2 2 1 22 168
3 7 2 1 18 6 118
3 7 2 1 7 17 189
3 7 2 0 24 1 179
3 7 2 0 13 12 172
3 7 2 0 2 23 100
3 7 1 22 0 4 123
3 7 1 20 1 5 23
3 7 1 19 7 0 59
3 7 1 18 2 6 120
3 7 1 17 8 1 45
3 7 1 16 3 7 68
3 7 1 15 9 2 9
3 7 1 14 4 8 154
3 7 1 13 10 3 39
3 7 1 12 5 9 53
3 7 1 11 11 4 76
3 7 1 11 0 15 83
3 7 1 10 6 10 112
3 7 1 9 12 5 31
3 7 1 9 1 16 14
3 7 1 8 18 0 29
3 7 1 8 7 11 144
3 7 1 7 13 6 79
3 7 1 7 2 17 40
3 7 1 6 19 1 41
3 7 1 6 8 12 103
3 7 1 5 14 7 8
3 7 1 5 3 18 162
3 7 1 4 20 2 154
3 7 1 4 9 13 87
3 7 1 3 15 8 153
3 7 1 3 4 19 124
3 7 1 2 21 3 106
3 7 1 2 10 14 3
3 7 1 1 16 9 179
3 7 1 1 5 20 88
3 7 1 0 22 4 154
3 7 1 0 0 26 195
3 7 0 25 2 0 159
3 7 0 23 3 1 167
3 7 0 21 4 2 120
3 7 0 19 5 3 58
3 7 0 18 0 9 100
3 7 0 17 6 4 146
3 7 0 16 1 10 74
3 7 0 15 7 5 111
3 7 0 14 13 0 115
3 7 0 14 2 11 183
3 7 0 13 8 6 156
3 7 0 12 14 1 163
3 7 0 12 3 12 20
3 7 0 11 9 7 79
3 7 0 10 15 2 5
3 7 0 10 4 13 163
3 7 0 9 10 8 112
3 7 0 8 16 3 20
3 7 0 8 5 14 26
3 7 0 7 11 9 51
3 7 0 7 0 20 137
3 7 0 6 17 4 2
3 7 0 6 6 15 1
3 7 0 5 12 10 2
3 7 0 5 1 21 31
3 7 0 4 18 5 119
3 7 0 4 7 16 35
3 7 0 3 24 0 77
3 7 0 3 13 11 132
3 7 0 3 2 22 31
3 7 0 2 19 6 90
3 7 0 2 8 17 57
3 7 0 1 25 1 172
3 7 0 1 14 12 170
3 7 0 1 3 23 158
3 7 0 0 20 7 18
3 7 0 0 9 18 132
3 6 25 1 0 2 85
3 6 24 0 4 0 124
3 6 23 4 0 1 142
3 6 23 2 1 2 190
3 6 23 0 2 3 97
3 6 22 1 5 0 111
3 6 22 0 0 6 190
3 6 21 7 0 0 169
3 6 21 5 1 1 34
3 6 21 3 2 2 194
3 6 21 1 3 3 135
3 6 20 3 0 5 79
3 6 20 2 6 0 86
3 6 20 1 1 6 130
3 6 20 0 7 1 168
3 6 19 8 1 0 34
3 6 19 6 2 1 80
3 6 19 4 3 2 90
3 6 19 2 4 3 11
3 6 19 0 5 4 92
3 6 18 6 0 4 179
3 6 18 4 1 5 155
3 6 18 3 7 0 63
3 6 18 2 2 6 160
3 6 18 1 8 1 171
3 6 18 0 3 7 67
3 6 17 9 2 0 96
3 6 17 7 3 1 76
3 6 17 5 4 2 152
3 6 17 3 5 3 182
3 6 17 2 0 9 33
3 6 17 1 6 4 36
3 6 17 0 1 10 148
3 6 16 9 0 3 62
3 6 16 7 1 4 46
3 6 16 5 2 5 117
3 6 16 4 8 0 77
3 6 16 3 3 6 87
3 6 16 2 9 1 114
3 6 16 1 4 7 115
3 6 16 0 10 2 160
3 6 15 10 3 0 117
3 6 15 8 4 1 18
3 6 15 6 5 2 6
3 6 15 5 0 8 24
3 6 15 4 6 3 4
3 6 15 3 1 9 92
3 6 15 2 7 4 51
3 6 15 1 2 10 147
3 6 15 0 8 5 113
3 6 14 12 0 2 184
3 6 14 10 1 3 38
3 6 14 8 2 4 132
3 6 14 6 3 5 126
3 6 14 5 9 0 64
3 6 14 4 4 6 150
3 6 14 3 10 1 31
3 6 14 2 5 7 70
3 6 14 1 11 2 107
3 6 14 1 0 13 113
3 6 14 0 6 8 16
3 6 13 11 4 0 141
3 6 13 9 5 1 159
3 6 13 8 0 7 100
3 6 13 7 6 2 145
3 6 13 6 1 8 8
3 6 13 5 7 3 133
3 6 13 4 2 9 42
3 6 13 3 8 4 166
3 6 13 2 3 10 117
3 6 13 1 9 5 143
3 6 13 0 15 0 80
3 6 13 0 4 11 110
3 6 12 15 0 1 27
3 6 12 13 1 2 7
3 6 12 11 2 3 93
3 6 12 9 3 4 58
3 6 12 7 4 5 67
3 6 12 6 10 0 149
3 6 12 5 5 6 65
3 6 12 4 11 1 167
3 6 12 4 0 12 131
3 6 12 3 6 7 36
3 6 12 2 12 2 80
3 6 12 2 1 13 24
3 6 12 1 7 8 55
3 6 12 0 13 3 9
3 6 12 0 2 14 16
3 6 11 12 5 0 9
3 6 11 11 0 6 54
3 6 11 10 6 1 53
3 6 11 8 7 2 50
3 6 11 7 2 8 9
3 6 11 6 8 3 44
3 6 11 5 3 9 10
3 6 11 4 9 4 108
3 6 11 3 4 10 55
3 6 11 2 10 5 167
3 6 11 1 16 0 120
3 6 11 1 5 11 144
3 6 11 0 11 6 189
3 6 11 0 0 17 114
3 6 10 18 0 0 188
3 6 10 16 1 1 84
3 6 10 14 2 2 120
3 6 10 12 3 3 108
3 6 10 10 4 4 152
3 6 10 8 5 5 14
3 6 10 7 11 0 156
3 6 10 7 0 11 103
3 6 10 6 6 6 118
3 6 10 5 12 1 111
3 6 10 5 1 12 70
3 6 10 4 7 7 136
3 6 10 3 13 2 12
3 6 10 3 2 13 50
3 6 10 2 8 8 177
3 6 10 1 14 3 15
3 6 10 1 3 14 100
3 6 10 0 9 9 18
3 6 9 14 0 5 139
3 6 9 13 6 0 145
3 6 9 12 1 6 182
3 6 9 11 7 1 80
3 6 9 10 2 7 120
3 6 9 9 8 2 132
3 6 9 8 3 8 42
3 6 9 7 9 3 49
3 6 9 6 4 9 89
3 6 9 5 10 4 127
3 6 9 4 5 10 198
3 6 9 3 11 5 76
3 6 9 3 0 16 51
3 6 9 2 17 0 159
3 6 9 2 6 11 58
3 6 9 1 12 6 43
3 6 9 1 1 17 112
3 6 9 0 18 1 105
3 6 9 0 7 12 154
3 6 8 19 1 0 15
3 6 8 17 2 1 65
3 6 8 15 3 2 95
3 6 8 13 4 3 145
3 6 8 11 5 4 49
3 6 8 10 0 10 37
3 6 8 9 6 5 27
3 6 8 8 12 0 74
3 6 8 8 1 11 165
3 6 8 7 7 6 193
3 6 8 6 13 1 50
3 6 8 6 2 12 105
3 6 8 5 8 7 102
3 6 8 4 14 2 81
3 6 8 4 3 13 101
3 6 8 3 9 8 103
3 6 8 2 15 3 167
3 6 8 2 4 14 144
3 6 8 1 10 9 142
3 6 8 0 16 4 164
3 6 8 0 5 15 43
3 6 7 17 0 4 107
3 6 7 15 1 5 163
3 6 7 14 7 0 99
3 6 7 13 2 6 41
3 6 7 12 8 1 21
3 6 7 11 3 7 120
3 6 7 10 9 2 32
3 6 7 9 4 8 6
3 6 7 8 10 3 34
3 6 7 7 5 9 70
3 6 7 6 11 4 119
3 6 7 6 0 15 89
3 6 7 5 6 10 174
3 6 7 4 12 5 38
3 6 7 4 1 16 159
3 6 7 3 18 0 80
3 6 7 3 7 11 58
3 6 7 2 13 6 3
3 6 7 2 2 17 11
3 6 7 1 19 1 14
3 6 7 1 8 12 86
3 6 7 0 14 7 84
3 6 7 0 3 18 102
3 6 6 20 2 0 152
3 6 6 18 3 1 3
3 6 6 16 4 2 39
3 6 6 14 5 3 51
3 6 6 13 0 9 163
3 6 6 12 6 4 178
3 6 6 11 1 10 44
3 6 6 10 7 5 23
3 6 6 9 13 0 168
3 6 6 9 2 11 86
3 6 6 8 8 6 17
3 6 6 7 14 1 116
3 6 6 7 3 12 160
3 6 6 6 9 7 184
3 6 6 5 15 2 197
3 6 6 5 4 13 169
3 6 6 4 10 8 167
3 6 6 3 16 3 127
3 6 6 3 5 14 22
3 6 6 2 11 9 135
3 6 6 2 0 20 90
3 6 6 1 17 4 85
3 6 6 1 6 15 135
3 6 6 0 12 10 192
3 6 6 0 1 21 34
3 6 5 20 0 3 153
3 6 5 18 1 4 44
3 6 5 16 2 5 1
3 6 5 15 8 0 88
3 6 5 14 3 6 67
3 6 5 13 9 1 42
3 6 5 12 4 7 46
3 6 5 11 10 2 46
3 6 5 10 5 8 65
3 6 5 9 11 3 146
3 6 5 9 0 14 119
3 6 5 8 6 9 37
3 6 5 7 12 4 123
3 6 5 7 1 15 160
3 6 5 6 7 10 173
3 6 5 5 13 5 82
3 6 5 5 2 16 104
3 6 5 4 19 0 161
3 6 5 4 8 11 108
3 6 5 3 14 6 123
3 6 5 3 3 17 175
3 6 5 2 20 1 36
3 6 5 2 9 12 156
3 6 5 1 15 7 106
3 6 5 1 4 18 59
3 6 5 0 21 2 83
3 6 5 0 10 13 36
3 6 4 21 3 0 147
3 6 4 19 4 1 36
3 6 4 17 5 2 137
3 6 4 16 0 8 195
3 6 4 15 6 3 187
3 6 4 14 1 9 180
3 6 4 13 7 4 63
3 6 4 12 2 10 123
3 6 4 11 8 5 182
3 6 4 10 14 0 114
3 6 4 10 3 11 53
3 6 4 9 9 6 144
3 6 4 8 15 1 73
3 6 4 8 4 12 53
3 6 4 7 10 7 127
3 6 4 6 16 2 125
3 6 4 6 5 13 98
3 6 4 5 11 8 36
3 6 4 5 0 19 41
3 6 4 4 17 3 177
3 6 4 4 6 14 32
3 6 4 3 12 9 178
3 6 4 3 1 20 52
3 6 4 2 18 4 122
3 6 4 2 7 15 154
3 6 4 1 13 10 42
3 6 4 1 2 21 75
3 6 4 0 19 5 196
3 6 4 0 8 16 60
3 6 3 23 0 2 147
3 6 3 21 1 3 130
3 6 3 19 2 4 72
3 6 3 17 3 5 162
3 6 3 16 9 0 84
3 6 3 15 4 6 130
3 6 3 14 10 1 99
3 6 3 13 5 7 66
3 6 3 12 11 2 10
3 6 3 12 0 13 126
3 6 3 10 12 3 50
3 6 3 10 1 14 184
3 6 3 9 7 9 82
3 6 3 8 13 4 146
3 6 3 8 2 15 163
3 6 3 7 8 10 86
3 6 3 6 14 5 152
3 6 3 6 3 16 173
3 6 3 5 20 0 162
3 6 3 5 9 11 1
3 6 3 4 15 6 7
3 6 3 4 4 17 155
3 6 3 3 21 1 176
3 6 3 3 10 12 46
3 6 3 2 16 7 197
3 6 3 2 5 18 24
3 6 3 1 22 2 158
3 6 3 1 11 13 134
3 6 3 1 0 24 141
3 6 3 0 17 8 193
3 6 3 0 6 19 4
3 6 2 22 4 0 155
3 6 2 20 5 1 195
3 6 2 19 0 7 99
3 6 2 18 6 2 5
3 6 2 17 1 8 9
3 6 2 16 7 3 27
3 6 2 15 2 9 33
3 6 2 14 8 4 8
3 6 2 13 3 10 100
3 6 2 12 9 5 124
3 6 2 11 15 0 125
3 6 2 11 4 11 65
3 6 2 10 10 6 59
3 6 2 9 16 1 135
3 6 2 9 5 12 159
3 6 2 8 11 7 70
3 6 2 8 0 18 25
3 6 2 7 17 2 164
3 6 2 7 6 13 133
3 6 2 6 12 8 141
3 6 2 6 1 19 73
3 6 2 5 18 3 11
3 6 2 5 7 14 147
3 6 2 4 13 9 129
3 6 2 4 2 20 111
3 6 2 3 19 4 1
3 6 2 3 8 15 138
3 6 2 2 14 10 87
3 6 2 2 3 21 12
3 6 2 1 20 5 13
3 6 2 1 9 16 160
3 6 2 0 26 0 188
3 6 2 0 15 11 15
3 6 2 0 4 22 98
3 6 1 26 0 1 128
3 6 1 24 1 2 75
3 6 1 22 2 3 106
3 6 1 20 3 4 2
3 6 1 18 4 5 5
3 6 1 17 10 0 148
3 6 1 16 5 6 25
3 6 1 15 11 1 189
3 6 1 15 0 12 158
3 6 1 14 6 7 147
3 6 1 13 12 2 112
3 6 1 13 1 13 189
3 6 1 12 7 8 26
3 6 1 11 13 3 194
3 6 1 11 2 14 43
3 6 1 10 8 9 145
3 6 1 9 14 4 42
3 6 1 9 3 15 56
3 6 1 8 9 10 94
3 6 1 7 15 5 146
3 6 1 7 4 16 60
3 6 1 6 21 0 97
3 6 1 6 10 11 113
3 6 1 5 16 6 43
3 6 1 5 5 17 12
3 6 1 4 22 1 91
3 6 1 4 11 12 62
3 6 1 4 0 23 97
3 6 1 3 17 7 70
3 6 1 3 6 18 165
3 6 1 2 23 2 123
3 6 1 2 12 13 45
3 6 1 2 1 24 80
3 6 1 1 18 8 10
3 6 1 1 7 19 163
3 6 1 0 24 3 29
3 6 1 0 13 14 133
3 6 1 0 2 25 181
3 6 0 23 5 0 57
3 6 0 22 0 6 174
3 6 0 21 6 1 74
3 6 0 20 1 7 145
3 6 0 19 7 2 8
3 6 0 18 2 8 110
3 6 0 17 8 3 155
3 6 0 16 3 9 126
3 6 0 15 9 4 43
3 6 0 14 4 10 178
3 6 0 13 10 5 28
3 6 0 12 16 0 166
3 6 0 12 5 11 172
3 6 0 11 11 6 125
3 6 0 11 0 17 46
3 6 0 10 17 1 108
3 6 0 10 6 12 25
3 6 0 9 12 7 99
3 6 0 9 1 18 2
3 6 0 8 18 2 27
3 6 0 8 7 13 196
3 6 0 7 13 8 57
3 6 0 7 2 19 36
3 6 0 6 19 3 180
3 6 0 6 8 14 44
3 6 0 5 14 9 175
3 6 0 5 3 20 156
3 6 0 4 20 4 17
3 6 0 4 9 15 75
3 6 0 3 15 10 188
3 6 0 3 4 21 56
3 6 0 2 21 5 68
3 6 0 2 10 16 32
3 6 0 1 27 0 192
3 6 0 1 16 11 12
3 6 0 1 5 22 183
3 6 0 0 22 6 89
3 6 0 0 11 17 181
3 6 0 0 0 28 111
3 5 27 2 0 0 165
3 5 27 0 1 1 153
3 5 25 3 1 0 43
3 5 25 1 2 1 112
3 5 24 1 0 4 150
3 5 23 4 2 0 4
3 5 23 2 3 1 67
3 5 23 0 4 2 108
3 5 22 4 0 3 145
3 5 22 2 1 4 138
3 5 22 0 2 5 103
3 5 21 5 3 0 192
3 5 21 3 4 1 113
3 5 21 1 5 2 191
3 5 21 0 0 8 93
3 5 20 7 0 2 166
3 5 20 5 1 3 45
3 5 20 3 2 4 180
3 5 20 1 3 5 129
3 5 20 0 9 0 56
3 5 19 6 4 0 152
3 5 19 4 5 1 84
3 5 19 3 0 7 151
3 5 19 2 6 2 196
3 5 19 1 1 8 187
3 5 19 0 7 3 177
3 5 18 10 0 1 147
3 5 18 8 1 2 89
3 5 18 6 2 3 115
3 5 18 4 3 4 166
3 5 18 2 4 5 5
3 5 18 1 10 0 184
3 5 18 0 5 6 163
3 5 17 7 5 0 73
3 5 17 6 0 6 144
3 5 17 5 6 1 176
3 5 17 4 1 7 21
3 5 17 3 7 2 89
3 5 17 2 2 8 72
3 5 17 1 8 3 82
3 5 17 0 3 9 8
3 5 16 13 0 0 24
3 5 16 11 1 1 62
3 5 16 9 2 2 45
3 5 16 7 3 3 102
3 5 16 5 4 4 117
3 5 16 3 5 5 172
3 5 16 2 11 0 160
3 5 16 2 0 11 116
3 5 16 1 6 6 123
3 5 16 0 12 1 62
3 5 16 0 1 12 186
3 5 15 9 0 5 15
3 5 15 8 6 0 2
3 5 15 7 1 6 159
3 5 15 6 7 1 48
3 5 15 5 2 7 172
3 5 15 4 8 2 137
3 5 15 3 3 8 132
3 5 15 2 9 3 77
3 5 15 1 4 9 77
3 5 15 0 10 4 106
3 5 14 14 1 0 113
3 5 14 12 2 1 47
3 5 14 10 3 2 187
3 5 14 8 4 3 183
3 5 14 6 5 4 164
3 5 14 5 0 10 132
3 5 14 4 6 5 22
3 5 14 3 12 0 26
3 5 14 3 1 11 47
3 5 14 2 7 6 45
3 5 14 1 13 1 4
3 5 14 1 2 12 93
3 5 13 12 0 4 98
3 5 13 10 1 5 52
3 5 13 9 7 0 26
3 5 13 8 2 6 109
3 5 13 7 8 1 16
3 5 13 6 3 7 119
3 5 13 5 9 2 148
3 5 13 4 4 8 195
3 5 13 3 10 3 124
3 5 13 2 5 9 15
3 5 13 1 11 4 7
3 5 13 1 0 15 196
3 5 13 0 6 10 132
3 5 12 15 2 0 153
3 5 12 13 3 1 86
3 5 12 11 4 2 112
3 5 12 9 5 3 111
3 5 12 8 0 9 66
3 5 12 7 6 4 121
3 5 12 6 1 10 137
3 5 12 5 7 5 52
3 5 12 4 13 0 71
3 5 12 4 2 11 84
3 5 12 3 8 6 157
3 5 12 2 14 1 163
3 5 12 2 3 12 63
3 5 12 1 9 7 124
3 5 12 0 15 2 156
3 5 12 0 4 13 132
3 5 11 15 0 3 77
3 5 11 13 1 4 116
3 5 11 11 2 5 181
3 5 11 10 8 0 97
3 5 11 9 3 6 33
3 5 11 8 9 1 127
3 5 11 7 4 7 63
3 5 11 6 10 2 11
3 5 11 5 5 8 168
3 5 11 4 11 3 122
3 5 11 4 0 14 138
3 5 11 3 6 9 143
3 5 11 2 12 4 105
3 5 11 2 1 15 21
3 5 11 1 7 10 30
3 5 11 0 13 5 110
3 5 11 0 2 16 131
3 5 10 16 3 0 185
3 5 10 14 4 1 167
3 5 10 12 5 2 54
3 5 10 11 0 8 106
3 5 10 10 6 3 90
3 5 10 9 1 9 135
3 5 10 8 7 4 2
3 5 10 7 2 10 132
3 5 10 6 8 5 91
3 5 10 5 14 0 162
3 5 10 5 3 11 76
3 5 10 4 9 6 54
3 5 10 3 15 1 63
3 5 10 3 4 12 11
3 5 10 2 10 7 16
3 5 10 1 16 2 121
3 5 10 1 5 13 198
3 5 10 0 11 8 64
3 5 10 0 0 19 124
3 5 9 18 0 2 129
3 5 9 16 1 3 186
3 5 9 14 2 4 109
3 5 9 12 3 5 157
3 5 9 11 9 0 141
3 5 9 10 4 6 100
3 5 9 9 10 1 197
3 5 9 8 5 7 43
3 5 9 7 11 2 131
3 5 9 7 0 13 157
3 5 9 6 6 8 110
3 5 9 5 12 3 178
3 5 9 5 1 14 14
3 5 9 4 7 9 49
3 5 9 3 13 4 86
3 5 9 3 2 15 41
3 5 9 2 8 10 23
3 5 9 1 14 5 104
3 5 9 1 3 16 149
3 5 9 0 20 0 124
3 5 9 0 9 11 69
3 5 8 17 4 0 144
3 5 8 15 5 1 130
3 5 8 14 0 7 164
3 5 8 13 6 2 191
3 5 8 12 1 8 143
3 5 8 11 7 3 128
3 5 8 10 2 9 175
3 5 8 9 8 4 188
3 5 8 8 3 10 75
3 5 8 7 9 5 77
3 5 8 6 15 0 83
3 5 8 6 4 11 112
3 5 8 5 10 6 59
3 5 8 4 16 1 92
3 5 8 4 5 12 169
3 5 8 3 11 7 186
3 5 8 3 0 18 51
3 5 8 2 17 2 196
3 5 8 2 6 13 29
3 5 8 1 12 8 75
3 5 8 1 1 19 108
3 5 8 0 18 3 180
3 5 8 0 7 14 154
3 5 7 21 0 1 112
3 5 7 19 1 2 164
3 5 7 17 2 3 105
3 5 7 15 3 4 8
3 5 7 13 4 5 53
3 5 7 11 5 6 6
3 5 7 10 11 1 192
3 5 7 10 0 12 192
3 5 7 9 6 7 75
3 5 7 8 12 2 53
3 5 7 8 1 13 173
3 5 7 7 7 8 185
3 5 7 6 13 3 149
3 5 7 6 2 14 18
3 5 7 5 8 9 102
3 5 7 4 14 4 135
3 5 7 4 3 15 117
3 5 7 3 9 10 188
3 5 7 2 15 5 13
3 5 7 2 4 16 110
3 5 7 1 21 0 172
3 5 7 1 10 11 24
3 5 7 0 16 6 76
3 5 7 0 5 17 181
3 5 6 18 5 0 155
3 5 6 17 0 6 172
3 5 6 16 6 1 41
3 5 6 15 1 7 47
3 5 6 14 7 2 99
3 5 6 13 2 8 189
3 5 6 12 8 3 58
3 5 6 11 3 9 46
3 5 6 10 9 4 54
3 5 6 9 4 10 83
3 5 6 8 10 5 134
3 5 6 7 16 0 78
3 5 6 7 5 11 34
3 5 6 6 11 6 158
3 5 6 6 0 17 164
3 5 6 5 17 1 87
3 5 6 5 6 12 28
3 5 6 4 12 7 62
3 5 6 4 1 18 89
3 5 6 3 18 2 192
3 5 6 3 7 13 129
3 5 6 2 13 8 120
3 5 6 2 2 19 136
3 5 6 1 19 3 118
3 5 6 1 8 14 51
3 5 6 0 14 9 172
3 5 6 0 3 20 89
3 5 5 24 0 0 127
3 5 5 22 1 1 40
3 5 5 20 2 2 41
3 5 5 18 3 3 174
3 5 5 16 4 4 36
3 5 5 14 5 5 9
3 5 5 13 11 0 145
3 5 5 13 0 11 134
3 5 5 12 6 6 104
3 5 5 11 12 1 102
3 5 5 11 1 12 82
3 5 5 10 7 7 90
3 5 5 9 13 2 46
3 5 5 9 2 13 25
3 5 5 8 8 8 194
3 5 5 7 14 3 90
3 5 5 7 3 14 176
3 5 5 6 9 9 76
3 5 5 5 15 4 180
3 5 5 5 4 15 139
3 5 5 4 10 10 169
3 5 5 3 16 5 161
3 5 5 3 5 16 150
3 5 5 2 22 0 188
3 5 5 2 11 11 44
3 5 5 2 0 22 19
3 5 5 1 17 6 180
3 5 5 1 6 17 18
3 5 5 0 23 1 105
3 5 5 0 12 12 122
3 5 5 0 1 23 107
3 5 4 20 0 5 75
3 5 4 19 6 0 23
3 5 4 18 1 6 128
3 5 4 17 7 1 192
3 5 4 16 2 7 152
3 5 4 15 8 2 36
3 5 4 14 3 8 196
3 5 4 13 9 3 101
3 5 4 12 4 9 165
3 5 4 11 10 4 33
3 5 4 10 5 10 186
3 5 4 9 11 5 20
3 5 4 9 0 16 99
3 5 4 8 17 0 100
3 5 4 8 6 11 94
3 5 4 7 12 6 75
3 5 4 7 1 17 64
3 5 4 6 18 1 104
3 5 4 6 7 12 39
3 5 4 5 13 7 26
3 5 4 5 2 18 167
3 5 4 4 19 2 148
3 5 4 4 8 13 154
3 5 4 3 14 8 159
3 5 4 3 3 19 77
3 5 4 2 20 3 43
3 5 4 2 9 14 165
3 5 4 1 15 9 27
3 5 4 1 4 20 86
3 5 4 0 21 4 175
3 5 4 0 10 15 76
3 5 3 25 1 0 151
3 5 3 23 2 1 91
3 5 3 21 3 2 17
3 5 3 19 4 3 51
3 5 3 17 5 4 125
3 5 3 16 0 10 101
3 5 3 15 6 5 6
3 5 3 14 12 0 72
3 5 3 14 1 11 173
3 5 3 13 7 6 13
3 5 3 12 13 1 7
3 5 3 12 2 12 87
3 5 3 11 8 7 86
3 5 3 10 14 2 46
3 5 3 10 3 13 10
3 5 3 9 9 8 54
3 5 3 8 15 3 195
3 5 3 8 4 14 95
3 5 3 7 10 9 8
3 5 3 6 16 4 13
3 5 3 6 5 15 196
3 5 3 5 11 10 32
3 5 3 5 0 21 149
3 5 3 4 17 5 96
3 5 3 4 6 16 9
3 5 3 3 23 0 147
3 5 3 3 12 11 181
3 5 3 3 1 22 181
3 5 3 2 18 6 73
3 5 3 2 7 17 176
3 5 3 1 24 1 111
3 5 3 1 13 12 59
3 5 3 1 2 23 97
3 5 3 0 19 7 185
3 5 3 0 8 18 78
3 5 2 23 0 4 98
3 5 2 21 1 5 122
3 5 2 20 7 0 11
3 5 2 19 2 6 29
3 5 2 18 8 1 190
3 5 2 17 3 7 82
3 5 2 16 9 2 89
3 5 2 15 4 8 149
3 5 2 14 10 3 136
3 5 2 13 5 9 165
3 5 2 12 11 4 108
3 5 2 12 0 15 59
3 5 2 11 6 10 143
3 5 2 10 12 5 22
3 5 2 10 1 16 167
3 5 2 9 18 0 129
3 5 2 9 7 11 18
3 5 2 8 13 6 84
3 5 2 8 2 17 100
3 5 2 7 19 1 79
3 5 2 7 8 12 139
3 5 2 6 14 7 94
3 5 2 6 3 18 101
3 5 2 5 20 2 29
3 5 2 5 9 13 90
3 5 2 4 15 8 146
3 5 2 4 4 19 66
3 5 2 3 21 3 147
3 5 2 3 10 14 59
3 5 2 2 16 9 58
3 5 2 2 5 20 95
3 5 2 1 22 4 115
3 5 2 1 11 15 95
3 5 2 1 0 26 5
3 5 2 0 17 10 112
3 5 2 0 6 21 63
3 5 1 26 2 0 165
3 5 1 24 3 1 198
3 5 1 22 4 2 55
3 5 1 20 5 3 127
3 5 1 19 0 9 23
3 5 1 18 6 4 118
3 5 1 17 1 10 73
3 5 1 16 7 5 71
3 5 1 15 13 0 29
3 5 1 15 2 11 94
3 5 1 14 8 6 33
3 5 1 13 14 1 76
3 5 1 13 3 12 2
3 5 1 12 9 7 180
3 5 1 11 15 2 198
3 5 1 11 4 13 95
3 5 1 10 10 8 55
3 5 1 9 16 3 102
3 5 1 9 5 14 152
3 5 1 8 11 9 13
3 5 1 8 0 20 51
3 5 1 7 17 4 74
3 5 1 7 6 15 166
3 5 1 6 12 10 127
3 5 1 6 1 21 150
3 5 1 5 18 5 113
3 5 1 5 7 16 43
3 5 1 4 24 0 143
3 5 1 4 13 11 49
3 5 1 4 2 22 185
3 5 1 3 19 6 43
3 5 1 3 8 17 80
3 5 1 2 25 1 62
3 5 1 2 14 12 154
3 5 1 2 3 23 112
3 5 1 1 20 7 51
3 5 1 1 9 18 77
3 5 1 0 26 2 73
3 5 1 0 15 13 64
3 5 1 0 4 24 98
3 5 0 26 0 3 136
3 5 0 24 1 4 1
3 5 0 22 2 5 145
3 5 0 21 8 0 164
3 5 0 20 3 6 165
3 5 0 19 9 1 91
3 5 0 18 4 7 49
3 5 0 17 10 2 119
3 5 0 16 5 8 37
3 5 0 15 11 3 33
3 5 0 15 0 14 91
3 5 0 14 6 9 42
3 5 0 13 12 4 17
3 5 0 13 1 15 39
3 5 0 12 7 10 81
3 5 0 11 13 5 31
3 5 0 11 2 16 10
3 5 0 10 19 0 28
3 5 0 10 8 11 68
3 5 0 9 14 6 58
3 5 0 9 3 17 119
3 5 0 8 20 1 155
3 5 0 8 9 12 1
3 5 0 7 15 7 47
3 5 0 7 4 18 187
3 5 0 6 21 2 89
3 5 0 6 10 13 18
3 5 0 5 16 8 80
3 5 0 5 5 19 104
3 5 0 4 22 3 150
3 5 0 4 11 14 165
3 5 0 4 0 25 54
3 5 0 3 17 9 160
3 5 0 3 6 20 161
3 5 0 2 23 4 67
3 5 0 2 12 15 127
3 5 0 2 1 26 166
3 5 0 1 18 10 21
3 5 0 1 7 21 150
3 5 0 0 24 5 82
3 5 0 0 13 16 124
3 5 0 0 2 27 164
3 4 27 0 3 0 188
3 4 26 2 0 2 40
3 4 26 0 1 3 30
3 4 25 1 4 0 53
3 4 24 5 0 1 132
3 4 24 3 1 2 153
3 4 24 1 2 3 48
3 4 23 2 5 0 57
3 4 23 1 0 6 85
3 4 23 0 6 1 114
3 4 22 8 0 0 76
3 4 22 6 1 1 25
3 4 22 4 2 2 167
3 4 22 2 3 3 112
3 4 22 0 4 4 197
3 4 21 4 0 5 125
3 4 21 3 6 0 191
3 4 21 2 1 6 141
3 4 21 1 7 1 138
3 4 21 0 2 7 101
3 4 20 9 1 0 56
3 4 20 5 3 2 125
3 4 20 3 4 3 140
3 4 20 1 5 4 129
3 4 20 0 0 10 37
3 4 19 7 0 4 8
3 4 19 5 1 5 191
3 4 19 4 7 0 131
3 4 19 3 2 6 105
3 4 19 2 8 1 106
3 4 19 1 3 7 33
3 4 19 0 9 2 151
3 4 18 10 2 0 48
3 4 18 8 3 1 42
3 4 18 6 4 2 28
3 4 18 4 5 3 3
3 4 18 3 0 9 44
3 4 18 2 6 4 198
3 4 18 1 1 10 86
3 4 18 0 7 5 103
3 4 17 10 0 3 16
3 4 17 8 1 4 40
3 4 17 6 2 5 84
3 4 17 5 8 0 132
3 4 17 4 3 6 64
3 4 17 3 9 1 174
3 4 17 2 4 7 91
3 4 17 1 10 2 129
3 4 17 0 5 8 97
3 4 16 11 3 0 15
3 4 16 9 4 1 163
3 4 16 7 5 2 97
3 4 16 6 0 8 63
3 4 16 5 6 3 70
3 4 16 4 1 9 143
3 4 16 3 7 4 159
3 4 16 2 2 10 30
3 4 16 1 8 5 50
3 4 16 0 14 0 122
3 4 15 13 0 2 164
3 4 15 11 1 3 192
3 4 15 9 2 4 38
3 4 15 7 3 5 67
3 4 15 6 9 0 24
3 4 15 5 4 6 13
3 4 15 4 10 1 14
3 4 15 3 5 7 19
3 4 15 2 11 2 78
3 4 15 2 0 13 93
3 4 15 1 6 8 24
3 4 15 0 12 3 150
3 4 15 0 1 14 146
3 4 14 12 4 0 116
3 4 14 10 5 1 8
3 4 14 9 0 7 63
3 4 14 8 6 2 86
3 4 14 7 1 8 38
3 4 14 6 7 3 185
3 4 14 5 2 9 25
3 4 14 4 8 4 160
3 4 14 3 3 10 41
3 4 14 2 9 5 54
3 4 14 1 15 0 172
3 4 14 1 4 11 180
3 4 14 0 10 6 179
3 4 13 16 0 1 74
3 4 13 14 1 2 195
3 4 13 12 2 3 41
3 4 13 10 3 4 185
3 4 13 8 4 5 94
3 4 13 7 10 0 100
3 4 13 6 5 6 80
3 4 13 5 11 1 38
3 4 13 5 0 12 103
3 4 13 4 6 7 63
3 4 13 3 12 2 4
3 4 13 3 1 13 167
3 4 13 2 7 8 192
3 4 13 1 13 3 196
3 4 13 1 2 14 56
3 4 13 0 8 9 89
3 4 12 13 5 0 196
3 4 12 12 0 6 116
3 4 12 11 6 1 4
3 4 12 10 1 7 55
3 4 12 9 7 2 171
3 4 12 8 2 8 50
3 4 12 7 8 3 158
3 4 12 6 3 9 166
3 4 12 5 9 4 145
3 4 12 4 4 10 185
3 4 12 3 10 5 109
3 4 12 2 16 0 157
3 4 12 2 5 11 134
3 4 12 1 11 6 8
3 4 12 1 0 17 195
3 4 12 0 17 1 40
3 4 12 0 6 12 197
3 4 11 19 0 0 135
3 4 11 17 1 1 182
3 4 11 15 2 2 68
3 4 11 13 3 3 161
3 4 11 11 4 4 168
3 4 11 9 5 5 25
3 4 11 8 11 0 189
3 4 11 8 0 11 158
3 4 11 7 6 6 16
3 4 11 6 12 1 48
3 4 11 6 1 12 155
3 4 11 5 7 7 50
3 4 11 4 13 2 178
3 4 11 4 2 13 89
3 4 11 3 8 8 140
3 4 11 2 14 3 178
3 4 11 2 3 14 80
3 4 11 1 9 9 64
3 4 11 0 15 4 92
3 4 11 0 4 15 6
3 4 10 15 0 5 155
3 4 10 14 6 0 115
3 4 10 13 1 6 136
3 4 10 12 7 1 176
3 4 10 11 2 7 69
3 4 10 10 8 2 47
3 4 10 9 3 8 8
3 4 10 8 9 3 32
3 4 10 7 4 9 139
3 4 10 6 10 4 150
3 4 10 5 5 10 76
3 4 10 4 11 5 65
3 4 10 4 0 16 19
3 4 10 3 17 0 94
3 4 10 3 6 11 126
3 4 10 2 12 6 115
3 4 10 2 1 17 144
3 4 10 1 18 1 176
3 4 10 1 7 12 86
3 4 10 0 13 7 103
3 4 10 0 2 18 82
3 4 9 20 1 0 188
3 4 9 18 2 1 167
3 4 9 16 3 2 97
3 4 9 14 4 3 120
3 4 9 12 5 4 195
3 4 9 11 0 10 178
3 4 9 10 6 5 45
3 4 9 9 12 0 104
3 4 9 9 1 11 123
3 4 9 8 7 6 114
3 4 9 7 13 1 115
3 4 9 7 2 12 171
3 4 9 6 8 7 51
3 4 9 5 14 2 3
3 4 9 5 3 13 1
3 4 9 4 9 8 13
3 4 9 3 15 3 80
3 4 9 3 4 14 44
3 4 9 2 10 9 94
3 4 9 1 16 4 66
3 4 9 1 5 15 35
3 4 9 0 11 10 85
3 4 9 0 0 21 16
3 4 8 18 0 4 9
3 4 8 16 1 5 64
3 4 8 15 7 0 12
3 4 8 14 2 6 54
3 4 8 13 8 1 186
3 4 8 12 3 7 150
3 4 8 11 9 2 105
3 4 8 10 4 8 99
3 4 8 9 10 3 193
3 4 8 8 5 9 128
3 4 8 7 11 4 8
3 4 8 7 0 15 68
3 4 8 6 6 10 162
3 4 8 5 12 5 195
3 4 8 5 1 16 193
3 4 8 4 18 0 166
3 4 8 4 7 11 59
3 4 8 3 13 6 78
3 4 8 3 2 17 67
3 4 8 2 19 1 45
3 4 8 2 8 12 194
3 4 8 1 14 7 136
3 4 8 1 3 18 3
3 4 8 0 20 2 147
3 4 8 0 9 13 56
3 4 7 21 2 0 162
3 4 7 19 3 1 6
3 4 7 17 4 2 42
3 4 7 15 5 3 46
3 4 7 14 0 9 115
3 4 7 13 6 4 78
3 4 7 12 1 10 39
3 4 7 11 7 5 148
3 4 7 10 13 0 52
3 4 7 10 2 11 141
3 4 7 9 8 6 158
3 4 7 8 14 1 127
3 4 7 8 3 12 159
3 4 7 7 9 7 195
3 4 7 6 15 2 153
3 4 7 6 4 13 42
3 4 7 5 10 8 121
3 4 7 4 16 3 138
3 4 7 4 5 14 82
3 4 7 3 11 9 182
3 4 7 3 0 20 194
3 4 7 2 17 4 95
3 4 7 2 6 15 56
3 4 7 1 12 10 125
3 4 7 1 1 21 88
3 4 7 0 18 5 47
3 4 7 0 7 16 62
3 4 6 21 0 3 164
3 4 6 19 1 4 73
3 4 6 17 2 5 24
3 4 6 16 8 0 30
3 4 6 15 3 6 187
3 4 6 14 9 1 43
3 4 6 13 4 7 61
3 4 6 12 10 2 8
3 4 6 11 5 8 10
3 4 6 10 11 3 113
3 4 6 10 0 14 141
3 4 6 9 6 9 61
3 4 6 8 12 4 74
3 4 6 8 1 15 62
3 4 6 7 7 10 89
3 4 6 6 13 5 26
3 4 6 6 2 16 119
3 4 6 5 19 0 154
3 4 6 5 8 11 107
3 4 6 4 14 6 125
3 4 6 4 3 17 46
3 4 6 3 20 1 192
3 4 6 3 9 12 149
3 4 6 2 15 7 68
3 4 6 2 4 18 23
3 4 6 1 21 2 55
3 4 6 1 10 13 95
3 4 6 0 5 19 29
3 4 5 22 3 0 75
3 4 5 20 4 1 1
3 4 5 18 5 2 38
3 4 5 17 0 8 76
3 4 5 16 6 3 160
3 4 5 15 1 9 114
3 4 5 14 7 4 62
3 4 5 13 2 10 150
3 4 5 12 8 5 76
3 4 5 11 14 0 90
3 4 5 11 3 11 141
3 4 5 10 9 6 32
3 4 5 9 15 1 196
3 4 5 9 4 12 107
3 4 5 8 10 7 23
3 4 5 7 16 2 52
3 4 5 7 5 13 115
3 4 5 6 11 8 53
3 4 5 6 0 19 159
3 4 5 5 17 3 82
3 4 5 5 6 14 32
3 4 5 4 12 9 44
3 4 5 4 1 20 178
3 4 5 3 18 4 87
3 4 5 3 7 15 179
3 4 5 2 13 10 69
3 4 5 2 2 21 89
3 4 5 1 19 5 167
3 4 5 1 8 16 48
3 4 5 0 25 0 45
3 4 5 0 14 11 21
3 4 5 0 3 22 137
3 4 4 24 0 2 140
3 4 4 22 1 3 33
3 4 4 20 2 4 69
3 4 4 18 3 5 53
3 4 4 17 9 0 36
3 4 4 16 4 6 52
3 4 4 15 10 1 192
3 4 4 14 5 7 71
3 4 4 13 11 2 48
3 4 4 13 0 13 100
3 4 4 12 6 8 125
3 4 4 11 12 3 84
3 4 4 11 1 14 141
3 4 4 10 7 9 130
3 4 4 9 13 4 36
3 4 4 9 2 15 161
3 4 4 8 8 10 17
3 4 4 7 14 5 16
3 4 4 7 3 16 34
3 4 4 6 20 0 86
3 4 4 6 9 11 131
3 4 4 5 15 6 134
3 4 4 5 4 17 117
3 4 4 4 21 1 8
3 4 4 4 10 12 104
3 4 4 3 16 7 63
3 4 4 3 5 18 110
3 4 4 2 22 2 50
3 4 4 2 11 13 98
3 4 4 2 0 24 67
3 4 4 1 17 8 60
3 4 4 1 6 19 105
3 4 4 0 23 3 53
3 4 4 0 12 14 11
3 4 4 0 1 25 105
3 4 3 23 4 0 177
3 4 3 21 5 1 62
3 4 3 20 0 7 153
3 4 3 19 6 2 129
3 4 3 18 1 8 62
3 4 3 17 7 3 99
3 4 3 16 2 9 66
3 4 3 15 8 4 143
3 4 3 14 3 10 175
3 4 3 13 9 5 48
3 4 3 12 15 0 141
3 4 3 12 4 11 65
3 4 3 11 10 6 108
3 4 3 10 16 1 48
3 4 3 10 5 12 49
3 4 3 9 11 7 36
3 4 3 9 0 18 189
3 4 3 8 17 2 171
3 4 3 8 6 13 84
3 4 3 7 12 8 44
3 4 3 7 1 19 165
3 4 3 6 18 3 112
3 4 3 6 7 14 55
3 4 3 5 13 9 162
3 4 3 5 2 20 107
3 4 3 4 19 4 155
3 4 3 4 8 15 57
3 4 3 3 14 10 24
3 4 3 3 3 21 116
3 4 3 2 20 5 78
3 4 3 2 9 16 45
3 4 3 1 26 0 128
3 4 3 1 15 11 114
3 4 3 1 4 22 100
3 4 3 0 21 6 130
3 4 3 0 10 17 72
3 4 2 27 0 1 19
3 4 2 25 1 2 26
3 4 2 23 2 3 183
3 4 2 21 3 4 100
3 4 2 19 4 5 93
3 4 2 18 10 0 1
3 4 2 17 5 6 70
3 4 2 16 11 1 35
3 4 2 16 0 12 28
3 4 2 15 6 7 110
3 4 2 14 12 2 173
3 4 2 14 1 13 79
3 4 2 13 7 8 168
3 4 2 12 13 3 77
3 4 2 12 2 14 115
3 4 2 11 8 9 49
3 4 2 10 14 4 111
3 4 2 10 3 15 95
3 4 2 9 9 10 10
3 4 2 8 15 5 102
3 4 2 8 4 16 167
3 4 2 7 21 0 179
3 4 2 7 10 11 14
3 4 2 6 16 6 166
3 4 2 6 5 17 96
3 4 2 5 22 1 29
3 4 2 5 11 12 106
3 4 2 5 0 23 190
3 4 2 4 17 7 92
3 4 2 4 6 18 140
3 4 2 3 23 2 156
3 4 2 3 12 13 135
3 4 2 3 1 24 7
3 4 2 2 18 8 7
3 4 2 2 7 19 79
3 4 2 1 24 3 85
3 4 2 1 13 14 192
3 4 2 1 2 25 133
3 4 2 0 19 9 174
3 4 2 0 8 20 44
3 4 1 24 5 0 133
3 4 1 23 0 6 145
3 4 1 22 6 1 183
3 4 1 21 1 7 87
3 4 1 20 7 2 10
3 4 1 19 2 8 147
3 4 1 18 8 3 70
3 4 1 17 3 9 130
3 4 1 16 9 4 145
3 4 1 15 4 10 169
3 4 1 14 10 5 150
3 4 1 13 16 0 84
3 4 1 13 5 11 131
3 4 1 12 11 6 28
3 4 1 12 0 17 129
3 4 1 11 17 1 165
3 4 1 11 6 12 114
3 4 1 10 12 7 82
3 4 1 10 1 18 47
3 4 1 9 18 2 29
3 4 1 9 7 13 170
3 4 1 8 13 8 88
3 4 1 8 2 19 60
3 4 1 7 19 3 94
3 4 1 7 8 14 3
3 4 1 6 14 9 177
3 4 1 6 3 20 103
3 4 1 5 20 4 197
3 4 1 5 9 15 40
3 4 1 4 15 10 189
3 4 1 4 4 21 109
3 4 1 3 21 5 144
3 4 1 3 10 16 83
3 4 1 2 27 0 79
3 4 1 2 16 11 66
3 4 1 2 5 22 36
3 4 1 1 22 6 118
3 4 1 1 11 17 192
3 4 1 1 0 28 137
3 4 1 0 28 1 126
3 4 1 0 17 12 109
3 4 1 0 6 23 104
3 4 0 30 0 0 177
3 4 0 28 1 1 141
3 4 0 26 2 2 33
3 4 0 24 3 3 99
3 4 0 22 4 4 21
3 4 0 20 5 5 54
3 4 0 19 11 0 161
3 4 0 19 0 11 1
3 4 0 18 6 6 118
3 4 0 17 12 1 156
3 4 0 17 1 12 97
3 4 0 16 7 7 168
3 4 0 15 13 2 186
3 4 0 15 2 13 72
3 4 0 14 8 8 2
3 4 0 13 14 3 193
3 4 0 13 3 14 105
3 4 0 12 9 9 37
3 4 0 11 15 4 118
3 4 0 11 4 15 79
3 4 0 10 10 10 192
3 4 0 9 16 5 105
3 4 0 9 5 16 65
3 4 0 8 22 0 52
3 4 0 8 11 11 100
3 4 0 8 0 22 197
3 4 0 7 17 6 63
3 4 0 7 6 17 21
3 4 0 6 23 1 118
3 4 0 6 12 12 22
3 4 0 6 1 23 114
3 4 0 5 18 7 166
3 4 0 5 7 18 198
3 4 0 4 24 2 153
3 4 0 4 13 13 122
3 4 0 4 2 24 71
3 4 0 3 19 8 151
3 4 0 3 8 19 152
3 4 0 2 25 3 196
3 4 0 2 14 14 133
3 4 0 2 3 25 120
3 4 0 1 20 9 143
3 4 0 1 9 20 19
3 4 0 0 26 4 21
3 4 0 0 15 15 98
3 4 0 0 4 26 153
3 3 30 0 0 1 23
3 3 28 3 0 0 110
3 3 28 1 1 1 149
3 3 26 4 1 0 105
3 3 26 2 2 1 150
3 3 26 0 3 2 165
3 3 25 2 0 4 104
3 3 25 0 1 5 54
3 3 24 5 2 0 8
3 3 24 3 3 1 136
3 3 24 1 4 2 106
3 3 23 5 0 3 50
3 3 23 3 1 4 173
3 3 23 1 2 5 115
3 3 23 0 8 0 176
3 3 22 6 3 0 132
3 3 22 4 4 1 152
3 3 22 2 5 2 30
3 3 22 1 0 8 132
3 3 22 0 6 3 106
3 3 21 8 0 2 37
3 3 21 6 1 3 191
3 3 21 4 2 4 150
3 3 21 2 3 5 143
3 3 21 1 9 0 61
3 3 21 0 4 6 29
3 3 20 7 4 0 110
3 3 20 5 5 1 121
3 3 20 4 0 7 60
3 3 20 3 6 2 161
3 3 20 2 1 8 48
3 3 20 1 7 3 119
3 3 20 0 2 9 151
3 3 19 11 0 1 191
3 3 19 9 1 2 126
3 3 19 7 2 3 196
3 3 19 5 3 4 21
3 3 19 3 4 5 104
3 3 19 2 10 0 78
3 3 19 1 5 6 76
3 3 19 0 11 1 50
3 3 19 0 0 12 37
3 3 18 8 5 0 55
3 3 18 7 0 6 171
3 3 18 6 6 1 123
3 3 18 5 1 7 108
3 3 18 4 7 2 29
3 3 18 3 2 8 93
3 3 18 2 8 3 51
3 3 18 1 3 9 74
3 3 18 0 9 4 52
3 3 17 14 0 0 19
3 3 17 12 1 1 154
3 3 17 10 2 2 55
3 3 17 8 3 3 86
3 3 17 6 4 4 16
3 3 17 4 5 5 100
3 3 17 3 11 0 133
3 3 17 3 0 11 2
3 3 17 2 6 6 24
3 3 17 1 12 1 4
3 3 17 1 1 12 181
3 3 17 0 7 7 115
3 3 16 10 0 5 131
3 3 16 9 6 0 31
3 3 16 8 1 6 20
3 3 16 7 7 1 53
3 3 16 6 2 7 175
3 3 16 5 8 2 70
3 3 16 4 3 8 8
3 3 16 3 9 3 156
3 3 16 2 4 9 133
3 3 16 1 10 4 78
3 3 16 0 5 10 118
3 3 15 15 1 0 47
3 3 15 13 2 1 144
3 3 15 11 3 2 131
3 3 15 9 4 3 106
3 3 15 7 5 4 152
3 3 15 6 0 10 191
3 3 15 5 6 5 41
3 3 15 4 12 0 77
3 3 15 4 1 11 90
3 3 15 3 7 6 36
3 3 15 2 13 1 119
3 3 15 2 2 12 61
3 3 15 1 8 7 103
3 3 15 0 14 2 157
3 3 15 0 3 13 164
3 3 14 13 0 4 126
3 3 14 11 1 5 33
3 3 14 10 7 0 18
3 3 14 9 2 6 58
3 3 14 8 8 1 56
3 3 14 7 3 7 48
3 3 14 6 9 2 5
3 3 14 5 4 8 94
3 3 14 4 10 3 146
3 3 14 3 5 9 184
3 3 14 2 11 4 158
3 3 14 2 0 15 90
3 3 14 1 6 10 79
3 3 14 0 12 5 136
3 3 14 0 1 16 168
3 3 13 16 2 0 198
3 3 13 14 3 1 97
3 3 13 12 4 2 77
3 3 13 10 5 3 31
3 3 13 9 0 9 51
3 3 13 8 6 4 10
3 3 13 7 1 10 125
3 3 13 6 7 5 7
3 3 13 5 13 0 87
3 3 13 5 2 11 7
3 3 13 4 8 6 177
3 3 13 3 14 1 72
3 3 13 3 3 12 76
3 3 13 2 9 7 124
3 3 13 1 15 2 175
3 3 13 1 4 13 21
3 3 13 0 10 8 94
3 3 12 16 0 3 195
3 3 12 14 1 4 111
3 3 12 12 2 5 48
3 3 12 11 8 0 68
3 3 12 10 3 6 16
3 3 12 9 9 1 55
3 3 12 8 4 7 89
3 3 12 7 10 2 161
3 3 12 6 5 8 164
3 3 12 5 0 14 55
3 3 12 4 6 9 47
3 3 12 3 12 4 104
3 3 12 3 1 15 20
3 3 12 2 7 10 87
3 3 12 1 13 5 155
3 3 12 1 2 16 146
3 3 12 0 19 0 149
3 3 12 0 8 11 125
3 3 11 17 3 0 72
3 3 11 15 4 1 164
3 3 11 13 5 2 64
3 3 11 12 0 8 46
3 3 11 11 6 3 78
3 3 11 10 1 9 152
3 3 11 9 7 4 147
3 3 11 8 2 10 188
3 3 11 7 8 5 59
3 3 11 6 14 0 5
3 3 11 6 3 11 119
3 3 11 5 9 6 149
3 3 11 4 15 1 58
3 3 11 4 4 12 172
3 3 11 3 10 7 34
3 3 11 2 16 2 154
3 3 11 2 5 13 153
3 3 11 1 11 8 115
3 3 11 1 0 19 38
3 3 11 0 17 3 61
3 3 11 0 6 14 178
3 3 10 19 0 2 76
3 3 10 17 1 3 154
3 3 10 15 2 4 100
3 3 10 13 3 5 56
3 3 10 12 9 0 179
3 3 10 11 4 6 54
3 3 10 10 10 1 38
3 3 10 9 5 7 176
3 3 10 8 11 2 12
3 3 10 8 0 13 178
3 3 10 7 6 8 159
3 3 10 6 12 3 97
3 3 10 5 7 9 87
3 3 10 4 13 4 194
3 3 10 4 2 15 189
3 3 10 3 8 10 50
3 3 10 2 14 5 159
3 3 10 2 3 16 109
3 3 10 1 20 0 89
3 3 10 1 9 11 29
3 3 10 0 15 6 116
3 3 10 0 4 17 101
3 3 9 18 4 0 82
3 3 9 16 5 1 16
3 3 9 15 0 7 100
3 3 9 14 6 2 111
3 3 9 13 1 8 145
3 3 9 12 7 3 71
3 3 9 11 2 9 130
3 3 9 10 8 4 115
3 3 9 9 3 10 184
3 3 9 8 9 5 49
3 3 9 7 15 0 44
3 3 9 7 4 11 67
3 3 9 6 10 6 44
3 3 9 5 16 1 27
3 3 9 5 5 12 126
3 3 9 4 11 7 84
3 3 9 4 0 18 18
3 3 9 3 17 2 55
3 3 9 3 6 13 173
3 3 9 2 12 8 65
3 3 9 2 1 19 76
3 3 9 1 18 3 136
3 3 9 1 7 14 51
3 3 9 0 13 9 143
3 3 9 0 2 20 26
3 3 8 22 0 1 106
3 3 8 20 1 2 175
3 3 8 18 2 3 70
3 3 8 16 3 4 168
3 3 8 14 4 5 78
3 3 8 13 10 0 178
3 3 8 12 5 6 16
3 3 8 11 11 1 97
3 3 8 11 0 12 7
3 3 8 10 6 7 57
3 3 8 9 12 2 171
3 3 8 9 1 13 98
3 3 8 8 7 8 161
3 3 8 7 13 3 98
3 3 8 7 2 14 95
3 3 8 6 8 9 98
3 3 8 5 14 4 35
3 3 8 5 3 15 38
3 3 8 4 9 10 151
3 3 8 3 15 5 9
3 3 8 3 4 16 99
3 3 8 2 21 0 35
3 3 8 2 10 11 107
3 3 8 1 16 6 49
3 3 8 1 5 17 9
3 3 8 0 22 1 154
3 3 8 0 11 12 191
3 3 8 0 0 23 107
3 3 7 19 5 0 97
3 3 7 18 0 6 36
3 3 7 17 6 1 167
3 3 7 16 1 7 182
3 3 7 15 7 2 7
3 3 7 14 2 8 55
3 3 7 13 8 3 37
3 3 7 12 3 9 142
3 3 7 11 9 4 65
3 3 7 10 4 10 78
3 3 7 9 10 5 23
3 3 7 8 16 0 111
3 3 7 8 5 11 160
3 3 7 7 11 6 27
3 3 7 7 0 17 83
3 3 7 6 17 1 15
3 3 7 6 6 12 94
3 3 7 5 12 7 138
3 3 7 5 1 18 144
3 3 7 4 18 2 79
3 3 7 4 7 13 44
3 3 7 3 13 8 134
3 3 7 3 2 19 9
3 3 7 2 19 3 146
3 3 7 2 8 14 111
3 3 7 1 14 9 153
3 3 7 1 3 20 129
3 3 7 0 20 4 162
3 3 7 0 9 15 160
3 3 6 25 0 0 172
3 3 6 23 1 1 39
3 3 6 21 2 2 63
3 3 6 19 3 3 87
3 3 6 17 4 4 30
3 3 6 15 5 5 142
3 3 6 14 11 0 94
3 3 6 14 0 11 163
3 3 6 13 6 6 152
3 3 6 12 12 1 132
3 3 6 12 1 12 197
3 3 6 11 7 7 31
3 3 6 10 13 2 135
3 3 6 10 2 13 122
3 3 6 9 8 8 72
3 3 6 8 14 3 67
3 3 6 8 3 14 109
3 3 6 7 9 9 79
3 3 6 6 15 4 58
3 3 6 6 4 15 25
3 3 6 5 10 10 21
3 3 6 4 16 5 109
3 3 6 4 5 16 175
3 3 6 3 22 0 70
3 3 6 3 11 11 32
3 3 6 3 0 22 42
3 3 6 2 17 6 166
3 3 6 2 6 17 74
3 3 6 1 23 1 47
3 3 6 1 12 12 197
3 3 6 1 1 23 91
3 3 6 0 18 7 112
3 3 6 0 7 18 73
3 3 5 21 0 5 37
3 3 5 20 6 0 138
3 3 5 19 1 6 125
3 3 5 18 7 1 189
3 3 5 17 2 7 98
3 3 5 16 8 2 179
3 3 5 15 3 8 50
3 3 5 14 9 3 67
3 3 5 13 4 9 3
3 3 5 12 10 4 145
3 3 5 11 5 10 53
3 3 5 10 11 5 18
3 3 5 10 0 16 173
3 3 5 9 17 0 51
3 3 5 9 6 11 47
3 3 5 8 12 6 56
3 3 5 8 1 17 162
3 3 5 7 18 1 41
3 3 5 7 7 12 101
3 3 5 6 13 7 127
3 3 5 6 2 18 36
3 3 5 5 19 2 121
3 3 5 5 8 13 109
3 3 5 4 14 8 154
3 3 5 4 3 19 74
3 3 5 3 20 3 53
3 3 5 3 9 14 114
3 3 5 2 15 9 195
3 3 5 2 4 20 42
3 3 5 1 21 4 57
3 3 5 1 10 15 71
3 3 5 0 16 10 36
3 3 5 0 5 21 119
3 3 4 26 1 0 92
3 3 4 24 2 1 41
3 3 4 22 3 2 148
3 3 4 20 4 3 46
3 3 4 18 5 4 186
3 3 4 17 0 10 35
3 3 4 16 6 5 52
3 3 4 15 12 0 196
3 3 4 15 1 11 92
3 3 4 14 7 6 183
3 3 4 13 13 1 58
3 3 4 13 2 12 155
3 3 4 12 8 7 60
3 3 4 11 14 2 141
3 3 4 11 3 13 157
3 3 4 10 9 8 90
3 3 4 9 15 3 190
3 3 4 9 4 14 121
3 3 4 8 10 9 81
3 3 4 7 16 4 159
3 3 4 7 5 15 140
3 3 4 6 11 10 115
3 3 4 6 0 21 148
3 3 4 5 17 5 164
3 3 4 5 6 16 114
3 3 4 4 23 0 139
3 3 4 4 12 11 105
3 3 4 4 1 22 31
3 3 4 3 18 6 179
3 3 4 3 7 17 101
3 3 4 2 24 1 169
3 3 4 2 13 12 87
3 3 4 2 2 23 180
3 3 4 1 19 7 135
3 3 4 1 8 18 171
3 3 4 0 25 2 115
3 3 4 0 14 13 158
3 3 4 0 3 24 25
3 3 3 24 0 4 110
3 3 3 22 1 5 168
3 3 3 21 7 0 89
3 3 3 20 2 6 35
3 3 3 19 8 1 86
3 3 3 18 3 7 64
3 3 3 17 9 2 137
3 3 3 16 4 8 113
3 3 3 15 10 3 196
3 3 3 14 5 9 117
3 3 3 13 11 4 38
3 3 3 13 0 15 138
3 3 3 12 6 10 93
3 3 3 11 12 5 160
3 3 3 11 1 16 35
3 3 3 10 18 0 58
3 3 3 10 7 11 116
3 3 3 9 13 6 179
3 3 3 9 2 17 150
3 3 3 8 19 1 140
3 3 3 8 8 12 17
3 3 3 7 14 7 12
3 3 3 7 3 18 107
3 3 3 6 20 2 54
3 3 3 6 9 13 37
3 3 3 5 15 8 104
3 3 3 5 4 19 149
3 3 3 4 21 3 1
3 3 3 4 10 14 178
3 3 3 3 16 9 13
3 3 3 3 5 20 80
3 3 3 2 22 4 56
3 3 3 2 11 15 85
3 3 3 2 0 26 7
3 3 3 1 17 10 22
3 3 3 1 6 21 89
3 3 3 0 23 5 6
3 3 3 0 12 16 173
3 3 3 0 1 27 79
3 3 2 27 2 0 28
3 3 2 25 3 1 76
3 3 2 23 4 2 91
3 3 2 21 5 3 147
3 3 2 20 0 9 68
3 3 2 19 6 4 71
3 3 2 18 1 10 10
3 3 2 17 7 5 116
3 3 2 16 13 0 94
3 3 2 16 2 11 171
3 3 2 15 8 6 3
3 3 2 14 14 1 35
3 3 2 14 3 12 86
3 3 2 13 9 7 128
3 3 2 12 15 2 193
3 3 2 12 4 13 99
3 3 2 11 10 8 184
3 3 2 10 16 3 110
3 3 2 10 5 14 42
3 3 2 9 11 9 80
3 3 2 9 0 20 127
3 3 2 8 17 4 12
3 3 2 8 6 15 74
3 3 2 7 12 10 184
3 3 2 7 1 21 162
3 3 2 6 18 5 5
3 3 2 6 7 16 99
3 3 2 5 24 0 140
3 3 2 5 13 11 91
3 3 2 5 2 22 181
3 3 2 4 19 6 124
3 3 2 4 8 17 161
3 3 2 3 25 1 193
3 3 2 3 14 12 109
3 3 2 3 3 23 100
3 3 2 2 20 7 170
3 3 2 2 9 18 198
3 3 2 1 26 2 136
3 3 2 1 15 13 139
3 3 2 1 4 24 85
3 3 2 0 21 8 169
3 3 2 0 10 19 63
3 3 1 27 0 3 68
3 3 1 25 1 4 162
3 3 1 23 2 5 21
3 3 1 22 8 0 58
3 3 1 21 3 6 188
3 3 1 20 9 1 18
3 3 1 19 4 7 17
3 3 1 18 10 2 77
3 3 1 17 5 8 166
3 3 1 16 11 3 65
3 3 1 16 0 14 5
3 3 1 15 6 9 53
3 3 1 14 12 4 182
3 3 1 14 1 15 130
3 3 1 13 7 10 128
3 3 1 12 13 5 182
3 3 1 12 2 16 85
3 3 1 11 19 0 147
3 3 1 11 8 11 82
3 3 1 10 14 6 65
3 3 1 10 3 17 2
3 3 1 9 20 1 187
3 3 1 9 9 12 150
3 3 1 8 15 7 121
3 3 1 8 4 18 53
3 3 1 7 21 2 185
3 3 1 7 10 13 20
3 3 1 6 16 8 84
3 3 1 6 5 19 95
3 3 1 5 22 3 21
3 3 1 5 11 14 20
3 3 1 5 0 25 90
3 3 1 4 17 9 46
3 3 1 4 6 20 60
3 3 1 3 23 4 141
3 3 1 3 12 15 29
3 3 1 3 1 26 14
3 3 1 2 18 10 79
3 3 1 2 7 21 188
3 3 1 1 24 5 117
3 3 1 1 13 16 31
3 3 1 1 2 27 24
3 3 1 0 30 0 98
3 3 1 0 19 11 135
3 3 1 0 8 22 84
3 3 0 28 3 0 1
3 3 0 26 4 1 80
3 3 0 24 5 2 75
3 3 0 23 0 8 108
3 3 0 22 6 3 48
3 3 0 21 1 9 4
3 3 0 20 7 4 109
3 3 0 19 2 10 85
3 3 0 18 8 5 140
3 3 0 17 14 0 67
3 3 0 17 3 11 66
3 3 0 16 9 6 134
3 3 0 15 15 1 46
3 3 0 15 4 12 109
3 3 0 14 10 7 83
3 3 0 13 16 2 82
3 3 0 13 5 13 13
3 3 0 12 11 8 120
3 3 0 12 0 19 17
3 3 0 11 17 3 87
3 3 0 11 6 14 33
3 3 0 10 12 9 160
3 3 0 10 1 20 161
3 3 0 9 18 4 24
3 3 0 9 7 15 156
3 3 0 8 13 10 148
3 3 0 8 2 21 183
3 3 0 7 19 5 43
3 3 0 7 8 16 145
3 3 0 6 25 0 166
3 3 0 6 14 11 92
3 3 0 6 3 22 87
3 3 0 5 20 6 174
3 3 0 5 9 17 164
3 3 0 4 26 1 148
3 3 0 4 15 12 131
3 3 0 4 4 23 31
3 3 0 3 21 7 59
3 3 0 3 10 18 113
3 3 0 2 27 2 134
3 3 0 2 16 13 28
3 3 0 2 5 24 182
3 3 0 1 22 8 111
3 3 0 1 11 19 58
3 3 0 1 0 30 172
3 3 0 0 28 3 55
3 3 0 0 17 14 96
3 3 0 0 6 25 78
3 2 30 0 2 0 34
3 2 29 0 0 3 158
3 2 28 1 3 0 13
3 2 27 3 0 2 133
3 2 27 1 1 3 180
3 2 26 2 4 0 104
3 2 26 0 5 1 41
3 2 25 6 0 1 44
3 2 25 4 1 2 133
3 2 25 2 2 3 4
3 2 25 0 3 4 138
3 2 24 3 5 0 120
3 2 24 2 0 6 161
3 2 24 1 6 1 11
3 2 24 0 1 7 191
3 2 23 9 0 0 184
3 2 23 7 1 1 71
3 2 23 5 2 2 81
3 2 23 3 3 3 101
3 2 23 1 4 4 188
3 2 22 5 0 5 165
3 2 22 4 6 0 151
3 2 22 3 1 6 154
3 2 22 2 7 1 159
3 2 22 1 2 7 126
3 2 22 0 8 2 20
3 2 21 10 1 0 142
3 2 21 8 2 1 116
3 2 21 6 3 2 198
3 2 21 4 4 3 121
3 2 21 2 5 4 73
3 2 21 1 0 10 198
3 2 21 0 6 5 82
3 2 20 8 0 4 91
3 2 20 6 1 5 61
3 2 20 5 7 0 100
3 2 20 4 2 6 153
3 2 20 3 8 1 27
3 2 20 2 3 7 57
3 2 20 1 9 2 188
3 2 20 0 4 8 146
3 2 19 11 2 0 83
3 2 19 9 3 1 11
3 2 19 7 4 2 117
3 2 19 5 5 3 82
3 2 19 4 0 9 117
3 2 19 3 6 4 112
3 2 19 2 1 10 96
3 2 19 1 7 5 73
3 2 19 0 13 0 122
3 2 19 0 2 11 23
3 2 18 11 0 3 150
3 2 18 9 1 4 21
3 2 18 7 2 5 11
3 2 18 6 8 0 140
3 2 18 5 3 6 82
3 2 18 4 9 1 54
3 2 18 3 4 7 24
3 2 18 2 10 2 80
3 2 18 1 5 8 38
3 2 18 0 11 3 12
3 2 18 0 0 14 10
3 2 17 12 3 0 73
3 2 17 10 4 1 178
3 2 17 8 5 2 28
3 2 17 7 0 8 51
3 2 17 6 6 3 181
3 2 17 5 1 9 59
3 2 17 4 7 4 108
3 2 17 3 2 10 58
3 2 17 2 8 5 26
3 2 17 1 14 0 68
3 2 17 1 3 11 21
3 2 17 0 9 6 60
3 2 16 14 0 2 94
3 2 16 12 1 3 8
3 2 16 10 2 4 82
3 2 16 8 3 5 190
3 2 16 7 9 0 118
3 2 16 6 4 6 29
3 2 16 5 10 1 198
3 2 16 4 5 7 179
3 2 16 3 11 2 49
3 2 16 3 0 13 89
3 2 16 2 6 8 68
3 2 16 1 12 3 27
3 2 16 1 1 14 64
3 2 16 0 7 9 26
3 2 15 13 4 0 135
3 2 15 11 5 1 121
3 2 15 10 0 7 71
3 2 15 9 6 2 62
3 2 15 8 1 8 59
3 2 15 7 7 3 93
3 2 15 6 2 9 157
3 2 15 5 8 4 49
3 2 15 4 3 10 177
3 2 15 3 9 5 76
3 2 15 2 15 0 127
3 2 15 2 4 11 111
3 2 15 1 10 6 89
3 2 15 0 16 1 66
3 2 15 0 5 12 198
3 2 14 17 0 1 144
3 2 14 15 1 2 112
3 2 14 13 2 3 2
3 2 14 11 3 4 38
3 2 14 9 4 5 176
3 2 14 8 10 0 146
3 2 14 7 5 6 111
3 2 14 6 11 1 93
3 2 14 6 0 12 53
3 2 14 5 6 7 125
3 2 14 4 12 2 9
3 2 14 4 1 13 173
3 2 14 3 7 8 154
3 2 14 2 13 3 69
3 2 14 2 2 14 34
3 2 14 1 8 9 88
3 2 14 0 14 4 192
3 2 14 0 3 15 72
3 2 13 14 5 0 160
3 2 13 13 0 6 123
3 2 13 12 6 1 90
3 2 13 11 1 7 143
3 2 13 10 7 2 108
3 2 13 9 2 8 144
3 2 13 8 8 3 194
3 2 13 7 3 9 121
3 2 13 6 9 4 13
3 2 13 5 4 10 110
3 2 13 4 10 5 170
3 2 13 3 16 0 50
3 2 13 3 5 11 35
3 2 13 2 11 6 43
3 2 13 2 0 17 109
3 2 13 1 17 1 161
3 2 13 1 6 12 42
3 2 13 0 12 7 29
3 2 13 0 1 18 24
3 2 12 20 0 0 62
3 2 12 18 1 1 144
3 2 12 16 2 2 20
3 2 12 14 3 3 85
3 2 12 12 4 4 151
3 2 12 10 5 5 71
3 2 12 9 11 0 4
3 2 12 9 0 11 173
3 2 12 8 6 6 84
3 2 12 7 12 1 133
3 2 12 7 1 12 10
3 2 12 6 7 7 3
3 2 12 5 13 2 145
3 2 12 5 2 13 49
3 2 12 4 8 8 191
3 2 12 3 14 3 82
3 2 12 3 3 14 114
3 2 12 2 9 9 149
3 2 12 1 15 4 154
3 2 12 1 4 15 35
3 2 12 0 10 10 28
3 2 11 16 0 5 126
3 2 11 15 6 0 80
3 2 11 14 1 6 43
3 2 11 13 7 1 39
3 2 11 12 2 7 71
3 2 11 11 8 2 195
3 2 11 10 3 8 95
3 2 11 9 9 3 184
3 2 11 8 4 9 23
3 2 11 7 10 4 87
3 2 11 6 5 10 41
3 2 11 5 11 5 186
3 2 11 5 0 16 164
3 2 11 4 17 0 70
3 2 11 4 6 11 114
3 2 11 3 12 6 19
3 2 11 3 1 17 53
3 2 11 2 18 1 3
3 2 11 2 7 12 89
3 2 11 1 13 7 59
3 2 11 1 2 18 25
3 2 11 0 19 2 178
3 2 11 0 8 13 114
3 2 10 21 1 0 124
3 2 10 19 2 1 149
3 2 10 17 3 2 34
3 2 10 15 4 3 39
3 2 10 13 5 4 100
3 2 10 12 0 10 50
3 2 10 11 6 5 195
3 2 10 10 12 0 11
3 2 10 10 1 11 152
3 2 10 9 7 6 186
3 2 10 8 13 1 118
3 2 10 8 2 12 116
3 2 10 7 8 7 161
3 2 10 6 14 2 16
3 2 10 6 3 13 78
3 2 10 5 9 8 115
3 2 10 4 15 3 101
3 2 10 4 4 14 16
3 2 10 3 10 9 81
3 2 10 2 16 4 54
3 2 10 2 5 15 22
3 2 10 1 11 10 23
3 2 10 1 0 21 22
3 2 10 0 17 5 18
3 2 10 0 6 16 77
3 2 9 19 0 4 180
3 2 9 17 1 5 151
3 2 9 16 7 0 165
3 2 9 15 2 6 3
3 2 9 14 8 1 130
3 2 9 13 3 7 130
3 2 9 12 9 2 1
3 2 9 11 4 8 70
3 2 9 10 10 3 68
3 2 9 9 5 9 63
3 2 9 8 11 4 124
3 2 9 8 0 15 2
3 2 9 7 6 10 40
3 2 9 6 12 5 92
3 2 9 6 1 16 58
3 2 9 5 18 0 101
3 2 9 5 7 11 148
3 2 9 4 13 6 84
3 2 9 4 2 17 188
3 2 9 3 19 1 123
3 2 9 3 8 12 157
3 2 9 2 14 7 146
3 2 9 2 3 18 120
3 2 9 1 20 2 105
3 2 9 1 9 13 106
3 2 9 0 15 8 24
3 2 9 0 4 19 26
3 2 8 22 2 0 66
3 2 8 20 3 1 7
3 2 8 18 4 2 102
3 2 8 16 5 3 120
3 2 8 15 0 9 72
3 2 8 14 6 4 90
3 2 8 13 1 10 143
3 2 8 12 7 5 32
3 2 8 11 13 0 45
3 2 8 11 2 11 122
3 2 8 10 8 6 25
3 2 8 9 14 1 76
3 2 8 9 3 12 14
3 2 8 8 9 7 19
3 2 8 7 15 2 111
3 2 8 7 4 13 122
3 2 8 6 10 8 67
3 2 8 5 16 3 119
3 2 8 5 5 14 52
3 2 8 4 11 9 37
3 2 8 4 0 20 153
3 2 8 3 17 4 122
3 2 8 3 6 15 181
3 2 8 2 12 10 50
3 2 8 2 1 21 6
3 2 8 1 18 5 114
3 2 8 1 7 16 55
3 2 8 0 24 0 34
3 2 8 0 13 11 120
3 2 8 0 2 22 138
3 2 7 22 0 3 54
3 2 7 20 1 4 33
3 2 7 18 2 5 15
3 2 7 17 8 0 162
3 2 7 16 3 6 89
3 2 7 15 9 1 1
3 2 7 14 4 7 28
3 2 7 13 10 2 188
3 2 7 12 5 8 91
3 2 7 11 11 3 36
3 2 7 11 0 14 153
3 2 7 10 6 9 180
3 2 7 9 12 4 104
3 2 7 9 1 15 65
3 2 7 8 7 10 80
3 2 7 7 13 5 34
3 2 7 7 2 16 178
3 2 7 6 19 0 83
3 2 7 6 8 11 135
3 2 7 5 14 6 95
3 2 7 5 3 17 173
3 2 7 4 20 1 23
3 2 7 4 9 12 164
3 2 7 3 15 7 5
3 2 7 3 4 18 124
3 2 7 2 21 2 85
3 2 7 2 10 13 124
3 2 7 1 16 8 48
3 2 7 1 5 19 116
3 2 7 0 22 3 27
3 2 7 0 11 14 90
3 2 7 0 0 25 120
3 2 6 23 3 0 76
3 2 6 21 4 1 186
3 2 6 19 5 2 160
3 2 6 18 0 8 110
3 2 6 17 6 3 82
3 2 6 16 1 9 119
3 2 6 15 7 4 177
3 2 6 14 2 10 45
3 2 6 13 8 5 151
3 2 6 12 14 0 73
3 2 6 12 3 11 83
3 2 6 11 9 6 10
3 2 6 10 15 1 59
3 2 6 10 4 12 74
3 2 6 9 10 7 14
3 2 6 8 16 2 25
3 2 6 8 5 13 196
3 2 6 7 11 8 81
3 2 6 7 0 19 66
3 2 6 6 17 3 75
3 2 6 6 6 14 64
3 2 6 5 12 9 140
3 2 6 5 1 20 52
3 2 6 4 18 4 191
3 2 6 4 7 15 155
3 2 6 3 13 10 37
3 2 6 3 2 21 120
3 2 6 2 19 5 126
3 2 6 2 8 16 18
3 2 6 1 25 0 110
3 2 6 1 14 11 6
3 2 6 1 3 22 111
3 2 6 0 20 6 194
3 2 6 0 9 17 180
3 2 5 25 0 2 155
3 2 5 23 1 3 146
3 2 5 21 2 4 46
3 2 5 19 3 5 57
3 2 5 18 9 0 93
3 2 5 17 4 6 159
3 2 5 16 10 1 131
3 2 5 15 5 7 107
3 2 5 14 11 2 3
3 2 5 14 0 13 97
3 2 5 13 6 8 102
3 2 5 12 12 3 171
3 2 5 12 1 14 58
3 2 5 11 7 9 86
3 2 5 10 13 4 107
3 2 5 10 2 15 194
3 2 5 9 8 10 26
3 2 5 8 14 5 105
3 2 5 8 3 16 70
3 2 5 7 20 0 157
3 2 5 7 9 11 53
3 2 5 6 15 6 52
3 2 5 6 4 17 152
3 2 5 5 21 1 156
3 2 5 5 10 12 114
3 2 5 4 16 7 108
3 2 5 4 5 18 22
3 2 5 3 22 2 190
3 2 5 3 11 13 68
3 2 5 3 0 24 91
3 2 5 2 17 8 131
3 2 5 2 6 19 45
3 2 5 1 23 3 134
3 2 5 1 12 14 177
3 2 5 1 1 25 107
3 2 5 0 18 9 13
3 2 5 0 7 20 145
3 2 4 24 4 0 104
3 2 4 22 5 1 145
3 2 4 21 0 7 142
3 2 4 20 6 2 2
3 2 4 19 1 8 36
3 2 4 18 7 3 52
3 2 4 17 2 9 119
3 2 4 16 8 4 28
3 2 4 15 3 10 85
3 2 4 14 9 5 126
3 2 4 13 15 0 130
3 2 4 13 4 11 162
3 2 4 12 10 6 2
3 2 4 11 16 1 46
3 2 4 11 5 12 96
3 2 4 10 11 7 177
3 2 4 10 0 18 111
3 2 4 9 17 2 118
3 2 4 9 6 13 172
3 2 4 8 12 8 49
3 2 4 8 1 19 130
3 2 4 7 18 3 80
3 2 4 7 7 14 63
3 2 4 6 13 9 80
3 2 4 6 2 20 91
3 2 4 5 19 4 89
3 2 4 5 8 15 53
3 2 4 4 14 10 197
3 2 4 4 3 21 22
3 2 4 3 20 5 79
3 2 4 3 9 16 44
3 2 4 2 26 0 40
3 2 4 2 15 11 3
3 2 4 2 4 22 30
3 2 4 1 21 6 28
3 2 4 1 10 17 176
3 2 4 0 27 1 159
3 2 4 0 16 12 139
3 2 4 0 5 23 134
3 2 3 28 0 1 184
3 2 3 26 1 2 60
3 2 3 24 2 3 79
3 2 3 22 3 4 189
3 2 3 20 4 5 100
3 2 3 19 10 0 32
3 2 3 18 5 6 153
3 2 3 17 11 1 155
3 2 3 17 0 12 106
3 2 3 15 12 2 66
3 2 3 15 1 13 171
3 2 3 14 7 8 88
3 2 3 13 13 3 172
3 2 3 13 2 14 74
3 2 3 12 8 9 95
3 2 3 11 14 4 150
3 2 3 11 3 15 64
3 2 3 10 9 10 97
3 2 3 9 15 5 76
3 2 3 9 4 16 121
3 2 3 8 21 0 164
3 2 3 8 10 11 35
3 2 3 7 16 6 28
3 2 3 7 5 17 126
3 2 3 6 22 1 142
3 2 3 6 11 12 183
3 2 3 6 0 23 169
3 2 3 5 17 7 118
3 2 3 5 6 18 62
3 2 3 4 23 2 188
3 2 3 4 12 13 118
3 2 3 4 1 24 139
3 2 3 3 18 8 2
3 2 3 3 7 19 138
3 2 3 2 24 3 43
3 2 3 2 13 14 130
3 2 3 2 2 25 128
3 2 3 1 19 9 140
3 2 3 1 8 20 158
3 2 3 0 25 4 125
3 2 3 0 14 15 138
3 2 3 0 3 26 102
3 2 2 25 5 0 29
3 2 2 24 0 6 185
3 2 2 23 6 1 125
3 2 2 22 1 7 4
3 2 2 21 7 2 50
3 2 2 20 2 8 109
3 2 2 19 8 3 42
3 2 2 18 3 9 155
3 2 2 17 9 4 196
3 2 2 16 4 10 188
3 2 2 15 10 5 59
3 2 2 14 16 0 95
3 2 2 14 5 11 2
3 2 2 13 11 6 109
3 2 2 13 0 17 92
3 2 2 12 17 1 102
3 2 2 12 6 12 135
3 2 2 11 12 7 184
3 2 2 11 1 18 21
3 2 2 10 18 2 37
3 2 2 10 7 13 58
3 2 2 9 13 8 111
3 2 2 9 2 19 72
3 2 2 8 19 3 180
3 2 2 8 8 14 139
3 2 2 7 14 9 159
3 2 2 7 3 20 79
3 2 2 6 20 4 138
3 2 2 6 9 15 100
3 2 2 5 15 10 107
3 2 2 5 4 21 180
3 2 2 4 21 5 19
3 2 2 4 10 16 196
3 2 2 3 27 0 171
3 2 2 3 16 11 99
3 2 2 3 5 22 115
3 2 2 2 22 6 119
3 2 2 2 11 17 67
3 2 2 2 0 28 14
3 2 2 1 28 1 76
3 2 2 1 17 12 127
3 2 2 1 6 23 96
3 2 2 0 23 7 124
3 2 2 0 12 18 197
3 2 2 0 1 29 113
3 2 1 31 0 0 72
3 2 1 29 1 1 90
3 2 1 27 2 2 30
3 2 1 25 3 3 151
3 2 1 23 4 4 9
3 2 1 21 5 5 8
3 2 1 20 11 0 74
3 2 1 20 0 11 23
3 2 1 19 6 6 127
3 2 1 18 12 1 111
3 2 1 18 1 12 73
3 2 1 17 7 7 60
3 2 1 16 13 2 54
3 2 1 16 2 13 196
3 2 1 15 8 8 167
3 2 1 14 14 3 172
3 2 1 14 3 14 13
3 2 1 13 9 9 193
3 2 1 12 15 4 6
3 2 1 12 4 15 139
3 2 1 11 10 10 106
3 2 1 10 16 5 65
3 2 1 10 5 16 154
3 2 1 9 22 0 62
3 2 1 9 11 11 124
3 2 1 9 0 22 177
3 2 1 8 17 6 49
3 2 1 8 6 17 181
3 2 1 7 23 1 117
3 2 1 7 12 12 119
3 2 1 7 1 23 145
3 2 1 6 18 7 64
3 2 1 6 7 18 23
3 2 1 5 24 2 24
3 2 1 5 13 13 94
3 2 1 5 2 24 189
3 2 1 4 19 8 186
3 2 1 4 8 19 132
3 2 1 3 25 3 196
3 2 1 3 14 14 59
3 2 1 3 3 25 168
3 2 1 2 20 9 86
3 2 1 2 9 20 155
3 2 1 1 26 4 120
3 2 1 1 15 15 41
3 2 1 1 4 26 197
3 2 1 0 21 10 196
3 2 1 0 10 21 103
3 2 0 27 0 5 76
3 2 0 26 6 0 172
3 2 0 25 1 6 78
3 2 0 24 7 1 58
3 2 0 23 2 7 71
3 2 0 22 8 2 17
3 2 0 21 3 8 3
3 2 0 20 9 3 71
3 2 0 19 4 9 148
3 2 0 18 10 4 140
3 2 0 17 5 10 81
3 2 0 16 11 5 30
3 2 0 16 0 16 177
3 2 0 15 17 0 78
3 2 0 15 6 11 95
3 2 0 14 12 6 185
3 2 0 14 1 17 154
3 2 0 13 18 1 148
3 2 0 13 7 12 37
3 2 0 12 13 7 63
3 2 0 12 2 18 140
3 2 0 11 19 2 114
3 2 0 11 8 13 119
3 2 0 10 14 8 196
3 2 0 10 3 19 168
3 2 0 9 20 3 89
3 2 0 9 9 14 96
3 2 0 8 4 20 105
3 2 0 7 21 4 188
3 2 0 7 10 15 24
3 2 0 6 16 10 13
3 2 0 6 5 21 142
3 2 0 5 22 5 45
3 2 0 5 11 16 126
3 2 0 5 0 27 131
3 2 0 4 28 0 50
3 2 0 4 17 11 152
3 2 0 4 6 22 68
3 2 0 3 23 6 155
3 2 0 3 1 28 83
3 2 0 2 29 1 105
3 2 0 2 18 12 72
3 2 0 2 7 23 110
3 2 0 1 24 7 149
3 2 0 1 13 18 180
3 2 0 1 2 29 181
3 2 0 0 30 2 139
3 2 0 0 19 13 150
3 2 0 0 8 24 89
3 1 31 1 0 1 27
3 1 29 4 0 0 148
3 1 29 2 1 1 4
3 1 29 0 2 2 163
3 1 28 0 0 5 87
3 1 27 5 1 0 70
3 1 27 3 2 1 44
3 1 27 1 3 2 146
3 1 26 3 0 4 4
3 1 26 1 1 5 77
3 1 26 0 7 0 104
3 1 25 6 2 0 87
3 1 25 4 3 1 60
3 1 25 2 4 2 178
3 1 25 0 5 3 84
3 1 24 6 0 3 75
3 1 24 4 1 4 185
3 1 24 2 2 5 74
3 1 24 1 8 0 156
3 1 24 0 3 6 93
3 1 23 7 3 0 67
3 1 23 5 4 1 6
3 1 23 3 5 2 2
3 1 23 2 0 8 128
3 1 23 1 6 3 75
3 1 23 0 1 9 113
3 1 22 9 0 2 36
3 1 22 7 1 3 39
3 1 22 5 2 4 86
3 1 22 3 3 5 143
3 1 22 2 9 0 190
3 1 22 1 4 6 13
3 1 22 0 10 1 120
3 1 21 8 4 0 28
3 1 21 6 5 1 14
3 1 21 5 0 7 165
3 1 21 4 6 2 127
3 1 21 3 1 8 136
3 1 21 2 7 3 135
3 1 21 1 2 9 138
3 1 21 0 8 4 197
3 1 20 12 0 1 159
3 1 20 10 1 2 17
3 1 20 8 2 3 134
3 1 20 6 3 4 163
3 1 20 4 4 5 173
3 1 20 3 10 0 56
3 1 20 2 5 6 98
3 1 20 1 11 1 93
3 1 20 1 0 12 116
3 1 20 0 6 7 157
3 1 19 9 5 0 116
3 1 19 8 0 6 96
3 1 19 7 6 1 28
3 1 19 6 1 7 42
3 1 19 5 7 2 103
3 1 19 4 2 8 177
3 1 19 3 8 3 52
3 1 19 2 3 9 122
3 1 19 1 9 4 153
3 1 19 0 4 10 41
3 1 18 15 0 0 121
3 1 18 13 1 1 78
3 1 18 11 2 2 195
3 1 18 9 3 3 81
3 1 18 7 4 4 5
3 1 18 5 5 5 161
3 1 18 4 11 0 70
3 1 18 4 0 11 120
3 1 18 3 6 6 152
3 1 18 2 12 1 57
3 1 18 2 1 12 137
3 1 18 1 7 7 159
3 1 18 0 13 2 142
3 1 18 0 2 13 111
3 1 17 11 0 5 54
3 1 17 10 6 0 97
3 1 17 9 1 6 171
3 1 17 8 7 1 168
3 1 17 7 2 7 7
3 1 17 6 8 2 188
3 1 17 5 3 8 102
3 1 17 4 9 3 146
3 1 17 3 4 9 63
3 1 17 2 10 4 14
3 1 17 1 5 10 13
3 1 17 0 11 5 110
3 1 17 0 0 16 3
3 1 16 16 1 0 57
3 1 16 14 2 1 110
3 1 16 12 3 2 184
3 1 16 10 4 3 182
3 1 16 8 5 4 154
3 1 16 7 0 10 116
3 1 16 6 6 5 86
3 1 16 5 12 0 65
3 1 16 5 1 11 147
3 1 16 4 7 6 69
3 1 16 3 13 1 73
3 1 16 3 2 12 43
3 1 16 2 8 7 181
3 1 16 1 14 2 111
3 1 16 1 3 13 116
3 1 16 0 9 8 4
3 1 15 14 0 4 20
3 1 15 12 1 5 81
3 1 15 11 7 0 38
3 1 15 10 2 6 34
3 1 15 9 8 1 107
3 1 15 8 3 7 143
3 1 15 7 9 2 39
3 1 15 6 4 8 42
3 1 15 5 10 3 42
3 1 15 4 5 9 193
3 1 15 3 11 4 82
3 1 15 3 0 15 47
3 1 15 2 6 10 38
3 1 15 1 12 5 185
3 1 15 1 1 16 37
3 1 15 0 18 0 191
3 1 15 0 7 11 152
3 1 14 17 2 0 35
3 1 14 15 3 1 106
3 1 14 13 4 2 40
3 1 14 11 5 3 182
3 1 14 10 0 9 155
3 1 14 9 6 4 55
3 1 14 8 1 10 137
3 1 14 7 7 5 55
3 1 14 6 13 0 133
3 1 14 6 2 11 76
3 1 14 5 8 6 40
3 1 14 4 14 1 43
3 1 14 4 3 12 22
3 1 14 3 9 7 40
3 1 14 2 15 2 115
3 1 14 2 4 13 152
3 1 14 1 10 8 48
3 1 14 0 16 3 60
3 1 14 0 5 14 168
3 1 13 17 0 3 64
3 1 13 15 1 4 150
3 1 13 13 2 5 156
3 1 13 12 8 0 4
3 1 13 11 3 6 12
3 1 13 10 9 1 143
3 1 13 9 4 7 134
3 1 13 8 10 2 177
3 1 13 7 5 8 180
3 1 13 6 11 3 69
3 1 13 6 0 14 35
3 1 13 5 6 9 167
3 1 13 4 12 4 18
3 1 13 4 1 15 166
3 1 13 3 7 10 170
3 1 13 2 13 5 72
3 1 13 2 2 16 139
3 1 13 1 19 0 7
3 1 13 1 8 11 135
3 1 13 0 14 6 80
3 1 13 0 3 17 85
3 1 12 18 3 0 184
3 1 12 16 4 1 79
3 1 12 14 5 2 188
3 1 12 13 0 8 73
3 1 12 12 6 3 139
3 1 12 11 1 9 129
3 1 12 10 7 4 84
3 1 12 9 2 10 42
3 1 12 8 8 5 57
3 1 12 7 14 0 148
3 1 12 7 3 11 99
3 1 12 6 9 6 58
3 1 12 5 15 1 19
3 1 12 5 4 12 2
3 1 12 4 10 7 17
3 1 12 3 16 2 23
3 1 12 3 5 13 148
3 1 12 2 11 8 86
3 1 12 2 0 19 161
3 1 12 1 17 3 121
3 1 12 1 6 14 14
3 1 12 0 12 9 56
3 1 12 0 1 20 80
3 1 11 20 0 2 173
3 1 11 18 1 3 183
3 1 11 16 2 4 150
3 1 11 14 3 5 37
3 1 11 13 9 0 105
3 1 11 12 4 6 86
3 1 11 11 10 1 118
3 1 11 10 5 7 172
3 1 11 9 11 2 176
3 1 11 9 0 13 63
3 1 11 8 6 8 4
3 1 11 7 12 3 132
3 1 11 7 1 14 56
3 1 11 6 7 9 77
3 1 11 5 13 4 52
3 1 11 5 2 15 34
3 1 11 4 8 10 36
3 1 11 3 14 5 156
3 1 11 3 3 16 175
3 1 11 2 20 0 186
3 1 11 2 9 11 80
3 1 11 1 15 6 99
3 1 11 1 4 17 22
3 1 11 0 21 1 23
3 1 11 0 10 12 9
3 1 10 19 4 0 153
3 1 10 17 5 1 134
3 1 10 16 0 7 17
3 1 10 15 6 2 78
3 1 10 14 1 8 95
3 1 10 13 7 3 107
3 1 10 12 2 9 48
3 1 10 11 8 4 155
3 1 10 10 3 10 83
3 1 10 9 9 5 160
3 1 10 8 15 0 55
3 1 10 8 4 11 129
3 1 10 7 10 6 58
3 1 10 6 16 1 110
3 1 10 6 5 12 95
3 1 10 5 11 7 133
3 1 10 5 0 18 167
3 1 10 4 17 2 24
3 1 10 4 6 13 141
3 1 10 3 12 8 191
3 1 10 3 1 19 125
3 1 10 2 18 3 126
3 1 10 2 7 14 121
3 1 10 1 13 9 12
3 1 10 0 19 4 35
3 1 10 0 8 15 141
3 1 9 23 0 1 38
3 1 9 21 1 2 104
3 1 9 19 2 3 150
3 1 9 17 3 4 171
3 1 9 15 4 5 95
3 1 9 14 10 0 139
3 1 9 13 5 6 50
3 1 9 12 11 1 125
3 1 9 12 0 12 177
3 1 9 11 6 7 144
3 1 9 10 12 2 180
3 1 9 10 1 13 172
3 1 9 9 7 8 17
3 1 9 8 13 3 36
3 1 9 8 2 14 38
3 1 9 7 8 9 131
3 1 9 6 14 4 140
3 1 9 6 3 15 31
3 1 9 5 9 10 28
3 1 9 4 15 5 85
3 1 9 4 4 16 163
3 1 9 3 21 0 99
3 1 9 3 10 11 53
3 1 9 2 16 6 116
3 1 9 2 5 17 193
3 1 9 1 22 1 149
3 1 9 1 11 12 37
3 1 9 1 0 23 122
3 1 9 0 17 7 17
3 1 9 0 6 18 147
3 1 8 20 5 0 109
3 1 8 19 0 6 108
3 1 8 18 6 1 47
3 1 8 17 1 7 167
3 1 8 16 7 2 157
3 1 8 15 2 8 81
3 1 8 14 8 3 93
3 1 8 13 3 9 4
3 1 8 12 9 4 19
3 1 8 11 4 10 147
3 1 8 10 10 5 177
3 1 8 9 16 0 43
3 1 8 9 5 11 17
3 1 8 8 11 6 184
3 1 8 8 0 17 72
3 1 8 7 17 1 70
3 1 8 7 6 12 6
3 1 8 6 12 7 194
3 1 8 6 1 18 176
3 1 8 5 18 2 155
3 1 8 5 7 13 145
3 1 8 4 13 8 95
3 1 8 4 2 19 67
3 1 8 3 19 3 100
3 1 8 3 8 14 121
3 1 8 2 14 9 26
3 1 8 2 3 20 179
3 1 8 1 20 4 139
3 1 8 1 9 15 124
3 1 8 0 15 10 23
3 1 8 0 4 21 152
3 1 7 26 0 0 4
3 1 7 24 1 1 189
3 1 7 22 2 2 53
3 1 7 20 3 3 95
3 1 7 18 4 4 16
3 1 7 16 5 5 169
3 1 7 15 11 0 154
3 1 7 15 0 11 105
3 1 7 14 6 6 2
3 1 7 13 12 1 166
3 1 7 13 1 12 141
3 1 7 12 7 7 69
3 1 7 11 13 2 14
3 1 7 11 2 13 152
3 1 7 10 8 8 159
3 1 7 9 14 3 74
3 1 7 9 3 14 8
3 1 7 8 9 9 75
3 1 7 7 15 4 27
3 1 7 7 4 15 18
3 1 7 6 10 10 176
3 1 7 5 16 5 109
3 1 7 5 5 16 126
3 1 7 4 22 0 191
3 1 7 4 11 11 191
3 1 7 4 0 22 178
3 1 7 3 17 6 43
3 1 7 3 6 17 3
3 1 7 2 23 1 188
3 1 7 2 12 12 1
3 1 7 2 1 23 169
3 1 7 1 18 7 6
3 1 7 1 7 18 154
3 1 7 0 24 2 28
3 1 7 0 13 13 79
3 1 7 0 2 24 19
3 1 6 22 0 5 106
3 1 6 20 1 6 30
3 1 6 19 7 1 10
3 1 6 18 2 7 7
3 1 6 17 8 2 134
3 1 6 16 3 8 146
3 1 6 15 9 3 108
3 1 6 14 4 9 65
3 1 6 13 10 4 99
3 1 6 12 5 10 89
3 1 6 11 11 5 100
3 1 6 11 0 16 17
3 1 6 10 17 0 5
3 1 6 10 6 11 101
3 1 6 9 12 6 152
3 1 6 9 1 17 132
3 1 6 8 18 1 109
3 1 6 8 7 12 193
3 1 6 7 13 7 23
3 1 6 7 2 18 66
3 1 6 6 19 2 18
3 1 6 6 8 13 37
3 1 6 5 14 8 174
3 1 6 5 3 19 83
3 1 6 4 20 3 127
3 1 6 4 9 14 122
3 1 6 3 15 9 66
3 1 6 3 4 20 96
3 1 6 2 21 4 2
3 1 6 2 10 15 67
3 1 6 1 16 10 130
3 1 6 1 5 21 73
3 1 6 0 22 5 189
3 1 6 0 11 16 84
3 1 6 0 0 27 163
3 1 5 27 1 0 29
3 1 5 25 2 1 101
3 1 5 21 4 3 162
3 1 5 19 5 4 134
3 1 5 18 0 10 130
3 1 5 17 6 5 24
3 1 5 16 12 0 18
3 1 5 16 1 11 135
3 1 5 15 7 6 122
3 1 5 14 13 1 190
3 1 5 14 2 12 190
3 1 5 13 8 7 1
3 1 5 12 14 2 28
3 1 5 12 3 13 189
3 1 5 11 9 8 143
3 1 5 10 15 3 23
3 1 5 10 4 14 14
3 1 5 9 10 9 172
3 1 5 8 16 4 73
3 1 5 8 5 15 2
3 1 5 7 11 10 195
3 1 5 7 0 21 11
3 1 5 6 17 5 3
3 1 5 6 6 16 69
3 1 5 5 23 0 67
3 1 5 5 12 11 99
3 1 5 5 1 22 63
3 1 5 4 18 6 152
3 1 5 4 7 17 121
3 1 5 3 24 1 193
3 1 5 3 13 12 74
3 1 5 3 2 23 91
3 1 5 2 19 7 103
3 1 5 2 8 18 182
3 1 5 1 25 2 21
3 1 5 1 14 13 155
3 1 5 1 3 24 32
3 1 5 0 20 8 117
3 1 5 0 9 19 20
3 1 4 25 0 4 45
3 1 4 23 1 5 129
3 1 4 22 7 0 166
3 1 4 21 2 6 111
3 1 4 20 8 1 163
3 1 4 19 3 7 128
3 1 4 18 9 2 180
3 1 4 17 4 8 124
3 1 4 16 10 3 15
3 1 4 15 5 9 169
3 1 4 14 11 4 177
3 1 4 14 0 15 175
3 1 4 13 6 10 110
3 1 4 12 12 5 99
3 1 4 12 1 16 62
3 1 4 11 18 0 20
3 1 4 11 7 11 187
3 1 4 10 13 6 172
3 1 4 10 2 17 179
3 1 4 9 19 1 28
3 1 4 9 8 12 190
3 1 4 8 14 7 71
3 1 4 8 3 18 61
3 1 4 7 20 2 195
3 1 4 7 9 13 43
3 1 4 6 15 8 147
3 1 4 6 4 19 50
3 1 4 5 21 3 160
3 1 4 5 10 14 52
3 1 4 4 16 9 190
3 1 4 4 5 20 74
3 1 4 3 22 4 23
3 1 4 3 11 15 24
3 1 4 3 0 26 172
3 1 4 2 17 10 26
3 1 4 2 6 21 41
3 1 4 1 23 5 40
3 1 4 1 12 16 8
3 1 4 1 1 27 165
3 1 4 0 29 0 31
3 1 4 0 18 11 179
3 1 4 0 7 22 184
3 1 3 28 2 0 190
3 1 3 26 3 1 109
3 1 3 24 4 2 181
3 1 3 22 5 3 13
3 1 3 21 0 9 136
3 1 3 20 6 4 104
3 1 3 19 1 10 1
3 1 3 18 7 5 38
3 1 3 17 13 0 144
3 1 3 17 2 11 17
3 1 3 16 8 6 139
3 1 3 15 14 1 148
3 1 3 15 3 12 197
3 1 3 14 9 7 94
3 1 3 13 15 2 86
3 1 3 13 4 13 86
3 1 3 12 10 8 160
3 1 3 11 16 3 167
3 1 3 11 5 14 184
3 1 3 10 11 9 51
3 1 3 10 0 20 120
3 1 3 9 17 4 151
3 1 3 9 6 15 98
3 1 3 8 12 10 167
3 1 3 8 1 21 7
3 1 3 7 18 5 104
3 1 3 7 7 16 191
3 1 3 6 24 0 191
3 1 3 6 13 11 46
3 1 3 6 2 22 172
3 1 3 5 19 6 55
3 1 3 5 8 17 118
3 1 3 4 25 1 95
3 1 3 4 14 12 77
3 1 3 4 3 23 196
3 1 3 3 20 7 3
3 1 3 3 9 18 176
3 1 3 2 26 2 36
3 1 3 2 15 13 124
3 1 3 2 4 24 192
3 1 3 1 21 8 146
3 1 3 1 10 19 128
3 1 3 0 27 3 3
3 1 3 0 16 14 87
3 1 3 0 5 25 60
3 1 2 28 0 3 95
3 1 2 26 1 4 40
3 1 2 24 2 5 45
3 1 2 23 8 0 65
3 1 2 22 3 6 124
3 1 2 21 9 1 114
3 1 2 20 4 7 76
3 1 2 19 10 2 29
3 1 2 18 5 8 173
3 1 2 17 11 3 64
3 1 2 16 6 9 77
3 1 2 15 12 4 101
3 1 2 15 1 15 128
3 1 2 14 7 10 71
3 1 2 13 13 5 127
3 1 2 13 2 16 131
3 1 2 12 19 0 170
3 1 2 12 8 11 130
3 1 2 11 14 6 85
3 1 2 11 3 17 152
3 1 2 10 20 1 35
3 1 2 10 9 12 119
3 1 2 9 15 7 70
3 1 2 9 4 18 128
3 1 2 8 21 2 7
3 1 2 8 10 13 50
3 1 2 7 16 8 126
3 1 2 7 5 19 98
3 1 2 6 22 3 19
3 1 2 6 11 14 119
3 1 2 6 0 25 7
3 1 2 5 17 9 47
3 1 2 5 6 20 73
3 1 2 4 23 4 13
3 1 2 4 12 15 192
3 1 2 4 1 26 165
3 1 2 3 18 10 100
3 1 2 3 7 21 122
3 1 2 2 24 5 113
3 1 2 2 13 16 177
3 1 2 2 2 27 165
3 1 2 1 30 0 43
3 1 2 1 19 11 156
3 1 2 1 8 22 83
3 1 2 0 25 6 147
3 1 2 0 14 17 186
3 1 2 0 3 28 26
3 1 1 29 3 0 33
3 1 1 27 4 1 197
3 1 1 25 5 2 147
3 1 1 24 0 8 16
3 1 1 23 6 3 102
3 1 1 22 1 9 37
3 1 1 21 7 4 51
3 1 1 20 2 10 81
3 1 1 19 8 5 198
3 1 1 18 14 0 25
3 1 1 18 3 11 173
3 1 1 17 9 6 126
3 1 1 16 15 1 82
3 1 1 16 4 12 173
3 1 1 15 10 7 64
3 1 1 14 16 2 168
3 1 1 14 5 13 90
3 1 1 13 11 8 24
3 1 1 13 0 19 48
3 1 1 12 17 3 94
3 1 1 12 6 14 113
3 1 1 11 12 9 163
3 1 1 11 1 20 15
3 1 1 10 18 4 112
3 1 1 10 7 15 137
3 1 1 9 13 10 42
3 1 1 9 2 21 164
3 1 1 8 19 5 47
3 1 1 8 8 16 33
3 1 1 7 25 0 61
3 1 1 7 14 11 193
3 1 1 7 3 22 174
3 1 1 6 20 6 36
3 1 1 6 9 17 3
3 1 1 5 26 1 95
3 1 1 5 15 12 93
3 1 1 5 4 23 114
3 1 1 4 21 7 7
3 1 1 4 10 18 124
3 1 1 3 27 2 114
3 1 1 3 16 13 163
3 1 1 3 5 24 19
3 1 1 2 22 8 88
3 1 1 2 11 19 143
3 1 1 2 0 30 184
3 1 1 1 28 3 58
3 1 1 1 17 14 190
3 1 1 1 6 25 37
3 1 1 0 23 9 70
3 1 1 0 12 20 194
3 1 1 0 1 31 100
3 1 0 31 0 2 64
3 1 0 29 1 3 21
3 1 0 27 2 4 152
3 1 0 25 3 5 141
3 1 0 24 9 0 90
3 1 0 23 4 6 160
3 1 0 22 10 1 64
3 1 0 21 5 7 51
3 1 0 20 11 2 71
3 1 0 20 0 13 60
3 1 0 19 6 8 177
3 1 0 18 12 3 55
3 1 0 18 1 14 187
3 1 0 17 7 9 172
3 1 0 16 13 4 74
3 1 0 16 2 15 6
3 1 0 15 8 10 27
3 1 0 14 14 5 58
3 1 0 14 3 16 107
3 1 0 13 20 0 21
3 1 0 13 9 11 64
3 1 0 12 15 6 1
3 1 0 12 4 17 172
3 1 0 11 21 1 114
3 1 0 11 10 12 124
3 1 0 10 16 7 156
3 1 0 10 5 18 102
3 1 0 9 22 2 55
3 1 0 9 11 13 48
3 1 0 9 0 24 7
3 1 0 8 17 8 45
3 1 0 8 6 19 68
3 1 0 7 23 3 198
3 1 0 7 12 14 126
3 1 0 7 1 25 121
3 1 0 6 18 9 122
3 1 0 6 7 20 132
3 1 0 5 24 4 174
3 1 0 5 13 15 161
3 1 0 5 2 26 46
3 1 0 4 19 10 1
3 1 0 4 8 21 42
3 1 0 3 25 5 69
3 1 0 3 14 16 48
3 1 0 3 3 27 54
3 1 0 2 31 0 175
3 1 0 2 20 11 194
3 1 0 2 9 22 170
3 1 0 1 26 6 108
3 1 0 1 15 17 123
3 1 0 1 4 28 58
3 1 0 0 32 1 71
3 1 0 0 21 12 140
3 1 0 0 10 23 145
3 0 33 0 1 0 40
3 0 31 1 2 0 139
3 0 30 1 0 3 59
3 0 29 2 3 0 43
3 0 29 0 4 1 19
3 0 28 4 0 2 169
3 0 28 2 1 3 79
3 0 28 0 2 4 14
3 0 27 3 4 0 10
3 0 27 1 5 1 4
3 0 27 0 0 7 142
3 0 26 7 0 1 63
3 0 26 5 1 2 119
3 0 26 3 2 3 112
3 0 26 1 3 4 112
3 0 25 4 5 0 88
3 0 25 3 0 6 35
3 0 25 2 6 1 128
3 0 25 1 1 7 119
3 0 25 0 7 2 124
3 0 24 10 0 0 190
3 0 24 8 1 1 162
3 0 24 6 2 2 72
3 0 24 4 3 3 198
3 0 24 2 4 4 136
3 0 24 0 5 5 147
3 0 23 6 0 5 55
3 0 23 5 6 0 13
3 0 23 4 1 6 51
3 0 23 3 7 1 157
3 0 23 2 2 7 94
3 0 23 1 8 2 135
3 0 23 0 3 8 99
3 0 22 11 1 0 89
3 0 22 9 2 1 124
3 0 22 7 3 2 41
3 0 22 5 4 3 159
3 0 22 3 5 4 34
3 0 22 2 0 10 80
3 0 22 1 6 5 143
3 0 22 0 12 0 91
3 0 22 0 1 11 108
3 0 21 9 0 4 102
3 0 21 7 1 5 100
3 0 21 6 7 0 87
3 0 21 5 2 6 20
3 0 21 4 8 1 54
3 0 21 3 3 7 96
3 0 21 2 9 2 67
3 0 21 1 4 8 38
3 0 21 0 10 3 128
3 0 20 12 2 0 66
3 0 20 10 3 1 178
3 0 20 8 4 2 105
3 0 20 6 5 3 140
3 0 20 5 0 9 67
3 0 20 4 6 4 175
3 0 20 3 1 10 46
3 0 20 2 7 5 193
3 0 20 1 13 0 185
3 0 20 1 2 11 50
3 0 20 0 8 6 158
3 0 19 12 0 3 32
3 0 19 10 1 4 181
3 0 19 8 2 5 29
3 0 19 7 8 0 196
3 0 19 6 3 6 141
3 0 19 5 9 1 143
3 0 19 4 4 7 23
3 0 19 3 10 2 170
3 0 19 2 5 8 25
3 0 19 1 11 3 102
3 0 19 1 0 14 165
3 0 19 0 6 9 198
3 0 18 13 3 0 148
3 0 18 11 4 1 166
3 0 18 9 5 2 5
3 0 18 8 0 8 112
3 0 18 7 6 3 139
3 0 18 6 1 9 162
3 0 18 5 7 4 114
3 0 18 4 2 10 194
3 0 18 3 8 5 33
3 0 18 2 14 0 88
3 0 18 2 3 11 77
3 0 18 1 9 6 117
3 0 18 0 15 1 80
3 0 18 0 4 12 119
3 0 17 15 0 2 170
3 0 17 13 1 3 38
3 0 17 11 2 4 161
3 0 17 9 3 5 50
3 0 17 8 9 0 19
3 0 17 7 4 6 26
3 0 17 6 10 1 158
3 0 17 5 5 7 34
3 0 17 4 11 2 97
3 0 17 4 0 13 104
3 0 17 3 6 8 44
3 0 17 2 12 3 62
3 0 17 2 1 14 104
3 0 17 1 7 9 107
3 0 17 0 13 4 118
3 0 17 0 2 15 65
3 0 16 14 4 0 35
3 0 16 12 5 1 82
3 0 16 11 0 7 98
3 0 16 10 6 2 97
3 0 16 9 1 8 164
3 0 16 8 7 3 186
3 0 16 7 2 9 142
3 0 16 6 8 4 98
3 0 16 5 3 10 182
3 0 16 4 9 5 63
3 0 16 3 15 0 29
3 0 16 2 10 6 175
3 0 16 1 16 1 86
3 0 16 1 5 12 22
3 0 16 0 11 7 15
3 0 16 0 0 18 193
3 0 15 18 0 1 148
3 0 15 16 1 2 165
3 0 15 14 2 3 37
3 0 15 12 3 4 127
3 0 15 10 4 5 11
3 0 15 9 10 0 119
3 0 15 8 5 6 161
3 0 15 7 11 1 44
3 0 15 7 0 12 15
3 0 15 6 6 7 16
3 0 15 5 12 2 65
3 0 15 5 1 13 192
3 0 15 4 7 8 10
3 0 15 3 13 3 50
3 0 15 3 2 14 154
3 0 15 2 8 9 81
3 0 15 1 14 4 183
3 0 15 1 3 15 110
3 0 15 0 9 10 82
3 0 14 15 5 0 150
3 0 14 14 0 6 149
3 0 14 13 6 1 54
3 0 14 12 1 7 29
3 0 14 11 7 2 61
3 0 14 10 2 8 102
3 0 14 9 8 3 72
3 0 14 8 3 9 83
3 0 14 7 9 4 22
3 0 14 6 4 10 114
3 0 14 5 10 5 87
3 0 14 4 16 0 69
3 0 14 4 5 11 147
3 0 14 3 11 6 187
3 0 14 3 0 17 25
3 0 14 2 17 1 105
3 0 14 2 6 12 144
3 0 14 1 12 7 103
3 0 14 1 1 18 64
3 0 14 0 18 2 77
3 0 14 0 7 13 55
3 0 13 21 0 0 15
3 0 13 19 1 1 126
3 0 13 17 2 2 132
3 0 13 15 3 3 4
3 0 13 13 4 4 131
3 0 13 11 5 5 82
3 0 13 10 11 0 77
3 0 13 10 0 11 130
3 0 13 9 6 6 6
3 0 13 8 12 1 183
3 0 13 7 7 7 178
3 0 13 6 13 2 161
3 0 13 6 2 13 38
3 0 13 5 8 8 132
3 0 13 4 14 3 33
3 0 13 4 3 14 99
3 0 13 3 9 9 64
3 0 13 2 15 4 135
3 0 13 2 4 15 30
3 0 13 1 10 10 170
3 0 13 0 16 5 139
3 0 13 0 5 16 51
3 0 12 17 0 5 126
3 0 12 16 6 0 23
3 0 12 15 1 6 179
3 0 12 14 7 1 147
3 0 12 13 2 7 32
3 0 12 12 8 2 85
3 0 12 11 3 8 66
3 0 12 10 9 3 14
3 0 12 9 4 9 194
3 0 12 8 10 4 23
3 0 12 7 5 10 47
3 0 12 6 11 5 157
3 0 12 6 0 16 88
3 0 12 5 17 0 142
3 0 12 5 6 11 6
3 0 12 4 12 6 126
3 0 12 4 1 17 39
3 0 12 3 18 1 10
3 0 12 3 7 12 111
3 0 12 2 13 7 148
3 0 12 2 2 18 84
3 0 12 1 19 2 100
3 0 12 1 8 13 164
3 0 12 0 14 8 120
3 0 12 0 3 19 139
3 0 11 22 1 0 57
3 0 11 20 2 1 49
3 0 11 18 3 2 113
3 0 11 16 4 3 79
3 0 11 14 5 4 12
3 0 11 13 0 10 70
3 0 11 12 6 5 129
3 0 11 11 12 0 90
3 0 11 11 1 11 131
3 0 11 10 7 6 5
3 0 11 9 13 1 1
3 0 11 9 2 12 169
3 0 11 8 8 7 191
3 0 11 7 14 2 72
3 0 11 7 3 13 123
3 0 11 6 9 8 27
3 0 11 5 15 3 150
3 0 11 5 4 14 119
3 0 11 4 10 9 115
3 0 11 3 16 4 28
3 0 11 3 5 15 196
3 0 11 2 11 10 128
3 0 11 2 0 21 77
3 0 11 1 17 5 14
3 0 11 1 6 16 115
3 0 11 0 23 0 159
3 0 11 0 12 11 10
3 0 11 0 1 22 6
3 0 10 20 0 4 8
3 0 10 18 1 5 12
3 0 10 17 7 0 65
3 0 10 16 2 6 164
3 0 10 15 8 1 139
3 0 10 14 3 7 83
3 0 10 13 9 2 89
3 0 10 12 4 8 56
3 0 10 11 10 3 184
3 0 10 10 5 9 179
3 0 10 9 11 4 129
3 0 10 9 0 15 63
3 0 10 8 6 10 94
3 0 10 7 12 5 117
3 0 10 7 1 16 153
3 0 10 6 18 0 67
3 0 10 6 7 11 29
3 0 10 5 13 6 148
3 0 10 5 2 17 85
3 0 10 4 19 1 127
3 0 10 4 8 12 155
3 0 10 3 14 7 33
3 0 10 3 3 18 76
3 0 10 2 20 2 168
3 0 10 2 9 13 23
3 0 10 1 15 8 129
3 0 10 1 4 19 154
3 0 10 0 21 3 181
3 0 10 0 10 14 173
3 0 9 23 2 0 157
3 0 9 21 3 1 91
3 0 9 19 4 2 142
3 0 9 17 5 3 51
3 0 9 16 0 9 57
3 0 9 15 6 4 40
3 0 9 14 1 10 15
3 0 9 13 7 5 156
3 0 9 12 13 0 56
3 0 9 12 2 11 20
3 0 9 11 8 6 178
3 0 9 10 14 1 172
3 0 9 10 3 12 148
3 0 9 9 9 7 122
3 0 9 8 15 2 68
3 0 9 8 4 13 59
3 0 9 7 10 8 25
3 0 9 6 16 3 130
3 0 9 6 5 14 56
3 0 9 5 11 9 20
3 0 9 5 0 20 33
3 0 9 4 17 4 6
3 0 9 4 6 15 38
3 0 9 3 12 10 13
3 0 9 3 1 21 27
3 0 9 2 18 5 42
3 0 9 2 7 16 92
3 0 9 1 24 0 169
3 0 9 1 13 11 1
3 0 9 1 2 22 118
3 0 9 0 19 6 87
3 0 9 0 8 17 92
3 0 8 23 0 3 35
3 0 8 21 1 4 105
3 0 8 19 2 5 5
3 0 8 18 8 0 40
3 0 8 17 3 6 151
3 0 8 16 9 1 105
3 0 8 15 4 7 77
3 0 8 14 10 2 69
3 0 8 13 5 8 25
3 0 8 12 11 3 94
3 0 8 12 0 14 21
3 0 8 11 6 9 3
3 0 8 10 12 4 176
3 0 8 10 1 15 153
3 0 8 9 7 10 137
3 0 8 8 13 5 85
3 0 8 8 2 16 54
3 0 8 7 19 0 127
3 0 8 7 8 11 125
3 0 8 6 14 6 176
3 0 8 6 3 17 93
3 0 8 5 20 1 159
3 0 8 5 9 12 160
3 0 8 4 15 7 138
3 0 8 4 4 18 177
3 0 8 3 21 2 148
3 0 8 3 10 13 127
3 0 8 2 16 8 53
3 0 8 2 5 19 110
3 0 8 1 22 3 72
3 0 8 1 11 14 179
3 0 8 1 0 25 76
3 0 8 0 17 9 158
3 0 8 0 6 20 178
3 0 7 24 3 0 22
3 0 7 22 4 1 171
3 0 7 20 5 2 91
3 0 7 19 0 8 101
3 0 7 18 6 3 193
3 0 7 17 1 9 178
3 0 7 16 7 4 103
3 0 7 15 2 10 70
3 0 7 14 8 5 115
3 0 7 13 14 0 138
3 0 7 13 3 11 60
3 0 7 12 9 6 47
3 0 7 11 15 1 50
3 0 7 11 4 12 121
3 0 7 10 10 7 109
3 0 7 9 16 2 23
3 0 7 9 5 13 156
3 0 7 8 11 8 70
3 0 7 8 0 19 160
3 0 7 7 17 3 92
3 0 7 7 6 14 96
3 0 7 6 12 9 188
3 0 7 6 1 20 11
3 0 7 5 18 4 156
3 0 7 5 7 15 32
3 0 7 4 13 10 30
3 0 7 4 2 21 74
3 0 7 3 19 5 32
3 0 7 3 8 16 100
3 0 7 2 25 0 67
3 0 7 2 14 11 49
3 0 7 2 3 22 104
3 0 7 1 20 6 95
3 0 7 1 9 17 28
3 0 7 0 26 1 126
3 0 7 0 15 12 58
3 0 7 0 4 23 97
3 0 6 26 0 2 13
3 0 6 24 1 3 10
3 0 6 22 2 4 42
3 0 6 20 3 5 80
3 0 6 19 9 0 61
3 0 6 18 4 6 135
3 0 6 17 10 1 21
3 0 6 16 5 7 185
3 0 6 15 11 2 1
3 0 6 15 0 13 132
3 0 6 14 6 8 93
3 0 6 13 12 3 25
3 0 6 13 1 14 103
3 0 6 12 7 9 137
3 0 6 11 13 4 55
3 0 6 11 2 15 157
3 0 6 10 8 10 87
3 0 6 9 14 5 100
3 0 6 9 3 16 121
3 0 6 8 20 0 40
3 0 6 8 9 11 130
3 0 6 7 15 6 37
3 0 6 7 4 17 33
3 0 6 6 21 1 95
3 0 6 6 10 12 153
3 0 6 5 16 7 98
3 0 6 5 5 18 182
3 0 6 4 22 2 68
3 0 6 4 11 13 175
3 0 6 4 0 24 181
3 0 6 3 17 8 130
3 0 6 3 6 19 65
3 0 6 2 23 3 94
3 0 6 2 12 14 170
3 0 6 2 1 25 158
3 0 6 1 18 9 5
3 0 6 1 7 20 26
3 0 6 0 24 4 176
3 0 6 0 13 15 19
3 0 6 0 2 26 189
3 0 5 25 4 0 78
3 0 5 23 5 1 17
3 0 5 22 0 7 188
3 0 5 21 6 2 45
3 0 5 20 1 8 143
3 0 5 19 7 3 78
3 0 5 18 2 9 32
3 0 5 17 8 4 125
3 0 5 16 3 10 119
3 0 5 15 9 5 4
3 0 5 14 15 0 141
3 0 5 14 4 11 73
3 0 5 13 10 6 145
3 0 5 12 16 1 16
3 0 5 12 5 12 16
3 0 5 11 11 7 43
3 0 5 11 0 18 121
3 0 5 10 17 2 32
3 0 5 10 6 13 157
3 0 5 9 12 8 28
3 0 5 9 1 19 170
3 0 5 8 18 3 187
3 0 5 8 7 14 168
3 0 5 7 13 9 35
3 0 5 7 2 20 195
3 0 5 6 19 4 17
3 0 5 6 8 15 159
3 0 5 5 14 10 58
3 0 5 5 3 21 192
3 0 5 4 20 5 17
3 0 5 4 9 16 88
3 0 5 3 26 0 110
3 0 5 3 15 11 184
3 0 5 3 4 22 2
3 0 5 2 21 6 21
3 0 5 2 10 17 133
3 0 5 1 27 1 15
3 0 5 1 16 12 92
3 0 5 1 5 23 43
3 0 5 0 22 7 25
3 0 5 0 11 18 104
3 0 5 0 0 29 158
3 0 4 29 0 1 83
3 0 4 27 1 2 127
3 0 4 25 2 3 127
3 0 4 23 3 4 173
3 0 4 21 4 5 114
3 0 4 20 10 0 191
3 0 4 19 5 6 104
3 0 4 18 11 1 46
3 0 4 18 0 12 151
3 0 4 17 6 7 9
3 0 4 16 12 2 144
3 0 4 16 1 13 68
3 0 4 15 7 8 11
3 0 4 14 13 3 110
3 0 4 14 2 14 62
3 0 4 13 8 9 142
3 0 4 12 14 4 196
3 0 4 12 3 15 60
3 0 4 11 9 10 127
3 0 4 10 15 5 161
3 0 4 10 4 16 149
3 0 4 9 21 0 192
3 0 4 9 10 11 73
3 0 4 8 16 6 162
3 0 4 8 5 17 150
3 0 4 7 22 1 154
3 0 4 7 11 12 83
3 0 4 7 0 23 29
3 0 4 6 17 7 74
3 0 4 6 6 18 135
3 0 4 5 23 2 161
3 0 4 5 12 13 120
3 0 4 5 1 24 96
3 0 4 4 18 8 182
3 0 4 4 7 19 41
3 0 4 3 24 3 16
3 0 4 3 13 14 107
3 0 4 3 2 25 19
3 0 4 2 19 9 127
3 0 4 2 8 20 182
3 0 4 1 25 4 197
3 0 4 1 14 15 36
3 0 4 1 3 26 65
3 0 4 0 20 10 146
3 0 4 0 9 21 110
3 0 3 26 5 0 172
3 0 3 25 0 6 74
3 0 3 24 6 1 97
3 0 3 23 1 7 171
3 0 3 22 7 2 170
3 0 3 21 2 8 65
3 0 3 20 8 3 10
3 0 3 19 3 9 131
3 0 3 18 9 4 76
3 0 3 17 4 10 52
3 0 3 16 10 5 55
3 0 3 15 16 0 102
3 0 3 15 5 11 48
3 0 3 14 11 6 26
3 0 3 14 0 17 77
3 0 3 13 17 1 152
3 0 3 13 6 12 114
3 0 3 12 12 7 105
3 0 3 12 1 18 141
3 0 3 11 18 2 183
3 0 3 11 7 13 118
3 0 3 10 13 8 115
3 0 3 10 2 19 155
3 0 3 9 19 3 133
3 0 3 9 8 14 30
3 0 3 8 14 9 145
3 0 3 8 3 20 43
3 0 3 7 20 4 69
3 0 3 7 9 15 142
3 0 3 6 15 10 95
3 0 3 6 4 21 138
3 0 3 5 21 5 25
3 0 3 5 10 16 171
3 0 3 4 27 0 69
3 0 3 4 16 11 32
3 0 3 4 5 22 88
3 0 3 3 22 6 82
3 0 3 3 11 17 34
3 0 3 3 0 28 113
3 0 3 2 28 1 82
3 0 3 2 17 12 129
3 0 3 2 6 23 58
3 0 3 1 23 7 156
3 0 3 1 12 18 137
3 0 3 1 1 29 14
3 0 3 0 29 2 124
3 0 3 0 18 13 183
3 0 3 0 7 24 78
3 0 2 32 0 0 22
3 0 2 30 1 1 119
3 0 2 28 2 2 16
3 0 2 26 3 3 155
3 0 2 24 4 4 116
3 0 2 22 5 5 96
3 0 2 21 11 0 152
3 0 2 21 0 11 60
3 0 2 20 6 6 34
3 0 2 19 12 1 105
3 0 2 19 1 12 132
3 0 2 18 7 7 35
3 0 2 17 13 2 176
3 0 2 17 2 13 26
3 0 2 16 8 8 121
3 0 2 15 14 3 149
3 0 2 15 3 14 65
3 0 2 14 9 9 48
3 0 2 13 15 4 155
3 0 2 13 4 15 126
3 0 2 12 10 10 50
3 0 2 11 16 5 70
3 0 2 11 5 16 109
3 0 2 10 22 0 168
3 0 2 10 11 11 94
3 0 2 10 0 22 12
3 0 2 9 17 6 70
3 0 2 9 6 17 56
3 0 2 8 23 1 175
3 0 2 8 12 12 184
3 0 2 8 1 23 171
3 0 2 7 18 7 68
3 0 2 7 7 18 166
3 0 2 6 24 2 51
3 0 2 6 13 13 96
3 0 2 6 2 24 61
3 0 2 5 19 8 185
3 0 2 5 8 19 110
3 0 2 4 25 3 102
3 0 2 4 14 14 109
3 0 2 4 3 25 122
3 0 2 3 20 9 152
3 0 2 3 9 20 145
3 0 2 2 26 4 139
3 0 2 2 15 15 112
3 0 2 2 4 26 76
3 0 2 1 21 10 133
3 0 2 1 10 21 74
3 0 2 0 27 5 165
3 0 2 0 16 16 88
3 0 2 0 5 27 103
3 0 1 28 0 5 28
3 0 1 27 6 0 62
3 0 1 26 1 6 20
3 0 1 25 7 1 122
3 0 1 24 2 7 150
3 0 1 23 8 2 161
3 0 1 22 3 8 140
3 0 1 21 9 3 85
3 0 1 20 4 9 21
3 0 1 19 10 4 79
3 0 1 18 5 10 132
3 0 1 17 11 5 86
3 0 1 17 0 16 172
3 0 1 16 17 0 67
3 0 1 16 6 11 157
3 0 1 15 12 6 40
3 0 1 15 1 17 108
3 0 1 14 18 1 180
3 0 1 14 7 12 9
3 0 1 13 13 7 145
3 0 1 13 2 18 37
3 0 1 12 19 2 39
3 0 1 12 8 13 168
3 0 1 11 14 8 164
3 0 1 11 3 19 180
3 0 1 10 20 3 45
3 0 1 10 9 14 23
3 0 1 9 15 9 181
3 0 1 9 4 20 57
3 0 1 8 21 4 57
3 0 1 8 10 15 22
3 0 1 7 16 10 152
3 0 1 7 5 21 56
3 0 1 6 22 5 112
3 0 1 6 11 16 182
3 0 1 6 0 27 173
3 0 1 5 28 0 102
3 0 1 5 17 11 113
3 0 1 5 6 22 169
3 0 1 4 23 6 161
3 0 1 4 12 17 103
3 0 1 4 1 28 143
3 0 1 3 29 1 149
3 0 1 3 18 12 3
3 0 1 3 7 23 108
3 0 1 2 24 7 115
3 0 1 2 13 18 126
3 0 1 2 2 29 142
3 0 1 1 30 2 28
3 0 1 1 19 13 177
3 0 1 1 8 24 133
3 0 1 0 25 8 53
3 0 1 0 14 19 195
3 0 1 0 3 30 88
3 0 0 31 2 1 150
3 0 0 29 3 2 106
3 0 0 27 4 3 87
3 0 0 25 5 4 20
3 0 0 24 0 10 171
3 0 0 23 6 5 161
3 0 0 22 12 0 66
3 0 0 22 1 11 136
3 0 0 21 7 6 131
3 0 0 20 13 1 166
3 0 0 20 2 12 28
3 0 0 19 8 7 65
3 0 0 18 14 2 5
3 0 0 18 3 13 122
3 0 0 17 9 8 105
3 0 0 16 15 3 12
3 0 0 16 4 14 182
3 0 0 15 10 9 132
3 0 0 14 16 4 27
3 0 0 14 5 15 188
3 0 0 13 11 10 112
3 0 0 13 0 21 65
3 0 0 12 17 5 188
3 0 0 12 6 16 44
3 0 0 11 23 0 69
3 0 0 11 12 11 104
3 0 0 11 1 22 198
3 0 0 10 18 6 23
3 0 0 10 7 17 17
3 0 0 9 24 1 190
3 0 0 9 13 12 153
3 0 0 9 2 23 37
3 0 0 8 19 7 172
3 0 0 8 8 18 150
3 0 0 7 25 2 105
3 0 0 7 14 13 86
3 0 0 7 3 24 167
3 0 0 6 20 8 5
3 0 0 6 9 19 198
3 0 0 5 26 3 105
3 0 0 5 15 14 6
3 0 0 5 4 25 114
3 0 0 4 21 9 98
3 0 0 4 10 20 24
3 0 0 3 27 4 159
3 0 0 3 16 15 73
3 0 0 3 5 26 86
3 0 0 2 22 10 67
3 0 0 2 11 21 183
3 0 0 2 0 32 12
3 0 0 1 28 5 154
3 0 0 1 17 16 72
3 0 0 1 6 27 78
3 0 0 0 23 11 14
3 0 0 0 12 22 119
3 0 0 0 1 33 49
4 33 0 0 0 1 49
4 32 0 0 2 0 12
4 31 1 1 0 1 100
4 30 3 0 1 0 172
4 30 1 1 2 0 184
4 30 0 1 0 3 88
4 29 2 2 0 1 113
4 29 2 0 1 2 181
4 29 0 5 0 0 158
4 29 0 3 1 1 14
4 29 0 1 2 2 142
4 28 6 0 0 0 111
4 28 4 1 1 0 137
4 28 2 2 2 0 14
4 28 2 0 3 1 83
4 28 1 2 0 3 26
4 28 1 0 1 4 58
4 28 0 3 3 0 113
4 28 0 1 4 1 143
4 27 5 0 0 2 164
4 27 3 3 0 1 79
4 27 3 1 1 2 24
4 27 2 0 5 0 131
4 27 1 6 0 0 163
4 27 1 4 1 1 165
4 27 1 2 2 2 165
4 27 1 0 3 3 54
4 27 0 2 0 5 103
4 27 0 1 6 0 173
4 27 0 0 1 6 78
4 26 7 1 0 0 195
4 26 5 2 1 0 5
4 26 5 0 2 1 166
4 26 4 0 0 4 153
4 26 3 3 2 0 7
4 26 3 1 3 1 14
4 26 2 3 0 3 102
4 26 2 1 1 4 197
4 26 1 4 3 0 172
4 26 1 2 4 1 165
4 26 1 0 5 2 46
4 26 0 6 0 2 189
4 26 0 4 1 3 65
4 26 0 2 2 4 76
4 26 0 0 3 5 86
4 25 6 1 0 2 181
4 25 5 0 4 0 54
4 25 4 4 0 1 105
4 25 4 2 1 2 133
4 25 4 0 2 3 120
4 25 3 1 5 0 90
4 25 3 0 0 6 78
4 25 2 7 0 0 120
4 25 2 5 1 1 107
4 25 2 3 2 2 128
4 25 2 1 3 3 168
4 25 1 3 0 5 60
4 25 1 2 6 0 7
4 25 1 1 1 6 37
4 25 1 0 7 1 121
4 25 0 8 1 0 76
4 25 0 6 2 1 158
4 25 0 4 3 2 19
4 25 0 2 4 3 122
4 25 0 0 5 4 114
4 24 8 2 0 0 163
4 24 8 0 1 1 145
4 24 6 3 1 0 141
4 24 6 1 2 1 80
4 24 5 1 0 4 98
4 24 4 4 2 0 67
4 24 4 2 3 1 7
4 24 4 0 4 2 71
4 24 3 4 0 3 25
4 24 3 2 1 4 85
4 24 3 0 2 5 182
4 24 2 5 3 0 91
4 24 2 3 4 1 139
4 24 2 1 5 2 189
4 24 2 0 0 8 89
4 24 1 7 0 2 19
4 24 1 5 1 3 32
4 24 1 3 2 4 192
4 24 1 1 3 5 19
4 24 1 0 9 0 7
4 24 0 6 4 0 181
4 24 0 4 5 1 96
4 24 0 3 0 7 78
4 24 0 2 6 2 61
4 24 0 1 1 8 133
4 24 0 0 7 3 167
4 23 8 0 3 0 142
4 23 7 2 0 2 100
4 23 7 0 1 3 158
4 23 6 1 4 0 97
4 23 5 5 0 1 107
4 23 5 3 1 2 97
4 23 5 1 2 3 112
4 23 4 2 5 0 190
4 23 4 1 0 6 104
4 23 4 0 6 1 114
4 23 3 8 0 0 107
4 23 3 6 1 1 91
4 23 3 4 2 2 180
4 23 3 2 3 3 100
4 23 3 0 4 4 31
4 23 2 4 0 5 134
4 23 2 3 6 0 169
4 23 2 2 1 6 96
4 23 2 1 7 1 145
4 23 2 0 2 7 110
4 23 1 9 1 0 122
4 23 1 7 2 1 169
4 23 1 5 3 2 91
4 23 1 3 4 3 196
4 23 1 1 5 4 114
4 23 1 0 0 10 145
4 23 0 7 0 4 97
4 23 0 5 1 5 43
4 23 0 4 7 0 29
4 23 0 3 2 6 58
4 23 0 2 8 1 171
4 23 0 1 3 7 108
4 23 0 0 9 2 37
4 22 11 0 0 1 33
4 22 9 3 0 0 67
4 22 9 1 1 1 24
4 22 7 4 1 0 150
4 22 7 2 2 1 168
4 22 7 0 3 2 31
4 22 6 2 0 4 98
4 22 6 0 1 5 183
4 22 5 5 2 0 19
4 22 5 3 3 1 181
4 22 5 1 4 2 185
4 22 4 5 0 3 137
4 22 4 3 1 4 100
4 22 4 1 2 5 36
4 22 4 0 8 0 197
4 22 3 6 3 0 42
4 22 3 4 4 1 31
4 22 3 2 5 2 181
4 22 3 1 0 8 84
4 22 3 0 6 3 87
4 22 2 8 0 2 138
4 22 2 6 1 3 111
4 22 2 4 2 4 30
4 22 2 2 3 5 115
4 22 2 1 9 0 177
4 22 2 0 4 6 68
4 22 1 7 4 0 178
4 22 1 5 5 1 63
4 22 1 4 0 7 184
4 22 1 3 6 2 172
4 22 1 2 1 8 83
4 22 1 1 7 3 174
4 22 1 0 2 9 170
4 22 0 11 0 1 6
4 22 0 9 1 2 118
4 22 0 7 2 3 104
4 22 0 5 3 4 2
4 22 0 3 4 5 88
4 22 0 2 10 0 12
4 22 0 1 5 6 169
4 22 0 0 11 1 198
4 22 0 0 0 12 119
4 21 11 0 2 0 177
4 21 10 0 0 3 174
4 21 9 1 3 0 180
4 21 8 3 0 2 145
4 21 8 1 1 3 180
4 21 7 2 4 0 145
4 21 7 0 5 1 31
4 21 6 6 0 1 34
4 21 6 4 1 2 75
4 21 6 2 2 3 12
4 21 6 0 3 4 56
4 21 5 3 5 0 149
4 21 5 2 0 6 63
4 21 5 1 6 1 150
4 21 5 0 1 7 150
4 21 4 9 0 0 16
4 21 4 7 1 1 88
4 21 4 5 2 2 89
4 21 4 3 3 3 116
4 21 4 1 4 4 109
4 21 3 5 0 5 119
4 21 3 4 6 0 148
4 21 3 3 1 6 89
4 21 3 2 7 1 162
4 21 3 1 2 7 188
4 21 3 0 8 2 183
4 21 2 10 1 0 22
4 21 2 8 2 1 6
4 21 2 6 3 2 120
4 21 2 4 4 3 22
4 21 2 2 5 4 180
4 21 2 1 0 10 103
4 21 2 0 6 5 142
4 21 1 8 0 4 152
4 21 1 6 1 5 73
4 21 1 5 7 0 11
4 21 1 4 2 6 41
4 21 1 3 8 1 7
4 21 1 2 3 7 122
4 21 1 1 9 2 164
4 21 1 0 4 8 42
4 21 0 11 2 0 77
4 21 0 9 3 1 27
4 21 0 7 4 2 74
4 21 0 5 5 3 192
4 21 0 4 0 9 110
4 21 0 3 6 4 138
4 21 0 2 1 10 74
4 21 0 1 7 5 56
4 21 0 0 13 0 65
4 21 0 0 2 11 183
4 20 12 1 0 1 110
4 20 10 4 0 0 112
4 20 10 2 1 1 98
4 20 10 0 2 2 51
4 20 9 0 0 5 18
4 20 8 5 1 0 140
4 20 8 3 2 1 120
4 20 8 1 3 2 143
4 20 7 3 0 4 161
4 20 7 1 1 5 88
4 20 7 0 7 0 137
4 20 6 6 2 0 90
4 20 6 4 3 1 52
4 20 6 2 4 2 111
4 20 6 0 5 3 156
4 20 5 6 0 3 89
4 20 5 4 1 4 86
4 20 5 2 2 5 95
4 20 5 1 8 0 51
4 20 5 0 3 6 161
4 20 4 7 3 0 194
4 20 4 5 4 1 178
4 20 4 3 5 2 107
4 20 4 2 0 8 44
4 20 4 1 6 3 103
4 20 4 0 1 9 19
4 20 3 9 0 2 26
4 20 3 7 1 3 129
4 20 3 5 2 4 42
4 20 3 3 3 5 80
4 20 3 2 9 0 127
4 20 3 1 4 6 60
4 20 3 0 10 1 161
4 20 2 8 4 0 153
4 20 2 6 5 1 52
4 20 2 5 0 7 145
4 20 2 4 6 2 91
4 20 2 3 1 8 158
4 20 2 2 7 3 79
4 20 2 1 2 9 155
4 20 2 0 8 4 105
4 20 1 12 0 1 80
4 20 1 8 2 3 179
4 20 1 6 3 4 96
4 20 1 4 4 5 74
4 20 1 3 10 0 120
4 20 1 2 5 6 73
4 20 1 1 11 1 15
4 20 1 1 0 12 194
4 20 1 0 6 7 132
4 20 0 9 5 0 33
4 20 0 8 0 6 178
4 20 0 7 6 1 11
4 20 0 6 1 7 26
4 20 0 5 7 2 195
4 20 0 4 2 8 182
4 20 0 3 8 3 43
4 20 0 2 3 9 145
4 20 0 1 9 4 57
4 20 0 0 4 10 24
4 19 14 0 1 0 29
4 19 12 1 2 0 67
4 19 11 1 0 3 65
4 19 10 2 3 0 146
4 19 10 0 4 1 140
4 19 9 4 0 2 108
4 19 9 2 1 3 130
4 19 9 0 2 4 191
4 19 8 3 4 0 77
4 19 8 1 5 1 50
4 19 8 0 0 7 64
4 19 7 7 0 1 58
4 19 7 5 1 2 146
4 19 7 3 2 3 187
4 19 7 1 3 4 124
4 19 6 4 5 0 41
4 19 6 3 0 6 4
4 19 6 2 6 1 73
4 19 6 1 1 7 163
4 19 6 0 7 2 36
4 19 5 10 0 0 124
4 19 5 8 1 1 108
4 19 5 6 2 2 136
4 19 5 4 3 3 77
4 19 5 2 4 4 66
4 19 5 0 5 5 104
4 19 4 6 0 5 29
4 19 4 5 6 0 159
4 19 4 4 1 6 105
4 19 4 3 7 1 165
4 19 4 2 2 7 79
4 19 4 1 8 2 60
4 19 4 0 3 8 152
4 19 3 11 1 0 38
4 19 3 9 2 1 76
4 19 3 7 3 2 9
4 19 3 5 4 3 74
4 19 3 3 5 4 149
4 19 3 2 0 10 63
4 19 3 1 6 5 95
4 19 3 0 12 0 17
4 19 3 0 1 11 58
4 19 2 9 0 4 26
4 19 2 7 1 5 116
4 19 2 6 7 0 66
4 19 2 5 2 6 45
4 19 2 4 8 1 130
4 19 2 3 3 7 138
4 19 2 2 9 2 72
4 19 2 1 4 8 132
4 19 2 0 10 3 168
4 19 1 12 2 0 161
4 19 1 10 3 1 125
4 19 1 8 4 2 67
4 19 1 6 5 3 83
4 19 1 5 0 9 20
4 19 1 4 6 4 50
4 19 1 3 1 10 128
4 19 1 2 7 5 98
4 19 1 1 13 0 48
4 19 1 1 2 11 143
4 19 1 0 8 6 68
4 19 0 12 0 3 139
4 19 0 10 1 4 154
4 19 0 8 2 5 110
4 19 0 7 8 0 160
4 19 0 6 3 6 65
4 19 0 5 9 1 170
4 19 0 4 4 7 41
4 19 0 3 10 2 155
4 19 0 2 5 8 110
4 19 0 1 11 3 180
4 19 0 1 0 14 195
4 19 0 0 6 9 198
4 18 13 2 0 1 54
4 18 13 0 1 2 75
4 18 11 5 0 0 82
4 18 11 3 1 1 6
4 18 11 1 2 2 89
4 18 10 1 0 5 124
4 18 10 0 6 0 192
4 18 9 6 1 0 5
4 18 9 4 2 1 59
4 18 9 2 3 2 108
4 18 9 0 4 3 58
4 18 8 4 0 4 93
4 18 8 2 1 5 116
4 18 8 1 7 0 132
4 18 8 0 2 6 99
4 18 7 7 2 0 197
4 18 7 5 3 1 198
4 18 7 3 4 2 29
4 18 7 1 5 3 162
4 18 7 0 0 9 132
4 18 6 7 0 3 102
4 18 6 5 1 4 59
4 18 6 3 2 5 24
4 18 6 2 8 0 25
4 18 6 1 3 6 165
4 18 6 0 9 1 2
4 18 5 8 3 0 51
4 18 5 6 4 1 89
4 18 5 4 5 2 167
4 18 5 3 0 8 78
4 18 5 2 6 3 101
4 18 5 1 1 9 77
4 18 5 0 7 4 187
4 18 4 10 0 2 82
4 18 4 8 1 3 3
4 18 4 6 2 4 23
4 18 4 4 3 5 110
4 18 4 3 9 0 189
4 18 4 2 4 6 140
4 18 4 1 10 1 47
4 18 4 0 5 7 198
4 18 3 9 4 0 18
4 18 3 7 5 1 144
4 18 3 6 0 7 73
4 18 3 5 6 2 36
4 18 3 4 1 8 171
4 18 3 3 7 3 107
4 18 3 2 2 9 198
4 18 3 1 8 4 53
4 18 3 0 3 10 113
4 18 2 13 0 1 24
4 18 2 11 1 2 25
4 18 2 9 2 3 120
4 18 2 7 3 4 124
4 18 2 5 4 5 22
4 18 2 4 10 0 111
4 18 2 3 5 6 62
4 18 2 2 11 1 21
4 18 2 2 0 12 197
4 18 2 1 6 7 23
4 18 2 0 12 2 140
4 18 2 0 1 13 180
4 18 1 10 5 0 167
4 18 1 9 0 6 147
4 18 1 8 6 1 176
4 18 1 7 1 7 154
4 18 1 6 7 2 66
4 18 1 5 2 8 182
4 18 1 4 8 3 61
4 18 1 3 3 9 176
4 18 1 2 9 4 128
4 18 1 1 4 10 124
4 18 1 0 10 5 102
4 18 0 16 0 0 193
4 18 0 14 1 1 64
4 18 0 12 2 2 84
4 18 0 10 3 3 76
4 18 0 8 4 4 177
4 18 0 6 5 5 182
4 18 0 5 11 0 121
4 18 0 5 0 11 104
4 18 0 4 6 6 135
4 18 0 3 12 1 141
4 18 0 3 1 12 137
4 18 0 2 7 7 166
4 18 0 1 13 2 37
4 18 0 1 2 13 126
4 18 0 0 8 8 150
4 17 17 0 0 0 173
4 17 15 1 1 0 48
4 17 13 2 2 0 113
4 17 13 0 3 1 159
4 17 12 2 0 3 106
4 17 12 0 1 4 157
4 17 11 3 3 0 49
4 17 11 1 4 1 188
4 17 10 5 0 2 145
4 17 10 3 1 3 151
4 17 10 1 2 4 76
4 17 9 4 4 0 171
4 17 9 2 5 1 144
4 17 9 1 0 7 139
4 17 9 0 6 2 119
4 17 8 8 0 1 148
4 17 8 6 1 2 29
4 17 8 4 2 3 3
4 17 8 2 3 4 119
4 17 8 0 4 5 88
4 17 7 5 5 0 164
4 17 7 4 0 6 106
4 17 7 3 6 1 131
4 17 7 2 1 7 189
4 17 7 1 7 2 40
4 17 7 0 2 8 57
4 17 6 11 0 0 114
4 17 6 9 1 1 112
4 17 6 7 2 2 11
4 17 6 5 3 3 175
4 17 6 3 4 4 155
4 17 6 1 5 5 12
4 17 6 0 11 0 46
4 17 6 0 0 11 181
4 17 5 7 0 5 181
4 17 5 6 6 0 164
4 17 5 5 1 6 18
4 17 5 4 7 1 64
4 17 5 3 2 7 176
4 17 5 2 8 2 100
4 17 5 1 3 8 80
4 17 5 0 9 3 119
4 17 4 12 1 0 195
4 17 4 10 2 1 144
4 17 4 8 3 2 67
4 17 4 6 4 3 46
4 17 4 4 5 4 117
4 17 4 3 0 10 72
4 17 4 2 6 5 96
4 17 4 1 12 0 129
4 17 4 1 1 11 192
4 17 4 0 7 6 21
4 17 3 10 0 4 101
4 17 3 8 1 5 9
4 17 3 7 7 0 83
4 17 3 6 2 6 74
4 17 3 5 8 1 162
4 17 3 4 3 7 101
4 17 3 3 9 2 150
4 17 3 2 4 8 161
4 17 3 1 10 3 2
4 17 3 0 5 9 164
4 17 2 13 2 0 109
4 17 2 11 3 1 53
4 17 2 9 4 2 188
4 17 2 7 5 3 173
4 17 2 6 0 9 180
4 17 2 5 6 4 152
4 17 2 4 1 10 176
4 17 2 3 7 5 126
4 17 2 2 13 0 92
4 17 2 2 2 11 67
4 17 2 1 8 6 181
4 17 2 0 14 1 154
4 17 1 13 0 3 85
4 17 1 11 1 4 22
4 17 1 9 2 5 193
4 17 1 8 8 0 72
4 17 1 7 3 6 3
4 17 1 6 9 1 132
4 17 1 5 4 7 121
4 17 1 4 10 2 179
4 17 1 3 5 8 118
4 17 1 2 11 3 152
4 17 1 2 0 14 186
4 17 1 1 6 9 3
4 17 1 0 12 4 172
4 17 1 0 1 15 123
4 17 0 14 3 0 25
4 17 0 12 4 1 39
4 17 0 10 5 2 85
4 17 0 9 0 8 92
4 17 0 8 6 3 93
4 17 0 7 1 9 28
4 17 0 6 7 4 33
4 17 0 5 2 10 133
4 17 0 4 8 5 150
4 17 0 3 14 0 77
4 17 0 3 3 11 34
4 17 0 2 9 6 56
4 17 0 1 15 1 108
4 17 0 1 4 12 103
4 17 0 0 10 7 17
4 16 16 0 0 2 102
4 16 14 3 0 1 25
4 16 14 1 1 2 35
4 16 13 0 5 0 186
4 16 12 6 0 0 113
4 16 12 4 1 1 175
4 16 12 2 2 2 105
4 16 12 0 3 3 110
4 16 11 2 0 5 101
4 16 11 1 6 0 100
4 16 11 0 1 6 105
4 16 10 7 1 0 174
4 16 10 5 2 1 193
4 16 10 3 3 2 25
4 16 10 1 4 3 49
4 16 9 5 0 4 56
4 16 9 3 1 5 149
4 16 9 2 7 0 152
4 16 9 1 2 6 43
4 16 9 0 8 1 159
4 16 8 8 2 0 146
4 16 8 6 3 1 35
4 16 8 4 4 2 61
4 16 8 2 5 3 142
4 16 8 1 0 9 59
4 16 8 0 6 4 112
4 16 7 8 0 3 184
4 16 7 6 1 4 188
4 16 7 4 2 5 56
4 16 7 3 8 0 69
4 16 7 2 3 6 70
4 16 7 1 9 1 14
4 16 7 0 4 7 35
4 16 6 9 3 0 51
4 16 6 7 4 1 159
4 16 6 5 5 2 104
4 16 6 4 0 8 60
4 16 6 3 6 3 173
4 16 6 2 1 9 160
4 16 6 1 7 4 60
4 16 6 0 2 10 32
4 16 5 11 0 2 131
4 16 5 9 1 3 149
4 16 5 7 2 4 110
4 16 5 5 3 5 150
4 16 5 4 9 0 99
4 16 5 3 4 6 9
4 16 5 2 10 1 167
4 16 5 1 5 7 43
4 16 5 0 11 2 10
4 16 5 0 0 13 124
4 16 4 10 4 0 19
4 16 4 8 5 1 193
4 16 4 7 0 7 62
4 16 4 6 6 2 119
4 16 4 5 1 8 48
4 16 4 4 7 3 34
4 16 4 3 2 9 45
4 16 4 2 8 4 167
4 16 4 1 3 10 83
4 16 4 0 9 5 65
4 16 3 14 0 1 168
4 16 3 12 1 2 146
4 16 3 10 2 3 109
4 16 3 8 3 4 99
4 16 3 6 4 5 175
4 16 3 5 10 0 173
4 16 3 4 5 6 114
4 16 3 3 11 1 35
4 16 3 3 0 12 173
4 16 3 2 6 7 99
4 16 3 1 12 2 85
4 16 3 1 1 13 31
4 16 3 0 7 8 145
4 16 2 11 5 0 164
4 16 2 10 0 6 77
4 16 2 9 6 1 58
4 16 2 8 1 7 55
4 16 2 7 7 2 178
4 16 2 6 2 8 18
4 16 2 5 8 3 70
4 16 2 4 3 9 44
4 16 2 3 9 4 121
4 16 2 2 4 10 196
4 16 2 1 10 5 154
4 16 2 0 16 0 177
4 16 2 0 5 11 126
4 16 1 17 0 0 3
4 16 1 15 1 1 37
4 16 1 13 2 2 139
4 16 1 11 3 3 175
4 16 1 9 4 4 163
4 16 1 7 5 5 126
4 16 1 6 11 0 17
4 16 1 6 0 11 84
4 16 1 5 6 6 69
4 16 1 4 12 1 62
4 16 1 4 1 12 8
4 16 1 3 7 7 191
4 16 1 2 13 2 131
4 16 1 2 2 13 177
4 16 1 1 8 8 33
4 16 1 0 14 3 107
4 16 1 0 3 14 48
4 16 0 13 0 5 51
4 16 0 12 6 0 88
4 16 0 11 1 6 115
4 16 0 10 7 1 153
4 16 0 9 2 7 92
4 16 0 8 8 2 54
4 16 0 7 3 8 100
4 16 0 6 9 3 121
4 16 0 5 4 9 88
4 16 0 4 10 4 149
4 16 0 3 5 10 171
4 16 0 2 11 5 109
4 16 0 2 0 16 88
4 16 0 1 17 0 172
4 16 0 1 6 11 182
4 16 0 0 12 6 44
4 16 0 0 1 17 72
4 15 18 1 0 0 35
4 15 16 2 1 0 145
4 15 16 0 2 1 43
4 15 15 0 0 4 99
4 15 14 3 2 0 133
4 15 14 1 3 1 150
4 15 13 3 0 3 186
4 15 13 1 1 4 26
4 15 12 4 3 0 101
4 15 12 2 4 1 79
4 15 12 0 5 2 68
4 15 11 6 0 2 125
4 15 11 4 1 3 96
4 15 11 2 2 4 117
4 15 11 0 3 5 163
4 15 10 5 4 0 166
4 15 10 3 5 1 45
4 15 10 2 0 7 179
4 15 10 1 6 2 36
4 15 10 0 1 8 154
4 15 9 9 0 1 84
4 15 9 7 1 2 59
4 15 9 5 2 3 137
4 15 9 3 3 4 40
4 15 9 1 4 5 30
4 15 9 0 10 0 13
4 15 8 6 5 0 60
4 15 8 5 0 6 33
4 15 8 4 6 1 54
4 15 8 3 1 7 39
4 15 8 2 7 2 67
4 15 8 1 2 8 176
4 15 8 0 8 3 190
4 15 7 12 0 0 197
4 15 7 10 1 1 138
4 15 7 8 2 2 103
4 15 7 6 3 3 90
4 15 7 4 4 4 116
4 15 7 2 5 5 60
4 15 7 1 11 0 83
4 15 7 0 6 6 1
4 15 6 8 0 5 43
4 15 6 7 6 0 89
4 15 6 6 1 6 135
4 15 6 5 7 1 160
4 15 6 4 2 7 154
4 15 6 3 8 2 163
4 15 6 2 3 8 138
4 15 6 1 9 3 56
4 15 6 0 4 9 75
4 15 5 13 1 0 196
4 15 5 11 2 1 21
4 15 5 9 3 2 41
4 15 5 7 4 3 117
4 15 5 5 5 4 139
4 15 5 4 0 10 76
4 15 5 3 6 5 196
4 15 5 2 12 0 59
4 15 5 2 1 11 95
4 15 5 1 7 6 166
4 15 5 0 13 1 39
4 15 5 0 2 12 127
4 15 4 11 0 4 6
4 15 4 9 1 5 35
4 15 4 8 7 0 68
4 15 4 7 2 6 56
4 15 4 6 8 1 62
4 15 4 5 3 7 179
4 15 4 4 9 2 161
4 15 4 3 4 8 57
4 15 4 2 10 3 95
4 15 4 1 5 9 40
4 15 4 0 11 4 79
4 15 4 0 0 15 98
4 15 3 14 2 0 90
4 15 3 12 3 1 20
4 15 3 10 4 2 189
4 15 3 8 5 3 38
4 15 3 7 0 9 160
4 15 3 6 6 4 25
4 15 3 5 1 10 71
4 15 3 4 7 5 140
4 15 3 3 13 0 138
4 15 3 3 2 11 85
4 15 3 2 8 6 74
4 15 3 1 14 1 130
4 15 3 1 3 12 29
4 15 3 0 9 7 156
4 15 2 14 0 3 72
4 15 2 12 1 4 35
4 15 2 10 2 5 22
4 15 2 9 8 0 2
4 15 2 8 3 6 181
4 15 2 7 9 1 65
4 15 2 6 4 7 155
4 15 2 5 10 2 194
4 15 2 4 5 8 53
4 15 2 3 11 3 64
4 15 2 3 0 14 138
4 15 2 2 6 9 100
4 15 2 1 12 4 139
4 15 2 1 1 15 41
4 15 2 0 7 10 24
4 15 1 15 3 0 47
4 15 1 13 4 1 166
4 15 1 11 5 2 34
4 15 1 10 0 8 141
4 15 1 9 6 3 31
4 15 1 8 1 9 124
4 15 1 7 7 4 18
4 15 1 6 2 10 67
4 15 1 5 8 5 2
4 15 1 4 14 0 175
4 15 1 4 3 11 24
4 15 1 3 9 6 98
4 15 1 2 15 1 128
4 15 1 2 4 12 192
4 15 1 1 10 7 137
4 15 1 0 16 2 6
4 15 1 0 5 13 161
4 15 0 17 0 2 65
4 15 0 15 1 3 110
4 15 0 13 2 4 30
4 15 0 11 3 5 196
4 15 0 10 9 0 63
4 15 0 9 4 6 38
4 15 0 8 10 1 153
4 15 0 7 5 7 32
4 15 0 6 11 2 157
4 15 0 6 0 13 19
4 15 0 5 6 8 159
4 15 0 4 12 3 60
4 15 0 4 1 14 36
4 15 0 3 7 9 142
4 15 0 2 13 4 126
4 15 0 2 2 15 112
4 15 0 1 8 10 22
4 15 0 0 14 5 188
4 15 0 0 3 16 73
4 14 17 1 0 2 75
4 14 16 0 4 0 158
4 14 15 4 0 1 98
4 14 15 2 1 2 106
4 14 15 0 2 3 30
4 14 14 1 5 0 121
4 14 14 0 0 6 35
4 14 13 7 0 0 80
4 14 13 5 1 1 87
4 14 13 3 2 2 194
4 14 13 1 3 3 134
4 14 12 3 0 5 44
4 14 12 2 6 0 133
4 14 12 1 1 6 5
4 14 12 0 7 1 60
4 14 11 8 1 0 140
4 14 11 6 2 1 76
4 14 11 4 3 2 57
4 14 11 2 4 3 143
4 14 11 0 5 4 56
4 14 10 6 0 4 188
4 14 10 4 1 5 191
4 14 10 3 7 0 93
4 14 10 2 2 6 156
4 14 10 1 8 1 42
4 14 10 0 3 7 55
4 14 9 9 2 0 164
4 14 9 7 3 1 2
4 14 9 5 4 2 13
4 14 9 3 5 3 3
4 14 9 2 0 9 164
4 14 9 1 6 4 164
4 14 9 0 1 10 108
4 14 8 9 0 3 160
4 14 8 7 1 4 165
4 14 8 5 2 5 88
4 14 8 4 8 0 163
4 14 8 3 3 6 105
4 14 8 2 9 1 75
4 14 8 1 4 7 64
4 14 8 0 10 2 129
4 14 7 10 3 0 138
4 14 7 8 4 1 187
4 14 7 6 5 2 130
4 14 7 5 0 8 84
4 14 7 4 6 3 133
4 14 7 3 1 9 116
4 14 7 2 7 4 194
4 14 7 1 2 10 3
4 14 7 0 8 5 26
4 14 6 12 0 2 16
4 14 6 10 1 3 100
4 14 6 8 2 4 144
4 14 6 6 3 5 22
4 14 6 5 9 0 119
4 14 6 4 4 6 32
4 14 6 3 10 1 184
4 14 6 2 5 7 147
4 14 6 1 11 2 43
4 14 6 1 0 13 133
4 14 6 0 6 8 44
4 14 5 11 4 0 138
4 14 5 9 5 1 14
4 14 5 8 0 7 154
4 14 5 7 6 2 18
4 14 5 6 1 8 51
4 14 5 5 7 3 176
4 14 5 4 2 9 165
4 14 5 3 8 4 95
4 14 5 2 3 10 59
4 14 5 1 9 5 152
4 14 5 0 15 0 91
4 14 5 0 4 11 165
4 14 4 15 0 1 146
4 14 4 13 1 2 56
4 14 4 11 2 3 80
4 14 4 9 3 4 44
4 14 4 7 4 5 82
4 14 4 6 10 0 141
4 14 4 5 5 6 32
4 14 4 4 11 1 141
4 14 4 4 0 12 11
4 14 4 3 6 7 55
4 14 4 2 12 2 115
4 14 4 2 1 13 192
4 14 4 1 7 8 3
4 14 4 0 13 3 105
4 14 4 0 2 14 133
4 14 3 12 5 0 55
4 14 3 11 0 6 178
4 14 3 9 1 7 51
4 14 3 8 7 2 95
4 14 3 7 2 8 111
4 14 3 6 8 3 109
4 14 3 5 3 9 114
4 14 3 4 9 4 121
4 14 3 3 4 10 178
4 14 3 2 10 5 42
4 14 3 1 16 0 5
4 14 3 1 5 11 20
4 14 3 0 11 6 33
4 14 3 0 0 17 96
4 14 2 18 0 0 10
4 14 2 16 1 1 64
4 14 2 14 2 2 34
4 14 2 12 3 3 114
4 14 2 10 4 4 16
4 14 2 8 5 5 52
4 14 2 7 11 0 153
4 14 2 7 0 11 90
4 14 2 6 6 6 64
4 14 2 5 12 1 58
4 14 2 5 1 12 177
4 14 2 4 7 7 63
4 14 2 3 13 2 74
4 14 2 3 2 13 130
4 14 2 2 8 8 139
4 14 2 1 14 3 13
4 14 2 1 3 14 59
4 14 2 0 9 9 96
4 14 1 14 0 5 168
4 14 1 13 6 0 35
4 14 1 12 1 6 14
4 14 1 11 7 1 56
4 14 1 10 2 7 121
4 14 1 9 8 2 38
4 14 1 8 3 8 121
4 14 1 7 9 3 8
4 14 1 6 4 9 122
4 14 1 5 10 4 14
4 14 1 4 5 10 52
4 14 1 3 11 5 184
4 14 1 3 0 16 87
4 14 1 2 6 11 119
4 14 1 1 12 6 113
4 14 1 1 1 17 190
4 14 1 0 18 1 187
4 14 1 0 7 12 126
4 14 0 19 1 0 165
4 14 0 17 2 1 104
4 14 0 15 3 2 154
4 14 0 13 4 3 99
4 14 0 11 5 4 119
4 14 0 10 0 10 173
4 14 0 9 6 5 56
4 14 0 8 12 0 21
4 14 0 8 1 11 179
4 14 0 7 7 6 96
4 14 0 6 13 1 103
4 14 0 6 2 12 170
4 14 0 5 8 7 168
4 14 0 4 14 2 62
4 14 0 4 3 13 107
4 14 0 3 9 8 30
4 14 0 2 15 3 65
4 14 0 2 4 14 109
4 14 0 1 10 9 23
4 14 0 0 16 4 182
4 14 0 0 5 15 6
4 13 19 2 0 0 45
4 13 19 0 1 1 49
4 13 17 3 1 0 94
4 13 17 1 2 1 185
4 13 16 1 0 4 21
4 13 15 4 2 0 104
4 13 15 2 3 1 151
4 13 15 0 4 2 27
4 13 14 4 0 3 2
4 13 14 2 1 4 80
4 13 14 0 2 5 6
4 13 13 5 3 0 149
4 13 13 3 4 1 110
4 13 13 1 5 2 17
4 13 13 0 0 8 145
4 13 12 7 0 2 68
4 13 12 5 1 3 105
4 13 12 3 2 4 69
4 13 12 1 3 5 39
4 13 12 0 9 0 121
4 13 11 6 4 0 161
4 13 11 4 5 1 45
4 13 11 3 0 7 66
4 13 11 2 6 2 184
4 13 11 1 1 8 172
4 13 11 0 7 3 43
4 13 10 10 0 1 136
4 13 10 8 1 2 96
4 13 10 6 2 3 86
4 13 10 4 3 4 118
4 13 10 2 4 5 108
4 13 10 1 10 0 43
4 13 10 0 5 6 73
4 13 9 7 5 0 52
4 13 9 6 0 6 38
4 13 9 5 6 1 104
4 13 9 4 1 7 152
4 13 9 3 7 2 18
4 13 9 2 2 8 17
4 13 9 1 8 3 171
4 13 9 0 3 9 129
4 13 8 13 0 0 106
4 13 8 11 1 1 73
4 13 8 9 2 2 73
4 13 8 7 3 3 1
4 13 8 5 4 4 40
4 13 8 3 5 5 80
4 13 8 2 11 0 56
4 13 8 2 0 11 25
4 13 8 1 6 6 124
4 13 8 0 12 1 94
4 13 8 0 1 12 141
4 13 7 9 0 5 31
4 13 7 8 6 0 166
4 13 7 7 1 6 63
4 13 7 6 7 1 81
4 13 7 5 2 7 77
4 13 7 4 8 2 120
4 13 7 3 3 8 141
4 13 7 2 9 3 143
4 13 7 1 4 9 87
4 13 7 0 10 4 163
4 13 6 14 1 0 113
4 13 6 12 2 1 24
4 13 6 10 3 2 50
4 13 6 8 4 3 101
4 13 6 6 5 4 169
4 13 6 5 0 10 36
4 13 6 4 6 5 98
4 13 6 3 12 0 126
4 13 6 3 1 11 134
4 13 6 2 7 6 133
4 13 6 1 13 1 189
4 13 6 1 2 12 45
4 13 6 0 8 7 196
4 13 5 12 0 4 132
4 13 5 10 1 5 198
4 13 5 9 7 0 157
4 13 5 8 2 6 29
4 13 5 7 8 1 173
4 13 5 6 3 7 129
4 13 5 5 9 2 25
4 13 5 4 4 8 154
4 13 5 3 10 3 10
4 13 5 2 5 9 90
4 13 5 1 11 4 95
4 13 5 1 0 15 64
4 13 5 0 6 10 18
4 13 4 15 2 0 93
4 13 4 13 3 1 167
4 13 4 11 4 2 89
4 13 4 9 5 3 1
4 13 4 8 0 9 56
4 13 4 7 6 4 42
4 13 4 6 1 10 95
4 13 4 5 7 5 115
4 13 4 4 13 0 100
4 13 4 4 2 11 98
4 13 4 3 8 6 84
4 13 4 2 14 1 79
4 13 4 2 3 12 135
4 13 4 1 9 7 170
4 13 4 0 15 2 72
4 13 4 0 4 13 122
4 13 3 15 0 3 164
4 13 3 13 1 4 21
4 13 3 11 2 5 153
4 13 3 10 8 0 178
4 13 3 9 3 6 173
4 13 3 8 9 1 98
4 13 3 7 4 7 44
4 13 3 6 10 2 122
4 13 3 5 5 8 109
4 13 3 4 11 3 157
4 13 3 4 0 14 158
4 13 3 3 6 9 37
4 13 3 2 12 4 99
4 13 3 2 1 15 139
4 13 3 1 7 10 20
4 13 3 0 13 5 13
4 13 3 0 2 16 28
4 13 2 16 3 0 89
4 13 2 14 4 1 173
4 13 2 12 5 2 49
4 13 2 11 0 8 114
4 13 2 10 6 3 78
4 13 2 9 1 9 106
4 13 2 8 7 4 122
4 13 2 7 2 10 124
4 13 2 6 8 5 196
4 13 2 5 14 0 97
4 13 2 5 3 11 68
4 13 2 4 9 6 172
4 13 2 3 15 1 171
4 13 2 3 4 12 118
4 13 2 2 10 7 58
4 13 2 1 16 2 196
4 13 2 1 5 13 94
4 13 2 0 11 8 119
4 13 2 0 0 19 150
4 13 1 18 0 2 111
4 13 1 16 1 3 116
4 13 1 14 2 4 152
4 13 1 12 3 5 148
4 13 1 11 9 0 63
4 13 1 10 4 6 141
4 13 1 9 10 1 172
4 13 1 8 5 7 145
4 13 1 7 11 2 152
4 13 1 7 0 13 79
4 13 1 6 6 8 37
4 13 1 5 12 3 189
4 13 1 5 1 14 155
4 13 1 4 7 9 43
4 13 1 3 13 4 86
4 13 1 3 2 15 124
4 13 1 2 8 10 50
4 13 1 1 14 5 90
4 13 1 1 3 16 163
4 13 1 0 20 0 60
4 13 1 0 9 11 48
4 13 0 17 4 0 104
4 13 0 15 5 1 192
4 13 0 14 0 7 55
4 13 0 13 6 2 38
4 13 0 12 1 8 164
4 13 0 11 7 3 123
4 13 0 10 2 9 23
4 13 0 9 8 4 59
4 13 0 8 3 10 127
4 13 0 7 9 5 156
4 13 0 6 15 0 132
4 13 0 6 4 11 175
4 13 0 5 10 6 157
4 13 0 4 16 1 68
4 13 0 4 5 12 120
4 13 0 3 11 7 118
4 13 0 3 0 18 183
4 13 0 2 17 2 26
4 13 0 2 6 13 96
4 13 0 1 12 8 168
4 13 0 1 1 19 177
4 13 0 0 18 3 122
4 13 0 0 7 14 86
4 12 19 0 3 0 184
4 12 18 2 0 2 146
4 12 18 0 1 3 180
4 12 17 1 4 0 175
4 12 16 5 0 1 90
4 12 16 3 1 2 162
4 12 16 1 2 3 186
4 12 15 2 5 0 155
4 12 15 1 0 6 191
4 12 15 0 6 1 46
4 12 14 8 0 0 155
4 12 14 6 1 1 77
4 12 14 4 2 2 132
4 12 14 2 3 3 76
4 12 14 0 4 4 38
4 12 13 4 0 5 187
4 12 13 3 6 0 170
4 12 13 2 1 6 38
4 12 13 1 7 1 64
4 12 13 0 2 7 106
4 12 12 9 1 0 130
4 12 12 7 2 1 169
4 12 12 5 3 2 77
4 12 12 3 4 3 107
4 12 12 1 5 4 7
4 12 12 0 0 10 143
4 12 11 7 0 4 137
4 12 11 5 1 5 184
4 12 11 4 7 0 27
4 12 11 3 2 6 127
4 12 11 2 8 1 63
4 12 11 1 3 7 186
4 12 11 0 9 2 105
4 12 10 10 2 0 108
4 12 10 8 3 1 39
4 12 10 6 4 2 51
4 12 10 4 5 3 55
4 12 10 3 0 9 186
4 12 10 2 6 4 176
4 12 10 1 1 10 184
4 12 10 0 7 5 102
4 12 9 10 0 3 23
4 12 9 8 1 4 175
4 12 9 6 2 5 50
4 12 9 5 8 0 155
4 12 9 4 3 6 4
4 12 9 3 9 1 76
4 12 9 2 4 7 26
4 12 9 1 10 2 85
4 12 9 0 5 8 49
4 12 8 11 3 0 44
4 12 8 9 4 1 154
4 12 8 7 5 2 198
4 12 8 6 0 8 162
4 12 8 5 6 3 35
4 12 8 4 1 9 25
4 12 8 3 7 4 120
4 12 8 2 2 10 76
4 12 8 1 8 5 63
4 12 8 0 14 0 44
4 12 8 0 3 11 2
4 12 7 13 0 2 116
4 12 7 11 1 3 31
4 12 7 9 2 4 175
4 12 7 7 3 5 12
4 12 7 6 9 0 181
4 12 7 5 4 6 181
4 12 7 4 10 1 129
4 12 7 3 5 7 3
4 12 7 2 11 2 145
4 12 7 2 0 13 172
4 12 7 1 6 8 103
4 12 7 0 12 3 20
4 12 7 0 1 14 170
4 12 6 12 4 0 131
4 12 6 10 5 1 70
4 12 6 9 0 7 154
4 12 6 8 6 2 105
4 12 6 7 1 8 86
4 12 6 6 7 3 160
4 12 6 5 2 9 156
4 12 6 4 8 4 53
4 12 6 3 3 10 46
4 12 6 2 9 5 159
4 12 6 1 15 0 158
4 12 6 1 4 11 62
4 12 6 0 10 6 25
4 12 5 16 0 1 186
4 12 5 14 1 2 93
4 12 5 12 2 3 63
4 12 5 10 3 4 11
4 12 5 8 4 5 169
4 12 5 7 10 0 192
4 12 5 6 5 6 28
4 12 5 5 11 1 82
4 12 5 5 0 12 122
4 12 5 4 6 7 39
4 12 5 3 12 2 87
4 12 5 3 1 13 59
4 12 5 2 7 8 139
4 12 5 1 13 3 2
4 12 5 1 2 14 154
4 12 5 0 8 9 1
4 12 4 13 5 0 103
4 12 4 12 0 6 197
4 12 4 11 6 1 155
4 12 4 10 1 7 86
4 12 4 9 7 2 171
4 12 4 8 2 8 194
4 12 4 7 8 3 159
4 12 4 6 3 9 149
4 12 4 5 9 4 107
4 12 4 4 4 10 104
4 12 4 3 10 5 49
4 12 4 2 16 0 28
4 12 4 2 5 11 106
4 12 4 1 11 6 114
4 12 4 1 0 17 109
4 12 4 0 17 1 97
4 12 4 0 6 12 22
4 12 3 19 0 0 37
4 12 3 17 1 1 181
4 12 3 15 2 2 61
4 12 3 13 3 3 76
4 12 3 11 4 4 172
4 12 3 9 5 5 126
4 12 3 8 11 0 7
4 12 3 8 0 11 191
4 12 3 7 6 6 94
4 12 3 6 12 1 197
4 12 3 6 1 12 197
4 12 3 5 7 7 101
4 12 3 4 13 2 155
4 12 3 4 2 13 87
4 12 3 3 8 8 17
4 12 3 2 14 3 86
4 12 3 2 3 14 109
4 12 3 1 9 9 150
4 12 3 0 15 4 109
4 12 3 0 4 15 131
4 12 2 15 0 5 198
4 12 2 14 6 0 53
4 12 2 13 1 6 42
4 12 2 12 7 1 10
4 12 2 11 2 7 89
4 12 2 10 8 2 116
4 12 2 9 3 8 157
4 12 2 8 9 3 14
4 12 2 7 4 9 164
4 12 2 6 10 4 74
4 12 2 5 5 10 114
4 12 2 4 11 5 96
4 12 2 4 0 16 139
4 12 2 3 17 0 106
4 12 2 3 6 11 183
4 12 2 2 12 6 135
4 12 2 2 1 17 127
4 12 2 1 18 1 73
4 12 2 1 7 12 119
4 12 2 0 13 7 37
4 12 2 0 2 18 72
4 12 1 20 1 0 116
4 12 1 18 2 1 137
4 12 1 16 3 2 43
4 12 1 14 4 3 22
4 12 1 12 5 4 2
4 12 1 11 0 10 9
4 12 1 10 6 5 95
4 12 1 9 12 0 177
4 12 1 9 1 11 37
4 12 1 8 7 6 6
4 12 1 7 13 1 141
4 12 1 7 2 12 1
4 12 1 6 8 7 193
4 12 1 5 14 2 190
4 12 1 5 3 13 74
4 12 1 4 9 8 190
4 12 1 3 15 3 197
4 12 1 3 4 14 77
4 12 1 2 10 9 119
4 12 1 1 16 4 173
4 12 1 1 5 15 93
4 12 1 0 11 10 124
4 12 1 0 0 21 140
4 12 0 18 0 4 119
4 12 0 16 1 5 22
4 12 0 15 7 0 15
4 12 0 14 2 6 144
4 12 0 12 3 7 111
4 12 0 11 9 2 169
4 12 0 10 4 8 155
4 12 0 9 10 3 148
4 12 0 8 5 9 160
4 12 0 7 11 4 121
4 12 0 7 0 15 58
4 12 0 6 6 10 153
4 12 0 5 12 5 16
4 12 0 5 1 16 92
4 12 0 4 18 0 151
4 12 0 4 7 11 83
4 12 0 3 13 6 114
4 12 0 3 2 17 129
4 12 0 2 19 1 132
4 12 0 2 8 12 184
4 12 0 1 14 7 9
4 12 0 1 3 18 3
4 12 0 0 20 2 28
4 12 0 0 9 13 153
4 11 22 0 0 1 41
4 11 20 3 0 0 57
4 11 20 1 1 1 8
4 11 18 4 1 0 192
4 11 18 2 2 1 96
4 11 18 0 3 2 167
4 11 17 2 0 4 35
4 11 17 0 1 5 139
4 11 16 5 2 0 22
4 11 16 3 3 1 27
4 11 16 1 4 2 163
4 11 15 5 0 3 176
4 11 15 3 1 4 8
4 11 15 1 2 5 82
4 11 15 0 8 0 123
4 11 14 6 3 0 93
4 11 14 4 4 1 48
4 11 14 2 5 2 92
4 11 14 1 0 8 194
4 11 14 0 6 3 165
4 11 13 8 0 2 47
4 11 13 6 1 3 86
4 11 13 4 2 4 113
4 11 13 2 3 5 127
4 11 13 1 9 0 123
4 11 13 0 4 6 55
4 11 12 7 4 0 96
4 11 12 5 5 1 69
4 11 12 4 0 7 77
4 11 12 3 6 2 81
4 11 12 2 1 8 186
4 11 12 1 7 3 118
4 11 12 0 2 9 26
4 11 11 11 0 1 10
4 11 11 9 1 2 139
4 11 11 7 2 3 179
4 11 11 5 3 4 189
4 11 11 3 4 5 42
4 11 11 2 10 0 26
4 11 11 1 5 6 6
4 11 11 0 11 1 136
4 11 11 0 0 12 127
4 11 10 8 5 0 51
4 11 10 7 0 6 141
4 11 10 6 6 1 85
4 11 10 5 1 7 165
4 11 10 4 7 2 1
4 11 10 3 2 8 190
4 11 10 2 8 3 153
4 11 10 1 3 9 8
4 11 10 0 9 4 154
4 11 9 14 0 0 158
4 11 9 12 1 1 21
4 11 9 10 2 2 167
4 11 9 8 3 3 52
4 11 9 6 4 4 70
4 11 9 3 11 0 175
4 11 9 3 0 11 149
4 11 9 2 6 6 87
4 11 9 1 12 1 60
4 11 9 1 1 12 22
4 11 9 0 7 7 143
4 11 8 10 0 5 152
4 11 8 9 6 0 42
4 11 8 8 1 6 13
4 11 8 7 7 1 130
4 11 8 6 2 7 50
4 11 8 5 8 2 55
4 11 8 4 3 8 4
4 11 8 3 9 3 148
4 11 8 2 4 9 100
4 11 8 1 10 4 109
4 11 8 0 5 10 70
4 11 7 15 1 0 148
4 11 7 13 2 1 4
4 11 7 11 3 2 87
4 11 7 9 4 3 66
4 11 7 7 5 4 28
4 11 7 6 0 10 1
4 11 7 5 6 5 43
4 11 7 4 12 0 110
4 11 7 4 1 11 76
4 11 7 3 7 6 188
4 11 7 2 13 1 5
4 11 7 2 2 12 136
4 11 7 1 8 7 144
4 11 7 0 14 2 183
4 11 7 0 3 13 132
4 11 6 13 0 4 110
4 11 6 11 1 5 144
4 11 6 10 7 0 103
4 11 6 9 2 6 58
4 11 6 8 8 1 165
4 11 6 7 3 7 58
4 11 6 6 9 2 86
4 11 6 5 4 8 108
4 11 6 4 10 3 53
4 11 6 3 5 9 1
4 11 6 2 11 4 65
4 11 6 2 0 15 15
4 11 6 1 6 10 113
4 11 6 0 12 5 172
4 11 6 0 1 16 12
4 11 5 16 2 0 116
4 11 5 14 3 1 47
4 11 5 12 4 2 84
4 11 5 10 5 3 76
4 11 5 9 0 9 69
4 11 5 8 6 4 112
4 11 5 7 1 10 24
4 11 5 6 7 5 34
4 11 5 5 13 0 134
4 11 5 5 2 11 44
4 11 5 4 8 6 94
4 11 5 3 14 1 173
4 11 5 3 3 12 181
4 11 5 2 9 7 18
4 11 5 1 15 2 94
4 11 5 1 4 13 49
4 11 5 0 10 8 68
4 11 4 14 1 4 180
4 11 4 12 2 5 134
4 11 4 11 8 0 158
4 11 4 10 3 6 126
4 11 4 9 9 1 123
4 11 4 8 4 7 59
4 11 4 7 10 2 141
4 11 4 6 5 8 107
4 11 4 5 11 3 141
4 11 4 5 0 14 21
4 11 4 4 6 9 131
4 11 4 3 12 4 65
4 11 4 3 1 15 114
4 11 4 2 7 10 14
4 11 4 1 13 5 131
4 11 4 1 2 16 66
4 11 4 0 19 0 1
4 11 4 0 8 11 100
4 11 3 17 3 0 2
4 11 3 15 4 1 90
4 11 3 13 5 2 7
4 11 3 12 0 8 125
4 11 3 11 6 3 119
4 11 3 10 1 9 29
4 11 3 9 7 4 67
4 11 3 8 2 10 107
4 11 3 7 8 5 160
4 11 3 6 14 0 163
4 11 3 6 3 11 32
4 11 3 5 9 6 47
4 11 3 4 15 1 92
4 11 3 4 4 12 105
4 11 3 3 10 7 116
4 11 3 2 16 2 171
4 11 3 2 5 13 91
4 11 3 1 11 8 82
4 11 3 1 0 19 135
4 11 3 0 17 3 66
4 11 3 0 6 14 92
4 11 2 19 0 2 23
4 11 2 17 1 3 21
4 11 2 15 2 4 111
4 11 2 13 3 5 35
4 11 2 12 9 0 173
4 11 2 11 4 6 114
4 11 2 10 10 1 152
4 11 2 9 5 7 148
4 11 2 8 11 2 122
4 11 2 8 0 13 120
4 11 2 7 6 8 135
4 11 2 6 12 3 83
4 11 2 6 1 14 6
4 11 2 5 7 9 53
4 11 2 4 13 4 162
4 11 2 4 2 15 3
4 11 2 3 8 10 35
4 11 2 2 14 5 2
4 11 2 2 3 16 99
4 11 2 1 20 0 23
4 11 2 1 9 11 124
4 11 2 0 15 6 95
4 11 2 0 4 17 152
4 11 1 18 4 0 120
4 11 1 16 5 1 147
4 11 1 15 0 7 152
4 11 1 14 6 2 76
4 11 1 13 1 8 135
4 11 1 12 7 3 99
4 11 1 11 2 9 80
4 11 1 10 8 4 129
4 11 1 9 3 10 53
4 11 1 8 9 5 17
4 11 1 7 15 0 105
4 11 1 7 4 11 191
4 11 1 6 10 6 101
4 11 1 5 16 1 135
4 11 1 5 5 12 99
4 11 1 4 11 7 187
4 11 1 4 0 18 179
4 11 1 3 17 2 17
4 11 1 3 6 13 46
4 11 1 2 12 8 130
4 11 1 2 1 19 156
4 11 1 1 18 3 173
4 11 1 1 7 14 193
4 11 1 0 13 9 64
4 11 1 0 2 20 194
4 11 0 22 0 1 108
4 11 0 20 1 2 50
4 11 0 18 2 3 77
4 11 0 14 4 5 147
4 11 0 13 10 0 130
4 11 0 12 5 6 6
4 11 0 11 11 1 131
4 11 0 11 0 12 10
4 11 0 10 6 7 29
4 11 0 9 12 2 20
4 11 0 9 1 13 1
4 11 0 8 7 8 125
4 11 0 7 13 3 60
4 11 0 7 2 14 49
4 11 0 6 8 9 130
4 11 0 5 14 4 73
4 11 0 5 3 15 184
4 11 0 4 9 10 73
4 11 0 3 15 5 48
4 11 0 3 4 16 32
4 11 0 2 21 0 60
4 11 0 2 10 11 94
4 11 0 1 16 6 157
4 11 0 1 5 17 113
4 11 0 0 22 1 136
4 11 0 0 11 12 104
4 11 0 0 0 23 14
4 10 22 0 2 0 94
4 10 21 0 0 3 43
4 10 20 1 3 0 87
4 10 19 3 0 2 52
4 10 19 1 1 3 194
4 10 18 2 4 0 183
4 10 18 0 5 1 155
4 10 17 6 0 1 16
4 10 17 4 1 2 151
4 10 17 2 2 3 130
4 10 17 0 3 4 117
4 10 16 3 5 0 151
4 10 16 2 0 6 52
4 10 16 1 6 1 35
4 10 16 0 1 7 29
4 10 15 9 0 0 71
4 10 15 7 1 1 6
4 10 15 5 2 2 25
4 10 15 3 3 3 38
4 10 15 1 4 4 11
4 10 14 5 0 5 159
4 10 14 4 6 0 25
4 10 14 3 1 6 163
4 10 14 2 7 1 66
4 10 14 1 2 7 85
4 10 14 0 8 2 161
4 10 13 10 1 0 156
4 10 13 8 2 1 186
4 10 13 6 3 2 75
4 10 13 4 4 3 67
4 10 13 2 5 4 108
4 10 13 1 0 10 1
4 10 13 0 6 5 12
4 10 12 8 0 4 71
4 10 12 6 1 5 84
4 10 12 5 7 0 179
4 10 12 4 2 6 30
4 10 12 3 8 1 4
4 10 12 2 3 7 75
4 10 12 1 9 2 111
4 10 12 0 4 8 69
4 10 11 11 2 0 186
4 10 11 9 3 1 135
4 10 11 7 4 2 3
4 10 11 5 5 3 168
4 10 11 4 0 9 43
4 10 11 3 6 4 110
4 10 11 2 1 10 46
4 10 11 1 7 5 117
4 10 11 0 13 0 58
4 10 11 0 2 11 4
4 10 10 11 0 3 1
4 10 10 9 1 4 39
4 10 10 7 2 5 111
4 10 10 6 8 0 170
4 10 10 5 3 6 99
4 10 10 4 9 1 180
4 10 10 3 4 7 176
4 10 10 2 10 2 102
4 10 10 1 5 8 149
4 10 10 0 11 3 159
4 10 10 0 0 14 38
4 10 9 12 3 0 41
4 10 9 10 4 1 85
4 10 9 8 5 2 29
4 10 9 7 0 8 180
4 10 9 6 6 3 45
4 10 9 5 1 9 189
4 10 9 4 7 4 79
4 10 9 3 2 10 173
4 10 9 2 8 5 101
4 10 9 1 14 0 112
4 10 9 1 3 11 146
4 10 9 0 9 6 47
4 10 8 14 0 2 192
4 10 8 12 1 3 173
4 10 8 10 2 4 142
4 10 8 8 3 5 139
4 10 8 7 9 0 144
4 10 8 6 4 6 134
4 10 8 5 10 1 1
4 10 8 4 5 7 20
4 10 8 3 11 2 183
4 10 8 3 0 13 92
4 10 8 2 6 8 23
4 10 8 1 12 3 178
4 10 8 1 1 14 92
4 10 8 0 7 9 105
4 10 7 13 4 0 176
4 10 7 11 5 1 84
4 10 7 10 0 7 116
4 10 7 9 6 2 182
4 10 7 8 1 8 69
4 10 7 7 7 3 93
4 10 7 6 2 9 97
4 10 7 5 8 4 84
4 10 7 4 3 10 90
4 10 7 3 9 5 39
4 10 7 2 15 0 14
4 10 7 2 4 11 51
4 10 7 1 10 6 112
4 10 7 0 16 1 74
4 10 7 0 5 12 2
4 10 6 17 0 1 148
4 10 6 15 1 2 147
4 10 6 13 2 3 117
4 10 6 11 3 4 55
4 10 6 9 4 5 198
4 10 6 8 10 0 37
4 10 6 7 5 6 174
4 10 6 6 11 1 44
4 10 6 6 0 12 192
4 10 6 5 6 7 173
4 10 6 4 12 2 123
4 10 6 4 1 13 42
4 10 6 3 7 8 86
4 10 6 2 13 3 100
4 10 6 2 2 14 87
4 10 6 1 8 9 94
4 10 6 0 14 4 178
4 10 6 0 3 15 188
4 10 5 14 5 0 132
4 10 5 13 0 6 132
4 10 5 12 6 1 137
4 10 5 11 1 7 30
4 10 5 10 7 2 132
4 10 5 9 2 8 23
4 10 5 8 8 3 75
4 10 5 7 3 9 188
4 10 5 6 9 4 83
4 10 5 5 4 10 169
4 10 5 4 10 5 186
4 10 5 3 16 0 101
4 10 5 3 5 11 32
4 10 5 2 11 6 143
4 10 5 2 0 17 112
4 10 5 1 17 1 73
4 10 5 1 6 12 127
4 10 5 0 12 7 81
4 10 5 0 1 18 21
4 10 4 20 0 0 37
4 10 4 18 1 1 86
4 10 4 16 2 2 30
4 10 4 14 3 3 41
4 10 4 12 4 4 185
4 10 4 10 5 5 76
4 10 4 9 11 0 178
4 10 4 9 0 11 85
4 10 4 8 6 6 162
4 10 4 7 12 1 39
4 10 4 7 1 12 125
4 10 4 6 7 7 89
4 10 4 5 13 2 150
4 10 4 5 2 13 69
4 10 4 4 8 8 17
4 10 4 3 14 3 175
4 10 4 3 3 14 24
4 10 4 2 9 9 10
4 10 4 1 15 4 169
4 10 4 1 4 15 189
4 10 4 0 10 10 192
4 10 3 16 0 5 118
4 10 3 15 6 0 191
4 10 3 14 1 6 79
4 10 3 13 7 1 125
4 10 3 12 2 7 87
4 10 3 11 8 2 188
4 10 3 10 3 8 50
4 10 3 9 9 3 184
4 10 3 8 4 9 151
4 10 3 7 10 4 78
4 10 3 6 5 10 21
4 10 3 5 11 5 53
4 10 3 5 0 16 36
4 10 3 4 17 0 35
4 10 3 4 6 11 115
4 10 3 3 12 6 93
4 10 3 3 1 17 22
4 10 3 2 18 1 10
4 10 3 2 7 12 184
4 10 3 1 13 7 128
4 10 3 1 2 18 79
4 10 3 0 19 2 85
4 10 3 0 8 13 148
4 10 2 21 1 0 198
4 10 2 19 2 1 96
4 10 2 17 3 2 58
4 10 2 15 4 3 177
4 10 2 13 5 4 110
4 10 2 12 0 10 28
4 10 2 11 6 5 41
4 10 2 10 12 0 50
4 10 2 10 1 11 23
4 10 2 9 7 6 40
4 10 2 8 13 1 143
4 10 2 8 2 12 50
4 10 2 7 8 7 80
4 10 2 6 14 2 45
4 10 2 6 3 13 37
4 10 2 5 9 8 26
4 10 2 4 15 3 85
4 10 2 4 4 14 197
4 10 2 3 10 9 97
4 10 2 2 16 4 188
4 10 2 2 5 15 107
4 10 2 1 11 10 106
4 10 2 1 0 21 196
4 10 2 0 17 5 81
4 10 2 0 6 16 13
4 10 1 19 0 4 41
4 10 1 17 1 5 13
4 10 1 16 7 0 116
4 10 1 15 2 6 38
4 10 1 14 8 1 137
4 10 1 13 3 7 170
4 10 1 12 9 2 42
4 10 1 11 4 8 36
4 10 1 10 10 3 83
4 10 1 9 5 9 28
4 10 1 8 11 4 147
4 10 1 8 0 15 23
4 10 1 7 6 10 176
4 10 1 6 12 5 89
4 10 1 6 1 16 130
4 10 1 5 18 0 130
4 10 1 5 7 11 195
4 10 1 4 13 6 110
4 10 1 4 2 17 26
4 10 1 3 19 1 1
4 10 1 3 8 12 167
4 10 1 2 14 7 71
4 10 1 2 3 18 100
4 10 1 1 20 2 81
4 10 1 1 9 13 42
4 10 1 0 15 8 27
4 10 1 0 4 19 1
4 10 0 22 2 0 80
4 10 0 20 3 1 46
4 10 0 18 4 2 194
4 10 0 16 5 3 182
4 10 0 15 0 9 82
4 10 0 14 6 4 114
4 10 0 13 1 10 170
4 10 0 12 7 5 47
4 10 0 11 13 0 70
4 10 0 11 2 11 128
4 10 0 10 8 6 94
4 10 0 9 14 1 15
4 10 0 9 3 12 13
4 10 0 8 9 7 137
4 10 0 7 15 2 70
4 10 0 7 4 13 30
4 10 0 6 10 8 87
4 10 0 5 16 3 119
4 10 0 5 5 14 58
4 10 0 4 11 9 127
4 10 0 4 0 20 146
4 10 0 3 17 4 52
4 10 0 3 6 15 95
4 10 0 2 12 10 50
4 10 0 2 1 21 133
4 10 0 1 18 5 132
4 10 0 1 7 16 152
4 10 0 0 24 0 171
4 10 0 0 13 11 112
4 10 0 0 2 22 67
4 9 23 1 0 1 129
4 9 21 4 0 0 177
4 9 21 2 1 1 7
4 9 21 0 2 2 191
4 9 20 0 0 5 46
4 9 19 5 1 0 136
4 9 19 3 2 1 110
4 9 19 1 3 2 99
4 9 18 3 0 4 55
4 9 18 1 1 5 62
4 9 18 0 7 0 113
4 9 17 6 2 0 25
4 9 17 4 3 1 105
4 9 17 2 4 2 154
4 9 17 0 5 3 25
4 9 16 6 0 3 191
4 9 16 4 1 4 114
4 9 16 2 2 5 177
4 9 16 1 8 0 74
4 9 16 0 3 6 154
4 9 15 7 3 0 23
4 9 15 5 4 1 107
4 9 15 3 5 2 87
4 9 15 2 0 8 189
4 9 15 1 6 3 87
4 9 15 0 1 9 92
4 9 14 9 0 2 92
4 9 14 7 1 3 117
4 9 14 5 2 4 65
4 9 14 3 3 5 46
4 9 14 2 9 0 27
4 9 14 1 4 6 51
4 9 14 0 10 1 1
4 9 13 8 4 0 16
4 9 13 6 5 1 36
4 9 13 5 0 7 169
4 9 13 4 6 2 150
4 9 13 3 1 8 105
4 9 13 2 7 3 183
4 9 13 1 2 9 147
4 9 13 0 8 4 86
4 9 12 12 0 1 30
4 9 12 10 1 2 25
4 9 12 8 2 3 97
4 9 12 6 3 4 29
4 9 12 4 4 5 166
4 9 12 3 10 0 146
4 9 12 2 5 6 116
4 9 12 1 11 1 17
4 9 12 1 0 12 113
4 9 12 0 6 7 111
4 9 11 9 5 0 81
4 9 11 8 0 6 1
4 9 11 7 6 1 123
4 9 11 6 1 7 57
4 9 11 5 7 2 198
4 9 11 4 2 8 183
4 9 11 3 8 3 184
4 9 11 2 3 9 140
4 9 11 1 9 4 100
4 9 11 0 4 10 21
4 9 10 15 0 0 133
4 9 10 13 1 1 1
4 9 10 11 2 2 19
4 9 10 9 3 3 13
4 9 10 7 4 4 191
4 9 10 5 5 5 172
4 9 10 4 11 0 191
4 9 10 4 0 11 83
4 9 10 3 6 6 9
4 9 10 2 12 1 130
4 9 10 2 1 12 110
4 9 10 1 7 7 82
4 9 10 0 13 2 70
4 9 10 0 2 13 61
4 9 9 11 0 5 120
4 9 9 10 6 0 164
4 9 9 9 1 6 111
4 9 9 8 7 1 169
4 9 9 7 2 7 125
4 9 9 6 8 2 141
4 9 9 5 3 8 104
4 9 9 4 9 3 99
4 9 9 3 4 9 7
4 9 9 2 10 4 29
4 9 9 1 5 10 150
4 9 9 0 11 5 192
4 9 9 0 0 16 127
4 9 8 16 1 0 130
4 9 8 14 2 1 98
4 9 8 12 3 2 67
4 9 8 10 4 3 136
4 9 8 8 5 4 45
4 9 8 7 0 10 163
4 9 8 6 6 5 153
4 9 8 5 12 0 39
4 9 8 5 1 11 107
4 9 8 4 7 6 60
4 9 8 3 13 1 130
4 9 8 3 2 12 139
4 9 8 2 8 7 34
4 9 8 1 14 2 156
4 9 8 1 3 13 183
4 9 8 0 9 8 131
4 9 7 14 0 4 96
4 9 7 12 1 5 127
4 9 7 11 7 0 78
4 9 7 10 2 6 50
4 9 7 9 8 1 79
4 9 7 8 3 7 91
4 9 7 7 9 2 83
4 9 7 6 4 8 62
4 9 7 5 10 3 147
4 9 7 4 5 9 162
4 9 7 3 11 4 76
4 9 7 3 0 15 181
4 9 7 2 6 10 162
4 9 7 1 12 5 53
4 9 7 1 1 16 179
4 9 7 0 18 0 100
4 9 7 0 7 11 51
4 9 6 17 2 0 33
4 9 6 15 3 1 92
4 9 6 13 4 2 42
4 9 6 11 5 3 10
4 9 6 10 0 9 18
4 9 6 9 6 4 89
4 9 6 8 1 10 142
4 9 6 7 7 5 70
4 9 6 6 13 0 163
4 9 6 6 2 11 135
4 9 6 5 8 6 37
4 9 6 4 14 1 180
4 9 6 4 3 12 178
4 9 6 3 9 7 82
4 9 6 2 15 2 33
4 9 6 2 4 13 129
4 9 6 1 10 8 145
4 9 6 0 16 3 126
4 9 6 0 5 14 175
4 9 5 17 0 3 8
4 9 5 15 1 4 77
4 9 5 13 2 5 15
4 9 5 12 8 0 66
4 9 5 11 3 6 143
4 9 5 10 9 1 135
4 9 5 9 4 7 49
4 9 5 8 10 2 175
4 9 5 7 5 8 102
4 9 5 6 11 3 46
4 9 5 6 0 14 172
4 9 5 5 6 9 76
4 9 5 4 12 4 165
4 9 5 4 1 15 27
4 9 5 3 7 10 8
4 9 5 2 13 5 165
4 9 5 2 2 16 58
4 9 5 1 19 0 23
4 9 5 1 8 11 13
4 9 5 0 14 6 42
4 9 5 0 3 17 160
4 9 4 18 3 0 44
4 9 4 16 4 1 143
4 9 4 14 5 2 25
4 9 4 13 0 8 89
4 9 4 12 6 3 166
4 9 4 11 1 9 64
4 9 4 10 7 4 139
4 9 4 9 2 10 94
4 9 4 8 8 5 128
4 9 4 7 14 0 115
4 9 4 7 3 11 182
4 9 4 6 9 6 61
4 9 4 5 15 1 114
4 9 4 5 4 12 44
4 9 4 4 10 7 130
4 9 4 3 16 2 66
4 9 4 3 5 13 162
4 9 4 2 11 8 49
4 9 4 2 0 19 174
4 9 4 1 17 3 130
4 9 4 1 6 14 177
4 9 4 0 12 9 37
4 9 4 0 1 20 143
4 9 3 20 0 2 151
4 9 3 18 1 3 74
4 9 3 16 2 4 133
4 9 3 14 3 5 184
4 9 3 13 9 0 51
4 9 3 12 4 6 47
4 9 3 11 10 1 152
4 9 3 10 5 7 87
4 9 3 9 11 2 130
4 9 3 9 0 13 143
4 9 3 8 6 8 98
4 9 3 7 12 3 142
4 9 3 7 1 14 153
4 9 3 6 7 9 79
4 9 3 5 13 4 3
4 9 3 5 2 15 195
4 9 3 4 8 10 81
4 9 3 3 14 5 117
4 9 3 3 3 16 13
4 9 3 2 20 0 68
4 9 3 2 9 11 80
4 9 3 1 15 6 53
4 9 3 1 4 17 46
4 9 3 0 21 1 4
4 9 3 0 10 12 160
4 9 2 19 4 0 117
4 9 2 17 5 1 59
4 9 2 16 0 7 26
4 9 2 15 6 2 157
4 9 2 14 1 8 88
4 9 2 13 7 3 121
4 9 2 12 2 9 149
4 9 2 11 8 4 23
4 9 2 10 3 10 81
4 9 2 9 9 5 63
4 9 2 8 15 0 72
4 9 2 8 4 11 37
4 9 2 7 10 6 180
4 9 2 6 16 1 119
4 9 2 6 5 12 140
4 9 2 5 11 7 86
4 9 2 5 0 18 13
4 9 2 4 17 2 119
4 9 2 4 6 13 80
4 9 2 3 12 8 95
4 9 2 3 1 19 140
4 9 2 2 18 3 155
4 9 2 2 7 14 159
4 9 2 1 13 9 193
4 9 2 1 2 20 86
4 9 2 0 19 4 148
4 9 1 23 0 1 113
4 9 1 21 1 2 138
4 9 1 19 2 3 122
4 9 1 17 3 4 63
4 9 1 15 4 5 193
4 9 1 14 10 0 155
4 9 1 13 5 6 167
4 9 1 12 11 1 129
4 9 1 12 0 12 56
4 9 1 11 6 7 77
4 9 1 10 12 2 48
4 9 1 10 1 13 12
4 9 1 9 7 8 131
4 9 1 8 13 3 4
4 9 1 8 2 14 26
4 9 1 7 8 9 75
4 9 1 6 14 4 65
4 9 1 6 3 15 66
4 9 1 5 9 10 172
4 9 1 4 15 5 169
4 9 1 4 4 16 190
4 9 1 3 21 0 136
4 9 1 3 10 11 51
4 9 1 2 16 6 77
4 9 1 2 5 17 47
4 9 1 1 22 1 37
4 9 1 1 11 12 163
4 9 1 1 0 23 70
4 9 1 0 17 7 172
4 9 1 0 6 18 122
4 9 0 20 5 0 67
4 9 0 19 0 6 198
4 9 0 18 6 1 162
4 9 0 17 1 7 107
4 9 0 16 7 2 142
4 9 0 15 2 8 81
4 9 0 14 8 3 83
4 9 0 13 3 9 64
4 9 0 12 9 4 194
4 9 0 11 4 10 115
4 9 0 10 10 5 179
4 9 0 9 16 0 57
4 9 0 9 5 11 20
4 9 0 8 11 6 3
4 9 0 8 0 17 158
4 9 0 7 17 1 178
4 9 0 7 6 12 188
4 9 0 6 12 7 137
4 9 0 6 1 18 5
4 9 0 5 18 2 32
4 9 0 5 7 13 35
4 9 0 4 13 8 142
4 9 0 4 2 19 127
4 9 0 3 19 3 131
4 9 0 3 8 14 145
4 9 0 2 14 9 48
4 9 0 2 3 20 152
4 9 0 1 20 4 21
4 9 0 1 9 15 181
4 9 0 0 15 10 132
4 9 0 0 4 21 98
4 8 25 0 1 0 170
4 8 23 1 2 0 44
4 8 22 1 0 3 129
4 8 21 2 3 0 151
4 8 21 0 4 1 76
4 8 20 4 0 2 28
4 8 20 2 1 3 1
4 8 20 0 2 4 21
4 8 19 3 4 0 67
4 8 19 1 5 1 149
4 8 19 0 0 7 175
4 8 18 7 0 1 32
4 8 18 5 1 2 75
4 8 18 3 2 3 118
4 8 18 1 3 4 65
4 8 17 4 5 0 116
4 8 17 3 0 6 8
4 8 17 2 6 1 38
4 8 17 1 1 7 74
4 8 17 0 7 2 36
4 8 16 10 0 0 123
4 8 16 8 1 1 48
4 8 16 6 2 2 48
4 8 16 4 3 3 97
4 8 16 2 4 4 48
4 8 16 0 5 5 36
4 8 15 6 0 5 103
4 8 15 5 6 0 6
4 8 15 4 1 6 47
4 8 15 3 7 1 174
4 8 15 2 2 7 147
4 8 15 1 8 2 184
4 8 15 0 3 8 1
4 8 14 11 1 0 148
4 8 14 9 2 1 3
4 8 14 7 3 2 85
4 8 14 5 4 3 146
4 8 14 3 5 4 1
4 8 14 2 0 10 38
4 8 14 1 6 5 153
4 8 14 0 12 0 38
4 8 14 0 1 11 10
4 8 13 9 0 4 167
4 8 13 7 1 5 25
4 8 13 6 7 0 105
4 8 13 5 2 6 197
4 8 13 4 8 1 124
4 8 13 3 3 7 169
4 8 13 2 9 2 109
4 8 13 1 4 8 136
4 8 13 0 10 3 23
4 8 12 12 2 0 151
4 8 12 10 3 1 175
4 8 12 8 4 2 125
4 8 12 6 5 3 183
4 8 12 5 0 9 77
4 8 12 4 6 4 115
4 8 12 3 1 10 164
4 8 12 2 7 5 157
4 8 12 1 13 0 148
4 8 12 1 2 11 34
4 8 12 0 8 6 83
4 8 11 12 0 3 163
4 8 11 10 1 4 172
4 8 11 8 2 5 22
4 8 11 7 8 0 142
4 8 11 6 3 6 8
4 8 11 5 9 1 4
4 8 11 4 4 7 32
4 8 11 3 10 2 89
4 8 11 2 5 8 90
4 8 11 1 11 3 79
4 8 11 1 0 14 66
4 8 11 0 6 9 173
4 8 10 13 3 0 163
4 8 10 11 4 1 143
4 8 10 9 5 2 107
4 8 10 8 0 8 29
4 8 10 7 6 3 145
4 8 10 6 1 9 171
4 8 10 5 7 4 13
4 8 10 4 2 10 77
4 8 10 3 8 5 1
4 8 10 2 14 0 1
4 8 10 2 3 11 129
4 8 10 1 9 6 41
4 8 10 0 15 1 51
4 8 10 0 4 12 93
4 8 9 15 0 2 11
4 8 9 13 1 3 168
4 8 9 11 2 4 98
4 8 9 9 3 5 35
4 8 9 8 9 0 41
4 8 9 7 4 6 137
4 8 9 6 10 1 71
4 8 9 5 5 7 132
4 8 9 4 11 2 114
4 8 9 4 0 13 124
4 8 9 3 6 8 77
4 8 9 2 12 3 22
4 8 9 2 1 14 108
4 8 9 1 7 9 130
4 8 9 0 13 4 82
4 8 9 0 2 15 118
4 8 8 14 4 0 156
4 8 8 12 5 1 189
4 8 8 11 0 7 26
4 8 8 10 6 2 95
4 8 8 9 1 8 27
4 8 8 8 7 3 45
4 8 8 7 2 9 124
4 8 8 6 8 4 33
4 8 8 5 3 10 156
4 8 8 4 9 5 124
4 8 8 3 15 0 116
4 8 8 3 4 11 165
4 8 8 2 10 6 118
4 8 8 1 16 1 175
4 8 8 1 5 12 70
4 8 8 0 11 7 80
4 8 8 0 0 18 189
4 8 7 18 0 1 143
4 8 7 16 1 2 73
4 8 7 14 2 3 75
4 8 7 12 3 4 158
4 8 7 10 4 5 88
4 8 7 9 10 0 20
4 8 7 8 5 6 194
4 8 7 7 11 1 27
4 8 7 7 0 12 36
4 8 7 6 6 7 2
4 8 7 5 12 2 194
4 8 7 5 1 13 189
4 8 7 4 7 8 58
4 8 7 3 13 3 51
4 8 7 3 2 14 2
4 8 7 2 8 9 122
4 8 7 1 14 4 154
4 8 7 1 3 15 153
4 8 7 0 9 10 112
4 8 6 15 5 0 24
4 8 6 14 0 6 16
4 8 6 13 6 1 8
4 8 6 12 1 7 55
4 8 6 11 7 2 9
4 8 6 10 2 8 177
4 8 6 9 8 3 42
4 8 6 8 3 9 103
4 8 6 7 9 4 6
4 8 6 6 4 10 167
4 8 6 5 10 5 65
4 8 6 4 16 0 195
4 8 6 4 5 11 36
4 8 6 3 0 17 193
4 8 6 2 17 1 9
4 8 6 2 6 12 141
4 8 6 1 12 7 26
4 8 6 1 1 18 10
4 8 6 0 18 2 110
4 8 6 0 7 13 57
4 8 5 21 0 0 93
4 8 5 19 1 1 187
4 8 5 17 2 2 72
4 8 5 15 3 3 132
4 8 5 13 4 4 195
4 8 5 11 5 5 168
4 8 5 10 11 0 106
4 8 5 10 0 11 64
4 8 5 9 6 6 110
4 8 5 8 12 1 143
4 8 5 8 1 12 75
4 8 5 7 7 7 185
4 8 5 6 13 2 189
4 8 5 6 2 13 120
4 8 5 5 8 8 194
4 8 5 4 14 3 196
4 8 5 4 3 14 159
4 8 5 3 9 9 54
4 8 5 2 15 4 149
4 8 5 2 4 15 146
4 8 5 1 10 10 55
4 8 5 0 16 5 37
4 8 5 0 5 16 80
4 8 4 17 0 5 97
4 8 4 16 6 0 63
4 8 4 15 1 6 24
4 8 4 14 7 1 38
4 8 4 13 2 7 192
4 8 4 12 8 2 50
4 8 4 11 3 8 140
4 8 4 10 9 3 8
4 8 4 9 4 9 13
4 8 4 8 10 4 99
4 8 4 7 5 10 121
4 8 4 6 11 5 10
4 8 4 5 17 0 76
4 8 4 5 6 11 53
4 8 4 4 12 6 125
4 8 4 4 1 17 60
4 8 4 3 18 1 62
4 8 4 3 7 12 44
4 8 4 2 13 7 168
4 8 4 2 2 18 7
4 8 4 1 19 2 147
4 8 4 1 8 13 88
4 8 4 0 14 8 2
4 8 4 0 3 19 151
4 8 3 22 1 0 132
4 8 3 20 2 1 48
4 8 3 18 3 2 93
4 8 3 16 4 3 8
4 8 3 14 5 4 94
4 8 3 13 0 10 94
4 8 3 12 6 5 164
4 8 3 11 12 0 46
4 8 3 11 1 11 115
4 8 3 10 7 6 159
4 8 3 9 13 1 145
4 8 3 9 2 12 65
4 8 3 8 8 7 161
4 8 3 7 14 2 55
4 8 3 7 3 13 134
4 8 3 6 9 8 72
4 8 3 5 15 3 50
4 8 3 5 4 14 154
4 8 3 4 10 9 90
4 8 3 3 16 4 113
4 8 3 3 5 15 104
4 8 3 2 11 10 184
4 8 3 2 0 21 169
4 8 3 1 17 5 166
4 8 3 1 6 16 84
4 8 3 0 23 0 108
4 8 3 0 12 11 120
4 8 3 0 1 22 111
4 8 2 20 0 4 146
4 8 2 18 1 5 38
4 8 2 17 7 0 51
4 8 2 16 2 6 68
4 8 2 15 8 1 59
4 8 2 14 3 7 154
4 8 2 13 9 2 144
4 8 2 12 4 8 191
4 8 2 11 10 3 95
4 8 2 10 5 9 115
4 8 2 9 11 4 70
4 8 2 9 0 15 24
4 8 2 8 6 10 67
4 8 2 7 12 5 91
4 8 2 7 1 16 48
4 8 2 6 18 0 110
4 8 2 6 7 11 81
4 8 2 5 13 6 102
4 8 2 5 2 17 131
4 8 2 4 19 1 36
4 8 2 4 8 12 49
4 8 2 3 14 7 88
4 8 2 3 3 18 2
4 8 2 2 20 2 109
4 8 2 2 9 13 111
4 8 2 1 15 8 167
4 8 2 1 4 19 186
4 8 2 0 21 3 3
4 8 2 0 10 14 196
4 8 1 23 2 0 128
4 8 1 21 3 1 136
4 8 1 19 4 2 177
4 8 1 17 5 3 102
4 8 1 16 0 9 4
4 8 1 15 6 4 42
4 8 1 14 1 10 48
4 8 1 13 7 5 180
4 8 1 12 13 0 73
4 8 1 12 2 11 86
4 8 1 11 8 6 4
4 8 1 10 14 1 95
4 8 1 10 3 12 191
4 8 1 9 9 7 17
4 8 1 8 15 2 81
4 8 1 8 4 13 95
4 8 1 7 10 8 159
4 8 1 6 16 3 146
4 8 1 6 5 14 174
4 8 1 5 11 9 143
4 8 1 5 0 20 117
4 8 1 4 17 4 124
4 8 1 4 6 15 147
4 8 1 3 12 10 160
4 8 1 3 1 21 146
4 8 1 2 18 5 173
4 8 1 2 7 16 126
4 8 1 1 24 0 16
4 8 1 1 13 11 24
4 8 1 1 2 22 88
4 8 1 0 19 6 177
4 8 1 0 8 17 45
4 8 0 23 0 3 99
4 8 0 21 1 4 38
4 8 0 19 2 5 25
4 8 0 18 8 0 112
4 8 0 17 3 6 44
4 8 0 16 9 1 164
4 8 0 15 4 7 10
4 8 0 14 10 2 102
4 8 0 13 5 8 132
4 8 0 12 11 3 66
4 8 0 12 0 14 120
4 8 0 11 6 9 27
4 8 0 10 12 4 56
4 8 0 10 1 15 129
4 8 0 9 7 10 25
4 8 0 8 13 5 25
4 8 0 8 2 16 53
4 8 0 7 19 0 101
4 8 0 7 8 11 70
4 8 0 6 14 6 93
4 8 0 6 3 17 130
4 8 0 5 20 1 143
4 8 0 5 9 12 28
4 8 0 4 15 7 11
4 8 0 4 4 18 182
4 8 0 3 21 2 65
4 8 0 3 10 13 115
4 8 0 2 16 8 121
4 8 0 2 5 19 185
4 8 0 1 22 3 140
4 8 0 1 11 14 164
4 8 0 1 0 25 53
4 8 0 0 17 9 105
4 8 0 0 6 20 5
4 7 24 2 0 1 58
4 7 24 0 1 2 116
4 7 22 5 0 0 151
4 7 22 3 1 1 180
4 7 22 1 2 2 187
4 7 21 1 0 5 67
4 7 21 0 6 0 23
4 7 20 6 1 0 146
4 7 20 4 2 1 185
4 7 20 2 3 2 123
4 7 20 0 4 3 163
4 7 19 4 0 4 110
4 7 19 2 1 5 46
4 7 19 1 7 0 144
4 7 19 0 2 6 190
4 7 18 7 2 0 195
4 7 18 5 3 1 100
4 7 18 3 4 2 28
4 7 18 1 5 3 112
4 7 18 0 0 9 139
4 7 17 7 0 3 59
4 7 17 5 1 4 2
4 7 17 3 2 5 44
4 7 17 2 8 0 1
4 7 17 1 3 6 52
4 7 17 0 9 1 166
4 7 16 8 3 0 85
4 7 16 6 4 1 143
4 7 16 4 5 2 191
4 7 16 3 0 8 87
4 7 16 2 6 3 196
4 7 16 1 1 9 192
4 7 16 0 7 4 181
4 7 15 10 0 2 4
4 7 15 8 1 3 2
4 7 15 6 2 4 37
4 7 15 4 3 5 54
4 7 15 3 9 0 96
4 7 15 2 4 6 134
4 7 15 1 10 1 58
4 7 15 0 5 7 184
4 7 14 9 4 0 52
4 7 14 7 5 1 84
4 7 14 6 0 7 67
4 7 14 5 6 2 26
4 7 14 4 1 8 26
4 7 14 3 7 3 36
4 7 14 2 2 9 39
4 7 14 1 8 4 20
4 7 14 0 3 10 22
4 7 13 13 0 1 73
4 7 13 11 1 2 41
4 7 13 9 2 3 147
4 7 13 7 3 4 194
4 7 13 5 4 5 13
4 7 13 4 10 0 159
4 7 13 3 5 6 21
4 7 13 2 11 1 102
4 7 13 2 0 12 194
4 7 13 1 6 7 113
4 7 13 0 12 2 44
4 7 13 0 1 13 11
4 7 12 10 5 0 96
4 7 12 9 0 6 116
4 7 12 8 6 1 186
4 7 12 7 1 7 131
4 7 12 6 7 2 14
4 7 12 5 2 8 126
4 7 12 4 8 3 31
4 7 12 3 3 9 72
4 7 12 2 9 4 76
4 7 12 1 4 10 179
4 7 12 0 10 5 58
4 7 11 16 0 0 99
4 7 11 14 1 1 17
4 7 11 12 2 2 9
4 7 11 10 3 3 71
4 7 11 8 4 4 141
4 7 11 6 5 5 132
4 7 11 5 11 0 97
4 7 11 5 0 11 14
4 7 11 4 6 6 19
4 7 11 3 12 1 79
4 7 11 3 1 12 75
4 7 11 2 7 7 174
4 7 11 1 13 2 165
4 7 11 1 2 13 60
4 7 11 0 8 8 88
4 7 10 12 0 5 81
4 7 10 11 6 0 52
4 7 10 10 1 6 1
4 7 10 9 7 1 185
4 7 10 8 2 7 152
4 7 10 7 8 2 196
4 7 10 6 3 8 102
4 7 10 5 9 3 18
4 7 10 4 4 9 65
4 7 10 3 10 4 141
4 7 10 2 5 10 99
4 7 10 1 11 5 43
4 7 10 1 0 16 194
4 7 10 0 17 0 121
4 7 10 0 6 11 4
4 7 9 17 1 0 34
4 7 9 15 2 1 175
4 7 9 13 3 2 66
4 7 9 11 4 3 138
4 7 9 9 5 4 180
4 7 9 8 0 10 162
4 7 9 7 6 5 192
4 7 9 6 12 0 35
4 7 9 6 1 11 51
4 7 9 5 7 6 121
4 7 9 4 13 1 103
4 7 9 4 2 12 82
4 7 9 3 8 7 109
4 7 9 2 14 2 9
4 7 9 2 3 13 187
4 7 9 1 9 8 184
4 7 9 0 4 14 143
4 7 8 15 0 4 106
4 7 8 13 1 5 117
4 7 8 12 7 0 29
4 7 8 11 2 6 134
4 7 8 10 8 1 48
4 7 8 9 3 7 137
4 7 8 8 9 2 178
4 7 8 7 4 8 83
4 7 8 6 10 3 31
4 7 8 5 5 9 116
4 7 8 4 11 4 137
4 7 8 4 0 15 65
4 7 8 3 6 10 16
4 7 8 2 12 5 79
4 7 8 2 1 16 189
4 7 8 1 18 0 54
4 7 8 1 7 11 127
4 7 8 0 13 6 61
4 7 8 0 2 17 11
4 7 7 18 2 0 84
4 7 7 16 3 1 195
4 7 7 14 4 2 37
4 7 7 12 5 3 153
4 7 7 11 0 9 45
4 7 7 10 6 4 35
4 7 7 9 1 10 93
4 7 7 8 7 5 80
4 7 7 7 13 0 23
4 7 7 7 2 11 59
4 7 7 6 8 6 30
4 7 7 5 14 1 26
4 7 7 5 3 12 147
4 7 7 4 9 7 53
4 7 7 3 15 2 37
4 7 7 3 4 13 135
4 7 7 2 10 8 131
4 7 7 1 16 3 68
4 7 7 1 5 14 8
4 7 7 0 11 9 79
4 7 7 0 0 20 18
4 7 6 18 0 3 67
4 7 6 16 1 4 115
4 7 6 14 2 5 70
4 7 6 13 8 0 100
4 7 6 12 3 6 36
4 7 6 10 4 7 136
4 7 6 9 10 2 120
4 7 6 8 5 8 102
4 7 6 7 11 3 120
4 7 6 7 0 14 84
4 7 6 6 6 9 184
4 7 6 5 12 4 46
4 7 6 5 1 15 106
4 7 6 4 7 10 127
4 7 6 3 13 5 66
4 7 6 3 2 16 197
4 7 6 2 19 0 99
4 7 6 2 8 11 70
4 7 6 1 14 6 147
4 7 6 1 3 17 70
4 7 6 0 20 1 145
4 7 6 0 9 12 99
4 7 5 19 3 0 151
4 7 5 17 4 1 21
4 7 5 15 5 2 172
4 7 5 13 6 3 119
4 7 5 12 1 9 124
4 7 5 11 7 4 63
4 7 5 10 2 10 16
4 7 5 9 8 5 43
4 7 5 8 14 0 164
4 7 5 8 3 11 186
4 7 5 7 9 6 75
4 7 5 6 15 1 47
4 7 5 6 4 12 62
4 7 5 5 10 7 90
4 7 5 4 16 2 152
4 7 5 4 5 13 26
4 7 5 3 11 8 86
4 7 5 3 0 19 185
4 7 5 2 17 3 82
4 7 5 2 6 14 94
4 7 5 1 12 9 180
4 7 5 1 1 20 51
4 7 5 0 18 4 49
4 7 5 0 7 15 47
4 7 4 21 0 2 101
4 7 4 19 1 3 33
4 7 4 17 2 4 91
4 7 4 15 3 5 19
4 7 4 14 9 0 63
4 7 4 13 4 6 63
4 7 4 12 10 1 55
4 7 4 11 5 7 50
4 7 4 10 11 2 69
4 7 4 10 0 13 103
4 7 4 9 6 8 51
4 7 4 8 12 3 150
4 7 4 8 1 14 136
4 7 4 7 7 9 195
4 7 4 6 13 4 61
4 7 4 6 2 15 68
4 7 4 5 8 10 23
4 7 4 4 14 5 71
4 7 4 4 3 16 63
4 7 4 3 20 0 153
4 7 4 3 9 11 36
4 7 4 2 15 6 110
4 7 4 2 4 17 92
4 7 4 1 21 1 87
4 7 4 1 10 12 82
4 7 4 0 16 7 168
4 7 4 0 5 18 166
4 7 3 20 4 0 60
4 7 3 18 5 1 108
4 7 3 17 0 7 115
4 7 3 16 6 2 175
4 7 3 15 1 8 103
4 7 3 14 7 3 48
4 7 3 13 2 9 124
4 7 3 12 8 4 89
4 7 3 11 3 10 34
4 7 3 10 9 5 176
4 7 3 9 15 0 100
4 7 3 9 4 11 84
4 7 3 8 10 6 57
4 7 3 7 16 1 182
4 7 3 7 5 12 138
4 7 3 6 11 7 31
4 7 3 6 0 18 112
4 7 3 5 17 2 98
4 7 3 5 6 13 127
4 7 3 4 12 8 60
4 7 3 4 1 19 135
4 7 3 3 18 3 64
4 7 3 3 7 14 12
4 7 3 2 13 9 128
4 7 3 2 2 20 170
4 7 3 1 19 4 17
4 7 3 1 8 15 121
4 7 3 0 14 10 83
4 7 3 0 3 21 59
4 7 2 24 0 1 191
4 7 2 22 1 2 126
4 7 2 20 2 3 57
4 7 2 18 3 4 24
4 7 2 16 4 5 179
4 7 2 15 10 0 71
4 7 2 14 5 6 125
4 7 2 13 11 1 143
4 7 2 13 0 12 29
4 7 2 12 6 7 3
4 7 2 11 12 2 71
4 7 2 11 1 13 59
4 7 2 10 7 8 161
4 7 2 9 13 3 130
4 7 2 9 2 14 146
4 7 2 8 8 9 19
4 7 2 7 14 4 28
4 7 2 7 3 15 5
4 7 2 6 9 10 14
4 7 2 5 15 5 107
4 7 2 5 4 16 108
4 7 2 4 21 0 142
4 7 2 4 10 11 177
4 7 2 3 5 17 118
4 7 2 2 22 1 4
4 7 2 2 11 12 184
4 7 2 2 0 23 124
4 7 2 1 17 7 60
4 7 2 1 6 18 64
4 7 2 0 23 2 71
4 7 2 0 12 13 63
4 7 2 0 1 24 149
4 7 1 21 5 0 165
4 7 1 20 0 6 157
4 7 1 19 6 1 42
4 7 1 18 1 7 159
4 7 1 17 7 2 7
4 7 1 16 2 8 181
4 7 1 15 8 3 143
4 7 1 14 3 9 40
4 7 1 13 9 4 134
4 7 1 12 4 10 17
4 7 1 11 10 5 172
4 7 1 10 16 0 17
4 7 1 10 5 11 133
4 7 1 9 11 6 144
4 7 1 9 0 17 17
4 7 1 8 17 1 167
4 7 1 8 6 12 194
4 7 1 7 12 7 69
4 7 1 7 1 18 6
4 7 1 6 18 2 7
4 7 1 6 7 13 23
4 7 1 5 13 8 1
4 7 1 5 2 19 103
4 7 1 4 19 3 128
4 7 1 4 8 14 71
4 7 1 3 14 9 94
4 7 1 3 3 20 3
4 7 1 2 20 4 76
4 7 1 2 9 15 70
4 7 1 1 15 10 64
4 7 1 1 4 21 7
4 7 1 0 21 5 51
4 7 1 0 10 16 156
4 7 0 27 0 0 142
4 7 0 25 1 1 119
4 7 0 23 2 2 94
4 7 0 21 3 3 96
4 7 0 19 4 4 23
4 7 0 17 5 5 34
4 7 0 16 11 0 98
4 7 0 16 0 11 15
4 7 0 15 6 6 16
4 7 0 14 12 1 29
4 7 0 14 1 12 103
4 7 0 13 7 7 178
4 7 0 12 13 2 32
4 7 0 12 2 13 148
4 7 0 11 8 8 191
4 7 0 10 14 3 83
4 7 0 10 3 14 33
4 7 0 9 9 9 122
4 7 0 8 15 4 77
4 7 0 8 4 15 138
4 7 0 7 10 10 109
4 7 0 6 16 5 185
4 7 0 6 5 16 98
4 7 0 5 22 0 188
4 7 0 5 11 11 43
4 7 0 5 0 22 25
4 7 0 4 17 6 9
4 7 0 4 6 17 74
4 7 0 3 23 1 171
4 7 0 3 12 12 105
4 7 0 3 1 23 156
4 7 0 2 18 7 35
4 7 0 2 7 18 68
4 7 0 1 24 2 150
4 7 0 1 13 13 145
4 7 0 1 2 24 115
4 7 0 0 19 8 65
4 7 0 0 8 19 172
4 6 28 0 0 0 94
4 6 26 1 1 0 158
4 6 24 2 2 0 114
4 6 24 0 3 1 49
4 6 23 2 0 3 121
4 6 23 0 1 4 76
4 6 22 3 3 0 68
4 6 22 1 4 1 47
4 6 21 5 0 2 30
4 6 21 3 1 3 142
4 6 21 1 2 4 3
4 6 20 4 4 0 114
4 6 20 2 5 1 17
4 6 20 1 0 7 72
4 6 20 0 6 2 160
4 6 19 8 0 1 41
4 6 19 6 1 2 12
4 6 19 4 2 3 69
4 6 19 2 3 4 182
4 6 19 0 4 5 47
4 6 18 5 5 0 40
4 6 18 4 0 6 144
4 6 18 3 6 1 82
4 6 18 2 1 7 110
4 6 18 1 7 2 16
4 6 18 0 2 8 42
4 6 17 11 0 0 93
4 6 17 9 1 1 42
4 6 17 7 2 2 20
4 6 17 5 3 3 20
4 6 17 3 4 4 58
4 6 17 1 5 5 177
4 6 17 0 11 0 12
4 6 17 0 0 11 67
4 6 16 7 0 5 134
4 6 16 6 6 0 2
4 6 16 5 1 6 23
4 6 16 4 7 1 31
4 6 16 3 2 7 35
4 6 16 2 8 2 27
4 6 16 1 3 8 92
4 6 16 0 9 3 80
4 6 15 12 1 0 13
4 6 15 10 2 1 58
4 6 15 8 3 2 16
4 6 15 6 4 3 62
4 6 15 4 5 4 138
4 6 15 3 0 10 38
4 6 15 2 6 5 77
4 6 15 1 12 0 50
4 6 15 1 1 11 196
4 6 15 0 7 6 87
4 6 14 10 0 4 2
4 6 14 8 1 5 36
4 6 14 7 7 0 123
4 6 14 6 2 6 190
4 6 14 5 8 1 85
4 6 14 4 3 7 196
4 6 14 3 9 2 40
4 6 14 2 4 8 185
4 6 14 1 10 3 9
4 6 14 0 5 9 69
4 6 13 13 2 0 55
4 6 13 11 3 1 25
4 6 13 9 4 2 104
4 6 13 7 5 3 123
4 6 13 6 0 9 142
4 6 13 5 6 4 174
4 6 13 4 1 10 37
4 6 13 3 7 5 131
4 6 13 2 13 0 193
4 6 13 2 2 11 161
4 6 13 1 8 6 126
4 6 13 0 14 1 48
4 6 13 0 3 12 11
4 6 12 13 0 3 67
4 6 12 11 1 4 105
4 6 12 9 2 5 160
4 6 12 8 8 0 196
4 6 12 7 3 6 91
4 6 12 6 9 1 78
4 6 12 5 4 7 89
4 6 12 4 10 2 194
4 6 12 3 5 8 105
4 6 12 2 11 3 39
4 6 12 2 0 14 150
4 6 12 1 6 9 64
4 6 12 0 12 4 62
4 6 12 0 1 15 59
4 6 11 14 3 0 138
4 6 11 12 4 1 32
4 6 11 10 5 2 188
4 6 11 9 0 8 12
4 6 11 8 6 3 70
4 6 11 7 1 9 45
4 6 11 6 7 4 95
4 6 11 5 2 10 186
4 6 11 4 8 5 141
4 6 11 3 14 0 71
4 6 11 3 3 11 70
4 6 11 2 9 6 183
4 6 11 1 15 1 100
4 6 11 1 4 12 70
4 6 11 0 10 7 141
4 6 10 16 0 2 48
4 6 10 14 1 3 187
4 6 10 12 2 4 76
4 6 10 10 3 5 83
4 6 10 9 9 0 194
4 6 10 8 4 6 101
4 6 10 7 10 1 35
4 6 10 6 5 7 34
4 6 10 5 11 2 182
4 6 10 5 0 13 191
4 6 10 4 6 8 2
4 6 10 3 12 3 153
4 6 10 3 1 14 30
4 6 10 2 7 9 172
4 6 10 1 13 4 89
4 6 10 1 2 15 48
4 6 10 0 8 10 99
4 6 9 15 4 0 166
4 6 9 13 5 1 42
4 6 9 12 0 7 173
4 6 9 11 6 2 84
4 6 9 10 1 8 16
4 6 9 9 7 3 115
4 6 9 8 2 9 63
4 6 9 7 8 4 9
4 6 9 6 3 10 164
4 6 9 5 9 5 84
4 6 9 4 15 0 132
4 6 9 4 4 11 19
4 6 9 3 10 6 82
4 6 9 2 16 1 162
4 6 9 2 5 12 167
4 6 9 1 11 7 18
4 6 9 1 0 18 115
4 6 9 0 17 2 135
4 6 9 0 6 13 51
4 6 8 19 0 1 134
4 6 8 17 1 2 43
4 6 8 15 2 3 197
4 6 8 13 3 4 121
4 6 8 11 4 5 172
4 6 8 10 10 0 34
4 6 8 9 5 6 25
4 6 8 8 11 1 20
4 6 8 8 0 12 63
4 6 8 7 6 7 32
4 6 8 6 12 2 40
4 6 8 6 1 13 140
4 6 8 5 7 8 166
4 6 8 4 13 3 12
4 6 8 4 2 14 95
4 6 8 3 8 9 69
4 6 8 2 14 4 49
4 6 8 2 3 15 132
4 6 8 1 9 10 106
4 6 8 0 15 5 53
4 6 8 0 4 16 118
4 6 7 16 5 0 84
4 6 7 15 0 6 3
4 6 7 14 6 1 31
4 6 7 13 1 7 18
4 6 7 12 7 2 17
4 6 7 11 2 8 122
4 6 7 10 8 3 42
4 6 7 9 3 9 152
4 6 7 8 9 4 195
4 6 7 7 4 10 47
4 6 7 6 10 5 162
4 6 7 5 16 0 157
4 6 7 5 5 11 197
4 6 7 4 11 6 195
4 6 7 4 0 17 171
4 6 7 3 17 1 60
4 6 7 3 6 12 127
4 6 7 2 12 7 60
4 6 7 2 1 18 118
4 6 7 1 18 2 120
4 6 7 1 7 13 79
4 6 7 0 13 8 156
4 6 7 0 2 19 90
4 6 6 22 0 0 190
4 6 6 20 1 1 130
4 6 6 18 2 2 160
4 6 6 16 3 3 87
4 6 6 14 4 4 150
4 6 6 12 5 5 65
4 6 6 11 11 0 54
4 6 6 11 0 11 189
4 6 6 10 6 6 118
4 6 6 9 12 1 182
4 6 6 9 1 12 43
4 6 6 8 7 7 193
4 6 6 7 13 2 41
4 6 6 7 2 13 3
4 6 6 6 8 8 17
4 6 6 5 14 3 67
4 6 6 5 3 14 123
4 6 6 4 9 9 144
4 6 6 3 15 4 130
4 6 6 3 4 15 7
4 6 6 2 10 10 59
4 6 6 1 16 5 25
4 6 6 1 5 16 43
4 6 6 0 22 0 174
4 6 6 0 11 11 125
4 6 6 0 0 22 89
4 6 5 18 0 5 163
4 6 5 17 6 0 144
4 6 5 16 1 6 123
4 6 5 15 7 1 159
4 6 5 14 2 7 45
4 6 5 13 8 2 109
4 6 5 12 3 8 157
4 6 5 11 9 3 33
4 6 5 10 4 9 54
4 6 5 9 10 4 100
4 6 5 8 5 10 59
4 6 5 7 11 5 6
4 6 5 7 0 16 76
4 6 5 6 17 0 172
4 6 5 6 6 11 158
4 6 5 5 12 6 104
4 6 5 5 1 17 180
4 6 5 4 18 1 128
4 6 5 4 7 12 75
4 6 5 3 13 7 13
4 6 5 3 2 18 73
4 6 5 2 19 2 29
4 6 5 2 8 13 84
4 6 5 1 14 8 33
4 6 5 1 3 19 43
4 6 5 0 20 3 165
4 6 5 0 9 14 58
4 6 4 23 1 0 85
4 6 4 21 2 1 141
4 6 4 19 3 2 105
4 6 4 17 4 3 64
4 6 4 15 5 4 13
4 6 4 14 0 10 179
4 6 4 13 6 5 80
4 6 4 12 12 0 116
4 6 4 12 1 11 8
4 6 4 11 7 6 16
4 6 4 10 13 1 136
4 6 4 10 2 12 115
4 6 4 9 8 7 114
4 6 4 8 14 2 54
4 6 4 8 3 13 78
4 6 4 7 9 8 158
4 6 4 6 15 3 187
4 6 4 6 4 14 125
4 6 4 5 10 9 32
4 6 4 4 16 4 52
4 6 4 4 5 15 134
4 6 4 3 11 10 108
4 6 4 3 0 21 130
4 6 4 2 17 5 70
4 6 4 2 6 16 166
4 6 4 1 23 0 145
4 6 4 1 12 11 28
4 6 4 1 1 22 118
4 6 4 0 18 6 118
4 6 4 0 7 17 63
4 6 3 21 0 4 29
4 6 3 19 1 5 76
4 6 3 18 7 0 171
4 6 3 17 2 6 24
4 6 3 16 8 1 20
4 6 3 15 3 7 36
4 6 3 14 9 2 58
4 6 3 13 4 8 177
4 6 3 12 10 3 16
4 6 3 11 5 9 149
4 6 3 10 11 4 54
4 6 3 10 0 15 116
4 6 3 9 6 10 44
4 6 3 8 12 5 16
4 6 3 8 1 16 49
4 6 3 7 18 0 36
4 6 3 7 7 11 27
4 6 3 6 13 6 152
4 6 3 6 2 17 166
4 6 3 5 19 1 125
4 6 3 5 8 12 56
4 6 3 4 14 7 183
4 6 3 4 3 18 179
4 6 3 3 20 2 35
4 6 3 3 9 13 179
4 6 3 2 15 8 3
4 6 3 2 4 19 124
4 6 3 1 21 3 188
4 6 3 1 10 14 65
4 6 3 0 16 9 134
4 6 3 0 5 20 174
4 6 2 24 2 0 161
4 6 2 22 3 1 154
4 6 2 20 4 2 153
4 6 2 18 5 3 82
4 6 2 17 0 9 60
4 6 2 16 6 4 29
4 6 2 15 1 10 89
4 6 2 14 7 5 111
4 6 2 13 13 0 123
4 6 2 13 2 11 43
4 6 2 12 8 6 84
4 6 2 11 14 1 43
4 6 2 11 3 12 19
4 6 2 10 9 7 186
4 6 2 9 15 2 3
4 6 2 9 4 13 84
4 6 2 8 10 8 25
4 6 2 7 16 3 89
4 6 2 7 5 14 95
4 6 2 6 11 9 10
4 6 2 6 0 20 194
4 6 2 5 17 4 159
4 6 2 5 6 15 52
4 6 2 4 12 10 2
4 6 2 4 1 21 28
4 6 2 3 18 5 153
4 6 2 3 7 16 28
4 6 2 2 24 0 185
4 6 2 2 13 11 109
4 6 2 2 2 22 119
4 6 2 1 19 6 127
4 6 2 1 8 17 49
4 6 2 0 25 1 78
4 6 2 0 14 12 185
4 6 2 0 3 23 155
4 6 1 24 0 3 93
4 6 1 22 1 4 13
4 6 1 20 2 5 98
4 6 1 19 8 0 96
4 6 1 18 3 6 152
4 6 1 17 9 1 171
4 6 1 16 4 7 69
4 6 1 15 10 2 34
4 6 1 14 5 8 40
4 6 1 13 11 3 12
4 6 1 13 0 14 80
4 6 1 12 6 9 58
4 6 1 11 12 4 86
4 6 1 11 1 15 99
4 6 1 10 7 10 58
4 6 1 9 13 5 50
4 6 1 9 2 16 116
4 6 1 8 19 0 108
4 6 1 8 8 11 184
4 6 1 7 14 6 2
4 6 1 7 3 17 43
4 6 1 6 20 1 30
4 6 1 6 9 12 152
4 6 1 5 15 7 122
4 6 1 5 4 18 152
4 6 1 4 21 2 111
4 6 1 4 10 13 172
4 6 1 3 16 8 139
4 6 1 3 5 19 55
4 6 1 2 22 3 124
4 6 1 2 11 14 85
4 6 1 2 0 25 147
4 6 1 1 17 9 126
4 6 1 1 6 20 36
4 6 1 0 23 4 160
4 6 1 0 12 15 1
4 6 1 0 1 26 108
4 6 0 25 3 0 35
4 6 0 23 4 1 51
4 6 0 21 5 2 20
4 6 0 20 0 8 158
4 6 0 19 6 3 141
4 6 0 18 1 9 117
4 6 0 17 7 4 26
4 6 0 16 2 10 175
4 6 0 15 8 5 161
4 6 0 14 14 0 149
4 6 0 14 3 11 187
4 6 0 13 9 6 6
4 6 0 12 15 1 179
4 6 0 12 4 12 126
4 6 0 11 10 7 5
4 6 0 10 16 2 164
4 6 0 10 5 13 148
4 6 0 9 11 8 178
4 6 0 9 0 19 87
4 6 0 8 17 3 151
4 6 0 8 6 14 176
4 6 0 7 12 9 47
4 6 0 7 1 20 95
4 6 0 6 18 4 135
4 6 0 6 7 15 37
4 6 0 5 13 10 145
4 6 0 5 2 21 21
4 6 0 4 19 5 104
4 6 0 4 8 16 162
4 6 0 3 25 0 74
4 6 0 3 14 11 26
4 6 0 3 3 22 82
4 6 0 2 20 6 34
4 6 0 2 9 17 70
4 6 0 1 26 1 20
4 6 0 1 15 12 40
4 6 0 1 4 23 161
4 6 0 0 21 7 131
4 6 0 0 10 18 23
4 5 27 0 0 2 174
4 5 25 3 0 1 65
4 5 25 1 1 2 174
4 5 24 0 5 0 17
4 5 23 6 0 0 195
4 5 23 4 1 1 194
4 5 23 2 2 2 129
4 5 23 0 3 3 63
4 5 22 2 0 5 99
4 5 22 1 6 0 1
4 5 22 0 1 6 93
4 5 21 7 1 0 34
4 5 21 5 2 1 89
4 5 21 3 3 2 55
4 5 21 1 4 3 27
4 5 20 5 0 4 41
4 5 20 3 1 5 26
4 5 20 2 7 0 191
4 5 20 1 2 6 190
4 5 20 0 8 1 186
4 5 19 8 2 0 31
4 5 19 6 3 1 163
4 5 19 4 4 2 182
4 5 19 2 5 3 132
4 5 19 1 0 9 107
4 5 19 0 6 4 115
4 5 18 8 0 3 184
4 5 18 6 1 4 45
4 5 18 4 2 5 69
4 5 18 3 8 0 127
4 5 18 2 3 6 160
4 5 18 1 9 1 28
4 5 18 0 4 7 34
4 5 17 9 3 0 99
4 5 17 7 4 1 79
4 5 17 5 5 2 158
4 5 17 4 0 8 8
4 5 17 3 6 3 112
4 5 17 2 1 9 6
4 5 17 1 7 4 71
4 5 17 0 2 10 82
4 5 16 11 0 2 13
4 5 16 9 1 3 145
4 5 16 7 2 4 151
4 5 16 5 3 5 83
4 5 16 4 9 0 78
4 5 16 3 4 6 169
4 5 16 2 10 1 111
4 5 16 1 5 7 77
4 5 16 0 11 2 101
4 5 16 0 0 13 31
4 5 15 10 4 0 198
4 5 15 8 5 1 84
4 5 15 7 0 7 101
4 5 15 6 6 2 188
4 5 15 5 1 8 29
4 5 15 4 7 3 173
4 5 15 3 2 9 143
4 5 15 2 8 4 137
4 5 15 1 3 10 6
4 5 15 0 9 5 134
4 5 14 14 0 1 42
4 5 14 12 1 2 76
4 5 14 10 2 3 105
4 5 14 8 3 4 32
4 5 14 6 4 5 31
4 5 14 5 10 0 176
4 5 14 4 5 6 137
4 5 14 3 11 1 188
4 5 14 3 0 12 107
4 5 14 2 6 7 144
4 5 14 1 12 2 142
4 5 14 1 1 13 61
4 5 14 0 7 8 3
4 5 13 11 5 0 16
4 5 13 10 0 6 85
4 5 13 9 6 1 44
4 5 13 8 1 7 185
4 5 13 7 7 2 23
4 5 13 6 2 8 175
4 5 13 5 8 3 111
4 5 13 4 3 9 188
4 5 13 3 9 4 130
4 5 13 2 4 10 56
4 5 13 1 10 5 99
4 5 13 0 16 0 67
4 5 13 0 5 11 96
4 5 12 17 0 0 148
4 5 12 15 1 1 102
4 5 12 13 2 2 133
4 5 12 11 3 3 145
4 5 12 9 4 4 139
4 5 12 7 5 5 66
4 5 12 6 11 0 120
4 5 12 6 0 11 34
4 5 12 5 6 6 110
4 5 12 4 12 1 56
4 5 12 4 1 12 52
4 5 12 3 7 7 168
4 5 12 2 13 2 198
4 5 12 2 2 13 90
4 5 12 1 8 8 34
4 5 12 0 14 3 68
4 5 12 0 3 14 47
4 5 11 13 0 5 99
4 5 11 12 6 0 170
4 5 11 11 1 6 130
4 5 11 10 7 1 86
4 5 11 9 2 7 11
4 5 11 8 8 2 90
4 5 11 7 3 8 192
4 5 11 6 9 3 20
4 5 11 5 4 9 94
4 5 11 4 10 4 121
4 5 11 3 5 10 106
4 5 11 2 11 5 137
4 5 11 2 0 16 106
4 5 11 1 17 0 163
4 5 11 1 6 11 73
4 5 11 0 12 6 83
4 5 11 0 1 17 163
4 5 10 18 1 0 30
4 5 10 16 2 1 25
4 5 10 14 3 2 25
4 5 10 12 4 3 31
4 5 10 10 5 4 57
4 5 10 9 0 10 60
4 5 10 8 6 5 69
4 5 10 7 12 0 10
4 5 10 7 1 11 17
4 5 10 6 7 6 111
4 5 10 5 13 1 148
4 5 10 5 2 12 86
4 5 10 4 8 7 171
4 5 10 3 14 2 23
4 5 10 3 3 13 103
4 5 10 2 9 8 129
4 5 10 1 15 3 46
4 5 10 1 4 14 75
4 5 10 0 10 9 120
4 5 9 16 0 4 171
4 5 9 14 1 5 76
4 5 9 13 7 0 107
4 5 9 12 2 6 109
4 5 9 11 8 1 97
4 5 9 10 3 7 107
4 5 9 9 9 2 7
4 5 9 8 4 8 189
4 5 9 7 10 3 184
4 5 9 6 5 9 171
4 5 9 5 11 4 139
4 5 9 5 0 15 183
4 5 9 4 6 10 30
4 5 9 3 12 5 192
4 5 9 3 1 16 129
4 5 9 2 18 0 150
4 5 9 2 7 11 180
4 5 9 1 13 6 186
4 5 9 1 2 17 60
4 5 9 0 19 1 36
4 5 9 0 8 12 77
4 5 8 17 3 1 92
4 5 8 15 4 2 35
4 5 8 13 5 3 119
4 5 8 12 0 9 66
4 5 8 11 6 4 195
4 5 8 10 1 10 161
4 5 8 9 7 5 135
4 5 8 8 13 0 132
4 5 8 8 2 11 80
4 5 8 7 8 6 119
4 5 8 6 14 1 79
4 5 8 6 3 12 42
4 5 8 5 9 7 48
4 5 8 4 15 2 119
4 5 8 4 4 13 177
4 5 8 3 10 8 46
4 5 8 2 16 3 23
4 5 8 2 5 14 42
4 5 8 1 11 9 76
4 5 8 1 0 20 119
4 5 8 0 17 4 108
4 5 8 0 6 15 162
4 5 7 19 0 3 114
4 5 7 17 1 4 126
4 5 7 15 2 5 105
4 5 7 14 8 0 68
4 5 7 13 3 6 80
4 5 7 12 9 1 25
4 5 7 11 4 7 122
4 5 7 10 10 2 180
4 5 7 9 5 8 178
4 5 7 8 11 3 36
4 5 7 8 0 14 50
4 5 7 7 6 9 9
4 5 7 6 12 4 185
4 5 7 6 1 15 68
4 5 7 5 7 10 197
4 5 7 4 13 5 105
4 5 7 4 2 16 15
4 5 7 3 19 0 28
4 5 7 3 8 11 142
4 5 7 2 14 6 1
4 5 7 1 20 1 23
4 5 7 1 9 12 31
4 5 7 0 15 7 111
4 5 7 0 4 18 119
4 5 6 20 3 0 79
4 5 6 18 4 1 155
4 5 6 16 5 2 117
4 5 6 15 0 8 113
4 5 6 14 6 3 126
4 5 6 13 1 9 143
4 5 6 12 7 4 67
4 5 6 11 2 10 167
4 5 6 10 8 5 14
4 5 6 9 14 0 139
4 5 6 9 3 11 76
4 5 6 8 9 6 27
4 5 6 7 15 1 163
4 5 6 7 4 12 38
4 5 6 6 10 7 23
4 5 6 5 16 2 1
4 5 6 5 5 13 82
4 5 6 4 11 8 182
4 5 6 4 0 19 196
4 5 6 3 17 3 162
4 5 6 3 6 14 152
4 5 6 2 12 9 124
4 5 6 2 1 20 13
4 5 6 1 18 4 5
4 5 6 1 7 15 146
4 5 6 0 13 10 28
4 5 6 0 2 21 68
4 5 5 22 0 2 103
4 5 5 20 1 3 129
4 5 5 18 2 4 5
4 5 5 16 3 5 172
4 5 5 15 9 0 15
4 5 5 14 4 6 22
4 5 5 13 10 1 52
4 5 5 12 5 7 52
4 5 5 11 11 2 181
4 5 5 11 0 13 110
4 5 5 10 6 8 91
4 5 5 9 12 3 157
4 5 5 9 1 14 104
4 5 5 8 7 9 77
4 5 5 7 13 4 53
4 5 5 7 2 15 13
4 5 5 6 8 10 134
4 5 5 5 14 5 9
4 5 5 5 3 16 161
4 5 5 4 20 0 75
4 5 5 4 9 11 20
4 5 5 3 15 6 6
4 5 5 3 4 17 96
4 5 5 2 21 1 122
4 5 5 2 10 12 22
4 5 5 1 16 7 71
4 5 5 1 5 18 113
4 5 5 0 22 2 145
4 5 5 0 11 13 31
4 5 5 0 0 24 82
4 5 4 21 4 0 125
4 5 4 19 5 1 191
4 5 4 18 0 7 103
4 5 4 17 6 2 84
4 5 4 16 1 8 50
4 5 4 15 7 3 67
4 5 4 14 2 9 54
4 5 4 13 8 4 94
4 5 4 12 3 10 109
4 5 4 11 9 5 25
4 5 4 10 15 0 155
4 5 4 10 4 11 65
4 5 4 9 10 6 45
4 5 4 8 16 1 64
4 5 4 8 5 12 195
4 5 4 7 11 7 148
4 5 4 7 0 18 47
4 5 4 6 17 2 24
4 5 4 6 6 13 26
4 5 4 5 12 8 76
4 5 4 5 1 19 167
4 5 4 4 18 3 53
4 5 4 4 7 14 16
4 5 4 3 13 9 48
4 5 4 3 2 20 78
4 5 4 2 19 4 93
4 5 4 2 8 15 102
4 5 4 1 14 10 150
4 5 4 1 3 21 144
4 5 4 0 20 5 54
4 5 4 0 9 16 105
4 5 3 25 0 1 54
4 5 3 23 1 2 115
4 5 3 21 2 3 143
4 5 3 19 3 4 104
4 5 3 17 4 5 100
4 5 3 16 10 0 131
4 5 3 15 5 6 41
4 5 3 14 11 1 33
4 5 3 14 0 12 136
4 5 3 13 6 7 7
4 5 3 12 12 2 48
4 5 3 12 1 13 155
4 5 3 11 7 8 59
4 5 3 10 13 3 56
4 5 3 10 2 14 159
4 5 3 9 8 9 49
4 5 3 8 14 4 78
4 5 3 8 3 15 9
4 5 3 7 9 10 23
4 5 3 6 15 5 142
4 5 3 6 4 16 109
4 5 3 5 21 0 37
4 5 3 5 10 11 18
4 5 3 4 16 6 52
4 5 3 4 5 17 164
4 5 3 3 22 1 168
4 5 3 3 11 12 160
4 5 3 3 0 23 6
4 5 3 2 17 7 116
4 5 3 2 6 18 5
4 5 3 1 23 2 21
4 5 3 1 12 13 182
4 5 3 1 1 24 117
4 5 3 0 18 8 140
4 5 3 0 7 19 43
4 5 2 22 5 0 165
4 5 2 21 0 6 82
4 5 2 20 6 1 61
4 5 2 19 1 7 73
4 5 2 18 7 2 11
4 5 2 17 2 8 26
4 5 2 16 8 3 190
4 5 2 15 3 9 76
4 5 2 14 9 4 176
4 5 2 13 4 10 170
4 5 2 12 10 5 71
4 5 2 11 16 0 126
4 5 2 11 5 11 186
4 5 2 10 11 6 195
4 5 2 10 0 17 18
4 5 2 9 17 1 151
4 5 2 9 6 12 92
4 5 2 8 12 7 32
4 5 2 8 1 18 114
4 5 2 7 18 2 15
4 5 2 7 7 13 34
4 5 2 6 13 8 151
4 5 2 6 2 19 126
4 5 2 5 19 3 57
4 5 2 5 8 14 105
4 5 2 4 14 9 126
4 5 2 4 3 20 79
4 5 2 3 20 4 100
4 5 2 3 9 15 76
4 5 2 2 15 10 59
4 5 2 2 4 21 19
4 5 2 1 21 5 8
4 5 2 1 10 16 65
4 5 2 0 27 0 76
4 5 2 0 16 11 30
4 5 2 0 5 22 45
4 5 1 28 0 0 87
4 5 1 26 1 1 77
4 5 1 24 2 2 74
4 5 1 22 3 3 143
4 5 1 20 4 4 173
4 5 1 18 5 5 161
4 5 1 17 11 0 54
4 5 1 17 0 11 110
4 5 1 16 6 6 86
4 5 1 15 12 1 81
4 5 1 15 1 12 185
4 5 1 14 7 7 55
4 5 1 13 13 2 156
4 5 1 13 2 13 72
4 5 1 12 8 8 57
4 5 1 11 14 3 37
4 5 1 11 3 14 156
4 5 1 10 9 9 160
4 5 1 9 15 4 95
4 5 1 9 4 15 85
4 5 1 8 10 10 177
4 5 1 7 16 5 169
4 5 1 7 5 16 109
4 5 1 6 22 0 106
4 5 1 6 11 11 100
4 5 1 6 0 22 189
4 5 1 5 17 6 24
4 5 1 5 6 17 3
4 5 1 4 23 1 129
4 5 1 4 12 12 99
4 5 1 4 1 23 40
4 5 1 3 18 7 38
4 5 1 3 7 18 104
4 5 1 2 24 2 45
4 5 1 2 13 13 127
4 5 1 2 2 24 113
4 5 1 1 19 8 198
4 5 1 1 8 19 47
4 5 1 0 25 3 141
4 5 1 0 14 14 58
4 5 1 0 3 25 69
4 5 0 24 0 5 147
4 5 0 23 6 0 55
4 5 0 22 1 6 143
4 5 0 21 7 1 100
4 5 0 20 2 7 193
4 5 0 19 8 2 29
4 5 0 18 3 8 33
4 5 0 17 9 3 50
4 5 0 16 4 9 63
4 5 0 15 10 4 11
4 5 0 14 5 10 87
4 5 0 13 11 5 82
4 5 0 13 0 16 139
4 5 0 12 17 0 126
4 5 0 12 6 11 157
4 5 0 11 12 6 129
4 5 0 11 1 17 14
4 5 0 10 18 1 12
4 5 0 10 7 12 117
4 5 0 9 13 7 156
4 5 0 9 2 18 42
4 5 0 8 19 2 5
4 5 0 8 8 13 85
4 5 0 7 14 8 115
4 5 0 7 3 19 32
4 5 0 6 20 3 80
4 5 0 6 9 14 100
4 5 0 5 15 9 4
4 5 0 5 4 20 17
4 5 0 4 21 4 114
4 5 0 4 10 15 161
4 5 0 3 16 10 55
4 5 0 3 5 21 25
4 5 0 2 22 5 96
4 5 0 2 11 16 70
4 5 0 2 0 27 165
4 5 0 1 28 0 28
4 5 0 1 17 11 86
4 5 0 1 6 22 112
4 5 0 0 23 6 161
4 5 0 0 12 17 188
4 5 0 0 1 28 154
4 4 29 1 0 0 122
4 4 27 2 1 0 36
4 4 27 0 2 1 153
4 4 26 0 0 4 195
4 4 25 3 2 0 62
4 4 25 1 3 1 115
4 4 24 3 0 3 36
4 4 24 1 1 4 23
4 4 23 4 3 0 188
4 4 23 2 4 1 118
4 4 23 0 5 2 7
4 4 22 6 0 2 20
4 4 22 4 1 3 19
4 4 22 2 2 4 23
4 4 22 0 3 5 127
4 4 21 5 4 0 2
4 4 21 3 5 1 115
4 4 21 2 0 7 140
4 4 21 1 6 2 193
4 4 21 0 1 8 60
4 4 20 9 0 1 187
4 4 20 7 1 2 131
4 4 20 5 2 3 44
4 4 20 3 3 4 1
4 4 20 1 4 5 77
4 4 20 0 10 0 103
4 4 19 6 5 0 177
4 4 19 5 0 6 114
4 4 19 4 6 1 129
4 4 19 3 1 7 126
4 4 19 2 7 2 75
4 4 19 1 2 8 145
4 4 19 0 8 3 173
4 4 18 12 0 0 50
4 4 18 10 1 1 80
4 4 18 8 2 2 88
4 4 18 6 3 3 50
4 4 18 4 4 4 29
4 4 18 2 5 5 107
4 4 18 1 11 0 80
4 4 18 1 0 11 57
4 4 18 0 6 6 151
4 4 17 8 0 5 1
4 4 17 7 6 0 41
4 4 17 6 1 6 151
4 4 17 5 7 1 86
4 4 17 4 2 7 42
4 4 17 3 8 2 168
4 4 17 2 3 8 42
4 4 17 1 9 3 64
4 4 17 0 4 9 82
4 4 16 13 1 0 158
4 4 16 11 2 1 117
4 4 16 9 3 2 73
4 4 16 7 4 3 13
4 4 16 5 5 4 17
4 4 16 4 0 10 29
4 4 16 3 6 5 6
4 4 16 2 12 0 16
4 4 16 2 1 11 95
4 4 16 1 7 6 91
4 4 16 0 13 1 38
4 4 16 0 2 12 39
4 4 15 11 0 4 118
4 4 15 9 1 5 107
4 4 15 8 7 0 51
4 4 15 7 2 6 65
4 4 15 6 8 1 71
4 4 15 5 3 7 144
4 4 15 4 9 2 187
4 4 15 3 4 8 164
4 4 15 2 10 3 119
4 4 15 1 5 9 102
4 4 15 0 11 4 120
4 4 15 0 0 15 20
4 4 14 14 2 0 189
4 4 14 12 3 1 22
4 4 14 10 4 2 128
4 4 14 8 5 3 97
4 4 14 7 0 9 173
4 4 14 6 6 4 43
4 4 14 5 1 10 75
4 4 14 4 7 5 41
4 4 14 3 13 0 193
4 4 14 3 2 11 69
4 4 14 2 8 6 127
4 4 14 1 14 1 152
4 4 14 1 3 12 20
4 4 14 0 9 7 22
4 4 13 14 0 3 118
4 4 13 12 1 4 131
4 4 13 10 2 5 161
4 4 13 9 8 0 10
4 4 13 8 3 6 16
4 4 13 7 9 1 75
4 4 13 6 4 7 89
4 4 13 5 10 2 56
4 4 13 4 5 8 37
4 4 13 3 11 3 76
4 4 13 3 0 14 49
4 4 13 2 6 9 67
4 4 13 1 12 4 15
4 4 13 1 1 15 8
4 4 13 0 7 10 98
4 4 12 15 3 0 93
4 4 12 13 4 1 51
4 4 12 11 5 2 83
4 4 12 10 0 8 87
4 4 12 9 6 3 157
4 4 12 8 1 9 56
4 4 12 7 7 4 82
4 4 12 6 2 10 11
4 4 12 5 8 5 29
4 4 12 4 14 0 176
4 4 12 4 3 11 135
4 4 12 3 9 6 94
4 4 12 2 15 1 140
4 4 12 2 4 12 45
4 4 12 1 10 7 146
4 4 12 0 16 2 144
4 4 12 0 5 13 8
4 4 11 17 0 2 104
4 4 11 15 1 3 131
4 4 11 13 2 4 12
4 4 11 11 3 5 96
4 4 11 10 9 0 69
4 4 11 9 4 6 11
4 4 11 8 10 1 10
4 4 11 7 5 7 4
4 4 11 6 11 2 197
4 4 11 6 0 13 18
4 4 11 5 6 8 92
4 4 11 4 12 3 102
4 4 11 4 1 14 118
4 4 11 3 7 9 85
4 4 11 2 13 4 168
4 4 11 2 2 15 55
4 4 11 1 8 10 36
4 4 11 0 14 5 171
4 4 11 0 3 16 12
4 4 10 16 4 0 133
4 4 10 14 5 1 99
4 4 10 13 0 7 109
4 4 10 12 6 2 121
4 4 10 11 1 8 147
4 4 10 10 7 3 160
4 4 10 9 2 9 52
4 4 10 8 8 4 189
4 4 10 7 3 10 18
4 4 10 6 9 5 107
4 4 10 5 15 0 49
4 4 10 5 4 11 84
4 4 10 4 10 6 155
4 4 10 3 16 1 42
4 4 10 3 5 12 71
4 4 10 2 11 7 29
4 4 10 1 17 2 107
4 4 10 1 6 13 186
4 4 10 0 12 8 17
4 4 10 0 1 19 59
4 4 9 20 0 1 53
4 4 9 18 1 2 7
4 4 9 16 2 3 137
4 4 9 14 3 4 180
4 4 9 12 4 5 101
4 4 9 11 10 0 187
4 4 9 10 5 6 28
4 4 9 9 11 1 46
4 4 9 9 0 12 14
4 4 9 8 6 7 23
4 4 9 7 12 2 28
4 4 9 7 1 13 77
4 4 9 6 7 8 196
4 4 9 5 13 3 106
4 4 9 5 2 14 93
4 4 9 4 8 9 147
4 4 9 3 14 4 170
4 4 9 3 3 15 155
4 4 9 2 9 10 73
4 4 9 1 15 5 187
4 4 9 1 4 16 23
4 4 9 0 21 0 163
4 4 9 0 10 11 84
4 4 8 17 5 0 125
4 4 8 16 0 6 116
4 4 8 15 6 1 139
4 4 8 14 1 7 196
4 4 8 13 7 2 29
4 4 8 12 2 8 104
4 4 8 11 8 3 86
4 4 8 10 3 9 21
4 4 8 9 9 4 39
4 4 8 8 4 10 131
4 4 8 7 10 5 176
4 4 8 6 16 0 107
4 4 8 6 5 11 66
4 4 8 5 11 6 12
4 4 8 5 0 17 130
4 4 8 4 17 1 187
4 4 8 4 6 12 90
4 4 8 3 12 7 165
4 4 8 3 1 18 179
4 4 8 2 18 2 182
4 4 8 2 7 13 113
4 4 8 1 13 8 20
4 4 8 1 2 19 20
4 4 8 0 19 3 152
4 4 8 0 8 14 5
4 4 7 23 0 0 3
4 4 7 21 1 1 58
4 4 7 19 2 2 52
4 4 7 17 3 3 142
4 4 7 15 4 4 127
4 4 7 13 5 5 103
4 4 7 12 11 0 154
4 4 7 12 0 11 191
4 4 7 11 6 6 110
4 4 7 10 12 1 94
4 4 7 10 1 12 91
4 4 7 9 7 7 158
4 4 7 8 13 2 169
4 4 7 8 2 13 40
4 4 7 7 8 8 12
4 4 7 6 14 3 61
4 4 7 6 3 14 88
4 4 7 5 9 9 97
4 4 7 4 15 4 127
4 4 7 4 4 15 1
4 4 7 3 10 10 81
4 4 7 2 16 5 39
4 4 7 2 5 16 125
4 4 7 1 22 0 123
4 4 7 1 11 11 76
4 4 7 1 0 22 154
4 4 7 0 17 6 146
4 4 7 0 6 17 2
4 4 6 19 0 5 92
4 4 6 18 6 0 179
4 4 6 17 1 6 36
4 4 6 16 7 1 46
4 4 6 15 2 7 51
4 4 6 14 8 2 132
4 4 6 13 3 8 166
4 4 6 12 9 3 58
4 4 6 11 4 9 108
4 4 6 10 10 4 152
4 4 6 9 5 10 127
4 4 6 8 11 5 49
4 4 6 8 0 16 164
4 4 6 7 17 0 107
4 4 6 7 6 11 119
4 4 6 6 12 6 178
4 4 6 6 1 17 85
4 4 6 5 18 1 44
4 4 6 5 7 12 123
4 4 6 4 13 7 63
4 4 6 4 2 18 122
4 4 6 3 19 2 72
4 4 6 3 8 13 146
4 4 6 2 14 8 8
4 4 6 2 3 19 1
4 4 6 1 20 3 2
4 4 6 1 9 14 42
4 4 6 0 15 9 43
4 4 6 0 4 20 17
4 4 5 24 1 0 150
4 4 5 22 2 1 138
4 4 5 20 3 2 180
4 4 5 18 4 3 166
4 4 5 16 5 4 117
4 4 5 15 0 10 106
4 4 5 14 6 5 164
4 4 5 13 12 0 98
4 4 5 13 1 11 7
4 4 5 12 7 6 121
4 4 5 11 13 1 116
4 4 5 11 2 12 105
4 4 5 10 8 7 2
4 4 5 9 14 2 109
4 4 5 9 3 13 86
4 4 5 8 9 8 188
4 4 5 7 15 3 8
4 4 5 7 4 14 135
4 4 5 6 10 9 54
4 4 5 5 16 4 36
4 4 5 5 5 15 180
4 4 5 4 11 10 33
4 4 5 4 0 21 175
4 4 5 3 17 5 125
4 4 5 3 6 16 13
4 4 5 2 23 0 98
4 4 5 2 12 11 108
4 4 5 2 1 22 115
4 4 5 1 18 6 118
4 4 5 1 7 17 74
4 4 5 0 24 1 1
4 4 5 0 13 12 17
4 4 5 0 2 23 67
4 4 4 22 0 4 197
4 4 4 20 1 5 129
4 4 4 19 7 0 8
4 4 4 18 2 6 198
4 4 4 17 8 1 40
4 4 4 16 3 7 159
4 4 4 15 9 2 38
4 4 4 14 4 8 160
4 4 4 13 10 3 185
4 4 4 12 5 9 145
4 4 4 11 11 4 168
4 4 4 11 0 15 92
4 4 4 10 6 10 150
4 4 4 9 12 5 195
4 4 4 9 1 16 66
4 4 4 8 18 0 9
4 4 4 8 7 11 8
4 4 4 7 13 6 78
4 4 4 7 2 17 95
4 4 4 6 19 1 73
4 4 4 6 8 12 74
4 4 4 5 14 7 62
4 4 4 5 3 18 87
4 4 4 4 20 2 69
4 4 4 4 9 13 36
4 4 4 3 15 8 143
4 4 4 3 4 19 155
4 4 4 2 21 3 100
4 4 4 2 10 14 111
4 4 4 1 16 9 145
4 4 4 1 5 20 197
4 4 4 0 22 4 21
4 4 4 0 11 15 118
4 4 4 0 0 26 21
4 4 3 25 2 0 104
4 4 3 23 3 1 173
4 4 3 21 4 2 150
4 4 3 19 5 3 21
4 4 3 18 0 9 52
4 4 3 17 6 4 16
4 4 3 16 1 10 78
4 4 3 15 7 5 152
4 4 3 14 13 0 126
4 4 3 14 2 11 158
4 4 3 13 8 6 10
4 4 3 12 14 1 111
4 4 3 12 3 12 104
4 4 3 11 9 7 147
4 4 3 10 15 2 100
4 4 3 10 4 13 194
4 4 3 9 10 8 115
4 4 3 8 16 3 168
4 4 3 8 5 14 35
4 4 3 7 11 9 65
4 4 3 7 0 20 162
4 4 3 6 17 4 30
4 4 3 6 6 15 58
4 4 3 5 12 10 145
4 4 3 5 1 21 57
4 4 3 4 18 5 186
4 4 3 4 7 16 159
4 4 3 3 24 0 110
4 4 3 3 13 11 38
4 4 3 3 2 22 56
4 4 3 2 19 6 71
4 4 3 2 8 17 12
4 4 3 1 25 1 162
4 4 3 1 14 12 182
4 4 3 1 3 23 141
4 4 3 0 20 7 109
4 4 3 0 9 18 24
4 4 2 25 0 3 138
4 4 2 23 1 4 188
4 4 2 21 2 5 73
4 4 2 20 8 0 91
4 4 2 19 3 6 112
4 4 2 18 9 1 21
4 4 2 17 4 7 108
4 4 2 16 10 2 82
4 4 2 15 5 8 49
4 4 2 14 11 3 38
4 4 2 14 0 14 192
4 4 2 13 6 9 13
4 4 2 12 12 4 151
4 4 2 12 1 15 154
4 4 2 11 7 10 87
4 4 2 10 13 5 100
4 4 2 10 2 16 54
4 4 2 9 19 0 180
4 4 2 9 8 11 124
4 4 2 8 14 6 90
4 4 2 8 3 17 122
4 4 2 7 20 1 33
4 4 2 7 9 12 104
4 4 2 6 15 7 177
4 4 2 6 4 18 191
4 4 2 5 21 2 46
4 4 2 5 10 13 107
4 4 2 4 16 8 28
4 4 2 4 5 19 89
4 4 2 3 22 3 189
4 4 2 3 11 14 150
4 4 2 3 0 25 125
4 4 2 2 17 9 196
4 4 2 2 6 20 138
4 4 2 1 23 4 9
4 4 2 1 12 15 6
4 4 2 1 1 26 120
4 4 2 0 18 10 140
4 4 2 0 7 21 188
4 4 1 26 3 0 4
4 4 1 24 4 1 185
4 4 1 22 5 2 86
4 4 1 21 0 8 197
4 4 1 20 6 3 163
4 4 1 19 1 9 153
4 4 1 18 7 4 5
4 4 1 17 2 10 14
4 4 1 16 8 5 154
4 4 1 15 14 0 20
4 4 1 15 3 11 82
4 4 1 14 9 6 55
4 4 1 13 15 1 150
4 4 1 13 4 12 18
4 4 1 12 10 7 84
4 4 1 11 16 2 150
4 4 1 11 5 13 52
4 4 1 10 11 8 155
4 4 1 10 0 19 35
4 4 1 9 17 3 171
4 4 1 9 6 14 140
4 4 1 8 12 9 19
4 4 1 8 1 20 139
4 4 1 7 18 4 16
4 4 1 7 7 15 27
4 4 1 6 13 10 99
4 4 1 6 2 21 2
4 4 1 5 19 5 134
4 4 1 5 8 16 73
4 4 1 4 25 0 45
4 4 1 4 14 11 177
4 4 1 4 3 22 23
4 4 1 3 20 6 104
4 4 1 3 9 17 151
4 4 1 2 26 1 40
4 4 1 2 15 12 101
4 4 1 2 4 23 13
4 4 1 1 21 7 51
4 4 1 1 10 18 112
4 4 1 0 27 2 152
4 4 1 0 16 13 74
4 4 1 0 5 24 174
4 4 0 28 0 2 14
4 4 0 26 1 3 112
4 4 0 24 2 4 136
4 4 0 22 3 5 34
4 4 0 21 9 0 102
4 4 0 20 4 6 175
4 4 0 19 10 1 181
4 4 0 18 5 7 114
4 4 0 17 11 2 161
4 4 0 17 0 13 118
4 4 0 16 6 8 98
4 4 0 15 12 3 127
4 4 0 15 1 14 183
4 4 0 14 7 9 22
4 4 0 13 13 4 131
4 4 0 13 2 15 135
4 4 0 12 8 10 23
4 4 0 11 14 5 12
4 4 0 11 3 16 28
4 4 0 10 20 0 8
4 4 0 10 9 11 129
4 4 0 9 15 6 40
4 4 0 9 4 17 6
4 4 0 8 21 1 105
4 4 0 8 10 12 176
4 4 0 7 16 7 103
4 4 0 7 5 18 156
4 4 0 6 22 2 42
4 4 0 6 11 13 55
4 4 0 6 0 24 176
4 4 0 5 17 8 125
4 4 0 5 6 19 17
4 4 0 4 23 3 173
4 4 0 4 12 14 196
4 4 0 4 1 25 197
4 4 0 3 18 9 76
4 4 0 3 7 20 69
4 4 0 2 24 4 116
4 4 0 2 13 15 155
4 4 0 2 2 26 139
4 4 0 1 19 10 79
4 4 0 1 8 21 57
4 4 0 0 25 5 20
4 4 0 0 14 16 27
4 4 0 0 3 27 159
4 3 28 1 0 2 35
4 3 27 0 4 0 188
4 3 26 4 0 1 156
4 3 26 2 1 2 23
4 3 26 0 2 3 18
4 3 25 1 5 0 59
4 3 25 0 0 6 144
4 3 24 7 0 0 118
4 3 24 5 1 1 40
4 3 24 3 2 2 84
4 3 24 1 3 3 147
4 3 23 3 0 5 150
4 3 23 2 6 0 62
4 3 23 1 1 6 55
4 3 23 0 7 1 87
4 3 22 8 1 0 183
4 3 22 6 2 1 185
4 3 22 4 3 2 5
4 3 22 2 4 3 32
4 3 22 0 5 4 182
4 3 21 6 0 4 97
4 3 21 4 1 5 107
4 3 21 3 7 0 81
4 3 21 2 2 6 186
4 3 21 1 8 1 133
4 3 21 0 3 7 174
4 3 20 9 2 0 67
4 3 20 7 3 1 107
4 3 20 5 4 2 79
4 3 20 3 5 3 166
4 3 20 2 0 9 152
4 3 20 1 6 4 114
4 3 20 0 1 10 103
4 3 19 9 0 3 154
4 3 19 7 1 4 157
4 3 19 5 2 5 80
4 3 19 4 8 0 194
4 3 19 3 3 6 108
4 3 19 2 9 1 85
4 3 19 1 4 7 172
4 3 19 0 10 2 182
4 3 18 10 3 0 23
4 3 18 8 4 1 51
4 3 18 6 5 2 146
4 3 18 5 0 8 129
4 3 18 4 6 3 41
4 3 18 3 1 9 104
4 3 18 2 7 4 158
4 3 18 1 2 10 152
4 3 18 0 8 5 20
4 3 17 12 0 2 132
4 3 17 10 1 3 171
4 3 17 8 2 4 152
4 3 17 6 3 5 183
4 3 17 5 9 0 150
4 3 17 4 4 6 75
4 3 17 3 10 1 99
4 3 17 2 5 7 94
4 3 17 1 11 2 29
4 3 17 1 0 13 174
4 3 17 0 6 8 87
4 3 16 11 4 0 163
4 3 16 9 5 1 18
4 3 16 8 0 7 187
4 3 16 7 6 2 122
4 3 16 6 1 8 16
4 3 16 5 7 3 1
4 3 16 4 2 9 104
4 3 16 3 8 4 19
4 3 16 2 3 10 53
4 3 16 1 9 5 120
4 3 16 0 15 0 1
4 3 16 0 4 11 38
4 3 15 15 0 1 165
4 3 15 13 1 2 15
4 3 15 11 2 3 67
4 3 15 9 3 4 77
4 3 15 7 4 5 89
4 3 15 6 10 0 149
4 3 15 5 5 6 102
4 3 15 4 11 1 19
4 3 15 4 0 12 7
4 3 15 3 6 7 195
4 3 15 2 12 2 37
4 3 15 2 1 13 44
4 3 15 1 7 8 152
4 3 15 0 13 3 53
4 3 15 0 2 14 114
4 3 14 12 5 0 31
4 3 14 11 0 6 158
4 3 14 10 6 1 41
4 3 14 9 1 7 129
4 3 14 8 7 2 2
4 3 14 7 2 8 155
4 3 14 6 8 3 134
4 3 14 5 3 9 8
4 3 14 4 9 4 80
4 3 14 3 4 10 189
4 3 14 2 10 5 79
4 3 14 1 16 0 69
4 3 14 1 5 11 113
4 3 14 0 11 6 35
4 3 14 0 0 17 19
4 3 13 18 0 0 186
4 3 13 16 1 1 174
4 3 13 14 2 2 91
4 3 13 12 3 3 160
4 3 13 10 4 4 68
4 3 13 8 5 5 167
4 3 13 7 11 0 118
4 3 13 7 0 11 71
4 3 13 6 6 6 41
4 3 13 5 12 1 56
4 3 13 5 1 12 66
4 3 13 4 7 7 43
4 3 13 3 13 2 186
4 3 13 3 2 13 135
4 3 13 2 8 8 126
4 3 13 1 14 3 87
4 3 13 1 3 14 112
4 3 13 0 9 9 156
4 3 12 14 0 5 91
4 3 12 13 6 0 137
4 3 12 12 1 6 84
4 3 12 11 7 1 184
4 3 12 10 2 7 186
4 3 12 9 8 2 182
4 3 12 8 3 8 175
4 3 12 7 9 3 43
4 3 12 6 4 9 162
4 3 12 5 10 4 181
4 3 12 4 5 10 162
4 3 12 3 11 5 171
4 3 12 3 0 16 102
4 3 12 2 17 0 176
4 3 12 2 6 11 37
4 3 12 1 12 6 143
4 3 12 1 1 17 2
4 3 12 0 18 1 115
4 3 12 0 7 12 4
4 3 11 19 1 0 128
4 3 11 17 2 1 50
4 3 11 15 3 2 145
4 3 11 13 4 3 116
4 3 11 11 5 4 122
4 3 11 10 0 10 72
4 3 11 9 6 5 34
4 3 11 8 12 0 14
4 3 11 8 1 11 180
4 3 11 7 7 6 7
4 3 11 6 13 1 41
4 3 11 6 2 12 71
4 3 11 5 8 7 26
4 3 11 4 14 2 126
4 3 11 4 3 13 139
4 3 11 3 9 8 100
4 3 11 2 15 3 120
4 3 11 2 4 14 180
4 3 11 1 10 9 167
4 3 11 0 16 4 147
4 3 11 0 5 15 87
4 3 10 17 0 4 188
4 3 10 15 1 5 189
4 3 10 14 7 0 20
4 3 10 13 2 6 62
4 3 10 12 8 1 118
4 3 10 11 3 7 53
4 3 10 10 9 2 52
4 3 10 9 4 8 31
4 3 10 8 10 3 177
4 3 10 7 5 9 17
4 3 10 6 11 4 83
4 3 10 6 0 15 69
4 3 10 5 6 10 84
4 3 10 4 12 5 187
4 3 10 4 1 16 101
4 3 10 3 18 0 79
4 3 10 3 7 11 6
4 3 10 2 13 6 118
4 3 10 2 2 17 104
4 3 10 1 19 1 109
4 3 10 1 8 12 96
4 3 10 0 14 7 111
4 3 10 0 3 18 75
4 3 9 20 2 0 47
4 3 9 18 3 1 6
4 3 9 16 4 2 145
4 3 9 14 5 3 181
4 3 9 13 0 9 186
4 3 9 12 6 4 23
4 3 9 11 1 10 77
4 3 9 10 7 5 183
4 3 9 9 13 0 154
4 3 9 9 2 11 137
4 3 9 8 8 6 82
4 3 9 7 14 1 183
4 3 9 7 3 12 107
4 3 9 6 9 7 191
4 3 9 5 15 2 193
4 3 9 5 4 13 35
4 3 9 4 10 8 127
4 3 9 3 16 3 175
4 3 9 3 5 14 30
4 3 9 2 11 9 165
4 3 9 2 0 20 183
4 3 9 1 17 4 147
4 3 9 1 6 15 24
4 3 9 0 12 10 182
4 3 9 0 1 21 60
4 3 8 20 0 3 64
4 3 8 18 1 4 103
4 3 8 16 2 5 170
4 3 8 15 8 0 154
4 3 8 14 3 6 113
4 3 8 13 9 1 119
4 3 8 12 4 7 154
4 3 8 11 10 2 144
4 3 8 10 5 8 110
4 3 8 9 11 3 136
4 3 8 9 0 14 60
4 3 8 8 6 9 15
4 3 8 7 12 4 75
4 3 8 7 1 15 88
4 3 8 6 7 10 5
4 3 8 5 13 5 33
4 3 8 5 2 16 46
4 3 8 4 19 0 115
4 3 8 4 8 11 130
4 3 8 3 14 6 100
4 3 8 3 3 17 99
4 3 8 2 20 1 7
4 3 8 2 9 12 108
4 3 8 1 15 7 100
4 3 8 1 4 18 130
4 3 8 0 21 2 156
4 3 8 0 10 13 1
4 3 7 21 3 0 103
4 3 7 19 4 1 9
4 3 7 17 5 2 69
4 3 7 16 0 8 80
4 3 7 15 6 3 157
4 3 7 14 1 9 151
4 3 7 13 7 4 184
4 3 7 12 2 10 126
4 3 7 11 8 5 63
4 3 7 10 14 0 169
4 3 7 10 3 11 100
4 3 7 9 9 6 49
4 3 7 8 15 1 101
4 3 7 8 4 12 40
4 3 7 7 10 7 6
4 3 7 6 16 2 164
4 3 7 6 5 13 126
4 3 7 5 11 8 104
4 3 7 5 0 19 47
4 3 7 4 17 3 31
4 3 7 4 6 14 190
4 3 7 3 12 9 153
4 3 7 3 1 20 196
4 3 7 2 18 4 74
4 3 7 2 7 15 191
4 3 7 1 13 10 39
4 3 7 1 2 21 106
4 3 7 0 19 5 58
4 3 7 0 8 16 20
4 3 6 23 0 2 97
4 3 6 21 1 3 135
4 3 6 19 2 4 11
4 3 6 17 3 5 182
4 3 6 16 9 0 62
4 3 6 15 4 6 4
4 3 6 14 10 1 38
4 3 6 13 5 7 133
4 3 6 12 11 2 93
4 3 6 12 0 13 9
4 3 6 11 6 8 44
4 3 6 10 12 3 108
4 3 6 10 1 14 15
4 3 6 9 7 9 49
4 3 6 8 13 4 145
4 3 6 8 2 15 167
4 3 6 7 8 10 34
4 3 6 6 14 5 51
4 3 6 6 3 16 127
4 3 6 5 20 0 153
4 3 6 5 9 11 146
4 3 6 4 15 6 187
4 3 6 4 4 17 177
4 3 6 3 21 1 130
4 3 6 3 10 12 50
4 3 6 2 16 7 27
4 3 6 2 5 18 11
4 3 6 1 22 2 106
4 3 6 1 11 13 194
4 3 6 1 0 24 29
4 3 6 0 17 8 155
4 3 6 0 6 19 180
4 3 5 22 4 0 145
4 3 5 20 5 1 45
4 3 5 19 0 7 177
4 3 5 18 6 2 115
4 3 5 17 1 8 82
4 3 5 16 7 3 102
4 3 5 15 2 9 77
4 3 5 14 8 4 183
4 3 5 13 3 10 124
4 3 5 12 9 5 111
4 3 5 11 15 0 77
4 3 5 11 4 11 122
4 3 5 10 10 6 90
4 3 5 9 16 1 186
4 3 5 9 5 12 178
4 3 5 8 11 7 128
4 3 5 8 0 18 180
4 3 5 7 17 2 105
4 3 5 7 6 13 149
4 3 5 6 12 8 58
4 3 5 6 1 19 118
4 3 5 5 18 3 174
4 3 5 5 7 14 90
4 3 5 4 13 9 101
4 3 5 4 2 20 43
4 3 5 3 19 4 51
4 3 5 3 8 15 195
4 3 5 2 14 10 136
4 3 5 2 3 21 147
4 3 5 1 20 5 127
4 3 5 1 9 16 102
4 3 5 0 26 0 136
4 3 5 0 15 11 33
4 3 5 0 4 22 150
4 3 4 26 0 1 30
4 3 4 24 1 2 48
4 3 4 22 2 3 112
4 3 4 20 3 4 140
4 3 4 18 4 5 3
4 3 4 17 10 0 16
4 3 4 16 5 6 70
4 3 4 15 11 1 192
4 3 4 15 0 12 150
4 3 4 14 6 7 185
4 3 4 13 12 2 41
4 3 4 13 1 13 196
4 3 4 12 7 8 158
4 3 4 11 13 3 161
4 3 4 11 2 14 178
4 3 4 10 8 9 32
4 3 4 9 14 4 120
4 3 4 9 3 15 80
4 3 4 8 9 10 193
4 3 4 7 15 5 46
4 3 4 7 4 16 138
4 3 4 6 21 0 164
4 3 4 6 10 11 113
4 3 4 5 16 6 160
4 3 4 5 5 17 82
4 3 4 4 22 1 33
4 3 4 4 11 12 84
4 3 4 4 0 23 53
4 3 4 3 17 7 99
4 3 4 3 6 18 112
4 3 4 2 23 2 183
4 3 4 2 12 13 77
4 3 4 2 1 24 85
4 3 4 1 18 8 70
4 3 4 1 7 19 94
4 3 4 0 24 3 99
4 3 4 0 13 14 193
4 3 4 0 2 25 196
4 3 3 23 5 0 50
4 3 3 22 0 6 106
4 3 3 21 6 1 191
4 3 3 20 1 7 119
4 3 3 19 7 2 196
4 3 3 18 2 8 51
4 3 3 17 8 3 86
4 3 3 16 3 9 156
4 3 3 15 9 4 106
4 3 3 14 4 10 146
4 3 3 13 10 5 31
4 3 3 12 16 0 195
4 3 3 11 11 6 78
4 3 3 11 0 17 61
4 3 3 10 17 1 154
4 3 3 10 6 12 97
4 3 3 9 12 7 71
4 3 3 9 1 18 136
4 3 3 8 18 2 70
4 3 3 8 7 13 98
4 3 3 7 13 8 37
4 3 3 7 2 19 146
4 3 3 6 19 3 87
4 3 3 6 8 14 67
4 3 3 5 14 9 67
4 3 3 5 3 20 53
4 3 3 4 20 4 46
4 3 3 4 9 15 190
4 3 3 3 15 10 196
4 3 3 3 4 21 1
4 3 3 2 21 5 147
4 3 3 2 10 16 110
4 3 3 1 27 0 68
4 3 3 1 16 11 65
4 3 3 1 5 22 21
4 3 3 0 22 6 48
4 3 3 0 11 17 87
4 3 3 0 0 28 55
4 3 2 29 0 0 158
4 3 2 27 1 1 180
4 3 2 25 2 2 4
4 3 2 23 3 3 101
4 3 2 21 4 4 121
4 3 2 19 5 5 82
4 3 2 18 11 0 150
4 3 2 18 0 11 12
4 3 2 17 6 6 181
4 3 2 16 12 1 8
4 3 2 16 1 12 27
4 3 2 15 7 7 93
4 3 2 14 13 2 2
4 3 2 14 2 13 69
4 3 2 13 8 8 194
4 3 2 12 14 3 85
4 3 2 12 3 14 82
4 3 2 11 9 9 184
4 3 2 10 15 4 39
4 3 2 10 4 15 101
4 3 2 9 10 10 68
4 3 2 8 16 5 120
4 3 2 8 5 16 119
4 3 2 7 22 0 54
4 3 2 7 11 11 36
4 3 2 7 0 22 27
4 3 2 6 17 6 82
4 3 2 6 6 17 75
4 3 2 5 23 1 146
4 3 2 5 12 12 171
4 3 2 5 1 23 134
4 3 2 4 18 7 52
4 3 2 4 7 18 80
4 3 2 3 24 2 79
4 3 2 3 13 13 172
4 3 2 3 2 24 43
4 3 2 2 19 8 42
4 3 2 2 8 19 180
4 3 2 1 25 3 151
4 3 2 1 14 14 172
4 3 2 1 3 25 196
4 3 2 0 20 9 71
4 3 2 0 9 20 89
4 3 1 25 0 5 84
4 3 1 24 6 0 75
4 3 1 23 1 6 75
4 3 1 22 7 1 39
4 3 1 21 2 7 135
4 3 1 20 8 2 134
4 3 1 19 3 8 52
4 3 1 18 9 3 81
4 3 1 17 4 9 146
4 3 1 16 10 4 182
4 3 1 15 5 10 42
4 3 1 14 11 5 182
4 3 1 14 0 16 60
4 3 1 13 17 0 64
4 3 1 13 6 11 69
4 3 1 12 12 6 139
4 3 1 12 1 17 121
4 3 1 11 18 1 183
4 3 1 11 7 12 132
4 3 1 10 13 7 107
4 3 1 10 2 18 126
4 3 1 9 19 2 150
4 3 1 9 8 13 36
4 3 1 8 14 8 93
4 3 1 8 3 19 100
4 3 1 7 20 3 95
4 3 1 7 9 14 74
4 3 1 6 15 9 108
4 3 1 6 4 20 127
4 3 1 5 21 4 162
4 3 1 5 10 15 23
4 3 1 4 16 10 15
4 3 1 4 5 21 160
4 3 1 3 22 5 13
4 3 1 3 11 16 167
4 3 1 3 0 27 3
4 3 1 2 28 0 95
4 3 1 2 17 11 64
4 3 1 2 6 22 19
4 3 1 1 23 6 102
4 3 1 1 12 17 94
4 3 1 1 1 28 58
4 3 1 0 29 1 21
4 3 1 0 18 12 55
4 3 1 0 7 23 198
4 3 0 30 1 0 59
4 3 0 28 2 1 79
4 3 0 26 3 2 112
4 3 0 24 4 3 198
4 3 0 22 5 4 159
4 3 0 21 0 10 128
4 3 0 20 6 5 140
4 3 0 19 12 0 32
4 3 0 19 1 11 102
4 3 0 18 7 6 139
4 3 0 17 13 1 38
4 3 0 17 2 12 62
4 3 0 16 8 7 186
4 3 0 15 14 2 37
4 3 0 15 3 13 50
4 3 0 14 9 8 72
4 3 0 13 15 3 4
4 3 0 13 4 14 33
4 3 0 12 10 9 14
4 3 0 11 16 4 79
4 3 0 11 5 15 150
4 3 0 10 11 10 184
4 3 0 10 0 21 181
4 3 0 9 17 5 51
4 3 0 9 6 16 130
4 3 0 8 23 0 35
4 3 0 8 12 11 94
4 3 0 8 1 22 72
4 3 0 7 18 6 193
4 3 0 7 7 17 92
4 3 0 6 24 1 10
4 3 0 6 13 12 25
4 3 0 6 2 23 94
4 3 0 5 19 7 78
4 3 0 5 8 18 187
4 3 0 4 25 2 127
4 3 0 4 14 13 110
4 3 0 4 3 24 16
4 3 0 3 20 8 10
4 3 0 3 9 19 133
4 3 0 2 26 3 155
4 3 0 2 15 14 149
4 3 0 2 4 25 102
4 3 0 1 21 9 85
4 3 0 1 10 20 45
4 3 0 0 27 4 87
4 3 0 0 16 15 12
4 3 0 0 5 26 105
4 2 30 2 0 0 175
4 2 30 0 1 1 159
4 2 28 3 1 0 72
4 2 28 1 2 1 188
4 2 27 1 0 4 103
4 2 26 4 2 0 108
4 2 26 2 3 1 39
4 2 26 0 4 2 158
4 2 25 4 0 3 134
4 2 25 2 1 4 42
4 2 25 0 2 5 73
4 2 24 5 3 0 99
4 2 24 3 4 1 88
4 2 24 1 5 2 90
4 2 24 0 0 8 159
4 2 23 7 0 2 35
4 2 23 5 1 3 28
4 2 23 3 2 4 87
4 2 23 1 3 5 71
4 2 23 0 9 0 63
4 2 22 6 4 0 57
4 2 22 4 5 1 71
4 2 22 3 0 7 75
4 2 22 2 6 2 13
4 2 22 1 1 8 52
4 2 22 0 7 3 60
4 2 21 10 0 1 168
4 2 21 8 1 2 35
4 2 21 6 2 3 94
4 2 21 4 3 4 14
4 2 21 2 4 5 6
4 2 21 1 10 0 18
4 2 21 0 5 6 10
4 2 20 7 5 0 173
4 2 20 6 0 6 148
4 2 20 5 6 1 138
4 2 20 4 1 7 189
4 2 20 3 7 2 164
4 2 20 2 2 8 40
4 2 20 1 8 3 86
4 2 20 0 3 9 43
4 2 19 13 0 0 67
4 2 19 11 1 1 111
4 2 19 9 2 2 24
4 2 19 7 3 3 192
4 2 19 5 4 4 149
4 2 19 3 5 5 150
4 2 19 2 11 0 43
4 2 19 2 0 11 110
4 2 19 1 6 6 53
4 2 19 0 12 1 197
4 2 19 0 1 12 173
4 2 18 9 0 5 70
4 2 18 8 6 0 30
4 2 18 7 1 6 81
4 2 18 6 7 1 88
4 2 18 5 2 7 75
4 2 18 4 8 2 3
4 2 18 3 3 8 139
4 2 18 2 9 3 65
4 2 18 1 4 9 130
4 2 18 0 10 4 74
4 2 17 14 1 0 151
4 2 17 12 2 1 32
4 2 17 10 3 2 166
4 2 17 6 5 4 188
4 2 17 5 0 10 132
4 2 17 4 6 5 136
4 2 17 3 12 0 133
4 2 17 3 1 11 84
4 2 17 2 7 6 29
4 2 17 1 13 1 176
4 2 17 1 2 12 45
4 2 17 0 8 7 46
4 2 16 12 0 4 193
4 2 16 10 1 5 71
4 2 16 9 7 0 135
4 2 16 8 2 6 73
4 2 16 7 8 1 15
4 2 16 6 3 7 41
4 2 16 5 9 2 188
4 2 16 4 4 8 8
4 2 16 3 10 3 177
4 2 16 2 5 9 85
4 2 16 1 11 4 189
4 2 16 1 0 15 124
4 2 16 0 6 10 153
4 2 15 15 2 0 195
4 2 15 13 3 1 40
4 2 15 11 4 2 89
4 2 15 9 5 3 88
4 2 15 8 0 9 188
4 2 15 7 6 4 189
4 2 15 6 1 10 27
4 2 15 5 7 5 128
4 2 15 4 13 0 172
4 2 15 4 2 11 26
4 2 15 3 8 6 175
4 2 15 2 14 1 72
4 2 15 2 3 12 77
4 2 15 1 9 7 23
4 2 15 0 15 2 67
4 2 15 0 4 13 55
4 2 14 15 0 3 96
4 2 14 13 1 4 45
4 2 14 11 2 5 4
4 2 14 10 8 0 74
4 2 14 9 3 6 172
4 2 14 8 9 1 173
4 2 14 7 4 7 147
4 2 14 6 10 2 140
4 2 14 5 5 8 152
4 2 14 4 11 3 159
4 2 14 4 0 14 64
4 2 14 3 6 9 58
4 2 14 2 12 4 141
4 2 14 2 1 15 196
4 2 14 1 7 10 25
4 2 14 0 13 5 35
4 2 14 0 2 16 168
4 2 13 16 3 0 76
4 2 13 14 4 1 154
4 2 13 12 5 2 155
4 2 13 11 0 8 76
4 2 13 10 6 3 22
4 2 13 9 1 9 130
4 2 13 8 7 4 29
4 2 13 7 2 10 114
4 2 13 6 8 5 167
4 2 13 5 14 0 139
4 2 13 5 3 11 163
4 2 13 4 9 6 51
4 2 13 3 15 1 5
4 2 13 3 4 12 28
4 2 13 2 10 7 53
4 2 13 1 16 2 147
4 2 13 1 5 13 126
4 2 13 0 11 8 27
4 2 13 0 0 19 7
4 2 12 18 0 2 145
4 2 12 16 1 3 34
4 2 12 14 2 4 152
4 2 12 12 3 5 89
4 2 12 11 9 0 144
4 2 12 10 4 6 175
4 2 12 9 10 1 140
4 2 12 8 5 7 173
4 2 12 7 11 2 30
4 2 12 7 0 13 170
4 2 12 6 6 8 9
4 2 12 5 12 3 108
4 2 12 5 1 14 118
4 2 12 4 7 9 79
4 2 12 3 13 4 80
4 2 12 3 2 15 185
4 2 12 2 8 10 86
4 2 12 1 14 5 158
4 2 12 1 3 16 173
4 2 12 0 20 0 177
4 2 12 0 9 11 49
4 2 11 17 4 0 92
4 2 11 15 5 1 116
4 2 11 14 0 7 183
4 2 11 13 6 2 129
4 2 11 12 1 8 171
4 2 11 11 7 3 191
4 2 11 10 2 9 15
4 2 11 9 8 4 149
4 2 11 8 3 10 121
4 2 11 7 9 5 117
4 2 11 6 15 0 49
4 2 11 6 4 11 52
4 2 11 5 10 6 106
4 2 11 4 16 1 147
4 2 11 4 5 12 174
4 2 11 3 11 7 63
4 2 11 3 0 18 8
4 2 11 2 17 2 72
4 2 11 2 6 13 184
4 2 11 1 12 8 122
4 2 11 1 1 19 168
4 2 11 0 18 3 46
4 2 11 0 7 14 37
4 2 10 21 0 1 128
4 2 10 19 1 2 135
4 2 10 17 2 3 25
4 2 10 15 3 4 60
4 2 10 13 4 5 112
4 2 10 12 10 0 72
4 2 10 11 5 6 180
4 2 10 10 11 1 188
4 2 10 10 0 12 80
4 2 10 9 6 7 145
4 2 10 8 12 2 72
4 2 10 8 1 13 112
4 2 10 7 7 8 150
4 2 10 6 13 3 198
4 2 10 6 2 14 163
4 2 10 5 8 9 79
4 2 10 4 14 4 22
4 2 10 4 3 15 183
4 2 10 3 9 10 28
4 2 10 2 15 5 190
4 2 10 2 4 16 178
4 2 10 1 21 0 184
4 2 10 1 10 11 102
4 2 10 0 16 6 103
4 2 10 0 5 17 152
4 2 9 18 5 0 83
4 2 9 17 0 6 57
4 2 9 16 6 1 87
4 2 9 15 1 7 116
4 2 9 14 7 2 116
4 2 9 13 2 8 191
4 2 9 12 8 3 164
4 2 9 11 3 9 49
4 2 9 10 9 4 190
4 2 9 9 4 10 161
4 2 9 8 10 5 194
4 2 9 7 16 0 177
4 2 9 7 5 11 128
4 2 9 6 11 6 173
4 2 9 6 0 17 162
4 2 9 5 17 1 89
4 2 9 5 6 12 106
4 2 9 4 12 7 170
4 2 9 4 1 18 118
4 2 9 3 18 2 188
4 2 9 3 7 13 43
4 2 9 2 13 8 173
4 2 9 2 2 19 24
4 2 9 1 19 3 158
4 2 9 1 8 14 89
4 2 9 0 14 9 160
4 2 9 0 3 20 168
4 2 8 24 0 0 104
4 2 8 22 1 1 37
4 2 8 20 2 2 79
4 2 8 18 3 3 86
4 2 8 16 4 4 85
4 2 8 14 5 5 94
4 2 8 13 11 0 19
4 2 8 13 0 11 74
4 2 8 12 6 6 42
4 2 8 11 12 1 15
4 2 8 11 1 12 18
4 2 8 10 7 7 175
4 2 8 9 13 2 99
4 2 8 9 2 13 4
4 2 8 8 8 8 101
4 2 8 7 14 3 61
4 2 8 7 3 14 114
4 2 8 6 9 9 87
4 2 8 5 15 4 166
4 2 8 5 4 15 57
4 2 8 4 10 10 116
4 2 8 3 16 5 182
4 2 8 3 5 16 91
4 2 8 2 22 0 51
4 2 8 2 11 11 84
4 2 8 2 0 22 157
4 2 8 1 17 6 103
4 2 8 1 6 17 70
4 2 8 0 23 1 79
4 2 8 0 12 12 196
4 2 8 0 1 23 133
4 2 7 20 0 5 12
4 2 7 19 6 0 184
4 2 7 18 1 6 21
4 2 7 17 7 1 148
4 2 7 16 2 7 15
4 2 7 15 8 2 82
4 2 7 14 3 8 138
4 2 7 13 9 3 74
4 2 7 12 4 9 188
4 2 7 11 10 4 31
4 2 7 10 5 10 53
4 2 7 9 11 5 181
4 2 7 9 0 16 197
4 2 7 8 17 0 181
4 2 7 8 6 11 149
4 2 7 7 12 6 118
4 2 7 7 1 17 157
4 2 7 6 18 1 111
4 2 7 6 7 12 123
4 2 7 5 13 7 10
4 2 7 5 2 18 20
4 2 7 4 19 2 177
4 2 7 4 8 13 188
4 2 7 3 14 8 5
4 2 7 3 3 19 193
4 2 7 2 20 3 73
4 2 7 2 9 14 114
4 2 7 1 15 9 9
4 2 7 1 4 20 154
4 2 7 0 21 4 120
4 2 7 0 10 15 5
4 2 6 25 1 0 85
4 2 6 23 2 1 190
4 2 6 21 3 2 194
4 2 6 19 4 3 90
4 2 6 17 5 4 152
4 2 6 16 0 10 160
4 2 6 15 6 5 6
4 2 6 14 12 0 184
4 2 6 14 1 11 107
4 2 6 13 7 6 145
4 2 6 12 13 1 7
4 2 6 12 2 12 80
4 2 6 11 8 7 50
4 2 6 10 14 2 120
4 2 6 10 3 13 12
4 2 6 9 9 8 132
4 2 6 8 15 3 95
4 2 6 8 4 14 81
4 2 6 7 10 9 32
4 2 6 6 16 4 39
4 2 6 6 5 15 197
4 2 6 5 11 10 46
4 2 6 5 0 21 83
4 2 6 4 17 5 137
4 2 6 4 6 16 125
4 2 6 3 23 0 147
4 2 6 3 12 11 10
4 2 6 3 1 22 158
4 2 6 2 18 6 5
4 2 6 2 7 17 164
4 2 6 1 24 1 75
4 2 6 1 13 12 112
4 2 6 1 2 23 123
4 2 6 0 19 7 8
4 2 6 0 8 18 27
4 2 5 23 0 4 108
4 2 5 21 1 5 191
4 2 5 20 7 0 166
4 2 5 19 2 6 196
4 2 5 18 8 1 89
4 2 5 17 3 7 89
4 2 5 16 9 2 45
4 2 5 15 4 8 137
4 2 5 14 10 3 187
4 2 5 13 5 9 148
4 2 5 12 11 4 112
4 2 5 12 0 15 156
4 2 5 11 6 10 11
4 2 5 10 12 5 54
4 2 5 10 1 16 121
4 2 5 9 18 0 129
4 2 5 9 7 11 131
4 2 5 8 13 6 191
4 2 5 8 2 17 196
4 2 5 7 19 1 164
4 2 5 7 8 12 53
4 2 5 6 14 7 99
4 2 5 6 3 18 192
4 2 5 5 20 2 41
4 2 5 5 9 13 46
4 2 5 4 15 8 36
4 2 5 4 4 19 148
4 2 5 3 21 3 17
4 2 5 3 10 14 46
4 2 5 2 16 9 89
4 2 5 2 5 20 29
4 2 5 1 22 4 55
4 2 5 1 11 15 198
4 2 5 1 0 26 73
4 2 5 0 17 10 119
4 2 5 0 6 21 89
4 2 4 26 2 0 40
4 2 4 24 3 1 153
4 2 4 22 4 2 167
4 2 4 20 5 3 125
4 2 4 19 0 9 151
4 2 4 18 6 4 28
4 2 4 17 1 10 129
4 2 4 16 7 5 97
4 2 4 15 13 0 164
4 2 4 15 2 11 78
4 2 4 14 8 6 86
4 2 4 13 14 1 195
4 2 4 13 3 12 4
4 2 4 12 9 7 171
4 2 4 11 15 2 68
4 2 4 11 4 13 178
4 2 4 10 10 8 47
4 2 4 9 16 3 97
4 2 4 9 5 14 3
4 2 4 8 11 9 105
4 2 4 8 0 20 147
4 2 4 7 17 4 42
4 2 4 7 6 15 153
4 2 4 6 12 10 8
4 2 4 6 1 21 55
4 2 4 5 18 5 38
4 2 4 5 7 16 52
4 2 4 4 24 0 140
4 2 4 4 13 11 48
4 2 4 4 2 22 50
4 2 4 3 19 6 129
4 2 4 3 8 17 171
4 2 4 2 25 1 26
4 2 4 2 14 12 173
4 2 4 2 3 23 156
4 2 4 1 20 7 10
4 2 4 1 9 18 29
4 2 4 0 26 2 33
4 2 4 0 15 13 186
4 2 4 0 4 24 153
4 2 3 26 0 3 165
4 2 3 24 1 4 106
4 2 3 22 2 5 30
4 2 3 21 8 0 37
4 2 3 20 3 6 161
4 2 3 19 9 1 126
4 2 3 18 4 7 29
4 2 3 17 10 2 55
4 2 3 16 5 8 70
4 2 3 15 11 3 131
4 2 3 15 0 14 157
4 2 3 14 6 9 5
4 2 3 13 12 4 77
4 2 3 13 1 15 175
4 2 3 12 7 10 161
4 2 3 11 13 5 64
4 2 3 11 2 16 154
4 2 3 10 19 0 76
4 2 3 10 8 11 12
4 2 3 9 14 6 111
4 2 3 9 3 17 55
4 2 3 8 20 1 175
4 2 3 8 9 12 171
4 2 3 7 15 7 7
4 2 3 7 4 18 79
4 2 3 6 21 2 63
4 2 3 6 10 13 135
4 2 3 5 16 8 179
4 2 3 5 5 19 121
4 2 3 4 22 3 148
4 2 3 4 11 14 141
4 2 3 4 0 25 115
4 2 3 3 17 9 137
4 2 3 3 6 20 54
4 2 3 2 23 4 91
4 2 3 2 12 15 193
4 2 3 2 1 26 136
4 2 3 1 18 10 77
4 2 3 1 7 21 185
4 2 3 0 24 5 75
4 2 3 0 13 16 82
4 2 3 0 2 27 134
4 2 2 27 3 0 133
4 2 2 25 4 1 133
4 2 2 23 5 2 81
4 2 2 22 0 8 20
4 2 2 21 6 3 198
4 2 2 20 1 9 188
4 2 2 19 7 4 117
4 2 2 18 2 10 80
4 2 2 17 8 5 28
4 2 2 16 14 0 94
4 2 2 16 3 11 49
4 2 2 15 9 6 62
4 2 2 14 15 1 112
4 2 2 14 4 12 9
4 2 2 13 10 7 108
4 2 2 12 16 2 20
4 2 2 12 5 13 145
4 2 2 11 11 8 195
4 2 2 11 0 19 178
4 2 2 10 17 3 34
4 2 2 10 6 14 16
4 2 2 9 12 9 1
4 2 2 9 1 20 105
4 2 2 8 18 4 102
4 2 2 8 7 15 111
4 2 2 7 13 10 188
4 2 2 7 2 21 85
4 2 2 6 19 5 160
4 2 2 6 8 16 25
4 2 2 5 25 0 155
4 2 2 5 14 11 3
4 2 2 5 3 22 190
4 2 2 4 20 6 2
4 2 2 4 9 17 118
4 2 2 3 26 1 60
4 2 2 3 15 12 66
4 2 2 3 4 23 188
4 2 2 2 21 7 50
4 2 2 2 10 18 37
4 2 2 1 27 2 30
4 2 2 1 16 13 54
4 2 2 1 5 24 24
4 2 2 0 22 8 17
4 2 2 0 11 19 114
4 2 2 0 0 30 139
4 2 1 29 0 2 163
4 2 1 27 1 3 146
4 2 1 25 2 4 178
4 2 1 23 3 5 2
4 2 1 22 9 0 36
4 2 1 21 4 6 127
4 2 1 20 10 1 17
4 2 1 19 5 7 103
4 2 1 18 11 2 195
4 2 1 18 0 13 142
4 2 1 17 6 8 188
4 2 1 16 12 3 184
4 2 1 16 1 14 111
4 2 1 15 7 9 39
4 2 1 14 13 4 40
4 2 1 14 2 15 115
4 2 1 13 8 10 177
4 2 1 12 14 5 188
4 2 1 12 3 16 23
4 2 1 11 20 0 173
4 2 1 11 9 11 176
4 2 1 10 15 6 78
4 2 1 10 4 17 24
4 2 1 9 21 1 104
4 2 1 9 10 12 180
4 2 1 8 16 7 157
4 2 1 8 5 18 155
4 2 1 7 22 2 53
4 2 1 7 11 13 14
4 2 1 7 0 24 28
4 2 1 6 17 8 134
4 2 1 6 6 19 18
4 2 1 5 12 14 28
4 2 1 5 1 25 21
4 2 1 4 18 9 180
4 2 1 4 7 20 195
4 2 1 3 24 4 181
4 2 1 3 13 15 86
4 2 1 3 2 26 36
4 2 1 2 19 10 29
4 2 1 2 8 21 7
4 2 1 1 25 5 147
4 2 1 1 14 16 168
4 2 1 1 3 27 114
4 2 1 0 31 0 64
4 2 1 0 20 11 71
4 2 1 0 9 22 55
4 2 0 28 4 0 169
4 2 0 26 5 1 119
4 2 0 25 0 7 124
4 2 0 24 6 2 72
4 2 0 23 1 8 135
4 2 0 22 7 3 41
4 2 0 21 2 9 67
4 2 0 20 8 4 105
4 2 0 19 3 10 170
4 2 0 18 9 5 5
4 2 0 17 15 0 170
4 2 0 17 4 11 97
4 2 0 16 10 6 97
4 2 0 15 16 1 165
4 2 0 15 5 12 65
4 2 0 14 11 7 61
4 2 0 14 0 18 77
4 2 0 13 17 2 132
4 2 0 13 6 13 161
4 2 0 12 12 8 85
4 2 0 12 1 19 100
4 2 0 11 18 3 113
4 2 0 11 7 14 72
4 2 0 10 13 9 89
4 2 0 10 2 20 168
4 2 0 9 19 4 142
4 2 0 9 8 15 68
4 2 0 8 14 10 69
4 2 0 8 3 21 148
4 2 0 7 20 5 91
4 2 0 7 9 16 23
4 2 0 6 26 0 13
4 2 0 6 15 11 1
4 2 0 6 4 22 68
4 2 0 5 21 6 45
4 2 0 5 10 17 32
4 2 0 4 27 1 127
4 2 0 4 16 12 144
4 2 0 4 5 23 161
4 2 0 3 22 7 170
4 2 0 3 11 18 183
4 2 0 3 0 29 124
4 2 0 2 28 2 16
4 2 0 2 17 13 176
4 2 0 2 6 24 51
4 2 0 1 23 8 161
4 2 0 1 12 19 39
4 2 0 1 1 30 28
4 2 0 0 29 3 106
4 2 0 0 18 14 5
4 2 0 0 7 25 105
4 1 30 0 3 0 81
4 1 29 2 0 2 150
4 1 29 0 1 3 36
4 1 28 1 4 0 87
4 1 27 5 0 1 89
4 1 27 3 1 2 156
4 1 27 1 2 3 3
4 1 26 2 5 0 44
4 1 26 1 0 6 178
4 1 26 0 6 1 171
4 1 25 8 0 0 142
4 1 25 6 1 1 165
4 1 25 4 2 2 118
4 1 25 2 3 3 195
4 1 25 0 4 4 86
4 1 24 4 0 5 127
4 1 24 3 6 0 114
4 1 24 2 1 6 70
4 1 24 1 7 1 104
4 1 24 0 2 7 42
4 1 23 9 1 0 85
4 1 23 7 2 1 108
4 1 23 5 3 2 69
4 1 23 3 4 3 86
4 1 23 1 5 4 35
4 1 23 0 0 10 111
4 1 22 7 0 4 34
4 1 22 5 1 5 75
4 1 22 4 7 0 103
4 1 22 3 2 6 82
4 1 22 2 8 1 120
4 1 22 1 3 7 152
4 1 22 0 9 2 174
4 1 21 10 2 0 142
4 1 21 8 3 1 162
4 1 21 6 4 2 147
4 1 21 4 5 3 157
4 1 21 3 0 9 83
4 1 21 2 6 4 97
4 1 21 1 1 10 94
4 1 21 0 7 5 184
4 1 20 10 0 3 110
4 1 20 8 1 4 186
4 1 20 6 2 5 166
4 1 20 5 8 0 5
4 1 20 4 3 6 180
4 1 20 3 9 1 117
4 1 20 2 4 7 37
4 1 20 1 10 2 70
4 1 20 0 5 8 178
4 1 19 11 3 0 176
4 1 19 9 4 1 99
4 1 19 7 5 2 184
4 1 19 6 0 8 150
4 1 19 5 6 3 129
4 1 19 4 1 9 161
4 1 19 3 7 4 76
4 1 19 2 2 10 119
4 1 19 1 8 5 15
4 1 19 0 14 0 142
4 1 19 0 3 11 106
4 1 18 13 0 2 81
4 1 18 11 1 3 89
4 1 18 9 2 4 190
4 1 18 7 3 5 53
4 1 18 6 9 0 82
4 1 18 5 4 6 162
4 1 18 4 10 1 8
4 1 18 3 5 7 127
4 1 18 2 11 2 183
4 1 18 2 0 13 115
4 1 18 1 6 8 44
4 1 18 0 12 3 147
4 1 18 0 1 14 60
4 1 17 12 4 0 35
4 1 17 10 5 1 81
4 1 17 9 0 7 156
4 1 17 8 6 2 31
4 1 17 7 1 8 60
4 1 17 6 7 3 142
4 1 17 5 2 9 197
4 1 17 4 8 4 106
4 1 17 3 3 10 169
4 1 17 2 9 5 60
4 1 17 1 15 0 127
4 1 17 1 4 11 43
4 1 17 0 10 6 83
4 1 16 16 0 1 19
4 1 16 14 1 2 77
4 1 16 12 2 3 28
4 1 16 10 3 4 59
4 1 16 8 4 5 40
4 1 16 7 10 0 102
4 1 16 6 5 6 155
4 1 16 5 11 1 89
4 1 16 5 0 12 143
4 1 16 4 6 7 70
4 1 16 3 12 2 50
4 1 16 3 1 13 93
4 1 16 2 7 8 95
4 1 16 1 13 3 170
4 1 16 1 2 14 84
4 1 16 0 8 9 38
4 1 15 13 5 0 163
4 1 15 12 0 6 137
4 1 15 11 6 1 150
4 1 15 10 1 7 112
4 1 15 9 7 2 109
4 1 15 8 2 8 125
4 1 15 7 8 3 43
4 1 15 6 3 9 149
4 1 15 5 9 4 144
4 1 15 4 4 10 98
4 1 15 3 10 5 45
4 1 15 2 16 0 149
4 1 15 2 5 11 143
4 1 15 1 11 6 55
4 1 15 1 0 17 190
4 1 15 0 17 1 110
4 1 15 0 6 12 187
4 1 14 19 0 0 103
4 1 14 17 1 1 10
4 1 14 15 2 2 64
4 1 14 13 3 3 117
4 1 14 11 4 4 115
4 1 14 9 5 5 173
4 1 14 8 11 0 161
4 1 14 8 0 11 67
4 1 14 7 6 6 70
4 1 14 6 12 1 121
4 1 14 6 1 12 16
4 1 14 5 7 7 120
4 1 14 4 13 2 9
4 1 14 4 2 13 127
4 1 14 3 8 8 173
4 1 14 2 14 3 17
4 1 14 2 3 14 118
4 1 14 1 9 9 10
4 1 14 0 15 4 34
4 1 14 0 4 15 20
4 1 13 15 0 5 90
4 1 13 14 6 0 185
4 1 13 13 1 6 166
4 1 13 12 7 1 143
4 1 13 11 2 7 88
4 1 13 10 8 2 120
4 1 13 9 3 8 20
4 1 13 8 9 3 2
4 1 13 7 4 9 6
4 1 13 6 10 4 184
4 1 13 5 5 10 179
4 1 13 4 11 5 158
4 1 13 4 0 16 189
4 1 13 3 17 0 100
4 1 13 3 6 11 196
4 1 13 2 12 6 78
4 1 13 2 1 17 10
4 1 13 1 18 1 176
4 1 13 1 7 12 160
4 1 13 0 13 7 137
4 1 13 0 2 18 181
4 1 12 20 1 0 11
4 1 12 18 2 1 188
4 1 12 16 3 2 169
4 1 12 14 4 3 10
4 1 12 12 5 4 61
4 1 12 11 0 10 43
4 1 12 10 6 5 13
4 1 12 9 12 0 53
4 1 12 9 1 11 22
4 1 12 8 7 6 48
4 1 12 7 13 1 36
4 1 12 7 2 12 88
4 1 12 6 8 7 36
4 1 12 5 14 2 108
4 1 12 5 3 13 52
4 1 12 4 9 8 80
4 1 12 3 15 3 195
4 1 12 3 4 14 104
4 1 12 2 10 9 143
4 1 12 1 16 4 46
4 1 12 1 5 15 179
4 1 12 0 11 10 93
4 1 12 0 0 21 69
4 1 11 18 0 4 71
4 1 11 16 1 5 5
4 1 11 15 7 0 53
4 1 11 14 2 6 77
4 1 11 13 8 1 80
4 1 11 12 3 7 92
4 1 11 11 9 2 119
4 1 11 10 4 8 32
4 1 11 9 10 3 191
4 1 11 8 5 9 168
4 1 11 7 11 4 77
4 1 11 7 0 15 146
4 1 11 6 6 10 157
4 1 11 5 12 5 106
4 1 11 5 1 16 18
4 1 11 4 18 0 123
4 1 11 4 7 11 125
4 1 11 3 13 6 130
4 1 11 3 2 17 69
4 1 11 2 19 1 171
4 1 11 2 8 12 192
4 1 11 1 14 7 46
4 1 11 1 3 18 4
4 1 11 0 20 2 4
4 1 11 0 9 13 93
4 1 10 21 2 0 123
4 1 10 19 3 1 57
4 1 10 17 4 2 47
4 1 10 15 5 3 176
4 1 10 14 0 9 5
4 1 10 13 6 4 139
4 1 10 12 1 10 47
4 1 10 11 7 5 122
4 1 10 10 13 0 23
4 1 10 10 2 11 96
4 1 10 9 8 6 102
4 1 10 8 14 1 121
4 1 10 8 3 12 90
4 1 10 7 9 7 116
4 1 10 6 15 2 153
4 1 10 6 4 13 97
4 1 10 5 10 8 77
4 1 10 4 16 3 9
4 1 10 4 5 14 41
4 1 10 3 11 9 162
4 1 10 3 0 20 22
4 1 10 2 17 4 43
4 1 10 2 6 15 92
4 1 10 1 12 10 74
4 1 10 1 1 21 160
4 1 10 0 18 5 115
4 1 10 0 7 16 197
4 1 9 21 0 3 79
4 1 9 19 1 4 128
4 1 9 17 2 5 144
4 1 9 16 8 0 192
4 1 9 15 3 6 116
4 1 9 14 9 1 46
4 1 9 13 4 7 178
4 1 9 12 10 2 105
4 1 9 10 11 3 73
4 1 9 10 0 14 21
4 1 9 9 6 9 83
4 1 9 8 12 4 94
4 1 9 8 1 15 50
4 1 9 7 7 10 176
4 1 9 6 13 5 62
4 1 9 6 2 16 196
4 1 9 5 19 0 103
4 1 9 5 8 11 137
4 1 9 4 14 6 16
4 1 9 4 3 17 88
4 1 9 3 20 1 113
4 1 9 3 9 12 2
4 1 9 2 15 7 147
4 1 9 2 4 18 117
4 1 9 1 21 2 167
4 1 9 1 10 13 167
4 1 9 0 16 8 152
4 1 9 0 5 19 151
4 1 8 22 3 0 56
4 1 8 20 4 1 151
4 1 8 18 5 2 128
4 1 8 17 0 8 196
4 1 8 16 6 3 10
4 1 8 15 1 9 94
4 1 8 14 7 4 142
4 1 8 13 2 10 37
4 1 8 12 8 5 63
4 1 8 11 14 0 129
4 1 8 11 3 11 43
4 1 8 10 9 6 182
4 1 8 9 15 1 16
4 1 8 9 4 12 193
4 1 8 8 10 7 171
4 1 8 7 16 2 98
4 1 8 7 5 13 151
4 1 8 6 11 8 131
4 1 8 6 0 19 112
4 1 8 5 17 3 183
4 1 8 5 6 14 173
4 1 8 4 12 9 190
4 1 8 4 1 20 121
4 1 8 3 18 4 133
4 1 8 3 7 15 65
4 1 8 2 13 10 135
4 1 8 2 2 21 159
4 1 8 1 19 5 64
4 1 8 1 8 16 91
4 1 8 0 25 0 121
4 1 8 0 14 11 31
4 1 8 0 3 22 123
4 1 7 24 0 2 31
4 1 7 22 1 3 42
4 1 7 20 2 4 46
4 1 7 18 3 5 85
4 1 7 17 9 0 39
4 1 7 16 4 6 45
4 1 7 15 10 1 175
4 1 7 14 5 7 77
4 1 7 13 11 2 141
4 1 7 13 0 13 186
4 1 7 12 6 8 165
4 1 7 11 12 3 132
4 1 7 11 1 14 47
4 1 7 10 7 9 30
4 1 7 9 13 4 87
4 1 7 9 2 15 162
4 1 7 8 8 10 172
4 1 7 7 14 5 183
4 1 7 7 3 16 26
4 1 7 6 20 0 143
4 1 7 6 9 11 22
4 1 7 5 15 6 50
4 1 7 5 4 17 15
4 1 7 4 21 1 115
4 1 7 4 10 12 167
4 1 7 3 16 7 125
4 1 7 3 5 18 27
4 1 7 2 22 2 177
4 1 7 2 11 13 101
4 1 7 2 0 24 179
4 1 7 1 17 8 45
4 1 7 1 6 19 41
4 1 7 0 23 3 167
4 1 7 0 12 14 163
4 1 7 0 1 25 172
4 1 6 23 4 0 142
4 1 6 21 5 1 34
4 1 6 20 0 7 168
4 1 6 19 6 2 80
4 1 6 18 1 8 171
4 1 6 17 7 3 76
4 1 6 16 2 9 114
4 1 6 15 8 4 18
4 1 6 14 3 10 31
4 1 6 13 9 5 159
4 1 6 12 15 0 27
4 1 6 12 4 11 167
4 1 6 11 10 6 53
4 1 6 10 16 1 84
4 1 6 10 5 12 111
4 1 6 9 11 7 80
4 1 6 9 0 18 105
4 1 6 8 17 2 65
4 1 6 8 6 13 50
4 1 6 7 12 8 21
4 1 6 7 1 19 14
4 1 6 6 18 3 3
4 1 6 6 7 14 116
4 1 6 5 13 9 42
4 1 6 5 2 20 36
4 1 6 4 19 4 36
4 1 6 4 8 15 73
4 1 6 3 14 10 99
4 1 6 3 3 21 176
4 1 6 2 20 5 195
4 1 6 2 9 16 135
4 1 6 1 26 0 128
4 1 6 1 15 11 189
4 1 6 1 4 22 91
4 1 6 0 21 6 74
4 1 6 0 10 17 108
4 1 5 27 0 1 153
4 1 5 25 1 2 112
4 1 5 23 2 3 67
4 1 5 21 3 4 113
4 1 5 19 4 5 84
4 1 5 18 10 0 147
4 1 5 17 5 6 176
4 1 5 16 11 1 62
4 1 5 16 0 12 62
4 1 5 15 6 7 48
4 1 5 14 12 2 47
4 1 5 14 1 13 4
4 1 5 13 7 8 16
4 1 5 12 13 3 86
4 1 5 12 2 14 163
4 1 5 11 8 9 127
4 1 5 10 14 4 167
4 1 5 10 3 15 63
4 1 5 9 9 10 197
4 1 5 8 15 5 130
4 1 5 8 4 16 92
4 1 5 7 21 0 112
4 1 5 7 10 11 192
4 1 5 6 16 6 41
4 1 5 6 5 17 87
4 1 5 5 22 1 40
4 1 5 5 11 12 102
4 1 5 5 0 23 105
4 1 5 4 17 7 192
4 1 5 4 6 18 104
4 1 5 3 23 2 91
4 1 5 3 12 13 7
4 1 5 3 1 24 111
4 1 5 2 18 8 190
4 1 5 2 7 19 79
4 1 5 1 24 3 198
4 1 5 1 13 14 76
4 1 5 1 2 25 62
4 1 5 0 19 9 91
4 1 5 0 8 20 155
4 1 4 24 5 0 132
4 1 4 23 0 6 114
4 1 4 22 6 1 25
4 1 4 21 1 7 138
4 1 4 19 2 8 106
4 1 4 18 8 3 42
4 1 4 17 3 9 174
4 1 4 16 9 4 163
4 1 4 15 4 10 14
4 1 4 14 10 5 8
4 1 4 13 16 0 74
4 1 4 13 5 11 38
4 1 4 12 11 6 4
4 1 4 12 0 17 40
4 1 4 11 17 1 182
4 1 4 11 6 12 48
4 1 4 10 12 7 176
4 1 4 10 1 18 176
4 1 4 9 18 2 167
4 1 4 9 7 13 115
4 1 4 8 13 8 186
4 1 4 8 2 19 45
4 1 4 7 19 3 6
4 1 4 7 8 14 127
4 1 4 6 14 9 43
4 1 4 6 3 20 192
4 1 4 5 20 4 1
4 1 4 5 9 15 196
4 1 4 4 15 10 192
4 1 4 4 4 21 8
4 1 4 3 21 5 62
4 1 4 3 10 16 48
4 1 4 2 27 0 19
4 1 4 2 16 11 35
4 1 4 2 5 22 29
4 1 4 1 22 6 183
4 1 4 1 11 17 165
4 1 4 1 0 28 126
4 1 4 0 28 1 141
4 1 4 0 17 12 156
4 1 4 0 6 23 118
4 1 3 30 0 0 23
4 1 3 28 1 1 149
4 1 3 26 2 2 150
4 1 3 24 3 3 136
4 1 3 22 4 4 152
4 1 3 20 5 5 121
4 1 3 19 11 0 191
4 1 3 19 0 11 50
4 1 3 18 6 6 123
4 1 3 17 12 1 154
4 1 3 17 1 12 4
4 1 3 16 7 7 53
4 1 3 15 13 2 144
4 1 3 15 2 13 119
4 1 3 14 8 8 56
4 1 3 13 14 3 97
4 1 3 13 3 14 72
4 1 3 12 9 9 55
4 1 3 11 15 4 164
4 1 3 11 4 15 58
4 1 3 10 10 10 38
4 1 3 9 16 5 16
4 1 3 9 5 16 27
4 1 3 8 22 0 106
4 1 3 8 11 11 97
4 1 3 8 0 22 154
4 1 3 7 17 6 167
4 1 3 7 6 17 15
4 1 3 6 23 1 39
4 1 3 6 12 12 132
4 1 3 6 1 23 47
4 1 3 5 18 7 189
4 1 3 5 7 18 41
4 1 3 4 24 2 41
4 1 3 4 13 13 58
4 1 3 4 2 24 169
4 1 3 3 19 8 86
4 1 3 3 8 19 140
4 1 3 2 25 3 76
4 1 3 2 14 14 35
4 1 3 2 3 25 193
4 1 3 1 20 9 18
4 1 3 1 9 20 187
4 1 3 0 26 4 80
4 1 3 0 15 15 46
4 1 3 0 4 26 148
4 1 2 26 0 5 41
4 1 2 25 6 0 44
4 1 2 24 1 6 11
4 1 2 23 7 1 71
4 1 2 22 2 7 159
4 1 2 21 8 2 116
4 1 2 20 3 8 27
4 1 2 19 9 3 11
4 1 2 18 4 9 54
4 1 2 17 10 4 178
4 1 2 16 5 10 198
4 1 2 15 11 5 121
4 1 2 15 0 16 66
4 1 2 14 17 0 144
4 1 2 14 6 11 93
4 1 2 13 12 6 90
4 1 2 13 1 17 161
4 1 2 12 18 1 144
4 1 2 12 7 12 133
4 1 2 11 13 7 39
4 1 2 11 2 18 3
4 1 2 10 19 2 149
4 1 2 10 8 13 118
4 1 2 9 14 8 130
4 1 2 9 3 19 123
4 1 2 8 20 3 7
4 1 2 8 9 14 76
4 1 2 7 15 9 1
4 1 2 7 4 20 23
4 1 2 6 21 4 186
4 1 2 6 10 15 59
4 1 2 5 16 10 131
4 1 2 5 5 21 156
4 1 2 4 22 5 145
4 1 2 4 11 16 46
4 1 2 4 0 27 159
4 1 2 3 28 0 184
4 1 2 3 17 11 155
4 1 2 3 6 22 142
4 1 2 2 23 6 125
4 1 2 2 12 17 102
4 1 2 2 1 28 76
4 1 2 1 29 1 90
4 1 2 1 18 12 111
4 1 2 1 7 23 117
4 1 2 0 24 7 58
4 1 2 0 13 18 148
4 1 2 0 2 29 105
4 1 1 31 1 0 27
4 1 1 29 2 1 4
4 1 1 27 3 2 44
4 1 1 25 4 3 60
4 1 1 23 5 4 6
4 1 1 22 0 10 120
4 1 1 21 6 5 14
4 1 1 20 12 0 159
4 1 1 20 1 11 93
4 1 1 19 7 6 28
4 1 1 18 13 1 78
4 1 1 18 2 12 57
4 1 1 17 8 7 168
4 1 1 16 14 2 110
4 1 1 16 3 13 73
4 1 1 15 9 8 107
4 1 1 14 15 3 106
4 1 1 14 4 14 43
4 1 1 13 10 9 143
4 1 1 12 16 4 79
4 1 1 12 5 15 19
4 1 1 11 11 10 118
4 1 1 11 0 21 23
4 1 1 10 17 5 134
4 1 1 10 6 16 110
4 1 1 9 23 0 38
4 1 1 9 12 11 125
4 1 1 9 1 22 149
4 1 1 8 18 6 47
4 1 1 8 7 17 70
4 1 1 7 24 1 189
4 1 1 7 13 12 166
4 1 1 7 2 23 188
4 1 1 6 19 7 10
4 1 1 6 8 18 109
4 1 1 5 25 2 101
4 1 1 5 14 13 190
4 1 1 5 3 24 193
4 1 1 4 20 8 163
4 1 1 4 9 19 28
4 1 1 3 26 3 109
4 1 1 3 15 14 148
4 1 1 3 4 25 95
4 1 1 2 21 9 114
4 1 1 2 10 20 35
4 1 1 1 27 4 197
4 1 1 1 16 15 82
4 1 1 1 5 26 95
4 1 1 0 22 10 64
4 1 1 0 11 21 114
4 1 1 0 0 32 71
4 1 0 29 0 4 19
4 1 0 27 1 5 4
4 1 0 26 7 0 63
4 1 0 25 2 6 128
4 1 0 24 8 1 162
4 1 0 23 3 7 157
4 1 0 22 9 2 124
4 1 0 21 4 8 54
4 1 0 20 10 3 178
4 1 0 19 5 9 143
4 1 0 18 11 4 166
4 1 0 18 0 15 80
4 1 0 17 6 10 158
4 1 0 16 12 5 82
4 1 0 16 1 16 86
4 1 0 15 18 0 148
4 1 0 15 7 11 44
4 1 0 14 13 6 54
4 1 0 14 2 17 105
4 1 0 13 19 1 126
4 1 0 13 8 12 183
4 1 0 12 14 7 147
4 1 0 12 3 18 10
4 1 0 11 20 2 49
4 1 0 11 9 13 1
4 1 0 10 15 8 139
4 1 0 10 4 19 127
4 1 0 9 21 3 91
4 1 0 9 10 14 172
4 1 0 8 16 9 105
4 1 0 8 5 20 159
4 1 0 7 22 4 171
4 1 0 7 11 15 50
4 1 0 7 0 26 126
4 1 0 6 17 10 21
4 1 0 6 6 21 95
4 1 0 5 23 5 17
4 1 0 5 12 16 16
4 1 0 5 1 27 15
4 1 0 4 29 0 83
4 1 0 4 18 11 46
4 1 0 4 7 22 154
4 1 0 3 24 6 97
4 1 0 3 13 17 152
4 1 0 3 2 28 82
4 1 0 2 30 1 119
4 1 0 2 19 12 105
4 1 0 2 8 23 175
4 1 0 1 25 7 122
4 1 0 1 14 18 180
4 1 0 1 3 29 149
4 1 0 0 31 2 150
4 1 0 0 20 13 166
4 1 0 0 9 24 190
4 0 31 1 1 1 110
4 0 29 4 1 0 39
4 0 29 2 2 1 161
4 0 29 0 3 2 68
4 0 28 2 0 4 127
4 0 28 0 1 5 135
4 0 27 5 2 0 31
4 0 27 3 3 1 2
4 0 27 1 4 2 176
4 0 26 5 0 3 50
4 0 26 3 1 4 48
4 0 26 1 2 5 72
4 0 26 0 8 0 143
4 0 25 6 3 0 104
4 0 25 4 4 1 71
4 0 25 2 5 2 22
4 0 25 1 0 8 16
4 0 25 0 6 3 127
4 0 24 8 0 2 55
4 0 24 6 1 3 43
4 0 24 4 2 4 116
4 0 24 2 3 5 67
4 0 24 1 9 0 83
4 0 24 0 4 6 87
4 0 23 7 4 0 131
4 0 23 5 5 1 89
4 0 23 4 0 7 120
4 0 23 3 6 2 165
4 0 23 2 1 8 192
4 0 23 1 7 3 47
4 0 23 0 2 9 2
4 0 22 11 0 1 132
4 0 22 9 1 2 192
4 0 22 7 2 3 61
4 0 22 5 3 4 115
4 0 22 3 4 5 64
4 0 22 2 10 0 77
4 0 22 1 5 6 1
4 0 22 0 11 1 12
4 0 22 0 0 12 128
4 0 21 8 5 0 62
4 0 21 7 0 6 122
4 0 21 6 6 1 177
4 0 21 5 1 7 181
4 0 21 4 7 2 95
4 0 21 3 2 8 58
4 0 21 2 8 3 15
4 0 21 1 3 9 55
4 0 21 0 9 4 50
4 0 20 14 0 0 91
4 0 20 12 1 1 187
4 0 20 10 2 2 110
4 0 20 8 3 3 128
4 0 20 6 4 4 137
4 0 20 4 5 5 152
4 0 20 3 11 0 129
4 0 20 3 0 11 194
4 0 20 2 6 6 44
4 0 20 1 12 1 54
4 0 20 1 1 12 41
4 0 20 0 7 7 135
4 0 19 10 0 5 59
4 0 19 9 6 0 190
4 0 19 8 1 6 43
4 0 19 7 7 1 95
4 0 19 6 2 7 196
4 0 19 5 8 2 5
4 0 19 4 3 8 150
4 0 19 3 9 3 14
4 0 19 2 4 9 22
4 0 19 1 10 4 35
4 0 19 0 5 10 89
4 0 18 15 1 0 114
4 0 18 13 2 1 39
4 0 18 11 3 2 140
4 0 18 9 4 3 3
4 0 18 7 5 4 68
4 0 18 6 0 10 2
4 0 18 5 6 5 138
4 0 18 4 12 0 184
4 0 18 4 1 11 157
4 0 18 3 7 6 51
4 0 18 2 13 1 42
4 0 18 2 2 12 96
4 0 18 1 8 7 181
4 0 18 0 14 2 84
4 0 18 0 3 13 16
4 0 17 13 0 4 198
4 0 17 11 1 5 80
4 0 17 10 7 0 189
4 0 17 9 2 6 20
4 0 17 8 8 1 133
4 0 17 7 3 7 48
4 0 17 6 9 2 165
4 0 17 5 4 8 103
4 0 17 4 10 3 71
4 0 17 3 5 9 104
4 0 17 2 11 4 146
4 0 17 2 0 15 39
4 0 17 1 6 10 131
4 0 17 0 12 5 41
4 0 17 0 1 16 76
4 0 16 16 2 0 70
4 0 16 14 3 1 52
4 0 16 12 4 2 67
4 0 16 10 5 3 111
4 0 16 9 0 9 62
4 0 16 8 6 4 168
4 0 16 7 1 10 183
4 0 16 6 7 5 11
4 0 16 5 13 0 65
4 0 16 5 2 11 21
4 0 16 4 8 6 94
4 0 16 3 14 1 6
4 0 16 3 3 12 100
4 0 16 2 9 7 141
4 0 16 1 15 2 145
4 0 16 1 4 13 18
4 0 16 0 10 8 18
4 0 15 16 0 3 4
4 0 15 14 1 4 154
4 0 15 12 2 5 151
4 0 15 11 8 0 172
4 0 15 10 3 6 15
4 0 15 9 9 1 183
4 0 15 8 4 7 5
4 0 15 7 10 2 133
4 0 15 6 5 8 188
4 0 15 5 11 3 115
4 0 15 5 0 14 59
4 0 15 4 6 9 68
4 0 15 3 12 4 13
4 0 15 3 1 15 116
4 0 15 2 7 10 61
4 0 15 1 13 5 82
4 0 15 1 2 16 42
4 0 15 0 19 0 91
4 0 15 0 8 11 145
4 0 14 17 3 0 68
4 0 14 15 4 1 91
4 0 14 13 5 2 90
4 0 14 12 0 8 73
4 0 14 11 6 3 146
4 0 14 10 1 9 52
4 0 14 9 7 4 131
4 0 14 8 2 10 159
4 0 14 7 8 5 56
4 0 14 6 14 0 131
4 0 14 6 3 11 197
4 0 14 5 9 6 16
4 0 14 4 15 1 25
4 0 14 4 4 12 43
4 0 14 3 10 7 119
4 0 14 2 16 2 32
4 0 14 2 5 13 113
4 0 14 1 11 8 114
4 0 14 1 0 19 110
4 0 14 0 17 3 4
4 0 14 0 6 14 91
4 0 13 19 0 2 120
4 0 13 17 1 3 121
4 0 13 15 2 4 192
4 0 13 13 3 5 23
4 0 13 12 9 0 151
4 0 13 11 4 6 17
4 0 13 10 10 1 34
4 0 13 9 5 7 91
4 0 13 8 11 2 14
4 0 13 8 0 13 65
4 0 13 7 6 8 127
4 0 13 6 12 3 183
4 0 13 6 1 14 164
4 0 13 5 7 9 167
4 0 13 4 13 4 179
4 0 13 4 2 15 146
4 0 13 3 8 10 158
4 0 13 2 14 5 49
4 0 13 2 3 16 24
4 0 13 1 20 0 14
4 0 13 1 9 11 142
4 0 13 0 15 6 181
4 0 13 0 4 17 70
4 0 12 18 4 0 14
4 0 12 16 5 1 194
4 0 12 15 0 7 8
4 0 12 14 6 2 21
4 0 12 13 1 8 196
4 0 12 12 7 3 196
4 0 12 11 2 9 114
4 0 12 10 8 4 170
4 0 12 9 3 10 168
4 0 12 8 9 5 39
4 0 12 7 15 0 151
4 0 12 7 4 11 9
4 0 12 6 10 6 42
4 0 12 5 16 1 169
4 0 12 5 5 12 89
4 0 12 4 11 7 183
4 0 12 4 0 18 148
4 0 12 3 17 2 19
4 0 12 3 6 13 48
4 0 12 2 12 8 180
4 0 12 2 1 19 114
4 0 12 1 18 3 64
4 0 12 1 7 14 75
4 0 12 0 13 9 186
4 0 12 0 2 20 83
4 0 11 22 0 1 42
4 0 11 20 1 2 185
4 0 11 18 2 3 50
4 0 11 16 3 4 119
4 0 11 14 4 5 84
4 0 11 13 10 0 92
4 0 11 12 5 6 86
4 0 11 11 11 1 191
4 0 11 11 0 12 194
4 0 11 10 6 7 179
4 0 11 9 12 2 136
4 0 11 9 1 13 114
4 0 11 8 7 8 52
4 0 11 7 13 3 63
4 0 11 7 2 14 52
4 0 11 6 8 9 150
4 0 11 5 14 4 106
4 0 11 5 3 15 11
4 0 11 4 9 10 38
4 0 11 3 15 5 16
4 0 11 3 4 16 17
4 0 11 2 21 0 86
4 0 11 2 10 11 92
4 0 11 1 16 6 190
4 0 11 1 5 17 76
4 0 11 0 22 1 66
4 0 11 0 11 12 186
4 0 11 0 0 23 125
4 0 10 19 5 0 12
4 0 10 18 0 6 169
4 0 10 17 6 1 146
4 0 10 16 1 7 65
4 0 10 15 7 2 122
4 0 10 14 2 8 172
4 0 10 13 8 3 114
4 0 10 12 3 9 31
4 0 10 11 9 4 137
4 0 10 10 4 10 25
4 0 10 9 10 5 149
4 0 10 8 16 0 109
4 0 10 8 5 11 155
4 0 10 7 11 6 79
4 0 10 7 0 17 83
4 0 10 6 17 1 101
4 0 10 6 6 12 53
4 0 10 5 12 7 149
4 0 10 5 1 18 127
4 0 10 4 18 2 68
4 0 10 4 7 13 22
4 0 10 3 13 8 45
4 0 10 3 2 19 16
4 0 10 2 19 3 103
4 0 10 2 8 14 31
4 0 10 1 14 9 188
4 0 10 1 3 20 142
4 0 10 0 20 4 54
4 0 10 0 9 15 134
4 0 9 25 0 0 65
4 0 9 23 1 1 106
4 0 9 21 2 2 74
4 0 9 19 3 3 9
4 0 9 17 4 4 59
4 0 9 15 5 5 150
4 0 9 14 11 0 160
4 0 9 14 0 11 152
4 0 9 13 6 6 137
4 0 9 12 12 1 156
4 0 9 12 1 12 52
4 0 9 11 7 7 42
4 0 9 10 13 2 91
4 0 9 10 2 13 173
4 0 9 9 8 8 81
4 0 9 8 14 3 179
4 0 9 8 3 14 173
4 0 9 7 9 9 181
4 0 9 6 15 4 35
4 0 9 6 4 15 129
4 0 9 5 10 10 103
4 0 9 4 16 5 181
4 0 9 4 5 16 109
4 0 9 3 22 0 43
4 0 9 3 11 11 17
4 0 9 3 0 22 151
4 0 9 2 17 6 26
4 0 9 2 6 17 133
4 0 9 1 23 1 124
4 0 9 1 12 12 13
4 0 9 1 1 23 143
4 0 9 0 18 7 151
4 0 9 0 7 18 30
4 0 8 21 0 5 157
4 0 8 20 6 0 1
4 0 8 19 1 6 130
4 0 8 18 7 1 168
4 0 8 17 2 7 156
4 0 8 16 8 2 9
4 0 8 15 3 8 123
4 0 8 14 9 3 147
4 0 8 13 4 9 115
4 0 8 12 10 4 26
4 0 8 10 11 5 187
4 0 8 10 0 16 45
4 0 8 9 17 0 15
4 0 8 9 6 11 143
4 0 8 8 12 6 52
4 0 8 8 1 17 162
4 0 8 7 18 1 191
4 0 8 7 7 12 36
4 0 8 6 13 7 39
4 0 8 6 2 18 5
4 0 8 5 19 2 82
4 0 8 5 8 13 127
4 0 8 4 14 8 195
4 0 8 4 3 19 78
4 0 8 3 20 3 139
4 0 8 3 9 14 94
4 0 8 2 15 9 119
4 0 8 2 4 20 73
4 0 8 1 21 4 184
4 0 8 1 10 15 132
4 0 8 0 16 10 38
4 0 8 0 5 21 28
4 0 7 26 1 0 122
4 0 7 24 2 1 93
4 0 7 22 3 2 51
4 0 7 20 4 3 198
4 0 7 18 5 4 170
4 0 7 17 0 10 6
4 0 7 16 6 5 128
4 0 7 15 12 0 139
4 0 7 15 1 11 65
4 0 7 14 7 6 15
4 0 7 13 13 1 66
4 0 7 13 2 12 154
4 0 7 12 8 7 153
4 0 7 11 14 2 51
4 0 7 11 3 13 65
4 0 7 10 9 8 94
4 0 7 9 15 3 43
4 0 7 9 4 14 50
4 0 7 8 10 9 44
4 0 7 7 16 4 27
4 0 7 7 5 15 31
4 0 7 6 11 10 163
4 0 7 6 0 21 28
4 0 7 5 17 5 35
4 0 7 5 6 16 42
4 0 7 4 23 0 146
4 0 7 4 12 11 153
4 0 7 4 1 22 129
4 0 7 3 18 6 74
4 0 7 3 7 17 126
4 0 7 2 13 12 115
4 0 7 2 2 23 94
4 0 7 1 19 7 59
4 0 7 1 8 18 29
4 0 7 0 25 2 159
4 0 7 0 14 13 115
4 0 7 0 3 24 77
4 0 6 24 0 4 124
4 0 6 22 1 5 111
4 0 6 21 7 0 169
4 0 6 20 2 6 86
4 0 6 19 8 1 34
4 0 6 18 3 7 63
4 0 6 17 9 2 96
4 0 6 16 4 8 77
4 0 6 15 10 3 117
4 0 6 14 5 9 64
4 0 6 13 11 4 141
4 0 6 13 0 15 80
4 0 6 12 6 10 149
4 0 6 11 12 5 9
4 0 6 11 1 16 120
4 0 6 10 18 0 188
4 0 6 10 7 11 156
4 0 6 9 13 6 145
4 0 6 9 2 17 159
4 0 6 8 19 1 15
4 0 6 8 8 12 74
4 0 6 7 14 7 99
4 0 6 7 3 18 80
4 0 6 6 20 2 152
4 0 6 6 9 13 168
4 0 6 5 15 8 88
4 0 6 5 4 19 161
4 0 6 4 21 3 147
4 0 6 4 10 14 114
4 0 6 3 16 9 84
4 0 6 3 5 20 162
4 0 6 2 22 4 155
4 0 6 2 11 15 125
4 0 6 2 0 26 188
4 0 6 1 17 10 148
4 0 6 1 6 21 97
4 0 6 0 23 5 57
4 0 6 0 12 16 166
4 0 6 0 1 27 192
4 0 5 27 2 0 165
4 0 5 25 3 1 43
4 0 5 23 4 2 4
4 0 5 21 5 3 192
4 0 5 20 0 9 56
4 0 5 19 6 4 152
4 0 5 18 1 10 184
4 0 5 17 7 5 73
4 0 5 16 13 0 24
4 0 5 16 2 11 160
4 0 5 15 8 6 2
4 0 5 14 14 1 113
4 0 5 14 3 12 26
4 0 5 13 9 7 26
4 0 5 12 15 2 153
4 0 5 12 4 13 71
4 0 5 11 10 8 97
4 0 5 10 16 3 185
4 0 5 10 5 14 162
4 0 5 9 11 9 141
4 0 5 9 0 20 124
4 0 5 8 17 4 144
4 0 5 8 6 15 83
4 0 5 7 1 21 172
4 0 5 6 18 5 155
4 0 5 6 7 16 78
4 0 5 5 24 0 127
4 0 5 5 13 11 145
4 0 5 5 2 22 188
4 0 5 4 19 6 23
4 0 5 4 8 17 100
4 0 5 3 25 1 151
4 0 5 3 14 12 72
4 0 5 3 3 23 147
4 0 5 2 20 7 11
4 0 5 2 9 18 129
4 0 5 1 26 2 165
4 0 5 1 15 13 29
4 0 5 1 4 24 143
4 0 5 0 21 8 164
4 0 5 0 10 19 28
4 0 4 27 0 3 188
4 0 4 25 1 4 53
4 0 4 23 2 5 57
4 0 4 22 8 0 76
4 0 4 21 3 6 191
4 0 4 20 9 1 56
4 0 4 19 4 7 131
4 0 4 18 10 2 48
4 0 4 17 5 8 132
4 0 4 16 11 3 15
4 0 4 16 0 14 122
4 0 4 15 6 9 24
4 0 4 14 12 4 116
4 0 4 14 1 15 172
4 0 4 13 7 10 100
4 0 4 12 13 5 196
4 0 4 12 2 16 157
4 0 4 11 19 0 135
4 0 4 11 8 11 189
4 0 4 10 14 6 115
4 0 4 10 3 17 94
4 0 4 9 20 1 188
4 0 4 9 9 12 104
4 0 4 8 15 7 12
4 0 4 8 4 18 166
4 0 4 7 21 2 162
4 0 4 7 10 13 52
4 0 4 6 16 8 30
4 0 4 6 5 19 154
4 0 4 5 22 3 75
4 0 4 5 11 14 90
4 0 4 5 0 25 45
4 0 4 4 17 9 36
4 0 4 4 6 20 86
4 0 4 3 23 4 177
4 0 4 3 12 15 141
4 0 4 3 1 26 128
4 0 4 2 18 10 1
4 0 4 2 7 21 179
4 0 4 1 24 5 133
4 0 4 1 13 16 84
4 0 4 1 2 27 79
4 0 4 0 30 0 177
4 0 4 0 19 11 161
4 0 4 0 8 22 52
4 0 3 28 3 0 110
4 0 3 26 4 1 105
4 0 3 24 5 2 8
4 0 3 23 0 8 176
4 0 3 22 6 3 132
4 0 3 21 1 9 61
4 0 3 20 7 4 110
4 0 3 19 2 10 78
4 0 3 18 8 5 55
4 0 3 17 14 0 19
4 0 3 17 3 11 133
4 0 3 16 9 6 31
4 0 3 15 15 1 47
4 0 3 15 4 12 77
4 0 3 14 10 7 18
4 0 3 13 16 2 198
4 0 3 13 5 13 87
4 0 3 12 11 8 68
4 0 3 12 0 19 149
4 0 3 11 17 3 72
4 0 3 11 6 14 5
4 0 3 10 12 9 179
4 0 3 10 1 20 89
4 0 3 9 18 4 82
4 0 3 9 7 15 44
4 0 3 8 13 10 178
4 0 3 8 2 21 35
4 0 3 7 19 5 97
4 0 3 7 8 16 111
4 0 3 6 25 0 172
4 0 3 6 14 11 94
4 0 3 6 3 22 70
4 0 3 5 20 6 138
4 0 3 5 9 17 51
4 0 3 4 26 1 92
4 0 3 4 15 12 196
4 0 3 4 4 23 139
4 0 3 3 21 7 89
4 0 3 3 10 18 58
4 0 3 2 27 2 28
4 0 3 2 16 13 94
4 0 3 2 5 24 140
4 0 3 1 22 8 58
4 0 3 1 11 19 147
4 0 3 1 0 30 98
4 0 3 0 28 3 1
4 0 3 0 17 14 67
4 0 3 0 6 25 166
4 0 2 30 0 2 34
4 0 2 28 1 3 13
4 0 2 26 2 4 104
4 0 2 24 3 5 120
4 0 2 23 9 0 184
4 0 2 22 4 6 151
4 0 2 21 10 1 142
4 0 2 20 5 7 100
4 0 2 19 11 2 83
4 0 2 19 0 13 122
4 0 2 18 6 8 140
4 0 2 17 12 3 73
4 0 2 17 1 14 68
4 0 2 16 7 9 118
4 0 2 15 13 4 135
4 0 2 15 2 15 127
4 0 2 14 8 10 146
4 0 2 13 14 5 160
4 0 2 13 3 16 50
4 0 2 12 20 0 62
4 0 2 12 9 11 4
4 0 2 11 15 6 80
4 0 2 11 4 17 70
4 0 2 10 21 1 124
4 0 2 10 10 12 11
4 0 2 9 16 7 165
4 0 2 9 5 18 101
4 0 2 8 22 2 66
4 0 2 8 11 13 45
4 0 2 8 0 24 34
4 0 2 7 17 8 162
4 0 2 7 6 19 83
4 0 2 6 23 3 76
4 0 2 6 12 14 73
4 0 2 6 1 25 110
4 0 2 5 18 9 93
4 0 2 5 7 20 157
4 0 2 4 24 4 104
4 0 2 4 13 15 130
4 0 2 4 2 26 40
4 0 2 3 19 10 32
4 0 2 3 8 21 164
4 0 2 2 25 5 29
4 0 2 2 14 16 95
4 0 2 2 3 27 171
4 0 2 1 31 0 72
4 0 2 1 20 11 74
4 0 2 1 9 22 62
4 0 2 0 26 6 172
4 0 2 0 15 17 78
4 0 2 0 4 28 50
4 0 1 29 4 0 148
4 0 1 27 5 1 70
4 0 1 26 0 7 104
4 0 1 25 6 2 87
4 0 1 24 1 8 156
4 0 1 23 7 3 67
4 0 1 22 2 9 190
4 0 1 21 8 4 28
4 0 1 20 3 10 56
4 0 1 19 9 5 116
4 0 1 18 15 0 121
4 0 1 18 4 11 70
4 0 1 17 10 6 97
4 0 1 16 16 1 57
4 0 1 16 5 12 65
4 0 1 15 11 7 38
4 0 1 15 0 18 191
4 0 1 14 17 2 35
4 0 1 14 6 13 133
4 0 1 13 12 8 4
4 0 1 13 1 19 7
4 0 1 12 18 3 184
4 0 1 12 7 14 148
4 0 1 11 13 9 105
4 0 1 11 2 20 186
4 0 1 10 19 4 153
4 0 1 10 8 15 55
4 0 1 9 14 10 139
4 0 1 9 3 21 99
4 0 1 8 20 5 109
4 0 1 8 9 16 43
4 0 1 7 26 0 4
4 0 1 7 15 11 154
4 0 1 7 4 22 191
4 0 1 6 10 17 5
4 0 1 5 27 1 29
4 0 1 5 16 12 18
4 0 1 5 5 23 67
4 0 1 4 22 7 166
4 0 1 4 11 18 20
4 0 1 4 0 29 31
4 0 1 3 28 2 190
4 0 1 3 17 13 144
4 0 1 3 6 24 191
4 0 1 2 23 8 65
4 0 1 2 12 19 170
4 0 1 2 1 30 43
4 0 1 1 29 3 33
4 0 1 1 18 14 25
4 0 1 1 7 25 61
4 0 1 0 24 9 90
4 0 1 0 13 20 21
4 0 1 0 2 31 175
4 0 0 33 0 1 40
4 0 0 31 1 2 139
4 0 0 29 2 3 43
4 0 0 27 3 4 10
4 0 0 25 4 5 88
4 0 0 24 10 0 190
4 0 0 23 5 6 13
4 0 0 22 11 1 89
4 0 0 22 0 12 91
4 0 0 21 6 7 87
4 0 0 20 12 2 66
4 0 0 20 1 13 185
4 0 0 19 7 8 196
4 0 0 18 13 3 148
4 0 0 18 2 14 88
4 0 0 17 8 9 19
4 0 0 16 14 4 35
4 0 0 16 3 15 29
4 0 0 15 9 10 119
4 0 0 14 15 5 150
4 0 0 14 4 16 69
4 0 0 13 21 0 15
4 0 0 13 10 11 77
4 0 0 12 16 6 23
4 0 0 12 5 17 142
4 0 0 11 22 1 57
4 0 0 11 11 12 90
4 0 0 11 0 23 159
4 0 0 10 17 7 65
4 0 0 10 6 18 67
4 0 0 9 23 2 157
4 0 0 9 12 13 56
4 0 0 9 1 24 169
4 0 0 8 18 8 40
4 0 0 8 7 19 127
4 0 0 7 24 3 22
4 0 0 7 13 14 138
4 0 0 7 2 25 67
4 0 0 6 19 9 61
4 0 0 6 8 20 40
4 0 0 5 25 4 78
4 0 0 5 14 15 141
4 0 0 5 3 26 110
4 0 0 4 20 10 191
4 0 0 4 9 21 192
4 0 0 3 26 5 172
4 0 0 3 15 16 102
4 0 0 3 4 27 69
4 0 0 2 32 0 22
4 0 0 2 21 11 152
4 0 0 2 10 22 168
4 0 0 1 27 6 62
4 0 0 1 16 17 67
4 0 0 1 5 28 102
4 0 0 0 22 12 66
4 0 0 0 11 23 69
