# FIX-VII-GATE candidate 10, p=199: degree-34 G-equivariant tuple
# (1,6)-profile along the arrangement AND vanishing on the Hessian curve C_20
# format: <component 0..4> <e0 e1 e2 e3 e4> <coefficient>
0 32 1 1 0 0 188
0 31 0 1 0 2 165
0 30 2 2 0 0 23
0 30 2 0 1 1 55
0 30 0 3 1 0 118
0 30 0 1 2 1 131
0 29 2 0 3 0 123
0 29 1 2 0 2 92
0 29 1 0 1 3 179
0 29 0 1 4 0 129
0 28 5 0 0 1 195
0 28 3 3 0 0 79
0 28 3 1 1 1 18
0 28 1 4 1 0 103
0 28 1 2 2 1 42
0 28 1 0 3 2 143
0 28 0 2 0 4 68
0 28 0 0 1 5 196
0 27 5 0 2 0 129
0 27 4 0 0 3 183
0 27 3 1 3 0 70
0 27 2 3 0 2 180
0 27 2 1 1 3 159
0 27 1 2 4 0 177
0 27 1 0 5 1 146
0 27 0 6 0 1 36
0 27 0 4 1 2 74
0 27 0 2 2 3 129
0 27 0 0 3 4 24
0 26 6 1 0 1 62
0 26 4 4 0 0 176
0 26 4 2 1 1 149
0 26 4 0 2 2 166
0 26 3 0 0 5 136
0 26 2 5 1 0 191
0 26 2 3 2 1 88
0 26 2 1 3 2 3
0 26 1 3 0 4 157
0 26 1 1 1 5 150
0 26 1 0 7 0 183
0 26 0 6 2 0 177
0 26 0 4 3 1 21
0 26 0 2 4 2 57
0 26 0 0 5 3 5
0 25 8 0 1 0 47
0 25 6 1 2 0 109
0 25 5 1 0 3 109
0 25 4 2 3 0 172
0 25 4 0 4 1 120
0 25 3 4 0 2 96
0 25 3 2 1 3 132
0 25 3 0 2 4 57
0 25 2 3 4 0 58
0 25 2 1 5 1 6
0 25 2 0 0 7 143
0 25 1 7 0 1 83
0 25 1 5 1 2 90
0 25 1 3 2 3 75
0 25 1 1 3 4 167
0 25 0 4 5 0 104
0 25 0 3 0 6 24
0 25 0 2 6 1 163
0 25 0 1 1 7 60
0 25 0 0 7 2 39
0 24 7 2 0 1 110
0 24 7 0 1 2 130
0 24 5 5 0 0 181
0 24 5 3 1 1 118
0 24 5 1 2 2 6
0 24 4 1 0 5 56
0 24 4 0 6 0 11
0 24 3 6 1 0 33
0 24 3 4 2 1 162
0 24 3 2 3 2 126
0 24 3 0 4 3 53
0 24 2 4 0 4 144
0 24 2 2 1 5 193
0 24 2 1 7 0 182
0 24 2 0 2 6 127
0 24 1 7 2 0 67
0 24 1 5 3 1 188
0 24 1 3 4 2 197
0 24 1 1 5 3 118
0 24 1 0 0 9 27
0 24 0 7 0 3 150
0 24 0 5 1 4 102
0 24 0 3 2 5 187
0 24 0 2 8 0 130
0 24 0 1 3 6 167
0 24 0 0 9 1 47
0 23 11 0 0 0 111
0 23 9 1 1 0 38
0 23 7 2 2 0 124
0 23 7 0 3 1 76
0 23 6 2 0 3 47
0 23 6 0 1 4 58
0 23 5 3 3 0 42
0 23 5 1 4 1 150
0 23 4 5 0 2 9
0 23 4 3 1 3 73
0 23 4 1 2 4 173
0 23 3 4 4 0 105
0 23 3 2 5 1 147
0 23 3 1 0 7 5
0 23 3 0 6 2 147
0 23 2 8 0 1 128
0 23 2 6 1 2 142
0 23 2 4 2 3 125
0 23 2 2 3 4 46
0 23 2 0 4 5 63
0 23 1 5 5 0 3
0 23 1 4 0 6 182
0 23 1 3 6 1 8
0 23 1 2 1 7 64
0 23 1 1 7 2 108
0 23 1 0 2 8 164
0 23 0 11 0 0 7
0 23 0 9 1 1 25
0 23 0 7 2 2 180
0 23 0 5 3 3 36
0 23 0 3 4 4 179
0 23 0 1 5 5 183
0 23 0 0 11 0 31
0 23 0 0 0 11 171
0 22 10 0 0 2 86
0 22 8 3 0 1 38
0 22 8 1 1 2 34
0 22 7 0 5 0 1
0 22 6 6 0 0 31
0 22 6 4 1 1 177
0 22 6 2 2 2 146
0 22 6 0 3 3 190
0 22 5 2 0 5 118
0 22 5 1 6 0 40
0 22 5 0 1 6 145
0 22 4 7 1 0 74
0 22 4 5 2 1 5
0 22 4 3 3 2 44
0 22 4 1 4 3 136
0 22 3 5 0 4 119
0 22 3 3 1 5 151
0 22 3 2 7 0 129
0 22 3 1 2 6 89
0 22 3 0 8 1 180
0 22 2 8 2 0 107
0 22 2 6 3 1 59
0 22 2 4 4 2 46
0 22 2 2 5 3 193
0 22 2 1 0 9 149
0 22 2 0 6 4 95
0 22 1 8 0 3 75
0 22 1 6 1 4 76
0 22 1 4 2 5 20
0 22 1 3 8 0 25
0 22 1 2 3 6 108
0 22 1 1 9 1 52
0 22 1 0 4 7 145
0 22 0 9 3 0 77
0 22 0 7 4 1 59
0 22 0 5 5 2 118
0 22 0 4 0 8 113
0 22 0 3 6 3 21
0 22 0 2 1 9 41
0 22 0 1 7 4 198
0 22 0 0 2 10 67
0 21 12 1 0 0 63
0 21 10 2 1 0 151
0 21 10 0 2 1 93
0 21 9 0 0 4 62
0 21 8 3 2 0 140
0 21 8 1 3 1 196
0 21 7 3 0 3 39
0 21 7 1 1 4 155
0 21 6 4 3 0 110
0 21 6 2 4 1 140
0 21 6 0 5 2 131
0 21 5 6 0 2 118
0 21 5 4 1 3 20
0 21 5 2 2 4 59
0 21 5 0 3 5 118
0 21 4 5 4 0 8
0 21 4 3 5 1 164
0 21 4 2 0 7 163
0 21 4 1 6 2 1
0 21 4 0 1 8 197
0 21 3 9 0 1 132
0 21 3 7 1 2 21
0 21 3 5 2 3 193
0 21 3 3 3 4 151
0 21 3 1 4 5 179
0 21 3 0 10 0 70
0 21 2 6 5 0 21
0 21 2 5 0 6 178
0 21 2 4 6 1 118
0 21 2 3 1 7 15
0 21 2 2 7 2 46
0 21 2 1 2 8 60
0 21 2 0 8 3 21
0 21 1 12 0 0 139
0 21 1 10 1 1 37
0 21 1 8 2 2 96
0 21 1 6 3 3 120
0 21 1 4 4 4 36
0 21 1 2 5 5 97
0 21 1 1 11 0 99
0 21 1 1 0 11 193
0 21 1 0 6 6 165
0 21 0 8 0 5 81
0 21 0 7 6 0 129
0 21 0 6 1 6 124
0 21 0 5 7 1 51
0 21 0 4 2 7 42
0 21 0 3 8 2 159
0 21 0 2 3 8 67
0 21 0 1 9 3 100
0 21 0 0 4 9 161
0 20 11 1 0 2 74
0 20 10 0 4 0 29
0 20 9 4 0 1 188
0 20 9 2 1 2 116
0 20 9 0 2 3 73
0 20 8 1 5 0 170
0 20 8 0 0 6 179
0 20 7 7 0 0 104
0 20 7 5 1 1 170
0 20 7 3 2 2 191
0 20 7 1 3 3 141
0 20 6 3 0 5 197
0 20 6 2 6 0 34
0 20 6 1 1 6 36
0 20 6 0 7 1 2
0 20 5 8 1 0 34
0 20 5 6 2 1 48
0 20 5 4 3 2 161
0 20 5 2 4 3 114
0 20 5 0 5 4 162
0 20 4 6 0 4 184
0 20 4 4 1 5 184
0 20 4 3 7 0 141
0 20 4 2 2 6 154
0 20 4 1 8 1 117
0 20 4 0 3 7 118
0 20 3 9 2 0 70
0 20 3 7 3 1 87
0 20 3 5 4 2 177
0 20 3 3 5 3 124
0 20 3 2 0 9 189
0 20 3 1 6 4 3
0 20 3 0 1 10 10
0 20 2 9 0 3 185
0 20 2 7 1 4 78
0 20 2 5 2 5 100
0 20 2 4 8 0 33
0 20 2 3 3 6 65
0 20 2 2 9 1 119
0 20 2 1 4 7 27
0 20 2 0 10 2 153
0 20 1 10 3 0 57
0 20 1 8 4 1 19
0 20 1 6 5 2 134
0 20 1 5 0 8 4
0 20 1 4 6 3 28
0 20 1 3 1 9 170
0 20 1 2 7 4 79
0 20 1 1 2 10 21
0 20 1 0 8 5 171
0 20 0 12 0 2 172
0 20 0 10 1 3 117
0 20 0 8 2 4 114
0 20 0 5 9 0 85
0 20 0 4 4 6 64
0 20 0 3 10 1 45
0 20 0 2 5 7 172
0 20 0 1 11 2 85
0 20 0 1 0 13 8
0 20 0 0 6 8 172
0 19 13 2 0 0 25
0 19 13 0 1 1 47
0 19 11 3 1 0 131
0 19 11 1 2 1 179
0 19 10 1 0 4 53
0 19 9 4 2 0 178
0 19 9 2 3 1 64
0 19 9 0 4 2 103
0 19 8 4 0 3 44
0 19 8 2 1 4 81
0 19 8 0 2 5 43
0 19 7 5 3 0 121
0 19 7 3 4 1 54
0 19 7 1 5 2 111
0 19 7 0 0 8 75
0 19 6 7 0 2 157
0 19 6 5 1 3 35
0 19 6 3 2 4 145
0 19 6 1 3 5 26
0 19 6 0 9 0 166
0 19 5 6 4 0 130
0 19 5 4 5 1 149
0 19 5 3 0 7 87
0 19 5 2 6 2 87
0 19 5 1 1 8 61
0 19 5 0 7 3 197
0 19 4 10 0 1 70
0 19 4 8 1 2 87
0 19 4 6 2 3 145
0 19 4 4 3 4 28
0 19 4 2 4 5 86
0 19 4 1 10 0 47
0 19 4 0 5 6 10
0 19 3 7 5 0 144
0 19 3 6 0 6 66
0 19 3 5 6 1 75
0 19 3 4 1 7 93
0 19 3 3 7 2 58
0 19 3 2 2 8 175
0 19 3 1 8 3 70
0 19 3 0 3 9 40
0 19 2 13 0 0 47
0 19 2 11 1 1 180
0 19 2 9 2 2 118
0 19 2 7 3 3 2
0 19 2 5 4 4 189
0 19 2 3 5 5 100
0 19 2 2 11 0 62
0 19 2 2 0 11 195
0 19 2 1 6 6 94
0 19 2 0 12 1 69
0 19 2 0 1 12 38
0 19 1 9 0 5 101
0 19 1 8 6 0 70
0 19 1 7 1 6 171
0 19 1 6 7 1 142
0 19 1 5 2 7 67
0 19 1 4 8 2 35
0 19 1 3 3 8 81
0 19 1 2 9 3 9
0 19 1 1 4 9 105
0 19 1 0 10 4 193
0 19 0 14 1 0 143
0 19 0 12 2 1 145
0 19 0 10 3 2 187
0 19 0 8 4 3 117
0 19 0 6 5 4 87
0 19 0 5 0 10 72
0 19 0 4 6 5 12
0 19 0 3 12 0 161
0 19 0 3 1 11 57
0 19 0 2 7 6 81
0 19 0 1 13 1 47
0 19 0 1 2 12 6
0 19 0 0 8 7 106
0 18 13 0 3 0 140
0 18 12 2 0 2 4
0 18 12 0 1 3 167
0 18 10 3 1 2 159
0 18 10 1 2 3 51
0 18 9 2 5 0 3
0 18 9 1 0 6 77
0 18 9 0 6 1 152
0 18 8 8 0 0 144
0 18 8 6 1 1 40
0 18 8 4 2 2 197
0 18 8 2 3 3 12
0 18 8 0 4 4 125
0 18 7 4 0 5 1
0 18 7 3 6 0 188
0 18 7 2 1 6 138
0 18 7 1 7 1 149
0 18 7 0 2 7 125
0 18 6 9 1 0 133
0 18 6 7 2 1 5
0 18 6 5 3 2 158
0 18 6 3 4 3 181
0 18 6 1 5 4 122
0 18 6 0 0 10 45
0 18 5 7 0 4 174
0 18 5 5 1 5 139
0 18 5 4 7 0 21
0 18 5 3 2 6 73
0 18 5 2 8 1 97
0 18 5 1 3 7 182
0 18 5 0 9 2 57
0 18 4 10 2 0 17
0 18 4 8 3 1 31
0 18 4 6 4 2 187
0 18 4 4 5 3 29
0 18 4 3 0 9 84
0 18 4 2 6 4 51
0 18 4 1 1 10 128
0 18 4 0 7 5 2
0 18 3 10 0 3 124
0 18 3 8 1 4 32
0 18 3 6 2 5 8
0 18 3 5 8 0 101
0 18 3 4 3 6 43
0 18 3 3 9 1 36
0 18 3 2 4 7 76
0 18 3 1 10 2 37
0 18 3 0 5 8 33
0 18 2 11 3 0 131
0 18 2 9 4 1 119
0 18 2 7 5 2 28
0 18 2 6 0 8 6
0 18 2 5 6 3 96
0 18 2 4 1 9 187
0 18 2 3 7 4 198
0 18 2 2 2 10 95
0 18 2 1 8 5 163
0 18 2 0 14 0 97
0 18 2 0 3 11 25
0 18 1 13 0 2 106
0 18 1 11 1 3 90
0 18 1 9 2 4 58
0 18 1 7 3 5 83
0 18 1 6 9 0 107
0 18 1 5 4 6 64
0 18 1 4 10 1 101
0 18 1 3 5 7 20
0 18 1 2 11 2 14
0 18 1 2 0 13 171
0 18 1 1 6 8 118
0 18 1 0 12 3 59
0 18 1 0 1 14 130
0 18 0 12 4 0 111
0 18 0 10 5 1 188
0 18 0 9 0 7 133
0 18 0 8 6 2 157
0 18 0 7 1 8 54
0 18 0 6 7 3 191
0 18 0 5 2 9 111
0 18 0 4 8 4 151
0 18 0 3 3 10 183
0 18 0 2 9 5 185
0 18 0 1 15 0 183
0 18 0 1 4 11 129
0 18 0 0 10 6 109
0 17 16 0 0 1 99
0 17 14 3 0 0 153
0 17 14 1 1 1 156
0 17 12 4 1 0 90
0 17 12 2 2 1 149
0 17 12 0 3 2 21
0 17 11 2 0 4 179
0 17 11 0 1 5 181
0 17 10 5 2 0 157
0 17 10 3 3 1 139
0 17 10 1 4 2 62
0 17 9 5 0 3 130
0 17 9 3 1 4 158
0 17 9 1 2 5 61
0 17 9 0 8 0 48
0 17 8 6 3 0 83
0 17 8 4 4 1 195
0 17 8 2 5 2 101
0 17 8 1 0 8 97
0 17 8 0 6 3 174
0 17 7 8 0 2 41
0 17 7 6 1 3 42
0 17 7 4 2 4 143
0 17 7 2 3 5 33
0 17 7 1 9 0 184
0 17 7 0 4 6 69
0 17 6 7 4 0 12
0 17 6 5 5 1 194
0 17 6 4 0 7 171
0 17 6 3 6 2 110
0 17 6 2 1 8 50
0 17 6 1 7 3 198
0 17 6 0 2 9 185
0 17 5 11 0 1 178
0 17 5 9 1 2 51
0 17 5 7 2 3 142
0 17 5 5 3 4 97
0 17 5 3 4 5 70
0 17 5 2 10 0 124
0 17 5 1 5 6 158
0 17 5 0 11 1 85
0 17 5 0 0 12 18
0 17 4 8 5 0 181
0 17 4 7 0 6 185
0 17 4 6 6 1 110
0 17 4 5 1 7 133
0 17 4 4 7 2 195
0 17 4 3 2 8 169
0 17 4 2 8 3 144
0 17 4 1 3 9 72
0 17 4 0 9 4 147
0 17 3 14 0 0 163
0 17 3 12 1 1 47
0 17 3 10 2 2 95
0 17 3 8 3 3 121
0 17 3 6 4 4 161
0 17 3 4 5 5 161
0 17 3 3 11 0 89
0 17 3 3 0 11 1
0 17 3 2 6 6 135
0 17 3 1 12 1 36
0 17 3 1 1 12 59
0 17 3 0 7 7 171
0 17 2 10 0 5 56
0 17 2 9 6 0 123
0 17 2 8 1 6 56
0 17 2 7 7 1 174
0 17 2 6 2 7 110
0 17 2 5 8 2 94
0 17 2 3 9 3 42
0 17 2 2 4 9 5
0 17 2 1 10 4 68
0 17 2 0 5 10 57
0 17 1 15 1 0 5
0 17 1 13 2 1 75
0 17 1 11 3 2 76
0 17 1 9 4 3 53
0 17 1 7 5 4 82
0 17 1 6 0 10 142
0 17 1 5 6 5 110
0 17 1 4 12 0 6
0 17 1 4 1 11 41
0 17 1 3 7 6 55
0 17 1 2 13 1 164
0 17 1 2 2 12 16
0 17 1 1 8 7 131
0 17 1 0 14 2 136
0 17 1 0 3 13 144
0 17 0 13 0 4 181
0 17 0 11 1 5 84
0 17 0 10 7 0 8
0 17 0 9 2 6 124
0 17 0 8 8 1 106
0 17 0 7 3 7 113
0 17 0 6 9 2 172
0 17 0 5 4 8 151
0 17 0 4 10 3 163
0 17 0 3 5 9 41
0 17 0 2 11 4 5
0 17 0 2 0 15 2
0 17 0 1 6 10 187
0 17 0 0 12 5 173
0 17 0 0 1 16 94
0 16 16 0 2 0 140
0 16 15 0 0 3 172
0 16 14 1 3 0 119
0 16 13 3 0 2 165
0 16 13 1 1 3 174
0 16 12 2 4 0 75
0 16 12 0 5 1 111
0 16 11 6 0 1 103
0 16 11 4 1 2 19
0 16 11 2 2 3 104
0 16 11 0 3 4 142
0 16 10 3 5 0 57
0 16 10 2 0 6 50
0 16 10 1 6 1 101
0 16 10 0 1 7 5
0 16 9 9 0 0 192
0 16 9 7 1 1 73
0 16 9 5 2 2 74
0 16 9 3 3 3 126
0 16 9 1 4 4 142
0 16 8 5 0 5 68
0 16 8 4 6 0 188
0 16 8 3 1 6 162
0 16 8 2 7 1 5
0 16 8 1 2 7 185
0 16 8 0 8 2 106
0 16 7 10 1 0 179
0 16 7 8 2 1 171
0 16 7 6 3 2 129
0 16 7 4 4 3 15
0 16 7 2 5 4 154
0 16 7 1 0 10 120
0 16 7 0 6 5 78
0 16 6 8 0 4 75
0 16 6 6 1 5 15
0 16 6 5 7 0 114
0 16 6 4 2 6 13
0 16 6 3 8 1 50
0 16 6 2 3 7 17
0 16 6 1 9 2 7
0 16 6 0 4 8 119
0 16 5 11 2 0 23
0 16 5 9 3 1 151
0 16 5 7 4 2 11
0 16 5 5 5 3 183
0 16 5 4 0 9 195
0 16 5 3 6 4 169
0 16 5 2 1 10 129
0 16 5 1 7 5 114
0 16 5 0 13 0 37
0 16 5 0 2 11 55
0 16 4 11 0 3 132
0 16 4 9 1 4 189
0 16 4 7 2 5 139
0 16 4 6 8 0 88
0 16 4 5 3 6 123
0 16 4 4 9 1 88
0 16 4 3 4 7 65
0 16 4 2 10 2 73
0 16 4 1 5 8 133
0 16 4 0 11 3 184
0 16 4 0 0 14 77
0 16 3 12 3 0 140
0 16 3 10 4 1 144
0 16 3 8 5 2 77
0 16 3 7 0 8 154
0 16 3 6 6 3 142
0 16 3 5 1 9 63
0 16 3 4 7 4 75
0 16 3 3 2 10 100
0 16 3 2 8 5 58
0 16 3 1 14 0 23
0 16 3 1 3 11 174
0 16 3 0 9 6 166
0 16 2 14 0 2 52
0 16 2 12 1 3 134
0 16 2 10 2 4 108
0 16 2 8 3 5 117
0 16 2 7 9 0 106
0 16 2 6 4 6 138
0 16 2 5 10 1 103
0 16 2 4 5 7 67
0 16 2 3 11 2 80
0 16 2 3 0 13 34
0 16 2 2 6 8 121
0 16 2 1 12 3 198
0 16 2 1 1 14 105
0 16 2 0 7 9 37
0 16 1 13 4 0 19
0 16 1 11 5 1 55
0 16 1 10 0 7 27
0 16 1 9 6 2 151
0 16 1 8 1 8 32
0 16 1 7 7 3 172
0 16 1 6 2 9 36
0 16 1 5 8 4 53
0 16 1 4 3 10 54
0 16 1 3 9 5 38
0 16 1 2 15 0 67
0 16 1 2 4 11 185
0 16 1 1 10 6 38
0 16 1 0 16 1 56
0 16 1 0 5 12 21
0 16 0 17 0 1 48
0 16 0 15 1 2 87
0 16 0 13 2 3 59
0 16 0 11 3 4 53
0 16 0 9 4 5 180
0 16 0 8 10 0 107
0 16 0 7 5 6 189
0 16 0 6 11 1 23
0 16 0 6 0 12 52
0 16 0 5 6 7 99
0 16 0 4 12 2 33
0 16 0 4 1 13 100
0 16 0 3 7 8 75
0 16 0 2 13 3 40
0 16 0 2 2 14 105
0 16 0 1 8 9 150
0 16 0 0 14 4 143
0 16 0 0 3 15 102
0 15 17 1 0 1 108
0 15 15 4 0 0 125
0 15 15 2 1 1 68
0 15 15 0 2 2 176
0 15 14 0 0 5 80
0 15 13 5 1 0 2
0 15 13 3 2 1 131
0 15 13 1 3 2 24
0 15 12 3 0 4 194
0 15 12 1 1 5 118
0 15 12 0 7 0 142
0 15 11 6 2 0 194
0 15 11 4 3 1 54
0 15 11 2 4 2 27
0 15 11 0 5 3 172
0 15 10 6 0 3 30
0 15 10 4 1 4 24
0 15 10 2 2 5 54
0 15 10 1 8 0 186
0 15 10 0 3 6 4
0 15 9 7 3 0 34
0 15 9 5 4 1 110
0 15 9 3 5 2 12
0 15 9 2 0 8 140
0 15 9 1 6 3 106
0 15 9 0 1 9 190
0 15 8 9 0 2 17
0 15 8 7 1 3 135
0 15 8 5 2 4 120
0 15 8 3 3 5 40
0 15 8 2 9 0 112
0 15 8 1 4 6 178
0 15 8 0 10 1 125
0 15 7 8 4 0 46
0 15 7 6 5 1 35
0 15 7 5 0 7 15
0 15 7 4 6 2 195
0 15 7 3 1 8 69
0 15 7 2 7 3 12
0 15 7 1 2 9 155
0 15 7 0 8 4 124
0 15 6 12 0 1 131
0 15 6 10 1 2 18
0 15 6 8 2 3 60
0 15 6 6 3 4 77
0 15 6 4 4 5 171
0 15 6 3 10 0 198
0 15 6 2 5 6 112
0 15 6 1 11 1 70
0 15 6 1 0 12 197
0 15 6 0 6 7 169
0 15 5 9 5 0 183
0 15 5 8 0 6 112
0 15 5 7 6 1 103
0 15 5 6 1 7 118
0 15 5 5 7 2 83
0 15 5 4 2 8 176
0 15 5 3 8 3 103
0 15 5 2 3 9 105
0 15 5 1 9 4 94
0 15 5 0 4 10 49
0 15 4 15 0 0 92
0 15 4 13 1 1 27
0 15 4 11 2 2 133
0 15 4 9 3 3 17
0 15 4 7 4 4 153
0 15 4 5 5 5 164
0 15 4 4 11 0 146
0 15 4 4 0 11 35
0 15 4 3 6 6 25
0 15 4 2 12 1 82
0 15 4 2 1 12 85
0 15 4 1 7 7 42
0 15 4 0 13 2 84
0 15 4 0 2 13 186
0 15 3 11 0 5 159
0 15 3 10 6 0 86
0 15 3 9 1 6 56
0 15 3 8 7 1 174
0 15 3 7 2 7 142
0 15 3 6 8 2 128
0 15 3 5 3 8 178
0 15 3 4 9 3 107
0 15 3 3 4 9 103
0 15 3 2 10 4 83
0 15 3 1 5 10 190
0 15 3 0 11 5 165
0 15 3 0 0 16 183
0 15 2 16 1 0 176
0 15 2 14 2 1 76
0 15 2 12 3 2 73
0 15 2 10 4 3 51
0 15 2 8 5 4 13
0 15 2 7 0 10 153
0 15 2 6 6 5 148
0 15 2 5 12 0 119
0 15 2 5 1 11 27
0 15 2 4 7 6 52
0 15 2 3 13 1 135
0 15 2 3 2 12 15
0 15 2 2 8 7 179
0 15 2 1 14 2 165
0 15 2 1 3 13 11
0 15 2 0 9 8 192
0 15 1 14 0 4 72
0 15 1 12 1 5 47
0 15 1 11 7 0 123
0 15 1 10 2 6 143
0 15 1 8 3 7 107
0 15 1 7 9 2 174
0 15 1 6 4 8 7
0 15 1 5 10 3 88
0 15 1 4 5 9 83
0 15 1 3 11 4 108
0 15 1 3 0 15 189
0 15 1 2 6 10 170
0 15 1 1 12 5 23
0 15 1 1 1 16 165
0 15 1 0 18 0 76
0 15 1 0 7 11 136
0 15 0 17 2 0 91
0 15 0 15 3 1 68
0 15 0 13 4 2 51
0 15 0 11 5 3 61
0 15 0 10 0 9 161
0 15 0 9 6 4 103
0 15 0 8 1 10 23
0 15 0 7 7 5 46
0 15 0 6 13 0 107
0 15 0 6 2 11 171
0 15 0 5 8 6 12
0 15 0 4 14 1 115
0 15 0 4 3 12 173
0 15 0 3 9 7 143
0 15 0 2 15 2 13
0 15 0 2 4 13 108
0 15 0 1 10 8 177
0 15 0 0 16 3 77
0 15 0 0 5 14 58
0 14 19 0 1 0 111
0 14 17 1 2 0 153
0 14 16 1 0 3 49
0 14 15 2 3 0 58
0 14 15 0 4 1 63
0 14 14 4 0 2 112
0 14 14 2 1 3 198
0 14 14 0 2 4 125
0 14 13 3 4 0 135
0 14 13 1 5 1 34
0 14 13 0 0 7 18
0 14 12 7 0 1 4
0 14 12 5 1 2 105
0 14 12 3 2 3 58
0 14 12 1 3 4 51
0 14 11 4 5 0 168
0 14 11 3 0 6 48
0 14 11 2 6 1 177
0 14 11 1 1 7 54
0 14 11 0 7 2 141
0 14 10 10 0 0 71
0 14 10 8 1 1 38
0 14 10 6 2 2 64
0 14 10 4 3 3 39
0 14 10 2 4 4 63
0 14 10 0 5 5 168
0 14 9 6 0 5 71
0 14 9 5 6 0 114
0 14 9 4 1 6 39
0 14 9 3 7 1 18
0 14 9 2 2 7 71
0 14 9 1 8 2 1
0 14 9 0 3 8 107
0 14 8 11 1 0 173
0 14 8 9 2 1 130
0 14 8 7 3 2 67
0 14 8 5 4 3 121
0 14 8 3 5 4 92
0 14 8 2 0 10 5
0 14 8 1 6 5 69
0 14 8 0 12 0 78
0 14 8 0 1 11 67
0 14 7 9 0 4 85
0 14 7 7 1 5 176
0 14 7 6 7 0 124
0 14 7 5 2 6 147
0 14 7 4 8 1 156
0 14 7 3 3 7 82
0 14 7 2 9 2 94
0 14 7 1 4 8 73
0 14 7 0 10 3 155
0 14 6 12 2 0 154
0 14 6 10 3 1 191
0 14 6 8 4 2 151
0 14 6 6 5 3 19
0 14 6 5 0 9 101
0 14 6 4 6 4 181
0 14 6 3 1 10 136
0 14 6 2 7 5 45
0 14 6 1 13 0 165
0 14 6 1 2 11 47
0 14 6 0 8 6 80
0 14 5 12 0 3 84
0 14 5 10 1 4 79
0 14 5 8 2 5 197
0 14 5 7 8 0 90
0 14 5 6 3 6 139
0 14 5 5 9 1 101
0 14 5 4 4 7 7
0 14 5 3 10 2 9
0 14 5 2 5 8 41
0 14 5 1 11 3 197
0 14 5 1 0 14 67
0 14 5 0 6 9 76
0 14 4 13 3 0 184
0 14 4 11 4 1 60
0 14 4 9 5 2 69
0 14 4 8 0 8 22
0 14 4 7 6 3 36
0 14 4 6 1 9 4
0 14 4 5 7 4 100
0 14 4 4 2 10 44
0 14 4 3 8 5 68
0 14 4 2 14 0 97
0 14 4 2 3 11 98
0 14 4 1 9 6 77
0 14 4 0 15 1 109
0 14 4 0 4 12 7
0 14 3 15 0 2 96
0 14 3 13 1 3 80
0 14 3 11 2 4 149
0 14 3 9 3 5 5
0 14 3 8 9 0 127
0 14 3 7 4 6 153
0 14 3 6 10 1 146
0 14 3 5 5 7 137
0 14 3 4 11 2 118
0 14 3 4 0 13 149
0 14 3 3 6 8 9
0 14 3 2 12 3 74
0 14 3 2 1 14 77
0 14 3 1 7 9 151
0 14 3 0 13 4 35
0 14 3 0 2 15 36
0 14 2 14 4 0 41
0 14 2 12 5 1 34
0 14 2 11 0 7 158
0 14 2 10 6 2 122
0 14 2 9 1 8 185
0 14 2 8 7 3 186
0 14 2 7 2 9 42
0 14 2 6 8 4 37
0 14 2 5 3 10 87
0 14 2 4 9 5 38
0 14 2 3 15 0 176
0 14 2 3 4 11 148
0 14 2 2 10 6 48
0 14 2 1 16 1 194
0 14 2 1 5 12 121
0 14 2 0 11 7 149
0 14 2 0 0 18 108
0 14 1 18 0 1 1
0 14 1 16 1 2 169
0 14 1 14 2 3 6
0 14 1 12 3 4 76
0 14 1 10 4 5 185
0 14 1 9 10 0 59
0 14 1 8 5 6 25
0 14 1 7 11 1 166
0 14 1 7 0 12 143
0 14 1 6 6 7 108
0 14 1 5 12 2 62
0 14 1 5 1 13 147
0 14 1 4 7 8 20
0 14 1 3 13 3 39
0 14 1 3 2 14 82
0 14 1 2 8 9 41
0 14 1 1 14 4 143
0 14 1 1 3 15 194
0 14 1 0 9 10 64
0 14 0 15 5 0 151
0 14 0 14 0 6 164
0 14 0 13 6 1 48
0 14 0 12 1 7 115
0 14 0 11 7 2 66
0 14 0 10 2 8 167
0 14 0 9 8 3 126
0 14 0 8 3 9 19
0 14 0 7 9 4 33
0 14 0 6 4 10 183
0 14 0 5 10 5 72
0 14 0 4 16 0 20
0 14 0 4 5 11 83
0 14 0 3 11 6 88
0 14 0 3 0 17 20
0 14 0 2 17 1 61
0 14 0 2 6 12 55
0 14 0 1 12 7 13
0 14 0 1 1 18 86
0 14 0 0 18 2 69
0 14 0 0 7 13 121
0 13 18 2 0 1 98
0 13 18 0 1 2 191
0 13 16 5 0 0 183
0 13 16 3 1 1 158
0 13 16 1 2 2 175
0 13 15 1 0 5 129
0 13 15 0 6 0 3
0 13 14 6 1 0 48
0 13 14 4 2 1 1
0 13 14 2 3 2 131
0 13 14 0 4 3 121
0 13 13 4 0 4 167
0 13 13 2 1 5 183
0 13 13 1 7 0 25
0 13 13 0 2 6 190
0 13 12 7 2 0 111
0 13 12 5 3 1 4
0 13 12 3 4 2 19
0 13 12 1 5 3 72
0 13 12 0 0 9 119
0 13 11 7 0 3 64
0 13 11 5 1 4 43
0 13 11 3 2 5 150
0 13 11 2 8 0 85
0 13 11 1 3 6 86
0 13 11 0 9 1 21
0 13 10 8 3 0 168
0 13 10 6 4 1 150
0 13 10 4 5 2 39
0 13 10 3 0 8 191
0 13 10 2 6 3 13
0 13 10 1 1 9 144
0 13 10 0 7 4 21
0 13 9 10 0 2 18
0 13 9 8 1 3 104
0 13 9 6 2 4 192
0 13 9 4 3 5 116
0 13 9 3 9 0 17
0 13 9 2 4 6 83
0 13 9 1 10 1 17
0 13 9 0 5 7 182
0 13 8 9 4 0 91
0 13 8 7 5 1 80
0 13 8 6 0 7 133
0 13 8 5 6 2 158
0 13 8 4 1 8 162
0 13 8 3 7 3 43
0 13 8 2 2 9 115
0 13 8 1 8 4 113
0 13 8 0 3 10 151
0 13 7 13 0 1 48
0 13 7 11 1 2 42
0 13 7 9 2 3 49
0 13 7 7 3 4 184
0 13 7 5 4 5 139
0 13 7 4 10 0 31
0 13 7 3 5 6 85
0 13 7 2 11 1 84
0 13 7 2 0 12 11
0 13 7 1 6 7 155
0 13 7 0 12 2 195
0 13 7 0 1 13 153
0 13 6 10 5 0 134
0 13 6 9 0 6 146
0 13 6 8 6 1 139
0 13 6 7 1 7 106
0 13 6 6 7 2 180
0 13 6 5 2 8 123
0 13 6 4 8 3 33
0 13 6 3 3 9 102
0 13 6 2 9 4 166
0 13 6 1 4 10 72
0 13 6 0 10 5 20
0 13 5 16 0 0 116
0 13 5 14 1 1 72
0 13 5 12 2 2 105
0 13 5 10 3 3 43
0 13 5 8 4 4 30
0 13 5 6 5 5 136
0 13 5 5 11 0 178
0 13 5 5 0 11 44
0 13 5 4 6 6 185
0 13 5 3 12 1 110
0 13 5 3 1 12 80
0 13 5 2 7 7 171
0 13 5 1 13 2 160
0 13 5 1 2 13 71
0 13 5 0 8 8 123
0 13 4 12 0 5 35
0 13 4 11 6 0 105
0 13 4 10 1 6 30
0 13 4 9 7 1 183
0 13 4 8 2 7 108
0 13 4 7 8 2 169
0 13 4 6 3 8 174
0 13 4 5 9 3 191
0 13 4 4 4 9 8
0 13 4 3 10 4 197
0 13 4 2 5 10 170
0 13 4 1 11 5 162
0 13 4 1 0 16 42
0 13 4 0 17 0 17
0 13 4 0 6 11 65
0 13 3 17 1 0 26
0 13 3 15 2 1 28
0 13 3 13 3 2 158
0 13 3 11 4 3 28
0 13 3 9 5 4 161
0 13 3 8 0 10 155
0 13 3 7 6 5 135
0 13 3 6 12 0 136
0 13 3 6 1 11 69
0 13 3 5 7 6 196
0 13 3 4 13 1 128
0 13 3 4 2 12 11
0 13 3 3 8 7 145
0 13 3 2 14 2 120
0 13 3 2 3 13 77
0 13 3 1 9 8 115
0 13 3 0 15 3 143
0 13 3 0 4 14 104
0 13 2 15 0 4 51
0 13 2 13 1 5 176
0 13 2 12 7 0 6
0 13 2 11 2 6 141
0 13 2 10 8 1 158
0 13 2 9 3 7 188
0 13 2 8 9 2 68
0 13 2 7 4 8 32
0 13 2 6 10 3 195
0 13 2 5 5 9 170
0 13 2 4 11 4 56
0 13 2 4 0 15 5
0 13 2 3 6 10 13
0 13 2 2 12 5 190
0 13 2 2 1 16 12
0 13 2 1 18 0 116
0 13 2 1 7 11 77
0 13 2 0 13 6 139
0 13 1 18 2 0 88
0 13 1 16 3 1 115
0 13 1 14 4 2 48
0 13 1 12 5 3 51
0 13 1 11 0 9 15
0 13 1 10 6 4 119
0 13 1 9 1 10 156
0 13 1 8 7 5 17
0 13 1 7 13 0 139
0 13 1 7 2 11 97
0 13 1 6 8 6 102
0 13 1 5 14 1 161
0 13 1 5 3 12 20
0 13 1 4 9 7 86
0 13 1 3 15 2 37
0 13 1 3 4 13 48
0 13 1 2 10 8 83
0 13 1 1 16 3 140
0 13 1 1 5 14 119
0 13 1 0 11 9 1
0 13 1 0 0 20 63
0 13 0 18 0 3 37
0 13 0 16 1 4 10
0 13 0 14 2 5 184
0 13 0 13 8 0 9
0 13 0 12 3 6 2
0 13 0 11 9 1 83
0 13 0 10 4 7 117
0 13 0 9 10 2 168
0 13 0 8 5 8 108
0 13 0 7 11 3 74
0 13 0 7 0 14 183
0 13 0 6 6 9 109
0 13 0 5 12 4 135
0 13 0 5 1 15 177
0 13 0 4 7 10 168
0 13 0 3 13 5 48
0 13 0 3 2 16 119
0 13 0 2 19 0 82
0 13 0 2 8 11 196
0 13 0 1 14 6 137
0 13 0 1 3 17 45
0 13 0 0 20 1 188
0 13 0 0 9 12 122
0 12 22 0 0 0 82
0 12 20 1 1 0 138
0 12 18 2 2 0 161
0 12 18 0 3 1 74
0 12 17 2 0 3 135
0 12 17 0 1 4 124
0 12 16 3 3 0 128
0 12 16 1 4 1 188
0 12 15 3 1 3 166
0 12 15 1 2 4 187
0 12 14 4 4 0 186
0 12 14 2 5 1 3
0 12 14 1 0 7 70
0 12 14 0 6 2 40
0 12 13 8 0 1 134
0 12 13 6 1 2 131
0 12 13 4 2 3 55
0 12 13 2 3 4 47
0 12 13 0 4 5 76
0 12 12 5 5 0 66
0 12 12 4 0 6 34
0 12 12 3 6 1 50
0 12 12 2 1 7 26
0 12 12 1 7 2 147
0 12 12 0 2 8 50
0 12 11 11 0 0 130
0 12 11 9 1 1 146
0 12 11 7 2 2 133
0 12 11 5 3 3 32
0 12 11 3 4 4 92
0 12 11 1 5 5 167
0 12 11 0 11 0 44
0 12 11 0 0 11 79
0 12 10 7 0 5 124
0 12 10 6 6 0 141
0 12 10 5 1 6 77
0 12 10 4 7 1 61
0 12 10 3 2 7 2
0 12 10 2 8 2 94
0 12 10 1 3 8 154
0 12 10 0 9 3 194
0 12 9 12 1 0 26
0 12 9 10 2 1 94
0 12 9 8 3 2 134
0 12 9 6 4 3 194
0 12 9 4 5 4 25
0 12 9 3 0 10 70
0 12 9 2 6 5 102
0 12 9 1 12 0 163
0 12 9 1 1 11 86
0 12 9 0 7 6 106
0 12 8 10 0 4 31
0 12 8 8 1 5 139
0 12 8 7 7 0 163
0 12 8 6 2 6 36
0 12 8 5 8 1 168
0 12 8 4 3 7 198
0 12 8 3 9 2 4
0 12 8 2 4 8 9
0 12 8 1 10 3 33
0 12 8 0 5 9 79
0 12 7 13 2 0 81
0 12 7 11 3 1 76
0 12 7 9 4 2 2
0 12 7 7 5 3 168
0 12 7 6 0 9 130
0 12 7 5 6 4 192
0 12 7 4 1 10 104
0 12 7 3 7 5 120
0 12 7 2 13 0 123
0 12 7 2 2 11 175
0 12 7 1 8 6 175
0 12 7 0 14 1 98
0 12 7 0 3 12 56
0 12 6 13 0 3 105
0 12 6 11 1 4 53
0 12 6 9 2 5 65
0 12 6 8 8 0 164
0 12 6 7 3 6 12
0 12 6 6 9 1 120
0 12 6 5 4 7 1
0 12 6 4 10 2 139
0 12 6 3 5 8 54
0 12 6 2 11 3 110
0 12 6 2 0 14 82
0 12 6 1 6 9 44
0 12 6 0 12 4 91
0 12 6 0 1 15 91
0 12 5 14 3 0 120
0 12 5 12 4 1 75
0 12 5 10 5 2 176
0 12 5 9 0 8 156
0 12 5 8 6 3 85
0 12 5 7 1 9 25
0 12 5 6 7 4 56
0 12 5 5 2 10 54
0 12 5 4 8 5 174
0 12 5 3 14 0 92
0 12 5 3 3 11 12
0 12 5 2 9 6 71
0 12 5 1 15 1 159
0 12 5 1 4 12 107
0 12 4 16 0 2 88
0 12 4 14 1 3 71
0 12 4 12 2 4 96
0 12 4 10 3 5 73
0 12 4 9 9 0 72
0 12 4 8 4 6 165
0 12 4 7 10 1 185
0 12 4 6 5 7 19
0 12 4 5 11 2 97
0 12 4 5 0 13 68
0 12 4 4 6 8 171
0 12 4 3 12 3 161
0 12 4 3 1 14 121
0 12 4 2 7 9 107
0 12 4 1 13 4 45
0 12 4 1 2 15 76
0 12 4 0 8 10 122
0 12 3 15 4 0 43
0 12 3 13 5 1 129
0 12 3 12 0 7 117
0 12 3 11 6 2 65
0 12 3 10 1 8 10
0 12 3 9 7 3 133
0 12 3 8 2 9 7
0 12 3 7 8 4 178
0 12 3 6 3 10 99
0 12 3 5 9 5 44
0 12 3 4 15 0 182
0 12 3 4 4 11 66
0 12 3 3 10 6 162
0 12 3 2 16 1 4
0 12 3 2 5 12 178
0 12 3 1 11 7 142
0 12 3 1 0 18 36
0 12 3 0 17 2 196
0 12 3 0 6 13 73
0 12 2 19 0 1 189
0 12 2 17 1 2 17
0 12 2 15 2 3 104
0 12 2 13 3 4 112
0 12 2 11 4 5 141
0 12 2 10 10 0 37
0 12 2 9 5 6 1
0 12 2 8 11 1 3
0 12 2 8 0 12 92
0 12 2 7 6 7 97
0 12 2 6 12 2 15
0 12 2 6 1 13 61
0 12 2 5 7 8 129
0 12 2 4 13 3 120
0 12 2 4 2 14 43
0 12 2 3 8 9 3
0 12 2 2 14 4 129
0 12 2 2 3 15 67
0 12 2 1 9 10 93
0 12 2 0 15 5 96
0 12 2 0 4 16 146
0 12 1 16 5 0 185
0 12 1 15 0 6 108
0 12 1 14 6 1 152
0 12 1 13 1 7 193
0 12 1 12 7 2 53
0 12 1 11 2 8 53
0 12 1 10 8 3 140
0 12 1 9 3 9 59
0 12 1 8 9 4 68
0 12 1 7 4 10 166
0 12 1 6 10 5 154
0 12 1 5 16 0 161
0 12 1 5 5 11 197
0 12 1 4 11 6 126
0 12 1 4 0 17 9
0 12 1 3 17 1 26
0 12 1 3 6 12 48
0 12 1 2 12 7 109
0 12 1 1 18 2 29
0 12 1 1 7 13 178
0 12 1 0 13 8 122
0 12 1 0 2 19 33
0 12 0 22 0 0 154
0 12 0 20 1 1 117
0 12 0 18 2 2 153
0 12 0 16 3 3 96
0 12 0 14 4 4 76
0 12 0 12 5 5 29
0 12 0 11 11 0 22
0 12 0 11 0 11 103
0 12 0 10 6 6 89
0 12 0 9 12 1 138
0 12 0 9 1 12 142
0 12 0 8 7 7 2
0 12 0 7 13 2 13
0 12 0 7 2 13 17
0 12 0 6 8 8 48
0 12 0 5 14 3 19
0 12 0 5 3 14 131
0 12 0 4 9 9 87
0 12 0 3 15 4 76
0 12 0 3 4 15 62
0 12 0 2 10 10 74
0 12 0 1 16 5 190
0 12 0 1 5 16 54
0 12 0 0 22 0 23
0 12 0 0 11 11 83
0 12 0 0 0 22 120
0 11 21 0 0 2 175
0 11 19 3 0 1 187
0 11 19 1 1 2 62
0 11 18 0 5 0 73
0 11 17 6 0 0 189
0 11 17 4 1 1 153
0 11 17 2 2 2 125
0 11 17 0 3 3 31
0 11 16 2 0 5 28
0 11 16 1 6 0 188
0 11 16 0 1 6 57
0 11 15 7 1 0 179
0 11 15 5 2 1 190
0 11 15 3 3 2 41
0 11 15 1 4 3 111
0 11 14 5 0 4 124
0 11 14 3 1 5 126
0 11 14 2 7 0 169
0 11 14 1 2 6 93
0 11 14 0 8 1 29
0 11 13 8 2 0 57
0 11 13 6 3 1 132
0 11 13 4 4 2 26
0 11 13 2 5 3 155
0 11 13 1 0 9 150
0 11 13 0 6 4 164
0 11 12 8 0 3 64
0 11 12 6 1 4 66
0 11 12 4 2 5 135
0 11 12 3 8 0 119
0 11 12 2 3 6 150
0 11 12 1 9 1 145
0 11 12 0 4 7 195
0 11 11 9 3 0 132
0 11 11 7 4 1 79
0 11 11 5 5 2 153
0 11 11 4 0 8 96
0 11 11 3 6 3 11
0 11 11 2 1 9 166
0 11 11 1 7 4 135
0 11 11 0 2 10 140
0 11 10 11 0 2 186
0 11 10 9 1 3 18
0 11 10 7 2 4 32
0 11 10 5 3 5 109
0 11 10 4 9 0 91
0 11 10 3 4 6 99
0 11 10 2 10 1 174
0 11 10 1 5 7 41
0 11 10 0 11 2 55
0 11 10 0 0 13 187
0 11 9 10 4 0 25
0 11 9 8 5 1 163
0 11 9 7 0 7 54
0 11 9 6 6 2 157
0 11 9 5 1 8 170
0 11 9 4 7 3 111
0 11 9 3 2 9 79
0 11 9 2 8 4 99
0 11 9 1 3 10 142
0 11 9 0 9 5 145
0 11 8 14 0 1 64
0 11 8 12 1 2 184
0 11 8 10 2 3 64
0 11 8 8 3 4 82
0 11 8 6 4 5 31
0 11 8 5 10 0 35
0 11 8 4 5 6 118
0 11 8 3 11 1 11
0 11 8 3 0 12 118
0 11 8 2 6 7 33
0 11 8 1 12 2 64
0 11 8 1 1 13 122
0 11 8 0 7 8 112
0 11 7 11 5 0 170
0 11 7 10 0 6 143
0 11 7 9 6 1 112
0 11 7 8 1 7 148
0 11 7 7 7 2 53
0 11 7 6 2 8 88
0 11 7 5 8 3 156
0 11 7 4 3 9 132
0 11 7 3 9 4 187
0 11 7 2 4 10 9
0 11 7 1 10 5 193
0 11 7 0 16 0 20
0 11 7 0 5 11 63
0 11 6 17 0 0 20
0 11 6 15 1 1 94
0 11 6 13 2 2 13
0 11 6 11 3 3 5
0 11 6 9 4 4 41
0 11 6 7 5 5 150
0 11 6 6 11 0 135
0 11 6 6 0 11 133
0 11 6 5 6 6 20
0 11 6 4 12 1 188
0 11 6 4 1 12 190
0 11 6 3 7 7 9
0 11 6 2 13 2 186
0 11 6 2 2 13 58
0 11 6 1 8 8 113
0 11 6 0 14 3 183
0 11 6 0 3 14 148
0 11 5 13 0 5 69
0 11 5 12 6 0 194
0 11 5 11 1 6 165
0 11 5 10 7 1 192
0 11 5 9 2 7 195
0 11 5 8 8 2 34
0 11 5 7 3 8 178
0 11 5 6 9 3 14
0 11 5 5 4 9 30
0 11 5 4 10 4 56
0 11 5 3 5 10 191
0 11 5 2 11 5 172
0 11 5 2 0 16 120
0 11 5 1 17 0 39
0 11 5 1 6 11 101
0 11 5 0 12 6 159
0 11 5 0 1 17 79
0 11 4 18 1 0 108
0 11 4 16 2 1 99
0 11 4 14 3 2 88
0 11 4 12 4 3 139
0 11 4 10 5 4 94
0 11 4 9 0 10 69
0 11 4 8 6 5 90
0 11 4 7 12 0 165
0 11 4 7 1 11 121
0 11 4 6 7 6 93
0 11 4 5 13 1 78
0 11 4 5 2 12 5
0 11 4 4 8 7 71
0 11 4 3 14 2 111
0 11 4 3 3 13 49
0 11 4 2 9 8 193
0 11 4 1 15 3 73
0 11 4 1 4 14 58
0 11 4 0 10 9 82
0 11 3 16 0 4 39
0 11 3 14 1 5 175
0 11 3 13 7 0 55
0 11 3 12 2 6 141
0 11 3 11 8 1 175
0 11 3 10 3 7 161
0 11 3 9 9 2 168
0 11 3 8 4 8 73
0 11 3 7 10 3 83
0 11 3 6 5 9 33
0 11 3 5 11 4 117
0 11 3 5 0 15 172
0 11 3 4 6 10 47
0 11 3 3 12 5 159
0 11 3 3 1 16 180
0 11 3 2 18 0 182
0 11 3 2 7 11 4
0 11 3 1 13 6 48
0 11 3 1 2 17 78
0 11 3 0 19 1 29
0 11 3 0 8 12 166
0 11 2 19 2 0 192
0 11 2 17 3 1 166
0 11 2 15 4 2 75
0 11 2 13 5 3 195
0 11 2 12 0 9 122
0 11 2 11 6 4 58
0 11 2 10 1 10 1
0 11 2 9 7 5 90
0 11 2 8 13 0 66
0 11 2 8 2 11 115
0 11 2 7 8 6 152
0 11 2 6 14 1 85
0 11 2 6 3 12 19
0 11 2 5 9 7 156
0 11 2 4 15 2 7
0 11 2 4 4 13 6
0 11 2 3 10 8 1
0 11 2 2 16 3 71
0 11 2 2 5 14 179
0 11 2 1 11 9 78
0 11 2 1 0 20 195
0 11 2 0 17 4 136
0 11 2 0 6 15 26
0 11 1 17 1 4 22
0 11 1 15 2 5 165
0 11 1 14 8 0 184
0 11 1 13 3 6 31
0 11 1 12 9 1 51
0 11 1 11 4 7 110
0 11 1 10 10 2 90
0 11 1 9 5 8 13
0 11 1 8 11 3 171
0 11 1 8 0 14 117
0 11 1 7 6 9 78
0 11 1 6 12 4 186
0 11 1 6 1 15 32
0 11 1 5 7 10 196
0 11 1 4 13 5 192
0 11 1 4 2 16 184
0 11 1 3 19 0 82
0 11 1 3 8 11 171
0 11 1 2 14 6 154
0 11 1 2 3 17 153
0 11 1 1 20 1 102
0 11 1 1 9 12 41
0 11 1 0 15 7 47
0 11 1 0 4 18 103
0 11 0 20 3 0 163
0 11 0 18 4 1 25
0 11 0 16 5 2 17
0 11 0 15 0 8 114
0 11 0 14 6 3 179
0 11 0 13 1 9 62
0 11 0 12 7 4 17
0 11 0 11 2 10 84
0 11 0 10 8 5 197
0 11 0 9 14 0 160
0 11 0 9 3 11 172
0 11 0 8 9 6 174
0 11 0 7 15 1 74
0 11 0 7 4 12 55
0 11 0 6 10 7 26
0 11 0 5 16 2 136
0 11 0 5 5 13 149
0 11 0 4 11 8 116
0 11 0 4 0 19 163
0 11 0 3 17 3 63
0 11 0 3 6 14 142
0 11 0 2 12 9 191
0 11 0 2 1 20 48
0 11 0 1 18 4 48
0 11 0 1 7 15 39
0 11 0 0 13 10 29
0 11 0 0 2 21 153
0 10 23 1 0 0 91
0 10 21 2 1 0 106
0 10 21 0 2 1 137
0 10 20 0 0 4 174
0 10 19 3 2 0 69
0 10 19 1 3 1 179
0 10 18 3 0 3 195
0 10 18 1 1 4 19
0 10 17 4 3 0 143
0 10 17 2 4 1 148
0 10 17 0 5 2 45
0 10 16 6 0 2 133
0 10 16 4 1 3 164
0 10 16 2 2 4 95
0 10 16 0 3 5 196
0 10 15 5 4 0 189
0 10 15 3 5 1 73
0 10 15 2 0 7 65
0 10 15 1 6 2 28
0 10 15 0 1 8 56
0 10 14 9 0 1 141
0 10 14 7 1 2 112
0 10 14 5 2 3 29
0 10 14 3 3 4 27
0 10 14 1 4 5 142
0 10 14 0 10 0 164
0 10 13 6 5 0 185
0 10 13 5 0 6 73
0 10 13 4 6 1 170
0 10 13 3 1 7 69
0 10 13 2 7 2 104
0 10 13 1 2 8 172
0 10 13 0 8 3 125
0 10 12 12 0 0 63
0 10 12 10 1 1 116
0 10 12 8 2 2 70
0 10 12 6 3 3 112
0 10 12 4 4 4 124
0 10 12 2 5 5 72
0 10 12 1 11 0 158
0 10 12 1 0 11 62
0 10 12 0 6 6 113
0 10 11 8 0 5 93
0 10 11 7 6 0 55
0 10 11 6 1 6 127
0 10 11 5 7 1 61
0 10 11 4 2 7 178
0 10 11 3 8 2 112
0 10 11 2 3 8 92
0 10 11 1 9 3 120
0 10 11 0 4 9 35
0 10 10 13 1 0 133
0 10 10 11 2 1 83
0 10 10 9 3 2 115
0 10 10 7 4 3 119
0 10 10 5 5 4 185
0 10 10 4 0 10 71
0 10 10 3 6 5 181
0 10 10 2 12 0 117
0 10 10 2 1 11 13
0 10 10 1 7 6 91
0 10 10 0 13 1 182
0 10 10 0 2 12 78
0 10 9 11 0 4 83
0 10 9 9 1 5 86
0 10 9 8 7 0 30
0 10 9 7 2 6 9
0 10 9 6 8 1 139
0 10 9 5 3 7 65
0 10 9 4 9 2 43
0 10 9 3 4 8 4
0 10 9 2 10 3 21
0 10 9 1 5 9 92
0 10 9 0 11 4 36
0 10 9 0 0 15 9
0 10 8 14 2 0 83
0 10 8 12 3 1 103
0 10 8 10 4 2 19
0 10 8 8 5 3 95
0 10 8 7 0 9 108
0 10 8 6 6 4 57
0 10 8 5 1 10 20
0 10 8 4 7 5 129
0 10 8 3 13 0 77
0 10 8 3 2 11 36
0 10 8 2 8 6 196
0 10 8 1 14 1 181
0 10 8 1 3 12 40
0 10 8 0 9 7 30
0 10 7 14 0 3 65
0 10 7 12 1 4 39
0 10 7 10 2 5 173
0 10 7 9 8 0 29
0 10 7 8 3 6 96
0 10 7 7 9 1 67
0 10 7 6 4 7 39
0 10 7 5 10 2 52
0 10 7 4 5 8 144
0 10 7 3 11 3 163
0 10 7 3 0 14 139
0 10 7 2 6 9 174
0 10 7 1 12 4 125
0 10 7 1 1 15 187
0 10 7 0 7 10 90
0 10 6 15 3 0 20
0 10 6 13 4 1 32
0 10 6 11 5 2 96
0 10 6 10 0 8 12
0 10 6 9 6 3 163
0 10 6 8 1 9 42
0 10 6 7 7 4 48
0 10 6 6 2 10 61
0 10 6 5 8 5 61
0 10 6 4 14 0 103
0 10 6 4 3 11 78
0 10 6 3 9 6 177
0 10 6 2 15 1 157
0 10 6 2 4 12 155
0 10 6 1 10 7 116
0 10 6 0 16 2 35
0 10 6 0 5 13 77
0 10 5 17 0 2 73
0 10 5 15 1 3 87
0 10 5 13 2 4 20
0 10 5 11 3 5 131
0 10 5 10 9 0 196
0 10 5 9 4 6 160
0 10 5 8 10 1 50
0 10 5 7 5 7 157
0 10 5 6 11 2 48
0 10 5 6 0 13 120
0 10 5 5 6 8 119
0 10 5 4 12 3 170
0 10 5 4 1 14 81
0 10 5 3 7 9 162
0 10 5 2 13 4 105
0 10 5 2 2 15 43
0 10 5 1 8 10 4
0 10 5 0 14 5 39
0 10 5 0 3 16 4
0 10 4 16 4 0 111
0 10 4 14 5 1 24
0 10 4 13 0 7 5
0 10 4 12 6 2 21
0 10 4 11 1 8 139
0 10 4 10 7 3 186
0 10 4 9 2 9 56
0 10 4 8 8 4 169
0 10 4 7 3 10 146
0 10 4 6 9 5 64
0 10 4 5 15 0 185
0 10 4 5 4 11 134
0 10 4 4 10 6 98
0 10 4 3 5 12 130
0 10 4 2 11 7 195
0 10 4 2 0 18 124
0 10 4 1 17 2 150
0 10 4 1 6 13 122
0 10 4 0 12 8 20
0 10 4 0 1 19 164
0 10 3 20 0 1 5
0 10 3 18 1 2 130
0 10 3 16 2 3 65
0 10 3 14 3 4 144
0 10 3 12 4 5 19
0 10 3 11 10 0 11
0 10 3 10 5 6 14
0 10 3 9 11 1 70
0 10 3 9 0 12 84
0 10 3 8 6 7 27
0 10 3 7 12 2 37
0 10 3 7 1 13 27
0 10 3 6 7 8 78
0 10 3 5 13 3 141
0 10 3 5 2 14 169
0 10 3 4 8 9 93
0 10 3 3 14 4 196
0 10 3 3 3 15 149
0 10 3 2 9 10 116
0 10 3 1 15 5 195
0 10 3 1 4 16 128
0 10 3 0 21 0 167
0 10 3 0 10 11 198
0 10 2 17 5 0 134
0 10 2 16 0 6 7
0 10 2 15 6 1 155
0 10 2 14 1 7 108
0 10 2 13 7 2 144
0 10 2 12 2 8 91
0 10 2 11 8 3 77
0 10 2 10 3 9 194
0 10 2 9 9 4 106
0 10 2 8 4 10 18
0 10 2 7 10 5 90
0 10 2 6 16 0 148
0 10 2 6 5 11 158
0 10 2 5 11 6 115
0 10 2 5 0 17 17
0 10 2 4 17 1 40
0 10 2 4 6 12 151
0 10 2 3 12 7 68
0 10 2 3 1 18 70
0 10 2 2 18 2 130
0 10 2 2 7 13 184
0 10 2 1 13 8 56
0 10 2 1 2 19 190
0 10 2 0 19 3 190
0 10 2 0 8 14 140
0 10 1 23 0 0 16
0 10 1 21 1 1 127
0 10 1 19 2 2 176
0 10 1 17 3 3 124
0 10 1 15 4 4 39
0 10 1 13 5 5 23
0 10 1 12 11 0 115
0 10 1 12 0 11 183
0 10 1 11 6 6 78
0 10 1 10 12 1 120
0 10 1 10 1 12 180
0 10 1 9 7 7 124
0 10 1 8 13 2 153
0 10 1 8 2 13 63
0 10 1 7 8 8 107
0 10 1 6 14 3 109
0 10 1 6 3 14 139
0 10 1 5 9 9 42
0 10 1 4 15 4 170
0 10 1 4 4 15 158
0 10 1 3 10 10 198
0 10 1 2 16 5 141
0 10 1 2 5 16 7
0 10 1 1 22 0 146
0 10 1 1 11 11 177
0 10 1 1 0 22 137
0 10 1 0 17 6 10
0 10 1 0 6 17 128
0 10 0 19 0 5 194
0 10 0 18 6 0 14
0 10 0 17 1 6 55
0 10 0 16 7 1 44
0 10 0 15 2 7 22
0 10 0 14 8 2 181
0 10 0 13 3 8 185
0 10 0 12 9 3 102
0 10 0 11 4 9 127
0 10 0 10 10 4 90
0 10 0 9 5 10 67
0 10 0 8 11 5 147
0 10 0 8 0 16 181
0 10 0 7 17 0 71
0 10 0 7 6 11 98
0 10 0 6 12 6 10
0 10 0 6 1 17 162
0 10 0 5 18 1 173
0 10 0 5 7 12 158
0 10 0 4 13 7 186
0 10 0 4 2 18 79
0 10 0 3 19 2 184
0 10 0 3 8 13 108
0 10 0 2 14 8 176
0 10 0 2 3 19 175
0 10 0 1 20 3 157
0 10 0 1 9 14 48
0 10 0 0 15 9 180
0 10 0 0 4 20 92
0 9 22 1 0 2 12
0 9 21 0 4 0 30
0 9 20 4 0 1 170
0 9 20 2 1 2 100
0 9 20 0 2 3 151
0 9 19 1 5 0 77
0 9 19 0 0 6 27
0 9 18 7 0 0 90
0 9 18 5 1 1 133
0 9 18 3 2 2 69
0 9 18 1 3 3 1
0 9 17 3 0 5 128
0 9 17 2 6 0 69
0 9 17 1 1 6 10
0 9 17 0 7 1 150
0 9 16 8 1 0 63
0 9 16 6 2 1 122
0 9 16 4 3 2 177
0 9 16 2 4 3 193
0 9 16 0 5 4 88
0 9 15 6 0 4 175
0 9 15 4 1 5 126
0 9 15 3 7 0 128
0 9 15 2 2 6 119
0 9 15 1 8 1 117
0 9 15 0 3 7 8
0 9 14 9 2 0 111
0 9 14 7 3 1 16
0 9 14 5 4 2 69
0 9 14 3 5 3 180
0 9 14 2 0 9 147
0 9 14 1 6 4 79
0 9 14 0 1 10 13
0 9 13 9 0 3 168
0 9 13 7 1 4 132
0 9 13 5 2 5 102
0 9 13 4 8 0 30
0 9 13 3 3 6 5
0 9 13 2 9 1 109
0 9 13 1 4 7 103
0 9 13 0 10 2 51
0 9 12 10 3 0 91
0 9 12 8 4 1 48
0 9 12 6 5 2 184
0 9 12 5 0 8 194
0 9 12 4 6 3 129
0 9 12 3 1 9 92
0 9 12 2 7 4 30
0 9 12 1 2 10 29
0 9 12 0 8 5 104
0 9 11 12 0 2 7
0 9 11 10 1 3 62
0 9 11 8 2 4 18
0 9 11 6 3 5 86
0 9 11 5 9 0 179
0 9 11 4 4 6 136
0 9 11 3 10 1 144
0 9 11 2 5 7 121
0 9 11 1 11 2 39
0 9 11 1 0 13 109
0 9 11 0 6 8 4
0 9 10 11 4 0 169
0 9 10 9 5 1 12
0 9 10 8 0 7 195
0 9 10 7 6 2 33
0 9 10 6 1 8 162
0 9 10 5 7 3 142
0 9 10 4 2 9 111
0 9 10 3 8 4 36
0 9 10 2 3 10 65
0 9 10 1 9 5 8
0 9 10 0 15 0 34
0 9 10 0 4 11 105
0 9 9 15 0 1 15
0 9 9 13 1 2 123
0 9 9 11 2 3 190
0 9 9 9 3 4 185
0 9 9 7 4 5 38
0 9 9 6 10 0 35
0 9 9 5 5 6 149
0 9 9 4 11 1 88
0 9 9 4 0 12 66
0 9 9 3 6 7 87
0 9 9 2 12 2 37
0 9 9 2 1 13 133
0 9 9 1 7 8 89
0 9 9 0 13 3 169
0 9 9 0 2 14 32
0 9 8 12 5 0 125
0 9 8 11 0 6 28
0 9 8 10 6 1 183
0 9 8 9 1 7 175
0 9 8 8 7 2 91
0 9 8 7 2 8 39
0 9 8 6 8 3 86
0 9 8 5 3 9 172
0 9 8 4 9 4 117
0 9 8 3 4 10 79
0 9 8 2 10 5 2
0 9 8 1 16 0 99
0 9 8 1 5 11 105
0 9 8 0 11 6 107
0 9 8 0 0 17 23
0 9 7 18 0 0 94
0 9 7 16 1 1 145
0 9 7 14 2 2 153
0 9 7 12 3 3 99
0 9 7 10 4 4 7
0 9 7 8 5 5 40
0 9 7 7 11 0 198
0 9 7 7 0 11 75
0 9 7 6 6 6 139
0 9 7 5 12 1 17
0 9 7 5 1 12 119
0 9 7 4 7 7 129
0 9 7 3 13 2 160
0 9 7 3 2 13 28
0 9 7 2 8 8 48
0 9 7 1 14 3 133
0 9 7 1 3 14 32
0 9 7 0 9 9 12
0 9 6 14 0 5 157
0 9 6 13 6 0 49
0 9 6 12 1 6 137
0 9 6 11 7 1 31
0 9 6 10 2 7 24
0 9 6 9 8 2 101
0 9 6 8 3 8 105
0 9 6 7 9 3 19
0 9 6 6 4 9 17
0 9 6 5 10 4 113
0 9 6 4 5 10 153
0 9 6 3 11 5 15
0 9 6 3 0 16 80
0 9 6 2 17 0 10
0 9 6 2 6 11 176
0 9 6 1 12 6 164
0 9 6 1 1 17 181
0 9 6 0 18 1 141
0 9 6 0 7 12 106
0 9 5 19 1 0 47
0 9 5 17 2 1 44
0 9 5 15 3 2 163
0 9 5 13 4 3 93
0 9 5 11 5 4 170
0 9 5 10 0 10 184
0 9 5 9 6 5 154
0 9 5 8 12 0 50
0 9 5 8 1 11 43
0 9 5 7 7 6 92
0 9 5 6 13 1 90
0 9 5 6 2 12 49
0 9 5 5 8 7 145
0 9 5 4 14 2 130
0 9 5 4 3 13 186
0 9 5 3 9 8 145
0 9 5 2 15 3 190
0 9 5 2 4 14 1
0 9 5 1 10 9 78
0 9 5 0 16 4 26
0 9 5 0 5 15 4
0 9 4 17 0 4 83
0 9 4 15 1 5 154
0 9 4 14 7 0 3
0 9 4 13 2 6 28
0 9 4 12 8 1 61
0 9 4 11 3 7 96
0 9 4 10 9 2 178
0 9 4 9 4 8 174
0 9 4 8 10 3 159
0 9 4 7 5 9 116
0 9 4 6 11 4 135
0 9 4 6 0 15 136
0 9 4 5 6 10 28
0 9 4 4 12 5 193
0 9 4 4 1 16 184
0 9 4 3 18 0 45
0 9 4 3 7 11 85
0 9 4 2 13 6 136
0 9 4 2 2 17 167
0 9 4 1 19 1 107
0 9 4 1 8 12 47
0 9 4 0 14 7 96
0 9 4 0 3 18 50
0 9 3 20 2 0 165
0 9 3 18 3 1 158
0 9 3 16 4 2 158
0 9 3 14 5 3 178
0 9 3 13 0 9 112
0 9 3 12 6 4 75
0 9 3 11 1 10 28
0 9 3 10 7 5 195
0 9 3 9 13 0 155
0 9 3 9 2 11 26
0 9 3 8 8 6 197
0 9 3 7 14 1 66
0 9 3 7 3 12 108
0 9 3 6 9 7 56
0 9 3 5 15 2 198
0 9 3 5 4 13 27
0 9 3 4 10 8 190
0 9 3 3 16 3 176
0 9 3 3 5 14 114
0 9 3 2 11 9 7
0 9 3 2 0 20 54
0 9 3 1 17 4 187
0 9 3 1 6 15 2
0 9 3 0 12 10 152
0 9 3 0 1 21 167
0 9 2 20 0 3 77
0 9 2 18 1 4 10
0 9 2 16 2 5 27
0 9 2 15 8 0 125
0 9 2 14 3 6 118
0 9 2 13 9 1 7
0 9 2 12 4 7 30
0 9 2 11 10 2 97
0 9 2 10 5 8 178
0 9 2 9 11 3 18
0 9 2 9 0 14 181
0 9 2 8 6 9 159
0 9 2 7 12 4 67
0 9 2 6 7 10 12
0 9 2 5 13 5 7
0 9 2 5 2 16 189
0 9 2 4 19 0 107
0 9 2 4 8 11 60
0 9 2 3 14 6 124
0 9 2 3 3 17 129
0 9 2 2 20 1 44
0 9 2 2 9 12 133
0 9 2 1 15 7 105
0 9 2 1 4 18 141
0 9 2 0 21 2 52
0 9 2 0 10 13 136
0 9 1 21 3 0 42
0 9 1 19 4 1 127
0 9 1 17 5 2 152
0 9 1 16 0 8 70
0 9 1 15 6 3 74
0 9 1 14 1 9 103
0 9 1 13 7 4 6
0 9 1 12 2 10 70
0 9 1 11 8 5 171
0 9 1 10 14 0 180
0 9 1 10 3 11 198
0 9 1 9 9 6 36
0 9 1 8 15 1 117
0 9 1 8 4 12 80
0 9 1 7 10 7 28
0 9 1 6 16 2 122
0 9 1 6 5 13 15
0 9 1 5 11 8 164
0 9 1 5 0 19 84
0 9 1 4 17 3 169
0 9 1 4 6 14 59
0 9 1 3 12 9 196
0 9 1 3 1 20 10
0 9 1 2 18 4 70
0 9 1 2 7 15 165
0 9 1 1 13 10 80
0 9 1 1 2 21 71
0 9 1 0 19 5 146
0 9 1 0 8 16 182
0 9 0 23 0 2 29
0 9 0 21 1 3 196
0 9 0 19 2 4 184
0 9 0 17 3 5 111
0 9 0 16 9 0 75
0 9 0 15 4 6 165
0 9 0 14 10 1 106
0 9 0 13 5 7 56
0 9 0 12 11 2 167
0 9 0 12 0 13 38
0 9 0 11 6 8 194
0 9 0 10 12 3 50
0 9 0 10 1 14 168
0 9 0 9 7 9 97
0 9 0 8 13 4 198
0 9 0 8 2 15 163
0 9 0 7 8 10 150
0 9 0 6 14 5 43
0 9 0 6 3 16 136
0 9 0 5 20 0 61
0 9 0 5 9 11 6
0 9 0 4 15 6 64
0 9 0 4 4 17 62
0 9 0 3 21 1 79
0 9 0 3 10 12 7
0 9 0 2 16 7 47
0 9 0 2 5 18 127
0 9 0 1 22 2 174
0 9 0 1 11 13 133
0 9 0 1 0 24 113
0 9 0 0 17 8 46
0 9 0 0 6 19 58
0 8 24 2 0 0 172
0 8 24 0 1 1 29
0 8 22 3 1 0 43
0 8 22 1 2 1 149
0 8 21 1 0 4 25
0 8 20 4 2 0 19
0 8 20 2 3 1 171
0 8 20 0 4 2 66
0 8 19 4 0 3 123
0 8 19 2 1 4 137
0 8 19 0 2 5 156
0 8 18 5 3 0 70
0 8 18 3 4 1 142
0 8 18 1 5 2 133
0 8 18 0 0 8 167
0 8 17 7 0 2 95
0 8 17 5 1 3 186
0 8 17 3 2 4 2
0 8 17 1 3 5 154
0 8 17 0 9 0 23
0 8 16 6 4 0 76
0 8 16 4 5 1 36
0 8 16 3 0 7 33
0 8 16 2 6 2 61
0 8 16 1 1 8 169
0 8 16 0 7 3 103
0 8 15 10 0 1 101
0 8 15 8 1 2 102
0 8 15 6 2 3 60
0 8 15 4 3 4 110
0 8 15 2 4 5 132
0 8 15 1 10 0 180
0 8 15 0 5 6 133
0 8 14 7 5 0 149
0 8 14 6 0 6 21
0 8 14 5 6 1 99
0 8 14 4 1 7 79
0 8 14 3 7 2 188
0 8 14 2 2 8 25
0 8 14 1 8 3 188
0 8 14 0 3 9 136
0 8 13 13 0 0 74
0 8 13 11 1 1 64
0 8 13 9 2 2 108
0 8 13 7 3 3 140
0 8 13 5 4 4 28
0 8 13 3 5 5 131
0 8 13 2 11 0 110
0 8 13 2 0 11 177
0 8 13 1 6 6 56
0 8 13 0 12 1 149
0 8 13 0 1 12 53
0 8 12 9 0 5 82
0 8 12 8 6 0 179
0 8 12 7 1 6 136
0 8 12 6 7 1 5
0 8 12 5 2 7 117
0 8 12 4 8 2 172
0 8 12 3 3 8 103
0 8 12 2 9 3 173
0 8 12 1 4 9 75
0 8 12 0 10 4 61
0 8 11 14 1 0 191
0 8 11 12 2 1 66
0 8 11 10 3 2 139
0 8 11 8 4 3 7
0 8 11 6 5 4 145
0 8 11 5 0 10 24
0 8 11 4 6 5 104
0 8 11 3 12 0 156
0 8 11 3 1 11 188
0 8 11 2 7 6 41
0 8 11 1 13 1 194
0 8 11 1 2 12 156
0 8 11 0 8 7 110
0 8 10 12 0 4 158
0 8 10 10 1 5 130
0 8 10 9 7 0 151
0 8 10 8 2 6 175
0 8 10 7 8 1 114
0 8 10 6 3 7 14
0 8 10 5 9 2 114
0 8 10 4 4 8 123
0 8 10 3 10 3 141
0 8 10 2 5 9 26
0 8 10 1 11 4 36
0 8 10 1 0 15 44
0 8 10 0 6 10 81
0 8 9 15 2 0 105
0 8 9 13 3 1 156
0 8 9 11 4 2 157
0 8 9 9 5 3 147
0 8 9 8 0 9 31
0 8 9 7 6 4 122
0 8 9 6 1 10 166
0 8 9 5 7 5 131
0 8 9 4 13 0 180
0 8 9 4 2 11 91
0 8 9 3 8 6 128
0 8 9 2 14 1 126
0 8 9 2 3 12 160
0 8 9 1 9 7 125
0 8 9 0 15 2 20
0 8 9 0 4 13 129
0 8 8 15 0 3 180
0 8 8 13 1 4 72
0 8 8 11 2 5 178
0 8 8 10 8 0 6
0 8 8 9 3 6 131
0 8 8 8 9 1 76
0 8 8 7 4 7 44
0 8 8 6 10 2 4
0 8 8 5 5 8 26
0 8 8 4 11 3 74
0 8 8 4 0 14 122
0 8 8 3 6 9 145
0 8 8 2 12 4 72
0 8 8 2 1 15 74
0 8 8 0 13 5 147
0 8 8 0 2 16 78
0 8 7 16 3 0 6
0 8 7 14 4 1 7
0 8 7 12 5 2 88
0 8 7 11 0 8 85
0 8 7 9 1 9 87
0 8 7 8 7 4 44
0 8 7 7 2 10 94
0 8 7 6 8 5 62
0 8 7 5 14 0 161
0 8 7 5 3 11 176
0 8 7 4 9 6 191
0 8 7 3 15 1 46
0 8 7 3 4 12 109
0 8 7 2 10 7 185
0 8 7 1 16 2 138
0 8 7 1 5 13 179
0 8 7 0 11 8 145
0 8 7 0 0 19 118
0 8 6 18 0 2 102
0 8 6 16 1 3 69
0 8 6 14 2 4 169
0 8 6 12 3 5 180
0 8 6 11 9 0 38
0 8 6 10 4 6 112
0 8 6 9 10 1 192
0 8 6 8 5 7 77
0 8 6 7 11 2 66
0 8 6 7 0 13 179
0 8 6 6 6 8 53
0 8 6 5 12 3 185
0 8 6 5 1 14 115
0 8 6 4 7 9 120
0 8 6 3 13 4 165
0 8 6 3 2 15 30
0 8 6 2 8 10 27
0 8 6 1 14 5 5
0 8 6 1 3 16 193
0 8 6 0 20 0 123
0 8 6 0 9 11 118
0 8 5 17 4 0 77
0 8 5 15 5 1 175
0 8 5 14 0 7 34
0 8 5 13 6 2 33
0 8 5 12 1 8 184
0 8 5 11 7 3 51
0 8 5 10 2 9 157
0 8 5 9 8 4 54
0 8 5 8 3 10 166
0 8 5 7 9 5 12
0 8 5 6 15 0 56
0 8 5 6 4 11 106
0 8 5 5 10 6 22
0 8 5 4 16 1 36
0 8 5 4 5 12 100
0 8 5 3 11 7 26
0 8 5 3 0 18 195
0 8 5 2 17 2 164
0 8 5 2 6 13 43
0 8 5 1 12 8 156
0 8 5 1 1 19 70
0 8 5 0 18 3 198
0 8 5 0 7 14 190
0 8 4 21 0 1 113
0 8 4 19 1 2 195
0 8 4 17 2 3 100
0 8 4 15 3 4 76
0 8 4 13 4 5 97
0 8 4 12 10 0 172
0 8 4 11 5 6 102
0 8 4 10 11 1 177
0 8 4 10 0 12 83
0 8 4 9 6 7 42
0 8 4 8 12 2 110
0 8 4 8 1 13 108
0 8 4 7 7 8 140
0 8 4 6 13 3 129
0 8 4 6 2 14 105
0 8 4 5 8 9 51
0 8 4 4 14 4 188
0 8 4 4 3 15 184
0 8 4 3 9 10 92
0 8 4 2 15 5 140
0 8 4 2 4 16 20
0 8 4 1 21 0 126
0 8 4 1 10 11 166
0 8 4 0 16 6 138
0 8 4 0 5 17 133
0 8 3 18 5 0 28
0 8 3 17 0 6 168
0 8 3 16 6 1 28
0 8 3 15 1 7 114
0 8 3 14 7 2 192
0 8 3 13 2 8 195
0 8 3 12 8 3 101
0 8 3 11 3 9 105
0 8 3 10 9 4 150
0 8 3 9 4 10 47
0 8 3 8 10 5 65
0 8 3 7 16 0 185
0 8 3 7 5 11 183
0 8 3 6 11 6 32
0 8 3 6 0 17 7
0 8 3 5 17 1 83
0 8 3 5 6 12 99
0 8 3 4 12 7 180
0 8 3 4 1 18 177
0 8 3 3 18 2 76
0 8 3 3 7 13 142
0 8 3 2 13 8 61
0 8 3 2 2 19 123
0 8 3 1 19 3 27
0 8 3 1 8 14 59
0 8 3 0 14 9 73
0 8 3 0 3 20 86
0 8 2 24 0 0 131
0 8 2 22 1 1 161
0 8 2 20 2 2 42
0 8 2 18 3 3 194
0 8 2 16 4 4 111
0 8 2 14 5 5 151
0 8 2 13 11 0 18
0 8 2 13 0 11 39
0 8 2 12 6 6 43
0 8 2 11 12 1 66
0 8 2 11 1 12 105
0 8 2 10 7 7 117
0 8 2 9 13 2 107
0 8 2 9 2 13 132
0 8 2 8 8 8 149
0 8 2 7 14 3 38
0 8 2 7 3 14 60
0 8 2 6 9 9 41
0 8 2 5 15 4 118
0 8 2 5 4 15 105
0 8 2 4 10 10 42
0 8 2 3 16 5 142
0 8 2 3 5 16 159
0 8 2 2 22 0 155
0 8 2 2 11 11 103
0 8 2 2 0 22 84
0 8 2 1 17 6 38
0 8 2 1 6 17 62
0 8 2 0 23 1 126
0 8 2 0 12 12 142
0 8 2 0 1 23 43
0 8 1 20 0 5 24
0 8 1 19 6 0 119
0 8 1 18 1 6 172
0 8 1 17 7 1 18
0 8 1 16 2 7 30
0 8 1 15 8 2 88
0 8 1 14 3 8 95
0 8 1 13 9 3 157
0 8 1 12 4 9 40
0 8 1 11 10 4 171
0 8 1 10 5 10 57
0 8 1 9 11 5 47
0 8 1 9 0 16 32
0 8 1 8 17 0 103
0 8 1 8 6 11 163
0 8 1 7 12 6 16
0 8 1 7 1 17 158
0 8 1 6 18 1 113
0 8 1 6 7 12 161
0 8 1 5 13 7 1
0 8 1 5 2 18 100
0 8 1 4 19 2 44
0 8 1 4 8 13 180
0 8 1 3 14 8 142
0 8 1 3 3 19 18
0 8 1 2 20 3 21
0 8 1 2 9 14 109
0 8 1 1 15 9 149
0 8 1 1 4 20 79
0 8 1 0 21 4 96
0 8 1 0 10 15 62
0 8 0 25 1 0 152
0 8 0 23 2 1 44
0 8 0 21 3 2 30
0 8 0 19 4 3 164
0 8 0 17 5 4 71
0 8 0 16 0 10 181
0 8 0 15 6 5 56
0 8 0 14 12 0 178
0 8 0 14 1 11 183
0 8 0 13 7 6 77
0 8 0 12 13 1 70
0 8 0 12 2 12 154
0 8 0 11 8 7 185
0 8 0 10 14 2 61
0 8 0 10 3 13 155
0 8 0 9 9 8 150
0 8 0 8 15 3 147
0 8 0 8 4 14 131
0 8 0 7 10 9 125
0 8 0 6 16 4 162
0 8 0 6 5 15 44
0 8 0 5 11 10 47
0 8 0 5 0 21 53
0 8 0 4 17 5 163
0 8 0 4 6 16 30
0 8 0 3 23 0 166
0 8 0 3 12 11 175
0 8 0 3 1 22 10
0 8 0 2 18 6 20
0 8 0 2 7 17 122
0 8 0 1 24 1 4
0 8 0 1 13 12 119
0 8 0 1 2 23 151
0 8 0 0 19 7 35
0 8 0 0 8 18 99
0 7 24 0 3 0 197
0 7 23 2 0 2 14
0 7 23 0 1 3 95
0 7 22 1 4 0 85
0 7 21 5 0 1 25
0 7 21 3 1 2 143
0 7 21 1 2 3 55
0 7 20 2 5 0 22
0 7 20 1 0 6 17
0 7 20 0 6 1 104
0 7 19 8 0 0 144
0 7 19 6 1 1 191
0 7 19 4 2 2 35
0 7 19 2 3 3 51
0 7 19 0 4 4 98
0 7 18 4 0 5 103
0 7 18 3 6 0 162
0 7 18 2 1 6 88
0 7 18 1 7 1 166
0 7 18 0 2 7 16
0 7 17 9 1 0 138
0 7 17 7 2 1 160
0 7 17 5 3 2 121
0 7 17 3 4 3 153
0 7 17 1 5 4 24
0 7 17 0 0 10 164
0 7 16 7 0 4 68
0 7 16 5 1 5 14
0 7 16 4 7 0 4
0 7 16 3 2 6 83
0 7 16 2 8 1 34
0 7 16 1 3 7 76
0 7 16 0 9 2 55
0 7 15 10 2 0 9
0 7 15 8 3 1 195
0 7 15 6 4 2 193
0 7 15 4 5 3 142
0 7 15 3 0 9 117
0 7 15 2 6 4 22
0 7 15 1 1 10 21
0 7 15 0 7 5 11
0 7 14 10 0 3 37
0 7 14 8 1 4 103
0 7 14 6 2 5 188
0 7 14 5 8 0 151
0 7 14 4 3 6 44
0 7 14 3 9 1 52
0 7 14 2 4 7 128
0 7 14 1 10 2 122
0 7 14 0 5 8 43
0 7 13 11 3 0 107
0 7 13 9 4 1 92
0 7 13 7 5 2 77
0 7 13 6 0 8 33
0 7 13 5 6 3 195
0 7 13 4 1 9 139
0 7 13 3 7 4 158
0 7 13 2 2 10 174
0 7 13 1 8 5 41
0 7 13 0 14 0 39
0 7 13 0 3 11 23
0 7 12 13 0 2 151
0 7 12 11 1 3 43
0 7 12 9 2 4 184
0 7 12 7 3 5 155
0 7 12 6 9 0 48
0 7 12 5 4 6 27
0 7 12 4 10 1 11
0 7 12 3 5 7 83
0 7 12 2 11 2 168
0 7 12 2 0 13 163
0 7 12 1 6 8 79
0 7 12 0 12 3 58
0 7 12 0 1 14 38
0 7 11 12 4 0 60
0 7 11 10 5 1 56
0 7 11 9 0 7 191
0 7 11 8 6 2 191
0 7 11 7 1 8 142
0 7 11 6 7 3 130
0 7 11 5 2 9 192
0 7 11 4 8 4 135
0 7 11 3 3 10 61
0 7 11 2 9 5 32
0 7 11 1 15 0 97
0 7 11 1 4 11 141
0 7 11 0 10 6 33
0 7 10 16 0 1 67
0 7 10 14 1 2 86
0 7 10 12 2 3 17
0 7 10 10 3 4 144
0 7 10 8 4 5 186
0 7 10 7 10 0 162
0 7 10 6 5 6 62
0 7 10 5 11 1 80
0 7 10 5 0 12 38
0 7 10 4 6 7 121
0 7 10 3 12 2 9
0 7 10 3 1 13 88
0 7 10 2 7 8 159
0 7 10 1 13 3 25
0 7 10 1 2 14 47
0 7 10 0 8 9 1
0 7 9 13 5 0 94
0 7 9 12 0 6 21
0 7 9 11 6 1 34
0 7 9 10 1 7 66
0 7 9 9 7 2 49
0 7 9 8 2 8 94
0 7 9 6 3 9 140
0 7 9 5 9 4 102
0 7 9 4 4 10 167
0 7 9 3 10 5 140
0 7 9 2 16 0 169
0 7 9 2 5 11 94
0 7 9 1 11 6 149
0 7 9 1 0 17 56
0 7 9 0 17 1 112
0 7 9 0 6 12 183
0 7 8 19 0 0 1
0 7 8 17 1 1 12
0 7 8 15 2 2 124
0 7 8 13 3 3 172
0 7 8 11 4 4 5
0 7 8 9 5 5 4
0 7 8 8 11 0 58
0 7 8 8 0 11 75
0 7 8 7 6 6 126
0 7 8 6 12 1 4
0 7 8 6 1 12 173
0 7 8 5 7 7 21
0 7 8 4 13 2 4
0 7 8 4 2 13 125
0 7 8 3 8 8 138
0 7 8 2 14 3 152
0 7 8 2 3 14 23
0 7 8 1 9 9 190
0 7 8 0 15 4 125
0 7 8 0 4 15 31
0 7 7 15 0 5 183
0 7 7 14 6 0 103
0 7 7 13 1 6 49
0 7 7 12 7 1 104
0 7 7 11 2 7 21
0 7 7 10 8 2 83
0 7 7 9 3 8 47
0 7 7 8 9 3 94
0 7 7 7 4 9 116
0 7 7 6 10 4 104
0 7 7 5 5 10 150
0 7 7 4 11 5 62
0 7 7 4 0 16 141
0 7 7 3 17 0 196
0 7 7 3 6 11 150
0 7 7 2 12 6 105
0 7 7 2 1 17 74
0 7 7 1 18 1 80
0 7 7 1 7 12 80
0 7 7 0 13 7 128
0 7 7 0 2 18 123
0 7 6 20 1 0 174
0 7 6 18 2 1 171
0 7 6 16 3 2 83
0 7 6 14 4 3 65
0 7 6 12 5 4 22
0 7 6 11 0 10 36
0 7 6 10 6 5 163
0 7 6 9 12 0 114
0 7 6 9 1 11 158
0 7 6 8 7 6 149
0 7 6 7 13 1 52
0 7 6 7 2 12 20
0 7 6 6 8 7 163
0 7 6 5 14 2 22
0 7 6 5 3 13 59
0 7 6 4 9 8 49
0 7 6 3 15 3 149
0 7 6 3 4 14 155
0 7 6 2 10 9 61
0 7 6 1 16 4 109
0 7 6 1 5 15 23
0 7 6 0 11 10 176
0 7 6 0 0 21 29
0 7 5 18 0 4 7
0 7 5 16 1 5 94
0 7 5 15 7 0 165
0 7 5 14 2 6 196
0 7 5 13 8 1 130
0 7 5 12 3 7 170
0 7 5 11 9 2 75
0 7 5 10 4 8 95
0 7 5 9 10 3 10
0 7 5 8 5 9 156
0 7 5 7 11 4 100
0 7 5 7 0 15 100
0 7 5 6 6 10 55
0 7 5 5 12 5 64
0 7 5 5 1 16 2
0 7 5 4 18 0 131
0 7 5 4 7 11 58
0 7 5 3 13 6 148
0 7 5 3 2 17 54
0 7 5 2 19 1 167
0 7 5 2 8 12 5
0 7 5 1 14 7 104
0 7 5 1 3 18 115
0 7 5 0 20 2 144
0 7 5 0 9 13 71
0 7 4 21 2 0 147
0 7 4 19 3 1 164
0 7 4 17 4 2 10
0 7 4 15 5 3 77
0 7 4 14 0 9 123
0 7 4 13 6 4 167
0 7 4 12 1 10 47
0 7 4 11 7 5 56
0 7 4 10 13 0 112
0 7 4 10 2 11 154
0 7 4 9 8 6 159
0 7 4 8 14 1 53
0 7 4 8 3 12 27
0 7 4 7 9 7 147
0 7 4 6 15 2 127
0 7 4 6 4 13 101
0 7 4 5 10 8 152
0 7 4 4 16 3 183
0 7 4 4 5 14 102
0 7 4 3 11 9 182
0 7 4 3 0 20 2
0 7 4 2 17 4 81
0 7 4 2 6 15 146
0 7 4 1 12 10 40
0 7 4 1 1 21 179
0 7 4 0 18 5 29
0 7 4 0 7 16 94
0 7 3 21 0 3 186
0 7 3 19 1 4 147
0 7 3 17 2 5 4
0 7 3 16 8 0 81
0 7 3 15 3 6 49
0 7 3 14 9 1 158
0 7 3 13 4 7 34
0 7 3 12 10 2 160
0 7 3 11 5 8 73
0 7 3 10 11 3 21
0 7 3 10 0 14 90
0 7 3 9 6 9 9
0 7 3 8 12 4 7
0 7 3 8 1 15 76
0 7 3 7 7 10 137
0 7 3 6 13 5 197
0 7 3 6 2 16 135
0 7 3 5 19 0 151
0 7 3 5 8 11 23
0 7 3 4 14 6 14
0 7 3 4 3 17 164
0 7 3 3 20 1 61
0 7 3 3 9 12 54
0 7 3 2 15 7 62
0 7 3 2 4 18 7
0 7 3 1 21 2 33
0 7 3 1 10 13 27
0 7 3 0 16 8 95
0 7 3 0 5 19 50
0 7 2 22 3 0 175
0 7 2 20 4 1 13
0 7 2 18 5 2 156
0 7 2 17 0 8 86
0 7 2 16 6 3 114
0 7 2 15 1 9 190
0 7 2 14 7 4 108
0 7 2 13 2 10 100
0 7 2 12 8 5 132
0 7 2 11 14 0 135
0 7 2 11 3 11 171
0 7 2 10 9 6 21
0 7 2 9 15 1 155
0 7 2 9 4 12 28
0 7 2 8 10 7 65
0 7 2 7 16 2 89
0 7 2 7 5 13 25
0 7 2 6 11 8 32
0 7 2 6 0 19 38
0 7 2 5 17 3 99
0 7 2 5 6 14 184
0 7 2 4 12 9 90
0 7 2 3 18 4 61
0 7 2 3 7 15 191
0 7 2 2 13 10 98
0 7 2 2 2 21 77
0 7 2 1 19 5 49
0 7 2 1 8 16 27
0 7 2 0 25 0 129
0 7 2 0 14 11 101
0 7 2 0 3 22 67
0 7 1 24 0 2 81
0 7 1 22 1 3 76
0 7 1 20 2 4 140
0 7 1 18 3 5 196
0 7 1 17 9 0 164
0 7 1 16 4 6 151
0 7 1 15 10 1 81
0 7 1 14 5 7 79
0 7 1 13 11 2 54
0 7 1 13 0 13 28
0 7 1 12 6 8 87
0 7 1 11 12 3 40
0 7 1 11 1 14 150
0 7 1 10 7 9 65
0 7 1 9 13 4 14
0 7 1 9 2 15 188
0 7 1 8 8 10 154
0 7 1 7 14 5 47
0 7 1 7 3 16 81
0 7 1 6 20 0 147
0 7 1 6 9 11 112
0 7 1 5 15 6 96
0 7 1 5 4 17 73
0 7 1 4 21 1 37
0 7 1 4 10 12 140
0 7 1 3 16 7 45
0 7 1 3 5 18 55
0 7 1 2 22 2 24
0 7 1 2 11 13 183
0 7 1 2 0 24 195
0 7 1 1 17 8 189
0 7 1 1 6 19 68
0 7 1 0 23 3 2
0 7 1 0 12 14 39
0 7 1 0 1 25 120
0 7 0 23 4 0 170
0 7 0 21 5 1 184
0 7 0 20 0 7 51
0 7 0 19 6 2 9
0 7 0 18 1 8 106
0 7 0 17 7 3 29
0 7 0 16 2 9 121
0 7 0 15 8 4 104
0 7 0 14 3 10 132
0 7 0 13 9 5 151
0 7 0 12 15 0 79
0 7 0 12 4 11 121
0 7 0 11 10 6 79
0 7 0 10 16 1 170
0 7 0 10 5 12 102
0 7 0 9 11 7 137
0 7 0 9 0 18 163
0 7 0 8 17 2 147
0 7 0 8 6 13 164
0 7 0 7 12 8 117
0 7 0 7 1 19 104
0 7 0 6 18 3 8
0 7 0 6 7 14 162
0 7 0 5 13 9 88
0 7 0 5 2 20 79
0 7 0 4 19 4 98
0 7 0 4 8 15 191
0 7 0 3 14 10 164
0 7 0 3 3 21 112
0 7 0 2 20 5 90
0 7 0 2 9 16 114
0 7 0 1 26 0 25
0 7 0 1 15 11 140
0 7 0 1 4 22 27
0 7 0 0 21 6 36
0 7 0 0 10 17 37
0 6 27 0 0 1 38
0 6 25 3 0 0 3
0 6 25 1 1 1 128
0 6 23 4 1 0 17
0 6 23 2 2 1 3
0 6 23 0 3 2 53
0 6 22 2 0 4 183
0 6 22 0 1 5 181
0 6 21 5 2 0 40
0 6 21 3 3 1 194
0 6 21 1 4 2 55
0 6 20 5 0 3 19
0 6 20 3 1 4 26
0 6 20 1 2 5 185
0 6 20 0 8 0 108
0 6 19 6 3 0 160
0 6 19 4 4 1 173
0 6 19 2 5 2 103
0 6 19 1 0 8 50
0 6 19 0 6 3 181
0 6 18 8 0 2 25
0 6 18 6 1 3 99
0 6 18 4 2 4 152
0 6 18 2 3 5 146
0 6 18 1 9 0 133
0 6 18 0 4 6 22
0 6 17 7 4 0 109
0 6 17 5 5 1 25
0 6 17 4 0 7 142
0 6 17 3 6 2 9
0 6 17 2 1 8 26
0 6 17 1 7 3 51
0 6 17 0 2 9 150
0 6 16 11 0 1 83
0 6 16 9 1 2 129
0 6 16 7 2 3 133
0 6 16 5 3 4 172
0 6 16 3 4 5 150
0 6 16 2 10 0 129
0 6 16 1 5 6 57
0 6 16 0 11 1 151
0 6 16 0 0 12 64
0 6 15 8 5 0 78
0 6 15 7 0 6 3
0 6 15 6 6 1 13
0 6 15 5 1 7 12
0 6 15 4 7 2 1
0 6 15 3 2 8 107
0 6 15 2 8 3 54
0 6 15 1 3 9 195
0 6 15 0 9 4 96
0 6 14 14 0 0 153
0 6 14 12 1 1 128
0 6 14 10 2 2 143
0 6 14 8 3 3 128
0 6 14 6 4 4 111
0 6 14 4 5 5 189
0 6 14 3 11 0 68
0 6 14 3 0 11 22
0 6 14 2 6 6 105
0 6 14 1 12 1 9
0 6 14 1 1 12 70
0 6 14 0 7 7 27
0 6 13 10 0 5 173
0 6 13 9 6 0 51
0 6 13 8 1 6 177
0 6 13 7 7 1 72
0 6 13 6 2 7 70
0 6 13 5 8 2 156
0 6 13 4 3 8 10
0 6 13 3 9 3 38
0 6 13 2 4 9 22
0 6 13 1 10 4 58
0 6 13 0 5 10 4
0 6 12 15 1 0 44
0 6 12 13 2 1 43
0 6 12 11 3 2 139
0 6 12 9 4 3 25
0 6 12 7 5 4 195
0 6 12 6 0 10 73
0 6 12 5 6 5 3
0 6 12 4 12 0 15
0 6 12 4 1 11 198
0 6 12 3 7 6 133
0 6 12 2 13 1 3
0 6 12 2 2 12 191
0 6 12 1 8 7 62
0 6 12 0 14 2 1
0 6 12 0 3 13 52
0 6 11 13 0 4 53
0 6 11 11 1 5 31
0 6 11 10 7 0 75
0 6 11 9 2 6 54
0 6 11 8 8 1 100
0 6 11 7 3 7 161
0 6 11 6 9 2 49
0 6 11 5 4 8 46
0 6 11 4 10 3 183
0 6 11 3 5 9 93
0 6 11 2 11 4 198
0 6 11 2 0 15 61
0 6 11 1 6 10 89
0 6 11 0 12 5 191
0 6 11 0 1 16 19
0 6 10 16 2 0 41
0 6 10 14 3 1 89
0 6 10 12 4 2 167
0 6 10 10 5 3 116
0 6 10 9 0 9 130
0 6 10 8 6 4 101
0 6 10 7 1 10 161
0 6 10 6 7 5 184
0 6 10 5 13 0 17
0 6 10 5 2 11 104
0 6 10 4 8 6 82
0 6 10 3 14 1 6
0 6 10 3 3 12 26
0 6 10 2 9 7 142
0 6 10 1 15 2 36
0 6 10 1 4 13 16
0 6 10 0 10 8 144
0 6 9 16 0 3 105
0 6 9 14 1 4 81
0 6 9 12 2 5 59
0 6 9 11 8 0 135
0 6 9 10 3 6 90
0 6 9 9 9 1 179
0 6 9 8 4 7 96
0 6 9 7 10 2 150
0 6 9 6 5 8 42
0 6 9 5 11 3 28
0 6 9 5 0 14 180
0 6 9 4 6 9 55
0 6 9 3 12 4 12
0 6 9 3 1 15 146
0 6 9 2 7 10 110
0 6 9 1 13 5 135
0 6 9 1 2 16 168
0 6 9 0 19 0 91
0 6 9 0 8 11 48
0 6 8 17 3 0 55
0 6 8 15 4 1 192
0 6 8 13 5 2 45
0 6 8 12 0 8 113
0 6 8 11 6 3 179
0 6 8 10 1 9 54
0 6 8 9 7 4 186
0 6 8 8 2 10 65
0 6 8 7 8 5 18
0 6 8 6 14 0 120
0 6 8 6 3 11 44
0 6 8 5 9 6 8
0 6 8 4 15 1 59
0 6 8 4 4 12 134
0 6 8 3 10 7 174
0 6 8 2 16 2 47
0 6 8 2 5 13 13
0 6 8 1 11 8 20
0 6 8 1 0 19 45
0 6 8 0 17 3 120
0 6 8 0 6 14 124
0 6 7 19 0 2 170
0 6 7 17 1 3 4
0 6 7 15 2 4 178
0 6 7 13 3 5 166
0 6 7 12 9 0 80
0 6 7 11 4 6 62
0 6 7 10 10 1 135
0 6 7 9 5 7 94
0 6 7 8 11 2 176
0 6 7 8 0 13 7
0 6 7 7 6 8 39
0 6 7 6 12 3 82
0 6 7 6 1 14 47
0 6 7 5 7 9 10
0 6 7 4 13 4 12
0 6 7 4 2 15 139
0 6 7 3 8 10 142
0 6 7 2 14 5 24
0 6 7 2 3 16 190
0 6 7 1 20 0 157
0 6 7 1 9 11 186
0 6 7 0 15 6 100
0 6 6 18 4 0 5
0 6 6 16 5 1 82
0 6 6 15 0 7 176
0 6 6 14 6 2 137
0 6 6 13 1 8 3
0 6 6 12 7 3 128
0 6 6 11 2 9 113
0 6 6 10 8 4 110
0 6 6 9 3 10 23
0 6 6 8 9 5 134
0 6 6 7 15 0 148
0 6 6 7 4 11 24
0 6 6 6 10 6 53
0 6 6 5 16 1 127
0 6 6 5 5 12 110
0 6 6 4 11 7 185
0 6 6 4 0 18 60
0 6 6 3 17 2 78
0 6 6 3 6 13 85
0 6 6 2 12 8 130
0 6 6 2 1 19 194
0 6 6 1 18 3 92
0 6 6 1 7 14 113
0 6 6 0 13 9 76
0 6 6 0 2 20 7
0 6 5 22 0 1 99
0 6 5 20 1 2 48
0 6 5 18 2 3 29
0 6 5 16 3 4 118
0 6 5 14 4 5 141
0 6 5 13 10 0 139
0 6 5 12 5 6 45
0 6 5 11 11 1 136
0 6 5 11 0 12 130
0 6 5 10 6 7 42
0 6 5 9 12 2 89
0 6 5 9 1 13 54
0 6 5 8 7 8 139
0 6 5 7 13 3 2
0 6 5 7 2 14 135
0 6 5 6 8 9 192
0 6 5 5 14 4 15
0 6 5 5 3 15 34
0 6 5 4 9 10 121
0 6 5 3 15 5 37
0 6 5 3 4 16 113
0 6 5 2 21 0 111
0 6 5 2 10 11 119
0 6 5 1 16 6 154
0 6 5 1 5 17 29
0 6 5 0 22 1 60
0 6 5 0 11 12 100
0 6 5 0 0 23 28
0 6 4 19 5 0 62
0 6 4 18 0 6 77
0 6 4 17 6 1 79
0 6 4 16 1 7 139
0 6 4 15 7 2 49
0 6 4 14 2 8 120
0 6 4 13 8 3 141
0 6 4 12 3 9 122
0 6 4 11 9 4 114
0 6 4 10 4 10 114
0 6 4 9 10 5 103
0 6 4 8 16 0 175
0 6 4 8 5 11 39
0 6 4 7 11 6 87
0 6 4 7 0 17 1
0 6 4 6 17 1 38
0 6 4 6 6 12 43
0 6 4 5 12 7 3
0 6 4 5 1 18 65
0 6 4 4 18 2 122
0 6 4 4 7 13 190
0 6 4 3 13 8 21
0 6 4 3 2 19 141
0 6 4 2 19 3 144
0 6 4 2 8 14 190
0 6 4 1 14 9 190
0 6 4 1 3 20 171
0 6 4 0 20 4 126
0 6 4 0 9 15 99
0 6 3 25 0 0 9
0 6 3 23 1 1 174
0 6 3 21 2 2 148
0 6 3 19 3 3 25
0 6 3 17 4 4 51
0 6 3 15 5 5 191
0 6 3 14 11 0 130
0 6 3 14 0 11 52
0 6 3 13 6 6 115
0 6 3 12 12 1 104
0 6 3 12 1 12 4
0 6 3 11 7 7 172
0 6 3 10 13 2 145
0 6 3 10 2 13 68
0 6 3 9 8 8 9
0 6 3 8 14 3 130
0 6 3 8 3 14 147
0 6 3 7 9 9 9
0 6 3 6 15 4 103
0 6 3 6 4 15 103
0 6 3 5 10 10 36
0 6 3 4 16 5 17
0 6 3 4 5 16 37
0 6 3 3 22 0 71
0 6 3 3 11 11 33
0 6 3 3 0 22 178
0 6 3 2 17 6 57
0 6 3 2 6 17 167
0 6 3 1 23 1 188
0 6 3 1 12 12 80
0 6 3 1 1 23 157
0 6 3 0 18 7 114
0 6 3 0 7 18 92
0 6 2 21 0 5 36
0 6 2 20 6 0 161
0 6 2 19 1 6 88
0 6 2 18 7 1 67
0 6 2 17 2 7 181
0 6 2 16 8 2 25
0 6 2 15 3 8 159
0 6 2 14 9 3 72
0 6 2 13 4 9 26
0 6 2 12 10 4 178
0 6 2 11 5 10 133
0 6 2 10 11 5 147
0 6 2 10 0 16 143
0 6 2 9 17 0 53
0 6 2 9 6 11 86
0 6 2 8 12 6 192
0 6 2 8 1 17 116
0 6 2 7 18 1 9
0 6 2 7 7 12 3
0 6 2 6 13 7 26
0 6 2 6 2 18 115
0 6 2 5 19 2 78
0 6 2 5 8 13 96
0 6 2 4 14 8 30
0 6 2 4 3 19 51
0 6 2 3 20 3 169
0 6 2 3 9 14 104
0 6 2 2 15 9 28
0 6 2 2 4 20 144
0 6 2 1 21 4 27
0 6 2 1 10 15 28
0 6 2 0 16 10 60
0 6 2 0 5 21 135
0 6 1 26 1 0 92
0 6 1 24 2 1 55
0 6 1 22 3 2 40
0 6 1 20 4 3 136
0 6 1 18 5 4 120
0 6 1 17 0 10 144
0 6 1 16 6 5 146
0 6 1 15 12 0 141
0 6 1 15 1 11 178
0 6 1 14 7 6 62
0 6 1 13 13 1 113
0 6 1 13 2 12 156
0 6 1 12 8 7 50
0 6 1 11 14 2 185
0 6 1 11 3 13 52
0 6 1 10 9 8 25
0 6 1 9 15 3 50
0 6 1 9 4 14 69
0 6 1 8 10 9 193
0 6 1 7 16 4 26
0 6 1 7 5 15 29
0 6 1 6 11 10 173
0 6 1 6 0 21 27
0 6 1 5 17 5 111
0 6 1 5 6 16 167
0 6 1 4 23 0 22
0 6 1 4 12 11 171
0 6 1 4 1 22 89
0 6 1 3 18 6 90
0 6 1 3 7 17 111
0 6 1 2 24 1 148
0 6 1 2 13 12 84
0 6 1 2 2 23 153
0 6 1 1 19 7 168
0 6 1 1 8 18 36
0 6 1 0 25 2 121
0 6 1 0 14 13 146
0 6 1 0 3 24 120
0 6 0 24 0 4 130
0 6 0 22 1 5 79
0 6 0 21 7 0 181
0 6 0 20 2 6 100
0 6 0 19 8 1 43
0 6 0 18 3 7 93
0 6 0 17 9 2 18
0 6 0 16 4 8 6
0 6 0 15 10 3 187
0 6 0 14 5 9 182
0 6 0 13 11 4 64
0 6 0 13 0 15 20
0 6 0 12 6 10 104
0 6 0 11 12 5 103
0 6 0 11 1 16 76
0 6 0 10 18 0 111
0 6 0 10 7 11 154
0 6 0 9 13 6 112
0 6 0 9 2 17 8
0 6 0 8 19 1 28
0 6 0 8 8 12 138
0 6 0 7 14 7 112
0 6 0 7 3 18 55
0 6 0 6 20 2 3
0 6 0 6 9 13 32
0 6 0 5 15 8 80
0 6 0 5 4 19 174
0 6 0 4 21 3 103
0 6 0 4 10 14 196
0 6 0 3 16 9 94
0 6 0 3 5 20 132
0 6 0 2 22 4 107
0 6 0 2 11 15 192
0 6 0 2 0 26 186
0 6 0 1 17 10 116
0 6 0 1 6 21 150
0 6 0 0 23 5 183
0 6 0 0 12 16 101
0 6 0 0 1 27 132
0 5 27 0 2 0 100
0 5 26 0 0 3 81
0 5 25 1 3 0 194
0 5 24 3 0 2 195
0 5 24 1 1 3 138
0 5 23 2 4 0 10
0 5 23 0 5 1 155
0 5 22 6 0 1 65
0 5 22 4 1 2 136
0 5 22 2 2 3 102
0 5 22 0 3 4 116
0 5 21 3 5 0 118
0 5 21 2 0 6 137
0 5 21 1 6 1 91
0 5 21 0 1 7 182
0 5 20 9 0 0 24
0 5 20 7 1 1 97
0 5 20 5 2 2 68
0 5 20 3 3 3 12
0 5 20 1 4 4 137
0 5 19 5 0 5 116
0 5 19 4 6 0 104
0 5 19 3 1 6 171
0 5 19 2 7 1 142
0 5 19 1 2 7 169
0 5 19 0 8 2 84
0 5 18 10 1 0 164
0 5 18 8 2 1 29
0 5 18 6 3 2 97
0 5 18 4 4 3 124
0 5 18 2 5 4 166
0 5 18 1 0 10 126
0 5 18 0 6 5 137
0 5 17 8 0 4 107
0 5 17 6 1 5 52
0 5 17 5 7 0 145
0 5 17 4 2 6 76
0 5 17 3 8 1 19
0 5 17 2 3 7 54
0 5 17 1 9 2 171
0 5 17 0 4 8 77
0 5 16 11 2 0 80
0 5 16 9 3 1 160
0 5 16 7 4 2 115
0 5 16 5 5 3 26
0 5 16 4 0 9 138
0 5 16 3 6 4 86
0 5 16 2 1 10 183
0 5 16 1 7 5 87
0 5 16 0 13 0 88
0 5 16 0 2 11 100
0 5 15 11 0 3 19
0 5 15 9 1 4 118
0 5 15 7 2 5 9
0 5 15 6 8 0 106
0 5 15 5 3 6 6
0 5 15 4 9 1 154
0 5 15 3 4 7 42
0 5 15 2 10 2 125
0 5 15 1 5 8 50
0 5 15 0 11 3 188
0 5 15 0 0 14 166
0 5 14 12 3 0 28
0 5 14 10 4 1 173
0 5 14 8 5 2 170
0 5 14 7 0 8 65
0 5 14 6 6 3 5
0 5 14 5 1 9 194
0 5 14 4 7 4 103
0 5 14 3 2 10 145
0 5 14 2 8 5 125
0 5 14 1 14 0 70
0 5 14 1 3 11 82
0 5 14 0 9 6 88
0 5 13 14 0 2 23
0 5 13 12 1 3 132
0 5 13 10 2 4 42
0 5 13 8 3 5 92
0 5 13 7 9 0 184
0 5 13 6 4 6 146
0 5 13 5 10 1 193
0 5 13 4 5 7 103
0 5 13 3 11 2 41
0 5 13 3 0 13 158
0 5 13 2 6 8 125
0 5 13 1 12 3 97
0 5 13 1 1 14 165
0 5 13 0 7 9 56
0 5 12 13 4 0 135
0 5 12 11 5 1 52
0 5 12 10 0 7 74
0 5 12 9 6 2 128
0 5 12 8 1 8 113
0 5 12 7 7 3 130
0 5 12 6 2 9 164
0 5 12 5 8 4 1
0 5 12 4 3 10 141
0 5 12 3 9 5 1
0 5 12 2 15 0 172
0 5 12 2 4 11 107
0 5 12 1 10 6 17
0 5 12 0 16 1 138
0 5 12 0 5 12 104
0 5 11 17 0 1 132
0 5 11 15 1 2 109
0 5 11 13 2 3 176
0 5 11 11 3 4 97
0 5 11 9 4 5 43
0 5 11 8 10 0 162
0 5 11 7 5 6 181
0 5 11 6 11 1 174
0 5 11 6 0 12 155
0 5 11 5 6 7 175
0 5 11 4 12 2 173
0 5 11 4 1 13 108
0 5 11 3 7 8 79
0 5 11 2 13 3 114
0 5 11 2 2 14 162
0 5 11 1 8 9 144
0 5 11 0 14 4 44
0 5 11 0 3 15 98
0 5 10 14 5 0 21
0 5 10 13 0 6 77
0 5 10 12 6 1 66
0 5 10 11 1 7 118
0 5 10 10 7 2 49
0 5 10 9 2 8 190
0 5 10 8 8 3 185
0 5 10 7 3 9 36
0 5 10 6 9 4 115
0 5 10 5 4 10 196
0 5 10 4 10 5 56
0 5 10 3 16 0 26
0 5 10 3 5 11 180
0 5 10 2 11 6 130
0 5 10 2 0 17 20
0 5 10 1 17 1 194
0 5 10 1 6 12 177
0 5 10 0 12 7 92
0 5 10 0 1 18 67
0 5 9 20 0 0 98
0 5 9 18 1 1 45
0 5 9 16 2 2 196
0 5 9 14 3 3 170
0 5 9 12 4 4 154
0 5 9 10 5 5 180
0 5 9 9 11 0 77
0 5 9 9 0 11 36
0 5 9 8 6 6 124
0 5 9 7 12 1 28
0 5 9 7 1 12 56
0 5 9 5 13 2 90
0 5 9 5 2 13 142
0 5 9 4 8 8 133
0 5 9 3 14 3 134
0 5 9 3 3 14 91
0 5 9 2 9 9 54
0 5 9 1 15 4 135
0 5 9 1 4 15 60
0 5 9 0 10 10 95
0 5 8 16 0 5 60
0 5 8 15 6 0 81
0 5 8 14 1 6 92
0 5 8 13 7 1 23
0 5 8 12 2 7 170
0 5 8 11 8 2 12
0 5 8 10 3 8 178
0 5 8 9 9 3 135
0 5 8 8 4 9 68
0 5 8 7 10 4 133
0 5 8 6 5 10 5
0 5 8 5 11 5 166
0 5 8 5 0 16 195
0 5 8 4 17 0 188
0 5 8 4 6 11 58
0 5 8 3 12 6 100
0 5 8 3 1 17 147
0 5 8 2 18 1 136
0 5 8 2 7 12 63
0 5 8 1 13 7 2
0 5 8 1 2 18 174
0 5 8 0 19 2 175
0 5 8 0 8 13 182
0 5 7 21 1 0 140
0 5 7 19 2 1 141
0 5 7 17 3 2 28
0 5 7 15 4 3 118
0 5 7 13 5 4 47
0 5 7 12 0 10 107
0 5 7 11 6 5 166
0 5 7 10 12 0 86
0 5 7 10 1 11 171
0 5 7 9 7 6 170
0 5 7 8 13 1 137
0 5 7 8 2 12 10
0 5 7 7 8 7 104
0 5 7 6 14 2 115
0 5 7 6 3 13 44
0 5 7 5 9 8 108
0 5 7 4 15 3 38
0 5 7 4 4 14 163
0 5 7 3 10 9 39
0 5 7 2 16 4 130
0 5 7 2 5 15 113
0 5 7 1 11 10 188
0 5 7 1 0 21 167
0 5 7 0 17 5 80
0 5 7 0 6 16 140
0 5 6 19 0 4 75
0 5 6 17 1 5 38
0 5 6 16 7 0 139
0 5 6 15 2 6 4
0 5 6 14 8 1 172
0 5 6 13 3 7 159
0 5 6 12 9 2 73
0 5 6 11 4 8 180
0 5 6 10 10 3 95
0 5 6 9 5 9 142
0 5 6 8 11 4 168
0 5 6 8 0 15 36
0 5 6 7 6 10 189
0 5 6 6 12 5 130
0 5 6 6 1 16 10
0 5 6 5 18 0 89
0 5 6 5 7 11 65
0 5 6 4 13 6 111
0 5 6 4 2 17 15
0 5 6 3 19 1 105
0 5 6 3 8 12 5
0 5 6 2 14 7 31
0 5 6 2 3 18 190
0 5 6 1 20 2 76
0 5 6 1 9 13 75
0 5 6 0 15 8 54
0 5 6 0 4 19 182
0 5 5 22 2 0 49
0 5 5 20 3 1 41
0 5 5 18 4 2 176
0 5 5 16 5 3 28
0 5 5 15 0 9 28
0 5 5 14 6 4 114
0 5 5 13 1 10 3
0 5 5 12 7 5 159
0 5 5 11 13 0 129
0 5 5 11 2 11 108
0 5 5 10 8 6 12
0 5 5 9 14 1 99
0 5 5 9 3 12 121
0 5 5 8 9 7 185
0 5 5 7 15 2 30
0 5 5 7 4 13 48
0 5 5 6 10 8 53
0 5 5 5 16 3 80
0 5 5 5 5 14 125
0 5 5 4 11 9 75
0 5 5 4 0 20 195
0 5 5 3 17 4 5
0 5 5 3 6 15 169
0 5 5 2 12 10 188
0 5 5 2 1 21 163
0 5 5 1 18 5 151
0 5 5 1 7 16 142
0 5 5 0 24 0 176
0 5 5 0 13 11 159
0 5 5 0 2 22 25
0 5 4 22 0 3 95
0 5 4 20 1 4 138
0 5 4 18 2 5 94
0 5 4 17 8 0 84
0 5 4 16 3 6 15
0 5 4 15 9 1 35
0 5 4 14 4 7 64
0 5 4 13 10 2 46
0 5 4 12 5 8 19
0 5 4 11 11 3 67
0 5 4 11 0 14 140
0 5 4 10 6 9 28
0 5 4 9 12 4 139
0 5 4 9 1 15 152
0 5 4 8 7 10 120
0 5 4 7 13 5 100
0 5 4 7 2 16 12
0 5 4 6 19 0 157
0 5 4 6 8 11 43
0 5 4 5 14 6 44
0 5 4 5 3 17 181
0 5 4 4 20 1 44
0 5 4 4 9 12 140
0 5 4 3 15 7 73
0 5 4 3 4 18 24
0 5 4 2 21 2 7
0 5 4 2 10 13 57
0 5 4 1 16 8 8
0 5 4 1 5 19 111
0 5 4 0 22 3 196
0 5 4 0 11 14 70
0 5 4 0 0 25 171
0 5 3 23 3 0 30
0 5 3 21 4 1 84
0 5 3 19 5 2 24
0 5 3 18 0 8 111
0 5 3 17 6 3 162
0 5 3 16 1 9 188
0 5 3 15 7 4 182
0 5 3 14 2 10 101
0 5 3 13 8 5 82
0 5 3 12 14 0 143
0 5 3 12 3 11 92
0 5 3 11 9 6 78
0 5 3 10 15 1 38
0 5 3 10 4 12 194
0 5 3 9 10 7 25
0 5 3 8 16 2 84
0 5 3 8 5 13 107
0 5 3 7 11 8 43
0 5 3 7 0 19 103
0 5 3 6 17 3 48
0 5 3 6 6 14 36
0 5 3 5 12 9 75
0 5 3 5 1 20 103
0 5 3 4 18 4 151
0 5 3 4 7 15 103
0 5 3 3 13 10 1
0 5 3 3 2 21 186
0 5 3 2 19 5 120
0 5 3 2 8 16 68
0 5 3 1 25 0 81
0 5 3 1 14 11 153
0 5 3 1 3 22 59
0 5 3 0 20 6 126
0 5 3 0 9 17 21
0 5 2 25 0 2 163
0 5 2 23 1 3 41
0 5 2 21 2 4 166
0 5 2 19 3 5 40
0 5 2 18 9 0 40
0 5 2 17 4 6 116
0 5 2 16 10 1 125
0 5 2 15 5 7 156
0 5 2 14 11 2 42
0 5 2 14 0 13 126
0 5 2 13 6 8 98
0 5 2 12 12 3 174
0 5 2 12 1 14 111
0 5 2 11 7 9 52
0 5 2 10 13 4 89
0 5 2 10 2 15 22
0 5 2 9 8 10 79
0 5 2 8 14 5 188
0 5 2 8 3 16 67
0 5 2 7 20 0 185
0 5 2 7 9 11 35
0 5 2 6 15 6 110
0 5 2 6 4 17 175
0 5 2 5 21 1 32
0 5 2 5 10 12 197
0 5 2 4 16 7 178
0 5 2 4 5 18 48
0 5 2 3 22 2 48
0 5 2 3 11 13 6
0 5 2 3 0 24 80
0 5 2 2 17 8 114
0 5 2 2 6 19 93
0 5 2 1 23 3 69
0 5 2 1 12 14 141
0 5 2 1 1 25 188
0 5 2 0 18 9 92
0 5 2 0 7 20 70
0 5 1 24 4 0 85
0 5 1 22 5 1 93
0 5 1 21 0 7 140
0 5 1 20 6 2 143
0 5 1 19 1 8 22
0 5 1 18 7 3 37
0 5 1 17 2 9 34
0 5 1 16 8 4 196
0 5 1 15 3 10 2
0 5 1 14 9 5 165
0 5 1 13 4 11 6
0 5 1 12 10 6 55
0 5 1 11 16 1 52
0 5 1 11 5 12 126
0 5 1 10 11 7 66
0 5 1 10 0 18 10
0 5 1 9 17 2 96
0 5 1 9 6 13 6
0 5 1 8 12 8 31
0 5 1 8 1 19 132
0 5 1 7 18 3 84
0 5 1 7 7 14 65
0 5 1 6 13 9 183
0 5 1 6 2 20 190
0 5 1 5 19 4 62
0 5 1 5 8 15 95
0 5 1 4 14 10 170
0 5 1 4 3 21 195
0 5 1 3 20 5 198
0 5 1 3 9 16 76
0 5 1 2 26 0 177
0 5 1 2 15 11 130
0 5 1 2 4 22 20
0 5 1 1 21 6 180
0 5 1 1 10 17 121
0 5 1 0 27 1 196
0 5 1 0 16 12 108
0 5 1 0 5 23 98
0 5 0 28 0 1 25
0 5 0 26 1 2 4
0 5 0 24 2 3 168
0 5 0 22 3 4 48
0 5 0 20 4 5 162
0 5 0 19 10 0 97
0 5 0 18 5 6 193
0 5 0 17 11 1 46
0 5 0 17 0 12 21
0 5 0 16 6 7 112
0 5 0 15 12 2 1
0 5 0 15 1 13 105
0 5 0 14 7 8 67
0 5 0 13 13 3 161
0 5 0 13 2 14 193
0 5 0 12 8 9 83
0 5 0 11 14 4 60
0 5 0 11 3 15 81
0 5 0 10 9 10 90
0 5 0 9 15 5 154
0 5 0 9 4 16 148
0 5 0 8 21 0 156
0 5 0 8 10 11 133
0 5 0 7 16 6 76
0 5 0 7 5 17 43
0 5 0 6 22 1 130
0 5 0 6 11 12 56
0 5 0 6 0 23 184
0 5 0 5 17 7 163
0 5 0 5 6 18 22
0 5 0 4 23 2 138
0 5 0 4 12 13 135
0 5 0 4 1 24 81
0 5 0 3 18 8 111
0 5 0 3 7 19 129
0 5 0 2 24 3 124
0 5 0 2 13 14 79
0 5 0 2 2 25 159
0 5 0 1 19 9 120
0 5 0 1 8 20 92
0 5 0 0 25 4 89
0 5 0 0 14 15 114
0 5 0 0 3 26 37
0 4 28 1 0 1 54
0 4 26 4 0 0 65
0 4 26 2 1 1 8
0 4 26 0 2 2 20
0 4 25 0 0 5 156
0 4 24 5 1 0 118
0 4 24 3 2 1 44
0 4 24 1 3 2 130
0 4 23 3 0 4 158
0 4 23 1 1 5 164
0 4 23 0 7 0 104
0 4 22 6 2 0 76
0 4 22 4 3 1 193
0 4 22 2 4 2 80
0 4 22 0 5 3 86
0 4 21 6 0 3 103
0 4 21 4 1 4 51
0 4 21 2 2 5 132
0 4 21 1 8 0 50
0 4 21 0 3 6 8
0 4 20 7 3 0 130
0 4 20 5 4 1 48
0 4 20 3 5 2 32
0 4 20 2 0 8 120
0 4 20 1 6 3 53
0 4 20 0 1 9 46
0 4 19 9 0 2 46
0 4 19 7 1 3 10
0 4 19 5 2 4 43
0 4 19 3 3 5 4
0 4 19 2 9 0 160
0 4 19 1 4 6 51
0 4 19 0 10 1 160
0 4 18 8 4 0 181
0 4 18 6 5 1 152
0 4 18 5 0 7 147
0 4 18 4 6 2 165
0 4 18 3 1 8 42
0 4 18 2 7 3 193
0 4 18 1 2 9 180
0 4 18 0 8 4 182
0 4 17 12 0 1 124
0 4 17 10 1 2 44
0 4 17 8 2 3 101
0 4 17 6 3 4 14
0 4 17 4 4 5 30
0 4 17 3 10 0 52
0 4 17 2 5 6 38
0 4 17 1 11 1 93
0 4 17 1 0 12 186
0 4 17 0 6 7 170
0 4 16 9 5 0 70
0 4 16 8 0 6 150
0 4 16 7 6 1 86
0 4 16 6 1 7 174
0 4 16 5 7 2 191
0 4 16 4 2 8 54
0 4 16 3 8 3 22
0 4 16 2 3 9 52
0 4 16 1 9 4 36
0 4 16 0 4 10 133
0 4 15 15 0 0 175
0 4 15 13 1 1 46
0 4 15 11 2 2 157
0 4 15 9 3 3 45
0 4 15 7 4 4 106
0 4 15 5 5 5 16
0 4 15 4 11 0 193
0 4 15 4 0 11 161
0 4 15 3 6 6 139
0 4 15 2 12 1 131
0 4 15 2 1 12 71
0 4 15 1 7 7 134
0 4 15 0 13 2 146
0 4 15 0 2 13 31
0 4 14 11 0 5 99
0 4 14 10 6 0 39
0 4 14 9 1 6 186
0 4 14 8 7 1 98
0 4 14 7 2 7 158
0 4 14 6 8 2 22
0 4 14 5 3 8 166
0 4 14 4 9 3 92
0 4 14 3 4 9 194
0 4 14 2 10 4 181
0 4 14 1 5 10 53
0 4 14 0 11 5 185
0 4 14 0 0 16 89
0 4 13 16 1 0 85
0 4 13 14 2 1 41
0 4 13 12 3 2 163
0 4 13 10 4 3 96
0 4 13 8 5 4 83
0 4 13 7 0 10 17
0 4 13 6 6 5 67
0 4 13 5 12 0 70
0 4 13 5 1 11 161
0 4 13 4 7 6 163
0 4 13 3 13 1 162
0 4 13 3 2 12 100
0 4 13 2 8 7 47
0 4 13 1 14 2 157
0 4 13 1 3 13 142
0 4 13 0 9 8 178
0 4 12 14 0 4 61
0 4 12 12 1 5 41
0 4 12 11 7 0 24
0 4 12 10 2 6 76
0 4 12 9 8 1 52
0 4 12 8 3 7 108
0 4 12 7 9 2 49
0 4 12 6 4 8 11
0 4 12 5 10 3 14
0 4 12 4 5 9 181
0 4 12 3 11 4 104
0 4 12 3 0 15 55
0 4 12 2 6 10 166
0 4 12 1 12 5 10
0 4 12 1 1 16 129
0 4 12 0 18 0 188
0 4 12 0 7 11 27
0 4 11 17 2 0 41
0 4 11 15 3 1 67
0 4 11 13 4 2 40
0 4 11 11 5 3 179
0 4 11 10 0 9 126
0 4 11 9 6 4 38
0 4 11 8 1 10 122
0 4 11 7 7 5 183
0 4 11 6 13 0 159
0 4 11 6 2 11 194
0 4 11 5 8 6 196
0 4 11 4 14 1 180
0 4 11 4 3 12 153
0 4 11 3 9 7 150
0 4 11 2 15 2 28
0 4 11 2 4 13 127
0 4 11 1 10 8 150
0 4 11 0 16 3 162
0 4 11 0 5 14 19
0 4 10 17 0 3 181
0 4 10 15 1 4 43
0 4 10 13 2 5 196
0 4 10 12 8 0 136
0 4 10 11 3 6 120
0 4 10 10 9 1 7
0 4 10 9 4 7 112
0 4 10 8 10 2 191
0 4 10 7 5 8 169
0 4 10 6 11 3 166
0 4 10 6 0 14 195
0 4 10 5 6 9 167
0 4 10 4 12 4 117
0 4 10 4 1 15 110
0 4 10 3 7 10 151
0 4 10 2 13 5 190
0 4 10 2 2 16 34
0 4 10 1 19 0 158
0 4 10 1 8 11 70
0 4 10 0 14 6 92
0 4 10 0 3 17 18
0 4 9 18 3 0 167
0 4 9 16 4 1 90
0 4 9 14 5 2 32
0 4 9 13 0 8 195
0 4 9 12 6 3 1
0 4 9 11 1 9 111
0 4 9 10 7 4 186
0 4 9 9 2 10 173
0 4 9 8 8 5 186
0 4 9 7 14 0 44
0 4 9 7 3 11 106
0 4 9 6 9 6 13
0 4 9 5 15 1 22
0 4 9 5 4 12 12
0 4 9 4 10 7 185
0 4 9 3 16 2 93
0 4 9 3 5 13 108
0 4 9 2 11 8 110
0 4 9 2 0 19 142
0 4 9 1 17 3 147
0 4 9 1 6 14 118
0 4 9 0 12 9 9
0 4 9 0 1 20 25
0 4 8 20 0 2 108
0 4 8 18 1 3 185
0 4 8 16 2 4 77
0 4 8 14 3 5 114
0 4 8 13 9 0 169
0 4 8 12 4 6 62
0 4 8 11 10 1 184
0 4 8 10 5 7 97
0 4 8 9 11 2 168
0 4 8 9 0 13 174
0 4 8 8 6 8 97
0 4 8 7 12 3 76
0 4 8 7 1 14 132
0 4 8 6 7 9 58
0 4 8 5 13 4 107
0 4 8 5 2 15 191
0 4 8 4 8 10 115
0 4 8 3 14 5 99
0 4 8 3 3 16 75
0 4 8 2 20 0 79
0 4 8 2 9 11 125
0 4 8 1 15 6 4
0 4 8 1 4 17 22
0 4 8 0 21 1 74
0 4 8 0 10 12 106
0 4 7 19 4 0 78
0 4 7 17 5 1 179
0 4 7 16 0 7 112
0 4 7 15 6 2 48
0 4 7 14 1 8 43
0 4 7 13 7 3 126
0 4 7 12 2 9 174
0 4 7 11 8 4 168
0 4 7 10 3 10 108
0 4 7 9 9 5 9
0 4 7 8 15 0 12
0 4 7 8 4 11 49
0 4 7 7 10 6 197
0 4 7 6 16 1 77
0 4 7 6 5 12 153
0 4 7 5 11 7 121
0 4 7 5 0 18 170
0 4 7 4 17 2 21
0 4 7 4 6 13 106
0 4 7 3 12 8 180
0 4 7 3 1 19 91
0 4 7 2 18 3 194
0 4 7 2 7 14 9
0 4 7 1 13 9 16
0 4 7 1 2 20 15
0 4 7 0 19 4 186
0 4 7 0 8 15 11
0 4 6 23 0 1 126
0 4 6 21 1 2 13
0 4 6 19 2 3 167
0 4 6 17 3 4 196
0 4 6 15 4 5 176
0 4 6 14 10 0 136
0 4 6 13 5 6 93
0 4 6 12 11 1 193
0 4 6 12 0 12 18
0 4 6 11 6 7 109
0 4 6 10 12 2 98
0 4 6 10 1 13 101
0 4 6 9 7 8 73
0 4 6 8 13 3 87
0 4 6 8 2 14 182
0 4 6 7 8 9 173
0 4 6 6 14 4 33
0 4 6 6 3 15 68
0 4 6 5 9 10 62
0 4 6 4 15 5 178
0 4 6 4 4 16 2
0 4 6 3 21 0 21
0 4 6 3 10 11 119
0 4 6 2 16 6 46
0 4 6 2 5 17 159
0 4 6 1 22 1 80
0 4 6 1 11 12 4
0 4 6 1 0 23 176
0 4 6 0 17 7 164
0 4 6 0 6 18 107
0 4 5 20 5 0 115
0 4 5 19 0 6 85
0 4 5 18 6 1 71
0 4 5 17 1 7 64
0 4 5 16 7 2 91
0 4 5 15 2 8 49
0 4 5 14 8 3 75
0 4 5 13 3 9 88
0 4 5 12 9 4 55
0 4 5 11 4 10 153
0 4 5 10 10 5 11
0 4 5 9 16 0 141
0 4 5 9 5 11 102
0 4 5 8 11 6 1
0 4 5 8 0 17 130
0 4 5 7 17 1 191
0 4 5 7 6 12 140
0 4 5 6 12 7 144
0 4 5 6 1 18 163
0 4 5 5 18 2 94
0 4 5 5 7 13 138
0 4 5 4 13 8 170
0 4 5 4 2 19 123
0 4 5 3 19 3 43
0 4 5 3 8 14 168
0 4 5 2 14 9 72
0 4 5 2 3 20 102
0 4 5 1 20 4 49
0 4 5 1 9 15 161
0 4 5 0 15 10 3
0 4 5 0 4 21 103
0 4 4 26 0 0 15
0 4 4 24 1 1 10
0 4 4 22 2 2 188
0 4 4 20 3 3 145
0 4 4 18 4 4 5
0 4 4 16 5 5 193
0 4 4 15 11 0 56
0 4 4 15 0 11 42
0 4 4 14 6 6 34
0 4 4 13 12 1 16
0 4 4 13 1 12 87
0 4 4 12 7 7 80
0 4 4 11 13 2 183
0 4 4 11 2 13 88
0 4 4 10 8 8 49
0 4 4 9 14 3 54
0 4 4 9 3 14 192
0 4 4 8 9 9 153
0 4 4 7 15 4 12
0 4 4 7 4 15 102
0 4 4 6 10 10 198
0 4 4 5 16 5 28
0 4 4 5 5 16 117
0 4 4 4 22 0 107
0 4 4 4 11 11 70
0 4 4 4 0 22 151
0 4 4 3 17 6 196
0 4 4 3 6 17 183
0 4 4 2 23 1 183
0 4 4 2 12 12 132
0 4 4 2 1 23 21
0 4 4 1 18 7 135
0 4 4 1 7 18 163
0 4 4 0 24 2 11
0 4 4 0 13 13 135
0 4 4 0 2 24 1
0 4 3 22 0 5 14
0 4 3 21 6 0 14
0 4 3 20 1 6 63
0 4 3 19 7 1 144
0 4 3 18 2 7 168
0 4 3 17 8 2 145
0 4 3 16 3 8 68
0 4 3 15 9 3 116
0 4 3 14 4 9 72
0 4 3 13 10 4 197
0 4 3 12 5 10 194
0 4 3 11 11 5 69
0 4 3 11 0 16 188
0 4 3 10 17 0 121
0 4 3 10 6 11 146
0 4 3 9 12 6 147
0 4 3 9 1 17 107
0 4 3 8 18 1 150
0 4 3 8 7 12 12
0 4 3 7 13 7 129
0 4 3 7 2 18 61
0 4 3 6 19 2 26
0 4 3 6 8 13 161
0 4 3 5 14 8 176
0 4 3 5 3 19 25
0 4 3 4 20 3 174
0 4 3 4 9 14 136
0 4 3 3 15 9 74
0 4 3 3 4 20 20
0 4 3 2 21 4 35
0 4 3 2 10 15 51
0 4 3 1 16 10 35
0 4 3 1 5 21 185
0 4 3 0 22 5 125
0 4 3 0 11 16 61
0 4 3 0 0 27 136
0 4 2 27 1 0 82
0 4 2 25 2 1 39
0 4 2 21 4 3 117
0 4 2 19 5 4 43
0 4 2 18 0 10 76
0 4 2 17 6 5 61
0 4 2 16 12 0 157
0 4 2 16 1 11 168
0 4 2 15 7 6 46
0 4 2 14 13 1 43
0 4 2 14 2 12 180
0 4 2 13 8 7 166
0 4 2 12 14 2 110
0 4 2 12 3 13 122
0 4 2 11 9 8 168
0 4 2 10 15 3 42
0 4 2 10 4 14 163
0 4 2 9 10 9 152
0 4 2 8 16 4 158
0 4 2 8 5 15 24
0 4 2 7 11 10 45
0 4 2 7 0 21 154
0 4 2 6 17 5 156
0 4 2 6 6 16 159
0 4 2 5 23 0 7
0 4 2 5 12 11 165
0 4 2 5 1 22 60
0 4 2 4 18 6 16
0 4 2 4 7 17 143
0 4 2 3 24 1 90
0 4 2 3 13 12 47
0 4 2 3 2 23 12
0 4 2 2 19 7 173
0 4 2 2 8 18 154
0 4 2 1 25 2 173
0 4 2 1 14 13 149
0 4 2 1 3 24 84
0 4 2 0 20 8 45
0 4 2 0 9 19 17
0 4 1 25 0 4 161
0 4 1 23 1 5 177
0 4 1 22 7 0 137
0 4 1 21 2 6 197
0 4 1 20 8 1 127
0 4 1 19 3 7 164
0 4 1 18 9 2 69
0 4 1 17 4 8 43
0 4 1 16 10 3 99
0 4 1 15 5 9 80
0 4 1 14 11 4 140
0 4 1 14 0 15 69
0 4 1 13 6 10 171
0 4 1 12 12 5 169
0 4 1 12 1 16 176
0 4 1 11 18 0 81
0 4 1 11 7 11 59
0 4 1 10 13 6 97
0 4 1 10 2 17 71
0 4 1 9 19 1 14
0 4 1 9 8 12 173
0 4 1 8 14 7 127
0 4 1 8 3 18 93
0 4 1 7 20 2 39
0 4 1 7 9 13 2
0 4 1 6 15 8 117
0 4 1 6 4 19 106
0 4 1 5 21 3 33
0 4 1 5 10 14 187
0 4 1 4 16 9 31
0 4 1 4 5 20 146
0 4 1 3 22 4 116
0 4 1 3 11 15 96
0 4 1 3 0 26 87
0 4 1 2 17 10 74
0 4 1 2 6 21 24
0 4 1 1 23 5 153
0 4 1 1 12 16 117
0 4 1 1 1 27 189
0 4 1 0 29 0 44
0 4 1 0 18 11 124
0 4 1 0 7 22 146
0 4 0 28 2 0 168
0 4 0 26 3 1 44
0 4 0 24 4 2 27
0 4 0 22 5 3 46
0 4 0 21 0 9 193
0 4 0 20 6 4 89
0 4 0 19 1 10 136
0 4 0 18 7 5 8
0 4 0 17 13 0 7
0 4 0 17 2 11 27
0 4 0 16 8 6 12
0 4 0 15 14 1 50
0 4 0 15 3 12 28
0 4 0 14 9 7 126
0 4 0 13 15 2 109
0 4 0 13 4 13 193
0 4 0 12 10 8 67
0 4 0 11 16 3 193
0 4 0 11 5 14 120
0 4 0 10 11 9 46
0 4 0 10 0 20 49
0 4 0 9 17 4 168
0 4 0 9 6 15 43
0 4 0 8 12 10 66
0 4 0 8 1 21 55
0 4 0 7 18 5 194
0 4 0 7 7 16 12
0 4 0 6 24 0 163
0 4 0 6 13 11 84
0 4 0 6 2 22 32
0 4 0 5 19 6 125
0 4 0 5 8 17 166
0 4 0 4 25 1 90
0 4 0 4 14 12 72
0 4 0 4 3 23 194
0 4 0 3 20 7 21
0 4 0 3 9 18 5
0 4 0 2 26 2 188
0 4 0 2 15 13 2
0 4 0 2 4 24 139
0 4 0 1 21 8 36
0 4 0 1 10 19 195
0 4 0 0 27 3 120
0 4 0 0 16 14 91
0 4 0 0 5 25 38
0 3 30 0 1 0 184
0 3 28 1 2 0 31
0 3 27 1 0 3 67
0 3 26 2 3 0 27
0 3 26 0 4 1 196
0 3 25 4 0 2 174
0 3 25 2 1 3 76
0 3 25 0 2 4 67
0 3 24 3 4 0 36
0 3 24 1 5 1 57
0 3 24 0 0 7 82
0 3 23 7 0 1 9
0 3 23 5 1 2 44
0 3 23 3 2 3 169
0 3 23 1 3 4 184
0 3 22 4 5 0 31
0 3 22 2 6 1 124
0 3 22 1 1 7 25
0 3 22 0 7 2 41
0 3 21 10 0 0 137
0 3 21 8 1 1 148
0 3 21 6 2 2 47
0 3 21 4 3 3 104
0 3 21 2 4 4 11
0 3 21 0 5 5 175
0 3 20 6 0 5 1
0 3 20 5 6 0 12
0 3 20 4 1 6 78
0 3 20 3 7 1 16
0 3 20 2 2 7 166
0 3 20 0 3 8 62
0 3 19 11 1 0 93
0 3 19 9 2 1 2
0 3 19 7 3 2 40
0 3 19 5 4 3 84
0 3 19 3 5 4 177
0 3 19 2 0 10 196
0 3 19 1 6 5 149
0 3 19 0 12 0 93
0 3 19 0 1 11 81
0 3 18 9 0 4 71
0 3 18 7 1 5 26
0 3 18 6 7 0 80
0 3 18 5 2 6 164
0 3 18 4 8 1 172
0 3 18 3 3 7 124
0 3 18 2 9 2 59
0 3 18 1 4 8 60
0 3 18 0 10 3 170
0 3 17 12 2 0 93
0 3 17 10 3 1 25
0 3 17 8 4 2 2
0 3 17 6 5 3 142
0 3 17 5 0 9 145
0 3 17 4 6 4 72
0 3 17 3 1 10 71
0 3 17 2 7 5 41
0 3 17 1 13 0 182
0 3 17 1 2 11 197
0 3 17 0 8 6 12
0 3 16 12 0 3 50
0 3 16 10 1 4 192
0 3 16 8 2 5 128
0 3 16 7 8 0 128
0 3 16 6 3 6 120
0 3 16 5 9 1 132
0 3 16 4 4 7 74
0 3 16 3 10 2 7
0 3 16 2 5 8 103
0 3 16 1 11 3 57
0 3 16 1 0 14 159
0 3 16 0 6 9 35
0 3 15 13 3 0 179
0 3 15 11 4 1 40
0 3 15 9 5 2 24
0 3 15 8 0 8 133
0 3 15 7 6 3 6
0 3 15 6 1 9 32
0 3 15 5 7 4 195
0 3 15 4 2 10 103
0 3 15 3 8 5 180
0 3 15 2 14 0 37
0 3 15 2 3 11 76
0 3 15 1 9 6 190
0 3 15 0 15 1 146
0 3 15 0 4 12 136
0 3 14 15 0 2 143
0 3 14 13 1 3 69
0 3 14 11 2 4 85
0 3 14 9 3 5 48
0 3 14 8 9 0 72
0 3 14 7 4 6 163
0 3 14 6 10 1 104
0 3 14 5 5 7 22
0 3 14 4 11 2 141
0 3 14 4 0 13 69
0 3 14 2 12 3 138
0 3 14 2 1 14 119
0 3 14 1 7 9 140
0 3 14 0 13 4 59
0 3 14 0 2 15 124
0 3 13 14 4 0 127
0 3 13 12 5 1 126
0 3 13 11 0 7 145
0 3 13 10 6 2 104
0 3 13 9 1 8 196
0 3 13 8 7 3 195
0 3 13 7 2 9 43
0 3 13 6 8 4 7
0 3 13 5 3 10 68
0 3 13 4 9 5 118
0 3 13 3 15 0 179
0 3 13 3 4 11 74
0 3 13 2 10 6 79
0 3 13 1 16 1 59
0 3 13 1 5 12 108
0 3 13 0 11 7 45
0 3 13 0 0 18 119
0 3 12 18 0 1 120
0 3 12 16 1 2 129
0 3 12 14 2 3 26
0 3 12 12 3 4 57
0 3 12 10 4 5 6
0 3 12 9 10 0 63
0 3 12 8 5 6 146
0 3 12 7 11 1 10
0 3 12 7 0 12 100
0 3 12 6 6 7 96
0 3 12 5 12 2 64
0 3 12 5 1 13 53
0 3 12 4 7 8 120
0 3 12 3 13 3 150
0 3 12 3 2 14 42
0 3 12 2 8 9 175
0 3 12 1 14 4 10
0 3 12 1 3 15 99
0 3 12 0 9 10 91
0 3 11 15 5 0 181
0 3 11 14 0 6 110
0 3 11 13 6 1 97
0 3 11 12 1 7 116
0 3 11 11 7 2 9
0 3 11 10 2 8 71
0 3 11 9 8 3 136
0 3 11 8 3 9 179
0 3 11 7 9 4 53
0 3 11 6 4 10 138
0 3 11 5 10 5 72
0 3 11 4 16 0 156
0 3 11 4 5 11 85
0 3 11 3 11 6 1
0 3 11 3 0 17 4
0 3 11 2 17 1 54
0 3 11 2 6 12 70
0 3 11 1 12 7 54
0 3 11 1 1 18 33
0 3 11 0 18 2 1
0 3 11 0 7 13 125
0 3 10 21 0 0 49
0 3 10 19 1 1 31
0 3 10 17 2 2 77
0 3 10 15 3 3 18
0 3 10 13 4 4 42
0 3 10 11 5 5 128
0 3 10 10 11 0 43
0 3 10 10 0 11 193
0 3 10 9 6 6 26
0 3 10 8 12 1 37
0 3 10 8 1 12 35
0 3 10 7 7 7 55
0 3 10 6 13 2 113
0 3 10 6 2 13 156
0 3 10 5 8 8 105
0 3 10 4 14 3 106
0 3 10 4 3 14 25
0 3 10 3 9 9 170
0 3 10 2 15 4 147
0 3 10 2 4 15 77
0 3 10 1 10 10 94
0 3 10 0 16 5 35
0 3 10 0 5 16 121
0 3 9 17 0 5 184
0 3 9 15 1 6 167
0 3 9 14 7 1 183
0 3 9 13 2 7 114
0 3 9 12 8 2 6
0 3 9 11 3 8 115
0 3 9 10 9 3 150
0 3 9 9 4 9 25
0 3 9 8 10 4 48
0 3 9 7 5 10 110
0 3 9 6 11 5 35
0 3 9 6 0 16 5
0 3 9 5 17 0 122
0 3 9 5 6 11 172
0 3 9 4 12 6 15
0 3 9 4 1 17 4
0 3 9 3 18 1 44
0 3 9 2 13 7 25
0 3 9 2 2 18 62
0 3 9 1 19 2 4
0 3 9 1 8 13 160
0 3 9 0 14 8 113
0 3 9 0 3 19 81
0 3 8 22 1 0 59
0 3 8 20 2 1 31
0 3 8 16 4 3 72
0 3 8 14 5 4 94
0 3 8 13 0 10 11
0 3 8 12 6 5 19
0 3 8 11 12 0 151
0 3 8 11 1 11 31
0 3 8 10 7 6 146
0 3 8 9 13 1 128
0 3 8 9 2 12 152
0 3 8 8 8 7 86
0 3 8 7 14 2 81
0 3 8 7 3 13 143
0 3 8 6 9 8 39
0 3 8 5 15 3 89
0 3 8 5 4 14 39
0 3 8 4 10 9 121
0 3 8 3 16 4 11
0 3 8 3 5 15 64
0 3 8 2 11 10 68
0 3 8 2 0 21 45
0 3 8 1 17 5 79
0 3 8 1 6 16 117
0 3 8 0 23 0 6
0 3 8 0 12 11 13
0 3 8 0 1 22 149
0 3 7 20 0 4 154
0 3 7 18 1 5 162
0 3 7 17 7 0 193
0 3 7 16 2 6 141
0 3 7 15 8 1 12
0 3 7 14 3 7 15
0 3 7 13 9 2 4
0 3 7 12 4 8 87
0 3 7 11 10 3 132
0 3 7 10 5 9 127
0 3 7 9 11 4 42
0 3 7 9 0 15 78
0 3 7 8 6 10 49
0 3 7 7 12 5 147
0 3 7 7 1 16 120
0 3 7 6 18 0 143
0 3 7 6 7 11 62
0 3 7 5 13 6 180
0 3 7 5 2 17 135
0 3 7 4 19 1 135
0 3 7 4 8 12 12
0 3 7 3 14 7 64
0 3 7 3 3 18 84
0 3 7 2 20 2 169
0 3 7 2 9 13 108
0 3 7 1 15 8 95
0 3 7 1 4 19 113
0 3 7 0 21 3 143
0 3 7 0 10 14 51
0 3 6 23 2 0 155
0 3 6 21 3 1 79
0 3 6 19 4 2 18
0 3 6 17 5 3 9
0 3 6 16 0 9 55
0 3 6 15 6 4 161
0 3 6 14 1 10 100
0 3 6 13 7 5 23
0 3 6 12 13 0 41
0 3 6 12 2 11 47
0 3 6 11 8 6 158
0 3 6 10 14 1 119
0 3 6 10 3 12 17
0 3 6 9 9 7 73
0 3 6 8 15 2 140
0 3 6 8 4 13 36
0 3 6 7 10 8 80
0 3 6 6 16 3 58
0 3 6 6 5 14 96
0 3 6 5 11 9 122
0 3 6 5 0 20 134
0 3 6 4 17 4 65
0 3 6 4 6 15 161
0 3 6 3 12 10 193
0 3 6 3 1 21 77
0 3 6 2 18 5 114
0 3 6 2 7 16 168
0 3 6 1 24 0 80
0 3 6 1 13 11 104
0 3 6 1 2 22 31
0 3 6 0 19 6 51
0 3 6 0 8 17 184
0 3 5 23 0 3 59
0 3 5 21 1 4 87
0 3 5 19 2 5 183
0 3 5 18 8 0 99
0 3 5 17 3 6 162
0 3 5 16 9 1 16
0 3 5 15 4 7 193
0 3 5 14 10 2 120
0 3 5 13 5 8 21
0 3 5 12 11 3 142
0 3 5 12 0 14 90
0 3 5 11 6 9 132
0 3 5 10 12 4 114
0 3 5 10 1 15 151
0 3 5 9 7 10 104
0 3 5 8 13 5 197
0 3 5 8 2 16 187
0 3 5 7 19 0 57
0 3 5 7 8 11 72
0 3 5 6 14 6 75
0 3 5 6 3 17 129
0 3 5 5 20 1 86
0 3 5 5 9 12 80
0 3 5 4 15 7 8
0 3 5 4 4 18 168
0 3 5 3 21 2 183
0 3 5 3 10 13 48
0 3 5 2 16 8 153
0 3 5 2 5 19 24
0 3 5 1 22 3 166
0 3 5 1 11 14 196
0 3 5 1 0 25 83
0 3 5 0 17 9 114
0 3 5 0 6 20 97
0 3 4 24 3 0 195
0 3 4 22 4 1 180
0 3 4 20 5 2 79
0 3 4 19 0 8 119
0 3 4 18 6 3 85
0 3 4 17 1 9 110
0 3 4 16 7 4 16
0 3 4 15 2 10 191
0 3 4 14 8 5 4
0 3 4 13 14 0 23
0 3 4 13 3 11 180
0 3 4 12 9 6 47
0 3 4 11 15 1 130
0 3 4 11 4 12 104
0 3 4 10 10 7 198
0 3 4 9 16 2 4
0 3 4 9 5 13 192
0 3 4 8 11 8 139
0 3 4 8 0 19 41
0 3 4 7 17 3 7
0 3 4 7 6 14 6
0 3 4 6 12 9 133
0 3 4 6 1 20 95
0 3 4 5 18 4 119
0 3 4 5 7 15 154
0 3 4 4 13 10 94
0 3 4 4 2 21 159
0 3 4 3 19 5 61
0 3 4 3 8 16 6
0 3 4 2 25 0 129
0 3 4 2 14 11 195
0 3 4 2 3 22 31
0 3 4 1 20 6 157
0 3 4 1 9 17 120
0 3 4 0 26 1 49
0 3 4 0 15 12 179
0 3 4 0 4 23 49
0 3 3 26 0 2 119
0 3 3 24 1 3 34
0 3 3 22 2 4 161
0 3 3 20 3 5 58
0 3 3 19 9 0 62
0 3 3 18 4 6 12
0 3 3 17 10 1 156
0 3 3 16 5 7 37
0 3 3 15 11 2 91
0 3 3 15 0 13 146
0 3 3 14 6 8 178
0 3 3 13 12 3 67
0 3 3 13 1 14 177
0 3 3 12 7 9 148
0 3 3 11 13 4 11
0 3 3 11 2 15 109
0 3 3 10 8 10 40
0 3 3 9 14 5 85
0 3 3 9 3 16 74
0 3 3 8 20 0 76
0 3 3 8 9 11 134
0 3 3 7 15 6 14
0 3 3 7 4 17 66
0 3 3 6 21 1 109
0 3 3 6 10 12 158
0 3 3 5 16 7 1
0 3 3 5 5 18 35
0 3 3 4 22 2 17
0 3 3 4 11 13 2
0 3 3 4 0 24 21
0 3 3 3 17 8 99
0 3 3 3 6 19 97
0 3 3 2 23 3 164
0 3 3 2 12 14 41
0 3 3 2 1 25 154
0 3 3 1 18 9 76
0 3 3 1 7 20 35
0 3 3 0 24 4 54
0 3 3 0 13 15 95
0 3 3 0 2 26 3
0 3 2 25 4 0 122
0 3 2 23 5 1 42
0 3 2 22 0 7 21
0 3 2 21 6 2 88
0 3 2 20 1 8 120
0 3 2 19 7 3 80
0 3 2 18 2 9 61
0 3 2 17 8 4 176
0 3 2 16 3 10 189
0 3 2 15 9 5 35
0 3 2 14 15 0 185
0 3 2 14 4 11 102
0 3 2 13 10 6 98
0 3 2 12 16 1 138
0 3 2 12 5 12 70
0 3 2 11 11 7 71
0 3 2 11 0 18 82
0 3 2 10 17 2 20
0 3 2 10 6 13 98
0 3 2 9 12 8 87
0 3 2 9 1 19 127
0 3 2 8 18 3 41
0 3 2 8 7 14 54
0 3 2 7 13 9 113
0 3 2 7 2 20 114
0 3 2 6 19 4 98
0 3 2 6 8 15 29
0 3 2 5 14 10 157
0 3 2 5 3 21 168
0 3 2 4 20 5 141
0 3 2 4 9 16 187
0 3 2 3 26 0 168
0 3 2 3 15 11 171
0 3 2 3 4 22 177
0 3 2 2 21 6 99
0 3 2 2 10 17 61
0 3 2 1 27 1 58
0 3 2 1 16 12 102
0 3 2 1 5 23 68
0 3 2 0 22 7 90
0 3 2 0 11 18 189
0 3 2 0 0 29 193
0 3 1 29 0 1 76
0 3 1 27 1 2 38
0 3 1 25 2 3 89
0 3 1 23 3 4 129
0 3 1 21 4 5 179
0 3 1 20 10 0 64
0 3 1 19 5 6 72
0 3 1 18 11 1 2
0 3 1 18 0 12 162
0 3 1 17 6 7 31
0 3 1 16 12 2 193
0 3 1 16 1 13 83
0 3 1 15 7 8 55
0 3 1 14 13 3 38
0 3 1 14 2 14 43
0 3 1 13 8 9 21
0 3 1 12 14 4 72
0 3 1 12 3 15 96
0 3 1 11 9 10 113
0 3 1 10 15 5 193
0 3 1 10 4 16 197
0 3 1 9 21 0 82
0 3 1 9 10 11 7
0 3 1 8 16 6 24
0 3 1 8 5 17 91
0 3 1 7 22 1 23
0 3 1 7 11 12 120
0 3 1 7 0 23 61
0 3 1 6 17 7 83
0 3 1 6 6 18 105
0 3 1 5 23 2 50
0 3 1 5 12 13 118
0 3 1 5 1 24 16
0 3 1 4 18 8 182
0 3 1 4 7 19 105
0 3 1 3 24 3 109
0 3 1 3 13 14 102
0 3 1 3 2 25 137
0 3 1 2 19 9 165
0 3 1 2 8 20 150
0 3 1 1 25 4 113
0 3 1 1 14 15 60
0 3 1 1 3 26 23
0 3 1 0 20 10 118
0 3 1 0 9 21 138
0 3 0 26 5 0 55
0 3 0 25 0 6 142
0 3 0 24 6 1 85
0 3 0 23 1 7 85
0 3 0 22 7 2 87
0 3 0 21 2 8 91
0 3 0 20 8 3 109
0 3 0 19 3 9 61
0 3 0 18 9 4 18
0 3 0 17 4 10 10
0 3 0 16 10 5 17
0 3 0 15 16 0 70
0 3 0 15 5 11 16
0 3 0 14 11 6 173
0 3 0 14 0 17 71
0 3 0 13 17 1 136
0 3 0 13 6 12 171
0 3 0 12 12 7 8
0 3 0 12 1 18 129
0 3 0 11 18 2 63
0 3 0 11 7 13 49
0 3 0 10 13 8 185
0 3 0 10 2 19 35
0 3 0 9 19 3 8
0 3 0 9 8 14 16
0 3 0 8 14 9 105
0 3 0 8 3 20 45
0 3 0 7 20 4 14
0 3 0 7 9 15 173
0 3 0 6 15 10 128
0 3 0 6 4 21 182
0 3 0 5 21 5 48
0 3 0 5 10 16 131
0 3 0 4 27 0 89
0 3 0 4 16 11 130
0 3 0 4 5 22 14
0 3 0 3 22 6 186
0 3 0 3 11 17 89
0 3 0 3 0 28 109
0 3 0 2 28 1 125
0 3 0 2 17 12 183
0 3 0 2 6 23 87
0 3 0 1 23 7 120
0 3 0 1 12 18 123
0 3 0 1 1 29 106
0 3 0 0 29 2 89
0 3 0 0 18 13 13
0 3 0 0 7 24 185
0 2 29 2 0 1 177
0 2 29 0 1 2 110
0 2 27 5 0 0 198
0 2 27 3 1 1 64
0 2 27 1 2 2 38
0 2 26 1 0 5 63
0 2 26 0 6 0 77
0 2 25 6 1 0 186
0 2 25 4 2 1 152
0 2 25 2 3 2 24
0 2 25 0 4 3 76
0 2 24 4 0 4 101
0 2 24 2 1 5 72
0 2 24 1 7 0 108
0 2 24 0 2 6 174
0 2 23 7 2 0 4
0 2 23 5 3 1 177
0 2 23 3 4 2 98
0 2 23 1 5 3 195
0 2 23 0 0 9 172
0 2 22 7 0 3 48
0 2 22 5 1 4 28
0 2 22 3 2 5 75
0 2 22 2 8 0 11
0 2 22 1 3 6 41
0 2 22 0 9 1 185
0 2 21 8 3 0 76
0 2 21 6 4 1 88
0 2 21 4 5 2 109
0 2 21 3 0 8 20
0 2 21 2 6 3 189
0 2 21 1 1 9 69
0 2 21 0 7 4 168
0 2 20 10 0 2 17
0 2 20 8 1 3 3
0 2 20 6 2 4 72
0 2 20 4 3 5 139
0 2 20 3 9 0 120
0 2 20 2 4 6 112
0 2 20 1 10 1 144
0 2 20 0 5 7 88
0 2 19 9 4 0 124
0 2 19 7 5 1 142
0 2 19 6 0 7 61
0 2 19 5 6 2 64
0 2 19 4 1 8 5
0 2 19 3 7 3 55
0 2 19 2 2 9 174
0 2 19 1 8 4 158
0 2 19 0 3 10 119
0 2 18 13 0 1 75
0 2 18 11 1 2 35
0 2 18 9 2 3 5
0 2 18 7 3 4 118
0 2 18 5 4 5 58
0 2 18 4 10 0 18
0 2 18 3 5 6 52
0 2 18 2 11 1 48
0 2 18 2 0 12 194
0 2 18 1 6 7 7
0 2 18 0 12 2 179
0 2 18 0 1 13 198
0 2 17 10 5 0 5
0 2 17 9 0 6 48
0 2 17 8 6 1 167
0 2 17 7 1 7 34
0 2 17 6 7 2 147
0 2 17 5 2 8 114
0 2 17 4 8 3 10
0 2 17 3 3 9 106
0 2 17 2 9 4 84
0 2 17 1 4 10 41
0 2 17 0 10 5 53
0 2 16 16 0 0 129
0 2 16 14 1 1 74
0 2 16 12 2 2 107
0 2 16 10 3 3 102
0 2 16 8 4 4 111
0 2 16 6 5 5 41
0 2 16 5 11 0 157
0 2 16 5 0 11 120
0 2 16 4 6 6 158
0 2 16 3 12 1 135
0 2 16 3 1 12 85
0 2 16 2 7 7 103
0 2 16 1 13 2 97
0 2 16 1 2 13 30
0 2 16 0 8 8 152
0 2 15 12 0 5 173
0 2 15 11 6 0 128
0 2 15 10 1 6 157
0 2 15 9 7 1 42
0 2 15 8 2 7 181
0 2 15 7 8 2 72
0 2 15 6 3 8 46
0 2 15 5 9 3 132
0 2 15 4 4 9 168
0 2 15 3 10 4 196
0 2 15 2 5 10 104
0 2 15 1 11 5 192
0 2 15 1 0 16 74
0 2 15 0 17 0 97
0 2 15 0 6 11 49
0 2 14 17 1 0 69
0 2 14 15 2 1 54
0 2 14 13 3 2 132
0 2 14 11 4 3 88
0 2 14 9 5 4 175
0 2 14 8 0 10 184
0 2 14 7 6 5 187
0 2 14 6 12 0 92
0 2 14 6 1 11 119
0 2 14 5 7 6 85
0 2 14 4 13 1 119
0 2 14 4 2 12 102
0 2 14 3 8 7 152
0 2 14 2 14 2 33
0 2 14 2 3 13 162
0 2 14 1 9 8 47
0 2 14 0 15 3 58
0 2 14 0 4 14 124
0 2 13 15 0 4 77
0 2 13 13 1 5 24
0 2 13 12 7 0 99
0 2 13 11 2 6 60
0 2 13 10 8 1 13
0 2 13 9 3 7 83
0 2 13 8 9 2 44
0 2 13 7 4 8 144
0 2 13 6 10 3 112
0 2 13 5 5 9 130
0 2 13 4 11 4 113
0 2 13 4 0 15 103
0 2 13 3 6 10 181
0 2 13 2 12 5 101
0 2 13 2 1 16 20
0 2 13 1 18 0 139
0 2 13 1 7 11 11
0 2 13 0 13 6 196
0 2 13 0 2 17 27
0 2 12 18 2 0 153
0 2 12 16 3 1 53
0 2 12 14 4 2 88
0 2 12 12 5 3 12
0 2 12 11 0 9 181
0 2 12 10 6 4 76
0 2 12 9 1 10 45
0 2 12 8 7 5 19
0 2 12 7 13 0 3
0 2 12 7 2 11 107
0 2 12 6 8 6 85
0 2 12 5 14 1 138
0 2 12 5 3 12 59
0 2 12 4 9 7 131
0 2 12 3 15 2 155
0 2 12 3 4 13 174
0 2 12 2 10 8 26
0 2 12 1 16 3 154
0 2 12 1 5 14 103
0 2 12 0 11 9 191
0 2 12 0 0 20 150
0 2 11 18 0 3 173
0 2 11 16 1 4 71
0 2 11 14 2 5 37
0 2 11 13 8 0 124
0 2 11 12 3 6 147
0 2 11 11 9 1 157
0 2 11 10 4 7 111
0 2 11 9 10 2 188
0 2 11 8 5 8 196
0 2 11 7 11 3 176
0 2 11 7 0 14 190
0 2 11 6 6 9 49
0 2 11 5 12 4 96
0 2 11 5 1 15 185
0 2 11 4 7 10 5
0 2 11 3 13 5 157
0 2 11 3 2 16 83
0 2 11 2 19 0 123
0 2 11 2 8 11 197
0 2 11 1 14 6 136
0 2 11 1 3 17 180
0 2 11 0 20 1 100
0 2 11 0 9 12 66
0 2 10 19 3 0 126
0 2 10 17 4 1 159
0 2 10 15 5 2 69
0 2 10 14 0 8 174
0 2 10 13 6 3 21
0 2 10 12 1 9 143
0 2 10 11 7 4 16
0 2 10 10 2 10 33
0 2 10 9 8 5 70
0 2 10 8 14 0 77
0 2 10 8 3 11 48
0 2 10 7 9 6 174
0 2 10 6 15 1 131
0 2 10 6 4 12 46
0 2 10 5 10 7 134
0 2 10 4 16 2 161
0 2 10 4 5 13 129
0 2 10 3 11 8 77
0 2 10 3 0 19 81
0 2 10 2 17 3 76
0 2 10 2 6 14 23
0 2 10 1 12 9 34
0 2 10 1 1 20 113
0 2 10 0 18 4 117
0 2 10 0 7 15 167
0 2 9 21 0 2 134
0 2 9 19 1 3 94
0 2 9 17 2 4 83
0 2 9 15 3 5 64
0 2 9 14 9 0 49
0 2 9 13 4 6 138
0 2 9 12 10 1 59
0 2 9 11 5 7 19
0 2 9 10 11 2 144
0 2 9 10 0 13 163
0 2 9 9 6 8 1
0 2 9 8 12 3 197
0 2 9 8 1 14 51
0 2 9 6 13 4 107
0 2 9 6 2 15 180
0 2 9 5 8 10 5
0 2 9 4 14 5 134
0 2 9 4 3 16 85
0 2 9 3 20 0 95
0 2 9 3 9 11 182
0 2 9 2 15 6 125
0 2 9 2 4 17 81
0 2 9 1 21 1 175
0 2 9 1 10 12 107
0 2 9 0 16 7 23
0 2 9 0 5 18 196
0 2 8 20 4 0 2
0 2 8 18 5 1 91
0 2 8 17 0 7 160
0 2 8 16 6 2 128
0 2 8 15 1 8 66
0 2 8 14 7 3 117
0 2 8 13 2 9 81
0 2 8 12 8 4 39
0 2 8 11 3 10 184
0 2 8 10 9 5 81
0 2 8 9 15 0 37
0 2 8 9 4 11 25
0 2 8 8 10 6 71
0 2 8 7 16 1 177
0 2 8 7 5 12 10
0 2 8 6 11 7 44
0 2 8 6 0 18 157
0 2 8 5 17 2 117
0 2 8 5 6 13 79
0 2 8 4 12 8 43
0 2 8 4 1 19 145
0 2 8 3 18 3 63
0 2 8 3 7 14 115
0 2 8 2 13 9 95
0 2 8 2 2 20 42
0 2 8 1 19 4 97
0 2 8 1 8 15 39
0 2 8 0 14 10 198
0 2 8 0 3 21 49
0 2 7 24 0 1 168
0 2 7 22 1 2 19
0 2 7 20 2 3 5
0 2 7 18 3 4 40
0 2 7 16 4 5 120
0 2 7 15 10 0 30
0 2 7 14 5 6 110
0 2 7 13 11 1 84
0 2 7 13 0 12 35
0 2 7 12 6 7 35
0 2 7 11 12 2 176
0 2 7 11 1 13 162
0 2 7 10 7 8 69
0 2 7 9 13 3 113
0 2 7 9 2 14 192
0 2 7 8 8 9 149
0 2 7 7 14 4 5
0 2 7 7 3 15 44
0 2 7 6 9 10 65
0 2 7 5 15 5 96
0 2 7 5 4 16 39
0 2 7 4 21 0 160
0 2 7 4 10 11 110
0 2 7 3 16 6 24
0 2 7 3 5 17 51
0 2 7 2 22 1 129
0 2 7 2 11 12 115
0 2 7 2 0 23 155
0 2 7 1 17 7 172
0 2 7 1 6 18 52
0 2 7 0 23 2 51
0 2 7 0 12 13 180
0 2 7 0 1 24 85
0 2 6 21 5 0 179
0 2 6 20 0 6 82
0 2 6 19 6 1 191
0 2 6 18 1 7 100
0 2 6 17 7 2 124
0 2 6 16 2 8 78
0 2 6 15 8 3 172
0 2 6 14 3 9 87
0 2 6 13 9 4 79
0 2 6 12 4 10 161
0 2 6 11 10 5 166
0 2 6 10 16 0 72
0 2 6 10 5 11 81
0 2 6 9 11 6 116
0 2 6 9 0 17 91
0 2 6 8 17 1 70
0 2 6 8 6 12 19
0 2 6 7 12 7 198
0 2 6 7 1 18 74
0 2 6 6 18 2 163
0 2 6 6 7 13 57
0 2 6 5 13 8 86
0 2 6 5 2 19 12
0 2 6 4 19 3 130
0 2 6 4 8 14 6
0 2 6 3 14 9 38
0 2 6 3 3 20 34
0 2 6 2 20 4 131
0 2 6 2 9 15 107
0 2 6 1 15 10 164
0 2 6 1 4 21 23
0 2 6 0 21 5 61
0 2 6 0 10 16 53
0 2 5 27 0 0 114
0 2 5 25 1 1 186
0 2 5 23 2 2 198
0 2 5 21 3 3 75
0 2 5 19 4 4 113
0 2 5 17 5 5 23
0 2 5 16 11 0 49
0 2 5 16 0 11 108
0 2 5 15 6 6 67
0 2 5 14 12 1 47
0 2 5 14 1 12 198
0 2 5 13 7 7 26
0 2 5 12 13 2 145
0 2 5 12 2 13 196
0 2 5 11 8 8 131
0 2 5 10 14 3 172
0 2 5 10 3 14 98
0 2 5 9 9 9 79
0 2 5 8 15 4 47
0 2 5 8 4 15 46
0 2 5 7 10 10 163
0 2 5 6 16 5 121
0 2 5 6 5 16 87
0 2 5 5 22 0 78
0 2 5 5 11 11 194
0 2 5 5 0 22 27
0 2 5 4 17 6 150
0 2 5 4 6 17 91
0 2 5 3 23 1 198
0 2 5 3 12 12 104
0 2 5 3 1 23 117
0 2 5 2 18 7 34
0 2 5 2 7 18 58
0 2 5 1 24 2 163
0 2 5 1 13 13 61
0 2 5 1 2 24 34
0 2 5 0 19 8 126
0 2 5 0 8 19 113
0 2 4 23 0 5 81
0 2 4 22 6 0 6
0 2 4 21 1 6 139
0 2 4 20 7 1 111
0 2 4 19 2 7 23
0 2 4 18 8 2 33
0 2 4 17 3 8 1
0 2 4 16 9 3 161
0 2 4 15 4 9 87
0 2 4 14 10 4 99
0 2 4 13 5 10 108
0 2 4 12 11 5 79
0 2 4 12 0 16 9
0 2 4 11 17 0 104
0 2 4 11 6 11 79
0 2 4 10 12 6 118
0 2 4 10 1 17 166
0 2 4 9 18 1 7
0 2 4 9 7 12 87
0 2 4 8 13 7 69
0 2 4 8 2 18 138
0 2 4 7 19 2 57
0 2 4 7 8 13 26
0 2 4 6 14 8 155
0 2 4 6 3 19 12
0 2 4 5 20 3 66
0 2 4 5 9 14 32
0 2 4 4 15 9 137
0 2 4 4 4 20 173
0 2 4 3 21 4 52
0 2 4 3 10 15 183
0 2 4 2 16 10 102
0 2 4 2 5 21 170
0 2 4 1 22 5 130
0 2 4 1 11 16 92
0 2 4 1 0 27 76
0 2 4 0 28 0 165
0 2 4 0 6 22 35
0 2 3 28 1 0 73
0 2 3 26 2 1 7
0 2 3 24 3 2 100
0 2 3 22 4 3 84
0 2 3 20 5 4 190
0 2 3 19 0 10 193
0 2 3 18 6 5 61
0 2 3 17 12 0 31
0 2 3 17 1 11 61
0 2 3 16 7 6 123
0 2 3 15 13 1 23
0 2 3 15 2 12 30
0 2 3 14 8 7 23
0 2 3 13 14 2 125
0 2 3 13 3 13 118
0 2 3 12 9 8 70
0 2 3 11 15 3 65
0 2 3 11 4 14 103
0 2 3 10 10 9 111
0 2 3 9 16 4 77
0 2 3 9 5 15 5
0 2 3 8 11 10 166
0 2 3 8 0 21 185
0 2 3 7 17 5 188
0 2 3 7 6 16 111
0 2 3 6 23 0 3
0 2 3 6 12 11 38
0 2 3 6 1 22 73
0 2 3 5 18 6 93
0 2 3 5 7 17 122
0 2 3 4 24 1 63
0 2 3 4 13 12 72
0 2 3 4 2 23 123
0 2 3 3 19 7 37
0 2 3 3 8 18 188
0 2 3 2 25 2 188
0 2 3 2 14 13 40
0 2 3 2 3 24 46
0 2 3 1 20 8 181
0 2 3 1 9 19 51
0 2 3 0 26 3 115
0 2 3 0 15 14 191
0 2 3 0 4 25 72
0 2 2 26 0 4 198
0 2 2 24 1 5 184
0 2 2 23 7 0 196
0 2 2 22 2 6 69
0 2 2 21 8 1 32
0 2 2 20 3 7 140
0 2 2 19 9 2 9
0 2 2 18 4 8 164
0 2 2 17 10 3 177
0 2 2 16 5 9 107
0 2 2 15 11 4 156
0 2 2 15 0 15 83
0 2 2 14 6 10 193
0 2 2 13 12 5 83
0 2 2 13 1 16 20
0 2 2 12 18 0 81
0 2 2 12 7 11 121
0 2 2 11 13 6 64
0 2 2 11 2 17 76
0 2 2 10 19 1 129
0 2 2 10 8 12 69
0 2 2 9 14 7 159
0 2 2 9 3 18 41
0 2 2 8 20 2 105
0 2 2 8 9 13 51
0 2 2 7 15 8 4
0 2 2 7 4 19 3
0 2 2 6 21 3 25
0 2 2 6 10 14 5
0 2 2 5 16 9 88
0 2 2 5 5 20 95
0 2 2 4 22 4 4
0 2 2 4 11 15 10
0 2 2 4 0 26 184
0 2 2 3 17 10 74
0 2 2 3 6 21 35
0 2 2 2 23 5 191
0 2 2 2 12 16 101
0 2 2 2 1 27 66
0 2 2 1 29 0 18
0 2 2 1 18 11 34
0 2 2 1 7 22 66
0 2 2 0 24 6 6
0 2 2 0 13 17 195
0 2 2 0 2 28 191
0 2 1 29 2 0 63
0 2 1 27 3 1 165
0 2 1 25 4 2 157
0 2 1 23 5 3 73
0 2 1 22 0 9 195
0 2 1 21 6 4 128
0 2 1 20 1 10 54
0 2 1 19 7 5 131
0 2 1 18 13 0 196
0 2 1 18 2 11 56
0 2 1 17 8 6 195
0 2 1 16 14 1 14
0 2 1 16 3 12 141
0 2 1 15 9 7 87
0 2 1 14 15 2 178
0 2 1 14 4 13 144
0 2 1 13 10 8 154
0 2 1 12 16 3 185
0 2 1 12 5 14 6
0 2 1 11 11 9 159
0 2 1 11 0 20 150
0 2 1 10 17 4 128
0 2 1 10 6 15 119
0 2 1 9 12 10 51
0 2 1 9 1 21 197
0 2 1 8 18 5 186
0 2 1 8 7 16 140
0 2 1 7 24 0 103
0 2 1 7 13 11 92
0 2 1 7 2 22 129
0 2 1 6 19 6 98
0 2 1 6 8 17 196
0 2 1 5 25 1 86
0 2 1 5 14 12 116
0 2 1 5 3 23 167
0 2 1 4 20 7 32
0 2 1 4 9 18 58
0 2 1 3 26 2 82
0 2 1 3 15 13 116
0 2 1 3 4 24 151
0 2 1 2 21 8 38
0 2 1 2 10 19 107
0 2 1 1 27 3 158
0 2 1 1 16 14 175
0 2 1 1 5 25 17
0 2 1 0 22 9 68
0 2 1 0 11 20 1
0 2 1 0 0 31 12
0 2 0 29 0 3 131
0 2 0 27 1 4 31
0 2 0 25 2 5 141
0 2 0 24 8 0 186
0 2 0 23 3 6 96
0 2 0 22 9 1 109
0 2 0 21 4 7 181
0 2 0 20 10 2 111
0 2 0 19 5 8 147
0 2 0 18 11 3 195
0 2 0 18 0 14 71
0 2 0 17 6 9 11
0 2 0 16 12 4 164
0 2 0 16 1 15 115
0 2 0 15 7 10 101
0 2 0 14 13 5 38
0 2 0 14 2 16 115
0 2 0 13 19 0 16
0 2 0 13 8 11 197
0 2 0 12 14 6 34
0 2 0 12 3 17 72
0 2 0 11 20 1 103
0 2 0 11 9 12 131
0 2 0 10 15 7 108
0 2 0 10 4 18 83
0 2 0 9 21 2 76
0 2 0 8 16 8 125
0 2 0 8 5 19 89
0 2 0 7 22 3 165
0 2 0 7 11 14 43
0 2 0 7 0 25 22
0 2 0 6 17 9 8
0 2 0 6 6 20 185
0 2 0 5 23 4 171
0 2 0 5 12 15 75
0 2 0 5 1 26 166
0 2 0 4 18 10 70
0 2 0 4 7 21 28
0 2 0 3 24 5 6
0 2 0 3 13 16 189
0 2 0 3 2 27 105
0 2 0 2 30 0 57
0 2 0 2 19 11 21
0 2 0 2 8 22 196
0 2 0 1 25 6 188
0 2 0 1 14 17 172
0 2 0 1 3 28 38
0 2 0 0 31 1 14
0 2 0 0 20 12 2
0 2 0 0 9 23 45
0 1 33 0 0 0 57
0 1 31 1 1 0 29
0 1 29 2 2 0 60
0 1 29 0 3 1 32
0 1 28 2 0 3 89
0 1 28 0 1 4 80
0 1 27 3 3 0 14
0 1 27 1 4 1 188
0 1 26 5 0 2 1
0 1 26 3 1 3 60
0 1 26 1 2 4 43
0 1 25 4 4 0 181
0 1 25 2 5 1 118
0 1 25 1 0 7 128
0 1 25 0 6 2 47
0 1 24 8 0 1 54
0 1 24 6 1 2 186
0 1 24 4 2 3 60
0 1 24 2 3 4 28
0 1 24 0 4 5 24
0 1 23 5 5 0 39
0 1 23 4 0 6 147
0 1 23 3 6 1 156
0 1 23 2 1 7 183
0 1 23 1 7 2 177
0 1 23 0 2 8 78
0 1 22 11 0 0 117
0 1 22 9 1 1 7
0 1 22 7 2 2 192
0 1 22 5 3 3 110
0 1 22 3 4 4 122
0 1 22 1 5 5 19
0 1 22 0 11 0 52
0 1 22 0 0 11 87
0 1 21 7 0 5 192
0 1 21 6 6 0 170
0 1 21 5 1 6 166
0 1 21 4 7 1 118
0 1 21 3 2 7 54
0 1 21 2 8 2 68
0 1 21 1 3 8 40
0 1 21 0 9 3 131
0 1 20 12 1 0 139
0 1 20 10 2 1 125
0 1 20 8 3 2 115
0 1 20 6 4 3 165
0 1 20 4 5 4 132
0 1 20 3 0 10 36
0 1 20 2 6 5 114
0 1 20 1 12 0 128
0 1 20 1 1 11 180
0 1 20 0 7 6 136
0 1 19 10 0 4 91
0 1 19 8 1 5 137
0 1 19 7 7 0 48
0 1 19 6 2 6 92
0 1 19 5 8 1 124
0 1 19 4 3 7 114
0 1 19 3 9 2 23
0 1 19 2 4 8 112
0 1 19 1 10 3 33
0 1 19 0 5 9 83
0 1 18 13 2 0 16
0 1 18 11 3 1 167
0 1 18 9 4 2 66
0 1 18 7 5 3 124
0 1 18 6 0 9 30
0 1 18 5 6 4 151
0 1 18 4 1 10 16
0 1 18 3 7 5 146
0 1 18 2 13 0 95
0 1 18 2 2 11 161
0 1 18 1 8 6 43
0 1 18 0 14 1 178
0 1 18 0 3 12 119
0 1 17 13 0 3 164
0 1 17 11 1 4 3
0 1 17 9 2 5 167
0 1 17 8 8 0 17
0 1 17 7 3 6 55
0 1 17 6 9 1 75
0 1 17 5 4 7 93
0 1 17 4 10 2 178
0 1 17 3 5 8 71
0 1 17 2 11 3 190
0 1 17 2 0 14 145
0 1 17 1 6 9 18
0 1 17 0 12 4 79
0 1 17 0 1 15 169
0 1 16 14 3 0 191
0 1 16 12 4 1 161
0 1 16 10 5 2 133
0 1 16 9 0 8 62
0 1 16 8 6 3 21
0 1 16 7 1 9 159
0 1 16 5 2 10 51
0 1 16 4 8 5 66
0 1 16 3 14 0 158
0 1 16 3 3 11 58
0 1 16 2 9 6 77
0 1 16 1 15 1 144
0 1 16 1 4 12 166
0 1 16 0 10 7 40
0 1 15 16 0 2 140
0 1 15 14 1 3 71
0 1 15 12 2 4 63
0 1 15 9 9 0 68
0 1 15 8 4 6 195
0 1 15 7 10 1 15
0 1 15 6 5 7 188
0 1 15 5 11 2 149
0 1 15 5 0 13 105
0 1 15 4 6 8 147
0 1 15 3 12 3 187
0 1 15 3 1 14 128
0 1 15 2 7 9 25
0 1 15 1 13 4 4
0 1 15 1 2 15 115
0 1 15 0 8 10 11
0 1 14 15 4 0 137
0 1 14 12 0 7 82
0 1 14 11 6 2 25
0 1 14 10 1 8 111
0 1 14 9 7 3 75
0 1 14 8 2 9 183
0 1 14 7 8 4 74
0 1 14 6 3 10 128
0 1 14 5 9 5 9
0 1 14 4 15 0 159
0 1 14 4 4 11 10
0 1 14 3 10 6 122
0 1 14 2 16 1 133
0 1 14 2 5 12 107
0 1 14 1 11 7 160
0 1 14 1 0 18 34
0 1 14 0 17 2 75
0 1 14 0 6 13 92
0 1 13 19 0 1 88
0 1 13 17 1 2 54
0 1 13 15 2 3 94
0 1 13 13 3 4 40
0 1 13 11 4 5 27
0 1 13 10 10 0 96
0 1 13 9 5 6 19
0 1 13 8 11 1 94
0 1 13 8 0 12 103
0 1 13 7 6 7 183
0 1 13 6 12 2 72
0 1 13 6 1 13 73
0 1 13 5 7 8 34
0 1 13 4 13 3 55
0 1 13 4 2 14 168
0 1 13 3 8 9 58
0 1 13 2 14 4 114
0 1 13 2 3 15 147
0 1 13 1 9 10 18
0 1 13 0 15 5 183
0 1 13 0 4 16 15
0 1 12 16 5 0 196
0 1 12 15 0 6 173
0 1 12 14 6 1 32
0 1 12 13 1 7 106
0 1 12 12 7 2 144
0 1 12 11 2 8 169
0 1 12 10 8 3 146
0 1 12 9 3 9 194
0 1 12 8 9 4 196
0 1 12 7 4 10 51
0 1 12 6 10 5 37
0 1 12 5 16 0 56
0 1 12 5 5 11 75
0 1 12 4 11 6 194
0 1 12 4 0 17 39
0 1 12 3 17 1 163
0 1 12 3 6 12 38
0 1 12 2 12 7 117
0 1 12 2 1 18 100
0 1 12 1 18 2 157
0 1 12 1 7 13 177
0 1 12 0 13 8 198
0 1 12 0 2 19 127
0 1 11 22 0 0 29
0 1 11 20 1 1 137
0 1 11 18 2 2 85
0 1 11 16 3 3 37
0 1 11 14 4 4 129
0 1 11 12 5 5 136
0 1 11 11 11 0 88
0 1 11 11 0 11 171
0 1 11 10 6 6 30
0 1 11 9 12 1 172
0 1 11 9 1 12 36
0 1 11 8 7 7 58
0 1 11 7 13 2 22
0 1 11 7 2 13 110
0 1 11 6 8 8 75
0 1 11 5 14 3 156
0 1 11 5 3 14 145
0 1 11 4 9 9 150
0 1 11 3 15 4 20
0 1 11 3 4 15 2
0 1 11 2 10 10 89
0 1 11 1 16 5 172
0 1 11 1 5 16 99
0 1 11 0 22 0 64
0 1 11 0 11 11 179
0 1 11 0 0 22 111
0 1 10 18 0 5 183
0 1 10 17 6 0 193
0 1 10 16 1 6 30
0 1 10 15 7 1 128
0 1 10 14 2 7 149
0 1 10 13 8 2 187
0 1 10 12 3 8 158
0 1 10 11 9 3 12
0 1 10 10 4 9 163
0 1 10 9 10 4 31
0 1 10 8 5 10 42
0 1 10 7 11 5 132
0 1 10 7 0 16 16
0 1 10 6 17 0 103
0 1 10 6 6 11 191
0 1 10 5 12 6 30
0 1 10 5 1 17 29
0 1 10 4 18 1 196
0 1 10 4 7 12 72
0 1 10 3 13 7 155
0 1 10 3 2 18 134
0 1 10 2 19 2 81
0 1 10 2 8 13 196
0 1 10 1 14 8 117
0 1 10 1 3 19 17
0 1 10 0 20 3 196
0 1 10 0 9 14 1
0 1 9 23 1 0 61
0 1 9 21 2 1 194
0 1 9 19 3 2 162
0 1 9 17 4 3 151
0 1 9 15 5 4 164
0 1 9 14 0 10 83
0 1 9 13 6 5 152
0 1 9 12 12 0 145
0 1 9 12 1 11 12
0 1 9 11 7 6 102
0 1 9 10 13 1 175
0 1 9 10 2 12 76
0 1 9 9 8 7 144
0 1 9 8 14 2 18
0 1 9 8 3 13 198
0 1 9 7 9 8 85
0 1 9 6 15 3 144
0 1 9 6 4 14 61
0 1 9 5 10 9 181
0 1 9 4 16 4 158
0 1 9 4 5 15 48
0 1 9 3 11 10 160
0 1 9 3 0 21 165
0 1 9 2 17 5 153
0 1 9 2 6 16 9
0 1 9 1 23 0 147
0 1 9 1 12 11 158
0 1 9 1 1 22 1
0 1 9 0 18 6 130
0 1 9 0 7 17 105
0 1 8 21 0 4 71
0 1 8 19 1 5 125
0 1 8 18 7 0 2
0 1 8 17 2 6 55
0 1 8 16 8 1 56
0 1 8 15 3 7 11
0 1 8 14 9 2 46
0 1 8 13 4 8 47
0 1 8 12 10 3 14
0 1 8 11 5 9 19
0 1 8 10 11 4 188
0 1 8 10 0 15 26
0 1 8 9 6 10 139
0 1 8 8 12 5 49
0 1 8 8 1 16 55
0 1 8 7 18 0 47
0 1 8 7 7 11 52
0 1 8 6 13 6 85
0 1 8 6 2 17 67
0 1 8 5 19 1 131
0 1 8 5 8 12 32
0 1 8 4 14 7 38
0 1 8 4 3 18 4
0 1 8 3 20 2 78
0 1 8 3 9 13 128
0 1 8 2 15 8 27
0 1 8 2 4 19 183
0 1 8 1 21 3 94
0 1 8 1 10 14 21
0 1 8 0 16 9 30
0 1 8 0 5 20 166
0 1 7 24 2 0 152
0 1 7 22 3 1 40
0 1 7 20 4 2 180
0 1 7 18 5 3 1
0 1 7 17 0 9 105
0 1 7 16 6 4 77
0 1 7 15 1 10 129
0 1 7 14 7 5 182
0 1 7 13 13 0 195
0 1 7 13 2 11 105
0 1 7 12 8 6 149
0 1 7 11 14 1 56
0 1 7 11 3 12 159
0 1 7 10 9 7 145
0 1 7 9 15 2 16
0 1 7 9 4 13 151
0 1 7 8 10 8 138
0 1 7 7 16 3 124
0 1 7 7 5 14 96
0 1 7 6 11 9 168
0 1 7 6 0 20 125
0 1 7 5 17 4 54
0 1 7 5 6 15 136
0 1 7 4 12 10 53
0 1 7 4 1 21 83
0 1 7 3 18 5 197
0 1 7 3 7 16 83
0 1 7 2 24 0 79
0 1 7 2 13 11 3
0 1 7 2 2 22 171
0 1 7 1 19 6 115
0 1 7 1 8 17 76
0 1 7 0 25 1 86
0 1 7 0 14 12 35
0 1 7 0 3 23 95
0 1 6 24 0 3 52
0 1 6 22 1 4 85
0 1 6 20 2 5 169
0 1 6 19 8 0 55
0 1 6 18 3 6 115
0 1 6 17 9 1 89
0 1 6 16 4 7 185
0 1 6 15 10 2 126
0 1 6 14 5 8 149
0 1 6 13 11 3 151
0 1 6 13 0 14 80
0 1 6 12 6 9 59
0 1 6 11 12 4 118
0 1 6 11 1 15 168
0 1 6 10 7 10 135
0 1 6 9 13 5 27
0 1 6 9 2 16 82
0 1 6 8 19 0 143
0 1 6 8 8 11 11
0 1 6 7 14 6 7
0 1 6 7 3 17 99
0 1 6 6 20 1 27
0 1 6 6 9 12 15
0 1 6 5 15 7 182
0 1 6 5 4 18 40
0 1 6 4 21 2 191
0 1 6 4 10 13 106
0 1 6 3 16 8 11
0 1 6 3 5 19 131
0 1 6 2 22 3 92
0 1 6 2 11 14 4
0 1 6 2 0 25 82
0 1 6 1 17 9 135
0 1 6 1 6 20 33
0 1 6 0 23 4 79
0 1 6 0 12 15 137
0 1 6 0 1 26 96
0 1 5 25 3 0 102
0 1 5 23 4 1 99
0 1 5 21 5 2 68
0 1 5 20 0 8 152
0 1 5 19 6 3 110
0 1 5 18 1 9 152
0 1 5 17 7 4 95
0 1 5 16 2 10 5
0 1 5 15 8 5 153
0 1 5 14 14 0 104
0 1 5 14 3 11 51
0 1 5 13 9 6 174
0 1 5 12 15 1 141
0 1 5 12 4 12 181
0 1 5 11 10 7 133
0 1 5 10 16 2 33
0 1 5 10 5 13 58
0 1 5 9 11 8 157
0 1 5 9 0 19 181
0 1 5 8 17 3 132
0 1 5 8 6 14 120
0 1 5 7 12 9 83
0 1 5 7 1 20 38
0 1 5 6 18 4 26
0 1 5 6 7 15 157
0 1 5 5 13 10 15
0 1 5 5 2 21 36
0 1 5 4 19 5 76
0 1 5 4 8 16 172
0 1 5 3 25 0 20
0 1 5 3 14 11 106
0 1 5 3 3 22 80
0 1 5 2 9 17 76
0 1 5 1 26 1 92
0 1 5 1 15 12 180
0 1 5 1 4 23 169
0 1 5 0 21 7 4
0 1 5 0 10 18 8
0 1 4 27 0 2 63
0 1 4 25 1 3 129
0 1 4 23 2 4 169
0 1 4 21 3 5 74
0 1 4 20 9 0 118
0 1 4 19 4 6 44
0 1 4 18 10 1 37
0 1 4 17 5 7 50
0 1 4 16 11 2 172
0 1 4 16 0 13 76
0 1 4 15 6 8 21
0 1 4 14 12 3 10
0 1 4 14 1 14 35
0 1 4 13 7 9 179
0 1 4 12 13 4 142
0 1 4 12 2 15 28
0 1 4 11 8 10 93
0 1 4 10 14 5 143
0 1 4 10 3 16 17
0 1 4 9 20 0 53
0 1 4 9 9 11 195
0 1 4 8 15 6 81
0 1 4 8 4 17 34
0 1 4 7 21 1 176
0 1 4 7 10 12 194
0 1 4 6 16 7 141
0 1 4 6 5 18 184
0 1 4 5 22 2 148
0 1 4 5 11 13 122
0 1 4 5 0 24 74
0 1 4 4 17 8 46
0 1 4 4 6 19 123
0 1 4 3 23 3 60
0 1 4 3 12 14 41
0 1 4 3 1 25 20
0 1 4 2 18 9 198
0 1 4 2 7 20 39
0 1 4 1 24 4 137
0 1 4 1 13 15 186
0 1 4 1 2 26 144
0 1 4 0 19 10 157
0 1 4 0 8 21 77
0 1 3 26 4 0 118
0 1 3 24 5 1 108
0 1 3 23 0 7 171
0 1 3 22 6 2 117
0 1 3 21 1 8 53
0 1 3 20 7 3 152
0 1 3 19 2 9 43
0 1 3 18 8 4 10
0 1 3 17 3 10 98
0 1 3 16 9 5 121
0 1 3 15 15 0 22
0 1 3 15 4 11 5
0 1 3 14 10 6 174
0 1 3 13 16 1 56
0 1 3 13 5 12 8
0 1 3 12 11 7 117
0 1 3 12 0 18 29
0 1 3 11 17 2 160
0 1 3 11 6 13 192
0 1 3 10 12 8 66
0 1 3 10 1 19 31
0 1 3 9 18 3 22
0 1 3 9 7 14 156
0 1 3 8 13 9 28
0 1 3 8 2 20 64
0 1 3 7 19 4 125
0 1 3 7 8 15 150
0 1 3 6 14 10 8
0 1 3 6 3 21 147
0 1 3 5 20 5 110
0 1 3 5 9 16 12
0 1 3 4 26 0 127
0 1 3 4 15 11 62
0 1 3 4 4 22 114
0 1 3 3 21 6 137
0 1 3 3 10 17 74
0 1 3 2 27 1 49
0 1 3 2 16 12 173
0 1 3 2 5 23 48
0 1 3 1 22 7 77
0 1 3 1 11 18 163
0 1 3 1 0 29 104
0 1 3 0 28 2 1
0 1 3 0 17 13 116
0 1 3 0 6 24 16
0 1 2 30 0 1 38
0 1 2 28 1 2 17
0 1 2 26 2 3 67
0 1 2 24 3 4 154
0 1 2 22 4 5 136
0 1 2 21 10 0 26
0 1 2 20 5 6 65
0 1 2 19 11 1 79
0 1 2 19 0 12 48
0 1 2 18 6 7 186
0 1 2 17 12 2 14
0 1 2 17 1 13 116
0 1 2 16 7 8 30
0 1 2 15 13 3 31
0 1 2 15 2 14 109
0 1 2 14 8 9 39
0 1 2 13 14 4 188
0 1 2 13 3 15 88
0 1 2 12 9 10 4
0 1 2 11 15 5 165
0 1 2 11 4 16 197
0 1 2 10 21 0 58
0 1 2 10 10 11 184
0 1 2 9 16 6 160
0 1 2 9 5 17 178
0 1 2 8 22 1 160
0 1 2 8 11 12 167
0 1 2 8 0 23 168
0 1 2 7 17 7 187
0 1 2 7 6 18 143
0 1 2 6 23 2 61
0 1 2 6 12 13 51
0 1 2 6 1 24 128
0 1 2 5 18 8 81
0 1 2 5 7 19 76
0 1 2 4 24 3 139
0 1 2 4 13 14 115
0 1 2 4 2 25 68
0 1 2 3 19 9 192
0 1 2 3 8 20 58
0 1 2 2 25 4 44
0 1 2 2 14 15 65
0 1 2 2 3 26 82
0 1 2 1 20 10 42
0 1 2 1 9 21 109
0 1 2 0 26 5 13
0 1 2 0 15 16 23
0 1 2 0 4 27 164
0 1 1 27 5 0 187
0 1 1 26 0 6 83
0 1 1 25 6 1 21
0 1 1 24 1 7 188
0 1 1 23 7 2 12
0 1 1 22 2 8 107
0 1 1 21 8 3 60
0 1 1 20 3 9 68
0 1 1 19 9 4 144
0 1 1 18 4 10 120
0 1 1 17 10 5 140
0 1 1 16 16 0 155
0 1 1 16 5 11 54
0 1 1 15 11 6 168
0 1 1 15 0 17 171
0 1 1 14 17 1 48
0 1 1 14 6 12 104
0 1 1 13 12 7 186
0 1 1 13 1 18 55
0 1 1 12 18 2 96
0 1 1 12 7 13 155
0 1 1 11 13 8 142
0 1 1 11 2 19 129
0 1 1 10 19 3 80
0 1 1 10 8 14 148
0 1 1 9 14 9 146
0 1 1 9 3 20 178
0 1 1 8 20 4 105
0 1 1 8 9 15 128
0 1 1 7 15 10 175
0 1 1 7 4 21 192
0 1 1 6 21 5 110
0 1 1 6 10 16 58
0 1 1 5 27 0 168
0 1 1 5 16 11 125
0 1 1 5 5 22 89
0 1 1 4 22 6 64
0 1 1 4 11 17 50
0 1 1 4 0 28 45
0 1 1 3 28 1 31
0 1 1 3 17 12 40
0 1 1 3 6 23 130
0 1 1 2 23 7 14
0 1 1 2 12 18 93
0 1 1 2 1 29 164
0 1 1 1 29 2 110
0 1 1 1 18 13 23
0 1 1 1 7 24 184
0 1 1 0 24 8 193
0 1 1 0 13 19 145
0 1 1 0 2 30 132
0 1 0 31 1 1 137
0 1 0 29 2 2 91
0 1 0 27 3 3 122
0 1 0 25 4 4 113
0 1 0 23 5 5 133
0 1 0 22 11 0 72
0 1 0 22 0 11 198
0 1 0 21 6 6 85
0 1 0 20 12 1 174
0 1 0 20 1 12 96
0 1 0 19 7 7 30
0 1 0 18 13 2 153
0 1 0 18 2 13 5
0 1 0 17 8 8 168
0 1 0 16 14 3 28
0 1 0 16 3 14 196
0 1 0 15 9 9 185
0 1 0 14 15 4 107
0 1 0 14 4 15 38
0 1 0 13 10 10 106
0 1 0 12 16 5 45
0 1 0 12 5 16 150
0 1 0 11 22 0 110
0 1 0 11 11 11 183
0 1 0 11 0 22 169
0 1 0 10 17 6 103
0 1 0 10 6 17 95
0 1 0 9 23 1 97
0 1 0 9 12 12 145
0 1 0 9 1 23 91
0 1 0 8 18 7 65
0 1 0 8 7 18 54
0 1 0 7 24 2 56
0 1 0 7 13 13 93
0 1 0 7 2 24 122
0 1 0 6 19 8 111
0 1 0 6 8 19 157
0 1 0 5 25 3 116
0 1 0 5 14 14 114
0 1 0 5 3 25 78
0 1 0 4 20 9 1
0 1 0 4 9 20 61
0 1 0 3 26 4 89
0 1 0 3 15 15 170
0 1 0 3 4 26 183
0 1 0 2 21 10 151
0 1 0 2 10 21 145
0 1 0 1 27 5 181
0 1 0 1 16 16 100
0 1 0 1 5 27 57
0 1 0 0 33 0 162
0 1 0 0 22 11 42
0 1 0 0 11 22 54
0 0 32 0 0 2 1
0 0 30 3 0 1 197
0 0 30 1 1 2 96
0 0 29 0 5 0 48
0 0 28 6 0 0 139
0 0 28 4 1 1 84
0 0 28 2 2 2 175
0 0 28 0 3 3 82
0 0 27 2 0 5 68
0 0 27 1 6 0 190
0 0 27 0 1 6 47
0 0 26 7 1 0 98
0 0 26 5 2 1 121
0 0 26 3 3 2 35
0 0 26 1 4 3 112
0 0 25 5 0 4 82
0 0 25 3 1 5 87
0 0 25 2 7 0 147
0 0 25 1 2 6 13
0 0 25 0 8 1 113
0 0 24 8 2 0 107
0 0 24 6 3 1 9
0 0 24 4 4 2 186
0 0 24 2 5 3 148
0 0 24 1 0 9 196
0 0 24 0 6 4 104
0 0 23 8 0 3 62
0 0 23 6 1 4 40
0 0 23 4 2 5 136
0 0 23 3 8 0 94
0 0 23 2 3 6 21
0 0 23 1 9 1 54
0 0 23 0 4 7 27
0 0 22 9 3 0 65
0 0 22 7 4 1 75
0 0 22 5 5 2 175
0 0 22 4 0 8 7
0 0 22 3 6 3 74
0 0 22 2 1 9 81
0 0 22 1 7 4 115
0 0 22 0 2 10 46
0 0 21 11 0 2 10
0 0 21 9 1 3 57
0 0 21 7 2 4 137
0 0 21 5 3 5 14
0 0 21 4 9 0 134
0 0 21 3 4 6 131
0 0 21 2 10 1 153
0 0 21 1 5 7 170
0 0 21 0 11 2 11
0 0 21 0 0 13 180
0 0 20 10 4 0 77
0 0 20 8 5 1 167
0 0 20 7 0 7 126
0 0 20 6 6 2 140
0 0 20 5 1 8 111
0 0 20 4 7 3 196
0 0 20 3 2 9 55
0 0 20 2 8 4 135
0 0 20 1 3 10 52
0 0 20 0 9 5 113
0 0 19 14 0 1 87
0 0 19 12 1 2 182
0 0 19 10 2 3 81
0 0 19 8 3 4 146
0 0 19 6 4 5 170
0 0 19 5 10 0 196
0 0 19 4 5 6 144
0 0 19 3 11 1 8
0 0 19 3 0 12 139
0 0 19 2 6 7 123
0 0 19 1 12 2 120
0 0 19 1 1 13 37
0 0 19 0 7 8 42
0 0 18 11 5 0 126
0 0 18 10 0 6 2
0 0 18 9 6 1 196
0 0 18 8 1 7 141
0 0 18 7 7 2 28
0 0 18 6 2 8 89
0 0 18 5 8 3 184
0 0 18 4 3 9 41
0 0 18 3 9 4 53
0 0 18 2 4 10 106
0 0 18 1 10 5 63
0 0 18 0 16 0 2
0 0 18 0 5 11 122
0 0 17 17 0 0 189
0 0 17 15 1 1 73
0 0 17 13 2 2 33
0 0 17 11 3 3 127
0 0 17 9 4 4 137
0 0 17 7 5 5 102
0 0 17 6 11 0 49
0 0 17 6 0 11 24
0 0 17 5 6 6 185
0 0 17 4 12 1 60
0 0 17 4 1 12 58
0 0 17 3 7 7 175
0 0 17 2 13 2 145
0 0 17 2 2 13 12
0 0 17 1 8 8 81
0 0 17 0 14 3 125
0 0 17 0 3 14 181
0 0 16 13 0 5 4
0 0 16 12 6 0 179
0 0 16 11 1 6 12
0 0 16 10 7 1 179
0 0 16 9 2 7 157
0 0 16 8 8 2 72
0 0 16 7 3 8 7
0 0 16 6 9 3 74
0 0 16 5 4 9 187
0 0 16 4 10 4 20
0 0 16 3 5 10 189
0 0 16 2 11 5 55
0 0 16 2 0 16 194
0 0 16 1 17 0 120
0 0 16 1 6 11 179
0 0 16 0 12 6 167
0 0 16 0 1 17 182
0 0 15 18 1 0 58
0 0 15 16 2 1 20
0 0 15 14 3 2 45
0 0 15 12 4 3 150
0 0 15 10 5 4 132
0 0 15 9 0 10 36
0 0 15 8 6 5 136
0 0 15 7 12 0 14
0 0 15 7 1 11 190
0 0 15 6 7 6 52
0 0 15 5 13 1 9
0 0 15 5 2 12 50
0 0 15 4 8 7 31
0 0 15 3 14 2 198
0 0 15 3 3 13 168
0 0 15 2 9 8 164
0 0 15 1 15 3 93
0 0 15 1 4 14 85
0 0 15 0 10 9 123
0 0 14 16 0 4 31
0 0 14 14 1 5 126
0 0 14 13 7 0 163
0 0 14 12 2 6 115
0 0 14 11 8 1 108
0 0 14 10 3 7 153
0 0 14 9 9 2 83
0 0 14 8 4 8 186
0 0 14 7 10 3 98
0 0 14 6 5 9 124
0 0 14 5 11 4 158
0 0 14 5 0 15 2
0 0 14 4 6 10 10
0 0 14 3 12 5 120
0 0 14 3 1 16 40
0 0 14 2 18 0 79
0 0 14 2 7 11 133
0 0 14 1 13 6 169
0 0 14 1 2 17 49
0 0 14 0 19 1 139
0 0 14 0 8 12 29
0 0 13 19 2 0 5
0 0 13 17 3 1 59
0 0 13 15 4 2 157
0 0 13 13 5 3 48
0 0 13 12 0 9 72
0 0 13 11 6 4 83
0 0 13 10 1 10 191
0 0 13 9 7 5 48
0 0 13 8 13 0 112
0 0 13 8 2 11 33
0 0 13 7 8 6 155
0 0 13 6 14 1 137
0 0 13 6 3 12 71
0 0 13 5 9 7 5
0 0 13 4 15 2 12
0 0 13 4 4 13 60
0 0 13 3 10 8 145
0 0 13 2 16 3 185
0 0 13 2 5 14 69
0 0 13 1 11 9 113
0 0 13 1 0 20 138
0 0 13 0 17 4 162
0 0 13 0 6 15 62
0 0 12 19 0 3 81
0 0 12 17 1 4 12
0 0 12 15 2 5 166
0 0 12 14 8 0 16
0 0 12 13 3 6 156
0 0 12 12 9 1 19
0 0 12 11 4 7 122
0 0 12 10 10 2 16
0 0 12 9 5 8 178
0 0 12 8 11 3 6
0 0 12 8 0 14 165
0 0 12 7 6 9 194
0 0 12 6 12 4 64
0 0 12 6 1 15 47
0 0 12 5 7 10 63
0 0 12 4 13 5 44
0 0 12 4 2 16 120
0 0 12 3 19 0 119
0 0 12 3 8 11 133
0 0 12 2 14 6 115
0 0 12 2 3 17 194
0 0 12 1 20 1 73
0 0 12 1 9 12 65
0 0 12 0 15 7 17
0 0 12 0 4 18 100
0 0 11 20 3 0 159
0 0 11 18 4 1 45
0 0 11 16 5 2 193
0 0 11 15 0 8 64
0 0 11 14 6 3 100
0 0 11 13 1 9 24
0 0 11 12 7 4 183
0 0 11 11 2 10 66
0 0 11 10 8 5 74
0 0 11 9 14 0 18
0 0 11 9 3 11 50
0 0 11 8 9 6 57
0 0 11 7 15 1 97
0 0 11 7 4 12 143
0 0 11 6 10 7 61
0 0 11 5 16 2 188
0 0 11 5 5 13 34
0 0 11 4 11 8 116
0 0 11 4 0 19 198
0 0 11 3 17 3 167
0 0 11 3 6 14 149
0 0 11 2 12 9 25
0 0 11 2 1 20 9
0 0 11 1 18 4 116
0 0 11 1 7 15 39
0 0 11 0 13 10 166
0 0 11 0 2 21 100
0 0 10 22 0 2 154
0 0 10 20 1 3 36
0 0 10 18 2 4 143
0 0 10 16 3 5 172
0 0 10 15 9 0 155
0 0 10 14 4 6 134
0 0 10 13 10 1 117
0 0 10 12 5 7 15
0 0 10 11 11 2 25
0 0 10 11 0 13 9
0 0 10 10 6 8 137
0 0 10 9 12 3 78
0 0 10 9 1 14 171
0 0 10 8 7 9 11
0 0 10 7 13 4 40
0 0 10 7 2 15 142
0 0 10 6 8 10 128
0 0 10 5 14 5 179
0 0 10 5 3 16 155
0 0 10 4 20 0 132
0 0 10 4 9 11 60
0 0 10 3 15 6 144
0 0 10 3 4 17 161
0 0 10 2 21 1 81
0 0 10 2 10 12 158
0 0 10 1 16 7 169
0 0 10 1 5 18 156
0 0 10 0 22 2 176
0 0 10 0 11 13 110
0 0 10 0 0 24 147
0 0 9 21 4 0 49
0 0 9 19 5 1 76
0 0 9 18 0 7 28
0 0 9 17 6 2 42
0 0 9 16 1 8 180
0 0 9 15 7 3 142
0 0 9 14 2 9 97
0 0 9 13 8 4 102
0 0 9 12 3 10 94
0 0 9 11 9 5 125
0 0 9 10 15 0 164
0 0 9 10 4 11 143
0 0 9 9 10 6 107
0 0 9 8 16 1 171
0 0 9 8 5 12 76
0 0 9 7 11 7 175
0 0 9 7 0 18 186
0 0 9 6 17 2 152
0 0 9 6 6 13 102
0 0 9 5 12 8 177
0 0 9 5 1 19 140
0 0 9 4 18 3 161
0 0 9 4 7 14 58
0 0 9 3 13 9 64
0 0 9 3 2 20 51
0 0 9 2 19 4 190
0 0 9 2 8 15 10
0 0 9 1 14 10 19
0 0 9 1 3 21 4
0 0 9 0 20 5 162
0 0 9 0 9 16 44
0 0 8 25 0 1 171
0 0 8 23 1 2 167
0 0 8 21 2 3 25
0 0 8 19 3 4 145
0 0 8 17 4 5 185
0 0 8 16 10 0 184
0 0 8 15 5 6 156
0 0 8 14 11 1 62
0 0 8 14 0 12 142
0 0 8 13 6 7 27
0 0 8 12 12 2 10
0 0 8 12 1 13 113
0 0 8 11 7 8 6
0 0 8 10 13 3 4
0 0 8 10 2 14 26
0 0 8 9 8 9 51
0 0 8 8 14 4 118
0 0 8 8 3 15 156
0 0 8 7 9 10 98
0 0 8 6 15 5 134
0 0 8 6 4 16 14
0 0 8 5 21 0 78
0 0 8 5 10 11 109
0 0 8 4 16 6 36
0 0 8 4 5 17 69
0 0 8 3 22 1 198
0 0 8 3 11 12 135
0 0 8 3 0 23 170
0 0 8 2 17 7 63
0 0 8 2 6 18 17
0 0 8 1 23 2 129
0 0 8 1 12 13 161
0 0 8 1 1 24 44
0 0 8 0 18 8 71
0 0 8 0 7 19 50
0 0 7 22 5 0 46
0 0 7 21 0 6 81
0 0 7 20 6 1 170
0 0 7 19 1 7 181
0 0 7 18 7 2 131
0 0 7 17 2 8 114
0 0 7 16 8 3 195
0 0 7 15 3 9 163
0 0 7 14 9 4 108
0 0 7 13 4 10 85
0 0 7 12 10 5 171
0 0 7 11 16 0 129
0 0 7 11 5 11 136
0 0 7 10 11 6 48
0 0 7 10 0 17 108
0 0 7 9 17 1 56
0 0 7 9 6 12 181
0 0 7 8 12 7 24
0 0 7 8 1 18 70
0 0 7 7 18 2 64
0 0 7 7 7 13 177
0 0 7 6 13 8 37
0 0 7 6 2 19 182
0 0 7 5 19 3 99
0 0 7 5 8 14 187
0 0 7 4 14 9 193
0 0 7 4 3 20 36
0 0 7 3 20 4 12
0 0 7 3 9 15 89
0 0 7 2 15 10 113
0 0 7 2 4 21 54
0 0 7 1 21 5 172
0 0 7 1 10 16 137
0 0 7 0 27 0 69
0 0 7 0 16 11 86
0 0 7 0 5 22 83
0 0 6 28 0 0 70
0 0 6 26 1 1 156
0 0 6 24 2 2 7
0 0 6 22 3 3 23
0 0 6 20 4 4 29
0 0 6 18 5 5 46
0 0 6 17 11 0 174
0 0 6 17 0 11 125
0 0 6 16 6 6 19
0 0 6 15 12 1 113
0 0 6 15 1 12 91
0 0 6 14 7 7 83
0 0 6 13 13 2 173
0 0 6 13 2 13 47
0 0 6 12 8 8 10
0 0 6 11 14 3 69
0 0 6 11 3 14 88
0 0 6 10 9 9 177
0 0 6 9 15 4 169
0 0 6 9 4 15 198
0 0 6 8 10 10 135
0 0 6 7 16 5 115
0 0 6 7 5 16 105
0 0 6 6 22 0 172
0 0 6 6 11 11 55
0 0 6 6 0 22 50
0 0 6 5 17 6 73
0 0 6 5 6 17 191
0 0 6 4 23 1 37
0 0 6 4 12 12 163
0 0 6 4 1 23 78
0 0 6 3 18 7 106
0 0 6 3 7 18 57
0 0 6 2 24 2 54
0 0 6 2 13 13 111
0 0 6 2 2 24 67
0 0 6 1 19 8 160
0 0 6 1 8 19 175
0 0 6 0 25 3 38
0 0 6 0 14 14 158
0 0 6 0 3 25 28
0 0 5 24 0 5 131
0 0 5 23 6 0 179
0 0 5 22 1 6 34
0 0 5 21 7 1 97
0 0 5 20 2 7 56
0 0 5 19 8 2 108
0 0 5 18 3 8 136
0 0 5 17 9 3 164
0 0 5 16 4 9 49
0 0 5 15 10 4 47
0 0 5 14 5 10 9
0 0 5 13 11 5 67
0 0 5 13 0 16 133
0 0 5 12 17 0 34
0 0 5 12 6 11 132
0 0 5 11 12 6 48
0 0 5 11 1 17 2
0 0 5 10 18 1 173
0 0 5 10 7 12 56
0 0 5 9 13 7 20
0 0 5 9 2 18 169
0 0 5 8 19 2 159
0 0 5 8 8 13 57
0 0 5 7 14 8 82
0 0 5 7 3 19 121
0 0 5 6 20 3 111
0 0 5 6 9 14 125
0 0 5 5 15 9 53
0 0 5 5 4 20 135
0 0 5 4 21 4 13
0 0 5 4 10 15 117
0 0 5 3 16 10 13
0 0 5 3 5 21 159
0 0 5 2 22 5 102
0 0 5 2 11 16 54
0 0 5 2 0 27 186
0 0 5 1 28 0 88
0 0 5 1 17 11 4
0 0 5 1 6 22 72
0 0 5 0 23 6 111
0 0 5 0 12 17 124
0 0 5 0 1 28 88
0 0 4 29 1 0 124
0 0 4 27 2 1 93
0 0 4 25 3 2 141
0 0 4 23 4 3 137
0 0 4 21 5 4 118
0 0 4 20 0 10 92
0 0 4 18 12 0 99
0 0 4 18 1 11 48
0 0 4 17 7 6 9
0 0 4 16 13 1 170
0 0 4 16 2 12 82
0 0 4 15 8 7 2
0 0 4 14 14 2 52
0 0 4 14 3 13 95
0 0 4 13 9 8 89
0 0 4 12 15 3 36
0 0 4 12 4 14 14
0 0 4 11 10 9 86
0 0 4 10 16 4 38
0 0 4 10 5 15 93
0 0 4 9 11 10 68
0 0 4 9 0 21 192
0 0 4 8 17 5 184
0 0 4 8 6 16 150
0 0 4 7 23 0 73
0 0 4 7 12 11 168
0 0 4 7 1 22 14
0 0 4 6 18 6 173
0 0 4 6 7 17 20
0 0 4 5 24 1 179
0 0 4 5 13 12 126
0 0 4 5 2 23 34
0 0 4 4 19 7 114
0 0 4 4 8 18 191
0 0 4 3 25 2 13
0 0 4 3 14 13 177
0 0 4 3 3 24 124
0 0 4 2 20 8 96
0 0 4 2 9 19 139
0 0 4 1 26 3 22
0 0 4 1 15 14 15
0 0 4 1 4 25 145
0 0 4 0 21 9 102
0 0 4 0 10 20 191
0 0 3 27 0 4 76
0 0 3 25 1 5 19
0 0 3 24 7 0 32
0 0 3 23 2 6 74
0 0 3 22 8 1 26
0 0 3 21 3 7 50
0 0 3 20 9 2 64
0 0 3 19 4 8 176
0 0 3 18 10 3 48
0 0 3 17 5 9 78
0 0 3 16 11 4 131
0 0 3 16 0 15 42
0 0 3 15 6 10 194
0 0 3 14 12 5 3
0 0 3 14 1 16 164
0 0 3 13 18 0 167
0 0 3 13 7 11 24
0 0 3 12 13 6 18
0 0 3 12 2 17 27
0 0 3 11 19 1 90
0 0 3 11 8 12 53
0 0 3 10 14 7 135
0 0 3 10 3 18 20
0 0 3 9 20 2 4
0 0 3 9 9 13 86
0 0 3 8 15 8 157
0 0 3 8 4 19 144
0 0 3 7 21 3 157
0 0 3 7 10 14 161
0 0 3 6 16 9 136
0 0 3 6 5 20 82
0 0 3 5 22 4 161
0 0 3 5 11 15 86
0 0 3 5 0 26 187
0 0 3 4 17 10 54
0 0 3 4 6 21 36
0 0 3 3 23 5 193
0 0 3 3 12 16 114
0 0 3 3 1 27 128
0 0 3 2 29 0 56
0 0 3 2 18 11 35
0 0 3 2 7 22 122
0 0 3 1 24 6 17
0 0 3 1 13 17 63
0 0 3 1 2 28 107
0 0 3 0 30 1 174
0 0 3 0 19 12 163
0 0 3 0 8 23 169
0 0 2 30 2 0 62
0 0 2 28 3 1 116
0 0 2 26 4 2 56
0 0 2 24 5 3 137
0 0 2 23 0 9 135
0 0 2 22 6 4 155
0 0 2 21 1 10 94
0 0 2 20 7 5 99
0 0 2 19 13 0 193
0 0 2 19 2 11 130
0 0 2 18 8 6 49
0 0 2 17 14 1 168
0 0 2 17 3 12 69
0 0 2 16 9 7 93
0 0 2 15 15 2 43
0 0 2 15 4 13 139
0 0 2 14 10 8 73
0 0 2 13 16 3 29
0 0 2 13 5 14 125
0 0 2 12 11 9 108
0 0 2 12 0 20 146
0 0 2 11 17 4 161
0 0 2 11 6 15 149
0 0 2 10 12 10 170
0 0 2 10 1 21 17
0 0 2 9 18 5 170
0 0 2 9 7 16 131
0 0 2 8 24 0 58
0 0 2 8 13 11 132
0 0 2 8 2 22 5
0 0 2 7 19 6 67
0 0 2 7 8 17 9
0 0 2 6 25 1 121
0 0 2 6 14 12 81
0 0 2 6 3 23 118
0 0 2 5 20 7 48
0 0 2 5 9 18 37
0 0 2 4 26 2 197
0 0 2 4 15 13 45
0 0 2 4 4 24 128
0 0 2 3 21 8 132
0 0 2 3 10 19 162
0 0 2 2 27 3 177
0 0 2 2 16 14 61
0 0 2 2 5 25 150
0 0 2 1 22 9 77
0 0 2 1 11 20 13
0 0 2 1 0 31 148
0 0 2 0 28 4 6
0 0 2 0 17 15 178
0 0 2 0 6 26 180
0 0 1 30 0 3 27
0 0 1 28 1 4 17
0 0 1 26 2 5 9
0 0 1 25 8 0 6
0 0 1 24 3 6 29
0 0 1 23 9 1 103
0 0 1 22 4 7 77
0 0 1 21 10 2 68
0 0 1 20 5 8 4
0 0 1 19 11 3 70
0 0 1 19 0 14 190
0 0 1 18 6 9 50
0 0 1 17 12 4 184
0 0 1 17 1 15 21
0 0 1 16 7 10 173
0 0 1 15 13 5 80
0 0 1 15 2 16 183
0 0 1 14 19 0 113
0 0 1 14 8 11 110
0 0 1 13 14 6 190
0 0 1 13 3 17 5
0 0 1 12 20 1 131
0 0 1 12 9 12 198
0 0 1 11 15 7 172
0 0 1 11 4 18 44
0 0 1 10 21 2 180
0 0 1 10 10 13 97
0 0 1 9 16 8 197
0 0 1 9 5 19 6
0 0 1 8 22 3 52
0 0 1 8 11 14 78
0 0 1 8 0 25 58
0 0 1 7 17 9 14
0 0 1 7 6 20 71
0 0 1 6 23 4 190
0 0 1 6 12 15 47
0 0 1 6 1 26 29
0 0 1 5 18 10 43
0 0 1 5 7 21 83
0 0 1 4 24 5 101
0 0 1 4 13 16 64
0 0 1 4 2 27 121
0 0 1 3 30 0 196
0 0 1 3 19 11 2
0 0 1 3 8 22 142
0 0 1 2 25 6 115
0 0 1 2 14 17 85
0 0 1 2 3 28 158
0 0 1 1 31 1 27
0 0 1 1 20 12 32
0 0 1 1 9 23 61
0 0 1 0 26 7 154
0 0 1 0 15 18 150
0 0 1 0 4 29 125
0 0 0 29 4 1 60
0 0 0 27 5 2 11
0 0 0 26 0 8 2
0 0 0 25 6 3 174
0 0 0 24 1 9 97
0 0 0 23 7 4 35
0 0 0 22 2 10 86
0 0 0 21 8 5 5
0 0 0 20 14 0 105
0 0 0 20 3 11 126
0 0 0 19 9 6 115
0 0 0 18 15 1 129
0 0 0 18 4 12 144
0 0 0 17 10 7 84
0 0 0 16 16 2 99
0 0 0 16 5 13 184
0 0 0 15 11 8 144
0 0 0 15 0 19 70
0 0 0 14 17 3 123
0 0 0 14 6 14 75
0 0 0 13 12 9 87
0 0 0 13 1 20 110
0 0 0 12 18 4 98
0 0 0 12 7 15 32
0 0 0 11 13 10 194
0 0 0 11 2 21 127
0 0 0 10 19 5 170
0 0 0 10 8 16 61
0 0 0 9 25 0 129
0 0 0 9 14 11 132
0 0 0 9 3 22 149
0 0 0 8 20 6 47
0 0 0 8 9 17 99
0 0 0 7 26 1 141
0 0 0 7 15 12 89
0 0 0 7 4 23 67
0 0 0 6 21 7 44
0 0 0 6 10 18 145
0 0 0 5 27 2 129
0 0 0 5 16 13 98
0 0 0 5 5 24 2
0 0 0 4 22 8 195
0 0 0 4 11 19 185
0 0 0 4 0 30 10
0 0 0 3 28 3 92
0 0 0 3 17 14 123
0 0 0 3 6 25 42
0 0 0 2 23 9 28
0 0 0 2 12 20 6
0 0 0 2 1 31 67
0 0 0 1 29 4 44
0 0 0 1 18 15 116
0 0 0 1 7 26 14
0 0 0 0 24 10 143
0 0 0 0 13 21 59
1 31 2 1 0 0 12
1 31 0 2 1 0 148
1 31 0 0 2 1 67
1 30 1 1 0 2 132
1 30 0 0 4 0 10
1 29 3 2 0 0 193
1 29 3 0 1 1 106
1 29 1 3 1 0 104
1 29 1 1 2 1 164
1 29 0 1 0 4 125
1 28 3 0 3 0 109
1 28 2 2 0 2 191
1 28 2 0 1 3 38
1 28 1 1 4 0 45
1 28 0 5 0 1 88
1 28 0 3 1 2 107
1 28 0 1 2 3 158
1 27 6 0 0 1 132
1 27 4 3 0 0 136
1 27 4 1 1 1 189
1 27 2 4 1 0 76
1 27 2 2 2 1 66
1 27 2 0 3 2 105
1 27 1 2 0 4 164
1 27 1 0 1 5 57
1 27 0 5 2 0 186
1 27 0 3 3 1 128
1 27 0 1 4 2 121
1 26 6 0 2 0 186
1 26 5 0 0 3 37
1 26 4 1 3 0 87
1 26 3 3 0 2 3
1 26 3 1 1 3 23
1 26 2 2 4 0 184
1 26 2 0 5 1 166
1 26 1 6 0 1 96
1 26 1 4 1 2 144
1 26 1 2 2 3 82
1 26 1 0 3 4 183
1 26 0 3 5 0 187
1 26 0 2 0 6 180
1 26 0 1 6 1 29
1 26 0 0 1 7 14
1 25 7 1 0 1 120
1 25 5 4 0 0 171
1 25 5 2 1 1 188
1 25 5 0 2 2 159
1 25 4 0 0 5 38
1 25 3 5 1 0 83
1 25 3 3 2 1 154
1 25 3 1 3 2 137
1 25 2 3 0 4 72
1 25 2 1 1 5 17
1 25 2 0 7 0 22
1 25 1 6 2 0 82
1 25 1 4 3 1 20
1 25 1 2 4 2 68
1 25 1 0 5 3 78
1 25 0 6 0 3 28
1 25 0 4 1 4 145
1 25 0 2 2 5 150
1 25 0 1 8 0 58
1 25 0 0 3 6 42
1 24 9 0 1 0 113
1 24 7 1 2 0 195
1 24 6 1 0 3 120
1 24 5 2 3 0 80
1 24 5 0 4 1 81
1 24 4 4 0 2 1
1 24 4 2 1 3 84
1 24 4 0 2 4 139
1 24 3 3 4 0 21
1 24 3 1 5 1 16
1 24 3 0 0 7 185
1 24 2 7 0 1 85
1 24 2 5 1 2 34
1 24 2 3 2 3 46
1 24 2 1 3 4 151
1 24 1 4 5 0 74
1 24 1 3 0 6 16
1 24 1 2 6 1 128
1 24 1 1 1 7 184
1 24 1 0 7 2 122
1 24 0 10 0 0 147
1 24 0 8 1 1 44
1 24 0 6 2 2 67
1 24 0 4 3 3 124
1 24 0 2 4 4 128
1 24 0 0 5 5 2
1 23 8 2 0 1 43
1 23 8 0 1 2 151
1 23 6 5 0 0 28
1 23 6 3 1 1 157
1 23 6 1 2 2 153
1 23 5 1 0 5 98
1 23 5 0 6 0 184
1 23 4 6 1 0 176
1 23 4 4 2 1 21
1 23 4 2 3 2 12
1 23 4 0 4 3 194
1 23 3 4 0 4 49
1 23 3 2 1 5 68
1 23 3 1 7 0 61
1 23 3 0 2 6 87
1 23 2 7 2 0 155
1 23 2 5 3 1 117
1 23 2 3 4 2 123
1 23 2 1 5 3 167
1 23 2 0 0 9 45
1 23 1 7 0 3 95
1 23 1 5 1 4 169
1 23 1 3 2 5 48
1 23 1 2 8 0 168
1 23 1 1 3 6 130
1 23 1 0 9 1 91
1 23 0 8 3 0 170
1 23 0 6 4 1 78
1 23 0 4 5 2 34
1 23 0 3 0 8 169
1 23 0 2 6 3 118
1 23 0 1 1 9 61
1 23 0 0 7 4 67
1 22 12 0 0 0 120
1 22 10 1 1 0 137
1 22 8 2 2 0 84
1 22 8 0 3 1 10
1 22 7 2 0 3 67
1 22 7 0 1 4 27
1 22 6 3 3 0 178
1 22 6 1 4 1 89
1 22 5 5 0 2 25
1 22 5 3 1 3 59
1 22 5 1 2 4 20
1 22 4 4 4 0 151
1 22 4 2 5 1 60
1 22 4 1 0 7 146
1 22 4 0 6 2 32
1 22 3 8 0 1 149
1 22 3 6 1 2 31
1 22 3 4 2 3 31
1 22 3 2 3 4 177
1 22 3 0 4 5 14
1 22 2 5 5 0 27
1 22 2 4 0 6 35
1 22 2 3 6 1 73
1 22 2 2 1 7 66
1 22 2 1 7 2 129
1 22 2 0 2 8 196
1 22 1 11 0 0 111
1 22 1 9 1 1 1
1 22 1 7 2 2 171
1 22 1 5 3 3 80
1 22 1 3 4 4 114
1 22 1 1 5 5 89
1 22 1 0 11 0 169
1 22 1 0 0 11 54
1 22 0 7 0 5 83
1 22 0 6 6 0 50
1 22 0 5 1 6 72
1 22 0 4 7 1 14
1 22 0 3 2 7 122
1 22 0 2 8 2 5
1 22 0 1 3 8 142
1 22 0 0 9 3 149
1 21 11 0 0 2 153
1 21 9 3 0 1 167
1 21 9 1 1 2 71
1 21 8 0 5 0 53
1 21 7 6 0 0 29
1 21 7 4 1 1 179
1 21 7 2 2 2 77
1 21 7 0 3 3 112
1 21 6 2 0 5 135
1 21 6 1 6 0 27
1 21 6 0 1 6 150
1 21 5 7 1 0 167
1 21 5 5 2 1 163
1 21 5 3 3 2 186
1 21 5 1 4 3 195
1 21 4 5 0 4 103
1 21 4 3 1 5 185
1 21 4 2 7 0 154
1 21 4 1 2 6 24
1 21 4 0 8 1 55
1 21 3 8 2 0 45
1 21 3 6 3 1 77
1 21 3 4 4 2 159
1 21 3 2 5 3 168
1 21 3 1 0 9 138
1 21 3 0 6 4 182
1 21 2 8 0 3 49
1 21 2 6 1 4 23
1 21 2 4 2 5 170
1 21 2 3 8 0 185
1 21 2 2 3 6 35
1 21 2 1 9 1 197
1 21 2 0 4 7 28
1 21 1 9 3 0 165
1 21 1 7 4 1 83
1 21 1 5 5 2 36
1 21 1 4 0 8 77
1 21 1 3 6 3 147
1 21 1 2 1 9 109
1 21 1 1 7 4 192
1 21 1 0 2 10 145
1 21 0 11 0 2 100
1 21 0 9 1 3 4
1 21 0 7 2 4 54
1 21 0 5 3 5 159
1 21 0 4 9 0 192
1 21 0 3 4 6 36
1 21 0 2 10 1 17
1 21 0 1 5 7 83
1 21 0 0 11 2 127
1 21 0 0 0 13 59
1 20 13 1 0 0 63
1 20 11 2 1 0 195
1 20 11 0 2 1 48
1 20 10 0 0 4 92
1 20 9 3 2 0 54
1 20 9 1 3 1 10
1 20 8 3 0 3 86
1 20 8 1 1 4 79
1 20 7 4 3 0 2
1 20 7 0 5 2 79
1 20 6 6 0 2 7
1 20 6 4 1 3 171
1 20 6 2 2 4 144
1 20 6 0 3 5 132
1 20 5 5 4 0 195
1 20 5 3 5 1 103
1 20 5 2 0 7 70
1 20 5 1 6 2 190
1 20 5 0 1 8 92
1 20 4 9 0 1 25
1 20 4 7 1 2 15
1 20 4 5 2 3 102
1 20 4 3 3 4 20
1 20 4 1 4 5 146
1 20 4 0 10 0 49
1 20 3 6 5 0 134
1 20 3 5 0 6 97
1 20 3 4 6 1 95
1 20 3 3 1 7 35
1 20 3 2 7 2 114
1 20 3 1 2 8 150
1 20 3 0 8 3 45
1 20 2 12 0 0 150
1 20 2 10 1 1 113
1 20 2 8 2 2 42
1 20 2 6 3 3 34
1 20 2 4 4 4 173
1 20 2 2 5 5 95
1 20 2 1 11 0 150
1 20 2 1 0 11 1
1 20 2 0 6 6 185
1 20 1 8 0 5 166
1 20 1 7 6 0 125
1 20 1 6 1 6 33
1 20 1 5 7 1 38
1 20 1 4 2 7 39
1 20 1 3 8 2 64
1 20 1 2 3 8 58
1 20 1 1 9 3 178
1 20 1 0 4 9 61
1 20 0 13 1 0 138
1 20 0 11 2 1 9
1 20 0 9 3 2 51
1 20 0 7 4 3 36
1 20 0 5 5 4 135
1 20 0 4 0 10 191
1 20 0 3 6 5 82
1 20 0 2 12 0 146
1 20 0 2 1 11 13
1 20 0 1 7 6 71
1 20 0 0 13 1 110
1 20 0 0 2 12 6
1 19 12 1 0 2 33
1 19 11 0 4 0 163
1 19 10 4 0 1 164
1 19 10 2 1 2 190
1 19 10 0 2 3 175
1 19 9 1 5 0 84
1 19 9 0 0 6 58
1 19 8 7 0 0 118
1 19 8 5 1 1 70
1 19 8 3 2 2 123
1 19 8 1 3 3 18
1 19 7 3 0 5 50
1 19 7 2 6 0 38
1 19 7 1 1 6 68
1 19 7 0 7 1 104
1 19 6 8 1 0 45
1 19 6 6 2 1 194
1 19 6 4 3 2 141
1 19 6 2 4 3 51
1 19 6 0 5 4 174
1 19 5 6 0 4 182
1 19 5 4 1 5 111
1 19 5 3 7 0 103
1 19 5 2 2 6 93
1 19 5 1 8 1 132
1 19 5 0 3 7 129
1 19 4 9 2 0 142
1 19 4 7 3 1 91
1 19 4 5 4 2 123
1 19 4 3 5 3 25
1 19 4 2 0 9 17
1 19 4 1 6 4 106
1 19 4 0 1 10 195
1 19 3 9 0 3 81
1 19 3 7 1 4 113
1 19 3 5 2 5 24
1 19 3 4 8 0 41
1 19 3 3 3 6 97
1 19 3 2 9 1 127
1 19 3 1 4 7 105
1 19 3 0 10 2 35
1 19 2 10 3 0 81
1 19 2 8 4 1 145
1 19 2 6 5 2 12
1 19 2 5 0 8 113
1 19 2 4 6 3 12
1 19 2 3 1 9 51
1 19 2 2 7 4 3
1 19 2 1 2 10 107
1 19 2 0 8 5 89
1 19 1 12 0 2 127
1 19 1 10 1 3 17
1 19 1 8 2 4 183
1 19 1 6 3 5 131
1 19 1 5 9 0 181
1 19 1 4 4 6 123
1 19 1 3 10 1 31
1 19 1 2 5 7 76
1 19 1 1 11 2 129
1 19 1 1 0 13 145
1 19 1 0 6 8 157
1 19 0 11 4 0 198
1 19 0 9 5 1 140
1 19 0 8 0 7 50
1 19 0 7 6 2 182
1 19 0 6 1 8 175
1 19 0 5 7 3 121
1 19 0 4 2 9 139
1 19 0 3 8 4 144
1 19 0 2 3 10 162
1 19 0 1 9 5 6
1 19 0 0 15 0 70
1 19 0 0 4 11 185
1 18 14 2 0 0 108
1 18 14 0 1 1 86
1 18 12 3 1 0 36
1 18 11 1 0 4 103
1 18 10 4 2 0 124
1 18 10 2 3 1 70
1 18 10 0 4 2 79
1 18 9 4 0 3 50
1 18 9 2 1 4 141
1 18 9 0 2 5 127
1 18 8 5 3 0 195
1 18 8 3 4 1 177
1 18 8 1 5 2 100
1 18 8 0 0 8 99
1 18 7 7 0 2 123
1 18 7 5 1 3 115
1 18 7 3 2 4 7
1 18 7 1 3 5 55
1 18 7 0 9 0 163
1 18 6 6 4 0 60
1 18 6 4 5 1 65
1 18 6 3 0 7 92
1 18 6 2 6 2 115
1 18 6 1 1 8 36
1 18 6 0 7 3 55
1 18 5 10 0 1 67
1 18 5 8 1 2 174
1 18 5 6 2 3 190
1 18 5 4 3 4 24
1 18 5 2 4 5 48
1 18 5 1 10 0 10
1 18 5 0 5 6 22
1 18 4 7 5 0 170
1 18 4 6 0 6 107
1 18 4 5 6 1 163
1 18 4 4 1 7 163
1 18 4 3 7 2 61
1 18 4 2 2 8 154
1 18 4 1 8 3 93
1 18 4 0 3 9 5
1 18 3 13 0 0 119
1 18 3 11 1 1 33
1 18 3 9 2 2 62
1 18 3 7 3 3 84
1 18 3 5 4 4 168
1 18 3 3 5 5 35
1 18 3 2 11 0 82
1 18 3 2 0 11 189
1 18 3 1 6 6 105
1 18 3 0 12 1 129
1 18 3 0 1 12 123
1 18 2 9 0 5 196
1 18 2 8 6 0 157
1 18 2 7 1 6 52
1 18 2 6 7 1 74
1 18 2 5 2 7 58
1 18 2 4 8 2 138
1 18 2 3 3 8 188
1 18 2 2 9 3 41
1 18 2 1 4 9 58
1 18 2 0 10 4 83
1 18 1 14 1 0 34
1 18 1 12 2 1 100
1 18 1 10 3 2 134
1 18 1 8 4 3 4
1 18 1 6 5 4 40
1 18 1 5 0 10 8
1 18 1 4 6 5 184
1 18 1 3 12 0 29
1 18 1 3 1 11 163
1 18 1 2 7 6 143
1 18 1 1 13 1 55
1 18 1 1 2 12 93
1 18 1 0 8 7 54
1 18 0 12 0 4 100
1 18 0 10 1 5 156
1 18 0 9 7 0 186
1 18 0 8 2 6 17
1 18 0 7 8 1 70
1 18 0 6 3 7 57
1 18 0 5 9 2 169
1 18 0 4 4 8 191
1 18 0 3 10 3 20
1 18 0 2 5 9 37
1 18 0 1 11 4 44
1 18 0 1 0 15 150
1 18 0 0 6 10 145
1 17 14 0 3 0 20
1 17 13 0 1 3 45
1 17 12 1 4 0 9
1 17 11 5 0 1 79
1 17 11 3 1 2 78
1 17 11 1 2 3 153
1 17 10 2 5 0 17
1 17 10 1 0 6 128
1 17 10 0 6 1 162
1 17 9 8 0 0 23
1 17 9 6 1 1 181
1 17 9 4 2 2 167
1 17 9 2 3 3 129
1 17 9 0 4 4 62
1 17 8 4 0 5 133
1 17 8 3 6 0 7
1 17 8 2 1 6 62
1 17 8 1 7 1 158
1 17 8 0 2 7 122
1 17 7 9 1 0 56
1 17 7 7 2 1 74
1 17 7 5 3 2 54
1 17 7 3 4 3 164
1 17 7 1 5 4 73
1 17 7 0 0 10 37
1 17 6 5 1 5 29
1 17 6 4 7 0 1
1 17 6 3 2 6 167
1 17 6 2 8 1 116
1 17 6 1 3 7 111
1 17 6 0 9 2 8
1 17 5 10 2 0 20
1 17 5 8 3 1 147
1 17 5 6 4 2 15
1 17 5 4 5 3 181
1 17 5 3 0 9 21
1 17 5 2 6 4 175
1 17 5 1 1 10 121
1 17 5 0 7 5 43
1 17 4 10 0 3 18
1 17 4 8 1 4 22
1 17 4 6 2 5 159
1 17 4 5 8 0 130
1 17 4 4 3 6 183
1 17 4 3 9 1 107
1 17 4 2 4 7 143
1 17 4 1 10 2 71
1 17 4 0 5 8 166
1 17 3 11 3 0 4
1 17 3 9 4 1 4
1 17 3 7 5 2 135
1 17 3 6 0 8 184
1 17 3 5 6 3 129
1 17 3 4 1 9 120
1 17 3 3 7 4 66
1 17 3 2 2 10 61
1 17 3 1 8 5 91
1 17 3 0 14 0 71
1 17 3 0 3 11 89
1 17 2 13 0 2 27
1 17 2 11 1 3 180
1 17 2 9 2 4 81
1 17 2 7 3 5 51
1 17 2 6 9 0 91
1 17 2 5 4 6 91
1 17 2 4 10 1 166
1 17 2 3 5 7 122
1 17 2 2 11 2 76
1 17 2 2 0 13 195
1 17 2 1 6 8 196
1 17 2 0 12 3 72
1 17 2 0 1 14 172
1 17 1 12 4 0 39
1 17 1 10 5 1 29
1 17 1 9 0 7 105
1 17 1 8 6 2 67
1 17 1 7 1 8 76
1 17 1 6 7 3 99
1 17 1 5 2 9 76
1 17 1 4 8 4 34
1 17 1 3 3 10 74
1 17 1 2 9 5 178
1 17 1 1 15 0 171
1 17 1 1 4 11 50
1 17 1 0 10 6 95
1 17 0 16 0 1 182
1 17 0 14 1 2 49
1 17 0 12 2 3 194
1 17 0 10 3 4 161
1 17 0 8 4 5 69
1 17 0 7 10 0 108
1 17 0 6 5 6 191
1 17 0 5 11 1 2
1 17 0 5 0 12 124
1 17 0 4 6 7 20
1 17 0 3 12 2 27
1 17 0 3 1 13 63
1 17 0 2 7 8 9
1 17 0 1 13 3 5
1 17 0 1 2 14 85
1 17 0 0 8 9 99
1 16 17 0 0 1 94
1 16 15 3 0 0 183
1 16 15 1 1 1 165
1 16 13 4 1 0 42
1 16 13 2 2 1 12
1 16 13 0 3 2 119
1 16 12 2 0 4 146
1 16 12 0 1 5 54
1 16 11 5 2 0 120
1 16 11 3 3 1 180
1 16 11 1 4 2 184
1 16 10 5 0 3 4
1 16 10 3 1 4 128
1 16 10 1 2 5 7
1 16 10 0 8 0 181
1 16 9 6 3 0 80
1 16 9 4 4 1 184
1 16 9 2 5 2 189
1 16 9 1 0 8 182
1 16 9 0 6 3 136
1 16 8 8 0 2 78
1 16 8 6 1 3 193
1 16 8 4 2 4 20
1 16 8 2 3 5 159
1 16 8 1 9 0 32
1 16 8 0 4 6 30
1 16 7 7 4 0 141
1 16 7 5 5 1 2
1 16 7 4 0 7 94
1 16 7 3 6 2 135
1 16 7 2 1 8 27
1 16 7 1 7 3 81
1 16 7 0 2 9 114
1 16 6 11 0 1 19
1 16 6 9 1 2 168
1 16 6 7 2 3 190
1 16 6 5 3 4 113
1 16 6 3 4 5 37
1 16 6 2 10 0 143
1 16 6 1 5 6 167
1 16 6 0 11 1 76
1 16 6 0 0 12 101
1 16 5 8 5 0 195
1 16 5 7 0 6 140
1 16 5 6 6 1 10
1 16 5 5 1 7 142
1 16 5 4 7 2 12
1 16 5 3 2 8 68
1 16 5 2 8 3 67
1 16 5 1 3 9 76
1 16 5 0 9 4 148
1 16 4 14 0 0 89
1 16 4 12 1 1 129
1 16 4 10 2 2 34
1 16 4 8 3 3 75
1 16 4 6 4 4 2
1 16 4 4 5 5 117
1 16 4 3 11 0 188
1 16 4 3 0 11 61
1 16 4 2 6 6 159
1 16 4 1 12 1 176
1 16 4 1 1 12 117
1 16 4 0 7 7 12
1 16 3 10 0 5 121
1 16 3 9 6 0 5
1 16 3 8 1 6 117
1 16 3 7 7 1 120
1 16 3 6 2 7 168
1 16 3 5 8 2 187
1 16 3 4 3 8 6
1 16 3 3 9 3 74
1 16 3 2 4 9 187
1 16 3 1 10 4 197
1 16 3 0 5 10 131
1 16 2 15 1 0 74
1 16 2 13 2 1 20
1 16 2 11 3 2 83
1 16 2 9 4 3 85
1 16 2 7 5 4 39
1 16 2 6 0 10 53
1 16 2 5 6 5 87
1 16 2 4 12 0 9
1 16 2 4 1 11 92
1 16 2 3 7 6 111
1 16 2 2 13 1 20
1 16 2 2 2 12 101
1 16 2 1 8 7 140
1 16 2 0 14 2 115
1 16 2 0 3 13 189
1 16 1 13 0 4 15
1 16 1 11 1 5 99
1 16 1 10 7 0 16
1 16 1 9 2 6 9
1 16 1 8 8 1 55
1 16 1 7 3 7 83
1 16 1 6 9 2 82
1 16 1 5 4 8 172
1 16 1 4 10 3 17
1 16 1 3 5 9 12
1 16 1 2 11 4 197
1 16 1 2 0 15 23
1 16 1 1 6 10 58
1 16 1 0 12 5 150
1 16 1 0 1 16 100
1 16 0 16 2 0 194
1 16 0 14 3 1 40
1 16 0 12 4 2 120
1 16 0 10 5 3 155
1 16 0 9 0 9 44
1 16 0 8 6 4 14
1 16 0 7 1 10 137
1 16 0 6 7 5 105
1 16 0 5 13 0 133
1 16 0 5 2 11 54
1 16 0 4 8 6 150
1 16 0 3 14 1 164
1 16 0 3 3 12 114
1 16 0 2 9 7 131
1 16 0 1 15 2 183
1 16 0 1 4 13 64
1 16 0 0 10 8 61
1 15 17 0 2 0 2
1 15 16 0 0 3 102
1 15 15 1 3 0 189
1 15 14 3 0 2 36
1 15 14 1 1 3 194
1 15 13 2 4 0 5
1 15 13 0 5 1 177
1 15 12 6 0 1 91
1 15 12 4 1 2 76
1 15 12 2 2 3 67
1 15 12 0 3 4 62
1 15 11 3 5 0 172
1 15 11 2 0 6 26
1 15 11 1 6 1 32
1 15 11 0 1 7 39
1 15 10 9 0 0 9
1 15 10 7 1 1 187
1 15 10 5 2 2 43
1 15 10 3 3 3 149
1 15 10 1 4 4 158
1 15 9 5 0 5 4
1 15 9 4 6 0 136
1 15 9 3 1 6 2
1 15 9 1 2 7 165
1 15 9 0 8 2 163
1 15 8 10 1 0 44
1 15 8 8 2 1 74
1 15 8 6 3 2 30
1 15 8 4 4 3 184
1 15 8 2 5 4 105
1 15 8 1 0 10 62
1 15 8 0 6 5 44
1 15 7 8 0 4 31
1 15 7 6 1 5 23
1 15 7 5 7 0 100
1 15 7 4 2 6 146
1 15 7 3 8 1 76
1 15 7 2 3 7 191
1 15 7 1 9 2 188
1 15 7 0 4 8 191
1 15 6 11 2 0 61
1 15 6 9 3 1 146
1 15 6 7 4 2 139
1 15 6 5 5 3 34
1 15 6 4 0 9 99
1 15 6 3 6 4 103
1 15 6 2 1 10 28
1 15 6 1 7 5 29
1 15 6 0 13 0 20
1 15 6 0 2 11 192
1 15 5 11 0 3 98
1 15 5 9 1 4 60
1 15 5 7 2 5 113
1 15 5 6 8 0 36
1 15 5 5 3 6 169
1 15 5 4 9 1 152
1 15 5 3 4 7 103
1 15 5 2 10 2 22
1 15 5 1 5 8 95
1 15 5 0 11 3 81
1 15 5 0 0 14 114
1 15 4 12 3 0 55
1 15 4 10 4 1 110
1 15 4 8 5 2 191
1 15 4 7 0 8 11
1 15 4 6 6 3 68
1 15 4 5 1 9 161
1 15 4 4 7 4 102
1 15 4 3 2 10 51
1 15 4 2 8 5 24
1 15 4 1 14 0 69
1 15 4 1 3 11 96
1 15 4 0 9 6 43
1 15 3 14 0 2 124
1 15 3 12 1 3 99
1 15 3 10 2 4 77
1 15 3 8 3 5 64
1 15 3 7 9 0 78
1 15 3 6 4 6 161
1 15 3 5 10 1 151
1 15 3 4 5 7 154
1 15 3 3 11 2 109
1 15 3 3 0 13 95
1 15 3 2 6 8 29
1 15 3 1 12 3 96
1 15 3 1 1 14 60
1 15 3 0 7 9 173
1 15 2 13 4 0 103
1 15 2 11 5 1 185
1 15 2 10 0 7 167
1 15 2 9 6 2 180
1 15 2 8 1 8 39
1 15 2 7 7 3 44
1 15 2 6 2 9 107
1 15 2 5 8 4 46
1 15 2 4 3 10 183
1 15 2 3 9 5 5
1 15 2 2 15 0 83
1 15 2 2 4 11 10
1 15 2 1 10 6 119
1 15 2 0 16 1 115
1 15 2 0 5 12 75
1 15 1 17 0 1 169
1 15 1 15 1 2 115
1 15 1 13 2 3 147
1 15 1 11 3 4 2
1 15 1 9 4 5 48
1 15 1 8 10 0 26
1 15 1 7 5 6 136
1 15 1 6 11 1 168
1 15 1 6 0 12 137
1 15 1 5 6 7 157
1 15 1 4 12 2 28
1 15 1 4 1 13 186
1 15 1 3 7 8 150
1 15 1 2 13 3 88
1 15 1 2 2 14 65
1 15 1 1 8 9 128
1 15 1 0 14 4 38
1 15 1 0 3 15 170
1 15 0 14 5 0 2
1 15 0 13 0 6 62
1 15 0 12 6 1 47
1 15 0 11 1 7 39
1 15 0 10 7 2 142
1 15 0 9 2 8 10
1 15 0 8 8 3 156
1 15 0 7 3 9 89
1 15 0 6 9 4 198
1 15 0 5 4 10 117
1 15 0 4 10 5 93
1 15 0 3 16 0 42
1 15 0 3 5 11 86
1 15 0 2 11 6 149
1 15 0 2 0 17 178
1 15 0 1 17 1 21
1 15 0 1 6 12 47
1 15 0 0 12 7 32
1 15 0 0 1 18 116
1 14 18 1 0 1 130
1 14 16 4 0 0 77
1 14 16 2 1 1 105
1 14 16 0 2 2 105
1 14 15 0 0 5 58
1 14 14 5 1 0 67
1 14 14 3 2 1 77
1 14 14 1 3 2 82
1 14 13 3 0 4 104
1 14 13 1 1 5 119
1 14 13 0 7 0 183
1 14 12 6 2 0 82
1 14 12 4 3 1 121
1 14 12 2 4 2 43
1 14 12 0 5 3 131
1 14 11 6 0 3 148
1 14 11 4 1 4 58
1 14 11 2 2 5 179
1 14 11 1 8 0 117
1 14 11 0 3 6 142
1 14 10 7 3 0 139
1 14 10 5 4 1 81
1 14 10 3 5 2 169
1 14 10 2 0 8 140
1 14 10 1 6 3 139
1 14 10 0 1 9 48
1 14 9 9 0 2 32
1 14 9 7 1 3 32
1 14 9 5 2 4 1
1 14 9 3 3 5 114
1 14 9 2 9 0 181
1 14 9 1 4 6 59
1 14 9 0 10 1 168
1 14 8 8 4 0 122
1 14 8 6 5 1 115
1 14 8 5 0 7 190
1 14 8 4 6 2 105
1 14 8 3 1 8 59
1 14 8 2 7 3 60
1 14 8 1 2 9 109
1 14 8 0 8 4 131
1 14 7 12 0 1 38
1 14 7 10 1 2 47
1 14 7 8 2 3 23
1 14 7 6 3 4 155
1 14 7 4 4 5 102
1 14 7 3 10 0 90
1 14 7 2 5 6 184
1 14 7 1 11 1 150
1 14 7 1 0 12 39
1 14 7 0 6 7 162
1 14 6 9 5 0 180
1 14 6 8 0 6 124
1 14 6 7 6 1 47
1 14 6 6 1 7 113
1 14 6 5 7 2 135
1 14 6 4 2 8 190
1 14 6 3 8 3 147
1 14 6 2 3 9 104
1 14 6 1 9 4 69
1 14 6 0 4 10 196
1 14 5 15 0 0 166
1 14 5 13 1 1 165
1 14 5 11 2 2 162
1 14 5 9 3 3 91
1 14 5 7 4 4 163
1 14 5 5 5 5 125
1 14 5 4 11 0 140
1 14 5 4 0 11 70
1 14 5 3 6 6 36
1 14 5 2 12 1 111
1 14 5 2 1 12 141
1 14 5 1 7 7 65
1 14 5 0 13 2 193
1 14 5 0 2 13 79
1 14 4 11 0 5 19
1 14 4 10 6 0 195
1 14 4 9 1 6 118
1 14 4 8 7 1 132
1 14 4 7 2 7 9
1 14 4 6 8 2 182
1 14 4 5 3 8 168
1 14 4 4 9 3 192
1 14 4 3 4 9 136
1 14 4 2 10 4 163
1 14 4 1 5 10 187
1 14 4 0 11 5 120
1 14 4 0 0 16 91
1 14 3 16 1 0 159
1 14 3 14 2 1 119
1 14 3 12 3 2 42
1 14 3 10 4 3 25
1 14 3 8 5 4 39
1 14 3 7 0 10 51
1 14 3 6 6 5 96
1 14 3 5 12 0 90
1 14 3 5 1 11 196
1 14 3 4 7 6 6
1 14 3 3 13 1 177
1 14 3 3 2 12 41
1 14 3 2 8 7 54
1 14 3 1 14 2 43
1 14 3 1 3 13 102
1 14 3 0 9 8 16
1 14 2 14 0 4 124
1 14 2 12 1 5 103
1 14 2 11 7 0 190
1 14 2 10 2 6 23
1 14 2 9 8 1 51
1 14 2 8 3 7 115
1 14 2 7 9 2 192
1 14 2 6 4 8 6
1 14 2 5 10 3 98
1 14 2 4 5 9 32
1 14 2 3 11 4 103
1 14 2 3 0 15 191
1 14 2 2 6 10 5
1 14 2 1 12 5 6
1 14 2 1 1 16 175
1 14 2 0 18 0 71
1 14 2 0 7 11 43
1 14 1 17 2 0 145
1 14 1 15 3 1 128
1 14 1 13 4 2 168
1 14 1 11 5 3 145
1 14 1 10 0 9 1
1 14 1 9 6 4 61
1 14 1 8 1 10 21
1 14 1 7 7 5 96
1 14 1 6 13 0 80
1 14 1 6 2 11 4
1 14 1 5 8 6 120
1 14 1 4 14 1 35
1 14 1 4 3 12 41
1 14 1 3 9 7 156
1 14 1 2 15 2 109
1 14 1 2 4 13 115
1 14 1 1 10 8 148
1 14 1 0 16 3 196
1 14 1 0 5 14 114
1 14 0 17 0 3 181
1 14 0 15 1 4 85
1 14 0 13 2 5 69
1 14 0 12 8 0 165
1 14 0 11 3 6 149
1 14 0 10 9 1 171
1 14 0 9 4 7 58
1 14 0 8 10 2 26
1 14 0 7 5 8 187
1 14 0 6 11 3 88
1 14 0 6 0 14 158
1 14 0 5 6 9 125
1 14 0 4 12 4 14
1 14 0 4 1 15 15
1 14 0 3 7 10 161
1 14 0 2 13 5 125
1 14 0 2 2 16 61
1 14 0 1 19 0 190
1 14 0 1 8 11 78
1 14 0 0 14 6 75
1 14 0 0 3 17 123
1 13 20 0 1 0 8
1 13 18 1 2 0 171
1 13 17 1 0 3 144
1 13 16 2 3 0 34
1 13 16 0 4 1 100
1 13 15 4 0 2 186
1 13 15 2 1 3 11
1 13 15 0 2 4 108
1 13 14 3 4 0 149
1 13 14 1 5 1 147
1 13 14 0 0 7 121
1 13 13 7 0 1 153
1 13 13 5 1 2 71
1 13 13 3 2 3 77
1 13 13 1 3 4 48
1 13 12 4 5 0 68
1 13 12 3 0 6 73
1 13 12 2 6 1 61
1 13 12 1 1 7 178
1 13 12 0 7 2 17
1 13 11 10 0 0 187
1 13 11 8 1 1 122
1 13 11 6 2 2 58
1 13 11 4 3 3 49
1 13 11 2 4 4 6
1 13 11 0 5 5 149
1 13 10 6 0 5 77
1 13 10 5 6 0 120
1 13 10 4 1 6 122
1 13 10 3 7 1 27
1 13 10 2 2 7 184
1 13 10 1 8 2 63
1 13 10 0 3 8 108
1 13 9 11 1 0 109
1 13 9 9 2 1 133
1 13 9 7 3 2 28
1 13 9 5 4 3 186
1 13 9 3 5 4 27
1 13 9 2 0 10 136
1 13 9 1 6 5 15
1 13 9 0 12 0 38
1 13 9 0 1 11 133
1 13 8 9 0 4 129
1 13 8 7 1 5 179
1 13 8 6 7 0 179
1 13 8 5 2 6 43
1 13 8 4 8 1 108
1 13 8 3 3 7 142
1 13 8 2 9 2 132
1 13 8 1 4 8 180
1 13 8 0 10 3 155
1 13 7 12 2 0 163
1 13 7 10 3 1 88
1 13 7 8 4 2 125
1 13 7 6 5 3 59
1 13 7 5 0 9 71
1 13 7 4 6 4 101
1 13 7 3 1 10 27
1 13 7 2 7 5 25
1 13 7 1 13 0 28
1 13 7 1 2 11 183
1 13 7 0 8 6 164
1 13 6 12 0 3 52
1 13 6 10 1 4 16
1 13 6 8 2 5 13
1 13 6 7 8 0 7
1 13 6 6 3 6 85
1 13 6 5 9 1 54
1 13 6 4 4 7 190
1 13 6 3 10 2 68
1 13 6 2 5 8 96
1 13 6 1 11 3 52
1 13 6 1 0 14 146
1 13 6 0 6 9 32
1 13 5 13 3 0 158
1 13 5 11 4 1 108
1 13 5 9 5 2 142
1 13 5 8 0 8 182
1 13 5 7 6 3 44
1 13 5 6 1 9 75
1 13 5 5 7 4 48
1 13 5 4 2 10 57
1 13 5 3 8 5 107
1 13 5 2 14 0 126
1 13 5 2 3 11 6
1 13 5 1 9 6 6
1 13 5 0 15 1 105
1 13 5 0 4 12 135
1 13 4 15 0 2 31
1 13 4 13 1 3 142
1 13 4 11 2 4 127
1 13 4 9 3 5 108
1 13 4 8 9 0 174
1 13 4 7 4 6 106
1 13 4 6 10 1 101
1 13 4 5 5 7 138
1 13 4 4 11 2 88
1 13 4 4 0 13 135
1 13 4 3 6 8 161
1 13 4 2 12 3 122
1 13 4 2 1 14 149
1 13 4 1 7 9 2
1 13 4 0 13 4 193
1 13 4 0 2 15 2
1 13 3 14 4 0 69
1 13 3 12 5 1 53
1 13 3 11 0 7 125
1 13 3 10 6 2 156
1 13 3 9 1 8 160
1 13 3 8 7 3 143
1 13 3 7 2 9 108
1 13 3 6 8 4 36
1 13 3 5 3 10 48
1 13 3 4 9 5 192
1 13 3 3 15 0 146
1 13 3 3 4 11 2
1 13 3 2 10 6 98
1 13 3 1 16 1 83
1 13 3 1 5 12 118
1 13 3 0 11 7 49
1 13 3 0 0 18 13
1 13 2 18 0 1 198
1 13 2 16 1 2 30
1 13 2 14 2 3 162
1 13 2 12 3 4 174
1 13 2 10 4 5 129
1 13 2 9 10 0 163
1 13 2 8 5 6 79
1 13 2 7 11 1 162
1 13 2 7 0 12 180
1 13 2 6 6 7 57
1 13 2 5 12 2 196
1 13 2 5 1 13 61
1 13 2 4 7 8 26
1 13 2 3 13 3 118
1 13 2 3 2 14 40
1 13 2 2 8 9 51
1 13 2 1 14 4 144
1 13 2 1 3 15 116
1 13 1 15 5 0 105
1 13 1 14 0 6 92
1 13 1 13 6 1 73
1 13 1 12 1 7 177
1 13 1 11 7 2 110
1 13 1 10 2 8 196
1 13 1 9 8 3 198
1 13 1 8 3 9 128
1 13 1 7 9 4 151
1 13 1 6 4 10 106
1 13 1 5 10 5 58
1 13 1 4 16 0 76
1 13 1 4 5 11 122
1 13 1 3 11 6 192
1 13 1 3 0 17 116
1 13 1 2 17 1 116
1 13 1 2 6 12 51
1 13 1 1 12 7 155
1 13 1 1 1 18 23
1 13 1 0 18 2 5
1 13 1 0 7 13 93
1 13 0 21 0 0 180
1 13 0 19 1 1 37
1 13 0 17 2 2 12
1 13 0 15 3 3 168
1 13 0 13 4 4 60
1 13 0 11 5 5 34
1 13 0 10 11 0 9
1 13 0 10 0 11 110
1 13 0 9 6 6 102
1 13 0 8 12 1 113
1 13 0 8 1 12 161
1 13 0 7 7 7 177
1 13 0 6 13 2 47
1 13 0 6 2 13 111
1 13 0 5 8 8 57
1 13 0 4 14 3 95
1 13 0 4 3 14 177
1 13 0 3 9 9 86
1 13 0 2 15 4 139
1 13 0 2 4 15 45
1 13 0 1 10 10 97
1 13 0 0 16 5 184
1 13 0 0 5 16 98
1 12 19 2 0 1 38
1 12 19 0 1 2 6
1 12 17 5 0 0 18
1 12 17 3 1 1 59
1 12 17 1 2 2 16
1 12 16 1 0 5 21
1 12 16 0 6 0 52
1 12 15 6 1 0 197
1 12 15 4 2 1 85
1 12 15 2 3 2 15
1 12 15 0 4 3 173
1 12 14 4 0 4 7
1 12 14 2 1 5 121
1 12 14 1 7 0 143
1 12 14 0 2 6 55
1 12 13 7 2 0 11
1 12 13 5 3 1 80
1 12 13 3 4 2 11
1 12 13 1 5 3 20
1 12 13 0 0 9 122
1 12 12 7 0 3 56
1 12 12 5 1 4 107
1 12 12 3 2 5 178
1 12 12 2 8 0 92
1 12 12 1 3 6 48
1 12 12 0 9 1 142
1 12 11 8 3 0 118
1 12 11 6 4 1 190
1 12 11 4 5 2 5
1 12 11 3 0 8 166
1 12 11 2 6 3 19
1 12 11 1 1 9 41
1 12 11 0 7 4 55
1 12 10 10 0 2 78
1 12 10 8 1 3 40
1 12 10 6 2 4 155
1 12 10 4 3 5 130
1 12 10 3 9 0 84
1 12 10 2 4 6 151
1 12 10 1 10 1 180
1 12 10 0 5 7 158
1 12 9 9 4 0 66
1 12 9 7 5 1 119
1 12 9 6 0 7 106
1 12 9 5 6 2 49
1 12 9 4 1 8 47
1 12 9 3 7 3 108
1 12 9 2 2 9 133
1 12 9 1 8 4 80
1 12 9 0 3 10 7
1 12 8 13 0 1 53
1 12 8 11 1 2 156
1 12 8 9 2 3 160
1 12 8 7 3 4 109
1 12 8 5 4 5 100
1 12 8 4 10 0 83
1 12 8 3 5 6 99
1 12 8 2 11 1 105
1 12 8 2 0 12 142
1 12 8 1 6 7 161
1 12 8 0 12 2 154
1 12 8 0 1 13 119
1 12 7 10 5 0 38
1 12 7 9 0 6 183
1 12 7 8 6 1 173
1 12 7 7 1 7 80
1 12 7 6 7 2 20
1 12 7 5 2 8 5
1 12 7 4 8 3 27
1 12 7 3 3 9 54
1 12 7 2 9 4 28
1 12 7 1 4 10 140
1 12 7 0 10 5 102
1 12 6 16 0 0 64
1 12 6 14 1 1 70
1 12 6 12 2 2 191
1 12 6 10 3 3 26
1 12 6 8 4 4 134
1 12 6 6 5 5 110
1 12 6 5 11 0 130
1 12 6 5 0 11 100
1 12 6 4 6 6 43
1 12 6 3 12 1 4
1 12 6 3 1 12 80
1 12 6 2 7 7 3
1 12 6 1 13 2 156
1 12 6 1 2 13 84
1 12 6 0 8 8 138
1 12 5 12 0 5 104
1 12 5 11 6 0 155
1 12 5 10 1 6 177
1 12 5 9 7 1 56
1 12 5 8 2 7 63
1 12 5 7 8 2 10
1 12 5 6 3 8 5
1 12 5 5 9 3 121
1 12 5 4 4 9 140
1 12 5 3 10 4 194
1 12 5 2 5 10 197
1 12 5 1 11 5 126
1 12 5 1 0 16 108
1 12 5 0 17 0 21
1 12 5 0 6 11 56
1 12 4 17 1 0 186
1 12 4 15 2 1 71
1 12 4 13 3 2 100
1 12 4 11 4 3 153
1 12 4 9 5 4 12
1 12 4 8 0 10 106
1 12 4 7 6 5 153
1 12 4 6 12 0 18
1 12 4 6 1 11 4
1 12 4 5 7 6 140
1 12 4 4 13 1 87
1 12 4 4 2 12 132
1 12 4 3 8 7 12
1 12 4 2 14 2 180
1 12 4 2 3 13 47
1 12 4 1 9 8 173
1 12 4 0 15 3 28
1 12 4 0 4 14 72
1 12 3 15 0 4 136
1 12 3 13 1 5 108
1 12 3 12 7 0 100
1 12 3 11 2 6 70
1 12 3 10 8 1 35
1 12 3 8 9 2 152
1 12 3 7 4 8 12
1 12 3 6 10 3 17
1 12 3 5 5 9 80
1 12 3 4 11 4 104
1 12 3 4 0 15 179
1 12 3 3 6 10 158
1 12 3 2 12 5 70
1 12 3 2 1 16 102
1 12 3 1 18 0 162
1 12 3 1 7 11 120
1 12 3 0 13 6 171
1 12 3 0 2 17 183
1 12 2 18 2 0 194
1 12 2 16 3 1 85
1 12 2 14 4 2 102
1 12 2 12 5 3 59
1 12 2 11 0 9 66
1 12 2 10 6 4 46
1 12 2 9 1 10 107
1 12 2 8 7 5 10
1 12 2 7 13 0 35
1 12 2 7 2 11 115
1 12 2 6 8 6 19
1 12 2 5 14 1 198
1 12 2 5 3 12 104
1 12 2 4 9 7 87
1 12 2 3 15 2 30
1 12 2 3 4 13 72
1 12 2 2 10 8 69
1 12 2 1 16 3 141
1 12 2 1 5 14 116
1 12 2 0 11 9 131
1 12 2 0 0 20 2
1 12 1 18 0 3 119
1 12 1 16 1 4 166
1 12 1 14 2 5 107
1 12 1 13 8 0 103
1 12 1 12 3 6 38
1 12 1 11 9 1 36
1 12 1 10 4 7 72
1 12 1 9 10 2 76
1 12 1 8 5 8 32
1 12 1 7 11 3 159
1 12 1 7 0 14 35
1 12 1 6 6 9 15
1 12 1 5 12 4 181
1 12 1 5 1 15 180
1 12 1 4 7 10 194
1 12 1 3 13 5 8
1 12 1 3 2 16 173
1 12 1 2 19 0 48
1 12 1 2 8 11 167
1 12 1 1 14 6 104
1 12 1 1 3 17 40
1 12 1 0 20 1 96
1 12 1 0 9 12 145
1 12 0 19 3 0 139
1 12 0 17 4 1 58
1 12 0 15 5 2 50
1 12 0 14 0 8 29
1 12 0 13 6 3 71
1 12 0 12 1 9 65
1 12 0 11 7 4 143
1 12 0 10 2 10 158
1 12 0 9 8 5 76
1 12 0 8 14 0 142
1 12 0 8 3 11 135
1 12 0 7 9 6 181
1 12 0 6 15 1 91
1 12 0 6 4 12 163
1 12 0 5 10 7 56
1 12 0 4 16 2 82
1 12 0 4 5 13 126
1 12 0 3 11 8 53
1 12 0 3 0 19 163
1 12 0 2 17 3 69
1 12 0 2 6 14 81
1 12 0 1 12 9 198
1 12 0 1 1 20 32
1 12 0 0 18 4 144
1 12 0 0 7 15 89
1 11 23 0 0 0 171
1 11 21 1 1 0 193
1 11 19 2 2 0 195
1 11 19 0 3 1 57
1 11 18 2 0 3 25
1 11 18 0 1 4 129
1 11 17 3 3 0 1
1 11 17 1 4 1 41
1 11 16 5 0 2 55
1 11 16 3 1 3 174
1 11 16 1 2 4 185
1 11 15 4 4 0 35
1 11 15 2 5 1 27
1 11 15 1 0 7 136
1 11 15 0 6 2 171
1 11 14 8 0 1 67
1 11 14 6 1 2 47
1 11 14 4 2 3 98
1 11 14 2 3 4 148
1 11 14 0 4 5 83
1 11 13 5 5 0 44
1 11 13 4 0 6 65
1 11 13 3 6 1 69
1 11 13 2 1 7 77
1 11 13 1 7 2 97
1 11 13 0 2 8 196
1 11 12 11 0 0 79
1 11 12 9 1 1 86
1 11 12 7 2 2 175
1 11 12 5 3 3 12
1 11 12 3 4 4 66
1 11 12 1 5 5 197
1 11 12 0 11 0 103
1 11 12 0 0 11 83
1 11 11 7 0 5 63
1 11 11 6 6 0 133
1 11 11 5 1 6 101
1 11 11 4 7 1 121
1 11 11 3 2 7 4
1 11 11 2 8 2 115
1 11 11 1 3 8 171
1 11 11 0 9 3 172
1 11 10 12 1 0 62
1 11 10 10 2 1 13
1 11 10 8 3 2 36
1 11 10 6 4 3 78
1 11 10 4 5 4 134
1 11 10 3 0 10 198
1 11 10 2 6 5 158
1 11 10 1 12 0 183
1 11 10 1 1 11 177
1 11 10 0 7 6 98
1 11 9 10 0 4 105
1 11 9 8 1 5 105
1 11 9 7 7 0 75
1 11 9 6 2 6 176
1 11 9 5 8 1 43
1 11 9 4 3 7 85
1 11 9 3 9 2 26
1 11 9 2 4 8 60
1 11 9 1 10 3 198
1 11 9 0 5 9 6
1 11 8 13 2 0 177
1 11 8 11 3 1 188
1 11 8 9 4 2 91
1 11 8 7 5 3 176
1 11 8 6 0 9 118
1 11 8 5 6 4 106
1 11 8 4 1 10 166
1 11 8 3 7 5 183
1 11 8 2 13 0 39
1 11 8 2 2 11 103
1 11 8 1 8 6 163
1 11 8 0 14 1 183
1 11 8 0 3 12 175
1 11 7 13 0 3 23
1 11 7 11 1 4 141
1 11 7 9 2 5 94
1 11 7 8 8 0 75
1 11 7 7 3 6 150
1 11 7 6 9 1 158
1 11 7 5 4 7 58
1 11 7 4 10 2 154
1 11 7 3 5 8 23
1 11 7 2 11 3 171
1 11 7 2 0 14 101
1 11 7 1 6 9 112
1 11 7 0 12 4 121
1 11 7 0 1 15 140
1 11 6 14 3 0 22
1 11 6 12 4 1 198
1 11 6 10 5 2 104
1 11 6 9 0 8 48
1 11 6 8 6 3 44
1 11 6 7 1 9 186
1 11 6 6 7 4 24
1 11 6 5 2 10 119
1 11 6 4 8 5 39
1 11 6 3 14 0 52
1 11 6 3 3 11 33
1 11 6 2 9 6 86
1 11 6 1 15 1 178
1 11 6 1 4 12 171
1 11 6 0 10 7 154
1 11 5 16 0 2 100
1 11 5 14 1 3 82
1 11 5 12 2 4 107
1 11 5 10 3 5 180
1 11 5 9 9 0 36
1 11 5 8 4 6 58
1 11 5 7 10 1 171
1 11 5 6 5 7 65
1 11 5 5 11 2 108
1 11 5 5 0 13 159
1 11 5 4 6 8 43
1 11 5 3 12 3 92
1 11 5 3 1 14 153
1 11 5 2 7 9 35
1 11 5 1 13 4 6
1 11 5 1 2 15 130
1 11 5 0 8 10 133
1 11 4 15 4 0 161
1 11 4 13 5 1 161
1 11 4 12 0 7 27
1 11 4 11 6 2 194
1 11 4 10 1 8 70
1 11 4 9 7 3 106
1 11 4 8 2 9 125
1 11 4 7 8 4 49
1 11 4 6 3 10 119
1 11 4 5 9 5 102
1 11 4 4 15 0 42
1 11 4 4 4 11 70
1 11 4 3 10 6 146
1 11 4 2 16 1 168
1 11 4 2 5 12 165
1 11 4 1 11 7 59
1 11 4 1 0 18 124
1 11 4 0 17 2 27
1 11 4 0 6 13 84
1 11 3 19 0 1 81
1 11 3 17 1 2 197
1 11 3 15 2 3 76
1 11 3 13 3 4 74
1 11 3 11 4 5 85
1 11 3 10 10 0 193
1 11 3 9 5 6 172
1 11 3 8 11 1 31
1 11 3 8 0 12 13
1 11 3 7 6 7 62
1 11 3 6 12 2 47
1 11 3 6 1 13 104
1 11 3 5 7 8 72
1 11 3 4 13 3 180
1 11 3 4 2 14 195
1 11 3 3 8 9 134
1 11 3 2 14 4 102
1 11 3 2 3 15 171
1 11 3 1 9 10 7
1 11 3 0 15 5 16
1 11 3 0 4 16 130
1 11 2 16 5 0 120
1 11 2 15 0 6 49
1 11 2 14 6 1 119
1 11 2 13 1 7 11
1 11 2 12 7 2 107
1 11 2 11 2 8 197
1 11 2 10 8 3 48
1 11 2 9 3 9 182
1 11 2 8 9 4 25
1 11 2 7 4 10 110
1 11 2 6 10 5 81
1 11 2 5 16 0 108
1 11 2 5 5 11 194
1 11 2 4 11 6 79
1 11 2 3 17 1 61
1 11 2 3 6 12 38
1 11 2 2 12 7 121
1 11 2 2 1 18 34
1 11 2 1 18 2 56
1 11 2 1 7 13 92
1 11 2 0 13 8 197
1 11 2 0 2 19 21
1 11 1 22 0 0 87
1 11 1 20 1 1 180
1 11 1 18 2 2 161
1 11 1 16 3 3 58
1 11 1 14 4 4 10
1 11 1 12 5 5 75
1 11 1 11 11 0 171
1 11 1 11 0 11 179
1 11 1 10 6 6 191
1 11 1 9 12 1 12
1 11 1 9 1 12 158
1 11 1 8 7 7 52
1 11 1 7 13 2 105
1 11 1 7 2 13 3
1 11 1 6 8 8 11
1 11 1 5 14 3 51
1 11 1 5 3 14 106
1 11 1 4 9 9 195
1 11 1 3 15 4 5
1 11 1 3 4 15 62
1 11 1 2 10 10 184
1 11 1 1 16 5 54
1 11 1 1 5 16 125
1 11 1 0 22 0 198
1 11 1 0 11 11 183
1 11 1 0 0 22 42
1 11 0 18 0 5 122
1 11 0 17 6 0 24
1 11 0 16 1 6 179
1 11 0 15 7 1 190
1 11 0 14 2 7 133
1 11 0 13 8 2 33
1 11 0 12 3 8 133
1 11 0 11 9 3 50
1 11 0 10 4 9 60
1 11 0 9 10 4 143
1 11 0 8 5 10 109
1 11 0 7 11 5 136
1 11 0 7 0 16 86
1 11 0 6 17 0 125
1 11 0 6 6 11 55
1 11 0 5 12 6 132
1 11 0 5 1 17 4
1 11 0 4 18 1 48
1 11 0 4 7 12 168
1 11 0 3 13 7 24
1 11 0 3 2 18 35
1 11 0 2 19 2 130
1 11 0 2 8 13 132
1 11 0 1 14 8 110
1 11 0 1 3 19 2
1 11 0 0 20 3 126
1 11 0 0 9 14 132
1 10 22 0 0 2 67
1 10 20 3 0 1 10
1 10 20 1 1 2 21
1 10 19 0 5 0 72
1 10 18 6 0 0 45
1 10 18 4 1 1 128
1 10 18 2 2 2 95
1 10 18 0 3 3 183
1 10 17 2 0 5 57
1 10 17 1 6 0 142
1 10 17 0 1 6 187
1 10 16 7 1 0 120
1 10 16 5 2 1 129
1 10 16 3 3 2 100
1 10 16 1 4 3 54
1 10 15 5 0 4 49
1 10 15 3 1 5 190
1 10 15 2 7 0 153
1 10 15 1 2 6 170
1 10 15 0 8 1 23
1 10 14 8 2 0 5
1 10 14 6 3 1 136
1 10 14 4 4 2 44
1 10 14 2 5 3 87
1 10 14 1 0 9 64
1 10 14 0 6 4 183
1 10 13 8 0 3 151
1 10 13 6 1 4 72
1 10 13 4 2 5 170
1 10 13 3 8 0 155
1 10 13 2 3 6 13
1 10 13 1 9 1 156
1 10 13 0 4 7 168
1 10 12 9 3 0 70
1 10 12 7 4 1 104
1 10 12 5 5 2 54
1 10 12 4 0 8 122
1 10 12 3 6 3 99
1 10 12 2 1 9 93
1 10 12 1 7 4 166
1 10 12 0 2 10 74
1 10 11 11 0 2 140
1 10 11 9 1 3 142
1 10 11 7 2 4 9
1 10 11 5 3 5 191
1 10 11 4 9 0 69
1 10 11 3 4 6 47
1 10 11 2 10 1 1
1 10 11 1 5 7 196
1 10 11 0 11 2 84
1 10 11 0 0 13 29
1 10 10 10 4 0 71
1 10 10 8 5 1 20
1 10 10 7 0 7 90
1 10 10 6 6 2 61
1 10 10 5 1 8 4
1 10 10 4 7 3 146
1 10 10 3 2 9 116
1 10 10 2 8 4 18
1 10 10 1 3 10 198
1 10 10 0 9 5 67
1 10 9 14 0 1 13
1 10 9 12 1 2 29
1 10 9 10 2 3 65
1 10 9 8 3 4 79
1 10 9 6 4 5 153
1 10 9 5 10 0 184
1 10 9 4 5 6 28
1 10 9 3 11 1 28
1 10 9 3 0 12 152
1 10 9 2 6 7 12
1 10 9 1 12 2 70
1 10 9 1 1 13 80
1 10 9 0 7 8 150
1 10 8 11 5 0 24
1 10 8 10 0 6 81
1 10 8 9 6 1 166
1 10 8 7 7 2 94
1 10 8 6 2 8 27
1 10 8 5 8 3 166
1 10 8 4 3 9 92
1 10 8 3 9 4 47
1 10 8 2 4 10 42
1 10 8 1 10 5 57
1 10 8 0 16 0 181
1 10 8 0 5 11 47
1 10 7 17 0 0 164
1 10 7 15 1 1 21
1 10 7 13 2 2 174
1 10 7 11 3 3 61
1 10 7 9 4 4 167
1 10 7 7 5 5 150
1 10 7 6 11 0 36
1 10 7 6 0 11 176
1 10 7 5 6 6 55
1 10 7 4 12 1 47
1 10 7 4 1 12 40
1 10 7 3 7 7 137
1 10 7 2 13 2 100
1 10 7 2 2 13 98
1 10 7 1 8 8 154
1 10 7 0 14 3 132
1 10 7 0 3 14 164
1 10 6 13 0 5 4
1 10 6 12 6 0 73
1 10 6 11 1 6 89
1 10 6 10 7 1 161
1 10 6 9 2 7 110
1 10 6 8 8 2 65
1 10 6 7 3 8 142
1 10 6 6 9 3 23
1 10 6 5 4 9 121
1 10 6 4 10 4 114
1 10 6 3 5 10 36
1 10 6 2 11 5 133
1 10 6 2 0 16 60
1 10 6 1 17 0 144
1 10 6 1 6 11 173
1 10 6 0 12 6 104
1 10 6 0 1 17 116
1 10 5 18 1 0 126
1 10 5 16 2 1 183
1 10 5 14 3 2 145
1 10 5 12 4 3 141
1 10 5 10 5 4 196
1 10 5 9 0 10 95
1 10 5 8 6 5 5
1 10 5 7 12 0 107
1 10 5 7 1 11 188
1 10 5 6 7 6 189
1 10 5 5 13 1 3
1 10 5 5 2 12 188
1 10 5 4 8 7 120
1 10 5 3 14 2 101
1 10 5 3 3 13 1
1 10 5 2 9 8 79
1 10 5 1 15 3 2
1 10 5 1 4 14 170
1 10 5 0 10 9 90
1 10 4 16 0 4 133
1 10 4 14 1 5 53
1 10 4 13 7 0 17
1 10 4 12 2 6 166
1 10 4 11 8 1 122
1 10 4 10 3 7 151
1 10 4 9 9 2 173
1 10 4 8 4 8 115
1 10 4 7 10 3 108
1 10 4 6 5 9 62
1 10 4 5 11 4 153
1 10 4 5 0 15 3
1 10 4 4 6 10 198
1 10 4 3 12 5 194
1 10 4 3 1 16 35
1 10 4 2 18 0 76
1 10 4 2 7 11 45
1 10 4 1 13 6 171
1 10 4 1 2 17 74
1 10 4 0 19 1 136
1 10 4 0 8 12 66
1 10 3 19 2 0 196
1 10 3 17 3 1 71
1 10 3 15 4 2 103
1 10 3 13 5 3 68
1 10 3 12 0 9 91
1 10 3 11 6 4 138
1 10 3 10 1 10 94
1 10 3 9 7 5 110
1 10 3 8 13 0 11
1 10 3 8 2 11 68
1 10 3 7 8 6 49
1 10 3 6 14 1 100
1 10 3 6 3 12 193
1 10 3 5 9 7 104
1 10 3 4 15 2 191
1 10 3 4 4 13 94
1 10 3 3 10 8 40
1 10 3 2 16 3 189
1 10 3 2 5 14 157
1 10 3 1 11 9 113
1 10 3 1 0 20 118
1 10 3 0 17 4 10
1 10 3 0 6 15 128
1 10 2 19 0 3 119
1 10 2 17 1 4 41
1 10 2 15 2 5 104
1 10 2 14 8 0 184
1 10 2 13 3 6 181
1 10 2 12 9 1 45
1 10 2 11 4 7 5
1 10 2 10 10 2 33
1 10 2 9 5 8 5
1 10 2 8 11 3 184
1 10 2 8 0 14 198
1 10 2 7 6 9 65
1 10 2 6 12 4 161
1 10 2 6 1 15 164
1 10 2 5 7 10 163
1 10 2 4 13 5 108
1 10 2 4 2 16 102
1 10 2 3 19 0 193
1 10 2 3 8 11 166
1 10 2 2 14 6 193
1 10 2 2 3 17 74
1 10 2 1 20 1 54
1 10 2 1 9 12 51
1 10 2 0 15 7 101
1 10 2 0 4 18 70
1 10 1 20 3 0 36
1 10 1 18 4 1 16
1 10 1 16 5 2 51
1 10 1 15 0 8 11
1 10 1 14 6 3 128
1 10 1 13 1 9 18
1 10 1 12 7 4 51
1 10 1 11 2 10 89
1 10 1 10 8 5 42
1 10 1 9 14 0 83
1 10 1 9 3 11 160
1 10 1 8 9 6 139
1 10 1 7 15 1 129
1 10 1 7 4 12 53
1 10 1 6 10 7 135
1 10 1 5 16 2 5
1 10 1 5 5 13 15
1 10 1 4 11 8 93
1 10 1 4 0 19 157
1 10 1 3 17 3 98
1 10 1 3 6 14 8
1 10 1 2 12 9 4
1 10 1 2 1 20 42
1 10 1 1 18 4 120
1 10 1 1 7 15 175
1 10 1 0 13 10 106
1 10 1 0 2 21 151
1 10 0 22 0 2 46
1 10 0 20 1 3 52
1 10 0 18 2 4 106
1 10 0 16 3 5 189
1 10 0 15 9 0 36
1 10 0 14 4 6 10
1 10 0 13 10 1 191
1 10 0 12 5 7 63
1 10 0 11 11 2 66
1 10 0 11 0 13 166
1 10 0 10 6 8 128
1 10 0 9 12 3 94
1 10 0 9 1 14 19
1 10 0 8 7 9 98
1 10 0 7 13 4 85
1 10 0 7 2 15 113
1 10 0 6 8 10 135
1 10 0 5 14 5 9
1 10 0 5 3 16 13
1 10 0 4 20 0 92
1 10 0 4 9 11 68
1 10 0 3 15 6 194
1 10 0 3 4 17 54
1 10 0 2 21 1 94
1 10 0 2 10 12 170
1 10 0 1 16 7 173
1 10 0 1 5 18 43
1 10 0 0 22 2 86
1 10 0 0 11 13 194
1 10 0 0 0 24 143
1 9 24 1 0 0 27
1 9 22 2 1 0 149
1 9 22 0 2 1 41
1 9 21 0 0 4 161
1 9 20 3 2 0 189
1 9 20 1 3 1 170
1 9 19 3 0 3 40
1 9 19 1 1 4 105
1 9 18 4 3 0 84
1 9 18 2 4 1 187
1 9 18 0 5 2 111
1 9 17 6 0 2 185
1 9 17 4 1 3 72
1 9 17 2 2 4 5
1 9 17 0 3 5 41
1 9 16 5 4 0 195
1 9 16 3 5 1 63
1 9 16 2 0 7 37
1 9 16 1 6 2 36
1 9 16 0 1 8 150
1 9 15 9 0 1 190
1 9 15 7 1 2 155
1 9 15 5 2 3 105
1 9 15 3 3 4 103
1 9 15 1 4 5 83
1 9 15 0 10 0 161
1 9 14 6 5 0 101
1 9 14 5 0 6 76
1 9 14 4 6 1 4
1 9 14 3 1 7 151
1 9 14 2 7 2 42
1 9 14 1 2 8 41
1 9 14 0 8 3 19
1 9 13 12 0 0 119
1 9 13 10 1 1 144
1 9 13 8 2 2 115
1 9 13 6 3 3 102
1 9 13 4 4 4 8
1 9 13 2 5 5 170
1 9 13 1 11 0 15
1 9 13 1 0 11 1
1 9 13 0 6 6 109
1 9 12 8 0 5 79
1 9 12 7 6 0 130
1 9 12 6 1 6 44
1 9 12 5 7 1 25
1 9 12 4 2 7 107
1 9 12 3 8 2 7
1 9 12 2 3 8 3
1 9 12 1 9 3 59
1 9 12 0 4 9 87
1 9 11 13 1 0 150
1 9 11 11 2 1 166
1 9 11 9 3 2 79
1 9 11 7 4 3 132
1 9 11 5 5 4 30
1 9 11 4 0 10 82
1 9 11 3 6 5 33
1 9 11 2 12 0 122
1 9 11 2 1 11 78
1 9 11 1 7 6 78
1 9 11 0 13 1 62
1 9 11 0 2 12 191
1 9 10 11 0 4 35
1 9 10 9 1 5 92
1 9 10 8 7 0 108
1 9 10 7 2 6 174
1 9 10 6 8 1 42
1 9 10 5 3 7 162
1 9 10 4 9 2 56
1 9 10 3 4 8 93
1 9 10 2 10 3 194
1 9 10 1 5 9 42
1 9 10 0 11 4 127
1 9 10 0 0 15 180
1 9 9 14 2 0 147
1 9 9 12 3 1 92
1 9 9 10 4 2 111
1 9 9 8 5 3 172
1 9 9 7 0 9 12
1 9 9 6 6 4 17
1 9 9 5 1 10 78
1 9 9 4 7 5 116
1 9 9 3 13 0 112
1 9 9 3 2 11 7
1 9 9 2 8 6 159
1 9 9 1 14 1 103
1 9 9 1 3 12 196
1 9 9 0 9 7 97
1 9 8 14 0 3 136
1 9 8 12 1 4 75
1 9 8 10 2 5 26
1 9 8 9 8 0 31
1 9 8 8 3 6 145
1 9 8 7 9 1 87
1 9 8 6 4 7 120
1 9 8 5 10 2 157
1 9 8 4 5 8 51
1 9 8 3 11 3 105
1 9 8 3 0 14 73
1 9 8 2 6 9 41
1 9 8 1 12 4 40
1 9 8 1 1 15 149
1 9 8 0 7 10 125
1 9 7 15 3 0 117
1 9 7 13 4 1 139
1 9 7 11 5 2 192
1 9 7 10 0 8 1
1 9 7 9 6 3 140
1 9 7 8 1 9 190
1 9 7 7 7 4 116
1 9 7 6 2 10 61
1 9 7 5 8 5 156
1 9 7 4 14 0 123
1 9 7 4 3 11 182
1 9 7 3 9 6 9
1 9 7 2 15 1 190
1 9 7 2 4 12 90
1 9 7 1 10 7 65
1 9 7 0 16 2 121
1 9 7 0 5 13 88
1 9 6 17 0 2 150
1 9 6 15 1 3 195
1 9 6 13 2 4 22
1 9 6 11 3 5 93
1 9 6 10 9 0 130
1 9 6 9 4 6 55
1 9 6 8 10 1 54
1 9 6 7 5 7 10
1 9 6 6 11 2 113
1 9 6 6 0 13 76
1 9 6 5 6 8 192
1 9 6 4 12 3 122
1 9 6 4 1 14 190
1 9 6 3 7 9 9
1 9 6 2 13 4 26
1 9 6 2 2 15 28
1 9 6 1 8 10 193
1 9 6 0 14 5 182
1 9 6 0 3 16 94
1 9 5 16 4 0 138
1 9 5 14 5 1 194
1 9 5 13 0 7 56
1 9 5 12 6 2 164
1 9 5 11 1 8 144
1 9 5 10 7 3 36
1 9 5 9 2 9 54
1 9 5 8 8 4 68
1 9 5 7 3 10 39
1 9 5 6 9 5 142
1 9 5 5 15 0 28
1 9 5 5 4 11 75
1 9 5 4 10 6 28
1 9 5 3 16 1 188
1 9 5 3 5 12 75
1 9 5 2 11 7 52
1 9 5 2 0 18 92
1 9 5 1 17 2 34
1 9 5 1 6 13 183
1 9 5 0 12 8 83
1 9 5 0 1 19 120
1 9 4 20 0 1 46
1 9 4 18 1 2 180
1 9 4 16 2 3 52
1 9 4 14 3 4 194
1 9 4 12 4 5 181
1 9 4 11 10 0 126
1 9 4 10 5 6 167
1 9 4 9 11 1 111
1 9 4 9 0 12 9
1 9 4 8 6 7 58
1 9 4 7 12 2 174
1 9 4 7 1 13 16
1 9 4 6 7 8 173
1 9 4 5 13 3 88
1 9 4 5 2 14 72
1 9 4 4 8 9 153
1 9 4 3 14 4 72
1 9 4 3 3 15 74
1 9 4 2 9 10 152
1 9 4 1 15 5 80
1 9 4 1 4 16 31
1 9 4 0 21 0 193
1 9 4 0 10 11 46
1 9 3 17 5 0 145
1 9 3 16 0 6 35
1 9 3 15 6 1 32
1 9 3 14 1 7 140
1 9 3 13 7 2 43
1 9 3 12 2 8 175
1 9 3 11 8 3 179
1 9 3 10 3 9 170
1 9 3 9 9 4 25
1 9 3 8 4 10 121
1 9 3 7 10 5 127
1 9 3 6 16 0 55
1 9 3 6 5 11 122
1 9 3 5 11 6 132
1 9 3 5 0 17 114
1 9 3 4 17 1 110
1 9 3 4 6 12 133
1 9 3 3 12 7 148
1 9 3 3 1 18 76
1 9 3 2 18 2 61
1 9 3 2 7 13 113
1 9 3 1 13 8 21
1 9 3 1 2 19 165
1 9 3 0 19 3 61
1 9 3 0 8 14 105
1 9 2 23 0 0 172
1 9 2 21 1 1 69
1 9 2 19 2 2 174
1 9 2 17 3 3 106
1 9 2 15 4 4 168
1 9 2 13 5 5 130
1 9 2 12 11 0 181
1 9 2 12 0 11 191
1 9 2 11 6 6 49
1 9 2 10 12 1 143
1 9 2 10 1 12 34
1 9 2 8 13 2 81
1 9 2 8 2 13 95
1 9 2 7 8 8 149
1 9 2 6 14 3 87
1 9 2 6 3 14 38
1 9 2 5 9 9 79
1 9 2 4 15 4 87
1 9 2 4 4 15 137
1 9 2 3 10 10 111
1 9 2 2 16 5 107
1 9 2 2 5 16 88
1 9 2 1 22 0 195
1 9 2 1 11 11 159
1 9 2 1 0 22 68
1 9 2 0 17 6 11
1 9 2 0 6 17 8
1 9 1 19 0 5 83
1 9 1 18 6 0 30
1 9 1 17 1 6 18
1 9 1 16 7 1 159
1 9 1 15 2 7 25
1 9 1 14 8 2 183
1 9 1 13 3 8 58
1 9 1 12 9 3 194
1 9 1 11 4 9 150
1 9 1 10 10 4 163
1 9 1 9 5 10 181
1 9 1 8 11 5 19
1 9 1 8 0 16 30
1 9 1 7 17 0 105
1 9 1 7 6 11 168
1 9 1 6 12 6 59
1 9 1 6 1 17 135
1 9 1 5 18 1 152
1 9 1 5 7 12 83
1 9 1 4 13 7 179
1 9 1 4 2 18 198
1 9 1 3 19 2 43
1 9 1 3 8 13 28
1 9 1 2 14 8 39
1 9 1 2 3 19 192
1 9 1 1 20 3 68
1 9 1 1 9 14 146
1 9 1 0 15 9 185
1 9 1 0 4 20 1
1 9 0 24 1 0 196
1 9 0 22 2 1 81
1 9 0 20 3 2 55
1 9 0 18 4 3 41
1 9 0 16 5 4 187
1 9 0 15 0 10 123
1 9 0 14 6 5 124
1 9 0 13 12 0 72
1 9 0 13 1 11 113
1 9 0 12 7 6 194
1 9 0 11 13 1 24
1 9 0 11 2 12 25
1 9 0 10 8 7 11
1 9 0 9 14 2 97
1 9 0 9 3 13 64
1 9 0 8 9 8 51
1 9 0 7 15 3 163
1 9 0 7 4 14 193
1 9 0 6 10 9 177
1 9 0 5 16 4 49
1 9 0 5 5 15 53
1 9 0 4 11 10 86
1 9 0 4 0 21 102
1 9 0 3 17 5 78
1 9 0 3 6 16 136
1 9 0 2 23 0 135
1 9 0 2 12 11 108
1 9 0 2 1 22 77
1 9 0 1 18 6 50
1 9 0 1 7 17 14
1 9 0 0 24 1 97
1 9 0 0 13 12 87
1 9 0 0 2 23 28
1 8 23 1 0 2 164
1 8 22 0 4 0 113
1 8 21 4 0 1 197
1 8 21 2 1 2 60
1 8 21 0 2 3 67
1 8 20 1 5 0 4
1 8 20 0 0 6 172
1 8 19 7 0 0 75
1 8 19 5 1 1 61
1 8 19 3 2 2 175
1 8 19 1 3 3 81
1 8 18 3 0 5 33
1 8 18 2 6 0 6
1 8 18 1 1 6 118
1 8 18 0 7 1 54
1 8 17 8 1 0 97
1 8 17 6 2 1 50
1 8 17 4 3 2 169
1 8 17 0 5 4 151
1 8 16 6 0 4 119
1 8 16 4 1 5 133
1 8 16 3 7 0 154
1 8 16 2 2 6 121
1 8 16 1 8 1 32
1 8 16 0 3 7 75
1 8 15 9 2 0 140
1 8 15 7 3 1 69
1 8 15 5 4 2 176
1 8 15 3 5 3 178
1 8 15 2 0 9 192
1 8 15 1 6 4 7
1 8 15 0 1 10 177
1 8 14 9 0 3 107
1 8 14 7 1 4 73
1 8 14 5 2 5 41
1 8 14 4 8 0 22
1 8 14 3 3 6 9
1 8 14 2 9 1 185
1 8 14 1 4 7 20
1 8 14 0 10 2 167
1 8 13 10 3 0 191
1 8 13 8 4 1 162
1 8 13 6 5 2 123
1 8 13 5 0 8 123
1 8 13 4 6 3 174
1 8 13 3 1 9 115
1 8 13 2 7 4 32
1 8 13 1 2 10 83
1 8 13 0 8 5 108
1 8 12 12 0 2 50
1 8 12 10 1 3 154
1 8 12 8 2 4 9
1 8 12 6 3 5 54
1 8 12 5 9 0 156
1 8 12 4 4 6 171
1 8 12 3 10 1 10
1 8 12 2 5 7 129
1 8 12 1 11 2 53
1 8 12 1 0 13 122
1 8 12 0 6 8 48
1 8 11 11 4 0 96
1 8 11 9 5 1 170
1 8 11 8 0 7 112
1 8 11 7 6 2 88
1 8 11 6 1 8 113
1 8 11 5 7 3 178
1 8 11 4 2 9 193
1 8 11 3 8 4 73
1 8 11 2 3 10 1
1 8 11 1 9 5 13
1 8 11 0 15 0 114
1 8 11 0 4 11 116
1 8 10 15 0 1 56
1 8 10 13 1 2 172
1 8 10 11 2 3 92
1 8 10 9 3 4 4
1 8 10 7 4 5 144
1 8 10 6 10 0 12
1 8 10 5 5 6 119
1 8 10 4 11 1 139
1 8 10 4 0 12 20
1 8 10 3 6 7 78
1 8 10 2 12 2 91
1 8 10 2 1 13 56
1 8 10 1 7 8 107
1 8 10 0 13 3 185
1 8 10 0 2 14 176
1 8 9 12 5 0 194
1 8 9 11 0 6 4
1 8 9 10 6 1 162
1 8 9 9 1 7 89
1 8 9 8 7 2 39
1 8 9 7 2 8 48
1 8 9 6 8 3 105
1 8 9 5 3 9 145
1 8 9 4 9 4 174
1 8 9 3 4 10 190
1 8 9 2 10 5 178
1 8 9 1 16 0 70
1 8 9 1 5 11 164
1 8 9 0 11 6 194
1 8 9 0 0 17 46
1 8 8 18 0 0 167
1 8 8 16 1 1 169
1 8 8 14 2 2 25
1 8 8 12 3 3 103
1 8 8 10 4 4 123
1 8 8 8 5 5 26
1 8 8 7 11 0 85
1 8 8 7 0 11 145
1 8 8 6 6 6 53
1 8 8 5 12 1 184
1 8 8 5 1 12 156
1 8 8 4 7 7 140
1 8 8 3 13 2 195
1 8 8 3 2 13 61
1 8 8 2 8 8 149
1 8 8 1 14 3 95
1 8 8 1 3 14 142
1 8 8 0 9 9 150
1 8 7 14 0 5 43
1 8 7 13 6 0 33
1 8 7 12 1 6 79
1 8 7 11 7 1 142
1 8 7 10 2 7 159
1 8 7 9 8 2 94
1 8 7 8 3 8 138
1 8 7 7 9 3 47
1 8 7 6 4 9 49
1 8 7 5 10 4 95
1 8 7 4 5 10 152
1 8 7 3 11 5 73
1 8 7 3 0 16 95
1 8 7 2 17 0 86
1 8 7 2 6 11 32
1 8 7 1 12 6 87
1 8 7 1 1 17 189
1 8 7 0 18 1 106
1 8 7 0 7 12 117
1 8 6 19 1 0 50
1 8 6 17 2 1 26
1 8 6 15 3 2 107
1 8 6 13 4 3 10
1 8 6 11 5 4 46
1 8 6 10 0 10 144
1 8 6 9 6 5 42
1 8 6 8 12 0 113
1 8 6 8 1 11 20
1 8 6 7 7 6 39
1 8 6 6 13 1 3
1 8 6 6 2 12 130
1 8 6 5 8 7 139
1 8 6 4 14 2 120
1 8 6 4 3 13 21
1 8 6 3 9 8 9
1 8 6 2 15 3 159
1 8 6 2 4 14 30
1 8 6 1 10 9 25
1 8 6 0 16 4 6
1 8 6 0 5 15 80
1 8 5 17 0 4 77
1 8 5 15 1 5 50
1 8 5 14 7 0 65
1 8 5 13 2 6 125
1 8 5 12 8 1 113
1 8 5 11 3 7 79
1 8 5 10 9 2 190
1 8 5 9 4 8 133
1 8 5 8 10 3 178
1 8 5 7 5 9 108
1 8 5 6 11 4 180
1 8 5 6 0 15 54
1 8 5 5 6 10 53
1 8 5 4 12 5 19
1 8 5 4 1 16 8
1 8 5 3 18 0 111
1 8 5 3 7 11 43
1 8 5 2 13 6 98
1 8 5 2 2 17 114
1 8 5 1 19 1 22
1 8 5 1 8 12 31
1 8 5 0 14 7 67
1 8 5 0 3 18 111
1 8 4 20 2 0 120
1 8 4 18 3 1 42
1 8 4 16 4 2 54
1 8 4 14 5 3 166
1 8 4 13 0 9 178
1 8 4 12 6 4 11
1 8 4 11 1 10 150
1 8 4 10 7 5 169
1 8 4 9 13 0 195
1 8 4 9 2 11 110
1 8 4 8 8 6 97
1 8 4 7 14 1 43
1 8 4 7 3 12 180
1 8 4 6 9 7 73
1 8 4 5 15 2 49
1 8 4 5 4 13 170
1 8 4 4 10 8 49
1 8 4 3 16 3 68
1 8 4 3 5 14 176
1 8 4 2 11 9 168
1 8 4 2 0 20 45
1 8 4 1 17 4 43
1 8 4 1 6 15 117
1 8 4 0 12 10 67
1 8 4 0 1 21 36
1 8 3 20 0 3 62
1 8 3 18 1 4 60
1 8 3 16 2 5 103
1 8 3 15 8 0 133
1 8 3 13 9 1 196
1 8 3 12 4 7 120
1 8 3 11 10 2 71
1 8 3 10 5 8 105
1 8 3 9 11 3 115
1 8 3 9 0 14 113
1 8 3 8 6 9 39
1 8 3 7 12 4 87
1 8 3 7 1 15 95
1 8 3 6 7 10 80
1 8 3 5 13 5 21
1 8 3 5 2 16 153
1 8 3 4 19 0 119
1 8 3 4 8 11 139
1 8 3 3 14 6 178
1 8 3 3 3 17 99
1 8 3 2 20 1 120
1 8 3 2 9 12 87
1 8 3 1 15 7 55
1 8 3 1 4 18 182
1 8 3 0 21 2 91
1 8 3 0 10 13 185
1 8 2 21 3 0 20
1 8 2 19 4 1 5
1 8 2 17 5 2 114
1 8 2 16 0 8 152
1 8 2 15 6 3 46
1 8 2 14 1 9 47
1 8 2 13 7 4 144
1 8 2 12 2 10 26
1 8 2 11 8 5 196
1 8 2 10 14 0 174
1 8 2 10 3 11 77
1 8 2 9 9 6 1
1 8 2 8 15 1 66
1 8 2 8 4 12 43
1 8 2 7 10 7 69
1 8 2 6 16 2 78
1 8 2 6 5 13 86
1 8 2 5 11 8 131
1 8 2 5 0 19 126
1 8 2 4 17 3 1
1 8 2 4 6 14 155
1 8 2 3 12 9 70
1 8 2 3 1 20 181
1 8 2 2 18 4 164
1 8 2 2 7 15 4
1 8 2 1 13 10 154
1 8 2 1 2 21 38
1 8 2 0 19 5 147
1 8 2 0 8 16 125
1 8 1 23 0 2 78
1 8 1 21 1 3 40
1 8 1 19 2 4 112
1 8 1 17 3 5 71
1 8 1 16 9 0 62
1 8 1 15 4 6 147
1 8 1 14 10 1 111
1 8 1 13 5 7 34
1 8 1 12 11 2 169
1 8 1 12 0 13 198
1 8 1 11 6 8 75
1 8 1 10 12 3 158
1 8 1 10 1 14 117
1 8 1 9 7 9 85
1 8 1 8 13 4 47
1 8 1 8 2 15 27
1 8 1 7 8 10 138
1 8 1 6 14 5 149
1 8 1 6 3 16 11
1 8 1 5 20 0 152
1 8 1 5 9 11 157
1 8 1 4 15 6 21
1 8 1 4 4 17 46
1 8 1 3 21 1 53
1 8 1 3 10 12 66
1 8 1 2 16 7 30
1 8 1 2 5 18 81
1 8 1 1 22 2 107
1 8 1 1 11 13 142
1 8 1 1 0 24 193
1 8 1 0 17 8 168
1 8 1 0 6 19 111
1 8 0 22 4 0 7
1 8 0 20 5 1 111
1 8 0 19 0 7 42
1 8 0 18 6 2 89
1 8 0 17 1 8 81
1 8 0 16 7 3 7
1 8 0 15 2 9 164
1 8 0 14 8 4 186
1 8 0 13 3 10 145
1 8 0 12 9 5 178
1 8 0 11 15 0 64
1 8 0 11 4 11 116
1 8 0 10 10 6 137
1 8 0 9 16 1 180
1 8 0 9 5 12 177
1 8 0 8 11 7 6
1 8 0 8 0 18 71
1 8 0 7 17 2 114
1 8 0 7 6 13 37
1 8 0 6 12 8 10
1 8 0 6 1 19 160
1 8 0 5 18 3 136
1 8 0 5 7 14 82
1 8 0 4 13 9 89
1 8 0 4 2 20 96
1 8 0 3 19 4 176
1 8 0 3 8 15 157
1 8 0 2 14 10 73
1 8 0 2 3 21 132
1 8 0 1 20 5 4
1 8 0 1 9 16 197
1 8 0 0 26 0 2
1 8 0 0 15 11 144
1 8 0 0 4 22 195
1 7 25 2 0 0 143
1 7 25 0 1 1 60
1 7 23 3 1 0 5
1 7 23 1 2 1 64
1 7 22 1 0 4 145
1 7 21 4 2 0 163
1 7 21 2 3 1 15
1 7 21 0 4 2 42
1 7 20 4 0 3 118
1 7 20 2 1 4 27
1 7 20 0 2 5 172
1 7 19 5 3 0 87
1 7 19 3 4 1 93
1 7 19 1 5 2 67
1 7 19 0 0 8 106
1 7 18 7 0 2 125
1 7 18 5 1 3 182
1 7 18 3 2 4 76
1 7 18 1 3 5 20
1 7 18 0 9 0 133
1 7 17 6 4 0 171
1 7 17 4 5 1 133
1 7 17 3 0 7 171
1 7 17 2 6 2 110
1 7 17 1 1 8 131
1 7 17 0 7 3 113
1 7 16 10 0 1 5
1 7 16 8 1 2 185
1 7 16 6 2 3 17
1 7 16 4 3 4 65
1 7 16 2 4 5 67
1 7 16 1 10 0 27
1 7 16 0 5 6 99
1 7 15 7 5 0 15
1 7 15 6 0 6 169
1 7 15 5 6 1 118
1 7 15 4 1 7 42
1 7 15 3 7 2 142
1 7 15 2 2 8 179
1 7 15 1 8 3 107
1 7 15 0 3 9 143
1 7 14 13 0 0 18
1 7 14 11 1 1 54
1 7 14 9 2 2 71
1 7 14 7 3 3 82
1 7 14 5 4 4 7
1 7 14 3 5 5 137
1 7 14 2 11 0 158
1 7 14 2 0 11 149
1 7 14 1 6 6 108
1 7 14 0 12 1 115
1 7 14 0 1 12 13
1 7 13 9 0 5 182
1 7 13 8 6 0 133
1 7 13 7 1 6 155
1 7 13 6 7 1 106
1 7 13 5 2 7 171
1 7 13 4 8 2 108
1 7 13 3 3 8 145
1 7 13 2 9 3 188
1 7 13 1 4 9 86
1 7 13 0 10 4 117
1 7 12 14 1 0 70
1 7 12 12 2 1 26
1 7 12 10 3 2 2
1 7 12 8 4 3 198
1 7 12 6 5 4 1
1 7 12 4 6 5 19
1 7 12 3 12 0 117
1 7 12 3 1 11 142
1 7 12 2 7 6 97
1 7 12 1 13 1 193
1 7 12 1 2 12 109
1 7 12 0 8 7 2
1 7 11 12 0 4 195
1 7 11 10 1 5 41
1 7 11 9 7 0 54
1 7 11 8 2 6 33
1 7 11 7 8 1 148
1 7 11 6 3 7 9
1 7 11 5 9 2 195
1 7 11 4 4 8 71
1 7 11 3 10 3 161
1 7 11 2 5 9 156
1 7 11 1 11 4 110
1 7 11 1 0 15 47
1 7 11 0 6 10 26
1 7 10 15 2 0 65
1 7 10 13 3 1 69
1 7 10 11 4 2 178
1 7 10 9 5 3 65
1 7 10 8 0 9 30
1 7 10 7 6 4 39
1 7 10 6 1 10 116
1 7 10 5 7 5 157
1 7 10 4 13 0 5
1 7 10 4 2 11 195
1 7 10 3 8 6 27
1 7 10 2 14 1 108
1 7 10 2 3 12 68
1 7 10 1 9 7 124
1 7 10 0 15 2 22
1 7 10 0 4 13 186
1 7 9 15 0 3 8
1 7 9 13 1 4 103
1 7 9 11 2 5 121
1 7 9 10 8 0 195
1 7 9 9 3 6 87
1 7 9 8 9 1 175
1 7 9 7 4 7 129
1 7 9 6 10 2 24
1 7 9 5 5 8 145
1 7 9 4 11 3 96
1 7 9 4 0 14 96
1 7 9 3 6 9 56
1 7 9 2 12 4 30
1 7 9 2 1 15 105
1 7 9 1 7 10 28
1 7 9 0 13 5 56
1 7 9 0 2 16 47
1 7 8 16 3 0 33
1 7 8 14 4 1 79
1 7 8 12 5 2 117
1 7 8 11 0 8 110
1 7 8 10 6 3 14
1 7 8 9 1 9 125
1 7 8 8 7 4 44
1 7 8 7 2 10 185
1 7 8 6 8 5 77
1 7 8 5 14 0 34
1 7 8 5 3 11 26
1 7 8 4 9 6 42
1 7 8 3 15 1 114
1 7 8 3 4 12 180
1 7 8 2 10 7 117
1 7 8 1 16 2 30
1 7 8 1 5 13 1
1 7 8 0 11 8 185
1 7 8 0 0 19 35
1 7 7 18 0 2 16
1 7 7 16 1 3 76
1 7 7 14 2 4 128
1 7 7 12 3 5 83
1 7 7 11 9 0 191
1 7 7 10 4 6 121
1 7 7 9 10 1 66
1 7 7 8 5 7 21
1 7 7 7 11 2 21
1 7 7 7 0 13 128
1 7 7 6 6 8 163
1 7 7 5 12 3 170
1 7 7 5 1 14 104
1 7 7 4 7 9 147
1 7 7 3 13 4 34
1 7 7 3 2 15 62
1 7 7 2 8 10 65
1 7 7 1 14 5 79
1 7 7 1 3 16 45
1 7 7 0 20 0 51
1 7 7 0 9 11 137
1 7 6 17 4 0 142
1 7 6 15 5 1 12
1 7 6 14 0 7 27
1 7 6 13 6 2 70
1 7 6 12 1 8 62
1 7 6 11 7 3 161
1 7 6 10 2 9 142
1 7 6 9 8 4 96
1 7 6 8 3 10 174
1 7 6 7 9 5 94
1 7 6 6 15 0 176
1 7 6 6 4 11 185
1 7 6 5 10 6 42
1 7 6 4 16 1 139
1 7 6 4 5 12 3
1 7 6 3 11 7 172
1 7 6 3 0 18 114
1 7 6 2 17 2 181
1 7 6 2 6 13 26
1 7 6 1 12 8 50
1 7 6 1 1 19 168
1 7 6 0 18 3 93
1 7 6 0 7 14 112
1 7 5 21 0 1 182
1 7 5 19 1 2 169
1 7 5 17 2 3 54
1 7 5 15 3 4 42
1 7 5 13 4 5 103
1 7 5 12 10 0 74
1 7 5 11 5 6 175
1 7 5 10 11 1 118
1 7 5 10 0 12 92
1 7 5 8 12 2 170
1 7 5 8 1 13 2
1 7 5 7 7 8 104
1 7 5 6 13 3 159
1 7 5 6 2 14 31
1 7 5 5 8 9 185
1 7 5 4 14 4 64
1 7 5 4 3 15 73
1 7 5 3 9 10 25
1 7 5 2 15 5 156
1 7 5 2 4 16 178
1 7 5 1 21 0 140
1 7 5 1 10 11 66
1 7 5 0 16 6 112
1 7 5 0 5 17 163
1 7 4 18 5 0 147
1 7 4 17 0 6 170
1 7 4 16 6 1 174
1 7 4 15 1 7 134
1 7 4 14 7 2 158
1 7 4 13 2 8 47
1 7 4 12 8 3 108
1 7 4 11 3 9 150
1 7 4 10 9 4 112
1 7 4 9 4 10 185
1 7 4 8 10 5 97
1 7 4 7 16 0 112
1 7 4 7 5 11 121
1 7 4 6 11 6 109
1 7 4 6 0 17 164
1 7 4 5 17 1 64
1 7 4 5 6 12 144
1 7 4 4 12 7 80
1 7 4 4 1 18 135
1 7 4 3 18 2 168
1 7 4 3 7 13 129
1 7 4 2 13 8 166
1 7 4 2 2 19 173
1 7 4 1 19 3 164
1 7 4 1 8 14 127
1 7 4 0 14 9 126
1 7 4 0 3 20 21
1 7 3 24 0 0 82
1 7 3 22 1 1 25
1 7 3 20 2 2 166
1 7 3 18 3 3 124
1 7 3 16 4 4 74
1 7 3 14 5 5 22
1 7 3 13 11 0 145
1 7 3 13 0 11 45
1 7 3 12 6 6 96
1 7 3 11 12 1 116
1 7 3 11 1 12 54
1 7 3 10 7 7 55
1 7 3 9 13 2 114
1 7 3 9 2 13 25
1 7 3 8 8 8 86
1 7 3 7 14 3 15
1 7 3 7 3 14 64
1 7 3 6 9 9 73
1 7 3 5 15 4 193
1 7 3 5 4 15 8
1 7 3 4 10 10 198
1 7 3 3 16 5 37
1 7 3 3 5 16 1
1 7 3 2 22 0 21
1 7 3 2 11 11 71
1 7 3 2 0 22 90
1 7 3 1 17 6 31
1 7 3 1 6 17 83
1 7 3 0 23 1 85
1 7 3 0 12 12 8
1 7 3 0 1 23 120
1 7 2 20 0 5 88
1 7 2 19 6 0 61
1 7 2 18 1 6 7
1 7 2 17 7 1 34
1 7 2 16 2 7 103
1 7 2 15 8 2 181
1 7 2 14 3 8 152
1 7 2 13 9 3 83
1 7 2 12 4 9 131
1 7 2 11 10 4 111
1 7 2 10 5 10 134
1 7 2 9 11 5 19
1 7 2 9 0 16 23
1 7 2 8 17 0 160
1 7 2 8 6 11 44
1 7 2 7 12 6 35
1 7 2 7 1 17 172
1 7 2 6 18 1 100
1 7 2 6 7 12 198
1 7 2 5 13 7 26
1 7 2 5 2 18 34
1 7 2 4 19 2 23
1 7 2 4 8 13 69
1 7 2 3 14 8 23
1 7 2 3 3 19 37
1 7 2 2 20 3 140
1 7 2 2 9 14 159
1 7 2 1 15 9 87
1 7 2 1 4 20 32
1 7 2 0 21 4 181
1 7 2 0 10 15 108
1 7 1 25 1 0 128
1 7 1 23 2 1 183
1 7 1 21 3 2 54
1 7 1 19 4 3 114
1 7 1 17 5 4 93
1 7 1 16 0 10 40
1 7 1 15 6 5 188
1 7 1 14 12 0 82
1 7 1 14 1 11 160
1 7 1 13 7 6 183
1 7 1 12 13 1 106
1 7 1 12 2 12 117
1 7 1 11 8 7 58
1 7 1 10 14 2 149
1 7 1 10 3 13 155
1 7 1 9 9 8 144
1 7 1 8 15 3 11
1 7 1 8 4 14 38
1 7 1 7 10 9 145
1 7 1 6 16 4 185
1 7 1 6 5 15 182
1 7 1 5 11 10 133
1 7 1 5 0 21 4
1 7 1 4 17 5 50
1 7 1 4 6 16 141
1 7 1 3 23 0 171
1 7 1 3 12 11 117
1 7 1 3 1 22 77
1 7 1 2 18 6 186
1 7 1 2 7 17 187
1 7 1 1 24 1 188
1 7 1 1 13 12 186
1 7 1 1 2 23 14
1 7 1 0 19 7 30
1 7 1 0 8 18 65
1 7 0 23 0 4 27
1 7 0 21 1 5 170
1 7 0 20 7 0 126
1 7 0 19 2 6 123
1 7 0 18 8 1 141
1 7 0 17 3 7 175
1 7 0 16 9 2 157
1 7 0 15 4 8 31
1 7 0 14 10 3 153
1 7 0 13 5 9 5
1 7 0 12 11 4 122
1 7 0 12 0 15 17
1 7 0 11 6 10 61
1 7 0 10 12 5 15
1 7 0 10 1 16 169
1 7 0 9 18 0 28
1 7 0 9 7 11 175
1 7 0 8 13 6 27
1 7 0 8 2 17 63
1 7 0 7 19 1 181
1 7 0 7 8 12 24
1 7 0 6 14 7 83
1 7 0 6 3 18 106
1 7 0 5 20 2 56
1 7 0 5 9 13 20
1 7 0 4 15 8 2
1 7 0 4 4 19 114
1 7 0 3 21 3 50
1 7 0 3 10 14 135
1 7 0 2 16 9 93
1 7 0 2 5 20 48
1 7 0 1 22 4 77
1 7 0 1 11 15 172
1 7 0 1 0 26 154
1 7 0 0 17 10 84
1 7 0 0 6 21 44
1 6 25 0 3 0 24
1 6 24 2 0 2 127
1 6 24 0 1 3 167
1 6 23 1 4 0 182
1 6 22 5 0 1 145
1 6 22 3 1 2 89
1 6 22 1 2 3 108
1 6 21 2 5 0 178
1 6 21 1 0 6 165
1 6 21 0 6 1 124
1 6 20 8 0 0 179
1 6 20 6 1 1 36
1 6 20 4 2 2 154
1 6 20 2 3 3 65
1 6 20 0 4 4 64
1 6 19 4 0 5 10
1 6 19 3 6 0 66
1 6 19 2 1 6 94
1 6 19 1 7 1 171
1 6 19 0 2 7 81
1 6 18 9 1 0 77
1 6 18 7 2 1 138
1 6 18 5 3 2 73
1 6 18 3 4 3 43
1 6 18 1 5 4 64
1 6 18 0 0 10 109
1 6 17 7 0 4 69
1 6 17 5 1 5 158
1 6 17 4 7 0 185
1 6 17 3 2 6 135
1 6 17 2 8 1 56
1 6 17 1 3 7 55
1 6 17 0 9 2 124
1 6 16 10 2 0 50
1 6 16 8 3 1 162
1 6 16 6 4 2 13
1 6 16 4 5 3 123
1 6 16 3 0 9 166
1 6 16 2 6 4 138
1 6 16 1 1 10 38
1 6 16 0 7 5 189
1 6 15 10 0 3 4
1 6 15 8 1 4 178
1 6 15 6 2 5 112
1 6 15 5 8 0 112
1 6 15 4 3 6 25
1 6 15 3 9 1 56
1 6 15 2 4 7 52
1 6 15 1 10 2 143
1 6 15 0 5 8 12
1 6 14 11 3 0 48
1 6 14 9 4 1 39
1 6 14 7 5 2 147
1 6 14 6 0 8 80
1 6 14 5 6 3 139
1 6 14 4 1 9 77
1 6 14 3 7 4 153
1 6 14 2 2 10 48
1 6 14 1 8 5 25
1 6 14 0 14 0 164
1 6 14 0 3 11 88
1 6 13 13 0 2 190
1 6 13 11 1 3 86
1 6 13 9 2 4 83
1 6 13 7 3 5 85
1 6 13 6 9 0 146
1 6 13 5 4 6 185
1 6 13 4 10 1 30
1 6 13 3 5 7 196
1 6 13 2 11 2 141
1 6 13 2 0 13 139
1 6 13 1 6 8 102
1 6 13 0 12 3 2
1 6 13 0 1 14 137
1 6 12 12 4 0 34
1 6 12 10 5 1 77
1 6 12 9 0 7 106
1 6 12 8 6 2 36
1 6 12 7 1 8 175
1 6 12 6 7 3 12
1 6 12 5 2 9 71
1 6 12 4 8 4 165
1 6 12 3 3 10 162
1 6 12 2 9 5 1
1 6 12 1 15 0 108
1 6 12 1 4 11 126
1 6 12 0 10 6 89
1 6 11 16 0 1 57
1 6 11 14 1 2 93
1 6 11 12 2 3 150
1 6 11 10 3 4 99
1 6 11 8 4 5 118
1 6 11 7 10 0 143
1 6 11 6 5 6 20
1 6 11 5 11 1 165
1 6 11 5 0 12 159
1 6 11 4 6 7 93
1 6 11 3 12 2 141
1 6 11 3 1 13 48
1 6 11 2 7 8 152
1 6 11 1 13 3 31
1 6 11 1 2 14 154
1 6 11 0 8 9 174
1 6 10 13 5 0 73
1 6 10 12 0 6 113
1 6 10 11 6 1 127
1 6 10 10 1 7 91
1 6 10 9 7 2 9
1 6 10 8 2 8 196
1 6 10 7 8 3 96
1 6 10 6 3 9 177
1 6 10 5 9 4 160
1 6 10 4 4 10 98
1 6 10 3 10 5 14
1 6 10 2 16 0 7
1 6 10 2 5 11 115
1 6 10 1 11 6 78
1 6 10 1 0 17 10
1 6 10 0 17 1 55
1 6 10 0 6 12 10
1 6 9 19 0 0 27
1 6 9 17 1 1 10
1 6 9 15 2 2 119
1 6 9 13 3 3 5
1 6 9 11 4 4 136
1 6 9 9 5 5 149
1 6 9 8 11 0 28
1 6 9 8 0 11 107
1 6 9 7 6 6 139
1 6 9 6 12 1 137
1 6 9 6 1 12 164
1 6 9 5 7 7 92
1 6 9 4 13 2 28
1 6 9 4 2 13 136
1 6 9 3 8 8 197
1 6 9 2 14 3 118
1 6 9 2 3 14 124
1 6 9 1 9 9 36
1 6 9 0 15 4 165
1 6 9 0 4 15 64
1 6 8 15 0 5 133
1 6 8 14 6 0 21
1 6 8 13 1 6 56
1 6 8 12 7 1 136
1 6 8 11 2 7 41
1 6 8 10 8 2 175
1 6 8 9 3 8 128
1 6 8 8 9 3 131
1 6 8 7 4 9 191
1 6 8 6 10 4 112
1 6 8 5 5 10 22
1 6 8 4 11 5 102
1 6 8 4 0 16 138
1 6 8 3 17 0 168
1 6 8 3 6 11 32
1 6 8 2 12 6 43
1 6 8 2 1 17 38
1 6 8 1 18 1 172
1 6 8 1 7 12 16
1 6 8 0 13 7 77
1 6 8 0 2 18 20
1 6 7 20 1 0 17
1 6 7 18 2 1 88
1 6 7 16 3 2 83
1 6 7 14 4 3 44
1 6 7 12 5 4 27
1 6 7 11 0 10 33
1 6 7 10 6 5 62
1 6 7 9 12 0 21
1 6 7 9 1 11 149
1 6 7 8 7 6 126
1 6 7 7 13 1 49
1 6 7 7 2 12 105
1 6 7 6 8 7 149
1 6 7 5 14 2 196
1 6 7 5 3 13 148
1 6 7 4 9 8 159
1 6 7 3 15 3 49
1 6 7 3 4 14 14
1 6 7 2 10 9 21
1 6 7 1 16 4 151
1 6 7 1 5 15 96
1 6 7 0 11 10 79
1 6 7 0 0 21 36
1 6 6 18 0 4 22
1 6 6 16 1 5 57
1 6 6 15 7 0 3
1 6 6 14 2 6 105
1 6 6 13 8 1 177
1 6 6 12 3 7 133
1 6 6 11 9 2 54
1 6 6 10 4 8 82
1 6 6 9 10 3 90
1 6 6 8 5 9 8
1 6 6 7 11 4 62
1 6 6 7 0 15 100
1 6 6 6 6 10 53
1 6 6 5 12 5 45
1 6 6 5 1 16 154
1 6 6 4 18 0 77
1 6 6 4 7 11 87
1 6 6 3 13 6 115
1 6 6 3 2 17 57
1 6 6 2 19 1 88
1 6 6 2 8 12 192
1 6 6 1 14 7 62
1 6 6 1 3 18 90
1 6 6 0 20 2 100
1 6 6 0 9 13 112
1 6 5 21 2 0 137
1 6 5 19 3 1 171
1 6 5 17 4 2 76
1 6 5 15 5 3 6
1 6 5 14 0 9 88
1 6 5 13 6 4 146
1 6 5 12 1 10 17
1 6 5 11 7 5 181
1 6 5 10 13 0 77
1 6 5 10 2 11 130
1 6 5 9 8 6 124
1 6 5 8 14 1 92
1 6 5 8 3 12 100
1 6 5 7 9 7 170
1 6 5 6 15 2 4
1 6 5 6 4 13 111
1 6 5 5 10 8 12
1 6 5 4 16 3 15
1 6 5 4 5 14 44
1 6 5 3 11 9 78
1 6 5 3 0 20 126
1 6 5 2 17 4 116
1 6 5 2 6 15 110
1 6 5 1 12 10 55
1 6 5 1 1 21 180
1 6 5 0 18 5 193
1 6 5 0 7 16 76
1 6 4 21 0 3 8
1 6 4 19 1 4 51
1 6 4 17 2 5 38
1 6 4 16 8 0 150
1 6 4 15 3 6 139
1 6 4 14 9 1 186
1 6 4 13 4 7 163
1 6 4 12 10 2 76
1 6 4 11 5 8 196
1 6 4 10 11 3 120
1 6 4 10 0 14 92
1 6 4 9 6 9 13
1 6 4 8 12 4 62
1 6 4 8 1 15 4
1 6 4 7 7 10 197
1 6 4 6 13 5 93
1 6 4 6 2 16 46
1 6 4 5 19 0 85
1 6 4 5 8 11 1
1 6 4 4 14 6 34
1 6 4 4 3 17 196
1 6 4 3 20 1 63
1 6 4 3 9 12 147
1 6 4 2 15 7 46
1 6 4 2 4 18 16
1 6 4 1 21 2 197
1 6 4 1 10 13 97
1 6 4 0 16 8 12
1 6 4 0 5 19 125
1 6 3 20 4 1 78
1 6 3 18 5 2 164
1 6 3 17 0 8 12
1 6 3 16 6 3 120
1 6 3 15 1 9 190
1 6 3 14 7 4 163
1 6 3 13 2 10 79
1 6 3 12 8 5 146
1 6 3 11 14 0 110
1 6 3 11 3 11 1
1 6 3 10 9 6 26
1 6 3 9 15 1 167
1 6 3 9 4 12 15
1 6 3 8 10 7 146
1 6 3 7 16 2 141
1 6 3 7 5 13 180
1 6 3 6 11 8 158
1 6 3 6 0 19 51
1 6 3 5 17 3 162
1 6 3 5 6 14 75
1 6 3 4 12 9 47
1 6 3 4 1 20 157
1 6 3 3 18 4 12
1 6 3 3 7 15 14
1 6 3 2 13 10 98
1 6 3 2 2 21 99
1 6 3 1 19 5 72
1 6 3 1 8 16 24
1 6 3 0 25 0 142
1 6 3 0 14 11 173
1 6 3 0 3 22 186
1 6 2 24 0 2 174
1 6 2 22 1 3 41
1 6 2 20 2 4 112
1 6 2 18 3 5 52
1 6 2 17 9 0 48
1 6 2 16 4 6 158
1 6 2 15 10 1 157
1 6 2 14 5 7 85
1 6 2 13 11 2 60
1 6 2 13 0 13 196
1 6 2 12 6 8 85
1 6 2 11 12 3 147
1 6 2 11 1 14 136
1 6 2 10 7 9 174
1 6 2 9 13 4 138
1 6 2 9 2 15 125
1 6 2 8 8 10 71
1 6 2 7 14 5 110
1 6 2 7 3 16 24
1 6 2 6 20 0 82
1 6 2 6 9 11 116
1 6 2 5 15 6 67
1 6 2 5 4 17 150
1 6 2 4 21 1 139
1 6 2 4 10 12 118
1 6 2 3 16 7 123
1 6 2 3 5 18 93
1 6 2 2 22 2 69
1 6 2 2 11 13 64
1 6 2 2 0 24 6
1 6 2 1 17 8 195
1 6 2 1 6 19 98
1 6 2 0 23 3 96
1 6 2 0 12 14 34
1 6 2 0 1 25 188
1 6 1 23 4 0 147
1 6 1 21 5 1 166
1 6 1 20 0 7 136
1 6 1 19 6 2 92
1 6 1 18 1 8 43
1 6 1 17 7 3 55
1 6 1 16 2 9 77
1 6 1 15 8 4 195
1 6 1 14 3 10 122
1 6 1 13 9 5 19
1 6 1 12 15 0 173
1 6 1 12 4 11 194
1 6 1 11 10 6 30
1 6 1 10 16 1 30
1 6 1 10 5 12 30
1 6 1 9 11 7 102
1 6 1 9 0 18 130
1 6 1 8 17 2 55
1 6 1 8 6 13 85
1 6 1 7 12 8 149
1 6 1 7 1 19 115
1 6 1 6 18 3 115
1 6 1 6 7 14 7
1 6 1 5 13 9 174
1 6 1 4 19 4 44
1 6 1 4 8 15 81
1 6 1 3 14 10 174
1 6 1 3 3 21 137
1 6 1 2 20 5 65
1 6 1 2 9 16 160
1 6 1 1 26 0 83
1 6 1 1 15 11 168
1 6 1 1 4 22 64
1 6 1 0 21 6 85
1 6 1 0 10 17 103
1 6 0 27 0 1 47
1 6 0 25 1 2 13
1 6 0 23 2 3 21
1 6 0 21 3 4 131
1 6 0 19 4 5 144
1 6 0 18 10 0 2
1 6 0 17 5 6 185
1 6 0 16 11 1 12
1 6 0 16 0 12 167
1 6 0 15 6 7 52
1 6 0 14 12 2 115
1 6 0 14 1 13 169
1 6 0 13 7 8 155
1 6 0 12 13 3 156
1 6 0 12 2 14 115
1 6 0 11 8 9 57
1 6 0 10 14 4 134
1 6 0 10 3 15 144
1 6 0 9 9 10 107
1 6 0 8 15 5 156
1 6 0 8 4 16 36
1 6 0 7 21 0 81
1 6 0 7 10 11 48
1 6 0 6 16 6 19
1 6 0 6 5 17 73
1 6 0 5 22 1 34
1 6 0 5 11 12 48
1 6 0 5 0 23 111
1 6 0 4 17 7 9
1 6 0 4 6 18 173
1 6 0 3 23 2 74
1 6 0 3 12 13 18
1 6 0 3 1 24 17
1 6 0 2 18 8 49
1 6 0 2 7 19 67
1 6 0 1 24 3 29
1 6 0 1 13 14 190
1 6 0 1 2 25 115
1 6 0 0 19 9 115
1 6 0 0 8 20 47
1 5 28 0 0 1 196
1 5 26 3 0 0 136
1 5 26 1 1 1 150
1 5 24 4 1 0 56
1 5 24 2 2 1 193
1 5 24 0 3 2 187
1 5 23 2 0 4 63
1 5 23 0 1 5 183
1 5 22 5 2 0 118
1 5 22 3 3 1 151
1 5 22 1 4 2 20
1 5 21 5 0 3 118
1 5 21 3 1 4 179
1 5 21 1 2 5 97
1 5 21 0 8 0 81
1 5 20 6 3 0 197
1 5 20 4 4 1 184
1 5 20 2 5 2 100
1 5 20 1 0 8 171
1 5 19 8 0 2 43
1 5 19 6 1 3 26
1 5 19 4 2 4 86
1 5 19 2 3 5 100
1 5 19 1 9 0 101
1 5 19 0 4 6 12
1 5 18 7 4 0 1
1 5 18 5 5 1 139
1 5 18 4 0 7 2
1 5 18 3 6 2 8
1 5 18 2 1 8 163
1 5 18 1 7 3 83
1 5 18 0 2 9 185
1 5 17 11 0 1 181
1 5 17 9 1 2 61
1 5 17 7 2 3 33
1 5 17 5 3 4 70
1 5 17 3 4 5 161
1 5 17 2 10 0 56
1 5 17 1 5 6 110
1 5 17 0 11 1 84
1 5 17 0 0 12 173
1 5 16 8 5 0 68
1 5 16 7 0 6 78
1 5 16 6 6 1 15
1 5 16 5 1 7 114
1 5 16 4 7 2 139
1 5 16 3 2 8 58
1 5 16 2 8 3 117
1 5 16 1 3 9 38
1 5 16 0 9 4 180
1 5 15 14 0 0 80
1 5 15 12 1 1 118
1 5 15 10 2 2 54
1 5 15 8 3 3 40
1 5 15 6 4 4 171
1 5 15 4 5 5 164
1 5 15 3 11 0 159
1 5 15 3 0 11 165
1 5 15 2 6 6 148
1 5 15 1 12 1 47
1 5 15 1 1 12 23
1 5 15 0 7 7 46
1 5 14 10 0 5 168
1 5 14 9 6 0 71
1 5 14 8 1 6 69
1 5 14 7 7 1 176
1 5 14 6 2 7 45
1 5 14 5 8 2 197
1 5 14 4 3 8 68
1 5 14 3 9 3 5
1 5 14 2 4 9 38
1 5 14 1 10 4 185
1 5 14 0 5 10 72
1 5 13 15 1 0 129
1 5 13 13 2 1 183
1 5 13 11 3 2 150
1 5 13 9 4 3 116
1 5 13 7 5 4 139
1 5 13 6 0 10 20
1 5 13 5 6 5 136
1 5 13 4 12 0 35
1 5 13 4 1 11 162
1 5 13 3 7 6 135
1 5 13 2 13 1 176
1 5 13 2 2 12 190
1 5 13 1 8 7 17
1 5 13 0 14 2 184
1 5 13 0 3 13 48
1 5 12 13 0 4 76
1 5 12 11 1 5 167
1 5 12 10 7 0 124
1 5 12 9 2 6 102
1 5 12 8 8 1 139
1 5 12 7 3 7 120
1 5 12 6 9 2 65
1 5 12 5 4 8 174
1 5 12 4 10 3 73
1 5 12 3 5 9 44
1 5 12 2 11 4 141
1 5 12 2 0 15 96
1 5 12 1 6 10 154
1 5 12 0 12 5 29
1 5 12 0 1 16 190
1 5 11 16 2 0 28
1 5 11 14 3 1 126
1 5 11 12 4 2 135
1 5 11 10 5 3 109
1 5 11 9 0 9 145
1 5 11 8 6 4 31
1 5 11 7 1 10 193
1 5 11 6 7 5 150
1 5 11 5 13 0 69
1 5 11 5 2 11 172
1 5 11 4 8 6 90
1 5 11 3 14 1 175
1 5 11 3 3 12 159
1 5 11 2 9 7 90
1 5 11 1 15 2 165
1 5 11 1 4 13 192
1 5 11 0 10 8 197
1 5 10 16 0 3 196
1 5 10 14 1 4 142
1 5 10 12 2 5 72
1 5 10 11 8 0 93
1 5 10 10 3 6 181
1 5 10 9 9 1 86
1 5 10 8 4 7 129
1 5 10 7 10 2 173
1 5 10 6 5 8 61
1 5 10 5 11 3 131
1 5 10 5 0 14 39
1 5 10 4 6 9 64
1 5 10 3 12 4 19
1 5 10 3 1 15 195
1 5 10 2 7 10 90
1 5 10 1 13 5 23
1 5 10 1 2 16 141
1 5 10 0 19 0 194
1 5 10 0 8 11 147
1 5 9 17 3 0 128
1 5 9 15 4 1 126
1 5 9 13 5 2 102
1 5 9 12 0 8 104
1 5 9 11 6 3 86
1 5 9 10 1 9 8
1 5 9 9 7 4 38
1 5 9 8 2 10 2
1 5 9 7 8 5 40
1 5 9 6 14 0 157
1 5 9 6 3 11 15
1 5 9 5 9 6 154
1 5 9 4 15 1 154
1 5 9 4 4 12 193
1 5 9 3 10 7 195
1 5 9 2 16 2 27
1 5 9 2 5 13 7
1 5 9 1 11 8 171
1 5 9 1 0 19 146
1 5 9 0 17 3 111
1 5 9 0 6 14 43
1 5 8 19 0 2 156
1 5 8 17 1 3 154
1 5 8 15 2 4 132
1 5 8 13 3 5 131
1 5 8 12 9 0 82
1 5 8 11 4 6 104
1 5 8 10 10 1 130
1 5 8 9 5 7 131
1 5 8 8 11 2 178
1 5 8 8 0 13 147
1 5 8 7 6 8 62
1 5 8 6 12 3 180
1 5 8 6 1 14 5
1 5 8 5 7 9 12
1 5 8 4 13 4 97
1 5 8 4 2 15 140
1 5 8 3 8 10 65
1 5 8 2 14 5 151
1 5 8 2 3 16 142
1 5 8 1 20 0 24
1 5 8 1 9 11 47
1 5 8 0 15 6 56
1 5 8 0 4 17 163
1 5 7 18 4 0 103
1 5 7 16 5 1 14
1 5 7 15 0 7 11
1 5 7 14 6 2 188
1 5 7 13 1 8 41
1 5 7 12 7 3 155
1 5 7 11 2 9 32
1 5 7 10 8 4 186
1 5 7 9 3 10 140
1 5 7 8 9 5 4
1 5 7 7 15 0 183
1 5 7 7 4 11 62
1 5 7 6 10 6 163
1 5 7 5 16 1 94
1 5 7 5 5 12 64
1 5 7 4 11 7 56
1 5 7 4 0 18 29
1 5 7 3 17 2 4
1 5 7 3 6 13 197
1 5 7 2 12 8 132
1 5 7 2 1 19 49
1 5 7 1 18 3 196
1 5 7 1 7 14 47
1 5 7 0 13 9 151
1 5 7 0 2 20 90
1 5 6 22 0 1 181
1 5 6 20 1 2 185
1 5 6 18 2 3 146
1 5 6 16 3 4 150
1 5 6 14 4 5 189
1 5 6 13 10 0 173
1 5 6 12 5 6 3
1 5 6 11 11 1 31
1 5 6 11 0 12 191
1 5 6 10 6 7 184
1 5 6 9 12 2 59
1 5 6 9 1 13 135
1 5 6 8 7 8 18
1 5 6 7 13 3 166
1 5 6 7 2 14 24
1 5 6 6 8 9 134
1 5 6 5 14 4 141
1 5 6 5 3 15 37
1 5 6 4 9 10 103
1 5 6 3 15 5 191
1 5 6 3 4 16 17
1 5 6 2 21 0 36
1 5 6 2 10 11 147
1 5 6 1 16 6 146
1 5 6 1 5 17 111
1 5 6 0 22 1 79
1 5 6 0 11 12 103
1 5 6 0 0 23 183
1 5 5 19 5 0 116
1 5 5 18 0 6 137
1 5 5 17 6 1 52
1 5 5 16 1 7 87
1 5 5 15 7 2 9
1 5 5 14 2 8 125
1 5 5 13 8 3 92
1 5 5 12 3 9 1
1 5 5 11 9 4 43
1 5 5 10 4 10 56
1 5 5 9 10 5 180
1 5 5 8 16 0 60
1 5 5 8 5 11 166
1 5 5 7 11 6 166
1 5 5 7 0 17 80
1 5 5 6 17 1 38
1 5 5 6 6 12 130
1 5 5 5 12 7 159
1 5 5 5 1 18 151
1 5 5 4 18 2 94
1 5 5 4 7 13 100
1 5 5 3 13 8 82
1 5 5 3 2 19 120
1 5 5 2 19 3 40
1 5 5 2 8 14 188
1 5 5 1 14 9 165
1 5 5 1 3 20 198
1 5 5 0 20 4 162
1 5 5 0 9 15 154
1 5 4 25 0 0 156
1 5 4 23 1 1 164
1 5 4 21 2 2 132
1 5 4 19 3 3 4
1 5 4 17 4 4 30
1 5 4 15 5 5 16
1 5 4 14 11 0 99
1 5 4 14 0 11 185
1 5 4 13 6 6 67
1 5 4 12 12 1 41
1 5 4 12 1 12 10
1 5 4 11 7 7 183
1 5 4 10 13 2 196
1 5 4 10 2 13 190
1 5 4 9 8 8 186
1 5 4 8 14 3 114
1 5 4 8 3 14 99
1 5 4 7 9 9 9
1 5 4 6 15 4 176
1 5 4 6 4 15 178
1 5 4 5 10 10 11
1 5 4 4 16 5 193
1 5 4 4 5 16 28
1 5 4 3 22 0 14
1 5 4 3 11 11 69
1 5 4 3 0 22 125
1 5 4 2 17 6 61
1 5 4 2 6 17 156
1 5 4 1 23 1 177
1 5 4 1 12 12 169
1 5 4 1 1 23 153
1 5 4 0 18 7 8
1 5 4 0 7 18 194
1 5 3 21 0 5 175
1 5 3 20 6 0 1
1 5 3 19 1 6 149
1 5 3 18 7 1 26
1 5 3 17 2 7 41
1 5 3 16 8 2 128
1 5 3 15 3 8 180
1 5 3 14 9 3 48
1 5 3 13 4 9 118
1 5 3 12 10 4 6
1 5 3 11 5 10 72
1 5 3 10 11 5 128
1 5 3 10 0 16 35
1 5 3 9 17 0 184
1 5 3 9 6 11 35
1 5 3 8 12 6 19
1 5 3 8 1 17 79
1 5 3 7 18 1 162
1 5 3 7 7 12 147
1 5 3 6 13 7 23
1 5 3 6 2 18 114
1 5 3 5 19 2 183
1 5 3 5 8 13 197
1 5 3 4 14 8 4
1 5 3 4 3 19 61
1 5 3 3 20 3 58
1 5 3 3 9 14 85
1 5 3 2 15 9 35
1 5 3 2 4 20 141
1 5 3 1 21 4 179
1 5 3 1 10 15 193
1 5 3 0 16 10 17
1 5 3 0 5 21 48
1 5 2 26 1 0 63
1 5 2 24 2 1 72
1 5 2 22 3 2 75
1 5 2 20 4 3 139
1 5 2 18 5 4 58
1 5 2 17 0 10 53
1 5 2 16 6 5 41
1 5 2 15 12 0 173
1 5 2 15 1 11 192
1 5 2 14 7 6 187
1 5 2 13 13 1 24
1 5 2 13 2 12 101
1 5 2 12 8 7 19
1 5 2 11 14 2 37
1 5 2 11 3 13 157
1 5 2 10 9 8 70
1 5 2 9 15 3 64
1 5 2 9 4 14 134
1 5 2 8 10 9 81
1 5 2 7 16 4 120
1 5 2 7 5 15 96
1 5 2 6 11 10 166
1 5 2 6 0 21 61
1 5 2 5 17 5 23
1 5 2 5 6 16 121
1 5 2 4 23 0 81
1 5 2 4 12 11 79
1 5 2 4 1 22 130
1 5 2 3 18 6 61
1 5 2 3 7 17 188
1 5 2 2 24 1 184
1 5 2 2 13 12 83
1 5 2 2 2 23 191
1 5 2 1 19 7 131
1 5 2 1 8 18 186
1 5 2 0 25 2 141
1 5 2 0 14 13 38
1 5 2 0 3 24 6
1 5 1 24 0 4 24
1 5 1 22 1 5 19
1 5 1 21 7 0 192
1 5 1 20 2 6 114
1 5 1 19 8 1 137
1 5 1 18 3 7 146
1 5 1 17 9 2 167
1 5 1 16 4 8 66
1 5 1 14 5 9 9
1 5 1 13 11 4 27
1 5 1 13 0 15 183
1 5 1 12 6 10 37
1 5 1 11 12 5 136
1 5 1 11 1 16 172
1 5 1 10 18 0 183
1 5 1 10 7 11 132
1 5 1 9 13 6 152
1 5 1 9 2 17 153
1 5 1 8 19 1 125
1 5 1 8 8 12 49
1 5 1 7 14 7 182
1 5 1 7 3 18 197
1 5 1 6 20 2 169
1 5 1 6 9 13 27
1 5 1 5 15 8 153
1 5 1 5 4 19 76
1 5 1 4 21 3 74
1 5 1 4 10 14 143
1 5 1 3 16 9 121
1 5 1 3 5 20 110
1 5 1 2 22 4 136
1 5 1 2 11 15 165
1 5 1 2 0 26 13
1 5 1 1 17 10 140
1 5 1 1 6 21 110
1 5 1 0 23 5 133
1 5 1 0 12 16 45
1 5 1 0 1 27 181
1 5 0 27 2 0 68
1 5 0 25 3 1 87
1 5 0 23 4 2 136
1 5 0 21 5 3 14
1 5 0 20 0 9 113
1 5 0 19 6 4 170
1 5 0 18 1 10 63
1 5 0 17 7 5 102
1 5 0 16 13 0 4
1 5 0 16 2 11 55
1 5 0 15 8 6 136
1 5 0 14 14 1 126
1 5 0 14 3 12 120
1 5 0 13 9 7 48
1 5 0 12 15 2 166
1 5 0 12 4 13 44
1 5 0 11 10 8 74
1 5 0 10 16 3 172
1 5 0 10 5 14 179
1 5 0 9 11 9 125
1 5 0 9 0 20 162
1 5 0 8 17 4 185
1 5 0 8 6 15 134
1 5 0 7 12 10 171
1 5 0 7 1 21 172
1 5 0 6 18 5 46
1 5 0 6 7 16 115
1 5 0 5 24 0 131
1 5 0 5 13 11 67
1 5 0 5 2 22 102
1 5 0 4 8 17 184
1 5 0 3 25 1 19
1 5 0 3 14 12 3
1 5 0 3 3 23 193
1 5 0 2 20 7 99
1 5 0 2 9 18 170
1 5 0 1 26 2 9
1 5 0 1 15 13 80
1 5 0 1 4 24 101
1 5 0 0 21 8 5
1 5 0 0 10 19 170
1 4 28 0 2 0 68
1 4 27 0 0 3 24
1 4 26 1 3 0 157
1 4 25 3 0 2 57
1 4 25 1 1 3 167
1 4 24 2 4 0 144
1 4 24 0 5 1 102
1 4 23 6 0 1 58
1 4 23 4 1 2 173
1 4 23 2 2 3 46
1 4 23 0 3 4 179
1 4 22 3 5 0 119
1 4 22 2 0 6 95
1 4 22 1 6 1 76
1 4 22 0 1 7 198
1 4 21 9 0 0 62
1 4 21 7 1 1 155
1 4 21 5 2 2 59
1 4 21 3 3 3 151
1 4 21 1 4 4 36
1 4 20 5 0 5 162
1 4 20 4 6 0 184
1 4 20 3 1 6 3
1 4 20 2 7 1 78
1 4 20 1 2 7 79
1 4 20 0 8 2 114
1 4 19 10 1 0 53
1 4 19 8 2 1 81
1 4 19 6 3 2 145
1 4 19 4 4 3 28
1 4 19 2 5 4 189
1 4 19 1 0 10 193
1 4 19 0 6 5 87
1 4 18 8 0 4 125
1 4 18 6 1 5 122
1 4 18 5 7 0 174
1 4 18 4 2 6 51
1 4 18 3 8 1 32
1 4 18 2 3 7 198
1 4 18 1 9 2 58
1 4 18 0 4 8 151
1 4 17 11 2 0 179
1 4 17 9 3 1 158
1 4 17 7 4 2 143
1 4 17 5 5 3 97
1 4 17 4 0 9 147
1 4 17 3 6 4 161
1 4 17 2 1 10 68
1 4 17 1 7 5 82
1 4 17 0 13 0 181
1 4 17 0 2 11 5
1 4 16 11 0 3 142
1 4 16 9 1 4 142
1 4 16 7 2 5 154
1 4 16 6 8 0 75
1 4 16 5 3 6 169
1 4 16 4 9 1 189
1 4 16 3 4 7 75
1 4 16 2 10 2 108
1 4 16 1 5 8 53
1 4 16 0 11 3 53
1 4 16 0 0 14 143
1 4 15 12 3 0 194
1 4 15 10 4 1 24
1 4 15 8 5 2 120
1 4 15 7 0 8 124
1 4 15 6 6 3 77
1 4 15 5 1 9 94
1 4 15 4 7 4 153
1 4 15 3 2 10 83
1 4 15 2 8 5 13
1 4 15 1 14 0 72
1 4 15 1 3 11 108
1 4 15 0 9 6 103
1 4 14 14 0 2 125
1 4 14 12 1 3 51
1 4 14 10 2 4 63
1 4 14 8 3 5 92
1 4 14 7 9 0 85
1 4 14 6 4 6 181
1 4 14 5 10 1 79
1 4 14 4 5 7 100
1 4 14 3 11 2 149
1 4 14 3 0 13 35
1 4 14 2 6 8 37
1 4 14 1 12 3 76
1 4 14 1 1 14 143
1 4 14 0 7 9 33
1 4 13 13 4 0 167
1 4 13 11 5 1 43
1 4 13 10 0 7 21
1 4 13 9 6 2 192
1 4 13 8 1 8 113
1 4 13 7 7 3 184
1 4 13 6 2 9 166
1 4 13 5 8 4 30
1 4 13 4 3 10 197
1 4 13 3 9 5 161
1 4 13 2 15 0 51
1 4 13 2 4 11 56
1 4 13 1 10 6 119
1 4 13 0 16 1 10
1 4 13 0 5 12 135
1 4 12 17 0 1 124
1 4 12 15 1 2 187
1 4 12 13 2 3 47
1 4 12 11 3 4 92
1 4 12 9 4 5 25
1 4 12 8 10 0 31
1 4 12 7 5 6 192
1 4 12 6 11 1 53
1 4 12 6 0 12 91
1 4 12 5 6 7 56
1 4 12 4 12 2 96
1 4 12 4 1 13 45
1 4 12 3 7 8 178
1 4 12 2 13 3 112
1 4 12 2 2 14 129
1 4 12 1 8 9 68
1 4 12 0 14 4 76
1 4 12 0 3 15 76
1 4 11 14 5 0 124
1 4 11 13 0 6 164
1 4 11 12 6 1 66
1 4 11 11 1 7 135
1 4 11 10 7 2 32
1 4 11 9 2 8 99
1 4 11 8 8 3 82
1 4 11 7 3 9 187
1 4 11 6 9 4 41
1 4 11 5 4 10 56
1 4 11 4 10 5 94
1 4 11 3 16 0 39
1 4 11 3 5 11 117
1 4 11 2 11 6 58
1 4 11 2 0 17 136
1 4 11 1 17 1 22
1 4 11 1 6 12 186
1 4 11 0 12 7 17
1 4 11 0 1 18 48
1 4 10 20 0 0 174
1 4 10 18 1 1 19
1 4 10 16 2 2 95
1 4 10 14 3 3 27
1 4 10 12 4 4 124
1 4 10 10 5 5 185
1 4 10 9 11 0 83
1 4 10 9 0 11 36
1 4 10 8 6 6 57
1 4 10 7 12 1 39
1 4 10 7 1 12 125
1 4 10 6 7 7 48
1 4 10 5 13 2 20
1 4 10 5 2 13 105
1 4 10 4 8 8 169
1 4 10 3 14 3 144
1 4 10 3 3 14 196
1 4 10 2 9 9 106
1 4 10 1 15 4 39
1 4 10 1 4 15 170
1 4 10 0 10 10 90
1 4 9 16 0 5 88
1 4 9 15 6 0 175
1 4 9 14 1 6 79
1 4 9 13 7 1 132
1 4 9 12 2 7 30
1 4 9 11 8 2 18
1 4 9 10 3 8 36
1 4 9 9 9 3 185
1 4 9 8 4 9 117
1 4 9 7 10 4 7
1 4 9 6 5 10 113
1 4 9 5 11 5 170
1 4 9 5 0 16 26
1 4 9 4 17 0 83
1 4 9 4 6 11 135
1 4 9 3 12 6 75
1 4 9 3 1 17 187
1 4 9 2 18 1 10
1 4 9 2 7 12 67
1 4 9 1 13 7 6
1 4 9 1 2 18 70
1 4 9 0 19 2 184
1 4 9 0 8 13 198
1 4 8 21 1 0 25
1 4 8 19 2 1 137
1 4 8 17 3 2 2
1 4 8 15 4 3 110
1 4 8 13 5 4 28
1 4 8 12 0 10 61
1 4 8 11 6 5 145
1 4 8 10 12 0 158
1 4 8 10 1 11 36
1 4 8 9 7 6 122
1 4 8 8 13 1 72
1 4 8 8 2 12 72
1 4 8 7 8 7 44
1 4 8 6 14 2 169
1 4 8 6 3 13 165
1 4 8 5 9 8 54
1 4 8 4 15 3 76
1 4 8 4 4 14 188
1 4 8 3 10 9 150
1 4 8 2 16 4 111
1 4 8 2 5 15 118
1 4 8 1 11 10 171
1 4 8 1 0 21 96
1 4 8 0 17 5 71
1 4 8 0 6 16 162
1 4 7 19 0 4 98
1 4 7 17 1 5 24
1 4 7 16 7 0 68
1 4 7 15 2 6 22
1 4 7 14 8 1 103
1 4 7 13 3 7 158
1 4 7 12 9 2 184
1 4 7 11 4 8 135
1 4 7 10 10 3 144
1 4 7 9 5 9 102
1 4 7 8 11 4 5
1 4 7 8 0 15 125
1 4 7 7 6 10 104
1 4 7 6 12 5 22
1 4 7 6 1 16 109
1 4 7 5 18 0 7
1 4 7 5 7 11 100
1 4 7 4 13 6 167
1 4 7 4 2 17 81
1 4 7 3 19 1 147
1 4 7 3 8 12 7
1 4 7 2 14 7 108
1 4 7 2 3 18 61
1 4 7 1 20 2 140
1 4 7 1 9 13 14
1 4 7 0 15 8 104
1 4 7 0 4 19 98
1 4 6 22 2 0 183
1 4 6 20 3 1 26
1 4 6 18 4 2 152
1 4 6 16 5 3 172
1 4 6 15 0 9 96
1 4 6 14 6 4 111
1 4 6 13 1 10 58
1 4 6 12 7 5 195
1 4 6 11 13 0 53
1 4 6 11 2 11 198
1 4 6 10 8 6 101
1 4 6 9 14 1 81
1 4 6 9 3 12 12
1 4 6 8 9 7 186
1 4 6 7 15 2 178
1 4 6 7 4 13 12
1 4 6 6 10 8 110
1 4 6 5 16 3 118
1 4 6 5 5 14 15
1 4 6 4 11 9 114
1 4 6 4 0 20 126
1 4 6 3 17 4 51
1 4 6 3 6 15 103
1 4 6 2 12 10 178
1 4 6 2 1 21 27
1 4 6 1 18 5 120
1 4 6 1 7 16 26
1 4 6 0 24 0 130
1 4 6 0 13 11 64
1 4 6 0 2 22 107
1 4 5 22 0 3 116
1 4 5 20 1 4 137
1 4 5 18 2 5 166
1 4 5 17 8 0 107
1 4 5 16 3 6 86
1 4 5 15 9 1 118
1 4 5 14 4 7 103
1 4 5 13 10 2 42
1 4 5 12 5 8 1
1 4 5 11 11 3 97
1 4 5 11 0 14 44
1 4 5 10 6 9 115
1 4 5 9 12 4 154
1 4 5 9 1 15 135
1 4 5 8 7 10 133
1 4 5 7 13 5 47
1 4 5 7 2 16 130
1 4 5 6 19 0 75
1 4 5 6 8 11 168
1 4 5 5 14 6 114
1 4 5 5 3 17 5
1 4 5 4 20 1 138
1 4 5 4 9 12 139
1 4 5 3 15 7 182
1 4 5 3 4 18 151
1 4 5 2 21 2 166
1 4 5 2 10 13 89
1 4 5 1 16 8 196
1 4 5 1 5 19 62
1 4 5 0 22 3 48
1 4 5 0 11 14 60
1 4 5 0 0 25 89
1 4 4 23 3 0 158
1 4 4 21 4 1 51
1 4 4 19 5 2 43
1 4 4 18 0 8 182
1 4 4 17 6 3 14
1 4 4 16 1 9 36
1 4 4 15 7 4 106
1 4 4 14 2 10 181
1 4 4 13 8 5 83
1 4 4 12 14 0 61
1 4 4 12 3 11 104
1 4 4 11 9 6 38
1 4 4 10 15 1 43
1 4 4 10 4 12 117
1 4 4 9 10 7 186
1 4 4 8 16 2 77
1 4 4 8 5 13 107
1 4 4 7 11 8 168
1 4 4 7 0 19 186
1 4 4 6 17 3 196
1 4 4 6 6 14 33
1 4 4 5 12 9 55
1 4 4 5 1 20 49
1 4 4 4 18 4 5
1 4 4 4 7 15 12
1 4 4 3 13 10 197
1 4 4 3 2 21 35
1 4 4 2 19 5 43
1 4 4 2 8 16 158
1 4 4 1 25 0 161
1 4 4 1 14 11 140
1 4 4 1 3 22 116
1 4 4 0 20 6 89
1 4 4 0 9 17 168
1 4 3 25 0 2 67
1 4 3 23 1 3 184
1 4 3 21 2 4 11
1 4 3 19 3 5 177
1 4 3 18 9 0 71
1 4 3 17 4 6 72
1 4 3 16 10 1 192
1 4 3 15 5 7 195
1 4 3 14 11 2 85
1 4 3 14 0 13 59
1 4 3 13 6 8 7
1 4 3 12 12 3 57
1 4 3 12 1 14 10
1 4 3 11 7 9 53
1 4 3 10 13 4 42
1 4 3 10 2 15 147
1 4 3 9 8 10 48
1 4 3 8 14 5 94
1 4 3 8 3 16 11
1 4 3 7 20 0 154
1 4 3 7 9 11 42
1 4 3 6 15 6 161
1 4 3 6 4 17 65
1 4 3 5 21 1 87
1 4 3 5 10 12 114
1 4 3 4 16 7 16
1 4 3 4 5 18 119
1 4 3 3 22 2 161
1 4 3 3 11 13 11
1 4 3 3 0 24 54
1 4 3 2 17 8 176
1 4 3 2 6 19 98
1 4 3 1 23 3 129
1 4 3 1 12 14 72
1 4 3 1 1 25 113
1 4 3 0 18 9 18
1 4 3 0 7 20 14
1 4 2 24 4 0 101
1 4 2 22 5 1 28
1 4 2 21 0 7 168
1 4 2 20 6 2 72
1 4 2 19 1 8 158
1 4 2 18 7 3 118
1 4 2 17 2 9 84
1 4 2 16 8 4 111
1 4 2 15 3 10 196
1 4 2 14 9 5 175
1 4 2 13 15 0 77
1 4 2 13 4 11 113
1 4 2 12 10 6 76
1 4 2 11 16 1 71
1 4 2 11 5 12 96
1 4 2 10 11 7 16
1 4 2 10 0 18 117
1 4 2 9 17 2 83
1 4 2 9 6 13 107
1 4 2 8 12 8 39
1 4 2 8 1 19 97
1 4 2 7 18 3 40
1 4 2 7 7 14 5
1 4 2 6 13 9 79
1 4 2 6 2 20 131
1 4 2 5 19 4 113
1 4 2 5 8 15 47
1 4 2 4 14 10 99
1 4 2 4 3 21 52
1 4 2 3 20 5 190
1 4 2 3 9 16 77
1 4 2 2 26 0 198
1 4 2 2 15 11 156
1 4 2 2 4 22 4
1 4 2 1 21 6 128
1 4 2 1 10 17 128
1 4 2 0 27 1 31
1 4 2 0 16 12 164
1 4 2 0 5 23 171
1 4 1 28 0 1 80
1 4 1 26 1 2 43
1 4 1 24 2 3 28
1 4 1 22 3 4 122
1 4 1 20 4 5 132
1 4 1 19 10 0 91
1 4 1 18 5 6 151
1 4 1 17 11 1 3
1 4 1 17 0 12 79
1 4 1 15 12 2 63
1 4 1 15 1 13 4
1 4 1 14 7 8 74
1 4 1 13 13 3 40
1 4 1 13 2 14 114
1 4 1 12 8 9 196
1 4 1 11 14 4 129
1 4 1 11 3 15 20
1 4 1 10 9 10 31
1 4 1 9 15 5 164
1 4 1 9 4 16 158
1 4 1 8 21 0 71
1 4 1 8 10 11 188
1 4 1 7 16 6 77
1 4 1 7 5 17 54
1 4 1 6 22 1 85
1 4 1 6 11 12 118
1 4 1 6 0 23 79
1 4 1 5 17 7 95
1 4 1 5 6 18 26
1 4 1 4 23 2 169
1 4 1 4 12 13 142
1 4 1 4 1 24 137
1 4 1 3 18 8 10
1 4 1 3 7 19 125
1 4 1 2 24 3 154
1 4 1 2 13 14 188
1 4 1 2 2 25 44
1 4 1 1 19 9 144
1 4 1 1 8 20 105
1 4 1 0 25 4 113
1 4 1 0 14 15 107
1 4 1 0 3 26 89
1 4 0 25 5 0 82
1 4 0 24 0 6 104
1 4 0 23 6 1 40
1 4 0 22 1 7 115
1 4 0 21 7 2 137
1 4 0 20 2 8 135
1 4 0 19 8 3 146
1 4 0 18 3 9 53
1 4 0 17 9 4 137
1 4 0 16 4 10 20
1 4 0 15 10 5 132
1 4 0 14 16 0 31
1 4 0 14 5 11 158
1 4 0 13 11 6 83
1 4 0 13 0 17 162
1 4 0 12 17 1 12
1 4 0 12 6 12 64
1 4 0 11 12 7 183
1 4 0 11 1 18 116
1 4 0 10 18 2 143
1 4 0 10 7 13 40
1 4 0 9 13 8 102
1 4 0 9 2 19 190
1 4 0 8 19 3 145
1 4 0 8 8 14 118
1 4 0 7 14 9 108
1 4 0 7 3 20 12
1 4 0 6 20 4 29
1 4 0 6 9 15 169
1 4 0 5 15 10 47
1 4 0 5 4 21 13
1 4 0 4 21 5 118
1 4 0 4 10 16 38
1 4 0 3 27 0 76
1 4 0 3 16 11 131
1 4 0 3 5 22 161
1 4 0 2 22 6 155
1 4 0 2 11 17 161
1 4 0 2 0 28 6
1 4 0 1 28 1 17
1 4 0 1 17 12 184
1 4 0 1 6 23 190
1 4 0 0 23 7 35
1 4 0 0 12 18 98
1 4 0 0 1 29 44
1 3 29 1 0 1 179
1 3 27 4 0 0 183
1 3 27 2 1 1 159
1 3 27 0 2 2 129
1 3 26 0 0 5 5
1 3 25 5 1 0 109
1 3 25 3 2 1 132
1 3 25 1 3 2 75
1 3 24 3 0 4 53
1 3 24 1 1 5 118
1 3 24 0 7 0 150
1 3 23 6 2 0 47
1 3 23 4 3 1 73
1 3 23 2 4 2 125
1 3 23 0 5 3 36
1 3 22 6 0 3 190
1 3 22 4 1 4 136
1 3 22 2 2 5 193
1 3 22 1 8 0 75
1 3 22 0 3 6 21
1 3 21 7 3 0 39
1 3 21 5 4 1 20
1 3 21 3 5 2 193
1 3 21 2 0 8 21
1 3 21 1 6 3 120
1 3 21 0 1 9 100
1 3 20 9 0 2 73
1 3 20 7 1 3 141
1 3 20 5 2 4 114
1 3 20 3 3 5 124
1 3 20 2 9 0 185
1 3 20 1 4 6 28
1 3 20 0 10 1 117
1 3 19 8 4 0 44
1 3 19 6 5 1 35
1 3 19 5 0 7 197
1 3 19 4 6 2 145
1 3 19 3 1 8 70
1 3 19 2 7 3 2
1 3 19 1 2 9 9
1 3 19 0 8 4 117
1 3 18 12 0 1 167
1 3 18 10 1 2 51
1 3 18 8 2 3 12
1 3 18 6 3 4 181
1 3 18 4 4 5 29
1 3 18 3 10 0 124
1 3 18 2 5 6 96
1 3 18 1 11 1 90
1 3 18 1 0 12 59
1 3 18 0 6 7 191
1 3 17 9 5 0 130
1 3 17 8 0 6 174
1 3 17 7 6 1 42
1 3 17 6 1 7 198
1 3 17 5 7 2 142
1 3 17 4 2 8 144
1 3 17 3 8 3 121
1 3 17 2 3 9 42
1 3 17 1 9 4 53
1 3 17 0 4 10 163
1 3 16 15 0 0 172
1 3 16 13 1 1 174
1 3 16 11 2 2 104
1 3 16 9 3 3 126
1 3 16 7 4 4 15
1 3 16 5 5 5 183
1 3 16 4 11 0 132
1 3 16 4 0 11 184
1 3 16 3 6 6 142
1 3 16 2 12 1 134
1 3 16 2 1 12 198
1 3 16 1 7 7 172
1 3 16 0 13 2 59
1 3 16 0 2 13 40
1 3 15 11 0 5 172
1 3 15 10 6 0 30
1 3 15 9 1 6 106
1 3 15 8 7 1 135
1 3 15 7 2 7 12
1 3 15 6 8 2 60
1 3 15 5 3 8 103
1 3 15 4 9 3 17
1 3 15 3 4 9 107
1 3 15 2 10 4 51
1 3 15 1 5 10 88
1 3 15 0 11 5 61
1 3 15 0 0 16 77
1 3 14 16 1 0 49
1 3 14 14 2 1 198
1 3 14 12 3 2 58
1 3 14 10 4 3 39
1 3 14 8 5 4 121
1 3 14 7 0 10 155
1 3 14 6 6 5 19
1 3 14 5 12 0 84
1 3 14 5 1 11 197
1 3 14 4 7 6 36
1 3 14 3 13 1 80
1 3 14 3 2 12 74
1 3 14 2 8 7 186
1 3 14 1 14 2 6
1 3 14 1 3 13 39
1 3 14 0 9 8 126
1 3 13 14 0 4 121
1 3 13 12 1 5 72
1 3 13 11 7 0 64
1 3 13 10 2 6 13
1 3 13 9 8 1 104
1 3 13 8 3 7 43
1 3 13 7 9 2 49
1 3 13 6 4 8 33
1 3 13 5 10 3 43
1 3 13 4 5 9 191
1 3 13 3 11 4 28
1 3 13 3 0 15 143
1 3 13 2 6 10 195
1 3 13 1 12 5 51
1 3 13 1 1 16 140
1 3 13 0 18 0 37
1 3 13 0 7 11 74
1 3 12 17 2 0 135
1 3 12 15 3 1 166
1 3 12 13 4 2 55
1 3 12 11 5 3 32
1 3 12 10 0 9 194
1 3 12 9 6 4 194
1 3 12 8 1 10 33
1 3 12 7 7 5 168
1 3 12 6 13 0 105
1 3 12 6 2 11 110
1 3 12 5 8 6 85
1 3 12 4 14 1 71
1 3 12 4 3 12 161
1 3 12 3 9 7 133
1 3 12 2 15 2 104
1 3 12 2 4 13 120
1 3 12 1 10 8 140
1 3 12 0 16 3 96
1 3 12 0 5 14 19
1 3 11 17 0 3 31
1 3 11 15 1 4 111
1 3 11 13 2 5 155
1 3 11 12 8 0 64
1 3 11 11 3 6 11
1 3 11 10 9 1 18
1 3 11 9 4 7 111
1 3 11 8 10 2 64
1 3 11 7 5 8 156
1 3 11 6 11 3 5
1 3 11 6 0 14 183
1 3 11 5 6 9 14
1 3 11 4 12 4 139
1 3 11 4 1 15 73
1 3 11 3 7 10 83
1 3 11 2 13 5 195
1 3 11 2 2 16 71
1 3 11 1 8 11 171
1 3 11 0 14 6 179
1 3 11 0 3 17 63
1 3 10 18 3 0 195
1 3 10 16 4 1 164
1 3 10 14 5 2 29
1 3 10 13 0 8 125
1 3 10 12 6 3 112
1 3 10 11 1 9 120
1 3 10 10 7 4 119
1 3 10 9 2 10 21
1 3 10 8 8 5 95
1 3 10 7 14 0 65
1 3 10 7 3 11 163
1 3 10 6 9 6 163
1 3 10 5 15 1 87
1 3 10 5 4 12 170
1 3 10 4 10 7 186
1 3 10 3 16 2 65
1 3 10 3 5 13 141
1 3 10 2 11 8 77
1 3 10 2 0 19 190
1 3 10 1 17 3 124
1 3 10 1 6 14 109
1 3 10 0 12 9 102
1 3 10 0 1 20 157
1 3 9 20 0 2 151
1 3 9 18 1 3 1
1 3 9 16 2 4 193
1 3 9 14 3 5 180
1 3 9 13 9 0 168
1 3 9 12 4 6 129
1 3 9 11 10 1 62
1 3 9 10 5 7 142
1 3 9 9 11 2 190
1 3 9 9 0 13 169
1 3 9 8 6 8 86
1 3 9 7 12 3 99
1 3 9 7 1 14 133
1 3 9 6 7 9 19
1 3 9 5 13 4 93
1 3 9 5 2 15 190
1 3 9 4 8 10 159
1 3 9 3 14 5 178
1 3 9 3 3 16 176
1 3 9 2 20 0 77
1 3 9 2 9 11 18
1 3 9 1 15 6 74
1 3 9 1 4 17 169
1 3 9 0 21 1 196
1 3 9 0 10 12 50
1 3 8 19 4 0 123
1 3 8 17 5 1 186
1 3 8 16 0 7 103
1 3 8 15 6 2 60
1 3 8 14 1 8 188
1 3 8 13 7 3 140
1 3 8 12 2 9 173
1 3 8 11 8 4 7
1 3 8 10 3 10 141
1 3 8 9 9 5 147
1 3 8 8 15 0 180
1 3 8 8 4 11 74
1 3 8 6 16 1 69
1 3 8 6 5 12 185
1 3 8 5 11 7 51
1 3 8 5 0 18 198
1 3 8 4 17 2 100
1 3 8 4 6 13 129
1 3 8 3 12 8 101
1 3 8 3 1 19 27
1 3 8 2 18 3 194
1 3 8 2 7 14 38
1 3 8 1 13 9 157
1 3 8 1 2 20 21
1 3 8 0 19 4 164
1 3 8 0 8 15 147
1 3 7 23 0 1 95
1 3 7 21 1 2 55
1 3 7 19 2 3 51
1 3 7 17 3 4 153
1 3 7 15 4 5 142
1 3 7 14 10 0 37
1 3 7 13 5 6 195
1 3 7 12 11 1 43
1 3 7 12 0 12 58
1 3 7 11 6 7 130
1 3 7 10 12 2 17
1 3 7 10 1 13 25
1 3 7 8 13 3 172
1 3 7 8 2 14 152
1 3 7 7 8 9 94
1 3 7 6 14 4 65
1 3 7 6 3 15 149
1 3 7 5 9 10 10
1 3 7 4 15 5 77
1 3 7 4 4 16 183
1 3 7 3 21 0 186
1 3 7 3 10 11 21
1 3 7 2 16 6 114
1 3 7 2 5 17 99
1 3 7 1 22 1 76
1 3 7 1 11 12 40
1 3 7 1 0 23 2
1 3 7 0 17 7 29
1 3 7 0 6 18 8
1 3 6 20 5 0 19
1 3 6 19 0 6 181
1 3 6 18 6 1 99
1 3 6 17 1 7 51
1 3 6 16 7 2 133
1 3 6 15 2 8 54
1 3 6 14 8 3 128
1 3 6 13 3 9 38
1 3 6 12 9 4 25
1 3 6 11 4 10 183
1 3 6 10 10 5 116
1 3 6 9 16 0 105
1 3 6 9 5 11 28
1 3 6 8 11 6 179
1 3 6 8 0 17 120
1 3 6 7 17 1 4
1 3 6 7 6 12 82
1 3 6 6 12 7 128
1 3 6 6 1 18 92
1 3 6 5 18 2 29
1 3 6 5 7 13 2
1 3 6 4 13 8 141
1 3 6 4 2 19 144
1 3 6 3 19 3 25
1 3 6 3 8 14 130
1 3 6 2 14 9 72
1 3 6 2 3 20 169
1 3 6 1 20 4 136
1 3 6 1 9 15 50
1 3 6 0 15 10 187
1 3 6 0 4 21 103
1 3 5 26 0 0 81
1 3 5 24 1 1 138
1 3 5 22 2 2 102
1 3 5 20 3 3 12
1 3 5 18 4 4 124
1 3 5 16 5 5 26
1 3 5 15 11 0 19
1 3 5 15 0 11 188
1 3 5 14 6 6 5
1 3 5 13 12 1 132
1 3 5 13 1 12 97
1 3 5 12 7 7 130
1 3 5 11 13 2 176
1 3 5 11 2 13 114
1 3 5 10 8 8 185
1 3 5 9 14 3 170
1 3 5 9 3 14 134
1 3 5 8 9 9 135
1 3 5 7 15 4 118
1 3 5 7 4 15 38
1 3 5 6 10 10 95
1 3 5 5 16 5 28
1 3 5 5 5 16 80
1 3 5 4 22 0 95
1 3 5 4 11 11 67
1 3 5 4 0 22 196
1 3 5 3 17 6 162
1 3 5 3 6 17 48
1 3 5 2 23 1 41
1 3 5 2 12 12 174
1 3 5 2 1 23 69
1 3 5 1 18 7 37
1 3 5 1 7 18 84
1 3 5 0 24 2 168
1 3 5 0 13 13 161
1 3 5 0 2 24 124
1 3 4 22 0 5 86
1 3 4 21 6 0 103
1 3 4 20 1 6 53
1 3 4 19 7 1 10
1 3 4 18 2 7 193
1 3 4 17 8 2 101
1 3 4 16 3 8 22
1 3 4 15 9 3 45
1 3 4 14 4 9 92
1 3 4 13 10 4 96
1 3 4 12 5 10 14
1 3 4 11 11 5 179
1 3 4 11 0 16 162
1 3 4 10 17 0 181
1 3 4 10 6 11 166
1 3 4 9 12 6 1
1 3 4 9 1 17 147
1 3 4 8 18 1 185
1 3 4 8 7 12 76
1 3 4 7 13 7 126
1 3 4 7 2 18 194
1 3 4 6 19 2 167
1 3 4 6 8 13 87
1 3 4 5 14 8 75
1 3 4 5 3 19 43
1 3 4 4 20 3 145
1 3 4 4 9 14 54
1 3 4 3 15 9 116
1 3 4 3 4 20 174
1 3 4 2 21 4 117
1 3 4 2 10 15 42
1 3 4 1 16 10 99
1 3 4 1 5 21 33
1 3 4 0 22 5 46
1 3 4 0 11 16 193
1 3 4 0 0 27 120
1 3 3 27 1 0 67
1 3 3 25 2 1 76
1 3 3 23 3 2 169
1 3 3 21 4 3 104
1 3 3 19 5 4 84
1 3 3 18 0 10 170
1 3 3 17 6 5 142
1 3 3 16 12 0 50
1 3 3 16 1 11 57
1 3 3 15 7 6 6
1 3 3 14 13 1 69
1 3 3 14 2 12 138
1 3 3 13 8 7 195
1 3 3 12 14 2 26
1 3 3 12 3 13 150
1 3 3 11 9 8 136
1 3 3 10 15 3 18
1 3 3 10 4 14 106
1 3 3 9 10 9 150
1 3 3 8 16 4 72
1 3 3 8 5 15 89
1 3 3 7 11 10 132
1 3 3 7 0 21 143
1 3 3 6 17 5 9
1 3 3 6 6 16 58
1 3 3 5 23 0 59
1 3 3 5 12 11 142
1 3 3 5 1 22 166
1 3 3 4 18 6 85
1 3 3 4 7 17 7
1 3 3 3 24 1 34
1 3 3 3 13 12 67
1 3 3 3 2 23 164
1 3 3 2 19 7 80
1 3 3 2 8 18 41
1 3 3 1 25 2 89
1 3 3 1 14 13 38
1 3 3 1 3 24 109
1 3 3 0 20 8 109
1 3 3 0 9 19 8
1 3 2 25 0 4 76
1 3 2 23 1 5 195
1 3 2 22 7 0 48
1 3 2 21 2 6 189
1 3 2 20 8 1 3
1 3 2 19 3 7 55
1 3 2 18 9 2 5
1 3 2 17 4 8 10
1 3 2 16 10 3 102
1 3 2 15 5 9 132
1 3 2 14 11 4 88
1 3 2 14 0 15 58
1 3 2 13 6 10 112
1 3 2 12 12 5 12
1 3 2 12 1 16 154
1 3 2 11 18 0 173
1 3 2 11 7 11 176
1 3 2 10 13 6 21
1 3 2 10 2 17 76
1 3 2 9 19 1 94
1 3 2 9 8 12 197
1 3 2 8 14 7 117
1 3 2 8 3 18 63
1 3 2 7 20 2 5
1 3 2 7 9 13 113
1 3 2 6 15 8 172
1 3 2 6 4 19 130
1 3 2 5 21 3 75
1 3 2 5 10 14 172
1 3 2 4 16 9 161
1 3 2 4 5 20 66
1 3 2 3 22 4 84
1 3 2 3 11 15 65
1 3 2 3 0 26 115
1 3 2 2 17 10 177
1 3 2 2 6 21 25
1 3 2 1 23 5 73
1 3 2 1 12 16 185
1 3 2 1 1 27 158
1 3 2 0 29 0 131
1 3 2 0 18 11 195
1 3 2 0 7 22 165
1 3 1 28 2 0 89
1 3 1 26 3 1 60
1 3 1 24 4 2 60
1 3 1 22 5 3 110
1 3 1 21 0 9 131
1 3 1 20 6 4 165
1 3 1 19 1 10 33
1 3 1 18 7 5 124
1 3 1 17 13 0 164
1 3 1 17 2 11 190
1 3 1 16 8 6 21
1 3 1 15 14 1 71
1 3 1 15 3 12 187
1 3 1 14 9 7 75
1 3 1 13 15 2 94
1 3 1 13 4 13 55
1 3 1 12 10 8 146
1 3 1 11 16 3 37
1 3 1 11 5 14 156
1 3 1 10 11 9 12
1 3 1 10 0 20 196
1 3 1 9 17 4 151
1 3 1 9 6 15 144
1 3 1 8 12 10 14
1 3 1 8 1 21 94
1 3 1 7 18 5 1
1 3 1 7 7 16 124
1 3 1 6 24 0 52
1 3 1 6 13 11 151
1 3 1 6 2 22 92
1 3 1 5 19 6 110
1 3 1 5 8 17 132
1 3 1 4 25 1 129
1 3 1 4 14 12 10
1 3 1 4 3 23 60
1 3 1 3 20 7 152
1 3 1 3 9 18 22
1 3 1 2 26 2 67
1 3 1 2 15 13 31
1 3 1 2 4 24 139
1 3 1 1 21 8 60
1 3 1 1 10 19 80
1 3 1 0 27 3 122
1 3 1 0 16 14 28
1 3 1 0 5 25 116
1 3 0 28 0 3 82
1 3 0 26 1 4 112
1 3 0 24 2 5 148
1 3 0 23 8 0 62
1 3 0 22 3 6 74
1 3 0 21 9 1 57
1 3 0 20 4 7 196
1 3 0 19 10 2 81
1 3 0 18 5 8 184
1 3 0 17 11 3 127
1 3 0 17 0 14 125
1 3 0 16 6 9 74
1 3 0 15 12 4 150
1 3 0 15 1 15 93
1 3 0 14 7 10 98
1 3 0 13 13 5 48
1 3 0 13 2 16 185
1 3 0 12 19 0 81
1 3 0 12 8 11 6
1 3 0 11 14 6 100
1 3 0 11 3 17 167
1 3 0 10 20 1 36
1 3 0 10 9 12 78
1 3 0 9 15 7 142
1 3 0 9 4 18 161
1 3 0 8 21 2 25
1 3 0 8 10 13 4
1 3 0 7 16 8 195
1 3 0 7 5 19 99
1 3 0 6 22 3 23
1 3 0 6 11 14 69
1 3 0 6 0 25 38
1 3 0 5 17 9 164
1 3 0 5 6 20 111
1 3 0 4 23 4 137
1 3 0 4 12 15 36
1 3 0 4 1 26 22
1 3 0 3 18 10 48
1 3 0 3 7 21 157
1 3 0 2 24 5 137
1 3 0 2 13 16 29
1 3 0 2 2 27 177
1 3 0 1 30 0 27
1 3 0 1 19 11 70
1 3 0 1 8 22 52
1 3 0 0 25 6 174
1 3 0 0 14 17 123
1 3 0 0 3 28 92
1 2 31 0 1 0 165
1 2 29 1 2 0 92
1 2 28 1 0 3 143
1 2 27 2 3 0 180
1 2 27 0 4 1 74
1 2 26 4 0 2 166
1 2 26 2 1 3 3
1 2 26 0 2 4 57
1 2 25 3 4 0 96
1 2 25 1 5 1 90
1 2 25 0 0 7 39
1 2 24 7 0 1 130
1 2 24 5 1 2 6
1 2 24 3 2 3 126
1 2 24 1 3 4 197
1 2 23 4 5 0 9
1 2 23 3 0 6 147
1 2 23 2 6 1 142
1 2 23 1 1 7 108
1 2 23 0 7 2 180
1 2 22 10 0 0 86
1 2 22 8 1 1 34
1 2 22 6 2 2 146
1 2 22 4 3 3 44
1 2 22 2 4 4 46
1 2 22 0 5 5 118
1 2 21 6 0 5 131
1 2 21 5 6 0 118
1 2 21 4 1 6 1
1 2 21 3 7 1 21
1 2 21 2 2 7 46
1 2 21 1 8 2 96
1 2 21 0 3 8 159
1 2 20 11 1 0 74
1 2 20 9 2 1 116
1 2 20 7 3 2 191
1 2 20 5 4 3 161
1 2 20 3 5 4 177
1 2 20 2 0 10 153
1 2 20 1 6 5 134
1 2 20 0 12 0 172
1 2 20 0 1 11 85
1 2 19 9 0 4 103
1 2 19 7 1 5 111
1 2 19 6 7 0 157
1 2 19 5 2 6 87
1 2 19 4 8 1 87
1 2 19 3 3 7 58
1 2 19 2 9 2 118
1 2 19 1 4 8 35
1 2 19 0 10 3 187
1 2 18 12 2 0 4
1 2 18 10 3 1 159
1 2 18 8 4 2 197
1 2 18 6 5 3 158
1 2 18 5 0 9 57
1 2 18 4 6 4 187
1 2 18 3 1 10 37
1 2 18 2 7 5 28
1 2 18 1 13 0 106
1 2 18 1 2 11 14
1 2 18 0 8 6 157
1 2 17 12 0 3 21
1 2 17 10 1 4 62
1 2 17 8 2 5 101
1 2 17 7 8 0 41
1 2 17 6 3 6 110
1 2 17 5 9 1 51
1 2 17 4 4 7 195
1 2 17 3 10 2 95
1 2 17 2 5 8 94
1 2 17 1 11 3 76
1 2 17 1 0 14 136
1 2 17 0 6 9 172
1 2 16 13 3 0 165
1 2 16 11 4 1 19
1 2 16 9 5 2 74
1 2 16 8 0 8 106
1 2 16 7 6 3 129
1 2 16 6 1 9 7
1 2 16 5 7 4 11
1 2 16 4 2 10 73
1 2 16 3 8 5 77
1 2 16 2 14 0 52
1 2 16 2 3 11 80
1 2 16 1 9 6 151
1 2 16 0 15 1 87
1 2 16 0 4 12 33
1 2 15 15 0 2 176
1 2 15 13 1 3 24
1 2 15 11 2 4 27
1 2 15 9 3 5 12
1 2 15 8 9 0 17
1 2 15 7 4 6 195
1 2 15 6 10 1 18
1 2 15 5 5 7 83
1 2 15 4 11 2 133
1 2 15 4 0 13 84
1 2 15 3 6 8 128
1 2 15 2 12 3 73
1 2 15 2 1 14 165
1 2 15 1 7 9 174
1 2 15 0 13 4 51
1 2 15 0 2 15 13
1 2 14 14 4 0 112
1 2 14 12 5 1 105
1 2 14 11 0 7 141
1 2 14 10 6 2 64
1 2 14 9 1 8 1
1 2 14 8 7 3 67
1 2 14 7 2 9 94
1 2 14 6 8 4 151
1 2 14 5 3 10 9
1 2 14 4 9 5 69
1 2 14 3 15 0 96
1 2 14 3 4 11 118
1 2 14 2 10 6 122
1 2 14 1 16 1 169
1 2 14 1 5 12 62
1 2 14 0 11 7 66
1 2 14 0 0 18 69
1 2 13 18 0 1 191
1 2 13 16 1 2 175
1 2 13 14 2 3 131
1 2 13 12 3 4 19
1 2 13 10 4 5 39
1 2 13 9 10 0 18
1 2 13 8 5 6 158
1 2 13 7 11 1 42
1 2 13 7 0 12 195
1 2 13 6 6 7 180
1 2 13 5 12 2 105
1 2 13 5 1 13 160
1 2 13 4 7 8 169
1 2 13 3 13 3 158
1 2 13 3 2 14 120
1 2 13 2 8 9 68
1 2 13 1 14 4 48
1 2 13 1 3 15 37
1 2 13 0 9 10 168
1 2 12 14 0 6 40
1 2 12 13 6 1 131
1 2 12 12 1 7 147
1 2 12 11 7 2 133
1 2 12 10 2 8 94
1 2 12 9 8 3 134
1 2 12 8 3 9 4
1 2 12 7 9 4 2
1 2 12 6 4 10 139
1 2 12 5 10 5 176
1 2 12 4 16 0 88
1 2 12 4 5 11 97
1 2 12 3 11 6 65
1 2 12 3 0 17 196
1 2 12 2 17 1 17
1 2 12 2 6 12 15
1 2 12 1 12 7 53
1 2 12 1 1 18 29
1 2 12 0 18 2 153
1 2 12 0 7 13 13
1 2 11 21 0 0 175
1 2 11 19 1 1 62
1 2 11 17 2 2 125
1 2 11 15 3 3 41
1 2 11 13 4 4 26
1 2 11 11 5 5 153
1 2 11 10 11 0 186
1 2 11 10 0 11 55
1 2 11 9 6 6 157
1 2 11 8 12 1 184
1 2 11 8 1 12 64
1 2 11 7 7 7 53
1 2 11 6 13 2 13
1 2 11 6 2 13 186
1 2 11 5 8 8 34
1 2 11 4 14 3 88
1 2 11 4 3 14 111
1 2 11 3 9 9 168
1 2 11 2 15 4 75
1 2 11 2 4 15 7
1 2 11 1 10 10 90
1 2 11 0 16 5 17
1 2 11 0 5 16 136
1 2 10 17 0 5 45
1 2 10 16 6 0 133
1 2 10 15 1 6 28
1 2 10 14 7 1 112
1 2 10 13 2 7 104
1 2 10 12 8 2 70
1 2 10 11 3 8 112
1 2 10 10 9 3 115
1 2 10 9 4 9 43
1 2 10 8 10 4 19
1 2 10 7 5 10 52
1 2 10 6 11 5 96
1 2 10 6 0 16 35
1 2 10 5 17 0 73
1 2 10 5 6 11 48
1 2 10 4 12 6 21
1 2 10 4 1 17 150
1 2 10 3 18 1 130
1 2 10 3 7 12 37
1 2 10 2 13 7 144
1 2 10 2 2 18 130
1 2 10 1 19 2 176
1 2 10 1 8 13 153
1 2 10 0 14 8 181
1 2 10 0 3 19 184
1 2 9 22 1 0 12
1 2 9 20 2 1 100
1 2 9 18 3 2 69
1 2 9 16 4 3 177
1 2 9 14 5 4 69
1 2 9 13 0 10 51
1 2 9 12 6 5 184
1 2 9 11 12 0 7
1 2 9 11 1 11 39
1 2 9 10 7 6 33
1 2 9 9 13 1 123
1 2 9 9 2 12 37
1 2 9 8 8 7 91
1 2 9 7 14 2 153
1 2 9 7 3 13 160
1 2 9 6 9 8 101
1 2 9 5 15 3 163
1 2 9 5 4 14 130
1 2 9 4 10 9 178
1 2 9 3 16 4 158
1 2 9 3 5 15 198
1 2 9 2 11 10 97
1 2 9 2 0 21 52
1 2 9 1 17 5 152
1 2 9 1 6 16 122
1 2 9 0 23 0 29
1 2 9 0 12 11 167
1 2 9 0 1 22 174
1 2 8 20 0 4 66
1 2 8 18 1 5 133
1 2 8 17 7 0 95
1 2 8 16 2 6 61
1 2 8 15 8 1 102
1 2 8 14 3 7 188
1 2 8 13 9 2 108
1 2 8 12 4 8 172
1 2 8 11 10 3 139
1 2 8 10 5 9 114
1 2 8 9 11 4 157
1 2 8 9 0 15 20
1 2 8 8 6 10 4
1 2 8 7 12 5 88
1 2 8 7 1 16 138
1 2 8 6 18 0 102
1 2 8 6 7 11 66
1 2 8 5 13 6 33
1 2 8 5 2 17 164
1 2 8 4 19 1 195
1 2 8 4 8 12 110
1 2 8 3 14 7 192
1 2 8 3 3 18 76
1 2 8 2 20 2 42
1 2 8 2 9 13 107
1 2 8 1 15 8 88
1 2 8 1 4 19 44
1 2 8 0 21 3 30
1 2 8 0 10 14 61
1 2 7 23 2 0 14
1 2 7 21 3 1 143
1 2 7 19 4 2 35
1 2 7 17 5 3 121
1 2 7 16 0 9 55
1 2 7 15 6 4 193
1 2 7 14 1 10 122
1 2 7 13 7 5 77
1 2 7 12 13 0 151
1 2 7 12 2 11 168
1 2 7 11 8 6 191
1 2 7 10 14 1 86
1 2 7 10 3 12 9
1 2 7 9 9 7 49
1 2 7 8 15 2 124
1 2 7 8 4 13 4
1 2 7 7 10 8 83
1 2 7 6 16 3 83
1 2 7 6 5 14 22
1 2 7 5 11 9 75
1 2 7 5 0 20 144
1 2 7 4 17 4 10
1 2 7 4 6 15 127
1 2 7 3 12 10 160
1 2 7 3 1 21 33
1 2 7 2 18 5 156
1 2 7 2 7 16 89
1 2 7 1 24 0 81
1 2 7 1 13 11 54
1 2 7 1 2 22 24
1 2 7 0 19 6 9
1 2 7 0 8 17 147
1 2 6 23 0 3 53
1 2 6 21 1 4 55
1 2 6 19 2 5 103
1 2 6 18 8 0 25
1 2 6 17 3 6 9
1 2 6 16 9 1 129
1 2 6 15 4 7 1
1 2 6 14 10 2 143
1 2 6 13 5 8 156
1 2 6 12 11 3 139
1 2 6 12 0 14 1
1 2 6 11 6 9 49
1 2 6 10 12 4 167
1 2 6 10 1 15 36
1 2 6 9 7 10 150
1 2 6 8 13 5 45
1 2 6 8 2 16 47
1 2 6 7 19 0 170
1 2 6 7 8 11 176
1 2 6 6 14 6 137
1 2 6 6 3 17 78
1 2 6 5 20 1 48
1 2 6 5 9 12 89
1 2 6 4 15 7 49
1 2 6 4 4 18 122
1 2 6 3 21 2 148
1 2 6 3 10 13 145
1 2 6 2 16 8 25
1 2 6 2 5 19 78
1 2 6 1 22 3 40
1 2 6 1 11 14 185
1 2 6 1 0 25 121
1 2 6 0 17 9 18
1 2 6 0 6 20 3
1 2 5 24 3 0 195
1 2 5 22 4 1 136
1 2 5 20 5 2 68
1 2 5 19 0 8 84
1 2 5 18 6 3 97
1 2 5 17 1 9 171
1 2 5 16 7 4 115
1 2 5 15 2 10 125
1 2 5 14 8 5 170
1 2 5 13 14 0 23
1 2 5 13 3 11 41
1 2 5 12 9 6 128
1 2 5 11 15 1 109
1 2 5 11 4 12 173
1 2 5 10 10 7 49
1 2 5 9 16 2 196
1 2 5 9 5 13 90
1 2 5 8 11 8 12
1 2 5 8 0 19 175
1 2 5 7 17 3 28
1 2 5 7 6 14 115
1 2 5 6 12 9 73
1 2 5 6 1 20 76
1 2 5 5 18 4 176
1 2 5 5 7 15 30
1 2 5 4 13 10 46
1 2 5 4 2 21 7
1 2 5 3 19 5 24
1 2 5 3 8 16 84
1 2 5 2 25 0 163
1 2 5 2 14 11 42
1 2 5 2 3 22 48
1 2 5 1 20 6 143
1 2 5 1 9 17 96
1 2 5 0 26 1 4
1 2 5 0 15 12 1
1 2 5 0 4 23 138
1 2 4 26 0 2 20
1 2 4 24 1 3 130
1 2 4 22 2 4 80
1 2 4 20 3 5 32
1 2 4 19 9 0 46
1 2 4 18 4 6 165
1 2 4 17 10 1 44
1 2 4 16 5 7 191
1 2 4 15 11 2 157
1 2 4 15 0 13 146
1 2 4 14 6 8 22
1 2 4 13 12 3 163
1 2 4 13 1 14 157
1 2 4 12 7 9 49
1 2 4 11 13 4 40
1 2 4 11 2 15 28
1 2 4 10 8 10 191
1 2 4 9 14 5 32
1 2 4 9 3 16 93
1 2 4 8 20 0 108
1 2 4 8 9 11 168
1 2 4 7 15 6 48
1 2 4 7 4 17 21
1 2 4 6 21 1 13
1 2 4 6 10 12 98
1 2 4 5 16 7 91
1 2 4 5 5 18 94
1 2 4 4 22 2 188
1 2 4 4 11 13 183
1 2 4 4 0 24 11
1 2 4 3 17 8 145
1 2 4 3 6 19 26
1 2 4 2 12 14 110
1 2 4 2 1 25 173
1 2 4 1 18 9 69
1 2 4 1 7 20 39
1 2 4 0 24 4 27
1 2 4 0 13 15 109
1 2 4 0 2 26 188
1 2 3 25 4 0 174
1 2 3 23 5 1 44
1 2 3 22 0 7 41
1 2 3 21 6 2 47
1 2 3 19 7 3 40
1 2 3 18 2 9 59
1 2 3 17 8 4 2
1 2 3 16 3 10 7
1 2 3 15 9 5 24
1 2 3 14 15 0 143
1 2 3 14 4 11 141
1 2 3 13 10 6 104
1 2 3 12 16 1 129
1 2 3 12 5 12 64
1 2 3 11 11 7 9
1 2 3 11 0 18 1
1 2 3 10 17 2 77
1 2 3 10 6 13 113
1 2 3 9 12 8 6
1 2 3 9 1 19 4
1 2 3 8 7 14 81
1 2 3 7 13 9 4
1 2 3 7 2 20 169
1 2 3 6 19 4 18
1 2 3 6 8 15 140
1 2 3 5 14 10 120
1 2 3 5 3 21 183
1 2 3 4 20 5 79
1 2 3 4 9 16 4
1 2 3 3 26 0 119
1 2 3 3 15 11 91
1 2 3 3 4 22 17
1 2 3 2 21 6 88
1 2 3 2 10 17 20
1 2 3 1 27 1 38
1 2 3 1 16 12 193
1 2 3 1 5 23 50
1 2 3 0 22 7 87
1 2 3 0 11 18 63
1 2 3 0 0 29 89
1 2 2 29 0 1 110
1 2 2 27 1 2 38
1 2 2 25 2 3 24
1 2 2 23 3 4 98
1 2 2 21 4 5 109
1 2 2 20 10 0 17
1 2 2 19 5 6 64
1 2 2 18 11 1 35
1 2 2 18 0 12 179
1 2 2 17 6 7 147
1 2 2 16 12 2 107
1 2 2 16 1 13 97
1 2 2 15 7 8 72
1 2 2 14 13 3 132
1 2 2 14 2 14 33
1 2 2 13 8 9 44
1 2 2 12 14 4 88
1 2 2 12 3 15 155
1 2 2 11 9 10 188
1 2 2 10 15 5 69
1 2 2 10 4 16 161
1 2 2 9 21 0 134
1 2 2 9 10 11 144
1 2 2 8 16 6 128
1 2 2 8 5 17 117
1 2 2 7 22 1 19
1 2 2 7 11 12 176
1 2 2 7 0 23 51
1 2 2 6 17 7 124
1 2 2 6 6 18 163
1 2 2 5 23 2 198
1 2 2 5 12 13 145
1 2 2 5 1 24 163
1 2 2 4 18 8 33
1 2 2 4 7 19 57
1 2 2 3 24 3 100
1 2 2 3 13 14 125
1 2 2 3 2 25 188
1 2 2 2 19 9 9
1 2 2 2 8 20 105
1 2 2 1 25 4 157
1 2 2 1 14 15 178
1 2 2 1 3 26 82
1 2 2 0 20 10 111
1 2 2 0 9 21 76
1 2 1 26 5 0 1
1 2 1 25 0 6 47
1 2 1 24 6 1 186
1 2 1 23 1 7 177
1 2 1 22 7 2 192
1 2 1 21 2 8 68
1 2 1 20 8 3 115
1 2 1 19 3 9 23
1 2 1 18 9 4 66
1 2 1 17 4 10 178
1 2 1 16 10 5 133
1 2 1 15 16 0 140
1 2 1 15 5 11 149
1 2 1 14 11 6 25
1 2 1 14 0 17 75
1 2 1 13 17 1 54
1 2 1 13 6 12 72
1 2 1 12 12 7 144
1 2 1 12 1 18 157
1 2 1 11 18 2 85
1 2 1 11 7 13 22
1 2 1 10 13 8 187
1 2 1 10 2 19 81
1 2 1 9 19 3 162
1 2 1 9 8 14 18
1 2 1 8 14 9 46
1 2 1 8 3 20 78
1 2 1 7 20 4 180
1 2 1 7 9 15 16
1 2 1 6 15 10 126
1 2 1 6 4 21 191
1 2 1 5 21 5 68
1 2 1 5 10 16 33
1 2 1 4 27 0 63
1 2 1 4 16 11 172
1 2 1 4 5 22 148
1 2 1 3 22 6 117
1 2 1 3 11 17 160
1 2 1 3 0 28 1
1 2 1 2 28 1 17
1 2 1 2 17 12 14
1 2 1 2 6 23 61
1 2 1 1 23 7 12
1 2 1 1 12 18 96
1 2 1 1 1 29 110
1 2 1 0 29 2 91
1 2 1 0 18 13 153
1 2 1 0 7 24 56
1 2 0 32 0 0 1
1 2 0 30 1 1 96
1 2 0 28 2 2 175
1 2 0 26 3 3 35
1 2 0 24 4 4 186
1 2 0 22 5 5 175
1 2 0 21 11 0 10
1 2 0 21 0 11 11
1 2 0 20 6 6 140
1 2 0 19 12 1 182
1 2 0 19 1 12 120
1 2 0 18 7 7 28
1 2 0 17 13 2 33
1 2 0 17 2 13 145
1 2 0 16 8 8 72
1 2 0 15 14 3 45
1 2 0 15 3 14 198
1 2 0 14 9 9 83
1 2 0 13 15 4 157
1 2 0 13 4 15 12
1 2 0 12 10 10 16
1 2 0 11 16 5 193
1 2 0 11 5 16 188
1 2 0 10 22 0 154
1 2 0 10 11 11 25
1 2 0 10 0 22 176
1 2 0 9 17 6 42
1 2 0 9 6 17 152
1 2 0 8 23 1 167
1 2 0 8 12 12 10
1 2 0 8 1 23 129
1 2 0 7 18 7 131
1 2 0 7 7 18 64
1 2 0 6 24 2 7
1 2 0 6 13 13 173
1 2 0 6 2 24 54
1 2 0 5 19 8 108
1 2 0 5 8 19 159
1 2 0 4 25 3 141
1 2 0 4 14 14 52
1 2 0 4 3 25 13
1 2 0 3 20 9 64
1 2 0 3 9 20 4
1 2 0 2 26 4 56
1 2 0 2 15 15 43
1 2 0 2 4 26 197
1 2 0 1 21 10 68
1 2 0 1 10 21 180
1 2 0 0 27 5 11
1 2 0 0 16 16 99
1 2 0 0 5 27 129
1 1 30 2 0 1 55
1 1 30 0 1 2 131
1 1 28 5 0 0 195
1 1 28 3 1 1 18
1 1 28 1 2 2 42
1 1 27 1 0 5 146
1 1 27 0 6 0 36
1 1 26 6 1 0 62
1 1 26 4 2 1 149
1 1 26 2 3 2 88
1 1 26 0 4 3 21
1 1 25 4 0 4 120
1 1 25 2 1 5 6
1 1 25 1 7 0 83
1 1 25 0 2 6 163
1 1 24 7 2 0 110
1 1 24 5 3 1 118
1 1 24 3 4 2 162
1 1 24 1 5 3 188
1 1 24 0 0 9 47
1 1 23 7 0 3 76
1 1 23 5 1 4 150
1 1 23 3 2 5 147
1 1 23 2 8 0 128
1 1 23 1 3 6 8
1 1 23 0 9 1 25
1 1 22 8 3 0 38
1 1 22 6 4 1 177
1 1 22 4 5 2 5
1 1 22 3 0 8 180
1 1 22 2 6 3 59
1 1 22 1 1 9 52
1 1 22 0 7 4 59
1 1 21 10 0 2 93
1 1 21 8 1 3 196
1 1 21 6 2 4 140
1 1 21 4 3 5 164
1 1 21 3 9 0 132
1 1 21 2 4 6 118
1 1 21 1 10 1 37
1 1 21 0 5 7 51
1 1 20 9 4 0 188
1 1 20 7 5 1 170
1 1 20 6 0 7 2
1 1 20 5 6 2 48
1 1 20 4 1 8 117
1 1 20 3 7 3 87
1 1 20 2 2 9 119
1 1 20 1 8 4 19
1 1 20 0 3 10 45
1 1 19 13 0 1 47
1 1 19 11 1 2 179
1 1 19 9 2 3 64
1 1 19 7 3 4 54
1 1 19 5 4 5 149
1 1 19 4 10 0 70
1 1 19 3 5 6 75
1 1 19 2 11 1 180
1 1 19 2 0 12 69
1 1 19 1 6 7 142
1 1 19 0 12 2 145
1 1 19 0 1 13 47
1 1 18 9 0 6 152
1 1 18 8 6 1 40
1 1 18 7 1 7 149
1 1 18 6 7 2 5
1 1 18 5 2 8 97
1 1 18 4 8 3 31
1 1 18 3 3 9 36
1 1 18 2 9 4 119
1 1 18 1 4 10 101
1 1 18 0 10 5 188
1 1 17 16 0 0 99
1 1 17 14 1 1 156
1 1 17 12 2 2 149
1 1 17 10 3 3 139
1 1 17 8 4 4 195
1 1 17 6 5 5 194
1 1 17 5 11 0 178
1 1 17 5 0 11 85
1 1 17 4 6 6 110
1 1 17 3 12 1 47
1 1 17 3 1 12 36
1 1 17 2 7 7 174
1 1 17 1 13 2 75
1 1 17 1 2 13 164
1 1 17 0 8 8 106
1 1 16 12 0 5 111
1 1 16 11 6 0 103
1 1 16 10 1 6 101
1 1 16 9 7 1 73
1 1 16 8 2 7 5
1 1 16 7 8 2 171
1 1 16 6 3 8 50
1 1 16 5 9 3 151
1 1 16 4 4 9 88
1 1 16 3 10 4 144
1 1 16 2 5 10 103
1 1 16 1 11 5 55
1 1 16 1 0 16 56
1 1 16 0 17 0 48
1 1 16 0 6 11 23
1 1 15 17 1 0 108
1 1 15 15 2 1 68
1 1 15 13 3 2 131
1 1 15 11 4 3 54
1 1 15 9 5 4 110
1 1 15 8 0 10 125
1 1 15 7 6 5 35
1 1 15 6 12 0 131
1 1 15 6 1 11 70
1 1 15 5 7 6 103
1 1 15 4 13 1 27
1 1 15 4 2 12 82
1 1 15 3 8 7 174
1 1 15 2 14 2 76
1 1 15 2 3 13 135
1 1 15 0 15 3 68
1 1 15 0 4 14 115
1 1 14 15 0 4 63
1 1 14 13 1 5 34
1 1 14 12 7 0 4
1 1 14 11 2 6 177
1 1 14 10 8 1 38
1 1 14 9 3 7 18
1 1 14 8 9 2 130
1 1 14 7 4 8 156
1 1 14 6 10 3 191
1 1 14 5 5 9 101
1 1 14 4 11 4 60
1 1 14 4 0 15 109
1 1 14 3 6 10 146
1 1 14 2 12 5 34
1 1 14 2 1 16 194
1 1 14 1 18 0 1
1 1 14 1 7 11 166
1 1 14 0 13 6 48
1 1 14 0 2 17 61
1 1 13 18 2 0 98
1 1 13 16 3 1 158
1 1 13 14 4 2 1
1 1 13 12 5 3 4
1 1 13 11 0 9 21
1 1 13 10 6 4 150
1 1 13 9 1 10 17
1 1 13 8 7 5 80
1 1 13 7 13 0 48
1 1 13 7 2 11 84
1 1 13 6 8 6 139
1 1 13 5 14 1 72
1 1 13 5 3 12 110
1 1 13 4 9 7 183
1 1 13 3 15 2 28
1 1 13 3 4 13 128
1 1 13 2 10 8 158
1 1 13 1 16 3 115
1 1 13 1 5 14 161
1 1 13 0 11 9 83
1 1 13 0 0 20 188
1 1 12 18 0 3 74
1 1 12 16 1 4 188
1 1 12 14 2 5 3
1 1 12 13 8 0 134
1 1 12 12 3 6 50
1 1 12 11 9 1 146
1 1 12 10 4 7 61
1 1 12 9 10 2 94
1 1 12 8 5 8 168
1 1 12 7 11 3 76
1 1 12 7 0 14 98
1 1 12 6 6 9 120
1 1 12 5 12 4 75
1 1 12 5 1 15 159
1 1 12 4 7 10 185
1 1 12 3 13 5 129
1 1 12 3 2 16 4
1 1 12 2 19 0 189
1 1 12 2 8 11 3
1 1 12 1 14 6 152
1 1 12 1 3 17 26
1 1 12 0 20 1 117
1 1 12 0 9 12 138
1 1 11 19 3 0 187
1 1 11 17 4 1 153
1 1 11 15 5 2 190
1 1 11 14 0 8 29
1 1 11 13 6 3 132
1 1 11 12 1 9 145
1 1 11 11 7 4 79
1 1 11 10 2 10 174
1 1 11 9 8 5 163
1 1 11 8 14 0 64
1 1 11 8 3 11 11
1 1 11 7 9 6 112
1 1 11 6 15 1 94
1 1 11 6 4 12 188
1 1 11 5 10 7 192
1 1 11 4 16 2 99
1 1 11 4 5 13 78
1 1 11 3 11 8 175
1 1 11 3 0 19 29
1 1 11 2 17 3 166
1 1 11 2 6 14 85
1 1 11 1 12 9 51
1 1 11 1 1 20 102
1 1 11 0 18 4 25
1 1 11 0 7 15 74
1 1 10 21 0 2 137
1 1 10 19 1 3 179
1 1 10 17 2 4 148
1 1 10 15 3 5 73
1 1 10 14 9 0 141
1 1 10 13 4 6 170
1 1 10 12 10 1 116
1 1 10 11 5 7 61
1 1 10 10 11 2 83
1 1 10 10 0 13 182
1 1 10 9 6 8 139
1 1 10 8 12 3 103
1 1 10 8 1 14 181
1 1 10 7 7 9 67
1 1 10 6 13 4 32
1 1 10 6 2 15 157
1 1 10 5 8 10 50
1 1 10 4 14 5 24
1 1 10 3 20 0 5
1 1 10 3 9 11 70
1 1 10 2 15 6 155
1 1 10 2 4 17 40
1 1 10 1 21 1 127
1 1 10 1 10 12 120
1 1 10 0 16 7 44
1 1 10 0 5 18 173
1 1 9 20 4 0 170
1 1 9 18 5 1 133
1 1 9 17 0 7 150
1 1 9 16 6 2 122
1 1 9 15 1 8 117
1 1 9 14 7 3 16
1 1 9 13 2 9 109
1 1 9 12 8 4 48
1 1 9 11 3 10 144
1 1 9 10 9 5 12
1 1 9 9 15 0 15
1 1 9 9 4 11 88
1 1 9 8 10 6 183
1 1 9 7 16 1 145
1 1 9 7 5 12 17
1 1 9 6 11 7 31
1 1 9 6 0 18 141
1 1 9 5 17 2 44
1 1 9 5 6 13 90
1 1 9 4 12 8 61
1 1 9 4 1 19 107
1 1 9 3 18 3 158
1 1 9 3 7 14 66
1 1 9 2 13 9 7
1 1 9 2 2 20 44
1 1 9 1 19 4 127
1 1 9 1 8 15 117
1 1 9 0 14 10 106
1 1 9 0 3 21 79
1 1 8 24 0 1 29
1 1 8 22 1 2 149
1 1 8 20 2 3 171
1 1 8 18 3 4 142
1 1 8 16 4 5 36
1 1 8 15 10 0 101
1 1 8 14 5 6 99
1 1 8 13 11 1 64
1 1 8 13 0 12 149
1 1 8 12 6 7 5
1 1 8 11 12 2 66
1 1 8 11 1 13 194
1 1 8 10 7 8 114
1 1 8 9 13 3 156
1 1 8 9 2 14 126
1 1 8 8 8 9 76
1 1 8 7 14 4 7
1 1 8 7 3 15 46
1 1 8 6 9 10 192
1 1 8 5 15 5 175
1 1 8 5 4 16 36
1 1 8 4 21 0 113
1 1 8 4 10 11 177
1 1 8 3 16 6 28
1 1 8 3 5 17 83
1 1 8 2 22 1 161
1 1 8 2 11 12 66
1 1 8 2 0 23 126
1 1 8 1 17 7 18
1 1 8 1 6 18 113
1 1 8 0 23 2 44
1 1 8 0 12 13 70
1 1 8 0 1 24 4
1 1 7 21 5 0 25
1 1 7 20 0 6 104
1 1 7 19 6 1 191
1 1 7 18 1 7 166
1 1 7 17 7 2 160
1 1 7 16 2 8 34
1 1 7 15 8 3 195
1 1 7 14 3 9 52
1 1 7 13 9 4 92
1 1 7 12 4 10 11
1 1 7 11 10 5 56
1 1 7 10 16 0 67
1 1 7 10 5 11 80
1 1 7 9 11 6 34
1 1 7 9 0 17 112
1 1 7 8 17 1 12
1 1 7 8 6 12 4
1 1 7 7 12 7 104
1 1 7 7 1 18 80
1 1 7 6 18 2 171
1 1 7 6 7 13 52
1 1 7 5 13 8 130
1 1 7 5 2 19 167
1 1 7 4 19 3 164
1 1 7 4 8 14 53
1 1 7 3 14 9 158
1 1 7 3 3 20 61
1 1 7 2 20 4 13
1 1 7 2 9 15 155
1 1 7 1 15 10 81
1 1 7 1 4 21 37
1 1 7 0 21 5 184
1 1 7 0 10 16 170
1 1 6 27 0 0 38
1 1 6 25 1 1 128
1 1 6 23 2 2 3
1 1 6 21 3 3 194
1 1 6 19 4 4 173
1 1 6 17 5 5 25
1 1 6 16 11 0 83
1 1 6 16 0 11 151
1 1 6 15 6 6 13
1 1 6 14 12 1 128
1 1 6 14 1 12 9
1 1 6 13 7 7 72
1 1 6 12 13 2 43
1 1 6 12 2 13 3
1 1 6 11 8 8 100
1 1 6 10 14 3 89
1 1 6 10 3 14 6
1 1 6 9 9 9 179
1 1 6 8 15 4 192
1 1 6 8 4 15 59
1 1 6 7 10 10 135
1 1 6 6 16 5 82
1 1 6 6 5 16 127
1 1 6 5 22 0 99
1 1 6 5 11 11 136
1 1 6 5 0 22 60
1 1 6 4 17 6 79
1 1 6 4 6 17 38
1 1 6 3 23 1 174
1 1 6 3 12 12 104
1 1 6 3 1 23 188
1 1 6 2 18 7 67
1 1 6 2 7 18 9
1 1 6 1 24 2 55
1 1 6 1 13 13 113
1 1 6 1 2 24 148
1 1 6 0 19 8 43
1 1 6 0 8 19 28
1 1 5 23 0 5 155
1 1 5 22 6 0 65
1 1 5 21 1 6 91
1 1 5 20 7 1 97
1 1 5 19 2 7 142
1 1 5 18 8 2 29
1 1 5 17 3 8 19
1 1 5 16 9 3 160
1 1 5 15 4 9 154
1 1 5 14 10 4 173
1 1 5 13 5 10 193
1 1 5 12 11 5 52
1 1 5 12 0 16 138
1 1 5 11 17 0 132
1 1 5 11 6 11 174
1 1 5 10 12 6 66
1 1 5 10 1 17 194
1 1 5 9 18 1 45
1 1 5 9 7 12 28
1 1 5 8 13 7 23
1 1 5 8 2 18 136
1 1 5 7 19 2 141
1 1 5 7 8 13 137
1 1 5 6 14 8 172
1 1 5 6 3 19 105
1 1 5 5 20 3 41
1 1 5 5 9 14 99
1 1 5 4 15 9 35
1 1 5 4 4 20 44
1 1 5 3 21 4 84
1 1 5 3 10 15 38
1 1 5 2 16 10 125
1 1 5 2 5 21 32
1 1 5 1 22 5 93
1 1 5 1 11 16 52
1 1 5 1 0 27 196
1 1 5 0 28 0 25
1 1 5 0 17 11 46
1 1 5 0 6 22 130
1 1 4 28 1 0 54
1 1 4 26 2 1 8
1 1 4 24 3 2 44
1 1 4 22 4 3 193
1 1 4 20 5 4 48
1 1 4 19 0 10 160
1 1 4 18 6 5 152
1 1 4 17 12 0 124
1 1 4 17 1 11 93
1 1 4 16 7 6 86
1 1 4 15 13 1 46
1 1 4 15 2 12 131
1 1 4 14 8 7 98
1 1 4 13 14 2 41
1 1 4 13 3 13 162
1 1 4 12 9 8 52
1 1 4 11 15 3 67
1 1 4 11 4 14 180
1 1 4 10 10 9 7
1 1 4 9 16 4 90
1 1 4 9 5 15 22
1 1 4 8 11 10 184
1 1 4 8 0 21 74
1 1 4 7 17 5 179
1 1 4 7 6 16 77
1 1 4 6 23 0 126
1 1 4 6 12 11 193
1 1 4 6 1 22 80
1 1 4 5 18 6 71
1 1 4 5 7 17 191
1 1 4 4 24 1 10
1 1 4 4 13 12 16
1 1 4 4 2 23 183
1 1 4 3 19 7 144
1 1 4 3 8 18 150
1 1 4 2 25 2 39
1 1 4 2 14 13 43
1 1 4 2 3 24 90
1 1 4 1 20 8 127
1 1 4 1 9 19 14
1 1 4 0 26 3 44
1 1 4 0 15 14 50
1 1 4 0 4 25 90
1 1 3 26 0 4 196
1 1 3 24 1 5 57
1 1 3 23 7 0 9
1 1 3 22 2 6 124
1 1 3 21 8 1 148
1 1 3 20 3 7 16
1 1 3 19 9 2 2
1 1 3 18 4 8 172
1 1 3 17 10 3 25
1 1 3 16 5 9 132
1 1 3 15 11 4 40
1 1 3 15 0 15 146
1 1 3 14 6 10 104
1 1 3 13 12 5 126
1 1 3 13 1 16 59
1 1 3 12 18 0 120
1 1 3 12 7 11 10
1 1 3 11 13 6 97
1 1 3 11 2 17 54
1 1 3 10 19 1 31
1 1 3 10 8 12 37
1 1 3 9 14 7 183
1 1 3 9 3 18 44
1 1 3 8 20 2 31
1 1 3 8 9 13 128
1 1 3 7 15 8 12
1 1 3 7 4 19 135
1 1 3 6 21 3 79
1 1 3 6 10 14 119
1 1 3 5 16 9 16
1 1 3 5 5 20 86
1 1 3 4 22 4 180
1 1 3 4 11 15 130
1 1 3 4 0 26 49
1 1 3 3 17 10 156
1 1 3 3 6 21 109
1 1 3 2 23 5 42
1 1 3 2 12 16 138
1 1 3 2 1 27 58
1 1 3 1 29 0 76
1 1 3 1 18 11 2
1 1 3 1 7 22 23
1 1 3 0 24 6 85
1 1 3 0 13 17 136
1 1 3 0 2 28 125
1 1 2 29 2 0 177
1 1 2 27 3 1 64
1 1 2 25 4 2 152
1 1 2 23 5 3 177
1 1 2 22 0 9 185
1 1 2 21 6 4 88
1 1 2 20 1 10 144
1 1 2 19 7 5 142
1 1 2 18 13 0 75
1 1 2 18 2 11 48
1 1 2 17 8 6 167
1 1 2 16 14 1 74
1 1 2 16 3 12 135
1 1 2 15 9 7 42
1 1 2 14 15 2 54
1 1 2 14 4 13 119
1 1 2 13 10 8 13
1 1 2 12 16 3 53
1 1 2 12 5 14 138
1 1 2 11 11 9 157
1 1 2 11 0 20 100
1 1 2 10 17 4 159
1 1 2 10 6 15 131
1 1 2 9 12 10 59
1 1 2 9 1 21 175
1 1 2 8 18 5 91
1 1 2 8 7 16 177
1 1 2 7 24 0 168
1 1 2 7 13 11 84
1 1 2 7 2 22 129
1 1 2 6 19 6 191
1 1 2 6 8 17 70
1 1 2 5 25 1 186
1 1 2 5 14 12 47
1 1 2 5 3 23 198
1 1 2 4 20 7 111
1 1 2 4 9 18 7
1 1 2 3 26 2 7
1 1 2 3 15 13 23
1 1 2 3 4 24 63
1 1 2 2 21 8 32
1 1 2 2 10 19 129
1 1 2 1 27 3 165
1 1 2 1 16 14 14
1 1 2 1 5 25 86
1 1 2 0 22 9 109
1 1 2 0 11 20 103
1 1 2 0 0 31 14
1 1 1 29 0 3 32
1 1 1 27 1 4 188
1 1 1 25 2 5 118
1 1 1 24 8 0 54
1 1 1 23 3 6 156
1 1 1 22 9 1 7
1 1 1 21 4 7 118
1 1 1 20 10 2 125
1 1 1 19 5 8 124
1 1 1 18 11 3 167
1 1 1 18 0 14 178
1 1 1 17 6 9 75
1 1 1 16 12 4 161
1 1 1 16 1 15 144
1 1 1 15 7 10 15
1 1 1 14 2 16 133
1 1 1 13 19 0 88
1 1 1 13 8 11 94
1 1 1 12 14 6 32
1 1 1 12 3 17 163
1 1 1 11 20 1 137
1 1 1 11 9 12 172
1 1 1 10 15 7 128
1 1 1 10 4 18 196
1 1 1 9 21 2 194
1 1 1 9 10 13 175
1 1 1 8 16 8 56
1 1 1 8 5 19 131
1 1 1 7 22 3 40
1 1 1 7 11 14 56
1 1 1 7 0 25 86
1 1 1 6 17 9 89
1 1 1 6 6 20 27
1 1 1 5 23 4 99
1 1 1 5 12 15 141
1 1 1 5 1 26 92
1 1 1 4 18 10 37
1 1 1 4 7 21 176
1 1 1 3 24 5 108
1 1 1 3 13 16 56
1 1 1 3 2 27 49
1 1 1 2 30 0 38
1 1 1 2 19 11 79
1 1 1 2 8 22 160
1 1 1 1 25 6 21
1 1 1 1 14 17 48
1 1 1 1 3 28 31
1 1 1 0 31 1 137
1 1 1 0 20 12 174
1 1 1 0 9 23 97
1 1 0 30 3 0 197
1 1 0 28 4 1 84
1 1 0 26 5 2 121
1 1 0 25 0 8 113
1 1 0 24 6 3 9
1 1 0 23 1 9 54
1 1 0 22 7 4 75
1 1 0 21 2 10 153
1 1 0 20 8 5 167
1 1 0 19 14 0 87
1 1 0 19 3 11 8
1 1 0 18 9 6 196
1 1 0 17 15 1 73
1 1 0 17 4 12 60
1 1 0 16 10 7 179
1 1 0 15 16 2 20
1 1 0 15 5 13 9
1 1 0 14 11 8 108
1 1 0 14 0 19 139
1 1 0 13 17 3 59
1 1 0 13 6 14 137
1 1 0 12 12 9 19
1 1 0 12 1 20 73
1 1 0 11 18 4 45
1 1 0 11 7 15 97
1 1 0 10 13 10 117
1 1 0 10 2 21 81
1 1 0 9 19 5 76
1 1 0 9 8 16 171
1 1 0 8 25 0 171
1 1 0 8 14 11 62
1 1 0 8 3 22 198
1 1 0 7 20 6 170
1 1 0 7 9 17 56
1 1 0 6 26 1 156
1 1 0 6 15 12 113
1 1 0 6 4 23 37
1 1 0 5 21 7 97
1 1 0 5 10 18 173
1 1 0 4 27 2 93
1 1 0 4 16 13 170
1 1 0 4 5 24 179
1 1 0 3 22 8 26
1 1 0 3 11 19 90
1 1 0 3 0 30 174
1 1 0 2 28 3 116
1 1 0 2 17 14 168
1 1 0 2 6 25 121
1 1 0 1 23 9 103
1 1 0 1 12 20 131
1 1 0 1 1 31 27
1 1 0 0 29 4 60
1 1 0 0 18 15 129
1 1 0 0 7 26 141
1 0 32 1 1 0 188
1 0 30 2 2 0 23
1 0 30 0 3 1 118
1 0 29 2 0 3 123
1 0 29 0 1 4 129
1 0 28 3 3 0 79
1 0 28 1 4 1 103
1 0 27 5 0 2 129
1 0 27 3 1 3 70
1 0 27 1 2 4 177
1 0 26 4 4 0 176
1 0 26 2 5 1 191
1 0 26 1 0 7 183
1 0 26 0 6 2 177
1 0 25 8 0 1 47
1 0 25 6 1 2 109
1 0 25 4 2 3 172
1 0 25 2 3 4 58
1 0 25 0 4 5 104
1 0 24 5 5 0 181
1 0 24 4 0 6 11
1 0 24 3 6 1 33
1 0 24 2 1 7 182
1 0 24 1 7 2 67
1 0 24 0 2 8 130
1 0 23 11 0 0 111
1 0 23 9 1 1 38
1 0 23 7 2 2 124
1 0 23 5 3 3 42
1 0 23 3 4 4 105
1 0 23 1 5 5 3
1 0 23 0 11 0 7
1 0 23 0 0 11 31
1 0 22 7 0 5 1
1 0 22 6 6 0 31
1 0 22 5 1 6 40
1 0 22 4 7 1 74
1 0 22 3 2 7 129
1 0 22 2 8 2 107
1 0 22 1 3 8 25
1 0 22 0 9 3 77
1 0 21 12 1 0 63
1 0 21 10 2 1 151
1 0 21 8 3 2 140
1 0 21 6 4 3 110
1 0 21 4 5 4 8
1 0 21 3 0 10 70
1 0 21 2 6 5 21
1 0 21 1 12 0 139
1 0 21 1 1 11 99
1 0 21 0 7 6 129
1 0 20 10 0 4 29
1 0 20 8 1 5 170
1 0 20 7 7 0 104
1 0 20 6 2 6 34
1 0 20 5 8 1 34
1 0 20 4 3 7 141
1 0 20 3 9 2 70
1 0 20 2 4 8 33
1 0 20 1 10 3 57
1 0 20 0 5 9 85
1 0 19 13 2 0 25
1 0 19 11 3 1 131
1 0 19 9 4 2 178
1 0 19 7 5 3 121
1 0 19 6 0 9 166
1 0 19 5 6 4 130
1 0 19 4 1 10 47
1 0 19 3 7 5 144
1 0 19 2 13 0 47
1 0 19 2 2 11 62
1 0 19 1 8 6 70
1 0 19 0 14 1 143
1 0 19 0 3 12 161
1 0 18 13 0 3 140
1 0 18 9 2 5 3
1 0 18 8 8 0 144
1 0 18 7 3 6 188
1 0 18 6 9 1 133
1 0 18 5 4 7 21
1 0 18 4 10 2 17
1 0 18 3 5 8 101
1 0 18 2 11 3 131
1 0 18 2 0 14 97
1 0 18 1 6 9 107
1 0 18 0 12 4 111
1 0 18 0 1 15 183
1 0 17 14 3 0 153
1 0 17 12 4 1 90
1 0 17 10 5 2 157
1 0 17 9 0 8 48
1 0 17 8 6 3 83
1 0 17 7 1 9 184
1 0 17 6 7 4 12
1 0 17 5 2 10 124
1 0 17 4 8 5 181
1 0 17 3 14 0 163
1 0 17 3 3 11 89
1 0 17 2 9 6 123
1 0 17 1 15 1 5
1 0 17 1 4 12 6
1 0 17 0 10 7 8
1 0 16 16 0 2 140
1 0 16 14 1 3 119
1 0 16 12 2 4 75
1 0 16 10 3 5 57
1 0 16 9 9 0 192
1 0 16 8 4 6 188
1 0 16 7 10 1 179
1 0 16 6 5 7 114
1 0 16 5 11 2 23
1 0 16 5 0 13 37
1 0 16 4 6 8 88
1 0 16 3 12 3 140
1 0 16 3 1 14 23
1 0 16 2 7 9 106
1 0 16 1 13 4 19
1 0 16 1 2 15 67
1 0 16 0 8 10 107
1 0 15 15 4 0 125
1 0 15 13 5 1 2
1 0 15 12 0 7 142
1 0 15 11 6 2 194
1 0 15 10 1 8 186
1 0 15 9 7 3 34
1 0 15 8 2 9 112
1 0 15 7 8 4 46
1 0 15 6 3 10 198
1 0 15 5 9 5 183
1 0 15 4 15 0 92
1 0 15 4 4 11 146
1 0 15 3 10 6 86
1 0 15 2 16 1 176
1 0 15 2 5 12 119
1 0 15 1 11 7 123
1 0 15 1 0 18 76
1 0 15 0 17 2 91
1 0 15 0 6 13 107
1 0 14 19 0 1 111
1 0 14 17 1 2 153
1 0 14 15 2 3 58
1 0 14 13 3 4 135
1 0 14 11 4 5 168
1 0 14 10 10 0 71
1 0 14 9 5 6 114
1 0 14 8 11 1 173
1 0 14 8 0 12 78
1 0 14 7 6 7 124
1 0 14 6 12 2 154
1 0 14 6 1 13 165
1 0 14 5 7 8 90
1 0 14 4 13 3 184
1 0 14 4 2 14 97
1 0 14 3 8 9 127
1 0 14 2 14 4 41
1 0 14 2 3 15 176
1 0 14 1 9 10 59
1 0 14 0 15 5 151
1 0 14 0 4 16 20
1 0 13 16 5 0 183
1 0 13 15 0 6 3
1 0 13 14 6 1 48
1 0 13 13 1 7 25
1 0 13 12 7 2 111
1 0 13 11 2 8 85
1 0 13 10 8 3 168
1 0 13 9 3 9 17
1 0 13 8 9 4 91
1 0 13 7 4 10 31
1 0 13 6 10 5 134
1 0 13 5 16 0 116
1 0 13 5 5 11 178
1 0 13 4 11 6 105
1 0 13 4 0 17 17
1 0 13 3 17 1 26
1 0 13 3 6 12 136
1 0 13 2 12 7 6
1 0 13 2 1 18 116
1 0 13 1 18 2 88
1 0 13 1 7 13 139
1 0 13 0 13 8 9
1 0 13 0 2 19 82
1 0 12 22 0 0 82
1 0 12 20 1 1 138
1 0 12 18 2 2 161
1 0 12 16 3 3 128
1 0 12 14 4 4 186
1 0 12 12 5 5 66
1 0 12 11 11 0 130
1 0 12 11 0 11 44
1 0 12 10 6 6 141
1 0 12 9 12 1 26
1 0 12 9 1 12 163
1 0 12 8 7 7 163
1 0 12 7 13 2 81
1 0 12 7 2 13 123
1 0 12 6 8 8 164
1 0 12 5 14 3 120
1 0 12 5 3 14 92
1 0 12 4 9 9 72
1 0 12 3 15 4 43
1 0 12 3 4 15 182
1 0 12 2 10 10 37
1 0 12 1 16 5 185
1 0 12 1 5 16 161
1 0 12 0 22 0 154
1 0 12 0 11 11 22
1 0 12 0 0 22 23
1 0 11 18 0 5 73
1 0 11 17 6 0 189
1 0 11 16 1 6 188
1 0 11 15 7 1 179
1 0 11 14 2 7 169
1 0 11 13 8 2 57
1 0 11 12 3 8 119
1 0 11 11 9 3 132
1 0 11 10 4 9 91
1 0 11 9 10 4 25
1 0 11 8 5 10 35
1 0 11 7 11 5 170
1 0 11 7 0 16 20
1 0 11 6 17 0 20
1 0 11 6 6 11 135
1 0 11 5 12 6 194
1 0 11 5 1 17 39
1 0 11 4 18 1 108
1 0 11 4 7 12 165
1 0 11 3 13 7 55
1 0 11 3 2 18 182
1 0 11 2 19 2 192
1 0 11 2 8 13 66
1 0 11 1 14 8 184
1 0 11 1 3 19 82
1 0 11 0 20 3 163
1 0 11 0 9 14 160
1 0 10 23 1 0 91
1 0 10 21 2 1 106
1 0 10 19 3 2 69
1 0 10 17 4 3 143
1 0 10 15 5 4 189
1 0 10 14 0 10 164
1 0 10 13 6 5 185
1 0 10 12 12 0 63
1 0 10 12 1 11 158
1 0 10 11 7 6 55
1 0 10 10 13 1 133
1 0 10 10 2 12 117
1 0 10 9 8 7 30
1 0 10 8 14 2 83
1 0 10 8 3 13 77
1 0 10 7 9 8 29
1 0 10 6 15 3 20
1 0 10 6 4 14 103
1 0 10 5 10 9 196
1 0 10 4 16 4 111
1 0 10 4 5 15 185
1 0 10 3 11 10 11
1 0 10 3 0 21 167
1 0 10 2 17 5 134
1 0 10 2 6 16 148
1 0 10 1 23 0 16
1 0 10 1 12 11 115
1 0 10 1 1 22 146
1 0 10 0 18 6 14
1 0 10 0 7 17 71
1 0 9 21 0 4 30
1 0 9 19 1 5 77
1 0 9 18 7 0 90
1 0 9 17 2 6 69
1 0 9 16 8 1 63
1 0 9 15 3 7 128
1 0 9 14 9 2 111
1 0 9 13 4 8 30
1 0 9 12 10 3 91
1 0 9 11 5 9 179
1 0 9 10 11 4 169
1 0 9 10 0 15 34
1 0 9 9 6 10 35
1 0 9 8 12 5 125
1 0 9 8 1 16 99
1 0 9 7 18 0 94
1 0 9 7 7 11 198
1 0 9 6 13 6 49
1 0 9 6 2 17 10
1 0 9 5 19 1 47
1 0 9 5 8 12 50
1 0 9 4 14 7 3
1 0 9 4 3 18 45
1 0 9 3 20 2 165
1 0 9 3 9 13 155
1 0 9 2 15 8 125
1 0 9 2 4 19 107
1 0 9 1 21 3 42
1 0 9 1 10 14 180
1 0 9 0 16 9 75
1 0 9 0 5 20 61
1 0 8 24 2 0 172
1 0 8 22 3 1 43
1 0 8 20 4 2 19
1 0 8 18 5 3 70
1 0 8 17 0 9 23
1 0 8 16 6 4 76
1 0 8 15 1 10 180
1 0 8 14 7 5 149
1 0 8 13 13 0 74
1 0 8 13 2 11 110
1 0 8 12 8 6 179
1 0 8 11 14 1 191
1 0 8 11 3 12 156
1 0 8 10 9 7 151
1 0 8 9 15 2 105
1 0 8 9 4 13 180
1 0 8 8 10 8 6
1 0 8 7 16 3 6
1 0 8 7 5 14 161
1 0 8 6 11 9 38
1 0 8 6 0 20 123
1 0 8 5 17 4 77
1 0 8 5 6 15 56
1 0 8 4 12 10 172
1 0 8 4 1 21 126
1 0 8 3 18 5 28
1 0 8 3 7 16 185
1 0 8 2 24 0 131
1 0 8 2 13 11 18
1 0 8 2 2 22 155
1 0 8 1 19 6 119
1 0 8 1 8 17 103
1 0 8 0 25 1 152
1 0 8 0 14 12 178
1 0 8 0 3 23 166
1 0 7 24 0 3 197
1 0 7 22 1 4 85
1 0 7 20 2 5 22
1 0 7 19 8 0 144
1 0 7 18 3 6 162
1 0 7 17 9 1 138
1 0 7 16 4 7 4
1 0 7 15 10 2 9
1 0 7 14 5 8 151
1 0 7 13 11 3 107
1 0 7 13 0 14 39
1 0 7 12 6 9 48
1 0 7 11 12 4 60
1 0 7 11 1 15 97
1 0 7 10 7 10 162
1 0 7 9 13 5 94
1 0 7 9 2 16 169
1 0 7 8 19 0 1
1 0 7 8 8 11 58
1 0 7 7 14 6 103
1 0 7 7 3 17 196
1 0 7 6 20 1 174
1 0 7 6 9 12 114
1 0 7 5 15 7 165
1 0 7 5 4 18 131
1 0 7 4 21 2 147
1 0 7 4 10 13 112
1 0 7 3 16 8 81
1 0 7 3 5 19 151
1 0 7 2 22 3 175
1 0 7 2 11 14 135
1 0 7 2 0 25 129
1 0 7 1 17 9 164
1 0 7 1 6 20 147
1 0 7 0 23 4 170
1 0 7 0 12 15 79
1 0 7 0 1 26 25
1 0 6 25 3 0 3
1 0 6 23 4 1 17
1 0 6 21 5 2 40
1 0 6 20 0 8 108
1 0 6 19 6 3 160
1 0 6 18 1 9 133
1 0 6 17 7 4 109
1 0 6 16 2 10 129
1 0 6 15 8 5 78
1 0 6 14 14 0 153
1 0 6 14 3 11 68
1 0 6 13 9 6 51
1 0 6 12 15 1 44
1 0 6 12 4 12 15
1 0 6 11 10 7 75
1 0 6 10 16 2 41
1 0 6 10 5 13 17
1 0 6 9 11 8 135
1 0 6 9 0 19 91
1 0 6 8 17 3 55
1 0 6 8 6 14 120
1 0 6 7 12 9 80
1 0 6 7 1 20 157
1 0 6 6 18 4 5
1 0 6 6 7 15 148
1 0 6 5 13 10 139
1 0 6 5 2 21 111
1 0 6 4 19 5 62
1 0 6 4 8 16 175
1 0 6 3 25 0 9
1 0 6 3 14 11 130
1 0 6 3 3 22 71
1 0 6 2 20 6 161
1 0 6 2 9 17 53
1 0 6 1 26 1 92
1 0 6 1 15 12 141
1 0 6 1 4 23 22
1 0 6 0 21 7 181
1 0 6 0 10 18 111
1 0 5 27 0 2 100
1 0 5 25 1 3 194
1 0 5 23 2 4 10
1 0 5 21 3 5 118
1 0 5 20 9 0 24
1 0 5 19 4 6 104
1 0 5 18 10 1 164
1 0 5 17 5 7 145
1 0 5 16 11 2 80
1 0 5 16 0 13 88
1 0 5 15 6 8 106
1 0 5 14 12 3 28
1 0 5 14 1 14 70
1 0 5 13 7 9 184
1 0 5 12 13 4 135
1 0 5 12 2 15 172
1 0 5 11 8 10 162
1 0 5 10 14 5 21
1 0 5 10 3 16 26
1 0 5 9 20 0 98
1 0 5 9 9 11 77
1 0 5 8 15 6 81
1 0 5 8 4 17 188
1 0 5 7 21 1 140
1 0 5 7 10 12 86
1 0 5 6 16 7 139
1 0 5 6 5 18 89
1 0 5 5 22 2 49
1 0 5 5 11 13 129
1 0 5 5 0 24 176
1 0 5 4 17 8 84
1 0 5 4 6 19 157
1 0 5 3 23 3 30
1 0 5 3 12 14 143
1 0 5 3 1 25 81
1 0 5 2 18 9 40
1 0 5 2 7 20 185
1 0 5 1 24 4 85
1 0 5 1 2 26 177
1 0 5 0 19 10 97
1 0 5 0 8 21 156
1 0 4 26 4 0 65
1 0 4 24 5 1 118
1 0 4 23 0 7 104
1 0 4 22 6 2 76
1 0 4 21 1 8 50
1 0 4 20 7 3 130
1 0 4 19 2 9 160
1 0 4 18 8 4 181
1 0 4 17 3 10 52
1 0 4 16 9 5 70
1 0 4 15 15 0 175
1 0 4 15 4 11 193
1 0 4 14 10 6 39
1 0 4 13 16 1 85
1 0 4 13 5 12 70
1 0 4 12 11 7 24
1 0 4 12 0 18 188
1 0 4 11 17 2 41
1 0 4 11 6 13 159
1 0 4 10 12 8 136
1 0 4 10 1 19 158
1 0 4 9 18 3 167
1 0 4 9 7 14 44
1 0 4 8 13 9 169
1 0 4 8 2 20 79
1 0 4 7 19 4 78
1 0 4 7 8 15 12
1 0 4 6 14 10 136
1 0 4 6 3 21 21
1 0 4 5 20 5 115
1 0 4 5 9 16 141
1 0 4 4 26 0 15
1 0 4 4 15 11 56
1 0 4 4 4 22 107
1 0 4 3 21 6 14
1 0 4 3 10 17 121
1 0 4 2 27 1 82
1 0 4 2 16 12 157
1 0 4 2 5 23 7
1 0 4 1 22 7 137
1 0 4 1 11 18 81
1 0 4 1 0 29 44
1 0 4 0 28 2 168
1 0 4 0 17 13 7
1 0 4 0 6 24 163
1 0 3 30 0 1 184
1 0 3 28 1 2 31
1 0 3 26 2 3 27
1 0 3 24 3 4 36
1 0 3 22 4 5 31
1 0 3 21 10 0 137
1 0 3 20 5 6 12
1 0 3 19 11 1 93
1 0 3 19 0 12 93
1 0 3 18 6 7 80
1 0 3 17 12 2 93
1 0 3 17 1 13 182
1 0 3 16 7 8 128
1 0 3 15 13 3 179
1 0 3 15 2 14 37
1 0 3 14 8 9 72
1 0 3 13 14 4 127
1 0 3 13 3 15 179
1 0 3 12 9 10 63
1 0 3 11 15 5 181
1 0 3 11 4 16 156
1 0 3 10 21 0 49
1 0 3 10 10 11 43
1 0 3 9 5 17 122
1 0 3 8 22 1 59
1 0 3 8 11 12 151
1 0 3 8 0 23 6
1 0 3 7 17 7 193
1 0 3 7 6 18 143
1 0 3 6 23 2 155
1 0 3 6 12 13 41
1 0 3 6 1 24 80
1 0 3 5 18 8 99
1 0 3 5 7 19 57
1 0 3 4 24 3 195
1 0 3 4 13 14 23
1 0 3 4 2 25 129
1 0 3 3 19 9 62
1 0 3 3 8 20 76
1 0 3 2 25 4 122
1 0 3 2 14 15 185
1 0 3 2 3 26 168
1 0 3 1 20 10 64
1 0 3 1 9 21 82
1 0 3 0 26 5 55
1 0 3 0 15 16 70
1 0 3 0 4 27 89
1 0 2 27 5 0 198
1 0 2 26 0 6 77
1 0 2 25 6 1 186
1 0 2 24 1 7 108
1 0 2 23 7 2 4
1 0 2 22 2 8 11
1 0 2 21 8 3 76
1 0 2 20 3 9 120
1 0 2 19 9 4 124
1 0 2 18 4 10 18
1 0 2 17 10 5 5
1 0 2 16 16 0 129
1 0 2 16 5 11 157
1 0 2 15 11 6 128
1 0 2 15 0 17 97
1 0 2 14 17 1 69
1 0 2 14 6 12 92
1 0 2 13 12 7 99
1 0 2 13 1 18 139
1 0 2 12 18 2 153
1 0 2 12 7 13 3
1 0 2 11 13 8 124
1 0 2 11 2 19 123
1 0 2 10 19 3 126
1 0 2 10 8 14 77
1 0 2 9 14 9 49
1 0 2 9 3 20 95
1 0 2 8 20 4 2
1 0 2 8 9 15 37
1 0 2 7 15 10 30
1 0 2 7 4 21 160
1 0 2 6 21 5 179
1 0 2 6 10 16 72
1 0 2 5 27 0 114
1 0 2 5 16 11 49
1 0 2 5 5 22 78
1 0 2 4 22 6 6
1 0 2 4 11 17 104
1 0 2 4 0 28 165
1 0 2 3 28 1 73
1 0 2 3 17 12 31
1 0 2 3 6 23 3
1 0 2 2 23 7 196
1 0 2 2 12 18 81
1 0 2 2 1 29 18
1 0 2 1 29 2 63
1 0 2 1 18 13 196
1 0 2 1 7 24 103
1 0 2 0 24 8 186
1 0 2 0 13 19 16
1 0 2 0 2 30 57
1 0 1 33 0 0 57
1 0 1 31 1 1 29
1 0 1 29 2 2 60
1 0 1 27 3 3 14
1 0 1 25 4 4 181
1 0 1 23 5 5 39
1 0 1 22 11 0 117
1 0 1 22 0 11 52
1 0 1 21 6 6 170
1 0 1 20 12 1 139
1 0 1 20 1 12 128
1 0 1 19 7 7 48
1 0 1 18 13 2 16
1 0 1 18 2 13 95
1 0 1 17 8 8 17
1 0 1 16 14 3 191
1 0 1 16 3 14 158
1 0 1 15 9 9 68
1 0 1 14 15 4 137
1 0 1 14 4 15 159
1 0 1 13 10 10 96
1 0 1 12 16 5 196
1 0 1 12 5 16 56
1 0 1 11 22 0 29
1 0 1 11 11 11 88
1 0 1 11 0 22 64
1 0 1 10 17 6 193
1 0 1 10 6 17 103
1 0 1 9 23 1 61
1 0 1 9 12 12 145
1 0 1 9 1 23 147
1 0 1 8 18 7 2
1 0 1 8 7 18 47
1 0 1 7 24 2 152
1 0 1 7 13 13 195
1 0 1 7 2 24 79
1 0 1 6 19 8 55
1 0 1 6 8 19 143
1 0 1 5 25 3 102
1 0 1 5 14 14 104
1 0 1 5 3 25 20
1 0 1 4 20 9 118
1 0 1 4 9 20 53
1 0 1 3 26 4 118
1 0 1 3 15 15 22
1 0 1 3 4 26 127
1 0 1 2 21 10 26
1 0 1 2 10 21 58
1 0 1 1 27 5 187
1 0 1 1 16 16 155
1 0 1 1 5 27 168
1 0 1 0 22 11 72
1 0 1 0 11 22 110
1 0 1 0 0 33 162
1 0 0 29 0 5 48
1 0 0 28 6 0 139
1 0 0 27 1 6 190
1 0 0 26 7 1 98
1 0 0 25 2 7 147
1 0 0 24 8 2 107
1 0 0 23 3 8 94
1 0 0 22 9 3 65
1 0 0 21 4 9 134
1 0 0 20 10 4 77
1 0 0 19 5 10 196
1 0 0 18 11 5 126
1 0 0 18 0 16 2
1 0 0 17 17 0 189
1 0 0 17 6 11 49
1 0 0 16 12 6 179
1 0 0 16 1 17 120
1 0 0 15 18 1 58
1 0 0 15 7 12 14
1 0 0 14 13 7 163
1 0 0 14 2 18 79
1 0 0 13 19 2 5
1 0 0 13 8 13 112
1 0 0 12 14 8 16
1 0 0 12 3 19 119
1 0 0 11 20 3 159
1 0 0 11 9 14 18
1 0 0 10 15 9 155
1 0 0 10 4 20 132
1 0 0 9 21 4 49
1 0 0 9 10 15 164
1 0 0 8 16 10 184
1 0 0 8 5 21 78
1 0 0 7 22 5 46
1 0 0 7 11 16 129
1 0 0 7 0 27 69
1 0 0 6 28 0 70
1 0 0 6 17 11 174
1 0 0 6 6 22 172
1 0 0 5 23 6 179
1 0 0 5 12 17 34
1 0 0 5 1 28 88
1 0 0 4 29 1 124
1 0 0 4 18 12 99
1 0 0 4 7 23 73
1 0 0 3 24 7 32
1 0 0 3 13 18 167
1 0 0 3 2 29 56
1 0 0 2 30 2 62
1 0 0 2 19 13 193
1 0 0 2 8 24 58
1 0 0 1 25 8 6
1 0 0 1 14 19 113
1 0 0 1 3 30 196
1 0 0 0 20 14 105
1 0 0 0 9 25 129
2 33 0 1 0 0 162
2 31 1 2 0 0 14
2 31 1 0 1 1 27
2 30 1 0 3 0 174
2 30 0 2 0 2 57
2 30 0 0 1 3 196
2 29 4 0 0 1 44
2 29 2 3 0 0 89
2 29 2 1 1 1 110
2 29 0 4 1 0 44
2 29 0 2 2 1 18
2 29 0 0 3 2 56
2 28 4 0 2 0 6
2 28 3 0 0 3 92
2 28 2 1 3 0 1
2 28 1 3 0 2 125
2 28 1 1 1 3 31
2 28 0 2 4 0 165
2 28 0 0 5 1 88
2 27 5 1 0 1 181
2 27 3 4 0 0 120
2 27 3 2 1 1 158
2 27 3 0 2 2 177
2 27 2 0 0 5 129
2 27 1 5 1 0 196
2 27 1 3 2 1 58
2 27 1 1 3 2 49
2 27 0 3 0 4 89
2 27 0 1 1 5 168
2 27 0 0 7 0 69
2 26 7 0 1 0 154
2 26 5 1 2 0 13
2 26 4 1 0 3 89
2 26 3 2 3 0 115
2 26 3 0 4 1 22
2 26 2 4 0 2 188
2 26 2 2 1 3 82
2 26 2 0 2 4 197
2 26 1 3 4 0 49
2 26 1 1 5 1 92
2 26 1 0 0 7 141
2 26 0 7 0 1 25
2 26 0 5 1 2 177
2 26 0 3 2 3 168
2 26 0 1 3 4 127
2 25 6 2 0 1 188
2 25 6 0 1 2 115
2 25 4 5 0 0 89
2 25 4 3 1 1 113
2 25 4 1 2 2 44
2 25 3 1 0 5 116
2 25 3 0 6 0 38
2 25 2 6 1 0 121
2 25 2 4 2 1 173
2 25 2 2 3 2 188
2 25 2 0 4 3 13
2 25 1 4 0 4 90
2 25 1 2 1 5 86
2 25 1 1 7 0 86
2 25 1 0 2 6 121
2 25 0 7 2 0 129
2 25 0 5 3 1 81
2 25 0 3 4 2 129
2 25 0 1 5 3 20
2 25 0 0 0 9 129
2 24 10 0 0 0 143
2 24 8 1 1 0 193
2 24 6 2 2 0 6
2 24 6 0 3 1 17
2 24 5 2 0 3 6
2 24 5 0 1 4 101
2 24 4 3 3 0 54
2 24 4 1 4 1 137
2 24 3 5 0 2 124
2 24 3 3 1 3 109
2 24 3 1 2 4 139
2 24 2 4 4 0 11
2 24 2 2 5 1 163
2 24 2 1 0 7 56
2 24 2 0 6 2 54
2 24 1 8 0 1 4
2 24 1 6 1 2 148
2 24 1 4 2 3 90
2 24 1 2 3 4 63
2 24 1 0 4 5 179
2 24 0 5 5 0 176
2 24 0 4 0 6 163
2 24 0 3 6 1 80
2 24 0 2 1 7 103
2 24 0 1 7 2 79
2 24 0 0 2 8 58
2 23 9 0 0 2 28
2 23 7 3 0 1 120
2 23 7 1 1 2 14
2 23 6 0 5 0 111
2 23 5 6 0 0 183
2 23 5 4 1 1 153
2 23 5 2 2 2 191
2 23 5 0 3 3 193
2 23 4 2 0 5 171
2 23 4 1 6 0 79
2 23 4 0 1 6 190
2 23 3 7 1 0 2
2 23 3 5 2 1 69
2 23 3 3 3 2 164
2 23 3 1 4 3 60
2 23 2 5 0 4 138
2 23 2 3 1 5 50
2 23 2 2 7 0 51
2 23 2 1 2 6 61
2 23 2 0 8 1 129
2 23 1 8 2 0 126
2 23 1 6 3 1 188
2 23 1 4 4 2 183
2 23 1 2 5 3 198
2 23 1 1 0 9 97
2 23 1 0 6 4 37
2 23 0 8 0 3 166
2 23 0 6 1 4 22
2 23 0 4 2 5 7
2 23 0 3 8 0 6
2 23 0 2 3 6 3
2 23 0 1 9 1 147
2 23 0 0 4 7 73
2 22 11 1 0 0 42
2 22 9 2 1 0 68
2 22 9 0 2 1 77
2 22 8 0 0 4 195
2 22 7 3 2 0 90
2 22 7 1 3 1 77
2 22 6 3 0 3 186
2 22 6 1 1 4 64
2 22 5 4 3 0 125
2 22 5 2 4 1 130
2 22 5 0 5 2 102
2 22 4 6 0 2 107
2 22 4 4 1 3 116
2 22 4 2 2 4 4
2 22 4 0 3 5 161
2 22 3 5 4 0 196
2 22 3 3 5 1 166
2 22 3 2 0 7 165
2 22 3 1 6 2 92
2 22 3 0 1 8 52
2 22 2 9 0 1 174
2 22 2 7 1 2 24
2 22 2 5 2 3 48
2 22 2 3 3 4 17
2 22 2 1 4 5 148
2 22 2 0 10 0 176
2 22 1 6 5 0 60
2 22 1 5 0 6 130
2 22 1 4 6 1 80
2 22 1 3 1 7 23
2 22 1 2 7 2 129
2 22 1 1 2 8 160
2 22 1 0 8 3 198
2 22 0 12 0 0 23
2 22 0 10 1 1 146
2 22 0 8 2 2 155
2 22 0 6 3 3 71
2 22 0 4 4 4 107
2 22 0 2 5 5 78
2 22 0 1 11 0 64
2 22 0 1 0 11 110
2 22 0 0 6 6 172
2 21 10 1 0 2 151
2 21 9 0 4 0 102
2 21 8 4 0 1 36
2 21 8 2 1 2 38
2 21 8 0 2 3 132
2 21 7 1 5 0 4
2 21 7 0 0 6 44
2 21 6 7 0 0 36
2 21 6 5 1 1 180
2 21 6 3 2 2 99
2 21 6 1 3 3 137
2 21 5 3 0 5 48
2 21 5 2 6 0 61
2 21 5 1 1 6 110
2 21 5 0 7 1 172
2 21 4 8 1 0 96
2 21 4 6 2 1 27
2 21 4 4 3 2 35
2 21 4 2 4 3 52
2 21 4 0 5 4 13
2 21 3 6 0 4 103
2 21 3 4 1 5 33
2 21 3 3 7 0 143
2 21 3 2 2 6 25
2 21 3 1 8 1 94
2 21 3 0 3 7 157
2 21 2 9 2 0 52
2 21 2 7 3 1 33
2 21 2 5 4 2 7
2 21 2 3 5 3 183
2 21 2 2 0 9 76
2 21 2 1 6 4 191
2 21 2 0 1 10 180
2 21 1 9 0 3 79
2 21 1 7 1 4 37
2 21 1 5 2 5 32
2 21 1 4 8 0 74
2 21 1 3 3 6 109
2 21 1 2 9 1 175
2 21 1 1 4 7 176
2 21 1 0 10 2 81
2 21 0 10 3 0 167
2 21 0 8 4 1 126
2 21 0 6 5 2 111
2 21 0 5 0 8 156
2 21 0 4 6 3 21
2 21 0 3 1 9 82
2 21 0 2 7 4 160
2 21 0 1 2 10 58
2 21 0 0 8 5 78
2 20 12 2 0 0 2
2 20 12 0 1 1 32
2 20 10 3 1 0 118
2 20 10 1 2 1 42
2 20 9 1 0 4 1
2 20 8 4 2 0 45
2 20 8 2 3 1 181
2 20 8 0 4 2 96
2 20 7 4 0 3 21
2 20 7 2 1 4 32
2 20 7 0 2 5 48
2 20 6 5 3 0 126
2 20 6 3 4 1 157
2 20 6 0 0 8 47
2 20 5 7 0 2 90
2 20 5 5 1 3 198
2 20 5 3 2 4 141
2 20 5 1 3 5 110
2 20 5 0 9 0 162
2 20 4 6 4 0 126
2 20 4 4 5 1 49
2 20 4 3 0 7 14
2 20 4 2 6 2 131
2 20 4 1 1 8 105
2 20 4 0 7 3 12
2 20 3 10 0 1 157
2 20 3 8 1 2 21
2 20 3 6 2 3 169
2 20 3 4 3 4 174
2 20 3 2 4 5 66
2 20 3 1 10 0 196
2 20 3 0 5 6 111
2 20 2 7 5 0 144
2 20 2 6 0 6 3
2 20 2 5 6 1 76
2 20 2 4 1 7 39
2 20 2 3 7 2 169
2 20 2 2 2 8 105
2 20 2 1 8 3 78
2 20 2 0 3 9 4
2 20 1 13 0 0 188
2 20 1 11 1 1 102
2 20 1 9 2 2 44
2 20 1 7 3 3 61
2 20 1 5 4 4 44
2 20 1 3 5 5 86
2 20 1 2 11 0 100
2 20 1 2 0 11 103
2 20 1 1 6 6 27
2 20 1 0 12 1 73
2 20 1 0 1 12 131
2 20 0 9 0 5 61
2 20 0 8 6 0 123
2 20 0 7 1 6 147
2 20 0 6 7 1 157
2 20 0 5 2 7 185
2 20 0 4 8 2 79
2 20 0 3 3 8 76
2 20 0 2 9 3 95
2 20 0 1 4 9 53
2 20 0 0 10 4 132
2 19 12 0 3 0 163
2 19 11 2 0 2 21
2 19 11 0 1 3 2
2 19 10 1 4 0 157
2 19 9 5 0 1 120
2 19 9 3 1 2 165
2 19 9 1 2 3 192
2 19 8 2 5 0 126
2 19 8 1 0 6 111
2 19 8 0 6 1 160
2 19 7 8 0 0 35
2 19 7 6 1 1 168
2 19 7 4 2 2 173
2 19 7 2 3 3 37
2 19 7 0 4 4 114
2 19 6 4 0 5 125
2 19 6 3 6 0 51
2 19 6 2 1 6 98
2 19 6 1 7 1 115
2 19 6 0 2 7 67
2 19 5 9 1 0 146
2 19 5 7 2 1 49
2 19 5 5 3 2 120
2 19 5 3 4 3 61
2 19 5 1 5 4 76
2 19 5 0 0 10 170
2 19 4 7 0 4 98
2 19 4 5 1 5 62
2 19 4 4 7 0 186
2 19 4 3 2 6 98
2 19 4 2 8 1 97
2 19 4 1 3 7 125
2 19 4 0 9 2 190
2 19 3 10 2 0 190
2 19 3 8 3 1 27
2 19 3 6 4 2 144
2 19 3 4 5 3 43
2 19 3 3 0 9 8
2 19 3 2 6 4 130
2 19 3 1 1 10 80
2 19 3 0 7 5 99
2 19 2 10 0 3 184
2 19 2 8 1 4 44
2 19 2 6 2 5 78
2 19 2 5 8 0 175
2 19 2 4 3 6 26
2 19 2 3 9 1 4
2 19 2 2 4 7 57
2 19 2 1 10 2 81
2 19 2 0 5 8 159
2 19 1 11 3 0 29
2 19 1 9 4 1 107
2 19 1 7 5 2 167
2 19 1 6 0 8 28
2 19 1 5 6 3 105
2 19 1 4 1 9 14
2 19 1 3 7 4 135
2 19 1 2 2 10 129
2 19 1 1 8 5 131
2 19 1 0 14 0 139
2 19 1 0 3 11 90
2 19 0 13 0 2 82
2 19 0 11 1 3 82
2 19 0 9 2 4 107
2 19 0 7 3 5 151
2 19 0 6 9 0 91
2 19 0 5 4 6 157
2 19 0 4 10 1 158
2 19 0 3 5 7 57
2 19 0 2 11 2 123
2 19 0 2 0 13 16
2 19 0 1 6 8 143
2 19 0 0 12 3 119
2 19 0 0 1 14 113
2 18 15 0 0 1 116
2 18 13 3 0 0 13
2 18 13 1 1 1 23
2 18 11 4 1 0 124
2 18 11 2 2 1 34
2 18 11 0 3 2 35
2 18 10 2 0 4 70
2 18 10 0 1 5 43
2 18 9 5 2 0 92
2 18 9 3 3 1 76
2 18 9 1 4 2 198
2 18 8 5 0 3 111
2 18 8 3 1 4 182
2 18 8 1 2 5 81
2 18 8 0 8 0 71
2 18 7 6 3 0 114
2 18 7 4 4 1 135
2 18 7 2 5 2 34
2 18 7 1 0 8 65
2 18 7 0 6 3 106
2 18 6 8 0 2 20
2 18 6 6 1 3 90
2 18 6 4 2 4 16
2 18 6 2 3 5 93
2 18 6 1 9 0 130
2 18 6 0 4 6 173
2 18 5 7 4 0 29
2 18 5 5 5 1 151
2 18 5 4 0 7 194
2 18 5 3 6 2 114
2 18 5 2 1 8 186
2 18 5 1 7 3 197
2 18 5 0 2 9 170
2 18 4 11 0 1 48
2 18 4 9 1 2 70
2 18 4 7 2 3 61
2 18 4 5 3 4 151
2 18 4 3 4 5 119
2 18 4 2 10 0 117
2 18 4 1 5 6 26
2 18 4 0 11 1 116
2 18 4 0 0 12 98
2 18 3 8 5 0 198
2 18 3 7 0 6 8
2 18 3 6 6 1 92
2 18 3 5 1 7 84
2 18 3 4 7 2 194
2 18 3 3 2 8 41
2 18 3 2 8 3 63
2 18 3 1 3 9 22
2 18 3 0 9 4 161
2 18 2 14 0 0 69
2 18 2 12 1 1 29
2 18 2 10 2 2 130
2 18 2 8 3 3 76
2 18 2 6 4 4 122
2 18 2 4 5 5 94
2 18 2 3 11 0 1
2 18 2 3 0 11 63
2 18 2 2 6 6 163
2 18 2 1 12 1 157
2 18 2 1 1 12 96
2 18 2 0 7 7 64
2 18 1 10 0 5 173
2 18 1 9 6 0 141
2 18 1 8 1 6 113
2 18 1 7 7 1 80
2 18 1 6 2 7 9
2 18 1 5 8 2 136
2 18 1 4 3 8 150
2 18 1 3 9 3 44
2 18 1 2 4 9 7
2 18 1 1 10 4 196
2 18 1 0 5 10 173
2 18 0 15 1 0 76
2 18 0 13 2 1 116
2 18 0 11 3 2 182
2 18 0 9 4 3 45
2 18 0 7 5 4 131
2 18 0 6 0 10 111
2 18 0 5 6 5 89
2 18 0 4 12 0 188
2 18 0 4 1 11 81
2 18 0 3 7 6 143
2 18 0 2 13 1 139
2 18 0 2 2 12 81
2 18 0 1 8 7 47
2 18 0 0 14 2 79
2 18 0 0 3 13 167
2 17 15 0 2 0 178
2 17 14 0 0 3 123
2 17 13 1 3 0 116
2 17 12 3 0 2 183
2 17 12 1 1 3 40
2 17 11 0 5 1 4
2 17 10 6 0 1 116
2 17 10 4 1 2 74
2 17 10 2 2 3 74
2 17 10 0 3 4 54
2 17 9 3 5 0 114
2 17 9 2 0 6 8
2 17 9 1 6 1 135
2 17 9 0 1 7 14
2 17 8 9 0 0 46
2 17 8 7 1 1 189
2 17 8 5 2 2 114
2 17 8 3 3 3 99
2 17 8 1 4 4 46
2 17 7 5 0 5 163
2 17 7 4 6 0 164
2 17 7 3 1 6 83
2 17 7 2 7 1 172
2 17 7 1 2 7 187
2 17 7 0 8 2 63
2 17 6 10 1 0 10
2 17 6 8 2 1 38
2 17 6 6 3 2 57
2 17 6 4 4 3 196
2 17 6 2 5 4 150
2 17 6 1 0 10 103
2 17 6 0 6 5 73
2 17 5 8 0 4 163
2 17 5 6 1 5 111
2 17 5 5 7 0 80
2 17 5 4 2 6 156
2 17 5 3 8 1 79
2 17 5 2 3 7 188
2 17 5 1 9 2 153
2 17 5 0 4 8 184
2 17 4 11 2 0 136
2 17 4 9 3 1 187
2 17 4 7 4 2 81
2 17 4 5 5 3 5
2 17 4 4 0 9 168
2 17 4 3 6 4 65
2 17 4 2 1 10 128
2 17 4 1 7 5 54
2 17 4 0 13 0 162
2 17 4 0 2 11 161
2 17 3 11 0 3 63
2 17 3 9 1 4 169
2 17 3 7 2 5 99
2 17 3 6 8 0 120
2 17 3 5 3 6 48
2 17 3 4 9 1 147
2 17 3 3 4 7 7
2 17 3 2 10 2 76
2 17 3 1 5 8 132
2 17 3 0 11 3 167
2 17 3 0 0 14 123
2 17 2 12 3 0 196
2 17 2 10 4 1 150
2 17 2 8 5 2 164
2 17 2 7 0 8 147
2 17 2 6 6 3 78
2 17 2 5 1 9 96
2 17 2 4 7 4 21
2 17 2 3 2 10 20
2 17 2 2 8 5 117
2 17 2 1 14 0 75
2 17 2 1 3 11 160
2 17 2 0 9 6 152
2 17 1 14 0 2 61
2 17 1 12 1 3 26
2 17 1 10 2 4 40
2 17 1 8 3 5 83
2 17 1 7 9 0 112
2 17 1 6 4 6 38
2 17 1 5 10 1 194
2 17 1 4 5 7 191
2 17 1 3 11 2 54
2 17 1 3 0 13 136
2 17 1 2 6 8 70
2 17 1 1 12 3 163
2 17 1 1 1 14 48
2 17 1 0 7 9 56
2 17 0 13 4 0 17
2 17 0 11 5 1 39
2 17 0 10 0 7 71
2 17 0 9 6 2 10
2 17 0 8 1 8 103
2 17 0 7 7 3 196
2 17 0 6 2 9 53
2 17 0 5 8 4 188
2 17 0 4 3 10 121
2 17 0 3 9 5 122
2 17 0 2 15 0 97
2 17 0 2 4 11 104
2 17 0 1 10 6 103
2 17 0 0 16 1 120
2 17 0 0 5 12 34
2 16 16 1 0 1 100
2 16 14 4 0 0 91
2 16 14 2 1 1 175
2 16 14 0 2 2 61
2 16 13 0 0 5 98
2 16 12 5 1 0 108
2 16 12 3 2 1 102
2 16 12 1 3 2 173
2 16 11 3 0 4 130
2 16 11 1 1 5 125
2 16 11 0 7 0 86
2 16 10 6 2 0 60
2 16 10 4 3 1 35
2 16 10 2 4 2 102
2 16 10 0 5 3 13
2 16 9 6 0 3 94
2 16 9 4 1 4 31
2 16 9 2 2 5 88
2 16 9 1 8 0 30
2 16 9 0 3 6 136
2 16 8 7 3 0 95
2 16 8 5 4 1 8
2 16 8 3 5 2 153
2 16 8 2 0 8 125
2 16 8 1 6 3 11
2 16 8 0 1 9 197
2 16 7 9 0 2 47
2 16 7 7 1 3 45
2 16 7 5 2 4 178
2 16 7 3 3 5 1
2 16 7 2 9 0 23
2 16 7 1 4 6 141
2 16 7 0 10 1 169
2 16 6 8 4 0 138
2 16 6 6 5 1 154
2 16 6 5 0 7 76
2 16 6 4 6 2 46
2 16 6 3 1 8 24
2 16 6 2 7 3 24
2 16 6 1 2 9 160
2 16 6 0 8 4 36
2 16 5 12 0 1 190
2 16 5 10 1 2 141
2 16 5 8 2 3 142
2 16 5 6 3 4 17
2 16 5 4 4 5 28
2 16 5 3 10 0 35
2 16 5 2 5 6 121
2 16 5 1 11 1 172
2 16 5 1 0 12 45
2 16 5 0 6 7 115
2 16 4 9 5 0 26
2 16 4 8 0 6 162
2 16 4 7 6 1 109
2 16 4 6 1 7 26
2 16 4 5 7 2 130
2 16 4 4 2 8 158
2 16 4 3 8 3 11
2 16 4 2 3 9 77
2 16 4 1 9 4 158
2 16 4 0 4 10 38
2 16 3 15 0 0 77
2 16 3 13 1 1 140
2 16 3 11 2 2 71
2 16 3 9 3 3 176
2 16 3 7 4 4 183
2 16 3 5 5 5 80
2 16 3 4 11 0 162
2 16 3 4 0 11 193
2 16 3 3 6 6 58
2 16 3 2 12 1 154
2 16 3 2 1 12 185
2 16 3 1 7 7 124
2 16 3 0 13 2 185
2 16 3 0 2 13 29
2 16 2 11 0 5 136
2 16 2 10 6 0 35
2 16 2 9 1 6 122
2 16 2 8 7 1 138
2 16 2 7 2 7 89
2 16 2 6 8 2 47
2 16 2 5 3 8 84
2 16 2 4 9 3 93
2 16 2 3 4 9 4
2 16 2 2 10 4 161
2 16 2 1 5 10 33
2 16 2 0 11 5 188
2 16 2 0 0 16 99
2 16 1 16 1 0 56
2 16 1 14 2 1 194
2 16 1 12 3 2 4
2 16 1 8 5 4 36
2 16 1 7 0 10 170
2 16 1 6 6 5 127
2 16 1 5 12 0 138
2 16 1 5 1 11 52
2 16 1 4 7 6 77
2 16 1 3 13 1 59
2 16 1 3 2 12 138
2 16 1 2 8 7 177
2 16 1 1 14 2 133
2 16 1 1 3 13 56
2 16 1 0 9 8 171
2 16 0 14 0 4 20
2 16 0 12 1 5 161
2 16 0 11 7 0 20
2 16 0 10 2 6 148
2 16 0 9 8 1 99
2 16 0 8 3 7 185
2 16 0 7 9 2 169
2 16 0 6 4 8 175
2 16 0 5 10 3 26
2 16 0 4 5 9 141
2 16 0 3 11 4 156
2 16 0 3 0 15 70
2 16 0 2 6 10 72
2 16 0 1 12 5 56
2 16 0 1 1 16 155
2 16 0 0 18 0 2
2 16 0 0 7 11 129
2 15 18 0 1 0 150
2 15 16 1 2 0 23
2 15 15 1 0 3 170
2 15 14 2 3 0 191
2 15 14 0 4 1 15
2 15 13 4 0 2 2
2 15 13 2 1 3 116
2 15 13 0 2 4 45
2 15 12 3 4 0 179
2 15 12 1 5 1 180
2 15 12 0 0 7 89
2 15 11 7 0 1 140
2 15 11 5 1 2 130
2 15 11 3 2 3 171
2 15 11 1 3 4 62
2 15 10 4 5 0 3
2 15 10 3 0 6 128
2 15 10 2 6 1 164
2 15 10 1 1 7 175
2 15 10 0 7 2 113
2 15 9 10 0 0 180
2 15 9 8 1 1 149
2 15 9 6 2 2 28
2 15 9 4 3 3 74
2 15 9 2 4 4 137
2 15 9 0 5 5 53
2 15 8 6 0 5 80
2 15 8 5 6 0 54
2 15 8 4 1 6 117
2 15 8 3 7 1 95
2 15 8 2 2 7 4
2 15 8 1 8 2 27
2 15 8 0 3 8 157
2 15 7 11 1 0 47
2 15 7 9 2 1 105
2 15 7 7 3 2 62
2 15 7 5 4 3 73
2 15 7 3 5 4 8
2 15 7 2 0 10 108
2 15 7 1 6 5 182
2 15 7 0 12 0 17
2 15 7 0 1 11 172
2 15 6 9 0 4 64
2 15 6 7 1 5 96
2 15 6 6 7 0 100
2 15 6 5 2 6 110
2 15 6 4 8 1 4
2 15 6 3 3 7 14
2 15 6 2 9 2 125
2 15 6 1 4 8 81
2 15 6 0 10 3 144
2 15 5 12 2 0 96
2 15 5 10 3 1 195
2 15 5 8 4 2 140
2 15 5 6 5 3 37
2 15 5 5 0 9 154
2 15 5 4 6 4 178
2 15 5 3 1 10 193
2 15 5 2 7 5 96
2 15 5 1 13 0 183
2 15 5 1 2 11 165
2 15 5 0 8 6 134
2 15 4 12 0 3 76
2 15 4 10 1 4 170
2 15 4 8 2 5 118
2 15 4 7 8 0 125
2 15 4 6 3 6 103
2 15 4 5 9 1 135
2 15 4 4 4 7 12
2 15 4 3 10 2 147
2 15 4 2 5 8 47
2 15 4 1 11 3 20
2 15 4 1 0 14 107
2 15 4 0 6 9 169
2 15 3 13 3 0 143
2 15 3 11 4 1 73
2 15 3 9 5 2 190
2 15 3 8 0 8 147
2 15 3 7 6 3 149
2 15 3 6 1 9 50
2 15 3 5 7 4 38
2 15 3 4 2 10 42
2 15 3 3 8 5 89
2 15 3 2 14 0 58
2 15 3 2 3 11 65
2 15 3 1 9 6 144
2 15 3 0 15 1 93
2 15 3 0 4 12 36
2 15 2 15 0 2 13
2 15 2 13 1 3 37
2 15 2 11 2 4 7
2 15 2 9 3 5 198
2 15 2 8 9 0 20
2 15 2 7 4 6 127
2 15 2 6 10 1 36
2 15 2 5 5 7 30
2 15 2 4 11 2 28
2 15 2 4 0 13 109
2 15 2 3 6 8 140
2 15 2 2 12 3 155
2 15 2 2 1 14 178
2 15 2 1 7 9 16
2 15 2 0 13 4 12
2 15 2 0 2 15 43
2 15 1 14 4 0 109
2 15 1 12 5 1 159
2 15 1 11 0 7 74
2 15 1 10 6 2 157
2 15 1 9 1 8 117
2 15 1 8 7 3 46
2 15 1 7 2 9 155
2 15 1 6 8 4 59
2 15 1 5 3 10 38
2 15 1 4 9 5 22
2 15 1 3 15 0 146
2 15 1 3 4 11 130
2 15 1 2 10 6 131
2 15 1 1 16 1 144
2 15 1 1 5 12 141
2 15 1 0 11 7 97
2 15 1 0 0 18 129
2 15 0 18 0 1 183
2 15 0 16 1 2 67
2 15 0 14 2 3 176
2 15 0 12 3 4 182
2 15 0 10 4 5 185
2 15 0 9 10 0 34
2 15 0 8 5 6 56
2 15 0 7 11 1 97
2 15 0 7 0 12 79
2 15 0 6 6 7 148
2 15 0 5 12 2 172
2 15 0 4 7 8 12
2 15 0 3 13 3 179
2 15 0 3 2 14 185
2 15 0 2 8 9 37
2 15 0 1 14 4 159
2 15 0 1 3 15 22
2 15 0 0 9 10 164
2 14 17 2 0 1 172
2 14 17 0 1 2 85
2 14 15 5 0 0 114
2 14 15 3 1 1 60
2 14 15 1 2 2 65
2 14 14 1 0 5 114
2 14 14 0 6 0 158
2 14 13 6 1 0 146
2 14 13 4 2 1 149
2 14 13 2 3 2 40
2 14 13 0 4 3 177
2 14 12 4 0 4 72
2 14 12 2 1 5 116
2 14 12 1 7 0 35
2 14 12 0 2 6 81
2 14 11 7 2 0 101
2 14 11 5 3 1 153
2 14 11 3 4 2 195
2 14 11 1 5 3 106
2 14 11 0 0 9 132
2 14 10 7 0 3 164
2 14 10 5 1 4 170
2 14 10 3 2 5 157
2 14 10 2 8 0 198
2 14 10 1 3 6 8
2 14 10 0 9 1 19
2 14 9 8 3 0 73
2 14 9 6 4 1 190
2 14 9 4 5 2 72
2 14 9 3 0 8 105
2 14 9 2 6 3 38
2 14 9 1 1 9 146
2 14 9 0 7 4 193
2 14 8 10 0 2 176
2 14 8 8 1 3 142
2 14 8 6 2 4 30
2 14 8 4 3 5 176
2 14 8 3 9 0 113
2 14 8 2 4 6 155
2 14 8 1 10 1 117
2 14 8 0 5 7 82
2 14 7 9 4 0 96
2 14 7 7 5 1 104
2 14 7 6 0 7 112
2 14 7 5 6 2 31
2 14 7 4 1 8 127
2 14 7 3 7 3 64
2 14 7 2 2 9 159
2 14 7 1 8 4 38
2 14 7 0 3 10 135
2 14 6 13 0 1 137
2 14 6 11 1 2 154
2 14 6 9 2 3 124
2 14 6 7 3 4 14
2 14 6 5 4 5 44
2 14 6 4 10 0 92
2 14 6 3 5 6 75
2 14 6 2 11 1 136
2 14 6 2 0 12 34
2 14 6 1 6 7 7
2 14 6 0 12 2 115
2 14 6 0 1 13 190
2 14 5 10 5 0 39
2 14 5 9 0 6 43
2 14 5 8 6 1 5
2 14 5 7 1 7 47
2 14 5 6 7 2 24
2 14 5 5 2 8 188
2 14 5 4 8 3 99
2 14 5 3 3 9 85
2 14 5 2 9 4 134
2 14 5 1 4 10 143
2 14 5 0 10 5 179
2 14 4 16 0 0 143
2 14 4 14 1 1 143
2 14 4 12 2 2 129
2 14 4 10 3 3 196
2 14 4 8 4 4 188
2 14 4 6 5 5 15
2 14 4 5 11 0 44
2 14 4 5 0 11 60
2 14 4 4 6 6 33
2 14 4 3 12 1 10
2 14 4 3 1 12 72
2 14 4 2 7 7 5
2 14 4 1 13 2 114
2 14 4 1 2 13 188
2 14 4 0 8 8 118
2 14 3 12 0 5 19
2 14 3 11 6 0 183
2 14 3 10 1 6 109
2 14 3 9 7 1 133
2 14 3 8 2 7 38
2 14 3 7 8 2 152
2 14 3 6 3 8 130
2 14 3 5 9 3 134
2 14 3 4 4 9 54
2 14 3 3 10 4 106
2 14 3 2 5 10 172
2 14 3 1 11 5 156
2 14 3 1 0 16 28
2 14 3 0 17 0 125
2 14 3 0 6 11 69
2 14 2 17 1 0 136
2 14 2 15 2 1 165
2 14 2 13 3 2 120
2 14 2 11 4 3 111
2 14 2 9 5 4 130
2 14 2 8 0 10 61
2 14 2 7 6 5 22
2 14 2 6 12 0 1
2 14 2 6 1 11 185
2 14 2 5 7 6 115
2 14 2 4 13 1 157
2 14 2 4 2 12 110
2 14 2 3 8 7 81
2 14 2 2 14 2 33
2 14 2 2 3 13 125
2 14 2 1 9 8 18
2 14 2 0 15 3 198
2 14 2 0 4 14 52
2 14 1 15 0 4 115
2 14 1 13 1 5 161
2 14 1 12 7 0 98
2 14 1 11 2 6 85
2 14 1 10 8 1 181
2 14 1 9 3 7 66
2 14 1 8 9 2 126
2 14 1 7 4 8 53
2 14 1 6 10 3 6
2 14 1 5 5 9 99
2 14 1 4 11 4 180
2 14 1 4 0 15 50
2 14 1 3 6 10 119
2 14 1 2 12 5 138
2 14 1 2 1 16 14
2 14 1 1 18 0 178
2 14 1 1 7 11 56
2 14 1 0 13 6 137
2 14 1 0 2 17 168
2 14 0 18 2 0 97
2 14 0 16 3 1 23
2 14 0 14 4 2 97
2 14 0 12 5 3 92
2 14 0 11 0 9 160
2 14 0 10 6 4 103
2 14 0 9 1 10 180
2 14 0 8 7 5 161
2 14 0 7 13 0 39
2 14 0 7 2 11 135
2 14 0 6 8 6 120
2 14 0 5 14 1 70
2 14 0 5 3 12 143
2 14 0 4 9 7 44
2 14 0 3 15 2 37
2 14 0 3 4 13 23
2 14 0 2 10 8 77
2 14 0 1 16 3 158
2 14 0 1 5 14 104
2 14 0 0 11 9 18
2 14 0 0 0 20 105
2 13 21 0 0 0 59
2 13 19 1 1 0 145
2 13 17 2 2 0 195
2 13 17 0 3 1 63
2 13 16 2 0 3 189
2 13 16 0 1 4 64
2 13 15 3 3 0 95
2 13 15 1 4 1 186
2 13 14 5 0 2 79
2 13 14 3 1 3 102
2 13 14 1 2 4 115
2 13 13 4 4 0 135
2 13 13 2 5 1 61
2 13 13 1 0 7 93
2 13 13 0 6 2 111
2 13 12 8 0 1 119
2 13 12 6 1 2 84
2 13 12 4 2 3 47
2 13 12 2 3 4 72
2 13 12 0 4 5 126
2 13 11 5 5 0 159
2 13 11 4 0 6 84
2 13 11 3 6 1 104
2 13 11 2 1 7 92
2 13 11 1 7 2 3
2 13 11 0 2 8 132
2 13 10 11 0 0 29
2 13 10 9 1 1 80
2 13 10 7 2 2 98
2 13 10 5 3 3 1
2 13 10 3 4 4 94
2 13 10 1 5 5 15
2 13 10 0 11 0 166
2 13 10 0 0 11 194
2 13 9 7 0 5 88
2 13 9 6 6 0 76
2 13 9 5 1 6 183
2 13 9 4 7 1 16
2 13 9 3 2 7 113
2 13 9 2 8 2 95
2 13 9 1 3 8 28
2 13 9 0 9 3 64
2 13 8 12 1 0 122
2 13 8 10 2 1 56
2 13 8 8 3 2 61
2 13 8 6 4 3 21
2 13 8 4 5 4 170
2 13 8 3 0 10 185
2 13 8 2 6 5 86
2 13 8 1 12 0 198
2 13 8 1 1 11 142
2 13 8 0 7 6 37
2 13 7 10 0 4 186
2 13 7 8 1 5 1
2 13 7 7 7 0 128
2 13 7 6 2 6 26
2 13 7 5 8 1 2
2 13 7 4 3 7 129
2 13 7 3 9 2 25
2 13 7 2 4 8 69
2 13 7 1 10 3 155
2 13 7 0 5 9 20
2 13 6 13 2 0 139
2 13 6 11 3 1 48
2 13 6 9 4 2 136
2 13 6 7 5 3 148
2 13 6 6 0 9 112
2 13 6 5 6 4 111
2 13 6 4 1 10 97
2 13 6 3 7 5 180
2 13 6 2 13 0 196
2 13 6 2 2 11 64
2 13 6 1 8 6 85
2 13 6 0 14 1 169
2 13 6 0 3 12 18
2 13 5 13 0 3 48
2 13 5 11 1 4 192
2 13 5 9 2 5 7
2 13 5 8 8 0 147
2 13 5 7 3 6 197
2 13 5 6 9 1 135
2 13 5 5 4 7 100
2 13 5 4 10 2 190
2 13 5 3 5 8 197
2 13 5 2 11 3 157
2 13 5 2 0 14 38
2 13 5 1 6 9 27
2 13 5 0 12 4 44
2 13 5 0 1 15 80
2 13 4 14 3 0 35
2 13 4 12 4 1 45
2 13 4 10 5 2 105
2 13 4 9 0 8 198
2 13 4 8 6 3 165
2 13 4 7 1 9 14
2 13 4 6 7 4 12
2 13 4 5 2 10 89
2 13 4 4 8 5 107
2 13 4 3 14 0 59
2 13 4 3 3 11 11
2 13 4 2 9 6 107
2 13 4 1 15 1 4
2 13 4 1 4 12 142
2 13 4 0 10 7 40
2 13 3 16 0 2 40
2 13 3 14 1 3 39
2 13 3 12 2 4 120
2 13 3 10 3 5 141
2 13 3 9 9 0 169
2 13 3 8 4 6 129
2 13 3 7 10 1 25
2 13 3 6 5 7 2
2 13 3 5 11 2 114
2 13 3 5 0 13 161
2 13 3 4 6 8 87
2 13 3 3 12 3 150
2 13 3 3 1 14 38
2 13 3 2 7 9 113
2 13 3 1 13 4 55
2 13 3 1 2 15 31
2 13 3 0 8 10 4
2 13 2 15 4 0 84
2 13 2 13 5 1 160
2 13 2 12 0 7 13
2 13 2 11 6 2 186
2 13 2 10 1 8 153
2 13 2 9 7 3 160
2 13 2 8 2 9 107
2 13 2 7 8 4 4
2 13 2 6 3 10 145
2 13 2 5 9 5 90
2 13 2 4 15 0 146
2 13 2 4 4 11 183
2 13 2 3 10 6 113
2 13 2 2 16 1 97
2 13 2 2 5 12 145
2 13 2 1 11 7 22
2 13 2 1 0 18 153
2 13 2 0 17 2 145
2 13 2 0 6 13 173
2 13 1 19 0 1 47
2 13 1 17 1 2 164
2 13 1 15 2 3 135
2 13 1 13 3 4 128
2 13 1 11 4 5 78
2 13 1 10 10 0 182
2 13 1 9 5 6 90
2 13 1 8 11 1 194
2 13 1 8 0 12 70
2 13 1 7 6 7 52
2 13 1 6 12 2 3
2 13 1 6 1 13 113
2 13 1 5 7 8 137
2 13 1 4 13 3 162
2 13 1 4 2 14 43
2 13 1 3 8 9 128
2 13 1 2 14 4 119
2 13 1 2 3 15 23
2 13 1 1 9 10 175
2 13 1 0 15 5 9
2 13 1 0 4 16 170
2 13 0 16 5 0 37
2 13 0 15 0 6 107
2 13 0 14 6 1 165
2 13 0 13 1 7 139
2 13 0 12 7 2 123
2 13 0 11 2 8 66
2 13 0 10 8 3 77
2 13 0 9 3 9 155
2 13 0 8 9 4 180
2 13 0 7 4 10 112
2 13 0 6 10 5 17
2 13 0 5 16 0 88
2 13 0 5 5 11 129
2 13 0 4 11 6 159
2 13 0 4 0 17 7
2 13 0 3 17 1 182
2 13 0 3 6 12 41
2 13 0 2 12 7 3
2 13 0 2 1 18 196
2 13 0 1 18 2 95
2 13 0 1 7 13 195
2 13 0 0 13 8 112
2 13 0 0 2 19 193
2 12 20 0 0 2 6
2 12 18 3 0 1 123
2 12 18 1 1 2 93
2 12 17 0 5 0 124
2 12 16 6 0 0 101
2 12 16 4 1 1 117
2 12 16 2 2 2 101
2 12 16 0 3 3 114
2 12 15 2 0 5 75
2 12 15 1 6 0 137
2 12 15 0 1 6 47
2 12 14 7 1 0 39
2 12 14 5 2 1 141
2 12 14 3 3 2 41
2 12 14 1 4 3 41
2 12 13 5 0 4 135
2 12 13 3 1 5 118
2 12 13 2 7 0 180
2 12 13 1 2 6 51
2 12 13 0 8 1 161
2 12 12 8 2 0 142
2 12 12 6 3 1 80
2 12 12 4 4 2 132
2 12 12 2 5 3 104
2 12 12 1 0 9 145
2 12 12 0 6 4 163
2 12 11 8 0 3 175
2 12 11 6 1 4 171
2 12 11 4 2 5 165
2 12 11 3 8 0 13
2 12 11 2 3 6 38
2 12 11 1 9 1 158
2 12 11 0 4 7 168
2 12 10 9 3 0 152
2 12 10 7 4 1 40
2 12 10 5 5 2 188
2 12 10 4 0 8 66
2 12 10 3 6 3 193
2 12 10 2 1 9 51
2 12 10 1 7 4 53
2 12 10 0 2 10 170
2 12 9 11 0 2 191
2 12 9 9 1 3 196
2 12 9 7 2 4 90
2 12 9 5 3 5 75
2 12 9 4 9 0 9
2 12 9 3 4 6 133
2 12 9 2 10 1 34
2 12 9 1 5 7 83
2 12 9 0 11 2 25
2 12 9 0 0 13 87
2 12 8 10 4 0 20
2 12 8 8 5 1 156
2 12 8 7 0 7 117
2 12 8 6 6 2 130
2 12 8 5 1 8 31
2 12 8 4 7 3 180
2 12 8 3 2 9 87
2 12 8 2 8 4 43
2 12 8 1 3 10 66
2 12 8 0 9 5 177
2 12 7 14 0 1 13
2 12 7 12 1 2 109
2 12 7 10 2 3 68
2 12 7 8 3 4 180
2 12 7 6 4 5 3
2 12 7 5 10 0 92
2 12 7 4 5 6 144
2 12 7 3 11 1 54
2 12 7 3 0 12 8
2 12 7 2 6 7 198
2 12 7 1 12 2 117
2 12 7 1 1 13 186
2 12 7 0 7 8 24
2 12 6 11 5 0 159
2 12 6 10 0 6 10
2 12 6 9 6 1 164
2 12 6 8 1 7 16
2 12 6 7 7 2 105
2 12 6 6 2 8 192
2 12 6 5 8 3 100
2 12 6 4 3 9 147
2 12 6 3 9 4 15
2 12 6 2 4 10 118
2 12 6 1 10 5 30
2 12 6 0 16 0 167
2 12 6 0 5 11 48
2 12 5 17 0 0 173
2 12 5 15 1 1 23
2 12 5 13 2 2 190
2 12 5 11 3 3 159
2 12 5 9 4 4 193
2 12 5 7 5 5 64
2 12 5 6 11 0 191
2 12 5 6 0 11 103
2 12 5 5 6 6 130
2 12 5 4 12 1 10
2 12 5 4 1 12 169
2 12 5 3 7 7 147
2 12 5 2 13 2 101
2 12 5 2 2 13 83
2 12 5 1 8 8 49
2 12 5 0 14 3 120
2 12 5 0 3 14 3
2 12 4 13 0 5 135
2 12 4 12 6 0 91
2 12 4 11 1 6 186
2 12 4 10 7 1 125
2 12 4 9 2 7 67
2 12 4 8 8 2 72
2 12 4 7 3 8 7
2 12 4 6 9 3 12
2 12 4 5 4 9 139
2 12 4 4 10 4 117
2 12 4 3 5 10 114
2 12 4 2 11 5 96
2 12 4 2 0 16 164
2 12 4 1 17 0 79
2 12 4 1 6 11 118
2 12 4 0 12 6 64
2 12 4 0 1 17 184
2 12 3 18 1 0 59
2 12 3 16 2 1 198
2 12 3 14 3 2 74
2 12 3 12 4 3 161
2 12 3 10 5 4 170
2 12 3 9 0 10 50
2 12 3 8 6 5 185
2 12 3 7 12 0 58
2 12 3 7 1 11 40
2 12 3 6 7 6 82
2 12 3 5 13 1 97
2 12 3 5 2 12 174
2 12 3 4 8 7 76
2 12 3 3 14 2 138
2 12 3 3 3 13 67
2 12 3 2 9 8 197
2 12 3 1 15 3 187
2 12 3 1 4 14 10
2 12 3 0 10 9 78
2 12 2 16 0 4 33
2 12 2 14 1 5 62
2 12 2 13 7 0 195
2 12 2 12 2 6 15
2 12 2 11 8 1 64
2 12 2 10 3 7 37
2 12 2 9 9 2 37
2 12 2 8 4 8 110
2 12 2 7 10 3 9
2 12 2 6 5 9 89
2 12 2 5 11 4 173
2 12 2 5 0 15 1
2 12 2 4 6 10 98
2 12 2 3 12 5 64
2 12 2 3 1 16 193
2 12 2 2 18 0 179
2 12 2 2 7 11 176
2 12 2 1 13 6 72
2 12 2 1 2 17 14
2 12 2 0 19 1 120
2 12 2 0 8 12 10
2 12 1 19 2 0 69
2 12 1 17 3 1 36
2 12 1 15 4 2 82
2 12 1 13 5 3 110
2 12 1 12 0 9 138
2 12 1 11 6 4 188
2 12 1 10 1 10 120
2 12 1 9 7 5 17
2 12 1 8 13 0 149
2 12 1 8 2 11 66
2 12 1 7 8 6 4
2 12 1 6 14 1 9
2 12 1 6 3 12 104
2 12 1 5 9 7 28
2 12 1 4 15 2 131
2 12 1 4 4 13 16
2 12 1 3 10 8 37
2 12 1 2 16 3 135
2 12 1 2 5 14 47
2 12 1 1 11 9 172
2 12 1 1 0 20 174
2 12 1 0 17 4 60
2 12 1 0 6 15 113
2 12 0 19 0 3 161
2 12 0 17 1 4 6
2 12 0 15 2 5 119
2 12 0 14 8 0 78
2 12 0 13 3 6 136
2 12 0 12 9 1 163
2 12 0 11 4 7 165
2 12 0 10 10 2 117
2 12 0 9 5 8 50
2 12 0 8 11 3 156
2 12 0 8 0 14 178
2 12 0 7 6 9 114
2 12 0 6 12 4 15
2 12 0 6 1 15 141
2 12 0 5 7 10 86
2 12 0 4 13 5 70
2 12 0 4 2 16 157
2 12 0 3 19 0 93
2 12 0 3 8 11 151
2 12 0 2 14 6 92
2 12 0 2 3 17 31
2 12 0 1 20 1 128
2 12 0 1 9 12 145
2 12 0 0 15 7 14
2 12 0 0 4 18 99
2 11 22 1 0 0 54
2 11 20 2 1 0 1
2 11 20 0 2 1 13
2 11 19 0 0 4 185
2 11 18 3 2 0 189
2 11 18 1 3 1 163
2 11 17 3 0 3 89
2 11 17 1 1 4 50
2 11 16 4 3 0 61
2 11 16 2 4 1 92
2 11 16 0 5 2 54
2 11 15 6 0 2 192
2 11 15 4 1 3 96
2 11 15 2 2 4 10
2 11 15 0 3 5 86
2 11 14 5 4 0 70
2 11 14 3 5 1 196
2 11 14 2 0 7 43
2 11 14 1 6 2 4
2 11 14 0 1 8 78
2 11 13 9 0 1 133
2 11 13 7 1 2 183
2 11 13 5 2 3 6
2 11 13 3 3 4 2
2 11 13 1 4 5 122
2 11 13 0 10 0 110
2 11 12 6 5 0 100
2 11 12 5 0 6 56
2 11 12 4 6 1 4
2 11 12 3 1 7 120
2 11 12 2 7 2 115
2 11 12 1 2 8 167
2 11 12 0 8 3 135
2 11 11 12 0 0 83
2 11 11 10 1 1 177
2 11 11 8 2 2 103
2 11 11 6 3 3 33
2 11 11 4 4 4 70
2 11 11 2 5 5 194
2 11 11 1 11 0 179
2 11 11 1 0 11 183
2 11 11 0 6 6 55
2 11 10 8 0 5 47
2 11 10 7 6 0 176
2 11 10 6 1 6 173
2 11 10 5 7 1 188
2 11 10 4 2 7 45
2 11 10 3 8 2 68
2 11 10 2 3 8 166
2 11 10 1 9 3 160
2 11 10 0 4 9 68
2 11 9 13 1 0 1
2 11 9 11 2 1 78
2 11 9 9 3 2 7
2 11 9 7 4 3 182
2 11 9 5 5 4 75
2 11 9 4 0 10 46
2 11 9 3 6 5 122
2 11 9 2 12 0 191
2 11 9 2 1 11 159
2 11 9 1 7 6 168
2 11 9 0 13 1 113
2 11 9 0 2 12 108
2 11 8 11 0 4 116
2 11 8 9 1 5 164
2 11 8 8 7 0 145
2 11 8 7 2 6 32
2 11 8 6 8 1 20
2 11 8 5 3 7 43
2 11 8 4 9 2 110
2 11 8 3 4 8 139
2 11 8 2 10 3 77
2 11 8 1 5 9 157
2 11 8 0 11 4 116
2 11 8 0 0 15 144
2 11 7 14 2 0 149
2 11 7 12 3 1 142
2 11 7 10 4 2 195
2 11 7 8 5 3 26
2 11 7 7 0 9 137
2 11 7 6 6 4 185
2 11 7 5 1 10 66
2 11 7 4 7 5 121
2 11 7 3 13 0 45
2 11 7 3 2 11 71
2 11 7 2 8 6 44
2 11 7 1 14 1 160
2 11 7 1 3 12 117
2 11 7 0 9 7 175
2 11 6 14 0 3 88
2 11 6 12 1 4 126
2 11 6 10 2 5 115
2 11 6 9 8 0 107
2 11 6 8 3 6 32
2 11 6 7 9 1 149
2 11 6 6 4 7 87
2 11 6 5 10 2 130
2 11 6 4 5 8 1
2 11 6 3 11 3 1
2 11 6 3 0 14 173
2 11 6 2 6 9 116
2 11 6 1 12 4 194
2 11 6 1 1 15 168
2 11 6 0 7 10 48
2 11 5 15 3 0 165
2 11 5 13 4 1 162
2 11 5 11 5 2 172
2 11 5 10 0 8 147
2 11 5 9 6 3 15
2 11 5 8 1 9 47
2 11 5 7 7 4 62
2 11 5 6 2 10 147
2 11 5 5 8 5 166
2 11 5 4 14 0 185
2 11 5 4 3 11 69
2 11 5 3 9 6 35
2 11 5 2 15 1 192
2 11 5 2 4 12 79
2 11 5 1 10 7 132
2 11 5 0 16 2 55
2 11 5 0 5 13 67
2 11 4 17 0 2 5
2 11 4 15 1 3 108
2 11 4 13 2 4 56
2 11 4 11 3 5 117
2 11 4 10 9 0 36
2 11 4 9 4 6 135
2 11 4 8 10 1 36
2 11 4 7 5 7 100
2 11 4 6 11 2 198
2 11 4 6 0 13 64
2 11 4 5 6 8 168
2 11 4 4 12 3 104
2 11 4 4 1 14 140
2 11 4 3 7 9 42
2 11 4 2 13 4 113
2 11 4 2 2 15 156
2 11 4 1 8 10 188
2 11 4 0 14 5 158
2 11 4 0 3 16 131
2 11 3 16 4 0 184
2 11 3 14 5 1 197
2 11 3 13 0 7 74
2 11 3 12 6 2 110
2 11 3 11 1 8 171
2 11 3 10 7 3 163
2 11 3 9 2 9 18
2 11 3 8 8 4 74
2 11 3 7 3 10 21
2 11 3 6 9 5 28
2 11 3 5 15 0 188
2 11 3 5 4 11 67
2 11 3 4 10 6 166
2 11 3 3 16 1 57
2 11 3 3 5 12 142
2 11 3 2 11 7 176
2 11 3 2 0 18 195
2 11 3 1 17 2 190
2 11 3 1 6 13 151
2 11 3 0 12 8 6
2 11 3 0 1 19 70
2 11 2 20 0 1 85
2 11 2 18 1 2 14
2 11 2 16 2 3 80
2 11 2 14 3 4 118
2 11 2 12 4 5 97
2 11 2 11 10 0 55
2 11 2 10 5 6 48
2 11 2 9 11 1 39
2 11 2 9 0 12 167
2 11 2 8 6 7 66
2 11 2 7 12 2 168
2 11 2 7 1 13 54
2 11 2 6 7 8 176
2 11 2 5 13 3 41
2 11 2 5 2 14 42
2 11 2 4 8 9 168
2 11 2 3 14 4 141
2 11 2 3 3 15 91
2 11 2 2 9 10 144
2 11 2 1 15 5 149
2 11 2 1 4 16 172
2 11 2 0 21 0 11
2 11 2 0 10 11 25
2 11 1 17 5 0 85
2 11 1 16 0 6 23
2 11 1 15 6 1 70
2 11 1 14 1 7 166
2 11 1 13 7 2 84
2 11 1 12 2 8 3
2 11 1 11 8 3 11
2 11 1 10 3 9 70
2 11 1 9 9 4 88
2 11 1 8 4 10 177
2 11 1 7 10 5 80
2 11 1 6 16 0 151
2 11 1 6 5 11 136
2 11 1 5 11 6 174
2 11 1 5 0 17 46
2 11 1 4 17 1 93
2 11 1 4 6 12 193
2 11 1 3 12 7 10
2 11 1 3 1 18 2
2 11 1 2 18 2 48
2 11 1 2 7 13 84
2 11 1 1 13 8 94
2 11 1 1 2 19 79
2 11 1 0 19 3 8
2 11 1 0 8 14 62
2 11 0 23 0 0 31
2 11 0 21 1 1 99
2 11 0 19 2 2 62
2 11 0 17 3 3 89
2 11 0 15 4 4 146
2 11 0 13 5 5 178
2 11 0 12 11 0 44
2 11 0 12 0 11 22
2 11 0 11 6 6 135
2 11 0 10 12 1 158
2 11 0 10 1 12 115
2 11 0 9 7 7 198
2 11 0 8 13 2 110
2 11 0 8 2 13 18
2 11 0 7 8 8 58
2 11 0 6 14 3 68
2 11 0 6 3 14 130
2 11 0 5 9 9 77
2 11 0 4 15 4 193
2 11 0 4 4 15 56
2 11 0 3 10 10 43
2 11 0 2 16 5 157
2 11 0 2 5 16 49
2 11 0 1 22 0 52
2 11 0 1 11 11 88
2 11 0 1 0 22 72
2 11 0 0 17 6 49
2 11 0 0 6 17 174
2 10 21 1 0 2 145
2 10 20 0 4 0 191
2 10 19 4 0 1 195
2 10 19 2 1 2 107
2 10 19 0 2 3 162
2 10 18 1 5 0 8
2 10 18 0 0 6 145
2 10 17 7 0 0 37
2 10 17 5 1 1 121
2 10 17 3 2 2 61
2 10 17 1 3 3 74
2 10 16 3 0 5 131
2 10 16 2 6 0 53
2 10 16 1 1 6 58
2 10 16 0 7 1 137
2 10 15 8 1 0 62
2 10 15 6 2 1 28
2 10 15 4 3 2 51
2 10 15 2 4 3 183
2 10 15 0 5 4 117
2 10 14 6 0 4 196
2 10 14 4 1 5 187
2 10 14 3 7 0 51
2 10 14 2 2 6 5
2 10 14 1 8 1 21
2 10 14 0 3 7 161
2 10 13 9 2 0 136
2 10 13 7 3 1 27
2 10 13 5 4 2 57
2 10 13 3 5 3 48
2 10 13 1 6 4 106
2 10 13 0 1 10 97
2 10 12 9 0 3 7
2 10 12 7 1 4 140
2 10 12 5 2 5 197
2 10 12 4 8 0 106
2 10 12 3 3 6 158
2 10 12 2 9 1 107
2 10 12 1 4 7 194
2 10 12 0 10 2 158
2 10 11 10 3 0 198
2 10 11 8 4 1 166
2 10 11 6 5 2 119
2 10 11 5 0 8 133
2 10 11 4 6 3 119
2 10 11 3 1 9 7
2 10 11 2 7 4 110
2 10 11 1 2 10 184
2 10 11 0 8 5 109
2 10 10 12 0 2 74
2 10 10 10 1 3 198
2 10 10 8 2 4 42
2 10 10 6 3 5 36
2 10 10 5 9 0 95
2 10 10 4 4 6 198
2 10 10 3 10 1 94
2 10 10 2 5 7 163
2 10 10 1 11 2 89
2 10 10 1 0 13 106
2 10 10 0 6 8 135
2 10 9 11 4 0 82
2 10 9 9 5 1 78
2 10 9 8 0 7 125
2 10 9 7 6 2 61
2 10 9 6 1 8 193
2 10 9 5 7 3 39
2 10 9 4 2 9 152
2 10 9 3 8 4 121
2 10 9 2 3 10 111
2 10 9 1 9 5 181
2 10 9 0 15 0 123
2 10 9 0 4 11 86
2 10 8 15 0 1 177
2 10 8 13 1 2 83
2 10 8 11 2 3 1
2 10 8 9 3 4 190
2 10 8 7 4 5 152
2 10 8 6 10 0 144
2 10 8 5 5 6 53
2 10 8 4 11 1 150
2 10 8 4 0 12 67
2 10 8 3 6 7 80
2 10 8 2 12 2 26
2 10 8 2 1 13 154
2 10 8 1 7 8 138
2 10 8 0 13 3 145
2 10 8 0 2 14 73
2 10 7 11 0 6 26
2 10 7 10 6 1 116
2 10 7 9 1 7 28
2 10 7 8 7 2 185
2 10 7 7 2 8 65
2 10 7 6 8 3 174
2 10 7 5 3 9 25
2 10 7 4 9 4 185
2 10 7 3 4 10 198
2 10 7 2 10 5 134
2 10 7 1 16 0 40
2 10 7 1 5 11 133
2 10 7 0 11 6 61
2 10 7 0 0 17 84
2 10 6 18 0 0 109
2 10 6 16 1 1 38
2 10 6 14 2 2 48
2 10 6 12 3 3 162
2 10 6 10 4 4 98
2 10 6 8 5 5 22
2 10 6 7 11 0 33
2 10 6 7 0 11 79
2 10 6 6 6 6 53
2 10 6 5 12 1 17
2 10 6 5 1 12 55
2 10 6 4 7 7 197
2 10 6 3 13 2 79
2 10 6 3 2 13 98
2 10 6 2 8 8 71
2 10 6 1 14 3 122
2 10 6 1 3 14 174
2 10 6 0 9 9 107
2 10 5 14 0 5 72
2 10 5 13 6 0 20
2 10 5 12 1 6 154
2 10 5 11 7 1 193
2 10 5 10 2 7 90
2 10 5 9 8 2 2
2 10 5 8 3 8 65
2 10 5 7 9 3 140
2 10 5 6 4 9 103
2 10 5 5 10 4 56
2 10 5 4 5 10 11
2 10 5 3 11 5 72
2 10 5 3 0 16 17
2 10 5 2 17 0 53
2 10 5 2 6 11 166
2 10 5 1 12 6 37
2 10 5 1 1 17 140
2 10 5 0 18 1 63
2 10 5 0 7 12 171
2 10 4 19 1 0 193
2 10 4 17 2 1 68
2 10 4 15 3 2 83
2 10 4 13 4 3 197
2 10 4 11 5 4 56
2 10 4 10 0 10 90
2 10 4 9 6 5 113
2 10 4 8 12 0 61
2 10 4 8 1 11 171
2 10 4 7 7 6 104
2 10 4 6 13 1 58
2 10 4 6 2 12 178
2 10 4 5 8 7 133
2 10 4 4 14 2 181
2 10 4 4 3 13 197
2 10 4 3 9 8 48
2 10 4 2 15 3 196
2 10 4 2 4 14 99
2 10 4 1 10 9 31
2 10 4 0 16 4 20
2 10 4 0 5 15 47
2 10 3 17 0 4 163
2 10 3 15 1 5 88
2 10 3 14 7 0 155
2 10 3 13 2 6 195
2 10 3 12 8 1 33
2 10 3 11 3 7 83
2 10 3 10 9 2 21
2 10 3 9 4 8 159
2 10 3 8 10 3 141
2 10 3 7 5 9 10
2 10 3 6 11 4 183
2 10 3 6 0 15 187
2 10 3 5 6 10 95
2 10 3 4 12 5 14
2 10 3 4 1 16 99
2 10 3 3 18 0 170
2 10 3 3 7 11 132
2 10 3 2 13 6 112
2 10 3 2 2 17 177
2 10 3 1 19 1 33
2 10 3 1 8 12 14
2 10 3 0 14 7 98
2 10 3 0 3 18 48
2 10 2 20 2 0 153
2 10 2 18 3 1 37
2 10 2 16 4 2 73
2 10 2 14 5 3 9
2 10 2 13 0 9 168
2 10 2 12 6 4 139
2 10 2 11 1 10 90
2 10 2 10 7 5 52
2 10 2 9 13 0 51
2 10 2 9 2 11 97
2 10 2 8 8 6 4
2 10 2 7 14 1 122
2 10 2 7 3 12 160
2 10 2 6 9 7 150
2 10 2 5 15 2 125
2 10 2 5 4 13 46
2 10 2 4 10 8 191
2 10 2 3 16 3 7
2 10 2 3 5 14 120
2 10 2 2 11 9 188
2 10 2 2 0 20 111
2 10 2 1 17 4 178
2 10 2 1 6 15 126
2 10 2 0 12 10 16
2 10 2 0 1 21 68
2 10 1 20 0 3 45
2 10 1 18 1 4 101
2 10 1 16 2 5 103
2 10 1 15 8 0 125
2 10 1 14 3 6 146
2 10 1 13 9 1 17
2 10 1 12 4 7 185
2 10 1 11 10 2 174
2 10 1 10 5 8 50
2 10 1 9 11 3 144
2 10 1 9 0 14 106
2 10 1 8 6 9 192
2 10 1 7 12 4 11
2 10 1 7 1 15 81
2 10 1 6 7 10 135
2 10 1 5 13 5 193
2 10 1 5 2 16 125
2 10 1 4 19 0 160
2 10 1 4 8 11 184
2 10 1 3 14 6 104
2 10 1 3 3 17 156
2 10 1 2 20 1 144
2 10 1 2 9 12 59
2 10 1 1 15 7 15
2 10 1 1 4 18 37
2 10 1 0 21 2 153
2 10 1 0 10 13 117
2 10 0 21 3 0 70
2 10 0 19 4 1 47
2 10 0 17 5 2 124
2 10 0 16 0 8 107
2 10 0 15 6 3 198
2 10 0 14 1 9 59
2 10 0 13 7 4 31
2 10 0 12 2 10 37
2 10 0 11 8 5 35
2 10 0 10 14 0 164
2 10 0 10 3 11 11
2 10 0 9 9 6 35
2 10 0 8 15 1 180
2 10 0 8 4 12 172
2 10 0 7 10 7 162
2 10 0 6 16 2 129
2 10 0 6 5 13 139
2 10 0 5 11 8 162
2 10 0 5 0 19 97
2 10 0 4 17 3 52
2 10 0 4 6 14 136
2 10 0 3 12 9 63
2 10 0 3 1 20 64
2 10 0 2 18 4 18
2 10 0 2 7 15 30
2 10 0 1 13 10 96
2 10 0 1 2 21 26
2 10 0 0 19 5 196
2 10 0 0 8 16 184
2 9 23 2 0 0 45
2 9 23 0 1 1 61
2 9 21 3 1 0 138
2 9 21 1 2 1 109
2 9 20 1 0 4 61
2 9 19 4 2 0 17
2 9 19 2 3 1 51
2 9 19 0 4 2 139
2 9 18 4 0 3 5
2 9 18 2 1 4 58
2 9 18 0 2 5 37
2 9 17 5 3 0 21
2 9 17 3 4 1 120
2 9 17 1 5 2 76
2 9 17 0 0 8 99
2 9 16 7 0 2 114
2 9 16 5 1 3 76
2 9 16 3 2 4 187
2 9 16 1 3 5 12
2 9 16 0 9 0 44
2 9 15 6 4 0 99
2 9 15 4 5 1 161
2 9 15 3 0 7 173
2 9 15 2 6 2 107
2 9 15 1 1 8 128
2 9 15 0 7 3 89
2 9 14 10 0 1 48
2 9 14 8 1 2 109
2 9 14 6 2 3 104
2 9 14 4 3 4 136
2 9 14 2 4 5 32
2 9 14 1 10 0 1
2 9 14 0 5 6 125
2 9 13 7 5 0 71
2 9 13 6 0 6 32
2 9 13 5 6 1 75
2 9 13 4 1 7 2
2 9 13 3 7 2 108
2 9 13 2 2 8 51
2 9 13 1 8 3 128
2 9 13 0 3 9 86
2 9 12 13 0 0 122
2 9 12 11 1 1 41
2 9 12 9 2 2 133
2 9 12 7 3 3 54
2 9 12 5 4 4 140
2 9 12 3 5 5 80
2 9 12 2 11 0 66
2 9 12 2 0 11 131
2 9 12 1 6 6 15
2 9 12 0 12 1 65
2 9 12 0 1 12 198
2 9 11 9 0 5 6
2 9 11 8 6 0 118
2 9 11 7 1 6 112
2 9 11 6 7 1 186
2 9 11 5 2 7 35
2 9 11 4 8 2 125
2 9 11 3 3 8 134
2 9 11 2 9 3 182
2 9 11 1 4 9 195
2 9 11 0 10 4 60
2 9 10 14 1 0 64
2 9 10 12 2 1 93
2 9 10 10 3 2 116
2 9 10 8 4 3 92
2 9 10 6 5 4 121
2 9 10 5 0 10 90
2 9 10 4 6 5 62
2 9 10 3 12 0 91
2 9 10 3 1 11 113
2 9 10 2 7 6 65
2 9 10 1 13 1 18
2 9 10 1 2 12 4
2 9 10 0 8 7 98
2 9 9 12 0 4 87
2 9 9 10 1 5 42
2 9 9 9 7 0 12
2 9 9 8 2 6 41
2 9 9 7 8 1 190
2 9 9 6 3 7 9
2 9 9 5 9 2 54
2 9 9 4 4 8 153
2 9 9 3 10 3 170
2 9 9 2 5 9 79
2 9 9 1 11 4 150
2 9 9 1 0 15 185
2 9 9 0 6 10 177
2 9 8 15 2 0 192
2 9 8 13 3 1 115
2 9 8 11 4 2 193
2 9 8 9 5 3 145
2 9 8 8 0 9 150
2 9 8 7 6 4 49
2 9 8 6 1 10 25
2 9 8 5 7 5 108
2 9 8 4 13 0 178
2 9 8 4 2 11 168
2 9 8 3 8 6 39
2 9 8 2 14 1 47
2 9 8 2 3 12 70
2 9 8 1 9 7 85
2 9 8 0 15 2 164
2 9 8 0 4 13 89
2 9 7 15 0 3 143
2 9 7 13 1 4 86
2 9 7 11 2 5 156
2 9 7 10 8 0 30
2 9 7 9 3 6 56
2 9 7 8 9 1 125
2 9 7 7 4 7 147
2 9 7 6 10 2 142
2 9 7 5 5 8 185
2 9 7 4 11 3 150
2 9 7 4 0 14 126
2 9 7 3 6 9 73
2 9 7 2 12 4 131
2 9 7 2 1 15 87
2 9 7 1 7 10 145
2 9 7 0 13 5 5
2 9 7 0 2 16 93
2 9 6 16 3 0 166
2 9 6 14 4 1 77
2 9 6 12 5 2 71
2 9 6 11 0 8 174
2 9 6 10 6 3 177
2 9 6 9 1 9 36
2 9 6 8 7 4 191
2 9 6 7 2 10 21
2 9 6 6 8 5 8
2 9 6 5 14 0 88
2 9 6 5 3 11 78
2 9 6 4 9 6 13
2 9 6 3 15 1 190
2 9 6 3 4 12 47
2 9 6 2 10 7 174
2 9 6 1 16 2 77
2 9 6 1 5 13 174
2 9 6 0 11 8 57
2 9 6 0 0 19 115
2 9 5 18 0 2 185
2 9 5 16 1 3 38
2 9 5 14 2 4 38
2 9 5 12 3 5 44
2 9 5 11 9 0 145
2 9 5 10 4 6 64
2 9 5 9 10 1 8
2 9 5 8 5 7 12
2 9 5 7 11 2 32
2 9 5 7 0 13 151
2 9 5 6 6 8 134
2 9 5 5 12 3 1
2 9 5 5 1 14 165
2 9 5 4 7 9 9
2 9 5 3 13 4 118
2 9 5 3 2 15 35
2 9 5 2 8 10 81
2 9 5 1 14 5 9
2 9 5 1 3 16 121
2 9 5 0 20 0 113
2 9 5 0 9 11 125
2 9 4 17 4 0 147
2 9 4 15 5 1 94
2 9 4 14 0 7 33
2 9 4 13 6 2 166
2 9 4 12 1 8 68
2 9 4 11 7 3 187
2 9 4 10 2 9 106
2 9 4 9 8 4 117
2 9 4 8 3 10 150
2 9 4 7 9 5 102
2 9 4 6 15 0 96
2 9 4 6 4 11 114
2 9 4 5 10 6 115
2 9 4 4 16 1 36
2 9 4 4 5 12 55
2 9 4 3 11 7 53
2 9 4 3 0 18 18
2 9 4 2 17 2 84
2 9 4 2 6 13 79
2 9 4 1 12 8 196
2 9 4 1 1 19 144
2 9 4 0 18 3 53
2 9 4 0 7 14 108
2 9 3 21 0 1 100
2 9 3 19 1 2 9
2 9 3 17 2 3 42
2 9 3 15 3 4 107
2 9 3 13 4 5 191
2 9 3 12 10 0 194
2 9 3 11 5 6 14
2 9 3 10 11 1 120
2 9 3 10 0 12 102
2 9 3 9 6 7 19
2 9 3 8 12 2 173
2 9 3 8 1 13 157
2 9 3 7 7 8 94
2 9 3 6 13 3 38
2 9 3 6 2 14 72
2 9 3 5 8 9 135
2 9 3 4 14 4 92
2 9 3 4 3 15 116
2 9 3 3 9 10 150
2 9 3 2 15 5 132
2 9 3 2 4 16 161
2 9 3 1 21 0 131
2 9 3 1 10 11 12
2 9 3 0 16 6 74
2 9 3 0 5 17 164
2 9 2 18 5 0 57
2 9 2 17 0 6 172
2 9 2 16 6 1 7
2 9 2 15 1 7 174
2 9 2 14 7 2 94
2 9 2 13 2 8 68
2 9 2 12 8 3 4
2 9 2 11 3 9 168
2 9 2 10 9 4 43
2 9 2 9 4 10 178
2 9 2 8 10 5 114
2 9 2 7 16 0 55
2 9 2 7 5 11 75
2 9 2 6 11 6 49
2 9 2 6 0 17 18
2 9 2 5 17 1 171
2 9 2 5 6 12 73
2 9 2 4 12 7 49
2 9 2 4 1 18 69
2 9 2 3 18 2 59
2 9 2 3 7 13 4
2 9 2 2 13 8 44
2 9 2 2 2 19 9
2 9 2 1 19 3 23
2 9 2 1 8 14 46
2 9 2 0 14 9 83
2 9 2 0 3 20 64
2 9 1 24 0 0 47
2 9 1 22 1 1 52
2 9 1 20 2 2 119
2 9 1 18 3 3 36
2 9 1 16 4 4 88
2 9 1 14 5 5 101
2 9 1 13 11 0 21
2 9 1 13 0 11 83
2 9 1 12 6 6 120
2 9 1 11 12 1 145
2 9 1 11 1 12 51
2 9 1 10 7 7 67
2 9 1 9 13 2 109
2 9 1 9 2 13 7
2 9 1 8 8 8 76
2 9 1 7 14 3 52
2 9 1 7 3 14 158
2 9 1 6 9 9 179
2 9 1 5 15 4 154
2 9 1 5 4 15 35
2 9 1 4 10 10 7
2 9 1 3 16 5 132
2 9 1 3 5 16 16
2 9 1 2 22 0 185
2 9 1 2 11 11 157
2 9 1 2 0 22 109
2 9 1 1 17 6 75
2 9 1 1 6 17 89
2 9 1 0 23 1 54
2 9 1 0 12 12 19
2 9 1 0 1 23 103
2 9 0 20 0 5 85
2 9 0 19 6 0 166
2 9 0 18 1 6 107
2 9 0 17 7 1 184
2 9 0 16 2 7 106
2 9 0 15 8 2 112
2 9 0 14 3 8 127
2 9 0 13 9 3 17
2 9 0 12 4 9 72
2 9 0 11 10 4 91
2 9 0 10 5 10 196
2 9 0 9 11 5 179
2 9 0 9 0 16 75
2 9 0 8 17 0 23
2 9 0 8 6 11 38
2 9 0 7 12 6 48
2 9 0 7 1 17 164
2 9 0 6 18 1 133
2 9 0 6 7 12 80
2 9 0 5 13 7 184
2 9 0 5 2 18 40
2 9 0 4 19 2 160
2 9 0 4 8 13 169
2 9 0 3 14 8 72
2 9 0 3 3 19 62
2 9 0 2 20 3 120
2 9 0 2 9 14 49
2 9 0 1 15 9 68
2 9 0 1 4 20 118
2 9 0 0 21 4 134
2 9 0 0 10 15 155
2 8 23 0 3 0 169
2 8 22 2 0 2 196
2 8 22 0 1 3 142
2 8 21 1 4 0 77
2 8 20 5 0 1 92
2 8 20 3 1 2 150
2 8 20 1 2 3 58
2 8 19 2 5 0 113
2 8 19 1 0 6 157
2 8 19 0 6 1 175
2 8 18 8 0 0 99
2 8 18 6 1 1 36
2 8 18 4 2 2 154
2 8 18 2 3 3 188
2 8 18 0 4 4 191
2 8 17 4 0 5 166
2 8 17 3 6 0 184
2 8 17 2 1 6 196
2 8 17 1 7 1 76
2 8 17 0 2 7 9
2 8 16 9 1 0 182
2 8 16 7 2 1 27
2 8 16 5 3 2 68
2 8 16 3 4 3 6
2 8 16 1 5 4 172
2 8 16 0 0 10 61
2 8 15 7 0 4 191
2 8 15 5 1 5 95
2 8 15 4 7 0 11
2 8 15 3 2 6 29
2 8 15 2 8 1 39
2 8 15 1 3 7 150
2 8 15 0 9 2 10
2 8 14 10 2 0 140
2 8 14 8 3 1 59
2 8 14 6 4 2 190
2 8 14 4 5 3 168
2 8 14 3 0 9 16
2 8 14 2 6 4 6
2 8 14 1 1 10 148
2 8 14 0 7 5 187
2 8 13 10 0 3 108
2 8 13 8 1 4 180
2 8 13 6 2 5 96
2 8 13 5 8 0 182
2 8 13 4 3 6 161
2 8 13 3 9 1 160
2 8 13 2 4 7 26
2 8 13 1 10 2 196
2 8 13 0 5 8 57
2 8 12 11 3 0 166
2 8 12 9 4 1 47
2 8 12 7 5 2 5
2 8 12 6 0 8 138
2 8 12 5 6 3 5
2 8 12 4 1 9 173
2 8 12 3 7 4 12
2 8 12 2 2 10 69
2 8 12 1 8 5 32
2 8 12 0 14 0 29
2 8 12 0 3 11 53
2 8 11 13 0 2 196
2 8 11 11 1 3 171
2 8 11 9 2 4 60
2 8 11 7 3 5 23
2 8 11 6 9 0 48
2 8 11 5 4 6 43
2 8 11 4 10 1 70
2 8 11 3 5 7 72
2 8 11 2 11 2 197
2 8 11 2 0 13 197
2 8 11 1 6 8 11
2 8 11 0 12 3 133
2 8 11 0 1 14 110
2 8 10 12 4 0 122
2 8 10 10 5 1 4
2 8 10 9 0 7 150
2 8 10 8 6 2 27
2 8 10 7 1 8 154
2 8 10 6 7 3 142
2 8 10 5 2 9 79
2 8 10 4 8 4 115
2 8 10 3 3 10 40
2 8 10 2 9 5 5
2 8 10 1 15 0 11
2 8 10 1 4 11 93
2 8 10 0 10 6 128
2 8 9 16 0 1 150
2 8 9 14 1 2 41
2 8 9 12 2 3 3
2 8 9 10 3 4 93
2 8 9 8 4 5 51
2 8 9 7 10 0 1
2 8 9 6 5 6 192
2 8 9 5 11 1 144
2 8 9 5 0 12 83
2 8 9 4 6 7 173
2 8 9 3 12 2 175
2 8 9 3 1 13 21
2 8 9 2 7 8 149
2 8 9 1 13 3 58
2 8 9 1 2 14 39
2 8 9 0 8 9 51
2 8 8 13 5 0 123
2 8 8 12 0 6 48
2 8 8 11 6 1 113
2 8 8 10 1 7 107
2 8 8 9 7 2 48
2 8 8 8 2 8 149
2 8 8 7 8 3 138
2 8 8 6 3 9 9
2 8 8 5 9 4 133
2 8 8 4 4 10 49
2 8 8 3 10 5 105
2 8 8 2 16 0 152
2 8 8 2 5 11 131
2 8 8 1 11 6 75
2 8 8 1 0 17 168
2 8 8 0 17 1 81
2 8 8 0 6 12 10
2 8 7 19 0 0 106
2 8 7 17 1 1 131
2 8 7 15 2 2 179
2 8 7 13 3 3 145
2 8 7 11 4 4 71
2 8 7 9 5 5 145
2 8 7 8 11 0 110
2 8 7 8 0 11 185
2 8 7 7 6 6 163
2 8 7 6 12 1 62
2 8 7 6 1 12 50
2 8 7 5 7 7 104
2 8 7 4 13 2 47
2 8 7 4 2 13 166
2 8 7 3 8 8 86
2 8 7 2 14 3 152
2 8 7 2 3 14 23
2 8 7 1 9 9 144
2 8 7 0 15 4 31
2 8 7 0 4 15 2
2 8 6 15 0 5 12
2 8 6 14 6 0 80
2 8 6 13 1 6 102
2 8 6 12 7 1 175
2 8 6 11 2 7 152
2 8 6 10 8 2 196
2 8 6 9 3 8 197
2 8 6 8 9 3 128
2 8 6 7 4 9 159
2 8 6 6 10 4 82
2 8 6 5 5 10 12
2 8 6 4 11 5 196
2 8 6 4 0 16 12
2 8 6 3 17 0 12
2 8 6 3 6 11 158
2 8 6 2 12 6 85
2 8 6 2 1 17 195
2 8 6 1 18 1 43
2 8 6 1 7 12 149
2 8 6 0 13 7 155
2 8 6 0 2 18 49
2 8 5 20 1 0 171
2 8 5 18 2 1 163
2 8 5 16 3 2 58
2 8 5 14 4 3 68
2 8 5 12 5 4 174
2 8 5 11 0 10 197
2 8 5 10 6 5 61
2 8 5 9 12 0 104
2 8 5 9 1 11 171
2 8 5 8 7 6 62
2 8 5 7 13 1 41
2 8 5 7 2 12 132
2 8 5 6 8 7 18
2 8 5 5 14 2 125
2 8 5 5 3 13 82
2 8 5 4 9 8 186
2 8 5 3 15 3 180
2 8 5 3 4 14 4
2 8 5 2 10 9 70
2 8 5 1 16 4 66
2 8 5 1 5 15 153
2 8 5 0 11 10 74
2 8 5 0 0 21 5
2 8 4 18 0 4 151
2 8 4 16 1 5 53
2 8 4 15 7 0 124
2 8 4 14 2 6 37
2 8 4 13 8 1 113
2 8 4 12 3 7 178
2 8 4 11 9 2 99
2 8 4 10 4 8 169
2 8 4 9 10 3 36
2 8 4 8 5 9 54
2 8 4 7 11 4 135
2 8 4 7 0 15 104
2 8 4 6 6 10 110
2 8 4 5 12 5 1
2 8 4 5 1 16 196
2 8 4 4 18 0 182
2 8 4 4 7 11 168
2 8 4 3 13 6 7
2 8 4 3 2 17 176
2 8 4 2 19 1 158
2 8 4 2 8 12 39
2 8 4 1 14 7 74
2 8 4 1 3 18 10
2 8 4 0 20 2 135
2 8 4 0 9 13 102
2 8 3 21 2 0 21
2 8 3 19 3 1 70
2 8 3 17 4 2 144
2 8 3 15 5 3 103
2 8 3 14 0 9 126
2 8 3 13 6 4 33
2 8 3 12 1 10 140
2 8 3 11 7 5 156
2 8 3 10 13 0 125
2 8 3 10 2 11 77
2 8 3 9 8 6 86
2 8 3 8 14 1 188
2 8 3 8 3 12 101
2 8 3 6 15 2 54
2 8 3 6 4 13 141
2 8 3 5 10 8 185
2 8 3 4 16 3 22
2 8 3 4 5 14 75
2 8 3 3 11 9 136
2 8 3 3 0 20 109
2 8 3 2 17 4 10
2 8 3 2 6 15 172
2 8 3 1 12 10 146
2 8 3 1 1 21 60
2 8 3 0 18 5 184
2 8 3 0 7 16 195
2 8 2 21 0 3 159
2 8 2 19 1 4 35
2 8 2 17 2 5 94
2 8 2 16 8 0 106
2 8 2 15 3 6 128
2 8 2 14 9 1 1
2 8 2 13 4 7 169
2 8 2 12 10 2 94
2 8 2 11 5 8 34
2 8 2 10 11 3 112
2 8 2 10 0 14 181
2 8 2 9 6 9 101
2 8 2 8 12 4 172
2 8 2 8 1 15 88
2 8 2 7 7 10 83
2 8 2 6 13 5 156
2 8 2 6 2 16 25
2 8 2 5 19 0 84
2 8 2 5 8 11 12
2 8 2 4 14 6 22
2 8 2 4 3 17 145
2 8 2 3 9 12 6
2 8 2 2 15 7 72
2 8 2 2 4 18 33
2 8 2 1 21 2 68
2 8 2 1 10 13 187
2 8 2 0 16 8 72
2 8 2 0 5 19 108
2 8 1 22 3 0 180
2 8 1 20 4 1 117
2 8 1 18 5 2 97
2 8 1 17 0 8 106
2 8 1 16 6 3 50
2 8 1 14 7 4 156
2 8 1 13 2 10 158
2 8 1 12 8 5 168
2 8 1 11 14 0 29
2 8 1 11 3 11 175
2 8 1 10 9 6 139
2 8 1 9 15 1 117
2 8 1 9 4 12 61
2 8 1 8 10 7 114
2 8 1 7 16 2 34
2 8 1 7 5 13 130
2 8 1 6 11 8 100
2 8 1 6 0 19 43
2 8 1 5 17 3 19
2 8 1 5 6 14 172
2 8 1 4 12 9 52
2 8 1 4 1 20 127
2 8 1 3 18 4 172
2 8 1 3 7 15 12
2 8 1 2 13 10 13
2 8 1 2 2 21 32
2 8 1 1 19 5 124
2 8 1 1 8 16 56
2 8 1 0 25 0 113
2 8 1 0 14 11 108
2 8 1 0 3 22 26
2 8 0 24 0 2 130
2 8 0 22 1 3 25
2 8 0 20 2 4 33
2 8 0 18 3 5 101
2 8 0 17 9 0 48
2 8 0 16 4 6 88
2 8 0 15 10 1 186
2 8 0 14 5 7 90
2 8 0 13 11 2 85
2 8 0 13 0 13 9
2 8 0 12 6 8 164
2 8 0 11 12 3 119
2 8 0 11 1 14 184
2 8 0 10 7 9 29
2 8 0 9 13 4 30
2 8 0 9 2 15 125
2 8 0 8 8 10 6
2 8 0 7 14 5 151
2 8 0 7 3 16 81
2 8 0 6 20 0 108
2 8 0 6 9 11 135
2 8 0 5 15 6 106
2 8 0 5 4 17 84
2 8 0 4 21 1 50
2 8 0 4 10 12 136
2 8 0 3 16 7 128
2 8 0 3 5 18 99
2 8 0 2 22 2 11
2 8 0 2 11 13 124
2 8 0 2 0 24 186
2 8 0 1 17 8 17
2 8 0 1 6 19 55
2 8 0 0 23 3 94
2 8 0 0 12 14 16
2 8 0 0 1 25 6
2 7 26 0 0 1 14
2 7 24 3 0 0 185
2 7 24 1 1 1 184
2 7 22 4 1 0 146
2 7 22 2 2 1 66
2 7 22 0 3 2 122
2 7 21 2 0 4 28
2 7 21 0 1 5 83
2 7 20 5 2 0 70
2 7 20 3 3 1 35
2 7 20 1 4 2 39
2 7 19 5 0 3 129
2 7 19 3 1 4 105
2 7 19 1 2 5 76
2 7 19 0 8 0 50
2 7 18 6 3 0 92
2 7 18 4 4 1 163
2 7 18 2 5 2 58
2 7 18 1 0 8 54
2 7 18 0 6 3 57
2 7 17 8 0 2 122
2 7 17 6 1 3 111
2 7 17 4 2 4 143
2 7 17 2 3 5 122
2 7 17 1 9 0 105
2 7 17 0 4 6 20
2 7 16 7 4 0 94
2 7 16 5 5 1 142
2 7 16 4 0 7 12
2 7 16 3 6 2 168
2 7 16 2 1 8 140
2 7 16 1 7 3 83
2 7 16 0 2 9 131
2 7 15 11 0 1 39
2 7 15 9 1 2 165
2 7 15 7 2 3 191
2 7 15 5 3 4 103
2 7 15 3 4 5 154
2 7 15 2 10 0 167
2 7 15 1 5 6 157
2 7 15 0 11 1 39
2 7 15 0 0 12 32
2 7 14 8 5 0 190
2 7 14 7 0 6 162
2 7 14 6 6 1 113
2 7 14 5 1 7 65
2 7 14 4 7 2 9
2 7 14 3 2 8 54
2 7 14 2 8 3 115
2 7 14 1 3 9 156
2 7 14 0 9 4 58
2 7 13 14 0 0 121
2 7 13 12 1 1 178
2 7 13 10 2 2 184
2 7 13 8 3 3 142
2 7 13 6 4 4 190
2 7 13 4 5 5 138
2 7 13 3 11 0 125
2 7 13 3 0 11 49
2 7 13 2 6 6 57
2 7 13 1 12 1 177
2 7 13 1 1 12 155
2 7 13 0 7 7 177
2 7 12 10 0 5 158
2 7 12 9 6 0 106
2 7 12 8 1 6 161
2 7 12 7 7 1 80
2 7 12 6 2 7 3
2 7 12 5 8 2 63
2 7 12 4 3 8 12
2 7 12 2 4 9 87
2 7 12 1 10 4 72
2 7 12 0 5 10 56
2 7 11 15 1 0 136
2 7 11 13 2 1 77
2 7 11 11 3 2 4
2 7 11 9 4 3 85
2 7 11 7 5 4 58
2 7 11 6 0 10 154
2 7 11 5 6 5 65
2 7 11 4 12 0 27
2 7 11 4 1 11 59
2 7 11 3 7 6 62
2 7 11 2 13 1 11
2 7 11 2 2 12 121
2 7 11 1 8 7 52
2 7 11 0 14 2 133
2 7 11 0 3 13 24
2 7 10 13 0 4 168
2 7 10 11 1 5 196
2 7 10 10 7 0 90
2 7 10 9 2 6 12
2 7 10 7 3 7 137
2 7 10 6 9 2 110
2 7 10 5 4 8 120
2 7 10 4 10 3 151
2 7 10 3 5 9 104
2 7 10 2 11 4 5
2 7 10 2 0 15 101
2 7 10 1 6 10 135
2 7 10 0 12 5 63
2 7 10 0 1 16 173
2 7 9 16 2 0 37
2 7 9 14 3 1 151
2 7 9 12 4 2 107
2 7 9 10 5 3 162
2 7 9 9 0 9 97
2 7 9 8 6 4 120
2 7 9 7 1 10 65
2 7 9 6 7 5 10
2 7 9 5 13 0 56
2 7 9 5 2 11 52
2 7 9 4 8 6 58
2 7 9 3 14 1 140
2 7 9 3 3 12 148
2 7 9 1 15 2 25
2 7 9 1 4 13 179
2 7 9 0 10 8 11
2 7 8 16 0 3 75
2 7 8 14 1 4 20
2 7 8 12 2 5 129
2 7 8 11 8 0 112
2 7 8 10 3 6 78
2 7 8 9 9 1 89
2 7 8 8 4 7 140
2 7 8 7 10 2 159
2 7 8 6 5 8 139
2 7 8 5 11 3 79
2 7 8 5 0 14 67
2 7 8 4 6 9 73
2 7 8 3 12 4 120
2 7 8 3 1 15 55
2 7 8 2 7 10 69
2 7 8 1 13 5 34
2 7 8 1 2 16 30
2 7 8 0 19 0 42
2 7 8 0 8 11 6
2 7 7 17 3 0 171
2 7 7 15 4 1 42
2 7 7 13 5 2 171
2 7 7 12 0 8 2
2 7 7 11 6 3 9
2 7 7 10 1 9 124
2 7 7 9 7 4 129
2 7 7 8 2 10 117
2 7 7 7 8 5 21
2 7 7 6 14 0 27
2 7 7 6 3 11 172
2 7 7 4 15 1 134
2 7 7 4 4 12 80
2 7 7 3 10 7 55
2 7 7 2 16 2 103
2 7 7 2 5 13 26
2 7 7 1 11 8 58
2 7 7 1 0 19 30
2 7 7 0 17 3 175
2 7 7 0 6 14 83
2 7 6 19 0 2 81
2 7 6 17 1 3 55
2 7 6 15 2 4 52
2 7 6 13 3 5 196
2 7 6 12 9 0 106
2 7 6 11 4 6 93
2 7 6 10 10 1 91
2 7 6 9 5 7 92
2 7 6 8 11 2 41
2 7 6 8 0 13 77
2 7 6 7 6 8 149
2 7 6 6 12 3 133
2 7 6 6 1 14 62
2 7 6 5 7 9 170
2 7 6 4 13 4 163
2 7 6 4 2 15 46
2 7 6 3 8 10 146
2 7 6 2 14 5 85
2 7 6 2 3 16 123
2 7 6 1 20 0 136
2 7 6 1 9 11 102
2 7 6 0 15 6 52
2 7 6 0 4 17 9
2 7 5 18 4 0 2
2 7 5 16 5 1 114
2 7 5 15 0 7 46
2 7 5 14 6 2 45
2 7 5 13 1 8 17
2 7 5 12 7 3 120
2 7 5 11 2 9 90
2 7 5 10 8 4 129
2 7 5 9 3 10 195
2 7 5 8 9 5 131
2 7 5 7 15 0 11
2 7 5 7 4 11 56
2 7 5 6 10 6 184
2 7 5 5 16 1 87
2 7 5 5 5 12 159
2 7 5 4 11 7 183
2 7 5 4 0 18 8
2 7 5 3 17 2 41
2 7 5 3 6 13 23
2 7 5 2 12 8 19
2 7 5 2 1 19 131
2 7 5 1 18 3 146
2 7 5 1 7 14 182
2 7 5 0 13 9 48
2 7 5 0 2 20 99
2 7 4 22 0 1 198
2 7 4 20 1 2 79
2 7 4 18 2 3 198
2 7 4 16 3 4 75
2 7 4 14 4 5 100
2 7 4 13 10 0 21
2 7 4 12 5 6 56
2 7 4 11 11 1 135
2 7 4 11 0 12 17
2 7 4 10 6 7 48
2 7 4 9 12 2 30
2 7 4 9 1 13 6
2 7 4 8 7 8 44
2 7 4 7 13 3 158
2 7 4 7 2 14 108
2 7 4 6 8 9 186
2 7 4 5 14 4 103
2 7 4 5 3 15 182
2 7 4 4 9 10 186
2 7 4 3 15 5 195
2 7 4 3 4 16 16
2 7 4 2 21 0 168
2 7 4 2 10 11 16
2 7 4 1 5 17 95
2 7 4 0 22 1 115
2 7 4 0 11 12 183
2 7 4 0 0 23 35
2 7 3 19 5 0 197
2 7 3 18 0 6 191
2 7 3 17 6 1 198
2 7 3 16 1 7 172
2 7 3 15 7 2 12
2 7 3 14 2 8 186
2 7 3 13 8 3 43
2 7 3 12 3 9 133
2 7 3 11 9 4 111
2 7 3 10 4 10 186
2 7 3 9 10 5 142
2 7 3 8 16 0 103
2 7 3 8 5 11 51
2 7 3 7 11 6 130
2 7 3 7 0 17 29
2 7 3 6 17 1 51
2 7 3 6 6 12 128
2 7 3 5 12 7 130
2 7 3 5 1 18 37
2 7 3 4 18 2 193
2 7 3 4 7 13 126
2 7 3 3 13 8 195
2 7 3 3 2 19 80
2 7 3 2 19 3 55
2 7 3 2 8 14 117
2 7 3 1 14 9 75
2 7 3 1 3 20 152
2 7 3 0 20 4 196
2 7 3 0 9 15 142
2 7 2 25 0 0 39
2 7 2 23 1 1 108
2 7 2 21 2 2 46
2 7 2 19 3 3 58
2 7 2 17 4 4 195
2 7 2 15 5 5 83
2 7 2 14 11 0 141
2 7 2 14 0 11 66
2 7 2 13 6 6 180
2 7 2 12 12 1 147
2 7 2 12 1 12 53
2 7 2 11 7 7 53
2 7 2 10 13 2 104
2 7 2 10 2 13 144
2 7 2 9 8 8 91
2 7 2 8 14 3 188
2 7 2 8 3 14 192
2 7 2 7 9 9 49
2 7 2 6 15 4 1
2 7 2 6 4 15 49
2 7 2 5 10 10 49
2 7 2 4 16 5 191
2 7 2 4 5 16 91
2 7 2 3 22 0 41
2 7 2 3 11 11 9
2 7 2 3 0 22 87
2 7 2 2 17 6 147
2 7 2 2 6 17 124
2 7 2 1 23 1 177
2 7 2 1 12 12 144
2 7 2 1 1 23 12
2 7 2 0 18 7 28
2 7 2 0 7 18 131
2 7 1 21 0 5 51
2 7 1 20 6 0 2
2 7 1 19 1 6 142
2 7 1 18 7 1 149
2 7 1 17 2 7 174
2 7 1 16 8 2 5
2 7 1 15 3 8 174
2 7 1 14 9 3 18
2 7 1 13 4 9 183
2 7 1 12 10 4 61
2 7 1 11 5 10 192
2 7 1 10 11 5 61
2 7 1 10 0 16 44
2 7 1 9 17 0 150
2 7 1 9 6 11 31
2 7 1 8 12 6 5
2 7 1 8 1 17 18
2 7 1 7 18 1 166
2 7 1 7 7 12 104
2 7 1 6 13 7 72
2 7 1 6 2 18 67
2 7 1 5 19 2 142
2 7 1 5 8 13 23
2 7 1 4 14 8 98
2 7 1 4 3 19 144
2 7 1 3 20 3 16
2 7 1 3 9 14 183
2 7 1 2 15 9 42
2 7 1 2 4 20 111
2 7 1 1 21 4 118
2 7 1 1 10 15 128
2 7 1 0 16 10 179
2 7 1 0 5 21 97
2 7 0 26 1 0 183
2 7 0 24 2 1 182
2 7 0 22 3 2 129
2 7 0 20 4 3 141
2 7 0 18 5 4 21
2 7 0 17 0 10 8
2 7 0 16 6 5 114
2 7 0 15 12 0 142
2 7 0 15 1 11 123
2 7 0 14 7 6 124
2 7 0 13 13 1 25
2 7 0 13 2 12 6
2 7 0 12 8 7 163
2 7 0 11 14 2 169
2 7 0 11 3 13 55
2 7 0 10 9 8 30
2 7 0 9 15 3 128
2 7 0 9 4 14 3
2 7 0 8 10 9 151
2 7 0 7 16 4 4
2 7 0 7 5 15 165
2 7 0 6 11 10 75
2 7 0 6 0 21 181
2 7 0 5 17 5 145
2 7 0 5 6 16 139
2 7 0 4 23 0 104
2 7 0 4 12 11 24
2 7 0 4 1 22 137
2 7 0 3 18 6 80
2 7 0 3 7 17 193
2 7 0 2 24 1 108
2 7 0 2 13 12 99
2 7 0 2 2 23 196
2 7 0 1 19 7 48
2 7 0 1 8 18 2
2 7 0 0 25 2 147
2 7 0 0 14 13 163
2 7 0 0 3 24 32
2 6 26 0 2 0 180
2 6 25 0 0 3 42
2 6 24 1 3 0 16
2 6 23 3 0 2 87
2 6 23 1 1 3 130
2 6 22 2 4 0 35
2 6 22 0 5 1 72
2 6 21 6 0 1 150
2 6 21 4 1 2 24
2 6 21 2 2 3 35
2 6 21 0 3 4 36
2 6 20 3 5 0 97
2 6 20 2 0 6 185
2 6 20 1 6 1 33
2 6 20 0 1 7 71
2 6 19 9 0 0 58
2 6 19 7 1 1 68
2 6 19 5 2 2 93
2 6 19 3 3 3 97
2 6 19 1 4 4 123
2 6 18 5 0 5 22
2 6 18 4 6 0 107
2 6 18 3 1 6 105
2 6 18 2 7 1 52
2 6 18 1 2 7 143
2 6 18 0 8 2 17
2 6 17 10 1 0 128
2 6 17 8 2 1 62
2 6 17 6 3 2 167
2 6 17 4 4 3 183
2 6 17 2 5 4 91
2 6 17 1 0 10 95
2 6 17 0 6 5 191
2 6 16 8 0 4 30
2 6 16 6 1 5 167
2 6 16 5 7 0 140
2 6 16 4 2 6 159
2 6 16 3 8 1 117
2 6 16 2 3 7 111
2 6 16 1 9 2 9
2 6 16 0 4 8 150
2 6 15 11 2 0 26
2 6 15 9 3 1 2
2 6 15 7 4 2 146
2 6 15 5 5 3 169
2 6 15 4 0 9 43
2 6 15 3 6 4 161
2 6 15 2 1 10 119
2 6 15 1 7 5 136
2 6 15 0 13 0 62
2 6 15 0 2 11 149
2 6 14 11 0 3 142
2 6 14 9 1 4 59
2 6 14 7 2 5 184
2 6 14 6 8 0 124
2 6 14 5 3 6 36
2 6 14 4 9 1 118
2 6 14 3 4 7 6
2 6 14 2 10 2 23
2 6 14 1 5 8 120
2 6 14 0 11 3 149
2 6 14 0 0 14 75
2 6 13 12 3 0 73
2 6 13 10 4 1 122
2 6 13 8 5 2 43
2 6 13 7 0 8 164
2 6 13 6 6 3 85
2 6 13 5 1 9 6
2 6 13 4 7 4 106
2 6 13 3 2 10 98
2 6 13 2 8 5 79
2 6 13 1 14 0 92
2 6 13 1 3 11 192
2 6 13 0 9 6 102
2 6 12 14 0 2 55
2 6 12 12 1 3 48
2 6 12 10 2 4 151
2 6 12 8 3 5 99
2 6 12 7 9 0 183
2 6 12 6 4 6 43
2 6 12 5 10 1 177
2 6 12 4 5 7 140
2 6 12 3 11 2 70
2 6 12 3 0 13 171
2 6 12 2 6 8 19
2 6 12 1 12 3 38
2 6 12 1 1 14 104
2 6 12 0 7 9 181
2 6 11 13 4 0 65
2 6 11 11 5 1 101
2 6 11 10 0 7 98
2 6 11 9 6 2 176
2 6 11 8 1 8 163
2 6 11 7 7 3 150
2 6 11 6 2 9 86
2 6 11 5 8 4 58
2 6 11 4 3 10 146
2 6 11 3 9 5 172
2 6 11 2 15 0 49
2 6 11 2 4 11 79
2 6 11 1 10 6 191
2 6 11 0 16 1 179
2 6 11 0 5 12 132
2 6 10 17 0 1 187
2 6 10 15 1 2 170
2 6 10 13 2 3 13
2 6 10 11 3 4 47
2 6 10 9 4 5 28
2 6 10 8 10 0 81
2 6 10 7 5 6 55
2 6 10 6 11 1 89
2 6 10 6 0 12 104
2 6 10 5 6 7 189
2 6 10 4 12 2 166
2 6 10 4 1 13 171
2 6 10 3 7 8 49
2 6 10 2 13 3 181
2 6 10 2 2 14 193
2 6 10 1 8 9 139
2 6 10 0 14 4 10
2 6 10 0 3 15 194
2 6 9 14 5 0 76
2 6 9 13 0 6 109
2 6 9 12 6 1 44
2 6 9 11 1 7 78
2 6 9 10 7 2 174
2 6 9 9 2 8 159
2 6 9 8 8 3 145
2 6 9 7 3 9 9
2 6 9 6 9 4 55
2 6 9 5 4 10 28
2 6 9 4 10 5 167
2 6 9 3 16 0 35
2 6 9 3 5 11 132
2 6 9 2 11 6 49
2 6 9 2 0 17 11
2 6 9 1 17 1 18
2 6 9 1 6 12 59
2 6 9 0 12 7 194
2 6 9 0 1 18 50
2 6 8 20 0 0 172
2 6 8 18 1 1 118
2 6 8 16 2 2 121
2 6 8 14 3 3 9
2 6 8 12 4 4 171
2 6 8 10 5 5 119
2 6 8 9 11 0 4
2 6 8 9 0 11 194
2 6 8 8 6 6 53
2 6 8 7 12 1 79
2 6 8 7 1 12 87
2 6 8 6 7 7 39
2 6 8 5 13 2 125
2 6 8 5 2 13 98
2 6 8 4 8 8 97
2 6 8 3 3 14 178
2 6 8 2 9 9 1
2 6 8 1 15 4 147
2 6 8 1 4 15 21
2 6 8 0 10 10 137
2 6 7 16 0 5 99
2 6 7 15 6 0 169
2 6 7 14 1 6 108
2 6 7 13 7 1 155
2 6 7 12 2 7 97
2 6 7 11 8 2 33
2 6 7 10 3 8 27
2 6 7 9 9 3 87
2 6 7 8 4 9 42
2 6 7 7 10 4 121
2 6 7 6 5 10 42
2 6 7 5 11 5 175
2 6 7 5 0 16 112
2 6 7 4 17 0 170
2 6 7 4 6 11 109
2 6 7 3 12 6 96
2 6 7 3 1 17 31
2 6 7 2 18 1 7
2 6 7 2 7 12 35
2 6 7 1 13 7 183
2 6 7 1 2 18 186
2 6 7 0 19 2 123
2 6 7 0 8 13 27
2 6 6 21 1 0 165
2 6 6 19 2 1 94
2 6 6 17 3 2 135
2 6 6 15 4 3 25
2 6 6 13 5 4 185
2 6 6 12 0 10 89
2 6 6 11 6 5 20
2 6 6 10 12 0 113
2 6 6 10 1 11 78
2 6 6 9 7 6 139
2 6 6 8 13 1 56
2 6 6 8 2 12 43
2 6 6 7 8 7 126
2 6 6 6 14 2 105
2 6 6 6 3 13 115
2 6 6 5 9 8 124
2 6 6 4 15 3 139
2 6 6 4 4 14 34
2 6 6 3 10 9 26
2 6 6 2 16 4 158
2 6 6 2 5 15 67
2 6 6 1 11 10 30
2 6 6 1 0 21 85
2 6 6 0 17 5 185
2 6 6 0 6 16 19
2 6 5 19 0 4 12
2 6 5 17 1 5 110
2 6 5 16 7 0 78
2 6 5 15 2 6 148
2 6 5 14 8 1 69
2 6 5 13 3 7 135
2 6 5 12 9 2 102
2 6 5 11 4 8 90
2 6 5 10 10 3 181
2 6 5 9 5 9 154
2 6 5 8 11 4 104
2 6 5 8 0 15 56
2 6 5 7 6 10 163
2 6 5 6 12 5 3
2 6 5 6 1 16 146
2 6 5 5 18 0 137
2 6 5 5 7 11 166
2 6 5 4 13 6 67
2 6 5 4 2 17 61
2 6 5 3 19 1 149
2 6 5 3 8 12 19
2 6 5 2 14 7 187
2 6 5 2 3 18 61
2 6 5 1 20 2 114
2 6 5 1 9 13 152
2 6 5 0 15 8 136
2 6 4 22 2 0 95
2 6 4 20 3 1 3
2 6 4 18 4 2 51
2 6 4 16 5 3 169
2 6 4 15 0 9 103
2 6 4 14 6 4 181
2 6 4 13 1 10 119
2 6 4 12 7 5 192
2 6 4 11 13 0 164
2 6 4 11 2 11 58
2 6 4 10 8 6 57
2 6 4 9 14 1 79
2 6 4 9 3 12 75
2 6 4 8 9 7 122
2 6 4 7 15 2 22
2 6 4 7 4 13 167
2 6 4 6 10 8 101
2 6 4 5 16 3 86
2 6 4 5 5 14 114
2 6 4 4 11 9 38
2 6 4 4 0 20 89
2 6 4 3 17 4 72
2 6 4 3 6 15 161
2 6 4 2 12 10 76
2 6 4 2 1 21 128
2 6 4 1 18 5 151
2 6 4 1 7 16 77
2 6 4 0 24 0 104
2 6 4 0 13 11 83
2 6 4 0 2 22 155
2 6 3 22 0 3 21
2 6 3 20 1 4 28
2 6 3 18 2 5 96
2 6 3 17 8 0 174
2 6 3 16 3 6 142
2 6 3 15 9 1 106
2 6 3 14 4 7 36
2 6 3 13 10 2 13
2 6 3 12 5 8 85
2 6 3 11 11 3 11
2 6 3 11 0 14 179
2 6 3 10 6 9 163
2 6 3 9 12 4 129
2 6 3 9 1 15 74
2 6 3 7 13 5 195
2 6 3 7 2 16 114
2 6 3 6 19 0 181
2 6 3 6 8 11 179
2 6 3 5 14 6 5
2 6 3 5 3 17 162
2 6 3 4 20 1 53
2 6 3 4 9 12 1
2 6 3 3 15 7 6
2 6 3 3 4 18 85
2 6 3 2 21 2 189
2 6 3 2 10 13 21
2 6 3 1 16 8 21
2 6 3 1 5 19 110
2 6 3 0 22 3 74
2 6 3 0 11 14 100
2 6 3 0 0 25 174
2 6 2 23 3 0 147
2 6 2 21 4 1 1
2 6 2 19 5 2 87
2 6 2 18 0 8 157
2 6 2 17 6 3 110
2 6 2 16 1 9 151
2 6 2 15 7 4 195
2 6 2 14 2 10 122
2 6 2 13 8 5 158
2 6 2 12 14 0 40
2 6 2 12 3 11 65
2 6 2 11 9 6 157
2 6 2 10 15 1 28
2 6 2 10 4 12 21
2 6 2 9 10 7 33
2 6 2 8 16 2 61
2 6 2 8 5 13 33
2 6 2 7 11 8 191
2 6 2 7 0 19 9
2 6 2 6 17 3 9
2 6 2 6 6 14 137
2 6 2 5 12 9 128
2 6 2 5 1 20 143
2 6 2 4 18 4 165
2 6 2 4 7 15 48
2 6 2 3 13 10 104
2 6 2 3 2 21 88
2 6 2 2 19 5 64
2 6 2 2 8 16 128
2 6 2 1 25 0 47
2 6 2 1 14 11 25
2 6 2 1 3 22 117
2 6 2 0 20 6 140
2 6 2 0 9 17 42
2 6 1 25 0 2 163
2 6 1 23 1 3 8
2 6 1 21 2 4 118
2 6 1 19 3 5 75
2 6 1 18 9 0 152
2 6 1 17 4 6 110
2 6 1 16 10 1 101
2 6 1 15 5 7 103
2 6 1 14 11 2 177
2 6 1 14 0 13 48
2 6 1 13 6 8 139
2 6 1 12 12 3 50
2 6 1 12 1 14 152
2 6 1 11 7 9 112
2 6 1 10 13 4 170
2 6 1 10 2 15 155
2 6 1 9 8 10 183
2 6 1 8 14 5 99
2 6 1 8 3 16 28
2 6 1 7 20 0 104
2 6 1 7 9 11 34
2 6 1 6 15 6 13
2 6 1 6 4 17 79
2 6 1 5 21 1 91
2 6 1 5 10 12 66
2 6 1 4 16 7 86
2 6 1 4 5 18 71
2 6 1 3 22 2 124
2 6 1 3 11 13 97
2 6 1 3 0 24 85
2 6 1 2 17 8 167
2 6 1 2 6 19 191
2 6 1 1 23 3 156
2 6 1 1 12 14 32
2 6 1 1 1 25 21
2 6 1 0 18 9 196
2 6 1 0 7 20 170
2 6 0 24 4 0 11
2 6 0 22 5 1 40
2 6 0 21 0 7 129
2 6 0 20 6 2 34
2 6 0 19 1 8 70
2 6 0 18 7 3 188
2 6 0 17 2 9 123
2 6 0 16 8 4 188
2 6 0 15 3 10 86
2 6 0 14 9 5 114
2 6 0 13 15 0 3
2 6 0 13 4 11 105
2 6 0 12 10 6 141
2 6 0 11 16 1 188
2 6 0 11 5 12 194
2 6 0 10 11 7 55
2 6 0 10 0 18 14
2 6 0 9 17 2 69
2 6 0 9 6 13 49
2 6 0 8 12 8 179
2 6 0 8 1 19 119
2 6 0 7 18 3 162
2 6 0 7 7 14 103
2 6 0 6 13 9 51
2 6 0 6 2 20 161
2 6 0 5 19 4 104
2 6 0 5 8 15 81
2 6 0 4 14 10 39
2 6 0 4 3 21 14
2 6 0 3 20 5 12
2 6 0 2 26 0 77
2 6 0 2 15 11 128
2 6 0 2 4 22 6
2 6 0 1 21 6 170
2 6 0 1 10 17 193
2 6 0 0 27 1 190
2 6 0 0 16 12 179
2 6 0 0 5 23 179
2 5 27 1 0 1 57
2 5 25 4 0 0 38
2 5 25 2 1 1 17
2 5 25 0 2 2 150
2 5 24 0 0 5 2
2 5 23 5 1 0 98
2 5 23 3 2 1 68
2 5 23 1 3 2 48
2 5 22 3 0 4 14
2 5 22 1 1 5 89
2 5 22 0 7 0 83
2 5 21 6 2 0 135
2 5 21 4 3 1 185
2 5 21 2 4 2 170
2 5 21 0 5 3 159
2 5 20 6 0 3 132
2 5 20 4 1 4 146
2 5 20 2 2 5 95
2 5 20 1 8 0 166
2 5 20 0 3 6 82
2 5 19 7 3 0 50
2 5 19 5 4 1 111
2 5 19 3 5 2 24
2 5 19 2 0 8 89
2 5 19 1 6 3 131
2 5 19 0 1 9 6
2 5 18 9 0 2 127
2 5 18 7 1 3 55
2 5 18 5 2 4 48
2 5 18 3 3 5 35
2 5 18 2 9 0 196
2 5 18 1 4 6 184
2 5 18 0 10 1 156
2 5 17 8 4 0 133
2 5 17 6 5 1 29
2 5 17 5 0 7 43
2 5 17 4 6 2 159
2 5 17 3 1 8 91
2 5 17 2 7 3 51
2 5 17 1 2 9 178
2 5 17 0 8 4 69
2 5 16 12 0 1 54
2 5 16 10 1 2 7
2 5 16 8 2 3 159
2 5 16 6 3 4 37
2 5 16 4 4 5 117
2 5 16 3 10 0 121
2 5 16 2 5 6 87
2 5 16 1 11 1 99
2 5 16 1 0 12 150
2 5 16 0 6 7 105
2 5 15 9 5 0 4
2 5 15 8 0 6 44
2 5 15 7 6 1 23
2 5 15 6 1 7 29
2 5 15 5 7 2 113
2 5 15 4 2 8 24
2 5 15 3 8 3 64
2 5 15 2 3 9 5
2 5 15 1 9 4 48
2 5 15 0 4 10 93
2 5 14 15 0 0 58
2 5 14 13 1 1 119
2 5 14 11 2 2 179
2 5 14 9 3 3 114
2 5 14 7 4 4 102
2 5 14 5 5 5 125
2 5 14 4 11 0 19
2 5 14 4 0 11 120
2 5 14 3 6 6 96
2 5 14 2 12 1 103
2 5 14 2 1 12 6
2 5 14 1 7 7 96
2 5 14 0 13 2 69
2 5 14 0 2 13 125
2 5 13 11 0 5 149
2 5 13 10 6 0 77
2 5 13 9 1 6 15
2 5 13 8 7 1 179
2 5 13 7 2 7 25
2 5 13 6 8 2 13
2 5 13 5 3 8 107
2 5 13 4 9 3 108
2 5 13 3 4 9 192
2 5 13 2 10 4 129
2 5 13 1 5 10 58
2 5 13 0 11 5 34
2 5 13 0 0 16 184
2 5 12 16 1 0 21
2 5 12 14 2 1 121
2 5 12 12 3 2 178
2 5 12 10 4 3 130
2 5 12 8 5 4 100
2 5 12 7 0 10 102
2 5 12 6 6 5 110
2 5 12 5 12 0 104
2 5 12 5 1 11 126
2 5 12 4 7 6 153
2 5 12 3 13 1 108
2 5 12 3 2 12 70
2 5 12 2 8 7 10
2 5 12 1 14 2 107
2 5 12 1 3 13 8
2 5 12 0 9 8 76
2 5 11 14 0 4 83
2 5 11 12 1 5 197
2 5 11 11 7 0 63
2 5 11 10 2 6 158
2 5 11 9 8 1 105
2 5 11 8 3 7 183
2 5 11 7 9 2 94
2 5 11 6 4 8 39
2 5 11 5 10 3 180
2 5 11 4 5 9 102
2 5 11 3 11 4 85
2 5 11 3 0 15 16
2 5 11 2 6 10 81
2 5 11 1 12 5 75
2 5 11 1 1 16 54
2 5 11 0 18 0 122
2 5 11 0 7 11 136
2 5 10 17 2 0 57
2 5 10 15 3 1 190
2 5 10 13 4 2 170
2 5 10 11 5 3 191
2 5 10 10 0 9 67
2 5 10 9 6 4 153
2 5 10 8 1 10 57
2 5 10 7 7 5 150
2 5 10 6 13 0 4
2 5 10 6 2 11 133
2 5 10 5 8 6 5
2 5 10 4 14 1 53
2 5 10 4 3 12 194
2 5 10 3 9 7 110
2 5 10 2 15 2 104
2 5 10 2 4 13 108
2 5 10 1 10 8 42
2 5 10 0 16 3 189
2 5 10 0 5 14 9
2 5 9 17 0 3 41
2 5 9 15 1 4 83
2 5 9 13 2 5 170
2 5 9 12 8 0 79
2 5 9 11 3 6 33
2 5 9 10 9 1 92
2 5 9 9 4 7 116
2 5 9 8 10 2 26
2 5 9 7 5 8 156
2 5 9 6 11 3 93
2 5 9 6 0 14 182
2 5 9 5 6 9 142
2 5 9 4 12 4 181
2 5 9 4 1 15 80
2 5 9 3 7 10 127
2 5 9 2 13 5 130
2 5 9 2 2 16 107
2 5 9 1 19 0 83
2 5 9 1 8 11 19
2 5 9 0 14 6 124
2 5 9 0 3 17 78
2 5 8 18 3 0 33
2 5 8 16 4 1 133
2 5 8 14 5 2 41
2 5 8 13 0 8 108
2 5 8 12 6 3 54
2 5 8 11 1 9 13
2 5 8 10 7 4 144
2 5 8 9 2 10 178
2 5 8 8 8 5 26
2 5 8 7 14 0 43
2 5 8 7 3 11 73
2 5 8 6 9 6 42
2 5 8 5 15 1 50
2 5 8 5 4 12 19
2 5 8 4 10 7 169
2 5 8 3 16 2 103
2 5 8 3 5 13 21
2 5 8 2 11 8 196
2 5 8 2 0 19 147
2 5 8 1 17 3 71
2 5 8 1 6 14 149
2 5 8 0 12 9 178
2 5 8 0 1 20 4
2 5 7 20 0 2 172
2 5 7 18 1 3 20
2 5 7 16 2 4 67
2 5 7 14 3 5 137
2 5 7 13 9 0 182
2 5 7 12 4 6 19
2 5 7 11 10 1 41
2 5 7 10 5 7 157
2 5 7 9 11 2 121
2 5 7 9 0 13 56
2 5 7 8 6 8 77
2 5 7 7 12 3 83
2 5 7 7 1 14 79
2 5 7 6 7 9 94
2 5 7 5 13 4 103
2 5 7 5 2 15 156
2 5 7 4 8 10 97
2 5 7 3 14 5 22
2 5 7 3 3 16 37
2 5 7 2 20 0 88
2 5 7 2 9 11 19
2 5 7 1 15 6 188
2 5 7 1 4 17 50
2 5 7 0 21 1 170
2 5 7 0 10 12 15
2 5 6 19 4 0 10
2 5 6 17 5 1 158
2 5 6 16 0 7 189
2 5 6 15 6 2 112
2 5 6 14 1 8 25
2 5 6 13 7 3 85
2 5 6 12 2 9 1
2 5 6 11 8 4 118
2 5 6 10 3 10 14
2 5 6 9 9 5 149
2 5 6 8 15 0 133
2 5 6 8 4 11 102
2 5 6 7 10 6 62
2 5 6 6 16 1 57
2 5 6 6 5 12 45
2 5 6 5 11 7 181
2 5 6 5 0 18 193
2 5 6 4 17 2 38
2 5 6 4 6 13 93
2 5 6 3 12 8 146
2 5 6 3 1 19 72
2 5 6 2 18 3 52
2 5 6 2 7 14 110
2 5 6 1 13 9 19
2 5 6 1 2 20 65
2 5 6 0 19 4 144
2 5 6 0 8 15 156
2 5 5 23 0 1 183
2 5 5 21 1 2 97
2 5 5 19 2 3 100
2 5 5 17 3 4 161
2 5 5 15 4 5 164
2 5 5 14 10 0 168
2 5 5 13 5 6 136
2 5 5 12 11 1 167
2 5 5 12 0 12 29
2 5 5 11 6 7 150
2 5 5 10 12 2 72
2 5 5 10 1 13 23
2 5 5 9 7 8 40
2 5 5 8 13 3 131
2 5 5 8 2 14 151
2 5 5 7 8 9 4
2 5 5 6 14 4 189
2 5 5 6 3 15 191
2 5 5 5 9 10 180
2 5 5 4 15 5 16
2 5 5 4 4 16 193
2 5 5 3 21 0 175
2 5 5 3 10 11 128
2 5 5 2 16 6 41
2 5 5 2 5 17 23
2 5 5 1 22 1 19
2 5 5 1 11 12 136
2 5 5 1 0 23 133
2 5 5 0 17 7 102
2 5 5 0 6 18 46
2 5 4 20 5 0 162
2 5 4 19 0 6 87
2 5 4 18 6 1 122
2 5 4 17 1 7 82
2 5 4 16 7 2 154
2 5 4 15 2 8 13
2 5 4 14 8 3 92
2 5 4 13 3 9 161
2 5 4 12 9 4 25
2 5 4 11 4 10 94
2 5 4 10 10 5 185
2 5 4 9 16 0 88
2 5 4 9 5 11 170
2 5 4 8 11 6 145
2 5 4 8 0 17 71
2 5 4 7 17 1 24
2 5 4 7 6 12 22
2 5 4 6 12 7 195
2 5 4 6 1 18 120
2 5 4 5 18 2 166
2 5 4 5 7 13 47
2 5 4 4 13 8 83
2 5 4 4 2 19 43
2 5 4 3 19 3 177
2 5 4 3 8 14 94
2 5 4 2 14 9 175
2 5 4 2 3 20 190
2 5 4 1 20 4 132
2 5 4 1 9 15 164
2 5 4 0 15 10 132
2 5 4 0 4 21 118
2 5 3 26 0 0 5
2 5 3 24 1 1 118
2 5 3 22 2 2 193
2 5 3 20 3 3 124
2 5 3 18 4 4 29
2 5 3 16 5 5 183
2 5 3 15 11 0 172
2 5 3 15 0 11 61
2 5 3 14 6 6 19
2 5 3 13 12 1 72
2 5 3 13 1 12 51
2 5 3 12 7 7 168
2 5 3 11 13 2 155
2 5 3 11 2 13 195
2 5 3 10 8 8 95
2 5 3 9 14 3 180
2 5 3 9 3 14 178
2 5 3 8 9 9 147
2 5 3 7 15 4 142
2 5 3 7 4 15 77
2 5 3 6 10 10 116
2 5 3 5 16 5 26
2 5 3 5 5 16 28
2 5 3 4 22 0 86
2 5 3 4 11 11 179
2 5 3 4 0 22 46
2 5 3 3 17 6 142
2 5 3 3 6 17 9
2 5 3 2 23 1 195
2 5 3 2 12 12 12
2 5 3 2 1 23 73
2 5 3 1 18 7 124
2 5 3 1 7 18 1
2 5 3 0 24 2 148
2 5 3 0 13 13 48
2 5 3 0 2 24 137
2 5 2 22 0 5 118
2 5 2 21 6 0 131
2 5 2 20 1 6 134
2 5 2 19 7 1 111
2 5 2 18 2 7 28
2 5 2 17 8 2 101
2 5 2 16 3 8 77
2 5 2 15 9 3 12
2 5 2 14 4 9 69
2 5 2 13 10 4 39
2 5 2 12 5 10 176
2 5 2 11 11 5 153
2 5 2 11 0 16 17
2 5 2 10 17 0 45
2 5 2 10 6 11 96
2 5 2 9 12 6 184
2 5 2 9 1 17 152
2 5 2 8 18 1 133
2 5 2 8 7 12 88
2 5 2 7 13 7 77
2 5 2 7 2 18 156
2 5 2 6 19 2 103
2 5 2 6 8 13 45
2 5 2 5 14 8 170
2 5 2 5 3 19 24
2 5 2 4 20 3 32
2 5 2 4 9 14 32
2 5 2 3 15 9 24
2 5 2 3 4 20 79
2 5 2 2 21 4 109
2 5 2 2 10 15 69
2 5 2 1 16 10 133
2 5 2 1 5 21 68
2 5 2 0 22 5 175
2 5 2 0 11 16 193
2 5 2 0 0 27 11
2 5 1 27 1 0 146
2 5 1 25 2 1 6
2 5 1 23 3 2 147
2 5 1 21 4 3 164
2 5 1 19 5 4 149
2 5 1 18 0 10 188
2 5 1 17 6 5 194
2 5 1 16 12 0 111
2 5 1 16 1 11 55
2 5 1 15 7 6 35
2 5 1 14 13 1 34
2 5 1 14 2 12 34
2 5 1 13 8 7 80
2 5 1 12 14 2 3
2 5 1 12 3 13 129
2 5 1 11 9 8 163
2 5 1 10 15 3 73
2 5 1 10 4 14 24
2 5 1 9 10 9 12
2 5 1 8 16 4 36
2 5 1 8 5 15 175
2 5 1 7 11 10 56
2 5 1 7 0 21 184
2 5 1 6 17 5 25
2 5 1 6 6 16 82
2 5 1 5 23 0 155
2 5 1 5 12 11 52
2 5 1 5 1 22 93
2 5 1 4 18 6 152
2 5 1 4 7 17 179
2 5 1 3 24 1 57
2 5 1 3 13 12 126
2 5 1 3 2 23 42
2 5 1 2 19 7 142
2 5 1 2 8 18 91
2 5 1 1 25 2 118
2 5 1 1 3 24 108
2 5 1 0 20 8 167
2 5 1 0 9 19 76
2 5 0 25 0 4 104
2 5 0 23 1 5 3
2 5 0 22 7 0 1
2 5 0 21 2 6 21
2 5 0 20 8 1 170
2 5 0 19 3 7 144
2 5 0 18 9 2 3
2 5 0 17 4 8 181
2 5 0 16 10 3 57
2 5 0 15 5 9 183
2 5 0 14 11 4 168
2 5 0 14 0 15 151
2 5 0 13 6 10 134
2 5 0 12 12 5 66
2 5 0 12 1 16 185
2 5 0 11 18 0 73
2 5 0 11 7 11 170
2 5 0 10 13 6 185
2 5 0 10 2 17 134
2 5 0 9 19 1 77
2 5 0 9 8 12 125
2 5 0 8 14 7 149
2 5 0 8 3 18 28
2 5 0 7 20 2 22
2 5 0 7 9 13 94
2 5 0 6 15 8 78
2 5 0 6 4 19 62
2 5 0 5 21 3 118
2 5 0 5 10 14 21
2 5 0 4 16 9 70
2 5 0 4 5 20 115
2 5 0 3 22 4 31
2 5 0 3 11 15 181
2 5 0 3 0 26 55
2 5 0 2 17 10 5
2 5 0 2 6 21 179
2 5 0 1 23 5 39
2 5 0 1 12 16 196
2 5 0 1 1 27 187
2 5 0 0 29 0 48
2 5 0 0 18 11 126
2 5 0 0 7 22 46
2 4 29 0 1 0 125
2 4 27 1 2 0 164
2 4 26 1 0 3 183
2 4 25 2 3 0 72
2 4 25 0 4 1 145
2 4 24 4 0 2 139
2 4 24 2 1 3 151
2 4 24 0 2 4 128
2 4 23 3 4 0 49
2 4 23 1 5 1 169
2 4 23 0 0 7 67
2 4 22 7 0 1 27
2 4 22 5 1 2 20
2 4 22 3 2 3 177
2 4 22 1 3 4 114
2 4 21 4 5 0 103
2 4 21 3 0 6 182
2 4 21 2 6 1 23
2 4 21 1 1 7 192
2 4 21 0 7 2 54
2 4 20 10 0 0 92
2 4 20 8 1 1 79
2 4 20 6 2 2 144
2 4 20 4 3 3 20
2 4 20 2 4 4 173
2 4 20 0 5 5 135
2 4 19 6 0 5 174
2 4 19 5 6 0 182
2 4 19 4 1 6 106
2 4 19 3 7 1 113
2 4 19 2 2 7 3
2 4 19 1 8 2 183
2 4 19 0 3 8 144
2 4 18 11 1 0 103
2 4 18 9 2 1 141
2 4 18 7 3 2 7
2 4 18 5 4 3 24
2 4 18 3 5 4 168
2 4 18 2 0 10 83
2 4 18 1 6 5 40
2 4 18 0 12 0 100
2 4 18 0 1 11 44
2 4 17 9 0 4 62
2 4 17 7 1 5 73
2 4 17 5 2 6 175
2 4 17 4 8 1 22
2 4 17 3 3 7 66
2 4 17 2 9 2 81
2 4 17 1 4 8 34
2 4 17 0 10 3 161
2 4 16 12 2 0 146
2 4 16 10 3 1 128
2 4 16 8 4 2 20
2 4 16 6 5 3 113
2 4 16 5 0 9 148
2 4 16 4 6 4 2
2 4 16 3 1 10 197
2 4 16 2 7 5 39
2 4 16 1 13 0 15
2 4 16 1 2 11 197
2 4 16 0 8 6 14
2 4 15 12 0 3 62
2 4 15 10 1 4 158
2 4 15 8 2 5 105
2 4 15 7 8 0 31
2 4 15 6 3 6 103
2 4 15 5 9 1 60
2 4 15 4 4 7 102
2 4 15 3 10 2 77
2 4 15 2 5 8 46
2 4 15 1 11 3 2
2 4 15 1 0 14 38
2 4 15 0 6 9 198
2 4 14 13 3 0 104
2 4 14 11 4 1 58
2 4 14 9 5 2 1
2 4 14 8 0 8 131
2 4 14 7 6 3 155
2 4 14 6 1 9 69
2 4 14 5 7 4 163
2 4 14 4 2 10 163
2 4 14 3 8 5 39
2 4 14 2 14 0 124
2 4 14 2 3 11 103
2 4 14 1 9 6 61
2 4 14 0 15 1 85
2 4 14 0 4 12 14
2 4 13 15 0 2 108
2 4 13 13 1 3 48
2 4 13 11 2 4 6
2 4 13 9 3 5 27
2 4 13 8 9 0 129
2 4 13 7 4 6 101
2 4 13 6 10 1 16
2 4 13 5 5 7 48
2 4 13 4 11 2 127
2 4 13 4 0 13 193
2 4 13 3 6 8 36
2 4 13 2 12 3 174
2 4 13 2 1 14 144
2 4 13 1 7 9 151
2 4 13 0 13 4 60
2 4 13 0 2 15 139
2 4 12 14 4 0 7
2 4 12 12 5 1 107
2 4 12 11 0 7 55
2 4 12 10 6 2 155
2 4 12 9 1 8 80
2 4 12 8 7 3 109
2 4 12 7 2 9 28
2 4 12 6 8 4 134
2 4 12 5 3 10 194
2 4 12 4 9 5 12
2 4 12 3 15 0 136
2 4 12 3 4 11 104
2 4 12 2 10 6 46
2 4 12 1 16 1 166
2 4 12 1 5 12 181
2 4 12 0 11 7 143
2 4 12 0 0 18 144
2 4 11 18 0 1 129
2 4 11 16 1 2 185
2 4 11 14 2 3 148
2 4 11 12 3 4 66
2 4 11 10 4 5 134
2 4 11 9 10 0 105
2 4 11 8 5 6 106
2 4 11 7 11 1 141
2 4 11 7 0 12 121
2 4 11 6 6 7 24
2 4 11 5 12 2 107
2 4 11 5 1 13 6
2 4 11 4 7 8 49
2 4 11 3 13 3 74
2 4 11 3 2 14 102
2 4 11 2 8 9 25
2 4 11 1 14 4 10
2 4 11 1 3 15 5
2 4 11 0 9 10 143
2 4 10 15 5 0 49
2 4 10 14 0 6 183
2 4 10 13 6 1 72
2 4 10 12 1 7 166
2 4 10 11 7 2 9
2 4 10 10 2 8 18
2 4 10 9 8 3 79
2 4 10 8 3 9 47
2 4 10 7 9 4 167
2 4 10 6 4 10 114
2 4 10 5 10 5 196
2 4 10 4 16 0 133
2 4 10 4 5 11 153
2 4 10 3 11 6 138
2 4 10 3 0 17 10
2 4 10 2 17 1 41
2 4 10 2 6 12 161
2 4 10 1 12 7 51
2 4 10 1 1 18 120
2 4 10 0 18 2 106
2 4 10 0 7 13 85
2 4 9 21 0 0 161
2 4 9 19 1 1 105
2 4 9 17 2 2 5
2 4 9 15 3 3 103
2 4 9 13 4 4 8
2 4 9 11 5 5 30
2 4 9 10 11 0 35
2 4 9 10 0 11 127
2 4 9 9 6 6 17
2 4 9 8 12 1 75
2 4 9 8 1 12 40
2 4 9 7 7 7 116
2 4 9 6 13 2 22
2 4 9 6 2 13 26
2 4 9 5 8 8 68
2 4 9 4 14 3 194
2 4 9 4 3 14 72
2 4 9 3 9 9 25
2 4 9 2 15 4 168
2 4 9 2 4 15 87
2 4 9 1 10 10 163
2 4 9 0 16 5 187
2 4 9 0 5 16 49
2 4 8 17 0 5 151
2 4 8 16 6 0 119
2 4 8 15 1 6 7
2 4 8 14 7 1 73
2 4 8 13 2 7 32
2 4 8 12 8 2 9
2 4 8 11 3 8 73
2 4 8 10 9 3 4
2 4 8 9 4 9 174
2 4 8 8 10 4 123
2 4 8 7 5 10 95
2 4 8 6 11 5 46
2 4 8 6 0 16 6
2 4 8 5 17 0 77
2 4 8 5 6 11 180
2 4 8 4 12 6 11
2 4 8 4 1 17 43
2 4 8 3 18 1 60
2 4 8 3 7 12 87
2 4 8 2 13 7 144
2 4 8 2 2 18 164
2 4 8 1 19 2 112
2 4 8 1 8 13 47
2 4 8 0 14 8 186
2 4 8 0 3 19 176
2 4 7 22 1 0 145
2 4 7 20 2 1 27
2 4 7 18 3 2 76
2 4 7 16 4 3 65
2 4 7 14 5 4 7
2 4 7 13 0 10 117
2 4 7 12 6 5 1
2 4 7 11 12 0 195
2 4 7 11 1 11 110
2 4 7 10 7 6 39
2 4 7 9 13 1 103
2 4 7 9 2 12 30
2 4 7 8 8 7 44
2 4 7 7 14 2 128
2 4 7 7 3 13 34
2 4 7 6 9 8 96
2 4 7 5 15 3 42
2 4 7 5 4 14 64
2 4 7 4 10 9 112
2 4 7 3 16 4 74
2 4 7 3 5 15 193
2 4 7 2 11 10 111
2 4 7 2 0 21 181
2 4 7 1 17 5 93
2 4 7 1 6 16 185
2 4 7 0 23 0 27
2 4 7 0 12 11 122
2 4 7 0 1 22 77
2 4 6 20 0 4 64
2 4 6 18 1 5 64
2 4 6 17 7 0 69
2 4 6 16 2 6 138
2 4 6 15 8 1 178
2 4 6 14 3 7 153
2 4 6 13 9 2 83
2 4 6 12 4 8 165
2 4 6 11 10 3 99
2 4 6 10 5 9 160
2 4 6 9 11 4 136
2 4 6 9 0 15 165
2 4 6 8 6 10 112
2 4 6 7 12 5 27
2 4 6 7 1 16 151
2 4 6 6 18 0 22
2 4 6 6 7 11 62
2 4 6 5 13 6 146
2 4 6 5 2 17 116
2 4 6 4 19 1 51
2 4 6 4 8 12 62
2 4 6 3 14 7 163
2 4 6 3 3 18 12
2 4 6 2 20 2 112
2 4 6 2 9 13 138
2 4 6 1 15 8 195
2 4 6 1 4 19 44
2 4 6 0 21 3 131
2 4 6 0 10 14 134
2 4 5 23 2 0 63
2 4 5 21 3 1 179
2 4 5 19 4 2 86
2 4 5 17 5 3 70
2 4 5 16 0 9 180
2 4 5 15 6 4 171
2 4 5 14 1 10 185
2 4 5 13 7 5 139
2 4 5 12 13 0 76
2 4 5 12 2 11 141
2 4 5 11 8 6 31
2 4 5 10 14 1 142
2 4 5 10 3 12 19
2 4 5 9 9 7 38
2 4 5 8 15 2 132
2 4 5 8 4 13 97
2 4 5 7 10 8 186
2 4 5 6 16 3 150
2 4 5 6 5 14 141
2 4 5 5 11 9 43
2 4 5 5 0 20 162
2 4 5 4 17 4 30
2 4 5 4 6 15 176
2 4 5 3 12 10 6
2 4 5 3 1 21 179
2 4 5 2 18 5 58
2 4 5 2 7 16 120
2 4 5 1 24 0 24
2 4 5 1 13 11 27
2 4 5 1 2 22 136
2 4 5 0 19 6 170
2 4 5 0 8 17 185
2 4 4 23 0 3 179
2 4 4 21 1 4 36
2 4 4 19 2 5 189
2 4 4 18 8 0 125
2 4 4 17 3 6 161
2 4 4 16 9 1 142
2 4 4 15 4 7 153
2 4 4 14 10 2 63
2 4 4 13 5 8 30
2 4 4 12 11 3 92
2 4 4 12 0 14 76
2 4 4 11 6 9 41
2 4 4 10 12 4 124
2 4 4 10 1 15 39
2 4 4 9 7 10 7
2 4 4 8 13 5 28
2 4 4 8 2 16 111
2 4 4 7 19 0 98
2 4 4 7 8 11 5
2 4 4 6 14 6 111
2 4 4 6 3 17 51
2 4 4 5 20 1 137
2 4 4 5 9 12 154
2 4 4 4 15 7 106
2 4 4 4 4 18 5
2 4 4 3 21 2 11
2 4 4 3 10 13 42
2 4 4 2 16 8 111
2 4 4 2 5 19 113
2 4 4 1 22 3 122
2 4 4 1 11 14 129
2 4 4 1 0 25 113
2 4 4 0 17 9 137
2 4 4 0 6 20 29
2 4 3 24 3 0 53
2 4 3 22 4 1 136
2 4 3 20 5 2 114
2 4 3 19 0 8 117
2 4 3 18 6 3 181
2 4 3 17 1 9 53
2 4 3 16 7 4 15
2 4 3 15 2 10 51
2 4 3 14 8 5 121
2 4 3 13 14 0 121
2 4 3 13 3 11 28
2 4 3 12 9 6 194
2 4 3 11 15 1 111
2 4 3 11 4 12 139
2 4 3 10 10 7 119
2 4 3 9 16 2 193
2 4 3 9 5 13 93
2 4 3 8 11 8 7
2 4 3 8 0 19 164
2 4 3 7 17 3 153
2 4 3 7 6 14 65
2 4 3 6 12 9 25
2 4 3 6 1 20 136
2 4 3 5 18 4 124
2 4 3 5 7 15 118
2 4 3 4 13 10 96
2 4 3 4 2 21 117
2 4 3 3 19 5 84
2 4 3 3 8 16 72
2 4 3 2 25 0 76
2 4 3 2 14 11 88
2 4 3 2 3 22 84
2 4 3 1 20 6 165
2 4 3 1 9 17 151
2 4 3 0 26 1 112
2 4 3 0 15 12 150
2 4 3 0 4 23 137
2 4 2 26 0 2 57
2 4 2 24 1 3 197
2 4 2 22 2 4 46
2 4 2 20 3 5 177
2 4 2 19 9 0 103
2 4 2 18 4 6 187
2 4 2 17 10 1 62
2 4 2 16 5 7 11
2 4 2 15 11 2 27
2 4 2 15 0 13 51
2 4 2 14 6 8 151
2 4 2 13 12 3 19
2 4 2 13 1 14 48
2 4 2 12 7 9 2
2 4 2 11 13 4 26
2 4 2 11 2 15 75
2 4 2 10 8 10 19
2 4 2 9 14 5 69
2 4 2 9 3 16 158
2 4 2 8 20 0 66
2 4 2 8 9 11 157
2 4 2 7 15 6 193
2 4 2 7 4 17 10
2 4 2 6 21 1 55
2 4 2 6 10 12 167
2 4 2 5 16 7 115
2 4 2 5 5 18 176
2 4 2 4 22 2 80
2 4 2 4 11 13 40
2 4 2 4 0 24 27
2 4 2 3 17 8 2
2 4 2 3 6 19 18
2 4 2 2 23 3 98
2 4 2 2 12 14 88
2 4 2 2 1 25 157
2 4 2 1 18 9 66
2 4 2 1 7 20 180
2 4 2 0 24 4 186
2 4 2 0 13 15 157
2 4 2 0 2 26 56
2 4 1 25 4 0 120
2 4 1 23 5 1 150
2 4 1 22 0 7 59
2 4 1 21 6 2 140
2 4 1 20 1 8 19
2 4 1 19 7 3 54
2 4 1 18 2 9 119
2 4 1 17 8 4 195
2 4 1 16 3 10 144
2 4 1 15 9 5 110
2 4 1 14 15 0 63
2 4 1 14 4 11 60
2 4 1 13 10 6 150
2 4 1 12 16 1 188
2 4 1 12 5 12 75
2 4 1 11 11 7 79
2 4 1 11 0 18 25
2 4 1 10 17 2 148
2 4 1 10 6 13 32
2 4 1 9 12 8 48
2 4 1 9 1 19 127
2 4 1 8 18 3 142
2 4 1 8 7 14 7
2 4 1 7 13 9 92
2 4 1 7 2 20 13
2 4 1 6 19 4 173
2 4 1 6 8 15 192
2 4 1 5 14 10 173
2 4 1 5 3 21 84
2 4 1 4 20 5 48
2 4 1 4 9 16 90
2 4 1 3 26 0 196
2 4 1 3 15 11 40
2 4 1 3 4 22 180
2 4 1 2 21 6 88
2 4 1 2 10 17 159
2 4 1 1 27 1 188
2 4 1 1 16 12 161
2 4 1 1 5 23 99
2 4 1 0 22 7 75
2 4 1 0 11 18 45
2 4 1 0 0 29 60
2 4 0 29 0 1 129
2 4 0 27 1 2 177
2 4 0 25 2 3 58
2 4 0 23 3 4 105
2 4 0 21 4 5 8
2 4 0 20 10 0 29
2 4 0 19 5 6 130
2 4 0 18 0 12 111
2 4 0 17 6 7 12
2 4 0 16 12 2 75
2 4 0 16 1 13 19
2 4 0 15 7 8 46
2 4 0 14 13 3 135
2 4 0 14 2 14 41
2 4 0 13 8 9 91
2 4 0 12 14 4 186
2 4 0 12 3 15 43
2 4 0 11 9 10 25
2 4 0 10 15 5 189
2 4 0 10 4 16 111
2 4 0 9 21 0 30
2 4 0 9 10 11 169
2 4 0 8 16 6 76
2 4 0 8 5 17 77
2 4 0 7 22 1 85
2 4 0 7 11 12 60
2 4 0 7 0 23 170
2 4 0 6 17 7 109
2 4 0 6 6 18 5
2 4 0 5 23 2 10
2 4 0 5 12 13 135
2 4 0 5 1 24 85
2 4 0 4 18 8 181
2 4 0 4 7 19 78
2 4 0 3 24 3 36
2 4 0 3 13 14 127
2 4 0 3 2 25 122
2 4 0 2 19 9 124
2 4 0 2 8 20 2
2 4 0 1 25 4 181
2 4 0 1 14 15 137
2 4 0 1 3 26 118
2 4 0 0 20 10 77
2 4 0 0 9 21 49
2 3 28 2 0 1 38
2 3 28 0 1 2 158
2 3 26 5 0 0 37
2 3 26 3 1 1 23
2 3 26 1 2 2 82
2 3 25 1 0 5 78
2 3 25 0 6 0 28
2 3 24 6 1 0 120
2 3 24 4 2 1 84
2 3 24 2 3 2 46
2 3 24 0 4 3 124
2 3 23 4 0 4 194
2 3 23 2 1 5 167
2 3 23 1 7 0 95
2 3 23 0 2 6 118
2 3 22 7 2 0 67
2 3 22 5 3 1 59
2 3 22 3 4 2 31
2 3 22 1 5 3 80
2 3 22 0 0 9 149
2 3 21 7 0 3 112
2 3 21 5 1 4 195
2 3 21 3 2 5 168
2 3 21 2 8 0 49
2 3 21 1 3 6 147
2 3 21 0 9 1 4
2 3 20 8 3 0 86
2 3 20 6 4 1 171
2 3 20 4 5 2 102
2 3 20 3 0 8 45
2 3 20 2 6 3 34
2 3 20 1 1 9 178
2 3 20 0 7 4 36
2 3 19 10 0 2 175
2 3 19 8 1 3 18
2 3 19 6 2 4 51
2 3 19 4 3 5 25
2 3 19 3 9 0 81
2 3 19 2 4 6 12
2 3 19 1 10 1 17
2 3 19 0 5 7 121
2 3 18 9 4 0 50
2 3 18 7 5 1 115
2 3 18 6 0 7 55
2 3 18 5 6 2 190
2 3 18 4 1 8 93
2 3 18 3 7 3 84
2 3 18 2 2 9 41
2 3 18 1 8 4 4
2 3 18 0 3 10 20
2 3 17 13 0 1 45
2 3 17 11 1 2 153
2 3 17 9 2 3 129
2 3 17 7 3 4 164
2 3 17 5 4 5 181
2 3 17 4 10 0 18
2 3 17 3 5 6 129
2 3 17 2 11 1 180
2 3 17 2 0 12 72
2 3 17 1 6 7 99
2 3 17 0 12 2 194
2 3 17 0 1 13 5
2 3 16 10 5 0 4
2 3 16 9 0 6 136
2 3 16 8 6 1 193
2 3 16 7 1 7 81
2 3 16 6 7 2 190
2 3 16 5 2 8 67
2 3 16 4 8 3 75
2 3 16 3 3 9 74
2 3 16 2 9 4 85
2 3 16 1 4 10 17
2 3 16 0 10 5 155
2 3 15 16 0 0 102
2 3 15 14 1 1 194
2 3 15 12 2 2 67
2 3 15 10 3 3 149
2 3 15 8 4 4 184
2 3 15 6 5 5 34
2 3 15 5 11 0 98
2 3 15 5 0 11 81
2 3 15 4 6 6 68
2 3 15 3 12 1 99
2 3 15 3 1 12 96
2 3 15 2 7 7 44
2 3 15 1 13 2 147
2 3 15 1 2 13 88
2 3 15 0 8 8 156
2 3 14 12 0 5 131
2 3 14 11 6 0 148
2 3 14 10 1 6 139
2 3 14 9 7 1 32
2 3 14 8 2 7 60
2 3 14 7 8 2 23
2 3 14 6 3 8 147
2 3 14 5 9 3 91
2 3 14 4 4 9 192
2 3 14 3 10 4 25
2 3 14 2 5 10 98
2 3 14 1 11 5 145
2 3 14 1 0 16 196
2 3 14 0 17 0 181
2 3 14 0 6 11 88
2 3 13 17 1 0 144
2 3 13 15 2 1 11
2 3 13 13 3 2 77
2 3 13 11 4 3 49
2 3 13 9 5 4 186
2 3 13 8 0 10 155
2 3 13 7 6 5 59
2 3 13 6 12 0 52
2 3 13 6 1 11 52
2 3 13 5 7 6 44
2 3 13 4 13 1 142
2 3 13 4 2 12 122
2 3 13 3 8 7 143
2 3 13 2 14 2 162
2 3 13 2 3 13 118
2 3 13 1 9 8 198
2 3 13 0 15 3 168
2 3 13 0 4 14 95
2 3 12 15 0 4 173
2 3 12 13 1 5 20
2 3 12 12 7 0 56
2 3 12 11 2 6 19
2 3 12 10 8 1 40
2 3 12 9 3 7 108
2 3 12 8 9 2 160
2 3 12 7 4 8 27
2 3 12 6 10 3 26
2 3 12 5 5 9 121
2 3 12 4 11 4 153
2 3 12 4 0 15 28
2 3 12 3 6 10 17
2 3 12 2 12 5 59
2 3 12 2 1 16 141
2 3 12 1 18 0 119
2 3 12 1 7 11 159
2 3 12 0 13 6 71
2 3 12 0 2 17 69
2 3 11 18 2 0 25
2 3 11 16 3 1 174
2 3 11 14 4 2 98
2 3 11 12 5 3 12
2 3 11 11 0 9 172
2 3 11 10 6 4 78
2 3 11 9 1 10 198
2 3 11 8 7 5 176
2 3 11 7 13 0 23
2 3 11 7 2 11 171
2 3 11 6 8 6 44
2 3 11 5 14 1 82
2 3 11 5 3 12 92
2 3 11 4 9 7 106
2 3 11 3 15 2 76
2 3 11 3 4 13 180
2 3 11 2 10 8 48
2 3 11 1 16 3 58
2 3 11 1 5 14 51
2 3 11 0 11 9 50
2 3 11 0 0 20 126
2 3 10 18 0 3 183
2 3 10 16 1 4 54
2 3 10 14 2 5 87
2 3 10 13 8 0 151
2 3 10 12 3 6 99
2 3 10 11 9 1 142
2 3 10 10 4 7 146
2 3 10 9 10 2 65
2 3 10 8 5 8 166
2 3 10 7 11 3 61
2 3 10 7 0 14 132
2 3 10 6 6 9 23
2 3 10 5 12 4 141
2 3 10 5 1 15 2
2 3 10 4 7 10 108
2 3 10 3 13 5 68
2 3 10 3 2 16 189
2 3 10 2 19 0 119
2 3 10 2 8 11 184
2 3 10 1 14 6 128
2 3 10 1 3 17 98
2 3 10 0 20 1 52
2 3 10 0 9 12 94
2 3 9 19 3 0 40
2 3 9 17 4 1 72
2 3 9 15 5 2 105
2 3 9 14 0 8 19
2 3 9 13 6 3 102
2 3 9 12 1 9 59
2 3 9 11 7 4 132
2 3 9 10 2 10 194
2 3 9 9 8 5 172
2 3 9 8 14 0 136
2 3 9 8 3 11 105
2 3 9 7 9 6 140
2 3 9 6 15 1 195
2 3 9 6 4 12 122
2 3 9 5 10 7 36
2 3 9 4 16 2 52
2 3 9 4 5 13 88
2 3 9 3 11 8 179
2 3 9 3 0 19 61
2 3 9 2 17 3 106
2 3 9 2 6 14 87
2 3 9 1 12 9 194
2 3 9 1 1 20 68
2 3 9 0 18 4 41
2 3 9 0 7 15 163
2 3 8 21 0 2 67
2 3 8 19 1 3 81
2 3 8 15 3 5 178
2 3 8 14 9 0 107
2 3 8 13 4 6 174
2 3 8 12 10 1 154
2 3 8 11 5 7 178
2 3 8 10 11 2 92
2 3 8 10 0 13 185
2 3 8 9 6 8 105
2 3 8 8 12 3 103
2 3 8 8 1 14 95
2 3 8 7 7 9 47
2 3 8 6 13 4 10
2 3 8 6 2 15 159
2 3 8 5 8 10 178
2 3 8 4 14 5 166
2 3 8 4 3 16 68
2 3 8 3 20 0 62
2 3 8 3 9 11 115
2 3 8 2 15 6 46
2 3 8 2 4 17 1
2 3 8 1 21 1 40
2 3 8 1 10 12 158
2 3 8 0 16 7 7
2 3 8 0 5 18 136
2 3 7 20 4 0 118
2 3 7 18 5 1 182
2 3 7 17 0 7 113
2 3 7 16 6 2 17
2 3 7 15 1 8 107
2 3 7 14 7 3 82
2 3 7 13 2 9 188
2 3 7 12 8 4 198
2 3 7 11 3 10 161
2 3 7 10 9 5 65
2 3 7 9 15 0 8
2 3 7 9 4 11 96
2 3 7 8 10 6 14
2 3 7 7 16 1 76
2 3 7 7 5 12 170
2 3 7 6 11 7 161
2 3 7 6 0 18 93
2 3 7 5 17 2 54
2 3 7 5 6 13 159
2 3 7 4 12 8 108
2 3 7 4 1 19 164
2 3 7 3 18 3 124
2 3 7 3 7 14 15
2 3 7 2 13 9 83
2 3 7 2 2 20 140
2 3 7 1 19 4 114
2 3 7 1 8 15 11
2 3 7 0 14 10 153
2 3 7 0 3 21 50
2 3 6 24 0 1 167
2 3 6 22 1 2 108
2 3 6 20 2 3 65
2 3 6 18 3 4 43
2 3 6 16 4 5 123
2 3 6 15 10 0 4
2 3 6 14 5 6 139
2 3 6 13 11 1 86
2 3 6 13 0 12 2
2 3 6 12 6 7 12
2 3 6 11 12 2 150
2 3 6 11 1 13 31
2 3 6 10 7 8 96
2 3 6 9 13 3 5
2 3 6 9 2 14 118
2 3 6 8 8 9 131
2 3 6 7 14 4 44
2 3 6 7 3 15 49
2 3 6 6 9 10 90
2 3 6 5 15 5 6
2 3 6 5 4 16 15
2 3 6 4 21 0 8
2 3 6 4 10 11 120
2 3 6 3 16 6 120
2 3 6 3 5 17 162
2 3 6 2 22 1 41
2 3 6 2 11 12 147
2 3 6 2 0 23 96
2 3 6 1 17 7 55
2 3 6 1 6 18 115
2 3 6 0 23 2 21
2 3 6 0 12 13 156
2 3 6 0 1 24 29
2 3 5 21 5 0 118
2 3 5 19 6 1 26
2 3 5 18 1 7 83
2 3 5 17 7 2 33
2 3 5 16 2 8 117
2 3 5 15 8 3 40
2 3 5 14 3 9 5
2 3 5 13 9 4 116
2 3 5 12 4 10 73
2 3 5 11 10 5 109
2 3 5 10 16 0 196
2 3 5 10 5 11 131
2 3 5 9 11 6 86
2 3 5 9 0 17 111
2 3 5 8 17 1 154
2 3 5 8 6 12 180
2 3 5 7 12 7 155
2 3 5 7 1 18 196
2 3 5 6 18 2 146
2 3 5 6 7 13 166
2 3 5 5 13 8 92
2 3 5 5 2 19 40
2 3 5 4 19 3 4
2 3 5 4 8 14 114
2 3 5 3 14 9 48
2 3 5 3 3 20 58
2 3 5 2 20 4 139
2 3 5 2 9 15 64
2 3 5 1 4 21 74
2 3 5 0 21 5 14
2 3 5 0 10 16 172
2 3 4 27 0 0 24
2 3 4 25 1 1 167
2 3 4 23 2 2 46
2 3 4 21 3 3 151
2 3 4 19 4 4 28
2 3 4 17 5 5 97
2 3 4 16 11 0 142
2 3 4 16 0 11 53
2 3 4 15 6 6 77
2 3 4 14 12 1 51
2 3 4 14 1 12 76
2 3 4 13 7 7 184
2 3 4 12 13 2 47
2 3 4 12 2 13 112
2 3 4 11 8 8 82
2 3 4 10 14 3 27
2 3 4 10 3 14 144
2 3 4 9 9 9 185
2 3 4 8 15 4 110
2 3 4 8 4 15 76
2 3 4 7 10 10 144
2 3 4 6 16 5 172
2 3 4 6 5 16 118
2 3 4 5 22 0 116
2 3 4 5 11 11 97
2 3 4 5 0 22 48
2 3 4 4 17 6 14
2 3 4 4 6 17 196
2 3 4 3 23 1 184
2 3 4 3 12 12 57
2 3 4 3 1 23 129
2 3 4 2 18 7 118
2 3 4 2 7 18 40
2 3 4 1 24 2 28
2 3 4 1 13 13 40
2 3 4 1 2 24 154
2 3 4 0 19 8 146
2 3 4 0 8 19 145
2 3 3 23 0 5 36
2 3 3 22 6 0 190
2 3 3 21 1 6 120
2 3 3 20 7 1 141
2 3 3 19 2 7 2
2 3 3 18 8 2 12
2 3 3 17 3 8 121
2 3 3 16 9 3 126
2 3 3 15 4 9 17
2 3 3 14 10 4 39
2 3 3 13 5 10 43
2 3 3 12 11 5 32
2 3 3 12 0 16 96
2 3 3 11 17 0 31
2 3 3 11 6 11 5
2 3 3 10 12 6 112
2 3 3 10 1 17 124
2 3 3 9 18 1 1
2 3 3 9 7 12 99
2 3 3 8 13 7 140
2 3 3 8 2 18 194
2 3 3 7 19 2 51
2 3 3 7 8 13 172
2 3 3 6 14 8 128
2 3 3 6 3 19 25
2 3 3 5 20 3 12
2 3 3 5 9 14 170
2 3 3 4 15 9 45
2 3 3 4 4 20 145
2 3 3 3 21 4 104
2 3 3 3 10 15 18
2 3 3 2 16 10 102
2 3 3 2 5 21 75
2 3 3 1 22 5 110
2 3 3 1 11 16 37
2 3 3 1 0 27 122
2 3 3 0 28 0 82
2 3 3 0 17 11 127
2 3 3 0 6 22 23
2 3 2 28 1 0 143
2 3 2 26 2 1 3
2 3 2 24 3 2 126
2 3 2 22 4 3 44
2 3 2 20 5 4 161
2 3 2 19 0 10 187
2 3 2 18 6 5 158
2 3 2 17 12 0 21
2 3 2 17 1 11 76
2 3 2 16 7 6 129
2 3 2 15 13 1 24
2 3 2 15 2 12 73
2 3 2 14 8 7 67
2 3 2 13 14 2 131
2 3 2 13 3 13 158
2 3 2 12 9 8 134
2 3 2 11 15 3 41
2 3 2 11 4 14 88
2 3 2 10 10 9 115
2 3 2 9 16 4 177
2 3 2 9 5 15 163
2 3 2 8 11 10 139
2 3 2 8 0 21 30
2 3 2 7 17 5 121
2 3 2 7 6 16 83
2 3 2 6 23 0 53
2 3 2 6 12 11 139
2 3 2 6 1 22 40
2 3 2 5 18 6 97
2 3 2 5 7 17 28
2 3 2 4 24 1 130
2 3 2 4 13 12 163
2 3 2 3 19 7 40
2 3 2 2 25 2 24
2 3 2 2 14 13 132
2 3 2 2 3 24 100
2 3 2 1 20 8 115
2 3 2 1 9 19 162
2 3 2 0 26 3 35
2 3 2 0 15 14 45
2 3 2 0 4 25 141
2 3 1 26 0 4 21
2 3 1 24 1 5 188
2 3 1 23 7 0 76
2 3 1 22 2 6 59
2 3 1 21 8 1 196
2 3 1 20 3 7 87
2 3 1 19 9 2 64
2 3 1 18 4 8 31
2 3 1 17 10 3 139
2 3 1 16 5 9 151
2 3 1 15 11 4 54
2 3 1 15 0 15 68
2 3 1 14 6 10 191
2 3 1 13 12 5 4
2 3 1 13 1 16 115
2 3 1 12 18 0 74
2 3 1 12 7 11 76
2 3 1 11 13 6 132
2 3 1 11 2 17 166
2 3 1 10 19 1 179
2 3 1 10 8 12 103
2 3 1 9 14 7 16
2 3 1 9 3 18 158
2 3 1 8 20 2 171
2 3 1 8 9 13 156
2 3 1 7 15 8 195
2 3 1 7 4 19 164
2 3 1 6 21 3 194
2 3 1 6 10 14 89
2 3 1 5 16 9 160
2 3 1 5 5 20 41
2 3 1 4 22 4 193
2 3 1 4 11 15 67
2 3 1 4 0 26 44
2 3 1 3 17 10 25
2 3 1 3 6 21 79
2 3 1 2 23 5 177
2 3 1 2 12 16 53
2 3 1 2 1 27 165
2 3 1 1 29 0 32
2 3 1 1 18 11 167
2 3 1 1 7 22 40
2 3 1 0 24 6 9
2 3 1 0 13 17 59
2 3 1 0 2 28 116
2 3 0 29 2 0 123
2 3 0 27 3 1 70
2 3 0 25 4 2 172
2 3 0 23 5 3 42
2 3 0 22 0 9 77
2 3 0 21 6 4 110
2 3 0 20 1 10 57
2 3 0 19 7 5 121
2 3 0 18 13 0 140
2 3 0 18 2 11 131
2 3 0 17 8 6 83
2 3 0 16 14 1 119
2 3 0 16 3 12 140
2 3 0 15 9 7 34
2 3 0 14 15 2 58
2 3 0 14 4 13 184
2 3 0 13 10 8 168
2 3 0 12 16 3 128
2 3 0 12 5 14 120
2 3 0 11 11 9 132
2 3 0 11 0 20 163
2 3 0 10 17 4 143
2 3 0 10 6 15 20
2 3 0 9 12 10 91
2 3 0 9 1 21 42
2 3 0 8 18 5 70
2 3 0 8 7 16 6
2 3 0 7 24 0 197
2 3 0 7 13 11 107
2 3 0 7 2 22 175
2 3 0 6 19 6 160
2 3 0 6 8 17 55
2 3 0 5 25 1 194
2 3 0 5 14 12 28
2 3 0 5 3 23 30
2 3 0 4 20 7 130
2 3 0 4 9 18 167
2 3 0 3 26 2 27
2 3 0 3 15 13 179
2 3 0 3 4 24 195
2 3 0 2 21 8 76
2 3 0 2 10 19 126
2 3 0 1 27 3 14
2 3 0 1 16 14 191
2 3 0 1 5 25 102
2 3 0 0 22 9 65
2 3 0 0 11 20 159
2 2 30 1 1 0 132
2 2 28 2 2 0 191
2 2 28 0 3 1 107
2 2 27 2 0 3 105
2 2 27 0 1 4 121
2 2 26 3 3 0 3
2 2 26 1 4 1 144
2 2 25 5 0 2 159
2 2 25 3 1 3 137
2 2 25 1 2 4 68
2 2 24 4 4 0 1
2 2 24 2 5 1 34
2 2 24 1 0 7 122
2 2 24 0 6 2 67
2 2 23 8 0 1 151
2 2 23 6 1 2 153
2 2 23 4 2 3 12
2 2 23 2 3 4 123
2 2 23 0 4 5 34
2 2 22 5 5 0 25
2 2 22 4 0 6 32
2 2 22 3 6 1 31
2 2 22 2 1 7 129
2 2 22 1 7 2 171
2 2 22 0 2 8 5
2 2 21 11 0 0 153
2 2 21 9 1 1 71
2 2 21 7 2 2 77
2 2 21 5 3 3 186
2 2 21 3 4 4 159
2 2 21 1 5 5 36
2 2 21 0 11 0 100
2 2 21 0 0 11 127
2 2 20 7 0 5 79
2 2 20 6 6 0 7
2 2 20 5 1 6 190
2 2 20 4 7 1 15
2 2 20 3 2 7 114
2 2 20 2 8 2 42
2 2 20 1 3 8 64
2 2 20 0 9 3 51
2 2 19 12 1 0 33
2 2 19 10 2 1 190
2 2 19 8 3 2 123
2 2 19 6 4 3 141
2 2 19 4 5 4 123
2 2 19 3 0 10 35
2 2 19 2 6 5 12
2 2 19 1 12 0 127
2 2 19 1 1 11 129
2 2 19 0 7 6 182
2 2 18 10 0 4 79
2 2 18 8 1 5 100
2 2 18 7 7 0 123
2 2 18 6 2 6 115
2 2 18 5 8 1 174
2 2 18 4 3 7 61
2 2 18 3 9 2 62
2 2 18 2 4 8 138
2 2 18 1 10 3 134
2 2 18 0 5 9 169
2 2 17 11 3 1 78
2 2 17 9 4 2 167
2 2 17 7 5 3 54
2 2 17 6 0 9 8
2 2 17 5 6 4 15
2 2 17 4 1 10 71
2 2 17 3 7 5 135
2 2 17 2 13 0 27
2 2 17 2 2 11 76
2 2 17 1 8 6 67
2 2 17 0 14 1 49
2 2 17 0 3 12 27
2 2 16 13 0 3 119
2 2 16 11 1 4 184
2 2 16 9 2 5 189
2 2 16 8 8 0 78
2 2 16 7 3 6 135
2 2 16 6 9 1 168
2 2 16 5 4 7 12
2 2 16 4 10 2 34
2 2 16 3 5 8 187
2 2 16 2 11 3 83
2 2 16 2 0 14 115
2 2 16 1 6 9 82
2 2 16 0 12 4 120
2 2 16 0 1 15 183
2 2 15 14 3 0 36
2 2 15 12 4 1 76
2 2 15 10 5 2 43
2 2 15 9 0 8 163
2 2 15 8 6 3 30
2 2 15 7 1 9 188
2 2 15 6 7 4 139
2 2 15 5 2 10 22
2 2 15 4 8 5 191
2 2 15 3 14 0 124
2 2 15 3 3 11 109
2 2 15 2 9 6 180
2 2 15 1 15 1 115
2 2 15 1 4 12 28
2 2 15 0 10 7 142
2 2 14 16 0 2 105
2 2 14 14 1 3 82
2 2 14 12 2 4 43
2 2 14 10 3 5 169
2 2 14 9 9 0 32
2 2 14 8 4 6 105
2 2 14 7 10 1 47
2 2 14 6 5 7 135
2 2 14 5 11 2 162
2 2 14 5 0 13 193
2 2 14 4 6 8 182
2 2 14 3 12 3 42
2 2 14 3 1 14 43
2 2 14 2 7 9 192
2 2 14 1 13 4 168
2 2 14 1 2 15 109
2 2 14 0 8 10 26
2 2 13 15 4 0 186
2 2 13 13 5 1 71
2 2 13 12 0 7 17
2 2 13 11 6 2 58
2 2 13 10 1 8 63
2 2 13 9 7 3 28
2 2 13 8 2 9 132
2 2 13 7 8 4 125
2 2 13 6 3 10 68
2 2 13 5 9 5 142
2 2 13 4 15 0 31
2 2 13 4 4 11 88
2 2 13 3 10 6 156
2 2 13 2 16 1 30
2 2 13 2 5 12 196
2 2 13 1 11 7 110
2 2 13 1 0 18 5
2 2 13 0 17 2 12
2 2 13 0 6 13 47
2 2 12 19 0 1 6
2 2 12 17 1 2 16
2 2 12 15 2 3 15
2 2 12 13 3 4 11
2 2 12 11 4 5 5
2 2 12 10 10 0 78
2 2 12 9 5 6 49
2 2 12 8 11 1 156
2 2 12 8 0 12 154
2 2 12 7 6 7 20
2 2 12 6 12 2 191
2 2 12 6 1 13 156
2 2 12 5 7 8 10
2 2 12 4 13 3 100
2 2 12 4 2 14 180
2 2 12 3 8 9 152
2 2 12 2 14 4 102
2 2 12 2 3 15 30
2 2 12 1 9 10 76
2 2 12 0 15 5 50
2 2 12 0 4 16 82
2 2 11 16 5 0 55
2 2 11 15 0 6 171
2 2 11 14 6 1 47
2 2 11 13 1 7 97
2 2 11 12 7 2 175
2 2 11 11 2 8 115
2 2 11 10 8 3 36
2 2 11 9 3 9 26
2 2 11 8 9 4 91
2 2 11 7 4 10 154
2 2 11 6 10 5 104
2 2 11 5 16 0 100
2 2 11 5 5 11 108
2 2 11 4 11 6 194
2 2 11 4 0 17 27
2 2 11 3 17 1 197
2 2 11 3 6 12 47
2 2 11 2 12 7 107
2 2 11 2 1 18 56
2 2 11 1 18 2 161
2 2 11 1 7 13 105
2 2 11 0 13 8 33
2 2 11 0 2 19 130
2 2 10 22 0 0 67
2 2 10 20 1 1 21
2 2 10 18 2 2 95
2 2 10 16 3 3 100
2 2 10 14 4 4 44
2 2 10 12 5 5 54
2 2 10 11 11 0 140
2 2 10 11 0 11 84
2 2 10 10 6 6 61
2 2 10 9 12 1 29
2 2 10 9 1 12 70
2 2 10 8 7 7 94
2 2 10 7 13 2 174
2 2 10 7 2 13 100
2 2 10 6 8 8 65
2 2 10 5 14 3 145
2 2 10 5 3 14 101
2 2 10 4 9 9 173
2 2 10 3 15 4 103
2 2 10 3 4 15 191
2 2 10 2 10 10 33
2 2 10 1 16 5 51
2 2 10 1 5 16 5
2 2 10 0 22 0 46
2 2 10 0 11 11 66
2 2 10 0 0 22 86
2 2 9 18 0 5 111
2 2 9 17 6 0 185
2 2 9 16 1 6 36
2 2 9 15 7 1 155
2 2 9 14 2 7 42
2 2 9 13 8 2 115
2 2 9 12 3 8 7
2 2 9 11 9 3 79
2 2 9 10 4 9 56
2 2 9 9 10 4 111
2 2 9 8 5 10 157
2 2 9 7 11 5 192
2 2 9 7 0 16 121
2 2 9 6 17 0 150
2 2 9 6 6 11 113
2 2 9 5 12 6 164
2 2 9 5 1 17 34
2 2 9 4 18 1 180
2 2 9 4 7 12 174
2 2 9 3 13 7 43
2 2 9 3 2 18 61
2 2 9 2 19 2 174
2 2 9 2 8 13 81
2 2 9 1 14 8 183
2 2 9 1 3 19 43
2 2 9 0 20 3 55
2 2 9 0 9 14 97
2 2 8 23 1 0 164
2 2 8 21 2 1 60
2 2 8 19 3 2 175
2 2 8 17 4 3 169
2 2 8 15 5 4 176
2 2 8 14 0 10 167
2 2 8 13 6 5 123
2 2 8 12 12 0 50
2 2 8 12 1 11 53
2 2 8 11 7 6 88
2 2 8 10 13 1 172
2 2 8 10 2 12 91
2 2 8 9 8 7 39
2 2 8 8 14 2 25
2 2 8 8 3 13 195
2 2 8 7 9 8 94
2 2 8 6 15 3 107
2 2 8 6 4 14 120
2 2 8 5 10 9 190
2 2 8 4 16 4 54
2 2 8 4 5 15 49
2 2 8 3 11 10 71
2 2 8 3 0 21 91
2 2 8 2 17 5 114
2 2 8 2 6 16 78
2 2 8 1 23 0 78
2 2 8 1 12 11 169
2 2 8 1 1 22 107
2 2 8 0 18 6 89
2 2 8 0 7 17 114
2 2 7 21 0 4 42
2 2 7 19 1 5 67
2 2 7 18 7 0 125
2 2 7 17 2 6 110
2 2 7 16 8 1 185
2 2 7 15 3 7 142
2 2 7 14 9 2 71
2 2 7 13 4 8 108
2 2 7 12 10 3 2
2 2 7 11 5 9 195
2 2 7 10 11 4 178
2 2 7 10 0 15 22
2 2 7 9 6 10 24
2 2 7 8 12 5 117
2 2 7 8 1 16 30
2 2 7 7 18 0 16
2 2 7 7 7 11 21
2 2 7 6 13 6 70
2 2 7 6 2 17 181
2 2 7 5 19 1 169
2 2 7 5 8 12 170
2 2 7 4 14 7 158
2 2 7 4 3 18 168
2 2 7 3 20 2 166
2 2 7 3 9 13 114
2 2 7 2 15 8 181
2 2 7 2 4 19 23
2 2 7 1 21 3 54
2 2 7 1 10 14 149
2 2 7 0 16 9 157
2 2 7 0 5 20 56
2 2 6 24 2 0 127
2 2 6 22 3 1 89
2 2 6 20 4 2 154
2 2 6 18 5 3 73
2 2 6 17 0 9 124
2 2 6 16 6 4 13
2 2 6 15 1 10 143
2 2 6 14 7 5 147
2 2 6 13 13 0 190
2 2 6 13 2 11 141
2 2 6 12 8 6 36
2 2 6 11 14 1 93
2 2 6 11 3 12 141
2 2 6 10 9 7 9
2 2 6 9 15 2 119
2 2 6 9 4 13 28
2 2 6 8 10 8 175
2 2 6 7 16 3 83
2 2 6 7 5 14 196
2 2 6 6 11 9 54
2 2 6 6 0 20 100
2 2 6 5 17 4 76
2 2 6 5 6 15 4
2 2 6 4 12 10 76
2 2 6 4 1 21 197
2 2 6 3 18 5 164
2 2 6 3 7 16 141
2 2 6 2 24 0 174
2 2 6 2 13 11 60
2 2 6 2 2 22 69
2 2 6 1 19 6 92
2 2 6 1 8 17 55
2 2 6 0 25 1 13
2 2 6 0 14 12 115
2 2 6 0 3 23 74
2 2 5 24 0 3 187
2 2 5 22 1 4 20
2 2 5 20 2 5 100
2 2 5 19 8 0 43
2 2 5 18 3 6 8
2 2 5 17 9 1 61
2 2 5 16 4 7 139
2 2 5 15 10 2 54
2 2 5 14 5 8 197
2 2 5 13 11 3 150
2 2 5 13 0 14 184
2 2 5 12 6 9 65
2 2 5 11 12 4 135
2 2 5 11 1 15 165
2 2 5 10 7 10 173
2 2 5 9 13 5 102
2 2 5 9 2 16 27
2 2 5 8 19 0 156
2 2 5 8 8 11 178
2 2 5 7 14 6 188
2 2 5 7 3 17 4
2 2 5 6 20 1 185
2 2 5 6 9 12 59
2 2 5 5 15 7 9
2 2 5 5 4 18 94
2 2 5 4 21 2 132
2 2 5 4 10 13 196
2 2 5 3 16 8 128
2 2 5 3 5 19 183
2 2 5 2 22 3 75
2 2 5 2 11 14 37
2 2 5 2 0 25 141
2 2 5 1 17 9 167
2 2 5 1 6 20 169
2 2 5 0 23 4 136
2 2 5 0 12 15 166
2 2 5 0 1 26 9
2 2 4 25 3 0 57
2 2 4 23 4 1 173
2 2 4 21 5 2 59
2 2 4 20 0 8 114
2 2 4 19 6 3 145
2 2 4 18 1 9 58
2 2 4 17 7 4 143
2 2 4 16 2 10 108
2 2 4 15 8 5 120
2 2 4 14 14 0 125
2 2 4 14 3 11 149
2 2 4 13 9 6 192
2 2 4 12 15 1 187
2 2 4 12 4 12 96
2 2 4 11 10 7 32
2 2 4 10 16 2 95
2 2 4 10 5 13 20
2 2 4 9 11 8 18
2 2 4 9 0 19 184
2 2 4 8 17 3 2
2 2 4 8 6 14 169
2 2 4 7 12 9 184
2 2 4 7 1 20 140
2 2 4 6 18 4 152
2 2 4 6 7 15 178
2 2 4 5 13 10 42
2 2 4 5 2 21 166
2 2 4 4 19 5 43
2 2 4 4 8 16 77
2 2 4 3 25 0 67
2 2 4 3 14 11 85
2 2 4 3 3 22 161
2 2 4 2 20 6 72
2 2 4 2 9 17 83
2 2 4 1 26 1 43
2 2 4 1 15 12 63
2 2 4 1 4 23 169
2 2 4 0 21 7 137
2 2 4 0 10 18 143
2 2 3 27 0 2 129
2 2 3 25 1 3 75
2 2 3 23 2 4 125
2 2 3 21 3 5 193
2 2 3 20 9 0 73
2 2 3 19 4 6 145
2 2 3 18 10 1 51
2 2 3 17 5 7 142
2 2 3 16 11 2 104
2 2 3 16 0 13 59
2 2 3 15 6 8 60
2 2 3 14 12 3 58
2 2 3 14 1 14 6
2 2 3 13 7 9 49
2 2 3 12 13 4 55
2 2 3 12 2 15 104
2 2 3 11 8 10 64
2 2 3 10 14 5 29
2 2 3 10 3 16 65
2 2 3 9 20 0 151
2 2 3 9 9 11 190
2 2 3 8 15 6 60
2 2 3 8 4 17 100
2 2 3 7 21 1 55
2 2 3 7 10 12 17
2 2 3 6 16 7 133
2 2 3 6 5 18 29
2 2 3 5 22 2 102
2 2 3 5 11 13 176
2 2 3 5 0 24 168
2 2 3 4 17 8 101
2 2 3 4 6 19 167
2 2 3 3 23 3 169
2 2 3 3 12 14 26
2 2 3 3 1 25 89
2 2 3 2 18 9 5
2 2 3 2 7 20 5
2 2 3 1 24 4 60
2 2 3 1 13 15 94
2 2 3 1 2 26 67
2 2 3 0 19 10 81
2 2 3 0 8 21 25
2 2 2 26 4 0 166
2 2 2 24 5 1 6
2 2 2 23 0 7 180
2 2 2 22 6 2 146
2 2 2 21 1 8 96
2 2 2 20 7 3 191
2 2 2 19 2 9 118
2 2 2 18 8 4 197
2 2 2 17 3 10 95
2 2 2 16 9 5 74
2 2 2 15 15 0 176
2 2 2 15 4 11 133
2 2 2 14 10 6 64
2 2 2 13 16 1 175
2 2 2 13 5 12 105
2 2 2 12 11 7 133
2 2 2 12 0 18 153
2 2 2 11 17 2 125
2 2 2 11 6 13 13
2 2 2 10 12 8 70
2 2 2 10 1 19 176
2 2 2 9 18 3 69
2 2 2 9 7 14 153
2 2 2 8 13 9 108
2 2 2 8 2 20 42
2 2 2 7 19 4 35
2 2 2 7 8 15 124
2 2 2 6 14 10 143
2 2 2 6 3 21 148
2 2 2 5 20 5 68
2 2 2 5 9 16 196
2 2 2 4 26 0 20
2 2 2 4 15 11 157
2 2 2 4 4 22 188
2 2 2 3 21 6 47
2 2 2 3 10 17 77
2 2 2 2 27 1 38
2 2 2 2 16 12 107
2 2 2 2 5 23 198
2 2 2 1 22 7 192
2 2 2 1 11 18 85
2 2 2 1 0 29 91
2 2 2 0 28 2 175
2 2 2 0 17 13 33
2 2 2 0 6 24 7
2 2 1 30 0 1 131
2 2 1 28 1 2 42
2 2 1 26 2 3 88
2 2 1 24 3 4 162
2 2 1 22 4 5 5
2 2 1 21 10 0 93
2 2 1 20 5 6 48
2 2 1 19 11 1 179
2 2 1 19 0 12 145
2 2 1 18 6 7 5
2 2 1 17 12 2 149
2 2 1 17 1 13 75
2 2 1 16 7 8 171
2 2 1 15 13 3 131
2 2 1 15 2 14 76
2 2 1 14 8 9 130
2 2 1 13 14 4 1
2 2 1 13 3 15 28
2 2 1 12 9 10 94
2 2 1 11 15 5 190
2 2 1 11 4 16 99
2 2 1 10 21 0 137
2 2 1 10 10 11 83
2 2 1 9 16 6 122
2 2 1 9 5 17 44
2 2 1 8 22 1 149
2 2 1 8 11 12 66
2 2 1 8 0 23 44
2 2 1 7 17 7 160
2 2 1 7 6 18 171
2 2 1 6 23 2 3
2 2 1 6 12 13 43
2 2 1 6 1 24 55
2 2 1 5 18 8 29
2 2 1 5 7 19 141
2 2 1 4 24 3 44
2 2 1 4 13 14 41
2 2 1 4 2 25 39
2 2 1 3 19 9 2
2 2 1 3 8 20 31
2 2 1 2 25 4 152
2 2 1 2 14 15 54
2 2 1 2 3 26 7
2 2 1 1 20 10 125
2 2 1 1 9 21 194
2 2 1 0 26 5 121
2 2 1 0 15 16 20
2 2 1 0 4 27 93
2 2 0 27 5 0 129
2 2 0 26 0 6 177
2 2 0 25 6 1 109
2 2 0 24 1 7 67
2 2 0 23 7 2 124
2 2 0 22 2 8 107
2 2 0 21 8 3 140
2 2 0 20 3 9 70
2 2 0 19 9 4 178
2 2 0 18 4 10 17
2 2 0 17 10 5 157
2 2 0 16 16 0 140
2 2 0 16 5 11 23
2 2 0 15 11 6 194
2 2 0 15 0 17 91
2 2 0 14 17 1 153
2 2 0 14 6 12 154
2 2 0 13 12 7 111
2 2 0 13 1 18 88
2 2 0 12 18 2 161
2 2 0 12 7 13 81
2 2 0 11 13 8 57
2 2 0 11 2 19 192
2 2 0 10 19 3 69
2 2 0 10 8 14 83
2 2 0 9 14 9 111
2 2 0 9 3 20 165
2 2 0 8 20 4 19
2 2 0 8 9 15 105
2 2 0 7 15 10 9
2 2 0 7 4 21 147
2 2 0 6 21 5 40
2 2 0 6 10 16 41
2 2 0 5 27 0 100
2 2 0 5 16 11 80
2 2 0 5 5 22 49
2 2 0 4 22 6 76
2 2 0 4 11 17 41
2 2 0 4 0 28 168
2 2 0 3 28 1 31
2 2 0 3 17 12 93
2 2 0 3 6 23 155
2 2 0 2 23 7 4
2 2 0 2 12 18 153
2 2 0 2 1 29 63
2 2 0 1 29 2 60
2 2 0 1 18 13 16
2 2 0 1 7 24 152
2 2 0 0 24 8 107
2 2 0 0 13 19 5
2 2 0 0 2 30 62
2 1 31 0 0 2 67
2 1 29 3 0 1 106
2 1 29 1 1 2 164
2 1 28 0 5 0 88
2 1 27 6 0 0 132
2 1 27 4 1 1 189
2 1 27 2 2 2 66
2 1 27 0 3 3 128
2 1 26 2 0 5 166
2 1 26 1 6 0 96
2 1 26 0 1 6 29
2 1 25 7 1 0 120
2 1 25 5 2 1 188
2 1 25 3 3 2 154
2 1 25 1 4 3 20
2 1 24 5 0 4 81
2 1 24 3 1 5 16
2 1 24 2 7 0 85
2 1 24 1 2 6 128
2 1 24 0 8 1 44
2 1 23 8 2 0 43
2 1 23 6 3 1 157
2 1 23 4 4 2 21
2 1 23 2 5 3 117
2 1 23 1 0 9 91
2 1 23 0 6 4 78
2 1 22 8 0 3 10
2 1 22 6 1 4 89
2 1 22 4 2 5 60
2 1 22 3 8 0 149
2 1 22 2 3 6 73
2 1 22 1 9 1 1
2 1 22 0 4 7 14
2 1 21 9 3 0 167
2 1 21 7 4 1 179
2 1 21 5 5 2 163
2 1 21 4 0 8 55
2 1 21 3 6 3 77
2 1 21 2 1 9 197
2 1 21 1 7 4 83
2 1 21 0 2 10 17
2 1 20 11 0 2 48
2 1 20 9 1 3 10
2 1 20 5 3 5 103
2 1 20 4 9 0 25
2 1 20 3 4 6 95
2 1 20 2 10 1 113
2 1 20 1 5 7 38
2 1 20 0 11 2 9
2 1 20 0 0 13 110
2 1 19 10 4 0 164
2 1 19 8 5 1 70
2 1 19 7 0 7 104
2 1 19 6 6 2 194
2 1 19 5 1 8 132
2 1 19 4 7 3 91
2 1 19 3 2 9 127
2 1 19 2 8 4 145
2 1 19 1 3 10 31
2 1 19 0 9 5 140
2 1 18 14 0 1 86
2 1 18 10 2 3 70
2 1 18 8 3 4 177
2 1 18 6 4 5 65
2 1 18 5 10 0 67
2 1 18 4 5 6 163
2 1 18 3 11 1 33
2 1 18 3 0 12 129
2 1 18 2 6 7 74
2 1 18 1 12 2 100
2 1 18 1 1 13 55
2 1 18 0 7 8 70
2 1 17 11 5 0 79
2 1 17 10 0 6 162
2 1 17 9 6 1 181
2 1 17 8 1 7 158
2 1 17 7 7 2 74
2 1 17 6 2 8 116
2 1 17 5 8 3 147
2 1 17 4 3 9 107
2 1 17 3 9 4 4
2 1 17 2 4 10 166
2 1 17 1 10 5 29
2 1 17 0 16 0 182
2 1 17 0 5 11 2
2 1 16 17 0 0 94
2 1 16 15 1 1 165
2 1 16 13 2 2 12
2 1 16 11 3 3 180
2 1 16 9 4 4 184
2 1 16 7 5 5 2
2 1 16 6 11 0 19
2 1 16 6 0 11 76
2 1 16 5 6 6 10
2 1 16 4 12 1 129
2 1 16 4 1 12 176
2 1 16 3 7 7 120
2 1 16 2 13 2 20
2 1 16 2 2 13 20
2 1 16 1 8 8 55
2 1 16 0 14 3 40
2 1 16 0 3 14 164
2 1 15 13 0 5 177
2 1 15 12 6 0 91
2 1 15 11 1 6 32
2 1 15 10 7 1 187
2 1 15 8 8 2 74
2 1 15 7 3 8 76
2 1 15 6 9 3 146
2 1 15 5 4 9 152
2 1 15 4 10 4 110
2 1 15 3 5 10 151
2 1 15 2 11 5 185
2 1 15 2 0 16 115
2 1 15 1 17 0 169
2 1 15 1 6 11 168
2 1 15 0 12 6 47
2 1 15 0 1 17 21
2 1 14 18 1 0 130
2 1 14 16 2 1 105
2 1 14 14 3 2 77
2 1 14 12 4 3 121
2 1 14 10 5 4 81
2 1 14 9 0 10 168
2 1 14 8 6 5 115
2 1 14 7 12 0 38
2 1 14 7 1 11 150
2 1 14 6 7 6 47
2 1 14 5 13 1 165
2 1 14 5 2 12 111
2 1 14 4 8 7 132
2 1 14 3 14 2 119
2 1 14 3 3 13 177
2 1 14 2 9 8 51
2 1 14 1 15 3 128
2 1 14 1 4 14 35
2 1 14 0 10 9 171
2 1 13 16 0 4 100
2 1 13 14 1 5 147
2 1 13 13 7 0 153
2 1 13 12 2 6 61
2 1 13 11 8 1 122
2 1 13 10 3 7 27
2 1 13 9 9 2 133
2 1 13 8 4 8 108
2 1 13 7 10 3 88
2 1 13 6 5 9 54
2 1 13 5 11 4 108
2 1 13 5 0 15 105
2 1 13 4 6 10 101
2 1 13 3 12 5 53
2 1 13 3 1 16 83
2 1 13 2 18 0 198
2 1 13 2 7 11 162
2 1 13 1 13 6 73
2 1 13 1 2 17 116
2 1 13 0 19 1 37
2 1 13 0 8 12 113
2 1 12 19 2 0 38
2 1 12 17 3 1 59
2 1 12 15 4 2 85
2 1 12 13 5 3 80
2 1 12 12 0 9 142
2 1 12 11 6 4 190
2 1 12 10 1 10 180
2 1 12 9 7 5 119
2 1 12 8 13 0 53
2 1 12 8 2 11 105
2 1 12 7 8 6 173
2 1 12 6 14 1 70
2 1 12 6 3 12 4
2 1 12 5 9 7 56
2 1 12 4 15 2 71
2 1 12 4 4 13 87
2 1 12 3 10 8 35
2 1 12 2 16 3 85
2 1 12 2 5 14 198
2 1 12 1 11 9 36
2 1 12 1 0 20 96
2 1 12 0 17 4 58
2 1 12 0 6 15 91
2 1 11 19 0 3 57
2 1 11 17 1 4 41
2 1 11 15 2 5 27
2 1 11 14 8 0 67
2 1 11 13 3 6 69
2 1 11 12 9 1 86
2 1 11 11 4 7 121
2 1 11 10 10 2 13
2 1 11 9 5 8 43
2 1 11 8 11 3 188
2 1 11 8 0 14 183
2 1 11 7 6 9 158
2 1 11 6 12 4 198
2 1 11 6 1 15 178
2 1 11 5 7 10 171
2 1 11 4 13 5 161
2 1 11 4 2 16 168
2 1 11 3 19 0 81
2 1 11 3 8 11 31
2 1 11 2 14 6 119
2 1 11 2 3 17 61
2 1 11 1 20 1 180
2 1 11 1 9 12 12
2 1 11 0 15 7 190
2 1 11 0 4 18 48
2 1 10 20 3 0 10
2 1 10 18 4 1 128
2 1 10 16 5 2 129
2 1 10 15 0 8 23
2 1 10 14 6 3 136
2 1 10 13 1 9 156
2 1 10 12 7 4 104
2 1 10 11 2 10 1
2 1 10 10 8 5 20
2 1 10 9 14 0 13
2 1 10 9 3 11 28
2 1 10 8 9 6 166
2 1 10 7 15 1 21
2 1 10 7 4 12 47
2 1 10 6 10 7 161
2 1 10 5 16 2 183
2 1 10 5 5 13 3
2 1 10 4 11 8 122
2 1 10 4 0 19 136
2 1 10 3 17 3 71
2 1 10 3 6 14 100
2 1 10 2 12 9 45
2 1 10 2 1 20 54
2 1 10 1 18 4 16
2 1 10 1 7 15 129
2 1 10 0 13 10 191
2 1 10 0 2 21 94
2 1 9 22 0 2 41
2 1 9 20 1 3 170
2 1 9 18 2 4 187
2 1 9 16 3 5 63
2 1 9 15 9 0 190
2 1 9 14 4 6 4
2 1 9 13 10 1 144
2 1 9 12 5 7 25
2 1 9 11 11 2 166
2 1 9 11 0 13 62
2 1 9 10 6 8 42
2 1 9 9 12 3 92
2 1 9 9 1 14 103
2 1 9 8 7 9 87
2 1 9 7 13 4 139
2 1 9 7 2 15 190
2 1 9 6 8 10 54
2 1 9 5 14 5 194
2 1 9 5 3 16 188
2 1 9 4 20 0 46
2 1 9 4 9 11 111
2 1 9 3 15 6 32
2 1 9 3 4 17 110
2 1 9 2 21 1 69
2 1 9 2 10 12 143
2 1 9 1 16 7 159
2 1 9 1 5 18 152
2 1 9 0 22 2 81
2 1 9 0 11 13 24
2 1 9 0 0 24 97
2 1 8 21 4 0 197
2 1 8 19 5 1 61
2 1 8 18 0 7 54
2 1 8 17 6 2 50
2 1 8 16 1 8 32
2 1 8 15 7 3 69
2 1 8 14 2 9 185
2 1 8 13 8 4 162
2 1 8 12 3 10 10
2 1 8 11 9 5 170
2 1 8 10 15 0 56
2 1 8 10 4 11 139
2 1 8 9 10 6 162
2 1 8 8 16 1 169
2 1 8 8 5 12 184
2 1 8 7 11 7 142
2 1 8 7 0 18 106
2 1 8 6 17 2 26
2 1 8 6 6 13 3
2 1 8 5 12 8 113
2 1 8 5 1 19 22
2 1 8 4 18 3 42
2 1 8 4 7 14 43
2 1 8 3 13 9 196
2 1 8 3 2 20 120
2 1 8 2 19 4 5
2 1 8 2 8 15 66
2 1 8 1 14 10 111
2 1 8 1 3 21 53
2 1 8 0 20 5 111
2 1 8 0 9 16 180
2 1 7 25 0 1 60
2 1 7 23 1 2 64
2 1 7 21 2 3 15
2 1 7 19 3 4 93
2 1 7 17 4 5 133
2 1 7 16 10 0 5
2 1 7 15 5 6 118
2 1 7 14 11 1 54
2 1 7 14 0 12 115
2 1 7 13 6 7 106
2 1 7 12 12 2 26
2 1 7 12 1 13 193
2 1 7 11 7 8 148
2 1 7 10 13 3 69
2 1 7 10 2 14 108
2 1 7 9 8 9 175
2 1 7 8 14 4 79
2 1 7 8 3 15 114
2 1 7 7 9 10 66
2 1 7 6 15 5 12
2 1 7 6 4 16 139
2 1 7 5 21 0 182
2 1 7 5 10 11 118
2 1 7 4 16 6 174
2 1 7 4 5 17 64
2 1 7 3 22 1 25
2 1 7 3 11 12 116
2 1 7 3 0 23 85
2 1 7 2 17 7 34
2 1 7 2 6 18 100
2 1 7 1 23 2 183
2 1 7 1 12 13 106
2 1 7 1 1 24 188
2 1 7 0 18 8 141
2 1 7 0 7 19 181
2 1 6 22 5 0 145
2 1 6 21 0 6 124
2 1 6 20 6 1 36
2 1 6 19 1 7 171
2 1 6 18 7 2 138
2 1 6 17 2 8 56
2 1 6 16 8 3 162
2 1 6 15 3 9 56
2 1 6 14 9 4 39
2 1 6 13 4 10 30
2 1 6 12 10 5 77
2 1 6 11 16 0 57
2 1 6 11 5 11 165
2 1 6 10 11 6 127
2 1 6 10 0 17 55
2 1 6 9 17 1 10
2 1 6 9 6 12 137
2 1 6 8 12 7 136
2 1 6 8 1 18 172
2 1 6 7 18 2 88
2 1 6 7 7 13 49
2 1 6 6 13 8 177
2 1 6 6 2 19 88
2 1 6 5 19 3 171
2 1 6 5 8 14 92
2 1 6 4 14 9 186
2 1 6 4 3 20 63
2 1 6 3 20 4 78
2 1 6 3 9 15 167
2 1 6 2 15 10 157
2 1 6 2 4 21 139
2 1 6 1 21 5 166
2 1 6 1 10 16 30
2 1 6 0 27 0 47
2 1 6 0 16 11 12
2 1 6 0 5 22 34
2 1 5 28 0 0 196
2 1 5 26 1 1 150
2 1 5 24 2 2 193
2 1 5 22 3 3 151
2 1 5 20 4 4 184
2 1 5 18 5 5 139
2 1 5 17 11 0 181
2 1 5 17 0 11 84
2 1 5 16 6 6 15
2 1 5 15 12 1 118
2 1 5 15 1 12 47
2 1 5 14 7 7 176
2 1 5 13 13 2 183
2 1 5 13 2 13 176
2 1 5 12 8 8 139
2 1 5 11 14 3 126
2 1 5 11 3 14 175
2 1 5 10 9 9 86
2 1 5 9 15 4 126
2 1 5 9 4 15 154
2 1 5 8 10 10 130
2 1 5 7 16 5 14
2 1 5 7 5 16 94
2 1 5 6 22 0 181
2 1 5 6 11 11 31
2 1 5 6 0 22 79
2 1 5 5 17 6 52
2 1 5 5 6 17 38
2 1 5 4 23 1 164
2 1 5 4 12 12 41
2 1 5 4 1 23 177
2 1 5 3 18 7 26
2 1 5 3 7 18 162
2 1 5 2 24 2 72
2 1 5 2 13 13 24
2 1 5 2 2 24 184
2 1 5 1 19 8 137
2 1 5 1 8 19 125
2 1 5 0 25 3 87
2 1 5 0 14 14 126
2 1 5 0 3 25 19
2 1 4 24 0 5 102
2 1 4 23 6 0 58
2 1 4 22 1 6 76
2 1 4 21 7 1 155
2 1 4 20 2 7 78
2 1 4 19 8 2 81
2 1 4 18 3 8 32
2 1 4 17 9 3 158
2 1 4 16 4 9 189
2 1 4 15 10 4 24
2 1 4 14 5 10 79
2 1 4 13 11 5 43
2 1 4 13 0 16 10
2 1 4 12 17 0 124
2 1 4 12 6 11 53
2 1 4 11 12 6 66
2 1 4 11 1 17 22
2 1 4 10 18 1 19
2 1 4 10 7 12 39
2 1 4 9 13 7 132
2 1 4 9 2 18 10
2 1 4 8 19 2 137
2 1 4 8 8 13 72
2 1 4 7 14 8 103
2 1 4 7 3 19 147
2 1 4 6 20 3 26
2 1 4 6 9 14 81
2 1 4 5 15 9 118
2 1 4 5 4 20 138
2 1 4 4 21 4 51
2 1 4 4 10 15 43
2 1 4 3 16 10 192
2 1 4 3 5 21 87
2 1 4 2 22 5 28
2 1 4 2 11 16 71
2 1 4 2 0 27 31
2 1 4 1 28 0 80
2 1 4 1 17 11 3
2 1 4 1 6 22 85
2 1 4 0 23 6 40
2 1 4 0 12 17 12
2 1 4 0 1 28 17
2 1 3 29 1 0 179
2 1 3 27 2 1 159
2 1 3 25 3 2 132
2 1 3 23 4 3 73
2 1 3 21 5 4 20
2 1 3 20 0 10 117
2 1 3 19 6 5 35
2 1 3 18 12 0 167
2 1 3 18 1 11 90
2 1 3 17 7 6 42
2 1 3 16 13 1 174
2 1 3 16 2 12 134
2 1 3 15 8 7 135
2 1 3 14 14 2 198
2 1 3 14 3 13 80
2 1 3 13 9 8 104
2 1 3 12 15 3 166
2 1 3 12 4 14 71
2 1 3 11 10 9 18
2 1 3 10 16 4 164
2 1 3 10 5 15 87
2 1 3 9 11 10 62
2 1 3 9 0 21 196
2 1 3 8 17 5 186
2 1 3 8 6 16 69
2 1 3 7 23 0 95
2 1 3 7 12 11 43
2 1 3 7 1 22 76
2 1 3 6 18 6 99
2 1 3 6 7 17 4
2 1 3 5 24 1 138
2 1 3 5 13 12 132
2 1 3 5 2 23 41
2 1 3 4 19 7 10
2 1 3 4 8 18 185
2 1 3 3 25 2 76
2 1 3 3 14 13 69
2 1 3 3 3 24 34
2 1 3 2 20 8 3
2 1 3 2 9 19 94
2 1 3 1 26 3 60
2 1 3 1 15 14 71
2 1 3 1 4 25 129
2 1 3 0 21 9 57
2 1 3 0 10 20 36
2 1 2 27 0 4 74
2 1 2 25 1 5 90
2 1 2 24 7 0 130
2 1 2 23 2 6 142
2 1 2 22 8 1 34
2 1 2 21 3 7 21
2 1 2 20 9 2 116
2 1 2 19 4 8 87
2 1 2 18 10 3 159
2 1 2 17 5 9 51
2 1 2 16 11 4 19
2 1 2 16 0 15 87
2 1 2 15 6 10 18
2 1 2 14 12 5 105
2 1 2 14 1 16 169
2 1 2 13 18 0 191
2 1 2 13 7 11 42
2 1 2 12 13 6 131
2 1 2 12 2 17 17
2 1 2 11 19 1 62
2 1 2 11 8 12 184
2 1 2 10 14 7 112
2 1 2 10 3 18 130
2 1 2 9 20 2 100
2 1 2 9 9 13 123
2 1 2 8 15 8 102
2 1 2 8 4 19 195
2 1 2 7 21 3 143
2 1 2 7 10 14 86
2 1 2 6 16 9 129
2 1 2 6 5 20 48
2 1 2 5 22 4 136
2 1 2 5 11 15 109
2 1 2 5 0 26 4
2 1 2 4 17 10 44
2 1 2 4 6 21 13
2 1 2 3 23 5 44
2 1 2 3 12 16 129
2 1 2 3 1 27 38
2 1 2 2 29 0 110
2 1 2 2 18 11 35
2 1 2 2 7 22 19
2 1 2 1 24 6 186
2 1 2 1 13 17 54
2 1 2 1 2 28 17
2 1 2 0 30 1 96
2 1 2 0 19 12 182
2 1 2 0 8 23 167
2 1 1 30 2 0 55
2 1 1 28 3 1 18
2 1 1 26 4 2 149
2 1 1 24 5 3 118
2 1 1 23 0 9 25
2 1 1 22 6 4 177
2 1 1 21 1 10 37
2 1 1 20 7 5 170
2 1 1 19 13 0 47
2 1 1 19 2 11 180
2 1 1 18 8 6 40
2 1 1 17 14 1 156
2 1 1 17 3 12 47
2 1 1 16 9 7 73
2 1 1 15 15 2 68
2 1 1 15 4 13 27
2 1 1 14 10 8 38
2 1 1 13 16 3 158
2 1 1 13 5 14 72
2 1 1 12 11 9 146
2 1 1 12 0 20 117
2 1 1 11 17 4 153
2 1 1 11 6 15 94
2 1 1 10 12 10 116
2 1 1 10 1 21 127
2 1 1 9 18 5 133
2 1 1 9 7 16 145
2 1 1 8 24 0 29
2 1 1 8 13 11 64
2 1 1 8 2 22 161
2 1 1 7 19 6 191
2 1 1 7 8 17 12
2 1 1 6 25 1 128
2 1 1 6 14 12 128
2 1 1 6 3 23 174
2 1 1 5 20 7 97
2 1 1 5 9 18 45
2 1 1 4 26 2 8
2 1 1 4 15 13 46
2 1 1 4 4 24 10
2 1 1 3 21 8 148
2 1 1 3 10 19 31
2 1 1 2 27 3 64
2 1 1 2 16 14 74
2 1 1 2 5 25 186
2 1 1 1 22 9 7
2 1 1 1 11 20 137
2 1 1 1 0 31 137
2 1 1 0 28 4 84
2 1 1 0 17 15 73
2 1 1 0 6 26 156
2 1 0 30 0 3 118
2 1 0 28 1 4 103
2 1 0 26 2 5 191
2 1 0 25 8 0 47
2 1 0 24 3 6 33
2 1 0 23 9 1 38
2 1 0 22 4 7 74
2 1 0 21 10 2 151
2 1 0 20 5 8 34
2 1 0 19 11 3 131
2 1 0 19 0 14 143
2 1 0 18 6 9 133
2 1 0 17 12 4 90
2 1 0 17 1 15 5
2 1 0 16 7 10 179
2 1 0 15 13 5 2
2 1 0 15 2 16 176
2 1 0 14 19 0 111
2 1 0 14 8 11 173
2 1 0 13 14 6 48
2 1 0 13 3 17 26
2 1 0 12 20 1 138
2 1 0 12 9 12 26
2 1 0 11 15 7 179
2 1 0 11 4 18 108
2 1 0 10 21 2 106
2 1 0 10 10 13 133
2 1 0 9 16 8 63
2 1 0 9 5 19 47
2 1 0 8 22 3 43
2 1 0 8 11 14 191
2 1 0 8 0 25 152
2 1 0 7 17 9 138
2 1 0 7 6 20 174
2 1 0 6 23 4 17
2 1 0 6 12 15 44
2 1 0 6 1 26 92
2 1 0 5 18 10 164
2 1 0 5 7 21 140
2 1 0 4 24 5 118
2 1 0 4 13 16 85
2 1 0 4 2 27 82
2 1 0 3 30 0 184
2 1 0 3 19 11 93
2 1 0 3 8 22 59
2 1 0 2 25 6 186
2 1 0 2 14 17 69
2 1 0 2 3 28 73
2 1 0 1 31 1 29
2 1 0 1 20 12 139
2 1 0 1 9 23 61
2 1 0 0 26 7 98
2 1 0 0 15 18 58
2 1 0 0 4 29 124
2 0 31 2 1 0 12
2 0 31 0 2 1 148
2 0 30 0 0 4 10
2 0 29 3 2 0 193
2 0 29 1 3 1 104
2 0 28 3 0 3 109
2 0 28 1 1 4 45
2 0 27 4 3 0 136
2 0 27 2 4 1 76
2 0 27 0 5 2 186
2 0 26 6 0 2 186
2 0 26 4 1 3 87
2 0 26 2 2 4 184
2 0 26 0 3 5 187
2 0 25 5 4 0 171
2 0 25 3 5 1 83
2 0 25 2 0 7 22
2 0 25 1 6 2 82
2 0 25 0 1 8 58
2 0 24 9 0 1 113
2 0 24 7 1 2 195
2 0 24 5 2 3 80
2 0 24 3 3 4 21
2 0 24 1 4 5 74
2 0 24 0 10 0 147
2 0 23 6 5 0 28
2 0 23 5 0 6 184
2 0 23 4 6 1 176
2 0 23 3 1 7 61
2 0 23 2 7 2 155
2 0 23 1 2 8 168
2 0 23 0 8 3 170
2 0 22 12 0 0 120
2 0 22 10 1 1 137
2 0 22 8 2 2 84
2 0 22 6 3 3 178
2 0 22 4 4 4 151
2 0 22 2 5 5 27
2 0 22 1 11 0 111
2 0 22 1 0 11 169
2 0 22 0 6 6 50
2 0 21 8 0 5 53
2 0 21 7 6 0 29
2 0 21 6 1 6 27
2 0 21 5 7 1 167
2 0 21 4 2 7 154
2 0 21 3 8 2 45
2 0 21 2 3 8 185
2 0 21 1 9 3 165
2 0 21 0 4 9 192
2 0 20 13 1 0 63
2 0 20 11 2 1 195
2 0 20 9 3 2 54
2 0 20 7 4 3 2
2 0 20 5 5 4 195
2 0 20 4 0 10 49
2 0 20 3 6 5 134
2 0 20 2 12 0 150
2 0 20 2 1 11 150
2 0 20 1 7 6 125
2 0 20 0 13 1 138
2 0 20 0 2 12 146
2 0 19 11 0 4 163
2 0 19 9 1 5 84
2 0 19 8 7 0 118
2 0 19 7 2 6 38
2 0 19 6 8 1 45
2 0 19 5 3 7 103
2 0 19 4 9 2 142
2 0 19 3 4 8 41
2 0 19 2 10 3 81
2 0 19 1 5 9 181
2 0 19 0 11 4 198
2 0 19 0 0 15 70
2 0 18 14 2 0 108
2 0 18 12 3 1 36
2 0 18 10 4 2 124
2 0 18 8 5 3 195
2 0 18 7 0 9 163
2 0 18 6 6 4 60
2 0 18 5 1 10 10
2 0 18 4 7 5 170
2 0 18 3 13 0 119
2 0 18 3 2 11 82
2 0 18 2 8 6 157
2 0 18 1 14 1 34
2 0 18 1 3 12 29
2 0 18 0 9 7 186
2 0 17 14 0 3 20
2 0 17 12 1 4 9
2 0 17 10 2 5 17
2 0 17 9 8 0 23
2 0 17 8 3 6 7
2 0 17 7 9 1 56
2 0 17 6 4 7 1
2 0 17 5 10 2 20
2 0 17 4 5 8 130
2 0 17 3 11 3 4
2 0 17 3 0 14 71
2 0 17 2 6 9 91
2 0 17 1 12 4 39
2 0 17 1 1 15 171
2 0 17 0 7 10 108
2 0 16 15 3 0 183
2 0 16 13 4 1 42
2 0 16 11 5 2 120
2 0 16 10 0 8 181
2 0 16 9 6 3 80
2 0 16 8 1 9 32
2 0 16 7 7 4 141
2 0 16 6 2 10 143
2 0 16 5 8 5 195
2 0 16 4 14 0 89
2 0 16 4 3 11 188
2 0 16 3 9 6 5
2 0 16 2 15 1 74
2 0 16 2 4 12 9
2 0 16 1 10 7 16
2 0 16 0 16 2 194
2 0 16 0 5 13 133
2 0 15 17 0 2 2
2 0 15 15 1 3 189
2 0 15 13 2 4 5
2 0 15 11 3 5 172
2 0 15 10 9 0 9
2 0 15 9 4 6 136
2 0 15 8 10 1 44
2 0 15 7 5 7 100
2 0 15 6 11 2 61
2 0 15 6 0 13 20
2 0 15 5 6 8 36
2 0 15 4 12 3 55
2 0 15 4 1 14 69
2 0 15 3 7 9 78
2 0 15 2 13 4 103
2 0 15 2 2 15 83
2 0 15 1 8 10 26
2 0 15 0 14 5 2
2 0 15 0 3 16 42
2 0 14 16 4 0 77
2 0 14 14 5 1 67
2 0 14 13 0 7 183
2 0 14 12 6 2 82
2 0 14 11 1 8 117
2 0 14 10 7 3 139
2 0 14 9 2 9 181
2 0 14 8 8 4 122
2 0 14 7 3 10 90
2 0 14 6 9 5 180
2 0 14 5 15 0 166
2 0 14 5 4 11 140
2 0 14 4 10 6 195
2 0 14 3 16 1 159
2 0 14 3 5 12 90
2 0 14 2 11 7 190
2 0 14 2 0 18 71
2 0 14 1 17 2 145
2 0 14 1 6 13 80
2 0 14 0 12 8 165
2 0 14 0 1 19 190
2 0 13 20 0 1 8
2 0 13 18 1 2 171
2 0 13 16 2 3 34
2 0 13 14 3 4 149
2 0 13 12 4 5 68
2 0 13 11 10 0 187
2 0 13 10 5 6 120
2 0 13 9 11 1 109
2 0 13 9 0 12 38
2 0 13 8 6 7 179
2 0 13 7 12 2 163
2 0 13 7 1 13 28
2 0 13 6 7 8 7
2 0 13 5 13 3 158
2 0 13 5 2 14 126
2 0 13 4 8 9 174
2 0 13 3 14 4 69
2 0 13 3 3 15 146
2 0 13 2 9 10 163
2 0 13 1 15 5 105
2 0 13 1 4 16 76
2 0 13 0 21 0 180
2 0 13 0 10 11 9
2 0 12 17 5 0 18
2 0 12 16 0 6 52
2 0 12 15 6 1 197
2 0 12 14 1 7 143
2 0 12 13 7 2 11
2 0 12 12 2 8 92
2 0 12 11 8 3 118
2 0 12 10 3 9 84
2 0 12 9 9 4 66
2 0 12 8 4 10 83
2 0 12 7 10 5 38
2 0 12 6 16 0 64
2 0 12 6 5 11 130
2 0 12 5 11 6 155
2 0 12 5 0 17 21
2 0 12 4 17 1 186
2 0 12 4 6 12 18
2 0 12 3 12 7 100
2 0 12 3 1 18 162
2 0 12 2 18 2 194
2 0 12 2 7 13 35
2 0 12 1 13 8 103
2 0 12 1 2 19 48
2 0 12 0 19 3 139
2 0 12 0 8 14 142
2 0 11 23 0 0 171
2 0 11 21 1 1 193
2 0 11 19 2 2 195
2 0 11 17 3 3 1
2 0 11 15 4 4 35
2 0 11 13 5 5 44
2 0 11 12 11 0 79
2 0 11 12 0 11 103
2 0 11 11 6 6 133
2 0 11 10 12 1 62
2 0 11 10 1 12 183
2 0 11 9 7 7 75
2 0 11 8 13 2 177
2 0 11 8 2 13 39
2 0 11 7 8 8 75
2 0 11 6 14 3 22
2 0 11 6 3 14 52
2 0 11 5 9 9 36
2 0 11 4 15 4 161
2 0 11 4 4 15 42
2 0 11 3 10 10 193
2 0 11 2 16 5 120
2 0 11 2 5 16 108
2 0 11 1 22 0 87
2 0 11 1 11 11 171
2 0 11 1 0 22 198
2 0 11 0 17 6 24
2 0 11 0 6 17 125
2 0 10 19 0 5 72
2 0 10 18 6 0 45
2 0 10 17 1 6 142
2 0 10 16 7 1 120
2 0 10 15 2 7 153
2 0 10 14 8 2 5
2 0 10 13 3 8 155
2 0 10 12 9 3 70
2 0 10 11 4 9 69
2 0 10 10 10 4 71
2 0 10 9 5 10 184
2 0 10 8 11 5 24
2 0 10 8 0 16 181
2 0 10 7 17 0 164
2 0 10 7 6 11 36
2 0 10 6 12 6 73
2 0 10 6 1 17 144
2 0 10 5 18 1 126
2 0 10 5 7 12 107
2 0 10 4 13 7 17
2 0 10 4 2 18 76
2 0 10 3 19 2 196
2 0 10 3 8 13 11
2 0 10 2 14 8 184
2 0 10 2 3 19 193
2 0 10 1 20 3 36
2 0 10 1 9 14 83
2 0 10 0 15 9 36
2 0 10 0 4 20 92
2 0 9 24 1 0 27
2 0 9 22 2 1 149
2 0 9 20 3 2 189
2 0 9 18 4 3 84
2 0 9 16 5 4 195
2 0 9 15 0 10 161
2 0 9 14 6 5 101
2 0 9 13 12 0 119
2 0 9 13 1 11 15
2 0 9 12 7 6 130
2 0 9 11 13 1 150
2 0 9 11 2 12 122
2 0 9 10 8 7 108
2 0 9 9 14 2 147
2 0 9 9 3 13 112
2 0 9 8 9 8 31
2 0 9 7 15 3 117
2 0 9 7 4 14 123
2 0 9 6 10 9 130
2 0 9 5 16 4 138
2 0 9 5 5 15 28
2 0 9 4 11 10 126
2 0 9 4 0 21 193
2 0 9 3 17 5 145
2 0 9 3 6 16 55
2 0 9 2 23 0 172
2 0 9 2 12 11 181
2 0 9 2 1 22 195
2 0 9 1 18 6 30
2 0 9 1 7 17 105
2 0 9 0 24 1 196
2 0 9 0 13 12 72
2 0 9 0 2 23 135
2 0 8 22 0 4 113
2 0 8 20 1 5 4
2 0 8 19 7 0 75
2 0 8 18 2 6 6
2 0 8 17 8 1 97
2 0 8 16 3 7 154
2 0 8 15 9 2 140
2 0 8 14 4 8 22
2 0 8 13 10 3 191
2 0 8 12 5 9 156
2 0 8 11 11 4 96
2 0 8 11 0 15 114
2 0 8 10 6 10 12
2 0 8 9 12 5 194
2 0 8 9 1 16 70
2 0 8 8 18 0 167
2 0 8 8 7 11 85
2 0 8 7 13 6 33
2 0 8 7 2 17 86
2 0 8 6 19 1 50
2 0 8 6 8 12 113
2 0 8 5 14 7 65
2 0 8 5 3 18 111
2 0 8 4 20 2 120
2 0 8 4 9 13 195
2 0 8 3 15 8 133
2 0 8 3 4 19 119
2 0 8 2 21 3 20
2 0 8 2 10 14 174
2 0 8 1 16 9 62
2 0 8 1 5 20 152
2 0 8 0 22 4 7
2 0 8 0 11 15 64
2 0 8 0 0 26 2
2 0 7 25 2 0 143
2 0 7 23 3 1 5
2 0 7 21 4 2 163
2 0 7 19 5 3 87
2 0 7 18 0 9 133
2 0 7 17 6 4 171
2 0 7 16 1 10 27
2 0 7 15 7 5 15
2 0 7 14 13 0 18
2 0 7 14 2 11 158
2 0 7 13 8 6 133
2 0 7 12 14 1 70
2 0 7 12 3 12 117
2 0 7 11 9 7 54
2 0 7 10 15 2 65
2 0 7 10 4 13 5
2 0 7 9 10 8 195
2 0 7 8 16 3 33
2 0 7 8 5 14 34
2 0 7 7 11 9 191
2 0 7 7 0 20 51
2 0 7 6 17 4 142
2 0 7 6 6 15 176
2 0 7 5 12 10 74
2 0 7 5 1 21 140
2 0 7 4 18 5 147
2 0 7 4 7 16 112
2 0 7 3 24 0 82
2 0 7 3 13 11 145
2 0 7 3 2 22 21
2 0 7 2 19 6 61
2 0 7 2 8 17 160
2 0 7 1 25 1 128
2 0 7 1 14 12 82
2 0 7 1 3 23 171
2 0 7 0 20 7 126
2 0 7 0 9 18 28
2 0 6 25 0 3 24
2 0 6 23 1 4 182
2 0 6 21 2 5 178
2 0 6 20 8 0 179
2 0 6 19 3 6 66
2 0 6 18 9 1 77
2 0 6 17 4 7 185
2 0 6 16 10 2 50
2 0 6 15 5 8 112
2 0 6 14 11 3 48
2 0 6 14 0 14 164
2 0 6 13 6 9 146
2 0 6 12 12 4 34
2 0 6 12 1 15 108
2 0 6 11 7 10 143
2 0 6 10 13 5 73
2 0 6 10 2 16 7
2 0 6 9 19 0 27
2 0 6 9 8 11 28
2 0 6 8 14 6 21
2 0 6 8 3 17 168
2 0 6 7 20 1 17
2 0 6 7 9 12 21
2 0 6 6 15 7 3
2 0 6 6 4 18 77
2 0 6 5 21 2 137
2 0 6 5 10 13 77
2 0 6 4 16 8 150
2 0 6 4 5 19 85
2 0 6 3 11 14 110
2 0 6 3 0 25 142
2 0 6 2 17 9 48
2 0 6 2 6 20 82
2 0 6 1 23 4 147
2 0 6 1 12 15 173
2 0 6 1 1 26 83
2 0 6 0 18 10 2
2 0 6 0 7 21 81
2 0 5 26 3 0 136
2 0 5 24 4 1 56
2 0 5 22 5 2 118
2 0 5 21 0 8 81
2 0 5 20 6 3 197
2 0 5 19 1 9 101
2 0 5 18 7 4 1
2 0 5 17 2 10 56
2 0 5 16 8 5 68
2 0 5 15 14 0 80
2 0 5 15 3 11 159
2 0 5 14 9 6 71
2 0 5 13 15 1 129
2 0 5 13 4 12 35
2 0 5 12 10 7 124
2 0 5 11 16 2 28
2 0 5 11 5 13 69
2 0 5 10 11 8 93
2 0 5 10 0 19 194
2 0 5 9 17 3 128
2 0 5 9 6 14 157
2 0 5 8 12 9 82
2 0 5 8 1 20 24
2 0 5 7 18 4 103
2 0 5 7 7 15 183
2 0 5 6 13 10 173
2 0 5 6 2 21 36
2 0 5 5 19 5 116
2 0 5 5 8 16 60
2 0 5 4 25 0 156
2 0 5 4 14 11 99
2 0 5 4 3 22 14
2 0 5 3 20 6 1
2 0 5 3 9 17 184
2 0 5 2 26 1 63
2 0 5 2 15 12 173
2 0 5 2 4 23 81
2 0 5 1 21 7 192
2 0 5 1 10 18 183
2 0 5 0 27 2 68
2 0 5 0 16 13 4
2 0 5 0 5 24 131
2 0 4 28 0 2 68
2 0 4 26 1 3 157
2 0 4 24 2 4 144
2 0 4 22 3 5 119
2 0 4 21 9 0 62
2 0 4 20 4 6 184
2 0 4 19 10 1 53
2 0 4 18 5 7 174
2 0 4 17 11 2 179
2 0 4 17 0 13 181
2 0 4 16 6 8 75
2 0 4 15 12 3 194
2 0 4 15 1 14 72
2 0 4 14 7 9 85
2 0 4 13 13 4 167
2 0 4 13 2 15 51
2 0 4 12 8 10 31
2 0 4 11 14 5 124
2 0 4 11 3 16 39
2 0 4 10 20 0 174
2 0 4 10 9 11 83
2 0 4 9 15 6 175
2 0 4 9 4 17 83
2 0 4 8 21 1 25
2 0 4 8 10 12 158
2 0 4 7 16 7 68
2 0 4 7 5 18 7
2 0 4 6 22 2 183
2 0 4 6 11 13 53
2 0 4 6 0 24 130
2 0 4 5 17 8 107
2 0 4 5 6 19 75
2 0 4 4 23 3 158
2 0 4 4 12 14 61
2 0 4 4 1 25 161
2 0 4 3 18 9 71
2 0 4 3 7 20 154
2 0 4 2 24 4 101
2 0 4 2 13 15 77
2 0 4 2 2 26 198
2 0 4 1 19 10 91
2 0 4 1 8 21 71
2 0 4 0 25 5 82
2 0 4 0 14 16 31
2 0 4 0 3 27 76
2 0 3 27 4 0 183
2 0 3 25 5 1 109
2 0 3 24 0 7 150
2 0 3 23 6 2 47
2 0 3 22 1 8 75
2 0 3 21 7 3 39
2 0 3 20 2 9 185
2 0 3 19 8 4 44
2 0 3 18 3 10 124
2 0 3 17 9 5 130
2 0 3 16 15 0 172
2 0 3 16 4 11 132
2 0 3 15 10 6 30
2 0 3 14 16 1 49
2 0 3 14 5 12 84
2 0 3 13 11 7 64
2 0 3 13 0 18 37
2 0 3 12 17 2 135
2 0 3 12 6 13 105
2 0 3 11 12 8 64
2 0 3 10 18 3 195
2 0 3 10 7 14 65
2 0 3 9 13 9 168
2 0 3 9 2 20 77
2 0 3 8 19 4 123
2 0 3 8 8 15 180
2 0 3 7 14 10 37
2 0 3 7 3 21 186
2 0 3 6 20 5 19
2 0 3 6 9 16 105
2 0 3 5 26 0 81
2 0 3 5 15 11 19
2 0 3 5 4 22 95
2 0 3 4 21 6 103
2 0 3 4 10 17 181
2 0 3 3 27 1 67
2 0 3 3 16 12 50
2 0 3 3 5 23 59
2 0 3 2 22 7 48
2 0 3 2 11 18 173
2 0 3 2 0 29 131
2 0 3 1 28 2 89
2 0 3 1 17 13 164
2 0 3 1 6 24 52
2 0 3 0 23 8 62
2 0 3 0 12 19 81
2 0 3 0 1 30 27
2 0 2 31 0 1 165
2 0 2 29 1 2 92
2 0 2 27 2 3 180
2 0 2 25 3 4 96
2 0 2 23 4 5 9
2 0 2 22 10 0 86
2 0 2 21 5 6 118
2 0 2 20 11 1 74
2 0 2 20 0 12 172
2 0 2 19 6 7 157
2 0 2 18 12 2 4
2 0 2 18 1 13 106
2 0 2 17 7 8 41
2 0 2 16 13 3 165
2 0 2 16 2 14 52
2 0 2 15 8 9 17
2 0 2 14 14 4 112
2 0 2 14 3 15 96
2 0 2 13 9 10 18
2 0 2 12 4 16 88
2 0 2 11 21 0 175
2 0 2 11 10 11 186
2 0 2 10 16 6 133
2 0 2 10 5 17 73
2 0 2 9 22 1 12
2 0 2 9 11 12 7
2 0 2 9 0 23 29
2 0 2 8 17 7 95
2 0 2 8 6 18 102
2 0 2 7 23 2 14
2 0 2 7 12 13 151
2 0 2 7 1 24 81
2 0 2 6 18 8 25
2 0 2 6 7 19 170
2 0 2 5 24 3 195
2 0 2 5 13 14 23
2 0 2 5 2 25 163
2 0 2 4 19 9 46
2 0 2 4 8 20 108
2 0 2 3 25 4 174
2 0 2 3 14 15 143
2 0 2 3 3 26 119
2 0 2 2 20 10 17
2 0 2 2 9 21 134
2 0 2 1 26 5 1
2 0 2 1 15 16 140
2 0 2 1 4 27 63
2 0 2 0 32 0 1
2 0 2 0 21 11 10
2 0 2 0 10 22 154
2 0 1 28 5 0 195
2 0 1 27 0 6 36
2 0 1 26 6 1 62
2 0 1 25 1 7 83
2 0 1 24 7 2 110
2 0 1 23 2 8 128
2 0 1 22 8 3 38
2 0 1 21 3 9 132
2 0 1 20 9 4 188
2 0 1 19 4 10 70
2 0 1 17 16 0 99
2 0 1 17 5 11 178
2 0 1 16 11 6 103
2 0 1 16 0 17 48
2 0 1 15 17 1 108
2 0 1 15 6 12 131
2 0 1 14 12 7 4
2 0 1 14 1 18 1
2 0 1 13 18 2 98
2 0 1 13 7 13 48
2 0 1 12 13 8 134
2 0 1 12 2 19 189
2 0 1 11 19 3 187
2 0 1 11 8 14 64
2 0 1 10 14 9 141
2 0 1 10 3 20 5
2 0 1 9 20 4 170
2 0 1 9 9 15 15
2 0 1 8 15 10 101
2 0 1 8 4 21 113
2 0 1 7 21 5 25
2 0 1 7 10 16 67
2 0 1 6 27 0 38
2 0 1 6 16 11 83
2 0 1 6 5 22 99
2 0 1 5 22 6 65
2 0 1 5 11 17 132
2 0 1 5 0 28 25
2 0 1 4 28 1 54
2 0 1 4 17 12 124
2 0 1 4 6 23 126
2 0 1 3 23 7 9
2 0 1 3 12 18 120
2 0 1 3 1 29 76
2 0 1 2 29 2 177
2 0 1 2 18 13 75
2 0 1 2 7 24 168
2 0 1 1 24 8 54
2 0 1 1 13 19 88
2 0 1 1 2 30 38
2 0 1 0 30 3 197
2 0 1 0 19 14 87
2 0 1 0 8 25 171
2 0 0 32 1 1 188
2 0 0 30 2 2 23
2 0 0 28 3 3 79
2 0 0 26 4 4 176
2 0 0 24 5 5 181
2 0 0 23 11 0 111
2 0 0 23 0 11 7
2 0 0 22 6 6 31
2 0 0 21 12 1 63
2 0 0 21 1 12 139
2 0 0 20 7 7 104
2 0 0 19 13 2 25
2 0 0 19 2 13 47
2 0 0 18 8 8 144
2 0 0 17 14 3 153
2 0 0 17 3 14 163
2 0 0 16 9 9 192
2 0 0 15 15 4 125
2 0 0 15 4 15 92
2 0 0 14 10 10 71
2 0 0 13 16 5 183
2 0 0 13 5 16 116
2 0 0 12 22 0 82
2 0 0 12 11 11 130
2 0 0 12 0 22 154
2 0 0 11 17 6 189
2 0 0 11 6 17 20
2 0 0 10 23 1 91
2 0 0 10 12 12 63
2 0 0 10 1 23 16
2 0 0 9 18 7 90
2 0 0 9 7 18 94
2 0 0 8 24 2 172
2 0 0 8 13 13 74
2 0 0 8 2 24 131
2 0 0 7 19 8 144
2 0 0 7 8 19 1
2 0 0 6 25 3 3
2 0 0 6 14 14 153
2 0 0 6 3 25 9
2 0 0 5 20 9 24
2 0 0 5 9 20 98
2 0 0 4 26 4 65
2 0 0 4 15 15 175
2 0 0 4 4 26 15
2 0 0 3 21 10 137
2 0 0 3 10 21 49
2 0 0 2 27 5 198
2 0 0 2 16 16 129
2 0 0 2 5 27 114
2 0 0 1 33 0 57
2 0 0 1 22 11 117
2 0 0 1 11 22 29
2 0 0 0 28 6 139
2 0 0 0 17 17 189
2 0 0 0 6 28 70
3 31 1 1 1 0 137
3 30 2 0 0 2 62
3 30 0 3 0 1 27
3 30 0 1 1 2 38
3 29 4 1 0 0 60
3 29 2 2 1 0 91
3 29 2 0 2 1 63
3 29 1 0 0 4 124
3 29 0 3 2 0 131
3 29 0 1 3 1 76
3 28 3 1 0 2 116
3 28 2 0 4 0 168
3 28 1 4 0 1 17
3 28 1 2 1 2 17
3 28 1 0 2 3 73
3 28 0 1 5 0 25
3 28 0 0 0 6 70
3 27 5 2 0 0 11
3 27 5 0 1 1 187
3 27 3 3 1 0 122
3 27 3 1 2 1 165
3 27 2 1 0 4 93
3 27 1 4 2 0 31
3 27 1 2 3 1 38
3 27 1 0 4 2 82
3 27 0 4 0 3 76
3 27 0 2 1 4 63
3 27 0 0 2 5 114
3 26 5 0 3 0 55
3 26 4 2 0 2 56
3 26 4 0 1 3 118
3 26 3 1 4 0 44
3 26 2 5 0 1 9
3 26 2 3 1 2 67
3 26 2 1 2 3 7
3 26 1 2 5 0 4
3 26 1 1 0 6 156
3 26 1 0 6 1 92
3 26 0 8 0 0 2
3 26 0 6 1 1 83
3 26 0 4 2 2 198
3 26 0 2 3 3 119
3 26 0 0 4 4 15
3 25 8 0 0 1 6
3 25 6 3 0 0 174
3 25 6 1 1 1 21
3 25 4 4 1 0 113
3 25 4 2 2 1 157
3 25 4 0 3 2 122
3 25 3 2 0 4 141
3 25 3 0 1 5 102
3 25 2 5 2 0 141
3 25 2 3 3 1 89
3 25 2 1 4 2 39
3 25 1 5 0 3 19
3 25 1 3 1 4 129
3 25 1 1 2 5 186
3 25 1 0 8 0 152
3 25 0 6 3 0 142
3 25 0 4 4 1 161
3 25 0 2 5 2 163
3 25 0 1 0 8 171
3 25 0 0 6 3 9
3 24 8 0 2 0 186
3 24 7 0 0 3 32
3 24 6 1 3 0 85
3 24 5 3 0 2 137
3 24 5 1 1 3 108
3 24 4 2 4 0 27
3 24 4 0 5 1 85
3 24 3 6 0 1 29
3 24 3 4 1 2 154
3 24 3 2 2 3 100
3 24 3 0 3 4 195
3 24 2 3 5 0 168
3 24 2 2 0 6 7
3 24 2 1 6 1 55
3 24 2 0 1 7 152
3 24 1 9 0 0 97
3 24 1 7 1 1 188
3 24 1 5 2 2 184
3 24 1 3 3 3 34
3 24 1 1 4 4 10
3 24 0 5 0 5 131
3 24 0 4 6 0 130
3 24 0 3 1 6 52
3 24 0 2 7 1 81
3 24 0 1 2 7 168
3 24 0 0 8 2 131
3 23 9 1 0 1 103
3 23 7 4 0 0 35
3 23 7 2 1 1 12
3 23 7 0 2 2 196
3 23 6 0 0 5 179
3 23 5 5 1 0 133
3 23 5 3 2 1 73
3 23 5 1 3 2 42
3 23 4 3 0 4 137
3 23 4 1 1 5 99
3 23 4 0 7 0 170
3 23 3 6 2 0 96
3 23 3 4 3 1 129
3 23 3 0 5 3 30
3 23 2 6 0 3 74
3 23 2 4 1 4 169
3 23 2 2 2 5 198
3 23 2 1 8 0 44
3 23 2 0 3 6 155
3 23 1 7 3 0 85
3 23 1 5 4 1 177
3 23 1 3 5 2 41
3 23 1 2 0 8 167
3 23 1 1 6 3 174
3 23 1 0 1 9 61
3 23 0 9 0 2 135
3 23 0 7 1 3 171
3 23 0 5 2 4 81
3 23 0 3 3 5 59
3 23 0 2 9 0 29
3 23 0 1 4 6 126
3 23 0 0 10 1 16
3 22 11 0 1 0 72
3 22 9 1 2 0 109
3 22 8 1 0 3 26
3 22 7 2 3 0 87
3 22 7 0 4 1 137
3 22 6 4 0 2 155
3 22 6 2 1 3 117
3 22 6 0 2 4 6
3 22 5 3 4 0 46
3 22 5 1 5 1 93
3 22 5 0 0 7 46
3 22 4 7 0 1 77
3 22 4 5 1 2 136
3 22 4 3 2 3 84
3 22 4 1 3 4 180
3 22 3 4 5 0 48
3 22 3 3 0 6 23
3 22 3 2 6 1 40
3 22 3 1 1 7 40
3 22 3 0 7 2 175
3 22 2 10 0 0 86
3 22 2 8 1 1 107
3 22 2 6 2 2 69
3 22 2 4 3 3 161
3 22 2 2 4 4 188
3 22 2 0 5 5 49
3 22 1 6 0 5 34
3 22 1 5 6 0 79
3 22 1 4 1 6 85
3 22 1 3 7 1 76
3 22 1 2 2 7 19
3 22 1 1 8 2 161
3 22 1 0 3 8 59
3 22 0 11 1 0 198
3 22 0 9 2 1 195
3 22 0 7 3 2 21
3 22 0 5 4 3 14
3 22 0 3 5 4 95
3 22 0 2 0 10 154
3 22 0 1 6 5 99
3 22 0 0 12 0 154
3 22 0 0 1 11 29
3 21 10 2 0 1 68
3 21 10 0 1 2 26
3 21 8 5 0 0 5
3 21 8 3 1 1 60
3 21 8 1 2 2 32
3 21 7 1 0 5 97
3 21 7 0 6 0 181
3 21 6 6 1 0 85
3 21 6 4 2 1 128
3 21 6 2 3 2 88
3 21 6 0 4 3 14
3 21 5 4 0 4 118
3 21 5 2 1 5 68
3 21 5 1 7 0 184
3 21 5 0 2 6 179
3 21 4 7 2 0 181
3 21 4 5 3 1 179
3 21 4 3 4 2 117
3 21 4 1 5 3 84
3 21 4 0 0 9 49
3 21 3 7 0 3 50
3 21 3 5 1 4 74
3 21 3 3 2 5 75
3 21 3 2 8 0 30
3 21 3 1 3 6 79
3 21 3 0 9 1 42
3 21 2 8 3 0 91
3 21 2 6 4 1 197
3 21 2 4 5 2 166
3 21 2 3 0 8 25
3 21 2 2 6 3 148
3 21 2 1 1 9 194
3 21 2 0 7 4 147
3 21 1 10 0 2 94
3 21 1 8 1 3 53
3 21 1 6 2 4 139
3 21 1 4 3 5 87
3 21 1 3 9 0 196
3 21 1 2 4 6 13
3 21 1 1 10 1 127
3 21 1 0 5 7 140
3 21 0 9 4 0 193
3 21 0 7 5 1 140
3 21 0 6 0 7 81
3 21 0 5 6 2 36
3 21 0 4 1 8 71
3 21 0 3 7 3 186
3 21 0 2 2 9 134
3 21 0 1 8 4 113
3 21 0 0 3 10 49
3 20 14 0 0 0 105
3 20 12 1 1 0 174
3 20 10 2 2 0 111
3 20 10 0 3 1 64
3 20 9 2 0 3 64
3 20 9 0 1 4 118
3 20 8 3 3 0 109
3 20 8 1 4 1 127
3 20 7 5 0 2 99
3 20 7 3 1 3 152
3 20 7 1 2 4 111
3 20 6 4 4 0 89
3 20 6 2 5 1 143
3 20 6 1 0 7 170
3 20 6 0 6 2 161
3 20 5 8 0 1 4
3 20 5 6 1 2 65
3 20 5 4 2 3 190
3 20 5 2 3 4 79
3 20 5 0 4 5 115
3 20 4 5 5 0 162
3 20 4 4 0 6 29
3 20 4 3 6 1 136
3 20 4 2 1 7 180
3 20 4 1 7 2 13
3 20 4 0 2 8 2
3 20 3 11 0 0 126
3 20 3 9 1 1 68
3 20 3 7 2 2 140
3 20 3 5 3 3 58
3 20 3 3 4 4 145
3 20 3 1 5 5 41
3 20 3 0 11 0 163
3 20 3 0 0 11 159
3 20 2 7 0 5 56
3 20 2 6 6 0 100
3 20 2 5 1 6 169
3 20 2 4 7 1 140
3 20 2 3 2 7 5
3 20 2 2 8 2 42
3 20 2 1 3 8 31
3 20 2 0 9 3 165
3 20 1 12 1 0 96
3 20 1 10 2 1 54
3 20 1 8 3 2 120
3 20 1 6 4 3 63
3 20 1 4 5 4 138
3 20 1 3 0 10 36
3 20 1 2 6 5 48
3 20 1 1 12 0 117
3 20 1 1 1 11 137
3 20 1 0 7 6 174
3 20 0 10 0 4 92
3 20 0 8 1 5 152
3 20 0 7 7 0 51
3 20 0 6 2 6 82
3 20 0 5 8 1 24
3 20 0 4 3 7 154
3 20 0 3 9 2 77
3 20 0 2 4 8 108
3 20 0 1 10 3 5
3 20 0 0 5 9 98
3 19 13 0 0 2 193
3 19 11 3 0 1 70
3 19 11 1 1 2 79
3 19 10 0 5 0 97
3 19 9 6 0 0 115
3 19 9 4 1 1 144
3 19 9 2 2 2 9
3 19 9 0 3 3 62
3 19 8 2 0 5 108
3 19 8 1 6 0 43
3 19 8 0 1 6 55
3 19 7 7 1 0 30
3 19 7 5 2 1 131
3 19 7 3 3 2 80
3 19 7 1 4 3 144
3 19 6 3 1 5 110
3 19 6 2 7 0 9
3 19 6 1 2 6 191
3 19 6 0 8 1 119
3 19 5 8 2 0 147
3 19 5 6 3 1 72
3 19 5 4 4 2 43
3 19 5 2 5 3 24
3 19 5 1 0 9 76
3 19 5 0 6 4 62
3 19 4 8 0 3 176
3 19 4 6 1 4 44
3 19 4 4 2 5 113
3 19 4 3 8 0 164
3 19 4 2 3 6 18
3 19 4 1 9 1 127
3 19 4 0 4 7 78
3 19 3 9 3 0 61
3 19 3 7 4 1 164
3 19 3 5 5 2 40
3 19 3 4 0 8 145
3 19 3 3 6 3 25
3 19 3 2 1 9 162
3 19 3 1 7 4 164
3 19 3 0 2 10 126
3 19 2 11 0 2 130
3 19 2 9 1 3 43
3 19 2 7 2 4 23
3 19 2 5 3 5 183
3 19 2 4 9 0 184
3 19 2 3 4 6 167
3 19 2 2 10 1 176
3 19 2 1 5 7 141
3 19 2 0 11 2 192
3 19 2 0 0 13 5
3 19 1 10 4 0 136
3 19 1 8 5 1 22
3 19 1 7 0 7 181
3 19 1 6 6 2 88
3 19 1 5 1 8 125
3 19 1 4 7 3 147
3 19 1 3 2 9 94
3 19 1 2 8 4 195
3 19 1 1 3 10 31
3 19 1 0 9 5 47
3 19 0 14 0 1 190
3 19 0 12 1 2 48
3 19 0 10 2 3 193
3 19 0 8 3 4 119
3 19 0 6 4 5 85
3 19 0 5 10 0 194
3 19 0 4 5 6 75
3 19 0 3 0 12 81
3 19 0 2 6 7 170
3 19 0 1 12 2 189
3 19 0 1 1 13 88
3 19 0 0 7 8 1
3 18 15 1 0 0 129
3 18 13 2 1 0 153
3 18 13 0 2 1 196
3 18 12 0 0 4 99
3 18 11 3 2 0 195
3 18 11 1 3 1 2
3 18 10 3 0 3 48
3 18 10 1 1 4 37
3 18 9 4 3 0 18
3 18 9 2 4 1 69
3 18 9 0 5 2 40
3 18 8 6 0 2 49
3 18 8 4 1 3 10
3 18 8 2 2 4 33
3 18 8 0 3 5 99
3 18 7 5 4 0 8
3 18 7 3 5 1 37
3 18 7 2 0 7 131
3 18 7 1 6 2 67
3 18 7 0 1 8 2
3 18 6 9 0 1 50
3 18 6 7 1 2 186
3 18 6 5 2 3 61
3 18 6 3 3 4 85
3 18 6 1 4 5 71
3 18 6 0 10 0 14
3 18 5 6 5 0 193
3 18 5 5 0 6 46
3 18 5 4 6 1 120
3 18 5 3 1 7 1
3 18 5 2 7 2 156
3 18 5 1 2 8 91
3 18 5 0 8 3 28
3 18 4 12 0 0 144
3 18 4 10 1 1 120
3 18 4 8 2 2 164
3 18 4 6 3 3 12
3 18 4 4 4 4 5
3 18 4 2 5 5 176
3 18 4 1 11 0 25
3 18 4 1 0 11 45
3 18 4 0 6 6 5
3 18 3 8 0 5 136
3 18 3 7 6 0 93
3 18 3 6 1 6 115
3 18 3 5 7 1 196
3 18 3 4 2 7 40
3 18 3 3 8 2 194
3 18 3 1 9 3 158
3 18 3 0 4 9 167
3 18 2 13 1 0 5
3 18 2 11 2 1 56
3 18 2 9 3 2 61
3 18 2 7 4 3 168
3 18 2 5 5 4 94
3 18 2 4 0 10 143
3 18 2 3 6 5 29
3 18 2 2 12 0 153
3 18 2 2 1 11 85
3 18 2 1 7 6 171
3 18 2 0 13 1 88
3 18 2 0 2 12 153
3 18 1 11 0 4 48
3 18 1 9 1 5 152
3 18 1 8 7 0 106
3 18 1 7 2 6 100
3 18 1 6 8 1 172
3 18 1 5 3 7 162
3 18 1 4 9 2 10
3 18 1 3 4 8 185
3 18 1 2 10 3 130
3 18 1 1 5 9 45
3 18 1 0 11 4 108
3 18 1 0 0 15 58
3 18 0 14 2 0 71
3 18 0 12 3 1 162
3 18 0 10 4 2 76
3 18 0 8 5 3 111
3 18 0 7 0 9 28
3 18 0 6 6 4 77
3 18 0 5 1 10 183
3 18 0 4 7 5 7
3 18 0 3 13 0 37
3 18 0 3 2 11 173
3 18 0 2 8 6 102
3 18 0 1 14 1 1
3 18 0 1 3 12 120
3 18 0 0 9 7 94
3 17 14 1 0 2 168
3 17 13 0 4 0 7
3 17 12 4 0 1 184
3 17 12 2 1 2 14
3 17 12 0 2 3 31
3 17 11 1 5 0 46
3 17 11 0 0 6 174
3 17 10 7 0 0 84
3 17 10 5 1 1 140
3 17 10 3 2 2 177
3 17 10 1 3 3 156
3 17 9 3 0 5 164
3 17 9 2 6 0 18
3 17 9 1 1 6 89
3 17 9 0 7 1 164
3 17 8 8 1 0 168
3 17 8 6 2 1 195
3 17 8 4 3 2 176
3 17 8 2 4 3 145
3 17 8 0 5 4 84
3 17 7 6 0 4 9
3 17 7 4 1 5 95
3 17 7 3 7 0 29
3 17 7 2 2 6 124
3 17 7 1 8 1 18
3 17 7 0 3 7 193
3 17 6 9 2 0 11
3 17 6 7 3 1 31
3 17 6 5 4 2 61
3 17 6 3 5 3 162
3 17 6 2 0 9 42
3 17 6 1 6 4 79
3 17 6 0 1 10 193
3 17 5 9 0 3 78
3 17 5 7 1 4 50
3 17 5 5 2 5 23
3 17 5 4 8 0 71
3 17 5 3 3 6 9
3 17 5 2 9 1 152
3 17 5 1 4 7 179
3 17 5 0 10 2 134
3 17 4 10 3 0 10
3 17 4 8 4 1 43
3 17 4 6 5 2 116
3 17 4 5 0 8 185
3 17 4 4 6 3 51
3 17 4 3 1 9 151
3 17 4 2 7 4 10
3 17 4 1 2 10 159
3 17 4 0 8 5 77
3 17 3 12 0 2 69
3 17 3 10 1 3 98
3 17 3 8 2 4 1
3 17 3 6 3 5 162
3 17 3 5 9 0 111
3 17 3 4 4 6 196
3 17 3 3 10 1 124
3 17 3 2 5 7 28
3 17 3 1 11 2 166
3 17 3 1 0 13 59
3 17 3 0 6 8 55
3 17 2 11 4 0 27
3 17 2 9 5 1 34
3 17 2 8 0 7 114
3 17 2 7 6 2 181
3 17 2 6 1 8 55
3 17 2 5 7 3 4
3 17 2 4 2 9 83
3 17 2 3 8 4 100
3 17 2 2 3 10 77
3 17 2 1 9 5 44
3 17 2 0 15 0 91
3 17 2 0 4 11 41
3 17 1 15 0 1 21
3 17 1 13 1 2 116
3 17 1 11 2 3 61
3 17 1 9 3 4 110
3 17 1 7 4 5 64
3 17 1 6 10 0 55
3 17 1 5 5 6 38
3 17 1 4 11 1 22
3 17 1 4 0 12 12
3 17 1 3 6 7 4
3 17 1 2 12 2 17
3 17 1 2 1 13 54
3 17 1 1 7 8 12
3 17 1 0 13 3 26
3 17 1 0 2 14 69
3 17 0 12 5 0 21
3 17 0 11 0 6 125
3 17 0 10 6 1 144
3 17 0 9 1 7 105
3 17 0 8 7 2 86
3 17 0 7 2 8 160
3 17 0 6 8 3 168
3 17 0 5 3 9 184
3 17 0 4 9 4 83
3 17 0 3 4 10 181
3 17 0 2 10 5 73
3 17 0 1 16 0 48
3 17 0 1 5 11 132
3 17 0 0 11 6 20
3 17 0 0 0 17 189
3 16 16 2 0 0 99
3 16 16 0 1 1 155
3 16 14 3 1 0 28
3 16 14 1 2 1 14
3 16 13 1 0 4 170
3 16 12 4 2 0 164
3 16 12 2 3 1 193
3 16 12 0 4 2 157
3 16 11 4 0 3 131
3 16 11 2 1 4 172
3 16 11 0 2 5 49
3 16 10 5 3 0 17
3 16 10 3 4 1 99
3 16 10 1 5 2 125
3 16 10 0 0 8 184
3 16 9 7 0 2 93
3 16 9 5 1 3 121
3 16 9 3 2 4 161
3 16 9 1 3 5 16
3 16 9 0 9 0 75
3 16 8 6 4 0 12
3 16 8 4 5 1 196
3 16 8 3 0 7 195
3 16 8 2 6 2 25
3 16 8 1 1 8 56
3 16 8 0 7 3 81
3 16 7 10 0 1 173
3 16 7 8 1 2 30
3 16 7 6 2 3 123
3 16 7 4 3 4 16
3 16 7 2 4 5 91
3 16 7 1 10 0 44
3 16 7 0 5 6 139
3 16 6 7 5 0 112
3 16 6 6 0 6 19
3 16 6 5 6 1 146
3 16 6 4 1 7 77
3 16 6 3 7 2 114
3 16 6 2 2 8 128
3 16 6 1 8 3 28
3 16 5 13 0 0 184
3 16 5 11 1 1 54
3 16 5 9 2 2 107
3 16 5 7 3 3 37
3 16 5 5 4 4 193
3 16 5 3 5 5 28
3 16 5 2 11 0 17
3 16 5 2 0 11 193
3 16 5 1 6 6 82
3 16 5 0 12 1 185
3 16 5 0 1 12 196
3 16 4 9 0 5 49
3 16 4 8 6 0 6
3 16 4 7 1 6 185
3 16 4 6 7 1 151
3 16 4 5 2 7 120
3 16 4 4 8 2 111
3 16 4 3 3 8 72
3 16 4 2 9 3 158
3 16 4 1 4 9 90
3 16 4 0 10 4 111
3 16 3 14 1 0 196
3 16 3 12 2 1 141
3 16 3 10 3 2 189
3 16 3 8 4 3 68
3 16 3 6 5 4 15
3 16 3 5 0 10 172
3 16 3 4 6 5 118
3 16 3 3 12 0 96
3 16 3 3 1 11 37
3 16 3 2 7 6 83
3 16 3 1 13 1 115
3 16 3 1 2 12 53
3 16 3 0 8 7 6
3 16 2 12 0 4 82
3 16 2 10 1 5 5
3 16 2 9 7 0 121
3 16 2 8 2 6 78
3 16 2 7 8 1 30
3 16 2 6 3 7 141
3 16 2 5 9 2 27
3 16 2 4 4 8 77
3 16 2 3 10 3 65
3 16 2 2 5 9 196
3 16 2 1 11 4 99
3 16 2 1 0 15 20
3 16 2 0 6 10 41
3 16 1 15 2 0 115
3 16 1 13 3 1 83
3 16 1 11 4 2 168
3 16 1 9 5 3 188
3 16 1 8 0 9 180
3 16 1 7 6 4 139
3 16 1 6 1 10 30
3 16 1 5 7 5 94
3 16 1 4 13 0 10
3 16 1 4 2 11 71
3 16 1 3 8 6 69
3 16 1 2 14 1 169
3 16 1 2 3 12 129
3 16 1 1 9 7 145
3 16 1 0 15 2 176
3 16 1 0 4 13 85
3 16 0 15 0 3 42
3 16 0 13 1 4 76
3 16 0 11 2 5 108
3 16 0 10 8 0 181
3 16 0 9 3 6 55
3 16 0 8 9 1 70
3 16 0 7 4 7 112
3 16 0 6 10 2 7
3 16 0 5 5 8 60
3 16 0 4 11 3 39
3 16 0 4 0 14 31
3 16 0 3 6 9 105
3 16 0 2 12 4 88
3 16 0 2 1 15 140
3 16 0 1 7 10 67
3 16 0 0 13 5 116
3 16 0 0 2 16 129
3 15 16 0 3 0 70
3 15 15 2 0 2 43
3 15 15 0 1 3 22
3 15 14 1 4 0 50
3 15 13 5 0 1 80
3 15 13 3 1 2 31
3 15 13 1 2 3 23
3 15 12 2 5 0 1
3 15 12 1 0 6 113
3 15 12 0 6 1 141
3 15 11 8 0 0 144
3 15 11 6 1 1 168
3 15 11 4 2 2 156
3 15 11 2 3 3 91
3 15 11 0 4 4 56
3 15 10 4 0 5 47
3 15 10 3 6 0 187
3 15 10 2 1 6 126
3 15 10 1 7 1 81
3 15 10 0 2 7 30
3 15 9 9 1 0 185
3 15 9 7 2 1 87
3 15 9 5 3 2 35
3 15 9 3 4 3 116
3 15 9 1 5 4 35
3 15 9 0 0 10 155
3 15 8 7 0 4 2
3 15 8 5 1 5 153
3 15 8 4 7 0 104
3 15 8 3 2 6 172
3 15 8 2 8 1 88
3 15 8 1 3 7 12
3 15 8 0 9 2 125
3 15 7 10 2 0 101
3 15 7 8 3 1 55
3 15 7 6 4 2 46
3 15 7 4 5 3 182
3 15 7 3 0 9 142
3 15 7 2 6 4 49
3 15 7 1 1 10 128
3 15 7 0 7 5 165
3 15 6 10 0 3 194
3 15 6 8 1 4 21
3 15 6 6 2 5 67
3 15 6 5 8 0 56
3 15 6 4 3 6 161
3 15 6 3 9 1 74
3 15 6 2 4 7 48
3 15 6 1 10 2 155
3 15 6 0 5 8 81
3 15 5 11 3 0 16
3 15 5 9 4 1 80
3 15 5 7 5 2 156
3 15 5 6 0 8 156
3 15 5 5 6 3 191
3 15 5 4 1 9 164
3 15 5 3 7 4 77
3 15 5 2 2 10 69
3 15 5 1 8 5 175
3 15 5 0 14 0 151
3 15 5 0 3 11 181
3 15 4 13 0 2 139
3 15 4 11 1 3 5
3 15 4 9 2 4 87
3 15 4 7 3 5 193
3 15 4 6 9 0 165
3 15 4 5 4 6 176
3 15 4 4 10 1 39
3 15 4 3 5 7 118
3 15 4 2 11 2 75
3 15 4 2 0 13 157
3 15 4 1 6 8 192
3 15 4 0 12 3 43
3 15 4 0 1 14 137
3 15 3 12 4 0 28
3 15 3 10 5 1 2
3 15 3 9 0 7 163
3 15 3 8 6 2 159
3 15 3 7 1 8 11
3 15 3 6 7 3 49
3 15 3 5 2 9 64
3 15 3 4 8 4 76
3 15 3 3 3 10 18
3 15 3 2 9 5 163
3 15 3 1 15 0 68
3 15 3 1 4 11 67
3 15 3 0 10 6 20
3 15 2 16 0 1 183
3 15 2 14 1 2 109
3 15 2 12 2 3 30
3 15 2 10 3 4 191
3 15 2 8 4 5 49
3 15 2 7 10 0 22
3 15 2 6 5 6 4
3 15 2 5 11 1 165
3 15 2 5 0 12 166
3 15 2 4 6 7 178
3 15 2 3 12 2 104
3 15 2 3 1 13 94
3 15 2 2 7 8 124
3 15 2 1 13 3 28
3 15 2 1 2 14 54
3 15 2 0 8 9 105
3 15 1 13 5 0 105
3 15 1 12 0 6 91
3 15 1 11 6 1 178
3 15 1 10 1 7 129
3 15 1 9 7 2 190
3 15 1 8 2 8 66
3 15 1 7 8 3 114
3 15 1 6 3 9 167
3 15 1 5 9 4 154
3 15 1 4 4 10 43
3 15 1 3 10 5 87
3 15 1 2 16 0 87
3 15 1 2 5 11 109
3 15 1 1 11 6 94
3 15 1 1 0 17 73
3 15 1 0 17 1 5
3 15 1 0 6 12 44
3 15 0 19 0 0 70
3 15 0 17 1 1 171
3 15 0 15 2 2 83
3 15 0 13 3 3 146
3 15 0 11 4 4 42
3 15 0 9 5 5 28
3 15 0 8 11 0 114
3 15 0 8 0 11 64
3 15 0 7 6 6 176
3 15 0 6 12 1 108
3 15 0 6 1 12 173
3 15 0 5 7 7 183
3 15 0 4 13 2 51
3 15 0 4 2 13 77
3 15 0 3 8 8 180
3 15 0 2 14 3 96
3 15 0 2 3 14 143
3 15 0 1 9 9 15
3 15 0 0 15 4 92
3 15 0 0 4 15 175
3 14 19 0 0 1 113
3 14 17 3 0 0 123
3 14 17 1 1 1 48
3 14 15 4 1 0 107
3 14 15 2 2 1 178
3 14 15 0 3 2 185
3 14 14 2 0 4 52
3 14 14 0 1 5 104
3 14 13 5 2 0 38
3 14 13 3 3 1 38
3 14 13 1 4 2 43
3 14 12 5 0 3 3
3 14 12 3 1 4 10
3 14 12 1 2 5 47
3 14 12 0 8 0 178
3 14 11 6 3 0 173
3 14 11 4 4 1 140
3 14 11 2 5 2 42
3 14 11 1 0 8 62
3 14 11 0 6 3 130
3 14 10 8 0 2 73
3 14 10 6 1 3 174
3 14 10 4 2 4 99
3 14 10 2 3 5 120
3 14 10 1 9 0 106
3 14 10 0 4 6 136
3 14 9 7 4 0 126
3 14 9 5 5 1 165
3 14 9 4 0 7 108
3 14 9 3 6 2 72
3 14 9 2 1 8 46
3 14 9 1 7 3 158
3 14 9 0 2 9 49
3 14 8 11 0 1 110
3 14 8 9 1 2 39
3 14 8 7 2 3 23
3 14 8 5 3 4 4
3 14 8 3 4 5 75
3 14 8 2 10 0 181
3 14 8 1 5 6 172
3 14 8 0 11 1 184
3 14 8 0 0 12 16
3 14 7 8 5 0 67
3 14 7 7 0 6 83
3 14 7 6 6 1 62
3 14 7 5 1 7 182
3 14 7 4 7 2 108
3 14 7 3 2 8 117
3 14 7 2 8 3 192
3 14 7 1 3 9 183
3 14 7 0 9 4 3
3 14 6 14 0 0 75
3 14 6 12 1 1 104
3 14 6 10 2 2 193
3 14 6 8 3 3 178
3 14 6 6 4 4 34
3 14 6 4 5 5 114
3 14 6 3 11 0 179
3 14 6 3 0 11 100
3 14 6 2 6 6 137
3 14 6 1 12 1 152
3 14 6 1 1 12 32
3 14 6 0 7 7 103
3 14 5 10 0 5 9
3 14 5 9 6 0 182
3 14 5 8 1 6 149
3 14 5 7 7 1 79
3 14 5 6 2 7 110
3 14 5 5 8 2 151
3 14 5 4 3 8 94
3 14 5 3 9 3 178
3 14 5 2 4 9 32
3 14 5 1 10 4 24
3 14 5 0 5 10 21
3 14 4 15 1 0 38
3 14 4 13 2 1 144
3 14 4 11 3 2 102
3 14 4 9 4 3 72
3 14 4 7 5 4 64
3 14 4 6 0 10 134
3 14 4 5 6 5 141
3 14 4 4 12 0 76
3 14 4 4 1 11 129
3 14 4 3 7 6 65
3 14 4 2 13 1 48
3 14 4 2 2 12 88
3 14 4 1 8 7 7
3 14 4 0 14 2 41
3 14 4 0 3 13 127
3 14 3 13 0 4 95
3 14 3 11 1 5 51
3 14 3 10 7 0 132
3 14 3 9 2 6 87
3 14 3 8 8 1 95
3 14 3 7 3 7 15
3 14 3 6 9 2 118
3 14 3 5 4 8 114
3 14 3 4 10 3 144
3 14 3 3 5 9 170
3 14 3 2 11 4 88
3 14 3 2 0 15 45
3 14 3 1 6 10 89
3 14 3 0 12 5 120
3 14 3 0 1 16 191
3 14 2 16 2 0 115
3 14 2 14 3 1 43
3 14 2 12 4 2 180
3 14 2 10 5 3 101
3 14 2 9 0 9 97
3 14 2 8 6 4 120
3 14 2 7 1 10 149
3 14 2 6 7 5 196
3 14 2 5 13 0 184
3 14 2 5 2 11 37
3 14 2 4 8 6 169
3 14 2 3 14 1 6
3 14 2 3 3 12 26
3 14 2 2 9 7 153
3 14 2 1 15 2 76
3 14 2 1 4 13 41
3 14 2 0 10 8 83
3 14 1 16 0 3 164
3 14 1 14 1 4 35
3 14 1 12 2 5 198
3 14 1 11 8 0 183
3 14 1 10 3 6 100
3 14 1 9 9 1 103
3 14 1 8 4 7 43
3 14 1 7 10 2 108
3 14 1 6 5 8 92
3 14 1 5 11 3 175
3 14 1 5 0 14 126
3 14 1 4 6 9 81
3 14 1 3 12 4 71
3 14 1 3 1 15 71
3 14 1 2 7 10 86
3 14 1 1 13 5 72
3 14 1 1 2 16 74
3 14 1 0 19 0 143
3 14 1 0 8 11 191
3 14 0 17 3 0 71
3 14 0 15 4 1 69
3 14 0 13 5 2 126
3 14 0 12 0 8 142
3 14 0 11 6 3 52
3 14 0 10 1 9 83
3 14 0 9 7 4 123
3 14 0 8 2 10 174
3 14 0 7 8 5 34
3 14 0 6 14 0 164
3 14 0 6 3 11 110
3 14 0 5 9 6 157
3 14 0 4 15 1 72
3 14 0 4 4 12 61
3 14 0 3 10 7 65
3 14 0 2 16 2 52
3 14 0 2 5 13 23
3 14 0 1 11 8 64
3 14 0 1 0 19 87
3 14 0 0 17 3 163
3 14 0 0 6 14 153
3 13 19 0 2 0 16
3 13 18 0 0 3 167
3 13 17 1 3 0 136
3 13 16 3 0 2 29
3 13 16 1 1 3 56
3 13 15 2 4 0 109
3 13 14 6 0 1 190
3 13 14 4 1 2 188
3 13 14 2 2 3 125
3 13 14 0 3 4 23
3 13 13 3 5 0 161
3 13 13 2 0 6 173
3 13 13 1 6 1 113
3 13 13 0 1 7 195
3 13 12 9 0 0 87
3 13 12 7 1 1 186
3 13 12 5 2 2 83
3 13 12 3 3 3 67
3 13 12 1 4 4 16
3 13 11 5 0 5 67
3 13 11 4 6 0 64
3 13 11 3 1 6 151
3 13 11 2 7 1 54
3 13 11 1 2 7 84
3 13 11 0 8 2 18
3 13 10 10 1 0 106
3 13 10 8 2 1 154
3 13 10 6 3 2 98
3 13 10 4 4 3 197
3 13 10 2 5 4 46
3 13 10 1 0 10 117
3 13 10 0 6 5 139
3 13 9 8 0 4 89
3 13 9 6 1 5 174
3 13 9 5 7 0 151
3 13 9 4 2 6 79
3 13 9 3 8 1 157
3 13 9 2 3 7 4
3 13 9 1 9 2 7
3 13 9 0 4 8 169
3 13 8 11 2 0 197
3 13 8 9 3 1 21
3 13 8 7 4 2 166
3 13 8 5 5 3 82
3 13 8 4 0 9 102
3 13 8 3 6 4 141
3 13 8 2 1 10 187
3 13 8 1 7 5 130
3 13 8 0 13 0 9
3 13 8 0 2 11 124
3 13 7 11 0 3 24
3 13 7 9 1 4 179
3 13 7 7 2 5 26
3 13 7 6 8 0 77
3 13 7 5 3 6 23
3 13 7 4 9 1 6
3 13 7 3 4 7 126
3 13 7 2 10 2 144
3 13 7 1 5 8 23
3 13 7 0 11 3 55
3 13 7 0 0 14 163
3 13 6 12 3 0 171
3 13 6 10 4 1 171
3 13 6 8 5 2 98
3 13 6 7 0 8 27
3 13 6 6 6 3 115
3 13 6 5 1 9 152
3 13 6 4 7 4 167
3 13 6 3 2 10 21
3 13 6 2 8 5 33
3 13 6 1 14 0 48
3 13 6 1 3 11 97
3 13 6 0 9 6 49
3 13 5 14 0 2 125
3 13 5 12 1 3 8
3 13 5 10 2 4 108
3 13 5 8 3 5 21
3 13 5 7 9 0 56
3 13 5 6 4 6 93
3 13 5 5 10 1 23
3 13 5 4 5 7 47
3 13 5 3 11 2 195
3 13 5 3 0 13 48
3 13 5 2 6 8 45
3 13 5 1 12 3 129
3 13 5 0 7 9 94
3 13 4 13 4 0 193
3 13 4 11 5 1 6
3 13 4 10 0 7 85
3 13 4 9 6 2 26
3 13 4 8 1 8 47
3 13 4 7 7 3 34
3 13 4 6 2 9 138
3 13 4 5 8 4 97
3 13 4 4 3 10 42
3 13 4 3 9 5 93
3 13 4 2 15 0 51
3 13 4 2 4 11 40
3 13 4 1 10 6 32
3 13 4 0 16 1 19
3 13 4 0 5 12 135
3 13 3 17 0 1 5
3 13 3 15 1 2 88
3 13 3 13 2 3 118
3 13 3 11 3 4 180
3 13 3 9 4 5 88
3 13 3 8 10 0 185
3 13 3 7 5 6 159
3 13 3 6 11 1 31
3 13 3 6 0 12 156
3 13 3 5 6 7 166
3 13 3 4 12 2 112
3 13 3 4 1 13 40
3 13 3 3 7 8 172
3 13 3 2 13 3 158
3 13 3 2 2 14 132
3 13 3 1 8 9 156
3 13 3 0 14 4 184
3 13 3 0 3 15 179
3 13 2 14 5 0 193
3 13 2 13 0 6 47
3 13 2 12 6 1 156
3 13 2 11 1 7 105
3 13 2 10 7 2 100
3 13 2 9 2 8 81
3 13 2 8 8 3 195
3 13 2 7 3 9 114
3 13 2 6 9 4 28
3 13 2 5 4 10 196
3 13 2 4 10 5 20
3 13 2 3 16 0 59
3 13 2 3 5 11 176
3 13 2 2 11 6 13
3 13 2 2 0 17 33
3 13 2 1 17 1 75
3 13 2 1 6 12 43
3 13 2 0 12 7 81
3 13 2 0 1 18 16
3 13 1 20 0 0 110
3 13 1 18 1 1 55
3 13 1 16 2 2 20
3 13 1 14 3 3 177
3 13 1 12 4 4 87
3 13 1 10 5 5 3
3 13 1 9 11 0 62
3 13 1 9 0 11 24
3 13 1 8 6 6 3
3 13 1 7 12 1 193
3 13 1 7 1 12 106
3 13 1 6 7 7 49
3 13 1 5 13 2 176
3 13 1 5 2 13 24
3 13 1 4 8 8 72
3 13 1 3 14 3 80
3 13 1 3 3 14 69
3 13 1 2 9 9 123
3 13 1 1 15 4 27
3 13 1 1 4 15 46
3 13 1 0 10 10 133
3 13 0 16 0 5 133
3 13 0 15 6 0 20
3 13 0 14 1 6 80
3 13 0 13 7 1 28
3 13 0 12 2 7 35
3 13 0 11 8 2 39
3 13 0 10 3 8 11
3 13 0 9 9 3 112
3 13 0 8 4 9 195
3 13 0 7 10 4 5
3 13 0 6 5 10 77
3 13 0 5 11 5 69
3 13 0 5 0 16 4
3 13 0 4 17 0 181
3 13 0 4 6 11 53
3 13 0 3 12 6 105
3 13 0 3 1 17 164
3 13 0 2 18 1 106
3 13 0 2 7 12 151
3 13 0 1 13 7 48
3 13 0 1 2 18 75
3 13 0 0 19 2 47
3 13 0 0 8 13 74
3 12 20 1 0 1 131
3 12 18 4 0 0 98
3 12 18 2 1 1 96
3 12 18 0 2 2 81
3 12 17 0 0 5 34
3 12 16 5 1 0 45
3 12 16 3 2 1 185
3 12 16 1 3 2 138
3 12 15 3 0 4 36
3 12 15 1 1 5 141
3 12 15 0 7 0 79
3 12 14 6 2 0 34
3 12 14 4 3 1 72
3 12 14 2 4 2 110
3 12 14 0 5 3 143
3 12 13 6 0 3 18
3 12 13 4 1 4 142
3 12 13 2 2 5 145
3 12 13 1 8 0 70
3 12 13 0 3 6 41
3 12 12 7 3 0 8
3 12 12 5 4 1 169
3 12 12 3 5 2 174
3 12 12 2 0 8 10
3 12 12 1 6 3 104
3 12 12 0 1 9 145
3 12 11 9 0 2 108
3 12 11 7 1 3 117
3 12 11 5 2 4 79
3 12 11 3 3 5 142
3 12 11 2 9 0 167
3 12 11 1 4 6 193
3 12 11 0 10 1 115
3 12 10 8 4 0 67
3 12 10 6 5 1 55
3 12 10 5 0 7 171
3 12 10 4 6 2 178
3 12 10 3 1 8 14
3 12 10 2 7 3 160
3 12 10 1 2 9 59
3 12 10 0 8 4 172
3 12 9 12 0 1 198
3 12 9 10 1 2 4
3 12 9 8 2 3 70
3 12 9 6 3 4 47
3 12 9 4 4 5 55
3 12 9 3 10 0 102
3 12 9 2 5 6 73
3 12 9 1 11 1 51
3 12 9 1 0 12 19
3 12 9 0 6 7 80
3 12 8 9 5 0 83
3 12 8 8 0 6 10
3 12 8 7 6 1 50
3 12 8 6 1 7 149
3 12 8 5 7 2 132
3 12 8 4 2 8 39
3 12 8 3 8 3 101
3 12 8 2 3 9 6
3 12 8 1 9 4 61
3 12 8 0 4 10 136
3 12 7 15 0 0 32
3 12 7 13 1 1 155
3 12 7 11 2 2 121
3 12 7 9 3 3 148
3 12 7 7 4 4 80
3 12 7 5 5 5 159
3 12 7 4 11 0 17
3 12 7 4 0 11 183
3 12 7 3 6 6 128
3 12 7 2 12 1 53
3 12 7 2 1 12 144
3 12 7 1 7 7 104
3 12 7 0 13 2 6
3 12 7 0 2 13 99
3 12 6 11 0 5 132
3 12 6 10 6 0 104
3 12 6 9 1 6 59
3 12 6 8 7 1 87
3 12 6 7 2 7 35
3 12 6 6 8 2 43
3 12 6 5 3 8 19
3 12 6 4 9 3 75
3 12 6 3 4 9 1
3 12 6 2 10 4 21
3 12 6 1 5 10 66
3 12 6 0 11 5 194
3 12 6 0 0 16 179
3 12 5 16 1 0 150
3 12 5 14 2 1 6
3 12 5 12 3 2 70
3 12 5 10 4 3 194
3 12 5 8 5 4 19
3 12 5 7 0 10 15
3 12 5 6 6 5 45
3 12 5 5 12 0 29
3 12 5 5 1 11 136
3 12 5 4 7 6 22
3 12 5 3 13 1 51
3 12 5 3 2 12 12
3 12 5 2 8 7 88
3 12 5 1 14 2 34
3 12 5 1 3 13 126
3 12 5 0 9 8 125
3 12 4 14 0 4 14
3 12 4 12 1 5 181
3 12 4 11 7 0 121
3 12 4 10 2 6 161
3 12 4 9 8 1 40
3 12 4 8 3 7 87
3 12 4 7 9 2 30
3 12 4 6 4 8 62
3 12 4 5 10 3 19
3 12 4 4 5 9 154
3 12 4 3 11 4 139
3 12 4 3 0 15 150
3 12 4 2 6 10 167
3 12 4 1 12 5 75
3 12 4 1 1 16 161
3 12 4 0 18 0 111
3 12 4 0 7 11 60
3 12 3 17 2 0 72
3 12 3 15 3 1 96
3 12 3 13 4 2 122
3 12 3 11 5 3 92
3 12 3 10 0 9 94
3 12 3 9 6 4 122
3 12 3 8 1 10 158
3 12 3 7 7 5 170
3 12 3 6 13 0 2
3 12 3 6 2 11 147
3 12 3 5 8 6 180
3 12 3 4 14 1 76
3 12 3 4 3 12 57
3 12 3 3 9 7 99
3 12 3 2 15 2 73
3 12 3 2 4 13 163
3 12 3 1 10 8 103
3 12 3 0 16 3 140
3 12 3 0 5 14 28
3 12 2 17 0 3 27
3 12 2 15 1 4 28
3 12 2 13 2 5 196
3 12 2 12 8 0 154
3 12 2 11 3 6 47
3 12 2 10 9 1 70
3 12 2 9 4 7 174
3 12 2 8 10 2 91
3 12 2 7 5 8 170
3 12 2 6 11 3 141
3 12 2 6 0 14 115
3 12 2 5 6 9 59
3 12 2 4 12 4 96
3 12 2 4 1 15 63
3 12 2 3 7 10 17
3 12 2 2 13 5 105
3 12 2 2 2 16 107
3 12 2 1 19 0 145
3 12 2 1 8 11 66
3 12 2 0 14 6 154
3 12 2 0 3 17 93
3 12 1 18 3 0 129
3 12 1 16 4 1 176
3 12 1 14 5 2 111
3 12 1 13 0 8 113
3 12 1 12 6 3 4
3 12 1 11 1 9 12
3 12 1 10 7 4 47
3 12 1 9 2 10 143
3 12 1 8 8 5 184
3 12 1 7 14 0 115
3 12 1 7 3 11 116
3 12 1 6 9 6 137
3 12 1 5 15 1 47
3 12 1 5 4 12 41
3 12 1 4 10 7 39
3 12 1 3 16 2 134
3 12 1 3 5 13 132
3 12 1 2 11 8 184
3 12 1 2 0 19 182
3 12 1 1 17 3 47
3 12 1 1 6 14 128
3 12 1 0 12 9 26
3 12 1 0 1 20 139
3 12 0 20 0 2 146
3 12 0 18 1 3 29
3 12 0 16 2 4 9
3 12 0 14 3 5 90
3 12 0 13 9 0 38
3 12 0 12 4 6 18
3 12 0 11 10 1 183
3 12 0 10 5 7 107
3 12 0 9 11 2 122
3 12 0 9 0 13 72
3 12 0 8 6 8 113
3 12 0 7 12 3 117
3 12 0 7 1 14 82
3 12 0 6 7 9 21
3 12 0 5 13 4 35
3 12 0 5 2 15 173
3 12 0 4 8 10 158
3 12 0 3 14 5 84
3 12 0 3 3 16 50
3 12 0 2 20 0 172
3 12 0 2 9 11 7
3 12 0 1 15 6 131
3 12 0 1 4 17 124
3 12 0 0 21 1 139
3 12 0 0 10 12 63
3 11 22 0 1 0 110
3 11 20 1 2 0 103
3 11 19 1 0 3 90
3 11 18 2 3 0 63
3 11 18 0 4 1 81
3 11 17 4 0 2 161
3 11 17 2 1 3 160
3 11 17 0 2 4 104
3 11 16 3 4 0 193
3 11 16 1 5 1 52
3 11 16 0 0 7 129
3 11 15 7 0 1 172
3 11 15 5 1 2 165
3 11 15 3 2 3 65
3 11 15 1 3 4 130
3 11 14 4 5 0 60
3 11 14 3 0 6 69
3 11 14 2 6 1 185
3 11 14 1 1 7 56
3 11 14 0 7 2 135
3 11 13 10 0 0 194
3 11 13 8 1 1 142
3 11 13 6 2 2 64
3 11 13 4 3 3 11
3 11 13 2 4 4 183
3 11 13 0 5 5 129
3 11 12 6 0 5 48
3 11 12 5 6 0 103
3 11 12 4 1 6 118
3 11 12 3 7 1 40
3 11 12 2 2 7 176
3 11 12 1 8 2 66
3 11 12 0 3 8 151
3 11 11 11 1 0 183
3 11 11 9 2 1 159
3 11 11 7 3 2 71
3 11 11 5 4 3 69
3 11 11 3 5 4 67
3 11 11 2 0 10 25
3 11 11 1 6 5 136
3 11 11 0 12 0 22
3 11 11 0 1 11 88
3 11 10 9 0 4 86
3 11 10 7 1 5 133
3 11 10 6 7 0 79
3 11 10 5 2 6 166
3 11 10 4 8 1 171
3 11 10 3 3 7 132
3 11 10 2 9 2 97
3 11 10 1 4 8 184
3 11 10 0 10 3 11
3 11 9 12 2 0 131
3 11 9 10 3 1 113
3 11 9 8 4 2 168
3 11 9 6 5 3 78
3 11 9 5 0 9 125
3 11 9 4 6 4 114
3 11 9 3 1 10 12
3 11 9 2 7 5 75
3 11 9 1 13 0 83
3 11 9 1 2 11 157
3 11 9 0 8 6 38
3 11 8 12 0 3 53
3 11 8 10 1 4 93
3 11 8 8 2 5 131
3 11 8 7 8 0 185
3 11 8 6 3 6 158
3 11 8 5 9 1 171
3 11 8 4 4 7 168
3 11 8 3 10 2 77
3 11 8 2 5 8 12
3 11 8 1 11 3 175
3 11 8 1 0 14 108
3 11 8 0 6 9 135
3 11 7 13 3 0 49
3 11 7 11 4 1 59
3 11 7 9 5 2 52
3 11 7 8 0 8 6
3 11 7 7 6 3 172
3 11 7 6 1 9 102
3 11 7 5 7 4 56
3 11 7 4 2 10 16
3 11 7 3 8 5 51
3 11 7 2 14 0 66
3 11 7 2 3 11 9
3 11 7 1 9 6 31
3 11 7 0 15 1 123
3 11 7 0 4 12 24
3 11 6 15 0 2 149
3 11 6 13 1 3 192
3 11 6 11 2 4 79
3 11 6 9 3 5 132
3 11 6 8 9 0 194
3 11 6 7 4 6 109
3 11 6 6 10 1 78
3 11 6 5 5 7 166
3 11 6 4 11 2 58
3 11 6 4 0 13 83
3 11 6 3 6 8 179
3 11 6 2 12 3 65
3 11 6 2 1 14 25
3 11 6 1 7 9 34
3 11 6 0 13 4 105
3 11 6 0 2 15 128
3 11 5 14 4 0 120
3 11 5 12 5 1 126
3 11 5 11 0 7 136
3 11 5 10 6 2 133
3 11 5 9 1 8 19
3 11 5 8 7 3 73
3 11 5 7 2 9 19
3 11 5 6 8 4 102
3 11 5 5 3 10 128
3 11 5 4 9 5 170
3 11 5 3 15 0 61
3 11 5 3 4 11 179
3 11 5 2 10 6 96
3 11 5 1 16 1 55
3 11 5 1 5 12 52
3 11 5 0 11 7 170
3 11 5 0 0 18 126
3 11 4 18 0 1 44
3 11 4 16 1 2 197
3 11 4 14 2 3 103
3 11 4 12 3 4 104
3 11 4 10 4 5 153
3 11 4 9 10 0 127
3 11 4 8 5 6 180
3 11 4 7 11 1 110
3 11 4 7 0 12 122
3 11 4 6 6 7 62
3 11 4 5 12 2 141
3 11 4 5 1 13 27
3 11 4 4 7 8 5
3 11 4 3 13 3 28
3 11 4 3 2 14 88
3 11 4 2 8 9 157
3 11 4 1 14 4 60
3 11 4 1 3 15 40
3 11 4 0 9 10 169
3 11 3 15 5 0 81
3 11 3 14 0 6 88
3 11 3 13 6 1 52
3 11 3 12 1 7 159
3 11 3 11 7 2 171
3 11 3 10 2 8 184
3 11 3 9 8 3 105
3 11 3 8 3 9 115
3 11 3 7 9 4 96
3 11 3 6 4 10 120
3 11 3 5 10 5 131
3 11 3 4 16 0 53
3 11 3 4 5 11 97
3 11 3 3 11 6 5
3 11 3 3 0 17 127
3 11 3 2 17 1 76
3 11 3 2 6 12 139
3 11 3 1 12 7 76
3 11 3 1 1 18 167
3 11 3 0 18 2 131
3 11 3 0 7 13 107
3 11 2 21 0 0 127
3 11 2 19 1 1 129
3 11 2 17 2 2 76
3 11 2 15 3 3 109
3 11 2 13 4 4 88
3 11 2 11 5 5 108
3 11 2 10 11 0 84
3 11 2 10 0 11 66
3 11 2 9 6 6 113
3 11 2 8 12 1 53
3 11 2 8 1 12 169
3 11 2 7 7 7 21
3 11 2 6 13 2 141
3 11 2 6 2 13 60
3 11 2 5 8 8 178
3 11 2 4 14 3 149
3 11 2 4 3 14 85
3 11 2 3 9 9 190
3 11 2 2 15 4 133
3 11 2 2 4 15 157
3 11 2 1 10 10 83
3 11 2 0 16 5 23
3 11 2 0 5 16 80
3 11 1 17 0 5 2
3 11 1 16 6 0 76
3 11 1 15 1 6 168
3 11 1 14 7 1 150
3 11 1 13 2 7 162
3 11 1 12 8 2 105
3 11 1 11 3 8 31
3 11 1 10 9 3 28
3 11 1 9 4 9 111
3 11 1 8 10 4 139
3 11 1 7 5 10 118
3 11 1 6 11 5 165
3 11 1 6 0 16 12
3 11 1 5 17 0 84
3 11 1 5 6 11 31
3 11 1 4 12 6 53
3 11 1 4 1 17 3
3 11 1 3 18 1 90
3 11 1 3 7 12 43
3 11 1 2 13 7 42
3 11 1 2 2 18 35
3 11 1 1 19 2 180
3 11 1 1 8 13 64
3 11 1 0 14 8 173
3 11 1 0 3 19 93
3 11 0 22 1 0 169
3 11 0 20 2 1 150
3 11 0 18 3 2 82
3 11 0 16 4 3 188
3 11 0 14 5 4 140
3 11 0 13 0 10 9
3 11 0 12 6 5 130
3 11 0 11 12 0 103
3 11 0 11 1 11 171
3 11 0 10 7 6 36
3 11 0 9 13 1 15
3 11 0 9 2 12 181
3 11 0 8 8 7 85
3 11 0 7 14 2 158
3 11 0 7 3 13 145
3 11 0 6 9 8 28
3 11 0 5 15 3 159
3 11 0 5 4 14 99
3 11 0 4 10 9 83
3 11 0 3 16 4 132
3 11 0 3 5 15 19
3 11 0 2 11 10 186
3 11 0 2 0 21 10
3 11 0 1 17 5 178
3 11 0 1 6 16 83
3 11 0 0 23 0 7
3 11 0 0 12 11 130
3 11 0 0 1 22 117
3 10 21 2 0 1 180
3 10 21 0 1 2 58
3 10 19 5 0 0 170
3 10 19 3 1 1 80
3 10 19 1 2 2 129
3 10 18 1 0 5 173
3 10 18 0 6 0 111
3 10 17 6 1 0 103
3 10 17 4 2 1 128
3 10 17 2 3 2 20
3 10 17 0 4 3 121
3 10 16 4 0 4 38
3 10 16 2 1 5 33
3 10 16 1 7 0 170
3 10 16 0 2 6 72
3 10 15 7 2 0 108
3 10 15 5 3 1 193
3 10 15 3 4 2 42
3 10 15 1 5 3 38
3 10 15 0 0 9 164
3 10 14 7 0 3 135
3 10 14 5 1 4 143
3 10 14 3 2 5 172
3 10 14 2 8 0 61
3 10 14 1 3 6 119
3 10 14 0 9 1 180
3 10 13 8 3 0 185
3 10 13 6 4 1 97
3 10 13 4 5 2 89
3 10 13 3 0 8 4
3 10 13 2 6 3 145
3 10 13 1 1 9 175
3 10 13 0 7 4 112
3 10 12 10 0 2 170
3 10 12 8 1 3 66
3 10 12 6 2 4 118
3 10 12 4 3 5 114
3 10 12 3 9 0 50
3 10 12 2 4 6 98
3 10 12 1 10 1 120
3 10 12 0 5 7 86
3 10 11 9 4 0 46
3 10 11 7 5 1 66
3 10 11 6 0 7 48
3 10 11 5 6 2 147
3 10 11 4 1 8 188
3 10 11 3 7 3 21
3 10 11 2 2 9 144
3 10 11 1 8 4 177
3 10 11 0 3 10 43
3 10 10 13 0 1 97
3 10 10 11 1 2 184
3 10 10 9 2 3 111
3 10 10 7 3 4 198
3 10 10 5 4 5 11
3 10 10 4 10 0 90
3 10 10 3 5 6 95
3 10 10 2 11 1 90
3 10 10 2 0 12 16
3 10 10 1 6 7 135
3 10 10 0 12 2 37
3 10 10 0 1 13 96
3 10 9 10 5 0 90
3 10 9 9 0 6 177
3 10 9 8 6 1 25
3 10 9 7 1 7 145
3 10 9 6 7 2 21
3 10 9 5 2 8 81
3 10 9 4 8 3 150
3 10 9 3 3 9 150
3 10 9 2 9 4 178
3 10 9 1 4 10 7
3 10 9 0 10 5 196
3 10 8 16 0 0 61
3 10 8 14 1 1 148
3 10 8 12 2 2 69
3 10 8 10 3 3 40
3 10 8 8 4 4 49
3 10 8 6 5 5 12
3 10 8 5 11 0 197
3 10 8 5 0 11 74
3 10 8 4 6 6 110
3 10 8 3 12 1 140
3 10 8 3 1 12 146
3 10 8 2 7 7 83
3 10 8 1 13 2 158
3 10 8 1 2 13 13
3 10 8 0 8 8 6
3 10 7 12 0 5 56
3 10 7 11 6 0 154
3 10 7 10 1 6 135
3 10 7 9 7 1 65
3 10 7 8 2 7 69
3 10 7 7 8 2 117
3 10 7 6 3 8 146
3 10 7 5 9 3 195
3 10 7 4 4 9 186
3 10 7 3 10 4 186
3 10 7 2 5 10 49
3 10 7 1 11 5 192
3 10 7 1 0 16 179
3 10 7 0 17 0 8
3 10 7 0 6 11 75
3 10 6 17 1 0 95
3 10 6 15 2 1 119
3 10 6 13 3 2 98
3 10 6 11 4 3 146
3 10 6 9 5 4 28
3 10 6 8 0 10 137
3 10 6 7 6 5 42
3 10 6 6 12 0 89
3 10 6 6 1 11 30
3 10 6 5 7 6 163
3 10 6 4 13 1 119
3 10 6 4 2 12 76
3 10 6 2 14 2 122
3 10 6 2 3 13 104
3 10 6 1 9 8 183
3 10 6 0 15 3 86
3 10 6 0 4 14 39
3 10 5 15 0 4 93
3 10 5 13 1 5 58
3 10 5 12 7 0 102
3 10 5 11 2 6 81
3 10 5 10 8 1 57
3 10 5 9 3 7 127
3 10 5 8 9 2 178
3 10 5 7 4 8 97
3 10 5 6 10 3 14
3 10 5 5 5 9 180
3 10 5 4 11 4 94
3 10 5 4 0 15 132
3 10 5 3 6 10 116
3 10 5 2 12 5 176
3 10 5 2 1 16 133
3 10 5 1 18 0 188
3 10 5 1 7 11 56
3 10 5 0 13 6 134
3 10 5 0 2 17 5
3 10 4 18 2 0 83
3 10 4 16 3 1 197
3 10 4 14 4 2 163
3 10 4 12 5 3 194
3 10 4 11 0 9 143
3 10 4 10 6 4 114
3 10 4 9 1 10 163
3 10 4 8 7 5 95
3 10 4 7 13 0 117
3 10 4 7 2 11 111
3 10 4 6 8 6 112
3 10 4 5 14 1 185
3 10 4 5 3 12 6
3 10 4 4 9 7 7
3 10 4 3 15 2 51
3 10 4 3 4 13 96
3 10 4 2 10 8 19
3 10 4 1 16 3 144
3 10 4 1 5 14 173
3 10 4 0 11 9 25
3 10 4 0 0 20 77
3 10 3 18 0 3 20
3 10 3 16 1 4 17
3 10 3 14 2 5 98
3 10 3 13 8 0 155
3 10 3 12 3 6 17
3 10 3 11 9 1 198
3 10 3 10 4 7 108
3 10 3 9 10 2 194
3 10 3 8 5 8 178
3 10 3 7 11 3 161
3 10 3 7 0 14 153
3 10 3 6 6 9 90
3 10 3 5 12 4 73
3 10 3 4 7 10 144
3 10 3 3 13 5 43
3 10 3 3 2 16 102
3 10 3 2 19 0 187
3 10 3 2 8 11 139
3 10 3 1 14 6 191
3 10 3 1 3 17 25
3 10 3 0 20 1 57
3 10 3 0 9 12 91
3 10 2 19 3 0 35
3 10 2 17 4 1 71
3 10 2 15 5 2 22
3 10 2 14 0 8 26
3 10 2 13 6 3 68
3 10 2 12 1 9 76
3 10 2 11 7 4 154
3 10 2 10 2 10 33
3 10 2 9 8 5 157
3 10 2 8 14 0 167
3 10 2 8 3 11 71
3 10 2 7 9 6 24
3 10 2 6 15 1 143
3 10 2 6 4 12 76
3 10 2 5 10 7 173
3 10 2 4 16 2 108
3 10 2 4 5 13 42
3 10 2 3 11 8 64
3 10 2 3 0 19 81
3 10 2 2 17 3 95
3 10 2 2 6 14 143
3 10 2 1 12 9 94
3 10 2 1 1 20 125
3 10 2 0 18 4 17
3 10 2 0 7 15 9
3 10 1 21 0 2 17
3 10 1 19 1 3 31
3 10 1 17 2 4 166
3 10 1 15 3 5 151
3 10 1 14 9 0 168
3 10 1 13 4 6 101
3 10 1 12 10 1 180
3 10 1 11 5 7 171
3 10 1 10 11 2 1
3 10 1 10 0 13 191
3 10 1 9 6 8 54
3 10 1 8 12 3 10
3 10 1 8 1 14 111
3 10 1 7 7 9 66
3 10 1 6 13 4 30
3 10 1 6 2 15 157
3 10 1 5 8 10 130
3 10 1 4 14 5 79
3 10 1 4 3 16 192
3 10 1 3 20 0 117
3 10 1 3 9 11 62
3 10 1 2 15 6 18
3 10 1 2 4 17 44
3 10 1 1 21 1 37
3 10 1 1 10 12 116
3 10 1 0 16 7 179
3 10 1 0 5 18 164
3 10 0 20 4 0 49
3 10 0 18 5 1 10
3 10 0 17 0 7 108
3 10 0 16 6 2 143
3 10 0 15 1 8 26
3 10 0 14 7 3 90
3 10 0 13 2 9 163
3 10 0 12 8 4 83
3 10 0 11 3 10 193
3 10 0 10 9 5 184
3 10 0 9 15 0 161
3 10 0 9 4 11 126
3 10 0 8 10 6 12
3 10 0 7 16 1 27
3 10 0 7 5 12 74
3 10 0 6 11 7 143
3 10 0 6 0 18 2
3 10 0 5 17 2 56
3 10 0 5 6 13 173
3 10 0 4 12 8 31
3 10 0 4 1 19 91
3 10 0 3 18 3 124
3 10 0 3 7 14 37
3 10 0 2 13 9 18
3 10 0 2 2 20 17
3 10 0 1 19 4 70
3 10 0 1 8 15 101
3 10 0 0 14 10 71
3 10 0 0 3 21 137
3 9 25 0 0 0 129
3 9 23 1 1 0 97
3 9 21 2 2 0 76
3 9 21 0 3 1 82
3 9 20 2 0 3 4
3 9 20 0 1 4 53
3 9 19 3 3 0 8
3 9 19 1 4 1 14
3 9 18 5 0 2 170
3 9 18 3 1 3 22
3 9 18 1 2 4 7
3 9 17 4 4 0 168
3 9 17 2 5 1 96
3 9 17 1 0 7 56
3 9 17 0 6 2 53
3 9 16 8 0 1 197
3 9 16 6 1 2 160
3 9 16 4 2 3 77
3 9 16 2 3 4 4
3 9 16 0 4 5 141
3 9 15 5 5 0 154
3 9 15 4 0 6 169
3 9 15 3 6 1 50
3 9 15 2 1 7 16
3 9 15 1 7 2 155
3 9 15 0 2 8 37
3 9 14 11 0 0 132
3 9 14 9 1 1 146
3 9 14 7 2 2 159
3 9 14 5 3 3 85
3 9 14 3 4 4 54
3 9 14 1 5 5 99
3 9 14 0 11 0 160
3 9 14 0 0 11 18
3 9 13 7 0 5 20
3 9 13 6 6 0 112
3 9 13 5 1 6 27
3 9 13 4 7 1 14
3 9 13 3 2 7 113
3 9 13 2 8 2 107
3 9 13 1 3 8 128
3 9 13 0 9 3 155
3 9 12 12 1 0 145
3 9 12 10 2 1 51
3 9 12 8 3 2 87
3 9 12 6 4 3 147
3 9 12 4 5 4 139
3 9 12 3 0 10 78
3 9 12 2 6 5 89
3 9 12 1 12 0 138
3 9 12 1 1 11 172
3 9 12 0 7 6 114
3 9 11 10 0 4 68
3 9 11 8 1 5 157
3 9 11 7 7 0 137
3 9 11 6 2 6 116
3 9 11 5 8 1 47
3 9 11 4 3 7 42
3 9 11 3 9 2 18
3 9 11 2 4 8 168
3 9 11 1 10 3 70
3 9 11 0 5 9 77
3 9 10 11 3 1 7
3 9 10 9 4 2 152
3 9 10 7 5 3 25
3 9 10 6 0 9 107
3 9 10 5 6 4 103
3 9 10 4 1 10 31
3 9 10 3 7 5 10
3 9 10 2 13 0 168
3 9 10 2 2 11 188
3 9 10 1 8 6 192
3 9 10 0 14 1 59
3 9 10 0 3 12 63
3 9 9 13 0 3 86
3 9 9 11 1 4 195
3 9 9 9 2 5 79
3 9 9 8 8 0 150
3 9 9 7 3 6 73
3 9 9 6 9 1 36
3 9 9 5 4 7 9
3 9 9 4 10 2 106
3 9 9 3 5 8 135
3 9 9 2 11 3 168
3 9 9 2 0 14 83
3 9 9 1 6 9 179
3 9 9 0 12 4 72
3 9 9 0 1 15 68
3 9 8 14 3 0 16
3 9 8 12 4 1 173
3 9 8 10 5 2 79
3 9 8 9 0 8 51
3 9 8 8 6 3 9
3 9 8 7 1 9 144
3 9 8 6 7 4 159
3 9 8 5 2 10 70
3 9 8 4 8 5 54
3 9 8 3 14 0 126
3 9 8 3 3 11 136
3 9 8 2 9 6 101
3 9 8 1 4 12 52
3 9 8 0 10 7 29
3 9 7 16 0 2 131
3 9 7 14 1 3 156
3 9 7 12 2 4 87
3 9 7 10 3 5 104
3 9 7 9 9 0 97
3 9 7 8 4 6 73
3 9 7 7 10 1 124
3 9 7 6 5 7 170
3 9 7 5 11 2 90
3 9 7 5 0 13 48
3 9 7 4 6 8 186
3 9 7 3 12 3 133
3 9 7 3 1 14 75
3 9 7 2 7 9 49
3 9 7 1 13 4 183
3 9 7 1 2 15 42
3 9 7 0 8 10 151
3 9 6 15 4 0 43
3 9 6 13 5 1 6
3 9 6 12 0 7 181
3 9 6 11 6 2 86
3 9 6 10 1 8 139
3 9 6 9 7 3 9
3 9 6 8 2 9 1
3 9 6 7 8 4 42
3 9 6 6 3 10 26
3 9 6 5 9 5 154
3 9 6 4 15 0 103
3 9 6 4 4 11 38
3 9 6 3 10 6 163
3 9 6 2 16 1 151
3 9 6 2 5 12 128
3 9 6 1 11 7 112
3 9 6 1 0 18 196
3 9 6 0 17 2 123
3 9 6 0 6 13 51
3 9 5 19 0 1 6
3 9 5 17 1 2 178
3 9 5 15 2 3 5
3 9 5 13 3 4 192
3 9 5 11 4 5 102
3 9 5 10 10 0 67
3 9 5 9 5 6 142
3 9 5 8 11 1 13
3 9 5 8 0 12 178
3 9 5 7 6 7 94
3 9 5 6 12 2 1
3 9 5 6 1 13 19
3 9 5 5 7 8 4
3 9 5 4 13 3 161
3 9 5 4 2 14 175
3 9 5 3 8 9 147
3 9 5 2 14 4 69
3 9 5 2 3 15 24
3 9 5 1 9 10 12
3 9 5 0 15 5 183
3 9 5 0 4 16 70
3 9 4 16 5 0 148
3 9 4 15 0 6 198
3 9 4 14 6 1 69
3 9 4 13 1 7 151
3 9 4 12 7 2 28
3 9 4 11 2 8 25
3 9 4 10 8 3 47
3 9 4 9 3 9 25
3 9 4 8 9 4 174
3 9 4 7 4 10 112
3 9 4 6 10 5 160
3 9 4 5 16 0 180
3 9 4 5 5 11 43
3 9 4 4 11 6 41
3 9 4 4 0 17 137
3 9 4 3 17 1 53
3 9 4 3 6 12 25
3 9 4 2 12 7 2
3 9 4 2 1 18 66
3 9 4 1 18 2 119
3 9 4 1 7 13 92
3 9 4 0 13 8 91
3 9 4 0 2 19 124
3 9 3 22 0 0 149
3 9 3 20 1 1 178
3 9 3 18 2 2 41
3 9 3 16 3 3 74
3 9 3 14 4 4 192
3 9 3 12 5 5 121
3 9 3 11 11 0 172
3 9 3 11 0 11 50
3 9 3 10 6 6 23
3 9 3 9 12 1 59
3 9 3 9 1 12 194
3 9 3 8 7 7 47
3 9 3 7 13 2 188
3 9 3 7 2 13 83
3 9 3 6 8 8 131
3 9 3 5 14 3 5
3 9 3 5 3 14 48
3 9 3 4 9 9 185
3 9 3 3 15 4 17
3 9 3 3 4 15 45
3 9 3 2 10 10 115
3 9 3 1 16 5 151
3 9 3 1 5 16 160
3 9 3 0 22 0 77
3 9 3 0 11 11 132
3 9 3 0 0 22 65
3 9 2 18 0 5 169
3 9 2 17 6 0 8
3 9 2 16 1 6 82
3 9 2 15 7 1 188
3 9 2 14 2 7 192
3 9 2 13 8 2 132
3 9 2 12 3 8 152
3 9 2 11 9 3 26
3 9 2 10 4 9 173
3 9 2 9 10 4 56
3 9 2 8 5 10 190
3 9 2 7 11 5 195
3 9 2 7 0 16 157
3 9 2 6 17 0 124
3 9 2 6 6 11 54
3 9 2 5 12 6 65
3 9 2 5 1 17 167
3 9 2 4 18 1 58
3 9 2 4 7 12 184
3 9 2 3 13 7 49
3 9 2 3 2 18 5
3 9 2 2 19 2 118
3 9 2 2 8 13 108
3 9 2 1 14 8 130
3 9 2 1 3 19 2
3 9 2 0 20 3 70
3 9 2 0 9 14 111
3 9 1 23 1 0 91
3 9 1 21 2 1 197
3 9 1 19 3 2 127
3 9 1 17 4 3 107
3 9 1 15 5 4 152
3 9 1 14 0 10 171
3 9 1 13 6 5 54
3 9 1 12 12 0 142
3 9 1 12 1 11 36
3 9 1 11 7 6 158
3 9 1 10 13 1 156
3 9 1 10 2 12 45
3 9 1 9 8 7 87
3 9 1 8 14 2 185
3 9 1 8 3 13 196
3 9 1 7 9 8 175
3 9 1 6 15 3 56
3 9 1 6 4 14 186
3 9 1 5 10 9 86
3 9 1 4 16 4 189
3 9 1 4 5 15 118
3 9 1 3 11 10 18
3 9 1 3 0 21 57
3 9 1 2 17 5 51
3 9 1 2 6 16 129
3 9 1 1 23 0 25
3 9 1 1 12 11 146
3 9 1 1 1 22 7
3 9 1 0 18 6 133
3 9 1 0 7 17 138
3 9 0 21 0 4 192
3 9 0 19 1 5 181
3 9 0 18 7 0 163
3 9 0 17 2 6 91
3 9 0 16 8 1 32
3 9 0 15 3 7 78
3 9 0 14 9 2 181
3 9 0 13 4 8 174
3 9 0 12 10 3 84
3 9 0 11 5 9 36
3 9 0 10 11 4 69
3 9 0 10 0 15 36
3 9 0 9 6 10 130
3 9 0 8 12 5 156
3 9 0 8 1 16 62
3 9 0 7 18 0 133
3 9 0 7 7 11 191
3 9 0 6 13 6 146
3 9 0 6 2 17 48
3 9 0 5 19 1 101
3 9 0 5 8 12 82
3 9 0 4 14 7 85
3 9 0 4 3 18 71
3 9 0 3 20 2 185
3 9 0 3 9 13 168
3 9 0 2 15 8 17
3 9 0 2 4 19 46
3 9 0 1 21 3 132
3 9 0 1 10 14 141
3 9 0 0 16 9 192
3 9 0 0 5 20 24
3 8 24 0 0 2 58
3 8 22 3 0 1 52
3 8 22 1 1 2 160
3 8 21 0 5 0 156
3 8 20 6 0 0 47
3 8 20 4 1 1 105
3 8 20 2 2 2 105
3 8 20 0 3 3 76
3 8 19 2 0 5 159
3 8 19 1 6 0 28
3 8 19 0 1 6 143
3 8 18 7 1 0 65
3 8 18 5 2 1 186
3 8 18 3 3 2 41
3 8 18 1 4 3 150
3 8 17 5 0 4 184
3 8 17 3 1 5 132
3 8 17 2 7 0 147
3 8 17 1 2 6 70
3 8 17 0 8 1 103
3 8 16 8 2 0 125
3 8 16 6 3 1 24
3 8 16 4 4 2 158
3 8 16 2 5 3 84
3 8 16 1 0 9 171
3 8 16 0 6 4 175
3 8 15 8 0 3 157
3 8 15 6 1 4 81
3 8 15 4 2 5 47
3 8 15 3 8 0 147
3 8 15 2 3 6 140
3 8 15 1 9 1 117
3 8 15 0 4 7 12
3 8 14 9 3 0 105
3 8 14 7 4 1 127
3 8 14 5 5 2 188
3 8 14 4 0 8 118
3 8 14 3 6 3 130
3 8 14 2 1 9 18
3 8 14 1 7 4 53
3 8 14 0 2 10 77
3 8 13 11 0 2 132
3 8 13 9 1 3 28
3 8 13 7 2 4 69
3 8 13 5 3 5 197
3 8 13 4 9 0 198
3 8 13 3 4 6 87
3 8 13 2 10 1 153
3 8 13 1 5 7 137
3 8 13 0 11 2 66
3 8 13 0 0 13 112
3 8 12 10 4 0 66
3 8 12 8 5 1 31
3 8 12 7 0 7 24
3 8 12 6 6 2 192
3 8 12 5 1 8 49
3 8 12 4 7 3 7
3 8 12 3 2 9 197
3 8 12 2 8 4 110
3 8 12 1 3 10 37
3 8 12 0 9 5 50
3 8 11 14 0 1 78
3 8 11 12 1 2 167
3 8 11 10 2 3 166
3 8 11 8 3 4 139
3 8 11 6 4 5 1
3 8 11 5 10 0 147
3 8 11 4 5 6 168
3 8 11 3 11 1 171
3 8 11 3 0 12 6
3 8 11 2 6 7 176
3 8 11 1 12 2 3
3 8 11 1 1 13 94
3 8 11 0 7 8 58
3 8 10 11 5 0 133
3 8 10 10 0 6 135
3 8 10 9 6 1 193
3 8 10 8 1 7 138
3 8 10 7 7 2 65
3 8 10 6 2 8 71
3 8 10 5 8 3 65
3 8 10 4 3 9 48
3 8 10 3 9 4 159
3 8 10 2 4 10 191
3 8 10 1 10 5 50
3 8 10 0 16 0 107
3 8 10 0 5 11 162
3 8 9 17 0 0 99
3 8 9 15 1 1 128
3 8 9 13 2 2 51
3 8 9 11 3 3 134
3 8 9 9 4 4 153
3 8 9 7 5 5 185
3 8 9 6 11 0 174
3 8 9 6 0 11 57
3 8 9 5 6 6 134
3 8 9 4 12 1 68
3 8 9 4 1 12 196
3 8 9 3 7 7 94
3 8 9 2 13 2 68
3 8 9 2 2 13 44
3 8 9 1 8 8 76
3 8 9 0 14 3 127
3 8 9 0 3 14 72
3 8 8 13 0 5 57
3 8 8 12 6 0 138
3 8 8 11 1 6 11
3 8 8 10 7 1 154
3 8 8 9 2 7 149
3 8 8 8 8 2 149
3 8 8 7 3 8 86
3 8 8 6 9 3 197
3 8 8 5 4 9 186
3 8 8 4 10 4 169
3 8 8 3 5 10 185
3 8 8 2 11 5 34
3 8 8 2 0 16 72
3 8 8 1 17 0 106
3 8 8 1 6 11 100
3 8 8 0 12 6 164
3 8 8 0 1 17 17
3 8 7 18 1 0 54
3 8 7 16 2 1 140
3 8 7 14 3 2 54
3 8 7 12 4 3 12
3 8 7 10 5 4 120
3 8 7 9 0 10 11
3 8 7 8 6 5 139
3 8 7 7 12 0 2
3 8 7 7 1 11 58
3 8 7 6 7 6 149
3 8 7 5 13 1 17
3 8 7 5 2 12 19
3 8 7 4 8 7 44
3 8 7 3 14 2 186
3 8 7 3 3 13 195
3 8 7 2 9 8 91
3 8 7 1 15 3 174
3 8 7 1 4 14 98
3 8 7 0 10 9 30
3 8 6 16 0 4 150
3 8 6 14 1 5 120
3 8 6 13 7 0 164
3 8 6 12 2 6 19
3 8 6 11 8 1 163
3 8 6 10 3 7 49
3 8 6 9 9 2 159
3 8 6 8 4 8 97
3 8 6 7 10 3 27
3 8 6 6 5 9 124
3 8 6 5 11 4 90
3 8 6 5 0 15 136
3 8 6 4 6 10 101
3 8 6 3 12 5 85
3 8 6 3 1 16 21
3 8 6 2 18 0 157
3 8 6 2 7 11 191
3 8 6 1 13 6 139
3 8 6 1 2 17 167
3 8 6 0 19 1 70
3 8 6 0 8 12 179
3 8 5 19 2 0 89
3 8 5 17 3 1 91
3 8 5 15 4 2 24
3 8 5 13 5 3 107
3 8 5 12 0 9 76
3 8 5 11 6 4 39
3 8 5 10 1 10 42
3 8 5 9 7 5 156
3 8 5 8 13 0 108
3 8 5 8 2 11 196
3 8 5 7 8 6 77
3 8 5 6 14 1 25
3 8 5 6 3 12 146
3 8 5 5 9 7 40
3 8 5 4 15 2 13
3 8 5 4 4 13 83
3 8 5 3 10 8 95
3 8 5 2 16 3 77
3 8 5 2 5 14 170
3 8 5 1 11 9 163
3 8 5 1 0 20 167
3 8 5 0 17 4 181
3 8 5 0 6 15 78
3 8 4 19 0 3 144
3 8 4 17 1 4 34
3 8 4 15 2 5 46
3 8 4 14 8 0 131
3 8 4 13 3 6 36
3 8 4 12 9 1 80
3 8 4 11 4 7 49
3 8 4 10 10 2 18
3 8 4 9 5 8 68
3 8 4 8 11 3 73
3 8 4 8 0 14 186
3 8 4 7 6 9 96
3 8 4 6 12 4 165
3 8 4 6 1 15 195
3 8 4 5 7 10 186
3 8 4 4 13 5 30
3 8 4 4 2 16 111
3 8 4 3 19 0 117
3 8 4 3 8 11 7
3 8 4 2 14 6 151
3 8 4 2 3 17 2
3 8 4 1 20 1 19
3 8 4 1 9 12 48
3 8 4 0 15 7 46
3 8 4 0 4 18 181
3 8 3 20 3 0 45
3 8 3 18 4 1 93
3 8 3 16 5 2 67
3 8 3 15 0 8 156
3 8 3 14 6 3 147
3 8 3 13 1 9 198
3 8 3 12 7 4 27
3 8 3 11 2 10 48
3 8 3 10 8 5 166
3 8 3 9 14 0 19
3 8 3 9 3 11 179
3 8 3 8 9 6 105
3 8 3 7 15 1 107
3 8 3 7 4 12 108
3 8 3 6 10 7 96
3 8 3 5 16 2 117
3 8 3 5 5 13 92
3 8 3 4 11 8 82
3 8 3 4 0 19 146
3 8 3 3 17 3 121
3 8 3 3 6 14 128
3 8 3 2 12 9 134
3 8 3 2 1 20 115
3 8 3 1 18 4 31
3 8 3 1 7 15 195
3 8 3 0 13 10 168
3 8 3 0 2 21 76
3 8 2 22 0 2 5
3 8 2 20 1 3 64
3 8 2 18 2 4 138
3 8 2 16 3 5 187
3 8 2 15 9 0 163
3 8 2 14 4 6 182
3 8 2 13 10 1 63
3 8 2 12 5 7 10
3 8 2 11 11 2 115
3 8 2 11 0 13 33
3 8 2 10 6 8 65
3 8 2 9 12 3 7
3 8 2 9 1 14 183
3 8 2 8 7 9 94
3 8 2 7 13 4 108
3 8 2 7 2 15 181
3 8 2 6 8 10 175
3 8 2 5 14 5 197
3 8 2 5 3 16 128
3 8 2 4 20 0 114
3 8 2 4 9 11 18
3 8 2 3 15 6 60
3 8 2 3 4 17 101
3 8 2 2 21 1 96
3 8 2 2 10 12 70
3 8 2 1 16 7 171
3 8 2 1 5 18 29
3 8 2 0 22 2 107
3 8 2 0 11 13 57
3 8 2 0 0 24 107
3 8 1 21 4 0 55
3 8 1 19 5 1 132
3 8 1 18 0 7 70
3 8 1 17 6 2 116
3 8 1 16 1 8 55
3 8 1 15 7 3 76
3 8 1 14 2 9 51
3 8 1 13 8 4 108
3 8 1 12 3 10 35
3 8 1 11 9 5 43
3 8 1 10 15 0 23
3 8 1 10 4 11 122
3 8 1 9 10 6 42
3 8 1 8 16 1 32
3 8 1 8 5 12 113
3 8 1 7 11 7 148
3 8 1 7 0 18 141
3 8 1 6 17 2 56
3 8 1 6 6 13 177
3 8 1 5 12 8 139
3 8 1 5 1 19 137
3 8 1 4 18 3 32
3 8 1 4 7 14 103
3 8 1 3 13 9 104
3 8 1 3 2 20 3
3 8 1 2 19 4 87
3 8 1 2 8 15 102
3 8 1 1 14 10 38
3 8 1 1 3 21 148
3 8 1 0 20 5 34
3 8 1 0 9 16 63
3 8 0 25 0 1 58
3 8 0 23 1 2 168
3 8 0 21 2 3 185
3 8 0 19 3 4 41
3 8 0 17 4 5 130
3 8 0 16 10 0 181
3 8 0 15 5 6 36
3 8 0 14 11 1 117
3 8 0 14 0 12 165
3 8 0 13 6 7 7
3 8 0 12 12 2 92
3 8 0 12 1 13 103
3 8 0 11 7 8 75
3 8 0 10 13 3 155
3 8 0 10 2 14 184
3 8 0 9 8 9 31
3 8 0 8 14 4 22
3 8 0 8 3 15 133
3 8 0 7 9 10 195
3 8 0 6 15 5 112
3 8 0 6 4 16 150
3 8 0 5 21 0 81
3 8 0 5 10 11 93
3 8 0 4 16 6 75
3 8 0 4 5 17 107
3 8 0 3 22 1 75
3 8 0 3 11 12 64
3 8 0 3 0 23 62
3 8 0 2 17 7 41
3 8 0 2 6 18 25
3 8 0 1 23 2 128
3 8 0 1 12 13 134
3 8 0 1 1 24 54
3 8 0 0 18 8 144
3 8 0 0 7 19 144
3 7 26 1 0 0 141
3 7 24 2 1 0 56
3 7 24 0 2 1 103
3 7 23 0 0 4 73
3 7 22 3 2 0 165
3 7 22 1 3 1 23
3 7 21 3 0 3 157
3 7 21 1 1 4 176
3 7 20 4 3 0 14
3 7 20 2 4 1 39
3 7 20 0 5 2 185
3 7 19 6 0 2 67
3 7 19 4 1 3 125
3 7 19 2 2 4 57
3 7 19 0 3 5 57
3 7 18 5 4 0 194
3 7 18 3 5 1 84
3 7 18 2 0 7 64
3 7 18 1 6 2 9
3 7 18 0 1 8 47
3 7 17 9 0 1 14
3 7 17 7 1 2 187
3 7 17 5 2 3 188
3 7 17 3 3 4 7
3 7 17 1 4 5 191
3 7 17 0 10 0 71
3 7 16 6 5 0 76
3 7 16 5 0 6 115
3 7 16 4 6 1 26
3 7 16 3 1 7 124
3 7 16 2 7 2 89
3 7 16 1 2 8 177
3 7 16 0 8 3 185
3 7 15 12 0 0 89
3 7 15 10 1 1 175
3 7 15 8 2 2 4
3 7 15 6 3 3 14
3 7 15 4 4 4 12
3 7 15 2 5 5 30
3 7 15 1 11 0 74
3 7 15 1 0 11 97
3 7 15 0 6 6 148
3 7 14 8 0 5 82
3 7 14 7 6 0 112
3 7 14 6 1 6 7
3 7 14 5 7 1 47
3 7 14 4 2 7 5
3 7 14 3 8 2 38
3 7 14 2 3 8 81
3 7 14 1 9 3 66
3 7 14 0 4 9 44
3 7 13 13 1 0 93
3 7 13 11 2 1 92
3 7 13 9 3 2 113
3 7 13 7 4 3 129
3 7 13 5 5 4 100
3 7 13 4 0 10 40
3 7 13 3 6 5 2
3 7 13 2 12 0 13
3 7 13 2 1 11 22
3 7 13 1 7 6 52
3 7 13 0 13 1 139
3 7 13 0 2 12 3
3 7 12 11 0 4 168
3 7 12 9 1 5 83
3 7 12 8 7 0 117
3 7 12 7 2 6 198
3 7 12 6 8 1 16
3 7 12 5 3 7 147
3 7 12 4 9 2 67
3 7 12 3 4 8 76
3 7 12 2 10 3 37
3 7 12 1 5 9 28
3 7 12 0 11 4 165
3 7 12 0 0 15 14
3 7 11 14 2 0 43
3 7 11 12 3 1 120
3 7 11 10 4 2 45
3 7 11 8 5 3 43
3 7 11 7 0 9 175
3 7 11 6 6 4 87
3 7 11 5 1 10 132
3 7 11 4 7 5 100
3 7 11 3 13 0 74
3 7 11 3 2 11 176
3 7 11 2 8 6 66
3 7 11 1 14 1 166
3 7 11 1 3 12 10
3 7 11 0 9 7 198
3 7 10 14 0 3 161
3 7 10 12 1 4 194
3 7 10 10 2 5 163
3 7 10 9 8 0 125
3 7 10 8 3 6 80
3 7 10 7 9 1 28
3 7 10 6 4 7 197
3 7 10 5 10 2 90
3 7 10 4 5 8 133
3 7 10 3 11 3 83
3 7 10 3 0 14 98
3 7 10 2 6 9 150
3 7 10 1 12 4 185
3 7 10 1 1 15 15
3 7 10 0 7 10 162
3 7 9 15 3 0 173
3 7 9 13 4 1 2
3 7 9 11 5 2 35
3 7 9 10 0 8 98
3 7 9 9 6 3 9
3 7 9 8 1 9 85
3 7 9 7 7 4 147
3 7 9 6 2 10 174
3 7 9 5 8 5 12
3 7 9 4 14 0 33
3 7 9 4 3 11 53
3 7 9 3 9 6 19
3 7 9 2 15 1 174
3 7 9 2 4 12 49
3 7 9 1 10 7 67
3 7 9 0 16 2 106
3 7 9 0 5 13 184
3 7 8 17 0 2 9
3 7 8 15 1 3 150
3 7 8 13 2 4 26
3 7 8 11 3 5 72
3 7 8 10 9 0 150
3 7 8 9 4 6 173
3 7 8 8 10 1 107
3 7 8 7 5 7 104
3 7 8 6 11 2 152
3 7 8 6 0 13 155
3 7 8 5 6 8 18
3 7 8 4 12 3 178
3 7 8 4 1 14 74
3 7 8 2 13 4 169
3 7 8 2 2 15 72
3 7 8 1 8 10 114
3 7 8 0 14 5 90
3 7 8 0 3 16 128
3 7 7 16 4 0 12
3 7 7 14 5 1 65
3 7 7 13 0 7 177
3 7 7 12 6 2 3
3 7 7 11 1 8 52
3 7 7 10 7 3 137
3 7 7 8 8 4 140
3 7 7 7 3 10 55
3 7 7 6 9 5 92
3 7 7 5 15 0 46
3 7 7 5 4 11 183
3 7 7 4 10 6 48
3 7 7 3 16 1 172
3 7 7 3 5 12 130
3 7 7 2 11 7 53
3 7 7 2 0 18 28
3 7 7 1 17 2 174
3 7 7 1 6 13 72
3 7 7 0 12 8 163
3 7 7 0 1 19 48
3 7 6 20 0 1 71
3 7 6 18 1 2 143
3 7 6 16 2 3 111
3 7 6 14 3 4 6
3 7 6 12 4 5 140
3 7 6 11 10 0 98
3 7 6 10 5 6 189
3 7 6 9 11 1 78
3 7 6 9 0 12 194
3 7 6 8 6 7 39
3 7 6 7 12 2 97
3 7 6 7 1 13 183
3 7 6 6 7 8 126
3 7 6 5 13 3 135
3 7 6 5 2 14 187
3 7 6 4 8 9 122
3 7 6 3 14 4 36
3 7 6 3 3 15 6
3 7 6 2 9 10 33
3 7 6 1 15 5 103
3 7 6 1 4 16 86
3 7 6 0 21 0 129
3 7 6 0 10 11 55
3 7 5 17 5 0 43
3 7 5 16 0 6 105
3 7 5 15 6 1 29
3 7 5 14 1 7 96
3 7 5 13 7 2 25
3 7 5 12 2 8 10
3 7 5 11 8 3 183
3 7 5 10 3 9 110
3 7 5 9 9 4 116
3 7 5 8 4 10 169
3 7 5 7 10 5 157
3 7 5 6 16 0 189
3 7 5 6 5 11 181
3 7 5 5 11 6 150
3 7 5 5 0 17 102
3 7 5 4 17 1 82
3 7 5 4 6 12 195
3 7 5 3 12 7 168
3 7 5 3 1 18 124
3 7 5 2 18 2 28
3 7 5 2 7 13 77
3 7 5 1 13 8 80
3 7 5 1 2 19 142
3 7 5 0 19 3 144
3 7 5 0 8 14 149
3 7 4 23 0 0 67
3 7 4 21 1 1 192
3 7 4 19 2 2 3
3 7 4 17 3 3 66
3 7 4 15 4 4 102
3 7 4 13 5 5 48
3 7 4 12 11 0 55
3 7 4 12 0 11 143
3 7 4 11 6 6 24
3 7 4 10 12 1 166
3 7 4 10 1 12 51
3 7 4 9 7 7 116
3 7 4 8 13 2 32
3 7 4 8 2 13 144
3 7 4 7 8 8 44
3 7 4 6 14 3 153
3 7 4 6 3 14 163
3 7 4 5 9 9 38
3 7 4 4 15 4 153
3 7 4 4 4 15 106
3 7 4 3 10 10 119
3 7 4 2 16 5 11
3 7 4 2 5 16 115
3 7 4 1 22 0 59
3 7 4 1 11 11 79
3 7 4 1 0 22 75
3 7 4 0 17 6 12
3 7 4 0 6 17 109
3 7 3 19 0 5 121
3 7 3 18 6 0 55
3 7 3 17 1 6 99
3 7 3 16 7 1 81
3 7 3 15 2 7 44
3 7 3 14 8 2 60
3 7 3 13 3 8 143
3 7 3 12 9 3 108
3 7 3 11 4 9 106
3 7 3 10 10 4 146
3 7 3 9 5 10 36
3 7 3 8 11 5 178
3 7 3 8 0 16 7
3 7 3 7 17 0 113
3 7 3 7 6 11 161
3 7 3 6 12 6 12
3 7 3 6 1 17 55
3 7 3 5 18 1 83
3 7 3 5 7 12 155
3 7 3 4 13 7 184
3 7 3 4 2 18 118
3 7 3 3 19 2 2
3 7 3 3 8 13 140
3 7 3 2 14 8 67
3 7 3 2 3 19 40
3 7 3 1 20 3 87
3 7 3 1 9 14 16
3 7 3 0 15 9 34
3 7 3 0 4 20 130
3 7 2 24 1 0 122
3 7 2 22 2 1 129
3 7 2 20 3 2 114
3 7 2 18 4 3 61
3 7 2 16 5 4 12
3 7 2 15 0 10 142
3 7 2 14 6 5 135
3 7 2 13 12 0 17
3 7 2 13 1 11 110
3 7 2 12 7 6 20
3 7 2 11 13 1 97
3 7 2 11 2 12 107
3 7 2 10 8 7 94
3 7 2 9 14 2 42
3 7 2 9 3 13 43
3 7 2 8 9 8 39
3 7 2 7 15 3 142
3 7 2 7 4 14 158
3 7 2 6 10 9 9
3 7 2 5 16 4 139
3 7 2 5 5 15 9
3 7 2 4 11 10 32
3 7 2 4 0 21 137
3 7 2 3 17 5 142
3 7 2 3 6 16 133
3 7 2 2 23 0 180
3 7 2 2 12 11 133
3 7 2 2 1 22 192
3 7 2 1 18 6 5
3 7 2 1 7 17 160
3 7 2 0 24 1 67
3 7 2 0 13 12 111
3 7 2 0 2 23 4
3 7 1 22 0 4 14
3 7 1 20 1 5 38
3 7 1 19 7 0 104
3 7 1 18 2 6 74
3 7 1 17 8 1 158
3 7 1 16 3 7 120
3 7 1 14 4 8 132
3 7 1 13 10 3 27
3 7 1 12 5 9 56
3 7 1 11 11 4 121
3 7 1 11 0 15 190
3 7 1 10 6 10 161
3 7 1 9 12 5 25
3 7 1 9 1 16 159
3 7 1 8 18 0 54
3 7 1 8 7 11 142
3 7 1 7 13 6 106
3 7 1 7 2 17 34
3 7 1 6 19 1 171
3 7 1 6 8 12 136
3 7 1 5 14 7 176
3 7 1 5 3 18 26
3 7 1 4 20 2 78
3 7 1 4 9 13 132
3 7 1 3 15 8 135
3 7 1 3 4 19 10
3 7 1 2 21 3 21
3 7 1 2 10 14 112
3 7 1 1 16 9 73
3 7 1 1 5 20 97
3 7 1 0 22 4 74
3 7 1 0 11 15 179
3 7 1 0 0 26 98
3 7 0 25 2 0 22
3 7 0 23 3 1 61
3 7 0 21 4 2 154
3 7 0 19 5 3 103
3 7 0 18 0 9 186
3 7 0 17 6 4 1
3 7 0 16 1 10 16
3 7 0 15 7 5 100
3 7 0 14 13 0 183
3 7 0 14 2 11 190
3 7 0 13 8 6 179
3 7 0 12 14 1 143
3 7 0 12 3 12 100
3 7 0 11 9 7 75
3 7 0 10 15 2 153
3 7 0 10 4 13 17
3 7 0 9 10 8 108
3 7 0 8 16 3 154
3 7 0 8 5 14 65
3 7 0 7 11 9 54
3 7 0 7 0 20 126
3 7 0 6 17 4 185
3 7 0 6 6 15 3
3 7 0 5 12 10 124
3 7 0 5 1 21 192
3 7 0 4 18 5 174
3 7 0 4 7 16 68
3 7 0 3 24 0 150
3 7 0 3 13 11 64
3 7 0 3 2 22 48
3 7 0 2 19 6 157
3 7 0 2 8 17 95
3 7 0 1 25 1 83
3 7 0 1 14 12 4
3 7 0 1 3 23 9
3 7 0 0 20 7 104
3 7 0 0 9 18 90
3 6 25 1 0 2 121
3 6 24 0 4 0 163
3 6 23 4 0 1 190
3 6 23 2 1 2 61
3 6 23 0 2 3 3
3 6 22 1 5 0 130
3 6 22 0 0 6 172
3 6 21 7 0 0 44
3 6 21 5 1 1 110
3 6 21 3 2 2 25
3 6 21 1 3 3 109
3 6 20 3 0 5 111
3 6 20 2 6 0 3
3 6 20 1 1 6 27
3 6 20 0 7 1 147
3 6 19 8 1 0 111
3 6 19 6 2 1 98
3 6 19 4 3 2 98
3 6 19 2 4 3 26
3 6 19 0 5 4 157
3 6 18 6 0 4 173
3 6 18 4 1 5 26
3 6 18 3 7 0 8
3 6 18 2 2 6 163
3 6 18 1 8 1 113
3 6 18 0 3 7 143
3 6 17 9 2 0 8
3 6 17 7 3 1 83
3 6 17 5 4 2 156
3 6 17 3 5 3 48
3 6 17 2 0 9 152
3 6 17 1 6 4 38
3 6 17 0 1 10 103
3 6 16 9 0 3 136
3 6 16 7 1 4 141
3 6 16 5 2 5 121
3 6 16 4 8 0 162
3 6 16 3 3 6 58
3 6 16 2 9 1 122
3 6 16 1 4 7 77
3 6 16 0 10 2 148
3 6 15 10 3 0 128
3 6 15 8 4 1 117
3 6 15 6 5 2 110
3 6 15 5 0 8 134
3 6 15 4 6 3 103
3 6 15 3 1 9 144
3 6 15 2 7 4 127
3 6 15 1 2 10 131
3 6 15 0 8 5 56
3 6 14 12 0 2 81
3 6 14 10 1 3 8
3 6 14 8 2 4 155
3 6 14 6 3 5 75
3 6 14 5 9 0 43
3 6 14 4 4 6 33
3 6 14 3 10 1 109
3 6 14 2 5 7 115
3 6 14 1 11 2 85
3 6 14 1 0 13 137
3 6 14 0 6 8 120
3 6 13 11 4 0 84
3 6 13 9 5 1 183
3 6 13 8 0 7 37
3 6 13 7 6 2 26
3 6 13 6 1 8 85
3 6 13 5 7 3 197
3 6 13 4 2 9 107
3 6 13 3 8 4 129
3 6 13 2 3 10 113
3 6 13 1 9 5 90
3 6 13 0 15 0 107
3 6 13 0 4 11 159
3 6 12 15 0 1 47
3 6 12 13 1 2 51
3 6 12 11 2 3 38
3 6 12 9 3 4 133
3 6 12 7 4 5 144
3 6 12 6 10 0 10
3 6 12 5 5 6 130
3 6 12 4 11 1 186
3 6 12 4 0 12 64
3 6 12 3 6 7 82
3 6 12 2 12 2 15
3 6 12 2 1 13 72
3 6 12 1 7 8 4
3 6 12 0 13 3 136
3 6 12 0 2 14 92
3 6 11 12 5 0 56
3 6 11 11 0 6 55
3 6 11 10 6 1 173
3 6 11 9 1 7 168
3 6 11 8 7 2 32
3 6 11 7 2 8 44
3 6 11 6 8 3 32
3 6 11 5 3 9 35
3 6 11 4 9 4 135
3 6 11 3 4 10 166
3 6 11 2 10 5 48
3 6 11 1 16 0 23
3 6 11 1 5 11 174
3 6 11 0 11 6 135
3 6 11 0 0 17 49
3 6 10 18 0 0 145
3 6 10 16 1 1 58
3 6 10 14 2 2 5
3 6 10 12 3 3 158
3 6 10 10 4 4 198
3 6 10 8 5 5 53
3 6 10 7 11 0 26
3 6 10 7 0 11 61
3 6 10 6 6 6 53
3 6 10 5 12 1 154
3 6 10 5 1 12 37
3 6 10 4 7 7 104
3 6 10 3 13 2 195
3 6 10 3 2 13 112
3 6 10 2 8 8 4
3 6 10 1 14 3 146
3 6 10 1 3 14 104
3 6 10 0 9 9 35
3 6 9 14 0 5 125
3 6 9 13 6 0 32
3 6 9 12 1 6 15
3 6 9 11 7 1 112
3 6 9 10 2 7 65
3 6 9 9 8 2 41
3 6 9 8 3 8 39
3 6 9 7 9 3 56
3 6 9 6 4 9 13
3 6 9 5 10 4 64
3 6 9 4 5 10 115
3 6 9 3 11 5 14
3 6 9 3 0 16 74
3 6 9 2 17 0 172
3 6 9 2 6 11 49
3 6 9 1 12 6 120
3 6 9 1 1 17 75
3 6 9 0 18 1 107
3 6 9 0 7 12 48
3 6 8 19 1 0 157
3 6 8 17 2 1 196
3 6 8 15 3 2 29
3 6 8 13 4 3 161
3 6 8 11 5 4 43
3 6 8 10 0 10 128
3 6 8 9 6 5 192
3 6 8 8 12 0 48
3 6 8 8 1 11 75
3 6 8 7 7 6 163
3 6 8 6 13 1 102
3 6 8 6 2 12 85
3 6 8 5 8 7 62
3 6 8 4 14 2 37
3 6 8 4 3 13 7
3 6 8 3 9 8 86
3 6 8 2 15 3 128
3 6 8 2 4 14 22
3 6 8 1 10 9 139
3 6 8 0 16 4 88
3 6 8 0 5 15 106
3 6 7 17 0 4 20
3 6 7 15 1 5 157
3 6 7 14 7 0 162
3 6 7 13 2 6 57
3 6 7 12 8 1 161
3 6 7 11 3 7 62
3 6 7 10 9 2 12
3 6 7 9 4 8 58
3 6 7 8 10 3 78
3 6 7 6 11 4 93
3 6 7 6 0 15 52
3 6 7 5 6 10 184
3 6 7 4 12 5 56
3 6 7 3 18 0 191
3 6 7 3 7 11 130
3 6 7 2 13 6 180
3 6 7 2 2 17 147
3 6 7 1 19 1 142
3 6 7 1 8 12 5
3 6 7 0 14 7 124
3 6 7 0 3 18 80
3 6 6 20 2 0 185
3 6 6 18 3 1 105
3 6 6 16 4 2 159
3 6 6 14 5 3 36
3 6 6 13 0 9 102
3 6 6 12 6 4 43
3 6 6 11 1 10 191
3 6 6 10 7 5 55
3 6 6 9 13 0 109
3 6 6 9 2 11 49
3 6 6 8 8 6 53
3 6 6 7 14 1 108
3 6 6 7 3 12 96
3 6 6 6 9 7 139
3 6 6 5 15 2 148
3 6 6 5 4 13 67
3 6 6 4 10 8 57
3 6 6 3 16 3 142
3 6 6 3 5 14 5
3 6 6 2 11 9 157
3 6 6 2 0 20 140
3 6 6 1 17 4 110
3 6 6 1 6 15 13
3 6 6 0 12 10 141
3 6 6 0 1 21 170
3 6 5 20 0 3 82
3 6 5 18 1 4 184
3 6 5 16 2 5 87
3 6 5 15 8 0 44
3 6 5 14 3 6 96
3 6 5 13 9 1 15
3 6 5 12 4 7 153
3 6 5 11 10 2 158
3 6 5 10 5 8 5
3 6 5 9 11 3 33
3 6 5 9 0 14 124
3 6 5 8 6 9 42
3 6 5 7 12 4 19
3 6 5 7 1 15 188
3 6 5 6 7 10 62
3 6 5 5 13 5 136
3 6 5 5 2 16 41
3 6 5 4 19 0 87
3 6 5 4 8 11 145
3 6 5 3 14 6 19
3 6 5 3 3 17 142
3 6 5 2 20 1 134
3 6 5 2 9 12 184
3 6 5 1 15 7 35
3 6 5 1 4 18 152
3 6 5 0 21 2 21
3 6 5 0 10 13 185
3 6 4 21 3 0 182
3 6 4 19 4 1 106
3 6 4 17 5 2 175
3 6 4 16 0 8 14
3 6 4 15 6 3 103
3 6 4 14 1 9 61
3 6 4 13 7 4 101
3 6 4 12 2 10 46
3 6 4 11 8 5 106
3 6 4 10 14 0 183
3 6 4 10 3 11 138
3 6 4 9 9 6 17
3 6 4 8 15 1 7
3 6 4 8 4 12 11
3 6 4 7 10 7 39
3 6 4 6 16 2 138
3 6 4 6 5 13 146
3 6 4 5 11 8 31
3 6 4 5 0 19 170
3 6 4 4 17 3 161
3 6 4 4 6 14 111
3 6 4 3 12 9 194
3 6 4 3 1 20 165
3 6 4 2 18 4 187
3 6 4 2 7 15 193
3 6 4 1 13 10 150
3 6 4 1 2 21 88
3 6 4 0 19 5 130
3 6 4 0 8 16 76
3 6 3 23 0 2 118
3 6 3 21 1 3 147
3 6 3 19 2 4 12
3 6 3 17 3 5 129
3 6 3 16 9 0 136
3 6 3 15 4 6 68
3 6 3 14 10 1 139
3 6 3 13 5 7 44
3 6 3 12 11 2 19
3 6 3 12 0 13 71
3 6 3 11 6 8 44
3 6 3 10 12 3 99
3 6 3 10 1 14 128
3 6 3 9 7 9 140
3 6 3 8 13 4 174
3 6 3 8 2 15 46
3 6 3 7 8 10 14
3 6 3 6 14 5 139
3 6 3 6 3 16 120
3 6 3 5 9 11 86
3 6 3 4 15 6 77
3 6 3 4 4 17 14
3 6 3 3 21 1 120
3 6 3 3 10 12 112
3 6 3 2 16 7 129
3 6 3 2 5 18 97
3 6 3 1 22 2 59
3 6 3 1 11 13 132
3 6 3 1 0 24 9
3 6 3 0 17 8 83
3 6 3 0 6 19 160
3 6 2 22 4 0 32
3 6 2 20 5 1 190
3 6 2 19 0 7 182
3 6 2 18 6 2 115
3 6 2 17 1 8 67
3 6 2 16 7 3 135
3 6 2 15 2 9 180
3 6 2 14 8 4 105
3 6 2 13 3 10 156
3 6 2 12 9 5 49
3 6 2 11 15 0 171
3 6 2 11 4 11 194
3 6 2 10 10 6 61
3 6 2 9 16 1 36
3 6 2 9 5 12 164
3 6 2 8 11 7 88
3 6 2 8 0 18 89
3 6 2 7 17 2 110
3 6 2 7 6 13 70
3 6 2 6 12 8 36
3 6 2 6 1 19 92
3 6 2 5 18 3 8
3 6 2 5 7 14 188
3 6 2 4 13 9 192
3 6 2 4 2 20 72
3 6 2 3 19 4 145
3 6 2 3 8 15 60
3 6 2 2 14 10 64
3 6 2 2 3 21 47
3 6 2 1 20 5 48
3 6 2 1 9 16 122
3 6 2 0 26 0 177
3 6 2 0 15 11 194
3 6 2 0 4 22 76
3 6 1 26 0 1 29
3 6 1 24 1 2 128
3 6 1 22 2 3 73
3 6 1 20 3 4 95
3 6 1 18 4 5 163
3 6 1 17 10 0 162
3 6 1 16 5 6 10
3 6 1 15 11 1 32
3 6 1 15 0 12 47
3 6 1 14 6 7 47
3 6 1 13 12 2 61
3 6 1 13 1 13 73
3 6 1 12 7 8 173
3 6 1 11 13 3 69
3 6 1 11 2 14 119
3 6 1 10 8 9 166
3 6 1 9 14 4 4
3 6 1 9 3 15 32
3 6 1 8 9 10 162
3 6 1 7 15 5 118
3 6 1 7 4 16 174
3 6 1 6 21 0 124
3 6 1 6 10 11 127
3 6 1 5 16 6 15
3 6 1 5 5 17 52
3 6 1 4 22 1 76
3 6 1 4 11 12 66
3 6 1 4 0 23 40
3 6 1 3 17 7 42
3 6 1 3 6 18 99
3 6 1 2 23 2 142
3 6 1 2 12 13 131
3 6 1 2 1 24 186
3 6 1 1 18 8 40
3 6 1 1 7 19 191
3 6 1 0 24 3 33
3 6 1 0 13 14 48
3 6 1 0 2 25 186
3 6 0 23 5 0 184
3 6 0 22 0 6 50
3 6 0 21 6 1 27
3 6 0 20 1 7 125
3 6 0 19 7 2 38
3 6 0 18 2 8 157
3 6 0 17 8 3 7
3 6 0 16 3 9 5
3 6 0 15 9 4 136
3 6 0 14 4 10 195
3 6 0 13 10 5 120
3 6 0 12 16 0 52
3 6 0 12 5 11 155
3 6 0 11 11 6 133
3 6 0 11 0 17 24
3 6 0 10 17 1 142
3 6 0 10 6 12 73
3 6 0 9 12 7 130
3 6 0 9 1 18 30
3 6 0 8 18 2 6
3 6 0 8 7 13 33
3 6 0 7 13 8 133
3 6 0 7 2 19 61
3 6 0 6 19 3 66
3 6 0 6 8 14 21
3 6 0 5 14 9 71
3 6 0 5 3 20 1
3 6 0 4 20 4 184
3 6 0 4 9 15 175
3 6 0 3 15 10 30
3 6 0 3 4 21 103
3 6 0 2 21 5 118
3 6 0 2 10 16 133
3 6 0 1 27 0 36
3 6 0 1 16 11 103
3 6 0 1 5 22 65
3 6 0 0 22 6 31
3 6 0 0 11 17 189
3 6 0 0 0 28 139
3 5 27 2 0 0 129
3 5 27 0 1 1 168
3 5 25 3 1 0 116
3 5 25 1 2 1 86
3 5 24 1 0 4 179
3 5 23 4 2 0 171
3 5 23 2 3 1 50
3 5 23 0 4 2 7
3 5 22 4 0 3 161
3 5 22 2 1 4 148
3 5 22 0 2 5 78
3 5 21 5 3 0 48
3 5 21 3 4 1 33
3 5 21 1 5 2 32
3 5 21 0 0 8 78
3 5 20 7 0 2 48
3 5 20 5 1 3 110
3 5 20 3 2 4 66
3 5 20 1 3 5 86
3 5 20 0 9 0 61
3 5 19 6 4 0 125
3 5 19 4 5 1 62
3 5 19 3 0 7 99
3 5 19 2 6 2 78
3 5 19 1 1 8 131
3 5 19 0 7 3 151
3 5 18 10 0 1 43
3 5 18 8 1 2 81
3 5 18 6 2 3 93
3 5 18 4 3 4 119
3 5 18 2 4 5 94
3 5 18 1 10 0 173
3 5 18 0 5 6 89
3 5 17 7 5 0 163
3 5 17 6 0 6 73
3 5 17 5 6 1 111
3 5 17 4 1 7 54
3 5 17 3 7 2 99
3 5 17 2 2 8 117
3 5 17 1 8 3 83
3 5 17 0 3 9 122
3 5 16 13 0 0 98
3 5 16 11 1 1 125
3 5 16 9 2 2 88
3 5 16 7 3 3 1
3 5 16 5 4 4 28
3 5 16 3 5 5 80
3 5 16 2 11 0 136
3 5 16 2 0 11 188
3 5 16 1 6 6 127
3 5 16 0 12 1 161
3 5 16 0 1 12 56
3 5 15 9 0 5 53
3 5 15 8 6 0 80
3 5 15 7 1 6 182
3 5 15 6 7 1 96
3 5 15 5 2 7 96
3 5 15 4 8 2 118
3 5 15 3 3 8 89
3 5 15 2 9 3 198
3 5 15 1 4 9 22
3 5 15 0 10 4 185
3 5 14 14 1 0 114
3 5 14 12 2 1 116
3 5 14 10 3 2 157
3 5 14 8 4 3 176
3 5 14 6 5 4 44
3 5 14 5 0 10 179
3 5 14 4 6 5 15
3 5 14 3 12 0 19
3 5 14 3 1 11 156
3 5 14 2 7 6 22
3 5 14 1 13 1 161
3 5 14 1 2 12 138
3 5 14 0 8 7 161
3 5 13 12 0 4 126
3 5 13 10 1 5 15
3 5 13 9 7 0 88
3 5 13 8 2 6 86
3 5 13 7 8 1 1
3 5 13 6 3 7 180
3 5 13 5 9 2 7
3 5 13 4 4 8 107
3 5 13 3 10 3 141
3 5 13 2 5 9 90
3 5 13 1 11 4 78
3 5 13 1 0 15 9
3 5 13 0 6 10 17
3 5 12 15 2 0 75
3 5 12 13 3 1 118
3 5 12 11 4 2 165
3 5 12 9 5 3 75
3 5 12 8 0 9 177
3 5 12 7 6 4 3
3 5 12 6 1 10 30
3 5 12 5 7 5 64
3 5 12 4 13 0 135
3 5 12 4 2 11 96
3 5 12 3 8 6 185
3 5 12 2 14 1 62
3 5 12 2 3 12 64
3 5 12 1 9 7 17
3 5 12 0 15 2 119
3 5 12 0 4 13 70
3 5 11 15 0 3 86
3 5 11 13 1 4 122
3 5 11 11 2 5 194
3 5 11 10 8 0 47
3 5 11 9 3 6 122
3 5 11 8 9 1 164
3 5 11 7 4 7 121
3 5 11 6 10 2 115
3 5 11 5 5 8 166
3 5 11 4 11 3 117
3 5 11 4 0 14 158
3 5 11 3 6 9 28
3 5 11 2 12 4 97
3 5 11 2 1 15 149
3 5 11 1 7 10 80
3 5 11 0 13 5 178
3 5 11 0 2 16 157
3 5 10 16 3 0 131
3 5 10 14 4 1 187
3 5 10 12 5 2 197
3 5 10 11 0 8 109
3 5 10 10 6 3 36
3 5 10 9 1 9 181
3 5 10 8 7 4 152
3 5 10 7 2 10 134
3 5 10 6 8 5 22
3 5 10 5 14 0 72
3 5 10 5 3 11 72
3 5 10 4 9 6 113
3 5 10 3 15 1 88
3 5 10 3 4 12 14
3 5 10 2 10 7 52
3 5 10 1 16 2 103
3 5 10 1 5 13 193
3 5 10 0 11 8 35
3 5 10 0 0 19 196
3 5 9 18 0 2 37
3 5 9 16 1 3 12
3 5 9 14 2 4 32
3 5 9 12 3 5 80
3 5 9 11 9 0 6
3 5 9 10 4 6 62
3 5 9 9 10 1 42
3 5 9 8 5 7 108
3 5 9 7 11 2 156
3 5 9 7 0 13 5
3 5 9 6 6 8 8
3 5 9 5 12 3 44
3 5 9 5 1 14 9
3 5 9 4 7 9 102
3 5 9 3 13 4 191
3 5 9 3 2 15 132
3 5 9 2 8 10 114
3 5 9 1 14 5 101
3 5 9 1 3 16 132
3 5 9 0 20 0 85
3 5 9 0 9 11 179
3 5 8 17 4 0 166
3 5 8 15 5 1 95
3 5 8 14 0 7 187
3 5 8 13 6 2 96
3 5 8 12 1 8 32
3 5 8 11 7 3 23
3 5 8 10 2 9 5
3 5 8 9 8 4 51
3 5 8 8 3 10 105
3 5 8 7 9 5 145
3 5 8 6 15 0 12
3 5 8 6 4 11 196
3 5 8 5 10 6 61
3 5 8 4 16 1 53
3 5 8 4 5 12 1
3 5 8 3 11 7 156
3 5 8 3 0 18 184
3 5 8 2 17 2 94
3 5 8 2 6 13 156
3 5 8 1 12 8 168
3 5 8 1 1 19 124
3 5 8 0 18 3 101
3 5 8 0 7 14 151
3 5 7 21 0 1 83
3 5 7 19 1 2 76
3 5 7 17 2 3 122
3 5 7 15 3 4 154
3 5 7 13 4 5 138
3 5 7 12 10 0 158
3 5 7 11 5 6 65
3 5 7 10 11 1 196
3 5 7 10 0 12 63
3 5 7 9 6 7 10
3 5 7 8 12 2 129
3 5 7 8 1 13 34
3 5 7 7 7 8 21
3 5 7 6 13 3 196
3 5 7 6 2 14 85
3 5 7 5 8 9 131
3 5 7 4 14 4 100
3 5 7 4 3 15 195
3 5 7 3 9 10 142
3 5 7 2 15 5 83
3 5 7 2 4 16 191
3 5 7 1 21 0 51
3 5 7 1 10 11 61
3 5 7 0 16 6 114
3 5 7 0 5 17 145
3 5 6 18 5 0 22
3 5 6 17 0 6 191
3 5 6 16 6 1 167
3 5 6 15 1 7 136
3 5 6 14 7 2 184
3 5 6 13 2 8 79
3 5 6 12 8 3 99
3 5 6 11 3 9 172
3 5 6 10 9 4 28
3 5 6 9 4 10 167
3 5 6 8 10 5 119
3 5 6 7 16 0 99
3 5 6 7 5 11 175
3 5 6 6 11 6 20
3 5 6 6 0 17 185
3 5 6 5 17 1 110
3 5 6 5 6 12 3
3 5 6 4 12 7 192
3 5 6 4 1 18 151
3 5 6 3 18 2 96
3 5 6 3 7 13 195
3 5 6 2 13 8 158
3 5 6 2 2 19 64
3 5 6 1 19 3 75
3 5 6 1 8 14 99
3 5 6 0 14 9 114
3 5 6 0 3 20 12
3 5 5 24 0 0 2
3 5 5 22 1 1 89
3 5 5 20 2 2 95
3 5 5 18 3 3 35
3 5 5 16 4 4 117
3 5 5 14 5 5 125
3 5 5 13 11 0 149
3 5 5 13 0 11 34
3 5 5 12 6 6 110
3 5 5 11 12 1 197
3 5 5 11 1 12 75
3 5 5 10 7 7 150
3 5 5 9 13 2 170
3 5 5 9 2 13 130
3 5 5 8 8 8 26
3 5 5 7 14 3 137
3 5 5 7 3 14 22
3 5 5 6 9 9 149
3 5 5 5 15 4 164
3 5 5 5 4 15 16
3 5 5 4 10 10 185
3 5 5 3 16 5 183
3 5 5 3 5 16 26
3 5 5 2 22 0 118
3 5 5 2 11 11 153
3 5 5 2 0 22 175
3 5 5 1 17 6 194
3 5 5 1 6 17 25
3 5 5 0 23 1 3
3 5 5 0 12 12 66
3 5 5 0 1 23 39
3 5 4 20 0 5 135
3 5 4 19 6 0 174
3 5 4 18 1 6 40
3 5 4 17 7 1 73
3 5 4 16 2 7 39
3 5 4 15 8 2 105
3 5 4 14 3 8 39
3 5 4 13 9 3 27
3 5 4 12 4 9 12
3 5 4 11 10 4 134
3 5 4 10 5 10 196
3 5 4 9 11 5 30
3 5 4 9 0 16 187
3 5 4 8 17 0 151
3 5 4 8 6 11 46
3 5 4 7 12 6 1
3 5 4 7 1 17 93
3 5 4 6 18 1 64
3 5 4 6 7 12 27
3 5 4 5 13 7 139
3 5 4 5 2 18 58
3 5 4 4 19 2 189
3 5 4 4 8 13 28
3 5 4 3 14 8 121
3 5 4 3 3 19 84
3 5 4 2 20 3 177
3 5 4 2 9 14 69
3 5 4 1 15 9 110
3 5 4 1 4 20 48
3 5 4 0 21 4 8
3 5 4 0 10 15 189
3 5 3 25 1 0 78
3 5 3 23 2 1 167
3 5 3 21 3 2 168
3 5 3 19 4 3 25
3 5 3 17 5 4 181
3 5 3 16 0 10 155
3 5 3 15 6 5 34
3 5 3 14 12 0 131
3 5 3 14 1 11 145
3 5 3 13 7 6 59
3 5 3 12 13 1 20
3 5 3 12 2 12 59
3 5 3 11 8 7 176
3 5 3 10 14 2 87
3 5 3 10 3 13 68
3 5 3 9 9 8 172
3 5 3 8 15 3 178
3 5 3 8 4 14 166
3 5 3 7 10 9 65
3 5 3 6 16 4 123
3 5 3 6 5 15 6
3 5 3 5 11 10 109
3 5 3 5 0 21 14
3 5 3 4 17 5 97
3 5 3 4 6 16 172
3 5 3 3 23 0 36
3 5 3 3 12 11 32
3 5 3 3 1 22 110
3 5 3 2 18 6 158
3 5 3 2 7 17 121
3 5 3 1 24 1 188
3 5 3 1 13 12 4
3 5 3 1 2 23 177
3 5 3 0 19 7 121
3 5 3 0 8 18 70
3 5 2 23 0 4 34
3 5 2 21 1 5 36
3 5 2 20 7 0 79
3 5 2 19 2 6 12
3 5 2 18 8 1 100
3 5 2 17 3 7 135
3 5 2 16 9 2 189
3 5 2 15 4 8 191
3 5 2 14 10 3 169
3 5 2 13 5 9 142
3 5 2 12 11 4 5
3 5 2 12 0 15 50
3 5 2 11 6 10 104
3 5 2 10 12 5 54
3 5 2 10 1 16 51
3 5 2 9 18 0 111
3 5 2 9 7 11 192
3 5 2 8 13 6 123
3 5 2 8 2 17 114
3 5 2 7 19 1 67
3 5 2 7 8 12 117
3 5 2 6 14 7 147
3 5 2 6 3 18 164
3 5 2 5 20 2 100
3 5 2 5 9 13 102
3 5 2 4 15 8 120
3 5 2 4 4 19 43
3 5 2 3 21 3 193
3 5 2 3 10 14 29
3 5 2 2 16 9 74
3 5 2 2 5 20 68
3 5 2 1 22 4 5
3 5 2 1 11 15 190
3 5 2 1 0 26 121
3 5 2 0 17 10 157
3 5 2 0 6 21 40
3 5 1 26 2 0 166
3 5 1 24 3 1 16
3 5 1 22 4 2 60
3 5 1 20 5 3 103
3 5 1 19 0 9 140
3 5 1 18 6 4 65
3 5 1 17 1 10 29
3 5 1 16 7 5 2
3 5 1 15 13 0 177
3 5 1 15 2 11 185
3 5 1 14 8 6 115
3 5 1 13 14 1 147
3 5 1 13 3 12 53
3 5 1 12 9 7 119
3 5 1 11 15 2 27
3 5 1 11 4 13 161
3 5 1 10 10 8 20
3 5 1 9 16 3 63
3 5 1 9 5 14 194
3 5 1 8 11 9 170
3 5 1 8 0 20 111
3 5 1 7 17 4 133
3 5 1 7 6 15 12
3 5 1 6 12 10 77
3 5 1 6 1 21 166
3 5 1 5 18 5 139
3 5 1 5 7 16 14
3 5 1 4 24 0 102
3 5 1 4 13 11 43
3 5 1 4 2 22 28
3 5 1 3 19 6 35
3 5 1 3 8 17 186
3 5 1 2 25 1 90
3 5 1 2 14 12 105
3 5 1 2 3 23 44
3 5 1 1 20 7 170
3 5 1 1 9 18 133
3 5 1 0 26 2 191
3 5 1 0 15 13 2
3 5 1 0 4 24 118
3 5 0 26 0 3 187
3 5 0 24 1 4 74
3 5 0 22 2 5 27
3 5 0 21 8 0 53
3 5 0 20 3 6 134
3 5 0 19 9 1 84
3 5 0 18 4 7 170
3 5 0 17 10 2 17
3 5 0 16 5 8 195
3 5 0 15 11 3 172
3 5 0 15 0 14 2
3 5 0 14 6 9 180
3 5 0 13 12 4 68
3 5 0 13 1 15 105
3 5 0 12 7 10 38
3 5 0 11 13 5 44
3 5 0 11 2 16 120
3 5 0 10 19 0 72
3 5 0 10 8 11 24
3 5 0 9 14 6 101
3 5 0 9 3 17 145
3 5 0 8 20 1 4
3 5 0 8 9 12 194
3 5 0 7 15 7 15
3 5 0 7 4 18 147
3 5 0 6 21 2 178
3 5 0 6 10 13 73
3 5 0 5 16 8 68
3 5 0 5 5 19 116
3 5 0 4 22 3 119
3 5 0 4 11 14 124
3 5 0 4 0 25 82
3 5 0 3 17 9 130
3 5 0 3 6 20 19
3 5 0 2 23 4 9
3 5 0 2 1 26 1
3 5 0 1 7 21 25
3 5 0 0 24 5 181
3 5 0 0 13 16 183
3 5 0 0 2 27 198
3 4 27 0 3 0 89
3 4 26 2 0 2 197
3 4 26 0 1 3 127
3 4 25 1 4 0 90
3 4 24 5 0 1 101
3 4 24 3 1 2 139
3 4 24 1 2 3 63
3 4 23 2 5 0 138
3 4 23 1 0 6 37
3 4 23 0 6 1 22
3 4 22 8 0 0 195
3 4 22 6 1 1 64
3 4 22 4 2 2 4
3 4 22 2 3 3 17
3 4 22 0 4 4 107
3 4 21 4 0 5 13
3 4 21 3 6 0 103
3 4 21 2 1 6 191
3 4 21 1 7 1 37
3 4 21 0 2 7 160
3 4 20 9 1 0 1
3 4 20 7 2 1 32
3 4 20 5 3 2 141
3 4 20 3 4 3 174
3 4 20 1 5 4 44
3 4 20 0 0 10 132
3 4 19 7 0 4 114
3 4 19 5 1 5 76
3 4 19 4 7 0 98
3 4 19 3 2 6 130
3 4 19 2 8 1 44
3 4 19 1 3 7 135
3 4 19 0 9 2 107
3 4 18 10 2 0 70
3 4 18 8 3 1 182
3 4 18 6 4 2 16
3 4 18 4 5 3 151
3 4 18 3 0 9 161
3 4 18 2 6 4 122
3 4 18 1 1 10 196
3 4 18 0 7 5 131
3 4 17 10 0 3 54
3 4 17 8 1 4 46
3 4 17 6 2 5 150
3 4 17 5 8 0 163
3 4 17 4 3 6 65
3 4 17 3 9 1 169
3 4 17 2 4 7 21
3 4 17 1 10 2 40
3 4 17 0 5 8 188
3 4 16 11 3 0 130
3 4 16 9 4 1 31
3 4 16 7 5 2 178
3 4 16 6 0 8 36
3 4 16 5 6 3 17
3 4 16 4 1 9 158
3 4 16 3 7 4 183
3 4 16 2 2 10 161
3 4 16 1 8 5 36
3 4 16 0 14 0 20
3 4 16 0 3 11 156
3 4 15 13 0 2 45
3 4 15 11 1 3 62
3 4 15 9 2 4 137
3 4 15 7 3 5 8
3 4 15 6 9 0 64
3 4 15 5 4 6 178
3 4 15 4 10 1 170
3 4 15 3 5 7 38
3 4 15 2 11 2 7
3 4 15 2 0 13 12
3 4 15 1 6 8 59
3 4 15 0 12 3 182
3 4 15 0 1 14 159
3 4 14 12 4 0 72
3 4 14 10 5 1 170
3 4 14 9 0 7 193
3 4 14 8 6 2 30
3 4 14 7 1 8 38
3 4 14 6 7 3 14
3 4 14 5 2 9 134
3 4 14 4 8 4 188
3 4 14 3 3 10 106
3 4 14 2 9 5 130
3 4 14 1 15 0 115
3 4 14 1 4 11 180
3 4 14 0 10 6 103
3 4 13 16 0 1 64
3 4 13 14 1 2 115
3 4 13 12 2 3 72
3 4 13 10 3 4 94
3 4 13 8 4 5 170
3 4 13 7 10 0 186
3 4 13 6 5 6 111
3 4 13 5 11 1 192
3 4 13 5 0 12 44
3 4 13 4 6 7 12
3 4 13 3 12 2 120
3 4 13 3 1 13 55
3 4 13 2 7 8 4
3 4 13 1 13 3 128
3 4 13 1 2 14 119
3 4 13 0 8 9 180
3 4 12 13 5 0 135
3 4 12 12 0 6 163
3 4 12 11 6 1 171
3 4 12 10 1 7 53
3 4 12 9 7 2 90
3 4 12 8 2 8 43
3 4 12 7 8 3 180
3 4 12 6 3 9 15
3 4 12 5 9 4 193
3 4 12 4 4 10 117
3 4 12 3 10 5 170
3 4 12 2 16 0 33
3 4 12 2 5 11 173
3 4 12 1 11 6 188
3 4 12 1 0 17 60
3 4 12 0 17 1 6
3 4 12 0 6 12 15
3 4 11 19 0 0 185
3 4 11 17 1 1 50
3 4 11 15 2 2 10
3 4 11 13 3 3 2
3 4 11 11 4 4 70
3 4 11 9 5 5 75
3 4 11 8 11 0 116
3 4 11 8 0 11 116
3 4 11 7 6 6 185
3 4 11 6 12 1 126
3 4 11 6 1 12 194
3 4 11 5 7 7 62
3 4 11 4 13 2 56
3 4 11 4 2 13 113
3 4 11 3 8 8 74
3 4 11 2 14 3 118
3 4 11 2 3 14 141
3 4 11 1 9 9 88
3 4 11 0 15 4 146
3 4 11 0 4 15 193
3 4 10 15 0 5 117
3 4 10 14 6 0 196
3 4 10 13 1 6 106
3 4 10 12 7 1 140
3 4 10 11 2 7 110
3 4 10 10 8 2 42
3 4 10 9 3 8 121
3 4 10 8 9 3 190
3 4 10 7 4 9 185
3 4 10 6 10 4 98
3 4 10 5 5 10 56
3 4 10 4 11 5 56
3 4 10 4 0 16 20
3 4 10 3 17 0 163
3 4 10 3 6 11 183
3 4 10 2 12 6 139
3 4 10 2 1 17 178
3 4 10 1 18 1 101
3 4 10 1 7 12 11
3 4 10 0 13 7 31
3 4 10 0 2 18 18
3 4 9 20 1 0 61
3 4 9 18 2 1 58
3 4 9 16 3 2 187
3 4 9 14 4 3 136
3 4 9 12 5 4 140
3 4 9 11 0 10 60
3 4 9 10 6 5 121
3 4 9 9 12 0 87
3 4 9 9 1 11 150
3 4 9 8 7 6 49
3 4 9 7 13 1 86
3 4 9 7 2 12 131
3 4 9 6 8 7 191
3 4 9 5 14 2 38
3 4 9 5 3 13 118
3 4 9 4 9 8 117
3 4 9 3 15 3 107
3 4 9 3 4 14 92
3 4 9 2 10 9 43
3 4 9 1 16 4 88
3 4 9 1 5 15 154
3 4 9 0 11 10 91
3 4 9 0 0 21 134
3 4 8 18 0 4 191
3 4 8 16 1 5 172
3 4 8 15 7 0 191
3 4 8 14 2 6 6
3 4 8 13 8 1 180
3 4 8 12 3 7 12
3 4 8 11 9 2 60
3 4 8 10 4 8 115
3 4 8 9 10 3 93
3 4 8 8 5 9 133
3 4 8 7 11 4 71
3 4 8 7 0 15 31
3 4 8 6 6 10 82
3 4 8 5 12 5 174
3 4 8 5 1 16 66
3 4 8 4 18 0 151
3 4 8 4 7 11 135
3 4 8 3 13 6 33
3 4 8 3 2 17 10
3 4 8 2 19 1 35
3 4 8 2 8 12 172
3 4 8 1 14 7 156
3 4 8 1 3 18 172
3 4 8 0 20 2 33
3 4 8 0 9 13 30
3 4 7 21 2 0 28
3 4 7 19 3 1 105
3 4 7 17 4 2 143
3 4 7 15 5 3 103
3 4 7 14 0 9 58
3 4 7 13 6 4 190
3 4 7 12 1 10 72
3 4 7 11 7 5 58
3 4 7 10 13 0 168
3 4 7 10 2 11 5
3 4 7 9 8 6 120
3 4 7 8 14 1 20
3 4 7 8 3 12 120
3 4 7 7 9 7 129
3 4 7 6 15 2 52
3 4 7 6 4 13 163
3 4 7 5 10 8 129
3 4 7 4 16 3 75
3 4 7 4 5 14 103
3 4 7 3 11 9 111
3 4 7 3 0 20 196
3 4 7 2 17 4 195
3 4 7 2 6 15 1
3 4 7 1 12 10 61
3 4 7 1 1 21 118
3 4 7 0 18 5 21
3 4 7 0 7 16 4
3 4 6 21 0 3 36
3 4 6 19 1 4 123
3 4 6 17 2 5 91
3 4 6 16 8 0 30
3 4 6 15 3 6 161
3 4 6 14 9 1 59
3 4 6 13 4 7 106
3 4 6 12 10 2 151
3 4 6 11 5 8 58
3 4 6 10 11 3 47
3 4 6 10 0 14 10
3 4 6 9 6 9 55
3 4 6 8 12 4 171
3 4 6 8 1 15 147
3 4 6 7 7 10 121
3 4 6 6 13 5 185
3 4 6 6 2 16 158
3 4 6 5 19 0 12
3 4 6 5 8 11 104
3 4 6 4 14 6 181
3 4 6 4 3 17 72
3 4 6 3 20 1 28
3 4 6 3 9 12 129
3 4 6 2 15 7 195
3 4 6 2 4 18 165
3 4 6 1 21 2 118
3 4 6 1 10 13 170
3 4 6 0 16 8 188
3 4 6 0 5 19 104
3 4 5 22 3 0 14
3 4 5 20 4 1 146
3 4 5 18 5 2 48
3 4 5 17 0 8 69
3 4 5 16 6 3 37
3 4 5 15 1 9 48
3 4 5 14 7 4 102
3 4 5 13 2 10 129
3 4 5 12 8 5 100
3 4 5 11 14 0 83
3 4 5 11 3 11 85
3 4 5 10 9 6 153
3 4 5 9 15 1 83
3 4 5 9 4 12 181
3 4 5 8 10 7 144
3 4 5 7 16 2 67
3 4 5 7 5 13 103
3 4 5 6 11 8 118
3 4 5 6 0 19 144
3 4 5 5 17 3 161
3 4 5 5 6 14 189
3 4 5 4 12 9 25
3 4 5 4 1 20 132
3 4 5 3 18 4 29
3 4 5 3 7 15 142
3 4 5 2 13 10 39
3 4 5 2 2 21 109
3 4 5 1 19 5 149
3 4 5 1 8 16 36
3 4 5 0 25 0 104
3 4 5 0 14 11 168
3 4 5 0 3 22 31
3 4 4 24 0 2 128
3 4 4 22 1 3 114
3 4 4 20 2 4 173
3 4 4 18 3 5 168
3 4 4 17 9 0 62
3 4 4 16 4 6 2
3 4 4 15 10 1 158
3 4 4 14 5 7 163
3 4 4 13 11 2 6
3 4 4 13 0 13 60
3 4 4 12 6 8 134
3 4 4 11 12 3 66
3 4 4 11 1 14 10
3 4 4 10 7 9 167
3 4 4 9 13 4 8
3 4 4 9 2 15 168
3 4 4 8 8 10 123
3 4 4 7 14 5 7
3 4 4 7 3 16 74
3 4 4 6 20 0 64
3 4 4 6 9 11 136
3 4 4 5 15 6 171
3 4 4 5 4 17 30
3 4 4 4 21 1 36
3 4 4 4 10 12 124
3 4 4 3 16 7 15
3 4 4 3 5 18 124
3 4 4 2 22 2 46
3 4 4 2 11 13 26
3 4 4 2 0 24 186
3 4 4 1 17 8 195
3 4 4 1 6 19 173
3 4 4 0 23 3 105
3 4 4 0 12 14 186
3 4 4 0 1 25 181
3 4 3 23 4 0 194
3 4 3 21 5 1 195
3 4 3 20 0 7 36
3 4 3 19 6 2 51
3 4 3 18 1 8 4
3 4 3 17 7 3 164
3 4 3 16 2 9 85
3 4 3 15 8 4 184
3 4 3 14 3 10 25
3 4 3 13 9 5 186
3 4 3 12 15 0 173
3 4 3 12 4 11 153
3 4 3 11 10 6 78
3 4 3 10 16 1 54
3 4 3 10 5 12 141
3 4 3 9 11 7 132
3 4 3 9 0 18 41
3 4 3 8 6 13 10
3 4 3 7 12 8 198
3 4 3 7 1 19 114
3 4 3 6 18 3 43
3 4 3 6 7 14 44
3 4 3 5 13 9 116
3 4 3 5 2 20 139
3 4 3 4 19 4 28
3 4 3 4 8 15 110
3 4 3 3 14 10 39
3 4 3 3 3 21 104
3 4 3 2 20 5 161
3 4 3 2 9 16 177
3 4 3 1 26 0 21
3 4 3 1 15 11 54
3 4 3 1 4 22 193
3 4 3 0 21 6 110
3 4 3 0 10 17 143
3 4 2 27 0 1 121
3 4 2 25 1 2 68
3 4 2 23 2 3 123
3 4 2 21 3 4 159
3 4 2 19 4 5 123
3 4 2 18 10 0 79
3 4 2 17 5 6 15
3 4 2 16 11 1 184
3 4 2 16 0 12 120
3 4 2 15 6 7 139
3 4 2 14 12 2 43
3 4 2 14 1 13 168
3 4 2 13 7 8 125
3 4 2 12 13 3 11
3 4 2 12 2 14 102
3 4 2 11 8 9 91
3 4 2 10 14 4 44
3 4 2 10 3 15 103
3 4 2 9 9 10 111
3 4 2 8 15 5 176
3 4 2 8 4 16 54
3 4 2 7 21 0 42
3 4 2 7 10 11 178
3 4 2 6 16 6 13
3 4 2 6 5 17 76
3 4 2 5 22 1 20
3 4 2 5 11 12 135
3 4 2 5 0 23 136
3 4 2 4 17 7 143
3 4 2 4 6 18 152
3 4 2 3 23 2 125
3 4 2 3 12 13 55
3 4 2 3 1 24 60
3 4 2 2 18 8 197
3 4 2 2 7 19 35
3 4 2 1 24 3 162
3 4 2 1 13 14 1
3 4 2 1 2 25 152
3 4 2 0 19 9 178
3 4 2 0 8 20 19
3 4 1 24 5 0 81
3 4 1 23 0 6 78
3 4 1 22 6 1 89
3 4 1 21 1 7 83
3 4 1 19 2 8 145
3 4 1 18 8 3 177
3 4 1 17 3 9 4
3 4 1 16 9 4 184
3 4 1 15 4 10 110
3 4 1 14 10 5 81
3 4 1 13 16 0 100
3 4 1 13 5 11 108
3 4 1 12 11 6 190
3 4 1 12 0 17 58
3 4 1 11 17 1 41
3 4 1 11 6 12 198
3 4 1 10 12 7 104
3 4 1 10 1 18 16
3 4 1 9 18 2 187
3 4 1 9 7 13 139
3 4 1 8 13 8 162
3 4 1 8 2 19 5
3 4 1 7 19 3 93
3 4 1 7 8 14 79
3 4 1 6 14 9 39
3 4 1 6 3 20 78
3 4 1 5 20 4 184
3 4 1 5 9 15 126
3 4 1 4 15 10 24
3 4 1 4 4 21 51
3 4 1 3 21 5 20
3 4 1 3 10 16 164
3 4 1 2 27 0 74
3 4 1 2 16 11 19
3 4 1 2 5 22 136
3 4 1 1 22 6 177
3 4 1 1 11 17 153
3 4 1 1 0 28 84
3 4 1 0 28 1 103
3 4 1 0 17 12 90
3 4 1 0 6 23 17
3 4 0 30 0 0 10
3 4 0 28 1 1 45
3 4 0 26 2 2 184
3 4 0 24 3 3 21
3 4 0 22 4 4 151
3 4 0 20 5 5 195
3 4 0 19 11 0 163
3 4 0 19 0 11 198
3 4 0 18 6 6 60
3 4 0 17 12 1 9
3 4 0 17 1 12 39
3 4 0 16 7 7 141
3 4 0 15 13 2 5
3 4 0 15 2 13 103
3 4 0 14 8 8 122
3 4 0 13 14 3 149
3 4 0 13 3 14 69
3 4 0 12 9 9 66
3 4 0 11 15 4 35
3 4 0 11 4 15 161
3 4 0 10 10 10 71
3 4 0 9 16 5 195
3 4 0 9 5 16 138
3 4 0 8 22 0 113
3 4 0 8 11 11 96
3 4 0 8 0 22 7
3 4 0 7 17 6 171
3 4 0 7 6 17 142
3 4 0 6 23 1 182
3 4 0 6 12 12 34
3 4 0 6 1 23 147
3 4 0 5 18 7 1
3 4 0 5 7 18 103
3 4 0 4 24 2 144
3 4 0 4 13 13 167
3 4 0 4 2 24 101
3 4 0 3 19 8 44
3 4 0 3 8 19 123
3 4 0 2 25 3 96
3 4 0 2 14 14 112
3 4 0 2 3 25 174
3 4 0 1 20 9 188
3 4 0 1 9 20 170
3 4 0 0 26 4 176
3 4 0 0 15 15 125
3 4 0 0 4 26 65
3 3 30 0 0 1 196
3 3 28 3 0 0 92
3 3 28 1 1 1 31
3 3 26 4 1 0 89
3 3 26 2 2 1 82
3 3 26 0 3 2 168
3 3 25 2 0 4 13
3 3 25 0 1 5 20
3 3 24 5 2 0 6
3 3 24 3 3 1 109
3 3 24 1 4 2 90
3 3 23 5 0 3 193
3 3 23 3 1 4 60
3 3 23 1 2 5 198
3 3 23 0 8 0 166
3 3 22 6 3 0 186
3 3 22 4 4 1 116
3 3 22 2 5 2 48
3 3 22 1 0 8 198
3 3 22 0 6 3 71
3 3 21 8 0 2 132
3 3 21 6 1 3 137
3 3 21 4 2 4 52
3 3 21 2 3 5 183
3 3 21 1 9 0 79
3 3 21 0 4 6 21
3 3 20 7 4 0 21
3 3 20 5 5 1 198
3 3 20 4 0 7 12
3 3 20 3 6 2 169
3 3 20 2 1 8 78
3 3 20 1 7 3 61
3 3 20 0 2 9 95
3 3 19 11 0 1 2
3 3 19 9 1 2 192
3 3 19 7 2 3 37
3 3 19 5 3 4 61
3 3 19 3 4 5 43
3 3 19 2 10 0 184
3 3 19 1 5 6 105
3 3 19 0 11 1 82
3 3 19 0 0 12 119
3 3 18 8 5 0 111
3 3 18 7 0 6 106
3 3 18 6 6 1 90
3 3 18 5 1 7 197
3 3 18 4 7 2 61
3 3 18 3 2 8 63
3 3 18 2 8 3 76
3 3 18 1 3 9 44
3 3 18 0 9 4 45
3 3 17 14 0 0 123
3 3 17 12 1 1 40
3 3 17 10 2 2 74
3 3 17 8 3 3 99
3 3 17 6 4 4 196
3 3 17 4 5 5 5
3 3 17 3 11 0 63
3 3 17 3 0 11 167
3 3 17 2 6 6 78
3 3 17 1 12 1 26
3 3 17 1 1 12 163
3 3 17 0 7 7 196
3 3 16 10 0 5 13
3 3 16 9 6 0 94
3 3 16 8 1 6 11
3 3 16 7 7 1 45
3 3 16 6 2 7 24
3 3 16 5 8 2 142
3 3 16 4 3 8 11
3 3 16 3 9 3 176
3 3 16 2 4 9 93
3 3 16 0 5 10 26
3 3 15 15 1 0 170
3 3 15 13 2 1 116
3 3 15 11 3 2 171
3 3 15 9 4 3 74
3 3 15 7 5 4 73
3 3 15 6 0 10 144
3 3 15 5 6 5 37
3 3 15 4 12 0 76
3 3 15 4 1 11 20
3 3 15 3 7 6 149
3 3 15 2 13 1 37
3 3 15 2 2 12 155
3 3 15 1 8 7 46
3 3 15 0 14 2 176
3 3 15 0 3 13 179
3 3 14 13 0 4 177
3 3 14 11 1 5 106
3 3 14 10 7 0 164
3 3 14 9 2 6 38
3 3 14 8 8 1 142
3 3 14 7 3 7 64
3 3 14 6 9 2 124
3 3 14 5 4 8 99
3 3 14 4 10 3 196
3 3 14 3 5 9 134
3 3 14 2 11 4 111
3 3 14 2 0 15 198
3 3 14 1 6 10 6
3 3 14 0 12 5 92
3 3 14 0 1 16 158
3 3 13 16 2 0 189
3 3 13 14 3 1 102
3 3 13 12 4 2 47
3 3 13 10 5 3 1
3 3 13 9 0 9 64
3 3 13 8 6 4 21
3 3 13 7 1 10 155
3 3 13 6 7 5 148
3 3 13 5 13 0 48
3 3 13 5 2 11 157
3 3 13 4 8 6 165
3 3 13 3 14 1 39
3 3 13 3 3 12 150
3 3 13 2 9 7 160
3 3 13 1 15 2 135
3 3 13 1 4 13 162
3 3 13 0 10 8 77
3 3 12 16 0 3 114
3 3 12 14 1 4 41
3 3 12 12 2 5 104
3 3 12 11 8 0 175
3 3 12 10 3 6 193
3 3 12 9 9 1 196
3 3 12 8 4 7 180
3 3 12 7 10 2 68
3 3 12 6 5 8 100
3 3 12 5 11 3 159
3 3 12 5 0 14 120
3 3 12 4 6 9 12
3 3 12 3 12 4 161
3 3 12 3 1 15 187
3 3 12 2 7 10 9
3 3 12 1 13 5 110
3 3 12 1 2 16 135
3 3 12 0 19 0 161
3 3 12 0 8 11 156
3 3 11 17 3 0 89
3 3 11 15 4 1 96
3 3 11 13 5 2 6
3 3 11 12 0 8 135
3 3 11 11 6 3 33
3 3 11 10 1 9 160
3 3 11 9 7 4 182
3 3 11 8 2 10 77
3 3 11 7 8 5 26
3 3 11 6 14 0 88
3 3 11 6 3 11 1
3 3 11 5 9 6 15
3 3 11 4 15 1 108
3 3 11 4 4 12 104
3 3 11 3 10 7 163
3 3 11 2 16 2 80
3 3 11 2 5 13 41
3 3 11 1 11 8 11
3 3 11 1 0 19 8
3 3 11 0 17 3 89
3 3 11 0 6 14 68
3 3 10 19 0 2 162
3 3 10 17 1 3 74
3 3 10 15 2 4 183
3 3 10 13 3 5 48
3 3 10 12 9 0 7
3 3 10 11 4 6 119
3 3 10 10 10 1 198
3 3 10 9 5 7 39
3 3 10 8 11 2 1
3 3 10 8 0 13 145
3 3 10 7 6 8 174
3 3 10 6 12 3 162
3 3 10 6 1 14 122
3 3 10 5 7 9 140
3 3 10 4 13 4 197
3 3 10 4 2 15 196
3 3 10 3 8 10 141
3 3 10 2 14 5 9
3 3 10 2 3 16 7
3 3 10 1 20 0 45
3 3 10 1 9 11 144
3 3 10 0 15 6 198
3 3 10 0 4 17 52
3 3 9 18 4 0 5
3 3 9 16 5 1 76
3 3 9 15 0 7 89
3 3 9 14 6 2 104
3 3 9 13 1 8 128
3 3 9 12 7 3 54
3 3 9 11 2 9 182
3 3 9 10 8 4 92
3 3 9 9 3 10 170
3 3 9 8 9 5 145
3 3 9 7 15 0 143
3 3 9 7 4 11 150
3 3 9 6 10 6 177
3 3 9 5 16 1 38
3 3 9 5 5 12 1
3 3 9 4 11 7 187
3 3 9 4 0 18 53
3 3 9 3 17 2 42
3 3 9 3 6 13 38
3 3 9 2 12 8 4
3 3 9 2 1 19 23
3 3 9 1 18 3 36
3 3 9 1 7 14 52
3 3 9 0 13 9 17
3 3 9 0 2 20 120
3 3 8 22 0 1 142
3 3 8 20 1 2 58
3 3 8 18 2 3 188
3 3 8 16 3 4 6
3 3 8 14 4 5 168
3 3 8 13 10 0 108
3 3 8 12 5 6 5
3 3 8 11 11 1 171
3 3 8 11 0 12 133
3 3 8 10 6 7 142
3 3 8 9 12 2 3
3 3 8 9 1 13 58
3 3 8 8 7 8 138
3 3 8 7 13 3 145
3 3 8 7 2 14 152
3 3 8 6 8 9 128
3 3 8 5 14 4 68
3 3 8 5 3 15 180
3 3 8 4 9 10 36
3 3 8 3 15 5 103
3 3 8 3 4 16 22
3 3 8 2 21 0 159
3 3 8 2 10 11 112
3 3 8 1 16 6 50
3 3 8 1 5 17 19
3 3 8 0 22 1 25
3 3 8 0 11 12 119
3 3 8 0 0 23 94
3 3 7 19 5 0 129
3 3 7 18 0 6 57
3 3 7 17 6 1 111
3 3 7 16 1 7 83
3 3 7 15 7 2 191
3 3 7 14 2 8 115
3 3 7 13 8 3 142
3 3 7 11 9 4 85
3 3 7 10 4 10 151
3 3 7 9 10 5 162
3 3 7 8 16 0 75
3 3 7 8 5 11 79
3 3 7 7 11 6 9
3 3 7 7 0 17 175
3 3 7 6 17 1 55
3 3 7 6 6 12 133
3 3 7 5 12 7 120
3 3 7 5 1 18 146
3 3 7 4 18 2 198
3 3 7 4 7 13 158
3 3 7 3 13 8 43
3 3 7 3 2 19 55
3 3 7 2 19 3 58
3 3 7 2 8 14 188
3 3 7 1 14 9 18
3 3 7 1 3 20 16
3 3 7 0 20 4 141
3 3 7 0 9 15 128
3 3 6 25 0 0 42
3 3 6 23 1 1 130
3 3 6 21 2 2 35
3 3 6 19 3 3 97
3 3 6 17 4 4 183
3 3 6 15 5 5 169
3 3 6 14 11 0 142
3 3 6 14 0 11 149
3 3 6 13 6 6 85
3 3 6 12 12 1 48
3 3 6 12 1 12 38
3 3 6 11 7 7 150
3 3 6 10 13 2 13
3 3 6 10 2 13 181
3 3 6 9 8 8 145
3 3 6 8 14 3 9
3 3 6 7 9 9 87
3 3 6 6 15 4 25
3 3 6 6 4 15 139
3 3 6 5 10 10 181
3 3 6 4 16 5 169
3 3 6 4 5 16 86
3 3 6 3 22 0 21
3 3 6 3 11 11 11
3 3 6 3 0 22 74
3 3 6 2 17 6 110
3 3 6 2 6 17 9
3 3 6 1 23 1 8
3 3 6 1 12 12 50
3 3 6 1 1 23 156
3 3 6 0 18 7 188
3 3 6 0 7 18 162
3 3 5 21 0 5 159
3 3 5 20 6 0 132
3 3 5 19 1 6 131
3 3 5 18 7 1 55
3 3 5 17 2 7 51
3 3 5 16 8 2 159
3 3 5 15 3 8 64
3 3 5 14 9 3 114
3 3 5 13 4 9 108
3 3 5 12 10 4 130
3 3 5 11 5 10 180
3 3 5 10 11 5 191
3 3 5 10 0 16 189
3 3 5 9 17 0 41
3 3 5 9 6 11 93
3 3 5 8 12 6 54
3 3 5 8 1 17 71
3 3 5 7 18 1 20
3 3 5 7 7 12 83
3 3 5 6 13 7 85
3 3 5 6 2 18 52
3 3 5 5 19 2 100
3 3 5 5 8 13 131
3 3 5 4 14 8 92
3 3 5 4 3 19 177
3 3 5 3 20 3 124
3 3 5 3 9 14 180
3 3 5 2 15 9 12
3 3 5 2 4 20 32
3 3 5 1 21 4 164
3 3 5 1 10 15 73
3 3 5 0 16 10 57
3 3 5 0 5 21 118
3 3 4 26 1 0 183
3 3 4 24 2 1 151
3 3 4 22 3 2 177
3 3 4 20 4 3 20
3 3 4 18 5 4 24
3 3 4 17 0 10 161
3 3 4 16 6 5 113
3 3 4 15 12 0 62
3 3 4 15 1 11 2
3 3 4 14 7 6 155
3 3 4 13 13 1 48
3 3 4 13 2 12 174
3 3 4 12 8 7 109
3 3 4 11 14 2 148
3 3 4 11 3 13 74
3 3 4 10 9 8 79
3 3 4 9 15 3 103
3 3 4 9 4 14 194
3 3 4 8 10 9 4
3 3 4 7 16 4 65
3 3 4 7 5 15 42
3 3 4 6 11 10 99
3 3 4 6 0 21 131
3 3 4 5 17 5 70
3 3 4 5 6 16 150
3 3 4 4 23 0 179
3 3 4 4 12 11 92
3 3 4 4 1 22 122
3 3 4 3 18 6 181
3 3 4 3 7 17 153
3 3 4 2 24 1 197
3 3 4 2 13 12 19
3 3 4 2 2 23 98
3 3 4 1 19 7 54
3 3 4 1 8 18 142
3 3 4 0 25 2 58
3 3 4 0 14 13 135
3 3 4 0 3 24 36
3 3 3 24 0 4 124
3 3 3 22 1 5 80
3 3 3 21 7 0 112
3 3 3 20 2 6 34
3 3 3 19 8 1 18
3 3 3 18 3 7 84
3 3 3 17 9 2 129
3 3 3 16 4 8 75
3 3 3 15 10 3 149
3 3 3 14 5 9 91
3 3 3 13 11 4 49
3 3 3 13 0 15 168
3 3 3 12 6 10 26
3 3 3 11 12 5 12
3 3 3 11 1 16 58
3 3 3 10 18 0 183
3 3 3 10 7 11 61
3 3 3 9 13 6 102
3 3 3 9 2 17 106
3 3 3 8 19 1 81
3 3 3 8 8 12 103
3 3 3 7 14 7 82
3 3 3 7 3 18 124
3 3 3 6 20 2 65
3 3 3 6 9 13 5
3 3 3 5 15 8 40
3 3 3 5 4 19 4
3 3 3 4 21 3 151
3 3 3 4 10 14 27
3 3 3 3 16 9 126
3 3 3 3 5 20 12
3 3 3 2 22 4 44
3 3 3 2 11 15 41
3 3 3 2 0 26 35
3 3 3 1 17 10 139
3 3 3 1 6 21 194
3 3 3 0 23 5 42
3 3 3 0 12 16 128
3 3 3 0 1 27 14
3 3 2 27 2 0 105
3 3 2 25 3 1 137
3 3 2 23 4 2 12
3 3 2 21 5 3 186
3 3 2 20 0 9 51
3 3 2 19 6 4 141
3 3 2 18 1 10 134
3 3 2 17 7 5 54
3 3 2 16 13 0 119
3 3 2 16 2 11 83
3 3 2 15 8 6 30
3 3 2 14 14 1 82
3 3 2 14 3 12 42
3 3 2 13 9 7 28
3 3 2 12 15 2 15
3 3 2 12 4 13 100
3 3 2 11 10 8 36
3 3 2 10 16 3 100
3 3 2 10 5 14 145
3 3 2 9 11 9 79
3 3 2 9 0 20 55
3 3 2 8 17 4 169
3 3 2 8 6 15 107
3 3 2 7 12 10 2
3 3 2 7 1 21 54
3 3 2 6 18 5 73
3 3 2 6 7 16 83
3 3 2 5 24 0 187
3 3 2 5 13 11 150
3 3 2 5 2 22 75
3 3 2 4 19 6 145
3 3 2 4 8 17 2
3 3 2 3 25 1 75
3 3 2 3 14 12 58
3 3 2 3 3 23 169
3 3 2 2 20 7 191
3 3 2 2 9 18 69
3 3 2 1 26 2 88
3 3 2 1 15 13 131
3 3 2 1 4 24 44
3 3 2 0 21 8 140
3 3 2 0 10 19 69
3 3 1 27 0 3 128
3 3 1 25 1 4 20
3 3 1 23 2 5 117
3 3 1 22 8 0 10
3 3 1 21 3 6 77
3 3 1 20 9 1 10
3 3 1 19 4 7 91
3 3 1 18 10 2 70
3 3 1 17 5 8 147
3 3 1 16 11 3 180
3 3 1 16 0 14 40
3 3 1 15 6 9 146
3 3 1 14 12 4 121
3 3 1 14 1 15 128
3 3 1 13 7 10 88
3 3 1 12 13 5 80
3 3 1 12 2 16 85
3 3 1 11 19 0 57
3 3 1 11 8 11 188
3 3 1 10 14 6 136
3 3 1 10 3 17 71
3 3 1 9 20 1 170
3 3 1 9 9 12 92
3 3 1 8 15 7 69
3 3 1 8 4 18 42
3 3 1 7 21 2 15
3 3 1 7 10 13 69
3 3 1 6 16 8 162
3 3 1 6 5 19 171
3 3 1 5 22 3 151
3 3 1 5 11 14 126
3 3 1 5 0 25 87
3 3 1 4 17 9 158
3 3 1 4 6 20 26
3 3 1 3 23 4 73
3 3 1 3 12 15 166
3 3 1 3 1 26 60
3 3 1 2 18 10 159
3 3 1 2 7 21 143
3 3 1 1 24 5 118
3 3 1 1 13 16 158
3 3 1 1 2 27 64
3 3 1 0 30 0 118
3 3 1 0 19 11 131
3 3 1 0 8 22 43
3 3 0 28 3 0 109
3 3 0 26 4 1 87
3 3 0 24 5 2 80
3 3 0 23 0 8 170
3 3 0 22 6 3 178
3 3 0 21 1 9 165
3 3 0 20 7 4 2
3 3 0 19 2 10 81
3 3 0 18 8 5 195
3 3 0 17 14 0 20
3 3 0 17 3 11 4
3 3 0 16 9 6 80
3 3 0 15 15 1 189
3 3 0 15 4 12 55
3 3 0 14 10 7 139
3 3 0 13 16 2 34
3 3 0 13 5 13 158
3 3 0 12 11 8 118
3 3 0 12 0 19 139
3 3 0 11 17 3 1
3 3 0 11 6 14 22
3 3 0 10 12 9 70
3 3 0 10 1 20 36
3 3 0 9 18 4 84
3 3 0 9 7 15 117
3 3 0 8 13 10 191
3 3 0 8 2 21 20
3 3 0 7 19 5 87
3 3 0 7 8 16 33
3 3 0 6 25 0 24
3 3 0 6 14 11 48
3 3 0 5 20 6 197
3 3 0 5 9 17 128
3 3 0 4 26 1 157
3 3 0 4 15 12 194
3 3 0 4 4 23 158
3 3 0 3 21 7 39
3 3 0 3 10 18 195
3 3 0 2 27 2 180
3 3 0 2 16 13 165
3 3 0 2 5 24 195
3 3 0 1 22 8 38
3 3 0 1 11 19 187
3 3 0 1 0 30 197
3 3 0 0 28 3 79
3 3 0 0 17 14 153
3 3 0 0 6 25 3
3 2 30 0 2 0 57
3 2 29 0 0 3 56
3 2 28 1 3 0 125
3 2 27 3 0 2 177
3 2 27 1 1 3 49
3 2 26 2 4 0 188
3 2 26 0 5 1 177
3 2 25 6 0 1 115
3 2 25 4 1 2 44
3 2 25 2 2 3 188
3 2 25 0 3 4 129
3 2 24 3 5 0 124
3 2 24 2 0 6 54
3 2 24 1 6 1 148
3 2 24 0 1 7 79
3 2 23 9 0 0 28
3 2 23 7 1 1 14
3 2 23 5 2 2 191
3 2 23 3 3 3 164
3 2 23 1 4 4 183
3 2 22 5 0 5 102
3 2 22 4 6 0 107
3 2 22 3 1 6 92
3 2 22 2 7 1 24
3 2 22 1 2 7 129
3 2 22 0 8 2 155
3 2 21 10 1 0 151
3 2 21 8 2 1 38
3 2 21 6 3 2 99
3 2 21 4 4 3 35
3 2 21 2 5 4 7
3 2 21 1 0 10 81
3 2 21 0 6 5 111
3 2 20 8 0 4 96
3 2 20 5 7 0 90
3 2 20 4 2 6 131
3 2 20 3 8 1 21
3 2 20 2 3 7 169
3 2 20 1 9 2 44
3 2 20 0 4 8 79
3 2 19 11 2 0 21
3 2 19 9 3 1 165
3 2 19 7 4 2 173
3 2 19 5 5 3 120
3 2 19 4 0 9 190
3 2 19 3 6 4 144
3 2 19 2 1 10 81
3 2 19 1 7 5 167
3 2 19 0 13 0 82
3 2 19 0 2 11 123
3 2 18 11 0 3 35
3 2 18 9 1 4 198
3 2 18 7 2 5 34
3 2 18 6 8 0 20
3 2 18 5 3 6 114
3 2 18 4 9 1 70
3 2 18 3 4 7 194
3 2 18 2 10 2 130
3 2 18 1 5 8 136
3 2 18 0 11 3 182
3 2 18 0 0 14 79
3 2 17 12 3 0 183
3 2 17 10 4 1 74
3 2 17 8 5 2 114
3 2 17 7 0 8 63
3 2 17 6 6 3 57
3 2 17 5 1 9 153
3 2 17 4 7 4 81
3 2 17 3 2 10 76
3 2 17 2 8 5 164
3 2 17 1 14 0 61
3 2 17 1 3 11 54
3 2 17 0 9 6 10
3 2 16 14 0 2 61
3 2 16 12 1 3 173
3 2 16 10 2 4 102
3 2 16 8 3 5 153
3 2 16 7 9 0 47
3 2 16 6 4 6 46
3 2 16 5 10 1 141
3 2 16 4 5 7 130
3 2 16 3 11 2 71
3 2 16 3 0 13 185
3 2 16 2 6 8 47
3 2 16 1 12 3 4
3 2 16 1 1 14 133
3 2 16 0 7 9 169
3 2 15 13 4 0 2
3 2 15 11 5 1 130
3 2 15 10 0 7 113
3 2 15 9 6 2 28
3 2 15 8 1 8 27
3 2 15 7 7 3 62
3 2 15 6 2 9 125
3 2 15 5 8 4 140
3 2 15 4 3 10 147
3 2 15 3 9 5 190
3 2 15 2 15 0 13
3 2 15 2 4 11 28
3 2 15 1 10 6 157
3 2 15 0 16 1 67
3 2 15 0 5 12 172
3 2 14 17 0 1 85
3 2 14 15 1 2 65
3 2 14 13 2 3 40
3 2 14 11 3 4 195
3 2 14 9 4 5 72
3 2 14 8 10 0 176
3 2 14 7 5 6 31
3 2 14 6 11 1 154
3 2 14 6 0 12 115
3 2 14 5 6 7 24
3 2 14 4 12 2 129
3 2 14 4 1 13 114
3 2 14 3 7 8 152
3 2 14 2 13 3 120
3 2 14 2 2 14 33
3 2 14 1 8 9 126
3 2 14 0 14 4 97
3 2 14 0 3 15 37
3 2 13 14 5 0 79
3 2 13 13 0 6 111
3 2 13 12 6 1 84
3 2 13 11 1 7 3
3 2 13 10 7 2 98
3 2 13 9 2 8 95
3 2 13 8 8 3 61
3 2 13 7 3 9 25
3 2 13 6 9 4 136
3 2 13 5 4 10 190
3 2 13 4 10 5 105
3 2 13 3 16 0 40
3 2 13 3 5 11 114
3 2 13 2 11 6 186
3 2 13 2 0 17 145
3 2 13 1 17 1 164
3 2 13 1 6 12 3
3 2 13 0 12 7 123
3 2 13 0 1 18 95
3 2 12 20 0 0 6
3 2 12 18 1 1 93
3 2 12 16 2 2 101
3 2 12 14 3 3 41
3 2 12 12 4 4 132
3 2 12 10 5 5 188
3 2 12 9 11 0 191
3 2 12 9 0 11 25
3 2 12 8 6 6 130
3 2 12 7 12 1 109
3 2 12 7 1 12 117
3 2 12 6 7 7 105
3 2 12 5 13 2 190
3 2 12 5 2 13 101
3 2 12 4 8 8 72
3 2 12 3 14 3 74
3 2 12 3 3 14 138
3 2 12 2 9 9 37
3 2 12 1 15 4 82
3 2 12 1 4 15 131
3 2 12 0 10 10 117
3 2 11 16 0 5 54
3 2 11 15 6 0 192
3 2 11 14 1 6 4
3 2 11 13 7 1 183
3 2 11 12 2 7 115
3 2 11 11 8 2 103
3 2 11 10 3 8 68
3 2 11 9 9 3 7
3 2 11 8 4 9 110
3 2 11 7 10 4 195
3 2 11 6 5 10 130
3 2 11 5 11 5 172
3 2 11 5 0 16 55
3 2 11 4 17 0 5
3 2 11 4 6 11 198
3 2 11 3 12 6 110
3 2 11 3 1 17 190
3 2 11 2 18 1 14
3 2 11 2 7 12 168
3 2 11 1 13 7 84
3 2 11 1 2 18 48
3 2 11 0 19 2 62
3 2 11 0 8 13 110
3 2 10 21 1 0 145
3 2 10 19 2 1 107
3 2 10 17 3 2 61
3 2 10 15 4 3 51
3 2 10 13 5 4 57
3 2 10 12 0 10 158
3 2 10 11 6 5 119
3 2 10 10 12 0 74
3 2 10 10 1 11 89
3 2 10 9 7 6 61
3 2 10 8 13 1 83
3 2 10 8 2 12 26
3 2 10 7 8 7 185
3 2 10 6 14 2 48
3 2 10 6 3 13 79
3 2 10 5 9 8 2
3 2 10 4 15 3 83
3 2 10 4 4 14 181
3 2 10 3 10 9 21
3 2 10 2 16 4 73
3 2 10 2 5 15 125
3 2 10 1 11 10 174
3 2 10 1 0 21 153
3 2 10 0 17 5 124
3 2 10 0 6 16 129
3 2 9 19 0 4 139
3 2 9 17 1 5 76
3 2 9 16 7 0 114
3 2 9 15 2 6 107
3 2 9 14 8 1 109
3 2 9 13 3 7 108
3 2 9 12 9 2 133
3 2 9 11 4 8 125
3 2 9 10 10 3 116
3 2 9 9 5 9 54
3 2 9 8 11 4 193
3 2 9 8 0 15 164
3 2 9 7 6 10 142
3 2 9 6 12 5 71
3 2 9 6 1 16 77
3 2 9 5 18 0 185
3 2 9 5 7 11 32
3 2 9 4 13 6 166
3 2 9 4 2 17 84
3 2 9 3 19 1 9
3 2 9 3 8 12 173
3 2 9 2 14 7 94
3 2 9 2 3 18 59
3 2 9 1 20 2 119
3 2 9 1 9 13 109
3 2 9 0 15 8 112
3 2 9 0 4 19 160
3 2 8 22 2 0 196
3 2 8 20 3 1 150
3 2 8 18 4 2 154
3 2 8 16 5 3 68
3 2 8 15 0 9 10
3 2 8 14 6 4 190
3 2 8 13 1 10 196
3 2 8 12 7 5 5
3 2 8 11 13 0 196
3 2 8 11 2 11 197
3 2 8 10 8 6 27
3 2 8 9 14 1 41
3 2 8 9 3 12 175
3 2 8 8 9 7 48
3 2 8 7 15 2 179
3 2 8 7 4 13 47
3 2 8 6 10 8 196
3 2 8 5 16 3 58
3 2 8 5 5 14 125
3 2 8 4 11 9 99
3 2 8 4 0 20 135
3 2 8 3 17 4 144
3 2 8 3 6 15 54
3 2 8 2 12 10 94
3 2 8 2 1 21 68
3 2 8 1 18 5 97
3 2 8 1 7 16 34
3 2 8 0 24 0 130
3 2 8 0 13 11 85
3 2 8 0 2 22 11
3 2 7 22 0 3 122
3 2 7 20 1 4 39
3 2 7 18 2 5 58
3 2 7 17 8 0 122
3 2 7 16 3 6 168
3 2 7 15 9 1 165
3 2 7 14 4 7 9
3 2 7 13 10 2 184
3 2 7 12 5 8 63
3 2 7 11 11 3 4
3 2 7 11 0 14 133
3 2 7 10 6 9 110
3 2 7 9 12 4 107
3 2 7 9 1 15 25
3 2 7 8 7 10 159
3 2 7 7 13 5 171
3 2 7 7 2 16 103
3 2 7 6 19 0 81
3 2 7 6 8 11 41
3 2 7 5 14 6 45
3 2 7 5 3 17 41
3 2 7 4 20 1 79
3 2 7 4 9 12 30
3 2 7 3 15 7 12
3 2 7 3 4 18 193
3 2 7 2 21 2 46
3 2 7 2 10 13 104
3 2 7 1 16 8 5
3 2 7 1 5 19 142
3 2 7 0 22 3 129
3 2 7 0 11 14 169
3 2 7 0 0 25 147
3 2 6 23 3 0 87
3 2 6 21 4 1 24
3 2 6 19 5 2 93
3 2 6 18 0 8 17
3 2 6 17 6 3 167
3 2 6 16 1 9 9
3 2 6 15 7 4 146
3 2 6 14 2 10 23
3 2 6 13 8 5 43
3 2 6 12 14 0 55
3 2 6 12 3 11 70
3 2 6 11 9 6 176
3 2 6 10 15 1 170
3 2 6 10 4 12 166
3 2 6 9 10 7 174
3 2 6 8 16 2 121
3 2 6 8 5 13 125
3 2 6 7 11 8 33
3 2 6 7 0 19 123
3 2 6 6 17 3 135
3 2 6 6 6 14 105
3 2 6 5 12 9 102
3 2 6 5 1 20 114
3 2 6 4 18 4 51
3 2 6 4 7 15 22
3 2 6 3 13 10 13
3 2 6 3 2 21 189
3 2 6 2 19 5 87
3 2 6 2 8 16 61
3 2 6 1 25 0 163
3 2 6 1 14 11 177
3 2 6 1 3 22 124
3 2 6 0 20 6 34
3 2 6 0 9 17 69
3 2 5 25 0 2 150
3 2 5 23 1 3 48
3 2 5 21 2 4 170
3 2 5 19 3 5 24
3 2 5 18 9 0 127
3 2 5 17 4 6 159
3 2 5 16 10 1 7
3 2 5 15 5 7 113
3 2 5 14 11 2 179
3 2 5 14 0 13 69
3 2 5 13 6 8 13
3 2 5 12 12 3 178
3 2 5 12 1 14 107
3 2 5 11 7 9 94
3 2 5 10 13 4 170
3 2 5 10 2 15 104
3 2 5 9 8 10 26
3 2 5 8 14 5 41
3 2 5 8 3 16 103
3 2 5 7 20 0 172
3 2 5 7 9 11 121
3 2 5 6 15 6 112
3 2 5 6 4 17 38
3 2 5 5 21 1 97
3 2 5 5 10 12 72
3 2 5 4 16 7 154
3 2 5 4 5 18 166
3 2 5 3 22 2 193
3 2 5 3 11 13 155
3 2 5 3 0 24 148
3 2 5 2 17 8 101
3 2 5 2 6 19 103
3 2 5 1 23 3 147
3 2 5 1 12 14 3
3 2 5 1 1 25 118
3 2 5 0 18 9 3
3 2 5 0 7 20 22
3 2 4 24 4 0 139
3 2 4 22 5 1 20
3 2 4 21 0 7 54
3 2 4 20 6 2 144
3 2 4 19 1 8 183
3 2 4 18 7 3 7
3 2 4 17 2 9 81
3 2 4 16 8 4 20
3 2 4 15 3 10 77
3 2 4 14 9 5 1
3 2 4 13 15 0 108
3 2 4 13 4 11 127
3 2 4 12 10 6 155
3 2 4 11 16 1 185
3 2 4 11 5 12 107
3 2 4 10 11 7 9
3 2 4 10 0 18 106
3 2 4 9 17 2 5
3 2 4 9 6 13 22
3 2 4 8 12 8 9
3 2 4 8 1 19 112
3 2 4 7 18 3 76
3 2 4 7 7 14 128
3 2 4 6 13 9 83
3 2 4 6 2 20 112
3 2 4 5 19 4 86
3 2 4 5 8 15 132
3 2 4 4 14 10 63
3 2 4 4 3 21 11
3 2 4 3 20 5 114
3 2 4 3 9 16 193
3 2 4 2 26 0 57
3 2 4 2 15 11 27
3 2 4 2 4 22 80
3 2 4 1 21 6 140
3 2 4 1 10 17 148
3 2 4 0 27 1 177
3 2 4 0 16 12 75
3 2 4 0 5 23 10
3 2 3 28 0 1 158
3 2 3 26 1 2 82
3 2 3 24 2 3 46
3 2 3 22 3 4 31
3 2 3 20 4 5 102
3 2 3 19 10 0 175
3 2 3 18 5 6 190
3 2 3 17 11 1 153
3 2 3 17 0 12 194
3 2 3 16 6 7 190
3 2 3 15 12 2 67
3 2 3 15 1 13 147
3 2 3 14 7 8 23
3 2 3 13 13 3 77
3 2 3 13 2 14 162
3 2 3 12 8 9 160
3 2 3 11 14 4 98
3 2 3 11 3 15 76
3 2 3 10 9 10 65
3 2 3 9 15 5 105
3 2 3 9 4 16 52
3 2 3 8 21 0 67
3 2 3 8 10 11 92
3 2 3 7 16 6 17
3 2 3 7 5 17 54
3 2 3 6 22 1 108
3 2 3 6 11 12 150
3 2 3 6 0 23 21
3 2 3 5 17 7 33
3 2 3 5 6 18 146
3 2 3 4 23 2 46
3 2 3 4 12 13 47
3 2 3 4 1 24 28
3 2 3 3 18 8 12
3 2 3 3 7 19 51
3 2 3 2 24 3 126
3 2 3 2 13 14 131
3 2 3 2 2 25 24
3 2 3 1 19 9 64
3 2 3 1 8 20 171
3 2 3 0 25 4 172
3 2 3 0 14 15 58
3 2 3 0 3 26 27
3 2 2 25 5 0 159
3 2 2 24 0 6 67
3 2 2 23 6 1 153
3 2 2 22 1 7 171
3 2 2 21 7 2 77
3 2 2 20 2 8 42
3 2 2 19 8 3 123
3 2 2 18 3 9 62
3 2 2 17 9 4 167
3 2 2 16 4 10 34
3 2 2 15 10 5 43
3 2 2 14 16 0 105
3 2 2 14 5 11 162
3 2 2 13 11 6 58
3 2 2 13 0 17 12
3 2 2 12 17 1 16
3 2 2 12 6 12 191
3 2 2 11 12 7 175
3 2 2 11 1 18 161
3 2 2 10 18 2 95
3 2 2 10 7 13 174
3 2 2 9 13 8 115
3 2 2 9 2 19 174
3 2 2 8 19 3 175
3 2 2 8 8 14 25
3 2 2 7 14 9 71
3 2 2 7 3 20 166
3 2 2 6 20 4 154
3 2 2 6 9 15 119
3 2 2 5 15 10 54
3 2 2 5 4 21 132
3 2 2 4 21 5 59
3 2 2 4 10 16 95
3 2 2 3 27 0 129
3 2 2 3 16 11 104
3 2 2 3 5 22 102
3 2 2 2 22 6 146
3 2 2 2 11 17 125
3 2 2 2 0 28 175
3 2 2 1 28 1 42
3 2 2 1 17 12 149
3 2 2 1 6 23 3
3 2 2 0 23 7 124
3 2 2 0 12 18 161
3 2 2 0 1 29 60
3 2 1 31 0 0 67
3 2 1 29 1 1 164
3 2 1 27 2 2 66
3 2 1 25 3 3 154
3 2 1 23 4 4 21
3 2 1 21 5 5 163
3 2 1 20 11 0 48
3 2 1 20 0 11 9
3 2 1 19 6 6 194
3 2 1 18 1 12 100
3 2 1 17 7 7 74
3 2 1 16 13 2 12
3 2 1 16 2 13 20
3 2 1 15 8 8 74
3 2 1 14 14 3 77
3 2 1 14 3 14 119
3 2 1 13 9 9 133
3 2 1 12 15 4 85
3 2 1 12 4 15 71
3 2 1 11 10 10 13
3 2 1 10 16 5 129
3 2 1 10 5 16 183
3 2 1 9 22 0 41
3 2 1 9 11 11 166
3 2 1 9 0 22 81
3 2 1 8 17 6 50
3 2 1 8 6 17 26
3 2 1 7 23 1 64
3 2 1 7 12 12 26
3 2 1 7 1 23 183
3 2 1 6 18 7 138
3 2 1 6 7 18 88
3 2 1 5 24 2 193
3 2 1 5 13 13 183
3 2 1 5 2 24 72
3 2 1 4 19 8 81
3 2 1 4 8 19 137
3 2 1 3 25 3 132
3 2 1 3 14 14 198
3 2 1 3 3 25 76
3 2 1 2 20 9 116
3 2 1 2 9 20 100
3 2 1 1 26 4 149
3 2 1 1 15 15 68
3 2 1 1 4 26 8
3 2 1 0 21 10 151
3 2 1 0 10 21 106
3 2 0 27 0 5 186
3 2 0 26 6 0 186
3 2 0 25 1 6 82
3 2 0 24 7 1 195
3 2 0 23 2 7 155
3 2 0 22 8 2 84
3 2 0 21 3 8 45
3 2 0 20 9 3 54
3 2 0 19 4 9 142
3 2 0 18 10 4 124
3 2 0 17 5 10 20
3 2 0 16 11 5 120
3 2 0 16 0 16 194
3 2 0 15 17 0 2
3 2 0 15 6 11 61
3 2 0 14 12 6 82
3 2 0 14 1 17 145
3 2 0 13 18 1 171
3 2 0 13 7 12 163
3 2 0 12 13 7 11
3 2 0 12 2 18 194
3 2 0 11 19 2 195
3 2 0 11 8 13 177
3 2 0 10 14 8 5
3 2 0 10 3 19 196
3 2 0 9 20 3 189
3 2 0 9 9 14 147
3 2 0 8 15 9 140
3 2 0 8 4 20 120
3 2 0 7 21 4 163
3 2 0 7 10 15 65
3 2 0 6 16 10 50
3 2 0 6 5 21 137
3 2 0 5 22 5 118
3 2 0 5 11 16 28
3 2 0 5 0 27 68
3 2 0 4 28 0 68
3 2 0 4 17 11 179
3 2 0 4 6 22 183
3 2 0 3 23 6 47
3 2 0 3 12 17 135
3 2 0 3 1 28 89
3 2 0 2 29 1 92
3 2 0 2 18 12 4
3 2 0 2 7 23 14
3 2 0 1 24 7 110
3 2 0 1 13 18 98
3 2 0 1 2 29 177
3 2 0 0 30 2 23
3 2 0 0 19 13 25
3 2 0 0 8 24 172
3 1 31 1 0 1 27
3 1 29 4 0 0 44
3 1 29 2 1 1 110
3 1 29 0 2 2 18
3 1 28 0 0 5 88
3 1 27 5 1 0 181
3 1 27 3 2 1 158
3 1 27 1 3 2 58
3 1 26 3 0 4 22
3 1 26 1 1 5 92
3 1 26 0 7 0 25
3 1 25 6 2 0 188
3 1 25 4 3 1 113
3 1 25 2 4 2 173
3 1 25 0 5 3 81
3 1 24 6 0 3 17
3 1 24 4 1 4 137
3 1 24 2 2 5 163
3 1 24 1 8 0 4
3 1 24 0 3 6 80
3 1 23 7 3 0 120
3 1 23 5 4 1 153
3 1 23 3 5 2 69
3 1 23 2 0 8 129
3 1 23 1 6 3 188
3 1 23 0 1 9 147
3 1 22 9 0 2 77
3 1 22 7 1 3 77
3 1 22 5 2 4 130
3 1 22 3 3 5 166
3 1 22 2 9 0 174
3 1 22 1 4 6 80
3 1 22 0 10 1 146
3 1 21 8 4 0 36
3 1 21 6 5 1 180
3 1 21 5 0 7 172
3 1 21 4 6 2 27
3 1 21 3 1 8 94
3 1 21 2 7 3 33
3 1 21 1 2 9 175
3 1 21 0 8 4 126
3 1 20 12 0 1 32
3 1 20 10 1 2 42
3 1 20 8 2 3 181
3 1 20 6 3 4 157
3 1 20 4 4 5 49
3 1 20 3 10 0 157
3 1 20 2 5 6 76
3 1 20 1 11 1 102
3 1 20 1 0 12 73
3 1 20 0 6 7 157
3 1 19 9 5 0 120
3 1 19 8 0 6 160
3 1 19 7 6 1 168
3 1 19 6 1 7 115
3 1 19 5 7 2 49
3 1 19 4 2 8 97
3 1 19 3 8 3 27
3 1 19 2 3 9 4
3 1 19 1 9 4 107
3 1 19 0 4 10 158
3 1 18 15 0 0 116
3 1 18 13 1 1 23
3 1 18 11 2 2 34
3 1 18 9 3 3 76
3 1 18 7 4 4 135
3 1 18 5 5 5 151
3 1 18 4 11 0 48
3 1 18 4 0 11 116
3 1 18 3 6 6 92
3 1 18 2 12 1 29
3 1 18 2 1 12 157
3 1 18 1 7 7 80
3 1 18 0 13 2 116
3 1 18 0 2 13 139
3 1 17 11 0 5 4
3 1 17 10 6 0 116
3 1 17 9 1 6 135
3 1 17 8 7 1 189
3 1 17 7 2 7 172
3 1 17 6 8 2 38
3 1 17 5 3 8 79
3 1 17 4 9 3 187
3 1 17 3 4 9 147
3 1 17 2 10 4 150
3 1 17 1 5 10 194
3 1 17 0 11 5 39
3 1 17 0 0 16 120
3 1 16 16 1 0 100
3 1 16 14 2 1 175
3 1 16 12 3 2 102
3 1 16 10 4 3 35
3 1 16 8 5 4 8
3 1 16 7 0 10 169
3 1 16 6 6 5 154
3 1 16 5 12 0 190
3 1 16 5 1 11 172
3 1 16 4 7 6 109
3 1 16 3 13 1 140
3 1 16 3 2 12 154
3 1 16 2 8 7 138
3 1 16 1 14 2 194
3 1 16 1 3 13 59
3 1 16 0 9 8 99
3 1 15 14 0 4 15
3 1 15 12 1 5 180
3 1 15 11 7 0 140
3 1 15 10 2 6 164
3 1 15 9 8 1 149
3 1 15 8 3 7 95
3 1 15 7 9 2 105
3 1 15 6 4 8 4
3 1 15 5 10 3 195
3 1 15 4 5 9 135
3 1 15 3 11 4 73
3 1 15 3 0 15 93
3 1 15 2 6 10 36
3 1 15 1 12 5 159
3 1 15 1 1 16 144
3 1 15 0 18 0 183
3 1 15 0 7 11 97
3 1 14 17 2 0 172
3 1 14 15 3 1 60
3 1 14 13 4 2 149
3 1 14 11 5 3 153
3 1 14 10 0 9 19
3 1 14 9 6 4 190
3 1 14 8 1 10 117
3 1 14 7 7 5 104
3 1 14 6 13 0 137
3 1 14 6 2 11 136
3 1 14 5 8 6 5
3 1 14 4 14 1 143
3 1 14 4 3 12 10
3 1 14 3 9 7 133
3 1 14 2 15 2 165
3 1 14 2 4 13 157
3 1 14 1 10 8 181
3 1 14 0 16 3 23
3 1 14 0 5 14 70
3 1 13 17 0 3 63
3 1 13 15 1 4 186
3 1 13 13 2 5 61
3 1 13 12 8 0 119
3 1 13 11 3 6 104
3 1 13 10 9 1 80
3 1 13 9 4 7 16
3 1 13 8 10 2 56
3 1 13 7 5 8 2
3 1 13 6 11 3 48
3 1 13 6 0 14 169
3 1 13 5 6 9 135
3 1 13 4 12 4 45
3 1 13 4 1 15 4
3 1 13 3 7 10 25
3 1 13 2 13 5 160
3 1 13 2 2 16 97
3 1 13 1 19 0 47
3 1 13 1 8 11 194
3 1 13 0 14 6 165
3 1 13 0 3 17 182
3 1 12 18 3 0 123
3 1 12 16 4 1 117
3 1 12 14 5 2 141
3 1 12 13 0 8 161
3 1 12 12 6 3 80
3 1 12 11 1 9 158
3 1 12 10 7 4 40
3 1 12 9 2 10 34
3 1 12 8 8 5 156
3 1 12 7 14 0 13
3 1 12 7 3 11 54
3 1 12 6 9 6 164
3 1 12 5 15 1 23
3 1 12 5 4 12 10
3 1 12 4 10 7 125
3 1 12 3 16 2 198
3 1 12 3 5 13 97
3 1 12 2 11 8 64
3 1 12 2 0 19 120
3 1 12 1 17 3 36
3 1 12 1 6 14 9
3 1 12 0 12 9 163
3 1 12 0 1 20 128
3 1 11 20 0 2 13
3 1 11 18 1 3 163
3 1 11 16 2 4 92
3 1 11 14 3 5 196
3 1 11 13 9 0 133
3 1 11 12 4 6 4
3 1 11 11 10 1 177
3 1 11 10 5 7 188
3 1 11 9 11 2 78
3 1 11 9 0 13 113
3 1 11 8 6 8 20
3 1 11 7 12 3 142
3 1 11 7 1 14 160
3 1 11 6 7 9 149
3 1 11 5 13 4 162
3 1 11 5 2 15 192
3 1 11 4 8 10 36
3 1 11 3 14 5 197
3 1 11 3 3 16 57
3 1 11 2 20 0 85
3 1 11 2 9 11 39
3 1 11 1 15 6 70
3 1 11 1 4 17 93
3 1 11 0 21 1 99
3 1 11 0 10 12 158
3 1 10 19 4 0 195
3 1 10 17 5 1 121
3 1 10 16 0 7 137
3 1 10 15 6 2 28
3 1 10 14 1 8 21
3 1 10 13 7 3 27
3 1 10 12 2 9 107
3 1 10 11 8 4 166
3 1 10 10 3 10 94
3 1 10 9 9 5 78
3 1 10 8 15 0 177
3 1 10 8 4 11 150
3 1 10 7 10 6 116
3 1 10 6 16 1 38
3 1 10 6 5 12 17
3 1 10 5 11 7 193
3 1 10 5 0 18 63
3 1 10 4 17 2 68
3 1 10 4 6 13 58
3 1 10 3 12 8 33
3 1 10 3 1 19 33
3 1 10 2 18 3 37
3 1 10 2 7 14 122
3 1 10 1 13 9 17
3 1 10 1 2 20 144
3 1 10 0 19 4 47
3 1 10 0 8 15 180
3 1 9 23 0 1 61
3 1 9 21 1 2 109
3 1 9 19 2 3 51
3 1 9 17 3 4 120
3 1 9 15 4 5 161
3 1 9 14 10 0 48
3 1 9 13 5 6 75
3 1 9 12 11 1 41
3 1 9 12 0 12 65
3 1 9 11 6 7 186
3 1 9 10 12 2 93
3 1 9 10 1 13 18
3 1 9 9 7 8 190
3 1 9 8 13 3 115
3 1 9 8 2 14 47
3 1 9 7 8 9 125
3 1 9 6 14 4 77
3 1 9 6 3 15 190
3 1 9 5 9 10 8
3 1 9 4 15 5 94
3 1 9 4 4 16 36
3 1 9 3 21 0 100
3 1 9 3 10 11 120
3 1 9 2 16 6 7
3 1 9 2 5 17 171
3 1 9 1 22 1 52
3 1 9 1 11 12 145
3 1 9 1 0 23 54
3 1 9 0 17 7 184
3 1 9 0 6 18 133
3 1 8 20 5 0 92
3 1 8 19 0 6 175
3 1 8 18 6 1 36
3 1 8 17 1 7 76
3 1 8 16 7 2 27
3 1 8 15 2 8 39
3 1 8 14 8 3 59
3 1 8 13 3 9 160
3 1 8 12 9 4 47
3 1 8 11 4 10 70
3 1 8 10 10 5 4
3 1 8 9 16 0 150
3 1 8 9 5 11 144
3 1 8 8 11 6 113
3 1 8 8 0 17 81
3 1 8 7 17 1 131
3 1 8 7 6 12 62
3 1 8 6 12 7 175
3 1 8 6 1 18 43
3 1 8 5 18 2 163
3 1 8 5 7 13 41
3 1 8 4 13 8 113
3 1 8 4 2 19 158
3 1 8 3 19 3 70
3 1 8 3 8 14 188
3 1 8 2 14 9 1
3 1 8 1 20 4 117
3 1 8 1 9 15 117
3 1 8 0 15 10 186
3 1 8 0 4 21 50
3 1 7 26 0 0 14
3 1 7 24 1 1 184
3 1 7 22 2 2 66
3 1 7 20 3 3 35
3 1 7 18 4 4 163
3 1 7 16 5 5 142
3 1 7 15 11 0 39
3 1 7 15 0 11 39
3 1 7 14 6 6 113
3 1 7 13 12 1 178
3 1 7 13 1 12 177
3 1 7 12 7 7 80
3 1 7 11 13 2 77
3 1 7 11 2 13 11
3 1 7 9 14 3 151
3 1 7 9 3 14 140
3 1 7 8 9 9 89
3 1 7 7 15 4 42
3 1 7 7 4 15 134
3 1 7 6 10 10 91
3 1 7 5 16 5 114
3 1 7 5 5 16 87
3 1 7 4 22 0 198
3 1 7 4 11 11 135
3 1 7 4 0 22 115
3 1 7 3 17 6 198
3 1 7 3 6 17 51
3 1 7 2 23 1 108
3 1 7 2 12 12 147
3 1 7 2 1 23 177
3 1 7 1 18 7 149
3 1 7 1 7 18 166
3 1 7 0 24 2 182
3 1 7 0 13 13 25
3 1 7 0 2 24 108
3 1 6 22 0 5 72
3 1 6 21 6 0 150
3 1 6 20 1 6 33
3 1 6 19 7 1 68
3 1 6 18 2 7 52
3 1 6 17 8 2 62
3 1 6 16 3 8 117
3 1 6 15 9 3 2
3 1 6 14 4 9 118
3 1 6 13 10 4 122
3 1 6 12 5 10 177
3 1 6 11 11 5 101
3 1 6 11 0 16 179
3 1 6 10 17 0 187
3 1 6 10 6 11 89
3 1 6 9 12 6 44
3 1 6 9 1 17 18
3 1 6 8 18 1 118
3 1 6 8 7 12 79
3 1 6 7 13 7 155
3 1 6 7 2 18 7
3 1 6 6 19 2 94
3 1 6 6 8 13 56
3 1 6 5 14 8 69
3 1 6 5 3 19 149
3 1 6 4 20 3 3
3 1 6 4 9 14 79
3 1 6 3 15 9 106
3 1 6 3 4 20 53
3 1 6 2 21 4 1
3 1 6 2 10 15 28
3 1 6 1 16 10 101
3 1 6 1 5 21 91
3 1 6 0 22 5 40
3 1 6 0 11 16 188
3 1 6 0 0 27 190
3 1 5 27 1 0 57
3 1 5 25 2 1 17
3 1 5 23 3 2 68
3 1 5 21 4 3 185
3 1 5 19 5 4 111
3 1 5 18 0 10 156
3 1 5 17 6 5 29
3 1 5 16 12 0 54
3 1 5 16 1 11 99
3 1 5 15 7 6 23
3 1 5 14 13 1 119
3 1 5 14 2 12 103
3 1 5 13 8 7 179
3 1 5 12 14 2 121
3 1 5 12 3 13 108
3 1 5 11 9 8 105
3 1 5 10 15 3 190
3 1 5 10 4 14 53
3 1 5 9 10 9 92
3 1 5 8 16 4 133
3 1 5 8 5 15 50
3 1 5 7 11 10 41
3 1 5 7 0 21 170
3 1 5 6 17 5 158
3 1 5 6 6 16 57
3 1 5 5 23 0 183
3 1 5 5 12 11 167
3 1 5 5 1 22 19
3 1 5 4 18 6 122
3 1 5 4 7 17 24
3 1 5 3 24 1 118
3 1 5 3 13 12 72
3 1 5 3 2 23 195
3 1 5 2 19 7 111
3 1 5 2 8 18 133
3 1 5 1 25 2 6
3 1 5 1 14 13 34
3 1 5 1 3 24 57
3 1 5 0 20 8 170
3 1 5 0 9 19 77
3 1 4 25 0 4 145
3 1 4 23 1 5 169
3 1 4 22 7 0 27
3 1 4 21 2 6 23
3 1 4 20 8 1 79
3 1 4 19 3 7 113
3 1 4 18 9 2 141
3 1 4 17 4 8 22
3 1 4 16 10 3 128
3 1 4 15 5 9 60
3 1 4 14 11 4 58
3 1 4 14 0 15 85
3 1 4 13 6 10 16
3 1 4 12 12 5 107
3 1 4 12 1 16 166
3 1 4 11 18 0 129
3 1 4 11 7 11 141
3 1 4 10 13 6 72
3 1 4 10 2 17 41
3 1 4 9 19 1 105
3 1 4 9 8 12 75
3 1 4 8 14 7 73
3 1 4 8 3 18 60
3 1 4 7 20 2 27
3 1 4 7 9 13 103
3 1 4 6 15 8 178
3 1 4 6 4 19 51
3 1 4 5 21 3 179
3 1 4 5 10 14 142
3 1 4 4 16 9 142
3 1 4 4 5 20 137
3 1 4 3 22 4 136
3 1 4 3 11 15 111
3 1 4 3 0 26 112
3 1 4 2 17 10 62
3 1 4 2 6 21 55
3 1 4 1 23 5 150
3 1 4 1 12 16 188
3 1 4 1 1 27 188
3 1 4 0 29 0 129
3 1 4 0 7 22 85
3 1 3 28 2 0 38
3 1 3 26 3 1 23
3 1 3 24 4 2 84
3 1 3 22 5 3 59
3 1 3 21 0 9 4
3 1 3 20 6 4 171
3 1 3 19 1 10 17
3 1 3 18 7 5 115
3 1 3 17 13 0 45
3 1 3 17 2 11 180
3 1 3 16 8 6 193
3 1 3 15 14 1 194
3 1 3 15 3 12 99
3 1 3 14 9 7 32
3 1 3 13 15 2 11
3 1 3 13 4 13 142
3 1 3 12 10 8 40
3 1 3 11 16 3 174
3 1 3 11 5 14 82
3 1 3 10 11 9 142
3 1 3 10 0 20 52
3 1 3 9 17 4 72
3 1 3 9 6 15 195
3 1 3 8 12 10 154
3 1 3 8 1 21 40
3 1 3 7 18 5 182
3 1 3 7 7 16 76
3 1 3 6 24 0 167
3 1 3 6 13 11 86
3 1 3 6 2 22 41
3 1 3 5 19 6 26
3 1 3 5 8 17 154
3 1 3 4 25 1 167
3 1 3 4 14 12 51
3 1 3 4 3 23 184
3 1 3 3 20 7 141
3 1 3 3 9 18 1
3 1 3 2 26 2 3
3 1 3 2 15 13 24
3 1 3 2 4 24 130
3 1 3 1 21 8 196
3 1 3 1 10 19 179
3 1 3 0 27 3 70
3 1 3 0 16 14 119
3 1 3 0 5 25 194
3 1 2 28 0 3 107
3 1 2 26 1 4 144
3 1 2 24 2 5 34
3 1 2 23 8 0 151
3 1 2 22 3 6 31
3 1 2 21 9 1 71
3 1 2 20 4 7 15
3 1 2 19 10 2 190
3 1 2 18 5 8 174
3 1 2 17 11 3 78
3 1 2 17 0 14 49
3 1 2 16 6 9 168
3 1 2 15 12 4 76
3 1 2 15 1 15 115
3 1 2 14 7 10 47
3 1 2 13 13 5 71
3 1 2 13 2 16 30
3 1 2 12 19 0 6
3 1 2 12 8 11 156
3 1 2 11 14 6 47
3 1 2 11 3 17 197
3 1 2 10 20 1 21
3 1 2 10 9 12 29
3 1 2 9 15 7 155
3 1 2 9 4 18 180
3 1 2 8 21 2 60
3 1 2 8 10 13 172
3 1 2 7 16 8 185
3 1 2 7 5 19 169
3 1 2 6 22 3 89
3 1 2 6 11 14 93
3 1 2 6 0 25 13
3 1 2 5 17 9 61
3 1 2 5 6 20 185
3 1 2 4 23 4 173
3 1 2 4 12 15 187
3 1 2 4 1 26 43
3 1 2 3 18 10 51
3 1 2 3 7 21 55
3 1 2 2 24 5 6
3 1 2 2 13 16 175
3 1 2 2 2 27 38
3 1 2 1 30 0 131
3 1 2 1 19 11 179
3 1 2 1 8 22 149
3 1 2 0 25 6 109
3 1 2 0 14 17 153
3 1 2 0 3 28 31
3 1 1 29 3 0 106
3 1 1 27 4 1 189
3 1 1 25 5 2 188
3 1 1 24 0 8 44
3 1 1 23 6 3 157
3 1 1 22 1 9 1
3 1 1 21 7 4 179
3 1 1 20 2 10 113
3 1 1 19 8 5 70
3 1 1 18 14 0 86
3 1 1 18 3 11 33
3 1 1 17 9 6 181
3 1 1 16 15 1 165
3 1 1 16 4 12 129
3 1 1 15 10 7 187
3 1 1 14 16 2 105
3 1 1 14 5 13 165
3 1 1 13 11 8 122
3 1 1 13 0 19 37
3 1 1 12 17 3 59
3 1 1 12 6 14 70
3 1 1 11 12 9 86
3 1 1 11 1 20 180
3 1 1 10 18 4 128
3 1 1 10 7 15 21
3 1 1 9 13 10 144
3 1 1 9 2 21 69
3 1 1 8 19 5 61
3 1 1 8 8 16 169
3 1 1 7 25 0 60
3 1 1 7 14 11 54
3 1 1 7 3 22 25
3 1 1 6 20 6 36
3 1 1 6 9 17 10
3 1 1 5 26 1 150
3 1 1 5 15 12 118
3 1 1 5 4 23 164
3 1 1 4 21 7 155
3 1 1 4 10 18 19
3 1 1 3 27 2 159
3 1 1 3 16 13 174
3 1 1 3 5 24 138
3 1 1 2 22 8 34
3 1 1 2 11 19 62
3 1 1 2 0 30 96
3 1 1 1 28 3 18
3 1 1 1 17 14 156
3 1 1 1 6 25 128
3 1 1 0 23 9 38
3 1 1 0 12 20 138
3 1 1 0 1 31 29
3 1 0 31 0 2 148
3 1 0 29 1 3 104
3 1 0 27 2 4 76
3 1 0 25 3 5 83
3 1 0 24 9 0 113
3 1 0 23 4 6 176
3 1 0 22 10 1 137
3 1 0 21 5 7 167
3 1 0 20 11 2 195
3 1 0 20 0 13 138
3 1 0 19 6 8 45
3 1 0 18 12 3 36
3 1 0 18 1 14 34
3 1 0 17 7 9 56
3 1 0 16 13 4 42
3 1 0 16 2 15 74
3 1 0 15 8 10 44
3 1 0 14 14 5 67
3 1 0 14 3 16 159
3 1 0 13 20 0 8
3 1 0 13 9 11 109
3 1 0 12 15 6 197
3 1 0 12 4 17 186
3 1 0 11 21 1 193
3 1 0 11 10 12 62
3 1 0 10 16 7 120
3 1 0 10 5 18 126
3 1 0 9 22 2 149
3 1 0 9 11 13 150
3 1 0 9 0 24 196
3 1 0 8 17 8 97
3 1 0 8 6 19 50
3 1 0 7 23 3 5
3 1 0 7 12 14 70
3 1 0 7 1 25 128
3 1 0 6 18 9 77
3 1 0 6 7 20 17
3 1 0 5 24 4 56
3 1 0 5 13 15 129
3 1 0 5 2 26 63
3 1 0 4 19 10 53
3 1 0 4 8 21 25
3 1 0 3 25 5 109
3 1 0 3 14 16 49
3 1 0 3 3 27 67
3 1 0 2 31 0 165
3 1 0 2 20 11 74
3 1 0 2 9 22 12
3 1 0 1 26 6 62
3 1 0 1 15 17 108
3 1 0 1 4 28 54
3 1 0 0 32 1 188
3 1 0 0 21 12 63
3 1 0 0 10 23 91
3 0 33 0 1 0 162
3 0 31 1 2 0 14
3 0 30 1 0 3 174
3 0 29 2 3 0 89
3 0 29 0 4 1 44
3 0 28 4 0 2 6
3 0 28 2 1 3 1
3 0 28 0 2 4 165
3 0 27 3 4 0 120
3 0 27 1 5 1 196
3 0 27 0 0 7 69
3 0 26 7 0 1 154
3 0 26 5 1 2 13
3 0 26 3 2 3 115
3 0 26 1 3 4 49
3 0 25 4 5 0 89
3 0 25 3 0 6 38
3 0 25 2 6 1 121
3 0 25 1 1 7 86
3 0 25 0 7 2 129
3 0 24 10 0 0 143
3 0 24 8 1 1 193
3 0 24 6 2 2 6
3 0 24 4 3 3 54
3 0 24 2 4 4 11
3 0 24 0 5 5 176
3 0 23 6 0 5 111
3 0 23 5 6 0 183
3 0 23 4 1 6 79
3 0 23 3 7 1 2
3 0 23 2 2 7 51
3 0 23 1 8 2 126
3 0 23 0 3 8 6
3 0 22 11 1 0 42
3 0 22 9 2 1 68
3 0 22 7 3 2 90
3 0 22 5 4 3 125
3 0 22 3 5 4 196
3 0 22 2 0 10 176
3 0 22 1 6 5 60
3 0 22 0 12 0 23
3 0 22 0 1 11 64
3 0 21 9 0 4 102
3 0 21 7 1 5 4
3 0 21 6 7 0 36
3 0 21 5 2 6 61
3 0 21 4 8 1 96
3 0 21 3 3 7 143
3 0 21 2 9 2 52
3 0 21 1 4 8 74
3 0 21 0 10 3 167
3 0 20 12 2 0 2
3 0 20 10 3 1 118
3 0 20 8 4 2 45
3 0 20 6 5 3 126
3 0 20 5 0 9 162
3 0 20 4 6 4 126
3 0 20 3 1 10 196
3 0 20 2 7 5 144
3 0 20 1 13 0 188
3 0 20 1 2 11 100
3 0 20 0 8 6 123
3 0 19 12 0 3 163
3 0 19 10 1 4 157
3 0 19 8 2 5 126
3 0 19 7 8 0 35
3 0 19 6 3 6 51
3 0 19 5 9 1 146
3 0 19 4 4 7 186
3 0 19 3 10 2 190
3 0 19 2 5 8 175
3 0 19 1 11 3 29
3 0 19 1 0 14 139
3 0 19 0 6 9 91
3 0 18 13 3 0 13
3 0 18 11 4 1 124
3 0 18 9 5 2 92
3 0 18 8 0 8 71
3 0 18 7 6 3 114
3 0 18 6 1 9 130
3 0 18 5 7 4 29
3 0 18 4 2 10 117
3 0 18 3 8 5 198
3 0 18 2 14 0 69
3 0 18 2 3 11 1
3 0 18 1 9 6 141
3 0 18 0 15 1 76
3 0 18 0 4 12 188
3 0 17 15 0 2 178
3 0 17 13 1 3 116
3 0 17 9 3 5 114
3 0 17 8 9 0 46
3 0 17 7 4 6 164
3 0 17 6 10 1 10
3 0 17 5 5 7 80
3 0 17 4 11 2 136
3 0 17 4 0 13 162
3 0 17 3 6 8 120
3 0 17 2 12 3 196
3 0 17 2 1 14 75
3 0 17 1 7 9 112
3 0 17 0 13 4 17
3 0 17 0 2 15 97
3 0 16 14 4 0 91
3 0 16 12 5 1 108
3 0 16 11 0 7 86
3 0 16 10 6 2 60
3 0 16 9 1 8 30
3 0 16 8 7 3 95
3 0 16 7 2 9 23
3 0 16 6 8 4 138
3 0 16 5 3 10 35
3 0 16 4 9 5 26
3 0 16 3 15 0 77
3 0 16 3 4 11 162
3 0 16 2 10 6 35
3 0 16 1 16 1 56
3 0 16 1 5 12 138
3 0 16 0 11 7 20
3 0 16 0 0 18 2
3 0 15 18 0 1 150
3 0 15 16 1 2 23
3 0 15 14 2 3 191
3 0 15 12 3 4 179
3 0 15 10 4 5 3
3 0 15 9 10 0 180
3 0 15 8 5 6 54
3 0 15 7 11 1 47
3 0 15 7 0 12 17
3 0 15 6 6 7 100
3 0 15 5 12 2 96
3 0 15 5 1 13 183
3 0 15 4 7 8 125
3 0 15 3 13 3 143
3 0 15 3 2 14 58
3 0 15 2 8 9 20
3 0 15 1 14 4 109
3 0 15 1 3 15 146
3 0 15 0 9 10 34
3 0 14 15 5 0 114
3 0 14 14 0 6 158
3 0 14 13 6 1 146
3 0 14 12 1 7 35
3 0 14 11 7 2 101
3 0 14 10 2 8 198
3 0 14 9 8 3 73
3 0 14 8 3 9 113
3 0 14 7 9 4 96
3 0 14 6 4 10 92
3 0 14 5 10 5 39
3 0 14 4 16 0 143
3 0 14 4 5 11 44
3 0 14 3 11 6 183
3 0 14 3 0 17 125
3 0 14 2 17 1 136
3 0 14 2 6 12 1
3 0 14 1 12 7 98
3 0 14 1 1 18 178
3 0 14 0 18 2 97
3 0 14 0 7 13 39
3 0 13 21 0 0 59
3 0 13 19 1 1 145
3 0 13 17 2 2 195
3 0 13 15 3 3 95
3 0 13 13 4 4 135
3 0 13 11 5 5 159
3 0 13 10 11 0 29
3 0 13 10 0 11 166
3 0 13 9 6 6 76
3 0 13 8 12 1 122
3 0 13 8 1 12 198
3 0 13 7 7 7 128
3 0 13 6 13 2 139
3 0 13 6 2 13 196
3 0 13 5 8 8 147
3 0 13 4 14 3 35
3 0 13 4 3 14 59
3 0 13 3 9 9 169
3 0 13 2 15 4 84
3 0 13 2 4 15 146
3 0 13 1 10 10 182
3 0 13 0 16 5 37
3 0 13 0 5 16 88
3 0 12 17 0 5 124
3 0 12 16 6 0 101
3 0 12 15 1 6 137
3 0 12 14 7 1 39
3 0 12 13 2 7 180
3 0 12 12 8 2 142
3 0 12 11 3 8 13
3 0 12 10 9 3 152
3 0 12 9 4 9 9
3 0 12 8 10 4 20
3 0 12 7 5 10 92
3 0 12 6 11 5 159
3 0 12 6 0 16 167
3 0 12 5 17 0 173
3 0 12 5 6 11 191
3 0 12 4 12 6 91
3 0 12 4 1 17 79
3 0 12 3 18 1 59
3 0 12 3 7 12 58
3 0 12 2 13 7 195
3 0 12 2 2 18 179
3 0 12 1 19 2 69
3 0 12 1 8 13 149
3 0 12 0 14 8 78
3 0 12 0 3 19 93
3 0 11 22 1 0 54
3 0 11 20 2 1 1
3 0 11 18 3 2 189
3 0 11 16 4 3 61
3 0 11 14 5 4 70
3 0 11 13 0 10 110
3 0 11 12 6 5 100
3 0 11 11 12 0 83
3 0 11 11 1 11 179
3 0 11 10 7 6 176
3 0 11 9 13 1 1
3 0 11 9 2 12 191
3 0 11 8 8 7 145
3 0 11 7 14 2 149
3 0 11 7 3 13 45
3 0 11 6 9 8 107
3 0 11 5 15 3 165
3 0 11 5 4 14 185
3 0 11 4 10 9 36
3 0 11 3 16 4 184
3 0 11 3 5 15 188
3 0 11 2 11 10 55
3 0 11 2 0 21 11
3 0 11 1 17 5 85
3 0 11 1 6 16 151
3 0 11 0 23 0 31
3 0 11 0 12 11 44
3 0 11 0 1 22 52
3 0 10 20 0 4 191
3 0 10 18 1 5 8
3 0 10 17 7 0 37
3 0 10 16 2 6 53
3 0 10 15 8 1 62
3 0 10 14 3 7 51
3 0 10 13 9 2 136
3 0 10 12 4 8 106
3 0 10 11 10 3 198
3 0 10 10 5 9 95
3 0 10 9 11 4 82
3 0 10 9 0 15 123
3 0 10 8 6 10 144
3 0 10 7 1 16 40
3 0 10 6 18 0 109
3 0 10 6 7 11 33
3 0 10 5 13 6 20
3 0 10 5 2 17 53
3 0 10 4 19 1 193
3 0 10 4 8 12 61
3 0 10 3 14 7 155
3 0 10 3 3 18 170
3 0 10 2 20 2 153
3 0 10 2 9 13 51
3 0 10 1 15 8 125
3 0 10 1 4 19 160
3 0 10 0 21 3 70
3 0 10 0 10 14 164
3 0 9 23 2 0 45
3 0 9 21 3 1 138
3 0 9 19 4 2 17
3 0 9 17 5 3 21
3 0 9 16 0 9 44
3 0 9 15 6 4 99
3 0 9 14 1 10 1
3 0 9 13 7 5 71
3 0 9 12 13 0 122
3 0 9 12 2 11 66
3 0 9 11 8 6 118
3 0 9 10 14 1 64
3 0 9 10 3 12 91
3 0 9 9 9 7 12
3 0 9 8 15 2 192
3 0 9 8 4 13 178
3 0 9 7 10 8 30
3 0 9 6 16 3 166
3 0 9 6 5 14 88
3 0 9 5 11 9 145
3 0 9 5 0 20 113
3 0 9 4 17 4 147
3 0 9 4 6 15 96
3 0 9 3 12 10 194
3 0 9 3 1 21 131
3 0 9 2 18 5 57
3 0 9 2 7 16 55
3 0 9 1 24 0 47
3 0 9 1 13 11 21
3 0 9 1 2 22 185
3 0 9 0 19 6 166
3 0 9 0 8 17 23
3 0 8 23 0 3 169
3 0 8 21 1 4 77
3 0 8 19 2 5 113
3 0 8 18 8 0 99
3 0 8 17 3 6 184
3 0 8 16 9 1 182
3 0 8 15 4 7 11
3 0 8 14 10 2 140
3 0 8 13 5 8 182
3 0 8 12 11 3 166
3 0 8 12 0 14 29
3 0 8 11 6 9 48
3 0 8 10 12 4 122
3 0 8 10 1 15 11
3 0 8 9 7 10 1
3 0 8 8 13 5 123
3 0 8 8 2 16 152
3 0 8 7 19 0 106
3 0 8 7 8 11 110
3 0 8 6 14 6 80
3 0 8 6 3 17 12
3 0 8 5 20 1 171
3 0 8 5 9 12 104
3 0 8 4 15 7 124
3 0 8 4 4 18 182
3 0 8 3 21 2 21
3 0 8 3 10 13 125
3 0 8 2 16 8 106
3 0 8 2 5 19 84
3 0 8 1 22 3 180
3 0 8 1 11 14 29
3 0 8 1 0 25 113
3 0 8 0 17 9 48
3 0 8 0 6 20 108
3 0 7 24 3 0 185
3 0 7 22 4 1 146
3 0 7 20 5 2 70
3 0 7 19 0 8 50
3 0 7 18 6 3 92
3 0 7 17 1 9 105
3 0 7 16 7 4 94
3 0 7 15 2 10 167
3 0 7 14 8 5 190
3 0 7 13 14 0 121
3 0 7 13 3 11 125
3 0 7 12 9 6 106
3 0 7 11 15 1 136
3 0 7 11 4 12 27
3 0 7 10 10 7 90
3 0 7 9 16 2 37
3 0 7 9 5 13 56
3 0 7 8 11 8 112
3 0 7 8 0 19 42
3 0 7 7 17 3 171
3 0 7 7 6 14 27
3 0 7 6 12 9 106
3 0 7 6 1 20 136
3 0 7 5 18 4 2
3 0 7 5 7 15 11
3 0 7 4 13 10 21
3 0 7 4 2 21 168
3 0 7 3 19 5 197
3 0 7 3 8 16 103
3 0 7 2 25 0 39
3 0 7 2 14 11 141
3 0 7 2 3 22 41
3 0 7 1 20 6 2
3 0 7 1 9 17 150
3 0 7 0 26 1 183
3 0 7 0 15 12 142
3 0 7 0 4 23 104
3 0 6 26 0 2 180
3 0 6 24 1 3 16
3 0 6 22 2 4 35
3 0 6 20 3 5 97
3 0 6 19 9 0 58
3 0 6 18 4 6 107
3 0 6 17 10 1 128
3 0 6 16 5 7 140
3 0 6 15 11 2 26
3 0 6 15 0 13 62
3 0 6 14 6 8 124
3 0 6 13 12 3 73
3 0 6 13 1 14 92
3 0 6 12 7 9 183
3 0 6 11 13 4 65
3 0 6 11 2 15 49
3 0 6 10 8 10 81
3 0 6 9 14 5 76
3 0 6 9 3 16 35
3 0 6 8 20 0 172
3 0 6 8 9 11 4
3 0 6 7 15 6 169
3 0 6 7 4 17 170
3 0 6 6 21 1 165
3 0 6 6 10 12 113
3 0 6 5 16 7 78
3 0 6 5 5 18 137
3 0 6 4 22 2 95
3 0 6 4 11 13 164
3 0 6 4 0 24 104
3 0 6 3 17 8 174
3 0 6 3 6 19 181
3 0 6 2 23 3 147
3 0 6 2 12 14 40
3 0 6 2 1 25 47
3 0 6 1 18 9 152
3 0 6 1 7 20 104
3 0 6 0 24 4 11
3 0 6 0 13 15 3
3 0 6 0 2 26 77
3 0 5 25 4 0 38
3 0 5 23 5 1 98
3 0 5 22 0 7 83
3 0 5 21 6 2 135
3 0 5 20 1 8 166
3 0 5 19 7 3 50
3 0 5 18 2 9 196
3 0 5 17 8 4 133
3 0 5 16 3 10 121
3 0 5 15 9 5 4
3 0 5 14 15 0 58
3 0 5 14 4 11 19
3 0 5 13 10 6 77
3 0 5 12 16 1 21
3 0 5 12 5 12 104
3 0 5 11 11 7 63
3 0 5 11 0 18 122
3 0 5 10 17 2 57
3 0 5 10 6 13 4
3 0 5 9 12 8 79
3 0 5 9 1 19 83
3 0 5 8 18 3 33
3 0 5 8 7 14 43
3 0 5 7 13 9 182
3 0 5 7 2 20 88
3 0 5 6 19 4 10
3 0 5 6 8 15 133
3 0 5 5 14 10 168
3 0 5 5 3 21 175
3 0 5 4 20 5 162
3 0 5 4 9 16 88
3 0 5 3 26 0 5
3 0 5 3 15 11 172
3 0 5 3 4 22 86
3 0 5 2 21 6 131
3 0 5 2 10 17 45
3 0 5 1 27 1 146
3 0 5 1 16 12 111
3 0 5 1 5 23 155
3 0 5 0 22 7 1
3 0 5 0 11 18 73
3 0 5 0 0 29 48
3 0 4 29 0 1 125
3 0 4 27 1 2 164
3 0 4 25 2 3 72
3 0 4 23 3 4 49
3 0 4 21 4 5 103
3 0 4 20 10 0 92
3 0 4 19 5 6 182
3 0 4 18 11 1 103
3 0 4 18 0 12 100
3 0 4 16 12 2 146
3 0 4 16 1 13 15
3 0 4 15 7 8 31
3 0 4 14 13 3 104
3 0 4 14 2 14 124
3 0 4 13 8 9 129
3 0 4 12 14 4 7
3 0 4 12 3 15 136
3 0 4 11 9 10 105
3 0 4 10 15 5 49
3 0 4 10 4 16 133
3 0 4 9 21 0 161
3 0 4 9 10 11 35
3 0 4 8 16 6 119
3 0 4 8 5 17 77
3 0 4 7 22 1 145
3 0 4 7 11 12 195
3 0 4 7 0 23 27
3 0 4 6 17 7 69
3 0 4 6 6 18 22
3 0 4 5 23 2 63
3 0 4 5 12 13 76
3 0 4 5 1 24 24
3 0 4 4 18 8 125
3 0 4 4 7 19 98
3 0 4 3 24 3 53
3 0 4 3 13 14 121
3 0 4 3 2 25 76
3 0 4 2 19 9 103
3 0 4 2 8 20 66
3 0 4 1 25 4 120
3 0 4 1 14 15 63
3 0 4 1 3 26 196
3 0 4 0 20 10 29
3 0 4 0 9 21 30
3 0 3 26 5 0 37
3 0 3 25 0 6 28
3 0 3 24 6 1 120
3 0 3 23 1 7 95
3 0 3 22 7 2 67
3 0 3 21 2 8 49
3 0 3 20 8 3 86
3 0 3 19 3 9 81
3 0 3 18 9 4 50
3 0 3 17 4 10 18
3 0 3 16 10 5 4
3 0 3 15 16 0 102
3 0 3 15 5 11 98
3 0 3 14 11 6 148
3 0 3 14 0 17 181
3 0 3 13 17 1 144
3 0 3 13 6 12 52
3 0 3 12 12 7 56
3 0 3 12 1 18 119
3 0 3 11 18 2 25
3 0 3 11 7 13 23
3 0 3 10 13 8 151
3 0 3 10 2 19 119
3 0 3 9 19 3 40
3 0 3 9 8 14 136
3 0 3 8 14 9 107
3 0 3 8 3 20 62
3 0 3 7 20 4 118
3 0 3 7 9 15 8
3 0 3 6 15 10 4
3 0 3 6 4 21 8
3 0 3 5 21 5 118
3 0 3 5 10 16 196
3 0 3 4 27 0 24
3 0 3 4 16 11 142
3 0 3 4 5 22 116
3 0 3 3 22 6 190
3 0 3 3 11 17 31
3 0 3 3 0 28 82
3 0 3 2 28 1 143
3 0 3 2 17 12 21
3 0 3 2 6 23 53
3 0 3 1 23 7 76
3 0 3 1 12 18 74
3 0 3 1 1 29 32
3 0 3 0 29 2 123
3 0 3 0 18 13 140
3 0 3 0 7 24 197
3 0 2 30 1 1 132
3 0 2 28 2 2 191
3 0 2 26 3 3 3
3 0 2 24 4 4 1
3 0 2 22 5 5 25
3 0 2 21 11 0 153
3 0 2 21 0 11 100
3 0 2 20 6 6 7
3 0 2 19 12 1 33
3 0 2 19 1 12 127
3 0 2 18 7 7 123
3 0 2 17 2 13 27
3 0 2 16 8 8 78
3 0 2 15 14 3 36
3 0 2 15 3 14 124
3 0 2 14 9 9 32
3 0 2 13 15 4 186
3 0 2 13 4 15 31
3 0 2 12 10 10 78
3 0 2 11 16 5 55
3 0 2 11 5 16 100
3 0 2 10 22 0 67
3 0 2 10 11 11 140
3 0 2 10 0 22 46
3 0 2 9 17 6 185
3 0 2 9 6 17 150
3 0 2 8 23 1 164
3 0 2 8 12 12 50
3 0 2 8 1 23 78
3 0 2 7 18 7 125
3 0 2 7 7 18 16
3 0 2 6 24 2 127
3 0 2 6 13 13 190
3 0 2 6 2 24 174
3 0 2 5 19 8 43
3 0 2 5 8 19 156
3 0 2 4 25 3 57
3 0 2 4 14 14 125
3 0 2 4 3 25 67
3 0 2 3 20 9 73
3 0 2 3 9 20 151
3 0 2 2 26 4 166
3 0 2 2 15 15 176
3 0 2 2 4 26 20
3 0 2 1 21 10 93
3 0 2 1 10 21 137
3 0 2 0 27 5 129
3 0 2 0 16 16 140
3 0 2 0 5 27 100
3 0 1 28 0 5 88
3 0 1 27 6 0 132
3 0 1 26 1 6 96
3 0 1 25 7 1 120
3 0 1 24 2 7 85
3 0 1 23 8 2 43
3 0 1 22 3 8 149
3 0 1 21 9 3 167
3 0 1 20 4 9 25
3 0 1 19 10 4 164
3 0 1 18 5 10 67
3 0 1 17 11 5 79
3 0 1 17 0 16 182
3 0 1 16 17 0 94
3 0 1 16 6 11 19
3 0 1 15 12 6 91
3 0 1 15 1 17 169
3 0 1 14 18 1 130
3 0 1 14 7 12 38
3 0 1 13 13 7 153
3 0 1 13 2 18 198
3 0 1 12 19 2 38
3 0 1 12 8 13 53
3 0 1 11 14 8 67
3 0 1 11 3 19 81
3 0 1 10 20 3 10
3 0 1 10 9 14 13
3 0 1 9 15 9 190
3 0 1 9 4 20 46
3 0 1 8 21 4 197
3 0 1 8 10 15 56
3 0 1 7 16 10 5
3 0 1 7 5 21 182
3 0 1 6 22 5 145
3 0 1 6 11 16 57
3 0 1 6 0 27 47
3 0 1 5 28 0 196
3 0 1 5 17 11 181
3 0 1 5 6 22 181
3 0 1 4 23 6 58
3 0 1 4 12 17 124
3 0 1 4 1 28 80
3 0 1 3 29 1 179
3 0 1 3 18 12 167
3 0 1 3 7 23 95
3 0 1 2 24 7 130
3 0 1 2 13 18 191
3 0 1 2 2 29 110
3 0 1 1 30 2 55
3 0 1 1 19 13 47
3 0 1 1 8 24 29
3 0 1 0 25 8 47
3 0 1 0 14 19 111
3 0 1 0 3 30 184
3 0 0 31 2 1 12
3 0 0 29 3 2 193
3 0 0 27 4 3 136
3 0 0 25 5 4 171
3 0 0 24 0 10 147
3 0 0 23 6 5 28
3 0 0 22 12 0 120
3 0 0 22 1 11 111
3 0 0 21 7 6 29
3 0 0 20 13 1 63
3 0 0 20 2 12 150
3 0 0 19 8 7 118
3 0 0 18 14 2 108
3 0 0 18 3 13 119
3 0 0 17 9 8 23
3 0 0 16 15 3 183
3 0 0 16 4 14 89
3 0 0 15 10 9 9
3 0 0 14 16 4 77
3 0 0 14 5 15 166
3 0 0 13 11 10 187
3 0 0 13 0 21 180
3 0 0 12 17 5 18
3 0 0 12 6 16 64
3 0 0 11 23 0 171
3 0 0 11 12 11 79
3 0 0 11 1 22 87
3 0 0 10 18 6 45
3 0 0 10 7 17 164
3 0 0 9 24 1 27
3 0 0 9 13 12 119
3 0 0 9 2 23 172
3 0 0 8 19 7 75
3 0 0 8 8 18 167
3 0 0 7 25 2 143
3 0 0 7 14 13 18
3 0 0 7 3 24 82
3 0 0 6 20 8 179
3 0 0 6 9 19 27
3 0 0 5 26 3 136
3 0 0 5 15 14 80
3 0 0 5 4 25 156
3 0 0 4 21 9 62
3 0 0 4 10 20 174
3 0 0 3 27 4 183
3 0 0 3 16 15 172
3 0 0 3 5 26 81
3 0 0 2 22 10 86
3 0 0 2 11 21 175
3 0 0 2 0 32 1
3 0 0 1 28 5 195
3 0 0 1 17 16 99
3 0 0 1 6 27 38
3 0 0 0 23 11 111
3 0 0 0 12 22 82
3 0 0 0 1 33 57
4 33 0 0 0 1 57
4 32 0 0 2 0 1
4 31 1 1 0 1 29
4 30 3 0 1 0 197
4 30 1 1 2 0 96
4 30 0 1 0 3 184
4 29 2 2 0 1 60
4 29 2 0 1 2 177
4 29 0 5 0 0 48
4 29 0 3 1 1 32
4 29 0 1 2 2 110
4 28 6 0 0 0 139
4 28 4 1 1 0 84
4 28 2 2 2 0 175
4 28 2 0 3 1 89
4 28 1 2 0 3 31
4 28 1 0 1 4 54
4 28 0 3 3 0 82
4 28 0 1 4 1 80
4 27 5 0 0 2 198
4 27 3 3 0 1 14
4 27 3 1 1 2 64
4 27 2 0 5 0 68
4 27 1 6 0 0 190
4 27 1 4 1 1 188
4 27 1 2 2 2 38
4 27 1 0 3 3 67
4 27 0 2 0 5 100
4 27 0 1 6 0 47
4 27 0 0 1 6 38
4 26 7 1 0 0 98
4 26 5 2 1 0 121
4 26 5 0 2 1 1
4 26 4 0 0 4 65
4 26 3 3 2 0 35
4 26 3 1 3 1 60
4 26 2 3 0 3 27
4 26 2 1 1 4 8
4 26 1 4 3 0 112
4 26 1 2 4 1 43
4 26 1 0 5 2 63
4 26 0 6 0 2 77
4 26 0 4 1 3 196
4 26 0 2 2 4 20
4 26 0 0 3 5 81
4 25 6 1 0 2 186
4 25 5 0 4 0 82
4 25 4 4 0 1 181
4 25 4 2 1 2 152
4 25 4 0 2 3 174
4 25 3 1 5 0 87
4 25 3 0 0 6 3
4 25 2 7 0 0 147
4 25 2 5 1 1 118
4 25 2 3 2 2 24
4 25 2 1 3 3 76
4 25 1 3 0 5 194
4 25 1 2 6 0 13
4 25 1 1 1 6 128
4 25 1 0 7 1 128
4 25 0 8 1 0 113
4 25 0 6 2 1 47
4 25 0 4 3 2 76
4 25 0 2 4 3 67
4 25 0 0 5 4 156
4 24 8 2 0 0 107
4 24 8 0 1 1 54
4 24 6 3 1 0 9
4 24 6 1 2 1 186
4 24 5 1 0 4 118
4 24 4 4 2 0 186
4 24 4 2 3 1 60
4 24 4 0 4 2 101
4 24 3 4 0 3 36
4 24 3 2 1 4 44
4 24 3 0 2 5 195
4 24 2 5 3 0 148
4 24 2 3 4 1 28
4 24 2 1 5 2 72
4 24 2 0 0 8 172
4 24 1 7 0 2 108
4 24 1 5 1 3 57
4 24 1 3 2 4 130
4 24 1 1 3 5 138
4 24 1 0 9 0 196
4 24 0 6 4 0 104
4 24 0 4 5 1 24
4 24 0 3 0 7 197
4 24 0 2 6 2 174
4 24 0 1 1 8 29
4 24 0 0 7 3 82
4 23 8 0 3 0 62
4 23 7 2 0 2 4
4 23 7 0 1 3 9
4 23 6 1 4 0 40
4 23 5 5 0 1 39
4 23 5 3 1 2 177
4 23 5 1 2 3 44
4 23 4 2 5 0 136
4 23 4 1 0 6 17
4 23 4 0 6 1 147
4 23 3 8 0 0 94
4 23 3 6 1 1 156
4 23 3 4 2 2 98
4 23 3 2 3 3 169
4 23 3 0 4 4 158
4 23 2 4 0 5 10
4 23 2 3 6 0 21
4 23 2 2 1 6 3
4 23 2 1 7 1 183
4 23 2 0 2 7 14
4 23 1 9 1 0 54
4 23 1 7 2 1 177
4 23 1 5 3 2 195
4 23 1 3 4 3 184
4 23 1 1 5 4 164
4 23 1 0 0 10 91
4 23 0 7 0 4 104
4 23 0 5 1 5 155
4 23 0 4 7 0 27
4 23 0 3 2 6 53
4 23 0 2 8 1 78
4 23 0 1 3 7 95
4 23 0 0 9 2 172
4 22 11 0 0 1 117
4 22 9 3 0 0 65
4 22 9 1 1 1 7
4 22 7 4 1 0 75
4 22 7 2 2 1 192
4 22 7 0 3 2 48
4 22 6 2 0 4 76
4 22 6 0 1 5 65
4 22 5 5 2 0 175
4 22 5 3 3 1 110
4 22 5 1 4 2 28
4 22 4 5 0 3 31
4 22 4 3 1 4 193
4 22 4 1 2 5 136
4 22 4 0 8 0 7
4 22 3 6 3 0 74
4 22 3 4 4 1 122
4 22 3 2 5 2 75
4 22 3 1 0 8 43
4 22 2 8 0 2 11
4 22 2 6 1 3 124
4 22 2 4 2 4 80
4 22 2 2 3 5 102
4 22 2 1 9 0 81
4 22 2 0 4 6 183
4 22 1 7 4 0 115
4 22 1 5 5 1 19
4 22 1 4 0 7 85
4 22 1 3 6 2 41
4 22 1 2 1 8 149
4 22 1 1 7 3 25
4 22 1 0 2 9 12
4 22 0 11 0 1 52
4 22 0 9 1 2 185
4 22 0 7 2 3 41
4 22 0 5 3 4 86
4 22 0 3 4 5 116
4 22 0 2 10 0 46
4 22 0 1 5 6 181
4 22 0 0 11 1 87
4 22 0 0 0 12 82
4 21 11 0 2 0 10
4 21 10 0 0 3 137
4 21 9 1 3 0 57
4 21 8 3 0 2 76
4 21 8 1 1 3 148
4 21 7 2 4 0 137
4 21 7 0 5 1 192
4 21 6 6 0 1 170
4 21 6 4 1 2 88
4 21 6 2 2 3 47
4 21 6 0 3 4 103
4 21 5 3 5 0 14
4 21 5 2 0 6 40
4 21 5 1 6 1 166
4 21 5 0 1 7 25
4 21 4 9 0 0 134
4 21 4 7 1 1 118
4 21 4 5 2 2 109
4 21 4 3 3 3 104
4 21 4 1 4 4 51
4 21 3 5 0 5 118
4 21 3 4 6 0 131
4 21 3 3 1 6 194
4 21 3 2 7 1 54
4 21 3 1 2 7 143
4 21 3 0 8 2 20
4 21 2 10 1 0 153
4 21 2 8 2 1 68
4 21 2 6 3 2 189
4 21 2 4 4 3 11
4 21 2 2 5 4 132
4 21 2 1 0 10 106
4 21 2 0 6 5 137
4 21 1 8 0 4 50
4 21 1 6 1 5 91
4 21 1 5 7 0 170
4 21 1 4 2 6 55
4 21 1 3 8 1 40
4 21 1 2 3 7 55
4 21 1 1 9 2 69
4 21 1 0 4 8 25
4 21 0 11 2 0 11
4 21 0 9 3 1 131
4 21 0 7 4 2 168
4 21 0 5 5 3 175
4 21 0 4 0 9 30
4 21 0 3 6 4 8
4 21 0 2 1 10 137
4 21 0 1 7 5 182
4 21 0 0 13 0 180
4 21 0 0 2 11 175
4 20 12 1 0 1 139
4 20 10 4 0 0 77
4 20 10 2 1 1 125
4 20 10 0 2 2 17
4 20 9 0 0 5 24
4 20 8 5 1 0 167
4 20 8 3 2 1 115
4 20 8 1 3 2 3
4 20 7 3 0 4 130
4 20 7 1 1 5 97
4 20 7 0 7 0 126
4 20 6 6 2 0 140
4 20 6 4 3 1 165
4 20 6 2 4 2 72
4 20 6 0 5 3 1
4 20 5 6 0 3 12
4 20 5 4 1 4 48
4 20 5 2 2 5 68
4 20 5 1 8 0 111
4 20 5 0 3 6 19
4 20 4 7 3 0 196
4 20 4 5 4 1 132
4 20 4 3 5 2 139
4 20 4 2 0 8 19
4 20 4 1 6 3 78
4 20 4 0 1 9 170
4 20 3 9 0 2 120
4 20 3 7 1 3 16
4 20 3 5 2 4 32
4 20 3 3 3 5 12
4 20 3 2 9 0 55
4 20 3 1 4 6 26
4 20 3 0 10 1 36
4 20 2 8 4 0 135
4 20 2 6 5 1 114
4 20 2 5 0 7 22
4 20 2 4 6 2 112
4 20 2 3 1 8 171
4 20 2 2 7 3 166
4 20 2 1 2 9 100
4 20 2 0 8 4 120
4 20 1 12 0 1 128
4 20 1 10 1 2 144
4 20 1 6 3 4 53
4 20 1 4 4 5 137
4 20 1 3 10 0 52
4 20 1 2 5 6 185
4 20 1 1 11 1 180
4 20 1 1 0 12 138
4 20 1 0 6 7 17
4 20 0 9 5 0 113
4 20 0 8 0 6 108
4 20 0 7 6 1 136
4 20 0 6 1 7 104
4 20 0 5 7 2 88
4 20 0 4 2 8 66
4 20 0 3 8 3 62
4 20 0 2 3 9 151
4 20 0 1 9 4 46
4 20 0 0 4 10 174
4 19 14 0 1 0 87
4 19 12 1 2 0 182
4 19 11 1 0 3 93
4 19 10 2 3 0 81
4 19 10 0 4 1 91
4 19 9 4 0 2 124
4 19 9 2 1 3 2
4 19 9 0 2 4 46
4 19 8 3 4 0 146
4 19 8 1 5 1 137
4 19 8 0 0 7 144
4 19 7 7 0 1 48
4 19 7 5 1 2 142
4 19 7 3 2 3 40
4 19 7 1 3 4 10
4 19 6 4 5 0 170
4 19 6 3 0 6 160
4 19 6 2 6 1 92
4 19 6 1 1 7 191
4 19 6 0 7 2 61
4 19 5 10 0 0 196
4 19 5 8 1 1 124
4 19 5 6 2 2 64
4 19 5 4 3 3 84
4 19 5 2 4 4 43
4 19 5 0 5 5 116
4 19 4 6 0 5 104
4 19 4 5 6 0 144
4 19 4 4 1 6 173
4 19 4 3 7 1 114
4 19 4 2 2 7 35
4 19 4 1 8 2 5
4 19 4 0 3 8 123
4 19 3 11 1 0 8
4 19 3 9 2 1 23
4 19 3 7 3 2 55
4 19 3 5 4 3 177
4 19 3 3 5 4 4
4 19 3 2 0 10 69
4 19 3 1 6 5 171
4 19 3 0 12 0 139
4 19 3 0 1 11 187
4 19 2 9 0 4 160
4 19 2 7 1 5 142
4 19 2 6 7 0 123
4 19 2 5 2 6 103
4 19 2 4 8 1 112
4 19 2 3 3 7 51
4 19 2 2 9 2 174
4 19 2 1 4 8 137
4 19 2 0 10 3 196
4 19 1 12 2 0 120
4 19 1 10 3 1 33
4 19 1 8 4 2 158
4 19 1 6 5 3 149
4 19 1 5 0 9 77
4 19 1 4 6 4 51
4 19 1 3 1 10 179
4 19 1 2 7 5 169
4 19 1 1 13 0 37
4 19 1 1 2 11 62
4 19 1 0 8 6 50
4 19 0 12 0 3 93
4 19 0 10 1 4 160
4 19 0 8 2 5 84
4 19 0 7 8 0 42
4 19 0 6 3 6 181
4 19 0 5 9 1 83
4 19 0 4 4 7 98
4 19 0 3 10 2 119
4 19 0 2 5 8 156
4 19 0 1 11 3 81
4 19 0 1 0 14 111
4 19 0 0 6 9 27
4 18 13 2 0 1 16
4 18 13 0 1 2 75
4 18 11 5 0 0 126
4 18 11 3 1 1 167
4 18 11 1 2 2 35
4 18 10 1 0 5 164
4 18 10 0 6 0 2
4 18 9 6 1 0 196
4 18 9 4 2 1 66
4 18 9 2 3 2 5
4 18 9 0 4 3 71
4 18 8 4 0 4 181
4 18 8 2 1 5 29
4 18 8 1 7 0 141
4 18 8 0 2 6 25
4 18 7 7 2 0 28
4 18 7 5 3 1 124
4 18 7 3 4 2 118
4 18 7 1 5 3 26
4 18 7 0 0 9 90
4 18 6 7 0 3 80
4 18 6 5 1 4 152
4 18 6 3 2 5 97
4 18 6 2 8 0 89
4 18 6 1 3 6 99
4 18 6 0 9 1 30
4 18 5 8 3 0 184
4 18 5 6 4 1 151
4 18 5 4 5 2 58
4 18 5 3 0 8 70
4 18 5 2 6 3 164
4 18 5 1 1 9 133
4 18 5 0 7 4 147
4 18 4 10 0 2 18
4 18 4 8 1 3 172
4 18 4 6 2 4 165
4 18 4 4 3 5 124
4 18 4 3 9 0 41
4 18 4 2 4 6 152
4 18 4 1 10 1 16
4 18 4 0 5 7 103
4 18 3 9 4 0 53
4 18 3 7 5 1 146
4 18 3 6 0 7 162
4 18 3 5 6 2 52
4 18 3 4 1 8 142
4 18 3 3 7 3 124
4 18 3 2 2 9 69
4 18 3 1 8 4 42
4 18 3 0 3 10 195
4 18 2 13 0 1 95
4 18 2 11 1 2 48
4 18 2 9 2 3 59
4 18 2 7 3 4 193
4 18 2 5 4 5 166
4 18 2 4 10 0 106
4 18 2 3 5 6 146
4 18 2 2 11 1 161
4 18 2 2 0 12 161
4 18 2 1 6 7 88
4 18 2 0 12 2 194
4 18 2 0 1 13 98
4 18 1 10 5 0 63
4 18 1 9 0 6 133
4 18 1 8 6 1 43
4 18 1 7 1 7 166
4 18 1 6 7 2 7
4 18 1 5 2 8 133
4 18 1 4 8 3 60
4 18 1 3 3 9 1
4 18 1 2 9 4 180
4 18 1 1 4 10 19
4 18 1 0 10 5 126
4 18 0 16 0 0 2
4 18 0 14 1 1 178
4 18 0 12 2 2 179
4 18 0 10 3 3 170
4 18 0 8 4 4 182
4 18 0 6 5 5 137
4 18 0 5 11 0 122
4 18 0 5 0 11 73
4 18 0 4 6 6 22
4 18 0 3 12 1 119
4 18 0 3 1 12 74
4 18 0 2 7 7 16
4 18 0 1 13 2 198
4 18 0 1 2 13 191
4 18 0 0 8 8 167
4 17 17 0 0 0 189
4 17 15 1 1 0 73
4 17 13 2 2 0 33
4 17 13 0 3 1 164
4 17 12 2 0 3 93
4 17 12 0 1 4 124
4 17 11 3 3 0 127
4 17 11 1 4 1 3
4 17 10 5 0 2 5
4 17 10 3 1 3 25
4 17 10 1 2 4 44
4 17 9 4 4 0 137
4 17 9 2 5 1 167
4 17 9 1 0 7 138
4 17 9 0 6 2 48
4 17 8 8 0 1 17
4 17 8 6 1 2 167
4 17 8 4 2 3 2
4 17 8 2 3 4 101
4 17 8 0 4 5 107
4 17 7 5 5 0 102
4 17 7 4 0 6 109
4 17 7 3 6 1 55
4 17 7 2 1 7 160
4 17 7 1 7 2 34
4 17 7 0 2 8 95
4 17 6 11 0 0 49
4 17 6 9 1 1 75
4 17 6 7 2 2 147
4 17 6 5 3 3 142
4 17 6 3 4 4 14
4 17 6 1 5 5 52
4 17 6 0 11 0 24
4 17 6 0 0 11 189
4 17 5 7 0 5 145
4 17 5 6 6 0 185
4 17 5 5 1 6 25
4 17 5 4 7 1 93
4 17 5 3 2 7 121
4 17 5 2 8 2 114
4 17 5 1 3 8 186
4 17 5 0 9 3 145
4 17 4 12 1 0 60
4 17 4 10 2 1 178
4 17 4 8 3 2 10
4 17 4 6 4 3 72
4 17 4 4 5 4 30
4 17 4 3 0 10 143
4 17 4 2 6 5 76
4 17 4 1 12 0 58
4 17 4 1 1 11 153
4 17 4 0 7 6 142
4 17 3 10 0 4 52
4 17 3 8 1 5 19
4 17 3 7 7 0 175
4 17 3 6 2 6 9
4 17 3 5 8 1 71
4 17 3 4 3 7 153
4 17 3 3 9 2 106
4 17 3 2 4 8 2
4 17 3 1 10 3 71
4 17 3 0 5 9 128
4 17 2 13 2 0 145
4 17 2 11 3 1 190
4 17 2 9 4 2 84
4 17 2 7 5 3 41
4 17 2 6 0 9 69
4 17 2 5 6 4 38
4 17 2 4 1 10 148
4 17 2 3 7 5 54
4 17 2 2 13 0 12
4 17 2 2 2 11 125
4 17 2 1 8 6 26
4 17 2 0 14 1 145
4 17 2 0 3 12 135
4 17 1 13 0 3 182
4 17 1 11 1 4 93
4 17 1 9 2 5 171
4 17 1 8 8 0 81
4 17 1 7 3 6 51
4 17 1 6 9 1 18
4 17 1 5 4 7 24
4 17 1 4 10 2 41
4 17 1 3 5 8 154
4 17 1 2 11 3 197
4 17 1 2 0 14 153
4 17 1 1 6 9 10
4 17 1 0 12 4 186
4 17 1 0 1 15 108
4 17 0 14 3 0 125
4 17 0 12 4 1 79
4 17 0 10 5 2 53
4 17 0 9 0 8 23
4 17 0 8 6 3 12
4 17 0 7 1 9 150
4 17 0 6 7 4 170
4 17 0 5 2 10 45
4 17 0 4 8 5 77
4 17 0 3 14 0 181
4 17 0 3 3 11 31
4 17 0 2 9 6 150
4 17 0 1 15 1 169
4 17 0 1 4 12 124
4 17 0 0 10 7 164
4 16 16 0 0 2 129
4 16 14 3 0 1 191
4 16 14 1 1 2 74
4 16 13 0 5 0 4
4 16 12 6 0 0 179
4 16 12 4 1 1 161
4 16 12 2 2 2 107
4 16 12 0 3 3 50
4 16 11 2 0 5 80
4 16 11 1 6 0 12
4 16 11 0 1 6 83
4 16 10 7 1 0 179
4 16 10 5 2 1 133
4 16 10 3 3 2 102
4 16 10 1 4 3 192
4 16 9 5 0 4 70
4 16 9 3 1 5 160
4 16 9 2 7 0 157
4 16 9 1 2 6 129
4 16 9 0 8 1 62
4 16 8 8 2 0 72
4 16 8 6 3 1 21
4 16 8 4 4 2 111
4 16 8 2 5 3 128
4 16 8 1 0 9 63
4 16 8 0 6 4 150
4 16 7 8 0 3 128
4 16 7 6 1 4 86
4 16 7 4 2 5 115
4 16 7 3 8 0 7
4 16 7 2 3 6 133
4 16 7 1 9 1 159
4 16 7 0 4 7 68
4 16 6 9 3 0 74
4 16 6 5 5 2 41
4 16 6 4 0 8 76
4 16 6 3 6 3 120
4 16 6 2 1 9 122
4 16 6 1 7 4 174
4 16 6 0 2 10 133
4 16 5 11 0 2 157
4 16 5 9 1 3 132
4 16 5 7 2 4 191
4 16 5 5 3 5 26
4 16 5 4 9 0 187
4 16 5 3 4 6 172
4 16 5 2 10 1 51
4 16 5 1 5 7 14
4 16 5 0 11 2 120
4 16 5 0 0 13 183
4 16 4 10 4 0 20
4 16 4 8 5 1 66
4 16 4 7 0 7 4
4 16 4 6 6 2 158
4 16 4 5 1 8 36
4 16 4 4 7 3 74
4 16 4 3 2 9 177
4 16 4 2 8 4 54
4 16 4 1 3 10 164
4 16 4 0 9 5 138
4 16 3 14 0 1 158
4 16 3 12 1 2 135
4 16 3 10 2 3 7
4 16 3 8 3 4 22
4 16 3 6 4 5 86
4 16 3 5 10 0 189
4 16 3 4 5 6 150
4 16 3 3 11 1 58
4 16 3 3 0 12 128
4 16 3 2 6 7 83
4 16 3 1 12 2 85
4 16 3 1 1 13 158
4 16 3 0 7 8 33
4 16 2 11 5 0 55
4 16 2 10 0 6 129
4 16 2 9 6 1 77
4 16 2 8 1 7 34
4 16 2 7 7 2 103
4 16 2 6 2 8 61
4 16 2 5 8 3 103
4 16 2 4 3 9 193
4 16 2 3 9 4 52
4 16 2 2 4 10 95
4 16 2 1 10 5 183
4 16 2 0 16 0 194
4 16 2 0 5 11 28
4 16 1 17 0 0 120
4 16 1 15 1 1 144
4 16 1 13 2 2 97
4 16 1 11 3 3 57
4 16 1 9 4 4 36
4 16 1 7 5 5 87
4 16 1 6 11 0 179
4 16 1 6 0 11 188
4 16 1 5 6 6 57
4 16 1 4 12 1 166
4 16 1 4 1 12 188
4 16 1 3 7 7 76
4 16 1 2 13 2 30
4 16 1 2 2 13 175
4 16 1 1 8 8 169
4 16 1 0 14 3 159
4 16 1 0 3 14 49
4 16 0 13 0 5 88
4 16 0 12 6 0 167
4 16 0 11 1 6 151
4 16 0 10 7 1 40
4 16 0 9 2 7 55
4 16 0 8 8 2 152
4 16 0 7 3 8 103
4 16 0 6 9 3 35
4 16 0 5 4 9 88
4 16 0 4 10 4 133
4 16 0 3 5 10 196
4 16 0 2 11 5 100
4 16 0 2 0 16 140
4 16 0 1 17 0 182
4 16 0 1 6 11 57
4 16 0 0 12 6 64
4 16 0 0 1 17 99
4 15 18 1 0 0 58
4 15 16 2 1 0 20
4 15 16 0 2 1 140
4 15 15 0 0 4 175
4 15 14 3 2 0 45
4 15 14 1 3 1 71
4 15 13 3 0 3 179
4 15 13 1 1 4 46
4 15 12 4 3 0 150
4 15 12 2 4 1 63
4 15 12 0 5 2 173
4 15 11 6 0 2 128
4 15 11 4 1 3 40
4 15 11 2 2 4 157
4 15 11 0 3 5 19
4 15 10 5 4 0 132
4 15 10 2 0 7 9
4 15 10 1 6 2 157
4 15 10 0 1 8 101
4 15 9 9 0 1 68
4 15 9 7 1 2 42
4 15 9 5 2 3 24
4 15 9 3 3 4 45
4 15 9 1 4 5 118
4 15 9 0 10 0 36
4 15 8 6 5 0 136
4 15 8 5 0 6 78
4 15 8 4 6 1 195
4 15 8 3 1 7 195
4 15 8 2 7 2 181
4 15 8 1 2 8 102
4 15 8 0 8 3 133
4 15 7 12 0 0 14
4 15 7 10 1 1 15
4 15 7 8 2 2 72
4 15 7 6 3 3 6
4 15 7 4 4 4 106
4 15 7 2 5 5 9
4 15 7 1 11 0 190
4 15 7 1 0 11 179
4 15 7 0 6 6 3
4 15 6 8 0 5 106
4 15 6 7 6 0 52
4 15 6 6 1 6 13
4 15 6 5 7 1 188
4 15 6 4 2 7 193
4 15 6 3 8 2 46
4 15 6 2 3 8 60
4 15 6 1 9 3 32
4 15 6 0 4 9 175
4 15 5 13 1 0 9
4 15 5 11 2 1 149
4 15 5 9 3 2 132
4 15 5 7 4 3 195
4 15 5 5 5 4 16
4 15 5 4 0 10 189
4 15 5 3 6 5 6
4 15 5 2 12 0 50
4 15 5 2 1 11 190
4 15 5 1 7 6 12
4 15 5 0 13 1 105
4 15 4 11 0 4 193
4 15 4 9 1 5 154
4 15 4 8 7 0 31
4 15 4 7 2 6 1
4 15 4 6 8 1 147
4 15 4 5 3 7 142
4 15 4 4 9 2 168
4 15 4 3 4 8 110
4 15 4 2 10 3 103
4 15 4 1 5 9 126
4 15 4 0 11 4 161
4 15 4 0 0 15 125
4 15 3 14 2 0 198
4 15 3 12 3 1 187
4 15 3 10 4 2 196
4 15 3 8 5 3 180
4 15 3 7 0 9 128
4 15 3 6 6 4 139
4 15 3 5 1 10 73
4 15 3 4 7 5 42
4 15 3 3 13 0 168
4 15 3 3 2 11 41
4 15 3 2 8 6 107
4 15 3 1 14 1 128
4 15 3 1 3 12 166
4 15 3 0 9 7 117
4 15 2 14 0 3 37
4 15 2 12 1 4 131
4 15 2 10 2 5 125
4 15 2 9 8 0 164
4 15 2 8 3 6 54
4 15 2 7 9 1 25
4 15 2 6 4 7 22
4 15 2 5 10 2 104
4 15 2 4 5 8 132
4 15 2 3 11 3 76
4 15 2 3 0 14 58
4 15 2 2 6 9 119
4 15 2 1 12 4 71
4 15 2 1 1 15 68
4 15 2 0 7 10 65
4 15 1 15 3 0 93
4 15 1 13 4 1 4
4 15 1 11 5 2 192
4 15 1 10 0 8 180
4 15 1 9 6 3 190
4 15 1 8 1 9 117
4 15 1 7 7 4 134
4 15 1 6 2 10 28
4 15 1 5 8 5 50
4 15 1 4 14 0 85
4 15 1 4 3 11 111
4 15 1 3 9 6 195
4 15 1 2 15 1 115
4 15 1 2 4 12 187
4 15 1 1 10 7 21
4 15 1 0 16 2 74
4 15 1 0 5 13 129
4 15 0 17 0 2 97
4 15 0 15 1 3 146
4 15 0 13 2 4 146
4 15 0 11 3 5 188
4 15 0 10 9 0 123
4 15 0 9 4 6 96
4 15 0 8 10 1 11
4 15 0 7 5 7 11
4 15 0 6 11 2 49
4 15 0 6 0 13 3
4 15 0 5 6 8 133
4 15 0 4 12 3 136
4 15 0 4 1 14 63
4 15 0 3 7 9 8
4 15 0 2 13 4 31
4 15 0 2 2 15 176
4 15 0 1 8 10 56
4 15 0 0 14 5 166
4 15 0 0 3 16 172
4 14 17 1 0 2 69
4 14 16 0 4 0 31
4 14 15 4 0 1 137
4 14 15 2 1 2 54
4 14 15 0 2 3 143
4 14 14 1 5 0 126
4 14 14 0 0 6 153
4 14 13 7 0 0 163
4 14 13 3 2 2 132
4 14 13 1 3 3 69
4 14 12 3 0 5 28
4 14 12 2 6 0 115
4 14 12 1 1 6 128
4 14 12 0 7 1 82
4 14 11 8 1 0 108
4 14 11 6 2 1 25
4 14 11 4 3 2 88
4 14 11 2 4 3 85
4 14 11 0 5 4 99
4 14 10 6 0 4 39
4 14 10 4 1 5 173
4 14 10 3 7 0 153
4 14 10 2 2 6 143
4 14 10 1 8 1 111
4 14 10 0 3 7 37
4 14 9 9 2 0 83
4 14 9 7 3 1 75
4 14 9 5 4 2 175
4 14 9 3 5 3 48
4 14 9 2 0 9 111
4 14 9 1 6 4 186
4 14 9 0 1 10 141
4 14 8 9 0 3 72
4 14 8 7 1 4 98
4 14 8 5 2 5 170
4 14 8 4 8 0 186
4 14 8 3 3 6 128
4 14 8 2 9 1 183
4 14 8 1 4 7 103
4 14 8 0 10 2 184
4 14 7 10 3 0 98
4 14 7 8 4 1 74
4 14 7 6 5 2 187
4 14 7 5 0 8 149
4 14 7 4 6 3 163
4 14 7 3 1 9 16
4 14 7 2 7 4 158
4 14 7 1 2 10 112
4 14 7 0 8 5 65
4 14 6 12 0 2 92
4 14 6 10 1 3 104
4 14 6 8 2 4 22
4 14 6 6 3 5 5
4 14 6 5 9 0 124
4 14 6 4 4 6 111
4 14 6 3 10 1 128
4 14 6 2 5 7 188
4 14 6 1 11 2 119
4 14 6 1 0 13 48
4 14 6 0 6 8 21
4 14 5 11 4 0 158
4 14 5 9 5 1 9
4 14 5 8 0 7 151
4 14 5 7 6 2 85
4 14 5 6 1 8 99
4 14 5 5 7 3 22
4 14 5 4 2 9 69
4 14 5 3 8 4 166
4 14 5 2 3 10 29
4 14 5 1 9 5 194
4 14 5 0 15 0 2
4 14 5 0 4 11 124
4 14 4 15 0 1 159
4 14 4 13 1 2 119
4 14 4 11 2 3 141
4 14 4 9 3 4 92
4 14 4 7 4 5 103
4 14 4 6 10 0 10
4 14 4 5 5 6 189
4 14 4 4 11 1 10
4 14 4 4 0 12 186
4 14 4 3 6 7 44
4 14 4 2 12 2 102
4 14 4 2 1 13 1
4 14 4 1 7 8 79
4 14 4 0 13 3 69
4 14 4 0 2 14 112
4 14 3 12 5 0 120
4 14 3 11 0 6 68
4 14 3 10 6 1 122
4 14 3 9 1 7 52
4 14 3 8 7 2 152
4 14 3 7 2 8 188
4 14 3 5 3 9 180
4 14 3 4 9 4 194
4 14 3 3 4 10 27
4 14 3 2 10 5 145
4 14 3 1 16 0 40
4 14 3 1 5 11 126
4 14 3 0 11 6 22
4 14 3 0 0 17 153
4 14 2 18 0 0 79
4 14 2 16 1 1 133
4 14 2 14 2 2 33
4 14 2 12 3 3 138
4 14 2 10 4 4 181
4 14 2 8 5 5 125
4 14 2 7 11 0 133
4 14 2 7 0 11 169
4 14 2 6 6 6 105
4 14 2 5 12 1 107
4 14 2 5 1 12 3
4 14 2 4 7 7 128
4 14 2 3 13 2 162
4 14 2 3 2 13 131
4 14 2 2 8 8 25
4 14 2 1 14 3 119
4 14 2 1 3 14 198
4 14 2 0 9 9 147
4 14 1 14 0 5 70
4 14 1 13 6 0 169
4 14 1 12 1 6 9
4 14 1 11 7 1 160
4 14 1 10 2 7 122
4 14 1 9 8 2 47
4 14 1 8 3 8 188
4 14 1 7 9 3 140
4 14 1 6 4 9 79
4 14 1 5 10 4 53
4 14 1 4 5 10 142
4 14 1 3 11 5 82
4 14 1 3 0 16 119
4 14 1 2 17 0 49
4 14 1 2 6 11 93
4 14 1 1 12 6 70
4 14 1 1 1 17 156
4 14 1 0 18 1 34
4 14 1 0 7 12 70
4 14 0 19 1 0 139
4 14 0 17 2 1 75
4 14 0 15 3 2 58
4 14 0 13 4 3 59
4 14 0 11 5 4 185
4 14 0 10 0 10 164
4 14 0 9 6 5 88
4 14 0 8 12 0 29
4 14 0 8 1 11 29
4 14 0 7 7 6 27
4 14 0 6 13 1 92
4 14 0 6 2 12 40
4 14 0 5 8 7 43
4 14 0 4 14 2 124
4 14 0 4 3 13 121
4 14 0 3 9 8 136
4 14 0 2 15 3 124
4 14 0 2 4 14 125
4 14 0 1 10 9 13
4 14 0 0 16 4 89
4 14 0 0 5 15 80
4 13 19 2 0 0 5
4 13 19 0 1 1 88
4 13 17 3 1 0 59
4 13 17 1 2 1 54
4 13 16 1 0 4 85
4 13 15 4 2 0 157
4 13 15 2 3 1 94
4 13 15 0 4 2 77
4 13 14 4 0 3 127
4 13 14 2 1 4 41
4 13 14 0 2 5 23
4 13 13 5 3 0 48
4 13 13 3 4 1 40
4 13 13 1 5 2 24
4 13 13 0 0 8 74
4 13 12 7 0 2 99
4 13 12 5 1 3 126
4 13 12 3 2 4 163
4 13 12 1 3 5 132
4 13 12 0 9 0 72
4 13 11 6 4 0 83
4 13 11 4 5 1 27
4 13 11 3 0 7 107
4 13 11 2 6 2 60
4 13 11 1 1 8 64
4 13 11 0 7 3 145
4 13 10 10 0 1 96
4 13 10 8 1 2 13
4 13 10 6 2 3 104
4 13 10 4 3 4 96
4 13 10 2 4 5 42
4 13 10 1 10 0 191
4 13 10 0 5 6 173
4 13 9 7 5 0 48
4 13 9 6 0 6 51
4 13 9 5 6 1 19
4 13 9 4 1 7 92
4 13 9 3 7 2 83
4 13 9 2 2 8 108
4 13 9 1 8 3 196
4 13 9 0 3 9 168
4 13 8 13 0 0 112
4 13 8 11 1 1 94
4 13 8 9 2 2 44
4 13 8 7 3 3 195
4 13 8 5 4 4 83
4 13 8 3 5 5 92
4 13 8 2 11 0 33
4 13 8 2 0 11 57
4 13 8 1 6 6 177
4 13 8 0 12 1 103
4 13 8 0 1 12 134
4 13 7 9 0 5 184
4 13 7 8 6 0 155
4 13 7 7 1 6 72
4 13 7 6 7 1 183
4 13 7 5 2 7 77
4 13 7 4 8 2 144
4 13 7 3 3 8 140
4 13 7 2 9 3 43
4 13 7 1 4 9 132
4 13 7 0 10 4 17
4 13 6 14 1 0 137
4 13 6 12 2 1 72
4 13 6 10 3 2 112
4 13 6 8 4 3 7
4 13 6 6 5 4 67
4 13 6 5 0 10 185
4 13 6 4 6 5 146
4 13 6 3 12 0 71
4 13 6 3 1 11 132
4 13 6 2 7 6 70
4 13 6 1 13 1 73
4 13 6 1 2 12 131
4 13 6 0 8 7 33
4 13 5 12 0 4 70
4 13 5 10 1 5 193
4 13 5 9 7 0 5
4 13 5 8 2 6 156
4 13 5 7 8 1 34
4 13 5 6 3 7 195
4 13 5 5 9 2 130
4 13 5 4 4 8 28
4 13 5 3 10 3 68
4 13 5 2 5 9 102
4 13 5 1 11 4 161
4 13 5 1 0 15 2
4 13 5 0 6 10 73
4 13 4 15 2 0 12
4 13 4 13 3 1 55
4 13 4 11 4 2 113
4 13 4 9 5 3 118
4 13 4 8 0 9 30
4 13 4 7 6 4 163
4 13 4 6 1 10 170
4 13 4 5 7 5 103
4 13 4 4 13 0 60
4 13 4 4 2 11 26
4 13 4 3 8 6 10
4 13 4 2 14 1 168
4 13 4 2 3 12 55
4 13 4 1 9 7 139
4 13 4 0 15 2 103
4 13 4 0 4 13 167
4 13 3 15 0 3 179
4 13 3 13 1 4 162
4 13 3 11 2 5 41
4 13 3 10 8 0 145
4 13 3 9 3 6 38
4 13 3 8 9 1 58
4 13 3 7 4 7 158
4 13 3 6 10 2 181
4 13 3 5 5 8 131
4 13 3 4 11 3 74
4 13 3 4 0 14 135
4 13 3 3 6 9 5
4 13 3 2 12 4 100
4 13 3 2 1 15 131
4 13 3 1 7 10 69
4 13 3 0 13 5 158
4 13 3 0 2 16 165
4 13 2 16 3 0 185
4 13 2 14 4 1 114
4 13 2 12 5 2 101
4 13 2 11 0 8 110
4 13 2 10 6 3 79
4 13 2 9 1 9 109
4 13 2 8 7 4 47
4 13 2 7 2 10 104
4 13 2 6 8 5 125
4 13 2 5 14 0 69
4 13 2 5 3 11 155
4 13 2 4 9 6 22
4 13 2 3 15 1 147
4 13 2 3 4 12 47
4 13 2 2 10 7 174
4 13 2 1 16 2 20
4 13 2 1 5 13 183
4 13 2 0 11 8 177
4 13 2 0 0 19 25
4 13 1 18 0 2 139
4 13 1 16 1 3 59
4 13 1 14 2 4 157
4 13 1 12 3 5 97
4 13 1 11 9 0 113
4 13 1 10 4 6 58
4 13 1 9 10 1 18
4 13 1 8 5 7 41
4 13 1 7 11 2 11
4 13 1 7 0 13 25
4 13 1 6 6 8 56
4 13 1 5 12 3 108
4 13 1 5 1 14 34
4 13 1 4 7 9 103
4 13 1 3 13 4 142
4 13 1 3 2 15 24
4 13 1 2 8 10 172
4 13 1 1 14 5 165
4 13 1 1 3 16 174
4 13 1 0 20 0 138
4 13 1 0 9 11 150
4 13 0 17 4 0 162
4 13 0 15 5 1 183
4 13 0 14 0 7 39
4 13 0 13 6 2 196
4 13 0 12 1 8 149
4 13 0 11 7 3 45
4 13 0 10 2 9 51
4 13 0 9 8 4 178
4 13 0 8 3 10 125
4 13 0 7 9 5 56
4 13 0 6 15 0 62
4 13 0 6 4 11 164
4 13 0 5 10 6 4
4 13 0 4 16 1 15
4 13 0 4 5 12 76
4 13 0 3 11 7 23
4 13 0 3 0 18 140
4 13 0 2 17 2 27
4 13 0 2 6 13 190
4 13 0 1 12 8 53
4 13 0 1 1 19 47
4 13 0 0 18 3 119
4 13 0 0 7 14 18
4 12 19 0 3 0 81
4 12 18 2 0 2 153
4 12 18 0 1 3 120
4 12 17 1 4 0 12
4 12 16 5 0 1 196
4 12 16 3 1 2 53
4 12 16 1 2 3 129
4 12 15 2 5 0 166
4 12 15 1 0 6 44
4 12 15 0 6 1 173
4 12 14 8 0 0 16
4 12 14 6 1 1 32
4 12 14 4 2 2 88
4 12 14 2 3 3 26
4 12 14 0 4 4 61
4 12 13 4 0 5 135
4 12 13 3 6 0 156
4 12 13 2 1 6 43
4 12 13 1 7 1 106
4 12 13 0 2 7 151
4 12 12 9 1 0 19
4 12 12 7 2 1 144
4 12 12 5 3 2 12
4 12 12 3 4 3 57
4 12 12 1 5 4 41
4 12 12 0 0 10 63
4 12 11 7 0 4 24
4 12 11 5 1 5 52
4 12 11 4 7 0 122
4 12 11 3 2 6 139
4 12 11 2 8 1 169
4 12 11 1 3 7 43
4 12 11 0 9 2 181
4 12 10 10 2 0 16
4 12 10 8 3 1 146
4 12 10 6 4 2 76
4 12 10 4 5 3 6
4 12 10 3 0 9 91
4 12 10 2 6 4 76
4 12 10 1 1 10 116
4 12 10 0 7 5 74
4 12 9 10 0 3 63
4 12 9 8 1 4 52
4 12 9 6 2 5 128
4 12 9 5 8 0 178
4 12 9 4 3 6 25
4 12 9 3 9 1 194
4 12 9 2 4 7 184
4 12 9 1 10 2 45
4 12 9 0 5 8 82
4 12 8 11 3 0 6
4 12 8 9 4 1 196
4 12 8 7 5 2 19
4 12 8 6 0 8 179
4 12 8 5 6 3 146
4 12 8 4 1 9 48
4 12 8 3 7 4 108
4 12 8 2 2 10 70
4 12 8 1 8 5 113
4 12 8 0 14 0 165
4 12 8 0 3 11 64
4 12 7 13 0 2 3
4 12 7 11 1 3 10
4 12 7 9 2 4 49
4 12 7 7 3 5 130
4 12 7 6 9 0 194
4 12 7 5 4 6 195
4 12 7 4 10 1 51
4 12 7 3 5 7 155
4 12 7 2 11 2 107
4 12 7 2 0 13 111
4 12 7 1 6 8 136
4 12 7 0 12 3 100
4 12 7 0 1 14 4
4 12 6 12 4 0 64
4 12 6 10 5 1 37
4 12 6 9 0 7 48
4 12 6 8 6 2 85
4 12 6 7 1 8 5
4 12 6 6 7 3 96
4 12 6 5 2 9 184
4 12 6 4 8 4 11
4 12 6 3 3 10 112
4 12 6 2 9 5 164
4 12 6 1 15 0 47
4 12 6 1 4 11 66
4 12 6 0 10 6 73
4 12 5 16 0 1 56
4 12 5 14 1 2 138
4 12 5 12 2 3 64
4 12 5 10 3 4 14
4 12 5 8 4 5 1
4 12 5 7 10 0 63
4 12 5 6 5 6 3
4 12 5 5 11 1 75
4 12 5 5 0 12 66
4 12 5 4 6 7 27
4 12 5 3 12 2 59
4 12 5 3 1 13 4
4 12 5 2 7 8 117
4 12 5 1 13 3 53
4 12 5 1 2 14 105
4 12 5 0 8 9 194
4 12 4 13 5 0 44
4 12 4 12 0 6 15
4 12 4 11 6 1 194
4 12 4 10 1 7 11
4 12 4 9 7 2 131
4 12 4 8 2 8 172
4 12 4 7 8 3 120
4 12 4 6 3 9 129
4 12 4 5 9 4 181
4 12 4 4 4 10 124
4 12 4 3 10 5 141
4 12 4 2 16 0 120
4 12 4 2 5 11 135
4 12 4 1 11 6 198
4 12 4 1 0 17 90
4 12 4 0 17 1 39
4 12 4 0 6 12 34
4 12 3 19 0 0 119
4 12 3 17 1 1 163
4 12 3 15 2 2 155
4 12 3 13 3 3 150
4 12 3 11 4 4 104
4 12 3 9 5 5 1
4 12 3 8 11 0 133
4 12 3 8 0 11 119
4 12 3 7 6 6 133
4 12 3 6 12 1 38
4 12 3 6 1 12 50
4 12 3 5 7 7 83
4 12 3 4 13 2 174
4 12 3 4 2 13 19
4 12 3 3 8 8 103
4 12 3 2 14 3 42
4 12 3 2 3 14 58
4 12 3 1 9 9 92
4 12 3 0 15 4 55
4 12 3 0 4 15 194
4 12 2 15 0 5 172
4 12 2 14 6 0 115
4 12 2 13 1 6 3
4 12 2 12 7 1 117
4 12 2 11 2 7 168
4 12 2 10 8 2 26
4 12 2 9 3 8 173
4 12 2 8 9 3 175
4 12 2 7 4 9 30
4 12 2 6 10 4 166
4 12 2 5 5 10 72
4 12 2 4 11 5 107
4 12 2 4 0 16 75
4 12 2 3 17 0 194
4 12 2 3 6 11 150
4 12 2 2 12 6 191
4 12 2 2 1 17 149
4 12 2 1 18 1 100
4 12 2 1 7 12 26
4 12 2 0 13 7 163
4 12 2 0 2 18 4
4 12 1 20 1 0 73
4 12 1 18 2 1 157
4 12 1 16 3 2 154
4 12 1 14 4 3 10
4 12 1 12 5 4 10
4 12 1 11 0 10 158
4 12 1 10 6 5 17
4 12 1 9 12 0 65
4 12 1 9 1 11 145
4 12 1 8 7 6 62
4 12 1 7 13 1 177
4 12 1 7 2 12 147
4 12 1 6 8 7 79
4 12 1 5 14 2 103
4 12 1 5 3 13 72
4 12 1 4 9 8 75
4 12 1 3 15 3 99
4 12 1 3 4 14 51
4 12 1 2 10 9 29
4 12 1 1 16 4 129
4 12 1 1 5 15 118
4 12 1 0 11 10 62
4 12 1 0 0 21 63
4 12 0 18 0 4 188
4 12 0 16 1 5 138
4 12 0 15 7 0 17
4 12 0 14 2 6 1
4 12 0 13 8 1 198
4 12 0 12 3 7 58
4 12 0 11 9 2 191
4 12 0 10 4 8 61
4 12 0 9 10 3 91
4 12 0 8 5 9 104
4 12 0 7 11 4 27
4 12 0 7 0 15 142
4 12 0 6 6 10 113
4 12 0 5 12 5 104
4 12 0 5 1 16 111
4 12 0 4 18 0 100
4 12 0 4 7 11 195
4 12 0 3 13 6 52
4 12 0 3 2 17 21
4 12 0 2 19 1 127
4 12 0 2 8 12 50
4 12 0 1 14 7 38
4 12 0 1 3 18 167
4 12 0 0 20 2 150
4 12 0 0 9 13 119
4 11 22 0 0 1 29
4 11 20 3 0 0 159
4 11 20 1 1 1 137
4 11 18 4 1 0 45
4 11 18 2 2 1 85
4 11 18 0 3 2 173
4 11 17 2 0 4 41
4 11 17 0 1 5 132
4 11 16 5 2 0 193
4 11 16 3 3 1 37
4 11 16 1 4 2 71
4 11 15 5 0 3 181
4 11 15 3 1 4 67
4 11 15 1 2 5 109
4 11 15 0 8 0 64
4 11 14 6 3 0 100
4 11 14 4 4 1 129
4 11 14 2 5 2 37
4 11 14 1 0 8 191
4 11 14 0 6 3 110
4 11 13 8 0 2 124
4 11 13 6 1 3 97
4 11 13 4 2 4 40
4 11 13 2 3 5 176
4 11 13 1 9 0 24
4 11 13 0 4 6 53
4 11 12 7 4 0 183
4 11 12 5 5 1 136
4 11 12 4 0 7 60
4 11 12 3 6 2 147
4 11 12 2 1 8 66
4 11 12 1 7 3 116
4 11 12 0 2 9 7
4 11 11 11 0 1 88
4 11 11 9 1 2 157
4 11 11 7 2 3 9
4 11 11 5 3 4 179
4 11 11 3 4 5 97
4 11 11 2 10 0 66
4 11 11 1 5 6 31
4 11 11 0 11 1 171
4 11 11 0 0 12 130
4 11 10 8 5 0 74
4 11 10 7 0 6 75
4 11 10 6 6 1 30
4 11 10 5 1 7 56
4 11 10 4 7 2 111
4 11 10 3 2 8 139
4 11 10 2 8 3 71
4 11 10 1 3 9 62
4 11 10 0 9 4 126
4 11 9 14 0 0 18
4 11 9 12 1 1 172
4 11 9 10 2 2 188
4 11 9 8 3 3 136
4 11 9 6 4 4 38
4 11 9 4 5 5 43
4 11 9 3 11 0 50
4 11 9 3 0 11 132
4 11 9 2 6 6 54
4 11 9 1 12 1 36
4 11 9 1 1 12 146
4 11 9 0 7 7 191
4 11 8 10 0 5 162
4 11 8 9 6 0 57
4 11 8 8 1 6 100
4 11 8 7 7 1 58
4 11 8 6 2 7 191
4 11 8 5 8 2 196
4 11 8 4 3 8 7
4 11 8 3 9 3 179
4 11 8 2 4 9 18
4 11 8 1 10 4 122
4 11 8 0 5 10 93
4 11 7 15 1 0 97
4 11 7 13 2 1 22
4 11 7 11 3 2 176
4 11 7 9 4 3 53
4 11 7 7 5 4 183
4 11 7 6 0 10 55
4 11 7 5 6 5 181
4 11 7 4 12 0 143
4 11 7 4 1 11 79
4 11 7 3 7 6 161
4 11 7 2 13 1 110
4 11 7 2 2 12 133
4 11 7 1 8 7 142
4 11 7 0 14 2 190
4 11 7 0 3 13 64
4 11 6 13 0 4 159
4 11 6 11 1 5 174
4 11 6 10 7 0 61
4 11 6 9 2 6 49
4 11 6 8 8 1 75
4 11 6 7 3 7 130
4 11 6 6 9 2 49
4 11 6 5 4 8 145
4 11 6 4 10 3 138
4 11 6 3 5 9 86
4 11 6 2 11 4 194
4 11 6 2 0 15 194
4 11 6 1 6 10 127
4 11 6 0 12 5 155
4 11 6 0 1 16 103
4 11 5 16 2 0 188
4 11 5 14 3 1 156
4 11 5 12 4 2 96
4 11 5 10 5 3 72
4 11 5 9 0 9 179
4 11 5 8 6 4 196
4 11 5 7 1 10 61
4 11 5 6 7 5 175
4 11 5 5 13 0 34
4 11 5 5 2 11 153
4 11 5 4 8 6 46
4 11 5 3 14 1 145
4 11 5 3 3 12 32
4 11 5 2 9 7 192
4 11 5 1 15 2 185
4 11 5 1 4 13 43
4 11 5 0 10 8 24
4 11 4 16 0 3 156
4 11 4 14 1 4 180
4 11 4 12 2 5 173
4 11 4 11 8 0 116
4 11 4 10 3 6 183
4 11 4 9 9 1 150
4 11 4 8 4 7 135
4 11 4 7 10 2 5
4 11 4 6 5 8 104
4 11 4 5 11 3 85
4 11 4 5 0 14 168
4 11 4 4 6 9 136
4 11 4 3 12 4 153
4 11 4 3 1 15 54
4 11 4 2 7 10 178
4 11 4 1 13 5 108
4 11 4 1 2 16 19
4 11 4 0 19 0 198
4 11 4 0 8 11 96
4 11 3 17 3 0 167
4 11 3 15 4 1 20
4 11 3 13 5 2 157
4 11 3 12 0 8 156
4 11 3 11 6 3 1
4 11 3 10 1 9 144
4 11 3 9 7 4 150
4 11 3 8 2 10 112
4 11 3 7 8 5 79
4 11 3 6 14 0 149
4 11 3 6 3 11 11
4 11 3 5 9 6 93
4 11 3 4 15 1 2
4 11 3 4 4 12 92
4 11 3 3 10 7 61
4 11 3 2 16 2 83
4 11 3 2 5 13 150
4 11 3 1 11 8 188
4 11 3 1 0 19 131
4 11 3 0 17 3 4
4 11 3 0 6 14 48
4 11 2 19 0 2 123
4 11 2 17 1 3 54
4 11 2 15 2 4 28
4 11 2 13 3 5 114
4 11 2 12 9 0 25
4 11 2 11 4 6 198
4 11 2 10 10 1 89
4 11 2 9 5 7 32
4 11 2 8 11 2 197
4 11 2 8 0 13 85
4 11 2 7 6 8 41
4 11 2 6 12 3 70
4 11 2 6 1 14 177
4 11 2 5 7 9 121
4 11 2 4 13 4 127
4 11 2 4 2 15 27
4 11 2 3 8 10 92
4 11 2 2 14 5 162
4 11 2 2 3 16 104
4 11 2 1 20 0 9
4 11 2 1 9 11 166
4 11 2 0 15 6 61
4 11 2 0 4 17 179
4 11 1 18 4 0 116
4 11 1 16 5 1 172
4 11 1 15 0 7 97
4 11 1 14 6 2 136
4 11 1 13 1 8 194
4 11 1 12 7 3 54
4 11 1 11 2 9 39
4 11 1 10 8 4 150
4 11 1 9 3 10 120
4 11 1 8 9 5 144
4 11 1 7 15 0 39
4 11 1 7 4 11 135
4 11 1 6 10 6 89
4 11 1 5 16 1 99
4 11 1 5 5 12 167
4 11 1 4 11 7 141
4 11 1 3 17 2 180
4 11 1 3 6 13 86
4 11 1 2 12 8 156
4 11 1 2 1 19 179
4 11 1 1 18 3 33
4 11 1 1 7 14 54
4 11 1 0 13 9 109
4 11 1 0 2 20 74
4 11 0 22 0 1 64
4 11 0 20 1 2 100
4 11 0 18 2 3 1
4 11 0 16 3 4 162
4 11 0 14 4 5 44
4 11 0 13 10 0 166
4 11 0 12 5 6 191
4 11 0 11 11 1 179
4 11 0 11 0 12 44
4 11 0 10 6 7 33
4 11 0 9 12 2 66
4 11 0 9 1 13 21
4 11 0 8 7 8 110
4 11 0 7 13 3 125
4 11 0 7 2 14 141
4 11 0 6 8 9 4
4 11 0 5 14 4 19
4 11 0 5 3 15 172
4 11 0 4 9 10 35
4 11 0 3 15 5 98
4 11 0 3 4 16 142
4 11 0 2 21 0 100
4 11 0 2 10 11 140
4 11 0 1 16 6 19
4 11 0 1 5 17 181
4 11 0 0 22 1 111
4 11 0 0 11 12 79
4 11 0 0 0 23 111
4 10 22 0 2 0 154
4 10 21 0 0 3 49
4 10 20 1 3 0 36
4 10 19 3 0 2 126
4 10 19 1 1 3 31
4 10 18 2 4 0 143
4 10 18 0 5 1 183
4 10 17 6 0 1 193
4 10 17 4 1 2 159
4 10 17 2 2 3 77
4 10 17 0 3 4 181
4 10 16 3 5 0 172
4 10 16 2 0 6 41
4 10 16 1 6 1 30
4 10 16 0 1 7 67
4 10 15 9 0 0 155
4 10 15 7 1 1 128
4 10 15 5 2 2 69
4 10 15 3 3 3 18
4 10 15 1 4 4 43
4 10 14 5 0 5 21
4 10 14 4 6 0 134
4 10 14 3 1 6 89
4 10 14 2 7 1 149
4 10 14 1 2 7 86
4 10 14 0 8 2 174
4 10 13 10 1 0 117
4 10 13 8 2 1 187
4 10 13 6 3 2 21
4 10 13 4 4 3 42
4 10 13 2 5 4 196
4 10 13 1 0 10 133
4 10 13 0 6 5 77
4 10 12 8 0 4 136
4 10 12 6 1 5 66
4 10 12 5 7 0 15
4 10 12 4 2 6 167
4 10 12 3 8 1 158
4 10 12 2 3 7 17
4 10 12 1 9 2 143
4 10 12 0 4 8 158
4 10 11 11 2 0 25
4 10 11 9 3 1 12
4 10 11 7 4 2 16
4 10 11 5 5 3 128
4 10 11 4 0 9 169
4 10 11 3 6 4 120
4 10 11 2 1 10 83
4 10 11 1 7 5 118
4 10 11 0 13 0 9
4 10 11 0 2 11 186
4 10 10 11 0 3 43
4 10 10 9 1 4 7
4 10 10 7 2 5 49
4 10 10 6 8 0 137
4 10 10 5 3 6 116
4 10 10 4 9 1 163
4 10 10 3 4 7 144
4 10 10 2 10 2 33
4 10 10 1 5 8 130
4 10 10 0 11 3 193
4 10 10 0 0 14 71
4 10 9 12 3 0 78
4 10 9 10 4 1 31
4 10 9 8 5 2 70
4 10 9 7 0 8 151
4 10 9 6 6 3 26
4 10 9 5 1 9 12
4 10 9 4 7 4 112
4 10 9 3 2 10 115
4 10 9 2 8 5 190
4 10 9 1 14 0 171
4 10 9 1 3 11 18
4 10 9 0 9 6 130
4 10 8 14 0 2 77
4 10 8 12 1 3 37
4 10 8 10 2 4 191
4 10 8 8 3 5 185
4 10 8 7 9 0 11
4 10 8 6 4 6 101
4 10 8 5 10 1 42
4 10 8 4 5 7 186
4 10 8 3 11 2 48
4 10 8 3 0 13 168
4 10 8 2 6 8 175
4 10 8 1 12 3 35
4 10 8 1 1 14 38
4 10 8 0 7 9 195
4 10 7 13 4 0 40
4 10 7 11 5 1 132
4 10 7 10 0 7 162
4 10 7 9 6 2 174
4 10 7 8 1 8 114
4 10 7 7 7 3 55
4 10 7 6 2 9 33
4 10 7 5 8 4 169
4 10 7 4 3 10 119
4 10 7 3 9 5 36
4 10 7 2 15 0 142
4 10 7 2 4 11 32
4 10 7 1 10 6 161
4 10 7 0 16 1 16
4 10 7 0 5 12 124
4 10 6 17 0 1 103
4 10 6 15 1 2 131
4 10 6 13 2 3 113
4 10 6 11 3 4 166
4 10 6 9 4 5 115
4 10 6 8 10 0 128
4 10 6 7 5 6 184
4 10 6 6 11 1 191
4 10 6 6 0 12 141
4 10 6 5 6 7 62
4 10 6 4 12 2 46
4 10 6 4 1 13 150
4 10 6 3 7 8 14
4 10 6 2 13 3 156
4 10 6 2 2 14 64
4 10 6 1 8 9 162
4 10 6 0 14 4 195
4 10 6 0 3 15 30
4 10 5 14 5 0 179
4 10 5 13 0 6 17
4 10 5 12 6 1 30
4 10 5 11 1 7 80
4 10 5 10 7 2 134
4 10 5 9 2 8 114
4 10 5 8 8 3 105
4 10 5 7 3 9 142
4 10 5 6 9 4 167
4 10 5 5 4 10 185
4 10 5 4 10 5 196
4 10 5 3 16 0 155
4 10 5 3 5 11 109
4 10 5 2 11 6 104
4 10 5 2 0 17 157
4 10 5 1 17 1 29
4 10 5 1 6 12 77
4 10 5 0 12 7 38
4 10 4 20 0 0 132
4 10 4 18 1 1 196
4 10 4 16 2 2 161
4 10 4 14 3 3 106
4 10 4 12 4 4 117
4 10 4 10 5 5 56
4 10 4 9 11 0 60
4 10 4 9 0 11 91
4 10 4 8 6 6 82
4 10 4 7 12 1 72
4 10 4 7 1 12 61
4 10 4 6 7 7 121
4 10 4 5 13 2 129
4 10 4 5 2 13 39
4 10 4 4 8 8 123
4 10 4 3 14 3 25
4 10 4 3 3 14 39
4 10 4 2 9 9 111
4 10 4 1 15 4 110
4 10 4 1 4 15 24
4 10 4 0 10 10 71
4 10 3 16 0 5 26
4 10 3 15 6 0 144
4 10 3 14 1 6 6
4 10 3 13 7 1 155
4 10 3 12 2 7 9
4 10 3 11 8 2 77
4 10 3 10 3 8 141
4 10 3 9 9 3 170
4 10 3 8 4 9 36
4 10 3 7 10 4 151
4 10 3 6 5 10 181
4 10 3 5 11 5 180
4 10 3 5 0 16 57
4 10 3 4 17 0 161
4 10 3 4 6 11 99
4 10 3 3 12 6 26
4 10 3 3 1 17 139
4 10 3 2 18 1 134
4 10 3 2 7 12 2
4 10 3 1 13 7 88
4 10 3 1 2 18 159
4 10 3 0 19 2 81
4 10 3 0 8 13 191
4 10 2 21 1 0 81
4 10 2 19 2 1 81
4 10 2 17 3 2 76
4 10 2 15 4 3 147
4 10 2 13 5 4 190
4 10 2 12 0 10 117
4 10 2 11 6 5 130
4 10 2 10 12 0 158
4 10 2 10 1 11 174
4 10 2 9 7 6 142
4 10 2 8 13 1 196
4 10 2 8 2 12 94
4 10 2 7 8 7 159
4 10 2 6 14 2 23
4 10 2 6 3 13 13
4 10 2 5 9 8 26
4 10 2 4 15 3 77
4 10 2 4 4 14 63
4 10 2 3 10 9 65
4 10 2 2 16 4 34
4 10 2 2 5 15 54
4 10 2 1 11 10 13
4 10 2 1 0 21 151
4 10 2 0 17 5 20
4 10 2 0 6 16 50
4 10 1 19 0 4 158
4 10 1 17 1 5 194
4 10 1 16 7 0 169
4 10 1 15 2 6 36
4 10 1 14 8 1 117
4 10 1 13 3 7 25
4 10 1 12 9 2 34
4 10 1 11 4 8 36
4 10 1 10 10 3 94
4 10 1 9 5 9 8
4 10 1 8 11 4 70
4 10 1 8 0 15 186
4 10 1 7 6 10 91
4 10 1 6 12 5 177
4 10 1 6 1 16 101
4 10 1 5 18 0 156
4 10 1 5 7 11 41
4 10 1 4 13 6 16
4 10 1 4 2 17 62
4 10 1 3 19 1 17
4 10 1 3 8 12 154
4 10 1 2 14 7 47
4 10 1 2 3 18 51
4 10 1 1 20 2 113
4 10 1 1 9 13 144
4 10 1 0 15 8 44
4 10 1 0 4 19 53
4 10 0 22 2 0 176
4 10 0 20 3 1 196
4 10 0 18 4 2 117
4 10 0 16 5 3 35
4 10 0 15 0 9 34
4 10 0 14 6 4 92
4 10 0 13 1 10 182
4 10 0 12 7 5 92
4 10 0 11 13 0 110
4 10 0 11 2 11 55
4 10 0 10 8 6 144
4 10 0 9 14 1 1
4 10 0 9 3 12 194
4 10 0 8 9 7 1
4 10 0 7 15 2 167
4 10 0 7 4 13 21
4 10 0 6 10 8 81
4 10 0 5 16 3 121
4 10 0 5 5 14 168
4 10 0 4 11 9 105
4 10 0 4 0 20 29
4 10 0 3 17 4 18
4 10 0 3 6 15 4
4 10 0 2 12 10 78
4 10 0 2 1 21 93
4 10 0 1 18 5 67
4 10 0 1 7 16 5
4 10 0 0 24 0 147
4 10 0 0 13 11 187
4 10 0 0 2 22 86
4 9 23 1 0 1 61
4 9 21 4 0 0 49
4 9 21 2 1 1 194
4 9 21 0 2 2 134
4 9 20 0 0 5 98
4 9 19 5 1 0 76
4 9 19 3 2 1 162
4 9 19 1 3 2 94
4 9 18 3 0 4 167
4 9 18 1 1 5 45
4 9 18 0 7 0 28
4 9 17 6 2 0 42
4 9 17 4 3 1 151
4 9 17 2 4 2 83
4 9 17 0 5 3 184
4 9 16 4 1 4 90
4 9 16 2 2 5 196
4 9 16 1 8 0 180
4 9 16 0 3 6 105
4 9 15 7 3 0 142
4 9 15 5 4 1 164
4 9 15 3 5 2 64
4 9 15 2 0 8 105
4 9 15 1 6 3 167
4 9 15 0 1 9 15
4 9 14 9 0 2 49
4 9 14 7 1 3 183
4 9 14 5 2 4 32
4 9 14 3 3 5 170
4 9 14 2 9 0 97
4 9 14 1 4 6 81
4 9 14 0 10 1 83
4 9 13 8 4 0 102
4 9 13 6 5 1 152
4 9 13 5 0 7 94
4 9 13 4 6 2 138
4 9 13 3 1 8 156
4 9 13 2 7 3 114
4 9 13 1 2 9 123
4 9 13 0 8 4 195
4 9 12 12 0 1 145
4 9 12 10 1 2 59
4 9 12 8 2 3 6
4 9 12 6 3 4 1
4 9 12 4 4 5 154
4 9 12 3 10 0 94
4 9 12 2 5 6 59
4 9 12 1 11 1 12
4 9 12 1 0 12 26
4 9 12 0 6 7 21
4 9 11 9 5 0 125
4 9 11 8 0 6 135
4 9 11 7 6 1 102
4 9 11 6 1 7 34
4 9 11 5 7 2 19
4 9 11 4 2 8 157
4 9 11 3 8 3 115
4 9 11 2 3 9 190
4 9 11 1 9 4 111
4 9 11 0 4 10 83
4 9 10 15 0 0 164
4 9 10 13 1 1 175
4 9 10 11 2 2 144
4 9 10 9 3 3 150
4 9 10 7 4 4 186
4 9 10 5 5 5 180
4 9 10 4 11 0 143
4 9 10 4 0 11 25
4 9 10 3 6 6 90
4 9 10 2 12 1 76
4 9 10 2 1 12 94
4 9 10 1 7 7 66
4 9 10 0 13 2 163
4 9 10 0 2 13 18
4 9 9 11 0 5 77
4 9 9 10 6 0 107
4 9 9 9 1 6 179
4 9 9 8 7 1 144
4 9 9 7 2 7 49
4 9 9 6 8 2 1
4 9 9 5 3 8 147
4 9 9 4 9 3 25
4 9 9 3 4 9 185
4 9 9 2 10 4 173
4 9 9 1 5 10 86
4 9 9 0 11 5 36
4 9 9 0 0 16 192
4 9 8 16 1 0 171
4 9 8 14 2 1 18
4 9 8 12 3 2 197
4 9 8 10 4 3 48
4 9 8 8 5 4 186
4 9 8 7 0 10 30
4 9 8 6 6 5 124
4 9 8 5 12 0 76
4 9 8 5 1 11 163
4 9 8 4 7 6 96
4 9 8 3 13 1 198
4 9 8 3 2 12 134
4 9 8 2 8 7 94
4 9 8 1 14 2 51
4 9 8 1 3 13 104
4 9 8 0 9 8 31
4 9 7 14 0 4 44
4 9 7 12 1 5 28
4 9 7 11 7 0 175
4 9 7 10 2 6 150
4 9 7 9 8 1 85
4 9 7 6 4 8 122
4 9 7 5 10 3 110
4 9 7 4 5 9 38
4 9 7 3 11 4 106
4 9 7 3 0 15 34
4 9 7 2 6 10 9
4 9 7 1 12 5 56
4 9 7 1 1 16 73
4 9 7 0 18 0 186
4 9 7 0 7 11 54
4 9 6 17 2 0 152
4 9 6 15 3 1 144
4 9 6 13 4 2 107
4 9 6 11 5 3 35
4 9 6 10 0 9 35
4 9 6 9 6 4 13
4 9 6 8 1 10 139
4 9 6 6 13 0 102
4 9 6 6 2 11 157
4 9 6 5 8 6 42
4 9 6 4 14 1 61
4 9 6 4 3 12 194
4 9 6 3 9 7 140
4 9 6 2 15 2 180
4 9 6 2 4 13 192
4 9 6 1 10 8 166
4 9 6 0 16 3 5
4 9 6 0 5 14 71
4 9 5 17 0 3 122
4 9 5 15 1 4 22
4 9 5 13 2 5 90
4 9 5 12 8 0 177
4 9 5 11 3 6 28
4 9 5 10 9 1 181
4 9 5 9 4 7 102
4 9 5 8 10 2 5
4 9 5 7 5 8 131
4 9 5 6 11 3 172
4 9 5 6 0 14 114
4 9 5 5 6 9 149
4 9 5 4 12 4 12
4 9 5 4 1 15 110
4 9 5 3 7 10 65
4 9 5 2 13 5 142
4 9 5 2 2 16 74
4 9 5 1 19 0 140
4 9 5 1 8 11 170
4 9 5 0 14 6 180
4 9 5 0 3 17 130
4 9 4 18 3 0 161
4 9 4 16 4 1 158
4 9 4 14 5 2 134
4 9 4 13 0 8 180
4 9 4 12 6 3 15
4 9 4 11 1 9 88
4 9 4 10 7 4 185
4 9 4 9 2 10 43
4 9 4 8 8 5 133
4 9 4 7 14 0 58
4 9 4 7 3 11 111
4 9 4 6 9 6 55
4 9 4 5 15 1 48
4 9 4 5 4 12 25
4 9 4 4 10 7 167
4 9 4 3 16 2 85
4 9 4 3 5 13 116
4 9 4 2 11 8 91
4 9 4 2 0 19 178
4 9 4 1 17 3 4
4 9 4 1 6 14 39
4 9 4 0 12 9 66
4 9 4 0 1 20 188
4 9 3 20 0 2 95
4 9 3 18 1 3 44
4 9 3 16 2 4 93
4 9 3 14 3 5 134
4 9 3 13 9 0 64
4 9 3 12 4 6 12
4 9 3 11 10 1 160
4 9 3 10 5 7 140
4 9 3 9 11 2 182
4 9 3 9 0 13 17
4 9 3 8 6 8 128
4 9 3 7 1 14 18
4 9 3 6 7 9 87
4 9 3 5 13 4 108
4 9 3 5 2 15 12
4 9 3 4 8 10 4
4 9 3 3 14 5 91
4 9 3 3 3 16 126
4 9 3 2 20 0 51
4 9 3 2 9 11 79
4 9 3 1 15 6 146
4 9 3 1 4 17 158
4 9 3 0 21 1 165
4 9 3 0 10 12 70
4 9 2 19 4 0 190
4 9 2 17 5 1 153
4 9 2 16 0 7 169
4 9 2 15 6 2 125
4 9 2 14 1 8 126
4 9 2 13 7 3 25
4 9 2 12 2 9 37
4 9 2 11 8 4 110
4 9 2 10 3 10 21
4 9 2 9 9 5 54
4 9 2 8 15 0 10
4 9 2 8 4 11 99
4 9 2 7 10 6 110
4 9 2 6 16 1 9
4 9 2 6 5 12 102
4 9 2 5 11 7 94
4 9 2 5 0 18 3
4 9 2 4 17 2 81
4 9 2 4 6 13 83
4 9 2 3 12 8 160
4 9 2 3 1 19 64
4 9 2 2 18 3 62
4 9 2 2 7 14 71
4 9 2 1 13 9 133
4 9 2 1 2 20 116
4 9 2 0 19 4 142
4 9 2 0 8 15 140
4 9 1 23 0 1 147
4 9 1 21 1 2 175
4 9 1 19 2 3 4
4 9 1 17 3 4 147
4 9 1 15 4 5 135
4 9 1 14 10 0 19
4 9 1 13 5 6 135
4 9 1 12 11 1 158
4 9 1 12 0 12 163
4 9 1 11 6 7 149
4 9 1 10 12 2 107
4 9 1 10 1 13 17
4 9 1 9 7 8 125
4 9 1 8 13 3 160
4 9 1 8 2 14 1
4 9 1 7 8 9 89
4 9 1 6 14 4 118
4 9 1 6 3 15 106
4 9 1 5 9 10 92
4 9 1 4 15 5 60
4 9 1 4 4 16 142
4 9 1 3 21 0 4
4 9 1 3 10 11 142
4 9 1 2 16 6 168
4 9 1 2 5 17 61
4 9 1 1 22 1 1
4 9 1 1 11 12 86
4 9 1 1 0 23 38
4 9 1 0 17 7 56
4 9 1 0 6 18 77
4 9 0 20 5 0 162
4 9 0 19 0 6 91
4 9 0 18 6 1 130
4 9 0 17 1 7 112
4 9 0 16 7 2 23
4 9 0 15 2 8 20
4 9 0 14 8 3 113
4 9 0 13 3 9 169
4 9 0 12 9 4 9
4 9 0 11 4 10 36
4 9 0 10 10 5 95
4 9 0 9 16 0 44
4 9 0 9 5 11 145
4 9 0 8 11 6 48
4 9 0 8 0 17 48
4 9 0 7 17 1 105
4 9 0 7 6 12 106
4 9 0 6 12 7 183
4 9 0 6 1 18 152
4 9 0 5 18 2 196
4 9 0 5 7 13 182
4 9 0 4 13 8 129
4 9 0 4 2 19 103
4 9 0 3 19 3 81
4 9 0 3 8 14 107
4 9 0 2 14 9 32
4 9 0 2 3 20 73
4 9 0 1 20 4 25
4 9 0 1 9 15 190
4 9 0 0 15 10 9
4 9 0 0 4 21 62
4 8 25 0 1 0 171
4 8 23 1 2 0 167
4 8 22 1 0 3 59
4 8 21 2 3 0 25
4 8 21 0 4 1 71
4 8 20 4 0 2 2
4 8 20 2 1 3 31
4 8 20 0 2 4 108
4 8 19 3 4 0 145
4 8 19 1 5 1 125
4 8 19 0 0 7 1
4 8 18 7 0 1 2
4 8 18 5 1 2 91
4 8 18 1 3 4 185
4 8 17 4 5 0 185
4 8 17 3 0 6 55
4 8 17 2 6 1 55
4 8 17 1 1 7 12
4 8 17 0 7 2 160
4 8 16 10 0 0 184
4 8 16 8 1 1 56
4 8 16 6 2 2 128
4 8 16 4 3 3 72
4 8 16 2 4 4 77
4 8 16 0 5 5 60
4 8 15 6 0 5 81
4 8 15 5 6 0 156
4 8 15 4 1 6 192
4 8 15 3 7 1 11
4 8 15 2 2 7 124
4 8 15 1 8 2 66
4 8 15 0 3 8 180
4 8 14 11 1 0 62
4 8 14 9 2 1 46
4 8 14 7 3 2 117
4 8 14 5 4 3 94
4 8 14 3 5 4 114
4 8 14 2 0 10 83
4 8 14 1 6 5 92
4 8 14 0 12 0 142
4 8 14 0 1 11 64
4 8 13 9 0 4 169
4 8 13 7 1 5 23
4 8 13 6 7 0 27
4 8 13 5 2 6 45
4 8 13 4 8 1 47
4 8 13 3 3 7 172
4 8 13 2 9 2 81
4 8 13 1 4 8 72
4 8 13 0 10 3 11
4 8 12 12 2 0 10
4 8 12 10 3 1 14
4 8 12 8 4 2 39
4 8 12 6 5 3 19
4 8 12 5 0 9 125
4 8 12 4 6 4 62
4 8 12 3 1 10 103
4 8 12 2 7 5 170
4 8 12 1 13 0 113
4 8 12 1 2 11 184
4 8 12 0 8 6 113
4 8 11 12 0 3 151
4 8 11 10 1 4 184
4 8 11 8 2 5 12
4 8 11 7 8 0 6
4 8 11 6 3 6 179
4 8 11 5 9 1 19
4 8 11 4 4 7 5
4 8 11 3 10 2 184
4 8 11 2 5 8 178
4 8 11 1 11 3 31
4 8 11 1 0 14 173
4 8 11 0 6 9 28
4 8 10 13 3 0 4
4 8 10 11 4 1 188
4 8 10 9 5 2 81
4 8 10 8 0 8 6
4 8 10 7 6 3 146
4 8 10 6 1 9 183
4 8 10 5 7 4 97
4 8 10 4 2 10 19
4 8 10 3 8 5 178
4 8 10 2 14 0 26
4 8 10 2 3 11 64
4 8 10 1 9 6 54
4 8 10 0 15 1 26
4 8 10 0 4 12 31
4 8 9 15 0 2 37
4 8 9 13 1 3 128
4 8 9 11 2 4 168
4 8 9 9 3 5 135
4 8 9 8 9 0 51
4 8 9 7 4 6 186
4 8 9 6 10 1 139
4 8 9 5 5 7 4
4 8 9 4 11 2 25
4 8 9 4 0 13 91
4 8 9 3 6 8 131
4 8 9 2 12 3 152
4 8 9 2 1 14 130
4 8 9 1 7 9 175
4 8 9 0 13 4 174
4 8 9 0 2 15 17
4 8 8 14 4 0 118
4 8 8 12 5 1 49
4 8 8 11 0 7 58
4 8 8 10 6 2 71
4 8 8 9 1 8 76
4 8 8 8 7 3 86
4 8 8 7 2 9 91
4 8 8 6 8 4 97
4 8 8 5 3 10 95
4 8 8 4 9 5 68
4 8 8 3 15 0 156
4 8 8 3 4 11 82
4 8 8 2 10 6 65
4 8 8 1 16 1 55
4 8 8 1 5 12 139
4 8 8 0 11 7 75
4 8 8 0 0 18 144
4 8 7 18 0 1 47
4 8 7 16 1 2 177
4 8 7 14 2 3 81
4 8 7 12 3 4 76
4 8 7 10 4 5 133
4 8 7 9 10 0 98
4 8 7 8 5 6 18
4 8 7 7 11 1 52
4 8 7 7 0 12 163
4 8 7 6 6 7 126
4 8 7 5 12 2 10
4 8 7 5 1 13 80
4 8 7 4 7 8 44
4 8 7 3 13 3 143
4 8 7 3 2 14 67
4 8 7 2 8 9 39
4 8 7 1 14 4 132
4 8 7 1 3 15 135
4 8 7 0 9 10 108
4 8 6 15 5 0 134
4 8 6 14 0 6 120
4 8 6 13 6 1 85
4 8 6 12 1 7 4
4 8 6 11 7 2 44
4 8 6 10 2 8 4
4 8 6 9 8 3 39
4 8 6 8 3 9 86
4 8 6 7 9 4 58
4 8 6 6 4 10 57
4 8 6 5 10 5 5
4 8 6 4 16 0 14
4 8 6 4 5 11 31
4 8 6 3 11 6 44
4 8 6 3 0 17 83
4 8 6 2 17 1 67
4 8 6 2 6 12 36
4 8 6 1 12 7 173
4 8 6 1 1 18 40
4 8 6 0 18 2 157
4 8 6 0 7 13 133
4 8 5 21 0 0 78
4 8 5 19 1 1 131
4 8 5 17 2 2 117
4 8 5 15 3 3 89
4 8 5 13 4 4 107
4 8 5 11 5 5 166
4 8 5 10 11 0 109
4 8 5 10 0 11 35
4 8 5 9 6 6 8
4 8 5 8 12 1 32
4 8 5 8 1 12 168
4 8 5 7 7 7 21
4 8 5 6 13 2 79
4 8 5 6 2 13 158
4 8 5 5 8 8 26
4 8 5 4 14 3 39
4 8 5 4 3 14 121
4 8 5 3 9 9 172
4 8 5 2 15 4 191
4 8 5 2 4 15 120
4 8 5 1 10 10 20
4 8 5 0 16 5 195
4 8 5 0 5 16 68
4 8 4 17 0 5 188
4 8 4 16 6 0 36
4 8 4 15 1 6 59
4 8 4 14 7 1 38
4 8 4 13 2 7 4
4 8 4 12 8 2 43
4 8 4 11 3 8 74
4 8 4 10 9 3 121
4 8 4 9 4 9 117
4 8 4 8 10 4 115
4 8 4 7 5 10 129
4 8 4 6 11 5 58
4 8 4 6 0 16 188
4 8 4 5 17 0 69
4 8 4 5 6 11 118
4 8 4 4 12 6 134
4 8 4 4 1 17 195
4 8 4 3 18 1 4
4 8 4 3 7 12 198
4 8 4 2 13 7 125
4 8 4 2 2 18 197
4 8 4 1 19 2 145
4 8 4 1 8 13 162
4 8 4 0 14 8 122
4 8 4 0 3 19 44
4 8 3 22 1 0 198
4 8 3 20 2 1 78
4 8 3 18 3 2 63
4 8 3 16 4 3 11
4 8 3 14 5 4 99
4 8 3 13 0 10 77
4 8 3 12 6 5 100
4 8 3 11 12 0 135
4 8 3 11 1 11 11
4 8 3 10 7 6 174
4 8 3 9 13 1 128
4 8 3 9 2 12 4
4 8 3 8 8 7 138
4 8 3 7 14 2 115
4 8 3 7 3 13 43
4 8 3 6 9 8 145
4 8 3 5 15 3 64
4 8 3 5 4 14 92
4 8 3 4 10 9 79
4 8 3 3 16 4 75
4 8 3 3 5 15 40
4 8 3 2 11 10 36
4 8 3 2 0 21 140
4 8 3 1 17 5 147
4 8 3 1 6 16 162
4 8 3 0 23 0 170
4 8 3 0 12 11 118
4 8 3 0 1 22 38
4 8 2 20 0 4 79
4 8 2 18 1 5 136
4 8 2 17 7 0 63
4 8 2 16 2 6 47
4 8 2 15 8 1 27
4 8 2 14 3 7 152
4 8 2 13 9 2 95
4 8 2 12 4 8 72
4 8 2 11 10 3 68
4 8 2 10 5 9 2
4 8 2 9 11 4 125
4 8 2 9 0 15 112
4 8 2 8 6 10 196
4 8 2 7 12 5 63
4 8 2 7 1 16 5
4 8 2 6 18 0 17
4 8 2 6 7 11 33
4 8 2 5 13 6 13
4 8 2 5 2 17 101
4 8 2 4 19 1 183
4 8 2 4 8 12 9
4 8 2 3 14 7 23
4 8 2 3 3 18 12
4 8 2 2 20 2 42
4 8 2 2 9 13 115
4 8 2 1 15 8 74
4 8 2 1 4 19 81
4 8 2 0 21 3 45
4 8 2 0 10 14 5
4 8 1 23 2 0 129
4 8 1 21 3 1 94
4 8 1 19 4 2 97
4 8 1 17 5 3 79
4 8 1 16 0 9 99
4 8 1 15 6 4 4
4 8 1 14 1 10 181
4 8 1 13 7 5 2
4 8 1 12 13 0 161
4 8 1 12 2 11 64
4 8 1 11 8 6 20
4 8 1 10 14 1 21
4 8 1 10 3 12 33
4 8 1 9 9 7 190
4 8 1 8 15 2 39
4 8 1 8 4 13 113
4 8 1 6 16 3 117
4 8 1 6 5 14 69
4 8 1 5 11 9 105
4 8 1 5 0 20 170
4 8 1 4 17 4 22
4 8 1 4 6 15 178
4 8 1 3 12 10 40
4 8 1 3 1 21 196
4 8 1 2 18 5 174
4 8 1 2 7 16 185
4 8 1 1 24 0 44
4 8 1 1 13 11 122
4 8 1 1 2 22 34
4 8 1 0 19 6 45
4 8 1 0 8 17 97
4 8 0 23 0 3 6
4 8 0 21 1 4 74
4 8 0 19 2 5 175
4 8 0 18 8 0 71
4 8 0 17 3 6 120
4 8 0 16 9 1 30
4 8 0 15 4 7 125
4 8 0 14 10 2 198
4 8 0 13 5 8 147
4 8 0 12 11 3 13
4 8 0 12 0 14 78
4 8 0 11 6 9 107
4 8 0 10 12 4 106
4 8 0 10 1 15 125
4 8 0 9 7 10 30
4 8 0 8 13 5 182
4 8 0 8 2 16 106
4 8 0 7 19 0 50
4 8 0 7 8 11 112
4 8 0 6 14 6 124
4 8 0 6 3 17 174
4 8 0 5 20 1 166
4 8 0 5 9 12 79
4 8 0 4 15 7 31
4 8 0 4 4 18 125
4 8 0 3 21 2 49
4 8 0 3 10 13 151
4 8 0 2 16 8 78
4 8 0 2 5 19 43
4 8 0 1 22 3 149
4 8 0 1 11 14 67
4 8 0 1 0 25 47
4 8 0 0 17 9 23
4 8 0 0 6 20 179
4 7 24 2 0 1 152
4 7 24 0 1 2 168
4 7 22 5 0 0 46
4 7 22 3 1 1 40
4 7 22 1 2 2 19
4 7 21 1 0 5 140
4 7 21 0 6 0 81
4 7 20 6 1 0 170
4 7 20 4 2 1 180
4 7 20 2 3 2 5
4 7 20 0 4 3 154
4 7 19 4 0 4 78
4 7 19 2 1 5 141
4 7 19 1 7 0 181
4 7 19 0 2 6 170
4 7 18 7 2 0 131
4 7 18 5 3 1 1
4 7 18 3 4 2 40
4 7 18 1 5 3 162
4 7 18 0 0 9 94
4 7 17 7 0 3 193
4 7 17 5 1 4 179
4 7 17 3 2 5 28
4 7 17 2 8 0 114
4 7 17 1 3 6 4
4 7 17 0 9 1 105
4 7 16 8 3 0 195
4 7 16 6 4 1 77
4 7 16 4 5 2 120
4 7 16 3 0 8 6
4 7 16 2 6 3 141
4 7 16 1 1 9 145
4 7 16 0 7 4 112
4 7 15 10 0 2 30
4 7 15 8 1 3 12
4 7 15 6 2 4 48
4 7 15 4 3 5 118
4 7 15 3 9 0 163
4 7 15 2 4 6 178
4 7 15 1 10 1 129
4 7 15 0 5 7 183
4 7 14 9 4 0 108
4 7 14 7 5 1 182
4 7 14 6 0 7 103
4 7 14 5 6 2 110
4 7 14 4 1 8 7
4 7 14 3 7 3 15
4 7 14 2 2 9 153
4 7 14 1 8 4 43
4 7 14 0 3 10 65
4 7 13 13 0 1 195
4 7 13 11 1 2 84
4 7 13 9 2 3 4
4 7 13 7 3 4 126
4 7 13 5 4 5 47
4 7 13 4 10 0 85
4 7 13 3 5 6 166
4 7 13 2 11 1 105
4 7 13 2 0 12 81
4 7 13 1 6 7 49
4 7 13 0 12 2 35
4 7 13 0 1 13 48
4 7 12 10 5 0 171
4 7 12 9 0 6 80
4 7 12 8 6 1 149
4 7 12 7 1 7 104
4 7 12 6 7 2 35
4 7 12 5 2 8 88
4 7 12 4 8 3 87
4 7 12 3 3 9 99
4 7 12 2 9 4 174
4 7 12 1 4 10 39
4 7 12 0 10 5 107
4 7 11 16 0 0 129
4 7 11 14 1 1 56
4 7 11 12 2 2 176
4 7 11 10 3 3 132
4 7 11 8 4 4 168
4 7 11 6 5 5 166
4 7 11 5 11 0 136
4 7 11 5 0 11 170
4 7 11 4 6 6 62
4 7 11 3 12 1 159
4 7 11 3 1 12 76
4 7 11 2 7 7 21
4 7 11 1 13 2 162
4 7 11 1 2 13 42
4 7 11 0 8 8 85
4 7 10 12 0 5 86
4 7 10 11 6 0 48
4 7 10 10 1 6 135
4 7 10 9 7 1 145
4 7 10 8 2 7 83
4 7 10 7 8 2 69
4 7 10 5 9 3 127
4 7 10 4 4 9 7
4 7 10 3 10 4 108
4 7 10 2 5 10 173
4 7 10 1 11 5 171
4 7 10 1 0 16 179
4 7 10 0 17 0 108
4 7 10 0 6 11 143
4 7 9 17 1 0 56
4 7 9 15 2 1 16
4 7 9 13 3 2 113
4 7 9 11 4 3 42
4 7 9 9 5 4 9
4 7 9 8 0 10 29
4 7 9 7 6 5 170
4 7 9 6 12 0 181
4 7 9 6 1 11 112
4 7 9 5 7 6 94
4 7 9 4 13 1 151
4 7 9 4 2 12 2
4 7 9 3 8 7 47
4 7 9 2 14 2 192
4 7 9 2 3 13 49
4 7 9 1 9 8 87
4 7 9 0 15 3 78
4 7 9 0 4 14 85
4 7 8 15 0 4 12
4 7 8 13 1 5 137
4 7 8 12 7 0 24
4 7 8 11 2 6 176
4 7 8 10 8 1 138
4 7 8 9 3 7 94
4 7 8 8 9 2 149
4 7 8 7 4 8 44
4 7 8 6 10 3 49
4 7 8 5 5 9 40
4 7 8 4 11 4 49
4 7 8 4 0 15 46
4 7 8 3 6 10 96
4 7 8 2 12 5 10
4 7 8 2 1 16 171
4 7 8 1 18 0 70
4 7 8 1 7 11 148
4 7 8 0 13 6 7
4 7 8 0 2 17 41
4 7 7 18 2 0 64
4 7 7 16 3 1 124
4 7 7 14 4 2 5
4 7 7 12 5 3 147
4 7 7 11 0 9 198
4 7 7 10 6 4 197
4 7 7 9 1 10 67
4 7 7 8 7 5 104
4 7 7 7 13 0 177
4 7 7 7 2 11 53
4 7 7 6 8 6 39
4 7 7 5 14 1 96
4 7 7 5 3 12 168
4 7 7 4 9 7 116
4 7 7 3 15 2 44
4 7 7 3 4 13 184
4 7 7 2 10 8 94
4 7 7 1 16 3 120
4 7 7 1 5 14 176
4 7 7 0 11 9 75
4 7 7 0 0 20 104
4 7 6 18 0 3 143
4 7 6 16 1 4 77
4 7 6 14 2 5 115
4 7 6 13 8 0 37
4 7 6 12 3 6 82
4 7 6 11 9 1 168
4 7 6 10 4 7 104
4 7 6 9 10 2 65
4 7 6 8 5 8 62
4 7 6 7 11 3 62
4 7 6 7 0 14 124
4 7 6 6 6 9 139
4 7 6 5 12 4 153
4 7 6 5 1 15 35
4 7 6 4 7 10 39
4 7 6 3 13 5 44
4 7 6 3 2 16 129
4 7 6 2 19 0 182
4 7 6 2 8 11 88
4 7 6 1 14 6 47
4 7 6 1 3 17 42
4 7 6 0 20 1 125
4 7 6 0 9 12 130
4 7 5 19 3 0 99
4 7 5 17 4 1 54
4 7 5 15 5 2 96
4 7 5 14 0 8 161
4 7 5 13 6 3 180
4 7 5 12 1 9 17
4 7 5 11 7 4 121
4 7 5 10 2 10 52
4 7 5 9 8 5 108
4 7 5 8 14 0 187
4 7 5 8 3 11 156
4 7 5 7 9 6 10
4 7 5 6 15 1 136
4 7 5 6 4 12 192
4 7 5 5 10 7 150
4 7 5 4 16 2 39
4 7 5 4 5 13 139
4 7 5 3 11 8 176
4 7 5 3 0 19 121
4 7 5 2 17 3 135
4 7 5 2 6 14 147
4 7 5 1 12 9 119
4 7 5 1 1 20 170
4 7 5 0 18 4 170
4 7 5 0 7 15 15
4 7 4 21 0 2 160
4 7 4 19 1 3 135
4 7 4 17 2 4 21
4 7 4 15 3 5 38
4 7 4 14 9 0 193
4 7 4 13 4 6 12
4 7 4 12 10 1 53
4 7 4 11 5 7 62
4 7 4 10 11 2 110
4 7 4 10 0 13 31
4 7 4 9 6 8 191
4 7 4 8 12 3 12
4 7 4 8 1 14 156
4 7 4 7 7 9 129
4 7 4 6 13 4 106
4 7 4 6 2 15 195
4 7 4 5 8 10 144
4 7 4 4 14 5 163
4 7 4 4 3 16 15
4 7 4 3 20 0 36
4 7 4 3 9 11 132
4 7 4 2 15 6 139
4 7 4 2 4 17 143
4 7 4 1 21 1 83
4 7 4 1 10 12 104
4 7 4 0 16 7 141
4 7 4 0 5 18 1
4 7 3 20 4 0 12
4 7 3 18 5 1 197
4 7 3 17 0 7 196
4 7 3 16 6 2 24
4 7 3 15 1 8 46
4 7 3 14 7 3 64
4 7 3 13 2 9 160
4 7 3 12 8 4 180
4 7 3 11 3 10 163
4 7 3 10 9 5 39
4 7 3 9 15 0 89
4 7 3 9 4 11 187
4 7 3 8 10 6 142
4 7 3 7 16 1 83
4 7 3 7 5 12 120
4 7 3 6 11 7 150
4 7 3 6 0 18 188
4 7 3 5 17 2 51
4 7 3 5 6 13 85
4 7 3 4 12 8 109
4 7 3 4 1 19 54
4 7 3 3 18 3 84
4 7 3 3 7 14 82
4 7 3 2 13 9 28
4 7 3 2 2 20 191
4 7 3 1 19 4 91
4 7 3 1 8 15 69
4 7 3 0 14 10 139
4 7 3 0 3 21 39
4 7 2 24 0 1 79
4 7 2 22 1 2 129
4 7 2 20 2 3 169
4 7 2 18 3 4 194
4 7 2 16 4 5 130
4 7 2 15 10 0 113
4 7 2 14 5 6 24
4 7 2 13 11 1 3
4 7 2 13 0 12 123
4 7 2 12 6 7 105
4 7 2 11 12 2 115
4 7 2 11 1 13 84
4 7 2 10 7 8 185
4 7 2 9 13 3 108
4 7 2 9 2 14 94
4 7 2 8 8 9 48
4 7 2 7 14 4 9
4 7 2 7 3 15 12
4 7 2 6 9 10 174
4 7 2 5 15 5 113
4 7 2 5 4 16 154
4 7 2 4 21 0 54
4 7 2 4 10 11 9
4 7 2 3 16 6 190
4 7 2 3 5 17 33
4 7 2 2 22 1 171
4 7 2 2 11 12 175
4 7 2 2 0 23 124
4 7 2 1 17 7 74
4 7 2 1 6 18 138
4 7 2 0 23 2 155
4 7 2 0 12 13 11
4 7 2 0 1 24 110
4 7 1 21 5 0 172
4 7 1 20 0 6 157
4 7 1 19 6 1 115
4 7 1 18 1 7 80
4 7 1 17 7 2 172
4 7 1 16 2 8 138
4 7 1 15 8 3 95
4 7 1 14 3 9 133
4 7 1 13 9 4 16
4 7 1 12 4 10 125
4 7 1 11 10 5 188
4 7 1 10 16 0 137
4 7 1 10 5 11 193
4 7 1 9 11 6 186
4 7 1 9 0 17 184
4 7 1 8 17 1 76
4 7 1 8 6 12 175
4 7 1 7 12 7 80
4 7 1 7 1 18 149
4 7 1 6 18 2 52
4 7 1 6 7 13 155
4 7 1 5 13 8 179
4 7 1 5 2 19 111
4 7 1 4 19 3 113
4 7 1 4 8 14 73
4 7 1 3 14 9 32
4 7 1 3 3 20 141
4 7 1 2 20 4 15
4 7 1 2 9 15 155
4 7 1 1 15 10 187
4 7 1 1 4 21 155
4 7 1 0 21 5 167
4 7 1 0 10 16 120
4 7 0 27 0 0 69
4 7 0 25 1 1 86
4 7 0 23 2 2 51
4 7 0 21 3 3 143
4 7 0 19 4 4 186
4 7 0 17 5 5 80
4 7 0 16 11 0 86
4 7 0 16 0 11 20
4 7 0 15 6 6 100
4 7 0 14 12 1 35
4 7 0 14 1 12 98
4 7 0 13 7 7 128
4 7 0 12 13 2 180
4 7 0 12 2 13 195
4 7 0 11 8 8 145
4 7 0 10 14 3 51
4 7 0 10 3 14 155
4 7 0 9 9 9 12
4 7 0 8 15 4 11
4 7 0 8 4 15 124
4 7 0 7 10 10 90
4 7 0 6 16 5 140
4 7 0 6 5 16 78
4 7 0 5 22 0 83
4 7 0 5 11 11 63
4 7 0 5 0 22 1
4 7 0 4 6 17 69
4 7 0 3 23 1 95
4 7 0 3 12 12 56
4 7 0 3 1 23 76
4 7 0 2 18 7 123
4 7 0 2 7 18 125
4 7 0 1 24 2 85
4 7 0 1 13 13 153
4 7 0 1 2 24 130
4 7 0 0 19 8 118
4 7 0 0 8 19 75
4 6 28 0 0 0 70
4 6 26 1 1 0 156
4 6 24 2 2 0 7
4 6 24 0 3 1 52
4 6 23 2 0 3 155
4 6 23 0 1 4 126
4 6 22 3 3 0 23
4 6 22 1 4 1 85
4 6 21 5 0 2 179
4 6 21 3 1 3 79
4 6 21 1 2 4 13
4 6 20 4 4 0 29
4 6 20 2 5 1 169
4 6 20 1 0 7 174
4 6 20 0 6 2 82
4 6 19 8 0 1 55
4 6 19 6 1 2 191
4 6 19 4 2 3 18
4 6 19 2 3 4 167
4 6 19 0 4 5 75
4 6 18 5 5 0 46
4 6 18 4 0 6 5
4 6 18 3 6 1 115
4 6 18 2 1 7 171
4 6 18 1 7 2 100
4 6 18 0 2 8 102
4 6 17 11 0 0 174
4 6 17 9 1 1 89
4 6 17 7 2 2 124
4 6 17 5 3 3 9
4 6 17 3 4 4 196
4 6 17 1 5 5 38
4 6 17 0 11 0 125
4 6 17 0 0 11 20
4 6 16 7 0 5 139
4 6 16 6 6 0 19
4 6 16 5 1 6 82
4 6 16 4 7 1 185
4 6 16 3 2 7 83
4 6 16 2 8 2 78
4 6 16 1 3 8 69
4 6 16 0 9 3 55
4 6 15 12 1 0 113
4 6 15 10 2 1 126
4 6 15 8 3 2 172
4 6 15 6 4 3 161
4 6 15 4 5 4 176
4 6 15 3 0 10 20
4 6 15 2 6 5 4
4 6 15 1 12 0 91
4 6 15 1 1 11 94
4 6 15 0 7 6 176
4 6 14 10 0 4 136
4 6 14 8 1 5 172
4 6 14 7 7 0 83
4 6 14 6 2 6 137
4 6 14 5 8 1 149
4 6 14 4 3 7 65
4 6 14 3 9 2 87
4 6 14 2 4 8 169
4 6 14 1 10 3 100
4 6 14 0 5 9 157
4 6 13 13 2 0 173
4 6 13 11 3 1 151
4 6 13 9 4 2 79
4 6 13 7 5 3 23
4 6 13 6 0 9 49
4 6 13 5 6 4 93
4 6 13 4 1 10 32
4 6 13 3 7 5 159
4 6 13 2 13 0 47
4 6 13 2 2 11 13
4 6 13 1 8 6 3
4 6 13 0 14 1 80
4 6 13 0 3 12 105
4 6 12 13 0 3 41
4 6 12 11 1 4 193
4 6 12 9 2 5 73
4 6 12 8 8 0 10
4 6 12 7 3 6 128
4 6 12 6 9 1 59
4 6 12 5 4 7 22
4 6 12 4 10 2 161
4 6 12 3 5 8 180
4 6 12 2 11 3 47
4 6 12 2 0 14 154
4 6 12 1 6 9 137
4 6 12 0 12 4 18
4 6 12 0 1 15 131
4 6 11 14 3 0 69
4 6 11 12 4 1 118
4 6 11 10 5 2 166
4 6 11 9 0 8 38
4 6 11 8 6 3 158
4 6 11 7 1 9 31
4 6 11 6 7 4 109
4 6 11 5 2 10 96
4 6 11 4 8 5 180
4 6 11 3 14 0 88
4 6 11 3 3 11 5
4 6 11 2 9 6 113
4 6 11 1 15 1 168
4 6 11 1 4 12 53
4 6 11 0 10 7 36
4 6 10 16 0 2 72
4 6 10 14 1 3 119
4 6 10 12 2 4 98
4 6 10 10 3 5 95
4 6 10 9 9 0 177
4 6 10 8 4 6 110
4 6 10 7 10 1 135
4 6 10 6 5 7 163
4 6 10 5 11 2 81
4 6 10 5 0 13 134
4 6 10 4 6 8 112
4 6 10 3 12 3 17
4 6 10 3 1 14 191
4 6 10 2 7 9 24
4 6 10 1 13 4 101
4 6 10 1 2 15 18
4 6 10 0 8 10 12
4 6 9 15 4 0 169
4 6 9 13 5 1 27
4 6 9 12 0 7 114
4 6 9 11 6 2 116
4 6 9 10 1 8 192
4 6 9 9 7 3 73
4 6 9 8 2 9 101
4 6 9 7 8 4 73
4 6 9 6 3 10 163
4 6 9 5 9 5 142
4 6 9 4 15 0 198
4 6 9 4 4 11 41
4 6 9 3 10 6 23
4 6 9 2 16 1 82
4 6 9 2 5 12 65
4 6 9 1 11 7 158
4 6 9 1 0 18 133
4 6 9 0 17 2 91
4 6 9 0 6 13 146
4 6 8 19 0 1 143
4 6 8 17 1 2 70
4 6 8 15 2 3 140
4 6 8 13 3 4 87
4 6 8 11 4 5 168
4 6 8 10 10 0 135
4 6 8 9 5 6 134
4 6 8 8 11 1 11
4 6 8 8 0 12 164
4 6 8 7 6 7 149
4 6 8 6 12 2 19
4 6 8 6 1 13 139
4 6 8 5 7 8 77
4 6 8 4 13 3 36
4 6 8 4 2 14 151
4 6 8 3 8 9 105
4 6 8 2 14 4 182
4 6 8 2 3 15 60
4 6 8 1 9 10 42
4 6 8 0 15 5 36
4 6 8 0 4 16 75
4 6 7 16 5 0 115
4 6 7 15 0 6 148
4 6 7 14 6 1 7
4 6 7 13 1 7 52
4 6 7 12 7 2 198
4 6 7 11 2 8 66
4 6 7 10 8 3 80
4 6 7 9 3 9 19
4 6 7 8 9 4 173
4 6 7 7 4 10 48
4 6 7 6 10 5 189
4 6 7 5 16 0 105
4 6 7 5 5 11 150
4 6 7 4 11 6 24
4 6 7 4 0 17 12
4 6 7 3 17 1 99
4 6 7 3 6 12 12
4 6 7 2 12 7 20
4 6 7 2 1 18 5
4 6 7 1 18 2 74
4 6 7 1 7 13 106
4 6 7 0 13 8 179
4 6 7 0 2 19 157
4 6 6 22 0 0 172
4 6 6 20 1 1 27
4 6 6 18 2 2 163
4 6 6 16 3 3 58
4 6 6 14 4 4 33
4 6 6 12 5 5 130
4 6 6 11 11 0 55
4 6 6 11 0 11 135
4 6 6 10 6 6 53
4 6 6 9 12 1 15
4 6 6 9 1 12 120
4 6 6 8 7 7 163
4 6 6 7 13 2 57
4 6 6 7 2 13 180
4 6 6 6 8 8 53
4 6 6 5 14 3 96
4 6 6 5 3 14 19
4 6 6 4 9 9 17
4 6 6 3 15 4 68
4 6 6 3 4 15 77
4 6 6 2 10 10 61
4 6 6 1 16 5 10
4 6 6 1 5 16 15
4 6 6 0 22 0 50
4 6 6 0 11 11 133
4 6 6 0 0 22 31
4 6 5 18 0 5 89
4 6 5 17 6 0 73
4 6 5 16 1 6 127
4 6 5 15 7 1 182
4 6 5 14 2 7 22
4 6 5 13 8 2 86
4 6 5 12 3 8 185
4 6 5 11 9 3 122
4 6 5 10 4 9 113
4 6 5 9 10 4 62
4 6 5 8 5 10 61
4 6 5 7 11 5 65
4 6 5 7 0 16 114
4 6 5 6 17 0 191
4 6 5 6 6 11 20
4 6 5 5 12 6 110
4 6 5 5 1 17 194
4 6 5 4 18 1 40
4 6 5 4 7 12 1
4 6 5 3 13 7 59
4 6 5 3 2 18 158
4 6 5 2 19 2 12
4 6 5 2 8 13 123
4 6 5 1 14 8 115
4 6 5 1 3 19 35
4 6 5 0 20 3 134
4 6 5 0 9 14 101
4 6 4 23 1 0 37
4 6 4 21 2 1 191
4 6 4 19 3 2 130
4 6 4 17 4 3 65
4 6 4 15 5 4 178
4 6 4 14 0 10 103
4 6 4 13 6 5 111
4 6 4 12 12 0 163
4 6 4 12 1 11 188
4 6 4 11 7 6 185
4 6 4 10 13 1 106
4 6 4 10 2 12 139
4 6 4 9 8 7 49
4 6 4 8 14 2 6
4 6 4 8 3 13 33
4 6 4 7 9 8 120
4 6 4 6 15 3 161
4 6 4 6 4 14 181
4 6 4 5 10 9 153
4 6 4 4 16 4 2
4 6 4 4 5 15 171
4 6 4 3 11 10 78
4 6 4 3 0 21 110
4 6 4 2 17 5 15
4 6 4 2 6 16 13
4 6 4 1 23 0 78
4 6 4 1 12 11 190
4 6 4 1 1 22 177
4 6 4 0 18 6 60
4 6 4 0 7 17 171
4 6 3 21 0 4 21
4 6 3 19 1 5 105
4 6 3 18 7 0 106
4 6 3 17 2 6 78
4 6 3 16 8 1 11
4 6 3 15 3 7 149
4 6 3 14 9 2 38
4 6 3 13 4 8 165
4 6 3 12 10 3 193
4 6 3 11 5 9 15
4 6 3 10 11 4 119
4 6 3 10 0 15 198
4 6 3 9 6 10 177
4 6 3 8 12 5 5
4 6 3 8 1 16 50
4 6 3 7 18 0 57
4 6 3 7 7 11 9
4 6 3 6 13 6 85
4 6 3 6 2 17 110
4 6 3 5 19 1 131
4 6 3 5 8 12 54
4 6 3 4 14 7 155
4 6 3 4 3 18 181
4 6 3 3 20 2 34
4 6 3 3 9 13 102
4 6 3 2 15 8 30
4 6 3 2 4 19 145
4 6 3 1 21 3 77
4 6 3 1 10 14 136
4 6 3 0 16 9 80
4 6 3 0 5 20 197
4 6 2 24 2 0 54
4 6 2 22 3 1 92
4 6 2 20 4 2 131
4 6 2 18 5 3 114
4 6 2 17 0 9 10
4 6 2 16 6 4 46
4 6 2 15 1 10 157
4 6 2 14 7 5 31
4 6 2 13 13 0 111
4 6 2 13 2 11 186
4 6 2 12 8 6 130
4 6 2 11 14 1 4
4 6 2 11 3 12 110
4 6 2 10 9 7 61
4 6 2 9 15 2 107
4 6 2 9 4 13 166
4 6 2 8 10 8 27
4 6 2 7 16 3 168
4 6 2 7 5 14 45
4 6 2 6 11 9 176
4 6 2 6 0 20 34
4 6 2 5 17 4 159
4 6 2 5 6 15 112
4 6 2 4 12 10 155
4 6 2 4 1 21 140
4 6 2 3 18 5 190
4 6 2 3 7 16 17
4 6 2 2 24 0 67
4 6 2 2 13 11 58
4 6 2 2 2 22 146
4 6 2 1 19 6 194
4 6 2 1 8 17 50
4 6 2 0 25 1 82
4 6 2 0 14 12 82
4 6 2 0 3 23 47
4 6 1 24 0 3 80
4 6 1 22 1 4 80
4 6 1 20 2 5 76
4 6 1 19 8 0 160
4 6 1 18 3 6 92
4 6 1 17 9 1 135
4 6 1 16 4 7 109
4 6 1 15 10 2 164
4 6 1 14 5 8 5
4 6 1 13 11 3 104
4 6 1 13 0 14 165
4 6 1 12 6 9 164
4 6 1 11 12 4 4
4 6 1 11 1 15 70
4 6 1 10 7 10 116
4 6 1 9 13 5 75
4 6 1 9 2 16 7
4 6 1 8 19 0 175
4 6 1 8 8 11 113
4 6 1 7 14 6 113
4 6 1 7 3 17 198
4 6 1 6 20 1 33
4 6 1 6 9 12 44
4 6 1 5 15 7 23
4 6 1 5 4 18 122
4 6 1 4 21 2 23
4 6 1 4 10 13 72
4 6 1 3 16 8 193
4 6 1 3 5 19 26
4 6 1 2 22 3 31
4 6 1 2 11 14 47
4 6 1 2 0 25 109
4 6 1 1 17 9 181
4 6 1 1 6 20 36
4 6 1 0 23 4 176
4 6 1 0 12 15 197
4 6 1 0 1 26 62
4 6 0 25 3 0 38
4 6 0 23 4 1 79
4 6 0 21 5 2 61
4 6 0 20 0 8 123
4 6 0 19 6 3 51
4 6 0 18 1 9 141
4 6 0 17 7 4 164
4 6 0 16 2 10 35
4 6 0 15 8 5 54
4 6 0 14 14 0 158
4 6 0 14 3 11 183
4 6 0 13 9 6 76
4 6 0 12 15 1 137
4 6 0 12 4 12 91
4 6 0 11 10 7 176
4 6 0 10 16 2 53
4 6 0 10 5 13 20
4 6 0 9 11 8 118
4 6 0 9 0 19 166
4 6 0 8 17 3 184
4 6 0 8 6 14 80
4 6 0 7 12 9 106
4 6 0 7 1 20 2
4 6 0 6 18 4 107
4 6 0 6 7 15 169
4 6 0 5 13 10 77
4 6 0 5 2 21 131
4 6 0 4 19 5 182
4 6 0 4 8 16 119
4 6 0 3 25 0 28
4 6 0 3 14 11 148
4 6 0 3 3 22 190
4 6 0 2 20 6 7
4 6 0 2 9 17 185
4 6 0 1 26 1 96
4 6 0 1 15 12 91
4 6 0 1 4 23 58
4 6 0 0 21 7 29
4 6 0 0 10 18 45
4 5 27 0 0 2 114
4 5 25 3 0 1 102
4 5 25 1 1 2 186
4 5 24 0 5 0 131
4 5 23 6 0 0 179
4 5 23 4 1 1 99
4 5 23 2 2 2 198
4 5 23 0 3 3 59
4 5 22 2 0 5 49
4 5 22 1 6 0 34
4 5 22 0 1 6 99
4 5 21 7 1 0 97
4 5 21 5 2 1 68
4 5 21 3 3 2 75
4 5 21 1 4 3 87
4 5 20 5 0 4 115
4 5 20 3 1 5 41
4 5 20 2 7 0 56
4 5 20 1 2 6 48
4 5 20 0 8 1 152
4 5 19 8 2 0 108
4 5 19 6 3 1 110
4 5 19 4 4 2 113
4 5 19 2 5 3 183
4 5 19 1 0 9 47
4 5 19 0 6 4 85
4 5 18 8 0 3 99
4 5 18 6 1 4 71
4 5 18 4 2 5 176
4 5 18 3 8 0 136
4 5 18 2 3 6 29
4 5 18 1 9 1 152
4 5 18 0 4 7 7
4 5 17 9 3 0 164
4 5 17 7 4 1 95
4 5 17 5 5 2 23
4 5 17 4 0 8 77
4 5 17 3 6 3 162
4 5 17 2 1 9 44
4 5 17 1 7 4 64
4 5 17 0 2 10 73
4 5 16 11 0 2 49
4 5 16 9 1 3 16
4 5 16 7 2 4 91
4 5 16 5 3 5 28
4 5 16 4 9 0 49
4 5 16 3 4 6 118
4 5 16 2 10 1 5
4 5 16 1 5 7 94
4 5 16 0 11 2 108
4 5 16 0 0 13 116
4 5 15 10 4 0 47
4 5 15 8 5 1 153
4 5 15 7 0 7 165
4 5 15 6 6 2 67
4 5 15 5 1 8 175
4 5 15 4 7 3 193
4 5 15 3 2 9 163
4 5 15 2 8 4 49
4 5 15 1 3 10 87
4 5 15 0 9 5 28
4 5 14 14 0 1 104
4 5 14 12 1 2 47
4 5 14 10 2 3 120
4 5 14 8 3 4 75
4 5 14 6 4 5 114
4 5 14 5 10 0 9
4 5 14 4 5 6 141
4 5 14 3 11 1 51
4 5 14 3 0 12 120
4 5 14 2 6 7 196
4 5 14 1 12 2 198
4 5 14 1 1 13 72
4 5 14 0 7 8 34
4 5 13 11 5 0 67
4 5 13 10 0 6 139
4 5 13 9 6 1 174
4 5 13 8 1 7 130
4 5 13 7 7 2 26
4 5 13 6 2 8 33
4 5 13 5 8 3 21
4 5 13 4 3 9 93
4 5 13 3 9 4 88
4 5 13 2 4 10 20
4 5 13 1 10 5 3
4 5 13 0 16 0 133
4 5 13 0 5 11 69
4 5 12 17 0 0 34
4 5 12 15 1 1 141
4 5 12 13 2 2 145
4 5 12 11 3 3 142
4 5 12 9 4 4 55
4 5 12 7 5 5 159
4 5 12 6 11 0 132
4 5 12 6 0 11 194
4 5 12 5 6 6 45
4 5 12 4 12 1 181
4 5 12 4 1 12 75
4 5 12 3 7 7 170
4 5 12 2 13 2 196
4 5 12 2 2 13 105
4 5 12 1 8 8 184
4 5 12 0 14 3 90
4 5 12 0 3 14 84
4 5 11 13 0 5 129
4 5 11 12 6 0 48
4 5 11 11 1 6 136
4 5 11 10 7 1 133
4 5 11 9 2 7 75
4 5 11 8 8 2 131
4 5 11 7 3 8 51
4 5 11 6 9 3 132
4 5 11 5 4 9 170
4 5 11 4 10 4 153
4 5 11 3 5 10 131
4 5 11 2 11 5 108
4 5 11 2 0 16 23
4 5 11 1 17 0 2
4 5 11 1 6 11 165
4 5 11 0 12 6 130
4 5 11 0 1 17 178
4 5 10 18 1 0 173
4 5 10 16 2 1 33
4 5 10 14 3 2 172
4 5 10 12 4 3 114
4 5 10 10 5 4 11
4 5 10 9 0 10 196
4 5 10 8 6 5 12
4 5 10 7 12 0 56
4 5 10 7 1 11 192
4 5 10 6 7 6 42
4 5 10 5 13 1 58
4 5 10 5 2 12 176
4 5 10 4 8 7 95
4 5 10 3 14 2 98
4 5 10 3 3 13 43
4 5 10 2 9 8 157
4 5 10 1 15 3 151
4 5 10 1 4 14 79
4 5 10 0 10 9 184
4 5 9 16 0 4 141
4 5 9 14 1 5 99
4 5 9 13 7 0 20
4 5 9 12 2 6 89
4 5 9 11 8 1 157
4 5 9 10 3 7 10
4 5 9 9 9 2 79
4 5 9 8 4 8 54
4 5 9 7 10 3 104
4 5 9 6 5 9 154
4 5 9 5 11 4 102
4 5 9 5 0 15 183
4 5 9 4 6 10 160
4 5 9 3 12 5 121
4 5 9 3 1 16 151
4 5 9 2 18 0 169
4 5 9 2 7 11 195
4 5 9 1 13 6 54
4 5 9 1 2 17 51
4 5 9 0 19 1 181
4 5 9 0 8 12 156
4 5 8 19 2 0 159
4 5 8 17 3 1 132
4 5 8 15 4 2 47
4 5 8 13 5 3 197
4 5 8 12 0 9 50
4 5 8 11 6 4 1
4 5 8 10 1 10 50
4 5 8 9 7 5 185
4 5 8 8 13 0 57
4 5 8 8 2 11 34
4 5 8 7 8 6 139
4 5 8 6 14 1 120
4 5 8 6 3 12 85
4 5 8 5 9 7 156
4 5 8 4 15 2 46
4 5 8 4 4 13 30
4 5 8 3 10 8 166
4 5 8 2 16 3 187
4 5 8 2 5 14 197
4 5 8 1 11 9 43
4 5 8 1 0 20 34
4 5 8 0 17 4 130
4 5 8 0 6 15 112
4 5 7 19 0 3 57
4 5 7 17 1 4 191
4 5 7 15 2 5 30
4 5 7 14 8 0 82
4 5 7 13 3 6 2
4 5 7 12 9 1 83
4 5 7 11 4 7 100
4 5 7 10 10 2 163
4 5 7 9 5 8 12
4 5 7 8 11 3 72
4 5 7 8 0 14 90
4 5 7 7 6 9 92
4 5 7 6 12 4 140
4 5 7 6 1 15 103
4 5 7 5 7 10 157
4 5 7 4 13 5 48
4 5 7 4 2 16 11
4 5 7 3 19 0 121
4 5 7 3 8 11 178
4 5 7 2 14 6 135
4 5 7 2 3 17 142
4 5 7 1 20 1 38
4 5 7 1 9 12 25
4 5 7 0 15 7 100
4 5 7 0 4 18 174
4 5 6 20 3 0 111
4 5 6 18 4 1 26
4 5 6 16 5 2 121
4 5 6 15 0 8 56
4 5 6 14 6 3 75
4 5 6 13 1 9 90
4 5 6 12 7 4 144
4 5 6 11 2 10 48
4 5 6 10 8 5 53
4 5 6 9 14 0 125
4 5 6 9 3 11 14
4 5 6 8 9 6 192
4 5 6 7 15 1 157
4 5 6 7 4 12 56
4 5 6 6 10 7 55
4 5 6 5 16 2 87
4 5 6 5 5 13 136
4 5 6 4 11 8 106
4 5 6 4 0 19 130
4 5 6 3 17 3 129
4 5 6 3 6 14 139
4 5 6 2 12 9 49
4 5 6 2 1 20 48
4 5 6 1 18 4 163
4 5 6 1 7 15 118
4 5 6 0 13 10 120
4 5 6 0 2 21 118
4 5 5 22 0 2 78
4 5 5 20 1 3 86
4 5 5 18 2 4 94
4 5 5 16 3 5 80
4 5 5 15 9 0 53
4 5 5 14 4 6 15
4 5 5 13 10 1 15
4 5 5 12 5 7 64
4 5 5 11 11 2 194
4 5 5 11 0 13 178
4 5 5 10 6 8 22
4 5 5 9 12 3 80
4 5 5 9 1 14 101
4 5 5 8 7 9 145
4 5 5 7 13 4 138
4 5 5 7 2 15 83
4 5 5 6 8 10 119
4 5 5 5 14 5 125
4 5 5 5 3 16 183
4 5 5 4 20 0 135
4 5 5 4 9 11 30
4 5 5 3 15 6 34
4 5 5 3 4 17 97
4 5 5 2 21 1 36
4 5 5 2 10 12 54
4 5 5 1 16 7 2
4 5 5 1 5 18 139
4 5 5 0 22 2 27
4 5 5 0 11 13 44
4 5 5 0 0 24 181
4 5 4 21 4 0 13
4 5 4 19 5 1 76
4 5 4 18 0 7 131
4 5 4 17 6 2 150
4 5 4 16 1 8 36
4 5 4 15 7 3 8
4 5 4 14 2 9 130
4 5 4 13 8 4 170
4 5 4 12 3 10 170
4 5 4 11 9 5 75
4 5 4 10 15 0 117
4 5 4 10 4 11 56
4 5 4 9 10 6 121
4 5 4 8 16 1 172
4 5 4 8 5 12 174
4 5 4 7 11 7 58
4 5 4 7 0 18 21
4 5 4 6 17 2 91
4 5 4 6 6 13 185
4 5 4 5 12 8 100
4 5 4 5 1 19 149
4 5 4 4 18 3 168
4 5 4 4 7 14 7
4 5 4 3 13 9 186
4 5 4 3 2 20 161
4 5 4 2 19 4 123
4 5 4 2 8 15 176
4 5 4 1 14 10 81
4 5 4 1 3 21 20
4 5 4 0 20 5 195
4 5 4 0 9 16 195
4 5 3 25 0 1 20
4 5 3 23 1 2 198
4 5 3 21 2 3 183
4 5 3 19 3 4 43
4 5 3 17 4 5 5
4 5 3 16 10 0 13
4 5 3 15 5 6 37
4 5 3 14 11 1 106
4 5 3 14 0 12 92
4 5 3 13 6 7 148
4 5 3 12 12 2 104
4 5 3 12 1 13 110
4 5 3 11 7 8 26
4 5 3 10 13 3 48
4 5 3 10 2 14 9
4 5 3 9 8 9 145
4 5 3 8 14 4 168
4 5 3 8 3 15 103
4 5 3 7 9 10 162
4 5 3 6 15 5 169
4 5 3 6 4 16 169
4 5 3 5 21 0 159
4 5 3 5 10 11 191
4 5 3 4 16 6 113
4 5 3 4 5 17 70
4 5 3 3 22 1 80
4 5 3 3 11 12 12
4 5 3 3 0 23 42
4 5 3 2 17 7 54
4 5 3 2 6 18 73
4 5 3 1 23 2 117
4 5 3 1 12 13 80
4 5 3 1 1 24 118
4 5 3 0 18 8 195
4 5 3 0 7 19 87
4 5 2 22 5 0 102
4 5 2 21 0 6 111
4 5 2 19 1 7 167
4 5 2 18 7 2 34
4 5 2 17 2 8 164
4 5 2 16 8 3 153
4 5 2 15 3 9 190
4 5 2 14 9 4 72
4 5 2 13 4 10 105
4 5 2 12 10 5 188
4 5 2 11 16 0 54
4 5 2 11 5 11 172
4 5 2 10 11 6 119
4 5 2 10 0 17 124
4 5 2 9 17 1 76
4 5 2 9 6 12 71
4 5 2 8 12 7 5
4 5 2 8 1 18 97
4 5 2 7 18 2 58
4 5 2 7 7 13 171
4 5 2 6 13 8 43
4 5 2 6 2 19 87
4 5 2 5 19 3 24
4 5 2 5 8 14 41
4 5 2 4 14 9 1
4 5 2 4 3 20 114
4 5 2 3 20 4 102
4 5 2 3 9 15 105
4 5 2 2 15 10 43
4 5 2 2 4 21 59
4 5 2 1 21 5 163
4 5 2 1 10 16 129
4 5 2 0 27 0 186
4 5 2 0 16 11 120
4 5 2 0 5 22 118
4 5 1 28 0 0 88
4 5 1 26 1 1 92
4 5 1 24 2 2 163
4 5 1 22 3 3 166
4 5 1 20 4 4 49
4 5 1 18 5 5 151
4 5 1 17 11 0 4
4 5 1 17 0 11 39
4 5 1 16 6 6 154
4 5 1 15 12 1 180
4 5 1 15 1 12 159
4 5 1 14 7 7 104
4 5 1 13 13 2 61
4 5 1 13 2 13 160
4 5 1 12 8 8 156
4 5 1 11 14 3 196
4 5 1 11 3 14 197
4 5 1 10 9 9 78
4 5 1 9 15 4 161
4 5 1 9 4 15 94
4 5 1 8 10 10 4
4 5 1 7 16 5 142
4 5 1 7 5 16 114
4 5 1 6 22 0 72
4 5 1 6 11 11 101
4 5 1 6 0 22 40
4 5 1 5 17 6 29
4 5 1 5 6 17 158
4 5 1 4 23 1 169
4 5 1 4 12 12 107
4 5 1 4 1 23 150
4 5 1 3 18 7 115
4 5 1 3 7 18 182
4 5 1 2 24 2 34
4 5 1 2 13 13 71
4 5 1 2 2 24 6
4 5 1 1 19 8 70
4 5 1 1 8 19 61
4 5 1 0 25 3 83
4 5 1 0 14 14 67
4 5 1 0 3 25 109
4 5 0 24 0 5 176
4 5 0 23 6 0 111
4 5 0 22 1 6 60
4 5 0 21 7 1 4
4 5 0 20 2 7 144
4 5 0 19 8 2 126
4 5 0 18 3 8 198
4 5 0 17 9 3 114
4 5 0 16 4 9 26
4 5 0 15 10 4 3
4 5 0 14 5 10 39
4 5 0 13 11 5 159
4 5 0 13 0 16 37
4 5 0 12 17 0 124
4 5 0 12 6 11 159
4 5 0 11 12 6 100
4 5 0 11 1 17 85
4 5 0 10 18 1 8
4 5 0 9 13 7 71
4 5 0 9 2 18 57
4 5 0 8 19 2 113
4 5 0 8 8 13 123
4 5 0 7 14 8 190
4 5 0 7 3 19 197
4 5 0 6 20 3 97
4 5 0 6 9 14 76
4 5 0 5 15 9 4
4 5 0 5 4 20 162
4 5 0 4 21 4 103
4 5 0 4 10 15 49
4 5 0 3 16 10 4
4 5 0 3 5 21 118
4 5 0 2 22 5 25
4 5 0 2 11 16 55
4 5 0 2 0 27 129
4 5 0 1 28 0 88
4 5 0 1 17 11 79
4 5 0 1 6 22 145
4 5 0 0 23 6 28
4 5 0 0 12 17 18
4 5 0 0 1 28 195
4 4 29 1 0 0 124
4 4 27 2 1 0 93
4 4 27 0 2 1 63
4 4 26 0 0 4 15
4 4 25 3 2 0 141
4 4 25 1 3 1 129
4 4 24 3 0 3 195
4 4 24 1 1 4 10
4 4 23 4 3 0 137
4 4 23 2 4 1 169
4 4 23 0 5 2 81
4 4 22 6 0 2 6
4 4 22 4 1 3 180
4 4 22 2 2 4 188
4 4 22 0 3 5 95
4 4 21 5 4 0 118
4 4 21 3 5 1 74
4 4 21 2 0 7 147
4 4 21 1 6 2 139
4 4 21 0 1 8 113
4 4 20 9 0 1 118
4 4 20 7 1 2 111
4 4 20 5 2 3 79
4 4 20 3 3 4 145
4 4 20 1 4 5 138
4 4 20 0 10 0 92
4 4 19 5 0 6 62
4 4 19 4 6 1 44
4 4 19 3 1 7 164
4 4 19 2 7 2 23
4 4 19 1 2 8 195
4 4 19 0 8 3 119
4 4 18 12 0 0 99
4 4 18 10 1 1 37
4 4 18 8 2 2 33
4 4 18 6 3 3 85
4 4 18 4 4 4 5
4 4 18 2 5 5 94
4 4 18 1 11 0 48
4 4 18 1 0 11 108
4 4 18 0 6 6 77
4 4 17 8 0 5 84
4 4 17 7 6 0 9
4 4 17 6 1 6 79
4 4 17 5 7 1 50
4 4 17 4 2 7 10
4 4 17 3 8 2 1
4 4 17 2 3 8 100
4 4 17 1 9 3 110
4 4 17 0 4 9 83
4 4 16 13 1 0 170
4 4 16 11 2 1 172
4 4 16 9 3 2 161
4 4 16 7 4 3 16
4 4 16 5 5 4 193
4 4 16 4 0 10 111
4 4 16 3 6 5 15
4 4 16 2 12 0 82
4 4 16 2 1 11 99
4 4 16 1 7 6 139
4 4 16 0 13 1 76
4 4 16 0 2 12 88
4 4 15 11 0 4 56
4 4 15 9 1 5 35
4 4 15 8 7 0 2
4 4 15 7 2 6 49
4 4 15 6 8 1 21
4 4 15 5 3 7 77
4 4 15 4 9 2 87
4 4 15 3 4 8 76
4 4 15 2 10 3 191
4 4 15 1 5 9 154
4 4 15 0 11 4 42
4 4 15 0 0 15 92
4 4 14 14 2 0 52
4 4 14 12 3 1 10
4 4 14 10 4 2 99
4 4 14 8 5 3 4
4 4 14 7 0 9 3
4 4 14 6 6 4 34
4 4 14 5 1 10 24
4 4 14 4 7 5 64
4 4 14 3 13 0 95
4 4 14 3 2 11 88
4 4 14 2 8 6 120
4 4 14 1 14 1 35
4 4 14 1 3 12 71
4 4 14 0 9 7 123
4 4 13 14 0 3 23
4 4 13 12 1 4 16
4 4 13 10 2 5 46
4 4 13 9 8 0 89
4 4 13 8 3 6 141
4 4 13 7 9 1 179
4 4 13 6 4 7 167
4 4 13 5 10 2 108
4 4 13 4 5 8 97
4 4 13 3 11 3 180
4 4 13 3 0 14 184
4 4 13 2 6 9 28
4 4 13 1 12 4 87
4 4 13 1 1 15 27
4 4 13 0 7 10 5
4 4 12 15 3 0 36
4 4 12 13 4 1 142
4 4 12 11 5 2 79
4 4 12 10 0 8 172
4 4 12 9 6 3 47
4 4 12 8 1 9 61
4 4 12 7 7 4 80
4 4 12 6 2 10 21
4 4 12 5 8 5 19
4 4 12 4 14 0 14
4 4 12 4 3 11 139
4 4 12 3 9 6 122
4 4 12 2 15 1 28
4 4 12 2 4 12 96
4 4 12 1 10 7 47
4 4 12 0 16 2 9
4 4 12 0 5 13 35
4 4 11 17 0 2 104
4 4 11 15 1 3 130
4 4 11 13 2 4 183
4 4 11 11 3 5 67
4 4 11 10 9 0 86
4 4 11 9 4 6 114
4 4 11 8 10 1 93
4 4 11 7 5 7 56
4 4 11 6 11 2 79
4 4 11 6 0 13 105
4 4 11 5 6 8 102
4 4 11 4 12 3 104
4 4 11 4 1 14 60
4 4 11 3 7 9 96
4 4 11 2 13 4 88
4 4 11 2 2 15 133
4 4 11 1 8 10 139
4 4 11 0 14 5 140
4 4 11 0 3 16 132
4 4 10 16 4 0 38
4 4 10 14 5 1 143
4 4 10 13 0 7 112
4 4 10 12 6 2 118
4 4 10 11 1 8 177
4 4 10 10 7 3 198
4 4 10 9 2 9 178
4 4 10 8 8 4 49
4 4 10 7 3 10 186
4 4 10 6 9 5 28
4 4 10 5 15 0 93
4 4 10 5 4 11 94
4 4 10 4 10 6 114
4 4 10 3 16 1 17
4 4 10 3 5 12 73
4 4 10 2 11 7 154
4 4 10 2 0 18 17
4 4 10 1 17 2 166
4 4 10 1 6 13 30
4 4 10 0 12 8 83
4 4 10 0 1 19 70
4 4 9 20 0 1 53
4 4 9 18 1 2 7
4 4 9 16 2 3 4
4 4 9 14 3 4 54
4 4 9 12 4 5 139
4 4 9 11 10 0 68
4 4 9 10 5 6 103
4 4 9 9 11 1 195
4 4 9 9 0 12 72
4 4 9 8 6 7 159
4 4 9 7 12 2 87
4 4 9 7 1 13 183
4 4 9 6 7 8 42
4 4 9 5 13 3 192
4 4 9 5 2 14 69
4 4 9 4 8 9 174
4 4 9 3 14 4 192
4 4 9 3 3 15 17
4 4 9 2 9 10 56
4 4 9 1 15 5 152
4 4 9 1 4 16 189
4 4 9 0 21 0 192
4 4 9 0 10 11 69
4 4 8 17 5 0 184
4 4 8 16 0 6 175
4 4 8 15 6 1 81
4 4 8 14 1 7 53
4 4 8 13 7 2 69
4 4 8 12 2 8 110
4 4 8 11 8 3 139
4 4 8 10 3 9 159
4 4 8 9 9 4 153
4 4 8 8 4 10 169
4 4 8 7 10 5 120
4 4 8 6 16 0 150
4 4 8 6 5 11 90
4 4 8 5 11 6 39
4 4 8 5 0 17 181
4 4 8 4 17 1 34
4 4 8 4 6 12 165
4 4 8 3 12 7 27
4 4 8 3 1 18 31
4 4 8 2 18 2 138
4 4 8 2 7 13 108
4 4 8 1 13 8 108
4 4 8 1 2 19 87
4 4 8 0 19 3 41
4 4 8 0 8 14 22
4 4 7 23 0 0 73
4 4 7 21 1 1 176
4 4 7 19 2 2 57
4 4 7 17 3 3 7
4 4 7 15 4 4 12
4 4 7 13 5 5 100
4 4 7 12 11 0 168
4 4 7 12 0 11 165
4 4 7 11 6 6 87
4 4 7 10 12 1 194
4 4 7 10 1 12 185
4 4 7 9 7 7 147
4 4 7 8 13 2 26
4 4 7 8 2 13 169
4 4 7 7 8 8 140
4 4 7 6 14 3 6
4 4 7 6 3 14 36
4 4 7 5 9 9 116
4 4 7 4 15 4 102
4 4 7 4 4 15 153
4 4 7 3 10 10 146
4 4 7 2 16 5 12
4 4 7 2 5 16 139
4 4 7 1 22 0 14
4 4 7 1 11 11 121
4 4 7 1 0 22 74
4 4 7 0 17 6 1
4 4 7 0 6 17 185
4 4 6 19 0 5 157
4 4 6 18 6 0 173
4 4 6 17 1 6 38
4 4 6 16 7 1 141
4 4 6 15 2 7 127
4 4 6 14 8 2 155
4 4 6 13 3 8 129
4 4 6 12 9 3 133
4 4 6 11 4 9 135
4 4 6 10 10 4 198
4 4 6 9 5 10 64
4 4 6 8 11 5 43
4 4 6 8 0 16 88
4 4 6 7 17 0 20
4 4 6 7 6 11 93
4 4 6 6 12 6 43
4 4 6 6 1 17 110
4 4 6 5 18 1 184
4 4 6 5 7 12 19
4 4 6 4 13 7 101
4 4 6 4 2 18 187
4 4 6 3 19 2 12
4 4 6 3 8 13 174
4 4 6 2 14 8 105
4 4 6 2 3 19 145
4 4 6 1 20 3 95
4 4 6 1 9 14 4
4 4 6 0 15 9 136
4 4 6 0 4 20 184
4 4 5 24 1 0 179
4 4 5 22 2 1 148
4 4 5 20 3 2 66
4 4 5 18 4 3 119
4 4 5 16 5 4 28
4 4 5 15 0 10 185
4 4 5 14 6 5 44
4 4 5 13 12 0 126
4 4 5 13 1 11 78
4 4 5 12 7 6 3
4 4 5 11 13 1 122
4 4 5 11 2 12 97
4 4 5 10 8 7 152
4 4 5 9 14 2 32
4 4 5 9 3 13 191
4 4 5 8 9 8 51
4 4 5 7 15 3 154
4 4 5 7 4 14 100
4 4 5 6 10 9 28
4 4 5 5 16 4 117
4 4 5 5 5 15 164
4 4 5 4 11 10 134
4 4 5 4 0 21 8
4 4 5 3 17 5 181
4 4 5 3 6 16 123
4 4 5 2 23 0 34
4 4 5 2 12 11 5
4 4 5 2 1 22 5
4 4 5 1 18 6 65
4 4 5 1 7 17 133
4 4 5 0 24 1 74
4 4 5 0 13 12 68
4 4 5 0 2 23 9
4 4 4 22 0 4 107
4 4 4 20 1 5 44
4 4 4 19 7 0 114
4 4 4 18 2 6 122
4 4 4 17 8 1 46
4 4 4 16 3 7 183
4 4 4 15 9 2 137
4 4 4 14 4 8 188
4 4 4 13 10 3 94
4 4 4 12 5 9 193
4 4 4 11 11 4 70
4 4 4 11 0 15 146
4 4 4 10 6 10 98
4 4 4 9 12 5 140
4 4 4 9 1 16 88
4 4 4 8 18 0 191
4 4 4 8 7 11 71
4 4 4 7 13 6 190
4 4 4 7 2 17 195
4 4 4 6 19 1 123
4 4 4 6 8 12 171
4 4 4 5 14 7 102
4 4 4 5 3 18 29
4 4 4 4 20 2 173
4 4 4 4 9 13 8
4 4 4 3 15 8 184
4 4 4 3 4 19 28
4 4 4 2 21 3 159
4 4 4 2 10 14 44
4 4 4 1 16 9 184
4 4 4 1 5 20 184
4 4 4 0 22 4 151
4 4 4 0 11 15 35
4 4 4 0 0 26 176
4 4 3 25 2 0 13
4 4 3 23 3 1 60
4 4 3 21 4 2 52
4 4 3 19 5 3 61
4 4 3 18 0 9 45
4 4 3 17 6 4 196
4 4 3 15 7 5 73
4 4 3 14 13 0 177
4 4 3 14 2 11 111
4 4 3 13 8 6 21
4 4 3 12 14 1 41
4 4 3 12 3 12 161
4 4 3 11 9 7 182
4 4 3 10 15 2 183
4 4 3 10 4 13 197
4 4 3 9 10 8 92
4 4 3 8 16 3 6
4 4 3 8 5 14 68
4 4 3 7 11 9 85
4 4 3 7 0 20 141
4 4 3 6 17 4 183
4 4 3 6 6 15 25
4 4 3 5 12 10 130
4 4 3 5 1 21 164
4 4 3 4 18 5 24
4 4 3 4 7 16 65
4 4 3 3 24 0 124
4 4 3 3 13 11 49
4 4 3 3 2 22 44
4 4 3 2 19 6 141
4 4 3 2 8 17 169
4 4 3 1 25 1 20
4 4 3 1 14 12 121
4 4 3 1 3 23 73
4 4 3 0 20 7 2
4 4 3 0 9 18 84
4 4 2 25 0 3 129
4 4 2 23 1 4 183
4 4 2 21 2 5 7
4 4 2 20 8 0 96
4 4 2 19 3 6 144
4 4 2 18 9 1 198
4 4 2 17 4 7 81
4 4 2 16 10 2 102
4 4 2 15 5 8 140
4 4 2 14 11 3 195
4 4 2 14 0 14 97
4 4 2 13 6 9 136
4 4 2 12 12 4 132
4 4 2 12 1 15 82
4 4 2 11 7 10 195
4 4 2 10 13 5 57
4 4 2 10 2 16 73
4 4 2 9 19 0 139
4 4 2 9 8 11 193
4 4 2 8 14 6 190
4 4 2 8 3 17 144
4 4 2 7 20 1 39
4 4 2 7 9 12 107
4 4 2 6 15 7 146
4 4 2 6 4 18 51
4 4 2 5 21 2 170
4 4 2 5 10 13 170
4 4 2 4 16 8 20
4 4 2 4 5 19 86
4 4 2 3 22 3 31
4 4 2 3 11 14 98
4 4 2 3 0 25 172
4 4 2 2 17 9 167
4 4 2 2 6 20 154
4 4 2 1 23 4 21
4 4 2 1 12 15 85
4 4 2 1 1 26 149
4 4 2 0 18 10 124
4 4 2 0 7 21 163
4 4 1 26 3 0 22
4 4 1 24 4 1 137
4 4 1 22 5 2 130
4 4 1 21 0 8 126
4 4 1 20 6 3 157
4 4 1 19 1 9 107
4 4 1 18 7 4 135
4 4 1 17 2 10 150
4 4 1 16 8 5 8
4 4 1 15 14 0 15
4 4 1 15 3 11 73
4 4 1 14 9 6 190
4 4 1 13 15 1 186
4 4 1 13 4 12 45
4 4 1 12 10 7 40
4 4 1 11 16 2 92
4 4 1 11 5 13 162
4 4 1 10 11 8 166
4 4 1 10 0 19 47
4 4 1 9 17 3 120
4 4 1 9 6 14 77
4 4 1 8 12 9 47
4 4 1 8 1 20 117
4 4 1 7 18 4 163
4 4 1 7 7 15 42
4 4 1 6 13 10 122
4 4 1 6 2 21 1
4 4 1 5 19 5 111
4 4 1 5 8 16 133
4 4 1 4 25 0 145
4 4 1 4 14 11 58
4 4 1 4 3 22 136
4 4 1 3 20 6 171
4 4 1 3 9 17 72
4 4 1 2 26 1 144
4 4 1 2 15 12 76
4 4 1 2 4 23 173
4 4 1 1 21 7 179
4 4 1 1 10 18 128
4 4 1 0 27 2 76
4 4 1 0 16 13 42
4 4 1 0 5 24 56
4 4 0 28 0 2 165
4 4 0 26 1 3 49
4 4 0 24 2 4 11
4 4 0 22 3 5 196
4 4 0 21 9 0 102
4 4 0 20 4 6 126
4 4 0 19 10 1 157
4 4 0 18 5 7 29
4 4 0 17 0 13 17
4 4 0 16 6 8 138
4 4 0 15 12 3 179
4 4 0 15 1 14 109
4 4 0 14 7 9 96
4 4 0 13 13 4 135
4 4 0 13 2 15 84
4 4 0 12 8 10 20
4 4 0 11 14 5 70
4 4 0 11 3 16 184
4 4 0 10 20 0 191
4 4 0 10 9 11 82
4 4 0 9 15 6 99
4 4 0 9 4 17 147
4 4 0 8 21 1 77
4 4 0 8 10 12 122
4 4 0 7 16 7 94
4 4 0 7 5 18 2
4 4 0 6 22 2 35
4 4 0 6 11 13 65
4 4 0 6 0 24 11
4 4 0 5 17 8 133
4 4 0 5 6 19 10
4 4 0 4 23 3 49
4 4 0 4 12 14 7
4 4 0 4 1 25 120
4 4 0 3 18 9 50
4 4 0 3 7 20 118
4 4 0 2 24 4 1
4 4 0 2 13 15 186
4 4 0 2 2 26 166
4 4 0 1 19 10 164
4 4 0 1 8 21 197
4 4 0 0 25 5 171
4 4 0 0 14 16 77
4 4 0 0 3 27 183
4 3 28 1 0 2 73
4 3 27 0 4 0 76
4 3 26 4 0 1 118
4 3 26 2 1 2 7
4 3 26 0 2 3 119
4 3 25 1 5 0 19
4 3 25 0 0 6 9
4 3 24 7 0 0 32
4 3 24 5 1 1 108
4 3 24 3 2 2 100
4 3 24 1 3 3 34
4 3 23 3 0 5 30
4 3 23 2 6 0 74
4 3 23 1 1 6 174
4 3 23 0 7 1 171
4 3 22 8 1 0 26
4 3 22 6 2 1 117
4 3 22 4 3 2 84
4 3 22 2 4 3 161
4 3 22 0 5 4 14
4 3 21 6 0 4 14
4 3 21 4 1 5 84
4 3 21 3 7 0 50
4 3 21 2 2 6 148
4 3 21 1 8 1 53
4 3 21 0 3 7 186
4 3 20 9 2 0 64
4 3 20 7 3 1 152
4 3 20 5 4 2 190
4 3 20 3 5 3 58
4 3 20 2 0 9 165
4 3 20 1 6 4 63
4 3 20 0 1 10 5
4 3 19 9 0 3 62
4 3 19 7 1 4 144
4 3 19 5 2 5 24
4 3 19 4 8 0 176
4 3 19 3 3 6 25
4 3 19 2 9 1 43
4 3 19 1 4 7 147
4 3 19 0 10 2 193
4 3 18 10 3 0 48
4 3 18 8 4 1 10
4 3 18 6 5 2 61
4 3 18 5 0 8 28
4 3 18 4 6 3 12
4 3 18 3 1 9 158
4 3 18 2 7 4 168
4 3 18 1 2 10 130
4 3 18 0 8 5 111
4 3 17 12 0 2 31
4 3 17 10 1 3 156
4 3 17 8 2 4 145
4 3 17 6 3 5 162
4 3 17 5 9 0 78
4 3 17 4 4 6 51
4 3 17 3 10 1 98
4 3 17 2 5 7 4
4 3 17 1 11 2 61
4 3 17 1 0 13 26
4 3 17 0 6 8 168
4 3 16 11 4 0 131
4 3 16 9 5 1 121
4 3 16 8 0 7 81
4 3 16 7 6 2 123
4 3 16 6 1 8 28
4 3 16 5 7 3 37
4 3 16 4 2 9 158
4 3 16 3 8 4 68
4 3 16 2 3 10 65
4 3 16 1 9 5 188
4 3 16 0 15 0 42
4 3 16 0 4 11 39
4 3 15 15 0 1 22
4 3 15 13 1 2 23
4 3 15 11 2 3 91
4 3 15 9 3 4 116
4 3 15 7 4 5 182
4 3 15 6 10 0 194
4 3 15 5 5 6 191
4 3 15 4 11 1 5
4 3 15 4 0 12 43
4 3 15 3 6 7 49
4 3 15 2 12 2 30
4 3 15 2 1 13 28
4 3 15 1 7 8 114
4 3 15 0 13 3 146
4 3 15 0 2 14 96
4 3 14 12 5 0 3
4 3 14 11 0 6 130
4 3 14 10 6 1 174
4 3 14 9 1 7 158
4 3 14 8 7 2 23
4 3 14 7 2 8 192
4 3 14 6 8 3 178
4 3 14 5 3 9 178
4 3 14 4 9 4 72
4 3 14 3 4 10 144
4 3 14 2 10 5 101
4 3 14 1 16 0 164
4 3 14 1 5 11 175
4 3 14 0 11 6 52
4 3 14 0 0 17 163
4 3 13 18 0 0 167
4 3 13 16 1 1 56
4 3 13 14 2 2 125
4 3 13 12 3 3 67
4 3 13 10 4 4 197
4 3 13 8 5 5 82
4 3 13 7 11 0 24
4 3 13 7 0 11 55
4 3 13 6 6 6 115
4 3 13 5 12 1 8
4 3 13 5 1 12 129
4 3 13 4 7 7 34
4 3 13 3 13 2 118
4 3 13 3 2 13 158
4 3 13 2 8 8 195
4 3 13 1 14 3 177
4 3 13 1 3 14 80
4 3 13 0 9 9 112
4 3 12 14 0 5 143
4 3 12 13 6 0 18
4 3 12 12 1 6 104
4 3 12 11 7 1 117
4 3 12 10 2 7 160
4 3 12 9 8 2 70
4 3 12 8 3 8 101
4 3 12 7 9 3 148
4 3 12 6 4 9 75
4 3 12 5 10 4 194
4 3 12 4 5 10 19
4 3 12 3 11 5 92
4 3 12 3 0 16 140
4 3 12 2 17 0 27
4 3 12 2 6 11 141
4 3 12 1 12 6 4
4 3 12 1 1 17 47
4 3 12 0 18 1 29
4 3 12 0 7 12 117
4 3 11 19 1 0 90
4 3 11 17 2 1 160
4 3 11 15 3 2 65
4 3 11 13 4 3 11
4 3 11 11 5 4 69
4 3 11 10 0 10 11
4 3 11 9 6 5 78
4 3 11 8 12 0 53
4 3 11 8 1 11 175
4 3 11 7 7 6 172
4 3 11 6 13 1 192
4 3 11 6 2 12 65
4 3 11 5 8 7 73
4 3 11 4 14 2 103
4 3 11 4 3 13 28
4 3 11 3 9 8 105
4 3 11 2 15 3 109
4 3 11 2 4 14 149
4 3 11 1 10 9 28
4 3 11 0 16 4 188
4 3 11 0 5 15 159
4 3 10 17 0 4 121
4 3 10 15 1 5 38
4 3 10 14 7 0 135
4 3 10 13 2 6 145
4 3 10 12 8 1 66
4 3 10 11 3 7 21
4 3 10 10 9 2 111
4 3 10 9 4 8 150
4 3 10 8 10 3 40
4 3 10 7 5 9 195
4 3 10 6 11 4 146
4 3 10 6 0 15 86
4 3 10 5 6 10 14
4 3 10 4 12 5 194
4 3 10 4 1 16 144
4 3 10 3 18 0 20
4 3 10 3 7 11 161
4 3 10 2 13 6 68
4 3 10 2 2 17 95
4 3 10 1 19 1 31
4 3 10 1 8 12 10
4 3 10 0 14 7 90
4 3 10 0 3 18 124
4 3 9 20 2 0 4
4 3 9 18 3 1 22
4 3 9 16 4 2 77
4 3 9 14 5 3 85
4 3 9 13 0 9 155
4 3 9 12 6 4 147
4 3 9 11 1 10 70
4 3 9 10 7 5 25
4 3 9 9 13 0 86
4 3 9 9 2 11 168
4 3 9 8 8 6 9
4 3 9 7 14 1 156
4 3 9 7 3 12 133
4 3 9 6 9 7 9
4 3 9 5 15 2 5
4 3 9 5 4 13 161
4 3 9 4 10 8 47
4 3 9 3 16 3 74
4 3 9 3 5 14 5
4 3 9 2 11 9 26
4 3 9 2 0 20 70
4 3 9 1 17 4 107
4 3 9 1 6 15 56
4 3 9 0 12 10 84
4 3 9 0 1 21 132
4 3 8 20 0 3 76
4 3 8 18 1 4 150
4 3 8 16 2 5 84
4 3 8 15 8 0 157
4 3 8 14 3 6 130
4 3 8 13 9 1 28
4 3 8 12 4 7 7
4 3 8 11 10 2 166
4 3 8 10 5 8 65
4 3 8 9 11 3 134
4 3 8 9 0 14 127
4 3 8 8 6 9 197
4 3 8 7 12 4 12
4 3 8 7 1 15 174
4 3 8 6 7 10 27
4 3 8 5 13 5 107
4 3 8 5 2 16 77
4 3 8 4 19 0 144
4 3 8 4 8 11 73
4 3 8 3 14 6 147
4 3 8 3 3 17 121
4 3 8 2 20 1 64
4 3 8 2 9 12 7
4 3 8 1 15 7 76
4 3 8 1 4 18 32
4 3 8 0 21 2 185
4 3 8 0 10 13 155
4 3 7 21 3 0 157
4 3 7 19 4 1 125
4 3 7 17 5 2 188
4 3 7 16 0 8 185
4 3 7 15 6 3 14
4 3 7 14 1 9 66
4 3 7 13 7 4 129
4 3 7 12 2 10 37
4 3 7 11 8 5 43
4 3 7 10 14 0 161
4 3 7 10 3 11 83
4 3 7 9 9 6 9
4 3 7 8 15 1 150
4 3 7 8 4 12 178
4 3 7 7 10 7 137
4 3 7 6 16 2 111
4 3 7 6 5 13 135
4 3 7 5 11 8 183
4 3 7 5 0 19 144
4 3 7 4 17 3 66
4 3 7 4 6 14 153
4 3 7 3 12 9 108
4 3 7 3 1 20 87
4 3 7 2 18 4 61
4 3 7 2 7 15 142
4 3 7 1 13 10 27
4 3 7 1 2 21 21
4 3 7 0 19 5 103
4 3 7 0 8 16 154
4 3 6 23 0 2 3
4 3 6 21 1 3 109
4 3 6 19 2 4 26
4 3 6 17 3 5 48
4 3 6 16 9 0 136
4 3 6 15 4 6 103
4 3 6 14 10 1 8
4 3 6 13 5 7 197
4 3 6 12 11 2 38
4 3 6 12 0 13 136
4 3 6 11 6 8 32
4 3 6 10 12 3 158
4 3 6 10 1 14 146
4 3 6 9 7 9 56
4 3 6 8 13 4 161
4 3 6 8 2 15 128
4 3 6 7 8 10 78
4 3 6 6 14 5 36
4 3 6 6 3 16 142
4 3 6 5 20 0 82
4 3 6 5 9 11 33
4 3 6 4 15 6 103
4 3 6 4 4 17 161
4 3 6 3 21 1 147
4 3 6 3 10 12 99
4 3 6 2 16 7 135
4 3 6 2 5 18 8
4 3 6 1 22 2 73
4 3 6 1 11 13 69
4 3 6 1 0 24 33
4 3 6 0 17 8 7
4 3 6 0 6 19 66
4 3 5 22 4 0 161
4 3 5 20 5 1 110
4 3 5 19 0 7 151
4 3 5 18 6 2 93
4 3 5 17 1 8 83
4 3 5 16 7 3 1
4 3 5 15 2 9 198
4 3 5 14 8 4 176
4 3 5 13 3 10 141
4 3 5 12 9 5 75
4 3 5 11 15 0 86
4 3 5 11 4 11 117
4 3 5 10 10 6 36
4 3 5 9 16 1 12
4 3 5 9 5 12 44
4 3 5 8 11 7 23
4 3 5 8 0 18 101
4 3 5 7 17 2 122
4 3 5 7 6 13 196
4 3 5 6 12 8 99
4 3 5 6 1 19 75
4 3 5 5 18 3 35
4 3 5 5 7 14 137
4 3 5 4 13 9 27
4 3 5 4 2 20 177
4 3 5 3 19 4 25
4 3 5 3 8 15 178
4 3 5 2 14 10 169
4 3 5 2 3 21 193
4 3 5 1 20 5 103
4 3 5 1 9 16 63
4 3 5 0 26 0 187
4 3 5 0 15 11 172
4 3 5 0 4 22 119
4 3 4 26 0 1 127
4 3 4 24 1 2 63
4 3 4 22 2 3 17
4 3 4 20 3 4 174
4 3 4 18 4 5 151
4 3 4 17 10 0 54
4 3 4 16 5 6 17
4 3 4 15 11 1 62
4 3 4 15 0 12 182
4 3 4 14 6 7 14
4 3 4 13 12 2 72
4 3 4 13 1 13 128
4 3 4 12 7 8 180
4 3 4 11 13 3 2
4 3 4 11 2 14 118
4 3 4 10 8 9 190
4 3 4 9 14 4 136
4 3 4 9 3 15 107
4 3 4 8 9 10 93
4 3 4 7 15 5 103
4 3 4 7 4 16 75
4 3 4 6 21 0 36
4 3 4 6 10 11 47
4 3 4 5 16 6 37
4 3 4 5 5 17 161
4 3 4 4 22 1 114
4 3 4 4 11 12 66
4 3 4 4 0 23 105
4 3 4 3 17 7 164
4 3 4 3 6 18 43
4 3 4 2 23 2 123
4 3 4 2 12 13 11
4 3 4 2 1 24 162
4 3 4 1 18 8 177
4 3 4 1 7 19 93
4 3 4 0 24 3 21
4 3 4 0 13 14 149
4 3 4 0 2 25 96
4 3 3 23 5 0 193
4 3 3 22 0 6 71
4 3 3 21 6 1 137
4 3 3 20 1 7 61
4 3 3 19 7 2 37
4 3 3 18 2 8 76
4 3 3 17 8 3 99
4 3 3 16 3 9 176
4 3 3 15 9 4 74
4 3 3 14 4 10 196
4 3 3 13 10 5 1
4 3 3 12 16 0 114
4 3 3 12 5 11 159
4 3 3 11 11 6 33
4 3 3 11 0 17 89
4 3 3 10 17 1 74
4 3 3 10 6 12 162
4 3 3 9 12 7 54
4 3 3 9 1 18 36
4 3 3 8 18 2 188
4 3 3 8 7 13 145
4 3 3 7 13 8 142
4 3 3 7 2 19 58
4 3 3 6 19 3 97
4 3 3 6 8 14 9
4 3 3 5 14 9 114
4 3 3 5 3 20 124
4 3 3 4 20 4 20
4 3 3 4 9 15 103
4 3 3 3 15 10 149
4 3 3 3 4 21 151
4 3 3 2 21 5 186
4 3 3 2 10 16 100
4 3 3 1 27 0 128
4 3 3 1 16 11 180
4 3 3 1 5 22 151
4 3 3 0 22 6 178
4 3 3 0 11 17 1
4 3 3 0 0 28 79
4 3 2 29 0 0 56
4 3 2 27 1 1 49
4 3 2 25 2 2 188
4 3 2 23 3 3 164
4 3 2 21 4 4 35
4 3 2 19 5 5 120
4 3 2 18 11 0 35
4 3 2 18 0 11 182
4 3 2 17 6 6 57
4 3 2 16 12 1 173
4 3 2 16 1 12 4
4 3 2 15 7 7 62
4 3 2 14 13 2 40
4 3 2 14 2 13 120
4 3 2 13 8 8 61
4 3 2 12 14 3 41
4 3 2 12 3 14 74
4 3 2 11 9 9 7
4 3 2 10 15 4 51
4 3 2 10 4 15 83
4 3 2 9 10 10 116
4 3 2 8 16 5 68
4 3 2 8 5 16 58
4 3 2 7 22 0 122
4 3 2 7 11 11 4
4 3 2 7 0 22 129
4 3 2 6 17 6 167
4 3 2 6 6 17 135
4 3 2 5 23 1 48
4 3 2 5 12 12 178
4 3 2 5 1 23 147
4 3 2 4 18 7 7
4 3 2 4 7 18 76
4 3 2 3 24 2 46
4 3 2 3 13 13 77
4 3 2 3 2 24 126
4 3 2 2 19 8 123
4 3 2 2 8 19 175
4 3 2 1 25 3 154
4 3 2 1 14 14 77
4 3 2 1 3 25 132
4 3 2 0 20 9 54
4 3 2 0 9 20 189
4 3 1 25 0 5 81
4 3 1 24 6 0 17
4 3 1 23 1 6 188
4 3 1 22 7 1 77
4 3 1 21 2 7 33
4 3 1 20 8 2 181
4 3 1 19 3 8 27
4 3 1 18 9 3 76
4 3 1 17 4 9 187
4 3 1 16 10 4 35
4 3 1 15 5 10 195
4 3 1 14 11 5 153
4 3 1 14 0 16 23
4 3 1 13 17 0 63
4 3 1 13 6 11 48
4 3 1 12 12 6 80
4 3 1 12 1 17 36
4 3 1 11 18 1 163
4 3 1 11 7 12 142
4 3 1 10 13 7 27
4 3 1 10 2 18 37
4 3 1 9 19 2 51
4 3 1 9 8 13 115
4 3 1 8 14 8 59
4 3 1 8 3 19 70
4 3 1 7 20 3 35
4 3 1 7 9 14 151
4 3 1 6 15 9 2
4 3 1 6 4 20 3
4 3 1 5 21 4 185
4 3 1 5 10 15 190
4 3 1 4 16 10 128
4 3 1 4 5 21 179
4 3 1 3 22 5 59
4 3 1 3 11 16 174
4 3 1 3 0 27 70
4 3 1 2 28 0 107
4 3 1 2 17 11 78
4 3 1 2 6 22 89
4 3 1 1 23 6 157
4 3 1 1 12 17 59
4 3 1 1 1 28 18
4 3 1 0 29 1 104
4 3 1 0 18 12 36
4 3 1 0 7 23 5
4 3 0 30 1 0 174
4 3 0 28 2 1 1
4 3 0 26 3 2 115
4 3 0 24 4 3 54
4 3 0 22 5 4 125
4 3 0 21 0 10 167
4 3 0 20 6 5 126
4 3 0 19 12 0 163
4 3 0 19 1 11 29
4 3 0 18 7 6 114
4 3 0 17 13 1 116
4 3 0 17 2 12 196
4 3 0 16 8 7 95
4 3 0 15 14 2 191
4 3 0 15 3 13 143
4 3 0 14 9 8 73
4 3 0 13 15 3 95
4 3 0 13 4 14 35
4 3 0 12 10 9 152
4 3 0 11 16 4 61
4 3 0 11 5 15 165
4 3 0 10 11 10 198
4 3 0 10 0 21 70
4 3 0 9 17 5 21
4 3 0 9 6 16 166
4 3 0 8 23 0 169
4 3 0 8 12 11 166
4 3 0 8 1 22 180
4 3 0 7 18 6 92
4 3 0 7 7 17 171
4 3 0 6 24 1 16
4 3 0 6 13 12 73
4 3 0 6 2 23 147
4 3 0 5 19 7 50
4 3 0 5 8 18 33
4 3 0 4 25 2 72
4 3 0 4 14 13 104
4 3 0 4 3 24 53
4 3 0 3 20 8 86
4 3 0 3 9 19 40
4 3 0 2 26 3 3
4 3 0 2 15 14 36
4 3 0 2 4 25 57
4 3 0 1 21 9 167
4 3 0 1 10 20 10
4 3 0 0 27 4 136
4 3 0 0 16 15 183
4 3 0 0 5 26 136
4 2 30 2 0 0 62
4 2 30 0 1 1 38
4 2 28 3 1 0 116
4 2 28 1 2 1 17
4 2 27 1 0 4 82
4 2 26 4 2 0 56
4 2 26 2 3 1 67
4 2 26 0 4 2 198
4 2 25 4 0 3 122
4 2 25 2 1 4 39
4 2 25 0 2 5 163
4 2 24 5 3 0 137
4 2 24 3 4 1 154
4 2 24 1 5 2 184
4 2 24 0 0 8 131
4 2 23 7 0 2 196
4 2 23 5 1 3 42
4 2 23 1 3 5 41
4 2 23 0 9 0 135
4 2 22 6 4 0 155
4 2 22 4 5 1 136
4 2 22 3 0 7 175
4 2 22 2 6 2 69
4 2 22 1 1 8 161
4 2 22 0 7 3 21
4 2 21 10 0 1 26
4 2 21 8 1 2 32
4 2 21 6 2 3 88
4 2 21 4 3 4 117
4 2 21 2 4 5 166
4 2 21 1 10 0 94
4 2 21 0 5 6 36
4 2 20 7 5 0 99
4 2 20 6 0 6 161
4 2 20 5 6 1 65
4 2 20 4 1 7 13
4 2 20 3 7 2 140
4 2 20 2 2 8 42
4 2 20 1 8 3 120
4 2 20 0 3 9 77
4 2 19 13 0 0 193
4 2 19 11 1 1 79
4 2 19 9 2 2 9
4 2 19 7 3 3 80
4 2 19 5 4 4 43
4 2 19 3 5 5 40
4 2 19 2 11 0 130
4 2 19 2 0 11 192
4 2 19 1 6 6 88
4 2 19 0 12 1 48
4 2 19 0 1 12 189
4 2 18 9 0 5 40
4 2 18 8 6 0 49
4 2 18 7 1 6 67
4 2 18 6 7 1 186
4 2 18 5 2 7 156
4 2 18 4 8 2 164
4 2 18 3 3 8 194
4 2 18 2 9 3 61
4 2 18 1 4 9 10
4 2 18 0 10 4 76
4 2 17 14 1 0 168
4 2 17 12 2 1 14
4 2 17 10 3 2 177
4 2 17 8 4 3 176
4 2 17 6 5 4 61
4 2 17 5 0 10 134
4 2 17 4 6 5 116
4 2 17 3 12 0 69
4 2 17 3 1 11 166
4 2 17 2 7 6 181
4 2 17 1 13 1 116
4 2 17 1 2 12 17
4 2 17 0 8 7 86
4 2 16 12 0 4 157
4 2 16 10 1 5 125
4 2 16 9 7 0 93
4 2 16 8 2 6 25
4 2 16 7 8 1 30
4 2 16 6 3 7 114
4 2 16 5 9 2 107
4 2 16 4 4 8 111
4 2 16 3 10 3 189
4 2 16 2 5 9 27
4 2 16 1 11 4 168
4 2 16 1 0 15 176
4 2 16 0 6 10 7
4 2 15 15 2 0 43
4 2 15 13 3 1 31
4 2 15 11 4 2 156
4 2 15 9 5 3 35
4 2 15 8 0 9 125
4 2 15 7 6 4 46
4 2 15 6 1 10 155
4 2 15 5 7 5 156
4 2 15 4 13 0 139
4 2 15 4 2 11 75
4 2 15 3 8 6 159
4 2 15 2 14 1 109
4 2 15 2 3 12 104
4 2 15 1 9 7 190
4 2 15 0 15 2 83
4 2 15 0 4 13 51
4 2 14 15 0 3 185
4 2 14 13 1 4 43
4 2 14 11 2 5 42
4 2 14 10 8 0 73
4 2 14 9 3 6 72
4 2 14 8 9 1 39
4 2 14 7 4 7 108
4 2 14 6 10 2 193
4 2 14 5 5 8 151
4 2 14 4 11 3 102
4 2 14 4 0 14 41
4 2 14 3 6 9 118
4 2 14 2 12 4 180
4 2 14 2 1 15 76
4 2 14 1 7 10 108
4 2 14 0 13 5 126
4 2 14 0 2 16 52
4 2 13 16 3 0 29
4 2 13 14 4 1 188
4 2 13 12 5 2 83
4 2 13 11 0 8 18
4 2 13 10 6 3 98
4 2 13 9 1 9 7
4 2 13 8 7 4 166
4 2 13 7 2 10 144
4 2 13 6 8 5 98
4 2 13 5 14 0 125
4 2 13 5 3 11 195
4 2 13 4 9 6 26
4 2 13 3 15 1 88
4 2 13 3 4 12 112
4 2 13 2 10 7 100
4 2 13 1 16 2 20
4 2 13 1 5 13 176
4 2 13 0 11 8 39
4 2 13 0 0 19 47
4 2 12 18 0 2 81
4 2 12 16 1 3 138
4 2 12 14 2 4 110
4 2 12 12 3 5 174
4 2 12 11 9 0 108
4 2 12 10 4 6 178
4 2 12 9 10 1 4
4 2 12 8 5 7 132
4 2 12 7 11 2 121
4 2 12 7 0 13 6
4 2 12 6 6 8 43
4 2 12 5 12 3 70
4 2 12 5 1 14 34
4 2 12 4 7 9 30
4 2 12 3 13 4 122
4 2 12 3 2 15 73
4 2 12 2 8 10 91
4 2 12 1 14 5 111
4 2 12 1 3 16 134
4 2 12 0 20 0 146
4 2 12 0 9 11 122
4 2 11 17 4 0 161
4 2 11 15 5 1 165
4 2 11 14 0 7 135
4 2 11 13 6 2 64
4 2 11 12 1 8 66
4 2 11 11 7 3 71
4 2 11 10 2 9 97
4 2 11 9 8 4 168
4 2 11 8 3 10 77
4 2 11 7 9 5 52
4 2 11 6 15 0 149
4 2 11 6 4 11 58
4 2 11 5 10 6 133
4 2 11 4 16 1 197
4 2 11 4 5 12 141
4 2 11 3 11 7 171
4 2 11 3 0 18 131
4 2 11 2 17 2 76
4 2 11 2 6 13 141
4 2 11 1 12 8 105
4 2 11 1 1 19 180
4 2 11 0 18 3 82
4 2 11 0 7 14 158
4 2 10 21 0 1 58
4 2 10 19 1 2 129
4 2 10 17 2 3 20
4 2 10 15 3 4 42
4 2 10 13 4 5 89
4 2 10 12 10 0 170
4 2 10 11 5 6 147
4 2 10 10 11 1 184
4 2 10 10 0 12 37
4 2 10 9 6 7 21
4 2 10 8 12 2 69
4 2 10 8 1 13 158
4 2 10 7 7 8 117
4 2 10 6 13 3 98
4 2 10 6 2 14 122
4 2 10 5 8 9 178
4 2 10 4 14 4 163
4 2 10 4 3 15 51
4 2 10 3 9 10 194
4 2 10 2 15 5 22
4 2 10 2 4 16 108
4 2 10 1 21 0 17
4 2 10 1 10 11 1
4 2 10 0 16 6 143
4 2 10 0 5 17 56
4 2 9 18 5 0 170
4 2 9 17 0 6 53
4 2 9 16 6 1 160
4 2 9 15 1 7 155
4 2 9 14 7 2 159
4 2 9 13 2 8 107
4 2 9 12 8 3 87
4 2 9 11 3 9 18
4 2 9 10 9 4 152
4 2 9 9 4 10 106
4 2 9 8 10 5 79
4 2 9 7 16 0 131
4 2 9 7 5 11 90
4 2 9 6 11 6 86
4 2 9 6 0 17 123
4 2 9 5 17 1 178
4 2 9 5 6 12 1
4 2 9 4 12 7 28
4 2 9 4 1 18 119
4 2 9 3 18 2 41
4 2 9 3 7 13 188
4 2 9 2 13 8 132
4 2 9 2 2 19 118
4 2 9 1 19 3 127
4 2 9 1 8 14 185
4 2 9 0 14 9 181
4 2 9 0 3 20 185
4 2 8 24 0 0 58
4 2 8 22 1 1 160
4 2 8 20 2 2 105
4 2 8 18 3 3 41
4 2 8 16 4 4 158
4 2 8 14 5 5 188
4 2 8 13 11 0 132
4 2 8 13 0 11 66
4 2 8 12 6 6 192
4 2 8 11 12 1 167
4 2 8 11 1 12 3
4 2 8 10 7 7 65
4 2 8 9 13 2 51
4 2 8 9 2 13 68
4 2 8 8 8 8 149
4 2 8 7 14 3 54
4 2 8 7 3 14 186
4 2 8 6 9 9 159
4 2 8 5 15 4 24
4 2 8 5 4 15 13
4 2 8 4 10 10 18
4 2 8 3 16 5 67
4 2 8 3 5 16 117
4 2 8 2 22 0 5
4 2 8 2 11 11 115
4 2 8 2 0 22 107
4 2 8 1 17 6 116
4 2 8 1 6 17 56
4 2 8 0 23 1 168
4 2 8 0 12 12 92
4 2 8 0 1 23 128
4 2 7 20 0 5 185
4 2 7 19 6 0 67
4 2 7 18 1 6 9
4 2 7 17 7 1 187
4 2 7 16 2 7 89
4 2 7 15 8 2 4
4 2 7 14 3 8 38
4 2 7 13 9 3 113
4 2 7 12 4 9 67
4 2 7 11 10 4 45
4 2 7 10 5 10 90
4 2 7 9 11 5 35
4 2 7 9 0 16 106
4 2 7 8 17 0 9
4 2 7 8 6 11 152
4 2 7 7 12 6 3
4 2 7 7 1 17 174
4 2 7 6 18 1 143
4 2 7 6 7 12 97
4 2 7 5 13 7 25
4 2 7 5 2 18 28
4 2 7 4 19 2 3
4 2 7 4 8 13 32
4 2 7 3 14 8 60
4 2 7 3 3 19 2
4 2 7 2 20 3 114
4 2 7 2 9 14 42
4 2 7 1 4 20 78
4 2 7 0 21 4 154
4 2 7 0 10 15 153
4 2 6 25 1 0 121
4 2 6 23 2 1 61
4 2 6 21 3 2 25
4 2 6 19 4 3 98
4 2 6 17 5 4 156
4 2 6 16 0 10 148
4 2 6 15 6 5 110
4 2 6 14 12 0 81
4 2 6 14 1 11 85
4 2 6 13 7 6 26
4 2 6 12 13 1 51
4 2 6 12 2 12 15
4 2 6 11 8 7 32
4 2 6 10 14 2 5
4 2 6 10 3 13 195
4 2 6 9 9 8 41
4 2 6 8 15 3 29
4 2 6 8 4 14 37
4 2 6 7 10 9 12
4 2 6 6 16 4 159
4 2 6 6 5 15 148
4 2 6 5 11 10 158
4 2 6 5 0 21 21
4 2 6 4 17 5 175
4 2 6 4 6 16 138
4 2 6 3 23 0 118
4 2 6 3 12 11 19
4 2 6 3 1 22 59
4 2 6 2 18 6 115
4 2 6 2 7 17 110
4 2 6 1 24 1 128
4 2 6 1 13 12 61
4 2 6 1 2 23 142
4 2 6 0 19 7 38
4 2 6 0 8 18 6
4 2 5 23 0 4 7
4 2 5 21 1 5 32
4 2 5 20 7 0 48
4 2 5 19 2 6 78
4 2 5 18 8 1 81
4 2 5 17 3 7 99
4 2 5 16 9 2 88
4 2 5 15 4 8 118
4 2 5 14 10 3 157
4 2 5 13 5 9 7
4 2 5 12 11 4 165
4 2 5 12 0 15 119
4 2 5 11 6 10 115
4 2 5 10 12 5 197
4 2 5 10 1 16 103
4 2 5 9 18 0 37
4 2 5 9 7 11 156
4 2 5 8 13 6 96
4 2 5 8 2 17 94
4 2 5 7 19 1 76
4 2 5 7 8 12 129
4 2 5 6 14 7 184
4 2 5 6 3 18 96
4 2 5 5 20 2 95
4 2 5 5 9 13 170
4 2 5 4 15 8 105
4 2 5 4 4 19 189
4 2 5 3 21 3 168
4 2 5 3 10 14 87
4 2 5 2 16 9 189
4 2 5 2 5 20 100
4 2 5 1 22 4 60
4 2 5 1 11 15 27
4 2 5 1 0 26 191
4 2 5 0 17 10 17
4 2 5 0 6 21 178
4 2 4 26 2 0 197
4 2 4 24 3 1 139
4 2 4 22 4 2 4
4 2 4 20 5 3 141
4 2 4 19 0 9 107
4 2 4 18 6 4 16
4 2 4 17 1 10 40
4 2 4 16 7 5 178
4 2 4 15 13 0 45
4 2 4 15 2 11 7
4 2 4 14 8 6 30
4 2 4 13 14 1 115
4 2 4 13 3 12 120
4 2 4 12 9 7 90
4 2 4 11 15 2 10
4 2 4 11 4 13 56
4 2 4 10 10 8 42
4 2 4 9 16 3 187
4 2 4 9 5 14 38
4 2 4 8 11 9 60
4 2 4 8 0 20 33
4 2 4 7 17 4 143
4 2 4 7 6 15 52
4 2 4 6 12 10 151
4 2 4 6 1 21 118
4 2 4 5 18 5 48
4 2 4 5 7 16 67
4 2 4 4 24 0 128
4 2 4 4 13 11 6
4 2 4 4 2 22 46
4 2 4 3 19 6 51
4 2 4 2 25 1 68
4 2 4 2 14 12 43
4 2 4 2 3 23 125
4 2 4 1 9 18 187
4 2 4 0 26 2 184
4 2 4 0 15 13 5
4 2 4 0 4 24 144
4 2 3 26 0 3 168
4 2 3 24 1 4 90
4 2 3 22 2 5 48
4 2 3 21 8 0 132
4 2 3 20 3 6 169
4 2 3 19 9 1 192
4 2 3 18 4 7 61
4 2 3 17 10 2 74
4 2 3 16 5 8 142
4 2 3 15 11 3 171
4 2 3 15 0 14 176
4 2 3 14 6 9 124
4 2 3 13 12 4 47
4 2 3 13 1 15 135
4 2 3 12 7 10 68
4 2 3 11 13 5 6
4 2 3 11 2 16 80
4 2 3 10 19 0 162
4 2 3 10 8 11 1
4 2 3 9 14 6 104
4 2 3 9 3 17 42
4 2 3 8 20 1 58
4 2 3 8 9 12 3
4 2 3 7 15 7 191
4 2 3 7 4 18 198
4 2 3 6 21 2 35
4 2 3 6 10 13 13
4 2 3 5 16 8 159
4 2 3 5 5 19 100
4 2 3 4 22 3 177
4 2 3 4 11 14 148
4 2 3 4 0 25 58
4 2 3 3 17 9 129
4 2 3 3 6 20 65
4 2 3 2 23 4 12
4 2 3 2 12 15 15
4 2 3 2 1 26 88
4 2 3 1 18 10 70
4 2 3 1 7 21 15
4 2 3 0 24 5 80
4 2 3 0 13 16 34
4 2 3 0 2 27 180
4 2 2 27 3 0 177
4 2 2 25 4 1 44
4 2 2 23 5 2 191
4 2 2 22 0 8 155
4 2 2 21 6 3 99
4 2 2 20 1 9 44
4 2 2 19 7 4 173
4 2 2 18 2 10 130
4 2 2 17 8 5 114
4 2 2 16 14 0 61
4 2 2 16 3 11 71
4 2 2 15 9 6 28
4 2 2 14 15 1 65
4 2 2 14 4 12 129
4 2 2 13 10 7 98
4 2 2 12 16 2 101
4 2 2 12 5 13 190
4 2 2 11 11 8 103
4 2 2 11 0 19 62
4 2 2 10 17 3 61
4 2 2 10 6 14 48
4 2 2 9 12 9 133
4 2 2 9 1 20 119
4 2 2 8 18 4 154
4 2 2 8 7 15 179
4 2 2 7 13 10 184
4 2 2 7 2 21 46
4 2 2 6 19 5 93
4 2 2 6 8 16 121
4 2 2 5 25 0 150
4 2 2 5 14 11 179
4 2 2 5 3 22 193
4 2 2 4 20 6 144
4 2 2 4 9 17 5
4 2 2 3 26 1 82
4 2 2 3 15 12 67
4 2 2 3 4 23 46
4 2 2 2 21 7 77
4 2 2 2 10 18 95
4 2 2 1 27 2 66
4 2 2 1 16 13 12
4 2 2 1 5 24 193
4 2 2 0 22 8 84
4 2 2 0 11 19 195
4 2 2 0 0 30 23
4 2 1 29 0 2 18
4 2 1 27 1 3 58
4 2 1 25 2 4 173
4 2 1 23 3 5 69
4 2 1 22 9 0 77
4 2 1 21 4 6 27
4 2 1 20 10 1 42
4 2 1 19 5 7 49
4 2 1 18 11 2 34
4 2 1 18 0 13 116
4 2 1 17 6 8 38
4 2 1 16 12 3 102
4 2 1 16 1 14 194
4 2 1 15 7 9 105
4 2 1 14 13 4 149
4 2 1 14 2 15 165
4 2 1 13 8 10 56
4 2 1 12 14 5 141
4 2 1 12 3 16 198
4 2 1 11 20 0 13
4 2 1 11 9 11 78
4 2 1 10 15 6 28
4 2 1 10 4 17 68
4 2 1 9 21 1 109
4 2 1 9 10 12 93
4 2 1 8 16 7 27
4 2 1 8 5 18 163
4 2 1 7 22 2 66
4 2 1 7 11 13 77
4 2 1 7 0 24 182
4 2 1 6 17 8 62
4 2 1 6 6 19 94
4 2 1 5 23 3 68
4 2 1 5 12 14 121
4 2 1 5 1 25 6
4 2 1 4 18 9 141
4 2 1 4 7 20 27
4 2 1 3 24 4 84
4 2 1 3 13 15 11
4 2 1 3 2 26 3
4 2 1 2 19 10 190
4 2 1 2 8 21 60
4 2 1 1 25 5 188
4 2 1 1 14 16 105
4 2 1 1 3 27 159
4 2 1 0 31 0 148
4 2 1 0 20 11 195
4 2 1 0 9 22 149
4 2 0 28 4 0 6
4 2 0 26 5 1 13
4 2 0 25 0 7 129
4 2 0 24 6 2 6
4 2 0 23 1 8 126
4 2 0 22 7 3 90
4 2 0 21 2 9 52
4 2 0 20 8 4 45
4 2 0 19 3 10 190
4 2 0 18 9 5 92
4 2 0 17 15 0 178
4 2 0 17 4 11 136
4 2 0 16 10 6 60
4 2 0 15 16 1 23
4 2 0 15 5 12 96
4 2 0 14 11 7 101
4 2 0 14 0 18 97
4 2 0 13 17 2 195
4 2 0 13 6 13 139
4 2 0 12 12 8 142
4 2 0 12 1 19 69
4 2 0 11 18 3 189
4 2 0 11 7 14 149
4 2 0 10 13 9 136
4 2 0 10 2 20 153
4 2 0 9 19 4 17
4 2 0 9 8 15 192
4 2 0 8 14 10 140
4 2 0 8 3 21 21
4 2 0 7 20 5 70
4 2 0 7 9 16 37
4 2 0 6 26 0 180
4 2 0 6 15 11 26
4 2 0 6 4 22 95
4 2 0 5 21 6 135
4 2 0 5 10 17 57
4 2 0 4 27 1 164
4 2 0 4 16 12 146
4 2 0 4 5 23 63
4 2 0 3 22 7 67
4 2 0 3 11 18 25
4 2 0 3 0 29 123
4 2 0 2 28 2 191
4 2 0 2 6 24 127
4 2 0 1 23 8 43
4 2 0 1 12 19 38
4 2 0 1 1 30 55
4 2 0 0 29 3 193
4 2 0 0 18 14 108
4 2 0 0 7 25 143
4 1 30 0 3 0 27
4 1 29 2 0 2 63
4 1 29 0 1 3 76
4 1 28 1 4 0 17
4 1 27 5 0 1 187
4 1 27 3 1 2 165
4 1 27 1 2 3 38
4 1 26 2 5 0 9
4 1 26 1 0 6 92
4 1 26 0 6 1 83
4 1 25 8 0 0 6
4 1 25 6 1 1 21
4 1 25 4 2 2 157
4 1 25 2 3 3 89
4 1 25 0 4 4 161
4 1 24 4 0 5 85
4 1 24 3 6 0 29
4 1 24 2 1 6 55
4 1 24 1 7 1 188
4 1 24 0 2 7 81
4 1 23 9 1 0 103
4 1 23 7 2 1 12
4 1 23 5 3 2 73
4 1 23 3 4 3 129
4 1 23 1 5 4 177
4 1 23 0 0 10 16
4 1 22 7 0 4 137
4 1 22 5 1 5 93
4 1 22 4 7 0 77
4 1 22 3 2 6 40
4 1 22 2 8 1 107
4 1 22 1 3 7 76
4 1 22 0 9 2 195
4 1 21 10 2 0 68
4 1 21 8 3 1 60
4 1 21 6 4 2 128
4 1 21 4 5 3 179
4 1 21 3 0 9 42
4 1 21 2 6 4 197
4 1 21 1 1 10 127
4 1 21 0 7 5 140
4 1 20 10 0 3 64
4 1 20 8 1 4 127
4 1 20 6 2 5 143
4 1 20 5 8 0 4
4 1 20 4 3 6 136
4 1 20 3 9 1 68
4 1 20 2 4 7 140
4 1 20 1 10 2 54
4 1 20 0 5 8 24
4 1 19 11 3 0 70
4 1 19 9 4 1 144
4 1 19 7 5 2 131
4 1 19 6 0 8 119
4 1 19 5 6 3 72
4 1 19 4 1 9 127
4 1 19 3 7 4 164
4 1 19 2 2 10 176
4 1 19 1 8 5 22
4 1 19 0 14 0 190
4 1 18 13 0 2 196
4 1 18 11 1 3 2
4 1 18 9 2 4 69
4 1 18 7 3 5 37
4 1 18 6 9 0 50
4 1 18 5 4 6 120
4 1 18 4 10 1 120
4 1 18 3 5 7 196
4 1 18 2 11 2 56
4 1 18 2 0 13 88
4 1 18 1 6 8 172
4 1 18 0 12 3 162
4 1 18 0 1 14 1
4 1 17 12 4 0 184
4 1 17 10 5 1 140
4 1 17 9 0 7 164
4 1 17 8 6 2 195
4 1 17 7 1 8 18
4 1 17 6 7 3 31
4 1 17 5 2 9 152
4 1 17 4 8 4 43
4 1 17 3 3 10 124
4 1 17 2 9 5 34
4 1 17 1 15 0 21
4 1 17 1 4 11 22
4 1 17 0 10 6 144
4 1 16 16 0 1 155
4 1 16 14 1 2 14
4 1 16 12 2 3 193
4 1 16 10 3 4 99
4 1 16 8 4 5 196
4 1 16 7 10 0 173
4 1 16 6 5 6 146
4 1 16 5 11 1 54
4 1 16 5 0 12 185
4 1 16 4 6 7 151
4 1 16 3 12 2 141
4 1 16 3 1 13 115
4 1 16 2 7 8 30
4 1 16 1 13 3 83
4 1 16 1 2 14 169
4 1 16 0 8 9 70
4 1 15 13 5 0 80
4 1 15 12 0 6 141
4 1 15 11 6 1 168
4 1 15 10 1 7 81
4 1 15 9 7 2 87
4 1 15 8 2 8 88
4 1 15 7 8 3 55
4 1 15 6 3 9 74
4 1 15 5 9 4 80
4 1 15 4 4 10 39
4 1 15 3 10 5 2
4 1 15 2 16 0 183
4 1 15 2 5 11 165
4 1 15 1 11 6 178
4 1 15 1 0 17 5
4 1 15 0 17 1 171
4 1 15 0 6 12 108
4 1 14 19 0 0 113
4 1 14 17 1 1 48
4 1 14 15 2 2 178
4 1 14 13 3 3 38
4 1 14 11 4 4 140
4 1 14 9 5 5 165
4 1 14 8 11 0 110
4 1 14 8 0 11 184
4 1 14 7 6 6 62
4 1 14 6 12 1 104
4 1 14 6 1 12 152
4 1 14 5 7 7 79
4 1 14 4 13 2 144
4 1 14 4 2 13 48
4 1 14 3 8 8 95
4 1 14 2 14 3 43
4 1 14 2 3 14 6
4 1 14 1 9 9 103
4 1 14 0 15 4 69
4 1 14 0 4 15 72
4 1 13 14 6 0 190
4 1 13 13 1 6 113
4 1 13 12 7 1 186
4 1 13 11 2 7 54
4 1 13 10 8 2 154
4 1 13 9 3 8 157
4 1 13 8 9 3 21
4 1 13 7 4 9 6
4 1 13 6 10 4 171
4 1 13 5 5 10 23
4 1 13 4 11 5 6
4 1 13 4 0 16 19
4 1 13 3 17 0 5
4 1 13 3 6 11 31
4 1 13 2 12 6 156
4 1 13 2 1 17 75
4 1 13 1 18 1 55
4 1 13 1 7 12 193
4 1 13 0 13 7 28
4 1 13 0 2 18 106
4 1 12 20 1 0 131
4 1 12 18 2 1 96
4 1 12 16 3 2 185
4 1 12 14 4 3 72
4 1 12 12 5 4 169
4 1 12 11 0 10 115
4 1 12 10 6 5 55
4 1 12 9 12 0 198
4 1 12 9 1 11 51
4 1 12 8 7 6 50
4 1 12 7 13 1 155
4 1 12 7 2 12 53
4 1 12 6 8 7 87
4 1 12 5 14 2 6
4 1 12 5 3 13 51
4 1 12 4 9 8 40
4 1 12 3 15 3 96
4 1 12 3 4 14 76
4 1 12 2 10 9 70
4 1 12 1 16 4 176
4 1 12 1 5 15 47
4 1 12 0 11 10 183
4 1 12 0 0 21 139
4 1 11 18 0 4 81
4 1 11 16 1 5 52
4 1 11 15 7 0 172
4 1 11 14 2 6 185
4 1 11 13 8 1 142
4 1 11 12 3 7 40
4 1 11 11 9 2 159
4 1 11 10 4 8 171
4 1 11 9 10 3 113
4 1 11 8 5 9 171
4 1 11 7 11 4 59
4 1 11 7 0 15 123
4 1 11 6 6 10 78
4 1 11 5 12 5 126
4 1 11 5 1 16 55
4 1 11 4 18 0 44
4 1 11 4 7 11 110
4 1 11 3 13 6 52
4 1 11 3 2 17 76
4 1 11 2 19 1 129
4 1 11 2 8 12 53
4 1 11 1 14 7 150
4 1 11 1 3 18 90
4 1 11 0 20 2 150
4 1 11 0 9 13 15
4 1 10 21 2 0 180
4 1 10 19 3 1 80
4 1 10 17 4 2 128
4 1 10 15 5 3 193
4 1 10 14 0 9 180
4 1 10 13 6 4 97
4 1 10 12 1 10 120
4 1 10 11 7 5 66
4 1 10 10 13 0 97
4 1 10 10 2 11 90
4 1 10 9 8 6 25
4 1 10 8 14 1 148
4 1 10 8 3 12 140
4 1 10 7 9 7 65
4 1 10 6 15 2 119
4 1 10 6 4 13 119
4 1 10 5 10 8 57
4 1 10 4 16 3 197
4 1 10 4 5 14 185
4 1 10 3 11 9 198
4 1 10 3 0 20 57
4 1 10 2 17 4 71
4 1 10 2 6 15 143
4 1 10 1 12 10 180
4 1 10 1 1 21 37
4 1 10 0 18 5 10
4 1 10 0 7 16 27
4 1 9 21 0 3 82
4 1 9 19 1 4 14
4 1 9 17 2 5 96
4 1 9 16 8 0 197
4 1 9 15 3 6 50
4 1 9 14 9 1 146
4 1 9 13 4 7 14
4 1 9 12 10 2 51
4 1 9 11 5 8 47
4 1 9 10 11 3 7
4 1 9 10 0 14 59
4 1 9 9 6 9 36
4 1 9 8 12 4 173
4 1 9 7 7 10 124
4 1 9 6 13 5 6
4 1 9 6 2 16 151
4 1 9 5 19 0 6
4 1 9 5 8 11 13
4 1 9 4 14 6 69
4 1 9 4 3 17 53
4 1 9 3 20 1 178
4 1 9 3 9 12 59
4 1 9 2 15 7 188
4 1 9 2 4 18 58
4 1 9 1 21 2 197
4 1 9 1 10 13 156
4 1 9 0 16 8 32
4 1 9 0 5 19 101
4 1 8 22 3 0 52
4 1 8 20 4 1 105
4 1 8 18 5 2 186
4 1 8 17 0 8 103
4 1 8 16 6 3 24
4 1 8 15 1 9 117
4 1 8 14 7 4 127
4 1 8 13 2 10 153
4 1 8 12 8 5 31
4 1 8 11 14 0 78
4 1 8 11 3 11 171
4 1 8 10 9 6 193
4 1 8 9 15 1 128
4 1 8 9 4 12 68
4 1 8 8 10 7 154
4 1 8 7 16 2 140
4 1 8 7 5 13 17
4 1 8 6 11 8 163
4 1 8 6 0 19 70
4 1 8 5 17 3 91
4 1 8 5 6 14 25
4 1 8 4 12 9 80
4 1 8 4 1 20 19
4 1 8 3 18 4 93
4 1 8 3 7 15 107
4 1 8 2 13 10 63
4 1 8 2 2 21 96
4 1 8 1 19 5 132
4 1 8 1 8 16 32
4 1 8 0 25 0 58
4 1 8 0 14 11 117
4 1 8 0 3 22 75
4 1 7 24 0 2 103
4 1 7 22 1 3 23
4 1 7 20 2 4 39
4 1 7 18 3 5 84
4 1 7 17 9 0 14
4 1 7 16 4 6 26
4 1 7 15 10 1 175
4 1 7 14 5 7 47
4 1 7 13 11 2 92
4 1 7 13 0 13 139
4 1 7 12 6 8 16
4 1 7 11 12 3 120
4 1 7 11 1 14 166
4 1 7 10 7 9 28
4 1 7 9 13 4 2
4 1 7 9 2 15 174
4 1 7 8 8 10 107
4 1 7 7 14 5 65
4 1 7 7 3 16 172
4 1 7 6 20 0 71
4 1 7 6 9 11 78
4 1 7 5 15 6 29
4 1 7 5 4 17 82
4 1 7 4 21 1 192
4 1 7 4 10 12 166
4 1 7 3 16 7 81
4 1 7 3 5 18 83
4 1 7 2 22 2 129
4 1 7 2 11 13 97
4 1 7 2 0 24 67
4 1 7 1 17 8 158
4 1 7 1 6 19 171
4 1 7 0 23 3 61
4 1 7 0 12 14 143
4 1 7 0 1 25 83
4 1 6 23 4 0 190
4 1 6 21 5 1 110
4 1 6 20 0 7 147
4 1 6 19 6 2 98
4 1 6 18 1 8 113
4 1 6 17 7 3 83
4 1 6 16 2 9 122
4 1 6 15 8 4 117
4 1 6 14 3 10 109
4 1 6 13 9 5 183
4 1 6 12 15 0 47
4 1 6 12 4 11 186
4 1 6 11 10 6 173
4 1 6 10 16 1 58
4 1 6 10 5 12 154
4 1 6 9 11 7 112
4 1 6 9 0 18 107
4 1 6 8 17 2 196
4 1 6 8 6 13 102
4 1 6 7 12 8 161
4 1 6 7 1 19 142
4 1 6 6 18 3 105
4 1 6 6 7 14 108
4 1 6 5 13 9 15
4 1 6 5 2 20 134
4 1 6 4 19 4 106
4 1 6 4 8 15 7
4 1 6 3 14 10 139
4 1 6 3 3 21 120
4 1 6 2 20 5 190
4 1 6 2 9 16 36
4 1 6 1 26 0 29
4 1 6 1 15 11 32
4 1 6 1 4 22 76
4 1 6 0 21 6 27
4 1 6 0 10 17 142
4 1 5 27 0 1 168
4 1 5 25 1 2 86
4 1 5 23 2 3 50
4 1 5 21 3 4 33
4 1 5 19 4 5 62
4 1 5 18 10 0 43
4 1 5 17 5 6 111
4 1 5 16 11 1 125
4 1 5 16 0 12 161
4 1 5 15 6 7 96
4 1 5 14 12 2 116
4 1 5 14 1 13 161
4 1 5 13 7 8 1
4 1 5 12 13 3 118
4 1 5 12 2 14 62
4 1 5 11 8 9 164
4 1 5 10 14 4 187
4 1 5 10 3 15 88
4 1 5 9 9 10 42
4 1 5 8 15 5 95
4 1 5 8 4 16 53
4 1 5 7 21 0 83
4 1 5 7 10 11 196
4 1 5 6 16 6 167
4 1 5 6 5 17 110
4 1 5 5 22 1 89
4 1 5 5 11 12 197
4 1 5 5 0 23 3
4 1 5 4 17 7 73
4 1 5 4 6 18 64
4 1 5 3 23 2 167
4 1 5 3 12 13 20
4 1 5 3 1 24 188
4 1 5 2 18 8 100
4 1 5 2 7 19 67
4 1 5 1 24 3 16
4 1 5 1 13 14 147
4 1 5 1 2 25 90
4 1 5 0 19 9 84
4 1 5 0 8 20 4
4 1 4 24 5 0 101
4 1 4 23 0 6 22
4 1 4 22 6 1 64
4 1 4 21 1 7 37
4 1 4 20 7 2 32
4 1 4 19 2 8 44
4 1 4 18 8 3 182
4 1 4 17 3 9 169
4 1 4 16 9 4 31
4 1 4 15 4 10 170
4 1 4 14 10 5 170
4 1 4 13 16 0 64
4 1 4 13 5 11 192
4 1 4 12 11 6 171
4 1 4 12 0 17 6
4 1 4 11 17 1 50
4 1 4 11 6 12 126
4 1 4 10 12 7 140
4 1 4 10 1 18 101
4 1 4 9 18 2 58
4 1 4 9 7 13 86
4 1 4 8 13 8 180
4 1 4 8 2 19 35
4 1 4 7 19 3 105
4 1 4 7 8 14 20
4 1 4 6 14 9 59
4 1 4 6 3 20 28
4 1 4 5 20 4 146
4 1 4 5 9 15 83
4 1 4 4 15 10 158
4 1 4 4 4 21 36
4 1 4 3 21 5 195
4 1 4 3 10 16 54
4 1 4 2 27 0 121
4 1 4 2 16 11 184
4 1 4 2 5 22 20
4 1 4 1 22 6 89
4 1 4 1 11 17 41
4 1 4 1 0 28 103
4 1 4 0 28 1 45
4 1 4 0 17 12 9
4 1 4 0 6 23 182
4 1 3 30 0 0 196
4 1 3 28 1 1 31
4 1 3 26 2 2 82
4 1 3 24 3 3 109
4 1 3 22 4 4 116
4 1 3 20 5 5 198
4 1 3 19 11 0 2
4 1 3 19 0 11 82
4 1 3 18 6 6 90
4 1 3 17 12 1 40
4 1 3 17 1 12 26
4 1 3 16 7 7 45
4 1 3 15 13 2 116
4 1 3 15 2 13 37
4 1 3 14 8 8 142
4 1 3 13 14 3 102
4 1 3 13 3 14 39
4 1 3 12 9 9 196
4 1 3 11 15 4 96
4 1 3 11 4 15 108
4 1 3 10 10 10 198
4 1 3 9 16 5 76
4 1 3 9 5 16 38
4 1 3 8 22 0 142
4 1 3 8 11 11 171
4 1 3 8 0 22 25
4 1 3 7 17 6 111
4 1 3 7 6 17 55
4 1 3 6 23 1 130
4 1 3 6 12 12 48
4 1 3 6 1 23 8
4 1 3 5 18 7 55
4 1 3 5 7 18 20
4 1 3 4 24 2 151
4 1 3 4 13 13 48
4 1 3 4 2 24 197
4 1 3 3 19 8 18
4 1 3 3 8 19 81
4 1 3 2 25 3 137
4 1 3 2 14 14 82
4 1 3 2 3 25 75
4 1 3 1 20 9 10
4 1 3 1 9 20 170
4 1 3 0 26 4 87
4 1 3 0 15 15 189
4 1 3 0 4 26 157
4 1 2 26 0 5 177
4 1 2 25 6 0 115
4 1 2 24 1 6 148
4 1 2 23 7 1 14
4 1 2 22 2 7 24
4 1 2 21 8 2 38
4 1 2 20 3 8 21
4 1 2 19 9 3 165
4 1 2 18 4 9 70
4 1 2 17 10 4 74
4 1 2 16 5 10 141
4 1 2 15 11 5 130
4 1 2 15 0 16 67
4 1 2 14 17 0 85
4 1 2 14 6 11 154
4 1 2 13 12 6 84
4 1 2 13 1 17 164
4 1 2 12 18 1 93
4 1 2 12 7 12 109
4 1 2 11 13 7 183
4 1 2 11 2 18 14
4 1 2 10 19 2 107
4 1 2 10 8 13 83
4 1 2 9 14 8 109
4 1 2 9 3 19 9
4 1 2 8 20 3 150
4 1 2 8 9 14 41
4 1 2 7 15 9 165
4 1 2 7 4 20 79
4 1 2 6 21 4 24
4 1 2 6 10 15 170
4 1 2 5 16 10 7
4 1 2 5 5 21 97
4 1 2 4 22 5 20
4 1 2 4 11 16 185
4 1 2 4 0 27 177
4 1 2 3 28 0 158
4 1 2 3 17 11 153
4 1 2 3 6 22 108
4 1 2 2 23 6 153
4 1 2 2 12 17 16
4 1 2 2 1 28 42
4 1 2 1 29 1 164
4 1 2 1 7 23 64
4 1 2 0 24 7 195
4 1 2 0 13 18 171
4 1 2 0 2 29 92
4 1 1 31 1 0 27
4 1 1 29 2 1 110
4 1 1 27 3 2 158
4 1 1 25 4 3 113
4 1 1 23 5 4 153
4 1 1 22 0 10 146
4 1 1 21 6 5 180
4 1 1 20 12 0 32
4 1 1 20 1 11 102
4 1 1 19 7 6 168
4 1 1 18 13 1 23
4 1 1 18 2 12 29
4 1 1 17 8 7 189
4 1 1 16 14 2 175
4 1 1 16 3 13 140
4 1 1 15 9 8 149
4 1 1 14 15 3 60
4 1 1 14 4 14 143
4 1 1 13 10 9 80
4 1 1 12 16 4 117
4 1 1 12 5 15 23
4 1 1 11 11 10 177
4 1 1 11 0 21 99
4 1 1 10 17 5 121
4 1 1 10 6 16 38
4 1 1 9 23 0 61
4 1 1 9 12 11 41
4 1 1 9 1 22 52
4 1 1 8 18 6 36
4 1 1 8 7 17 131
4 1 1 7 24 1 184
4 1 1 7 13 12 178
4 1 1 7 2 23 108
4 1 1 6 19 7 68
4 1 1 6 8 18 118
4 1 1 5 25 2 17
4 1 1 5 14 13 119
4 1 1 5 3 24 118
4 1 1 4 20 8 79
4 1 1 4 9 19 105
4 1 1 3 26 3 23
4 1 1 3 15 14 194
4 1 1 3 4 25 167
4 1 1 2 21 9 71
4 1 1 2 10 20 21
4 1 1 1 27 4 189
4 1 1 1 16 15 165
4 1 1 1 5 26 150
4 1 1 0 22 10 137
4 1 1 0 11 21 193
4 1 1 0 0 32 188
4 1 0 29 0 4 44
4 1 0 27 1 5 196
4 1 0 26 7 0 154
4 1 0 25 2 6 121
4 1 0 24 8 1 193
4 1 0 23 3 7 2
4 1 0 22 9 2 68
4 1 0 21 4 8 96
4 1 0 20 10 3 118
4 1 0 19 5 9 146
4 1 0 18 11 4 124
4 1 0 18 0 15 76
4 1 0 17 6 10 10
4 1 0 16 12 5 108
4 1 0 16 1 16 56
4 1 0 15 18 0 150
4 1 0 15 7 11 47
4 1 0 14 13 6 146
4 1 0 14 2 17 136
4 1 0 13 19 1 145
4 1 0 13 8 12 122
4 1 0 12 14 7 39
4 1 0 12 3 18 59
4 1 0 11 20 2 1
4 1 0 11 9 13 1
4 1 0 10 15 8 62
4 1 0 10 4 19 193
4 1 0 9 21 3 138
4 1 0 9 10 14 64
4 1 0 8 16 9 182
4 1 0 8 5 20 171
4 1 0 7 22 4 146
4 1 0 7 11 15 136
4 1 0 7 0 26 183
4 1 0 6 17 10 128
4 1 0 6 6 21 165
4 1 0 5 23 5 98
4 1 0 5 12 16 21
4 1 0 5 1 27 146
4 1 0 4 29 0 125
4 1 0 4 18 11 103
4 1 0 4 7 22 145
4 1 0 3 24 6 120
4 1 0 3 13 17 144
4 1 0 3 2 28 143
4 1 0 2 30 1 132
4 1 0 2 19 12 33
4 1 0 2 8 23 164
4 1 0 1 25 7 120
4 1 0 1 14 18 130
4 1 0 1 3 29 179
4 1 0 0 31 2 12
4 1 0 0 20 13 63
4 1 0 0 9 24 27
4 0 31 1 1 1 137
4 0 29 4 1 0 60
4 0 29 2 2 1 91
4 0 29 0 3 2 131
4 0 28 2 0 4 168
4 0 28 0 1 5 25
4 0 27 5 2 0 11
4 0 27 3 3 1 122
4 0 27 1 4 2 31
4 0 26 5 0 3 55
4 0 26 3 1 4 44
4 0 26 1 2 5 4
4 0 26 0 8 0 2
4 0 25 6 3 0 174
4 0 25 4 4 1 113
4 0 25 2 5 2 141
4 0 25 1 0 8 152
4 0 25 0 6 3 142
4 0 24 8 0 2 186
4 0 24 6 1 3 85
4 0 24 4 2 4 27
4 0 24 2 3 5 168
4 0 24 1 9 0 97
4 0 24 0 4 6 130
4 0 23 7 4 0 35
4 0 23 5 5 1 133
4 0 23 4 0 7 170
4 0 23 3 6 2 96
4 0 23 2 1 8 44
4 0 23 1 7 3 85
4 0 23 0 2 9 29
4 0 22 11 0 1 72
4 0 22 9 1 2 109
4 0 22 7 2 3 87
4 0 22 5 3 4 46
4 0 22 3 4 5 48
4 0 22 2 10 0 86
4 0 22 1 5 6 79
4 0 22 0 11 1 198
4 0 22 0 0 12 154
4 0 21 8 5 0 5
4 0 21 7 0 6 181
4 0 21 6 6 1 85
4 0 21 5 1 7 184
4 0 21 4 7 2 181
4 0 21 3 2 8 30
4 0 21 2 8 3 91
4 0 21 1 3 9 196
4 0 21 0 9 4 193
4 0 20 14 0 0 105
4 0 20 12 1 1 174
4 0 20 10 2 2 111
4 0 20 8 3 3 109
4 0 20 6 4 4 89
4 0 20 4 5 5 162
4 0 20 3 11 0 126
4 0 20 3 0 11 163
4 0 20 2 6 6 100
4 0 20 1 12 1 96
4 0 20 1 1 12 117
4 0 20 0 7 7 51
4 0 19 10 0 5 97
4 0 19 9 6 0 115
4 0 19 8 1 6 43
4 0 19 7 7 1 30
4 0 19 6 2 7 9
4 0 19 5 8 2 147
4 0 19 4 3 8 164
4 0 19 3 9 3 61
4 0 19 2 4 9 184
4 0 19 1 10 4 136
4 0 19 0 5 10 194
4 0 18 15 1 0 129
4 0 18 13 2 1 153
4 0 18 11 3 2 195
4 0 18 9 4 3 18
4 0 18 7 5 4 8
4 0 18 6 0 10 14
4 0 18 5 6 5 193
4 0 18 4 12 0 144
4 0 18 4 1 11 25
4 0 18 3 7 6 93
4 0 18 2 13 1 5
4 0 18 2 2 12 153
4 0 18 1 8 7 106
4 0 18 0 14 2 71
4 0 18 0 3 13 37
4 0 17 13 0 4 7
4 0 17 11 1 5 46
4 0 17 10 7 0 84
4 0 17 9 2 6 18
4 0 17 8 8 1 168
4 0 17 7 3 7 29
4 0 17 6 9 2 11
4 0 17 5 4 8 71
4 0 17 4 10 3 10
4 0 17 3 5 9 111
4 0 17 2 11 4 27
4 0 17 2 0 15 91
4 0 17 1 6 10 55
4 0 17 0 12 5 21
4 0 17 0 1 16 48
4 0 16 16 2 0 99
4 0 16 14 3 1 28
4 0 16 12 4 2 164
4 0 16 10 5 3 17
4 0 16 9 0 9 75
4 0 16 8 6 4 12
4 0 16 7 1 10 44
4 0 16 6 7 5 112
4 0 16 5 13 0 184
4 0 16 5 2 11 17
4 0 16 4 8 6 6
4 0 16 3 14 1 196
4 0 16 3 3 12 96
4 0 16 2 9 7 121
4 0 16 1 15 2 115
4 0 16 1 4 13 10
4 0 16 0 10 8 181
4 0 15 16 0 3 70
4 0 15 14 1 4 50
4 0 15 12 2 5 1
4 0 15 11 8 0 144
4 0 15 10 3 6 187
4 0 15 9 9 1 185
4 0 15 8 4 7 104
4 0 15 7 10 2 101
4 0 15 6 5 8 56
4 0 15 5 11 3 16
4 0 15 5 0 14 151
4 0 15 4 6 9 165
4 0 15 3 12 4 28
4 0 15 3 1 15 68
4 0 15 2 7 10 22
4 0 15 1 13 5 105
4 0 15 1 2 16 87
4 0 15 0 19 0 70
4 0 15 0 8 11 114
4 0 14 17 3 0 123
4 0 14 15 4 1 107
4 0 14 13 5 2 38
4 0 14 12 0 8 178
4 0 14 11 6 3 173
4 0 14 10 1 9 106
4 0 14 9 7 4 126
4 0 14 8 2 10 181
4 0 14 7 8 5 67
4 0 14 6 14 0 75
4 0 14 6 3 11 179
4 0 14 5 9 6 182
4 0 14 4 15 1 38
4 0 14 4 4 12 76
4 0 14 3 10 7 132
4 0 14 2 16 2 115
4 0 14 2 5 13 184
4 0 14 1 11 8 183
4 0 14 1 0 19 143
4 0 14 0 17 3 71
4 0 14 0 6 14 164
4 0 13 19 0 2 16
4 0 13 17 1 3 136
4 0 13 15 2 4 109
4 0 13 13 3 5 161
4 0 13 12 9 0 87
4 0 13 11 4 6 64
4 0 13 10 10 1 106
4 0 13 9 5 7 151
4 0 13 8 11 2 197
4 0 13 8 0 13 9
4 0 13 7 6 8 77
4 0 13 6 12 3 171
4 0 13 6 1 14 48
4 0 13 5 7 9 56
4 0 13 4 13 4 193
4 0 13 4 2 15 51
4 0 13 3 8 10 185
4 0 13 2 14 5 193
4 0 13 2 3 16 59
4 0 13 1 20 0 110
4 0 13 1 9 11 62
4 0 13 0 15 6 20
4 0 13 0 4 17 181
4 0 12 18 4 0 98
4 0 12 16 5 1 45
4 0 12 15 0 7 79
4 0 12 14 6 2 34
4 0 12 13 1 8 70
4 0 12 12 7 3 8
4 0 12 11 2 9 167
4 0 12 10 8 4 67
4 0 12 9 3 10 102
4 0 12 8 9 5 83
4 0 12 7 15 0 32
4 0 12 7 4 11 17
4 0 12 6 10 6 104
4 0 12 5 16 1 150
4 0 12 5 5 12 29
4 0 12 4 11 7 121
4 0 12 4 0 18 111
4 0 12 3 17 2 72
4 0 12 3 6 13 2
4 0 12 2 12 8 154
4 0 12 2 1 19 145
4 0 12 1 18 3 129
4 0 12 1 7 14 115
4 0 12 0 13 9 38
4 0 12 0 2 20 172
4 0 11 22 0 1 110
4 0 11 20 1 2 103
4 0 11 18 2 3 63
4 0 11 16 3 4 193
4 0 11 14 4 5 60
4 0 11 13 10 0 194
4 0 11 12 5 6 103
4 0 11 11 11 1 183
4 0 11 11 0 12 22
4 0 11 10 6 7 79
4 0 11 9 12 2 131
4 0 11 9 1 13 83
4 0 11 8 7 8 185
4 0 11 7 13 3 49
4 0 11 7 2 14 66
4 0 11 6 8 9 194
4 0 11 5 14 4 120
4 0 11 5 3 15 61
4 0 11 4 9 10 127
4 0 11 3 15 5 81
4 0 11 3 4 16 53
4 0 11 2 21 0 127
4 0 11 2 10 11 84
4 0 11 1 16 6 76
4 0 11 1 5 17 84
4 0 11 0 22 1 169
4 0 11 0 11 12 103
4 0 11 0 0 23 7
4 0 10 19 5 0 170
4 0 10 18 0 6 111
4 0 10 17 6 1 103
4 0 10 16 1 7 170
4 0 10 15 7 2 108
4 0 10 14 2 8 61
4 0 10 13 8 3 185
4 0 10 12 3 9 50
4 0 10 11 9 4 46
4 0 10 10 4 10 90
4 0 10 9 10 5 90
4 0 10 8 16 0 61
4 0 10 8 5 11 197
4 0 10 7 11 6 154
4 0 10 7 0 17 8
4 0 10 6 17 1 95
4 0 10 6 6 12 89
4 0 10 5 12 7 102
4 0 10 5 1 18 188
4 0 10 4 18 2 83
4 0 10 4 7 13 117
4 0 10 3 13 8 155
4 0 10 3 2 19 187
4 0 10 2 19 3 35
4 0 10 2 8 14 167
4 0 10 1 14 9 168
4 0 10 1 3 20 117
4 0 10 0 20 4 49
4 0 10 0 9 15 161
4 0 9 25 0 0 129
4 0 9 23 1 1 97
4 0 9 21 2 2 76
4 0 9 19 3 3 8
4 0 9 17 4 4 168
4 0 9 15 5 5 154
4 0 9 14 11 0 132
4 0 9 14 0 11 160
4 0 9 13 6 6 112
4 0 9 12 12 1 145
4 0 9 12 1 12 138
4 0 9 11 7 7 137
4 0 9 10 2 13 168
4 0 9 9 8 8 150
4 0 9 8 14 3 16
4 0 9 8 3 14 126
4 0 9 7 9 9 97
4 0 9 6 15 4 43
4 0 9 6 4 15 103
4 0 9 5 10 10 67
4 0 9 4 16 5 148
4 0 9 4 5 16 180
4 0 9 3 22 0 149
4 0 9 3 11 11 172
4 0 9 3 0 22 77
4 0 9 2 17 6 8
4 0 9 2 6 17 124
4 0 9 1 23 1 91
4 0 9 1 12 12 142
4 0 9 1 1 23 25
4 0 9 0 18 7 163
4 0 9 0 7 18 133
4 0 8 21 0 5 156
4 0 8 20 6 0 47
4 0 8 19 1 6 28
4 0 8 18 7 1 65
4 0 8 17 2 7 147
4 0 8 16 8 2 125
4 0 8 15 3 8 147
4 0 8 14 9 3 105
4 0 8 13 4 9 198
4 0 8 12 10 4 66
4 0 8 11 5 10 147
4 0 8 10 11 5 133
4 0 8 10 0 16 107
4 0 8 9 17 0 99
4 0 8 9 6 11 174
4 0 8 8 12 6 138
4 0 8 8 1 17 106
4 0 8 7 18 1 54
4 0 8 7 7 12 2
4 0 8 6 13 7 164
4 0 8 6 2 18 157
4 0 8 5 19 2 89
4 0 8 5 8 13 108
4 0 8 4 14 8 131
4 0 8 4 3 19 117
4 0 8 3 20 3 45
4 0 8 3 9 14 19
4 0 8 2 15 9 163
4 0 8 2 4 20 114
4 0 8 1 21 4 55
4 0 8 1 10 15 23
4 0 8 0 16 10 181
4 0 8 0 5 21 81
4 0 7 26 1 0 141
4 0 7 24 2 1 56
4 0 7 22 3 2 165
4 0 7 20 4 3 14
4 0 7 18 5 4 194
4 0 7 17 0 10 71
4 0 7 16 6 5 76
4 0 7 15 12 0 89
4 0 7 15 1 11 74
4 0 7 14 7 6 112
4 0 7 13 13 1 93
4 0 7 13 2 12 13
4 0 7 12 8 7 117
4 0 7 11 14 2 43
4 0 7 11 3 13 74
4 0 7 10 9 8 125
4 0 7 9 15 3 173
4 0 7 9 4 14 33
4 0 7 8 10 9 150
4 0 7 7 16 4 12
4 0 7 7 5 15 46
4 0 7 6 11 10 98
4 0 7 6 0 21 129
4 0 7 5 17 5 43
4 0 7 5 6 16 189
4 0 7 4 23 0 67
4 0 7 4 12 11 55
4 0 7 4 1 22 59
4 0 7 3 18 6 55
4 0 7 3 7 17 113
4 0 7 2 24 1 122
4 0 7 2 13 12 17
4 0 7 2 2 23 180
4 0 7 1 19 7 104
4 0 7 1 8 18 54
4 0 7 0 25 2 22
4 0 7 0 14 13 183
4 0 7 0 3 24 150
4 0 6 24 0 4 163
4 0 6 22 1 5 130
4 0 6 21 7 0 44
4 0 6 20 2 6 3
4 0 6 19 8 1 111
4 0 6 18 3 7 8
4 0 6 17 9 2 8
4 0 6 16 4 8 162
4 0 6 15 10 3 128
4 0 6 14 5 9 43
4 0 6 13 11 4 84
4 0 6 13 0 15 107
4 0 6 12 6 10 10
4 0 6 11 12 5 56
4 0 6 11 1 16 23
4 0 6 10 18 0 145
4 0 6 10 7 11 26
4 0 6 9 13 6 32
4 0 6 9 2 17 172
4 0 6 8 19 1 157
4 0 6 8 8 12 48
4 0 6 7 14 7 162
4 0 6 7 3 18 191
4 0 6 6 20 2 185
4 0 6 6 9 13 109
4 0 6 5 15 8 44
4 0 6 5 4 19 87
4 0 6 4 21 3 182
4 0 6 4 10 14 183
4 0 6 3 16 9 136
4 0 6 2 22 4 32
4 0 6 2 11 15 171
4 0 6 2 0 26 177
4 0 6 1 17 10 162
4 0 6 1 6 21 124
4 0 6 0 23 5 184
4 0 6 0 12 16 52
4 0 6 0 1 27 36
4 0 5 27 2 0 129
4 0 5 25 3 1 116
4 0 5 23 4 2 171
4 0 5 21 5 3 48
4 0 5 20 0 9 61
4 0 5 19 6 4 125
4 0 5 18 1 10 173
4 0 5 17 7 5 163
4 0 5 16 13 0 98
4 0 5 16 2 11 136
4 0 5 15 8 6 80
4 0 5 14 14 1 114
4 0 5 14 3 12 19
4 0 5 13 9 7 88
4 0 5 12 15 2 75
4 0 5 12 4 13 135
4 0 5 11 10 8 47
4 0 5 10 16 3 131
4 0 5 10 5 14 72
4 0 5 9 11 9 6
4 0 5 9 0 20 85
4 0 5 8 17 4 166
4 0 5 8 6 15 12
4 0 5 7 12 10 158
4 0 5 7 1 21 51
4 0 5 6 18 5 22
4 0 5 6 7 16 99
4 0 5 5 24 0 2
4 0 5 5 13 11 149
4 0 5 5 2 22 118
4 0 5 4 19 6 174
4 0 5 4 8 17 151
4 0 5 3 25 1 78
4 0 5 3 14 12 131
4 0 5 3 3 23 36
4 0 5 2 20 7 79
4 0 5 2 9 18 111
4 0 5 1 26 2 166
4 0 5 1 15 13 177
4 0 5 1 4 24 102
4 0 5 0 21 8 53
4 0 5 0 10 19 72
4 0 4 27 0 3 89
4 0 4 25 1 4 90
4 0 4 23 2 5 138
4 0 4 22 8 0 195
4 0 4 21 3 6 103
4 0 4 20 9 1 1
4 0 4 19 4 7 98
4 0 4 18 10 2 70
4 0 4 17 5 8 163
4 0 4 16 11 3 130
4 0 4 16 0 14 20
4 0 4 15 6 9 64
4 0 4 14 12 4 72
4 0 4 14 1 15 115
4 0 4 13 7 10 186
4 0 4 12 13 5 135
4 0 4 12 2 16 33
4 0 4 11 19 0 185
4 0 4 11 8 11 116
4 0 4 10 14 6 196
4 0 4 10 3 17 163
4 0 4 9 20 1 61
4 0 4 9 9 12 87
4 0 4 8 15 7 191
4 0 4 8 4 18 151
4 0 4 7 21 2 28
4 0 4 7 10 13 168
4 0 4 6 16 8 30
4 0 4 6 5 19 12
4 0 4 5 22 3 14
4 0 4 5 11 14 83
4 0 4 5 0 25 104
4 0 4 4 17 9 62
4 0 4 4 6 20 64
4 0 4 3 23 4 194
4 0 4 3 12 15 173
4 0 4 3 1 26 21
4 0 4 2 18 10 79
4 0 4 2 7 21 42
4 0 4 1 24 5 81
4 0 4 1 13 16 100
4 0 4 1 2 27 74
4 0 4 0 30 0 10
4 0 4 0 19 11 163
4 0 4 0 8 22 113
4 0 3 28 3 0 92
4 0 3 26 4 1 89
4 0 3 24 5 2 6
4 0 3 23 0 8 166
4 0 3 22 6 3 186
4 0 3 21 1 9 79
4 0 3 20 7 4 21
4 0 3 19 2 10 184
4 0 3 18 8 5 111
4 0 3 17 14 0 123
4 0 3 17 3 11 63
4 0 3 16 9 6 94
4 0 3 15 15 1 170
4 0 3 15 4 12 76
4 0 3 14 10 7 164
4 0 3 13 16 2 189
4 0 3 13 5 13 48
4 0 3 12 11 8 175
4 0 3 12 0 19 161
4 0 3 11 17 3 89
4 0 3 11 6 14 88
4 0 3 10 12 9 7
4 0 3 10 1 20 45
4 0 3 9 18 4 5
4 0 3 9 7 15 143
4 0 3 8 13 10 108
4 0 3 8 2 21 159
4 0 3 7 19 5 129
4 0 3 7 8 16 75
4 0 3 6 25 0 42
4 0 3 6 14 11 142
4 0 3 6 3 22 21
4 0 3 5 20 6 132
4 0 3 5 9 17 41
4 0 3 4 26 1 183
4 0 3 4 15 12 62
4 0 3 4 4 23 179
4 0 3 3 21 7 112
4 0 3 3 10 18 183
4 0 3 2 27 2 105
4 0 3 2 16 13 119
4 0 3 2 5 24 187
4 0 3 1 22 8 10
4 0 3 1 11 19 57
4 0 3 1 0 30 118
4 0 3 0 28 3 109
4 0 3 0 17 14 20
4 0 3 0 6 25 24
4 0 2 30 0 2 57
4 0 2 28 1 3 125
4 0 2 26 2 4 188
4 0 2 24 3 5 124
4 0 2 23 9 0 28
4 0 2 22 4 6 107
4 0 2 21 10 1 151
4 0 2 20 5 7 90
4 0 2 19 11 2 21
4 0 2 19 0 13 82
4 0 2 18 6 8 20
4 0 2 17 12 3 183
4 0 2 17 1 14 61
4 0 2 16 7 9 47
4 0 2 15 13 4 2
4 0 2 15 2 15 13
4 0 2 14 8 10 176
4 0 2 13 14 5 79
4 0 2 13 3 16 40
4 0 2 12 20 0 6
4 0 2 12 9 11 191
4 0 2 11 15 6 192
4 0 2 11 4 17 5
4 0 2 10 21 1 145
4 0 2 10 10 12 74
4 0 2 9 16 7 114
4 0 2 9 5 18 185
4 0 2 8 22 2 196
4 0 2 8 11 13 196
4 0 2 8 0 24 130
4 0 2 7 17 8 122
4 0 2 7 6 19 81
4 0 2 6 23 3 87
4 0 2 6 12 14 55
4 0 2 6 1 25 163
4 0 2 5 18 9 127
4 0 2 5 7 20 172
4 0 2 4 24 4 139
4 0 2 4 13 15 108
4 0 2 4 2 26 57
4 0 2 3 19 10 175
4 0 2 3 8 21 67
4 0 2 2 25 5 159
4 0 2 2 14 16 105
4 0 2 2 3 27 129
4 0 2 1 31 0 67
4 0 2 1 20 11 48
4 0 2 1 9 22 41
4 0 2 0 26 6 186
4 0 2 0 15 17 2
4 0 2 0 4 28 68
4 0 1 29 4 0 44
4 0 1 27 5 1 181
4 0 1 26 0 7 25
4 0 1 25 6 2 188
4 0 1 24 1 8 4
4 0 1 23 7 3 120
4 0 1 22 2 9 174
4 0 1 21 8 4 36
4 0 1 20 3 10 157
4 0 1 19 9 5 120
4 0 1 18 15 0 116
4 0 1 18 4 11 48
4 0 1 17 10 6 116
4 0 1 16 16 1 100
4 0 1 16 5 12 190
4 0 1 15 11 7 140
4 0 1 15 0 18 183
4 0 1 14 17 2 172
4 0 1 14 6 13 137
4 0 1 13 12 8 119
4 0 1 13 1 19 47
4 0 1 12 18 3 123
4 0 1 12 7 14 13
4 0 1 11 13 9 133
4 0 1 11 2 20 85
4 0 1 10 19 4 195
4 0 1 10 8 15 177
4 0 1 9 14 10 48
4 0 1 9 3 21 100
4 0 1 8 20 5 92
4 0 1 8 9 16 150
4 0 1 7 26 0 14
4 0 1 7 15 11 39
4 0 1 7 4 22 198
4 0 1 6 21 6 150
4 0 1 6 10 17 187
4 0 1 5 27 1 57
4 0 1 5 16 12 54
4 0 1 5 5 23 183
4 0 1 4 22 7 27
4 0 1 4 11 18 129
4 0 1 4 0 29 129
4 0 1 3 28 2 38
4 0 1 3 17 13 45
4 0 1 3 6 24 167
4 0 1 2 23 8 151
4 0 1 2 12 19 6
4 0 1 2 1 30 131
4 0 1 1 29 3 106
4 0 1 1 18 14 86
4 0 1 1 7 25 60
4 0 1 0 24 9 113
4 0 1 0 13 20 8
4 0 1 0 2 31 165
4 0 0 33 0 1 162
4 0 0 31 1 2 14
4 0 0 29 2 3 89
4 0 0 27 3 4 120
4 0 0 25 4 5 89
4 0 0 24 10 0 143
4 0 0 23 5 6 183
4 0 0 22 11 1 42
4 0 0 22 0 12 23
4 0 0 21 6 7 36
4 0 0 20 12 2 2
4 0 0 20 1 13 188
4 0 0 19 7 8 35
4 0 0 18 13 3 13
4 0 0 18 2 14 69
4 0 0 17 8 9 46
4 0 0 16 14 4 91
4 0 0 16 3 15 77
4 0 0 15 9 10 180
4 0 0 14 15 5 114
4 0 0 14 4 16 143
4 0 0 13 21 0 59
4 0 0 13 10 11 29
4 0 0 12 16 6 101
4 0 0 12 5 17 173
4 0 0 11 22 1 54
4 0 0 11 11 12 83
4 0 0 11 0 23 31
4 0 0 10 17 7 37
4 0 0 10 6 18 109
4 0 0 9 23 2 45
4 0 0 9 12 13 122
4 0 0 9 1 24 47
4 0 0 8 18 8 99
4 0 0 8 7 19 106
4 0 0 7 24 3 185
4 0 0 7 13 14 121
4 0 0 7 2 25 39
4 0 0 6 19 9 58
4 0 0 6 8 20 172
4 0 0 5 25 4 38
4 0 0 5 14 15 58
4 0 0 5 3 26 5
4 0 0 4 20 10 92
4 0 0 4 9 21 161
4 0 0 3 26 5 37
4 0 0 3 15 16 102
4 0 0 3 4 27 24
4 0 0 2 21 11 153
4 0 0 2 10 22 67
4 0 0 1 27 6 132
4 0 0 1 16 17 94
4 0 0 1 5 28 196
4 0 0 0 22 12 120
4 0 0 0 11 23 171
