A	B	Y	Z	coefficient
22	0	0	0	210162077901955825242289124689077980237603474082165819986411520000000000000000000000000
21	1	0	0	9401967905936921064883805419728103839215194780462384939008000000000000000000000000000
21	0	1	0	46387705729432309679475220654854735061641478031624583197491200000000000000000000000000
21	0	0	0	-21982728327132711376867844625600367998566879651948901236587521638400000000000000000000000
20	2	0	0	105153367090216191365419957492983284631355103359323340800000000000000000000000000000
20	1	1	0	1037617549398311337632792750184585340931168032178558730240000000000000000000000000000
20	1	0	0	-3737049625310234303848689794329925514127532150643530710206382080000000000000000000000000
20	0	2	0	2559713988748563992123096173474510211862497254963956154368000000000000000000000000000
20	0	1	0	2848678172059874452675621432177595986152132734753775227385151488000000000000000000000000
20	0	0	1	-1499566238153578030737220486248296551385782477951462630112624640000000000000000000000000
20	0	0	0	-46880307193146718993493220417473996348581393918217311317019796176896000000000000000000000
19	2	0	0	-54844985096798648539091438597559263790199498591507297861632000000000000000000000000000
19	1	1	0	-883805535428031218955226478111397873523560142926829200605184000000000000000000000000000
19	1	0	1	-61660780992127308517705015008015564709181797864506774257664000000000000000000000000000
19	1	0	0	384563952552221370243260903159527302980602243472297147618506781491200000000000000000000000
19	0	2	0	1904522599918933436307786001861039796449723336127386230561177600000000000000000000000000
19	0	1	1	-330477539566007547204885849832985513959394325847919867776204800000000000000000000000000
19	0	1	0	-1076412614922858650989996614302809781573492526778541186786988486819840000000000000000000000
19	0	0	1	196016813960832183811254825302792348565977838791860955232617260646400000000000000000000000
19	0	0	0	106885022887758676573370358548647949253539418581396397535695926989317734400000000000000000000
18	3	0	0	396989625733734381306601454012932271317850012148930969600000000000000000000000000000
18	2	1	0	-12438326994291710565847288479168997687421581251643504066560000000000000000000000000000
18	2	0	1	-628952207621874108495425561079080297973916826271429427200000000000000000000000000000
18	2	0	0	2753458466408524047547479041051383914284819280880639058022236160000000000000000000000000
18	1	2	0	-81979007146237464845256278628170020953725125754298115817472000000000000000000000000000
18	1	1	1	-6793539829977771875603625034910778118648658854096876339200000000000000000000000000000
18	1	1	0	37316469765425049709517422711153968582230608159815699771017920512000000000000000000000000
18	1	0	1	16962745639749940135517415976604767577655094221584152431679242240000000000000000000000000
18	1	0	0	-12550481279006774476079591575499948656879450809589552966089089369505792000000000000000000000
18	0	3	0	207120624589311670126090596554518798474481223488467253801779200000000000000000000000000
18	0	2	1	-18207788908119684302011962448710088946984650138395730771968000000000000000000000000000
18	0	2	0	-199805792265084493243578570108230603256222277800620975024511123456000000000000000000000000
18	0	1	1	4156024598514419069000453696990850346571886477250610965675769856000000000000000000000000
18	0	1	0	65017414896861176503870934693307935067725278221708606430584064488505344000000000000000000000
18	0	0	2	4443189472568885294206353033962230165345135664565838544099082240000000000000000000000000
18	0	0	1	-6359910650672719628103303481853933513935696716499540015541902525857792000000000000000000000
18	0	0	0	-5533707970145668350228593342873334939645475164163890184072790624831746867200000000000000000000
17	3	0	0	-534010071574983919602196851951187345173627862894945398423552000000000000000000000000000
17	2	2	0	-906510623607007875895239012711128626711105636055541350400000000000000000000000000000
17	2	1	0	1928664900687186188422542700960079459154095898030696170520576000000000000000000000000000
17	2	0	1	104786037455993255772128268457743132042118582369694987059200000000000000000000000000000
17	2	0	0	-189400486092362729153004990025332538194291414434277044177294327808000000000000000000000000
17	1	3	0	-3104096237065550904347020996316172236781079042817387397120000000000000000000000000000
17	1	2	0	-13220830498497918867908570632952144996248087988910844708399349760000000000000000000000000
17	1	1	1	3635948661917376966333579267405077660139426706294956531646464000000000000000000000000000
17	1	1	0	6798799481528229768977441243805083163540244868925685632483806108712960000000000000000000000
17	1	0	2	165793327127959453103810849457759725421440045961386202759168000000000000000000000000000
17	1	0	1	-1774821059182722287390318764583833178752141962854900121398316053299200000000000000000000000
17	1	0	0	-473767965624088854940677491059807248761542328673181873852121442656924467200000000000000000000
17	0	4	0	6751810032737053460905425998961258957748568064653908770816000000000000000000000000000
17	0	3	0	3917413795765912280836025586802039560457717486864815081362817024000000000000000000000000
17	0	2	1	-8390499561171839651479254608741441473131580883780203782906839040000000000000000000000000
17	0	2	0	-3248705238858512698141712933740844341182928446874701650256681051881472000000000000000000000
17	0	1	2	977069046237038976127896472672844341062525899067099520696320000000000000000000000000000
17	0	1	1	4851670501117159995775883510384549268210558623789665943847779633725440000000000000000000000
17	0	1	0	195992327816804524720490927456740904641342448613646276803716139746485862400000000000000000000
17	0	0	2	-663404732712051839761350729073257883609555177393852652343738866073600000000000000000000000
17	0	0	1	-367477790894769431361323251306282742821256279573647939475632831750943539200000000000000000000
17	0	0	0	15941323053850639110208981951092502939334998365287187330850742213467145502720000000000000000000
16	4	0	0	-1518493574945760226479300131523456948159131964746288332800000000000000000000000000000
16	3	1	0	-92813919710508255119107200820260755779719960451875487088640000000000000000000000000000
16	3	0	1	-2925492197078699628099137613466751262206631561550154956800000000000000000000000000000
16	3	0	0	135926782276190771156971595827006309035610172770875644200353792000000000000000000000000000
16	2	2	0	492270202512960492933139607202090093955781537209033099837440000000000000000000000000000
16	2	1	1	33026334800698320346794373293775125350268031892922417807360000000000000000000000000000
16	2	1	0	-466318294103678771831024285977268691278557335100219869358133870592000000000000000000000000
16	2	0	2	1520411874706937250487170996139507750796032440789683404800000000000000000000000000000
16	2	0	1	41756513603120812749837477873787656231601064142714471776318914560000000000000000000000000
16	2	0	0	59465600650737023131975210876199745819723842751288780135718192681058304000000000000000000000
16	1	3	0	-2956805394199657012782405198626469044863883666221700915134464000000000000000000000000000
16	1	2	1	333826761324945008313017543655847868686016577988639624003584000000000000000000000000000
16	1	2	0	2893776269175147053549502463663876486628044663787032659553418005708800000000000000000000000
16	1	1	2	18222265583134948905533468823892309362184875790113901117440000000000000000000000000000
16	1	1	1	-339785646923885021883806924520634855324228144959582523905867251712000000000000000000000000
16	1	1	0	-809879863208686021754443623537633515150470295178485795240253416546500608000000000000000000000
16	1	0	2	-29529839100205010686758893657439736898360323636466804348965355520000000000000000000000000
16	1	0	1	94938610967452414141835576517164134247300353768729114149598729988997120000000000000000000000
16	1	0	0	59999855550505942922088060832904532889962251923767921040358107158313319792640000000000000000000
16	0	4	0	2973696205549333053242948376828720969249251085902461794087075840000000000000000000000000
16	0	3	1	-1015423537377092021006723957316873968294124310738569358265548800000000000000000000000000
16	0	3	0	-3548686507186723040597610397332844853234590052440294859383249966202880000000000000000000000
16	0	2	2	53714576309618242510162150347320177249896754882616697552896000000000000000000000000000
16	0	2	1	1303154136652368767024982415645730387949784128127335268212024331468800000000000000000000000
16	0	2	0	1338774705941448890592554829914099007561765069024980856900165479454002380800000000000000000000
16	0	1	2	-68368886060062836211248592314158912948196775710593043614159339520000000000000000000000000
16	0	1	1	-459106598413989689961862912634158066896118488999842165324604402026151936000000000000000000000
16	0	1	0	-191427419724262610730491802717007976816114076316433099757261688582567341588480000000000000000000
16	0	0	3	-7081636227255483057788340639464674835017984424369709711674572800000000000000000000000000
16	0	0	2	35560119024288057661140385151824419437876190357559031110483304503050240000000000000000000000
16	0	0	1	38394168811196522146879138399604663859480682805154597869818237453396554547200000000000000000000
16	0	0	0	9271873229603403493498617424969387751657624533549991784121309517261955011287449600000000000000000
15	4	0	0	-355618635459084524987015939702185768956188646609935690366976000000000000000000000000000
15	3	2	0	-4200255601305257921267237142176247116232813144985672089600000000000000000000000000000
15	3	1	0	40868636273258981500889749158449742520218355896970510414852915200000000000000000000000000
15	3	0	1	2046383241532967972088517435767913319928146494904573513170944000000000000000000000000000
15	3	0	0	-15000443588355365176004397002116424047773215075464386616755095391436800000000000000000000000
15	2	3	0	51436647689970437369625647483837211985788471239768266506240000000000000000000000000000
15	2	2	1	3540736673032565769384192606602766749270496109080556339200000000000000000000000000000
15	2	2	0	-140093917896676571758655255566242436769257287641768120729059983360000000000000000000000000
15	2	1	1	8606158816979801326244431848473685064765742551611125487422668800000000000000000000000000
15	2	1	0	65390405709333797142459463245263844351983532420219367907343562042245120000000000000000000000
15	2	0	2	149387375302971688875096037820172235968198483719950304280576000000000000000000000000000
15	2	0	1	-7394772076820763382266358549390074018569429740763126908840483120742400000000000000000000000
15	2	0	0	-6956080827728956575033704539198522921185810506899768450689649727864674713600000000000000000000
15	1	4	0	-222130744483809028567353167790051705443470520620578269822976000000000000000000000000000
15	1	3	1	14015590782660029756770913754188504763502885302167068999680000000000000000000000000000
15	1	3	0	354751427850232001645606948393612373256990812049896121359629549568000000000000000000000000
15	1	2	1	-5131311331971976487208285158639736610499928260596111186927288320000000000000000000000000
15	1	2	0	-188585766639249114775985219966105796328412573354466936371205338182975488000000000000000000000
15	1	1	2	-5217956630591522283199401096908904377515255864636613323023974400000000000000000000000000
15	1	1	1	7774264389722450785864622747057543642049379895654016150184574771527680000000000000000000000
15	1	1	0	39311615918333573434412888063633182166515084550153780976196179139204900454400000000000000000000
15	1	0	3	-236851008673158184327368890940975091727396863152866690334720000000000000000000000000000
15	1	0	2	2377782115046088030340983939015059997248834213599374321688183308288000000000000000000000000
15	1	0	1	-2630258015249853766093983310730859714095510756406845326246856668603219968000000000000000000000
15	1	0	0	-2588528880828017231929051591093336214911512383760454003098065893119770178355200000000000000000000
15	0	5	0	210273064068866681494565945892656514103754375848484028599500800000000000000000000000000
15	0	4	1	-33350803208873686076988822998584092350915812523019998330880000000000000000000000000000
15	0	4	0	-411306976835036282272951810594496602900648921916186562737572990156800000000000000000000000
15	0	3	1	57679115401594678227460923203064082199013837963792759284293435392000000000000000000000000
15	0	3	0	273323404289780456134423693150383991089832254019677965570749859446652928000000000000000000000
15	0	2	2	12551597093090798732119831034510495494223455269065125129177006080000000000000000000000000
15	0	2	1	-49459367999442184898920142931636718503198355669592728420445147036123136000000000000000000000
15	0	2	0	-77885151538102566584264925127305258744707730381337868216118721563320962252800000000000000000000
15	0	1	3	-1552300305934829674576027280011754593787461021820899880337408000000000000000000000000000
15	0	1	2	-5590943358604416621918798926614119869172783957501340494086060743065600000000000000000000000
15	0	1	1	15356131124973134297367229966557987674721787011317534413187550934029513523200000000000000000000
15	0	1	0	9643210713489084002060430995149746155329215433947477284776299423400904078917632000000000000000000
15	0	0	3	1132901400175537926065529386428780222069533285835273878373291524096000000000000000000000000
15	0	0	2	-289714248091586481733348710236187274954338141939986233947749934918795264000000000000000000000
15	0	0	1	-1250182152289211509078919495372527094230562192498054311508004924730732204523520000000000000000000
15	0	0	0	-428506530004550949676822847114681897724522681075415228325982491202351259720498544640000000000000000
14	5	0	0	-8444371203897077339277726547105452078970827069081413222400000000000000000000000000000
14	4	1	0	-53525700859523137447500301843551021760145164381022406574080000000000000000000000000000
14	4	0	1	2133119156858292757098319031165353365390312177731528294400000000000000000000000000000
14	4	0	0	339338249139789839994472648239428381344829858066287485856304332800000000000000000000000000
14	3	2	0	5552335374121672719436410683585673002078304680561803385634816000000000000000000000000000
14	3	1	1	344221783191749293775919248501704428491146321623111224524800000000000000000000000000000
14	3	1	0	-4823469304854518407282684729230021439460957501214292113238756687872000000000000000000000000
14	3	0	2	7505542499042523241118487464015211572208204285331321651200000000000000000000000000000
14	3	0	1	-206943268941697231970840719112283665081916848382547003851354931200000000000000000000000000
14	3	0	0	958376284261594007167726254417308689296334373689759307958876623207399424000000000000000000000
14	2	4	0	1953721344004460433193286741364117572423934985024359628800000000000000000000000000000
14	2	3	0	-15768549983426211988674191122011928619761199872644521403403468800000000000000000000000000
14	2	2	1	294866748579853028260316220932589020159478412557180242755584000000000000000000000000000
14	2	2	0	15726509669674625281097910940198913619924178173030832316617463326310400000000000000000000000
14	2	1	2	-5477772236877224265389469675247629147109801687186554224640000000000000000000000000000
14	2	1	1	-1165077591018857561586821477936541064150882250538006753168970481664000000000000000000000000
14	2	1	0	-4776104333210310711641458508456846598800018922382124124175197096659386368000000000000000000000
14	2	0	3	-1930585076086157828866882394226940795417964496385002700800000000000000000000000000000
14	2	0	2	-117893842169773572636059249327468429628114240625084215356030976000000000000000000000000000
14	2	0	1	483665299768573486530495531816996582529602434238094129399550273768128512000000000000000000000
14	2	0	0	413700976250313695761107462077865183694139528160535464257717943281518179778560000000000000000000
14	1	5	0	-5898693142576178844624251042853019382504807096028349071360000000000000000000000000000
14	1	4	0	14455366620291227334609574299806072526481117801623699106069217280000000000000000000000000
14	1	3	1	4382802655764548548000242289072159730845933620495123153420288000000000000000000000000000
14	1	3	0	-13215464592377510517040735123965479212683153608864479640150533094768640000000000000000000000
14	1	2	2	-466974183803269286460599990143455386898133721336384770277376000000000000000000000000000
14	1	2	1	-3330134301240692204112045396077303887744118574529658978336000861798400000000000000000000000
14	1	2	0	5485494874491778983435069383800162968430786544901498374386365948318921523200000000000000000000
14	1	1	3	-25938185641123264315528386223510395427597858738990775009280000000000000000000000000000
14	1	1	2	537132426968018706573391325384651096994144163053727416716126846976000000000000000000000000
14	1	1	1	523532140758456316224838347109420389409315344171251764930636013899874304000000000000000000000
14	1	1	0	-1004587584911521225182806677281198054430653866436137971850551007780774388695040000000000000000000
14	1	0	3	25632706493836903174306155472127621318201281060795669425841766400000000000000000000000000
14	1	0	2	-118416753372605480101132479085323907302208515233053803666952503164928000000000000000000000000
14	1	0	1	17957287941634358734637741281931802152296497538864996541777954383822061568000000000000000000000
14	1	0	0	62061331484775128421354568991135353939127404269695450337769701874317338964551270400000000000000000
14	0	6	0	4452346914396483014925423386017872257077074734629307547648000000000000000000000000000
14	0	5	0	-11998555892826506735712099635253783088422915522679805907793084416000000000000000000000000
14	0	4	1	-6474013727875388818303075153117194796955995885080451946832199680000000000000000000000000
14	0	4	0	13329417329963154988756150136839820255017450668327112926327565140885504000000000000000000000
14	0	3	2	1900059898803244552114865502681924595354470469402475092141670400000000000000000000000000
14	0	3	1	6837674331421955915230984291060702108690096847413266918876799775539200000000000000000000000
14	0	3	0	-6947563314722953828654660959013406945215544164995824489806742091801506611200000000000000000000
14	0	2	3	-85064478945776543437559495091849264408567351548739355410432000000000000000000000000000
14	0	2	2	-2697625272234631422107332252447197245870291153086698016202095696281600000000000000000000000
14	0	2	1	-1876386547662098555299274981058426411141940389965153285769448771676641689600000000000000000000
14	0	2	0	1729864106304588160324432948667300322664713960943188862931007327575495902494720000000000000000000
14	0	1	3	171035449965770986760946864737442408319023203052953879259276902400000000000000000000000000
14	0	1	2	907369320918407266236070533424204848725951762733108201484394595065266176000000000000000000000
14	0	1	1	106090803431562448131648942679008926128558045735187814556545116225551560867840000000000000000000
14	0	1	0	-196183842620169918728662137502081984315638358588570962051046272906905813788498329600000000000000000
14	0	0	4	6561836697407809980390907071337958625674457856059990299639808000000000000000000000000000
14	0	0	3	-74644429145189257450663083957332166093560674959661533937585681606901760000000000000000000000
14	0	0	2	-60765245546251021965310741370274453619372960261194059440576342938989101056000000000000000000000
14	0	0	1	4038580480803227142656523558420489798801813974792388640913097923199980488831795200000000000000000
14	0	0	0	8152825741129861958470110882442492850333068492377628309703872219858589756144750690304000000000000000
13	5	0	0	4210639452498591655959880650787909927317500155314611209371648000000000000000000000000000
13	4	2	0	2322838667735265798958905312724014534062585155038058905600000000000000000000000000000
13	4	1	0	114892582275359713063001761158532862399584531691602715589004492800000000000000000000000000
13	4	0	1	4163884401869108892991295329775507167502824604716474986135552000000000000000000000000000
13	4	0	0	-46898407955632719497054943916077208247559795766902079297871877557452800000000000000000000000
13	3	3	0	390809801577323742882123848447989790726995744376882536120320000000000000000000000000000
13	3	2	1	17261987726637513882992892626214218350205673194074511769600000000000000000000000000000
13	3	2	0	-634343710862076244467667356349899894986134087725248924654166343680000000000000000000000000
13	3	1	1	-37125723631512300504108553237494580500939166878524384024199168000000000000000000000000000
13	3	1	0	291749631924871743775884309735065541830606889980130131922717789357342720000000000000000000000
13	3	0	2	-2298755484890315970575894817193732299197109201977390917484544000000000000000000000000000
13	3	0	1	6499193113779847495919215090641815643434911571405994155526291927859200000000000000000000000
13	3	0	0	-40602023683764942185336212394233929439694898570961402823742624182623115673600000000000000000000
13	2	4	0	-744816740314856932979153986382307429249181439620569209241600000000000000000000000000000
13	2	3	1	-45561760161363365428070699527660581447765264780235018076160000000000000000000000000000
13	2	3	0	1412992558173744896483921914732378672526147151556365695080602796032000000000000000000000000
13	2	2	2	-5107588471958802478848024641001797744397763959221492121600000000000000000000000000000
13	2	2	1	70938261842347471841745881390392353331363924200286882186678763520000000000000000000000000
13	2	2	0	-853362599155203645422241761658746166240015277492886948632855208081227776000000000000000000000
13	2	1	2	-23439311282842793156072937276638070858364401789155530843462041600000000000000000000000000
13	2	1	1	18313440517979716123695065111632336612081928214998326916948953808240640000000000000000000000
13	2	1	0	196216854536442014067416955156556086252001156401862276569912106782313729228800000000000000000000
13	2	0	3	-504896134148142514470431005348711635741148313210019259613184000000000000000000000000000
13	2	0	2	15319301130192330198325652335571451505457897932171122107180622073036800000000000000000000000
13	2	0	1	-14123030275329641247935630039970587101636251980939909254112479330020674764800000000000000000000
13	2	0	0	-14424750732678496678950939880685278511358345272225721641692332020356810738237440000000000000000000
13	1	5	0	-218559418430210575310220981600660840106587251781540744108441600000000000000000000000000
13	1	4	1	453119462152375864621946514726760482613158196560798463033344000000000000000000000000000
13	1	4	0	224021896466813355831361189263769476653474683857312304696895786188800000000000000000000000
13	1	3	2	-24003608207999348708650563202547931241355864107397582684160000000000000000000000000000
13	1	3	1	-670276478507177414988872583200540816974707486369565714609946492928000000000000000000000000
13	1	3	0	-16336387256552686536667151021263676182074554799182696194010796288638976000000000000000000000
13	1	2	2	55642791644522391317967841253552845555695909280116962495519784960000000000000000000000000
13	1	2	1	294512298356236283399818426977322955430581303191104150689474847442993152000000000000000000000
13	1	2	0	-37376322323682165108446893167967365835849282020976844710026341507165973381120000000000000000000
13	1	1	3	2827149215007670318459218508941904134317761837212869407329484800000000000000000000000000
13	1	1	2	-31983008265043743897301996512618148617637506351453123979650214825820160000000000000000000000
13	1	1	1	-44520754086658820215823481333791153752429599182024680796103125075007583027200000000000000000000
13	1	1	0	10977856977925679400652453691496965365011574068757606691427079038935867112554496000000000000000000
13	1	0	4	194664436827614318774092345354044193531403578829853960437760000000000000000000000000000
13	1	0	3	-686607190375408252267797973057424922135902016989776812224771260416000000000000000000000000
13	1	0	2	4501634950899943050714909615534173110172839407449574160037089182530666496000000000000000000000
13	1	0	1	1409353181042484739979234530127323315526189605329468532293767183829396577320960000000000000000000
13	1	0	0	-797628363143433432995171196760838249145958414367404924449008067823092011740063334400000000000000000
13	0	6	0	466126503786766711593277979908223824030726012477795893573058560000000000000000000000000
13	0	5	1	-594338241731250579017988600770651476323536067872869136203776000000000000000000000000000
13	0	5	0	-863749823239324313966694528562169541951461599037035003725418950819840000000000000000000000
13	0	4	2	63253699734150078292744110968971252134343402610628344414208000000000000000000000000000
13	0	4	1	1297647918642279845049848255638497867992316393570739086703301807308800000000000000000000000
13	0	4	0	524743508319808326612119050792318158345894744661507499860651379970696806400000000000000000000
13	0	3	2	-206082886931231344427927862546527662721015250105043352539159855104000000000000000000000000
13	0	3	1	-877655817568902395491975532311020083087306699790867608396229350340427776000000000000000000000
13	0	3	0	-136642619351722980832690939487628439296284322039994115833741097789340946268160000000000000000000
13	0	2	3	-5436952120091357128664341247125920074670398982974749963305615360000000000000000000000000
13	0	2	2	176492725337336016790185019909816961144753065408778639610260104195080192000000000000000000000
13	0	2	1	239709672569249117736191705611831888017706510928677191103283900197351351910400000000000000000000
13	0	2	0	15828743731072359903794614791083840225177106227752886575490440486215096277873459200000000000000000
13	0	1	4	1431219991146526461556320082551473649634966603181373580640256000000000000000000000000000
13	0	1	3	-2661908043891277006227841339663596126076007647250544587900954502758400000000000000000000000
13	0	1	2	-48147919910278175167481002002079338495090932448592070005912592632179484262400000000000000000000
13	0	1	1	-27076429074711685662749767025574382217871586845027695130971909855163546114981888000000000000000000
13	0	1	0	-707914296287965010468808419203926007945404733532189574187537006983473972195434168320000000000000000
13	0	0	4	-1067266450202848950854678478017767867726794707818881536236153995264000000000000000000000000
13	0	0	3	2260151200916584661561042941918739731515771302052776825115031265492336640000000000000000000000
13	0	0	2	3450530228442990666810034488997759990664100925485520036716296658210045957242880000000000000000000
13	0	0	1	1060849057075286675618665307071654634281539896252937070282164093503346244346361937920000000000000000
13	0	0	0	4510446717814636649698692342113866996226243646057734573770501526082082499986736755507200000000000000
12	6	0	0	-2636705347018232909058388981625553567835338540459648614400000000000000000000000000000
12	5	1	0	722410441229809860064380150654309259477030274811704975032320000000000000000000000000000
12	5	0	1	30498946583362943472054208648963917605891559339477644083200000000000000000000000000000
12	5	0	0	-44052250453352171272393533297915662376051865945452671554572779520000000000000000000000000
12	4	2	0	15345794134674927542228228323575071866097834395286760358674432000000000000000000000000000
12	4	1	1	707120231265481938643212145286429837155341577817265914511360000000000000000000000000000
12	4	1	0	-14567531082656889467047940611262887575191898986947948850224406986752000000000000000000000000
12	4	0	2	5285171307264161189896244937137895225517372292156778086400000000000000000000000000000
12	4	0	1	-656176786181485180682379254233425798585217115330654523266118451200000000000000000000000000
12	4	0	0	3081364103776863446741728811387954346538613098888206482911061331236880384000000000000000000000
12	3	4	0	10728910431482121700925845833931764296022965002506652876800000000000000000000000000000
12	3	3	0	-36339552773814228727233298702499268194797341034979475534643200000000000000000000000000000
12	3	2	1	-3958434513380239242452880629933290724973318219873326601338880000000000000000000000000000
12	3	2	0	33226297079368539311245623873296894282338456858679250490454228493926400000000000000000000000
12	3	1	2	-344801270913213311474819374597651167912289060776634786775040000000000000000000000000000
12	3	1	1	1354562768532556388264366255943778237256733152206229360487274905600000000000000000000000000
12	3	1	0	-11070079499027396269194830191848279921314873086858127439793755116676317184000000000000000000000
12	3	0	3	-8944846801946928090099470854288872826924042674444120883200000000000000000000000000000
12	3	0	2	74605687428157875168560328641586816199946813045947496841766502400000000000000000000000000
12	3	0	1	133439141231371345704876391274004776118115735389726041495364710342590464000000000000000000000
12	3	0	0	1229733010562094169124426944993705928465852433340944169085026001170019081256960000000000000000000
12	2	5	0	-12217353121599854843364396950880238815433558389546182246400000000000000000000000000000
12	2	4	1	-3576303477160707233641948611310588098674321667502217625600000000000000000000000000000
12	2	4	0	38531692971488421679072093073356269805405993713400787028274053120000000000000000000000000
12	2	3	1	22838371707683827552259970867770275540959074730143316161278771200000000000000000000000000
12	2	3	0	-43650150087652839973243172806379674027022220950435184219891588409589760000000000000000000000
12	2	2	2	-1640883555239028952649727751551378774893802891456075056283648000000000000000000000000000
12	2	2	1	-19477723111938217093541085841634245959660612508256829546508316993126400000000000000000000000
12	2	2	0	21110897298208864578043188565719918448026834697392031719076498756101105254400000000000000000000
12	2	1	3	-52352982222126833180015614849515151200203812157235029606400000000000000000000000000000
12	2	1	2	3166699519213101581954280933730986141161015907527402686755901538304000000000000000000000000
12	2	1	1	3934931960783373969280911798831192829355505078983077634924360187110227968000000000000000000000
12	2	1	0	-4277591207215278354601580505384491756780149917140848083488530600852002019737600000000000000000000
12	2	0	4	1402023219968786457640946787834247782030028970200242585600000000000000000000000000000
12	2	0	3	124000235693635968573412496641409312465953996008085597619591577600000000000000000000000000
12	2	0	2	-978756061667423166596331845504823601709875353228983787378586147979526144000000000000000000000
12	2	0	1	1040291102848617761886747913775567918398126623810226035720492938206201774080000000000000000000
12	2	0	0	289699536738361752119301947529345380210443724540139911159726260042585817518964736000000000000000000
12	1	6	0	-21554497911603861137098680843767951942020541627334012174336000000000000000000000000000
12	1	5	1	13556278039226123389594188634361491007554942848113867489280000000000000000000000000000
12	1	5	0	55012026719852576099707235926761114540056850565992810017005240320000000000000000000000000
12	1	4	1	-41815503179698939256221252243855591232392029717679556053885255680000000000000000000000000
12	1	4	0	-44487742610898702046866866995205793670881133564640854452395251310002176000000000000000000000
12	1	3	2	984385070115873471447121088194853282572985101878202351799500800000000000000000000000000
12	1	3	1	35739783045768084120374361322347639217994750305842135826590376919040000000000000000000000000
12	1	3	0	15441938708244159556382459612949132215356838468348363377119670382275382476800000000000000000000
12	1	2	3	226406649809328172699227401315849917462633021541290227007488000000000000000000000000000
12	1	2	2	-3048627300276941886422511531378281929749621268959709870823284565606400000000000000000000000
12	1	2	1	-12003860969240959682344211655923434298607503239250176403229208994263125196800000000000000000000
12	1	2	0	-2332094379229526328763373681912419860838763649855257566275146771015004523069440000000000000000000
12	1	1	4	21197247877026584072138020362786491549942294746825186344960000000000000000000000000000
12	1	1	3	-109429446052962723435023818497866689667121134327987338621885612032000000000000000000000000
12	1	1	2	1430252546577562956652661195843620614863046039365146874365385212283584512000000000000000000000
12	1	1	1	1637635878531233857250462640599201506312064434949762984203624384461213479731200000000000000000000
12	1	1	0	114112311891031238723014543671731736547595162469619204081341985427524600140398592000000000000000000
12	1	0	4	-12682560069785106447887868795468535860814741052587490887807795200000000000000000000000000
12	1	0	3	-32329675445029540215404584814187628395939754185400375164983465811640320000000000000000000000
12	1	0	2	-159656914762043457969240310864685856127314889777722412218482765315290064486400000000000000000000
12	1	0	1	-66242324309865653223014312803648038886253308549995302977275535709826947859087360000000000000000000
12	1	0	0	1118945973255681126988427443100640000602665804109646902957387558798702245835106680832000000000000000
12	0	7	0	23470867818053876482455945499693199972636651108944883535052800000000000000000000000000
12	0	6	1	-12314559840772653519004124440856495965681969011277569196032000000000000000000000000000
12	0	6	0	-88979384324553713577971158259540784207026864405570119585613689651200000000000000000000000
12	0	5	1	55409137560956706861012963273597766213221466640703654249224994816000000000000000000000000
12	0	5	0	102962084337916269043880416467818994926276906226967264781372479141576704000000000000000000000
12	0	4	2	1573760737705123902277538314554959714957918014022698338877440000000000000000000000000000
12	0	4	1	-72664227150170925338258683254227484876845496853499050423902140224241664000000000000000000000
12	0	4	0	-53106128144300670382754858434654605941748554016777228599052351541898693836800000000000000000000
12	0	3	3	-1684054222224000104127680340351870113533156872422471726687846400000000000000000000000000
12	0	3	2	2865907050299756895121009792644798031799178665771042265966110803230720000000000000000000000
12	0	3	1	38506387280393648116859059691772888185818568922554283604555528284212822016000000000000000000000
12	0	3	0	13994064282695550632350242137640366200974512722463953186859874718138821848858624000000000000000000
12	0	2	4	78037178775084858220841653291219706749106549330745747308544000000000000000000000000000
12	0	2	3	2242377622370564572944664613344342995067201996159084367868838753075200000000000000000000000
12	0	2	2	-3870569621091364358252098556459854258863394642514065295756516371934792908800000000000000000000
12	0	2	1	-9252392764957978087222116862802773834890833486974337848685102177257047195648000000000000000000000
12	0	2	0	-1955772464592539030135951374756499454660559155134725266978284834411597408706106490880000000000000000
12	0	1	4	-190911165244339146052897858433589619885818486926142554081926840320000000000000000000000000
12	0	1	3	-573975322248249944227918504229704355773475633185698824819647446150807552000000000000000000000
12	0	1	2	1118898721285164719364840757276402273503128746163222017541005322057343723110400000000000000000000
12	0	1	1	995686282361437500426058609786718657103272251675614312050576289315940983865815859200000000000000000
12	0	1	0	138085573426992260824943608449784163489797674946044772935588764633190707855540808056832000000000000000
12	0	0	5	-3547384848694981380349432050101389431991498538629090753495695360000000000000000000000000
12	0	0	4	76191475576685294425102212996738834785100438203301043374814913322024960000000000000000000000
12	0	0	3	-791840734512073631266726082737828069110741877253095078832151724525250150400000000000000000000
12	0	0	2	-82459377124232817856059166476611507906079640459464939557187848834978938242465792000000000000000000
12	0	0	1	-39081195327431913575720338631569457587757811388981038605719930923677600548599367729152000000000000000
12	0	0	0	-3881488266668577220427105719313512671140676962643310255763939121639262421792676581159731200000000000000
11	6	0	0	10199432485627643991172795639710308726379074008984134478725120000000000000000000000000000
11	5	2	0	41598542887169501835726084249343784003252882596140417024000000000000000000000000000000
11	5	1	0	82554500202102215502446638214019534162034100550722020791916953600000000000000000000000000
11	5	0	1	-639538539163531445838058837615600508316628779482622474584064000000000000000000000000000
11	5	0	0	-39490394328357890044789455272178780397527975495610214491326236747366400000000000000000000000
11	4	3	0	946903838432057990405328826850440348976584517236285495050240000000000000000000000000000
11	4	2	1	18663180958207951974088106333898187772431661885923786752000000000000000000000000000000
11	4	2	0	-1611624703551303118709158171410695695755525602781952662760304148480000000000000000000000000
11	4	1	1	-116912620308348389992956773908709165507289515698897097881917849600000000000000000000000000
11	4	1	0	796866978282168136669196837948682787004019215522522739782752463770091520000000000000000000000
11	4	0	2	-5335960124806290439777566960185498896397564722494280971583488000000000000000000000000000
11	4	0	1	43858033384024900195189235610982171007899419914127362343038756900044800000000000000000000000
11	4	0	0	-118986203765981487090170083149138667849500852345499028015132136360914819481600000000000000000000
11	3	4	0	-483962342581962995010514412514152955304707518735388933881856000000000000000000000000000
11	3	3	1	-353736904007167928070400846969237733854820694185574578257920000000000000000000000000000
11	3	3	0	1361889869049544552117554884396823315329965635320250077935759785984000000000000000000000000
11	3	2	2	-21341213438471930770131392567782014156768844251131805696000000000000000000000000000000
11	3	2	1	355774870603399128747919190805364598732294876270228974438459637760000000000000000000000000
11	3	2	0	-1024388635870087592158686040816721952021226031934592206927502141047177216000000000000000000000
11	3	1	2	-6284227022612938563498484218150069354927303384246014671690137600000000000000000000000000
11	3	1	1	-27025093703886083437299120615020525450355556482440947221686048627097600000000000000000000000
11	3	1	0	287059940263033373358947264101502986738318765282866002193309650609933333299200000000000000000000
11	3	0	3	898312771742786373744929594472830945329567023713476059070464000000000000000000000000000
11	3	0	2	12520274972634955714081989061577640631991437617499947133433217967718400000000000000000000000
11	3	0	1	-15054539975169089589029348755379706895517405671820517563267160429787978137600000000000000000000
11	3	0	0	-27516994886100206250331301419552703182495190576914060766572080956892907862753280000000000000000000
11	2	5	0	-1061050811184520211169099579661213692401805626461068613543526400000000000000000000000000
11	2	4	1	1387235238512227290791569487066363061594111259788153653821440000000000000000000000000000
11	2	4	0	1764735576925073672024842827390671035545659681982515368949267929497600000000000000000000000
11	2	3	2	-37161524793589766463884375271303270459655186886282339942400000000000000000000000000000
11	2	3	1	-2733306267503717977826299088525387257314163329723932781808321560576000000000000000000000000
11	2	3	0	-782609798015762340318269206477601187439118522564435828927947638898163712000000000000000000000
11	2	2	3	3499364266090889599007115920703695558902656666899054592000000000000000000000000000000
11	2	2	2	191992825358568169522427638722112575562931379038768312143891660800000000000000000000000000
11	2	2	1	1561651836555409692788366863408689742809268515421648483918074591980814336000000000000000000000
11	2	2	0	67612902103954913908988577043494675636561695932699184409589221465448859566080000000000000000000
11	2	1	3	18823905655793367596469930520812497373479731400347825861558272000000000000000000000000000
11	2	1	2	-172557030473942070063962453971192494907508534248077132228712595497943040000000000000000000000
11	2	1	1	-304272913119778312516157642372966310382154940175150130243268098207987741491200000000000000000000
11	2	1	0	16784114869878558373715049340366281188447577964641216081086308819116834819145728000000000000000000
11	2	0	4	458066824245166966066708391181082542053434927812860285288448000000000000000000000000000
11	2	0	3	-10770392105362699504775289281768858229391472960252316840903696816537600000000000000000000000
11	2	0	2	36778697458776625222049713660892373164151287201978936059800524493457824153600000000000000000000
11	2	0	1	14770293144224744134507794741463174897439948661761864522237571299311627995709440000000000000000000
11	2	0	0	-2110859575472199933583927622142160130014147845508176208277694085073506674220392775680000000000000000
11	1	6	0	1083826219887820739459990004224497846942943310151607951252520960000000000000000000000000
11	1	5	1	-419742240718071913645515640654535829694512115714851646891622400000000000000000000000000
11	1	5	0	-2062546425634715397436209763257023313829077220183207164628802784460800000000000000000000000
11	1	4	2	-231800847835045882636287345031538210223241475474170281197568000000000000000000000000000
11	1	4	1	1253992849319524825543445089079950559177261609989484213882884561305600000000000000000000000
11	1	4	0	1430017401986646560090541328978269529388611833615566092692100790822004326400000000000000000000
11	1	3	3	19637808985200527616148548513620128151239523323089581506560000000000000000000000000000
11	1	3	2	95715850019132097259222257478099883142559332984946404787709018112000000000000000000000000
11	1	3	1	-980604315607314701021282727920760773774871699725583642104120203706105856000000000000000000000
11	1	3	0	-476405608124947126739262496115504420761720147099989690906742043197501027123200000000000000000000
11	1	2	3	-38998885422927108947304264778957702937365220476524323561181020160000000000000000000000000
11	1	2	2	116592059118441278330864007623833129722893001989557295656416462979989504000000000000000000000
11	1	2	1	309513490973234940587140564311893734268682241733789315638430472617637005230080000000000000000000
11	1	2	0	79710569633217224125418134350687669857921154500681372916741394612979814372684595200000000000000000
11	1	1	4	-23663256234327967153166773207914205962703975366140790151577600000000000000000000000000
11	1	1	3	5500715479670646280497040006995523255203820644770073487870449439211520000000000000000000000
11	1	1	2	-54990180614860697926633280953634101106719258466659021765274203940958555340800000000000000000000
11	1	1	1	-41799877623958416471666707392681814062631049078572495173097635701333701104238592000000000000000000
11	1	1	0	-6164547827036861861451664485083626755485438063630682030263383780502495525451123916800000000000000000
11	1	0	5	-92547843142143293822589353903435464447536813434293048049664000000000000000000000000000
11	1	0	4	-669288089281625785527107938901922419183762284200710199627661443072000000000000000000000000
11	1	0	3	2632666828831753290574026731796812578195297195738119748069624681114632192000000000000000000000
11	1	0	2	5449316998773344028545625444936225549604375178799971390810865269776293298176000000000000000000000
11	1	0	1	1888402840548638039351141171947268245083575940154081223268986512146677631166080614400000000000000000
11	1	0	0	167748463316347603788316819278949954545094045621071478647485561578066657549911381245952000000000000000
11	0	7	0	-1261662330787489201486118594706581847088159013067487409709514752000000000000000000000000
11	0	6	1	-317075632393281266894952850914819378367757993523047788582010880000000000000000000000000
11	0	6	0	3635066374402468748784542799565222460645623516559090540393513908961280000000000000000000000
11	0	5	2	549508275136732285988041575965735267093588929647836687813836800000000000000000000000000
11	0	5	1	-226934878962625761363608014427659902628718632438586896978488317706240000000000000000000000
11	0	5	0	-3499776431044216131566934521394710893516527731034279015487444022757792153600000000000000000000
11	0	4	3	-57559836658251053513908867548413205220682976816290013904896000000000000000000000000000
11	0	4	2	-1181079545346602516602488100577887088346951296802588487522878436147200000000000000000000000
11	0	4	1	893000792981436586739234195820751460766229527854978965665820979387537817600000000000000000000
11	0	4	0	1583677659606223096151357014244599995765843424118069852742028232367310928609280000000000000000000
11	0	3	3	235742747293524004437502821195757503478472879936566527063289233408000000000000000000000000
11	0	3	2	679375773761571269696118979489707935168620663426276219014991832571445248000000000000000000000
11	0	3	1	-562787470221853753636785111061040229514329305303844245879201746276571393556480000000000000000000
11	0	3	0	-379538336170974817565992374990642741655908009818621963274915427362650940928897843200000000000000000
11	0	2	4	-3900368878431375879158174689359971579557969570103912262040289280000000000000000000000000
11	0	2	3	-193703570499795501887107514436312349132646504334829671772591997356867584000000000000000000000
11	0	2	2	-127272153248340124956185486249452506308298735201900077677685725660254201446400000000000000000000
11	0	2	1	140605442852857163122567781148121637429464002350708829381539553423911624503826841600000000000000000
11	0	2	0	49489399006672247748009372007120904782778937990899953288803984401091420935731122536448000000000000000
11	0	1	5	-767195944628789589587849035285452893821894589239244602579353600000000000000000000000000
11	0	1	4	9429506768422571815839429446162068798150579644523114936967020255641600000000000000000000000
11	0	1	3	46830938880946797127155004544049710151374117848133376300042758174387522764800000000000000000000
11	0	1	2	4178154407800554775957299841162399567240314619350518771745569867260555060838400000000000000000000
11	0	1	1	-15194604029925835398952065283975988592225179851017484265652517600813884019144245903360000000000000000
11	0	1	0	-3316078794681267213698932944505775180043007651390898061937303487887871682446997972634828800000000000000
11	0	0	5	558606709504705605736221211616169812222123824801053013594514600755200000000000000000000000
11	0	0	4	-3021861949763018261381914680598056470687539711589126062330112472143364096000000000000000000000
11	0	0	3	-2618431113409214294930773314102585159375724288992559520961711514729615825305600000000000000000000
11	0	0	2	366325443884630903038687543821916730936676606046991324997408765848478802817266483200000000000000000
11	0	0	1	592698755477188836326348955901407454762046275071199284006877903098094457685255070836326400000000000000
11	0	0	0	89415818616518608882318530513247564665292154717967390783891185824637447545235401790088806400000000000000
10	7	0	0	40677840799805089176753913528142164152320591702424079564800000000000000000000000000000
10	6	1	0	1900859537337473405585903226482108773681772815443613848698880000000000000000000000000000
10	6	0	1	49376366546282297882972857802015331773790560364829605888000000000000000000000000000000
10	6	0	0	-985254498650675810214289085667623960140634766898201746696013086720000000000000000000000000
10	5	2	0	16905844446193155285942204598221708837240273968328760230936576000000000000000000000000000
10	5	1	1	253514836190439552387631050318881623089372998091198399774720000000000000000000000000000
10	5	1	0	-17285470269013823820091005433262400184803383757198641499011001876480000000000000000000000000
10	5	0	2	-23977615698354568143873654251434829972711398901343584256000000000000000000000000000000
10	5	0	1	-331889904153375398400941161872436141937138185965760139817344040960000000000000000000000000
10	5	0	0	3560186728543598192032241556727740461655581404437629044817835401894952960000000000000000000000
10	4	4	0	19639361467797782096610022882451365152042037631707093401600000000000000000000000000000
10	4	3	0	-65830636657208178705967923309257759268198239958629542895655321600000000000000000000000000
10	4	2	1	-8412652135509100768028402416651135217936926830708954123730944000000000000000000000000000
10	4	2	0	62064321502465671953438898655862919521516386065625972676059382729932800000000000000000000000
10	4	1	2	-779397575337559061507722066861428230524123706813311415746560000000000000000000000000000
10	4	1	1	7768536481243851391878127680684389342103284707848147426514393104384000000000000000000000000
10	4	1	0	-22950851049830539169426740685277523771609646189868347821006389299606716416000000000000000000000
10	4	0	3	-10056355849701845461671230362359069651488882601555394560000000000000000000000000000000
10	4	0	2	518582736160836529691664863976356859806968402702929844958448844800000000000000000000000000
10	4	0	1	-1598550086109621266935578328332680650016927019662375499056697271872651264000000000000000000000
10	4	0	0	2878206524506675325207886270549937116036843071159315368959720502177435704360960000000000000000000
10	3	5	0	14567400822567394428973259910800083530227791378295732305920000000000000000000000000000
10	3	4	1	-13092907645198521397740015254967576768028025087804728934400000000000000000000000000000
10	3	4	0	-10985454733923532010315589365257717437400672793900765225555066880000000000000000000000000
10	3	3	1	40768293554446111411381397093705020245171054540243976280290099200000000000000000000000000
10	3	3	0	-20528483558368076790426159789441078234715021260585446287802654722621440000000000000000000000
10	3	2	2	-1496732160925665174269133014512804218224780024942735703146496000000000000000000000000000
10	3	2	1	-24724137047997988668783318834493005288879711004726977481733050466304000000000000000000000000
10	3	2	0	18672532384922336488956998495098947053252359878131229604488395104308323942400000000000000000000
10	3	1	3	77830043721786586192802009490846434336323753334470795591680000000000000000000000000000
10	3	1	2	4300889380737264200407881954137863851005984858011360089072577019904000000000000000000000000
10	3	1	1	2682449568015811116677243364930936755765982342444972030212535719766786048000000000000000000000
10	3	1	0	-4984491740293367666930596025298859873906943490928470624014060574348505503498240000000000000000000
10	3	0	4	5445675169266543412840791551041259064995962691059187712000000000000000000000000000000
10	3	0	3	36092143855498458196789977206645521678552484095797582793329868800000000000000000000000000
10	3	0	2	-1349451501143256512833125241470255593280658105200544195669412103724204032000000000000000000000
10	3	0	1	330386360527368068227780214423868439920173181284985833359388630110290743132160000000000000000000
10	3	0	0	441812704729763320157769527228330768281569783651364891113959732589984916514537472000000000000000000
10	2	6	0	-55059799859193078935898856367887504461689229084458924113920000000000000000000000000000
10	2	5	1	25008850836666704902098756068936184927655790795462792970240000000000000000000000000000
10	2	5	0	210926317837559073994844835445566598517065739896272226368368934912000000000000000000000000
10	2	4	2	2182151274199753566290002542494596128004670847967454822400000000000000000000000000000
10	2	4	1	-120009104685291092382925994602433827464077244589438376707652321280000000000000000000000000
10	2	4	0	-228993156601520396472516865790789715383101967909140131611253721125617664000000000000000000000
10	2	3	2	-2094900682695305596979240780807529908157813834246947570555289600000000000000000000000000
10	2	3	1	140294055343250219007985785357137970242902652484535443202700622126120960000000000000000000000
10	2	3	0	101720914547707190085296925051740242583986085135253328143555680058779841331200000000000000000000
10	2	2	3	1062881671237371144238920145748628607299053040111621727322112000000000000000000000000000
10	2	2	2	-4406290646154490132966575773950520487107421824313382081568303166259200000000000000000000000
10	2	2	1	-61553750080573891847423444791871839868028749573525902982232088179372353126400000000000000000000
10	2	2	0	-20455178735662353164725212512693648251358769045543178102964753207626136939397120000000000000000000
10	2	1	4	58309592400830230706080428450807556474915798782866683330560000000000000000000000000000
10	2	1	3	-1847969216995915840204575804410810567633691370227993726900366213120000000000000000000000000
10	2	1	2	4264020927234758045183074168673080996205531676500994877506458889888989184000000000000000000000
10	2	1	1	10597388244455486632323938469895717883518955224004479389710922216277145341132800000000000000000000
10	2	1	0	1788104201727167493230430119235517752086092183780029448637699113222491421944682905600000000000000000
10	2	0	5	-586775637539510528830413557703381865817954034644523417600000000000000000000000000000
10	2	0	4	-67649003758355769423443189013469241696116259829943472595822182400000000000000000000000000
10	2	0	3	518822327803764015134233680394651800341257891876886718384921967243296768000000000000000000000
10	2	0	2	-827700640319817471935818642176977101746324158623247671980220908114181210767360000000000000000000
10	2	0	1	-554470270522664923249191993722758922315630096482586193439245036684997642074193920000000000000000000
10	2	0	0	-52178001719992273624449862950454567675955214963740018496494892723256925810163185614848000000000000000
10	1	7	0	-24218553177958911163559799015052743399132577523035820104089600000000000000000000000000
10	1	6	1	29004612280979142543483116280081845393157676970407643578368000000000000000000000000000
10	1	6	0	22502114537647273610526756004490764499157742614310361198029386547200000000000000000000000
10	1	5	2	-9954883703618612126141058679734293145910573751631567912960000000000000000000000000000
10	1	5	1	-34136172361691234448187472453014144275361055532457285786728923136000000000000000000000000
10	1	5	0	4495731921133347590827511449898912696371772483140136428256120518213632000000000000000000000
10	1	4	2	27812363326312894884829348717877049949744504096713642861354024960000000000000000000000000
10	1	4	1	-10217786392362683748418527391165137888384956445858873162925129599025152000000000000000000000
10	1	4	0	-12593723359124415130055018603096865065786887372676888833098986392335742402560000000000000000000
10	1	3	3	-3608156914895660704817738530930387940046770048027883062742220800000000000000000000000000
10	1	3	2	-9706125105242008480776076676756612216612719272053326741186312006533120000000000000000000000
10	1	3	1	19596823418495472047046690565537111787998750112050332851653159791203922739200000000000000000000
10	1	3	0	5919413195259718180956759219429130715183695895751503103301296196946448309288960000000000000000000
10	1	2	4	40485066854110808117504280255012572194337928951868982034432000000000000000000000000000
10	1	2	3	3886796679723068048832728232028058349970150115031655262365297095475200000000000000000000000
10	1	2	2	-3524999630452520507921818754707453640878910143885264932818673268021631385600000000000000000000
10	1	2	1	-6958559416437564291131836012044984096964869466699641721020315933230386391285760000000000000000000
10	1	2	0	-1217418292124229848881975777911263992641083242140362750605988565417602594437972623360000000000000000
10	1	1	5	-9979804600735324570672960966332450492126097555321824215040000000000000000000000000000
10	1	1	4	-255808984701232037255192425973331066464831157552387093998868627456000000000000000000000000
10	1	1	3	-677578584146769323713277044975806582733691728987610633421771691454889984000000000000000000000
10	1	1	2	1688414854312400939199447172396215396286125926810088925547298097722237565009920000000000000000000
10	1	1	1	969019838312196262373023696600865713612322619509591510563288002999585757162635264000000000000000000
10	1	1	0	113794845820013269719216642530943147048599219611025206289880799613785964616636621127680000000000000000
10	1	0	5	4482368657642114108373543706554119204776776460679217654729277440000000000000000000000000
10	1	0	4	112734670039282188196462246975058585318700077518482169925923003076444160000000000000000000000
10	1	0	3	-51090201103513685251101238153345965622191301350058704658238312351631251865600000000000000000000
10	1	0	2	-151751322384741499416872800361685351098024881498918916710535012643979080247541760000000000000000000
10	1	0	1	-46035194603912137006206727976717159246981133638852025663265009845192635594506512629760000000000000000
10	1	0	0	-3925895916684507449956081397671006798981843618799658129284400011359762368827498773138636800000000000000
10	0	8	0	38369830218058443483711143161666487674256321888455117032652800000000000000000000000000
10	0	7	1	-45209462160123697941069318713917924169820913009611333697536000000000000000000000000000
10	0	7	0	-71898814242169768620532233635906358050823464680821869502465363148800000000000000000000000
10	0	6	2	11028836370895829198313916177107653701061648418804502364160000000000000000000000000000
10	0	6	1	174061586103338644555893972674838121461991697974878474056990352998400000000000000000000000
10	0	6	0	28063944308021312487668479576826585338928843751490197850061493994782720000000000000000000000
10	0	5	2	-72461300850849584925062890359136068145876415621361603895439130624000000000000000000000000
10	0	5	1	-184016332468065078906517570772618629362347015663652076914217259630592000000000000000000000000
10	0	5	0	10462720796881506465567384780804850021282797749865495354688913034089877995520000000000000000000
10	0	4	3	4634763625202056673574490673346933871368953350964318046089379840000000000000000000000000
10	0	4	2	100089765113990146055938733510020705392967112197846562313686246485917696000000000000000000000
10	0	4	1	81614770625172433792166384787936323949151345612660821628082147231787279974400000000000000000000
10	0	4	0	-10244204837007417210025433928139685634381161418318333308782758331300478846396006400000000000000000
10	0	3	4	691106383781118024364432861848338217515606359830835822067712000000000000000000000000000
10	0	3	3	-12502208441340922393048884826308750519709230043910289902515732642529280000000000000000000000
10	0	3	2	-51027167608211336833357516498500423108029828971311168691293612035112802713600000000000000000000
10	0	3	1	-17284158090515874021104688130326117634071156345547781983128053900065000025751552000000000000000000
10	0	3	0	2940650815855518533389698058386742250196754542368485521791001077946201352253378396160000000000000000
10	0	2	5	-41473308276296465735702797925474436371849537181838498332672000000000000000000000000000
10	0	2	4	-557445122593194025515085490295043903402028806542286562173959693926400000000000000000000000
10	0	2	3	8130139155303156382747507347643422685635929374497910894474027057574156697600000000000000000000
10	0	2	2	11273193288595443344627981987224607594217306496524559109109065596088665075875840000000000000000000
10	0	2	1	1751587525078365696836158064051928914974527704278359894299958924305603274478253506560000000000000000
10	0	2	0	-405243112884282717844835658998546069005262481659516178735441900046207568069484963535257600000000000000
10	0	1	5	107627080689921955152929205391379496607659423115171296899682533376000000000000000000000000
10	0	1	4	-102261106391475482863312157919285480567098040843832190795990611060064256000000000000000000000
10	0	1	3	-1757014720316300509658149377980113904028726013689726360369890037853958701056000000000000000000000
10	0	1	2	-1072826099150262496989826479486497894155765913612799258703885034498058624257595801600000000000000000
10	0	1	1	-73749958664231105959388182194669657656895027230546496341010146120868130270884780834816000000000000000
10	0	1	0	27398734754881428037627865746888479938477365414248526409810217709213580472742673157351014400000000000000
10	0	0	6	1047829450839097387323419219123772481289056429850304629251768320000000000000000000000000
10	0	0	5	-39706613188923635403775027373266293505808266220693193771047680456261632000000000000000000000
10	0	0	4	64956396746046658660266275923052075538020723127690658213937056235798711500800000000000000000000
10	0	0	3	107250006904104006644381950135686337072695116103460197759358090310808890178011136000000000000000000
10	0	0	2	35910767737088590344553177906307089073117248357910736219912172163132832904494333296640000000000000000
10	0	0	1	641228837129732914473230740413808839589592795705185664123706904544430959369326815294259200000000000000
10	0	0	0	-729598972037687251984448013639624624846288893633746766885761193317218740518592609387544576000000000000000
9	7	0	0	5870122356336584846503761630370583273485904174813765739479040000000000000000000000000000
9	6	2	0	76782136359977769552848225054555619690469435260685359513600000000000000000000000000000
9	6	1	0	-95566478906474631130547541170553373440781224819513525189948211200000000000000000000000000
9	6	0	1	-7063274975577945722662617105386329253345868920314653547954176000000000000000000000000000
9	6	0	0	27688288095802099169182744872336950697264572738758593984370682363904000000000000000000000000
9	5	3	0	974324379661053809852536163465242553650899079745016692736000000000000000000000000000000
9	5	2	1	-18326372141796235459266038301797836973327362799455489228800000000000000000000000000000
9	5	2	0	-2033674719721880509247360006236135410197842358125733514715626209280000000000000000000000000
9	5	1	1	-75360817850845293713774174868717037001160223217413980573558374400000000000000000000000000
9	5	1	0	1068376848412256236119110252781587596232730177866021244881359070413455360000000000000000000000
9	5	0	2	-2020681262577177254283987582341618521130821939667057309122560000000000000000000000000000
9	5	0	1	34718207159337265180852176666009082675656544962399883593997420068864000000000000000000000000
9	5	0	0	-153501496472137948460537183086636695416101862818746167089952408648282013696000000000000000000000
9	4	4	0	-35835572237901144914687079710908913324239517577074511446016000000000000000000000000000
9	4	3	1	-524006437408616002052312614303223067871096765775591233290240000000000000000000000000000
9	4	3	0	512782490995465243106121842120150343567319805375001491863473487872000000000000000000000000
9	4	2	2	-23769421789023304383091101140845092286966132174470355353600000000000000000000000000000
9	4	2	1	691361085048861953983016296105033519964309026852032266077470720000000000000000000000000000
9	4	2	0	-697737445995576365272238240215948712872430084575682243024146601531670528000000000000000000000
9	4	1	2	49742803479458904744047984438891288613327821075965251426032025600000000000000000000000000
9	4	1	1	-256461375363484042268684360881545980315481098956266801331038425280675840000000000000000000000
9	4	1	0	312598429608628022426903155639070918650832395591521498291960850047631255142400000000000000000000
9	4	0	3	2374943057272209330664104630507738652777804153547605640478720000000000000000000000000000
9	4	0	2	-17278001941651460365518586324572863929347684513118980173077528392499200000000000000000000000
9	4	0	1	31380376815851837582439498884800499762719335780657214342251429339973917081600000000000000000000
9	4	0	0	-42234937726051062350090479449673181707738921402513222324652501047703098852638720000000000000000000
9	3	5	0	-1385829778452199628852511190335003155727596315042694437221171200000000000000000000000000
9	3	4	1	1305237250722921835459450318765089999907447090324956600336384000000000000000000000000000
9	3	4	0	1832664721207108310433431364224994065529070181262179000571185961369600000000000000000000000
9	3	3	2	-11952106903733640813931908464390364178321628426042458767360000000000000000000000000000
9	3	3	1	-2819078017224627694686649099324106367087769592746204720742176653312000000000000000000000000
9	3	3	0	-530645350285992560662348656772479483806550709543887670989292394696933376000000000000000000000
9	3	2	3	10579940594024982215468195001228507969016996418252754124800000000000000000000000000000
9	3	2	2	326239326298486753201305712348144870380017519603283305976299520000000000000000000000000000
9	3	2	1	1521314330395079902548830427976056888504240477369293593206237784480677888000000000000000000000
9	3	2	0	-52239427892548682508659425499407987451767248000262441180621429962796380979200000000000000000000
9	3	1	3	13119848961753121894851169034185923218650728397950132979708723200000000000000000000000000
9	3	1	2	-319130022176818370674787853210200392246815937790589574601491562826301440000000000000000000000
9	3	1	1	-244833692239556593020270763520048296972206787440223631377166483077145296896000000000000000000000
9	3	1	0	38720838701945369627773573444178790059452508263182918762323612011334673289445376000000000000000000
9	3	0	4	-70225408755484913027394931162747468801144666262696519270400000000000000000000000000000
9	3	0	3	-9480465747124381488273248879791997707646629957281789798571066156646400000000000000000000000
9	3	0	2	63812831287454726059176046588310206487443628347985328261494345753437195468800000000000000000000
9	3	0	1	5989962504662989237412682109824171331316670974722729408730836416290936900812800000000000000000000
9	3	0	0	-4125374665841573067591745548740820319011659414082543487353362111072970154317006766080000000000000000
9	2	6	0	3735033177284048337807205929509667940005389922193696827742617600000000000000000000000000
9	2	5	1	-671558602551446128463620164249870162344237607434399917277184000000000000000000000000000
9	2	5	0	-9770547175677857016832863748841374246622324109671357718133849341296640000000000000000000000
9	2	4	2	-554864330356192966689270350947267116022258258994355517784064000000000000000000000000000
9	2	4	1	2743652010218539127614601841945907037476081794595812357254730586521600000000000000000000000
9	2	4	0	8465845053576854551915284766463263134671420549735240033668584478791539097600000000000000000000
9	2	3	3	49337988263253109917447292890172546503951934588564348600320000000000000000000000000000
9	2	3	2	824130312515043009953724182859251183533045738401892396987223900160000000000000000000000000
9	2	3	1	-2880739865116576440007183514916144830620522314309163079273050639737815040000000000000000000000
9	2	3	0	-3278275834564276843224461860531212522715661877527696238775547850787315116933120000000000000000000
9	2	2	4	-1154773084840170907961376110058345596929025439319877222400000000000000000000000000000
9	2	2	3	-133779624385654870082781327790088225169353010856512668011855872000000000000000000000000000
9	2	2	2	-304106979431808376936566217658854318028064541766235957958885180906143744000000000000000000000
9	2	2	1	1173109124066083266591764867605573835549326760304763480432762012685644301598720000000000000000000
9	2	2	0	617258569652861740661373173300964811272285933251232382746880298427662622751142707200000000000000000
9	2	1	4	-6794789492067533160247413414634267392131153984870062797461913600000000000000000000000000
9	2	1	3	88737528418280185036917528158426193651734688048743294669547491662233600000000000000000000000
9	2	1	2	-1693891144353405953397071000752926746998870580820550394846366429086954291200000000000000000000
9	2	1	1	-192863323659322750827056212952523439709763041615624613343426746080304246948888576000000000000000000
9	2	1	0	-54608177075358721165575649753801842746660510887285107768905221507587343185604258037760000000000000000
9	2	0	5	-174003120869190923249561174365980190321254140675913123102720000000000000000000000000000
9	2	0	4	3556830582907555107656408904136257538804892140555521723135488635699200000000000000000000000
9	2	0	3	-15588544368221824152226333128795569760735032735199131605014733573672088371200000000000000000000
9	2	0	2	9041875198641091020034710733970950595629087408817203871070510499206989390807040000000000000000000
9	2	0	1	10124452061368447962029598818669534758660360140707887334425017242119172870811848540160000000000000000
9	2	0	0	1796989541168347305979552514474885756148615889876802262960558409742132511162351513029836800000000000000
9	1	7	0	1708114293442220689230385229362299140423146691362812146340593664000000000000000000000000
9	1	6	1	-1960688014197180600733746556129182735893168598183251620197826560000000000000000000000000
9	1	6	0	-2354869737096198262289829765673907081861781016262284834995876459970560000000000000000000000
9	1	5	2	905376201991230386734867869597292191849984823450908662484172800000000000000000000000000
9	1	5	1	1723914362049997956821798785721488401728802815789957542873342421237760000000000000000000000
9	1	5	0	1149768320111795779952064252815983892463637785604783661602710702315169382400000000000000000000
9	1	4	3	-25666738167879721210596482719538029267733030753142539550720000000000000000000000000000
9	1	4	2	-1552307295790054195447872917389315532417260499434471129593306257817600000000000000000000000
9	1	4	1	222904229452607460691880653423648651271579565344743840379720417822952652800000000000000000000
9	1	4	0	-181689192961859110101085826035259719698092302155401683961468008031952096460800000000000000000000
9	1	3	4	-7739034424807864248657877190255788000486621734260472545280000000000000000000000000000
9	1	3	3	328281462354192635930900984309997015228631739033469066175473254400000000000000000000000000
9	1	3	2	528879164568496016267906693764861854373721060742356429565678458649968640000000000000000000000
9	1	3	1	-531518252054959653016061249034757232427217525067058091685068683166901065482240000000000000000000
9	1	3	0	-28516322311818214798213815242771191262894105747980953789126912665321413897145548800000000000000000
9	1	2	4	-6038286601268406531441352378820018817543907744263974378117529600000000000000000000000000
9	1	2	3	-262996496232382878454218558915912256090670311643163356109181220064067584000000000000000000000
9	1	2	2	36368242462433530902249342627117815314632356583646006052300506965173505884160000000000000000000
9	1	2	1	169444967244951796252581507397145508499315488715884304877981058315080493562016563200000000000000000
9	1	2	0	13217559471921938297361501255274479622960509257629260097685677514478948950169071124480000000000000000
9	1	1	5	-399464411954311006776784404618337050732431505347535941979340800000000000000000000000000
9	1	1	4	21686602078242770588067536442739742583489549455034558269906536586280960000000000000000000000
9	1	1	3	52304536337630258558651957322720698782950670120149130980944746832921100288000000000000000000000
9	1	1	2	-31639528380619595328294184604138384310159843589714116194248047259873554519293952000000000000000000
9	1	1	1	-21333915119202049651669209282449561131569041047186482947318366474644688462287743221760000000000000000
9	1	1	0	-1541180737619849281665704228821309283125070612307941626858203966643633531364877901863321600000000000000
9	1	0	6	23796802305627431769216868701983719234453090412205610893312000000000000000000000000000
9	1	0	5	418535598045231248152104850591980577042344119347832450936541177446400000000000000000000000
9	1	0	4	-6189755830774427814878391155043806463296489900972142395596319959793270784000000000000000000000
9	1	0	3	-1542940024326925232264590401545809185544423929507490460485255042864415212830720000000000000000000
9	1	0	2	2786947064277027908378285978212205565451156845072548894804365972201869611570194022400000000000000000
9	1	0	1	945959230374931919823398242068202110587078582613601959120530694100571536559887236464640000000000000000
9	1	0	0	59482307038407502899660817063005346083524876687564427507600496873750568411449371705684787200000000000000
9	0	8	0	-3918038215065521587933559135011933071622543970944756713774907392000000000000000000000000
9	0	7	1	4277864911271705442213649522974721142271719679157770582994452480000000000000000000000000
9	0	7	0	8390048537566704204137841721619141313277614748712102679613291175608320000000000000000000000
9	0	6	2	-677596978134117086967417210732958837305614178398770253581516800000000000000000000000000
9	0	6	1	-11721142533788932060170359063681171281110570086037035907177996311592960000000000000000000000
9	0	6	0	-6790609790022432121253067431620906757769836024543217918944774255398826803200000000000000000000
9	0	5	3	-168822436975795456488233952716351127268238322510422920396800000000000000000000000000000
9	0	5	2	3321135438360768798482465274725414388499479458058730405476409257492480000000000000000000000
9	0	5	1	10690179715443082149743678340139521879923518323085870752553572647545130188800000000000000000000
9	0	5	0	2819744441856637069227686868632035572944616503350881029490795887135922786926592000000000000000000
9	0	4	4	25108575012913875058800521407977996979205533443128851169280000000000000000000000000000
9	0	4	3	132381048421691641441558327000232142493980681906306350730505617408000000000000000000000000
9	0	4	2	-3752639990628827102321385260121177553431824540771905619981087041611261542400000000000000000000
9	0	4	1	-4576270624160503378105369539986808142951380366080721294460641502742266647674880000000000000000000
9	0	4	0	-673070517819995537193940038195376200974583152358795299034669135955662163675856240640000000000000000
9	0	3	4	-105945352584583583248904793151356353856761974032148400880218013696000000000000000000000000
9	0	3	3	190140871528852323699034911686284731296588027682145755479797530498170880000000000000000000000
9	0	3	2	1687403898829388334710839819771641771903673207282823535516716793243322244136960000000000000000000
9	0	3	1	1036567749101294190791931623920660239171124928040173050781913445493095465943983718400000000000000000
9	0	3	0	96255751073730623324945943412962908418641903331046007101103452333207267026527210962944000000000000000
9	0	2	5	4610036788653527721022544127789837045349743961735848161087324160000000000000000000000000
9	0	2	4	73053758019263712121271411329038451393510023103256899293786150103154688000000000000000000000
9	0	2	3	-159893356994561737318059090873934252001608370884878880845613018236612457267200000000000000000000
9	0	2	2	-350169211280304055107573999428386754162887080045320840722761101119584001548563251200000000000000000
9	0	2	1	-127671527351008139491419165771188260469074885390197196385695870797840407638779516420096000000000000000
9	0	2	0	-8170193699165499991284620362263482004061238963126621227222427950816040333263277894349619200000000000000
9	0	1	6	222813657448655332203463909411048400475331828411896544257638400000000000000000000000000
9	0	1	5	-6545918416820467610341651346508747172043215445360743537779227366522880000000000000000000000
9	0	1	4	-11418307254942867845827532693031608470495477564398976296247268829023541657600000000000000000000
9	0	1	3	34999261039151179859846215156292632183884971530835942724034718261666438027673600000000000000000000
9	0	1	2	33302142062192864620558342566478308809096518354659228740373531742419571123266665840640000000000000000
9	0	1	1	8082355979093314529330150948027649223454734739342369408219986531950372319399756768582041600000000000000
9	0	1	0	380861377992419639203956533955531190004004083326055404105543150846802663525391671732522188800000000000000
9	0	0	6	-151840953842935980830890352541249604835381288882475593856393098035200000000000000000000000
9	0	0	5	1670042388986818968178301992380818736397952574631815718621684307852053708800000000000000000000
9	0	0	4	-262052282025674104615994918605251295984789919110545407432447840817521256038400000000000000000000
9	0	0	3	-2172211916670893920497095329221088173369918944442083268664856630834036668857581568000000000000000000
9	0	0	2	-1175175751796251222430828180734761250009216362271778722783804470072610714140398170669056000000000000000
9	0	0	1	-206138493303425921844346290329486785131937185486896874238308068191108744124323076209901568000000000000000
9	0	0	0	-7540539735650595583771610622373235445088579089009787247621701272571826184225124192831615795200000000000000
8	8	0	0	74757173948750032133282502356223769893719338160240984064000000000000000000000000000000
8	7	1	0	1787307370692458621153515951878022442900687463311254990356480000000000000000000000000000
8	7	0	1	13191535951377041332939563392481456819011287047034896384000000000000000000000000000000
8	7	0	0	-983712949652229051181262806294802654913350832630829755853764034560000000000000000000000000
8	6	2	0	5459019810442844986231163104344987377094117624510588055977984000000000000000000000000000
8	6	1	1	-436094964260196605904217970548102363927614682294126557265920000000000000000000000000000
8	6	1	0	-4394899757186608525353297782159228485831016470380160902404467851264000000000000000000000000
8	6	0	2	-41075864233332814158301395551841841545568147994490961920000000000000000000000000000000
8	6	0	1	410530541811109132563095584069405080255583467159361986488759746560000000000000000000000000
8	6	0	0	556931831420680118228970529011791092233944776343383956754739084641959936000000000000000000000
8	5	4	0	11983339200690172126745098707936426194466328046465345126400000000000000000000000000000
8	5	3	0	-74122070253058685051249618997185657841259488519722163768184012800000000000000000000000000
8	5	2	1	-3709783675206756158680256113013867100973335916352193152679936000000000000000000000000000
8	5	2	0	87674692566987740685344510162445635635577982143005067729429786630553600000000000000000000000
8	5	1	2	-622979075094956408933036581680525419532351677984719188787200000000000000000000000000000
8	5	1	1	6705839032249038027587430659182748279523928162708091039738172014592000000000000000000000000
8	5	1	0	-33758478142435379724850378057301459914405599389353755540471838604796100608000000000000000000000
8	5	0	3	4190846864095964260432188655646205291346070229441576960000000000000000000000000000000
8	5	0	2	408890093496256112425210858016303259001432566797910425532849192960000000000000000000000000
8	5	0	1	-1681296696573829168620188133143841630839998686310099127731276081382031360000000000000000000000
8	5	0	0	3947816064962827155499015245403237794604821742211409135141128194502899909263360000000000000000000
8	4	5	0	31422978348476451354576036611922184243267260210731349442560000000000000000000000000000
8	4	4	1	-11983339200690172126745098707936426194466328046465345126400000000000000000000000000000
8	4	4	0	-103396030277229839586217415775710919619945269146357008073616261120000000000000000000000000
8	4	3	1	43193253460376032312343371821843057679715812665130894324295270400000000000000000000000000
8	4	3	0	87771716343811879992155524286028706227914788672150780911226954312581120000000000000000000000
8	4	2	2	-730837036430163383838916804189646497886636732704452973166592000000000000000000000000000
8	4	2	1	-24133164841768532461189176176314983827523293009264483587213420501401600000000000000000000000
8	4	2	0	-24808229609011237706105788850933944163649130894960827702678234663121374412800000000000000000000
8	4	1	3	219277778927169618291931496856076174599776327364423293337600000000000000000000000000000
8	4	1	2	725361636636861488194977278007830627480837804872720365575026507776000000000000000000000000
8	4	1	1	3823818029919784309749016568692481827825296302085228318924708381468917760000000000000000000000
8	4	1	0	1023265203670938825086192724098768119183816992702798925997960300619032533401600000000000000000000
8	4	0	4	5515736654124259396901813159142120038712371287676682240000000000000000000000000000000
8	4	0	3	-175855919121318580695255911853295003025619766236839459859254476800000000000000000000000000
8	4	0	2	-78675011093019632995900753004718423374958942555987810831566093590462464000000000000000000000
8	4	0	1	-179749789754019017439229841135300553614219552666384051873330080062968388648960000000000000000000
8	4	0	0	271714473336459960121011565605627892592970828879250755523760249927823542647259136000000000000000000
8	3	6	0	-1254552054590773575738252309176554248507092121407729958912000000000000000000000000000
8	3	5	1	355061902242671766718373295049968183539743053228602818560000000000000000000000000000
8	3	5	0	80846569316849107072589449401323966360218021070952691675951005696000000000000000000000000
8	3	4	2	3994446400230057375581699569312142064822109348821781708800000000000000000000000000000
8	3	4	1	-89995594403051709138780161967218256069772760613784576498807603200000000000000000000000000
8	3	4	0	-106730322775000188559336711242578298917473392614341625401009058233712640000000000000000000000
8	3	3	2	-70486450485187739040330579652708510996083198651567875240755200000000000000000000000000
8	3	3	1	147420940682963607053506927807808798905398057933117961808773424338698240000000000000000000000
8	3	3	0	48248762809392463122884237906632639049410730436971326146732863790887888486400000000000000000000
8	3	2	3	971929276479847126021220864950281260212814622674212645502976000000000000000000000000000
8	3	2	2	-17064479301289335857095572111648030879248633179179761920885121246822400000000000000000000000
8	3	2	1	-69313167365701600535808959867341993712000342745787540503012951512958841651200000000000000000000
8	3	2	0	-9570244057551667398699756400362187550953613387320481798125493999783720528117760000000000000000000
8	3	1	4	40487718758207490852593210492228544679042093099301575065600000000000000000000000000000
8	3	1	3	-2196544206690135716471964899592139833538847251116411008395958550528000000000000000000000000
8	3	1	2	11556887855632230501651434191894302391454611466890818524743572866998468608000000000000000000000
8	3	1	1	11481598002672759269634956136351047810236567679539794214873818138313031071825920000000000000000000
8	3	1	0	782780050786795672845918692477920879612405956923804129768234457763527112206267187200000000000000000
8	3	0	5	-1648941993922130166617445424060182102376410880879362048000000000000000000000000000000
8	3	0	4	-36621269483104312910483839391510880743440225826762375194214400000000000000000000000000000
8	3	0	3	624586409415687875139955374807618607840900274801466199311507207248412672000000000000000000000
8	3	0	2	-1799769479444762971542999700313131504298710896357579198310281703847468759777280000000000000000000
8	3	0	1	-540812350914527787938202013137885808176204419475934965361254644290989231024635904000000000000000000
8	3	0	0	-12251765817119388888206894189030571797456656785945186111232598207781810634726884507648000000000000000
8	2	7	0	-46397911332173490155793829426929620144157890004566133650227200000000000000000000000000
8	2	6	1	52493929680455450310607500710387518335331345180664323375104000000000000000000000000000
8	2	6	0	15689274623750974492542550673226227847795213058647989586562646016000000000000000000000000
8	2	5	2	-10711034050987264962670927734007373536782248772396185026560000000000000000000000000000
8	2	5	1	-157659827715227364847244906420571758550045560743851474959795748864000000000000000000000000
8	2	5	0	106897417224560841163923061723992766012398210608029968863899379784744960000000000000000000000
8	2	4	3	-443827377803339708397966618812460229424678816535753523200000000000000000000000000000
8	2	4	2	60901290719590014433864912996590132213083514750873775660219760640000000000000000000000000
8	2	4	1	131604203523923227353807964221712890580757265935786343318675968061603840000000000000000000000
8	2	4	0	-111962832244468108636221215333574296185216105654094727243423161330349826375680000000000000000000
8	2	3	3	-5012436226876710840291971147570538029764692040411545822717542400000000000000000000000000
8	2	3	2	-64544936112599827765959311096719040072471137588502257719587551146147840000000000000000000000
8	2	3	1	-35216674450792471608723958595649544782865544314546522059836509871181869875200000000000000000000
8	2	3	0	44072852797966945531301577104001955305574878363717513655541381249958340548624384000000000000000000
8	2	2	4	-75886778551013536287409623404523943877638190455149903740928000000000000000000000000000
8	2	2	3	6467436451571934404478908574342137375972323339092347201205174062284800000000000000000000000
8	2	2	2	24172310742044029853676561177550284444596302217334925296971157897811171737600000000000000000000
8	2	2	1	10897279212559806764857488668428863442100961850239810985323586613022944133120000000000000000000
8	2	2	0	-8192411058329507076973760806683530093925137913697534159682544086658290701670390169600000000000000000
8	2	1	5	-24306443783914773345073455606262103064565272870074984693760000000000000000000000000000
8	2	1	4	257694452780410191631259784976721175944343745485531486504924217344000000000000000000000000
8	2	1	3	-2468009033726840126707179585990973020199512264679428629479574339894378496000000000000000000000
8	2	1	2	-3090776804343456479750287545744755445033377057142915833286017290635556002201600000000000000000000
8	2	1	1	974276432365651985382199595882468719104014380767978886620464699565209287801385779200000000000000000
8	2	1	0	717710562821587094453759588370796091262089564492660281735991558544010532800793155731456000000000000000
8	2	0	6	131846867634479774485507058829318818154707827443105792000000000000000000000000000000
8	2	0	5	20958509282844911222411375603612912973823678473358364631178936320000000000000000000000000
8	2	0	4	-79725640095138982578414876094480023589236099836014741465072879257255936000000000000000000000
8	2	0	3	300489308233200296411341247353102891714741102660501402588379308405289197240320000000000000000000
8	2	0	2	52087704693635626263508259154807761998053511816682710045984170487426921594355712000000000000000000
8	2	0	1	-74635177633958245033936279286598196191343770326081398542364441738421282397596726329344000000000000000
8	2	0	0	-23737265557444815353502443377933614544968949733801729151882311984317622207235402849111244800000000000000
8	1	8	0	-8029133149380950884724814778729947190445389577009471737036800000000000000000000000000
8	1	7	1	12750667422759057222597583217794412991116106089276047884288000000000000000000000000000
8	1	7	0	-26401762209795058617472561488708404741884347858101377042831795814400000000000000000000000
8	1	6	2	-7890264494281594815963851001110404078660956738413395968000000000000000000000000000000
8	1	6	1	35703224861391251816985787232197134417164965088356886318813911449600000000000000000000000
8	1	6	0	35838208895606486488387307118003357758313068291014787836634625434714112000000000000000000000
8	1	5	3	2367079348284478444789155300333121223598287021524018790400000000000000000000000000000
8	1	5	2	-42424526983057062229529208914492014160892044011155083985049092096000000000000000000000000
8	1	5	1	-15280069233225177754238473321800460234463187305176496592343999168118784000000000000000000000
8	1	5	0	-14586768005165022264344956132693732890570062360682457227174720972328701788160000000000000000000
8	1	4	3	2346873511852534127494062166071254304577420919387407922579374080000000000000000000000000
8	1	4	2	68686059359389954801651410060880922652524165171583229927433789673308160000000000000000000000
8	1	4	1	-19506370139155199125485087456739308984729794505805853241148582106613122334720000000000000000000
8	1	4	0	1267882722027964551057042447827604259771926355736421201159784462143720711310540800000000000000000
8	1	3	4	1275396906010188660993946320255776652242279910739569953420083200000000000000000000000000
8	1	3	3	-18903347841590290658969285278013824466745373552512145501571329566965760000000000000000000000
8	1	3	2	-28587597327266998937760289600315078814003031799576750123815187451617266892800000000000000000000
8	1	3	1	13628846813883859772609927537471274739061623055516404593295156351848339650641920000000000000000000
8	1	3	0	650296163777870375846085824694101023759732115597233399339049458050550466932616724480000000000000000
8	1	2	5	-67479952869247229353427731604857626081954759541470321967104000000000000000000000000000
8	1	2	4	45437785589413743779277589618801176365210436081307157896849312972800000000000000000000000
8	1	2	3	12334975946010291720798487370215079152712337142514550448712064089045178777600000000000000000000
8	1	2	2	3855920660846746582437981126652909836171122311863441530616582259224275991920640000000000000000000
8	1	2	1	-3264319235511836820275982908143731050590929650946963440904574130238723433850638172160000000000000000
8	1	2	0	-193485459228841891865560471896302976625619745833573280134419733427597181188797313004339200000000000000
8	1	1	6	2516117677620908569090694708131873300639660648805160714240000000000000000000000000000
8	1	1	5	155777931711866343355265969143180445980774079040675711021226131456000000000000000000000000
8	1	1	4	-838253094508653593662885835266293023706585667219748643261541185793032192000000000000000000000
8	1	1	3	-2404311535826011296039569118311561997537676706962702818388319273716083358433280000000000000000000
8	1	1	2	-21567728040740644428578315538339469227520621001236665512811284937706814487448780800000000000000000
8	1	1	1	344198055760260023131846573640833894452760156013206393564250331352542767979222823600128000000000000000
8	1	1	0	19748889853700098669991616747786742391043900782374144952836422041008980256337349291540480000000000000000
8	1	0	6	-1380295627272657032384585258400141267198420603471901309922181120000000000000000000000000
8	1	0	5	-51316126255708075670057454107474542044402826339825389698977095047184384000000000000000000000
8	1	0	4	194460289890085899689846006948933411247669087258347577622767221424641173094400000000000000000000
8	1	0	3	124391900120518443757583057510477444178714798094952969780220230058390465168801792000000000000000000
8	1	0	2	-17643344794640287422134800193781681632129418797912151832888219792164612234997514895360000000000000000
8	1	0	1	-13455674497303942474494709744161595195484844293344849583610775320587693502219453880231526400000000000000
8	1	0	0	-705567874261176778263298505183042725697579865101549261060829308264992856549357110396610150400000000000000
8	0	9	0	19997086334307273901578783977214208096958328757834910741299200000000000000000000000000
8	0	8	1	-37873269572551655116626484805329939577572592344384300646400000000000000000000000000000
8	0	8	0	129020431898592051833974205770332644001162195801345514346484911308800000000000000000000000
8	0	7	2	21461519424445937899421674723020299093957802328484437032960000000000000000000000000000
8	0	7	1	-86355371824665195210776233020239545000231251096712603403145550233600000000000000000000000
8	0	7	0	-290701453095317199267992381315170918112715973234441907784440994846474240000000000000000000000
8	0	6	3	-3156105797712637926385540400444161631464382695365358387200000000000000000000000000000
8	0	6	2	-47672601803516192577360004064582520490319797429788796980629078016000000000000000000000000
8	0	6	1	301738471619497984438944220701496265661946978493366949747541258310516736000000000000000000000
8	0	6	0	230618596820462989711724658439331712439034247115067165811437715003481239060480000000000000000000
8	0	5	3	28991019354122500573619230608982519114899177402723064361842114560000000000000000000000000
8	0	5	2	-15187865238824868618881612794674306962047251116778724964114990760984576000000000000000000000
8	0	5	1	-261812428756604582908515074786263114987831543809495763016006136794083303096320000000000000000000
8	0	5	0	-94445255649362388691527071402907194014922165786674821022798655842964383486024089600000000000000000
8	0	4	4	-3205555488011988553380708692686076286786076006526193079890739200000000000000000000000000
8	0	4	3	-34551817916404858040865115833558833458920982873040322246461401281331200000000000000000000000
8	0	4	2	49556248808094524393517664500792688603836098688504881196486436443040147046400000000000000000000
8	0	4	1	105031716199877406608591177187544301627652880299339351163923372294136115688269414400000000000000000
8	0	4	0	22522761041875862758759723197744894675994153973417911932996209740253934306217452109824000000000000000
8	0	3	5	-92522994852055821166395664361465289427284747816132906319872000000000000000000000000000
8	0	3	4	7248316613961641680667358261514066498726280829371114603635423618007040000000000000000000000
8	0	3	3	11997747597717130531600052226424534816560281020920718160082275592756736819200000000000000000000
8	0	3	2	-24901261185338585780735785960568662321650355102510132823374152682598884586815488000000000000000000
8	0	3	1	-22545229955357811360678441288041522483951953463641345153062079398483279072869996298240000000000000000
8	0	3	0	-3253689394473011845367182849941477219376142410949764676197606236740175737413491169532313600000000000000
8	0	2	6	11837344954877770395505273748826374118998511887061677506560000000000000000000000000000
8	0	2	5	-165408874343139989386011025848954566322635082781471455212370866995200000000000000000000000
8	0	2	4	-4013251692204201085288540928528900013749567801647400133847148041726014259200000000000000000000
8	0	2	3	-835978919968322442135704364967783376074831151902580447530559319648857940295680000000000000000000
8	0	2	2	5215464798721471171296024906210742606906088609258522773395110346221354330872904417280000000000000000
8	0	2	1	2668731159353594050653039761946704613643402173307457018934402502573926679578935198692147200000000000000
8	0	2	0	280956253410944412735858213157630847794351025787177717765788878977932126645542170182811648000000000000000
8	0	1	6	-29461865195831736246712370898783266593578505453587877038315798528000000000000000000000000
8	0	1	5	219043824125041135868406964854630915855856202812290553088854968395366400000000000000000000000
8	0	1	4	711981119378157621699757558379560415592558848931576121390796098722608657203200000000000000000000
8	0	1	3	-172904026527181734789617505397317246434184926828737132339656513325293890123386060800000000000000000
8	0	1	2	-491737097907893850246784775736292108085256815956212427746949506189160462893971222298624000000000000000
8	0	1	1	-164294984132497037452392620095467186791194316752657921224080291884975772574174224469039513600000000000000
8	0	1	0	-13358343988248076289612518011491655751742621504365912128428175553708354075981050179455077580800000000000000
8	0	0	7	-137034664965930395982628396393756014061289635827201271262085120000000000000000000000000
8	0	0	6	9951682245294795219359883804418140786228592398859128342558192672178176000000000000000000000
8	0	0	5	-45593933453290022911647377362472572835655491469463426194540338414000013312000000000000000000000
8	0	0	4	-30225430855992475712139695359712248002480136125034322207125107693625311951323136000000000000000000
8	0	0	3	17716441192686499660541551452561242121117409135248629560746514633059881041680798842880000000000000000
8	0	0	2	17197539697596784159859309753932760552086147949744016324545231103224543693419632601438617600000000000000
8	0	0	1	4110311728490644871872438608301731394038766153625037176377368823664228899048465113016172544000000000000000
8	0	0	0	269281851488122507298026824294878250847895396863164292723672541926981001573264973755603484672000000000000000
7	8	0	0	-3995300630948570223242677877903165059263681045457558547988480000000000000000000000000000
7	7	2	0	43938910402530631131398695262433562713043202837039598796800000000000000000000000000000
7	7	1	0	-159257380071859278730427430407998685850798274661611267343725363200000000000000000000000000
7	7	0	1	-2949090946403548154023696758407508567753598442020808882651136000000000000000000000000000
7	7	0	0	51878687780621824429842017026505693444295372039636126176261275071283200000000000000000000000
7	6	3	0	366423883114437263253361240491567165413014830931918108753920000000000000000000000000000
7	6	2	1	-29958348001725430316862746769841065486165820116163362816000000000000000000000000000000
7	6	2	0	-1033517272909310509395951272252902726476616266576236195532106629120000000000000000000000000
7	6	1	1	29228263796982777690106243953613731647928339566128194437460787200000000000000000000000000
7	6	1	0	513077106320992750783455686823414824055050687083755997452493982646927360000000000000000000000
7	6	0	2	2580105722706657016393919993358090201816567180697297854922752000000000000000000000000000
7	6	0	1	-10709364962043466297949688205088848123303359641907879593806782057676800000000000000000000000
7	6	0	0	-60681545824495704099088110523716690725815317538088391259903874453826070118400000000000000000000
7	5	4	0	-379600624819887526596020871663421540224378628685068480020480000000000000000000000000000
7	5	3	1	-210729238981025693547354550612156116930837502091175772815360000000000000000000000000000
7	5	3	0	1582659033098463509433786458600096151848466708056424078045811310592000000000000000000000000
7	5	2	2	-3328705333525047812984749641093451720685091124018151424000000000000000000000000000000
7	5	2	1	424297935652585405853213019757370459058560626596289219672072519680000000000000000000000000
7	5	2	0	-1652358759145362623409416325515024931899877153572956969391689929483878400000000000000000000000
7	5	1	2	55523692873656420218387437130690089472286301485083138967207936000000000000000000000000000
7	5	1	1	-281227251538163338808447150668142881201397077141555257424907679899320320000000000000000000000
7	5	1	0	585135249625612926984277675487956759741250097709697468516631045352030470144000000000000000000000
7	5	0	3	580126628542986751569294390299575774380926871007828943831040000000000000000000000000000
7	5	0	2	-22655595367736812173643216352591008660067578171338351869698821744230400000000000000000000000
7	5	0	1	47022657674175891031905118589795826583330887108393758680151375694589329408000000000000000000000
7	5	0	0	-63368265369644292647323269479762031656935071362600091852944832376076539495710720000000000000000000
7	4	5	0	-2604015574765627503411412717788732140316124980691385430363340800000000000000000000000000
7	4	4	1	847230300514310046022145107662564821953017998048369081057280000000000000000000000000000
7	4	4	0	5621886176291104935494851140990579349909994860314574397134935687168000000000000000000000000
7	4	3	2	-35180716813878060885678820651201014185729540857400729272320000000000000000000000000000
7	4	3	1	-1512315617643638686915543464276889810301937638375048430383699853312000000000000000000000000
7	4	3	0	-3948727482873993979328139601561398799841615960252594619957304785842995200000000000000000000000
7	4	2	3	7027266815219545382967804797863953632557414595149430784000000000000000000000000000000
7	4	2	2	261419000000857398329161648703098659455680167464694485429790965760000000000000000000000000
7	4	2	1	457265703674322888429028609230704906083299165171613586196594061706526720000000000000000000000
7	4	2	0	1142873336683875830589152825789838331744830649624628479448408567513099576279040000000000000000000
7	4	1	3	-13806188572205474594586429998093819322539501145151571006324736000000000000000000000000000
7	4	1	2	-175803010573477012876550207229643943396401827507734832353122272946421760000000000000000000000
7	4	1	1	-1704790190864778099606614174021253577308902698985493133225806480401655398400000000000000000000
7	4	1	0	-125394072523621549735395283093178128341236634189776939186625885614246808829034496000000000000000000
7	4	0	4	-503428508888272165664949484028828274733887621860561875107840000000000000000000000000000
7	4	0	3	5503010853741910030242250142806390874090276532275161676720520560640000000000000000000000000
7	4	0	2	25424041903495692171637485061635841662883832291349806865280431196040960409600000000000000000000
7	4	0	1	-5891600458484679210186446183120581226207365563096634910164983611188512502579200000000000000000000
7	4	0	0	2666065222495180255148960020411859141696894018815500587930143035219751878116738334720000000000000000
7	3	6	0	229039860182325219372969221076392987260022837955742204302458880000000000000000000000000
7	3	5	1	-456816857231459021890327374587221583979242394248978883202252800000000000000000000000000
7	3	5	0	-3440483378904010869373408908594314490392696259070305469191728136192000000000000000000000000
7	3	4	2	-352846052963861018840890113560489678394319101211231723192320000000000000000000000000000
7	3	4	1	4472626875113234378353691299152013223156704405453268412894203294515200000000000000000000000
7	3	4	0	3952090057041231394455713682578424145409424931054967631830597604174987264000000000000000000000
7	3	3	3	50063728216216719107290634602045513879103770505232997416960000000000000000000000000000
7	3	3	2	219576004025388409460177848399602562643891006467564696956498345984000000000000000000000000
7	3	3	1	-5327922326716895040913159660063532699935868032990392138464747219507478528000000000000000000000
7	3	3	0	-1716177937894404328866624051553003502974772037321145661980543370030722748252160000000000000000000
7	3	2	4	-1849280740847248784991527578385250955936161735565639680000000000000000000000000000000
7	3	2	3	-156187721047908494854188316721783867544804236921349434184805908480000000000000000000000000
7	3	2	2	347073545243810007520773348928882278882659848212343552728958484757872640000000000000000000000
7	3	2	1	2104253031519847906893294221099109180430634601783299050230573789940813922304000000000000000000000
7	3	2	0	352563704400049612778242863716280808631973226829767714795098647644873869579465523200000000000000000
7	3	1	4	-5170492478313864095003399254857319392347639029369555629637632000000000000000000000000000
7	3	1	3	123009654309497357520405004251461793772294367956186801769193776904929280000000000000000000000
7	3	1	2	-230365931682512047458731065171637129740243122256583133754294597475198671257600000000000000000000
7	3	1	1	-320404183957575448888432494886287893552635391237344913214343981447144571028897792000000000000000000
7	3	1	0	-34122612218504168134514098545499809616218650735427933957617928850556938680896134840320000000000000000
7	3	0	5	16901604068792366228695899165295244736831657746743028613120000000000000000000000000000
7	3	0	4	2839662334757901336419173619103406226167262699153295834407315177472000000000000000000000000
7	3	0	3	-22381644492791645513794156470801951436730573678146850209267593756006993100800000000000000000000
7	3	0	2	32099607393562409274593316931579610258947906407005283116705095827213519232696320000000000000000000
7	3	0	1	15675685556868083371667701160133147828424934773965656154464241956790183407037154590720000000000000000
7	3	0	0	1193691455160515754815617039705770713910242864319143071977348588948546260189084247706828800000000000000
7	2	7	0	4870007084664133872349240471544176514066160725979956516474585088000000000000000000000000
7	2	6	1	-5661680749391182806132760707521493466942263465450860761275432960000000000000000000000000
7	2	6	0	-9180693440366616452515761990098773168087969436582125452389330630737920000000000000000000000
7	2	5	2	1311824328448965959869407518053214227552460541989177434885324800000000000000000000000000
7	2	5	1	13110999419183312311310440218313460479789939215055254306107707883520000000000000000000000000
7	2	5	0	5932450749838516845750150271428793831077276114124878576693835518404512972800000000000000000000
7	2	4	3	-13433175301514415174178456329390462943920278847148806635520000000000000000000000000000
7	2	4	2	-3289438634134284696024950884652656088065376538307554858801226894540800000000000000000000000
7	2	4	1	-10322099835640486096151691490850918229229422287417134448955705701777276928000000000000000000000
7	2	4	0	-1645790227978020673791053321972294510414840900635991344476424142796588570378240000000000000000000
7	2	3	4	-13048524907418187426900218593086330745085557206151153582080000000000000000000000000000
7	2	3	3	257497137844792815907742497774167090422557739585999337969181261824000000000000000000000000
7	2	3	2	2477457987778890766807790372983527868326017346101948249340418598696386560000000000000000000000
7	2	3	1	3559645970878271181148486483587508447823768201828263105928717320139864801280000000000000000000000
7	2	3	0	174814753201417972088592255143649628551830662355881094528136059207300451069119692800000000000000000
7	2	2	5	147942459267779902799322206270820076474892938845251174400000000000000000000000000000
7	2	2	4	3843031401951662037630412270888219776264180350841509431518167040000000000000000000000000
7	2	2	3	-182525313910850740005179472512302804190823881521699184352343594956226560000000000000000000000
7	2	2	2	-770620032209451563644035197078919780937619155063467687541628950057691727790080000000000000000000
7	2	2	1	-567345427540387255533504400303964732122355493015810289963086702992843445024011059200000000000000000
7	2	2	0	3826127047571107163257707827474272579829198611447686958702018947874388648906138320896000000000000000
7	2	1	5	1630868386038118219164701620319470994553743233002125486614118400000000000000000000000000
7	2	1	4	1776471418606185363398113842825584204127105109064162866121051744501760000000000000000000000
7	2	1	3	42640202224204542993028378610474345762610148859239552310272091906347578163200000000000000000000
7	2	1	2	97259284674465689504874723079544251608895156114947608024888899889497837771161600000000000000000000
7	2	1	1	38806676055767868391205880117582627278413297280432996766291648343788868889427711098880000000000000000
7	2	1	0	-1944040347872050560124742228468909825075458965323336387874689091293633125820364977759846400000000000000
7	2	0	6	22484294959517189627440988909039235222654228845701273485312000000000000000000000000000
7	2	0	5	-850237649616087296471657014983246516994434109961968628385614030438400000000000000000000000
7	2	0	4	-362858612929283414376832681855395594212077738908619237087120547814939033600000000000000000000
7	2	0	3	-3553031969978584434899629639438320053966622046809870966740228157915627446599680000000000000000000
7	2	0	2	-3493369526552682284630079123588150903992805840004408044234746502716596678499311288320000000000000000
7	2	0	1	-846432019060477720987531926314819644668155192772951336499502017836633302489754813176217600000000000000
7	2	0	0	95186801814589358583282502304713931389459672258106935397621759114674340185213681878958080000000000000000
7	1	8	0	527350435389775049976316504548198505073286981610594552944525312000000000000000000000000
7	1	7	1	-539186589596588893233364613579560217790069968170061534582538240000000000000000000000000
7	1	7	0	-643155144181874748161807505628660957495161036175137413539843497000960000000000000000000000
7	1	6	2	392916235180437146007441466612895458147526859276814927056076800000000000000000000000000
7	1	6	1	-752939980414745884789585886507245260111818490297853322885705949511680000000000000000000000
7	1	6	0	531446233825977595481375687628247891611131850197797486475746035958913433600000000000000000000
7	1	5	3	-295416762842232430972897224048907602307785327590689820639232000000000000000000000000000
7	1	5	2	2258379517855306264287038927104775247472472120977507980643845065932800000000000000000000000
7	1	5	1	578403041637905260394541317685257407696467134809360651302239933659348992000000000000000000000
7	1	5	0	-285015664550100533516451574723039560257659621677311843994339651501195396120576000000000000000000
7	1	4	4	29614792735203585875917654090834383308574124291511612866560000000000000000000000000000
7	1	4	3	-132133200982460750625491040900036424950914744680128178728274703155200000000000000000000000
7	1	4	2	-3112451119723904084542490490039083433791630034481666859793706547543015424000000000000000000000
7	1	4	1	21436568670405399280469868175660884064864180807276509674465662323942469140480000000000000000000
7	1	4	0	93945613313178198487000367008883449719635740586357303283544753449961326953040445440000000000000000
7	1	3	5	1183539674142239222394577650166560611799143510762009395200000000000000000000000000000
7	1	3	4	-116862951269045416317327498531392578014357479003586054604487393280000000000000000000000000
7	1	3	3	756437138952129642309614333284123959832833102744070918017847961139019776000000000000000000000
7	1	3	2	1356545241829843406305430922410478274612238231973779237178573625057784427970560000000000000000000
7	1	3	1	-79525367755445081578632220207634429956647796198277655031060132128171533193864806400000000000000000
7	1	3	0	-19337065368721220861469493163710946339386720162595514543092873017299500731513341739008000000000000000
7	1	2	5	9801509931106750375406792989447056123204108862757554117064785920000000000000000000000000
7	1	2	4	28784515966288232967525747456711094594117466833491725012099002395525120000000000000000000000
7	1	2	3	-409709753007045366097615904946241348371794003627047050328489913116640893992960000000000000000000
7	1	2	2	-257649556807081014678853566138200843459965188050267826287186077423322266114562457600000000000000000
7	1	2	1	19982141194546540003828515708291225745620913388426283361317459316639065955120573317120000000000000000
7	1	2	0	2427320652939603652664721102826111998545897190906355457314169149338867676744829307872870400000000000000
7	1	1	6	38250609295656576275127709121663289852628258370527411411353600000000000000000000000000
7	1	1	5	-11640036260496288014049405683571898648755524440639541223433468221849600000000000000000000000
7	1	1	4	16170344209904856743252104921023684225006501463319347504826239344635491123200000000000000000000
7	1	1	3	73158455967034459289661401013517935194381669196216575705014677449309107431407616000000000000000000
7	1	1	2	21769608908369827922236769766919558794858012550766872836894425748416597882322750013440000000000000000
7	1	1	1	-2010703110024791477779569095182051588888448188415198842840009449589674174274387204846387200000000000000
7	1	1	0	-167340569234965612173876897215024645637377168373387113771936163454699244467570985651090227200000000000000
7	1	0	7	-2634763877053439217064077060222644561970636516797599186944000000000000000000000000000
7	1	0	6	-34905148251858662738346977798685589330083671480043172618312246886400000000000000000000000
7	1	0	5	2503769259799472727316897611626776322285464022578774847570959192261499289600000000000000000000
7	1	0	4	-3852608242546546991820961267474171128085501360364650620055407624644392931819520000000000000000000
7	1	0	3	-3979776410423692150306749209901967010604353513029886117700567791436815546046008524800000000000000000
7	1	0	2	-652985182343446745671798056562086884058106451830226716668632744630081984923715002957824000000000000000
7	1	0	1	74067458564579402413886784970264007225900660642528032104597939268020496349106543051512217600000000000000
7	1	0	0	4782823086646200532905198018545430086999993179959821771375061390993531721087044285398148710400000000000000
7	0	9	0	-2512433927042365892994358418897193105301844425134378185536831488000000000000000000000000
7	0	8	1	4914374862502986685285266065963924431682495466459555836995829760000000000000000000000000
7	0	8	0	721001030169944881001152138325315633235600798197952067145211586805760000000000000000000000
7	0	7	2	-2965174021374214182390920748378891629407313399826535666207948800000000000000000000000000
7	0	7	1	-6073721851810366151435585681257426660842337483000233043167487847301120000000000000000000000
7	0	7	0	3014242869276803878675493575110414423888709640681815739263902988641710899200000000000000000000
7	0	6	3	513435291171891937864399712344256214206625776882036502429696000000000000000000000000000
7	0	6	2	6899448299832658948212279535153443603517069420970046547323567294382080000000000000000000000
7	0	6	1	928765933987726097997460909835875408617381219707713687336855271968761446400000000000000000000
7	0	6	0	-2972342463340893195538110570769522562524421482818086697956510179445895610761216000000000000000000
7	0	5	4	3997734010436008040088351173895938066521551414129453957120000000000000000000000000000
7	0	5	3	-2186934776565313203355770514721593135431158630445024910762431637094400000000000000000000000
7	0	5	2	-4916897024993764739082278014361972227122227531583874199509415441807179776000000000000000000000
7	0	5	1	1439705505138973475239500875336575473364747600627807499301608300956814237761536000000000000000000
7	0	5	0	1251269949556425552656607806561128924600019072110500748945048938586919916863886458880000000000000000
7	0	4	5	-4208141063616850568514053867258882175285843593820477849600000000000000000000000000000
7	0	4	4	183396831032129450479617933308463010370004278830115254026626924544000000000000000000000000
7	0	4	3	2167272438253038864614118926748466888330502113221985295748296692803305472000000000000000000000
7	0	4	2	1460516657285548387705259102455876455664746250859178862528462325622320922624000000000000000000000
7	0	4	1	-824516271437046312776750684969106772946138884655871472568617411567850107979547279360000000000000000
7	0	4	0	-293114920083935172332507114928039270024629102161870468334750126160848665347311321009356800000000000000
7	0	3	5	14266059979007170982998360885518644448889711149621781810580029440000000000000000000000000
7	0	3	4	-292850761466541542276809878998634413908154995021301202417203282221989888000000000000000000000
7	0	3	3	-842266168935153422051945243032103081430295520738767777715362976637403445329920000000000000000000
7	0	3	2	-173194488396733977438238897453573082960675143633766796610626073585933735487235686400000000000000000
7	0	3	1	193385871038526205683465735349556758779912918456687378918743209266933926186995616317440000000000000000
7	0	3	0	40959331956720840966384143273618720698062143239926760541180316898296018957615806873075712000000000000000
7	0	2	6	-1476125955583690923035543703705474816163787268573200132761190400000000000000000000000000
7	0	2	5	-937778489882211721202966514747392670093391481188344524255392526499840000000000000000000000
7	0	2	4	133967092121024531429503481021877294239525080253571980008758869567910759628800000000000000000000
7	0	2	3	146326843479326907712395802034886933131518722072139675909059539317220157761676902400000000000000000
7	0	2	2	418681606834472461283480602839832247748502250286309198687410094219184755895689019392000000000000000
7	0	2	1	-23331559669756037518803991530951872295539495371402835472397252727115291431161410291027148800000000000000
7	0	2	0	-3400455504409844136363443952791675545112298380969874140039209008558959675179761892066118860800000000000000
7	0	1	7	-27787758156749936587421135703466151964137520531194555400192000000000000000000000000000
7	0	1	6	1745594968702684597571171254560672604074590283704049101213458004705280000000000000000000000
7	0	1	5	-4031286024406097345741950114498458107713398161022842532809958980107370496000000000000000000000
7	0	1	4	-22224984041834375820778421713051721720500057973514282734302057405143927540940800000000000000000000
7	0	1	3	-10982286171004764479068945803236628954402848817804238863363161332620521405735113850880000000000000000
7	0	1	2	1380759397910311730952891564799547257924897910047326776808894920320918097233135337786572800000000000000
7	0	1	1	1426630799303212789706122847664450479467198729820627009662718524971608901079001071325754163200000000000000
7	0	1	0	155027435654008727124775447056990167681829561158417070423309180915404761669685947921503721881600000000000000
7	0	0	7	17191221902486505656485070293831577685971815259522933296452127948800000000000000000000000
7	0	0	6	-389104850648881686345118513117099412416660060582333111706665120422061670400000000000000000000
7	0	0	5	826420342917285768389098076660004134622195367991384340422304612404005007523840000000000000000000
7	0	0	4	1116205792930257413621341190277791704383239759900954285211173361931646810843617689600000000000000000
7	0	0	3	276571491509423885229139196457781462035458570892509041057961108715079672126465080557568000000000000000
7	0	0	2	-72707380934587713579144731370220623573524697746040005384034290095247175104888873443078963200000000000000
7	0	0	1	-35050126485675432048508646768465769079766325457248070836785186154569140268054855291830586572800000000000000
7	0	0	0	-2992495374682993648623829265096435528331616950955762030101672102313132338535339094235339030528000000000000000
6	9	0	0	40277334535653078537115470657230765820289602600619632230400000000000000000000000000000
6	8	1	0	566160997371866910022726151177801350661767787666891719311360000000000000000000000000000
6	8	0	1	-14646303467510210377132898420811187571014400945679866265600000000000000000000000000000
6	8	0	0	-88269303209932044507048117128429772032092752347721428819037388800000000000000000000000000
6	7	2	0	-1491503930096502959523561388269984034193019424805961118777344000000000000000000000000000
6	7	1	1	-240993334731904535663335896608290210575051434280952654725120000000000000000000000000000
6	7	1	0	5069748752534448644541891113032373859284787550966130374917645926400000000000000000000000000
6	7	0	2	-15450740589778763598604212917408771736846631300650919526400000000000000000000000000000
6	7	0	1	245916783510354693184982114329059967820488447628691606428335472640000000000000000000000000
6	7	0	0	-1340048029587350612792305043816870543162648749309985190771256932717035520000000000000000000000
6	6	3	0	-29488212728706045930993953124268458478341979300760241605443584000000000000000000000000000
6	6	2	1	1340466624167847966179827583164131194918328373748910878883840000000000000000000000000000
6	6	2	0	50643268615332812591418437812932643060033895371174153839259536064512000000000000000000000000
6	6	1	2	-204742089844713789647678647214490623335941070907741149593600000000000000000000000000000
6	6	1	1	-84993035768113969674107326210116256110134825238992359383405428736000000000000000000000000
6	6	1	0	-19248608061142003464195906153255816697563933655826292512204099212290293760000000000000000000000
6	6	0	3	7967317858483563515338497983543122868491630144061964288000000000000000000000000000000
6	6	0	2	-5086899124765949432105955982834641111230293249287018907151892480000000000000000000000000
6	6	0	1	10158309752553141034443355094052519650101577928974192905975864460574720000000000000000000000
6	6	0	0	1936973494472727765019741010600221437994421467278882559913472099555740032696320000000000000000000
6	5	4	0	-20813034997411081727214823014049117292373141908944255918213693440000000000000000000000000
6	5	3	1	14354061221082843907807623986148393387947596876350264767938560000000000000000000000000000
6	5	3	0	20675554258360506753023363480419534624339744868246750565525408133939200000000000000000000000
6	5	2	2	-366137861026519555441282550892776913265163371250150623150080000000000000000000000000000
6	5	2	1	-14587311555234697380650028760546487895717092611143697699442021262950400000000000000000000000
6	5	2	0	3509806976191377432760527570745348607668339155456479438058933282309931008000000000000000000000
6	5	1	3	127542837939856029535548999828365885929854923611144873574400000000000000000000000000000
6	5	1	2	-1851652808365222464782281496586515435075330523342325509654199664640000000000000000000000000
6	5	1	1	5892605258546449421294465440331011732847590661170960196097176399108898816000000000000000000000
6	5	1	0	-4445457363235704040658441267217289483899731295871714975438859732390216151859200000000000000000000
6	5	0	4	631837586456143334872105255948294076611521926318260224000000000000000000000000000000
6	5	0	3	-93397954673147349552206209721027677405991798977371518844429926400000000000000000000000000
6	5	0	2	630997750668663563433836438279838811676327521824319640877546425076940800000000000000000000000
6	5	0	1	-755511966076645542955894807337531569597934028891036486495664581240841914286080000000000000000000
6	5	0	0	599410630065455626275343408525226118943840344183472321242575496198835673930032742400000000000000000
6	4	5	0	90890006537223189089168028562570025056191964157056894048357318656000000000000000000000000
6	4	4	1	-30677074719394178958759235065964532549020351836971595347011829760000000000000000000000000
6	4	4	0	-142561602818449861308444499462655346123616078959625126795441868730531840000000000000000000000
6	4	3	2	4356769975895632970062364928566798856915580035901970989449216000000000000000000000000000
6	4	3	1	39190249270456616163371231351652492382811123563956596554778596186521600000000000000000000000
6	4	3	0	84063507685748367604865440427979985199134538804708120743177898224128727449600000000000000000000
6	4	2	3	-16293396180691493294965352317292984422434875664823662673920000000000000000000000000000
6	4	2	2	-16219320065154837514083965927518198227553647076442463450653212331212800000000000000000000000
6	4	2	1	-9300691495057679119528016294946321553372710213527228267583764280524144640000000000000000000000
6	4	2	0	-22501531492691298625361482723252547433017429855936050161386807991705380616929280000000000000000000
6	4	1	4	2377353130178074271372441564657483728909043475610494566400000000000000000000000000000
6	4	1	3	7479746274486896988352517379412320335278555252141965596247982080000000000000000000000000
6	4	1	2	8086734204305104756857128489743476758505369718213913524834222821611667456000000000000000000000
6	4	1	1	-216072017201579790635941580800445627568276178315781107051240107661519560376320000000000000000000
6	4	1	0	2576729885069215376529130700502379495931694443998676541512923271872624721832758476800000000000000000
6	4	0	5	-989365196353278099970467254436109261425846528527617228800000000000000000000000000000
6	4	0	4	19168548392748362148282482468133389955597825206035691219818905600000000000000000000000000
6	4	0	3	-35785080410090096789405381037716553764298134714025275955587262814617600000000000000000000000
6	4	0	2	-972519201263186345053921239929975237134734345259663655192815548301102452572160000000000000000000
6	4	0	1	131485635989073904910772527086203526165537789907239003054501840200787589219745792000000000000000000
6	4	0	0	-90019921771599015813766262655990826481271791130250639978986267224242280533098913333248000000000000000
6	3	6	0	-4015930012395087301946605942817965473047487401829133703341670400000000000000000000000000
6	3	5	1	24746939335054400471520873426918931217816453107424537732444061696000000000000000000000000
6	3	5	0	86121343548652156966189046195408597774126935243331393227547790456913920000000000000000000000
6	3	4	2	17524495923223268743616167112500428205794923037908239111862353920000000000000000000000000
6	3	4	1	-127664833591707750493134819100812503559388693540661876138321761429094400000000000000000000000
6	3	4	0	-88553110394508561708986683056183264024393640548752185248276842821825069056000000000000000000000
6	3	3	3	-3818682430007413109372687937530795530765631284241510543917056000000000000000000000000000
6	3	3	2	-20420607411318463306078386365260444703588276311308404809416283521024000000000000000000000000
6	3	3	1	120271357973115126226363781411289704688009183573556692383740238204803586457600000000000000000000
6	3	3	0	35029060565154429687121221803689073790057108738254059016439374975161078848159744000000000000000000
6	3	2	4	91024337739673210751038530411941882052594082345630511923200000000000000000000000000000
6	3	2	3	7038164259322032069728236192849485084031297648637759158990898882150400000000000000000000000
6	3	2	2	2082831769341624391997431913165638382797144257815934243851675382155575296000000000000000000000
6	3	2	1	-40933878740816154043759119215054817000357397933641860461812523183548658656215040000000000000000000
6	3	2	0	-6685214188404777002074372455474519200342307747065481408621017314521828040518087475200000000000000000
6	3	1	5	-15237251402029842322203524344748518876489112184733952901120000000000000000000000000000
6	3	1	4	290972481894368911132198986506393464835129293832567218065710776320000000000000000000000000
6	3	1	3	-3615189543511320722808047063025960243237274631202277613923685196814614528000000000000000000000
6	3	1	2	1959826556737101086034919421168472674385943503376929778735705951082302459084800000000000000000000
6	3	1	1	5661534424121596697094395198873806436986949943851396430018036195976941954939224064000000000000000000
6	3	1	0	616497299869498313991540665245343897399932536057253741077065611321998326799250627756032000000000000000
6	3	0	6	197256612357039870399096275027760101966523918460334899200000000000000000000000000000
6	3	0	5	8457774035266207219449203349286653235779818037425854615860019200000000000000000000000000
6	3	0	4	-105250145757827256378633215135634783691924242378416249421780736593100800000000000000000000000
6	3	0	3	498029667019589092650582511169050966978411426831392635175958003227638083092480000000000000000000
6	3	0	2	-337961797120639408341765920952350720499712436270761911523852516216545310043799552000000000000000000
6	3	0	1	-265294216906734453660014083875430499517941653244591667320887946301202261793874785599488000000000000000
6	3	0	0	-21637262959524216910665684640289583808839137272071663234967493108998140011089021938696192000000000000000
6	2	7	0	-211439945882369376086073472783616116157666724505264712593172751974400000000000000000000000
6	2	6	1	247767688902687857433655551957488811581768429447438599733976760320000000000000000000000000
6	2	6	0	390071725942664903205347968340442610063229446089576403018188259533520896000000000000000000000
6	2	5	2	-61022400522314244253486274061167229772132784373863654492687302656000000000000000000000000
6	2	5	1	-454599001192918061647332560430894962458194834387054351944891438601338880000000000000000000000
6	2	5	0	-268195050828605893649837520592614962636143801592517080504914569687576965283840000000000000000000
6	2	4	3	4562793119220807701592369946675016014069727401419565014995435520000000000000000000000000
6	2	4	2	93246424066724871949088140046274613897842799236888118194154905419120640000000000000000000000
6	2	4	1	303654245507900760496914001402997867910700135602813278619375908728812758630400000000000000000000
6	2	4	0	91280116227196006670421307749534113700270363979667528751317168878747502081841561600000000000000000
6	2	3	4	739567970250858279824769025912871737899859187559249060298752000000000000000000000000000
6	2	3	3	-9513255109728100812072798247503482855073552763119192366778261123891200000000000000000000000
6	2	3	2	-51610186850771646775554779624066247375756104663623331362947312067425180057600000000000000000000
6	2	3	1	-94814947485028431357038668320089924831258897746588816366284671357506732330844160000000000000000000
6	2	3	0	-16882914072716859284203766591002859769184138619495244669067777795552313118737018388480000000000000000
6	2	2	5	-58954576876679398665853901458234231074989919820036442161152000000000000000000000000000
6	2	2	4	505664529490241362193313112970808643522729639267480284783325269196800000000000000000000000
6	2	2	3	3802106881876776985586407990089619291455740015905794842788791085745307648000000000000000000000
6	2	2	2	13093538954528076131588119529853591840941188829365601983464749400196027294679040000000000000000000
6	2	2	1	14696539594255989319655597169591712283791380898667419355501283526628526191021339443200000000000000000
6	2	2	0	1713791475034390973852695230012976120808982270066689852619936538642628391757129066532044800000000000000
6	2	1	6	3622946446957632286330068251343193872785155969054817648640000000000000000000000000000
6	2	1	5	-11435685242426069242115529959932986763611278572027930571754700800000000000000000000000000
6	2	1	4	-509776053537018130715584213238892505134454813739109210582036113151492096000000000000000000000
6	2	1	3	-491286454990497686571390239566736712029857990512962638383014908017185390592000000000000000000000
6	2	1	2	-1468502329725310914789655199989670002852849176498249374016816653112734827100189491200000000000000000
6	2	1	1	-1076807633893931345132124342020672732773088911674397169769008232477533472742649081364480000000000000000
6	2	1	0	-88781228653444289970930771199013933515665016313185243783528899087928371717946907425347993600000000000000
6	2	0	7	-12328538272314991899943517189235006372907744903770931200000000000000000000000000000
6	2	0	6	-3075541182768115381823226780745788484082662237320472408495226880000000000000000000000000
6	2	0	5	12584583420316860474548487796895916007735454725247304632940806107299840000000000000000000000
6	2	0	4	75855893260160116638896088076567730286135114585310096511456452047132803727360000000000000000000
6	2	0	3	19971994215118929800011132377383604285734589550245320573053883256539289640501248000000000000000000
6	2	0	2	53055225531547015062129321488553141453069952420249835945260439588256044596871527661568000000000000000
6	2	0	1	29306878673116284428737609109670904797003552335636421428154088121481083851302786347669913600000000000000
6	2	0	0	1807084335216641058016726702075099820087568423220517521906496381344996438431373612397101056000000000000000
6	1	8	0	-2141971541446868301652601063077863997771793873535593690036384563200000000000000000000000
6	1	7	1	-31366749723059023394703826868002981537813537906362074601836720947200000000000000000000000
6	1	7	0	6976732432573741734584267254946742570925556808542392455673494682730496000000000000000000000
6	1	6	2	15475965536549311523064599686107642666484392098175881739321212928000000000000000000000000
6	1	6	1	102867694834617888800538696824959195227064214957077718808221593198657536000000000000000000000
6	1	6	0	-6703017429911863774073298108329735424978833594424072470646352254357743861760000000000000000000
6	1	5	3	14456783732905683267346543659521076286871248814958950005950382080000000000000000000000000
6	1	5	2	-122461160031988114123552766536339074469709584039439692085541681349263360000000000000000000000
6	1	5	1	-85548067907131985605567500605592892870714527868928956731859704665480531804160000000000000000000
6	1	5	0	2157094422492548757479710996442307626163157785998758577920364276262788295504691200000000000000000
6	1	4	4	-3607320041135524063850212376563861421187503899599614531705241600000000000000000000000000
6	1	4	3	6898270510898469907081088939539589286825453080493465178788502563717120000000000000000000000
6	1	4	2	119866122568178481977236316783763033363520419304109311098708390097098217881600000000000000000000
6	1	4	1	33369849725369129837369218208684601863288023928543213618868949797356855098972569600000000000000000
6	1	4	0	-115286025748479548929660645821672752820855813327636232288464867117431686375724285952000000000000000
6	1	3	5	-19909767407237224252282117359468586291821147503263135825920000000000000000000000000000
6	1	3	4	6524789435746982215226519443053381815736270736833295808173031659929600000000000000000000000
6	1	3	3	-22001963639711994637074030851809328282101506106239593116465239213748518912000000000000000000000
6	1	3	2	-45980169349954375955290618873742406253895822573818270027657291334714331355938816000000000000000000
6	1	3	1	-7203984926901995569743012715937771093064058330371512420256574862341198337837723811840000000000000000
6	1	3	0	-70717541921756666011967471381590962760466763807857274449433132316625093971062887232307200000000000000
6	1	2	6	15399166204672912549156115870500471960186633901136811130880000000000000000000000000000
6	1	2	5	-621506181607812598880030630745599441658971148721986773387810596454400000000000000000000000
6	1	2	4	-2028715348159697248474938598720622460236837849413723735370497112905089024000000000000000000000
6	1	2	3	9849007308057992010796695414254005656327428127792665698298768068195735736156160000000000000000000
6	1	2	2	8387507317890926881491736666599546879736318496428348044943509138345127536522826874880000000000000000
6	1	2	1	886760922110994755679598059207180052907582203620130163339126139868061466577096621739212800000000000000
6	1	2	0	15382489673738604409317128097500606263321646643354538293584511914468060525232225227322163200000000000000
6	1	1	7	-263008816476053160532128366703680135955365224613779865600000000000000000000000000000
6	1	1	6	-21788922500908693965870800098284451319686456001029933407443877888000000000000000000000000
6	1	1	5	461513598757876493616452322866320677624989266073061727166409935387885568000000000000000000000
6	1	1	4	-60502585034733085030064509483888961194779175107883768526493815895976008744960000000000000000000
6	1	1	3	-1566680017805819446334162069707396779631968831541313562579083486368058163633900748800000000000000000
6	1	1	2	-728006184185577791024562425868140260837763990549672492794150972964601111621252082040832000000000000000
6	1	1	1	-58041060006555154932146388691010811926066116404395384180262384730891845196591445700299980800000000000000
6	1	1	0	-1220349375300225513537338183984427921782309067984151946818617115296383283601505528070537216000000000000000
6	1	0	7	244522099182842184846508079314452187167151729270657858991554560000000000000000000000000
6	1	0	6	5670762730560668849245316303757152767040363695447766132808791265116160000000000000000000000
6	1	0	5	-73471704998427287443908296570961931394117148627413277935618542036596157317120000000000000000000
6	1	0	4	46930886824945966275910440790602217571185058190786762694262421501614566372540416000000000000000000
6	1	0	3	81032627302969051553996935480752667580591522471270681404878783791055926503103948390400000000000000000
6	1	0	2	24142781717937531889678497986547112970834591011639347681366173687784746749587378815159500800000000000000
6	1	0	1	1559919714018877244962750231246185988107863490449324260693509332433072751245364076621070336000000000000000
6	1	0	0	34925578446328881793852448166643498454330502722750600845525267280282105478104869857783919411200000000000000
6	0	9	0	138082000829543162861435070713765691615555537655698389169209553715200000000000000000000000
6	0	8	1	-278779865970400547283921802111372540188201687383319976273649231462400000000000000000000000
6	0	8	0	-185607273399872072161624586713797018153390939560113265200384902382485504000000000000000000000
6	0	7	2	178223400228377108486213566867155076760748951143363337651694338048000000000000000000000000
6	0	7	1	449595329159896730711815007820695010144633768053841064540456330136125440000000000000000000000
6	0	7	0	96304716516395509051211446358275062505218615725365523622220495988584139980800000000000000000000
6	0	6	3	-35175598241495330529489808581779573844395631921545385734087639040000000000000000000000000
6	0	6	2	-349519659876078473047051783906181327295653199814777295647983433433481216000000000000000000000
6	0	6	1	-285110958846713038798227004562157061189975074972309201795860826940671787008000000000000000000000
6	0	6	0	-23745141404472823513964170940998922077839664224028219853261804084326141446743654400000000000000000
6	0	5	4	-315484335539355287121498618428398396681179694228721224384512000000000000000000000000000
6	0	5	3	95120890566565446508703693132453425951805290425854815545998409360998400000000000000000000000
6	0	5	2	247947765299781530663691976568602631789801132493051312050551099327791161671680000000000000000000
6	0	5	1	94601041374282933586583462376628964788559459291872236114994696802064089136444211200000000000000000
6	0	5	0	2287645489526594878391133314427173363500575830453848884096651988859237476995497459712000000000000000
6	0	4	5	512015043562921250797526219164056341472466804669122091155456000000000000000000000000000
6	0	4	4	-6227210807442071667883329836620558123394468513477939767598328745820160000000000000000000000
6	0	4	3	-76510185691019034864289599679598161781361992204652987210380172713748804403200000000000000000000
6	0	4	2	-86509792721757317812316874487263248571801967186867776894441490149814903691123097600000000000000000
6	0	4	1	-18146495671755775660173768219772419852850612186615478147285721868250196207816570568704000000000000000
6	0	4	0	187336669238455545421798709237466734916344924103694288541858124063284859752571122535628800000000000000
6	0	3	6	-6452482964212504205054882596463619335438293510524732702720000000000000000000000000000
6	0	3	5	-928158071026925067786831689119961510631164722987585966243674744422400000000000000000000000
6	0	3	4	7781310478512343689711558385486350487022670630923237344206852643161636864000000000000000000000
6	0	3	3	26879029783384147782647943937685664941380084545083572067860158187796184642355200000000000000000000
6	0	3	2	16456000231668266180719846728855781459117636917541654827088652598875130363588756111360000000000000000
6	0	3	1	2070678745479215698354796905592681989934835167472479724825277672581777271409878832775168000000000000000
6	0	3	0	-73621107980250136350590994299864247006250298240022360790153438342160309457937422097789747200000000000000
6	0	2	7	-1402713687872283522838017955752960725095281197940159283200000000000000000000000000000
6	0	2	6	81556759007380834003796715160976458592093165204890798394827603968000000000000000000000000
6	0	2	5	274996263751139513380355432951224178064237970881141944381840046289846272000000000000000000000
6	0	2	4	-3020825033656694980470896023037365206403762435908988396542052209076496435773440000000000000000000
6	0	2	3	-4596196093993476625217519271927987384874099659628710820009883431829048545094727106560000000000000000
6	0	2	2	-1735925095502055938994656225645619926546361155850105338437769254442488392968681447384678400000000000000
6	0	2	1	-137307174626737719808880497697790670609902192288809018667292985505657078107788060902241075200000000000000
6	0	2	0	8060713260123042061570031698566134551725801807868802764627761020483652414665258226891620352000000000000000
6	0	1	7	3083778357596015664213832623622672307932649201982333391491563520000000000000000000000000
6	0	1	6	-60957096930047463615829943718006821582502126981271551576697020188983296000000000000000000000
6	0	1	5	24037909038438294680340488277409196778262827785255420288311011640124626698240000000000000000000
6	0	1	4	453936256551763560905134607930855941625166680530072836290598060346070306972604825600000000000000000
6	0	1	3	373487212107815177114902658925756078380227105960132718659062568025364887545504541442048000000000000000
6	0	1	2	95264184292329005954091715202188422958084286950141428019028579215686225484930296151906713600000000000000
6	0	1	1	4810543511094089413005302711920170917357127309340786515926457540895615442061664005418018406400000000000000
6	0	1	0	-410013504383544287489684626059735664105059932840900697092564425149947971075907320942722180710400000000000000
6	0	0	8	2660402366126215954787060832858351455223766934248838764953600000000000000000000000000
6	0	0	7	-946469741916945319360295971545610880422267387329353086640507899084800000000000000000000000
6	0	0	6	10070085336448118214361656532246982634365924126324304093067946805547342233600000000000000000000
6	0	0	5	-9499676563806378665434391799497485933164852488297309297035237847761008739536076800000000000000000
6	0	0	4	-22389546226717332467139826872108382961864653694063967400145133234735898477638419742720000000000000000
6	0	0	3	-11524236334775591698010053802289681908821108642805644503744175570650670765110219095880499200000000000000
6	0	0	2	-2120082538119764598206282284206932306879789889606359735728900178674328829147219239575014604800000000000000
6	0	0	1	-67091061720244779699761870961861199711403753232605679339019744895711164134193553708433801216000000000000000
6	0	0	0	8237824750995403711902862423312619978961494240645767409736789383577441724061811875627418412646400000000000000
5	9	0	0	-3879870883225532552059736493443642748395363763403688484274176000000000000000000000000000
5	8	1	0	-54242115486938858495833429585371758776129187564240755271034470400000000000000000000000000
5	8	0	1	1465161953321323260164015406542318570576239876528237229113344000000000000000000000000000
5	8	0	0	12793788638069094273724989662984778581301586909052182758984247148544000000000000000000000000
5	7	2	0	-91376826284752835870818309203413511418579597318891926135421009920000000000000000000000000
5	7	1	1	23204570597474889590812255033277505822021433435235808975834316800000000000000000000000000
5	7	1	0	-40538297276677212634162628644668728200109370467080688589250028057395200000000000000000000000
5	7	0	2	1394516881123048744812346398054449542158161430629016347344896000000000000000000000000000
5	7	0	1	-10752134777333409439205398541363263669658465523888574576294788857856000000000000000000000000
5	7	0	0	16161414946405050638246650625222185408725825622016323482950160045400129536000000000000000000000
5	6	3	0	867938278344276899079209852248725970454931050309108018105473302528000000000000000000000000
5	6	2	1	30389132618897912937998914832540476307168393063914137970959974400000000000000000000000000
5	6	2	0	-1191604065754533808512313044458042286540293763540378152669988851621560320000000000000000000000
5	6	1	2	19125964258110775753942825217860204574855097058748204102713344000000000000000000000000000
5	6	1	1	-48749571596468649144573709181920797342396240026744326527841889943552000000000000000000000000
5	6	1	0	384490049814827835572395379342024831897805734261589637251185375269297638604800000000000000000000
5	6	0	3	-725651598439324265734725449999777857606163411163505124966400000000000000000000000000000
5	6	0	2	-3975843791515501490916330778964708898890168886379778117893462425600000000000000000000000000
5	6	0	1	7712301634169397753260286422655550861583023078779751722444671435145216000000000000000000000000
5	6	0	0	-34260561210498621212184796936803921694673524248014602983083522988745826626437120000000000000000000
5	5	4	0	1303353042551517935601968476823408295804752128597090370484248248320000000000000000000000000
5	5	3	1	-256229843775769345336930629388796006312136004290018221755742552064000000000000000000000000
5	5	3	0	-1535589386779022446376712247226202692497467945424385220828107784711045120000000000000000000000
5	5	2	2	52095604734716387250367006156945453371107930224384632218556825600000000000000000000000000
5	5	2	1	121977331376865891230719289487994557820787112422669486817708454528942080000000000000000000000
5	5	2	0	439126115480476599720870171754503909552295039215320406052535140116998180044800000000000000000000
5	5	1	3	-11880722365809792845366080843741484834221302973603909705138176000000000000000000000000000
5	5	1	2	21972689466819755552120544882370577864024297834611501122204744862924800000000000000000000000
5	5	1	1	-36633582135537578737006162323863366885232971737722239121541212439807682150400000000000000000000
5	5	1	0	-23639111123198556171615361135547949734497435518830417433554594393809224015544320000000000000000000
5	5	0	4	-52991756055891529683527219934488827892669359919878593576960000000000000000000000000000
5	5	0	3	4878350209124494774759079904903357749510809116183166629832883699712000000000000000000000000
5	5	0	2	-9544524568623995020404825083265530701942767299433466906391069830340935680000000000000000000000
5	5	0	1	4869217991903195374631814215875207772053460232265869013168879533639366554419200000000000000000000
5	5	0	0	-2268147816897019335503043979018881320817844936518906314842046504826547379954453053440000000000000000
5	4	5	0	-1921868129007023899473415906948498062507827449360613003467367959756800000000000000000000000
5	4	4	1	1117813270472738252261729163636025051397629456138505629655334125568000000000000000000000000
5	4	4	0	2288274146033865447785075075411119027118754595830624295426062884989304832000000000000000000000
5	4	3	2	-224356919607009579565509345517513358785484500253135970029386334208000000000000000000000000
5	4	3	1	-1213786053768920553893192623658767843216050802891487903001422370239938560000000000000000000000
5	4	3	0	-1153062468189812051134803166743547421967636256880498441405318583869790832558080000000000000000000
5	4	2	3	-34214993523872617950317446504335959849004744768141182151268761600000000000000000000000000
5	4	2	2	514701267785044390358059836854725127121901199554337465103332097958871040000000000000000000000
5	4	2	1	339675649759494610463368141441712178984169764869151612702440479168313425920000000000000000000000
5	4	2	0	284563008087366392266140123120830130576459042683514481883213603500854144991966003200000000000000000
5	4	1	4	-229849596384310730740514506850978886614594285679645007282176000000000000000000000000000
5	4	1	3	23227558390498679715866956487430722890742599106497023491784019279872000000000000000000000000
5	4	1	2	-202403145730837350344285946098170399677473740579838098549086621032967359692800000000000000000000
5	4	1	1	-26346923894485765692078172509890961293892559150319831540231096342718250651484160000000000000000000
5	4	1	0	-31917347588055559118508374004597750169727533881045600615495961740099813060540691906560000000000000000
5	4	0	5	83456724790353957400864978970692857240719202299954249859072000000000000000000000000000
5	4	0	4	-387757757806579072002768682891955297660986106773553735646125752320000000000000000000000000
5	4	0	3	-2769774271222528099629593211455919357643176534257420685317301752593121280000000000000000000000
5	4	0	2	20607740185058507973597415070467165024326723885851921061743108786651613395681280000000000000000000
5	4	0	1	-193973997018724485299522744717358243369725982291473766874167289354785052026438942720000000000000000
5	4	0	0	1213063032446085883838312137433417326026240963660977960212319711711810587047278091750604800000000000000
5	3	6	0	-553372516582423341730879784272758408161261874179254845160927789056000000000000000000000000
5	3	5	1	-17524325717593703898765435066692172652602299795213860753449890611200000000000000000000000
5	3	5	0	-719596562146673430957471859740030991721809185474355297190578148899553280000000000000000000000
5	3	4	2	-689602204612903816466918000525018303716578548792789687931796193280000000000000000000000000
5	3	4	1	1532229336359342354898093615995401929544106616175071955808305011096551424000000000000000000000
5	3	4	0	976016836735002523439328494951301818663128026857561160106246179554362046545920000000000000000000
5	3	3	3	97617489717455965562990977732405939199230655799001455625443999744000000000000000000000000
5	3	3	2	894755507616237382304158231045337018789324534148404720065849879670292480000000000000000000000
5	3	3	1	-1470141890016195333374706934266152581904888359215286577170139774651199809126400000000000000000000
5	3	3	0	-387969711216239158523105861219357172599599489899707105025526484732442180278078668800000000000000000
5	3	2	4	205760125741738129167700872003901253562187468447472758554624000000000000000000000000000
5	3	2	3	-145717430438135212381235319003398493495361043916415434568587909865144320000000000000000000000
5	3	2	2	-284783616909999056612114934305012319935466411402809192209196590940979776716800000000000000000000
5	3	2	1	475316165447196366901788262689800500313725500376456271243837457893071466113951334400000000000000000
5	3	2	0	71482372947070738977761952703328890400173547334832449623555232051185136703105564409856000000000000000
5	3	1	5	1386004102156920048420940554639389725497708286421153031703756800000000000000000000000000
5	3	1	4	-9376236021382971395659097649280971089688570973216730800803186475008000000000000000000000000
5	3	1	3	60677905064358431666377696047557984977034884342276783169179974662284011110400000000000000000000
5	3	1	2	20202747787919618992130284022708514512937396085828523331469256837960839496466432000000000000000000
5	3	1	1	-62355576627513909751574989957315654961029155023699137915391362910231077575690006036480000000000000000
5	3	1	0	-6332339903244328068076243859949952475820716989174936085982211364666602642430455070903500800000000000000
5	3	0	6	-15236100738457759589626196283144190275894307461876267614208000000000000000000000000000
5	3	0	5	-529109652658918502513284918119623888241089643232442315569530667008000000000000000000000000
5	3	0	4	2381126208766486748955572572104206823428257060556997089976159877076090880000000000000000000000
5	3	0	3	-7065746365907868568123273429361720467736755546060224647823815809125828683366400000000000000000000
5	3	0	2	1111965508659443130092863899291520520378093603478587288351016796260056290698712842240000000000000000
5	3	0	1	2814101344338284539599516549682086485368567178194905761384031518954030319017808502770892800000000000000
5	3	0	0	215937580533599504519353667145989267341977203683842085386601810105127361981293339128469913600000000000000
5	2	7	0	4760083002613945899077958592792569518299337891109397916730481704960000000000000000000000000
5	2	6	1	-5393841280491936688423305360833457375556701818578965656082422169600000000000000000000000000
5	2	6	0	-7982757939338197617674025317892291321196457607900263436943638841490669568000000000000000000000
5	2	5	2	1270340632002604781940707742061976714126320371784440794392807499366400000000000000000000000
5	2	5	1	8255190655855573580384332748114063579543486337257649828004606909360373760000000000000000000000
5	2	5	0	5101232628896218024524651559113315157989274463144654760668944185388299844583424000000000000000000
5	2	4	3	-267190178655278989546533130222889868180629240966165143394961063936000000000000000000000000
5	2	4	2	-1230401503919095480230641347167808655527094392039800229237360316563587072000000000000000000000
5	2	4	1	-4782927298914042320298211016074609009082349024850466114277504975134855496990720000000000000000000
5	2	4	0	-1653320067182700839326267503079360423340272419982742751674955785314025171140560814080000000000000000
5	2	3	4	-1448169708524108751734605319978006236554153921264135553545142272000000000000000000000000
5	2	3	3	271607731247416048674314686323628010443550956107017041849770885544673280000000000000000000000
5	2	3	2	477073650842616326143848627588719720730860019560063626048495436273615917547520000000000000000000
5	2	3	1	1342243268323349789621782170665106659874962590083406154984342715666137517510151372800000000000000000
5	2	3	0	298511431307513388776858561204445345101427246209954146557447425189129242643561755705344000000000000000
5	2	2	5	5091542480094801725005835604756725724528551453784314540080496640000000000000000000000000
5	2	2	4	-42431237078169594374890707337196949292343211078790590851794033956618240000000000000000000000
5	2	2	3	-70460887147908139880087803042010339574261924018064700812183433948748683673600000000000000000000
5	2	2	2	-94248837997840073325390628913058594398575803481779908039385363821453778095387443200000000000000000
5	2	2	1	-193149887773840980223622788810351518455938284143991655522205124327100332914008922259456000000000000000
5	2	2	0	-30365064789802203444809761550544104974232416256178821743805640697073044023167049081343180800000000000000
5	2	1	6	-317534752272602597561007091175220287021087721519810252216729600000000000000000000000000
5	2	1	5	-2119031787171867956313678227978791560324353027152227140260719073689600000000000000000000000
5	2	1	4	20988028684102088322427503202642680517833744636757586676326537179691797708800000000000000000000
5	2	1	3	4811295716095477779860097011466692198970341175781269245913739374518393873891328000000000000000000
5	2	1	2	8894502165550238781118679081049165479340803617041644749357478323602776473638713425920000000000000000
5	2	1	1	13558207784384762394699172400066066650344784250090421590552489421683607183540733076098252800000000000000
5	2	1	0	1623611383363811777227573498141501287919694897945475526713421797958924269979027703446949068800000000000000
5	2	0	7	673631331199291157412913779219800748215679181542043680768000000000000000000000000000
5	2	0	6	144986683385156326225445617355830429787409341623407851114072113152000000000000000000000000
5	2	0	5	146734616165006706397205705271383216027650625678605308034077834658971648000000000000000000000
5	2	0	4	-2387705760848087892635894777604820029547674126884690635677571086035664890757120000000000000000000
5	2	0	3	63501149253663673637220420779471160867822326850278673484632679124874397132196413440000000000000000
5	2	0	2	-271644284488041392187509821446276475472854221332532132381177453809428794300947508284620800000000000000
5	2	0	1	-364248097913969038306640091903733117781676243715338887948653864976655472488464403651153100800000000000000
5	2	0	0	-35386344564806349404116898932970115823600869161465003272943662429284270119869881066858951475200000000000000
5	1	8	0	-787702659805229113306625027810967942711798458705765576501888318177280000000000000000000000
5	1	7	1	2984817409001594471121034764868099358444445164848001780961451746263040000000000000000000000
5	1	7	0	1138547145853742965022729528528149604362969652451095586684730666694108774400000000000000000000
5	1	6	2	-1786707751801920012791256458421486583234818853535949527145821660774400000000000000000000000
5	1	6	1	-5491097287368660865623726038436629839121762105982978523488138758298009600000000000000000000000
5	1	6	0	-752841167093591171890037122691537668928839528962679018623309346229653220622336000000000000000000
5	1	5	3	-344228485038613532353081672125731654110828990467321282925711432089600000000000000000000000
5	1	5	2	4501334984949162946064923967673061483910853748912440474077445195609145344000000000000000000000
5	1	5	1	3764191359596394844267642804361350197781440371910413003969523134459039396659200000000000000000000
5	1	5	0	299789697534343707818166780520688949706298654467617867571284510234835091719905607680000000000000000
5	1	4	4	187468496357981360065278303229693427524265844127440846183714521088000000000000000000000000
5	1	4	3	-278475923726525103545275796406997613154436916633259826780396912518365184000000000000000000000
5	1	4	2	-3263729077959351893623792397331876162317090665764977278684009000633666791014400000000000000000000
5	1	4	1	-1319591769584968699473581947480133587254123078247351663747124061189867334984343224320000000000000000
5	1	4	0	-76345015645533512040920216139921240573530735825405658409331810870465064514986966201139200000000000000
5	1	3	5	-4305749526808602959978322623818032036173925028855682906393149440000000000000000000000000
5	1	3	4	-226863804242567082921929839495334665928682535323713075386439078730792960000000000000000000000
5	1	3	3	471997478762745154459359120086836175775732226877152598659468987588374146580480000000000000000000
5	1	3	2	1057634052122581119968433627223235804374238055723001101815903362781024743266975744000000000000000000
5	1	3	1	261940073312739747306025640257129019601871171150168398688811254258353138810641939693568000000000000000
5	1	3	0	12312492305992955702052290295360569625779978912038182481455160121209943526058475287845273600000000000000
5	1	2	6	-1502434357335233998830976199749883394243211107403222631841792000000000000000000000000000
5	1	2	5	22472265738696102979486420676695221165417710010539553918855028471234560000000000000000000000
5	1	2	4	68743733822478316031081419737307237970053490561561763486661406181562515456000000000000000000000
5	1	2	3	-173450362585095682200800481458671559437128396429497690403438803206881700267583078400000000000000000
5	1	2	2	-172295202736498084056397325383813389095923044553600030573923773015906442729337808486400000000000000000
5	1	2	1	-29801655928333873349074099844742886784389062836035913146186313041196974296678354095859302400000000000000
5	1	2	0	-1202888046669596436126045915128962153706680827690565905743573135543642996194245946515023462400000000000000
5	1	1	7	20455072353397574471785396839767549773701938068962372747264000000000000000000000000000
5	1	1	6	1313675669220979858256115200223261038788821581675940707807998771200000000000000000000000000
5	1	1	5	-11526512012504755166018977882730338664576298426354484800934816720827187200000000000000000000000
5	1	1	4	-4653686892217349345446551746869379614236602753214981810081150211073249478967296000000000000000000
5	1	1	3	24299685125596362831085893350073075910925780566479800149255793133723347308817500078080000000000000000
5	1	1	2	13799999334131336927799979480511619951933242149223354736496313152581373209669801346282291200000000000000
5	1	1	1	1810619292764091526511971258431359674580515888357707003388661143107784168225764809988951244800000000000000
5	1	1	0	64551655283122877778039032666915525189783838243866704632311668337187244798116599841776939827200000000000000
5	1	0	8	26300881647605316053212836670368013595536522461377986560000000000000000000000000000
5	1	0	7	-9384052553667985889832627050639733634514695638664207081773465600000000000000000000000000
5	1	0	6	-236577665196695461581955039820178980015172439157369502949676888799313920000000000000000000000
5	1	0	5	1440528703652096070523341285641905163028761254523527391190374120926827050434560000000000000000000
5	1	0	4	-267274909870288774125914040512459596588271801860627229463354943473916855426901606400000000000000000
5	1	0	3	-1157139654341839832712709555437674063151755265981405263850991174808007253766629736054784000000000000000
5	1	0	2	-432180588505466897798192134082321264500995436074306697937452026388316340562952645092206182400000000000000
5	1	0	1	-45486252075640551458988783382899397229958019972951182074507093415385959292447730161233690624000000000000000
5	1	0	0	-1455358174005616625148827247127116160715415742484515047856601243594563857340532047461328984473600000000000000
5	0	9	0	-4335883170261414590659059974263831263307913202614139369459576345722880000000000000000000000
5	0	8	1	9030420681512786908557339403679254812998776347969750402560541327360000000000000000000000000
5	0	8	0	6562458011424981051765293822834061828239445729104896894008660760924363161600000000000000000000
5	0	7	2	-6091366724751564333551959039975521160135052610206374805093061891194880000000000000000000000
5	0	7	1	-14079416958030594846180524647302216254261195213762019185200861412267026022400000000000000000000
5	0	7	0	-4263075935906930133157371637104744942118617938420611059737724469955037449158656000000000000000000
5	0	6	3	1340394410305614508012882973306383362684887991301012593458155408588800000000000000000000000
5	0	6	2	10078481368920664985245238647731323644496787647243712480940763116965199872000000000000000000000
5	0	6	1	9035319068118839813082752025551959037769721091082522102395832677999327274074112000000000000000000
5	0	6	0	1570850038581385131861279643328270184494744988692417136074793505648341714183735214080000000000000000
5	0	5	4	8916782602729890144289031688646994903103206349918050569634709504000000000000000000000000
5	0	5	3	-2630495131438464130214813276148986816227981200394641402083597640404041728000000000000000000000
5	0	5	2	-6422419795103126318080117796057167045314240155114903293276891981541959790493696000000000000000000
5	0	5	1	-3153691136275118729851148767936964649156644757759164575543241110082304764884895662080000000000000000
5	0	5	0	-363678626058110550357719603507287040849871743177476896948737266169174114545037738822860800000000000000
5	0	4	5	-26543549151808058081466881803488137746832990975227956999770603520000000000000000000000000
5	0	4	4	139823441684055424627906345892020450223822218741522956910602279601569792000000000000000000000
5	0	4	3	1747389911204214132552804819128698603682252083171936372670854552060793947422720000000000000000000
5	0	4	2	2096323061137739780747978275054622731320937779732285433968132054285621233781351383040000000000000000
5	0	4	1	660292067403804360451408920952562066410404110435480438685901700691997127566988162157772800000000000000
5	0	4	0	55075309334715107016290240121145234866299775542879455652794843560612481747266466686487756800000000000000
5	0	3	6	608480365234742124804858132990165327017631840292065815140761600000000000000000000000000
5	0	3	5	33640419293529129377235786975474794538178395680634610848429556220559360000000000000000000000
5	0	3	4	-143004282931496164460752269884853563419030966041881590261665513333058814607360000000000000000000
5	0	3	3	-540083860771087624578237490295000197734476721863799403204864483352776000903367884800000000000000000
5	0	3	2	-384692734638022106057006758742228523756719403052054351112479842882896514689508248125440000000000000000
5	0	3	1	-85458386178210509266746047248674066611179561932454086020110301055878219684749458642095308800000000000000
5	0	3	0	-5472111626916977682024128507160598257521481251833179355883854060299263905470994689086717952000000000000000
5	0	2	7	135572277932856202482294435423523654080458927780916394721280000000000000000000000000000
5	0	2	6	-2610037030910618791731523658243088536874135597390387221447154409144320000000000000000000000
5	0	2	5	-10525406648010163558898450131480211675066070649988212088997202465443859660800000000000000000000
5	0	2	4	48032781603834772679885532095706094251634016157461328346042581837258131560936243200000000000000000
5	0	2	3	84778547001920755428176070509201225399290446399530393010749667751228306729732581359616000000000000000
5	0	2	2	40144638586935087724343205687715882310419333346957718962659933165903706277490672312044748800000000000000
5	0	2	1	6710938955348438273495216688234970734024848031549675085902509367946373119382425050377984409600000000000000
5	0	2	0	344761069332122154012835496392087771375399440487733543523198372747460636424719731556722357043200000000000000
5	0	1	8	280542737574456704567603591150592145019056239588031856640000000000000000000000000000
5	0	1	7	-146977118152788021822757108580084056270152577895947434250353613209600000000000000000000000
5	0	1	6	1385677306164648920099782075292759476904348588403486317614841322056712192000000000000000000000
5	0	1	5	681357214702116694731474447358166196226831098923588945006677117893855122817024000000000000000000
5	0	1	4	-6511228717103407749340676342292890903041749943814840239997799858505558928695272407040000000000000000
5	0	1	3	-6539416136407093610111932294088657064441908485454198836963671415059964521579085192337817600000000000000
5	0	1	2	-2225373492410571681446633678749811216901443654794781218159648264223194695091738227500069683200000000000000
5	0	1	1	-293565235667370916196671341815496388442013341402657220335248649209783844379862654235605519564800000000000000
5	0	1	0	-12520071148926885250886987794596700362051440526349139566498239143444475951836316573591584479641600000000000000
5	0	0	8	-253108304292832624569138380996607420488760552453515788161122304000000000000000000000000
5	0	0	7	29870814290895208808780541027323906311861930099925737634224207130787840000000000000000000000
5	0	0	6	-180623673046281337158357848234284842204206611833710404213183167401793568112640000000000000000000
5	0	0	5	53348222275384012712902796099867420654010225796370827501410303714543644204303646720000000000000000
5	0	0	4	302408427419392160300950333319496975317834678283152037471776012368978912482543582314496000000000000000
5	0	0	3	196571309490437651476339646067403561240136372525133656432171043952666362780104190919390003200000000000000
5	0	0	2	50909061728733267580287612126316668782402926011536067966053486746573724427899521593780889190400000000000000
5	0	0	1	5495561817776326725486440061693793060252357838116043519710111763237765812591394683729502797824000000000000000
5	0	0	0	199932068932903691671351374384636344452814933143297616889219592808367145410989299494292914438144000000000000000
4	9	0	0	155710428969169502691009121295015274063096877023324715781141299200000000000000000000000000
4	8	1	0	2165085365371586292213885182361949499954474244366435623883044290560000000000000000000000000
4	8	0	1	-60970544605557668797373725809865120597490456725936713517498368000000000000000000000000000
4	8	0	0	-454731235224818842431967414153024176659240114591062046207935498734796800000000000000000000000
4	7	2	0	6737534949025398178933462832916990371577717968213821876808567488512000000000000000000000000
4	7	1	1	-930665750333009603675016544388316355703235673420625911289814712320000000000000000000000000
4	7	1	0	-1592979972577138066134410068010560717175809355114791148526424789981593600000000000000000000000
4	7	0	2	-52198804854659831127017240393282647998144468892271233760388710400000000000000000000000000
4	7	0	1	278103392887300713408934550971789435995419163528930887133081433119129600000000000000000000000
4	7	0	0	9465763393258585547218606140224650813008034002864146587614822605301114470400000000000000000000
4	6	3	0	-8733157819721997993754632907802147209644903120970979604279893321318400000000000000000000000
4	6	2	1	-3283510004496985965893092928612144391372652755192258663494719635456000000000000000000000000
4	6	2	0	13835310113767114921223324338741116677923922423680980085945194078541971456000000000000000000000
4	6	1	2	-744280412019045240812573500586740852576249776978318302565000806400000000000000000000000000
4	6	1	1	2036893797487722633488275862897913760608717289758758078970247749209948160000000000000000000000
4	6	1	0	-4308440839225767419675972731080820441481471969391337871322158918324200711127040000000000000000000
4	6	0	3	27394673363054565179218884453543241465152861861027695027237683200000000000000000000000000
4	6	0	2	156185432877778253703826882845368576753146617961683599494689812014694400000000000000000000000
4	6	0	1	-244779473941709373681753708130328978044692255215644748462417279206447015526400000000000000000000
4	6	0	0	362410861679018813525649492341912265556713921989765549054408654184321134645320089600000000000000000
4	5	4	0	-24905134242066261397988607058338516206561224783018207174368342048768000000000000000000000000
4	5	3	1	-4411667738933626054981048250536847482232900669044253849513770352640000000000000000000000000
4	5	3	0	27871246572953886965798995382445397422842628689501191839490953055070846976000000000000000000000
4	5	2	2	-2284269358518016553092899893619568418630728172531813203098898268160000000000000000000000000
4	5	2	1	4869731123245888624006053839798682412811913185190356112069899251768885248000000000000000000000
4	5	2	0	-8492613344580692322267138991291187537412424991708273667498512711689280484802560000000000000000000
4	5	1	3	461163503778834477844196557451513652601324938981247782626525184000000000000000000000000000
4	5	1	2	250379329443936269601427917141446865513806768457574347563898037516369920000000000000000000000
4	5	1	1	-1079793014363038143804626148782630332569808398919257300942537756326523819786240000000000000000000
4	5	1	0	841423736659314861862707754443999640093838154561843458790297954324590960597532672000000000000000000
4	5	0	4	1881485663584834743771241921432409920033634210001195425071104000000000000000000000000000
4	5	0	3	-134055776804645488456123539271698418694794785968169418324084033113292800000000000000000000000
4	5	0	2	64107405063887123370674678299512490122207002968585938513782645271829885747200000000000000000000
4	5	0	1	57583197053829414347925893620893147972600474552116879835950142404230863238515916800000000000000000
4	5	0	0	-14826666305020319022565071643139657573288534722313047115690392249946174006791684227072000000000000000
4	4	5	0	33883927861462027617401029548552076279483111041055114202534888708505600000000000000000000000
4	4	4	1	-38108513978482714283801196974810914932183287371197051394369863548928000000000000000000000000
4	4	4	0	-31706995794004113114293799174183823882015804723459039062382686528111378432000000000000000000000
4	4	3	2	6264873722722694321993241361704881101168415639159011439314017976320000000000000000000000000
4	4	3	1	34499350699973144702301189121897379204290218582861881429388668843159715840000000000000000000000
4	4	3	0	13182379513771433348831569192715742835964069923491923957248396902751648232767488000000000000000000
4	4	2	3	1792603861902945891559886588712165370690374773134000582913540751360000000000000000000000000
4	4	2	2	-9877922141160966023699073873018106000105168676126168823474731706986004480000000000000000000000
4	4	2	1	-9658301739076456177008470567116229854169256330116479198676333658988470620651520000000000000000000
4	4	2	0	-2849475378750687702619242081410666022802074670234074449572687926640019244728671272960000000000000000
4	4	1	4	8985342758451764130387948023336420297112343050085119085353369600000000000000000000000000
4	4	1	3	-913456749188057390115322902079873634249231478087478964536477919635046400000000000000000000000
4	4	1	2	3188605386044008528843223388512672501601707938624533525683742278258276696064000000000000000000000
4	4	1	1	1006836873535646927956004462194812699799217736524958086770683989288055451028973158400000000000000000
4	4	1	0	296099590845590737197093591427282255559711431181818450376230209145427237647111025590272000000000000000
4	4	0	5	-2919580815652476064760866276662933936769126527945607379052134400000000000000000000000000
4	4	0	4	4313699440395691060289138531213808872924906586927141782256743350272000000000000000000000000
4	4	0	3	98469531298930065131964372894570721096005986130669711405094136383776227328000000000000000000000
4	4	0	2	-280867753930239243284680695923871963704992371541454287869383277976780019708461056000000000000000000
4	4	0	1	-31125750560132983399414777312876455111052205172960819803068465171885111700137036480512000000000000000
4	4	0	0	-11112986089502410504003998081915208425564816445026138129928050481314733343612614637676134400000000000000
4	3	6	0	32607340130212693196041044484195671348453750005058063177461547317329920000000000000000000000
4	3	5	1	-29760888069982841155418939446241722528317759461522613043611614230609920000000000000000000000
4	3	5	0	-19023970670067949351160663121329791418074646461439877765881780045496503500800000000000000000000
4	3	4	2	20135128021228538401018205482020078012361007980070875741268564823244800000000000000000000000
4	3	4	1	12995516199518162376271904693468222401427335804816519347472798058192830464000000000000000000000
4	3	4	0	1651292850128794807679602116613360085659871773132779825957187721200491653234688000000000000000000
4	3	3	3	-324403551089361460006985962938573881975159747527327651247966650368000000000000000000000000
4	3	3	2	-22740648408801823148233887224708061257426632104755478473169070287935766528000000000000000000000
4	3	3	1	3441751471495851421018316477105705374061750423424085431333646727987859604635648000000000000000000
4	3	3	0	1065279963295264971954198037522390256376586002296675114296871781283746782405952798720000000000000000
4	3	2	4	-101210099342779831131365380096277679910258804138051412312834703360000000000000000000000000
4	3	2	3	1165528254097170511453054303800021448108726604126493402594547870193418240000000000000000000000
4	3	2	2	7372618962862145310955786499477587814583676372794695592778222997367193463685120000000000000000000
4	3	2	1	-2366180364964088463281264375434857641592673068831569866462174430960118127044172185600000000000000000
4	3	2	0	-309913976639785819782800622499779529858394238214664376628267284926480843173732663531929600000000000000
4	3	1	5	-52288271030090329054650462146810700529157612691004637228166021120000000000000000000000000
4	3	1	4	188210128455522620953202506582277834294454755127692032511738140793241600000000000000000000000
4	3	1	3	-537475550078344851346176233460399241379374295318503309622509078989089695334400000000000000000000
4	3	1	2	-833736927990889591759355964223903369228613280108976886896278438843613967338281369600000000000000000
4	3	1	1	365425585832924237182115653512382609842398982591006892677554364756407396839212189745152000000000000000
4	3	1	0	31877548606116223854124618416929036255655842398423201081840412489887151313724814089676390400000000000000
4	3	0	6	476389622675184930026247658132820521456859400444436895760384000000000000000000000000000
4	3	0	5	14978929359544894194655749199560688809993921759469690346330643863961600000000000000000000000
4	3	0	4	-35325697617481019617895224083033663296135331302295414250757917260254281728000000000000000000000
4	3	0	3	60999830918114568976517166476551329728221608376653215373219110704495930499923968000000000000000000
4	3	0	2	23897882197893455998691381746527030575265319108629358912517394063339255142073650642944000000000000000
4	3	0	1	-17414508577090452468214246876123699169172890442812249323022588464262910814414939428067737600000000000000
4	3	0	0	-1159436505748409925673541571643130649230908045339576609975485441362307512952467800596047462400000000000000
4	2	7	0	-54190779584886465828942984704072170078013604796673099554991906324742144000000000000000000000
4	2	6	1	50924031315446761806840687106326248190383600891728319524199042509701120000000000000000000000
4	2	6	0	85426920568409172154574326004741832232270924311739442929897391127966315970560000000000000000000
4	2	5	2	-6228835094251324186741692989349945602857011062823144721475770075054080000000000000000000000
4	2	5	1	-70464747663837581243086523359438162868029309211345325193565126089364629094400000000000000000000
4	2	5	0	-51382343258836770625847308002624690225847853458657171247198789791199132815196160000000000000000000
4	2	4	3	7814748258546786051002277467098305450713624894959659581128098132787200000000000000000000000
4	2	4	2	-1824870766434639563647817177749919912530400368257110449357427649206550528000000000000000000000
4	2	4	1	37683004553808403394933082308218828885656505671050134412544046708029858999435264000000000000000000
4	2	4	0	15802391057659587825823525192503539427942792701316549804683255174781944161456682434560000000000000000
4	2	3	4	-853074352105693445206657698849136664300628785030851238251060002816000000000000000000000000
4	2	3	3	-5636611491421431436207718929745251636581510749523815091866846083418161152000000000000000000000
4	2	3	2	2738189944525648110630852789567343542836191740076278091118483554034938753843200000000000000000000
4	2	3	1	-9914419458956372881334549838671709526750099180880567704156406149427869097818639564800000000000000000
4	2	3	0	-2733684155121829037721587502484774400063406764708334676004802212557114582723066026629529600000000000000
4	2	2	5	-202024716671815225227256544955643012111358970890707768338341167104000000000000000000000000
4	2	2	4	1402428352683522135862434165919803924348865461504504149049421416785510400000000000000000000000
4	2	2	3	1154431279749674059027344626738078487818610403604290262218538052268807327580160000000000000000000
4	2	2	2	-719000126378331132871711489159612797867908060440248623742190493031273413397499084800000000000000000
4	2	2	1	1355035881255110541650485609375557093012447755400371155322573075513259529676643261166387200000000000000
4	2	2	0	269035119710766999444224070969835436447196748108418651992339624521239920794371787948294144000000000000000
4	2	1	6	11478869371588236987420462222831589475646157823050958126280867840000000000000000000000000
4	2	1	5	91150931701193329698833935690103264922073656371637590104131817911091200000000000000000000000
4	2	1	4	-466065192963588103573064418491757871577951197711054575614007409852524842188800000000000000000000
4	2	1	3	-58669671293062066267830067455954384894766496324327598712145443004954660403412992000000000000000000
4	2	1	2	75147114500102906035703578006278721542746414877194798913714625652605673701814204104704000000000000000
4	2	1	1	-91404505360999629643709127120585103046394333500461034349705697192637454928265364651166924800000000000000
4	2	1	0	-14050530584849030121675739518100149298292770799766513313753306436972267670813685645589662924800000000000000
4	2	0	7	-9567855271473413398203009616114548505846589016728031933235200000000000000000000000000
4	2	0	6	-3613900081038324267012694894909062842432157896986086968962680304435200000000000000000000000
4	2	0	5	-9265763227336597940100367883568608570842592218046658470139933164561026252800000000000000000000
4	2	0	4	42346096368287431766108665034527528073777124314309572944375123512498699819286528000000000000000000
4	2	0	3	-1877783801425642937444447008690399272002097525091166693557746647503997831151485976576000000000000000
4	2	0	2	-3059670593239194219873885702268025467223009557957632709229025632593919732452744847425536000000000000000
4	2	0	1	2384152913972594733561116507639072159792412126344205482373931969522716839731800875863533158400000000000000
4	2	0	0	301928011203987095407744394421068737746041240859443985843951434690677539771638132657380707532800000000000000
4	1	8	0	32474367000188534884892100529184289809052324349423128885080404814462976000000000000000000000
4	1	7	1	-99532931104146789383033063172136533253402008442397388464016594353258496000000000000000000000
4	1	7	0	-44903006328720737994621093865774745162699223393208675652099009394798609039360000000000000000000
4	1	6	2	63376273030652459278788633099505841300366979197971375967736098822553600000000000000000000000
4	1	6	1	145286051727611221709240153588882765245468119917355673567753655405314949775360000000000000000000
4	1	6	0	27032894802640274249977162766629708997839872223243173606275847355430444538318028800000000000000000
4	1	5	3	3516379532274899046150239813762019414013534559634889501282635255644160000000000000000000000
4	1	5	2	-103539595824686306574152108342773722344708618480703827940338260047399223296000000000000000000000
4	1	5	1	-84586866284725667334547638847156461322359563498866916985437876638756297499266252800000000000000000
4	1	5	0	-9254067878355294397454475488909541237053963325081904879688293039419611112916069122048000000000000000
4	1	4	4	-5390665055062613829636712835951273331271232651055791167138345412198400000000000000000000000
4	1	4	3	7355959305918352806716698559786728124967175418453165166091388522481057792000000000000000000000
4	1	4	2	59551330442260953595969250832404004415529915766247582234910236152730651837071360000000000000000000
4	1	4	1	25942096324992196088658386566995334810784567888436972354207597732356285466023974404096000000000000000
4	1	4	0	1963374132709248245012322861521183122523650887357203152491278939176279827650786258583552000000000000000
4	1	3	5	251203758403375453137459602506623502359076391950694605071825292492800000000000000000000000
4	1	3	4	5018986285216393646814848446778693825479259143276675154429792736094715904000000000000000000000
4	1	3	3	-7395617791000891703770024305744294825878481456731232278056507128022628315430912000000000000000000
4	1	3	2	-16446347268015528072223944980080619113914117905340612897460220801258974140614332907520000000000000000
4	1	3	1	-4577293309137811263488027507130782084668884208278895002835130966075111054182232692359168000000000000000
4	1	3	0	-263230657700589295647942471043541809326472200634026211569149318905079595642746038496998195200000000000000
4	1	2	6	61042190241977289148033962893855000130663350054463794914831368192000000000000000000000000
4	1	2	5	-506760326912864358469183886265155212811519693838402502526812216111398912000000000000000000000
4	1	2	4	-1389087795042939685482811084736600462245949442094961763532078562658682027376640000000000000000000
4	1	2	3	2231433086621145128366544477093857646679073186237805808326079019961192729446103121920000000000000000
4	1	2	2	2370687866872372700890486159175821721864142254571677738038987939052813268872392779340185600000000000000
4	1	2	1	467956965120091554948616618356805491236601187378910251112029391918301230365272930518669721600000000000000
4	1	2	0	21699420207451621351788081047063464268201589862747143969766725121857306877422015381777049190400000000000000
4	1	1	7	-625781435860958869775542246456422344600957038587459739739750400000000000000000000000000
4	1	1	6	-38451672124618474027271211407362142832369532461751967604065534969118720000000000000000000000
4	1	1	5	191928777797021479750009188882240629159847972291647579137489732888137962618880000000000000000000
4	1	1	4	125001506196693538293288661926614945346353621805507204114618617641542714770482790400000000000000000
4	1	1	3	-274330974343051735673899966970840894760925788426745899837280310643527007520918427664384000000000000000
4	1	1	2	-172058844939983496121448272662906547687945698964770232299438360466831374100074753929143910400000000000000
4	1	1	1	-25786758436962035843003798821983588987837887094683332413157044368226402085256725949211004108800000000000000
4	1	1	0	-1003149763443357100655525203505115372170165906677641811373926295966241287226251467673538291302400000000000000
4	1	0	8	-1782498418863704286646411317273074841414828582282457409126400000000000000000000000000
4	1	0	7	189097183973337002617341099627397118165131656349519371596484260659200000000000000000000000
4	1	0	6	5342771254912425975619962920912515645617554950618623988669407305887698124800000000000000000000
4	1	0	5	-19528897426356753492389908013024403794306830890219372132761044784260816728961843200000000000000000
4	1	0	4	-1321043832187279322917926777099537117960051081326791174516473012935098644616697610240000000000000000
4	1	0	3	11885999998543441750401054430460199283374082373630496420587993480192167292890616259044966400000000000000
4	1	0	2	4965883303093278285850604616142412734386295718296236685313659726969322361169480193911082188800000000000000
4	1	0	1	592754148133367978644670102959558206958934679372554061922157408132380068683167174806769709875200000000000000
4	1	0	0	19887283034974575557024981411666211878481307497004295734549066029071239331440456449237437330227200000000000000
4	0	9	0	85081259684632769403804532624976076240919178860655466630373135016263680000000000000000000000
4	0	8	1	-182699401220876066431419808240568341013033634755549332364113170508283904000000000000000000000
4	0	8	0	-125042934602450007586886319442707115933789168281989274441408385067310970306560000000000000000000
4	0	7	2	129563655740924521838670646828389890436007528914275834280433272999641088000000000000000000000
4	0	7	1	260881756544535623652924255978987667598524532215651142139016080751847528202240000000000000000000
4	0	7	0	79393242537429568543725638838079196496285786350453275372905087064899009168959078400000000000000000
4	0	6	3	-31284543406253879579286032485783602239969349902480838775711469917962240000000000000000000000
4	0	6	2	-183861415510282972156134161639043149914180147262627975908271603384563437404160000000000000000000
4	0	6	1	-155762349929746701570854201323052618127484297989911976920059872188170718365404364800000000000000000
4	0	6	0	-28674949519700434127277607195613797794381939828400142911746451817531615759066801897472000000000000000
4	0	5	4	-75015604797050472332445387286291485781394517318386151121175697162240000000000000000000000
4	0	5	3	48002407510771092337721960824651882677149843960642393294898242813782130688000000000000000000000
4	0	5	2	104064120094796735145129867105099403574346508134152209050040851575906013125856460800000000000000000
4	0	5	1	51142216647032236515574684958233418385452677692940861226957592384346628552313532317696000000000000000
4	0	5	0	6509579354669173141806595805816245448039989933984388898543540001630597459425546143898009600000000000000
4	0	4	5	760601181673463174207295230305412849353580716920506981695413131673600000000000000000000000
4	0	4	4	-2176948716519411474195608629909518905967399296920722270602634218535124992000000000000000000000
4	0	4	3	-26905772677717541963184897178948864294169652007531881240869326488707363650928640000000000000000000
4	0	4	2	-30894398248859443739983231547063439602759605309427416298627304948629801668631209181184000000000000000
4	0	4	1	-10153648181862842836557052351492503492255298977437490248002593937057654556999504763656601600000000000000
4	0	4	0	-965358575658415769937540637449719861951650405251337506005713381943121968858192841386911334400000000000000
4	0	3	6	-23899709623679839331857807911223907812106939649394271786253680640000000000000000000000000
4	0	3	5	-747838689933976569413395529933709811293183021447012032727290948823810048000000000000000000000
4	0	3	4	1854042778622313240089395752675443048410652568756935914605559506723699878264832000000000000000000
4	0	3	3	7322405912693375296965617442906527931088839560988468953011709604694591717927173488640000000000000000
4	0	3	2	5247472633958081610674950326493599728300275832061127671506198868561340432472567245386547200000000000000
4	0	3	1	1253532600688166421151462267772403634115551988071728102485782195222637237933755831412588544000000000000000
4	0	3	0	93698850768826621189864730605702055257596871963663298757734761924879817144198063582175716966400000000000000
4	0	2	7	-5458147484230705222268197295448023379267191946978162928338862080000000000000000000000000
4	0	2	6	52937217390922068737825812620312894852530255037078517256555375691300864000000000000000000000
4	0	2	5	216342466766660277921531256100579881242332758465104811719513522661492701265920000000000000000000
4	0	2	4	-545608416515803881861497669154445098475250532627242032903033538568952655540366868480000000000000000
4	0	2	3	-1041836817097636083987701344275763443378575429677492073323288777270689475452542400017203200000000000000
4	0	2	2	-513671565490398304878521097439005488848246784481938396314752380211846072292006521453359923200000000000000
4	0	2	1	-94304577437579693656582189848818402430242730661644634309322783849511903114155522575071549849600000000000000
4	0	2	0	-5749231824772051289441893145179603463670518818031130817820881930842597789608480729187249605836800000000000000
4	0	1	8	-22443419005956536365408287292047371601524499167042548531200000000000000000000000000000
4	0	1	7	3900118433977660378946342384830315632097010374396128999694025474703360000000000000000000000
4	0	1	6	-21308805231638397832151950304946860256165026398909954537802862510575053701120000000000000000000
4	0	1	5	-20138721405539426778828166012698206191516181042208759035095042163305129731057254400000000000000000
4	0	1	4	66866435007616759715262761583845016348012065924049745277649077026170085108897560920064000000000000000
4	0	1	3	74444781348366657619643101808837097855370659265047868981670689977068440501982146253448806400000000000000
4	0	1	2	26986143210243445171452317058413413002962912406669263050318637815187864735456384823447886233600000000000000
4	0	1	1	3964184326050695398299961299344596619195060628446836507861754429403749321173095740014545862656000000000000000
4	0	1	0	202646592973505197277199870386937133293632762814670597838098002782747478139095975628234983211008000000000000000
4	0	0	9	-14027136878722835228380179557529607250952811979401592832000000000000000000000000000
4	0	0	8	10051378858205146667874354312526285085424440113695029428252940697600000000000000000000000
4	0	0	7	-591116664382953708762145717322409096191766722969262766632158951075374694400000000000000000000
4	0	0	6	2278885469203077766550879725773510499078075586737782051901400736622137074673254400000000000000000
4	0	0	5	204669727343574761534610431674228318964280782117564326013719441358345964369978851328000000000000000
4	0	0	4	-2887727652088868337323962302974604320291790931362341098559276015179390035643218987162009600000000000000
4	0	0	3	-2107327670396606645902947662095625678794060155501595486705183762186483948761465002327329996800000000000000
4	0	0	2	-589672747531203682486000821584714675232239693891836426803828490904683041056645270882207819366400000000000000
4	0	0	1	-71461361949622616218386264268486418834865440336698286192587298856004755677924479874941215100108800000000000000
4	0	0	0	-3130153809592918938035237469038051185224905596293239893457333273639041399523112581083541185285324800000000000000
3	9	0	0	-3332506885761257073840890042641316106579257760304883972192096747520000000000000000000000000
3	8	1	0	-46085521985126897724203010110295345061347749738745831618060547522560000000000000000000000000
3	8	0	1	1351101301350197574052502699089177748239287983847923564058677084160000000000000000000000000
3	8	0	0	8356225235942084443183260827451611084631923094712893253781922067544801280000000000000000000000
3	7	2	0	-175878956900075808617371792909669965661173511099003346337077788881715200000000000000000000000
3	7	1	1	19901054975888635138224148525375088619455383805932182848992337461248000000000000000000000000
3	7	1	0	50762010156626056854004657771007003231574627456111810520995292651959877632000000000000000000000
3	7	0	2	1036519119894014609327769712430190560020476686396247881791297290240000000000000000000000000
3	7	0	1	-4428768189871889768714358627999733746152708225783196412310016785960140800000000000000000000000
3	7	0	0	-3018685586669683354054952870132120369766466291562233264491551153594717951754240000000000000000000
3	6	3	0	-87814651318079888933637297356427914675689506356131698163112128964198400000000000000000000000
3	6	2	1	91255054003203153251073690152785450474173249805941206329420494667776000000000000000000000000
3	6	2	0	-41772506443459961599428481140008536658533356805910564498106181672130052096000000000000000000000
3	6	1	2	15444035304413767080943872831212342713622263975215803407782817824768000000000000000000000000
3	6	1	1	-40034717684619734132318985647373775199220230599732529925579339284197933056000000000000000000000
3	6	1	0	22935099904050746837641058786737383202925958181820192800214008088989998130397184000000000000000000
3	6	0	3	-548296381333698570156593272501588547877044878430646280213537751040000000000000000000000000
3	6	0	2	-2907137812418470584964179917145259168726716098737726593461026598147850240000000000000000000000
3	6	0	1	3912130176682170791139299003678452262674230543570153311174966768164295273349120000000000000000000
3	6	0	0	-2150021440234012133413743988071066049763834556166845318133832073514670199135723847680000000000000000
3	5	4	0	129395268967064397339149708489293893636661293079482887055885909979299840000000000000000000000
3	5	3	1	245774898510863117454976587124164505542968574115650022455944772468080640000000000000000000000
3	5	3	0	-197267537268332474998856025787518592124529950557196888581259125374467860070400000000000000000000
3	5	2	2	50457988256190591539175381774138966957118693270101910605398896803840000000000000000000000000
3	5	2	1	-158503365989527953004741036047188024091509186284545222010563625237277048832000000000000000000000
3	5	2	0	65649666908450196141390383814868395080389113751213722010823918425223800603803648000000000000000000
3	5	1	3	-9548155589918963199044310724384901265571820525461494710974386536448000000000000000000000000
3	5	1	2	-11363479259460997847411453705641169073957162305653443750563085059220307968000000000000000000000
3	5	1	1	29504404371113259516444868490620421579117294833914362160963612401029034350215168000000000000000000
3	5	1	0	-7286668318480080313658250369848720083582223251114385303900316976295821130931225231360000000000000000
3	5	0	4	-36508026253237703720368917171371758480318614847762316686251786240000000000000000000000000
3	5	0	3	2165390781809294535003626525471962563014814404291826291511667669273149440000000000000000000000
3	5	0	2	216232521317079575140541046456107211631238881272697109107355806281203680542720000000000000000000
3	5	0	1	-1636337682102067273422836270764484452950832204418292582096762357365701722258674810880000000000000000
3	5	0	0	213990474477059818444346187446372080215721197976127727450747012884635829846220381723033600000000000000
3	4	5	0	-566477673640036303890215344678646027864145062112847924844317244022325248000000000000000000000
3	4	4	1	850734474055307148473081931429081414405954978842538233797214376611020800000000000000000000000
3	4	4	0	443970082904636487705355927930664752139062668322121824630827205510731996856320000000000000000000
3	4	3	2	-102809864544521366615245475883394767781935511963007349411981725112729600000000000000000000000
3	4	3	1	-640085877699927038680558251006619007528080488061539620575007564054995874611200000000000000000000
3	4	3	0	-148005432933503635791502877416916119561714013681861431060762111995510618996080640000000000000000000
3	4	2	3	-41920903627527551331405361268656877088287685235415105645992300511232000000000000000000000000
3	4	2	2	120019114141435276733384422627132072901205272418125312064610634941222354944000000000000000000000
3	4	2	1	162160964774448817017847902583706704633640879673449235065961598156405783205511168000000000000000000
3	4	2	0	25935927557105546881988054127760162480239604285783154888497375610911756639765455175680000000000000000
3	4	1	4	-181442462175590538287300927486644880601566429578518315173129748480000000000000000000000000
3	4	1	3	17177998969270396203807503771164274498210094713959658834529299377202135040000000000000000000000
3	4	1	2	-32723159502187462469569846811684181138345541274175186831927387308182272517079040000000000000000000
3	4	1	1	-16566646805857446344048084052579365299768175707884016393908679678506259177509601935360000000000000000
3	4	1	0	-2297863426075113071213136544029968594267427868294374114586176589317209553312145778461900800000000000000
3	4	0	5	54249974525711403971237909259432532285783707220242876395987927040000000000000000000000000
3	4	0	4	-22844125599768210670798245486707439116369078362285199040063856233676800000000000000000000000
3	4	0	3	-1599232402873061018553495991631867109464302502924138358536227557498889332326400000000000000000000
3	4	0	2	2538120358532521089014209669851980708834716938040663477066188628942245756734307041280000000000000000
3	4	0	1	571538074737398188342209879997512256685048412517610814774932625550698179013362062668595200000000000000
3	4	0	0	78412291987138036167431292562457997292382886372105752748542740035650529347420433315948134400000000000000
3	3	6	0	-792945823857045752688559838722342445429485142721406133596603197960486912000000000000000000000
3	3	5	1	949270835410880359890776699072267935987690730529937283602125090403123200000000000000000000000
3	3	5	0	632734347084574152575100960968352677309199934574675253437289670712347915714560000000000000000000
3	3	4	2	-384086852374189132699025583402997628796733174930513799082485961971466240000000000000000000000
3	3	4	1	-688185159156519399222197888079150026153068326851833679005473265234703296757760000000000000000000
3	3	4	0	-196045362804463963718902619212799188790404686164047510230609967990111928139644928000000000000000000
3	3	3	3	-31146636815828370423397255628730501391139049324315765770467916591923200000000000000000000000
3	3	3	2	355011831605092759419303324062869456881252401225829072026331594263774625792000000000000000000000
3	3	3	1	165372758744267208855722516355486675225097918214240751263137916807259282414659174400000000000000000
3	3	3	0	29231965664642163468134137960347502522156325620119544849867905125866310162076533784576000000000000000
3	3	2	4	2736078731870779493468766321218191864528657058525860275861653028864000000000000000000000000
3	3	2	3	8151282620241851682803292944647574331392201488096185181800832428958285824000000000000000000000
3	3	2	2	-103927495607630665592121193425358090945053843970516967290658917518161783027662848000000000000000000
3	3	2	1	-13892311120427819618331570423178045134131091289451151025504479923639251627806994464768000000000000000
3	3	2	0	-2013406684108801009464119154827488451097163205997112905804360742400511213964608527558246400000000000000
3	3	1	5	1046552233446297830422381781395664301690610085694366629769007595520000000000000000000000000
3	3	1	4	-2396356140072023753333156460319204086436467490882241704282267353455001600000000000000000000000
3	3	1	3	1049643669589463080253395599598625545429247998681991312462473253041079404462080000000000000000000
3	3	1	2	11742301226189081237400978351915694974975945415364838150040639686454245974237144678400000000000000000
3	3	1	1	-45432605171312850666946837321319908478717990106892373047471637239021217853561818107084800000000000000
3	3	1	0	37800376801287083768615747415091734989890848146746459484861820510127681885186901175749836800000000000000
3	3	0	6	-7642684616608239657198650987208335271257168295044179193411665920000000000000000000000000
3	3	0	5	-238934325080802388310507720795548892397273349760976122995146477860290560000000000000000000000
3	3	0	4	347710362092949837013607954256157212450280721951058002600607178786907514470400000000000000000000
3	3	0	3	-255318338850305580927119594640615889659586476681866453752267038703557605917238231040000000000000000
3	3	0	2	-423643181979478891251383662184395279558821380251116954661025408821354583079672565098086400000000000000
3	3	0	1	37703640278479040346499136135385697728052593932060819463601831098783133778373610514782617600000000000000
3	3	0	0	1183528697786257012068791879478227865316231949892908258301699947834363906394884510043026227200000000000000
3	2	7	0	157427744449771402705868588270862079896557844800116965267026871176291942400000000000000000000
3	2	6	1	156046422036447741123421186798922702796986190940539219883889435615428608000000000000000000000
3	2	6	0	-339239424810155939265350741792885196583851327446706674801401016518298321289216000000000000000000
3	2	5	2	-234528278224237661531700098103783840856450301059439415429294271242436608000000000000000000000
3	2	5	1	-57627515062966870156803074876834619191648445784926212721100321887166220206080000000000000000000
3	2	5	0	226915399300529340341118417581763335137997019383420761060582159197124822230494085120000000000000000
3	2	4	3	-133045957367579007074037080099751217350238827443702873639453178420264960000000000000000000000
3	2	4	2	308586105193449910263235602237590389018571228221047538955313778943303174062080000000000000000000
3	2	4	1	-24037731776934225734668592899442200293152313834485260836146252700685891934984601600000000000000000
3	2	4	0	-72842078348807778057853496742941969208900907386237060242493048251302204913581120762675200000000000000
3	2	3	4	27648987641431208214361412479022642750897871544355210249889131161190400000000000000000000000
3	2	3	3	78916677695739573458170836483822265143453667053463565110095064933128260812800000000000000000000
3	2	3	2	-128863751332652665270503067832085637054375183097289074128362045792818282253778944000000000000000000
3	2	3	1	15239527495489135179162745677414196527327107625738451299386248038570591999865456164864000000000000000
3	2	3	0	12815575044177555364569385145755013304697804228849941388067611967435682798444913581096960000000000000000
3	2	2	5	4385376648963285416755837530960351042095653211958112473585180632678400000000000000000000000
3	2	2	4	-25286931073991368048993071764675733404190535918462902156489905407461949440000000000000000000000
3	2	2	3	-14256537837620711911483483007639226231940626917149384059589622751775496469479424000000000000000000
3	2	2	2	23747762934045835667802380075623802266728864160864931688006147102246089851796270874624000000000000000
3	2	2	1	-2820460077633076908547976946888132175240456540946633909338494889359935601240747150409728000000000000000
3	2	2	0	-1267522712982733061225313295771099421786885138441528270495636097045278113431914777070167654400000000000000
3	2	1	6	-218562573470602505255728236494961154531634817283096424695952572416000000000000000000000000
3	2	1	5	-1785656760107034301575340714121488368963448000127540819852407852744310784000000000000000000000
3	2	1	4	6350505572672427776393607943376865648701640223572058669892168022549055647252480000000000000000000
3	2	1	3	722104416818261377664109823777383801978775972859551729347590338005676386293278310400000000000000000
3	2	1	2	-2027764999388214768799199297119132786584341838845929005946494351468072908201019775647744000000000000000
3	2	1	1	219673158923054673104669416716411910621813321430518499378886837163408315322882443220248166400000000000000
3	2	1	0	66163855719201291999482286654797162095460637052345475887223743655349966376129783903773366681600000000000000
3	2	0	7	-102500663886141808698010823095368344728973588041723514695188480000000000000000000000000
3	2	0	6	52756636419127946503610544488703431659536768013312313684461123062988800000000000000000000000
3	2	0	5	170112695555784213858840900282779225075989591782291564600411991195544274862080000000000000000000
3	2	0	4	-477196948648102786985333897105927301899696165946069955135057112030079119942095994880000000000000000
3	2	0	3	11896595774111895980682042139791426865715749026920943520838378771175938560122909464985600000000000000
3	2	0	2	66635235392858022108302060298542352578455304420641720909380700985168894105773002680224972800000000000000
3	2	0	1	-6160741807285314100666468202984392065980998290924930555167718553940871719717664307286114304000000000000000
3	2	0	0	-1418132711942459819523117300811847077020921493693198952869957506449249522811705638781833969664000000000000000
3	1	8	0	-624512972486571473728550504670146222564574802422609566196048223199979110400000000000000000000
3	1	7	1	1786581258664140841793815602461630475268363344663919701228513872352116736000000000000000000000
3	1	7	0	786051980556472330960640405206865844954886807445892432735198230644154915880960000000000000000000
3	1	6	2	-1187837919760831408258937864763658192673396179481904092329386191496413184000000000000000000000
3	1	6	1	-2208592215913232271388183487239356673141689519102317957961701552961286620315648000000000000000000
3	1	6	0	-425525818043950842932081974691099972865309249275855272076432996590698138273180549120000000000000000
3	1	5	3	10496841966979593871916995944217729689506050167012444103708399493971968000000000000000000000
3	1	5	2	1490868272258460149786764973387212038924103800497065666797352456031045010063360000000000000000000
3	1	5	1	1118484468352679325495725297134607689247660939903779773305845081236851159611358576640000000000000000
3	1	5	0	129692943187094121541442295412130794678552969066161787374341698495660964965007810258534400000000000000
3	1	4	4	92665491568650339728388822096627360861249561193904507768390816177848320000000000000000000000
3	1	4	3	-121544650468453231413875990730207417725703894209359640266644697559174102384640000000000000000000
3	1	4	2	-713602149519392363338219466138704361071697335649690507303099318834961731832250368000000000000000000
3	1	4	1	-303522541940870676509770295764048044478323547940922800672823705607164162135247687149158400000000000000
3	1	4	0	-24377985718484780640960250194715055901665879104365664375884511936979653442829514570727424000000000000000
3	1	3	5	-6138106475422668631699966112630499144279422649213922666798163322470400000000000000000000000
3	1	3	4	-70884062198547028881603335295716867634062157794161013994786748542233660620800000000000000000000
3	1	3	3	81998653925674565788464395691375790303173301706764215177719285343958055378957107200000000000000000
3	1	3	2	170949496431567191736997087788983368314526904419652732524542229567805513214624471711744000000000000000
3	1	3	1	47971899567918043452375811319717818351708556907849979359230761792088753701561821482817945600000000000000
3	1	3	0	2896456859201113992395581005455043292528166218631314088005718500089442607673476958473787801600000000000000
3	1	2	6	-1321959358042562839389851038013546619459524709890632504252500541440000000000000000000000000
3	1	2	5	7297568557088198808751443763186897311267246683184147592196475219792101376000000000000000000000
3	1	2	4	17622692722544767813754804617601657661322508687654446718162975414934743292051456000000000000000000
3	1	2	3	-20497292890688155792814264850131916193872182608992211881048848026980798334732137922560000000000000000
3	1	2	2	-21934766497152543471391950401007707733339878858453659379551272196992360868017250855865548800000000000000
3	1	2	1	-4436081929251506735123683578645600120103785471888819179741455271103129834176461670700810240000000000000000
3	1	2	0	-212531846422170408782212675531241957503605231493338536557619512117640581880118025721089936588800000000000000
3	1	1	7	9232498386027744358191798580038092538304026765544431920300949504000000000000000000000000
3	1	1	6	647359263015695174569638315554843294978516845370488330543165892525555712000000000000000000000
3	1	1	5	-2146203069597950525542035477037119054593505948998953942138571182358607867936768000000000000000000
3	1	1	4	-1624879042665905126160694749644801084444606397645813680838882183607358296427467898880000000000000000
3	1	1	3	2213806099504433105819829641138773066795936691338838065604760285753789495565641477783552000000000000000
3	1	1	2	1442784862669540786060878137614312369474291961889864473361354491637093475121531311387312128000000000000000
3	1	1	1	222959749883802776954956272883874108097517461867402559499698890937644350844036665116576029081600000000000000
3	1	1	0	8806951000392449505642323012975498328911073553792966543228486391555533282694120879093970055987200000000000000
3	1	0	8	46791582928674846526478319166211688571655880672768039353057280000000000000000000000000
3	1	0	7	-2066823204678858737579346679577647378419739885926065714579466690232320000000000000000000000
3	1	0	6	-73268559566863919609842216591709482017066917959358113496172256988732262973440000000000000000000
3	1	0	5	182510539529061062006835550358679975974911589467967863549611541133027449969311744000000000000000000
3	1	0	4	38920663712975609050285803015685925240925543843999472255734715970492706646180969316352000000000000000
3	1	0	3	-86934710941161274462660705055112772762029134940299099175088497354479914965993378887919206400000000000000
3	1	0	2	-38249650128990219073574080888696827231503340022776853853967477164106207837998462934734969241600000000000000
3	1	0	1	-4709695684842893740583169639203305151280925345895269442059719136968495813190698480456205074432000000000000000
3	1	0	0	-157797994156282972187682089652298777900382206755654888331191688399558084365197846897061370685030400000000000000
3	0	9	0	-1068330795583151425267684207463522277346782107347127254870579501022891212800000000000000000000
3	0	8	1	2364062957645072897401047606316572510504296064980024009412493024151627366400000000000000000000
3	0	8	0	1463545251963806350477386828678289240254155499669703483898877677804412028846080000000000000000000
3	0	7	2	-1757064443881775258876798241302567153764386874915717074931161106096953753600000000000000000000
3	0	7	1	-3053941632272997690918258292769082895074097365301975289738984386145250460041216000000000000000000
3	0	7	0	-869555236844014126529410930607759452830613680666969155738510622285118647137678131200000000000000000
3	0	6	3	460016102957706288103386161786522622433267549394098363213182180714872832000000000000000000000
3	0	6	2	2172202020904180398865777424021648333031297774667381118149420334696049175166976000000000000000000
3	0	6	1	1668541385461345281226270140375313529913000065355380816726227345953749184035243950080000000000000000
3	0	6	0	294854712968676933566148539518365107257460679167976628929877652294884669997555227872460800000000000000
3	0	5	4	-1351352258025039849475579983243355010885086737968993854589349119655936000000000000000000000
3	0	5	3	-578527330514033999182886538824617712972810281315759931905782395747338530324480000000000000000000
3	0	5	2	-1096280978701900110125218950813208777948397182178426074245872394177980948057822330880000000000000000
3	0	5	1	-505930579256737183208845618556249309297883354222845787816384298307499632966771968416153600000000000000
3	0	5	0	-63024063142200802928519644678767894554762340081853917362613768534313600729467404861571072000000000000000
3	0	4	5	-13018786994548068861849959738574579703555394592840282008200256484802560000000000000000000000
3	0	4	4	23687366700484734510758679274416412858307522889957878638443881046650828881920000000000000000000
3	0	4	3	278986400614657650583511347758935414969064906212653655714483029886052991507837747200000000000000000
3	0	4	2	295244731519310014489873720624649793931414460950630688074026929940555829965562531597516800000000000000
3	0	4	1	93464061284956028865933778684129073100535634612678300230636269071679593857930261278857625600000000000000
3	0	4	0	8823086823072069220876614591557929154563584669813330260084596912814589248233354242150314803200000000000000
3	0	3	6	500461980310498432947802027634621045042455562800268767718226285035520000000000000000000000
3	0	3	5	10486965570538223969149035302009324486706401047132888408591739701309105766400000000000000000000
3	0	3	4	-16861148945814644156568060524764866020151018133296220457908938097426955945744793600000000000000000
3	0	3	3	-67346058209172776176803979074779130567764234601592516928641068055776122038618498793472000000000000000
3	0	3	2	-46102986344451399823162987363019049218742323251909072459049878528372214564162852915616153600000000000000
3	0	3	1	-10804352718630903301473631157169665557450128940375740172022983423001524485433980061555988889600000000000000
3	0	3	0	-810344096644687817284580263013376236148639877788328399779326691852873092515469276849586674073600000000000000
3	0	2	7	117166304098490623592854089074823896244294001461584473562145619968000000000000000000000000
3	0	2	6	-696629669320986448631518649495753362380218072180635758387101305845841920000000000000000000000
3	0	2	5	-2725592909568249947161378757689514748959842707638890600364039959959479733190656000000000000000000
3	0	2	4	4379013986909333390238710270670725450892607131770919399364330593352097199121338728448000000000000000
3	0	2	3	8685824551498534334110057483003601267089776266733372476307359952755467004757319067526758400000000000000
3	0	2	2	4193298212664303583813214331041947037005579102456739153199949970919323432195138401233744691200000000000000
3	0	2	1	765113807744968613897643852245788646130064266399063234484183721122663853405647818271018608230400000000000000
3	0	2	0	47149828698760967825285919286977767825613069880076395732565029347977809660750013815128673851801600000000000000
3	0	1	8	718087963936702240148693547886955837129145082609126520679038976000000000000000000000000
3	0	1	7	-62230715978701117042383637426064993245086569606728187162142631960510464000000000000000000000
3	0	1	6	222059104432371090259194988778018958440182050693295444423749520328100585406464000000000000000000
3	0	1	5	261761044718811246069443096918058265602655387483954264217497353859586788298053386240000000000000000
3	0	1	4	-486593003282909014999720957880723493914921437809790927227614061397269651761541067623628800000000000000
3	0	1	3	-572009800152919908482345774703872006521220375221494324550570169042560412966472182578072780800000000000000
3	0	1	2	-206451099500641319800212230660152931989435342825786191712309477342596314298165832996300731187200000000000000
3	0	1	1	-30409214885804143519385298842066632247613102760416776717906240624810124710583215833682035920076800000000000000
3	0	1	0	-1579040374814765788938074831919981939890325319175401602592684007196657341358406264305620483466854400000000000000
3	0	0	9	895492418337665800979790662952690126900827516764997686394880000000000000000000000000
3	0	0	8	-213268474124222077396360796369483522755597101564660134742047619809280000000000000000000000
3	0	0	7	7511155272277126395664386942533462515843041159520479676998555550799898869760000000000000000000
3	0	0	6	-20011241075557623837733199059603630131658406310079484391148913521639084480486440960000000000000000
3	0	0	5	-6544570263494867526979546167720433353050660099480393691271301537239329498121406880153600000000000000
3	0	0	4	19463258717737394042466691133333247248249430393945064081050577720422093934265733987119923200000000000000
3	0	0	3	15116633429391154914679187373502920902545767939517784751723973961507874686185456472139654758400000000000000
3	0	0	2	4256938996171696642618607517603032694937993195333852269954559538696111072220495858285941253734400000000000000
3	0	0	1	520247653365299455031771773477687077232882414683160630218187975710686297478527196852777779409715200000000000000
3	0	0	0	23215485684092299268585822254570791745213034210079753764775856282554326873632470419332422790073548800000000000000
2	9	0	0	40114389363046704681351779617387761483859277921376953874740479524864000000000000000000000000
2	8	1	0	551732088589230787058201709048586570584130238880482632924297921403289600000000000000000000000
2	8	0	1	-16817227441593392702103156702140536102890632426063915739373765656576000000000000000000000000
2	8	0	0	-87034142025710126760222687933346242771315136112879341265072235667129368576000000000000000000000
2	7	2	0	2334800103749793314632705628145933246648490861946829065616678812532080640000000000000000000000
2	7	1	1	-239301222721695945021313930554847358726128313022253877129865238413312000000000000000000000000
2	7	1	0	-645822772792690182061182917990961330563341246783967379368614302101716284211200000000000000000000
2	7	0	2	-11506289550302720046330918152378055346113661393389183628630648946688000000000000000000000000
2	7	0	1	42817856352374336638109059726515150578014287970601050265912485191484440576000000000000000000000
2	7	0	0	40855165711739383041884821871289317499369599163796851849227698587255199261261824000000000000000000
2	6	3	0	2997885487453413935527318380627739246677601157509926450585599217946853376000000000000000000000
2	6	2	1	-1239556760745662882163310642019814815591027676826488061250708132604149760000000000000000000000
2	6	2	0	-770500743634622539207121146534998872271793200095167972495030068384746428170240000000000000000000
2	6	1	2	-180228718672355716469260336178211317662021222010843260428699554335948800000000000000000000000
2	6	1	1	434583244434713162994473024795801821779304343865876250654131810723461018419200000000000000000000
2	6	1	0	13007236385316870156722395583331705897555756230641808067808678041774812055994368000000000000000000
2	6	0	3	6130530743173917562778134019356987601933952394733301288049884266496000000000000000000000000
2	6	0	2	29974671941172156475467809142417821456296007447321779636577420660208304128000000000000000000000
2	6	0	1	-35999238810675672480062628272532101684976274013304797930648216209766890277437440000000000000000000
2	6	0	0	4810950348008243242444213510098386311444462282400452754335149947224336061589513830400000000000000000
2	5	4	0	1847543141904732411201576026946912866741190806547575095693035883783520256000000000000000000000
2	5	3	1	-3996037388463680598562531344973084512603523488989566291731469963974672384000000000000000000000
2	5	3	0	-214672366269423728135632244765099171794460485812336268978617075171045974999040000000000000000000
2	5	2	2	-613955193158221932016830608035166851980776861545269143107361213880729600000000000000000000000
2	5	2	1	2048708275938043702259370955072025084844330096600005661257605858333347104686080000000000000000000
2	5	2	0	-116463325090263249894132000811322508233346643199187675981885055911175944285034905600000000000000000
2	5	1	3	111218877016138724037674566495383078656345482295633084006891292249292800000000000000000000000
2	5	1	2	151126704162014430963919073783259356977017073626032735971680493588564672512000000000000000000000
2	5	1	1	-328037246094028121007039207829347993206710493467634276989288568375985377018432716800000000000000000
2	5	1	0	21302426114711875197198651067684717580878835841421199367241066731629304330049692893184000000000000000
2	5	0	4	411821965772268713067474083250156347385999259636869277118317461504000000000000000000000000
2	5	0	3	-20775515038955548190266806502386978646293830465816748548642215289004490752000000000000000000000
2	5	0	2	-7241655271945320437050097561095595948128187394280019879719992687261562995474432000000000000000000
2	5	0	1	16561629925932626493978294775569022206874505294094504064726806915450553520499663568896000000000000000
2	5	0	0	-806978920836564345494498357694910446309794166071354877308395759691774980177299264818380800000000000000
2	4	5	0	7095772318935830230779747805479936302430878473469460878141626050774093004800000000000000000000
2	4	4	1	-10956192380020056079611020287455660309327186726724363184354262918113525760000000000000000000000
2	4	4	0	-4864977033467038612265677802704483244858131766106270011275518320113327320072192000000000000000000
2	4	3	2	993490137749495503333921710385877890358611423374272597425986877154918400000000000000000000000
2	4	3	1	6998826202104569497322750804181711811171860175584911641245663043003161205800960000000000000000000
2	4	3	0	1356375824111087571761388969633021821498765311541014015170343525590895190207197347840000000000000000
2	4	2	3	521486023582224994929169177663124300190255241895863920214485817412812800000000000000000000000
2	4	2	2	-909804601235489081954717245548992602475583290329299411042953177199263770214400000000000000000000
2	4	2	1	-1576613106717112934505428566135375178398116820103872632253277988572016914682032947200000000000000000
2	4	2	0	-194370022418165105428517245011369768185324023388470790783995130893896564352138814580326400000000000000
2	4	1	4	1985449322813118771477181504273026075729583266284649643532944932864000000000000000000000000
2	4	1	3	-179222898910232084539243417251444195033785964429973019666093318155857297408000000000000000000000
2	4	1	2	214253815978268210061105162355025834545275052556609024436643709564933748271821619200000000000000000
2	4	1	1	149002828730598817976448878647561254458138875503917264885103507591418708658116016209920000000000000000
2	4	1	0	14268947489846252831240729638011742137459743692900843674165540431804052237012960439959552000000000000000
2	4	0	5	-565311786946684405076827247864684409633407597242406398012044607488000000000000000000000000
2	4	0	4	4234337641566049892780710197035500826718967832277711658275760924262400000000000000000000000
2	4	0	3	14568633368436949055311241574973188592282175708315253142178159585419164615966720000000000000000000
2	4	0	2	-14841166092916848944763870132059504708106216610961885796855551169540925948260884938752000000000000000
2	4	0	1	-4969851555867552312632108688349412796308004370419708656754380730816706943463773182938316800000000000000
2	4	0	0	-420562414846596594411109373708893574769993888884018818724134294755656011246770652984010342400000000000000
2	3	6	0	10136344583278517398283971199353442670802259177128461689712469059593620684800000000000000000000
2	3	5	1	-13569355021474161705483967779657246042628263058566885899738553253891355443200000000000000000000
2	3	5	0	-7978638098475112434462586731930435399522754455524125887506338118817881549438976000000000000000000
2	3	4	2	4420702933466890211268643703622586663769570245181705080849007248945446912000000000000000000000
2	3	4	1	9517262695574686234838903903739968952636737534077993688842414437614867303104512000000000000000000
2	3	4	0	2523359980488981746756779738480420765826649754588831040933262062611592379822086553600000000000000000
2	3	3	3	646419833599599192869732414180223681242593796403499202290244633776619520000000000000000000000
2	3	3	2	-3372315313087557658120833161945251639131030632166682192528788928296180787445760000000000000000000
2	3	3	1	-2470168853099837221518499644602541321243812459573136160710096179117717266934456647680000000000000000
2	3	3	0	-409115024777935514218668417931219587066668920199604372199618654257138276643436376568627200000000000000
2	3	2	4	-33060236825378135216623852734688530741196565811456001507913021521920000000000000000000000000
2	3	2	3	-251272003019587230937206469635661201025284839734521191961503695349091821158400000000000000000000
2	3	2	2	872327086208643486611830045992385548802293357477028404872203044695585261554237440000000000000000000
2	3	2	1	292739031108647356512596623495730636717939003746912930288983437622143918725874544594124800000000000000
2	3	2	0	35555371930953723486015556413007789730326306151929060582473907480870436239809465651560448000000000000000
2	3	1	5	-11711658897177799665313503180381901415842067550403564993268845589299200000000000000000000000
2	3	1	4	18782549000916278359576978353554809150889233216811095942826187886518337536000000000000000000000
2	3	1	3	25028724885070742040681702245492234850177533533294213205290162139207457038558822400000000000000000
2	3	1	2	-91916015465848797824358965654357383274261081574674832281552589373003721302475934793728000000000000000
2	3	1	1	-15312071349735293600306028432327246782646496192001830441046286640201035209483650288582656000000000000000
2	3	1	0	-1542225873435932609332202003242107379734808043248644701214355380780596723676281794400039731200000000000000
2	3	0	6	65269397340718121762261311810672965486364869984146974894448443392000000000000000000000000
2	3	0	5	2221652831428272974474772717079612667742730280647456330970801832493842432000000000000000000000
2	3	0	4	-2195877506224269095570467705825037246482436189688085819806146309228774094274560000000000000000000
2	3	0	3	-277235177170291477403962868848913757685853805595598194367408094459360351335737196544000000000000000
2	3	0	2	3312086538880645876112133302739782326769142320909104301792033225799161214008472000842956800000000000000
2	3	0	1	257658380152891441613156796361969839598902404288383144157601444394751663498351912609749401600000000000000
2	3	0	0	25130488491144119646848185819405063554329707937392207483322316276494426411007642317029480857600000000000000
2	2	7	0	3119384630079118080021463672143958725508806605266215508913422530712342364160000000000000000000
2	2	6	1	-8332252824916929343257920219067797901417283992289860078525119731211855462400000000000000000000
2	2	6	0	-2077626974342138616564878591780829428294762695953601324376317551956789081564774400000000000000000
2	2	5	2	4924296311825877137641140790780658257626780227561893080810385852204056576000000000000000000000
2	2	5	1	6769679797628317157462006969907625417359302314649373564861207300710352449175552000000000000000000
2	2	5	0	431665502547798985111700849962081040397513968543514567443177585520550487404528533504000000000000000
2	2	4	3	1345747239745431422469007136670654566600845221330139618447526465265205248000000000000000000000
2	2	4	2	-4511933933448742068171010625577877356351888615887962817447856224589406978179072000000000000000000
2	2	4	1	-2154694237882607046654683252367874806096370232610253763568441091754997774757448908800000000000000000
2	2	4	0	1292611996905374495974135872147822569599908514428326480207464803949072740503112803942400000000000000
2	2	3	4	-397207405096815497201464937221893904112981393116530304253877019937341440000000000000000000000
2	2	3	3	-695553326863917341876527863653723142680177682932611996950468273204315952250880000000000000000000
2	2	3	2	1521655099924524509149331307359538793778756488806622329638855158494226427980472647680000000000000000
2	2	3	1	344690074992552218473026266978557605006476953467933680748073450078247497704355752050688000000000000000
2	2	3	0	-13407221405757260700847483859552714894016427160776694712656564975924243986918794098166988800000000000000
2	2	2	5	-54040698158991776877708575380672982588877288394863577691880843777146880000000000000000000000
2	2	2	4	262721918923512704575154398099629258786036168801986129485843683927513051955200000000000000000000
2	2	2	3	114780913303598647755784211514250130460147220505143459734042641972429462273890713600000000000000000
2	2	2	2	-241811597778223153518233675487963292157044234337883336735354891290869589160289746341068800000000000000
2	2	2	1	-29262159950122094979538501502786210187244932155806817038504136606888771974633910329304678400000000000000
2	2	2	0	2088346087434371611041291313046458527881092179008030582591618413547721451744352284517282611200000000000000
2	2	1	6	2304189948390880129184347736158917417311286103852987099476098285568000000000000000000000000
2	2	1	5	19247331234765167183641604276085826551088788528344534592085683124740449894400000000000000000000
2	2	1	4	-53267730736747237536254745027302421464367129487346586342190137669264080949687091200000000000000000
2	2	1	3	-5939584268907646984316022298276714544293139127355899608091488387548887276775582728192000000000000000
2	2	1	2	18396957667326378708729369611932577178135550677733864782927107011791596238802052461677772800000000000000
2	2	1	1	1252812540826459964761628327307357282738532666209865148854790253379096002499196542375899955200000000000000
2	2	1	0	-133548935702878586513211034464814409595102816516578012580314531822678918295180842137625926041600000000000000
2	2	0	7	4144710763136759747554692129854388404902048201380751116091785216000000000000000000000000
2	2	0	6	-453686553017603557377316208966962114627266643142352925127024360168620032000000000000000000000
2	2	0	5	-1642874909450166942320764769657917979056616144630635721523174106920045445644288000000000000000000
2	2	0	4	3404825459310289190214003592670684968579619717273848086202103512870500121297249370112000000000000000
2	2	0	3	-22070100606791643502615541416293513593472557732251381429849829002664474649995110042828800000000000000
2	2	0	2	-543917296086358293440058322357174760184102637853896947481454960345871730823463225230622720000000000000000
2	2	0	1	-21274365391511708883315957159646999197690580102952693803665760660032357685555368467666200166400000000000000
2	2	0	0	3198513133829154482614429560085350563188980768042775893422371770141963778837672473369332888371200000000000000
2	1	8	0	6625414434248609673943663092722944413758014371756954703976481766849338408960000000000000000000
2	1	7	1	-18413508835349052008123293912795328015856607086233910930173447082576980213760000000000000000000
2	1	7	0	-7513750177024745194780072504447355421674657541192094880519895275175288865869004800000000000000000
2	1	6	2	12694814752423737937264669309400886014247272748500450872781191073950492262400000000000000000000
2	1	6	1	19794758447950699790369734444290636068183237190690881474711317298139270329715916800000000000000000
2	1	6	0	3665893286126077831182831679574283760968951099961802189217108082958886387363864379392000000000000000
2	1	5	3	-623863933000650797243811546908032553286771308375212726361793482561106739200000000000000000000
2	1	5	2	-13140868341369948282355032041968012023819794517715758210391386189825248644300800000000000000000000
2	1	5	1	-8863462399065051377379041979069050087763092307057751971618821336422464019340546015232000000000000000
2	1	5	0	-1007985035519541994465862829854446609680698149703754438835155755471874149478509931449548800000000000000
2	1	4	4	-952572367106167997726657299991105841546132488226551766173289078079881216000000000000000000000
2	1	4	3	1215636436980704008654926298251988017468975091107406057989260454856095116034048000000000000000000
2	1	4	2	5403287686288660490626448708941958831235548408408237015190730249106507080306356387840000000000000000
2	1	4	1	2153810433578149793382895197109229672509203621113832147575697540259885168891448560032153600000000000000
2	1	4	0	171248144005723566852691993298546532684006706647467971858007497603825330705215399552614400000000000000000
2	1	3	5	78654095813794833127663407704901679795787175344088330289149920094978048000000000000000000000
2	1	3	4	620472321867007923105696794289963844008391535347749873400773572750949136465920000000000000000000
2	1	3	3	-606482978844161656097123727402554246741916062559723868976162261152748232597401763840000000000000000
2	1	3	2	-1141461747919897875453593501606017562964093576974944480648893222438205533914678969971507200000000000000
2	1	3	1	-307909422816371081924296872654964142248913984469328362148079044549004208819371429929471180800000000000000
2	1	3	0	-18440719750594322221844119379656205682195554545797254763028396414549028507061470311883577753600000000000000
2	1	2	6	16094961072084552429843056394274208049462220401968883379135703018373120000000000000000000000
2	1	2	5	-65528666424806909616645085432520992894508030332758550221108224440896344555520000000000000000000
2	1	2	4	-138340794534846149140308522530362905814474978027455198377481387777305308852912128000000000000000000
2	1	2	3	127559445741882349961446031586550901801186460165240982378893319764686299667668102702694400000000000000
2	1	2	2	131562272114025686790632247746423926003481016308428043138412853566941633884509444958165401600000000000000
2	1	2	1	25969865640111313184587471031099898392821333878687531844753750962177325980142881475682893824000000000000000
2	1	2	0	1230758396870538061162994714790914014786918125259071713568957203284770907174018144579356721152000000000000000
2	1	1	7	-61252058480568205111296022479246726544895036459455222439507027558400000000000000000000000
2	1	1	6	-6424507107797657282241701309935945220672087807215960419739632312026293862400000000000000000000
2	1	1	5	15580030716216287463901129047720397377778652042919395830155117371570018603080089600000000000000000
2	1	1	4	12210315489334492152008132159156830858840287320973409077272447376435550794000749297664000000000000000
2	1	1	3	-12158613514959073678851101555045940747167708341858415765397213171607180447207242914699673600000000000000
2	1	1	2	-7881459852607782032050958399580188158460775289799296988260132779335312131972597119574867968000000000000000
2	1	1	1	-1199021397951673778400684360009555395750352035813469869119388113218360036776469020736093998284800000000000000
2	1	1	0	-46587450957949275465571174380805709388143980368040085247486410998937928356014333141228145187225600000000000000
2	1	0	8	-585466967548855564752779845481977297355072124563052262286426112000000000000000000000000
2	1	0	7	10767905968416947653131833798060080607432314268599051383859019727765504000000000000000000000
2	1	0	6	613089337028139526570833329275100472774943810575626703422851237210182144491520000000000000000000
2	1	0	5	-1130545777612002903625228653624900985881526433639924503807021715202883268819797671936000000000000000
2	1	0	4	-331667516792844670238973331296242844248483961058368560151294051955109728018344625097932800000000000000
2	1	0	3	432754066960915160492991267397196193898847292104180184508131668433300761641566578741241446400000000000000
2	1	0	2	192373989258622579733273460550651540993661812597993520922394800865155344400957526285262153318400000000000000
2	1	0	1	23412887831814873629769166396925643182772588176761777784651683807524390745652017038393412367155200000000000000
2	1	0	0	766143784883012697880970840082241242960772191248899268863085946883338757117850361107462489741721600000000000000
2	0	9	0	8382871907649066240707082829192532593365114757926053307978016412872935997440000000000000000000
2	0	8	1	-19106594935728429703995952861483205607371977823694392131566511530887432110080000000000000000000
2	0	8	0	-10561763844295206006599001012779260727383424065429480063710512810624781812288716800000000000000000
2	0	7	2	14842577062200374965340618675865977663118584873462482272643692733754549207040000000000000000000
2	0	7	1	22305851110048919168945480858874022406809018003997612312571365193843746585287065600000000000000000
2	0	7	0	5804162742481142662632158974812529588696268892018523671590620486425987997707244929024000000000000000
2	0	6	3	-4174524902582773229187842412400187845709472349004108677757475959546157465600000000000000000000
2	0	6	2	-16192592238483671919980706606041188357587586644650587074977637090836392142752972800000000000000000
2	0	6	1	-11127124641434657610122059780743009196860956315864609462788335457198308337526702604288000000000000000
2	0	6	0	-1829872109833522633565705877116731594897038869022922070868941865828922041672110432059392000000000000000
2	0	5	4	36960700883240542166418329760491995382658753527437721429232204249248563200000000000000000000
2	0	5	3	4444132749673745504029389212501044955704694843892682967329515726066802382340096000000000000000000
2	0	5	2	7337536721556404858024677425138376630545746061315224597382969666476881950848543883264000000000000000
2	0	5	1	3107286224182371030048481397536965745084876771275522424509618836746089865943314935998054400000000000000
2	0	5	0	365373308860260691386880659523467154131505152229787766706886048814628479331285677560876236800000000000000
2	0	4	5	133174535886070164093156158610659766423429350842020173182703469972160512000000000000000000000
2	0	4	4	-173979891012277738804420835279634997312215973411289716660178886880427174264832000000000000000000
2	0	4	3	-1874525851898869895903315327961137136684445863048812484712741530257244929051810856960000000000000000
2	0	4	2	-1798548932240141948367306924584029329777326045997950317079529153532508202418197506713190400000000000000
2	0	4	1	-532567975537140028727849557166536233303131384468913279128480086766821749269632082879761612800000000000000
2	0	4	0	-47985902562583107087861474913103302773139439885047807902922724324365114900926309981449355264000000000000000
2	0	3	6	-5892528969691321122188305078441684519865828326375276320651489860124672000000000000000000000
2	0	3	5	-90865401635570577393546782142123640284715890678241079931559630342973628088320000000000000000000
2	0	3	4	103508277157154622080165191327722426488648860714071263369016766190999172290036367360000000000000000
2	0	3	3	404851859118061640133685386841677741910314809071298905171577512988622227564779326249369600000000000000
2	0	3	2	258430323182951814980938333519316808867109298054658416366407007817077654084762859338307993600000000000000
2	0	3	1	57478313004701382289832009599844783609960634903483362454648123770100741873015987071397711052800000000000000
2	0	3	0	4150316664000816563418536445328457703512068011925094102838100811730466387026022833575455358976000000000000000
2	0	2	7	-1414384986817546745119630612982279477226028751286130647179223210393600000000000000000000000
2	0	2	6	5803918562621576666832350071865035423926862073733472041764485383575977328640000000000000000000
2	0	2	5	21133332618375350910050363484291181855313826172360567307283656395962475522031616000000000000000000
2	0	2	4	-23813686936252754291093644928998438569477053582408502129254087740242879975953639512473600000000000000
2	0	2	3	-47514395647287521490504370482590862467144571662792390519432759348800436853672630833224089600000000000000
2	0	2	2	-21825251420212875803085969845637661002979578063598089403473445738541147034683555169262003814400000000000000
2	0	2	1	-3820821290718470506899159615194511974787309248047537382242691617830244089119149349569954421145600000000000000
2	0	2	0	-228188606626944322708064449849030442088551645659356928952598705360631410766588555249044819856588800000000000000
2	0	1	8	-11486122783728876091368946532529527677137695008243929319801985433600000000000000000000000
2	0	1	7	597086793186275477944485903034485720727532736196286375009091903824068608000000000000000000000
2	0	1	6	-1513891791330381985499905867276657454994087036528797784740787823454600849208115200000000000000000
2	0	1	5	-1943398340446117408416966947197049076274633146961967220822941498870445637952511934464000000000000000
2	0	1	4	2404413537538064839786705866664673671383588024254122943724777348068516193241026811605811200000000000000
2	0	1	3	2885540733440588968433752117712591701652242642113549989604388497224541075738942295177691136000000000000000
2	0	1	2	1005219890568772891266974187946886808333724207446691414548921275492799160963911023828878648934400000000000000
2	0	1	1	143215210290119808533534946961000435392553871620354320569404131420359799963637154171743157354496000000000000000
2	0	1	0	7243317113118093708670356289719336668827107674240562756053438886148649184188732820068635321250611200000000000000
2	0	0	9	-21433240716498432663601260281032319405739881459533963421810688000000000000000000000000
2	0	0	8	2549996702831020183258045725728007088455594789026409562315490919972864000000000000000000000
2	0	0	7	-59849862853105262057199872107218575975327869548559529996008609757474813116416000000000000000000
2	0	0	6	117248130807184622532589665613399812858949877943594893845356582221829814402506817536000000000000000
2	0	0	5	55249740999828548149446498212913674048320346190199885019768934270138220981142388788428800000000000000
2	0	0	4	-88964627206815751150478170096901645422452676432696292829929338360779724827037165584541286400000000000000
2	0	0	3	-71075139840425785058266621831478309581856798093030719878488634917835410387676087384659931955200000000000000
2	0	0	2	-19511878227762896956519044254361324922483620087808555120315176397571691510838720951782030390067200000000000000
2	0	0	1	-2320080297386981847665486125755228393973662049946211885043249423182647064745326468950427476951040000000000000000
2	0	0	0	-101214542299844814635481512367500939219782155174431083636335206912871107775996890811774982100405452800000000000000
1	9	0	0	-257501826276762349861939879098261186631374500232902844932865484495257600000000000000000000000
1	8	1	0	-3522425180957185874872709603736390309043847802265612069526514034079170560000000000000000000000
1	8	0	1	111489184924821180477775864771084599729300582112284847090429588615987200000000000000000000000
1	8	0	0	489572241226062475255382774398443146381293542972713205907325291774710539878400000000000000000000
1	7	2	0	-15860455374535125624539644341480822994927704649516925351584172526771634176000000000000000000000
1	7	1	1	1534181842372366408851253402793578435753612374748871816696323160439521280000000000000000000000
1	7	1	0	4033031744492930692308129723351768361714279124997012815580732778591737127895040000000000000000000
1	7	0	2	67632167130278204710450538535104387747505151777946530628140813988659200000000000000000000000
1	7	0	1	-231224380072900905703640570108693308800716752900714080637861720328140908134400000000000000000000
1	7	0	0	-244034705538952405028837803299628654646910787810016406413118432783592254753000652800000000000000000
1	6	3	0	-27321856231228492962749143975940427531053715336558468803232529599742712217600000000000000000000
1	6	2	1	8505888740788823271108414991158896550452383809191743174085820563614334976000000000000000000000
1	6	2	0	8590162951627594229281812787790512251477082846048630423080121425187882458415104000000000000000000
1	6	1	2	1121520005305857229754562007573260706842280884022867274913777308569436160000000000000000000000
1	6	1	1	-2519554504014202670440101131172408573944183526028632026986657507127446795714560000000000000000000
1	6	1	0	-759051739565686328816577514007510564840052846648843904966733452856240066345702522880000000000000000
1	6	0	3	-36264211016333843940454254878584945815808137446321573683240303067136000000000000000000000000
1	6	0	2	-165440486477860395471876584141876177000847608577992978417260358326149552537600000000000000000000
1	6	0	1	182052321847889886340015436665461785190080076276262035793789039667860404370302566400000000000000000
1	6	0	0	14090884082167133914180921092884180505607804057584659377862327769609199992050136435916800000000000000
1	5	4	0	-27743191970651846790715749457979302749580550566033688761652798243924764262400000000000000000000
1	5	3	1	29800438825253276028239495874360855664522857325443025707310993798970789068800000000000000000000
1	5	3	0	10476495414356642783857070131202067724631442348140178688986442766777318199263232000000000000000000
1	5	2	2	3944077724729493095630855905828830683236815606178682773104121911139368960000000000000000000000
1	5	2	1	-12962524115429998193198111023552634824087307132851727846340389884547669887549440000000000000000000
1	5	2	0	-1259521405995472595566760118390436908649170637754156811776107989907449563154323865600000000000000000
1	5	1	3	-691078429520271260713923094350272548338231673544392819453305944392335360000000000000000000000
1	5	1	2	-944429667332799814226789162180250329216749040919167730224693021877965873479680000000000000000000
1	5	1	1	1825792457209194950193534901912104043726591822484660651556005397492010696303737569280000000000000000
1	5	1	0	49977750021183837327174171189468420107525943516872915892613280021223652893817215280742400000000000000
1	5	0	4	-2577234042344111233182408463534384041151231150796901297385993194700800000000000000000000000
1	5	0	3	110107386955467763823753964399810993012384894077992898211654551927353088409600000000000000000000
1	5	0	2	50171956296817144811115566693918727487911038532787616162295367715078012042162995200000000000000000
1	5	0	1	-83443417954770628115952145640917565766658893352556744156017170085300066504142914112716800000000000000
1	5	0	0	-349341890960633698607167009336400485197231037976782177614428545228882778047818104202854400000000000000
1	4	5	0	-50900273207374546115392709075121223015625977068180955000500066495024416686080000000000000000000
1	4	4	1	74557251046095208930767405966978423704131926432048151390064455041028404019200000000000000000000
1	4	4	0	30989280155592890523787319668787777547057650402183430511954336297864426163483443200000000000000000
1	4	3	2	-5238909149391262423530772956772770284167820312193137777389899848450310144000000000000000000000
1	4	3	1	-41338531585266498480252301705031735179496410662040790393651098619579435210244096000000000000000000
1	4	3	0	-7545495135766770010508433411768233042511384953514034378441936204093816547328091226112000000000000000
1	4	2	3	-3373527984557738018249509498400180168442759445824918441943560141511065600000000000000000000000
1	4	2	2	3951850428316715058237220171038641341413762340346915455828821933779831715004416000000000000000000
1	4	2	1	8318694120154643834403395801411892543382672723714702581788857535967002308652763709440000000000000000
1	4	2	0	928746682420810602875732860396808978525660512875503919164928258368903438329423794379161600000000000000
1	4	1	4	-11042342662683479468069021670914115612099422867356794286621532042035200000000000000000000000
1	4	1	3	1000750530878711996448526309341238210406933551251741732132979086115577895321600000000000000000000
1	4	1	2	-819218071124166603522113658335107743297146042151431085073032256347169854196725841920000000000000000
1	4	1	1	-719850245688786773674594815731064494973125672607247262114089738551630782813465389459046400000000000000
1	4	1	0	-58196097934235678134774425780236672263589890166380396353384480811631125327196019784836710400000000000000
1	4	0	5	3137853532924502175897890027476251253336150504705950318177069249331200000000000000000000000
1	4	0	4	473471416730369966949690113767701222431998007205729767265928323614638080000000000000000000000
1	4	0	3	-72091443129733002249802495059287880896695999837599308784971511092269227058397184000000000000000000
1	4	0	2	51265878176301054089337099988772296487196027218392374818555372979337086415068659397427200000000000000
1	4	0	1	22527485418235637109317883088387320141519243289970713474864949746137187235675653903535308800000000000000
1	4	0	0	1481711143613428544523693804040747798957775725309651577077931402529657751865220656879212953600000000000000
1	3	6	0	-67228569867434158698279809509326247886245701406132289136384000625110008463360000000000000000000
1	3	5	1	95716156291519992559714690310603324960469792378251574164403594102158288486400000000000000000000
1	3	5	0	49027578444631795806626374631631010699104558065822979784452385110471474042372096000000000000000000
1	3	4	2	-27803060470103730827875388510684123920727941679722059074311622798025424896000000000000000000000
1	3	4	1	-61287674068737168764987085585924024177467430342764222126214534314847845425034035200000000000000000
1	3	4	0	-14570082786591125700291587946197114632654264204600326166865402563720315060093615865856000000000000000
1	3	3	3	-5291526320636097902517792602220828306921997564628464666410211809700085760000000000000000000000
1	3	3	2	17955910535337193604750985939430984639243652283594631441869919348064788307509248000000000000000000
1	3	3	1	15066661923793368968603222336131768599200520596978799365032461934016986988707854680064000000000000000
1	3	3	0	2258412325002224679663891822161982074075108157613320807705080781683377757328885243130675200000000000000
1	3	2	4	191926751608027550600272397280993847482071961968146353879533460746403840000000000000000000000
1	3	2	3	1999490194652578650786715157177301664132698686479998900059348645589908541407232000000000000000000
1	3	2	2	-4116117247894254927303724657422733474075959336128579414872342779939217906229795880960000000000000000
1	3	2	1	-1770558099006295915189232895643273558169692693918168602060529993634181655842223336036761600000000000000
1	3	2	0	-192185793354906889736498345268109148218567575207648324311447634126588591567860101194920755200000000000000
1	3	1	5	69410682297666548154239830225572216095294866543530524057822567721861120000000000000000000000
1	3	1	4	-82231780345521904594675178441665250451014771664286530409068359542571532288000000000000000000000
1	3	1	3	-229078423085923035400566179569840953327947037217665721209710849475343645637282365440000000000000000
1	3	1	2	398160792218619501857417690591065147511129389393726151125396945269706889431985182841241600000000000000
1	3	1	1	98670802597244055026629671877955700270508385630162921363459941904990493263231524361836953600000000000000
1	3	1	0	8475061158510901441390252923125468789645055936644911776623688251891678829881596037738948198400000000000000
1	3	0	6	-272671135017331748486298925454314076940626391561587816607110293094400000000000000000000000
1	3	0	5	-11283027935030072045090233051689466876836637848434842275614413819495632076800000000000000000000
1	3	0	4	8056459135908631039537106885784958760206274092496544398045777620228459789811712000000000000000000
1	3	0	3	7415334949401974859988382694491661656020484703862856167865438375663934707245752149606400000000000000
1	3	0	2	-13657261829644314440193404902172797593557971624590289863717500368176706117828841901234585600000000000000
1	3	0	1	-2057363669894048439788905709895165205176796968000065421971243945529607252047672538881746534400000000000000
1	3	0	0	-150169602193571921863293942589772721679250481848074447959288279086638578684812604596237107200000000000000000
1	2	7	0	-34679334896313977487548640897305850204293122472053818256139755193733312675840000000000000000000
1	2	6	1	73264337430714840874708580570398008785387205947097063749980521171310073610240000000000000000000
1	2	6	0	27009371478968796370781446083264403483661556640274526974996624893895520050950963200000000000000000
1	2	5	2	-38811550815525783145915705992310926160575653521278832023500065318380723240960000000000000000000
1	2	5	1	-55266290665482645769774899364498992243297849592895238367266640421835917363458867200000000000000000
1	2	5	0	-8598728426427495882759504055862855333634238559587410979074657545488548823213107314688000000000000000
1	2	4	3	-7544475304562682671078258018367901553715801420758854923814677110592425164800000000000000000000
1	2	4	2	29286016226674498042620001613676122750430638406418839737357996747225854854876364800000000000000000
1	2	4	1	16861407825859001896119172074752087660064547762159742037649674628822132253575474053120000000000000000
1	2	4	0	1433141854725355646140983571077660057075846516550925039320814527854427519784742739456819200000000000000
1	2	3	4	2806987012352695583977381383537723412967197988024681169605128772351164416000000000000000000000
1	2	3	3	3468128929970298812156130332312984507161462086525203609673630547384144024829952000000000000000000
1	2	3	2	-8524575144646239073784359841082399370929822379442593440424070357427212559400644378624000000000000000
1	2	3	1	-2669278913571388037344011474523942939239101117814875484978584567967408371734655679017779200000000000000
1	2	3	0	-131697979311881322103094140802389908892834462876221146071856676526637857649871921822144921600000000000000
1	2	2	5	356445085448841447769687254136367328923222845485711151215726439056801792000000000000000000000
1	2	2	4	-1485347392603725336407489170944308592748824433226778243929890862232069772148736000000000000000000
1	2	2	3	-524700839354475813740105269987802466033277812021197080646291409780968513028677959680000000000000000
1	2	2	2	1204345548057690255856290790696246754108864689626135951352300717179630820274517995578982400000000000000
1	2	2	1	231757273436777362637451565048111734353220062923696442944525917319348446045742167241418342400000000000000
1	2	2	0	6280924432708350115530440892276892171759864547966752825053894694990662801363731921075227852800000000000000
1	2	1	6	-12691639699793880784205984515662605155245739305602900964405967753052160000000000000000000000
1	2	1	5	-110967952611231247350010664410395523789397029560026789502130228495368302100480000000000000000000
1	2	1	4	253823800891182259008470220908441829730880050734224299582914508045184679113203384320000000000000000
1	2	1	3	26573635818106736134873445072156804313742521770549484718757146787537740054461983332761600000000000000
1	2	1	2	-83028692051652994640566665788124009812860657139062595129301880432485141872655509636933222400000000000000
1	2	1	1	-10492387701515524365188320948697419214526969197353394432233110657726047806371454474630515916800000000000000
1	2	1	0	-116368951579749353960995839084919573519190438555847450794871684416863568296581172461819238809600000000000000
1	2	0	7	-40321793981006773014763749156478674438358442408362427090072921702400000000000000000000000
1	2	0	6	2127701623329797367844719462236920960809789650319541149932694561002147020800000000000000000000
1	2	0	5	8451917113535863775357652306118537115152694581516287740868699293955259276827033600000000000000000
1	2	0	4	-14118703874313628837009832457215548224627055709872939040294267839540255308455980774195200000000000000
1	2	0	3	-57199025979833356338639169028437007900652757313255307383326526858512485292565066887987200000000000000
1	2	0	2	2247638336828969240758759142052960469384193398108889721163197213445946572092618749124594892800000000000000
1	2	0	1	194221440537756671098448548818193403999661504800434976689820572098386734365187137441944410521600000000000000
1	2	0	0	-343145827256184865502010723164736146678848550049329143135057318612174507375534453686978320793600000000000000
1	1	8	0	-37546673675527977186850665646352119186197542939048345597734704546262013706240000000000000000000
1	1	7	1	103103475806213987027935543621078861771147874883900966761950168168663382753280000000000000000000
1	1	7	0	38316036225951490237998350365732625795796635200601827175222274526176004507749580800000000000000000
1	1	6	2	-73429437010939814963146551701971593409477249194587066281880794858693632983040000000000000000000
1	1	6	1	-97853371232583152502723406668544998652841900169414909684418333505151341153589657600000000000000000
1	1	6	0	-16918982657798469485513288576692086404580583703865142529096680890509204159171483664384000000000000000
1	1	5	3	5742911874475547041183692474148123050429773491419559188604705165136206233600000000000000000000
1	1	5	2	65099868494689538223807385423473107423542287716166455697142597274565920352632832000000000000000000
1	1	5	1	39198980363911444581396986368518804375184228921103937593648651900286985769402203373568000000000000000
1	1	5	0	4231479922803059848087212615161794495289436320787205195515091814220501104648170713907200000000000000000
1	1	4	4	5423516500020456137770688165254017114334432636167186218881229707925048524800000000000000000000
1	1	4	3	-6753227910219892874392698375142975594727578676574203888526365454395892718318387200000000000000000
1	1	4	2	-23500765026722633486308471989612196524379238677637296907421647464348649161117239607296000000000000000
1	1	4	1	-8612743642979370644635795221600461509679980384412423437015043492829552175043248437539635200000000000000
1	1	4	0	-656760313271563384703218452552443611606766115214826394260274086954897498388644483740100198400000000000000
1	1	3	5	-521413747807827294942792329777842721805396543174691211168270433743850700800000000000000000000
1	1	3	4	-3074219168252396859101518402372365831192033736781110636163345275068026865057792000000000000000000
1	1	3	3	2673180052078522919795468355095514557069059458837629336816248912603511121441227538432000000000000000
1	1	3	2	4437938422827397048120796567962907072282423072765396303387045298485847136530757971659980800000000000000
1	1	3	1	1123034234293208039354317729770277464077790553600926724316708525459761120630956925572140236800000000000000
1	1	3	0	64864694021418694236860719555730625793436631854050415540979757158022150039462899786256377446400000000000000
1	1	2	6	-104454699354499812171795397495751455167934358697764651130964331716411392000000000000000000000
1	1	2	5	335430379267691392410280455243650952632404949937155624834744883764850988154880000000000000000000
1	1	2	4	616660369337555368208754010548265678116131168226090110846466087411248882369754562560000000000000000
1	1	2	3	-481851337784776339516639836846426785249161495900682217174076501346072616208528745221324800000000000000
1	1	2	2	-463573498884190525982982596873478927637980314811933054049740665216002055453704705446563020800000000000000
1	1	2	1	-87020908513828251004362770175416905949966714884831825317240689716505888829655358862537837772800000000000000
1	1	2	0	-3985163134118259876864738962247683061584564197689209261362000038183881163932471242489871518924800000000000000
1	1	1	7	74300584342392785766497950011320474384295071020435703100071403847680000000000000000000000
1	1	1	6	35127820603138080163348213441453821570764885186924457824650811387243365662720000000000000000000
1	1	1	5	-66642658732626225650506781347861818569044900519194659256328507370129945863913472000000000000000000
1	1	1	4	-50884183160013737663409392389833509545593602340786275835280042095183575788313381752012800000000000000
1	1	1	3	40816501426333010253763812633377813578161876287659885964333488157561135756200155892049510400000000000000
1	1	1	2	25443589779935340864504832665971704879362251899716499957857381929806631520112194560764516761600000000000000
1	1	1	1	3714075243358977133139666217219997151652220156293571212994040691216733826417562299652142163558400000000000000
1	1	1	0	139356467171926689567044955323744936900115609843067189696683230079985042045209292178343537829478400000000000000
1	1	0	8	3385214713489817098276338937144516336980901974014475185543970816000000000000000000000000
1	1	0	7	-9426732399212617926765223769445674224986521770786889221306513863003340800000000000000000000
1	1	0	6	-2896571753003182822046409151003813852323772818837503392220536911493461737000140800000000000000000
1	1	0	5	4199678882575995939531900089725780567513274400609135212735429826757203321594914537472000000000000000
1	1	0	4	1387658849831824186846591491159484636606657410388019829472376878115553951803802091152998400000000000000
1	1	0	3	-1319826840130269338134303601023869989960564285556261915083412791867810927415883770445273497600000000000000
1	1	0	2	-574035969169576216905103760173792776841850202676604947789960074948803716887718581609795944448000000000000000
1	1	0	1	-67404828258002269905995246902826673131538484363323160092677621210335730739346267450209872746905600000000000000
1	1	0	0	-2124632759973999198356536689511081787806844662509310589204595954464922754166422869159175849928294400000000000000
1	0	9	0	-37581733242260241658724273521236902929821987964932917451592464343072191283200000000000000000000
1	0	8	1	88186214686303735991901630940413804377428988767053475767222706632119990353920000000000000000000
1	0	8	0	43369952264831559868496504924663240381124738660788020536065778257192844571705344000000000000000000
1	0	7	2	-71430247875134318851255490357678107558959104950484179737060118736978596331520000000000000000000
1	0	7	1	-93256793820441079062703790904988041038765842083169895550233678959564723545597542400000000000000000
1	0	7	0	-21985322207768100634592343641200057948334487046568211724912470822199515122868179435520000000000000000
1	0	6	3	21423259338323532036313517810816582922321817875152157023006091262191709716480000000000000000000
1	0	6	2	69482762660081816490042876554295504285974767399836647601277109544103782631499366400000000000000000
1	0	6	1	42552761256044579116684997964896858072889961005875961044192314139161644208747689541632000000000000000
1	0	6	0	6433581621561572406129797807589107908806208397818686811577417759500704865210331440349184000000000000000
1	0	5	4	-322339661464524379882000287621735634061204824902024668308784049523292897280000000000000000000
1	0	5	3	-19760174342593169192624480190634563439747428408067233741860342986656788663343513600000000000000000
1	0	5	2	-28467852165534437054667255590409906756961201727829322312383287866800263396055834427392000000000000000
1	0	5	1	-10959595247950664959640706845270467712610890684591673790167357879063148629857823048597504000000000000000
1	0	5	0	-1198877525801924403487331568134009632475916462072930772305712045164393339937316872157921280000000000000000
1	0	4	5	-754170188258562841804374115816978798369553059220068638515966672311733452800000000000000000000
1	0	4	4	778559765795675874132672731070774583959243051390788332053476076511049260046745600000000000000000
1	0	4	3	7391100089312367362603668700901281713691453143395924308896310015655491021778387468288000000000000000
1	0	4	2	6380850788951747134016570375803989992721258301387486168091797365326789613507692003642572800000000000000
1	0	4	1	1744668394524637637679114521618714011505858418613323913176834384797839951891100938248860467200000000000000
1	0	4	0	147651244143763344252088101282807647307511869509406684831068496961429623908233988336524669747200000000000000
1	0	3	6	36987635316692077672399339967284823255770014803607900720723222768019046400000000000000000000
1	0	3	5	445743691108176728739720968486490259302586195179767466526185741096717285064704000000000000000000
1	0	3	4	-388404738251637948153033018335400813297232525818936899502473677988652454684202631168000000000000000
1	0	3	3	-1440229297014198496182230583156657840060156614680263328513484983957770791673296534372352000000000000000
1	0	3	2	-846266713616235943568950984086184894589633915149086575373656271603634955683044984499470336000000000000000
1	0	3	1	-175950202000746941440115590625002648385414599947730072255325719222362090979729025704390557696000000000000000
1	0	3	0	-12026009320721722139130271526251233572153912047449409439538908051379076400303160050646364717056000000000000000
1	0	2	7	9103673866738683422576701937614641043075427739388362396719336222883840000000000000000000000
1	0	2	6	-27954520975661064277929830347926819901982900635300765588469831342752901627904000000000000000000
1	0	2	5	-93081243712488011733876210023487493395786625893099741934656179525428127677871554560000000000000000
1	0	2	4	79339170604232748538221569584703078116023493218011878327145085911683106907001463400038400000000000000
1	0	2	3	154577061603858168828709335367967671603609844305971854594539891700138094794651507940655104000000000000000
1	0	2	2	66485836594855266899867684339711741553345584567232162912277935258769677666617472060964523212800000000000000
1	0	2	1	10986414264285813302801917175947370084357457249425810287348166251791472062049042739076135911424000000000000000
1	0	2	0	624984080440660800603619811539268157674247135588642103236777424104979883544392943474424219592294400000000000000
1	0	1	8	91849100080845866303882263533472065400472986375076808612433436344320000000000000000000000
1	0	1	7	-3189713155344507544541450752838799849968085674622520498677775649661926768640000000000000000000
1	0	1	6	6129274101588473644110810329594092950225548957944818311676677924003726926094008320000000000000000
1	0	1	5	8000493626670441831992340504635409173276595511940336096339953456013881199128957943808000000000000000
1	0	1	4	-7288662702831010205501643042557534626491972351531491890523547202409383342529682220253184000000000000000
1	0	1	3	-8679141069464455494355823144758288733048869641626676876096363570650313216233231556708139008000000000000000
1	0	1	2	-2867563382183620172308021088106854441106660014153554951708456526887725545490950544305002905600000000000000000
1	0	1	1	-388569708588433267428557357650973438394304120237967585286069582237625192470916626827257929793536000000000000000
1	0	1	0	-18813999333549553573004904973959136108470868081798251021822881162792782340136908449253765997920256000000000000000
1	0	0	9	227944969207829132724650960484994102260128266026127617093638553600000000000000000000000
1	0	0	8	-16290771263435395585505392283454627771775054753911991840911259174384435200000000000000000000
1	0	0	7	273421900329078637767592404575790922617828459735119908727416766554062336924057600000000000000000
1	0	0	6	-414397740725098416029195907640111313331585975817073257782265902769215461116217602867200000000000000
1	0	0	5	-228506008680166725829496002242692057321967897976944517961078272824310908851002623079219200000000000000
1	0	0	4	249351753221965011195686799087155027069154813068549645791804561154263925482447624752385228800000000000000
1	0	0	3	199435158576538495568326617277962600576639717171282642106355285345053282638992001762881804697600000000000000
1	0	0	2	52418364496245621763610596661890128141022833239245596293048394097312494362418814883944912335667200000000000000
1	0	0	1	5963199903178176419584238881003147058372693953839247093063444936450643655570763125228022390377676800000000000000
1	0	0	0	250052103207107749993318516058635853630519615051290220852333238305942231200567863089849295082566451200000000000000
0	9	0	0	688653024468409561174035911752027048928288210344184747410965560159109120000000000000000000000
0	8	1	0	9369026907942102304095960115984651875296393804786220298172067619641753600000000000000000000000
0	8	0	1	-307571516213681739919954521129890122503559970909432759963758361114050560000000000000000000000
0	8	0	0	-1161193655128793438935869502964045209882801022136869929179302568471988933754880000000000000000000
0	7	2	0	43951645624007263741486439435966473342937908069681734584572892130188879462400000000000000000000
0	7	1	1	-4096965617218431498788158524558587282263462211158762324933599332080287744000000000000000000000
0	7	1	0	-10196419741392078653372697855354248919195695418473864892675385616352644884856832000000000000000000
0	7	0	2	-164222510488766321369717991868915326843459791737703238419082979804446720000000000000000000000
0	7	0	1	536284243275377932661612033943886420540795999799582678399984625120099057008640000000000000000000
0	7	0	0	576442404269342433462677837801643646867869549511408464340657198771116545150319329280000000000000000
0	6	3	0	87985761676770686807208737243937837655856060629955228513411691270996397916160000000000000000000
0	6	2	1	-23673009055386270805556077193701789059543971241531129401862663571936326451200000000000000000000
0	6	2	0	-27260805082107138476286733064054521574737803658688579412592943948132989232637542400000000000000000
0	6	1	2	-2907400459420227290746514076228265372970959181678501599673465528452644864000000000000000000000
0	6	1	1	6122581807182803358825528734317385059816147632723189986751064867541019336376320000000000000000000
0	6	1	0	2626926605223108343497394509538425310629833333061689973736131469796567550993088118784000000000000000
0	6	0	3	88527608666568606064596658589480941941981579610773040930948253283778560000000000000000000000
0	6	0	2	383545739357877485720080915986908890276068945132945729793959438831696897638400000000000000000000
0	6	0	1	-393959481536637462405260579728300303118332758220114783835689779584952458720355287040000000000000000
0	6	0	0	-74787934590312697537400527448462377354754200038325242107973782986597625183285865873408000000000000000
0	5	4	0	106050163873079933352904153771647392904832105567035062767176166428507195310080000000000000000000
0	5	3	1	-86969898664061223707286085784568366842023264432107688178383526319182881751040000000000000000000
0	5	3	0	-41371039636654918177482662354398013203073639921788220621383045837597344240186163200000000000000000
0	5	2	2	-10496641681240063771053158334848364233728877194114460324546019249717510144000000000000000000000
0	5	2	1	33146298430022763878936584990328353171995915480252266995705323876204668277227520000000000000000000
0	5	2	0	5720751252166375660058983869140373148341158666154778430042583797968662169907386908672000000000000000
0	5	1	3	1789682860146822638359156378018731107257034639416683623903634041302155264000000000000000000000
0	5	1	2	2355080956285625365339632557102809315748099473411108914580725791807874690711552000000000000000000
0	5	1	1	-4178266204837058909467149530218612244881506972648250489968606032731530501976190091264000000000000000
0	5	1	0	-328479658295746770134731780141105909365525166363889332090070085131623161924640724484096000000000000000
0	5	0	4	7006560047725892788371814906013314685802228809837790750474932815134720000000000000000000000
0	5	0	3	-249236990350541358702178978709646186795717976824567978085014963852049247109120000000000000000000
0	5	0	2	-123525700638092295134143646091118587864396478067166787093022494205970810443787141120000000000000000
0	5	0	1	173958232187417172621031998946488887381302474137729110839448123259515572485536379568128000000000000000
0	5	0	0	6626793870026956323991844565619339734869472612712755997330727952872798608502719443369984000000000000000
0	4	5	0	151955079786401635854413355939910306079966104820690119874792313732190835834880000000000000000000
0	4	4	1	-208654462248732728119875742138011130639327018448299991054654731666388586332160000000000000000000
0	4	4	0	-82750807565136903694022705997248306342999588900005967470455948301730971354398720000000000000000000
0	4	3	2	11628074141252436648181849918702545358874139517554203848603590872073932636160000000000000000000
0	4	3	1	102257922830221079878057513280015438798734519876512669798212866222653467024739532800000000000000000
0	4	3	0	18014653954396557291270083361487376338279495489212488005404196322167455381961234710528000000000000000
0	4	2	3	8967971583600997048555598027654646619012784254757426212976815259705671680000000000000000000000
0	4	2	2	-7548560553439163077759517165666026850935920890939034188082026293957279930436812800000000000000000
0	4	2	1	-18550686750280611626011212565903532548327174455112482990913291262263654319783172636672000000000000000
0	4	2	0	-1971846594355634614978476578450085633206384923774365467702804113761818110650633229959168000000000000000
0	4	1	4	23856763077717135315544003145935130613751576575690091341583933432135680000000000000000000000
0	4	1	3	-2344798587345716418939681893621255888167215404114059101984042787142729402941440000000000000000000
0	4	1	2	1401339519182357329467890526580149350146886949094058890311924438105842420589124386816000000000000000
0	4	1	1	1472102713186387048230703735098784091988115987869787387132033413295821791619814709526528000000000000000
0	4	1	0	109205244375197503508025257352948361086878955616054881933885779388968072546815684946952192000000000000000
0	4	0	5	-7268011195249144693604541118640470965266411514206545729245801181347840000000000000000000000
0	4	0	4	-1345846701504612936484349060832784203893168377098962406950547101462613196800000000000000000000
0	4	0	3	151686946167989838166618199948846474417110332769937254773897001082098738409137766400000000000000000
0	4	0	2	-80001084767447240228269676219440755229780976426214624388906176977487501154793702817792000000000000000
0	4	0	1	-42939227897488738017732932221433563999819846805841130006380720787817128932518675211091968000000000000000
0	4	0	0	-2456222587911501993413267439060471194110525570679844578691850614760310037597647844510007296000000000000000
0	3	6	0	183239462246306357772795952935855753503794190046139574040681503440709647073280000000000000000000
0	3	5	1	-271215693527930089330556231136322733151015804913349895187370573474178269184000000000000000000000
0	3	5	0	-121628719810265451327657509721503319191485529913788301335846436130698595616056934400000000000000000
0	3	4	2	73441456246826364154077642129592761981881342830662129271808347379546644807680000000000000000000
0	3	4	1	157134460777211782668324210652289944524702726612842799199547338881022231179794841600000000000000000
0	3	4	0	33325736858384546596474176265181843212476324329390014832928325827166203772596834533376000000000000000
0	3	3	3	16286302609464566697985913184091619928057314004917759803849566410495250923520000000000000000000
0	3	3	2	-41215291551349436531939749799294080575734388203961157820934362677802962508788531200000000000000000
0	3	3	1	-35733358335940042593961574575337062407193391902615276304926493191243910636991097602048000000000000000
0	3	3	0	-4820727244487693983819424359973108660636744118958684444331260485717999071816486882377728000000000000000
0	3	2	4	-427958398548640278039612043347108262243168158322575542860651663913385984000000000000000000000
0	3	2	3	-5698055615228106227809806544084194980782092371107893495797583813924868247361945600000000000000000
0	3	2	2	8457007312063597680896909921906308400681810284189504973807813670800348145218714861568000000000000000
0	3	2	1	3971860085457589220828382093583466101586556862253629754373034988563155617880788239908864000000000000000
0	3	2	0	387750539013427383429879266516237329253416598824247733716379636749666544524307419463942144000000000000000
0	3	1	5	-169992036992057060250376682998604353928088219470886366466985816091525120000000000000000000000
0	3	1	4	152349674726235630898970658759288601012309922428396756210718508009430009774080000000000000000000
0	3	1	3	636747941053152166528532362147567206131602955254712704269271782787322559711047319552000000000000000
0	3	1	2	-750200149215931786136338997857804437532883599846861632426577271608917644125135221817344000000000000000
0	3	1	1	-214742046609822933076342438538927997867325219633561900111779889226911681365116767319359488000000000000000
0	3	1	0	-16405796815104103238708617154652149956432505156361525180325145370978057172878322342469566464000000000000000
0	3	0	6	404331006193774194195574907373159354665302063130898619315571832913920000000000000000000000
0	3	0	5	24260146638724389591306143703862998147052088936070063340438190903839697141760000000000000000000
0	3	0	4	-13003423533859491341459061982591403785358092831281270005633400516174762947798630400000000000000000
0	3	0	3	-22181271424597510572982161514306314392717373908949077421007965799621773395008488996864000000000000000
0	3	0	2	24155376006127893212933127929502144547515986547738480265945927176839167878090696935079936000000000000000
0	3	0	1	4489677936928446533619613095096716355280707928327971086573109591892659722467588889005522944000000000000000
0	3	0	0	284338458334855515172325171416602063947471423446921127903086260433721603253993480517457018880000000000000000
0	2	7	0	110989570476983154806685033416921035451719198733623332233148048360648694824960000000000000000000
0	2	6	1	-222359514197648112880951942120032181451248005912541752126491562257901724631040000000000000000000
0	2	6	0	-82172559926552886305592688609367916281000882034430526093644906611616799415022387200000000000000000
0	2	5	2	114806396575972102566706528074324861584685816609841625154521764797378660925440000000000000000000
0	2	5	1	152291795992799156494317482965259078246909152509831455880975208638068637548150784000000000000000000
0	2	5	0	25572250743824773294879023900604959645215369713235865941634898109858019359327231410176000000000000000
0	2	4	3	18139618667447139479295249683319972377131962354603220239474334566836537917440000000000000000000
0	2	4	2	-74977445855678867420518944212369580050558256592046078656314472507519576056004608000000000000000000
0	2	4	1	-42932687019030069696818534207862053793493902725194434597544945787299272561684891303936000000000000000
0	2	4	0	-4320348163264298263172311043224544462272789886351835536277145863907052460341113871400960000000000000000
0	2	3	4	-7956557983506601425043865295665358423594202410339847378852051718135517020160000000000000000000
0	2	3	3	-7449157588061291567796534726601185780543086618263390840025754320316063222752870400000000000000000
0	2	3	2	19356819412397692014954642927000061248441171264484616909554735032090860028059977777152000000000000000
0	2	3	1	6373729909461635641750419466814716219626371714851038511139988389323366772225855679627264000000000000000
0	2	3	0	425682228929464336967245577330647677356562616848175146828084430452318856330521762877931520000000000000000
0	2	2	5	-980802139931817116251577762916844960840504543409697752137506580490669260800000000000000000000
0	2	2	4	3556886758266823509741644035813554238088753524012306164831853827002442258894028800000000000000000
0	2	2	3	1025988431520183433739362255694669419287335841457643487405834832282625511850600562688000000000000000
0	2	2	2	-2469673492000938633668416077345505338750485040193205806319806958578859404241737787375616000000000000000
0	2	2	1	-525454181998164771361788370441020895990980561599909770078970583731116203813741270650585088000000000000000
0	2	2	0	-24260159082336499902382847100643914653457174126035334814625214230023494800344447116782862336000000000000000
0	2	1	6	28323091602975848076677654041551861062266722029944022507160830641963008000000000000000000000
0	2	1	5	268990393964384098264043229761254657304199637324049863101820754518920212250624000000000000000000
0	2	1	4	-528019147675517829236779155054738234828011141881592715208294187202170645717100527616000000000000000
0	2	1	3	-48673472947142698008436031282086395124882898997299935195481404339527616826632518500352000000000000000
0	2	1	2	155813614343798058760876925517425355661487991811013043179349402045548934443367111157874688000000000000000
0	2	1	1	22813107307066232940430992004620823373819987315737312954435610863243390573441757679080964096000000000000000
0	2	1	0	730319114697540077755350817009247609463089665492247231248221611025643472680864668803691184128000000000000000
0	2	0	7	131469351383478963413672506277531118841412622047979653447904437207040000000000000000000000
0	2	0	6	-4182493213694406413435655710507595860301450554653219042293991998030222458880000000000000000000
0	2	0	5	-18371521017551473892473352218174099858597818814096386072798737080547717886938972160000000000000000
0	2	0	4	26036556846452358659045454421925671273768629318703948791872615919587520761302332997632000000000000000
0	2	0	3	177047979956934204325642465661682351334400220842974536778804076833871785153956918853632000000000000000
0	2	0	2	-3894718853654925632782661867765113010239546457515079204821077918803993073437638825919643648000000000000000
0	2	0	1	-407780804737806463616929249723092323956869662405264597665756489961105684286125269240843862016000000000000000
0	2	0	0	-8726160032423086417334284047605803765627578440681174722857116571962399358355010672577346535424000000000000000
0	1	8	0	89233436342256035763860673014461777474348678245371480164019640271642401177600000000000000000000
0	1	7	1	-244232079372129728379511833121076269698549279574145792401385151628995157032960000000000000000000
0	1	7	0	-82057172871884635828421817367820630518132644864948016688366920039150954638999552000000000000000000
0	1	6	2	179226135695387741743139626441311336371899322017125647680384571661161280307200000000000000000000
0	1	6	1	206740250701248631822757980761987027482608665271118599581110281529319234492117811200000000000000000
0	1	6	0	32931460656603430195878195474639619272443729899785593531719824391197596498246196264960000000000000000
0	1	5	3	-18082987235336019537013465811549631550696366379537566822765303485063128678400000000000000000000
0	1	5	2	-139284239660321438048536485508385038179934457089029359036128301075851819851605606400000000000000000
0	1	5	1	-74748561129008588832232100871363316877408824462228483634094911626490648631637249622016000000000000000
0	1	5	0	-7536577605351113997013538356257283665028427748384806553013566020635523032283933627645952000000000000000
0	1	4	4	-13196805356462087008011441399559895292209130773763709272503461194172150579200000000000000000000
0	1	4	3	16038149646296493733683708711809061125639503261996366824017146629021085655787110400000000000000000
0	1	4	2	44836626374919584533615042366194503115137009614138331097470511409290769257801852125184000000000000000
0	1	4	1	14965090283746191124559372576643700482042213668997071145463656723599331205251636821753856000000000000000
0	1	4	0	1076224909850408108781608020163402094943297821557969920897177741751113642403259873289568256000000000000000
0	1	3	5	1417198121325950205339817552295092519632197890810600911529603616370075893760000000000000000000
0	1	3	4	6603758559508387610324910692871332996230702954247075640852611877313533723436646400000000000000000
0	1	3	3	-5294928448107160853420831019914873614448667690739680014147008222865309830739902070784000000000000000
0	1	3	2	-7651756242398044139435398120820203414092628785370464830953442617239189908181540931633152000000000000000
0	1	3	1	-1791904250940981623376453586631434493577801695798170285793252869978161073733014039635689472000000000000000
0	1	3	0	-98234970558160714756102077470838234560606385096768243234130433948907924810015047375124430848000000000000000
0	1	2	6	282311177166745538474156984447797612125687456540370239522194015551645286400000000000000000000
0	1	2	5	-749327151047853411650435394718515310280271355331762274663768238150783596075417600000000000000000
0	1	2	4	-1196952380511178035222006507776518971878707670269099913556912950987530019716730978304000000000000000
0	1	2	3	833138008016732150500190632318720336440880563824088127541047831007489885951700636794880000000000000000
0	1	2	2	730084289375234420422501428610271405279955561912074798800392886423869016708461344594067456000000000000000
0	1	2	1	128332708768951541145153094913097973095872396457613230193254538374870820342091828319328665600000000000000000
0	1	2	0	5599015888963676735012595429030301176443844115458644721776667761708106459072221024335177973760000000000000000
0	1	1	7	650474180686449431381338491052475751916733209514547101644629976547328000000000000000000000
0	1	1	6	-81991849209879440598383640587026275769333785844557659834068424914141383229440000000000000000000
0	1	1	5	127869810328071624151819628306583707855472678516610873877037316596174656976212459520000000000000000
0	1	1	4	91520043070435876597442808953719599829435929733099178603280056066539640541086471946240000000000000000
0	1	1	3	-63241752916113668404828091830216765617520053686440036272675720396985156183191591302725632000000000000000
0	1	1	2	-36924155668219471341499593660682763403364228659223159474818868131105300640175298462609309696000000000000000
0	1	1	1	-5090228913006948944404740378171838991703090243121766941815532283596030103270705241151097536512000000000000000
0	1	1	0	-182238740949357012465239010135142953873296838008082967332636269871388640154148004297404386902016000000000000000
0	1	0	8	-6702874224622837161432683207366227009062326980815683770614986833920000000000000000000000
0	1	0	7	-87965151141511582085212129319451540908896287195718493174041675452697804800000000000000000000
0	1	0	6	5951291600695849602725645885191295633772012602309404207179929136586725500890644480000000000000000
0	1	0	5	-7106856368210914472214441311196106495367155844287984383233089108463351437693833707520000000000000000
0	1	0	4	-2403197341507511770743615370047017829085122441446391129576658465228225033174635987861504000000000000000
0	1	0	3	1864974529566383231235828001858936889022689062312171234737527013399630603692379279873540096000000000000000
0	1	0	2	773258155166831647958733419685398774842267120362398839791637019289146827540774034574755758080000000000000000
0	1	0	1	86259549390823728393062854519030258584664222902066072940513865453334055052492656017735256375296000000000000000
0	1	0	0	2593895239917891802942070324306172602688323822343145456909103230896696229509416303771357024354304000000000000000
0	0	9	0	73701020099454952092459537732477166982733206578747033815106890269693313024000000000000000000000
0	0	8	1	-177965419202989193351677739111246894978946341534603972505054848299597352140800000000000000000000
0	0	8	0	-77861251162550400820321725848110726553062906311715988605091063784699218236538880000000000000000000
0	0	7	2	149986246965025910605165237279314437976696207642177543056583862335311802531840000000000000000000
0	0	7	1	171021195928651456110726515785988611913913899399456405108502561440724017517428736000000000000000000
0	0	7	0	36422630486749035009074473677817165300463169055705751359809192931220859582710965862400000000000000000
0	0	6	3	-47681560276634126927848286239534535492995858985880358930006866039432177254400000000000000000000
0	0	6	2	-131171699069011063767824410384228360562081972747393285598242174913290323912084684800000000000000000
0	0	6	1	-71593245174732500387464577638321675887149857463021394243896056102892165414343545978880000000000000000
0	0	6	0	-9901816810838334003773271718612245385298284362166405914911114598495797605823499164712960000000000000000
0	0	5	4	1016747737575255215801488751727623841632077775010415618988797826767226142720000000000000000000
0	0	5	3	38774052036406686171933502194287272591773144238850665846854087592296778787979264000000000000000000
0	0	5	2	48898173131450727979872392213914845009879654528427835153814805837131903955707692580864000000000000000
0	0	5	1	17051337780432999935472311387092148768531851258587463432414430826080365155382820471832576000000000000000
0	0	5	0	1724028827813208974639894928163234359282382470524637511850652153348189744358139660385386496000000000000000
0	0	4	5	1824590192485167950235177415980377261903604227427192278223067347917419315200000000000000000000
0	0	4	4	-1601195583309886401896488879153819669963475102080131647919722947560535992198758400000000000000000
0	0	4	3	-13008140836561087860073132284551334556990892691226656753995834546121864351287397580800000000000000000
0	0	4	2	-10070193560411642606677845084698784679970085436266668420336506408952719420334369604108288000000000000000
0	0	4	1	-2526997532805665152161953195791499112386454704307306682744326183662316093568517294933409792000000000000000
0	0	4	0	-199366307124864027025731335097664900433152342338886000088819395266813892593486599339567480832000000000000000
0	0	3	6	-96698857313565025114527586179809690483134463942807811541030097159517634560000000000000000000
0	0	3	5	-949371772573467955255570334064357216231143026291010569484802721280512738983936000000000000000000
0	0	3	4	676082293595779814052450877652957631814969413376559403466918423445905146751601344512000000000000000
0	0	3	3	2304439978274854686435796339057034243062106726553624981555614471082419035925036264325120000000000000000
0	0	3	2	1237178723013666989627329270321326636425294058613381090522451797303649984574391199176065024000000000000000
0	0	3	1	238613059455951601695698516038969552283851468141726043861083937399084952561523297860232151040000000000000000
0	0	3	0	15312163170613116502555266855771185783136698489427087877164934823108987706914677127325576855552000000000000000
0	0	2	7	-24408459684945208787448968165020663397339369952106576724560825276170240000000000000000000000
0	0	2	6	59501192335621790933429650390821887126581570443135276958994546866209185542963200000000000000000
0	0	2	5	178952261036452330537006238024333176845085800340143763107847066773346088691318128640000000000000000
0	0	2	4	-122939717283035931551296297635285739524044705278579703384809712411781919499407866200064000000000000000
0	0	2	3	-227336556953343870552025173301449289413515956963676527500671726769234533980907405888716800000000000000000
0	0	2	2	-90661074052749070635292667045689141073362832495323954687177624003265813312748313455957639168000000000000000
0	0	2	1	-14018958797828643850207873959927916022938589970484511368006171593520592906533996609188334141440000000000000000
0	0	2	0	-753194756676601609849947851037252367957818455636159696640916190275350055877648921113405585096704000000000000000
0	0	1	8	-293744942291267928213565181372307060247992417654186982327154406064128000000000000000000000
0	0	1	7	7318724963801979659192906752489454271183839160054237479590040169298721243136000000000000000000
0	0	1	6	-11223376068838312699988411567868608915169939497118236133396653285529160780848562176000000000000000
0	0	1	5	-14258374208327976495637210390620934846841482632813820075784478559091433422400610369536000000000000000
0	0	1	4	10287445964312525390432662714558303931517700843421291156970996001745535973393750906896384000000000000000
0	0	1	3	11839856623546583708474385800686902259184437419778963473255054429755249834794753328538451968000000000000000
0	0	1	2	3668916643058972374052861140941987246750508710272571109180425693344289088860373521560676335616000000000000000
0	0	1	1	468540004731231164803966801151293999072494645274910036192051215584125183215778038319371574575104000000000000000
0	0	1	0	21531376137524426528210284130708105680492546650661646014579711482239256215866060535719009091321856000000000000000
0	0	0	9	-908864301643774530363753655236098577499976539771618138388472791040000000000000000000000
0	0	0	8	43442837473385637952740154061761864405470168623699007175083592923941437440000000000000000000
0	0	0	7	-548321547473829808198357343922539095308343027528638868002925321830507089976360960000000000000000
0	0	0	6	671217922960215461276170078303062064534513755969851291345008084087057425218679078912000000000000000
0	0	0	5	392709301822344247635410777750574594211513809884102583381496939097402637910822933757952000000000000000
0	0	0	4	-325355162939064763594585401783419483543243122744862792260581673966644177707271774711840768000000000000000
0	0	0	3	-254300360814384790959930874895158673195237413366865863174605035974885136795497486920393424896000000000000000
0	0	0	2	-63248995083086935095058216286160741963191956232818086170456813710372946730541921891626843635712000000000000000
0	0	0	1	-6820317167779613223797205032670151444430723492211505613881559937953400390292343523447080912683008000000000000000
0	0	0	0	-272545524943229588103164130215867869977297119377443422576336053892008095394790201176194293151301632000000000000000
