A	B	Y	Z	u	coefficient
21	0	0	0	1	-32450629392464714633125000
20	1	0	0	1	-725867813834950746093750
20	0	1	0	1	-7162615929667257675000000
20	0	0	0	3	5046728832588868528950000
20	0	0	0	2	295432728242360156286300000
20	0	0	0	1	1935610076677457238389100000
19	1	1	0	1	-80108035861613203125000
19	1	0	0	3	112887117856017047812500
19	1	0	0	2	5843601649596416619375000
19	1	0	0	1	124932253976760617230078125
19	0	2	0	1	-395239382998193250000000
19	0	1	0	3	1113931563293680362000000
19	0	1	0	2	108436832883063663363000000
19	0	1	0	1	-773503687292893521178500000
19	0	0	1	1	286824211366515835320000000
19	0	0	0	4	-15569859368015420113800000
19	0	0	0	3	-939809587233606133974930000
19	0	0	0	2	-22204787183290852064957340000
19	0	0	0	1	117302071253985579762599658750
18	2	0	0	2	-17106171469799414062500
18	2	0	0	1	-4299419862554525929687500
18	1	1	0	3	12458418892754793750000
18	1	1	0	2	1611847713182080893750000
18	1	1	0	1	35012004089267179785937500
18	1	0	1	1	5996965468566986718750000
18	1	0	0	4	-232165274158295651250000
18	1	0	0	3	-29668828951388510182406250
18	1	0	0	2	-1404679196005238240070637500
18	1	0	0	1	-4647902962342258597414528125
18	0	2	0	3	61467713486469180000000
18	0	2	0	2	13139697037307987520000000
18	0	2	0	1	-314417025756925179165000000
18	0	1	1	1	63229790929007780550000000
18	0	1	0	4	-5395081873230352056600000
18	0	1	0	3	-186766558720514282446200000
18	0	1	0	2	3268631587148147293207200000
18	0	1	0	1	138774745414604416219606350000
18	0	0	1	3	-36599051326306776060600000
18	0	0	1	2	-2230110636217135300767600000
18	0	0	1	1	-23079771385319636452278000000
18	0	0	0	4	1462425566099276215982160000
18	0	0	0	3	40667458790167894576312483500
18	0	0	0	2	-764898560223224085762580413000
18	0	0	0	1	-12920005642865526988678487135250
17	2	1	0	1	-484656213075032109375000
17	2	0	0	4	2597128439451046875000
17	2	0	0	3	759220741483444674843750
17	2	0	0	2	40737822140052756829687500
17	2	0	0	1	2050522222152082848314062500
17	1	2	0	2	106712923837719375000000
17	1	2	0	1	4655132480457714234375000
17	1	1	1	1	660951465172623281250000
17	1	1	0	4	-69429467694079226250000
17	1	1	0	3	-9620494053612390889875000
17	1	1	0	2	-601558433589563845646625000
17	1	1	0	1	-136146096621347475254625000
17	1	0	1	3	-753525395908138878750000
17	1	0	1	2	-40272965645442381967500000
17	1	0	1	1	-465651899640024423418125000
17	1	0	0	5	8761460755432250250000
17	1	0	0	4	95438321843621122290375000
17	1	0	0	3	4535653221001125504886635000
17	1	0	0	2	82339934944521481008440085000
17	1	0	0	1	-110712779246068210014421528125
17	0	3	0	2	526503361640454000000000
17	0	3	0	1	-32123248614207293400000000
17	0	2	1	1	3484712982658941000000000
17	0	2	0	4	-621911960259110136000000
17	0	2	0	3	-7287698452534702171200000
17	0	2	0	2	3767783838291699428030400000
17	0	2	0	1	17158264338826977979823100000
17	0	1	1	3	-8065976523195066300000000
17	0	1	1	2	-815180973227275340268000000
17	0	1	1	1	3052897832414854241433000000
17	0	1	0	4	-52013601286819784350200000
17	0	1	0	3	-17158721124290460734624220000
17	0	1	0	2	-1494846847703885345358758730000
17	0	1	0	1	-3462362695669270144519183365000
17	0	0	2	1	-1080184877597487314565000000
17	0	0	1	4	102404093178706441214400000
17	0	0	1	3	7391814512586993334464840000
17	0	0	1	2	223701021458318438360102160000
17	0	0	1	1	-271729859636570779073425680000
17	0	0	0	4	13479106604065241538131334000
17	0	0	0	3	2639374315731571889914405792200
17	0	0	0	2	130915513720137909771611185363200
17	0	0	0	1	219238814012568278392535046860250
16	3	0	0	2	-26220063743330273437500
16	3	0	0	1	-3173718272985354832031250
16	2	1	0	3	90344396398014000000000
16	2	1	0	2	9802346154540268415625000
16	2	1	0	1	560961804081570901917187500
16	2	0	1	2	119820788159118750000000
16	2	0	1	1	35335252712991470765625000
16	2	0	0	5	195979630707042187500
16	2	0	0	4	-2352319185045531611250000
16	2	0	0	3	-413585096720604773550018750
16	2	0	0	2	-18449157981460891581707737500
16	2	0	0	1	-179163173894147216263146093750
16	1	3	0	1	239648079218532187500000
16	1	2	0	4	-4834650324885975000000
16	1	2	0	3	-1322905400867885298750000
16	1	2	0	2	-104837501665669971330000000
16	1	2	0	1	551978269084635843285000000
16	1	1	1	3	-83022881498096512500000
16	1	1	1	2	-11119365753798683700000000
16	1	1	1	1	-127397346033976899890625000
16	1	1	0	5	966930064977195000000
16	1	1	0	4	42626499703736558561325000
16	1	1	0	3	2222776678599517380154425000
16	1	1	0	2	17043867373923333935940375000
16	1	1	0	1	-168127798615055800408632825000
16	1	0	2	1	-20902286416639388062500000
16	1	0	1	4	1385906704951739850000000
16	1	0	1	3	104749189961794215539175000
16	1	0	1	2	4529588203074077147047950000
16	1	0	1	1	-3261738667026778571885850000
16	1	0	0	5	-4859741335044889790145000
16	1	0	0	4	-8377444563045493351740705000
16	1	0	0	3	-302349921066176143922809328250
16	1	0	0	2	-33069138916200673363719979500
16	1	0	0	1	10643830682279684320689794499375
16	0	4	0	1	-1042531018383294000000000
16	0	3	0	4	-23853339941088240000000
16	0	3	0	3	379505615245197408000000
16	0	3	0	2	702703825237928081304000000
16	0	3	0	1	-2122138865817212922108000000
16	0	2	1	3	-444409238654076960000000
16	0	2	1	2	-98417376476709911280000000
16	0	2	1	1	1973102980079241567810000000
16	0	2	0	4	-166426971940776861784800000
16	0	2	0	3	-10165533546444525600440760000
16	0	2	0	2	-381792497434535818968036480000
16	0	2	0	1	1544826554186397408277542180000
16	0	1	2	1	-237724352972638438500000000
16	0	1	1	4	35344161319829271940800000
16	0	1	1	3	1750100399681993555360400000
16	0	1	1	2	18327886257855164892343200000
16	0	1	1	1	-954947732552391139338318300000
16	0	1	0	4	75717957898169455065372234000
16	0	1	0	3	3797692821093465206975963898000
16	0	1	0	2	67763993644021209870002106294000
16	0	1	0	1	-290962424858274338434360317549000
16	0	0	2	3	110105225997217024050000000
16	0	0	2	2	7027856317615632443661600000
16	0	0	2	1	104842004850783480221058600000
16	0	0	1	4	-12465026127268984046897280000
16	0	0	1	3	-496090111630555278766099998000
16	0	0	1	2	-2145656177215669865369122236000
16	0	0	1	1	90643326963307876848748413672000
16	0	0	0	4	-7181817970694443578179705718000
16	0	0	0	3	-325962549820831938479763314622660
16	0	0	0	2	-3798210263510217410245975030499160
16	0	0	0	1	16796088451549565946916559279006850
15	3	1	0	1	-343980091204865156250000
15	3	0	0	4	3655450911867046875000
15	3	0	0	3	588661127197786386562500
15	3	0	0	2	37417017970759763975625000
15	3	0	0	1	6867650529293187741844921875
15	2	2	0	2	613669847877262687500000
15	2	2	0	1	55272522489224306062500000
15	2	1	1	1	3962465283735461250000000
15	2	1	0	4	-444374734156495993125000
15	2	1	0	3	-118280085396508754977500000
15	2	1	0	2	-7343509262894539556622750000
15	2	1	0	1	-23477034786695691335241187500
15	2	0	1	4	-14243270180590687500000
15	2	0	1	3	-4926411777630035548125000
15	2	0	1	2	-268347561007763309175000000
15	2	0	1	1	-11180203600876733386178437500
15	2	0	0	5	-165601491624510913125000
15	2	0	0	4	919013149066915696667625000
15	2	0	0	3	66072458683373489429816812500
15	2	0	0	2	1827782815690576584154461915000
15	2	0	0	1	4510589742967577653188411671250
15	1	3	0	3	-66278022551277075000000
15	1	3	0	2	-9086717076632932275000000
15	1	3	0	1	146559946828254666300000000
15	1	2	1	2	-736247145057212250000000
15	1	2	1	1	-23068178179709290031250000
15	1	2	0	4	6906227909422570888500000
15	1	2	0	3	427117226133961561288500000
15	1	2	0	2	-5572383541061684211672300000
15	1	2	0	1	-75141285932340563636378362500
15	1	1	2	1	-2299518349860197812500000
15	1	1	1	4	413239190421337830000000
15	1	1	1	3	36359607680317747635750000
15	1	1	1	2	1912404827120068849653000000
15	1	1	1	1	6700749050739094890622875000
15	1	1	0	5	-1166567875120541054700000
15	1	1	0	4	-2187624901462462304973270000
15	1	1	0	3	-95704165200769208497984995000
15	1	1	0	2	2276454601076563197985409190000
15	1	1	0	1	10534907605943483983722025890000
15	1	0	2	3	2059281266339601450000000
15	1	0	2	2	114211932595061636610000000
15	1	0	2	1	-58605965936920653530625000
15	1	0	1	5	-52114176779447376000000
15	1	0	1	4	-267433363280269411633800000
15	1	0	1	3	-9283662863011603746065700000
15	1	0	1	2	-141885919094788700273181420000
15	1	0	1	1	382316787822096935437038480000
15	1	0	0	5	456180668098135458140376000
15	1	0	0	4	176304063107067643300901058000
15	1	0	0	3	4402219067835012145226692168200
15	1	0	0	2	-170200641162769375801341600201600
15	1	0	0	1	-401570281555747680002260512079800
15	0	4	0	3	19014607595934720000000
15	0	4	0	2	51932465727519548160000000
15	0	4	0	1	-516428636134388894730000000
15	0	3	1	2	-3930499690577222400000000
15	0	3	1	1	212317195207469695200000000
15	0	3	0	4	-32043132429382740283200000
15	0	3	0	3	-1969487579435451018537600000
15	0	3	0	2	-9667260875449308610980000000
15	0	3	0	1	495474647217545119856994000000
15	0	2	2	1	-13079378868086817000000000
15	0	2	1	4	4058943744931471440000000
15	0	2	1	3	139736103949498122396000000
15	0	2	1	2	-15879094432865440492752000000
15	0	2	1	1	-168990071357020628583639000000
15	0	2	0	4	22216720600938462476415120000
15	0	2	0	3	1070356331760084667181141676000
15	0	2	0	2	-5856093830144013704874454968000
15	0	2	0	1	-160970388836277989903789746989000
15	0	1	2	3	24213791405015706600000000
15	0	1	2	2	2556394140343465988568000000
15	0	1	2	1	579653557715652527178000000
15	0	1	1	4	-1783407003529783758192000000
15	0	1	1	3	-16192723252791344567385240000
15	0	1	1	2	7243890889192020105816627720000
15	0	1	1	1	44597095442579849707578033450000
15	0	1	0	4	-4921448889411331796615747810400
15	0	1	0	3	-189056079290593671392794209868800
15	0	1	0	2	1636647855898183004683539136742400
15	0	1	0	1	21146336725554612153107756760268800
15	0	0	3	1	2259282606954155541900000000
15	0	0	2	4	-271590156008284882104000000
15	0	0	2	3	-22996359444809973455964000000
15	0	0	2	2	-835509395898177776523054720000
15	0	0	2	1	-1663893177735247418391541470000
15	0	0	1	4	368361117573297844068265968000
15	0	0	1	3	3258731572535318399575212938400
15	0	0	1	2	-667921273501136311056163664088000
15	0	0	1	1	-3347960380447378954516436589152400
15	0	0	0	4	331943670878090707982854111466880
15	0	0	0	3	10566678578093548894258158449844000
15	0	0	0	2	-108083563792162486553202777081514944
15	0	0	0	1	-968065120171988898546789974597626224
14	4	0	0	2	301028004526517578125000
14	4	0	0	1	32348211107781015703125000
14	3	1	0	3	70850558943305831250000
14	3	1	0	2	6225752478394819518750000
14	3	1	0	1	2105289504178902015300000000
14	3	0	1	2	289727741622891796875000
14	3	0	1	1	43325100331245693281250000
14	3	0	0	5	381147201664453125000
14	3	0	0	4	-2938210573609967788125000
14	3	0	0	3	-1164391611732899479736718750
14	3	0	0	2	-53142675685562396420175375000
14	3	0	0	1	-814376632797440023242629390625
14	2	3	0	1	1944865199202966562500000
14	2	2	0	4	-24567336727530300000000
14	2	2	0	3	-12139955927751918172500000
14	2	2	0	2	-1136037209305310639988750000
14	2	2	0	1	4712738992610556476694375000
14	2	1	1	3	-578115045465032925000000
14	2	1	1	2	-65379448758616784493750000
14	2	1	1	1	-2880029222158029201618750000
14	2	1	0	5	-31048903336775073750000
14	2	1	0	4	316974665900074423863375000
14	2	1	0	3	21867589388282901222152925000
14	2	1	0	2	499267865191301780996483775000
14	2	1	0	1	-2040492123257008596999169837500
14	2	0	2	2	-343426477739006250000000
14	2	0	2	1	-118805579907346611562500000
14	2	0	1	5	-1052629141292437500000
14	2	0	1	4	11672733018143874870000000
14	2	0	1	3	1722199534051111099308000000
14	2	0	1	2	79691374064225628165453750000
14	2	0	1	1	941600101095792634159225125000
14	2	0	0	5	37819746130777104785895000
14	2	0	0	4	-102325279752874314163947915000
14	2	0	0	3	-4940065956402177281874052596000
14	2	0	0	2	-64440191746147266290573971254000
14	2	0	0	1	136080425977435079766463715250750
14	1	4	0	2	-319238225609242500000000
14	1	4	0	1	13876486482551170500000000
14	1	3	1	1	-1490298265013208750000000
14	1	3	0	4	505882924964833185000000
14	1	3	0	3	37205114600386200348000000
14	1	3	0	2	-2444750207420649854238000000
14	1	3	0	1	-13318879988783190617687250000
14	1	2	1	4	28703700426520350000000
14	1	2	1	3	6010275744294290122500000
14	1	2	1	2	365795874916401824820000000
14	1	2	1	1	910850862031519346403750000
14	1	2	0	5	-97470280781378505000000
14	1	2	0	4	269233465318636564444500000
14	1	2	0	3	13850416269149132959255575000
14	1	2	0	2	1260928120350272767332729210000
14	1	2	0	1	4295009550290210779863253297500
14	1	1	2	3	226349611326893025000000
14	1	1	2	2	31572975017937655350000000
14	1	1	2	1	-34206526224536684118750000
14	1	1	1	5	-5740740085304070000000
14	1	1	1	4	-126725885416086246621000000
14	1	1	1	3	-7441699698071743896981000000
14	1	1	1	2	-113718548515418018664505200000
14	1	1	1	1	-786189765008505566747783700000
14	1	1	0	5	25368010440520341364740000
14	1	1	0	4	-146744881375655922721355250000
14	1	1	0	3	-7140627799972170650144318709000
14	1	1	0	2	-190689941043610326258783480756000
14	1	1	0	1	-566029332245456548910627439789000
14	1	0	3	1	40029945448337558437500000
14	1	0	2	4	-3267138007978741620000000
14	1	0	2	3	-81005505844824619719750000
14	1	0	2	2	-933741725542232915947500000
14	1	0	2	1	184368908701806250105545750000
14	1	0	1	5	21627695097020963152800000
14	1	0	1	4	21119628134671815379323960000
14	1	0	1	3	745530168489976124272239048000
14	1	0	1	2	3715582454699270227929258480000
14	1	0	1	1	91709923130803530961299308727000
14	1	0	0	5	-8862493081335803792133926400
14	1	0	0	4	13366782640122770702468016154800
14	1	0	0	3	593991424539223121890570378772520
14	1	0	0	2	8780391741690631042153399192434480
14	1	0	0	1	26736827282552693612618260367769360
14	0	5	0	2	1388768704245648000000000
14	0	5	0	1	-32842963342577084400000000
14	0	4	1	1	6925573062196668000000000
14	0	4	0	4	-2366273493461287872000000
14	0	4	0	3	-203744646395491035780000000
14	0	4	0	2	6983381041718520597566400000
14	0	4	0	1	42549476803106908648280400000
14	0	3	1	4	155119289633225280000000
14	0	3	1	3	5044321384866450144000000
14	0	3	1	2	-3544945626277464708240000000
14	0	3	1	1	2027388282227751515184000000
14	0	3	0	4	1361938698093122085391200000
14	0	3	0	3	89930938312766381575584960000
14	0	3	0	2	-6452511808989136497757760160000
14	0	3	0	1	-20289750094950077831837921280000
14	0	2	2	3	1331233513277523120000000
14	0	2	2	2	307276210026121040640000000
14	0	2	2	1	-4795103934495001103940000000
14	0	2	1	4	490819917589330488811200000
14	0	2	1	3	35503301203237044625680720000
14	0	2	1	2	2557032635309208570895386240000
14	0	2	1	1	-2292722282249092385973811080000
14	0	2	0	4	-245518265617404811644191112000
14	0	2	0	3	-5858656621519175458690821246000
14	0	2	0	2	1931114181036718341794269003197600
14	0	2	0	1	4480253534397369039934263888720600
14	0	1	3	1	496053157664002761000000000
14	0	1	2	4	-93304856776669322760000000
14	0	1	2	3	-5978610424633152681583200000
14	0	1	2	2	-163516354501864299548486400000
14	0	1	2	1	2377863041815039727603593800000
14	0	1	1	4	-250495475396827443872793552000
14	0	1	1	3	-15544840517018639408439471132000
14	0	1	1	2	-568439158072387559467137558624000
14	0	1	1	1	308908355116327917856157135538000
14	0	1	0	4	17452610013579337435913077091040
14	0	1	0	3	-1460674864589728219078453513044480
14	0	1	0	2	-237306479383953410011766060809340160
14	0	1	0	1	-456626507524267933935703678215778560
14	0	0	3	3	-177791011004454479568000000
14	0	0	3	2	-11969215901380875170016000000
14	0	0	3	1	-245732279298260690369286000000
14	0	0	2	4	38279152974820259778436800000
14	0	0	2	3	1876385812345281991971010620000
14	0	0	2	2	29048300361258115331800413720000
14	0	0	2	1	-204421605985862840942411368950000
14	0	0	1	4	22124360550824108803234737072000
14	0	0	1	3	1414793380091541094255106387206080
14	0	0	1	2	38105880969691578318237335994076800
14	0	0	1	1	-9555850361627660950930856245686480
14	0	0	0	4	-285263326955923542346232744466048
14	0	0	0	3	151573057986334438964724569340986304
14	0	0	0	2	10328963666511667071355451177817824640
14	0	0	0	1	17298461574098835623633328870599613936
13	4	1	0	1	3854966682315947343750000
13	4	0	0	4	-46094715376536656250000
13	4	0	0	3	-6798130436873936228906250
13	4	0	0	2	-325268258161204551782812500
13	4	0	0	1	8693575562953834704323437500
13	3	2	0	2	226081306748174625000000
13	3	2	0	1	209866443833249204203125000
13	3	1	1	1	4796512331792518125000000
13	3	1	0	4	-224195481198507150000000
13	3	1	0	3	-348565824501976469633625000
13	3	1	0	2	-22986362363433748079385375000
13	3	1	0	1	-181784061213397950591046125000
13	3	0	1	4	-36617751660552468750000
13	3	0	1	3	-7079195307187437721875000
13	3	0	1	2	-384912755338729340025000000
13	3	0	1	1	-34030884663885357818746875000
13	3	0	0	5	-700395186161448054000000
13	3	0	0	4	1897955827387366895448975000
13	3	0	0	3	208686803178587686857598837500
13	3	0	0	2	6966231200471036788797191850000
13	3	0	0	1	36852961213767895225086890896875
13	2	3	0	3	-448038402218848125000000
13	2	3	0	2	-80941365498850031475000000
13	2	3	0	1	1168130031393539124112500000
13	2	2	1	2	-4131011050348637250000000
13	2	2	1	1	-281590318807975142437500000
13	2	2	0	5	-1689509543656275000000
13	2	2	0	4	43386313260364699135500000
13	2	2	0	3	2859769608564985491087225000
13	2	2	0	2	-2098666720082410673347350000
13	2	2	0	1	-857999196003125125215162450000
13	2	1	2	1	-13246484124694992187500000
13	2	1	1	4	2329442510991861037500000
13	2	1	1	3	470675777784303338264250000
13	2	1	1	2	29852483896197208125396000000
13	2	1	1	1	172475229687500401322541750000
13	2	1	0	5	12436027945486596111600000
13	2	1	0	4	-28068632704571371161044985000
13	2	1	0	3	-1359357892734054706825398750000
13	2	1	0	2	7261132878137738894931770220000
13	2	1	0	1	185901117517639640296671054772500
13	2	0	2	4	30489340804773750000000
13	2	0	2	3	12502618007390436768750000
13	2	0	2	2	699414880528989316912500000
13	2	0	2	1	23324676627183446819250000000
13	2	0	1	5	499813620744170448000000
13	2	0	1	4	-3315801055732214693532300000
13	2	0	1	3	-243438808875259012515324900000
13	2	0	1	2	-7628877724402977627278227950000
13	2	0	1	1	-30755579017330728866204830912500
13	2	0	0	5	-3844421606202378230398671000
13	2	0	0	4	4852720729915187227641960219000
13	2	0	0	3	179412152149752867807639197444100
13	2	0	0	2	-393608927162754823082350106460600
13	2	0	0	1	-11283040582962453683164374850318950
13	1	5	0	1	455401628544307500000000
13	1	4	0	4	14463151562643300000000
13	1	4	0	3	1405765111489944390000000
13	1	4	0	2	-355277359976412404160000000
13	1	4	0	1	-972606526456222779367500000
13	1	3	1	3	344855237124473100000000
13	1	3	1	2	37682809481245979250000000
13	1	3	1	1	-258278748161515944525000000
13	1	3	0	5	-2892630312528660000000
13	1	3	0	4	148510153276374264111000000
13	1	3	0	3	10144290719083972204620900000
13	1	3	0	2	271871787564517294282293900000
13	1	3	0	1	725776483261227254545441500000
13	1	2	2	2	2090659201594168500000000
13	1	2	2	1	34548491699630208562500000
13	1	2	1	4	-21674215720991960091000000
13	1	2	1	3	-1840249797683038288446600000
13	1	2	1	2	-23685312175262866421166600000
13	1	2	1	1	-68204124197870760043346250000
13	1	2	0	5	-20456459002396016247240000
13	1	2	0	4	-98901920260633108917851820000
13	1	2	0	3	-5518991193070973508822892536000
13	1	2	0	2	-73508291383100134363415403408000
13	1	2	0	1	-229057137068642194583697875554500
13	1	1	3	1	4392396597426901875000000
13	1	1	2	4	-972383214021632100000000
13	1	1	2	3	-37388020570302078211500000
13	1	1	2	2	-307769760548229025278000000
13	1	1	2	1	461950530823067895688500000
13	1	1	1	5	4859215720285383952200000
13	1	1	1	4	11491034894889435619551720000
13	1	1	1	3	698768897797543976079750540000
13	1	1	1	2	8011032282067502079925511580000
13	1	1	1	1	67768742460397092435302746635000
13	1	1	0	5	10427219141164288864990488000
13	1	1	0	4	19001233367821589138365571341200
13	1	1	0	3	899927148343012201064458985887800
13	1	1	0	2	8491021970163466752665662810640400
13	1	1	0	1	31321444878024312775029769268787600
13	1	0	3	3	-2980890697548980925000000
13	1	0	3	2	-172369386506181955050000000
13	1	0	3	1	2632041209652165712462500000
13	1	0	2	5	122700209705768520000000
13	1	0	2	4	77889652615537174636200000
13	1	0	2	3	-22784757070489738252461450000
13	1	0	2	2	-1076110418486237558173595100000
13	1	0	2	1	-8393580180122265346629623175000
13	1	0	1	5	-2326211463099253372372440000
13	1	0	1	4	-1063201203206095017169118952000
13	1	0	1	3	-53700720464203943482403892442800
13	1	0	1	2	-750313157923846560646240014513600
13	1	0	1	1	-7233242350224682703640495785320800
13	1	0	0	5	-936310030067674059872609049120
13	1	0	0	4	-1106346488937542846917640082781200
13	1	0	0	3	-45791305803240348250214246702671272
13	1	0	0	2	-360499815262106460604510380334581408
13	1	0	0	1	-1532281174313732263737185022242774496
13	0	6	0	1	-687476356762932000000000
13	0	5	0	4	-62918443480970880000000
13	0	5	0	3	-11423849287197299040000000
13	0	5	0	2	954451195242840062064000000
13	0	5	0	1	330387075602215078392000000
13	0	4	1	3	110916748571267520000000
13	0	4	1	2	-272966249161734860160000000
13	0	4	1	1	2147798033918773469640000000
13	0	4	0	4	-226714138570451557411200000
13	0	4	0	3	-10442952931770309699564480000
13	0	4	0	2	-1077453190553487192931645440000
13	0	4	0	1	272711357575992722709023040000
13	0	3	2	2	12222068828492548800000000
13	0	3	2	1	-563360904349530804000000000
13	0	3	1	4	128276103387182986454400000
13	0	3	1	3	8615250794915490483100800000
13	0	3	1	2	235816707766734545531774400000
13	0	3	1	1	-2137275761355135886099579200000
13	0	3	0	4	253214591651796136135137408000
13	0	3	0	3	13590056888598343750227384336000
13	0	3	0	2	449768182590440161102919272248000
13	0	3	0	1	-200872426515620455026116934048000
13	0	2	3	1	27228298816759464000000000
13	0	2	2	4	-10667331889285589280000000
13	0	2	2	3	-593155266752035418270400000
13	0	2	2	2	18174245314025533782355200000
13	0	2	2	1	557934677461224199343811600000
13	0	2	1	4	-114040918306848307545436320000
13	0	2	1	3	-6198816931357365724989825216000
13	0	2	1	2	-77694213437086190259887480592000
13	0	2	1	1	702095859653397847944099861564000
13	0	2	0	4	-85241514417532274669433340593600
13	0	2	0	3	-4366377571139814823474680489847680
13	0	2	0	2	-87766911418284803420266600824661440
13	0	2	0	1	46128524697952588438287244015290840
13	0	1	3	3	-38975423492528099280000000
13	0	1	3	2	-4328360158806217873440000000
13	0	1	3	1	-21269204856616457869380000000
13	0	1	2	4	8922649734474164705318400000
13	0	1	2	3	361960476328145778896425680000
13	0	1	2	2	-8943468568672767616790535600000
13	0	1	2	1	-159165992147927145286875600780000
13	0	1	1	4	29421789206689042525321078723200
13	0	1	1	3	1361443763968046662102733616364800
13	0	1	1	2	11410970312440309331726385813028800
13	0	1	1	1	-91300251063611205110027163894130800
13	0	1	0	4	11466329585991249039929300009923488
13	0	1	0	3	553222804430175194275288804441026432
13	0	1	0	2	8073207007600965925661944574549705856
13	0	1	0	1	-4573220282190648356913174363308707392
13	0	0	4	1	-2865966137164524596850000000
13	0	0	3	4	370748309755166043552000000
13	0	0	3	3	36624622568259106579068000000
13	0	0	3	2	1559392691255793378527313600000
13	0	0	3	1	8107945334206473562234970400000
13	0	0	2	4	-1998415380647777735427737040000
13	0	0	2	3	-65683990053920851387704234648000
13	0	0	2	2	661978735221893663121961302259200
13	0	0	2	1	12073502348085921554198652539209200
13	0	0	1	4	-2169251335414271165848389329091840
13	0	0	1	3	-90609164636933871728797610839698720
13	0	0	1	2	-598148833783834876646069940275384256
13	0	0	1	1	4100930863322418867403347209056077264
13	0	0	0	4	-539693830115081498760552364508248320
13	0	0	0	3	-24537323899184501282627664146159012448
13	0	0	0	2	-282219500356510724446442359814065237824
13	0	0	0	1	168880372185131792809787448487760669424
12	5	0	0	2	692858566984348828125000
12	5	0	0	1	105697106710504160976562500
12	4	1	0	3	-883002694632090075000000
12	4	1	0	2	-78176985940867212056250000
12	4	1	0	1	3469581296521212560709375000
12	4	0	1	2	-1198383704417362500000000
12	4	0	1	1	-129467761147802015156250000
12	4	0	0	5	-3527786200970995312500
12	4	0	0	4	20468158543631048079375000
12	4	0	0	3	-452614120547629477779843750
12	4	0	0	2	-44775036884198722710871687500
12	4	0	0	1	-1495843909385951590422582937500
12	3	3	0	1	6656253655768520625000000
12	3	2	0	4	11451137100302700000000
12	3	2	0	3	-33061819090661764143750000
12	3	2	0	2	-3764510651482498049478750000
12	3	2	0	1	-3113616305944925774623125000
12	3	1	1	3	-855009021695448712500000
12	3	1	1	2	-78460086802816662862500000
12	3	1	1	1	-9814737228412357709831250000
12	3	1	0	5	-119921784326992091250000
12	3	1	0	4	637719434916861071570625000
12	3	1	0	3	66879296676294414538633875000
12	3	1	0	2	2489156856862775210886661125000
12	3	1	0	1	1926780071061512248195429125000
12	3	0	2	2	-1015221539497872656250000
12	3	0	2	1	-177599144303192152265625000
12	3	0	1	5	-3292976314890393750000
12	3	0	1	4	20124981098171772648750000
12	3	0	1	3	4353881920371843605397000000
12	3	0	1	2	202882247281442976639779250000
12	3	0	1	1	3700935729622108733238525375000
12	3	0	0	5	238370299946463661561620000
12	3	0	0	4	-262494807889690114744279095000
12	3	0	0	3	-17306530057187395092688354458750
12	3	0	0	2	-374417486306140524184418554215000
12	3	0	0	1	-521568993992695650724445723435625
12	2	4	0	2	-2223047133671139000000000
12	2	4	0	1	86547044594271817125000000
12	2	3	1	1	-10354996631362573125000000
12	2	3	0	4	2702226715581566340000000
12	2	3	0	3	182313261242897361093000000
12	2	3	0	2	-14875535980917001280650500000
12	2	3	0	1	-94339157923615316073304500000
12	2	2	1	4	137295085924654200000000
12	2	2	1	3	49124836318108049325000000
12	2	2	1	2	4430674357971582517515000000
12	2	2	1	1	-4120324867614763194401250000
12	2	2	0	5	1790594448132269229750000
12	2	2	0	4	-1057918538528791406873100000
12	2	2	0	3	-51655829214434641118953965000
12	2	2	0	2	9891769823843299097589622080000
12	2	2	0	1	34939114576360330941896826195000
12	2	1	2	3	1447518452615994375000000
12	2	1	2	2	171879342208507496812500000
12	2	1	2	1	5399510814264377890406250000
12	2	1	1	5	92308813659313312500000
12	2	1	1	4	-1118486413285992639117000000
12	2	1	1	3	-86108630008238776163060550000
12	2	1	1	2	-2510931303225291046846183200000
12	2	1	1	1	1934193163630635217224372600000
12	2	1	0	5	-1343297449573852187048490000
12	2	1	0	4	294540990642627026192737353000
12	2	1	0	3	5319185658237654184456348167000
12	2	1	0	2	-1892110515235112409766948640421000
12	2	1	0	1	-5337024579053359471856744348557500
12	2	0	3	2	520011758441615625000000
12	2	0	3	1	211031255399182725937500000
12	2	0	2	5	2191386062316487500000
12	2	0	2	4	-22466674274482621485000000
12	2	0	2	3	-2679475337895233080302750000
12	2	0	2	2	-126553120894762153221944250000
12	2	0	2	1	-1649369870697376506647090250000
12	2	0	1	5	-35837895986064738425340000
12	2	0	1	4	359201442180452743198706580000
12	2	0	1	3	18666955855656425778159109995000
12	2	0	1	2	339435303416494164791806637340000
12	2	0	1	1	73250029356781067554210021710000
12	2	0	0	5	226937475965704091437561825800
12	2	0	0	4	-63304765552583412305467524085800
12	2	0	0	3	-1005510933749669286100076123010480
12	2	0	0	2	105422001430974560112478278423529440
12	2	0	0	1	272277039381711684850605025202965470
12	1	5	0	3	15954750577998000000000
12	1	5	0	2	-23539336776533077200000000
12	1	5	0	1	-21246313837601567250000000
12	1	4	1	2	1553818229327448000000000
12	1	4	1	1	-44970607575526410000000000
12	1	4	0	4	19901587656288142188000000
12	1	4	0	3	1853980227107713449757800000
12	1	4	0	2	28086017348091256378632000000
12	1	4	0	1	51305115134686495748303700000
12	1	3	2	1	3694137460722663750000000
12	1	3	1	4	-1740854814161287950000000
12	1	3	1	3	-189816738832588424436000000
12	1	3	1	2	-35506445609984288562000000
12	1	3	1	1	25945860087834188199196500000
12	1	3	0	5	-3663779749049950970400000
12	1	3	0	4	-20068480066355589301751340000
12	1	3	0	3	-1437615693027352515547858140000
12	1	3	0	2	-13422240776328865969382292060000
12	1	3	0	1	-34437917954521622931686114130000
12	1	2	2	4	-67390264946360700000000
12	1	2	2	3	-9952424589327680205000000
12	1	2	2	2	-223280320214181758400000000
12	1	2	2	1	-8280518359986101525220000000
12	1	2	1	5	385449739506431622000000
12	1	2	1	4	1761378849241760818868400000
12	1	2	1	3	151766337243811322664108000000
12	1	2	1	2	1615945665210317573395767480000
12	1	2	1	1	570328231439427987195743130000
12	1	2	0	5	3477367890618781502292012000
12	1	2	0	4	6721181502796270841985927900000
12	1	2	0	3	388383842374469089313941388251800
12	1	2	0	2	3165029198644103272659592379530800
12	1	2	0	1	9339537566811938252549950365637500
12	1	1	3	3	-326478254172245550000000
12	1	1	3	2	-47725849250870574600000000
12	1	1	3	1	779422262308076687962500000
12	1	1	2	5	13478052989272140000000
12	1	1	2	4	65746037787297391593000000
12	1	1	2	3	939233581130051390843100000
12	1	1	2	2	-139369668035859811605801600000
12	1	1	2	1	3501278503045534390502960550000
12	1	1	1	5	-383839206633183938801040000
12	1	1	1	4	-621894597507245319750466056000
12	1	1	1	3	-41286131554030317158428638414000
12	1	1	1	2	-677281310146676381566387530744000
12	1	1	1	1	-1690047274463324915812411442616000
12	1	1	0	5	-945736846671349330022137132800
12	1	1	0	4	-905364352092302781786608808920400
12	1	1	0	3	-44151597596227488047773783330090680
12	1	1	0	2	-360666214699138804947201843611449440
12	1	1	0	1	-1098969639347174036470698240077186520
12	1	0	4	1	-45989335029612850312500000
12	1	0	3	4	3870992621521951740000000
12	1	0	3	3	-95452614133873819983000000
12	1	0	3	2	-11746817794634163635628000000
12	1	0	3	1	-646444556024320625159452500000
12	1	0	2	5	-36820052999027840676600000
12	1	0	2	4	30368915468922385040941440000
12	1	0	2	3	2672879311498375067671665720000
12	1	0	2	2	69523630419512288550885804180000
12	1	0	2	1	-193396083845487255301862051820000
12	1	0	1	5	106907330439567710266663872000
12	1	0	1	4	54536446976485208437409528073600
12	1	0	1	3	3264826474204305421634046070264080
12	1	0	1	2	61637736947504811976588718143621440
12	1	0	1	1	162365006204477685479555901895230360
12	1	0	0	5	71566118652368228544552281841504
12	1	0	0	4	42248605354000162291170674942206032
12	1	0	0	3	1808704463307166201691598166669673736
12	1	0	0	2	15709649252153060213577471604114612944
12	1	0	0	1	46698299634378086806897828318220164620
12	0	6	0	3	-270594190655380800000000
12	0	6	0	2	49084594242991925760000000
12	0	6	0	1	-111645615962961552960000000
12	0	5	1	2	-7348824876907180800000000
12	0	5	1	1	149028904451717316000000000
12	0	5	0	4	-38573084292373862985600000
12	0	5	0	3	-3103526551232798672457600000
12	0	5	0	2	-65025759470915020024713600000
12	0	5	0	1	203670698847600528110491200000
12	0	4	2	1	-18529151118058800000000000
12	0	4	1	4	10098980425840762368000000
12	0	4	1	3	964630417607157006259200000
12	0	4	1	2	-9021152379620654330227200000
12	0	4	1	1	-225423059090713025189414400000
12	0	4	0	4	54136906584980111533877760000
12	0	4	0	3	3655607546258653303970858304000
12	0	4	0	2	32733406388253636748513162368000
12	0	4	0	1	-130907109399780447413281254816000
12	0	3	2	4	-405903759200948160000000
12	0	3	2	3	-31226277102388659072000000
12	0	3	2	2	6637507085313995255712000000
12	0	3	2	1	21040899566078419504848000000
12	0	3	1	4	-13709149755894693536414400000
12	0	3	1	3	-945619265805599761036896960000
12	0	3	1	2	11546547553451111522973560640000
12	0	3	1	1	120986187625316459909029482720000
12	0	3	0	4	-26887981694849203296785074372800
12	0	3	0	3	-1528075378510635647384509667299200
12	0	3	0	2	-8173305573665911089266551282718400
12	0	3	0	1	39724412168600420220803807498736000
12	0	2	3	3	-2136006076694379840000000
12	0	2	3	2	-517458786171961510080000000
12	0	2	3	1	5463849241101230331480000000
12	0	2	2	4	-63116773009909916572800000
12	0	2	2	3	-13716994829460582975769440000
12	0	2	2	2	-5464777121637060531626311680000
12	0	2	2	1	-12028695403457107112021501040000
12	0	2	1	4	6396844810501520273335082256000
12	0	2	1	3	327546868310406998900283901190400
12	0	2	1	2	-3731978483128442852807351203843200
12	0	2	1	1	-29027051694226497190466746838469600
12	0	2	0	4	6054333624655091319132822992071680
12	0	2	0	3	296605874289192414679871147883419568
12	0	2	0	2	1078548869774320929871314520561730208
12	0	2	0	1	-6179723321705325703544538559540347720
12	0	1	4	1	-627111497572824528000000000
12	0	1	3	4	126659730318908541984000000
12	0	1	3	3	9971186754117415701470400000
12	0	1	3	2	404317776038698405379692800000
12	0	1	3	1	-2439670278270845134808355600000
12	0	1	2	4	-5760904394806116299964720000
12	0	1	2	3	8145712192551500644637951304000
12	0	1	2	2	1293373067104948431311229031776000
12	0	1	2	1	2942774593524613940786009537652000
12	0	1	1	4	-1185090671733618947401534918446720
12	0	1	1	3	-47651674219556671772248317278965920
12	0	1	1	2	467602033894633329985694912157175680
12	0	1	1	1	3138057810147813688633948903933356240
12	0	1	0	4	-629010654338195544210099780558918816
12	0	1	0	3	-27156226675552208293869841185865608192
12	0	1	0	2	-71552193448846378196254587066881172864
12	0	1	0	1	477323511906357454677650376486002341056
12	0	0	4	3	166335551198627716188000000
12	0	0	4	2	11892043847874993643800000000
12	0	0	4	1	329415609541125543646572000000
12	0	0	3	4	-55729250489699909237001600000
12	0	0	3	3	-3211139315852292586243530960000
12	0	0	3	2	-77268973765238324138462153760000
12	0	0	3	1	119070873753089868565937413200000
12	0	0	2	4	23909910939531629489855609424000
12	0	0	2	3	-364956025587386420064336347786400
12	0	0	2	2	-87927621841423250280504588154484160
12	0	0	2	1	-210850530617022614405185776243820560
12	0	0	1	4	72452116911432449906603903763270144
12	0	0	1	3	2433919441783392028303106625688742208
12	0	0	1	2	-20336570570034026082450281542573154304
12	0	0	1	1	-124570260378802133880611900221460397744
12	0	0	0	4	24481974076484432890545302494960818432
12	0	0	0	3	947394932075212030270075361495154336768
12	0	0	0	2	1862953949542679501584981905000057437568
12	0	0	0	1	-14521791699404728966982334177346358867616
11	5	1	0	1	12041587475305174687500000
11	5	0	0	4	-99448816330413000000000
11	5	0	0	3	-19870746226435520732812500
11	5	0	0	2	-1035674209994990997065625000
11	5	0	0	1	185054437422077568761250000
11	4	2	0	2	-5242545450210411000000000
11	4	2	0	1	382769342826897002906250000
11	4	1	1	1	-15640597693215548437500000
11	4	1	0	4	3685519758478644365625000
11	4	1	0	3	-254203022113797227598000000
11	4	1	0	2	-29360132594520453097629750000
11	4	1	0	1	-434242651965072300955154250000
11	4	0	1	4	116112067508509875000000
11	4	0	1	3	16849246430255429306250000
11	4	0	1	2	845081244976350834787500000
11	4	0	1	1	-34870284248163385103184375000
11	4	0	0	5	995012170504964085375000
11	4	0	0	4	-478933115236021316827800000
11	4	0	0	3	217999637472092548490992912500
11	4	0	0	2	10489082073257311660534862475000
11	4	0	0	1	88474326244312513261738495950000
11	3	3	0	3	-948996940984249500000000
11	3	3	0	2	-269663219760111709725000000
11	3	3	0	1	1867705491159575341425000000
11	3	2	1	2	-4176397097173111500000000
11	3	2	1	1	-942221298245152768593750000
11	3	2	0	5	-4735566548705925000000
11	3	2	0	4	88419047526247491828000000
11	3	2	0	3	8018465410914963086489400000
11	3	2	0	2	252177059353769259448518000000
11	3	2	0	1	-1567821339321612681478829400000
11	3	1	2	1	-19678991863255970625000000
11	3	1	1	4	2452714215797299612500000
11	3	1	1	3	1207298166446845720584000000
11	3	1	1	2	80451580064067020999088000000
11	3	1	1	1	871678564494577665915372750000
11	3	1	0	5	74643159366485697554100000
11	3	1	0	4	-84917555133297009523980660000
11	3	1	0	3	-5432341762107955719832888710000
11	3	1	0	2	-79301236430995949892382229610000
11	3	1	0	1	344244012623691651334278162090000
11	3	0	2	4	94505656431600562500000
11	3	0	2	3	21169663386606189787500000
11	3	0	2	2	1135797340808332878637500000
11	3	0	2	1	63902955342004700374026562500
11	3	0	1	5	2748312564207664581000000
11	3	0	1	4	-6663197026029953137204350000
11	3	0	1	3	-666902681763233127848132400000
11	3	0	1	2	-23425048821524198673163717350000
11	3	0	1	1	-168886348462835836561419190425000
11	3	0	0	5	-25487853644940602786730846000
11	3	0	0	4	16845185444368881767389886673000
11	3	0	0	3	823798423459497660971637147214500
11	3	0	0	2	8552355432774532349305595857533000
11	3	0	0	1	-17519106482062858720256930789050125
11	2	5	0	1	2289544675150635000000000
11	2	4	0	4	62450826855088500000000
11	2	4	0	3	5200660187234278380000000
11	2	4	0	2	-2084271848319734175510000000
11	2	4	0	1	-2832320511985598977905000000
11	2	3	1	3	1946033445060992250000000
11	2	3	1	2	313735437764684651250000000
11	2	3	1	1	-3114901913140595515275000000
11	2	3	0	5	128336109225727770000000
11	2	3	0	4	449647179573350818847700000
11	2	3	0	3	29000376176201612530565400000
11	2	3	0	2	1912086390140818572339608400000
11	2	3	0	1	1109345186456012604969633600000
11	2	2	2	2	10933720204779546750000000
11	2	2	2	1	524153578510454197500000000
11	2	2	1	5	5568162236103600000000
11	2	2	1	4	-150829710057857822247000000
11	2	2	1	3	-13097304099074624886395100000
11	2	2	1	2	-240923645003908428461118000000
11	2	2	1	1	2195530739435695424210490600000
11	2	2	0	5	-186392050178874657876540000
11	2	2	0	4	-356204203727614847652559320000
11	2	2	0	3	-19333571336660044295263870794000
11	2	2	0	2	-604381634806075076248784953704000
11	2	2	0	1	-225572196271553664967262950200000
11	2	1	3	1	23369083152420498750000000
11	2	1	2	4	-4689926584181191800000000
11	2	1	2	3	-677191883964379757145000000
11	2	1	2	2	-42608706604454504330235000000
11	2	1	2	1	-353624642806188347414763750000
11	2	1	1	5	-8967613253733615078000000
11	2	1	1	4	119603287848644964028665000000
11	2	1	1	3	6888899171979409530465556200000
11	2	1	1	2	66060569134433815878375796140000
11	2	1	1	1	-441916161577970630630971557060000
11	2	1	0	5	74585418465873187235677968000
11	2	1	0	4	75989286882616730706948705586200
11	2	1	0	3	3670731179087615418905660866471200
11	2	1	0	2	78937627621308676508912522140400400
11	2	1	0	1	29180823890030098415578879222410900
11	2	0	3	4	-32611969834314750000000
11	2	0	3	3	-15848878721525695800000000
11	2	0	3	2	-922257594074695559625000000
11	2	0	3	1	-23369251561297720456218750000
11	2	0	2	5	-428278263689515176000000
11	2	0	2	4	3845732797498756445954100000
11	2	0	2	3	266790655052950530092814900000
11	2	0	2	2	9573279965865867137460491700000
11	2	0	2	1	53236585454519919138285869775000
11	2	0	1	5	272524002918662351886732000
11	2	0	1	4	-20298064266139248959888089836000
11	2	0	1	3	-868503091566267111830760796095000
11	2	0	1	2	-6617124592889788273100473193076000
11	2	0	1	1	22803554852949807345272853859474500
11	2	0	0	5	-8858240403532022905640730557640
11	2	0	0	4	-4253840498510240640703527791535480
11	2	0	0	3	-202117255770746405604132865965004524
11	2	0	0	2	-3569027780421150324211296870686944200
11	2	0	0	1	-1549818387018310434599034212268607326
11	1	6	0	2	-606646246905540000000000
11	1	6	0	1	259324122890808000000000
11	1	5	1	1	-1822374324190800000000000
11	1	5	0	4	1181916751333057920000000
11	1	5	0	3	168628273792422103908000000
11	1	5	0	2	1305376791844088778732000000
11	1	5	0	1	756863803785141352080000000
11	1	4	1	4	-56478933727398000000000
11	1	4	1	3	-8949199745995747380000000
11	1	4	1	2	480088815202327657320000000
11	1	4	1	1	3772003602863272616325000000
11	1	4	0	5	-236145111116414112000000
11	1	4	0	4	-1850064214175879917237200000
11	1	4	0	3	-183392921968966821268375560000
11	1	4	0	2	-1265212220471966492238326400000
11	1	4	0	1	-1510372255981902044100261840000
11	1	3	2	3	-706319214686653500000000
11	1	3	2	2	-49579914330690810300000000
11	1	3	2	1	-527239057298036186250000000
11	1	3	1	5	11295786745479600000000
11	1	3	1	4	32405557512266329032000000
11	1	3	1	3	8395810875699628870315800000
11	1	3	1	2	-80060277256935542864971200000
11	1	3	1	1	-2503642071112784957908854000000
11	1	3	0	5	354963726745584981940080000
11	1	3	0	4	1004746004114894122108247136000
11	1	3	0	3	74848578924751297449935586120000
11	1	3	0	2	577374793342831286903746203696000
11	1	3	0	1	776664152052729600150070371432000
11	1	2	3	2	-3159917557460847000000000
11	1	2	3	1	3746705654784925125000000
11	1	2	2	4	15443598071509498782000000
11	1	2	2	3	1758719534790463376128200000
11	1	2	2	2	50845088577784159125601200000
11	1	2	2	1	1034889859614782327042495250000
11	1	2	1	5	9847462124986615712160000
11	1	2	1	4	-79853724290656171755171000000
11	1	2	1	3	-6944300380102367985048924264000
11	1	2	1	2	-98703350773008746506810821936000
11	1	2	1	1	668399497408257711644014437258000
11	1	2	0	5	-177261003720182328999318100800
11	1	2	0	4	-246742129269614622175277825296800
11	1	2	0	3	-14682036575455678958507748319747680
11	1	2	0	2	-127683151013809926557243452903220640
11	1	2	0	1	-166920078410073757599032524068611460
11	1	1	4	1	-5026987839715897500000000
11	1	1	3	4	1152487086732683100000000
11	1	1	3	3	-11951053128844846947000000
11	1	1	3	2	-5130039035552386453614000000
11	1	1	3	1	-79438698461277368253139500000
11	1	1	2	5	-7477651273369888040400000
11	1	1	2	4	86883925661254279183320000
11	1	1	2	3	-71762240537657010066471480000
11	1	1	2	2	-9285904509300086314720651920000
11	1	1	2	1	-352639135398016441060751209320000
11	1	1	1	5	-963560291314871468741112000
11	1	1	1	4	32810626473377251838826592742400
11	1	1	1	3	1967846048486173546368505864174800
11	1	1	1	2	29756556438462728587962525934497600
11	1	1	1	1	-74148173278936969716621488074177800
11	1	1	0	5	34745294621209696316693727115680
11	1	1	0	4	27987137064533177074890000677477520
11	1	1	0	3	1403122476945074418086182195037280264
11	1	1	0	2	13269063287470687991068253063086854000
11	1	1	0	1	16025853992140046705082289054491882528
11	1	0	4	3	2471301630951167475000000
11	1	0	4	2	149439440465743122450000000
11	1	0	4	1	-4929154751769971983818750000
11	1	0	3	5	-145847657334877380000000
11	1	0	3	4	333622016020869354561600000
11	1	0	3	3	74187694960131068080743600000
11	1	0	3	2	3390975333310080623930578800000
11	1	0	3	1	34008807294761703596125786800000
11	1	0	2	5	3822738470580437767302120000
11	1	0	2	4	-2743187372947377029760798456000
11	1	0	2	3	-118182832500420825388271226396000
11	1	0	2	2	-396257082580407824711743426272000
11	1	0	2	1	28030752636538287779103338499033000
11	1	0	1	5	-1463577040100892565475377646400
11	1	0	1	4	-3081403769245218294283407642433920
11	1	0	1	3	-157115302131774664200620407389459264
11	1	0	1	2	-2140681750657841905397375911194201696
11	1	0	1	1	2891496859665061594303830755978464608
11	1	0	0	5	-2204751973689028062480627680078016
11	1	0	0	4	-1192148124175315964761593149648845296
11	1	0	0	3	-52621469830798637182795782067857046992
11	1	0	0	2	-519062321414757495458809527892728242256
11	1	0	0	1	-567050058115738980596606212812911797686
11	0	7	0	2	915795916232544000000000
11	0	7	0	1	-3871497285686476800000000
11	0	6	1	1	3072579897820032000000000
11	0	6	0	4	-2120414678968968576000000
11	0	6	0	3	-299455892566584943737600000
11	0	6	0	2	57321831811534140556800000
11	0	6	0	1	11818499219644419008222400000
11	0	5	1	4	272396950597658880000000
11	0	5	1	3	55702681238462692032000000
11	0	5	1	2	-2702650914694161899136000000
11	0	5	1	1	-5034335728505238125136000000
11	0	5	0	4	4349431009338551073907200000
11	0	5	0	3	435295163562189754290094080000
11	0	5	0	2	-1337251934303877746110654080000
11	0	5	0	1	-11619305940969874595024720640000
11	0	4	2	3	-848534200178555520000000
11	0	4	2	2	551665567374975233280000000
11	0	4	2	1	-2884687405834517025480000000
11	0	4	1	4	-244463177190185014924800000
11	0	4	1	3	-52952468254306459458635520000
11	0	4	1	2	3481390943767739435891892480000
11	0	4	1	1	3659197928705952999557378400000
11	0	4	0	4	-3157414561823249330737572096000
11	0	4	0	3	-238400527195325575317839121129600
11	0	4	0	2	948856021780071733630276429785600
11	0	4	0	1	5305755631212097689438727772515200
11	0	3	3	2	-20478292875089913600000000
11	0	3	3	1	762909298928893411200000000
11	0	3	2	4	-167530622255478357868800000
11	0	3	2	3	-11182835867964124767667200000
11	0	3	2	2	-728014478945692504192502400000
11	0	3	2	1	2831789018569566842038670400000
11	0	3	1	4	141883197866119534485429504000
11	0	3	1	3	18398340507915521862599228256000
11	0	3	1	2	-1603318114766798783758613590272000
11	0	3	1	1	-1446377841516393934002242340768000
11	0	3	0	4	1079867036894779105311508956362880
11	0	3	0	3	64348157351525627821118075115068160
11	0	3	0	2	-283212264948405306919028979032004480
11	0	3	0	1	-1279302453979499105123427833982422400
11	0	2	4	1	-34304062172196528000000000
11	0	2	3	4	14401289568855556800000000
11	0	2	3	3	1083752756854870792924800000
11	0	2	3	2	9459692398192802477529600000
11	0	2	3	1	-836510232238815828183127200000
11	0	2	2	4	156506859671369761345222080000
11	0	2	2	3	9049868091185064827341516128000
11	0	2	2	2	313980417674123606522860754016000
11	0	2	2	1	-863043342633970372831237595892000
11	0	2	1	4	-58968432427046134250520924134400
11	0	2	1	3	-3052452341754513332344340794730880
11	0	2	1	2	337039872290285366187199626739280640
11	0	2	1	1	302390731341066775524925446388624320
11	0	2	0	4	-188162090468187893732277388344907008
11	0	2	0	3	-9160383979027777536174268613031704928
11	0	2	0	2	42509738568594731832033740988611653440
11	0	2	0	1	167891390470072040998264180224677178552
11	0	1	4	3	36284022568142533440000000
11	0	1	4	2	4269527986296485274480000000
11	0	1	4	1	45040555281310851270240000000
11	0	1	3	4	-15691320963327112682832000000
11	0	1	3	3	-849558282595120888114160160000
11	0	1	3	2	-5146316441265737200777211520000
11	0	1	3	1	238706197151451981223504046040000
11	0	1	2	4	-38659135579909732507253071680000
11	0	1	2	3	-2067512539380940037821170885523200
11	0	1	2	2	-53152160223802775415472424580652800
11	0	1	2	1	97043705104389945059549070553838400
11	0	1	1	4	11206315578122437733299471577780736
11	0	1	1	3	255697067937294854150401226145841344
11	0	1	1	2	-32863829550483952237330813535842979520
11	0	1	1	1	-30387838407528910117208757841688641776
11	0	1	0	4	16114254781436975755846822512346879392
11	0	1	0	3	658651546586101273919544232476584128512
11	0	1	0	2	-3167046214898152103077202853874085071872
11	0	1	0	1	-11335340846018719810163367583002744668928
11	0	0	5	1	2257001457920884862640000000
11	0	0	4	4	-274432009834083498192000000
11	0	0	4	3	-32068211764882464424648800000
11	0	0	4	2	-1592925106251180717864014400000
11	0	0	4	1	-14219023067438741064309590100000
11	0	0	3	4	3575058504195156903221086080000
11	0	0	3	3	152709987307720368305823700896000
11	0	0	3	2	1172055602663154208805820390720000
11	0	0	3	1	-16938081933770692264421455704504000
11	0	0	2	4	2452710500189946538730425947225600
11	0	0	2	3	135748666069787003952409150472288640
11	0	0	2	2	2993410632003097682704163091686187264
11	0	0	2	1	-3554040267090661903651214032547253456
11	0	0	1	4	-694328083957102880249819020021175424
11	0	0	1	3	-8735984419272593944914568582749015264
11	0	0	1	2	1206074851485010747507656959619454896960
11	0	0	1	1	1148906935613113816858152700119783039216
11	0	0	0	4	-537019817495878567494307337268858961536
11	0	0	0	3	-18824219429126261936976027475854322008384
11	0	0	0	2	93306960671639399539875035220071887221888
11	0	0	0	1	308259873262596568030541268075288417739068
10	6	0	0	2	-1040138726649018750000000
10	6	0	0	1	147022943451563552484375000
10	5	1	0	3	-2438383392186707700000000
10	5	1	0	2	-235586173233401601525000000
10	5	1	0	1	2237576278153627829868750000
10	5	0	1	2	-3909344533696814062500000
10	5	0	1	1	-442745235090310329140625000
10	5	0	0	5	-9280557730368675000000
10	5	0	0	4	62928814169318821256250000
10	5	0	0	3	2624950216350650391163987500
10	5	0	0	2	48962843259683499931917825000
10	5	0	0	1	-1117082348334387888579653850000
10	4	3	0	1	12036463854783153750000000
10	4	2	0	4	238855447949692950000000
10	4	2	0	3	-26332781758338572055000000
10	4	2	0	2	-5830709443267400873145000000
10	4	2	0	1	-33232875919341927859248750000
10	4	1	1	3	2220849568072661625000000
10	4	1	1	2	207198744877639794375000000
10	4	1	1	1	-13537203857063673385218750000
10	4	1	0	5	175673598019611165000000
10	4	1	0	4	275835682977983836160625000
10	4	1	0	3	79396884314010001995377400000
10	4	1	0	2	4691889225622340015209735050000
10	4	1	0	1	17658291102572488443119697150000
10	4	0	2	2	1322580168238795312500000
10	4	0	2	1	144799889782139654062500000
10	4	0	1	5	7850875235206331250000
10	4	0	1	4	-27157291194731434987500000
10	4	0	1	3	1898403084284142947069250000
10	4	0	1	2	126393672473225531865258750000
10	4	0	1	1	5403044713545423198197796375000
10	4	0	0	5	240552179718220627472070000
10	4	0	0	4	-171342796655173624163675370000
10	4	0	0	3	-22517385346110936747844512022500
10	4	0	0	2	-734510494224460013072003194590000
10	4	0	0	1	-2502964217771587037126186878995000
10	3	4	0	2	-6925889930969992500000000
10	3	4	0	1	156303456009455531250000000
10	3	3	1	1	-29223513775782573750000000
10	3	3	0	4	5638903642387223145000000
10	3	3	0	3	474512413643626300245000000
10	3	3	0	2	-7470055314617098882149000000
10	3	3	0	1	-235160789563111347423261000000
10	3	2	1	4	60364365202234800000000
10	3	2	1	3	110207033818820567752500000
10	3	2	1	2	12358995714243945057577500000
10	3	2	1	1	42075021389612712109031250000
10	3	2	0	5	9530245912605265296000000
10	3	2	0	4	-9513889713701679490336800000
10	3	2	0	3	-634212348555249604216363680000
10	3	2	0	2	7371549920081494894062142800000
10	3	2	0	1	106770881308620610502219534580000
10	3	1	2	3	2523362245887047175000000
10	3	1	2	2	244478419257221201475000000
10	3	1	2	1	16616971881593071827412500000
10	3	1	1	5	451601445145614795000000
10	3	1	1	4	-2071479559970527633957500000
10	3	1	1	3	-219052613283652828632927600000
10	3	1	1	2	-8511835783066358641476301800000
10	3	1	1	1	-20780667609595142090961667950000
10	3	1	0	5	-7550178061931147336510520000
10	3	1	0	4	4332579569718753069182985858000
10	3	1	0	3	219041629733930121529554409776000
10	3	1	0	2	-1346961715133638632676849319832000
10	3	1	0	1	-17991928053551568766351134467520000
10	3	0	3	2	1606883313251320312500000
10	3	0	3	1	328651059092032864687500000
10	3	0	2	5	7967833445205337500000
10	3	0	2	4	-37965157622067972757500000
10	3	0	2	3	-5842409880101954033113875000
10	3	0	2	2	-279198557896651118181582750000
10	3	0	2	1	-5892821280050253315927076687500
10	3	0	1	5	-351302857101889227419580000
10	3	0	1	4	767239755484705644356229330000
10	3	0	1	3	51143354162866168030599235200000
10	3	0	1	2	1259275827849944766420784459275000
10	3	0	1	1	3284562928169283734682462084885000
10	3	0	0	5	1370626400230591256208327349800
10	3	0	0	4	-580043221496559145422125583665400
10	3	0	0	3	-22837976973867531554988770028718350
10	3	0	0	2	41160757470749579132001085552259400
10	3	0	0	1	939531019658988127241414062385942175
10	2	5	0	3	22114813837195800000000
10	2	5	0	2	-120068281808683032600000000
10	2	5	0	1	109645853304968045100000000
10	2	4	1	2	8893297375170795000000000
10	2	4	1	1	-262575539013527460000000000
10	2	4	0	5	3641248949964300000000
10	2	4	0	4	67367771605754909064000000
10	2	4	0	3	5861883703914670067978400000
10	2	4	0	2	142459611020591396966578800000
10	2	4	0	1	-185979582367248249616116600000
10	2	3	2	1	21092897056588087500000000
10	2	3	1	4	-9408302430595329600000000
10	2	3	1	3	-1066289298805327333122000000
10	2	3	1	2	7274748441153774584529000000
10	2	3	1	1	279263562117747945269112000000
10	2	3	0	5	-11188362929333220975600000
10	2	3	0	4	-81712930671137133946436220000
10	2	3	0	3	-5420902527515563495030763640000
10	2	3	0	2	-61476366245183086864785798240000
10	2	3	0	1	98996700167392033812901785300000
10	2	2	2	4	-289412386156047600000000
10	2	2	2	3	-72893271201467217930000000
10	2	2	2	2	-5853595421984488164405000000
10	2	2	2	1	-19168698150805948210755000000
10	2	2	1	5	-1375325210037152223000000
10	2	2	1	4	14032321462148983736160600000
10	2	2	1	3	1028780247939881064134517540000
10	2	2	1	2	-6699107440044122536077411960000
10	2	2	1	1	-97611833312340698927498611500000
10	2	2	0	5	9019071452318753483972352000
10	2	2	0	4	32245877730107745593619522552000
10	2	2	0	3	1713915701195799701881017591361200
10	2	2	0	2	12653569911032746830752949936975600
10	2	2	0	1	-21796864026419643327147703687518600
10	2	1	3	3	-1809358752066616800000000
10	2	1	3	2	-227585363523767212725000000
10	2	1	3	1	-4276776744305472147975000000
10	2	1	2	5	-76602143020434885000000
10	2	1	2	4	1180192958278236797058000000
10	2	1	2	3	93130640686124273364171300000
10	2	1	2	2	3242656746602874799837803000000
10	2	1	2	1	5519419661002499848377904950000
10	2	1	1	5	378414611136811096572600000
10	2	1	1	4	-5627148451439496158568451680000
10	2	1	1	3	-287796301308112844263304969136000
10	2	1	1	2	1113027398175394861022434374306000
10	2	1	1	1	13611019102823279421358108588782000
10	2	1	0	5	-2593062383094592573408185553200
10	2	1	0	4	-4998355869289171976150054899585320
10	2	1	0	3	-222671648683855382625006270928998840
10	2	1	0	2	-1268138630984492929223129092162646760
10	2	1	0	1	2032316780606942968807844946267801060
10	2	0	4	2	-448711352006821875000000
10	2	0	4	1	-213320965280130883125000000
10	2	0	3	5	-2261011801836600000000
10	2	0	3	4	20981016148357023480000000
10	2	0	3	3	2001156943509581905588500000
10	2	0	3	2	93194407175704627149540000000
10	2	0	3	1	937601181060938457331160250000
10	2	0	2	5	-21937528876422549273120000
10	2	0	2	4	-307227595269845239703622540000
10	2	0	2	3	-15839276700118751625726279990000
10	2	0	2	2	-387559818510137209377244270620000
10	2	0	2	1	-612164917003122410608439890425000
10	2	0	1	5	59856164476503064613678318400
10	2	0	1	4	659987993076518212809846306523200
10	2	0	1	3	25115982726084671600202414494790000
10	2	0	1	2	-26757944465495665579971151758922800
10	2	0	1	1	-599177669084961358944167271604593000
10	2	0	0	5	244375862143563945170218336316472
10	2	0	0	4	255301387879653811487794805572392360
10	2	0	0	3	10034803440630528012246074014575303840
10	2	0	0	2	49034483436670454222762441065465788936
10	2	0	0	1	-66073215723457985310213416750356640250
10	1	6	0	4	27484229362442400000000
10	1	6	0	3	8065441028443089600000000
10	1	6	0	2	13099471791637696560000000
10	1	6	0	1	-81917360993464300800000000
10	1	5	1	3	-167837994308188800000000
10	1	5	1	2	50297923176139310400000000
10	1	5	1	1	135984746193947078400000000
10	1	5	0	5	-5496845872488480000000
10	1	5	0	4	-76269832250867470951200000
10	1	5	0	3	-12132032528538566242142400000
10	1	5	0	2	-56681730007046338381725600000
10	1	5	0	1	112330462520207066618887200000
10	1	4	2	2	-2888223619699890000000000
10	1	4	2	1	33604685850208752000000000
10	1	4	1	4	-16124445276218190216000000
10	1	4	1	3	-999536599723086660711600000
10	1	4	1	2	-45259409965217726714169600000
10	1	4	1	1	-310350928639484003356197000000
10	1	4	0	5	9831129106400941301280000
10	1	4	0	4	71291721896487226462984560000
10	1	4	0	3	7280681076012683809954539576000
10	1	4	0	2	51682872409109864533517040864000
10	1	4	0	1	-60603029744491296887643382752000
10	1	3	3	1	-4657765411805760000000000
10	1	3	2	4	1759519915385779260000000
10	1	3	2	3	242928352824826590828000000
10	1	3	2	2	10775718908965118449512000000
10	1	3	2	1	45291163613852820488994000000
10	1	3	1	5	5645668735072834632000000
10	1	3	1	4	3301549144370577165970080000
10	1	3	1	3	17633167615336231469608920000
10	1	3	1	2	10645683046898323695865661520000
10	1	3	1	1	200573441044118286126542982360000
10	1	3	0	5	-7185676079413845503293104000
10	1	3	0	4	-31124582409771270450411638515200
10	1	3	0	3	-2299860879197116908875152899888000
10	1	3	0	2	-19232547238237600414296977210193600
10	1	3	0	1	17254557107722002490835499290530800
10	1	2	3	4	79736276414687400000000
10	1	2	3	3	7053276437757166950000000
10	1	2	3	2	-555349762071851926320000000
10	1	2	3	1	10345449821518754502705000000
10	1	2	2	5	-541479587270115708000000
10	1	2	2	4	-2036878436141453296026000000
10	1	2	2	3	-192398264488959989292303300000
10	1	2	2	2	-8669345110265813950605913560000
10	1	2	2	1	-54434375344925855026017839910000
10	1	2	1	5	-5515065660060217665213408000
10	1	2	1	4	4840480842688606048749450072000
10	1	2	1	3	301643232024344730849532898949600
10	1	2	1	2	84872818623727198027845620380800
10	1	2	1	1	-52879916249837421971017644154594800
10	1	2	0	5	2686232017034933279799707271360
10	1	2	0	4	6897477482861866619743999434238560
10	1	2	0	3	402012296549169348308521319608960152
10	1	2	0	2	3435381000298636980807742389912511440
10	1	2	0	1	-2762176002320357962042046100743736612
10	1	1	4	3	269134080316437600000000
10	1	1	4	2	41458880365697882700000000
10	1	1	4	1	-1436927818826128938300000000
10	1	1	3	5	-15947255282937480000000
10	1	1	3	4	103002134610593898036000000
10	1	1	3	3	16702143610482775806732000000
10	1	1	3	2	952319749275328630148967600000
10	1	1	3	1	-1561908521782492844652522900000
10	1	1	2	5	750763236427352646191280000
10	1	1	2	4	140555867242017275524688904000
10	1	1	2	3	27076772554083106964264852136000
10	1	1	2	2	2062163418897056837920934961744000
10	1	1	2	1	14068492133607947339476871346702000
10	1	1	1	5	1380105025021236361058077377600
10	1	1	1	4	-1688946346383963109831869009094080
10	1	1	1	3	-80264022476476648736565467289522720
10	1	1	1	2	-252051513302917153370527330282297920
10	1	1	1	1	6068323073760977213931507600394638720
10	1	1	0	5	-465959406335666271394205159703648
10	1	1	0	4	-744911535358787649215484100176566928
10	1	1	0	3	-36391067949060397530683426439364180392
10	1	1	0	2	-293475399648800097412813687222775707584
10	1	1	0	1	232879854004833688764461880077667164112
10	1	0	5	1	32466137463843036750000000
10	1	0	4	4	-2427384829274782380000000
10	1	0	4	3	175406965335641926291500000
10	1	0	4	2	16625606139105772956345000000
10	1	0	4	1	939339453297475612731332250000
10	1	0	3	5	30902006636124509736000000
10	1	0	3	4	-98491463152461218776512960000
10	1	0	3	3	-7756663473565601889280842000000
10	1	0	3	2	-228659859323716300616065115520000
10	1	0	3	1	-469030213354010740410737259180000
10	1	0	2	5	-202999975143300152346696264000
10	1	0	2	4	87082916995609526343366629323200
10	1	0	2	3	1124606025282433327562314533718800
10	1	0	2	2	-135357654372030380434745871781797600
10	1	0	2	1	-990086272056467848061421832186063200
10	1	0	1	5	-76629428204556478873856659922880
10	1	0	1	4	136775585428658706989413123571978496
10	1	0	1	3	5565323168535682585267853585113401696
10	1	0	1	2	18620191118161829715490068185380213440
10	1	0	1	1	-252350193273659171574265479509002218888
10	1	0	0	5	27724700373419152061407702821320640
10	1	0	0	4	30950215210065907054440617663542536144
10	1	0	0	3	1319707889261494301391212025032166392292
10	1	0	0	2	9632323020945514787338114441471094472024
10	1	0	0	1	-7965947880218498169849527493707606356338
10	0	7	0	4	-41490316868048640000000
10	0	7	0	3	-13659470911149970176000000
10	0	7	0	2	155943483798258413568000000
10	0	7	0	1	99109268894651756544000000
10	0	6	1	3	1326183435667802880000000
10	0	6	1	2	-153815215198896910080000000
10	0	6	1	1	334786704245799782400000000
10	0	6	0	4	125333081963224860556800000
10	0	6	0	3	25451399152176362826422400000
10	0	6	0	2	-307465197877643002537363200000
10	0	6	0	1	-217801019003628256680398400000
10	0	5	2	2	15043368018226636800000000
10	0	5	2	1	-244727485340399424000000000
10	0	5	1	4	62862894463662726105600000
10	0	5	1	3	2679675035957969722156800000
10	0	5	1	2	281307498203483757325440000000
10	0	5	1	1	-569973635140933850607504000000
10	0	5	0	4	-131364979176530959324373376000
10	0	5	0	3	-17625664277382964583070772992000
10	0	5	0	2	226531773611727732670589218944000
10	0	5	0	1	172602325866934410517200779136000
10	0	4	3	1	25455008771162496000000000
10	0	4	2	4	-15240863112266306304000000
10	0	4	2	3	-1512291257263877374800000000
10	0	4	2	2	-22662577437218897170003200000
10	0	4	2	1	423038736499824642458116800000
10	0	4	1	4	-88423086688748673474193920000
10	0	4	1	3	-4446008789627462981974011072000
10	0	4	1	2	-186536818425533801097337789824000
10	0	4	1	1	339869037130604518895041870368000
10	0	4	0	4	65144333875045701707730515404800
10	0	4	0	3	6080435998633523941705261415445120
10	0	4	0	2	-83718822820369005983476026881049600
10	0	4	0	1	-67371447910525909867510249009000320
10	0	3	3	4	545024695902981120000000
10	0	3	3	3	63701783640910541952000000
10	0	3	3	2	-5372212344737473499328000000
10	0	3	3	1	-55733134941799893422208000000
10	0	3	2	4	26790986379059565900393600000
10	0	3	2	3	1865481186711524386960488960000
10	0	3	2	2	14654808646850975730942948480000
10	0	3	2	1	-240997306878163914313446083520000
10	0	3	1	4	42717242666094192807289195449600
10	0	3	1	3	2113659951456311204327009720352000
10	0	3	1	2	59226405642404245378717602611328000
10	0	3	1	1	-94743761139333203515067377049990400
10	0	3	0	4	-17095246528278385461061618590680064
10	0	3	0	3	-1152296451152909063922269406019776768
10	0	3	0	2	17144397973581092583486413038123920768
10	0	3	0	1	14386892852821733418324303717533236224
10	0	2	4	3	1978610620326382080000000
10	0	2	4	2	506944691192953301760000000
10	0	2	4	1	-2467477381657359828960000000
10	0	2	3	4	-1060397303767630440134400000
10	0	2	3	3	-71548766164595395076224320000
10	0	2	3	2	4372240300164050040715368960000
10	0	2	3	1	35454007699368920357185334880000
10	0	2	2	4	-13636458115067804691645279072000
10	0	2	2	3	-742500240464227962557324743214400
10	0	2	2	2	-4656494304086706812493399964924800
10	0	2	2	1	58674362842457463202530216481893600
10	0	2	1	4	-9147462029117270577043257823776000
10	0	2	1	3	-444516324497998558847524586940153984
10	0	2	1	2	-9693105194389505007974249726194387968
10	0	2	1	1	13393612626350791877670770600722888896
10	0	2	0	4	2430079327888789521516458031268227648
10	0	2	0	3	121543430601890028155055038813654288784
10	0	2	0	2	-1976428873810925708376382372636076582496
10	0	2	0	1	-1710819308575275393747698045303138032680
10	0	1	5	1	491252310174866774400000000
10	0	1	4	4	-93071879648455874544000000
10	0	1	4	3	-8809912636491201290092800000
10	0	1	4	2	-469961838769172973660633600000
10	0	1	4	1	401051319539154872243731200000
10	0	1	3	4	689408298193126005777432960000
10	0	1	3	3	29180754706381375489647149232000
10	0	1	3	2	-952588857750825962519052597216000
10	0	1	3	1	-7902054435066934738865401711368000
10	0	1	2	4	2548100591768081107721467054195200
10	0	1	2	3	117122866144471301564976752163116160
10	0	1	2	2	677048018455393081155810656409715200
10	0	1	2	1	-6261043330160616816869245442140383360
10	0	1	1	4	887825765404540942908951247947425664
10	0	1	1	3	43124669726837018554889244777809761056
10	0	1	1	2	786838987164009616671953178867703161600
10	0	1	1	1	-931589344508047649466430946689834346160
10	0	1	0	4	-176069264276351525861412387386851945248
10	0	1	0	3	-6656185157736278118871197873320266151424
10	0	1	0	2	120142817427262477344454466045278487989632
10	0	1	0	1	106250827059824495400398561884503505612704
10	0	0	5	3	-90411084668753062761600000
10	0	0	5	2	-6904027339198961322758400000
10	0	0	5	1	-259645916524359909108340800000
10	0	0	4	4	40793697945374230744588800000
10	0	0	4	3	2752290039473152827671261880000
10	0	0	4	2	90464234503180678894004762160000
10	0	0	4	1	175015454155158568636080646380000
10	0	0	3	4	-118425388417210227049741148544000
10	0	0	3	3	-3824742640825869109316730423388800
10	0	0	3	2	53334035077682837218202131938451200
10	0	0	3	1	516686400268219358647977936741624000
10	0	0	2	4	-151123763815332938778548304706544640
10	0	0	2	3	-6256255818917934446485713868439860320
10	0	0	2	2	-34917902487084319578938007436721664960
10	0	0	2	1	241547909739315176502656881724568216816
10	0	0	1	4	-31954364850484020016411753111263785088
10	0	0	1	3	-1575770803509616301227803530619445854912
10	0	0	1	2	-25044769561377197614649611608847124293248
10	0	0	1	1	25343024645206181469510939529514737167408
10	0	0	0	4	5076607154729291056093833488607174885888
10	0	0	0	3	146369662868170867623456700156212928799928
10	0	0	0	2	-2996748529088097326391031622363146058754384
10	0	0	0	1	-2684857554738483826356788933554729262176644
9	6	1	0	1	14588721941783371875000000
9	6	0	0	4	169255100972853000000000
9	6	0	0	3	-15458759066174621715000000
9	6	0	0	2	-1168419548375141326897500000
9	6	0	0	1	-10238793330126501419850000000
9	5	2	0	2	-14009422001470022250000000
9	5	2	0	1	328969698663106643062500000
9	5	1	1	1	-51334001892825418125000000
9	5	1	0	4	10102374060918455362500000
9	5	1	0	3	460036539024158326387500000
9	5	1	0	2	-5933645872842980332831500000
9	5	1	0	1	-418466137272930310519512000000
9	5	0	1	4	426981351103501500000000
9	5	0	1	3	58223934390330886837500000
9	5	0	1	2	2873558442068263720631250000
9	5	0	1	1	6553754267145793820111250000
9	5	0	0	5	6854426685206008663500000
9	5	0	0	4	-5979770044739565664181400000
9	5	0	0	3	-81524678306893226264546707500
9	5	0	0	2	4872179276235178427058504615000
9	5	0	0	1	85206766195211868501806235960000
9	4	3	0	3	-369705467602197900000000
9	4	3	0	2	-454604447696679740025000000
9	4	3	0	1	261856380963639033000000000
9	4	2	1	2	14906958004453338000000000
9	4	2	1	1	-1433547559355263310812500000
9	4	2	0	5	12997686211607700000000
9	4	2	0	4	76311102399217116993000000
9	4	2	0	3	10363682744118854281042200000
9	4	2	0	2	699936363938033142758310600000
9	4	2	0	1	19640290917646202538499650000
9	4	1	2	1	18292526216311601250000000
9	4	1	1	4	-5481283349103965662500000
9	4	1	1	3	821645161956640001002500000
9	4	1	1	2	75272916092642778224227500000
9	4	1	1	1	1557892873180278018193072500000
9	4	1	0	5	105757673499943465926600000
9	4	1	0	4	-87985486651804661559546405000
9	4	1	0	3	-7994696601270775991720428620000
9	4	1	0	2	-250787558486518819348383722070000
9	4	1	0	1	-128051163472008395800739382480000
9	4	0	2	4	-35707432637224125000000
9	4	0	2	3	-5562411312870365090625000
9	4	0	2	2	-417958611069834271856250000
9	4	0	2	1	49510535121710594627512500000
9	4	0	1	5	2315323981186985934000000
9	4	0	1	4	-1443581910704748297903300000
9	4	0	1	3	-546787465377865441203298500000
9	4	0	1	2	-24188277458546188474349214900000
9	4	0	1	1	-300584049699414833991553571325000
9	4	0	0	5	-38351384739674135945033211000
9	4	0	0	4	17508433559094885500640699498000
9	4	0	0	3	1241470807689636268246302049874250
9	4	0	0	2	25479093417164853217858739282854500
9	4	0	0	1	25742942171008100451119034258835500
9	3	5	0	1	3847980397099590000000000
9	3	4	0	4	124525623383553600000000
9	3	4	0	3	14993404191517170870000000
9	3	4	0	2	-2929999312432933812900000000
9	3	4	0	1	-10325355315760682639910000000
9	3	3	1	3	3210707036684676600000000
9	3	3	1	2	845640461017648722150000000
9	3	3	1	1	-3576807754246289477250000000
9	3	3	0	5	580595209906465080000000
9	3	3	0	4	-215821511665490578575600000
9	3	3	0	3	-26746224748957731942108000000
9	3	3	0	2	3310661166272416291731816600000
9	3	3	0	1	8158048635638022495117535800000
9	3	2	2	2	14113944013772128500000000
9	3	2	2	1	1504439793252600745500000000
9	3	2	1	5	19089970256254950000000
9	3	2	1	4	-274463223377808725343000000
9	3	2	1	3	-29537627964087523106836800000
9	3	2	1	2	-1074592988155084029997357800000
9	3	2	1	1	2929900243254820393926507750000
9	3	2	0	5	-803729481701438585464200000
9	3	2	0	4	188768618143912375398528120000
9	3	2	0	3	13147653438879034769850526632000
9	3	2	0	2	-1193627298151367736448911404832000
9	3	2	0	1	-2659141639098304474398689618379000
9	3	1	3	1	36157771935506565000000000
9	3	1	2	4	-5281450340790430350000000
9	3	1	2	3	-1424973550221768198685500000
9	3	1	2	2	-96257502323649861373813500000
9	3	1	2	1	-1389586139978676752257353000000
9	3	1	1	5	-70391496237341403373200000
9	3	1	1	4	249441087222600192359250300000
9	3	1	1	3	17518148617420394800444832400000
9	3	1	1	2	360412193037573060703287950880000
9	3	1	1	1	-558698679080476889277656147670000
9	3	1	0	5	331639276438583731674188028000
9	3	1	0	4	-72522847827264250715300198503200
9	3	1	0	3	-2975651518810383936472027790251800
9	3	1	0	2	166707307477001481621406746725784600
9	3	1	0	1	371499080494876811288285117271082200
9	3	0	3	4	-95963328711883125000000
9	3	0	3	3	-25434022004002920037500000
9	3	0	3	2	-1416362723330652360450000000
9	3	0	3	1	-57706594903141790020650000000
9	3	0	2	5	-2759731674585807033000000
9	3	0	2	4	6418699120342087290721800000
9	3	0	2	3	627231741007428537574203000000
9	3	0	2	2	25042202357153485518037859400000
9	3	0	2	1	252374421511881801867987465637500
9	3	0	1	5	21351741524639450158820184000
9	3	0	1	4	-46198980232106062718460416400000
9	3	0	1	3	-2387566188286074757728848031183000
9	3	0	1	2	-36177296842936886432651896113594000
9	3	0	1	1	13687352097142635793130417318790000
9	3	0	0	5	-42570474973116632054858280367440
9	3	0	0	4	9176001648948924307885343626196040
9	3	0	0	3	268528399778175546266505102588780060
9	3	0	0	2	-7594374524266715054117282872460094960
9	3	0	0	1	-17767026198477110486396028904595269965
9	2	6	0	2	-2671476578082972000000000
9	2	6	0	1	5796253724479416000000000
9	2	5	1	1	-7459696283187420000000000
9	2	5	0	4	3775894988316985440000000
9	2	5	0	3	528268890408220369152000000
9	2	5	0	2	2507316560169025077180000000
9	2	5	0	1	-14297730326996763372336000000
9	2	4	1	4	-225167470977137400000000
9	2	4	1	3	-45640348502632432560000000
9	2	4	1	2	2889309747570424195320000000
9	2	4	1	1	10719684982546932655710000000
9	2	4	0	5	-183262236063461496000000
9	2	4	0	4	-7144207301510396428248000000
9	2	4	0	3	-681396466260358602391066560000
9	2	4	0	2	-262552443567434646127035120000
9	2	4	0	1	11331539294557839832673322840000
9	2	3	2	3	-3221492306537784600000000
9	2	3	2	2	-414699912674941126500000000
9	2	3	2	1	1512533771362413996300000000
9	2	3	1	5	-124453865360581020000000
9	2	3	1	4	470277315901643721814800000
9	2	3	1	3	66100292818223479529814000000
9	2	3	1	2	-2788559424648217930553172000000
9	2	3	1	1	-4593333994307718863898360600000
9	2	3	0	5	409955678774495192703600000
9	2	3	0	4	4485387229783852771086544476000
9	2	3	0	3	313940795101544896359507445824000
9	2	3	0	2	-225336030427215203330189138904000
9	2	3	0	1	-4036454035975511514123560927964000
9	2	2	3	2	-14534998606234908000000000
9	2	2	3	1	-411812216314199147250000000
9	2	2	2	5	-6121747372835700000000
9	2	2	2	4	146778683977239705306000000
9	2	2	2	3	14857957316972096771625900000
9	2	2	2	2	427597102587611803121440200000
9	2	2	2	1	-993088888558531108572517200000
9	2	2	1	5	130306941088422705797040000
9	2	2	1	4	-369009687596816756611606680000
9	2	2	1	3	-30262699623203622538740323388000
9	2	2	1	2	874153376942513877119028122208000
9	2	2	1	1	869349749558300683998614301276000
9	2	2	0	5	-257740075566054017153305020000
9	2	2	0	4	-1230752666483392810910389503112800
9	2	2	0	3	-66557885902747980935804535248067240
9	2	2	0	2	60933920204601679226080895903366640
9	2	2	0	1	706703294379097187403030131442932880
9	2	1	4	1	-23411299428434970000000000
9	2	1	3	4	4493102438174064750000000
9	2	1	3	3	432386823961500932043000000
9	2	1	3	2	25016824988912519056656000000
9	2	1	3	1	197300857342094527922838000000
9	2	1	2	5	-6995976240059736476400000
9	2	1	2	4	-101633678787038110421126400000
9	2	1	2	3	-6298493804578440124513322040000
9	2	1	2	2	-114199910468935908740620788960000
9	2	1	2	1	179292186434717505054049677930000
9	2	1	1	5	-20166216773555130266405520000
9	2	1	1	4	113668243755033435781769504704800
9	2	1	1	3	5800083093935977596200911798131600
9	2	1	1	2	-106281307760236951045340245311554400
9	2	1	1	1	-83742260029499991587902871770249200
9	2	1	0	5	60564725201118922359784250774400
9	2	1	0	4	151248553630744714012682139736572408
9	2	1	0	3	6606219336506123665885432673738641488
9	2	1	0	2	-4820128523559165174059039552913353760
9	2	1	0	1	-58619721700205559608495140066806474300
9	2	0	4	4	18571872836315250000000
9	2	0	4	3	10618592582243342137500000
9	2	0	4	2	651209590611522630675000000
9	2	0	4	1	11849018705035076645550000000
9	2	0	3	5	55093722616752192000000
9	2	0	3	4	-1885040952516319585201200000
9	2	0	3	3	-87044466821074408618597800000
9	2	0	3	2	-3286495000214841149084601000000
9	2	0	3	1	-8927466423542119868858161650000
9	2	0	2	5	6022589869503286656777936000
9	2	0	2	4	14151687530674037641241183892000
9	2	0	2	3	616593113000647655845175331426000
9	2	0	2	2	8967260562777136099545793669800000
9	2	0	2	1	-6526509157162063647992167510095000
9	2	0	1	5	-2006125907155018169804569473120
9	2	0	1	4	-11587004846368237047762572607191520
9	2	0	1	3	-409574222857686920566037458456717200
9	2	0	1	2	4065052361129884767588644487593692080
9	2	0	1	1	2927713655750483424320225602440003180
9	2	0	0	5	-4835340831364933714347369479303448
9	2	0	0	4	-6695227630377248799841013522950686648
9	2	0	0	3	-247175580709290828211711319748046758048
9	2	0	0	2	96306554226511247136059867667972655104
9	2	0	0	1	1830246392055345925246862125245473430306
9	1	7	0	3	164905376174654400000000
9	1	7	0	2	-512808355423872000000000
9	1	7	0	1	-3455632074447705600000000
9	1	6	1	2	1607770234438704000000000
9	1	6	1	1	100047467079360000000000
9	1	6	0	4	-753352573503694608000000
9	1	6	0	3	-358937465431339249099200000
9	1	6	0	2	-288483373577103276038400000
9	1	6	0	1	12675003107099314415356800000
9	1	5	2	1	2547026269242480000000000
9	1	5	1	4	-1563164684915425920000000
9	1	5	1	3	-179500768862103983520000000
9	1	5	1	2	-3980482930750813092648000000
9	1	5	1	1	-11872541765998469339136000000
9	1	5	0	5	-434369329965383587200000
9	1	5	0	4	2235243641006313599230080000
9	1	5	0	3	350774218729289576817678240000
9	1	5	0	2	1195126868590081636152028320000
9	1	5	0	1	-13177646016844147241450643360000
9	1	4	2	4	77380114140752400000000
9	1	4	2	3	13761199939152907080000000
9	1	4	2	2	476830792915717844880000000
9	1	4	2	1	-3796900748603891978400000000
9	1	4	1	5	402164485463230848000000
9	1	4	1	4	1396403273710450986760800000
9	1	4	1	3	110229350752074655220186880000
9	1	4	1	2	3599662955799539323207549440000
9	1	4	1	1	16722377941702414687733394360000
9	1	4	0	5	777180637595844612202176000
9	1	4	0	4	-2101188762698441669751951216000
9	1	4	0	3	-192574428701819922052741677326400
9	1	4	0	2	-736566737414678255945612155161600
9	1	4	0	1	6225639866735330374625050751728800
9	1	3	3	3	728381512959120000000000
9	1	3	3	2	10599621757239555000000000
9	1	3	3	1	1456795277187402484800000000
9	1	3	2	5	-15476022828150480000000
9	1	3	2	4	-334594396742929275132000000
9	1	3	2	3	-32190515630535646910462400000
9	1	3	2	2	-1217624946617896632452091600000
9	1	3	2	1	436153098271956170009374800000
9	1	3	1	5	-728409591427355735421600000
9	1	3	1	4	71107745468165652914297280000
9	1	3	1	3	4677910815599638954496119944000
9	1	3	1	2	-1512789573218192893749757577328000
9	1	3	1	1	-8045288014994932150325436846552000
9	1	3	0	5	-433070754847166134608628809600
9	1	3	0	4	888110698477568199474552022906560
9	1	3	0	3	59405621043922664851936996022236320
9	1	3	0	2	191367039777472012728827884411441440
9	1	3	0	1	-1553089736081879266150596164157738720
9	1	2	4	2	2743471874581704000000000
9	1	2	4	1	-60679507252537206000000000
9	1	2	3	4	9712868131340998236000000
9	1	2	3	3	828633248533009113573600000
9	1	2	3	2	41635030848112936924221600000
9	1	2	3	1	-1659550270687077166244721000000
9	1	2	2	5	37998317068606858511520000
9	1	2	2	4	222888315568744506657679200000
9	1	2	2	3	16926043007379669057748685736000
9	1	2	2	2	664659116320364148942501411168000
9	1	2	2	1	641788444771962208092428089842000
9	1	2	1	5	392633098890224278932018547200
9	1	2	1	4	-264834078140040364634878152633600
9	1	2	1	3	-12683007871098404284961494217648640
9	1	2	1	2	314840899715266474278368603948959680
9	1	2	1	1	1726652964912145062624992245179010320
9	1	2	0	5	98405376056706685273449764237568
9	1	2	0	4	-185914476650192019047132615207754912
9	1	2	0	3	-9989418076869222265516212397690277568
9	1	2	0	2	-24312619323641663540953569359878334400
9	1	2	0	1	212164880072689503245237707272119118156
9	1	1	5	1	3527540749464660000000000
9	1	1	4	4	-725275222829711100000000
9	1	1	4	3	42838722854293869324000000
9	1	1	4	2	7184259025237481119578000000
9	1	1	4	1	165755321312801082345324000000
9	1	1	3	5	5384906096867764552800000
9	1	1	3	4	-26953483642176803551925760000
9	1	1	3	3	-1906855625718586722279598920000
9	1	1	3	2	-41175389484262312782795693360000
9	1	1	3	1	433446837109922698811415332100000
9	1	1	2	5	-29659857645991973340684816000
9	1	1	2	4	-37529140950478755133381121169600
9	1	1	2	3	-2946086132934422455418567279959200
9	1	1	2	2	-124932971265724699522609727991369600
9	1	1	2	1	-185656747645754313657679607725944000
9	1	1	1	5	-76765894158792000650328885381120
9	1	1	1	4	61200543538109325784129719700314816
9	1	1	1	3	2406393421366632926830955900593460352
9	1	1	1	2	-31333323054167082025868369971434623904
9	1	1	1	1	-170081445888506177847623603248771412520
9	1	1	0	5	-9292184147176805787106251774610368
9	1	1	0	4	18736765641340412806554961053725202672
9	1	1	0	3	848676750286118076137932737225424248456
9	1	1	0	2	1473561058781464417776327309782169735168
9	1	1	0	1	-15005786481231204058437079147892390603424
9	1	0	5	3	-1179900155943277920000000
9	1	0	5	2	-74601944563464514080000000
9	1	0	5	1	3983959028927242003500000000
9	1	0	4	5	92411170762335660000000
9	1	0	4	4	-310260841332392203621200000
9	1	0	4	3	-67772128092318989675663400000
9	1	0	4	2	-3575118563367290326966269600000
9	1	0	4	1	-52014087438371066147200891650000
9	1	0	3	5	-2714553773002017302860800000
9	1	0	3	4	7798605396016700708764327296000
9	1	0	3	3	420264798102694682784073826136000
9	1	0	3	2	7082543558481432541732744131744000
9	1	0	3	1	-24424655126114955027476260689516000
9	1	0	2	5	5990146065675708780151628107200
9	1	0	2	4	527488111763500021077057309394560
9	1	0	2	3	141460343239195045349073552141343440
9	1	0	2	2	7414945427834570304173333358808083360
9	1	0	2	1	12905395592039567175017756985945617880
9	1	0	1	5	4523764190617927643583371054444928
9	1	0	1	4	-3961125736224765376822955571933902592
9	1	0	1	3	-132599427876357719800434058315926527472
9	1	0	1	2	1188627154685118350639686668854876822784
9	1	0	1	1	6273311422310277745706314309482702280560
9	1	0	0	5	298348596285891998579950646130762240
9	1	0	0	4	-723089562017527437197793740621064248544
9	1	0	0	3	-28409974616232133729116599834079212826072
9	1	0	0	2	-33370514009521933791630633448909330190736
9	1	0	0	1	429578640484941115932005512983917364007518
9	0	8	0	3	-248941901208291840000000
9	0	8	0	2	4547454173845125120000000
9	0	8	0	1	-5306285573519523840000000
9	0	7	1	2	-2855391902811878400000000
9	0	7	1	1	13902149716944537600000000
9	0	7	0	4	-1469076773945704704000000
9	0	7	0	3	495231324004513112140800000
9	0	7	0	2	-13163510745047184691622400000
9	0	7	0	1	13174432796393768768716800000
9	0	6	2	1	-4935427093468800000000000
9	0	6	1	4	4442824309619328768000000
9	0	6	1	3	548046409169945610777600000
9	0	6	1	2	6381597508867605642163200000
9	0	6	1	1	-43104332449564711235942400000
9	0	6	0	4	3033567088558656429657600000
9	0	6	0	3	-306586038879174876086059776000
9	0	6	0	2	13432037817106978135079643648000
9	0	6	0	1	-11752629974346625689373707456000
9	0	5	2	4	-423237234265297920000000
9	0	5	2	3	-93040125723761589504000000
9	0	5	2	2	2008143130170966911424000000
9	0	5	2	1	15111023782522881104640000000
9	0	5	1	4	-10308500301303619323379200000
9	0	5	1	3	-898614875989476427550976000000
9	0	5	1	2	-5411479236507024093585411840000
9	0	5	1	1	42100058679065554591678746240000
9	0	5	0	4	-2352064974222947892615900518400
9	0	5	0	3	59113798993310772388232888064000
9	0	5	0	2	-6773507897599883550530360090880000
9	0	5	0	1	5222311018440596983426479916377600
9	0	4	3	3	1806144208904171520000000
9	0	4	3	2	-530673803546883747840000000
9	0	4	3	1	935660401733983011840000000
9	0	4	2	4	1533176493318752098982400000
9	0	4	2	3	174985470501845804243412480000
9	0	4	2	2	-2676447563028844956269529600000
9	0	4	2	1	-15154787279251625675271583680000
9	0	4	1	4	7987016092357697970309516288000
9	0	4	1	3	543317621746113057025724805158400
9	0	4	1	2	2331950788119254768285203840665600
9	0	4	1	1	-18863637383257748125561157347180800
9	0	4	0	4	920261955651495671102886552683520
9	0	4	0	3	9983184459696695035050102432038016
9	0	4	0	2	1920307110449469505186840682014729728
9	0	4	0	1	-1305887617095605534686819955924947968
9	0	3	4	2	19930996767361075200000000
9	0	3	4	1	-550087812748972108800000000
9	0	3	3	4	60868506682101490905600000
9	0	3	3	3	1848508979925612202099200000
9	0	3	3	2	812562917389078397600851200000
9	0	3	3	1	-426779643567261897933235200000
9	0	3	2	4	-1456728096642003404158157568000
9	0	3	2	3	-107011619096903887960383710400000
9	0	3	2	2	1222748359328945215311584253408000
9	0	3	2	1	6584431668710204038600484595648000
9	0	3	1	4	-2831511275574067404367095000591360
9	0	3	1	3	-159755146685152416031526155381881600
9	0	3	1	2	-560991912299780244959780096271575040
9	0	3	1	1	4426272086977008981256857886750913280
9	0	3	0	4	-200909987129615127310824619018725504
9	0	3	0	3	-6153554154047252389274487401331670656
9	0	3	0	2	-321149207876727060004505689430341225920
9	0	3	0	1	192317895035429354812778540818746122496
9	0	2	5	1	26729144571820032000000000
9	0	2	4	4	-10505005605722327040000000
9	0	2	4	3	-984697183909146949689600000
9	0	2	4	2	-35358186616869094829107200000
9	0	2	4	1	593025989664363083705606400000
9	0	2	3	4	-30579257098893979296984960000
9	0	2	3	3	-1520233528457892036499105536000
9	0	2	3	2	-368067231255092781254968481472000
9	0	2	3	1	-121141805629226344060240346976000
9	0	2	2	4	531742823414468248799419760390400
9	0	2	2	3	28471312899861946211269699257121920
9	0	2	2	2	-246471598494353245054860375336495360
9	0	2	2	1	-1361501882760211218673909409641488480
9	0	2	1	4	503084355561994742631968738908651776
9	0	2	1	3	24557306676193182916215100661434005888
9	0	2	1	2	75933320343289459382723901935646911616
9	0	2	1	1	-562041366845286900652944962723468603424
9	0	2	0	4	24902723871010770026601515002227000000
9	0	2	0	3	1046166234186057285749732252406277574976
9	0	2	0	2	31449645268980180445198861508051775365184
9	0	2	0	1	-16562544767947794961793832205327794978984
9	0	1	5	3	-19555412675980709376000000
9	0	1	5	2	-2455476488363226861504000000
9	0	1	5	1	-43389502090610814850752000000
9	0	1	4	4	12428484911253420062832000000
9	0	1	4	3	804717506761504450912264320000
9	0	1	4	2	18530599584502041794539273440000
9	0	1	4	1	-152820818165732136859946378880000
9	0	1	3	4	-2662398947755927596585320640000
9	0	1	3	3	170636591465093019303515813990400
9	0	1	3	2	62163691797182070665156067399052800
9	0	1	3	1	61631552010287870241423037964654400
9	0	1	2	4	-80456084749040410217913037124590080
9	0	1	2	3	-3415256712844750265282714899305636480
9	0	1	2	2	22376153056856768017390815162542282880
9	0	1	2	1	130983209881595373323845395182205537120
9	0	1	1	4	-43526265497717261809944852893425438080
9	0	1	1	3	-1895553024657890269590656217405809059968
9	0	1	1	2	-5377603577264060907079962396327883023936
9	0	1	1	1	36574129695602695976226312988611581876880
9	0	1	0	4	-1643877449658712460999207763870128165088
9	0	1	0	3	-79377091228079920890659495886107765573952
9	0	1	0	2	-1667998316796912279515500927252990412236704
9	0	1	0	1	772971945832010989573035780495320734199472
9	0	0	6	1	-1080281059903188747360000000
9	0	0	5	4	104968515216355413350400000
9	0	0	5	3	15299839138121698831280640000
9	0	0	5	2	893251354461116076064926720000
9	0	0	5	1	12390967209324732700651217280000
9	0	0	4	4	-2735461270595267968792309920000
9	0	0	4	3	-138856786626792279549451690800000
9	0	0	4	2	-2634742159638058826730845597952000
9	0	0	4	1	8249420094176346791228788633668000
9	0	0	3	4	1477164560742435300797684627596800
9	0	0	3	3	12453183718809448094341938226748160
9	0	0	3	2	-3381177370271797874329086619816704000
9	0	0	3	1	-4937871642678559289545611076854308160
9	0	0	2	4	4187440694575571483014181485104306816
9	0	0	2	3	150247605415526591852805770520783266112
9	0	0	2	2	-746592811966294511107911134761251618048
9	0	0	2	1	-4712637950576047156330524354254378217072
9	0	0	1	4	1459236333387174979747645938328932291840
9	0	0	1	3	57962383959530946416065123465297152071136
9	0	0	1	2	154369771815524194756637612398171213254720
9	0	0	1	1	-956370457396748532706744620741904419972912
9	0	0	0	4	44989301971221113475020500019705255290848
9	0	0	0	3	2301325806031365424862997950563892344655664
9	0	0	0	2	36995653996835752215078441089984107762864320
9	0	0	0	1	-15138955765992723581506987616590028786015484
8	7	0	0	2	-4117432315750312500000000
8	7	0	0	1	109753188978929025656250000
8	6	1	0	3	-1119517209480434400000000
8	6	1	0	2	-286240534520502912637500000
8	6	1	0	1	-359941842685887909412500000
8	6	0	1	2	-581612587733193750000000
8	6	0	1	1	-521114312614152829218750000
8	6	0	0	5	12073978910709450000000
8	6	0	0	4	45908474236395951825000000
8	6	0	0	3	3540819784808617852099500000
8	6	0	0	2	115029701483656250161739700000
8	6	0	0	1	-33836470865631806741390925000
8	5	3	0	1	11534038723599930000000000
8	5	2	0	4	433710961223578200000000
8	5	2	0	3	30103270610651088435000000
8	5	2	0	2	-3666503330059629256875000000
8	5	2	0	1	-44029369446675706302412500000
8	5	1	1	3	7530836021801604900000000
8	5	1	1	2	632744587996901717175000000
8	5	1	1	1	-6197989120388247245062500000
8	5	1	0	5	1182396585383635140000000
8	5	1	0	4	-710042885588983305852900000
8	5	1	0	3	1043782645648999973485500000
8	5	1	0	2	3483844387613351169155658900000
8	5	1	0	1	23244810654756944915082792450000
8	5	0	2	2	6231944893520151562500000
8	5	0	2	1	630606296637881654062500000
8	5	0	1	5	36808617264133275000000
8	5	0	1	4	-94451466109618254262500000
8	5	0	1	3	-5316109703372703512835900000
8	5	0	1	2	-159772423857212068290336150000
8	5	0	1	1	2743116694945385698098021375000
8	5	0	0	5	-396557258679037083704580000
8	5	0	0	4	207898829772053697140123250000
8	5	0	0	3	-5201968322579108647057590343500
8	5	0	0	2	-559946824428662989696810311822000
8	5	0	0	1	-3019672781000727584214622396693500
8	4	4	0	2	-11882849661507168000000000
8	4	4	0	1	101415287077964842500000000
8	4	3	1	1	-41465325340854472500000000
8	4	3	0	4	6344878561722653400000000
8	4	3	0	3	694031981602922980326000000
8	4	3	0	2	35279358922933112062053000000
8	4	3	0	1	-177968924420470884448596000000
8	4	2	1	4	-499730163234650100000000
8	4	2	1	3	72558543058744028400000000
8	4	2	1	2	14126715828228083073930000000
8	4	2	1	1	126165212759587094433472500000
8	4	2	0	5	14743881458233529328000000
8	4	2	0	4	-14013743929198630111726200000
8	4	2	0	3	-1166910295063822360332354720000
8	4	2	0	2	-22289990176737899896936477680000
8	4	2	0	1	82222915599336457583930575890000
8	4	1	2	3	-821241961918065450000000
8	4	1	2	2	-115029320073084879525000000
8	4	1	2	1	17929462988756973638475000000
8	4	1	1	5	461119085705161440000000
8	4	1	1	4	-863503023508087477171500000
8	4	1	1	3	-189510556877586145154425500000
8	4	1	1	2	-10385482809914787625947611100000
8	4	1	1	1	-64290057190138897262454065850000
8	4	1	0	5	-12625482744098872852728960000
8	4	1	0	4	6583569034250002310286290019000
8	4	1	0	3	422691375103147940542744546188000
8	4	1	0	2	5258675055647317472186018411304000
8	4	1	0	1	-12607983634960233077708268873855000
8	4	0	3	2	-33708003921056250000000
8	4	0	3	1	14447152576178634375000000
8	4	0	2	5	55418079573393750000
8	4	0	2	4	3457145795065365397500000
8	4	0	2	3	-2156561785706083892368875000
8	4	0	2	2	-120695167586022102280640250000
8	4	0	2	1	-6408247419446033311785342000000
8	4	0	1	5	-394500077989025652705870000
8	4	0	1	4	405234389911877978046908760000
8	4	0	1	3	45665861610725148083022487080000
8	4	0	1	2	1538459046103755547933693069770000
8	4	0	1	1	8451328218423851759742737277795000
8	4	0	0	5	2273150684625375676926201324300
8	4	0	0	4	-820588655281058044993161933067800
8	4	0	0	3	-42799269962035050308306784215030250
8	4	0	0	2	-423935966800212719430985653751229700
8	4	0	0	1	498432452264024888721315521805293700
8	3	5	0	3	171181588096454400000000
8	3	5	0	2	-184811092736335828200000000
8	3	5	0	1	-10390363909527900600000000
8	3	4	1	2	20873749880471733000000000
8	3	4	1	1	-370419265703969919000000000
8	3	4	0	5	13330674121903200000000
8	3	4	0	4	35927055618906718656000000
8	3	4	0	3	1669301914310740393981200000
8	3	4	0	2	317332621100353964964933600000
8	3	4	0	1	10774657570459671845798400000
8	3	3	2	1	45901041022240290000000000
8	3	3	1	4	-16953727337835545070000000
8	3	3	1	3	-2230119829122557749038000000
8	3	3	1	2	-42538434516437096404530000000
8	3	3	1	1	574252712102471708967804000000
8	3	3	0	5	-30575744190503937633600000
8	3	3	0	4	-46543898747006080834920840000
8	3	3	0	3	-2316786213752502704653794840000
8	3	3	0	2	-179618082854819981705050311720000
8	3	3	0	1	-18077100566143159264648818960000
8	3	2	2	4	-232767963614437200000000
8	3	2	2	3	-123875418919012318440000000
8	3	2	2	2	-13229687982276003742470000000
8	3	2	2	1	-93077760830167984117590000000
8	3	2	1	5	-6032297647562831136000000
8	3	2	1	4	31901484233363659963140600000
8	3	2	1	3	2557647317803927005377507340000
8	3	2	1	2	23647080446948893770273419820000
8	3	2	1	1	-261058122931169847866849003970000
8	3	2	0	5	22215474289113335114868000000
8	3	2	0	4	18216807074807468602278232008000
8	3	2	0	3	895734362152303484191850746429200
8	3	2	0	2	44374231606263675129506623759779600
8	3	2	0	1	10230545729746922860473939966821400
8	3	1	3	3	-2967059950603671150000000
8	3	1	3	2	-309241241951515460550000000
8	3	1	3	1	-12301530125768909450550000000
8	3	1	2	5	-384413534560138725000000
8	3	1	2	4	1654319447001993827875500000
8	3	1	2	3	185771459488082861967077700000
8	3	1	2	2	8459647317372308613292210500000
8	3	1	2	1	41865270048867080271870654300000
8	3	1	1	5	4499510188565901739887000000
8	3	1	1	4	-13959556252487472631176262620000
8	3	1	1	3	-793909033991158217155378498836000
8	3	1	1	2	-5514074648211059445320040476124000
8	3	1	1	1	42740614467812721242720984320332000
8	3	1	0	5	-6864174538526453943984457611600
8	3	1	0	4	-2452400715002955902883677847377160
8	3	1	0	3	-124510019930635107214328602664372760
8	3	1	0	2	-4920371205261568547698604723938563240
8	3	1	0	1	-1939715282412920402057762311731270840
8	3	0	4	2	-1256554771266487500000000
8	3	0	4	1	-303605706917150842500000000
8	3	0	3	5	-7670431721076525000000
8	3	0	3	4	29481691216460412465000000
8	3	0	3	3	3669094196834506340787000000
8	3	0	3	2	176526096929083801113070500000
8	3	0	3	1	3873725361404379064987618500000
8	3	0	2	5	193801122743082603348240000
8	3	0	2	4	-517105501781725072731279960000
8	3	0	2	3	-36923469882748209141932689965000
8	3	0	2	2	-1171804740210875063762622381960000
8	3	0	2	1	-5412027568264178926274217608557500
8	3	0	1	5	-759704695938001061359514845200
8	3	0	1	4	1702484557541646880817179472364000
8	3	0	1	3	73585060432398561799830616856956800
8	3	0	1	2	472511149267131044352629661762104400
8	3	0	1	1	-2083331457992956687869409920597895200
8	3	0	0	5	758894630096715314140453065295392
8	3	0	0	4	72798325807735416984274526926118904
8	3	0	0	3	5124416762036803592291253998454666594
8	3	0	0	2	197656035485651432299406403475607563920
8	3	0	0	1	109989445800468499675565511315395279403
8	2	6	0	4	79933835036044800000000
8	2	6	0	3	24533020903233793680000000
8	2	6	0	2	-183278951149994385840000000
8	2	6	0	1	-223229294726516448480000000
8	2	5	1	3	-763752228763842000000000
8	2	5	1	2	197909024386892767200000000
8	2	5	1	1	-164571151153253425200000000
8	2	5	0	5	3564888371582400000000
8	2	5	0	4	-253184024433713705539200000
8	2	5	0	3	-43764669408562483170124800000
8	2	5	0	2	316333343822763822512522400000
8	2	5	0	1	321489803576646188487669600000
8	2	4	2	2	-12729224733437106000000000
8	2	4	2	1	215130469188969216000000000
8	2	4	1	5	-4443558040634400000000
8	2	4	1	4	-31262692790533895928000000
8	2	4	1	3	-376028855766946501113600000
8	2	4	1	2	-274184721962777385947059200000
8	2	4	1	1	312129367886907204188144400000
8	2	4	0	5	-45369693294684924960000
8	2	4	0	4	246546819604105696160794080000
8	2	4	0	3	27656391308105484886957261056000
8	2	4	0	2	-190160308181096026195804567632000
8	2	4	0	1	-185618018227544316205721494128000
8	2	3	3	1	-20453651635486050000000000
8	2	3	2	4	8869304377796566320000000
8	2	3	2	3	1280365059717561987000000000
8	2	3	2	2	24380396470597627939320000000
8	2	3	2	1	-201711299422897575352944000000
8	2	3	1	5	13971565683571531024800000
8	2	3	1	4	33307033502199920395001040000
8	2	3	1	3	774559641619593272369634480000
8	2	3	1	2	126974006436711896735455508040000
8	2	3	1	1	-177771053230526608717599448920000
8	2	3	0	5	-6781905601374237207393168000
8	2	3	0	4	-107219005461319862389595480877600
8	2	3	0	3	-8387145191433403674162744117580800
8	2	3	0	2	53310826841091318163303082803864800
8	2	3	0	1	55788572720321201926496644056799200
8	2	2	3	4	284714697493317600000000
8	2	2	3	3	48681411088501220940000000
8	2	2	3	2	2772950897560148988300000000
8	2	2	3	1	23326714208711457710550000000
8	2	2	2	5	-482305071704855877000000
8	2	2	2	4	-13377138018507014078242800000
8	2	2	2	3	-1098357417795945429567030060000
8	2	2	2	2	-11345056802157870444085513200000
8	2	2	2	1	55611134703570948474424781160000
8	2	2	1	5	-9144973164036979357758792000
8	2	2	1	4	-9812726962762652832107283336000
8	2	2	1	3	-211061881457474316154134186852000
8	2	2	1	2	-25977826175134267407051614027260800
8	2	2	1	1	39789273182123016063804851878669200
8	2	2	0	5	4236588298354121011451447285040
8	2	2	0	4	23195288756992025614974195903896160
8	2	2	0	3	1331844683501694273046617729482871624
8	2	2	0	2	-7538783138648936434047765628618826976
8	2	2	0	1	-9046732991917142372786290770277343400
8	2	1	4	3	1192346333878952700000000
8	2	1	4	2	160323609314002257900000000
8	2	1	4	1	958134601410761543400000000
8	2	1	3	5	7064810201364390000000
8	2	1	3	4	-444529547935916840028000000
8	2	1	3	3	-25799042120361620744313000000
8	2	1	3	2	-824872818910301409848326200000
8	2	1	3	1	-2457897016405490595643696200000
8	2	1	2	5	1407385197053451636428520000
8	2	1	2	4	4542059768440108453204794840000
8	2	1	2	3	252646023517582592232749804868000
8	2	1	2	2	1974084317122106233422375822324000
8	2	1	2	1	-5100054798980757686567762159964000
8	2	1	1	5	1633092365633041276243070508000
8	2	1	1	4	654443091748689059620182584191680
8	2	1	1	3	8127995467562873667412603344856080
8	2	1	1	2	2397597582337771970433587397672288960
8	2	1	1	1	-3607175516132465012444248016935316640
8	2	1	0	5	-891237784138956540284463128272464
8	2	1	0	4	-2425058811018965021481135062424807192
8	2	1	0	3	-107128452862665862091177538479918395752
8	2	1	0	2	516824696622985639661459996600566137480
8	2	1	0	1	735917098510981723181727748984720710012
8	2	0	5	2	221328482609587500000000
8	2	0	5	1	122850374709178426500000000
8	2	0	4	5	1233420925317075000000
8	2	0	4	4	-9530092421084382480000000
8	2	0	4	3	-802307127539605810873500000
8	2	0	4	2	-35742490989284533688316000000
8	2	0	4	1	220453540323577702597395000000
8	2	0	3	5	37622106778327054979040000
8	2	0	3	4	53590383853340952233021760000
8	2	0	3	3	-109457289008819913194831700000
8	2	0	3	2	-1631632500977299064815930200000
8	2	0	3	1	-474312771823974821505967128030000
8	2	0	2	5	-410552065618859361834067672800
8	2	0	2	4	-409332994557877307144125522058400
8	2	0	2	3	-16585476372365058121994571292372800
8	2	0	2	2	-120780015877075995923261027972598000
8	2	0	2	1	52969485945328495562838827055238200
8	2	0	1	5	-40619468086810783207501321396224
8	2	0	1	4	42105479706459125899215982364361312
8	2	0	1	3	1328606378297552654283676479376537800
8	2	0	1	2	-78451776861303153495165954502924780416
8	2	0	1	1	110708090527308779206813428439248884400
8	2	0	0	5	63600592372762515095648411927864928
8	2	0	0	4	96322181238246644529889546096290364824
8	2	0	0	3	3440568923501515664347158445795631788836
8	2	0	0	2	-13524102140952713353363727678632634986392
8	2	0	0	1	-23346780365484171859226334169326447650382
8	1	7	0	4	19896428620362240000000
8	1	7	0	3	-631056539537516448000000
8	1	7	0	2	84099741494810027904000000
8	1	7	0	1	279353473636480238592000000
8	1	6	1	4	-46393758525945600000000
8	1	6	1	3	-11198587469860811520000000
8	1	6	1	2	-112665366969193903680000000
8	1	6	1	1	39878568538041605760000000
8	1	6	0	5	-21867326529458688000000
8	1	6	0	4	18962005871254594492800000
8	1	6	0	3	7071160064731032222619200000
8	1	6	0	2	-167414621998183137907056000000
8	1	6	0	1	-640842493068556293615235200000
8	1	5	2	3	336915424244786400000000
8	1	5	2	2	-18404735763155760000000000
8	1	5	2	1	-259056928863071841600000000
8	1	5	1	5	9278751705189120000000
8	1	5	1	4	101742260744804285649600000
8	1	5	1	3	12127491479297771916120000000
8	1	5	1	2	312789948341751912874564800000
8	1	5	1	1	243702089129844890379417600000
8	1	5	0	5	70946490608570786567040000
8	1	5	0	4	-84559271848611457172115744000
8	1	5	0	3	-9955076817208365752814568512000
8	1	5	0	2	132073992092479642470469879200000
8	1	5	0	1	505368614185836209066112080400000
8	1	4	3	2	2566357001961624000000000
8	1	4	3	1	20051031091020624000000000
8	1	4	2	4	-17689242769062857280000000
8	1	4	2	3	-2440254948126531988766400000
8	1	4	2	2	-46114138321117799301907200000
8	1	4	2	1	481771831502948568588403200000
8	1	4	1	5	-31332393992303570773440000
8	1	4	1	4	-39087782768751883211417760000
8	1	4	1	3	-2805396998704958102994401904000
8	1	4	1	2	-260835351599934972848395264320000
8	1	4	1	1	-297031667166316505141779102776000
8	1	4	0	5	-68652506339940656712310790400
8	1	4	0	4	68401913865231360664327877251200
8	1	4	0	3	5506966462143304030074924916644480
8	1	4	0	2	-53576981221721660070135682861647360
8	1	4	0	1	-193474290459694471291851860251542240
8	1	3	4	1	3150332951532840000000000
8	1	3	3	4	-195964861280964840000000
8	1	3	3	3	-33206434367817345336000000
8	1	3	3	2	-8811810907624597706856000000
8	1	3	3	1	-139880489955354969248880000000
8	1	3	2	5	-1256210271078877267200000
8	1	3	2	4	33963338039882818233746160000
8	1	3	2	3	2780263542097871680549112640000
8	1	3	2	2	66374501667961288087141156080000
8	1	3	2	1	-262206889847569705488551195040000
8	1	3	1	5	31079254226236928821569312000
8	1	3	1	4	-8931527379148167435176502652800
8	1	3	1	3	-558292340306201734225366235064000
8	1	3	1	2	95688174755098128826498655038521600
8	1	3	1	1	121637826806207845241182913116754400
8	1	3	0	5	28372680427216237591422244786560
8	1	3	0	4	-24150263698653186475875489796592928
8	1	3	0	3	-1505945863772925988958511080507393760
8	1	3	0	2	12109745234180936925161239867358668128
8	1	3	0	1	40502238392096024118608134350042000048
8	1	2	4	4	-50113305156736800000000
8	1	2	4	3	-1546476201256114080000000
8	1	2	4	2	933123751003276123680000000
8	1	2	4	1	-436137642273115031040000000
8	1	2	3	5	327822749050782024000000
8	1	2	3	4	-2012707313395081346001600000
8	1	2	3	3	-148462729880608900132380000000
8	1	2	3	2	3588232841378527195123341120000
8	1	2	3	1	101922672538803254146262664120000
8	1	2	2	5	682418426059964220995664000
8	1	2	2	4	-16947741312219179217541506912000
8	1	2	2	3	-1092428797934103276345472409047200
8	1	2	2	2	-25643260198108689467227229546193600
8	1	2	2	1	57643456021388019274223630540847600
8	1	2	1	5	-12259399785690419649583659872640
8	1	2	1	4	7017878399072161899045193480975680
8	1	2	1	3	297146043146242787441497897392157248
8	1	2	1	2	-17301632041219637686660897518963205056
8	1	2	1	1	-22782302271118053954387161757182384784
8	1	2	0	5	-5590534949344714348140316307070624
8	1	2	0	4	4275566678680230991345035293116016928
8	1	2	0	3	216851130585780742012009420278846631224
8	1	2	0	2	-1536019504811112415867391650748685197328
8	1	2	0	1	-4752210997786639320215032829596217440740
8	1	1	5	3	-127245625152724800000000
8	1	1	5	2	-20740372361834032800000000
8	1	1	5	1	1166746879396160514000000000
8	1	1	4	5	10022661031347360000000
8	1	1	4	4	-111512832409896383934000000
8	1	1	4	3	-17895591086189994590990400000
8	1	1	4	2	-1157276885571784149626574000000
8	1	1	4	1	-4892256703270725148637085600000
8	1	1	3	5	-508580483583294262445760000
8	1	1	3	4	1885529264822122651476979968000
8	1	1	3	3	100748943021861667449591865776000
8	1	1	3	2	-56269666224538194798475791120000
8	1	1	3	1	-22190685996517754167811366784648000
8	1	1	2	5	205352640013746462716008540800
8	1	1	2	4	2949141205056674923410474988053120
8	1	1	2	3	170431626761969923540859055309876960
8	1	1	2	2	3821695945333508183892336479155294080
8	1	1	2	1	-5317059732035972732773620378635781360
8	1	1	1	5	1994562649382838098554129498520256
8	1	1	1	4	-1201114556424122544937301390541362880
8	1	1	1	3	-38967723494129398988275701741722129040
8	1	1	1	2	1513197858231527799596770395145413467136
8	1	1	1	1	2005772030140673827217116580250104528400
8	1	1	0	5	515335903310384417921230089826630272
8	1	1	0	4	-371350926688689686463956523827670931776
8	1	1	0	3	-15754752263984284436072263833175214642280
8	1	1	0	2	102098998421429056784758149597277757130384
8	1	1	0	1	293904500328154797481566947507449397286168
8	1	0	6	1	-13799969330756130000000000
8	1	0	5	4	769517231601996720000000
8	1	0	5	3	-86560217592640679898000000
8	1	0	5	2	-8512084156698641718914400000
8	1	0	5	1	-659034204411934079493080400000
8	1	0	4	5	-13694724563928079870800000
8	1	0	4	4	67042704761881189945408080000
8	1	0	4	3	6145756059231881183801410740000
8	1	0	4	2	234591440024222019214904945160000
8	1	0	4	1	1327052482335426084451028323650000
8	1	0	3	5	134688253172049361375672320000
8	1	0	3	4	-336360500816772028810422844512000
8	1	0	3	3	-14156429211768268523745359909467200
8	1	0	3	2	-67143111951845225326485989674886400
8	1	0	3	1	1373680803963900736300008398419072800
8	1	0	2	5	-79221275200249829833118439248640
8	1	0	2	4	-151535199134609275464577618939794240
8	1	0	2	3	-8902254849301820375566593343458538176
8	1	0	2	2	-193516309666472084268126554566405459296
8	1	0	2	1	168564280872043377197788449928516490160
8	1	0	1	5	-107901201148641135974355233404127040
8	1	0	1	4	64277167806617581437227499515305856832
8	1	0	1	3	1670184017482032309032397290458017358560
8	1	0	1	2	-51141871602490301425409740241762133278496
8	1	0	1	1	-67401199827830847217973063744245244927112
8	1	0	0	5	-17853127146930846988865995908342318576
8	1	0	0	4	12570722571102764361570132566255462631168
8	1	0	0	3	455021647606204322046846278682611226666276
8	1	0	0	2	-2766042170313721471235245156987741457532264
8	1	0	0	1	-7467486349834011878743482974670043856103090
8	0	8	0	4	-107328244832317440000000
8	0	8	0	3	-15549281228397947904000000
8	0	8	0	2	-15370690028189442048000000
8	0	8	0	1	435152492760282218496000000
8	0	7	1	4	89440204026931200000000
8	0	7	1	3	28818506716714142208000000
8	0	7	1	2	-215334649927790936064000000
8	0	7	1	1	-546037222869564198912000000
8	0	7	0	4	383569339554129958156800000
8	0	7	0	3	38659474718662309906867200000
8	0	7	0	2	35320893471028029388147200000
8	0	7	0	1	-870513550501076232190156800000
8	0	6	2	3	-2256910186285163520000000
8	0	6	2	2	156196462112666403840000000
8	0	6	2	1	-220747206887843696640000000
8	0	6	1	4	-416483924700380679705600000
8	0	6	1	3	-67585488897594544876684800000
8	0	6	1	2	446331013827585602940057600000
8	0	6	1	1	1230454554425961337081958400000
8	0	6	0	4	-452219339795769034851179520000
8	0	6	0	3	-35995320664989179424580150502400
8	0	6	0	2	-28391487557334223797943557580800
8	0	6	0	1	674452572636824721479270628057600
8	0	5	3	2	-14855206599375667200000000
8	0	5	3	1	172814154481934668800000000
8	0	5	2	4	6024917841413648601600000
8	0	5	2	3	6645976161979690018483200000
8	0	5	2	2	-342821198776287633093619200000
8	0	5	2	1	253135956175261495258982400000
8	0	5	1	4	533856917884201889595745536000
8	0	5	1	3	56182644755436568571258611968000
8	0	5	1	2	-337029994880813571930196731648000
8	0	5	1	1	-971186893181591095564529510016000
8	0	5	0	4	255950658219170137768850602967040
8	0	5	0	3	17081761622213084009648689956879360
8	0	5	0	2	11647806368258882746237971313797120
8	0	5	0	1	-272653410697224891443090254291115520
8	0	4	4	1	-18861984921093120000000000
8	0	4	3	4	9330146200604888064000000
8	0	4	3	3	834377582200963620441600000
8	0	4	3	2	47220794230470692659430400000
8	0	4	3	1	-317156630642467889902387200000
8	0	4	2	4	-30642479875729093816120320000
8	0	4	2	3	-6074725429628985462312081024000
8	0	4	2	2	251545965754421349441648767232000
8	0	4	2	1	-71302936541067627111850451904000
8	0	4	1	4	-296650414622255281303199856076800
8	0	4	1	3	-22774177603580900252508631072972800
8	0	4	1	2	125463375598272829903184179318594560
8	0	4	1	1	372437877759569815379391413752815360
8	0	4	0	4	-80086922892071237127124188382205952
8	0	4	0	3	-4639776874131427119577474572813160320
8	0	4	0	2	-2793461675202652369112865969973940736
8	0	4	0	1	64175365973887266009056552528321809152
8	0	3	4	4	-394651676930365440000000
8	0	3	4	3	-60034423532753848320000000
8	0	3	4	2	1243561377277179339264000000
8	0	3	4	1	52959344244451651676160000000
8	0	3	3	4	-15511791677663348869996800000
8	0	3	3	3	-1009656513530229811716391680000
8	0	3	3	2	-39442019208021192448634883840000
8	0	3	3	1	176137423173419580775327979520000
8	0	3	2	4	26906616807396810315151949164800
8	0	3	2	3	2440563528813511588255146750912000
8	0	3	2	2	-84472262535578343499553654109484800
8	0	3	2	1	-5132502509408142769014571318464000
8	0	3	1	4	83786443194833277967749362570189568
8	0	3	1	3	5030203742243978729232524672917069056
8	0	3	1	2	-25554360339505220684449543533136263168
8	0	3	1	1	-77618168123840882638121161987217879040
8	0	3	0	4	14620405296103326461275704824794300224
8	0	3	0	3	752069159999999111522791727454361857408
8	0	3	0	2	408710451223416837048625247875042507200
8	0	3	0	1	-9134034689934923109889968361723283648640
8	0	2	5	3	-1057248405685094400000000
8	0	2	5	2	-288861928940996167680000000
8	0	2	5	1	-454365123706049621760000000
8	0	2	4	4	1206356005366940713420800000
8	0	2	4	3	96054842239824219068701440000
8	0	2	4	2	-417924758402244784506424320000
8	0	2	4	1	-33899828004072068866031208960000
8	0	2	3	4	6968210972531798391310482624000
8	0	2	3	3	387132900822860278540267351468800
8	0	2	3	2	12902092049266636862066519315865600
8	0	2	3	1	-39566697689541586889342996711251200
8	0	2	2	4	-8805342783645574019969621232153600
8	0	2	2	3	-483809509976196993650973258797989440
8	0	2	2	2	14218652705753285925942422259797132160
8	0	2	2	1	4757351810354293193432774733677162400
8	0	2	1	4	-12570190040954007471505972660457892480
8	0	2	1	3	-618568640140434299174170367663918381568
8	0	2	1	2	2903166735429373442989080721921706442624
8	0	2	1	1	8982336823167715729979440387455700312608
8	0	2	0	4	-1551131717537170479191378114463862907520
8	0	2	0	3	-71956582504944182908156296026584384262544
8	0	2	0	2	-35823346734627782337035223287351552610144
8	0	2	0	1	775849332251166807257032314750879494833848
8	0	1	6	1	-233021851613734118400000000
8	0	1	5	4	35191515802750820812800000
8	0	1	5	3	4068807898627366292275200000
8	0	1	5	2	278276131256747256017625600000
8	0	1	5	1	1090961514220738758473548800000
8	0	1	4	4	-728433510376587430855747680000
8	0	1	4	3	-39307070314991983482780525504000
8	0	1	4	2	-108071209539976115209356037728000
8	0	1	4	1	7107167623283074226493839028096000
8	0	1	3	4	-1064325602751371904339460842163200
8	0	1	3	3	-57437562126425085014012112868859520
8	0	1	3	2	-1777114044510650893764617942338179840
8	0	1	3	1	3694681493670523753068759900703730880
8	0	1	2	4	1206494400885442569397041810922288512
8	0	1	2	3	46525344626555078182223457055653392832
8	0	1	2	2	-1165715764832879852149858895882132212224
8	0	1	2	1	-645172140329801798905302416509762905120
8	0	1	1	4	953107901002877989787420253816043357056
8	0	1	1	3	39782585242133835685849508738433156939744
8	0	1	1	2	-172817614363728987228254797711361033027712
8	0	1	1	1	-542554450189867309769021437777569691742832
8	0	1	0	4	88667022725475474950739288430825106060928
8	0	1	0	3	3750590190471914668391450658583718210777376
8	0	1	0	2	1718589171680840525471623475182972678135392
8	0	1	0	1	-36251364641708934194006876408397663384246480
8	0	0	6	3	26739391835657472076800000
8	0	0	6	2	2187138247412060579788800000
8	0	0	6	1	117486825237907519940640000000
8	0	0	5	4	-14165504543586086232814080000
8	0	0	5	3	-1168677707562156502076478048000
8	0	0	5	2	-51293062429466846582149937856000
8	0	0	5	1	-286667426950108295253963766848000
8	0	0	4	4	108718393173415422100681173408000
8	0	0	4	3	4561109288441400886658138409048000
8	0	0	4	2	28987234426128064400334303555369600
8	0	0	4	1	-424221380961113591897184998530322400
8	0	0	3	4	43141746492508736383848327786647040
8	0	0	3	3	2765204939529684373225350511592478720
8	0	0	3	2	85371698390125366852048860110250278400
8	0	0	3	1	-118278974062716514140314039570661458880
8	0	0	2	4	-57907072639598945000654564514128094336
8	0	0	2	3	-1726228831696542689864521071299784430176
8	0	0	2	2	37034778171927716951901352740142669517760
8	0	0	2	1	26975645181709730915334064462443714959376
8	0	0	1	4	-28709288240288729477797796580426695505408
8	0	0	1	3	-1042875684449177505242599735571847486964896
8	0	0	1	2	4204911830340410568384763278206814510712896
8	0	0	1	1	13343588037802428498078157427145027505456464
8	0	0	0	4	-2112253083875499571213985228504904192733920
8	0	0	0	3	-82118632247320878358553740906673784490011336
8	0	0	0	2	-34431856338987662474203762167078263152308144
8	0	0	0	1	717941042762437160173834987136065748209640628
7	7	1	0	1	7604372330646727500000000
7	7	0	0	4	603478696987476000000000
7	7	0	0	3	7184975462674518690000000
7	7	0	0	2	-458454586415117162400000000
7	7	0	0	1	-9614899362954561515325000000
7	6	2	0	2	-14498773628251941000000000
7	6	2	0	1	80193683919987958500000000
7	6	1	1	1	-54576041964403533750000000
7	6	1	0	4	10876893312353223870000000
7	6	1	0	3	797287602396857187870000000
7	6	1	0	2	20496271080927827151900000000
7	6	1	0	1	-122886898698391113563784000000
7	6	0	1	4	294933145342986000000000
7	6	0	1	3	54056125601393773860000000
7	6	0	1	2	2577323761626982337955000000
7	6	0	1	1	36073824509761380695002500000
7	6	0	0	5	7528783947677448282000000
7	6	0	0	4	-6163347955656111096981600000
7	6	0	0	3	-271632524297132292468690960000
7	6	0	0	2	-3081846610963400549395561560000
7	6	0	0	1	26144439940228354109135381700000
7	5	3	0	3	950986042433326800000000
7	5	3	0	2	-359508042221383944000000000
7	5	3	0	1	-1337295042893608108200000000
7	5	2	1	2	39540742388956507500000000
7	5	2	1	1	-953194825901473585875000000
7	5	2	0	5	53736926474451600000000
7	5	2	0	4	6187902410668943124000000
7	5	2	0	3	2901796193256854972659200000
7	5	2	0	2	666801871566786025546096800000
7	5	2	0	1	1739174010610548922195116600000
7	5	1	2	1	73887881639125837500000000
7	5	1	1	4	-11868331127109454125000000
7	5	1	1	3	-673805429585019219159000000
7	5	1	1	2	-5683532027817539302875000000
7	5	1	1	1	1079328382671328632894438000000
7	5	1	0	5	-8570357236023248210400000
7	5	1	0	4	-6712545576159041756611320000
7	5	1	0	3	-3268464901631079492116360520000
7	5	1	0	2	-247062301044335953045879781160000
7	5	1	0	1	-587710083090912155988290133480000
7	5	0	2	4	-290198092126428000000000
7	5	0	2	3	-41475669969136030143750000
7	5	0	2	2	-2351013084471219017625000000
7	5	0	2	1	-19766664799959911540310000000
7	5	0	1	5	-3138371385388957323000000
7	5	0	1	4	6619807149947446363648200000
7	5	0	1	3	134290610412864876670992660000
7	5	0	1	2	-2515510297048611393060233760000
7	5	0	1	1	-203317596575227093543066435320000
7	5	0	0	5	-2395883210112881830857096000
7	5	0	0	4	-73342382222874323960147160000
7	5	0	0	3	554504122637061656626721947393800
7	5	0	0	2	24365993588045251790725454107258800
7	5	0	0	1	58423982036345431930429160680332000
7	4	5	0	1	2288725280816400000000000
7	4	4	0	4	166645978947633600000000
7	4	4	0	3	29592542095648679520000000
7	4	4	0	2	-625629668406986500560000000
7	4	4	0	1	-10940952492820523410200000000
7	4	3	1	3	355216625756461800000000
7	4	3	1	2	1031123944528948914750000000
7	4	3	1	1	1408945780454565054600000000
7	4	3	0	5	794834540685364320000000
7	4	3	0	4	-933774349343409020390400000
7	4	3	0	3	-97715829721084140871382400000
7	4	3	0	2	897303431033261469762958800000
7	4	3	0	1	10589208598286475723938736000000
7	4	2	2	2	-10401054622953660000000000
7	4	2	2	1	1774880168825224590750000000
7	4	2	1	5	7769950359188400000000
7	4	2	1	4	-155457053026490861874000000
7	4	2	1	3	-24117133774840415437921200000
7	4	2	1	2	-1543707705492217569410190000000
7	4	2	1	1	-2217808639764778458944206800000
7	4	2	0	5	-1346128779625612246177920000
7	4	2	0	4	838416699349577047953781200000
7	4	2	0	3	60213320298729556197401117808000
7	4	2	0	2	-319375823637013726591780373520000
7	4	2	0	1	-3615739186277549619981517171068000
7	4	1	3	1	-462399267637800000000000
7	4	1	2	4	2097744960892845712500000
7	4	1	2	3	-679841028948281697603000000
7	4	1	2	2	-57392831376655557128946000000
7	4	1	2	1	-1775331320199174133342128000000
7	4	1	1	5	-74923822403844537236400000
7	4	1	1	4	149955394219674815882656440000
7	4	1	1	3	15267112593396965739809514720000
7	4	1	1	2	539885612063475150965959922640000
7	4	1	1	1	926153309284459277429686302360000
7	4	1	0	5	594603440369113131450527472000
7	4	1	0	4	-245831203386608599730064718616400
7	4	1	0	3	-13146285882611437166813314370299200
7	4	1	0	2	32200538640692280590151922711082400
7	4	1	0	1	488907808984324501164820169329327200
7	4	0	3	4	-37050571045026000000000
7	4	0	3	3	-8078205860412539962500000
7	4	0	3	2	-296403675617489685075000000
7	4	0	3	1	-31079079876756945182400000000
7	4	0	2	5	-2739654499262497303500000
7	4	0	2	4	1016333969189465923263000000
7	4	0	2	3	321925506575227758723231000000
7	4	0	2	2	16199907328729245093656347800000
7	4	0	2	1	318002550895534018112787142800000
7	4	0	1	5	25468602495769953639994536000
7	4	0	1	4	-28097021295246256759269073008000
7	4	0	1	3	-2098194204384276555456765944928000
7	4	0	1	2	-52690186099073749295520014585760000
7	4	0	1	1	-111190710486603699203638625909766000
7	4	0	0	5	-74322009858540632628708127085040
7	4	0	0	4	22609029233940284642843293660872000
7	4	0	0	3	961131060355808469707979907683218040
7	4	0	0	2	-154199427893402603186814853237521840
7	4	0	0	1	-21669749392495356703485149499866111040
7	3	6	0	2	-3894263973238464000000000
7	3	6	0	1	5357151342246816000000000
7	3	5	1	1	-9426870306543600000000000
7	3	5	0	4	2679000779877577920000000
7	3	5	0	3	302139708219595273248000000
7	3	5	0	2	10205353421058407779440000000
7	3	5	0	1	-17450638986186446701248000000
7	3	4	1	4	-359200160708457600000000
7	3	4	1	3	-96855266796584445900000000
7	3	4	1	2	1553816342990862009720000000
7	3	4	1	1	27260443460769072939540000000
7	3	4	0	5	200654009818622208000000
7	3	4	0	4	-6320191849923757055241600000
7	3	4	0	3	-509390517416374115845840800000
7	3	4	0	2	-8406807272862117807449730240000
7	3	4	0	1	15873082653022077350037857760000
7	3	3	2	3	-3912716036288556000000000
7	3	3	2	2	-844610136360822079200000000
7	3	3	2	1	49349232143808066000000000
7	3	3	1	5	-330460131076151040000000
7	3	3	1	4	1825690543693645832236800000
7	3	3	1	3	206998615153328440745959200000
7	3	3	1	2	-2109135999446316619255958400000
7	3	3	1	1	-22195865294792694605465863200000
7	3	3	0	5	-320536563239306108027520000
7	3	3	0	4	4503938547166766991838479168000
7	3	3	0	3	285545980223142229375768645344000
7	3	3	0	2	3175872959753122922326623629232000
7	3	3	0	1	-5829076352903676296758148389968000
7	3	2	3	2	-18444299143492440000000000
7	3	2	3	1	-991166130047207983500000000
7	3	2	2	5	-16920667341172800000000
7	3	2	2	4	188205783776296056882000000
7	3	2	2	3	23312483843744691211510800000
7	3	2	2	2	1071472496939344835602862400000
7	3	2	2	1	-70257380159199855774686400000
7	3	2	1	5	433432870345616550804000000
7	3	2	1	4	-1569691634428706099095061280000
7	3	2	1	3	-110788097050087375456824003936000
7	3	2	1	2	788655396278752605267519596544000
7	3	2	1	1	7183497279420773702505932399460000
7	3	2	0	5	82776989965675361201396150400
7	3	2	0	4	-1325127240113639791833812412604800
7	3	2	0	3	-69755468489135398126373268636679680
7	3	2	0	2	-614340627586436316569610247351799040
7	3	2	0	1	974273560942398084939287096727042240
7	3	1	4	1	-32902382385205200000000000
7	3	1	3	4	4296260867571722250000000
7	3	1	3	3	713164873475989397844000000
7	3	1	3	2	47426399674527058257798000000
7	3	1	3	1	818596391686573018739364000000
7	3	1	2	5	20179688074292797218000000
7	3	1	2	4	-144101851001630571244229280000
7	3	1	2	3	-11453720300540217713135547360000
7	3	1	2	2	-345236869254063140424773734320000
7	3	1	2	1	-118047905892386298738544303440000
7	3	1	1	5	-152999769395094274195665696000
7	3	1	1	4	447281368992375685632672135537600
7	3	1	1	3	22303977637469955301693998021542400
7	3	1	1	2	-98523748905630274135599458418806400
7	3	1	1	1	-971152831021881478331391962842663200
7	3	1	0	5	19793474412962579515353439350720
7	3	1	0	4	166499157828830982001271675516601792
7	3	1	0	3	7621217933884214544862566627102544224
7	3	1	0	2	58772804993863689368034472207167712800
7	3	1	0	1	-72456324557738265734486070407248558512
7	3	0	4	4	42392324747358000000000
7	3	0	4	3	13309812177499869075000000
7	3	0	4	2	801326801788254402300000000
7	3	0	4	1	27308945046272810790150000000
7	3	0	3	5	1023672728589700338000000
7	3	0	3	4	-2603044356462828811166400000
7	3	0	3	3	-224959092080120861747767200000
7	3	0	3	2	-9940319540556195480592176000000
7	3	0	3	1	-132180485746634115043713451200000
7	3	0	2	5	-4336318310472635481724392000
7	3	0	2	4	23587262528549855038297155000000
7	3	0	2	3	1351991856978588934920913171560000
7	3	0	2	2	32463291483602910948505933537992000
7	3	0	2	1	33349457160087495620473584209529000
7	3	0	1	5	16755694557475704808695622853760
7	3	0	1	4	-40816889806725308668778529088030560
7	3	0	1	3	-1540705360942963415831137914590447040
7	3	0	1	2	2948443993198645884697439526803552160
7	3	0	1	1	44099180350308976267832614338382012080
7	3	0	0	5	-5448804519582313888132505894123808
7	3	0	0	4	-7130732537520486565469279097596892792
7	3	0	0	3	-300610148942079297677010655462413269268
7	3	0	0	2	-2171750121563226342821505332587443399624
7	3	0	0	1	1899878896699282047830041548392885959041
7	2	7	0	3	479603010216268800000000
7	2	7	0	2	-6829723603607385600000000
7	2	7	0	1	1170086741005017600000000
7	2	6	1	2	4847243991444576000000000
7	2	6	1	1	-14170514959865664000000000
7	2	6	0	4	-832773990704168448000000
7	2	6	0	3	-1183817468640582549907200000
7	2	6	0	2	16163209247049726324825600000
7	2	6	0	1	-2245153719626406615571200000
7	2	5	2	1	7443587339254800000000000
7	2	5	1	4	-2921327274777540480000000
7	2	5	1	3	-322878142217887567632000000
7	2	5	1	2	-10117727296681964768136000000
7	2	5	1	1	28314212005997537183856000000
7	2	5	0	5	-353679504282651571200000
7	2	5	0	4	1505964972539711288931840000
7	2	5	0	3	945998581415800475934403200000
7	2	5	0	2	-13046242805860534531813713600000
7	2	5	0	1	1968356762444807273756355840000
7	2	4	2	4	225843209794051200000000
7	2	4	2	3	58758653341463497200000000
7	2	4	2	2	102072578721075121680000000
7	2	4	2	1	-11728915457889643765560000000
7	2	4	1	5	486405419745592512000000
7	2	4	1	4	5783018561536682642472000000
7	2	4	1	3	449533626325913193259060800000
7	2	4	1	2	6144824078152445579047646400000
7	2	4	1	1	-20050286416827402615612206400000
7	2	4	0	5	372844918422589714057728000
7	2	4	0	4	-1172199218886194009927261184000
7	2	4	0	3	-360698896676413480781537806233600
7	2	4	0	2	5086184468057760124447046040672000
7	2	4	0	1	-428461368736887313350047428982400
7	2	3	3	3	2533844364588352800000000
7	2	3	3	2	199876100392865230200000000
7	2	3	3	1	1140720003873012297600000000
7	2	3	2	5	5964911810478720000000
7	2	3	2	4	-864716433094161067489200000
7	2	3	2	3	-101335993680705777074498400000
7	2	3	2	2	-163297144521417781311465600000
7	2	3	2	1	3606205285796968467484171200000
7	2	3	1	5	-958425887233753538575680000
7	2	3	1	4	-3550918715698871625345849312000
7	2	3	1	3	-208094844764393618344222163616000
7	2	3	1	2	-1638767818841035389226619445216000
7	2	3	1	1	6446770865500765829395324113360000
7	2	3	0	5	-92885984769969102885016147200
7	2	3	0	4	506874711891977226444930334879680
7	2	3	0	3	76515700906162708196272515131794560
7	2	3	0	2	-1083140406039608097191844192718375680
7	2	3	0	1	-92489524360749307895000785816101120
7	2	2	4	2	10240871747571720000000000
7	2	2	4	1	87913174676063193000000000
7	2	2	3	5	2786638093279200000000
7	2	2	3	4	-39886332601159043316000000
7	2	2	3	3	-4298998280300141693202000000
7	2	2	3	2	-114660700859014273954346400000
7	2	2	3	1	-567763689647099972977934400000
7	2	2	2	5	85688120419368946946640000
7	2	2	2	4	572327267124910040976166560000
7	2	2	2	3	43407295256721119514876447696000
7	2	2	2	2	91511486850606245711792170560000
7	2	2	2	1	82512336268803980516511688704000
7	2	2	1	5	505374751546334037998995104000
7	2	2	1	4	889025027386206609591185511907200
7	2	2	1	3	41306901677641505557729946597826240
7	2	2	1	2	225057223374585427891138823505676800
7	2	2	1	1	-985903531586641515359152681944013440
7	2	2	0	5	-3567909342556682592276513510720
7	2	2	0	4	-118933190281675269780928079695910784
7	2	2	0	3	-9512119446729861518305538076747569376
7	2	2	0	2	128995991183396760619884750636809038560
7	2	2	0	1	44512707621944423391506906398108039584
7	2	1	5	1	13301338642476120000000000
7	2	1	4	4	-2028053802015300150000000
7	2	1	4	3	-122158972444242824532000000
7	2	1	4	2	-5402732544221784998904000000
7	2	1	4	1	91598902786989621576648000000
7	2	1	3	5	7370974487850188277600000
7	2	1	3	4	10102440019886691208728480000
7	2	1	3	3	131542925875672741451003520000
7	2	1	3	2	-4500863891532291870372875040000
7	2	1	3	1	-1007186380488799153042963680000
7	2	1	2	5	-82129102949441645626659552000
7	2	1	2	4	-120419340404060538088032830976000
7	2	1	2	3	-6619452635726780439246267855196800
7	2	1	2	2	-20887732202282758442215973858371200
7	2	1	2	1	-125432990614214259378759723372674400
7	2	1	1	5	-91211788311413773435085590963200
7	2	1	1	4	-90819057673416318675161618005792128
7	2	1	1	3	-3526201746087095322854022587058379008
7	2	1	1	2	-16213003295175374592125187150432280128
7	2	1	1	1	66329922756963862544415991711158140352
7	2	1	0	5	3511934973614637095445402234619392
7	2	1	0	4	13651113275096323431800515489289614440
7	2	1	0	3	660481102616437482533556478974756553824
7	2	1	0	2	-8043488564758970560299176887076786149392
7	2	1	0	1	-5373498408855214735314925718676690660516
7	2	0	5	4	-5390568683946000000000
7	2	0	5	3	-3611805717276614430000000
7	2	0	5	2	-236591623341661374900000000
7	2	0	5	1	-3412433133922990957200000000
7	2	0	4	5	63489692571819066000000
7	2	0	4	4	524530644977220718874400000
7	2	0	4	3	-2497344693238780150860000000
7	2	0	4	2	-689411324295494307667749600000
7	2	0	4	1	-39506930002582893524424031200000
7	2	0	3	5	-4069350168878369046114432000
7	2	0	3	4	1199752597199675377381623840000
7	2	0	3	3	180240236037742011854579698176000
7	2	0	3	2	3940486879820427499420506758256000
7	2	0	3	1	13689211643297357004507951043092000
7	2	0	2	5	15174303952675459527549548979840
7	2	0	2	4	7528633397176681670786995144334400
7	2	0	2	3	320094083007356092116351497832530880
7	2	0	2	2	1605466324714351528607350796363246400
7	2	0	2	1	10509369623774483561524496155753770480
7	2	0	1	5	4732803644589093849461037771830208
7	2	0	1	4	2782543240332786217383692723062686816
7	2	0	1	3	98371665226846233425940882060807343368
7	2	0	1	2	479480579778884682880851089535576374400
7	2	0	1	1	-1450206752536964603997939305862614153556
7	2	0	0	5	-323691569862528907266549452648364888
7	2	0	0	4	-586983457480175943510961312499228756616
7	2	0	0	3	-19816732182466911291937745719169088680292
7	2	0	0	2	203730373598458591311315360437934507011112
7	2	0	0	1	210330294778626576743079205573123395293958
7	1	8	0	3	119378571722173440000000
7	1	8	0	2	3010332328111226880000000
7	1	8	0	1	-2964701756954972160000000
7	1	7	1	3	-278362551155673600000000
7	1	7	1	2	-198428716119628800000000
7	1	7	1	1	9424962338119372800000000
7	1	7	0	4	-360328874660474112000000
7	1	7	0	3	54869006484446011776000000
7	1	7	0	2	-13398760370774147182272000000
7	1	7	0	1	-2980008833307510052224000000
7	1	6	2	2	-1347628223848896000000000
7	1	6	2	1	-1685706839369856000000000
7	1	6	1	4	2322270713027339136000000
7	1	6	1	3	551830633457025711081600000
7	1	6	1	2	10688437508890050402163200000
7	1	6	1	1	-28688973002602327561766400000
7	1	6	0	5	1184571233926624512000000
7	1	6	0	4	-1546675827887130158361600000
7	1	6	0	3	-398014425943712834372542080000
7	1	6	0	2	16640124722060217649268060160000
7	1	6	0	1	9966414047938951650199994880000
7	1	5	3	1	-1472817730982400000000000
7	1	5	2	4	-17044517923096320000000
7	1	5	2	3	-82384966923862721760000000
7	1	5	2	2	1592793068923174862880000000
7	1	5	2	1	26425680852154765556160000000
7	1	5	1	5	-28151973680081587200000
7	1	5	1	4	-3656286789324259507424640000
7	1	5	1	3	-314536333238472997895028480000
7	1	5	1	2	-17344005105666201043499245440000
7	1	5	1	1	23636574950155008697996104960000
7	1	5	0	5	-2583136820558326186939392000
7	1	5	0	4	2594902507009304224551484953600
7	1	5	0	3	343983151792644808152644191756800
7	1	5	0	2	-9469741058907101000252779318156800
7	1	5	0	1	-7104682668434592162833435749939200
7	1	4	3	4	-44284951320220800000000
7	1	4	3	3	-5322321527432016240000000
7	1	4	3	2	-868231019826653840640000000
7	1	4	3	1	-1043989402969273652640000000
7	1	4	2	5	-160020307546027776000000
7	1	4	2	4	1894147820902183571596800000
7	1	4	2	3	227349440066740764948602400000
7	1	4	2	2	1042902079294818859074852480000
7	1	4	2	1	-33290571980495678394634600320000
7	1	4	1	5	243595108868857945857792000
7	1	4	1	4	1802599833699375799594931712000
7	1	4	1	3	82030511588930597063457093196800
7	1	4	1	2	10242680011272985755258789213542400
7	1	4	1	1	-8736015655183240038472897983638400
7	1	4	0	5	1919348190836081540577095086080
7	1	4	0	4	-1457003412980072251340174496103680
7	1	4	0	3	-130872941950935253563969226272091008
7	1	4	0	2	2921027974242195020929624856711430144
7	1	4	0	1	2374010275287146918768887483247542272
7	1	3	4	3	-399509248002364800000000
7	1	3	4	2	26173565082417189600000000
7	1	3	4	1	-1022265947610877161600000000
7	1	3	3	5	8856990264044160000000
7	1	3	3	4	54544999377804112512000000
7	1	3	3	3	547602878438251092561600000
7	1	3	3	2	1208575170599084053831108800000
7	1	3	3	1	5375615975168268241615075200000
7	1	3	2	5	328374196743177648771840000
7	1	3	2	4	-2223752378242779448559095680000
7	1	3	2	3	-166282202115659349243975665664000
7	1	3	2	2	-1346602962418208744487891296256000
7	1	3	2	1	14961737360795494639649020926048000
7	1	3	1	5	-303483126523639882775306342400
7	1	3	1	4	-359504732285417722502481770373120
7	1	3	1	3	-14055279294232220928581485250409600
7	1	3	1	2	-2913037795349776177945700849352875520
7	1	3	1	1	1681653961148574079452200444599253760
7	1	3	0	5	-657119783688239455738971126057216
7	1	3	0	4	397452378842343395975786108057579520
7	1	3	0	3	26404553083875384792289043568328871616
7	1	3	0	2	-520682298736288957724320692060408520896
7	1	3	0	1	-435640219425610004952019632758211605376
7	1	2	5	2	-1369869259281408000000000
7	1	2	5	1	63708022871834364000000000
7	1	2	4	4	-14121077799542513472000000
7	1	2	4	3	-1695151267750623506911200000
7	1	2	4	2	-112124161652976542514931200000
7	1	2	4	1	766260926821546997791752000000
7	1	2	3	5	-32661752922716239969920000
7	1	2	3	4	105154668552768515983491840000
7	1	2	3	3	6984324222274008590339898432000
7	1	2	3	2	-484915264508446213779596798208000
7	1	2	3	1	-2986484686583934545218466541360000
7	1	2	2	5	-173102830239899024210795961600
7	1	2	2	4	851497663285526053655955647635200
7	1	2	2	3	49288332193653930804544150147167360
7	1	2	2	2	431254840685069943161880867541382400
7	1	2	2	1	-3024995402156059520868015213622126560
7	1	2	1	5	128264021396430563264566074974208
7	1	2	1	4	22894095927772872800176825836782208
7	1	2	1	3	2070159400691307522420918079660889472
7	1	2	1	2	431341827452292424056835050605675640960
7	1	2	1	1	-173309300760199826566920543363350537904
7	1	2	0	5	112849597525605216998713900227681408
7	1	2	0	4	-57270839754632175950915745619692710688
7	1	2	0	3	-2935999973101460743989146441908045121184
7	1	2	0	2	53694327457039816943839782770744374211808
7	1	2	0	1	45325209669782815418157397886875488565524
7	1	1	6	1	-1484058090769920000000000
7	1	1	5	4	231303142242347760000000
7	1	1	5	3	-24786116133913515024000000
7	1	1	5	2	-3727082059270855486488000000
7	1	1	5	1	-132829314465664111846176000000
7	1	1	4	5	-1903528339953638169600000
7	1	1	4	4	20690163270707736547416960000
7	1	1	4	3	1741639022691054375306211200000
7	1	1	4	2	62743785001228462152932349120000
7	1	1	4	1	-87669112862007718344886806720000
7	1	1	3	5	23984830116976845505718592000
7	1	1	3	4	-68516329399425289764822104755200
7	1	1	3	3	-2969947068570665194147964506800000
7	1	1	3	2	69741369216841871218785061650681600
7	1	1	3	1	547728500622790025697855397893998400
7	1	1	2	5	28345500212483542945356038787840
7	1	1	2	4	-129153954901205815163836074507153024
7	1	1	2	3	-6343001986425858722519736630647230080
7	1	1	2	2	-55253800116137132858273320929042079488
7	1	1	2	1	280231885895423692544224438543030924128
7	1	1	1	5	-21148335658578205906214991557086080
7	1	1	1	4	1241101131594732002419146225260820864
7	1	1	1	3	-209423623480422912355500420238936404720
7	1	1	1	2	-32071523393012801366750146901238140212032
7	1	1	1	1	8892835350868426181659908472645282071720
7	1	1	0	5	-9409254923732572716949234520087311008
7	1	1	0	4	4187132369882158087939019234634479838384
7	1	1	0	3	169803471705281404676124509495485615794840
7	1	1	0	2	-2978094673850758991837628831912756692216880
7	1	1	0	1	-2517615010529292751003962277818835227527952
7	1	0	6	3	303559160677094880000000
7	1	0	6	2	19998814619500482240000000
7	1	0	6	1	-1487728429833575636280000000
7	1	0	5	5	-29856563084148912000000
7	1	0	5	4	68037907570905332534400000
7	1	0	5	3	24103396715798316265945920000
7	1	0	5	2	1555401909991784924950629120000
7	1	0	5	1	35256939822233131779098956800000
7	1	0	4	5	908058522242361083424480000
7	1	0	4	4	-4655023524931249941724503360000
7	1	0	4	3	-303156806928960559877546576688000
7	1	0	4	2	-8324158989632642450017253210016000
7	1	0	4	1	-9010765111171946455705980435948000
7	1	0	3	5	-4254631261253843608480780800000
7	1	0	3	4	9201093941740630235439267224524800
7	1	0	3	3	312409605693498530970463032315168000
7	1	0	3	2	-2952668931987476175258420207001002240
7	1	0	3	1	-31124578614679577121394893645294167040
7	1	0	2	5	-915898007980607296872201432824448
7	1	0	2	4	6599868070970828684147014351325870208
7	1	0	2	3	292836966131990511664994337006055655232
7	1	0	2	2	2488771883601497855430750365799880378752
7	1	0	2	1	-9674449236421620685666110617946978891096
7	1	0	1	5	1140747798840220873726203046500489600
7	1	0	1	4	-144903948742961212859004272484602382912
7	1	0	1	3	8893434936265080344485166914180486256736
7	1	0	1	2	946825167423664708298254376530252399398240
7	1	0	1	1	-171948232301972450917541992806409901604288
7	1	0	0	5	302611092161759313631665778581376484160
7	1	0	0	4	-122190949133193762625767862468263933464208
7	1	0	0	3	-3983052590123355225534705697187394854001480
7	1	0	0	2	68828211970850387423340801869932745018843328
7	1	0	0	1	58168548978435897036990611030245112798667744
7	0	9	0	3	-643969468993904640000000
7	0	9	0	2	6925563870138040320000000
7	0	9	0	1	-586127899922595840000000
7	0	8	1	3	536641224161587200000000
7	0	8	1	2	-9261077892417331200000000
7	0	8	1	1	14704612226128281600000000
7	0	8	0	4	6501777974075584512000000
7	0	8	0	3	2291260182493034310220800000
7	0	8	0	2	-19856445321897628571750400000
7	0	8	0	1	-11804226155094995723059200000
7	0	7	2	2	2908145556085248000000000
7	0	7	2	1	-15874297289570304000000000
7	0	7	1	4	-3275182446047741952000000
7	0	7	1	3	-2151748299770133302937600000
7	0	7	1	2	32613292249246785655756800000
7	0	7	1	1	-23174107201113871427481600000
7	0	7	0	4	-15973903231035955530624000000
7	0	7	0	3	-2787473217418378992864000000000
7	0	7	0	2	21189878525036236784335257600000
7	0	7	0	1	20360825521667943166796451840000
7	0	6	3	1	3356239193026560000000000
7	0	6	2	4	-2119572164413071360000000
7	0	6	2	3	-89889467795244357350400000
7	0	6	2	2	-12904390288407951994060800000
7	0	6	2	1	49453696630428684100761600000
7	0	6	1	4	10514202419615441092945920000
7	0	6	1	3	2601461810203117062717528576000
7	0	6	1	2	-36887000389554289003632488448000
7	0	6	1	1	10230272016217760190825455616000
7	0	6	0	4	14527821045600195082419146342400
7	0	6	0	3	1675942834674603670963965879459840
7	0	6	0	2	-11635773503737940936472250387537920
7	0	6	0	1	-13742633562390092455521737740047360
7	0	5	3	4	278139396954009600000000
7	0	5	3	3	62045762096453520384000000
7	0	5	3	2	302911053697782952704000000
7	0	5	3	1	-16036053832017737072640000000
7	0	5	2	4	4333013152505140528512000000
7	0	5	2	3	135525137441955752421411840000
7	0	5	2	2	15710789788255492146629452800000
7	0	5	2	1	-45928682558552954373218703360000
7	0	5	1	4	-10416095107209394862169992601600
7	0	5	1	3	-1449068187736150576843277202739200
7	0	5	1	2	19792891734940565330298936407654400
7	0	5	1	1	-196435998105723845649319525632000
7	0	5	0	4	-6720892974601693515002502509617152
7	0	5	0	3	-576102013853167590660421396009316352
7	0	5	0	2	3735405378312717165231862871230076928
7	0	5	0	1	4949249918918399197526784375765172224
7	0	4	4	3	-1726416116532080640000000
7	0	4	4	2	236594535248295567360000000
7	0	4	4	1	806617335441318739200000000
7	0	4	3	4	-1250398668168698689843200000
7	0	4	3	3	-128390192706863948434675200000
7	0	4	3	2	-857122449558237780090992640000
7	0	4	3	1	17679520415298133949919759360000
7	0	4	2	4	-2787019687692369577534381056000
7	0	4	2	3	-81386187053877964403945959334400
7	0	4	2	2	-8291863129497995629435769509939200
7	0	4	2	1	19149847658320254357822910738099200
7	0	4	1	4	4751910787734609540400073470279680
7	0	4	1	3	436571598615838994465622131135505408
7	0	4	1	2	-5835379097962086888721559519251611648
7	0	4	1	1	-1036000854172148095425298637035178496
7	0	4	0	4	1780793290475386450735778647404318720
7	0	4	0	3	120861604823076020004478087150087006464
7	0	4	0	2	-742137017556731297592026750522349413376
7	0	4	0	1	-1057898712971624528395208265391746320256
7	0	3	5	2	-11253081230008934400000000
7	0	3	5	1	195221286066236313600000000
7	0	3	4	4	27177714391298241484800000
7	0	3	4	3	5185571589411383243059200000
7	0	3	4	2	-331535530031693358338380800000
7	0	3	4	1	-1592381378582968588071321600000
7	0	3	3	4	1170703625564493101119044096000
7	0	3	3	3	81745296377135811340289355648000
7	0	3	3	2	622863007077840957833160078720000
7	0	3	3	1	-7655884311529663356443090105088000
7	0	3	2	4	769407078895608873418038084165120
7	0	3	2	3	24730150069408625447869774358231040
7	0	3	2	2	2227792481238498162322070102685465600
7	0	3	2	1	-4114960862556229278143864313077498880
7	0	3	1	4	-1144736132765479633014521952110441472
7	0	3	1	3	-75770504734210044767341183133874372096
7	0	3	1	2	1000396399134777724529391918657580655616
7	0	3	1	1	319640695901866503283475175074528638464
7	0	3	0	4	-281947612858037753491799578553343323904
7	0	3	0	3	-15769754633182957445865332517999399977472
7	0	3	0	2	92622360766978490085018134310730956867072
7	0	3	0	1	138846212360024806545260179165642467858816
7	0	2	6	1	-12563361154471680000000000
7	0	2	5	4	3925228056824199168000000
7	0	2	5	3	441759153879153486028800000
7	0	2	5	2	27264908841760198616371200000
7	0	2	5	1	-163284173199220039884057600000
7	0	2	4	4	-56039084951817585967994880000
7	0	2	4	3	-4179815918682570997917300288000
7	0	2	4	2	131468960131367908000700473344000
7	0	2	4	1	825627592011477235216884227712000
7	0	2	3	4	-402234201891279397356523358284800
7	0	2	3	3	-22108650827199799360549885384112640
7	0	2	3	2	-181825174586390563706283879164974080
7	0	2	3	1	1520745639804169535786999492586216960
7	0	2	2	4	-95591298973285807422413625282327552
7	0	2	2	3	-3969780193997159339718494433626259456
7	0	2	2	2	-318618360759555877889793481751289973248
7	0	2	2	1	471003228022696597358194878165720491712
7	0	2	1	4	150409909451110225487545712856150816768
7	0	2	1	3	7581091134459426039037200443907969188352
7	0	2	1	2	-99497824631834504773394906929396072041984
7	0	2	1	1	-42970453194739743485122104280351022255424
7	0	2	0	4	26387798058404972270704059430716673566336
7	0	2	0	3	1250166148117173564895076242306422494361888
7	0	2	0	2	-7081690339006505567017032082433885079091776
7	0	2	0	1	-11006248424923544272385589704770599961330200
7	0	1	6	3	5686194747191316480000000
7	0	1	6	2	766898238863094879744000000
7	0	1	6	1	21427443442042187245056000000
7	0	1	5	4	-4337696103107309061926400000
7	0	1	5	3	-335452875025838507965140480000
7	0	1	5	2	-13469140753190209950884288640000
7	0	1	5	1	22695497583069416626691873280000
7	0	1	4	4	24332517921577527095726609856000
7	0	1	4	3	1153611828692346760731652951987200
7	0	1	4	2	-18164893666822300841248284429081600
7	0	1	4	1	-151872958023249306116789612154316800
7	0	1	3	4	56109502005089508582648690503347200
7	0	1	3	3	2653703026064667606166156800417738240
7	0	1	3	2	22906563032011961625264634512009231360
7	0	1	3	1	-138187049198979706716563688573878590080
7	0	1	2	4	4544926430611188071104222006269374976
7	0	1	2	3	318094206746795992079439274953818053632
7	0	1	2	2	23085389809938719221823908394772447541248
7	0	1	2	1	-27168280464085165073279729188477138968576
7	0	1	1	4	-10182710288706964532504829469555297975296
7	0	1	1	3	-406281038227619532602146889044527637065792
7	0	1	1	2	5328156643343051256262275171841193660277696
7	0	1	1	1	2785768386095549934552921334649747498313648
7	0	1	0	4	-1347324501602784056124039658379448331127328
7	0	1	0	3	-55152158671386515391043910389841276847512064
7	0	1	0	2	303630368739448775817809025814741449093432576
7	0	1	0	1	484390958810744696893190479353347693128900224
7	0	0	7	1	290451646303569169920000000
7	0	0	6	4	-16876034552510970163200000
7	0	0	6	3	-3647389496544592280017920000
7	0	0	6	2	-254309039619394784260884480000
7	0	0	6	1	-5540519198944113800835346560000
7	0	0	5	4	861703579350243642496082688000
7	0	0	5	3	53183166169538422624466743718400
7	0	0	5	2	1703742728314020225918141980390400
7	0	0	5	1	1586363799711276757214741703168000
7	0	0	4	4	-2828022340177246737345783013324800
7	0	0	4	3	-101566347726700937737395145806635520
7	0	0	4	2	689039129847523089497824095192529920
7	0	0	4	1	8614174142547313479707433346625653440
7	0	0	3	4	-2635426249539510681819665492481073152
7	0	0	3	3	-115269691377524363708146158423367425024
7	0	0	3	2	-1028847388874429643364299782683105708032
7	0	0	3	1	4652835038996841967471097704101435920256
7	0	0	2	4	-25573902300011320363046491827634091520
7	0	0	2	3	-10003786881009338859290675020408514563584
7	0	0	2	2	-666063235589720299607362086171647749919232
7	0	0	2	1	617922273115226678841159582182866785960624
7	0	0	1	4	277794592039597615637000722458557643004032
7	0	0	1	3	9027961149599981380314723195713245234454496
7	0	0	1	2	-118919787572265140618873152164368758823319360
7	0	0	1	1	-71014129746223901453911215270965765975324976
7	0	0	0	4	28936165673226814154868429101671350739830144
7	0	0	0	3	1038671568708980919200597896936285660435356768
7	0	0	0	2	-5600529179742581791377572402411203849664374848
7	0	0	0	1	-9100332259284048012509456454667243956282348576
6	8	0	0	2	-3246893634211200000000000
6	8	0	0	1	42157986474875027625000000
6	7	1	0	3	2631385995944860800000000
6	7	1	0	2	-163246600463785865550000000
6	7	1	0	1	-878519295359920156950000000
6	7	0	1	2	6244220674920825000000000
6	7	0	1	1	-287775924111729668812500000
6	7	0	0	5	53711821626764400000000
6	7	0	0	4	-26065078334096615460000000
6	7	0	0	3	445760869495471246720800000
6	7	0	0	2	68867474382432260734492800000
6	7	0	0	1	327995539400536735003663500000
6	6	3	0	1	4944608959058100000000000
6	6	2	0	4	249321821236624800000000
6	6	2	0	3	65694575742951618540000000
6	6	2	0	2	383181779824449905340000000
6	6	2	0	1	-17866339057636918733160000000
6	6	1	1	3	6471813553127298000000000
6	6	1	1	2	598283799990167221425000000
6	6	1	1	1	2168719065957904362225000000
6	6	1	0	5	1492533125756662320000000
6	6	1	0	4	-982692494024366577337200000
6	6	1	0	3	-62816014418059169011875600000
6	6	1	0	2	224794627654740787252949400000
6	6	1	0	1	9448359181750214447402543400000
6	6	0	2	2	4342572047420437500000000
6	6	0	2	1	583466163676737061500000000
6	6	0	1	5	32013910977781500000000
6	6	0	1	4	-58697728478682072120000000
6	6	0	1	3	-5756259085187043773629800000
6	6	0	1	2	-225020473191978871283944200000
6	6	0	1	1	-506060289705081681467037900000
6	6	0	0	5	-708380727231666528995760000
6	6	0	0	4	307130916209235477558775200000
6	6	0	0	3	10035408174458897409034934232000
6	6	0	0	2	-67309021745259144366397705848000
6	6	0	0	1	-1184861466112887550988681334390000
6	5	4	0	2	-10669309218583128000000000
6	5	4	0	1	15072713450055612000000000
6	5	3	1	1	-28752372849086100000000000
6	5	3	0	4	2667205685605875120000000
6	5	3	0	3	330155162900215333848000000
6	5	3	0	2	49953302616130131476664000000
6	5	3	0	1	6170612187349204890336000000
6	5	2	1	4	-733563649419984000000000
6	5	2	1	3	-35981816104889221410000000
6	5	2	1	2	4742880234578965087290000000
6	5	2	1	1	110118156925773664428525000000
6	5	2	0	5	6558410605259378592000000
6	5	2	0	4	-5768902980557287897010400000
6	5	2	0	3	-636630287915954108932268400000
6	5	2	0	2	-34960343951828327743866376080000
6	5	2	0	1	-16081649053278594852606031080000
6	5	1	2	3	-5343706301596560000000000
6	5	1	2	2	-476059087007593512750000000
6	5	1	2	1	4376659333772556938250000000
6	5	1	1	5	-101491367745043440000000
6	5	1	1	4	859066584323818515442200000
6	5	1	1	3	355118695807892828160600000
6	5	1	1	2	-3598660747334389062713797800000
6	5	1	1	1	-55308786321529245345940828800000
6	5	1	0	5	-5614778306104801848185760000
6	5	1	0	4	2442268660035774385493723592000
6	5	1	0	3	235019184406524761417318128680000
6	5	1	0	2	7976149210408258344214092108744000
6	5	1	0	1	5655045960294299805949869036780000
6	5	0	3	2	-3183216234087937500000000
6	5	0	3	1	-340421174977250598750000000
6	5	0	2	5	-22330239000104250000000
6	5	0	2	4	41246517148626181590000000
6	5	0	2	3	3495231165884442028121250000
6	5	0	2	2	141977146145950756521905400000
6	5	0	2	1	-1532135653947915675726081600000
6	5	0	1	5	79198717057777005918840000
6	5	0	1	4	-215444801460374829270544680000
6	5	0	1	3	3548586366661184525433790548000
6	5	0	1	2	512073938583851111187867215496000
6	5	0	1	1	6754990953378676198230455997438000
6	5	0	0	5	881875521419819114627869204800
6	5	0	0	4	-242370873778543611324414595380000
6	5	0	0	3	-23303384150629163605568808836723640
6	5	0	0	2	-575999686817973195418313295575232240
6	5	0	0	1	-556072034790307913291701458777096000
6	4	5	0	3	692592537994473600000000
6	4	5	0	2	-100169870878209398400000000
6	4	5	0	1	-152844839980072272000000000
6	4	4	1	2	23649268618296144000000000
6	4	4	1	1	-157976703208601676000000000
6	4	4	0	5	12200955975979200000000
6	4	4	0	4	-21798845860668846336000000
6	4	4	0	3	-5058087365789009189366400000
6	4	4	0	2	228810677987239675180243200000
6	4	4	0	1	387656140222102120015809600000
6	4	3	2	1	45015083973790200000000000
6	4	3	1	4	-11749596477296535360000000
6	4	3	1	3	-1722326883806777934708000000
6	4	3	1	2	-93022841485528196293242000000
6	4	3	1	1	272446821547396591876236000000
6	4	3	0	5	-51029981678294471174400000
6	4	3	0	4	41200597517769950184679680000
6	4	3	0	3	4599643209485549227508832480000
6	4	3	0	2	-147938567173171039072204945200000
6	4	3	0	1	-263788768208608827480602251200000
6	4	2	2	4	284549501396808000000000
6	4	2	2	3	-48129241141993766220000000
6	4	2	2	2	-9575836563301745165640000000
6	4	2	2	1	-142076184537748984067070000000
6	4	2	1	5	-4337844818548075344000000
6	4	2	1	4	20524665429368462499634800000
6	4	2	1	3	2089823892359926852049230800000
6	4	2	1	2	63174291766911423402950290320000
6	4	2	1	1	-114785976092611547142130103280000
6	4	2	0	5	46752421774644322620425856000
6	4	2	0	4	-23000371031436414584003425872000
6	4	2	0	3	-1568397267102962362771851700780800
6	4	2	0	2	38236915454367922116186556517817600
6	4	2	0	1	72214408058057569019712589515194400
6	4	1	3	3	-860247824800050000000000
6	4	1	3	2	-49725130747465206000000000
6	4	1	3	1	-9209087152284516349500000000
6	4	1	2	5	-416957977218454380000000
6	4	1	2	4	209370018350368234678500000
6	4	1	2	3	89966499137009255853210600000
6	4	1	2	2	6136724711046885173702586000000
6	4	1	2	1	69368276191347888652467662400000
6	4	1	1	5	4647947885274839826291120000
6	4	1	1	4	-8862281810696730299273087112000
6	4	1	1	3	-665967605469571143209903124528000
6	4	1	1	2	-14462508967904421461472814907712000
6	4	1	1	1	14125498829432439168386909775204000
6	4	1	0	5	-14819679541998422516226799872000
6	4	1	0	4	5042454931430433695507386942545840
6	4	1	0	3	237462044195658985879373565096156480
6	4	1	0	2	-4174086663048718095859095624625390560
6	4	1	0	1	-8503653676631988612179282000972824800
6	4	0	4	2	-512993154997125000000000
6	4	0	4	1	-99625125153182355000000000
6	4	0	3	5	-4667932616838750000000
6	4	0	3	4	6971995146464140680000000
6	4	0	3	3	1148643447119020541011500000
6	4	0	3	2	51479071466635753545861000000
6	4	0	3	1	2855613274989550804926792000000
6	4	0	2	5	244657531061146543753980000
6	4	0	2	4	-125212979313703151692097400000
6	4	0	2	3	-18826401759294934396505455920000
6	4	0	2	2	-832931498340279987816205859760000
6	4	0	2	1	-8453304130405946533037322349320000
6	4	0	1	5	-909813190603720187783310544800
6	4	0	1	4	1055848851827377840159490304993600
6	4	0	1	3	61528618299505691193329904398582400
6	4	0	1	2	1067326651443529221568670420237440800
6	4	0	1	1	-206840199780555830419233025976029200
6	4	0	0	5	1485902679849837252232527362131872
6	4	0	0	4	-380145527684947060547909010709545504
6	4	0	0	3	-13571638703453596346771170468933594008
6	4	0	0	2	156949265634197798271032622340162590600
6	4	0	0	1	352752471774313167498146292749263703352
6	3	6	0	4	54226471004352000000000
6	3	6	0	3	16674613055334040320000000
6	3	6	0	2	-61315751954540833920000000
6	3	6	0	1	-423716887857133232640000000
6	3	5	1	3	-1655112398321721600000000
6	3	5	1	2	161077160266253438400000000
6	3	5	1	1	172346369346314856000000000
6	3	5	0	5	24944176662001920000000
6	3	5	0	4	-285044164860940370496000000
6	3	5	0	3	-42117128107042861213401600000
6	3	5	0	2	156480749014845918959280000000
6	3	5	0	1	862751869656222052342425600000
6	3	4	2	2	-20155678014145392000000000
6	3	4	2	1	178769486468497788000000000
6	3	4	1	5	-8133970650652800000000
6	3	4	1	4	39226776733239672096000000
6	3	4	1	3	9214344947931716860336800000
6	3	4	1	2	-341277533219151691704086400000
6	3	4	1	1	-299208422824494490429063200000
6	3	4	0	5	-75823127107986372480000000
6	3	4	0	4	354976688207853036597398400000
6	3	4	0	3	33879526265502675300336232032000
6	3	4	0	2	-111152685270306124553574561984000
6	3	4	0	1	-578011272235373544660989464896000
6	3	3	3	1	-30419753149644300000000000
6	3	3	2	4	10259700197375285280000000
6	3	3	2	3	1685075756126199017760000000
6	3	3	2	2	59046639247438746306408000000
6	3	3	2	1	-318958833069483305318712000000
6	3	3	1	5	23456583288811002067200000
6	3	3	1	4	-72701676133936087808059200000
6	3	3	1	3	-8034175743152131420444836000000
6	3	3	1	2	214387647084936621917267829120000
6	3	3	1	1	196864685680290151066899891840000
6	3	3	0	5	63834683392767179590455168000
6	3	3	0	4	-176366752358085721415632529750400
6	3	3	0	3	-12283330395064070709618132304080000
6	3	3	0	2	31915049159970267124736026135843200
6	3	3	0	1	175115729314627860630810204649065600
6	3	2	3	4	227561497146864000000000
6	3	2	3	3	56019623817892370760000000
6	3	2	3	2	5002145113534525786320000000
6	3	2	3	1	57444922358005901476860000000
6	3	2	2	5	144644006751745896000000
6	3	2	2	4	-15950202236685628901535600000
6	3	2	2	3	-1530610234224946254027500400000
6	3	2	2	2	-35322467209952669247545919360000
6	3	2	2	1	154764032890759176808068402240000
6	3	2	1	5	-14019649350178992039816480000
6	3	2	1	4	39801497426025529512764833056000
6	3	2	1	3	2663477105372319680137111409294400
6	3	2	1	2	-54855875911270978853755699102862400
6	3	2	1	1	-59326810937763383668717604571544800
6	3	2	0	5	-20466308707749332824680888687360
6	3	2	0	4	40870766808025154567089906421151360
6	3	2	0	3	2229202241765534643598316058370129152
6	3	2	0	2	-4038740670540211187230460657778514560
6	3	2	0	1	-26311621122735541913036557362680554752
6	3	1	4	3	1504854306058788000000000
6	3	1	4	2	172004568007315095000000000
6	3	1	4	1	3793192421825430414000000000
6	3	1	3	5	83429127190983240000000
6	3	1	3	4	-452909216094096391650000000
6	3	1	3	3	-49094559253803500111671200000
6	3	1	3	2	-2599320765649277677369078800000
6	3	1	3	1	-22155906202643853109948341600000
6	3	1	2	5	251286308293432931273520000
6	3	1	2	4	6120350772839759092479131664000
6	3	1	2	3	402086173269455390419962024816000
6	3	1	2	2	7542472754574485195647831905312000
6	3	1	2	1	-25195144171659107796679298052600000
6	3	1	1	5	2952193237821440057174230339200
6	3	1	1	4	-8544436400251248020134534532946240
6	3	1	1	3	-390878351898065661486842564880314880
6	3	1	1	2	5979111557432880948315499056239308800
6	3	1	1	1	7883879731427281048877590742412347040
6	3	1	0	5	2484174586366836839105199451910016
6	3	1	0	4	-4388454244563668053994759809671659808
6	3	1	0	3	-197348222264727534197344136208273021552
6	3	1	0	2	201938734545629615277760858279042461168
6	3	1	0	1	1900319707003481311329790695238804815168
6	3	0	5	2	474289848146025000000000
6	3	0	5	1	136412760627612531000000000
6	3	0	4	5	3211328433321000000000
6	3	0	4	4	-8923152834881391240000000
6	3	0	4	3	-1172804626372637509659000000
6	3	0	4	2	-58719110730797087283024000000
6	3	0	4	1	-980851301122971082596930000000
6	3	0	3	5	-43985729877209815584240000
6	3	0	3	4	115763490301604160111125760000
6	3	0	3	3	7438964259336147612839791440000
6	3	0	3	2	301558398729235954273227139560000
6	3	0	3	1	2386038891663915098970404313720000
6	3	0	2	5	-71761838796036685915488518400
6	3	0	2	4	-667428976259007162774969333614400
6	3	0	2	3	-32366474439569641317626733112340400
6	3	0	2	2	-542233649278806519297474151507576800
6	3	0	2	1	1122766561116049507396057009493670600
6	3	0	1	5	-221600677180743404879023988394048
6	3	0	1	4	637170960443947655281748503968314016
6	3	0	1	3	21551533629590440747898341756476197760
6	3	0	1	2	-224403115650660863560074348491576984856
6	3	0	1	1	-359404347583409713989997718074179222432
6	3	0	0	5	-76077689330814685831869331986314856
6	3	0	0	4	173660145534658729104964028140411190664
6	3	0	0	3	6747543931288887689965788915553845590838
6	3	0	0	2	-2035223600405787292898667188696598167112
6	3	0	0	1	-52321445496438280409083153071586802131323
6	2	7	0	4	96402615118848000000000
6	2	7	0	3	5075862793198924032000000
6	2	7	0	2	108920663396606870784000000
6	2	7	0	1	-118687742548680515328000000
6	2	6	1	4	-72301961339136000000000
6	2	6	1	3	-19349069299894730880000000
6	2	6	1	2	-7489418749192552320000000
6	2	6	1	1	368565393592959586560000000
6	2	6	0	5	-2675172569548032000000
6	2	6	0	4	-297349181166991879987200000
6	2	6	0	3	-18411032436361534087545600000
6	2	6	0	2	-122378298970111761810470400000
6	2	6	0	1	241804478096872955098041600000
6	2	5	2	3	1132128211301971200000000
6	2	5	2	2	-53380370691032860800000000
6	2	5	2	1	-119914560220295160000000000
6	2	5	1	5	2530568646869760000000
6	2	5	1	4	289509943034897059968000000
6	2	5	1	3	40880542319814137848243200000
6	2	5	1	2	-59678180494940100259454400000
6	2	5	1	1	-348238679448908175532041600000
6	2	5	0	5	22943003458070389386240000
6	2	5	0	4	307274726675389968520095744000
6	2	5	0	3	17432418112714758673907973504000
6	2	5	0	2	57554601801457771224855390528000
6	2	5	0	1	-155622261339045568447935641280000
6	2	4	3	2	7704175658247936000000000
6	2	4	3	1	-14448899826441504000000000
6	2	4	2	5	1355661775108800000000
6	2	4	2	4	-28971048457499804352000000
6	2	4	2	3	-5173189258076593387603200000
6	2	4	2	2	54005563761122980886025600000
6	2	4	2	1	-58638598385210990880091200000
6	2	4	1	5	-36094035644817296486400000
6	2	4	1	4	-299207224125475728359014080000
6	2	4	1	3	-27969057012012389887049006400000
6	2	4	1	2	63850190723362586580666691392000
6	2	4	1	1	110220109264075725711760923072000
6	2	4	0	5	-24397693714789671830308876800
6	2	4	0	4	-142865530930122512802243983654400
6	2	4	0	3	-7138920689818583337906841716526080
6	2	4	0	2	-18517517712422159255708778286099200
6	2	4	0	1	40419605866311736634973451982474880
6	2	3	4	1	9424778235903000000000000
6	2	3	3	4	-2017662103597155840000000
6	2	3	3	3	-369222361589642401008000000
6	2	3	3	2	-12246829915621005077400000000
6	2	3	3	1	-35376670222321824345312000000
6	2	3	2	5	-406012165996871952000000
6	2	3	2	4	36959221854883731167105040000
6	2	3	2	3	3900239738047203766348574880000
6	2	3	2	2	-10388275983292964355849674880000
6	2	3	2	1	140261119204870770055617778560000
6	2	3	1	5	47058515230604022875294784000
6	2	3	1	4	126156671394854673113978676537600
6	2	3	1	3	8549868188229671807179361914809600
6	2	3	1	2	-20682694771387256466888471843926400
6	2	3	1	1	-11192082195725722258153733309529600
6	2	3	0	5	10227245001475132482644140266240
6	2	3	0	4	33373466148958588176207063307109568
6	2	3	0	3	1485604184403419120506693253747824512
6	2	3	0	2	4475227017433829951710786225159459584
6	2	3	0	1	-3585618956218895548389273571360363296
6	2	2	4	4	-129875745368448000000000
6	2	2	4	3	-14072744874395202480000000
6	2	2	4	2	-52191482681645786160000000
6	2	2	4	1	826299937349219684520000000
6	2	2	3	5	436811099976556200000000
6	2	2	3	4	635994531131158289944800000
6	2	2	3	3	63618892895794899643196400000
6	2	2	3	2	1393563526969791926671987680000
6	2	2	3	1	24338541145031200702446079680000
6	2	2	2	5	-4080435501833619488034192000
6	2	2	2	4	-13900670839051662476048623200000
6	2	2	2	3	-1069891425391018396290167253398400
6	2	2	2	2	-2387793106894401303694311074198400
6	2	2	2	1	-51763935916262956329230893976304000
6	2	2	1	5	-19697763004834914172693174976640
6	2	2	1	4	-24577459404782582940954603770736000
6	2	2	1	3	-1280147295181230163848942901662993216
6	2	2	1	2	2604385959999999797983650848533563264
6	2	2	1	1	-1116048822723787949782987119480141120
6	2	2	0	5	-2093532357640784314228401984705792
6	2	2	0	4	-3973120362829394958398509623052181376
6	2	2	0	3	-162792503540746541203562948810610544896
6	2	2	0	2	-679736941698101954171118035913952172496
6	2	2	0	1	-206971366396898571088585555411069443192
6	2	1	5	3	-395420877066045600000000
6	2	1	5	2	-57371266012446878400000000
6	2	1	5	1	371054310880012430400000000
6	2	1	4	5	14198465023624080000000
6	2	1	4	4	76624368778500020658000000
6	2	1	4	3	-3562919935830000728575200000
6	2	1	4	2	-516315756252672102601339200000
6	2	1	4	1	-7721750020831780874583672000000
6	2	1	3	5	-792899514153091037570400000
6	2	1	3	4	579766880037943512886952736000
6	2	1	3	3	51519048878992164073361313408000
6	2	1	3	2	939019724557498418272959392784000
6	2	1	3	1	-3842200100071581263083524042288000
6	2	1	2	5	2531744381999860501054539254400
6	2	1	2	4	1916006004788543644871523098995200
6	2	1	2	3	120262309222303510348591374695484480
6	2	1	2	2	829752682205726267735730828492028800
6	2	1	2	1	6975188457547367415682125154127178720
6	2	1	1	5	3159782237067433293093334296001920
6	2	1	1	4	2141240842378809517541961474057966336
6	2	1	1	3	90240415083964214897552417752373947968
6	2	1	1	2	-105917366488897669797752839252030187856
6	2	1	1	1	317977279119845767645394566089515516208
6	2	1	0	5	207430274930392205097037837985769264
6	2	1	0	4	220419514492825111566195247039077745032
6	2	1	0	3	8783441576992820384820350823144698641944
6	2	1	0	2	53826948459293796896018135367078258451848
6	2	1	0	1	52318093073310334471880642941100810975724
6	2	0	6	2	-58054960276650000000000
6	2	0	6	1	-37674863778644838000000000
6	2	0	5	5	-341007514417800000000
6	2	0	5	4	1802311325422593840000000
6	2	0	5	3	202507744740783053432400000
6	2	0	5	2	9725492436367671855554400000
6	2	0	5	1	-328119959056135757001696000000
6	2	0	4	5	-15883737761404381772880000
6	2	0	4	4	1439591377820490842582880000
6	2	0	4	3	2546599638443292759636056160000
6	2	0	4	2	126371245586994618561182605680000
6	2	0	4	1	1591637510583108290949715158480000
6	2	0	3	5	198412824094739466787605081600
6	2	0	3	4	-142112721478509176619876972595200
6	2	0	3	3	-9370587385424187896701696844414400
6	2	0	3	2	-145872652490431016383094316181286400
6	2	0	3	1	115595453921390886404145995954071200
6	2	0	2	5	-353489970679697020375381940710272
6	2	0	2	4	-78908800030794299326046651379845568
6	2	0	2	3	-4582263480322074778524912252590354400
6	2	0	2	2	-58701615476271564638043180924133487040
6	2	0	2	1	-323864214238198962766984649097392804016
6	2	0	1	5	-165554827252637770064994582644900064
6	2	0	1	4	-63330797722334735612527182275384777472
6	2	0	1	3	-2302259687574888776350446062719256651616
6	2	0	1	2	-607745711173401127658320021549975689072
6	2	0	1	1	-17688806258499529246964519911407464159688
6	2	0	0	5	-7603770994159784599859471393346091512
6	2	0	0	4	-4114730212487289830962581838019027882856
6	2	0	0	3	-177579623698000042367903633087342535310752
6	2	0	0	2	-1672441185582055180074262357598954204803248
6	2	0	0	1	-2294442355560305610665154940014992920893846
6	1	8	0	4	-20244549174958080000000
6	1	8	0	3	201915277366427136000000
6	1	8	0	2	-232945929536572643328000000
6	1	8	0	1	313251814398566117376000000
6	1	7	1	4	-4820130755942400000000
6	1	7	1	3	8590268328664087296000000
6	1	7	1	2	48255919640888827392000000
6	1	7	1	1	-945577389927955820544000000
6	1	7	0	5	-19087717793531904000000
6	1	7	0	4	67154408741203944652800000
6	1	7	0	3	-7491793166972175897584640000
6	1	7	0	2	582804346392174129404613120000
6	1	7	0	1	-433005677391914421148707840000
6	1	6	2	4	18075490334784000000000
6	1	6	2	3	705104794081774080000000
6	1	6	2	2	114532773769955646720000000
6	1	6	2	1	305196701087080535040000000
6	1	6	1	5	20244549174958080000000
6	1	6	1	4	-143215146604869875712000000
6	1	6	1	3	-18121929900317971400361600000
6	1	6	1	2	-324688258090291743169574400000
6	1	6	1	1	1974460424314544295201907200000
6	1	6	0	5	18156861854153517219840000
6	1	6	0	4	-52555569259705244078565888000
6	1	6	0	3	8464841180374723331227348608000
6	1	6	0	2	-510416556560551848003833574144000
6	1	6	0	1	248360682284775426873203421696000
6	1	5	3	3	-235583890696684800000000
6	1	5	3	2	-16363049622054796800000000
6	1	5	3	1	161864007560175744000000000
6	1	5	2	5	-3615098066956800000000
6	1	5	2	4	25433785460312399232000000
6	1	5	2	3	9219045432584732994489600000
6	1	5	2	2	-202007575003883093001504000000
6	1	5	2	1	-1214451256307490873188697600000
6	1	5	1	5	-64010822612976488540160000
6	1	5	1	4	238756872741991706201991552000
6	1	5	1	3	17111907553404457197969746688000
6	1	5	1	2	351833386306727332634960608128000
6	1	5	1	1	-1447242590464991977817752706304000
6	1	5	0	5	6192273166782238664494387200
6	1	5	0	4	19490794650780277600563752655360
6	1	5	0	3	-3554217540763001841158136099947520
6	1	5	0	2	222464615201940366290805436019888640
6	1	5	0	1	-80435515066784357343347831929182720
6	1	4	4	2	-1095575553069408000000000
6	1	4	4	1	-30976481041383168000000000
6	1	4	3	4	11558783344617093888000000
6	1	4	3	3	981152046252200177136000000
6	1	4	3	2	84246084573775743917952000000
6	1	4	3	1	-132578298475076626894944000000
6	1	4	2	5	19648870185942584294400000
6	1	4	2	4	-127395715289533483925111040000
6	1	4	2	3	-13746419544629728619690903136000
6	1	4	2	2	118177217357267387410097118336000
6	1	4	2	1	1058832211462469285022818808192000
6	1	4	1	5	57870208494367006693984819200
6	1	4	1	4	-148224491349336340942649287910400
6	1	4	1	3	-8679961728988795391112166469909760
6	1	4	1	2	-158182644780257942758435481869747200
6	1	4	1	1	519866209263605004261977831274533760
6	1	4	0	5	-11043797350073681452378043506176
6	1	4	0	4	-4636227650563785562698313065593088
6	1	4	0	3	683083848408608175690084416431180416
6	1	4	0	2	-55086083361826714249370637715910437632
6	1	4	0	1	16361943950506108248427537163599736832
6	1	3	5	1	-1087876733112000000000000
6	1	3	4	4	-495841941471358080000000
6	1	3	4	3	-86246498378454541632000000
6	1	3	4	2	-1370971852773773172192000000
6	1	3	4	1	100153237371273781876800000000
6	1	3	3	5	-722289095796792729600000
6	1	3	3	4	-7314390247817927603214720000
6	1	3	3	3	-323484249617305961343854400000
6	1	3	3	2	-74622911445946467437376778560000
6	1	3	3	1	-18797984524185614119558707840000
6	1	3	2	5	-22256022678306578635544064000
6	1	3	2	4	97635527498130144913469112422400
6	1	3	2	3	6900128303521317144281276148864000
6	1	3	2	2	-31132525528629300001100184014860800
6	1	3	2	1	-380148270455428771393526541143443200
6	1	3	1	5	-21416950986663593745059514670080
6	1	3	1	4	45515798274795354614109295835048448
6	1	3	1	3	2419673121224706584657954914496970624
6	1	3	1	2	36476325943257560426207069112403409664
6	1	3	1	1	-102405041212992078780824939376733949184
6	1	3	0	5	4295547309988056981585895798240512
6	1	3	0	4	818060677387445144723490493684340544
6	1	3	0	3	-52558652146114844946989645872747477248
6	1	3	0	2	8144498958834278847005078130555018476544
6	1	3	0	1	-2136075419256327974027021420321557296624
6	1	2	5	4	15922052288726400000000
6	1	2	5	3	-424696290820511040000000
6	1	2	5	2	-513329716783947427200000000
6	1	2	5	1	-5127852061570374433440000000
6	1	2	4	5	-78993463230232704000000
6	1	2	4	4	2245093652012350501094400000
6	1	2	4	3	206337132210946708710223200000
6	1	2	4	2	4330713957310463927292120960000
6	1	2	4	1	-57870761280694078301569448640000
6	1	2	3	5	1365504030163585451540736000
6	1	2	3	4	-1998327509119199118895713792000
6	1	2	3	3	-101222627474279469599126865849600
6	1	2	3	2	23914688482738920360863674549555200
6	1	2	3	1	27945377445539029398253943752540800
6	1	2	2	5	8859548429632078793830972465920
6	1	2	2	4	-28925737515483944976676782930827520
6	1	2	2	3	-1563436684935747666312247694358789696
6	1	2	2	2	3891964211343667384665197595819126912
6	1	2	2	1	65700322741375873898288321094535094688
6	1	2	1	5	3576154959113296856693902344391680
6	1	2	1	4	-7378621010692889275955168434234642176
6	1	2	1	3	-367787117174990666875852317006517290144
6	1	2	1	2	-4563413605782953642323798763603830695936
6	1	2	1	1	11294398289930567353446769319304070079760
6	1	2	0	5	-747307610842737816190370411137789632
6	1	2	0	4	-101196708379028521752855355405617510432
6	1	2	0	3	-1119286722981069480701712956163144869304
6	1	2	0	2	-714442453294920057864997787068852545623376
6	1	2	0	1	172619207230200111661993770338681202040500
6	1	1	6	3	32097012672672000000000
6	1	1	6	2	5563244165448038400000000
6	1	1	6	1	-449500221058870699200000000
6	1	1	5	5	-3184410457745280000000
6	1	1	5	4	26304609892976297222400000
6	1	1	5	3	6150492849158732478931200000
6	1	1	5	2	516871303516631641735425600000
6	1	1	5	1	5459862977643766826286489600000
6	1	1	4	5	135535874794856616913920000
6	1	1	4	4	-1304265486757148777019008448000
6	1	1	4	3	-87022704762946787692347278208000
6	1	1	4	2	-1739893507157785194794394256896000
6	1	1	4	1	10156706371908457672299764480064000
6	1	1	3	5	-669718104905418452637348441600
6	1	1	3	4	1465954402568609250428692752368640
6	1	1	3	3	48051140195521515751761936120076800
6	1	1	3	2	-3131926352069590327021849770302165760
6	1	1	3	1	-5591618576576884265275653011776249920
6	1	1	2	5	-1361723247713648410525469267926272
6	1	1	2	4	3689119734590700384331930284460438656
6	1	1	2	3	164190982217091996371229654313952341440
6	1	1	2	2	-206214078118284429019014692309961055104
6	1	1	2	1	-5429625753544393515907352460236033291856
6	1	1	1	5	-256856036770925863157765830738224384
6	1	1	1	4	603025395485073142057711553302102225728
6	1	1	1	3	28512172650221821291594773218965811071488
6	1	1	1	2	295538272028890660960588605361805414530560
6	1	1	1	1	-654456830350903166946734849853667874589984
6	1	1	0	5	61053801004154429133470717911153371360
6	1	1	0	4	7324471389878514890709132893446225240848
6	1	1	0	3	394919642240264839192381398208538925250344
6	1	1	0	2	34413560452894923215028741236396469698177568
6	1	1	0	1	-7783411715347133834660301642355623321187512
6	1	0	7	1	3257269271467272000000000
6	1	0	6	4	-99193158410656320000000
6	1	0	6	3	10728488600606024913600000
6	1	0	6	2	1348327311909389438198400000
6	1	0	6	1	216284256043295808225556800000
6	1	0	5	5	3134127085779658613760000
6	1	0	5	4	-12751703316437697662739840000
6	1	0	5	3	-1719395456301070539100740864000
6	1	0	5	2	-90670333772599720124605190784000
6	1	0	5	1	-999598749287262678991336949280000
6	1	0	4	5	-35179590664877699510372448000
6	1	0	4	4	180697263198086144526666397747200
6	1	0	4	3	9626705597870655436313606504203200
6	1	0	4	2	180777930334144394827887803650435200
6	1	0	4	1	-449703228648787398940107354528808800
6	1	0	3	5	90371655686340749708929096128000
6	1	0	3	4	-168768120489152652885445077955405824
6	1	0	3	3	-4454009383028840512660789053098077440
6	1	0	3	2	140616796237145803498905928952795473920
6	1	0	3	1	318553167732108760158492989802475179936
6	1	0	2	5	65625641929630136113324099677606528
6	1	0	2	4	-168573718729105038313939361487966827904
6	1	0	2	3	-6485396160871163841327568388838401272656
6	1	0	2	2	2713810533454852654358238388198290243936
6	1	0	2	1	172155924051706049912533928345687046266544
6	1	0	1	5	6059155350532771009888287766881222528
6	1	0	1	4	-19550338470477221474066225759053510466880
6	1	0	1	3	-881391956380822836457045742771862267201408
6	1	0	1	2	-7783244000332478832718043752434864586645248
6	1	0	1	1	15508936491128086797555301278330516142358472
6	1	0	0	5	-1902257553299878541985104631239934272640
6	1	0	0	4	-225281463511897916024962604214690062014320
6	1	0	0	3	-16252791380727419725116770710588163761735704
6	1	0	0	2	-703061296755352738227140673364636851588261456
6	1	0	0	1	148155215305059535167172139716483871680774440
6	0	9	0	4	-69409882885570560000000
6	0	9	0	3	27268829322977820672000000
6	0	9	0	2	-379968208217716064256000000
6	0	9	0	1	142281005264368238592000000
6	0	8	1	4	115683138142617600000000
6	0	8	1	3	-8246665307726733312000000
6	0	8	1	2	433622047688262107136000000
6	0	8	1	1	-1083170528824324718592000000
6	0	8	0	4	16339144272832381132800000
6	0	8	0	3	-62784697424643541207065600000
6	0	8	0	2	824047466948216165476454400000
6	0	8	0	1	-70290156604162363519795200000
6	0	7	2	4	-48201307559424000000000
6	0	7	2	3	-13970666983023452160000000
6	0	7	2	2	-47834977621972377600000000
6	0	7	2	1	978401709155002613760000000
6	0	7	1	4	-305881227136254939033600000
6	0	7	1	3	20419624353387721216849920000
6	0	7	1	2	-1024699633982970411187906560000
6	0	7	1	1	1898062253865941087792517120000
6	0	7	0	4	123192275318860834326057984000
6	0	7	0	3	55006459179806320950277881446400
6	0	7	0	2	-708285349270346255497876443955200
6	0	7	0	1	-68926201892294388351454988697600
6	0	6	3	3	1588500869125017600000000
6	0	6	3	2	-49841223156612403200000000
6	0	6	3	1	-101042794326568550400000000
6	0	6	2	4	288551941243798381977600000
6	0	6	2	3	35418029621009405357491200000
6	0	6	2	2	192777649472004441114931200000
6	0	6	2	1	-2082834849832798965433804800000
6	0	6	1	4	263748949108536599194982400000
6	0	6	1	3	-15511826918133371784069219225600
6	0	6	1	2	886419766779078910093113478348800
6	0	6	1	1	-1300291883606506743320247056793600
6	0	6	0	4	-125908597452584196149318309191680
6	0	6	0	3	-25164022309612185002183323080394752
6	0	6	0	2	326266364630742485108554260888293376
6	0	6	0	1	73393396526116500087280255873072128
6	0	5	4	2	7055243239809024000000000
6	0	5	4	1	-45571658447015424000000000
6	0	5	3	4	-35759366468451039744000000
6	0	5	3	3	-7419057309298488818995200000
6	0	5	3	2	99889078042655419312281600000
6	0	5	3	1	406500013259474195780812800000
6	0	5	2	4	-385159190477472056921969664000
6	0	5	2	3	-31515617880803122730767660032000
6	0	5	2	2	-200511958967055071433709618176000
6	0	5	2	1	1552729506308765080424116033536000
6	0	5	1	4	-109271427083366877162513530634240
6	0	5	1	3	5129064626438311908989073297039360
6	0	5	1	2	-389162645462630554064312000018595840
6	0	5	1	1	465721671923421703943370483528161280
6	0	5	0	4	55061175656523959159474669336561664
6	0	5	0	3	6797520175902318478068043835499798528
6	0	5	0	2	-90523452948553000792810374473738999808
6	0	5	0	1	-29097122375211665683357084174051488768
6	0	4	5	1	7123082117114880000000000
6	0	4	4	4	-1623634266634997760000000
6	0	4	4	3	5386799430956533708800000
6	0	4	4	2	-25852448828824667669606400000
6	0	4	4	1	59045153226917736121804800000
6	0	4	3	4	75280408056773767365857280000
6	0	4	3	3	7925552868013555682064508416000
6	0	4	3	2	-63422300871414095882971742208000
6	0	4	3	1	-372532868183955946278470667264000
6	0	4	2	4	213217293656337601880119632998400
6	0	4	2	3	13644862850411207484735185446510080
6	0	4	2	2	92515487629771084813964294947706880
6	0	4	2	1	-561756987096535259274697201661875200
6	0	4	1	4	25055049810754781138249327439618048
6	0	4	1	3	-748682114013564932343445251033102336
6	0	4	1	2	97988726860063717514197984276216412160
6	0	4	1	1	-96751387279896761500921261155075872256
6	0	4	0	4	-13275534295228284622740305038193528832
6	0	4	0	3	-1142611786547916875188307809580400542208
6	0	4	0	2	15905330943228955472622961532118015112704
6	0	4	0	1	6340855091972511610363746611018047070592
6	0	3	5	4	145675062846259200000000
6	0	3	5	3	26631967464076382208000000
6	0	3	5	2	621104396820769234944000000
6	0	3	5	1	-20762170041760832784384000000
6	0	3	4	4	114475319061008342630400000
6	0	3	4	3	-126331201377196831293696000000
6	0	3	4	2	21292784869000300938825108480000
6	0	3	4	1	-13989388795990143254477844480000
6	0	3	3	4	-48600132466233349544261892249600
6	0	3	3	3	-3451239925574362377803990678246400
6	0	3	3	2	17436033592245013049117807922662400
6	0	3	3	1	140074379953477717413110877991987200
6	0	3	2	4	-59040847431170407495933063535218176
6	0	3	2	3	-3212229555136171978044203040273303552
6	0	3	2	2	-22308021964164192278056550730455731200
6	0	3	2	1	110259887546544453167988721773052099584
6	0	3	1	4	-3355855338260076193603801547555590656
6	0	3	1	3	18560592253169074256046702560664638976
6	0	3	1	2	-14787366419144649586731256074125219162112
6	0	3	1	1	12049160595986066464099364500224833149440
6	0	3	0	4	1893331587387191341465312899689365924608
6	0	3	0	3	120734968918844585960311177840469176940544
6	0	3	0	2	-1787632352505352954196010628151039116987392
6	0	3	0	1	-827485492019111036845459187583206687929344
6	0	2	6	3	302101199230464000000000
6	0	2	6	2	88900090192792903680000000
6	0	2	6	1	819262885169860116480000000
6	0	2	5	4	-453629930109321454387200000
6	0	2	5	3	-41435713311193331747020800000
6	0	2	5	2	-965918893310040949977784320000
6	0	2	5	1	12141237148120285124885959680000
6	0	2	4	4	1257685685125163242592481792000
6	0	2	4	3	90449901119157918927676205990400
6	0	2	4	2	-6579375427084868877897471877171200
6	0	2	4	1	-2589946669654547283329759525145600
6	0	2	3	4	13235190433348651314787429266816000
6	0	2	3	3	717361852012085792332593596434705920
6	0	2	3	2	-2199574069696741533514135881693465600
6	0	2	3	1	-25092511541508526576545981226525585920
6	0	2	2	4	8616578204517036412039889057569387008
6	0	2	2	3	419817001299829545556569023233816599936
6	0	2	2	2	2926675825065636804498827816953916804352
6	0	2	2	1	-11993473256200213772899567983918377480256
6	0	2	1	4	263104517262561518071767329504478673920
6	0	2	1	3	7608613799440717052857773783342739516800
6	0	2	1	2	1324066357741333429523453862198974853381120
6	0	2	1	1	-883682590149282702763076018888692218310848
6	0	2	0	4	-159273009256793183554470336289440247137984
6	0	2	0	3	-7779597896525142726390128896284351507413136
6	0	2	0	2	124865983632607103039826867195934784041113312
6	0	2	0	1	64624649126665548311029404582290609402291400
6	0	1	7	1	61537829147907840000000000
6	0	1	6	4	-5503342661594163302400000
6	0	1	6	3	-876090208833688240742400000
6	0	1	6	2	-78923839023241519698432000000
6	0	1	6	1	-783419116563923376863692800000
6	0	1	5	4	238420888238002463267159808000
6	0	1	5	3	15340064913373444668915450624000
6	0	1	5	2	352446706483292708335786575744000
6	0	1	5	1	-2174515752356075908176151656960000
6	0	1	4	4	-500905393313150482583592187123200
6	0	1	4	3	-20730201536858758414187361096360960
6	0	1	4	2	835283526521876126495713370805396480
6	0	1	4	1	1024586135799841859157815247925770240
6	0	1	3	4	-1588774403675312668987336170778788864
6	0	1	3	3	-70859547619929413037568973880464166144
6	0	1	3	2	113221092221613552693246438026672801280
6	0	1	3	1	2121292409854485812963787712132849118592
6	0	1	2	4	-632808877540311918250658704923801090048
6	0	1	2	3	-28600234653975469806895673106543612466176
6	0	1	2	2	-197892159519510624717772208496028866981888
6	0	1	2	1	679484649621895047518296484493086582147904
6	0	1	1	4	-11397033218660911918958184405558966958464
6	0	1	1	3	-858355175898929070678166099853092997578272
6	0	1	1	2	-64943717231992119633808589825491103503398144
6	0	1	1	1	34995208964272560115140825641611465642340208
6	0	1	0	4	7309868338312404633941441589267650711469216
6	0	1	0	3	278075825701553332941770419535507682930087168
6	0	1	0	2	-4946994205647707316826547915580742709349780480
6	0	1	0	1	-2793018872441596698231943599899364822158907648
6	0	0	7	3	-3489533925243554304000000
6	0	0	7	2	-304959108762285039820800000
6	0	0	7	1	-27935945695358643221452800000
6	0	0	6	4	1860519076223243278141440000
6	0	0	6	3	221198370652518077141656704000
6	0	0	6	2	13120452057617536416607542528000
6	0	0	6	1	145203794148768234461979087744000
6	0	0	5	4	-31061107664729784815268540672000
6	0	0	5	3	-1601527234657738659742509806891520
6	0	0	5	2	-35609361315146537110780394044523520
6	0	0	5	1	96099847011722033734086431777203200
6	0	0	4	4	50129056013864041054367125219952640
6	0	0	4	3	1535734089942922106251108991939099520
6	0	0	4	2	-36089769280854011797741491333432311040
6	0	0	4	1	-69711455236062903061270516661284372800
6	0	0	3	4	68761645767696549602916165881534423040
6	0	0	3	3	2665593985957939859685394543678523927808
6	0	0	3	2	-1282985583201385904235780972541268246016
6	0	0	3	1	-67988564549349651480973725109823143583232
6	0	0	2	4	18428160074629821873191714458654352994816
6	0	0	2	3	791641159444010986867026350442437547773088
6	0	0	2	2	5399408595879342435374586538804841406249024
6	0	0	2	1	-15639043964925628397754504495278101062464400
6	0	0	1	4	218234614223866744286331916166868989496960
6	0	0	1	3	28338447554675311081825274429604508862435136
6	0	0	1	2	1345598730340995659599268257061249257805686656
6	0	0	1	1	-572573601601853803333114251377291554419741936
6	0	0	0	4	-141138930889452643267108602676131843862732416
6	0	0	0	3	-4196490565731841842769185104466614554631945568
6	0	0	0	2	85075142969119570162088390046251524263662865216
6	0	0	0	1	51486615420325068528141707857929264547609129344
5	8	1	0	1	1297490588685450000000000
5	8	0	0	4	422514586575576000000000
5	8	0	0	3	10657382230880150040000000
5	8	0	0	2	24677260666149225240000000
5	8	0	0	1	-3217368084006435714900000000
5	7	2	0	2	-6011090783085564000000000
5	7	2	0	1	-33042156336647109000000000
5	7	1	1	1	-22201925334147450000000000
5	7	1	0	4	4800787610270788440000000
5	7	1	0	3	191872675650642114312000000
5	7	1	0	2	16018992288340266779568000000
5	7	1	0	1	27252151814180584922256000000
5	7	0	1	4	-60251634449280000000000
5	7	0	1	3	14444931586850413920000000
5	7	0	1	2	453790228139709926400000000
5	7	0	1	1	22238673731543676990555000000
5	7	0	0	5	-378199035235452024000000
5	7	0	0	4	-695320824654721783728000000
5	7	0	0	3	-90258583111401940262686800000
5	7	0	0	2	-3213940148323247398060938240000
5	7	0	0	1	-4668327819141830102734169040000
5	6	3	0	3	881364256037092800000000
5	6	3	0	2	-65815652060992278000000000
5	6	3	0	1	-792673215997896244800000000
5	6	2	1	2	32996723923322568000000000
5	6	2	1	1	-129358369712879307000000000
5	6	2	0	5	44736838578590400000000
5	6	2	0	4	-23140556053685796528000000
5	6	2	0	3	-4541715519621957012211200000
5	6	2	0	2	167371662233091056928105600000
5	6	2	0	1	969173413137625615719328800000
5	6	1	2	1	63483186232126800000000000
5	6	1	1	4	-6042899601404878680000000
5	6	1	1	3	-852912330396188705640000000
5	6	1	1	2	-41921135455033182341214000000
5	6	1	1	1	154944527931056335547016000000
5	6	1	0	5	-93750168695932240675200000
5	6	1	0	4	37818232395025394941579440000
5	6	1	0	3	1933796418433175006097850800000
5	6	1	0	2	-66478978971786254585246908560000
5	6	1	0	1	-301469525162800960532865153120000
5	6	0	2	4	-173537259637770000000000
5	6	0	2	3	-26184773854520839800000000
5	6	0	2	2	-1448981729055089905410000000
5	6	0	2	1	-38752666811707486273560000000
5	6	0	1	5	-3284064373793822064000000
5	6	0	1	4	4051332913319236265126400000
5	6	0	1	3	274292156041482123427899600000
5	6	0	1	2	8084119144085972009466374520000
5	6	0	1	1	-30027657243389875525966185180000
5	6	0	0	5	24813287173707371571723408000
5	6	0	0	4	-8290001918490387379984566432000
5	6	0	0	3	-188268562215383303758398477379200
5	6	0	0	2	6549668784758263990631362047417600
5	6	0	0	1	26925911636855084931767240716048800
5	5	5	0	1	225943629184800000000000
5	5	4	0	4	108452942008704000000000
5	5	4	0	3	16822422030233711520000000
5	5	4	0	2	1264710650886723280320000000
5	5	4	0	1	-2548941830488418817600000000
5	5	3	1	3	-2863458927202032000000000
5	5	3	1	2	478285354391130900000000000
5	5	3	1	1	3332697784596924390000000000
5	5	3	0	5	329154678996416640000000
5	5	3	0	4	-473617841136825627072000000
5	5	3	0	3	-59971318103578916027116800000
5	5	3	0	2	-1750915867121970717273667200000
5	5	3	0	1	2316277251940728407341809600000
5	5	2	2	2	-31266832552023240000000000
5	5	2	2	1	782209150066866060000000000
5	5	2	1	5	-15590110413751200000000
5	5	2	1	4	35766467569879290720000000
5	5	2	1	3	-1004083983367513886656800000
5	5	2	1	2	-704110833912245711780289600000
5	5	2	1	1	-4206475205342717891683699800000
5	5	2	0	5	-722763653770290908937600000
5	5	2	0	4	429655076817905591417872800000
5	5	2	0	3	38826526320885293782292647008000
5	5	2	0	2	742371431581486296379290221280000
5	5	2	0	1	-644022197848263582312195253248000
5	5	1	3	1	-39854236268796750000000000
5	5	1	2	4	4055883752472056100000000
5	5	1	2	3	420091493501802114360000000
5	5	1	2	2	18781687872029489821812000000
5	5	1	2	1	-715486363247605861954008000000
5	5	1	1	5	-2795451267215747433600000
5	5	1	1	4	-20435183908951838365713960000
5	5	1	1	3	1936252813869489084719645160000
5	5	1	1	2	237527152577523952803703663560000
5	5	1	1	1	1335814630428462268178631578400000
5	5	1	0	5	316446061505482369590694560000
5	5	1	0	4	-118890681855166501012066439376000
5	5	1	0	3	-8387233666099582567920196634179200
5	5	1	0	2	-125856691709305406012106687533721600
5	5	1	0	1	56341715771627987124824669018937600
5	5	0	3	4	45502536433050000000000
5	5	0	3	3	6717801253006613250000000
5	5	0	3	2	596324091549948559200000000
5	5	0	3	1	16184339222518532211300000000
5	5	0	2	5	520267005671739120000000
5	5	0	2	4	-2372133770312574263673600000
5	5	0	2	3	-116428244560187033872061550000
5	5	0	2	2	-2621764844159583775086098280000
5	5	0	2	1	116560024311670889245185859920000
5	5	0	1	5	1368696217268798560354248000
5	5	0	1	4	3223262824399261375253845416000
5	5	0	1	3	-323452344036722862735621332762400
5	5	0	1	2	-21636443138821163120735435064204000
5	5	0	1	1	-123066014191613660179769790759069600
5	5	0	0	5	-35016846322674929219952327872640
5	5	0	0	4	9496687643837308861242229336259520
5	5	0	0	3	582877286761599329238588515285077560
5	5	0	0	2	7449551714767289405576695755807391344
5	5	0	0	1	-316245037151802024688665433295762496
5	4	6	0	2	-1897926485152320000000000
5	4	6	0	1	-140587147048320000000000
5	4	5	1	1	-3464468980833600000000000
5	4	5	0	4	159265153727596800000000
5	4	5	0	3	-120801747462070473216000000
5	4	5	0	2	10489037542716047695488000000
5	4	5	0	1	2698327387814458362624000000
5	4	4	1	4	-239500246935888000000000
5	4	4	1	3	-78715282549751386560000000
5	4	4	1	2	-1811062334735298228960000000
5	4	4	1	1	18446932991623076553600000000
5	4	4	0	5	-421990397355867264000000
5	4	4	0	4	166911187763633869785600000
5	4	4	0	3	162649705285002331536883200000
5	4	4	0	2	-11924454261582339165139651200000
5	4	4	0	1	-5063573825426056168587326400000
5	4	3	2	3	232638255234720000000000
5	4	3	2	2	-628959001618975680000000000
5	4	3	2	1	-3102417941516059176000000000
5	4	3	1	5	-137102594189336640000000
5	4	3	1	4	1218590038124583953760000000
5	4	3	1	3	161316069942278090963836800000
5	4	3	1	2	2501784590387274505266044400000
5	4	3	1	1	-18084191664999393319254998400000
5	4	3	0	5	988876040830919611418880000
5	4	3	0	4	-411910436833311427307442432000
5	4	3	0	3	-72709858889781447917803963392000
5	4	3	0	2	5197444687018596346409643743232000
5	4	3	0	1	2914999674182967578709336434496000
5	4	2	3	2	-1043803778283360000000000
5	4	2	3	1	-788495370996999375000000000
5	4	2	2	5	-8585857909022400000000
5	4	2	2	4	27531431357592497400000000
5	4	2	2	3	8086905876861417680568000000
5	4	2	2	2	806991826267787109972912000000
5	4	2	2	1	3899909000341279828863414000000
5	4	2	1	5	284591248002557423049600000
5	4	2	1	4	-1036868033940718554033768720000
5	4	2	1	3	-88453750011935926979629556208000
5	4	2	1	2	-1088271467472014347512974424048000
5	4	2	1	1	5999983616458697680189492747560000
5	4	2	0	5	-724593036798462483692270553600
5	4	2	0	4	222743540769306285299781181075200
5	4	2	0	3	15973675273215367432645933244839680
5	4	2	0	2	-1042116385129981875647006282614840320
5	4	2	0	1	-718089775838803349654079911117666400
5	4	1	4	1	-9499744100524500000000000
5	4	1	3	4	302323384880905500000000
5	4	1	3	3	201320906723677395720000000
5	4	1	3	2	14004971472624185338200000000
5	4	1	3	1	695559692460923614928880000000
5	4	1	2	5	28683396711022303756800000
5	4	1	2	4	-30535841143838253202016220000
5	4	1	2	3	-4840052423042271146681994840000
5	4	1	2	2	-259173195039805798897660818000000
5	4	1	2	1	-1292905177290865639209565853280000
5	4	1	1	5	-146117572092224177988495024000
5	4	1	1	4	287710188898509850170841501737600
5	4	1	1	3	17958315778172615290545107059464000
5	4	1	1	2	192784029644977523321248698786273600
5	4	1	1	1	-767625212039878230022926657515188800
5	4	1	0	5	202137218449365615346012046446080
5	4	1	0	4	-47492402285454099977895928525716336
5	4	1	0	3	-1882560720054922260046763750592961536
5	4	1	0	2	96618458425623763021496110263003423264
5	4	1	0	1	78877903638332018044842935965366439664
5	4	0	4	4	16004340400590000000000
5	4	0	4	3	4189488788096593650000000
5	4	0	4	2	222280252752348513900000000
5	4	0	4	1	9906202602431554671000000000
5	4	0	3	5	748164349892107440000000
5	4	0	3	4	-445428930972044869027200000
5	4	0	3	3	-68760373627004942842182900000
5	4	0	3	2	-3399835185779807085629981400000
5	4	0	3	1	-111401762580592829623214251200000
5	4	0	2	5	-8982075828296311929554364000
5	4	0	2	4	6049475148729319082911933992000
5	4	0	2	3	617386795705603142868641379102000
5	4	0	2	2	23663729438814094848173045646036000
5	4	0	2	1	125161634808083381940254465285400000
5	4	0	1	5	19762986938642043123151939659840
5	4	0	1	4	-25065700606082763483403921194542400
5	4	0	1	3	-1218588267167851751243266879274980320
5	4	0	1	2	-12045281589796477188495502816723825920
5	4	0	1	1	31207841784624365729469953896945653360
5	4	0	0	5	-18338936942391349250462065634457936
5	4	0	0	4	3485961182990101640374742875733093328
5	4	0	0	3	95560175378169646347418312630538777706
5	4	0	0	2	-3329912457214765466325313629085237013004
5	4	0	0	1	-3138620547525814992867094138104202887468
5	3	7	0	3	325358826026112000000000
5	3	7	0	2	-5976962137368576000000000
5	3	7	0	1	-2349813743521920000000000
5	3	6	1	2	3615098066956800000000000
5	3	6	1	1	-9258667827039360000000000
5	3	6	0	4	-4056019527856631040000000
5	3	6	0	3	-1589810986020183584256000000
5	3	6	0	2	20784744064620139514112000000
5	3	6	0	1	15007702726897021173888000000
5	3	5	2	1	5196703471250400000000000
5	3	5	1	4	132352757006918400000000
5	3	5	1	3	186685975832024189376000000
5	3	5	1	2	-15156871025532250480128000000
5	3	5	1	1	24941981208259618900416000000
5	3	5	0	5	-1804006237372782336000000
5	3	5	0	4	11118886601607617129740800000
5	3	5	0	3	1964313660115900331160802560000
5	3	5	0	2	-21513688004780445301031859840000
5	3	5	0	1	-19249785793521045672628780800000
5	3	4	2	4	189792648515232000000000
5	3	4	2	3	71008084267841911680000000
5	3	4	2	2	1293343720478630268480000000
5	3	4	2	1	-18017700046548233587200000000
5	3	4	1	5	485037707643593856000000
5	3	4	1	4	-840484226471809292582400000
5	3	4	1	3	-273943699400516005412834400000
5	3	4	1	2	15555835246467528257646830400000
5	3	4	1	1	-21241161640170200537200216800000
5	3	4	0	5	3427739325150284242298880000
5	3	4	0	4	-9558010958500967439119573376000
5	3	4	0	3	-1034571808749152772660320940787200
5	3	4	0	2	9708759925120104237737456014310400
5	3	4	0	1	9950041260451859238490289768985600
5	3	3	3	3	2065794233354064000000000
5	3	3	3	2	266252869897220844000000000
5	3	3	3	1	1423680175320848820000000000
5	3	3	2	5	-15002656977870720000000
5	3	3	2	4	-753252703128070451856000000
5	3	3	2	3	-111540600553983311394979200000
5	3	3	2	2	-1374380093414779979692348800000
5	3	3	2	1	15988850969238175139717126400000
5	3	3	1	5	-673778460711002310627840000
5	3	3	1	4	1005417645535132663738033152000
5	3	3	1	3	135661064224524624963029231136000
5	3	3	1	2	-6434645261996604090369993846048000
5	3	3	1	1	7258196705887687563237003462720000
5	3	3	0	5	-2153348709509228349400901683200
5	3	3	0	4	3687770363760279510907952005574400
5	3	3	0	3	278901001028402700004287402309722880
5	3	3	0	2	-2211960676730841595669331978042048640
5	3	3	0	1	-2547852561558537849139708448955181440
5	3	2	4	2	10337757863460840000000000
5	3	2	4	1	209071482385669560000000000
5	3	2	3	5	4292928954511200000000
5	3	2	3	4	-29260277019004736160000000
5	3	2	3	3	-4402923884137626808752000000
5	3	2	3	2	-252411806922822457784352000000
5	3	2	3	1	-942122942750179901374380000000
5	3	2	2	5	73070450651819635142400000
5	3	2	2	4	580685005050888105769447440000
5	3	2	2	3	49657943374893139502076307920000
5	3	2	2	2	493338224500666434759922920576000
5	3	2	2	1	-5279956747317198833002286569344000
5	3	2	1	5	241155808689969159094343116800
5	3	2	1	4	-450951181872687777654545091753600
5	3	2	1	3	-31949685507796196656234460990872320
5	3	2	1	2	1250602498463874143871620514615200640
5	3	2	1	1	-1085840352233432121284714172481316640
5	3	2	0	5	579437935680201678770580799410816
5	3	2	0	4	-710683111323468196972541298261637632
5	3	2	0	3	-40561794643624326390878959651226419968
5	3	2	0	2	264607650218979380309405909707987039296
5	3	2	0	1	341980403247624328121799984846858169752
5	3	1	5	1	14350209880755600000000000
5	3	1	4	4	-1170254106656265600000000
5	3	1	4	3	-154899299204230550040000000
5	3	1	4	2	-10818086347351348862040000000
5	3	1	4	1	-121756061510506174798800000000
5	3	1	3	5	-2747362529793352838400000
5	3	1	3	4	20550148028411274041711760000
5	3	1	3	3	1555871649406181080320852000000
5	3	1	3	2	63303749355554332232828387760000
5	3	1	3	1	201278972399610220031297625120000
5	3	1	2	5	-46888860354250576178288880000
5	3	1	2	4	-148609678574612116231280160652800
5	3	1	2	3	-8535563073565085163228222950366400
5	3	1	2	2	-78056260521899412855197992929595200
5	3	1	2	1	699168611230802870439215093756630400
5	3	1	1	5	-30642363230579330892231646287360
5	3	1	1	4	86231452907238722782708212590969664
5	3	1	1	3	3771855262150724824203549848122669824
5	3	1	1	2	-113374749402453199226723878537135241856
5	3	1	1	1	67214347620059228952331151095916967264
5	3	1	0	5	-66959562095869282660350399965429952
5	3	1	0	4	66591803998581666887493921394270755648
5	3	1	0	3	3029959827542379694467768588219946895784
5	3	1	0	2	-15727414754070314176359999054488597514216
5	3	1	0	1	-22944638877130739310159388732590642431256
5	3	0	5	4	-6841070994762000000000
5	3	0	5	3	-2610046689448906080000000
5	3	0	5	2	-181226880342157153680000000
5	3	0	5	1	-7529915023189797542400000000
5	3	0	4	5	-173107129914062640000000
5	3	0	4	4	574521664838564110881600000
5	3	0	4	3	42452316039061040028571800000
5	3	0	4	2	1741357116835971846214384800000
5	3	0	4	1	13000903649353487178837543600000
5	3	0	3	5	420857555902285881696912000
5	3	0	3	4	-3055925920511979035952301584000
5	3	0	3	3	-136554360395576344365988264824000
5	3	0	3	2	-4777699814160115434086737304352000
5	3	0	3	1	-16170581584861328886112231788384000
5	3	0	2	5	6438947476149775460250167353920
5	3	0	2	4	12168910330644508953902329373153280
5	3	0	2	3	508556571782129670401916157242040320
5	3	0	2	2	4725890274227217170682777013455955200
5	3	0	2	1	-30276396013489760679633201154003380360
5	3	0	1	5	1366382833474590999941560798555008
5	3	0	1	4	-5920974431405000993253117646950182064
5	3	0	1	3	-180820284367323887643610134444527308008
5	3	0	1	2	3815231447034971490917972597520010161312
5	3	0	1	1	-1258258869938569731931750664983069685016
5	3	0	0	5	2574923874388463824196201447798869920
5	3	0	0	4	-2395321701198860509234098757861036892184
5	3	0	0	3	-90983666533630028620064145301691591609772
5	3	0	0	2	362145630121927764980336060123671712053488
5	3	0	0	1	604567535560837888364152957657442596948857
5	2	8	0	3	578415690713088000000000
5	2	8	0	2	-3918766304581171200000000
5	2	8	0	1	-2400425116459315200000000
5	2	7	1	3	-433811768034816000000000
5	2	7	1	2	5567251023113472000000000
5	2	7	1	1	-4265815719009024000000000
5	2	7	0	4	-6496765038089404416000000
5	2	7	0	3	-1963285433747981448192000000
5	2	7	0	2	9947091345573955159296000000
5	2	7	0	1	5062710729022182277632000000
5	2	6	2	2	-2078681388500160000000000
5	2	6	2	1	7290447768362880000000000
5	2	6	1	4	5092227137115348480000000
5	2	6	1	3	1623110875414714174464000000
5	2	6	1	2	-12024313331034811588992000000
5	2	6	1	1	12994259711421662722944000000
5	2	6	0	5	307572543536684544000000
5	2	6	0	4	14101720119344824699115520000
5	2	6	0	3	2190915413017601846498631936000
5	2	6	0	2	-9347741970959909254879070208000
5	2	6	0	1	-4037485985032262586184053504000
5	2	5	3	1	-2259436291848000000000000
5	2	5	2	4	-508523794751923200000000
5	2	5	2	3	-157499543848470728832000000
5	2	5	2	2	4464379350588511627776000000
5	2	5	2	1	-11687376751771707441792000000
5	2	5	1	5	-417110014965475584000000
5	2	5	1	4	-10090805286539646088473600000
5	2	5	1	3	-1653486253685150802874277760000
5	2	5	1	2	9041042281490658135979035840000
5	2	5	1	1	-16979716767980500027317763200000
5	2	5	0	5	-1056193312302742811821056000
5	2	5	0	4	-11020458724737985965739819622400
5	2	5	0	3	-1137611684383342002474898395571200
5	2	5	0	2	3905575936030229068809141745305600
5	2	5	0	1	1251656149938999944839230723609600
5	2	4	3	4	-67783088755440000000000
5	2	4	3	3	-17049384916234611840000000
5	2	4	3	2	-739754618668290368640000000
5	2	4	3	1	1295803809776102983200000000
5	2	4	2	5	-102560332159564416000000
5	2	4	2	4	1408127974729676916537600000
5	2	4	2	3	205415665750873717583068800000
5	2	4	2	2	-1445132558287692780983452800000
5	2	4	2	1	11030687145176241345310209600000
5	2	4	1	5	1747837061109561848901120000
5	2	4	1	4	6761635464620475066846730176000
5	2	4	1	3	724596621551566989463103388480000
5	2	4	1	2	-2879013178482086067189090488409600
5	2	4	1	1	8931686505074071574583411812102400
5	2	4	0	5	917951670178018652726720455680
5	2	4	0	4	4162385913613911287987205413399040
5	2	4	0	3	318666460117833217443445652105971200
5	2	4	0	2	-766274800846354927315268192156890368
5	2	4	0	1	-54860576933184200646194756296176768
5	2	3	4	3	-943440176084976000000000
5	2	3	4	2	-5888146765106304000000000
5	2	3	4	1	-620780483810815704000000000
5	2	3	3	5	13466240299414080000000
5	2	3	3	4	16723201479644800944000000
5	2	3	3	3	5840217386339247498816000000
5	2	3	3	2	474055535874927010205419200000
5	2	3	3	1	2444876527490064794407219200000
5	2	3	2	5	39801341608102585612800000
5	2	3	2	4	-861244085798699214478259952000
5	2	3	2	3	-90212141498461160394159266400000
5	2	3	2	2	-444438302612782575337080537024000
5	2	3	2	1	-4943241955428629859878950076544000
5	2	3	1	5	-1554211425569218996710449203200
5	2	3	1	4	-2068077321091567400008750735680000
5	2	3	1	3	-159786716130063343781080198189735680
5	2	3	1	2	364198366890120081776166844060838400
5	2	3	1	1	-2273809743545930347298531199203468160
5	2	3	0	5	-349394784881854505685362592977664
5	2	3	0	4	-840998120237414577716761590339775680
5	2	3	0	3	-51133112770294710261836793718851774528
5	2	3	0	2	58692986558945135629121888057684362176
5	2	3	0	1	-52354618874159814207472469790940481952
5	2	2	5	2	-3639198720736512000000000
5	2	2	5	1	42901167466656468000000000
5	2	2	4	5	-451887258369600000000
5	2	2	4	4	-323811809523076320000000
5	2	2	4	3	-314870011857106966008000000
5	2	2	4	2	-79015736501238051721872000000
5	2	2	4	1	-120743145233492375710584000000
5	2	2	3	5	-49925179658549323929600000
5	2	2	3	4	92136334478513565295018080000
5	2	2	3	3	6760906411681256748912124272000
5	2	2	3	2	-15582475328934330431005222944000
5	2	2	3	1	-1489105920010969062089954215776000
5	2	2	2	5	89383906887712337607602256000
5	2	2	2	4	190344306569843767905968513011200
5	2	2	2	3	17676089523294317104246635128235840
5	2	2	2	2	266505686811946699936688708132814720
5	2	2	2	1	1028415515696873865608575775277415680
5	2	2	1	5	516379895502361766570425428633600
5	2	2	1	4	309871841443582401028659817923133824
5	2	2	1	3	18379806495817730512859338836020156352
5	2	2	1	2	-683474841712692050276123412488915328
5	2	2	1	1	304401698382472858057462294249372325472
5	2	2	0	5	66852007023190481825642408190604032
5	2	2	0	4	92100230268571959710898170246327696160
5	2	2	0	3	4689091644505706658561411892528211320152
5	2	2	0	2	1686262627981617110795373068849181740784
5	2	2	0	1	12045959343543001615212052934725622262480
5	2	1	6	1	-3978188549247600000000000
5	2	1	5	4	350725600957515120000000
5	2	1	5	3	16849001239135122096000000
5	2	1	5	2	781323438990134754144000000
5	2	1	5	1	-100550390154905144931552000000
5	2	1	4	5	-2030502106260440236800000
5	2	1	4	4	3303344625858832014951120000
5	2	1	4	3	745120352073808125401585760000
5	2	1	4	2	44886199370390716503318978240000
5	2	1	4	1	222059940605736256521155188800000
5	2	1	3	5	35323989995639912430271968000
5	2	1	3	4	-45047804939965659819114462643200
5	2	1	3	3	-2833364396755825191331205706576000
5	2	1	3	2	-23962093874688176881400743952083200
5	2	1	3	1	256736563648028064967778627495097600
5	2	1	2	5	-46445759210027624482816648680960
5	2	1	2	4	-14666456167195514986826167371171840
5	2	1	2	3	-1567042859026324378562722404726936960
5	2	1	2	2	-40184511803502692891249604363695647488
5	2	1	2	1	-97849603613622762618225343911251633088
5	2	1	1	5	-71149555714245342848970009947739648
5	2	1	1	4	-21263855909406617894566129892318521440
5	2	1	1	3	-1029138878677696365076967056487224229712
5	2	1	1	2	-3347092170703736951719972420572189246144
5	2	1	1	1	-20963852962129582465900922231302474768368
5	2	1	0	5	-6287996431827041132981873360451470976
5	2	1	0	4	-5073822237475445192905100776447164187896
5	2	1	0	3	-227162557935394548331839858437860270418832
5	2	1	0	2	-493300702258684369495103922965523318956256
5	2	1	0	1	-1040793456867953275128864507705218673948132
5	2	0	6	4	627621192180000000000
5	2	0	6	3	505511538462669960000000
5	2	0	6	2	36478075914225810000000000
5	2	0	6	1	951148570659368228640000000
5	2	0	5	5	-14491187547656832000000
5	2	0	5	4	-118124923689041885308800000
5	2	0	5	3	-278170694143436427519600000
5	2	0	5	2	239457900267238593344899680000
5	2	0	5	1	24138895629118406642985559680000
5	2	0	4	5	934481793149213434459344000
5	2	0	4	4	-945587380337656199051979456000
5	2	0	4	3	-134662833841713680549151913032000
5	2	0	4	2	-5458991698036878289021350273456000
5	2	0	4	1	-33414512250558537805519062658944000
5	2	0	3	5	-5667732638069596518454389550080
5	2	0	3	4	5181369342699532008305667640930560
5	2	0	3	3	268540044206437218335302457583292800
5	2	0	3	2	2737172869795286488699482237006107520
5	2	0	3	1	-13454867993410458224218114149225543840
5	2	0	2	5	5448987198785995900852552564353408
5	2	0	2	4	114951895159806251249544759317582016
5	2	0	2	3	49866253383883994616986982581439169872
5	2	0	2	2	1954490447696128016380609731994644110496
5	2	0	2	1	3502330777445789745615557320011770337360
5	2	0	1	5	3404779491722996696447255976716996160
5	2	0	1	4	481900733646068534077293500753504302176
5	2	0	1	3	21008406188651811777664247881507756040064
5	2	0	1	2	187081337871245440402557649099953339207600
5	2	0	1	1	592038335061576311135548591862806468755780
5	2	0	0	5	228428680704264506873105248930421208696
5	2	0	0	4	107408150312779014829707167467268250730536
5	2	0	0	3	4462050855425250555067026128887066960197468
5	2	0	0	2	19734012885565839800391673567661181469214712
5	2	0	0	1	32505272801125596165935015786828968495274142
5	1	9	0	3	-121467295049748480000000
5	1	9	0	2	3401084261392957440000000
5	1	9	0	1	1179968009054699520000000
5	1	8	1	3	-28920784535654400000000
5	1	8	1	2	-4222434542205542400000000
5	1	8	1	1	4627325525704704000000000
5	1	8	0	4	3467891273670319104000000
5	1	8	0	3	455032306925498809036800000
5	1	8	0	2	-2911287233763038153318400000
5	1	8	0	1	-17010746722387613529907200000
5	1	7	2	3	108452942008704000000000
5	1	7	2	2	723019613391360000000000
5	1	7	2	1	-6651780443200512000000000
5	1	7	1	4	-2629766937827054592000000
5	1	7	1	3	-738918655625521060300800000
5	1	7	1	2	14073118119940871456870400000
5	1	7	1	1	28046951070887703215923200000
5	1	7	0	5	1780884070136526643200000
5	1	7	0	4	-8452632779365249163151360000
5	1	7	0	3	-651093660262931453792004096000
5	1	7	0	2	-1111730906800861894105800192000
5	1	7	0	1	24160206576434657163591435264000
5	1	6	3	2	361509806695680000000000
5	1	6	3	1	1285368201584640000000000
5	1	6	2	4	-645295004951788800000000
5	1	6	2	3	103270313319260951808000000
5	1	6	2	2	-11671227004093313179392000000
5	1	6	2	1	4699801373260860622080000000
5	1	6	1	5	-1934626960728065433600000
5	1	6	1	4	12017229943551384029045760000
5	1	6	1	3	1523245720007870077254295680000
5	1	6	1	2	-13842657255342560059209807360000
5	1	6	1	1	-51916347333977062145494924800000
5	1	6	0	5	-3097196235639182008682496000
5	1	6	0	4	7916590200618034443351775180800
5	1	6	0	3	507354161346891969363883687034880
5	1	6	0	2	1758827295825329467826058399989760
5	1	6	0	1	-15027666137745201779243311006341120
5	1	5	4	1	301258172246400000000000
5	1	5	3	4	346246059301862400000000
5	1	5	3	3	75616540320562311168000000
5	1	5	3	2	1594108179451488583296000000
5	1	5	3	1	-15758269281783500401152000000
5	1	5	2	5	376331708770202880000000
5	1	5	2	4	-3126531440364034838169600000
5	1	5	2	3	-641180693770050218988360960000
5	1	5	2	2	17010021569550362926586876160000
5	1	5	2	1	12400613492430248162241246720000
5	1	5	1	5	4148964239301942878905344000
5	1	5	1	4	-13457575952308797104471857228800
5	1	5	1	3	-1176614088667430732255830145587200
5	1	5	1	2	6731219379057009164608973337907200
5	1	5	1	1	32875393445185879042710934988851200
5	1	5	0	5	2060703889326724509737505146880
5	1	5	0	4	-3909615460895064333609127476384768
5	1	5	0	3	-227772466968130765501409238823257600
5	1	5	0	2	-705947875441312208745829882082793984
5	1	5	0	1	5199871955543896233612523928554785024
5	1	4	4	4	9037745167392000000000
5	1	4	4	3	-1762654871187636480000000
5	1	4	4	2	259619445932687377920000000
5	1	4	4	1	2618624034025134998400000000
5	1	4	3	5	1446039226782720000000
5	1	4	3	4	-920679261180098107276800000
5	1	4	3	3	-85743599277812064538089600000
5	1	4	3	2	-4210145178768944331725836800000
5	1	4	3	1	16235637388151089364547667200000
5	1	4	2	5	-1012653551558546249840640000
5	1	4	2	4	5471522850884628244284995328000
5	1	4	2	3	553021020569034974355331446201600
5	1	4	2	2	-9483600814621917715534236785280000
5	1	4	2	1	-11765016299794192984175318428953600
5	1	4	1	5	-3003461779333152422270355978240
5	1	4	1	4	6673517608713755179475257810030080
5	1	4	1	3	457573449443585256506652419223737856
5	1	4	1	2	-1874177450769800373421521377968155648
5	1	4	1	1	-10412365196304343902941060882230007424
5	1	4	0	5	-695634466407698055194233651749888
5	1	4	0	4	1129383918393905173153159058167604736
5	1	4	0	3	60803595778020163814732743251535827456
5	1	4	0	2	143310151591600059170344841826562117632
5	1	4	0	1	-1090483429848705043184578485026290592160
5	1	3	5	3	110595222344678400000000
5	1	3	5	2	-20174869275488496000000000
5	1	3	5	1	194136099580999929600000000
5	1	3	4	5	-1807549033478400000000
5	1	3	4	4	92717111678112006336000000
5	1	3	4	3	13563651501052352394508800000
5	1	3	4	2	-116504141334071155009344000000
5	1	3	4	1	-4727146906358029492909516800000
5	1	3	3	5	20758458100126054648320000
5	1	3	3	4	426399801425034859339193088000
5	1	3	3	3	28067170115309589077466847680000
5	1	3	3	2	2665103505034419929244418208064000
5	1	3	3	1	-5887120282322481994208832770688000
5	1	3	2	5	787992936819093166338216345600
5	1	3	2	4	-2904222906645733191329902748183040
5	1	3	2	3	-198784204710526186625006123691456000
5	1	3	2	2	2580681447766191738432525641129099520
5	1	3	2	1	3953057605232441817815318181296666880
5	1	3	1	5	994062813858712922331833165938176
5	1	3	1	4	-1729430039016466758946690897396543488
5	1	3	1	3	-98612075150047282833042307388411425920
5	1	3	1	2	310250032663486554737489223249862799232
5	1	3	1	1	1844902626666418759852287838081833507648
5	1	3	0	5	130710694759916603840749490756023296
5	1	3	0	4	-196722656239092986511200826685207505088
5	1	3	0	3	-9794631914532601836872010171955172640288
5	1	3	0	2	-16764414511315727812457563896945589055712
5	1	3	0	1	141973250911656550575546432927712106010528
5	1	2	6	2	365080273922304000000000
5	1	2	6	1	-27243774511421616000000000
5	1	2	5	4	3763397200060426176000000
5	1	2	5	3	571842261666410219654400000
5	1	2	5	2	57148150600309074549580800000
5	1	2	5	1	68036143376110639486982400000
5	1	2	4	5	6771331870167294374400000
5	1	2	4	4	-131208949620388101364680960000
5	1	2	4	3	-10719972376123249422490550112000
5	1	2	4	2	-50198194276652811034254009600000
5	1	2	4	1	2105743577627638851990617017152000
5	1	2	3	5	-30207087206863383676963046400
5	1	2	3	4	-12414994375782247067192130777600
5	1	2	3	3	-2375566019604275917744182893230080
5	1	2	3	2	-684306654406555036873218808181137920
5	1	2	3	1	914041133354283942902162155787583360
5	1	2	2	5	-247248390612576999636176720926464
5	1	2	2	4	678906278746807606391828522764445184
5	1	2	2	3	35233841152121727519251338787710416000
5	1	2	2	2	-365989929449181634105126724172757798656
5	1	2	2	1	-631535874970783182971875022137194643392
5	1	2	1	5	-163984798794217589379855927197922816
5	1	2	1	4	243699548311017302915844190074638313792
5	1	2	1	3	11950561057460415835904800729256022305472
5	1	2	1	2	-29924309109424946263206256530724399879104
5	1	2	1	1	-186129170914707196916328352733789829245040
5	1	2	0	5	-13845937934505493060123394137826714688
5	1	2	0	4	20296663693458393145832136219993648267744
5	1	2	0	3	934299840510615283467472752799242752796096
5	1	2	0	2	1159815486297381435042786450458726807964672
5	1	2	0	1	-11222147378806457160262468355652767000174892
5	1	1	7	1	343099585058400000000000
5	1	1	6	4	-29832369449451840000000
5	1	1	6	3	4331585089043559360000000
5	1	1	6	2	647803295259282003168000000
5	1	1	6	1	44803789109219633574528000000
5	1	1	5	5	322570782061362316800000
5	1	1	5	4	-3706088013890334198714240000
5	1	1	5	3	-435736927934040361123474560000
5	1	1	5	2	-25802667308223509078873799360000
5	1	1	5	1	-101940058369407691692832400640000
5	1	1	4	5	-5094646787799985246216704000
5	1	1	4	4	45510632198259121548354220531200
5	1	1	4	3	2674063402812217794754858107916800
5	1	1	4	2	25229109035703641376566086938720000
5	1	1	4	1	-333192016040204739299112038761689600
5	1	1	3	5	11761295995181524837139901112320
5	1	1	3	4	-18454589632525271584779334375930368
5	1	1	3	3	-261830661119670454342577157152458368
5	1	1	3	2	76854634600993660281388512259283989248
5	1	1	3	1	-58257104608048195565709075641122739712
5	1	1	2	5	32864995787682051172182969470110464
5	1	1	2	4	-72805900913173783855151176479367114368
5	1	1	2	3	-3050538164630417424346185314879845848864
5	1	1	2	2	25935707441399656409613768056346664748928
5	1	1	2	1	48595166583963710271808342800565923963552
5	1	1	1	5	13066590686879921956637433490008901440
5	1	1	1	4	-17682529097566282426302263519043281848896
5	1	1	1	3	-762725302486344334547408697742630690001568
5	1	1	1	2	1539973786230650318979980251602456482398752
5	1	1	1	1	10006199469389160471644887416367585899727656
5	1	1	0	5	774374034132013583934312505760935851840
5	1	1	0	4	-1140977995161907407022820410793179846999632
5	1	1	0	3	-48617158882550285493322322527333319817946968
5	1	1	0	2	-45080036599061912147821907418466772413079184
5	1	1	0	1	493237324543717046873434868847839110970963376
5	1	0	7	3	-33540076510099200000000
5	1	0	7	2	-2286420097913210880000000
5	1	0	7	1	190126978636063230720000000
5	1	0	6	5	3958086074914368000000
5	1	0	6	4	4576255077464154489600000
5	1	0	6	3	-2658666287042878025779200000
5	1	0	6	2	-229771337671568282982877440000
5	1	0	6	1	-10161017719768147447442888640000
5	1	0	5	5	-144040879317770483672448000
5	1	0	5	4	686498192514438279920986752000
5	1	0	5	3	65084664551394672041324310950400
5	1	0	5	2	2905473703940680478889183285196800
5	1	0	5	1	16379688531634776037685717762342400
5	1	0	4	5	875104285565622421107551520000
5	1	0	4	4	-4497913485761668182382608176797440
5	1	0	4	3	-209955924529103111410970512567574400
5	1	0	4	2	-2441473592081087575726298651574973440
5	1	0	4	1	16426955815911435148638381904192679520
5	1	0	3	5	-1316915252250295954755075486635520
5	1	0	3	4	2109387949089568507940613512364776448
5	1	0	3	3	36229569149506179095037742894116213312
5	1	0	3	2	-3121576153699211200343669039019041431680
5	1	0	3	1	1065181887742933670369109826888116734688
5	1	0	2	5	-1508191198504754241276263744991727488
5	1	0	2	4	2919163514632891396354179944191792597824
5	1	0	2	3	103067153957738544468439792438261154331792
5	1	0	2	2	-723921077819021391884622972474281926764576
5	1	0	2	1	-1448907138655565530305298034919784000624488
5	1	0	1	5	-400159895730281572220546689913168615616
5	1	0	1	4	517227408395306155629454200153143060514240
5	1	0	1	3	19953183539141879805045609843889531016165808
5	1	0	1	2	-32396710693368807508725452604632996372332608
5	1	0	1	1	-222660927123544160180197040226282557235467040
5	1	0	0	5	-17816144995834570000176365731286967763680
5	1	0	0	4	26916557465092809259133014652169287163165072
5	1	0	0	3	1064144686129410021024342168665001275523842376
5	1	0	0	2	780916627758954524839188181263192573313998048
5	1	0	0	1	-9245171723040876106187572003229412636360728616
5	0	10	0	3	-416459297313423360000000
5	0	10	0	2	3331674378507386880000000
5	0	10	0	1	1665837189253693440000000
5	0	9	1	3	694098828855705600000000
5	0	9	1	2	-6940988288557056000000000
5	0	9	1	1	2776395315422822400000000
5	0	9	0	4	6455119108358062080000000
5	0	9	0	3	736952837598671291596800000
5	0	9	0	2	382355445456427121049600000
5	0	9	0	1	-11063582729754888565555200000
5	0	8	2	3	-289207845356544000000000
5	0	8	2	2	4627325525704704000000000
5	0	8	2	1	-9254651051409408000000000
5	0	8	1	4	-11299928933770887168000000
5	0	8	1	3	-2345878029637600935321600000
5	0	8	1	2	9638425581921430611148800000
5	0	8	1	1	28664012391302835693158400000
5	0	8	0	4	-11863667812201310758993920000
5	0	8	0	3	-620180744684234700697076736000
5	0	8	0	2	-6745873722202662407477563392000
5	0	8	0	1	13860153792065388953177063424000
5	0	7	3	2	-964026151188480000000000
5	0	7	3	1	5784156907130880000000000
5	0	7	2	4	5292503570024755200000000
5	0	7	2	3	1683962539021016908185600000
5	0	7	2	2	-14762143115278426384588800000
5	0	7	2	1	-6966921440367039157862400000
5	0	7	1	4	26193987023785822441635840000
5	0	7	1	3	2912379205562379009654036480000
5	0	7	1	2	-2932971937227613951043512320000
5	0	7	1	1	-48159038264541614184073605120000
5	0	7	0	4	9186777321271734981739587379200
5	0	7	0	3	362152235164462530035686424248320
5	0	7	0	2	6300089199405606628055685077360640
5	0	7	0	1	-8045925345578969953412050122670080
5	0	6	4	1	-803355125990400000000000
5	0	6	3	4	-221726014773350400000000
5	0	6	3	3	-187354594244671294464000000
5	0	6	3	2	6201806326862150578176000000
5	0	6	3	1	-13572404643339862548480000000
5	0	6	2	4	-16257576450745749705154560000
5	0	6	2	3	-2423520854915069163861402624000
5	0	6	2	2	14824021665566524142594875392000
5	0	6	2	1	27714125216542847190019209216000
5	0	6	1	4	-22995636976156681899090841190400
5	0	6	1	3	-1860228103108606936693284853002240
5	0	6	1	2	-1252517258064141607866142040801280
5	0	6	1	1	30943458349811872946245933485096960
5	0	6	0	4	-4019494518611865326552760136507392
5	0	6	0	3	-153454146082827484481829556921737216
5	0	6	0	2	-2800914122074981232572555590993272832
5	0	6	0	1	2674688204461315267337798001521507328
5	0	5	4	4	-64268410079232000000000
5	0	5	4	3	-12039401260142530560000000
5	0	5	4	2	-643213940276414868480000000
5	0	5	4	1	5604023586422522972160000000
5	0	5	3	4	2050001257026047284224000000
5	0	5	3	3	395569914703236295303495680000
5	0	5	3	2	-8060377867476144066812712960000
5	0	5	3	1	7465080455413748807168655360000
5	0	5	2	4	15746910376925355831017509478400
5	0	5	2	3	1535249345571581284002051982540800
5	0	5	2	2	-7030465977897785611064922321715200
5	0	5	2	1	-20452570177410536185401574695321600
5	0	5	1	4	10440871110053997105039480116232192
5	0	5	1	3	692035444721359383402948403528470528
5	0	5	1	2	1108132382529689547140812738669400064
5	0	5	1	1	-10553720281272876380194363729772279808
5	0	5	0	4	1106310341638690907354251217141575680
5	0	5	0	3	44633900974019356409660845708590139392
5	0	5	0	2	733918726058722838275822562603944479744
5	0	5	0	1	-553601148733838708439803469625595733504
5	0	4	5	3	766936360278835200000000
5	0	4	5	2	-33805183701676032000000000
5	0	4	5	1	-566648680397664614400000000
5	0	4	4	4	166878640232381931724800000
5	0	4	4	3	11527363086633646396416000000
5	0	4	4	2	1226648961751038818815180800000
5	0	4	4	1	-5986144813421504699672832000000
5	0	4	3	4	-2650100667217569815538511872000
5	0	4	3	3	-278794037895554774703232517529600
5	0	4	3	2	4245636454615910684360385185587200
5	0	4	3	1	-831352918950529152965873493811200
5	0	4	2	4	-7089297030547023365073010515640320
5	0	4	2	3	-517300956703634735859996639652379136
5	0	4	2	2	1809782976019663193044544530048604160
5	0	4	2	1	6957857333268584944099333510456636416
5	0	4	1	4	-2747391027225961356852385789555384320
5	0	4	1	3	-158233074769363292804156779003399962624
5	0	4	1	2	-337338617424222213205770795760704503808
5	0	4	1	1	2129589599398364922151832322802936123392
5	0	4	0	4	-199450973368299677672390465069310514176
5	0	4	0	3	-8576920579915889750260282008348433057536
5	0	4	0	2	-121751637680856614170315890671188203617280
5	0	4	0	1	73553705882658977761480239421099178227200
5	0	3	6	2	3410986357168128000000000
5	0	3	6	1	-23416314227942400000000000
5	0	3	5	4	-18031819950135161856000000
5	0	3	5	3	-2766864884339202335539200000
5	0	3	5	2	10617319336093794110361600000
5	0	3	5	1	922604364061246702087372800000
5	0	3	4	4	-63275751260996799543109632000
5	0	3	4	3	-1853136072961190174168257536000
5	0	3	4	2	-719679106860653667467915020800000
5	0	3	4	1	2321408454311005022008041302016000
5	0	3	3	4	1282229874823499828958731323944960
5	0	3	3	3	91321377133330410347971947736120320
5	0	3	3	2	-1104362347859729177454120644423009280
5	0	3	3	1	-360541868392020670273687685865707520
5	0	3	2	4	1694571462451495591231290709795812864
5	0	3	2	3	99654336674102060383810765249387736064
5	0	3	2	2	-264588988313922161302794944802287513088
5	0	3	2	1	-1282935666012138923099284702237139297280
5	0	3	1	4	435730753147611771178306898637937176576
5	0	3	1	3	22536939926146733356115883302924975626752
5	0	3	1	2	55200380195299161339027415514362691160576
5	0	3	1	1	-263042233051265446403012107926688013620224
5	0	3	0	4	23578148945730165206075778815006953220352
5	0	3	0	3	1061897011208987923556303310620983775115648
5	0	3	0	2	12991948821589528354397883288946304127448896
5	0	3	0	1	-6241107934545222043205713864473857622196992
5	0	2	7	1	3257059547842560000000000
5	0	2	6	4	-595887177008701440000000
5	0	2	6	3	-83231001007494298214400000
5	0	2	6	2	-8183728040349743297740800000
5	0	2	6	1	-6271457190459138652262400000
5	0	2	5	4	22918895809209810345830400000
5	0	2	5	3	1892901984781944381956494848000
5	0	2	5	2	12093857304055223215357310976000
5	0	2	5	1	-410003164909929656688346294272000
5	0	2	4	4	-9589044314751490970353934438400
5	0	2	4	3	-654064630527521389219123444369920
5	0	2	4	2	178837335560942300107494169629327360
5	0	2	4	1	-390847131360326124819950412119915520
5	0	2	3	4	-285397014859941592545087402156635136
5	0	2	3	3	-15292921789527034246151326038406752768
5	0	2	3	2	149890420932772571534522939299514339328
5	0	2	3	1	112177069238044582419708569013404318208
5	0	2	2	4	-221845447340148212522726538047767506432
5	0	2	2	3	-11025093847392162222191206145003814559488
5	0	2	2	2	21598399973717235699800929330135123367424
5	0	2	2	1	132212277300603033637908480657140083466688
5	0	2	1	4	-41121124237900927427066143868609250515712
5	0	2	1	3	-1948788801004735959222480542102730426460416
5	0	2	1	2	-5161057469386955931057738820500205501962624
5	0	2	1	1	19556276052465308333957753866228198771224096
5	0	2	0	4	-1762248717623402287148391599725871968249920
5	0	2	0	3	-81297162992727818136977174259675185015096832
5	0	2	0	2	-867397139676347112425361249189165971130765120
5	0	2	0	1	323664010728531064583108268475736366388724296
5	0	1	7	3	-707468245026508800000000
5	0	1	7	2	-103637847198425462784000000
5	0	1	7	1	-5118745512544921304064000000
5	0	1	6	4	522990061727673583872000000
5	0	1	6	3	54410055817753297404979200000
5	0	1	6	2	3557048825778051387010521600000
5	0	1	6	1	12678536932739935281590676480000
5	0	1	5	4	-7636244724354767777833893580800
5	0	1	5	3	-441489287129213311420666659840000
5	0	1	5	2	-5022688932374945972418521345664000
5	0	1	5	1	65317534330622430394469067804979200
5	0	1	4	4	6323426070276990968206178759124480
5	0	1	4	3	206209489617042640181036344032906240
5	0	1	4	2	-19660486067669636328221517928009950720
5	0	1	4	1	27977279931009286358040714245268602880
5	0	1	3	4	29520198697463755903819854448348870656
5	0	1	3	3	1271744208056560489163172305782782575616
5	0	1	3	2	-10138166381999174813803582749018051397632
5	0	1	3	1	-11317809878375292598957505210825827224192
5	0	1	2	4	15021296245190801685853702820478351628800
5	0	1	2	3	652117575969401941142374375595503127585664
5	0	1	2	2	-892506423858916292638460607209713668362880
5	0	1	2	1	-7165221251575920617292143896301770611341856
5	0	1	1	4	2128514519209857466332475547115113197291392
5	0	1	1	3	93632325147394376234680464112241904702140928
5	0	1	1	2	260150025874908880236274639619800358912853312
5	0	1	1	1	-804106969869737948366190526540290512820671184
5	0	1	0	4	75541965521505312624773773539548957825762784
5	0	1	0	3	3499593785746186188613613209225468916541570432
5	0	1	0	2	33051495624237271084439768738725822172717025792
5	0	1	0	1	-9182406987935731486185582639923954920719080064
5	0	0	8	1	-35343018649058803200000000
5	0	0	7	4	335587421193228288000000
5	0	0	7	3	336685318204580659814400000
5	0	0	7	2	28915006565557666954690560000
5	0	0	7	1	1166080276803509302756700160000
5	0	0	6	4	-88250404662814977912513024000
5	0	0	6	3	-7761019837879541047732005427200
5	0	0	6	2	-393688780794156728841427842048000
5	0	0	6	1	-2207802943254280531316776555852800
5	0	0	5	4	731964891659409607287424631592960
5	0	0	5	3	33451915528604835556742509669808640
5	0	0	5	2	472671707271871099241002720699302912
5	0	0	5	1	-3194783558844172770109480652064780288
5	0	0	4	4	-610437201113048273098074616397031936
5	0	0	4	3	-15072070590394130543877562272422821632
5	0	0	4	2	782137992491664254050494720576552837120
5	0	0	4	1	-658530510943196008443824301529614586176
5	0	0	3	4	-1145430562387954329676963113908576080896
5	0	0	3	3	-41619645114583084442989405563586355917056
5	0	0	3	2	268880942158366774708056711312284975755776
5	0	0	3	1	391952811701036193290779400162431835734656
5	0	0	2	4	-411434759249559909988366987283670493810560
5	0	0	2	3	-15985138597228952574243172834330216829448000
5	0	0	2	2	13775463932887720134787776559950151647691776
5	0	0	2	1	159139470793969713529991924656669825114657680
5	0	0	1	4	-46558165967491795019397651365846037477289728
5	0	0	1	3	-1917648983420706272286208601948083859515756896
5	0	0	1	2	-5495998714189010430098110764271742216872427328
5	0	0	1	1	14051208311455904701915259133377178382597949424
5	0	0	0	4	-1414912049758431246587943565327682575297922688
5	0	0	0	3	-64786403081859382086178658378917906005555237984
5	0	0	0	2	-549501553805916592099726963084239469770097027008
5	0	0	0	1	105549018129397505473828978360891948411449625704
4	9	0	0	2	-310672490129100000000000
4	9	0	0	1	4135236224322307500000000
4	8	1	0	3	2441195389103328000000000
4	8	1	0	2	-36945759003288820200000000
4	8	1	0	1	-157527805984082080200000000
4	8	0	1	2	4302343272393900000000000
4	8	0	1	1	-69212731378577017500000000
4	8	0	0	5	41008768697041200000000
4	8	0	0	4	-33247341433642604400000000
4	8	0	0	3	-914599609608425830848000000
4	8	0	0	2	11343578435937774438696000000
4	8	0	0	1	99859211882041696063497000000
4	7	3	0	1	451887258369600000000000
4	7	2	0	4	16569199473552000000000
4	7	2	0	3	33605296951791281040000000
4	7	2	0	2	1017662210755027546320000000
4	7	2	0	1	463519935480967157880000000
4	7	1	1	3	1075910089047768000000000
4	7	1	1	2	204252429898432144800000000
4	7	1	1	1	1938988736937931258800000000
4	7	1	0	5	519610095490590720000000
4	7	1	0	4	-354114247096506188088000000
4	7	1	0	3	-27179351431555401065707200000
4	7	1	0	2	-641478484558039429769857200000
4	7	1	0	1	-36268071380394832662570000000
4	7	0	2	2	-469931367644775000000000
4	7	0	2	1	186647824683052740000000000
4	7	0	1	5	-1242689960516400000000
4	7	0	1	4	4116413004695343720000000
4	7	0	1	3	-1069371187010530308144000000
4	7	0	1	2	-60715798338079175717088000000
4	7	0	1	1	-709624189861623953663791500000
4	7	0	0	5	-174808918199188615953600000
4	7	0	0	4	68959206610567307440077600000
4	7	0	0	3	4478094944880138498387992256000
4	7	0	0	2	77111223199234574970905780544000
4	7	0	0	1	-9284713950620978067205052712000
4	6	4	0	2	-3795852970304640000000000
4	6	4	0	1	-725948512288200000000000
4	6	3	1	1	-7324339312740600000000000
4	6	3	0	4	-840142096134710400000000
4	6	3	0	3	-113004302385272152608000000
4	6	3	0	2	17317174775516951711184000000
4	6	3	0	1	32324690416904866589472000000
4	6	2	1	4	-248789040580152000000000
4	6	2	1	3	-44620652227723030080000000
4	6	2	1	2	-1709826742895908123440000000
4	6	2	1	1	26479483014087327390840000000
4	6	2	0	5	-1037326281271659072000000
4	6	2	0	4	1127887257292988952988800000
4	6	2	0	3	103208142057068557480140000000
4	6	2	0	2	-12588309041998391291908101600000
4	6	2	0	1	-23386962186068509326917764800000
4	6	1	2	3	-3148775521167060000000000
4	6	1	2	2	-269171369343358714800000000
4	6	1	2	1	-3009300649509471850800000000
4	6	1	1	5	-121206204633801600000000
4	6	1	1	4	470369069818074984024000000
4	6	1	1	3	44889654358160212254782400000
4	6	1	1	2	1105376498931642167864309400000
4	6	1	1	1	-13119921482737587285920877000000
4	6	1	0	5	1812015946739592705507840000
4	6	1	0	4	-813698196529342844974694256000
4	6	1	0	3	-22618005487025635988561863440000
4	6	1	0	2	2825194708446925715968106986416000
4	6	1	0	1	5169753810572359061120850052272000
4	6	0	3	2	-1780875132810750000000000
4	6	0	3	1	-208525191408194107500000000
4	6	0	2	5	-16145555168830500000000
4	6	0	2	4	14725311173046378000000000
4	6	0	2	3	2064424914253572519384000000
4	6	0	2	2	97119887919632316609174000000
4	6	0	2	1	973476728116400986799544000000
4	6	0	1	5	146747437762706764682400000
4	6	0	1	4	-141219856174486122406624320000
4	6	0	1	3	-7581490761658014931969807128000
4	6	0	1	2	-148554813243606826820123007720000
4	6	0	1	1	1542771480385423003105149706728000
4	6	0	0	5	-400436419855400500458766204800
4	6	0	0	4	134456441591969816885213745571200
4	6	0	0	3	1264700360141002381178601528641280
4	6	0	0	2	-193433705162998807276775299290727680
4	6	0	0	1	-360886356350568778696967940304898160
4	5	5	0	3	650717652052224000000000
4	5	5	0	2	-8217820841928048000000000
4	5	5	0	1	-17597996131773456000000000
4	5	4	1	2	10551567482930160000000000
4	5	4	1	1	-10546546513392720000000000
4	5	4	0	4	-15834009030001885440000000
4	5	4	0	3	-3329621716787223641568000000
4	5	4	0	2	3652335629618801945472000000
4	5	4	0	1	119362265094301848424800000000
4	5	3	2	1	16569199473552000000000000
4	5	3	1	4	-382522564209866400000000
4	5	3	1	3	-26034563879882640000000000
4	5	3	1	2	-47483254578637745824320000000
4	5	3	1	1	-55260729440599981238640000000
4	5	3	0	5	-20212001242028578944000000
4	5	3	0	4	28047998016241995311798400000
4	5	3	0	3	3375722593922376610888914240000
4	5	3	0	2	2291582416658020784978909760000
4	5	3	0	1	-86752051532197640169569844480000
4	5	2	2	4	298747687477680000000000
4	5	2	2	3	21641123483514453600000000
4	5	2	2	2	-356388269927832597600000000
4	5	2	2	1	-66257947796587254964800000000
4	5	2	1	5	144334798711065216000000
4	5	2	1	4	-215680011760884125030400000
4	5	2	1	3	216550240261904595242091600000
4	5	2	1	2	32994976356902606152265550000000
4	5	2	1	1	53574012722085154324874533800000
4	5	2	0	5	25221683357729758063572480000
4	5	2	0	4	-15097041788976086080067605728000
4	5	2	0	3	-1214740538548782021631465493356800
4	5	2	0	2	-2097257219711892642534811509024000
4	5	2	0	1	22084433146415933467357388019580800
4	5	1	3	3	891849714087780000000000
4	5	1	3	2	97013973948581736000000000
4	5	1	3	1	-102131040426374763000000000
4	5	1	2	5	-148846641937408800000000
4	5	1	2	4	-317982397934094750684000000
4	5	1	2	3	-13488412093826350446936000000
4	5	1	2	2	248073944848155911502990000000
4	5	1	2	1	31300449720514310363225814000000
4	5	1	1	5	649205216769478618725120000
4	5	1	1	4	36254261933726007226349880000
4	5	1	1	3	-94223093602471962789417320808000
4	5	1	1	2	-7252047329298119012248732076472000
4	5	1	1	1	-14226934914517469010689153014056000
4	5	1	0	5	-7953693032825329814781701702400
4	5	1	0	4	3017987475260195997911781202256640
4	5	1	0	3	180097912140713434895167072526469120
4	5	1	0	2	489324907372844766291702529154572800
4	5	1	0	1	-2254008158165685060161439035231460960
4	5	0	4	2	443257466977125000000000
4	5	0	4	1	48702445647457725000000000
4	5	0	3	5	2730152185983000000000
4	5	0	3	4	-3846351371427442800000000
4	5	0	3	3	-563674235019285497130000000
4	5	0	3	2	-34883652124081618464708000000
4	5	0	3	1	-45966746815243728182730000000
4	5	0	2	5	39594474487396825182000000
4	5	0	2	4	73178092527327457006031280000
4	5	0	2	3	1845589018386179118303355770000
4	5	0	2	2	-27252827532115550667810177120000
4	5	0	2	1	-3480310751116156520488173039960000
4	5	0	1	5	-131326296866880544686582014400
4	5	0	1	4	-2731128600466868944906974499200
4	5	0	1	3	9692786910145715207841533259431520
4	5	0	1	2	492275988098509954095323260706656800
4	5	0	1	1	1160854914348711093186794948749501680
4	5	0	0	5	704629283269728774426118197535872
4	5	0	0	4	-195104652794060988160976379245607456
4	5	0	0	3	-9491769737527982320309183382457675720
4	5	0	0	2	-34418087217782944036845881311075133016
4	5	0	0	1	74944488813145204544953687106637078348
4	4	6	0	3	516356507230329600000000
4	4	6	0	2	114599211238875052800000000
4	4	6	0	1	10879637632506489600000000
4	4	5	1	3	-1437001481615328000000000
4	4	5	1	2	6876719878477824000000000
4	4	5	1	1	211570601786924256000000000
4	4	5	0	4	-33738649830141507072000000
4	4	5	0	3	-1253398326852820966272000000
4	4	5	0	2	-303972335572635687835008000000
4	4	5	0	1	37788705189291150933120000000
4	4	4	2	2	-11432747636750880000000000
4	4	4	2	1	5976208991937960000000000
4	4	4	1	4	25100650156666700160000000
4	4	4	1	3	7086631644315417568896000000
4	4	4	1	2	-17941913892186264410400000000
4	4	4	1	1	-605842820738868206124576000000
4	4	4	0	5	-6101255234073995712000000
4	4	4	0	4	45155791254510503596016640000
4	4	4	0	3	1944677352649671604595498112000
4	4	4	0	2	232085568092865931322204845824000
4	4	4	0	1	-20052366457079429729553529728000
4	4	3	3	1	-15345338148801000000000000
4	4	3	2	4	2036404824994915200000000
4	4	3	2	3	372245416143348510720000000
4	4	3	2	2	41153230395736354474560000000
4	4	3	2	1	-1174106599510265588160000000
4	4	3	1	5	6949742851042536384000000
4	4	3	1	4	-52866817210407326864659200000
4	4	3	1	3	-6422136732382456473522161760000
4	4	3	1	2	10358022072523461494973868080000
4	4	3	1	1	417502892762835381018898028640000
4	4	3	0	5	3697195410749694808942848000
4	4	3	0	4	-20509356020209629644239077196800
4	4	3	0	3	-966397861132301350289163302553600
4	4	3	0	2	-78129878928420217447235853725932800
4	4	3	0	1	-1385199701234363833419531542457600
4	4	2	3	4	-21339120534120000000000
4	4	2	3	3	8609888827114092000000000
4	4	2	3	2	1518641870742223941600000000
4	4	2	3	1	46072277220121580568600000000
4	4	2	2	5	307493212217992992000000
4	4	2	2	4	-3154063442081451368587200000
4	4	2	2	3	-457559638374686790174372000000
4	4	2	2	2	-27040316605070294287228536000000
4	4	2	2	1	-14891429030375149661738617200000
4	4	2	1	5	-7205822836125609542014080000
4	4	2	1	4	28681162597004383687868808048000
4	4	2	1	3	2173461942606219884997266882140800
4	4	2	1	2	-855988891627763515155261946128000
4	4	2	1	1	-111354594736301703658809222123124800
4	4	2	0	5	2067246092388539965199353666560
4	4	2	0	4	3673116921618246025279567164038400
4	4	2	0	3	189542448779399740203305332063294080
4	4	2	0	2	13103072854365885955488201170413017216
4	4	2	0	1	1908492570183457807152410952559202976
4	4	1	4	3	430338930771420000000000
4	4	1	4	2	39378480808940838000000000
4	4	1	4	1	1586593451612725758000000000
4	4	1	3	5	52054901679409200000000
4	4	1	3	4	-17806480627177513836000000
4	4	1	3	3	-12262850349753849617304000000
4	4	1	3	2	-915568202393863894718712000000
4	4	1	3	1	-21090131941121880161657724000000
4	4	1	2	5	-728331455019698454324960000
4	4	1	2	4	1336877801044412278095154836000
4	4	1	2	3	142588578439622042095519983528000
4	4	1	2	2	5913572683741746533552813765184000
4	4	1	2	1	7190366130654525436029886342512000
4	4	1	1	5	2474405031568448720830323427200
4	4	1	1	4	-5797807273018787296365630614868480
4	4	1	1	3	-314969054492568534691253029357325760
4	4	1	1	2	-314441239374961113403580330218501440
4	4	1	1	1	12538133513991202255753509650857983840
4	4	1	0	5	-1178306910231222923155870378892928
4	4	1	0	4	-197122069587020568137325288475245936
4	4	1	0	3	-14780168954108892866120743343721441600
4	4	1	0	2	-1070921107842695805057228968770403010576
4	4	1	0	1	-299517645368049741645228069140682960408
4	4	0	5	2	166319615927700000000000
4	4	0	5	1	39457998089467110000000000
4	4	0	4	5	1553362450645500000000
4	4	0	4	4	-1448367701405707800000000
4	4	0	4	3	-289451380219823358450000000
4	4	0	4	2	-13862849061419124604740000000
4	4	0	4	1	-443673991648577571837120000000
4	4	0	3	5	-41748509498838151590000000
4	4	0	3	4	14304336031232387722589760000
4	4	0	3	3	2219128249344087525645342780000
4	4	0	3	2	115697082304806469379370010440000
4	4	0	3	1	2347687844511931700010872705520000
4	4	0	2	5	171302901343000178981469019200
4	4	0	2	4	-160021856323991707067665768204800
4	4	0	2	3	-12613747834570979675378487438298800
4	4	0	2	2	-412509700192847292464479579700085600
4	4	0	2	1	-796781078086232641412801878265980800
4	4	0	1	5	-262269695298754726029645279692832
4	4	0	1	4	395891623062424332535391478018921600
4	4	0	1	3	16581336424297448388782121421582233312
4	4	0	1	2	39154776739243120799523463569658643808
4	4	0	1	1	-491067946021384962323970435869410658592
4	4	0	0	5	126773244077583033496932957297573444
4	4	0	0	4	-4253593460271315506482135814888091480
4	4	0	0	3	319894047138782476425347422036271817318
4	4	0	0	2	33836929395341194617046951192826831873388
4	4	0	0	1	13866592984433176547120555059497611077356
4	3	7	0	3	-20353725136580175360000000
4	3	7	0	2	339043418248770270720000000
4	3	7	0	1	145423103900244410880000000
4	3	6	1	3	1086939485465011200000000
4	3	6	1	2	-216279267019135488000000000
4	3	6	1	1	509034728612053094400000000
4	3	6	0	4	94205623620943233792000000
4	3	6	0	3	49714683482652852174336000000
4	3	6	0	2	-723635904625994974717670400000
4	3	6	0	1	-289230290167675580753126400000
4	3	5	2	3	1138755891091392000000000
4	3	5	2	2	12596106278575728000000000
4	3	5	2	1	-304784399152544112000000000
4	3	5	1	4	17146940345959256064000000
4	3	5	1	3	-1389030047296687582041600000
4	3	5	1	2	406517241280890941836300800000
4	3	5	1	1	-1071785512595849613161241600000
4	3	5	0	5	51586379346445716787200000
4	3	5	0	4	-184462617678628096011456000000
4	3	5	0	3	-40632910827375555414628839936000
4	3	5	0	2	532783658174829532989721254144000
4	3	5	0	1	231457823713533213620310234240000
4	3	4	3	2	6168261076745040000000000
4	3	4	3	1	20094756917091120000000000
4	3	4	2	4	-10676890882584662400000000
4	3	4	2	3	-4045973154261455572992000000
4	3	4	2	2	-14522774627018429633088000000
4	3	4	2	1	487854162426057796616544000000
4	3	4	1	5	-12299084197908675379200000
4	3	4	1	4	-31759540865403928762256640000
4	3	4	1	3	83792836701870653359125792000
4	3	4	1	2	-258823949049422946859401611136000
4	3	4	1	1	720107277537108230535954003552000
4	3	4	0	5	-72155714080072654813718016000
4	3	4	0	4	126174891708518576376405947673600
4	3	4	0	3	16072402545370451539296187257093120
4	3	4	0	2	-188290901052142847413173772346165760
4	3	4	0	1	-94063990371654776053100340838798080
4	3	3	4	1	7154881590852000000000000
4	3	3	3	4	-658659152203941600000000
4	3	3	3	3	-197133057719919928800000000
4	3	3	3	2	-9938832824418225320160000000
4	3	3	3	1	-7018877939612635877760000000
4	3	3	2	5	1899191769475754880000000
4	3	3	2	4	21262359812148244748419200000
4	3	3	2	3	3031697573112263761532419200000
4	3	3	2	2	95915176080053993797752000000
4	3	3	2	1	-273602794153057240448402049600000
4	3	3	1	5	10849895433413578984548096000
4	3	3	1	4	14737727537391519619019664249600
4	3	3	1	3	123325092675324943277000559667200
4	3	3	1	2	77847368136459904722859748924716800
4	3	3	1	1	-212495026147427829389043963615379200
4	3	3	0	5	36687849020778689096125184501760
4	3	3	0	4	-41288589279007524029526218580074112
4	3	3	0	3	-3505074155176196942089277899929312384
4	3	3	0	2	35886884258601632810504964866362669440
4	3	3	0	1	20964482586894934421239817541361108032
4	3	2	4	4	-65272603986720000000000
4	3	2	4	3	-8470130140039449600000000
4	3	2	4	2	-487622401412268045600000000
4	3	2	4	1	-4521882799054117188000000000
4	3	2	3	5	-39240885322908576000000
4	3	2	3	4	1390241225094501504441600000
4	3	2	3	3	134757740088376664886475200000
4	3	2	3	2	3649043812075811427010550400000
4	3	2	3	1	-10225414711931740636146199200000
4	3	2	2	5	-4094873331564947815005120000
4	3	2	2	4	-11074806897807861964896925104000
4	3	2	2	3	-866881404878289982205720384304000
4	3	2	2	2	1332369525480434782797767697388800
4	3	2	2	1	67987011321772920200802622064428800
4	3	2	1	5	-2426226415675836952628218302720
4	3	2	1	4	-2037310045074306531217095134716800
4	3	2	1	3	-8527098684114214887750685493942592
4	3	2	1	2	-12130645502372008312595041517668991040
4	3	2	1	1	30431098729283446515616023151566598752
4	3	2	0	5	-8514483663000009136236400032060672
4	3	2	0	4	7034025405226402967823234863024269824
4	3	2	0	3	433142089022737157459536792249682168880
4	3	2	0	2	-3771643992985627585525598666419120765968
4	3	2	0	1	-2578464960584218515467796179234792617560
4	3	1	5	3	-275023606413276000000000
4	3	1	5	2	-35661595137036285600000000
4	3	1	5	1	-471434981585396205600000000
4	3	1	4	5	5861981934961200000000
4	3	1	4	4	81748789376618777688000000
4	3	1	4	3	5984830420450063898616000000
4	3	1	4	2	221718587524673732249616000000
4	3	1	4	1	-337104188030180650815072000000
4	3	1	3	5	-97332797113569254358720000
4	3	1	3	4	-514554902762044728713978448000
4	3	1	3	3	-24079507558401688144195211136000
4	3	1	3	2	-466671457967261872846397791536000
4	3	1	3	1	3263694923522675515683996320832000
4	3	1	2	5	1654414264749847684273427692800
4	3	1	2	4	2152434325827212708504024205576000
4	3	1	2	3	107859418061875007657415153577634880
4	3	1	2	2	-177539943271444360543718694048674880
4	3	1	2	1	-7512792716318317838063935034039933760
4	3	1	1	5	116888097221879491064455664086656
4	3	1	1	4	-45594278904352848316967356917691968
4	3	1	1	3	-4053649261822183481983698551209925472
4	3	1	1	2	941711622403634654627009186492075723808
4	3	1	1	1	-2057853559802360173668098869500651965328
4	3	1	0	5	896777770522428698505478160140800144
4	3	1	0	4	-599885761589214307125102197874972191016
4	3	1	0	3	-28472258492493361905915304159510978401528
4	3	1	0	2	204950382842115559412093379183477146846136
4	3	1	0	1	163269383465067569955967773436379478678168
4	3	0	6	2	-69038331139800000000000
4	3	0	6	1	-24612072070421340000000000
4	3	0	5	5	-489544529900400000000
4	3	0	5	4	643374484103718000000000
4	3	0	5	3	180814387434114564936000000
4	3	0	5	2	10939975395951261782088000000
4	3	0	5	1	116276368986115679644056000000
4	3	0	4	5	1881239794991591904000000
4	3	0	4	4	-17910685524761918208362880000
4	3	0	4	3	-775957209097544585901227160000
4	3	0	4	2	-21627209688225458558668410240000
4	3	0	4	1	183736989263784179887311029040000
4	3	0	3	5	23553475114550012480046182400
4	3	0	3	4	50607396642655851114038741366400
4	3	0	3	3	1128600121357812894483518249702400
4	3	0	3	2	20535900129102633520589996161204800
4	3	0	3	1	-218372875337707094432482875641361600
4	3	0	2	5	-170396915663070413042511819658176
4	3	0	2	4	-142490759424376663626198509302732800
4	3	0	2	3	-4991636301094660096200885100808061456
4	3	0	2	2	2536242560822047954315775676152039280
4	3	0	2	1	291359055772354660961100228135830678112
4	3	0	1	5	4954657558566996803452742377736688
4	3	0	1	4	18218987601345686342622670665394164336
4	3	0	1	3	435912180156423693822753127530168638400
4	3	0	1	2	-28451150500775011850462157651028210490448
4	3	0	1	1	52253067371866154571593939103152344599768
4	3	0	0	5	-33710446674129654115565778866385755424
4	3	0	0	4	20095827923020597799099434559928117647064
4	3	0	0	3	772642702147930908525408072941922939627510
4	3	0	0	2	-4472100123142191555811219741846612601708328
4	3	0	0	1	-4137448705832155415103626272466739838474995
4	2	8	0	3	-30208048655336377344000000
4	2	8	0	2	126908162244441142272000000
4	2	8	0	1	110602913131084548096000000
4	2	7	1	3	23955085830882539520000000
4	2	7	1	2	-193510415367290373120000000
4	2	7	1	1	104075781269232706560000000
4	2	7	0	4	145357829689547438899200000
4	2	7	0	3	63589293387414852972410880000
4	2	7	0	2	-214092043215431479894794240000
4	2	7	0	1	-64405997937514454737950720000
4	2	6	2	3	-3099946592415456000000000
4	2	6	2	2	116986380995755526400000000
4	2	6	2	1	-203642089209743500800000000
4	2	6	1	4	-106181069779505668608000000
4	2	6	1	3	-41975591008491267564211200000
4	2	6	1	2	151775509135997808754790400000
4	2	6	1	1	-459073153421625804438758400000
4	2	6	0	5	-14256729211048668149760000
4	2	6	0	4	-237940374590168231408486400000
4	2	6	0	3	-49275740319234778817522234265600
4	2	6	0	2	116309104550806565473612983244800
4	2	6	0	1	-28113950787628632653129313945600
4	2	5	3	3	-406698532532640000000000
4	2	5	3	2	-19198179123355584000000000
4	2	5	3	1	125675871716030688000000000
4	2	5	2	4	28396089202216290048000000
4	2	5	2	3	7057389175500083336985600000
4	2	5	2	2	-64697583537466473629260800000
4	2	5	2	1	108228169997856752718297600000
4	2	5	1	5	22295235244027726540800000
4	2	5	1	4	119790036451251612883307520000
4	2	5	1	3	25491158560101264319714452480000
4	2	5	1	2	23545552785091610057211009600000
4	2	5	1	1	445201747786884780520606373760000
4	2	5	0	5	30969007784171782932658176000
4	2	5	0	4	147882369637843216614043718031360
4	2	5	0	3	19316085910736179088246490539366400
4	2	5	0	2	-20741562648997113332926536296601600
4	2	5	0	1	35244523954310228194609337190289920
4	2	4	4	2	-1671982855967520000000000
4	2	4	4	1	-23744164942553760000000000
4	2	4	3	4	32957644043756160000000
4	2	4	3	3	89735386156574692608000000
4	2	4	3	2	41340482379439170830208000000
4	2	4	3	1	53106318844737517450080000000
4	2	4	2	5	4154528540115825868800000
4	2	4	2	4	-32126634477460125955434240000
4	2	4	2	3	-4508023602008097943919239680000
4	2	4	2	2	-51656450857812941973909609600000
4	2	4	2	1	-6918432587518716245975319360000
4	2	4	1	5	-50980954574242444188851712000
4	2	4	1	4	-47977765710966228969946934899200
4	2	4	1	3	-7318677192970343739238028537602560
4	2	4	1	2	-50675022759915201028169567932531200
4	2	4	1	1	-179734663905899343006752663938525440
4	2	4	0	5	-21573385707614321216216094792192
4	2	4	0	4	-46367119751393405487348039457096704
4	2	4	0	3	-4328472979659960699174406962074912256
4	2	4	0	2	-2260173038129839353571257497805621504
4	2	4	0	1	-13200921598619970014923967792709993408
4	2	3	5	1	-1656919947355200000000000
4	2	3	4	4	-306680819346835200000000
4	2	3	4	3	-28991064719926460160000000
4	2	3	4	2	-3739925023269257557440000000
4	2	3	4	1	36583427276153342363520000000
4	2	3	3	5	-1038195913195543680000000
4	2	3	3	4	6404453145933564971088000000
4	2	3	3	3	640529068029323642072864640000
4	2	3	3	2	-17260774153240891540592387520000
4	2	3	3	1	-140665434756240908664773314560000
4	2	3	2	5	-2465948286849579971310720000
4	2	3	2	4	10289013249674659489138771920000
4	2	3	2	3	1310896402273550810942517386707200
4	2	3	2	2	41317435943862085684942024841625600
4	2	3	2	1	-6890255039085044239023459470092800
4	2	3	1	5	33374484756504148459867698447360
4	2	3	1	4	8275375041936630946918357686308352
4	2	3	1	3	1082208955271182274694411776883882240
4	2	3	1	2	17774548931239114176782893810499647104
4	2	3	1	1	36953172678606786279262983623901463872
4	2	3	0	5	6994581245682655987014714924883200
4	2	3	0	4	8033789670496510741034442826225308480
4	2	3	0	3	579259890007381957832251317698625603648
4	2	3	0	2	1421266732079995411498366748059993180704
4	2	3	0	1	2561868481912789948633144324755963465120
4	2	2	5	4	22092265964736000000000
4	2	2	5	3	1287801698153785920000000
4	2	2	5	2	-160860267771488130240000000
4	2	2	5	1	-6239074890217424787360000000
4	2	2	4	5	-24769949019052752000000
4	2	2	4	4	543116017503927027475200000
4	2	2	4	3	80845899510748837269844800000
4	2	2	4	2	5288915103134902363402041600000
4	2	2	4	1	-3825324554935201715761272000000
4	2	2	3	5	1954958164014569188668480000
4	2	2	3	4	-5418855378245732758136028576000
4	2	2	3	3	-393242284572264222675239630275200
4	2	2	3	2	1492732842879636155380023244627200
4	2	2	3	1	53704973239283112206458408055942400
4	2	2	2	5	-753671460979920732087612637440
4	2	2	2	4	-897953760970058704395863515322880
4	2	2	2	3	-195853133824617683279834153018540352
4	2	2	2	2	-10062755869602447149423378457649185792
4	2	2	2	1	1990631425959160912260445357612944000
4	2	2	1	5	-9031707689108726842292749026487680
4	2	2	1	4	-463350022579683885262558592654068608
4	2	2	1	3	-78663403571042106065214127832751902592
4	2	2	1	2	-2802369944161664753112787045977881181504
4	2	2	1	1	-4115925841971497087251576361572603847856
4	2	2	0	5	-1168846022336998305344339381616126000
4	2	2	0	4	-772914710366079043168237379578484751648
4	2	2	0	3	-45729994811436946227766166499989797338168
4	2	2	0	2	-218062811220820139885424994322979893264448
4	2	2	0	1	-278554673906066733406697982684040098322392
4	2	1	6	3	51967034712504000000000
4	2	1	6	2	8341107959492366400000000
4	2	1	6	1	-120109314330560721600000000
4	2	1	5	5	-4072006294863840000000
4	2	1	5	4	-22402822582045885968000000
4	2	1	5	3	452469994961646777782400000
4	2	1	5	2	149767480963808876212934400000
4	2	1	5	1	5024739815636577601789728000000
4	2	1	4	5	109785956419539882783360000
4	2	1	4	4	-271815867306335455922614896000
4	2	1	4	3	-34129120484500353819957979296000
4	2	1	4	2	-1565456543140653120048323765760000
4	2	1	4	1	-2634601632648548028721515339840000
4	2	1	3	5	-870512693244791022558558028800
4	2	1	3	4	1376059673184624687840057998841600
4	2	1	3	3	77657944544629092520054598103868800
4	2	1	3	2	236096345642871707132508626995486080
4	2	1	3	1	-7422741395290700358544303809927534720
4	2	1	2	5	505562753020078124174160195654528
4	2	1	2	4	-72512536928170386050655391236781440
4	2	1	2	3	14441834440692422804758089155030505216
4	2	1	2	2	1039575072106837152388780307899628798304
4	2	1	2	1	-216231299147458788212851545974948587440
4	2	1	1	5	1071954838725210554493531697167266784
4	2	1	1	4	-27398239976977414138174574464078857408
4	2	1	1	3	2029274600189183213910552894056276722608
4	2	1	1	2	211804838736328165728409241643701235449856
4	2	1	1	1	239163067022723916801922686663216647566848
4	2	1	0	5	97623719023098121262350301706821372880
4	2	1	0	4	38047074637173789767663599307808301679544
4	2	1	0	3	1956564764357077982928386055378506579463240
4	2	1	0	2	14809158580416900156270620778460451796697320
4	2	1	0	1	16099041103914322400859282188308213581321996
4	2	0	7	2	6276211921800000000000
4	2	0	7	1	4927942129621320000000000
4	2	0	6	5	37657271530800000000
4	2	0	6	4	-67210698228171840000000
4	2	0	6	3	-32106926735091234792000000
4	2	0	6	2	-2089230574221103433184000000
4	2	0	6	1	56271604234608089520048000000
4	2	0	5	5	2388909171357328939200000
4	2	0	5	4	3344438157499623639680640000
4	2	0	5	3	-246773761297536590133820272000
4	2	0	5	2	-24135811491378281112038952288000
4	2	0	5	1	-736587966399659245726762954176000
4	2	0	4	5	-28476108259981265497698835200
4	2	0	4	4	36161356420554634248914490566400
4	2	0	4	3	3633855747920761159965874950676800
4	2	0	4	2	129996065993742133272259803983289600
4	2	0	4	1	396612806434182840079625030525174400
4	2	0	3	5	102976189590088411801869998536704
4	2	0	3	4	-108611674340324212861392532101083136
4	2	0	3	3	-4984387665214841420961043231410265920
4	2	0	3	2	-29823017327668281154000160936930584896
4	2	0	3	1	344155098214553925555198218200064788224
4	2	0	2	5	-55625616346215994954915671009230688
4	2	0	2	4	10627846809271310587116302533452295296
4	2	0	2	3	-406248822043733868492881624203821602736
4	2	0	2	2	-39293580948439307065065279400531294662768
4	2	0	2	1	8232852960721743507442609750877600932704
4	2	0	1	5	-45988762386630245657034363620517415008
4	2	0	1	4	3002161888118863259867181393442215074016
4	2	0	1	3	19751163653860956974564178559568837047944
4	2	0	1	2	-6234518025737746830009795947680630742662944
4	2	0	1	1	-5746225264156072266814616597179924472884368
4	2	0	0	5	-3211647956666924335997153844977052184584
4	2	0	0	4	-725747968441129307008840825923907806589560
4	2	0	0	3	-34690101471257818430735935725524065580566656
4	2	0	0	2	-384256986550494129713038404171680194787548416
4	2	0	0	1	-385125420210100724394695767957938481430546982
4	1	9	0	3	19672496056842835968000000
4	1	9	0	2	-346868948732350316544000000
4	1	9	0	1	-132829692878116380672000000
4	1	8	1	3	-16941217165295634432000000
4	1	8	1	2	535868589335614672896000000
4	1	8	1	1	-414703227276418424832000000
4	1	8	0	4	-196642189283087316787200000
4	1	8	0	3	-51493284729223102985011200000
4	1	8	0	2	665643847739365235255500800000
4	1	8	0	1	591034465668144782615961600000
4	1	7	2	3	-2114832369169728000000000
4	1	7	2	2	-199484003413129789440000000
4	1	7	2	1	801232983089583759360000000
4	1	7	1	4	228748858522404869836800000
4	1	7	1	3	68329877306657999225425920000
4	1	7	1	2	-1275711305568864798290780160000
4	1	7	1	1	-56339243322902625708564480000
4	1	7	0	5	-69213973491126037094400000
4	1	7	0	4	378672063007501873500475392000
4	1	7	0	3	53590176185918328811174939545600
4	1	7	0	2	-543940870630989335037238907596800
4	1	7	0	1	-660049506873413094797876417126400
4	1	6	3	3	2077476355811174400000000
4	1	6	3	2	-15908841559987891200000000
4	1	6	3	1	-291507047727128524800000000
4	1	6	2	4	-25778179786048853760000000
4	1	6	2	3	-16179568103381177653401600000
4	1	6	2	2	736958582452232238522470400000
4	1	6	2	1	-1273412209080164536975104000000
4	1	6	1	5	76997441585677427159040000
4	1	6	1	4	-528542688536309944139102208000
4	1	6	1	3	-78642285246830557071213941376000
4	1	6	1	2	1110894062016121103544685567488000
4	1	6	1	1	490919682245703447733277741568000
4	1	6	0	5	108556387226174775136827801600
4	1	6	0	4	-294338623467886597609359002634240
4	1	6	0	3	-29560618214897115906217692987881472
4	1	6	0	2	248634277685739772838802424676653056
4	1	6	0	1	350084005199992973617856190491609088
4	1	5	4	3	54226471004352000000000
4	1	5	4	2	8740503770775552000000000
4	1	5	4	1	-20214423357733440000000000
4	1	5	3	4	-25053726183757600896000000
4	1	5	3	3	-5452733539601629328563200000
4	1	5	3	2	-84733350953137374290918400000
4	1	5	3	1	928134987305282396331724800000
4	1	5	2	5	-16048302403149572659200000
4	1	5	2	4	153027058257283132315653120000
4	1	5	2	3	26292668704482874632632858880000
4	1	5	2	2	-721258902744493348341168244992000
4	1	5	2	1	700031383286602729108790251008000
4	1	5	1	5	-124704678665315744823932928000
4	1	5	1	4	424106853874584306857841304811520
4	1	5	1	3	42163191083585044626865334647096320
4	1	5	1	2	-490426242267817523188814400282470400
4	1	5	1	1	-323040548017847485646304390322145280
4	1	5	0	5	-67024099529295964693310349600768
4	1	5	0	4	122507719338044744680695062587752960
4	1	5	0	3	9654321957638516098175916725118935040
4	1	5	0	2	-69835265341946498337599469159925618176
4	1	5	0	1	-106211076329900742507142198255144856448
4	1	4	5	2	180754903347840000000000
4	1	4	5	1	8796738629594880000000000
4	1	4	4	4	1028374896780311040000000
4	1	4	4	3	476085198455069437440000000
4	1	4	4	2	-21680944597432809582336000000
4	1	4	4	1	-107503222539830315826816000000
4	1	4	3	5	-206660696095652428800000
4	1	4	3	4	34685007022349533993397760000
4	1	4	3	3	3675954359543544014741453952000
4	1	4	3	2	128711399363087972379105775104000
4	1	4	3	1	-723375783450685156732239322368000
4	1	4	2	5	28549898793680826954212352000
4	1	4	2	4	-148960125780429644340392496384000
4	1	4	2	3	-14635629578686936464842409352247040
4	1	4	2	2	313561803260644959712761235285539840
4	1	4	2	1	-180975980434890038659624359991710720
4	1	4	1	5	73728996838602417870254495935488
4	1	4	1	4	-166499718119515532871693981238528512
4	1	4	1	3	-12417388797979500554139802397622220032
4	1	4	1	2	123638247975491180493465122315155077120
4	1	4	1	1	97463365953430110442578629830894248576
4	1	4	0	5	21446256771348559442145777528110592
4	1	4	0	4	-30168169792284867976122152588423617536
4	1	4	0	3	-1961980523055002179875566679970744686528
4	1	4	0	2	12490527172747688427933485000564937389568
4	1	4	0	1	19847917348661800091212555065413759090784
4	1	3	6	1	150629086123200000000000
4	1	3	5	4	173022610260182400000000
4	1	3	5	3	32125206123279697536000000
4	1	3	5	2	2272493387398522799232000000
4	1	3	5	1	-18420780429603363233664000000
4	1	3	4	5	131493167022108672000000
4	1	3	4	4	-5580077663191583655648000000
4	1	3	4	3	-724936400357756927335050240000
4	1	3	4	2	10369033214562171822874129920000
4	1	3	4	1	130495638285218327608016616960000
4	1	3	3	5	-150958888965179168214528000
4	1	3	3	4	-12942836993126716468054058649600
4	1	3	3	3	-1018067444811008316769275677836800
4	1	3	3	2	-60759338066923109159227330337472000
4	1	3	3	1	236828154812209380608450762641536000
4	1	3	2	5	-16845440556322026453422984048640
4	1	3	2	4	58416825987291849496174208057907456
4	1	3	2	3	3948698322506246724933519746884114944
4	1	3	2	2	-71070920933248760596131445020107659008
4	1	3	2	1	23326616519114999671134359024526230400
4	1	3	1	5	-21006847212901368490467063659847168
4	1	3	1	4	35889156675236103200498621945419761024
4	1	3	1	3	2136322414657573244733904941855483527040
4	1	3	1	2	-18566278619446179047999704866860066624640
4	1	3	1	1	-16231217347271210221415577002815343971872
4	1	3	0	5	-3885709446618034539232881801114610176
4	1	3	0	4	4536334681321589653061239277645963816928
4	1	3	0	3	251023718083863539513273486652381117413088
4	1	3	0	2	-1425108980427378935287074730845216273440928
4	1	3	0	1	-2331172407876060467945953494699486242419440
4	1	2	6	4	-2008387814976000000000
4	1	2	6	3	170521051659528960000000
4	1	2	6	2	96300645550244974080000000
4	1	2	6	1	2315312946518206302720000000
4	1	2	5	5	3956523995502720000000
4	1	2	5	4	-363661032123197261107200000
4	1	2	5	3	-44713315144707296051289600000
4	1	2	5	2	-2497527586222226654143680000000
4	1	2	5	1	4927331669278263355990022400000
4	1	2	4	5	-241692758965778000037120000
4	1	2	4	4	4131985696430093791847721216000
4	1	2	4	3	315712178780981101355515004179200
4	1	2	4	2	-1155329567914916520096651143654400
4	1	2	4	1	-45972402701795066028084127562073600
4	1	2	3	5	352635864771443729823870151680
4	1	2	3	4	1260111555198555393225407591116800
4	1	2	3	3	124134377193897870819472903905034752
4	1	2	3	2	12699977280894537350807275231386110976
4	1	2	3	1	-37408763247203663898536463702926622336
4	1	2	2	5	4331824688257930390482589102428672
4	1	2	2	4	-11056674205815671681684131706004273408
4	1	2	2	3	-562590857016208009425649890962208758400
4	1	2	2	2	8745406322402085754576717647835613652096
4	1	2	2	1	-1316932715298631374354842238539658820896
4	1	2	1	5	3102734258255957776319975809219385472
4	1	2	1	4	-4340462725164523644242419208948207129088
4	1	2	1	3	-214452139735586305156197413227491509417856
4	1	2	1	2	1642712014704540418356734702533059847486272
4	1	2	1	1	1541229782263511629814949150142304759818992
4	1	2	0	5	402273616962450587448091405349274989472
4	1	2	0	4	-409365577294504789138435337911161481708128
4	1	2	0	3	-19686693676412325795842325754291250559777912
4	1	2	0	2	100321983457965766154854143827762771173780368
4	1	2	0	1	167998244448675458834623478092337111240969940
4	1	1	7	3	-3347313024960000000000
4	1	1	7	2	-629428741213478400000000
4	1	1	7	1	66115825610837673600000000
4	1	1	6	5	401677562995200000000
4	1	1	6	4	1289332573169567904000000
4	1	1	6	3	-523831606739725350988800000
4	1	1	6	2	-71990510821295159066284800000
4	1	1	6	1	-1733049507878685141990336000000
4	1	1	5	5	-13876009576580305704960000
4	1	1	5	4	163293674956495284934863360000
4	1	1	5	3	15430043233804756745614014720000
4	1	1	5	2	708017487392955635091541300032000
4	1	1	5	1	448094343201927880565106217728000
4	1	1	4	5	114114475546363466098202419200
4	1	1	4	4	-991585759589269242303106126045440
4	1	1	4	3	-53971105973440547809243579812157440
4	1	1	4	2	-117989833899119881013615915669479680
4	1	1	4	1	6265744717736643014614584808719429120
4	1	1	3	5	-129813367263214071070238774754816
4	1	1	3	4	115892418576324626258013542357383680
4	1	1	3	3	-5139613578003250407368580962892150912
4	1	1	3	2	-1221033349707024577457971884692857220352
4	1	1	3	1	2811033664023223333942533768966632114976
4	1	1	2	5	-498531055937615841747366918497028096
4	1	1	2	4	1007978207879121762166532246013899510592
4	1	1	2	3	40812839781966977354299915736619432130848
4	1	1	2	2	-553884570232104845550030194637491171611392
4	1	1	2	1	7395650191358045224332123406011389700624
4	1	1	1	5	-228359010971169603721897171456149787392
4	1	1	1	4	276482704129006702982066423564428556986176
4	1	1	1	3	11654662291888362632686783767723163166866608
4	1	1	1	2	-79033128639307918300786212811790586163083456
4	1	1	1	1	-78367234749583989590335079925509209688383680
4	1	1	0	5	-22195238485167829726798764614439244829184
4	1	1	0	4	20378498027094494579807232209208069844955472
4	1	1	0	3	865412517922354614845681311331485892359994328
4	1	1	0	2	-3967228963071323127681412860999864182423732832
4	1	1	0	1	-6796031389673604338744738275899236158159284744
4	1	0	8	1	-337613710934160000000000
4	1	0	7	4	1004193907488000000000
4	1	0	7	3	1477993532343427872000000
4	1	0	7	2	85336967227159749312000000
4	1	0	7	1	-25991408445200099097408000000
4	1	0	6	5	-311719127965744492800000
4	1	0	6	4	8940396775672575601920000
4	1	0	6	3	129557616686069710214425536000
4	1	0	6	2	10436657872458400797998724480000
4	1	0	6	1	257309854014911203227499262784000
4	1	0	5	5	3763891452979026100529971200
4	1	0	5	4	-19232531309735888453499666355200
4	1	0	5	3	-1507626455766906536772101681045760
4	1	0	5	2	-58383849866083687659130014926154240
4	1	0	5	1	-143052783526449103864205071251636480
4	1	0	4	5	-14480813473941219505681218969600
4	1	0	4	4	75282258158191185047849900214694656
4	1	0	4	3	3214134612200898797511460373836041024
4	1	0	4	2	18832874361677419742384261468603877504
4	1	0	4	1	-286517665642000329373430533836387763584
4	1	0	3	5	13078289471110685539151893679651328
4	1	0	3	4	-17822236495938343588930606275426773760
4	1	0	3	3	-58805882472954624425405723200421215296
4	1	0	3	2	43997223944944711857209832611525971397376
4	1	0	3	1	-80366987255077064199039233846192233624800
4	1	0	2	5	20794911041233822949788201294676097600
4	1	0	2	4	-35494383610128889657096054336910872637568
4	1	0	2	3	-1189604254473688938724750654501019404068672
4	1	0	2	2	14142907459648097655267741283528698431778912
4	1	0	2	1	1391779836363370247680595727683898600653952
4	1	0	1	5	6614555556758343221376040324556476863360
4	1	0	1	4	-7223430206689422130773577011860206308495360
4	1	0	1	3	-265227213433161200682924044558455614387540048
4	1	0	1	2	1594161415775987845765793691264810523270915776
4	1	0	1	1	1658461820804851409677189182761484165203909256
4	1	0	0	5	506478652929609430581394744046636407572576
4	1	0	0	4	-430384184693355475722203078130520533477084240
4	1	0	0	3	-16346488708899596130071187609398489497651524600
4	1	0	0	2	67362121052519290095717287011331337942943738128
4	1	0	0	1	118255219570744053718666335554095970427103188114
4	0	10	0	3	32483825190447022080000000
4	0	10	0	2	-259870601523576176640000000
4	0	10	0	1	-129935300761788088320000000
4	0	9	1	3	-57388091169789739008000000
4	0	9	1	2	567384146659807985664000000
4	0	9	1	1	-203565304526801338368000000
4	0	9	0	4	-250081725740224160563200000
4	0	9	0	3	-70999738255997428402667520000
4	0	9	0	2	433300518159201536806748160000
4	0	9	0	1	419687135062412996406804480000
4	0	8	2	3	27416903739800371200000000
4	0	8	2	2	-410628867151035432960000000
4	0	8	2	1	745739781722570096640000000
4	0	8	1	4	459044342760207465676800000
4	0	8	1	3	141067464030442889205719040000
4	0	8	1	2	-1095519727289301771924357120000
4	0	8	1	1	-244422108857385117994844160000
4	0	8	0	4	446750940503898721123540992000
4	0	8	0	3	66558143383647103818741124915200
4	0	8	0	2	-309379156879446476038951405977600
4	0	8	0	1	-441567063487579901872768863436800
4	0	7	3	3	-1330356088640102400000000
4	0	7	3	2	102032527841788723200000000
4	0	7	3	1	-519648656536638259200000000
4	0	7	2	4	-237851877900493841817600000
4	0	7	2	3	-81136691691782364121743360000
4	0	7	2	2	941790092840131057889402880000
4	0	7	2	1	-895329410226716191291637760000
4	0	7	1	4	-861842579081883102615416832000
4	0	7	1	3	-135016079527188695048535764582400
4	0	7	1	2	859191078853982557671416793907200
4	0	7	1	1	549869986282214988442069821849600
4	0	7	0	4	-337330427111600584859312125132800
4	0	7	0	3	-35252382110196771220674698734436352
4	0	7	0	2	124659728023275679749133179985698816
4	0	7	0	1	236332850910728409692180865075806208
4	0	6	4	3	-385610460475392000000000
4	0	6	4	2	-1349636611663872000000000
4	0	6	4	1	95438588967659520000000000
4	0	6	3	4	18618622668363589632000000
4	0	6	3	3	9635255902497368936448000000
4	0	6	3	2	-310685154964819669584691200000
4	0	6	3	1	982025472428860940483788800000
4	0	6	2	4	495926676463115950163804160000
4	0	6	2	3	80840784021227103701322357350400
4	0	6	2	2	-789959383928523154886334817075200
4	0	6	2	1	356542042750525860167892680294400
4	0	6	1	4	643270560624697490815947623792640
4	0	6	1	3	68444661025280324264246969403543552
4	0	6	1	2	-364721939426934309920072122290733056
4	0	6	1	1	-350298151288411001640020240167600128
4	0	6	0	4	142362077226153557937159695819784192
4	0	6	0	3	11708294944406997437623422756233533440
4	0	6	0	2	-31232275901089565862384643784536018944
4	0	6	0	1	-75403057663917227718949212036484623360
4	0	5	5	2	-1285368201584640000000000
4	0	5	5	1	1446039226782720000000000
4	0	5	4	4	4873634207333360640000000
4	0	5	4	3	1037012146923453297868800000
4	0	5	4	2	26411284763867797333401600000
4	0	5	4	1	-283698727334034182085427200000
4	0	5	3	4	-66313252755200945632665600000
4	0	5	3	3	-12097849065443856625045082112000
4	0	5	3	2	285068035439887570146673477632000
4	0	5	3	1	-646201790764242663198251483136000
4	0	5	2	4	-373716757293341092647954881495040
4	0	5	2	3	-39413924114307524200716326165790720
4	0	5	2	2	334662398549388023117360180933099520
4	0	5	2	1	-38724024916703999849775405119815680
4	0	5	1	4	-255130669910853485090649566641704960
4	0	5	1	3	-20710085794167425565058599193852870656
4	0	5	1	2	93236239605287994055467114203246481408
4	0	5	1	1	114529711563209582793109820732270911488
4	0	5	0	4	-37218914398846403317607803472901196800
4	0	5	0	3	-2557848738338228189889382239510888416256
4	0	5	0	2	5033547380685824706893266190818788037632
4	0	5	0	1	15394471749697873897322670810792777887232
4	0	4	6	1	-1071140167987200000000000
4	0	4	5	4	-192805230237696000000000
4	0	4	5	3	-92741597272889588736000000
4	0	4	5	2	3299687669468902717440000000
4	0	4	5	1	19081362804606449381376000000
4	0	4	4	4	-6972235604961997017415680000
4	0	4	4	3	-673834068132822721914918912000
4	0	4	4	2	-33199176172307755443873583104000
4	0	4	4	1	222554915954786607310786295808000
4	0	4	3	4	59343550674428902722424997068800
4	0	4	3	3	6203149373866453244788046260469760
4	0	4	3	2	-119625495130207524462893050258022400
4	0	4	3	1	204278785827509662072849789563248640
4	0	4	2	4	139648528462278563785208068162891776
4	0	4	2	3	10808177670090043608719394642259699200
4	0	4	2	2	-80719514152505137510643201593446696960
4	0	4	2	1	-10984914295483086990007476450306960384
4	0	4	1	4	59704537267231248886967046559310622720
4	0	4	1	3	3938892431342770024707509988465308894208
4	0	4	1	2	-14986898296935815785048230576237846865920
4	0	4	1	1	-22090000569445465513740009486653891977728
4	0	4	0	4	6280662217593267327533259718289299451904
4	0	4	0	3	373906968563178013607523005864286076823808
4	0	4	0	2	-518892428255364941231857445578501111609344
4	0	4	0	1	-2068385494270683063506765657037095395692288
4	0	3	6	4	-21422803359744000000000
4	0	3	6	3	-4539349213240688640000000
4	0	3	6	2	-310173914548658257920000000
4	0	3	6	1	2562529112974128476160000000
4	0	3	5	4	896271767918401888972800000
4	0	3	5	3	123019239628404624755404800000
4	0	3	5	2	-1589628451957087050155151360000
4	0	3	5	1	-22658681202656537280064757760000
4	0	3	4	4	2534046238443195891459437875200
4	0	3	4	3	163964257557505968602999197900800
4	0	3	4	2	14989422462212067943948966605312000
4	0	3	4	1	-73772844328226667325017223836057600
4	0	3	3	4	-22587408323396044480143487812077568
4	0	3	3	3	-1608532756871418351827136469528851456
4	0	3	3	2	26429499358658670941201292804159040512
4	0	3	3	1	-34404052569472522655932519293749508096
4	0	3	2	4	-28808891839556927171647032541110100992
4	0	3	2	3	-1755912085607173588044371877488631155712
4	0	3	2	2	11567561281013654115724856779211073056256
4	0	3	2	1	3950906161966904602859842264678528757760
4	0	3	1	4	-8532001583132774241311848051542321822720
4	0	3	1	3	-476119719176463237913544035600273746118656
4	0	3	1	2	1522038589899520742123690702722030748591616
4	0	3	1	1	2618425526945243206969345470873576298709760
4	0	3	0	4	-686827064577045064519791038704160092083264
4	0	3	0	3	-36269953588121042671139967683502875380108416
4	0	3	0	2	32485577045540967425637585672723715409802432
4	0	3	0	1	182367015865403759709765586478343084329460864
4	0	2	7	3	-35704672266240000000000
4	0	2	7	2	-11603066361934233600000000
4	0	2	7	1	-242849553471716198400000000
4	0	2	6	4	47617658991943571865600000
4	0	2	6	3	5568721683568156073779200000
4	0	2	6	2	324169540137315868232908800000
4	0	2	6	1	-856158676311538347392102400000
4	0	2	5	4	-654269656601930681357687808000
4	0	2	5	3	-50841814986321208098183832780800
4	0	2	5	2	153776447723177846400171263385600
4	0	2	5	1	8142464313337601356923691490918400
4	0	2	4	4	-174880430744963761706089348915200
4	0	2	4	3	-13297661041573141726799348746513920
4	0	2	4	2	-3085928317042500962667637749517240320
4	0	2	4	1	11748517834553428030403794806374323200
4	0	2	3	4	4206553341597488813612315054063044608
4	0	2	3	3	223752762187644618031884304506178369536
4	0	2	3	2	-3180081587555169029902595917138492271616
4	0	2	3	1	3120265897134252370304755865477140472832
4	0	2	2	4	3343004546367875448244429726900742513664
4	0	2	2	3	168016690414704264985598131652499588175488
4	0	2	2	2	-974277134207655108276942198244372167477504
4	0	2	2	1	-506990202233085501404729631228799624498752
4	0	2	1	4	732843968590902918403235013219441296569728
4	0	2	1	3	35560154457540008802602500938070949721702144
4	0	2	1	2	-94445148301642958797054245201630516409074048
4	0	2	1	1	-187850275046608630685329351097746720592441760
4	0	2	0	4	47093329565076299798520902500691858596309248
4	0	2	0	3	2243051680280938173274322176517483463814088976
4	0	2	0	2	-1057958664439871542856388321264370872340433184
4	0	2	0	1	-10165353721513468789389196060670187577373948952
4	0	1	8	1	-7121891961372672000000000
4	0	1	7	4	75984303205527552000000
4	0	1	7	3	60300904516695926784000000
4	0	1	7	2	8238718985361487220736000000
4	0	1	7	1	181251067830443664514560000000
4	0	1	6	4	-20786387648277920480239104000
4	0	1	6	3	-1807743173617518358451328000000
4	0	1	6	2	-91378065751448755804297228800000
4	0	1	6	1	-12794927555828888134920668160000
4	0	1	5	4	155809995226917515511177239009280
4	0	1	5	3	8423547831364005206227504311183360
4	0	1	5	2	27147486063648950961211985210219520
4	0	1	5	1	-1130702951513407797112234204784332800
4	0	1	4	4	-43159350044300320956284357870472192
4	0	1	4	3	-447749734784879041579987819170988032
4	0	1	4	2	294548930827478709677975658914934898176
4	0	1	4	1	-883391940149901846938769059643967561728
4	0	1	3	4	-378424649163108300765534317044558273536
4	0	1	3	3	-15959174738813464701026491897175286107904
4	0	1	3	2	196985376179565691082731767053556928169472
4	0	1	3	1	-141030585326365928675803959829681695522048
4	0	1	2	4	-204598356847621678374082893435566210113152
4	0	1	2	3	-8761835554650703729228282633632180245338944
4	0	1	2	2	44498297675436650890553055955235494768955136
4	0	1	2	1	30441602566308941796007072456553420690323680
4	0	1	1	4	-34799882044635858739316098213570126334624640
4	0	1	1	3	-1498297488681618093120767185371298010647070688
4	0	1	1	2	3251561459747814637398250285973053472065544832
4	0	1	1	1	7494840097792104196024921041190434782859558384
4	0	1	0	4	-1842393614031784217065705502113233671494921056
4	0	1	0	3	-80127755120836810236760784366221943704114303104
4	0	1	0	2	8244316177256004955897356463088398771658750976
4	0	1	0	1	325000737800748019525779835797175715606342571072
4	0	0	8	3	67725812510346240000000
4	0	0	8	2	5968252577647097856000000
4	0	0	8	1	2738910574819191582720000000
4	0	0	7	4	-26536991369630144716800000
4	0	0	7	3	-13637695287692445990566400000
4	0	0	7	2	-1149103870056349127757296640000
4	0	0	7	1	-27543466563192174545336586240000
4	0	0	6	4	2334658080581778012575832576000
4	0	0	6	3	171767433549535940204775916047360
4	0	0	6	2	7540297649113422756561799803955200
4	0	0	6	1	17026994471508754836396149437885440
4	0	0	5	4	-11700178537660077994875787021019136
4	0	0	5	3	-492203915706173030758053313560963072
4	0	0	5	2	-3707925950342235672371523270709186560
4	0	0	5	1	52001525150361369640447562747078710272
4	0	0	4	4	5012781297025982762572734876297048576
4	0	0	4	3	80941361260264382243621816472180157056
4	0	0	4	2	-10543026965636289935233781387757285721344
4	0	0	4	1	25082661945700341556505755612112104411968
4	0	0	3	4	13137588624167477050287228361713426180096
4	0	0	3	3	458833900075482658806235577312000106664320
4	0	0	3	2	-4913749504405279821603887307859324584436992
4	0	0	3	1	2409770771374573319676474116080966438003968
4	0	0	2	4	5140725106735965580638630293180558009427840
4	0	0	2	3	192266323425252547499365316197151079624958368
4	0	0	2	2	-849377473744479710906020354056715642669408320
4	0	0	2	1	-713831919066217449821215066165356065940232560
4	0	0	1	4	702746611659328439885978430969712330929560064
4	0	0	1	3	27263284023093757455389064081331015445388978240
4	0	0	1	2	-47225241952212700341986945190360047039943712512
4	0	0	1	1	-127744399825721949330686562872809171749688678032
4	0	0	0	4	31409614883860252320851192732283464443692462720
4	0	0	0	3	1259115280287573226457480324400715822262147626992
4	0	0	0	2	276127162922382247858911885301031923957199503200
4	0	0	0	1	-4540971947217740134624669683258151131348478152432
3	9	1	0	1	69038331139800000000000
3	9	0	0	3	-92649440389611600000000
3	9	0	0	2	19010671015979887200000000
3	9	0	0	1	-273736275539494086000000000
3	8	2	0	2	-579921981574320000000000
3	8	2	0	1	-4784705026428240000000000
3	8	1	1	1	-2003157638374500000000000
3	8	1	0	4	255165671892700800000000
3	8	1	0	3	-161465480376622535520000000
3	8	1	0	2	2663975710407463076160000000
3	8	1	0	1	6091290997850020620960000000
3	8	0	1	3	1211300532624837600000000
3	8	0	1	2	-258450666317418607200000000
3	8	0	1	1	4511281920303926619000000000
3	8	0	0	5	-2609980301073911040000000
3	8	0	0	4	1043165661033304733760000000
3	8	0	0	3	31160782825239136430275200000
3	8	0	0	2	-527724616692374743756060800000
3	8	0	0	1	-1613237007007189197641764800000
3	7	3	0	3	99415196841312000000000
3	7	3	0	2	38004387891488352000000000
3	7	3	0	1	-56737625235676992000000000
3	7	2	1	2	9039000409776360000000000
3	7	2	1	1	64624445634418110000000000
3	7	2	0	4	1425577102261139520000000
3	7	2	0	3	-2276518409915151494016000000
3	7	2	0	2	-46137478426879181620608000000
3	7	2	0	1	39386733499746740963808000000
3	7	1	2	1	16033629389558400000000000
3	7	1	1	4	-145947032029537200000000
3	7	1	1	3	-71670642760777179600000000
3	7	1	1	2	-13091225345204983049520000000
3	7	1	1	1	-65363339174105180037600000000
3	7	1	0	5	-32919840159914866752000000
3	7	1	0	4	10336846031872388040614400000
3	7	1	0	3	1035489263616587109000522240000
3	7	1	0	2	13365426031856853470247409920000
3	7	1	0	1	-13459559324243415756775823520000
3	7	0	2	3	-1299176913847920300000000
3	7	0	2	2	-27356068417642363800000000
3	7	0	2	1	-11242517636684089288800000000
3	7	0	1	5	106733259942130800000000
3	7	0	1	4	-108931770060166440144000000
3	7	0	1	3	31867458415397881693070400000
3	7	0	1	2	2230061228541872667056707200000
3	7	0	1	1	11818833707937494847899350800000
3	7	0	0	5	7748894608999949047357440000
3	7	0	0	4	-1882136175351671526385092480000
3	7	0	0	3	-108573485048806036146799915209600
3	7	0	0	2	-1056875034430274428029740800550400
3	7	0	0	1	1305240964718961503939965651627200
3	6	4	0	3	-6651378765637516800000000
3	6	4	0	2	619586034209844019200000000
3	6	4	0	1	59202352235345788800000000
3	6	3	1	3	-1492734243480912000000000
3	6	3	1	2	-115022043820188000000000
3	6	3	1	1	1134548988081622272000000000
3	6	3	0	4	62999398188012524544000000
3	6	3	0	3	4193984756746704911616000000
3	6	3	0	2	-913421487727823686537536000000
3	6	3	0	1	-559292789316367517069952000000
3	6	2	2	2	-15431949873321840000000000
3	6	2	2	1	23996538397498140000000000
3	6	2	1	4	15079630114536187680000000
3	6	2	1	3	2867015825649000921312000000
3	6	2	1	2	25469797735136416040352000000
3	6	2	1	1	-1326415133274468921775440000000
3	6	2	0	5	-46043780882083512192000000
3	6	2	0	4	-33591171108937423147706880000
3	6	2	0	3	-342041965587928233419802624000
3	6	2	0	2	378974351861741795049828960192000
3	6	2	0	1	289577498964973798984564552416000
3	6	1	3	1	-21662345448092700000000000
3	6	1	2	4	92316801157756200000000
3	6	1	2	3	209454337046722597200000000
3	6	1	2	2	16533762945327078726960000000
3	6	1	2	1	39010183143485553789120000000
3	6	1	1	5	7720828205815809504000000
3	6	1	1	4	-14650967378321560305504000000
3	6	1	1	3	-1222710020797049299392670080000
3	6	1	1	2	-12173393522477066887065244320000
3	6	1	1	1	388948601750570447103258618960000
3	6	1	0	5	1745121248137759471709184000
3	6	1	0	4	10817895356381979871569776361600
3	6	1	0	3	-119941964226550415489190741360000
3	6	1	0	2	-59269651564192038135607831967001600
3	6	1	0	1	-50553032774161730066041602372652800
3	6	0	3	3	386928464978970000000000
3	6	0	3	2	151802806790907739800000000
3	6	0	3	1	12451261615517534823000000000
3	6	0	2	5	989019282303471960000000
3	6	0	2	4	-497796396709413319488000000
3	6	0	2	3	-65369427099998478485054400000
3	6	0	2	2	-2875594365750102121542304800000
3	6	0	2	1	-10479087108548555402482660800000
3	6	0	1	5	-3592550940536456987679360000
3	6	0	1	4	2798429101881795117275732352000
3	6	0	1	3	130651125445869962758124365900800
3	6	0	1	2	1369569736414383566042208181953600
3	6	0	1	1	-32617883356827769397495128996807200
3	6	0	0	5	2157096578176261817475789214080
3	6	0	0	4	-1339992497311285409104108352405760
3	6	0	0	3	15849545716007653603505541607999872
3	6	0	0	2	3121121419680819603031116285687668928
3	6	0	0	1	2944665945404864875898499840878870496
3	5	5	0	3	-97092857843098951680000000
3	5	5	0	2	1862229440296692875520000000
3	5	5	0	1	914762004797370700800000000
3	5	4	1	3	-1733891410364155200000000
3	5	4	1	2	-1091348398815837264000000000
3	5	4	1	1	2961035846676296467200000000
3	5	4	0	4	745560617462371717632000000
3	5	4	0	3	166598121022975808832614400000
3	5	4	0	2	-2466330279982677931887360000000
3	5	4	0	1	-2697838904651375272066790400000
3	5	3	2	3	1792486124866080000000000
3	5	3	2	2	-93196726069192560000000000
3	5	3	2	1	-1609510697740307160000000000
3	5	3	1	4	20609595752595932736000000
3	5	3	1	3	8798921416167447003955200000
3	5	3	1	2	1808857208302181088679526400000
3	5	3	1	1	-2335173783463191988913644800000
3	5	3	0	5	455820441685272194918400000
3	5	3	0	4	-801623514758234026258736640000
3	5	3	0	3	-91690521559098589479775628160000
3	5	3	0	2	1070066314758381198175844289792000
3	5	3	0	1	1474675394451414412180818906432000
3	5	2	3	2	6721822968247800000000000
3	5	2	3	1	-153149856905902950000000000
3	5	2	2	4	-18907615616223931200000000
3	5	2	2	3	-1316990873092997684016000000
3	5	2	2	2	95137784770055891965056000000
3	5	2	2	1	2275457733747655354562832000000
3	5	2	1	5	28972226176114506278400000
3	5	2	1	4	-17651806223012652049689600000
3	5	2	1	3	-8373147849560264708670683328000
3	5	2	1	2	-786228441064142099432365905696000
3	5	2	1	1	503478938550860257956933620952000
3	5	2	0	5	-424252982766040113646993536000
3	5	2	0	4	299221605520402672215434618668800
3	5	2	0	3	22079543057561440556683360444638720
3	5	2	0	2	-196907741766759902969082518502485760
3	5	2	0	1	-314787530925581883658913289693286080
3	5	1	4	1	5951940972507000000000000
3	5	1	3	4	-25230371925636000000000
3	5	1	3	3	-59489419195080118800000000
3	5	1	3	2	-5962226839487119653840000000
3	5	1	3	1	96784865394206194516320000000
3	5	1	2	5	9190995199613743680000000
3	5	1	2	4	10000112923355118744254400000
3	5	1	2	3	225513780223131664485926400000
3	5	1	2	2	-25074951031358443383269941440000
3	5	1	2	1	-694836202684337094031721627040000
3	5	1	1	5	-25968732923198801246669568000
3	5	1	1	4	6833608194662617904957926670400
3	5	1	1	3	2147965585041454861746658448952000
3	5	1	1	2	126762858342766025287020756125323200
3	5	1	1	1	-18408943422294560585030598503126400
3	5	1	0	5	109115930873954140038398054926080
3	5	1	0	4	-46007328514283684059685514517687104
3	5	1	0	3	-2441742289305049111141204330688973504
3	5	1	0	2	15549733895729236118302384468600036416
3	5	1	0	1	29049370672423371821146122901981284960
3	5	0	4	3	147736798462570500000000
3	5	0	4	2	-27025494059509236000000000
3	5	0	4	1	-3180822015447711964800000000
3	5	0	3	5	-165315422020212000000000
3	5	0	3	4	131395881274236738720000000
3	5	0	3	3	18806911322371954717788000000
3	5	0	3	2	963813736627432744470048000000
3	5	0	3	1	-10554170978940141911365396800000
3	5	0	2	5	-2041119838439751398889600000
3	5	0	2	4	-1324729137663035036250142464000
3	5	0	2	3	-11244591164875237874807283666000
3	5	0	2	2	1853116561452025170201098015380800
3	5	0	2	1	58155306660988541330599127058940800
3	5	0	1	5	3451007153067715019956842717120
3	5	0	1	4	-667192771203619770887193100952640
3	5	0	1	3	-160922469272425379286750233690850720
3	5	0	1	2	-6837549026584359573101920432928091264
3	5	0	1	1	-2301797129777783726924981695963230144
3	5	0	0	5	-8275799763170332345696303845473472
3	5	0	0	4	2461156119935051908146670621536783552
3	5	0	0	3	102300015176159152873683797962491831372
3	5	0	0	2	-411732663477089206422045909737508937992
3	5	0	0	1	-954235396326186470193892982791870486320
3	4	6	0	3	-186083413294611644928000000
3	4	6	0	2	-327845724288332921856000000
3	4	6	0	1	509634256475477210112000000
3	4	5	1	3	133984572106586400000000000
3	4	5	1	2	-2311168827199227402240000000
3	4	5	1	1	-1442619223508109968640000000
3	4	5	0	4	1743909309840245063270400000
3	4	5	0	3	320172490778548953303336960000
3	4	5	0	2	1160884048301481047640606720000
3	4	5	0	1	-2518621127744317672282813440000
3	4	4	2	3	12527519834694297600000000
3	4	4	2	2	617294564132347152000000000
3	4	4	2	1	-3219678339134892969600000000
3	4	4	1	4	-984904258349999149056000000
3	4	4	1	3	-251709157253115036472550400000
3	4	4	1	2	3766324759091014923582912000000
3	4	4	1	1	5492517796357490222213990400000
3	4	4	0	5	476005853640011768801280000
3	4	4	0	4	-1916723167584793244721999360000
3	4	4	0	3	-194547200094318485727641396275200
3	4	4	0	2	-925293147685550290421064122342400
3	4	4	0	1	1544714698791903567896822081932800
3	4	3	3	3	-128034723204720000000000
3	4	3	3	2	66737262642204060000000000
3	4	3	3	1	659565437205449520000000000
3	4	3	2	4	-124985153003867587008000000
3	4	3	2	3	-23288177305394633994048000000
3	4	3	2	2	-1048135891358678791598496000000
3	4	3	2	1	4294068764472501877113984000000
3	4	3	1	5	-98251634147285150438400000
3	4	3	1	4	1225597184729516607771640320000
3	4	3	1	3	137950179931359525112430322240000
3	4	3	1	2	-1808197127415520048954631665008000
3	4	3	1	1	-3510852456586500036808909288128000
3	4	3	0	5	-410374285896016739665186560000
3	4	3	0	4	761237814612575449726426977361920
3	4	3	0	3	55118523250866721624683302445649920
3	4	3	0	2	324570075940854966617955890808531840
3	4	3	0	1	-362200476024619320166352922799779840
3	4	2	4	2	1857758728852800000000000
3	4	2	4	1	75816291336903900000000000
3	4	2	3	4	1560149127803606400000000
3	4	2	3	3	-487326606426802049760000000
3	4	2	3	2	-88443173275033964196960000000
3	4	2	3	1	-991453484557333943348400000000
3	4	2	2	5	2438555965836886540800000
3	4	2	2	4	108151116308417986800243840000
3	4	2	2	3	12490128753717882288954890880000
3	4	2	2	2	470049495810239775812339347200000
3	4	2	2	1	-1445147668796673269390669961840000
3	4	2	1	5	70134897270056131161028224000
3	4	2	1	4	-476706595155905284104700349424000
3	4	2	1	3	-32794237682721575452979600786939520
3	4	2	1	2	356330360471096393714928519871113600
3	4	2	1	1	866718572573471741632394790797761920
3	4	2	0	5	96310189286035687664864081243136
3	4	2	0	4	-136583483504826599345376435336082560
3	4	2	0	3	-7891339968808647987836678591005160832
3	4	2	0	2	-56598901634893095348951534681797755776
3	4	2	0	1	37521345278557593686747125612915828560
3	4	1	5	1	3543967665176400000000000
3	4	1	4	4	-24445845435411000000000
3	4	1	4	3	-26539239659369619600000000
3	4	1	4	2	-2083663347893721612000000000
3	4	1	4	1	-73605244627815267916800000000
3	4	1	3	5	-3113422874653944960000000
3	4	1	3	4	372901579767694098849600000
3	4	1	3	3	339521056287037687650268800000
3	4	1	3	2	26550910499043793525415856000000
3	4	1	3	1	321556870847941321406511340800000
3	4	1	2	5	7241477516478462555154944000
3	4	1	2	4	-29351865686212885801286700784800
3	4	1	2	3	-2497570139502681088171311670824000
3	4	1	2	2	-79244913956540846392450820339107200
3	4	1	2	1	161352751397393462422961058605568000
3	4	1	1	5	-20265351808326536886600534272640
3	4	1	1	4	74987696922248772651983130455793984
3	4	1	1	3	3620354601373165727356055293308086784
3	4	1	1	2	-29925593035604316950161927101893212032
3	4	1	1	1	-92176507924805891817952239313309668192
3	4	1	0	5	-5239946872831845087166460743511424
3	4	1	0	4	10907010094508099227461207277998665640
3	4	1	0	3	549031283132679927520670441756941163712
3	4	1	0	2	4769699771926659995175328891439958583632
3	4	1	0	1	-1513340747650437784602871023465860823120
3	4	0	5	3	-146095569045019800000000
3	4	0	5	2	-19417331891240996400000000
3	4	0	5	1	-1971202807471609044000000000
3	4	0	4	5	-92040647833197000000000
3	4	0	4	4	49591285708721937840000000
3	4	0	4	3	7937589374375279812812000000
3	4	0	4	2	366972684169232658441528000000
3	4	0	4	1	10768624291558418331597264000000
3	4	0	3	5	1134535431798602486496000000
3	4	0	3	4	-260071326260874262115918208000
3	4	0	3	3	-41614743029202636006347612172000
3	4	0	3	2	-2238520783090030287872152019112000
3	4	0	3	1	-28422960445628467790872534754688000
3	4	0	2	5	-1729724978787179277759813171360
3	4	0	2	4	2527995547179671272782870868994880
3	4	0	2	3	165090381244197326174215016671472640
3	4	0	2	2	4530555744046734785543458115545402560
3	4	0	2	1	-4512254344579928019320440857996474240
3	4	0	1	5	1954236639128250830401901814964416
3	4	0	1	4	-4184690506077007406683097527549119552
3	4	0	1	3	-153314310793746134593772525012647139856
3	4	0	1	2	850530622252439901856540097752696251936
3	4	0	1	1	3496413255257727784434265220293596035784
3	4	0	0	5	-246542714182751029003102111945502760
3	4	0	0	4	-295419270214127767446822181474752868224
3	4	0	0	3	-14499568987496778048100416226672252943724
3	4	0	0	2	-154055147552616765933012042700237597462344
3	4	0	0	1	8546214593168636824760289142859531643024
3	3	7	0	3	311402233824895899648000000
3	3	7	0	2	-4879374211842767087616000000
3	3	7	0	1	-2579724147513630357504000000
3	3	6	1	3	106116721033913837568000000
3	3	6	1	2	1729719297987041696256000000
3	3	6	1	1	-7299149574517236594432000000
3	3	6	0	4	-105653901718989760204800000
3	3	6	0	3	-506245119968591622217728000000
3	3	6	0	2	7502267009189200651274096640000
3	3	6	0	1	2296269415005335407418480640000
3	3	5	2	3	-46439911277933748480000000
3	3	5	2	2	-14643436733284112640000000
3	3	5	2	1	1854731967912362269440000000
3	3	5	1	4	-1404718872783287793408000000
3	3	5	1	3	-252043033761120758823244800000
3	3	5	1	2	-757337457223547887847270400000
3	3	5	1	1	13563626786743441582809907200000
3	3	5	0	5	-725122009823179396608000000
3	3	5	0	4	541499611017892394786425344000
3	3	5	0	3	318334868955371865829392729446400
3	3	5	0	2	-4365396149539791023983732553395200
3	3	5	0	1	-1095142192576561745296547706777600
3	3	4	3	3	-4106500355586052800000000
3	3	4	3	2	-84687186897139248000000000
3	3	4	3	1	-374888832754228747200000000
3	3	4	2	4	190714209314460627456000000
3	3	4	2	3	77636284221405454162099200000
3	3	4	2	2	-793295612039948752547712000000
3	3	4	2	1	-356287513243033818850291200000
3	3	4	1	5	208124128282254891356160000
3	3	4	1	4	1798376265826701114351089664000
3	3	4	1	3	163214728796805391898797274668800
3	3	4	1	2	-90283972528311858855258191654400
3	3	4	1	1	-7856064401769239436885069025747200
3	3	4	0	5	811821352699788615816826060800
3	3	4	0	4	-474888344089482714514341656908800
3	3	4	0	3	-106264793891242875041006477417807616
3	3	4	0	2	1303812270725171094924633145725580800
3	3	4	0	1	366158060332670731569587841741440256
3	3	3	4	3	-391635623920320000000000
3	3	3	4	2	83682825624000000000000
3	3	3	4	1	-2644377289718400000000000
3	3	3	3	4	36252040736029777344000000
3	3	3	3	3	6473808490545922904064000000
3	3	3	3	2	-35301421243638329740992000000
3	3	3	3	1	-885044006843237881437312000000
3	3	3	2	5	-81807355592469531648000000
3	3	3	2	4	-270480368072986996604647680000
3	3	3	2	3	-37117523086730869605836626944000
3	3	3	2	2	607389804111145806724428665856000
3	3	3	2	1	-77511051566205754645423405440000
3	3	3	1	5	-133427835024418474595877888000
3	3	3	1	4	-753885120121477567890483011696640
3	3	3	1	3	-45468710186619071184200263945785600
3	3	3	1	2	72629146304834079859321818520811520
3	3	3	1	1	2064661959942050268440195761711760640
3	3	3	0	5	-352340746755979579319248057949184
3	3	3	0	4	174387569795356663695549428539826688
3	3	3	0	3	20740739968550080725426776670693949440
3	3	3	0	2	-220076742576055326275257818666049558080
3	3	3	0	1	-78918043926797870018887710624341439936
3	3	2	5	2	-2078681388500160000000000
3	3	2	5	1	12046421691326880000000000
3	3	2	4	4	3655759551927501600000000
3	3	2	4	3	434487211730298099360000000
3	3	2	4	2	2733252210679386038400000000
3	3	2	4	1	-229951410788840027002560000000
3	3	2	3	5	-8293539874295584166400000
3	3	2	3	4	-32542920681829547852574720000
3	3	2	3	3	-1870535922190429362318478080000
3	3	2	3	2	46704658232377174120193502720000
3	3	2	3	1	621729285278937838386158774880000
3	3	2	2	5	101894817920089581023652864000
3	3	2	2	4	110837256347577549279653165347200
3	3	2	2	3	7526926656554233031790752243882880
3	3	2	2	2	-155694301002947842165181948211048960
3	3	2	2	1	-3316224132470684862112745859402240
3	3	2	1	5	19544616757333597210186968306432
3	3	2	1	4	136367184678796005309365081674593024
3	3	2	1	3	6159306866112853017765139209532508928
3	3	2	1	2	-9644627087172663608564688252362966784
3	3	2	1	1	-272580952933344450210534271393847410608
3	3	2	0	5	72846470036244752864978290360069824
3	3	2	0	4	-31531771825367055036214633266205014912
3	3	2	0	3	-2376669503377201269338642959691927594688
3	3	2	0	2	21165554352102235235499392228053135700352
3	3	2	0	1	9827183930485157455916086721296578881280
3	3	1	6	1	-2384960530284000000000000
3	3	1	5	4	15740739499874400000000
3	3	1	5	3	16279246293161898240000000
3	3	1	5	2	1872505747629755995680000000
3	3	1	5	1	-5895676463188896904320000000
3	3	1	4	5	-426807515530087200000000
3	3	1	4	4	-2252144800766798080300800000
3	3	1	4	3	-108318244727790436994870400000
3	3	1	4	2	-280994346471814904665699200000
3	3	1	4	1	98317959482198782235931782400000
3	3	1	3	5	6459651188678445052889088000
3	3	1	3	4	7577104991005746633441415190400
3	3	1	3	3	117730550299992266902900283539200
3	3	1	3	2	-9971243031210916556912334465456000
3	3	1	3	1	-115591193295590681556748127546860800
3	3	1	2	5	-30154231366609610384381988639360
3	3	1	2	4	-17859236446728928015368841046115072
3	3	1	2	3	-700314462450399543863076650347398144
3	3	1	2	2	16237790717266208226800949664856413824
3	3	1	2	1	4402070593157451121068756636221305536
3	3	1	1	5	507720867747498629863737306653952
3	3	1	1	4	-10666553295260559277946897199946480608
3	3	1	1	3	-391754001686648384820197739662267682816
3	3	1	1	2	371799163251514075358938783540033374336
3	3	1	1	1	17535263846133940587166570779148041558384
3	3	1	0	5	-7067008410712661687679528468093047520
3	3	1	0	4	2767382693945549581380916452063817071456
3	3	1	0	3	147820728747628460371391463058505166531600
3	3	1	0	2	-1077285286735390533489742273120714865169936
3	3	1	0	1	-633286403174591531914040465793281389477584
3	3	0	6	3	44975334631618800000000
3	3	0	6	2	7569412835863046400000000
3	3	0	6	1	1236469525522401330000000000
3	3	0	5	5	27399430765810080000000
3	3	0	5	4	-22594512989680619040000000
3	3	0	5	3	-4947452663058760944902400000
3	3	0	5	2	-277729222502699508641990400000
3	3	0	5	1	971378016492753797389113600000
3	3	0	4	5	62699847848344589385600000
3	3	0	4	4	308449786542831991207148544000
3	3	0	4	3	6557780519464246466603963688000
3	3	0	4	2	-26759539489614779460573064800000
3	3	0	4	1	-9622111814974400759976765912624000
3	3	0	3	5	-880093201335163449378030126720
3	3	0	3	4	-523977367510720947553837600435200
3	3	0	3	3	4337643391106009992228251842250240
3	3	0	3	2	592102941858076004415366879770173440
3	3	0	3	1	6395487466842208796952416265970168320
3	3	0	2	5	2499585593799541806328930325252928
3	3	0	2	4	1013977018992331714295764238865393312
3	3	0	2	3	25279121230449617578166540047025938656
3	3	0	2	2	-582690709008497897321696208341915207328
3	3	0	2	1	-267095546262654207072180138309993005484
3	3	0	1	5	-157327826721517358318014183041504192
3	3	0	1	4	270782337748701201334841509528732614288
3	3	0	1	3	8912336807776677275741664170658131735616
3	3	0	1	2	606760729619361155012252585963396610000
3	3	0	1	1	-435476854172510963534176382225441145061512
3	3	0	0	5	253247687579869614625450803485626266192
3	3	0	0	4	-93692466875983441350356540329644824062824
3	3	0	0	3	-3838608251167275961752249674609810983952724
3	3	0	0	2	22402419898499607302160978699871909240639320
3	3	0	0	1	16264144232834444286383142849368382700712697
3	2	8	0	3	409398229927474266931200000
3	2	8	0	2	2199806724193558902374400000
3	2	8	0	1	-776943341623192769740800000
3	2	7	1	3	-264110677744348468224000000
3	2	7	1	2	-3388808689792876251648000000
3	2	7	1	1	4075863716971000544256000000
3	2	7	0	4	-573895071314006046474240000
3	2	7	0	3	-582195683529780612652744704000
3	2	7	0	2	-4799166731149019099281993728000
3	2	7	0	1	-1769916554269705835329204224000
3	2	6	2	3	126837450926251467264000000
3	2	6	2	2	-740142308479616865792000000
3	2	6	2	1	-7668059414654015824896000000
3	2	6	1	4	-293811253393437717811200000
3	2	6	1	3	139417010552639951360962560000
3	2	6	1	2	10125261469455849637992161280000
3	2	6	1	1	-990055368629564622568519680000
3	2	6	0	5	344191552732887183433728000
3	2	6	0	4	699581958075437974680548966400
3	2	6	0	3	326081245215670407195412370503680
3	2	6	0	2	3997975286938581582972176172994560
3	2	6	0	1	2374197693291376099019121960622080
3	2	5	3	3	-6387516774505969920000000
3	2	5	3	2	1169296540819215292800000000
3	2	5	3	1	-211972841698507649280000000
3	2	5	2	4	-535673482492941014400000000
3	2	5	2	3	-131641428525558331373936640000
3	2	5	2	2	-2830772769261247739385953280000
3	2	5	2	1	14798914527165942906000552960000
3	2	5	1	5	-567202362176530676367360000
3	2	5	1	4	1156620617107037547868136448000
3	2	5	1	3	37222796144455472022152159462400
3	2	5	1	2	-8197265437559326707215623666214400
3	2	5	1	1	-1121783482929915552477833576524800
3	2	5	0	5	-555613238167098017386018037760
3	2	5	0	4	-333180321703626032406727383011328
3	2	5	0	3	-97210657014060442756919465626960896
3	2	5	0	2	-1700397810086984507537732829235032576
3	2	5	0	1	-1116492425616834205376486438281950720
3	2	4	4	3	-1823816974779705600000000
3	2	4	4	2	-47818709680671072000000000
3	2	4	4	1	1608338753240573289600000000
3	2	4	3	4	170985390029734604544000000
3	2	4	3	3	39028594578322966555622400000
3	2	4	3	2	-1315275042020351711427072000000
3	2	4	3	1	-5483084227505193149985830400000
3	2	4	2	5	-113431214024552736230400000
3	2	4	2	4	306047587615210665893251584000
3	2	4	2	3	51483613391227786722449860224000
3	2	4	2	2	3083987122778926918904859245952000
3	2	4	2	1	-8753740936172583126258702657600000
3	2	4	1	5	890118545519012339718288691200
3	2	4	1	4	-839758354221797252661153671078400
3	2	4	1	3	-40066068608657756964339858691232256
3	2	4	1	2	3030706308279665185274437162745928192
3	2	4	1	1	627152151244135663346347924256060928
3	2	4	0	5	317839228695448142028041845481472
3	2	4	0	4	80678181122656304278267298182318848
3	2	4	0	3	17196128876149333112081314296552602880
3	2	4	0	2	414762013734767512709596094761240445568
3	2	4	0	1	276367318576652182079672792815003321536
3	2	3	5	3	132553595788416000000000
3	2	3	5	2	-13195610041346064000000000
3	2	3	5	1	-65018542928125536000000000
3	2	3	4	4	22024584299565216288000000
3	2	3	4	3	4594481088456914592192000000
3	2	3	4	2	258106550884447691499264000000
3	2	3	4	1	-1416342371631890237153280000000
3	2	3	3	5	31840012375702685568000000
3	2	3	3	4	-288860129569281916019577600000
3	2	3	3	3	-31724368274782326064492889856000
3	2	3	3	2	436763953849470602591102630976000
3	2	3	3	1	4199049854179315054178235144192000
3	2	3	2	5	75555511504361313945311232000
3	2	3	2	4	-18431913515779807643139912812160
3	2	3	2	3	-10616950012325247382303279003127040
3	2	3	2	2	-1128609523496637662380179354382095360
3	2	3	2	1	2370660367395077139518987085928327680
3	2	3	1	5	-458848847063025511071888994020864
3	2	3	1	4	259329533734082926659119510866367232
3	2	3	1	3	11034352078896152857174500706936921728
3	2	3	1	2	-599335272194050997295913220906888583552
3	2	3	1	1	-134399832236755788611995739482835657664
3	2	3	0	5	-88015216429686191362310355892000128
3	2	3	0	4	-10422462101686167501195373324344381408
3	2	3	0	3	-1865714401445433885625447739649757723200
3	2	3	0	2	-60626117367912717389427307046111955007872
3	2	3	0	1	-40048326941145054542190357669723559138560
3	2	2	6	2	512138892818880000000000
3	2	2	6	1	-16995702941482320000000000
3	2	2	5	4	-1130149949304219840000000
3	2	2	5	3	-34018552480019964768000000
3	2	2	5	2	19993436826667325528256000000
3	2	2	5	1	294565340856349944489024000000
3	2	2	4	5	2690084246557884307200000
3	2	2	4	4	-23453731299063591749744640000
3	2	2	4	3	-3254267511780168529143469440000
3	2	2	4	2	-155823816208404174002036248320000
3	2	2	4	1	286394114601879713789367026880000
3	2	2	3	5	-39455475246832578507032832000
3	2	2	3	4	133642855789689538272611021472000
3	2	2	3	3	9662645528334539321946146887593600
3	2	2	3	2	-49025074711243128313791905163959040
3	2	2	3	1	-1106982658333323985082085680725578240
3	2	2	2	5	-5924167184568297778361524045440
3	2	2	2	4	-15875596622101416064274645591337216
3	2	2	2	3	1266211821407143119595908495256056960
3	2	2	2	2	191834735702911358775461185025702265984
3	2	2	2	1	-328642998252750695977501880753830497024
3	2	2	1	5	104241409382162385130508172354859776
3	2	2	1	4	-40395853944464371062645160417918145472
3	2	2	1	3	-1454088509424661361656364338287123870048
3	2	2	1	2	65859781349298913392644829187410323832192
3	2	2	1	1	14620718383389892912286255192623151885376
3	2	2	0	5	12833374409695660125409430966957690784
3	2	2	0	4	648176080986768404407311340013896983360
3	2	2	0	3	121394461834008305148341129188540272704496
3	2	2	0	2	5259623162434561242521627593774914692187264
3	2	2	0	1	3435728846296815844606676822878648220190336
3	2	1	7	1	485360388619200000000000
3	2	1	6	4	-3087896265525600000000
3	2	1	6	3	-2717822916341064000000000
3	2	1	6	2	-389402249807684338560000000
3	2	1	6	1	17309666738510617377600000000
3	2	1	5	5	265306021970514624000000
3	2	1	5	4	541966648086588613305600000
3	2	1	5	3	-40504127969594171537498880000
3	2	1	5	2	-7013642577296973623816279040000
3	2	1	5	1	-124805277819879438688264719360000
3	2	1	4	5	-2995088541328748508033024000
3	2	1	4	4	7310899439882606696689695484800
3	2	1	4	3	779211678266290795192396687468800
3	2	1	4	2	30602840064120550895228694318988800
3	2	1	4	1	-741941054514086264303145106291200
3	2	1	3	5	12916826474144289523020550114560
3	2	1	3	4	-23640714046494273291610990933225728
3	2	1	3	3	-1275106281740892880977042728968416768
3	2	1	3	2	134778552950378124722850731779186944
3	2	1	3	1	122363500445619396922116654628216051584
3	2	1	2	5	-2786271406902389867008462938955008
3	2	1	2	4	3267598647808259609910509289677078016
3	2	1	2	3	-82073688882374659877351957984745478464
3	2	1	2	2	-15556009649434814744246689745311908930240
3	2	1	2	1	22785199145445599718264910527059694929616
3	2	1	1	5	-10799336818316609542123840192185111168
3	2	1	1	4	3156497570533649736011380589771532571968
3	2	1	1	3	95354371266773883322770934335287295553728
3	2	1	1	2	-3804320877096463029843872790460099609761696
3	2	1	1	1	-813876539546812188935144572337835406913184
3	2	1	0	5	-949682383581513897971940308396174568576
3	2	1	0	4	-9911087020380537220653068319766081046520
3	2	1	0	3	-4294337509637537763556227757035324334521888
3	2	1	0	2	-250029231702258355272825191091633133983553488
3	2	1	0	1	-162378283942056735118207125351163615750147908
3	2	0	7	3	-6284580204362400000000
3	2	0	7	2	-849096158476478400000000
3	2	0	7	1	-221733986957204846400000000
3	2	0	6	5	-1732234490416800000000
3	2	0	6	4	2421230228988853248000000
3	2	0	6	3	771587214190527158755200000
3	2	0	6	2	45479143044397880663097600000
3	2	0	6	1	-3050278980203083824025977600000
3	2	0	5	5	-88486622590299267386880000
3	2	0	5	4	-46676896816853646671997312000
3	2	0	5	3	8193895036021093932800480419200
3	2	0	5	2	664501444298414700997002238828800
3	2	0	5	1	12885239737250324235892281629721600
3	2	0	4	5	513581634343617416145878232960
3	2	0	4	4	-681359522228736883712882434540800
3	2	0	4	3	-58569697222812357896770816473008640
3	2	0	4	2	-1920162078407308245950120032330709760
3	2	0	4	1	-2393586674463476436835259798824654080
3	2	0	3	5	-1214988077252787444187736642104320
3	2	0	3	4	1433776671977790435320055709493476992
3	2	0	3	3	61616288220417177319792516047446043648
3	2	0	3	2	183996379221558321653462856991352667840
3	2	0	3	1	-4847475490621170013661693341468897703664
3	2	0	2	5	359530255401725546551875146023207296
3	2	0	2	4	-185559888179572556127616704893047742304
3	2	0	2	3	2179557284847983263668523444369686088992
3	2	0	2	2	487783451777600580663906287603856215204256
3	2	0	2	1	-626916265187488618855306640434050367659528
3	2	0	1	5	415916720309043051690537228193522920288
3	2	0	1	4	-99095586367641508574471862900934881045408
3	2	0	1	3	-2512774525063303337103780814653405745894056
3	2	0	1	2	90286287942097530105975482433835251953459808
3	2	0	1	1	18676875319951267509776747247013642792127628
3	2	0	0	5	28090029942211591140699618675981390300840
3	2	0	0	4	-453349228076594818854101504133227089401384
3	2	0	0	3	61689049424665046946600655746107462684791932
3	2	0	0	2	5020413917754901343085119612010306259219043880
3	2	0	0	1	3267542436187177600390438945427288516101311366
3	1	9	0	3	-938570153762289092198400000
3	1	9	0	2	13419086926842043925299200000
3	1	9	0	1	5443002242690222422425600000
3	1	8	1	3	1177089407686727694950400000
3	1	8	1	2	-23590376459952111002419200000
3	1	8	1	1	14501046098965831247462400000
3	1	8	0	4	5367136893646879372492800000
3	1	8	0	3	1837049629859111440860438528000
3	1	8	0	2	-22951283144702642539539185664000
3	1	8	0	1	-13110285492031874295489380352000
3	1	7	2	3	-197987352813409674240000000
3	1	7	2	2	11433366830747788360704000000
3	1	7	2	1	-34225109187150258579456000000
3	1	7	1	4	-7510541389942213737308160000
3	1	7	1	3	-2530411695151028010231201792000
3	1	7	1	2	41966854755672727285391056896000
3	1	7	1	1	-12355242060484766476110200832000
3	1	7	0	5	1434294940406041215811584000
3	1	7	0	4	-8439779663437217030615188684800
3	1	7	0	3	-1471624196165978991686254405509120
3	1	7	0	2	16444111269296533968715267776245760
3	1	7	0	1	11166577319472634014774800901857280
3	1	6	3	3	-119212269177542167296000000
3	1	6	3	2	-241505324927744919552000000
3	1	6	3	1	16109840337692383448064000000
3	1	6	2	4	1811574777764978556825600000
3	1	6	2	3	706926967188877833391226880000
3	1	6	2	2	-23426169336180252306134876160000
3	1	6	2	1	48005071657267573094319452160000
3	1	6	1	5	-1633638180576679068155904000
3	1	6	1	4	12195140761686663300592147046400
3	1	6	1	3	2010967651536713890601585376476160
3	1	6	1	2	-29251446528449899168333293199380480
3	1	6	1	1	3109881026973054544527508649717760
3	1	6	0	5	-1939261364528722109248265994240
3	1	6	0	4	5486954522772454464720367443787776
3	1	6	0	3	643329399881347745218260070032294912
3	1	6	0	2	-6524016454876968958207921990890559488
3	1	6	0	1	-4920445239955442464639410168132427776
3	1	5	4	3	7048718210952368640000000
3	1	5	4	2	-590600258244496995840000000
3	1	5	4	1	80165040641304837120000000
3	1	5	3	4	722031260040246278707200000
3	1	5	3	3	169490038487066078810019840000
3	1	5	3	2	2688860294919307359258439680000
3	1	5	3	1	-28669373894236777849118453760000
3	1	5	2	5	359931142535173676052480000
3	1	5	2	4	-3836577588871711169261371392000
3	1	5	2	3	-626397274534885111578127067596800
3	1	5	2	2	16591745535709380717614944342579200
3	1	5	2	1	-26114014058426494167561455291904000
3	1	5	1	5	2123212657619371615806354186240
3	1	5	1	4	-7634786722349695203114600801186816
3	1	5	1	3	-820478793096667310687607348717299712
3	1	5	1	2	10738130157759199414581394173496470528
3	1	5	1	1	194101474361165950217219860118501376
3	1	5	0	5	1055187646556386887215532044697600
3	1	5	0	4	-1946187620278496150540575610996130816
3	1	5	0	3	-171349614029278552847201189655887340288
3	1	5	0	2	1590661873880978617993953066422626020096
3	1	5	0	1	1290224451334149558856091549232856028160
3	1	4	5	3	1038135661561094400000000
3	1	4	5	2	21938825135671833600000000
3	1	4	5	1	-655413061924856390400000000
3	1	4	4	4	-88019395506805418496000000
3	1	4	4	3	-26691189669701341331443200000
3	1	4	4	2	791617427639901617725440000000
3	1	4	4	1	2761660558482950204853811200000
3	1	4	3	5	9444741584005357240320000
3	1	4	3	4	-708631932387046297769846784000
3	1	4	3	3	-83736395628540227600774951347200
3	1	4	3	2	-2514833972113496223571887895142400
3	1	4	3	1	16802748615020653992836692307404800
3	1	4	2	5	-477355980634966134304328908800
3	1	4	2	4	2547615659796124723586442712412160
3	1	4	2	3	249445858705460880158016873828161280
3	1	4	2	2	-5734991415369076086092495245057520640
3	1	4	2	1	7300989733071657760080753949349944320
3	1	4	1	5	-1056192618668664297362586739660800
3	1	4	1	4	2466334573523814296422829279862383616
3	1	4	1	3	194158186120258027312987842958483220736
3	1	4	1	2	-2313279817637631639535915500290016821760
3	1	4	1	1	-252047713185295262903318651790785496000
3	1	4	0	5	-302863379631874784632010501207930880
3	1	4	0	4	415145532010057150476946847323792871808
3	1	4	0	3	29131208432403985481203895978912827071168
3	1	4	0	2	-248718726803855553585662332861221306203136
3	1	4	0	1	-213403029541650960943470506520778659943296
3	1	3	6	3	-12050326889856000000000
3	1	3	6	2	4306652937913536000000000
3	1	3	6	1	17247365092408896000000000
3	1	3	5	4	-11459764469637937152000000
3	1	3	5	3	-2403596557641168171648000000
3	1	3	5	2	-96354458497917459216000000000
3	1	3	5	1	748643333059394382000384000000
3	1	3	4	5	-3787118893374872371200000
3	1	3	4	4	160690703615506805486008320000
3	1	3	4	3	19704358926153163530159178752000
3	1	3	4	2	-312634253182930984280008638720000
3	1	3	4	1	-2287015185003100182274861827072000
3	1	3	3	5	-4626198747067320203913216000
3	1	3	3	4	222251248857622833283163807969280
3	1	3	3	3	19457093337873120858121519677995520
3	1	3	3	2	909363453687246183183841413481413120
3	1	3	3	1	-4567122207892090229862836316779781120
3	1	3	2	5	226423068567267577032598209325056
3	1	3	2	4	-780873870627864469139415791223352320
3	1	3	2	3	-52890988198980242532280268724683823360
3	1	3	2	2	1087622324529614283131986206975716881152
3	1	3	2	1	-1148401886093004571049068641426580891776
3	1	3	1	5	261922602463488381034393861044501504
3	1	3	1	4	-452348996322021455902297344501368627712
3	1	3	1	3	-27824095941703518143432994420725096830272
3	1	3	1	2	303293265887886582414213550991945568254976
3	1	3	1	1	54893114995488578715489716782611416131200
3	1	3	0	5	49933928311092507749376147795680033664
3	1	3	0	4	-54862692055492720928471106150293341579008
3	1	3	0	3	-3186009554755170491726485766885427347203392
3	1	3	0	2	25071394510551787996519039309865057810663424
3	1	3	0	1	22552791409285613949970857121134890691207744
3	1	2	7	2	-40167756299520000000000
3	1	2	7	1	4294044725519520000000000
3	1	2	6	4	69302768868771840000000
3	1	2	6	3	-20008592839898817984000000
3	1	2	6	2	-7151204178313153737984000000
3	1	2	6	1	-81166474585437053826240000000
3	1	2	5	5	-249292342566584985600000
3	1	2	5	4	12381026563917579630689280000
3	1	2	5	3	1441193437698755509630545408000
3	1	2	5	2	58792361907025384190408134656000
3	1	2	5	1	-215126395473975620298969330432000
3	1	2	4	5	4602171874498875031076352000
3	1	2	4	4	-77151432855967666715923203686400
3	1	2	4	3	-5689919548179765283206145370814720
3	1	2	4	2	46183505462472136852623075669319680
3	1	2	4	1	645883976099749187622865644844992000
3	1	2	3	5	-1431514488258113497909336820736
3	1	2	3	4	-24429018046498765111389374414585856
3	1	2	3	3	-2267860076667292303602514637400623616
3	1	2	3	2	-157031484780164516911308527514558650880
3	1	2	3	1	633121203570736279779673947503262780480
3	1	2	2	5	-49178869084319139821272824544681728
3	1	2	2	4	122841161937480767579199373777326041472
3	1	2	2	3	6223982345428990995749438218918358738496
3	1	2	2	2	-115768006379423559896076065571614860411008
3	1	2	2	1	102544406122466537426121627190040494940304
3	1	2	1	5	-34549924979112747341933793376403659008
3	1	2	1	4	47667185883756832728046856256501792026688
3	1	2	1	3	2388030756639021938922673545824699199059136
3	1	2	1	2	-23847984892240774562013822209566512014355072
3	1	2	1	1	-5767363590933349910692098906850386760392720
3	1	2	0	5	-4759095437285075048990745652562613041472
3	1	2	0	4	4406851458062085984920041557107149829601696
3	1	2	0	3	217446358104445867076147578999138125952494048
3	1	2	0	2	-1577774274328743721022242518351781680342914400
3	1	2	0	1	-1480682225834570158942328684451755777308690188
3	1	1	8	1	-33473130249600000000000
3	1	1	7	4	200838781497600000000
3	1	1	7	3	103275764530099200000000
3	1	1	7	2	16883728626171358080000000
3	1	1	7	1	-5006009906823752115840000000
3	1	1	6	5	-25803766646811648000000
3	1	1	6	4	-7081628278520330035200000
3	1	1	6	3	19975997702946810908482560000
3	1	1	6	2	2517464400605226135469463040000
3	1	1	6	1	36356256919531542851366906880000
3	1	1	5	5	323257367398932479545344000
3	1	1	5	4	-3647875882891544049049389849600
3	1	1	5	3	-311658373681069094969890134297600
3	1	1	5	2	-11844184594946352727512330044121600
3	1	1	5	1	16248846795914183102448505198848000
3	1	1	4	5	-1586473827547697988133668618240
3	1	1	4	4	13911333516572750937084163839925248
3	1	1	4	3	724369093387213486591845853014223872
3	1	1	4	2	-1924211509282754712134924544488194560
3	1	1	4	1	-75463338996579002710935096175151211264
3	1	1	3	5	835812005068212245477431169416704
3	1	1	3	4	27467603749268100165897223418301696
3	1	1	3	3	121905721447573791886715162593617537600
3	1	1	3	2	13008069881420483493871144302231499927680
3	1	1	3	1	-43423249162361867618948428456375753444704
3	1	1	2	5	4958700119075266160690827739524362624
3	1	1	2	4	-9654431282064265608384413352191824617792
3	1	1	2	3	-384995080263038128991498422409600723136192
3	1	1	2	2	6495928042989377871523667032628158581022080
3	1	1	2	1	-4842481005368728561045852238856263534542080
3	1	1	1	5	2317511515556074231920271363180146483264
3	1	1	1	4	-2693616864749232070813188442458204266926848
3	1	1	1	3	-113194533400648143469742461219826014644880464
3	1	1	1	2	1035003237184355972065642549659236415957372096
3	1	1	1	1	306062400004280143872321025905393041487898344
3	1	1	0	5	243993949991588372336972409058218248297184
3	1	1	0	4	-197433562329383632560709999714571943167573328
3	1	1	0	3	-8442709258332722417742698980207860014739041256
3	1	1	0	2	56442337290061004856340149757366717362282029136
3	1	1	0	1	55111269487103032638120379939248084545976299304
3	1	0	8	3	334731302496000000000
3	1	0	8	2	22895621090726400000000
3	1	0	8	1	8929208542557672000000000
3	1	0	7	5	-40167756299520000000
3	1	0	7	4	-29147509204545024000000
3	1	0	7	3	-9710101368286136755200000
3	1	0	7	2	377261695515039617433600000
3	1	0	7	1	925391003088917175294873600000
3	1	0	6	5	9861070336110807160320000
3	1	0	6	4	-4198465115823339261301248000
3	1	0	6	3	-3059829849093133448573879961600
3	1	0	6	2	-236057414039494039225636754227200
3	1	0	6	1	-3959103858827356012018664629209600
3	1	0	5	5	-60428822430278850453777392640
3	1	0	5	4	316833998275667877793634924559360
3	1	0	5	3	22182114042294142691853174402418176
3	1	0	5	2	763517176650128506342811992896374784
3	1	0	5	1	280401753917282595945902760864872448
3	1	0	4	5	159478162095357923826604298418432
3	1	0	4	4	-849950187270834623277498233335810560
3	1	0	4	3	-34239760594052297853457498938457432896
3	1	0	4	2	-49192995310716782592371085355715363712
3	1	0	4	1	3099908736288296941654463265691065733392
3	1	0	3	5	-85262553019780172322813686548055808
3	1	0	3	4	99363549427979875171298500741897858560
3	1	0	3	3	-2043045793234155141713946642006298273920
3	1	0	3	2	-415507567337453331233174366541862943902848
3	1	0	3	1	1168198080648124677609589359892524874452096
3	1	0	2	5	-186943368201513240094752963328966733760
3	1	0	2	4	300610130732890688986561195484188616106048
3	1	0	2	3	9790301051471282663546938015753486265709984
3	1	0	2	2	-149662897985546612532741287139322528800292608
3	1	0	2	1	93681151548411946552283589826658555979716760
3	1	0	1	5	-62156814547957910127058520709361133356608
3	1	0	1	4	63322586250733174459683930476740967145358080
3	1	0	1	3	2282587613108442769443442135945260324959419776
3	1	0	1	2	-19076285555304899065349059003148105733342434592
3	1	0	1	1	-6581019715355323991773595151825382973200903200
3	1	0	0	5	-5212002501411950722434518192715850219048512
3	1	0	0	4	3788242717728199643616410468586584213711176368
3	1	0	0	3	142593172830831121956368523584704213609265742204
3	1	0	0	2	-876932745076750136964038797684415773897519166088
3	1	0	0	1	-889590294659575045209149204200450217694627572511
3	0	10	0	3	-1013232976584639632179200000
3	0	10	0	2	8105863812677117057433600000
3	0	10	0	1	4052931906338558528716800000
3	0	9	1	3	1893444689014398708940800000
3	0	9	1	2	-18525000767397321778790400000
3	0	9	1	1	5935994265070933593292800000
3	0	9	0	4	5166120111789987528376320000
3	0	9	0	3	1901035833373527538366513152000
3	0	9	0	2	-13471669673091048198002835456000
3	0	9	0	1	-8850798596124798700190957568000
3	0	8	2	3	-1015857711305957482905600000
3	0	8	2	2	14438343987162322226380800000
3	0	8	2	1	-23997034387703262943641600000
3	0	8	1	4	-9928178919547572310179840000
3	0	8	1	3	-3577647785212088494100692992000
3	0	8	1	2	31157205013670251535307472896000
3	0	8	1	1	-2744411126668497052680978432000
3	0	8	0	4	-8170686254212470575058773606400
3	0	8	0	3	-1520502111632985852625531156684800
3	0	8	0	2	9603785630845871442576771806822400
3	0	8	0	1	7539279815634515870066987257036800
3	0	7	3	3	91756394680580001792000000
3	0	7	3	2	-4120243528464498290688000000
3	0	7	3	1	18437312485952665067520000000
3	0	7	2	4	5622162824164808495185920000
3	0	7	2	3	2023310174956044472282152960000
3	0	7	2	2	-25209014986662048905299476480000
3	0	7	2	1	31402245222837647711596707840000
3	0	7	1	4	15419715152825964719843544268800
3	0	7	1	3	2756369431674960613238266124451840
3	0	7	1	2	-21678910648943767437379447051960320
3	0	7	1	1	-1767158891867501871425533714268160
3	0	7	0	4	5502935849598482074865859297042432
3	0	7	0	3	688671769844537187906862370421522432
3	0	7	0	2	-3883197554176397177244669190470254592
3	0	7	0	1	-3482815707379008212399083045698306048
3	0	6	4	3	23457648336869283840000000
3	0	6	4	2	118193462240312401920000000
3	0	6	4	1	-4139076164938425722880000000
3	0	6	3	4	-622787809277899262361600000
3	0	6	3	3	-266436664983847551203942400000
3	0	6	3	2	8071110958841553760016302080000
3	0	6	3	1	-27472948932423136903493713920000
3	0	6	2	4	-8896831789262370626049844838400
3	0	6	2	3	-1532490075747141610648718238474240
3	0	6	2	2	17247532359633848125499588009656320
3	0	6	2	1	-16669864642863355665665166392279040
3	0	6	1	4	-9828943913027282575988091898773504
3	0	6	1	3	-1161095274265318467531104086876016640
3	0	6	1	2	8295205463261055554794356387430563840
3	0	6	1	1	1791164273040080788238034332830138368
3	0	6	0	4	-2085489861902343645502865268605018112
3	0	6	0	3	-197081607680437496844183342043996514304
3	0	6	0	2	990173818787364652546572073166106243072
3	0	6	0	1	991782782713008259450634929900995159552
3	0	5	5	3	-1156831381426176000000000
3	0	5	5	2	87446812174307020800000000
3	0	5	5	1	-53262444853163520000000000
3	0	5	4	4	-147834142944628311244800000
3	0	5	4	3	-34760738019325968072622080000
3	0	5	4	2	-624692652334485782115778560000
3	0	5	4	1	7513795547502334284757893120000
3	0	5	3	4	1287737736902661583021326336000
3	0	5	3	3	226840586162662663924576525516800
3	0	5	3	2	-5614532465465427418615802399539200
3	0	5	3	1	15590055813006767544885829386240000
3	0	5	2	4	5461747155412149196119943249108992
3	0	5	2	3	604045852177907475399786281293602816
3	0	5	2	2	-6215390387221920069288500666509271040
3	0	5	2	1	4708577389122173927775433351689584640
3	0	5	1	4	3404693308434150767072185831668867072
3	0	5	1	3	299027494935831200095257897461977571328
3	0	5	1	2	-1942225165140456378632643322451933110272
3	0	5	1	1	-641547216828084901847539013970347934720
3	0	5	0	4	492801033081075516378838898086751686656
3	0	5	0	3	37467097599490598124510614242928998871040
3	0	5	0	2	-166954044907123726248548107114198118003712
3	0	5	0	1	-184632780890225656547442644501586391418880
3	0	4	6	3	-128536820158464000000000
3	0	4	6	2	-2827810043486208000000000
3	0	4	6	1	81098699968730880000000000
3	0	4	5	4	12193002760231895040000000
3	0	4	5	3	4084709967983720464588800000
3	0	4	5	2	-122354493715233684799488000000
3	0	4	5	1	-363804585400903520174284800000
3	0	4	4	4	152121279281938877534699520000
3	0	4	4	3	17094285775893486268478160691200
3	0	4	4	2	558891831143344591460841563750400
3	0	4	4	1	-4495499259374808683410395477196800
3	0	4	3	4	-860481586418195729539585076428800
3	0	4	3	3	-89586859838817751540717787552083968
3	0	4	3	2	1923986724884125335319410714160300032
3	0	4	3	1	-4495828136031931912558168372499865600
3	0	4	2	4	-1733315770040226214615086367964897280
3	0	4	2	3	-139119932449178065061178017024718669312
3	0	4	2	2	1313765886146807310493030691539832432640
3	0	4	2	1	-773310507051177205781970697936524790272
3	0	4	1	4	-707753639545065640458288049418373206016
3	0	4	1	3	-49331962407033834900771020896546486742016
3	0	4	1	2	290681361518275999683301589591487092840448
3	0	4	1	1	125988898255721299673007047805764508850944
3	0	4	0	4	-75630500529153690191989193490798751721472
3	0	4	0	3	-4815877735805694077130633190689238264920192
3	0	4	0	2	18903787887397569796993570395120009936861696
3	0	4	0	1	22971026429468972979406482297919083313099392
3	0	3	7	2	-428456067194880000000000
3	0	3	7	1	-1499596235182080000000000
3	0	3	6	4	1390125710013788160000000
3	0	3	6	3	295643992430246672793600000
3	0	3	6	2	11474675721940712852275200000
3	0	3	6	1	-102515563911942679711334400000
3	0	3	5	4	-23151987792671506665431040000
3	0	3	5	3	-2976141885840407630812059648000
3	0	3	5	2	49369516686188306211146729472000
3	0	3	5	1	340644458091494567718573649920000
3	0	3	4	4	-48728537996873085510393837035520
3	0	3	4	3	-3768292747835971291935150807859200
3	0	3	4	2	-201878568193741571007688454675251200
3	0	3	4	1	1242827389064737176345771116358205440
3	0	3	3	4	266612507488704155399053900086915072
3	0	3	3	3	19014794403193132016487143807595488256
3	0	3	3	2	-362904465116514445395451733757684501504
3	0	3	3	1	723946974678450868407122519368960702464
3	0	3	2	4	312303017247641349341877766180012958208
3	0	3	2	3	19489263751806705258744837116131180369920
3	0	3	2	2	-168827480495197674935653909142262726930432
3	0	3	2	1	75052193440716326473588767317290191972864
3	0	3	1	4	91047955040573393679737417304458261879808
3	0	3	1	3	5252414375922842521255528304794293060996864
3	0	3	1	2	-27963517259452652148542017337363565219142656
3	0	3	1	1	-14837982241665130632041429223005618819388672
3	0	3	0	4	7565445766530931319818158936194487120210048
3	0	3	0	3	414897829012666232014132339468512905810946816
3	0	3	0	2	-1422134222249895375607636300851779321713315200
3	0	3	0	1	-1898045786701057694736623033463349180376467584
3	0	2	8	1	-357046722662400000000000
3	0	2	7	4	4284560671948800000000
3	0	2	7	3	2901318822747942912000000
3	0	2	7	2	746800324743828676608000000
3	0	2	7	1	7519445036072782949376000000
3	0	2	6	4	-1526080189546157670236160000
3	0	2	6	3	-168753895405909135638488064000
3	0	2	6	2	-7082850879288027644632363008000
3	0	2	6	1	32444655850877343075879238656000
3	0	2	5	4	11360327076005919314476802457600
3	0	2	5	3	851571692123717173011241532129280
3	0	2	5	2	-7249697133950082350766610011340800
3	0	2	5	1	-102558067219245009972319132253921280
3	0	2	4	4	5217570211043374939556931005079552
3	0	2	4	3	386831521851451360692153690660327936
3	0	2	4	2	35140401728688123643839688464457973760
3	0	2	4	1	-174302957083191587345602556441486300160
3	0	2	3	4	-42329262982328559698828240057432085504
3	0	2	3	3	-2245710025569030573343519934848754717184
3	0	2	3	2	38435664554059971213961185380465815372800
3	0	2	3	1	-65837968891990933365269807772103358618880
3	0	2	2	4	-32302270829918770054503292615986481605120
3	0	2	2	3	-1639706289410144688855964356103625508772608
3	0	2	2	2	12991801192717325162817400066543911026602752
3	0	2	2	1	-4121425414024951358628570964266530583746976
3	0	2	1	4	-7116017579477412278068911216421565512740864
3	0	2	1	3	-349949199900071748542201019687492271116332928
3	0	2	1	2	1674425524638093200226859581038727927144343296
3	0	2	1	1	1047264656690721593918370851176796494219255104
3	0	2	0	4	-477031268274315080729437530864569128503333888
3	0	2	0	3	-23000096404468136169533894531546968713915776928
3	0	2	0	2	68108694305854187465642929817098779656232231360
3	0	2	0	1	100136093978794900539778857124592969227780644264
3	0	1	8	3	7140934453248000000000
3	0	1	8	2	1441826075455303680000000
3	0	1	8	1	449590519621401845760000000
3	0	1	7	4	-4809625727268226867200000
3	0	1	7	3	-2060444535897722845593600000
3	0	1	7	2	-263669019050626424095979520000
3	0	1	7	1	-3529741352678645347158865920000
3	0	1	6	4	442250870352946830376680038400
3	0	1	6	3	35140769303748419204674010726400
3	0	1	6	2	1449391772700593399252364117811200
3	0	1	6	1	-2930770640172881220483289806028800
3	0	1	5	4	-2071287122090646977291172620980224
3	0	1	5	3	-107469584023151861448399789262073856
3	0	1	5	2	262950379270475342759348216672166912
3	0	1	5	1	12493946992632195395686582123646939136
3	0	1	4	4	52000221846146989608041349123482112
3	0	1	4	3	-15012416384501702400313611473191597056
3	0	1	4	2	-2936861803606999507541462184310289627136
3	0	1	4	1	12017811219365189985143858414457687281664
3	0	1	3	4	3345380154680588785111260636090782926848
3	0	1	3	3	139437982243493980821641132141944152008448
3	0	1	3	2	-2143852355772429219197596742997006381053952
3	0	1	3	1	3156705752408265625780588579292810047941312
3	0	1	2	4	1789741995749821549837462127044343758829568
3	0	1	2	3	76333326340227283608624351490593243301155072
3	0	1	2	2	-550820046631495208737494930972354428435875584
3	0	1	2	1	111297535245131290255335488073522911445695040
3	0	1	1	4	310190897446453809937050434630249340227581440
3	0	1	1	3	13294428594136622345752796091229340605252317504
3	0	1	1	2	-56810915499395244378662506553770496868261512256
3	0	1	1	1	-40933388551080218906350592844668135803618966224
3	0	1	0	4	17244828716081753801319501075522531265490692320
3	0	1	0	3	742680894759947796651126155003551842585193170816
3	0	1	0	2	-1875525346067341450628570512279010090245740835776
3	0	1	0	1	-3056199739612024949874083377961961275552949856224
3	0	0	9	1	679618600658841600000000
3	0	0	8	4	-1785233613312000000000
3	0	0	8	3	-4300966968855137280000000
3	0	0	8	2	-382892913600798394368000000
3	0	0	8	1	-85746060175920783473894400000
3	0	0	7	4	841393653868301868564480000
3	0	0	7	3	296719343228779292912016384000
3	0	0	7	2	24503565353161749168429899366400
3	0	0	7	1	400473476463641523508889583206400
3	0	0	6	4	-37202343375393015815938279956480
3	0	0	6	3	-2449360743118860304531115875307520
3	0	0	6	2	-94669177004420013836334465235402752
3	0	0	6	1	-860604920866846878239211325996032
3	0	0	5	4	126837752775492955786397099669071872
3	0	0	5	3	5047379359608741726769671388007904768
3	0	0	5	2	11899101109167364902063325675145026560
3	0	0	5	1	-525563879021956758904866662233473580032
3	0	0	4	4	-26366154280656688646269603068879608832
3	0	0	4	3	-21224701599889909051545841577151855360
3	0	0	4	2	94445064063669396690205844067763668131328
3	0	0	4	1	-322969756186387439445756641148752377419936
3	0	0	3	4	-104305544038886083234232054098923488590848
3	0	0	3	3	-3556090670874669011334333080279395668577536
3	0	0	3	2	49017422161234148045984982688197955352827392
3	0	0	3	1	-61934904596833940042769382618851903977187264
3	0	0	2	4	-41210456167561789398365044722576203002679808
3	0	0	2	3	-1513705183725206435058481246392751403668965504
3	0	0	2	2	9897750194622650880279316562153031653335184640
3	0	0	2	1	-953002416196769746156112254522899415988623536
3	0	0	1	4	-5792202776680847547661599853539692175305401728
3	0	0	1	3	-220102423773356497947068088411338255407909085088
3	0	0	1	2	834108056544870450083374006295800880287924529088
3	0	0	1	1	682317076391963692810564811785409754327480128208
3	0	0	0	4	-272839003722993571708800585989729735430997320000
3	0	0	0	3	-10628416193234013776414701885161815758981426112496
3	0	0	0	2	22530636855439279058402526003538738682901990836448
3	0	0	0	1	41081485225436962586654656394164103719423340254038
2	10	0	0	1	37971082126890000000000
2	9	1	0	2	-318957089865876000000000
2	9	1	0	1	-6105903424517556000000000
2	9	0	1	1	-1108640534219955000000000
2	9	0	0	3	4444911749810244240000000
2	9	0	0	2	-433322116948784305440000000
2	9	0	0	1	6964111962921001181040000000
2	8	2	0	3	54678358262721600000000
2	8	2	0	2	50086664884167595200000000
2	8	2	0	1	216585880892221824000000000
2	8	1	1	2	5029442423534430000000000
2	8	1	1	1	135175315953096702000000000
2	8	1	0	4	-12401456678861279040000000
2	8	1	0	3	4007004670259936519328000000
2	8	1	0	2	-72210750303756355093728000000
2	8	1	0	1	-108734322192008029659648000000
2	8	0	2	1	9018811928094570000000000
2	8	0	1	3	-58025529863706295440000000
2	8	0	1	2	5763447044625009205440000000
2	8	0	1	1	-113066938061135348504400000000
2	8	0	0	5	62268807956752612512000000
2	8	0	0	4	-16308482379744749461344000000
2	8	0	0	3	-527488976014476885837394560000
2	8	0	0	2	10094309911768295267219975040000
2	8	0	0	1	14611475993293759320954058680000
2	7	3	0	3	-8661272871474748800000000
2	7	3	0	2	-1630610589159846293760000000
2	7	3	0	1	2025944819912469795840000000
2	7	2	1	3	-830945353598632800000000
2	7	2	1	2	-444849457420078538400000000
2	7	2	1	1	-2765060982973146625200000000
2	7	2	0	4	-95313568834565078976000000
2	7	2	0	3	57912503413333454395891200000
2	7	2	0	2	895898741975807380289280000000
2	7	2	0	1	-1298136959829923109772147200000
2	7	1	2	2	-9391472471304648000000000
2	7	1	2	1	-775637407597329036000000000
2	7	1	1	4	7105323784689210960000000
2	7	1	1	3	1796558385389368085712000000
2	7	1	1	2	317861743095124587617328000000
2	7	1	1	1	1065319265658782463218496000000
2	7	1	0	5	781858225304502796454400000
2	7	1	0	4	-148883618732001099369120000000
2	7	1	0	3	-18404237274315381735526321920000
2	7	1	0	2	-152141000442812034589966798224000
2	7	1	0	1	282289178939083876500778062576000
2	7	0	3	1	-13517652935406825000000000
2	7	0	2	3	62535985419593969460000000
2	7	0	2	2	2121751484859737583000000000
2	7	0	2	1	258830226012943813921560000000
2	7	0	1	5	-3197209299616067472000000
2	7	0	1	4	1372344888732507186739200000
2	7	0	1	3	-478786491640741931989110720000
2	7	0	1	2	-38536618007041600366362646080000
2	7	0	1	1	-106159388102550969080603643180000
2	7	0	0	5	-140752081266615995042630016000
2	7	0	0	4	25236053674004248557358155552000
2	7	0	0	3	1433754367665660794216578559546880
2	7	0	0	2	8262245350727149154465997455132160
2	7	0	0	1	-19406193657012899652713079636609120
2	6	4	0	3	291411560936853305856000000
2	6	4	0	2	-23137972059393967454208000000
2	6	4	0	1	-1540344530707696122624000000
2	6	3	1	3	72450190401820303680000000
2	6	3	1	2	-196648546433038060320000000
2	6	3	1	1	-41851632426450244876800000000
2	6	3	0	4	-1740835926988425605836800000
2	6	3	0	3	-63292483576951398744606720000
2	6	3	0	2	19961475016634237115394191360000
2	6	3	0	1	4604223730694813271177972480000
2	6	2	2	3	1135140793024435200000000
2	6	2	2	2	706085724163738608000000000
2	6	2	2	1	-1401175600355026677600000000
2	6	2	1	4	-342074986265443146336000000
2	6	2	1	3	-69562023893070231285216000000
2	6	2	1	2	67151147183660833708032000000
2	6	2	1	1	28361134778094518666877648000000
2	6	2	0	5	1970470740486178032215040000
2	6	2	0	4	582819753559224666297864960000
2	6	2	0	3	-20618750960136882259468850937600
2	6	2	0	2	-5769535811733845165971037357971200
2	6	2	0	1	-1881685405599819726755125866585600
2	6	1	3	2	5240197619868474000000000
2	6	1	3	1	979840678019848362000000000
2	6	1	2	4	-4596739871353260120000000
2	6	1	2	3	-5251969577010451322736000000
2	6	1	2	2	-382681927880706753515232000000
2	6	1	2	1	183925131599186269306128000000
2	6	1	1	5	-184361576428751757177600000
2	6	1	1	4	228313611391973902067013120000
2	6	1	1	3	18324611141742958835772152064000
2	6	1	1	2	15782451212176308191203274520000
2	6	1	1	1	-5800282617794140506984153327144000
2	6	1	0	5	-494244111519236220701689728000
2	6	1	0	4	-91939458202716685994587560090240
2	6	1	0	3	6009396552269640839142644900457600
2	6	1	0	2	690560295563040624967585532111611200
2	6	1	0	1	280333998809884654333219659116157120
2	6	0	4	1	5439802079688120000000000
2	6	0	3	3	-20191504305451538880000000
2	6	0	3	2	-4650986542973303625480000000
2	6	0	3	1	-279955197336411899807760000000
2	6	0	2	5	-22688305760622456144000000
2	6	0	2	4	8385103662977997717811200000
2	6	0	2	3	1040114781476797504065105600000
2	6	0	2	2	43979604026964264747048525120000
2	6	0	2	1	21880372071006871869788267040000
2	6	0	1	5	50086322993718696822898464000
2	6	0	1	4	-32145920554818278113513535347200
2	6	0	1	3	-1392916763150231420454508378054080
2	6	0	1	2	-3967184310162848655686312729941440
2	6	0	1	1	373801954431929673898623220941731040
2	6	0	0	5	20087408608525473600563043861888
2	6	0	0	4	7946884506858755156013664401391872
2	6	0	0	3	-389657448902381988588520433046388416
2	6	0	0	2	-29488054089382104694304848650846581952
2	6	0	0	1	-14420968681391717279338662164814226536
2	5	5	0	3	3566859355182709886976000000
2	5	5	0	2	-75323440203553241160192000000
2	5	5	0	1	-25585518412613568860928000000
2	5	4	1	3	100871810229940568640000000
2	5	4	1	2	34858128512049024182400000000
2	5	4	1	1	-123725804972716822320000000000
2	5	4	0	4	-15929718973050581493350400000
2	5	4	0	3	-3572614293613547612497781760000
2	5	4	0	2	71633945527000823926501608960000
2	5	4	0	1	35423125397418512162000113920000
2	5	3	2	3	-81199922714605670400000000
2	5	3	2	2	4301689240901953065600000000
2	5	3	2	1	49730163410902685976000000000
2	5	3	1	4	-399614878013968560844800000
2	5	3	1	3	-266906748340899684243486720000
2	5	3	1	2	-33425086875718686031621578240000
2	5	3	1	1	89320168490613582727191444480000
2	5	3	0	5	-4317170150771415314933760000
2	5	3	0	4	12173437619384905019678401152000
2	5	3	0	3	1327130502564267759883507226380800
2	5	3	0	2	-24359852265403476053492247118118400
2	5	3	0	1	-14487246509018601162252638808115200
2	5	2	3	3	-249667710249204000000000
2	5	2	3	2	-301139719206729228000000000
2	5	2	3	1	6988649235190719426000000000
2	5	2	2	4	450438501794103617472000000
2	5	2	2	3	30204186937990616301321600000
2	5	2	2	2	-2750509037184653608234387200000
2	5	2	2	1	-39333078730933328059961788800000
2	5	2	1	5	-974031459036996114938880000
2	5	2	1	4	434194379591316564984832512000
2	5	2	1	3	145738072256209008689877655708800
2	5	2	1	2	10368173641239867714174805922697600
2	5	2	1	1	-21443186605109537516781941666395200
2	5	2	0	5	3597593343874403796314885376000
2	5	2	0	4	-3441151569557665550113122515247360
2	5	2	0	3	-236514102999127952791647531834115200
2	5	2	0	2	3807429173091936126049056609892258944
2	5	2	0	1	2584763505362539020512679465506462784
2	5	1	4	2	349585004044260000000000
2	5	1	4	1	-265000286767097340000000000
2	5	1	3	4	1486991927986593120000000
2	5	1	3	3	1523147289452082536400000000
2	5	1	3	2	137254142341674036776016000000
2	5	1	3	1	-2877007874159712453036336000000
2	5	1	2	5	-212633271914033097216000000
2	5	1	2	4	-157818836132006796282749760000
2	5	1	2	3	-2079182256620052025657221120000
2	5	1	2	2	521204821230604889998987459632000
2	5	1	2	1	8658038824629970020361019703792000
2	5	1	1	5	463623286761171134642844288000
2	5	1	1	4	-129816793567458591206017587168960
2	5	1	1	3	-26731005155856027645672725033722560
2	5	1	1	2	-1309043909429166620736633783073440960
2	5	1	1	1	2031884246939637244137434214931572480
2	5	1	0	5	-829498664916178556299960407503616
2	5	1	0	4	425373077920580400231544160786371776
2	5	1	0	3	20588110438686050990260695806879663808
2	5	1	0	2	-277142503103885126049641152291253302272
2	5	1	0	1	-211220235145519894918969702965179889552
2	5	0	5	1	1353988118596320000000000
2	5	0	4	3	-5026288627043725500000000
2	5	0	4	2	705443506176285013680000000
2	5	0	4	1	76032762110116876747440000000
2	5	0	3	5	3745309380456000240000000
2	5	0	3	4	-2262048857948385692640000000
2	5	0	3	3	-313489772588442104309714400000
2	5	0	3	2	-14031591866901563607317734560000
2	5	0	3	1	249772718553726786319560331440000
2	5	0	2	5	37797493018996083358449360000
2	5	0	2	4	14190818331494199242954661379200
2	5	0	2	3	-48480025984158854605555614618000
2	5	0	2	2	-30416994527985284298531043054760640
2	5	0	2	1	-574987380816533489178221628443024640
2	5	0	1	5	-46032605168244036055942014369216
2	5	0	1	4	10461077567103420699871647561394752
2	5	0	1	3	1573880163716934126034393849490316384
2	5	0	1	2	58338038567159077214599638662273139936
2	5	0	1	1	-61514164258404462093877349463675073224
2	5	0	0	5	56898789132662534876206459544237952
2	5	0	0	4	-19226825236810789407227990201955796080
2	5	0	0	3	-708484699076021992396849209084300863988
2	5	0	0	2	7544475368276381933804181991994034343176
2	5	0	0	1	6430568137293116671313641153229116096848
2	4	6	0	3	8020896919215696353894400000
2	4	6	0	2	-81387851890930393556275200000
2	4	6	0	1	-34874319169783854379929600000
2	4	5	1	3	-4075812310276488418560000000
2	4	5	1	2	97783499987484994526976000000
2	4	5	1	1	-112750685117009005031424000000
2	4	5	0	4	-38435499096004393898618880000
2	4	5	0	3	-9195021785643708654266784768000
2	4	5	0	2	80373590958246323550956780544000
2	4	5	0	1	52025435013789610780512125952000
2	4	4	2	3	-568431512871766709760000000
2	4	4	2	2	-11298522118358130929280000000
2	4	4	2	1	141336483531277141716480000000
2	4	4	1	4	18555456898542404999577600000
2	4	4	1	3	4410485857101789057224724480000
2	4	4	1	2	-102494450422692816291695485440000
2	4	4	1	1	67791651461939619390500340480000
2	4	4	0	5	-8187741198069488681393664000
2	4	4	0	4	33563011721858410534923044044800
2	4	4	0	3	4010629318637338860178992725468160
2	4	4	0	2	-29202032223154421470447288154081280
2	4	4	0	1	-23825189164506378739493112253463040
2	4	3	3	3	5566397458292107200000000
2	4	3	3	2	-2843523393597255664800000000
2	4	3	3	1	-7122976090974814392000000000
2	4	3	2	4	2875769592969114515980800000
2	4	3	2	3	536505989862932548650086400000
2	4	3	2	2	12707058074474643042452140800000
2	4	3	2	1	-121907373462835698360304972800000
2	4	3	1	5	-342875793831825761879040000
2	4	3	1	4	-15989559452294580055567199232000
2	4	3	1	3	-1679394501935787323458422838137600
2	4	3	1	2	37172402102817168173516411111606400
2	4	3	1	1	-11347023869785652742559754154720000
2	4	3	0	5	6176870856153541267788920186880
2	4	3	0	4	-11085727897561120612355087925958656
2	4	3	0	3	-875485842840265502728454887052437248
2	4	3	0	2	5030786481353449886215407435915358080
2	4	3	0	1	4997747801909303234232946587831224448
2	4	2	4	3	-202596120835704000000000
2	4	2	4	2	-72277023857100048000000000
2	4	2	4	1	-3112274118665191500000000000
2	4	2	3	4	-43453197590526639360000000
2	4	2	3	3	10144130316573061109088000000
2	4	2	3	2	1946494959599628787811040000000
2	4	2	3	1	8819233332967521469806192000000
2	4	2	2	5	-237333281960514301378560000
2	4	2	2	4	-1753446874571359400157134976000
2	4	2	2	3	-180604140594671876427817074720000
2	4	2	2	2	-4438787234581826421767078408640000
2	4	2	2	1	33148137749042795190967480750704000
2	4	2	1	5	137907849536690102261318476800
2	4	2	1	4	4779045415643304699277801154824320
2	4	2	1	3	301340737270079484313567562486363520
2	4	2	1	2	-6104080517560581693439884076045849728
2	4	2	1	1	-66089411318342511982303386482947968
2	4	2	0	5	-1488180638405928067895436859819008
2	4	2	0	4	1738312038129856697257690675662048000
2	4	2	0	3	102368192631036563754204043304901263040
2	4	2	0	2	-426445507562322614441209857401880496320
2	4	2	0	1	-528686270080186207754351091780211255920
2	4	1	5	2	-1329050636560368000000000
2	4	1	5	1	-139337092999148688000000000
2	4	1	4	4	924032036752129800000000
2	4	1	4	3	588131029945637884080000000
2	4	1	4	2	40189876314709712918400000000
2	4	1	4	1	1468628896371682412622240000000
2	4	1	3	5	69581343974304598560000000
2	4	1	3	4	-2799429541271362408864320000
2	4	1	3	3	-4844968458420462757659072000000
2	4	1	3	2	-393031525395469310506956591360000
2	4	1	3	1	-2464347696333274599322352770080000
2	4	1	2	5	6098497801348784578961760000
2	4	1	2	4	354155521919767112972386557519840
2	4	1	2	3	26026961837168605008937288046904000
2	4	1	2	2	621447255155400488145171929076197760
2	4	1	2	1	-3530269322561936135885031425022336000
2	4	1	1	5	21127532533278551682560201075328
2	4	1	1	4	-610028887201287520524543910130238144
2	4	1	1	3	-26411677641672259450881027319878518208
2	4	1	1	2	463112916819326306276725797922652362560
2	4	1	1	1	149456737339119353084211897122831703696
2	4	1	0	5	131980677058655572808946391523962560
2	4	1	0	4	-128865482779177301201020482537395850264
2	4	1	0	3	-6120369250097833121913439973961509846016
2	4	1	0	2	15760164696957391124220878144645613822672
2	4	1	0	1	26994803043618427853916211419386516948400
2	4	0	6	1	-1666125058173840000000000
2	4	0	5	3	5794270395021668520000000
2	4	0	5	2	617544580799979208080000000
2	4	0	5	1	36124642628247335411520000000
2	4	0	4	5	2035292680242372240000000
2	4	0	4	4	-812621008950664661280000000
2	4	0	4	3	-106939234296770427220312800000
2	4	0	4	2	-4877916420276105104373840000000
2	4	0	4	1	-144279266046429669952598078400000
2	4	0	3	5	-16390636477541115212756880000
2	4	0	3	4	2719746555360654234202028582400
2	4	0	3	3	453699897233542987495522246941600
2	4	0	3	2	24919359145988913801168449619787200
2	4	0	3	1	191929444845179999895966148425216000
2	4	0	2	5	7605370789548753086290516279968
2	4	0	2	4	-23906311218668056209735881612808000
2	4	0	2	3	-1352620942227301907961534928326484032
2	4	0	2	2	-30553391401298201473219540335198120480
2	4	0	2	1	125188065713863952614171728324902584224
2	4	0	1	5	-5458193227857644621567589884938416
2	4	0	1	4	28620685494909467564875192579183830432
2	4	0	1	3	922163449753690019354789937623613987504
2	4	0	1	2	-13072060611723434801884037968871070878544
2	4	0	1	1	-8497620542636189422406244919465370081352
2	4	0	0	5	-3072403329736922086241104093594809360
2	4	0	0	4	3563620535789180145783334679103861789744
2	4	0	0	3	146286380770227538399988778249406348001532
2	4	0	0	2	-145218486583718554821874520372563858864416
2	4	0	0	1	-513479415445728073054219177206110329348872
2	3	7	0	3	2952115977806541038592000000
2	3	7	0	2	-41504406971206923548467200000
2	3	7	0	1	-3162988060704706389811200000
2	3	6	1	3	-6589830589923559885516800000
2	3	6	1	2	99439781706146930949734400000
2	3	6	1	1	-52623232983369260919244800000
2	3	6	0	4	-26810425274818918780477440000
2	3	6	0	3	-3359093803764206976990885888000
2	3	6	0	2	46315172830952915050991256576000
2	3	6	0	1	17936399911576451462413737984000
2	3	5	2	3	387417117784680550656000000
2	3	5	2	2	-16801703011487792249856000000
2	3	5	2	1	164110324355863809896448000000
2	3	5	1	4	35698403578185263303424000000
2	3	5	1	3	8235685494292416939118660608000
2	3	5	1	2	-126085649616586015704687066624000
2	3	5	1	1	12358823776041061940704547328000
2	3	5	0	5	4939288106092550801491968000
2	3	5	0	4	23126710882487218737257503641600
2	3	5	0	3	1341553788053613625847979531571200
2	3	5	0	2	-19313647566743473406424790156200960
2	3	5	0	1	-10684782080619879636738384755650560
2	3	4	3	3	155009229318576532800000000
2	3	4	3	2	-5549866860032359038720000000
2	3	4	3	1	-10146835051607051680320000000
2	3	4	2	4	-543432806070522813388800000
2	3	4	2	3	-401681565957459902645468160000
2	3	4	2	2	27272088381979000870766484480000
2	3	4	2	1	-171135978386901433486592175360000
2	3	4	1	5	-2968676083525006262541312000
2	3	4	1	4	-33760991593560593688551734118400
2	3	4	1	3	-3670350667325558134004827386789120
2	3	4	1	2	56183542402379632691607687817589760
2	3	4	1	1	9074340541902852036229928645710080
2	3	4	0	5	-4680091536130253475676574392320
2	3	4	0	4	-7379732957807968854989963569486848
2	3	4	0	3	-227471053235399377656139071040128768
2	3	4	0	2	3929772160609004162891985693922425600
2	3	4	0	1	2536661014408898022184749627668724096
2	3	3	4	3	15848991603101606400000000
2	3	3	4	2	-227996101112314723200000000
2	3	3	4	1	-10861808872614775401600000000
2	3	3	3	4	-733641017338747631462400000
2	3	3	3	3	-90421871165934913353254400000
2	3	3	3	2	6181117720454480085701107200000
2	3	3	3	1	24854507024181576407857555200000
2	3	3	2	5	1624390222951642592010240000
2	3	3	2	4	1093817179490484827834777088000
2	3	3	2	3	122776573166725169678715760435200
2	3	3	2	2	-12481061459938556391987106249382400
2	3	3	2	1	59970422924151569577232212907814400
2	3	3	1	5	1554989852342543727844040693760
2	3	3	1	4	11598111274853653997080219502648832
2	3	3	1	3	792836794551228963407040179718127872
2	3	3	1	2	-11991453262271769059502877500836806656
2	3	3	1	1	-4326715876466130730520087347562019456
2	3	3	0	5	1819826631267026004090960026489856
2	3	3	0	4	1056358968955441078966069956756441408
2	3	3	0	3	10387554004235570422064528622075418944
2	3	3	0	2	-415973921913909516449805402805538743872
2	3	3	0	1	-278894327402469587868587527352159499072
2	3	2	5	3	112068040075660800000000
2	3	2	5	2	79035114961973289600000000
2	3	2	5	1	-840313645927239600000000000
2	3	2	4	4	-74835236288586440160000000
2	3	2	4	3	-7830356497908092196192000000
2	3	2	4	2	209218238895159789897024000000
2	3	2	4	1	9607292553620422377743616000000
2	3	2	3	5	282420443063322376865280000
2	3	2	3	4	401226040046104770321266688000
2	3	2	3	3	8038781426588515450879151808000
2	3	2	3	2	-2023309368921205899460284522624000
2	3	2	3	1	-10246415383584826259208570645984000
2	3	2	2	5	-1363750742381663961321627456000
2	3	2	2	4	-449368663840347428856335225116800
2	3	2	2	3	-14243085538449198626828704748406912
2	3	2	2	2	2428133463175133559926752438713753600
2	3	2	2	1	-9400241177601875971878646694416025088
2	3	2	1	5	-202295994001150295559580060389120
2	3	2	1	4	-1852514846144797402085707599055402752
2	3	2	1	3	-89974592086836383245988543757168991584
2	3	2	1	2	1333285190233166329790269059222804845280
2	3	2	1	1	707298844293663156932323106014332141456
2	3	2	0	5	-348769414753403392871362951558827264
2	3	2	0	4	-57324554524992414649129990435180139904
2	3	2	0	3	1644814264160553320175544442761370113536
2	3	2	0	2	21576814378202612184160062201303907685376
2	3	2	0	1	11936262184107739963144488091589745721824
2	3	1	6	2	489544529900400000000000
2	3	1	6	1	87886548686396016000000000
2	3	1	5	4	-633945940140661920000000
2	3	1	5	3	-348749329272088401216000000
2	3	1	5	2	-35375649683038527062304000000
2	3	1	5	1	440275921804127232881856000000
2	3	1	4	5	11447551463335068096000000
2	3	1	4	4	30386538701372063038930560000
2	3	1	4	3	863324398281296352550089600000
2	3	1	4	2	-52990991035459568163220610880000
2	3	1	4	1	-2225430039998665689756842401920000
2	3	1	3	5	-130022084825956870080736320000
2	3	1	3	4	-64431693713346351358688964213120
2	3	1	3	3	1561164950463505315778911492972800
2	3	1	3	2	258669815519528355935510428024379520
2	3	1	3	1	1476030467592158725510042481042169600
2	3	1	2	5	315985964436844620861289088481408
2	3	1	2	4	68642097438889292474206534891185792
2	3	1	2	3	518860504382619558925903287082908096
2	3	1	2	2	-213001757024732640699262612568993490624
2	3	1	2	1	682114855198104867843227645103408260256
2	3	1	1	5	-2594639080742562564633104907021120
2	3	1	1	4	138575105164427556758840113218625434528
2	3	1	1	3	5143431511233586315941542305972605516672
2	3	1	1	2	-74559260490021385101734138986365952611264
2	3	1	1	1	-50616823528245101519256102436929338175984
2	3	1	0	5	32039113397981537750618080192650838848
2	3	1	0	4	-820629660919095227607038013457429372080
2	3	1	0	3	-221923770138320476427289191594465441750880
2	3	1	0	2	-391306487627716795400736573572227646175072
2	3	1	0	1	117150926389731963336625036401852334378944
2	3	0	7	1	505444266768960000000000
2	3	0	6	3	-1754915046645672720000000
2	3	0	6	2	-233155073671147774080000000
2	3	0	6	1	-22347173579715182790000000000
2	3	0	5	5	-565238658259030464000000
2	3	0	5	4	377265025667506469472000000
2	3	0	5	3	66213986949616094828507520000
2	3	0	5	2	3462762436400927049212733120000
2	3	0	5	1	-50409813696946608822933908160000
2	3	0	4	5	-1963934536987614420959040000
2	3	0	4	4	-2989426642975410529361557363200
2	3	0	4	3	-1723677831994312930186590004800
2	3	0	4	2	3853824540188331629343288806092800
2	3	0	4	1	152459878695003176962423422247286400
2	3	0	3	5	13129120279573727039310699374976
2	3	0	3	4	3185979818530801148226041486565888
2	3	0	3	3	-185509401430749280198850762050573440
2	3	0	3	2	-11376725826860572374130076463669586272
2	3	0	3	1	-69722070043483201773951357469224608160
2	3	0	2	5	-21869976898717325327022059409765984
2	3	0	2	4	-3659311933361066769678531879268383072
2	3	0	2	3	2883982739520104351271834208323987816
2	3	0	2	2	6905941767383194403555986535100184909584
2	3	0	2	1	-18882598320415194646219953960034669387644
2	3	0	1	5	1147837599717905863177397880156453024
2	3	0	1	4	-3855433404397357459125398102938166910960
2	3	0	1	3	-115583931125756586741397082247533037393792
2	3	0	1	2	1660056364717332437498284894061378958824232
2	3	0	1	1	1338611659834038722093842747922449135998792
2	3	0	0	5	-1106844833654321341410629563987468770120
2	3	0	0	4	132426227660403985434497033167811299243704
2	3	0	0	3	7752068325305201009105178161849726503178358
2	3	0	0	2	-2664026753737964306076774725850887936394600
2	3	0	0	1	-16609534366196061591344557914935301513419907
2	2	8	0	3	3066424996929359183953920000
2	2	8	0	2	-140083347076826147269263360000
2	2	8	0	1	-34309551723651420240199680000
2	2	7	1	3	-6322414353269139726336000000
2	2	7	1	2	231706299713188745455718400000
2	2	7	1	1	-180996455350913985465753600000
2	2	7	0	4	-24381297716492542319788032000
2	2	7	0	3	-4866520250335546323628753305600
2	2	7	0	2	195115535878049244737296983244800
2	2	7	0	1	67457812336676668903617003110400
2	2	6	2	3	-1416640439520260304076800000
2	2	6	2	2	-58178326851034932967833600000
2	2	6	2	1	382330640620105011912499200000
2	2	6	1	4	39700258287401989300285440000
2	2	6	1	3	10346303026876818375535002624000
2	2	6	1	2	-326240364565980895317112949760000
2	2	6	1	1	170113603368856622094277042176000
2	2	6	0	5	-4591248563155829481732096000
2	2	6	0	4	27383246583968396770978530263040
2	2	6	0	3	2935818870361867783331738831960064
2	2	6	0	2	-111351676969019523603535732327329792
2	2	6	0	1	-44815101147341876153069251833194496
2	2	5	3	3	960202871674174047744000000
2	2	5	3	2	-27282622042783661620608000000
2	2	5	3	1	-89132684984168055996672000000
2	2	5	2	4	2910558350460582189388800000
2	2	5	2	3	805918691938907176471056384000
2	2	5	2	2	105134627818589941924708220928000
2	2	5	2	1	-444411803195688535291342250496000
2	2	5	1	5	7577780060545993692481536000
2	2	5	1	4	-46463719529496441806674976563200
2	2	5	1	3	-5931577486963440491089997394432000
2	2	5	1	2	175433926289567865102962728524910080
2	2	5	1	1	-66172964583216514727271060606366720
2	2	5	0	5	5922178354761987326251316060160
2	2	5	0	4	-12534588863168344984434306647015424
2	2	5	0	3	-924933297841406838288915009819996672
2	2	5	0	2	34583206004023013947147093347734369280
2	2	5	0	1	15123967168189351716009633228164303616
2	2	4	4	3	105925988459901196800000000
2	2	4	4	2	4839104116133747170560000000
2	2	4	4	1	-41621014656219773082240000000
2	2	4	3	4	-5476436882053455886387200000
2	2	4	3	3	-1323687138032683933537858560000
2	2	4	3	2	22379948559014974540183572480000
2	2	4	3	1	143251408448247259260718179840000
2	2	4	2	5	1931305988919687233665536000
2	2	4	2	4	483843001479190195461444403200
2	2	4	2	3	-166754240584003279016946324817920
2	2	4	2	2	-58857125398861825169387219952368640
2	2	4	2	1	193737222791048536619640958205268480
2	2	4	1	5	-9151679744468846941349802885120
2	2	4	1	4	20697957799553761692704174456501760
2	2	4	1	3	1698576082360225461598041914935822848
2	2	4	1	2	-48627625248069742164424342194985015296
2	2	4	1	1	13826713571232105463402870097835646464
2	2	4	0	5	-2856497044983580874690224669681920
2	2	4	0	4	3074999039680469679083403722661460992
2	2	4	0	3	171288178316559428486569965322078231296
2	2	4	0	2	-6472547736287060883224646180863330841216
2	2	4	0	1	-2980283211891899747550175632520434139584
2	2	3	5	3	-4646003532383980800000000
2	2	3	5	2	701340412548530113920000000
2	2	3	5	1	5544162837799045701120000000
2	2	3	4	4	-583728993749840991148800000
2	2	3	4	3	-138805742881656453978892800000
2	2	3	4	2	-6451347883178266817994777600000
2	2	3	4	1	28042708260036843469068710400000
2	2	3	3	5	-485326334181181233346560000
2	2	3	3	4	5325128542914625042709324544000
2	2	3	3	3	607338566105280043085872446643200
2	2	3	3	2	-6218059897240502952815196775027200
2	2	3	3	1	-66393710963348237137312479338342400
2	2	3	2	5	-1201411752201463779722854886400
2	2	3	2	4	-1100054188030759654839019371971712
2	2	3	2	3	18091811765967457104964850932396800
2	2	3	2	2	15274403066816166019121770512484131840
2	2	3	2	1	-41957672962455510786008709649378465536
2	2	3	1	5	3905628174418998633481897704654336
2	2	3	1	4	-4648470697042942893329219404228892928
2	2	3	1	3	-273546250968811388971320474598042648704
2	2	3	1	2	7675062395884810984541366382729112236864
2	2	3	1	1	-1681385265122755047989375060377183835136
2	2	3	0	5	685393376973860468612213953874681472
2	2	3	0	4	-441753577118669097449691488483276190816
2	2	3	0	3	-19435257557897421912988128874221028471488
2	2	3	0	2	754058121158528039425281801274753433247744
2	2	3	0	1	359787474710470004582120095748836111256928
2	2	2	6	3	-19883039368262400000000
2	2	2	6	2	-16614455145649459200000000
2	2	2	6	1	878826959291042870400000000
2	2	2	5	4	20312989006529017152000000
2	2	2	5	3	-360484729370853098054400000
2	2	2	5	2	-570500579792479692696768000000
2	2	2	5	1	-6367472117251245550993881600000
2	2	2	4	5	-72555762191005155709440000
2	2	2	4	4	432487404650571107238521856000
2	2	2	4	3	58774526214989590318941787392000
2	2	2	4	2	2420566875207061106850825335424000
2	2	2	4	1	-5654158137804738914715232072512000
2	2	2	3	5	445211987816589579617131814400
2	2	2	3	4	-1746054304022954029040175703207680
2	2	2	3	3	-127463662399283137058125220282325888
2	2	2	3	2	690889768831512229627358832393015552
2	2	2	3	1	13232404432410468954205673888724395520
2	2	2	2	5	190933349441186266095537734479488
2	2	2	2	4	328582737126545630799981338058504960
2	2	2	2	3	-1573748387304580981845426655603102464
2	2	2	2	2	-2048154286062375426130619438092072608576
2	2	2	2	1	4859469534215022483640270235381291405376
2	2	2	1	5	-765030919772351327721923137311838656
2	2	2	1	4	566234309819532311888956033773810133440
2	2	2	1	3	25339476362715096175927129520175623072928
2	2	2	1	2	-699480224507370729529438600503981741955776
2	2	2	1	1	119173107637601511567783162358535281626912
2	2	2	0	5	-88079484327123732450696073721044295424
2	2	2	0	4	37535154852561802951784647233691382040000
2	2	2	0	3	1335688269308352377575012143992023669428336
2	2	2	0	2	-53725702189955922003306818887649691008124528
2	2	2	0	1	-26352517203894647023714771834640628404693592
2	2	1	7	2	-73306155246624000000000
2	2	1	7	1	-14769349260031008000000000
2	2	1	6	4	116437957229746080000000
2	2	1	6	3	48213226002180672576000000
2	2	1	6	2	5912840039680590211584000000
2	2	1	6	1	-491650659771860500448832000000
2	2	1	5	5	-6474336969682004428800000
2	2	1	5	4	-5942435245892261594023680000
2	2	1	5	3	950197932064126157242913280000
2	2	1	5	2	131006285554880717611687577088000
2	2	1	5	1	1736913402028301908990980999168000
2	2	1	4	5	44340673487547435380613504000
2	2	1	4	4	-99395464478385025916823128653440
2	2	1	4	3	-9868622845447139525992315429689600
2	2	1	4	2	-351721918361344007336596901284124160
2	2	1	4	1	335938601563144568072307854882956800
2	2	1	3	5	-115946081071056103466353376768256
2	2	1	3	4	239299033294002803364766173873270528
2	2	1	3	3	12726109095823190180843631515227857408
2	2	1	3	2	-21884421253300012802921513968879269696
2	2	1	3	1	-1202491493407269415108967328879046047936
2	2	1	2	5	575379313523464213177746975873216
2	2	1	2	4	-38499200941198814174051906581408399488
2	2	1	2	3	119108315590825306442423351634295253280
2	2	1	2	2	138219640813491647681217327615373237631424
2	2	1	2	1	-289160957109264283621609815087373018612176
2	2	1	1	5	70203892767683538207768769439239794624
2	2	1	1	4	-35928005529071789621145884802715673610240
2	2	1	1	3	-1267448501787636325408332534879747935144832
2	2	1	1	2	34397447979889764544942747330840761670959984
2	2	1	1	1	-4541091447395708939473705270465808742349488
2	2	1	0	5	5817638723464911169729560297974828641776
2	2	1	0	4	-1761969829964719932270510690364185391145208
2	2	1	0	3	-51321838603040195900618772187349796290839464
2	2	1	0	2	2149299225935831752239090230202823824313122120
2	2	1	0	1	1080165162668620042538691344444221380226804716
2	2	0	8	1	-66946260499200000000000
2	2	0	7	3	223769549375088480000000
2	2	0	7	2	25547245313143838400000000
2	2	0	7	1	3220084010042326946880000000
2	2	0	6	5	25685271765728064000000
2	2	0	6	4	-38873248728344530214400000
2	2	0	6	3	-8324194223496989103154560000
2	2	0	6	2	-405324153671420896737344640000
2	2	0	6	1	57943865372988377346342572160000
2	2	0	5	5	1506424179173997876121152000
2	2	0	5	4	288954113768081186384164377600
2	2	0	5	3	-122464454767693863107147887109760
2	2	0	5	2	-9088883194517112514807882284952320
2	2	0	5	1	-135789422754977279653591109101916160
2	2	0	4	5	-5551969122185054561070192229248
2	2	0	4	4	7224621787614116431195771833144576
2	2	0	4	3	571410118942829978411446827672245760
2	2	0	4	2	17631742146177107016380403777729570624
2	2	0	4	1	2809109997261825384197139093328989888
2	2	0	3	5	9089188568311905775354070473887744
2	2	0	3	4	-11828920159311049248089474255753737728
2	2	0	3	3	-492490719909809334031785800261687496288
2	2	0	3	2	-547510940080267106957338762498751042304
2	2	0	3	1	40981327827359435669030395524328885071312
2	2	0	2	5	-1290819811388354912773271925003394944
2	2	0	2	4	1627383853269538924357605969574606982304
2	2	0	2	3	-4178951926574721530258863382708896728624
2	2	0	2	2	-3725006463160643805761798106193565763847776
2	2	0	2	1	6963987055813516195988581350836746484317560
2	2	0	1	5	-2443605911110045460992998695082427201536
2	2	0	1	4	935943557262105185330825692665257319832896
2	2	0	1	3	26651404741709084982095520183153295959188976
2	2	0	1	2	-708492958307788292766365201473606666619809104
2	2	0	1	1	70809374973974530191401565944641391628078504
2	2	0	0	5	-155324300199345390340580299352474294186136
2	2	0	0	4	35512299218790681955666522924905062325487800
2	2	0	0	3	851320952772884526850636852249188463535535648
2	2	0	0	2	-37067189907433664956775899399537485892780757700
2	2	0	0	1	-19077552399740044241535714110369711913429073122
2	1	9	0	3	19808905217381361222451200000
2	1	9	0	2	-250627560200544485457100800000
2	1	9	0	1	-105565997572809329369088000000
2	1	8	1	3	-29298097410960759491174400000
2	1	8	1	2	482224315241029090494873600000
2	1	8	1	1	-248574538720282015752192000000
2	1	8	0	4	-77723936339047893494562816000
2	1	8	0	3	-30549389677924363377911584358400
2	1	8	0	2	361181681593646011529558143795200
2	1	8	0	1	175564789756842988863340108185600
2	1	7	2	3	8303440432508551367884800000
2	1	7	2	2	-271975997269767960157593600000
2	1	7	2	1	684643508164400238522777600000
2	1	7	1	4	121600741699311613063151616000
2	1	7	1	3	44458106897239497156501249638400
2	1	7	1	2	-674430085007313087226058728243200
2	1	7	1	1	252764535449948798290304198246400
2	1	7	0	5	-16714509772896189242081280000
2	1	7	0	4	102261492798723324474966416424960
2	1	7	0	3	19851459473316634360461672931713024
2	1	7	0	2	-220716062471573493694571420238385152
2	1	7	0	1	-118313560109548890691917187421085696
2	1	6	3	3	2550662446455325981440000000
2	1	6	3	2	21041723993561620733952000000
2	1	6	3	1	-378178406423667968578560000000
2	1	6	2	4	-38698789609220095743713280000
2	1	6	2	3	-14012189136305539399046283264000
2	1	6	2	2	387703718966887345284692428800000
2	1	6	2	1	-803682898437814930761335525376000
2	1	6	1	5	19487689224330098829680640000
2	1	6	1	4	-154307043646854823959145951887360
2	1	6	1	3	-27198946255849021970791754485238784
2	1	6	1	2	385930205373499239923145876844818432
2	1	6	1	1	-105773725559754053352520060723236864
2	1	6	0	5	19542237464467352586104605900800
2	1	6	0	4	-56750518575459322856888633570506752
2	1	6	0	3	-7224890328755945969213661841319334912
2	1	6	0	2	75746188389559953869732836029470100480
2	1	6	0	1	43784358151963184287451357753979408384
2	1	5	4	3	-426143277411264557568000000
2	1	5	4	2	15033005147727131622912000000
2	1	5	4	1	14600901007415223336960000000
2	1	5	3	4	-10354225890746333138595840000
2	1	5	3	3	-2623512424852598552935151616000
2	1	5	3	2	-48185150890043367287580413952000
2	1	5	3	1	469437784871711460289809076224000
2	1	5	2	5	-4487307303445370227335168000
2	1	5	2	4	52540489246646407411668475699200
2	1	5	2	3	8537037120126399754761264285235200
2	1	5	2	2	-213113943092639001139299257961830400
2	1	5	2	1	379301954213125531151075197457510400
2	1	5	1	5	-21123080182816726247914774118400
2	1	5	1	4	79379627147873529401630675040666624
2	1	5	1	3	8988937956276642815312239670310230016
2	1	5	1	2	-119989097874544019441145002667067603968
2	1	5	1	1	23374137864342891166408008751532746752
2	1	5	0	5	-9380723199659681676030983417702400
2	1	5	0	4	17478622685525545497186232979432884992
2	1	5	0	3	1637747353301285326875432243449601249792
2	1	5	0	2	-16199303024013305121994182704157951150336
2	1	5	0	1	-9973021485160712548073617771098139718400
2	1	4	5	3	-53328986758249304832000000
2	1	4	5	2	-1319378048038213346304000000
2	1	4	5	1	18090141821135646536448000000
2	1	4	4	4	2274277513006592697139200000
2	1	4	4	3	624690030763457285927846400000
2	1	4	4	2	-14261900773233649545087436800000
2	1	4	4	1	-44343572418976111839539251200000
2	1	4	3	5	-195127844368972597512192000
2	1	4	3	4	8062079442689593311658070630400
2	1	4	3	3	1037065981295986175888688948249600
2	1	4	3	2	30557484911199395255111990245785600
2	1	4	3	1	-216510420657489749129434298003712000
2	1	4	2	5	4746760985089201920604901498880
2	1	4	2	4	-26508746869171761655672353550891008
2	1	4	2	3	-2624324774187837522776318875141440768
2	1	4	2	2	60571698620427472010429567176425271296
2	1	4	2	1	-94511227457095279797452039505346857984
2	1	4	1	5	9050966903623626585238515302430720
2	1	4	1	4	-21773120291442391015228655430292013568
2	1	4	1	3	-1782614148363487981767448359523944676224
2	1	4	1	2	22415226845219332992299577084189808462848
2	1	4	1	1	-2872014350218433729593935784460625370176
2	1	4	0	5	2413792671397821489029748108111601920
2	1	4	0	4	-3285118077412991803181232429533767705728
2	1	4	0	3	-241346341139339559041925119295264030364992
2	1	4	0	2	2250520501292432941166887986325312673442048
2	1	4	0	1	1464657016666228363615646268112462554143232
2	1	3	6	3	220601317596963840000000
2	1	3	6	2	-216935527821557045760000000
2	1	3	6	1	-1026802329121184832000000000
2	1	3	5	4	283827350299569516288000000
2	1	3	5	3	61850631931791427294295040000
2	1	3	5	2	1969508484757929909119892480000
2	1	3	5	1	-14551435654356098094018600960000
2	1	3	4	5	53854277859848849264640000
2	1	3	4	4	-2452064969147578493434725888000
2	1	3	4	3	-294435238154050354748706160128000
2	1	3	4	2	4619921907466118359129888650700800
2	1	3	4	1	25545632110403934782568179923660800
2	1	3	3	5	118666160198092563437383557120
2	1	3	3	4	-2171991472464800699859795363247104
2	1	3	3	3	-205290027225883871620190628644390400
2	1	3	3	2	-8703773714123995891241532087863096832
2	1	3	3	1	49228597288250084577646334309194994688
2	1	3	2	5	-1882495812075791325777951819558912
2	1	3	2	4	6636954253910719505404998166884046080
2	1	3	2	3	454946593238026933106401718526010444032
2	1	3	2	2	-9797624987810807091574178244919085773824
2	1	3	2	1	13549735751184040869664645574929668670080
2	1	3	1	5	-1980724553155446403181848309756620288
2	1	3	1	4	3471217998075849104032096670413314551040
2	1	3	1	3	219398847856456587727599888156142603413696
2	1	3	1	2	-2596056806690874497182145942822236450743168
2	1	3	1	1	180255429466302387496012618245719479047360
2	1	3	0	5	-361463994596314287051199982952632362368
2	1	3	0	4	387327748353721171048665033311556325289088
2	1	3	0	3	23229837978309935147629709431379678202922368
2	1	3	0	2	-203898574314448377661180425654742240001995200
2	1	3	0	1	-139599793909892136398899910011969070049187248
2	1	2	7	3	1205032688985600000000
2	1	2	7	2	575737840293120000000000
2	1	2	7	1	-213470804444933548800000000
2	1	2	6	4	-257812727032839168000000
2	1	2	6	3	702584542523109851712000000
2	1	2	6	2	181776848664171408212736000000
2	1	2	6	1	1462973732657033088366144000000
2	1	2	5	5	5888318004714492887040000
2	1	2	5	4	-205491450536006582498300928000
2	1	2	5	3	-23507007673556048172873148108800
2	1	2	5	2	-792441027464104827509806279065600
2	1	2	5	1	3605756797471804382888267696179200
2	1	2	4	5	-49363923791027073245683507200
2	1	2	4	4	858323394675278016525225742970880
2	1	2	4	3	62490140244322033277704071154334976
2	1	2	4	2	-639094307585206391946120207863688192
2	1	2	4	1	-5831907009330576671760899884347099648
2	1	2	3	5	-12782586447589543402024946423808
2	1	2	3	4	230721440992011948431453508132521472
2	1	2	3	3	21571441550197849986762621945576424320
2	1	2	3	2	1259625020053165644010437201700098100224
2	1	2	3	1	-5933646747918534339947070115782871502016
2	1	2	2	5	353523482509671761670546829618996224
2	1	2	2	4	-888548812862551176096339278609587959936
2	1	2	2	3	-45328403711683389825897469126600850825760
2	1	2	2	2	912536335605394767778696039327297043247936
2	1	2	2	1	-1124928202751408112891371787125225559252528
2	1	2	1	5	234971821580032926885466649105471377152
2	1	2	1	4	-323657727126844877898467284515458103363648
2	1	2	1	3	-16476376913584381770513492859624334836200672
2	1	2	1	2	183022861791099546894941934489150683819015808
2	1	2	1	1	-2953748488336822029141667498378051116677520
2	1	2	0	5	31626669656353639943810507614899140026944
2	1	2	0	4	-28055925420686052655767537393428956015305312
2	1	2	0	3	-1413083580210570022612759472950958960413488312
2	1	2	0	2	11651561175400436867163254496697984770113209584
2	1	2	0	1	8364152083549347993375884526567642842696892180
2	1	1	8	2	4016775629952000000000
2	1	1	8	1	346781629385856000000000
2	1	1	7	4	-5476204108834560000000
2	1	1	7	3	478649695466760192000000
2	1	1	7	2	157369879653285458304000000
2	1	1	7	1	126102381402375991569024000000
2	1	1	6	5	621257012871904051200000
2	1	1	6	4	-422728594355976397632000000
2	1	1	6	3	-363555938420116765049806848000
2	1	1	6	2	-42266657445260920300806520320000
2	1	1	6	1	-444442952811318203668152632832000
2	1	1	5	5	-4284606342259256487045120000
2	1	1	5	4	45130316631894069959020957747200
2	1	1	5	3	3666392566599589171460792437708800
2	1	1	5	2	121593192999332563924494607496609280
2	1	1	5	1	-317088616340116983538501972409917440
2	1	1	4	5	13517964232794710019689160425472
2	1	1	4	4	-122845125198363706474719827745517056
2	1	1	4	3	-6263364190013674594375119477492464640
2	1	1	4	2	35176166853246268326820347042145040640
2	1	1	4	1	584711484501117094779677783009309367552
2	1	1	3	5	-2300883377132525434821889966540800
2	1	1	3	4	-5328648307160431679494412345544894720
2	1	1	3	3	-1130125203912597771481933025251624948992
2	1	1	3	2	-90615185427282556708920414216923728958592
2	1	1	3	1	363717405044128921468222611655710344684640
2	1	1	2	5	-31628373799533888787994437550820602496
2	1	1	2	4	61062093345097205448798173891273973804096
2	1	1	2	3	2431561833744591670574558950972100929530816
2	1	1	2	2	-45667176870022512782774938548008448446352000
2	1	1	2	1	50314286744094231925752573534821154984830160
2	1	1	1	5	-14391894321030932680065067363920969240000
2	1	1	1	4	16411808711737544448958310634788601029592000
2	1	1	1	3	693509540352342188372185904485334704683662688
2	1	1	1	2	-7209727420780101548134326054979917557219617344
2	1	1	1	1	-239823359866269595052680075743123464220274752
2	1	1	0	5	-1501719406763780521444785686591667631707168
2	1	1	0	4	1143918239153410091616494676936178702127796432
2	1	1	0	3	49423200243529519642743364683581640252359071128
2	1	1	0	2	-381933271311546900819615166140977706573208459824
2	1	1	0	1	-286771129734547971589522359015787363153366397868
2	1	0	9	1	3347313024960000000000
2	1	0	8	3	-7913047991005440000000
2	1	0	8	2	-436302168925386240000000
2	1	0	8	1	77279907862266189120000000
2	1	0	7	5	1903951648597248000000
2	1	0	7	4	-121833624987200102400000
2	1	0	7	3	-442598510114900618457600000
2	1	0	7	2	-56306062972268829414282240000
2	1	0	7	1	-15472865003574985171214676480000
2	1	0	6	5	-156628578130137541490688000
2	1	0	6	4	97838646529791049476135321600
2	1	0	6	3	39547176711626871256176743938560
2	1	0	6	2	2946039070331881233672830359649280
2	1	0	6	1	37624574280992867761428308019525120
2	1	0	5	5	595621291496885779698116517888
2	1	0	5	4	-3110076421089221543243074620724224
2	1	0	5	3	-203357580243564720809675795362274304
2	1	0	5	2	-6377498031779120509494655015618126848
2	1	0	5	1	6458677195920543815983576779685444992
2	1	0	4	5	-1129051806366963567798950686914816
2	1	0	4	4	6243312900192089670120882770758708992
2	1	0	4	3	243141310710551812921663707553843988064
2	1	0	4	2	-407882235210347636864579520187494918336
2	1	0	4	1	-21392362266791222536429653578422640732976
2	1	0	3	5	333476019785353088284222162759059456
2	1	0	3	4	-358050051938119823693322215081298227712
2	1	0	3	3	22236009649663439119575364956267603590016
2	1	0	3	2	2574807802482931623085829172644545668301824
2	1	0	3	1	-8928610099077244186853793755835486780375072
2	1	0	2	5	1081446198826331978921088140738844259008
2	1	0	2	4	-1695608842381865429045436420560183169748800
2	1	0	2	3	-54587606823324107053946661625259911381066320
2	1	0	2	2	952421278248986464216433293832019225383959392
2	1	0	2	1	-938621606459835950174527473885394794000842304
2	1	0	1	5	356826555305069907798236109337120703861568
2	1	0	1	4	-350174935126425544347071524232192705149368960
2	1	0	1	3	-12567909118152770045638373435517247310238413088
2	1	0	1	2	121859726637141412053426460235051121465220056768
2	1	0	1	1	9707196705981311142623519966994794603975130552
2	1	0	0	5	29926248813318391952226078400231240423813824
2	1	0	0	4	-20133074685585099241266021081434625945788887488
2	1	0	0	3	-758731622165199978681257363747858385002376572298
2	1	0	0	2	5481499025202705382926416493141784333941119341956
2	1	0	0	1	4296816700233881553349759930741534542276945468855
2	0	10	0	3	15798226021970330687569920000
2	0	10	0	2	-126385808175762645500559360000
2	0	10	0	1	-63192904087881322750279680000
2	0	9	1	3	-31167403182069453226967040000
2	0	9	1	2	301999978863123394774302720000
2	0	9	1	1	-85973400897993262926397440000
2	0	9	0	4	-60017215372101273216614400000
2	0	9	0	3	-25005811184189322061165815398400
2	0	9	0	2	186451785002664863576024363827200
2	0	9	0	1	106402049016549928464659093913600
2	0	8	2	3	18495111275399488727531520000
2	0	8	2	2	-251852234143427420576808960000
2	0	8	2	1	385468891831467895581573120000
2	0	8	1	4	120584446872327195411087360000
2	0	8	1	3	47424435245866524372226936012800
2	0	8	1	2	-429954713354567468040094738022400
2	0	8	1	1	74090058765399064310883994828800
2	0	8	0	4	83106252410524548489231556608000
2	0	8	0	3	17129660761408832009356677288763392
2	0	8	0	2	-119019742005070925366576097810087936
2	0	8	0	1	-75462064642309337174372821361491968
2	0	7	3	3	-2360380935458695547289600000
2	0	7	3	2	80533418401667860136755200000
2	0	7	3	1	-323736079880351326475059200000
2	0	7	2	4	-73920407496378657171701760000
2	0	7	2	3	-27734540779229711788265236070400
2	0	7	2	2	351087870760528238574258910003200
2	0	7	2	1	-458968305670612960716219639398400
2	0	7	1	4	-158464152048269593284407001907200
2	0	7	1	3	-30441495801272963834705900776833024
2	0	7	1	2	258927077290427545100852784412311552
2	0	7	1	1	-20596258004721629886767401216671744
2	0	7	0	4	-49618490106540770900256876072099840
2	0	7	0	3	-6741960307355890062274532332159696896
2	0	7	0	2	43548597099379228457392070802835341312
2	0	7	0	1	30237073843324485317672486833541185536
2	0	6	4	3	-535140132614730609868800000
2	0	6	4	2	-3586815390611140278681600000
2	0	6	4	1	84987615434906776202035200000
2	0	6	3	4	10377546830534702384087040000
2	0	6	3	3	4102543338252609408878370816000
2	0	6	3	2	-115238807017817978097167597568000
2	0	6	3	1	391660429925677290416402006016000
2	0	6	2	4	94229947148334347016927122227200
2	0	6	2	3	16877554609451733356036532347953152
2	0	6	2	2	-200421567010627027373089963200577536
2	0	6	2	1	227262222285589104802720104073347072
2	0	6	1	4	87541831166876395948593807067201536
2	0	6	1	3	10957480548982270476658782649639833600
2	0	6	1	2	-87395472827665269017006500317751689216
2	0	6	1	1	-187590602313205326307464050886377472
2	0	6	0	4	16853795460266600401023411775803912192
2	0	6	0	3	1698629105917272870517145668682111308800
2	0	6	0	2	-10161508158912081626140980323624250193920
2	0	6	0	1	-7663315206555166981430597531529804231168
2	0	5	5	3	55805545839998730240000000
2	0	5	5	2	-2230244808769091874816000000
2	0	5	5	1	355365875228925579264000000
2	0	5	4	4	2242352622466395546255360000
2	0	5	4	3	568622213309003574508830720000
2	0	5	4	2	8832970198161664157547233280000
2	0	5	4	1	-109657461748999389703257784320000
2	0	5	3	4	-14893948524513250744363310284800
2	0	5	3	3	-2581575548336370764040725515468800
2	0	5	3	2	63898057769725771159053281784053760
2	0	5	3	1	-189194073625848528890297552276029440
2	0	5	2	4	-48655125863445976074194541163831296
2	0	5	2	3	-5564313108245369613338207770089037824
2	0	5	2	2	62154410512815957493272366706556510208
2	0	5	2	1	-61478528454729956252042752888467505152
2	0	5	1	4	-26768034881405452318124010323067015168
2	0	5	1	3	-2458847962715312430837008219036159539200
2	0	5	1	2	18345440505677511230148167963912369627136
2	0	5	1	1	1418714421576442012981716762089345117184
2	0	5	0	4	-3603721486678154940086663377601631808512
2	0	5	0	3	-287565201962094656131858933352452128098304
2	0	5	0	2	1585592886544843519928846951420238640235520
2	0	5	0	1	1292643147893251605046049747500215994008576
2	0	4	6	3	6412701957705768960000000
2	0	4	6	2	134716870471682949120000000
2	0	4	6	1	-2256225120738391173120000000
2	0	4	5	4	-289055143614195744768000000
2	0	4	5	3	-85244571041147120886128640000
2	0	4	5	2	2190315067497972827594588160000
2	0	4	5	1	4368800919531054995304652800000
2	0	4	4	4	-1831760783136272733025989427200
2	0	4	4	3	-224877269086850986714027554693120
2	0	4	4	2	-5872631846599159151775833646858240
2	0	4	4	1	52184541393061380311396815585198080
2	0	4	3	4	7846854866490802881466887247724544
2	0	4	3	3	818135939867106761766696253345984512
2	0	4	3	2	-18341494006493091991165193807118876672
2	0	4	3	1	48016680557335751297468242195144335360
2	0	4	2	4	13370142744005096089350823427771977728
2	0	4	2	3	1101895898545816298004046419927506087424
2	0	4	2	2	-11570519094052957857190288827794904035328
2	0	4	2	1	9977632617520969875786311557379567138304
2	0	4	1	4	4983608884005421559549514374945220734976
2	0	4	1	3	358936796608661218165912639368943820711424
2	0	4	1	2	-2496148850406232260277450146922512050224128
2	0	4	1	1	-371003962311841381456135363545406324522752
2	0	4	0	4	504612655784926424950420033904263240783872
2	0	4	0	3	33242133407308137908972587102638474628753536
2	0	4	0	2	-168015812552578056909869125013617853651195904
2	0	4	0	1	-147676466048519100942976774191289450687804032
2	0	3	7	3	25707364031692800000000
2	0	3	7	2	21170014280099020800000000
2	0	3	7	1	69409882885570560000000000
2	0	3	6	4	-33785954593380325785600000
2	0	3	6	3	-7247629150947976739880960000
2	0	3	6	2	-214673012221952501098168320000
2	0	3	6	1	1946483071369598975255101440000
2	0	3	5	4	329970265300088711678214144000
2	0	3	5	3	41061773799713752231873569177600
2	0	3	5	2	-725472918436066567444681567027200
2	0	3	5	1	-3226990754767040747849711082700800
2	0	3	4	4	512863530776545887564161352155136
2	0	3	4	3	43133429603041490234659437202931712
2	0	3	4	2	1736414233077959362874710546975752192
2	0	3	4	1	-12171129689368275807551301762800320512
2	0	3	3	4	-2033112431379382367992674549182466048
2	0	3	3	3	-145736166691714294609315786333464173568
2	0	3	3	2	2994296224834052811825339929988602631168
2	0	3	3	1	-6982634751572457544405012235292837390336
2	0	3	2	4	-2130334383655404696513390530377744995840
2	0	3	2	3	-135429765356620280326125441476670914820096
2	0	3	2	2	1333357260496911687012193938592520879542272
2	0	3	2	1	-997258415089797025247155714041344782800384
2	0	3	1	4	-580941900255905383640215367286442886167296
2	0	3	1	3	-34239690354370560742988622743796041567742720
2	0	3	1	2	220976577829148379346572867831244506443495424
2	0	3	1	1	48084985595132071527232731696260879871901440
2	0	3	0	4	-46385488503401428149290990379670336908314112
2	0	3	0	3	-2597770971223127257710165492596669232356185344
2	0	3	0	2	11962853843374619859181301132674119966051848064
2	0	3	0	1	11322049021300512879909647797797914259234256896
2	0	2	8	2	85691213438976000000000
2	0	2	8	1	17470296139871232000000000
2	0	2	7	4	-203859396771323904000000
2	0	2	7	3	-84753361668932455219200000
2	0	2	7	2	-18125471414570066155929600000
2	0	2	7	1	-121706155646052531419750400000
2	0	2	6	4	24516704777245453595934720000
2	0	2	6	3	2659142684155922381604643430400
2	0	2	6	2	89917898700727321284061060300800
2	0	2	6	1	-513935638334890782936407457177600
2	0	2	5	4	-119592103795037892158803290685440
2	0	2	5	3	-8813794539358272296527077134721024
2	0	2	5	2	101262425685814084778881042089148416
2	0	2	5	1	824989928760218069860160858931486720
2	0	2	4	4	-56612603986780351128845286559002624
2	0	2	4	3	-4217640369995846252073009305595308544
2	0	2	4	2	-259061458421027893117750178186423900160
2	0	2	4	1	1496143301446351150572342580471912559616
2	0	2	3	4	279537608151038063338695240668814081024
2	0	2	3	3	14865195433982290705323386564482024621056
2	0	2	3	2	-281013083028573100510130271083837194417152
2	0	2	3	1	585772997670725636427328752490415265258240
2	0	2	2	4	198012761772277745525024157859639459779840
2	0	2	2	3	10152192643416188457265898055968989226595264
2	0	2	2	2	-93358130700609051252654273782967115476400512
2	0	2	2	1	60011894072808445323856783218270614830308960
2	0	2	1	4	41540057535460473431928636625912563266114304
2	0	2	1	3	2065020631619077703255398256411660458026949248
2	0	2	1	2	-12308369668365963650636551523910676661837693952
2	0	2	1	1	-3510628975883455741716184256942443913264569536
2	0	2	0	4	2704388047093258524598993300754191831542704064
2	0	2	0	3	131604400738517427120785335709755168475501300784
2	0	2	0	2	-548579749629742455340122302942053013631174995232
2	0	2	0	1	-558943903354472515093221130121811487593877032504
2	0	1	9	1	71409344532480000000000
2	0	1	8	4	-214228033597440000000
2	0	1	8	3	-356903903973335040000000
2	0	1	8	2	-69527022774341640192000000
2	0	1	8	1	-10733062104966610280448000000
2	0	1	7	4	114395874022935622656000000
2	0	1	7	3	35275535220683591314145280000
2	0	1	7	2	4246796345774479368727136256000
2	0	1	7	1	40248143412434541292527691776000
2	0	1	6	4	-5311940962134644682522065879040
2	0	1	6	3	-402688591579179396912417204142080
2	0	1	6	2	-14212863925040479866044155605688320
2	0	1	6	1	48762436189886052281107644895395840
2	0	1	5	4	17485824886716668456821697716488192
2	0	1	5	3	887787860916326400591902595949086720
2	0	1	5	2	-5462846721985416874945923284782636032
2	0	1	5	1	-88609539814777977484011799709679243264
2	0	1	4	4	1468761713132006098242911787349049856
2	0	1	4	3	191997436854032860036421134950371380224
2	0	1	4	2	19099527475594748158736835644316315239424
2	0	1	4	1	-92972065221975248902458932635843973443584
2	0	1	3	4	-19594141244616943134306376566199231776768
2	0	1	3	3	-813395553570716750536109693081278931616384
2	0	1	3	2	14139997756567428180634606215236644165668096
2	0	1	3	1	-26381397230737450017359199218354747791047744
2	0	1	2	4	-9984846795506956139116568099162252129961984
2	0	1	2	3	-426298173523188690556443999594125471656120704
2	0	1	2	2	3644915652268031243296638291012936383493250560
2	0	1	2	1	-1987355711730560348084855271404156278249254912
2	0	1	1	4	-1669914310458922247521317817143495426536749440
2	0	1	1	3	-71629394072514096995918130517344961133433759648
2	0	1	1	2	392274584356406755503560603350930927573779876096
2	0	1	1	1	138129720845249348902101743709914312880009677424
2	0	1	0	4	-90884479754363130445847544584362506283352860320
2	0	1	0	3	-3908894786578115885901735760214182412470817079360
2	0	1	0	2	14646442170800593972673672836279352514346348606080
2	0	1	0	1	16076394561050610538704293424734621330009297099184
2	0	0	9	3	-357046722662400000000
2	0	0	9	2	-31562930283356160000000
2	0	0	9	1	-32219789139038177280000000
2	0	0	8	4	84705764484427776000000
2	0	0	8	3	103025635448538055680000000
2	0	0	8	2	9252948244459940329144320000
2	0	0	8	1	1355942671984930441465912320000
2	0	0	7	4	-13370558971746434904539136000
2	0	0	7	3	-3655747623471945149673923788800
2	0	0	7	2	-295743205187206543499930154270720
2	0	0	7	1	-3611895329602360339573113618923520
2	0	0	6	4	357060858849956112625440133521408
2	0	0	6	3	21933960602705694254149187446803456
2	0	0	6	2	762269558915432556785203613938685952
2	0	0	6	1	-1170403439807194898562137043670883328
2	0	0	5	4	-898469280823392149208869163807258624
2	0	0	5	3	-34550785619734769523468179372302391808
2	0	0	5	2	50238383761053996989621618385748012032
2	0	0	5	1	3384573206908412013409779047848495904256
2	0	0	4	4	79638180366478696621908802671551238144
2	0	0	4	3	-2722740877714355035356283510215046109760
2	0	0	4	2	-553220487018938800330184329358249179907712
2	0	0	4	1	2300223068299977354287472528391323620428128
2	0	0	3	4	551575476079598825573316291140592790785024
2	0	0	3	3	18562891488115970442017261349728167897104768
2	0	0	3	2	-295805421092381053278093448827785942667647232
2	0	0	3	1	494058540897934342227495021169354807863762624
2	0	0	2	4	211395364904255975437776091406027800090352640
2	0	0	2	3	7702139054450031179808336967677027049801377120
2	0	0	2	2	-60928436740751121654698217385729518915193829952
2	0	0	2	1	27677108507785856782486510788578457937628709264
2	0	0	1	4	28950919503094021049473838546375293453172800128
2	0	0	1	3	1090815020176897707140167214262348750219781425792
2	0	0	1	2	-5459547582871686244006350180562807633087498326528
2	0	0	1	1	-2286129685788418832528177897454626249299711878384
2	0	0	0	4	1343013161745956271752262336799626527597832956544
2	0	0	0	3	51751428279468732294484687386634301716688677400124
2	0	0	0	2	-173015508091531974617979423750688145703170221303080
2	0	0	0	1	-204888606559873336196710326535979224950984929824218
1	10	0	0	1	-1231950664561320000000000
1	9	1	0	2	10348385582315088000000000
1	9	1	0	1	143737437228630854400000000
1	9	0	1	1	35994821543384814000000000
1	9	0	0	3	-71067629117145971376000000
1	9	0	0	2	4355426303612044781472000000
1	9	0	0	1	-80455200733618034765760000000
1	8	2	0	3	-1774008956968300800000000
1	8	2	0	2	-1168366275667196559360000000
1	8	2	0	1	-3260276553194796775680000000
1	8	1	1	2	-163392466001915541600000000
1	8	1	1	1	-2810462493314962051200000000
1	8	1	0	4	200909673570693022848000000
1	8	1	0	3	-44217595990153359259833600000
1	8	1	0	2	870610065445883457301996800000
1	8	1	0	1	960532246356289750657238400000
1	8	0	2	1	-293392572417523368000000000
1	8	0	1	3	926261595597379612032000000
1	8	0	1	2	-56416597968271355750880000000
1	8	0	1	1	1288956044406255857246376000000
1	8	0	0	5	-660019400601249721190400000
1	8	0	0	4	126994712962173714561024000000
1	8	0	0	3	4440809358779580716726225088000
1	8	0	0	2	-91239419036684598050000446272000
1	8	0	0	1	-75778739240086885518948418848000
1	7	3	0	3	202724288112504508416000000
1	7	3	0	2	22985995409315328637440000000
1	7	3	0	1	-28666649841529087719936000000
1	7	2	1	3	26996417624917920960000000
1	7	2	1	2	7332583523798416832640000000
1	7	2	1	1	38860615087808177353680000000
1	7	2	0	4	1684070728060866724339200000
1	7	2	0	3	-655510990651937158448540160000
1	7	2	0	2	-7944640760648109133645505280000
1	7	2	0	1	14523188545613785508165666880000
1	7	1	2	2	308384685359365464000000000
1	7	1	2	1	12577285726571283278400000000
1	7	1	1	4	-115290715732770763152000000
1	7	1	1	3	-20071279342501071301526400000
1	7	1	1	2	-3466736320848193122334185600000
1	7	1	1	1	-8405034840629906972129078400000
1	7	1	0	5	-8250305425405398444418560000
1	7	1	0	4	1054262458259085742671712320000
1	7	1	0	3	159557872593081900542352502464000
1	7	1	0	2	892038847753496892231414663552000
1	7	1	0	1	-2396480407801816555136743125696000
1	7	0	3	1	445688599506447042000000000
1	7	0	2	3	-1002524389049405693988000000
1	7	0	2	2	-39231944532914000443272000000
1	7	0	2	1	-2712409806429948575168784000000
1	7	0	1	5	40689675739739640873600000
1	7	0	1	4	-7954917306864839667411840000
1	7	0	1	3	3633938436468619685812404672000
1	7	0	1	2	327283507215373989769521628032000
1	7	0	1	1	471009164315189010574420835064000
1	7	0	0	5	1202989037541562264413288844800
1	7	0	0	4	-170943684281202721036357965312000
1	7	0	0	3	-9937147347768670105066392175940736
1	7	0	0	2	-33552766373242142125890262699153920
1	7	0	0	1	130280186315288975919211051925458176
1	6	4	0	3	-4218478236722633949388800000
1	6	4	0	2	326794843796162132251238400000
1	6	4	0	1	15736793719146997149619200000
1	6	3	1	3	-1178195526472470600960000000
1	6	3	1	2	6326396820614242398816000000
1	6	3	1	1	587982341911441924774656000000
1	6	3	0	4	21087246997394557641768960000
1	6	3	0	3	368022543043693774937550336000
1	6	3	0	2	-199412030271493253084176798848000
1	6	3	0	1	-18779977820394970019160943104000
1	6	2	2	3	-37439421704509553280000000
1	6	2	2	2	-10826915303388407575680000000
1	6	2	2	1	26288091582640676411040000000
1	6	2	1	4	3440455685296159666579200000
1	6	2	1	3	755593125288860576165817600000
1	6	2	1	2	-4482877294069391671299106560000
1	6	2	1	1	-280290300873388843474862919360000
1	6	2	0	5	-25357369177537780997140992000
1	6	2	0	4	-5317257207591354213729287193600
1	6	2	0	3	306403317785732220721018067374080
1	6	2	0	2	44265442344744333598933699050485760
1	6	2	0	1	6396997385681580472478827209434880
1	6	1	3	2	-181113124419488656800000000
1	6	1	3	1	-14852940201912472848000000000
1	6	1	2	4	76119335942217445944000000
1	6	1	2	3	58790409666762488343868800000
1	6	1	2	2	3964828875625841031558000000000
1	6	1	2	1	-7284015090575276335026336000000
1	6	1	1	5	1955798904386002789244160000
1	6	1	1	4	-1780451598799370741671962432000
1	6	1	1	3	-144053187547035875677422309849600
1	6	1	1	2	705138967389392462115102290025600
1	6	1	1	1	43837486301721635254586027612563200
1	6	1	0	5	6117341916494641494755913661440
1	6	1	0	4	478447602964330474120488208497792
1	6	1	0	3	-59303764313197173319317983247535488
1	6	1	0	2	-4289613830615548658004474062903584896
1	6	1	0	1	-864241669608472934780037466149367488
1	6	0	4	1	-194398551237576960000000000
1	6	0	3	3	347574521982889933776000000
1	6	0	3	2	61504136667883420006536000000
1	6	0	3	1	2824906871718864691060680000000
1	6	0	2	5	230999564804308427534400000
1	6	0	2	4	-70410857808255905374542720000
1	6	0	2	3	-8322611209107271930917461376000
1	6	0	2	2	-342659229414658424631495596304000
1	6	0	2	1	423101373679786972847227316352000
1	6	0	1	5	-373288560432680053797370675200
1	6	0	1	4	200338432139402815334793323950080
1	6	0	1	3	8435133508956508357007546816360064
1	6	0	1	2	-25682721314819849583387901001095104
1	6	0	1	1	-2281732577190569163233835898903676448
1	6	0	0	5	-322881377295466723176986502672000
1	6	0	0	4	-25256692195416760805583159753181440
1	6	0	0	3	3024619156274990198412575285733049920
1	6	0	0	2	153879215316213574799825984354849509728
1	6	0	0	1	41130712693244999162646254910383982432
1	5	5	0	3	-50236631640408181826764800000
1	5	5	0	2	1114757697602025724831488000000
1	5	5	0	1	330489270230283751362508800000
1	5	4	1	3	-1879273153927415558131200000
1	5	4	1	2	-450447918635324768207846400000
1	5	4	1	1	1857762412518833670332620800000
1	5	4	0	4	161045220049696898999193600000
1	5	4	0	3	35414337744025531576996476672000
1	5	4	0	2	-805244309446326076217041178112000
1	5	4	0	1	-276796474404941086101603777024000
1	5	3	2	3	1234133529505642628352000000
1	5	3	2	2	-65976471874998164810880000000
1	5	3	2	1	-627187957576430288357952000000
1	5	3	1	4	3231165911661881551848960000
1	5	3	1	3	3144284826311806065713433600000
1	5	3	1	2	301619886928309903291077600000000
1	5	3	1	1	-1070478512010326873680269402240000
1	5	3	0	5	11375082542596015608505344000
1	5	3	0	4	-95027612463516319301825757388800
1	5	3	0	3	-9894818306317709867654488859320320
1	5	3	0	2	221842000252182692900250475231472640
1	5	3	0	1	86841765464398484149458594806837760
1	5	2	3	3	9654008926478310720000000
1	5	2	3	2	4580502634954332478080000000
1	5	2	3	1	-105868035206893981953360000000
1	5	2	2	4	-4785496922273559071270400000
1	5	2	2	3	-310567106782224115803446400000
1	5	2	2	2	30987509592766292951739125760000
1	5	2	2	1	340307199183819816087448901760000
1	5	2	1	5	11662457474161910096831232000
1	5	2	1	4	-3909402032699362857760341964800
1	5	2	1	3	-1225439456277033988537563913985280
1	5	2	1	2	-72301072896439490760857407588930560
1	5	2	1	1	219278236623314230322112520877987520
1	5	2	0	5	-13266450687748493808224264033280
1	5	2	0	4	21511970820112214701852915104412416
1	5	2	0	3	1390882161371473066329862199340233472
1	5	2	0	2	-29454538046495734443919433421670047360
1	5	2	0	1	-12990408822379732964297606297541277344
1	5	1	4	2	3130624716289214400000000
1	5	1	4	1	4059474657834125001600000000
1	5	1	3	4	-28001207019393061344000000
1	5	1	3	3	-17669304916718560004592000000
1	5	1	3	2	-1412128692391959826783689600000
1	5	1	3	1	32378529945872592432901929600000
1	5	1	2	5	2184366333066250718246400000
1	5	1	2	4	1250796547061913816510918048000
1	5	1	2	3	10300384625337640316275562304000
1	5	1	2	2	-4642376127239702310624824462841600
1	5	1	2	1	-57992932930729894181630003509401600
1	5	1	1	5	-3974021472835656061513788257280
1	5	1	1	4	997200422754478691197333061153088
1	5	1	1	3	175759357994570350321059914064471744
1	5	1	1	2	7469407457342045372489428639331375040
1	5	1	1	1	-18999406582708544377673140356044879808
1	5	1	0	5	3155646198912257474565915027720960
1	5	1	0	4	-2209719327768919037769117739791234336
1	5	1	0	3	-99067989677626657892644909282270527840
1	5	1	0	2	1893285436668652060557135538475921209056
1	5	1	0	1	933859058618834059283837518696378928640
1	5	0	5	1	-23574456172188288000000000
1	5	0	4	3	48852652205047211820000000
1	5	0	4	2	-9168130645269933236256000000
1	5	0	4	1	-803110834356754577536512000000
1	5	0	3	5	-37621159713692824032000000
1	5	0	3	4	19581254859528458882409600000
1	5	0	3	3	2621033621679695091643607760000
1	5	0	3	2	105013324366067483763332461056000
1	5	0	3	1	-2291001735832583909926280759136000
1	5	0	2	5	-320646079727117753151211776000
1	5	0	2	4	-83782601373538398469365134530560
1	5	0	2	3	981310238858353158394726400930160
1	5	0	2	2	225226242962869757540822654138392896
1	5	0	2	1	3169211251526812796295619515399785856
1	5	0	1	5	317076251137677429963031486526400
1	5	0	1	4	-69446350160750275963914006610454592
1	5	0	1	3	-8524788086476279225879812815475390912
1	5	0	1	2	-282747642118100102754723409338024282096
1	5	0	1	1	582224640985370293396589901976509660624
1	5	0	0	5	-209158362834983748510224565024021600
1	5	0	0	4	85934947914508741217406091200335042304
1	5	0	0	3	2870925015937118814083981161766623668084
1	5	0	0	2	-47177006103390167004324877256354563785672
1	5	0	0	1	-25872795737421923930730073025735799988992
1	4	6	0	3	-122205367624930332037263360000
1	4	6	0	2	1600359040931798702754017280000
1	4	6	0	1	592330649524624932675747840000
1	4	5	1	3	51090285439780026271488000000
1	4	5	1	2	-1466790425849476538496921600000
1	4	5	1	1	2384496140302155024522086400000
1	4	5	0	4	391201152766302785519425536000
1	4	5	0	3	104107892056231025819658892492800
1	4	5	0	2	-1290061224366785111663752913510400
1	4	5	0	1	-540956550120635383821906234163200
1	4	4	2	3	8543855964433423758336000000
1	4	4	2	2	75165288014000415830400000000
1	4	4	2	1	-2147908578319856082450816000000
1	4	4	1	4	-170131869840049197142256640000
1	4	4	1	3	-38130565566298153555161552384000
1	4	4	1	2	1125803179039872382247105291520000
1	4	4	1	1	-1512265404996999143402499818496000
1	4	4	0	5	57914101467385751341771776000
1	4	4	0	4	-278924246078200261311328402821120
1	4	4	0	3	-35739560371415895024787396444004352
1	4	4	0	2	409452464766467831764530006934926336
1	4	4	0	1	192038507424341662825145906273668608
1	4	3	3	3	-93249647088117177600000000
1	4	3	3	2	39677233830361823273760000000
1	4	3	3	1	-26581574356775939888640000000
1	4	3	2	4	-29404984307670269686632960000
1	4	3	2	3	-5451618943422246716134064640000
1	4	3	2	2	-69796666931444763793292747520000
1	4	3	2	1	1355563040435820277849340674560000
1	4	3	1	5	17491083984519772954922496000
1	4	3	1	4	111192818140129484679183663667200
1	4	3	1	3	10948369360534150056756013349683200
1	4	3	1	2	-326160142794364179251286445177560960
1	4	3	1	1	354426832244869898082819961854781440
1	4	3	0	5	-39395144209608780687714422384640
1	4	3	0	4	77938350149077443122618979380865024
1	4	3	0	3	6404812798796832482184051514541074176
1	4	3	0	2	-66093740312129137156831691069111726016
1	4	3	0	1	-34446240658263013025658015634045323264
1	4	2	4	3	4979898006623740800000000
1	4	2	4	2	810610828649563795200000000
1	4	2	4	1	41323435192703399709600000000
1	4	2	3	4	539701930872873654912000000
1	4	2	3	3	-90329252286580165898553600000
1	4	2	3	2	-18858558274343342981433734400000
1	4	2	3	1	-17236564730097228741804292800000
1	4	2	2	5	3497154685921653700598784000
1	4	2	2	4	13915710638069302478144445120000
1	4	2	2	3	1336171859297989781698550924582400
1	4	2	2	2	21094421971288217874742384184448000
1	4	2	2	1	-299386747416763546131538402158614400
1	4	2	1	5	-7092422570375152934912552770560
1	4	2	1	4	-26770104951403190318774192341305216
1	4	2	1	3	-1553896885797240748247450778496239744
1	4	2	1	2	45221540390073544876256499399474295680
1	4	2	1	1	-38058787750710339201522599694407568672
1	4	2	0	5	9005021783158095709946826908140800
1	4	2	0	4	-10676714821928740664674733074358198592
1	4	2	0	3	-635521189860068355487451767375379807424
1	4	2	0	2	5737714677277094734571563147212429848256
1	4	2	0	1	3313426462070933750550866127444416274576
1	4	1	5	2	33193629612015840000000000
1	4	1	5	1	1645921915261000675200000000
1	4	1	4	4	-11008778224251830760000000
1	4	1	4	3	-5480291362977080789040000000
1	4	1	4	2	-323420427048964411969056000000
1	4	1	4	1	-13283200710438264421089120000000
1	4	1	3	5	-688426935203945996467200000
1	4	1	3	4	-3985074831898892452754592000
1	4	1	3	3	34638769371837753306340384320000
1	4	1	3	2	2907836826430810689506191386816000
1	4	1	3	1	7496987746437319068828263309184000
1	4	1	2	5	-599296778254512920668446351360
1	4	1	2	4	-2251804407562387681513840071558432
1	4	1	2	3	-149326043004740654440773758532982080
1	4	1	2	2	-2609598815747572058305125062446092672
1	4	1	2	1	27762700203651836701561058547839968896
1	4	1	1	5	793345322797057468503320243368320
1	4	1	1	4	2856830670209929491243189424041783840
1	4	1	1	3	111225831232315117012486911906517525536
1	4	1	1	2	-3020041799802293069831546541755454080544
1	4	1	1	1	1815341181584092332922421273623026009888
1	4	1	0	5	-818952239768133618645122157687201600
1	4	1	0	4	714047372813107602431896437796465472760
1	4	1	0	3	33165727726852323087334810947295654546656
1	4	1	0	2	-253421554734383341229552690821138616471088
1	4	1	0	1	-162236643287333251963030892057001104109792
1	4	0	6	1	41796893548768032000000000
1	4	0	5	3	-74129636677956751368000000
1	4	0	5	2	-7517382196010539063824000000
1	4	0	5	1	-278163158388297935032800000000
1	4	0	4	5	-19894695800092043832000000
1	4	0	4	4	6404464702297471733740800000
1	4	0	4	3	696208054903883205158650320000
1	4	0	4	2	31734624814862388748057945440000
1	4	0	4	1	992589081342845770816381817280000
1	4	0	3	5	121395901119306396254266752000
1	4	0	3	4	-15214562124542450197222640440320
1	4	0	3	3	-2663192799417505729431622861415520
1	4	0	3	2	-148741429810688494993261236924406080
1	4	0	3	1	-619558489083394505211735449518548480
1	4	0	2	5	4051714727420609988661597893600
1	4	0	2	4	125376862313276862655149329095885824
1	4	0	2	3	6337400095096205546919544345748674296
1	4	0	2	2	114932318147532335821688431937994457584
1	4	0	2	1	-913704155970149359087529148261445812192
1	4	0	1	5	-19807223656535039378622275634628800
1	4	0	1	4	-115052222957432294994023136741990075936
1	4	0	1	3	-3256187889126456915891085333348566120576
1	4	0	1	2	77858425981097543575737598299239194265376
1	4	0	1	1	-28195292991188873117762015002624054364328
1	4	0	0	5	24147096338924028226332999736300845000
1	4	0	0	4	-18486373285350979867772622446345410818384
1	4	0	0	3	-710479740563268806324001636815392437210666
1	4	0	0	2	4415109907971961313631144503775080648810748
1	4	0	0	1	3150004656812360216615907410023998193970244
1	3	7	0	3	-106751331416975322249584640000
1	3	7	0	2	1479052187364266811466629120000
1	3	7	0	1	469772569454389409186242560000
1	3	6	1	3	111551471471108895120138240000
1	3	6	1	2	-2151344740023842683626270720000
1	3	6	1	1	1983476193071911389420042240000
1	3	6	0	4	383526154702473265882257408000
1	3	6	0	3	97805886496167192686679497932800
1	3	6	0	2	-1355444039478734287305451097702400
1	3	6	0	1	-479815012014260146299296687923200
1	3	5	2	3	4591682697679819715635200000
1	3	5	2	2	342572332392271212875827200000
1	3	5	2	1	-3384819026643272609217024000000
1	3	5	1	4	-387831940272017743068168192000
1	3	5	1	3	-97969535355964947259107584102400
1	3	5	1	2	1909177905445895513029267180339200
1	3	5	1	1	-1402536432538937256650310287462400
1	3	5	0	5	-12153128119232795991226368000
1	3	5	0	4	-298407766760294532449080991109120
1	3	5	0	3	-36220994568989160553872955748542464
1	3	5	0	2	505004840624660265174159576636429312
1	3	5	0	1	193573040994151926148197308610395136
1	3	4	3	3	-1791722875236366855744000000
1	3	4	3	2	141349296921016644067968000000
1	3	4	3	1	283432733840512923613632000000
1	3	4	2	4	-16343748389428495974144000000
1	3	4	2	3	-3755365232538238061077665792000
1	3	4	2	2	-322415751830221351451858646528000
1	3	4	2	1	2536277061061750205525233135104000
1	3	4	1	5	28904048597928530595142656000
1	3	4	1	4	290349190419992421398483413340160
1	3	4	1	3	33899156196205182396398380246106880
1	3	4	1	2	-665487016088012651654322860918592000
1	3	4	1	1	381592794700027333545671295481409280
1	3	4	0	5	10127253069108894370467156295680
1	3	4	0	4	92545314909694632952224959382248448
1	3	4	0	3	7075820666539455845359358473665639552
1	3	4	0	2	-100325218498806166098566684895447134976
1	3	4	0	1	-40703960416312813760339902978178733696
1	3	3	4	3	-199076943370790453760000000
1	3	3	4	2	7247737433257356683520000000
1	3	3	4	1	232038646326152923956480000000
1	3	3	3	4	6428732820634836995258880000
1	3	3	3	3	470004027920013469464990720000
1	3	3	3	2	-95097312754986466582269891840000
1	3	3	3	1	-275566671854386772252913895680000
1	3	3	2	5	-15353022446272144634582016000
1	3	3	2	4	6640753006648862890032076876800
1	3	3	2	3	1314665487590721644969678686786560
1	3	3	2	2	109406349073875605680132424830080000
1	3	3	2	1	-713736079013889167471612897527848960
1	3	3	1	5	-13034628951408633240897665126400
1	3	3	1	4	-83676636243522485045551261848305664
1	3	3	1	3	-6023211543561226737279962916657798912
1	3	3	1	2	118550828606270625665611912219633365888
1	3	3	1	1	-50776410149465487493002390799410920832
1	3	3	0	5	-3872127908802630486730757095134720
1	3	3	0	4	-14590924937803012706416317588887083392
1	3	3	0	3	-784541297073472074603907119449605877760
1	3	3	0	2	11555510059680648635943684520138149527232
1	3	3	0	1	4848787610470741262414093703733878984384
1	3	2	5	3	-2844680501132006400000000
1	3	2	5	2	-902374228586842433280000000
1	3	2	5	1	17625075144347264808960000000
1	3	2	4	4	657659824285397984352000000
1	3	2	4	3	55009721531053036548115200000
1	3	2	4	2	-4214458330912221044847091200000
1	3	2	4	1	-125239668402288104874848102400000
1	3	2	3	5	-3431789770462028817530112000
1	3	2	3	4	-2468346217530080690099918592000
1	3	2	3	3	61988207287082433897456606643200
1	3	2	3	2	22502809274848013806650590423500800
1	3	2	3	1	81631387410299620852698841678329600
1	3	2	2	5	9608632067621644591969515018240
1	3	2	2	4	-825412737407287504024824751218816
1	3	2	2	3	-235911250515102995953043373044649600
1	3	2	2	2	-17354141046420761286364427642681157888
1	3	2	2	1	95881673905308846079320303871910159616
1	3	2	1	5	1710336279886317792759260038492800
1	3	2	1	4	11693350032478876048124581263523188288
1	3	2	1	3	585213993785231246585665090218125816064
1	3	2	1	2	-11489849469714110789117792492443401756480
1	3	2	1	1	3397708616454579522379809331206419328432
1	3	2	0	5	755817095469169508342400456735003840
1	3	2	0	4	1217938881747910233057090323025595768128
1	3	2	0	3	48560054695574725467311139254316744527040
1	3	2	0	2	-775006975431985239265219462113939076385664
1	3	2	0	1	-326984997061671077468900754596683580761512
1	3	1	6	2	-12062979733090348800000000
1	3	1	6	1	-949984708618856793600000000
1	3	1	5	4	8304114236980214304000000
1	3	1	5	3	3158091490708526003251200000
1	3	1	5	2	274771481576904705500870400000
1	3	1	5	1	-6565846713509513671112908800000
1	3	1	4	5	-134556095612834834860800000
1	3	1	4	4	-198712822490033729364290304000
1	3	1	4	3	-1199256751039430634465760704000
1	3	1	4	2	742951434983696488446828920640000
1	3	1	4	1	21134655443201655146700330195840000
1	3	1	3	5	1169748201709428475827280250880
1	3	1	3	4	284124345539599598937342786043776
1	3	1	3	3	-24191665893480157556567784518875392
1	3	1	3	2	-2269410091961834090794061386358713728
1	3	1	3	1	-9612046789143611524316777289474743040
1	3	1	2	5	-1819827912765603543320073695137920
1	3	1	2	4	19283889739871543140795330078187904
1	3	1	2	3	20832843902384020192154182082460296736
1	3	1	2	2	1309262305433339775056651404814465951904
1	3	1	2	1	-6216521496369995596994863632159752114496
1	3	1	1	5	-38329183964788052113170656703838080
1	3	1	1	4	-794110989723893157893552959295384917920
1	3	1	1	3	-29607623243340741294080573964107869815168
1	3	1	1	2	577927800096985940229541960332353065772928
1	3	1	1	1	-100975574974397783560749016532476407950256
1	3	1	0	5	-70655904141812997534343789038839325600
1	3	1	0	4	-49589527015429912742142156457687828696224
1	3	1	0	3	-1488175071231085888942736450130268101177576
1	3	1	0	2	28113027599388305001903439536285660798837480
1	3	1	0	1	11470743038391587456519722338017841967575048
1	3	0	7	1	-12212336840264064000000000
1	3	0	6	3	21940084896928777296000000
1	3	0	6	2	2757584313302437889280000000
1	3	0	6	1	164584586427727411026288000000
1	3	0	5	5	5066861801528546092800000
1	3	0	5	4	-3019750909499999901801600000
1	3	0	5	3	-426681864145551234343021056000
1	3	0	5	2	-20333121576853080560838189696000
1	3	0	5	1	573060865963262569702600962816000
1	3	0	4	5	20388971749567713333728256000
1	3	0	4	4	15123056976147651438525461660160
1	3	0	4	3	-363075877308606371610601829388480
1	3	0	4	2	-41027194842586081849716303110734080
1	3	0	4	1	-1144088505430109987966695454841901440
1	3	0	3	5	-95040921256944481627168778755200
1	3	0	3	4	-9542694151794931640567703336624192
1	3	0	3	3	1581340859156138507636040937094149152
1	3	0	3	2	83130893577900882543727777696391857536
1	3	0	3	1	393746291285804326730692408437133216128
1	3	0	2	5	107788543951741103717196496539321600
1	3	0	2	4	1732695056061208491690393079162235328
1	3	0	2	3	-707941349346116863271610319254345980352
1	3	0	2	2	-37910172178906599507455937512537776782144
1	3	0	2	1	157202733004498763489226186469916966467404
1	3	0	1	5	-3445939237397081444980151022919944000
1	3	0	1	4	20902875780539382242709944808662611000032
1	3	0	1	3	609138588045068153788832591315166629971128
1	3	0	1	2	-11840847341090911246887794416124484676983504
1	3	0	1	1	774737090639677863911670213480096382858656
1	3	0	0	5	2467109179576140964381403149384821841200
1	3	0	0	4	717063057603609094665195218767231961139000
1	3	0	0	3	15258214464790812696055998646573636531885716
1	3	0	0	2	-426725987246293087634605387305324272184240144
1	3	0	0	1	-158507770848057608795782252924675859436659607
1	2	8	0	3	-107149977604879582880563200000
1	2	8	0	2	1998054659500850613793996800000
1	2	8	0	1	669051559429900814186496000000
1	2	7	1	3	154816319462580648314265600000
1	2	7	1	2	-3465724460326618725814579200000
1	2	7	1	1	2354307048917413531012915200000
1	2	7	0	4	361757447072236815512961024000
1	2	7	0	3	116079356754454419709969799577600
1	2	7	0	2	-2192910761316227381297422578892800
1	2	7	0	1	-793778154166890369598579037798400
1	2	6	2	3	-1280152412002306320076800000
1	2	6	2	2	1194455075829727490122752000000
1	2	6	2	1	-5397889583953698686200627200000
1	2	6	1	4	-518828589406252963865862144000
1	2	6	1	3	-160555600115292907755139593830400
1	2	6	1	2	3594819209646280531848507594547200
1	2	6	1	1	-2074422818536556665909848214118400
1	2	6	0	5	32208458086413001255956480000
1	2	6	0	4	-339075043802678187859360439255040
1	2	6	0	3	-52785782243530188943312243186845696
1	2	6	0	2	1018841616725669024237058423695136768
1	2	6	0	1	392022229219656741025704957655148544
1	2	5	3	3	-19150269416033081743411200000
1	2	5	3	2	289550662626276239411635200000
1	2	5	3	1	1696142591733572173773158400000
1	2	5	2	4	19652401716149391324466176000
1	2	5	2	3	4166439875342614620620920627200
1	2	5	2	2	-1257309745547795127246424804761600
1	2	5	2	1	4792466568801435223430469705523200
1	2	5	1	5	-51405041059394796164487168000
1	2	5	1	4	464112177160353856710782267105280
1	2	5	1	3	67752070379617435866839200222669824
1	2	5	1	2	-1528038580133129036882009698132342272
1	2	5	1	1	756238796011659584477525157073787904
1	2	5	0	5	-34565672465410216939965073612800
1	2	5	0	4	132954256143260801292041873831651328
1	2	5	0	3	13328258764487148976210315320046150656
1	2	5	0	2	-264381165519718622648573201304243969792
1	2	5	0	1	-106922099455033331678827119611035428864
1	2	4	4	3	-1993291109213529583872000000
1	2	4	4	2	-90666576878134733367552000000
1	2	4	4	1	485659862225064150975360000000
1	2	4	3	4	65601558620810454543713280000
1	2	4	3	3	16502890113695004310237575168000
1	2	4	3	2	-189454464266205554344386542592000
1	2	4	3	1	-1576816453470399503986708289280000
1	2	4	2	5	-17676588876996619724746752000
1	2	4	2	4	-29833691394668773894809813964800
1	2	4	2	3	-2008649852466418785502878244365312
1	2	4	2	2	510388762334918899937909509282968576
1	2	4	2	1	-1693522993854254294167927520607171072
1	2	4	1	5	51286241223497737152687242465280
1	2	4	1	4	-167856827796001718370031119297712128
1	2	4	1	3	-15365903868093108659789677419876072960
1	2	4	1	2	349803856631056228837408977933555173376
1	2	4	1	1	-149017152676631510363563495556091639936
1	2	4	0	5	14360374328107359083482881955330560
1	2	4	0	4	-28464796589696615130421528076905608192
1	2	4	0	3	-2059529997640974270490799813855861858304
1	2	4	0	2	42181300102474201188554109802848477087360
1	2	4	0	1	17783895197295653108843519975227441099968
1	2	3	5	3	44835747661702338048000000
1	2	3	5	2	-12310548939163318826880000000
1	2	3	5	1	-100234645797447249700608000000
1	2	3	4	4	6788428716085950557986560000
1	2	3	4	3	1698915868387039888081804800000
1	2	3	4	2	71421968038122430982253066240000
1	2	3	4	1	-264945966583131048738529958400000
1	2	3	3	5	3674550748875052360149504000
1	2	3	3	4	-46275549910463122945019745408000
1	2	3	3	3	-5453773104000240646350958933032960
1	2	3	3	2	44582252751100995148780065970813440
1	2	3	3	1	535801332288820785429759970470912000
1	2	3	2	5	9632398907668367150811470499840
1	2	3	2	4	12973373239566396823630881280108416
1	2	3	2	3	395666070005083435990448593290967296
1	2	3	2	2	-105111500855718420908971571085418877184
1	2	3	2	1	308916039890007852664416930527086856448
1	2	3	1	5	-18809274508672676965727747310823680
1	2	3	1	4	31742979147872221045460172122176265088
1	2	3	1	3	2045507839412618815618716316686224870784
1	2	3	1	2	-46966575580701349860691964601237466640640
1	2	3	1	1	17232742385005038857984804591206680789312
1	2	3	0	5	-3028400081185452350237012223340053120
1	2	3	0	4	3611563663540833673725334089771148747104
1	2	3	0	3	200432165647969429312651571848267001059200
1	2	3	0	2	-4255754267022340806014600662151987996944704
1	2	3	0	1	-1859069099365243306691444193110871581805600
1	2	2	6	3	442407667882913280000000
1	2	2	6	2	131480554346630622720000000
1	2	2	6	1	-15060530902069728063360000000
1	2	2	5	4	-144321269005710848678400000
1	2	2	5	3	16762072455186091719678720000
1	2	2	5	2	6735059504580505404756994560000
1	2	2	5	1	65687246496926809427260995840000
1	2	2	4	5	809708211116843495314176000
1	2	2	4	4	-3802105161906991955004794112000
1	2	2	4	3	-514456195802374554434750246745600
1	2	2	4	2	-19423648882113644106828069244646400
1	2	2	4	1	47701889357133911841974369559283200
1	2	2	3	5	-2690974807624352125603935866880
1	2	2	3	4	11898769609652648806813114292661504
1	2	2	3	3	885490463423587874838191988150934656
1	2	2	3	2	-4502423172531404424733266100857493248
1	2	2	3	1	-85848695963426101076023738369228260480
1	2	2	2	5	-1620271223990095238668710886389120
1	2	2	2	4	-2488694759440215022731511467726549120
1	2	2	2	3	-37469956419546992017261257440022255648
1	2	2	2	2	11751968405335744288713524271987856286016
1	2	2	2	1	-30933843160969834452925694192389406488704
1	2	2	1	5	3247336554704276905078567380149973120
1	2	2	1	4	-3333371964947858319128933645286950634432
1	2	2	1	3	-160998464668928445595505923154170565853024
1	2	2	1	2	3718894604184240106205017686664371863132928
1	2	2	1	1	-1173532282133532120989014715291085392467296
1	2	2	0	5	346726346748741742264731619279283342880
1	2	2	0	4	-272644611017684291345493061714221631945632
1	2	2	0	3	-12039079781604745519911941882644951623089496
1	2	2	0	2	265962340713894458336524342796370753665407248
1	2	2	0	1	119844806498867243568627957146189381374094064
1	2	1	7	2	1552483780976448000000000
1	2	1	7	1	94031110786924339200000000
1	2	1	6	4	-1381787887999915296000000
1	2	1	6	3	-305374166652865007347200000
1	2	1	6	2	-25937870924455492851532800000
1	2	1	6	1	5716319627336011802243596800000
1	2	1	5	5	70136775715030857515520000
1	2	1	5	4	26075878495346363755496832000
1	2	1	5	3	-9747278365840103037566989440000
1	2	1	5	2	-1154998551091131022631793525504000
1	2	1	5	1	-13006883047863564352580024012544000
1	2	1	4	5	-341378734086588426555774781440
1	2	1	4	4	692961663185682180527949418058112
1	2	1	4	3	66574274405567585735441442197544192
1	2	1	4	2	2230941670935111355475878791176802816
1	2	1	4	1	-3107900143700704229749613491124289024
1	2	1	3	5	585336017712206216385160471998720
1	2	1	3	4	-1338668589743491658525540364023450496
1	2	1	3	3	-71510596098888436601328444813687475776
1	2	1	3	2	162032370076039846080362171479807465728
1	2	1	3	1	6590573341658597643905711063054030020992
1	2	1	2	5	75307436659271852512257873739409280
1	2	1	2	4	224371035401860969047208712357589676032
1	2	1	2	3	1660745573733948240235505936474211845184
1	2	1	2	2	-682270220826409836534108637182221004622848
1	2	1	2	1	1621480751569149052586557527814397176009872
1	2	1	1	5	-267518892189723207154489052005786692480
1	2	1	1	4	185220194813579021750554524085621428594912
1	2	1	1	3	6972556139715060575859452368938375182519088
1	2	1	1	2	-161410982145101884730611751743687718841075936
1	2	1	1	1	43639404171903617766096368911264276179380976
1	2	1	0	5	-20613129477898805291645284145749525284480
1	2	1	0	4	11379330548289001815749622720817694112458664
1	2	1	0	3	409178435073963719701517871177672496386106992
1	2	1	0	2	-9432958584574856356315041397553246029571214048
1	2	1	0	1	-4371466075766319025206747036882699284194046172
1	2	0	8	1	1357670162923776000000000
1	2	0	7	3	-2398560328373109984000000
1	2	0	7	2	-263732693132406540096000000
1	2	0	7	1	-12552108942449326468032000000
1	2	0	6	5	-108783723481830547200000
1	2	0	6	4	280082805974283874855680000
1	2	0	6	3	34252087090534448044574016000
1	2	0	6	2	679686338048491409997926016000
1	2	0	6	1	-508676204474309613655116983808000
1	2	0	5	5	-12493609985551903278843801600
1	2	0	5	4	-192978981695711941420131578880
1	2	0	5	3	910321146275092241131219441617792
1	2	0	5	2	63607523299867175841842297108901120
1	2	0	5	1	809258463811816096992631143262460928
1	2	0	4	5	33400619116415833576397984956800
1	2	0	4	4	-41431777474514186791639448294396544
1	2	0	4	3	-3130412894959037171572284466548552480
1	2	0	4	2	-92786823470603670392871105754413227328
1	2	0	4	1	40668085162387532722728811207836359808
1	2	0	3	5	-39470153139066312346028064794035200
1	2	0	3	4	56001508546685817415722178025539857024
1	2	0	3	3	2310769039583191732167021191939079628992
1	2	0	3	2	437577773872061882652133729685885648064
1	2	0	3	1	-195770531888398859269028594329307718854928
1	2	0	2	5	1566555072860276441144433272889216000
1	2	0	2	4	-7825310669526087044893864031395634353248
1	2	0	2	3	-26617557725672156307035725790112448534992
1	2	0	2	2	16161588751059704951085962186382414242456064
1	2	0	2	1	-34892288562920041986337932569164117885181112
1	2	0	1	5	8481112283289091389918549446551796589600
1	2	0	1	4	-4270283233714378726944694895093377171144608
1	2	0	1	3	-128650722505076673410647964543828164983047760
1	2	0	1	2	2970434211740690028817956823651945321564254288
1	2	0	1	1	-683103980636362396556785805593778091176230332
1	2	0	0	5	499733578059889519036252918855848590335800
1	2	0	0	4	-203226102363950470613210970484658326351137120
1	2	0	0	3	-6039495904527710698541958698558240716979962662
1	2	0	0	2	145577235396010222034118276658443757690899154164
1	2	0	0	1	69264075208397018510864424783280631459871362562
1	1	9	0	3	-195575115199168105842769920000
1	1	9	0	2	2282858682694485474161295360000
1	1	9	0	1	987516963968426888347975680000
1	1	8	1	3	320576110733092845091184640000
1	1	8	1	2	-4709833798629011128900485120000
1	1	8	1	1	2095800639053568786467389440000
1	1	8	0	4	577999490812075233831444480000
1	1	8	0	3	245997133239723969468057056870400
1	1	8	0	2	-2771132345235463126884939649843200
1	1	8	0	1	-1281435613949927855592343550361600
1	1	7	2	3	-114541621427161179173928960000
1	1	7	2	2	2953812032970063321045934080000
1	1	7	2	1	-6571466010040996406157557760000
1	1	7	1	4	-978901571367591338704896000000
1	1	7	1	3	-378046149185540503989018490060800
1	1	7	1	2	5360703034244299966987068675686400
1	1	7	1	1	-2024812305369939855190000479436800
1	1	7	0	5	103856984486480788404019200000
1	1	7	0	4	-647930413704432743888348038348800
1	1	7	0	3	-134039076513749448999103712448294912
1	1	7	0	2	1456144261778912070575108770498768896
1	1	7	0	1	715416259235744813326073808938754048
1	1	6	3	3	-24105545486517589691074560000
1	1	6	3	2	-345641848081141936106373120000
1	1	6	3	1	4084187095496482800095600640000
1	1	6	2	4	367151109398586913214748672000
1	1	6	2	3	132281306295892286476235544576000
1	1	6	2	2	-3227446218345986987375338174464000
1	1	6	2	1	6451363214275064938720328558592000
1	1	6	1	5	-123927143991401049652224000000
1	1	6	1	4	1021727620844013148848341764300800
1	1	6	1	3	188535877012429319511662449329183744
1	1	6	1	2	-2582274809156738492746866930073546752
1	1	6	1	1	822600282078798225330758587895476224
1	1	6	0	5	-106087480137475992236873152512000
1	1	6	0	4	312177720328791458964047196551285760
1	1	6	0	3	41824609484669448347717320311099127296
1	1	6	0	2	-437344796077319217670306590570204321792
1	1	6	0	1	-227312184202465757336913168133836420096
1	1	5	4	3	7333487034011319581798400000
1	1	5	4	2	-170677294743017438046720000000
1	1	5	4	1	-296277547216240919903846400000
1	1	5	3	4	73837182525484862251911168000
1	1	5	3	3	19826513088924031393072328294400
1	1	5	3	2	445740024085319957494262167756800
1	1	5	3	1	-3892240330885638887220487559577600
1	1	5	2	5	29529958693658859879745536000
1	1	5	2	4	-375511223133921194896923768913920
1	1	5	2	3	-61838648203725025455768882102319104
1	1	5	2	2	1443835110629983475891054588743268352
1	1	5	2	1	-2619754324681852630455414405580099584
1	1	5	1	5	115041586800966601109924219904000
1	1	5	1	4	-446218434553062512935818015722800128
1	1	5	1	3	-52476311318696514319985753958654197760
1	1	5	1	2	693157925557014407581752718733265283584
1	1	5	1	1	-183407571924854721165630836913491011584
1	1	5	0	5	45288316523404954126863315506304000
1	1	5	0	4	-84775312822424914721996342546587324416
1	1	5	0	3	-8274200126147818986094132936684732736256
1	1	5	0	2	83068893013048402413029637725604197869824
1	1	5	0	1	45525771498278007005197515647647592643840
1	1	4	5	3	909867301798503115929600000
1	1	4	5	2	22399963131146669182771200000
1	1	4	5	1	-219646365748421115319142400000
1	1	4	4	4	-24988537359748918132439040000
1	1	4	4	3	-6714273694515690488146260480000
1	1	4	4	2	125466770101943943100404486144000
1	1	4	4	1	396183484802678366892410625024000
1	1	4	3	5	1902625180233270410502144000
1	1	4	3	4	-47868822377509502186169019822080
1	1	4	3	3	-6554632919869656020618272543730688
1	1	4	3	2	-209252427565165713386010070859943936
1	1	4	3	1	1469176973271523624288227211748063232
1	1	4	2	5	-26049322029956737425816587304960
1	1	4	2	4	153416245583567103673631505240794112
1	1	4	2	3	15473615562543026069267624909476920576
1	1	4	2	2	-347034281040537676906093665207932252160
1	1	4	2	1	574613511642837486208539007637829387264
1	1	4	1	5	-43232088629820324970596158975600640
1	1	4	1	4	106324191613713613708818244749752144640
1	1	4	1	3	8973663718128995077148650514583018373632
1	1	4	1	2	-113990148112428572094939838257223206331392
1	1	4	1	1	24424106643670284230681697361177953866688
1	1	4	0	5	-10511295332973913523336416281408637440
1	1	4	0	4	14229739675431537136831216244381367883392
1	1	4	0	3	1079554693548607270838106117416411804639424
1	1	4	0	2	-10376142363823904642242927272739304311133184
1	1	4	0	1	-5980334946370992988349395506111158447723040
1	1	3	6	3	2474173117025233920000000
1	1	3	6	2	3634494610527865133568000000
1	1	3	6	1	17130119873069396786688000000
1	1	3	5	4	-3116075656109421387571200000
1	1	3	5	3	-696092238977707195791363072000
1	1	3	5	2	-19645604875990791427171405824000
1	1	3	5	1	135735529852553519722188791808000
1	1	3	4	5	-376919209636169998473216000
1	1	3	4	4	19217562836123046511095685632000
1	1	3	4	3	2311431943732448390086557581291520
1	1	3	4	2	-33893058514100116844577966467235840
1	1	3	4	1	-166905377932113932876788502105948160
1	1	3	3	5	-1069135150646958620925141872640
1	1	3	3	4	11180746047824519267277704791554048
1	1	3	3	3	1123211489091938955977981867053134336
1	1	3	3	2	48374099317344687673623674712583919616
1	1	3	3	1	-284633896843356076694819906349015038976
1	1	3	2	5	8887387212591244578270082483614720
1	1	3	2	4	-32439126773950578969414339275441563392
1	1	3	2	3	-2264113641212329943423047545193399686144
1	1	3	2	2	48756388548612488474576177086956550049664
1	1	3	2	1	-73869470102201742871980021689429555890560
1	1	3	1	5	8451303252707251471956595661294242560
1	1	3	1	4	-14985051793326765432854886971189505517056
1	1	3	1	3	-969518628409368909727455385681984905086400
1	1	3	1	2	11801112824127720936354016541614766904696192
1	1	3	1	1	-1966685534286112258178012136770377773552192
1	1	3	0	5	1436202421249501395157268467344059349120
1	1	3	0	4	-1514451144646823318417511348558605950818240
1	1	3	0	3	-93091158520131726660030497429284709772125472
1	1	3	0	2	854023536690922876343450838295408499813801184
1	1	3	0	1	516489694064002928727390074754718022653681632
1	1	2	7	3	-13335695091440640000000
1	1	2	7	2	13239613818372188160000000
1	1	2	7	1	3531531098531219915520000000
1	1	2	6	4	-12028617020931235430400000
1	1	2	6	3	-9939733501532330003673600000
1	1	2	6	2	-2022981642969495866665850880000
1	1	2	6	1	-13484318961985126421164346880000
1	1	2	5	5	-61793746401432631302144000
1	1	2	5	4	1691921207995189802358743347200
1	1	2	5	3	193276220803471976089604031498240
1	1	2	5	2	5789594088253902179152768266362880
1	1	2	5	1	-28411719242026297324473881695733760
1	1	2	4	5	283225925366363296084968898560
1	1	2	4	4	-5276843542471784229639950929201152
1	1	2	4	3	-385498674245290988301111919072228608
1	1	2	4	2	4171369595901286438349593707136518144
1	1	2	4	1	31167553608016520295605227511650030080
1	1	2	3	5	169928582921261000154637438694400
1	1	2	3	4	-1084140176062939326638355145841005824
1	1	2	3	3	-105422256942010074722424201253946622720
1	1	2	3	2	-5955354271370668535859299751196546938624
1	1	2	3	1	30066436522876580438531175092626918329024
1	1	2	2	5	-1470011369695370581962213352061959680
1	1	2	2	4	3771263252810887160886950465830997843712
1	1	2	2	3	195146899865533748983141111426045513374528
1	1	2	2	2	-4023061500234317528038886007682673411539200
1	1	2	2	1	5583759273123414312076617333332224794828240
1	1	2	1	5	-908833311572143529541050240375379686400
1	1	2	1	4	1252310991569386272159695042908887839177856
1	1	2	1	3	64815110373351614362008224274694777379683968
1	1	2	1	2	-752953892549987380903064781027474271279432896
1	1	2	1	1	91269141025495798065458566614363970705576560
1	1	2	0	5	-115745592838469191131140175295762564947840
1	1	2	0	4	99922901783925237972449665023706922451997344
1	1	2	0	3	5123530043135526575669674373058071305376178624
1	1	2	0	2	-44727104285852194319875277417789577531454106496
1	1	2	0	1	-28328402684107045543449636420961412461485284532
1	1	1	8	2	-36954335795558400000000
1	1	1	8	1	15195462208108416000000000
1	1	1	7	4	24446096483887872000000
1	1	1	7	3	-40009096875557399961600000
1	1	1	7	2	-7804006748021197600128000000
1	1	1	7	1	-1387003099058105320826496000000
1	1	1	6	5	-6643879284865371217920000
1	1	1	6	4	7613228208454380141931008000
1	1	1	6	3	3253613395391397570766774579200
1	1	1	6	2	351401666428654885768130173900800
1	1	1	6	1	3016185055361220482492435118489600
1	1	1	5	5	30524749499950720863709040640
1	1	1	5	4	-296250952554638738706451718845440
1	1	1	5	3	-23506001446672235438930578720324608
1	1	1	5	2	-709431017240072683418325648000625152
1	1	1	5	1	2336893889689672797872645601018716160
1	1	1	4	5	-65090770414323916508164931604480
1	1	1	4	4	623729358336942007477659446432829696
1	1	1	4	3	31687888055192180586217207595667315456
1	1	1	4	2	-224929586900944224820911989047809985920
1	1	1	4	1	-2690006205984626617143429577265445392640
1	1	1	3	5	-3668180171324358345990772015077120
1	1	1	3	4	29459710438775372892162806608900446720
1	1	1	3	3	5113052352762747783692450617389796903872
1	1	1	3	2	375239019569825756421026823921444594976896
1	1	1	3	1	-1649405587038041577462314518317316538860128
1	1	1	2	5	118044283158756563708540258007500960640
1	1	1	2	4	-229604994233274794152326553206791313329088
1	1	1	2	3	-9219775364784506511726867437940974839102560
1	1	1	2	2	181107147091639445195024194340909825429718912
1	1	1	2	1	-230329931187121395322722761077876860520594176
1	1	1	1	5	51072601511851777780859641206215345466240
1	1	1	1	4	-57555682411617118869592372726807864296872640
1	1	1	1	3	-2456279515113020797379662553410997180759570112
1	1	1	1	2	27118384082544561011371232380489051820491773984
1	1	1	1	1	-2105120112155781256073024882407545275335022280
1	1	1	0	5	5102185470171975336014627703557629167933120
1	1	1	0	4	-3739901564552803342559567434191164105339767584
1	1	1	0	3	-163488775434654776778856008107558057245063282992
1	1	1	0	2	1353964487993554038648975327206326310031821069160
1	1	1	0	1	896533396458768572336863560945292641409363470408
1	1	0	9	1	-24546962183040000000000
1	1	0	8	3	2867977799785728000000
1	1	0	8	2	-4123927136656599552000000
1	1	0	8	1	-3909931818302593846080000000
1	1	0	7	5	-30063155524812748800000
1	1	0	7	4	9816335746926569533440000
1	1	0	7	3	8388046016584313223508992000
1	1	0	7	2	863716428963008909544665088000
1	1	0	7	1	127546854009297767953009145856000
1	1	0	6	5	1249017421430887473276518400
1	1	0	6	4	-928356832984113209291970078720
1	1	0	6	3	-270184966345437037325658122416128
1	1	0	6	2	-19515819889596967311973039910848512
1	1	0	6	1	-206007961819031257482174115146576384
1	1	0	5	5	-3330673327220655336431598720000
1	1	0	5	4	16931840693111420359278706865482752
1	1	0	5	3	1063867958091758004519846028844772864
1	1	0	5	2	31138711172408641570657383726531219456
1	1	0	5	1	-58246309423322546659868426391986174208
1	1	0	4	5	4674962577896298075853750677120000
1	1	0	4	4	-27045012897036189819247117875808464000
1	1	0	4	3	-1038141059862464515017201728666518360128
1	1	0	4	2	3715216541310389284776057118468610275584
1	1	0	4	1	87443928067840883968311744492924800932464
1	1	0	3	5	-622986447872128556496102496033651200
1	1	0	3	4	864168249608185343003223754733460891648
1	1	0	3	3	-98450383570712310914812822118819008496832
1	1	0	3	2	-9530985628222648210158620705269566984552960
1	1	0	3	1	36832101659615381134324544285401302710407776
1	1	0	2	5	-3681867366655881012999309555848396404800
1	1	0	2	4	5735917292188988840965508234902671562378752
1	1	0	2	3	184831009406797140720517270643144154389745072
1	1	0	2	2	-3439315347851856447780697007732319547857212448
1	1	0	2	1	4006947000092975336650770600421053452521062888
1	1	0	1	5	-1173457078955512547449683930748163982547200
1	1	0	1	4	1123439039754421785213028151632230020229607296
1	1	0	1	3	40455119617829830356668324172311343857971903008
1	1	0	1	2	-422674011152149892996884694909664938474612392992
1	1	0	1	1	15093622556886552099350565518312138866887748056
1	1	0	0	5	-95017030671029213801396485447591869173264400
1	1	0	0	4	60826606128950468803261381361345188005868916232
1	1	0	0	3	2306168993366041999612317224807794853754809953344
1	1	0	0	2	-18064802154406716613981518302987027059823877360312
1	1	0	0	1	-12485831246457710488470159518926927266285471025689
1	0	10	0	3	-123129901903052678986137600000
1	0	10	0	2	985039215224421431889100800000
1	0	10	0	1	492519607612210715944550400000
1	0	9	1	3	255995633502921374062018560000
1	0	9	1	2	-2458398074366879922449940480000
1	0	9	1	1	617749491362350223567093760000
1	0	9	0	4	371785437792069182447616000000
1	0	9	0	3	166032896258306400110403305472000
1	0	9	0	2	-1267489150395640579041626750976000
1	0	9	0	1	-684610928628867250367591743488000
1	0	8	2	3	-166095775847279612117237760000
1	0	8	2	2	2182084985121308143811297280000
1	0	8	2	1	-3090919515269423980652789760000
1	0	8	1	4	-779898049539550965198028800000
1	0	8	1	3	-323640333574538371949071717171200
1	0	8	1	2	2980004903746784395500365896089600
1	0	8	1	1	-563383077224501473995456066355200
1	0	8	0	4	-452277267151096335370061905920000
1	0	8	0	3	-98736321836162395434602555788124160
1	0	8	0	2	717000920036602317727371151903457280
1	0	8	0	1	416710557480287714957005992607088640
1	0	7	3	3	26859566951327781095178240000
1	0	7	3	2	-768529121768220955818885120000
1	0	7	3	1	2818271058777643076243619840000
1	0	7	2	4	513605991104388921831505920000
1	0	7	2	3	199041762393427633815550456627200
1	0	7	2	2	-2507901599238173768214769891737600
1	0	7	2	1	3230772987121050950693462782771200
1	0	7	1	4	882700785970010461802082041856000
1	0	7	1	3	177357133925017013773013388160352256
1	0	7	1	2	-1562640441414139693170590505907765248
1	0	7	1	1	203168543166741312972859112135294976
1	0	7	0	4	240549844825647697837814153575833600
1	0	7	0	3	34262465910422413150643911643815944192
1	0	7	0	2	-235760843724619110842306175802480889856
1	0	7	0	1	-147035382775337643623056828948110409728
1	0	6	4	3	5427013745577414129500160000
1	0	6	4	2	46115779873139957281259520000
1	0	6	4	1	-841212769464678993668259840000
1	0	6	3	4	-86172841589639472119808000000
1	0	6	3	3	-33123785593935214175413587148800
1	0	6	3	2	860661458669555033161271633510400
1	0	6	3	1	-2834462673068815540990842096844800
1	0	6	2	4	-547059690310995083926286091878400
1	0	6	2	3	-100913072297680043688023428726480896
1	0	6	2	2	1219760880778841988527134014225973248
1	0	6	2	1	-1431859184994484321212462514411585536
1	0	6	1	4	-428346088295614298829318988037652480
1	0	6	1	3	-55638207475206743220112944953844019200
1	0	6	1	2	467657410113762645087747166011823890432
1	0	6	1	1	-34019168902968917624777908231749156864
1	0	6	0	4	-73634507927472814474136443388982005760
1	0	6	0	3	-7708332819376262301674988578160137988096
1	0	6	0	2	50040547612195356004573663898395278200832
1	0	6	0	1	33424006765233320544638577678744219204096
1	0	5	5	3	-897247674085193515008000000
1	0	5	5	2	25268027211272928551731200000
1	0	5	5	1	5838715620107977597747200000
1	0	5	4	4	-17008779287688908218122240000
1	0	5	4	3	-4545063020153475182014296883200
1	0	5	4	2	-69232889672232174110961731174400
1	0	5	4	1	836951799247318492655511866572800
1	0	5	3	4	94669319812455691227477024768000
1	0	5	3	3	16377662416635914489891898398244864
1	0	5	3	2	-394227473611335625808855828775124992
1	0	5	3	1	1176949196655568765778189531432484864
1	0	5	2	4	243132490820772807607646497742856192
1	0	5	2	3	28525324464448460899725738444758138880
1	0	5	2	2	-330216976775049139012315516539376693248
1	0	5	2	1	352894774809523451126232112202658447360
1	0	5	1	4	116846274905795988723845366018932174848
1	0	5	1	3	11057136268609351212331023747469574664192
1	0	5	1	2	-88336777946866578296771438453328581031936
1	0	5	1	1	1452779471017458323989102960507533431808
1	0	5	0	4	14327313814480865285226653219965957244928
1	0	5	0	3	1177605557757253985692381053045267790411776
1	0	5	0	2	-7178120773157315333316709254656570863067136
1	0	5	0	1	-5127508525998234790070838693843983209999872
1	0	4	6	3	-106525198194695420313600000
1	0	4	6	2	-2138623994726415020851200000
1	0	4	6	1	27464441296074178907750400000
1	0	4	5	4	3044470165103473016832000000
1	0	4	5	3	858967135061898423697956864000
1	0	4	5	2	-19107115067409077786071007232000
1	0	4	5	1	-32163420402156615014771859456000
1	0	4	4	4	11552533365492978798460841164800
1	0	4	4	3	1499322230190587698896834418876416
1	0	4	4	2	35546199207176224326446303276040192
1	0	4	4	1	-327865600622984744197435739479916544
1	0	4	3	4	-40961494114476863396113866642554880
1	0	4	3	3	-4301494167217000542175181527456628736
1	0	4	3	2	96826599466082082199561016703514189824
1	0	4	3	1	-263312968935516531557867868535254835200
1	0	4	2	4	-58763718768675562073922549756603174912
1	0	4	2	3	-4945722046341494160004951695390535527936
1	0	4	2	2	54674639473308047197440745427766491092992
1	0	4	2	1	-53037613730939636145471991559843063533056
1	0	4	1	4	-19649540896527303996788048305188172382208
1	0	4	1	3	-1447861225515783027307558842642281876694528
1	0	4	1	2	10948913962930565219582442953954139709642752
1	0	4	1	1	430490817923586367421835759486689358020352
1	0	4	0	4	-1840537370228034048217197859469736662750208
1	0	4	0	3	-123931118239541761943784681752396920914796416
1	0	4	0	2	705778684673827013686352292734784969857373696
1	0	4	0	1	538589925200207411679820682404111830333668352
1	0	3	7	3	-837545920152551424000000
1	0	3	7	2	-348383626621097656320000000
1	0	3	7	1	-1068668490626766176256000000
1	0	3	6	4	364519095304811540152320000
1	0	3	6	3	79258128088335962055966720000
1	0	3	6	2	2021153779416860429174784000000
1	0	3	6	1	-17867695003083587404811059200000
1	0	3	5	4	-2470674687365079972748394496000
1	0	3	5	3	-304761809913122083311691416944640
1	0	3	5	2	5278657284337670943079662441676800
1	0	3	5	1	18267322471049737452284729183600640
1	0	3	4	4	-2836206223895031340823555750682624
1	0	3	4	3	-250639907242501438085873770493976576
1	0	3	4	2	-8752636516777767176310072860803043328
1	0	3	4	1	65557658321064038281247119547407908864
1	0	3	3	4	9073693480094310141251238569388687360
1	0	3	3	3	656313214345825479341369540572120826880
1	0	3	3	2	-13866557090404314687900939817622801888256
1	0	3	3	1	34427799235917308985346167566644705204224
1	0	3	2	4	8372182499373904557389816658576956877312
1	0	3	2	3	540735705215536262178741288550222529917440
1	0	3	2	2	-5687243501280128519341924378018880946683136
1	0	3	2	1	4985697438802371696525589159053621155243520
1	0	3	1	4	2090035914067297703322993571712394381250560
1	0	3	1	3	125184690514365692462061200646815533259771136
1	0	3	1	2	-892086154661275620554047386811825455465461760
1	0	3	1	1	-84550419101438980475531355475541946609290496
1	0	3	0	4	156296376392848914717081870412209564092017536
1	0	3	0	3	8883042576225187227776319705490824915218122368
1	0	3	0	2	-47019328233060903006949956302584976725814577216
1	0	3	0	1	-38302239576869116694663160216034919007695257344
1	0	2	8	3	-1285368201584640000000
1	0	2	8	2	-2781536788229160960000000
1	0	2	8	1	-284730907910424698880000000
1	0	2	7	4	3230798682047024332800000
1	0	2	7	3	1070594075022196093747200000
1	0	2	7	2	196623006180690281690234880000
1	0	2	7	1	1031107766773884150493716480000
1	0	2	6	4	-197410118995312827319576166400
1	0	2	6	3	-21356021220565812024906433290240
1	0	2	6	2	-626627392878949376265039219425280
1	0	2	6	1	3931939041639161955362752702095360
1	0	2	5	4	704717340140305116956127856066560
1	0	2	5	3	51841832642303060836277769113505792
1	0	2	5	2	-659654297165953207564067253641674752
1	0	2	5	1	-3958748834281722041351921088719044608
1	0	2	4	4	295911459728567472332210469360758784
1	0	2	4	3	22316028685928143891609498757434427904
1	0	2	4	2	1130514505674768139094670893661307404288
1	0	2	4	1	-7107816917073213159059088398713246571520
1	0	2	3	4	-1095198993416395443472439055923751874560
1	0	2	3	3	-58646963722508762177689544364960648992256
1	0	2	3	2	1163102543473192721423531421470293823737344
1	0	2	3	1	-2638586224253791342857831050415505071483648
1	0	2	2	4	-704930509772163057937495920376358581408512
1	0	2	2	3	-36513060747126520774465978995763193049777024
1	0	2	2	2	363777955829576782110584526547798776556800768
1	0	2	2	1	-286553754718547449452762500608612885123209696
1	0	2	1	4	-137515755455514801923016297521459066752062720
1	0	2	1	3	-6902434638727674161823719974424323824828213888
1	0	2	1	2	46137290257248615976185508260832252108656333696
1	0	2	1	1	6921985529267542162336624494750353597357538720
1	0	2	0	4	-8468163693561267547751285462485028367947503296
1	0	2	0	3	-415412620575340129689559885104165751064771794368
1	0	2	0	2	2032908444267971570556908568944882620781886217920
1	0	2	0	1	1766852408936627955529690002408053051695015092264
1	0	1	9	2	-4284560671948800000000
1	0	1	9	1	-2309378202180403200000000
1	0	1	8	4	6683914648240128000000
1	0	1	8	3	5948169889653080064000000
1	0	1	8	2	1123502272399002886963200000
1	0	1	8	1	114889050675604809444556800000
1	0	1	7	4	-1211587262430261112332288000
1	0	1	7	3	-302556983816827885543391232000
1	0	1	7	2	-34426470894996612654825272524800
1	0	1	7	1	-256586879739409280132489172172800
1	0	1	6	4	34148154784920248811434896760832
1	0	1	6	3	2531002466348291014277293589004288
1	0	1	6	2	79725488736024831289299466635694080
1	0	1	6	1	-341623324694684814985831006790295552
1	0	1	5	4	-85510621809653497253996197618003968
1	0	1	5	3	-4314147308911337298792826837693022208
1	0	1	5	2	35657318861838416461844973853892846592
1	0	1	5	1	374639906969034435589545711674485604352
1	0	1	4	4	-10235001883024896576961219365428771328
1	0	1	4	3	-986332089132434326061415668192008040448
1	0	1	4	2	-73968471207786876246349757105066819308800
1	0	1	4	1	397980586819463920499795957424678377677824
1	0	1	3	4	68687246290207187850271059995775599998464
1	0	1	3	3	2857933882783235363478193176354629738035200
1	0	1	3	2	-53074151282203519342918091142076652732087808
1	0	1	3	1	110010897539335859595791104490351719208966208
1	0	1	2	4	32540372963253531860259208483963983768680448
1	0	1	2	3	1395139778114566849187973060203321393801904768
1	0	1	2	2	-13104360925644574206188363592605673344681133696
1	0	1	2	1	9211883309288897349122859845125112392532424096
1	0	1	1	4	5122867695747380767084439516717173683906421632
1	0	1	1	3	220487949396405790243960295583183997882789826688
1	0	1	1	2	-1375850073929342367721864648586937940034929920960
1	0	1	1	1	-282159535647120756627001776005428074537187495824
1	0	1	0	4	265816536092218208243295697022513993165386418208
1	0	1	0	3	11453044702042541620872984877715211714799731363744
1	0	1	0	2	-51540248568611967073110462724310923825413651193296
1	0	1	0	1	-47780117106599766092988698005467600370075419798120
1	0	0	10	1	-3570467226624000000000
1	0	0	9	3	11139857747066880000000
1	0	0	9	2	1032750504366538752000000
1	0	0	9	1	514401269390489124864000000
1	0	0	8	4	-1338813811406529331200000
1	0	0	8	3	-1102944752776745567723520000
1	0	0	8	2	-99847280779877494440640512000
1	0	0	8	1	-10833857966499616701165984768000
1	0	0	7	4	106483473074765961277577625600
1	0	0	7	3	24172481264292191453050641162240
1	0	0	7	2	1915748223942692587403599757918208
1	0	0	7	1	18836383007313984345795907514155008
1	0	0	6	4	-1911136466747384485879642169167872
1	0	0	6	3	-112615213280637873735148361414916096
1	0	0	6	2	-3600408083770242021243405449697288192
1	0	0	6	1	9191120100697319938179300982976265216
1	0	0	5	4	3768437121810005521219946034147821568
1	0	0	5	3	142498432068923544575949166834411458048
1	0	0	5	2	-567175063863262826503898088374196384768
1	0	0	5	1	-12936722207874701212557202894215480216576
1	0	0	4	4	-107504653612874161438022398436147035392
1	0	0	4	3	16041439745711140789461875056046620624512
1	0	0	4	2	1935683905927208595787474437870914016098304
1	0	0	4	1	-9020852887557308570095001979505830940484064
1	0	0	3	4	-1755475780740292253063763747293553489406464
1	0	0	3	3	-58828365821198925519855202264834729946734848
1	0	0	3	2	1018748472204325233979914891630198954944403456
1	0	0	3	1	-1928620765574954652261184419734487090015778368
1	0	0	2	4	-636166679885026649592586254952082433467952768
1	0	0	2	3	-23130211466016398713141702698919440050258994240
1	0	0	2	2	203814342831845954283040110248084320110846173952
1	0	0	2	1	-126843054917864112850554766246411755147571530192
1	0	0	1	4	-82798701663793592677346367172566740602597285632
1	0	0	1	3	-3111477297897910761133030752894237707817604898976
1	0	0	1	2	18039625475124532402750820164616939844912026421312
1	0	0	1	1	4688037585988939089721412885024972363826649526256
1	0	0	0	4	-3685283716171968153963288049500477364703524432848
1	0	0	0	3	-141435056360012835754945496829767532417308719831608
1	0	0	0	2	582120701908302069518349255284379446309920572415296
1	0	0	0	1	575604836611109816427840847143610894261267741055058
0	10	0	0	1	9992469972512372400000000
0	9	1	0	2	-83936747769103928160000000
0	9	1	0	1	-1019631586287564059040000000
0	9	0	1	1	-292164487202148996600000000
0	9	0	0	3	378674642078328864470400000
0	9	0	0	2	-16263758661762915518054400000
0	9	0	0	1	354696772379505569670650400000
0	8	2	0	3	14389156760417816256000000
0	8	2	0	2	8248343876086346138304000000
0	8	2	0	1	16317988972001414626176000000
0	8	1	1	2	1327031079598655964720000000
0	8	1	1	1	18570563260934747992560000000
0	8	1	0	4	-1084942419735503345702400000
0	8	1	0	3	183065029318180094131157760000
0	8	1	0	2	-3934231026706215773845041600000
0	8	1	0	1	-3519694668529625261220573120000
0	8	0	2	1	2386062670754739610800000000
0	8	0	1	3	-4927095922115880091497600000
0	8	0	1	2	203877256373023098877344000000
0	8	0	1	1	-5620632275000416157584999200000
0	8	0	0	5	2622423819586147012656000000
0	8	0	0	4	-393891327964739376259171200000
0	8	0	0	3	-14886220793777463388606487884800
0	8	0	0	2	322432732076441534641090122508800
0	8	0	0	1	201743263038729428881092962193600
0	7	3	0	3	-1433735508029089486003200000
0	7	3	0	2	-106012401855321952794009600000
0	7	3	0	1	142808747662744240555929600000
0	7	2	1	3	-219268666925245127520000000
0	7	2	1	2	-40471124814384609349152000000
0	7	2	1	1	-178632000150226231184208000000
0	7	2	0	4	-9469933287155023305807360000
0	7	2	0	3	2784845867826438836001168768000
0	7	2	0	2	26354062670003918290152137088000
0	7	2	0	1	-57103732256021254731792542400000
0	7	1	2	2	-2531133867452528695680000000
0	7	1	2	1	-68361171811942202137440000000
0	7	1	1	4	623486314007524071561600000
0	7	1	1	3	84272644883453995870934400000
0	7	1	1	2	14331367867849095982662391680000
0	7	1	1	1	25698136137870490446795384960000
0	7	1	0	5	32635680143069367552038400000
0	7	1	0	4	-2920473377585792374891090291200
0	7	1	0	3	-546919531762274416469147344611840
0	7	1	0	2	-2087720449089210171866571690522240
0	7	1	0	1	7706429735023419377127301286467200
0	7	0	3	1	-3672582475636274927400000000
0	7	0	2	3	5352438115260151794741600000
0	7	0	2	2	227396539749584370032812800000
0	7	0	2	1	10956189937163169594688516800000
0	7	0	1	5	-188286616736028131904000000
0	7	0	1	4	15548033780784273172478400000
0	7	0	1	3	-11167026415978759851492640396800
0	7	0	1	2	-1107018222693735905662350940416000
0	7	0	1	1	-754366337872581313767346113319200
0	7	0	0	5	-4003051425511181296812939072000
0	7	0	0	4	468989525505028364317607254214400
0	7	0	0	3	28429454936378726711465586142636800
0	7	0	0	2	52514337086009538518719271904715008
0	7	0	0	1	-352435589708969903284188826625761488
0	6	4	0	3	20139820443352228916920320000
0	6	4	0	2	-1594496017051023250112348160000
0	6	4	0	1	-52388972895552446980154880000
0	6	3	1	3	6419340992518218071308800000
0	6	3	1	2	-50390164528145462063174400000
0	6	3	1	1	-2860876249720638124997491200000
0	6	3	0	4	-94727546198168239042993152000
0	6	3	0	3	-382586634384720807886491801600
0	6	3	0	2	755941468660666572210067304524800
0	6	3	0	1	42462593156373901886013319526400
0	6	2	2	3	308612281891721989248000000
0	6	2	2	2	55700257446384898214016000000
0	6	2	2	1	-160164513981644228747424000000
0	6	2	1	4	-12937408499550326158391040000
0	6	2	1	3	-3100712710716320638572534528000
0	6	2	1	2	27661014564239073649700568960000
0	6	2	1	1	1057464192284430781750719162048000
0	6	2	0	5	110944987724469166876730880000
0	6	2	0	4	19628145617794229892375843056640
0	6	2	0	3	-1326730270031092960088054318989056
0	6	2	0	2	-136575645589020880458943626469047552
0	6	2	0	1	-12092734832635312348472422349953536
0	6	1	3	2	1558795152237433923600000000
0	6	1	3	1	75566311949691716659920000000
0	6	1	2	4	-419252295418605939873600000
0	6	1	2	3	-247707581324415054323944320000
0	6	1	2	2	-15553826999848063406314235520000
0	6	1	2	1	40310989040470555956667622400000
0	6	1	1	5	-7777359954363047549702400000
0	6	1	1	4	5559628159515818021531612428800
0	6	1	1	3	465846343981385599371428587445760
0	6	1	1	2	-3982093818747782059946221803933120
0	6	1	1	1	-134037774832961424556092631451071680
0	6	1	0	5	-23987645953846728172831412121600
0	6	1	0	4	-1190424504808303120166076153774720
0	6	1	0	3	200963993393036712704227018004285568
0	6	1	0	2	11131207993029672608425233079776263136
0	6	1	0	1	1449656039739940944552503861008141728
0	6	0	4	1	1721634872255396539200000000
0	6	0	3	3	-1976686069055225429664000000
0	6	0	3	2	-298498653267224320130126400000
0	6	0	3	1	-10866815548943496625559613600000
0	6	0	2	5	-880696023276747583116000000
0	6	0	2	4	235890274531206562115184000000
0	6	0	2	3	26807982227743354772417887104000
0	6	0	2	2	1083871533979276022794369394851200
0	6	0	2	1	-2399699506470178432824233854732800
0	6	0	1	5	1154854049595397624592245728000
0	6	0	1	4	-525956873148449439026555791756800
0	6	0	1	3	-22214601329236097890010489741067840
0	6	0	1	2	161509115147588528115308405689467072
0	6	0	1	1	5841381926293729394275522854372760560
0	6	0	0	5	1224448192770795782275978991635200
0	6	0	0	4	32126486455981830966346100399008320
0	6	0	0	3	-8626644468810663153091514921366242272
0	6	0	0	2	-344270164324708673356868333162656367904
0	6	0	0	1	-62629727100040088825120619706664799048
0	5	5	0	3	245721849172149500361768960000
0	5	5	0	2	-5642511276361283344934138880000
0	5	5	0	1	-1568442705785802183638615040000
0	5	4	1	3	11343115097001225236989440000
0	5	4	1	2	2062250700030227333868871680000
0	5	4	1	1	-9487686844472421286295746560000
0	5	4	0	4	-628554136375024741673588736000
0	5	4	0	3	-133855047979973908584768193996800
0	5	4	0	2	3261189192450483525107993592422400
0	5	4	0	1	1008137611235903464850316571699200
0	5	3	2	3	-6303660410249933809766400000
0	5	3	2	2	336112010384163813631872000000
0	5	3	2	1	2810941093833178666410662400000
0	5	3	1	4	-8746085237384525756145408000
0	5	3	1	3	-13311179295503605209618202828800
0	5	3	1	2	-1067828910577497927416819843481600
0	5	3	1	1	4435878395118175167110584852915200
0	5	3	0	5	35623783611627476922915840000
0	5	3	0	4	301214224761206444523917401144320
0	5	3	0	3	29994756416763075315020278922890752
0	5	3	0	2	-752126921884902227356269216802515456
0	5	3	0	1	-258496743687388622222551111372336128
0	5	2	3	3	-90872150731147535904000000
0	5	2	3	2	-23751053338194800186976000000
0	5	2	3	1	532081969899669858692592000000
0	5	2	2	4	19122053572005385852454400000
0	5	2	2	3	1213096835010867937687534464000
0	5	2	2	2	-125202239931186309834930557952000
0	5	2	2	1	-1173842176032067311421717309056000
0	5	2	1	5	-49029256262796343340820480000
0	5	2	1	4	12636731094524092886470318264320
0	5	2	1	3	4059164367046066480065639022149504
0	5	2	1	2	208723388189033804068485347700198528
0	5	2	1	1	-773068556190090972377132058316527936
0	5	2	0	5	9507150904239230399001134899200
0	5	2	0	4	-56732406590701194614695125902995200
0	5	2	0	3	-3474992226733876473086554967545827264
0	5	2	0	2	86372118100851630933931586692008389568
0	5	2	0	1	32945037523379487515558136668027308704
0	5	1	4	2	-142461208865260867680000000
0	5	1	4	1	-21521657896716539812320000000
0	5	1	3	4	170641024825621467168000000
0	5	1	3	3	78002967112630422272092800000
0	5	1	3	2	5522268499566423693588950400000
0	5	1	3	1	-129471352196622669954213819840000
0	5	1	2	5	-8407256365951378320096000000
0	5	1	2	4	-3985167002001807830461121376000
0	5	1	2	3	-23108528774771368627200227596800
0	5	1	2	2	15591263171041795227292264772488320
0	5	1	2	1	163147223887304158912574162074158720
0	5	1	1	5	13352388004875278403757451059200
0	5	1	1	4	-2887551815471839744469689589000640
0	5	1	1	3	-479812354250437051148049131249883072
0	5	1	1	2	-18227440872092992853896156055803097088
0	5	1	1	1	59250077541145044453684385219698286560
0	5	1	0	5	-4219471345945324417237929419020800
0	5	1	0	4	4967905077093921105510480944278427040
0	5	1	0	3	208651931623420030816525990106073498528
0	5	1	0	2	-4927396662937602446383246258333379739168
0	5	1	0	1	-2080204425420224014923128945254910492784
0	5	0	5	1	26565548145032044800000000
0	5	0	4	3	-100420913734384943988000000
0	5	0	4	2	47757518580896241338376000000
0	5	0	4	1	3225342346406687700983995200000
0	5	0	3	5	141348380005618431480000000
0	5	0	3	4	-68051402757414397560240000000
0	5	0	3	3	-8819202663820474961691293712000
0	5	0	3	2	-321665967163974725474744193120000
0	5	0	3	1	7696440822447400235269643820432000
0	5	0	2	5	1048842071620929816436970640000
0	5	0	2	4	211223435006986670487888913910400
0	5	0	2	3	-3607652118525428487145401250157520
0	5	0	2	2	-649723691367711841828511994778592928
0	5	0	2	1	-7548389988750611305494069532185637344
0	5	0	1	5	-897155830082718008406536456102400
0	5	0	1	4	178975589668157134495485274270033440
0	5	0	1	3	19807247034996749508033045316150685568
0	5	0	1	2	598804200692938743143564246254739513424
0	5	0	1	1	-1670991039765048846747713953507326244872
0	5	0	0	5	307455375222740683579560338487232800
0	5	0	0	4	-168844840721111738181911553918393810480
0	5	0	0	3	-5196725940236226545691009104209975565676
0	5	0	0	2	111409811597406366884182086999369743177664
0	5	0	0	1	51875006463709031219905271923504693679340
0	4	6	0	3	630297682797272115778283520000
0	4	6	0	2	-8947884425123471416713308160000
0	4	6	0	1	-3202533808922757541470382080000
0	4	5	1	3	-228672478325555223067238400000
0	4	5	1	2	7452069756404252767917004800000
0	4	5	1	1	-13611530667744139565786572800000
0	4	5	0	4	-1518687799622391739446779904000
0	4	5	0	3	-426033004490600340872520708710400
0	4	5	0	2	5913490838887468085064832919347200
0	4	5	0	1	2297080118242178703394422613401600
0	4	4	2	3	-42492401733513187262361600000
0	4	4	2	2	-89510968289169313237324800000
0	4	4	2	1	10980714918876957319401100800000
0	4	4	1	4	612216551925907781112677376000
0	4	4	1	3	130114005578800811608175985254400
0	4	4	1	2	-4522999482423133902066010783795200
0	4	4	1	1	7356093695779668236431689403238400
0	4	4	0	5	-142641018426971374997322240000
0	4	4	0	4	908196606478228512936479329935360
0	4	4	0	3	120897223005288247902915080609958912
0	4	4	0	2	-1611612255408225937867645263695149056
0	4	4	0	1	-679248111638873430331330544565435648
0	4	3	3	3	594142144550434475712000000
0	4	3	3	2	-180252249402882303168480000000
0	4	3	3	1	552720809691339138799488000000
0	4	3	2	4	112764770834295204153506304000
0	4	3	2	3	20628050450442576201650248704000
0	4	3	2	2	119400389218633880798953369344000
0	4	3	2	1	-5494319167264834120029534928896000
0	4	3	1	5	-101338390280049308611453440000
0	4	3	1	4	-321783127829564973865520824719360
0	4	3	1	3	-29763164761521655320541429873185024
0	4	3	1	2	1090541612802142651769132329330814592
0	4	3	1	1	-1555387475148051545118506175838462464
0	4	3	0	5	93504626437868083167670253721600
0	4	3	0	4	-218901010846266795657142336885240320
0	4	3	0	3	-18436700237536462137500244417177428352
0	4	3	0	2	231429229158500969658401280061073276352
0	4	3	0	1	105735726040719930464890596884808254976
0	4	2	4	3	-27505021755182443200000000
0	4	2	4	2	-2061826536027683963520000000
0	4	2	4	1	-174989515894306582194720000000
0	4	2	3	4	-2502605136687137693683200000
0	4	2	3	3	279987067638817309511815680000
0	4	2	3	2	67257695774863904172626880000000
0	4	2	3	1	-113531463157140710789284226880000
0	4	2	2	5	-16334416251280589994005760000
0	4	2	2	4	-43694216067202468234956368156160
0	4	2	2	3	-3989233723968771710060092867372800
0	4	2	2	2	-37132238498099922579408182078446080
0	4	2	2	1	1017362988024170778423790621791269760
0	4	2	1	5	35418291024471733466594178278400
0	4	2	1	4	64592329374349537853722845626075520
0	4	2	1	3	3455620563544805993099096651035086720
0	4	2	1	2	-130396983756324380544061270194024089088
0	4	2	1	1	159841143089700587756687933444831567904
0	4	2	0	5	-20525280662702956883038365588019200
0	4	2	0	4	26483892853530777733069191315162624960
0	4	2	0	3	1592101586252840072228053976463208534656
0	4	2	0	2	-18427544986262056240763493578921165409024
0	4	2	0	1	-9114188461246997559214639759581304148208
0	4	1	5	2	-188940750655753630080000000
0	4	1	5	1	-5163586100123718798720000000
0	4	1	4	4	39771435859972771608000000
0	4	1	4	3	17624445270446892141129600000
0	4	1	4	2	838549681446575978989430400000
0	4	1	4	1	44018948437945925228080560000000
0	4	1	3	5	2543124438277628761008000000
0	4	1	3	4	102932291154174807688591392000
0	4	1	3	3	-97595652565133842388308197926400
0	4	1	3	2	-8509703152979567342052848436825600
0	4	1	3	1	1270636291287963624018811952044800
0	4	1	2	5	3017040542593035413180963270400
0	4	1	2	4	5920078572690239472634735376358240
0	4	1	2	3	363472595431989620975573569083535680
0	4	1	2	2	4404227230148634761489935573430852928
0	4	1	2	1	-82382362041749951698467603529044644928
0	4	1	1	5	-3890427418400632431530017874313600
0	4	1	1	4	-5895944948072353956684671846132589600
0	4	1	1	3	-206158420585207466813877497152904228832
0	4	1	1	2	7718484391326880446303427919605542859680
0	4	1	1	1	-7910465780503076094621225409579100073936
0	4	1	0	5	1829877976367493028023509198979984000
0	4	1	0	4	-1598884868101235825200947388990346377800
0	4	1	0	3	-73682404287468422962058165470472301883104
0	4	1	0	2	769208014004780984855854031958418915952736
0	4	1	0	1	411220733741492033049662877620198491981080
0	4	0	6	1	-239851815222899548800000000
0	4	0	5	3	301381194184247626027200000
0	4	0	5	2	30811299445261267493212800000
0	4	0	5	1	688655988216032941197187200000
0	4	0	4	5	72477796319958340980000000
0	4	0	4	4	-19428020804584089985608000000
0	4	0	4	3	-1698938955877085097525801936000
0	4	0	4	2	-78076124273077059759544948896000
0	4	0	4	1	-2692744059574909840381583356800000
0	4	0	3	5	-363550731520087189155203280000
0	4	0	3	4	35022240291677910325677582220800
0	4	0	3	3	6483078047056387935483826457456160
0	4	0	3	2	368182073649112613221194605825792064
0	4	0	3	1	525855419202900088146488058733120704
0	4	0	2	5	-104456458289958975811236331306800
0	4	0	2	4	-281315385591403890511373195881081440
0	4	0	2	3	-12977051525602058526007890102105657240
0	4	0	2	2	-182096289754744711558700466916702320528
0	4	0	2	1	2451108523914020510908067698122718794240
0	4	0	1	5	128854170986497216996504018059291600
0	4	0	1	4	207154372191296600128247007252025118400
0	4	0	1	3	5117161274938880612644717295321611970016
0	4	0	1	2	-180496997732474834841322434311087308027248
0	4	0	1	1	148748742692952774142349628046784857404024
0	4	0	0	5	-55691251990208153794421644192258081500
0	4	0	0	4	38215511671959373163811635212362945759960
0	4	0	0	3	1423866669333085556219093825606851049172138
0	4	0	0	2	-13101467136319655445813891942975388195348764
0	4	0	0	1	-7560653664800994601745212202496042098422740
0	3	7	0	3	669514793613479055512064000000
0	3	7	0	2	-9006043606533718963064524800000
0	3	7	0	1	-3206577991982321670011596800000
0	3	6	1	3	-603719597795812102420254720000
0	3	6	1	2	12263418059280291118632591360000
0	3	6	1	1	-12018422641283794608495851520000
0	3	6	0	4	-1670775344382267649633241088000
0	3	6	0	3	-502202856345908595807122686771200
0	3	6	0	2	6805013134266324474752901561753600
0	3	6	0	1	2568819739941039210289143587020800
0	3	5	2	3	-57049956387641588380784640000
0	3	5	2	2	-1945529581388467738632698880000
0	3	5	2	1	19073129134292029853351746560000
0	3	5	1	4	1557723356652949116654790656000
0	3	5	1	3	414588457800980828919441968025600
0	3	5	1	2	-8617648991797875055410658301644800
0	3	5	1	1	7446083776886576747031775484313600
0	3	5	0	5	-7529099128574972867297280000
0	3	5	0	4	1129157238573090950407296856289280
0	3	5	0	3	160152879041390361626026179255816192
0	3	5	0	2	-2183928268725646373053315013113437696
0	3	5	0	1	-870126883417450205507642224831170048
0	3	4	3	3	5804189680245977683699200000
0	3	4	3	2	-898139066840442015030604800000
0	3	4	3	1	-1718845959247180601179968000000
0	3	4	2	4	120163522582140873820591104000
0	3	4	2	3	35618033043302789538474391756800
0	3	4	2	2	1360067671605144260911026199449600
0	3	4	2	1	-11388549888839118315602615938099200
0	3	4	1	5	-121060905408547151510384640000
0	3	4	1	4	-967911990655724213507544589056000
0	3	4	1	3	-118136622754151772434732513651099904
0	3	4	1	2	2504357577474682541930388770380042752
0	3	4	1	1	-1876909128304626543958587747069560064
0	3	4	0	5	6382338272165893309696498636800
0	3	4	0	4	-314887374411939831497885815691013120
0	3	4	0	3	-28079338987757222798209480910336860800
0	3	4	0	2	385774118726010934490094057897439473408
0	3	4	0	1	161238870569242585147762709834536717056
0	3	3	4	3	730686947183530016256000000
0	3	3	4	2	-57933829519112855788416000000
0	3	3	4	1	-1390001012471961336051072000000
0	3	3	3	4	-20370302535843263485193472000
0	3	3	3	3	-134789985567028514394443520000
0	3	3	3	2	455946341671911642108133600512000
0	3	3	3	1	1148927014880339056385555404800000
0	3	3	2	5	56153420967407742828426240000
0	3	3	2	4	-54118097663302481095287963970560
0	3	3	2	3	-9379368572762768237356392923986944
0	3	3	2	2	-372276246862287423362688486883204608
0	3	3	2	1	2691000251920442426123296309407008256
0	3	3	1	5	47617290421300878828212332800000
0	3	3	1	4	239981967271043576841366877075781760
0	3	3	1	3	17894839776851283500392856674038493056
0	3	3	1	2	-385152618265342406401353755170176328320
0	3	3	1	1	245356044551080661914809993774759352320
0	3	3	0	5	-660239323581050472924051676300800
0	3	3	0	4	46178833385132981932311292527417286080
0	3	3	0	3	2911911506446739351009048238393625771584
0	3	3	0	2	-40496775297491252700610341250299900888384
0	3	3	0	1	-17615095612517709991832441547529377874944
0	3	2	5	3	16672687680882083328000000
0	3	2	5	2	2714059058773885540992000000
0	3	2	5	1	-116210003221764516753792000000
0	3	2	4	4	-2061259321718331341164800000
0	3	2	4	3	-100015149450199708407041280000
0	3	2	4	2	23796794272395480227100599040000
0	3	2	4	1	563357296833694102789138725120000
0	3	2	3	5	14649570838070798189863680000
0	3	2	3	4	5828546582889378589745287649280
0	3	2	3	3	-542604398844077067138987537815040
0	3	2	3	2	-86822890476713380332442210731402240
0	3	2	3	1	-269301258268805764872839770964017920
0	3	2	2	5	-28122016504913575060255763673600
0	3	2	2	4	9240345887770007259621952069226880
0	3	2	2	3	1285859910625099046120927326969901952
0	3	2	2	2	50009947645186681787900289002210944128
0	3	2	2	1	-314491547720542818053097011443342596480
0	3	2	1	5	-6038771485589357959380409018848000
0	3	2	1	4	-29654710979678775806600698888982587200
0	3	2	1	3	-1520597002826937255608735769498457675680
0	3	2	1	2	33055632928754801135382189898796706103392
0	3	2	1	1	-17444573519363809148733106857912207634320
0	3	2	0	5	-197526612255049560626393794081459200
0	3	2	0	4	-3731728022230034970191035182041022957120
0	3	2	0	3	-177519177296124359955049018003364831470032
0	3	2	0	2	2525913820629972013808237573816140149680688
0	3	2	0	1	1131742378630391847369167087021087906499144
0	3	1	6	2	66944205249002674560000000
0	3	1	6	1	2464532915764983569280000000
0	3	1	5	4	-35076072832986165523200000
0	3	1	5	3	-9904796483687495869259520000
0	3	1	5	2	-672139536891734030725209600000
0	3	1	5	1	32344757449627933195932983040000
0	3	1	4	5	586354884398765751312000000
0	3	1	4	4	494869067226492078273218496000
0	3	1	4	3	-13197398096591781068231475724800
0	3	1	4	2	-3243575106503069936336207693568000
0	3	1	4	1	-76200505218294584738921081240371200
0	3	1	3	5	-4029135328564406077299003763200
0	3	1	3	4	-468539568103611648112271417819520
0	3	1	3	3	96783927818252198826721763621301120
0	3	1	3	2	7344966382699923001709699292244608768
0	3	1	3	1	26769044148134053293098095179884920704
0	3	1	2	5	4497626580423228426891409103592000
0	3	1	2	4	-705589538451054999414084186706213920
0	3	1	2	3	-90189340520571570709435274754181387488
0	3	1	2	2	-3302393926899917145831513472799551621728
0	3	1	2	1	18188910831394234826221213311622112422368
0	3	1	1	5	224794112463225567072739207307275200
0	3	1	1	4	1823106504204744126630014407484534424480
0	3	1	1	3	68710960534054387759228157412493881325728
0	3	1	1	2	-1501052570336004943512377848219311903347232
0	3	1	1	1	634311472681629936584217214648046947814400
0	3	1	0	5	38560574595158884613550900833285533200
0	3	1	0	4	156011785817077775937984547758792360427080
0	3	1	0	3	5832472644731752177039793650925217579364056
0	3	1	0	2	-86672533688713230562006235917636296009788568
0	3	1	0	1	-39476390982561402335223860419013785141592424
0	3	0	7	1	65191063441431974400000000
0	3	0	6	3	-86083364984252857084800000
0	3	0	6	2	-10910220910265685758400000000
0	3	0	6	1	-363212475338223728268681600000
0	3	0	5	5	-16514115923047606992000000
0	3	0	5	4	9292545636354071551382400000
0	3	0	5	3	1027949034358676819986817241600
0	3	0	5	2	41549329286219082033911225894400
0	3	0	5	1	-2256448279380206528277914435827200
0	3	0	4	5	-75924867688220482981539840000
0	3	0	4	4	-30394946353931823907712122214400
0	3	0	4	3	1832002144944941899401827139069120
0	3	0	4	2	146315332183170559266130654112410368
0	3	0	4	1	3443376341337057908128550310509167488
0	3	0	3	5	275672275587724424278888590638400
0	3	0	3	4	7579783533149683059064899053056320
0	3	0	3	3	-4783282037815570072419948137017041600
0	3	0	3	2	-232550839225387802038857239427445527264
0	3	0	3	1	-962127460935632632472782244130539280096
0	3	0	2	5	-232296167348612755952555331346449600
0	3	0	2	4	19942624520312694355513153234372374720
0	3	0	2	3	2547359357212943650658517864759993539160
0	3	0	2	2	85807781018611240816834577648692697418336
0	3	0	2	1	-417286736762205553173038612571050127934908
0	3	0	1	5	2724573429636674549187233525785347600
0	3	0	1	4	-44456153697994902664056414454192422885120
0	3	0	1	3	-1287773800447494163576571630765907623936640
0	3	0	1	2	28181655809704455462360569016910602762207408
0	3	0	1	1	-9086926210173370904660537146768879143692112
0	3	0	0	5	-1763282184820699371892814450179609524000
0	3	0	0	4	-2595678710846015466047123129119991504887800
0	3	0	0	3	-78313633594771022770998621532417391181536730
0	3	0	0	2	1262343333203403105005089758210857398412619564
0	3	0	0	1	574508970583515508499915917676720320592138691
0	2	8	0	3	625701472735866260394516480000
0	2	8	0	2	-9325874332950451965787299840000
0	2	8	0	1	-3470663773841934153951313920000
0	2	7	1	3	-891762051120376705296629760000
0	2	7	1	2	16859554881685604254289940480000
0	2	7	1	1	-10376233451594410284418498560000
0	2	7	0	4	-1527019069260285419763548160000
0	2	7	0	3	-549402174526909259532828299673600
0	2	7	0	2	8400790785211008615990657486028800
0	2	7	0	1	3270259899096332237191406485094400
0	2	6	2	3	66776669686324589304821760000
0	2	6	2	2	-6673192117985792348680366080000
0	2	6	2	1	25599255702074475905664552960000
0	2	6	1	4	2173563147998494603293253632000
0	2	6	1	3	722763976418239718228598586368000
0	2	6	1	2	-13986512485670975460906347182080000
0	2	6	1	1	7777667469902188294177486838784000
0	2	6	0	5	-93086531448450578056857600000
0	2	6	0	4	1225461303399322366312453370265600
0	2	6	0	3	210663683067200330858960337109797888
0	2	6	0	2	-3306611132063674006879193217704930304
0	2	6	0	1	-1341996938552176887606776079575703552
0	2	5	3	3	113406690532514668392867840000
0	2	5	3	2	-1179696532543787824939422720000
0	2	5	3	1	-9319200855434809820093583360000
0	2	5	2	4	-193162571401448282008476672000
0	2	5	2	3	-50130696369839431491423013478400
0	2	5	2	2	5251677292937511703240840094515200
0	2	5	2	1	-18350415344049446407270022156390400
0	2	5	1	5	139604949506117899870801920000
0	2	5	1	4	-1611167436523815947822493474693120
0	2	5	1	3	-250706028770801388983115131666586624
0	2	5	1	2	4957409657884261091867770768517555712
0	2	5	1	1	-2475545275053841413094994849919381504
0	2	5	0	5	85388304730621318451895108096000
0	2	5	0	4	-421066467853453927666945786271708160
0	2	5	0	3	-46086912731501057157245411490972334080
0	2	5	0	2	743194880519938324291578127759414454016
0	2	5	0	1	313370247830546500526231013321825193728
0	2	4	4	3	12246108492993921360691200000
0	2	4	4	2	517284051547073424113664000000
0	2	4	4	1	-2147194414698961700130739200000
0	2	4	3	4	-279097871958406775025662976000
0	2	4	3	3	-73046823198461825045436439142400
0	2	4	3	2	626521756679084047882998658867200
0	2	4	3	1	6418679033367152617351920872601600
0	2	4	2	5	65552242964092021866055680000
0	2	4	2	4	154255651569505275730841684183040
0	2	4	2	3	15013307557881082258680157037273088
0	2	4	2	2	-1708911439942113578944201907088635904
0	2	4	2	1	5450130610500219687785742009070975488
0	2	4	1	5	-121253657936304238986597400627200
0	2	4	1	4	498107061845901850892882789624924160
0	2	4	1	3	48295363689315994789596725549869330944
0	2	4	1	2	-973492970063564010099019934742279095808
0	2	4	1	1	433848337139751387716492984856268695168
0	2	4	0	5	-31055378571385606089310274528774400
0	2	4	0	4	80327819726281599944522107956715987200
0	2	4	0	3	6292964843026457055795857314198310100480
0	2	4	0	2	-104382177459882696328597180293143197321344
0	2	4	0	1	-45565029218911970797514425661871825381888
0	2	3	5	3	-70597269075858654873600000
0	2	3	5	2	71472620513073470684083200000
0	2	3	5	1	559339275653805966845644800000
0	2	3	4	4	-29294279052486646856972544000
0	2	3	4	3	-7578407263306655611854263808000
0	2	3	4	2	-297135133911549975412746819072000
0	2	3	4	1	956832392429884214396942257152000
0	2	3	3	5	-11047135932199739891266560000
0	2	3	3	4	156939938800647820598589585822720
0	2	3	3	3	19137511485845809393509371207070720
0	2	3	3	2	-124545743096399689636080364243345920
0	2	3	3	1	-1745170988889601903369716203094789120
0	2	3	2	5	-30948131234368899263819916057600
0	2	3	2	4	-47729545746488907199167441652214400
0	2	3	2	3	-2302503124490638748815996369566302976
0	2	3	2	2	294475436555742278097561830749214089728
0	2	3	2	1	-858805650685880479062019573631542688256
0	2	3	1	5	39340625709777868837791636717945600
0	2	3	1	4	-82282205670764658625644728568233892480
0	2	3	1	3	-5585995048906966626783976628320676933760
0	2	3	1	2	114426598878373002307723498190798308124736
0	2	3	1	1	-45226818617858427113212666190267905717824
0	2	3	0	5	5823471404313324080285705939359497600
0	2	3	0	4	-9192597753193417393291004403027168398880
0	2	3	0	3	-549239552530721745625502858031876358012800
0	2	3	0	2	9385546046540510995955689561464569113496736
0	2	3	0	1	4227079386108323445948025612877208452328864
0	2	2	6	3	-1948899367896410880000000
0	2	2	6	2	52939785300360735744000000
0	2	2	6	1	85598960352582748703616000000
0	2	2	5	4	290328501897653366085120000
0	2	2	5	3	-121006157655657258182382336000
0	2	2	5	2	-29248724565368800011334204416000
0	2	2	5	1	-263559938405817481735782493440000
0	2	2	4	5	-3302480449995391361888640000
0	2	2	4	4	13108190196394097663098698639360
0	2	2	4	3	1782466344167675480190671137436160
0	2	2	4	2	63734226719606534191508787979468800
0	2	2	4	1	-148994727204638115623568946957171200
0	2	2	3	5	6844655385026570336013387763200
0	2	2	3	4	-33459531188748843277053915692808960
0	2	2	3	3	-2555576779899955996233283046948007552
0	2	2	3	2	10977286755384845666356663993612760064
0	2	2	3	1	234303465841047212128613452599913344384
0	2	2	2	5	4926370021969123034914783436712000
0	2	2	2	4	7253857827905884902594798210677531520
0	2	2	2	3	190971020645287088446624018140784984608
0	2	2	2	2	-28356026084811761264303909231271147523200
0	2	2	2	1	75766367208810324816138176884124739286848
0	2	2	1	5	-6093763887254627675619604430398843200
0	2	2	1	4	7666396247245161456634181820086551170240
0	2	2	1	3	388315241661404239594216821049947431224032
0	2	2	1	2	-8053781444459397227106344662981180507643904
0	2	2	1	1	2804609490784140178940874364066466375392752
0	2	2	0	5	-599468427738318036916695126675523618800
0	2	2	0	4	631334978593150952055926545860121755910560
0	2	2	0	3	29923076946177021283026449099845878153236664
0	2	2	0	2	-527803200966935477249377538306287710801949920
0	2	2	0	1	-244508199484393187296574714387418239144271288
0	2	1	7	2	-5911769868894455040000000
0	2	1	7	1	289240742748953306880000000
0	2	1	6	4	4955263724201589676800000
0	2	1	6	3	269665984483448714956800000
0	2	1	6	2	-50509418178266047264872960000
0	2	1	6	1	-24456864743299498257329541120000
0	2	1	5	5	-284588323020016822252800000
0	2	1	5	4	-15423477240002297037753369600
0	2	1	5	3	37924438139440901024480629908480
0	2	1	5	2	3998422120304880536478892203386880
0	2	1	5	1	41000653107353572686325450464307200
0	2	1	4	5	1074722406127776854972439321600
0	2	1	4	4	-1978814552012076191588173862259840
0	2	1	4	3	-187654752826908066403582347766817280
0	2	1	4	2	-6052300154499926381696931785326504704
0	2	1	4	1	9034279572166454558660447452207601664
0	2	1	3	5	-1286796583921416911010598185763200
0	2	1	3	4	3206858444885930971209487371080340480
0	2	1	3	3	174152869894057988289511021673895926976
0	2	1	3	2	-360943136785329568462673593452317004480
0	2	1	3	1	-15542041110035758999333154925849007848000
0	2	1	2	5	-279248363448969186525986902995940800
0	2	1	2	4	-546490366687126934730732592118491974720
0	2	1	2	3	-8126898141449383857785349025035558652512
0	2	1	2	2	1447493635340988449605393801092299662381920
0	2	1	2	1	-3550667403346077831223524605623069155136512
0	2	1	1	5	455842037849569299456284614151266048800
0	2	1	1	4	-382299671276308721395260201247922041064640
0	2	1	1	3	-15035378995484190889665058066372723615393872
0	2	1	1	2	314397479818738348118770432350121717957531200
0	2	1	1	1	-95750995277933715561738405891806118019560480
0	2	1	0	5	32314936688323574518700985127349571411600
0	2	1	0	4	-24107268729104598626952484481687047061904840
0	2	1	0	3	-930414565100928410420715304790252379946846776
0	2	1	0	2	16977343123783021840530913492264173916257279984
0	2	1	0	1	8068694829013099568516165783406674948923854984
0	2	0	8	1	-4424880033955123200000000
0	2	0	7	3	6849665488738626796800000
0	2	0	7	2	745534111563344790374400000
0	2	0	7	1	-38437228560365665258521600000
0	2	0	6	5	-207538261151406192000000
0	2	0	6	4	-700535424201568575436800000
0	2	0	6	3	-3385375680358242428221094400
0	2	0	6	2	6249935485921935672515630592000
0	2	0	6	1	1746147736154722318738847076326400
0	2	0	5	5	41051068174341436864117824000
0	2	0	5	4	-3804891914028014921651449881600
0	2	0	5	3	-2740155636499223701127837541471360
0	2	0	5	2	-182697493724303476270087039717509120
0	2	0	5	1	-2109135112651490832158934345743248128
0	2	0	4	5	-86256612854881711637130752011200
0	2	0	4	4	100603665722794735762367604850448640
0	2	0	4	3	7424641617575883583466556270428263200
0	2	0	4	2	214752812401877614175095021981706434560
0	2	0	4	1	-145181589152737507605283384019875256640
0	2	0	3	5	76339536842359444142299255959225600
0	2	0	3	4	-116580058052764572087628472441607283200
0	2	0	3	3	-4843026533775875356206280257584744221344
0	2	0	3	2	-105687116459274322178215807546264083264
0	2	0	3	1	407692413942778207877760551703877556832720
0	2	0	2	5	2285216824634150863901909689877378400
0	2	0	2	4	16430706726448724104669729526865152273760
0	2	0	2	3	138674355006618471899067100652830261838112
0	2	0	2	2	-30618072047026400524317024463529302924669968
0	2	0	2	1	69092006963368187778917969417549449199061240
0	2	0	1	5	-13258577816792157185633616051558262190400
0	2	0	1	4	7976724079841834835873592353223104110405280
0	2	0	1	3	250329294387049232576081025540135180641313720
0	2	0	1	2	-5252745937634485289068366716415693561398680640
0	2	0	1	1	1386502982647638308028313327440529182611466120
0	2	0	0	5	-715384180670621856030888781128917612013900
0	2	0	0	4	395103002534263990826139616133322238847247960
0	2	0	0	3	12642373060175200913905329286542958392568793034
0	2	0	0	2	-239188623059859908855548067936942474019830845356
0	2	0	0	1	-116389042785392660246333603761967572032496172724
0	1	9	0	3	740616437325175179879628800000
0	1	9	0	2	-8163555404806713413416550400000
0	1	9	0	1	-3602072579645075569341235200000
0	1	8	1	3	-1309677753760520527531745280000
0	1	8	1	2	17842957290213411704690442240000
0	1	8	1	1	-6968125001813298278470778880000
0	1	8	0	4	-1744014737494666630606233600000
0	1	8	0	3	-777770730679124724114555518976000
0	1	8	0	2	8413237819794755137364280926208000
0	1	8	0	1	3901476761613225049025304059904000
0	1	7	2	3	542818044016103991414804480000
0	1	7	2	2	-12150966166680546560268656640000
0	1	7	2	1	24526056577970551349330657280000
0	1	7	1	4	3142906486831307950091366400000
0	1	7	1	3	1259376396016037825191591172505600
0	1	7	1	2	-16921435998568293200396291353804800
0	1	7	1	1	5913398614575720590717345036697600
0	1	7	0	5	-268815889545678297732096000000
0	1	7	0	4	1688464025899112060009735970816000
0	1	7	0	3	363400511262990691377184867704084480
0	1	7	0	2	-3843730509413887653900520993410723840
0	1	7	0	1	-1871272774846317350224769427561553920
0	1	6	3	3	84862612669386132939294720000
0	1	6	3	2	1796329926094791586233507840000
0	1	6	3	1	-16762827725919364917464801280000
0	1	6	2	4	-1324954630458307318596655104000
0	1	6	2	3	-484725410057415828738770815795200
0	1	6	2	2	10721635957786042059282765707673600
0	1	6	2	1	-20249366865888446114483551824691200
0	1	6	1	5	328219743924983421844992000000
0	1	6	1	4	-2780109271683846277831837827072000
0	1	6	1	3	-529903231243381284433895898780208128
0	1	6	1	2	6995332967048439714938331146017972224
0	1	6	1	1	-2159243755415065091366289781938597888
0	1	6	0	5	242412626881842707671581634560000
0	1	6	0	4	-715618614674170527639782830132147200
0	1	6	0	3	-99161507189410428692777710286589866496
0	1	6	0	2	1021807096810052316803857469288957027328
0	1	6	0	1	521632915354075095798382225064492043264
0	1	5	4	3	-40668105894167297203937280000
0	1	5	4	2	728663795049046872065495040000
0	1	5	4	1	1683140182927375585329745920000
0	1	5	3	4	-209297530127667721870089216000
0	1	5	3	3	-57823325724399363645910749388800
0	1	5	3	2	-1653943099403937635138500435353600
0	1	5	3	1	12906741919064526585176682951475200
0	1	5	2	5	-80226198954881649850890240000
0	1	5	2	4	1099927948938777674142312083005440
0	1	5	2	3	184868587121797674838190438743302144
0	1	5	2	2	-4031249247791186943110673883512379392
0	1	5	2	1	7116660929967325427298651680458727424
0	1	5	1	5	-266065962937419560955865620480000
0	1	5	1	4	1053662760779490227432813322821921280
0	1	5	1	3	127471494879127167499458221951072945664
0	1	5	1	2	-1646547544472521662866773398560561653248
0	1	5	1	1	441670801766672415652525564366541285376
0	1	5	0	5	-92812752267064580128913336039040000
0	1	5	0	4	173401629802235628663613070702865888000
0	1	5	0	3	17415587073397744515767747977726794173952
0	1	5	0	2	-174188890556229744206370271603233488441088
0	1	5	0	1	-93132199562819242966571058019873201425024
0	1	4	5	3	-5157853837226319470192640000
0	1	4	5	2	-122344806578914224610836480000
0	1	4	5	1	991328084327894803087656960000
0	1	4	4	4	101256717592210178359701504000
0	1	4	4	3	27482390878383640793890056499200
0	1	4	4	2	-431855164306895183020125938073600
0	1	4	4	1	-1479534230602489479726100062412800
0	1	4	3	5	-7147503864494026195368960000
0	1	4	3	4	114814184288933035103893826088960
0	1	4	3	3	16338552795692898092137448770784256
0	1	4	3	2	614136615216267435800780330839867392
0	1	4	3	1	-4102947946194706728994421887976577024
0	1	4	2	5	60968265504840366755591719526400
0	1	4	2	4	-378965010488043156690051249452697600
0	1	4	2	3	-39071742701713871031236781899981307648
0	1	4	2	2	837238517395833316281664291293322275840
0	1	4	2	1	-1379948937065906218307166498929862110208
0	1	4	1	5	88929781159213098093230765984217600
0	1	4	1	4	-221783709608105551334864922884055379200
0	1	4	1	3	-19179554642114864183498062649562991574400
0	1	4	1	2	241358052108824002175704160817895183784448
0	1	4	1	1	-55093854473101281440173870323593666209728
0	1	4	0	5	19562684413599898311872613864094329600
0	1	4	0	4	-26268763151306091699022641349808606209920
0	1	4	0	3	-2041502640835713030596757620376662963800320
0	1	4	0	2	19747115001259855107981247021251943022648832
0	1	4	0	1	11043955087623823629495892210513772101575264
0	1	3	6	3	-46743912104580279705600000
0	1	3	6	2	-20256108320883643957555200000
0	1	3	6	1	-91736135497488068670873600000
0	1	3	5	4	12797395683525547596942336000
0	1	3	5	3	2927557893933558022546918195200
0	1	3	5	2	77027782599447099557828257382400
0	1	3	5	1	-491135715994861597238111359180800
0	1	3	4	5	1033867858020161625354240000
0	1	3	4	4	-61147618046906171288925982832640
0	1	3	4	3	-7475427223651919595948410117136384
0	1	3	4	2	98732627332674124091738792116396032
0	1	3	4	1	483618779730033658513493101856096256
0	1	3	3	5	3543426031479402906565411737600
0	1	3	3	4	-23179111407404659793196284740001280
0	1	3	3	3	-2451145630554137547210396863128200192
0	1	3	3	2	-118553529920189301900068816923085832192
0	1	3	3	1	689042132909202575484018904933887473664
0	1	3	2	5	-18290136987065417202356250303129600
0	1	3	2	4	69387206674367790673066429567085347200
0	1	3	2	3	4946824042980345087154433297577565479936
0	1	3	2	2	-103732501620635371242547533394857740285568
0	1	3	2	1	159422807779442862290155961220397836496896
0	1	3	1	5	-15688222584377492845048078419026169600
0	1	3	1	4	27996970267824371595100795296029828837760
0	1	3	1	3	1848647039166716624719102395871066076954688
0	1	3	1	2	-22561957313697859470099064985358141567470592
0	1	3	1	1	4260432599824863597203321557909906819182624
0	1	3	0	5	-2452048758207578287388637394503964560000
0	1	3	0	4	2546980381458754297149055695389961382213920
0	1	3	0	3	159711544543257920798049600243244940247208800
0	1	3	0	2	-1488712297505788615195312578067728701593116000
0	1	3	0	1	-869813128142100679990340511975204993073865040
0	1	2	7	3	-100210518416042496000000
0	1	2	7	2	-194804042059570194432000000
0	1	2	7	1	-19443777261475955910912000000
0	1	2	6	4	106208521388186911764480000
0	1	2	6	3	49959892667825210190030336000
0	1	2	6	2	8430302031349964609164032000000
0	1	2	6	1	50515885205641485718974918144000
0	1	2	5	5	243097273850627696348160000
0	1	2	5	4	-5558052805559876565198837596160
0	1	2	5	3	-639919796929423036990544617648128
0	1	2	5	2	-17848410841663013265591030826070016
0	1	2	5	1	87342690365117422750747369241229312
0	1	2	4	5	-680335403106969710559232358400
0	1	2	4	4	13839127046305931079034756337111040
0	1	2	4	3	1026524672036240794510625399309785344
0	1	2	4	2	-10704586328297422669973691037740727296
0	1	2	4	1	-75176576044268812508341176275137540608
0	1	2	3	5	-568720704588938892633320933875200
0	1	2	3	4	1966715337343500043420883568087006720
0	1	2	3	3	205650587782975143634241301272306352384
0	1	2	3	2	12604725630015256654576595016263113978368
0	1	2	3	1	-64453971861125116748954474366027275283520
0	1	2	2	5	2704637143266580177915908173668156800
0	1	2	2	4	-7122482153798781506071922303217047942400
0	1	2	2	3	-375534591461259440810786624645518299541920
0	1	2	2	2	7667268887752239753976018903610282013810240
0	1	2	2	1	-10972743333535741803070876849054173560353488
0	1	2	1	5	1540562158355732691055591326579433468800
0	1	2	1	4	-2119094848790608375855371386856393460797120
0	1	2	1	3	-111481067338909925945846053250136191174682048
0	1	2	1	2	1313471463852029270896629673011206913445861824
0	1	2	1	1	-197054903881180334924658780960722820141488112
0	1	2	0	5	182802624436788557957845513772242339303200
0	1	2	0	4	-154302010575304783995568912217097465252908640
0	1	2	0	3	-8039662772768803341127468753333424612985115944
0	1	2	0	2	71966618419467372667101627858267206754986459856
0	1	2	0	1	43872614436154702386072717840487860182576887380
0	1	1	8	2	-455502356436556800000000
0	1	1	8	1	-194863908083558999040000000
0	1	1	7	4	187276540260630067200000
0	1	1	7	3	313996098500800392867840000
0	1	1	7	2	56694862563002593568547840000
0	1	1	7	1	5721800748658525322684467200000
0	1	1	6	5	26628147183159468748800000
0	1	1	6	4	-37802034106775848409235609600
0	1	1	6	3	-11559883551054894545239160709120
0	1	1	6	2	-1168345612118498628235250098575360
0	1	1	6	1	-8860141589252853436102671782768640
0	1	1	5	5	-91035207905539424842419609600
0	1	1	5	4	809445935447703614931071449743360
0	1	1	5	3	63744054611657184268070530648909824
0	1	1	5	2	1810145131722672744916861206812462592
0	1	1	5	1	-6444047259469132064184390418773126144
0	1	1	4	5	136581206389802542804236592896000
0	1	1	4	4	-1392177096883855252246090171462750080
0	1	1	4	3	-71406835594655257382681850936386379264
0	1	1	4	2	532383775558955681568844032245797190784
0	1	1	4	1	5619159143566887777984129935210108504832
0	1	1	3	5	28516486238528273781646165811020800
0	1	1	3	4	-45820068655483645527394278222383854080
0	1	1	3	3	-9106174555677574983380768260461768759168
0	1	1	3	2	-701902862707584554264382597532875287933568
0	1	1	3	1	3183303115817597100341160222083588141306496
0	1	1	2	5	-196898668741332896571227504299096944000
0	1	1	2	4	388657182892304054725184259989935836618240
0	1	1	2	3	15840482845272646284085803366357834497951904
0	1	1	2	2	-313046268989667161151892587681919907238139008
0	1	1	2	1	416615017010973204268601824822975949606242416
0	1	1	1	5	-79837591088750864910853227866761304289600
0	1	1	1	4	89020626792830196188850486833193933040762560
0	1	1	1	3	3845577983694960475421964891504482571784222128
0	1	1	1	2	-43538287225127688650701540699791668097232705920
0	1	1	1	1	4873483568052753354609688736198217957718767960
0	1	1	0	5	-7506384720092833907642634530824378366440000
0	1	1	0	4	5338301717548526074269045263899821860890041720
0	1	1	0	3	236251046267225936248447113579419517887703938208
0	1	1	0	2	-2024152045684732396211560939526045383567727249832
0	1	1	0	1	-1285910584720196958791283227322540966059521009296
0	1	0	9	1	-480808042905254400000000
0	1	0	8	3	607119569364724992000000
0	1	0	8	2	83969386682001447628800000
0	1	0	8	1	28349837453177643334003200000
0	1	0	7	5	158124389448690432000000
0	1	0	7	4	-72292778990045929728000000
0	1	0	7	3	-42821419999748427702418176000
0	1	0	7	2	-4145622977218344628042956902400
0	1	0	7	1	-420749161508697630320583824486400
0	1	0	6	5	-3999834386428622681822976000
0	1	0	6	4	3283642905016574957507640576000
0	1	0	6	3	767589735936149231232789437391360
0	1	0	6	2	53924662677435805100709349202101248
0	1	0	6	1	502253200398446092215819740199946752
0	1	0	5	5	8128230320317246209221872435200
0	1	0	5	4	-39535057291556359951624909770024960
0	1	0	5	3	-2433377314925402076096936290403831936
0	1	0	5	2	-67955779463964581060316019872355200768
0	1	0	5	1	157081119179483993266699978491163951488
0	1	0	4	5	-8655015348494290520793716177174400
0	1	0	4	4	52554154768651849989710730036915884160
0	1	0	4	3	2019181150523406478751116049513579274144
0	1	0	4	2	-8934012364331289013014334825363354458048
0	1	0	4	1	-162418301889433644436373742891184083849264
0	1	0	3	5	179118828591768940758385280404262400
0	1	0	3	4	-1380051384821234094444094545873086465280
0	1	0	3	3	164345064810425737460420913867839786809920
0	1	0	3	2	16025409902028453033046128977460715178962176
0	1	0	3	1	-64846787479211541109331999445676829224531488
0	1	0	2	5	5636341521510652131596586764538646435200
0	1	0	2	4	-8807141113445291621073186415468529216208960
0	1	0	2	3	-286596518091414898685571673630370978560502976
0	1	0	2	2	5446521028644980288783123279600501143692570336
0	1	0	2	1	-6731881575471784286470821019121359256589422256
0	1	0	1	5	1705783306205918014093899353409765365707200
0	1	0	1	4	-1600512436435830505375860155127461446444173120
0	1	0	1	3	-58091207436612647856547559914321126685408417784
0	1	0	1	2	629122832395821345561569117553556355893799816304
0	1	0	1	1	-46968438513218471520158908795032272382099493896
0	1	0	0	5	130989538611660347134757336679593842593048600
0	1	0	0	4	-80717957503863739354984649863766721282273962520
0	1	0	0	3	-3087081313677723029434522081180103535811480729530
0	1	0	0	2	25235855008392280214686914416740257225198758653812
0	1	0	0	1	16686195084867703269977981109756310743234863653275
0	0	10	0	3	383764098206624909893632000000
0	0	10	0	2	-3070112785652999279149056000000
0	0	10	0	1	-1535056392826499639574528000000
0	0	9	1	3	-839453794693485180257894400000
0	0	9	1	2	7994844018236631141708595200000
0	0	9	1	1	-1759039463981058077550182400000
0	0	9	0	4	-959410245516562274734080000000
0	0	9	0	3	-446024464924938992043999805440000
0	0	9	0	2	3446158736169805215005823467520000
0	0	9	0	1	1834370956564823831372065013760000
0	0	8	2	3	590199308917139349230469120000
0	0	8	2	2	-7519773786982065394703400960000
0	0	8	2	1	9897931410818536422887915520000
0	0	8	1	4	2098634486733712950644736000000
0	0	8	1	3	900771875642981517243382407168000
0	0	8	1	2	-8331193578659054248443152646144000
0	0	8	1	1	1475580681522969115225210748928000
0	0	8	0	4	1031592470952406562208134553600000
0	0	8	0	3	233104573168735154169248113731379200
0	0	8	0	2	-1732563453694016996137156614908313600
0	0	8	0	1	-981230633116867121447447563390156800
0	0	7	3	3	-114143545267920116291174400000
0	0	7	3	2	2880479391867158761097625600000
0	0	7	3	1	-9744566034194303025291264000000
0	0	7	2	4	-1475498272292848373076172800000
0	0	7	2	3	-586103806106787502331765696102400
0	0	7	2	2	7284017828925631364752427684659200
0	0	7	2	1	-8992055778578621614941282887270400
0	0	7	1	4	-2073346031451273109213755985920000
0	0	7	1	3	-428971017313269446969723862191063040
0	0	7	1	2	3839350176267000989881711201593016320
0	0	7	1	1	-511224343551122792747609027379363840
0	0	7	0	4	-491942545893824099723262370165248000
0	0	7	0	3	-72154286064062889949236899529443450880
0	0	7	0	2	513744107611073322531148842799230013440
0	0	7	0	1	309388558067702254080678831867794718720
0	0	6	4	3	-20647469542472237366231040000
0	0	6	4	2	-215298727886622488707399680000
0	0	6	4	1	3243946339845322025654108160000
0	0	6	3	4	285358863169800290727936000000
0	0	6	3	3	109402810605827277567788261376000
0	0	6	3	2	-2634525005219760599601715888128000
0	0	6	3	1	8283491087466220727181877149696000
0	0	6	2	4	1345635475938881417999473606656000
0	0	6	2	3	253905656767631155875920955905728512
0	0	6	2	2	-3068615757924178093499011996714500096
0	0	6	2	1	3539984329900797874498570867770212352
0	0	6	1	4	893594942522496679509454263262617600
0	0	6	1	3	119022311853113232781927556580825243648
0	0	6	1	2	-1026935187335719164941457486005617803264
0	0	6	1	1	90592783126850961171497175951528787968
0	0	6	0	4	136564503918645151831533056144992051200
0	0	6	0	3	14651112128394037985095870941578981710848
0	0	6	0	2	-99497022575009472066611433248275208914944
0	0	6	0	1	-63677603215194176230416105425267623183872
0	0	5	5	3	4808105879342935375872000000
0	0	5	5	2	-107289745509650940894412800000
0	0	5	5	1	-60998233139742232984780800000
0	0	5	4	4	51618673856180593415577600000
0	0	5	4	3	14196317039538760240419491020800
0	0	5	4	2	230428172025094532345829177753600
0	0	5	4	1	-2614624076988091029515097371443200
0	0	5	3	4	-254828714886682436847290941440000
0	0	5	3	3	-44422940964732372432589056818872320
0	0	5	3	2	1023191758887859458459220687065169920
0	0	5	3	1	-2990120902912994986993397464978882560
0	0	5	2	4	-523682481480315514531943850497249280
0	0	5	2	3	-62693537750802888597337741511020240896
0	0	5	2	2	734290855788747685538945529399630016512
0	0	5	2	1	-788397214897045734106571922445041106944
0	0	5	1	4	-219444765120739514613638961059197777920
0	0	5	1	3	-21207985935432425420362396258830401562624
0	0	5	1	2	175690588490722832159659923681858161215488
0	0	5	1	1	-7450398639657688749640715976306588066816
0	0	5	0	4	-24321309627772635320590453970048712222720
0	0	5	0	3	-2039382918951194200725173536582736984730624
0	0	5	0	2	13150498603738573614797373160307750773874688
0	0	5	0	1	8938864578525651304192842582470770390500864
0	0	4	6	3	589236598908437936209920000
0	0	4	6	2	11313126806542281096560640000
0	0	4	6	1	-123819106849295771662663680000
0	0	4	5	4	-12020264698357338439680000000
0	0	4	5	3	-3378111860110879521185366016000
0	0	4	5	2	65356202447632087501190381568000
0	0	4	5	1	110497484562782385072827326464000
0	0	4	4	4	-29810972710151687762527076352000
0	0	4	4	3	-3992641162890405129524874821935104
0	0	4	4	2	-94838084002325844448693529396871168
0	0	4	4	1	865614534308607625415304367378415616
0	0	4	3	4	93397654888549690019359898039500800
0	0	4	3	3	9924049704321376140581422811168993280
0	0	4	3	2	-218761235065208808577502523376017408000
0	0	4	3	1	593916970104311528200425008606536753152
0	0	4	2	4	112734292730589528400370837167452794880
0	0	4	2	3	9653755569115129470584517653656080016896
0	0	4	2	2	-109154442998438706460905502824281713754112
0	0	4	2	1	108593337271412457325637493767917725897216
0	0	4	1	4	33584611275978196429333449876290655467520
0	0	4	1	3	2517147835529761569517091254225746099772416
0	0	4	1	2	-19937066508873309119587854893923714819236864
0	0	4	1	1	-82723882302529183380660350597212705037568
0	0	4	0	4	2881779967194035527274615918875761526609920
0	0	4	0	3	197092995729378062940109715339866645454746752
0	0	4	0	2	-1201233261707355619842525034502600728407624192
0	0	4	0	1	-866720076054853050801570567299284393271965440
0	0	3	7	3	6821603289993874636800000
0	0	3	7	2	1909549170041508790272000000
0	0	3	7	1	5472075266235672507187200000
0	0	3	6	4	-1473091497271094840524800000
0	0	3	6	3	-326206033938931058406811238400
0	0	3	6	2	-7631538771192032709317659852800
0	0	3	6	1	64103115495459990076377749913600
0	0	3	5	4	7614594429254196164609495040000
0	0	3	5	3	946921898144430462097512616181760
0	0	3	5	2	-15309853140171449211504904850227200
0	0	3	5	1	-47981606491734952256613709510901760
0	0	3	4	4	6435483822722302888444666388213760
0	0	3	4	3	585940298470870519384997862237806592
0	0	3	4	2	19757744429649930120768026813705834496
0	0	3	4	1	-150632666563689316115108361038223654912
0	0	3	3	4	-18017141751750564566937937336790937600
0	0	3	3	3	-1319518118591763643439195245675282990080
0	0	3	3	2	27809686758808524473028335120954997242880
0	0	3	3	1	-70083303711250603182220768573977846589440
0	0	3	2	4	-14497962638689868085891064923699757927680
0	0	3	2	3	-949603377805185270710193256686955513268736
0	0	3	2	2	10321652595474398960428503115018896724576512
0	0	3	2	1	-9468501596204657385614924810853694578046464
0	0	3	1	4	-3280050690257959748077411416506986466668800
0	0	3	1	3	-199027243932528326392160596625648519272953600
0	0	3	1	2	1500648306785547510941488387879497989096325120
0	0	3	1	1	76980251680670311795519692629678224531960320
0	0	3	0	4	-227173210833640804695297599235332917186059840
0	0	3	0	3	-13058809356109068359763986911687378707355429248
0	0	3	0	2	74879077385273316391094632635108985246750188096
0	0	3	0	1	57316390909982799044259536717621030437883326848
0	0	2	8	3	20822964865671168000000
0	0	2	8	2	22572093914387546112000000
0	0	2	8	1	1545730327908502142976000000
0	0	2	7	4	-17054008224984686592000000
0	0	2	7	3	-4976839486098825805283328000
0	0	2	7	2	-804328136462226088616656896000
0	0	2	7	1	-3640442907931442357274943488000
0	0	2	6	4	637271688341586818059370496000
0	0	2	6	3	69425825958643963594905862152192
0	0	2	6	2	1863405827511267430852162441150464
0	0	2	6	1	-11924016333811059462554373572026368
0	0	2	5	4	-1788809359256945155943200451174400
0	0	2	5	3	-132925096911382865654030297416654848
0	0	2	5	2	1694038914027100953824813035401682944
0	0	2	5	1	8765120371111369973562487326326489088
0	0	2	4	4	-614066895715683382165910165787279360
0	0	2	4	3	-47037209868102033351076892984549024256
0	0	2	4	2	-2228673778456991077389720094462777964544
0	0	2	4	1	14526449346882756658676981324790351006720
0	0	2	3	4	1931991858576325441687834562550571584000
0	0	2	3	3	104581269099695054127086843708276457848064
0	0	2	3	2	-2102161523395025062852211882593562260165632
0	0	2	3	1	4912183156183452278964256105450084174799616
0	0	2	2	4	1113812865744600018330213258357556322503680
0	0	2	2	3	58290227617616500383426062063105264010739392
0	0	2	2	2	-606303091637521572446888184689794890740634240
0	0	2	2	1	510154677187334292058711015686932464806687264
0	0	2	1	4	199634968975428067021631629303826781091958400
0	0	2	1	3	10110010835887444030235682972399150219728435712
0	0	2	1	2	-72245172183189957540075345789292246322458862976
0	0	2	1	1	-7142521275330353605667992500248179693268957472
0	0	2	0	4	11488711867330375402533656370371038474892327040
0	0	2	0	3	567690287261555345614115543379836140857076682640
0	0	2	0	2	-3048286210257699838399826167767810255846912448032
0	0	2	0	1	-2474053406296750007738869911069467595438673528824
0	0	1	9	2	69409882885570560000000
0	0	1	9	1	18671258496218480640000000
0	0	1	8	4	-52057412164177920000000
0	0	1	8	3	-33054374427766412083200000
0	0	1	8	2	-6084028886893963060838400000
0	0	1	8	1	-465345930816936555727749120000
0	0	1	7	4	4820518761043834944184320000
0	0	1	7	3	1039911927995633361133230489600
0	0	1	7	2	112372177912449245532476896296960
0	0	1	7	1	716177657610675821165372741468160
0	0	1	6	4	-91780483660365618199649118228480
0	0	1	6	3	-6753195985342446298028453499887616
0	0	1	6	2	-196847115709943743941872432968962048
0	0	1	6	1	923871841160680738740356278676545536
0	0	1	5	4	185016202984132311149942598943672320
0	0	1	5	3	9389824990808992081369918197652445184
0	0	1	5	2	-85467017110029437858052025598346943488
0	0	1	5	1	-728086890392923239380285601435214516224
0	0	1	4	4	21602647892010145203887626541345944320
0	0	1	4	3	1934085114906112358696621747018931807744
0	0	1	4	2	130094300188816511838831595278311609716992
0	0	1	4	1	-735833795573082865098046263578789229333504
0	0	1	3	4	-109292397041431004870255898265261380956160
0	0	1	3	3	-4581388486290499958138868099839874976497792
0	0	1	3	2	87497847673808635963109494884940302048171264
0	0	1	3	1	-189354137237473432184445257900197197987048768
0	0	1	2	4	-47330035724608954973319097373222935392232320
0	0	1	2	3	-2041961023557211816967360637921225329499332544
0	0	1	2	2	20228023119952904682357831651468685509294425088
0	0	1	2	1	-15523606278030656235470292002231336738735322336
0	0	1	1	4	-6922699615078700552112530033670355730699460480
0	0	1	1	3	-299391406378677936645043194882452927999786551776
0	0	1	1	2	2018635950943514128071204191374293363299604784512
0	0	1	1	1	296044795421837610617240784243015124632977504016
0	0	1	0	4	-338210534787352586886928769234574713309224671120
0	0	1	0	3	-14620123832228132974806410025264817730550354253104
0	0	1	0	2	73178871705588692137480640740323882176905151462448
0	0	1	0	1	62944937608691720713742360742470941375910410082904
0	0	0	10	1	57841569071308800000000
0	0	0	9	3	-86762353606963200000000
0	0	0	9	2	-8447182747173937152000000
0	0	0	9	1	-2766956612498628087398400000
0	0	0	8	4	7048573607029690368000000
0	0	0	8	3	4450740074021800223539200000
0	0	0	8	2	406000228825315133381246976000
0	0	0	8	1	34999604531207502476176659456000
0	0	0	7	4	-339981419165142026959478784000
0	0	0	7	3	-66986163685647731741803244236800
0	0	0	7	2	-5203863354695407827352875824209920
0	0	0	7	1	-43991875844879302711156339056918528
0	0	0	6	4	4400301976809730869573510788321280
0	0	0	6	3	253550701059920086186244562425017344
0	0	0	6	2	7629350108915975906842728698838841344
0	0	0	6	1	-23950798075730227720041215659797414912
0	0	0	5	4	-7118094463851949508516435643511941120
0	0	0	5	3	-268475088546155981728279323887126098176
0	0	0	5	2	1435791905337266607553589635952889613824
0	0	0	5	1	22628235725611068362661100041998549902848
0	0	0	4	4	28335305535792476044285923963858996480
0	0	0	4	3	-30893991969741934432853764161651999871296
0	0	0	4	2	-3085347983334294936023958423998511118521216
0	0	0	4	1	15295208342755346532753648663107136412870560
0	0	0	3	4	2549970653954016189614735056717006111618560
0	0	0	3	3	85679006152491732883174755880183468755948288
0	0	0	3	2	-1547169719601784642522184938108328786452810752
0	0	0	3	1	3097358485726350444328989954171173353265179200
0	0	0	2	4	858141036343139624679015617445784847667899520
0	0	0	2	3	31259734663298933624435231076171345763767043296
0	0	0	2	2	-293476601659864089851161088320169832520565463744
0	0	0	2	1	204195248230486671353688014552640967077002343216
0	0	0	1	4	104710746024125018970579504168289881442679047680
0	0	0	1	3	3937877249538794968934589585386670594888991965264
0	0	0	1	2	-24942152600191337170973125789786926919795542364896
0	0	0	1	1	-4850255839473841587854837524355981401718492279376
0	0	0	0	4	4415482079661752102763311874829022001213125770320
0	0	0	0	3	169367283646340248890541045615504799540319438040236
0	0	0	0	2	-786663424558256851577913694557859948041576043779384
0	0	0	0	1	-716800367592852293379558778523807189945718054921606
