row	column	A	B	Y	Z	u	coefficient
0	0	13	0	0	0	0	207583763415869676084480000000000
0	0	12	1	0	0	0	842865041209846343040000000000
0	0	12	0	1	0	0	14436498918472499151360000000000
0	0	12	0	0	0	0	-6290285226777847155753446400000000
0	0	11	1	0	0	1	51116502698512096346265600000000
0	0	11	1	0	0	0	2274009727848281866253606400000000
0	0	11	0	2	0	0	-935073697490122291200000000000
0	0	11	0	1	0	0	5014255292352493273045555200000000
0	0	11	0	0	1	0	-1281720668685386120497152000000000
0	0	11	0	0	0	0	-725039933789814422091520158720000000
0	0	10	2	0	0	0	1783792641200839632000000000000
0	0	10	1	1	0	1	5698064243889453984768000000000
0	0	10	1	1	0	0	411009019233257158255872000000000
0	0	10	1	0	1	0	-3982785916734979833600000000000
0	0	10	1	0	0	1	-5674389554167543168427888640000000
0	0	10	1	0	0	0	-141836946092181544533372172800000000
0	0	10	0	2	0	0	707712924175238564047872000000000
0	0	10	0	1	1	0	-178523800669786822576128000000000
0	0	10	0	1	0	0	-399040259544025990680237465600000000
0	0	10	0	0	1	0	83545790351992430253759221760000000
0	0	10	0	0	0	0	40490375654045089216857016581120000000
0	0	9	2	0	0	2	-103625704535285940480000000000
0	0	9	2	0	0	1	199042405300344293111001600000000
0	0	9	2	0	0	0	6330159834958251190679616000000000
0	0	9	1	2	0	0	17140127960941219745280000000000
0	0	9	1	1	0	1	157888358324826183551692800000000
0	0	9	1	1	0	0	16557804059934146724165749760000000
0	0	9	1	0	1	1	-133129119775411485938995200000000
0	0	9	1	0	1	0	-8583719157327628786944384000000000
0	0	9	1	0	0	1	82262518465411213608534653952000000
0	0	9	1	0	0	0	-2078168994551984084060608590336000000
0	0	9	0	3	0	0	3511845466824629975040000000000
0	0	9	0	2	1	0	-4129428925146705776640000000000
0	0	9	0	2	0	0	5208435553849957633658572800000000
0	0	9	0	1	1	0	-9567701887788474149679759360000000
0	0	9	0	1	0	0	-124834104919482016011668656128000000
0	0	9	0	0	2	0	2424959788872395473560576000000000
0	0	9	0	0	1	0	672163362744524504278587537408000000
0	0	9	0	0	0	0	-27459021799478860857785602169856000000
0	0	8	3	0	0	0	-6530175753596493672960000000000
0	0	8	2	1	0	1	21047934710568259334016000000000
0	0	8	2	1	0	0	1337957350680558613851648000000000
0	0	8	2	0	1	0	-10718218013231711093760000000000
0	0	8	2	0	0	2	-512597428192251145659801600000000
0	0	8	2	0	0	1	-35331076691649134597555228160000000
0	0	8	2	0	0	0	-547067136802743332662948047360000000
0	0	8	1	2	0	1	153767384093354077307289600000000
0	0	8	1	2	0	0	8669385445318534389333196800000000
0	0	8	1	1	1	1	-14880358927136046845952000000000
0	0	8	1	1	1	0	-1635210265468567659936768000000000
0	0	8	1	1	0	1	-110895582800821096958912686080000000
0	0	8	1	1	0	0	-4266448637463117070549483502592000000
0	0	8	1	0	2	0	6835193469145096450560000000000
0	0	8	1	0	1	1	22594253520878702318410444800000000
0	0	8	1	0	1	0	760673895328582875377336079360000000
0	0	8	1	0	0	1	11807390998269015182405007989760000000
0	0	8	1	0	0	0	416608122494014635197620332329472000000
0	0	8	0	4	0	0	-1233231525048031027200000000000
0	0	8	0	3	0	0	6772618982611624315568947200000000
0	0	8	0	2	1	0	-3914350493636959845319065600000000
0	0	8	0	2	0	0	-4365812267481335397923000217600000000
0	0	8	0	1	2	0	417616561298212773894144000000000
0	0	8	0	1	1	0	2143530795544699816664476987392000000
0	0	8	0	1	0	0	826607534157923627217148099209216000000
0	0	8	0	0	2	0	-222889262253881960225875415040000000
0	0	8	0	0	1	0	-214790859677324106240021061429248000000
0	0	8	0	0	0	0	-48394163176076307439263293401724928000000
0	0	7	3	0	0	2	488589608440639411200000000000
0	0	7	3	0	0	1	243898272916307448573657600000000
0	0	7	3	0	0	0	5634891072856817609457945600000000
0	0	7	2	2	0	0	70992070106424906447360000000000
0	0	7	2	1	0	2	-117512280521037590082048000000000
0	0	7	2	1	0	1	-5725222220470619979061171200000000
0	0	7	2	1	0	0	-56577651432693406323674572800000000
0	0	7	2	0	1	2	402367912833467750400000000000
0	0	7	2	0	1	1	-434426838340496408139110400000000
0	0	7	2	0	1	0	-16548769129194831847268966400000000
0	0	7	2	0	0	2	46252536408463304728436981760000000
0	0	7	2	0	0	1	1928884794034455015694907406336000000
0	0	7	2	0	0	0	13039164023022781967857189404672000000
0	0	7	1	3	0	1	8481288535652357111808000000000
0	0	7	1	3	0	0	796677493739916142126080000000000
0	0	7	1	2	1	0	-73317704387029254789120000000000
0	0	7	1	2	0	1	-18235338727856974164388823040000000
0	0	7	1	2	0	0	-732430905191034320098993397760000000
0	0	7	1	1	1	1	3376209562007600148830208000000000
0	0	7	1	1	1	0	77960143374914137288067297280000000
0	0	7	1	1	0	1	7185028036318342813523312510976000000
0	0	7	1	1	0	0	191041036823954744971403851284480000000
0	0	7	1	0	2	1	83395095663026120411750400000000
0	0	7	1	0	2	0	10158743022952843763252582400000000
0	0	7	1	0	1	1	-1275179047724994902610530623488000000
0	0	7	1	0	1	0	-21304301408737631886762860654592000000
0	0	7	1	0	0	1	-645586445532580826466688667043840000000
0	0	7	1	0	0	0	-13915042485384809931449886595206144000000
0	0	7	0	4	0	0	298545286074059733553152000000000
0	0	7	0	3	1	0	-297395663465964111409152000000000
0	0	7	0	3	0	0	-469311513057005796014015692800000000
0	0	7	0	2	2	0	16679978932005572198400000000000
0	0	7	0	2	1	0	321875237865415570875228856320000000
0	0	7	0	2	0	0	198102869974146881179093623939072000000
0	0	7	0	1	2	0	-23407625425559314533617295360000000
0	0	7	0	1	1	0	-97346844696403079841196263702528000000
0	0	7	0	1	0	0	-29941742166105766590852994801004544000000
0	0	7	0	0	3	0	-1685273306969458863968256000000000
0	0	7	0	0	2	0	7260096408511930611314165157888000000
0	0	7	0	0	1	0	7764928595189476244565450435624960000000
0	0	7	0	0	0	0	1483797518725898560128313323520456704000000
0	0	6	4	0	0	0	-21760831850368182232320000000000
0	0	6	3	1	0	1	25675815032033636916864000000000
0	0	6	3	1	0	0	1135357080499958489496576000000000
0	0	6	3	0	1	0	7593257326471584261120000000000
0	0	6	3	0	0	2	-1050144791863448388126412800000000
0	0	6	3	0	0	1	-50217363986018667078406233600000000
0	0	6	3	0	0	0	-565842411650236165722962150400000000
0	0	6	2	2	0	2	-6659450235259367546880000000000
0	0	6	2	2	0	1	-296891350155579109602355200000000
0	0	6	2	2	0	0	8294863841871824976685977600000000
0	0	6	2	1	1	1	-45267592071946312797696000000000
0	0	6	2	1	1	0	-3537813602919493764725760000000000
0	0	6	2	1	0	2	7169433850136508628879872000000000
0	0	6	2	1	0	1	171787773417749556480198466560000000
0	0	6	2	1	0	0	-3787767676315703161389937305600000000
0	0	6	2	0	2	0	19060481564359938869760000000000
0	0	6	2	0	1	2	277977586563798719745945600000000
0	0	6	2	0	1	1	65510635809083421019117824000000000
0	0	6	2	0	1	0	1584462857821522407559348531200000000
0	0	6	2	0	0	2	-1541455520130450111292747665408000000
0	0	6	2	0	0	1	-33767667278175723772592848177152000000
0	0	6	2	0	0	0	306019556569534105791871280584704000000
0	0	6	1	4	0	0	23458571873922122403840000000000
0	0	6	1	3	0	1	-473421571358342725040947200000000
0	0	6	1	3	0	0	-29722437509013300714006896640000000
0	0	6	1	2	1	1	150385435917207952807526400000000
0	0	6	1	2	1	0	-6338207615598008135702323200000000
0	0	6	1	2	0	1	562046650435052845582662438912000000
0	0	6	1	2	0	0	12601600245448430067664212787200000000
0	0	6	1	1	2	1	9423142985121243181056000000000
0	0	6	1	1	2	0	2016058365605611113735168000000000
0	0	6	1	1	1	1	-121663034845388600634258186240000000
0	0	6	1	1	1	0	2822445715495580147514587295744000000
0	0	6	1	1	0	1	-164940593267575329723415585548288000000
0	0	6	1	1	0	0	-2230433054422580322947657801723904000000
0	0	6	1	0	3	0	-5232698904515240125440000000000
0	0	6	1	0	2	1	-13930058425025738718488494080000000
0	0	6	1	0	2	0	-950068597420143869436516464640000000
0	0	6	1	0	1	1	28163676685871894671336814125056000000
0	0	6	1	0	1	0	-123745945721113977981708141305856000000
0	0	6	1	0	0	1	12586161881082999022155072272222208000000
0	0	6	1	0	0	0	129251904893225930093385688242951168000000
0	0	6	0	5	0	0	-3310913111315391774720000000000
0	0	6	0	4	1	0	-8126786727774143447040000000000
0	0	6	0	4	0	0	-1516105490164199049321676800000000
0	0	6	0	3	1	0	10669268861281292001522647040000000
0	0	6	0	3	0	0	5303071298805666732209915707392000000
0	0	6	0	2	2	0	1048020216125885345046528000000000
0	0	6	0	2	1	0	-5690864035068770886744853831680000000
0	0	6	0	2	0	0	-2195842462539735119272344384086016000000
0	0	6	0	1	3	0	-314723750852545773133824000000000
0	0	6	0	1	2	0	-358445734692189432898108612608000000
0	0	6	0	1	1	0	1319301553643362306444129384366080000000
0	0	6	0	1	0	0	306205391516084841563479065174220800000000
0	0	6	0	0	3	0	155241326358250441162355589120000000
0	0	6	0	0	2	0	-34671320676927056785766861869056000000
0	0	6	0	0	1	0	-92522409315774325393973023606579200000000
0	0	6	0	0	0	0	-13846563811135503342988382251944622080000000
0	0	5	4	0	0	2	131684044200043991040000000000
0	0	5	4	0	0	1	128417429008967665650969600000000
0	0	5	4	0	0	0	1250039195698452165865267200000000
0	0	5	3	2	0	0	65055053169207446906880000000000
0	0	5	3	1	0	2	-222766135171951561242624000000000
0	0	5	3	1	0	1	-11710896275865196987147929600000000
0	0	5	3	1	0	0	-127206610880231481971619962880000000
0	0	5	3	0	1	2	-902976303086015938560000000000
0	0	5	3	0	1	1	-390519539058201256557849600000000
0	0	5	3	0	1	0	-9856417331248524399073075200000000
0	0	5	3	0	0	2	95178619841340648481273405440000000
0	0	5	3	0	0	1	3574421544314982635550657621504000000
0	0	5	3	0	0	0	27210120235981610318552031906816000000
0	0	5	2	3	0	1	-5524145654191845424128000000000
0	0	5	2	3	0	0	1338150682753269886550016000000000
0	0	5	2	2	1	0	-185839107377312082355200000000000
0	0	5	2	2	0	2	59339087757297537402470400000000
0	0	5	2	2	0	1	-17283142935309585751570391040000000
0	0	5	2	2	0	0	-1381109394707645645526742241280000000
0	0	5	2	1	1	2	69945861277484795040768000000000
0	0	5	2	1	1	1	11066680499179397205728102400000000
0	0	5	2	1	1	0	290536474115801418717362135040000000
0	0	5	2	1	0	2	-74829487707960930289793986560000000
0	0	5	2	1	0	1	8541293561557496789237623378944000000
0	0	5	2	1	0	0	365576609320693839335610676574208000000
0	0	5	2	0	2	2	-484409162593018967040000000000
0	0	5	2	0	2	1	167068701724761216580147200000000
0	0	5	2	0	2	0	10152426555074682499702118400000000
0	0	5	2	0	1	2	-28047188364941511586062950400000000
0	0	5	2	0	1	1	-3938565134089472771976718657536000000
0	0	5	2	0	1	0	-64272633811220724323390527279104000000
0	0	5	2	0	0	2	17668240661798587847139546083328000000
0	0	5	2	0	0	1	-670998036327545734496892346125312000000
0	0	5	2	0	0	0	-26448014439587523189621178985112576000000
0	0	5	1	4	0	1	20068648336086704234496000000000
0	0	5	1	4	0	0	1138531216390549486372454400000000
0	0	5	1	3	1	1	3100218640595321389056000000000
0	0	5	1	3	1	0	-959621135298980575905792000000000
0	0	5	1	3	0	1	-22934342284091287962757447680000000
0	0	5	1	3	0	0	-1517596952069062773841294467072000000
0	0	5	1	2	2	0	94426865694588687575040000000000
0	0	5	1	2	1	1	5878923689209886457364316160000000
0	0	5	1	2	1	0	1128353070370840008037920276480000000
0	0	5	1	2	0	1	5769463499984436299612363538432000000
0	0	5	1	2	0	0	570606386923075715871538137071616000000
0	0	5	1	1	2	1	-2382877585444858321891737600000000
0	0	5	1	1	2	0	-154354393855937562840611942400000000
0	0	5	1	1	1	1	-2627982182759708402154375450624000000
0	0	5	1	1	1	0	-322923235243179274117367789924352000000
0	0	5	1	1	0	1	-192487369801610015727603100747776000000
0	0	5	1	1	0	0	-79281076312492659829852737926952960000000
0	0	5	1	0	3	1	1280623846140554795827200000000
0	0	5	1	0	3	0	-3688869927237442465463193600000000
0	0	5	1	0	2	1	870633845255876823177281482752000000
0	0	5	1	0	2	0	37119360501486435356866845960192000000
0	0	5	1	0	1	1	73280018652247667835184593899520000000
0	0	5	1	0	1	0	23509517735545729327618950485919744000000
0	0	5	1	0	0	1	-22347752038582555860178330430226432000000
0	0	5	1	0	0	0	3693841825903852988284500451745166336000000
0	0	5	0	5	0	0	778455870890454340632576000000000
0	0	5	0	4	1	0	-430864172780523365243289600000000
0	0	5	0	4	0	0	-994718393433981775645364551680000000
0	0	5	0	3	2	0	173973434394572404162560000000000
0	0	5	0	3	1	0	631655388028499099764086669312000000
0	0	5	0	3	0	0	417308898141515457366455458676736000000
0	0	5	0	2	3	0	-14347290149033364357120000000000
0	0	5	0	2	2	0	-225041893857447054522689617920000000
0	0	5	0	2	1	0	-238050195363270502758274851201024000000
0	0	5	0	2	0	0	-76828309836153683002197061960581120000000
0	0	5	0	1	3	0	24339990821740363826554798080000000
0	0	5	0	1	2	0	66654253243235781165622860251136000000
0	0	5	0	1	1	0	30914184058599178636170236299984896000000
0	0	5	0	1	0	0	6517294485411739336630868566612647936000000
0	0	5	0	0	4	0	394675892473846133145600000000000
0	0	5	0	0	3	0	-6131925146672021976692125261824000000
0	0	5	0	0	2	0	-4522624510541927545083396767035392000000
0	0	5	0	0	1	0	-1295387826607706013500254044098310144000000
0	0	5	0	0	0	0	-209529021217613529973457021293669662720000000
0	0	4	5	0	0	0	-17492030537905843476480000000000
0	0	4	4	1	0	1	16404383039501194417152000000000
0	0	4	4	1	0	0	-15095694466903614372864000000000
0	0	4	4	0	1	0	39672169816052538800640000000000
0	0	4	4	0	0	2	-169091342515887344654745600000000
0	0	4	4	0	0	1	-7920991393133034600387210240000000
0	0	4	4	0	0	0	-7291012037514499172477491200000000
0	0	4	3	2	0	2	-12190180091661215170560000000000
0	0	4	3	2	0	1	-1106148228721127239775846400000000
0	0	4	3	2	0	0	-10068225911689214871207936000000000
0	0	4	3	1	1	1	-38682893433999708317952000000000
0	0	4	3	1	1	0	-2042161801056176500647936000000000
0	0	4	3	1	0	2	17005433288151721492762214400000000
0	0	4	3	1	0	1	846933385541230305971447731200000000
0	0	4	3	1	0	0	6192797893470298801739374166016000000
0	0	4	3	0	2	0	8164410740402727444480000000000
0	0	4	3	0	1	2	48952038470861210309222400000000
0	0	4	3	0	1	1	33207810142857421462417382400000000
0	0	4	3	0	1	0	755816255669680850727836835840000000
0	0	4	3	0	0	2	-3650898256801595947362862411776000000
0	0	4	3	0	0	1	-128014148966929303600072978352640000000
0	0	4	3	0	0	0	-779918212161439990653005520528384000000
0	0	4	2	4	0	0	49437952593959372636160000000000
0	0	4	2	3	0	2	-17878930801103115583488000000000
0	0	4	2	3	0	1	-2363513948398743567462604800000000
0	0	4	2	3	0	0	-123891173293277439828287815680000000
0	0	4	2	2	1	2	4063393363887071723520000000000
0	0	4	2	2	1	1	757424141891107457523609600000000
0	0	4	2	2	1	0	14443323999014007581532364800000000
0	0	4	2	2	0	2	19323296479443686324186972160000000
0	0	4	2	2	0	1	2428213427010638285513015347200000000
0	0	4	2	2	0	0	68182812812714465394554610511872000000
0	0	4	2	1	2	1	16179736330764690799104000000000
0	0	4	2	1	2	0	2175901997546372607148032000000000
0	0	4	2	1	1	2	-5460355833860649542748364800000000
0	0	4	2	1	1	1	-702895632970001466953229465600000000
0	0	4	2	1	1	0	-10100870854008196915211586306048000000
0	0	4	2	1	0	2	-4715503641378523425708253384704000000
0	0	4	2	1	0	1	-619369398537202807096328183006208000000
0	0	4	2	1	0	0	-12705780560978088811224867323013120000000
0	0	4	2	0	3	0	-11685391255561046538240000000000
0	0	4	2	0	2	2	33331677147851992092057600000000
0	0	4	2	0	2	1	-15213013057962528550622115840000000
0	0	4	2	0	2	0	-838964729655594133400399247360000000
0	0	4	2	0	1	2	1119922395317030668209546940416000000
0	0	4	2	0	1	1	126303433292983971354015097387008000000
0	0	4	2	0	1	0	1464963733061945373549354413801472000000
0	0	4	2	0	0	2	240139742349087255316583765716992000000
0	0	4	2	0	0	1	42572763561157754681367572271399936000000
0	0	4	2	0	0	0	739584123791715233550821195363238912000000
0	0	4	1	5	0	0	73411973440893095804928000000000
0	0	4	1	4	1	0	-30475450229153037926400000000000
0	0	4	1	4	0	1	-2205129083036509228039372800000000
0	0	4	1	4	0	0	-180049148224395341503494389760000000
0	0	4	1	3	1	1	901940137778224735270502400000000
0	0	4	1	3	1	0	89117203926420838259630161920000000
0	0	4	1	3	0	1	2260146804414236073961405710336000000
0	0	4	1	3	0	0	119141663331480970087815607738368000000
0	0	4	1	2	2	1	-157668692281849243031961600000000
0	0	4	1	2	2	0	-6096780492718009864284979200000000
0	0	4	1	2	1	1	-1003849868144535287832141520896000000
0	0	4	1	2	1	0	-55329045670734106050560247717888000000
0	0	4	1	2	0	1	-713560098547464825463782747475968000000
0	0	4	1	2	0	0	-31115538426954521078058463696355328000000
0	0	4	1	1	3	1	10033070034289065984000000000
0	0	4	1	1	3	0	-734766867426142602805248000000000
0	0	4	1	1	2	1	152985887386127305127539384320000000
0	0	4	1	1	2	0	4863150520432178241568149319680000000
0	0	4	1	1	1	1	261840581491608590670108381745152000000
0	0	4	1	1	1	0	11291310973368081987620061263597568000000
0	0	4	1	1	0	1	86532398518408438016270455817435136000000
0	0	4	1	1	0	0	3457557460981622922444118503484913664000000
0	0	4	1	0	4	0	1805952606172031877120000000000
0	0	4	1	0	3	1	502043495507577810435686400000000
0	0	4	1	0	3	0	294658932457701782429571256320000000
0	0	4	1	0	2	1	-28394274228830897373859261796352000000
0	0	4	1	0	2	0	-799863260765199482059837766387712000000
0	0	4	1	0	1	1	-17220304647019460695395023482540032000000
0	0	4	1	0	1	0	-694258324089219849767723250260023296000000
0	0	4	1	0	0	1	-3565244128451492853022906798056972288000000
0	0	4	1	0	0	0	-137043930591826476329500674041939871744000000
0	0	4	0	5	1	0	-23838574401470820777984000000000
0	0	4	0	5	0	0	-45140453593734220420408934400000000
0	0	4	0	4	2	0	5417857818516095631360000000000
0	0	4	0	4	1	0	65566622755359589461554626560000000
0	0	4	0	4	0	0	48123755519400828120405312110592000000
0	0	4	0	3	2	0	-17118888422985191279874539520000000
0	0	4	0	3	1	0	-47744792362033515072541446045696000000
0	0	4	0	3	0	0	-18098004752344868924158502447038464000000
0	0	4	0	2	3	0	950350453173922050323251200000000
0	0	4	0	2	2	0	11583470253930987427455882461184000000
0	0	4	0	2	1	0	13269258586487103049108314851254272000000
0	0	4	0	2	0	0	3106511547291552753034425016308744192000000
0	0	4	0	1	4	0	75699513408711002849280000000000
0	0	4	0	1	3	0	-786200847271922587295828606976000000
0	0	4	0	1	2	0	-2504494192315782632363921844338688000000
0	0	4	0	1	1	0	-1525300242026309505329000958006681600000000
0	0	4	0	1	0	0	-249264970194279639265912479888206880768000000
0	0	4	0	0	4	0	-30063320105732640133834014720000000
0	0	4	0	0	3	0	135117045283663602209110386991104000000
0	0	4	0	0	2	0	156468234074640947274838527222829056000000
0	0	4	0	0	1	0	61456731659684947829784594468674654208000000
0	0	4	0	0	0	0	7597885993253134886368798485974931796992000000
0	0	3	5	0	0	2	-2031696681943535861760000000000
0	0	3	5	0	0	1	75758081455036165271961600000000
0	0	3	5	0	0	0	958721733277094275446988800000000
0	0	3	4	2	0	0	-2934672985029551800320000000000
0	0	3	4	1	0	2	-21265091937675675353088000000000
0	0	3	4	1	0	1	-739267075576647534739046400000000
0	0	3	4	1	0	0	6952257909572918392268881920000000
0	0	3	4	0	1	2	-1354464454629023907840000000000
0	0	3	4	0	1	1	-63319535850010509988300800000000
0	0	3	4	0	1	0	-1395373419800209574096486400000000
0	0	3	4	0	0	2	10511104685835799392967065600000000
0	0	3	4	0	0	1	220024552600352438621353009152000000
0	0	3	4	0	0	0	-1061858584502901889363991789568000000
0	0	3	3	3	0	1	-41480473923013857177600000000000
0	0	3	3	3	0	0	-298343370539619666100224000000000
0	0	3	3	2	1	0	-120265156367268747816960000000000
0	0	3	3	2	0	2	730191787490506788716544000000000
0	0	3	3	2	0	1	71205053755847567007282462720000000
0	0	3	3	2	0	0	505032038068957250479569469440000000
0	0	3	3	1	1	2	-1456049288726200700928000000000
0	0	3	3	1	1	1	3022376815907538813392486400000000
0	0	3	3	1	1	0	135317143996926064503181885440000000
0	0	3	3	1	0	2	-518544710481795971448624906240000000
0	0	3	3	1	0	1	-26282058597342258389793262596096000000
0	0	3	3	1	0	0	-164156723602825964564283562229760000000
0	0	3	3	0	2	2	169308056828627988480000000000
0	0	3	3	0	2	1	46472616038637524877926400000000
0	0	3	3	0	2	0	498166100630565991323955200000000
0	0	3	3	0	1	2	-804009423035561277181870080000000
0	0	3	3	0	1	1	-1136704644879213072855849744384000000
0	0	3	3	0	1	0	-24194874139942992979396864942080000000
0	0	3	3	0	0	2	74903119838966377364597296275456000000
0	0	3	3	0	0	1	2597293703898723592944039031303680000000
0	0	3	3	0	0	0	14109685819076002271648275068171264000000
0	0	3	2	4	0	1	-65623802826776208334848000000000
0	0	3	2	4	0	0	-3529544743739588240483942400000000
0	0	3	2	3	1	1	25565516581122826260480000000000
0	0	3	2	3	1	0	135040106126513683611648000000000
0	0	3	2	3	0	2	1114182460377835066589184000000000
0	0	3	2	3	0	1	162605813869133147323279687680000000
0	0	3	2	3	0	0	4468935254452044021381773131776000000
0	0	3	2	2	2	0	107171999972521516707840000000000
0	0	3	2	2	1	2	-249289182874471850237952000000000
0	0	3	2	2	1	1	-47741639257636006928547962880000000
0	0	3	2	2	1	0	-455021174777211120625383260160000000
0	0	3	2	2	0	2	-844804382452013456850158419968000000
0	0	3	2	2	0	1	-86820311933224614978121681182720000000
0	0	3	2	2	0	0	-1671413418318830203616355012022272000000
0	0	3	2	1	2	2	778817061411688747008000000000
0	0	3	2	1	2	1	-1342861209134368603029504000000000
0	0	3	2	1	2	0	-138675237130965536439099678720000000
0	0	3	2	1	1	2	170114505642146336629239889920000000
0	0	3	2	1	1	1	20410936028179155325939265335296000000
0	0	3	2	1	1	0	192175166285130827474046480384000000000
0	0	3	2	1	0	2	175608081011726366442772063408128000000
0	0	3	2	1	0	1	15596960866809892665534392862053376000000
0	0	3	2	1	0	0	238831321683210752696221492950657024000000
0	0	3	2	0	3	2	169308056828627988480000000000
0	0	3	2	0	3	1	18053067272885745184972800000000
0	0	3	2	0	3	0	-460878728854976249201049600000000
0	0	3	2	0	2	2	-966699566538871854848163840000000
0	0	3	2	0	2	1	532388374761738452984788709376000000
0	0	3	2	0	2	0	26704100932623432265397324599296000000
0	0	3	2	0	1	2	-23557867777618470587933438607360000000
0	0	3	2	0	1	1	-2367997657891505470820203590739968000000
0	0	3	2	0	1	0	-20517399581992481439036992293208064000000
0	0	3	2	0	0	2	-10170533085723713670945646491795456000000
0	0	3	2	0	0	1	-871096107580131062779117960676382720000000
0	0	3	2	0	0	0	-11454396376056930235641102749973504000000000
0	0	3	1	5	0	1	-4876072036664486068224000000000
0	0	3	1	5	0	0	-4593584930007056842004889600000000
0	0	3	1	4	1	1	23567681510545015996416000000000
0	0	3	1	4	1	0	2241286511652831021259161600000000
0	0	3	1	4	0	1	85815747159191489529658736640000000
0	0	3	1	4	0	0	6637479938333269839736840912896000000
0	0	3	1	3	2	1	-5417857818516095631360000000000
0	0	3	1	3	2	0	-18082100469297469169664000000000
0	0	3	1	3	1	1	-64077714158964088640622428160000000
0	0	3	1	3	1	0	-3219666286975301481005711130624000000
0	0	3	1	3	0	1	-66699239244267932238263205593088000000
0	0	3	1	3	0	0	-3136130338502247044808266840383488000000
0	0	3	1	2	3	0	-33297251176296837734400000000000
0	0	3	1	2	2	1	10132791927942275983316090880000000
0	0	3	1	2	2	0	149462665771574089342249205760000000
0	0	3	1	2	1	1	36829145209331398981710873673728000000
0	0	3	1	2	1	0	1341591713562310688217908634402816000000
0	0	3	1	2	0	1	17659577695836411105921544630173696000000
0	0	3	1	2	0	0	644947930428331132543636777489588224000000
0	0	3	1	1	3	1	51290558975790848670105600000000
0	0	3	1	1	3	0	45316172556570683350548725760000000
0	0	3	1	1	2	1	-4481840573084139887295142723584000000
0	0	3	1	1	2	0	-80483721466492833321105647345664000000
0	0	3	1	1	1	1	-6931732900875394535915813617213440000000
0	0	3	1	1	1	0	-210091014374632973210500226752573440000000
0	0	3	1	1	0	1	-1908426038081628902671098674198857728000000
0	0	3	1	1	0	0	-59850968923100459398404712673356775424000000
0	0	3	1	0	4	1	-8634460071509170185830400000000
0	0	3	1	0	4	0	137947313582324369093836800000000
0	0	3	1	0	3	1	-29320626566177092300147310592000000
0	0	3	1	0	3	0	-9140144538764559418778059776000000000
0	0	3	1	0	2	1	536687733003084220441487297937408000000
0	0	3	1	0	2	0	10327510645752529715699166396917760000000
0	0	3	1	0	1	1	393346889273510285675453885323984896000000
0	0	3	1	0	1	0	10807029967950100224509174534929821696000000
0	0	3	1	0	0	1	72435873762744477210502008910665265152000000
0	0	3	1	0	0	0	2054189655813809795972330599038137101824000000
0	0	3	0	5	1	0	1485576613837113422118912000000000
0	0	3	0	5	0	0	1173766305279941887127896719360000000
0	0	3	0	4	2	0	-416416551931147110226329600000000
0	0	3	0	4	1	0	-2404103881627722248695947460608000000
0	0	3	0	4	0	0	-1023572985816803794261459236716544000000
0	0	3	0	3	3	0	5237262557898892443648000000000
0	0	3	0	3	2	0	642628972977010633815557013504000000
0	0	3	0	3	1	0	1248669032266583959531095774756864000000
0	0	3	0	3	0	0	329249603836750421980187704773623808000000
0	0	3	0	2	4	0	3611905212344063754240000000000
0	0	3	0	2	3	0	-25290831189724060211970048000000000
0	0	3	0	2	2	0	-289266305010242573279597036175360000000
0	0	3	0	2	1	0	-276254501008425650376501293145464832000000
0	0	3	0	2	0	0	-49766956117713319003838008280280391680000000
0	0	3	0	1	4	0	-4585492456378799967163514880000000
0	0	3	0	1	3	0	13633548562071531638880916635648000000
0	0	3	0	1	2	0	48220329991631474400046551842955264000000
0	0	3	0	1	1	0	27054158039867002709858697596187279360000000
0	0	3	0	1	0	0	3583240694932502857287596280051648927744000000
0	0	3	0	0	5	0	-4153690994195673317376000000000
0	0	3	0	0	4	0	916890759680984818985403777024000000
0	0	3	0	0	3	0	-1802520037726022980932664442830848000000
0	0	3	0	0	2	0	-2577882919000199628781721005220155392000000
0	0	3	0	0	1	0	-966075291282075998520214645997330055168000000
0	0	3	0	0	0	0	-99270700754150480680327127722879275224064000000
0	0	2	6	0	0	0	-1862388625114907873280000000000
0	0	2	5	1	0	1	8832236964560093399040000000000
0	0	2	5	1	0	0	51289054015285705310208000000000
0	0	2	5	0	1	0	26101658761080148224000000000000
0	0	2	5	0	0	2	94473895710374417571840000000000
0	0	2	5	0	0	1	-2083716732900182325556469760000000
0	0	2	5	0	0	0	-23501695049860512866929827840000000
0	0	2	4	2	0	1	6467567770853589159936000000000
0	0	2	4	2	0	0	578252479851738316814745600000000
0	0	2	4	1	1	1	-6673559239995086545920000000000
0	0	2	4	1	1	0	94682708980463058757632000000000
0	0	2	4	1	0	2	994962499081388382221107200000000
0	0	2	4	1	0	1	18249066092723854147047383040000000
0	0	2	4	1	0	0	-323340964148012276214616817664000000
0	0	2	4	0	2	0	-7477772509931069491200000000000
0	0	2	4	0	1	2	65522217992679031541760000000000
0	0	2	4	0	1	1	3071982844371913227891210240000000
0	0	2	4	0	1	0	1775206150179915148660039680000000
0	0	2	4	0	0	2	-250243218062913495256359469056000000
0	0	2	4	0	0	1	-3666265877495407408051067301888000000
0	0	2	4	0	0	0	33116631358815801980412980889600000000
0	0	2	3	3	0	1	1998356539392842438268518400000000
0	0	2	3	3	0	0	14731047051388893699755212800000000
0	0	2	3	2	1	1	27123150703946203754496000000000
0	0	2	3	2	1	0	6131385178333149995930419200000000
0	0	2	3	2	0	2	-16360928308222183329015398400000000
0	0	2	3	2	0	1	-1711066745582900526496510771200000000
0	0	2	3	2	0	0	-11484067320664128928613316722688000000
0	0	2	3	1	2	1	3089872037122460789760000000000
0	0	2	3	1	2	0	62327939320512250159104000000000
0	0	2	3	1	1	2	86611229551252933786828800000000
0	0	2	3	1	1	1	-88237361819783867106540072960000000
0	0	2	3	1	1	0	-3391000225905415728410737164288000000
0	0	2	3	1	0	2	7891999223689598920483592208384000000
0	0	2	3	1	0	1	415407532502422068166203533724672000000
0	0	2	3	1	0	0	2464972915271521201136989709967360000000
0	0	2	3	0	3	0	-5079241704858839654400000000000
0	0	2	3	0	2	2	-6095090045830607585280000000000
0	0	2	3	0	2	1	-2713118154944177500874956800000000
0	0	2	3	0	2	0	-31676920982001383610101944320000000
0	0	2	3	0	1	2	-215376101859470349633454080000000
0	0	2	3	0	1	1	19691452061408960913608787916800000000
0	0	2	3	0	1	0	395646144821116959800108122767360000000
0	0	2	3	0	0	2	-864465718852853993330253967601664000000
0	0	2	3	0	0	1	-30464097028002174945790988411503104000000
0	0	2	3	0	0	0	-158540208909918114411958766002191360000000
0	0	2	2	4	0	1	3157622349143004565630156800000000
0	0	2	2	4	0	0	93323191470441965504599818240000000
0	0	2	2	3	1	1	-1212110240447513495126016000000000
0	0	2	2	3	1	0	-5809839831685735150288896000000000
0	0	2	2	3	0	2	-26029155181800159660229263360000000
0	0	2	2	3	0	1	-3945428519380096597025463779328000000
0	0	2	2	3	0	0	-79111748597049136417310038425600000000
0	0	2	2	2	2	1	-7364900472045317498880000000000
0	0	2	2	2	2	0	-5403046749704727254927769600000000
0	0	2	2	2	1	2	5733895009714685779776307200000000
0	0	2	2	2	1	1	1124852880558985468346750976000000000
0	0	2	2	2	1	0	7330615210610240807771593850880000000
0	0	2	2	2	0	2	14984806583515861076020719648768000000
0	0	2	2	2	0	1	1438072237444404890920820620068864000000
0	0	2	2	2	0	0	22348166792594146212704342954618880000000
0	0	2	2	1	3	1	2511402842957981829120000000000
0	0	2	2	1	3	0	-97814908031792676544512000000000
0	0	2	2	1	2	2	-33096338948860199188070400000000
0	0	2	2	1	2	1	38242580253815604481839636480000000
0	0	2	2	1	2	0	3355447031535028111410220867584000000
0	0	2	2	1	1	2	-2644609531415642371130838368256000000
0	0	2	2	1	1	1	-308639351338738133320179595984896000000
0	0	2	2	1	1	0	-2137727815739228747087507384967168000000
0	0	2	2	1	0	2	-2581278667647430629926292876398592000000
0	0	2	2	1	0	1	-199858194504273603102423511969004544000000
0	0	2	2	1	0	0	-2580734155418809606698795425431148544000000
0	0	2	2	0	4	0	2257440757715039846400000000000
0	0	2	2	0	3	2	-7618862557288259481600000000000
0	0	2	2	0	3	1	-733660307590723318856540160000000
0	0	2	2	0	3	0	37890614877109638502499942400000000
0	0	2	2	0	2	2	14804801839783253401511215104000000
0	0	2	2	0	2	1	-9090777899096613989273629126656000000
0	0	2	2	0	2	0	-427044037714511394129882364182528000000
0	0	2	2	0	1	2	277304029514295819045254148427776000000
0	0	2	2	0	1	1	26161146365720413981778308218230784000000
0	0	2	2	0	1	0	179019642365511695087097357649539072000000
0	0	2	2	0	0	2	134265233790182800070505888346902528000000
0	0	2	2	0	0	1	9298916674890240713611320052268156928000000
0	0	2	2	0	0	0	104645479989429235048972206808039633920000000
0	0	2	1	5	0	1	223811706482899910531481600000000
0	0	2	1	5	0	0	107751829951974746294499409920000000
0	0	2	1	4	1	1	-1126128836867663057456332800000000
0	0	2	1	4	1	0	-60650973267330843314743541760000000
0	0	2	1	4	0	1	-1554542890903942585686236528640000000
0	0	2	1	4	0	0	-111757647126168477959093897822208000000
0	0	2	1	3	2	1	260951121828827746084454400000000
0	0	2	1	3	2	0	357700517822978923821465600000000
0	0	2	1	3	1	1	1561542757245821780874248454144000000
0	0	2	1	3	1	0	57113200188599924029003116871680000000
0	0	2	1	3	0	1	948259499556739395333910159540224000000
0	0	2	1	3	0	0	41358297943724760427478547359195136000000
0	0	2	1	2	3	1	-1083571563703219126272000000000
0	0	2	1	2	3	0	1601703881295490501897420800000000
0	0	2	1	2	2	1	-243052666422611153121334886400000000
0	0	2	1	2	2	0	-1676425850678205065817668911104000000
0	0	2	1	2	1	1	-614789867255496885342272070549504000000
0	0	2	1	2	1	0	-17783606363989514092603400141955072000000
0	0	2	1	2	0	1	-211134923911875814439592779047489536000000
0	0	2	1	2	0	0	-7033897737967737394063093614083997696000000
0	0	2	1	1	4	1	-902976303086015938560000000000
0	0	2	1	1	4	0	21987472980144488103936000000000
0	0	2	1	1	3	1	-1898463882887648839049379840000000
0	0	2	1	1	3	0	-1058009651758349404232845934592000000
0	0	2	1	1	2	1	68343388112857048067639885709312000000
0	0	2	1	1	2	0	736100856259736522712098139095040000000
0	0	2	1	1	1	1	90438118540458675537227511714840576000000
0	0	2	1	1	1	0	2244561049854655660403490572454924288000000
0	0	2	1	1	0	1	19970060494749888633703352814737295360000000
0	0	2	1	1	0	0	560028836115058940378175864650917423104000000
0	0	2	1	0	5	0	-225744075771503984640000000000
0	0	2	1	0	4	1	397787548814280544069877760000000
0	0	2	1	0	4	0	-8985213114738880388743249920000000
0	0	2	1	0	3	1	594124835177989085888591511552000000
0	0	2	1	0	3	0	142171517022228284937792495058944000000
0	0	2	1	0	2	1	-5953536870004981275708028101599232000000
0	0	2	1	0	2	0	-80449627114984882288070708743587840000000
0	0	2	1	0	1	1	-4365424648950654026593020579115401216000000
0	0	2	1	0	1	0	-98156276269987989684271137006707214336000000
0	0	2	1	0	0	1	-680289527328714895668845203148038060032000000
0	0	2	1	0	0	0	-16917008788037341792649511850125575084544000000
0	0	2	0	5	1	0	-34705540242400212880305684480000000
0	0	2	0	5	0	0	-15633766940989599078416422797312000000
0	0	2	0	4	2	0	11620849920660269777234165760000000
0	0	2	0	4	1	0	40337831193291038644480253362176000000
0	0	2	0	4	0	0	11451718512988022172428010726653952000000
0	0	2	0	3	3	0	-183448665734954998077849600000000
0	0	2	0	3	2	0	-11707269393802608843441875582976000000
0	0	2	0	3	1	0	-16408028062526899218906476207112192000000
0	0	2	0	3	0	0	-3192930561051431299118899134941773824000000
0	0	2	0	2	4	0	-162030067825754700015206400000000
0	0	2	0	2	3	0	335095021855284837531920105472000000
0	0	2	0	2	2	0	3914272416868915747730531519102976000000
0	0	2	0	2	1	0	3014360939493172140605380035124420608000000
0	0	2	0	2	0	0	427774448093366699540378076003315793920000000
0	0	2	0	1	5	0	-361190521234406375424000000000
0	0	2	0	1	4	0	104025343909388970571377278976000000
0	0	2	0	1	3	0	-134425165236465535946539636064256000000
0	0	2	0	1	2	0	-526203318200951675451146338448990208000000
0	0	2	0	1	1	0	-255309144998888635785658583387847770112000000
0	0	2	0	1	0	0	-27742985386754441996560221796536092049408000000
0	0	2	0	0	5	0	187078630473360782150860800000000
0	0	2	0	0	4	0	-13990215292484515906127257239552000000
0	0	2	0	0	3	0	14643532500071171786472588177899520000000
0	0	2	0	0	2	0	24136446301432931210242018386387456000000000
0	0	2	0	0	1	0	8104075118955290650115980346922140258304000000
0	0	2	0	0	0	0	700658731804964745163863530288248572312576000000
0	0	1	6	0	0	1	25390564922399910672384000000000
0	0	1	6	0	0	0	5959643600367705194496000000000
0	0	1	5	1	0	1	-138392405651720517783552000000000
0	0	1	5	1	0	0	-1806625323517830958994227200000000
0	0	1	5	0	1	1	-8496442651849981221888000000000
0	0	1	5	0	1	0	-917192536257726401992704000000000
0	0	1	5	0	0	2	-1463553021804845493377433600000000
0	0	1	5	0	0	1	9310569224554986415999082496000000
0	0	1	5	0	0	0	314575872569072881692219334656000000
0	0	1	4	2	0	1	116334952008086863444377600000000
0	0	1	4	2	0	0	-16386722729296138460316303360000000
0	0	1	4	1	1	1	184085264028630639314534400000000
0	0	1	4	1	1	0	-3399699008796576863558860800000000
0	0	1	4	1	0	2	-15510151259264963799831674880000000
0	0	1	4	1	0	1	-279325017419961300595534577664000000
0	0	1	4	1	0	0	5308205392663884019834218676224000000
0	0	1	4	0	2	1	-5347312794837500636160000000000
0	0	1	4	0	2	0	301215963903812054304768000000000
0	0	1	4	0	1	2	-1055425792336028009467084800000000
0	0	1	4	0	1	1	-47844264405088367226311178240000000
0	0	1	4	0	1	0	348799993952730177781583953920000000
0	0	1	4	0	0	2	2662372275578595181728999899136000000
0	0	1	4	0	0	1	35876847792850795609133752341504000000
0	0	1	4	0	0	0	-396448090919032481385433704898560000000
0	0	1	3	3	0	1	-31824452128636542980819681280000000
0	0	1	3	3	0	0	-242277781371511252430731345920000000
0	0	1	3	2	1	1	-1052073492810821175295180800000000
0	0	1	3	2	1	0	-104401907511885786059553669120000000
0	0	1	3	2	0	2	162485982367135435634617221120000000
0	0	1	3	2	0	1	18220162931742328312036478681088000000
0	0	1	3	2	0	0	123346001158361644484449527939072000000
0	0	1	3	1	2	1	-139506452665652889947750400000000
0	0	1	3	1	2	0	-1962172021487428064570572800000000
0	0	1	3	1	1	2	-1647978256411588017692835840000000
0	0	1	3	1	1	1	1145929812055427870716292923392000000
0	0	1	3	1	1	0	38043342114420925331450096762880000000
0	0	1	3	1	0	2	-59923360808579057186707787169792000000
0	0	1	3	1	0	1	-3309247580479404528505537651083264000000
0	0	1	3	1	0	0	-19729672182807022602520102524542976000000
0	0	1	3	0	3	1	1224661611060409116672000000000
0	0	1	3	0	3	0	127675205654468366112768000000000
0	0	1	3	0	2	2	65278414390845807238348800000000
0	0	1	3	0	2	1	50337323290092758535926931456000000
0	0	1	3	0	2	0	512359735838304997601754402816000000
0	0	1	3	0	1	2	118126447286414260891809300480000000
0	0	1	3	0	1	1	-173084687485847173669985111890944000000
0	0	1	3	0	1	0	-3282503806431200832253466596835328000000
0	0	1	3	0	0	2	5315062451035221411472206751260672000000
0	0	1	3	0	0	1	193532807904675352009463515850187264000000
0	0	1	3	0	0	0	1011352490527612363331629756481860608000000
0	0	1	2	4	0	1	-50586492399693327523195453440000000
0	0	1	2	4	0	0	-1085629928164916962059676680192000000
0	0	1	2	3	1	1	19018107194062220028248555520000000
0	0	1	2	3	1	0	81955897295688249002913300480000000
0	0	1	2	3	0	2	270171273440097858352229646336000000
0	0	1	2	3	0	1	41926842871026204231007178268672000000
0	0	1	2	3	0	0	690817884138622532586438205636608000000
0	0	1	2	2	2	1	275132364668793626399539200000000
0	0	1	2	2	2	0	90614740687136401734359285760000000
0	0	1	2	2	1	2	-58605095342547341572668456960000000
0	0	1	2	2	1	1	-11752140958503301105453039362048000000
0	0	1	2	2	1	0	-60871512821675094040677561999360000000
0	0	1	2	2	0	2	-124843556718818094134258988613632000000
0	0	1	2	2	0	1	-11591912781686419565896469444640768000000
0	0	1	2	2	0	0	-156565131068717402986253405600575488000000
0	0	1	2	1	3	1	-68373365669673126867763200000000
0	0	1	2	1	3	0	3203071403918081462857728000000000
0	0	1	2	1	2	2	459143133152419669399142400000000
0	0	1	2	1	2	1	-462322583238034802536656961536000000
0	0	1	2	1	2	0	-36553870627317056985161486376960000000
0	0	1	2	1	1	2	20522694141212381549844448223232000000
0	0	1	2	1	1	1	2376205499141542669170317158287360000000
0	0	1	2	1	1	0	13369146004271928656917791331246080000000
0	0	1	2	1	0	2	18207336967403165408048406848040960000000
0	0	1	2	1	0	1	1312283325760485472595548109734456320000000
0	0	1	2	1	0	0	15142014936184535240933350075932149760000000
0	0	1	2	0	4	1	-519211374274459164672000000000
0	0	1	2	0	4	0	-52993421787360560394240000000000
0	0	1	2	0	3	2	113551527553824219313766400000000
0	0	1	2	0	3	1	10017040546944466034822406144000000
0	0	1	2	0	3	0	-678617160311601412257744470016000000
0	0	1	2	0	2	2	-118598190799218426176269492224000000
0	0	1	2	0	2	1	76421142322472849517248067680256000000
0	0	1	2	0	2	0	3458177802823331888770810822023168000000
0	0	1	2	0	1	2	-1735746789966884537933381223702528000000
0	0	1	2	0	1	1	-158424873039739018890195140904376320000000
0	0	1	2	0	1	0	-914697446468374108168719675057082368000000
0	0	1	2	0	0	2	-838617621929892235464331996515502080000000
0	0	1	2	0	0	1	-52106115690223568276753400718595655168000000
0	0	1	2	0	0	0	-530263482746347757131057727047919384064000000
0	0	1	1	5	0	1	-3423002569738469219893248000000000
0	0	1	1	5	0	0	-1122977607048960120031938084864000000
0	0	1	1	4	1	1	17920734992030785777379573760000000
0	0	1	1	4	1	0	718791833385251493487172517888000000
0	0	1	1	4	0	1	13394112553044952430598503202816000000
0	0	1	1	4	0	0	907929503210397490993155776643072000000
0	0	1	1	3	2	1	-4168456462703735850003333120000000
0	0	1	1	3	2	0	2496817066734233413664440320000000
0	0	1	1	3	1	1	-16557356140429336585722316062720000000
0	0	1	1	3	1	0	-500582713620851844674547459833856000000
0	0	1	1	3	0	1	-6651458120709957038939968404013056000000
0	0	1	1	3	0	0	-276211891949518529068951209516982272000000
0	0	1	1	2	3	1	32507146911096573788160000000000
0	0	1	1	2	3	0	-25624709386719023863300423680000000
0	0	1	1	2	2	1	2580044214522744534159172435968000000
0	0	1	1	2	2	0	7780606851309059964753873321984000000
0	0	1	1	2	1	1	4962836426272708551326220314198016000000
0	0	1	1	2	1	0	123996117365772192906779628878856192000000
0	0	1	1	2	0	1	1269465579144878114810242545912741888000000
0	0	1	1	2	0	0	40039948985750145761229166699029712896000000
0	0	1	1	1	4	1	28064503499913375370444800000000
0	0	1	1	1	4	0	-708818338396460791450828800000000
0	0	1	1	1	3	1	21664675747150474805797257216000000
0	0	1	1	1	3	0	11094459457894229501936578805760000000
0	0	1	1	1	2	1	-530019483213139457881314837381120000000
0	0	1	1	1	2	0	-3527127657082416195783486005243904000000
0	0	1	1	1	1	1	-598409133258641350347842291619139584000000
0	0	1	1	1	1	0	-13058760737920620187456607806702718976000000
0	0	1	1	1	0	1	-106012879047767912988414020303729682432000000
0	0	1	1	1	0	0	-2788815074952161355727542278661729801216000000
0	0	1	1	0	5	1	90297630308601593856000000000
0	0	1	1	0	5	0	4605179145738681286656000000000
0	0	1	1	0	4	1	-6174514757878489844016611328000000
0	0	1	1	0	4	0	153918378816619339600358326272000000
0	0	1	1	0	3	1	-5113067981226765781046097051648000000
0	0	1	1	0	3	0	-1116422868398978765506015878746112000000
0	0	1	1	0	2	1	36101559364599216900086350660841472000000
0	0	1	1	0	2	0	354218109526910498568997659021416448000000
0	0	1	1	0	1	1	24921036557023262719751805329973927936000000
0	0	1	1	0	1	0	493859024976601984171316773736209830912000000
0	0	1	1	0	0	1	3252255334198831996924543072655163835392000000
0	0	1	1	0	0	0	75123761443383727656032314419262289493504000000
0	0	1	0	5	1	0	360228364586797144469639528448000000
0	0	1	0	5	0	0	104154834133170503431732783742976000000
0	0	1	0	4	2	0	-140817410638427665904451452928000000
0	0	1	0	4	1	0	-326390016221762666591075581034496000000
0	0	1	0	4	0	0	-65735481355657957864293525989130240000000
0	0	1	0	3	3	0	1846080873081174425429606400000000
0	0	1	0	3	2	0	104562779943503124776774478200832000000
0	0	1	0	3	1	0	109149837464112209132021211338440704000000
0	0	1	0	3	0	0	16156326640160461943315971616888586240000000
0	0	1	0	2	4	0	2403708471194125052191703040000000
0	0	1	0	2	3	0	-2164632572277633607866643120128000000
0	0	1	0	2	2	0	-27695457202214682734318332359376896000000
0	0	1	0	2	1	0	-17126993640106342891633505831200825344000000
0	0	1	0	2	0	0	-1940851550322047666759989989626034720768000000
0	0	1	0	1	5	0	10402287011550903612211200000000
0	0	1	0	1	4	0	-1046507290794519417855776784384000000
0	0	1	0	1	3	0	716214122671076723164462883831808000000
0	0	1	0	1	2	0	3105028233359140042916048919443521536000000
0	0	1	0	1	1	0	1274310788927450817310368330203797340160000000
0	0	1	0	1	0	0	114337235039639268492850465673829364690944000000
0	0	1	0	0	5	0	-2790478505142352087123230720000000
0	0	1	0	0	4	0	106740249367860030098950778290176000000
0	0	1	0	0	3	0	-67479308888220384756897285046886400000000
0	0	1	0	0	2	0	-123735771180956296787844314222747430912000000
0	0	1	0	0	1	0	-36268208560592715782083898540239155578880000000
0	0	1	0	0	0	0	-2649627919403004967646467400208312044203008000000
0	0	0	6	0	0	1	-412146602737929112356864000000000
0	0	0	6	0	0	0	392219044449199598112768000000000
0	0	0	5	1	0	1	-13935407541450712475811840000000
0	0	0	5	1	0	0	15807030905217281034095493120000000
0	0	0	5	0	1	1	150232118065746473017958400000000
0	0	0	5	0	1	0	8008399762117293612375244800000000
0	0	0	5	0	0	2	7553645093797871980437504000000000
0	0	0	5	0	0	1	71910887802711143670357147648000000
0	0	0	5	0	0	0	-1799617286707745327876747206656000000
0	0	0	4	2	0	1	-3442762851667052049684725760000000
0	0	0	4	2	0	0	126185171769003959498773168128000000
0	0	0	4	1	1	1	-1309902912687842678528040960000000
0	0	0	4	1	1	0	30226593797671820049300602880000000
0	0	0	4	1	0	2	80555625936775235209729277952000000
0	0	0	4	1	0	1	1760701570939804682386699223040000000
0	0	0	4	1	0	0	-29653331659092440143116013412352000000
0	0	0	4	0	2	1	67379527376089080575385600000000
0	0	0	4	0	2	0	-2917231997735445402466713600000000
0	0	0	4	0	1	2	5660790499704993472398458880000000
0	0	0	4	0	1	1	244096407368612736321588627456000000
0	0	0	4	0	1	0	-2916386760209076336085233758208000000
0	0	0	4	0	0	2	-10645661285806122353730479357952000000
0	0	0	4	0	0	1	-152669937060059212454477397672960000000
0	0	0	4	0	0	0	1746598712677811802201509996009472000000
0	0	0	3	3	0	1	167551711663702005220707827712000000
0	0	0	3	3	0	0	1327299263515549146589842898944000000
0	0	0	3	2	1	1	9796955175345918763414978560000000
0	0	0	3	2	1	0	593500855210619214101534539776000000
0	0	0	3	2	0	2	-603346068870912001283566731264000000
0	0	0	3	2	0	1	-72639281465497049879868743024640000000
0	0	0	3	2	0	0	-510624405291790096418346575560704000000
0	0	0	3	1	2	1	1473771440266680506994155520000000
0	0	0	3	1	2	0	15429842352821099714288025600000000
0	0	0	3	1	1	2	10157430990836432557223608320000000
0	0	0	3	1	1	1	-5599888573752337398914902173696000000
0	0	0	3	1	1	0	-161019278690888387530224748855296000000
0	0	0	3	1	0	2	181500492376801641474040675811328000000
0	0	0	3	1	0	1	10599965914653244249925181981981696000000
0	0	0	3	1	0	0	65513987807625514597392539207368704000000
0	0	0	3	0	3	1	-10791695542256747985715200000000
0	0	0	3	0	3	0	-735342138579233652126105600000000
0	0	0	3	0	2	2	-177732825736420517186764800000000
0	0	0	3	0	2	1	-305257691592898993819114168320000000
0	0	0	3	0	2	0	-2667225481580198231981337341952000000
0	0	0	3	0	1	2	-802901375283314570621815480320000000
0	0	0	3	0	1	1	618092767129494765487090779859968000000
0	0	0	3	0	1	0	11011966758346924619641227188846592000000
0	0	0	3	0	0	2	-13590354720566005154514768008024064000000
0	0	0	3	0	0	1	-517743795361375700371605264013039104000000
0	0	0	3	0	0	0	-2799099798080028787742371946061990912000000
0	0	0	2	4	0	1	269829543683552301175110303744000000
0	0	0	2	4	0	0	4696397968633116832501698134016000000
0	0	0	2	3	1	1	-98731184453442107029034237952000000
0	0	0	2	3	1	0	-377077963082389769263440199680000000
0	0	0	2	3	0	2	-1051254117665780075056276439040000000
0	0	0	2	3	0	1	-166141608784967504607967834841088000000
0	0	0	2	3	0	0	-2389061488516427651159513349881856000000
0	0	0	2	2	2	1	-2488899544764699454411161600000000
0	0	0	2	2	2	0	-505627968838275546199226155008000000
0	0	0	2	2	1	2	224593862570085150748227207168000000
0	0	0	2	2	1	1	45974938056156004035168527634432000000
0	0	0	2	2	1	0	209380623623407604811800703836160000000
0	0	0	2	2	0	2	404839176405619944020509614145536000000
0	0	0	2	2	0	1	36909014935039206054422757764438016000000
0	0	0	2	2	0	0	451568729395182323669569567556014080000000
0	0	0	2	1	3	1	447028125837990365055467520000000
0	0	0	2	1	3	0	-26219212279609249665953464320000000
0	0	0	2	1	2	2	-2063478106799842204538339328000000
0	0	0	2	1	2	1	2048738665962919917948799242240000000
0	0	0	2	1	2	0	151286124836668972915859990962176000000
0	0	0	2	1	1	2	-63625805146577806587901805027328000000
0	0	0	2	1	1	1	-7390861529439787006699276884154368000000
0	0	0	2	1	1	0	-37122445549342273428017609767059456000000
0	0	0	2	1	0	2	-51039774823770739292537189397786624000000
0	0	0	2	1	0	1	-3518847315313371082081168393930942464000000
0	0	0	2	1	0	0	-37517016425557004611070179368083539968000000
0	0	0	2	0	4	1	6731688339506248821964800000000
0	0	0	2	0	4	0	266050680500506021097472000000000
0	0	0	2	0	3	2	-559858401069724629138309120000000
0	0	0	2	0	3	1	-45435855451243314658138103808000000
0	0	0	2	0	3	0	3813852292476990522872028512256000000
0	0	0	2	0	2	2	390647419995301134699356725248000000
0	0	0	2	0	2	1	-254567506808573793851620260501504000000
0	0	0	2	0	2	0	-11371097708239922452603062719944704000000
0	0	0	2	0	1	2	4517819846688324060187821313044480000000
0	0	0	2	0	1	1	406877994761677169175329402687735808000000
0	0	0	2	0	1	0	2137768352211550884423776277244231680000000
0	0	0	2	0	0	2	2094416065710502141336291071248560128000000
0	0	0	2	0	0	1	121541891075428389684921851479749609984000000
0	0	0	2	0	0	0	1153885082554743581592716809493717779968000000
0	0	0	1	5	0	1	17444147711167198909071360000000000
0	0	0	1	5	0	0	4387370349868687750858726440960000000
0	0	0	1	4	1	1	-94977174609566705836885671936000000
0	0	0	1	4	1	0	-3157089511495126017250565554176000000
0	0	0	1	4	0	1	-44372094186861166011326645501952000000
0	0	0	1	4	0	0	-2891737440124642020517364429586432000000
0	0	0	1	3	2	1	22087114248046902556317843456000000
0	0	0	1	3	2	0	-57446803934525839565106118656000000
0	0	0	1	3	1	1	65263573590185195300212768604160000000
0	0	0	1	3	1	0	1741945052677704313302359497064448000000
0	0	0	1	3	0	1	18462504633049684923511965282533376000000
0	0	0	1	3	0	0	745307042250616830497266516163174400000000
0	0	0	1	2	3	1	-244973859122023780067573760000000
0	0	0	1	2	3	0	136333321156718601206765912064000000
0	0	0	1	2	2	1	-10229169291288423970575702196224000000
0	0	0	1	2	2	0	-6973844181016392287168253935616000000
0	0	0	1	2	1	1	-15770744328204387971083084204744704000000
0	0	0	1	2	1	0	-357596121012666706696276419859390464000000
0	0	0	1	2	0	1	-3075370631433635457201420834380869632000000
0	0	0	1	2	0	0	-94026218040980512749580191506464407552000000
0	0	0	1	1	4	1	-217797884304347044380672000000000
0	0	0	1	1	4	0	5712464673113545363506462720000000
0	0	0	1	1	3	1	-71403987201013622858284302336000000
0	0	0	1	1	3	0	-44122279740097706561822087725056000000
0	0	0	1	1	2	1	1656479166862075905521259323596800000000
0	0	0	1	1	2	0	6970575041844405924370673792544768000000
0	0	0	1	1	1	1	1609203529897404996942435269349494784000000
0	0	0	1	1	1	0	32230664719918765183965887982952943616000000
0	0	0	1	1	0	1	229339487786928347028769122147247779840000000
0	0	0	1	1	0	0	5813749688723435129439320661238915433472000000
0	0	0	1	0	5	1	-1354464454629023907840000000000
0	0	0	1	0	5	0	-15359626915493131114905600000000
0	0	0	1	0	4	1	32256533061985474752540180480000000
0	0	0	1	0	4	0	-846269813980570427336793636864000000
0	0	0	1	0	3	1	15586635223645035125904341139456000000
0	0	0	1	0	3	0	3550094319039668251136386037747712000000
0	0	0	1	0	2	1	-92552857999291507084353559985098752000000
0	0	0	1	0	2	0	-693336818272287549573618694696028160000000
0	0	0	1	0	1	1	-58724108499435496832668867159681695744000000
0	0	0	1	0	1	0	-1069812944781535811170464465864135932928000000
0	0	0	1	0	0	1	-6382210752572809365840779591447412882432000000
0	0	0	1	0	0	0	-141144260318243405761319289268433661390336000000
0	0	0	0	5	1	0	-1401672156887706766741701918720000000
0	0	0	0	5	0	0	-274377324710768599589688150589440000000
0	0	0	0	4	2	0	628719207073043394317149274112000000
0	0	0	0	4	1	0	1034129232877676603211580026912768000000
0	0	0	0	4	0	0	152474701966710439708344258123890688000000
0	0	0	0	3	3	0	-4028610716692198389566668800000000
0	0	0	0	3	2	0	-368671619874525816752926785404928000000
0	0	0	0	3	1	0	-292995787840255871489281912961236992000000
0	0	0	0	3	0	0	-33547059430420007888230749784714985472000000
0	0	0	0	2	4	0	-11773022376780495058451300352000000
0	0	0	0	2	3	0	5202524181826206810884104519680000000
0	0	0	0	2	2	0	80687350237172590150643113209004032000000
0	0	0	0	2	1	0	40063421062945521252540786838502744064000000
0	0	0	0	2	0	0	3654500249191935466000614668889309622272000000
0	0	0	0	1	5	0	-73726209194367029351546880000000
0	0	0	0	1	4	0	3934571093709553384453036965888000000
0	0	0	0	1	3	0	-1607222222666014350525168917053440000000
0	0	0	0	1	2	0	-7736893366790536554998752906786504704000000
0	0	0	0	1	1	0	-2652937612465919839009052170755326791680000000
0	0	0	0	1	0	0	-197243299231715800729983510423260751992832000000
0	0	0	0	0	5	0	13768369567048042731401379840000000
0	0	0	0	0	4	0	-325550829949551821203451265908736000000
0	0	0	0	0	3	0	136675244468617566463207795301867520000000
0	0	0	0	0	2	0	271344947042879681989444889466313064448000000
0	0	0	0	0	1	0	68280718773769587234964496731255550023680000000
0	0	0	0	0	0	0	4222576636236948227978300013196337775734784000000
0	1	11	0	0	0	0	398710176926890742774784000000000
0	1	10	0	1	0	0	44002349384941958123520000000000
0	1	10	0	0	0	1	-1681854996139900400454451200000000
0	1	10	0	0	0	0	-16433186500620986935443517440000000
0	1	9	1	0	0	1	11511873722010856296960000000000
0	1	9	1	0	0	0	1559918640139609282080768000000000
0	1	9	0	1	0	1	-392819959282887032249548800000000
0	1	9	0	1	0	0	5383262099183142007119052800000000
0	1	9	0	0	1	0	-1760281283456524917006336000000000
0	1	9	0	0	0	1	92004810993066732732637839360000000
0	1	9	0	0	0	0	-726801008615707277251091423232000000
0	1	8	1	1	0	0	172327577381231466332160000000000
0	1	8	1	0	0	2	926979029661103322112000000000
0	1	8	1	0	0	1	-5035826751489764472849868800000000
0	1	8	1	0	0	0	-119160369017431908791594618880000000
0	1	8	0	2	0	1	-22867781976856739856384000000000
0	1	8	0	2	0	0	1242481969170247239143424000000000
0	1	8	0	1	1	0	-193782089965202654699520000000000
0	1	8	0	1	0	1	-10257100505980473115408711680000000
0	1	8	0	1	0	0	-626828581475118594469930475520000000
0	1	8	0	0	1	1	5572739119565066821528780800000000
0	1	8	0	0	1	0	105957167056000822256602152960000000
0	1	8	0	0	0	1	2007604046109223271274043944960000000
0	1	8	0	0	0	0	60738320599960060226522414223360000000
0	1	7	2	0	0	1	1117354791709301840640000000000
0	1	7	2	0	0	0	1791203919676746297541632000000000
0	1	7	1	1	0	1	-799913177405733688663449600000000
0	1	7	1	1	0	0	-3433275360472480334213529600000000
0	1	7	1	0	1	1	-32305440398948887357440000000000
0	1	7	1	0	1	0	-5981561228935928883253248000000000
0	1	7	1	0	0	2	-477269278799167667568476160000000
0	1	7	1	0	0	1	436350089233572827124948111360000000
0	1	7	1	0	0	0	2240508202860894645409567727616000000
0	1	7	0	3	0	0	58032949256667005829120000000000
0	1	7	0	2	0	1	-7661411859735953949804134400000000
0	1	7	0	2	0	0	-67177660490890823830773104640000000
0	1	7	0	1	1	1	1288995179660535073878835200000000
0	1	7	0	1	1	0	-5591973443808765098896588800000000
0	1	7	0	1	0	1	3180959413935379186543676964864000000
0	1	7	0	1	0	0	19072845001278983993255329185792000000
0	1	7	0	0	2	0	2675033095652035575164928000000000
0	1	7	0	0	1	1	-458566438574239288707530096640000000
0	1	7	0	0	1	0	-572691809956545339311049080832000000
0	1	7	0	0	0	1	-287772908818868383566064659554304000000
0	1	7	0	0	0	0	-1419200456735450986527177316270080000000
0	1	6	2	1	0	0	188400153014710556958720000000000
0	1	6	2	0	0	2	901408635893158272000000000000
0	1	6	2	0	0	1	-2193539605143512086558310400000000
0	1	6	2	0	0	0	-181099718851104388976734494720000000
0	1	6	1	2	0	1	-37685465182544017969152000000000
0	1	6	1	2	0	0	1839007809533751491137536000000000
0	1	6	1	1	1	0	-658453664567000918753280000000000
0	1	6	1	1	0	2	-82419287477551533405388800000000
0	1	6	1	1	0	1	64110517056393861944956538880000000
0	1	6	1	1	0	0	-873105748179273368650857922560000000
0	1	6	1	0	1	2	-2489455502257974497280000000000
0	1	6	1	0	1	1	15899823661106191924977868800000000
0	1	6	1	0	1	0	446322817832513488693839175680000000
0	1	6	1	0	0	2	30938053371854017540238917632000000
0	1	6	1	0	0	1	-13886504808263906027716648120320000000
0	1	6	1	0	0	0	66493281874085121844036191043584000000
0	1	6	0	3	0	1	-866001430088650443689164800000000
0	1	6	0	3	0	0	-66138499319535237419827200000000
0	1	6	0	2	1	1	74355082024116268007424000000000
0	1	6	0	2	1	0	-2735985590873016854372352000000000
0	1	6	0	2	0	1	671931124933969082206839767040000000
0	1	6	0	2	0	0	213999915527291128937664872448000000
0	1	6	0	1	2	0	293082697484974099169280000000000
0	1	6	0	1	1	1	-63461645109574097131882414080000000
0	1	6	0	1	1	0	1284549435334899293502461460480000000
0	1	6	0	1	0	1	-146437057159269590839226416128000000000
0	1	6	0	1	0	0	-81179528477268129692337777180672000000
0	1	6	0	0	2	1	-5666490838610324976682598400000000
0	1	6	0	0	2	0	-187354732358669664215429038080000000
0	1	6	0	0	1	1	11991678044000860190644428718080000000
0	1	6	0	0	1	0	-104233086883336070063186433294336000000
0	1	6	0	0	0	1	9376307295127771392879707833712640000000
0	1	6	0	0	0	0	6536607529484414368424628659183616000000
0	1	5	3	0	0	1	-102914607793518308747520000000000
0	1	5	3	0	0	0	674972766007970564192256000000000
0	1	5	2	1	0	1	-175337837859204145676390400000000
0	1	5	2	1	0	0	-27081887696816183112823603200000000
0	1	5	2	0	1	1	-40483437588356381245440000000000
0	1	5	2	0	1	0	-5588932531759928019542016000000000
0	1	5	2	0	0	2	-1104338212721591320827002880000000
0	1	5	2	0	0	1	353334898939463180406383523840000000
0	1	5	2	0	0	0	7741079762206512091962489790464000000
0	1	5	1	3	0	0	118139399653753751961600000000000
0	1	5	1	2	0	2	-3995670141155620528128000000000
0	1	5	1	2	0	1	-458238275648702224260710400000000
0	1	5	1	2	0	0	-182553212127449991738073743360000000
0	1	5	1	1	1	1	2872372260411507559252377600000000
0	1	5	1	1	1	0	32143650790368287785372876800000000
0	1	5	1	1	0	2	3372524388443354756895866880000000
0	1	5	1	1	0	1	67815782091654951684278108160000000
0	1	5	1	1	0	0	54192682674428225285554396839936000000
0	1	5	1	0	2	1	25969974716880104232960000000000
0	1	5	1	0	2	0	7058021049129441647849472000000000
0	1	5	1	0	1	2	425740685236813310807900160000000
0	1	5	1	0	1	1	-1271950159270692100067225026560000000
0	1	5	1	0	1	0	-11503245840514862815669831335936000000
0	1	5	1	0	0	2	-701436277672453996996450811904000000
0	1	5	1	0	0	1	38933011296328434680628529680384000000
0	1	5	1	0	0	0	-3958369727549072474271531315732480000000
0	1	5	0	4	0	1	-30159408523072932347904000000000
0	1	5	0	4	0	0	137252398069074422661120000000000
0	1	5	0	3	1	0	-129426603442328951193600000000000
0	1	5	0	3	0	1	44034480993904043410733137920000000
0	1	5	0	3	0	0	-178713649432548184731419934720000000
0	1	5	0	2	1	1	3815764152449772999249100800000000
0	1	5	0	2	1	0	160349070886356317195696209920000000
0	1	5	0	2	0	1	-17720615498145746820857423659008000000
0	1	5	0	2	0	0	62259131778733312049981734060032000000
0	1	5	0	1	2	1	-1293683113054297317202329600000000
0	1	5	0	1	2	0	-10572013447399961454742732800000000
0	1	5	0	1	1	1	-1188656850543900312647577010176000000
0	1	5	0	1	1	0	-45390024848707440801540180148224000000
0	1	5	0	1	0	1	2643024406731035209882282948313088000000
0	1	5	0	1	0	0	-7896365285900888760657700324589568000000
0	1	5	0	0	3	0	-1620246611157917775740928000000000
0	1	5	0	0	2	1	497734089226392397175461969920000000
0	1	5	0	0	2	0	4319745041462959317913625788416000000
0	1	5	0	0	1	1	49922535999615510277088521814016000000
0	1	5	0	0	1	0	3192553380167293503836771559014400000000
0	1	5	0	0	0	1	-129971175967815924363427605109432320000000
0	1	5	0	0	0	0	331631067797532444440088768742096896000000
0	1	4	3	1	0	0	39003559758298744012800000000000
0	1	4	3	0	0	2	-8781444547511505002496000000000
0	1	4	3	0	0	1	7117889376105490623957043200000000
0	1	4	3	0	0	0	-32159490273940845876791132160000000
0	1	4	2	2	0	1	18460221796214738343936000000000
0	1	4	2	2	0	0	-1050500056602693792522240000000000
0	1	4	2	1	1	0	-589944518016197079859200000000000
0	1	4	2	1	0	2	-193521366395879505872486400000000
0	1	4	2	1	0	1	85148479933801752761840701440000000
0	1	4	2	1	0	0	1114806508203874115290338754560000000
0	1	4	2	0	1	2	-5367065401467507234816000000000
0	1	4	2	0	1	1	11814698371409935878088396800000000
0	1	4	2	0	1	0	428056217620522934860683509760000000
0	1	4	2	0	0	2	73012342970117834382345117696000000
0	1	4	2	0	0	1	-20421720773625679258746053431296000000
0	1	4	2	0	0	0	-171865342862671631630085921447936000000
0	1	4	1	3	0	1	-598871943732707490771763200000000
0	1	4	1	3	0	0	-8294333980811753704439808000000000
0	1	4	1	2	1	1	152016060624530783256576000000000
0	1	4	1	2	1	0	-2438938994635329050050560000000000
0	1	4	1	2	0	2	-67037863717408909294632960000000
0	1	4	1	2	0	1	540757079868707441539738583040000000
0	1	4	1	2	0	0	6586405818954729026023074004992000000
0	1	4	1	1	2	0	770539778633400267571200000000000
0	1	4	1	1	1	2	52636746147641584098508800000000
0	1	4	1	1	1	1	-242113179138062144585731153920000000
0	1	4	1	1	1	0	613511444337560614917619384320000000
0	1	4	1	1	0	2	24120733592283784317515022336000000
0	1	4	1	1	0	1	-132586486534824112922288409686016000000
0	1	4	1	1	0	0	-1383722096770572159527799393337344000000
0	1	4	1	0	2	2	1839814217537757474816000000000
0	1	4	1	0	2	1	-10294722405006602821490073600000000
0	1	4	1	0	2	0	-474947674100481190744287313920000000
0	1	4	1	0	1	2	-22906159445546855164998254592000000
0	1	4	1	0	1	1	47713217432665148202186037223424000000
0	1	4	1	0	1	0	34164036955714324251438595842048000000
0	1	4	1	0	0	2	1180973008096187007595607949312000000
0	1	4	1	0	0	1	9059768082836744834649469983326208000000
0	1	4	1	0	0	0	83102970108410881071478984704172032000000
0	1	4	0	4	0	1	263470425714437730553036800000000
0	1	4	0	4	0	0	-8935131114296744915238912000000000
0	1	4	0	3	1	1	860662833523405231679078400000000
0	1	4	0	3	1	0	1291075518152385588953088000000000
0	1	4	0	3	0	1	-227990379761282543417423364096000000
0	1	4	0	3	0	0	7422018696989580665386912776192000000
0	1	4	0	2	2	1	-73682866331818900586496000000000
0	1	4	0	2	2	0	1078153705884703030640640000000000
0	1	4	0	2	1	1	-700981567791759208430903623680000000
0	1	4	0	2	1	0	-1640903443758933725650736185344000000
0	1	4	0	2	0	1	60835101515018048715205986680832000000
0	1	4	0	2	0	0	-1995022812925170057202892815269888000000
0	1	4	0	1	3	0	-175578725600058654720000000000000
0	1	4	0	1	2	1	100748674127621828956157706240000000
0	1	4	0	1	2	0	-393807869179484172769333739520000000
0	1	4	0	1	1	1	154466982647328636113417752559616000000
0	1	4	0	1	1	0	430815071563007977352996297588736000000
0	1	4	0	1	0	1	-6207618203813070950859048868945920000000
0	1	4	0	1	0	0	215385078998800044760233173649997824000000
0	1	4	0	0	3	1	1730981493647810260461158400000000
0	1	4	0	0	3	0	103511154648518595004417966080000000
0	1	4	0	0	2	1	-18877956588577395803683274342400000000
0	1	4	0	0	2	0	2419023551534509225728010862592000000
0	1	4	0	0	1	1	-9736883869151725119417524546174976000000
0	1	4	0	0	1	0	-28408655671415819104782294969237504000000
0	1	4	0	0	0	1	200772073404966829008140240872218624000000
0	1	4	0	0	0	0	-8114545220325169256413382123728478208000000
0	1	3	4	0	0	1	-94050625568302847600640000000000
0	1	3	4	0	0	0	335966756101326520473600000000000
0	1	3	3	1	0	1	145374293675206850188492800000000
0	1	3	3	1	0	0	-3068189318644607832035328000000000
0	1	3	3	0	1	1	37565225108851834944000000000000
0	1	3	3	0	1	0	-1256654563132248375828480000000000
0	1	3	3	0	0	2	-210109944059872704679772160000000
0	1	3	3	0	0	1	-127649913401090964692080926720000000
0	1	3	3	0	0	0	883146129617705057123056975872000000
0	1	3	2	3	0	0	13544644546290239078400000000000
0	1	3	2	2	0	2	-7314108054996729102336000000000
0	1	3	2	2	0	1	8831264007593518216866201600000000
0	1	3	2	2	0	0	35761329031210081468180070400000000
0	1	3	2	1	1	1	1704636971885212602533683200000000
0	1	3	2	1	1	0	56429494939086199694843904000000000
0	1	3	2	1	0	2	9797735346871785081185894400000000
0	1	3	2	1	0	1	-4915723017976041038094872100864000000
0	1	3	2	1	0	0	-19323521604438904432399084683264000000
0	1	3	2	0	2	1	20697909947299771591680000000000
0	1	3	2	0	2	0	4400448081020241464586240000000000
0	1	3	2	0	1	2	455291036243454725405245440000000
0	1	3	2	0	1	1	-640869300366982186164681646080000000
0	1	3	2	0	1	0	-14792435847225559538853564874752000000
0	1	3	2	0	0	2	-1945461752686889763579099906048000000
0	1	3	2	0	0	1	577478117541707554133283022153728000000
0	1	3	2	0	0	0	2061270833999750540685598958051328000000
0	1	3	1	4	0	1	-32507146911096573788160000000000
0	1	3	1	4	0	0	-32507146911096573788160000000000
0	1	3	1	3	1	0	-189625023648063347097600000000000
0	1	3	1	3	0	2	-10727358480661869350092800000000
0	1	3	1	3	0	1	61611632599634297037474693120000000
0	1	3	1	3	0	0	234612303565552480462319124480000000
0	1	3	1	2	1	2	2438036018332243034112000000000
0	1	3	1	2	1	1	-15841572457739230401793228800000000
0	1	3	1	2	1	0	262889333374112786716095283200000000
0	1	3	1	2	0	2	13165482268290772344954028032000000
0	1	3	1	2	0	1	-29007977096548424074444746817536000000
0	1	3	1	2	0	0	-119933195958301046006752766853120000000
0	1	3	1	1	2	1	-1847548209573689201329766400000000
0	1	3	1	1	2	0	-46697532386131200014622720000000000
0	1	3	1	1	1	2	-2795622761141033119925207040000000
0	1	3	1	1	1	1	8595980231254405197985423392768000000
0	1	3	1	1	1	0	-68961593480986861102953505161216000000
0	1	3	1	1	0	2	-3518599088389916938757061279744000000
0	1	3	1	1	0	1	4867526844163359175847015697113088000000
0	1	3	1	1	0	0	19244318711426872014817746031067136000000
0	1	3	1	0	3	1	-6433706159487863562240000000000
0	1	3	1	0	3	0	-2387933374848512010854400000000000
0	1	3	1	0	2	2	-101836764485737791534858240000000
0	1	3	1	0	2	1	581808693549101398992966942720000000
0	1	3	1	0	2	0	13422294958883140789538858532864000000
0	1	3	1	0	1	2	577173210970119302554420838400000000
0	1	3	1	0	1	1	-1022205217366682598507847566557184000000
0	1	3	1	0	1	0	4253020144921612269319652872519680000000
0	1	3	1	0	0	2	226074845893994615331705521405952000000
0	1	3	1	0	0	1	-263603456979597528148727212775362560000000
0	1	3	1	0	0	0	-964334788764063430141722377556025344000000
0	1	3	0	5	0	1	-39008576293315888545792000000000
0	1	3	0	5	0	0	-78017152586631777091584000000000
0	1	3	0	4	1	1	32507146911096573788160000000000
0	1	3	0	4	1	0	-260057175288772590305280000000000
0	1	3	0	4	0	1	54904181047079179969316782080000000
0	1	3	0	4	0	0	267012014356107880074109255680000000
0	1	3	0	3	2	0	54178578185160956313600000000000
0	1	3	0	3	1	1	-62940857963615763713816002560000000
0	1	3	0	3	1	0	258667884844086144934721617920000000
0	1	3	0	3	0	1	-25854973033703685635165602185216000000
0	1	3	0	3	0	0	-147914555361851981853635986980864000000
0	1	3	0	2	2	1	5892245449105364964841881600000000
0	1	3	0	2	2	0	-99037682422379635887872409600000000
0	1	3	0	2	1	1	28540184272391769071554508488704000000
0	1	3	0	2	1	0	-72609387140657154478727467892736000000
0	1	3	0	2	0	1	5385463300601936761926305650507776000000
0	1	3	0	2	0	0	31263915929802375097525177385680896000000
0	1	3	0	1	3	1	387942699173834740963737600000000
0	1	3	0	1	3	0	8828218720011360628113408000000000
0	1	3	0	1	2	1	-3311893196858490879549492559872000000
0	1	3	0	1	2	0	29404612899238614455699327287296000000
0	1	3	0	1	1	1	-4573862007615152569866636804980736000000
0	1	3	0	1	1	0	7420816737295922951226867069812736000000
0	1	3	0	1	0	1	-514587075343030520016328654306983936000000
0	1	3	0	1	0	0	-2855228642450794276356074763783094272000000
0	1	3	0	0	4	0	344836617078515197870080000000000
0	1	3	0	0	3	1	-109104587781390937632215531520000000
0	1	3	0	0	3	0	-2680711809625532807069659693056000000
0	1	3	0	0	2	1	397416312691035160109128978563072000000
0	1	3	0	0	2	0	-1955867738341299244940041364275200000000
0	1	3	0	0	1	1	237727677639694808816811060137459712000000
0	1	3	0	0	1	0	-247963387951399115020351907361521664000000
0	1	3	0	0	0	1	18473867021804919471909035801658187776000000
0	1	3	0	0	0	0	94845415486072028560394920441534291968000000
0	1	2	4	1	0	0	2257440757715039846400000000000
0	1	2	4	0	0	2	-13409198100827336687616000000000
0	1	2	4	0	0	1	7649909140029114424607539200000000
0	1	2	4	0	0	0	-6869447533025430271071436800000000
0	1	2	3	2	0	1	22010047387721638502400000000000
0	1	2	3	2	0	0	-155763412282337749401600000000000
0	1	2	3	1	1	0	-63208341216021115699200000000000
0	1	2	3	1	0	2	-85493796376183989062860800000000
0	1	2	3	1	0	1	9962102543114002161954078720000000
0	1	2	3	1	0	0	120790458768195673702145556480000000
0	1	2	3	0	1	2	203169668194353586176000000000
0	1	2	3	0	1	1	-669922351960935940517376000000000
0	1	2	3	0	1	0	34768818112791571619232153600000000
0	1	2	3	0	0	2	22988402527231929496682299392000000
0	1	2	3	0	0	1	-751947102509050137710327611392000000
0	1	2	3	0	0	0	-17078915231330090487461587943424000000
0	1	2	2	3	0	1	414059783780092608626688000000000
0	1	2	2	3	0	0	-290126286181536921059328000000000
0	1	2	2	2	1	1	72125232208995523092480000000000
0	1	2	2	2	1	0	2190169023135131658977280000000000
0	1	2	2	2	0	2	241365565814892060377088000000000
0	1	2	2	2	0	1	-425454871565455312698963394560000000
0	1	2	2	2	0	0	-402569726365029135914090496000000000
0	1	2	2	1	2	0	460517914573868128665600000000000
0	1	2	2	1	1	2	26655860467099190506291200000000
0	1	2	2	1	1	1	-83105099773156631139895664640000000
0	1	2	2	1	1	0	-1991720002181273878376079360000000000
0	1	2	2	1	0	2	-179103275038757290983155564544000000
0	1	2	2	1	0	1	112620330811628426663583314116608000000
0	1	2	2	1	0	0	156744034363541821246171201732608000000
0	1	2	2	0	2	2	2641205686526596620288000000000
0	1	2	2	0	2	1	-2118844618034935546270310400000000
0	1	2	2	0	2	0	-205628325934007556099108864000000000
0	1	2	2	0	1	2	-14045023266192275677454204928000000
0	1	2	2	0	1	1	14594145299019232690438288687104000000
0	1	2	2	0	1	0	280000422620196000423360069206016000000
0	1	2	2	0	0	2	25601282941650869175114741719040000000
0	1	2	2	0	0	1	-8715640463864050581442311972986880000000
0	1	2	2	0	0	0	-13349310218258555009776201595559936000000
0	1	2	1	4	0	1	1960180958739123399426048000000000
0	1	2	1	4	0	0	2397077013224261351138918400000000
0	1	2	1	3	1	1	-386835048242049228079104000000000
0	1	2	1	3	1	0	11873235409278023576125440000000000
0	1	2	1	3	0	2	497944476384177317287034880000000
0	1	2	1	3	0	1	-1953771197885836031451669921792000000
0	1	2	1	3	0	0	-3759284895630393713124836376576000000
0	1	2	1	2	2	1	-97521440733289721364480000000000
0	1	2	1	2	2	0	-755791165682995340574720000000000
0	1	2	1	2	1	2	-90694939881959440868966400000000
0	1	2	1	2	1	1	539389666508148088391835648000000000
0	1	2	1	2	1	0	-8683650261652522204383492833280000000
0	1	2	1	2	0	2	-369611809349145768156524838912000000
0	1	2	1	2	0	1	617874516070801174445284657594368000000
0	1	2	1	2	0	0	1298049502954308000161907073056768000000
0	1	2	1	1	3	0	-252833364864084462796800000000000
0	1	2	1	1	2	2	-1869160947388052992819200000000
0	1	2	1	1	2	1	87240314630598747827896811520000000
0	1	2	1	1	2	0	1167343031205683576307794903040000000
0	1	2	1	1	1	2	54503436190673872517313724416000000
0	1	2	1	1	1	1	-157961247622640462366151807909888000000
0	1	2	1	1	1	0	1682819203853030881415180380471296000000
0	1	2	1	1	0	2	74599732625672994995959654072320000000
0	1	2	1	1	0	1	-78204997870992819907612514408042496000000
0	1	2	1	1	0	0	-164373899635190896497420237074644992000000
0	1	2	1	0	3	2	-406339336388707172352000000000
0	1	2	1	0	3	1	586060967432674639643443200000000
0	1	2	1	0	3	0	113326158213218496025740902400000000
0	1	2	1	0	2	2	2242320238924603892305625088000000
0	1	2	1	0	2	1	-13304552486016040401376634978304000000
0	1	2	1	0	2	0	-203256851778865860132716345622528000000
0	1	2	1	0	1	2	-7540824391269185698905704988672000000
0	1	2	1	0	1	1	12978133494491381512755511255965696000000
0	1	2	1	0	1	0	-92576261515525363822019147785838592000000
0	1	2	1	0	0	2	-4272328346642779833463996872179712000000
0	1	2	1	0	0	1	3438368690259410168821828528773427200000000
0	1	2	1	0	0	0	6981976342527400766771194621454696448000000
0	1	2	0	5	0	1	1790493651863199284251852800000000
0	1	2	0	5	0	0	3674607886830356701013606400000000
0	1	2	0	4	1	1	-1644211490763264702205132800000000
0	1	2	0	4	1	0	11944426061013325072721510400000000
0	1	2	0	4	0	1	-1789241632598489017493087059968000000
0	1	2	0	4	0	0	-4633650820757944293271085776896000000
0	1	2	0	3	2	1	100772155424399378743296000000000
0	1	2	0	3	2	0	-3618045451205048662622208000000000
0	1	2	0	3	1	1	1660330348100584022678119907328000000
0	1	2	0	3	1	0	-8792565356605995850461344169984000000
0	1	2	0	3	0	1	642467216094190852673866233544704000000
0	1	2	0	3	0	0	1784050063463327224599730003968000000000
0	1	2	0	2	3	1	21671431274064382525440000000000
0	1	2	0	2	3	0	37925004729612669419520000000000
0	1	2	0	2	2	1	-177895426485269822248853176320000000
0	1	2	0	2	2	0	3087250877509862702693548032000000000
0	1	2	0	2	1	1	-521571356016320622414264337170432000000
0	1	2	0	2	1	0	2127957830114051056564454328041472000000
0	1	2	0	2	0	1	-107239722426035266974390071231643648000000
0	1	2	0	2	0	0	-301210627603903667121702883586605056000000
0	1	2	0	1	4	0	36119052123440637542400000000000
0	1	2	0	1	3	1	-18301744037165324030623088640000000
0	1	2	0	1	3	0	-173315982164169092416446136320000000
0	1	2	0	1	2	1	57063481990537979638175305236480000000
0	1	2	0	1	2	0	-657812560399807805036010705125376000000
0	1	2	0	1	1	1	64995464246206542367387637543141376000000
0	1	2	0	1	1	0	-207680863439737600087065306302988288000000
0	1	2	0	1	0	1	8498590888862362231310425395000238080000000
0	1	2	0	1	0	0	23415617669360772380064249967282814976000000
0	1	2	0	0	4	1	-18420716582954725146624000000000
0	1	2	0	0	4	0	-16306830997904300114136268800000000
0	1	2	0	0	3	1	2589589107655584464534605332480000000
0	1	2	0	0	3	0	35893415920469014904333677756416000000
0	1	2	0	0	2	1	-4898875830689943757161658022952960000000
0	1	2	0	0	2	0	38537595762161187889837603902799872000000
0	1	2	0	0	1	1	-2808113535049783693479361531964669952000000
0	1	2	0	0	1	0	7079433525922712227694298583072063488000000
0	1	2	0	0	0	1	-259163615925652874985525370259170787328000000
0	1	2	0	0	0	0	-686763455535712792152952462948248612864000000
0	1	1	5	0	0	1	50284492878102512578560000000000
0	1	1	5	0	0	0	34764587668811613634560000000000
0	1	1	4	1	0	1	313558521246619034664960000000000
0	1	1	4	1	0	0	-88175635996349456400384000000000
0	1	1	4	0	1	1	-761886255728825948160000000000
0	1	1	4	0	1	0	-493645857693336338411520000000000
0	1	1	4	0	0	2	418366980745812904653619200000000
0	1	1	4	0	0	1	-173017091138501651081679175680000000
0	1	1	4	0	0	0	31126241278616509390103101440000000
0	1	1	3	2	0	1	222673956341011530448896000000000
0	1	1	3	2	0	0	4660387116909360301139558400000000
0	1	1	3	1	1	1	59867328894602856726528000000000
0	1	1	3	1	1	0	450020815050493193379840000000000
0	1	1	3	1	0	2	2671697390329205206501294080000000
0	1	1	3	1	0	1	-433117570416692522299023900672000000
0	1	1	3	1	0	0	-1924866258131290747297968193536000000
0	1	1	3	0	2	1	-9904521324474737326080000000000
0	1	1	3	0	2	0	241320416999737759580160000000000
0	1	1	3	0	1	2	4388464832998037461401600000000
0	1	1	3	0	1	1	-4279355102315112297365606400000000
0	1	1	3	0	1	0	-208920158102566386756695162880000000
0	1	1	3	0	0	2	-431582784077522054494797299712000000
0	1	1	3	0	0	1	38918961859150408465570827405312000000
0	1	1	3	0	0	0	177844110018474183382499601530880000000
0	1	1	2	3	0	1	-12074129577188600402136268800000000
0	1	1	2	3	0	0	-1600326842433284327591116800000000
0	1	1	2	2	1	1	-2641977731265735163915468800000000
0	1	1	2	2	1	0	-71938153578522162310329139200000000
0	1	1	2	2	0	2	-2167023934534430898440110080000000
0	1	1	2	2	0	1	6588968782647569522448301719552000000
0	1	1	2	2	0	0	2896580057769949958094856126464000000
0	1	1	2	1	2	1	-110829054000019881259008000000000
0	1	1	2	1	2	0	-14675757812350936943837184000000000
0	1	1	2	1	1	2	-777635968407252238160363520000000
0	1	1	2	1	1	1	1375999964921003708696129888256000000
0	1	1	2	1	1	0	30063491894265373339108277944320000000
0	1	1	2	1	0	2	1367339704421119900348420325376000000
0	1	1	2	1	0	1	-1167673235728728812680501975166976000000
0	1	1	2	1	0	0	-752801206280909374422898982387712000000
0	1	1	2	0	3	1	1523772511457651896320000000000
0	1	1	2	0	3	0	-99778881491004761210880000000000
0	1	1	2	0	2	2	-78992366993964674305228800000000
0	1	1	2	0	2	1	50398346112613605412949237760000000
0	1	1	2	0	2	0	3243576418275696134968355880960000000
0	1	1	2	0	1	2	185796871232620225914150617088000000
0	1	1	2	0	1	1	-154756742622864981647042630541312000000
0	1	1	2	0	1	0	-2787522408278356426426283860131840000000
0	1	1	2	0	0	2	-165003088294197206400024149852160000000
0	1	1	2	0	0	1	67848112547477395401731372228487168000000
0	1	1	2	0	0	0	52687606781900018958928312985100288000000
0	1	1	1	4	0	1	-37307217238282916066867281920000000
0	1	1	1	4	0	0	-51957083108119164589682196480000000
0	1	1	1	3	1	1	11695258779939769834635264000000000
0	1	1	1	3	1	0	-235139797038478844565179596800000000
0	1	1	1	3	0	2	-7700175934571676451273703424000000
0	1	1	1	3	0	1	25117047713069804348248591761408000000
0	1	1	1	3	0	0	37418996001582802398968140529664000000
0	1	1	1	2	2	1	3146529285259592859824947200000000
0	1	1	1	2	2	0	23970770132242613511389184000000000
0	1	1	1	2	1	2	1045332323220132523305861120000000
0	1	1	1	2	1	1	-7597440041906665875165808951296000000
0	1	1	1	2	1	0	116007024503307579745948518187008000000
0	1	1	1	2	0	2	4121981669288239483712306872320000000
0	1	1	1	2	0	1	-5965065120593769545413128163737600000000
0	1	1	1	2	0	0	-9097142695865187653636676907499520000000
0	1	1	1	1	3	1	33048932692948183351296000000000
0	1	1	1	1	3	0	8176360126813565722066944000000000
0	1	1	1	1	2	2	49150806129578019567697920000000
0	1	1	1	1	2	1	-1386798918157870918112101662720000000
0	1	1	1	1	2	0	-14151258428069750192008585740288000000
0	1	1	1	1	1	2	-456550998629512718611816316928000000
0	1	1	1	1	1	1	1480628583045872398317312739786752000000
0	1	1	1	1	1	0	-17324833995483355508460611101065216000000
0	1	1	1	1	0	2	-666871758449748675217291110580224000000
0	1	1	1	1	0	1	604869475076256770750531921046110208000000
0	1	1	1	1	0	0	919395354415326961871411301224300544000000
0	1	1	1	0	4	0	32958635062639581757440000000000
0	1	1	1	0	3	2	11702572887994766563737600000000
0	1	1	1	0	3	1	-13596049181272319793750343680000000
0	1	1	1	0	3	0	-1811979405023036392405862645760000000
0	1	1	1	0	2	2	-23074679745848670913173454848000000
0	1	1	1	0	2	1	138974320719896367263955300237312000000
0	1	1	1	0	2	0	1668973687597586012159079100809216000000
0	1	1	1	0	1	2	49392180955053709253934051557376000000
0	1	1	1	0	1	1	-91410811932873593491361687445110784000000
0	1	1	1	0	1	0	799795795122783067623752159163777024000000
0	1	1	1	0	0	2	33006178392275126945728137910910976000000
0	1	1	1	0	0	1	-22283432095904797135275397548549365760000000
0	1	1	1	0	0	0	-33148335577439773790295539293522649088000000
0	1	1	0	5	0	1	-27384020557907753759145984000000000
0	1	1	0	5	0	0	-57660917133727813812847902720000000
0	1	1	0	4	1	1	27524451432563690957910835200000000
0	1	1	0	4	1	0	-182429068236372817008792698880000000
0	1	1	0	4	0	1	20675482148399952323701410103296000000
0	1	1	0	4	0	0	44619407241583302826963485327360000000
0	1	1	0	3	2	1	-3101181815318613139390464000000000
0	1	1	0	3	2	0	74323040411654762446297497600000000
0	1	1	0	3	1	1	-18930001506944593869455648882688000000
0	1	1	0	3	1	0	103915451977921533164366750810112000000
0	1	1	0	3	0	1	-5944999340799618105695654695403520000000
0	1	1	0	3	0	0	-12928400260881506910632905328295936000000
0	1	1	0	2	3	1	-680049513380140323648307200000000
0	1	1	0	2	3	0	-1113044710235946686506598400000000
0	1	1	0	2	2	1	2368870496835209031869784391680000000
0	1	1	0	2	2	0	-40440773168264606808427335254016000000
0	1	1	0	2	1	1	4538973890869163847563589325946880000000
0	1	1	0	2	1	0	-20769152067883589605607889385684992000000
0	1	1	0	2	0	1	827008537259120815683996648155578368000000
0	1	1	0	2	0	0	1787893504232804566572269654964633600000000
0	1	1	0	1	4	1	-2167143127406438252544000000000
0	1	1	0	1	4	0	-1163755859417257341616128000000000
0	1	1	0	1	3	1	289043447112210765309185359872000000
0	1	1	0	1	3	0	1646427841042522031044639064064000000
0	1	1	0	1	2	1	-509558401521878285774392341037056000000
0	1	1	0	1	2	0	6539129052664028932690039675551744000000
0	1	1	0	1	1	1	-460498632991912982181464618683465728000000
0	1	1	0	1	1	0	1752748166272356428614063035176189952000000
0	1	1	0	1	0	1	-56173837994212120654124172756703002624000000
0	1	1	0	1	0	0	-119282568875186214518944111956301332480000000
0	1	1	0	0	5	0	-3611905212344063754240000000000
0	1	1	0	0	4	1	578302143548408047691366400000000
0	1	1	0	0	4	0	259632892007288957824196935680000000
0	1	1	0	0	3	1	-27428219508089073453202985582592000000
0	1	1	0	0	3	0	-255581162604300779866730327703552000000
0	1	1	0	0	2	1	33396204138392567228742478770241536000000
0	1	1	0	0	2	0	-321534482292481767985681480012234752000000
0	1	1	0	0	1	1	16897211545162425776751258463640518656000000
0	1	1	0	0	1	0	-53265666442213652956924321550442627072000000
0	1	1	0	0	0	1	1498424736826476570759261347385513861120000000
0	1	1	0	0	0	0	3092354803584828315713823871368635670528000000
0	1	0	5	0	0	1	-816843650975398593220608000000000
0	1	0	5	0	0	0	-563186320234748140879872000000000
0	1	0	4	1	0	1	-4912805112674025196604620800000000
0	1	0	4	1	0	0	836002550686126136397004800000000
0	1	0	4	0	1	1	46271891931264029251584000000000
0	1	0	4	0	1	0	7997062894632048682266624000000000
0	1	0	4	0	0	2	-3258435138501042815090688000000000
0	1	0	4	0	0	1	1189647709692916402401869316096000000
0	1	0	4	0	0	0	-129799368780354070715766030336000000
0	1	0	3	2	0	1	-8824251945111903760095313920000000
0	1	0	3	2	0	0	-34619721374554917925504942080000000
0	1	0	3	1	1	1	-1118895996679944069788467200000000
0	1	0	3	1	1	0	9298059864914591871344640000000000
0	1	0	3	1	0	2	-20844505802367398255663775744000000
0	1	0	3	1	0	1	3805291845781206241137196253184000000
0	1	0	3	1	0	0	9840717612244408197682423627776000000
0	1	0	3	0	2	1	114130561108178127034368000000000
0	1	0	3	0	2	0	-3909390755395751705198592000000000
0	1	0	3	0	1	2	-124412978015494362030735360000000
0	1	0	3	0	1	1	99876550918266922941681610752000000
0	1	0	3	0	1	0	-397520002774922917503518834688000000
0	1	0	3	0	0	2	2456672882520010586300275359744000000
0	1	0	3	0	0	1	-266977629408510047899490612742144000000
0	1	0	3	0	0	0	-691742642348295646193458160713728000000
0	1	0	2	3	0	1	87479804263143978690161541120000000
0	1	0	2	3	0	0	44480601854301508101274337280000000
0	1	0	2	2	1	1	23358920613081953799548436480000000
0	1	0	2	2	1	0	590610129540475076845334691840000000
0	1	0	2	2	0	2	2857943837841641916363177984000000
0	1	0	2	2	0	1	-33825927045719080665926416908288000000
0	1	0	2	2	0	0	-20961557086740890079872635305984000000
0	1	0	2	1	2	1	1776901601060997029336678400000000
0	1	0	2	1	2	0	116888955059319226803162316800000000
0	1	0	2	1	1	2	5602138667211974701726826496000000
0	1	0	2	1	1	1	-7721857973401840483731328868352000000
0	1	0	2	1	1	0	-163600865757992469184414226251776000000
0	1	0	2	1	0	2	-3473649447414264600411912339456000000
0	1	0	2	1	0	1	4590047887275639794228715561873408000000
0	1	0	2	1	0	0	3243704756837902258844850047483904000000
0	1	0	2	0	3	1	-8431541230065673826304000000000
0	1	0	2	0	3	0	1616417880154277131616256000000000
0	1	0	2	0	2	2	586518324930187706716323840000000
0	1	0	2	0	2	1	-355963934226722755289537617920000000
0	1	0	2	0	2	0	-17289468346949159517286642778112000000
0	1	0	2	0	1	2	-889960689645849773606701449216000000
0	1	0	2	0	1	1	634259653417501408491048577806336000000
0	1	0	2	0	1	0	11318709665181054320958789731155968000000
0	1	0	2	0	0	2	412622475859868681384870945513472000000
0	1	0	2	0	0	1	-215409854534575278202741268522422272000000
0	1	0	2	0	0	0	-164825538543194710499586899629498368000000
0	1	0	1	4	0	1	228279163682891912667188428800000000
0	1	0	1	4	0	0	350820900293595911524382146560000000
0	1	0	1	3	1	1	-88264608057445127722842193920000000
0	1	0	1	3	1	0	1499448908752836240596714127360000000
0	1	0	1	3	0	2	39669966704369059436085903360000000
0	1	0	1	3	0	1	-114795154547563246348921800818688000000
0	1	0	1	3	0	0	-177608092839318697267803128463360000000
0	1	0	1	2	2	1	-25259125885770104020335329280000000
0	1	0	1	2	2	0	-189976642620485041704075264000000000
0	1	0	1	2	1	2	-3497782010492755778235531264000000
0	1	0	1	2	1	1	38365351283921332155192921489408000000
0	1	0	1	2	1	0	-550076661725929842270314895114240000000
0	1	0	1	2	0	2	-16673127046303152902521437093888000000
0	1	0	1	2	0	1	21758010392420266509473839935602688000000
0	1	0	1	2	0	0	33422476654458116115790771155271680000000
0	1	0	1	1	3	1	-512312635318882002901401600000000
0	1	0	1	1	3	0	-66103445779449438281092300800000000
0	1	0	1	1	2	2	-305700460266643289561235456000000
0	1	0	1	1	2	1	7414784082724319004623532687360000000
0	1	0	1	1	2	0	68358010503279975720949827698688000000
0	1	0	1	1	1	2	1352569909121505870458514407424000000
0	1	0	1	1	1	1	-5604589637981113023601884126978048000000
0	1	0	1	1	1	0	65996854113473181421141277480583168000000
0	1	0	1	1	0	2	2250285715571759421569218175680512000000
0	1	0	1	1	0	1	-1837684015415316770724685960127778816000000
0	1	0	1	1	0	0	-2767103568749760436924218878548525056000000
0	1	0	1	0	4	1	-1625357345554828689408000000000
0	1	0	1	0	4	0	-533929888014761224470528000000000
0	1	0	1	0	3	2	-82941985343662908020490240000000
0	1	0	1	0	3	1	94808606361223196221264134144000000
0	1	0	1	0	3	0	9765115005199072032463317958656000000
0	1	0	1	0	2	2	91580393117205399890824298496000000
0	1	0	1	0	2	1	-553476351064459722087226114695168000000
0	1	0	1	0	2	0	-5923139636353056570085786207617024000000
0	1	0	1	0	1	2	-127382342561790165969322920837120000000
0	1	0	1	0	1	1	275863589412578823527119908114554880000000
0	1	0	1	0	1	0	-2576828871035151450486591055605571584000000
0	1	0	1	0	0	2	-97193167675285417919527974421929984000000
0	1	0	1	0	0	1	58149060111487867050692194082409768960000000
0	1	0	1	0	0	0	84903716018515307891864215318709170176000000
0	1	0	0	5	0	1	139553181689337591272570880000000000
0	1	0	0	5	0	0	301434872448969197148753100800000000
0	1	0	0	4	1	1	-152630806891671742907547648000000000
0	1	0	0	4	1	0	926296092318027356772835000320000000
0	1	0	0	4	0	1	-83290365379816390423578590576640000000
0	1	0	0	4	0	0	-179725423992316674889049057525760000000
0	1	0	0	3	2	1	23843992259289336873615360000000000
0	1	0	0	3	2	0	-484855148608955170885494374400000000
0	1	0	0	3	1	1	79229966554798480769778011602944000000
0	1	0	0	3	1	0	-420155281335516893718617008373760000000
0	1	0	0	3	0	1	19848035954930886543158068406059008000000
0	1	0	0	3	0	0	42512765945902983533821648834068480000000
0	1	0	0	2	3	1	5324670664037618786500608000000000
0	1	0	0	2	3	0	8078286064582787358948065280000000
0	1	0	0	2	2	1	-11662907017190908302469811404800000000
0	1	0	0	2	2	0	191726314070317319964175165292544000000
0	1	0	0	2	1	1	-15311479731698306591334077548068864000000
0	1	0	0	2	1	0	70258110024103004453259367255965696000000
0	1	0	0	2	0	1	-2361400959498871652572819538087313408000000
0	1	0	0	2	0	0	-4984795411481260720395189616976953344000000
0	1	0	0	1	4	1	32507146911096573788160000000000
0	1	0	0	1	4	0	9373760883283808017553817600000000
0	1	0	0	1	3	1	-1527113966598649188674888269824000000
0	1	0	0	1	3	0	-6627562280870728328285293117440000000
0	1	0	0	1	2	1	1863743905189022898492721412702208000000
0	1	0	0	1	2	0	-24690344778131867820866216629370880000000
0	1	0	0	1	1	1	1305657001983725146424846914187083776000000
0	1	0	0	1	1	0	-5130125281657001649389569536252395520000000
0	1	0	0	1	0	1	140272199927020078862538888547605209088000000
0	1	0	0	1	0	0	289632549819453620543557743048884674560000000
0	1	0	0	0	5	0	58512864439973832818688000000000
0	1	0	0	0	4	1	-4532991608164772828463759360000000
0	1	0	0	0	4	0	-1392570656362662156968253456384000000
0	1	0	0	0	3	1	109364944346960975640113790910464000000
0	1	0	0	0	3	0	796187002365926649965585598382080000000
0	1	0	0	0	2	1	-97702001046897319211047321785090048000000
0	1	0	0	0	2	0	1027240092609415666600538949103337472000000
0	1	0	0	0	1	1	-41468313071880207182223504786402902016000000
0	1	0	0	0	1	0	138085183536818138369145710682683719680000000
0	1	0	0	0	0	1	-3326787767395234158388923099634999676928000000
0	1	0	0	0	0	0	-6670425600544271849134501662079874002944000000
0	2	10	0	0	0	2	202864840921338041663078400000000
0	2	10	0	0	0	1	2360535426823306456758988800000000
0	2	9	1	0	0	1	27327354355100784758400000000000
0	2	9	0	1	0	2	22388517085126209380352000000000
0	2	9	0	1	0	1	856079305474426244868096000000000
0	2	9	0	0	0	3	51801878339240753758003200000000
0	2	9	0	0	0	2	-8434833039623284886476431360000000
0	2	9	0	0	0	1	-126359226710890513943250954240000000
0	2	8	1	0	0	3	1158723787076379152640000000000
0	2	8	1	0	0	2	817557668803702249738444800000000
0	2	8	1	0	0	1	15901255060699188981788697600000000
0	2	8	0	2	0	1	65727756580187036712960000000000
0	2	8	0	1	0	3	5716945494214184964096000000000
0	2	8	0	1	0	2	3142595604937104342897868800000000
0	2	8	0	1	0	1	18628192828789488270242611200000000
0	2	8	0	0	1	2	-554870224339234420963737600000000
0	2	8	0	0	1	1	-2818253710848196304356147200000000
0	2	8	0	0	0	3	-1972535115038597258087854080000000
0	2	8	0	0	0	2	-387355771575731268689821212672000000
0	2	8	0	0	0	1	-4546785467281131028770328922112000000
0	2	7	2	0	0	1	-3873117758353972444800000000000
0	2	7	1	1	0	2	92189961377100083160576000000000
0	2	7	1	1	0	1	5802341694017733902036736000000000
0	2	7	1	0	1	1	-65772348002561654784000000000000
0	2	7	1	0	0	3	-430897061276994561415372800000000
0	2	7	1	0	0	2	-86100301174426236798740766720000000
0	2	7	1	0	0	1	-1386635849131502805023736852480000000
0	2	7	0	2	0	2	677613929890038684608102400000000
0	2	7	0	2	0	1	18270210067390950613685452800000000
0	2	7	0	1	1	2	-60989360560104183939072000000000
0	2	7	0	1	1	1	-1609294353980533587873792000000000
0	2	7	0	1	0	3	661835282952419064306892800000000
0	2	7	0	1	0	2	-336265089774625255609476587520000000
0	2	7	0	1	0	1	-6253734342377718359989177651200000000
0	2	7	0	0	1	3	-169006609523495908941004800000000
0	2	7	0	0	1	2	40642905003860050035394314240000000
0	2	7	0	0	1	1	386224120307749604091005583360000000
0	2	7	0	0	0	3	-95551881097295779521489248256000000
0	2	7	0	0	0	2	32060806871978425536421702189056000000
0	2	7	0	0	0	1	486677057696402513794666047442944000000
0	2	6	2	0	0	3	1126760794866447840000000000000
0	2	6	2	0	0	2	869626566412102226149171200000000
0	2	6	2	0	0	1	31174439842643489909284838400000000
0	2	6	1	2	0	1	418070189992861091220480000000000
0	2	6	1	1	0	3	-86110861536636623774208000000000
0	2	6	1	1	0	2	-8719496008037598418763673600000000
0	2	6	1	1	0	1	-259190380732304762255365171200000000
0	2	6	1	0	1	3	-3111819377822468121600000000000
0	2	6	1	0	1	2	-1817388550223865411755212800000000
0	2	6	1	0	1	1	-20661051323211548759982489600000000
0	2	6	1	0	0	3	25002552118542693285778513920000000
0	2	6	1	0	0	2	2833993331152298372786811641856000000
0	2	6	1	0	0	1	28816986723800066247774555426816000000
0	2	6	0	3	0	2	29527325110912721190912000000000
0	2	6	0	3	0	1	2339839853639147373060096000000000
0	2	6	0	2	1	1	-142870917288276299612160000000000
0	2	6	0	2	0	3	155301138580507880686387200000000
0	2	6	0	2	0	2	-28829633346853586630746767360000000
0	2	6	0	2	0	1	-1338050727097445769310703370240000000
0	2	6	0	1	1	3	-18588770506029067001856000000000
0	2	6	0	1	1	2	710008985113141062220185600000000
0	2	6	0	1	1	1	146245700644733585739571200000000000
0	2	6	0	1	0	3	-75774482878320006351104286720000000
0	2	6	0	1	0	2	8817925026141512055418372743168000000
0	2	6	0	1	0	1	222298908496573459343635723972608000000
0	2	6	0	0	2	2	427197587336492426079436800000000
0	2	6	0	0	2	1	-3535932163073663284350566400000000
0	2	6	0	0	1	3	11176850923587753998707998720000000
0	2	6	0	0	1	2	-910084882627821762476723699712000000
0	2	6	0	0	1	1	-18718730176645817675860153761792000000
0	2	6	0	0	0	3	7325245988645518245256345387008000000
0	2	6	0	0	0	2	-704493399247889749663733969043456000000
0	2	6	0	0	0	1	-11073916016320903399189210479906816000000
0	2	5	3	0	0	1	-242945304045134730969600000000000
0	2	5	2	1	0	2	92799156848244572385792000000000
0	2	5	2	1	0	1	8817148167828838358400000000000000
0	2	5	2	0	1	1	-67740858987370844140800000000000
0	2	5	2	0	0	3	-1267999143540082165656576000000000
0	2	5	2	0	0	2	-146991454704858567111226490880000000
0	2	5	2	0	0	1	-2872044644065156066442912824320000000
0	2	5	1	2	0	3	-4994587676444525660160000000000
0	2	5	1	2	0	2	178470068263877620616601600000000
0	2	5	1	2	0	1	24491480070940069176679219200000000
0	2	5	1	1	1	2	-204503439442036888885248000000000
0	2	5	1	1	1	1	-9480935297463806535068160000000000
0	2	5	1	1	0	3	3321128406984178615864934400000000
0	2	5	1	1	0	2	-165389440119787524864161157120000000
0	2	5	1	1	0	1	-10455625276912649689705634273280000000
0	2	5	1	0	2	1	32039198254028560320000000000000
0	2	5	1	0	1	3	115777991207808391668940800000000
0	2	5	1	0	1	2	151332458576630226774721413120000000
0	2	5	1	0	1	1	1951415107727013899461378990080000000
0	2	5	1	0	0	3	-549064825643676893953161830400000000
0	2	5	1	0	0	2	-842626815704780307286875660288000000
0	2	5	1	0	0	1	972888137969816103649141125261312000000
0	2	5	0	4	0	1	86685725096257530101760000000000
0	2	5	0	3	0	3	7539852130768233086976000000000
0	2	5	0	3	0	2	1205598276341758176849100800000000
0	2	5	0	3	0	1	-47328525454405434807368908800000000
0	2	5	0	2	1	2	-454516132079356409393971200000000
0	2	5	0	2	1	1	10005900731462962050541977600000000
0	2	5	0	2	0	3	-8707452863284030684458516480000000
0	2	5	0	2	0	2	-518248771992994755717340250112000000
0	2	5	0	2	0	1	3372101727403948433596718235648000000
0	2	5	0	1	2	2	46473180398826953637888000000000
0	2	5	0	1	2	1	144300629768162491514880000000000
0	2	5	0	1	1	3	277645648712383037428531200000000
0	2	5	0	1	1	2	205124965857245620401230315520000000
0	2	5	0	1	1	1	-3936855038695439827770716774400000000
0	2	5	0	1	0	3	2332898422345216965758906990592000000
0	2	5	0	1	0	2	41907486098145085715579694686208000000
0	2	5	0	1	0	1	886126314065825184511298699907072000000
0	2	5	0	0	2	3	168771036755042666223206400000000
0	2	5	0	0	2	2	-27874191762786815108225925120000000
0	2	5	0	0	2	1	311638199279730671038173880320000000
0	2	5	0	0	1	3	-184482803499755252027158757376000000
0	2	5	0	0	1	2	-6118560976319801104543850299392000000
0	2	5	0	0	1	1	351194159475734696527947104526336000000
0	2	5	0	0	0	3	-166059509910268539273738307559424000000
0	2	5	0	0	0	2	267242181408918174195282837012480000000
0	2	5	0	0	0	1	-87982833008625820382743595207884800000000
0	2	4	3	0	0	3	-10976805684389381253120000000000
0	2	4	3	0	0	2	-194362263078128358215270400000000
0	2	4	3	0	0	1	34531252875334490495078707200000000
0	2	4	2	2	0	1	612669421643861814312960000000000
0	2	4	2	1	0	3	-229056870083450805614592000000000
0	2	4	2	1	0	2	-31220538774143674691602944000000000
0	2	4	2	1	0	1	-816000801795014380511276851200000000
0	2	4	2	0	1	3	-6708831751834384043520000000000
0	2	4	2	0	1	2	-1549217254958236967948697600000000
0	2	4	2	0	1	1	-27380848022779551913598515200000000
0	2	4	2	0	0	3	76970578548716860253464627200000000
0	2	4	2	0	0	2	7973325381360993655969634033664000000
0	2	4	2	0	0	1	126132538809919180450795499049984000000
0	2	4	1	3	0	2	26919981035751850168320000000000
0	2	4	1	3	0	1	5754487384306562373255168000000000
0	2	4	1	2	1	1	-720913705976297974947840000000000
0	2	4	1	2	0	3	19428663881274490438041600000000
0	2	4	1	2	0	2	-86587065566766238343056957440000000
0	2	4	1	2	0	1	-4890145807603474764579333365760000000
0	2	4	1	1	1	3	23220599994046328620032000000000
0	2	4	1	1	1	2	16372518385312418629426790400000000
0	2	4	1	1	1	1	584049570316444698420201984000000000
0	2	4	1	1	0	3	-14366968529757123530979717120000000
0	2	4	1	1	0	2	29538744879444621642766393675776000000
0	2	4	1	1	0	1	1065286127619569766917188898850816000000
0	2	4	1	0	2	3	2299767771922196843520000000000
0	2	4	1	0	2	2	803452512400632976851763200000000
0	2	4	1	0	2	1	-4217999304774234943393689600000000
0	2	4	1	0	1	3	2596077827947329944646574080000000
0	2	4	1	0	1	2	-5347725497763938896566776610816000000
0	2	4	1	0	1	1	-69114122106741459518640189382656000000
0	2	4	1	0	0	3	4230721500029030104766220275712000000
0	2	4	1	0	0	2	-2195682283386820935502586633576448000000
0	2	4	1	0	0	1	-66033257795360460563185492092647424000000
0	2	4	0	4	0	2	129757694753460490371072000000000
0	2	4	0	4	0	1	6544772244767443522682880000000000
0	2	4	0	3	1	2	-16253573455548286894080000000000
0	2	4	0	3	1	1	35577266341589027979264000000000
0	2	4	0	3	0	3	-135757972287467066282803200000000
0	2	4	0	3	0	2	-156309403224832830540961873920000000
0	2	4	0	3	0	1	-6355080159326790734896562995200000000
0	2	4	0	2	2	1	57790483397505020067840000000000
0	2	4	0	2	1	3	-146088021194771088619929600000000
0	2	4	0	2	1	2	30312370902863097275864186880000000
0	2	4	0	2	1	1	145597880691086332195391569920000000
0	2	4	0	2	0	3	98089718846599941240635817984000000
0	2	4	0	2	0	2	52399466037023657813476748476416000000
0	2	4	0	2	0	1	1906824506892757090088692963590144000000
0	2	4	0	1	2	3	18420716582954725146624000000000
0	2	4	0	1	2	2	-1352070062465340822242918400000000
0	2	4	0	1	2	1	22161893387809088085988147200000000
0	2	4	0	1	1	3	61819797306993246692318822400000000
0	2	4	0	1	1	2	-10034775185563645956785772822528000000
0	2	4	0	1	1	1	-37956545472839987235163584503808000000
0	2	4	0	1	0	3	-19362686526090155590054400286720000000
0	2	4	0	1	0	2	-6471357957720373192589411266387968000000
0	2	4	0	1	0	1	-224059669337832035398695875206803456000000
0	2	4	0	0	3	2	-102830941395435495083212800000000
0	2	4	0	0	3	1	3309423367633133753239142400000000
0	2	4	0	0	2	3	-11990354972445466930252431360000000
0	2	4	0	0	2	2	686556660498608409367463755776000000
0	2	4	0	0	2	1	-13057122416333016052374897844224000000
0	2	4	0	0	1	3	-4380623153452961781564626436096000000
0	2	4	0	0	1	2	678236061398111499889999076327424000000
0	2	4	0	0	1	1	1653599949655706091473429566365696000000
0	2	4	0	0	0	3	1093020507956933621547303469621248000000
0	2	4	0	0	0	2	266200474978087635487862083298623488000000
0	2	4	0	0	0	1	9009655069000813092801613162791567360000000
0	2	3	4	0	0	1	-172553127917843358259200000000000
0	2	3	3	1	0	2	-56379582923933120163840000000000
0	2	3	3	1	0	1	3119564907888939280539648000000000
0	2	3	3	0	1	1	5925781989001979596800000000000
0	2	3	3	0	0	3	-299408506337134879067750400000000
0	2	3	3	0	0	2	-20739552053981037845710602240000000
0	2	3	3	0	0	1	-953278139091355710589435944960000000
0	2	3	2	2	0	3	-9142635068745911377920000000000
0	2	3	2	2	0	2	-2364725629725447115100160000000000
0	2	3	2	2	0	1	-75358203415749540258103296000000000
0	2	3	2	1	1	2	-175699435973908695045120000000000
0	2	3	2	1	1	1	-10118684729159163156307968000000000
0	2	3	2	1	0	3	9840949535296724088965529600000000
0	2	3	2	1	0	2	1499413663556030111451096268800000000
0	2	3	2	1	0	1	34476062733221893621598833459200000000
0	2	3	2	0	2	1	-27089289092580478156800000000000
0	2	3	2	0	1	3	347806719342103332934656000000000
0	2	3	2	0	1	2	94371120302021621866737008640000000
0	2	3	2	0	1	1	1797855619411776159428088360960000000
0	2	3	2	0	0	3	-1775885292947066137583632883712000000
0	2	3	2	0	0	2	-203661333357001636991976196964352000000
0	2	3	2	0	0	1	-3252327594004282527792326640024576000000
0	2	3	1	4	0	1	243803601833224303411200000000000
0	2	3	1	3	0	3	-5282411373053193240576000000000
0	2	3	1	3	0	2	-5038838030177255871229132800000000
0	2	3	1	3	0	1	-505964883473684897196353126400000000
0	2	3	1	2	1	3	3047545022915303792640000000000
0	2	3	1	2	1	2	468729355330056586106880000000000
0	2	3	1	2	1	1	32062611677087328141606912000000000
0	2	3	1	2	0	3	4552272409676416983791861760000000
0	2	3	1	2	0	2	4344204171519914632534723756032000000
0	2	3	1	2	0	1	222727222570631662768585808904192000000
0	2	3	1	1	2	2	89648616090758519900160000000000
0	2	3	1	1	2	1	1680980685824927271223296000000000
0	2	3	1	1	1	3	25677259898629720732876800000000
0	2	3	1	1	1	2	-487765074625422347333002199040000000
0	2	3	1	1	1	1	-14921505366965653346655114240000000000
0	2	3	1	1	0	3	-815043499856527443532990857216000000
0	2	3	1	1	0	2	-968169399995401471105198023241728000000
0	2	3	1	1	0	1	-33270795163303045057334584089630720000000
0	2	3	1	0	3	1	7054502367859499520000000000000
0	2	3	1	0	2	3	112983781203258886792396800000000
0	2	3	1	0	2	2	-40610869818137294216097300480000000
0	2	3	1	0	2	1	92002131156809116241630945280000000
0	2	3	1	0	1	3	-285166979595206572213919416320000000
0	2	3	1	0	1	2	100440319816960395645363455950848000000
0	2	3	1	0	1	1	1300863785864099793916107652743168000000
0	2	3	1	0	0	3	12872124250169734169554501214208000000
0	2	3	1	0	0	2	60252731673493309224595445319376896000000
0	2	3	1	0	0	1	1580896478199763979880748163635359744000000
0	2	3	0	5	0	1	390085762933158885457920000000000
0	2	3	0	4	0	3	9752144073328972136448000000000
0	2	3	0	4	0	2	-5010082749805481693665689600000000
0	2	3	0	4	0	1	-675321673933390437956557209600000000
0	2	3	0	3	1	3	-8126786727774143447040000000000
0	2	3	0	3	1	2	150372643752914234248396800000000
0	2	3	0	3	1	1	45177620098369240836440064000000000
0	2	3	0	3	0	3	-9385365934731069494396190720000000
0	2	3	0	3	0	2	4411611166622464916937546006528000000
0	2	3	0	3	0	1	329773501362958289726650415382528000000
0	2	3	0	2	2	2	103481084333657426558976000000000
0	2	3	0	2	2	1	1926590240264323606511616000000000
0	2	3	0	2	1	3	11159508491697987202032599040000000
0	2	3	0	2	1	2	-602919045507836654287118106624000000
0	2	3	0	2	1	1	-26409626895896139948460673531904000000
0	2	3	0	2	0	3	2985478272379983342466375483392000000
0	2	3	0	2	0	2	-1246595656847732148797674007298048000000
0	2	3	0	2	0	1	-66474395795946176255684867156951040000000
0	2	3	0	1	3	2	-10835715637032191262720000000000
0	2	3	0	1	3	1	355110480793627201437696000000000
0	2	3	0	1	2	3	-1250251959489866808370790400000000
0	2	3	0	1	2	2	-23604868332146855847805747200000000
0	2	3	0	1	2	1	-1786928284243563667587054305280000000
0	2	3	0	1	1	3	-3106356700363792480161677869056000000
0	2	3	0	1	1	2	195912395897511429630380052283392000000
0	2	3	0	1	1	1	4198539384727187293665711803842560000000
0	2	3	0	1	0	3	-383388507929882518963158794895360000000
0	2	3	0	1	0	2	140021325934726167372426255397822464000000
0	2	3	0	1	0	1	5906623597078242345681129732888367104000000
0	2	3	0	0	3	3	-50933883336071872374374400000000
0	2	3	0	0	3	2	4465291862817201869486161920000000
0	2	3	0	0	3	1	-183454875502991320609459077120000000
0	2	3	0	0	2	3	359929766125451903004036661248000000
0	2	3	0	0	2	2	-6656838105229205059355730444288000000
0	2	3	0	0	2	1	314520212137290330061281631223808000000
0	2	3	0	0	1	3	220706905178812769490740637597696000000
0	2	3	0	0	1	2	-13964920179468299825275507078103040000000
0	2	3	0	0	1	1	-189878351509229788276788778236739584000000
0	2	3	0	0	0	3	17287794418465934677592742638592000000000
0	2	3	0	0	0	2	-5444380429855245291181904066772910080000000
0	2	3	0	0	0	1	-191601667866330703595320838709788086272000000
0	2	2	4	0	0	3	-16761497626034170859520000000000
0	2	2	4	0	0	2	-537857834933185393803264000000000
0	2	2	4	0	0	1	27033189808550627987417088000000000
0	2	2	3	2	0	1	132060284326329831014400000000000
0	2	2	3	1	0	3	-105512781015600962420736000000000
0	2	2	3	1	0	2	-7037734097911192204020940800000000
0	2	2	3	1	0	1	-20646160375369912018241126400000000
0	2	2	3	0	1	3	253962085242941982720000000000
0	2	2	3	0	1	2	-60510699510551643082752000000000
0	2	2	3	0	1	1	-9376171077532795108429824000000000
0	2	2	3	0	0	3	30470699219334350853539266560000000
0	2	2	3	0	0	2	1348878488538293094609537564672000000
0	2	2	3	0	0	1	3630710517437941673338499162112000000
0	2	2	2	3	0	2	-54855810412475468267520000000000
0	2	2	2	3	0	1	-2478669951971113751347200000000000
0	2	2	2	2	1	1	-690776871860802192998400000000000
0	2	2	2	2	0	3	202153819853381818245120000000000
0	2	2	2	2	0	2	77173409271587446083553689600000000
0	2	2	2	2	0	1	3066267920518086253020463104000000000
0	2	2	2	1	1	3	13002858764438629515264000000000
0	2	2	2	1	1	2	8401175830073459396570112000000000
0	2	2	2	1	1	1	428149248108612826281777561600000000
0	2	2	2	1	0	3	-128090243361584700876656148480000000
0	2	2	2	1	0	2	-27668315805534425546201841500160000000
0	2	2	2	1	0	1	-754916489670161708362412849479680000000
0	2	2	2	0	2	3	3301507108158245775360000000000
0	2	2	2	0	2	2	164364261569232051216384000000000
0	2	2	2	0	2	1	-2593641409761540730724352000000000
0	2	2	2	0	1	3	-7591184076157915378043289600000000
0	2	2	2	0	1	2	-2202031757110600052805243174912000000
0	2	2	2	0	1	1	-40231646090692865038997500833792000000
0	2	2	2	0	0	3	17961602808953723542069867554816000000
0	2	2	2	0	0	2	2698774185188465703296721384284160000000
0	2	2	2	0	0	1	49352551302278688460059262882636800000000
0	2	2	1	4	0	2	-31694468238319159443456000000000
0	2	2	1	4	0	1	-15847234119159579721728000000000000
0	2	2	1	3	1	2	18285270137491822755840000000000
0	2	2	1	3	1	1	32507146911096573788160000000000
0	2	2	1	3	0	3	125071247740444067649945600000000
0	2	2	1	3	0	2	155563552925270509149854760960000000
0	2	2	1	3	0	1	15632120756315018310152188723200000000
0	2	2	1	2	2	1	193011184784635906867200000000000
0	2	2	1	2	1	3	-10564822746106386481152000000000
0	2	2	1	2	1	2	-8220133031826039202208563200000000
0	2	2	1	2	1	1	-623535513403729819151853158400000000
0	2	2	1	2	0	3	-69848889177435092748633341952000000
0	2	2	1	2	0	2	-84677318581769573442694376914944000000
0	2	2	1	2	0	1	-4570566322863499758275968477421568000000
0	2	2	1	1	2	3	22043908999087364100096000000000
0	2	2	1	1	2	2	-1861809591560553965559398400000000
0	2	2	1	1	2	1	-74983477279731874503760281600000000
0	2	2	1	1	1	3	-41005587849505284363320033280000000
0	2	2	1	1	1	2	5897513454936264505635783376896000000
0	2	2	1	1	1	1	205659116037368404764515600080896000000
0	2	2	1	1	0	3	9937905875546750169086817570816000000
0	2	2	1	1	0	2	14472889338498392263410968438403072000000
0	2	2	1	1	0	1	516152386162079746655243008801794048000000
0	2	2	1	0	3	3	-507924170485883965440000000000
0	2	2	1	0	3	2	-30610896674615940317184000000000
0	2	2	1	0	3	1	2866178470039214632980480000000000
0	2	2	1	0	2	3	-8357862427127218812789227520000000
0	2	2	1	0	2	2	724818897350098594827314724864000000
0	2	2	1	0	2	1	-713651454473348613534681194496000000
0	2	2	1	0	1	3	7867565406519029532798645510144000000
0	2	2	1	0	1	2	-1020020642615485126338201156648960000000
0	2	2	1	0	1	1	-14228542602549675767234172689252352000000
0	2	2	1	0	0	3	-250258479858148171764975084085248000000
0	2	2	1	0	0	2	-759064990799414385645207923506028544000000
0	2	2	1	0	0	1	-19845299494029975849326893645328044032000000
0	2	2	0	5	0	2	58512864439973832818688000000000
0	2	2	0	5	0	1	-18490065163031731170705408000000000
0	2	2	0	4	1	2	-48760720366644860682240000000000
0	2	2	0	4	1	1	1716377356905899096014848000000000
0	2	2	0	4	0	3	-447623412965799821062963200000000
0	2	2	0	4	0	2	45935865553644023968335790080000000
0	2	2	0	4	0	1	18548173508535543317759876136960000000
0	2	2	0	3	2	1	178789308011031155834880000000000
0	2	2	0	3	1	3	411052872690816175551283200000000
0	2	2	0	3	1	2	31150022288278658477365002240000000
0	2	2	0	3	1	1	-2333569068082781507695367946240000000
0	2	2	0	3	0	3	346260592929881744244964196352000000
0	2	2	0	3	0	2	-52107266526686337767071353274368000000
0	2	2	0	3	0	1	-6416554525882939255796738111176704000000
0	2	2	0	2	2	3	-25193038856099844685824000000000
0	2	2	0	2	2	2	-6511669133496310178375270400000000
0	2	2	0	2	2	1	-157903791192120718141725081600000000
0	2	2	0	2	1	3	-301751726111341037672781053952000000
0	2	2	0	2	1	2	1374990327273618973960025702400000000
0	2	2	0	2	1	1	767868993658426238219584809271296000000
0	2	2	0	2	0	3	-90840990222404572329684221460480000000
0	2	2	0	2	0	2	13976519850045729005922559518179328000000
0	2	2	0	2	0	1	1006423790259335595148346252283002880000000
0	2	2	0	1	3	3	-5417857818516095631360000000000
0	2	2	0	1	3	2	-2419976492270522715340800000000
0	2	2	0	1	3	1	-16123364272643283395739648000000000
0	2	2	0	1	2	3	33949302103447189961841377280000000
0	2	2	0	1	2	2	1541648506050710267105460584448000000
0	2	2	0	1	2	1	45429524637247015579302827655168000000
0	2	2	0	1	1	3	60744341713625857563343340765184000000
0	2	2	0	1	1	2	-1782551531721782160783972535468032000000
0	2	2	0	1	1	1	-90248301058472301588778679784652800000000
0	2	2	0	1	0	3	9832392833345637303964782899109888000000
0	2	2	0	1	0	2	-1452201417168399454423605575843635200000000
0	2	2	0	1	0	1	-73505183057192334892555994283035357184000000
0	2	2	0	0	4	2	1083571563703219126272000000000
0	2	2	0	0	4	1	-527007069691101768941568000000000
0	2	2	0	0	3	3	2374485449097352318372085760000000
0	2	2	0	0	3	2	-56117611077691283985338597376000000
0	2	2	0	0	3	1	4045876063717853138436104454144000000
0	2	2	0	0	2	3	-5739674574015095865132598493184000000
0	2	2	0	0	2	2	-13500538223056899426623569526784000000
0	2	2	0	0	2	1	-4404593781452580598342911217434624000000
0	2	2	0	0	1	3	-3579676338274135627640071625588736000000
0	2	2	0	0	1	2	139551132922440085523872431456878592000000
0	2	2	0	0	1	1	3417473479609641799531322251003478016000000
0	2	2	0	0	0	3	-377558407869130518483216732048064512000000
0	2	2	0	0	0	2	52329123150859220423998933221517688832000000
0	2	2	0	0	0	1	2031729491284953578661802900581797142528000000
0	2	1	5	0	0	1	167614976260341708595200000000000
0	2	1	4	1	0	2	-100568985756205025157120000000000
0	2	1	4	1	0	1	1882028359707028719943680000000000
0	2	1	4	0	1	1	-170154597112771128422400000000000
0	2	1	4	0	0	3	523703681382312093966336000000000
0	2	1	4	0	0	2	18016598568271609573480857600000000
0	2	1	4	0	0	1	-716587617617596740609954201600000000
0	2	1	3	2	0	2	-633076686093605774524416000000000
0	2	1	3	2	0	1	1531899298185426039767040000000000
0	2	1	3	1	1	2	1523772511457651896320000000000
0	2	1	3	1	1	1	-1313153288762838678650880000000000
0	2	1	3	1	0	3	3235192528459608764832153600000000
0	2	1	3	1	0	2	272266851541793735645969448960000000
0	2	1	3	1	0	1	-1554280265664047836466601984000000000
0	2	1	3	0	2	1	-30475450229153037926400000000000
0	2	1	3	0	1	3	-19233395255732139491328000000000
0	2	1	3	0	1	2	1467535147301454823666483200000000
0	2	1	3	0	1	1	312755628579526315017990144000000000
0	2	1	3	0	0	3	-563233370672847925672065810432000000
0	2	1	3	0	0	2	-23987446939811478875122428051456000000
0	2	1	3	0	0	1	127866100772472255471388336680960000000
0	2	1	2	3	0	2	390085762933158885457920000000000
0	2	1	2	3	0	1	85911513213991580036038656000000000
0	2	1	2	2	1	2	78017152586631777091584000000000
0	2	1	2	2	1	1	18563206243581698461728768000000000
0	2	1	2	2	0	3	275376168270626850702950400000000
0	2	1	2	2	0	2	-665192442892499381677094830080000000
0	2	1	2	2	0	1	-49788044136815582092374392832000000000
0	2	1	2	1	2	2	19809042648949474652160000000000
0	2	1	2	1	2	1	-38602236956927181373440000000000
0	2	1	2	1	1	3	-337911792140848884527923200000000
0	2	1	2	1	1	2	-138383061540064145804867788800000000
0	2	1	2	1	1	1	-5958924442047662095736036720640000000
0	2	1	2	1	0	3	281670960284755070647397548032000000
0	2	1	2	1	0	2	215261843143303622374356154281984000000
0	2	1	2	1	0	1	8164960078584476054762026175029248000000
0	2	1	2	0	3	1	38094312786441297408000000000000
0	2	1	2	0	2	3	-87566126991766395641856000000000
0	2	1	2	0	2	2	-4762703361812036767137792000000000
0	2	1	2	0	2	1	79201123828034372615024640000000000
0	2	1	2	0	1	3	79998237875701085725845282816000000
0	2	1	2	0	1	2	23219209512485600773897817063424000000
0	2	1	2	0	1	1	382423472166434721937480562743296000000
0	2	1	2	0	0	3	-63111838496628501274543311716352000000
0	2	1	2	0	0	2	-17877649463376860272731120227745792000000
0	2	1	2	0	0	1	-402933914759230837461730115623756800000000
0	2	1	1	4	0	2	275010462867877014247833600000000
0	2	1	1	4	0	1	322312262481151860698460979200000000
0	2	1	1	3	1	2	210890115585739022450688000000000
0	2	1	1	3	1	1	-3605855271113387447451648000000000
0	2	1	1	3	0	3	-72409669744467618113126400000000
0	2	1	1	3	0	2	-1661826013307464994921913974784000000
0	2	1	1	3	0	1	-205570032262008489099377572184064000000
0	2	1	1	2	2	2	132263453994524184600576000000000
0	2	1	1	2	2	1	-4829749352316173450575872000000000
0	2	1	1	2	1	3	-1834012594790429822410752000000000
0	2	1	1	2	1	2	-133498057148937494981227560960000000
0	2	1	1	2	1	1	6721890577070087944303135948800000000
0	2	1	1	2	0	3	32433179742675728255455248384000000
0	2	1	1	2	0	2	735976216919219361270047597813760000000
0	2	1	1	2	0	1	44700736387536347283469544826617856000000
0	2	1	1	1	3	2	-3047545022915303792640000000000
0	2	1	1	1	3	1	264459184766316918005760000000000
0	2	1	1	1	2	3	-706299034510850806982246400000000
0	2	1	1	1	2	2	-8907236596085887482368901120000000
0	2	1	1	1	2	1	1008379328234953098829419970560000000
0	2	1	1	1	1	3	913059615659900758676849147904000000
0	2	1	1	1	1	2	-15327095609676789550532507811840000000
0	2	1	1	1	1	1	-1571299175034669418384126974676992000000
0	2	1	1	1	0	3	-3311597396449816010721478508544000000
0	2	1	1	1	0	2	-105316535650718115240781459718172672000000
0	2	1	1	1	0	1	-4043705030568011587604282012047878144000000
0	2	1	1	0	4	1	-5079241704858839654400000000000
0	2	1	1	0	3	3	10429376300643484090368000000000
0	2	1	1	0	3	2	780659133069984219522662400000000
0	2	1	1	0	3	1	-91036529045094607553404108800000000
0	2	1	1	0	2	3	145800911075185934763609047040000000
0	2	1	1	0	2	2	-5080391186830048249236065746944000000
0	2	1	1	0	2	1	8669139811520094759971749441536000000
0	2	1	1	0	1	3	-94099007173120516679290118848512000000
0	2	1	1	0	1	2	4952093668161836200049568904888320000000
0	2	1	1	0	1	1	87180548644503909508598230588416000000000
0	2	1	1	0	0	3	-437860458023332942118261399003136000000
0	2	1	1	0	0	2	4792801397803976371937054580110352384000000
0	2	1	1	0	0	1	130342263013772547141718006495307265024000000
0	2	1	0	5	0	2	-1808047511195191434097459200000000
0	2	1	0	5	0	1	291920680691029451932434432000000000
0	2	1	0	4	1	2	1734906430645224143074099200000000
0	2	1	0	4	1	1	-55353169760215245846478848000000000
0	2	1	0	4	0	3	6846005139476938439786496000000000
0	2	1	0	4	0	2	223328185427600186763984371712000000
0	2	1	0	4	0	1	-210458512370919666771996576841728000000
0	2	1	0	3	2	2	-151158233136599068114944000000000
0	2	1	0	3	2	1	-5310042447927625328295936000000000
0	2	1	0	3	1	3	-6881112858140922739477708800000000
0	2	1	0	3	1	2	-801583031077252588940488998912000000
0	2	1	0	3	1	1	39272041251328215829901325631488000000
0	2	1	0	3	0	3	-4123818900090574112095522652160000000
0	2	1	0	3	0	2	256230384148573161802322275270656000000
0	2	1	0	3	0	1	56982061419342335092887470996226048000000
0	2	1	0	2	3	2	-32507146911096573788160000000000
0	2	1	0	2	3	1	-212921812267682558312448000000000
0	2	1	0	2	2	3	775295453829653284847616000000000
0	2	1	0	2	2	2	143430000283528424210833735680000000
0	2	1	0	2	2	1	2725624601583018290041981501440000000
0	2	1	0	2	1	3	3488331363705597844601653690368000000
0	2	1	0	2	1	2	69175716117826262314808074272768000000
0	2	1	0	2	1	1	-9069927269835213651096400125984768000000
0	2	1	0	2	0	3	882456333419285125764090178830336000000
0	2	1	0	2	0	2	-76647846043057226209094557608394752000000
0	2	1	0	2	0	1	-7367340113585993659288134198134292480000000
0	2	1	0	1	4	1	-54178578185160956313600000000000
0	2	1	0	1	3	3	170012378345035080912076800000000
0	2	1	0	1	3	2	8545917626472367121177640960000000
0	2	1	0	1	3	1	273952891603844853864496496640000000
0	2	1	0	1	2	3	-426566242157625337911919902720000000
0	2	1	0	1	2	2	-24337107076528530695744811270144000000
0	2	1	0	1	2	1	-498321161462631424851997859119104000000
0	2	1	0	1	1	3	-545221406750096265234286723891200000000
0	2	1	0	1	1	2	6478120457426706870406903326867456000000
0	2	1	0	1	1	1	844896993641319345256500249550233600000000
0	2	1	0	1	0	3	-80662217937613301151595549763665920000000
0	2	1	0	1	0	2	7627725550869521005755509029859745792000000
0	2	1	0	1	0	1	459247116591003914228293906724255232000000000
0	2	1	0	0	4	3	541785781851609563136000000000
0	2	1	0	0	4	2	-13002858764438629515264000000000
0	2	1	0	0	4	1	16501684254347231493518131200000000
0	2	1	0	0	3	3	-37218823804402262263422517248000000
0	2	1	0	0	3	2	38552809840048859032995102720000000
0	2	1	0	0	3	1	-42572300346727608131155279282176000000
0	2	1	0	0	2	3	48476687068922106566372456595456000000
0	2	1	0	0	2	2	744787095524254686319502780694528000000
0	2	1	0	0	2	1	33400161757434786216798549293899776000000
0	2	1	0	0	1	3	26790408101161986939338091480317952000000
0	2	1	0	0	1	2	-703918356700550069955476606343118848000000
0	2	1	0	0	1	1	-27237293367831409510823590134640926720000000
0	2	1	0	0	0	3	2680354870559769491930505932001017856000000
0	2	1	0	0	0	2	-256706877450188800547874361697782358016000000
0	2	1	0	0	0	1	-11107609066026068649835382832080285669376000000
0	2	0	5	0	0	1	-2722812169917995310735360000000000
0	2	0	4	1	0	2	1633687301950797186441216000000000
0	2	0	4	1	0	1	-29929736500383004193931264000000000
0	2	0	4	0	1	1	2877051809688875408240640000000000
0	2	0	4	0	0	3	-4084218254876992966103040000000000
0	2	0	4	0	0	2	-150732795851400091705491456000000000
0	2	0	4	0	0	1	5228487820885104337343399608320000000
0	2	0	3	2	0	2	9915004879353565971126681600000000
0	2	0	3	2	0	1	-57837284659293968273935564800000000
0	2	0	3	1	1	2	-92543783862528058503168000000000
0	2	0	3	1	1	1	20162964210944038599278592000000000
0	2	0	3	1	0	3	-24787512198383914927816704000000000
0	2	0	3	1	0	2	-2311673286838059955685295489024000000
0	2	0	3	1	0	1	17497170064857096127267881025536000000
0	2	0	3	0	2	1	226195563923046992609280000000000
0	2	0	3	0	1	3	231359459656320146257920000000000
0	2	0	3	0	1	2	-7600491955890126030337966080000000
0	2	0	3	0	1	1	-2548098143405369505566839111680000000
0	2	0	3	0	0	3	3158797732402532585827509780480000000
0	2	0	3	0	0	2	136111342830160144968839773863936000000
0	2	0	3	0	0	1	-1085083631631458778229993252786176000000
0	2	0	2	3	0	2	7503543453621144386086502400000000
0	2	0	2	3	0	1	-739830806692585144776209203200000000
0	2	0	2	2	1	2	-857213464045616650793779200000000
0	2	0	2	2	1	1	-121829635050469517311790284800000000
0	2	0	2	2	0	3	-18758858634052860965216256000000000
0	2	0	2	2	0	2	518616552089148167654111084544000000
0	2	0	2	2	0	1	280402303989033577615443665485824000000
0	2	0	2	1	2	2	-228261122216356254068736000000000
0	2	0	2	1	2	1	1303130251798583901732864000000000
0	2	0	2	1	1	3	2143033660114041626984448000000000
0	2	0	2	1	1	2	753294070070646012702288912384000000
0	2	0	2	1	1	1	26992692108511762782755632840704000000
0	2	0	2	1	0	3	2978039718433484871516727787520000000
0	2	0	2	1	0	2	-551485877678550587349066707103744000000
0	2	0	2	1	0	1	-34349598639077321298037596193677312000000
0	2	0	2	0	3	1	-408540341127479336202240000000000
0	2	0	2	0	2	3	570652805540890635171840000000000
0	2	0	2	0	2	2	33619809662356315089924587520000000
0	2	0	2	0	2	1	-583580138012874695684978933760000000
0	2	0	2	0	1	3	-326170221342968382279203082240000000
0	2	0	2	0	1	2	-92644457328286132474656811008000000000
0	2	0	2	0	1	1	-1304237260745891695491538722084864000000
0	2	0	2	0	0	3	-47653389950878851716493893560320000000
0	2	0	2	0	0	2	46342788559706600940294128718766080000000
0	2	0	2	0	0	1	1356884839246063940782934107133979648000000
0	2	0	1	4	0	2	3690698924551349505038745600000000
0	2	0	1	4	0	1	-2098739421732981435540701184000000000
0	2	0	1	3	1	2	-7840723834956493597704192000000000
0	2	0	1	3	1	1	48771935332329189000196915200000000
0	2	0	1	3	0	3	-9226747311378373762596864000000000
0	2	0	1	3	0	2	5607323923662376027859907477504000000
0	2	0	1	3	0	1	982695554626824627333203180519424000000
0	2	0	1	2	2	2	-2253842397147242072884838400000000
0	2	0	1	2	2	1	28541843863013735976045772800000000
0	2	0	1	2	1	3	19601809587391233994260480000000000
0	2	0	1	2	1	2	2359023472933172632997299372032000000
0	2	0	1	2	1	1	-32204203383584817944576567083008000000
0	2	0	1	2	0	3	2674771893935393219071283773440000000
0	2	0	1	2	0	2	-2407342236075772652444117945573376000000
0	2	0	1	2	0	1	-169637940986292960915417433304113152000000
0	2	0	1	1	3	2	16863082460131347652608000000000
0	2	0	1	1	3	1	-4414267380858720366845952000000000
0	2	0	1	1	2	3	5634605992868105182212096000000000
0	2	0	1	1	2	2	267479049005512304825502646272000000
0	2	0	1	1	2	1	-3746783197924526113932835749888000000
0	2	0	1	1	1	3	-5731840595616293092268308930560000000
0	2	0	1	1	1	2	-127693982556871544205201009328128000000
0	2	0	1	1	1	1	5265031974850610012657015174025216000000
0	2	0	1	1	0	3	-249380619079396140948366013501440000000
0	2	0	1	1	0	2	304873399062510853620689005620031488000000
0	2	0	1	1	0	1	12781808032592017417767770283317950464000000
0	2	0	1	0	4	1	22687279615036150456320000000000
0	2	0	1	0	3	3	-42157706150328369131520000000000
0	2	0	1	0	3	2	-4472723357791599780660510720000000
0	2	0	1	0	3	1	729357259951611753587182632960000000
0	2	0	1	0	2	3	-804240625038724746704098713600000000
0	2	0	1	0	2	2	9335720594937496944319210487808000000
0	2	0	1	0	2	1	-98031208323024448324216273907712000000
0	2	0	1	0	1	3	419821662751094261607899840225280000000
0	2	0	1	0	1	2	-7223165930762749914401340409430016000000
0	2	0	1	0	1	1	-232368344805044467668242162153299968000000
0	2	0	1	0	0	3	8056896551294050892801563688355840000000
0	2	0	1	0	0	2	-12325771105182833309898632865511096320000000
0	2	0	1	0	0	1	-354473235950060758830363797254673918976000000
0	2	0	0	5	0	2	13955318168933759127257088000000000
0	2	0	0	5	0	1	-1535084998582713503998279680000000000
0	2	0	0	4	1	2	-15263080689167174290754764800000000
0	2	0	0	4	1	1	446219104219240449075314688000000000
0	2	0	0	4	0	3	-34888295422334397818142720000000000
0	2	0	0	4	0	2	-3317430587790485332095548129280000000
0	2	0	0	4	0	1	865313068687229498218976426065920000000
0	2	0	0	3	2	2	2384399225928933687361536000000000
0	2	0	0	3	2	1	39306016687552422195953664000000000
0	2	0	0	3	1	3	38157701722917935726886912000000000
0	2	0	0	3	1	2	5310404847353534306229498544128000000
0	2	0	0	3	1	1	-218372829766406841978373315756032000000
0	2	0	0	3	0	3	16771432257103472000047551283200000000
0	2	0	0	3	0	2	-346602182991839523021222170394624000000
0	2	0	0	3	0	1	-192966588226522417891727595044634624000000
0	2	0	0	2	3	2	532467066403761878650060800000000
0	2	0	0	2	3	1	3330357201041843984596992000000000
0	2	0	0	2	2	3	-5960998064822334218403840000000000
0	2	0	0	2	2	2	-1056942884628795431017491333120000000
0	2	0	0	2	2	1	-14832017587095175863856146677760000000
0	2	0	0	2	1	3	-14698467167027654638125153976320000000
0	2	0	0	2	1	2	-498487233237671278819052000280576000000
0	2	0	0	2	1	1	39076511536566181273787781792694272000000
0	2	0	0	2	0	3	-2996158400727100695846301643735040000000
0	2	0	0	2	0	2	165556256150693268214177600791134208000000
0	2	0	0	2	0	1	21272848372048178549982153038255898624000000
0	2	0	0	1	4	2	3250714691109657378816000000000
0	2	0	0	1	4	1	880943681290717149659136000000000
0	2	0	0	1	3	3	-1331167666009404696625152000000000
0	2	0	0	1	3	2	-93799837264169992346740850688000000
0	2	0	0	1	3	1	-1718126023611831787337606627328000000
0	2	0	0	1	2	3	2046952245354979844968066252800000000
0	2	0	0	1	2	2	131786195261474896904210490556416000000
0	2	0	0	1	2	1	2060395085666144474407421174808576000000
0	2	0	0	1	1	3	1866071390301164005779796730265600000000
0	2	0	0	1	1	2	-2815673286208425809283820509954048000000
0	2	0	0	1	1	1	-3018151918641817128869623743057174528000000
0	2	0	0	1	0	3	235658411966607438646841199381504000000000
0	2	0	0	1	0	2	-16352287608324185673306987592398495744000000
0	2	0	0	1	0	1	-1159017703735846480607435683573739556864000000
0	2	0	0	0	5	1	5417857818516095631360000000000
0	2	0	0	0	4	3	-8126786727774143447040000000000
0	2	0	0	0	4	2	-87769296659960749228032000000000
0	2	0	0	0	4	1	-133207900387305728907130306560000000
0	2	0	0	0	3	3	195924987278372231581132062720000000
0	2	0	0	0	3	2	2209880190015446512955421229056000000
0	2	0	0	0	3	1	181194015322826988769275177074688000000
0	2	0	0	0	2	3	-171635273109643962798593942077440000000
0	2	0	0	0	2	2	-4129808948088403716507683089907712000000
0	2	0	0	0	2	1	-107029600442064262107407510979895296000000
0	2	0	0	0	1	3	-77889028210497751777288319549767680000000
0	2	0	0	0	1	2	1446924235470224738119502868011483136000000
0	2	0	0	0	1	1	84531416272289540362041263952010518528000000
0	2	0	0	0	0	3	-6882952203911126055600880820734832640000000
0	2	0	0	0	0	2	518734538317122543933258876114950627328000000
0	2	0	0	0	0	1	24963237693568386637562554176668242397184000000
1	0	13	0	0	0	0	47133313995086957431664640000000
1	0	12	1	0	0	0	1054295593920112883328000000000
1	0	12	0	1	0	0	5201714603994881874739200000000
1	0	12	0	0	0	0	-909216812653644954035073024000000
1	0	11	1	0	0	0	-295442594333096358961866240000000
1	0	11	0	1	0	0	1329709766417498681235947520000000
1	0	11	0	0	1	0	-256227753479358237543014400000000
1	0	11	0	0	0	0	-203501161396250385496847834112000000
1	0	10	2	0	0	0	3007918363832634029184000000000
1	0	10	1	1	0	0	-53890756101378618833664000000000
1	0	10	1	0	1	0	-5123069615248788158208000000000
1	0	10	1	0	0	1	-278816286248859664958552064000000
1	0	10	1	0	0	0	19028003370661325527081486848000000
1	0	10	0	2	0	0	272971937505057054235361280000000
1	0	10	0	1	1	0	-28220334005771045299814400000000
1	0	10	0	1	0	0	-112803444997717653304347746304000000
1	0	10	0	0	1	0	12555745202054694692743004160000000
1	0	10	0	0	0	0	9717713611247366654209186233507840000
1	0	9	2	0	0	1	-9794751090315297877900800000000
1	0	9	2	0	0	0	-1936948289478575377223831040000000
1	0	9	1	2	0	0	-3153989625310339352064000000000
1	0	9	1	1	0	1	-77215718151949504069324800000000
1	0	9	1	1	0	0	-1693457816848356883400524800000000
1	0	9	1	0	1	0	577164647581497986124026880000000
1	0	9	1	0	0	1	9380549864988993801610732953600000
1	0	9	1	0	0	0	125946959830540424327833470259200000
1	0	9	0	3	0	0	13720669186114043913830400000000
1	0	9	0	2	0	0	-3034907880329875406779219968000000
1	0	9	0	1	1	0	-3213299266626411561816391680000000
1	0	9	0	1	0	0	-184891571426570312119579903180800000
1	0	9	0	0	2	0	529259826801154196994048000000000
1	0	9	0	0	1	0	415331106246299961108963307929600000
1	0	9	0	0	0	0	58250766465817661547612866311741440000
1	0	8	3	0	0	0	-7827780338523091178496000000000
1	0	8	2	1	0	1	-1042851408368741237376000000000
1	0	8	2	1	0	0	-347531047969326706450944000000000
1	0	8	2	0	1	0	-16901786421270566931456000000000
1	0	8	2	0	0	2	-322469141570822011392000000000
1	0	8	2	0	0	1	4187524072549526684085090816000000
1	0	8	2	0	0	0	146224991115080285787669210624000000
1	0	8	1	2	0	1	-5145250944792766467686400000000
1	0	8	1	2	0	0	-1350520916041070063457361920000000
1	0	8	1	1	1	0	109766623879956044856729600000000
1	0	8	1	1	0	1	-2304481941492177663756232704000000
1	0	8	1	1	0	0	612563682772357796683486518681600000
1	0	8	1	0	2	0	9173970994078699623936000000000
1	0	8	1	0	1	1	890229266798121238738894848000000
1	0	8	1	0	1	0	-66104355864983895711628028928000000
1	0	8	1	0	0	1	549911850022934993503738243768320000
1	0	8	1	0	0	0	-56773745021354077362209388948541440000
1	0	8	0	3	0	0	2575863996907401230006845440000000
1	0	8	0	2	1	0	-861826078811036299643781120000000
1	0	8	0	2	0	0	-1563999767442504082646970753024000000
1	0	8	0	1	2	0	58098591546354308181196800000000
1	0	8	0	1	1	0	460111799074603015146690831974400000
1	0	8	0	1	0	0	283611578609285619460357947098480640000
1	0	8	0	0	2	0	-35954208919338499210550722560000000
1	0	8	0	0	1	0	-46165641417117315905519133653483520000
1	0	8	0	0	0	0	-15960454980168781691717269541168701440000
1	0	7	3	0	0	1	-13226404186972150622553600000000
1	0	7	3	0	0	0	-2660245648082204774789514240000000
1	0	7	2	2	0	0	-15512850706923039444480000000000
1	0	7	2	1	0	1	1154389508311531753121541120000000
1	0	7	2	1	0	0	8098977465227531898206484480000000
1	0	7	2	0	1	1	25877999682675144935884800000000
1	0	7	2	0	1	0	4411329256218902629765570560000000
1	0	7	2	0	0	2	-1599804955991711976104226816000000
1	0	7	2	0	0	1	-366433166925292155162536149401600000
1	0	7	2	0	0	0	-2716477151095655645967398323814400000
1	0	7	1	3	0	0	-158502628521761807335219200000000
1	0	7	1	2	1	0	8916890992974407393280000000000
1	0	7	1	2	0	1	-1443693083899879578865803264000000
1	0	7	1	2	0	0	135849760837835387418533044224000000
1	0	7	1	1	1	1	249118202639304174071808000000000
1	0	7	1	1	1	0	-16356857289028329222998323200000000
1	0	7	1	1	0	1	513805525944080400597161974579200000
1	0	7	1	1	0	0	-34163457298698777909574174775377920000
1	0	7	1	0	2	0	107859673908451922626160640000000
1	0	7	1	0	1	1	-45597173628855455148907081728000000
1	0	7	1	0	1	0	3935164977711766064882083103539200000
1	0	7	1	0	0	1	-41029912843937903491593618233180160000
1	0	7	1	0	0	0	2475185194539445029729067131771248640000
1	0	7	0	4	0	0	286901757803216758142730240000000
1	0	7	0	3	1	0	-44613049214469760804454400000000
1	0	7	0	3	0	0	-298637373804723853002160865280000000
1	0	7	0	2	1	0	57564999074572347149021970432000000
1	0	7	0	2	0	0	96617518078249195763556978359009280000
1	0	7	0	1	2	0	576198186466506443245486080000000
1	0	7	0	1	1	0	-17194700968405778818343981243105280000
1	0	7	0	1	0	0	-12262541202550578180851185893745950720000
1	0	7	0	0	3	0	-515340439347516876818841600000000
1	0	7	0	0	2	0	461117435667515951444087220633600000
1	0	7	0	0	1	0	1318883842721969228304716795819458560000
1	0	7	0	0	0	0	534157471648326098466673333869940162560000
1	0	6	4	0	0	0	-33808075531089508382976000000000
1	0	6	3	1	0	1	-1014084715379803056000000000000
1	0	6	3	1	0	0	-652038038835804013612032000000000
1	0	6	3	0	1	0	6683905843467947145216000000000
1	0	6	3	0	0	2	1700981610938282524262400000000
1	0	6	3	0	0	1	12833974469111226911443155456000000
1	0	6	3	0	0	0	267547240784842161424565898240000000
1	0	6	2	2	0	1	119719278974043779744102400000000
1	0	6	2	2	0	0	-3239957327478924213727948800000000
1	0	6	2	1	1	1	2800637440040221309440000000000
1	0	6	2	1	1	0	680721791779125405375897600000000
1	0	6	2	1	0	2	-365308206048516493855825920000000
1	0	6	2	1	0	1	-84169597170501496995583435776000000
1	0	6	2	1	0	0	1415926648482503155460923152384000000
1	0	6	2	0	2	0	29822203309889248270848000000000
1	0	6	2	0	1	2	1465079051757060860313600000000
1	0	6	2	0	1	1	-2107362802577882949644396544000000
1	0	6	2	0	1	0	-363746040150996016047902269440000000
1	0	6	2	0	0	2	120727359368813179156554303897600000
1	0	6	2	0	0	1	13362420657207557199279196508405760000
1	0	6	2	0	0	0	-109163337827735722917920638727208960000
1	0	6	1	4	0	0	-5993505211733430792192000000000
1	0	6	1	3	0	1	-177113158248427738748928000000000
1	0	6	1	3	0	0	9339697118098229038039572480000000
1	0	6	1	2	1	1	16729893455426160301670400000000
1	0	6	1	2	1	0	-1141809659978966410157383680000000
1	0	6	1	2	0	1	116674612020291466303781931417600000
1	0	6	1	2	0	0	-4345612408511374608710090263756800000
1	0	6	1	1	2	0	3005468835459004022169600000000
1	0	6	1	1	1	1	-5754744554465948779166736384000000
1	0	6	1	1	1	0	759977488179741130714284178636800000
1	0	6	1	1	0	1	-20856182017343921562283855691857920000
1	0	6	1	1	0	0	792768615907453564017391045742592000000
1	0	6	1	0	3	0	-7500033384069648356352000000000
1	0	6	1	0	2	1	-884301493151818656148709376000000
1	0	6	1	0	2	0	-9638311033506657694519388160000000
1	0	6	1	0	1	1	168401109005050554804865140817920000
1	0	6	1	0	1	0	-112797241323281160995201034941890560000
1	0	6	1	0	0	1	1085860594680939575741281419478056960000
1	0	6	1	0	0	0	-47470612212045200273950421329882521600000
1	0	6	0	5	0	0	9047822556921879704371200000000
1	0	6	0	4	0	0	-18585625700425239299857711104000000
1	0	6	0	3	1	0	-190523485069633932956467200000000
1	0	6	0	3	0	0	10379758500037917370345757795942400000
1	0	6	0	2	2	0	798441144414556102728744960000000
1	0	6	0	2	1	0	-306046478772348694987076105011200000
1	0	6	0	2	0	0	-2343527930587940223358204333505249280000
1	0	6	0	1	3	0	-56232682056847737756057600000000
1	0	6	0	1	2	0	-390831465650274230470582114713600000
1	0	6	0	1	1	0	119243424310689813869641937541857280000
1	0	6	0	1	0	0	230304738375502542498463053837964738560000
1	0	6	0	0	3	0	37958496522016931122243829760000000
1	0	6	0	0	2	0	31083687630943007771063175683604480000
1	0	6	0	0	1	0	-9209030950628905966694925623537172480000
1	0	6	0	0	0	0	-8203271245941101725174064837293598883840000
1	0	5	4	0	0	1	90237173223309037945113600000000
1	0	5	4	0	0	0	206724315930145716516802560000000
1	0	5	3	2	0	0	-29815148807521388771328000000000
1	0	5	3	1	0	1	3422164466639158039912273920000000
1	0	5	3	1	0	0	45287324106602303256146288640000000
1	0	5	3	0	1	1	67685763323877861449548800000000
1	0	5	3	0	1	0	4398712522941697513368330240000000
1	0	5	3	0	0	2	-2351401017929811360955588608000000
1	0	5	3	0	0	1	-1011732418983269208807786834432000000
1	0	5	3	0	0	0	-9675407861814876575605233332428800000
1	0	5	2	3	0	1	4495128908800073094144000000000
1	0	5	2	3	0	0	-367222402939020961893580800000000
1	0	5	2	2	1	0	29231036011462622211072000000000
1	0	5	2	2	0	2	-20723306155824065789952000000000
1	0	5	2	2	0	1	-5724828969610849139700375552000000
1	0	5	2	2	0	0	374552684462187951764621930496000000
1	0	5	2	1	1	1	-348882474517182963735459840000000
1	0	5	2	1	1	0	-56809454236644387825974845440000000
1	0	5	2	1	0	2	18866238273426277111289167872000000
1	0	5	2	1	0	1	1905281837427767851070155065139200000
1	0	5	2	1	0	0	-97516697428943692410752824426905600000
1	0	5	2	0	2	1	-18046122507221385722112000000000
1	0	5	2	0	2	0	-2469675583730133932357191680000000
1	0	5	2	0	1	2	1938183981933388931004358656000000
1	0	5	2	0	1	1	165285269581066050530136692736000000
1	0	5	2	0	1	0	14337013099005085313743948055347200000
1	0	5	2	0	0	2	-3194190045160471897744355415982080000
1	0	5	2	0	0	1	-203458006858311671787144434378465280000
1	0	5	2	0	0	0	6861447991808230151963602134771425280000
1	0	5	1	4	0	1	-6785866917691409778278400000000
1	0	5	1	4	0	0	98561669434444811725701120000000
1	0	5	1	3	1	0	17922950895878558860492800000000
1	0	5	1	3	0	1	8746567855334665259982667776000000
1	0	5	1	3	0	0	-83165311759076358898045781606400000
1	0	5	1	2	2	0	-7263315637948140705792000000000
1	0	5	1	2	1	1	1129841559384246674890113024000000
1	0	5	1	2	1	0	19994631413671558662313033728000000
1	0	5	1	2	0	1	-2963240423686347334080201028730880000
1	0	5	1	2	0	0	29142984105095299457417020847554560000
1	0	5	1	1	2	1	-246777780031513868408832000000000
1	0	5	1	1	2	0	7325047067360433070963691520000000
1	0	5	1	1	1	1	-396694837043762354081039034777600000
1	0	5	1	1	1	0	-10356968980460062163675437027983360000
1	0	5	1	1	0	1	359919891937519393721574536657879040000
1	0	5	1	1	0	0	-4856144569148649251464381767422361600000
1	0	5	1	0	3	0	-542948219616451065751572480000000
1	0	5	1	0	2	1	48137124058104084839350043443200000
1	0	5	1	0	2	0	-977435206117010653089824940441600000
1	0	5	1	0	1	1	34451513943181278868907980681052160000
1	0	5	1	0	1	0	1269768460148724973441048194646425600000
1	0	5	1	0	0	1	-14220387468394535799407315605043773440000
1	0	5	1	0	0	0	280676077780966401313481748346164142080000
1	0	5	0	5	0	0	-191808420348925333637038080000000
1	0	5	0	4	1	0	-284096210429528506621624320000000
1	0	5	0	4	0	0	246565247040842294688982695936000000
1	0	5	0	3	2	0	44209719799091340351897600000000
1	0	5	0	3	1	0	276451243224627603777087563366400000
1	0	5	0	3	0	0	-99011495116699069983545107941949440000
1	0	5	0	2	2	0	-71328542537616852832000081920000000
1	0	5	0	2	1	0	-82427367451115488280353311239700480000
1	0	5	0	2	0	0	17123658859349557815446534812925952000000
1	0	5	0	1	3	0	2691659989115029475308339200000000
1	0	5	0	1	2	0	21148040830436335976353629057515520000
1	0	5	0	1	1	0	9607363700332439669630296405409464320000
1	0	5	0	1	0	0	-1334632419215128515198689337064161116160000
1	0	5	0	0	4	0	236245690176394350005452800000000
1	0	5	0	0	3	0	-1063901444188758392458921520332800000
1	0	5	0	0	2	0	-1530267141346847417682861258310778880000
1	0	5	0	0	1	0	-385449814262740305876805341012537999360000
1	0	5	0	0	0	0	38455480877248837839667281402519142318080000
1	0	4	5	0	0	0	-30876145963647457499136000000000
1	0	4	4	1	0	1	9879125115950443127808000000000
1	0	4	4	1	0	0	-369852509541822126234624000000000
1	0	4	4	0	1	0	62978364438828896014848000000000
1	0	4	4	0	0	2	-772044739138543627468800000000
1	0	4	4	0	0	1	4673798921413662482983597056000000
1	0	4	4	0	0	0	103685615413580341037094967296000000
1	0	4	3	2	0	1	299390823051199444588953600000000
1	0	4	3	2	0	0	1004135835344439218140938240000000
1	0	4	3	1	1	1	6037948576650945639168000000000
1	0	4	3	1	1	0	871676510740170625249689600000000
1	0	4	3	1	0	2	-491398349674955244740444160000000
1	0	4	3	1	0	1	-221175045845762669905250147328000000
1	0	4	3	1	0	0	-1009603129291537140911182204108800000
1	0	4	3	0	2	0	15610202839599500537856000000000
1	0	4	3	0	1	2	-4794804169386744633753600000000
1	0	4	3	0	1	1	-5506774055923629608026592256000000
1	0	4	3	0	1	0	-367439707211329226967348658176000000
1	0	4	3	0	0	2	175437436645583074443723507302400000
1	0	4	3	0	0	1	33955885883352802057980214418288640000
1	0	4	3	0	0	0	165460083243085477064030928027770880000
1	0	4	2	4	0	0	-10971162082495093653504000000000
1	0	4	2	3	0	1	-34824296976853176438497280000000
1	0	4	2	3	0	0	26678127862733291659336089600000000
1	0	4	2	2	1	1	-44821768424526830530252800000000
1	0	4	2	2	1	0	-2396855219669815848474009600000000
1	0	4	2	2	0	2	307660641225382412960661504000000
1	0	4	2	2	0	1	-13118512722194379134640553574400000
1	0	4	2	2	0	0	-14852196880072669649472581593497600000
1	0	4	2	1	2	1	-2069790994729977159168000000000
1	0	4	2	1	2	0	-235166633494206560958873600000000
1	0	4	2	1	1	2	457369461949082962591825920000000
1	0	4	2	1	1	1	40870674233428027347678578688000000
1	0	4	2	1	1	0	1907268595906443098485630854758400000
1	0	4	2	1	0	2	-173075624848149581655175805337600000
1	0	4	2	1	0	1	8361441360150261567451182082252800000
1	0	4	2	1	0	0	2810942226447357755599870149254430720000
1	0	4	2	0	3	0	-19205177246260701493248000000000
1	0	4	2	0	2	2	-2204390899908736410009600000000
1	0	4	2	0	2	1	-564056354833577200099473408000000
1	0	4	2	0	2	0	114480562494494075246178527232000000
1	0	4	2	0	1	2	-161641402196227812084165451776000000
1	0	4	2	0	1	1	-8251427682171595887620196606197760000
1	0	4	2	0	1	0	-314576012011774968859085014136094720000
1	0	4	2	0	0	2	22964877350177207516358280438579200000
1	0	4	2	0	0	1	-464027447926044901549871848898519040000
1	0	4	2	0	0	0	-165028606354534144692724369430476677120000
1	0	4	1	5	0	0	-6338893647663831888691200000000
1	0	4	1	4	1	0	3657054027498364551168000000000
1	0	4	1	4	0	1	80540519865605648631889920000000
1	0	4	1	4	0	0	10245983709736950733879934976000000
1	0	4	1	3	1	1	189618251325790201978060800000000
1	0	4	1	3	1	0	-3966048680765111089775493120000000
1	0	4	1	3	0	1	-63096182150164754363344768204800000
1	0	4	1	3	0	0	-6048396413595075271537881379307520000
1	0	4	1	2	2	1	-16578644924659252631961600000000
1	0	4	1	2	2	0	1383118827398928223122309120000000
1	0	4	1	2	1	1	-123767286809140104314140296806400000
1	0	4	1	2	1	0	1407617176186366752355872340377600000
1	0	4	1	2	0	1	16170145203160913061139473709301760000
1	0	4	1	2	0	0	1492311163497809212342445761281392640000
1	0	4	1	1	3	0	-81264857356731147750604800000000
1	0	4	1	1	2	1	10294274634107507517619740672000000
1	0	4	1	1	2	0	-642729551003817073489448718336000000
1	0	4	1	1	1	1	20430592876632830078514374479872000000
1	0	4	1	1	1	0	-230229296466555522218422581510635520000
1	0	4	1	1	0	1	-1726282856726298410742744970816143360000
1	0	4	1	1	0	0	-156059442833449071194463824644094115840000
1	0	4	1	0	4	0	2844375354720950206464000000000
1	0	4	1	0	3	1	299358646995599479554342912000000
1	0	4	1	0	3	0	51121520769667996674630438912000000
1	0	4	1	0	2	1	-590940316086356977542956221562880000
1	0	4	1	0	2	0	66861315468938536146497230365081600000
1	0	4	1	0	1	1	-928810517267851062475385411878256640000
1	0	4	1	0	1	0	11091077137705150207296653672336670720000
1	0	4	1	0	0	1	69083926059463510386999290958266204160000
1	0	4	1	0	0	0	5759937342647056828088170547091727564800000
1	0	4	0	6	0	0	11702572887994766563737600000000
1	0	4	0	5	1	0	-9752144073328972136448000000000
1	0	4	0	5	0	0	-18034708299815781474738241536000000
1	0	4	0	4	1	0	25257425761986653669526208512000000
1	0	4	0	4	0	0	10098885761760879686078511647293440000
1	0	4	0	3	2	0	-3315924027813317105835048960000000
1	0	4	0	3	1	0	-15054345441078296531705589942190080000
1	0	4	0	3	0	0	-2748952248587003088434209965008486400000
1	0	4	0	2	3	0	-181404327384768257992949760000000
1	0	4	0	2	2	0	2614375806850224132937111594598400000
1	0	4	0	2	1	0	3490503789879399033097891319224074240000
1	0	4	0	2	0	0	390479854183625141801343197939179192320000
1	0	4	0	1	4	0	25451892062984502588211200000000
1	0	4	0	1	3	0	5182184145768180210731306188800000
1	0	4	0	1	2	0	-545509585835983572917024955353333760000
1	0	4	0	1	1	0	-347309721987413708201691173911278059520000
1	0	4	0	1	0	0	-27756355571461990828297521701609936486400000
1	0	4	0	0	4	0	-15540866901190737717997731840000000
1	0	4	0	0	3	0	11158309778863672973873878498344960000
1	0	4	0	0	2	0	32448413159550131885631601868005539840000
1	0	4	0	0	1	0	12447148217853181908853890291093914419200000
1	0	4	0	0	0	0	778417075665526358852078872897704931246080000
1	0	3	5	0	0	1	175853506305622746514636800000000
1	0	3	5	0	0	0	1710382835845824693454725120000000
1	0	3	4	2	0	0	-21942324164990187307008000000000
1	0	3	4	1	0	1	1828530399910318848143769600000000
1	0	3	4	1	0	0	29639712250523715992672993280000000
1	0	3	4	0	1	1	19904278430915577895680000000000
1	0	3	4	0	1	0	-1452012871779368323930644480000000
1	0	3	4	0	0	2	-332177531425731448911691776000000
1	0	3	4	0	0	1	-481818544150770332116857800294400000
1	0	3	4	0	0	0	-4655273664032949285228972264652800000
1	0	3	3	3	0	1	8228371561871320240128000000000
1	0	3	3	3	0	0	-67330428039608778458726400000000
1	0	3	3	2	1	0	26513641699363142995968000000000
1	0	3	3	2	0	2	-26330788997988224768409600000000
1	0	3	3	2	0	1	-14546412687470356454148440064000000
1	0	3	3	2	0	0	34299066272244715582977245184000000
1	0	3	3	1	1	1	-664588301630550015740313600000000
1	0	3	3	1	1	0	-54618959050943778972323758080000000
1	0	3	3	1	0	2	29889570669659653267358613504000000
1	0	3	3	1	0	1	5692530272442868788456565886976000000
1	0	3	3	1	0	0	2536507300051851343170551025500160000
1	0	3	3	0	2	1	-36006744445744314310041600000000
1	0	3	3	0	2	0	-1568597440299239527906037760000000
1	0	3	3	0	1	2	389414084010108352502022144000000
1	0	3	3	0	1	1	200605446390273601899052689408000000
1	0	3	3	0	1	0	11608076334843629045492700369715200000
1	0	3	3	0	0	2	-5356498999665068210544711857602560000
1	0	3	3	0	0	1	-606583003202921327797986359843819520000
1	0	3	3	0	0	0	-1152184931394903783224521240405893120000
1	0	3	2	4	0	1	4754170235747873916518400000000
1	0	3	2	4	0	0	566111963456746832520806400000000
1	0	3	2	3	1	1	-2742790520623773413376000000000
1	0	3	2	3	1	0	-29744039423653365016166400000000
1	0	3	2	3	0	2	-31596946797585869722091520000000
1	0	3	2	3	0	1	-9766724747736608115913506816000000
1	0	3	2	3	0	0	-746844671587138665481791524044800000
1	0	3	2	2	2	0	-11885425589369684791296000000000
1	0	3	2	2	1	2	26330788997988224768409600000000
1	0	3	2	2	1	1	4411764533716234125017849856000000
1	0	3	2	2	1	0	67631926544797826127418343424000000
1	0	3	2	2	0	2	28835180555024212794732419481600000
1	0	3	2	2	0	1	5691779836849956363095958124953600000
1	0	3	2	2	0	0	295141444031470145991025219047751680000
1	0	3	2	1	2	1	-309894694896847524994252800000000
1	0	3	2	1	2	0	13839377027465855652513914880000000
1	0	3	2	1	1	2	-29515761235184880436396425216000000
1	0	3	2	1	1	1	-1876225863314325746514006164275200000
1	0	3	2	1	1	0	-32330170060126202020187258675527680000
1	0	3	2	1	0	2	-7253522578591816347397470663475200000
1	0	3	2	1	0	1	-1105845784144610545045825582568693760000
1	0	3	2	1	0	0	-44408716938183283289276153980896460800000
1	0	3	2	0	3	1	2930722463703550480588800000000
1	0	3	2	0	3	0	415962129106619072705249280000000
1	0	3	2	0	2	2	147825437899538891887312896000000
1	0	3	2	0	2	1	70740751013841873085095348633600000
1	0	3	2	0	2	0	-3047916166905950623287959069491200000
1	0	3	2	0	1	2	5262761529068872369807353715752960000
1	0	3	2	0	1	1	221452993490836602936948544036454400000
1	0	3	2	0	1	0	4038403783257047589790685567196856320000
1	0	3	2	0	0	2	505813266400621495128458188194938880000
1	0	3	2	0	0	1	64088758623299756224110221549820395520000
1	0	3	2	0	0	0	2219909486713957009868177583310637629440000
1	0	3	1	5	0	1	-8776929665996074922803200000000
1	0	3	1	5	0	0	316554596620258435549102080000000
1	0	3	1	4	1	1	7314108054996729102336000000000
1	0	3	1	4	1	0	-212840544400404816877977600000000
1	0	3	1	4	0	1	10346537254598372988164505600000000
1	0	3	1	4	0	0	-422172530671115849463508893696000000
1	0	3	1	3	2	0	59609980648223342184038400000000
1	0	3	1	3	1	1	-11417971191430770505393569792000000
1	0	3	1	3	1	0	186757617359005932264733782835200000
1	0	3	1	3	0	1	-3909322430801638114353617110302720000
1	0	3	1	3	0	0	200415422684074002933745630379704320000
1	0	3	1	2	3	0	1828527013749182275584000000000
1	0	3	1	2	2	1	400062206320174423953506304000000
1	0	3	1	2	2	0	-79645050365717707978233544704000000
1	0	3	1	2	1	1	3794530394097428335900383595069440000
1	0	3	1	2	1	0	-65621799726468866756086718575411200000
1	0	3	1	2	0	1	601063637550963004635609732211998720000
1	0	3	1	2	0	0	-42154036102175874630024183182955970560000
1	0	3	1	1	3	1	76581420264725011749273600000000
1	0	3	1	1	3	0	4973906584430870865615175680000000
1	0	3	1	1	2	1	-53149014049514411220180605337600000
1	0	3	1	1	2	0	22195742499895398752589717351628800000
1	0	3	1	1	1	1	-389299194742065315255201144633753600000
1	0	3	1	1	1	0	10063398928557836745480125130993008640000
1	0	3	1	1	0	1	-36860928010771547161566914613600337920000
1	0	3	1	1	0	0	3990887457549923825158829051282796380160000
1	0	3	1	0	4	0	185450789942972466917621760000000
1	0	3	1	0	3	1	-17651872036983133513942253568000000
1	0	3	1	0	3	0	-1492555824203264832849912432230400000
1	0	3	1	0	2	1	-13661343073412926182316982388326400000
1	0	3	1	0	2	0	-1721479672116672741077145837500252160000
1	0	3	1	0	1	1	9873306240192238289149709926413926400000
1	0	3	1	0	1	0	-518460270627394540447504712093784637440000
1	0	3	1	0	0	1	606908874496871621805847571932834775040000
1	0	3	1	0	0	0	-138876689931579280398037386666855536455680000
1	0	3	0	6	0	0	-726729776344475003608104960000000
1	0	3	0	5	1	0	655929210372106665897492480000000
1	0	3	0	5	0	0	898093324653156825160590242611200000
1	0	3	0	4	2	0	-26330788997988224768409600000000
1	0	3	0	4	1	0	-880269479162923377387180707020800000
1	0	3	0	4	0	0	-413813052128273242627867735472209920000
1	0	3	0	3	3	0	-13002858764438629515264000000000
1	0	3	0	3	2	0	104485676966654070930859936972800000
1	0	3	0	3	1	0	372930971609946009759809459579781120000
1	0	3	0	3	0	0	93540294370291216763567006148581130240000
1	0	3	0	2	3	0	14350984325419989591215308800000000
1	0	3	0	2	2	0	-51358364012463894913998151900200960000
1	0	3	0	2	1	0	-68556188793130728651837456341961277440000
1	0	3	0	2	0	0	-11149587107533654210985081317271399301120000
1	0	3	0	1	4	0	-1488278318935946781807083520000000
1	0	3	0	1	3	0	-2699741217257404300325789844111360000
1	0	3	0	1	2	0	8076173742239673088784160025091112960000
1	0	3	0	1	1	0	5722798582796212165314082119906283683840000
1	0	3	0	1	0	0	673406912270487278257646697282906765066240000
1	0	3	0	0	5	0	-41818638548519570146590720000000
1	0	3	0	0	4	0	422165065567363450690821311692800000
1	0	3	0	0	3	0	71941498056291454410632296301199360000
1	0	3	0	0	2	0	-396365844734512379828072246142023270400000
1	0	3	0	0	1	0	-178116135902653496899167239512222971002880000
1	0	3	0	0	0	0	-16258158019938915887317906397913082790830080000
1	0	2	6	0	0	0	-3352299525206834171904000000000
1	0	2	5	1	0	1	15085347863430753773568000000000
1	0	2	5	1	0	0	89523328128705335188684800000000
1	0	2	5	0	1	0	46982985769944266803200000000000
1	0	2	5	0	0	2	-4388464832998037461401600000000
1	0	2	5	0	0	1	-5634019306589582620506415104000000
1	0	2	5	0	0	0	-43916907406726605882075439104000000
1	0	2	4	2	0	1	119646617599654826899046400000000
1	0	2	4	2	0	0	1641610919010376976302080000000000
1	0	2	4	1	1	1	-228565876718647784448000000000
1	0	2	4	1	1	0	225961918804623485985177600000000
1	0	2	4	1	0	2	-44762341296579982106296320000000
1	0	2	4	1	0	1	-90718897039723914460787515392000000
1	0	2	4	1	0	0	-884312857063778614172804992204800000
1	0	2	4	0	2	0	-13459990517875925084160000000000
1	0	2	4	0	1	1	-920331355254078019133933568000000
1	0	2	4	0	1	0	-35793827915888004804922392576000000
1	0	2	4	0	0	2	17146083179709972204692963328000000
1	0	2	4	0	0	1	12234194646437298806387679702712320000
1	0	2	4	0	0	0	90462974211085609195557113197117440000
1	0	2	3	3	0	1	-268903182641954745447383040000000
1	0	2	3	3	0	0	3870942927386652232550645760000000
1	0	2	3	2	1	1	-24319409282864124265267200000000
1	0	2	3	2	1	0	-1534215432402841670649446400000000
1	0	2	3	2	0	2	1192784741608866582008954880000000
1	0	2	3	2	0	1	260198846961226124060266345267200000
1	0	2	3	2	0	0	-1894885322549451296889354839654400000
1	0	2	3	1	2	1	-2971356397342421197824000000000
1	0	2	3	1	2	0	-133780454183708691377356800000000
1	0	2	3	1	1	2	24355979823139107910778880000000
1	0	2	3	1	1	1	21657317449692645804789927936000000
1	0	2	3	1	1	0	1281224546203178259216555452006400000
1	0	2	3	1	0	2	-683284764421464372386972172288000000
1	0	2	3	1	0	1	-72457730128086928490029049661726720000
1	0	2	3	1	0	0	217698828276454000102519775142543360000
1	0	2	3	0	3	0	-9142635068745911377920000000000
1	0	2	3	0	2	2	3291348624748528096051200000000
1	0	2	3	0	2	1	939799699300271245684875264000000
1	0	2	3	0	2	0	58880151620175396413649973248000000
1	0	2	3	0	1	2	-12277763853780180836093136076800000
1	0	2	3	0	1	1	-3716025901973009472853109302640640000
1	0	2	3	0	1	0	-181025581506838695946384965435064320000
1	0	2	3	0	0	2	82350573500841719447674212964761600000
1	0	2	3	0	0	1	6058683357527474883585686081235087360000
1	0	2	3	0	0	0	-3206171974451210880954978605522411520000
1	0	2	2	4	0	1	-258261155421934504603484160000000
1	0	2	2	4	0	0	-10437641784531412245863202816000000
1	0	2	2	3	1	1	159301273437828759848878080000000
1	0	2	2	3	1	0	712247842395581479985479680000000
1	0	2	2	3	0	2	1488216194166294463910510592000000
1	0	2	2	3	0	1	343808988509696676778694452838400000
1	0	2	2	3	0	0	10031733287985692086526832657039360000
1	0	2	2	2	2	1	-22033750515677646420787200000000
1	0	2	2	2	2	0	431471424344348710961971200000000
1	0	2	2	2	1	2	-1252029016854340087737876480000000
1	0	2	2	2	1	1	-145367307344539952672889441484800000
1	0	2	2	2	1	0	-756670378277445174554083482009600000
1	0	2	2	2	0	2	-1009164899132907055919048876359680000
1	0	2	2	2	0	1	-135406412113748540600569500567060480000
1	0	2	2	2	0	0	-3166815135553034634058309605742510080000
1	0	2	2	1	3	1	457131753437295568896000000000
1	0	2	2	1	3	0	-34118959612105112238489600000000
1	0	2	2	1	2	2	8557506424346173049733120000000
1	0	2	2	1	2	1	16901876692424718498120376320000000
1	0	2	2	1	2	0	-287440350295155252803671036723200000
1	0	2	2	1	1	2	711807683761296609826138560921600000
1	0	2	2	1	1	1	39108701680954115478394596077076480000
1	0	2	2	1	1	0	277958728216719182933714597390254080000
1	0	2	2	1	0	2	200534987716650401181096484215521280000
1	0	2	2	1	0	1	19990074421964293001841128852511498240000
1	0	2	2	1	0	0	401372871255691947925335143833282560000000
1	0	2	2	0	4	0	4063393363887071723520000000000
1	0	2	2	0	3	2	1097116208249509365350400000000
1	0	2	2	0	3	1	45230918274658892927213568000000
1	0	2	2	0	3	0	6335800592635241049695256576000000
1	0	2	2	0	2	2	-4228303420452941086210287206400000
1	0	2	2	0	2	1	-1872457101816576743702188109168640000
1	0	2	2	0	2	0	43189848034161973489919605535539200000
1	0	2	2	0	1	2	-85078757943990324589145057079459840000
1	0	2	2	0	1	1	-3211520445820193521314492334742814720000
1	0	2	2	0	1	0	-29626668337726826853270676253593436160000
1	0	2	2	0	0	2	-12023704038019146962016685696337018880000
1	0	2	2	0	0	1	-969882788524540833821160549223698677760000
1	0	2	2	0	0	0	-17537152568977807039642065383950448025600000
1	0	2	1	5	0	1	402861071669219838956666880000000
1	0	2	1	5	0	0	-5536487233310324061304258560000000
1	0	2	1	4	1	1	-334839866757750258304942080000000
1	0	2	1	4	1	0	4601188351669562330613940224000000
1	0	2	1	4	0	1	-344267842735580924077294052966400000
1	0	2	1	4	0	0	6382417619284153838934581359411200000
1	0	2	1	3	2	1	-6582697249497056192102400000000
1	0	2	1	3	2	0	-2836776809130481382341017600000000
1	0	2	1	3	1	1	256104175220581195213447377715200000
1	0	2	1	3	1	0	-3618494412904745645378117247959040000
1	0	2	1	3	0	1	100673964858455739104355814081167360000
1	0	2	1	3	0	0	-2612974049676265486224339858565693440000
1	0	2	1	2	3	1	4876072036664486068224000000000
1	0	2	1	2	3	0	44412889467285693938073600000000
1	0	2	1	2	2	1	5262221346642445714079042764800000
1	0	2	1	2	2	0	1943142416352967655128692503347200000
1	0	2	1	2	1	1	-54785010727414274073615440605347840000
1	0	2	1	2	1	0	1101870152349931768375096999997276160000
1	0	2	1	2	0	1	-12792143403788028921210236949717811200000
1	0	2	1	2	0	0	482587117779045482204843134812800286720000
1	0	2	1	1	4	0	30367093072782716013772800000000
1	0	2	1	1	3	1	-3559562655875967594134274048000000
1	0	2	1	1	3	0	-128718139302407217912474510950400000
1	0	2	1	1	2	1	-3203726669478795806031523320299520000
1	0	2	1	1	2	0	-378622376820156198365289912912445440000
1	0	2	1	1	1	1	3732573616097987985993178554297876480000
1	0	2	1	1	1	0	-143832896411391403380760594244559667200000
1	0	2	1	1	0	1	695371901431114479103955072966972620800000
1	0	2	1	1	0	0	-40963521696428906234390391804872774369280000
1	0	2	1	0	5	0	-406339336388707172352000000000
1	0	2	1	0	4	1	-23672787952224228251664384000000
1	0	2	1	0	4	0	-12563243893453714723860922368000000
1	0	2	1	0	3	1	402042382928839339977466342932480000
1	0	2	1	0	3	0	22387779357725939221907511111843840000
1	0	2	1	0	2	1	457661770632235147537742139703296000000
1	0	2	1	0	2	0	22831121721084730405630401983511674880000
1	0	2	1	0	1	1	-37738055486552272053196423029752954880000
1	0	2	1	0	1	0	6530681467382198179478400640458658529280000
1	0	2	1	0	0	1	-11843291344047153129156764705469717381120000
1	0	2	1	0	0	0	1299862483438664031298984438498361201725440000
1	0	2	0	6	0	0	16917005315427474649207799808000000
1	0	2	0	5	1	0	-16468679748088395142151012352000000
1	0	2	0	5	0	0	-16450921407359816482150284452167680000
1	0	2	0	4	2	0	1254632839321918923298308096000000
1	0	2	0	4	1	0	15095870271631742087105990979747840000
1	0	2	0	4	0	0	6204584921992021721525166001886330880000
1	0	2	0	3	3	0	633889364766383188869120000000000
1	0	2	0	3	2	0	-1737451618541604969656139865128960000
1	0	2	0	3	1	0	-4930258626937225766023111317407662080000
1	0	2	0	3	0	0	-1182400294523589220837068789376741539840000
1	0	2	0	2	4	0	-22104859899545670175948800000000
1	0	2	0	2	3	0	-397167102912555769321714404556800000
1	0	2	0	2	2	0	583358444160210955362134959741992960000
1	0	2	0	2	1	0	743912288931608955631483465038894858240000
1	0	2	0	2	0	0	121540273212833327980451310383679514214400000
1	0	2	0	1	5	0	-4334286254812876505088000000000
1	0	2	0	1	4	0	35390144657205536055873188659200000
1	0	2	0	1	3	0	65802980319759771317018378804920320000
1	0	2	0	1	2	0	-71635907434838706559206214647732633600000
1	0	2	0	1	1	0	-52981085007977624788179225588959683215360000
1	0	2	0	1	0	0	-6443947512493988490043430090824529221386240000
1	0	2	0	0	5	0	1976148469301854036470792192000000
1	0	2	0	0	4	0	-6045687156236313762911677871554560000
1	0	2	0	0	3	0	-2989267792643707995095825720697815040000
1	0	2	0	0	2	0	2930656292311562354661368281254348226560000
1	0	2	0	0	1	0	1444566533241360170480462175175505669652480000
1	0	2	0	0	0	0	138527884690461945617391327653903075514900480000
1	0	1	6	0	0	1	45256043590292261320704000000000
1	0	1	6	0	0	0	14228649095877896151859200000000
1	0	1	5	1	0	1	-188691797638823949625098240000000
1	0	1	5	1	0	0	-3430259790286371529991454720000000
1	0	1	5	0	1	1	-8731216490652345365913600000000
1	0	1	5	0	1	0	-1695461039565290394318028800000000
1	0	1	5	0	0	2	138236642239438180034150400000000
1	0	1	5	0	0	1	45634586349794825284904765030400000
1	0	1	5	0	0	0	627496562851005406338416487628800000
1	0	1	4	2	0	1	-3232616337066904361359441920000000
1	0	1	4	2	0	0	-36144000997504382928376037376000000
1	0	1	4	1	1	1	-74067534236933543376322560000000
1	0	1	4	1	1	0	-8228107441302667580465971200000000
1	0	1	4	1	0	2	1421862605891364137494118400000000
1	0	1	4	1	0	1	1350942497405534127743384430182400000
1	0	1	4	1	0	0	11737145187325771782670427872296960000
1	0	1	4	0	2	1	-15496766441524319785574400000000
1	0	1	4	0	2	0	490197616935926615046144000000000
1	0	1	4	0	1	2	1974809174849116857630720000000
1	0	1	4	0	1	1	19259404830098551306504105574400000
1	0	1	4	0	1	0	1215729456602980613292872471347200000
1	0	1	4	0	0	2	-281130690235313916058271951093760000
1	0	1	4	0	0	1	-128031674231872169375247426598133760000
1	0	1	4	0	0	0	-872741934380131696346023936612270080000
1	0	1	3	3	0	1	2726311835175865782708436992000000
1	0	1	3	3	0	0	-72013054921077365480823128064000000
1	0	1	3	2	1	1	467261793093466038702735360000000
1	0	1	3	2	1	0	26987081475727062938519175168000000
1	0	1	3	2	0	2	-17953385170388291176092401664000000
1	0	1	3	2	0	1	-2011383062059946469645637228953600000
1	0	1	3	2	0	0	27857550366797169480267595766169600000
1	0	1	3	1	2	1	16145893531405279493406720000000
1	0	1	3	1	2	0	4563036338697353836787466240000000
1	0	1	3	1	1	2	-767805807181336634246823936000000
1	0	1	3	1	1	1	-262439619047279086978245309235200000
1	0	1	3	1	1	0	-13398050556444777168408015551201280000
1	0	1	3	1	0	2	6959453165965369366986342735544320000
1	0	1	3	1	0	1	454405656066816652940544613627576320000
1	0	1	3	1	0	0	-3107080040791899469071965732055613440000
1	0	1	3	0	3	1	822837156187132024012800000000
1	0	1	3	0	3	0	288842931110775920906649600000000
1	0	1	3	0	2	2	-104664886267003193454428160000000
1	0	1	3	0	2	1	-3200041128316962679119912960000000
1	0	1	3	0	2	0	-934665149102662226722982385254400000
1	0	1	3	0	1	2	172131536237153727605286754713600000
1	0	1	3	0	1	1	33086667741789295757840692008591360000
1	0	1	3	0	1	0	1414561300081305571405768505520291840000
1	0	1	3	0	0	2	-635967282500161082439884140396216320000
1	0	1	3	0	0	1	-32036412344656451394047936563809054720000
1	0	1	3	0	0	0	92978398830471482169247439298886410240000
1	0	1	2	4	0	1	4718872350274459701870526464000000
1	0	1	2	4	0	0	78901753972092930827725779763200000
1	0	1	2	3	1	1	-3224709786259452897199816704000000
1	0	1	2	3	1	0	-388817984203626119080181760000000
1	0	1	2	3	0	2	-23352671439159764594203400601600000
1	0	1	2	3	0	1	-4368088607332028026379231877857280000
1	0	1	2	3	0	0	-64135117886182913828207165193584640000
1	0	1	2	2	2	1	767323076049706850126069760000000
1	0	1	2	2	2	0	-4045645274352285771646009344000000
1	0	1	2	2	1	2	19844462436223805478959579136000000
1	0	1	2	2	1	1	1977328619937646237175044792320000000
1	0	1	2	2	1	0	1787973373405198118380214087516160000
1	0	1	2	2	0	2	11897495073025436857775810464972800000
1	0	1	2	2	0	1	1301034004198333092247604341500149760000
1	0	1	2	2	0	0	17492409850204454812708724447378964480000
1	0	1	2	1	3	1	13555480261927271269662720000000
1	0	1	2	1	3	0	1267222044641913848912117760000000
1	0	1	2	1	2	2	-277263208148816006811353088000000
1	0	1	2	1	2	1	-280400416334770311839610018201600000
1	0	1	2	1	2	0	2340255795605896781925837138493440000
1	0	1	2	1	1	2	-7602305402968451742557356047728640000
1	0	1	2	1	1	1	-381915471866575667121647026615664640000
1	0	1	2	1	1	0	-968471681651993718318153269733949440000
1	0	1	2	1	0	2	-1894581111130263926336788622870446080000
1	0	1	2	1	0	1	-155561930543916099784218124634332078080000
1	0	1	2	1	0	0	-1951967727104426288862017349735108034560000
1	0	1	2	0	4	1	365705402749836455116800000000
1	0	1	2	0	4	0	-103840017414134117894553600000000
1	0	1	2	0	3	2	-35546565147284103437352960000000
1	0	1	2	0	3	1	-3762310259401614230170352025600000
1	0	1	2	0	3	0	-223605243109312657362707949158400000
1	0	1	2	0	2	2	58099067606505104070246684426240000
1	0	1	2	0	2	1	20719329845472048181952672823951360000
1	0	1	2	0	2	0	-291593107180215737452374256284549120000
1	0	1	2	0	1	2	684698313327580768598635272560640000000
1	0	1	2	0	1	1	23949678054382346197113914782906859520000
1	0	1	2	0	1	0	108962336505501767698941460934224281600000
1	0	1	2	0	0	2	95734790233238861223074901277461872640000
1	0	1	2	0	0	1	6438375327874603599785137822207794155520000
1	0	1	2	0	0	0	76392445215748820758370732431696624865280000
1	0	1	1	5	0	1	-6161404625529244595807846400000000
1	0	1	1	5	0	0	37916968096038995383904265830400000
1	0	1	1	4	1	1	5070256729452612561404952576000000
1	0	1	1	4	1	0	-43682550747491148992843533516800000
1	0	1	1	4	0	1	3978881309028248910751834924646400000
1	0	1	1	4	0	0	-42469521943881453269658103704453120000
1	0	1	1	3	2	1	248387109547688920315330560000000
1	0	1	1	3	2	0	45075282723821072157668868096000000
1	0	1	1	3	1	1	-2544542806678591980527297298432000000
1	0	1	1	3	1	0	31445092744142327315516799227658240000
1	0	1	1	3	0	1	-936339925669515732383866216562688000000
1	0	1	1	3	0	0	15900762035805134763059277733023252480000
1	0	1	1	2	3	1	-159447555598928694430924800000000
1	0	1	1	2	3	0	-2875843898288237244719628288000000
1	0	1	1	2	2	1	-202237943148444230402631951974400000
1	0	1	1	2	2	0	-21273320017643021022973345024573440000
1	0	1	1	2	1	1	390940831652530710401518633412198400000
1	0	1	1	2	1	0	-8342944254622175922578005399942594560000
1	0	1	1	2	0	1	100355664644730688568848243176657715200000
1	0	1	1	2	0	0	-2659857409305195832661725387780128276480000
1	0	1	1	1	4	1	-2438036018332243034112000000000
1	0	1	1	1	4	0	-1019814212894921712882155520000000
1	0	1	1	1	3	1	56486511282839543011727297740800000
1	0	1	1	1	3	0	1658912477713658383766400999751680000
1	0	1	1	1	2	1	55240399831267290915531135027118080000
1	0	1	1	1	2	0	3174585955135534209658668283473592320000
1	0	1	1	1	1	1	-18228526497462279131826826620482519040000
1	0	1	1	1	1	0	944300194979332905228580824188013281280000
1	0	1	1	1	0	1	-4791122037915176719833058146091920998400000
1	0	1	1	1	0	0	205475878361202830224050228053753529262080000
1	0	1	1	0	5	0	5851286443997383281868800000000
1	0	1	1	0	4	1	742920285935015763149035929600000
1	0	1	1	0	4	0	218420546919588343979076206592000000
1	0	1	1	0	3	1	-4204276995468361349021298502533120000
1	0	1	1	0	3	0	-184245582283493451684497253303091200000
1	0	1	1	0	2	1	-4683464615521795109135704273034772480000
1	0	1	1	0	2	0	-155149663294192726321145633001069527040000
1	0	1	1	0	1	1	-62585833900484015540641932504296325120000
1	0	1	1	0	1	0	-37937509443977726647690516241812973445120000
1	0	1	1	0	0	1	75738030178869591115177648432695476920320000
1	0	1	1	0	0	0	-5981232146392571778053603158937162374656000000
1	0	1	0	6	0	0	-174952294418232960651220746240000000
1	0	1	0	5	1	0	183017731057784729756481827635200000
1	0	1	0	5	0	0	138103178789966719163525817355468800000
1	0	1	0	4	2	0	-19928334776112063970921886515200000
1	0	1	0	4	1	0	-127745166020480553438456350417879040000
1	0	1	0	4	0	0	-43756245043623553428011126240646266880000
1	0	1	0	3	3	0	-10298264141435394576089088000000000
1	0	1	0	3	2	0	15195041923374828985156334455357440000
1	0	1	0	3	1	0	33858151046232875404892839591257047040000
1	0	1	0	3	0	0	7187124788757556977915503890936163205120000
1	0	1	0	2	4	0	708863848402136326654132224000000
1	0	1	0	2	3	0	4658970079144242069599932215459840000
1	0	1	0	2	2	0	-3708377743485025975615530497574174720000
1	0	1	0	2	1	0	-4316905216641844371366707404756899594240000
1	0	1	0	2	0	0	-649322843275071139105664485325830984826880000
1	0	1	0	1	5	0	141471103357092289126072320000000
1	0	1	0	1	4	0	-408535911400241192346194269962240000
1	0	1	0	1	3	0	-644814019728372961800323107804938240000
1	0	1	0	1	2	0	364062097364480332235485043235804610560000
1	0	1	0	1	1	0	267132647394318856683013325720704174325760000
1	0	1	0	1	0	0	30722269798266810923536997093277104115302400000
1	0	1	0	0	6	0	433428625481287650508800000000
1	0	1	0	0	5	0	-31511752066961267821507510272000000
1	0	1	0	0	4	0	46595106747300045359834766991687680000
1	0	1	0	0	3	0	27885104423620754682016210207588024320000
1	0	1	0	0	2	0	-12528404985005021647724059532517437767680000
1	0	1	0	0	1	0	-6459002292568125120852123075317495656366080000
1	0	1	0	0	0	0	-596575153478627400507161267415130529597890560000
1	0	0	6	0	0	1	-734622917953825640431042560000000
1	0	0	6	0	0	0	649273372042059642414366720000000
1	0	0	5	1	0	1	-790519769746128976474128384000000
1	0	0	5	1	0	0	32075706368541790618943127552000000
1	0	0	5	0	1	1	164107251938966193929871360000000
1	0	0	5	0	1	0	15136254055493531008120258560000000
1	0	0	5	0	0	2	-1087724893506893565183000576000000
1	0	0	5	0	0	1	-11972008098856641771259886960640000
1	0	0	5	0	0	0	-3785044710319031309785185228226560000
1	0	0	4	2	0	1	21218907679594625821683253248000000
1	0	0	4	2	0	0	247996852147020070839963038515200000
1	0	0	4	1	1	1	1117443943061359024708067328000000
1	0	0	4	1	1	0	73993894578017827141598724096000000
1	0	0	4	1	0	2	-11286745365565648523428311859200000
1	0	0	4	1	0	1	-6510313768355325973077628260188160000
1	0	0	4	1	0	0	-58603251908869388743209191362068480000
1	0	0	4	0	2	1	216403124532192807011573760000000
1	0	0	4	0	2	0	-4408761482850653384660582400000000
1	0	0	4	0	1	2	-31991908632555693093617664000000
1	0	0	4	0	1	1	-144247894717869240591084366643200000
1	0	0	4	0	1	0	-8465430950847586188419174204866560000
1	0	0	4	0	0	2	1519935579132720978877775216640000000
1	0	0	4	0	0	1	488397252336302107658141422071275520000
1	0	0	4	0	0	0	3428462045895009861199843809882685440000
1	0	0	3	3	0	1	-8418466693042296228843533107200000
1	0	0	3	3	0	0	436978427920482139541815335321600000
1	0	0	3	2	1	1	-1418439603321625668274225152000000
1	0	0	3	2	1	0	-147274711893786636174131763609600000
1	0	0	3	2	0	2	89756498859498252543453718118400000
1	0	0	3	2	0	1	5557101809008538393785562168033280000
1	0	0	3	2	0	0	-135714782114639615108039251443056640000
1	0	0	3	1	2	1	562650561819719630473125888000000
1	0	0	3	1	2	0	-38811846290924623190883434496000000
1	0	0	3	1	1	2	6046470731553025994693738496000000
1	0	0	3	1	1	1	964119881511662565139208032665600000
1	0	0	3	1	1	0	52981377948647185070032411970764800000
1	0	0	3	1	0	2	-26653294070597457619882619299430400000
1	0	0	3	1	0	1	-1113167200479360411442707857903984640000
1	0	0	3	1	0	0	13209575109674694130504697878739681280000
1	0	0	3	0	3	1	2956118672227844678860800000000
1	0	0	3	0	3	0	-2279862336552892936666398720000000
1	0	0	3	0	2	2	831789624446448020434059264000000
1	0	0	3	0	2	1	-49356162805475471181391096381440000
1	0	0	3	0	2	0	5282855488201406347485417095331840000
1	0	0	3	0	1	2	-891718467292382972521678553088000000
1	0	0	3	0	1	1	-108700117608224780180519453629194240000
1	0	0	3	0	1	0	-4481052499855703910181926885285888000000
1	0	0	3	0	0	2	1973559732881651799257293541203968000000
1	0	0	3	0	0	1	69842530923300305403219455241184727040000
1	0	0	3	0	0	0	-386692383594240428621538078629026652160000
1	0	0	2	4	0	1	-28856148639996277417722996326400000
1	0	0	2	4	0	0	-190158483049305148384325900697600000
1	0	0	2	3	1	1	22001533332516996828437230387200000
1	0	0	2	3	1	0	-54165855971431516817838440448000000
1	0	0	2	3	0	2	122081123341832524845245005824000000
1	0	0	2	3	0	1	19454748587517822515763498757324800000
1	0	0	2	3	0	0	153778486310637313579232903225671680000
1	0	0	2	2	2	1	-6584375837295677941431386112000000
1	0	0	2	2	2	0	2835312524697871037174729932800000
1	0	0	2	2	1	2	-104843882970611517406403808460800000
1	0	0	2	2	1	1	-9571746455024980833258536890368000000
1	0	0	2	2	1	0	14544046171701848830946859916001280000
1	0	0	2	2	0	2	-48555348220921265546798323571097600000
1	0	0	2	2	0	1	-4610805018754427642693080302756249600000
1	0	0	2	2	0	0	-38947478573797907772693581417770352640000
1	0	0	2	1	3	1	-342318542243984413812080640000000
1	0	0	2	1	3	0	-11574817362598138696507097088000000
1	0	0	2	1	2	2	2245831986005409655171960012800000
1	0	0	2	1	2	1	1568026565629260551975948760023040000
1	0	0	2	1	2	0	-5117753355327853758478515334348800000
1	0	0	2	1	1	2	30336415338569675504178957336576000000
1	0	0	2	1	1	1	1423693060032173222022021158593904640000
1	0	0	2	1	1	0	-86316859370313085249255768845189120000
1	0	0	2	1	0	2	6375630427151220724576138831326412800000
1	0	0	2	1	0	1	462021986564662877959222097780988395520000
1	0	0	2	1	0	0	3977294115181377977526432756043354521600000
1	0	0	2	0	4	1	-8947592187279331935191040000000
1	0	0	2	0	4	0	615811327690449606771179520000000
1	0	0	2	0	3	2	287927177693001237842558976000000
1	0	0	2	0	3	1	38511695702709030869397760573440000
1	0	0	2	0	3	0	1513914642683798751964050643353600000
1	0	0	2	0	2	2	-308186053834567130494092361728000000
1	0	0	2	0	2	1	-86461411916867549288255363045376000000
1	0	0	2	0	2	0	679086478281657879669404343713218560000
1	0	0	2	0	1	2	-2194861209492642359915869515915264000000
1	0	0	2	0	1	1	-72212162998898005207536235767184834560000
1	0	0	2	0	1	0	-126504863048953032990869720299020779520000
1	0	0	2	0	0	2	-275814514621868206521760318200619008000000
1	0	0	2	0	0	1	-16614327934122109398022287376427304038400000
1	0	0	2	0	0	0	-142532420221275048641851607796751415808000000
1	0	0	1	5	0	1	31399465880100958036328448000000000
1	0	0	1	5	0	0	-70510166626152747578333331456000000
1	0	0	1	4	1	1	-25365870904367948283546461798400000
1	0	0	1	4	1	0	153140290104923483064666528153600000
1	0	0	1	4	0	1	-16071402967199911474877716778188800000
1	0	0	1	4	0	0	100556599306899780141388464881664000000
1	0	0	1	3	2	1	-2281984159299647487778986393600000
1	0	0	1	3	2	0	-239169376143077524521679414886400000
1	0	0	1	3	1	1	9489078430021121806096913616076800000
1	0	0	1	3	1	0	-100615351487346209695084100913070080000
1	0	0	1	3	0	1	3156744798679610229657481823846400000000
1	0	0	1	3	0	0	-36946358899914061151799426071169269760000
1	0	0	1	2	3	1	1298458974787459324079505408000000
1	0	0	1	2	3	0	27158918642763952425600850329600000
1	0	0	1	2	2	1	1338482378794855412857050181140480000
1	0	0	1	2	2	0	86124878805880895465013347669114880000
1	0	0	1	2	1	1	-1126969001359136247975476977038458880000
1	0	0	1	2	1	0	23742796069618569003392428127047188480000
1	0	0	1	2	0	1	-293226310722436484756262208558133575680000
1	0	0	1	2	0	0	5777167541179058513222567610168076861440000
1	0	0	1	1	4	1	39262132039222441821339648000000
1	0	0	1	1	4	0	8551450342876635758036385792000000
1	0	0	1	1	3	1	-306344603523295574497857444249600000
1	0	0	1	1	3	0	-8643199746745721994844942319616000000
1	0	0	1	1	2	1	-261849633204289011078466593054720000000
1	0	0	1	1	2	0	-10388017638009655888909150391879761920000
1	0	0	1	1	1	1	37386871099447760258160611157449932800000
1	0	0	1	1	1	0	-2389994413491803610498389438519439360000000
1	0	0	1	1	0	1	12544424902367145478998771351325072588800000
1	0	0	1	1	0	0	-413155814231504885214431762781847490027520000
1	0	0	1	0	5	1	195042881466579442728960000000
1	0	0	1	0	5	0	11848855049094701145784320000000
1	0	0	1	0	4	1	-5975424996678654166623615713280000
1	0	0	1	0	4	0	-1225670010466322168888393813852160000
1	0	0	1	0	3	1	17074332062746436020572463428403200000
1	0	0	1	0	3	0	675363013257395605312080751817687040000
1	0	0	1	0	2	1	16812501325394134644064523089294295040000
1	0	0	1	0	2	0	425195779392391836196368152295583334400000
1	0	0	1	0	1	1	558367040684977045231477656919036723200000
1	0	0	1	0	1	0	86421836211832549008831481807230089994240000
1	0	0	1	0	0	1	-185920401562189589377856539218385018183680000
1	0	0	1	0	0	0	11143091509049672762003744723577090913628160000
1	0	0	0	6	0	0	678228463010180693584694476800000000
1	0	0	0	5	1	0	-759871813840462822359606755328000000
1	0	0	0	5	0	0	-445554062829745537504419257647104000000
1	0	0	0	4	2	0	105519267708409915371713514700800000
1	0	0	0	4	1	0	427589172895058777337302345239756800000
1	0	0	0	4	0	0	121121938405304527020763643486561894400000
1	0	0	0	3	3	0	55755972319020025711602696192000000
1	0	0	0	3	2	0	-55351130877113320380675327503892480000
1	0	0	0	3	1	0	-95215860503962840839769875271864811520000
1	0	0	0	3	0	0	-17448873895701127438239609062068251525120000
1	0	0	0	2	4	0	-5682394912077842810820938956800000
1	0	0	0	2	3	0	-19762214130250136771122967693230080000
1	0	0	0	2	2	0	10420267118057459268027051037533143040000
1	0	0	0	2	1	0	10496417433497933022403304181528485560320000
1	0	0	0	2	0	0	1405675302594560512341366708700284755312640000
1	0	0	0	1	5	0	-1154341789671803773847076864000000
1	0	0	0	1	4	0	1904956351104141086486085060526080000
1	0	0	0	1	3	0	2310913807164271575068569320731443200000
1	0	0	0	1	2	0	-838147557127618723346225667140115824640000
1	0	0	0	1	1	0	-573535203174267170405323008278445878476800000
1	0	0	0	1	0	0	-60072654760004597949065575527795445652766720000
1	0	0	0	0	6	0	-7021543732796859938242560000000
1	0	0	0	0	5	0	169663091912104276403221514158080000
1	0	0	0	0	4	0	-156279902294546383317643636628520960000
1	0	0	0	0	3	0	-89766927677370140316467119488959447040000
1	0	0	0	0	2	0	24556121576898714600950333363969113620480000
1	0	0	0	0	1	0	12443577964631566770783033198748452793466880000
1	0	0	0	0	0	0	1064504790136116360739871770722299052289597440000
1	1	10	0	0	0	1	-62162254007088904509603840000000
1	1	10	0	0	0	0	-199887008394052345638666240000000
1	1	9	1	0	0	1	-1390468544491654983168000000000
1	1	9	1	0	0	0	-32224304912456320570368000000000
1	1	9	0	1	0	1	-6860334593057021956915200000000
1	1	9	0	1	0	0	-22059878302225274196787200000000
1	1	9	0	0	0	1	8710445155818671971909632000000
1	1	9	0	0	0	0	8331679124091516803385964953600000
1	1	8	1	0	0	1	337487139316313214094817280000000
1	1	8	1	0	0	0	15585798880799368290107596800000000
1	1	8	0	1	0	1	-1502040160497124869951356928000000
1	1	8	0	1	0	0	-2038899877753660203334238208000000
1	1	8	0	0	1	1	202807931428195090729205760000000
1	1	8	0	0	1	0	798502446472465608921907200000000
1	1	8	0	0	0	1	210349903895004186758543722905600000
1	1	8	0	0	0	0	293181594398440806279208547450880000
1	1	7	2	0	0	1	-7609221404052184832256000000000
1	1	7	2	0	0	0	-37111385456519540474880000000000
1	1	7	1	1	0	1	76873319896035109262745600000000
1	1	7	1	1	0	0	2838042857155433233854873600000000
1	1	7	1	0	1	1	3734183253386961745920000000000
1	1	7	1	0	1	0	140124991433266810865664000000000
1	1	7	1	0	0	2	2884633048233535083724800000000
1	1	7	1	0	0	1	-62571200225644472656457281536000000
1	1	7	1	0	0	0	-860883366045859146135291882700800000
1	1	7	0	2	0	1	-235755775366620014913454080000000
1	1	7	0	2	0	0	-551204125684897738047160320000000
1	1	7	0	1	1	1	22306524607234880402227200000000
1	1	7	0	1	1	0	87880663737341357860454400000000
1	1	7	0	1	0	1	71909171112322452701442274099200000
1	1	7	0	1	0	0	276854432013486502623808811827200000
1	1	7	0	0	1	1	-5827797910031982094217576448000000
1	1	7	0	0	1	0	-49268974189699633269805409894400000
1	1	7	0	0	0	1	-4617360390987277645766083845488640000
1	1	7	0	0	0	0	-27396571820056941806605905492049920000
1	1	6	2	0	0	1	3738683511702816849299128320000000
1	1	6	2	0	0	0	41288853660352087392534159360000000
1	1	6	1	2	0	1	5993505211733430792192000000000
1	1	6	1	2	0	0	138900329822206401748992000000000
1	1	6	1	1	0	1	-17047145058200637078636343296000000
1	1	6	1	1	0	0	-91779152603986666220855574528000000
1	1	6	1	0	1	1	391057428141967152914472960000000
1	1	6	1	0	1	0	-38246906977643879012961239040000000
1	1	6	1	0	0	2	-1443410699632190001102510489600000
1	1	6	1	0	0	1	3865341509387085191555954538086400000
1	1	6	1	0	0	0	15381312372563567863356797277634560000
1	1	6	0	3	0	1	-9047822556921879704371200000000
1	1	6	0	3	0	0	-29093896485431433540403200000000
1	1	6	0	2	0	1	-3065930071934286620157050880000000
1	1	6	0	2	0	0	40444064414311247305951975833600000
1	1	6	0	1	1	1	1961200097927066414170570752000000
1	1	6	0	1	1	0	-403784274641494981652250624000000
1	1	6	0	1	0	1	1703486279229563142756941494026240000
1	1	6	0	1	0	0	-11194345615328614985501633365278720000
1	1	6	0	0	2	1	-202525244106051199467847680000000
1	1	6	0	0	2	0	-970987575258151573036400640000000
1	1	6	0	0	1	1	-300298565344481015797378754150400000
1	1	6	0	0	1	0	642491146997558123518539528929280000
1	1	6	0	0	0	1	-145646677186617411182039214310686720000
1	1	6	0	0	0	0	810632526535860877709906110668472320000
1	1	5	3	0	0	1	7087658528988439167744000000000
1	1	5	3	0	0	0	302587359164123941011456000000000
1	1	5	2	1	0	1	736081168247290613295820800000000
1	1	5	2	1	0	0	7263572986194520220334489600000000
1	1	5	2	0	1	1	24854422742442588708864000000000
1	1	5	2	0	1	0	259481527895555255144448000000000
1	1	5	2	0	0	2	1189897023391597503037440000000
1	1	5	2	0	0	1	-238250187411779930789399095296000000
1	1	5	2	0	0	0	-2261122467415681462792338707251200000
1	1	5	1	2	0	1	-1601042676897555766726410240000000
1	1	5	1	2	0	0	2568042934545355264882114560000000
1	1	5	1	1	1	1	51141191645655370200268800000000
1	1	5	1	1	1	0	-6478511843646991673111347200000000
1	1	5	1	1	0	2	-259823936509685472388349952000000
1	1	5	1	1	0	1	878069359837565204529869262028800000
1	1	5	1	1	0	0	-1064808733806474582101266435276800000
1	1	5	1	0	2	1	-2759721326306636212224000000000
1	1	5	1	0	2	0	-205709289046783006003200000000000
1	1	5	1	0	1	2	-9651913703686424367267840000000
1	1	5	1	0	1	1	47295108513720163918221852672000000
1	1	5	1	0	1	0	1906629793574028306716082261196800000
1	1	5	1	0	0	2	75630723923267610189572582277120000
1	1	5	1	0	0	1	-101248085579054112977720840881274880000
1	1	5	1	0	0	0	39598536472904946115614155928698880000
1	1	5	0	3	0	1	-1522151488398351880507097088000000
1	1	5	0	3	0	0	1871914302731422872619057152000000
1	1	5	0	2	1	1	335912602605816445239951360000000
1	1	5	0	2	1	0	877145762959937366621552640000000
1	1	5	0	2	0	1	855381376632423452480790095462400000
1	1	5	0	2	0	0	-1276209229298859313852512974929920000
1	1	5	0	1	2	1	-22104859899545670175948800000000
1	1	5	0	1	2	0	-106190013242915474374656000000000
1	1	5	0	1	1	1	-164908088420659630348227202252800000
1	1	5	0	1	1	0	-327087976991050798424740351180800000
1	1	5	0	1	0	1	-139528799721562079074315348167229440000
1	1	5	0	1	0	0	242075588226835798571994662029885440000
1	1	5	0	0	2	1	6944773048699008097552564224000000
1	1	5	0	0	2	0	69894247049663084019971437363200000
1	1	5	0	0	1	1	14854281933103796699287062915317760000
1	1	5	0	0	1	0	22478171156792886946142232929894400000
1	1	5	0	0	0	1	6958749137622595727196114950021775360000
1	1	5	0	0	0	0	-13659681994476073413509164968498954240000
1	1	4	3	0	0	1	6287271084994603257681684480000000
1	1	4	3	0	0	0	17727685882241420257842954240000000
1	1	4	2	2	0	1	37941935535295532218368000000000
1	1	4	2	2	0	0	279155124099041827405824000000000
1	1	4	2	1	0	1	-31391903532573039172869402624000000
1	1	4	2	1	0	0	-296290015068070309060161699840000000
1	1	4	2	0	1	1	-1015606061142446164228485120000000
1	1	4	2	0	1	0	-82127201833123000172633456640000000
1	1	4	2	0	0	2	-2576265102660024384192744652800000
1	1	4	2	0	0	1	6528529292730938578849045141094400000
1	1	4	2	0	0	0	49124215576302263026047109094768640000
1	1	4	1	3	0	1	-53392988801476122447052800000000
1	1	4	1	3	0	0	323283576030855426323251200000000
1	1	4	1	2	1	1	-3657054027498364551168000000000
1	1	4	1	2	1	0	-315725664374025472917504000000000
1	1	4	1	2	0	2	-12433983693494439473971200000000
1	1	4	1	2	0	1	57025734390853705369049186304000000
1	1	4	1	2	0	0	-369445623387063638253313366425600000
1	1	4	1	1	1	1	22614292469371451753863766016000000
1	1	4	1	1	1	0	199318148287246314146287779840000000
1	1	4	1	1	0	2	8477719745217435730647377510400000
1	1	4	1	1	0	1	-12886894248984404829728394404659200000
1	1	4	1	1	0	0	88748515650043881407378433699348480000
1	1	4	1	0	2	1	-608600497550118340741816320000000
1	1	4	1	0	2	0	21836988818818142746719191040000000
1	1	4	1	0	1	2	2179513505449143313055259033600000
1	1	4	1	0	1	1	-5534939631312921429147910997606400000
1	1	4	1	0	1	0	-31268494633664305984980942878146560000
1	1	4	1	0	0	2	-1225444634710972788477311088721920000
1	1	4	1	0	0	1	832506235650780062236132258570567680000
1	1	4	1	0	0	0	-5403087821957017336408729581322567680000
1	1	4	0	4	0	1	-76846895297832300435210240000000
1	1	4	0	4	0	0	25745660353588486440222720000000
1	1	4	0	3	1	1	9752144073328972136448000000000
1	1	4	0	3	1	0	52661577995976449536819200000000
1	1	4	0	3	0	1	73781145297432375228351656755200000
1	1	4	0	3	0	0	-60310561025449592881759833292800000
1	1	4	0	2	1	1	-7075380444153672528921821184000000
1	1	4	0	2	1	0	-57220639685820983595529587916800000
1	1	4	0	2	0	1	-20896862049411847000345787958558720000
1	1	4	0	2	0	0	24908241435239568497630861084590080000
1	1	4	0	1	2	1	-770167993190209651942096896000000
1	1	4	0	1	2	0	8011808949149594865551278080000000
1	1	4	0	1	1	1	1606004801631391137085606336266240000
1	1	4	0	1	1	0	13329064495902170100943494146949120000
1	1	4	0	1	0	1	2281601109534026715753786352298557440000
1	1	4	0	1	0	0	-3529246457701782629094255840042024960000
1	1	4	0	0	3	1	61120660003286246849249280000000
1	1	4	0	0	3	0	328733940996282618528399360000000
1	1	4	0	0	2	1	109484310780585331688978871091200000
1	1	4	0	0	2	0	-2083184783435447081835646624727040000
1	1	4	0	0	1	1	-97618755356012704606067634607226880000
1	1	4	0	0	1	0	-817696899555413250717624501102182400000
1	1	4	0	0	0	1	-85138245004402623526612954655844925440000
1	1	4	0	0	0	0	162698884249726707113550920404728545280000
1	1	3	4	0	0	1	79388547846943663798272000000000
1	1	3	4	0	0	0	518336615980844586731520000000000
1	1	3	3	1	0	1	1328658520607204429835878400000000
1	1	3	3	1	0	0	3783892851352099495017676800000000
1	1	3	3	0	1	1	35922936957614143455744000000000
1	1	3	3	0	1	0	-491873766698530032132096000000000
1	1	3	3	0	0	2	-25940703235055065882951680000000
1	1	3	3	0	0	1	-342313352139363943586819383296000000
1	1	3	3	0	0	0	-990900221037711830221033871769600000
1	1	3	2	2	0	1	-296574891450025703884554240000000
1	1	3	2	2	0	0	-8557018817142506601126297600000000
1	1	3	2	1	1	1	-141604179489759590725017600000000
1	1	3	2	1	1	0	-13027035954953757592018944000000000
1	1	3	2	1	0	2	-451397492722178133279768576000000
1	1	3	2	1	0	1	556170592924480216173835920998400000
1	1	3	2	1	0	0	4606588041677098439851497671884800000
1	1	3	2	0	2	1	-16380554498169757885440000000000
1	1	3	2	0	2	0	-426351548705851000590336000000000
1	1	3	2	0	1	2	-11714763068086427778908160000000
1	1	3	2	0	1	1	51819686572457710061726883840000000
1	1	3	2	0	1	0	3846265911369083967875172473241600000
1	1	3	2	0	0	2	129418400735761550386162221711360000
1	1	3	2	0	0	1	-102799588492397803191384405243248640000
1	1	3	2	0	0	0	-544653971271505343698497050240286720000
1	1	3	1	3	0	1	-266443204299457512225964032000000
1	1	3	1	3	0	0	-16151481509959296994440904704000000
1	1	3	1	2	1	1	2747325267617871385419448320000000
1	1	3	1	2	1	0	-4796250737424288431287173120000000
1	1	3	1	2	0	2	-82222277111051229876820377600000
1	1	3	1	2	0	1	617413205611397754071788938854400000
1	1	3	1	2	0	0	9865787166104015419080108823019520000
1	1	3	1	1	2	1	-97399538932373109212774400000000
1	1	3	1	1	2	0	2792648357198667783423590400000000
1	1	3	1	1	1	2	345240528411955607088463872000000
1	1	3	1	1	1	1	-1658136832304138659071388267315200000
1	1	3	1	1	1	0	1863814662396962716809821906534400000
1	1	3	1	1	0	2	48782649037808148208986016972800000
1	1	3	1	1	0	1	-190188168388501293766676371238092800000
1	1	3	1	1	0	0	-1721195706981347659342524970533519360000
1	1	3	1	0	3	1	609509004583060758528000000000
1	1	3	1	0	3	0	116009880538975897706496000000000
1	1	3	1	0	2	2	9679002992779004845424640000000
1	1	3	1	0	2	1	20882143389739738646210052096000000
1	1	3	1	0	2	0	-873707020538021700810953077555200000
1	1	3	1	0	1	2	-111369231176542310845222284165120000
1	1	3	1	0	1	1	199786197465721660425668699813314560000
1	1	3	1	0	1	0	-70968919346113996826826776454758400000
1	1	3	1	0	0	2	-4190763447377999136932738360279040000
1	1	3	1	0	0	1	14407140030176958556243422964224983040000
1	1	3	1	0	0	0	89388461302457071948446167960946278400000
1	1	3	0	4	0	1	308128744140902203623211008000000
1	1	3	0	4	0	0	-1301092053687258146556346368000000
1	1	3	0	3	1	1	1122939885755684483567714304000000
1	1	3	0	3	1	0	-2116644358251613428383219712000000
1	1	3	0	3	0	1	-49267991013449243962160562831360000
1	1	3	0	3	0	0	1229575194293046847574947324231680000
1	1	3	0	2	2	1	-128923344649409011643842560000000
1	1	3	0	2	2	0	222543927753367144153743360000000
1	1	3	0	2	1	1	-666942000456793171601458121932800000
1	1	3	0	2	1	0	1214102541588086885405615833743360000
1	1	3	0	2	0	1	-19236982817909728697015453716316160000
1	1	3	0	2	0	0	-350652567448942459011887159959879680000
1	1	3	0	1	3	1	6501429382219314757632000000000
1	1	3	0	1	3	0	35107718663984299691212800000000
1	1	3	0	1	2	1	97367940035146708677257881190400000
1	1	3	0	1	2	0	-222259377743166736738951652966400000
1	1	3	0	1	1	1	110482347203751746526195798776217600000
1	1	3	0	1	1	0	-191742252218019431627373317558108160000
1	1	3	0	1	0	1	4276171150534323477421500820411514880000
1	1	3	0	1	0	0	39565237493515669537631381245630218240000
1	1	3	0	0	3	1	-629714363531434685575593984000000
1	1	3	0	0	3	0	-14135395410105407929345454899200000
1	1	3	0	0	2	1	-9670996353864021432091473712250880000
1	1	3	0	0	2	0	30776486642843215485874398269276160000
1	1	3	0	0	1	1	-5499105698117860231919670398346854400000
1	1	3	0	0	1	0	8761059359370824886914853426038046720000
1	1	3	0	0	0	1	-215779700523269399778387151451324743680000
1	1	3	0	0	0	0	-1552949078547928955400776430191225733120000
1	1	2	4	0	0	1	1247189515357950585315164160000000
1	1	2	4	0	0	0	-7933472820183897953329397760000000
1	1	2	3	2	0	1	49370229371227921440768000000000
1	1	2	3	2	0	0	32913486247485280960512000000000
1	1	2	3	1	0	1	-41043658188270878727004864512000000
1	1	2	3	1	0	0	-98988716636094560192970522624000000
1	1	2	3	0	1	1	-216830288759571435426508800000000
1	1	2	3	0	1	0	-26006554587910219767303045120000000
1	1	2	3	0	0	2	-655004707113955079338957209600000
1	1	2	3	0	0	1	6303949283995773098780328896102400000
1	1	2	3	0	0	0	14669144933580833104742375392542720000
1	1	2	2	3	0	1	28525021414487243499110400000000
1	1	2	2	3	0	0	-78992366993964674305228800000000
1	1	2	2	2	1	1	-16456743123742640480256000000000
1	1	2	2	2	1	0	-460788807464793933447168000000000
1	1	2	2	2	0	2	-15798473398792934861045760000000
1	1	2	2	2	0	1	7933817802280491965718724608000000
1	1	2	2	2	0	0	110519741995731415140098899968000000
1	1	2	2	1	1	1	10661786892439819090629599232000000
1	1	2	2	1	1	0	444374588565283043949912981504000000
1	1	2	2	1	0	2	15541432236594573810856545484800000
1	1	2	2	1	0	1	-8868839406377453092608642550333440000
1	1	2	2	1	0	0	-38045629483665421550829644635176960000
1	1	2	2	0	2	1	-249267850059311443111403520000000
1	1	2	2	0	2	0	23329847033563341801366650880000000
1	1	2	2	0	1	2	1434145918958925644348581478400000
1	1	2	2	0	1	1	-1679860775975483985205671877017600000
1	1	2	2	0	1	0	-69258695208517781187834908155576320000
1	1	2	2	0	0	2	-2406483217930534072914134638264320000
1	1	2	2	0	0	1	1139438088718839962797651663398174720000
1	1	2	2	0	0	0	3496503785021981029584299807011307520000
1	1	2	1	4	0	1	-101812384125554469104517120000000
1	1	2	1	4	0	0	-189581680785515218332549120000000
1	1	2	1	3	1	1	96546226325956824150835200000000
1	1	2	1	3	1	0	-631938935951717394441830400000000
1	1	2	1	3	0	2	-18958168078551521833254912000000
1	1	2	1	3	0	1	138506775655054985229432795955200000
1	1	2	1	3	0	0	365090186790541682243777750630400000
1	1	2	1	2	2	0	131653944989941123842048000000000
1	1	2	1	2	1	2	15798473398792934861045760000000
1	1	2	1	2	1	1	-149256999012711181687596711936000000
1	1	2	1	2	1	0	618018579219286519679682478080000000
1	1	2	1	2	0	2	19602935374903059090803911557120000
1	1	2	1	2	0	1	-54193327178497954710207439589867520000
1	1	2	1	2	0	0	-136556548672518318351749746867568640000
1	1	2	1	1	2	1	303372135869135997463658496000000
1	1	2	1	1	2	0	-107930182038859823201416839168000000
1	1	2	1	1	1	2	-15070558736943550387323076608000000
1	1	2	1	1	1	1	43948311053367124649697670734151680000
1	1	2	1	1	1	0	-137588490746833729542427170876948480000
1	1	2	1	1	0	2	-4933705700066300793958156499681280000
1	1	2	1	1	0	1	7942367396221228509033976275069665280000
1	1	2	1	1	0	0	18156829120748778038678602194897469440000
1	1	2	1	0	3	1	131056626165449724298690560000000
1	1	2	1	0	3	0	-3981629762618936066299330560000000
1	1	2	1	0	2	2	-477350873744528526826497638400000
1	1	2	1	0	2	1	-27610239337351553093225044377600000
1	1	2	1	0	2	0	16013409191152451526120674010071040000
1	1	2	1	0	1	2	2391432660060913394382345645588480000
1	1	2	1	0	1	1	-3480273072883423129403005192868659200000
1	1	2	1	0	1	0	7986665177401793149312044327632240640000
1	1	2	1	0	0	2	341565631658962365285732340883128320000
1	1	2	1	0	0	1	-390857362523359241982610195037414522880000
1	1	2	1	0	0	0	-794736263431501640932871534173308518400000
1	1	2	0	5	0	1	-84258524793562319258910720000000
1	1	2	0	4	1	1	70215437327968599382425600000000
1	1	2	0	4	0	1	96084770471837414515693898956800000
1	1	2	0	4	0	0	23195107997795803057189237555200000
1	1	2	0	3	1	1	-87779255549488432774377740697600000
1	1	2	0	3	1	0	22948862459086617179155070976000000
1	1	2	0	3	0	1	-36838024783970820871563777540096000000
1	1	2	0	3	0	0	-14788767559930853135037068916817920000
1	1	2	0	2	2	1	8581906288817642138018512896000000
1	1	2	0	2	2	0	-6190778083478111459882827776000000
1	1	2	0	2	1	1	28462701341477302729690241339228160000
1	1	2	0	2	1	0	-7649433386607135780339165545103360000
1	1	2	0	2	0	1	6234450911065974201685306237975265280000
1	1	2	0	2	0	0	3324371620773786799036512040294809600000
1	1	2	0	1	3	1	472055784584180005922144256000000
1	1	2	0	1	3	0	-974200184349271000542609408000000
1	1	2	0	1	2	1	-2934943232682506661533330815057920000
1	1	2	0	1	2	0	2392706464640269070731966996807680000
1	1	2	0	1	1	1	-3382493936418441742665745343415582720000
1	1	2	0	1	1	0	637235571307812269391030122030039040000
1	1	2	0	1	0	1	-483414904437198900934828391073848033280000
1	1	2	0	1	0	0	-316897241839680207843817151942623887360000
1	1	2	0	0	4	1	-650142938221931475763200000000
1	1	2	0	0	4	0	-3510771866398429969121280000000
1	1	2	0	0	3	1	-62848120599693380075215926067200000
1	1	2	0	0	3	0	175814199443749374403929927843840000
1	1	2	0	0	2	1	210361457098471555574293153917173760000
1	1	2	0	0	2	0	-186433080078149784937472221831495680000
1	1	2	0	0	1	1	133778342606407680371105390490619084800000
1	1	2	0	0	1	0	-6976536213749668540841710509273907200000
1	1	2	0	0	0	1	14063846114365742592069732385324841041920000
1	1	2	0	0	0	0	10916926906006160664199305295301998018560000
1	1	1	5	0	0	1	90512087180584522641408000000000
1	1	1	5	0	0	0	60341391453723015094272000000000
1	1	1	4	1	0	1	569769017484245197071974400000000
1	1	1	4	1	0	0	151402036738432292418355200000000
1	1	1	4	0	1	1	-1371395260311886706688000000000
1	1	1	4	0	1	0	-825579946707755797426176000000000
1	1	1	4	0	0	2	-28963867897787047245250560000000
1	1	1	4	0	0	1	-101489629603339591774932271104000000
1	1	1	4	0	0	0	-29280638260594928084308180992000000
1	1	1	3	2	0	1	-324161268997455033815531520000000
1	1	1	3	2	0	0	-2085398488640667401658040320000000
1	1	1	3	1	1	1	26330788997988224768409600000000
1	1	1	3	1	1	0	-5401103093212334605620019200000000
1	1	1	3	1	0	2	-176942902066480870443712512000000
1	1	1	3	1	0	1	304371828401896552230590083891200000
1	1	1	3	1	0	0	1029373271504635357256065214054400000
1	1	1	3	0	2	1	-17828138384054527186944000000000
1	1	1	3	0	2	0	-32913486247485280960512000000000
1	1	1	3	0	1	2	19748091748491168576307200000000
1	1	1	3	0	1	1	-14761148500120512298455060480000000
1	1	1	3	0	1	0	1245435831173892166236241330176000000
1	1	1	3	0	0	2	38908827852962013420350440734720000
1	1	1	3	0	0	1	-44715936452349995236586245030133760000
1	1	1	3	0	0	0	-102391274103187085713460123373404160000
1	1	1	2	3	0	1	802211371472041247944212480000000
1	1	1	2	3	0	0	758326723142060873330196480000000
1	1	1	2	2	1	1	471979392788938928973742080000000
1	1	1	2	2	1	0	8697059606035510641005690880000000
1	1	1	2	2	0	2	322288857335375871165333504000000
1	1	1	2	2	0	1	-612712040229117237784626561024000000
1	1	1	2	2	0	0	-670271087928676668153882948403200000
1	1	1	2	1	2	1	-88317854764085503910707200000000
1	1	1	2	1	2	0	1520603064633819980375654400000000
1	1	1	2	1	1	2	154825039308170761638248448000000
1	1	1	2	1	1	1	-222997636382332900336807315046400000
1	1	1	2	1	1	0	-4600921237517750628068431272345600000
1	1	1	2	1	0	2	-171007131238033186543590121144320000
1	1	1	2	1	0	1	130125708144102864924904089489408000000
1	1	1	2	1	0	0	177906125905483071376252926885888000000
1	1	1	2	0	3	1	2742790520623773413376000000000
1	1	1	2	0	3	0	153596269154931311149056000000000
1	1	1	2	0	2	2	11848855049094701145784320000000
1	1	1	2	0	2	1	17407132838827874212266713088000000
1	1	1	2	0	2	0	-493632451294462050641481793536000000
1	1	1	2	0	1	2	-40978167193392807803722228039680000
1	1	1	2	0	1	1	23263999661509018289718389427732480000
1	1	1	2	0	1	0	534721842320999682509471811030220800000
1	1	1	2	0	0	2	19772417522949708642025935798927360000
1	1	1	2	0	0	1	-9093247804162465553985357880265195520000
1	1	1	2	0	0	0	-13546038817787999421472599046932725760000
1	1	1	1	4	0	1	4188701913799966796158599168000000
1	1	1	1	4	0	0	5914948440508074811975532544000000
1	1	1	1	3	1	1	-4187473143646727345669406720000000
1	1	1	1	3	1	0	20000867322871855534083932160000000
1	1	1	1	3	0	2	591494844050807481197553254400000
1	1	1	1	3	0	1	-3189613991932112819775994024427520000
1	1	1	1	3	0	0	-4544001976206957282184205193707520000
1	1	1	1	2	2	1	-157107041021329741118177280000000
1	1	1	1	2	2	0	-3128097732961001102487060480000000
1	1	1	1	2	1	2	-464475117924512284914745344000000
1	1	1	1	2	1	1	2759992389968440456632902300467200000
1	1	1	1	2	1	0	-11227477234625342840367750080102400000
1	1	1	1	2	0	2	-366237682575074009079185040998400000
1	1	1	1	2	0	1	811075830200916549154377196207472640000
1	1	1	1	2	0	0	1152231607854634529988620053512192000000
1	1	1	1	1	3	1	20479502553990841486540800000000
1	1	1	1	1	3	0	-92157761492958786689433600000000
1	1	1	1	1	2	2	-20538015418430815319359488000000
1	1	1	1	1	2	1	58503028427461473217391178547200000
1	1	1	1	1	2	0	1342238852908016703547167906201600000
1	1	1	1	1	1	2	222693969756093109987707566161920000
1	1	1	1	1	1	1	-519476107524010297008066375539097600000
1	1	1	1	1	1	0	1824855183879372321453846341434736640000
1	1	1	1	1	0	2	66277600643289788268557587784663040000
1	1	1	1	1	0	1	-86479366730950612225006940122900070400000
1	1	1	1	1	0	0	-120020219731093238316391481773041254400000
1	1	1	1	0	4	0	-21942324164990187307008000000000
1	1	1	1	0	3	2	-2633078899798822476840960000000
1	1	1	1	0	3	1	-4122016752626543284689567744000000
1	1	1	1	0	3	0	52002035616225174486745153536000000
1	1	1	1	0	2	2	9081325874514351195630906900480000
1	1	1	1	0	2	1	-4529454927533411183581138875187200000
1	1	1	1	0	2	0	-134971769467903466779394326199009280000
1	1	1	1	0	1	2	-23733483213445225085691900356198400000
1	1	1	1	0	1	1	30259608890544991031817635374352302080000
1	1	1	1	0	1	0	-89031937494167945595765745843529318400000
1	1	1	1	0	0	2	-3664286848518228109134315317524561920000
1	1	1	1	0	0	1	3336726684933620802961957110523449507840000
1	1	1	1	0	0	0	4424383262130059901382264962140600401920000
1	1	1	0	5	0	1	2603588416121075665100341248000000
1	1	1	0	4	1	1	-2498265260129122766026702848000000
1	1	1	0	4	0	1	-2011595730576525420939446719610880000
1	1	1	0	4	0	0	-164860987937807175922858044948480000
1	1	1	0	3	2	1	217667855716702658085519360000000
1	1	1	0	3	1	1	1721793800706867421493376980090880000
1	1	1	0	3	1	0	28121409037638614396140341166080000
1	1	1	0	3	0	1	568350784311968801053783405866516480000
1	1	1	0	3	0	0	86753582194732448317904467321159680000
1	1	1	0	2	3	1	46810291551979066254950400000000
1	1	1	0	2	2	1	-195720405824787529070756442931200000
1	1	1	0	2	2	0	26507942546366689544651459788800000
1	1	1	0	2	1	1	-389870148327402757093879752551301120000
1	1	1	0	2	1	0	-37361093596006244369149866619699200000
1	1	1	0	2	0	1	-75805632303531686118760339683913236480000
1	1	1	0	2	0	0	-16721272039430749757401834478661795840000
1	1	1	0	1	3	1	-20153515683622859269141325414400000
1	1	1	0	1	3	0	3677884607238995235651452928000000
1	1	1	0	1	2	1	39016617772058138249077992912322560000
1	1	1	0	1	2	0	-2101644595984741735535438950563840000
1	1	1	0	1	1	1	36154298275827904739124321415240089600000
1	1	1	0	1	1	0	7847320410920580284452679076682137600000
1	1	1	0	1	0	1	4852525774179670916587329499141894963200000
1	1	1	0	1	0	0	1402253968572103306967407755905797324800000
1	1	1	0	0	4	1	-13848044584127140433756160000000
1	1	1	0	0	4	0	39320644903662415654158336000000
1	1	1	0	0	3	1	1514333040237516234755031910318080000
1	1	1	0	0	3	0	-111163019554554310663864335728640000
1	1	1	0	0	2	1	-2104262843006506644525753645689733120000
1	1	1	0	0	2	0	-343932795837728519336974224312238080000
1	1	1	0	0	1	1	-1186975313460890188781950556004447682560000
1	1	1	0	0	1	0	-443493309132130345872566899495710228480000
1	1	1	0	0	0	1	-120427284016671180808812128942702180106240000
1	1	1	0	0	0	0	-43262424425486018524934803701773692108800000
1	1	0	5	0	0	1	-1470318571755717467797094400000000
1	1	0	5	0	0	0	-977530541550312844527206400000000
1	1	0	4	1	0	1	-8929940806506606495624069120000000
1	1	0	4	1	0	0	-2452712995162603137177354240000000
1	1	0	4	0	1	1	83289405476275252652851200000000
1	1	0	4	0	1	0	13374395136665643918304051200000000
1	1	0	4	0	0	2	469214659944150165373059072000000
1	1	0	4	0	0	1	969494365000035089836719213772800000
1	1	0	4	0	0	0	352684310482891789700073917644800000
1	1	0	3	2	0	1	-6698421067143214439959560192000000
1	1	0	3	2	0	0	25145640185188774771583483904000000
1	1	0	3	1	1	1	-694840265224689264721920000000000
1	1	0	3	1	1	0	87497870110039820611044311040000000
1	1	0	3	1	0	2	2866475013476990101188142694400000
1	1	0	3	1	0	1	230192829693762317768280678727680000
1	1	0	3	1	0	0	-6784574610921725272358585920389120000
1	1	0	3	0	2	1	205435009994720628661862400000000
1	1	0	3	0	2	0	533198477209261551560294400000000
1	1	0	3	0	1	2	-319919086325556930936176640000000
1	1	0	3	0	1	1	169311303026180141949584083353600000
1	1	0	3	0	1	0	-11259685187381627026845592544870400000
1	1	0	3	0	0	2	-348135949739471052244747419648000000
1	1	0	3	0	0	1	82377278721393928333157870374993920000
1	1	0	3	0	0	0	463200079173680852660650292839710720000
1	1	0	2	3	0	1	-19501372255580018910227202048000000
1	1	0	2	3	0	0	8445863878994702976715063296000000
1	1	0	2	2	1	1	-4249789344275299477621309440000000
1	1	0	2	2	1	0	-19962950986714752490417422336000000
1	1	0	2	2	0	2	-1074928130053871287945553510400000
1	1	0	2	2	0	1	6629679209162654636686700089835520000
1	1	0	2	2	0	0	-992744755805871619071220965703680000
1	1	0	2	1	2	1	1397396914447400078646804480000000
1	1	0	2	1	2	0	-24633769647067883682085601280000000
1	1	0	2	1	1	2	-2508165636792366338539624857600000
1	1	0	2	1	1	1	1428308092741122952097246998364160000
1	1	0	2	1	1	0	13298065144207317228174540692520960000
1	1	0	2	1	0	2	610751129322394225711636099891200000
1	1	0	2	1	0	1	-805286191593073703493730499870883840000
1	1	0	2	1	0	0	-180004654489567002187281047475978240000
1	1	0	2	0	3	1	-15176774214118212887347200000000
1	1	0	2	0	3	0	-2488259560309887240614707200000000
1	1	0	2	0	2	2	-191951451795334158561705984000000
1	1	0	2	0	2	1	-160583928453636384990549712896000000
1	1	0	2	0	2	0	3686806202648211090879171231744000000
1	1	0	2	0	1	2	337274696758718394439464222720000000
1	1	0	2	0	1	1	-111988207580523514284733995399413760000
1	1	0	2	0	1	0	-1471780268614590124786355140169564160000
1	1	0	2	0	0	2	-62869691049005476036326819446784000000
1	1	0	2	0	0	1	36053442278937730917366425528127160320000
1	1	0	2	0	0	0	21462426323195361224507403474717573120000
1	1	0	1	4	0	1	-40908567018834425529191890944000000
1	1	0	1	4	0	0	-46068348430880198054809436160000000
1	1	0	1	3	1	1	41919142700577213595803451392000000
1	1	0	1	3	1	0	-158167996279355346654845730816000000
1	1	0	1	3	0	2	-4606834843088019805480943616000000
1	1	0	1	3	0	1	20221759982287965071224653010698240000
1	1	0	1	3	0	0	24200962632265145430271561606103040000
1	1	0	1	2	2	1	2763152997448884307196903424000000
1	1	0	1	2	2	0	16123921950808069319183302656000000
1	1	0	1	2	1	2	3378345551597881190686025318400000
1	1	0	1	2	1	1	-17035153740584619047571019553832960000
1	1	0	1	2	1	0	61829256914758312622231735437885440000
1	1	0	1	2	0	2	1994413974443880974287837514956800000
1	1	0	1	2	0	1	-3786494187617674138002180987501281280000
1	1	0	1	2	0	0	-4703484936665163288634338764697108480000
1	1	0	1	1	3	1	-290223807622270210780692480000000
1	1	0	1	1	3	0	1492955736185932344368824320000000
1	1	0	1	1	2	2	332715849778579208173623705600000
1	1	0	1	1	2	1	-632912872340569481893676718489600000
1	1	0	1	1	2	0	-5292095127615636240407615255347200000
1	1	0	1	1	1	2	-1120324648403467816445396975616000000
1	1	0	1	1	1	1	2319810724483198051273875903067914240000
1	1	0	1	1	1	0	-7877443350331307556002426011134197760000
1	1	0	1	1	0	2	-280293047710931233722277583054438400000
1	1	0	1	1	0	1	318481552228148644536796707746704097280000
1	1	0	1	1	0	0	400420756563803441143187751036913582080000
1	1	0	1	0	4	1	-2925643221998691640934400000000
1	1	0	1	0	4	0	355465651472841034373529600000000
1	1	0	1	0	3	2	42655878176740924124823552000000
1	1	0	1	0	3	1	31600488288706099138322871091200000
1	1	0	1	0	3	0	-290713317469245365869978701004800000
1	1	0	1	0	2	2	-62992068097502159701333180416000000
1	1	0	1	0	2	1	36419061187408202453469079786291200000
1	1	0	1	0	2	0	424080655466425890286987699008307200000
1	1	0	1	0	1	2	91020115266666937309265428611072000000
1	1	0	1	0	1	1	-105911120715951219661135566295485972480000
1	1	0	1	0	1	0	324570727016546435358489156447051448320000
1	1	0	1	0	0	2	12799408296090725039845424432922624000000
1	1	0	1	0	0	1	-10141129553990267071413448949124825661440000
1	1	0	1	0	0	0	-12585348437067239251872379599784944599040000
1	1	0	0	5	0	1	-20095658163264613143250206720000000
1	1	0	0	4	1	1	21978836192400730978686861312000000
1	1	0	0	4	0	1	11364959183790520681903588324147200000
1	1	0	0	4	0	0	341827145357131069566686016307200000
1	1	0	0	3	2	1	-3433534885337664509800611840000000
1	1	0	0	3	1	1	-10330671868228321076827201701150720000
1	1	0	0	3	1	0	-1106346743683731583018933545861120000
1	1	0	0	3	0	1	-2547599258792845184235184627360727040000
1	1	0	0	3	0	0	-160683473986784769922598832926883840000
1	1	0	0	2	3	1	-766752575621417105256087552000000
1	1	0	0	2	2	1	1470294089973235782745443060940800000
1	1	0	0	2	2	0	249127390903437693258619473100800000
1	1	0	0	2	1	1	1793630410219220505448875431645675520000
1	1	0	0	2	1	0	413339710617438648770038498795192320000
1	1	0	0	2	0	1	283004839371915603405500780483008266240000
1	1	0	0	2	0	0	28012913894580245459880896895807651840000
1	1	0	0	1	4	1	-4681029155197906625495040000000
1	1	0	0	1	3	1	177892579899429111344079694725120000
1	1	0	0	1	3	0	46825916827299116867266302443520000
1	1	0	0	1	2	1	-198764908061531182462675626075095040000
1	1	0	0	1	2	0	-82280903500980532858070023762083840000
1	1	0	0	1	1	1	-136239901888547927949569087508796538880000
1	1	0	0	1	1	0	-50680766752039496986434597922811412480000
1	1	0	0	1	0	1	-15584628577810933832588432123057564221440000
1	1	0	0	1	0	0	-2146442401951083808792650259362060042240000
1	1	0	0	0	4	1	397068298089662429507616768000000
1	1	0	0	0	4	0	284372521178272827498823680000000
1	1	0	0	0	3	1	-9572074754214039862416858422968320000
1	1	0	0	0	3	0	-6884277394175085089884845370245120000
1	1	0	0	0	2	1	8369879961105256301485355100405104640000
1	1	0	0	0	2	0	6696054812396986790174116528477962240000
1	1	0	0	0	1	1	3821762410958425426974056400746203054080000
1	1	0	0	0	1	0	2031667544701908849470620113260477153280000
1	1	0	0	0	0	1	340485890711198344751289270709753585827840000
1	1	0	0	0	0	0	61012306787601030740129523816426662461440000
1	2	10	0	0	0	1	-802929114258231683249049600000000
1	2	9	1	0	0	1	-17960218699683876865920000000000
1	2	9	0	1	0	1	-88612655160319866943488000000000
1	2	9	0	0	0	3	93243381010633356764405760000000
1	2	9	0	0	0	2	3453243490266857394709561344000000
1	2	9	0	0	0	1	13616152218164971316139522048000000
1	2	8	1	0	0	3	2085702816737482474752000000000
1	2	8	1	0	0	2	63122558467227944185036800000000
1	2	8	1	0	0	1	5287872989398310563788518400000000
1	2	8	0	1	0	3	10290501889585532935372800000000
1	2	8	0	1	0	2	940566250654869626207354880000000
1	2	8	0	1	0	1	-14012711588010729360711352320000000
1	2	8	0	0	1	1	3552036257720520156229632000000000
1	2	8	0	0	0	3	-3550563207069475064558137344000000
1	2	8	0	0	0	2	-136149926815710218202455103897600000
1	2	8	0	0	0	1	2112649711080648130087687467417600000
1	2	7	2	0	0	1	-38321820487804766267520000000000
1	2	7	1	1	0	2	12514216900424894848512000000000
1	2	7	1	1	0	1	1148243818671717278632704000000000
1	2	7	1	0	1	1	69090228523623080632320000000000
1	2	7	1	0	0	3	-775614710298590210547671040000000
1	2	7	1	0	0	2	-21587262199106710910348869632000000
1	2	7	1	0	0	1	-127951331372080980876726349824000000
1	2	7	0	2	0	2	61743011337513197612236800000000
1	2	7	0	2	0	1	-2614949518486988420447846400000000
1	2	7	0	1	1	1	391030961739305867882496000000000
1	2	7	0	1	0	3	1191303509314354315752407040000000
1	2	7	0	1	0	2	30858964574515685805148250112000000
1	2	7	0	1	0	1	1018796530657989593670063501312000000
1	2	7	0	0	1	3	-304211897142292636093808640000000
1	2	7	0	0	1	2	-11403617740976736087549935616000000
1	2	7	0	0	1	1	-145031653553002126741537800192000000
1	2	7	0	0	0	3	-171993385975132403138680646860800000
1	2	7	0	0	0	2	-6311459357595228853222651908587520000
1	2	7	0	0	0	1	-84095084417199626895846858955653120000
1	2	6	2	0	0	3	2028169430759606112000000000000
1	2	6	2	0	0	2	60371866903952168132198400000000
1	2	6	2	0	0	1	26273254141015965774213811200000000
1	2	6	1	2	0	1	77416108984890147732480000000000
1	2	6	1	1	0	3	-154999550765945922793574400000000
1	2	6	1	1	0	2	-8937778233223922970977464320000000
1	2	6	1	1	0	1	18821194270619290146518169600000000
1	2	6	1	0	1	3	-5601274880080442618880000000000
1	2	6	1	0	1	2	-170709927539169028224614400000000
1	2	6	1	0	1	1	-5353211696559702416300851200000000
1	2	6	1	0	0	3	45004593813376847914401325056000000
1	2	6	1	0	0	2	1240820125834733624582866029772800000
1	2	6	1	0	0	1	-3943262872455077642451034455244800000
1	2	6	0	3	0	1	-116867708026907612848128000000000
1	2	6	0	2	0	3	279542049444914185235496960000000
1	2	6	0	2	0	2	18444902261447102231928766464000000
1	2	6	0	2	0	1	60046136608280865785654427648000000
1	2	6	0	1	1	3	-33459786910852320603340800000000
1	2	6	0	1	1	2	-3079588541660115868689039360000000
1	2	6	0	1	1	1	19939847294561013206566502400000000
1	2	6	0	1	0	3	-136394069180976011431987716096000000
1	2	6	0	1	0	2	-6358914857412940045094120919859200000
1	2	6	0	1	0	1	-8460451530404508162565057145241600000
1	2	6	0	0	2	1	-5658070041126087687397785600000000
1	2	6	0	0	1	3	20118331662457957197674397696000000
1	2	6	0	0	1	2	768055552945148998510161061478400000
1	2	6	0	0	1	1	-2467946696921785047902777435750400000
1	2	6	0	0	0	3	13185442779561932841461421696614400000
1	2	6	0	0	0	2	500272144352059217728525285612584960000
1	2	6	0	0	0	1	283335562626121296333426386745262080000
1	2	5	3	0	0	1	149858793800439348303360000000000
1	2	5	2	1	0	2	12169016584557636672000000000000
1	2	5	2	1	0	1	4988828380711405164751872000000000
1	2	5	2	0	1	1	180281335261833439983360000000000
1	2	5	2	0	0	3	-2282398458372147898181836800000000
1	2	5	2	0	0	2	-66872617293140377360145399808000000
1	2	5	2	0	0	1	-748869687320674246066251426816000000
1	2	5	1	2	0	3	-8990257817600146188288000000000
1	2	5	1	2	0	2	-1202082124241553859368345600000000
1	2	5	1	2	0	1	6431522085554774261188608000000000
1	2	5	1	1	1	2	-33607649280482655713280000000000
1	2	5	1	1	1	1	-1386606178317465359553024000000000
1	2	5	1	1	0	3	5978031132571521508556881920000000
1	2	5	1	1	0	2	382743970877589159638754865152000000
1	2	5	1	1	0	1	-1978062799082252309298655229952000000
1	2	5	1	0	2	1	-91659149265598477263360000000000
1	2	5	1	0	1	3	208400384174055105004093440000000
1	2	5	1	0	1	2	1922522512614181721911590912000000
1	2	5	1	0	1	1	185965169739367596159660908544000000
1	2	5	1	0	0	3	-988316686158618409115691294720000000
1	2	5	1	0	0	2	-28093348711951804177083043524771840000
1	2	5	1	0	0	1	129147073577053843148213894344949760000
1	2	5	0	3	0	3	13571733835382819556556800000000
1	2	5	0	3	0	2	2179877802208860335325511680000000
1	2	5	0	3	0	1	-5899414629463716388386078720000000
1	2	5	0	2	1	2	-200758721465113923620044800000000
1	2	5	0	2	1	1	5644534217320535927456563200000000
1	2	5	0	2	0	3	-15673415153911255232025329664000000
1	2	5	0	2	0	2	-1290122417734042661609240287641600000
1	2	5	0	2	0	1	3820895045822860996880804895129600000
1	2	5	0	1	2	1	-620118976144321445806080000000000
1	2	5	0	1	1	3	499762167682289467371356160000000
1	2	5	0	1	1	2	111857827995282173965040517120000000
1	2	5	0	1	1	1	-2592377086157959685100850667520000000
1	2	5	0	1	0	3	4199217160221390538366032583065600000
1	2	5	0	1	0	2	221274720123032967609798467716055040000
1	2	5	0	1	0	1	-705866411283699686138800138662543360000
1	2	5	0	0	2	3	303787866159076799201771520000000
1	2	5	0	0	2	2	11550470864026181991763673088000000
1	2	5	0	0	2	1	298382817262589646900853579776000000
1	2	5	0	0	1	3	-332069046299559453648885763276800000
1	2	5	0	0	1	2	-12804901653399417629834321508433920000
1	2	5	0	0	1	1	238231565294877437484500344314593280000
1	2	5	0	0	0	3	-298907117838483370692728953606963200000
1	2	5	0	0	0	2	-11490515881148919219337970407412858880000
1	2	5	0	0	0	1	39625136913428249377796151148082626560000
1	2	4	3	0	0	3	-19758250231900886255616000000000
1	2	4	3	0	0	2	-597105496339795472091955200000000
1	2	4	3	0	0	1	31896538626924537376686796800000000
1	2	4	2	2	0	1	231613421741563088240640000000000
1	2	4	2	1	0	3	-412302366150211450106265600000000
1	2	4	2	1	0	2	-25710670304023998036983500800000000
1	2	4	2	1	0	1	63617343542399661418306805760000000
1	2	4	2	0	1	3	-12075897153301891278336000000000
1	2	4	2	0	1	2	-362353103224629620944896000000000
1	2	4	2	0	1	1	-25317913565404320187817318400000000
1	2	4	2	0	0	3	138547041387690348456236328960000000
1	2	4	2	0	0	2	4112121630581062156382315721523200000
1	2	4	2	0	0	1	-16550769830939961593135204765491200000
1	2	4	1	3	0	2	-53941546905600877129728000000000
1	2	4	1	3	0	1	306379859637085207953408000000000
1	2	4	1	2	1	1	-137139526031188670668800000000000
1	2	4	1	2	0	3	34971594986294082788474880000000
1	2	4	1	2	0	2	25139428678923068799393325056000000
1	2	4	1	2	0	1	-37198400173507024869172174848000000
1	2	4	1	1	1	3	41797079989283391516057600000000
1	2	4	1	1	1	2	1544411163585061648115712000000000
1	2	4	1	1	1	1	37734419221358217265843752960000000
1	2	4	1	1	0	3	-25860543353562822355763490816000000
1	2	4	1	1	0	2	-4543282520144474373508319421235200000
1	2	4	1	1	0	1	-15000943747202170963480647161856000000
1	2	4	1	0	2	3	4139581989459954318336000000000
1	2	4	1	0	2	2	127753087360609534987468800000000
1	2	4	1	0	2	1	-3637766171484352536340377600000000
1	2	4	1	0	1	3	4672940090305193900363833344000000
1	2	4	1	0	1	2	509025427129435541175953797939200000
1	2	4	1	0	1	1	-5676880214425740928431915619123200000
1	2	4	1	0	0	3	7615298700052254188579196496281600000
1	2	4	1	0	0	2	304089446437752899572306386588794880000
1	2	4	1	0	0	1	1605684436732936618364376583388282880000
1	2	4	0	4	0	2	81430403012296917339340800000000
1	2	4	0	4	0	1	-425193481597143185149132800000000
1	2	4	0	3	1	1	261682532634327418994688000000000
1	2	4	0	3	0	3	-244364350117440719309045760000000
1	2	4	0	3	0	2	-78139202295066834732700336128000000
1	2	4	0	3	0	1	486800525000312308127802949632000000
1	2	4	0	2	1	3	-262958438150587959515873280000000
1	2	4	0	2	1	2	-10182675228448917379013148672000000
1	2	4	0	2	1	1	-273211266240107041633364312064000000
1	2	4	0	2	0	3	176561493923879894233144472371200000
1	2	4	0	2	0	2	21439736645856124353007801390202880000
1	2	4	0	2	0	1	-161669933616170307999903115481579520000
1	2	4	0	1	2	3	33157289849318505263923200000000
1	2	4	0	1	2	2	3083614411342074699305779200000000
1	2	4	0	1	2	1	10334869897786198576222371840000000
1	2	4	0	1	1	3	111275635152587844046173880320000000
1	2	4	0	1	1	2	3799275871873331462226426180403200000
1	2	4	0	1	1	1	69290965923854708542895079638630400000
1	2	4	0	1	0	3	-34852835746962280062097920516096000000
1	2	4	0	1	0	2	-2200836550682808098318971731242188800000
1	2	4	0	1	0	1	20496779039972153319368526216807874560000
1	2	4	0	0	3	1	3827353853299882013820518400000000
1	2	4	0	0	2	3	-21582638950401840474454376448000000
1	2	4	0	0	2	2	-843677922692390238829580923699200000
1	2	4	0	0	2	1	-3901077624658390458113098034380800000
1	2	4	0	0	1	3	-7885121676215331206816327584972800000
1	2	4	0	0	1	2	-318836871570355361730438287099166720000
1	2	4	0	0	1	1	-4782738886331456717175625726589337600000
1	2	4	0	0	0	3	1967436914322480518785146245318246400000
1	2	4	0	0	0	2	73826280128685041438792346703394242560000
1	2	4	0	0	0	1	-882702674141100266576162888993954856960000
1	2	3	4	0	0	1	457385715522538510878720000000000
1	2	3	3	1	0	2	-118549501391405317533696000000000
1	2	3	3	1	0	1	6576128096892105426149376000000000
1	2	3	3	0	1	1	-80759943107255550504960000000000
1	2	3	3	0	0	3	-538935311406842782321950720000000
1	2	3	3	0	0	2	-14354539252827608927363825664000000
1	2	3	3	0	0	1	-1260924819671009001583476154368000000
1	2	3	2	2	0	3	-16456743123742640480256000000000
1	2	3	2	2	0	2	-2967516490613547915045273600000000
1	2	3	2	2	0	1	23737937692491884301631488000000000
1	2	3	2	1	1	2	-72455382919811347670016000000000
1	2	3	2	1	1	1	-4165181367652442870194176000000000
1	2	3	2	1	0	3	17713709163534103360137953280000000
1	2	3	2	1	0	2	1156280024649323879560831352832000000
1	2	3	2	1	0	1	-10439204257207606894619324792832000000
1	2	3	2	0	2	1	-213328151604071265484800000000000
1	2	3	2	0	1	3	626052094815785999282380800000000
1	2	3	2	0	1	2	16888024381277559276261310464000000
1	2	3	2	0	1	1	958531913349773592246209261568000000
1	2	3	2	0	0	3	-3196593527304719047650539190681600000
1	2	3	2	0	0	2	-94516263177862162339076542467932160000
1	2	3	2	0	0	1	932182082656504449087655514168893440000
1	2	3	1	3	0	3	-9508340471495747833036800000000
1	2	3	1	3	0	2	-759033753587377223810088960000000
1	2	3	1	3	0	1	20019640200213013805446594560000000
1	2	3	1	2	1	3	5485581041247546826752000000000
1	2	3	1	2	1	2	421932608422623810091008000000000
1	2	3	1	2	1	1	1148802571838152917673574400000000
1	2	3	1	2	0	3	8194090337417550570825351168000000
1	2	3	1	2	0	2	254272016020771901562191157657600000
1	2	3	1	2	0	1	-12894870675306012406514417015193600000
1	2	3	1	1	2	2	24837491936759725910016000000000
1	2	3	1	1	2	1	-347013793275955925188608000000000
1	2	3	1	1	1	3	46219067817533497319178240000000
1	2	3	1	1	1	2	82420752747231621117741367296000000
1	2	3	1	1	1	1	-1236155546420078230165797642240000000
1	2	3	1	1	0	3	-1467078299741749398359383542988800000
1	2	3	1	1	0	2	5891838892982876900930366078484480000
1	2	3	1	1	0	1	2182424329772523107635350223681044480000
1	2	3	1	0	3	1	49268644537130744647680000000000
1	2	3	1	0	2	3	203370806165865996226314240000000
1	2	3	1	0	2	2	9121780108645097371006205952000000
1	2	3	1	0	2	1	290392222883853570048063627264000000
1	2	3	1	0	1	3	-513300563271371829985054949376000000
1	2	3	1	0	1	2	-28744881801066347261487561792552960000
1	2	3	1	0	1	1	220239565077513976951757637241405440000
1	2	3	1	0	0	3	23169823650305521505198102185574400000
1	2	3	1	0	0	2	-2991303298123593431818431973583093760000
1	2	3	1	0	0	1	-106156926110129878660920309499996569600000
1	2	3	0	4	0	3	17553859331992149845606400000000
1	2	3	0	4	0	2	429338142828307998307123200000000
1	2	3	0	4	0	1	10164854810512254237262479360000000
1	2	3	0	3	1	3	-14628216109993458204672000000000
1	2	3	0	3	1	2	-2139474127527276552154644480000000
1	2	3	0	3	1	1	-2211688754390277590825041920000000
1	2	3	0	3	0	3	-16893658682515925089913143296000000
1	2	3	0	3	0	2	-643478369122367069962286215987200000
1	2	3	0	3	0	1	-7565102085268168954826209925529600000
1	2	3	0	2	2	2	198943739095911031583539200000000
1	2	3	0	2	2	1	-2711096052385454253932544000000000
1	2	3	0	2	1	3	20087115285056376963658678272000000
1	2	3	0	2	1	2	1460960359203336971826266328268800000
1	2	3	0	2	1	1	1768000291574275309370349728563200000
1	2	3	0	2	0	3	5373860890283970016439475870105600000
1	2	3	0	2	0	2	231255997687727544176604982597386240000
1	2	3	0	2	0	1	1891303671739537427720873690287964160000
1	2	3	0	1	3	1	415549694680184534925312000000000
1	2	3	0	1	2	3	-2250453527081760255067422720000000
1	2	3	0	1	2	2	-190402038459071706465396228096000000
1	2	3	0	1	2	1	1091326448082470614553740050432000000
1	2	3	0	1	1	3	-5591442060654826464291020164300800000
1	2	3	0	1	1	2	-281082977354449211142258463514296320000
1	2	3	0	1	1	1	-399428769181979291336833029948702720000
1	2	3	0	1	0	3	-690099314273788534133685830811648000000
1	2	3	0	1	0	2	-30279366785939384171782063870274764800000
1	2	3	0	1	0	1	-195356057599121580381385879911582105600000
1	2	3	0	0	3	3	-91680990004929370273873920000000
1	2	3	0	0	3	2	-3519314744606666148712808448000000
1	2	3	0	0	3	1	-195445250054972959454823776256000000
1	2	3	0	0	2	3	647873579025813425407265990246400000
1	2	3	0	0	2	2	25950240392332126792031062232924160000
1	2	3	0	0	2	1	-73458689856621271224938659210199040000
1	2	3	0	0	1	3	397272429321862985083333147675852800000
1	2	3	0	0	1	2	16206151262940706541023633927616593920000
1	2	3	0	0	1	1	25977964266010581775560766501154979840000
1	2	3	0	0	0	3	31118029953238682419666936749465600000000
1	2	3	0	0	0	2	1323949055051512393526152517080036147200000
1	2	3	0	0	0	1	7177411934956380256492951920560237936640000
1	2	2	4	0	0	3	-30170695726861507547136000000000
1	2	2	4	0	0	2	-905120871805845226414080000000000
1	2	2	4	0	0	1	9637512360372581270567731200000000
1	2	2	3	2	0	1	164567431237426404802560000000000
1	2	2	3	1	0	3	-189923005828081732357324800000000
1	2	2	3	1	0	2	-10684237750284299744962805760000000
1	2	2	3	1	0	1	-58624534616400177323793776640000000
1	2	2	3	0	1	3	457131753437295568896000000000
1	2	2	3	0	1	2	25782230893863470085734400000000
1	2	2	3	0	1	1	-8895221819141100725794406400000000
1	2	2	3	0	0	3	54847258594801831536370679808000000
1	2	2	3	0	0	2	1682472408691447548106663270809600000
1	2	2	3	0	0	1	6459261188735151731440456615526400000
1	2	2	2	3	0	2	-98740458742455842881536000000000
1	2	2	2	3	0	1	885007074654604221382656000000000
1	2	2	2	2	1	1	-219423241649901873070080000000000
1	2	2	2	2	0	3	363876875736087272841216000000000
1	2	2	2	2	0	2	79747292656861161699526410240000000
1	2	2	2	2	0	1	-896327412255644858883505520640000000
1	2	2	2	1	1	3	23405145775989533127475200000000
1	2	2	2	1	1	2	3125223898004391971010600960000000
1	2	2	2	1	1	1	94953018548697069972903690240000000
1	2	2	2	1	0	3	-230562438050852461577981067264000000
1	2	2	2	1	0	2	-16190927014001566259257569017856000000
1	2	2	2	1	0	1	212314639549553765648179136328499200000
1	2	2	2	0	2	3	5942712794684842395648000000000
1	2	2	2	0	2	2	182121290569418554648166400000000
1	2	2	2	0	2	1	2415159113693558820308582400000000
1	2	2	2	0	1	3	-13664131337084247680477921280000000
1	2	2	2	0	1	2	-310520198555460987155464657305600000
1	2	2	2	0	1	1	-12051956732634366570543878428262400000
1	2	2	2	0	0	3	32330885056116702375725761598668800000
1	2	2	2	0	0	2	904807337141978393338305185920450560000
1	2	2	2	0	0	1	-13824216522559371652125725142420480000000
1	2	2	1	4	0	2	-57050042828974486998220800000000
1	2	2	1	4	0	1	886469896265603567203123200000000
1	2	2	1	3	1	2	32913486247485280960512000000000
1	2	2	1	3	1	1	-14628216109993458204672000000000
1	2	2	1	3	0	3	225128245932799321769902080000000
1	2	2	1	3	0	2	39959225049728070078625087488000000
1	2	2	1	3	0	1	-1157853761051923223279770927104000000
1	2	2	1	2	2	1	54855810412475468267520000000000
1	2	2	1	2	1	3	-19016680942991495666073600000000
1	2	2	1	2	1	2	4477898089240509966500413440000000
1	2	2	1	2	1	1	-133972517243375086967488512000000000
1	2	2	1	2	0	3	-125728000519383166947540015513600000
1	2	2	1	2	0	2	-4760513487238638356191580093153280000
1	2	2	1	2	0	1	376647364889674290573982303108792320000
1	2	2	1	1	2	3	39679036198357255380172800000000
1	2	2	1	1	2	2	3141476455611599286136750080000000
1	2	2	1	1	2	1	23925812748064566949840158720000000
1	2	2	1	1	1	3	-73810058129109511853976059904000000
1	2	2	1	1	1	2	-6275150959962648820003216057958400000
1	2	2	1	1	1	1	56169487752786795140637056586547200000
1	2	2	1	1	0	3	17888230575984150304356271627468800000
1	2	2	1	1	0	2	-370372673622682867208027596461342720000
1	2	2	1	1	0	1	-44340620609169808368066220754073600000000
1	2	2	1	0	3	3	-914263506874591137792000000000
1	2	2	1	0	3	2	-28525021414487243499110400000000
1	2	2	1	0	3	1	3314503194600411259755724800000000
1	2	2	1	0	2	3	-15044152368828993863020609536000000
1	2	2	1	0	2	2	-629773483087593176840801471692800000
1	2	2	1	0	2	1	-7165411469891594422279116919603200000
1	2	2	1	0	1	3	14161617731734253159037561918259200000
1	2	2	1	0	1	2	687319862589043025409925488719953920000
1	2	2	1	0	1	1	-5338431850527979944802709304697159680000
1	2	2	1	0	0	3	-450465263744666709176955151353446400000
1	2	2	1	0	0	2	53074186661498764855992857791384780800000
1	2	2	1	0	0	1	1702949169169749548499221510913568112640000
1	2	2	0	5	0	2	105323155991952899073638400000000
1	2	2	0	5	0	1	-210646311983905798147276800000000
1	2	2	0	4	1	2	-87769296659960749228032000000000
1	2	2	0	4	1	1	351077186639842996912128000000000
1	2	2	0	4	0	3	-805722143338439677913333760000000
1	2	2	0	4	0	2	-137236511103997927296696975360000000
1	2	2	0	4	0	1	116572371206266748380696805376000000
1	2	2	0	3	2	1	-146282161099934582046720000000000
1	2	2	0	3	1	3	739895170843469115992309760000000
1	2	2	0	3	1	2	126321638397094088470364553216000000
1	2	2	0	3	1	1	-325756037117766520629004861440000000
1	2	2	0	3	0	3	623269067273787139640935553433600000
1	2	2	0	3	0	2	58037736784748589584829504883261440000
1	2	2	0	3	0	1	-20061551565773735420653698636840960000
1	2	2	0	2	2	3	-45347469940979720434483200000000
1	2	2	0	2	2	2	-12259907921785517321335603200000000
1	2	2	0	2	2	1	178402798034258217572538777600000000
1	2	2	0	2	1	3	-543153107000413867811005897113600000
1	2	2	0	2	1	2	-45600833578717523117475704061296640000
1	2	2	0	2	1	1	89459927562883575150094872815861760000
1	2	2	0	2	0	3	-163513782400328230193431598628864000000
1	2	2	0	2	0	2	-10717557533154757906322104699571404800000
1	2	2	0	2	0	1	622986360877606209331639129231196160000
1	2	2	0	1	3	3	-9752144073328972136448000000000
1	2	2	0	1	3	2	-924568272445408751682846720000000
1	2	2	0	1	3	1	-17828154637627982735230894080000000
1	2	2	0	1	2	3	61108743786204941931314479104000000
1	2	2	0	1	2	2	4819862416545498943718797049856000000
1	2	2	0	1	2	1	-43812383304036802611217601396736000000
1	2	2	0	1	1	3	109339815084526543614018013377331200000
1	2	2	0	1	1	2	6039382970492909576051543112835399680000
1	2	2	0	1	1	1	-9143369401222340964853150958921318400000
1	2	2	0	1	0	3	17698307100022147147136609218397798400000
1	2	2	0	1	0	2	903312184206101641479358687455755304960000
1	2	2	0	1	0	1	121074596978139682115364286807878696960000
1	2	2	0	0	4	1	-925207579667993650967347200000000
1	2	2	0	0	3	3	4274073808375234173069754368000000
1	2	2	0	0	3	2	170690084743265869394686456627200000
1	2	2	0	0	3	1	4066801937509510764303685897420800000
1	2	2	0	0	2	3	-10331414233227172557238677287731200000
1	2	2	0	0	2	2	-423599363934699159541838828619694080000
1	2	2	0	0	2	1	2729010177865935241509856264425308160000
1	2	2	0	0	1	3	-6443417408893444129752128926059724800000
1	2	2	0	0	1	2	-267481359265863552157378801877353758720000
1	2	2	0	0	1	1	305695207681558381696423303105997045760000
1	2	2	0	0	0	3	-679605134164434933269790117686516121600000
1	2	2	0	0	0	2	-28522205636811610110786309737691587543040000
1	2	2	0	0	0	1	-7826334152673823310335487041775980707840000
1	2	1	5	0	0	1	301706957268615075471360000000000
1	2	1	4	1	0	2	-181024174361169045282816000000000
1	2	1	4	1	0	1	3347423453170169685835776000000000
1	2	1	4	0	1	1	-306278274802988031160320000000000
1	2	1	4	0	0	3	942666626488161769139404800000000
1	2	1	4	0	0	2	30376661009690215438657781760000000
1	2	1	4	0	0	1	-629946408350105048007949271040000000
1	2	1	3	2	0	2	-1139538034968490394143948800000000
1	2	1	3	2	0	1	8178635627097342482232115200000000
1	2	1	3	1	1	2	2742790520623773413376000000000
1	2	1	3	1	1	1	-1793175491483364751589376000000000
1	2	1	3	1	0	3	5823346551227295776697876480000000
1	2	1	3	1	0	2	440101277049502874991498559488000000
1	2	1	3	1	0	1	-2969279585616637096582308102144000000
1	2	1	3	0	2	1	-54855810412475468267520000000000
1	2	1	3	0	1	3	-34620111460317851084390400000000
1	2	1	3	0	1	2	-1559806683808602448364175360000000
1	2	1	3	0	1	1	372887088878497468438738206720000000
1	2	1	3	0	0	3	-1013820067211126266209718458777600000
1	2	1	3	0	0	2	-32934379841777577308215099521761280000
1	2	1	3	0	0	1	187363479655086964309475722140549120000
1	2	1	2	3	0	2	702154373279685993824256000000000
1	2	1	2	3	0	1	-12182378376402551992850841600000000
1	2	1	2	2	1	2	140430874655937198764851200000000
1	2	1	2	2	1	1	-78992366993964674305228800000000
1	2	1	2	2	0	3	495677102887128331265310720000000
1	2	1	2	2	0	2	-293558477709028484503216816128000000
1	2	1	2	2	0	1	7601016552976262615736102027264000000
1	2	1	2	1	2	2	35656276768109054373888000000000
1	2	1	2	1	2	1	-332791916502351174156288000000000
1	2	1	2	1	1	3	-608241225853527992150261760000000
1	2	1	2	1	1	2	-52697634720160569662111440896000000
1	2	1	2	1	1	1	200317665037609947158496608256000000
1	2	1	2	1	0	3	507007728512559127165315586457600000
1	2	1	2	1	0	2	47946665638053418413549640919777280000
1	2	1	2	1	0	1	-1452392413306997008762455821788446720000
1	2	1	2	0	3	1	68569763015594335334400000000000
1	2	1	2	0	2	3	-157619028585179512155340800000000
1	2	1	2	0	2	2	-5007238374450760743459225600000000
1	2	1	2	0	2	1	45088513945292561240614993920000000
1	2	1	2	0	1	3	143996828176261954306521509068800000
1	2	1	2	0	1	2	2654430360181004841784557396295680000
1	2	1	2	0	1	1	13280881346615688281248379912110080000
1	2	1	2	0	0	3	-113601309293931302294177961089433600000
1	2	1	2	0	0	2	-2186909357681851530510579771146895360000
1	2	1	2	0	0	1	81717049654962153319082168334405918720000
1	2	1	1	4	0	2	495018833162178625646100480000000
1	2	1	1	4	0	1	-25140637335279157008877486080000000
1	2	1	1	3	1	2	379602208054330240411238400000000
1	2	1	1	3	1	1	-6560754925332066004795392000000000
1	2	1	1	3	0	3	-130337405540041712603627520000000
1	2	1	1	3	0	2	-14886348537113624766843283046400000
1	2	1	1	3	0	1	17671132962324870348381278935449600000
1	2	1	1	2	2	2	238074217190143532281036800000000
1	2	1	1	2	2	1	452011877798797858524364800000000
1	2	1	1	2	1	3	-3301222670622773680339353600000000
1	2	1	1	2	1	2	-533460172338415307029211430912000000
1	2	1	1	2	1	1	4992100101701444033353873096704000000
1	2	1	1	2	0	3	58379723536816310859819447091200000
1	2	1	1	2	0	2	-56401572809085332734894215583825920000
1	2	1	1	2	0	1	-4085091500051119751830846025998663680000
1	2	1	1	1	3	2	-5485581041247546826752000000000
1	2	1	1	1	3	1	505282964799357368819712000000000
1	2	1	1	1	2	3	-1271338262119531452568043520000000
1	2	1	1	1	2	2	-118891444476102478782080827392000000
1	2	1	1	1	2	1	-692912749072523756714664984576000000
1	2	1	1	1	1	3	1643507308187821365618328466227200000
1	2	1	1	1	1	2	123247242950034325097705675554160640000
1	2	1	1	1	1	1	-987564025688204772821121322255810560000
1	2	1	1	1	0	3	-5960875313609668819298661315379200000
1	2	1	1	1	0	2	11106272816855506255951427114143088640000
1	2	1	1	1	0	1	382480829214519935929887247427989585920000
1	2	1	1	0	4	1	-9142635068745911377920000000000
1	2	1	1	0	3	3	18772877341158271362662400000000
1	2	1	1	0	3	2	573426071511743561623142400000000
1	2	1	1	0	3	1	-133487335885546878942485053440000000
1	2	1	1	0	2	3	262441639935334682574496284672000000
1	2	1	1	0	2	2	11204808937255345386918792320778240000
1	2	1	1	0	2	1	92351940564720780936619964063907840000
1	2	1	1	0	1	3	-169378212911616930022722213927321600000
1	2	1	1	0	1	2	-7835999920276509625300470996286832640000
1	2	1	1	0	1	1	59810614270716456343609139547652423680000
1	2	1	1	0	0	3	-788148824441999295812870518205644800000
1	2	1	1	0	0	2	-583471840105018838349528837256644526080000
1	2	1	1	0	0	1	-12441600854233014145180810809298239774720000
1	2	1	0	5	0	2	-3254485520151344581375426560000000
1	2	1	0	5	0	1	6508971040302689162750853120000000
1	2	1	0	4	1	2	3122831575161403457533378560000000
1	2	1	0	4	1	1	-11669805683908381217359134720000000
1	2	1	0	4	0	3	12322809251058489191615692800000000
1	2	1	0	4	0	2	2676370561206708824641041570201600000
1	2	1	0	4	0	1	-4496710636353329725455932483174400000
1	2	1	0	3	2	2	-272084819645878322606899200000000
1	2	1	0	3	2	1	5748888931227429074436096000000000
1	2	1	0	3	1	3	-12386003144653660931059875840000000
1	2	1	0	3	1	2	-2319168657507340446726283041177600000
1	2	1	0	3	1	1	7513260088187473552769607165542400000
1	2	1	0	3	0	3	-7422874020163033401771940773888000000
1	2	1	0	3	0	2	-802926074458641509508247890650726400000
1	2	1	0	3	0	1	1168819092774807722184434496743669760000
1	2	1	0	2	3	2	-58512864439973832818688000000000
1	2	1	0	2	3	1	-336448970529849538707456000000000
1	2	1	0	2	2	3	1395531816893375912725708800000000
1	2	1	0	2	2	2	265727426180907385658065158144000000
1	2	1	0	2	2	1	-3472808836975503826336180862976000000
1	2	1	0	2	1	3	6278996454670076120282976642662400000
1	2	1	0	2	1	2	565917178946342338718999559461928960000
1	2	1	0	2	1	1	-1617304946862743341973562378151526400000
1	2	1	0	2	0	3	1588421400154713226375362321894604800000
1	2	1	0	2	0	2	113733788364748293715730619348357611520000
1	2	1	0	2	0	1	-145174060268495618004702855561532538880000
1	2	1	0	1	4	1	-97521440733289721364480000000000
1	2	1	0	1	3	3	306022281021063145641738240000000
1	2	1	0	1	3	2	29846563714296272500236877824000000
1	2	1	0	1	3	1	306516275879097624725310013440000000
1	2	1	0	1	2	3	-767819235883725608241455824896000000
1	2	1	0	1	2	2	-58629884029391479120070967499161600000
1	2	1	0	1	2	1	586021517130559426774710524234956800000
1	2	1	0	1	1	3	-981398532150173277421716103004160000000
1	2	1	0	1	1	2	-56901604454200500200107249217450803200000
1	2	1	0	1	1	1	143289070701239898524336567211081400320000
1	2	1	0	1	0	3	-145191992287703942072871989574598656000000
1	2	1	0	1	0	2	-7737854913255388734723111837170216140800000
1	2	1	0	1	0	1	8696786746426801119696701998516438794240000
1	2	1	0	0	4	3	975214407332897213644800000000
1	2	1	0	0	4	2	37448233241583253003960320000000
1	2	1	0	0	4	1	28991515226234934881257390080000000
1	2	1	0	0	3	3	-66993882847924072074160531046400000
1	2	1	0	0	3	2	-2781081357837408910364175929180160000
1	2	1	0	0	3	1	-42362369256209868753958171807580160000
1	2	1	0	0	2	3	87258036724059791819470421871820800000
1	2	1	0	0	2	2	3668082360560417358424018843777105920000
1	2	1	0	0	2	1	-29261526468719478849975337537993113600000
1	2	1	0	0	1	3	48222734582091576490808564664572313600000
1	2	1	0	0	1	2	2039422044702172005040270450938677821440000
1	2	1	0	0	1	1	-4495968360275969199410982308841259991040000
1	2	1	0	0	0	3	4824638767007585085474910677601832140800000
1	2	1	0	0	0	2	204252482757717095061963371408722593054720000
1	2	1	0	0	0	1	-202185461678308955915352805647023256944640000
1	2	0	5	0	0	1	-4901061905852391559323648000000000
1	2	0	4	1	0	2	2940637143511434935594188800000000
1	2	0	4	1	0	1	-53221838672989198986058137600000000
1	2	0	4	0	1	1	5178693257439975734833152000000000
1	2	0	4	0	0	3	-7351592858778587338985472000000000
1	2	0	4	0	0	2	-254596743401732813342839209984000000
1	2	0	4	0	0	1	5696614624281802619210151837696000000
1	2	0	3	2	0	2	17847008782836418748028026880000000
1	2	0	3	2	0	1	-172735680831085651929466798080000000
1	2	0	3	1	1	2	-166578810952550505305702400000000
1	2	0	3	1	1	1	27051228641405402584989696000000000
1	2	0	3	1	0	3	-44617521957091046870070067200000000
1	2	0	3	1	0	2	-3799391495568965134296836073062400000
1	2	0	3	1	0	1	35821423590804522177584439007641600000
1	2	0	3	0	2	1	407152015061484586696704000000000
1	2	0	3	0	1	3	416447027381376263264256000000000
1	2	0	3	0	1	2	19030248613433514598558433280000000
1	2	0	3	0	1	1	-3213457872139266754099719536640000000
1	2	0	3	0	0	3	5685835918324558654489517604864000000
1	2	0	3	0	0	2	194058394642400668140142863846604800000
1	2	0	3	0	0	1	-1745261760476450162570864126490869760000
1	2	0	2	3	0	2	13506378216518059894955704320000000
1	2	0	2	3	0	1	-32326309652830143548176465920000000
1	2	0	2	2	1	2	-1542984235282109971428802560000000
1	2	0	2	2	1	1	54557394803831601720144691200000000
1	2	0	2	2	0	3	-33765945541295149737389260800000000
1	2	0	2	2	0	2	-3660808392807891425201182939545600000
1	2	0	2	2	0	1	-4136012056536606507268378696089600000
1	2	0	2	1	2	2	-410870019989441257323724800000000
1	2	0	2	1	2	1	6611222270911543435601510400000000
1	2	0	2	1	1	3	3857460588205274928572006400000000
1	2	0	2	1	1	2	286307587318478105879694581760000000
1	2	0	2	1	1	1	-10813111082688186034527875235840000000
1	2	0	2	1	0	3	5360471493180272768730110017536000000
1	2	0	2	1	0	2	318224735792645430504221813211955200000
1	2	0	2	1	0	1	2269519633824838692785968980412661760000
1	2	0	2	0	3	1	-735372614029462805164032000000000
1	2	0	2	0	2	3	1027175049973603143309312000000000
1	2	0	2	0	2	2	32600939782079160732510978048000000
1	2	0	2	0	2	1	-630760172355249956589510623232000000
1	2	0	2	0	1	3	-587106398417343088102565548032000000
1	2	0	2	0	1	2	-8126731793621506915828989650534400000
1	2	0	2	0	1	1	441847873969343320430627770850426880000
1	2	0	2	0	0	3	-85776101911581933089689008408576000000
1	2	0	2	0	0	2	-9906809363454066674974373174752051200000
1	2	0	2	0	0	1	-148538777103197463328550503807562588160000
1	2	0	1	4	0	2	6643258064192429109069742080000000
1	2	0	1	4	0	1	175189271519214854674136432640000000
1	2	0	1	3	1	2	-14113302902921688475867545600000000
1	2	0	1	3	1	1	108122118862439047366520340480000000
1	2	0	1	3	0	3	-16608145160481072772674355200000000
1	2	0	1	3	0	2	-3405738801097332739317952629964800000
1	2	0	1	3	0	1	-88315408405587419488728266755276800000
1	2	0	1	2	2	2	-4056916314865035731192709120000000
1	2	0	1	2	2	1	-20002183862321754945322352640000000
1	2	0	1	2	1	3	35283257257304221189668864000000000
1	2	0	1	2	1	2	5730399501660387322481149584998400000
1	2	0	1	2	1	1	-41669207191428638645938464659865600000
1	2	0	1	2	0	3	4814589409083707794328310792192000000
1	2	0	1	2	0	2	687703323436207791826888259385753600000
1	2	0	1	2	0	1	16179711885423299007217683956340817920000
1	2	0	1	1	3	2	30353548428236425774694400000000
1	2	0	1	1	3	1	-8419635487509484706154086400000000
1	2	0	1	1	2	3	10142290787162589327981772800000000
1	2	0	1	1	2	2	1024276822222826995908071886028800000
1	2	0	1	1	2	1	6524097367650730452198235688140800000
1	2	0	1	1	1	3	-10317313072109327566082956075008000000
1	2	0	1	1	1	2	-773581334706291205611876965577523200000
1	2	0	1	1	1	1	5446183020391442681535644539714437120000
1	2	0	1	1	0	3	-448885114342913053707058824302592000000
1	2	0	1	1	0	2	-63775139916816156048876181147580006400000
1	2	0	1	1	0	1	-1273532566232180321983126059507264798720000
1	2	0	1	0	4	1	40837103307065070821376000000000
1	2	0	1	0	3	3	-75883871070591064436736000000000
1	2	0	1	0	3	2	-1550620164091526556611641344000000
1	2	0	1	0	3	1	1149333607777413918525563437056000000
1	2	0	1	0	2	3	-1447633125069704544067377684480000000
1	2	0	1	0	2	2	-63939060584934440772597356888064000000
1	2	0	1	0	2	1	-512696055065152028463108740070604800000
1	2	0	1	0	1	3	755678992951969670894219712405504000000
1	2	0	1	0	1	2	34672701175091823213595399178472652800000
1	2	0	1	0	1	1	-242667957629714092587336644845986447360000
1	2	0	1	0	0	3	14502413792329291607042814639040512000000
1	2	0	1	0	0	2	2235138062515018739917862757108999782400000
1	2	0	1	0	0	1	36250420398116909230126976363030256721920000
1	2	0	0	5	0	2	25119572704080766429062758400000000
1	2	0	0	5	0	1	-50239145408161532858125516800000000
1	2	0	0	4	1	2	-27473545240500913723358576640000000
1	2	0	0	4	1	1	96813044987803104828488417280000000
1	2	0	0	4	0	3	-62798931760201916072656896000000000
1	2	0	0	4	0	2	-14788345077155222614373014831104000000
1	2	0	0	4	0	1	28340053590088549097443270066176000000
1	2	0	0	3	2	2	4291918606672080637250764800000000
1	2	0	0	3	2	1	-54373079280845684146765824000000000
1	2	0	0	3	1	3	68683863101252284308396441600000000
1	2	0	0	3	1	2	13550039246234010021572837140070400000
1	2	0	0	3	1	1	-44957666143738582524262455548313600000
1	2	0	0	3	0	3	30188578062786249600085592309760000000
1	2	0	0	3	0	2	3458633795560687251924016758639820800000
1	2	0	0	3	0	1	-6331303776611530112867485836646809600000
1	2	0	0	2	3	2	958440719526771381570109440000000
1	2	0	0	2	3	1	5236316238733258298944389120000000
1	2	0	0	2	2	3	-10729796516680201593126912000000000
1	2	0	0	2	2	2	-1937332826176170197200090300416000000
1	2	0	0	2	2	1	21063131396649254405444871389184000000
1	2	0	0	2	1	3	-26457240900649778348625277157376000000
1	2	0	0	2	1	2	-2485808996815519093747264702493491200000
1	2	0	0	2	1	1	7710383849923925904728323603558563840000
1	2	0	0	2	0	3	-5393085121308781252523342958723072000000
1	2	0	0	2	0	2	-401641801974153927663406963205219942400000
1	2	0	0	2	0	1	700222893510993261986695662750461460480000
1	2	0	0	1	4	2	5851286443997383281868800000000
1	2	0	0	1	4	1	1585698626323290869386444800000000
1	2	0	0	1	3	3	-2396101798816928453925273600000000
1	2	0	0	1	3	2	-244577588549319315947986904678400000
1	2	0	0	1	3	1	-2056600873344613652063977498214400000
1	2	0	0	1	2	3	3684514041638963720942519255040000000
1	2	0	0	1	2	2	282875091195931806504355196062924800000
1	2	0	0	1	2	1	-2654516020372689134010985403763916800000
1	2	0	0	1	1	3	3358928502542095210403634114478080000000
1	2	0	0	1	1	2	200953095919642414583604524741728665600000
1	2	0	0	1	1	1	-578391033260302981089355450063075737600000
1	2	0	0	1	0	3	424185141539893389564314158886707200000000
1	2	0	0	1	0	2	23157877143006929427372370158661774540800000
1	2	0	0	1	0	1	-38342659516524288137620359287270638387200000
1	2	0	0	0	5	1	9752144073328972136448000000000
1	2	0	0	0	4	3	-14628216109993458204672000000000
1	2	0	0	0	4	2	-631938935951717394441830400000000
1	2	0	0	0	4	1	-234390100962841679832190156800000000
1	2	0	0	0	3	3	352664977101070016846037712896000000
1	2	0	0	0	3	2	15235894816573406064383076021043200000
1	2	0	0	0	3	1	188642138241997345456440953127567360000
1	2	0	0	0	2	3	-308943491597359133037469095739392000000
1	2	0	0	0	2	2	-13364972465262233998241472846063206400000
1	2	0	0	0	2	1	107818205695973159486549492778965729280000
1	2	0	0	0	1	3	-140200250778895953199118975189581824000000
1	2	0	0	0	1	2	-6037939255157479167395028920087858380800000
1	2	0	0	0	1	1	16015917988276283602426159716521783132160000
1	2	0	0	0	0	3	-12389313967040026900081585477322698752000000
1	2	0	0	0	0	2	-530368418480453404473021350822532425318400000
1	2	0	0	0	0	1	831791595608758096306974853715235948871680000
2	0	13	0	0	0	0	384390441887831134474752000000000
2	0	12	0	1	0	0	-19169010798547506969600000000000
2	0	12	0	0	0	1	52017146039948818747392000000000
2	0	12	0	0	0	0	-15116479289998859180198799360000000
2	0	11	1	0	0	1	116810316999733806687744000000000
2	0	11	1	0	0	0	6642927803439547999289856000000000
2	0	11	0	1	0	0	8578781954796918050344857600000000
2	0	11	0	0	1	0	-2612277180177264032514048000000000
2	0	11	0	0	0	1	-850586295866924880784097280000000
2	0	11	0	0	0	0	-1199309966129617640915429412864000000
2	0	10	1	1	0	0	356776860699453401856000000000000
2	0	10	1	0	0	2	10481066739392672434176000000000
2	0	10	1	0	0	1	-13543112670939299001692160000000000
2	0	10	1	0	0	0	-388933051541361348404934144000000000
2	0	10	0	2	0	0	131745868349190466719744000000000
2	0	10	0	1	1	0	-76237629688096367800320000000000
2	0	10	0	1	0	1	1515572520478146088206336000000000
2	0	10	0	1	0	0	-610667869314333384186983792640000000
2	0	10	0	0	1	1	-282203340057710452998144000000000
2	0	10	0	0	1	0	182155300349823160291598008320000000
2	0	10	0	0	0	1	-227581166866032450649771794432000000
2	0	10	0	0	0	0	83220548344781970415555758329856000000
2	0	9	2	0	0	1	739318445901626724739584000000000
2	0	9	2	0	0	0	30783447141370339009651200000000000
2	0	9	1	1	0	1	1334005594187640649968844800000000
2	0	9	1	1	0	0	74468247509172450355270041600000000
2	0	9	1	0	1	1	-356329936201294046204928000000000
2	0	9	1	0	1	0	-28869080658306477714183168000000000
2	0	9	1	0	0	2	-185785814124658650795171840000000
2	0	9	1	0	0	1	248967795309772736819975823360000000
2	0	9	1	0	0	0	-6429658717865758135734288691200000000
2	0	9	0	3	0	0	-25281246263484636057600000000000
2	0	9	0	2	0	1	137206691861140439138304000000000
2	0	9	0	2	0	0	31882123374106124289096622080000000
2	0	9	0	1	1	0	-26116930861846098398185881600000000
2	0	9	0	1	0	1	-91267062702265152655536291840000000
2	0	9	0	1	0	0	2096884349294021155248646311936000000
2	0	9	0	0	2	0	5631849569449078335461376000000000
2	0	9	0	0	1	1	14031887418217477111307304960000000
2	0	9	0	0	1	0	389598595493444252012610551808000000
2	0	9	0	0	0	1	9524911342214154278172623192064000000
2	0	9	0	0	0	0	-629407375739747221111087939037429760000
2	0	8	2	1	0	0	2644746872530018438195200000000000
2	0	8	2	0	0	2	-1275036314476198405418496000000000
2	0	8	2	0	0	1	-112347398924832541680785203200000000
2	0	8	2	0	0	0	-2000628208458714772438469591040000000
2	0	8	1	2	0	1	173866414980873320792064000000000
2	0	8	1	2	0	0	12923383472340347727249408000000000
2	0	8	1	1	1	0	-2023588707222076010311680000000000
2	0	8	1	1	0	2	159466451214159938838528000000000
2	0	8	1	1	0	1	-241090417296980511545292226560000000
2	0	8	1	1	0	0	-10346582434227593631771727503360000000
2	0	8	1	0	1	2	-51230249077029177729024000000000
2	0	8	1	0	1	1	56708733590815746894068736000000000
2	0	8	1	0	1	0	2249918595289513893804547276800000000
2	0	8	1	0	0	2	-25027504615659506609472823296000000
2	0	8	1	0	0	1	26339078814198414966743858049024000000
2	0	8	1	0	0	0	1161325774066871442915861049066291200000
2	0	8	0	3	0	0	3516429347372931668611891200000000
2	0	8	0	2	1	0	-3676692926001315873742848000000000
2	0	8	0	2	0	1	6790536910469569966931312640000000
2	0	8	0	2	0	0	-5301299194686768731910869311488000000
2	0	8	0	1	2	0	379104428432434582056960000000000
2	0	8	0	1	1	1	-4452816944197967530622976000000000
2	0	8	0	1	1	0	3764074719799351753919707668480000000
2	0	8	0	1	0	1	-1707104491765396369748752269312000000
2	0	8	0	1	0	0	1249982402357227170805843448158617600000
2	0	8	0	0	2	1	580985915463543081811968000000000
2	0	8	0	0	2	0	-507829703321155899674412195840000000
2	0	8	0	0	1	1	456023454596602095048255995904000000
2	0	8	0	0	1	0	-427966913523720807543978068631552000000
2	0	8	0	0	0	1	124192775656071171086303986092933120000
2	0	8	0	0	0	0	-82742057103968963743460820700130426880000
2	0	7	3	0	0	1	1621975817745737242297344000000000
2	0	7	3	0	0	0	56202985261107102332749824000000000
2	0	7	2	1	0	2	-145675473896298665088000000000000
2	0	7	2	1	0	1	-4084021000539672995445350400000000
2	0	7	2	1	0	0	121282430296013832287571148800000000
2	0	7	2	0	1	1	-1928447054961641687126016000000000
2	0	7	2	0	1	0	-99505917467857850340593664000000000
2	0	7	2	0	0	2	118759941946025049301202165760000000
2	0	7	2	0	0	1	5333392331860432026073470566400000000
2	0	7	2	0	0	0	15512219198541238643549391273984000000
2	0	7	1	3	0	0	518082653895601644748800000000000
2	0	7	1	2	0	2	13823062239741760659456000000000
2	0	7	1	2	0	1	-20759021000638500006748569600000000
2	0	7	1	2	0	0	-1111897055263380838962773852160000000
2	0	7	1	1	1	1	2365892308552601028656332800000000
2	0	7	1	1	1	0	-8831533716024787195855257600000000
2	0	7	1	1	0	2	-9541825642073786904977080320000000
2	0	7	1	1	0	1	14846743110209096768921975881728000000
2	0	7	1	1	0	0	443724037700518127017532913500160000000
2	0	7	1	0	2	1	327097661539209906825216000000000
2	0	7	1	0	2	0	42622741245662883531122688000000000
2	0	7	1	0	1	2	1955297679613817615712092160000000
2	0	7	1	0	1	1	-3094679518760035495689170411520000000
2	0	7	1	0	1	0	-50289753867340999384415617597440000000
2	0	7	1	0	0	2	1033044098292573539656231452672000000
2	0	7	1	0	0	1	-1605578982554552513858301968400384000000
2	0	7	1	0	0	0	-39231178841568009570740784970207395840000
2	0	7	0	4	0	0	-142903524765887739076608000000000
2	0	7	0	3	1	0	-155500044193937661419520000000000
2	0	7	0	3	0	1	2087560815894457381158912000000000
2	0	7	0	3	0	0	-227910252664100770684044410880000000
2	0	7	0	2	1	1	-446130492144697608044544000000000
2	0	7	0	2	1	0	366667915683467852049230807040000000
2	0	7	0	2	0	1	-1463848806903055489880332959744000000
2	0	7	0	2	0	0	242962777385151751031266915467264000000
2	0	7	0	1	2	0	-14650152233163774421653504000000000
2	0	7	0	1	1	1	430792732907328412006294487040000000
2	0	7	0	1	1	0	-178979821835924852908175054094336000000
2	0	7	0	1	0	1	283783024298598804429807673147392000000
2	0	7	0	1	0	0	-50449399005020838581782390922433331200000
2	0	7	0	0	3	0	-4935090084760445678272512000000000
2	0	7	0	0	2	1	-40850480310158943683816325120000000
2	0	7	0	0	2	0	16372186408467476258844921053184000000
2	0	7	0	0	1	1	-50063366962784477280183257530368000000
2	0	7	0	0	1	0	17334328580920160135523849387430379520000
2	0	7	0	0	0	1	-16704957685283139605340894930681200640000
2	0	7	0	0	0	0	2970232521299919721100152252240510648320000
2	0	6	3	1	0	0	5762976615689325209210880000000000
2	0	6	3	0	0	2	-5104108355405386532908032000000000
2	0	6	3	0	0	1	-299007536678926294165410816000000000
2	0	6	3	0	0	0	-3942101517434991263312216801280000000
2	0	6	2	2	0	1	195449220802968149901312000000000
2	0	6	2	2	0	0	49403323452736023924916224000000000
2	0	6	2	1	1	0	-8879699656491052111810560000000000
2	0	6	2	1	0	2	10846656888024646632095539200000000
2	0	6	2	1	0	1	-87016250203623021718654525440000000
2	0	6	2	1	0	0	-26639749686478562953842076139520000000
2	0	6	2	0	1	2	1381208543405737127820288000000000
2	0	6	2	0	1	1	286401730097794673672366284800000000
2	0	6	2	0	1	0	7603350409560929732161789501440000000
2	0	6	2	0	0	2	-4289816936189267838607487533056000000
2	0	6	2	0	0	1	-73024130447723039607158270238720000000
2	0	6	2	0	0	0	2339467293350519729600187526137446400000
2	0	6	1	3	0	1	15445409664286302629068800000000
2	0	6	1	3	0	0	-33865309053686734931268403200000000
2	0	6	1	2	1	1	-12777114688667125530624000000000
2	0	6	1	2	1	0	-24602514928289167412404224000000000
2	0	6	1	2	0	2	-350498378829564860695511040000000
2	0	6	1	2	0	1	719356403923010057336185405440000000
2	0	6	1	2	0	0	23172986276258559340603261648896000000
2	0	6	1	1	2	0	3584891171276740444078080000000000
2	0	6	1	1	1	2	-392388352506028226101248000000000
2	0	6	1	1	1	1	-68868012928086585597850583040000000
2	0	6	1	1	1	0	14615297386046059614691811328000000000
2	0	6	1	1	0	2	125786092903877845746176753664000000
2	0	6	1	1	0	1	-369326791001635252196002565042995200000
2	0	6	1	1	0	0	-5934643548556311796645801700130816000000
2	0	6	1	0	2	2	89537625253504197107712000000000
2	0	6	1	0	2	1	-50040014803136233192688025600000000
2	0	6	1	0	2	0	-3484257909159014247734186803200000000
2	0	6	1	0	1	2	38182372751173221545758654464000000
2	0	6	1	0	1	1	68493367224615394007645844676608000000
2	0	6	1	0	1	0	-814956667939910847372081330408652800000
2	0	6	1	0	0	2	-8761921355324780018889410166128640000
2	0	6	1	0	0	1	34636932592004178172626707749549178880000
2	0	6	1	0	0	0	424678661766863424670010596496364994560000
2	0	6	0	4	0	1	90478225569218797043712000000000
2	0	6	0	4	0	0	13734792393217789228726026240000000
2	0	6	0	3	1	0	12537126161714439644553216000000000
2	0	6	0	3	0	1	-153433632287029882646330081280000000
2	0	6	0	3	0	0	-2332426596548697181761244397568000000
2	0	6	0	2	2	0	2619940594588920944934912000000000
2	0	6	0	2	1	1	22809286161203920585874472960000000
2	0	6	0	2	1	0	-9481696803601627506923621597184000000
2	0	6	0	2	0	1	63396348595908395699590745554944000000
2	0	6	0	2	0	0	-2213265873666495307832913877832171520000
2	0	6	0	1	3	0	-444239258443234119106560000000000
2	0	6	0	1	2	1	3318257318580491371020288000000000
2	0	6	0	1	2	0	-1448730177053764496439844454400000000
2	0	6	0	1	1	1	-13452227514294946767657346793472000000
2	0	6	0	1	1	0	3066431647137096804200557950733516800000
2	0	6	0	1	0	1	-9304920078143911266601179940965580800000
2	0	6	0	1	0	0	528078185818003006401251257035132764160000
2	0	6	0	0	3	1	-562326820568477377560576000000000
2	0	6	0	0	3	0	432551755343483338453302804480000000
2	0	6	0	0	2	1	639809000827773474115637379072000000
2	0	6	0	0	2	0	-88084710697144393937440029229056000000
2	0	6	0	0	1	1	1333662388286530589637081194322984960000
2	0	6	0	0	1	0	-253301249473799296622097981006096629760000
2	0	6	0	0	0	1	447005223536591298967929599415085301760000
2	0	6	0	0	0	0	-30035447589026245728243267477285018992640000
2	0	5	4	0	0	1	1390896099590720364094464000000000
2	0	5	4	0	0	0	37569002873253183348876288000000000
2	0	5	3	1	0	2	-566335450091760621465600000000000
2	0	5	3	1	0	1	-35290772277586654557317529600000000
2	0	5	3	1	0	0	-180059956951073981457169612800000000
2	0	5	3	0	1	1	-3496186917902959382513664000000000
2	0	5	3	0	1	0	-134670264590642211489079296000000000
2	0	5	3	0	0	2	395336684136362332750158643200000000
2	0	5	3	0	0	1	16490033234495865952347891179520000000
2	0	5	3	0	0	0	90963405032873614085179824242688000000
2	0	5	2	3	0	0	2519303885609984468582400000000000
2	0	5	2	2	0	2	-25870271083414356639744000000000
2	0	5	2	2	0	1	-38048802780765762204696576000000000
2	0	5	2	2	0	0	-3864102652534794677968005365760000000
2	0	5	2	1	1	2	163805544981697578854400000000000
2	0	5	2	1	1	1	21923380850871821550136934400000000
2	0	5	2	1	1	0	474492195997646946699246796800000000
2	0	5	2	1	0	2	-153100469134394925233871052800000000
2	0	5	2	1	0	1	28197541214483162649024506830848000000
2	0	5	2	1	0	0	1274177025398150380077583186132992000000
2	0	5	2	0	2	1	1270711521317164500338688000000000
2	0	5	2	0	2	0	98093865629825418305931264000000000
2	0	5	2	0	1	2	-111481751006715091530853416960000000
2	0	5	2	0	1	1	-14853239022310790062796477153280000000
2	0	5	2	0	1	0	-222228455650292329498080401670144000000
2	0	5	2	0	0	2	60732700256571457743031697222860800000
2	0	5	2	0	0	1	-2293625426029049974519549572990566400000
2	0	5	2	0	0	0	-101572260265049214245479922030132920320000
2	0	5	1	4	0	0	-395097281415286273916928000000000
2	0	5	1	3	1	0	-1328052397763757941637120000000000
2	0	5	1	3	0	2	17878930801103115583488000000000
2	0	5	1	3	0	1	-34031100920791145973683650560000000
2	0	5	1	3	0	0	-1297332041398705611381847818240000000
2	0	5	1	2	1	2	-37518665393223962247168000000000
2	0	5	1	2	1	1	8193202892306877634360934400000000
2	0	5	1	2	1	0	2277580702351089313194956881920000000
2	0	5	1	2	0	2	-10247434341167858418485231616000000
2	0	5	1	2	0	1	12124632507664569183047201144832000000
2	0	5	1	2	0	0	915015439881594947941847225892864000000
2	0	5	1	1	2	1	-3466607295414492929566310400000000
2	0	5	1	1	2	0	-243553572962261553599572377600000000
2	0	5	1	1	1	2	27758161565281019775160811520000000
2	0	5	1	1	1	1	-7148115332462090885484825575424000000
2	0	5	1	1	1	0	-866085222372039217704668741222400000000
2	0	5	1	1	0	2	2524650820418941497412288118784000000
2	0	5	1	1	0	1	153083125822455668939356719639429120000
2	0	5	1	1	0	0	-158037096153721039304818625351262535680000
2	0	5	1	0	3	1	-84602608930388262776832000000000
2	0	5	1	0	3	0	-24305369255484891003555840000000000
2	0	5	1	0	2	2	-4563805223019431579359150080000000
2	0	5	1	0	2	1	2722696993860824209516204769280000000
2	0	5	1	0	2	0	114777544244040375780151590174720000000
2	0	5	1	0	1	2	-3083347821584721250933166407680000000
2	0	5	1	0	1	1	98760805171762175709783416443699200000
2	0	5	1	0	1	0	69622851152135969272587678274962063360000
2	0	5	1	0	0	2	-200161525332872642836881869928529920000
2	0	5	1	0	0	1	-125357555636867796463150111507423887360000
2	0	5	1	0	0	0	8193124704796763661135721217012380139520000
2	0	5	0	5	0	0	303454216415086516312473600000000
2	0	5	0	4	1	0	228904492832305040424960000000000
2	0	5	0	4	0	1	-2860238842413565334472622080000000
2	0	5	0	4	0	0	-1358367923124038239601063952384000000
2	0	5	0	3	2	0	184207165829547251466240000000000
2	0	5	0	3	1	1	-1720711643160711972519936000000000
2	0	5	0	3	1	0	265507101407716482706682019840000000
2	0	5	0	3	0	1	3066481528231153759716482482176000000
2	0	5	0	3	0	0	794144008883019258711243517309747200000
2	0	5	0	2	2	1	442097197990913403518976000000000
2	0	5	0	2	2	0	-312549359445171618682105036800000000
2	0	5	0	2	1	1	608495964859582109341095297024000000
2	0	5	0	2	1	0	-257380734946342768377012060379545600000
2	0	5	0	2	0	1	-955485545220188565508391305016770560000
2	0	5	0	2	0	0	-168034286211510168755067099776951255040000
2	0	5	0	1	3	0	35623319136353418221037158400000000
2	0	5	0	1	2	1	-389961759003408689061109432320000000
2	0	5	0	1	2	0	129904131141332783514240498155520000000
2	0	5	0	1	1	1	262257876627506917254164643840000000
2	0	5	0	1	1	0	41365861193081728409475170894856192000000
2	0	5	0	1	0	1	113532162368601198498434400395534008320000
2	0	5	0	1	0	0	15304724954122210769496778261191896924160000
2	0	5	0	0	4	0	1800695277474064406544384000000000
2	0	5	0	0	3	1	41868701160053864356475043840000000
2	0	5	0	0	3	0	-15853014705990355421688740118528000000
2	0	5	0	0	2	1	29412038592951455560455677214720000000
2	0	5	0	0	2	0	-9443956123547454788143149179619901440000
2	0	5	0	0	1	1	-5283797009318524203224099427314565120000
2	0	5	0	0	1	0	-1817317967000765470056434696272442818560000
2	0	5	0	0	0	1	-4561853330964348998087884640184941936640000
2	0	5	0	0	0	0	-513401560770517977334908609233240589434880000
2	0	4	4	1	0	0	4339591240593506848727040000000000
2	0	4	4	0	0	2	-5007748556062004342464512000000000
2	0	4	4	0	0	1	-264797391342596711845907865600000000
2	0	4	4	0	0	0	-2762427472656792287852981329920000000
2	0	4	3	2	0	1	-1450834600575878958882816000000000
2	0	4	3	2	0	0	40182761529033789371498496000000000
2	0	4	3	1	1	0	-13637425361432327216087040000000000
2	0	4	3	1	0	2	33775961805937131369187737600000000
2	0	4	3	1	0	1	1775197152472543048054219898880000000
2	0	4	3	1	0	0	-11574812800761855505954575482880000000
2	0	4	3	0	1	2	3016476994487250556753920000000000
2	0	4	3	0	1	1	404023199537610657468713779200000000
2	0	4	3	0	1	0	9182377423749585731938488483840000000
2	0	4	3	0	0	2	-12425639432937981753473749278720000000
2	0	4	3	0	0	1	-409359298180699144586125914218496000000
2	0	4	3	0	0	0	-1646696652880081165608714102374400000
2	0	4	2	3	0	1	83949706897906901807923200000000
2	0	4	2	3	0	0	-128941223580210114759426048000000000
2	0	4	2	2	1	1	817554744814078830772224000000000
2	0	4	2	2	1	0	-26522987504100083260932096000000000
2	0	4	2	2	0	2	25470097269223120784220487680000000
2	0	4	2	2	0	1	3346442647533568080011439636480000000
2	0	4	2	2	0	0	122058327415747510864116551909376000000
2	0	4	2	1	2	0	9084393097196863349882880000000000
2	0	4	2	1	1	2	-10247156811401104931486515200000000
2	0	4	2	1	1	1	-1178680022624426104972103270400000000
2	0	4	2	1	1	0	1105594905159562948644055449600000000
2	0	4	2	1	0	2	-9394823220899814351310910939136000000
2	0	4	2	1	0	1	-1411435877903187360927035100762931200000
2	0	4	2	1	0	0	-30183773406679017956237052648053145600000
2	0	4	2	0	2	2	-293952648265863913598976000000000
2	0	4	2	0	2	1	-146318041992058083747558604800000000
2	0	4	2	0	2	0	-6653301593978138347347979714560000000
2	0	4	2	0	1	2	3770019876021157893649714569216000000
2	0	4	2	0	1	1	372873821233783713813052919193600000000
2	0	4	2	0	1	0	2493610603304740465789981887986073600000
2	0	4	2	0	0	2	422024395449899025828241222488883200000
2	0	4	2	0	0	1	116833245284995371974057140387738091520000
2	0	4	2	0	0	0	2055382668427059237189077473202728796160000
2	0	4	1	4	0	1	-1362374527044057407461785600000000
2	0	4	1	4	0	0	-143007829966594013007046901760000000
2	0	4	1	3	1	1	-59813150316417695770214400000000
2	0	4	1	3	1	0	85427725600087185276636364800000000
2	0	4	1	3	0	2	-742528249743267938469150720000000
2	0	4	1	3	0	1	3437400514971888543298176811008000000
2	0	4	1	3	0	0	176264007639304066187949591625728000000
2	0	4	1	2	2	1	-138968053044937852944384000000000
2	0	4	1	2	2	0	3610731343150051933519872000000000
2	0	4	1	2	1	2	1374873525031374040083333120000000
2	0	4	1	2	1	1	-1140199201892908551245297909760000000
2	0	4	1	2	1	0	-88751553170171507224643134881792000000
2	0	4	1	2	0	2	406644557368556876967097860096000000
2	0	4	1	2	0	1	-1475710732138909649781095903969280000000
2	0	4	1	2	0	0	-61932256298477292894326202355584860160000
2	0	4	1	1	3	0	-2308910406990942754897920000000000
2	0	4	1	1	2	2	167411806592147355009024000000000
2	0	4	1	1	2	1	222632274051884776867156131840000000
2	0	4	1	1	2	0	3716225994658927686455601561600000000
2	0	4	1	1	1	2	-577660062382620068165902663680000000
2	0	4	1	1	1	1	514133687729477780309101742751744000000
2	0	4	1	1	1	0	24494140985022428429085140202415718400000
2	0	4	1	1	0	2	-74050545498747170123085905343283200000
2	0	4	1	1	0	1	206062999043157912676587540479917424640000
2	0	4	1	1	0	0	8123373033959240641166928786208450805760000
2	0	4	1	0	3	2	-65194889082810350764032000000000
2	0	4	1	0	3	1	11697589211281984327436697600000000
2	0	4	1	0	3	0	1687650819022332398910409113600000000
2	0	4	1	0	2	2	49224700563257651521818820608000000
2	0	4	1	0	2	1	-74867791091817194759445329018880000000
2	0	4	1	0	2	0	-1787813321221055108122508740401561600000
2	0	4	1	0	1	2	50613233430868269748301960620277760000
2	0	4	1	0	1	1	-39985550946191110284038407808867696640000
2	0	4	1	0	1	0	-1758469765205604135168380721323940249600000
2	0	4	1	0	0	2	4211466770829819906722000235620597760000
2	0	4	1	0	0	1	-9175846807221528700078886111247209594880000
2	0	4	1	0	0	0	-357216887221283369920782384070671983247360000
2	0	4	0	5	0	1	117025728879947665637376000000000
2	0	4	0	5	0	0	-32427146822548365120067338240000000
2	0	4	0	4	1	1	-97521440733289721364480000000000
2	0	4	0	4	1	0	34006604076664725447286456320000000
2	0	4	0	4	0	1	-111393319557532077806137638912000000
2	0	4	0	4	0	0	67879206657589961910564720672768000000
2	0	4	0	3	2	0	-14379861507592680380930457600000000
2	0	4	0	3	1	1	186349950268201641352825405440000000
2	0	4	0	3	1	0	-52874443593634978735826596134912000000
2	0	4	0	3	0	1	36972395159435955560607516721152000000
2	0	4	0	3	0	0	-33748564998839105760956671142441779200000
2	0	4	0	2	3	0	288230035945056287588352000000000
2	0	4	0	2	2	1	-38076401348493283195842723840000000
2	0	4	0	2	2	0	15464321602687065056144048455680000000
2	0	4	0	2	1	1	-74332340543850292620575421235200000000
2	0	4	0	2	1	0	21127756543542336965024294431235112960000
2	0	4	0	2	0	1	-6038031796526365271925613630523965440000
2	0	4	0	2	0	0	6766402226756929254461742016486606110720000
2	0	4	0	1	4	0	203169668194353586176000000000000
2	0	4	0	1	3	1	138697160154012048162816000000000
2	0	4	0	1	3	0	-973683071491924913278978621440000000
2	0	4	0	1	2	1	18469259607292792648364457197568000000
2	0	4	0	1	2	0	-4590858880375746979136311459823616000000
2	0	4	0	1	1	1	10295164119586122164723756193609154560000
2	0	4	0	1	1	0	-2951520080548736756289456890562328657920000
2	0	4	0	1	0	1	515608146340275393730049666407700889600000
2	0	4	0	1	0	0	-600150776126387438933675030399429479956480000
2	0	4	0	0	4	1	254518920629845025882112000000000
2	0	4	0	0	4	0	-129529602337316760687647784960000000
2	0	4	0	0	3	1	-1285308183582429239979465375744000000
2	0	4	0	0	3	0	304516522246732158505715813154816000000
2	0	4	0	0	2	1	-1611450782562395219482282168445829120000
2	0	4	0	0	2	0	334943335139499637789986597554619678720000
2	0	4	0	0	1	1	-472330348563533066278542548625174036480000
2	0	4	0	0	1	0	134160706409137333803385045829684993064960000
2	0	4	0	0	0	1	-18418683133215849699956819482376855224320000
2	0	4	0	0	0	0	19634582193015761016143058149886283262607360000
2	0	3	5	0	0	1	348458555360893550690304000000000
2	0	3	5	0	0	0	2489957155759688950579200000000000
2	0	3	4	1	0	2	-548558104124754682675200000000000
2	0	3	4	1	0	1	-44075451737703965211913420800000000
2	0	3	4	1	0	0	-380395468221709789983183667200000000
2	0	3	4	0	1	1	-2310247940639888916006912000000000
2	0	3	4	0	1	0	-59574081696573778762881024000000000
2	0	3	4	0	0	2	324882564662407537175221370880000000
2	0	3	4	0	0	1	14078670413913696073219677388800000000
2	0	3	4	0	0	0	89285937727523327229117094428672000000
2	0	3	3	3	0	0	2748885610669604020961280000000000
2	0	3	3	2	0	2	-129215908971608880807936000000000
2	0	3	3	2	0	1	29194343569386721953408614400000000
2	0	3	3	2	0	0	-3109547860065510772136680488960000000
2	0	3	3	1	1	2	319992227406106898227200000000000
2	0	3	3	1	1	1	36517472357651280354970828800000000
2	0	3	3	1	1	0	913634823168212045485016678400000000
2	0	3	3	1	0	2	-738524409472521995668810629120000000
2	0	3	3	1	0	1	-25924500484898355749995889098752000000
2	0	3	3	1	0	0	708969095306113770193972727513088000000
2	0	3	3	0	2	1	1372952894434710084182016000000000
2	0	3	3	0	2	0	72012540766370388303347712000000000
2	0	3	3	0	1	2	-190533571314939403754500915200000000
2	0	3	3	0	1	1	-17543511357199276959680861306880000000
2	0	3	3	0	1	0	-262621165555416288923827311181824000000
2	0	3	3	0	0	2	200883626428449808995354076505702400000
2	0	3	3	0	0	1	4815581797948205484665721328302489600000
2	0	3	3	0	0	0	-37331944310911842425753409938433638400000
2	0	3	2	4	0	0	509549527831438794129408000000000
2	0	3	2	3	1	0	-2108901155857390224506880000000000
2	0	3	2	3	0	2	1003495625145551232840499200000000
2	0	3	2	3	0	1	124026598067309068154689290240000000
2	0	3	2	3	0	0	2869540014837796663840906936320000000
2	0	3	2	2	1	2	-15847234119159579721728000000000
2	0	3	2	2	1	1	-22602788122356391944948940800000000
2	0	3	2	2	1	0	2502097966524955240914335170560000000
2	0	3	2	2	0	2	-1573007390821286084956486238208000000
2	0	3	2	2	0	1	-138241103855103872112231797096448000000
2	0	3	2	2	0	0	-2087840348441533507132808515996876800000
2	0	3	2	1	2	2	-45713175343729556889600000000000
2	0	3	2	1	2	1	-10145602452754157291436441600000000
2	0	3	2	1	2	0	-586117863969532089507731865600000000
2	0	3	2	1	1	2	274088214793042385014104883200000000
2	0	3	2	1	1	1	20809271727610691850812834021376000000
2	0	3	2	1	1	0	-550856718298397895675971676733440000000
2	0	3	2	1	0	2	434067344741620787748322826723328000000
2	0	3	2	1	0	1	34659566636167956850549610773794324480000
2	0	3	2	1	0	0	417650702798752516608409853077770731520000
2	0	3	2	0	3	1	-115287499496507084955648000000000
2	0	3	2	0	3	0	-29433844489135741390872576000000000
2	0	3	2	0	2	2	20180119857726369816095293440000000
2	0	3	2	0	2	1	6147164147895284424390200033280000000
2	0	3	2	0	2	0	188036973890057383219834003685376000000
2	0	3	2	0	1	2	-69523113194907195986479557889228800000
2	0	3	2	0	1	1	-4877288091534411443506850098171084800000
2	0	3	2	0	1	0	12644203741706152667692899131412971520000
2	0	3	2	0	0	2	-28557051367988166826235654067703971840000
2	0	3	2	0	0	1	-2302484422107483387006206261460593541120000
2	0	3	2	0	0	0	-24548994185001984223183747490772683980800000
2	0	3	1	5	0	0	-4891675467181812423642316800000000
2	0	3	1	4	1	0	326696826456520566571008000000000
2	0	3	1	4	0	1	104838084345745515999571476480000000
2	0	3	1	4	0	0	10341827768686769107598316404736000000
2	0	3	1	3	2	0	560748284216415897845760000000000
2	0	3	1	3	1	2	-29256432219986916409344000000000
2	0	3	1	3	1	1	-44088711944714783355971174400000000
2	0	3	1	3	1	0	-2925373136368580795051081072640000000
2	0	3	1	3	0	2	7321597701645045752936792064000000
2	0	3	1	3	0	1	-127339965945035894486311299396403200000
2	0	3	1	3	0	0	-6241019635725182434404605540302848000000
2	0	3	1	2	2	2	24380360183322430341120000000000
2	0	3	1	2	2	1	7610085627622263406677196800000000
2	0	3	1	2	2	0	-568114875060100592366476984320000000
2	0	3	1	2	1	2	3576949916080040374039216128000000
2	0	3	1	2	1	1	53991355966827188744921449955328000000
2	0	3	1	2	1	0	1966002408777239753214873940446412800000
2	0	3	1	2	0	2	-2713696545276003573515308789923840000
2	0	3	1	2	0	1	41778335618227194648894049058667233280000
2	0	3	1	2	0	0	1506622284706440401066196848257090191360000
2	0	3	1	1	3	1	755330647768421472446054400000000
2	0	3	1	1	3	0	148426188033982018291236864000000000
2	0	3	1	1	2	2	-17567219769372610537433333760000000
2	0	3	1	1	2	1	-5644302500959495812562505564160000000
2	0	3	1	1	2	0	91421405253297727740817455513600000000
2	0	3	1	1	1	2	221333745186731458685442981888000000
2	0	3	1	1	1	1	-14368285838272211173468838276333568000000
2	0	3	1	1	1	0	-408474647095805259170810385085108715520000
2	0	3	1	1	0	2	323820774445137289908424026598932480000
2	0	3	1	1	0	1	-5102487426344486956784207450505676062720000
2	0	3	1	1	0	0	-155851628103792202887875008724079364669440000
2	0	3	1	0	4	1	-18601311843571928334336000000000
2	0	3	1	0	4	0	4432530076588635039203328000000000
2	0	3	1	0	3	2	3358708851006138713035898880000000
2	0	3	1	0	3	1	-512483255400279014871040327680000000
2	0	3	1	0	3	0	-48664269556921874654307376496640000000
2	0	3	1	0	2	2	1584523556351391204882321702912000000
2	0	3	1	0	2	1	1163767210017630602740817441911603200000
2	0	3	1	0	2	0	8956060076024297739968915720167096320000
2	0	3	1	0	1	2	-11944515845590557786902830428979200000
2	0	3	1	0	1	1	966892373748036286900410094439266713600000
2	0	3	1	0	1	0	24913870960230868585176565009373309829120000
2	0	3	1	0	0	2	-11804751989797088502455541029122867200000
2	0	3	1	0	0	1	209445627256994714734132567217535504384000000
2	0	3	1	0	0	0	5776508833702684070541218670020577534443520000
2	0	3	0	6	0	0	386184905303827296603340800000000
2	0	3	0	5	1	0	1152703429467484506528153600000000
2	0	3	0	5	0	1	-7190060782383984576760381440000000
2	0	3	0	5	0	0	1065474908700677995463031914496000000
2	0	3	0	4	2	0	-156034305173263554183168000000000
2	0	3	0	4	1	1	6927923149692901805732659200000000
2	0	3	0	4	1	0	-2768526272798983397580532088832000000
2	0	3	0	4	0	1	6907300875749677428094040801280000000
2	0	3	0	4	0	0	-1658419060949266612803103493400821760000
2	0	3	0	3	3	0	-48760720366644860682240000000000
2	0	3	0	3	2	1	-624137220693054216732672000000000
2	0	3	0	3	2	0	644726629910751475735190568960000000
2	0	3	0	3	1	1	-7345048721506756225549197115392000000
2	0	3	0	3	1	0	1970640290180494220386212024798412800000
2	0	3	0	3	0	1	-2447241285742723229171159033236684800000
2	0	3	0	3	0	0	675125651331053057338727268404118159360000
2	0	3	0	2	3	1	-130028587644386295152640000000000
2	0	3	0	2	3	0	19312972751370503903961415680000000
2	0	3	0	2	2	1	1470514570347303233479092731904000000
2	0	3	0	2	2	0	-423873450721680788150758123005542400000
2	0	3	0	2	1	1	2311574600592656660766969536194805760000
2	0	3	0	2	1	0	-538240870265061824655362042169614008320000
2	0	3	0	2	0	1	407783001853341511883684918471310704640000
2	0	3	0	2	0	0	-116953793257483805928649693739928632033280000
2	0	3	0	1	4	0	-12627635991454266452154777600000000
2	0	3	0	1	3	1	15346494028141048099095183360000000
2	0	3	0	1	3	0	7359573896462470889834275405824000000
2	0	3	0	1	2	1	-467098443197911879273446091259904000000
2	0	3	0	1	2	0	91313584874033227325560309498114867200000
2	0	3	0	1	1	1	-282380510816875020806301108674054062080000
2	0	3	0	1	1	0	60565617265625086576094840885070206730240000
2	0	3	0	1	0	1	-32367455571339233423955769153232358604800000
2	0	3	0	1	0	0	9215365053233865872186879344052180205404160000
2	0	3	0	0	5	0	-175538593319921498456064000000000
2	0	3	0	0	4	1	-15344789208880821701003182080000000
2	0	3	0	0	4	0	3848589927431875397788342419456000000
2	0	3	0	0	3	1	20539388793376374091847519698944000000
2	0	3	0	0	3	0	-3082723265046278418047776491904696320000
2	0	3	0	0	2	1	35154995619292789928309897428677427200000
2	0	3	0	0	2	0	-5703452177145738903004687638747223818240000
2	0	3	0	0	1	1	11857546974583217917215578280100013015040000
2	0	3	0	0	1	0	-2380430618013131267323431417276233601515520000
2	0	3	0	0	0	1	987581326459253490384411100761284735139840000
2	0	3	0	0	0	0	-272264278132966816328313737541103879535493120000
2	0	2	5	1	0	0	458147601778267336826880000000000
2	0	2	5	0	0	2	2844375354720950206464000000000
2	0	2	5	0	0	1	-16518479613584631389975347200000000
2	0	2	5	0	0	0	-48367600603333332783228518400000000
2	0	2	4	2	0	1	-2279563677140647236894720000000000
2	0	2	4	2	0	0	-14978074278624135080067072000000000
2	0	2	4	1	1	0	-6765549950871974419660800000000000
2	0	2	4	1	0	2	27365979091372095160693555200000000
2	0	2	4	1	0	1	2146483212896019734330982727680000000
2	0	2	4	1	0	0	12520715191362476737306901544960000000
2	0	2	4	0	1	2	207436231226435011485696000000000
2	0	2	4	0	1	1	114087831140795717902635417600000000
2	0	2	4	0	1	0	2911507973385443825698665676800000000
2	0	2	4	0	0	2	-7935616326822999551411530825728000000
2	0	2	4	0	0	1	-326572528300249391584295199178752000000
2	0	2	4	0	0	0	-1587598213877131948414477971731251200000
2	0	2	3	3	0	1	-643641508839712161005568000000000
2	0	2	3	3	0	0	-131353822756084424724548812800000000
2	0	2	3	2	1	1	1755385933199214984560640000000000
2	0	2	3	2	1	0	19304369193154700344098816000000000
2	0	2	3	2	0	2	7900699521007466776343347200000000
2	0	2	3	2	0	1	713339838728192491640458444800000000
2	0	2	3	2	0	0	83577577013442299294748581953536000000
2	0	2	3	1	2	0	6846817818149715854131200000000000
2	0	2	3	1	1	2	-15290508594373412024888524800000000
2	0	2	3	1	1	1	-1824624059408874921000411463680000000
2	0	2	3	1	1	0	-24231686382029592378624107151360000000
2	0	2	3	1	0	2	6748805909583831507661404241920000000
2	0	2	3	1	0	1	-26990928089005415449632039803289600000
2	0	2	3	1	0	0	-14484640769533293856111527082780262400000
2	0	2	3	0	2	2	-72531571545384230264832000000000
2	0	2	3	0	2	1	-73558648396684872803907993600000000
2	0	2	3	0	2	0	-3408713701152938517338446233600000000
2	0	2	3	0	1	2	4531526043763252858869878784000000000
2	0	2	3	0	1	1	367250298444365513860083434913792000000
2	0	2	3	0	1	0	4000939221116220416078472709255987200000
2	0	2	3	0	0	2	-1733336171386636016568317255070842880000
2	0	2	3	0	0	1	-19790794790326475928119101394596331520000
2	0	2	3	0	0	0	707674528166649695115463178399103713280000
2	0	2	2	4	0	1	4054941505690186614335078400000000
2	0	2	2	4	0	0	3041206129267639960751308800000000
2	0	2	2	3	1	1	-29256432219986916409344000000000
2	0	2	2	3	1	0	108730067523970375489506508800000000
2	0	2	2	3	0	2	-47621864981761503316145602560000000
2	0	2	2	3	0	1	-6190683117099125382352163045376000000
2	0	2	2	3	0	0	-43265270760228037482082187083776000000
2	0	2	2	2	2	1	-511987563849771037163520000000000
2	0	2	2	2	2	0	-11175957108035002068369408000000000
2	0	2	2	2	1	2	1451850448916850726813696000000000
2	0	2	2	2	1	1	-42952977245934891260960440320000000
2	0	2	2	2	1	0	-75968006103984226191220746878976000000
2	0	2	2	2	0	2	37323201378851863482697244658892800000
2	0	2	2	2	0	1	2855670183655641953766202431976243200000
2	0	2	2	2	0	0	22166225450151351682711547117725286400000
2	0	2	2	1	3	0	-2722473553804338054758400000000000
2	0	2	2	1	2	2	1920319069839391225818316800000000
2	0	2	2	1	2	1	521466721030127348047438479360000000
2	0	2	2	1	2	0	15102089271639996886744918917120000000
2	0	2	2	1	1	2	-4045379238300001375618370076672000000
2	0	2	2	1	1	1	-96911108322512866795182463038259200000
2	0	2	2	1	1	0	13942158248355655201143924417055948800000
2	0	2	2	1	0	2	-7594530626423287147459416515028910080000
2	0	2	2	1	0	1	-474398696759808664288078119870585569280000
2	0	2	2	1	0	0	-3597595699054364357463055979807659130880000
2	0	2	2	0	3	2	-55262149748864175439872000000000
2	0	2	2	0	3	1	9499252015005187082615193600000000
2	0	2	2	0	3	0	1379323035577342207652261068800000000
2	0	2	2	0	2	2	-490660385428638294760934866944000000
2	0	2	2	0	2	1	-124309414728983846059641221971968000000
2	0	2	2	0	2	0	-2808055796868098374586779193042534400000
2	0	2	2	0	1	2	750651679659240446286342279182745600000
2	0	2	2	0	1	1	31000380236869341115602400989404528640000
2	0	2	2	0	1	0	-620482806778781494657392879659372052480000
2	0	2	2	0	0	2	436040709768186652282184494486030909440000
2	0	2	2	0	0	1	24969070365227499727710025217613955399680000
2	0	2	2	0	0	0	182787881416390719300312220835539486310400000
2	0	2	1	5	0	0	225300273754252844838389022720000000
2	0	2	1	4	1	1	-1158554715911481889810022400000000
2	0	2	1	4	1	0	-37661805196789157493748531200000000
2	0	2	1	4	0	1	-2774081679191795979847781056512000000
2	0	2	1	4	0	0	-256849485253817949723892094808883200000
2	0	2	1	3	2	1	146282161099934582046720000000000
2	0	2	1	3	2	0	-29048711551225009302837657600000000
2	0	2	1	3	1	2	1358668712296192398049935360000000
2	0	2	1	3	1	1	2195162800300046534629533548544000000
2	0	2	1	3	1	0	63277779539300980230061477724160000000
2	0	2	1	3	0	2	64103885662942212492179275776000000
2	0	2	1	3	0	1	2209996990398997800749433915396587520000
2	0	2	1	3	0	0	103937240642049463625034727009977630720000
2	0	2	1	2	3	1	48760720366644860682240000000000
2	0	2	1	2	3	0	3198703256051902860754944000000000
2	0	2	1	2	2	2	-1249249655793441330678988800000000
2	0	2	1	2	2	1	-187432210710312779583954616320000000
2	0	2	1	2	2	0	20062771388139744710344376451072000000
2	0	2	1	2	1	2	-719387172524496007249186258944000000
2	0	2	1	2	1	1	-1156512976354870982361919585950105600000
2	0	2	1	2	1	0	-26852109047022899522926527203117629440000
2	0	2	1	2	0	2	-36784448068870903742079842357084160000
2	0	2	1	2	0	1	-567388104651513158949424321414435307520000
2	0	2	1	2	0	0	-19053862029967544747399287550351006760960000
2	0	2	1	1	4	0	487607203666448606822400000000000
2	0	2	1	1	3	2	78017152586631777091584000000000
2	0	2	1	1	3	1	-40224229812776711567460925440000000
2	0	2	1	1	3	0	-3885724349680037688907581358080000000
2	0	2	1	1	2	2	547461865609471772917341880320000000
2	0	2	1	1	2	1	72932156564148175854981741281280000000
2	0	2	1	1	2	0	-3569811859948797655103772818708889600000
2	0	2	1	1	1	2	131702886143307156146573231904522240000
2	0	2	1	1	1	1	208036816822704159809495708639943720960000
2	0	2	1	1	1	0	4227997651741025976912618774476048302080000
2	0	2	1	1	0	2	5999939925153304842235937372818636800000
2	0	2	1	1	0	1	58653473786147237639780090340013686128640000
2	0	2	1	1	0	0	1611916956295028148951845970590405494702080000
2	0	2	1	0	4	2	16253573455548286894080000000000
2	0	2	1	0	4	1	611188540506800748173721600000000
2	0	2	1	0	4	0	-211275108562322776206252441600000000
2	0	2	1	0	3	2	-71545932096036944379973337088000000
2	0	2	1	0	3	1	10296900026150633429460099858432000000
2	0	2	1	0	3	0	738306078468082663418621139655065600000
2	0	2	1	0	2	2	-50223326312488796698886832421601280000
2	0	2	1	0	2	1	-10449323585718528788788326106040893440000
2	0	2	1	0	2	0	101707457276230246399531193285628395520000
2	0	2	1	0	1	2	-7670654395474037822988589635022356480000
2	0	2	1	0	1	1	-11414988359381274255738660899902570168320000
2	0	2	1	0	1	0	-216051629405145746868869585500831092572160000
2	0	2	1	0	0	2	-300434529499941048431402639226134200320000
2	0	2	1	0	0	1	-2122398307084212953917348128921904206643200000
2	0	2	1	0	0	0	-51128413875677529068635318854537464644730880000
2	0	2	0	6	0	0	-17841742625036821103074344960000000
2	0	2	0	5	1	0	-51864632782304005933828669440000000
2	0	2	0	5	0	1	165601704629267382271463129088000000
2	0	2	0	5	0	0	-14345951854131249186348699903590400000
2	0	2	0	4	2	0	11410008565794897399644160000000000
2	0	2	0	4	1	1	-181478819317867641963817205760000000
2	0	2	0	4	1	0	69944318953602103219620600505958400000
2	0	2	0	4	0	1	-132445777663147755929786577510727680000
2	0	2	0	4	0	0	20738967609335935984860740550501335040000
2	0	2	0	3	3	0	2085008402877734242772582400000000
2	0	2	0	3	2	1	30857344191064600475263303680000000
2	0	2	0	3	2	0	-16071243345568540837261133217792000000
2	0	2	0	3	1	1	136483458262353570144866392866816000000
2	0	2	0	3	1	0	-33231098496520088033836815022384742400000
2	0	2	0	3	0	1	39967010007423512227107226886728581120000
2	0	2	0	3	0	0	-7187137780161701635179531461157248040960000
2	0	2	0	2	4	0	-331572898493185052639232000000000
2	0	2	0	2	3	1	5102321779165718221789593600000000
2	0	2	0	2	3	0	-1056146241731589260612637032448000000
2	0	2	0	2	2	1	-29646527657046996037142279356416000000
2	0	2	0	2	2	0	6719768168852973865122772904658862080000
2	0	2	0	2	1	1	-34394447609873679988336392158796840960000
2	0	2	0	2	1	0	6912770845667314647473436499024138076160000
2	0	2	0	2	0	1	-5760565437356659484683367439596016107520000
2	0	2	0	2	0	0	1085103319593854910980828733103316432977920000
2	0	2	0	1	5	0	-32507146911096573788160000000000
2	0	2	0	1	4	1	-468102915519790662549504000000000
2	0	2	0	1	4	0	332583708226385600601174835200000000
2	0	2	0	1	3	1	-648066017597205222347985911808000000
2	0	2	0	1	3	0	103115834347150527744491575286169600000
2	0	2	0	1	2	1	6689909202255741805317953675423907840000
2	0	2	0	1	2	0	-1080238408532897401517267318093141114880000
2	0	2	0	1	1	1	3567719852481135889456352786808160911360000
2	0	2	0	1	1	0	-642674859116394011557070430916668006727680000
2	0	2	0	1	0	1	400239130152552231872680851968756463697920000
2	0	2	0	1	0	0	-76060648572885066278088059486585578737500160000
2	0	2	0	0	5	1	-43342862548128765050880000000000
2	0	2	0	0	5	0	8741063447237498369723596800000000
2	0	2	0	0	4	1	380038870057357618467619995648000000
2	0	2	0	0	4	0	-59823339967679871808918148087808000000
2	0	2	0	0	3	1	-184777074059191543472226123550556160000
2	0	2	0	0	3	0	13134676796535473085877409032525578240000
2	0	2	0	0	2	1	-417569124857775535538566399154482053120000
2	0	2	0	0	2	0	56306505248507038066143128939726161182720000
2	0	2	0	0	1	1	-131301571928190338174515225300204176015360000
2	0	2	0	0	1	0	21875694287467348021113212124568229951569920000
2	0	2	0	0	0	1	-10795264477190052827533578034397923699261440000
2	0	2	0	0	0	0	2029604639566130612897143216132504522896998400000
2	0	1	6	0	0	1	22348663501378894479360000000000
2	0	1	6	0	0	0	-175064530760801340088320000000000
2	0	1	5	1	0	1	-1743195753107553769390080000000000
2	0	1	5	1	0	0	-1090614778867290050592768000000000
2	0	1	5	0	1	1	-328119014133881041674240000000000
2	0	1	5	0	1	0	2225723715069143536558080000000000
2	0	1	5	0	0	2	-99959476751621964398592000000000
2	0	1	5	0	0	1	313522354336751530468572856320000000
2	0	1	5	0	0	0	-757933297269782599271781826560000000
2	0	1	4	2	0	1	73986591441124912907590041600000000
2	0	1	4	2	0	0	476654083050489171767348428800000000
2	0	1	4	1	1	1	1746852807135052133941248000000000
2	0	1	4	1	1	0	230843408699106488149032960000000000
2	0	1	4	1	0	2	-454167784289088694394569359360000000
2	0	1	4	1	0	1	-35099550048685237694249438085120000000
2	0	1	4	1	0	0	-181471352652146834112939253235712000000
2	0	1	4	0	2	1	293580170540840932024320000000000
2	0	1	4	0	2	0	2599555904546754135121920000000000
2	0	1	4	0	1	2	-6607809020485878295353753600000000
2	0	1	4	0	1	1	-1967538648719644499316154613760000000
2	0	1	4	0	1	0	-48196474055395332186225579540480000000
2	0	1	4	0	0	2	86471590078691977751479176973516800000
2	0	1	4	0	0	1	3527594718654544446807353337569280000000
2	0	1	4	0	0	0	15238084380600040591805348985876971520000
2	0	1	3	3	0	1	23364186770881551444502118400000000
2	0	1	3	3	0	0	2069051603419910812048901406720000000
2	0	1	3	2	1	1	-58261259122881945337567641600000000
2	0	1	3	2	1	0	-601229434264804461184155648000000000
2	0	1	3	2	0	2	-153574326830766320961748992000000000
2	0	1	3	2	0	1	-21215035590790310553296476569600000000
2	0	1	3	2	0	0	-946775083639270299764001080161075200000
2	0	1	3	1	2	1	51198756384977103716352000000000
2	0	1	3	1	2	0	-233345239993251758209204224000000000
2	0	1	3	1	1	2	243111077702217029777360486400000000
2	0	1	3	1	1	1	30339656450243248287241169141760000000
2	0	1	3	1	1	0	301137932637164019511395686744064000000
2	0	1	3	1	0	2	-16522468472557473306623530323148800000
2	0	1	3	1	0	1	3252408702621962020654930054022430720000
2	0	1	3	1	0	0	131132165111479712987597186823224033280000
2	0	1	3	0	3	1	69077687186080219299840000000000
2	0	1	3	0	3	0	-2951378046636643095183360000000000
2	0	1	3	0	2	2	2268104907854485694634393600000000
2	0	1	3	0	2	1	1267290919159431734777831424000000000
2	0	1	3	0	2	0	55119941139611537647228108800000000000
2	0	1	3	0	1	2	-48084082550498906086645154001715200000
2	0	1	3	0	1	1	-3747514297139514303510913842541363200000
2	0	1	3	0	1	0	-32856118637019150057756265778872320000000
2	0	1	3	0	0	2	7336821046702762979857376273362452480000
2	0	1	3	0	0	1	-71119905077088341036658243902746460160000
2	0	1	3	0	0	0	-5543282179680852398240796776180593459200000
2	0	1	2	4	0	1	-131611815727544342682418544640000000
2	0	1	2	4	0	0	-477430743804489091108295147520000000
2	0	1	2	3	1	1	1588624269545289561027379200000000
2	0	1	2	3	1	0	-1902417936656947831274931486720000000
2	0	1	2	3	0	2	752808842999642460947728564224000000
2	0	1	2	3	0	1	101416109893845548671899919083110400000
2	0	1	2	3	0	0	473410388492302135306879368953856000000
2	0	1	2	2	2	1	16289981460088715056722739200000000
2	0	1	2	2	2	0	335898949604113784678960332800000000
2	0	1	2	2	1	2	-34394593128622118603735040000000000
2	0	1	2	2	1	1	5343363622558096126936612208640000000
2	0	1	2	2	1	0	950817362141915573881280535016243200000
2	0	1	2	2	0	2	-395076061850518047345837206384148480000
2	0	1	2	2	0	1	-28801240181996231860603682934148300800000
2	0	1	2	2	0	0	-150829274909926583887924793229138984960000
2	0	1	2	1	3	1	-443722555336468232208384000000000
2	0	1	2	1	3	0	87367833395608706541748224000000000
2	0	1	2	1	2	2	-26410000788223839344587898880000000
2	0	1	2	1	2	1	-8696215045978400168696244142080000000
2	0	1	2	1	2	0	-181891376527046777646623341019136000000
2	0	1	2	1	1	2	33185872578801742829781703527628800000
2	0	1	2	1	1	1	-782207700512145012635625965760675840000
2	0	1	2	1	1	0	-140861750352749804804344381433075466240000
2	0	1	2	1	0	2	62619461753843653741036934278479544320000
2	0	1	2	1	0	1	3475940781662275007497730417595821260800000
2	0	1	2	1	0	0	19059341903534763891904904608098460631040000
2	0	1	2	0	4	1	-65014293822193147576320000000000
2	0	1	2	0	4	0	422592909844255459246080000000000
2	0	1	2	0	3	2	1751485075569883395706060800000000
2	0	1	2	0	3	1	-174338535104191274015669944320000000
2	0	1	2	0	3	0	-21783927573577681092581789859840000000
2	0	1	2	0	2	2	5026638908561408133464664716083200000
2	0	1	2	0	2	1	1228065967873674929624391513686016000000
2	0	1	2	0	2	0	22365014546414235048551064709612830720000
2	0	1	2	0	1	2	-4555753012914705631533733479795916800000
2	0	1	2	0	1	1	-62702805133530690334135157802728816640000
2	0	1	2	0	1	0	5953714166636748490426189611585501265920000
2	0	1	2	0	0	2	-3056681235675490785010787232622884618240000
2	0	1	2	0	0	1	-147604620060244550892523533049241261015040000
2	0	1	2	0	0	0	-821609814016333361345745702596304395796480000
2	0	1	1	5	0	0	-3456293112884405692232443625472000000
2	0	1	1	4	1	1	37421317323940865040863723520000000
2	0	1	1	4	1	0	944255445800588525279874908160000000
2	0	1	1	4	0	1	30523087697565316756071563919360000000
2	0	1	1	4	0	0	2750800565396667198503120006236078080000
2	0	1	1	3	2	1	-5046734557947743080611840000000000
2	0	1	1	3	2	0	522817124800321394141602775040000000
2	0	1	1	3	1	2	-21020395472873959597116751872000000
2	0	1	1	3	1	1	-35301980607406488652513634235187200000
2	0	1	1	3	1	0	-749322353843258318351284607542886400000
2	0	1	1	3	0	2	-1365547367614026841888434683904000000
2	0	1	1	3	0	1	-18194255757886083782014924622164131840000
2	0	1	1	3	0	0	-843013300868212840329990557198033879040000
2	0	1	1	2	3	1	-1366275384673388996316364800000000
2	0	1	1	2	3	0	-90783684393026734515408076800000000
2	0	1	1	2	2	2	21196285143380520938569728000000000
2	0	1	1	2	2	1	2357072021362397148194056962048000000
2	0	1	1	2	2	0	-270250406255520338295725789832806400000
2	0	1	1	2	1	2	10058327830741687226143532431441920000
2	0	1	1	2	1	1	11628634638095551641536083773306961920000
2	0	1	1	2	1	0	212783084228699103191695813321532375040000
2	0	1	1	2	0	2	537119254956017613410386020272701440000
2	0	1	1	2	0	1	3814128948571027922659281765107542917120000
2	0	1	1	2	0	0	124498236863024842471485055416051652362240000
2	0	1	1	1	4	1	92645368696625235296256000000000
2	0	1	1	1	4	0	-13654627060006115819716608000000000
2	0	1	1	1	3	2	-2452859277323703071759400960000000
2	0	1	1	1	3	1	651472724334197158855439155200000000
2	0	1	1	1	3	0	46931998310014211827213271040000000000
2	0	1	1	1	2	2	-6788408645006959037163581472768000000
2	0	1	1	1	2	1	-498255437885878691590237855709921280000
2	0	1	1	1	2	0	40688561537234519972897188657547182080000
2	0	1	1	1	1	2	-1544636219262516454593519993807175680000
2	0	1	1	1	1	1	-1549401067897542843703370366193740021760000
2	0	1	1	1	1	0	-25701096197537144982768886932089786204160000
2	0	1	1	1	0	2	-68075940030838302472326625738657628160000
2	0	1	1	1	0	1	-338288180092837549841995944939924730675200000
2	0	1	1	1	0	0	-8872014061413523933649335257973527592304640000
2	0	1	1	0	5	1	8126786727774143447040000000000
2	0	1	1	0	5	0	121901800916612151705600000000000
2	0	1	1	0	4	2	-511012349442438139949875200000000
2	0	1	1	0	4	1	-11767587181816959711313920000000000
2	0	1	1	0	4	0	3258466735447840400960410091520000000
2	0	1	1	0	3	2	772629168879284777220650434560000000
2	0	1	1	0	3	1	-97780626567996007979229966493286400000
2	0	1	1	0	3	0	-5906110455983667087849300279742955520000
2	0	1	1	0	2	2	517125179420557609057188253976494080000
2	0	1	1	0	2	1	51149809404181053657426317539767091200000
2	0	1	1	0	2	0	-1541335646426591187836218927635551354880000
2	0	1	1	0	1	2	75776124539091406951237545371011645440000
2	0	1	1	0	1	1	70003685821040658831816124268768952975360000
2	0	1	1	0	1	0	1094542348194985943728669696801728059473920000
2	0	1	1	0	0	2	2802009638094045202368004393261811957760000
2	0	1	1	0	0	1	10826684550325398425383127470061049542737920000
2	0	1	1	0	0	0	244675759255930099596930113980832261374771200000
2	0	1	0	6	0	0	274577467671021207884975308800000000
2	0	1	0	5	1	0	776195849787655602187029970944000000
2	0	1	0	5	0	1	-1694607450648125364935212400640000000
2	0	1	0	5	0	0	72359512224505350343765056552960000000
2	0	1	0	4	2	0	-242636465230528292025909903360000000
2	0	1	0	4	1	1	2084825530672071177887079727104000000
2	0	1	0	4	1	0	-745016720939927475939920825769000960000
2	0	1	0	4	0	1	1126475734098111905447870981367398400000
2	0	1	0	4	0	0	-126564520626407189634631406348882411520000
2	0	1	0	3	3	0	-32206650845050397060062248960000000
2	0	1	0	3	2	1	-507303726077080011794049662976000000
2	0	1	0	3	2	0	195575894906607056936602977435648000000
2	0	1	0	3	1	1	-1216035237116452482843833601034813440000
2	0	1	0	3	1	0	268459007574606060560032060365204357120000
2	0	1	0	3	0	1	-289867465412053496501589841250699182080000
2	0	1	0	3	0	0	39076516072844789387223959497249747107840000
2	0	1	0	2	4	0	8652102221857464079456665600000000
2	0	1	0	2	3	1	-63989668551555383570517196800000000
2	0	1	0	2	3	0	15428195519954009538758110189977600000
2	0	1	0	2	2	1	298547211303501064150885859076341760000
2	0	1	0	2	2	0	-57200528463170568612643148212052951040000
2	0	1	0	2	1	1	252660579452910814874039005594024673280000
2	0	1	0	2	1	0	-45143843522153927619197397499658751836160000
2	0	1	0	2	0	1	36356324189798373875845974758024407941120000
2	0	1	0	2	0	0	-5250537419572851659362138493072410606632960000
2	0	1	0	1	5	0	676148655750808734793728000000000
2	0	1	0	1	4	1	14717155663942218430556405760000000
2	0	1	0	1	4	0	-3986983319133718885501299326976000000
2	0	1	0	1	3	1	6837259104603366671047421067264000000
2	0	1	0	1	3	0	-1967034060593810080760155760728473600000
2	0	1	0	1	2	1	-51075261272913625319284829114974863360000
2	0	1	0	1	2	0	7123520859793166344292298144494189936640000
2	0	1	0	1	1	1	-22453256777171930538935413074389977006080000
2	0	1	0	1	1	0	3558850650666209248226339252579741311303680000
2	0	1	0	1	0	1	-2233261337964552273610453743672905689989120000
2	0	1	0	1	0	0	331381161995774576992742472104947580434022400000
2	0	1	0	0	6	0	-21671431274064382525440000000000
2	0	1	0	0	5	1	1362699598513168373199667200000000
2	0	1	0	0	5	0	-123968865374394960639641518080000000
2	0	1	0	0	4	1	-4527554592801010459918246871040000000
2	0	1	0	0	4	0	482385449790327015131643557644861440000
2	0	1	0	0	3	1	1009532289092937944289625086634229760000
2	0	1	0	0	3	0	12734455560043761877891549355712184320000
2	0	1	0	0	2	1	2652876122769453728910794934444451430400000
2	0	1	0	0	2	0	-310606792287361983071235065914860522700800000
2	0	1	0	0	1	1	726054929910506895141640277034325361295360000
2	0	1	0	0	1	0	-106136289598422979419943305445825892348067840000
2	0	1	0	0	0	1	53927452625041841814559402095121179623424000000
2	0	1	0	0	0	0	-8051364985511464855919227864963340603885813760000
2	0	0	6	0	0	1	-362048348722338090565632000000000
2	0	0	6	0	0	0	2836045398324981709430784000000000
2	0	0	5	1	0	1	28239771200342371064119296000000000
2	0	0	5	1	0	0	-102568297193038381057243545600000000
2	0	0	5	0	1	1	5315528028968872875122688000000000
2	0	0	5	0	1	0	-36056724184120125292240896000000000
2	0	0	5	0	0	2	872865655283309651072778240000000
2	0	0	5	0	0	1	-2225433655422613167384996937728000000
2	0	0	5	0	0	0	14385989951596599119155272941568000000
2	0	0	4	2	0	1	-600334089917432128252308357120000000
2	0	0	4	2	0	0	-3790950331735806572218242170880000000
2	0	0	4	1	1	1	-28299015475587844569848217600000000
2	0	0	4	1	1	0	-1964112291818684141318553600000000000
2	0	0	4	1	0	2	2507800692056854221744334700544000000
2	0	0	4	1	0	1	192677673571766495378493632033587200000
2	0	0	4	1	0	0	972273124940723595712430197545369600000
2	0	0	4	0	2	1	-4755998762761623098793984000000000
2	0	0	4	0	2	0	-42112805653657416988975104000000000
2	0	0	4	0	1	2	52606941608805623970424750080000000
2	0	0	4	0	1	1	11754999511240638325847100309504000000
2	0	0	4	0	1	0	269967603569399428276690602541056000000
2	0	0	4	0	0	2	-354556482947891893603641800817377280000
2	0	0	4	0	0	1	-14611268043476409637083932775108771840000
2	0	0	4	0	0	0	-61466248670987320764675964989258792960000
2	0	0	3	3	0	1	-209582548108387073866633052160000000
2	0	0	3	3	0	0	-10733102873854678974511081193472000000
2	0	0	3	2	1	1	483148913481885533920501432320000000
2	0	0	3	2	1	0	4673678184038312712878028226560000000
2	0	0	3	2	0	2	963809567403461180600388157440000000
2	0	0	3	2	0	1	132279975797126683640628069885542400000
2	0	0	3	2	0	0	3856409038677221222267458801819975680000
2	0	0	3	1	2	1	-829419853436629080204902400000000
2	0	0	3	1	2	0	1983314019695467054230916300800000000
2	0	0	3	1	1	2	-1286014297867988479387586592768000000
2	0	0	3	1	1	1	-167903152560455920650967373394739200000
2	0	0	3	1	1	0	-1464140455589870633472752596982169600000
2	0	0	3	1	0	2	-58045798890543333108424332760842240000
2	0	0	3	1	0	1	-18276628016651935587473563700322631680000
2	0	0	3	1	0	0	-443244479850789280750372120418215526400000
2	0	0	3	0	3	1	-1119058532414499552657408000000000
2	0	0	3	0	3	0	47812324355513618141970432000000000
2	0	0	3	0	2	2	-17708113870872030862374666240000000
2	0	0	3	0	2	1	-7062528878527030179525453348864000000
2	0	0	3	0	2	0	-304523556150494889637348824317952000000
2	0	0	3	0	1	2	192008146042937951249517217919139840000
2	0	0	3	0	1	1	14989238729198783917522174706844303360000
2	0	0	3	0	1	0	116631065871523795915944458540266291200000
2	0	0	3	0	0	2	-11055213812817172783860755340262440960000
2	0	0	3	0	0	1	597633689689249937188404107828734525440000
2	0	0	3	0	0	0	16213854647316281935061370093895605288960000
2	0	0	2	4	0	1	1067932566032885776389082447872000000
2	0	0	2	4	0	0	4769879828105582531127394172928000000
2	0	0	2	3	1	1	-18057655094820324546175303680000000
2	0	0	2	3	1	0	11250103966211828069605088428032000000
2	0	0	2	3	0	2	-3964010758964534078919852687360000000
2	0	0	2	3	0	1	-551342672834099369271606973201121280000
2	0	0	2	3	0	0	-2444811589206421228286531459528785920000
2	0	0	2	2	2	1	-129531683396703272925714186240000000
2	0	0	2	2	2	0	-2508544800153937368976289955840000000
2	0	0	2	2	1	2	243543736450102306290680070144000000
2	0	0	2	2	1	1	-35502406360332935341334805164851200000
2	0	0	2	2	1	0	-4277173079112549656410630817033748480000
2	0	0	2	2	0	2	1567434823262627768906444271334195200000
2	0	0	2	2	0	1	113309429497726907445044224691121684480000
2	0	0	2	2	0	0	514368939038888171132717798919807959040000
2	0	0	2	1	3	1	7188305396450785361775820800000000
2	0	0	2	1	3	0	-700872941548450566885526732800000000
2	0	0	2	1	2	2	118224321023352199622292209664000000
2	0	0	2	1	2	1	47159270382456438352255592261222400000
2	0	0	2	1	2	0	849459165080639026442535898133299200000
2	0	0	2	1	1	2	-118234605746592828479223842433269760000
2	0	0	2	1	1	1	6353737980650937902612194536843509760000
2	0	0	2	1	1	0	519895819523982643947314347971611197440000
2	0	0	2	1	0	2	-202286454286291576964949151882487070720000
2	0	0	2	1	0	1	-10646108947159320159939985251344774922240000
2	0	0	2	1	0	0	-49585518829213284388541983424098479636480000
2	0	0	2	0	4	1	1053231559919528990736384000000000
2	0	0	2	0	4	0	-6846005139476938439786496000000000
2	0	0	2	0	3	2	-13871059644140196807998177280000000
2	0	0	2	0	3	1	821448602029323114979637919744000000
2	0	0	2	0	3	0	116048903228247045047619302129664000000
2	0	0	2	0	2	2	-18213067165903810956290651435827200000
2	0	0	2	0	2	1	-4745950359438396232346661978587136000000
2	0	0	2	0	2	0	-76017315302760133114298735265898168320000
2	0	0	2	0	1	2	12144528420094955709895954042838384640000
2	0	0	2	0	1	1	-104964702979153476769175663211564564480000
2	0	0	2	0	1	0	-19455266971699131416469964038115284418560000
2	0	0	2	0	0	2	8477542150934635220568814579025480417280000
2	0	0	2	0	0	1	374026541353051850985292974990984208711680000
2	0	0	2	0	0	0	1772802935017587954310748142304210414141440000
2	0	0	1	5	0	0	17661239800297812224641943470080000000
2	0	0	1	4	1	1	-302174241004032706500250042368000000
2	0	0	1	4	1	0	-6801934771315225588227113484288000000
2	0	0	1	4	0	1	-118332866014685946360548510662656000000
2	0	0	1	4	0	0	-10833493435274264341096260794135347200000
2	0	0	1	3	2	1	43366809479686606193570611200000000
2	0	0	1	3	2	0	-3230130593559765392993638416384000000
2	0	0	1	3	1	2	108345930568921947277051822080000000
2	0	0	1	3	1	1	187357569836213287905244784303800320000
2	0	0	1	3	1	0	3567696281325719963382388670406328320000
2	0	0	1	3	0	2	5363123563161636390214065192960000000
2	0	0	1	3	0	1	57086382794133437453061771662107607040000
2	0	0	1	3	0	0	2681206733886711473402682101758600151040000
2	0	0	1	2	3	1	9336897778686624502878044160000000
2	0	0	1	2	3	0	631228004648771712373083340800000000
2	0	0	1	2	2	2	-119180523625814142004757004288000000
2	0	0	1	2	2	1	-11777959083748149874736679931084800000
2	0	0	1	2	2	0	1279450925195297355122258034960629760000
2	0	0	1	2	1	2	-42188280174579672440474823740620800000
2	0	0	1	2	1	1	-44794223827675885961961398878088724480000
2	0	0	1	2	1	0	-742347394970033661787159459000607047680000
2	0	0	1	2	0	2	-1796297790627542684356347925404057600000
2	0	0	1	2	0	1	-10143196549853718769701331073919471452160000
2	0	0	1	2	0	0	-331780707018808269573498325845543066009600000
2	0	0	1	1	4	1	-1500854972885328811799347200000000
2	0	0	1	1	4	0	93237323841876303904938393600000000
2	0	0	1	1	3	2	19261498767808346182586990592000000
2	0	0	1	1	3	1	-3208720660394455195599297812889600000
2	0	0	1	1	3	0	-212541333285963743110355588009164800000
2	0	0	1	1	2	2	29453407841439155679477429625159680000
2	0	0	1	1	2	1	1462529947078370111420043618924625920000
2	0	0	1	1	2	0	-159976736349651661273686657423967518720000
2	0	0	1	1	1	2	5425049113162026004868053270077112320000
2	0	0	1	1	1	1	4707148991113260041837523955393155563520000
2	0	0	1	1	1	0	70735081886085727114982984989556791050240000
2	0	0	1	1	0	2	198707895162147204848906311727822929920000
2	0	0	1	1	0	1	786722828872466028081200234307253178204160000
2	0	0	1	1	0	0	20394083562670573403332408750302162290933760000
2	0	0	1	0	5	1	-131653944989941123842048000000000
2	0	0	1	0	5	0	-1974809174849116857630720000000000
2	0	0	1	0	4	2	4012812243293405454705623040000000
2	0	0	1	0	4	1	109318589914507632299996872704000000
2	0	0	1	0	4	0	-16185147354617751458943799394304000000
2	0	0	1	0	3	2	-3529440918903011713848147805470720000
2	0	0	1	0	3	1	349293181035697469548995889582571520000
2	0	0	1	0	3	0	19698138813353704194165324550597509120000
2	0	0	1	0	2	2	-1850078462383896233854270451059261440000
2	0	0	1	0	2	1	-106784911660657996414353553608938618880000
2	0	0	1	0	2	0	5769091522434174072474354478037717483520000
2	0	0	1	0	1	2	-229066683718900780988237790332178923520000
2	0	0	1	0	1	1	-178765282872603988439236086589696634388480000
2	0	0	1	0	1	0	-2519734239638115772941536363705032008007680000
2	0	0	1	0	0	2	-7257814537336948548152627802277381079040000
2	0	0	1	0	0	1	-22502415449016070025992534979190078814126080000
2	0	0	1	0	0	0	-496190710905587317534886415799459177458401280000
2	0	0	0	6	0	0	-1407643979832450496119177216000000000
2	0	0	0	5	1	0	-3863769445249192907226517340160000000
2	0	0	0	5	0	1	6500755834135316836623109324800000000
2	0	0	0	5	0	0	-42342570751532762037126723010560000000
2	0	0	0	4	2	0	1599652306132020309246382964736000000
2	0	0	0	4	1	1	-8884366306651599676718249410560000000
2	0	0	0	4	1	0	2885949307254487744999970963088998400000
2	0	0	0	4	0	1	-3628299357485115062608639122997248000000
2	0	0	0	4	0	0	292471885855518647846347907412118732800000
2	0	0	0	3	3	0	181865706377544748946414370816000000
2	0	0	0	3	2	1	2773655822564401850292526645248000000
2	0	0	0	3	2	0	-906789310307056860789071519353405440000
2	0	0	0	3	1	1	4193845612787385221444339764926873600000
2	0	0	0	3	1	0	-841710379036166831532121833197807861760000
2	0	0	0	3	0	1	805572323810346630519067363168695091200000
2	0	0	0	3	0	0	-84662561612363948083375254954839746805760000
2	0	0	0	2	4	0	-53146064513539432872557936640000000
2	0	0	0	2	3	1	250399483981508500373630877696000000
2	0	0	0	2	3	0	-74723164864740299640280674195210240000
2	0	0	0	2	2	1	-1178740450566418535957114025966305280000
2	0	0	0	2	2	0	201497910135915090660483381945190318080000
2	0	0	0	2	1	1	-735318999400829887223942078058064773120000
2	0	0	0	2	1	0	118956536419087555599348588018280041676800000
2	0	0	0	2	0	1	-88927663437767822521912161681402227589120000
2	0	0	0	2	0	0	10364639599390740000949569111478911378063360000
2	0	0	0	1	5	0	-2422432587814916678693683200000000
2	0	0	0	1	4	1	-115568992606850077095521943552000000
2	0	0	0	1	4	0	16999348538629323304997056413696000000
2	0	0	0	1	3	1	-15483933629465773329258029997096960000
2	0	0	0	1	3	0	8859355070019840431389672350689525760000
2	0	0	0	1	2	1	160664763925958097531601446786910126080000
2	0	0	0	1	2	0	-20196482732783964559303362977756921856000000
2	0	0	0	1	1	1	56742079533201758408764076316461251952640000
2	0	0	0	1	1	0	-8127478987983625490625543223321348760862720000
2	0	0	0	1	0	1	4880727084469493140794323081960766143201280000
2	0	0	0	1	0	0	-597493372837593423802800570161853267624591360000
2	0	0	0	0	6	0	351077186639842996912128000000000
2	0	0	0	0	5	1	-10700832648782414545881661440000000
2	0	0	0	0	5	0	460598172552448498699844714496000000
2	0	0	0	0	4	1	21317856376259565221039977707601920000
2	0	0	0	0	4	0	-1564838923015601481835164709394841600000
2	0	0	0	0	3	1	-3211579781060580313601378790172262400000
2	0	0	0	0	3	0	-205722182743051875998691313558082027520000
2	0	0	0	0	2	1	-7039969467297786285005502338732894453760000
2	0	0	0	0	2	0	745521641654989346567890423194986858741760000
2	0	0	0	0	1	1	-1626007680559725226889385337837640574566400000
2	0	0	0	0	1	0	215029906474467807504761795440636086452551680000
2	0	0	0	0	0	1	-106549336017357437290502127809669767119175680000
2	0	0	0	0	0	0	13348925557162473225028676970665143623991541760000
2	1	11	0	0	0	0	902048162391310141532160000000000
2	1	10	0	0	0	1	-4969406373803064690647040000000000
2	1	10	0	0	0	0	-42352134342908297656380825600000000
2	1	9	1	0	0	0	5710831630869871986923520000000000
2	1	9	0	1	0	1	-468789530525563167055872000000000
2	1	9	0	1	0	0	12077359287461795682127872000000000
2	1	9	0	0	1	0	-4368553988751132044451840000000000
2	1	9	0	0	0	2	3635977334320221637165056000000000
2	1	9	0	0	0	1	252151621287266768019393576960000000
2	1	9	0	0	0	0	-1449111904725901132342679961600000000
2	1	8	1	0	0	2	83428112669499298990080000000000
2	1	8	1	0	0	1	-13352463876747330433105920000000000
2	1	8	1	0	0	0	-338571476856141682969038643200000000
2	1	8	0	2	0	0	1189675459761673619496960000000000
2	1	8	0	1	0	2	411620075583421317414912000000000
2	1	8	0	1	0	1	-46400823653526916894597939200000000
2	1	8	0	1	0	0	-1258127176860744245567770705920000000
2	1	8	0	0	1	1	18674015928182624368263168000000000
2	1	8	0	0	1	0	266146981557617834474640998400000000
2	1	8	0	0	0	2	-141367612005583629943702487040000000
2	1	8	0	0	0	1	6284846537989116143092828176384000000
2	1	8	0	0	0	0	148601405644532103605012366598144000000
2	1	7	2	0	0	0	12392418217172524001095680000000000
2	1	7	1	1	0	1	-887276220660692598472704000000000
2	1	7	1	1	0	0	38061565681938547420717056000000000
2	1	7	1	0	1	0	-24641461773332133439057920000000000
2	1	7	1	0	0	2	-31628470452806855110186598400000000
2	1	7	1	0	0	1	1049421496992239068936953200640000000
2	1	7	1	0	0	0	3278618035010901174405794365440000000
2	1	7	0	2	0	1	-12328105708729590389548646400000000
2	1	7	0	2	0	0	-95257432327930235895486873600000000
2	1	7	0	1	1	1	1730089219286094152859648000000000
2	1	7	0	1	1	0	-26866480525883173248049152000000000
2	1	7	0	1	0	2	46003365640897912574900305920000000
2	1	7	0	1	0	1	7548430215721534489300300922880000000
2	1	7	0	1	0	0	44376015241511964775614058463232000000
2	1	7	0	0	2	0	7752234108128792925265920000000000
2	1	7	0	0	1	2	-11822458041834486613180416000000000
2	1	7	0	0	1	1	-1342281839204620012377483509760000000
2	1	7	0	0	1	0	-1680513329068825930638583726080000000
2	1	7	0	0	0	2	-6646746960996364058725454708736000000
2	1	7	0	0	0	1	-804680239418490552616709120655360000000
2	1	7	0	0	0	0	-3976196734209552802149317995914854400000
2	1	6	2	0	0	2	81126777230384244480000000000000
2	1	6	2	0	0	1	13100624761254005032611840000000000
2	1	6	2	0	0	0	-923490932170677078638230732800000000
2	1	6	1	2	0	0	5294488681106968703754240000000000
2	1	6	1	1	0	2	-6199982030637836911742976000000000
2	1	6	1	1	0	1	-31180469294754264305789337600000000
2	1	6	1	1	0	0	-3406451254294599168619682856960000000
2	1	6	1	0	1	2	-224050995203217704755200000000000
2	1	6	1	0	1	1	70528687332311664028311552000000000
2	1	6	1	0	1	0	1500402044862822507920485171200000000
2	1	6	1	0	0	2	1858799043282728702011793080320000000
2	1	6	1	0	0	1	-19545813631601928579944495775744000000
2	1	6	1	0	0	0	259433006454472825710740611842048000000
2	1	6	0	3	0	1	-618267874722995113132032000000000
2	1	6	0	3	0	0	-633483025429994481696768000000000
2	1	6	0	2	1	0	-3175541913877746551930880000000000
2	1	6	0	2	0	2	11058028402851968386793472000000000
2	1	6	0	2	0	1	1114832255670180309948810854400000000
2	1	6	0	2	0	0	1026676592606678813134971863040000000
2	1	6	0	1	1	2	-1338391476434092824133632000000000
2	1	6	0	1	1	1	-39406192878616784804177510400000000
2	1	6	0	1	1	0	2915449738775978196104813445120000000
2	1	6	0	1	0	2	-5384232831368212681671886897152000000
2	1	6	0	1	0	1	-339191753653652627761423837691904000000
2	1	6	0	1	0	0	-359891384584879034497633603741286400000
2	1	6	0	0	2	1	-24068803259547651975118848000000000
2	1	6	0	0	2	0	-506909826352937088297337651200000000
2	1	6	0	0	1	2	793734296758916158678190653440000000
2	1	6	0	0	1	1	27676161838960341815881866018816000000
2	1	6	0	0	1	0	-267788624960519580993594177060864000000
2	1	6	0	0	0	2	520597012619568491450359465771008000000
2	1	6	0	0	0	1	25787334085931319523035570875895644160000
2	1	6	0	0	0	0	28167945096743881329332011871582945280000
2	1	5	3	0	0	0	10125380549273296821719040000000000
2	1	5	2	1	0	1	1940857265853082658340864000000000
2	1	5	2	1	0	0	-8506533412036967450001408000000000
2	1	5	2	0	1	0	-46382920392530980628029440000000000
2	1	5	2	0	0	2	-92273710422597304281064243200000000
2	1	5	2	0	0	1	845727330965566389906450677760000000
2	1	5	2	0	0	0	23690506475154434106575490416640000000
2	1	5	1	2	0	2	-359610312704005847531520000000000
2	1	5	1	2	0	1	-30541791898140767517406003200000000
2	1	5	1	2	0	0	-281942964107426562154374758400000000
2	1	5	1	1	1	1	5946008658191106353823744000000000
2	1	5	1	1	1	0	-51814857116572692391231488000000000
2	1	5	1	1	0	2	242846339497773059280429711360000000
2	1	5	1	1	0	1	10215746599200020946774501949440000000
2	1	5	1	1	0	0	129968912882953921595352106991616000000
2	1	5	1	0	2	0	36229741968593931662868480000000000
2	1	5	1	0	1	2	10161002713603289293268582400000000
2	1	5	1	0	1	1	-5261529145776954945238909255680000000
2	1	5	1	0	1	0	-27714827904964395759698361384960000000
2	1	5	1	0	0	2	-41174889780632969846576507682816000000
2	1	5	1	0	0	1	-604126129105960297162474481595187200000
2	1	5	1	0	0	0	-10957602998507763534461937342952243200000
2	1	5	0	3	0	2	542869353415312782262272000000000
2	1	5	0	3	0	1	55427719483798027322366361600000000
2	1	5	0	3	0	0	-209305240473804146027837521920000000
2	1	5	0	2	1	1	14975988403364006383248998400000000
2	1	5	0	2	1	0	228729929453392451823717580800000000
2	1	5	0	2	0	2	-628511209009961179186546606080000000
2	1	5	0	2	0	1	-35200341470553825498080408764416000000
2	1	5	0	2	0	0	112574351684750994679517166698496000000
2	1	5	0	1	2	1	-2179694498019333874089984000000000
2	1	5	0	1	2	0	8380793961832239730556928000000000
2	1	5	0	1	1	2	22515305972160812548789370880000000
2	1	5	0	1	1	1	-6487311956326593178407356989440000000
2	1	5	0	1	1	0	-106454051726687897263023108390912000000
2	1	5	0	1	0	2	168139018896995577384250882523136000000
2	1	5	0	1	0	1	6533517979943531295658989675046502400000
2	1	5	0	1	0	0	-17248148102437487408016432171099095040000
2	1	5	0	0	3	0	-6237108152165969314283520000000000
2	1	5	0	0	2	2	11715575746759205193252864000000000
2	1	5	0	0	2	1	1781205614132272644071410237440000000
2	1	5	0	0	2	0	10699282101217617787440731258880000000
2	1	5	0	0	1	2	-13504162434030301946603020222464000000
2	1	5	0	0	1	1	391029716020233909800638099095552000000
2	1	5	0	0	1	0	8904373060013656149350740316966092800000
2	1	5	0	0	0	2	-11955495623361548939735898245918883840000
2	1	5	0	0	0	1	-364191535824101042841296743832616960000000
2	1	5	0	0	0	0	808130923098422520628655727061845934080000
2	1	4	3	0	0	2	-790330009276035450224640000000000
2	1	4	3	0	0	1	56261451049081892128677888000000000
2	1	4	3	0	0	0	-878924267343936341329180262400000000
2	1	4	2	2	0	0	6125565496059760623206400000000000
2	1	4	2	1	0	2	-16492094646008458004250624000000000
2	1	4	2	1	0	1	299425199359057929215734579200000000
2	1	4	2	1	0	0	-1407707433783220956631211704320000000
2	1	4	2	0	1	2	-483035886132075651133440000000000
2	1	4	2	0	1	1	84108653301657617763508224000000000
2	1	4	2	0	1	0	2791467954971103135378146918400000000
2	1	4	2	0	0	2	5696334324093453634005934325760000000
2	1	4	2	0	0	1	-73788605117960722275068583837696000000
2	1	4	2	0	0	0	-204077234225306330539484923330560000000
2	1	4	1	3	0	1	-2159287233569589913878528000000000
2	1	4	1	3	0	0	-889883146691268707450880000000000
2	1	4	1	2	1	0	-11357184452064365467238400000000000
2	1	4	1	2	0	2	1398538727982652345801113600000000
2	1	4	1	2	0	1	2036684269747678864624604282880000000
2	1	4	1	2	0	0	8856046966082405669015640145920000000
2	1	4	1	1	1	2	1671883199571335660642304000000000
2	1	4	1	1	1	1	-436785245748104751266970009600000000
2	1	4	1	1	1	0	5790050065774903955904992378880000000
2	1	4	1	1	0	2	-968789815906510330636045418496000000
2	1	4	1	1	0	1	-510450029444982680587683511566336000000
2	1	4	1	1	0	0	-2903044615580110461935376812684083200000
2	1	4	1	0	2	2	165583279578398172733440000000000
2	1	4	1	0	2	1	-76371342827812050141167616000000000
2	1	4	1	0	2	0	-2017040320062175212438523084800000000
2	1	4	1	0	1	2	84844303580900279518573363200000000
2	1	4	1	0	1	1	154499195413987038496909465878528000000
2	1	4	1	0	1	0	-166176474459682151914652046311424000000
2	1	4	1	0	0	2	307376691144167858171912546726707200000
2	1	4	1	0	0	1	35254433045814178410439122916296622080000
2	1	4	1	0	0	0	211368225586463637316693216473226936320000
2	1	4	0	4	0	1	991793052257556466276761600000000
2	1	4	0	4	0	0	-9752144073328972136448000000000000
2	1	4	0	3	1	1	937831188385136153788416000000000
2	1	4	0	3	1	0	1121496568432831795691520000000000
2	1	4	0	3	0	2	-10227658618344492817821204480000000
2	1	4	0	3	0	1	-956548901097986294265359892480000000
2	1	4	0	3	0	0	13960646730703282004303471050752000000
2	1	4	0	2	2	0	2275500283776760165171200000000000
2	1	4	0	2	1	2	-10330771288346491149877248000000000
2	1	4	0	2	1	1	-1419067527624933865241804144640000000
2	1	4	0	2	1	0	-3658415995686072219868289433600000000
2	1	4	0	2	0	2	7341435162041824908213757673472000000
2	1	4	0	2	0	1	255918830745948457478219702245785600000
2	1	4	0	2	0	0	-4724722604422800062246041910142566400000
2	1	4	0	1	2	2	1326291593972740210556928000000000
2	1	4	0	1	2	1	162119399271418999572008140800000000
2	1	4	0	1	2	0	-1538029268399892253975994695680000000
2	1	4	0	1	1	2	4310940365231419646201664110592000000
2	1	4	0	1	1	1	416847534337477616547093446393856000000
2	1	4	0	1	1	0	1256703380161119663271364944782950400000
2	1	4	0	1	0	2	-1438697494478696209604647447748935680000
2	1	4	0	1	0	1	-25640543924321895422530083309551616000000
2	1	4	0	1	0	0	579168231552659687775485701328000778240000
2	1	4	0	0	3	1	12547036326640808669478912000000000
2	1	4	0	0	3	0	354057839178225688644039475200000000
2	1	4	0	0	2	2	-846501904038353574378547445760000000
2	1	4	0	0	2	1	-54751436201865429408518728187904000000
2	1	4	0	0	2	0	30947325866443144690106939375616000000
2	1	4	0	0	1	2	-302351698341451199547302924648448000000
2	1	4	0	0	1	1	-30258872921317314615555345960098856960000
2	1	4	0	0	1	0	-91890374453564583046214040127871385600000
2	1	4	0	0	0	2	80800122717691902408496353513905848320000
2	1	4	0	0	0	1	813405655906656878820949922512502784000000
2	1	4	0	0	0	0	-23651459326332118198605424821640906014720000
2	1	3	4	0	0	0	1976953743568946145484800000000000
2	1	3	3	1	0	1	3489506774460754293768192000000000
2	1	3	3	1	0	0	-75170068303001568837304320000000000
2	1	3	3	0	1	0	-30849056674554877020979200000000000
2	1	3	3	0	0	2	-21139885243489768383047270400000000
2	1	3	3	0	0	1	-1207533483383890749277042114560000000
2	1	3	3	0	0	0	25266710396399893978512578641920000000
2	1	3	2	2	0	2	-658269724949705619210240000000000
2	1	3	2	2	0	1	3990577354806215398234521600000000
2	1	3	2	2	0	0	-243301366413447861346172928000000000
2	1	3	2	1	1	1	6974408369775769906249728000000000
2	1	3	2	1	1	0	79313375069711752971386880000000000
2	1	3	2	1	0	2	728435816428663173993655173120000000
2	1	3	2	1	0	1	-9730043276822790353343774720000000000
2	1	3	2	1	0	0	55062090631044880244867956211712000000
2	1	3	2	0	2	0	52891836953263383601152000000000000
2	1	3	2	0	1	2	27733391119334764185934233600000000
2	1	3	2	0	1	1	-5770940706956068923907048734720000000
2	1	3	2	0	1	0	-63001671180053327840130522808320000000
2	1	3	2	0	0	2	-133534624290590269071592451407872000000
2	1	3	2	0	0	1	1494468360939581763701131780345036800000
2	1	3	2	0	0	0	-886290165569309600164391944814592000000
2	1	3	1	3	0	2	-380333618859829913321472000000000
2	1	3	1	3	0	1	80457139033778685920123289600000000
2	1	3	1	3	0	0	146648841717091751399050444800000000
2	1	3	1	2	1	2	219423241649901873070080000000000
2	1	3	1	2	1	1	11758160109212741704915353600000000
2	1	3	1	2	1	0	505375610168053994055008256000000000
2	1	3	1	2	0	2	348720776067404517374798069760000000
2	1	3	1	2	0	1	-59430632886932666535723783684096000000
2	1	3	1	2	0	0	-179545299921349185961236491403264000000
2	1	3	1	1	2	1	-6667215831465907283951616000000000
2	1	3	1	1	2	0	-31832623612691319882055680000000000
2	1	3	1	1	1	2	-683722820981094236486369280000000
2	1	3	1	1	1	1	6757972047319794141862173081600000000
2	1	3	1	1	1	0	-206822089784379955527701003501568000000
2	1	3	1	1	0	2	-67140705365574965741224359493632000000
2	1	3	1	1	0	1	12256602441274180125415386829239091200000
2	1	3	1	1	0	0	40214303885079189235346925667528212480000
2	1	3	1	0	3	0	-20809088904617237304115200000000000
2	1	3	1	0	2	2	6500291632077426377549414400000000
2	1	3	1	0	2	1	4512191682663679308049388666880000000
2	1	3	1	0	2	0	42612291846498146883467189944320000000
2	1	3	1	0	1	2	-18546012043323130684375553802240000000
2	1	3	1	0	1	1	-2058529879544425983336877391373926400000
2	1	3	1	0	1	0	14655704880633826407837500341990195200000
2	1	3	1	0	0	2	1550704749003125915360338801510318080000
2	1	3	1	0	0	1	-744102939417229766648097621023116492800000
2	1	3	1	0	0	0	-2404756261874916639722500601929476341760000
2	1	3	0	4	0	2	702154373279685993824256000000000
2	1	3	0	4	0	1	38757751147749867382442557440000000
2	1	3	0	4	0	0	470682162584304709100151767040000000
2	1	3	0	3	1	2	-585128644399738328186880000000000
2	1	3	0	3	1	1	-77987896154411790175174656000000000
2	1	3	0	3	1	0	323665860078529922030999961600000000
2	1	3	0	3	0	2	-666612723213014848188859809792000000
2	1	3	0	3	0	1	-35480903649169769121431147249664000000
2	1	3	0	3	0	0	-350846647873171453641964085732966400000
2	1	3	0	2	2	1	514913207071769728804454400000000
2	1	3	0	2	2	0	-147549939829467348424458240000000000
2	1	3	0	2	1	2	800778196379024822199040081920000000
2	1	3	0	2	1	1	55566829094632047363857401774080000000
2	1	3	0	2	1	0	-138036171782683301205320955592704000000
2	1	3	0	2	0	2	211020249912630881160775858126848000000
2	1	3	0	2	0	1	10312019632626416532956549393924751360000
2	1	3	0	2	0	0	85520593339844017806546259362321530880000
2	1	3	0	1	3	1	1107410138104689947049984000000000
2	1	3	0	1	3	0	6149268624015768541593600000000000
2	1	3	0	1	2	2	-90824058269490316460052971520000000
2	1	3	0	1	2	1	-4134182162272258244270901166080000000
2	1	3	0	1	2	0	70873620414870357547047379795968000000
2	1	3	0	1	1	2	-222124391880632702038489466142720000000
2	1	3	0	1	1	1	-11126343953250316441157832864851558400000
2	1	3	0	1	1	0	16677408393345551707467532655056650240000
2	1	3	0	1	0	2	-27095753062487140857708440832017694720000
2	1	3	0	1	0	1	-1198914929934389068491937504625853726720000
2	1	3	0	1	0	0	-8511023235470329138258312381303042867200000
2	1	3	0	0	4	0	2320649098931060962099200000000000
2	1	3	0	0	3	2	-3445757572576236821544960000000000
2	1	3	0	0	3	1	-728518427924679907419842150400000000
2	1	3	0	0	3	0	-7759757048873442739700217937920000000
2	1	3	0	0	2	2	25803238884609082770878959190016000000
2	1	3	0	0	2	1	877683323269957733512854650486784000000
2	1	3	0	0	2	0	-5447773970623818459771517264527360000000
2	1	3	0	0	1	2	15761714426280258361204912014376304640000
2	1	3	0	0	1	1	657180900874146986790863502293965209600000
2	1	3	0	0	1	0	-607629698034774638186059468296392540160000
2	1	3	0	0	0	2	1223983386250139163948331395715726049280000
2	1	3	0	0	0	1	48818318745533227066851011404351010242560000
2	1	3	0	0	0	0	299561262098690487643070816772021554380800000
2	1	2	4	0	0	2	-1206827829074460301885440000000000
2	1	2	4	0	0	1	33224742179159030654533632000000000
2	1	2	4	0	0	0	-109433481549192866475565056000000000
2	1	2	3	2	0	0	670459905041366834380800000000000
2	1	2	3	1	0	2	-7596920233123269294292992000000000
2	1	2	3	1	0	1	281172598904211758516551680000000000
2	1	2	3	1	0	0	1623617400516412245295988736000000000
2	1	2	3	0	1	2	18285270137491822755840000000000
2	1	2	3	0	1	1	34496584302055684103995392000000000
2	1	2	3	0	1	0	1668445975124823586671378432000000000
2	1	2	3	0	0	2	2269694946184921616896380764160000000
2	1	2	3	0	0	1	-35377974205701335185213260693504000000
2	1	2	3	0	0	0	-294432116041314940118745423347712000000
2	1	2	2	3	0	1	-1609103772099280402513920000000000
2	1	2	2	3	0	0	-2413655658148920603770880000000000
2	1	2	2	2	1	0	-9508340471495747833036800000000000
2	1	2	2	2	0	2	15023177944963281576198144000000000
2	1	2	2	2	0	1	731538363544152053189144739840000000
2	1	2	2	2	0	0	4342196078006450352969386557440000000
2	1	2	2	1	1	2	936205831039581325099008000000000
2	1	2	2	1	1	1	-724627701689468943664093593600000000
2	1	2	2	1	1	0	793187224953786283577750323200000000
2	1	2	2	1	0	2	-9676733415297395287055213002752000000
2	1	2	2	1	0	1	-20373396437359817297610214735872000000
2	1	2	2	1	0	0	-811060600850406934886302173521510400000
2	1	2	2	0	2	2	237708511787393695825920000000000
2	1	2	2	0	2	1	-62855006588623557662441472000000000
2	1	2	2	0	2	0	-2205432753967237055199510528000000000
2	1	2	2	0	1	2	-676382601560341169061137940480000000
2	1	2	2	0	1	1	167990017575903680268593492262912000000
2	1	2	2	0	1	0	521598474183678947146914071445504000000
2	1	2	2	0	0	2	1367536396799495527198321164160204800000
2	1	2	2	0	0	1	-7518523864564687247173270468657152000000
2	1	2	2	0	0	0	30258631728550228166014692606427791360000
2	1	2	1	4	0	0	-1930924526519136483016704000000000
2	1	2	1	3	1	1	1901668094299149566607360000000000
2	1	2	1	3	1	0	-1316539449899411238420480000000000
2	1	2	1	3	0	2	9461530179943768766781849600000000
2	1	2	1	3	0	1	-2011273806839464150504998174720000000
2	1	2	1	3	0	0	-3132094746730895715006905057280000000
2	1	2	1	2	2	0	4388464832998037461401600000000000
2	1	2	1	2	1	2	-643641508839712161005568000000000
2	1	2	1	2	1	1	-988169350562788886810300252160000000
2	1	2	1	2	1	0	-12373620067152229268820456898560000000
2	1	2	1	2	0	2	-5745776105352086906503974617088000000
2	1	2	1	2	0	1	1057767490055448511938726680435097600000
2	1	2	1	2	0	0	2035551140554261546952623605429043200000
2	1	2	1	1	2	2	1587161447934290215206912000000000
2	1	2	1	1	2	1	448628371412556371641624166400000000
2	1	2	1	1	2	0	-791582509646520001212697804800000000
2	1	2	1	1	1	2	-3028514191611261896635356413952000000
2	1	2	1	1	1	1	66515323771298154747647076728832000000
2	1	2	1	1	1	0	3880879935942859582836308954421657600000
2	1	2	1	1	0	2	898646492315605943221652972100648960000
2	1	2	1	1	0	1	-170039249682210506069526244160777748480000
2	1	2	1	1	0	0	-340289741368645309071783470651937914880000
2	1	2	1	0	3	2	-36570540274983645511680000000000
2	1	2	1	0	3	1	22291775994284475475230720000000000
2	1	2	1	0	3	0	817599442141081588561182720000000000
2	1	2	1	0	2	2	-544390379072856446498106900480000000
2	1	2	1	0	2	1	-109912951654864540739107210395648000000
2	1	2	1	0	2	0	-341490053330221024715555882926080000000
2	1	2	1	0	1	2	559819417502804789301912371920896000000
2	1	2	1	0	1	1	9361155100598044663639026152964096000000
2	1	2	1	0	1	0	-260099162614087749721365483252683243520000
2	1	2	1	0	0	2	-29799974797547957142970251355855257600000
2	1	2	1	0	0	1	8601352905449757339064531384096519618560000
2	1	2	1	0	0	0	17023409484240339291223261365613007339520000
2	1	2	0	5	0	1	2317109431822963779620044800000000
2	1	2	0	5	0	0	4634218863645927559240089600000000
2	1	2	0	4	1	1	-1579847339879293486104576000000000
2	1	2	0	4	1	0	16149550585432777857957888000000000
2	1	2	0	4	0	2	-32608049095108617553198448640000000
2	1	2	0	4	0	1	-3312265803528529941807224586240000000
2	1	2	0	4	0	0	-10509725888698135849570526035968000000
2	1	2	0	3	2	1	-292564322199869164093440000000000
2	1	2	0	3	2	0	-877692966599607492280320000000000
2	1	2	0	3	1	2	29981991739042591936295731200000000
2	1	2	0	3	1	1	2850988998774306626594348728320000000
2	1	2	0	3	1	0	-18947151276434763560011809423360000000
2	1	2	0	3	0	2	25138610917757871835099309277184000000
2	1	2	0	3	0	1	1436812255857015201784315820271206400000
2	1	2	0	3	0	0	4865997477788001699276176795353743360000
2	1	2	0	2	3	0	-487607203666448606822400000000000
2	1	2	0	2	2	2	-1872411662079162650198016000000000
2	1	2	0	2	2	1	30249395529533272352277135360000000
2	1	2	0	2	2	0	4947691002567488173276303196160000000
2	1	2	0	2	1	2	-21948324776264235503511222091776000000
2	1	2	0	2	1	1	-1124107902403564245047444760271257600000
2	1	2	0	2	1	0	5650056522859590372198791285755084800000
2	1	2	0	2	0	2	-6582535076229671512374118022318653440000
2	1	2	0	2	0	1	-268495390438530673174772936619566039040000
2	1	2	0	2	0	0	-906179913279202894005113222469711298560000
2	1	2	0	1	3	2	-390085762933158885457920000000000
2	1	2	0	1	3	1	-69808772920110781244335718400000000
2	1	2	0	1	3	0	55393153550915894632238284800000000
2	1	2	0	1	2	2	2503047165462615187539977306112000000
2	1	2	0	1	2	1	45983121576693018608591208972288000000
2	1	2	0	1	2	0	-1549294046975113861144390703618457600000
2	1	2	0	1	1	2	4405367193395442916846472288041697280000
2	1	2	0	1	1	1	159121327802559918596591573133573488640000
2	1	2	0	1	1	0	-618700450049326942820929023042638315520000
2	1	2	0	1	0	2	711535121330295268347573323665008230400000
2	1	2	0	1	0	1	22914864168587273844405334432858279772160000
2	1	2	0	1	0	0	74982960461688057071770624764087187537920000
2	1	2	0	0	4	1	-2275500283776760165171200000000000
2	1	2	0	0	4	0	-91281693883704734025842688000000000
2	1	2	0	0	3	2	164311925062705185732585062400000000
2	1	2	0	0	3	1	17169509195074278661820810526720000000
2	1	2	0	0	3	0	70613388585182661017070450769920000000
2	1	2	0	0	2	2	-417721310244885871959986811174912000000
2	1	2	0	0	2	1	-7683451391146187510183587400657141760000
2	1	2	0	0	2	0	106696464811220811970373567594020208640000
2	1	2	0	0	1	2	-259029233876006552154575830461547806720000
2	1	2	0	0	1	1	-7467742264956948346664563019031002480640000
2	1	2	0	0	1	0	22656837332175963828240228939742103470080000
2	1	2	0	0	0	2	-27293306833308355926374566141953095761920000
2	1	2	0	0	0	1	-736369388882389606197075943992566753525760000
2	1	2	0	0	0	0	-2297360425771384242442662358348579900293120000
2	1	1	5	0	0	0	111743317506894472396800000000000
2	1	1	4	1	0	1	-268183962016546733752320000000000
2	1	1	4	1	0	0	-9118254708562588947578880000000000
2	1	1	4	0	1	0	-3149129857012480585728000000000000
2	1	1	4	0	0	2	39101221662012513781088256000000000
2	1	1	4	0	0	1	-1076904889657535070597611520000000000
2	1	1	4	0	0	0	2477313631900181885676606259200000000
2	1	1	3	2	0	1	20918349037290645232680960000000000
2	1	1	3	2	0	0	10137353764225466535837696000000000
2	1	1	3	1	1	1	4071520150614845866967040000000000
2	1	1	3	1	1	0	131702705710307768702730240000000000
2	1	1	3	1	0	2	246233836136297883267602841600000000
2	1	1	3	1	0	1	-12480639072237813709503762923520000000
2	1	1	3	1	0	0	-13095407261837459682770367283200000000
2	1	1	3	0	2	0	23364511842350662410240000000000000
2	1	1	3	0	1	2	-592442752454735057289216000000000
2	1	1	3	0	1	1	-1111204155577840398498712780800000000
2	1	1	3	0	1	0	-37023377915581852500920018534400000000
2	1	1	3	0	0	2	-43453858600011039744864310788096000000
2	1	1	3	0	0	1	1139132612074887690482648898758246400000
2	1	1	3	0	0	0	1668813119576220279183724839311769600000
2	1	1	2	3	0	1	50590222594801375855037644800000000
2	1	1	2	3	0	0	101180445189602751710075289600000000
2	1	1	2	2	1	1	-31421408204265948223635456000000000
2	1	1	2	2	1	0	311317695252880777511829504000000000
2	1	1	2	2	0	2	24327893648207920471025909760000000
2	1	1	2	2	0	1	-21901521974358904753906872483840000000
2	1	1	2	2	0	0	-53484433057100100192824842518528000000
2	1	1	2	1	2	1	-5558722121797514117775360000000000
2	1	1	2	1	2	0	-93766865265058067091947520000000000
2	1	1	2	1	1	2	-31737377672241806920856371200000000
2	1	1	2	1	1	1	19708195337001416818138105774080000000
2	1	1	2	1	1	0	-58834881505053885011399890698240000000
2	1	1	2	1	0	2	20708876610393134189567691718656000000
2	1	1	2	1	0	1	2426756253453883633733537236254720000000
2	1	1	2	1	0	0	7510809880924982838584656382326210560000
2	1	1	2	0	3	0	-16659912791936994066432000000000000
2	1	1	2	0	2	2	-7701755781911555744759808000000000
2	1	1	2	0	2	1	2026835888265919591081456435200000000
2	1	1	2	0	2	0	37704662944348216327596579225600000000
2	1	1	2	0	1	2	8294866897560356403154395463680000000
2	1	1	2	0	1	1	-2326644412651618121803409920150732800000
2	1	1	2	0	1	0	-41073217839680608562702292497203200000
2	1	1	2	0	0	2	-4812756661938152242476186204198666240000
2	1	1	2	0	0	1	-57352489273455233123577793037929021440000
2	1	1	2	0	0	0	-290595740864579898376794125968952524800000
2	1	1	1	4	0	1	-30122422613698529135060582400000000
2	1	1	1	3	1	1	-44200617797956233311236915200000000
2	1	1	1	3	1	0	-187405002228348191751693926400000000
2	1	1	1	3	0	2	-15198131409638803336326021120000000
2	1	1	1	3	0	1	36273549805666078966976823164928000000
2	1	1	1	3	0	0	35606321293067697834171379482624000000
2	1	1	1	2	2	1	15096319025513248867221504000000000
2	1	1	1	2	2	0	-169745819740364089007013888000000000
2	1	1	1	2	1	2	-143925848048936835799111434240000000
2	1	1	1	2	1	1	17925402563227162490023520501760000000
2	1	1	1	2	1	0	205410348226667926250701310656512000000
2	1	1	1	2	0	2	10488599696115067973286289814323200000
2	1	1	1	2	0	1	-11214202501788342471860076706922496000000
2	1	1	1	2	0	0	-14315439894615038089356062212620288000000
2	1	1	1	1	3	1	1950428814665794427289600000000000
2	1	1	1	1	3	0	25063010268455458390671360000000000
2	1	1	1	1	2	2	-49738860417199756587525734400000000
2	1	1	1	1	2	1	-10218184020291490788231759790080000000
2	1	1	1	1	2	0	38878636970296920121830982287360000000
2	1	1	1	1	1	2	69701821058537141673625571819520000000
2	1	1	1	1	1	1	-1946986660921343622479520150218342400000
2	1	1	1	1	1	0	-41668424336058891512749640943182807040000
2	1	1	1	1	0	2	-1861632618705730506435075603219087360000
2	1	1	1	1	0	1	1335265743826002140272161710075074314240000
2	1	1	1	1	0	0	1867219101877892338133636508495178629120000
2	1	1	1	0	4	0	4063393363887071723520000000000000
2	1	1	1	0	3	2	1184885504909470114578432000000000
2	1	1	1	0	3	1	-718103029697208194856203059200000000
2	1	1	1	0	3	0	-12703727998562718843265351680000000000
2	1	1	1	0	2	2	9703836808157448926312160559104000000
2	1	1	1	0	2	1	1305485349166805754937463980425216000000
2	1	1	1	0	2	0	-37974476593012143509880004332748800000
2	1	1	1	0	1	2	-6978409846996813754035810916751114240000
2	1	1	1	0	1	1	30059692901880493996913697250400010240000
2	1	1	1	0	1	0	2265860796054783983004884412299461263360000
2	1	1	1	0	0	2	59370459809530532693751944335711272960000
2	1	1	1	0	0	1	-54998386470827641139399158304331729469440000
2	1	1	1	0	0	0	-78982173352393122741075674691845862850560000
2	1	1	0	5	0	1	-72293814272876469924145397760000000
2	1	1	0	5	0	0	-144587628545752939848290795520000000
2	1	1	0	4	1	1	58559674731525811884942950400000000
2	1	1	0	4	1	0	-485329102810918958931325747200000000
2	1	1	0	4	0	2	504489491348975030330802044928000000
2	1	1	0	4	0	1	58716463415754296616431527762329600000
2	1	1	0	4	0	0	129944819795471067689504477282304000000
2	1	1	0	3	2	1	4353357114334053161710387200000000
2	1	1	0	3	2	0	95071702142069483563804262400000000
2	1	1	0	3	1	2	-508710843441132502525673472000000000
2	1	1	0	3	1	1	-45428916805611213131127507124224000000
2	1	1	0	3	1	0	319338473469983212028511375065088000000
2	1	1	0	3	0	2	-303001262775595186003286516909998080000
2	1	1	0	3	0	1	-17406687298309046455082171738200473600000
2	1	1	0	3	0	0	-40928415368958983309636261129276620800000
2	1	1	0	2	3	1	-2223488848719005647110144000000000
2	1	1	0	2	3	0	22468939944949951802376192000000000
2	1	1	0	2	2	2	58868622655768873722225623040000000
2	1	1	0	2	2	1	-308410776147502877497397084160000000
2	1	1	0	2	2	0	-86202904002182241084941084393472000000
2	1	1	0	2	1	2	256887259789899368934972151824384000000
2	1	1	0	2	1	1	11474461952202588286246242369247641600000
2	1	1	0	2	1	0	-69114560316002696840383697735626260480000
2	1	1	0	2	0	2	64656775795708575533861562396117565440000
2	1	1	0	2	0	1	2456005606767027694408820000360811724800000
2	1	1	0	2	0	0	5971202346475923885447067599978249584640000
2	1	1	0	1	4	1	-195042881466579442728960000000000
2	1	1	0	1	4	0	-2535557459065532755476480000000000
2	1	1	0	1	3	2	12264296386618515358797004800000000
2	1	1	0	1	3	1	1517724231703373267800974950400000000
2	1	1	0	1	3	0	-5047654380176739469263749775360000000
2	1	1	0	1	2	2	-31970190295635779126142685937664000000
2	1	1	0	1	2	1	-272673017629392551314465650533990400000
2	1	1	0	1	2	0	17293759079364319554153563015966883840000
2	1	1	0	1	1	2	-39984450507983369105472918544963338240000
2	1	1	0	1	1	1	-1202116775897757400837869339614993448960000
2	1	1	0	1	1	0	6124190855760026582231500692687688826880000
2	1	1	0	1	0	2	-5894853825920206256916241747824035758080000
2	1	1	0	1	0	1	-168194177767765868496166847847507343441920000
2	1	1	0	1	0	0	-413505387220052212782637614072816343449600000
2	1	1	0	0	5	0	-325071469110965737881600000000000
2	1	1	0	0	4	1	73180089126260606911905792000000000
2	1	1	0	0	4	0	1392968953430905058848250265600000000
2	1	1	0	0	3	2	-2610642727057958910384962273280000000
2	1	1	0	0	3	1	-195751830392686474777567050596352000000
2	1	1	0	0	3	0	-136423393625046075318006586697318400000
2	1	1	0	0	2	2	3579863523514771687305801561161072640000
2	1	1	0	0	2	1	36687310083947138103532961313655357440000
2	1	1	0	0	2	0	-952325355656238428205802694662060769280000
2	1	1	0	0	1	2	1957474035344862772095623526302173102080000
2	1	1	0	0	1	1	45286593833829820890189717948397702348800000
2	1	1	0	0	1	0	-192100563120797231716182949771189711011840000
2	1	1	0	0	0	2	195431798811568298612016479403512341463040000
2	1	1	0	0	0	1	4516803501744865125571144507616922536509440000
2	1	1	0	0	0	0	11018123135388690807003205748399509906391040000
2	1	0	5	0	0	0	-1810241743611690452828160000000000
2	1	0	4	1	0	1	4344580184668057086787584000000000
2	1	0	4	1	0	0	147715726278713940950777856000000000
2	1	0	4	0	1	0	51015903683602185488793600000000000
2	1	0	4	0	0	2	-316719895462301361626814873600000000
2	1	0	4	0	0	1	8726357874953572138705500241920000000
2	1	0	4	0	0	0	-19817832134500965138134428876800000000
2	1	0	3	2	0	1	-338877254404108452769431552000000000
2	1	0	3	2	0	0	-340180628459508869895467827200000000
2	1	0	3	1	1	1	-65958626439960503044866048000000000
2	1	0	3	1	1	0	-2133583832506985852984229888000000000
2	1	0	3	1	0	2	-1995252399427154915340913213440000000
2	1	0	3	1	0	1	113559680356021666407801442664448000000
2	1	0	3	1	0	0	105631097202363271161127427112960000000
2	1	0	3	0	2	0	-378505091846080731045888000000000000
2	1	0	3	0	1	2	4798786294883353964042649600000000
2	1	0	3	0	1	1	8948223736129520719426596372480000000
2	1	0	3	0	1	0	293067388746124255620117400780800000000
2	1	0	3	0	0	2	252604366324464238741643007098880000000
2	1	0	3	0	0	1	-7910483927708752736903688746017751040000
2	1	0	3	0	0	0	-7948048440149563959577737415561052160000
2	1	0	2	3	0	1	-397268412086047140015856680960000000
2	1	0	2	3	0	0	-1005683421146961854449589944320000000
2	1	0	2	2	1	1	509026812909108361222894387200000000
2	1	0	2	2	1	0	-2547977789757324534389460172800000000
2	1	0	2	2	0	2	-1538142529801159896658387402752000000
2	1	0	2	2	0	1	145853676495962432834706969565593600000
2	1	0	2	2	0	0	339387634356264167745525294956544000000
2	1	0	2	1	2	1	90051298373119728707960832000000000
2	1	0	2	1	2	0	1519023217293940686889549824000000000
2	1	0	2	1	1	2	268447659992289549158889553920000000
2	1	0	2	1	1	1	-158753362895574762356610684420096000000
2	1	0	2	1	1	0	407757990181619795235598915338240000000
2	1	0	2	1	0	2	243001801764669927019586184381726720000
2	1	0	2	1	0	1	-15387494808320445335064778893211729920000
2	1	0	2	1	0	0	-36471550035064987212079180717511147520000
2	1	0	2	0	3	0	269890587229379303876198400000000000
2	1	0	2	0	2	2	62384221833483601532554444800000000
2	1	0	2	0	2	1	-16339073460789530902588454338560000000
2	1	0	2	0	2	0	-256892893525513378495543600742400000000
2	1	0	2	0	1	2	-41507305028480561104217525000601600000
2	1	0	2	0	1	1	12346692502520078628421639690416291840000
2	1	0	2	0	1	0	-8878498092702153342208427103446630400000
2	1	0	2	0	0	2	-4047098264966934344143036475511275520000
2	1	0	2	0	0	1	450231390497925716694339536268169052160000
2	1	0	2	0	0	0	1221019111675206027533730178925163970560000
2	1	0	1	4	0	1	487983246341916171987981434880000000
2	1	0	1	4	0	0	506751832739682178602903797760000000
2	1	0	1	3	1	1	216976233659022167381602467840000000
2	1	0	1	3	1	0	3381473649330842191788512378880000000
2	1	0	1	3	0	2	-619875221664399109381935857664000000
2	1	0	1	3	0	1	-253138212223113382827673907154124800000
2	1	0	1	3	0	0	-317026633882270305612196479762432000000
2	1	0	1	2	2	1	-244560368213314631648988364800000000
2	1	0	1	2	2	0	1598173569021893290543389081600000000
2	1	0	1	2	1	2	1567631960247346788870015418368000000
2	1	0	1	2	1	1	-81046504095382746199101197411942400000
2	1	0	1	2	1	0	-1446710067269471434292427992334336000000
2	1	0	1	2	0	2	160328773297393898442131275162583040000
2	1	0	1	2	0	1	50542098917555121395473902098055168000000
2	1	0	1	2	0	0	69967208558664434512629894645743616000000
2	1	0	1	1	3	1	-31596946797585869722091520000000000
2	1	0	1	1	3	0	-406020766348978425928876032000000000
2	1	0	1	1	2	2	389234888362760932639014912000000000
2	1	0	1	1	2	1	76142406124731442458850908438528000000
2	1	0	1	1	2	0	-286753714484359095019885080084480000000
2	1	0	1	1	1	2	-446609913402657382592322811322695680000
2	1	0	1	1	1	1	8802287054975670650672296318905876480000
2	1	0	1	1	1	0	194865493351120054897078787483212185600000
2	1	0	1	1	0	2	-12399778175654916811531657847215226880000
2	1	0	1	1	0	1	-4533389601987629745507544889181296394240000
2	1	0	1	1	0	0	-6556634054715732200581556476248116428800000
2	1	0	1	0	4	0	-65826972494970561921024000000000000
2	1	0	1	0	3	2	-9597572589766707928085299200000000
2	1	0	1	0	3	1	5783015389154755012950939402240000000
2	1	0	1	0	3	0	79700020113680106839992192204800000000
2	1	0	1	0	2	2	-53373024671455189229089651281100800000
2	1	0	1	0	2	1	-6226959485044668139024456718478213120000
2	1	0	1	0	2	0	7567543505307410560656041236082196480000
2	1	0	1	0	1	2	31848969933934792338275876199994490880000
2	1	0	1	0	1	1	-237084089339848733078819222546074828800000
2	1	0	1	0	1	0	-8291812403416288666704513727233540096000000
2	1	0	1	0	0	2	304370791347964177289415349339389296640000
2	1	0	1	0	0	1	152481296709433327761206296218449404231680000
2	1	0	1	0	0	0	221807774163632634692357124544258215444480000
2	1	0	0	5	0	1	563057591932980198447670886400000000
2	1	0	0	5	0	0	1126115183865960396895341772800000000
2	1	0	0	4	1	1	-534051594772796370042790871040000000
2	1	0	0	4	1	0	3624043409895908913645008977920000000
2	1	0	0	4	0	2	-2600302333654126734649243729920000000
2	1	0	0	4	0	1	-315024836175314030783942635290624000000
2	1	0	0	4	0	0	-676375491662183067840712141701120000000
2	1	0	0	3	2	1	6256195465922002204974120960000000
2	1	0	0	3	2	0	-1309819832547124643459581870080000000
2	1	0	0	3	1	2	2860332567019539408114168102912000000
2	1	0	0	3	1	1	254709731555725236606095831492198400000
2	1	0	0	3	1	0	-1654110155808197676603497197338624000000
2	1	0	0	3	0	2	1244075647001812124291910923924275200000
2	1	0	0	3	0	1	70972303541261016923085500580416716800000
2	1	0	0	3	0	0	161093429885073263559061349562974208000000
2	1	0	0	2	3	1	36020519349247891483184332800000000
2	1	0	0	2	3	0	-236029192577966446824023654400000000
2	1	0	0	2	2	2	-462275970427400308382087774208000000
2	1	0	0	2	2	1	-5131564706616592392238323046809600000
2	1	0	0	2	2	0	568603197342981932511290946748416000000
2	1	0	0	2	1	2	-1094456851025687326106928088948408320000
2	1	0	0	2	1	1	-46091182860414899929111441566833049600000
2	1	0	0	2	1	0	277881446028862179538036584918102835200000
2	1	0	0	2	0	2	-221322001511369493359535631041602519040000
2	1	0	0	2	0	1	-8057214142823460247027698900734823628800000
2	1	0	0	2	0	0	-19009533696059263680259176758323485081600000
2	1	0	0	1	4	1	3159694679758586972209152000000000
2	1	0	0	1	4	0	41076030836861630638718976000000000
2	1	0	0	1	3	2	-96307493839041730912934952960000000
2	1	0	0	1	3	1	-10974703398076729749813852635136000000
2	1	0	0	1	3	0	41090834006436299618683775877120000000
2	1	0	0	1	2	2	155810404755036791065375423101665280000
2	1	0	0	1	2	1	1192189928295478358071789764083712000000
2	1	0	0	1	2	0	-78303009091430916999539290820082401280000
2	1	0	0	1	1	2	138126804667755640614886675010939781120000
2	1	0	0	1	1	1	3752213183381311971212950071512924160000000
2	1	0	0	1	1	0	-20352467193933404452517203704437251768320000
2	1	0	0	1	0	2	17344192723929732094046392017076349829120000
2	1	0	0	1	0	1	461107840712558373792206332974503460864000000
2	1	0	0	1	0	0	1111016295479525305541744394351595646484480000
2	1	0	0	0	5	0	5266157799597644953681920000000000
2	1	0	0	0	4	1	-588335149371048894225344102400000000
2	1	0	0	0	4	0	-8476433925021367305671186841600000000
2	1	0	0	0	3	2	13820125365902488386006165749760000000
2	1	0	0	0	3	1	898356118636350904006095458638233600000
2	1	0	0	0	3	0	-757356338692386089696309100706529280000
2	1	0	0	0	2	2	-12839490730314145517600326246654279680000
2	1	0	0	0	2	1	-90755150051053210765739823439360819200000
2	1	0	0	0	2	0	3410787545545945896578825721205787197440000
2	1	0	0	0	1	2	-5736115433299588426272891284238709555200000
2	1	0	0	0	1	1	-115852542862147699293405069782790596198400000
2	1	0	0	0	1	0	548699308917210187472462448778003894763520000
2	1	0	0	0	0	2	-504967944779564662622982831334208089620480000
2	1	0	0	0	0	1	-10634962556832370193907755614822061880115200000
2	1	0	0	0	0	0	-25725544745281705893730543750995694337064960000
2	2	10	0	0	0	2	458964600245087292297216000000000
2	2	10	0	0	0	1	2576528057943331839148032000000000
2	2	9	0	1	0	1	1347419009893834252615680000000000
2	2	9	0	0	0	2	-15179178736895666706487296000000000
2	2	9	0	0	0	1	-276594735237555652958217830400000000
2	2	8	1	0	0	2	3105887116142402330314752000000000
2	2	8	1	0	0	1	66461427892104712918032384000000000
2	2	8	0	1	0	2	7608100919151647124607795200000000
2	2	8	0	1	0	1	-12359803186888919835711897600000000
2	2	8	0	0	1	2	-1451778545248271655174144000000000
2	2	8	0	0	1	1	768479654919692912689152000000000
2	2	8	0	0	0	2	-1000807137103166652158160814080000000
2	2	8	0	0	0	1	-1516347106088554863675213742080000000
2	2	7	1	1	0	1	14238707248587270940508160000000000
2	2	7	1	0	0	2	-295931248310812111151575449600000000
2	2	7	1	0	0	1	-4454931869209073508002699673600000000
2	2	7	0	2	0	2	605310164773710784413696000000000
2	2	7	0	2	0	1	24315064963539277099696128000000000
2	2	7	0	1	1	1	-3520403613631347472465920000000000
2	2	7	0	1	0	2	-574820381952856313356420546560000000
2	2	7	0	1	0	1	-10246326785750899632032506183680000000
2	2	7	0	0	1	2	81830363322757823523540172800000000
2	2	7	0	0	1	1	562516552611539139991044096000000000
2	2	7	0	0	0	2	65504206190991774816028989554688000000
2	2	7	0	0	0	1	916185780045830414723689631711232000000
2	2	6	2	0	0	2	6226433592716362891143168000000000
2	2	6	2	0	0	1	258884637984807821458661376000000000
2	2	6	1	1	0	2	1194341924243538416495001600000000
2	2	6	1	1	0	1	-256409087815963869892381900800000000
2	2	6	1	0	1	2	-8267831626316179136643072000000000
2	2	6	1	0	1	1	-74654830024460688142761984000000000
2	2	6	1	0	0	2	8924664263802291134172581806080000000
2	2	6	1	0	0	1	69174355310595187523798477045760000000
2	2	6	0	3	0	1	1777057364473279367086080000000000
2	2	6	0	2	0	2	-18145299780750459425203814400000000
2	2	6	0	2	0	1	-2377833396276778277947165900800000000
2	2	6	0	1	1	2	-7725747862284551188247347200000000
2	2	6	0	1	1	1	316590860148590369949194649600000000
2	2	6	0	1	0	2	11719060338543350620053277016064000000
2	2	6	0	1	0	1	532881821685896325637040625942528000000
2	2	6	0	0	2	2	1501604443216890205028352000000000
2	2	6	0	0	2	1	-15128103791381876628258816000000000
2	2	6	0	0	1	2	-767910834161101174932669726720000000
2	2	6	0	0	1	1	-45131081667698784483175767736320000000
2	2	6	0	0	0	2	-1125445645703182658753532013373030400000
2	2	6	0	0	0	1	-31100910765942582095917438569126297600000
2	2	5	2	1	0	1	40814754643563691926896640000000000
2	2	5	2	0	0	2	-797454390722550018803085312000000000
2	2	5	2	0	0	1	-16906753130166785734025055436800000000
2	2	5	1	2	0	2	1548965550313751741005824000000000
2	2	5	1	2	0	1	128164031876143980841107456000000000
2	2	5	1	1	1	1	-27473956997695120946626560000000000
2	2	5	1	1	0	2	-1199054776992585983580219310080000000
2	2	5	1	1	0	1	-39283700986298011153400125194240000000
2	2	5	1	0	1	2	597015756297354026112941260800000000
2	2	5	1	0	1	1	6108796467611358714973952409600000000
2	2	5	1	0	0	2	-4698424558306834189628813623296000000
2	2	5	1	0	0	1	2846279638775885591469628444114944000000
2	2	5	0	3	0	2	1607315879019170090955571200000000
2	2	5	0	3	0	1	-88938253662883782021454233600000000
2	2	5	0	2	1	2	-598944181836954372046848000000000
2	2	5	0	2	1	1	-82351438841444653596672000000000
2	2	5	0	2	0	2	-1289681541260686127159808491520000000
2	2	5	0	2	0	1	32766368631038299922454541762560000000
2	2	5	0	1	2	1	2470543165243339607900160000000000
2	2	5	0	1	1	2	596856293842646096499247349760000000
2	2	5	0	1	1	1	-9434329022922951568282453278720000000
2	2	5	0	1	0	2	213048483359371768300085933093683200000
2	2	5	0	1	0	1	-2676961905836534041821415511320166400000
2	2	5	0	0	2	2	-76338659600521851794271436800000000
2	2	5	0	0	2	1	981851716589204912080866508800000000
2	2	5	0	0	1	2	-44018398303837782115690944331776000000
2	2	5	0	0	1	1	1190693142108892588882635528339456000000
2	2	5	0	0	0	2	-10424907009819964503465748619927224320000
2	2	5	0	0	0	1	7937355286051239112660578025529671680000
2	2	4	3	0	0	2	2082285929323929904717824000000000
2	2	4	3	0	0	1	332123081954655362150596608000000000
2	2	4	2	1	0	2	-54116029016646187989535948800000000
2	2	4	2	1	0	1	-1770810899479999419788859801600000000
2	2	4	2	0	1	2	-14198817016264691900289024000000000
2	2	4	2	0	1	1	-227387086303784144941006848000000000
2	2	4	2	0	0	2	33599677305655884530693066342400000000
2	2	4	2	0	0	1	407098285225500031063785210839040000000
2	2	4	1	3	0	1	9288917229845845959966720000000000
2	2	4	1	2	0	2	-151985214954017364952114790400000000
2	2	4	1	2	0	1	-9785013024785189215102422220800000000
2	2	4	1	1	1	2	8768437173865550942901043200000000
2	2	4	1	1	1	1	1527947729406913140257351270400000000
2	2	4	1	1	0	2	76837328682611215837326787510272000000
2	2	4	1	1	0	1	2417999349958773586263841156890624000000
2	2	4	1	0	2	2	6024590170967166890876928000000000
2	2	4	1	0	2	1	-20155243763552653163003904000000000
2	2	4	1	0	1	2	-16223830143472045664849672110080000000
2	2	4	1	0	1	1	-189617927424578379811799574773760000000
2	2	4	1	0	0	2	-5827580994147352033118978586466713600000
2	2	4	1	0	0	1	-161504260918935847157299822429077504000000
2	2	4	0	4	0	1	2847626069412059863842816000000000
2	2	4	0	3	1	1	-780171525866317770915840000000000
2	2	4	0	3	0	2	-158537387992564901461430108160000000
2	2	4	0	3	0	1	-7973450125708737975322363822080000000
2	2	4	0	2	1	2	18048780643713595181531136000000000
2	2	4	0	2	1	1	508150420228385197593565593600000000
2	2	4	0	2	0	2	92174456958817300349822784110592000000
2	2	4	0	2	0	1	3374598322458788551421519113224192000000
2	2	4	0	1	2	2	2775460203269425470033100800000000
2	2	4	0	1	2	1	-95279747882300501636048486400000000
2	2	4	0	1	1	2	-15026531582157583801994059382784000000
2	2	4	0	1	1	1	-29162598285976351367801012748288000000
2	2	4	0	1	0	2	-15086701830523510335954832540587786240000
2	2	4	0	1	0	1	-478446100984320516123357303914669015040000
2	2	4	0	0	3	2	-640390794148602503626752000000000
2	2	4	0	0	3	1	13314927374785156623630336000000000
2	2	4	0	0	2	2	763585786256845171456649134080000000
2	2	4	0	0	2	1	-31204053782459762358714402078720000000
2	2	4	0	0	1	2	1313472510927032965549556547413606400000
2	2	4	0	0	1	1	-3757385823424217724333337717977907200000
2	2	4	0	0	0	2	750215140679565360324636293649672437760000
2	2	4	0	0	0	1	21717303862284350377717238396130227650560000
2	2	3	3	1	0	1	36310483099694872921374720000000000
2	2	3	3	0	0	2	-513280616886027181127378534400000000
2	2	3	3	0	0	1	-20540016883466131535407625011200000000
2	2	3	2	2	0	2	841122426324623846768640000000000
2	2	3	2	2	0	1	93128099828255019417010176000000000
2	2	3	2	1	1	1	-55063043474033708925419520000000000
2	2	3	2	1	0	2	1546163726814337416214448701440000000
2	2	3	2	1	0	1	4104312125147177468934731857920000000
2	2	3	2	0	1	2	866938789722743968256851968000000000
2	2	3	2	0	1	1	13076537838269975454583554048000000000
2	2	3	2	0	0	2	-611378568711715877814959408480256000000
2	2	3	2	0	0	1	-3670978923132202899140333500366848000000
2	2	3	1	3	0	2	-336448970529849538707456000000000
2	2	3	1	3	0	1	-425783486313579587963387904000000000
2	2	3	1	2	1	2	-658269724949705619210240000000000
2	2	3	1	2	1	1	7309231982960064616267776000000000
2	2	3	1	2	0	2	5850216243706776160466546196480000000
2	2	3	1	2	0	1	341837037151907528609703458242560000000
2	2	3	1	1	2	1	13092253418444145093181440000000000
2	2	3	1	1	1	2	338377261977468876367995863040000000
2	2	3	1	1	1	1	-24681195884039534206220689735680000000
2	2	3	1	1	0	2	-2088888687050405409519691702232678400000
2	2	3	1	1	0	1	-66906220453617950361841349245088563200000
2	2	3	1	0	2	2	-293023891989324791905370112000000000
2	2	3	1	0	2	1	1309305309425815806889662873600000000
2	2	3	1	0	1	2	157936195397024334000438197944320000000
2	2	3	1	0	1	1	2553025586206736134115190006349824000000
2	2	3	1	0	0	2	152635989148821026809855728145372938240000
2	2	3	1	0	0	1	3708222682873480271474132273023407882240000
2	2	3	0	4	0	2	-2913940649110696874370662400000000
2	2	3	0	4	0	1	-846493907280213444621395558400000000
2	2	3	0	3	1	2	-1550590907659306569695232000000000
2	2	3	0	3	1	1	15096319025513248867221504000000000
2	2	3	0	3	0	2	6456754043050727634395790311424000000
2	2	3	0	3	0	1	645426582796019472153528854642688000000
2	2	3	0	2	2	2	146282161099934582046720000000000
2	2	3	0	2	2	1	-117025728879947665637376000000000
2	2	3	0	2	1	2	397202877677874369323099750400000000
2	2	3	0	2	1	1	-38949553586783761074310018498560000000
2	2	3	0	2	0	2	-2503797914670340402254001966704230400000
2	2	3	0	2	0	1	-160308604673875918347826416316946841600000
2	2	3	0	1	3	1	-520114350577545180610560000000000
2	2	3	0	1	2	2	-290688302244482869723551498240000000
2	2	3	0	1	2	1	-1072051637638002174324186808320000000
2	2	3	0	1	1	2	103463075453802831832913643228364800000
2	2	3	0	1	1	1	8483389220769906976547786480576102400000
2	2	3	0	1	0	2	328867576280521514553543334467989667840000
2	2	3	0	1	0	1	16122899521464918406616369933745955799040000
2	2	3	0	0	3	2	25363538841648546215342899200000000
2	2	3	0	0	3	1	-778746412545735297120967065600000000
2	2	3	0	0	2	2	31008690299256772226026456350720000000
2	2	3	0	0	2	1	696411419893427355695421031710720000000
2	2	3	0	0	1	2	-12110879103696900408711006803884769280000
2	2	3	0	0	1	1	-443080094272219225178514737927269908480000
2	2	3	0	0	0	2	-13941508701992376271305674596756570767360000
2	2	3	0	0	0	1	-568193411266688545016546408005379146383360000
2	2	2	4	0	0	2	-3151161553694424121589760000000000
2	2	2	4	0	0	1	120073273902862969430016000000000000
2	2	2	3	1	0	2	-59263779533620163673194496000000000
2	2	2	3	1	0	1	-2786250950686563977702080512000000000
2	2	2	3	0	1	2	-6735074500642821381734400000000000
2	2	2	3	0	1	1	-155229753287213913981911040000000000
2	2	2	3	0	0	2	22558086000549464769245587046400000000
2	2	2	3	0	0	1	505030860757617571294956583649280000000
2	2	2	2	3	0	1	12068278290744603018854400000000000
2	2	2	2	2	0	2	-96322414619473924240303718400000000
2	2	2	2	2	0	1	-7688227607653033794612127334400000000
2	2	2	2	1	1	2	29344201516646877158572032000000000
2	2	2	2	1	1	1	2362786036626418352864133120000000000
2	2	2	2	1	0	2	3865567428547704423161369985024000000
2	2	2	2	1	0	1	920049287055103546008525455228928000000
2	2	2	2	0	2	2	5686719012759956877066240000000000
2	2	2	2	0	2	1	-219423241649901873070080000000000
2	2	2	2	0	1	2	-21694896008149589007845276712960000000
2	2	2	2	0	1	1	-278219000283533902777380659527680000000
2	2	2	2	0	0	2	4438333645919497919526358716039168000000
2	2	2	2	0	0	1	-11161114782116627130213477827778969600000
2	2	2	1	4	0	1	4827311316297841207541760000000000
2	2	2	1	3	1	1	-2194232416499018730700800000000000
2	2	2	1	3	0	2	56479542400684742128238592000000000
2	2	2	1	3	0	1	13193349019980309882833928192000000000
2	2	2	1	2	1	2	71163345731896175474088345600000000
2	2	2	1	2	1	1	2296802542219070860940319129600000000
2	2	2	1	2	0	2	-116654340707803418923615849021440000000
2	2	2	1	2	0	1	-7117697983901473684166243787472896000000
2	2	2	1	1	2	2	-2347828685653950041849856000000000
2	2	2	1	1	2	1	-300507443547595611898576896000000000
2	2	2	1	1	1	2	-28543172953473057761671332888576000000
2	2	2	1	1	1	1	-163143943378212355951885509722112000000
2	2	2	1	1	0	2	30058327542380426391817993715841761280000
2	2	2	1	1	0	1	1056992112784464926611118414948157358080000
2	2	2	1	0	3	2	-1328729629991072453591040000000000
2	2	2	1	0	3	1	20723306155824065789952000000000000
2	2	2	1	0	2	2	5497328376476838173297843896320000000
2	2	2	1	0	2	1	-42871279829217866596364003573760000000
2	2	2	1	0	1	2	894541889912331700994065084750233600000
2	2	2	1	0	1	1	-6161563521097885543565128046424883200000
2	2	2	1	0	0	2	-1892025985025608132555856980124791603200000
2	2	2	1	0	0	1	-47749042546148557434300148327593856204800000
2	2	2	0	5	0	1	-23171094318229637796200448000000000
2	2	2	0	4	1	1	-3510771866398429969121280000000000
2	2	2	0	4	0	2	134118506840152821680371138560000000
2	2	2	0	4	0	1	38578987325342014526321527357440000000
2	2	2	0	3	1	2	60402829961384987618731622400000000
2	2	2	0	3	1	1	-1065413938295931542729234841600000000
2	2	2	0	3	0	2	-129836351900687507060770298186956800000
2	2	2	0	3	0	1	-16626899660538663791540743858185830400000
2	2	2	0	2	2	2	-14903226572861335218919833600000000
2	2	2	0	2	2	1	-488477094917789551136971161600000000
2	2	2	0	2	1	2	-19804650985413220562795737645056000000
2	2	2	0	2	1	1	1262801269135200645544619975639040000000
2	2	2	0	2	0	2	35743763010756829766749290809477038080000
2	2	2	0	2	0	1	2957033513983703490977160531091736494080000
2	2	2	0	1	3	2	-448598627373132718276608000000000
2	2	2	0	1	3	1	-24809454522548905115123712000000000
2	2	2	0	1	2	2	9830734476448522337179708686336000000
2	2	2	0	1	2	1	124582217347880133706245495324672000000
2	2	2	0	1	1	2	1250444599711239353002605737347645440000
2	2	2	0	1	1	1	-214813863192042854450446307909236162560000
2	2	2	0	1	0	2	-3775552032855334109845833219042843033600000
2	2	2	0	1	0	1	-234482818258765682792189305368773079859200000
2	2	2	0	0	4	2	97521440733289721364480000000000
2	2	2	0	0	4	1	-3120686103465271083663360000000000
2	2	2	0	0	3	2	-304213745902664287759033958400000000
2	2	2	0	0	3	1	19128912517844994809008698163200000000
2	2	2	0	0	2	2	-991735045248532148905722396121497600000
2	2	2	0	0	2	1	-11425851623609068725414881221253529600000
2	2	2	0	0	1	2	-435956519245975989760162363327119360000
2	2	2	0	0	1	1	9954840974509862452853974719230996643840000
2	2	2	0	0	0	2	136034954081148575590998266451976142192640000
2	2	2	0	0	0	1	6873589052328277750890811965960364637552640000
2	2	1	4	1	0	1	2011379715124100503142400000000000
2	2	1	4	0	0	2	102660820659934089680388096000000000
2	2	1	4	0	0	1	-3903919802570614151830044672000000000
2	2	1	3	2	0	1	-156083065893630199043850240000000000
2	2	1	3	1	1	1	-28525021414487243499110400000000000
2	2	1	3	1	0	2	1876659696037504750460652748800000000
2	2	1	3	1	0	1	67358649119199646949260591104000000000
2	2	1	3	0	1	2	210068497447561056548192256000000000
2	2	1	3	0	1	1	5226573846804002655780077568000000000
2	2	1	3	0	0	2	-360859962363492744596649109487616000000
2	2	1	3	0	0	1	-5871407949984462795692802530869248000000
2	2	1	2	3	0	1	-443147178836141822852333568000000000
2	2	1	2	2	1	1	64949279528370954428743680000000000
2	2	1	2	2	0	2	2427543393959426193121231503360000000
2	2	1	2	2	0	1	164717957336584170686701059440640000000
2	2	1	2	1	2	1	13165394498994112384204800000000000
2	2	1	2	1	1	2	-923122354550803176080749363200000000
2	2	1	2	1	1	1	-38452602171230570846255638118400000000
2	2	1	2	1	0	2	-426803343926116207743083792616652800000
2	2	1	2	1	0	1	-16477418559390867062132496469091942400000
2	2	1	2	0	2	2	-178281383840545271869440000000000000
2	2	1	2	0	2	1	-152981884078311585904459776000000000
2	2	1	2	0	1	2	259881121580701286188296374059008000000
2	2	1	2	0	1	1	2637555863817951499285180212314112000000
2	2	1	2	0	0	2	-754627690769423384166508238092369920000
2	2	1	2	0	0	1	413627079660312431144763526932442644480000
2	2	1	1	4	0	1	150612113068492645675302912000000000
2	2	1	1	3	1	1	187475217665676160351076352000000000
2	2	1	1	3	0	2	-1509833771933642796445374873600000000
2	2	1	1	3	0	1	-270510545656336936628370604032000000000
2	2	1	1	2	2	1	2633078899798822476840960000000000
2	2	1	1	2	1	2	-1750665700424842295467156439040000000
2	2	1	1	2	1	1	-81153210214628310767708272066560000000
2	2	1	1	2	0	2	1218974698802051726877897155149824000000
2	2	1	1	2	0	1	83838174523781804003071696497278976000000
2	2	1	1	1	3	1	-1462821610999345820467200000000000
2	2	1	1	1	2	2	72593985267453535686505267200000000
2	2	1	1	1	2	1	414297411024012724581079449600000000
2	2	1	1	1	1	2	510448114458547756227295140328243200000
2	2	1	1	1	1	1	7991136996749433392479281705752985600000
2	2	1	1	1	0	2	-231142204613306379726616317859009658880000
2	2	1	1	1	0	1	-9234137364088538528324916250424880660480000
2	2	1	1	0	3	2	41588018400711401675882496000000000
2	2	1	1	0	3	1	-626731291016559723320967168000000000
2	2	1	1	0	2	2	-49147587015084422187298483470336000000
2	2	1	1	0	2	1	679303915649551404798077417029632000000
2	2	1	1	0	1	2	-27788880467379377794379185590581329920000
2	2	1	1	0	1	1	-186179463598931051576913014704381624320000
2	2	1	1	0	0	2	12277787505252440622374629287207549665280000
2	2	1	1	0	0	1	338586342459365976864637071389857708769280000
2	2	1	0	5	0	1	722938142728764699241453977600000000
2	2	1	0	4	1	1	16851704958712463851782144000000000
2	2	1	0	4	0	2	-2056038605676350611512272879616000000
2	2	1	0	4	0	1	-616331434499369068577384961146880000000
2	2	1	0	3	2	1	-29490483677746811740618752000000000
2	2	1	0	3	1	2	-753976876799593218598455214080000000
2	2	1	0	3	1	1	45861830786611176810305845985280000000
2	2	1	0	3	0	2	1268581129190054300037448727537909760000
2	2	1	0	3	0	1	184044529339838535575400023628038799360000
2	2	1	0	2	3	1	-2340514577598953312747520000000000
2	2	1	0	2	2	2	359478463716134439828235223040000000
2	2	1	0	2	2	1	17143632660947226100574516674560000000
2	2	1	0	2	1	2	230893285502951462205709424315596800000
2	2	1	0	2	1	1	-19074824818801680498177443144033894400000
2	2	1	0	2	0	2	-265527397418202973094838810747815854080000
2	2	1	0	2	0	1	-25411997445128425511714960755145865953280000
2	2	1	0	1	3	2	14277138923353615207759872000000000
2	2	1	0	1	3	1	1191602781747179110586017382400000000
2	2	1	0	1	2	2	-136736800791282961785098838422323200000
2	2	1	0	1	2	1	-2412405151824040158010188330801561600000
2	2	1	0	1	1	2	-20267481851665600443433847121334763520000
2	2	1	0	1	1	1	2349998910695864047097042798269830266880000
2	2	1	0	1	0	2	23056295167031540522545153714106719272960000
2	2	1	0	1	0	1	1662270242671161923949394052403661488783360000
2	2	1	0	0	4	2	-3042668950878639306571776000000000
2	2	1	0	0	4	1	96897303512596667147747328000000000
2	2	1	0	0	3	2	700981248860528958450074124288000000
2	2	1	0	0	3	1	-230371476987800638416513650393088000000
2	2	1	0	0	2	2	10988106203402728288882609151732613120000
2	2	1	0	0	2	1	115054188329377039591981347523547627520000
2	2	1	0	0	1	2	556834764242605391580778529838913290240000
2	2	1	0	0	1	1	-90604166322619170221977846953070779432960000
2	2	1	0	0	0	2	-713083368276278233613930080054182486343680000
2	2	1	0	0	0	1	-41751030525491681214645211282700602945044480000
2	2	0	4	1	0	1	-32584351385010428150906880000000000
2	2	0	4	0	0	2	-836114456539367586352270540800000000
2	2	0	4	0	0	1	31731470798576591562433324646400000000
2	2	0	3	2	0	1	2528545667476809224510373888000000000
2	2	0	3	1	1	1	462105346914693344685588480000000000
2	2	0	3	1	0	2	-14848700775004301203069411000320000000
2	2	0	3	1	0	1	-514361451824731973951553986887680000000
2	2	0	3	0	1	2	-1635556706701787072658338611200000000
2	2	0	3	0	1	1	-43931999865528423438224523264000000000
2	2	0	3	0	0	2	1964597284545665610977913509314560000000
2	2	0	3	0	0	1	27028071158548642713002396866786099200000
2	2	0	2	3	0	1	4011785342522483913939655065600000000
2	2	0	2	2	1	1	-1052178328359609461745647616000000000
2	2	0	2	2	0	2	-17623404036355043024943224979456000000
2	2	0	2	2	0	1	-1046669179506822782258512904847360000000
2	2	0	2	1	2	1	-213279390883704620624117760000000000
2	2	0	2	1	1	2	7253489897694205011012495605760000000
2	2	0	2	1	1	1	236944658816769601623949242531840000000
2	2	0	2	1	0	2	3053404442851473186298672694726492160000
2	2	0	2	1	0	1	84451092277484808088609254781495541760000
2	2	0	2	0	2	2	1395735880508110321467663974400000000
2	2	0	2	0	2	1	2535891957607247939220760166400000000
2	2	0	2	0	1	2	-1224340176614223067894281876229324800000
2	2	0	2	0	1	1	-9646647780909381317600314335716966400000
2	2	0	2	0	0	2	-90217056033033472381288783327802818560000
2	2	0	2	0	0	1	-2018561918115738353003385866527018844160000
2	2	0	1	4	0	1	-3706795813558786306447166668800000000
2	2	0	1	3	1	1	-2461244170797951322002318950400000000
2	2	0	1	3	0	2	11067238216468139727881969860608000000
2	2	0	1	3	0	1	2090266851412399039707211015127040000000
2	2	0	1	2	2	1	-42655878176740924124823552000000000
2	2	0	1	2	1	2	12483328060179584926977862139904000000
2	2	0	1	2	1	1	680833741862955440093824949944320000000
2	2	0	1	2	0	2	-5265329734537028480290246461625466880000
2	2	0	1	2	0	1	-412600853300468773209152286752432455680000
2	2	0	1	1	3	1	23697710098189402291568640000000000
2	2	0	1	1	2	2	-559858401069724629138309120000000000
2	2	0	1	1	2	1	16491473434430986948725532262400000000
2	2	0	1	1	1	2	-2820933497986618849636786405221335040000
2	2	0	1	1	1	1	-56290506147405949134711933454925168640000
2	2	0	1	1	0	2	761095137742059160920285991006847631360000
2	2	0	1	1	0	1	34407489899952551227650026827478005186560000
2	2	0	1	0	3	2	-325014093996667652428863897600000000
2	2	0	1	0	3	1	4714422446933799691884665241600000000
2	2	0	1	0	2	2	184329168417030789814577157675417600000
2	2	0	1	0	2	1	-3931945490752690026784925151815270400000
2	2	0	1	0	1	2	144670674883196794173502819341745520640000
2	2	0	1	0	1	1	1372180970079479751756601061289272279040000
2	2	0	1	0	0	2	-34073187364283033730411637865502721966080000
2	2	0	1	0	0	1	-1032812024236497483855514022979855651962880000
2	2	0	0	5	0	1	-5630575919329801984476708864000000000
2	2	0	0	4	1	1	648369348286462046697317990400000000
2	2	0	0	4	0	2	10498464736859476245601572618240000000
2	2	0	0	4	0	1	3262662809982559804459503845376000000000
2	2	0	0	3	2	1	477745835579498350198023782400000000
2	2	0	0	3	1	2	2954687369546490332278277799936000000
2	2	0	0	3	1	1	-473802726200840419171925093253120000000
2	2	0	0	3	0	2	-4802005627852284590416383108081254400000
2	2	0	0	3	0	1	-745724062593371790207925149851084390400000
2	2	0	0	2	3	1	37916336157103043666509824000000000
2	2	0	0	2	2	2	-2534271034236531784104016871424000000
2	2	0	0	2	2	1	-149033382154066866889928516567040000000
2	2	0	0	2	1	2	-806478542584633192453439169453096960000
2	2	0	0	2	1	1	108290865017442992110088525481183805440000
2	2	0	0	2	0	2	807150363321720188611538301613249658880000
2	2	0	0	2	0	1	84063108168321165366400139514729914695680000
2	2	0	0	1	3	2	-113559426790523615781196922880000000
2	2	0	0	1	3	1	-10581691094724317426449561681920000000
2	2	0	0	1	2	2	679868535457727951237095887564963840000
2	2	0	0	1	2	1	14749272613517531816966425876145111040000
2	2	0	0	1	1	2	68930755185286478075239815825244815360000
2	2	0	0	1	1	1	-9918161410657464747747663980932198563840000
2	2	0	0	1	0	2	-59064220017068113018819329664106806640640000
2	2	0	0	1	0	1	-4674988188675413782407522909944086360227840000
2	2	0	0	0	4	2	23697710098189402291568640000000000
2	2	0	0	0	4	1	-750743455910640264596894515200000000
2	2	0	0	0	3	2	4754921833491605380400956047360000000
2	2	0	0	0	3	1	1105625961716652285579441927408844800000
2	2	0	0	0	2	2	-44128246555384538602404207181800407040000
2	2	0	0	0	2	1	-498992272419271068536498377107796131840000
2	2	0	0	0	1	2	-1961807134472058177531892414542289305600000
2	2	0	0	0	1	1	316657807650517689927363564199936209715200000
2	2	0	0	0	0	2	1589096573330457451013401814638410020290560000
2	2	0	0	0	0	1	102647338690923067430690072194839225968885760000
